Geo Point;Geo Shape;BikeRace;City;BikePos;NumUnits;CrashHour;Locality;BikeSex;DrvrVehTyp;NumBikesNo;BikeAlcDrg;NumBikesBI;RteInvdCd;DrvrRace;Workzone;NumBikesCi;BikeAgeGrp;CrashType;RdDefects;CrashAlcoh;BikeAlcoho;RdConditio;DstncMiFrm;RuralUrban;HitRun;CrashDate;NumBikesUI;CrashTime;DrvrSex;DrvrAlcoho;Developmen;CrashSevr;AmbulanceR;DrvrInjury;OBJECTID;CrashMonth;NumBikesKi;RdCharacte;Region;BikeDir;TraffCntrl;CrashDay;CrashLoc;BikeAge;NumBikesTo;RdConfig;NumLanes;NumBikesAI;DrvrAlcDrg;OnRoad;RdSurface;Towrd_Rd;RdFeature;CrashGrp;RdClass;BikeInjury;County;DrvrAge;Weather;FrmRd;DrvrEstSpd;SpeedLimit;CrashYear;LightCond;DrvrAgeGrp
34.7247569029, -77.0742620803;"{""type"": ""Point"", ""coordinates"": [-77.07426208032793, 34.72475690292072]}";White;None - Rural Crash;Travel Lane;2;12;Rural (<30% Developed);Male;Unknown;0;No;1;30000058;Unknown/Missing;No;0;30-39;Motorist Overtaking - Misjudged Space;None;No;#NULL!;Dry;0.009;Rural;Yes;15SEP2014;0;12:46;Unknown;#NULL!;Farms, Woods, Pastures;B: Evident Injury;Yes;Unknown Injury;715;September;0;Straight - Level;Coastal;With Traffic;No Control Present;Monday;Non-Intersection;39;1;Two-Way, Not Divided;2 lanes;0;Unknown;NC 58;Smooth Asphalt;1106;No Special Feature;Motorist Overtaking Bicyclist;NC Route;B: Evident Injury;Carteret;Unknown;Cloudy;1109;51-55 mph;50 - 55  MPH;2014;Daylight;Unknown
35.9102770922, -79.0727627469;"{""type"": ""Point"", ""coordinates"": [-79.07276274687801, 35.9102770922491]}";Black;Carrboro;Travel Lane;2;8;Urban (>70% Developed);Male;Unknown;0;No;1;40001010;Unknown/Missing;No;0;16-19;Bicyclist Left Turn - Same Direction;None;No;#NULL!;Dry;0.023;Urban;Yes;27OCT2014;0;8:31;Unknown;#NULL!;Commercial;B: Evident Injury;No;Unknown Injury;702;October;0;Straight - Level;Piedmont;With Traffic;No Control Present;Monday;Non-Intersection;18;1;Two-Way, Not Divided;2 lanes;0;Missing;W MAIN ST;Smooth Asphalt;JONES FERRY RD;No Special Feature;Bicyclist Left Turn / Merge;Local Street;B: Evident Injury;Orange;Unknown;Clear;S GREENSBORO ST;11-15 mph;20 - 25  MPH;2014;Daylight;Unknown
35.7719720785, -78.6341276074;"{""type"": ""Point"", ""coordinates"": [-78.63412760736935, 35.771972078531014]}";White;Raleigh;Travel Lane;2;17;Urban (>70% Developed);Male;Passenger Car;0;No;0;50028612;White;No;1;30-39;Bicyclist Lost Control - Other / Unknown;None;No;#NULL!;Dry;0.025;Urban;No;29OCT2014;0;17:43;Male;#NULL!;Residential;C: Possible Injury;No;O: No Injury;697;October;0;Straight - Grade;Piedmont;With Traffic;No Control Present;Wednesday;Non-Intersection;34;1;One-Way, Not Divided;2 lanes;0;No;E SOUTH ST;Smooth Asphalt;S BLOODWORTH ST;No Special Feature;Loss of Control / Turning Error;Local Street;C: Possible Injury;Wake;23;Clear;ELLINGTON ST;0-5 mph;30 - 35  MPH;2014;Daylight;20-24
36.0852201034, -79.7733129679;"{""type"": ""Point"", ""coordinates"": [-79.77331296791982, 36.08522010344956]}";Black;Greensboro;Travel Lane;2;13;Urban (>70% Developed);Male;Passenger Car;0;No;1;50002479;Black;No;0;40-49;Motorist Left Turn - Opposite Direction;None;No;#NULL!;Dry;0.023;Urban;No;26OCT2014;0;13:15;Female;#NULL!;Commercial;B: Evident Injury;Yes;O: No Injury;724;October;0;Straight - Level;Piedmont;With Traffic;No Control Present;Sunday;Non-Intersection;49;1;Two-Way, Not Divided;5 lanes;0;No;E BESSEMER AV;Smooth Asphalt;CIRCLE DR;No Special Feature;Motorist Left Turn / Merge;Local Street;B: Evident Injury;Guilford;70+;Clear;HOMELAND AV;0-5 mph;30 - 35  MPH;2014;Daylight;70+
35.7473630745, -78.5979485949;"{""type"": ""Point"", ""coordinates"": [-78.59794859486946, 35.74736307446444]}";White;Raleigh;Travel Lane;2;8;Urban (>70% Developed);Male;Passenger Car;0;No;0;40002542;Black;No;0;40-49;Motorist Drive Out - Commercial Driveway / Alley;None;No;#NULL!;Dry;0.17;Urban;No;13NOV2014;0;8:09;Female;#NULL!;Commercial;A: Disabling Injury;Yes;O: No Injury;725;November;0;Unknown;Piedmont;With Traffic;No Control Present;Thursday;Non-Intersection;45;1;Unknown;Unknown;1;No;ROCK QUARRY RD;Unknown;OLDE BIRCH RD;No Special Feature;Motorist Failed to Yield - Midblock;Unknown;A: Disabling Injury;Wake;43;Clear;SHEPHERD VALLEY ST;6-10 mph;30 - 35  MPH;2014;Daylight;40-49
35.2370598714, -81.1991233483;"{""type"": ""Point"", ""coordinates"": [-81.19912334828291, 35.23705987139347]}";Black;Gastonia;Sidewalk / Crosswalk / Driveway Crossing;2;23;Urban (>70% Developed);Male;Unknown;0;No;0;0;Unknown/Missing;No;1;30-39;Motorist Overtaking - Other / Unknown;None;No;#NULL!;Dry;0.095;Urban;Yes;03OCT2014;0;23:46;Unknown;#NULL!;Residential;C: Possible Injury;Yes;Unknown Injury;673;October;0;Straight - Grade;Piedmont;With Traffic;No Control Present;Friday;Non-Intersection;36;1;Two-Way, Divided, Unprotected Median;2 lanes;0;Unknown;CLYDE ST;Smooth Asphalt;W HUDSON BVD;No Special Feature;Motorist Overtaking Bicyclist;Local Street;C: Possible Injury;Gaston;Unknown;Clear;GLIMER ST;31-35 mph;30 - 35  MPH;2014;Dark - Lighted Roadway;Unknown
36.5311473253, -76.1840718978;"{""type"": ""Point"", ""coordinates"": [-76.18407189778922, 36.531147325302115]}";Black;None - Rural Crash;Travel Lane;2;20;Mixed (30% To 70% Developed);Male;Passenger Car;0;No;0;30000168;White;No;0;30-39;Bicyclist Ride Through - Sign-Controlled Intersection;None;Yes;#NULL!;Dry;0;Rural;No;09OCT2014;0;20:16;Male;#NULL!;Commercial;K: Killed;Yes;O: No Injury;642;October;1;Straight - Level;Coastal;With Traffic;Stop Sign;Thursday;Intersection;36;1;Two-Way, Not Divided;5 lanes;0;Yes-Alcohol,  impairment suspected;NC 168;Coarse Asphalt;1229;Four-Way Intersection;Bicyclist Failed to Yield - Sign-Controlled Intersection;NC Route;B: Evident Injury;Currituck;70+;Clear;1516;46-50 mph;30 - 35  MPH;2014;Dark - Lighted Roadway;70+
36.0995070893, -80.2482031116;"{""type"": ""Point"", ""coordinates"": [-80.24820311160366, 36.099507089281474]}";Black;Winston-Salem;Sidewalk / Crosswalk / Driveway Crossing;2;12;Urban (>70% Developed);Male;Passenger Car;0;No;1;40001770;White;No;0;30-39;Bicyclist Ride Through - Signalized Intersection;None;No;#NULL!;Dry;0.001;Urban;No;06OCT2014;0;12:57;Male;#NULL!;Commercial;B: Evident Injury;Yes;O: No Injury;678;October;0;Straight - Level;Piedmont;With Traffic;Stop And Go Signal;Monday;Intersection;36;1;One-Way, Not Divided;2 lanes;0;No;MARSHAL ST;Smooth Asphalt;W FOURTH ST;Four-Way Intersection;Bicyclist Failed to Yield - Signalized Intersection;Local Street;B: Evident Injury;Forsyth;70+;Clear;W FIFTH ST;31-35 mph;30 - 35  MPH;2014;Daylight;70+
35.5843229595, -80.8104582514;"{""type"": ""Point"", ""coordinates"": [-80.81045825138258, 35.58432295945161]}";Black;Mooresville;Sidewalk / Crosswalk / Driveway Crossing;2;4;Urban (>70% Developed);Male;Pickup;0;No;1;40001171;White;No;0;16-19;Motorist Drive Out - Commercial Driveway / Alley;None;No;#NULL!;Dry;0.064;Urban;No;08OCT2014;0;4:20;Male;#NULL!;Commercial;B: Evident Injury;Yes;O: No Injury;683;October;0;Straight - Level;Piedmont;Facing Traffic;No Control Present;Wednesday;Non-Intersection;16;1;Two-Way, Not Divided;Unknown;0;No;N MAIN ST;Smooth Asphalt;E IREDELL AVE;Driveway, Public;Motorist Failed to Yield - Midblock;Public Vehicular Area;B: Evident Injury;Iredell;42;Clear;E MOORE AVE;0-5 mph;5 - 15 MPH;2014;Daylight;40-49
34.9782248959, -78.9369826571;"{""type"": ""Point"", ""coordinates"": [-78.93698265712075, 34.9782248959471]}";White;Hope Mills;Bike Lane / Paved Shoulder;2;13;Urban (>70% Developed);Male;Passenger Car;0;No;0;40001132;White;No;1;20-24;Motorist Overtaking - Other / Unknown;None;No;#NULL!;Dry;0.027;Urban;No;13OCT2014;0;13:00;Female;#NULL!;Residential;C: Possible Injury;Yes;O: No Injury;682;October;0;Straight - Level;Coastal;With Traffic;No Control Present;Monday;Non-Intersection;24;1;Two-Way, Divided, Unprotected Median;3 lanes;0;No;LEGION RD;Coarse Asphalt;SPRUCE ST;No Special Feature;Motorist Overtaking Bicyclist;State Secondary Route;C: Possible Injury;Cumberland;70+;Clear;OAK ST;21-25 mph;30 - 35  MPH;2014;Daylight;70+
35.5897128948, -82.5498697684;"{""type"": ""Point"", ""coordinates"": [-82.549869768427, 35.589712894762606]}";Black;Asheville;Travel Lane;2;16;Urban (>70% Developed);Male;Passenger Car;0;No;0;40003284;White;No;1;16-19;Motorist Turning Error - Other;None;No;#NULL!;Dry;0.009;Urban;No;26SEP2014;0;16:17;Female;#NULL!;Commercial;C: Possible Injury;No;O: No Injury;645;September;0;Straight - Level;Mountains;Facing Traffic;Stop Sign;Friday;Intersection-Related;19;1;Two-Way, Divided, Unprotected Median;5 lanes;0;No;S CHARLOTTE ST;Coarse Asphalt;EDGEHILL AVE;No Special Feature;Loss of Control / Turning Error;Local Street;C: Possible Injury;Buncombe;45;Clear;MARTIN LUTHER KING JR;0-5 mph;40 - 45  MPH;2014;Daylight;40-49
36.1065671169, -79.5437828998;"{""type"": ""Point"", ""coordinates"": [-79.54378289980603, 36.106567116877066]}";White;Gibsonville;Bike Lane / Paved Shoulder;2;18;Mixed (30% To 70% Developed);Male;Sport Utility;0;No;1;30000100;White;No;0;30-39;Motorist Right Turn - Opposite Direction;None;No;#NULL!;Dry;0.011;Urban;No;09SEP2014;0;18:40;Female;#NULL!;Commercial;B: Evident Injury;Yes;O: No Injury;665;September;0;Straight - Level;Piedmont;Facing Traffic;No Control Present;Tuesday;Non-Intersection;39;1;Two-Way, Not Divided;2 lanes;0;No;MAIN ST;Smooth Asphalt;LEWIS ST;No Special Feature;Motorist Right Turn / Merge;Local Street;B: Evident Injury;Guilford;29;Clear;WHARTON AVE;0-5 mph;20 - 25  MPH;2014;Daylight;25-29
36.0740731019, -79.7642329655;"{""type"": ""Point"", ""coordinates"": [-79.76423296554748, 36.074073101870205]}";Black;Greensboro;Sidewalk / Crosswalk / Driveway Crossing;2;16;Urban (>70% Developed);Male;Passenger Car;0;No;1;20000029;Black;No;0;16-19;Motorist Right Turn - Same Direction;None;No;#NULL!;Dry;0;Urban;No;30OCT2014;0;16:44;Male;#NULL!;Residential;B: Evident Injury;Yes;O: No Injury;694;October;0;Straight - Level;Piedmont;With Traffic;Stop And Go Signal;Thursday;Intersection;18;1;Two-Way, Not Divided;8 lanes;0;No;N OHENRY BLVD;Smooth Asphalt;HUFFMAN ST;Four-Way Intersection;Motorist Right Turn / Merge;Local Street;B: Evident Injury;Guilford;70+;Clear;E MARKET ST;11-15 mph;30 - 35  MPH;2014;Daylight;70+
35.599852963, -80.8120382526;"{""type"": ""Point"", ""coordinates"": [-80.81203825262459, 35.5998529630229]}";White;Mooresville;Travel Lane;2;11;Urban (>70% Developed);Male;Passenger Car;0;No;1;30000150;Black;No;0;40-49;Motorist Left Turn - Opposite Direction;None;No;#NULL!;Dry;0.1;Urban;No;03OCT2014;0;11:46;Female;#NULL!;Commercial;B: Evident Injury;Yes;O: No Injury;677;October;0;Straight - Level;Piedmont;Not Applicable;Double Yellow Line, No Passing Zone;Friday;Non-Intersection;49;1;Two-Way, Not Divided;4 lanes;0;No;NC 150;Smooth Asphalt;115;No Special Feature;Motorist Left Turn / Merge;NC Route;B: Evident Injury;Iredell;56;Cloudy;AGAPE DR;6-10 mph;40 - 45  MPH;2014;Daylight;50-59
36.3329692063, -78.3982925652;"{""type"": ""Point"", ""coordinates"": [-78.39829256516362, 36.33296920626746]}";Black;Henderson;Travel Lane;2;16;Urban (>70% Developed);Male;Passenger Car;0;No;0;40001226;White;No;1;11-15;Bicyclist Right Turn - Same Direction;None;No;#NULL!;Dry;0;Urban;No;08OCT2014;0;16:31;Female;#NULL!;Residential;C: Possible Injury;Yes;O: No Injury;669;October;0;Straight - Level;Piedmont;With Traffic;No Control Present;Wednesday;Intersection;15;1;Two-Way, Not Divided;2 lanes;0;No;N CHESTNUT ST;Coarse Asphalt;JOHN ST;Four-Way Intersection;Bicyclist Right Turn / Merge;Local Street;C: Possible Injury;Vance;36;Clear;ROCKSPRING ST;31-35 mph;30 - 35  MPH;2014;Daylight;30-39
36.1083671078, -79.8076229803;"{""type"": ""Point"", ""coordinates"": [-79.80762298032379, 36.108367107788666]}";Black;Greensboro;Sidewalk / Crosswalk / Driveway Crossing;2;14;Urban (>70% Developed);Male;Passenger Car;0;No;0;50006752;White;No;1;16-19;Motorist Drive Out - Sign-Controlled Intersection;None;No;#NULL!;Wet;0;Urban;No;29SEP2014;0;14:16;Female;#NULL!;Residential;C: Possible Injury;Yes;O: No Injury;601;September;0;Straight - Level;Piedmont;Facing Traffic;Stop Sign;Monday;Intersection;16;1;Two-Way, Divided, Positive Median Barrier;2 lanes;0;No;LAFAYETTE AVE;Smooth Asphalt;HOLLY DR;T-Intersection;Motorist Failed to Yield - Sign-Controlled Intersection;Local Street;C: Possible Injury;Guilford;30;Rain;CONE BLVD;0-5 mph;20 - 25  MPH;2014;Daylight;30-39
35.268699005, -77.5828822615;"{""type"": ""Point"", ""coordinates"": [-77.58288226147371, 35.26869900503815]}";Black;Kinston;Travel Lane;2;16;Mixed (30% To 70% Developed);Male;Passenger Car;0;No;0;29000070;White;No;1;20-24;Bicyclist Ride Out - Signalized  Intersection;None;No;#NULL!;Dry;0.009;Urban;No;01OCT2014;0;16:28;Female;#NULL!;Commercial;C: Possible Injury;Yes;O: No Injury;599;October;0;Straight - Level;Coastal;Not Applicable;Stop And Go Signal;Wednesday;Intersection-Related;22;1;Two-Way, Divided, Unprotected Median;4 lanes;0;No;70;Coarse Asphalt;MITCHELL ST;No Special Feature;Bicyclist Failed to Yield - Signalized Intersection;US Route;C: Possible Injury;Lenoir;33;Clear;HERRITAGE ST;16-20 mph;30 - 35  MPH;2014;Daylight;30-39
35.2592228297, -82.4383037164;"{""type"": ""Point"", ""coordinates"": [-82.43830371635963, 35.25922282965576]}";White;None - Rural Crash;Travel Lane;2;17;Rural (<30% Developed);Male;Pickup;0;No;1;30000225;White;No;0;50-59;Motorist Overtaking - Bicyclist Swerved;None;No;#NULL!;Dry;0.1;Rural;No;26SEP2014;0;17:47;Male;#NULL!;Farms, Woods, Pastures;B: Evident Injury;Yes;O: No Injury;596;September;0;Straight - Level;Mountains;With Traffic;Double Yellow Line, No Passing Zone;Friday;Non-Intersection;55;1;Two-Way, Not Divided;2 lanes;0;No;NC 225;Smooth Asphalt;KENMURE;No Special Feature;Motorist Overtaking Bicyclist;NC Route;B: Evident Injury;Henderson;42;Clear;SHIPMAN;11-15 mph;30 - 35  MPH;2014;Daylight;40-49
35.9899271152, -78.8893726962;"{""type"": ""Point"", ""coordinates"": [-78.88937269616656, 35.9899271151567]}";Black;Durham;Travel Lane;2;18;Urban (>70% Developed);Female;Passenger Car;1;No;0;0;Unknown/Missing;No;0;11-15;Bicyclist Lost Control - Other / Unknown;None;No;#NULL!;Dry;0.024;Urban;No;28SEP2014;0;18:10;Unknown;#NULL!;Residential;O: No Injury;No;Unknown Injury;598;September;0;Straight - Level;Piedmont;With Traffic;Stop Sign;Sunday;Intersection-Related;12;1;Two-Way, Not Divided;2 lanes;0;Missing;BELT STREET;Smooth Asphalt;WORTH STREET;No Special Feature;Loss of Control / Turning Error;Local Street;O: No Injury;Durham;Unknown;Clear;FRANKLIN STREET;0-5 mph;20 - 25  MPH;2014;Daylight;Unknown
34.8209948533, -79.1904477257;"{""type"": ""Point"", ""coordinates"": [-79.19044772571473, 34.82099485328863]}";Black;Red Springs;Travel Lane;2;20;Urban (>70% Developed);Male;Passenger Car;0;No;0;0;White;No;1;20-24;Motorist Left Turn - Same Direction;None;No;#NULL!;Dry;0;Rural;No;08OCT2014;0;20:58;Male;#NULL!;Residential;C: Possible Injury;Yes;O: No Injury;624;October;0;Straight - Level;Coastal;Facing Traffic;No Control Present;Wednesday;Intersection;21;1;Two-Way, Not Divided;2 lanes;0;No;W SECOND AVE;Coarse Asphalt;ROBINWOOD DR;No Special Feature;Motorist Left Turn / Merge;Local Street;C: Possible Injury;Robeson;70+;Clear;S EDINBOURGOURGH ST;6-10 mph;30 - 35  MPH;2014;Dark - Lighted Roadway;70+
35.995853227, -75.6504717065;"{""type"": ""Point"", ""coordinates"": [-75.65047170652946, 35.99585322699287]}";White;Kill Devil Hills;Multi-use Path;2;7;Mixed (30% To 70% Developed);Male;Sport Utility;1;No;0;20000158;White;No;0;11-15;Motorist Drive Out - Sign-Controlled Intersection;None;No;#NULL!;Dry;0;Urban;No;22SEP2014;0;7:49;Male;#NULL!;Commercial;O: No Injury;Yes;O: No Injury;628;September;0;Straight - Level;Coastal;Facing Traffic;Stop Sign;Monday;Intersection;15;1;Two-Way, Not Divided;2 lanes;0;No;LAKE DR;Smooth Asphalt;FRESH POND DR;Four-Way Intersection;Motorist Failed to Yield - Sign-Controlled Intersection;Local Street;O: No Injury;Dare;37;Clear;158;21-25 mph;20 - 25  MPH;2014;Daylight;30-39
36.0306171247, -78.877842695;"{""type"": ""Point"", ""coordinates"": [-78.87784269504132, 36.030617124712485]}";Black;Durham;Travel Lane;2;15;Urban (>70% Developed);Male;Passenger Car;0;No;0;0;Black;No;1;50-59;Bicyclist Overtaking - Parked Vehicle;None;No;#NULL!;Dry;0.095;Urban;No;02OCT2014;0;15:04;Female;#NULL!;Residential;C: Possible Injury;Yes;O: No Injury;603;October;0;Straight - Level;Piedmont;With Traffic;No Control Present;Thursday;Non-Intersection;50;1;Two-Way, Not Divided;2 lanes;0;Missing;HINSON DRIVE;Smooth Asphalt;WARING STREET;No Special Feature;Bicyclist Overtaking Motorist;Local Street;C: Possible Injury;Durham;58;Clear;DA VINCI STREET;16-20 mph;20 - 25  MPH;2014;Daylight;50-59
35.8935070515, -80.1033230572;"{""type"": ""Point"", ""coordinates"": [-80.10332305720495, 35.89350705148427]}";White;Thomasville;Travel Lane;2;8;Urban (>70% Developed);Male;Pickup;0;No;1;40001792;Black;No;0;50-59;Motorist Right Turn - Same Direction;None;No;#NULL!;Dry;0.002;Urban;No;16JUL2014;0;8:57;Male;#NULL!;Commercial;B: Evident Injury;Yes;O: No Injury;619;July;0;Straight - Grade;Piedmont;With Traffic;No Control Present;Wednesday;Intersection;56;1;Two-Way, Not Divided;2 lanes;0;No;MARTIN LUTHER KING DR;Coarse Asphalt;MARTIN LUTHER KING DR;No Special Feature;Motorist Right Turn / Merge;Local Street;B: Evident Injury;Davidson;70+;Clear;PINEYWOOD ROAD;16-20 mph;30 - 35  MPH;2014;Daylight;70+
36.1555772587, -75.7454717435;"{""type"": ""Point"", ""coordinates"": [-75.74547174348784, 36.155577258684836]}";White;Duck;Multi-use Path;2;18;Urban (>70% Developed);Male;Sport Utility;0;No;1;30000012;White;No;0;16-19;Motorist Drive Out - Sign-Controlled Intersection;None;No;#NULL!;Dry;0;Rural;No;29AUG2014;0;18:09;Female;#NULL!;Residential;B: Evident Injury;Yes;O: No Injury;608;August;0;Straight - Level;Coastal;Facing Traffic;Stop Sign;Friday;Intersection;18;1;Two-Way, Not Divided;2 lanes;0;No;NC 12;Smooth Asphalt;E TUCKAHOE DR;Four-Way Intersection;Motorist Failed to Yield - Sign-Controlled Intersection;Local Street;B: Evident Injury;Dare;36;Clear;1484;0-5 mph;30 - 35  MPH;2014;Daylight;30-39
35.7704609756, -81.4301434468;"{""type"": ""Point"", ""coordinates"": [-81.4301434468195, 35.770460975620026]}";White;Rhodhiss;Travel Lane;2;16;Mixed (30% To 70% Developed);Male;Pickup;0;No;1;0;White;No;0;11-15;Bicyclist Ride Through - Sign-Controlled Intersection;None;No;#NULL!;Dry;0;Rural;No;29MAY2014;0;16:43;Male;#NULL!;Residential;B: Evident Injury;Yes;O: No Injury;641;May;0;Straight - Level;Mountains;With Traffic;Yield Sign;Thursday;Intersection;15;1;Two-Way, Not Divided;2 lanes;0;No;MARION AVE;Smooth Asphalt;1611;T-Intersection;Bicyclist Failed to Yield - Sign-Controlled Intersection;Local Street;B: Evident Injury;Burke;43;Clear;SYCAMORE DR;6-10 mph;30 - 35  MPH;2014;Daylight;40-49
36.0656430997, -79.7652129649;"{""type"": ""Point"", ""coordinates"": [-79.76521296493469, 36.06564309970484]}";Black;Greensboro;Travel Lane;2;23;Urban (>70% Developed);Male;Sport Utility;0;Unknown;0;50011789;Black;No;1;40-49;Motorist Drive Out - Sign-Controlled Intersection;None;No;#NULL!;Dry;0;Urban;No;28NOV2014;0;23:02;Male;#NULL!;Residential;C: Possible Injury;Yes;O: No Injury;758;November;0;Straight - Level;Piedmont;With Traffic;Stop Sign;Friday;Intersection;47;1;Two-Way, Not Divided;2 lanes;0;No;GILESPIE ST;Coarse Asphalt;BOOKER ST;Related To Intersection;Motorist Failed to Yield - Sign-Controlled Intersection;Local Street;C: Possible Injury;Guilford;62;Clear;MCCONNELL RD;0-5 mph;30 - 35  MPH;2014;Dark - Lighted Roadway;60-69
35.7759670775, -78.6709426185;"{""type"": ""Point"", ""coordinates"": [-78.67094261850865, 35.77596707747452]}";White;Raleigh;Sidewalk / Crosswalk / Driveway Crossing;2;0;Mixed (30% To 70% Developed);Male;Other Bus;0;No;1;0;Black;No;0;25-29;Motorist Right Turn - Same Direction;None;No;#NULL!;Dry;0.009;Urban;No;23OCT2014;0;0:10;Male;#NULL!;Institutional;B: Evident Injury;No;O: No Injury;728;October;0;Curve - Level;Piedmont;With Traffic;Stop And Go Signal;Thursday;Intersection;25;1;Two-Way, Divided, Positive Median Barrier;4 lanes;0;No;OVAL DR;Coarse Asphalt;MAIN CAMPUS DR;T-Intersection;Motorist Right Turn / Merge;Local Street;B: Evident Injury;Wake;66;Clear;CENTENNIAL PKWY;0-5 mph;40 - 45  MPH;2014;Dark - Lighted Roadway;60-69
36.2164830586, -81.6814435473;"{""type"": ""Point"", ""coordinates"": [-81.68144354730148, 36.21648305862521]}";White;Boone;Sidewalk / Crosswalk / Driveway Crossing;2;15;Urban (>70% Developed);Male;Sport Utility;0;No;1;0;White;No;0;20-24;Bicyclist Ride Out - Parallel Path;None;No;#NULL!;Dry;0;Urban;No;01DEC2014;0;15:36;Male;#NULL!;Institutional;B: Evident Injury;No;O: No Injury;751;December;0;Curve - Grade;Mountains;With Traffic;Stop Sign;Monday;Intersection-Related;22;1;Two-Way, Not Divided;2 lanes;0;No;HOWARD STREET;Coarse Asphalt;COLLEGE STREET;T-Intersection;Parallel Paths - Other Circumstances;Local Street;B: Evident Injury;Watauga;22;Cloudy;JOYCE LAWRENCE LANE;11-15 mph;20 - 25  MPH;2014;Daylight;20-24
35.7710970795, -78.583402591;"{""type"": ""Point"", ""coordinates"": [-78.58340259104862, 35.771097079526854]}";Black;Raleigh;Travel Lane;2;13;Rural (<30% Developed);Male;Passenger Car;0;No;0;40001007;Black;No;1;20-24;Motorist Drive Through - Signalized Intersection;None;No;#NULL!;Wet;0;Urban;No;17NOV2014;0;13:49;Female;#NULL!;Residential;C: Possible Injury;Yes;O: No Injury;737;November;0;Straight - Level;Piedmont;With Traffic;No Control Present;Monday;Intersection;21;1;Two-Way, Not Divided;4 lanes;0;No;POOLE RD;Smooth Asphalt;#NULL!;Four-Way Intersection;Motorist Failed to Yield - Signalized Intersection;Local Street;C: Possible Injury;Wake;32;Cloudy;SUNNYBROOK RD;6-10 mph;30 - 35  MPH;2014;Daylight;30-39
35.2222128836, -80.7794632227;"{""type"": ""Point"", ""coordinates"": [-80.779463222709, 35.2222128835914]}";Black;Charlotte;Travel Lane;2;12;Urban (>70% Developed);Male;Sport Utility;0;No;1;40002940;White;No;0;16-19;Sign-Controlled Intersection - Other / Unknown;None;No;#NULL!;Dry;0;Urban;No;21NOV2014;0;12:38;Female;#NULL!;Residential;B: Evident Injury;Yes;O: No Injury;739;November;0;Straight - Level;Piedmont;With Traffic;No Control Present;Friday;Intersection;16;1;Two-Way, Not Divided;4 lanes;0;No;EASTWAY DRIVE;Smooth Asphalt;#NULL!;No Special Feature;Crossing Paths - Other Circumstances;Local Street;B: Evident Injury;Mecklenburg;26;Clear;ARNOLD DRIVE;26-30 mph;40 - 45  MPH;2014;Daylight;25-29
35.9692641467, -77.8850723903;"{""type"": ""Point"", ""coordinates"": [-77.88507239026409, 35.96926414669798]}";White;Rocky Mount;Travel Lane;2;13;Urban (>70% Developed);Male;Sport Utility;0;Unknown;0;40001770;Black;No;1;30-39;Bicyclist Lost Control - Mechanical Problems;None;No;#NULL!;Wet;0.41;Urban;No;17NOV2014;0;13:46;Male;#NULL!;Residential;C: Possible Injury;Yes;O: No Injury;726;November;0;Straight - Grade;Coastal;Facing Traffic;Stop Sign;Monday;Intersection;31;1;Two-Way, Not Divided;2 lanes;0;No;SUNSET AVE;Coarse Asphalt;BANNER WAY;No Special Feature;Loss of Control / Turning Error;Local Street;C: Possible Injury;Nash;23;Rain;SUNSHINE DR;0-5 mph;40 - 45  MPH;2014;Daylight;20-24
35.1842768765, -80.7490032118;"{""type"": ""Point"", ""coordinates"": [-80.74900321179142, 35.18427687654069]}";Black;Charlotte;Sidewalk / Crosswalk / Driveway Crossing;2;12;Urban (>70% Developed);Male;Unknown;0;#NULL!;0;0;Unknown/Missing;No;0;60-69;Motorist Right Turn - Same Direction;None;No;No;Dry;0;Urban;Yes;14APR2012;0;12:04;Unknown;Missing;Commercial;C: Possible Injury;Yes;Unknown Injury;1917;April;0;Straight - Level;Piedmont;With Traffic;No Control Present;Saturday;Non-Intersection;66;0;Two-Way, Not Divided;4 lanes;0;#NULL!;#NULL!;Smooth Asphalt;#NULL!;Driveway, Public;Motorist Right Turn / Merge;Local Street;C: Possible Injury;Mecklenburg;Unknown;Clear;#NULL!;0-5 mph;30 - 35  MPH;2012;Daylight;Unknown
36.0849601153, -79.4534788716;"{""type"": ""Point"", ""coordinates"": [-79.45347887163018, 36.084960115300426]}";Hispanic;Burlington;Travel Lane;2;18;Urban (>70% Developed);Male;Sport Utility;0;#NULL!;0;0;White;Yes;0;50-59;Motorist Drive Out - Sign-Controlled Intersection;None;No;No;Wet;0;Urban;No;15FEB2010;0;18:25;Female;No;Commercial;B: Evident Injury;Yes;O: No Injury;3722;February;0;Straight - Level;Piedmont;With Traffic;Stop Sign;Monday;Intersection;55;0;Two-Way, Divided, Unprotected Median;5 lanes;0;#NULL!;#NULL!;Smooth Asphalt;#NULL!;No Special Feature;Motorist Failed to Yield - Sign-Controlled Intersection;US Route;B: Evident Injury;Alamance;28;Cloudy;#NULL!;0-5 mph;30 - 35  MPH;2010;Dark - Lighted Roadway;25-29