Geo Point;Geo Shape;BikeRace;City;BikePos;NumUnits;CrashHour;Locality;BikeSex;DrvrVehTyp;NumBikesNo;BikeAlcDrg;NumBikesBI;RteInvdCd;DrvrRace;Workzone;NumBikesCi;BikeAgeGrp;CrashType;RdDefects;CrashAlcoh;BikeAlcoho;RdConditio;DstncMiFrm;RuralUrban;HitRun;CrashDate;NumBikesUI;CrashTime;DrvrSex;DrvrAlcoho;Developmen;CrashSevr;AmbulanceR;DrvrInjury;OBJECTID;CrashMonth;NumBikesKi;RdCharacte;Region;BikeDir;TraffCntrl;CrashDay;CrashLoc;BikeAge;NumBikesTo;RdConfig;NumLanes;NumBikesAI;DrvrAlcDrg;OnRoad;RdSurface;Towrd_Rd;RdFeature;CrashGrp;RdClass;BikeInjury;County;DrvrAge;Weather;FrmRd;DrvrEstSpd;SpeedLimit;CrashYear;LightCond;DrvrAgeGrp
35.6498709956, -80.2056080746;"{""type"": ""Point"", ""coordinates"": [-80.20560807463639, 35.649870995569685]}";White;None - Rural Crash;Travel Lane;2;8;Rural (<30% Developed);Male;Pickup;0;#NULL!;0;0;White;No;0;16-19;Bicyclist Left Turn - Same Direction;None;No;No;Dry;0;Rural;No;18FEB2010;0;8:49;Male;No;Residential;B: Evident Injury;Yes;O: No Injury;3726;February;0;Straight - Level;Piedmont;With Traffic;Double Yellow Line, No Passing Zone;Thursday;Non-Intersection;17;0;Two-Way, Not Divided;2 lanes;0;#NULL!;#NULL!;Smooth Asphalt;#NULL!;No Special Feature;Bicyclist Left Turn / Merge;NC Route;B: Evident Injury;Davidson;42;Clear;#NULL!;51-55 mph;50 - 55  MPH;2010;Daylight;40-49
34.7492938528, -78.7358725849;"{""type"": ""Point"", ""coordinates"": [-78.7358725848843, 34.74929385277036]}";Black;None - Rural Crash;Travel Lane;2;17;Rural (<30% Developed);Male;Pickup;0;#NULL!;0;0;Black;No;0;11-15;Bicyclist Right Turn - Same Direction;None;No;No;Dry;0;Rural;No;14MAR2010;0;17:20;Female;No;Farms, Woods, Pastures;A: Disabling Injury;Yes;O: No Injury;3734;March;0;Straight - Level;Coastal;Facing Traffic;No Control Present;Sunday;Non-Intersection;15;0;Two-Way, Not Divided;2 lanes;0;#NULL!;#NULL!;Coarse Asphalt;#NULL!;No Special Feature;Bicyclist Right Turn / Merge;State Secondary Route;A: Disabling Injury;Bladen;57;Clear;#NULL!;51-55 mph;50 - 55  MPH;2010;Daylight;50-59
34.2194547632, -77.9400323189;"{""type"": ""Point"", ""coordinates"": [-77.94003231887092, 34.219454763209036]}";Black;Wilmington;Travel Lane;2;18;Urban (>70% Developed);Male;Unknown;0;#NULL!;0;0;Unknown/Missing;No;0;40-49;Motorist Drive Through - Sign-Controlled Intersection;None;No;No;Dry;0;Urban;Yes;17FEB2010;0;18:00;Unknown;Missing;Residential;B: Evident Injury;Yes;Unknown Injury;3737;February;0;Straight - Level;Coastal;With Traffic;Stop Sign;Wednesday;Intersection;47;0;Two-Way, Not Divided;4 lanes;0;#NULL!;#NULL!;Coarse Asphalt;#NULL!;Four-Way Intersection;Motorist Failed to Yield - Sign-Controlled Intersection;Local Street;B: Evident Injury;New Hanover;Unknown;Clear;#NULL!;36-40 mph;30 - 35  MPH;2010;Daylight;Unknown
35.2106388805, -80.8012732289;"{""type"": ""Point"", ""coordinates"": [-80.80127322891538, 35.21063888047867]}";Black;Charlotte;Travel Lane;2;14;Urban (>70% Developed);Male;Passenger Car;0;#NULL!;0;0;Hispanic;No;0;60-69;Bicyclist Ride Out - Other Midblock;None;No;No;Dry;0;Urban;No;08FEB2010;0;14:48;Male;No;Commercial;K: Killed;Yes;O: No Injury;3741;February;0;Straight - Level;Piedmont;Unknown;No Control Present;Monday;Non-Intersection;64;0;Two-Way, Divided, Positive Median Barrier;8 lanes;0;#NULL!;#NULL!;Coarse Asphalt;#NULL!;No Special Feature;Bicyclist Failed to Yield - Midblock;US Route;K: Killed;Mecklenburg;44;Clear;#NULL!;56-60 mph;50 - 55  MPH;2010;Daylight;40-49
35.7707969684, -81.6162235028;"{""type"": ""Point"", ""coordinates"": [-81.6162235028353, 35.77079696836694]}";White;None - Rural Crash;Travel Lane;2;13;Mixed (30% To 70% Developed);Male;Sport Utility;0;#NULL!;0;0;White;No;0;60-69;Bicyclist Left Turn - Same Direction;None;No;No;Dry;0;Rural;No;20MAR2010;0;13:27;Female;No;Residential;B: Evident Injury;Yes;O: No Injury;3743;March;0;Straight - Grade;Mountains;With Traffic;Double Yellow Line, No Passing Zone;Saturday;Non-Intersection;63;0;Two-Way, Not Divided;2 lanes;0;#NULL!;#NULL!;Smooth Asphalt;#NULL!;Driveway, Private;Bicyclist Left Turn / Merge;State Secondary Route;B: Evident Injury;Burke;17;Clear;#NULL!;41-45 mph;40 - 45  MPH;2010;Daylight;0-19
35.4026900212, -77.9716023863;"{""type"": ""Point"", ""coordinates"": [-77.97160238633232, 35.40269002118544]}";White;Goldsboro;Travel Lane;2;19;Urban (>70% Developed);Male;Pickup;0;#NULL!;0;0;Black;No;0;30-39;Motorist Overtaking - Undetected Bicyclist;None;No;No;Dry;0;Urban;No;04MAR2010;0;19:23;Male;No;Commercial;K: Killed;Yes;O: No Injury;3753;March;0;Straight - Level;Coastal;With Traffic;No Control Present;Thursday;Non-Intersection;34;0;Two-Way, Not Divided;2 lanes;0;#NULL!;#NULL!;Smooth Asphalt;#NULL!;No Special Feature;Motorist Overtaking Bicyclist;Local Street;K: Killed;Wayne;70+;Clear;#NULL!;31-35 mph;40 - 45  MPH;2010;Dark - Roadway Not Lighted;70+
35.3561268712, -81.8733235551;"{""type"": ""Point"", ""coordinates"": [-81.8733235550536, 35.35612687118024]}";Black;Forest City;Travel Lane;2;15;Urban (>70% Developed);Male;Passenger Car;0;#NULL!;0;0;Hispanic;No;0;25-29;Motorist Left Turn - Same Direction;None;No;No;Dry;0;Urban;No;10MAR2010;0;15:15;Male;No;Residential;B: Evident Injury;Yes;O: No Injury;3756;March;0;Straight - Grade;Mountains;Facing Traffic;No Control Present;Wednesday;Non-Intersection;28;0;Two-Way, Not Divided;2 lanes;0;#NULL!;#NULL!;Coarse Asphalt;#NULL!;No Special Feature;Motorist Left Turn / Merge;Local Street;B: Evident Injury;Rutherford;17;Cloudy;#NULL!;21-25 mph;30 - 35  MPH;2010;Daylight;0-19
35.7810470799, -78.6257126054;"{""type"": ""Point"", ""coordinates"": [-78.62571260540192, 35.78104707989717]}";Black;Raleigh;Unknown;2;22;Urban (>70% Developed);Male;Police;0;#NULL!;0;0;White;No;0;25-29;Motorist Lost Control - Surface Conditions;Road Surface Condition;No;No;Wet;0;Urban;No;13FEB2010;0;22:30;Male;No;Residential;O: No Injury;No;O: No Injury;3763;February;0;Straight - Level;Piedmont;Unknown;No Control Present;Saturday;Intersection-Related;28;0;Two-Way, Not Divided;2 lanes;0;#NULL!;#NULL!;Coarse Asphalt;#NULL!;No Special Feature;Loss of Control / Turning Error;Local Street;O: No Injury;Wake;34;Clear;#NULL!;16-20 mph;30 - 35  MPH;2010;Dark - Lighted Roadway;30-39
35.9730520707, -80.0146230353;"{""type"": ""Point"", ""coordinates"": [-80.01462303532662, 35.97305207069206]}";Unknown/Missing;High Point;Travel Lane;2;20;Urban (>70% Developed);Unknown;Passenger Car;0;#NULL!;0;0;Black;No;0;Unknown;Bicyclist Ride Out - Signalized  Intersection;None;No;Missing;Dry;0;Urban;No;18MAR2010;0;20:26;Male;No;Commercial;O: No Injury;No;O: No Injury;3769;March;0;Straight - Grade;Piedmont;With Traffic;Stop And Go Signal;Thursday;Intersection;Unknown;0;One-Way, Not Divided;2 lanes;0;#NULL!;#NULL!;Smooth Asphalt;#NULL!;Four-Way Intersection;Bicyclist Failed to Yield - Signalized Intersection;Local Street;Unknown Injury;Guilford;34;Clear;#NULL!;21-25 mph;30 - 35  MPH;2010;Dark - Lighted Roadway;30-39
34.6322468181, -79.0041926597;"{""type"": ""Point"", ""coordinates"": [-79.00419265965492, 34.632246818130874]}";White;Lumberton;Non-Roadway;2;13;Urban (>70% Developed);Male;Light Truck (Mini-Van, Panel);0;#NULL!;0;0;White;No;0;20-24;Non-Roadway;None;No;No;Dry;0;Urban;No;13MAR2010;0;13:24;Male;No;Commercial;B: Evident Injury;Yes;O: No Injury;3781;March;0;Straight - Level;Coastal;Not Applicable;No Control Present;Saturday;Non-Roadway;22;0;Two-Way, Not Divided;Unknown;0;#NULL!;#NULL!;Coarse Asphalt;#NULL!;No Special Feature;Non-Roadway;Public Vehicular Area;B: Evident Injury;Robeson;28;Cloudy;#NULL!;0-5 mph;30 - 35  MPH;2010;Daylight;25-29
34.243151771, -77.8606222962;"{""type"": ""Point"", ""coordinates"": [-77.86062229618994, 34.24315177099482]}";Black;Wilmington;Travel Lane;2;18;Urban (>70% Developed);Female;Passenger Car;0;#NULL!;0;0;White;No;0;20-24;Bicyclist Left Turn - Same Direction;None;No;No;Dry;0;Urban;No;03APR2010;0;18:34;Male;No;Commercial;C: Possible Injury;No;O: No Injury;3799;April;0;Straight - Level;Coastal;With Traffic;No Control Present;Saturday;Non-Intersection;24;0;Two-Way, Divided, Unprotected Median;5 lanes;0;#NULL!;#NULL!;Coarse Asphalt;#NULL!;No Special Feature;Bicyclist Left Turn / Merge;US Route;C: Possible Injury;New Hanover;49;Clear;#NULL!;41-45 mph;40 - 45  MPH;2010;Daylight;40-49
35.8928601011, -78.7167526379;"{""type"": ""Point"", ""coordinates"": [-78.71675263794924, 35.8928601010948]}";White;Raleigh;Travel Lane;2;15;Mixed (30% To 70% Developed);Male;Passenger Car;0;#NULL!;0;0;White;No;0;20-24;Bicyclist Lost Control - Other / Unknown;None;No;No;Dry;0;Urban;No;15APR2010;0;15:17;Male;No;Residential;B: Evident Injury;No;O: No Injury;3805;April;0;Straight - Level;Piedmont;With Traffic;Stop And Go Signal;Thursday;Intersection;21;0;Two-Way, Not Divided;2 lanes;0;#NULL!;#NULL!;Smooth Asphalt;#NULL!;Four-Way Intersection;Loss of Control / Turning Error;State Secondary Route;B: Evident Injury;Wake;17;Clear;#NULL!;0-5 mph;40 - 45  MPH;2010;Daylight;0-19
35.7365770697, -78.6605476132;"{""type"": ""Point"", ""coordinates"": [-78.66054761322025, 35.736577069744044]}";Black;Raleigh;Driveway / Alley;2;18;Urban (>70% Developed);Male;Pickup;0;#NULL!;0;0;White;No;0;6-10;Bicyclist Ride Out - Commercial Driveway / Alley;None;No;No;Dry;0;Urban;No;18MAR2010;0;18:00;Male;No;Residential;B: Evident Injury;Yes;O: No Injury;3819;March;0;Straight - Level;Piedmont;Not Applicable;No Control Present;Thursday;Non-Intersection;9;0;Two-Way, Not Divided;2 lanes;0;#NULL!;#NULL!;Smooth Asphalt;#NULL!;No Special Feature;Bicyclist Failed to Yield - Midblock;Local Street;B: Evident Injury;Wake;53;Clear;#NULL!;6-10 mph;20 - 25  MPH;2010;Daylight;50-59
35.1927069273, -79.387242804;"{""type"": ""Point"", ""coordinates"": [-79.38724280403403, 35.1927069272862]}";White;Southern Pines;Travel Lane;2;14;Urban (>70% Developed);Female;Pickup;0;#NULL!;0;0;White;No;0;30-39;Motorist Drive Out - Sign-Controlled Intersection;None;No;No;Dry;0;Urban;No;06APR2010;0;14:30;Male;No;Residential;B: Evident Injury;Yes;O: No Injury;3824;April;0;Straight - Grade;Piedmont;With Traffic;Stop Sign;Tuesday;Intersection;33;0;Two-Way, Divided, Unprotected Median;4 lanes;0;#NULL!;#NULL!;Coarse Asphalt;#NULL!;T-Intersection;Motorist Failed to Yield - Sign-Controlled Intersection;NC Route;B: Evident Injury;Moore;16;Clear;#NULL!;0-5 mph;40 - 45  MPH;2010;Daylight;0-19
35.2002098763, -80.8423732402;"{""type"": ""Point"", ""coordinates"": [-80.84237324017484, 35.20020987631171]}";White;Charlotte;Bike Lane / Paved Shoulder;2;17;Urban (>70% Developed);Male;Passenger Car;0;#NULL!;0;0;White;No;0;50-59;Motorist Right Turn - Same Direction;None;No;No;Dry;0;Urban;No;07APR2010;0;17:59;Male;No;Commercial;B: Evident Injury;Yes;O: No Injury;3831;April;0;Straight - Level;Piedmont;With Traffic;No Control Present;Wednesday;Non-Intersection;54;0;Two-Way, Not Divided;3 lanes;0;#NULL!;#NULL!;Smooth Asphalt;#NULL!;Driveway, Private;Motorist Right Turn / Merge;Local Street;B: Evident Injury;Mecklenburg;27;Clear;#NULL!;0-5 mph;30 - 35  MPH;2010;Daylight;25-29
34.3498487939, -77.8834723081;"{""type"": ""Point"", ""coordinates"": [-77.88347230809988, 34.34984879391278]}";White;None - Rural Crash;Unknown;2;15;Urban (>70% Developed);Male;Passenger Car;0;#NULL!;0;0;Black;No;0;11-15;Bicyclist Ride Out - Midblock - Unknown;None;No;No;Dry;0;Rural;No;23APR2010;0;15:59;Male;No;Commercial;C: Possible Injury;No;O: No Injury;3835;April;0;Straight - Level;Coastal;Not Applicable;No Control Present;Friday;Non-Intersection;13;0;Two-Way, Not Divided;3 lanes;0;#NULL!;#NULL!;Smooth Asphalt;#NULL!;No Special Feature;Bicyclist Failed to Yield - Midblock;US Route;C: Possible Injury;New Hanover;51;Clear;#NULL!;21-25 mph;30 - 35  MPH;2010;Daylight;50-59
35.4496268668, -82.5088937478;"{""type"": ""Point"", ""coordinates"": [-82.50889374783941, 35.449626866801545]}";White;None - Rural Crash;Travel Lane;2;6;Urban (>70% Developed);Male;Passenger Car;0;#NULL!;0;0;White;No;0;30-39;Motorist Overtaking - Other / Unknown;None;No;No;Dry;0;Rural;No;19APR2010;0;6:25;Female;No;Commercial;B: Evident Injury;Yes;O: No Injury;3838;April;0;Straight - Level;Mountains;With Traffic;No Control Present;Monday;Non-Intersection;30;0;Two-Way, Not Divided;5 lanes;0;#NULL!;#NULL!;Smooth Asphalt;#NULL!;No Special Feature;Motorist Overtaking Bicyclist;US Route;B: Evident Injury;Buncombe;45;Clear;#NULL!;41-45 mph;40 - 45  MPH;2010;Dark - Roadway Not Lighted;40-49
35.7968440015, -80.8826732848;"{""type"": ""Point"", ""coordinates"": [-80.8826732848312, 35.796844001518764]}";White;Statesville;Travel Lane;2;14;Urban (>70% Developed);Male;Passenger Car;0;#NULL!;0;0;White;No;0;6-10;Motorist Drive Out - Sign-Controlled Intersection;None;No;No;Dry;0;Urban;No;17APR2010;0;14:15;Female;No;Residential;B: Evident Injury;No;O: No Injury;3845;April;0;Curve - Level;Piedmont;Facing Traffic;Stop Sign;Saturday;Intersection;6;0;Two-Way, Not Divided;2 lanes;0;#NULL!;#NULL!;Smooth Asphalt;#NULL!;T-Intersection;Motorist Failed to Yield - Sign-Controlled Intersection;Local Street;B: Evident Injury;Iredell;27;Clear;#NULL!;0-5 mph;30 - 35  MPH;2010;Daylight;25-29
35.7849310759, -78.764342647;"{""type"": ""Point"", ""coordinates"": [-78.76434264698746, 35.784931075941174]}";Black;Cary;Sidewalk / Crosswalk / Driveway Crossing;2;16;Urban (>70% Developed);Male;Sport Utility;0;#NULL!;0;0;White;No;0;40-49;Motorist Drive Out - Sign-Controlled Intersection;None;No;No;Dry;0;Urban;No;30APR2010;0;16:24;Female;No;Commercial;C: Possible Injury;Yes;O: No Injury;3869;April;0;Straight - Level;Piedmont;Facing Traffic;Stop Sign;Friday;Intersection;46;0;Two-Way, Not Divided;2 lanes;0;#NULL!;#NULL!;Smooth Asphalt;#NULL!;No Special Feature;Motorist Failed to Yield - Sign-Controlled Intersection;Local Street;C: Possible Injury;Wake;36;Clear;#NULL!;0-5 mph;30 - 35  MPH;2010;Daylight;30-39
35.1069219875, -77.0463960911;"{""type"": ""Point"", ""coordinates"": [-77.04639609110501, 35.10692198750844]}";Black;New Bern;Travel Lane;2;17;Urban (>70% Developed);Male;Passenger Car;0;#NULL!;0;0;White;No;0;11-15;Bicyclist Ride Through - Sign-Controlled Intersection;None;No;No;Dry;0;Urban;No;26APR2010;0;17:18;Female;No;Residential;C: Possible Injury;Yes;O: No Injury;3872;April;0;Straight - Level;Coastal;With Traffic;Stop Sign;Monday;Intersection;14;0;Two-Way, Not Divided;2 lanes;0;#NULL!;#NULL!;Smooth Asphalt;#NULL!;No Special Feature;Bicyclist Failed to Yield - Sign-Controlled Intersection;Local Street;C: Possible Injury;Craven;70+;Clear;#NULL!;21-25 mph;20 - 25  MPH;2010;Daylight;70+
34.7386768299, -79.3574327719;"{""type"": ""Point"", ""coordinates"": [-79.35743277192375, 34.73867682988982]}";Black;Maxton;Travel Lane;2;17;Urban (>70% Developed);Male;Pickup;0;#NULL!;0;0;Native American;No;0;40-49;Bicyclist Right Turn - Same Direction;None;Yes;Yes;Dry;0;Rural;No;05MAY2010;0;17:42;Male;No;Commercial;B: Evident Injury;Yes;O: No Injury;3879;May;0;Straight - Level;Coastal;Facing Traffic;Double Yellow Line, No Passing Zone;Wednesday;Non-Intersection;47;0;Two-Way, Not Divided;2 lanes;0;#NULL!;#NULL!;Coarse Asphalt;#NULL!;No Special Feature;Bicyclist Right Turn / Merge;Local Street;B: Evident Injury;Robeson;37;Clear;#NULL!;31-35 mph;30 - 35  MPH;2010;Daylight;30-39
35.7690370756, -78.6913126239;"{""type"": ""Point"", ""coordinates"": [-78.69131262394882, 35.76903707559556]}";White;Raleigh;Travel Lane;2;16;Urban (>70% Developed);Male;Passenger Car;0;#NULL!;0;0;Black;No;0;50-59;Motorist Left Turn - Opposite Direction;None;No;No;Dry;0;Urban;No;16APR2010;0;16:34;Female;No;Residential;B: Evident Injury;Yes;O: No Injury;3883;April;0;Straight - Grade;Piedmont;With Traffic;Stop And Go Signal;Friday;Intersection;53;0;Two-Way, Not Divided;4 lanes;0;#NULL!;#NULL!;Smooth Asphalt;#NULL!;No Special Feature;Motorist Left Turn / Merge;Local Street;B: Evident Injury;Wake;21;Clear;#NULL!;11-15 mph;40 - 45  MPH;2010;Daylight;20-24
36.0142630879, -79.8061169742;"{""type"": ""Point"", ""coordinates"": [-79.80611697421863, 36.014263087918884]}";Black;Greensboro;Driveway / Alley;2;16;Urban (>70% Developed);Male;Passenger Car;0;#NULL!;0;0;Black;No;0;6-10;Bicyclist Ride Out - Residential Driveway;None;No;No;Dry;0;Urban;No;29APR2010;0;16:09;Female;No;Residential;C: Possible Injury;Yes;O: No Injury;3888;April;0;Straight - Level;Piedmont;Not Applicable;No Control Present;Thursday;Non-Intersection;8;0;Two-Way, Not Divided;2 lanes;0;#NULL!;#NULL!;Smooth Asphalt;#NULL!;No Special Feature;Bicyclist Failed to Yield - Midblock;Local Street;C: Possible Injury;Guilford;51;Clear;#NULL!;16-20 mph;30 - 35  MPH;2010;Daylight;50-59
35.2109598818, -80.759013216;"{""type"": ""Point"", ""coordinates"": [-80.75901321596538, 35.21095988176179]}";Black;Charlotte;Sidewalk / Crosswalk / Driveway Crossing;2;13;Urban (>70% Developed);Male;Passenger Car;0;#NULL!;0;0;Hispanic;No;0;40-49;Motorist Drive Out - Commercial Driveway / Alley;None;No;No;Dry;0;Urban;No;28APR2010;0;13:24;Male;No;Commercial;C: Possible Injury;Yes;O: No Injury;3892;April;0;Straight - Level;Piedmont;Facing Traffic;No Control Present;Wednesday;Non-Intersection;43;0;Two-Way, Not Divided;2 lanes;0;#NULL!;#NULL!;Smooth Asphalt;#NULL!;Driveway, Private;Motorist Failed to Yield - Midblock;Public Vehicular Area;C: Possible Injury;Mecklenburg;27;Clear;#NULL!;6-10 mph;Unknown;2010;Daylight;25-29
35.2518270666, -75.6011916556;"{""type"": ""Point"", ""coordinates"": [-75.60119165560992, 35.25182706661577]}";White;None - Rural Crash;Travel Lane;2;14;Urban (>70% Developed);Male;Motor Home/Recreational Vehicle;0;#NULL!;0;0;White;No;0;30-39;Motorist Overtaking - Other / Unknown;None;No;No;Dry;0;Rural;No;11MAY2010;0;14:00;Male;No;Commercial;C: Possible Injury;No;O: No Injury;3893;May;0;Straight - Level;Coastal;With Traffic;No Control Present;Tuesday;Intersection-Related;35;0;Two-Way, Not Divided;2 lanes;0;#NULL!;#NULL!;Smooth Asphalt;#NULL!;No Special Feature;Motorist Overtaking Bicyclist;NC Route;C: Possible Injury;Dare;70+;Clear;#NULL!;31-35 mph;30 - 35  MPH;2010;Daylight;70+
35.7253270378, -79.4722528574;"{""type"": ""Point"", ""coordinates"": [-79.47225285735257, 35.72532703784192]}";Black;Siler City;Travel Lane;2;16;Urban (>70% Developed);Female;Passenger Car;0;#NULL!;0;0;White;No;0;6-10;Bicyclist Lost Control - Mechanical Problems;None;No;No;Dry;0;Urban;No;20APR2010;0;16:41;Female;No;Residential;B: Evident Injury;No;O: No Injury;3897;April;0;Straight - Hillcrest;Piedmont;With Traffic;Stop Sign;Tuesday;Intersection;9;0;Two-Way, Not Divided;2 lanes;0;#NULL!;#NULL!;Smooth Asphalt;#NULL!;Four-Way Intersection;Loss of Control / Turning Error;Local Street;B: Evident Injury;Chatham;18;Cloudy;#NULL!;21-25 mph;30 - 35  MPH;2010;Daylight;0-19
35.0641208497, -80.774253213;"{""type"": ""Point"", ""coordinates"": [-80.77425321304399, 35.06412084968547]}";White;Charlotte;Sidewalk / Crosswalk / Driveway Crossing;2;7;Mixed (30% To 70% Developed);Male;Sport Utility;0;#NULL!;0;0;White;No;0;11-15;Bicyclist Ride Out - Sign-Controlled Intersection;None;No;No;Dry;0;Urban;No;06MAY2010;0;7:37;Female;No;Commercial;B: Evident Injury;Yes;O: No Injury;3906;May;0;Straight - Level;Piedmont;Not Applicable;Stop And Go Signal;Thursday;Intersection;14;0;Two-Way, Not Divided;6 lanes;0;#NULL!;#NULL!;Smooth Asphalt;#NULL!;Four-Way Intersection;Bicyclist Failed to Yield - Sign-Controlled Intersection;Local Street;B: Evident Injury;Mecklenburg;50;Clear;#NULL!;21-25 mph;30 - 35  MPH;2010;Daylight;50-59
35.0052899013, -78.9667626673;"{""type"": ""Point"", ""coordinates"": [-78.96676266728082, 35.0052899012866]}";Black;Hope Mills;Travel Lane;2;17;Urban (>70% Developed);Male;Passenger Car;0;#NULL!;0;0;Hispanic;No;0;6-10;Multiple Threat - Midblock;None;No;No;Wet;0;Urban;No;10MAR2010;0;17:50;Male;No;Commercial;B: Evident Injury;Yes;O: No Injury;3913;March;0;Straight - Level;Coastal;Not Applicable;No Control Present;Wednesday;Non-Intersection;10;0;Two-Way, Divided, Unprotected Median;7 lanes;0;#NULL!;#NULL!;Coarse Asphalt;#NULL!;No Special Feature;Bicyclist Failed to Yield - Midblock;Local Street;B: Evident Injury;Cumberland;19;Cloudy;#NULL!;11-15 mph;30 - 35  MPH;2010;Dusk;0-19
35.4741548717, -82.5164537516;"{""type"": ""Point"", ""coordinates"": [-82.51645375163024, 35.47415487174013]}";White;Asheville;Driveway / Alley;2;16;Urban (>70% Developed);Male;Pickup;0;#NULL!;0;0;White;No;0;6-10;Bicyclist Ride Out - Residential Driveway;None;No;No;Dry;0;Urban;No;03MAY2010;0;16:32;Male;No;Residential;B: Evident Injury;Yes;O: No Injury;3919;May;0;Straight - Level;Mountains;Not Applicable;Stop Sign;Monday;Non-Intersection;9;0;Two-Way, Not Divided;2 lanes;0;#NULL!;#NULL!;Smooth Asphalt;#NULL!;T-Intersection;Bicyclist Failed to Yield - Midblock;Local Street;B: Evident Injury;Buncombe;45;Clear;#NULL!;16-20 mph;30 - 35  MPH;2010;Daylight;40-49
35.5774838919, -82.554653769;"{""type"": ""Point"", ""coordinates"": [-82.55465376903025, 35.57748389191299]}";Black;Asheville;Travel Lane;2;13;Urban (>70% Developed);Male;Passenger Car;0;#NULL!;0;0;Black;No;0;6-10;Bicyclist Lost Control - Mechanical Problems;None;No;No;Dry;0;Urban;No;01MAY2010;0;13:47;Male;No;Residential;A: Disabling Injury;Yes;O: No Injury;3925;May;0;Straight - Hillcrest;Mountains;Facing Traffic;Other;Saturday;Intersection;6;0;Two-Way, Not Divided;2 lanes;0;#NULL!;#NULL!;Smooth Asphalt;#NULL!;T-Intersection;Loss of Control / Turning Error;Local Street;A: Disabling Injury;Buncombe;23;Clear;#NULL!;11-15 mph;20 - 25  MPH;2010;Daylight;20-24
35.5787868916, -82.5632137723;"{""type"": ""Point"", ""coordinates"": [-82.56321377228751, 35.57878689163794]}";White;Asheville;Travel Lane;2;10;Urban (>70% Developed);Female;Unknown;0;#NULL!;0;0;Unknown/Missing;No;0;30-39;Motorist Drive Out - Commercial Driveway / Alley;None;No;No;Wet;0;Urban;Yes;11MAY2010;0;10:55;Unknown;Missing;Commercial;C: Possible Injury;No;Unknown Injury;3933;May;0;Straight - Grade;Mountains;With Traffic;Double Yellow Line, No Passing Zone;Tuesday;Non-Intersection;32;0;Two-Way, Not Divided;2 lanes;0;#NULL!;#NULL!;Smooth Asphalt;#NULL!;Driveway, Public;Motorist Failed to Yield - Midblock;Local Street;C: Possible Injury;Buncombe;Unknown;Cloudy;#NULL!;6-10 mph;30 - 35  MPH;2010;Daylight;Unknown
34.7200668301, -79.2116427273;"{""type"": ""Point"", ""coordinates"": [-79.21164272729608, 34.720066830127294]}";Native American;None - Rural Crash;Travel Lane;2;19;Rural (<30% Developed);Male;Unknown;0;#NULL!;0;0;Unknown/Missing;No;0;11-15;Motorist Overtaking - Other / Unknown;None;No;No;Dry;0;Rural;Yes;13MAY2010;0;19:52;Unknown;No;Farms, Woods, Pastures;C: Possible Injury;Yes;Unknown Injury;3935;May;0;Straight - Level;Coastal;With Traffic;No Control Present;Thursday;Non-Intersection;14;0;Two-Way, Not Divided;2 lanes;0;#NULL!;#NULL!;Coarse Asphalt;#NULL!;No Special Feature;Motorist Overtaking Bicyclist;State Secondary Route;C: Possible Injury;Robeson;Unknown;Clear;#NULL!;11-15 mph;50 - 55  MPH;2010;Dawn;Unknown
35.7319370642, -78.7899226526;"{""type"": ""Point"", ""coordinates"": [-78.78992265261957, 35.731937064189296]}";Hispanic;Cary;Travel Lane;2;18;Urban (>70% Developed);Male;Sport Utility;0;#NULL!;0;0;Black;No;0;30-39;Motorist Drive Out - Sign-Controlled Intersection;None;No;No;Dry;0;Urban;No;25MAY2010;0;18:33;Male;No;Commercial;O: No Injury;No;O: No Injury;3938;May;0;Straight - Level;Piedmont;With Traffic;Stop Sign;Tuesday;Intersection;30;0;Two-Way, Divided, Unprotected Median;4 lanes;0;#NULL!;#NULL!;Smooth Asphalt;#NULL!;No Special Feature;Motorist Failed to Yield - Sign-Controlled Intersection;Local Street;O: No Injury;Wake;39;Clear;#NULL!;0-5 mph;40 - 45  MPH;2010;Daylight;30-39
35.9174271471, -77.5452982831;"{""type"": ""Point"", ""coordinates"": [-77.5452982830892, 35.91742714708674]}";Black;Tarboro;Travel Lane;2;20;Urban (>70% Developed);Male;Passenger Car;0;#NULL!;0;0;White;No;0;50-59;Motorist Drive Out - Sign-Controlled Intersection;None;No;No;Dry;0;Urban;No;12MAY2010;0;20:40;Female;No;Residential;C: Possible Injury;Yes;O: No Injury;3939;May;0;Straight - Level;Coastal;Facing Traffic;Stop Sign;Wednesday;Intersection;50;0;Two-Way, Not Divided;2 lanes;0;#NULL!;#NULL!;Smooth Asphalt;#NULL!;Four-Way Intersection;Motorist Failed to Yield - Sign-Controlled Intersection;Local Street;C: Possible Injury;Edgecombe;40;Clear;#NULL!;0-5 mph;20 - 25  MPH;2010;Dark - Lighted Roadway;40-49