Geo Point;Geo Shape;BikeRace;City;BikePos;NumUnits;CrashHour;Locality;BikeSex;DrvrVehTyp;NumBikesNo;BikeAlcDrg;NumBikesBI;RteInvdCd;DrvrRace;Workzone;NumBikesCi;BikeAgeGrp;CrashType;RdDefects;CrashAlcoh;BikeAlcoho;RdConditio;DstncMiFrm;RuralUrban;HitRun;CrashDate;NumBikesUI;CrashTime;DrvrSex;DrvrAlcoho;Developmen;CrashSevr;AmbulanceR;DrvrInjury;OBJECTID;CrashMonth;NumBikesKi;RdCharacte;Region;BikeDir;TraffCntrl;CrashDay;CrashLoc;BikeAge;NumBikesTo;RdConfig;NumLanes;NumBikesAI;DrvrAlcDrg;OnRoad;RdSurface;Towrd_Rd;RdFeature;CrashGrp;RdClass;BikeInjury;County;DrvrAge;Weather;FrmRd;DrvrEstSpd;SpeedLimit;CrashYear;LightCond;DrvrAgeGrp
36.0667971003, -79.7515929606;"{""type"": ""Point"", ""coordinates"": [-79.75159296059115, 36.066797100314496]}";Black;Greensboro;Travel Lane;2;20;Urban (>70% Developed);Male;Passenger Car;0;#NULL!;0;0;Unknown/Missing;No;0;30-39;Motorist Overtaking - Other / Unknown;None;No;No;Dry;0;Urban;Yes;13MAY2010;0;20:40;Unknown;Missing;Residential;B: Evident Injury;Yes;Unknown Injury;3942;May;0;Straight - Grade;Piedmont;With Traffic;No Control Present;Thursday;Non-Intersection;34;0;Two-Way, Not Divided;2 lanes;0;#NULL!;#NULL!;Smooth Asphalt;#NULL!;No Special Feature;Motorist Overtaking Bicyclist;Local Street;B: Evident Injury;Guilford;Unknown;Clear;#NULL!;31-35 mph;30 - 35  MPH;2010;Dark - Roadway Not Lighted;Unknown
35.2870398685, -81.5504434554;"{""type"": ""Point"", ""coordinates"": [-81.55044345542926, 35.287039868460546]}";White;Shelby;Driveway / Alley;2;16;Urban (>70% Developed);Male;Van;0;#NULL!;0;0;White;No;0;6-10;Non-Roadway;None;No;No;Dry;0;Urban;No;14MAY2010;0;16:18;Female;No;Residential;C: Possible Injury;No;O: No Injury;3943;May;0;Straight - Level;Mountains;Not Applicable;No Control Present;Friday;Non-Roadway;7;0;Unknown;Unknown;0;#NULL!;#NULL!;Other;#NULL!;No Special Feature;Non-Roadway;Private Road, Driveway;C: Possible Injury;Cleveland;26;Clear;#NULL!;0-5 mph;5 - 15 MPH;2010;Daylight;25-29
35.217112879, -80.8698682495;"{""type"": ""Point"", ""coordinates"": [-80.86986824948667, 35.217112878958396]}";White;Charlotte;Travel Lane;2;9;Urban (>70% Developed);Male;Unknown;0;#NULL!;0;0;Unknown/Missing;No;0;40-49;Motorist Drive Out - Sign-Controlled Intersection;None;No;No;Dry;0;Urban;Yes;15MAY2010;0;9:10;Unknown;Missing;Residential;C: Possible Injury;No;Unknown Injury;3952;May;0;Straight - Grade;Piedmont;With Traffic;No Control Present;Saturday;Intersection;43;0;Two-Way, Not Divided;4 lanes;0;#NULL!;#NULL!;Smooth Asphalt;#NULL!;Four-Way Intersection;Motorist Failed to Yield - Sign-Controlled Intersection;Local Street;C: Possible Injury;Mecklenburg;Unknown;Clear;#NULL!;11-15 mph;30 - 35  MPH;2010;Daylight;Unknown
36.0672641111, -79.4642668742;"{""type"": ""Point"", ""coordinates"": [-79.4642668742091, 36.06726411108924]}";White;Burlington;Travel Lane;2;18;Urban (>70% Developed);Male;Sport Utility;0;#NULL!;0;0;Black;No;0;20-24;Bicyclist Left Turn - Same Direction;None;No;No;Dry;0;Urban;No;16MAY2010;0;18:24;Female;No;Residential;A: Disabling Injury;Yes;O: No Injury;3953;May;0;Straight - Level;Piedmont;With Traffic;No Control Present;Sunday;Non-Intersection;21;0;Two-Way, Not Divided;2 lanes;0;#NULL!;#NULL!;Coarse Asphalt;#NULL!;No Special Feature;Bicyclist Left Turn / Merge;Local Street;A: Disabling Injury;Alamance;29;Clear;#NULL!;16-20 mph;30 - 35  MPH;2010;Daylight;25-29
35.9955741508, -77.9302524044;"{""type"": ""Point"", ""coordinates"": [-77.93025240440555, 35.99557415081509]}";White;None - Rural Crash;Other;2;7;Mixed (30% To 70% Developed);Male;Passenger Car;0;#NULL!;0;0;White;No;0;20-24;Motorist Lost Control - Other / Unknown;None;No;No;Dry;0;Rural;No;27MAY2010;0;7:35;Female;No;Residential;A: Disabling Injury;Yes;O: No Injury;3956;May;0;Straight - Level;Coastal;With Traffic;Double Yellow Line, No Passing Zone;Thursday;Non-Intersection;22;0;Two-Way, Not Divided;2 lanes;0;#NULL!;#NULL!;Smooth Asphalt;#NULL!;No Special Feature;Loss of Control / Turning Error;State Secondary Route;A: Disabling Injury;Nash;22;Clear;#NULL!;41-45 mph;40 - 45  MPH;2010;Daylight;20-24
36.0588070975, -79.7897369722;"{""type"": ""Point"", ""coordinates"": [-79.78973697218466, 36.05880709752531]}";Black;Greensboro;Travel Lane;2;18;Urban (>70% Developed);Male;Sport Utility;0;#NULL!;0;0;White;No;0;40-49;Bicyclist Ride Through - Sign-Controlled Intersection;None;No;No;Dry;0;Urban;No;20MAY2010;0;18:00;Female;No;Industrial;B: Evident Injury;Yes;O: No Injury;3958;May;0;Straight - Bottom;Piedmont;With Traffic;Stop Sign;Thursday;Intersection;48;0;Two-Way, Not Divided;2 lanes;0;#NULL!;#NULL!;Smooth Asphalt;#NULL!;Four-Way Intersection;Bicyclist Failed to Yield - Sign-Controlled Intersection;Local Street;B: Evident Injury;Guilford;29;Clear;#NULL!;16-20 mph;20 - 25  MPH;2010;Daylight;25-29
34.2561447751, -77.8262582865;"{""type"": ""Point"", ""coordinates"": [-77.82625828649834, 34.25614477505922]}";White;Wilmington;Multi-use Path;2;19;Urban (>70% Developed);Male;Unknown;0;#NULL!;0;0;Unknown/Missing;No;0;20-24;Motorist Drive Out - Signalized Intersection;None;No;No;Dry;0;Urban;Yes;21MAY2010;0;19:16;Unknown;Missing;Residential;B: Evident Injury;No;Unknown Injury;3961;May;0;Straight - Level;Coastal;Facing Traffic;Stop And Go Signal;Friday;Intersection;22;0;Two-Way, Divided, Positive Median Barrier;7 lanes;0;#NULL!;#NULL!;Other;#NULL!;No Special Feature;Motorist Failed to Yield - Signalized Intersection;Local Street;B: Evident Injury;New Hanover;Unknown;Clear;#NULL!;0-5 mph;5 - 15 MPH;2010;Daylight;Unknown
35.1773449232, -79.4053328088;"{""type"": ""Point"", ""coordinates"": [-79.40533280884662, 35.17734492321027]}";Black;Southern Pines;Travel Lane;2;11;Urban (>70% Developed);Male;Passenger Car;0;#NULL!;0;0;Black;No;0;16-19;Bicyclist Ride Through - Sign-Controlled Intersection;None;No;No;Dry;0;Urban;No;21MAY2010;0;11:02;Female;No;Residential;B: Evident Injury;Yes;O: No Injury;3962;May;0;Straight - Grade;Piedmont;With Traffic;Stop Sign;Friday;Intersection;19;0;Two-Way, Not Divided;2 lanes;0;#NULL!;#NULL!;Coarse Asphalt;#NULL!;Four-Way Intersection;Bicyclist Failed to Yield - Sign-Controlled Intersection;Local Street;B: Evident Injury;Moore;35;Clear;#NULL!;31-35 mph;30 - 35  MPH;2010;Daylight;30-39
36.0106001186, -78.926867709;"{""type"": ""Point"", ""coordinates"": [-78.92686770903177, 36.010600118557456]}";White;Durham;Sidewalk / Crosswalk / Driveway Crossing;2;9;Urban (>70% Developed);Male;Sport Utility;0;#NULL!;0;0;Black;No;0;25-29;Motorist Left Turn - Opposite Direction;None;No;No;Dry;0;Urban;No;08JUN2010;0;9:54;Female;No;Commercial;B: Evident Injury;Yes;O: No Injury;3974;June;0;Straight - Level;Piedmont;With Traffic;No Control Present;Tuesday;Intersection;27;0;Two-Way, Not Divided;3 lanes;0;#NULL!;#NULL!;Smooth Asphalt;#NULL!;No Special Feature;Motorist Left Turn / Merge;Local Street;B: Evident Injury;Durham;58;Clear;#NULL!;6-10 mph;20 - 25  MPH;2010;Daylight;50-59
35.7950510808, -78.6917426258;"{""type"": ""Point"", ""coordinates"": [-78.69174262582607, 35.795051080765354]}";White;Raleigh;Travel Lane;2;13;Urban (>70% Developed);Female;Passenger Car;0;#NULL!;0;0;Black;No;0;25-29;Bicyclist Left Turn - Same Direction;None;No;No;Dry;0;Urban;No;15MAY2010;0;13:15;Female;No;Commercial;B: Evident Injury;No;O: No Injury;3976;May;0;Straight - Level;Piedmont;With Traffic;No Control Present;Saturday;Non-Intersection;28;0;Two-Way, Divided, Unprotected Median;5 lanes;0;#NULL!;#NULL!;Smooth Asphalt;#NULL!;No Special Feature;Bicyclist Left Turn / Merge;Local Street;B: Evident Injury;Wake;21;Clear;#NULL!;21-25 mph;30 - 35  MPH;2010;Daylight;20-24
34.1937467574, -77.9354883162;"{""type"": ""Point"", ""coordinates"": [-77.93548831623077, 34.19374675741813]}";White;Wilmington;Sidewalk / Crosswalk / Driveway Crossing;2;13;Urban (>70% Developed);Male;Van;0;#NULL!;0;0;White;No;0;40-49;Bicyclist Ride Out - Sign-Controlled Intersection;None;No;No;Dry;0;Urban;No;10MAY2010;0;13:31;Female;No;Commercial;B: Evident Injury;Yes;O: No Injury;3984;May;0;Straight - Level;Coastal;With Traffic;Stop Sign;Monday;Intersection;47;0;Two-Way, Not Divided;2 lanes;0;#NULL!;#NULL!;Smooth Asphalt;#NULL!;No Special Feature;Bicyclist Failed to Yield - Sign-Controlled Intersection;Local Street;B: Evident Injury;New Hanover;63;Clear;#NULL!;16-20 mph;30 - 35  MPH;2010;Daylight;60-69
35.652453985, -80.4977331624;"{""type"": ""Point"", ""coordinates"": [-80.4977331623603, 35.65245398498753]}";White;Salisbury;Travel Lane;2;17;Urban (>70% Developed);Male;Passenger Car;0;#NULL!;0;0;White;No;0;50-59;Motorist Left Turn - Opposite Direction;None;No;No;Wet;0;Urban;No;10JUN2010;0;17:45;Male;No;Commercial;B: Evident Injury;Yes;O: No Injury;3985;June;0;Straight - Level;Piedmont;With Traffic;Stop And Go Signal;Thursday;Intersection;53;0;Two-Way, Not Divided;4 lanes;0;#NULL!;#NULL!;Coarse Asphalt;#NULL!;T-Intersection;Motorist Left Turn / Merge;US Route;B: Evident Injury;Rowan;53;Cloudy;#NULL!;0-5 mph;40 - 45  MPH;2010;Daylight;50-59
34.2425337682, -77.9440223217;"{""type"": ""Point"", ""coordinates"": [-77.94402232170695, 34.242533768246965]}";Black;Wilmington;Travel Lane;2;14;Urban (>70% Developed);Male;Sport Utility;0;#NULL!;0;0;Black;No;0;20-24;Bicyclist Ride Out - Sign-Controlled Intersection;None;No;No;Dry;0;Urban;No;28MAY2010;0;14:05;Male;No;Residential;C: Possible Injury;No;O: No Injury;3991;May;0;Straight - Level;Coastal;With Traffic;Stop Sign;Friday;Intersection;20;0;Two-Way, Divided, Unprotected Median;4 lanes;0;#NULL!;#NULL!;Coarse Asphalt;#NULL!;Four-Way Intersection;Bicyclist Failed to Yield - Sign-Controlled Intersection;Local Street;C: Possible Injury;New Hanover;34;Clear;#NULL!;21-25 mph;20 - 25  MPH;2010;Daylight;30-39
35.2017628764, -80.8444932409;"{""type"": ""Point"", ""coordinates"": [-80.84449324092314, 35.20176287644491]}";White;Charlotte;Travel Lane;2;18;Urban (>70% Developed);Male;Passenger Car;0;#NULL!;0;0;Black;No;0;25-29;Bicyclist Overtaking - Other / Unknown;None;No;No;Dry;0;Urban;No;25MAY2010;0;18:52;Female;No;Commercial;C: Possible Injury;No;O: No Injury;3999;May;0;Straight - Level;Piedmont;With Traffic;No Control Present;Tuesday;Non-Intersection;25;0;Two-Way, Not Divided;4 lanes;0;#NULL!;#NULL!;Smooth Asphalt;#NULL!;No Special Feature;Bicyclist Overtaking Motorist;Local Street;C: Possible Injury;Mecklenburg;20;Clear;#NULL!;11-15 mph;30 - 35  MPH;2010;Daylight;20-24
34.6819468931, -77.0864020828;"{""type"": ""Point"", ""coordinates"": [-77.08640208284457, 34.6819468930657]}";White;Cedar Point;Sidewalk / Crosswalk / Driveway Crossing;2;11;Urban (>70% Developed);Male;Pedalcycle;0;#NULL!;0;0;White;No;0;60-69;Motorist Drive Out - Commercial Driveway / Alley;None;No;No;Dry;0;Rural;No;13JUL2013;0;11:17;Male;No;Commercial;O: No Injury;No;O: No Injury;1254;July;0;Straight - Level;Coastal;Facing Traffic;No Control Present;Saturday;Non-Intersection;60;0;Two-Way, Not Divided;Unknown;0;#NULL!;PVA REDFEARN'S NURSERY;Coarse Asphalt;#NULL!;Driveway, Public;Motorist Failed to Yield - Midblock;Public Vehicular Area;O: No Injury;Carteret;65;Cloudy;#NULL!;Unknown;Unknown;2013;Daylight;60-69
34.2202967666, -77.8204022828;"{""type"": ""Point"", ""coordinates"": [-77.82040228278892, 34.22029676661806]}";White;Wilmington;Other;2;22;Urban (>70% Developed);Male;Passenger Car;0;#NULL!;0;0;White;No;0;25-29;Motorist Lost Control - Other / Unknown;None;No;No;Dry;0;Urban;No;13JUN2013;0;22:16;Female;No;Commercial;K: Killed;Yes;O: No Injury;1242;June;0;Straight - Level;Coastal;With Traffic;No Control Present;Thursday;Intersection-Related;27;0;Two-Way, Divided, Unprotected Median;Unknown;0;#NULL!;WRIGHTSVILLE AVE;Coarse Asphalt;#NULL!;No Special Feature;Loss of Control / Turning Error;Local Street;K: Killed;New Hanover;23;Clear;#NULL!;Unknown;40 - 45  MPH;2013;Dark - Lighted Roadway;20-24
34.6649468909, -77.0341020661;"{""type"": ""Point"", ""coordinates"": [-77.03410206610113, 34.66494689085645]}";White;Emerald Isle;Multi-use Path;2;13;Urban (>70% Developed);Female;Passenger Car;0;#NULL!;0;0;White;No;0;6-10;Bicyclist Ride Through - Sign-Controlled Intersection;None;No;No;Dry;0;Rural;No;24JUN2013;0;13:16;Female;No;Commercial;O: No Injury;No;O: No Injury;1240;June;0;Straight - Level;Coastal;Facing Traffic;Stop Sign;Monday;Intersection;10;0;Two-Way, Not Divided;8 lanes;0;#NULL!;EASTVIEW DR;Smooth Asphalt;#NULL!;T-Intersection;Bicyclist Failed to Yield - Sign-Controlled Intersection;Local Street;O: No Injury;Carteret;22;Cloudy;#NULL!;Unknown;20 - 25  MPH;2013;Daylight;20-24
35.7243070934, -77.911302385;"{""type"": ""Point"", ""coordinates"": [-77.91130238504606, 35.72430709340405]}";Black;Wilson;Sidewalk / Crosswalk / Driveway Crossing;2;10;Urban (>70% Developed);Male;Passenger Car;0;#NULL!;0;0;Black;No;0;50-59;Bicyclist Ride Out - Other Midblock;None;No;No;Wet;0;Urban;No;07JUN2013;0;10:19;Female;No;Commercial;O: No Injury;No;O: No Injury;1241;June;0;Straight - Level;Coastal;Unknown;No Control Present;Friday;Non-Intersection;54;0;Two-Way, Not Divided;5 lanes;0;#NULL!;GOLDSBORO ST;Coarse Asphalt;#NULL!;No Special Feature;Bicyclist Failed to Yield - Midblock;Local Street;O: No Injury;Wilson;63;Rain;#NULL!;0-5 mph;30 - 35  MPH;2013;Daylight;60-69
35.9497071446, -77.8182023679;"{""type"": ""Point"", ""coordinates"": [-77.81820236789736, 35.94970714456017]}";Black;None - Rural Crash;Travel Lane;2;21;Urban (>70% Developed);Male;Pickup;0;#NULL!;0;0;White;No;0;30-39;Motorist Overtaking - Other / Unknown;None;Yes;No;Dry;0;Rural;No;29JUN2013;0;21:34;Male;Yes;Commercial;O: No Injury;No;O: No Injury;1249;June;0;Straight - Level;Coastal;With Traffic;No Control Present;Saturday;Non-Intersection;39;0;One-Way, Not Divided;2 lanes;0;#NULL!;SUNSET AVE;Smooth Asphalt;#NULL!;No Special Feature;Motorist Overtaking Bicyclist;Local Street;O: No Injury;Nash;23;Clear;#NULL!;31-35 mph;30 - 35  MPH;2013;Dark - Lighted Roadway;20-24
36.0652970986, -79.7909029731;"{""type"": ""Point"", ""coordinates"": [-79.79090297308862, 36.06529709857032]}";Black;Greensboro;Sidewalk / Crosswalk / Driveway Crossing;2;17;Urban (>70% Developed);Male;Passenger Car;0;#NULL!;0;0;White;No;0;16-19;Motorist Drive Out - Sign-Controlled Intersection;None;No;No;Dry;0;Urban;No;24JUL2013;0;17:56;Male;No;Commercial;C: Possible Injury;Yes;O: No Injury;1307;July;0;Straight - Level;Piedmont;Facing Traffic;Stop Sign;Wednesday;Intersection;16;0;Two-Way, Not Divided;2 lanes;0;#NULL!;BAIN ST;Smooth Asphalt;#NULL!;T-Intersection;Motorist Failed to Yield - Sign-Controlled Intersection;Local Street;C: Possible Injury;Guilford;23;Clear;#NULL!;0-5 mph;20 - 25  MPH;2013;Daylight;20-24
35.7840570818, -78.613402601;"{""type"": ""Point"", ""coordinates"": [-78.61340260099604, 35.78405708183501]}";Black;Raleigh;Travel Lane;2;16;Urban (>70% Developed);Male;Van;0;#NULL!;0;0;Black;No;0;11-15;Bicyclist Ride Through - Signalized Intersection;None;No;No;Wet;0;Urban;No;31JUL2013;0;16:26;Male;No;Residential;B: Evident Injury;No;O: No Injury;1308;July;0;Straight - Level;Piedmont;With Traffic;Stop And Go Signal;Wednesday;Intersection;15;0;Two-Way, Divided, Unprotected Median;5 lanes;0;#NULL!;N RALEIGH BLVD;Smooth Asphalt;#NULL!;Traffic Circle/Roundabout;Bicyclist Failed to Yield - Signalized Intersection;Local Street;B: Evident Injury;Wake;53;Cloudy;#NULL!;16-20 mph;30 - 35  MPH;2013;Daylight;50-59
35.9089470926, -79.0589027425;"{""type"": ""Point"", ""coordinates"": [-79.0589027425235, 35.90894709261495]}";White;Chapel Hill;Travel Lane;2;18;Urban (>70% Developed);Male;Passenger Car;0;#NULL!;0;0;White;No;0;20-24;Motorist Drive Through - Signalized Intersection;None;Yes;No;Dry;0;Urban;No;17JUL2013;0;18:49;Male;Yes;Residential;C: Possible Injury;No;O: No Injury;1306;July;0;Straight - Level;Piedmont;Facing Traffic;Stop And Go Signal;Wednesday;Intersection;23;0;Two-Way, Not Divided;2 lanes;0;#NULL!;W CAMERON AVE;Smooth Asphalt;#NULL!;No Special Feature;Motorist Failed to Yield - Signalized Intersection;Local Street;C: Possible Injury;Orange;21;Clear;#NULL!;26-30 mph;20 - 25  MPH;2013;Daylight;20-24
35.2416768781, -81.0313032987;"{""type"": ""Point"", ""coordinates"": [-81.03130329866, 35.24167687810136]}";White;Belmont;Travel Lane;2;23;Urban (>70% Developed);Male;Passenger Car;0;#NULL!;0;0;Black;No;0;25-29;Parallel Paths - Other / Unknown;None;No;No;Wet;0;Urban;No;09JUL2013;0;23:15;Male;No;Residential;B: Evident Injury;Yes;O: No Injury;1303;July;0;Straight - Hillcrest;Piedmont;With Traffic;No Control Present;Tuesday;Non-Intersection;25;0;Two-Way, Not Divided;4 lanes;0;#NULL!;KEENER BLVD;Coarse Asphalt;#NULL!;No Special Feature;Parallel Paths - Other Circumstances;NC Route;B: Evident Injury;Gaston;32;Rain;#NULL!;41-45 mph;40 - 45  MPH;2013;Dark - Roadway Not Lighted;30-39
35.0251469057, -78.9647026681;"{""type"": ""Point"", ""coordinates"": [-78.96470266807238, 35.02514690571824]}";Unknown/Missing;Fayetteville;Travel Lane;2;15;Mixed (30% To 70% Developed);Unknown;Sport Utility;0;#NULL!;0;0;White;No;0;Unknown;Bicyclist Ride Through - Sign-Controlled Intersection;None;No;Missing;Wet;0;Urban;No;09MAY2012;0;15:32;Female;No;Residential;O: No Injury;No;O: No Injury;2082;May;0;Straight - Level;Coastal;With Traffic;Stop Sign;Wednesday;Intersection;Unknown;0;Two-Way, Not Divided;4 lanes;0;#NULL!;#NULL!;Smooth Asphalt;#NULL!;No Special Feature;Bicyclist Failed to Yield - Sign-Controlled Intersection;Local Street;Unknown Injury;Cumberland;28;Rain;#NULL!;26-30 mph;20 - 25  MPH;2012;Daylight;25-29
35.8447870288, -80.4373031541;"{""type"": ""Point"", ""coordinates"": [-80.43730315405045, 35.84478702878156]}";White;None - Rural Crash;Travel Lane;2;21;Rural (<30% Developed);Male;Pickup;0;#NULL!;0;0;White;No;0;11-15;Motorist Overtaking - Bicyclist Swerved;None;No;No;Dry;0;Rural;No;28MAY2012;0;21:30;Male;No;Farms, Woods, Pastures;A: Disabling Injury;Yes;O: No Injury;2067;May;0;Straight - Grade;Piedmont;With Traffic;Double Yellow Line, No Passing Zone;Monday;Non-Intersection;15;0;Two-Way, Not Divided;2 lanes;0;#NULL!;#NULL!;Smooth Asphalt;#NULL!;No Special Feature;Motorist Overtaking Bicyclist;State Secondary Route;A: Disabling Injury;Davie;32;Clear;#NULL!;36-40 mph;50 - 55  MPH;2012;Dark - Roadway Not Lighted;30-39
36.0972871049, -79.8175029827;"{""type"": ""Point"", ""coordinates"": [-79.81750298274194, 36.097287104876685]}";Black;Greensboro;Travel Lane;2;14;Urban (>70% Developed);Male;Passenger Car;0;#NULL!;0;0;White;No;0;40-49;Bicyclist Ride Through - Signalized Intersection;None;No;No;Dry;0;Urban;Yes;27MAY2012;0;14:50;Female;No;Commercial;C: Possible Injury;Yes;O: No Injury;2066;May;0;Straight - Level;Piedmont;With Traffic;Stop And Go Signal;Sunday;Intersection;46;0;Two-Way, Divided, Positive Median Barrier;5 lanes;0;#NULL!;#NULL!;Smooth Asphalt;#NULL!;Four-Way Intersection;Bicyclist Failed to Yield - Signalized Intersection;Local Street;C: Possible Injury;Guilford;57;Clear;#NULL!;31-35 mph;30 - 35  MPH;2012;Daylight;50-59
35.469256868, -82.5781037696;"{""type"": ""Point"", ""coordinates"": [-82.57810376962195, 35.469256867961754]}";White;None - Rural Crash;Bike Lane / Paved Shoulder;2;17;Urban (>70% Developed);Male;Van;0;#NULL!;0;0;Unknown/Missing;No;0;20-24;Motorist Left Turn - Opposite Direction;None;No;No;Dry;0;Rural;Yes;07JUN2012;0;17:42;Unknown;No;Commercial;B: Evident Injury;Yes;Unknown Injury;2099;June;0;Straight - Grade;Mountains;With Traffic;Double Yellow Line, No Passing Zone;Thursday;Non-Intersection;20;0;Two-Way, Not Divided;2 lanes;0;#NULL!;#NULL!;Smooth Asphalt;#NULL!;Driveway, Public;Motorist Left Turn / Merge;NC Route;B: Evident Injury;Buncombe;Unknown;Clear;#NULL!;6-10 mph;40 - 45  MPH;2012;Daylight;Unknown
35.6207670542, -78.401502529;"{""type"": ""Point"", ""coordinates"": [-78.40150252904411, 35.620767054171246]}";Hispanic;None - Rural Crash;Travel Lane;2;16;Rural (<30% Developed);Male;Pickup;0;#NULL!;0;0;White;No;0;6-10;Bicyclist Right Turn - Opposite Direction;None;No;No;Dry;0;Rural;No;30MAY2012;0;16:49;Male;No;Residential;K: Killed;Yes;O: No Injury;2085;May;0;Curve - Level;Coastal;Facing Traffic;Double Yellow Line, No Passing Zone;Wednesday;Non-Intersection;7;0;Two-Way, Not Divided;2 lanes;0;#NULL!;#NULL!;Coarse Asphalt;#NULL!;No Special Feature;Bicyclist Right Turn / Merge;State Secondary Route;K: Killed;Johnston;38;Clear;#NULL!;51-55 mph;50 - 55  MPH;2012;Dark - Roadway Not Lighted;30-39
34.2359367672, -77.9275023168;"{""type"": ""Point"", ""coordinates"": [-77.92750231678411, 34.23593676720557]}";White;Wilmington;Travel Lane;2;9;Urban (>70% Developed);Female;Unknown;0;#NULL!;0;0;Unknown/Missing;No;0;16-19;Signalized Intersection - Other / Unknown;None;No;No;Wet;0;Urban;Yes;29MAY2012;0;9:17;Unknown;No;Commercial;C: Possible Injury;No;Unknown Injury;2094;May;0;Straight - Level;Coastal;With Traffic;Stop And Go Signal;Tuesday;Intersection;16;0;One-Way, Not Divided;2 lanes;0;#NULL!;#NULL!;Smooth Asphalt;#NULL!;No Special Feature;Crossing Paths - Other Circumstances;Local Street;C: Possible Injury;New Hanover;Unknown;Rain;#NULL!;Unknown;30 - 35  MPH;2012;Daylight;Unknown
35.2329768834, -80.8500032448;"{""type"": ""Point"", ""coordinates"": [-80.85000324477127, 35.23297688339548]}";White;Charlotte;Travel Lane;2;17;Urban (>70% Developed);Female;Unknown;0;#NULL!;0;0;Unknown/Missing;No;0;30-39;Motorist Overtaking - Other / Unknown;None;No;No;Dry;0;Urban;Yes;08JUN2012;0;17:51;Unknown;Missing;Commercial;B: Evident Injury;No;Unknown Injury;2107;June;0;Straight - Level;Piedmont;With Traffic;No Control Present;Friday;Non-Intersection;31;0;Two-Way, Not Divided;2 lanes;0;#NULL!;#NULL!;Concrete;#NULL!;No Special Feature;Motorist Overtaking Bicyclist;Local Street;B: Evident Injury;Mecklenburg;Unknown;Clear;#NULL!;11-15 mph;30 - 35  MPH;2012;Daylight;Unknown
34.2248567641, -77.9354023177;"{""type"": ""Point"", ""coordinates"": [-77.93540231774791, 34.22485676414925]}";White;Wilmington;Travel Lane;2;14;Urban (>70% Developed);Male;Pickup;0;#NULL!;0;0;Black;No;0;16-19;Bicyclist Ride Through - Signalized Intersection;None;No;No;Wet;0;Urban;No;25MAY2012;0;14:44;Male;No;Residential;B: Evident Injury;Yes;O: No Injury;2087;May;0;Straight - Level;Coastal;With Traffic;Stop And Go Signal;Friday;Intersection;19;0;Two-Way, Not Divided;6 lanes;0;#NULL!;#NULL!;Coarse Asphalt;#NULL!;Four-Way Intersection;Bicyclist Failed to Yield - Signalized Intersection;US Route;B: Evident Injury;New Hanover;34;Rain;#NULL!;21-25 mph;20 - 25  MPH;2012;Daylight;30-39
36.2894772459, -76.9933021335;"{""type"": ""Point"", ""coordinates"": [-76.9933021335214, 36.28947724590011]}";Black;Ahoskie;Travel Lane;2;23;Urban (>70% Developed);Male;Passenger Car;0;#NULL!;0;0;Black;No;0;20-24;Unusual Circumstances;None;No;No;Dry;0;Rural;No;13FEB2012;0;23:43;Female;No;Residential;A: Disabling Injury;Yes;O: No Injury;2068;February;0;Straight - Grade;Coastal;With Traffic;No Control Present;Monday;Non-Intersection;21;0;Two-Way, Not Divided;2 lanes;0;#NULL!;#NULL!;Coarse Asphalt;#NULL!;No Special Feature;Other / Unusual Circumstances;Local Street;A: Disabling Injury;Hertford;26;Clear;#NULL!;31-35 mph;20 - 25  MPH;2012;Dark - Lighted Roadway;25-29
35.534926949, -80.8001032456;"{""type"": ""Point"", ""coordinates"": [-80.8001032456486, 35.5349269489991]}";White;Mooresville;Non-Roadway;2;20;Urban (>70% Developed);Male;Sport Utility;0;#NULL!;0;0;White;No;0;11-15;Non-Roadway;None;No;No;Dry;0;Urban;No;28MAY2012;0;20:24;Female;No;Commercial;O: No Injury;No;O: No Injury;2091;May;0;Straight - Level;Piedmont;Not Applicable;No Control Present;Monday;Non-Roadway;11;0;Two-Way, Not Divided;Unknown;0;#NULL!;#NULL!;Smooth Asphalt;#NULL!;No Special Feature;Non-Roadway;Public Vehicular Area;O: No Injury;Iredell;50;Clear;#NULL!;0-5 mph;5 - 15 MPH;2012;Daylight;50-59
35.5873968927, -82.5868037796;"{""type"": ""Point"", ""coordinates"": [-82.58680377958436, 35.587396892733814]}";Other;Asheville;Sidewalk / Crosswalk / Driveway Crossing;2;13;Urban (>70% Developed);Male;Passenger Car;0;#NULL!;0;0;Unknown/Missing;No;0;16-19;Motorist Lost Control - Other / Unknown;None;No;No;Dry;0;Urban;Yes;21JUN2012;0;13:15;Unknown;No;Commercial;C: Possible Injury;No;Unknown Injury;2222;June;0;Straight - Level;Mountains;Facing Traffic;No Control Present;Thursday;Intersection-Related;18;0;Two-Way, Divided, Positive Median Barrier;3 lanes;0;#NULL!;#NULL!;Smooth Asphalt;#NULL!;No Special Feature;Loss of Control / Turning Error;US Route;C: Possible Injury;Buncombe;Unknown;Clear;#NULL!;31-35 mph;30 - 35  MPH;2012;Daylight;Unknown
35.0490168946, -79.4349028111;"{""type"": ""Point"", ""coordinates"": [-79.43490281111903, 35.04901689458715]}";Native American;None - Rural Crash;Non-Roadway;2;15;Mixed (30% To 70% Developed);Female;Pickup;0;#NULL!;0;0;Hispanic;No;0;6-10;Motorist Drive Out - Sign-Controlled Intersection;None;No;No;Dry;0;Rural;No;17JUL2012;0;15:32;Male;No;Commercial;B: Evident Injury;Yes;O: No Injury;2225;July;0;Straight - Grade;Coastal;Unknown;Double Yellow Line, No Passing Zone;Tuesday;Intersection-Related;10;0;Two-Way, Not Divided;2 lanes;0;#NULL!;#NULL!;Coarse Asphalt;#NULL!;No Special Feature;Motorist Failed to Yield - Sign-Controlled Intersection;State Secondary Route;B: Evident Injury;Hoke;18;Clear;#NULL!;16-20 mph;40 - 45  MPH;2012;Daylight;0-19