Geo Point;Geo Shape;BikeRace;City;BikePos;NumUnits;CrashHour;Locality;BikeSex;DrvrVehTyp;NumBikesNo;BikeAlcDrg;NumBikesBI;RteInvdCd;DrvrRace;Workzone;NumBikesCi;BikeAgeGrp;CrashType;RdDefects;CrashAlcoh;BikeAlcoho;RdConditio;DstncMiFrm;RuralUrban;HitRun;CrashDate;NumBikesUI;CrashTime;DrvrSex;DrvrAlcoho;Developmen;CrashSevr;AmbulanceR;DrvrInjury;OBJECTID;CrashMonth;NumBikesKi;RdCharacte;Region;BikeDir;TraffCntrl;CrashDay;CrashLoc;BikeAge;NumBikesTo;RdConfig;NumLanes;NumBikesAI;DrvrAlcDrg;OnRoad;RdSurface;Towrd_Rd;RdFeature;CrashGrp;RdClass;BikeInjury;County;DrvrAge;Weather;FrmRd;DrvrEstSpd;SpeedLimit;CrashYear;LightCond;DrvrAgeGrp
36.3393872073, -78.3893025632;"{""type"": ""Point"", ""coordinates"": [-78.38930256323896, 36.339387207269425]}";Black;None - Rural Crash;Travel Lane;2;20;Mixed (30% To 70% Developed);Male;Pickup;0;#NULL!;0;0;White;No;0;6-10;Bicyclist Ride Through - Sign-Controlled Intersection;None;No;No;Dry;0;Rural;No;15JUL2012;0;20:57;Male;No;Residential;C: Possible Injury;Yes;O: No Injury;2217;July;0;Straight - Level;Piedmont;Facing Traffic;Stop Sign;Sunday;Intersection;6;0;Two-Way, Not Divided;2 lanes;0;#NULL!;#NULL!;Smooth Asphalt;#NULL!;T-Intersection;Bicyclist Failed to Yield - Sign-Controlled Intersection;State Secondary Route;C: Possible Injury;Vance;21;Clear;#NULL!;31-35 mph;50 - 55  MPH;2012;Dark - Roadway Not Lighted;20-24
35.7839370795, -78.6606026159;"{""type"": ""Point"", ""coordinates"": [-78.66060261594613, 35.783937079493334]}";White;Raleigh;Sidewalk / Crosswalk / Driveway Crossing;2;16;Mixed (30% To 70% Developed);Male;Passenger Car;0;#NULL!;0;0;Unknown/Missing;No;0;16-19;Motorist Drive Out - Midblock - Unknown;None;No;No;Dry;0;Urban;Yes;24JUN2012;0;16:31;Unknown;Missing;Residential;O: No Injury;No;Unknown Injury;2170;June;0;Straight - Level;Piedmont;With Traffic;No Control Present;Sunday;Non-Intersection;19;0;Two-Way, Not Divided;2 lanes;0;#NULL!;#NULL!;Smooth Asphalt;#NULL!;No Special Feature;Motorist Failed to Yield - Midblock;Local Street;O: No Injury;Wake;Unknown;Clear;#NULL!;0-5 mph;20 - 25  MPH;2012;Daylight;Unknown
35.8429470116, -80.8863032891;"{""type"": ""Point"", ""coordinates"": [-80.88630328906547, 35.84294701161948]}";White;None - Rural Crash;Travel Lane;2;9;Rural (<30% Developed);Male;Passenger Car;0;#NULL!;0;0;White;No;0;40-49;Motorist Overtaking - Other / Unknown;None;No;No;Dry;0;Rural;No;07JUL2012;0;9:48;Male;No;Farms, Woods, Pastures;A: Disabling Injury;Yes;O: No Injury;2204;July;0;Straight - Hillcrest;Piedmont;With Traffic;Double Yellow Line, No Passing Zone;Saturday;Non-Intersection;44;0;Two-Way, Not Divided;2 lanes;0;#NULL!;#NULL!;Coarse Asphalt;#NULL!;Driveway, Public;Motorist Overtaking Bicyclist;State Secondary Route;A: Disabling Injury;Iredell;38;Clear;#NULL!;51-55 mph;50 - 55  MPH;2012;Daylight;30-39
33.9516266994, -78.0455023385;"{""type"": ""Point"", ""coordinates"": [-78.04550233851052, 33.951626699404834]}";Black;None - Rural Crash;Sidewalk / Crosswalk / Driveway Crossing;2;14;Urban (>70% Developed);Male;Pickup;0;#NULL!;0;0;White;No;0;25-29;Motorist Drive Out - Commercial Driveway / Alley;None;No;No;Dry;0;Rural;No;26JUN2012;0;14:52;Male;No;Commercial;C: Possible Injury;Yes;O: No Injury;2163;June;0;Straight - Level;Coastal;Facing Traffic;No Control Present;Tuesday;Non-Intersection;29;0;Two-Way, Not Divided;3 lanes;0;#NULL!;#NULL!;Coarse Asphalt;#NULL!;Driveway, Public;Motorist Failed to Yield - Midblock;NC Route;C: Possible Injury;Brunswick;26;Clear;#NULL!;11-15 mph;5 - 15 MPH;2012;Daylight;25-29
35.9293272145, -75.6106016904;"{""type"": ""Point"", ""coordinates"": [-75.610601690445, 35.92932721449886]}";White;Nags Head;Travel Lane;2;12;Urban (>70% Developed);Female;Passenger Car;0;#NULL!;0;0;White;No;0;20-24;Motorist Drive Out - Right Turn on Red;None;No;No;Dry;0;Rural;No;29JUN2012;0;12:01;Male;No;Residential;B: Evident Injury;No;O: No Injury;2238;June;0;Straight - Level;Coastal;Facing Traffic;Stop And Go Signal;Friday;Intersection;20;0;Two-Way, Divided, Unprotected Median;5 lanes;0;#NULL!;#NULL!;Smooth Asphalt;#NULL!;Four-Way Intersection;Motorist Failed to Yield - Signalized Intersection;US Route;B: Evident Injury;Dare;57;Clear;#NULL!;0-5 mph;50 - 55  MPH;2012;Daylight;50-59
35.7637670724, -78.7444026394;"{""type"": ""Point"", ""coordinates"": [-78.74440263944719, 35.763767072409586]}";White;Cary;Travel Lane;2;13;Urban (>70% Developed);Female;Passenger Car;0;#NULL!;0;0;Black;No;0;40-49;Motorist Drive Out - Commercial Driveway / Alley;None;No;No;Dry;0;Urban;No;14JUN2012;0;13:33;Female;No;Commercial;C: Possible Injury;Yes;O: No Injury;2165;June;0;Straight - Grade;Piedmont;With Traffic;No Control Present;Thursday;Non-Intersection;47;0;Two-Way, Not Divided;5 lanes;0;#NULL!;#NULL!;Coarse Asphalt;#NULL!;No Special Feature;Motorist Failed to Yield - Midblock;State Secondary Route;C: Possible Injury;Wake;29;Clear;#NULL!;6-10 mph;Unknown;2012;Daylight;25-29
35.7016570217, -79.7956029535;"{""type"": ""Point"", ""coordinates"": [-79.79560295350798, 35.70165702174513]}";White;Asheboro;Driveway / Alley;2;21;Urban (>70% Developed);Male;Passenger Car;0;#NULL!;0;0;White;No;0;6-10;Bicyclist Ride Out - Residential Driveway;None;No;No;Dry;0;Urban;No;20JUN2012;0;21:21;Male;No;Residential;B: Evident Injury;Yes;O: No Injury;2173;June;0;Straight - Grade;Piedmont;Not Applicable;No Control Present;Wednesday;Non-Intersection;9;0;Two-Way, Not Divided;2 lanes;0;#NULL!;#NULL!;Smooth Asphalt;#NULL!;No Special Feature;Bicyclist Failed to Yield - Midblock;Local Street;B: Evident Injury;Randolph;19;Clear;#NULL!;16-20 mph;30 - 35  MPH;2012;Dusk;0-19
35.8763071036, -78.5398025844;"{""type"": ""Point"", ""coordinates"": [-78.53980258435406, 35.876307103622835]}";White;Raleigh;Travel Lane;2;14;Urban (>70% Developed);Male;Tractor/Semi-Trailer;0;#NULL!;0;0;White;No;0;40-49;Motorist Overtaking - Misjudged Space;None;No;No;Dry;0;Urban;No;04JUL2012;0;14:15;Male;No;Commercial;K: Killed;Yes;O: No Injury;2186;July;0;Curve - Grade;Piedmont;With Traffic;No Control Present;Wednesday;Non-Intersection;49;0;Two-Way, Divided, Unprotected Median;6 lanes;0;#NULL!;#NULL!;Smooth Asphalt;#NULL!;No Special Feature;Motorist Overtaking Bicyclist;NC Route;K: Killed;Wake;28;Clear;#NULL!;31-35 mph;50 - 55  MPH;2012;Daylight;25-29
35.708267022, -79.8137029598;"{""type"": ""Point"", ""coordinates"": [-79.81370295975316, 35.70826702196394]}";Other;Asheboro;Sidewalk / Crosswalk / Driveway Crossing;2;17;Urban (>70% Developed);Male;Passenger Car;0;#NULL!;0;0;White;No;0;20-24;Motorist Drive Out - Commercial Driveway / Alley;None;No;No;Dry;0;Urban;No;20MAY2012;0;17:02;Female;No;Commercial;C: Possible Injury;Yes;O: No Injury;2060;May;0;Straight - Level;Piedmont;Facing Traffic;No Control Present;Sunday;Non-Intersection;22;0;Two-Way, Not Divided;2 lanes;0;#NULL!;#NULL!;Grooved Concrete;#NULL!;Driveway, Public;Motorist Failed to Yield - Midblock;Public Vehicular Area;C: Possible Injury;Randolph;48;Clear;#NULL!;0-5 mph;Unknown;2012;Daylight;40-49
35.811407089, -78.5656025888;"{""type"": ""Point"", ""coordinates"": [-78.56560258882737, 35.811407089024506]}";White;Raleigh;Sidewalk / Crosswalk / Driveway Crossing;2;19;Urban (>70% Developed);Female;Passenger Car;0;#NULL!;0;0;White;No;0;40-49;Motorist Drive Out - Right Turn on Red;None;No;No;Dry;0;Urban;No;11MAY2012;0;19:04;Female;No;Residential;B: Evident Injury;Yes;O: No Injury;2048;May;0;Straight - Level;Piedmont;Facing Traffic;Stop And Go Signal;Friday;Intersection;47;0;Two-Way, Not Divided;4 lanes;0;#NULL!;#NULL!;Smooth Asphalt;#NULL!;Four-Way Intersection;Motorist Failed to Yield - Signalized Intersection;Local Street;B: Evident Injury;Wake;33;Clear;#NULL!;6-10 mph;30 - 35  MPH;2012;Daylight;30-39
35.8521771501, -77.0531021301;"{""type"": ""Point"", ""coordinates"": [-77.05310213011676, 35.85217715005925]}";Black;Williamston;Travel Lane;2;13;Mixed (30% To 70% Developed);Male;Passenger Car;0;#NULL!;0;0;White;No;0;6-10;Bicyclist Ride Through - Sign-Controlled Intersection;None;No;No;Dry;0;Urban;No;13APR2012;0;13:35;Female;No;Residential;C: Possible Injury;Yes;O: No Injury;2019;April;0;Straight - Level;Coastal;Facing Traffic;Stop Sign;Friday;Intersection;10;0;Two-Way, Not Divided;4 lanes;0;#NULL!;#NULL!;Smooth Asphalt;#NULL!;No Special Feature;Bicyclist Failed to Yield - Sign-Controlled Intersection;Local Street;C: Possible Injury;Martin;27;Clear;#NULL!;21-25 mph;20 - 25  MPH;2012;Daylight;25-29
35.4084870013, -78.5917025752;"{""type"": ""Point"", ""coordinates"": [-78.59170257515038, 35.408487001301886]}";Hispanic;None - Rural Crash;Travel Lane;2;16;Rural (<30% Developed);Male;Sport Utility;0;#NULL!;0;0;White;No;0;20-24;Motorist Overtaking - Bicyclist Swerved;None;No;No;Dry;0;Rural;No;11MAY2012;0;16:40;Female;No;Residential;B: Evident Injury;Yes;O: No Injury;2029;May;0;Straight - Level;Coastal;With Traffic;Double Yellow Line, No Passing Zone;Friday;Non-Intersection;22;0;Two-Way, Not Divided;2 lanes;0;#NULL!;#NULL!;Coarse Asphalt;#NULL!;Driveway, Public;Motorist Overtaking Bicyclist;State Secondary Route;B: Evident Injury;Johnston;19;Clear;#NULL!;41-45 mph;50 - 55  MPH;2012;Daylight;0-19
35.9630771473, -77.838702375;"{""type"": ""Point"", ""coordinates"": [-77.8387023749508, 35.96307714728173]}";Black;Rocky Mount;Sidewalk / Crosswalk / Driveway Crossing;2;15;Urban (>70% Developed);Male;Sport Utility;0;#NULL!;0;0;White;No;0;40-49;Motorist Drive Out - Commercial Driveway / Alley;None;No;No;Dry;0;Urban;No;10APR2012;0;15:21;Male;No;Commercial;C: Possible Injury;No;O: No Injury;2016;April;0;Straight - Level;Coastal;Facing Traffic;No Control Present;Tuesday;Non-Intersection;47;0;Two-Way, Not Divided;2 lanes;0;#NULL!;#NULL!;Smooth Asphalt;#NULL!;T-Intersection;Motorist Failed to Yield - Midblock;Local Street;C: Possible Injury;Nash;18;Clear;#NULL!;0-5 mph;Unknown;2012;Daylight;0-19
35.4467269895, -79.1722027521;"{""type"": ""Point"", ""coordinates"": [-79.17220275208462, 35.4467269895264]}";Unknown/Missing;Sanford;Travel Lane;2;20;Mixed (30% To 70% Developed);Unknown;Passenger Car;0;#NULL!;0;0;Black;No;0;Unknown;Bicyclist Left Turn - Same Direction;None;No;Missing;Dry;0;Urban;No;06MAY2012;0;20:57;Male;No;Commercial;O: No Injury;No;O: No Injury;2044;May;0;Straight - Level;Piedmont;With Traffic;No Control Present;Sunday;Non-Intersection;Unknown;0;Two-Way, Not Divided;2 lanes;0;#NULL!;#NULL!;Coarse Asphalt;#NULL!;No Special Feature;Bicyclist Left Turn / Merge;Local Street;Unknown Injury;Lee;31;Clear;#NULL!;31-35 mph;40 - 45  MPH;2012;Dark - Roadway Not Lighted;30-39
34.1929467574, -77.922602313;"{""type"": ""Point"", ""coordinates"": [-77.92260231300033, 34.192946757364844]}";White;Wilmington;Travel Lane;2;11;Urban (>70% Developed);Female;Pickup;0;#NULL!;0;0;Black;No;0;16-19;Crossing Paths - Intersection - Other / Unknown;None;No;No;Dry;0;Urban;No;01MAY2012;0;11:58;Male;No;Commercial;B: Evident Injury;Yes;O: No Injury;2027;May;0;Straight - Level;Coastal;With Traffic;No Control Present;Tuesday;Intersection;18;0;One-Way, Not Divided;6 lanes;0;#NULL!;#NULL!;Coarse Asphalt;#NULL!;No Special Feature;Crossing Paths - Other Circumstances;Local Street;B: Evident Injury;New Hanover;61;Clear;#NULL!;41-45 mph;50 - 55  MPH;2012;Daylight;60-69
35.568207027, -78.8480026611;"{""type"": ""Point"", ""coordinates"": [-78.8480026610508, 35.56820702704699]}";White;None - Rural Crash;Travel Lane;2;9;Rural (<30% Developed);Male;Passenger Car;0;#NULL!;0;0;White;No;0;16-19;Bicyclist Overtaking - Other / Unknown;None;No;No;Dry;0;Rural;No;19MAY2012;0;9:58;Female;No;Farms, Woods, Pastures;B: Evident Injury;Yes;O: No Injury;2041;May;0;Straight - Level;Piedmont;With Traffic;No Control Present;Saturday;Non-Intersection;16;0;Two-Way, Not Divided;2 lanes;0;#NULL!;#NULL!;Smooth Asphalt;#NULL!;Driveway, Private;Bicyclist Overtaking Motorist;NC Route;B: Evident Injury;Wake;61;Clear;#NULL!;41-45 mph;50 - 55  MPH;2012;Daylight;60-69
36.206477057, -81.6711035441;"{""type"": ""Point"", ""coordinates"": [-81.67110354405777, 36.20647705700087]}";White;Boone;Sidewalk / Crosswalk / Driveway Crossing;2;17;Urban (>70% Developed);Male;Pickup;0;#NULL!;0;0;White;No;0;25-29;Motorist Drive Out - Commercial Driveway / Alley;None;No;No;Dry;0;Urban;No;07MAY2012;0;17:44;Male;No;Commercial;O: No Injury;No;O: No Injury;2035;May;0;Straight - Level;Mountains;Facing Traffic;Other;Monday;Non-Intersection;27;0;Two-Way, Not Divided;Unknown;0;#NULL!;#NULL!;Smooth Asphalt;#NULL!;Driveway, Public;Motorist Failed to Yield - Midblock;Public Vehicular Area;O: No Injury;Watauga;38;Clear;#NULL!;Unknown;Unknown;2012;Daylight;30-39
35.749097069, -78.7504026408;"{""type"": ""Point"", ""coordinates"": [-78.75040264083783, 35.749097069029695]}";White;Cary;Non-Roadway;2;18;Urban (>70% Developed);Male;Sport Utility;0;#NULL!;0;0;Black;No;0;6-10;Non-Roadway;None;No;No;Dry;0;Urban;No;03MAY2012;0;18:26;Female;No;Residential;B: Evident Injury;Yes;O: No Injury;2050;May;0;Straight - Level;Piedmont;Not Applicable;Stop Sign;Thursday;Non-Roadway;9;0;Two-Way, Not Divided;2 lanes;0;#NULL!;#NULL!;Smooth Asphalt;#NULL!;T-Intersection;Non-Roadway;Public Vehicular Area;B: Evident Injury;Wake;70+;Clear;#NULL!;16-20 mph;Unknown;2012;Daylight;70+
34.4237667798, -78.80660259;"{""type"": ""Point"", ""coordinates"": [-78.80660258996228, 34.42376677981249]}";Black;None - Rural Crash;Travel Lane;2;6;Mixed (30% To 70% Developed);Female;Passenger Car;0;#NULL!;0;0;Unknown/Missing;No;0;50-59;Motorist Overtaking - Other / Unknown;None;No;No;Dry;0;Rural;Yes;07JUN2012;0;6:38;Unknown;Missing;Residential;C: Possible Injury;Yes;Unknown Injury;2117;June;0;Straight - Level;Coastal;With Traffic;No Control Present;Thursday;Non-Intersection;51;0;Two-Way, Not Divided;2 lanes;0;#NULL!;#NULL!;Coarse Asphalt;#NULL!;No Special Feature;Motorist Overtaking Bicyclist;State Secondary Route;C: Possible Injury;Columbus;Unknown;Clear;#NULL!;36-40 mph;50 - 55  MPH;2012;Daylight;Unknown
35.580787081, -77.3649022114;"{""type"": ""Point"", ""coordinates"": [-77.36490221135199, 35.58078708102738]}";White;Greenville;Sidewalk / Crosswalk / Driveway Crossing;2;11;Urban (>70% Developed);Male;Passenger Car;0;#NULL!;0;0;White;No;0;30-39;Motorist Drive Out - Sign-Controlled Intersection;None;No;No;Dry;0;Urban;No;07JUN2012;0;11:42;Female;No;Commercial;C: Possible Injury;No;O: No Injury;2151;June;0;Straight - Level;Coastal;Facing Traffic;Stop Sign;Thursday;Intersection;35;0;Two-Way, Not Divided;2 lanes;0;#NULL!;#NULL!;Coarse Asphalt;#NULL!;No Special Feature;Motorist Failed to Yield - Sign-Controlled Intersection;Local Street;C: Possible Injury;Pitt;29;Clear;#NULL!;Unknown;30 - 35  MPH;2012;Dusk;25-29
35.8568971611, -76.748402037;"{""type"": ""Point"", ""coordinates"": [-76.74840203698109, 35.85689716107733]}";Black;Plymouth;Travel Lane;2;22;Urban (>70% Developed);Male;Passenger Car;0;#NULL!;0;0;Black;No;0;50-59;Bicyclist Right Turn - Same Direction;None;Yes;Yes;Dry;0;Rural;No;29MAY2012;0;22:07;Female;No;Commercial;B: Evident Injury;Yes;O: No Injury;2135;May;0;Straight - Level;Coastal;With Traffic;No Control Present;Tuesday;Intersection-Related;59;0;Two-Way, Divided, Unprotected Median;5 lanes;0;#NULL!;#NULL!;Coarse Asphalt;#NULL!;No Special Feature;Bicyclist Right Turn / Merge;US Route;B: Evident Injury;Washington;41;Clear;#NULL!;41-45 mph;40 - 45  MPH;2012;Dark - Lighted Roadway;40-49
35.7565670984, -77.9575024004;"{""type"": ""Point"", ""coordinates"": [-77.95750240043158, 35.75656709843471]}";Black;Wilson;Sidewalk / Crosswalk / Driveway Crossing;2;15;Urban (>70% Developed);Male;Passenger Car;0;#NULL!;0;0;White;No;0;20-24;Motorist Drive Out - Commercial Driveway / Alley;None;No;No;Dry;0;Urban;No;29MAY2012;0;15:01;Male;No;Commercial;C: Possible Injury;No;O: No Injury;2120;May;0;Straight - Level;Coastal;Facing Traffic;No Control Present;Tuesday;Non-Intersection;24;0;Two-Way, Not Divided;5 lanes;0;#NULL!;#NULL!;Smooth Asphalt;#NULL!;T-Intersection;Motorist Failed to Yield - Midblock;Local Street;C: Possible Injury;Wilson;19;Clear;#NULL!;0-5 mph;40 - 45  MPH;2012;Daylight;0-19
36.1510071013, -80.2137031047;"{""type"": ""Point"", ""coordinates"": [-80.2137031047393, 36.1510071012793]}";Black;Winston-Salem;Travel Lane;2;20;Urban (>70% Developed);Male;Unknown;0;#NULL!;0;0;Unknown/Missing;No;0;11-15;Motorist Overtaking - Bicyclist Swerved;None;No;No;Dry;0;Urban;Yes;16JUN2012;0;20:32;Unknown;Missing;Residential;C: Possible Injury;Yes;Unknown Injury;2158;June;0;Straight - Level;Piedmont;With Traffic;No Control Present;Saturday;Non-Intersection;15;0;Two-Way, Not Divided;2 lanes;0;#NULL!;#NULL!;Smooth Asphalt;#NULL!;No Special Feature;Motorist Overtaking Bicyclist;Local Street;C: Possible Injury;Forsyth;Unknown;Clear;#NULL!;31-35 mph;30 - 35  MPH;2012;Daylight;Unknown
35.8999270579, -79.9465030107;"{""type"": ""Point"", ""coordinates"": [-79.94650301067689, 35.89992705785309]}";Other;Archdale;Travel Lane;2;20;Urban (>70% Developed);Male;Passenger Car;0;#NULL!;0;0;White;No;0;20-24;Bicyclist Ride Through - Signalized Intersection;None;No;No;Dry;0;Urban;No;14JUN2012;0;20:56;Female;No;Commercial;C: Possible Injury;Yes;O: No Injury;2150;June;0;Straight - Level;Piedmont;Facing Traffic;Stop And Go Signal;Thursday;Intersection;21;0;Two-Way, Not Divided;5 lanes;0;#NULL!;#NULL!;Smooth Asphalt;#NULL!;Four-Way Intersection;Bicyclist Failed to Yield - Signalized Intersection;Local Street;C: Possible Injury;Randolph;16;Clear;#NULL!;11-15 mph;30 - 35  MPH;2012;Dusk;0-19
35.4346969242, -80.9050032718;"{""type"": ""Point"", ""coordinates"": [-80.90500327178869, 35.43469692416902]}";Asian;Huntersville;Travel Lane;2;12;Mixed (30% To 70% Developed);Female;Pickup;0;#NULL!;0;0;White;No;0;11-15;Bicyclist Left Turn - Same Direction;None;No;No;Dry;0;Urban;No;15JUN2012;0;12:56;Male;No;Residential;B: Evident Injury;Yes;O: No Injury;2154;June;0;Straight - Level;Piedmont;With Traffic;Double Yellow Line, No Passing Zone;Friday;Non-Intersection;15;0;Two-Way, Not Divided;2 lanes;0;#NULL!;#NULL!;Smooth Asphalt;#NULL!;No Special Feature;Bicyclist Left Turn / Merge;NC Route;B: Evident Injury;Mecklenburg;52;Clear;#NULL!;41-45 mph;40 - 45  MPH;2012;Daylight;50-59
35.0440769092, -78.9812026735;"{""type"": ""Point"", ""coordinates"": [-78.98120267350352, 35.04407690916063]}";Black;Fayetteville;Travel Lane;2;21;Urban (>70% Developed);Male;Unknown;0;#NULL!;0;0;Unknown/Missing;No;0;30-39;Motorist Overtaking - Other / Unknown;None;No;No;Dry;0;Urban;Yes;09JUN2012;0;21:44;Unknown;Missing;Commercial;O: No Injury;No;Unknown Injury;2126;June;0;Straight - Grade;Coastal;With Traffic;No Control Present;Saturday;Non-Intersection;32;0;Two-Way, Not Divided;5 lanes;0;#NULL!;#NULL!;Smooth Asphalt;#NULL!;No Special Feature;Motorist Overtaking Bicyclist;NC Route;O: No Injury;Cumberland;Unknown;Clear;#NULL!;Unknown;Unknown;2012;Dark - Lighted Roadway;Unknown
35.1402468682, -80.7181031994;"{""type"": ""Point"", ""coordinates"": [-80.71810319937244, 35.14024686818994]}";Hispanic;Matthews;Travel Lane;2;8;Urban (>70% Developed);Male;Passenger Car;0;#NULL!;0;0;White;No;0;40-49;Unknown Approach Paths;None;No;No;Dry;0;Urban;No;13JUN2012;0;8:30;Male;No;Commercial;B: Evident Injury;Yes;O: No Injury;2137;June;0;Straight - Level;Piedmont;Unknown;No Control Present;Wednesday;Non-Intersection;48;0;Two-Way, Divided, Unprotected Median;2 lanes;0;#NULL!;#NULL!;Smooth Asphalt;#NULL!;No Special Feature;Other / Unknown - Insufficient Details;US Route;B: Evident Injury;Mecklenburg;53;Clear;#NULL!;41-45 mph;40 - 45  MPH;2012;Daylight;50-59
36.0645772401, -75.7066017267;"{""type"": ""Point"", ""coordinates"": [-75.70660172672964, 36.06457724006414]}";White;Kitty Hawk;Travel Lane;2;18;Mixed (30% To 70% Developed);Male;Passenger Car;0;#NULL!;0;0;White;No;0;20-24;Motorist Overtaking - Bicyclist Swerved;None;No;No;Dry;0;Rural;No;04JUN2012;0;18:12;Male;No;Residential;B: Evident Injury;Yes;O: No Injury;2110;June;0;Straight - Level;Coastal;With Traffic;No Control Present;Monday;Non-Intersection;20;0;Two-Way, Not Divided;2 lanes;0;#NULL!;#NULL!;Smooth Asphalt;#NULL!;No Special Feature;Motorist Overtaking Bicyclist;NC Route;B: Evident Injury;Dare;31;Clear;#NULL!;31-35 mph;30 - 35  MPH;2012;Daylight;30-39
35.2246868863, -80.7118032026;"{""type"": ""Point"", ""coordinates"": [-80.71180320264254, 35.224686886261075]}";Black;Charlotte;Sidewalk / Crosswalk / Driveway Crossing;2;17;Urban (>70% Developed);Male;Passenger Car;0;#NULL!;0;0;Black;No;0;11-15;Bicyclist Ride Out - Parallel Path;Unknown;No;Missing;Dry;0;Urban;No;29JUL2012;0;17:28;Male;No;Residential;B: Evident Injury;Yes;O: No Injury;2260;July;0;Straight - Level;Piedmont;Unknown;No Control Present;Sunday;Intersection-Related;11;0;Two-Way, Divided, Positive Median Barrier;3 lanes;0;#NULL!;#NULL!;Coarse Asphalt;#NULL!;No Special Feature;Parallel Paths - Other Circumstances;Local Street;B: Evident Injury;Mecklenburg;33;Clear;#NULL!;36-40 mph;30 - 35  MPH;2012;Daylight;30-39
35.3803070164, -77.9722023861;"{""type"": ""Point"", ""coordinates"": [-77.97220238609384, 35.38030701643023]}";Black;Goldsboro;Travel Lane;2;20;Rural (<30% Developed);Male;Passenger Car;0;#NULL!;0;0;Black;No;0;11-15;Bicyclist Ride Out - Sign-Controlled Intersection;None;No;No;Wet;0;Urban;No;12JUL2012;0;20:46;Female;No;Residential;B: Evident Injury;Yes;O: No Injury;2240;July;0;Straight - Level;Coastal;With Traffic;Stop Sign;Thursday;Intersection;15;0;Two-Way, Not Divided;2 lanes;0;#NULL!;#NULL!;Coarse Asphalt;#NULL!;Four-Way Intersection;Bicyclist Failed to Yield - Sign-Controlled Intersection;Local Street;B: Evident Injury;Wayne;70+;Cloudy;#NULL!;16-20 mph;20 - 25  MPH;2012;Dark - Lighted Roadway;70+
35.1430388638, -80.8503932392;"{""type"": ""Point"", ""coordinates"": [-80.85039323921711, 35.14303886375198]}";Hispanic;Charlotte;Travel Lane;2;17;Urban (>70% Developed);Male;Unknown;0;#NULL!;0;0;Unknown/Missing;No;0;30-39;Unknown Approach Paths;None;No;No;Dry;0;Urban;Yes;19OCT2007;0;17:17;Unknown;Missing;Residential;B: Evident Injury;Yes;Unknown Injury;7007;October;0;Straight - Level;Piedmont;Unknown;No Control Present;Friday;Non-Intersection;35;0;Two-Way, Not Divided;4 lanes;0;#NULL!;#NULL!;Smooth Asphalt;#NULL!;No Special Feature;Other / Unknown - Insufficient Details;Local Street;B: Evident Injury;Mecklenburg;Unknown;Cloudy;#NULL!;31-35 mph;30 - 35  MPH;2007;Daylight;Unknown
35.2489308366, -82.2029986463;"{""type"": ""Point"", ""coordinates"": [-82.20299864630343, 35.248930836606306]}";White;Columbus;Travel Lane;2;7;Urban (>70% Developed);Male;Passenger Car;0;#NULL!;0;0;White;No;0;50-59;Motorist Left Turn - Opposite Direction;None;No;No;Dry;0;Rural;No;17JUL2007;0;7:00;Male;No;Commercial;B: Evident Injury;Yes;O: No Injury;7017;July;0;Curve - Grade;Mountains;With Traffic;No Control Present;Tuesday;Non-Intersection;50;0;Two-Way, Divided, Unprotected Median;4 lanes;0;#NULL!;#NULL!;Smooth Asphalt;#NULL!;Driveway, Public;Motorist Left Turn / Merge;Local Street;B: Evident Injury;Polk;67;Clear;#NULL!;31-35 mph;30 - 35  MPH;2007;Daylight;60-69
35.6856109929, -80.4828531598;"{""type"": ""Point"", ""coordinates"": [-80.48285315984751, 35.68561099294048]}";Black;Salisbury;Non-Roadway;2;17;Urban (>70% Developed);Male;Passenger Car;0;#NULL!;0;0;White;No;0;40-49;Non-Roadway;None;No;No;Dry;0;Urban;No;23OCT2007;0;17:25;Female;No;Commercial;B: Evident Injury;Yes;O: No Injury;7018;October;0;Straight - Level;Piedmont;Unknown;No Control Present;Tuesday;Non-Roadway;41;0;Two-Way, Not Divided;Unknown;0;#NULL!;#NULL!;Smooth Asphalt;#NULL!;No Special Feature;Non-Roadway;Public Vehicular Area;B: Evident Injury;Rowan;70+;Cloudy;#NULL!;6-10 mph;5 - 15 MPH;2007;Daylight;70+
34.7520018972, -77.4386121932;"{""type"": ""Point"", ""coordinates"": [-77.43861219319614, 34.75200189715187]}";White;Jacksonville;Travel Lane;2;8;Urban (>70% Developed);Male;Passenger Car;0;#NULL!;0;0;Unknown/Missing;No;0;30-39;Motorist Overtaking - Other / Unknown;None;Yes;No;Dry;0;Urban;Yes;19JUL2007;0;8:17;Unknown;Yes;Commercial;B: Evident Injury;Yes;Unknown Injury;7021;July;0;Straight - Level;Coastal;With Traffic;No Control Present;Thursday;Non-Intersection;30;0;Two-Way, Not Divided;4 lanes;0;#NULL!;#NULL!;Concrete;#NULL!;Bridge;Motorist Overtaking Bicyclist;US Route;B: Evident Injury;Onslow;36;Clear;#NULL!;41-45 mph;40 - 45  MPH;2007;Daylight;30-39