Geo Point;Geo Shape;BikeRace;City;BikePos;NumUnits;CrashHour;Locality;BikeSex;DrvrVehTyp;NumBikesNo;BikeAlcDrg;NumBikesBI;RteInvdCd;DrvrRace;Workzone;NumBikesCi;BikeAgeGrp;CrashType;RdDefects;CrashAlcoh;BikeAlcoho;RdConditio;DstncMiFrm;RuralUrban;HitRun;CrashDate;NumBikesUI;CrashTime;DrvrSex;DrvrAlcoho;Developmen;CrashSevr;AmbulanceR;DrvrInjury;OBJECTID;CrashMonth;NumBikesKi;RdCharacte;Region;BikeDir;TraffCntrl;CrashDay;CrashLoc;BikeAge;NumBikesTo;RdConfig;NumLanes;NumBikesAI;DrvrAlcDrg;OnRoad;RdSurface;Towrd_Rd;RdFeature;CrashGrp;RdClass;BikeInjury;County;DrvrAge;Weather;FrmRd;DrvrEstSpd;SpeedLimit;CrashYear;LightCond;DrvrAgeGrp
34.2064427642, -77.7970522756;"{""type"": ""Point"", ""coordinates"": [-77.79705227560916, 34.206442764230815]}";White;Wrightsville Beach;Travel Lane;2;11;Urban (>70% Developed);Male;Van;0;#NULL!;0;0;White;No;0;6-10;Bicyclist Ride Through - Sign-Controlled Intersection;None;No;No;Dry;0;Rural;No;20JUL2007;0;11:09;Male;No;Residential;B: Evident Injury;Yes;O: No Injury;7031;July;0;Straight - Level;Coastal;Unknown;Stop Sign;Friday;Intersection;10;0;Two-Way, Not Divided;4 lanes;0;#NULL!;#NULL!;Coarse Asphalt;#NULL!;T-Intersection;Bicyclist Failed to Yield - Sign-Controlled Intersection;Local Street;B: Evident Injury;New Hanover;53;Clear;#NULL!;16-20 mph;30 - 35  MPH;2007;Daylight;50-59
36.3768971941, -78.9828367451;"{""type"": ""Point"", ""coordinates"": [-78.98283674512884, 36.37689719412309]}";Black;None - Rural Crash;Travel Lane;2;17;Rural (<30% Developed);Male;Pickup;0;#NULL!;0;0;White;No;0;20-24;Motorist Overtaking - Other / Unknown;None;No;No;Dry;0;Rural;No;23JUL2007;0;17:20;Male;No;Farms, Woods, Pastures;K: Killed;Yes;C: Possible Injury;7036;July;0;Straight - Level;Piedmont;With Traffic;No Control Present;Monday;Non-Intersection;24;0;Two-Way, Divided, Unprotected Median;4 lanes;0;#NULL!;#NULL!;Smooth Asphalt;#NULL!;No Special Feature;Motorist Overtaking Bicyclist;US Route;K: Killed;Person;21;Clear;#NULL!;56-60 mph;50 - 55  MPH;2007;Daylight;20-24
34.1134767405, -77.9003473022;"{""type"": ""Point"", ""coordinates"": [-77.90034730220455, 34.113476740511814]}";White;None - Rural Crash;Bike Lane / Paved Shoulder;2;13;Mixed (30% To 70% Developed);Male;Passenger Car;0;#NULL!;0;0;White;No;0;16-19;Motorist Drive Out - Commercial Driveway / Alley;None;No;No;Dry;0;Rural;No;24JUL2007;0;13:40;Female;No;Commercial;B: Evident Injury;Yes;O: No Injury;7038;July;0;Straight - Level;Coastal;Facing Traffic;No Control Present;Tuesday;Non-Intersection;16;0;Two-Way, Divided, Unprotected Median;4 lanes;0;#NULL!;#NULL!;Coarse Asphalt;#NULL!;Driveway, Public;Motorist Failed to Yield - Midblock;US Route;B: Evident Injury;New Hanover;34;Clear;#NULL!;0-5 mph;50 - 55  MPH;2007;Daylight;30-39
35.2587848943, -80.6905931981;"{""type"": ""Point"", ""coordinates"": [-80.69059319809021, 35.25878489434005]}";Black;Charlotte;Travel Lane;2;18;Mixed (30% To 70% Developed);Male;Passenger Car;0;#NULL!;0;0;Black;No;0;11-15;Bicyclist Left Turn - Same Direction;None;No;No;Dry;0;Urban;No;30OCT2007;0;18:22;Female;No;Residential;O: No Injury;No;O: No Injury;7039;October;0;Straight - Level;Piedmont;Unknown;No Control Present;Tuesday;Non-Intersection;13;0;Two-Way, Divided, Unprotected Median;2 lanes;0;#NULL!;#NULL!;Coarse Asphalt;#NULL!;No Special Feature;Bicyclist Left Turn / Merge;Local Street;O: No Injury;Mecklenburg;46;Clear;#NULL!;31-35 mph;40 - 45  MPH;2007;Daylight;40-49
35.5185810345, -78.3168024971;"{""type"": ""Point"", ""coordinates"": [-78.3168024971357, 35.5185810344625]}";Black;Smithfield;Sidewalk / Crosswalk / Driveway Crossing;2;8;Urban (>70% Developed);Male;Van;0;#NULL!;0;0;White;No;0;Unknown;Motorist Drive Out - Commercial Driveway / Alley;None;No;No;Dry;0;Urban;No;25JUL2007;0;8:57;Female;No;Commercial;O: No Injury;No;O: No Injury;7045;July;0;Straight - Level;Coastal;Facing Traffic;No Control Present;Wednesday;Non-Intersection;Unknown;0;One-Way, Not Divided;1 lane;0;#NULL!;#NULL!;Coarse Asphalt;#NULL!;Driveway, Public;Motorist Failed to Yield - Midblock;Public Vehicular Area;Unknown Injury;Johnston;31;Clear;#NULL!;0-5 mph;5 - 15 MPH;2007;Daylight;30-39
34.8827239432, -76.9107020385;"{""type"": ""Point"", ""coordinates"": [-76.91070203846226, 34.8827239431715]}";White;Havelock;Sidewalk / Crosswalk / Driveway Crossing;2;20;Urban (>70% Developed);Male;Pickup;0;#NULL!;0;0;White;No;0;16-19;Motorist Drive Out - Commercial Driveway / Alley;None;No;No;Dry;0;Urban;No;26JUL2007;0;20:18;Male;No;Commercial;C: Possible Injury;Yes;O: No Injury;7046;July;0;Straight - Level;Coastal;Facing Traffic;No Control Present;Thursday;Non-Intersection;16;0;One-Way, Not Divided;1 lane;0;#NULL!;#NULL!;Smooth Asphalt;#NULL!;Driveway, Public;Motorist Failed to Yield - Midblock;Public Vehicular Area;C: Possible Injury;Craven;22;Clear;#NULL!;0-5 mph;Unknown;2007;Daylight;20-24
35.2683098848, -81.0173032961;"{""type"": ""Point"", ""coordinates"": [-81.01730329606504, 35.268309884771384]}";Black;Mount Holly;Travel Lane;2;17;Urban (>70% Developed);Female;Sport Utility;0;#NULL!;0;0;White;No;0;6-10;Motorist Overtaking - Bicyclist Swerved;None;No;No;Dry;0;Urban;No;20JUL2007;0;17:52;Female;No;Residential;B: Evident Injury;Yes;O: No Injury;7047;July;0;Straight - Level;Piedmont;Unknown;No Control Present;Friday;Non-Intersection;7;0;Unknown;2 lanes;0;#NULL!;#NULL!;Smooth Asphalt;#NULL!;No Special Feature;Motorist Overtaking Bicyclist;Local Street;B: Evident Injury;Gaston;18;Clear;#NULL!;11-15 mph;5 - 15 MPH;2007;Daylight;0-19
35.2349998916, -80.6331631798;"{""type"": ""Point"", ""coordinates"": [-80.63316317978976, 35.234999891608524]}";White;None - Rural Crash;Travel Lane;2;13;Rural (<30% Developed);Male;Pickup;0;#NULL!;0;0;White;No;0;50-59;Bicyclist Left Turn - Same Direction;None;No;No;Dry;0;Rural;No;21OCT2007;0;13:05;Male;No;Residential;B: Evident Injury;Yes;O: No Injury;7049;October;0;Straight - Level;Piedmont;With Traffic;No Control Present;Sunday;Intersection;59;0;Two-Way, Not Divided;2 lanes;0;#NULL!;#NULL!;Smooth Asphalt;#NULL!;T-Intersection;Bicyclist Left Turn / Merge;Local Street;B: Evident Injury;Mecklenburg;17;Clear;#NULL!;36-40 mph;40 - 45  MPH;2007;Daylight;0-19
35.1427638686, -80.7202432009;"{""type"": ""Point"", ""coordinates"": [-80.72024320085644, 35.142763868642454]}";Hispanic;Matthews;Travel Lane;2;16;Mixed (30% To 70% Developed);Female;Light Truck (Mini-Van, Panel);0;#NULL!;0;0;White;No;0;25-29;Motorist Drive Out - Commercial Driveway / Alley;Other;No;No;Dry;0;Urban;No;17AUG2007;0;16:07;Male;No;Commercial;C: Possible Injury;Yes;O: No Injury;7053;August;0;Straight - Level;Piedmont;Facing Traffic;Stop Sign;Friday;Non-Intersection;28;0;Two-Way, Divided, Positive Median Barrier;4 lanes;0;#NULL!;#NULL!;Smooth Asphalt;#NULL!;T-Intersection;Motorist Failed to Yield - Midblock;US Route;C: Possible Injury;Mecklenburg;36;Clear;#NULL!;6-10 mph;20 - 25  MPH;2007;Daylight;30-39
35.6018070849, -77.3754222152;"{""type"": ""Point"", ""coordinates"": [-77.37542221519826, 35.601807084917596]}";Black;Greenville;Travel Lane;3;17;Urban (>70% Developed);Male;Pickup;0;#NULL!;0;0;White;No;0;16-19;Bicyclist Ride Through - Signalized Intersection;None;No;No;Dry;0;Urban;No;26JUL2007;0;17:15;Male;No;Commercial;B: Evident Injury;Yes;O: No Injury;7054;July;0;Straight - Level;Coastal;Facing Traffic;Stop And Go Signal;Thursday;Intersection;18;0;Two-Way, Not Divided;5 lanes;0;#NULL!;#NULL!;Smooth Asphalt;#NULL!;Four-Way Intersection;Bicyclist Failed to Yield - Signalized Intersection;Local Street;B: Evident Injury;Pitt;22;Clear;#NULL!;31-35 mph;40 - 45  MPH;2007;Daylight;20-24
35.1538768621, -80.9729872763;"{""type"": ""Point"", ""coordinates"": [-80.97298727631612, 35.15387686206008]}";White;Charlotte;Travel Lane;2;12;Urban (>70% Developed);Male;Van;0;#NULL!;0;0;Black;No;0;16-19;Bicyclist Ride Through - Sign-Controlled Intersection;None;No;No;Dry;0;Urban;No;24OCT2007;0;12:20;Male;No;Residential;A: Disabling Injury;Yes;O: No Injury;7056;October;0;Straight - Level;Piedmont;Unknown;Stop Sign;Wednesday;Intersection;17;0;Two-Way, Not Divided;2 lanes;0;#NULL!;#NULL!;Smooth Asphalt;#NULL!;No Special Feature;Bicyclist Failed to Yield - Sign-Controlled Intersection;Local Street;A: Disabling Injury;Mecklenburg;35;Clear;#NULL!;21-25 mph;20 - 25  MPH;2007;Daylight;30-39
35.7839690739, -78.8159626624;"{""type"": ""Point"", ""coordinates"": [-78.81596266236312, 35.78396907388024]}";White;Cary;Sidewalk / Crosswalk / Driveway Crossing;2;17;Urban (>70% Developed);Male;Light Truck (Mini-Van, Panel);0;#NULL!;0;0;White;No;0;11-15;Motorist Drive Out - Sign-Controlled Intersection;None;No;No;Dry;0;Urban;No;04NOV2007;0;17:14;Male;No;Residential;O: No Injury;No;O: No Injury;7057;November;0;Straight - Level;Piedmont;Facing Traffic;Stop Sign;Sunday;Intersection;14;0;Two-Way, Not Divided;2 lanes;0;#NULL!;#NULL!;Smooth Asphalt;#NULL!;Four-Way Intersection;Motorist Failed to Yield - Sign-Controlled Intersection;Local Street;O: No Injury;Wake;47;Clear;#NULL!;0-5 mph;30 - 35  MPH;2007;Daylight;40-49
35.2445938857, -80.8575832467;"{""type"": ""Point"", ""coordinates"": [-80.85758324667519, 35.24459388567395]}";Black;Charlotte;Sidewalk / Crosswalk / Driveway Crossing;2;17;Urban (>70% Developed);Female;Passenger Car;0;#NULL!;0;0;Black;No;0;40-49;Signalized Intersection - Other / Unknown;None;No;No;Dry;0;Urban;No;02NOV2007;0;17:04;Male;No;Residential;C: Possible Injury;Yes;O: No Injury;7062;November;0;Straight - Level;Piedmont;Facing Traffic;Stop And Go Signal;Friday;Intersection;41;0;Two-Way, Not Divided;2 lanes;0;#NULL!;#NULL!;Concrete;#NULL!;No Special Feature;Crossing Paths - Other Circumstances;Local Street;C: Possible Injury;Mecklenburg;21;Clear;#NULL!;0-5 mph;20 - 25  MPH;2007;Daylight;20-24
35.2376319787, -78.1770324411;"{""type"": ""Point"", ""coordinates"": [-78.17703244105869, 35.23763197870942]}";White;None - Rural Crash;Travel Lane;2;15;Rural (<30% Developed);Male;Passenger Car;0;#NULL!;0;0;White;No;0;11-15;Bicyclist Left Turn - Same Direction;None;No;No;Dry;0;Rural;No;29JUL2007;0;15:39;Female;No;Farms, Woods, Pastures;B: Evident Injury;Yes;O: No Injury;7065;July;0;Straight - Level;Coastal;With Traffic;No Control Present;Sunday;Non-Intersection;13;0;Two-Way, Not Divided;2 lanes;0;#NULL!;#NULL!;Coarse Asphalt;#NULL!;No Special Feature;Bicyclist Left Turn / Merge;State Secondary Route;B: Evident Injury;Wayne;53;Clear;#NULL!;51-55 mph;50 - 55  MPH;2007;Daylight;50-59
36.5195872712, -77.6792923565;"{""type"": ""Point"", ""coordinates"": [-77.6792923564678, 36.519587271200415]}";Black;None - Rural Crash;Travel Lane;2;16;Urban (>70% Developed);Male;Passenger Car;0;#NULL!;0;0;Black;No;0;16-19;Bicyclist Ride Out - Midblock - Unknown;None;No;No;Dry;0;Rural;No;30JUL2007;0;16:45;Male;No;Residential;B: Evident Injury;Yes;O: No Injury;7068;July;0;Straight - Grade;Coastal;Unknown;No Control Present;Monday;Non-Intersection;19;0;Two-Way, Not Divided;2 lanes;0;#NULL!;#NULL!;Smooth Asphalt;#NULL!;Driveway, Private;Bicyclist Failed to Yield - Midblock;State Secondary Route;B: Evident Injury;Northampton;24;Cloudy;#NULL!;41-45 mph;40 - 45  MPH;2007;Daylight;20-24
34.7187298938, -77.3099921518;"{""type"": ""Point"", ""coordinates"": [-77.30999215180009, 34.718729893765946]}";White;None - Rural Crash;Travel Lane;2;22;Rural (<30% Developed);Female;Unknown;0;#NULL!;0;0;Unknown/Missing;No;0;6-10;Head-On - Motorist;None;No;No;Dry;0;Rural;Yes;30JUL2007;0;22:05;Unknown;Missing;Residential;C: Possible Injury;Yes;Unknown Injury;7069;July;0;Straight - Level;Coastal;With Traffic;No Control Present;Monday;Non-Intersection;10;0;Two-Way, Not Divided;2 lanes;0;#NULL!;#NULL!;Coarse Asphalt;#NULL!;No Special Feature;Head-On;Local Street;C: Possible Injury;Onslow;Unknown;Clear;#NULL!;16-20 mph;30 - 35  MPH;2007;Dark - Roadway Not Lighted;Unknown
36.0647920995, -79.78114297;"{""type"": ""Point"", ""coordinates"": [-79.78114297003837, 36.06479209948886]}";Black;Greensboro;Travel Lane;2;17;Urban (>70% Developed);Male;Passenger Car;0;#NULL!;0;0;Unknown/Missing;No;0;50-59;Motorist Overtaking - Misjudged Space;None;No;No;Dry;0;Urban;Yes;30JUL2007;0;17:55;Unknown;No;Residential;B: Evident Injury;Yes;Unknown Injury;7072;July;0;Straight - Level;Piedmont;With Traffic;No Control Present;Monday;Non-Intersection;53;0;Two-Way, Divided, Unprotected Median;4 lanes;0;#NULL!;#NULL!;Smooth Asphalt;#NULL!;No Special Feature;Motorist Overtaking Bicyclist;Local Street;B: Evident Injury;Guilford;Unknown;Clear;#NULL!;Unknown;30 - 35  MPH;2007;Daylight;Unknown
36.087677106, -79.7331229565;"{""type"": ""Point"", ""coordinates"": [-79.73312295652177, 36.08767710595223]}";White;Gibsonville;Travel Lane;2;21;Urban (>70% Developed);Male;Truck/Trailer;0;#NULL!;0;0;Unknown/Missing;No;0;16-19;Head-On - Bicyclist;None;No;No;Dry;0;Rural;Yes;05AUG2007;0;21:31;Unknown;Missing;Residential;B: Evident Injury;Yes;Unknown Injury;7092;August;0;Straight - Level;Piedmont;Facing Traffic;No Control Present;Sunday;Intersection-Related;19;0;Two-Way, Divided, Positive Median Barrier;3 lanes;0;#NULL!;#NULL!;Smooth Asphalt;#NULL!;No Special Feature;Head-On;Local Street;B: Evident Injury;Guilford;Unknown;Clear;#NULL!;Unknown;Unknown;2007;Dark - Lighted Roadway;Unknown
35.2913968816, -81.2385133635;"{""type"": ""Point"", ""coordinates"": [-81.23851336350863, 35.291396881592284]}";White;None - Rural Crash;Travel Lane;2;16;Mixed (30% To 70% Developed);Male;Pickup;0;#NULL!;0;0;White;No;0;11-15;Bicyclist Ride Through - Sign-Controlled Intersection;None;No;No;Dry;0;Rural;No;07AUG2007;0;16:05;Male;No;Residential;A: Disabling Injury;Yes;O: No Injury;7097;August;0;Straight - Hillcrest;Piedmont;With Traffic;Stop Sign;Tuesday;Intersection;12;0;Two-Way, Not Divided;2 lanes;0;#NULL!;#NULL!;Smooth Asphalt;#NULL!;Four-Way Intersection;Bicyclist Failed to Yield - Sign-Controlled Intersection;NC Route;A: Disabling Injury;Gaston;40;Clear;#NULL!;41-45 mph;40 - 45  MPH;2007;Daylight;40-49
35.2384828773, -81.043727302;"{""type"": ""Point"", ""coordinates"": [-81.043727302015, 35.23848287730729]}";White;Belmont;Sidewalk / Crosswalk / Driveway Crossing;2;18;Urban (>70% Developed);Male;Sport Utility;0;#NULL!;0;0;White;No;0;11-15;Motorist Drive Out - Sign-Controlled Intersection;None;No;No;Dry;0;Urban;No;07AUG2007;0;18:35;Male;No;Residential;O: No Injury;No;O: No Injury;7099;August;0;Straight - Level;Piedmont;With Traffic;Stop Sign;Tuesday;Intersection;14;0;Two-Way, Divided, Unprotected Median;2 lanes;0;#NULL!;#NULL!;Coarse Asphalt;#NULL!;T-Intersection;Motorist Failed to Yield - Sign-Controlled Intersection;Local Street;Unknown Injury;Gaston;42;Clear;#NULL!;0-5 mph;30 - 35  MPH;2007;Daylight;40-49
34.5426818506, -77.4327261813;"{""type"": ""Point"", ""coordinates"": [-77.43272618132215, 34.54268185064443]}";White;None - Rural Crash;Travel Lane;2;1;Rural (<30% Developed);Male;Unknown;0;#NULL!;0;0;Unknown/Missing;No;0;20-24;Motorist Overtaking - Other / Unknown;None;Yes;Yes;Dry;0;Rural;Yes;09AUG2007;0;1:20;Unknown;Missing;Farms, Woods, Pastures;B: Evident Injury;No;Unknown Injury;7103;August;0;Straight - Level;Coastal;With Traffic;No Control Present;Thursday;Non-Intersection;22;0;Two-Way, Not Divided;2 lanes;0;#NULL!;#NULL!;Smooth Asphalt;#NULL!;No Special Feature;Motorist Overtaking Bicyclist;NC Route;B: Evident Injury;Onslow;Unknown;Clear;#NULL!;51-55 mph;50 - 55  MPH;2007;Dark - Roadway Not Lighted;Unknown
35.9362821424, -77.7955523604;"{""type"": ""Point"", ""coordinates"": [-77.79555236041581, 35.93628214243427]}";Black;Rocky Mount;Sidewalk / Crosswalk / Driveway Crossing;2;12;Urban (>70% Developed);Male;Passenger Car;0;#NULL!;0;0;Black;No;0;11-15;Motorist Right Turn - Same Direction;None;No;No;Dry;0;Urban;No;09AUG2007;0;12:26;Female;No;Residential;C: Possible Injury;No;O: No Injury;7106;August;0;Straight - Hillcrest;Coastal;With Traffic;Yield Sign;Thursday;Intersection;13;0;Two-Way, Not Divided;3 lanes;0;#NULL!;#NULL!;Coarse Asphalt;#NULL!;Bridge;Motorist Right Turn / Merge;Local Street;C: Possible Injury;Edgecombe;36;Clear;#NULL!;31-35 mph;30 - 35  MPH;2007;Daylight;30-39
35.5496508822, -82.6486237952;"{""type"": ""Point"", ""coordinates"": [-82.64862379518968, 35.549650882177225]}";White;Asheville;Travel Lane;2;4;Urban (>70% Developed);Male;Van;0;#NULL!;0;0;White;No;0;30-39;Motorist Overtaking - Undetected Bicyclist;None;No;No;Dry;0;Urban;No;11AUG2007;0;4:06;Male;No;Commercial;B: Evident Injury;No;O: No Injury;7112;August;0;Straight - Hillcrest;Mountains;With Traffic;No Control Present;Saturday;Non-Intersection;38;0;Two-Way, Divided, Unprotected Median;5 lanes;0;#NULL!;#NULL!;Smooth Asphalt;#NULL!;No Special Feature;Motorist Overtaking Bicyclist;US Route;B: Evident Injury;Buncombe;56;Clear;#NULL!;46-50 mph;50 - 55  MPH;2007;Dark - Lighted Roadway;50-59
35.3770209964, -78.5531875615;"{""type"": ""Point"", ""coordinates"": [-78.55318756153774, 35.377020996366696]}";Black;Benson;Travel Lane;2;6;Urban (>70% Developed);Male;Pickup;0;#NULL!;0;0;White;No;0;40-49;Motorist Overtaking - Undetected Bicyclist;None;No;No;Wet;0;Rural;No;25OCT2007;0;6:36;Female;No;Commercial;C: Possible Injury;Yes;O: No Injury;7117;October;0;Straight - Level;Coastal;With Traffic;No Control Present;Thursday;Intersection;44;0;Two-Way, Not Divided;2 lanes;0;#NULL!;#NULL!;Smooth Asphalt;#NULL!;No Special Feature;Motorist Overtaking Bicyclist;Local Street;C: Possible Injury;Johnston;55;Rain;#NULL!;31-35 mph;30 - 35  MPH;2007;Dark - Roadway Not Lighted;50-59
35.6354440888, -77.4698282458;"{""type"": ""Point"", ""coordinates"": [-77.46982824581053, 35.635444088817124]}";White;None - Rural Crash;Travel Lane;2;9;Rural (<30% Developed);Male;Passenger Car;0;#NULL!;0;0;White;No;0;50-59;Motorist Right Turn - Opposite Direction;None;No;No;Dry;0;Rural;No;14AUG2007;0;9:00;Male;No;Residential;B: Evident Injury;No;O: No Injury;7130;August;0;Curve - Level;Coastal;Facing Traffic;No Control Present;Tuesday;Non-Intersection;56;0;Two-Way, Not Divided;2 lanes;0;#NULL!;#NULL!;Smooth Asphalt;#NULL!;Driveway, Private;Motorist Right Turn / Merge;Public Vehicular Area;B: Evident Injury;Pitt;43;Clear;#NULL!;0-5 mph;Unknown;2007;Daylight;40-49
35.6022868995, -82.5021537547;"{""type"": ""Point"", ""coordinates"": [-82.50215375468512, 35.60228689953893]}";White;Asheville;Travel Lane;2;11;Mixed (30% To 70% Developed);Male;Sport Utility;0;#NULL!;0;0;White;No;0;11-15;Bicyclist Ride Through - Sign-Controlled Intersection;None;No;No;Dry;0;Urban;No;15AUG2007;0;11:51;Male;No;Residential;C: Possible Injury;Yes;O: No Injury;7132;August;0;Straight - Level;Mountains;With Traffic;Stop Sign;Wednesday;Intersection;11;0;Two-Way, Not Divided;2 lanes;0;#NULL!;#NULL!;Smooth Asphalt;#NULL!;Four-Way Intersection;Bicyclist Failed to Yield - Sign-Controlled Intersection;Local Street;C: Possible Injury;Buncombe;63;Clear;#NULL!;31-35 mph;30 - 35  MPH;2007;Daylight;60-69
35.992633116, -78.895262698;"{""type"": ""Point"", ""coordinates"": [-78.89526269795503, 35.992633116048545]}";Black;Durham;Sidewalk / Crosswalk / Driveway Crossing;2;11;Urban (>70% Developed);Male;Passenger Car;0;#NULL!;0;0;Black;No;0;60-69;Bicyclist Ride Out - Other Midblock;None;No;No;Dry;0;Urban;No;16AUG2007;0;11:20;Female;No;Commercial;B: Evident Injury;Yes;O: No Injury;7134;August;0;Straight - Level;Piedmont;Not Applicable;No Control Present;Thursday;Non-Intersection;61;0;Two-Way, Not Divided;4 lanes;0;#NULL!;#NULL!;Coarse Asphalt;#NULL!;No Special Feature;Bicyclist Failed to Yield - Midblock;Local Street;B: Evident Injury;Durham;44;Clear;#NULL!;6-10 mph;30 - 35  MPH;2007;Daylight;40-49
34.7757409049, -77.3659221719;"{""type"": ""Point"", ""coordinates"": [-77.36592217192987, 34.77574090489029]}";Black;Jacksonville;Driveway / Alley;2;17;Urban (>70% Developed);Male;Passenger Car;0;#NULL!;0;0;Black;No;0;16-19;Bicyclist Ride Out - Commercial Driveway / Alley;None;No;No;Dry;0;Urban;No;16AUG2007;0;17:08;Female;No;Commercial;C: Possible Injury;No;O: No Injury;7136;August;0;Straight - Level;Coastal;Not Applicable;No Control Present;Thursday;Non-Intersection;16;0;Two-Way, Divided, Unprotected Median;3 lanes;0;#NULL!;#NULL!;Smooth Asphalt;#NULL!;No Special Feature;Bicyclist Failed to Yield - Midblock;Local Street;O: No Injury;Onslow;67;Clear;#NULL!;41-45 mph;40 - 45  MPH;2007;Daylight;60-69
35.622149901, -82.5544777717;"{""type"": ""Point"", ""coordinates"": [-82.55447777167191, 35.62214990096562]}";White;Asheville;Sidewalk / Crosswalk / Driveway Crossing;2;13;Urban (>70% Developed);Male;Passenger Car;0;#NULL!;0;0;White;No;0;40-49;Motorist Drive Out - Commercial Driveway / Alley;None;No;No;Dry;0;Urban;No;18AUG2007;0;13:39;Male;No;Commercial;C: Possible Injury;No;O: No Injury;7142;August;0;Straight - Grade;Mountains;Facing Traffic;No Control Present;Saturday;Non-Intersection;42;0;Two-Way, Not Divided;4 lanes;0;#NULL!;#NULL!;Smooth Asphalt;#NULL!;No Special Feature;Motorist Failed to Yield - Midblock;Public Vehicular Area;C: Possible Injury;Buncombe;39;Clear;#NULL!;0-5 mph;30 - 35  MPH;2007;Daylight;30-39
36.0655890984, -79.811512979;"{""type"": ""Point"", ""coordinates"": [-79.81151297902312, 36.06558909838084]}";White;Greensboro;Sidewalk / Crosswalk / Driveway Crossing;2;11;Urban (>70% Developed);Male;Passenger Car;0;#NULL!;0;0;White;No;0;20-24;Motorist Right Turn - Same Direction;None;No;No;Dry;0;Urban;No;21AUG2007;0;11:05;Male;No;Institutional;O: No Injury;No;O: No Injury;7149;August;0;Straight - Level;Piedmont;With Traffic;No Control Present;Tuesday;Intersection;22;0;Two-Way, Divided, Unprotected Median;3 lanes;0;#NULL!;#NULL!;Smooth Asphalt;#NULL!;Four-Way Intersection;Motorist Right Turn / Merge;Local Street;Unknown Injury;Guilford;24;Clear;#NULL!;6-10 mph;20 - 25  MPH;2007;Daylight;20-24
36.1004942478, -75.7142317316;"{""type"": ""Point"", ""coordinates"": [-75.71423173157764, 36.10049424776178]}";Other;Kitty Hawk;Sidewalk / Crosswalk / Driveway Crossing;2;11;Urban (>70% Developed);Male;Sport Utility;0;#NULL!;0;0;Black;No;0;25-29;Bicyclist Ride Through - Signalized Intersection;None;No;No;Dry;0;Rural;No;21AUG2007;0;11:18;Female;No;Commercial;C: Possible Injury;No;O: No Injury;7150;August;0;Curve - Hillcrest;Coastal;Facing Traffic;Stop And Go Signal;Tuesday;Intersection;25;0;Two-Way, Not Divided;4 lanes;0;#NULL!;#NULL!;Coarse Asphalt;#NULL!;Four-Way Intersection;Bicyclist Failed to Yield - Signalized Intersection;Local Street;C: Possible Injury;Dare;37;Clear;#NULL!;31-35 mph;30 - 35  MPH;2007;Daylight;30-39
35.2347938138, -82.7041437934;"{""type"": ""Point"", ""coordinates"": [-82.70414379337599, 35.2347938137951]}";White;None - Rural Crash;Travel Lane;2;14;Mixed (30% To 70% Developed);Male;Passenger Car;0;#NULL!;0;0;White;No;0;30-39;Motorist Overtaking - Misjudged Space;None;No;No;Dry;0;Rural;No;23AUG2007;0;14:41;Female;No;Residential;B: Evident Injury;No;O: No Injury;7157;August;0;Straight - Level;Mountains;With Traffic;Double Yellow Line, No Passing Zone;Thursday;Non-Intersection;38;0;Two-Way, Not Divided;2 lanes;0;#NULL!;#NULL!;Smooth Asphalt;#NULL!;No Special Feature;Motorist Overtaking Bicyclist;State Secondary Route;B: Evident Injury;Transylvania;70+;Cloudy;#NULL!;36-40 mph;40 - 45  MPH;2007;Daylight;70+
34.9688788807, -79.3385877779;"{""type"": ""Point"", ""coordinates"": [-79.33858777787566, 34.968878880706754]}";Black;None - Rural Crash;Travel Lane;2;21;Urban (>70% Developed);Male;Unknown;0;#NULL!;0;0;Unknown/Missing;No;0;30-39;Motorist Overtaking - Other / Unknown;None;No;No;Wet;0;Rural;Yes;26AUG2007;0;21:35;Unknown;Missing;Residential;C: Possible Injury;Yes;Unknown Injury;7170;August;0;Straight - Level;Coastal;With Traffic;No Control Present;Sunday;Non-Intersection;37;0;Two-Way, Not Divided;2 lanes;0;#NULL!;#NULL!;Smooth Asphalt;#NULL!;No Special Feature;Motorist Overtaking Bicyclist;State Secondary Route;C: Possible Injury;Hoke;Unknown;Rain;#NULL!;51-55 mph;50 - 55  MPH;2007;Dark - Unknown Lighting;Unknown
35.2138667849, -83.3592839851;"{""type"": ""Point"", ""coordinates"": [-83.3592839850965, 35.2138667848726]}";White;None - Rural Crash;Driveway / Alley;2;12;Urban (>70% Developed);Male;Pickup;0;#NULL!;0;0;White;No;0;16-19;Bicyclist Ride Out - Residential Driveway;None;No;No;Dry;0;Rural;No;30AUG2007;0;12:35;Male;No;Residential;A: Disabling Injury;Yes;O: No Injury;7176;August;0;Straight - Grade;Mountains;Not Applicable;Double Yellow Line, No Passing Zone;Thursday;Non-Intersection;17;0;Two-Way, Not Divided;2 lanes;0;#NULL!;#NULL!;Smooth Asphalt;#NULL!;No Special Feature;Bicyclist Failed to Yield - Midblock;State Secondary Route;A: Disabling Injury;Macon;48;Clear;#NULL!;21-25 mph;30 - 35  MPH;2007;Daylight;40-49