Geo Point;Geo Shape;BikeRace;City;BikePos;NumUnits;CrashHour;Locality;BikeSex;DrvrVehTyp;NumBikesNo;BikeAlcDrg;NumBikesBI;RteInvdCd;DrvrRace;Workzone;NumBikesCi;BikeAgeGrp;CrashType;RdDefects;CrashAlcoh;BikeAlcoho;RdConditio;DstncMiFrm;RuralUrban;HitRun;CrashDate;NumBikesUI;CrashTime;DrvrSex;DrvrAlcoho;Developmen;CrashSevr;AmbulanceR;DrvrInjury;OBJECTID;CrashMonth;NumBikesKi;RdCharacte;Region;BikeDir;TraffCntrl;CrashDay;CrashLoc;BikeAge;NumBikesTo;RdConfig;NumLanes;NumBikesAI;DrvrAlcDrg;OnRoad;RdSurface;Towrd_Rd;RdFeature;CrashGrp;RdClass;BikeInjury;County;DrvrAge;Weather;FrmRd;DrvrEstSpd;SpeedLimit;CrashYear;LightCond;DrvrAgeGrp
34.2096087637, -77.8399372887;"{""type"": ""Point"", ""coordinates"": [-77.83993728868175, 34.209608763676655]}";White;Wilmington;Travel Lane;2;22;Urban (>70% Developed);Male;Passenger Car;0;#NULL!;0;0;White;No;0;60-69;Motorist Overtaking - Other / Unknown;None;No;No;Dry;0;Urban;No;30AUG2007;0;22:35;Male;No;Commercial;A: Disabling Injury;Yes;O: No Injury;7178;August;0;Straight - Level;Coastal;With Traffic;No Control Present;Thursday;Non-Intersection;60;0;Two-Way, Not Divided;5 lanes;0;#NULL!;#NULL!;Smooth Asphalt;#NULL!;No Special Feature;Motorist Overtaking Bicyclist;Local Street;A: Disabling Injury;New Hanover;29;Clear;#NULL!;41-45 mph;40 - 45  MPH;2007;Dark - Roadway Not Lighted;25-29
34.6659498917, -77.0303920651;"{""type"": ""Point"", ""coordinates"": [-77.03039206514434, 34.66594989165584]}";White;Emerald Isle;Bike Lane / Paved Shoulder;2;15;Urban (>70% Developed);Male;Sport Utility;0;#NULL!;0;0;White;No;0;50-59;Motorist Left Turn - Opposite Direction;None;No;No;Dry;0;Rural;No;03SEP2007;0;15:07;Male;No;Commercial;B: Evident Injury;No;O: No Injury;7186;September;0;Straight - Level;Coastal;With Traffic;No Control Present;Monday;Non-Intersection;51;0;Two-Way, Not Divided;2 lanes;0;#NULL!;#NULL!;Coarse Asphalt;#NULL!;Driveway, Public;Motorist Left Turn / Merge;NC Route;B: Evident Injury;Carteret;56;Clear;#NULL!;11-15 mph;30 - 35  MPH;2007;Daylight;50-59
36.2881372456, -76.9864061315;"{""type"": ""Point"", ""coordinates"": [-76.98640613151149, 36.28813724561903]}";White;None - Rural Crash;Travel Lane;2;12;Mixed (30% To 70% Developed);Male;Passenger Car;0;#NULL!;0;0;Black;No;0;11-15;Bicyclist Right Turn - Same Direction;None;No;No;Dry;0;Rural;No;03SEP2007;0;12:57;Female;No;Residential;B: Evident Injury;Yes;C: Possible Injury;7189;September;0;Straight - Level;Coastal;Facing Traffic;Double Yellow Line, No Passing Zone;Monday;Non-Intersection;14;0;Two-Way, Not Divided;2 lanes;0;#NULL!;#NULL!;Coarse Asphalt;#NULL!;No Special Feature;Bicyclist Right Turn / Merge;NC Route;B: Evident Injury;Hertford;49;Clear;#NULL!;31-35 mph;30 - 35  MPH;2007;Daylight;40-49
34.8033268511, -79.1503777128;"{""type"": ""Point"", ""coordinates"": [-79.15037771282101, 34.8033268511064]}";Native American;None - Rural Crash;Travel Lane;2;20;Rural (<30% Developed);Male;Pickup;0;#NULL!;0;0;Native American;No;0;60-69;Head-On - Bicyclist;None;No;No;Dry;0;Rural;No;04SEP2007;0;20:11;Male;No;Farms, Woods, Pastures;B: Evident Injury;Yes;O: No Injury;7193;September;0;Straight - Level;Coastal;Facing Traffic;Double Yellow Line, No Passing Zone;Tuesday;Non-Intersection;65;0;Two-Way, Not Divided;2 lanes;0;#NULL!;#NULL!;Coarse Asphalt;#NULL!;No Special Feature;Head-On;State Secondary Route;B: Evident Injury;Robeson;66;Clear;#NULL!;51-55 mph;50 - 55  MPH;2007;Dark - Roadway Not Lighted;60-69
35.377387015, -77.9975123934;"{""type"": ""Point"", ""coordinates"": [-77.99751239338424, 35.377387014966544]}";Black;Goldsboro;Driveway / Alley;2;18;Urban (>70% Developed);Male;Passenger Car;0;#NULL!;0;0;White;No;0;30-39;Bicyclist Ride Out - Commercial Driveway / Alley;None;Yes;Yes;Dry;0;Urban;No;05SEP2007;0;18:00;Male;No;Commercial;O: No Injury;No;O: No Injury;7198;September;0;Straight - Level;Coastal;Not Applicable;Stop And Go Signal;Wednesday;Non-Intersection;39;0;Two-Way, Not Divided;3 lanes;0;#NULL!;#NULL!;Coarse Asphalt;#NULL!;Four-Way Intersection;Bicyclist Failed to Yield - Midblock;Local Street;O: No Injury;Wayne;34;Clear;#NULL!;0-5 mph;30 - 35  MPH;2007;Daylight;30-39
35.2585568788, -81.1188433261;"{""type"": ""Point"", ""coordinates"": [-81.11884332606104, 35.258556878806196]}";White;None - Rural Crash;Non-Roadway;2;17;Rural (<30% Developed);Male;Passenger Car;0;#NULL!;0;0;White;No;0;50-59;Non-Roadway;None;No;No;Dry;0;Rural;No;06SEP2007;0;17:20;Female;No;Commercial;B: Evident Injury;Yes;O: No Injury;7200;September;0;Straight - Level;Piedmont;Unknown;No Control Present;Thursday;Non-Roadway;52;0;Two-Way, Not Divided;Unknown;0;#NULL!;#NULL!;Smooth Asphalt;#NULL!;No Special Feature;Non-Roadway;State Secondary Route;B: Evident Injury;Gaston;40;Clear;#NULL!;Unknown;Unknown;2007;Daylight;40-49
35.4118070199, -78.0712074175;"{""type"": ""Point"", ""coordinates"": [-78.07120741747926, 35.41180701988987]}";Hispanic;None - Rural Crash;Travel Lane;2;8;Mixed (30% To 70% Developed);Male;Pickup;0;#NULL!;0;0;White;No;0;11-15;Motorist Overtaking - Bicyclist Swerved;None;No;No;Dry;0;Rural;No;06SEP2007;0;8:10;Male;No;Commercial;C: Possible Injury;No;O: No Injury;7214;September;0;Straight - Level;Coastal;With Traffic;Double Yellow Line, No Passing Zone;Thursday;Non-Intersection;11;0;Two-Way, Not Divided;2 lanes;0;#NULL!;#NULL!;Smooth Asphalt;#NULL!;No Special Feature;Motorist Overtaking Bicyclist;NC Route;C: Possible Injury;Wayne;30;Clear;#NULL!;21-25 mph;40 - 45  MPH;2007;Daylight;30-39
35.1894468629, -81.1579433333;"{""type"": ""Point"", ""coordinates"": [-81.15794333326608, 35.18944686291288]}";White;None - Rural Crash;Unknown;2;17;Mixed (30% To 70% Developed);Male;Passenger Car;0;#NULL!;0;0;Black;No;0;6-10;Bicyclist Ride Out - Midblock - Unknown;None;No;No;Dry;0;Rural;No;12SEP2007;0;17:37;Male;No;Residential;C: Possible Injury;Yes;O: No Injury;7227;September;0;Straight - Level;Piedmont;Not Applicable;No Control Present;Wednesday;Non-Intersection;6;0;Two-Way, Not Divided;2 lanes;0;#NULL!;#NULL!;Smooth Asphalt;#NULL!;No Special Feature;Bicyclist Failed to Yield - Midblock;State Secondary Route;C: Possible Injury;Gaston;35;Clear;#NULL!;16-20 mph;30 - 35  MPH;2007;Daylight;30-39
35.5874370355, -78.7121926211;"{""type"": ""Point"", ""coordinates"": [-78.7121926211143, 35.58743703553188]}";White;None - Rural Crash;Travel Lane;2;9;Rural (<30% Developed);Male;Passenger Car;0;#NULL!;0;0;White;No;0;20-24;Motorist Overtaking - Bicyclist Swerved;None;Yes;No;Dry;0;Rural;No;24DEC2007;0;9:42;Female;Yes;Farms, Woods, Pastures;B: Evident Injury;Yes;O: No Injury;7239;December;0;Straight - Level;Piedmont;With Traffic;Double Yellow Line, No Passing Zone;Monday;Non-Intersection;24;0;Two-Way, Not Divided;2 lanes;0;#NULL!;#NULL!;Coarse Asphalt;#NULL!;No Special Feature;Motorist Overtaking Bicyclist;State Secondary Route;B: Evident Injury;Wake;58;Clear;#NULL!;31-35 mph;50 - 55  MPH;2007;Daylight;50-59
35.7953900807, -78.7030526297;"{""type"": ""Point"", ""coordinates"": [-78.70305262965378, 35.7953900806533]}";White;Raleigh;Travel Lane;2;19;Urban (>70% Developed);Male;Passenger Car;0;#NULL!;0;0;White;No;0;40-49;Motorist Drive Out - Sign-Controlled Intersection;None;No;No;Dry;0;Urban;No;12SEP2007;0;19:51;Female;No;Commercial;B: Evident Injury;Yes;O: No Injury;7242;September;0;Straight - Level;Piedmont;With Traffic;Stop Sign;Wednesday;Intersection;46;0;Two-Way, Not Divided;5 lanes;0;#NULL!;#NULL!;Smooth Asphalt;#NULL!;T-Intersection;Motorist Failed to Yield - Sign-Controlled Intersection;Local Street;B: Evident Injury;Wake;27;Clear;#NULL!;0-5 mph;20 - 25  MPH;2007;Dusk;25-29
34.9062868739, -79.1190727089;"{""type"": ""Point"", ""coordinates"": [-79.11907270889985, 34.90628687388647]}";Native American;None - Rural Crash;Travel Lane;2;17;Rural (<30% Developed);Male;Pickup;0;#NULL!;0;0;White;No;0;40-49;Motorist Overtaking - Bicyclist Swerved;None;No;No;Dry;0;Rural;No;15SEP2007;0;17:30;Male;No;Farms, Woods, Pastures;A: Disabling Injury;Yes;O: No Injury;7244;September;0;Straight - Level;Coastal;With Traffic;No Control Present;Saturday;Non-Intersection;43;0;Two-Way, Not Divided;2 lanes;0;#NULL!;#NULL!;Smooth Asphalt;#NULL!;No Special Feature;Motorist Overtaking Bicyclist;State Secondary Route;A: Disabling Injury;Hoke;59;Clear;#NULL!;51-55 mph;50 - 55  MPH;2007;Daylight;50-59
35.2473408862, -80.8409992419;"{""type"": ""Point"", ""coordinates"": [-80.84099924190858, 35.24734088619571]}";Black;Charlotte;Non-Roadway;2;11;Urban (>70% Developed);Male;Passenger Car;0;#NULL!;0;0;Black;No;0;6-10;Non-Roadway;None;No;No;Dry;0;Urban;No;09DEC2007;0;11:59;Male;No;Residential;C: Possible Injury;Yes;O: No Injury;7245;December;0;Straight - Level;Piedmont;Unknown;No Control Present;Sunday;Non-Roadway;10;0;Two-Way, Not Divided;Unknown;0;#NULL!;#NULL!;Smooth Asphalt;#NULL!;No Special Feature;Non-Roadway;Public Vehicular Area;C: Possible Injury;Mecklenburg;12;Clear;#NULL!;0-5 mph;5 - 15 MPH;2007;Daylight;0-19
35.8104700868, -78.6256826062;"{""type"": ""Point"", ""coordinates"": [-78.62568260623215, 35.81047008683027]}";White;Raleigh;Travel Lane;2;20;Urban (>70% Developed);Female;Passenger Car;0;#NULL!;0;0;Black;No;0;30-39;Motorist Left Turn - Opposite Direction;None;No;No;Dry;0;Urban;No;16SEP2007;0;20:32;Male;No;Residential;B: Evident Injury;Yes;O: No Injury;7248;September;0;Straight - Level;Piedmont;With Traffic;Stop And Go Signal;Sunday;Intersection;31;0;Two-Way, Divided, Unprotected Median;5 lanes;0;#NULL!;#NULL!;Smooth Asphalt;#NULL!;Four-Way Intersection;Motorist Left Turn / Merge;Local Street;B: Evident Injury;Wake;20;Clear;#NULL!;0-5 mph;30 - 35  MPH;2007;Dark - Unknown Lighting;20-24
35.621236911, -82.291453694;"{""type"": ""Point"", ""coordinates"": [-82.29145369403516, 35.62123691098823]}";White;None - Rural Crash;Travel Lane;2;17;Mixed (30% To 70% Developed);Male;Passenger Car;0;#NULL!;0;0;White;No;0;6-10;Bicyclist Turning Error - Left Turn;None;No;No;Dry;0;Rural;No;17SEP2007;0;17:46;Female;No;Residential;B: Evident Injury;No;O: No Injury;7249;September;0;Straight - Grade;Mountains;Unknown;No Control Present;Monday;Intersection-Related;7;0;Two-Way, Not Divided;2 lanes;0;#NULL!;#NULL!;Coarse Asphalt;#NULL!;T-Intersection;Loss of Control / Turning Error;Public Vehicular Area;B: Evident Injury;Buncombe;46;Clear;#NULL!;16-20 mph;Unknown;2007;Daylight;40-49
35.1404168608, -80.9328932641;"{""type"": ""Point"", ""coordinates"": [-80.93289326414867, 35.140416860805466]}";White;Charlotte;Sidewalk / Crosswalk / Driveway Crossing;2;20;Urban (>70% Developed);Male;Sport Utility;0;#NULL!;0;0;White;No;0;30-39;Motorist Right Turn - Same Direction;None;No;No;Wet;0;Urban;No;28DEC2007;0;20:34;Male;No;Commercial;B: Evident Injury;Yes;O: No Injury;7250;December;0;Straight - Grade;Piedmont;With Traffic;Stop And Go Signal;Friday;Intersection;36;0;Two-Way, Divided, Positive Median Barrier;4 lanes;0;#NULL!;#NULL!;Coarse Asphalt;#NULL!;On or Off Ramp;Motorist Right Turn / Merge;NC Route;B: Evident Injury;Mecklenburg;50;Rain;#NULL!;36-40 mph;40 - 45  MPH;2007;Dark - Roadway Not Lighted;50-59
35.2081748801, -80.7962832272;"{""type"": ""Point"", ""coordinates"": [-80.79628322716377, 35.20817488010028]}";Black;Charlotte;Sidewalk / Crosswalk / Driveway Crossing;2;21;Urban (>70% Developed);Male;Passenger Car;0;#NULL!;0;0;White;No;0;25-29;Motorist Drive Out - Sign-Controlled Intersection;None;Yes;Yes;Dry;0;Urban;No;29DEC2007;0;21:01;Male;No;Commercial;O: No Injury;No;O: No Injury;7252;December;0;Straight - Grade;Piedmont;With Traffic;Yield Sign;Saturday;Intersection;26;0;Two-Way, Divided, Unprotected Median;3 lanes;0;#NULL!;#NULL!;Smooth Asphalt;#NULL!;On or Off Ramp;Motorist Failed to Yield - Sign-Controlled Intersection;US Route;O: No Injury;Mecklenburg;27;Clear;#NULL!;0-5 mph;20 - 25  MPH;2007;Dark - Lighted Roadway;25-29
35.6108470867, -77.3708062144;"{""type"": ""Point"", ""coordinates"": [-77.3708062143841, 35.61084708674968]}";White;Greenville;Sidewalk / Crosswalk / Driveway Crossing;3;11;Urban (>70% Developed);Male;Sport Utility;0;#NULL!;0;0;White;No;0;25-29;Unusual Circumstances;None;No;No;Dry;0;Urban;No;17SEP2007;0;11:36;Male;No;Commercial;B: Evident Injury;Yes;O: No Injury;7256;September;0;Straight - Level;Coastal;Not Applicable;Stop And Go Signal;Monday;Intersection;27;0;Two-Way, Not Divided;3 lanes;0;#NULL!;#NULL!;Smooth Asphalt;#NULL!;Four-Way Intersection;Other / Unusual Circumstances;Local Street;B: Evident Injury;Pitt;22;Clear;#NULL!;26-30 mph;30 - 35  MPH;2007;Daylight;20-24
35.5358669499, -80.8014172459;"{""type"": ""Point"", ""coordinates"": [-80.80141724591098, 35.53586694990084]}";White;None - Rural Crash;Travel Lane;2;10;Rural (<30% Developed);Male;Sport Utility;0;#NULL!;0;0;White;No;0;30-39;Bicyclist Right Turn - Same Direction;None;No;No;Dry;0;Rural;No;20SEP2007;0;10:50;Male;No;Farms, Woods, Pastures;C: Possible Injury;No;O: No Injury;7264;September;0;Straight - Level;Piedmont;Facing Traffic;Double Yellow Line, No Passing Zone;Thursday;Intersection-Related;39;0;Two-Way, Not Divided;2 lanes;0;#NULL!;#NULL!;Coarse Asphalt;#NULL!;Related To Intersection;Bicyclist Right Turn / Merge;State Secondary Route;C: Possible Injury;Iredell;27;Clear;#NULL!;36-40 mph;40 - 45  MPH;2007;Daylight;25-29
35.4562030167, -78.4490325346;"{""type"": ""Point"", ""coordinates"": [-78.4490325346203, 35.456203016713296]}";Black;None - Rural Crash;Travel Lane;2;16;Rural (<30% Developed);Male;Passenger Car;0;#NULL!;0;0;White;No;0;11-15;Motorist Overtaking - Bicyclist Swerved;None;No;No;Wet;0;Rural;No;20SEP2007;0;16:28;Female;No;Farms, Woods, Pastures;B: Evident Injury;No;B: Evident Injury;7265;September;0;Straight - Grade;Coastal;With Traffic;No Control Present;Thursday;Non-Intersection;15;0;Two-Way, Not Divided;2 lanes;0;#NULL!;#NULL!;Coarse Asphalt;#NULL!;No Special Feature;Motorist Overtaking Bicyclist;State Secondary Route;B: Evident Injury;Johnston;45;Rain;#NULL!;51-55 mph;50 - 55  MPH;2007;Daylight;40-49
35.7577810952, -78.0602324316;"{""type"": ""Point"", ""coordinates"": [-78.0602324316197, 35.75778109517987]}";Black;Sims;Travel Lane;2;19;Mixed (30% To 70% Developed);Male;Passenger Car;0;#NULL!;0;0;White;No;0;60-69;Motorist Overtaking - Other / Unknown;None;Yes;Yes;Dry;0;Rural;No;21SEP2007;0;19:41;Male;No;Residential;B: Evident Injury;Yes;O: No Injury;7270;September;0;Straight - Level;Coastal;With Traffic;Double Yellow Line, No Passing Zone;Friday;Non-Intersection;65;0;Two-Way, Not Divided;2 lanes;0;#NULL!;#NULL!;Smooth Asphalt;#NULL!;No Special Feature;Motorist Overtaking Bicyclist;State Secondary Route;B: Evident Injury;Wilson;70+;Clear;#NULL!;26-30 mph;30 - 35  MPH;2007;Dusk;70+
36.431159226, -78.4301425804;"{""type"": ""Point"", ""coordinates"": [-78.43014258042321, 36.43115922600516]}";Black;None - Rural Crash;Driveway / Alley;2;16;Rural (<30% Developed);Male;Passenger Car;0;#NULL!;0;0;Black;No;0;11-15;Bicyclist Ride Out - Residential Driveway;None;No;No;Dry;0;Rural;No;22SEP2007;0;16:52;Female;No;Residential;B: Evident Injury;Yes;O: No Injury;7273;September;0;Straight - Level;Piedmont;Not Applicable;Double Yellow Line, No Passing Zone;Saturday;Non-Intersection;12;0;Two-Way, Not Divided;2 lanes;0;#NULL!;#NULL!;Smooth Asphalt;#NULL!;No Special Feature;Bicyclist Failed to Yield - Midblock;State Secondary Route;B: Evident Injury;Vance;52;Clear;#NULL!;31-35 mph;40 - 45  MPH;2007;Daylight;50-59
35.7862050781, -78.7176086329;"{""type"": ""Point"", ""coordinates"": [-78.71760863286741, 35.78620507808912]}";Hispanic;Raleigh;Driveway / Alley;2;12;Urban (>70% Developed);Male;Passenger Car;0;#NULL!;0;0;Black;No;0;30-39;Bicyclist Ride Out - Commercial Driveway / Alley;None;No;No;Dry;0;Urban;No;22SEP2007;0;12:08;Male;No;Residential;K: Killed;Yes;O: No Injury;7274;September;0;Curve - Grade;Piedmont;Not Applicable;No Control Present;Saturday;Non-Intersection;30;0;Two-Way, Divided, Unprotected Median;2 lanes;0;#NULL!;#NULL!;Smooth Asphalt;#NULL!;No Special Feature;Bicyclist Failed to Yield - Midblock;Local Street;K: Killed;Wake;19;Clear;#NULL!;36-40 mph;40 - 45  MPH;2007;Daylight;0-19
35.186606887, -80.4663571271;"{""type"": ""Point"", ""coordinates"": [-80.46635712708232, 35.18660688695634]}";White;None - Rural Crash;Travel Lane;2;14;Rural (<30% Developed);Male;Unknown;0;#NULL!;0;0;Unknown/Missing;No;0;50-59;Motorist Overtaking - Other / Unknown;None;No;No;Dry;0;Rural;Yes;23SEP2007;0;14:30;Unknown;Missing;Farms, Woods, Pastures;A: Disabling Injury;Yes;Unknown Injury;7275;September;0;Straight - Level;Piedmont;With Traffic;No Control Present;Sunday;Non-Intersection;51;0;Two-Way, Not Divided;2 lanes;0;#NULL!;#NULL!;Smooth Asphalt;#NULL!;No Special Feature;Motorist Overtaking Bicyclist;State Secondary Route;A: Disabling Injury;Stanly;Unknown;Clear;#NULL!;51-55 mph;50 - 55  MPH;2007;Daylight;Unknown
35.7901410877, -78.4816385622;"{""type"": ""Point"", ""coordinates"": [-78.48163856223513, 35.79014108765694]}";White;Knightdale;Travel Lane;2;12;Mixed (30% To 70% Developed);Male;Passenger Car;0;#NULL!;0;0;White;No;0;11-15;Bicyclist Ride Through - Sign-Controlled Intersection;None;No;No;Dry;0;Urban;No;17NOV2007;0;12:30;Male;No;Residential;B: Evident Injury;Yes;O: No Injury;7279;November;0;Straight - Level;Piedmont;Facing Traffic;Stop Sign;Saturday;Intersection;15;0;Two-Way, Not Divided;2 lanes;0;#NULL!;#NULL!;Coarse Asphalt;#NULL!;Four-Way Intersection;Bicyclist Failed to Yield - Sign-Controlled Intersection;Local Street;B: Evident Injury;Wake;70+;Clear;#NULL!;21-25 mph;20 - 25  MPH;2007;Daylight;70+
34.7544238991, -77.3811971755;"{""type"": ""Point"", ""coordinates"": [-77.38119717552094, 34.754423899107366]}";Black;Jacksonville;Travel Lane;2;15;Urban (>70% Developed);Male;Passenger Car;0;#NULL!;0;0;White;No;0;40-49;Motorist Drive Out - Commercial Driveway / Alley;None;No;No;Dry;0;Urban;No;27SEP2007;0;15:31;Male;No;Commercial;B: Evident Injury;Yes;O: No Injury;7284;September;0;Straight - Grade;Coastal;Facing Traffic;No Control Present;Thursday;Non-Intersection;45;0;Two-Way, Divided, Unprotected Median;7 lanes;0;#NULL!;#NULL!;Smooth Asphalt;#NULL!;No Special Feature;Motorist Failed to Yield - Midblock;Local Street;B: Evident Injury;Onslow;21;Cloudy;#NULL!;0-5 mph;Unknown;2007;Daylight;20-24
35.1123768608, -80.7580672108;"{""type"": ""Point"", ""coordinates"": [-80.75806721080453, 35.11237686077267]}";White;Matthews;Unknown;2;1;Urban (>70% Developed);Male;Passenger Car;0;#NULL!;0;0;White;No;0;60-69;Motorist Drive Out - Sign-Controlled Intersection;None;No;No;Dry;0;Urban;No;27SEP2007;0;1:11;Female;No;Residential;C: Possible Injury;Yes;O: No Injury;7288;September;0;Straight - Bottom;Piedmont;Facing Traffic;Stop Sign;Thursday;Intersection;65;0;Two-Way, Divided, Unprotected Median;2 lanes;0;#NULL!;#NULL!;Smooth Asphalt;#NULL!;T-Intersection;Motorist Failed to Yield - Sign-Controlled Intersection;Local Street;C: Possible Injury;Mecklenburg;59;Clear;#NULL!;Unknown;20 - 25  MPH;2007;Daylight;50-59
36.3058012752, -76.2325759016;"{""type"": ""Point"", ""coordinates"": [-76.23257590155934, 36.305801275236384]}";White;Elizabeth City;Travel Lane;2;0;Urban (>70% Developed);Male;Unknown;0;#NULL!;0;0;Unknown/Missing;No;0;50-59;Motorist Overtaking - Misjudged Space;None;No;No;Dry;0;Urban;Yes;30SEP2007;0;0:33;Unknown;Missing;Commercial;C: Possible Injury;Yes;Unknown Injury;7291;September;0;Straight - Level;Coastal;With Traffic;No Control Present;Sunday;Non-Intersection;57;0;Two-Way, Divided, Unprotected Median;2 lanes;0;#NULL!;#NULL!;Smooth Asphalt;#NULL!;No Special Feature;Motorist Overtaking Bicyclist;Local Street;C: Possible Injury;Pasquotank;Unknown;Clear;#NULL!;41-45 mph;40 - 45  MPH;2007;Dark - Lighted Roadway;Unknown
35.7933970809, -78.6935676265;"{""type"": ""Point"", ""coordinates"": [-78.6935676264583, 35.7933970809045]}";White;Raleigh;Sidewalk / Crosswalk / Driveway Crossing;2;15;Urban (>70% Developed);Female;Passenger Car;0;#NULL!;0;0;Black;No;0;25-29;Motorist Drive Through - Sign-Controlled Intersection;None;No;No;Dry;0;Urban;No;03OCT2007;0;15:15;Female;No;Commercial;C: Possible Injury;Yes;Unknown Injury;7300;October;0;Straight - Level;Piedmont;Facing Traffic;Stop Sign;Wednesday;Intersection;26;0;Two-Way, Not Divided;2 lanes;0;#NULL!;#NULL!;Smooth Asphalt;#NULL!;No Special Feature;Motorist Failed to Yield - Sign-Controlled Intersection;Local Street;C: Possible Injury;Wake;50;Clear;#NULL!;21-25 mph;20 - 25  MPH;2007;Daylight;50-59
35.2507508758, -81.1642533387;"{""type"": ""Point"", ""coordinates"": [-81.16425333869951, 35.250750875779715]}";White;Gastonia;Travel Lane;2;16;Urban (>70% Developed);Male;Passenger Car;0;#NULL!;0;0;White;No;0;30-39;Bicyclist Overtaking - Passing on Left;None;No;No;Dry;0;Urban;No;05OCT2007;0;16:05;Female;No;Residential;C: Possible Injury;No;O: No Injury;7302;October;0;Straight - Level;Piedmont;With Traffic;No Control Present;Friday;Non-Intersection;36;0;Two-Way, Not Divided;2 lanes;0;#NULL!;#NULL!;Smooth Asphalt;#NULL!;No Special Feature;Bicyclist Overtaking Motorist;Local Street;C: Possible Injury;Gaston;21;Clear;#NULL!;0-5 mph;30 - 35  MPH;2007;Daylight;20-24
36.3839602915, -76.2448619085;"{""type"": ""Point"", ""coordinates"": [-76.2448619084923, 36.38396029149002]}";White;None - Rural Crash;Travel Lane;2;13;Rural (<30% Developed);Female;Passenger Car;0;#NULL!;0;0;White;No;0;50-59;Motorist Overtaking - Misjudged Space;None;No;No;Dry;0;Rural;No;06OCT2007;0;13:35;Male;No;Farms, Woods, Pastures;B: Evident Injury;Yes;O: No Injury;7304;October;0;Straight - Level;Coastal;With Traffic;Double Yellow Line, No Passing Zone;Saturday;Non-Intersection;52;0;Two-Way, Not Divided;2 lanes;0;#NULL!;#NULL!;Smooth Asphalt;#NULL!;No Special Feature;Motorist Overtaking Bicyclist;NC Route;B: Evident Injury;Camden;46;Cloudy;#NULL!;36-40 mph;50 - 55  MPH;2007;Daylight;40-49
36.0693471139, -79.3977528537;"{""type"": ""Point"", ""coordinates"": [-79.39775285371613, 36.06934711389362]}";Black;Graham;Non-Roadway;2;17;Mixed (30% To 70% Developed);Female;Passenger Car;0;#NULL!;0;0;Black;No;0;16-19;Bicyclist Ride Out - Commercial Driveway / Alley;None;No;No;Dry;0;Urban;No;02OCT2007;0;17:49;Female;No;Commercial;B: Evident Injury;Yes;O: No Injury;7307;October;0;Straight - Level;Piedmont;Not Applicable;No Control Present;Tuesday;Non-Intersection;18;0;Two-Way, Not Divided;2 lanes;0;#NULL!;#NULL!;Smooth Asphalt;#NULL!;Other;Bicyclist Failed to Yield - Midblock;Local Street;B: Evident Injury;Alamance;43;Clear;#NULL!;0-5 mph;20 - 25  MPH;2007;Daylight;40-49
35.1938369241, -79.4859128338;"{""type"": ""Point"", ""coordinates"": [-79.48591283381242, 35.1938369240889]}";Black;Pinehurst;Travel Lane;2;19;Mixed (30% To 70% Developed);Male;Sport Utility;0;#NULL!;0;0;White;No;0;50-59;Motorist Overtaking - Undetected Bicyclist;None;No;No;Dry;0;Urban;No;11OCT2007;0;19:00;Female;No;Residential;B: Evident Injury;Yes;O: No Injury;7317;October;0;Straight - Level;Piedmont;With Traffic;Double Yellow Line, No Passing Zone;Thursday;Non-Intersection;50;0;Two-Way, Not Divided;2 lanes;0;#NULL!;#NULL!;Coarse Asphalt;#NULL!;No Special Feature;Motorist Overtaking Bicyclist;Local Street;B: Evident Injury;Moore;52;Clear;#NULL!;31-35 mph;30 - 35  MPH;2007;Dark - Roadway Not Lighted;50-59
34.9487268876, -79.0108286784;"{""type"": ""Point"", ""coordinates"": [-79.01082867839698, 34.948726887567574]}";Unknown/Missing;None - Rural Crash;Travel Lane;2;20;Rural (<30% Developed);Unknown;Unknown;0;#NULL!;0;0;Unknown/Missing;No;0;Unknown;Motorist Overtaking - Other / Unknown;None;No;Missing;Dry;0;Rural;Yes;11OCT2007;0;20:31;Unknown;Missing;Farms, Woods, Pastures;Unknown Injury;No;Unknown Injury;7318;October;0;Curve - Level;Coastal;With Traffic;Double Yellow Line, No Passing Zone;Thursday;Non-Intersection;Unknown;0;Two-Way, Not Divided;2 lanes;0;#NULL!;#NULL!;Coarse Asphalt;#NULL!;Driveway, Public;Motorist Overtaking Bicyclist;State Secondary Route;Unknown Injury;Cumberland;Unknown;Clear;#NULL!;41-45 mph;50 - 55  MPH;2007;Dark - Roadway Not Lighted;Unknown
35.0103909019, -78.9663726674;"{""type"": ""Point"", ""coordinates"": [-78.96637266737923, 35.01039090189167]}";Asian;Fayetteville;Sidewalk / Crosswalk / Driveway Crossing;2;9;Urban (>70% Developed);Female;Passenger Car;0;#NULL!;0;0;Asian;No;0;40-49;Motorist Drive Out - Commercial Driveway / Alley;None;No;No;Dry;0;Urban;No;11OCT2007;0;9:12;Female;No;Commercial;B: Evident Injury;Yes;O: No Injury;7319;October;0;Straight - Level;Coastal;Facing Traffic;No Control Present;Thursday;Non-Intersection;47;0;Two-Way, Not Divided;Unknown;0;#NULL!;#NULL!;Smooth Asphalt;#NULL!;No Special Feature;Motorist Failed to Yield - Midblock;Public Vehicular Area;B: Evident Injury;Cumberland;59;Clear;#NULL!;0-5 mph;5 - 15 MPH;2007;Daylight;50-59