Geo Point;Geo Shape;BikeRace;City;BikePos;NumUnits;CrashHour;Locality;BikeSex;DrvrVehTyp;NumBikesNo;BikeAlcDrg;NumBikesBI;RteInvdCd;DrvrRace;Workzone;NumBikesCi;BikeAgeGrp;CrashType;RdDefects;CrashAlcoh;BikeAlcoho;RdConditio;DstncMiFrm;RuralUrban;HitRun;CrashDate;NumBikesUI;CrashTime;DrvrSex;DrvrAlcoho;Developmen;CrashSevr;AmbulanceR;DrvrInjury;OBJECTID;CrashMonth;NumBikesKi;RdCharacte;Region;BikeDir;TraffCntrl;CrashDay;CrashLoc;BikeAge;NumBikesTo;RdConfig;NumLanes;NumBikesAI;DrvrAlcDrg;OnRoad;RdSurface;Towrd_Rd;RdFeature;CrashGrp;RdClass;BikeInjury;County;DrvrAge;Weather;FrmRd;DrvrEstSpd;SpeedLimit;CrashYear;LightCond;DrvrAgeGrp
36.1638771605, -78.6752926411;"{""type"": ""Point"", ""coordinates"": [-78.67529264108992, 36.163877160507674]}";Black;None - Rural Crash;Travel Lane;2;7;Rural (<30% Developed);Male;Light Truck (Mini-Van, Panel);0;#NULL!;0;0;Black;No;0;40-49;Motorist Overtaking - Misjudged Space;None;No;No;Dry;0;Rural;No;11OCT2007;0;7:53;Female;No;Farms, Woods, Pastures;B: Evident Injury;Yes;O: No Injury;7320;October;0;Straight - Level;Piedmont;With Traffic;Double Yellow Line, No Passing Zone;Thursday;Non-Intersection;44;0;Two-Way, Not Divided;2 lanes;0;#NULL!;#NULL!;Coarse Asphalt;#NULL!;No Special Feature;Motorist Overtaking Bicyclist;US Route;B: Evident Injury;Granville;64;Clear;#NULL!;51-55 mph;50 - 55  MPH;2007;Daylight;60-69
35.5115310191, -78.7297126221;"{""type"": ""Point"", ""coordinates"": [-78.72971262208188, 35.511531019052235]}";Unknown/Missing;Angier;Travel Lane;2;16;Mixed (30% To 70% Developed);Unknown;Passenger Car;0;#NULL!;0;0;White;No;0;Unknown;Bicyclist Ride Through - Sign-Controlled Intersection;None;No;Missing;Dry;0;Rural;No;19OCT2007;0;16:00;Female;No;Residential;O: No Injury;No;O: No Injury;7336;October;0;Straight - Level;Coastal;With Traffic;Stop Sign;Friday;Intersection;Unknown;0;Two-Way, Not Divided;2 lanes;0;#NULL!;#NULL!;Coarse Asphalt;#NULL!;No Special Feature;Bicyclist Failed to Yield - Sign-Controlled Intersection;Local Street;Unknown Injury;Harnett;16;Clear;#NULL!;21-25 mph;30 - 35  MPH;2007;Daylight;0-19
35.528817068, -77.4032122203;"{""type"": ""Point"", ""coordinates"": [-77.40321222029017, 35.52881706801582]}";Black;Winterville;Non-Roadway;2;12;Urban (>70% Developed);Male;Passenger Car;0;#NULL!;0;0;Unknown/Missing;No;0;11-15;Motorist Turn / Merge - Other / Unknown;None;No;No;Dry;0;Urban;Yes;23OCT2007;0;12:15;Unknown;No;Commercial;B: Evident Injury;No;Unknown Injury;7345;October;0;Straight - Level;Coastal;Not Applicable;No Control Present;Tuesday;Non-Intersection;15;0;Two-Way, Not Divided;2 lanes;0;#NULL!;#NULL!;Smooth Asphalt;#NULL!;Driveway, Public;Parallel Paths - Other Circumstances;Local Street;B: Evident Injury;Pitt;Unknown;Clear;#NULL!;0-5 mph;30 - 35  MPH;2007;Daylight;Unknown
34.7469268945, -77.482897206;"{""type"": ""Point"", ""coordinates"": [-77.48289720598517, 34.74692689448413]}";White;None - Rural Crash;Travel Lane;2;6;Mixed (30% To 70% Developed);Male;Pickup;0;#NULL!;0;0;White;No;0;20-24;Motorist Drive Out - Commercial Driveway / Alley;None;No;No;Wet;0;Rural;No;26OCT2007;0;6:45;Male;No;Commercial;C: Possible Injury;No;O: No Injury;7348;October;0;Straight - Level;Coastal;With Traffic;No Control Present;Friday;Non-Intersection;22;0;Two-Way, Not Divided;3 lanes;0;#NULL!;#NULL!;Smooth Asphalt;#NULL!;Driveway, Public;Motorist Failed to Yield - Midblock;NC Route;C: Possible Injury;Onslow;24;Cloudy;#NULL!;0-5 mph;40 - 45  MPH;2007;Dark - Roadway Not Lighted;20-24
35.2428428751, -81.1345933296;"{""type"": ""Point"", ""coordinates"": [-81.13459332959785, 35.24284287511724]}";White;Gastonia;Driveway / Alley;2;15;Urban (>70% Developed);Male;Passenger Car;0;#NULL!;0;0;Hispanic;No;0;16-19;Bicyclist Ride Out - Commercial Driveway / Alley;None;No;No;Dry;0;Urban;No;29OCT2007;0;15:05;Female;No;Commercial;B: Evident Injury;Yes;O: No Injury;7356;October;0;Straight - Level;Piedmont;Not Applicable;No Control Present;Monday;Non-Intersection;16;0;Two-Way, Not Divided;5 lanes;0;#NULL!;#NULL!;Smooth Asphalt;#NULL!;Driveway, Public;Bicyclist Failed to Yield - Midblock;Local Street;B: Evident Injury;Gaston;17;Cloudy;#NULL!;26-30 mph;40 - 45  MPH;2007;Daylight;0-19
35.3744690149, -77.9903523913;"{""type"": ""Point"", ""coordinates"": [-77.990352391282, 35.37446901491347]}";Black;Goldsboro;Non-Roadway;2;19;Urban (>70% Developed);Male;Passenger Car;0;#NULL!;0;0;Black;No;0;16-19;Non-Roadway;None;No;No;Dry;0;Urban;No;29OCT2007;0;19:00;Female;No;Commercial;C: Possible Injury;No;O: No Injury;7357;October;0;Straight - Level;Coastal;Unknown;No Control Present;Monday;Non-Roadway;18;0;Two-Way, Not Divided;Unknown;0;#NULL!;#NULL!;Smooth Asphalt;#NULL!;No Special Feature;Non-Roadway;Public Vehicular Area;C: Possible Injury;Wayne;27;Clear;#NULL!;0-5 mph;5 - 15 MPH;2007;Dark - Lighted Roadway;25-29
36.0781871017, -79.7781479692;"{""type"": ""Point"", ""coordinates"": [-79.77814796917094, 36.07818710168549]}";Black;Greensboro;Sidewalk / Crosswalk / Driveway Crossing;2;18;Urban (>70% Developed);Male;Unknown;0;#NULL!;0;0;Unknown/Missing;No;0;11-15;Motorist Drive Out - Signalized Intersection;None;No;No;Dry;0;Urban;Yes;29OCT2007;0;18:10;Unknown;Missing;Commercial;C: Possible Injury;No;Unknown Injury;7358;October;0;Straight - Level;Piedmont;Facing Traffic;Stop And Go Signal;Monday;Intersection;14;0;Two-Way, Not Divided;5 lanes;0;#NULL!;#NULL!;Coarse Asphalt;#NULL!;Four-Way Intersection;Motorist Failed to Yield - Signalized Intersection;Local Street;C: Possible Injury;Guilford;Unknown;Clear;#NULL!;Unknown;30 - 35  MPH;2007;Daylight;Unknown
35.6621429625, -81.1589833596;"{""type"": ""Point"", ""coordinates"": [-81.15898335963486, 35.66214296251053]}";White;None - Rural Crash;Travel Lane;2;10;Rural (<30% Developed);Male;Pickup;0;#NULL!;0;0;White;No;0;30-39;Motorist Overtaking - Misjudged Space;None;No;No;Dry;0;Rural;No;06NOV2007;0;10:48;Male;No;Residential;C: Possible Injury;Yes;O: No Injury;7374;November;0;Straight - Level;Piedmont;With Traffic;Double Yellow Line, No Passing Zone;Tuesday;Non-Intersection;36;0;Two-Way, Not Divided;2 lanes;0;#NULL!;#NULL!;Smooth Asphalt;#NULL!;No Special Feature;Motorist Overtaking Bicyclist;State Secondary Route;C: Possible Injury;Catawba;70+;Clear;#NULL!;41-45 mph;40 - 45  MPH;2007;Daylight;70+
34.2131967625, -77.8979523068;"{""type"": ""Point"", ""coordinates"": [-77.89795230679279, 34.21319676250101]}";White;Wilmington;Travel Lane;2;13;Urban (>70% Developed);Male;Passenger Car;0;#NULL!;0;0;White;No;0;16-19;Head-On - Bicyclist;None;No;No;Dry;0;Urban;No;13NOV2007;0;13:07;Female;No;Commercial;C: Possible Injury;Yes;O: No Injury;7390;November;0;Straight - Level;Coastal;Facing Traffic;No Control Present;Tuesday;Non-Intersection;18;0;Two-Way, Divided, Positive Median Barrier;6 lanes;0;#NULL!;#NULL!;Smooth Asphalt;#NULL!;No Special Feature;Head-On;Local Street;C: Possible Injury;New Hanover;62;Clear;#NULL!;16-20 mph;40 - 45  MPH;2007;Daylight;60-69
35.9311710614, -80.0346430381;"{""type"": ""Point"", ""coordinates"": [-80.03464303808472, 35.931171061435144]}";White;High Point;Travel Lane;2;16;Urban (>70% Developed);Male;Pickup;0;#NULL!;0;0;White;No;0;30-39;Bicyclist Ride Out - Signalized  Intersection;None;No;No;Dry;0;Urban;No;15NOV2007;0;16:46;Male;No;Commercial;B: Evident Injury;Yes;O: No Injury;7393;November;0;Straight - Level;Piedmont;With Traffic;Stop And Go Signal;Thursday;Intersection;38;0;Two-Way, Not Divided;4 lanes;0;#NULL!;#NULL!;Smooth Asphalt;#NULL!;Four-Way Intersection;Bicyclist Failed to Yield - Signalized Intersection;Local Street;B: Evident Injury;Guilford;48;Clear;#NULL!;26-30 mph;30 - 35  MPH;2007;Daylight;40-49
34.3486737658, -78.7097025577;"{""type"": ""Point"", ""coordinates"": [-78.70970255768907, 34.348673765821665]}";Black;Whiteville;Travel Lane;2;17;Urban (>70% Developed);Female;Unknown;0;#NULL!;0;0;Unknown/Missing;No;0;11-15;Motorist Drive Out - Sign-Controlled Intersection;None;No;No;Dry;0;Urban;Yes;16NOV2007;0;17:59;Unknown;Missing;Commercial;C: Possible Injury;No;Unknown Injury;7394;November;0;Straight - Level;Coastal;Facing Traffic;Stop Sign;Friday;Intersection;14;0;Two-Way, Divided, Unprotected Median;2 lanes;0;#NULL!;#NULL!;Smooth Asphalt;#NULL!;On or Off Ramp;Motorist Failed to Yield - Sign-Controlled Intersection;US Route;C: Possible Injury;Columbus;Unknown;Clear;#NULL!;Unknown;Unknown;2007;Dark - Lighted Roadway;Unknown
36.2116501136, -80.2253031116;"{""type"": ""Point"", ""coordinates"": [-80.22530311155587, 36.21165011364594]}";Black;None - Rural Crash;Non-Roadway;2;9;Mixed (30% To 70% Developed);Male;Passenger Car;0;#NULL!;0;0;Black;No;0;6-10;Bicyclist Ride Out - Other Midblock;None;No;No;Dry;0;Rural;No;20NOV2007;0;9:18;Female;No;Residential;B: Evident Injury;Yes;O: No Injury;7399;November;0;Straight - Level;Piedmont;Not Applicable;No Control Present;Tuesday;Non-Intersection;8;0;Two-Way, Not Divided;2 lanes;0;#NULL!;#NULL!;Smooth Asphalt;#NULL!;No Special Feature;Bicyclist Failed to Yield - Midblock;State Secondary Route;B: Evident Injury;Forsyth;58;Clear;#NULL!;46-50 mph;50 - 55  MPH;2007;Daylight;50-59
34.7482218969, -77.4222721881;"{""type"": ""Point"", ""coordinates"": [-77.42227218810358, 34.74822189687943]}";Black;Jacksonville;Travel Lane;2;11;Urban (>70% Developed);Male;Police;0;#NULL!;0;0;White;No;0;25-29;Head-On - Bicyclist;None;Yes;Yes;Dry;0;Urban;No;25NOV2007;0;11:59;Male;No;Residential;O: No Injury;No;O: No Injury;7404;November;0;Straight - Level;Coastal;Unknown;No Control Present;Sunday;Non-Intersection;26;0;Two-Way, Not Divided;2 lanes;0;#NULL!;#NULL!;Smooth Asphalt;#NULL!;No Special Feature;Head-On;Local Street;O: No Injury;Onslow;28;Cloudy;#NULL!;Unknown;20 - 25  MPH;2007;Daylight;25-29
35.8147350288, -80.2637931004;"{""type"": ""Point"", ""coordinates"": [-80.26379310044975, 35.81473502878965]}";Black;Lexington;Travel Lane;2;17;Rural (<30% Developed);Male;Passenger Car;0;#NULL!;0;0;White;No;0;11-15;Bicyclist Left Turn - Opposite Direction;None;No;No;Dry;0;Urban;No;27NOV2007;0;17:26;Female;No;Commercial;C: Possible Injury;No;O: No Injury;7407;November;0;Straight - Level;Piedmont;With Traffic;No Control Present;Tuesday;Non-Intersection;11;0;Two-Way, Divided, Unprotected Median;4 lanes;0;#NULL!;#NULL!;Smooth Asphalt;#NULL!;No Special Feature;Bicyclist Left Turn / Merge;Local Street;C: Possible Injury;Davidson;54;Clear;#NULL!;26-30 mph;30 - 35  MPH;2007;Daylight;50-59
35.8353150918, -78.6390826116;"{""type"": ""Point"", ""coordinates"": [-78.6390826115942, 35.83531509175233]}";Black;Raleigh;Travel Lane;2;9;Urban (>70% Developed);Male;Passenger Car;0;#NULL!;0;0;White;No;0;40-49;Bicyclist Ride Through - Signalized Intersection;None;No;No;Dry;0;Urban;No;20NOV2007;0;9:00;Male;No;Commercial;C: Possible Injury;No;O: No Injury;7412;November;0;Curve - Grade;Piedmont;Facing Traffic;Stop And Go Signal;Tuesday;Intersection;44;0;Two-Way, Divided, Positive Median Barrier;4 lanes;0;#NULL!;#NULL!;Smooth Asphalt;#NULL!;On or Off Ramp;Bicyclist Failed to Yield - Signalized Intersection;Local Street;C: Possible Injury;Wake;34;Clear;#NULL!;0-5 mph;30 - 35  MPH;2007;Daylight;30-39
35.7939140012, -80.8791232839;"{""type"": ""Point"", ""coordinates"": [-80.87912328387691, 35.793914001179104]}";White;Statesville;Travel Lane;2;14;Urban (>70% Developed);Male;Unknown;0;#NULL!;0;0;Unknown/Missing;No;0;11-15;Bicyclist Ride Out - Sign-Controlled Intersection;None;No;No;Dry;0;Urban;Yes;01DEC2007;0;14:00;Unknown;No;Residential;C: Possible Injury;No;Unknown Injury;7418;December;0;Straight - Level;Piedmont;With Traffic;Stop Sign;Saturday;Intersection;13;0;Two-Way, Not Divided;2 lanes;0;#NULL!;#NULL!;Coarse Asphalt;#NULL!;Four-Way Intersection;Bicyclist Failed to Yield - Sign-Controlled Intersection;Local Street;C: Possible Injury;Iredell;Unknown;Clear;#NULL!;0-5 mph;30 - 35  MPH;2007;Daylight;Unknown
35.8331710893, -78.6801826241;"{""type"": ""Point"", ""coordinates"": [-78.68018262412134, 35.83317108925823]}";Hispanic;Raleigh;Travel Lane;2;9;Urban (>70% Developed);Male;Passenger Car;0;#NULL!;0;0;White;No;0;50-59;Bicyclist Left Turn - Same Direction;None;No;No;Dry;0;Urban;No;01DEC2007;0;9:40;Female;No;Residential;B: Evident Injury;Yes;O: No Injury;7419;December;0;Straight - Grade;Piedmont;With Traffic;No Control Present;Saturday;Non-Intersection;51;0;Two-Way, Divided, Unprotected Median;2 lanes;0;#NULL!;#NULL!;Coarse Asphalt;#NULL!;T-Intersection;Bicyclist Left Turn / Merge;Local Street;B: Evident Injury;Wake;54;Clear;#NULL!;6-10 mph;30 - 35  MPH;2007;Daylight;50-59
35.8339110331, -80.2530780983;"{""type"": ""Point"", ""coordinates"": [-80.25307809832245, 35.83391103311163]}";White;Lexington;Unknown;2;17;Urban (>70% Developed);Male;Sport Utility;0;#NULL!;0;0;White;No;0;16-19;Bicyclist Ride Out - Midblock - Unknown;None;No;No;Dry;0;Urban;No;03DEC2007;0;17:06;Male;No;Residential;C: Possible Injury;No;O: No Injury;7421;December;0;Straight - Level;Piedmont;Unknown;No Control Present;Monday;Non-Intersection;19;0;One-Way, Not Divided;3 lanes;0;#NULL!;#NULL!;Coarse Asphalt;#NULL!;No Special Feature;Bicyclist Failed to Yield - Midblock;Local Street;C: Possible Injury;Davidson;70+;Clear;#NULL!;31-35 mph;30 - 35  MPH;2007;Daylight;70+
35.9673491465, -77.8757623874;"{""type"": ""Point"", ""coordinates"": [-77.87576238735187, 35.967349146492126]}";Black;Rocky Mount;Unknown;2;16;Urban (>70% Developed);Female;Passenger Car;0;#NULL!;0;0;Black;No;0;6-10;Bicyclist Ride Out - Midblock - Unknown;None;No;No;Dry;0;Urban;No;04DEC2007;0;16:48;Female;No;Residential;B: Evident Injury;Yes;O: No Injury;7426;December;0;Straight - Level;Coastal;Unknown;No Control Present;Tuesday;Non-Intersection;8;0;Two-Way, Not Divided;2 lanes;0;#NULL!;#NULL!;Smooth Asphalt;#NULL!;Driveway, Private;Bicyclist Failed to Yield - Midblock;Local Street;B: Evident Injury;Nash;56;Clear;#NULL!;26-30 mph;40 - 45  MPH;2007;Dusk;50-59
35.4106129318, -80.5682171701;"{""type"": ""Point"", ""coordinates"": [-80.56821717010328, 35.410612931782346]}";White;Concord;Unknown;2;0;Urban (>70% Developed);Male;Van;0;#NULL!;0;0;Black;No;0;16-19;Bicyclist Ride Out - Midblock - Unknown;None;No;No;Dry;0;Urban;No;02JUN2007;0;0:47;Male;No;Commercial;C: Possible Injury;Yes;O: No Injury;7433;June;0;Straight - Level;Piedmont;Unknown;No Control Present;Saturday;Non-Intersection;19;0;Two-Way, Not Divided;2 lanes;0;#NULL!;#NULL!;Smooth Asphalt;#NULL!;No Special Feature;Bicyclist Failed to Yield - Midblock;Local Street;C: Possible Injury;Cabarrus;27;Clear;#NULL!;41-45 mph;40 - 45  MPH;2007;Dark - Roadway Not Lighted;25-29
35.7845640794, -78.6643476173;"{""type"": ""Point"", ""coordinates"": [-78.66434761732741, 35.78456407935312]}";White;Raleigh;Travel Lane;2;20;Urban (>70% Developed);Male;Passenger Car;0;#NULL!;0;0;Asian;No;0;30-39;Motorist Drive Out - Sign-Controlled Intersection;None;No;No;Dry;0;Urban;No;10DEC2007;0;20:53;Male;No;Commercial;C: Possible Injury;No;O: No Injury;7438;December;0;Straight - Level;Piedmont;With Traffic;Yield Sign;Monday;Intersection;31;0;Two-Way, Divided, Positive Median Barrier;2 lanes;0;#NULL!;#NULL!;Smooth Asphalt;#NULL!;Traffic Circle/Roundabout;Motorist Failed to Yield - Sign-Controlled Intersection;Local Street;C: Possible Injury;Wake;21;Clear;#NULL!;0-5 mph;20 - 25  MPH;2007;Dark - Lighted Roadway;20-24
34.7313168334, -79.2114287276;"{""type"": ""Point"", ""coordinates"": [-79.21142872762184, 34.73131683344586]}";Native American;None - Rural Crash;Travel Lane;2;18;Rural (<30% Developed);Male;Unknown;0;#NULL!;0;0;Unknown/Missing;No;0;60-69;Motorist Overtaking - Other / Unknown;None;No;No;Dry;0;Rural;Yes;17DEC2007;0;18:30;Unknown;No;Farms, Woods, Pastures;C: Possible Injury;No;Unknown Injury;7447;December;0;Straight - Level;Coastal;With Traffic;No Control Present;Monday;Non-Intersection;63;0;Two-Way, Not Divided;2 lanes;0;#NULL!;#NULL!;Smooth Asphalt;#NULL!;No Special Feature;Motorist Overtaking Bicyclist;NC Route;C: Possible Injury;Robeson;Unknown;Clear;#NULL!;51-55 mph;50 - 55  MPH;2007;Dark - Roadway Not Lighted;Unknown
35.8095670086, -80.7686432517;"{""type"": ""Point"", ""coordinates"": [-80.76864325173766, 35.809567008612404]}";Black;None - Rural Crash;Travel Lane;2;15;Rural (<30% Developed);Male;Passenger Car;0;#NULL!;0;0;White;No;0;11-15;Bicyclist Lost Control - Other / Unknown;None;No;No;Dry;0;Rural;No;18DEC2007;0;15:50;Female;No;Farms, Woods, Pastures;C: Possible Injury;No;O: No Injury;7449;December;0;Straight - Level;Piedmont;With Traffic;No Control Present;Tuesday;Non-Intersection;14;0;Two-Way, Not Divided;2 lanes;0;#NULL!;#NULL!;Coarse Asphalt;#NULL!;No Special Feature;Loss of Control / Turning Error;State Secondary Route;C: Possible Injury;Iredell;44;Clear;#NULL!;6-10 mph;50 - 55  MPH;2007;Daylight;40-49
35.0093069022, -78.9687376685;"{""type"": ""Point"", ""coordinates"": [-78.96873766845357, 35.00930690217717]}";White;Fayetteville;Travel Lane;2;16;Urban (>70% Developed);Male;Unknown;0;#NULL!;0;0;Unknown/Missing;No;0;40-49;Motorist Overtaking - Other / Unknown;None;No;No;Dry;0;Urban;Yes;28DEC2007;0;16:55;Unknown;Missing;Residential;B: Evident Injury;Yes;Unknown Injury;7455;December;0;Straight - Grade;Coastal;With Traffic;No Control Present;Friday;Non-Intersection;44;0;Two-Way, Not Divided;2 lanes;0;#NULL!;#NULL!;Coarse Asphalt;#NULL!;No Special Feature;Motorist Overtaking Bicyclist;Local Street;B: Evident Injury;Cumberland;Unknown;Clear;#NULL!;Unknown;20 - 25  MPH;2007;Daylight;Unknown
36.0699910822, -80.2695131168;"{""type"": ""Point"", ""coordinates"": [-80.26951311683158, 36.06999108219642]}";White;Winston-Salem;Non-Roadway;3;13;Urban (>70% Developed);Male;Passenger Car;0;#NULL!;0;0;White;No;0;30-39;Non-Roadway;None;No;No;Wet;0;Urban;No;29DEC2007;0;13:32;Male;No;Commercial;B: Evident Injury;No;O: No Injury;7457;December;0;Straight - Grade;Piedmont;Unknown;No Control Present;Saturday;Non-Roadway;33;0;Two-Way, Not Divided;Unknown;0;#NULL!;#NULL!;Smooth Asphalt;#NULL!;Driveway, Public;Non-Roadway;Public Vehicular Area;B: Evident Injury;Forsyth;45;Rain;#NULL!;0-5 mph;40 - 45  MPH;2007;Daylight;40-49
35.9379070644, -80.0059390301;"{""type"": ""Point"", ""coordinates"": [-80.0059390301312, 35.93790706439939]}";White;High Point;Travel Lane;2;15;Urban (>70% Developed);Male;Passenger Car;0;#NULL!;0;0;White;No;0;11-15;Bicyclist Ride Through - Sign-Controlled Intersection;None;No;No;Dry;0;Urban;No;03SEP2007;0;15:01;Female;No;Residential;A: Disabling Injury;Yes;O: No Injury;7459;September;0;Straight - Bottom;Piedmont;With Traffic;Stop Sign;Monday;Intersection;12;0;Two-Way, Not Divided;2 lanes;0;#NULL!;#NULL!;Smooth Asphalt;#NULL!;T-Intersection;Bicyclist Failed to Yield - Sign-Controlled Intersection;Local Street;A: Disabling Injury;Guilford;53;Clear;#NULL!;16-20 mph;30 - 35  MPH;2007;Daylight;50-59
36.5021471908, -79.7793329942;"{""type"": ""Point"", ""coordinates"": [-79.7793329942289, 36.50214719077462]}";Black;Eden;Travel Lane;2;18;Urban (>70% Developed);Male;Sport Utility;0;#NULL!;0;0;Black;No;0;6-10;Motorist Overtaking - Bicyclist Swerved;None;No;No;Dry;0;Urban;No;07MAY2007;0;18:59;Female;No;Residential;B: Evident Injury;Yes;O: No Injury;7461;May;0;Straight - Level;Piedmont;With Traffic;No Control Present;Monday;Non-Intersection;9;0;Two-Way, Not Divided;2 lanes;0;#NULL!;#NULL!;Smooth Asphalt;#NULL!;No Special Feature;Motorist Overtaking Bicyclist;Local Street;B: Evident Injury;Rockingham;59;Clear;#NULL!;21-25 mph;30 - 35  MPH;2007;Daylight;50-59
34.693066894, -77.1301020968;"{""type"": ""Point"", ""coordinates"": [-77.130102096777, 34.69306689402865]}";Hispanic;Swansboro;Sidewalk / Crosswalk / Driveway Crossing;2;7;Urban (>70% Developed);Female;Van;0;#NULL!;0;0;Black;No;0;50-59;Bicyclist Ride Out - Signalized  Intersection;None;No;No;Dry;0;Rural;No;28APR2011;0;7:42;Male;No;Commercial;C: Possible Injury;No;O: No Injury;3001;April;0;Straight - Grade;Coastal;With Traffic;Stop And Go Signal;Thursday;Intersection;50;0;Two-Way, Divided, Unprotected Median;2 lanes;0;#NULL!;#NULL!;Coarse Asphalt;#NULL!;Four-Way Intersection;Bicyclist Failed to Yield - Signalized Intersection;NC Route;C: Possible Injury;Onslow;35;Cloudy;#NULL!;11-15 mph;30 - 35  MPH;2011;Daylight;30-39
34.1750867539, -77.8981023048;"{""type"": ""Point"", ""coordinates"": [-77.89810230484356, 34.17508675391643]}";White;Wilmington;Travel Lane;2;2;Urban (>70% Developed);Male;Unknown;0;#NULL!;0;0;Unknown/Missing;No;0;40-49;Motorist Overtaking - Other / Unknown;None;Yes;Yes;Dry;0;Urban;Yes;26JUN2013;0;2:30;Unknown;Missing;Farms, Woods, Pastures;Unknown Injury;Yes;Unknown Injury;1280;June;0;Straight - Level;Coastal;With Traffic;No Control Present;Wednesday;Non-Intersection;40;0;Two-Way, Divided, Positive Median Barrier;4 lanes;0;#NULL!;S 17TH ST;Smooth Asphalt;#NULL!;No Special Feature;Motorist Overtaking Bicyclist;Local Street;Unknown Injury;New Hanover;Unknown;Clear;#NULL!;41-45 mph;40 - 45  MPH;2013;Dark - Roadway Not Lighted;Unknown
35.3631268936, -81.3281033939;"{""type"": ""Point"", ""coordinates"": [-81.32810339387206, 35.36312689355328]}";White;None - Rural Crash;Travel Lane;2;16;Rural (<30% Developed);Male;Pickup;0;#NULL!;0;0;White;No;0;11-15;Bicyclist Ride Out - Midblock - Unknown;None;No;No;Dry;0;Rural;No;30JUL2013;0;16:47;Female;No;Farms, Woods, Pastures;A: Disabling Injury;Yes;O: No Injury;1300;July;0;Straight - Level;Piedmont;Facing Traffic;No Control Present;Tuesday;Non-Intersection;11;0;Two-Way, Divided, Unprotected Median;2 lanes;0;#NULL!;SR 1438;Smooth Asphalt;#NULL!;No Special Feature;Bicyclist Failed to Yield - Midblock;State Secondary Route;A: Disabling Injury;Gaston;37;Clear;#NULL!;36-40 mph;40 - 45  MPH;2013;Daylight;30-39
35.7997970774, -78.8176026646;"{""type"": ""Point"", ""coordinates"": [-78.81760266456777, 35.79979707743225]}";White;Morrisville;Travel Lane;2;14;Urban (>70% Developed);Male;Passenger Car;0;#NULL!;0;0;White;No;0;25-29;Motorist Drive Out - Sign-Controlled Intersection;None;No;No;Dry;0;Urban;No;23JUL2013;0;14:39;Female;No;Commercial;B: Evident Injury;Yes;O: No Injury;1279;July;0;Straight - Level;Piedmont;With Traffic;No Control Present;Tuesday;Intersection;28;0;Two-Way, Divided, Unprotected Median;4 lanes;0;#NULL!;SR 3977;Smooth Asphalt;#NULL!;T-Intersection;Motorist Failed to Yield - Sign-Controlled Intersection;State Secondary Route;B: Evident Injury;Wake;70+;Clear;#NULL!;6-10 mph;40 - 45  MPH;2013;Daylight;70+
35.478716996, -79.1794027564;"{""type"": ""Point"", ""coordinates"": [-79.1794027563888, 35.47871699595338]}";White;Sanford;Travel Lane;2;1;Urban (>70% Developed);Male;Tractor/Semi-Trailer;0;#NULL!;0;0;White;No;0;20-24;Bicyclist Ride Out - Signalized  Intersection;None;No;No;Dry;0;Urban;No;26JUN2013;0;1:10;Male;No;Commercial;B: Evident Injury;Yes;O: No Injury;1278;June;0;Straight - Level;Piedmont;With Traffic;Stop And Go Signal;Wednesday;Intersection;20;0;Two-Way, Not Divided;4 lanes;0;#NULL!;S HORNER BLVD;Smooth Asphalt;#NULL!;No Special Feature;Bicyclist Failed to Yield - Signalized Intersection;Local Street;B: Evident Injury;Lee;45;Clear;#NULL!;21-25 mph;30 - 35  MPH;2013;Dark - Lighted Roadway;40-49
35.7001569795, -80.920803291;"{""type"": ""Point"", ""coordinates"": [-80.92080329100688, 35.70015697948514]}";Unknown/Missing;Troutman;Travel Lane;2;11;Mixed (30% To 70% Developed);Unknown;Unknown;0;#NULL!;0;0;Unknown/Missing;No;0;Unknown;Bicycle Only;None;No;Missing;Dry;0;Rural;No;13JUL2013;0;11:10;Unknown;Missing;Residential;B: Evident Injury;Yes;Unknown Injury;1265;July;0;Straight - Level;Piedmont;With Traffic;Double Yellow Line, No Passing Zone;Saturday;Non-Intersection;Unknown;0;Two-Way, Not Divided;2 lanes;0;#NULL!;SR 1328;Smooth Asphalt;#NULL!;No Special Feature;Other / Unusual Circumstances;State Secondary Route;Unknown Injury;Iredell;Unknown;Clear;#NULL!;Unknown;Unknown;2013;Daylight;Unknown
35.7811370796, -78.6476026112;"{""type"": ""Point"", ""coordinates"": [-78.64760261120969, 35.7811370796278]}";White;Raleigh;Travel Lane;2;3;Urban (>70% Developed);Male;Pickup;0;#NULL!;0;0;Unknown/Missing;No;0;30-39;Motorist Overtaking - Other / Unknown;None;No;No;Wet;0;Urban;Yes;10JUN2013;0;3:15;Unknown;Missing;Commercial;C: Possible Injury;Yes;Unknown Injury;1234;June;0;Straight - Level;Piedmont;With Traffic;No Control Present;Monday;Intersection-Related;34;0;Two-Way, Not Divided;2 lanes;0;#NULL!;GLENWOOD AVE;Coarse Asphalt;#NULL!;No Special Feature;Motorist Overtaking Bicyclist;Local Street;O: No Injury;Wake;Unknown;Cloudy;#NULL!;11-15 mph;30 - 35  MPH;2013;Dark - Lighted Roadway;Unknown
35.3160869805, -78.6259025802;"{""type"": ""Point"", ""coordinates"": [-78.62590258015942, 35.31608698047719]}";White;Dunn;Travel Lane;2;17;Urban (>70% Developed);Female;Sport Utility;0;#NULL!;0;0;Black;No;0;20-24;Motorist Drive Out - Sign-Controlled Intersection;None;No;No;Dry;0;Urban;No;09MAY2013;0;17:38;Male;No;Commercial;C: Possible Injury;Yes;O: No Injury;1232;May;0;Straight - Level;Coastal;Facing Traffic;Stop Sign;Thursday;Intersection;23;0;Two-Way, Divided, Unprotected Median;2 lanes;0;#NULL!;US 421;Coarse Asphalt;#NULL!;No Special Feature;Motorist Failed to Yield - Sign-Controlled Intersection;US Route;C: Possible Injury;Harnett;50;Clear;#NULL!;0-5 mph;30 - 35  MPH;2013;Daylight;50-59