Geo Point;Geo Shape;BikeRace;City;BikePos;NumUnits;CrashHour;Locality;BikeSex;DrvrVehTyp;NumBikesNo;BikeAlcDrg;NumBikesBI;RteInvdCd;DrvrRace;Workzone;NumBikesCi;BikeAgeGrp;CrashType;RdDefects;CrashAlcoh;BikeAlcoho;RdConditio;DstncMiFrm;RuralUrban;HitRun;CrashDate;NumBikesUI;CrashTime;DrvrSex;DrvrAlcoho;Developmen;CrashSevr;AmbulanceR;DrvrInjury;OBJECTID;CrashMonth;NumBikesKi;RdCharacte;Region;BikeDir;TraffCntrl;CrashDay;CrashLoc;BikeAge;NumBikesTo;RdConfig;NumLanes;NumBikesAI;DrvrAlcDrg;OnRoad;RdSurface;Towrd_Rd;RdFeature;CrashGrp;RdClass;BikeInjury;County;DrvrAge;Weather;FrmRd;DrvrEstSpd;SpeedLimit;CrashYear;LightCond;DrvrAgeGrp
36.2023270574, -81.6480035369;"{""type"": ""Point"", ""coordinates"": [-81.6480035368829, 36.20232705743053]}";White;Boone;Travel Lane;2;19;Urban (>70% Developed);Male;Passenger Car;0;#NULL!;0;0;White;No;0;20-24;Motorist Left Turn - Opposite Direction;None;No;No;Wet;0;Urban;No;10JUL2013;0;19:10;Male;No;Residential;B: Evident Injury;Yes;O: No Injury;1290;July;0;Curve - Grade;Mountains;With Traffic;Double Yellow Line, No Passing Zone;Wednesday;Intersection;21;0;Two-Way, Not Divided;2 lanes;0;#NULL!;DEERFIELD RD;Smooth Asphalt;#NULL!;T-Intersection;Motorist Left Turn / Merge;Local Street;B: Evident Injury;Watauga;46;Rain;#NULL!;26-30 mph;30 - 35  MPH;2013;Daylight;40-49
35.1481468612, -80.9676032752;"{""type"": ""Point"", ""coordinates"": [-80.96760327522746, 35.14814686116178]}";White;Charlotte;Travel Lane;2;19;Mixed (30% To 70% Developed);Male;Sport Utility;0;#NULL!;0;0;White;No;0;0-5;Play Vehicle-Related;None;No;No;Dry;0;Urban;No;29JUL2013;0;19:04;Male;No;Residential;C: Possible Injury;Yes;O: No Injury;1298;July;0;Straight - Level;Piedmont;Facing Traffic;No Control Present;Monday;Non-Intersection;3;0;Two-Way, Not Divided;2 lanes;0;#NULL!;COOPERSDALE RD;Coarse Asphalt;#NULL!;No Special Feature;Other / Unusual Circumstances;Local Street;C: Possible Injury;Mecklenburg;54;Clear;#NULL!;Unknown;20 - 25  MPH;2013;Daylight;50-59
35.1146369895, -77.0456020906;"{""type"": ""Point"", ""coordinates"": [-77.04560209057829, 35.11463698951021]}";Black;New Bern;Travel Lane;2;19;Urban (>70% Developed);Male;Pickup;0;#NULL!;0;0;White;No;0;6-10;Crossing Paths - Uncontrolled Intersection;None;No;No;Dry;0;Urban;No;25JUL2013;0;19:42;Male;No;Residential;C: Possible Injury;Yes;O: No Injury;1289;July;0;Straight - Level;Coastal;Unknown;No Control Present;Thursday;Intersection;7;0;Two-Way, Not Divided;2 lanes;0;#NULL!;CYPRESS ST;Smooth Asphalt;#NULL!;T-Intersection;Crossing Paths - Other Circumstances;Local Street;C: Possible Injury;Craven;66;Clear;#NULL!;36-40 mph;30 - 35  MPH;2013;Daylight;60-69
35.2627268922, -80.7723032224;"{""type"": ""Point"", ""coordinates"": [-80.77230322238601, 35.262726892232784]}";White;Charlotte;Sidewalk / Crosswalk / Driveway Crossing;2;14;Rural (<30% Developed);Male;Passenger Car;0;#NULL!;0;0;White;No;0;16-19;Motorist Drive Out - Right Turn on Red;None;No;No;Dry;0;Urban;No;20AUG2013;0;14:14;Female;No;Commercial;C: Possible Injury;Yes;O: No Injury;1371;August;0;Straight - Level;Piedmont;Facing Traffic;Stop And Go Signal;Tuesday;Intersection;16;0;Two-Way, Not Divided;4 lanes;0;#NULL!;NORTH TRYON STREET;Smooth Asphalt;#NULL!;T-Intersection;Motorist Failed to Yield - Signalized Intersection;Local Street;C: Possible Injury;Mecklenburg;24;Cloudy;#NULL!;Unknown;40 - 45  MPH;2013;Daylight;20-24
35.7321169741, -81.2613033941;"{""type"": ""Point"", ""coordinates"": [-81.2613033940905, 35.73211697406403]}";White;None - Rural Crash;Travel Lane;2;11;Mixed (30% To 70% Developed);Male;Unknown;0;#NULL!;0;0;Unknown/Missing;No;0;11-15;Motorist Overtaking - Other / Unknown;None;No;No;Dry;0;Rural;Yes;25JUL2013;0;11:48;Unknown;Missing;Residential;B: Evident Injury;No;Unknown Injury;1395;July;0;Straight - Grade;Piedmont;With Traffic;Double Yellow Line, No Passing Zone;Thursday;Non-Intersection;15;0;Two-Way, Not Divided;2 lanes;0;#NULL!;SR 1441;Smooth Asphalt;#NULL!;Driveway, Private;Motorist Overtaking Bicyclist;State Secondary Route;B: Evident Injury;Catawba;Unknown;Clear;#NULL!;41-45 mph;40 - 45  MPH;2013;Daylight;Unknown
35.2518568894, -80.7804032248;"{""type"": ""Point"", ""coordinates"": [-80.78040322484767, 35.25185688937402]}";Black;Charlotte;Sidewalk / Crosswalk / Driveway Crossing;2;14;Urban (>70% Developed);Male;Passenger Car;0;#NULL!;0;0;Black;No;0;11-15;Motorist Drive Out - Commercial Driveway / Alley;None;No;No;Wet;0;Urban;No;16AUG2013;0;14:39;Male;No;Commercial;C: Possible Injury;No;O: No Injury;1357;August;0;Straight - Level;Piedmont;Facing Traffic;Stop Sign;Friday;Non-Intersection;15;0;Two-Way, Not Divided;2 lanes;0;#NULL!;PVA 457 EASTWAY DRIVE;Concrete;#NULL!;Driveway, Public;Motorist Failed to Yield - Midblock;Public Vehicular Area;C: Possible Injury;Mecklenburg;50;Cloudy;#NULL!;0-5 mph;5 - 15 MPH;2013;Dusk;50-59
36.1751671111, -80.0869030682;"{""type"": ""Point"", ""coordinates"": [-80.08690306819192, 36.175167111107484]}";White;None - Rural Crash;Travel Lane;2;18;Mixed (30% To 70% Developed);Male;Sport Utility;0;#NULL!;0;0;White;No;0;30-39;Motorist Overtaking - Undetected Bicyclist;None;No;No;Dry;0;Rural;No;11AUG2013;0;18:44;Male;No;Residential;B: Evident Injury;Yes;O: No Injury;1374;August;0;Straight - Level;Piedmont;With Traffic;Double Yellow Line, No Passing Zone;Sunday;Non-Intersection;33;0;Two-Way, Not Divided;2 lanes;0;#NULL!;SR 2014;Smooth Asphalt;#NULL!;No Special Feature;Motorist Overtaking Bicyclist;State Secondary Route;B: Evident Injury;Forsyth;36;Clear;#NULL!;41-45 mph;40 - 45  MPH;2013;Daylight;30-39
35.0686269135, -79.012702685;"{""type"": ""Point"", ""coordinates"": [-79.01270268495503, 35.06862691345624]}";White;Fayetteville;Travel Lane;2;22;Urban (>70% Developed);Male;Passenger Car;0;#NULL!;0;0;Hispanic;No;0;11-15;Crossing Paths - Intersection - Other / Unknown;None;No;No;Wet;0;Urban;No;02AUG2013;0;22:10;Male;No;Commercial;B: Evident Injury;Yes;O: No Injury;1370;August;0;Straight - Level;Coastal;Facing Traffic;No Control Present;Friday;Intersection-Related;15;0;Two-Way, Not Divided;5 lanes;0;#NULL!;S REILLY RD;Coarse Asphalt;#NULL!;No Special Feature;Crossing Paths - Other Circumstances;Local Street;B: Evident Injury;Cumberland;39;Rain;#NULL!;41-45 mph;40 - 45  MPH;2013;Dark - Lighted Roadway;30-39
35.1522068654, -80.8780032478;"{""type"": ""Point"", ""coordinates"": [-80.87800324777463, 35.15220686537379]}";Hispanic;Charlotte;Unknown;2;21;Urban (>70% Developed);Male;Passenger Car;0;#NULL!;0;0;Black;No;0;25-29;Bicyclist Ride Out - Midblock - Unknown;None;No;Missing;Dry;0;Urban;No;23AUG2013;0;21:30;Male;No;Commercial;K: Killed;Yes;C: Possible Injury;1402;August;0;Straight - Level;Piedmont;Unknown;No Control Present;Friday;Non-Intersection;27;0;Two-Way, Divided, Unprotected Median;2 lanes;0;#NULL!;OLD PINEVILLE RD;Smooth Asphalt;#NULL!;No Special Feature;Bicyclist Failed to Yield - Midblock;Local Street;K: Killed;Mecklenburg;23;Clear;#NULL!;0-5 mph;30 - 35  MPH;2013;Dark - Lighted Roadway;20-24
35.7915870831, -78.610002601;"{""type"": ""Point"", ""coordinates"": [-78.61000260102553, 35.79158708314344]}";Black;Raleigh;Travel Lane;2;15;Urban (>70% Developed);Male;Passenger Car;0;#NULL!;0;0;Black;No;0;11-15;Bicyclist Ride Through - Sign-Controlled Intersection;None;No;No;Wet;0;Urban;No;17AUG2013;0;15:28;Female;No;Residential;B: Evident Injury;Yes;O: No Injury;1363;August;0;Straight - Grade;Piedmont;With Traffic;Stop Sign;Saturday;Intersection;13;0;Two-Way, Not Divided;4 lanes;0;#NULL!;SHEFFIELD RD;Smooth Asphalt;#NULL!;Four-Way Intersection;Bicyclist Failed to Yield - Sign-Controlled Intersection;Local Street;B: Evident Injury;Wake;57;Cloudy;#NULL!;31-35 mph;30 - 35  MPH;2013;Daylight;50-59
35.1084669878, -77.0524020926;"{""type"": ""Point"", ""coordinates"": [-77.05240209255587, 35.108466987796305]}";White;New Bern;Sidewalk / Crosswalk / Driveway Crossing;2;15;Urban (>70% Developed);Male;Passenger Car;0;#NULL!;0;0;White;No;0;50-59;Sign-Controlled Intersection - Other / Unknown;None;No;No;Dry;0;Urban;No;10AUG2013;0;15:54;Male;No;Commercial;C: Possible Injury;No;O: No Injury;1385;August;0;Straight - Level;Coastal;With Traffic;Stop Sign;Saturday;Intersection;51;0;Two-Way, Not Divided;2 lanes;0;#NULL!;MILLER ST;Smooth Asphalt;#NULL!;No Special Feature;Crossing Paths - Other Circumstances;missing;C: Possible Injury;Craven;20;Clear;#NULL!;0-5 mph;20 - 25  MPH;2013;Daylight;20-24
35.7887170801, -78.6721026199;"{""type"": ""Point"", ""coordinates"": [-78.67210261986772, 35.78871708008509]}";White;Raleigh;Travel Lane;2;16;Urban (>70% Developed);Male;Passenger Car;0;#NULL!;0;0;White;No;0;20-24;Motorist Drive Out - Commercial Driveway / Alley;None;No;No;Dry;0;Urban;No;22AUG2013;0;16:54;Male;No;Institutional;O: No Injury;No;O: No Injury;1389;August;0;Straight - Level;Piedmont;With Traffic;No Control Present;Thursday;Non-Intersection;23;0;Two-Way, Divided, Unprotected Median;2 lanes;0;#NULL!;HILLSBOROUGH;Smooth Asphalt;#NULL!;No Special Feature;Motorist Failed to Yield - Midblock;Local Street;O: No Injury;Wake;28;Clear;#NULL!;0-5 mph;30 - 35  MPH;2013;Daylight;25-29
36.0899371007, -79.8887030033;"{""type"": ""Point"", ""coordinates"": [-79.88870300333222, 36.089937100651234]}";White;Greensboro;Sidewalk / Crosswalk / Driveway Crossing;2;4;Mixed (30% To 70% Developed);Male;Pickup;0;#NULL!;0;0;White;No;0;40-49;Motorist Drive Out - Right Turn on Red;None;Yes;No;Dry;0;Urban;Yes;11SEP2013;0;4:00;Male;Yes;Commercial;C: Possible Injury;Yes;O: No Injury;1440;September;0;Straight - Level;Piedmont;Facing Traffic;Stop And Go Signal;Wednesday;Intersection;48;0;Two-Way, Not Divided;7 lanes;0;#NULL!;W FRIENDLY AV;Smooth Asphalt;#NULL!;Four-Way Intersection;Motorist Failed to Yield - Signalized Intersection;Local Street;C: Possible Injury;Guilford;59;Clear;#NULL!;0-5 mph;30 - 35  MPH;2013;Dark - Roadway Not Lighted;50-59
34.9769468463, -80.3564030837;"{""type"": ""Point"", ""coordinates"": [-80.35640308368437, 34.97694684629988]}";White;None - Rural Crash;Travel Lane;2;19;Rural (<30% Developed);Male;Passenger Car;0;#NULL!;0;0;White;No;0;16-19;Motorist Overtaking - Undetected Bicyclist;None;No;No;Dry;0;Rural;No;04SEP2013;0;19:11;Female;No;Farms, Woods, Pastures;B: Evident Injury;Yes;O: No Injury;1418;September;0;Straight - Hillcrest;Piedmont;With Traffic;Double Yellow Line, No Passing Zone;Wednesday;Non-Intersection;17;0;Two-Way, Not Divided;2 lanes;0;#NULL!;SR 1901;Coarse Asphalt;#NULL!;No Special Feature;Motorist Overtaking Bicyclist;State Secondary Route;B: Evident Injury;Union;30;Clear;#NULL!;16-20 mph;50 - 55  MPH;2013;Daylight;30-39
34.24291677, -77.890202305;"{""type"": ""Point"", ""coordinates"": [-77.89020230504737, 34.242916769999226]}";Black;Wilmington;Travel Lane;2;12;Urban (>70% Developed);Male;Passenger Car;0;#NULL!;0;0;White;No;0;30-39;Bicyclist Ride Through - Signalized Intersection;None;Yes;Yes;Dry;0;Urban;No;30JUL2013;0;12:52;Female;No;Commercial;A: Disabling Injury;Yes;O: No Injury;1411;July;0;Straight - Level;Coastal;With Traffic;Stop And Go Signal;Tuesday;Intersection-Related;34;0;Two-Way, Not Divided;4 lanes;0;#NULL!;N KERR AVE;Coarse Asphalt;#NULL!;No Special Feature;Bicyclist Failed to Yield - Signalized Intersection;Local Street;A: Disabling Injury;New Hanover;20;Clear;#NULL!;16-20 mph;30 - 35  MPH;2013;Daylight;20-24
35.559547138, -75.469001629;"{""type"": ""Point"", ""coordinates"": [-75.4690016290045, 35.55954713802582]}";Other;None - Rural Crash;Bike Lane / Paved Shoulder;2;5;Mixed (30% To 70% Developed);Male;Passenger Car;0;#NULL!;0;0;White;No;0;20-24;Motorist Lost Control - Other / Unknown;None;No;No;Dry;0;Rural;No;02SEP2013;0;5:05;Male;No;Residential;B: Evident Injury;Yes;O: No Injury;1408;September;0;Straight - Level;Coastal;With Traffic;No Control Present;Monday;Intersection;20;0;Two-Way, Not Divided;2 lanes;0;#NULL!;NC 12;Smooth Asphalt;#NULL!;No Special Feature;Loss of Control / Turning Error;NC Route;B: Evident Injury;Dare;39;Clear;#NULL!;31-35 mph;30 - 35  MPH;2013;Dark - Roadway Not Lighted;30-39
36.3111471947, -78.5898026226;"{""type"": ""Point"", ""coordinates"": [-78.58980262257921, 36.3111471947318]}";Black;Oxford;Sidewalk / Crosswalk / Driveway Crossing;2;13;Urban (>70% Developed);Male;Sport Utility;0;#NULL!;0;0;White;No;0;11-15;Motorist Drive Through - Sign-Controlled Intersection;None;No;No;Dry;0;Urban;No;28JUN2013;0;13:47;Female;No;Commercial;O: No Injury;Yes;O: No Injury;1438;June;0;Straight - Level;Piedmont;Facing Traffic;Stop Sign;Friday;Intersection;12;0;Two-Way, Not Divided;2 lanes;0;#NULL!;WALL ST;Coarse Asphalt;#NULL!;T-Intersection;Motorist Failed to Yield - Sign-Controlled Intersection;Local Street;Unknown Injury;Granville;61;Clear;#NULL!;0-5 mph;30 - 35  MPH;2013;Daylight;60-69
36.0531471205, -79.1215027703;"{""type"": ""Point"", ""coordinates"": [-79.12150277028854, 36.05314712049866]}";White;None - Rural Crash;Travel Lane;2;9;Rural (<30% Developed);Female;Passenger Car;0;#NULL!;0;0;White;No;0;60-69;Motorist Right Turn - Same Direction;None;No;No;Dry;0;Rural;No;24JUL2013;0;9:43;Female;No;Farms, Woods, Pastures;A: Disabling Injury;No;O: No Injury;1404;July;0;Straight - Level;Piedmont;With Traffic;Double Yellow Line, No Passing Zone;Wednesday;Intersection;60;0;Two-Way, Not Divided;2 lanes;0;#NULL!;SR 1006;Coarse Asphalt;#NULL!;T-Intersection;Motorist Right Turn / Merge;State Secondary Route;A: Disabling Injury;Orange;62;Clear;#NULL!;31-35 mph;40 - 45  MPH;2013;Daylight;60-69
35.5054570316, -78.3263024997;"{""type"": ""Point"", ""coordinates"": [-78.32630249974508, 35.505457031603385]}";White;Smithfield;Travel Lane;2;19;Urban (>70% Developed);Male;Passenger Car;0;#NULL!;0;0;White;No;0;16-19;Motorist Turning Error - Left Turn;None;No;No;Water (Standing, Moving);0;Urban;No;21AUG2013;0;19:01;Female;No;Commercial;A: Disabling Injury;Yes;O: No Injury;1420;August;0;Straight - Level;Coastal;Facing Traffic;Stop And Go Signal;Wednesday;Intersection;18;0;Two-Way, Not Divided;4 lanes;0;#NULL!;US 70;Smooth Asphalt;#NULL!;T-Intersection;Loss of Control / Turning Error;US Route;A: Disabling Injury;Johnston;44;Rain;#NULL!;0-5 mph;30 - 35  MPH;2013;Dusk;40-49
35.8965071321, -77.8600023781;"{""type"": ""Point"", ""coordinates"": [-77.86000237805113, 35.89650713207037]}";Black;None - Rural Crash;Travel Lane;2;18;Mixed (30% To 70% Developed);Male;Passenger Car;0;#NULL!;0;0;Hispanic;No;0;20-24;Motorist Left Turn - Opposite Direction;None;No;No;Dry;0;Rural;No;08SEP2013;0;18:28;Female;No;Residential;B: Evident Injury;Yes;O: No Injury;1435;September;0;Straight - Level;Coastal;With Traffic;No Control Present;Sunday;Intersection;23;0;Two-Way, Not Divided;2 lanes;0;#NULL!;SARAH WAY;Coarse Asphalt;#NULL!;T-Intersection;Motorist Left Turn / Merge;Local Street;B: Evident Injury;Nash;18;Clear;#NULL!;21-25 mph;20 - 25  MPH;2013;Daylight;0-19
35.6375970479, -78.6711026109;"{""type"": ""Point"", ""coordinates"": [-78.67110261092402, 35.63759704788336]}";Black;None - Rural Crash;Travel Lane;2;18;Rural (<30% Developed);Male;Passenger Car;0;#NULL!;0;0;White;No;0;60-69;Motorist Overtaking - Undetected Bicyclist;None;Yes;Yes;Wet;0;Rural;No;12NOV2013;0;18:35;Female;No;Farms, Woods, Pastures;A: Disabling Injury;Yes;A: Disabling Injury;1659;November;0;Straight - Level;Piedmont;With Traffic;Double Yellow Line, No Passing Zone;Tuesday;Non-Intersection;66;0;Two-Way, Not Divided;2 lanes;0;#NULL!;SR 1006;Coarse Asphalt;#NULL!;No Special Feature;Motorist Overtaking Bicyclist;State Secondary Route;O: No Injury;Wake;41;Snow, Sleet, Hail, Freezing Rain/Drizzle;#NULL!;41-45 mph;40 - 45  MPH;2013;Dark - Roadway Not Lighted;40-49
35.9637771462, -77.8493023785;"{""type"": ""Point"", ""coordinates"": [-77.84930237854007, 35.96377714621082]}";Black;Rocky Mount;Travel Lane;2;6;Urban (>70% Developed);Male;Passenger Car;0;#NULL!;0;0;White;No;0;30-39;Bicyclist Ride Through - Signalized Intersection;None;No;No;Dry;0;Urban;No;13DEC2013;0;6:10;Female;No;Commercial;B: Evident Injury;Yes;O: No Injury;1685;December;0;Straight - Level;Coastal;With Traffic;Stop And Go Signal;Friday;Intersection;33;0;Two-Way, Divided, Positive Median Barrier;7 lanes;0;#NULL!;S WINSTEAD AVE;Coarse Asphalt;#NULL!;No Special Feature;Bicyclist Failed to Yield - Signalized Intersection;Local Street;B: Evident Injury;Nash;28;Clear;#NULL!;21-25 mph;40 - 45  MPH;2013;Dark - Roadway Not Lighted;25-29
34.8492968628, -79.0923026976;"{""type"": ""Point"", ""coordinates"": [-79.09230269762878, 34.8492968627605]}";White;None - Rural Crash;Travel Lane;2;23;Rural (<30% Developed);Male;Sport Utility;0;#NULL!;0;0;Unknown/Missing;No;0;60-69;Parallel Paths - Other / Unknown;None;No;No;Dry;0;Rural;Yes;24DEC2013;0;23:00;Unknown;Missing;Residential;C: Possible Injury;No;Unknown Injury;1707;December;0;Straight - Level;Coastal;With Traffic;No Control Present;Tuesday;Non-Intersection;61;0;Two-Way, Not Divided;2 lanes;0;#NULL!;SR 1752;Coarse Asphalt;#NULL!;No Special Feature;Parallel Paths - Other Circumstances;State Secondary Route;C: Possible Injury;Robeson;Unknown;Clear;#NULL!;51-55 mph;50 - 55  MPH;2013;Dark - Roadway Not Lighted;Unknown
34.7428068977, -77.3693021716;"{""type"": ""Point"", ""coordinates"": [-77.3693021716077, 34.7428068976666]}";Black;Jacksonville;Sidewalk / Crosswalk / Driveway Crossing;2;19;Urban (>70% Developed);Male;Taxicab;0;#NULL!;0;0;White;No;0;40-49;Motorist Drive Out - Sign-Controlled Intersection;None;No;No;Dry;0;Urban;No;02NOV2013;0;19:23;Male;No;Commercial;B: Evident Injury;Yes;O: No Injury;1657;November;0;Straight - Level;Coastal;Facing Traffic;Stop Sign;Saturday;Intersection;46;0;Two-Way, Not Divided;2 lanes;0;#NULL!;LIBERTY DR;Coarse Asphalt;#NULL!;Four-Way Intersection;Motorist Failed to Yield - Sign-Controlled Intersection;Local Street;B: Evident Injury;Onslow;59;Clear;#NULL!;6-10 mph;30 - 35  MPH;2013;Dark - Lighted Roadway;50-59
35.2537469734, -78.4207025151;"{""type"": ""Point"", ""coordinates"": [-78.42070251514924, 35.25374697339961]}";White;None - Rural Crash;Bike Lane / Paved Shoulder;2;13;Rural (<30% Developed);Male;Passenger Car;0;#NULL!;0;0;White;No;0;50-59;Motorist Lost Control - Other / Unknown;None;No;No;Dry;0;Rural;No;19DEC2013;0;13:45;Female;No;Farms, Woods, Pastures;C: Possible Injury;Yes;C: Possible Injury;1700;December;0;Curve - Level;Coastal;Facing Traffic;Double Yellow Line, No Passing Zone;Thursday;Non-Intersection;56;0;Two-Way, Not Divided;2 lanes;0;#NULL!;NC 55;Coarse Asphalt;#NULL!;No Special Feature;Loss of Control / Turning Error;NC Route;O: No Injury;Sampson;18;Clear;#NULL!;51-55 mph;50 - 55  MPH;2013;Daylight;0-19
35.9021371031, -78.7026026349;"{""type"": ""Point"", ""coordinates"": [-78.70260263488152, 35.90213710307313]}";White;None - Rural Crash;Travel Lane;2;14;Rural (<30% Developed);Male;Pickup;0;#NULL!;0;0;White;No;0;40-49;Motorist Overtaking - Other / Unknown;None;No;No;Dry;0;Rural;No;22DEC2013;0;14:22;Male;No;Farms, Woods, Pastures;A: Disabling Injury;Yes;O: No Injury;1705;December;0;Straight - Level;Piedmont;With Traffic;Double Yellow Line, No Passing Zone;Sunday;Intersection-Related;42;0;Two-Way, Not Divided;9 or more lanes;0;#NULL!;SR 1826;Coarse Asphalt;#NULL!;Related To Intersection;Motorist Overtaking Bicyclist;State Secondary Route;A: Disabling Injury;Wake;44;Cloudy;#NULL!;36-40 mph;40 - 45  MPH;2013;Daylight;40-49
35.7770370786, -78.6436026096;"{""type"": ""Point"", ""coordinates"": [-78.64360260964048, 35.77703707861752]}";White;Raleigh;Sidewalk / Crosswalk / Driveway Crossing;2;14;Urban (>70% Developed);Male;Passenger Car;0;#NULL!;0;0;White;No;0;20-24;Motorist Drive Out - Right Turn on Red;None;No;No;Wet;0;Urban;No;10DEC2013;0;14:29;Male;No;Commercial;C: Possible Injury;No;O: No Injury;1697;December;0;Straight - Grade;Piedmont;Facing Traffic;Stop And Go Signal;Tuesday;Intersection;24;0;One-Way, Not Divided;3 lanes;0;#NULL!;W MARTIN ST;Smooth Asphalt;#NULL!;Four-Way Intersection;Motorist Failed to Yield - Signalized Intersection;Local Street;C: Possible Injury;Wake;28;Cloudy;#NULL!;0-5 mph;30 - 35  MPH;2013;Daylight;25-29
35.5622470749, -77.4169022262;"{""type"": ""Point"", ""coordinates"": [-77.41690222618712, 35.56224707490976]}";White;Greenville;Bike Lane / Paved Shoulder;2;7;Mixed (30% To 70% Developed);Male;Passenger Car;0;#NULL!;0;0;White;No;0;30-39;Motorist Overtaking - Other / Unknown;None;No;No;Dry;0;Urban;No;18DEC2013;0;7:44;Female;No;Residential;B: Evident Injury;Yes;O: No Injury;1699;December;0;Straight - Level;Coastal;With Traffic;No Control Present;Wednesday;Non-Intersection;37;0;Two-Way, Not Divided;3 lanes;0;#NULL!;THOMAS LANGSTON RD;Smooth Asphalt;#NULL!;Four-Way Intersection;Motorist Overtaking Bicyclist;Local Street;B: Evident Injury;Pitt;38;Clear;#NULL!;46-50 mph;40 - 45  MPH;2013;Daylight;30-39
36.0773371334, -78.9098027068;"{""type"": ""Point"", ""coordinates"": [-78.90980270675354, 36.07733713338051]}";Hispanic;Durham;Non-Roadway;2;12;Urban (>70% Developed);Male;Passenger Car;0;#NULL!;0;0;Black;No;0;60-69;Bicyclist Ride Out - Signalized  Intersection;None;No;No;Wet;0;Urban;No;05DEC2013;0;12:12;Male;No;Commercial;O: No Injury;No;O: No Injury;1670;December;0;Straight - Level;Piedmont;Not Applicable;No Control Present;Thursday;Intersection-Related;65;0;Two-Way, Not Divided;2 lanes;0;#NULL!;INFINITY RD;Smooth Asphalt;#NULL!;No Special Feature;Bicyclist Failed to Yield - Signalized Intersection;Local Street;O: No Injury;Durham;41;Cloudy;#NULL!;6-10 mph;30 - 35  MPH;2013;Daylight;40-49
35.9638271467, -77.8548023805;"{""type"": ""Point"", ""coordinates"": [-77.85480238050467, 35.96382714673438]}";Black;Rocky Mount;Travel Lane;2;21;Urban (>70% Developed);Male;Passenger Car;0;#NULL!;0;0;Black;No;0;50-59;Motorist Overtaking - Other / Unknown;None;Yes;Yes;Dry;0;Urban;No;24DEC2013;0;21:49;Female;No;Residential;O: No Injury;No;O: No Injury;1706;December;0;Straight - Level;Coastal;With Traffic;No Control Present;Tuesday;Non-Intersection;51;0;Two-Way, Not Divided;5 lanes;0;#NULL!;SUNSET AVENUE;Smooth Asphalt;#NULL!;No Special Feature;Motorist Overtaking Bicyclist;Local Street;O: No Injury;Nash;46;Clear;#NULL!;11-15 mph;30 - 35  MPH;2013;Dark - Lighted Roadway;40-49
34.2610067684, -78.0552023558;"{""type"": ""Point"", ""coordinates"": [-78.05520235575533, 34.26100676842239]}";White;None - Rural Crash;Travel Lane;2;18;Rural (<30% Developed);Male;Pickup;0;#NULL!;0;0;Hispanic;No;0;50-59;Bicyclist Right Turn - Same Direction;None;Yes;Yes;Dry;0;Rural;No;08FEB2012;0;18:56;Male;No;Farms, Woods, Pastures;B: Evident Injury;Yes;O: No Injury;1780;February;0;Straight - Level;Coastal;Facing Traffic;No Control Present;Wednesday;Non-Intersection;50;0;Two-Way, Not Divided;2 lanes;0;#NULL!;#NULL!;Coarse Asphalt;#NULL!;No Special Feature;Bicyclist Right Turn / Merge;State Secondary Route;B: Evident Injury;Brunswick;32;Clear;#NULL!;51-55 mph;50 - 55  MPH;2012;Dark - Roadway Not Lighted;30-39
35.2879868802, -81.244103365;"{""type"": ""Point"", ""coordinates"": [-81.24410336502761, 35.2879868802115]}";White;Gastonia;Travel Lane;2;19;Urban (>70% Developed);Male;Unknown;0;#NULL!;0;0;Unknown/Missing;No;0;20-24;Motorist Overtaking - Other / Unknown;None;No;No;Dry;0;Urban;Yes;11JAN2012;0;19:30;Unknown;Missing;Commercial;C: Possible Injury;Yes;Unknown Injury;1778;January;0;Straight - Grade;Piedmont;With Traffic;No Control Present;Wednesday;Intersection-Related;22;0;Two-Way, Not Divided;5 lanes;0;#NULL!;#NULL!;Smooth Asphalt;#NULL!;No Special Feature;Motorist Overtaking Bicyclist;NC Route;C: Possible Injury;Gaston;Unknown;Clear;#NULL!;26-30 mph;40 - 45  MPH;2012;Daylight;Unknown
35.2236869333, -79.4074028115;"{""type"": ""Point"", ""coordinates"": [-79.40740281152043, 35.22368693332326]}";White;Southern Pines;Travel Lane;2;15;Mixed (30% To 70% Developed);Male;Passenger Car;0;#NULL!;0;0;Black;No;0;30-39;Motorist Left Turn - Opposite Direction;None;No;No;Wet;0;Urban;No;04FEB2012;0;15:12;Female;No;Institutional;C: Possible Injury;Yes;O: No Injury;1793;February;0;Straight - Level;Piedmont;With Traffic;No Control Present;Saturday;Non-Intersection;30;0;Two-Way, Not Divided;3 lanes;0;#NULL!;#NULL!;Coarse Asphalt;#NULL!;Related To Intersection;Motorist Left Turn / Merge;Local Street;C: Possible Injury;Moore;20;Cloudy;#NULL!;0-5 mph;40 - 45  MPH;2012;Daylight;20-24