Geo Point;Geo Shape;BikeRace;City;BikePos;NumUnits;CrashHour;Locality;BikeSex;DrvrVehTyp;NumBikesNo;BikeAlcDrg;NumBikesBI;RteInvdCd;DrvrRace;Workzone;NumBikesCi;BikeAgeGrp;CrashType;RdDefects;CrashAlcoh;BikeAlcoho;RdConditio;DstncMiFrm;RuralUrban;HitRun;CrashDate;NumBikesUI;CrashTime;DrvrSex;DrvrAlcoho;Developmen;CrashSevr;AmbulanceR;DrvrInjury;OBJECTID;CrashMonth;NumBikesKi;RdCharacte;Region;BikeDir;TraffCntrl;CrashDay;CrashLoc;BikeAge;NumBikesTo;RdConfig;NumLanes;NumBikesAI;DrvrAlcDrg;OnRoad;RdSurface;Towrd_Rd;RdFeature;CrashGrp;RdClass;BikeInjury;County;DrvrAge;Weather;FrmRd;DrvrEstSpd;SpeedLimit;CrashYear;LightCond;DrvrAgeGrp
35.4833969455, -80.6151031881;"{""type"": ""Point"", ""coordinates"": [-80.6151031880708, 35.48339694552486]}";Black;Kannapolis;Travel Lane;2;15;Urban (>70% Developed);Male;Pickup;0;#NULL!;0;0;White;No;0;50-59;Motorist Drive Out - Sign-Controlled Intersection;None;No;No;Dry;0;Urban;No;19JAN2012;0;15:29;Male;No;Commercial;C: Possible Injury;Yes;O: No Injury;1779;January;0;Straight - Level;Piedmont;With Traffic;Stop Sign;Thursday;Intersection;52;0;Two-Way, Not Divided;2 lanes;0;#NULL!;#NULL!;Smooth Asphalt;#NULL!;T-Intersection;Motorist Failed to Yield - Sign-Controlled Intersection;Local Street;C: Possible Injury;Cabarrus;69;Cloudy;#NULL!;16-20 mph;30 - 35  MPH;2012;Daylight;60-69
36.0657870987, -79.8113029789;"{""type"": ""Point"", ""coordinates"": [-79.81130297893219, 36.06578709865721]}";White;None - Rural Crash;Travel Lane;2;12;Urban (>70% Developed);Female;Passenger Car;0;#NULL!;0;0;White;No;0;20-24;Motorist Right Turn - Same Direction;None;No;No;Dry;0;Rural;No;01FEB2012;0;12:04;Male;No;Institutional;O: No Injury;No;O: No Injury;1794;February;0;Straight - Level;Piedmont;With Traffic;Stop Sign;Wednesday;Intersection;24;0;Two-Way, Divided, Unprotected Median;2 lanes;0;#NULL!;#NULL!;Coarse Asphalt;#NULL!;Shared-Use Paths Or Trails;Motorist Right Turn / Merge;Local Street;Unknown Injury;Guilford;25;Clear;#NULL!;Unknown;20 - 25  MPH;2012;Daylight;25-29
35.9086970921, -79.0483027393;"{""type"": ""Point"", ""coordinates"": [-79.04830273927125, 35.90869709214841]}";White;Chapel Hill;Travel Lane;2;17;Urban (>70% Developed);Male;Passenger Car;0;#NULL!;0;0;White;No;0;16-19;Bicyclist Overtaking - Other / Unknown;None;No;No;Dry;0;Urban;No;26JAN2012;0;17:13;Male;No;Institutional;B: Evident Injury;No;O: No Injury;1788;January;0;Straight - Level;Piedmont;With Traffic;No Control Present;Thursday;Non-Intersection;18;0;Two-Way, Not Divided;Unknown;0;#NULL!;#NULL!;Smooth Asphalt;#NULL!;No Special Feature;Bicyclist Overtaking Motorist;Public Vehicular Area;B: Evident Injury;Orange;62;Cloudy;#NULL!;6-10 mph;5 - 15 MPH;2012;Daylight;60-69
35.9388670644, -80.0059030298;"{""type"": ""Point"", ""coordinates"": [-80.00590302980169, 35.93886706436929]}";Black;High Point;Travel Lane;2;13;Urban (>70% Developed);Male;Motorcycle;0;#NULL!;0;0;White;No;0;11-15;Motorist Overtaking - Other / Unknown;None;No;No;Dry;0;Urban;No;29JAN2012;0;13:08;Male;No;Residential;C: Possible Injury;Yes;O: No Injury;1790;January;0;Straight - Grade;Piedmont;With Traffic;No Control Present;Sunday;Non-Intersection;15;0;Two-Way, Not Divided;2 lanes;0;#NULL!;#NULL!;Smooth Asphalt;#NULL!;No Special Feature;Motorist Overtaking Bicyclist;Local Street;C: Possible Injury;Guilford;48;Clear;#NULL!;31-35 mph;30 - 35  MPH;2012;Daylight;40-49
34.7711768997, -77.4905022097;"{""type"": ""Point"", ""coordinates"": [-77.4905022096523, 34.77117689972299]}";Black;None - Rural Crash;Travel Lane;2;19;Mixed (30% To 70% Developed);Male;Sport Utility;0;#NULL!;0;0;White;No;0;20-24;Head-On - Bicyclist;None;No;No;Dry;0;Rural;No;09FEB2012;0;19:54;Female;No;Commercial;B: Evident Injury;Yes;O: No Injury;1781;February;0;Straight - Level;Coastal;Facing Traffic;No Control Present;Thursday;Non-Intersection;20;0;Two-Way, Not Divided;5 lanes;0;#NULL!;#NULL!;Coarse Asphalt;#NULL!;No Special Feature;Head-On;US Route;B: Evident Injury;Onslow;33;Clear;#NULL!;46-50 mph;50 - 55  MPH;2012;Dark - Roadway Not Lighted;30-39
35.3700369379, -80.1450030404;"{""type"": ""Point"", ""coordinates"": [-80.14500304035715, 35.3700369378759]}";White;None - Rural Crash;Travel Lane;2;6;Rural (<30% Developed);Male;Passenger Car;0;#NULL!;0;0;Unknown/Missing;No;0;30-39;Motorist Overtaking - Misjudged Space;None;No;No;Wet;0;Rural;Yes;23JAN2012;0;6:58;Unknown;No;Farms, Woods, Pastures;C: Possible Injury;No;Unknown Injury;1762;January;0;Straight - Grade;Piedmont;With Traffic;Double Yellow Line, No Passing Zone;Monday;Non-Intersection;38;0;Two-Way, Not Divided;2 lanes;0;#NULL!;#NULL!;Smooth Asphalt;#NULL!;No Special Feature;Motorist Overtaking Bicyclist;NC Route;C: Possible Injury;Stanly;Unknown;Fog, Smog, Smoke;#NULL!;Unknown;50 - 55  MPH;2012;Dark - Roadway Not Lighted;Unknown
35.1675969365, -78.9736026783;"{""type"": ""Point"", ""coordinates"": [-78.97360267832381, 35.16759693647187]}";Black;Spring Lake;Travel Lane;2;17;Mixed (30% To 70% Developed);Male;Passenger Car;0;#NULL!;0;0;Black;No;0;60-69;Motorist Drive Out - Sign-Controlled Intersection;None;No;No;Dry;0;Urban;No;01JAN2012;0;17:35;Female;No;Commercial;C: Possible Injury;Yes;O: No Injury;1759;January;0;Straight - Level;Coastal;With Traffic;Stop Sign;Sunday;Intersection;63;0;Two-Way, Divided, Unprotected Median;2 lanes;0;#NULL!;#NULL!;Smooth Asphalt;#NULL!;Four-Way Intersection;Motorist Failed to Yield - Sign-Controlled Intersection;Local Street;C: Possible Injury;Cumberland;19;Clear;#NULL!;21-25 mph;20 - 25  MPH;2012;Dark - Lighted Roadway;0-19
36.1222171267, -79.3496028425;"{""type"": ""Point"", ""coordinates"": [-79.34960284246874, 36.122217126652444]}";Black;Green Level;Travel Lane;2;18;Mixed (30% To 70% Developed);Male;Passenger Car;0;#NULL!;0;0;White;No;0;40-49;Bicyclist Ride Through - Sign-Controlled Intersection;None;Yes;Yes;Dry;0;Rural;No;04JAN2012;0;18:26;Male;No;Residential;C: Possible Injury;Yes;O: No Injury;1753;January;0;Straight - Level;Piedmont;With Traffic;Stop Sign;Wednesday;Intersection;44;0;Two-Way, Not Divided;2 lanes;0;#NULL!;#NULL!;Smooth Asphalt;#NULL!;T-Intersection;Bicyclist Failed to Yield - Sign-Controlled Intersection;NC Route;C: Possible Injury;Alamance;25;Clear;#NULL!;41-45 mph;40 - 45  MPH;2012;Dark - Lighted Roadway;25-29
35.2982868566, -81.9400035711;"{""type"": ""Point"", ""coordinates"": [-81.9400035711478, 35.29828685655439]}";White;None - Rural Crash;Travel Lane;2;8;Urban (>70% Developed);Male;Passenger Car;0;#NULL!;0;0;White;No;0;20-24;Motorist Overtaking - Other / Unknown;None;No;No;Dry;0;Rural;No;31DEC2013;0;8:43;Female;No;Residential;C: Possible Injury;Yes;O: No Injury;1718;December;0;Straight - Level;Mountains;With Traffic;Double Yellow Line, No Passing Zone;Tuesday;Non-Intersection;21;0;Two-Way, Not Divided;2 lanes;0;#NULL!;SR 1106;Coarse Asphalt;#NULL!;No Special Feature;Motorist Overtaking Bicyclist;State Secondary Route;C: Possible Injury;Rutherford;70+;Clear;#NULL!;26-30 mph;40 - 45  MPH;2013;Daylight;70+
34.2257967664, -77.8670022973;"{""type"": ""Point"", ""coordinates"": [-77.86700229728743, 34.22579676638788]}";White;Wilmington;Travel Lane;2;16;Urban (>70% Developed);Male;Passenger Car;0;#NULL!;0;0;White;No;0;20-24;Motorist Drive Out - Sign-Controlled Intersection;None;No;No;Dry;0;Urban;No;28OCT2013;0;16:42;Female;No;Institutional;C: Possible Injury;No;O: No Injury;1746;October;0;Straight - Level;Coastal;Facing Traffic;Stop Sign;Monday;Intersection;22;0;Two-Way, Not Divided;2 lanes;0;#NULL!;REYNOLDS;Smooth Asphalt;#NULL!;T-Intersection;Motorist Failed to Yield - Sign-Controlled Intersection;Local Street;C: Possible Injury;New Hanover;32;Cloudy;#NULL!;0-5 mph;20 - 25  MPH;2013;Daylight;30-39
35.9934071161, -78.8860026948;"{""type"": ""Point"", ""coordinates"": [-78.88600269477412, 35.99340711608848]}";Black;Durham;Travel Lane;2;13;Urban (>70% Developed);Male;Passenger Car;0;#NULL!;0;0;Unknown/Missing;No;0;40-49;Motorist Overtaking - Other / Unknown;None;No;No;Dry;0;Urban;Yes;02FEB2012;0;13:12;Unknown;Missing;Residential;C: Possible Injury;No;Unknown Injury;1773;February;0;Straight - Level;Piedmont;With Traffic;No Control Present;Thursday;Non-Intersection;44;0;Two-Way, Not Divided;2 lanes;0;#NULL!;#NULL!;Smooth Asphalt;#NULL!;No Special Feature;Motorist Overtaking Bicyclist;Local Street;C: Possible Injury;Durham;Unknown;Clear;#NULL!;31-35 mph;30 - 35  MPH;2012;Daylight;Unknown
35.9623670616, -80.2204030957;"{""type"": ""Point"", ""coordinates"": [-80.22040309571622, 35.96236706157082]}";White;Midway;Travel Lane;2;15;Mixed (30% To 70% Developed);Female;Passenger Car;0;#NULL!;0;0;Black;No;0;30-39;Motorist Overtaking - Misjudged Space;None;No;No;Dry;0;Rural;No;06JAN2012;0;15:27;Female;No;Commercial;B: Evident Injury;Yes;O: No Injury;1751;January;0;Curve - Level;Piedmont;With Traffic;Double Yellow Line, No Passing Zone;Friday;Non-Intersection;30;0;Two-Way, Not Divided;2 lanes;0;#NULL!;#NULL!;Smooth Asphalt;#NULL!;T-Intersection;Motorist Overtaking Bicyclist;State Secondary Route;B: Evident Injury;Davidson;70+;Clear;#NULL!;31-35 mph;50 - 55  MPH;2012;Daylight;70+
35.1878368797, -80.6886031931;"{""type"": ""Point"", ""coordinates"": [-80.68860319313299, 35.187836879679615]}";White;Mint Hill;Travel Lane;2;7;Urban (>70% Developed);Male;Passenger Car;0;#NULL!;0;0;Asian;No;0;11-15;Bicyclist Left Turn - Same Direction;None;No;No;Dry;0;Urban;No;12NOV2013;0;7:26;Female;No;Residential;C: Possible Injury;No;O: No Injury;1715;November;0;Straight - Level;Piedmont;With Traffic;No Control Present;Tuesday;Non-Intersection;15;0;Two-Way, Not Divided;2 lanes;0;#NULL!;WILSON GROVE RD;Smooth Asphalt;#NULL!;No Special Feature;Bicyclist Left Turn / Merge;Local Street;C: Possible Injury;Mecklenburg;17;Clear;#NULL!;31-35 mph;40 - 45  MPH;2013;Daylight;0-19
36.0170271207, -78.9155027051;"{""type"": ""Point"", ""coordinates"": [-78.91550270510197, 36.01702712065049]}";White;Durham;Travel Lane;2;23;Urban (>70% Developed);Male;Passenger Car;0;#NULL!;0;0;White;No;0;25-29;Bicyclist Left Turn - Same Direction;None;No;No;Dry;0;Urban;No;02FEB2012;0;23:00;Male;No;Residential;C: Possible Injury;No;O: No Injury;1774;February;0;Straight - Level;Piedmont;With Traffic;No Control Present;Thursday;Intersection;26;0;Two-Way, Not Divided;2 lanes;0;#NULL!;#NULL!;Smooth Asphalt;#NULL!;No Special Feature;Bicyclist Left Turn / Merge;Local Street;C: Possible Injury;Durham;37;Clear;#NULL!;0-5 mph;20 - 25  MPH;2012;Dark - Lighted Roadway;30-39
34.6443368205, -79.0118026627;"{""type"": ""Point"", ""coordinates"": [-79.01180266271034, 34.64433682049848]}";Black;Lumberton;Non-Roadway;2;5;Urban (>70% Developed);Male;Unknown;0;#NULL!;0;0;Unknown/Missing;No;0;0-5;Non-Roadway;None;No;No;Dry;0;Urban;Yes;21DEC2013;0;5:39;Unknown;Missing;Commercial;O: No Injury;No;Unknown Injury;1731;December;0;Straight - Level;Coastal;Not Applicable;No Control Present;Saturday;Non-Roadway;3;0;Two-Way, Not Divided;Unknown;0;#NULL!;PVA 2759 ROBERTS AVE;Coarse Asphalt;#NULL!;Driveway, Public;Non-Roadway;Public Vehicular Area;O: No Injury;Robeson;Unknown;Clear;#NULL!;0-5 mph;30 - 35  MPH;2013;Dark - Lighted Roadway;Unknown
35.2494568897, -80.7724032219;"{""type"": ""Point"", ""coordinates"": [-80.77240322188004, 35.2494568896555]}";Hispanic;Charlotte;Sidewalk / Crosswalk / Driveway Crossing;2;15;Urban (>70% Developed);Male;School Bus;0;#NULL!;0;0;Black;No;0;16-19;Motorist Drive Out - Sign-Controlled Intersection;None;No;No;Dry;0;Urban;No;01MAR2012;0;15:34;Female;No;Residential;B: Evident Injury;Yes;O: No Injury;1814;March;0;Straight - Grade;Piedmont;Facing Traffic;Stop Sign;Thursday;Intersection;18;0;Two-Way, Divided, Unprotected Median;2 lanes;0;#NULL!;#NULL!;Smooth Asphalt;#NULL!;No Special Feature;Motorist Failed to Yield - Sign-Controlled Intersection;Local Street;B: Evident Injury;Mecklenburg;26;Clear;#NULL!;Unknown;20 - 25  MPH;2012;Daylight;25-29
35.7448269604, -81.6870035224;"{""type"": ""Point"", ""coordinates"": [-81.68700352235268, 35.74482696043609]}";White;Morganton;Travel Lane;2;17;Urban (>70% Developed);Male;Passenger Car;0;#NULL!;0;0;White;No;0;11-15;Bicyclist Ride Through - Signalized Intersection;None;No;No;Dry;0;Urban;No;02FEB2012;0;17:49;Male;No;Commercial;B: Evident Injury;Yes;O: No Injury;1822;February;0;Straight - Grade;Mountains;With Traffic;Flashing Stop And Go Signal;Thursday;Intersection;13;0;One-Way, Not Divided;3 lanes;0;#NULL!;#NULL!;Smooth Asphalt;#NULL!;Related To Intersection;Bicyclist Failed to Yield - Signalized Intersection;Local Street;B: Evident Injury;Burke;44;Clear;#NULL!;16-20 mph;20 - 25  MPH;2012;Daylight;40-49
35.3711769063, -81.0221033027;"{""type"": ""Point"", ""coordinates"": [-81.0221033027276, 35.37117690631637]}";White;None - Rural Crash;Travel Lane;2;17;Rural (<30% Developed);Male;Passenger Car;0;#NULL!;0;0;White;No;0;16-19;Motorist Overtaking - Other / Unknown;None;No;No;Dry;0;Rural;Yes;23FEB2012;0;17:43;Female;No;Residential;C: Possible Injury;Yes;O: No Injury;1798;February;0;Straight - Level;Piedmont;With Traffic;Double Yellow Line, No Passing Zone;Thursday;Non-Intersection;17;0;Two-Way, Not Divided;2 lanes;0;#NULL!;#NULL!;Smooth Asphalt;#NULL!;No Special Feature;Motorist Overtaking Bicyclist;State Secondary Route;C: Possible Injury;Gaston;21;Clear;#NULL!;41-45 mph;40 - 45  MPH;2012;Dusk;20-24
35.2417168721, -81.206103351;"{""type"": ""Point"", ""coordinates"": [-81.20610335100342, 35.24171687209665]}";Black;Gastonia;Travel Lane;2;11;Urban (>70% Developed);Male;Single Unit Truck (2-Axle, 6-Tire);0;#NULL!;0;0;White;No;0;50-59;Motorist Right Turn - Same Direction;None;No;No;Dry;0;Urban;No;11FEB2012;0;11:57;Female;No;Institutional;C: Possible Injury;Yes;O: No Injury;1819;February;0;Straight - Grade;Piedmont;With Traffic;No Control Present;Saturday;Non-Intersection;50;0;Two-Way, Not Divided;3 lanes;0;#NULL!;#NULL!;Coarse Asphalt;#NULL!;Driveway, Public;Motorist Right Turn / Merge;Local Street;C: Possible Injury;Gaston;52;Clear;#NULL!;Unknown;30 - 35  MPH;2012;Daylight;50-59
35.7539570733, -78.648902611;"{""type"": ""Point"", ""coordinates"": [-78.64890261103841, 35.753957073269454]}";Black;Raleigh;Travel Lane;2;9;Mixed (30% To 70% Developed);Female;Passenger Car;0;#NULL!;0;0;White;No;0;40-49;Motorist Drive Out - Signalized Intersection;None;No;No;Dry;0;Urban;No;02MAR2012;0;9:08;Male;No;Commercial;C: Possible Injury;Yes;O: No Injury;1815;March;0;Straight - Level;Piedmont;Facing Traffic;Stop And Go Signal;Friday;Intersection;45;0;One-Way, Not Divided;2 lanes;0;#NULL!;#NULL!;Smooth Asphalt;#NULL!;T-Intersection;Motorist Failed to Yield - Signalized Intersection;Local Street;C: Possible Injury;Wake;27;Clear;#NULL!;0-5 mph;40 - 45  MPH;2012;Daylight;25-29
34.2236267639, -77.9282023161;"{""type"": ""Point"", ""coordinates"": [-77.9282023160921, 34.2236267638662]}";Black;Wilmington;Non-Roadway;2;17;Urban (>70% Developed);Female;Passenger Car;0;#NULL!;0;0;Black;No;0;6-10;Bicyclist Ride Out - Other Midblock;None;No;No;Dry;0;Urban;No;09FEB2012;0;17:00;Female;No;Residential;C: Possible Injury;Yes;O: No Injury;1808;February;0;Straight - Level;Coastal;Not Applicable;No Control Present;Thursday;Non-Intersection;6;0;One-Way, Not Divided;1 lane;0;#NULL!;#NULL!;Smooth Asphalt;#NULL!;No Special Feature;Bicyclist Failed to Yield - Midblock;Local Street;C: Possible Injury;New Hanover;34;Clear;#NULL!;0-5 mph;5 - 15 MPH;2012;Dusk;30-39
35.584436893, -82.5663037726;"{""type"": ""Point"", ""coordinates"": [-82.56630377262488, 35.58443689298879]}";White;Asheville;Travel Lane;2;14;Urban (>70% Developed);Male;Pickup;0;#NULL!;0;0;White;No;0;16-19;Motorist Drive Out - Sign-Controlled Intersection;None;No;No;Dry;0;Urban;No;23FEB2012;0;14:44;Male;No;Commercial;B: Evident Injury;No;O: No Injury;1817;February;0;Straight - Level;Mountains;With Traffic;Stop Sign;Thursday;Intersection;16;0;Two-Way, Not Divided;2 lanes;0;#NULL!;#NULL!;Smooth Asphalt;#NULL!;T-Intersection;Motorist Failed to Yield - Sign-Controlled Intersection;Local Street;B: Evident Injury;Buncombe;23;Cloudy;#NULL!;Unknown;30 - 35  MPH;2012;Daylight;20-24
35.3856469265, -80.5481031629;"{""type"": ""Point"", ""coordinates"": [-80.54810316289576, 35.38564692648619]}";White;Concord;Travel Lane;2;7;Urban (>70% Developed);Female;Passenger Car;0;#NULL!;0;0;White;No;0;30-39;Motorist Overtaking - Misjudged Space;None;No;No;Dry;0;Urban;No;07FEB2012;0;7:14;Female;No;Residential;C: Possible Injury;No;O: No Injury;1802;February;0;Straight - Hillcrest;Piedmont;With Traffic;No Control Present;Tuesday;Non-Intersection;34;0;Two-Way, Not Divided;2 lanes;0;#NULL!;#NULL!;Coarse Asphalt;#NULL!;Driveway, Private;Motorist Overtaking Bicyclist;Local Street;C: Possible Injury;Cabarrus;40;Clear;#NULL!;21-25 mph;30 - 35  MPH;2012;Dawn;40-49
35.211706977, -78.0661024055;"{""type"": ""Point"", ""coordinates"": [-78.06610240548719, 35.21170697702104]}";White;Mount Olive;Travel Lane;2;18;Urban (>70% Developed);Male;Van;0;#NULL!;0;0;White;No;0;20-24;Motorist Left Turn - Opposite Direction;None;No;No;Dry;0;Rural;No;14FEB2012;0;18:30;Male;No;Commercial;C: Possible Injury;Yes;O: No Injury;1812;February;0;Straight - Level;Coastal;With Traffic;No Control Present;Tuesday;Non-Intersection;20;0;Two-Way, Not Divided;2 lanes;0;#NULL!;#NULL!;Smooth Asphalt;#NULL!;Driveway, Public;Motorist Left Turn / Merge;Local Street;C: Possible Injury;Wayne;70+;Clear;#NULL!;0-5 mph;20 - 25  MPH;2012;Dark - Lighted Roadway;70+
35.8610570981, -78.6007026012;"{""type"": ""Point"", ""coordinates"": [-78.60070260119396, 35.861057098089354]}";White;Raleigh;Travel Lane;2;14;Urban (>70% Developed);Male;Unknown;0;#NULL!;0;0;Unknown/Missing;No;0;50-59;Signalized Intersection - Other / Unknown;None;No;No;Dry;0;Urban;Yes;08MAR2012;0;14:40;Unknown;Missing;Commercial;B: Evident Injury;Yes;Unknown Injury;1826;March;0;Straight - Level;Piedmont;With Traffic;Stop And Go Signal;Thursday;Intersection;52;0;Two-Way, Not Divided;6 lanes;0;#NULL!;#NULL!;Smooth Asphalt;#NULL!;Four-Way Intersection;Crossing Paths - Other Circumstances;Local Street;B: Evident Injury;Wake;Unknown;Clear;#NULL!;46-50 mph;40 - 45  MPH;2012;Daylight;Unknown
35.7869270799, -78.6747026202;"{""type"": ""Point"", ""coordinates"": [-78.67470262024327, 35.78692707987833]}";White;Raleigh;Travel Lane;2;2;Urban (>70% Developed);Male;Passenger Car;0;#NULL!;0;0;White;No;0;20-24;Motorist Left Turn - Opposite Direction;None;Yes;Yes;Wet;0;Urban;No;19FEB2012;0;2:49;Male;No;Institutional;A: Disabling Injury;Yes;O: No Injury;1861;February;0;Straight - Grade;Piedmont;With Traffic;No Control Present;Sunday;Intersection;21;0;Two-Way, Not Divided;3 lanes;0;#NULL!;#NULL!;Smooth Asphalt;#NULL!;Four-Way Intersection;Motorist Left Turn / Merge;Local Street;A: Disabling Injury;Wake;19;Rain;#NULL!;11-15 mph;20 - 25  MPH;2012;Dark - Lighted Roadway;0-19
35.2572569559, -78.9686026813;"{""type"": ""Point"", ""coordinates"": [-78.9686026812972, 35.25725695592192]}";Black;None - Rural Crash;Travel Lane;2;16;Rural (<30% Developed);Male;Sport Utility;0;#NULL!;0;0;Other;No;0;60-69;Head-On - Bicyclist;None;No;No;Dry;0;Rural;No;09MAR2012;0;16:29;Female;No;Farms, Woods, Pastures;C: Possible Injury;No;O: No Injury;1856;March;0;Straight - Grade;Coastal;Facing Traffic;Double Yellow Line, No Passing Zone;Friday;Non-Intersection;62;0;Two-Way, Not Divided;2 lanes;0;#NULL!;#NULL!;Coarse Asphalt;#NULL!;No Special Feature;Head-On;State Secondary Route;C: Possible Injury;Harnett;23;Clear;#NULL!;11-15 mph;40 - 45  MPH;2012;Daylight;20-24
35.3926470184, -77.9949023938;"{""type"": ""Point"", ""coordinates"": [-77.99490239381807, 35.392647018426004]}";Black;Goldsboro;Travel Lane;2;19;Urban (>70% Developed);Male;Passenger Car;0;#NULL!;0;0;Black;No;0;50-59;Motorist Left Turn - Opposite Direction;None;No;No;Dry;0;Urban;No;09MAR2012;0;19:20;Female;No;Commercial;C: Possible Injury;Yes;O: No Injury;1862;March;0;Straight - Level;Coastal;With Traffic;Stop Sign;Friday;Intersection;54;0;Two-Way, Not Divided;2 lanes;0;#NULL!;#NULL!;Coarse Asphalt;#NULL!;No Special Feature;Motorist Left Turn / Merge;Local Street;C: Possible Injury;Wayne;59;Clear;#NULL!;0-5 mph;30 - 35  MPH;2012;Dark - Roadway Not Lighted;50-59
35.8014570795, -78.7677026495;"{""type"": ""Point"", ""coordinates"": [-78.76770264953349, 35.80145707950439]}";Black;Cary;Unknown;2;18;Urban (>70% Developed);Male;Unknown;0;#NULL!;0;0;Unknown/Missing;No;0;11-15;Unknown Location;Road Surface Condition;No;No;Dry;0;Urban;Yes;25FEB2012;0;18:30;Unknown;Missing;Commercial;C: Possible Injury;Yes;Unknown Injury;1833;February;0;Straight - Level;Piedmont;Unknown;Stop Sign;Saturday;Unknown Location;12;0;Two-Way, Not Divided;2 lanes;0;#NULL!;#NULL!;Smooth Asphalt;#NULL!;No Special Feature;Other / Unknown - Insufficient Details;Local Street;C: Possible Injury;Wake;Unknown;Clear;#NULL!;Unknown;30 - 35  MPH;2012;Dusk;Unknown
35.9412071436, -77.7874023587;"{""type"": ""Point"", ""coordinates"": [-77.78740235869788, 35.94120714355812]}";Black;Rocky Mount;Travel Lane;2;16;Urban (>70% Developed);Male;Passenger Car;0;#NULL!;0;0;Black;No;0;50-59;Head-On - Bicyclist;None;Yes;Yes;Dry;0;Urban;No;14FEB2012;0;16:37;Female;No;Commercial;B: Evident Injury;Yes;O: No Injury;1832;February;0;Curve - Level;Coastal;Facing Traffic;No Control Present;Tuesday;Non-Intersection;51;0;Two-Way, Divided, Unprotected Median;2 lanes;0;#NULL!;#NULL!;Smooth Asphalt;#NULL!;No Special Feature;Head-On;State Secondary Route;B: Evident Injury;Edgecombe;22;Clear;#NULL!;26-30 mph;30 - 35  MPH;2012;Daylight;20-24
36.0644870988, -79.7892029723;"{""type"": ""Point"", ""coordinates"": [-79.78920297231646, 36.064487098834974]}";Black;Greensboro;Travel Lane;2;10;Urban (>70% Developed);Male;Passenger Car;0;#NULL!;0;0;Black;No;0;60-69;Head-On - Bicyclist;None;No;No;Wet;0;Urban;No;19FEB2012;0;10:51;Male;No;Commercial;B: Evident Injury;Yes;O: No Injury;1829;February;0;Straight - Grade;Piedmont;With Traffic;Stop And Go Signal;Sunday;Intersection-Related;62;0;Two-Way, Divided, Positive Median Barrier;5 lanes;0;#NULL!;#NULL!;Smooth Asphalt;#NULL!;No Special Feature;Head-On;Local Street;B: Evident Injury;Guilford;52;Cloudy;#NULL!;11-15 mph;30 - 35  MPH;2012;Daylight;50-59
35.814877084, -78.714302634;"{""type"": ""Point"", ""coordinates"": [-78.71430263403121, 35.81487708400539]}";White;Raleigh;Travel Lane;2;18;Urban (>70% Developed);Male;Passenger Car;0;#NULL!;0;0;White;No;0;50-59;Motorist Left Turn - Opposite Direction;None;No;No;Dry;0;Urban;No;14MAR2012;0;18:27;Male;No;Commercial;B: Evident Injury;Yes;O: No Injury;1855;March;0;Straight - Level;Piedmont;With Traffic;Stop Sign;Wednesday;Intersection;51;0;Two-Way, Not Divided;2 lanes;0;#NULL!;#NULL!;Coarse Asphalt;#NULL!;Related To Intersection;Motorist Left Turn / Merge;Local Street;B: Evident Injury;Wake;51;Clear;#NULL!;6-10 mph;30 - 35  MPH;2012;Daylight;50-59
36.0752571019, -79.7650029657;"{""type"": ""Point"", ""coordinates"": [-79.76500296567653, 36.07525710192902]}";Black;Greensboro;Travel Lane;2;18;Urban (>70% Developed);Male;Pickup;0;#NULL!;0;0;White;No;0;60-69;Motorist Turning Error - Other;None;No;No;Dry;0;Urban;No;21FEB2012;0;18:01;Male;No;Residential;C: Possible Injury;Yes;O: No Injury;1843;February;0;Straight - Grade;Piedmont;Facing Traffic;Stop Sign;Tuesday;Intersection;61;0;Two-Way, Not Divided;2 lanes;0;#NULL!;#NULL!;Smooth Asphalt;#NULL!;T-Intersection;Loss of Control / Turning Error;Local Street;C: Possible Injury;Guilford;62;Clear;#NULL!;0-5 mph;30 - 35  MPH;2012;Daylight;60-69
36.1048571173, -79.5044028882;"{""type"": ""Point"", ""coordinates"": [-79.50440288816239, 36.10485711729239]}";White;Elon College;Travel Lane;2;12;Urban (>70% Developed);Female;Passenger Car;0;#NULL!;0;0;White;No;0;20-24;Non-Roadway;None;No;No;Dry;0;Urban;No;28FEB2012;0;12:05;Male;No;Institutional;B: Evident Injury;Yes;O: No Injury;1844;February;0;Straight - Level;Piedmont;Not Applicable;No Control Present;Tuesday;Non-Roadway;20;0;Two-Way, Not Divided;Unknown;0;#NULL!;#NULL!;Smooth Asphalt;#NULL!;No Special Feature;Non-Roadway;Public Vehicular Area;B: Evident Injury;Alamance;18;Clear;#NULL!;6-10 mph;20 - 25  MPH;2012;Daylight;0-19
36.0151171157, -79.0306027406;"{""type"": ""Point"", ""coordinates"": [-79.03060274056554, 36.01511711572332]}";White;None - Rural Crash;Travel Lane;3;17;Rural (<30% Developed);Male;Passenger Car;0;#NULL!;0;0;Unknown/Missing;No;0;20-24;Motorist Left Turn - Opposite Direction;None;No;No;Dry;0;Rural;Yes;14FEB2012;0;17:11;Unknown;Missing;Farms, Woods, Pastures;C: Possible Injury;No;Unknown Injury;1824;February;0;Straight - Level;Piedmont;With Traffic;Double Yellow Line, No Passing Zone;Tuesday;Non-Intersection;24;0;Two-Way, Not Divided;2 lanes;0;#NULL!;#NULL!;Coarse Asphalt;#NULL!;Driveway, Private;Motorist Left Turn / Merge;State Secondary Route;C: Possible Injury;Orange;Unknown;Clear;#NULL!;6-10 mph;40 - 45  MPH;2012;Daylight;Unknown