Geo Point;Geo Shape;BikeRace;City;BikePos;NumUnits;CrashHour;Locality;BikeSex;DrvrVehTyp;NumBikesNo;BikeAlcDrg;NumBikesBI;RteInvdCd;DrvrRace;Workzone;NumBikesCi;BikeAgeGrp;CrashType;RdDefects;CrashAlcoh;BikeAlcoho;RdConditio;DstncMiFrm;RuralUrban;HitRun;CrashDate;NumBikesUI;CrashTime;DrvrSex;DrvrAlcoho;Developmen;CrashSevr;AmbulanceR;DrvrInjury;OBJECTID;CrashMonth;NumBikesKi;RdCharacte;Region;BikeDir;TraffCntrl;CrashDay;CrashLoc;BikeAge;NumBikesTo;RdConfig;NumLanes;NumBikesAI;DrvrAlcDrg;OnRoad;RdSurface;Towrd_Rd;RdFeature;CrashGrp;RdClass;BikeInjury;County;DrvrAge;Weather;FrmRd;DrvrEstSpd;SpeedLimit;CrashYear;LightCond;DrvrAgeGrp
36.058467116, -79.2930028221;"{""type"": ""Point"", ""coordinates"": [-79.29300282208014, 36.05846711595862]}";White;None - Rural Crash;Travel Lane;2;14;Rural (<30% Developed);Male;Unknown;0;#NULL!;0;0;Unknown/Missing;No;0;30-39;Motorist Lost Control - Other / Unknown;None;No;No;Dry;0;Rural;Yes;22MAR2012;0;14:53;Unknown;No;Farms, Woods, Pastures;B: Evident Injury;Yes;Unknown Injury;1868;March;0;Straight - Level;Piedmont;With Traffic;Double Yellow Line, No Passing Zone;Thursday;Non-Intersection;31;0;Two-Way, Not Divided;2 lanes;0;#NULL!;#NULL!;Smooth Asphalt;#NULL!;No Special Feature;Loss of Control / Turning Error;State Secondary Route;B: Evident Injury;Alamance;Unknown;Clear;#NULL!;41-45 mph;40 - 45  MPH;2012;Daylight;Unknown
36.1357770948, -80.2957031282;"{""type"": ""Point"", ""coordinates"": [-80.29570312823228, 36.13577709482225]}";White;Winston-Salem;Travel Lane;2;6;Urban (>70% Developed);Male;Passenger Car;0;#NULL!;0;0;Unknown/Missing;No;0;40-49;Motorist Drive Through - Sign-Controlled Intersection;None;No;No;Dry;0;Urban;Yes;14MAR2012;0;6:38;Unknown;Missing;Commercial;O: No Injury;No;Unknown Injury;1865;March;0;Straight - Level;Piedmont;With Traffic;No Control Present;Wednesday;Intersection;44;0;Two-Way, Not Divided;2 lanes;0;#NULL!;#NULL!;Smooth Asphalt;#NULL!;T-Intersection;Motorist Failed to Yield - Sign-Controlled Intersection;Local Street;O: No Injury;Forsyth;Unknown;Fog, Smog, Smoke;#NULL!;6-10 mph;Unknown;2012;Dawn;Unknown
34.9911168909, -79.1668027274;"{""type"": ""Point"", ""coordinates"": [-79.16680272737666, 34.991116890911876]}";Hispanic;None - Rural Crash;Travel Lane;2;10;Rural (<30% Developed);Female;Sport Utility;0;#NULL!;0;0;Black;No;0;30-39;Motorist Overtaking - Misjudged Space;None;No;No;Dry;0;Rural;No;01APR2012;0;10:07;Female;No;Farms, Woods, Pastures;C: Possible Injury;Yes;O: No Injury;1875;April;0;Curve - Grade;Coastal;With Traffic;Double Yellow Line, No Passing Zone;Sunday;Non-Intersection;39;0;Two-Way, Not Divided;2 lanes;0;#NULL!;#NULL!;Coarse Asphalt;#NULL!;No Special Feature;Motorist Overtaking Bicyclist;State Secondary Route;C: Possible Injury;Hoke;16;Clear;#NULL!;41-45 mph;40 - 45  MPH;2012;Daylight;0-19
35.5534070847, -77.058602116;"{""type"": ""Point"", ""coordinates"": [-77.05860211598225, 35.55340708469659]}";White;Washington;Sidewalk / Crosswalk / Driveway Crossing;2;23;Urban (>70% Developed);Male;Passenger Car;0;#NULL!;0;0;Black;No;0;30-39;Motorist Left Turn - Opposite Direction;None;No;No;Dry;0;Urban;No;10MAR2012;0;23:42;Male;No;Commercial;C: Possible Injury;Yes;O: No Injury;1871;March;0;Straight - Level;Coastal;With Traffic;Stop Sign;Saturday;Intersection;33;0;Two-Way, Not Divided;2 lanes;0;#NULL!;#NULL!;Coarse Asphalt;#NULL!;Four-Way Intersection;Motorist Left Turn / Merge;Local Street;C: Possible Injury;Beaufort;26;Clear;#NULL!;6-10 mph;30 - 35  MPH;2012;Dark - Lighted Roadway;25-29
35.6009069731, -80.5437031725;"{""type"": ""Point"", ""coordinates"": [-80.54370317247222, 35.60090697305243]}";White;None - Rural Crash;Travel Lane;2;15;Mixed (30% To 70% Developed);Male;Van;0;#NULL!;0;0;Hispanic;No;0;70+;Motorist Overtaking - Other / Unknown;None;No;No;Dry;0;Rural;No;30MAR2012;0;15:15;Male;No;Commercial;B: Evident Injury;Yes;O: No Injury;1874;March;0;Straight - Level;Piedmont;With Traffic;No Control Present;Friday;Non-Intersection;70+;0;Two-Way, Divided, Unprotected Median;5 lanes;0;#NULL!;#NULL!;Smooth Asphalt;#NULL!;No Special Feature;Motorist Overtaking Bicyclist;US Route;B: Evident Injury;Rowan;35;Clear;#NULL!;31-35 mph;50 - 55  MPH;2012;Daylight;30-39
35.7515270652, -78.8772026793;"{""type"": ""Point"", ""coordinates"": [-78.87720267927254, 35.75152706519444]}";White;Apex;Travel Lane;2;13;Urban (>70% Developed);Male;Sport Utility;0;#NULL!;0;0;Other;No;0;11-15;Motorist Drive Out - Right Turn on Red;None;No;No;Wet;0;Urban;No;24MAR2012;0;13:01;Female;No;Commercial;B: Evident Injury;Yes;O: No Injury;1866;March;0;Straight - Grade;Piedmont;With Traffic;Stop And Go Signal;Saturday;Intersection;15;0;Two-Way, Not Divided;6 lanes;0;#NULL!;#NULL!;Coarse Asphalt;#NULL!;Four-Way Intersection;Motorist Failed to Yield - Signalized Intersection;NC Route;B: Evident Injury;Wake;35;Rain;#NULL!;0-5 mph;40 - 45  MPH;2012;Daylight;30-39
36.1529070997, -80.26410312;"{""type"": ""Point"", ""coordinates"": [-80.26410311996798, 36.15290709974207]}";Unknown/Missing;Winston-Salem;Travel Lane;2;20;Mixed (30% To 70% Developed);Unknown;Passenger Car;0;#NULL!;0;0;White;No;0;Unknown;Motorist Overtaking - Other / Unknown;None;No;Missing;Wet;0;Urban;No;18APR2012;0;20:57;Male;No;Residential;O: No Injury;No;O: No Injury;1970;April;0;Straight - Level;Piedmont;With Traffic;No Control Present;Wednesday;Intersection-Related;Unknown;0;Two-Way, Divided, Unprotected Median;2 lanes;0;#NULL!;#NULL!;Smooth Asphalt;#NULL!;No Special Feature;Motorist Overtaking Bicyclist;Local Street;Unknown Injury;Forsyth;70+;Cloudy;#NULL!;31-35 mph;30 - 35  MPH;2012;Dark - Roadway Not Lighted;70+
34.2202267668, -77.8216022837;"{""type"": ""Point"", ""coordinates"": [-77.82160228372058, 34.220226766846245]}";White;Wilmington;Bike Lane / Paved Shoulder;2;18;Urban (>70% Developed);Male;Passenger Car;0;#NULL!;0;0;White;No;0;50-59;Motorist Drive Out - Commercial Driveway / Alley;None;No;No;Dry;0;Urban;No;29MAR2012;0;18:32;Male;No;Commercial;B: Evident Injury;Yes;O: No Injury;1934;March;0;Straight - Level;Coastal;With Traffic;No Control Present;Thursday;Non-Intersection;57;0;Two-Way, Not Divided;3 lanes;0;#NULL!;#NULL!;Smooth Asphalt;#NULL!;No Special Feature;Motorist Failed to Yield - Midblock;Local Street;B: Evident Injury;New Hanover;34;Clear;#NULL!;16-20 mph;40 - 45  MPH;2012;Daylight;30-39
36.0357371249, -78.8899026985;"{""type"": ""Point"", ""coordinates"": [-78.88990269847707, 36.035737124873584]}";Black;Durham;Travel Lane;2;17;Urban (>70% Developed);Male;Passenger Car;0;#NULL!;0;0;Black;No;0;11-15;Bicyclist Failed to Clear - Trapped;None;No;No;Dry;0;Urban;No;16APR2012;0;17:21;Male;No;Residential;C: Possible Injury;Yes;O: No Injury;1925;April;0;Straight - Level;Piedmont;With Traffic;No Control Present;Monday;Intersection;11;0;Two-Way, Divided, Unprotected Median;2 lanes;0;#NULL!;#NULL!;Coarse Asphalt;#NULL!;No Special Feature;Bicyclist Failed to Yield - Signalized Intersection;Local Street;C: Possible Injury;Durham;27;Clear;#NULL!;11-15 mph;30 - 35  MPH;2012;Daylight;25-29
35.2783370079, -77.5756022599;"{""type"": ""Point"", ""coordinates"": [-77.57560225991361, 35.278337007917045]}";Black;Kinston;Travel Lane;2;20;Urban (>70% Developed);Male;Passenger Car;0;#NULL!;0;0;Unknown/Missing;No;0;40-49;Motorist Overtaking - Misjudged Space;None;No;No;Dry;0;Urban;Yes;20APR2012;0;20:00;Unknown;Missing;Residential;B: Evident Injury;No;Unknown Injury;1937;April;0;Straight - Level;Coastal;With Traffic;Stop And Go Signal;Friday;Intersection;42;0;Two-Way, Not Divided;4 lanes;0;#NULL!;#NULL!;Coarse Asphalt;#NULL!;T-Intersection;Motorist Overtaking Bicyclist;Local Street;B: Evident Injury;Lenoir;Unknown;Clear;#NULL!;31-35 mph;30 - 35  MPH;2012;Dark - Lighted Roadway;Unknown
34.7271669136, -76.7509019824;"{""type"": ""Point"", ""coordinates"": [-76.75090198236688, 34.72716691357313]}";White;Morehead City;Travel Lane;3;16;Urban (>70% Developed);Female;Passenger Car;0;#NULL!;0;0;White;No;0;11-15;Crossing Paths - Intersection - Other / Unknown;None;No;No;Dry;0;Urban;No;12APR2012;0;16:16;Female;No;Commercial;C: Possible Injury;Yes;O: No Injury;1954;April;0;Straight - Level;Coastal;With Traffic;No Control Present;Thursday;Intersection;13;0;Two-Way, Divided, Unprotected Median;4 lanes;0;#NULL!;#NULL!;Coarse Asphalt;#NULL!;T-Intersection;Crossing Paths - Other Circumstances;Local Street;C: Possible Injury;Carteret;43;Clear;#NULL!;31-35 mph;30 - 35  MPH;2012;Other;40-49
35.9416470426, -80.6022032094;"{""type"": ""Point"", ""coordinates"": [-80.60220320942884, 35.941647042639055]}";White;None - Rural Crash;Travel Lane;2;11;Rural (<30% Developed);Male;Van;0;#NULL!;0;0;White;No;0;11-15;Bicyclist Ride Through - Sign-Controlled Intersection;None;No;No;Dry;0;Rural;No;14APR2012;0;11:34;Male;No;Farms, Woods, Pastures;B: Evident Injury;Yes;O: No Injury;1926;April;0;Curve - Level;Piedmont;With Traffic;Stop Sign;Saturday;Intersection;12;0;Two-Way, Not Divided;2 lanes;0;#NULL!;#NULL!;Smooth Asphalt;#NULL!;T-Intersection;Bicyclist Failed to Yield - Sign-Controlled Intersection;US Route;B: Evident Injury;Davie;70+;Clear;#NULL!;41-45 mph;40 - 45  MPH;2012;Daylight;70+
35.78005708, -78.6270026057;"{""type"": ""Point"", ""coordinates"": [-78.62700260565052, 35.780057079996155]}";Black;Raleigh;Travel Lane;2;4;Urban (>70% Developed);Male;Passenger Car;0;#NULL!;0;0;Hispanic;No;0;40-49;Bicyclist Ride Out - Midblock - Unknown;None;No;No;Dry;0;Urban;No;16APR2012;0;4:24;Female;No;Residential;B: Evident Injury;No;O: No Injury;1963;April;0;Straight - Level;Piedmont;Not Applicable;No Control Present;Monday;Non-Intersection;49;0;One-Way, Not Divided;3 lanes;0;#NULL!;#NULL!;Smooth Asphalt;#NULL!;No Special Feature;Bicyclist Failed to Yield - Midblock;Local Street;B: Evident Injury;Wake;28;Clear;#NULL!;31-35 mph;30 - 35  MPH;2012;Daylight;25-29
35.9365570626, -80.0298030373;"{""type"": ""Point"", ""coordinates"": [-80.02980303731503, 35.93655706261946]}";White;High Point;Travel Lane;2;9;Urban (>70% Developed);Male;Sport Utility;0;#NULL!;0;0;White;No;0;70+;Bicyclist Left Turn - Same Direction;None;No;No;Dry;0;Urban;No;03APR2012;0;9:18;Female;No;Commercial;B: Evident Injury;Yes;O: No Injury;1927;April;0;Straight - Level;Piedmont;With Traffic;No Control Present;Tuesday;Non-Intersection;70+;0;Two-Way, Not Divided;4 lanes;0;#NULL!;#NULL!;Coarse Asphalt;#NULL!;No Special Feature;Bicyclist Left Turn / Merge;Local Street;B: Evident Injury;Guilford;42;Cloudy;#NULL!;31-35 mph;30 - 35  MPH;2012;Daylight;40-49
34.2151067635, -77.8860023029;"{""type"": ""Point"", ""coordinates"": [-77.88600230294223, 34.21510676346347]}";White;Wilmington;Unknown;2;17;Urban (>70% Developed);Female;Sport Utility;0;#NULL!;0;0;White;No;0;40-49;Unknown Approach Paths;None;No;No;Dry;0;Urban;No;29MAR2012;0;17:42;Female;No;Commercial;C: Possible Injury;No;O: No Injury;1932;March;0;Straight - Level;Coastal;Unknown;Stop And Go Signal;Thursday;Intersection-Related;43;0;Two-Way, Not Divided;6 lanes;0;#NULL!;#NULL!;Coarse Asphalt;#NULL!;No Special Feature;Other / Unknown - Insufficient Details;NC Route;C: Possible Injury;New Hanover;56;Clear;#NULL!;0-5 mph;40 - 45  MPH;2012;Daylight;50-59
35.9902171158, -78.8925026965;"{""type"": ""Point"", ""coordinates"": [-78.8925026965104, 35.99021711580496]}";Black;Durham;Travel Lane;2;17;Urban (>70% Developed);Male;Passenger Car;0;#NULL!;0;0;White;No;0;16-19;Motorist Right Turn - Same Direction;None;No;No;Dry;0;Urban;No;20APR2012;0;17:51;Male;No;Commercial;C: Possible Injury;Yes;O: No Injury;1938;April;0;Straight - Level;Piedmont;With Traffic;Stop And Go Signal;Friday;Intersection;19;0;Two-Way, Not Divided;4 lanes;0;#NULL!;#NULL!;Coarse Asphalt;#NULL!;No Special Feature;Motorist Right Turn / Merge;Local Street;C: Possible Injury;Durham;36;Clear;#NULL!;0-5 mph;30 - 35  MPH;2012;Daylight;30-39
36.0850371045, -79.7567029636;"{""type"": ""Point"", ""coordinates"": [-79.75670296363566, 36.08503710449435]}";Black;None - Rural Crash;Sidewalk / Crosswalk / Driveway Crossing;2;17;Urban (>70% Developed);Male;Sport Utility;0;#NULL!;0;0;Black;No;0;30-39;Bicyclist Ride Through - Signalized Intersection;None;No;No;Dry;0;Rural;No;27MAR2012;0;17:05;Female;No;Residential;C: Possible Injury;Yes;O: No Injury;1910;March;0;Straight - Level;Piedmont;Facing Traffic;Stop And Go Signal;Tuesday;Intersection;30;0;Two-Way, Divided, Unprotected Median;8 lanes;0;#NULL!;#NULL!;Smooth Asphalt;#NULL!;Four-Way Intersection;Bicyclist Failed to Yield - Signalized Intersection;Local Street;C: Possible Injury;Guilford;40;Clear;#NULL!;0-5 mph;5 - 15 MPH;2012;Daylight;40-49
36.1693970422, -81.8551035972;"{""type"": ""Point"", ""coordinates"": [-81.85510359717335, 36.169397042204665]}";White;None - Rural Crash;Non-Roadway;2;18;Mixed (30% To 70% Developed);Male;Passenger Car;0;#NULL!;0;0;White;No;0;11-15;Bicyclist Ride Out - Commercial Driveway / Alley;None;No;No;Dry;0;Rural;No;04APR2012;0;18:59;Female;No;Residential;C: Possible Injury;No;O: No Injury;1898;April;0;Straight - Level;Mountains;Not Applicable;Double Yellow Line, No Passing Zone;Wednesday;Non-Intersection;14;0;Two-Way, Not Divided;2 lanes;0;#NULL!;#NULL!;Smooth Asphalt;#NULL!;No Special Feature;Bicyclist Failed to Yield - Midblock;NC Route;C: Possible Injury;Avery;57;Clear;#NULL!;31-35 mph;30 - 35  MPH;2012;Daylight;50-59
35.519176886, -82.4039037211;"{""type"": ""Point"", ""coordinates"": [-82.40390372108631, 35.51917688595185]}";White;None - Rural Crash;Travel Lane;2;17;Rural (<30% Developed);Male;Passenger Car;0;#NULL!;0;0;White;No;0;16-19;Bicyclist Left Turn - Same Direction;None;No;No;Dry;0;Rural;No;31MAR2012;0;17:55;Female;No;Farms, Woods, Pastures;B: Evident Injury;Yes;O: No Injury;1894;March;0;Straight - Level;Mountains;With Traffic;Double Yellow Line, No Passing Zone;Saturday;Non-Intersection;19;0;Two-Way, Not Divided;2 lanes;0;#NULL!;#NULL!;Coarse Asphalt;#NULL!;No Special Feature;Bicyclist Left Turn / Merge;State Secondary Route;B: Evident Injury;Buncombe;36;Clear;#NULL!;26-30 mph;30 - 35  MPH;2012;Daylight;30-39
35.5168270779, -77.0398021091;"{""type"": ""Point"", ""coordinates"": [-77.03980210908378, 35.51682707792455]}";Hispanic;None - Rural Crash;Non-Roadway;2;23;Rural (<30% Developed);Male;Pickup;0;#NULL!;0;0;White;No;0;11-15;Bicyclist Ride Out - Midblock - Unknown;None;No;No;Dry;0;Rural;No;03APR2012;0;23:13;Male;No;Residential;C: Possible Injury;Yes;O: No Injury;1882;April;0;Straight - Level;Coastal;Not Applicable;Double Yellow Line, No Passing Zone;Tuesday;Non-Intersection;14;0;Two-Way, Not Divided;2 lanes;0;#NULL!;#NULL!;Coarse Asphalt;#NULL!;No Special Feature;Bicyclist Failed to Yield - Midblock;State Secondary Route;C: Possible Injury;Beaufort;60;Clear;#NULL!;31-35 mph;40 - 45  MPH;2012;Daylight;60-69
34.791316907, -77.4002021835;"{""type"": ""Point"", ""coordinates"": [-77.40020218345535, 34.791316906986005]}";White;Jacksonville;Travel Lane;2;6;Urban (>70% Developed);Male;School Bus;0;#NULL!;0;0;Black;No;0;20-24;Motorist Drive Out - Sign-Controlled Intersection;None;No;No;Dry;0;Urban;No;28FEB2012;0;6:53;Male;No;Residential;C: Possible Injury;Yes;O: No Injury;1888;February;0;Straight - Level;Coastal;With Traffic;Stop Sign;Tuesday;Intersection;20;0;Two-Way, Divided, Unprotected Median;2 lanes;0;#NULL!;#NULL!;Smooth Asphalt;#NULL!;No Special Feature;Motorist Failed to Yield - Sign-Controlled Intersection;Local Street;C: Possible Injury;Onslow;61;Clear;#NULL!;0-5 mph;20 - 25  MPH;2012;Daylight;60-69
36.0110171198, -78.905602702;"{""type"": ""Point"", ""coordinates"": [-78.90560270203031, 36.01101711983227]}";Black;Durham;Travel Lane;2;17;Urban (>70% Developed);Male;Sport Utility;0;#NULL!;0;0;White;No;0;25-29;Motorist Drive Out - Sign-Controlled Intersection;None;No;No;Dry;0;Urban;No;28MAR2012;0;17:30;Male;No;Residential;C: Possible Injury;Yes;O: No Injury;1878;March;0;Straight - Level;Piedmont;Facing Traffic;Stop Sign;Wednesday;Intersection;29;0;Two-Way, Divided, Unprotected Median;2 lanes;0;#NULL!;#NULL!;Smooth Asphalt;#NULL!;No Special Feature;Motorist Failed to Yield - Sign-Controlled Intersection;Local Street;C: Possible Injury;Durham;65;Clear;#NULL!;0-5 mph;30 - 35  MPH;2012;Daylight;60-69
35.9128671052, -78.7284026429;"{""type"": ""Point"", ""coordinates"": [-78.72840264289326, 35.912867105194515]}";White;None - Rural Crash;Travel Lane;2;19;Rural (<30% Developed);Male;Pickup;0;#NULL!;0;0;White;No;0;50-59;Motorist Overtaking - Other / Unknown;None;No;No;Dry;0;Rural;No;12APR2012;0;19:25;Male;No;Farms, Woods, Pastures;C: Possible Injury;Yes;O: No Injury;1908;April;0;Curve - Level;Piedmont;With Traffic;No Control Present;Thursday;Non-Intersection;52;0;Two-Way, Not Divided;4 lanes;0;#NULL!;#NULL!;Smooth Asphalt;#NULL!;No Special Feature;Motorist Overtaking Bicyclist;State Secondary Route;C: Possible Injury;Wake;40;Clear;#NULL!;41-45 mph;40 - 45  MPH;2012;Daylight;40-49
36.0767070972, -79.8936030042;"{""type"": ""Point"", ""coordinates"": [-79.89360300424259, 36.07670709715966]}";White;Greensboro;Non-Roadway;2;7;Urban (>70% Developed);Male;Passenger Car;0;#NULL!;0;0;White;No;0;30-39;Crossing Paths - Uncontrolled Intersection;None;No;No;Dry;0;Urban;No;23MAR2012;0;7:52;Female;No;Commercial;B: Evident Injury;Yes;O: No Injury;1893;March;0;Straight - Grade;Piedmont;Not Applicable;Stop And Go Signal;Friday;Intersection-Related;37;0;Two-Way, Not Divided;4 lanes;0;#NULL!;#NULL!;Smooth Asphalt;#NULL!;Four-Way Intersection;Crossing Paths - Other Circumstances;Local Street;B: Evident Injury;Guilford;32;Clear;#NULL!;0-5 mph;30 - 35  MPH;2012;Daylight;30-39
34.9903169198, -78.3239024728;"{""type"": ""Point"", ""coordinates"": [-78.32390247284093, 34.99031691982506]}";Black;Clinton;Driveway / Alley;2;14;Urban (>70% Developed);Male;Pickup;0;#NULL!;0;0;Black;No;0;6-10;Bicyclist Ride Out - Residential Driveway;None;Yes;No;Dry;0;Urban;No;11APR2012;0;14:39;Male;Yes;Residential;B: Evident Injury;Yes;O: No Injury;1902;April;0;Straight - Grade;Coastal;Not Applicable;No Control Present;Wednesday;Non-Intersection;6;0;Two-Way, Not Divided;2 lanes;0;#NULL!;#NULL!;Smooth Asphalt;#NULL!;No Special Feature;Bicyclist Failed to Yield - Midblock;Local Street;B: Evident Injury;Sampson;63;Clear;#NULL!;21-25 mph;30 - 35  MPH;2012;Daylight;60-69
34.9939369198, -78.3406024783;"{""type"": ""Point"", ""coordinates"": [-78.34060247826174, 34.99393691983177]}";Black;Clinton;Travel Lane;2;13;Urban (>70% Developed);Male;Passenger Car;0;#NULL!;0;0;White;No;0;40-49;Motorist Drive Out - Commercial Driveway / Alley;None;No;No;Dry;0;Urban;No;28JUN2013;0;13:03;Male;No;Commercial;B: Evident Injury;Yes;O: No Injury;1209;June;0;Straight - Level;Coastal;Facing Traffic;No Control Present;Friday;Non-Intersection;44;0;Two-Way, Divided, Unprotected Median;4 lanes;0;#NULL!;SUNSET AVE;Smooth Asphalt;#NULL!;Driveway, Public;Motorist Failed to Yield - Midblock;Local Street;B: Evident Injury;Sampson;34;Clear;#NULL!;6-10 mph;30 - 35  MPH;2013;Daylight;30-39
35.6018970852, -77.3766022159;"{""type"": ""Point"", ""coordinates"": [-77.37660221591763, 35.60189708517999]}";White;Greenville;Travel Lane;2;8;Urban (>70% Developed);Male;Sport Utility;0;#NULL!;0;0;White;No;0;50-59;Motorist Drive Out - Sign-Controlled Intersection;None;No;No;Dry;0;Urban;No;21JUN2013;0;8:57;Male;No;Commercial;B: Evident Injury;Yes;O: No Injury;1211;June;0;Straight - Grade;Coastal;With Traffic;No Control Present;Friday;Intersection;51;0;Two-Way, Not Divided;4 lanes;0;#NULL!;14TH ST;Coarse Asphalt;#NULL!;Four-Way Intersection;Motorist Failed to Yield - Sign-Controlled Intersection;Local Street;B: Evident Injury;Pitt;36;Clear;#NULL!;0-5 mph;30 - 35  MPH;2013;Daylight;30-39
34.2596967756, -77.8329022887;"{""type"": ""Point"", ""coordinates"": [-77.83290228870135, 34.25969677557691]}";White;Wilmington;Travel Lane;2;12;Urban (>70% Developed);Male;Pickup;0;#NULL!;0;0;White;No;0;50-59;Motorist Drive Out - Commercial Driveway / Alley;None;No;No;Dry;0;Urban;No;14JUN2013;0;12:29;Male;No;Commercial;C: Possible Injury;No;O: No Injury;1213;June;0;Straight - Level;Coastal;Facing Traffic;Stop Sign;Friday;Non-Intersection;58;0;Two-Way, Not Divided;5 lanes;0;#NULL!;MARKET ST;Smooth Asphalt;#NULL!;T-Intersection;Motorist Failed to Yield - Midblock;Local Street;C: Possible Injury;New Hanover;33;Clear;#NULL!;Unknown;40 - 45  MPH;2013;Daylight;30-39
35.5777569581, -80.8187032544;"{""type"": ""Point"", ""coordinates"": [-80.81870325438017, 35.57775695807999]}";White;Mooresville;Bike Lane / Paved Shoulder;2;23;Urban (>70% Developed);Male;Passenger Car;0;#NULL!;0;0;White;No;0;16-19;Motorist Left Turn - Opposite Direction;None;No;No;Dry;0;Urban;No;08JUN2013;0;23:10;Male;No;Commercial;C: Possible Injury;Yes;O: No Injury;1215;June;0;Straight - Grade;Piedmont;Facing Traffic;No Control Present;Saturday;Intersection;18;0;Two-Way, Not Divided;2 lanes;0;#NULL!;COLLEGE ST;Coarse Asphalt;#NULL!;No Special Feature;Motorist Left Turn / Merge;Local Street;C: Possible Injury;Iredell;16;Clear;#NULL!;6-10 mph;30 - 35  MPH;2013;Dark - Lighted Roadway;0-19
35.0052869676, -76.9930020693;"{""type"": ""Point"", ""coordinates"": [-76.99300206928034, 35.005286967606175]}";White;None - Rural Crash;Travel Lane;2;11;Rural (<30% Developed);Male;Passenger Car;0;#NULL!;0;0;Black;No;0;60-69;Backing Vehicle;None;No;No;Dry;0;Rural;No;02JUL2013;0;11:28;Male;No;Residential;O: No Injury;No;O: No Injury;1219;July;0;Straight - Level;Coastal;With Traffic;No Control Present;Tuesday;Non-Intersection;66;0;Two-Way, Not Divided;2 lanes;0;#NULL!;SR 1110;Coarse Asphalt;#NULL!;No Special Feature;Backing Vehicle;State Secondary Route;O: No Injury;Craven;56;Clear;#NULL!;11-15 mph;50 - 55  MPH;2013;Daylight;50-59
34.9832968901, -79.1498027214;"{""type"": ""Point"", ""coordinates"": [-79.14980272144678, 34.98329689007084]}";Black;None - Rural Crash;Driveway / Alley;2;14;Rural (<30% Developed);Male;Passenger Car;0;#NULL!;0;0;White;No;0;6-10;Bicyclist Ride Out - Residential Driveway;None;No;No;Dry;0;Rural;No;04JUL2013;0;14:27;Female;No;Farms, Woods, Pastures;B: Evident Injury;Yes;O: No Injury;1221;July;0;Curve - Level;Coastal;Not Applicable;Double Yellow Line, No Passing Zone;Thursday;Non-Intersection;8;0;Two-Way, Not Divided;2 lanes;0;#NULL!;SR 1422;Coarse Asphalt;#NULL!;Driveway, Private;Bicyclist Failed to Yield - Midblock;State Secondary Route;B: Evident Injury;Hoke;42;Clear;#NULL!;41-45 mph;50 - 55  MPH;2013;Daylight;40-49
36.1107770995, -80.03940305;"{""type"": ""Point"", ""coordinates"": [-80.03940304996031, 36.110777099459845]}";Black;None - Rural Crash;Travel Lane;2;5;Rural (<30% Developed);Male;Passenger Car;0;#NULL!;0;0;Unknown/Missing;No;0;40-49;Motorist Overtaking - Other / Unknown;None;No;No;Dry;0;Rural;Yes;02JUL2013;0;5:23;Unknown;No;Residential;C: Possible Injury;Yes;Unknown Injury;1224;July;0;Straight - Level;Piedmont;With Traffic;Double Yellow Line, No Passing Zone;Tuesday;Non-Intersection;40;0;Two-Way, Not Divided;2 lanes;0;#NULL!;SR 1008;Coarse Asphalt;#NULL!;No Special Feature;Motorist Overtaking Bicyclist;State Secondary Route;C: Possible Injury;Guilford;Unknown;Cloudy;#NULL!;41-45 mph;40 - 45  MPH;2013;Dark - Roadway Not Lighted;Unknown
35.2157768783, -80.8850032532;"{""type"": ""Point"", ""coordinates"": [-80.88500325319998, 35.215776878309626]}";Black;Charlotte;Sidewalk / Crosswalk / Driveway Crossing;2;15;Urban (>70% Developed);Male;Pickup;0;#NULL!;0;0;Hispanic;No;0;50-59;Bicyclist Ride Out - Parallel Path;None;No;No;Dry;0;Urban;No;06JUL2013;0;15:04;Male;No;Residential;B: Evident Injury;Yes;O: No Injury;1229;July;0;Straight - Level;Piedmont;With Traffic;No Control Present;Saturday;Non-Intersection;57;0;Two-Way, Divided, Unprotected Median;4 lanes;0;#NULL!;WEST BOULEVARD;Smooth Asphalt;#NULL!;No Special Feature;Parallel Paths - Other Circumstances;Local Street;B: Evident Injury;Mecklenburg;48;Clear;#NULL!;36-40 mph;40 - 45  MPH;2013;Daylight;40-49
34.9762968394, -80.543703139;"{""type"": ""Point"", ""coordinates"": [-80.54370313898988, 34.976296839433644]}";Black;Monroe;Travel Lane;2;19;Mixed (30% To 70% Developed);Male;Passenger Car;0;#NULL!;0;0;Black;No;0;16-19;Bicyclist Ride Out - Sign-Controlled Intersection;None;No;No;Dry;0;Urban;No;07JUN2013;0;19:32;Female;No;Residential;C: Possible Injury;Yes;O: No Injury;1235;June;0;Straight - Hillcrest;Piedmont;With Traffic;Stop Sign;Friday;Intersection;19;0;Two-Way, Not Divided;1 lane;0;#NULL!;GREEN ST;Smooth Asphalt;#NULL!;Four-Way Intersection;Bicyclist Failed to Yield - Sign-Controlled Intersection;Local Street;C: Possible Injury;Union;20;Clear;#NULL!;16-20 mph;20 - 25  MPH;2013;Daylight;20-24