Geo Point;Geo Shape;BikeRace;City;BikePos;NumUnits;CrashHour;Locality;BikeSex;DrvrVehTyp;NumBikesNo;BikeAlcDrg;NumBikesBI;RteInvdCd;DrvrRace;Workzone;NumBikesCi;BikeAgeGrp;CrashType;RdDefects;CrashAlcoh;BikeAlcoho;RdConditio;DstncMiFrm;RuralUrban;HitRun;CrashDate;NumBikesUI;CrashTime;DrvrSex;DrvrAlcoho;Developmen;CrashSevr;AmbulanceR;DrvrInjury;OBJECTID;CrashMonth;NumBikesKi;RdCharacte;Region;BikeDir;TraffCntrl;CrashDay;CrashLoc;BikeAge;NumBikesTo;RdConfig;NumLanes;NumBikesAI;DrvrAlcDrg;OnRoad;RdSurface;Towrd_Rd;RdFeature;CrashGrp;RdClass;BikeInjury;County;DrvrAge;Weather;FrmRd;DrvrEstSpd;SpeedLimit;CrashYear;LightCond;DrvrAgeGrp
36.0253671212, -78.9359027124;"{""type"": ""Point"", ""coordinates"": [-78.93590271242006, 36.025367121206244]}";White;Durham;Travel Lane;2;15;Urban (>70% Developed);Male;Passenger Car;0;#NULL!;0;0;Black;No;0;30-39;Motorist Overtaking - Other / Unknown;None;No;No;Dry;0;Urban;Yes;10JUL2013;0;15:53;Male;No;Residential;K: Killed;Yes;O: No Injury;1244;July;0;Straight - Level;Piedmont;With Traffic;No Control Present;Wednesday;Non-Intersection;36;0;Two-Way, Not Divided;2 lanes;0;#NULL!;HILLANDALE RD;Smooth Asphalt;#NULL!;No Special Feature;Motorist Overtaking Bicyclist;Local Street;K: Killed;Durham;27;Clear;#NULL!;31-35 mph;30 - 35  MPH;2013;Dark - Roadway Not Lighted;25-29
35.1078768578, -80.8080032246;"{""type"": ""Point"", ""coordinates"": [-80.80800322456035, 35.10787685778188]}";White;Charlotte;Travel Lane;2;18;Urban (>70% Developed);Male;Sport Utility;0;#NULL!;0;0;White;No;0;60-69;Motorist Drive Out - Commercial Driveway / Alley;None;No;Missing;Dry;0;Urban;No;08JUL2013;0;18:30;Male;No;Commercial;B: Evident Injury;Yes;O: No Injury;1248;July;0;Straight - Level;Piedmont;With Traffic;Stop Sign;Monday;Non-Intersection;69;0;Two-Way, Divided, Unprotected Median;1 lane;0;#NULL!;COLONY ROAD;Smooth Asphalt;#NULL!;Four-Way Intersection;Motorist Failed to Yield - Midblock;Local Street;B: Evident Injury;Mecklenburg;52;Cloudy;#NULL!;0-5 mph;30 - 35  MPH;2013;Dark - Lighted Roadway;50-59
36.2899271241, -80.3779031622;"{""type"": ""Point"", ""coordinates"": [-80.37790316217811, 36.28992712406573]}";Hispanic;None - Rural Crash;Travel Lane;2;19;Mixed (30% To 70% Developed);Male;Pickup;0;#NULL!;0;0;White;No;0;50-59;Motorist Overtaking - Misjudged Space;None;No;No;Dry;0;Rural;No;07JUL2013;0;19:30;Male;No;Residential;C: Possible Injury;Yes;O: No Injury;1255;July;0;Straight - Level;Piedmont;With Traffic;Double Yellow Line, No Passing Zone;Sunday;Non-Intersection;56;0;Two-Way, Not Divided;2 lanes;0;#NULL!;SR 1127;Smooth Asphalt;#NULL!;No Special Feature;Motorist Overtaking Bicyclist;State Secondary Route;C: Possible Injury;Stokes;70+;Cloudy;#NULL!;31-35 mph;40 - 45  MPH;2013;Daylight;70+
35.9169170982, -78.9316027052;"{""type"": ""Point"", ""coordinates"": [-78.93160270517276, 35.916917098199896]}";White;Durham;Sidewalk / Crosswalk / Driveway Crossing;2;20;Urban (>70% Developed);Male;Passenger Car;0;#NULL!;0;0;Black;No;0;20-24;Motorist Drive Out - Commercial Driveway / Alley;None;No;No;Dry;0;Urban;No;15JUL2013;0;20:21;Male;No;Commercial;C: Possible Injury;Yes;O: No Injury;1257;July;0;Straight - Level;Piedmont;With Traffic;Stop Sign;Monday;Non-Intersection;24;0;Two-Way, Not Divided;Unknown;0;#NULL!;PVA 6000 FAYETTEVILLE ST;Smooth Asphalt;#NULL!;No Special Feature;Motorist Failed to Yield - Midblock;Public Vehicular Area;C: Possible Injury;Durham;44;Clear;#NULL!;6-10 mph;5 - 15 MPH;2013;Dusk;40-49
35.7417869735, -81.3216034136;"{""type"": ""Point"", ""coordinates"": [-81.32160341361852, 35.74178697351284]}";White;Hickory;Sidewalk / Crosswalk / Driveway Crossing;2;16;Urban (>70% Developed);Male;Passenger Car;0;#NULL!;0;0;White;No;0;16-19;Motorist Drive Out - Sign-Controlled Intersection;None;No;No;Dry;0;Urban;No;22JUN2013;0;16:47;Male;No;Residential;C: Possible Injury;Yes;O: No Injury;1259;June;0;Straight - Level;Piedmont;Facing Traffic;Stop Sign;Saturday;Intersection;19;0;One-Way, Not Divided;2 lanes;0;#NULL!;8TH ST NE;Smooth Asphalt;#NULL!;Four-Way Intersection;Motorist Failed to Yield - Sign-Controlled Intersection;Local Street;C: Possible Injury;Catawba;70+;Clear;#NULL!;0-5 mph;30 - 35  MPH;2013;Daylight;70+
35.2587268945, -80.6868031973;"{""type"": ""Point"", ""coordinates"": [-80.6868031972896, 35.258726894453524]}";Black;Charlotte;Other;2;21;Urban (>70% Developed);Male;Unknown;0;#NULL!;0;0;Unknown/Missing;No;0;16-19;Motorist Lost Control - Other / Unknown;None;No;No;Dry;0;Urban;Yes;18JUL2013;0;21:39;Unknown;Missing;Residential;B: Evident Injury;No;Unknown Injury;1267;July;0;Straight - Level;Piedmont;Facing Traffic;No Control Present;Thursday;Non-Intersection;16;0;Two-Way, Not Divided;2 lanes;0;#NULL!;PLAZA RD EXT;Smooth Asphalt;#NULL!;No Special Feature;Loss of Control / Turning Error;Local Street;B: Evident Injury;Mecklenburg;Unknown;Clear;#NULL!;41-45 mph;40 - 45  MPH;2013;Dark - Roadway Not Lighted;Unknown
35.5792568926, -82.5499037684;"{""type"": ""Point"", ""coordinates"": [-82.54990376843216, 35.5792568926371]}";White;Asheville;Travel Lane;2;19;Urban (>70% Developed);Male;Passenger Car;0;#NULL!;0;0;Unknown/Missing;No;0;20-24;Motorist Overtaking - Other / Unknown;None;No;No;Wet;0;Urban;Yes;01JUL2013;0;19:25;Unknown;Missing;Commercial;O: No Injury;No;Unknown Injury;1274;July;0;Straight - Level;Mountains;With Traffic;Stop And Go Signal;Monday;Intersection;24;0;Two-Way, Not Divided;4 lanes;0;#NULL!;BILTMORE AVE;Smooth Asphalt;#NULL!;Four-Way Intersection;Motorist Overtaking Bicyclist;US Route;O: No Injury;Buncombe;Unknown;Rain;#NULL!;0-5 mph;30 - 35  MPH;2013;Daylight;Unknown
35.5877270819, -77.3732022145;"{""type"": ""Point"", ""coordinates"": [-77.37320221447115, 35.58772708185688]}";Black;Greenville;Sidewalk / Crosswalk / Driveway Crossing;2;11;Urban (>70% Developed);Male;Sport Utility;0;#NULL!;0;0;White;No;0;40-49;Motorist Drive Out - Sign-Controlled Intersection;None;No;No;Dry;0;Urban;No;22JUL2013;0;11:50;Female;No;Commercial;O: No Injury;Yes;O: No Injury;1275;July;0;Straight - Level;Coastal;Facing Traffic;Stop Sign;Monday;Intersection;43;0;Two-Way, Not Divided;2 lanes;0;#NULL!;ARLINGTON BLVD SIDEWAL;Coarse Asphalt;#NULL!;No Special Feature;Motorist Failed to Yield - Sign-Controlled Intersection;Local Street;O: No Injury;Pitt;60;Clear;#NULL!;0-5 mph;5 - 15 MPH;2013;Daylight;60-69
35.9464172176, -75.6200016943;"{""type"": ""Point"", ""coordinates"": [-75.62000169429562, 35.94641721760099]}";White;Nags Head;Travel Lane;2;20;Rural (<30% Developed);Male;Sport Utility;0;#NULL!;0;0;White;No;0;16-19;Bicyclist Ride Out - Signalized  Intersection;None;No;No;Dry;0;Rural;No;14JUN2013;0;20:12;Female;No;Residential;B: Evident Injury;No;O: No Injury;1283;June;0;Straight - Level;Coastal;With Traffic;Stop And Go Signal;Friday;Intersection;17;0;Two-Way, Not Divided;5 lanes;0;#NULL!;US 158;Smooth Asphalt;#NULL!;Four-Way Intersection;Bicyclist Failed to Yield - Signalized Intersection;US Route;B: Evident Injury;Dare;30;Clear;#NULL!;36-40 mph;50 - 55  MPH;2013;Daylight;30-39
35.7934170836, -78.6090026001;"{""type"": ""Point"", ""coordinates"": [-78.60900260009718, 35.79341708360753]}";Black;Raleigh;Travel Lane;2;17;Rural (<30% Developed);Male;Van;0;#NULL!;0;0;Black;No;0;16-19;Bicyclist Overtaking - Other / Unknown;None;No;No;Dry;0;Urban;No;24JUL2013;0;17:30;Female;No;Residential;O: No Injury;No;O: No Injury;1285;July;0;Straight - Level;Piedmont;With Traffic;No Control Present;Wednesday;Intersection-Related;16;0;Two-Way, Not Divided;2 lanes;0;#NULL!;SUMMERKINGS COURT;Coarse Asphalt;#NULL!;No Special Feature;Bicyclist Overtaking Motorist;Local Street;O: No Injury;Wake;43;Clear;#NULL!;0-5 mph;20 - 25  MPH;2013;Daylight;40-49
35.7943370833, -78.6118026013;"{""type"": ""Point"", ""coordinates"": [-78.61180260133288, 35.79433708334607]}";Black;Raleigh;Non-Roadway;2;16;Urban (>70% Developed);Male;Pickup;0;#NULL!;0;0;White;No;0;40-49;Non-Roadway;None;No;No;Dry;0;Urban;No;26JUL2013;0;16:37;Male;No;Commercial;C: Possible Injury;Yes;O: No Injury;1293;July;0;Straight - Level;Piedmont;Not Applicable;No Control Present;Friday;Non-Roadway;48;0;Two-Way, Not Divided;Unknown;0;#NULL!;PVA 1100 N RALEIGH BLVD;Coarse Asphalt;#NULL!;No Special Feature;Non-Roadway;Public Vehicular Area;C: Possible Injury;Wake;43;Clear;#NULL!;6-10 mph;5 - 15 MPH;2013;Daylight;40-49
35.2347268866, -80.7658032197;"{""type"": ""Point"", ""coordinates"": [-80.76580321974474, 35.23472688660262]}";Black;Charlotte;Travel Lane;2;20;Urban (>70% Developed);Male;Passenger Car;0;#NULL!;0;0;Black;No;0;16-19;Motorist Overtaking - Bicyclist Swerved;None;No;No;Dry;0;Urban;No;15JUL2013;0;20:55;Male;No;Residential;C: Possible Injury;Yes;Unknown Injury;1297;July;0;Straight - Grade;Piedmont;With Traffic;No Control Present;Monday;Non-Intersection;16;0;Two-Way, Not Divided;4 lanes;0;#NULL!;SHAMROCK DR;Coarse Asphalt;#NULL!;No Special Feature;Motorist Overtaking Bicyclist;Local Street;C: Possible Injury;Mecklenburg;38;Clear;#NULL!;31-35 mph;30 - 35  MPH;2013;Dusk;30-39
36.1472671138, -79.8434029927;"{""type"": ""Point"", ""coordinates"": [-79.84340299265678, 36.147267113833706]}";White;Greensboro;Driveway / Alley;2;17;Urban (>70% Developed);Female;Passenger Car;0;#NULL!;0;0;White;No;0;50-59;Bicyclist Ride Out - Residential Driveway;None;No;No;Wet;0;Urban;No;21JUL2013;0;17:36;Male;No;Residential;B: Evident Injury;Yes;O: No Injury;1312;July;0;Straight - Grade;Piedmont;Facing Traffic;No Control Present;Sunday;Non-Intersection;54;0;Two-Way, Not Divided;2 lanes;0;#NULL!;TURNER GROVE DR SOUTH;Smooth Asphalt;#NULL!;T-Intersection;Bicyclist Failed to Yield - Midblock;Local Street;B: Evident Injury;Guilford;58;Rain;#NULL!;16-20 mph;30 - 35  MPH;2013;Daylight;50-59
36.0210571213, -78.9158027053;"{""type"": ""Point"", ""coordinates"": [-78.91580270525263, 36.02105712125375]}";Black;Durham;Travel Lane;2;9;Urban (>70% Developed);Female;Passenger Car;0;#NULL!;0;0;Hispanic;No;0;20-24;Motorist Drive Out - Sign-Controlled Intersection;None;No;No;Dry;0;Urban;No;27JUL2013;0;9:32;Male;No;Residential;B: Evident Injury;Yes;O: No Injury;1317;July;0;Straight - Grade;Piedmont;Facing Traffic;Stop Sign;Saturday;Intersection;20;0;Two-Way, Not Divided;7 lanes;0;#NULL!;IDA ST;Smooth Asphalt;#NULL!;No Special Feature;Motorist Failed to Yield - Sign-Controlled Intersection;Local Street;B: Evident Injury;Durham;20;Clear;#NULL!;6-10 mph;30 - 35  MPH;2013;Daylight;20-24
35.8414770917, -78.6629026191;"{""type"": ""Point"", ""coordinates"": [-78.66290261906694, 35.84147709173823]}";Hispanic;Raleigh;Non-Roadway;2;16;Mixed (30% To 70% Developed);Male;Passenger Car;0;#NULL!;0;0;Unknown/Missing;No;0;11-15;Non-Roadway;None;No;No;Dry;0;Urban;Yes;02AUG2013;0;16:55;Unknown;Missing;Residential;C: Possible Injury;No;Unknown Injury;1321;August;0;Straight - Level;Piedmont;Not Applicable;No Control Present;Friday;Non-Roadway;13;0;Two-Way, Not Divided;Unknown;0;#NULL!;PVA 1800 GENERATION DR;Smooth Asphalt;#NULL!;No Special Feature;Non-Roadway;Public Vehicular Area;C: Possible Injury;Wake;Unknown;Clear;#NULL!;0-5 mph;5 - 15 MPH;2013;Daylight;Unknown
35.3824270185, -77.9408023766;"{""type"": ""Point"", ""coordinates"": [-77.94080237659476, 35.38242701854359]}";Black;Goldsboro;Bike Lane / Paved Shoulder;2;23;Mixed (30% To 70% Developed);Male;Sport Utility;0;#NULL!;0;0;Black;No;0;40-49;Motorist Overtaking - Undetected Bicyclist;None;No;No;Dry;0;Urban;No;19JUL2013;0;23:12;Female;No;Residential;B: Evident Injury;Yes;O: No Injury;1323;July;0;Straight - Level;Coastal;With Traffic;No Control Present;Friday;Non-Intersection;45;0;Two-Way, Not Divided;2 lanes;0;#NULL!;ROYALL AVE;Coarse Asphalt;#NULL!;No Special Feature;Motorist Overtaking Bicyclist;Local Street;B: Evident Injury;Wayne;58;Clear;#NULL!;41-45 mph;40 - 45  MPH;2013;Dark - Lighted Roadway;50-59
36.1196270765, -80.6943032474;"{""type"": ""Point"", ""coordinates"": [-80.69430324742474, 36.119627076493046]}";White;None - Rural Crash;Travel Lane;2;18;Rural (<30% Developed);Male;Pickup;0;#NULL!;0;0;White;No;0;30-39;Motorist Overtaking - Other / Unknown;None;No;No;Dry;0;Rural;No;06AUG2013;0;18:13;Male;No;Farms, Woods, Pastures;C: Possible Injury;Yes;O: No Injury;1326;August;0;Straight - Level;Mountains;With Traffic;No Control Present;Tuesday;Non-Intersection;32;0;Two-Way, Divided, Positive Median Barrier;4 lanes;0;#NULL!;US 421;Smooth Asphalt;#NULL!;No Special Feature;Motorist Overtaking Bicyclist;US Route;C: Possible Injury;Yadkin;60;Clear;#NULL!;61-65 mph;60 - 75 MPH;2013;Daylight;60-69
35.5859068935, -82.5517037684;"{""type"": ""Point"", ""coordinates"": [-82.55170376840134, 35.58590689347123]}";White;Asheville;Travel Lane;2;23;Urban (>70% Developed);Male;Motorcycle;0;#NULL!;0;0;White;No;0;30-39;Motorist Overtaking - Bicyclist Swerved;Work Zone;Yes;No;Dry;0;Urban;No;19JUL2013;0;23:35;Male;Yes;Commercial;B: Evident Injury;Yes;O: No Injury;1333;July;0;Straight - Level;Mountains;With Traffic;No Control Present;Friday;Non-Intersection;31;0;Two-Way, Not Divided;4 lanes;0;#NULL!;BILTMORE AVE;Coarse Asphalt;#NULL!;No Special Feature;Motorist Overtaking Bicyclist;Local Street;B: Evident Injury;Buncombe;47;Cloudy;#NULL!;36-40 mph;30 - 35  MPH;2013;Dark - Lighted Roadway;40-49
35.5849570407, -78.5518025723;"{""type"": ""Point"", ""coordinates"": [-78.5518025723, 35.584957040736036]}";White;None - Rural Crash;Travel Lane;3;5;Rural (<30% Developed);Female;Sport Utility;0;#NULL!;0;0;White;No;0;30-39;Motorist Overtaking - Other / Unknown;None;No;No;Wet;0;Rural;No;18JUL2013;0;5:50;Male;No;Farms, Woods, Pastures;C: Possible Injury;Yes;O: No Injury;1334;July;0;Straight - Level;Coastal;With Traffic;Double Yellow Line, No Passing Zone;Thursday;Non-Intersection;38;0;Two-Way, Not Divided;2 lanes;0;#NULL!;SR 1010;Smooth Asphalt;#NULL!;No Special Feature;Motorist Overtaking Bicyclist;State Secondary Route;C: Possible Injury;Johnston;58;Cloudy;#NULL!;41-45 mph;40 - 45  MPH;2013;Dark - Roadway Not Lighted;50-59
35.2417768838, -80.8885032566;"{""type"": ""Point"", ""coordinates"": [-80.88850325660005, 35.241776883787985]}";Black;Charlotte;Travel Lane;2;13;Mixed (30% To 70% Developed);Male;Passenger Car;0;#NULL!;0;0;Asian;No;0;50-59;Bicyclist Ride Out - Midblock - Unknown;Road Surface Condition;No;No;Dry;0;Urban;No;08AUG2013;0;13:55;Male;No;Commercial;C: Possible Injury;No;O: No Injury;1335;August;0;Straight - Level;Piedmont;Facing Traffic;Stop And Go Signal;Thursday;Non-Intersection;57;0;Two-Way, Divided, Positive Median Barrier;4 lanes;0;#NULL!;FREEDOM DR;Smooth Asphalt;#NULL!;No Special Feature;Bicyclist Failed to Yield - Midblock;Local Street;C: Possible Injury;Mecklenburg;31;Clear;#NULL!;31-35 mph;40 - 45  MPH;2013;Daylight;30-39
35.7797169676, -81.689203525;"{""type"": ""Point"", ""coordinates"": [-81.68920352501976, 35.779716967635274]}";White;Morganton;Travel Lane;2;13;Urban (>70% Developed);Female;Sport Utility;0;#NULL!;0;0;Black;No;0;50-59;Motorist Overtaking - Misjudged Space;None;No;No;Dry;0;Urban;No;10JUL2013;0;13:33;Female;No;Commercial;C: Possible Injury;Yes;O: No Injury;1344;July;0;Straight - Hillcrest;Mountains;With Traffic;No Control Present;Wednesday;Non-Intersection;59;0;Two-Way, Not Divided;2 lanes;0;#NULL!;LENOIR RD;Smooth Asphalt;#NULL!;No Special Feature;Motorist Overtaking Bicyclist;Local Street;C: Possible Injury;Burke;42;Cloudy;#NULL!;41-45 mph;40 - 45  MPH;2013;Daylight;40-49
35.9087670914, -79.0928027535;"{""type"": ""Point"", ""coordinates"": [-79.0928027535061, 35.908767091352146]}";White;Carrboro;Bike Lane / Paved Shoulder;2;22;Mixed (30% To 70% Developed);Female;Unknown;0;#NULL!;0;0;Unknown/Missing;No;0;25-29;Motorist Overtaking - Other / Unknown;None;No;No;Dry;0;Urban;Yes;01AUG2013;0;22:06;Unknown;Missing;Residential;B: Evident Injury;Yes;Unknown Injury;1348;August;0;Straight - Level;Piedmont;With Traffic;No Control Present;Thursday;Non-Intersection;27;0;Two-Way, Not Divided;2 lanes;0;#NULL!;OLD FAYETTEVILLE RD;Smooth Asphalt;#NULL!;No Special Feature;Motorist Overtaking Bicyclist;Local Street;B: Evident Injury;Orange;Unknown;Clear;#NULL!;31-35 mph;30 - 35  MPH;2013;Dark - Lighted Roadway;Unknown
35.3607969346, -80.1992030569;"{""type"": ""Point"", ""coordinates"": [-80.19920305692021, 35.36079693460302]}";White;Albemarle;Travel Lane;2;12;Urban (>70% Developed);Male;Passenger Car;0;#NULL!;0;0;White;No;0;16-19;Signalized Intersection - Other / Unknown;None;No;No;Dry;0;Urban;No;02AUG2013;0;12:12;Male;No;Commercial;C: Possible Injury;Yes;O: No Injury;1349;August;0;Straight - Level;Piedmont;Facing Traffic;Stop And Go Signal;Friday;Intersection;19;0;Two-Way, Not Divided;4 lanes;0;#NULL!;SALISBURY AVE;Smooth Asphalt;#NULL!;Four-Way Intersection;Crossing Paths - Other Circumstances;Local Street;C: Possible Injury;Stanly;66;Clear;#NULL!;16-20 mph;30 - 35  MPH;2013;Daylight;60-69
35.7694970773, -78.6372026079;"{""type"": ""Point"", ""coordinates"": [-78.63720260786927, 35.76949707729214]}";Black;Raleigh;Travel Lane;2;14;Urban (>70% Developed);Male;Passenger Car;0;#NULL!;0;0;Black;No;0;40-49;Motorist Right Turn - Opposite Direction;None;No;No;Dry;0;Urban;No;16AUG2013;0;14:22;Male;No;Residential;C: Possible Injury;Yes;O: No Injury;1360;August;0;Straight - Level;Piedmont;Facing Traffic;Stop And Go Signal;Friday;Intersection-Related;44;0;Two-Way, Not Divided;5 lanes;0;#NULL!;MLK;Smooth Asphalt;#NULL!;Four-Way Intersection;Motorist Right Turn / Merge;Local Street;C: Possible Injury;Wake;70+;Cloudy;#NULL!;6-10 mph;30 - 35  MPH;2013;Daylight;70+
35.0438569099, -78.9421026626;"{""type"": ""Point"", ""coordinates"": [-78.94210266263512, 35.04385690991669]}";Black;Fayetteville;Travel Lane;2;11;Urban (>70% Developed);Male;Sport Utility;0;#NULL!;0;0;White;No;0;40-49;Bicyclist Ride Through - Signalized Intersection;None;No;No;Dry;0;Urban;No;24JUL2013;0;11:39;Male;No;Commercial;C: Possible Injury;Yes;O: No Injury;1361;July;0;Straight - Level;Coastal;Facing Traffic;No Control Present;Wednesday;Intersection-Related;49;0;Two-Way, Divided, Unprotected Median;7 lanes;0;#NULL!;RAEFORD RD;Coarse Asphalt;#NULL!;No Special Feature;Bicyclist Failed to Yield - Signalized Intersection;Local Street;C: Possible Injury;Cumberland;22;Clear;#NULL!;31-35 mph;40 - 45  MPH;2013;Daylight;20-24
34.6922969034, -76.84500201;"{""type"": ""Point"", ""coordinates"": [-76.84500200998039, 34.692296903366454]}";Unknown/Missing;Pine Knoll Shores;Bike Lane / Paved Shoulder;2;10;Urban (>70% Developed);Male;Van;0;#NULL!;0;0;Black;No;0;30-39;Motorist Right Turn - Same Direction;None;No;No;Dry;0;Rural;No;15JUN2013;0;10:12;Female;No;Residential;O: No Injury;No;O: No Injury;1367;June;0;Straight - Level;Coastal;With Traffic;No Control Present;Saturday;Non-Intersection;30;0;Two-Way, Divided, Unprotected Median;2 lanes;0;#NULL!;NC 58;Concrete;#NULL!;Driveway, Public;Motorist Right Turn / Merge;NC Route;O: No Injury;Carteret;34;Clear;#NULL!;41-45 mph;40 - 45  MPH;2013;Daylight;30-39
36.4243672539, -77.5972023261;"{""type"": ""Point"", ""coordinates"": [-77.59720232606098, 36.42436725388622]}";Black;Weldon;Travel Lane;2;16;Urban (>70% Developed);Female;Van;0;#NULL!;0;0;Black;No;0;6-10;Bicyclist Ride Through - Sign-Controlled Intersection;None;No;No;Dry;0;Rural;No;06AUG2013;0;16:19;Female;No;Residential;C: Possible Injury;Yes;O: No Injury;1369;August;0;Straight - Level;Coastal;With Traffic;Stop Sign;Tuesday;Intersection;10;0;Two-Way, Not Divided;2 lanes;0;#NULL!;SYCAMORE STREET;Smooth Asphalt;#NULL!;Four-Way Intersection;Bicyclist Failed to Yield - Sign-Controlled Intersection;Local Street;C: Possible Injury;Halifax;69;Clear;#NULL!;16-20 mph;20 - 25  MPH;2013;Daylight;60-69
34.718236888, -77.479102204;"{""type"": ""Point"", ""coordinates"": [-77.4791022040289, 34.71823688796285]}";Black;None - Rural Crash;Bike Lane / Paved Shoulder;2;16;Mixed (30% To 70% Developed);Male;Pickup;0;#NULL!;0;0;White;No;0;25-29;Motorist Drive Out - Sign-Controlled Intersection;None;No;No;Dry;0;Rural;No;21AUG2013;0;16:30;Female;No;Farms, Woods, Pastures;B: Evident Injury;No;O: No Injury;1375;August;0;Straight - Level;Coastal;Facing Traffic;Stop Sign;Wednesday;Intersection;26;0;Two-Way, Divided, Unprotected Median;4 lanes;0;#NULL!;US 17;Smooth Asphalt;#NULL!;T-Intersection;Motorist Failed to Yield - Sign-Controlled Intersection;US Route;B: Evident Injury;Onslow;42;Clear;#NULL!;0-5 mph;40 - 45  MPH;2013;Daylight;40-49
36.2883772861, -75.8006017667;"{""type"": ""Point"", ""coordinates"": [-75.80060176671124, 36.288377286078735]}";White;None - Rural Crash;Travel Lane;2;16;Mixed (30% To 70% Developed);Male;Pickup;0;#NULL!;0;0;Hispanic;No;0;40-49;Unusual Circumstances;None;No;No;Dry;0;Rural;No;23AUG2013;0;16:54;Male;No;Residential;O: No Injury;No;O: No Injury;1382;August;0;Straight - Level;Coastal;With Traffic;No Control Present;Friday;Non-Intersection;41;0;Two-Way, Not Divided;2 lanes;0;#NULL!;NC 12;Smooth Asphalt;#NULL!;No Special Feature;Other / Unusual Circumstances;NC Route;O: No Injury;Currituck;29;Cloudy;#NULL!;41-45 mph;40 - 45  MPH;2013;Daylight;25-29
36.195737267, -75.7622017508;"{""type"": ""Point"", ""coordinates"": [-75.76220175081079, 36.1957372670308]}";White;Duck;Multi-use Path;3;9;Mixed (30% To 70% Developed);Female;Sport Utility;0;#NULL!;0;0;White;No;0;11-15;Motorist Left Turn - Same Direction;None;No;No;Dry;0;Rural;No;14AUG2013;0;9:32;Female;No;Residential;C: Possible Injury;No;O: No Injury;1415;August;0;Straight - Level;Coastal;Facing Traffic;No Control Present;Wednesday;Intersection;14;0;Two-Way, Not Divided;2 lanes;0;#NULL!;DUCK RD;Coarse Asphalt;#NULL!;No Special Feature;Motorist Left Turn / Merge;NC Route;C: Possible Injury;Dare;31;Clear;#NULL!;0-5 mph;30 - 35  MPH;2013;Daylight;30-39
36.0099171191, -78.917102705;"{""type"": ""Point"", ""coordinates"": [-78.9171027049923, 36.00991711914932]}";White;Durham;Sidewalk / Crosswalk / Driveway Crossing;2;8;Urban (>70% Developed);Female;Passenger Car;0;#NULL!;0;0;White;No;0;20-24;Motorist Left Turn - Opposite Direction;None;No;No;Dry;0;Urban;No;08SEP2013;0;8:38;Female;No;Residential;C: Possible Injury;Yes;O: No Injury;1423;September;0;Straight - Level;Piedmont;With Traffic;No Control Present;Sunday;Intersection;22;0;Two-Way, Not Divided;2 lanes;0;#NULL!;WEST MARKHAM AVENUE;Smooth Asphalt;#NULL!;No Special Feature;Motorist Left Turn / Merge;Local Street;C: Possible Injury;Durham;55;Clear;#NULL!;6-10 mph;30 - 35  MPH;2013;Daylight;50-59
36.2858871897, -78.5748026171;"{""type"": ""Point"", ""coordinates"": [-78.5748026171041, 36.28588718969195]}";Black;Oxford;Travel Lane;2;14;Urban (>70% Developed);Female;Passenger Car;0;#NULL!;0;0;Black;No;0;6-10;Parallel Paths - Other / Unknown;None;No;No;Dry;0;Urban;No;16JUN2013;0;14:46;Female;No;Residential;C: Possible Injury;No;O: No Injury;1436;June;0;Straight - Level;Piedmont;With Traffic;Stop Sign;Sunday;Intersection-Related;10;0;Two-Way, Not Divided;2 lanes;0;#NULL!;POLLY DR;Smooth Asphalt;#NULL!;No Special Feature;Parallel Paths - Other Circumstances;Local Street;C: Possible Injury;Granville;35;Clear;#NULL!;11-15 mph;20 - 25  MPH;2013;Daylight;30-39
36.1132470943, -80.1879030946;"{""type"": ""Point"", ""coordinates"": [-80.18790309462224, 36.113247094280936]}";White;Winston-Salem;Travel Lane;2;7;Urban (>70% Developed);Male;Van;0;#NULL!;0;0;White;No;0;50-59;Motorist Overtaking - Undetected Bicyclist;None;No;No;Dry;0;Urban;No;04SEP2013;0;7:16;Male;No;Commercial;B: Evident Injury;Yes;O: No Injury;1465;September;0;Straight - Level;Piedmont;With Traffic;No Control Present;Wednesday;Non-Intersection;56;0;Two-Way, Divided, Unprotected Median;4 lanes;0;#NULL!;REIDSVILLE RD (3900 RD;Smooth Asphalt;#NULL!;No Special Feature;Motorist Overtaking Bicyclist;Local Street;B: Evident Injury;Forsyth;48;Clear;#NULL!;46-50 mph;40 - 45  MPH;2013;Daylight;40-49
35.2840468689, -81.5393034516;"{""type"": ""Point"", ""coordinates"": [-81.53930345157558, 35.28404686886772]}";White;Shelby;Sidewalk / Crosswalk / Driveway Crossing;2;11;Urban (>70% Developed);Male;Unknown Heavy Truck;0;#NULL!;0;0;White;No;0;20-24;Unusual Circumstances;None;No;No;Dry;0;Urban;No;20AUG2013;0;11:11;Male;No;Residential;C: Possible Injury;No;O: No Injury;1475;August;0;Straight - Level;Mountains;With Traffic;No Control Present;Tuesday;Non-Intersection;24;0;Two-Way, Not Divided;2 lanes;0;#NULL!;S WASHINGTON ST;Smooth Asphalt;#NULL!;No Special Feature;Other / Unusual Circumstances;Local Street;C: Possible Injury;Cleveland;29;Clear;#NULL!;Unknown;30 - 35  MPH;2013;Daylight;25-29