Geo Point;Geo Shape;BikeRace;City;BikePos;NumUnits;CrashHour;Locality;BikeSex;DrvrVehTyp;NumBikesNo;BikeAlcDrg;NumBikesBI;RteInvdCd;DrvrRace;Workzone;NumBikesCi;BikeAgeGrp;CrashType;RdDefects;CrashAlcoh;BikeAlcoho;RdConditio;DstncMiFrm;RuralUrban;HitRun;CrashDate;NumBikesUI;CrashTime;DrvrSex;DrvrAlcoho;Developmen;CrashSevr;AmbulanceR;DrvrInjury;OBJECTID;CrashMonth;NumBikesKi;RdCharacte;Region;BikeDir;TraffCntrl;CrashDay;CrashLoc;BikeAge;NumBikesTo;RdConfig;NumLanes;NumBikesAI;DrvrAlcDrg;OnRoad;RdSurface;Towrd_Rd;RdFeature;CrashGrp;RdClass;BikeInjury;County;DrvrAge;Weather;FrmRd;DrvrEstSpd;SpeedLimit;CrashYear;LightCond;DrvrAgeGrp
35.1883168739, -80.839403239;"{""type"": ""Point"", ""coordinates"": [-80.83940323901318, 35.18831687388723]}";White;Charlotte;Travel Lane;2;9;Urban (>70% Developed);Male;Passenger Car;0;#NULL!;0;0;White;No;0;40-49;Motorist Drive Through - Sign-Controlled Intersection;None;No;No;Dry;0;Urban;No;15SEP2013;0;9:30;Male;No;Residential;B: Evident Injury;Yes;O: No Injury;1484;September;0;Straight - Level;Piedmont;With Traffic;Stop Sign;Sunday;Intersection;44;0;Two-Way, Divided, Unprotected Median;6 lanes;0;#NULL!;QUEENS ROAD WEST;Smooth Asphalt;#NULL!;T-Intersection;Motorist Failed to Yield - Sign-Controlled Intersection;Local Street;B: Evident Injury;Mecklenburg;50;Clear;#NULL!;6-10 mph;5 - 15 MPH;2013;Daylight;50-59
35.9523470678, -79.9787030226;"{""type"": ""Point"", ""coordinates"": [-79.97870302262874, 35.95234706781828]}";Black;High Point;Travel Lane;2;20;Urban (>70% Developed);Male;Unknown;0;#NULL!;0;0;Unknown/Missing;No;0;40-49;Head-On - Bicyclist;None;No;No;Dry;0;Urban;Yes;28AUG2013;0;20:44;Unknown;No;Commercial;B: Evident Injury;Yes;Unknown Injury;1494;August;0;Straight - Level;Piedmont;Facing Traffic;No Control Present;Wednesday;Non-Intersection;47;0;Two-Way, Not Divided;2 lanes;0;#NULL!;CLISH PL;Smooth Asphalt;#NULL!;No Special Feature;Head-On;Local Street;B: Evident Injury;Guilford;Unknown;Clear;#NULL!;16-20 mph;30 - 35  MPH;2013;Dark - Roadway Not Lighted;Unknown
36.1385371079, -79.9679030304;"{""type"": ""Point"", ""coordinates"": [-79.96790303043727, 36.13853710789505]}";White;None - Rural Crash;Travel Lane;2;4;Mixed (30% To 70% Developed);Male;Tractor/Semi-Trailer;0;#NULL!;0;0;White;No;0;20-24;Head-On - Bicyclist;None;No;No;Dry;0;Rural;No;24SEP2013;0;4:16;Male;No;Residential;K: Killed;Yes;O: No Injury;1499;September;0;Straight - Level;Piedmont;Facing Traffic;No Control Present;Tuesday;Non-Intersection;20;0;Two-Way, Not Divided;2 lanes;0;#NULL!;NC 68;Coarse Asphalt;#NULL!;Related To Intersection;Head-On;NC Route;K: Killed;Guilford;62;Clear;#NULL!;46-50 mph;50 - 55  MPH;2013;Dark - Roadway Not Lighted;60-69
35.6912470542, -78.8339026632;"{""type"": ""Point"", ""coordinates"": [-78.8339026631769, 35.69124705417366]}";Black;Apex;Travel Lane;2;14;Urban (>70% Developed);Male;Passenger Car;0;#NULL!;0;0;Black;No;0;50-59;Bicyclist Left Turn - Same Direction;None;No;No;Dry;0;Urban;No;27SEP2013;0;14:27;Male;No;Residential;C: Possible Injury;Yes;O: No Injury;1500;September;0;Straight - Grade;Piedmont;With Traffic;No Control Present;Friday;Non-Intersection;50;0;Two-Way, Not Divided;2 lanes;0;#NULL!;E WILLIAMS ST;Smooth Asphalt;#NULL!;No Special Feature;Bicyclist Left Turn / Merge;Local Street;C: Possible Injury;Wake;23;Clear;#NULL!;31-35 mph;40 - 45  MPH;2013;Daylight;20-24
35.7851570795, -78.6756026207;"{""type"": ""Point"", ""coordinates"": [-78.67560262074998, 35.78515707949169]}";White;Raleigh;Travel Lane;2;8;Urban (>70% Developed);Male;Unknown;0;#NULL!;0;0;Unknown/Missing;No;0;25-29;Bicyclist Overtaking - Passing on Right;None;No;No;Dry;0;Urban;Yes;27OCT2011;0;8:15;Unknown;Missing;Institutional;C: Possible Injury;No;Unknown Injury;3547;October;0;Straight - Level;Piedmont;With Traffic;No Control Present;Thursday;Intersection-Related;28;0;Two-Way, Not Divided;2 lanes;0;#NULL!;#NULL!;Smooth Asphalt;#NULL!;No Special Feature;Bicyclist Overtaking Motorist;Local Street;C: Possible Injury;Wake;Unknown;Clear;#NULL!;Unknown;20 - 25  MPH;2011;Daylight;Unknown
36.2103670581, -81.6771035466;"{""type"": ""Point"", ""coordinates"": [-81.67710354660221, 36.21036705810208]}";White;Boone;Travel Lane;2;10;Urban (>70% Developed);Male;Sport Utility;0;#NULL!;0;0;White;No;0;25-29;Motorist Left Turn - Opposite Direction;None;No;No;Dry;0;Urban;No;12NOV2011;0;10:46;Male;No;Institutional;B: Evident Injury;No;O: No Injury;3551;November;0;Straight - Level;Mountains;With Traffic;No Control Present;Saturday;Non-Intersection;25;0;Two-Way, Not Divided;4 lanes;0;#NULL!;#NULL!;Coarse Asphalt;#NULL!;Other;Motorist Left Turn / Merge;Local Street;B: Evident Injury;Watauga;70+;Clear;#NULL!;0-5 mph;20 - 25  MPH;2011;Daylight;70+
35.5552768838, -82.6476037952;"{""type"": ""Point"", ""coordinates"": [-82.6476037952058, 35.55527688379977]}";White;Asheville;Travel Lane;2;20;Urban (>70% Developed);Male;Light Truck (Mini-Van, Panel);0;#NULL!;0;0;White;No;0;30-39;Motorist Overtaking - Undetected Bicyclist;None;No;No;Dry;0;Urban;No;29OCT2011;0;20:25;Male;No;Commercial;B: Evident Injury;Yes;O: No Injury;3552;October;0;Straight - Grade;Mountains;With Traffic;No Control Present;Saturday;Non-Intersection;33;0;Two-Way, Not Divided;2 lanes;0;#NULL!;#NULL!;Smooth Asphalt;#NULL!;No Special Feature;Motorist Overtaking Bicyclist;Local Street;B: Evident Injury;Buncombe;28;Clear;#NULL!;21-25 mph;30 - 35  MPH;2011;Dark - Roadway Not Lighted;25-29
35.5931168955, -82.5513037694;"{""type"": ""Point"", ""coordinates"": [-82.55130376936691, 35.593116895478154]}";White;Asheville;Travel Lane;2;13;Urban (>70% Developed);Male;Unknown;0;#NULL!;0;0;Unknown/Missing;Yes;0;25-29;Motorist Drive Out - Signalized Intersection;None;No;No;Dry;0;Urban;Yes;27OCT2011;0;13:30;Unknown;Missing;Commercial;C: Possible Injury;No;Unknown Injury;3553;October;0;Straight - Grade;Mountains;With Traffic;Double Yellow Line, No Passing Zone;Thursday;Intersection;26;0;Two-Way, Not Divided;4 lanes;0;#NULL!;#NULL!;Smooth Asphalt;#NULL!;No Special Feature;Motorist Failed to Yield - Signalized Intersection;US Route;C: Possible Injury;Buncombe;Unknown;Clear;#NULL!;11-15 mph;20 - 25  MPH;2011;Daylight;Unknown
35.78670708, -78.6640026164;"{""type"": ""Point"", ""coordinates"": [-78.664002616432, 35.78670707997559]}";Unknown/Missing;Raleigh;Travel Lane;2;14;Urban (>70% Developed);Unknown;Passenger Car;0;#NULL!;0;0;White;No;0;Unknown;Bicyclist Ride Through - Signalized Intersection;None;No;Missing;Dry;0;Urban;No;14NOV2011;0;14:12;Female;No;Commercial;O: No Injury;No;O: No Injury;3558;November;0;Straight - Level;Piedmont;Facing Traffic;Stop And Go Signal;Monday;Intersection;Unknown;0;Two-Way, Not Divided;2 lanes;0;#NULL!;#NULL!;Smooth Asphalt;#NULL!;Four-Way Intersection;Bicyclist Failed to Yield - Signalized Intersection;Unknown;Unknown Injury;Wake;22;Clear;#NULL!;0-5 mph;30 - 35  MPH;2011;Daylight;20-24
34.3195667906, -77.7682022722;"{""type"": ""Point"", ""coordinates"": [-77.76820227216889, 34.31956679059296]}";White;None - Rural Crash;Travel Lane;3;12;Rural (<30% Developed);Male;Van;0;#NULL!;0;0;White;No;0;30-39;Bicyclist Lost Control - Other / Unknown;None;No;No;Dry;0;Rural;No;06OCT2011;0;12:12;Female;No;Farms, Woods, Pastures;B: Evident Injury;No;O: No Injury;3561;October;0;Straight - Level;Coastal;With Traffic;No Control Present;Thursday;Non-Intersection;37;0;Two-Way, Divided, Unprotected Median;4 lanes;0;#NULL!;#NULL!;Coarse Asphalt;#NULL!;No Special Feature;Loss of Control / Turning Error;US Route;B: Evident Injury;Pender;59;Cloudy;#NULL!;41-45 mph;50 - 55  MPH;2011;Daylight;50-59
34.2439967718, -77.8377022893;"{""type"": ""Point"", ""coordinates"": [-77.8377022892833, 34.2439967717601]}";White;Wilmington;Travel Lane;2;17;Urban (>70% Developed);Female;Sport Utility;0;#NULL!;0;0;White;No;0;60-69;Motorist Drive Out - Sign-Controlled Intersection;None;No;No;Dry;0;Urban;No;26OCT2011;0;17:26;Female;No;Residential;A: Disabling Injury;Yes;O: No Injury;3565;October;0;Straight - Level;Coastal;With Traffic;Yield Sign;Wednesday;Intersection;67;0;Two-Way, Not Divided;2 lanes;0;#NULL!;#NULL!;Coarse Asphalt;#NULL!;Four-Way Intersection;Motorist Failed to Yield - Sign-Controlled Intersection;Local Street;A: Disabling Injury;New Hanover;49;Clear;#NULL!;6-10 mph;20 - 25  MPH;2011;Daylight;40-49
34.2193967654, -77.8717022992;"{""type"": ""Point"", ""coordinates"": [-77.8717022991864, 34.21939676539056]}";White;Wilmington;Non-Roadway;2;9;Urban (>70% Developed);Female;Passenger Car;0;#NULL!;0;0;White;No;0;16-19;Non-Roadway;None;No;No;Dry;0;Urban;No;28OCT2011;0;9:10;Female;No;Institutional;B: Evident Injury;No;O: No Injury;3569;October;0;Straight - Level;Coastal;Not Applicable;No Control Present;Friday;Non-Roadway;18;0;Two-Way, Not Divided;2 lanes;0;#NULL!;#NULL!;Smooth Asphalt;#NULL!;No Special Feature;Non-Roadway;Public Vehicular Area;B: Evident Injury;New Hanover;45;Cloudy;#NULL!;0-5 mph;5 - 15 MPH;2011;Daylight;40-49
35.7257470624, -78.792602653;"{""type"": ""Point"", ""coordinates"": [-78.79260265296732, 35.72574706244293]}";White;Cary;Travel Lane;2;13;Urban (>70% Developed);Female;Passenger Car;0;#NULL!;0;0;White;No;0;40-49;Motorist Left Turn - Opposite Direction;None;No;No;Dry;0;Urban;No;01NOV2011;0;13:04;Male;No;Residential;B: Evident Injury;Yes;O: No Injury;3572;November;0;Curve - Bottom;Piedmont;With Traffic;Stop Sign;Tuesday;Intersection;49;0;Two-Way, Not Divided;5 lanes;0;#NULL!;#NULL!;Smooth Asphalt;#NULL!;T-Intersection;Motorist Left Turn / Merge;State Secondary Route;B: Evident Injury;Wake;42;Clear;#NULL!;11-15 mph;40 - 45  MPH;2011;Daylight;40-49
36.1502371153, -79.8355029909;"{""type"": ""Point"", ""coordinates"": [-79.83550299085906, 36.15023711528444]}";White;Greensboro;Travel Lane;2;22;Mixed (30% To 70% Developed);Male;Passenger Car;0;#NULL!;0;0;Black;No;0;50-59;Motorist Overtaking - Other / Unknown;None;No;No;Dry;0;Urban;No;01NOV2011;0;22:28;Male;No;Residential;C: Possible Injury;No;O: No Injury;3575;November;0;Straight - Level;Piedmont;With Traffic;No Control Present;Tuesday;Non-Intersection;52;0;Two-Way, Divided, Unprotected Median;4 lanes;0;#NULL!;#NULL!;Smooth Asphalt;#NULL!;No Special Feature;Motorist Overtaking Bicyclist;Local Street;C: Possible Injury;Guilford;19;Clear;#NULL!;31-35 mph;30 - 35  MPH;2011;Dark - Lighted Roadway;0-19
36.0648570978, -79.8152029803;"{""type"": ""Point"", ""coordinates"": [-79.81520298032127, 36.06485709777841]}";White;Greensboro;Sidewalk / Crosswalk / Driveway Crossing;2;12;Urban (>70% Developed);Female;Passenger Car;0;#NULL!;0;0;Black;No;0;20-24;Motorist Left Turn - Opposite Direction;Unknown;No;No;Dry;0;Urban;No;01NOV2011;0;12:30;Female;No;Commercial;C: Possible Injury;Yes;O: No Injury;3576;November;0;Straight - Bottom;Piedmont;With Traffic;No Control Present;Tuesday;Intersection;22;0;Two-Way, Not Divided;4 lanes;0;#NULL!;#NULL!;Smooth Asphalt;#NULL!;No Special Feature;Motorist Left Turn / Merge;Local Street;C: Possible Injury;Guilford;21;Clear;#NULL!;0-5 mph;20 - 25  MPH;2011;Daylight;20-24
35.5141370334, -78.3308025017;"{""type"": ""Point"", ""coordinates"": [-78.33080250168742, 35.514137033361294]}";Black;Smithfield;Sidewalk / Crosswalk / Driveway Crossing;2;18;Urban (>70% Developed);Male;Sport Utility;0;#NULL!;0;0;White;No;0;50-59;Signalized Intersection - Other / Unknown;None;No;No;Dry;0;Urban;No;03NOV2011;0;18:15;Male;No;Commercial;O: No Injury;No;O: No Injury;3579;November;0;Straight - Level;Coastal;Facing Traffic;Stop And Go Signal;Thursday;Intersection;50;0;Two-Way, Not Divided;3 lanes;0;#NULL!;#NULL!;Coarse Asphalt;#NULL!;Four-Way Intersection;Crossing Paths - Other Circumstances;Local Street;O: No Injury;Johnston;61;Clear;#NULL!;Unknown;30 - 35  MPH;2011;Daylight;60-69
35.7495270983, -77.9167023882;"{""type"": ""Point"", ""coordinates"": [-77.9167023881754, 35.74952709825477]}";Black;Wilson;Travel Lane;2;12;Urban (>70% Developed);Male;Passenger Car;0;#NULL!;0;0;Black;No;0;20-24;Motorist Turning Error - Right Turn;Road Surface Condition;No;No;Dry;0;Urban;No;23OCT2011;0;12:30;Female;No;Residential;C: Possible Injury;Yes;O: No Injury;3588;October;0;Straight - Level;Coastal;With Traffic;Stop Sign;Sunday;Intersection-Related;21;0;Two-Way, Not Divided;3 lanes;0;#NULL!;#NULL!;Coarse Asphalt;#NULL!;T-Intersection;Loss of Control / Turning Error;Local Street;C: Possible Injury;Wilson;19;Clear;#NULL!;0-5 mph;30 - 35  MPH;2011;Daylight;0-19
36.3825771956, -78.9878027479;"{""type"": ""Point"", ""coordinates"": [-78.98780274789483, 36.382577195596646]}";Unknown/Missing;Roxboro;.;2;19;Rural (<30% Developed);Unknown;Passenger Car;0;#NULL!;0;0;White;No;0;Unknown;.;None;No;Missing;Dry;0;Urban;No;07OCT2011;0;19:30;Female;No;Residential;C: Possible Injury;Yes;O: No Injury;3593;October;0;Straight - Level;Piedmont;.;Stop Sign;Friday;.;Unknown;0;Two-Way, Not Divided;4 lanes;0;#NULL!;#NULL!;Smooth Asphalt;#NULL!;No Special Feature;.;Local Street;Unknown Injury;Person;39;Clear;#NULL!;11-15 mph;30 - 35  MPH;2011;Dark - Lighted Roadway;30-39
35.7902270852, -78.5475025817;"{""type"": ""Point"", ""coordinates"": [-78.54750258173524, 35.79022708517568]}";Black;Raleigh;Travel Lane;2;19;Urban (>70% Developed);Male;Passenger Car;0;#NULL!;0;0;Black;No;0;16-19;Motorist Drive Out - Sign-Controlled Intersection;None;No;No;Dry;0;Urban;No;01DEC2011;0;19:11;Male;No;Residential;C: Possible Injury;Yes;O: No Injury;3595;December;0;Straight - Level;Piedmont;Unknown;Stop Sign;Thursday;Intersection;16;0;Two-Way, Divided, Unprotected Median;2 lanes;0;#NULL!;#NULL!;Smooth Asphalt;#NULL!;T-Intersection;Motorist Failed to Yield - Sign-Controlled Intersection;Local Street;C: Possible Injury;Wake;20;Clear;#NULL!;16-20 mph;30 - 35  MPH;2011;Dark - Lighted Roadway;20-24
36.0623170975, -79.8154029803;"{""type"": ""Point"", ""coordinates"": [-79.81540298032652, 36.062317097461474]}";White;Greensboro;Sidewalk / Crosswalk / Driveway Crossing;2;18;Urban (>70% Developed);Male;Passenger Car;0;#NULL!;0;0;White;No;0;20-24;Bicyclist Failed to Clear - Trapped;None;No;No;Wet;0;Urban;No;16NOV2011;0;18:42;Female;No;Commercial;C: Possible Injury;No;O: No Injury;3599;November;0;Straight - Grade;Piedmont;With Traffic;Stop And Go Signal;Wednesday;Intersection;23;0;Two-Way, Divided, Unprotected Median;6 lanes;0;#NULL!;#NULL!;Smooth Asphalt;#NULL!;Related To Intersection;Bicyclist Failed to Yield - Signalized Intersection;Local Street;C: Possible Injury;Guilford;58;Rain;#NULL!;0-5 mph;30 - 35  MPH;2011;Dark - Lighted Roadway;50-59
34.2399267704, -77.8535022945;"{""type"": ""Point"", ""coordinates"": [-77.85350229454623, 34.23992677043893]}";White;Wilmington;Sidewalk / Crosswalk / Driveway Crossing;2;1;Urban (>70% Developed);Male;Passenger Car;0;#NULL!;0;0;White;No;0;30-39;Motorist Lost Control - Alcohol / Drug Impairment;None;Yes;No;Dry;0;Urban;No;13NOV2011;0;1:50;Male;Yes;Residential;C: Possible Injury;Yes;C: Possible Injury;3603;November;0;Straight - Level;Coastal;With Traffic;No Control Present;Sunday;Non-Intersection;32;0;Two-Way, Divided, Unprotected Median;4 lanes;0;#NULL!;#NULL!;Smooth Asphalt;#NULL!;No Special Feature;Loss of Control / Turning Error;US Route;C: Possible Injury;New Hanover;21;Clear;#NULL!;81-85 mph;40 - 45  MPH;2011;Dark - Lighted Roadway;20-24
35.5964268962, -82.5531037703;"{""type"": ""Point"", ""coordinates"": [-82.55310377027499, 35.59642689624609]}";White;Asheville;Travel Lane;2;11;Urban (>70% Developed);Male;Passenger Car;0;#NULL!;0;0;White;No;0;20-24;Bicyclist Lost Control - Mechanical Problems;None;No;No;Dry;0;Urban;No;15NOV2011;0;11:42;Male;No;Commercial;B: Evident Injury;Yes;O: No Injury;3605;November;0;Straight - Grade;Mountains;With Traffic;Stop And Go Signal;Tuesday;Intersection;23;0;Two-Way, Not Divided;2 lanes;0;#NULL!;#NULL!;Smooth Asphalt;#NULL!;No Special Feature;Loss of Control / Turning Error;Local Street;B: Evident Injury;Buncombe;70+;Cloudy;#NULL!;21-25 mph;30 - 35  MPH;2011;Daylight;70+
35.9262271135, -78.5683025952;"{""type"": ""Point"", ""coordinates"": [-78.56830259521803, 35.92622711347356]}";White;Raleigh;Sidewalk / Crosswalk / Driveway Crossing;2;18;Urban (>70% Developed);Female;Passenger Car;0;#NULL!;0;0;White;No;0;50-59;Motorist Drive Out - Commercial Driveway / Alley;None;No;No;Dry;0;Urban;No;13DEC2011;0;18:19;Male;No;Residential;B: Evident Injury;No;O: No Injury;3613;December;0;Straight - Grade;Piedmont;With Traffic;No Control Present;Tuesday;Non-Intersection;56;0;Two-Way, Not Divided;1 lane;0;#NULL!;#NULL!;Coarse Asphalt;#NULL!;Driveway, Private;Motorist Failed to Yield - Midblock;Local Street;B: Evident Injury;Wake;47;Clear;#NULL!;0-5 mph;5 - 15 MPH;2011;Daylight;40-49
35.2247468798, -80.9025032593;"{""type"": ""Point"", ""coordinates"": [-80.90250325926168, 35.224746879769974]}";Black;None - Rural Crash;Travel Lane;2;4;Urban (>70% Developed);Male;Passenger Car;0;#NULL!;0;0;White;No;0;30-39;Motorist Overtaking - Undetected Bicyclist;None;No;No;Dry;0;Rural;No;14DEC2011;0;4:53;Male;No;Commercial;B: Evident Injury;Yes;O: No Injury;3616;December;0;Straight - Level;Piedmont;With Traffic;No Control Present;Wednesday;Intersection-Related;31;0;Two-Way, Divided, Positive Median Barrier;6 lanes;0;#NULL!;#NULL!;Smooth Asphalt;#NULL!;No Special Feature;Motorist Overtaking Bicyclist;Local Street;B: Evident Injury;Mecklenburg;27;Clear;#NULL!;41-45 mph;40 - 45  MPH;2011;Dark - Lighted Roadway;25-29
34.234106769, -77.8411022904;"{""type"": ""Point"", ""coordinates"": [-77.84110229039048, 34.23410676897872]}";White;Wilmington;Sidewalk / Crosswalk / Driveway Crossing;2;13;Urban (>70% Developed);Male;Passenger Car;0;#NULL!;0;0;White;No;0;20-24;Bicyclist Ride Through - Signalized Intersection;Unknown;No;No;Dry;0;Urban;No;26NOV2011;0;13:50;Male;No;Residential;C: Possible Injury;Yes;O: No Injury;3618;November;0;Straight - Level;Coastal;Facing Traffic;Stop And Go Signal;Saturday;Intersection;21;0;Two-Way, Not Divided;2 lanes;0;#NULL!;#NULL!;Smooth Asphalt;#NULL!;Related To Intersection;Bicyclist Failed to Yield - Signalized Intersection;Local Street;C: Possible Injury;New Hanover;36;Clear;#NULL!;0-5 mph;20 - 25  MPH;2011;Daylight;30-39
33.9011566738, -78.4885024702;"{""type"": ""Point"", ""coordinates"": [-78.48850247019293, 33.901156673809716]}";White;None - Rural Crash;Travel Lane;2;23;Mixed (30% To 70% Developed);Female;Pickup;0;#NULL!;0;0;White;No;0;25-29;Motorist Overtaking - Misjudged Space;None;Yes;Yes;Dry;0;Rural;No;17NOV2011;0;23:36;Male;No;Farms, Woods, Pastures;B: Evident Injury;Yes;O: No Injury;3625;November;0;Straight - Level;Coastal;With Traffic;Double Yellow Line, No Passing Zone;Thursday;Non-Intersection;25;0;Two-Way, Not Divided;3 lanes;0;#NULL!;#NULL!;Coarse Asphalt;#NULL!;No Special Feature;Motorist Overtaking Bicyclist;NC Route;B: Evident Injury;Brunswick;52;Clear;#NULL!;41-45 mph;40 - 45  MPH;2011;Dark - Roadway Not Lighted;50-59
35.2781168898, -80.9374032723;"{""type"": ""Point"", ""coordinates"": [-80.93740327231401, 35.278116889844334]}";White;Charlotte;Travel Lane;2;9;Urban (>70% Developed);Male;Pickup;0;#NULL!;0;0;White;No;0;50-59;Motorist Left Turn - Opposite Direction;None;No;No;Wet;0;Urban;No;21DEC2011;0;9:21;Male;No;Industrial;A: Disabling Injury;No;O: No Injury;3630;December;0;Straight - Level;Piedmont;With Traffic;Stop And Go Signal;Wednesday;Intersection;54;0;Two-Way, Not Divided;2 lanes;0;#NULL!;#NULL!;Smooth Asphalt;#NULL!;Four-Way Intersection;Motorist Left Turn / Merge;Local Street;A: Disabling Injury;Mecklenburg;36;Rain;#NULL!;6-10 mph;30 - 35  MPH;2011;Daylight;30-39
35.9730870714, -80.0018030307;"{""type"": ""Point"", ""coordinates"": [-80.0018030306598, 35.97308707142543]}";Black;High Point;Sidewalk / Crosswalk / Driveway Crossing;2;17;Urban (>70% Developed);Male;Passenger Car;0;#NULL!;0;0;Black;No;0;20-24;Motorist Right Turn - Opposite Direction;None;No;No;Dry;0;Urban;No;12DEC2011;0;17:21;Male;No;Commercial;C: Possible Injury;Yes;O: No Injury;3640;December;0;Straight - Bottom;Piedmont;Facing Traffic;Stop Sign;Monday;Intersection;21;0;Two-Way, Not Divided;5 lanes;0;#NULL!;#NULL!;Smooth Asphalt;#NULL!;No Special Feature;Motorist Right Turn / Merge;State Secondary Route;C: Possible Injury;Guilford;70+;Clear;#NULL!;6-10 mph;30 - 35  MPH;2011;Daylight;70+
34.2465967708, -77.8674022983;"{""type"": ""Point"", ""coordinates"": [-77.86740229830012, 34.24659677084992]}";White;Wilmington;Travel Lane;2;16;Urban (>70% Developed);Male;Van;0;#NULL!;0;0;Black;No;0;50-59;Motorist Left Turn - Opposite Direction;None;No;No;Dry;0;Urban;No;20DEC2011;0;16:15;Male;No;Commercial;C: Possible Injury;Yes;O: No Injury;3647;December;0;Straight - Level;Coastal;With Traffic;No Control Present;Tuesday;Intersection;52;0;Two-Way, Divided, Unprotected Median;4 lanes;0;#NULL!;#NULL!;Smooth Asphalt;#NULL!;No Special Feature;Motorist Left Turn / Merge;Local Street;C: Possible Injury;New Hanover;62;Clear;#NULL!;11-15 mph;40 - 45  MPH;2011;Daylight;60-69
36.1113471073, -79.8313029879;"{""type"": ""Point"", ""coordinates"": [-79.83130298789779, 36.11134710727717]}";White;Greensboro;Travel Lane;2;15;Urban (>70% Developed);Male;Passenger Car;0;#NULL!;0;0;White;No;0;40-49;Motorist Right Turn - Same Direction;None;No;No;Dry;0;Urban;No;23DEC2011;0;15:34;Female;No;Commercial;C: Possible Injury;Yes;O: No Injury;3657;December;0;Straight - Level;Piedmont;With Traffic;No Control Present;Friday;Non-Intersection;40;0;Two-Way, Not Divided;5 lanes;0;#NULL!;#NULL!;Smooth Asphalt;#NULL!;No Special Feature;Motorist Right Turn / Merge;Local Street;C: Possible Injury;Guilford;28;Clear;#NULL!;0-5 mph;40 - 45  MPH;2011;Daylight;25-29
36.0652970981, -79.8128029797;"{""type"": ""Point"", ""coordinates"": [-79.81280297972363, 36.065297098130785]}";White;Greensboro;Travel Lane;2;11;Urban (>70% Developed);Female;Unknown;0;#NULL!;0;0;Unknown/Missing;No;0;25-29;Motorist Right Turn - Same Direction;None;No;No;Dry;0;Urban;Yes;21FEB2011;0;11:48;Unknown;Missing;Institutional;O: No Injury;No;Unknown Injury;3665;February;0;Straight - Grade;Piedmont;With Traffic;Stop And Go Signal;Monday;Intersection;27;0;Two-Way, Divided, Positive Median Barrier;2 lanes;0;#NULL!;#NULL!;Smooth Asphalt;#NULL!;Four-Way Intersection;Motorist Right Turn / Merge;Local Street;O: No Injury;Guilford;Unknown;Clear;#NULL!;Unknown;Unknown;2011;Daylight;Unknown
35.0190369131, -78.7181225931;"{""type"": ""Point"", ""coordinates"": [-78.71812259305123, 35.01903691305037]}";White;None - Rural Crash;Travel Lane;2;18;Mixed (30% To 70% Developed);Male;Pickup;0;#NULL!;0;0;White;No;0;60-69;Motorist Overtaking - Bicyclist Swerved;None;No;No;Dry;0;Rural;No;15JAN2010;0;18:55;Male;No;Farms, Woods, Pastures;C: Possible Injury;No;O: No Injury;3674;January;0;Straight - Level;Coastal;With Traffic;Double Yellow Line, No Passing Zone;Friday;Non-Intersection;61;0;Two-Way, Not Divided;2 lanes;0;#NULL!;#NULL!;Coarse Asphalt;#NULL!;No Special Feature;Motorist Overtaking Bicyclist;NC Route;C: Possible Injury;Cumberland;44;Clear;#NULL!;51-55 mph;50 - 55  MPH;2010;Dark - Roadway Not Lighted;40-49
35.791805077, -78.7833226531;"{""type"": ""Point"", ""coordinates"": [-78.7833226531172, 35.79180507700424]}";White;Cary;Sidewalk / Crosswalk / Driveway Crossing;2;18;Urban (>70% Developed);Male;Passenger Car;0;#NULL!;0;0;Asian;No;0;11-15;Bicyclist Ride Out - Signalized  Intersection;None;No;No;Dry;0;Urban;No;16JAN2010;0;18:37;Male;No;Commercial;C: Possible Injury;Yes;O: No Injury;3675;January;0;Straight - Level;Piedmont;Facing Traffic;Stop And Go Signal;Saturday;Intersection;12;0;Two-Way, Not Divided;3 lanes;0;#NULL!;#NULL!;Smooth Asphalt;#NULL!;Four-Way Intersection;Bicyclist Failed to Yield - Signalized Intersection;State Secondary Route;C: Possible Injury;Wake;43;Clear;#NULL!;21-25 mph;30 - 35  MPH;2010;Dark - Lighted Roadway;40-49
35.0297808473, -80.6337631684;"{""type"": ""Point"", ""coordinates"": [-80.63376316842186, 35.029780847288]}";White;Indian Trail;Travel Lane;2;9;Urban (>70% Developed);Male;Pickup;0;#NULL!;0;0;White;No;0;30-39;Motorist Left Turn - Opposite Direction;None;No;No;Dry;0;Urban;No;20JAN2010;0;9:51;Male;No;Commercial;B: Evident Injury;Yes;O: No Injury;3677;January;0;Straight - Level;Piedmont;With Traffic;Double Yellow Line, No Passing Zone;Wednesday;Intersection;34;0;Two-Way, Not Divided;2 lanes;0;#NULL!;#NULL!;Smooth Asphalt;#NULL!;Four-Way Intersection;Motorist Left Turn / Merge;State Secondary Route;B: Evident Injury;Union;64;Clear;#NULL!;11-15 mph;30 - 35  MPH;2010;Daylight;60-69
36.0511511278, -78.9116087061;"{""type"": ""Point"", ""coordinates"": [-78.9116087060591, 36.05115112778716]}";Black;Durham;Travel Lane;2;20;Urban (>70% Developed);Male;Passenger Car;0;#NULL!;0;0;Unknown/Missing;No;0;11-15;Non-Roadway;None;No;No;Dry;0;Urban;Yes;25JAN2010;0;20:20;Unknown;Missing;Residential;O: No Injury;No;Unknown Injury;3680;January;0;Straight - Level;Piedmont;Not Applicable;No Control Present;Monday;Non-Roadway;14;0;Two-Way, Not Divided;Unknown;0;#NULL!;#NULL!;Smooth Asphalt;#NULL!;No Special Feature;Non-Roadway;Public Vehicular Area;O: No Injury;Durham;Unknown;Clear;#NULL!;0-5 mph;5 - 15 MPH;2010;Dark - Lighted Roadway;Unknown