Geo Point;Geo Shape;BikeRace;City;BikePos;NumUnits;CrashHour;Locality;BikeSex;DrvrVehTyp;NumBikesNo;BikeAlcDrg;NumBikesBI;RteInvdCd;DrvrRace;Workzone;NumBikesCi;BikeAgeGrp;CrashType;RdDefects;CrashAlcoh;BikeAlcoho;RdConditio;DstncMiFrm;RuralUrban;HitRun;CrashDate;NumBikesUI;CrashTime;DrvrSex;DrvrAlcoho;Developmen;CrashSevr;AmbulanceR;DrvrInjury;OBJECTID;CrashMonth;NumBikesKi;RdCharacte;Region;BikeDir;TraffCntrl;CrashDay;CrashLoc;BikeAge;NumBikesTo;RdConfig;NumLanes;NumBikesAI;DrvrAlcDrg;OnRoad;RdSurface;Towrd_Rd;RdFeature;CrashGrp;RdClass;BikeInjury;County;DrvrAge;Weather;FrmRd;DrvrEstSpd;SpeedLimit;CrashYear;LightCond;DrvrAgeGrp
35.8503221428, -77.2480571898;"{""type"": ""Point"", ""coordinates"": [-77.24805718978749, 35.85032214279187]}";Black;None - Rural Crash;Bike Lane / Paved Shoulder;2;18;Rural (<30% Developed);Male;Pickup;0;#NULL!;0;0;White;No;0;40-49;Motorist Overtaking - Misjudged Space;None;No;No;Dry;0;Rural;No;28JAN2010;0;18:40;Male;No;Farms, Woods, Pastures;C: Possible Injury;Yes;O: No Injury;3681;January;0;Straight - Level;Coastal;With Traffic;No Control Present;Thursday;Non-Intersection;47;0;Two-Way, Not Divided;2 lanes;0;#NULL!;#NULL!;Coarse Asphalt;#NULL!;No Special Feature;Motorist Overtaking Bicyclist;NC Route;C: Possible Injury;Martin;23;Clear;#NULL!;51-55 mph;50 - 55  MPH;2010;Dark - Roadway Not Lighted;20-24
34.2316567621, -78.0565523546;"{""type"": ""Point"", ""coordinates"": [-78.05655235461242, 34.23165676206595]}";White;None - Rural Crash;Travel Lane;2;18;Rural (<30% Developed);Male;Single Unit Truck (2-Axle, 6-Tire);0;#NULL!;0;0;White;No;0;50-59;Bicyclist Ride Out - Parallel Path;None;Yes;Yes;Dry;0;Rural;No;11JAN2010;0;18:17;Male;No;Farms, Woods, Pastures;B: Evident Injury;Yes;O: No Injury;3684;January;0;Curve - Level;Coastal;With Traffic;Double Yellow Line, No Passing Zone;Monday;Non-Intersection;50;0;Two-Way, Not Divided;2 lanes;0;#NULL!;#NULL!;Smooth Asphalt;#NULL!;No Special Feature;Parallel Paths - Other Circumstances;State Secondary Route;B: Evident Injury;Brunswick;40;Clear;#NULL!;41-45 mph;50 - 55  MPH;2010;Dark - Roadway Not Lighted;40-49
36.488557189, -79.7531129847;"{""type"": ""Point"", ""coordinates"": [-79.75311298473216, 36.48855718904609]}";White;Eden;Travel Lane;2;12;Urban (>70% Developed);Male;Passenger Car;0;#NULL!;0;0;White;No;0;11-15;Head-On - Bicyclist;None;No;No;Dry;0;Urban;No;25JAN2010;0;12:36;Female;No;Residential;C: Possible Injury;Yes;O: No Injury;3689;January;0;Straight - Level;Piedmont;With Traffic;No Control Present;Monday;Non-Intersection;14;0;Two-Way, Not Divided;2 lanes;0;#NULL!;#NULL!;Smooth Asphalt;#NULL!;No Special Feature;Head-On;Local Street;C: Possible Injury;Rockingham;27;Clear;#NULL!;0-5 mph;20 - 25  MPH;2010;Daylight;25-29
35.7862730752, -78.8100726612;"{""type"": ""Point"", ""coordinates"": [-78.81007266122259, 35.786273075214275]}";White;Cary;Sidewalk / Crosswalk / Driveway Crossing;2;22;Urban (>70% Developed);Male;Sport Utility;0;#NULL!;0;0;White;No;0;11-15;Motorist Left Turn - Opposite Direction;Other;No;No;Dry;0;Urban;No;06FEB2010;0;22:44;Male;No;Commercial;O: No Injury;No;O: No Injury;3691;February;0;Straight - Grade;Piedmont;With Traffic;No Control Present;Saturday;Intersection;14;0;Two-Way, Not Divided;2 lanes;0;#NULL!;#NULL!;Smooth Asphalt;#NULL!;Driveway, Public;Motorist Left Turn / Merge;Public Vehicular Area;O: No Injury;Wake;25;Clear;#NULL!;11-15 mph;5 - 15 MPH;2010;Dark - Lighted Roadway;25-29
35.9167570945, -79.0433377385;"{""type"": ""Point"", ""coordinates"": [-79.0433377385314, 35.916757094547236]}";White;Chapel Hill;Travel Lane;2;18;Urban (>70% Developed);Male;Unknown;0;#NULL!;0;0;Unknown/Missing;No;0;30-39;Motorist Right Turn - Same Direction;None;No;No;Wet;0;Urban;Yes;21JAN2010;0;18:00;Unknown;Missing;Residential;C: Possible Injury;Yes;Unknown Injury;3696;January;0;Straight - Grade;Piedmont;With Traffic;No Control Present;Thursday;Non-Intersection;31;0;Two-Way, Not Divided;4 lanes;0;#NULL!;#NULL!;Smooth Asphalt;#NULL!;No Special Feature;Motorist Right Turn / Merge;Local Street;C: Possible Injury;Orange;Unknown;Rain;#NULL!;Unknown;30 - 35  MPH;2010;Dark - Lighted Roadway;Unknown
35.5904840829, -77.3679622121;"{""type"": ""Point"", ""coordinates"": [-77.36796221213244, 35.59048408292598]}";White;Greenville;Unknown;2;13;Urban (>70% Developed);Male;Truck/Trailer;0;#NULL!;0;0;White;No;0;30-39;Crossing Paths - Midblock - Other / Unknown;None;No;No;Wet;0;Urban;No;22JAN2010;0;13:45;Male;No;Institutional;O: No Injury;No;O: No Injury;3702;January;0;Straight - Level;Coastal;Facing Traffic;Stop Sign;Friday;Non-Intersection;30;0;Two-Way, Not Divided;Unknown;0;#NULL!;#NULL!;Smooth Asphalt;#NULL!;No Special Feature;Crossing Paths - Other Circumstances;Public Vehicular Area;O: No Injury;Pitt;58;Rain;#NULL!;0-5 mph;Unknown;2010;Daylight;50-59
36.0504070951, -79.7980729744;"{""type"": ""Point"", ""coordinates"": [-79.79807297441077, 36.050407095101725]}";Black;Greensboro;Travel Lane;2;14;Urban (>70% Developed);Male;Passenger Car;0;#NULL!;0;0;Black;No;0;50-59;Bicyclist Left Turn - Same Direction;None;Yes;Yes;Wet;0;Urban;No;03FEB2010;0;14:13;Female;No;Residential;B: Evident Injury;Yes;O: No Injury;3708;February;0;Straight - Level;Piedmont;With Traffic;No Control Present;Wednesday;Non-Intersection;53;0;Two-Way, Divided, Positive Median Barrier;6 lanes;0;#NULL!;#NULL!;Smooth Asphalt;#NULL!;No Special Feature;Bicyclist Left Turn / Merge;Local Street;B: Evident Injury;Guilford;31;Clear;#NULL!;36-40 mph;30 - 35  MPH;2010;Daylight;30-39
35.1750748754, -80.7185232017;"{""type"": ""Point"", ""coordinates"": [-80.71852320168574, 35.17507487537204]}";Hispanic;Charlotte;Other;2;17;Urban (>70% Developed);Male;Sport Utility;0;#NULL!;0;0;Black;No;0;60-69;Motorist Overtaking - Bicyclist Swerved;None;No;No;Dry;0;Urban;No;11FEB2010;0;17:44;Male;No;Residential;B: Evident Injury;No;C: Possible Injury;3709;February;0;Straight - Level;Piedmont;With Traffic;No Control Present;Thursday;Non-Intersection;61;0;Two-Way, Not Divided;2 lanes;0;#NULL!;#NULL!;Smooth Asphalt;#NULL!;No Special Feature;Motorist Overtaking Bicyclist;Local Street;B: Evident Injury;Mecklenburg;45;Clear;#NULL!;21-25 mph;40 - 45  MPH;2010;Daylight;40-49
35.0715899178, -78.8943626494;"{""type"": ""Point"", ""coordinates"": [-78.89436264937127, 35.07158991781588]}";Black;Fayetteville;Sidewalk / Crosswalk / Driveway Crossing;2;13;Urban (>70% Developed);Male;Passenger Car;0;#NULL!;0;0;Black;No;0;50-59;Bicyclist Ride Out - Signalized  Intersection;None;No;No;Dry;0;Urban;No;23FEB2010;0;13:04;Female;No;Institutional;O: No Injury;No;O: No Injury;3713;February;0;Straight - Level;Coastal;Facing Traffic;Stop And Go Signal;Tuesday;Intersection;50;0;Two-Way, Divided, Unprotected Median;4 lanes;0;#NULL!;#NULL!;Smooth Asphalt;#NULL!;Four-Way Intersection;Bicyclist Failed to Yield - Signalized Intersection;Local Street;O: No Injury;Cumberland;50;Clear;#NULL!;11-15 mph;20 - 25  MPH;2010;Daylight;50-59
35.8204370892, -78.6262626076;"{""type"": ""Point"", ""coordinates"": [-78.6262626075898, 35.820437089185354]}";Hispanic;Raleigh;Sidewalk / Crosswalk / Driveway Crossing;2;17;Urban (>70% Developed);Male;Passenger Car;0;#NULL!;0;0;White;No;0;30-39;Motorist Drive Out - Sign-Controlled Intersection;None;No;No;Dry;0;Urban;No;04FEB2010;0;17:40;Male;No;Commercial;O: No Injury;No;O: No Injury;3714;February;0;Straight - Level;Piedmont;Facing Traffic;Stop Sign;Thursday;Intersection;34;0;Two-Way, Not Divided;2 lanes;0;#NULL!;#NULL!;Smooth Asphalt;#NULL!;T-Intersection;Motorist Failed to Yield - Sign-Controlled Intersection;Local Street;O: No Injury;Wake;60;Clear;#NULL!;Unknown;5 - 15 MPH;2010;Daylight;60-69
35.6039870817, -77.4684162442;"{""type"": ""Point"", ""coordinates"": [-77.46841624421855, 35.60398708172707]}";White;None - Rural Crash;Travel Lane;2;15;Urban (>70% Developed);Male;Sport Utility;0;#NULL!;0;0;Black;No;0;16-19;Bicyclist Right Turn - Same Direction;None;No;No;Dry;0;Rural;No;20JAN2010;0;15:18;Female;No;Farms, Woods, Pastures;A: Disabling Injury;Yes;O: No Injury;3718;January;0;Straight - Level;Coastal;Facing Traffic;Double Yellow Line, No Passing Zone;Wednesday;Non-Intersection;16;0;Two-Way, Not Divided;2 lanes;0;#NULL!;#NULL!;Coarse Asphalt;#NULL!;No Special Feature;Bicyclist Right Turn / Merge;State Secondary Route;A: Disabling Injury;Pitt;48;Clear;#NULL!;Unknown;Unknown;2010;Daylight;40-49
35.0800239783, -77.1616521247;"{""type"": ""Point"", ""coordinates"": [-77.16165212470396, 35.08002397825493]}";White;None - Rural Crash;Travel Lane;2;16;Mixed (30% To 70% Developed);Male;Passenger Car;0;#NULL!;0;0;White;No;0;50-59;Motorist Overtaking - Misjudged Space;None;No;No;Dry;0;Rural;No;07FEB2010;0;16:18;Female;No;Residential;C: Possible Injury;No;O: No Injury;3719;February;0;Straight - Level;Coastal;With Traffic;No Control Present;Sunday;Non-Intersection;56;0;Two-Way, Divided, Unprotected Median;4 lanes;0;#NULL!;#NULL!;Coarse Asphalt;#NULL!;No Special Feature;Motorist Overtaking Bicyclist;US Route;C: Possible Injury;Craven;37;Clear;#NULL!;51-55 mph;50 - 55  MPH;2010;Daylight;30-39
34.1460967476, -77.8947623027;"{""type"": ""Point"", ""coordinates"": [-77.89476230270876, 34.14609674755518]}";White;None - Rural Crash;Travel Lane;2;20;Urban (>70% Developed);Female;Passenger Car;0;#NULL!;0;0;White;No;0;20-24;Non-Roadway;None;No;No;Dry;0;Rural;No;18FEB2010;0;20:15;Male;No;Commercial;B: Evident Injury;Yes;O: No Injury;3723;February;0;Curve - Level;Coastal;Not Applicable;Other;Thursday;Non-Roadway;21;0;Two-Way, Not Divided;Unknown;0;#NULL!;#NULL!;Coarse Asphalt;#NULL!;Driveway, Public;Non-Roadway;Public Vehicular Area;B: Evident Injury;New Hanover;36;Clear;#NULL!;6-10 mph;Unknown;2010;Dark - Lighted Roadway;30-39
35.2132448795, -80.833723238;"{""type"": ""Point"", ""coordinates"": [-80.83372323800795, 35.21324487948332]}";White;Charlotte;Sidewalk / Crosswalk / Driveway Crossing;2;22;Urban (>70% Developed);Female;Unknown;0;#NULL!;0;0;Unknown/Missing;No;0;25-29;Motorist Right Turn - Same Direction;None;No;No;Dry;0;Urban;Yes;19FEB2010;0;22:59;Unknown;Missing;Commercial;B: Evident Injury;No;Unknown Injury;3729;February;0;Straight - Level;Piedmont;With Traffic;Stop And Go Signal;Friday;Intersection;26;0;Two-Way, Divided, Positive Median Barrier;4 lanes;0;#NULL!;#NULL!;Smooth Asphalt;#NULL!;No Special Feature;Motorist Right Turn / Merge;Local Street;B: Evident Injury;Mecklenburg;Unknown;Clear;#NULL!;16-20 mph;30 - 35  MPH;2010;Dark - Lighted Roadway;Unknown
35.943630106, -78.8708826883;"{""type"": ""Point"", ""coordinates"": [-78.87088268830001, 35.943630105959265]}";White;Durham;Travel Lane;2;8;Urban (>70% Developed);Female;Passenger Car;0;#NULL!;0;0;Hispanic;No;0;50-59;Motorist Overtaking - Undetected Bicyclist;None;No;No;Dry;0;Urban;No;17MAR2010;0;8:16;Male;No;Commercial;B: Evident Injury;Yes;O: No Injury;3735;March;0;Straight - Level;Piedmont;With Traffic;No Control Present;Wednesday;Non-Intersection;51;0;Two-Way, Not Divided;2 lanes;0;#NULL!;#NULL!;Smooth Asphalt;#NULL!;No Special Feature;Motorist Overtaking Bicyclist;Local Street;B: Evident Injury;Durham;21;Clear;#NULL!;41-45 mph;40 - 45  MPH;2010;Daylight;20-24
34.80374485, -79.1883727247;"{""type"": ""Point"", ""coordinates"": [-79.18837272467215, 34.80374484997992]}";Black;Red Springs;Travel Lane;2;17;Urban (>70% Developed);Male;Passenger Car;0;#NULL!;0;0;Native American;No;0;50-59;Motorist Overtaking - Undetected Bicyclist;None;No;No;Dry;0;Rural;No;20FEB2010;0;17:42;Female;No;Residential;K: Killed;Yes;O: No Injury;3738;February;0;Straight - Level;Coastal;With Traffic;No Control Present;Saturday;Non-Intersection;53;0;Two-Way, Not Divided;2 lanes;0;#NULL!;#NULL!;Coarse Asphalt;#NULL!;No Special Feature;Motorist Overtaking Bicyclist;Local Street;K: Killed;Robeson;20;Clear;#NULL!;31-35 mph;30 - 35  MPH;2010;Daylight;20-24
35.5339120692, -77.4000922201;"{""type"": ""Point"", ""coordinates"": [-77.40009222011521, 35.53391206923705]}";Black;Winterville;Travel Lane;3;18;Urban (>70% Developed);Male;Passenger Car;0;#NULL!;0;0;Black;No;0;40-49;Sign-Controlled Intersection - Other / Unknown;None;No;No;Wet;0;Urban;No;02FEB2010;0;18:42;Male;No;Residential;C: Possible Injury;Yes;O: No Injury;3739;February;0;Straight - Level;Coastal;With Traffic;Stop Sign;Tuesday;Intersection;47;0;Two-Way, Divided, Positive Median Barrier;2 lanes;0;#NULL!;#NULL!;Smooth Asphalt;#NULL!;Four-Way Intersection;Crossing Paths - Other Circumstances;Local Street;C: Possible Injury;Pitt;16;Snow, Sleet, Hail, Freezing Rain/Drizzle;#NULL!;0-5 mph;5 - 15 MPH;2010;Dark - Lighted Roadway;0-19
35.915260094, -79.0568027424;"{""type"": ""Point"", ""coordinates"": [-79.05680274235333, 35.91526009397398]}";White;Chapel Hill;Travel Lane;2;18;Urban (>70% Developed);Male;Passenger Car;0;#NULL!;0;0;Black;No;0;25-29;Motorist Left Turn - Opposite Direction;None;No;No;Dry;0;Urban;No;05MAR2010;0;18:32;Female;No;Residential;B: Evident Injury;Yes;O: No Injury;3740;March;0;Curve - Grade;Piedmont;With Traffic;Yield Sign;Friday;Intersection;28;0;Two-Way, Not Divided;5 lanes;0;#NULL!;#NULL!;Smooth Asphalt;#NULL!;Four-Way Intersection;Motorist Left Turn / Merge;Local Street;B: Evident Injury;Orange;26;Clear;#NULL!;16-20 mph;30 - 35  MPH;2010;Daylight;25-29
35.5783648906, -82.5900137794;"{""type"": ""Point"", ""coordinates"": [-82.59001377944737, 35.57836489058448]}";Black;Asheville;Travel Lane;2;9;Urban (>70% Developed);Male;Sport Utility;0;#NULL!;0;0;White;No;0;16-19;Bicyclist Overtaking - Other / Unknown;None;No;No;Dry;0;Urban;No;25FEB2010;0;9:43;Female;No;Commercial;B: Evident Injury;No;O: No Injury;3746;February;0;Straight - Level;Mountains;With Traffic;Stop And Go Signal;Thursday;Non-Intersection;17;0;Two-Way, Not Divided;2 lanes;0;#NULL!;#NULL!;Smooth Asphalt;#NULL!;No Special Feature;Bicyclist Overtaking Motorist;US Route;B: Evident Injury;Buncombe;38;Cloudy;#NULL!;0-5 mph;20 - 25  MPH;2010;Daylight;30-39
35.9468800657, -80.0034530304;"{""type"": ""Point"", ""coordinates"": [-80.00345303043858, 35.94688006572085]}";White;High Point;Driveway / Alley;2;8;Urban (>70% Developed);Male;Sport Utility;0;#NULL!;0;0;White;No;0;16-19;Multiple Threat - Midblock;None;No;No;Dry;0;Urban;No;08MAR2010;0;8:25;Female;No;Institutional;B: Evident Injury;Yes;O: No Injury;3754;March;0;Straight - Level;Piedmont;Not Applicable;No Control Present;Monday;Non-Intersection;18;0;Two-Way, Not Divided;5 lanes;0;#NULL!;#NULL!;Smooth Asphalt;#NULL!;Driveway, Public;Bicyclist Failed to Yield - Midblock;US Route;B: Evident Injury;Guilford;23;Clear;#NULL!;26-30 mph;30 - 35  MPH;2010;Daylight;20-24
36.107509121, -79.4342228671;"{""type"": ""Point"", ""coordinates"": [-79.43422286709593, 36.10750912103901]}";White;Burlington;Sidewalk / Crosswalk / Driveway Crossing;2;13;Urban (>70% Developed);Male;Unknown;0;#NULL!;0;0;Unknown/Missing;No;0;20-24;Backing Vehicle;None;No;No;Dry;0;Urban;Yes;10MAR2010;0;13:19;Unknown;Missing;Residential;B: Evident Injury;No;Unknown Injury;3755;March;0;Straight - Grade;Piedmont;Unknown;No Control Present;Wednesday;Non-Intersection;20;0;Two-Way, Not Divided;4 lanes;0;#NULL!;#NULL!;Coarse Asphalt;#NULL!;Driveway, Private;Backing Vehicle;NC Route;B: Evident Injury;Alamance;Unknown;Clear;#NULL!;0-5 mph;30 - 35  MPH;2010;Daylight;Unknown
35.0991088477, -81.039303293;"{""type"": ""Point"", ""coordinates"": [-81.03930329299249, 35.099108847650676]}";White;Charlotte;Travel Lane;2;6;Rural (<30% Developed);Male;Unknown;0;#NULL!;0;0;Unknown/Missing;No;0;40-49;Motorist Overtaking - Undetected Bicyclist;None;No;No;Wet;0;Urban;Yes;11MAR2010;0;6:20;Unknown;Missing;Farms, Woods, Pastures;A: Disabling Injury;No;Unknown Injury;3757;March;0;Curve - Grade;Piedmont;With Traffic;Other;Thursday;Non-Intersection;44;0;Two-Way, Not Divided;4 lanes;0;#NULL!;#NULL!;Coarse Asphalt;#NULL!;No Special Feature;Motorist Overtaking Bicyclist;NC Route;A: Disabling Injury;Mecklenburg;Unknown;Fog, Smog, Smoke;#NULL!;41-45 mph;40 - 45  MPH;2010;Dawn;Unknown
36.3853372678, -76.9402021227;"{""type"": ""Point"", ""coordinates"": [-76.9402021227115, 36.38533726779372]}";Black;None - Rural Crash;Travel Lane;2;20;Rural (<30% Developed);Female;Passenger Car;0;#NULL!;0;0;Black;No;0;16-19;Bicyclist Left Turn - Same Direction;None;No;No;Dry;0;Rural;No;22MAR2012;0;20:08;Male;No;Farms, Woods, Pastures;C: Possible Injury;Yes;O: No Injury;1929;March;0;Straight - Level;Coastal;With Traffic;No Control Present;Thursday;Non-Intersection;16;0;Two-Way, Not Divided;2 lanes;0;#NULL!;#NULL!;Coarse Asphalt;#NULL!;No Special Feature;Bicyclist Left Turn / Merge;NC Route;C: Possible Injury;Hertford;42;Clear;#NULL!;51-55 mph;50 - 55  MPH;2012;Dark - Roadway Not Lighted;40-49
34.7275068951, -77.3210021559;"{""type"": ""Point"", ""coordinates"": [-77.3210021559484, 34.727506895122154]}";White;None - Rural Crash;Travel Lane;2;16;Rural (<30% Developed);Male;Sport Utility;0;#NULL!;0;0;Black;No;0;25-29;Motorist Right Turn - Same Direction;None;No;No;Dry;0;Rural;No;16APR2012;0;16:28;Male;No;Farms, Woods, Pastures;C: Possible Injury;No;O: No Injury;1931;April;0;Straight - Level;Coastal;With Traffic;Double Yellow Line, No Passing Zone;Monday;Intersection;28;0;Two-Way, Not Divided;2 lanes;0;#NULL!;#NULL!;Coarse Asphalt;#NULL!;T-Intersection;Motorist Right Turn / Merge;State Secondary Route;C: Possible Injury;Onslow;51;Clear;#NULL!;16-20 mph;40 - 45  MPH;2012;Daylight;50-59
35.9107670925, -79.0691027466;"{""type"": ""Point"", ""coordinates"": [-79.06910274659307, 35.91076709245442]}";White;Carrboro;Travel Lane;2;22;Urban (>70% Developed);Female;Sport Utility;0;#NULL!;0;0;White;No;0;20-24;Signalized Intersection - Other / Unknown;None;No;No;Wet;0;Urban;No;20MAR2012;0;22:44;Male;No;Commercial;B: Evident Injury;Yes;O: No Injury;1885;March;0;Straight - Level;Piedmont;Facing Traffic;Stop And Go Signal;Tuesday;Intersection;24;0;Two-Way, Not Divided;2 lanes;0;#NULL!;#NULL!;Coarse Asphalt;#NULL!;Related To Intersection;Crossing Paths - Other Circumstances;Local Street;B: Evident Injury;Orange;26;Rain;#NULL!;0-5 mph;20 - 25  MPH;2012;Dark - Lighted Roadway;25-29
35.7736570715, -78.8423026704;"{""type"": ""Point"", ""coordinates"": [-78.84230267040421, 35.77365707146555]}";White;Cary;Travel Lane;2;16;Urban (>70% Developed);Male;Unknown;0;#NULL!;0;0;Unknown/Missing;No;0;11-15;Motorist Overtaking - Bicyclist Swerved;None;No;No;Dry;0;Urban;Yes;04APR2012;0;16:25;Unknown;Missing;Residential;C: Possible Injury;No;Unknown Injury;1935;April;0;Straight - Level;Piedmont;Facing Traffic;No Control Present;Wednesday;Non-Intersection;13;0;Two-Way, Not Divided;2 lanes;0;#NULL!;#NULL!;Smooth Asphalt;#NULL!;No Special Feature;Motorist Overtaking Bicyclist;Local Street;C: Possible Injury;Wake;Unknown;Clear;#NULL!;Unknown;20 - 25  MPH;2012;Daylight;Unknown
35.182456924, -79.399902807;"{""type"": ""Point"", ""coordinates"": [-79.39990280697215, 35.18245692404077]}";White;Southern Pines;Travel Lane;2;17;Mixed (30% To 70% Developed);Male;Passenger Car;0;#NULL!;0;0;Black;No;0;16-19;Bicyclist Overtaking - Passing on Right;None;No;No;Wet;0;Urban;No;17MAR2012;0;17:17;Male;No;Residential;B: Evident Injury;No;O: No Injury;1890;March;0;Straight - Grade;Piedmont;With Traffic;No Control Present;Saturday;Intersection;17;0;Two-Way, Not Divided;3 lanes;0;#NULL!;#NULL!;Coarse Asphalt;#NULL!;Four-Way Intersection;Bicyclist Overtaking Motorist;State Secondary Route;B: Evident Injury;Moore;26;Rain;#NULL!;6-10 mph;30 - 35  MPH;2012;Daylight;25-29
34.8855169433, -76.9236020425;"{""type"": ""Point"", ""coordinates"": [-76.92360204247102, 34.885516943270225]}";White;Havelock;Travel Lane;2;23;Urban (>70% Developed);Male;Unknown;0;#NULL!;0;0;Unknown/Missing;No;0;16-19;Motorist Overtaking - Other / Unknown;None;No;No;Dry;0;Urban;Yes;28MAR2012;0;23:34;Unknown;No;Commercial;B: Evident Injury;No;Unknown Injury;1911;March;0;Curve - Grade;Coastal;With Traffic;No Control Present;Wednesday;Non-Intersection;16;0;Two-Way, Not Divided;2 lanes;0;#NULL!;#NULL!;Coarse Asphalt;#NULL!;Bridge Approach;Motorist Overtaking Bicyclist;Local Street;B: Evident Injury;Craven;Unknown;Clear;#NULL!;31-35 mph;30 - 35  MPH;2012;Daylight;Unknown
36.0023271172, -78.9129027036;"{""type"": ""Point"", ""coordinates"": [-78.9129027036314, 36.00232711721466]}";Black;Durham;Travel Lane;2;14;Urban (>70% Developed);Male;Sport Utility;0;#NULL!;0;0;White;No;0;50-59;Signalized Intersection - Other / Unknown;None;No;No;Dry;0;Urban;No;16APR2012;0;14:58;Female;No;Commercial;B: Evident Injury;Yes;O: No Injury;1924;April;0;Straight - Level;Piedmont;With Traffic;Stop And Go Signal;Monday;Intersection;57;0;Two-Way, Not Divided;4 lanes;0;#NULL!;#NULL!;Smooth Asphalt;#NULL!;No Special Feature;Crossing Paths - Other Circumstances;Local Street;B: Evident Injury;Durham;61;Clear;#NULL!;0-5 mph;20 - 25  MPH;2012;Daylight;60-69
35.7777570796, -78.6236026039;"{""type"": ""Point"", ""coordinates"": [-78.62360260391881, 35.77775707960389]}";Black;Raleigh;Travel Lane;2;22;Urban (>70% Developed);Male;Passenger Car;0;#NULL!;0;0;Black;No;0;40-49;Motorist Left Turn - Opposite Direction;None;No;No;Dry;0;Urban;No;21MAR2012;0;22:07;Female;No;Residential;C: Possible Injury;No;O: No Injury;1904;March;0;Straight - Level;Piedmont;With Traffic;Stop Sign;Wednesday;Intersection;47;0;Two-Way, Not Divided;2 lanes;0;#NULL!;#NULL!;Smooth Asphalt;#NULL!;T-Intersection;Motorist Left Turn / Merge;Local Street;C: Possible Injury;Wake;21;Clear;#NULL!;6-10 mph;30 - 35  MPH;2012;Dark - Roadway Not Lighted;20-24
36.4964371891, -79.7929029981;"{""type"": ""Point"", ""coordinates"": [-79.79290299807757, 36.496437189111674]}";White;None - Rural Crash;Travel Lane;2;6;Rural (<30% Developed);Male;Passenger Car;0;#NULL!;0;0;Unknown/Missing;No;0;16-19;Bicyclist Left Turn - Same Direction;None;No;No;Dry;0;Rural;Yes;08AUG2012;0;6:38;Unknown;No;Residential;C: Possible Injury;No;Unknown Injury;2295;August;0;Straight - Level;Piedmont;With Traffic;Double Yellow Line, No Passing Zone;Wednesday;Non-Intersection;17;0;Two-Way, Not Divided;2 lanes;0;#NULL!;#NULL!;Smooth Asphalt;#NULL!;No Special Feature;Bicyclist Left Turn / Merge;State Secondary Route;C: Possible Injury;Rockingham;Unknown;Clear;#NULL!;41-45 mph;40 - 45  MPH;2012;Daylight;Unknown
35.5912070827, -77.3787022158;"{""type"": ""Point"", ""coordinates"": [-77.37870221583694, 35.59120708267822]}";White;Greenville;Sidewalk / Crosswalk / Driveway Crossing;2;16;Urban (>70% Developed);Male;Passenger Car;0;#NULL!;0;0;White;No;0;20-24;Motorist Drive Out - Commercial Driveway / Alley;None;No;No;Dry;0;Urban;No;10AUG2012;0;16:04;Male;No;Commercial;C: Possible Injury;Yes;O: No Injury;2297;August;0;Straight - Level;Coastal;Facing Traffic;No Control Present;Friday;Non-Intersection;23;0;Two-Way, Not Divided;Unknown;0;#NULL!;#NULL!;Smooth Asphalt;#NULL!;Driveway, Public;Motorist Failed to Yield - Midblock;Public Vehicular Area;C: Possible Injury;Pitt;27;Cloudy;#NULL!;0-5 mph;5 - 15 MPH;2012;Daylight;25-29
34.9898968419, -80.5586031447;"{""type"": ""Point"", ""coordinates"": [-80.55860314472633, 34.98989684188043]}";Hispanic;Monroe;Travel Lane;2;0;Mixed (30% To 70% Developed);Male;Passenger Car;0;#NULL!;0;0;White;No;0;20-24;Motorist Drive Out - Sign-Controlled Intersection;None;No;No;Wet;0;Urban;No;10AUG2012;0;0:21;Male;No;Commercial;C: Possible Injury;No;O: No Injury;2322;August;0;Straight - Bottom;Piedmont;With Traffic;Stop Sign;Friday;Intersection;20;0;Two-Way, Not Divided;2 lanes;0;#NULL!;#NULL!;Smooth Asphalt;#NULL!;Four-Way Intersection;Motorist Failed to Yield - Sign-Controlled Intersection;Local Street;C: Possible Injury;Union;56;Cloudy;#NULL!;16-20 mph;20 - 25  MPH;2012;Dark - Unknown Lighting;50-59
35.9776472238, -75.6355017003;"{""type"": ""Point"", ""coordinates"": [-75.63550170027398, 35.97764722376721]}";White;Nags Head;Multi-use Path;2;21;Urban (>70% Developed);Male;Passenger Car;0;#NULL!;0;0;White;No;0;11-15;Motorist Drive Out - Commercial Driveway / Alley;None;No;No;Dry;0;Rural;No;26JUL2012;0;21:54;Male;No;Commercial;C: Possible Injury;Yes;O: No Injury;2329;July;0;Straight - Level;Coastal;Facing Traffic;No Control Present;Thursday;Non-Intersection;14;0;Two-Way, Not Divided;Unknown;0;#NULL!;#NULL!;Smooth Asphalt;#NULL!;Driveway, Public;Motorist Failed to Yield - Midblock;Public Vehicular Area;C: Possible Injury;Dare;61;Clear;#NULL!;6-10 mph;5 - 15 MPH;2012;Dark - Roadway Not Lighted;60-69