Geo Point;Geo Shape;BikeRace;City;BikePos;NumUnits;CrashHour;Locality;BikeSex;DrvrVehTyp;NumBikesNo;BikeAlcDrg;NumBikesBI;RteInvdCd;DrvrRace;Workzone;NumBikesCi;BikeAgeGrp;CrashType;RdDefects;CrashAlcoh;BikeAlcoho;RdConditio;DstncMiFrm;RuralUrban;HitRun;CrashDate;NumBikesUI;CrashTime;DrvrSex;DrvrAlcoho;Developmen;CrashSevr;AmbulanceR;DrvrInjury;OBJECTID;CrashMonth;NumBikesKi;RdCharacte;Region;BikeDir;TraffCntrl;CrashDay;CrashLoc;BikeAge;NumBikesTo;RdConfig;NumLanes;NumBikesAI;DrvrAlcDrg;OnRoad;RdSurface;Towrd_Rd;RdFeature;CrashGrp;RdClass;BikeInjury;County;DrvrAge;Weather;FrmRd;DrvrEstSpd;SpeedLimit;CrashYear;LightCond;DrvrAgeGrp
35.3290368425, -82.4726037309;"{""type"": ""Point"", ""coordinates"": [-82.47260373085746, 35.329036842457995]}";Black;Hendersonville;Travel Lane;2;17;Urban (>70% Developed);Male;Unknown;0;#NULL!;0;0;Unknown/Missing;No;0;11-15;Bicyclist Lost Control - Mechanical Problems;None;No;No;Dry;0;Urban;Yes;29JUL2012;0;17:03;Unknown;Missing;Residential;B: Evident Injury;Yes;Unknown Injury;2288;July;0;Straight - Grade;Mountains;With Traffic;No Control Present;Sunday;Intersection;11;0;Two-Way, Not Divided;2 lanes;0;#NULL!;#NULL!;Coarse Asphalt;#NULL!;Related To Intersection;Loss of Control / Turning Error;Local Street;B: Evident Injury;Henderson;Unknown;Clear;#NULL!;31-35 mph;30 - 35  MPH;2012;Daylight;Unknown
35.4216468615, -82.499303744;"{""type"": ""Point"", ""coordinates"": [-82.49930374397945, 35.421646861491276]}";White;None - Rural Crash;Travel Lane;2;9;Rural (<30% Developed);Male;Pickup;0;#NULL!;0;0;White;No;0;50-59;Motorist Overtaking - Other / Unknown;None;No;No;Dry;0;Rural;No;16AUG2012;0;9:29;Male;No;Farms, Woods, Pastures;C: Possible Injury;Yes;O: No Injury;2312;August;0;Curve - Level;Mountains;With Traffic;Double Yellow Line, No Passing Zone;Thursday;Non-Intersection;52;0;Two-Way, Not Divided;2 lanes;0;#NULL!;#NULL!;Smooth Asphalt;#NULL!;No Special Feature;Motorist Overtaking Bicyclist;State Secondary Route;C: Possible Injury;Henderson;55;Clear;#NULL!;26-30 mph;40 - 45  MPH;2012;Daylight;50-59
35.2931368974, -80.8033032333;"{""type"": ""Point"", ""coordinates"": [-80.80330323327371, 35.293136897364484]}";Black;None - Rural Crash;Non-Roadway;2;17;Mixed (30% To 70% Developed);Male;Passenger Car;0;#NULL!;0;0;Black;No;0;6-10;Bicyclist Ride Out - Other Midblock;None;No;No;Dry;0;Rural;No;15AUG2012;0;17:30;Female;No;Residential;C: Possible Injury;Yes;O: No Injury;2311;August;0;Straight - Level;Piedmont;Not Applicable;No Control Present;Wednesday;Non-Intersection;9;0;Two-Way, Not Divided;2 lanes;0;#NULL!;#NULL!;Smooth Asphalt;#NULL!;No Special Feature;Bicyclist Failed to Yield - Midblock;Local Street;C: Possible Injury;Mecklenburg;22;Clear;#NULL!;16-20 mph;20 - 25  MPH;2012;Daylight;20-24
35.9943371166, -78.8758026921;"{""type"": ""Point"", ""coordinates"": [-78.87580269213477, 35.9943371166251]}";Black;Durham;Travel Lane;2;22;Urban (>70% Developed);Male;Passenger Car;0;#NULL!;0;0;Unknown/Missing;No;0;40-49;Motorist Turning Error - Left Turn;None;No;No;Dry;0;Urban;Yes;19AUG2012;0;22:00;Unknown;Missing;Residential;C: Possible Injury;No;Unknown Injury;2324;August;0;Straight - Level;Piedmont;With Traffic;Stop Sign;Sunday;Intersection;49;0;Two-Way, Not Divided;4 lanes;0;#NULL!;#NULL!;Smooth Asphalt;#NULL!;No Special Feature;Loss of Control / Turning Error;Local Street;C: Possible Injury;Durham;Unknown;Clear;#NULL!;Unknown;Unknown;2012;Dark - Lighted Roadway;Unknown
36.1231070914, -80.3314031388;"{""type"": ""Point"", ""coordinates"": [-80.33140313876955, 36.12310709140167]}";White;Winston-Salem;Travel Lane;2;7;Mixed (30% To 70% Developed);Male;Sport Utility;0;#NULL!;0;0;Black;No;0;50-59;Motorist Left Turn - Opposite Direction;None;No;No;Dry;0;Urban;No;28JUL2012;0;7:20;Male;No;Residential;B: Evident Injury;Yes;O: No Injury;2310;July;0;Straight - Level;Piedmont;With Traffic;Stop And Go Signal;Saturday;Intersection;56;0;Two-Way, Divided, Unprotected Median;2 lanes;0;#NULL!;#NULL!;Smooth Asphalt;#NULL!;T-Intersection;Motorist Left Turn / Merge;Local Street;B: Evident Injury;Forsyth;64;Clear;#NULL!;11-15 mph;40 - 45  MPH;2012;Daylight;60-69
34.7183168931, -77.320302155;"{""type"": ""Point"", ""coordinates"": [-77.32030215499995, 34.7183168931391]}";White;None - Rural Crash;Non-Roadway;2;18;Urban (>70% Developed);Male;Pickup;0;#NULL!;0;0;White;No;0;40-49;Bicyclist Ride Out - Commercial Driveway / Alley;None;No;No;Dry;0;Rural;No;09AUG2012;0;18:29;Female;No;Commercial;K: Killed;Yes;O: No Injury;2300;August;0;Straight - Level;Coastal;Not Applicable;Stop Sign;Thursday;Non-Intersection;46;0;Two-Way, Not Divided;3 lanes;0;#NULL!;#NULL!;Smooth Asphalt;#NULL!;Driveway, Public;Bicyclist Failed to Yield - Midblock;State Secondary Route;K: Killed;Onslow;39;Clear;#NULL!;31-35 mph;40 - 45  MPH;2012;Daylight;30-39
35.9625371071, -78.9654027179;"{""type"": ""Point"", ""coordinates"": [-78.965402717936, 35.96253710706331]}";Black;Durham;Travel Lane;2;19;Urban (>70% Developed);Male;Passenger Car;0;#NULL!;0;0;Asian;No;0;6-10;Bicyclist Ride Through - Sign-Controlled Intersection;None;No;No;Dry;0;Urban;No;05AUG2012;0;19:30;Female;No;Residential;C: Possible Injury;Yes;O: No Injury;2279;August;0;Straight - Level;Piedmont;With Traffic;Stop Sign;Sunday;Intersection;7;0;Two-Way, Divided, Unprotected Median;4 lanes;0;#NULL!;#NULL!;Coarse Asphalt;#NULL!;No Special Feature;Bicyclist Failed to Yield - Sign-Controlled Intersection;Local Street;C: Possible Injury;Durham;25;Clear;#NULL!;16-20 mph;20 - 25  MPH;2012;Daylight;25-29
35.9459571442, -77.8007023631;"{""type"": ""Point"", ""coordinates"": [-77.80070236309726, 35.94595714420419]}";Black;Rocky Mount;Travel Lane;2;10;Urban (>70% Developed);Female;Passenger Car;0;#NULL!;0;0;White;No;0;40-49;Signalized Intersection - Other / Unknown;None;No;No;Dry;0;Urban;No;24JUL2012;0;10:09;Female;No;Commercial;C: Possible Injury;Yes;O: No Injury;2283;July;0;Straight - Level;Coastal;With Traffic;Stop And Go Signal;Tuesday;Intersection;48;0;Two-Way, Divided, Unprotected Median;9 or more lanes;0;#NULL!;#NULL!;Coarse Asphalt;#NULL!;No Special Feature;Crossing Paths - Other Circumstances;Local Street;C: Possible Injury;Nash;61;Clear;#NULL!;6-10 mph;30 - 35  MPH;2012;Daylight;60-69
35.2279668867, -80.7268032078;"{""type"": ""Point"", ""coordinates"": [-80.72680320776007, 35.2279668866509]}";Unknown/Missing;Charlotte;Unknown;2;14;Urban (>70% Developed);Male;Pickup;0;#NULL!;0;0;Unknown/Missing;No;0;11-15;Bicyclist Ride Out - Other Midblock;None;No;No;Dry;0;Urban;Yes;19JUL2012;0;14:34;Unknown;Missing;Commercial;C: Possible Injury;No;Unknown Injury;2249;July;0;Straight - Level;Piedmont;Unknown;No Control Present;Thursday;Non-Intersection;15;0;Two-Way, Not Divided;4 lanes;0;#NULL!;#NULL!;Smooth Asphalt;#NULL!;No Special Feature;Bicyclist Failed to Yield - Midblock;Local Street;C: Possible Injury;Mecklenburg;Unknown;Clear;#NULL!;41-45 mph;40 - 45  MPH;2012;Daylight;Unknown
35.2211868821, -80.8184032342;"{""type"": ""Point"", ""coordinates"": [-80.81840323415454, 35.22118688213721]}";White;Charlotte;Travel Lane;2;17;Urban (>70% Developed);Male;Sport Utility;0;#NULL!;0;0;White;No;0;40-49;Motorist Drive Out - Signalized Intersection;None;No;No;Dry;0;Urban;No;23MAY2012;0;17:22;Female;No;Commercial;C: Possible Injury;Yes;O: No Injury;2252;May;0;Straight - Grade;Piedmont;Facing Traffic;Stop And Go Signal;Wednesday;Intersection;40;0;Two-Way, Not Divided;2 lanes;0;#NULL!;#NULL!;Smooth Asphalt;#NULL!;Four-Way Intersection;Motorist Failed to Yield - Signalized Intersection;Local Street;C: Possible Injury;Mecklenburg;39;Clear;#NULL!;0-5 mph;30 - 35  MPH;2012;Daylight;30-39
35.9330071415, -77.8106023655;"{""type"": ""Point"", ""coordinates"": [-77.81060236553948, 35.933007141498585]}";Black;Rocky Mount;Travel Lane;2;8;Urban (>70% Developed);Male;Unknown;0;#NULL!;0;0;Unknown/Missing;No;0;30-39;Signalized Intersection - Other / Unknown;None;No;No;Dry;0;Urban;Yes;02JUL2012;0;8:16;Unknown;Missing;Commercial;B: Evident Injury;Yes;Unknown Injury;2282;July;0;Straight - Level;Coastal;Facing Traffic;Stop And Go Signal;Monday;Intersection;31;0;Two-Way, Not Divided;4 lanes;0;#NULL!;#NULL!;Coarse Asphalt;#NULL!;Four-Way Intersection;Crossing Paths - Other Circumstances;Local Street;B: Evident Injury;Nash;Unknown;Clear;#NULL!;31-35 mph;30 - 35  MPH;2012;Daylight;Unknown
35.000746838, -80.7187031927;"{""type"": ""Point"", ""coordinates"": [-80.71870319271339, 35.00074683802906]}";Black;Weddington;Travel Lane;2;20;Mixed (30% To 70% Developed);Male;Passenger Car;0;#NULL!;0;0;White;Yes;0;40-49;Motorist Overtaking - Other / Unknown;None;No;No;Dry;0;Urban;No;24JUL2012;0;20:09;Male;No;Residential;B: Evident Injury;Yes;O: No Injury;2243;July;0;Straight - Level;Piedmont;With Traffic;No Control Present;Tuesday;Non-Intersection;46;0;Two-Way, Not Divided;2 lanes;0;#NULL!;#NULL!;Smooth Asphalt;#NULL!;No Special Feature;Motorist Overtaking Bicyclist;State Secondary Route;B: Evident Injury;Union;23;Clear;#NULL!;16-20 mph;40 - 45  MPH;2012;Daylight;20-24
35.716757067, -78.623802601;"{""type"": ""Point"", ""coordinates"": [-78.62380260100389, 35.71675706701143]}";White;Garner;Travel Lane;2;8;Urban (>70% Developed);Male;Passenger Car;0;#NULL!;0;0;White;No;0;40-49;Motorist Right Turn - Same Direction;None;No;No;Dry;0;Urban;No;01MAY2012;0;8:52;Female;No;Residential;C: Possible Injury;Yes;O: No Injury;2281;May;0;Straight - Level;Piedmont;With Traffic;No Control Present;Tuesday;Non-Intersection;40;0;Two-Way, Not Divided;2 lanes;0;#NULL!;#NULL!;Smooth Asphalt;#NULL!;No Special Feature;Motorist Right Turn / Merge;Local Street;C: Possible Injury;Wake;55;Cloudy;#NULL!;6-10 mph;30 - 35  MPH;2012;Daylight;50-59
36.0987172472, -75.7202017327;"{""type"": ""Point"", ""coordinates"": [-75.72020173271638, 36.09871724716211]}";White;Kitty Hawk;Travel Lane;2;22;Urban (>70% Developed);Female;Pickup;0;#NULL!;0;0;White;No;0;20-24;Head-On - Bicyclist;None;No;No;Dry;0;Rural;No;06JUL2012;0;22:03;Male;No;Commercial;B: Evident Injury;No;O: No Injury;2284;July;0;Straight - Level;Coastal;Facing Traffic;Stop And Go Signal;Friday;Intersection-Related;22;0;Two-Way, Divided, Unprotected Median;Unknown;0;#NULL!;#NULL!;Coarse Asphalt;#NULL!;Driveway, Public;Head-On;Public Vehicular Area;B: Evident Injury;Dare;69;Clear;#NULL!;11-15 mph;5 - 15 MPH;2012;Dark - Roadway Not Lighted;60-69
35.9088470921, -79.0593027428;"{""type"": ""Point"", ""coordinates"": [-79.05930274282765, 35.90884709212247]}";White;Chapel Hill;Travel Lane;2;17;Urban (>70% Developed);Male;Pickup;0;#NULL!;0;0;White;No;0;20-24;Motorist Left Turn - Opposite Direction;None;No;No;Dry;0;Urban;No;17JUL2012;0;17:24;Male;No;Residential;B: Evident Injury;No;O: No Injury;2251;July;0;Straight - Level;Piedmont;With Traffic;No Control Present;Tuesday;Intersection;22;0;Two-Way, Not Divided;2 lanes;0;#NULL!;#NULL!;Coarse Asphalt;#NULL!;T-Intersection;Motorist Left Turn / Merge;Local Street;B: Evident Injury;Orange;16;Clear;#NULL!;21-25 mph;20 - 25  MPH;2012;Daylight;0-19
35.5551770738, -77.4144022256;"{""type"": ""Point"", ""coordinates"": [-77.41440222558592, 35.55517707378574]}";Black;Greenville;Non-Roadway;2;20;Urban (>70% Developed);Female;Passenger Car;0;#NULL!;0;0;Unknown/Missing;No;0;6-10;Non-Roadway;None;No;No;Wet;0;Urban;Yes;20JUL2012;0;20:49;Unknown;Missing;Residential;C: Possible Injury;Yes;Unknown Injury;2247;July;0;Curve - Level;Coastal;Not Applicable;No Control Present;Friday;Non-Roadway;7;0;Two-Way, Not Divided;Unknown;0;#NULL!;#NULL!;Coarse Asphalt;#NULL!;No Special Feature;Non-Roadway;Public Vehicular Area;C: Possible Injury;Pitt;Unknown;Rain;#NULL!;0-5 mph;5 - 15 MPH;2012;Dusk;Unknown
35.5868968938, -82.5641037727;"{""type"": ""Point"", ""coordinates"": [-82.56410377270574, 35.58689689377364]}";White;None - Rural Crash;Travel Lane;2;17;Urban (>70% Developed);Male;Unknown;0;#NULL!;0;0;Unknown/Missing;No;0;50-59;Motorist Overtaking - Other / Unknown;None;Yes;Yes;Dry;0;Rural;Yes;07AUG2012;0;17:28;Unknown;Missing;Commercial;C: Possible Injury;Yes;Unknown Injury;2349;August;0;Straight - Grade;Mountains;With Traffic;No Control Present;Tuesday;Non-Intersection;51;0;Two-Way, Divided, Unprotected Median;2 lanes;0;#NULL!;#NULL!;Smooth Asphalt;#NULL!;No Special Feature;Motorist Overtaking Bicyclist;Local Street;C: Possible Injury;Buncombe;Unknown;Cloudy;#NULL!;Unknown;30 - 35  MPH;2012;Daylight;Unknown
36.0662370988, -79.8074029779;"{""type"": ""Point"", ""coordinates"": [-79.80740297785866, 36.066237098842436]}";White;Greensboro;Bike Lane / Paved Shoulder;2;17;Urban (>70% Developed);Male;Passenger Car;0;#NULL!;0;0;White;No;0;25-29;Motorist Right Turn - Same Direction;None;No;No;Dry;0;Urban;No;23AUG2012;0;17:00;Female;No;Institutional;C: Possible Injury;Yes;O: No Injury;2341;August;0;Straight - Level;Piedmont;With Traffic;Stop And Go Signal;Thursday;Intersection;25;0;Two-Way, Divided, Positive Median Barrier;2 lanes;0;#NULL!;#NULL!;Smooth Asphalt;#NULL!;T-Intersection;Motorist Right Turn / Merge;Local Street;C: Possible Injury;Guilford;20;Clear;#NULL!;0-5 mph;20 - 25  MPH;2012;Daylight;20-24
36.1251871126, -79.7601029662;"{""type"": ""Point"", ""coordinates"": [-79.76010296615287, 36.1251871126061]}";White;Greensboro;Travel Lane;2;16;Urban (>70% Developed);Male;School Bus;0;#NULL!;0;0;Unknown/Missing;No;0;40-49;Motorist Overtaking - Misjudged Space;None;No;No;Dry;0;Urban;No;24APR2012;0;16:46;Unknown;No;Residential;C: Possible Injury;Yes;Unknown Injury;2365;April;0;Straight - Level;Piedmont;With Traffic;No Control Present;Tuesday;Intersection-Related;41;0;Two-Way, Not Divided;2 lanes;0;#NULL!;#NULL!;Smooth Asphalt;#NULL!;No Special Feature;Motorist Overtaking Bicyclist;Local Street;C: Possible Injury;Guilford;Unknown;Clear;#NULL!;16-20 mph;30 - 35  MPH;2012;Daylight;Unknown
36.0741170988, -79.8316029856;"{""type"": ""Point"", ""coordinates"": [-79.83160298561516, 36.07411709884408]}";White;Greensboro;Travel Lane;2;14;Urban (>70% Developed);Female;Passenger Car;0;#NULL!;0;0;White;No;0;50-59;Bicyclist Ride Through - Sign-Controlled Intersection;None;No;No;Dry;0;Urban;No;26AUG2012;0;14:55;Female;No;Residential;B: Evident Injury;Yes;O: No Injury;2357;August;0;Straight - Grade;Piedmont;With Traffic;Stop Sign;Sunday;Intersection;52;0;Two-Way, Not Divided;2 lanes;0;#NULL!;#NULL!;Smooth Asphalt;#NULL!;T-Intersection;Bicyclist Failed to Yield - Sign-Controlled Intersection;Local Street;B: Evident Injury;Guilford;32;Cloudy;#NULL!;31-35 mph;30 - 35  MPH;2012;Daylight;30-39
35.2305068827, -80.8428032422;"{""type"": ""Point"", ""coordinates"": [-80.84280324216687, 35.23050688268769]}";White;Charlotte;Travel Lane;2;15;Urban (>70% Developed);Male;Passenger Car;0;#NULL!;0;0;White;No;0;30-39;Bicyclist Ride Through - Signalized Intersection;None;No;No;Dry;0;Urban;No;28AUG2012;0;15:45;Male;No;Commercial;O: No Injury;No;O: No Injury;2355;August;0;Straight - Level;Piedmont;Facing Traffic;Stop And Go Signal;Tuesday;Intersection;32;0;One-Way, Not Divided;2 lanes;0;#NULL!;#NULL!;Smooth Asphalt;#NULL!;Four-Way Intersection;Bicyclist Failed to Yield - Signalized Intersection;Local Street;O: No Injury;Mecklenburg;47;Cloudy;#NULL!;21-25 mph;20 - 25  MPH;2012;Daylight;40-49
35.8280170803, -78.9153026957;"{""type"": ""Point"", ""coordinates"": [-78.91530269565072, 35.82801708028424]}";White;Cary;Travel Lane;2;13;Urban (>70% Developed);Male;Passenger Car;0;#NULL!;0;0;White;No;0;60-69;Motorist Drive Out - Sign-Controlled Intersection;None;No;No;Dry;0;Urban;No;10AUG2012;0;13:36;Female;No;Residential;O: No Injury;No;O: No Injury;2337;August;0;Straight - Level;Piedmont;With Traffic;Stop Sign;Friday;Intersection;61;0;Two-Way, Not Divided;2 lanes;0;#NULL!;#NULL!;Smooth Asphalt;#NULL!;No Special Feature;Motorist Failed to Yield - Sign-Controlled Intersection;Local Street;O: No Injury;Wake;70+;Clear;#NULL!;0-5 mph;30 - 35  MPH;2012;Daylight;70+
35.7701170875, -78.3644025249;"{""type"": ""Point"", ""coordinates"": [-78.36440252488104, 35.77011708749335]}";Black;Wendell;Travel Lane;2;11;Urban (>70% Developed);Female;Sport Utility;0;#NULL!;0;0;Hispanic;No;0;25-29;Backing Vehicle;None;No;No;Dry;0;Urban;No;29AUG2012;0;11:40;Male;No;Residential;C: Possible Injury;Yes;O: No Injury;2362;August;0;Straight - Level;Piedmont;With Traffic;Stop Sign;Wednesday;Intersection-Related;27;0;Two-Way, Not Divided;2 lanes;0;#NULL!;#NULL!;Coarse Asphalt;#NULL!;No Special Feature;Backing Vehicle;Local Street;C: Possible Injury;Wake;42;Clear;#NULL!;0-5 mph;30 - 35  MPH;2012;Daylight;40-49
35.7187370924, -77.9016023813;"{""type"": ""Point"", ""coordinates"": [-77.90160238133568, 35.7187370923776]}";Black;Wilson;Travel Lane;2;17;Urban (>70% Developed);Male;Unknown;0;#NULL!;0;0;Unknown/Missing;No;0;6-10;Backing Vehicle;None;No;No;Dry;0;Urban;Yes;20JUL2012;0;17:36;Unknown;Missing;Residential;O: No Injury;No;Unknown Injury;2358;July;0;Straight - Level;Coastal;Unknown;No Control Present;Friday;Intersection-Related;9;0;Two-Way, Not Divided;2 lanes;0;#NULL!;#NULL!;Smooth Asphalt;#NULL!;No Special Feature;Backing Vehicle;Local Street;O: No Injury;Wilson;Unknown;Clear;#NULL!;Unknown;30 - 35  MPH;2012;Daylight;Unknown
36.0831171041, -79.7521029617;"{""type"": ""Point"", ""coordinates"": [-79.75210296166911, 36.08311710414645]}";Black;Greensboro;Non-Roadway;2;19;Urban (>70% Developed);Male;Passenger Car;0;#NULL!;0;0;Black;No;0;6-10;Non-Roadway;None;No;No;Dry;0;Urban;No;07MAY2012;0;19:02;Female;No;Residential;C: Possible Injury;Yes;O: No Injury;2350;May;0;Straight - Level;Piedmont;Not Applicable;No Control Present;Monday;Non-Roadway;6;0;Two-Way, Not Divided;2 lanes;0;#NULL!;#NULL!;Smooth Asphalt;#NULL!;No Special Feature;Non-Roadway;Public Vehicular Area;C: Possible Injury;Guilford;16;Clear;#NULL!;11-15 mph;5 - 15 MPH;2012;Daylight;0-19
35.561107075, -77.4079022238;"{""type"": ""Point"", ""coordinates"": [-77.40790222379313, 35.56110707501926]}";Black;Winterville;Non-Roadway;2;14;Urban (>70% Developed);Male;Passenger Car;0;#NULL!;0;0;White;No;0;25-29;Non-Roadway;None;No;No;Dry;0;Urban;No;21AUG2012;0;14:57;Female;No;Commercial;O: No Injury;Yes;O: No Injury;2356;August;0;Straight - Level;Coastal;Not Applicable;No Control Present;Tuesday;Non-Roadway;26;0;Two-Way, Not Divided;Unknown;0;#NULL!;#NULL!;Smooth Asphalt;#NULL!;No Special Feature;Non-Roadway;Public Vehicular Area;O: No Injury;Pitt;70+;Cloudy;#NULL!;0-5 mph;5 - 15 MPH;2012;Daylight;70+
36.0520670947, -79.8262029822;"{""type"": ""Point"", ""coordinates"": [-79.82620298220309, 36.05206709472249]}";Black;Greensboro;Travel Lane;2;21;Urban (>70% Developed);Female;Sport Utility;0;#NULL!;0;0;Hispanic;No;0;11-15;Bicyclist Ride Through - Signalized Intersection;None;No;No;Dry;0;Urban;No;05SEP2012;0;21:05;Male;No;Residential;B: Evident Injury;Yes;O: No Injury;2381;September;0;Straight - Level;Piedmont;Facing Traffic;Stop And Go Signal;Wednesday;Intersection;12;0;Two-Way, Divided, Unprotected Median;2 lanes;0;#NULL!;#NULL!;Smooth Asphalt;#NULL!;Four-Way Intersection;Bicyclist Failed to Yield - Signalized Intersection;Local Street;B: Evident Injury;Guilford;20;Clear;#NULL!;26-30 mph;30 - 35  MPH;2012;Dark - Lighted Roadway;20-24
36.0715571129, -79.4497028697;"{""type"": ""Point"", ""coordinates"": [-79.44970286968778, 36.071557112935004]}";Black;Burlington;Travel Lane;2;17;Urban (>70% Developed);Male;Unknown;0;#NULL!;0;0;Unknown/Missing;No;0;11-15;Bicyclist Ride Out - Sign-Controlled Intersection;None;No;No;Dry;0;Urban;Yes;29AUG2012;0;17:30;Unknown;Missing;Residential;C: Possible Injury;No;Unknown Injury;2367;August;0;Straight - Level;Piedmont;With Traffic;Stop Sign;Wednesday;Intersection;14;0;Two-Way, Not Divided;2 lanes;0;#NULL!;#NULL!;Concrete;#NULL!;No Special Feature;Bicyclist Failed to Yield - Sign-Controlled Intersection;Local Street;C: Possible Injury;Alamance;Unknown;Clear;#NULL!;6-10 mph;30 - 35  MPH;2012;Daylight;Unknown
36.0120370838, -79.8995030028;"{""type"": ""Point"", ""coordinates"": [-79.89950300277232, 36.01203708380259]}";White;Greensboro;Travel Lane;2;14;Mixed (30% To 70% Developed);Male;Passenger Car;0;#NULL!;0;0;Unknown/Missing;No;0;20-24;Crossing Paths - Midblock - Other / Unknown;None;No;No;Dry;0;Urban;Yes;07MAY2012;0;14:44;Unknown;Missing;Commercial;C: Possible Injury;Yes;Unknown Injury;2369;May;0;Straight - Level;Piedmont;Unknown;No Control Present;Monday;Non-Intersection;21;0;Two-Way, Not Divided;2 lanes;0;#NULL!;#NULL!;Smooth Asphalt;#NULL!;No Special Feature;Crossing Paths - Other Circumstances;Local Street;C: Possible Injury;Guilford;Unknown;Clear;#NULL!;31-35 mph;30 - 35  MPH;2012;Daylight;Unknown
35.6157670874, -77.3752022164;"{""type"": ""Point"", ""coordinates"": [-77.37520221636285, 35.615767087444254]}";Unknown/Missing;Greenville;Travel Lane;2;16;Urban (>70% Developed);Unknown;Sport Utility;0;#NULL!;0;0;White;No;0;Unknown;Signalized Intersection - Other / Unknown;None;No;Missing;Dry;0;Urban;No;23AUG2012;0;16:52;Female;No;Commercial;O: No Injury;No;O: No Injury;2384;August;0;Straight - Level;Coastal;Facing Traffic;Stop And Go Signal;Thursday;Intersection;Unknown;0;Two-Way, Divided, Unprotected Median;2 lanes;0;#NULL!;#NULL!;Smooth Asphalt;#NULL!;Four-Way Intersection;Crossing Paths - Other Circumstances;Local Street;Unknown Injury;Pitt;22;Clear;#NULL!;0-5 mph;20 - 25  MPH;2012;Daylight;20-24
34.2357167672, -77.9044023099;"{""type"": ""Point"", ""coordinates"": [-77.90440230988338, 34.23571676723008]}";White;Wilmington;Travel Lane;2;18;Urban (>70% Developed);Male;Unknown;0;#NULL!;0;0;Unknown/Missing;No;0;30-39;Bicyclist Left Turn - Opposite Direction;None;No;No;Dry;0;Urban;Yes;27AUG2012;0;18:35;Unknown;Missing;Residential;B: Evident Injury;Yes;Unknown Injury;2379;August;0;Straight - Level;Coastal;With Traffic;No Control Present;Monday;Intersection;35;0;Two-Way, Divided, Unprotected Median;2 lanes;0;#NULL!;#NULL!;Coarse Asphalt;#NULL!;T-Intersection;Bicyclist Left Turn / Merge;Local Street;B: Evident Injury;New Hanover;Unknown;Clear;#NULL!;Unknown;30 - 35  MPH;2012;Daylight;Unknown
35.9122170933, -79.0503027406;"{""type"": ""Point"", ""coordinates"": [-79.05030274055663, 35.91221709330672]}";White;Chapel Hill;Travel Lane;2;12;Urban (>70% Developed);Female;Passenger Car;0;#NULL!;0;0;White;No;0;20-24;Bicyclist Overtaking - Passing on Right;None;No;No;Dry;0;Urban;No;28AUG2012;0;12:41;Male;No;Commercial;B: Evident Injury;Yes;O: No Injury;2372;August;0;Straight - Level;Piedmont;With Traffic;Stop Sign;Tuesday;Intersection-Related;21;0;Two-Way, Not Divided;2 lanes;0;#NULL!;#NULL!;Coarse Asphalt;#NULL!;No Special Feature;Bicyclist Overtaking Motorist;Local Street;B: Evident Injury;Orange;63;Cloudy;#NULL!;Unknown;20 - 25  MPH;2012;Daylight;60-69
35.9135771371, -77.8152023661;"{""type"": ""Point"", ""coordinates"": [-77.81520236605532, 35.91357713712796]}";Black;Rocky Mount;Travel Lane;2;18;Urban (>70% Developed);Female;Passenger Car;0;#NULL!;0;0;Black;No;0;6-10;Bicyclist Ride Out - Midblock - Unknown;None;No;No;Dry;0;Urban;No;06MAR2012;0;18:53;Male;No;Residential;B: Evident Injury;Yes;O: No Injury;2388;March;0;Curve - Level;Coastal;Unknown;No Control Present;Tuesday;Non-Intersection;7;0;Two-Way, Not Divided;2 lanes;0;#NULL!;#NULL!;Coarse Asphalt;#NULL!;No Special Feature;Bicyclist Failed to Yield - Midblock;Local Street;B: Evident Injury;Nash;19;Cloudy;#NULL!;11-15 mph;30 - 35  MPH;2012;Daylight;0-19
36.0658070833, -80.220003102;"{""type"": ""Point"", ""coordinates"": [-80.22000310200885, 36.06580708329837]}";Hispanic;Winston-Salem;Travel Lane;2;17;Urban (>70% Developed);Male;Passenger Car;0;#NULL!;0;0;Black;No;0;6-10;Bicyclist Ride Through - Sign-Controlled Intersection;None;No;No;Dry;0;Urban;No;25AUG2012;0;17:56;Female;No;Residential;C: Possible Injury;Yes;O: No Injury;2406;August;0;Straight - Level;Piedmont;With Traffic;Stop Sign;Saturday;Intersection-Related;9;0;Two-Way, Not Divided;2 lanes;0;#NULL!;#NULL!;Smooth Asphalt;#NULL!;Four-Way Intersection;Bicyclist Failed to Yield - Sign-Controlled Intersection;Local Street;C: Possible Injury;Forsyth;31;Clear;#NULL!;21-25 mph;30 - 35  MPH;2012;Daylight;30-39
35.926807141, -77.7882023583;"{""type"": ""Point"", ""coordinates"": [-77.78820235828881, 35.926807140955674]}";Black;Rocky Mount;Non-Roadway;2;17;Urban (>70% Developed);Female;Passenger Car;0;#NULL!;0;0;Black;No;0;30-39;Bicyclist Ride Through - Sign-Controlled Intersection;None;No;No;Dry;0;Urban;No;17AUG2012;0;17:47;Female;No;Residential;O: No Injury;No;O: No Injury;2392;August;0;Straight - Level;Coastal;Not Applicable;No Control Present;Friday;Intersection;33;0;Two-Way, Not Divided;2 lanes;0;#NULL!;#NULL!;Smooth Asphalt;#NULL!;Four-Way Intersection;Bicyclist Failed to Yield - Sign-Controlled Intersection;Local Street;O: No Injury;Edgecombe;20;Clear;#NULL!;31-35 mph;30 - 35  MPH;2012;Daylight;20-24