Geo Point;Geo Shape;BikeRace;City;BikePos;NumUnits;CrashHour;Locality;BikeSex;DrvrVehTyp;NumBikesNo;BikeAlcDrg;NumBikesBI;RteInvdCd;DrvrRace;Workzone;NumBikesCi;BikeAgeGrp;CrashType;RdDefects;CrashAlcoh;BikeAlcoho;RdConditio;DstncMiFrm;RuralUrban;HitRun;CrashDate;NumBikesUI;CrashTime;DrvrSex;DrvrAlcoho;Developmen;CrashSevr;AmbulanceR;DrvrInjury;OBJECTID;CrashMonth;NumBikesKi;RdCharacte;Region;BikeDir;TraffCntrl;CrashDay;CrashLoc;BikeAge;NumBikesTo;RdConfig;NumLanes;NumBikesAI;DrvrAlcDrg;OnRoad;RdSurface;Towrd_Rd;RdFeature;CrashGrp;RdClass;BikeInjury;County;DrvrAge;Weather;FrmRd;DrvrEstSpd;SpeedLimit;CrashYear;LightCond;DrvrAgeGrp
35.9220670996, -78.9363027061;"{""type"": ""Point"", ""coordinates"": [-78.9363027061036, 35.92206709958792]}";White;Durham;Travel Lane;2;8;Urban (>70% Developed);Female;Passenger Car;0;#NULL!;0;0;White;No;0;50-59;Motorist Drive Out - Sign-Controlled Intersection;None;No;No;Dry;0;Urban;No;12SEP2012;0;8:30;Female;No;Residential;O: No Injury;Yes;O: No Injury;2409;September;0;Curve - Level;Piedmont;With Traffic;Yield Sign;Wednesday;Intersection;51;0;Two-Way, Divided, Unprotected Median;2 lanes;0;#NULL!;#NULL!;Smooth Asphalt;#NULL!;Traffic Circle/Roundabout;Motorist Failed to Yield - Sign-Controlled Intersection;Local Street;O: No Injury;Durham;70+;Clear;#NULL!;6-10 mph;30 - 35  MPH;2012;Daylight;70+
35.9214872101, -75.6783017116;"{""type"": ""Point"", ""coordinates"": [-75.67830171156074, 35.92148721012228]}";White;None - Rural Crash;Multi-use Path;2;14;Urban (>70% Developed);Male;Pickup;0;#NULL!;0;0;White;No;0;25-29;Motorist Drive Out - Signalized Intersection;None;No;No;Dry;0;Rural;No;13SEP2012;0;14:15;Male;No;Residential;O: No Injury;No;O: No Injury;2416;September;0;Straight - Level;Coastal;Facing Traffic;Stop And Go Signal;Thursday;Intersection-Related;25;0;Two-Way, Not Divided;2 lanes;0;#NULL!;#NULL!;Coarse Asphalt;#NULL!;T-Intersection;Motorist Failed to Yield - Signalized Intersection;State Secondary Route;O: No Injury;Dare;20;Clear;#NULL!;0-5 mph;30 - 35  MPH;2012;Daylight;20-24
35.5936970826, -77.3776022155;"{""type"": ""Point"", ""coordinates"": [-77.37760221549344, 35.593697082613346]}";White;Greenville;Travel Lane;2;14;Urban (>70% Developed);Male;Sport Utility;0;#NULL!;0;0;White;No;0;16-19;Motorist Overtaking - Bicyclist Swerved;None;No;No;Dry;0;Urban;No;11SEP2012;0;14:09;Female;No;Residential;B: Evident Injury;Yes;O: No Injury;2410;September;0;Straight - Level;Coastal;With Traffic;No Control Present;Tuesday;Intersection-Related;19;0;Two-Way, Not Divided;5 lanes;0;#NULL!;#NULL!;Coarse Asphalt;#NULL!;No Special Feature;Motorist Overtaking Bicyclist;State Secondary Route;B: Evident Injury;Pitt;34;Clear;#NULL!;36-40 mph;40 - 45  MPH;2012;Daylight;30-39
34.7671068323, -79.4624028046;"{""type"": ""Point"", ""coordinates"": [-79.46240280464643, 34.76710683230751]}";Unknown/Missing;Laurinburg;Travel Lane;2;18;Urban (>70% Developed);Male;Passenger Car;0;#NULL!;0;0;Black;No;0;0-5;Motorist Overtaking - Other / Unknown;None;No;No;Dry;0;Urban;No;25AUG2012;0;18:17;Female;No;Residential;C: Possible Injury;No;C: Possible Injury;2395;August;0;Straight - Level;Coastal;With Traffic;No Control Present;Saturday;Intersection-Related;5;0;Two-Way, Not Divided;2 lanes;0;#NULL!;#NULL!;Coarse Asphalt;#NULL!;No Special Feature;Motorist Overtaking Bicyclist;Local Street;Unknown Injury;Scotland;59;Clear;#NULL!;41-45 mph;30 - 35  MPH;2012;Daylight;50-59
36.0032071162, -78.9513027152;"{""type"": ""Point"", ""coordinates"": [-78.95130271519183, 36.0032071161893]}";White;Durham;Travel Lane;2;7;Urban (>70% Developed);Female;Passenger Car;0;#NULL!;0;0;Asian;No;0;25-29;Signalized Intersection - Other / Unknown;None;No;No;Dry;0;Urban;No;10SEP2012;0;7:02;Female;No;Commercial;C: Possible Injury;Yes;O: No Injury;2407;September;0;Straight - Level;Piedmont;Facing Traffic;Stop And Go Signal;Monday;Intersection;25;0;Two-Way, Not Divided;4 lanes;0;#NULL!;#NULL!;Smooth Asphalt;#NULL!;Four-Way Intersection;Crossing Paths - Other Circumstances;Local Street;C: Possible Injury;Durham;27;Clear;#NULL!;31-35 mph;30 - 35  MPH;2012;Daylight;25-29
35.5060569502, -80.6080031871;"{""type"": ""Point"", ""coordinates"": [-80.60800318707838, 35.50605695019881]}";White;Kannapolis;Travel Lane;2;18;Urban (>70% Developed);Male;Sport Utility;0;#NULL!;0;0;White;No;0;60-69;Parallel Paths - Other / Unknown;None;No;No;Dry;0;Urban;No;29AUG2012;0;18:26;Male;No;Commercial;C: Possible Injury;No;O: No Injury;2403;August;0;Straight - Level;Piedmont;With Traffic;No Control Present;Wednesday;Intersection-Related;64;0;Two-Way, Not Divided;2 lanes;0;#NULL!;#NULL!;Smooth Asphalt;#NULL!;No Special Feature;Parallel Paths - Other Circumstances;Local Street;C: Possible Injury;Rowan;44;Clear;#NULL!;16-20 mph;30 - 35  MPH;2012;Daylight;40-49
34.8982669461, -76.9214220424;"{""type"": ""Point"", ""coordinates"": [-76.9214220423632, 34.898266946058314]}";White;Havelock;Travel Lane;2;7;Urban (>70% Developed);Male;Van;0;#NULL!;0;0;White;No;0;11-15;Bicyclist Ride Out - Sign-Controlled Intersection;None;Yes;Yes;Dry;0;Urban;No;05MAY2010;0;7:12;Female;No;Residential;B: Evident Injury;No;O: No Injury;4012;May;0;Straight - Level;Coastal;With Traffic;No Control Present;Wednesday;Intersection;11;0;Two-Way, Not Divided;2 lanes;0;#NULL!;#NULL!;Smooth Asphalt;#NULL!;No Special Feature;Bicyclist Failed to Yield - Sign-Controlled Intersection;Local Street;B: Evident Injury;Craven;55;Clear;#NULL!;21-25 mph;20 - 25  MPH;2010;Daylight;50-59
34.8099869169, -77.235252134;"{""type"": ""Point"", ""coordinates"": [-77.23525213400126, 34.80998691688241]}";White;None - Rural Crash;Travel Lane;2;10;Mixed (30% To 70% Developed);Male;Pickup;0;#NULL!;0;0;White;No;0;70+;Bicyclist Overtaking - Other / Unknown;None;No;No;Dry;0;Rural;Yes;19JUN2010;0;10:02;Male;No;Residential;B: Evident Injury;Yes;O: No Injury;4015;June;0;Straight - Level;Coastal;With Traffic;No Control Present;Saturday;Non-Intersection;70+;0;Two-Way, Not Divided;2 lanes;0;#NULL!;#NULL!;Coarse Asphalt;#NULL!;No Special Feature;Bicyclist Overtaking Motorist;State Secondary Route;B: Evident Injury;Onslow;57;Clear;#NULL!;16-20 mph;50 - 55  MPH;2010;Daylight;50-59
35.1217168554, -80.9706072738;"{""type"": ""Point"", ""coordinates"": [-80.97060727378363, 35.121716855384534]}";White;Charlotte;Travel Lane;2;16;Urban (>70% Developed);Female;Passenger Car;0;#NULL!;0;0;Unknown/Missing;No;0;40-49;Bicyclist Overtaking - Parked Vehicle;None;No;No;Dry;0;Urban;No;03JUN2010;0;16:58;Unknown;Missing;Residential;B: Evident Injury;Yes;Unknown Injury;4022;June;0;Straight - Level;Piedmont;With Traffic;No Control Present;Thursday;Non-Intersection;43;0;One-Way, Not Divided;1 lane;0;#NULL!;#NULL!;Smooth Asphalt;#NULL!;No Special Feature;Bicyclist Overtaking Motorist;Local Street;B: Evident Injury;Mecklenburg;Unknown;Clear;#NULL!;Unknown;Unknown;2010;Daylight;Unknown
35.0669369147, -78.9488026651;"{""type"": ""Point"", ""coordinates"": [-78.9488026651454, 35.06693691469077]}";Black;Fayetteville;Sidewalk / Crosswalk / Driveway Crossing;2;16;Urban (>70% Developed);Male;Sport Utility;0;#NULL!;0;0;White;No;0;20-24;Motorist Drive Out - Midblock - Unknown;None;No;No;Dry;0;Urban;No;21JUN2010;0;16:58;Female;No;Commercial;C: Possible Injury;Yes;O: No Injury;4025;June;0;Straight - Level;Coastal;Facing Traffic;No Control Present;Monday;Non-Intersection;22;0;Two-Way, Not Divided;Unknown;0;#NULL!;#NULL!;Smooth Asphalt;#NULL!;Driveway, Public;Motorist Failed to Yield - Midblock;Public Vehicular Area;C: Possible Injury;Cumberland;25;Clear;#NULL!;0-5 mph;20 - 25  MPH;2010;Daylight;25-29
36.3110651955, -78.5527426116;"{""type"": ""Point"", ""coordinates"": [-78.55274261156941, 36.31106519551057]}";Black;None - Rural Crash;Travel Lane;2;14;Mixed (30% To 70% Developed);Male;Sport Utility;0;#NULL!;0;0;Black;No;0;40-49;Motorist Overtaking - Other / Unknown;None;No;No;Dry;0;Rural;No;20JUN2010;0;14:27;Male;No;Residential;C: Possible Injury;Yes;O: No Injury;4027;June;0;Curve - Level;Piedmont;With Traffic;Double Yellow Line, No Passing Zone;Sunday;Non-Intersection;49;0;Two-Way, Not Divided;2 lanes;0;#NULL!;#NULL!;Coarse Asphalt;#NULL!;No Special Feature;Motorist Overtaking Bicyclist;State Secondary Route;C: Possible Injury;Granville;17;Clear;#NULL!;41-45 mph;40 - 45  MPH;2010;Daylight;0-19
35.911640097, -78.9433927086;"{""type"": ""Point"", ""coordinates"": [-78.94339270861155, 35.9116400969811]}";White;Durham;Bike Lane / Paved Shoulder;2;18;Urban (>70% Developed);Female;Sport Utility;0;#NULL!;0;0;Black;No;0;50-59;Motorist Left Turn - Opposite Direction;None;No;No;Dry;0;Urban;No;21JUN2010;0;18:38;Male;No;Commercial;C: Possible Injury;Yes;O: No Injury;4028;June;0;Straight - Level;Piedmont;With Traffic;No Control Present;Monday;Intersection;51;0;Two-Way, Not Divided;3 lanes;0;#NULL!;#NULL!;Smooth Asphalt;#NULL!;No Special Feature;Motorist Left Turn / Merge;Local Street;C: Possible Injury;Durham;27;Clear;#NULL!;0-5 mph;40 - 45  MPH;2010;Daylight;25-29
35.0849529215, -78.8830976466;"{""type"": ""Point"", ""coordinates"": [-78.88309764655018, 35.084952921477914]}";Black;Fayetteville;Travel Lane;2;16;Urban (>70% Developed);Male;Passenger Car;0;#NULL!;0;0;Black;No;0;20-24;Head-On - Bicyclist;None;No;No;Dry;0;Urban;No;23JUN2010;0;16:20;Female;No;Residential;B: Evident Injury;Yes;O: No Injury;4032;June;0;Straight - Level;Coastal;Facing Traffic;No Control Present;Wednesday;Non-Intersection;21;0;Two-Way, Not Divided;4 lanes;0;#NULL!;#NULL!;Coarse Asphalt;#NULL!;No Special Feature;Head-On;Local Street;B: Evident Injury;Cumberland;33;Clear;#NULL!;41-45 mph;40 - 45  MPH;2010;Daylight;30-39
35.9756120627, -80.2488431056;"{""type"": ""Point"", ""coordinates"": [-80.24884310560176, 35.975612062682806]}";White;Midway;Travel Lane;2;13;Rural (<30% Developed);Male;Passenger Car;0;#NULL!;0;0;White;No;0;40-49;Motorist Drive Out - Sign-Controlled Intersection;None;No;No;Dry;0;Rural;No;28JUN2010;0;13:47;Female;No;Farms, Woods, Pastures;C: Possible Injury;No;O: No Injury;4050;June;0;Straight - Level;Piedmont;With Traffic;Stop Sign;Monday;Intersection;41;0;Two-Way, Not Divided;2 lanes;0;#NULL!;#NULL!;Smooth Asphalt;#NULL!;T-Intersection;Motorist Failed to Yield - Sign-Controlled Intersection;State Secondary Route;C: Possible Injury;Davidson;66;Clear;#NULL!;11-15 mph;40 - 45  MPH;2010;Daylight;60-69
34.0903537278, -78.1283523705;"{""type"": ""Point"", ""coordinates"": [-78.12835237054475, 34.09035372783943]}";White;None - Rural Crash;Bike Lane / Paved Shoulder;2;21;Rural (<30% Developed);Male;Police;0;#NULL!;0;0;White;No;0;11-15;Motorist Overtaking - Bicyclist Swerved;None;No;No;Wet;0;Rural;No;30JUN2010;0;21:09;Male;No;Farms, Woods, Pastures;B: Evident Injury;Yes;O: No Injury;4058;June;0;Straight - Level;Coastal;With Traffic;No Control Present;Wednesday;Non-Intersection;14;0;Two-Way, Not Divided;2 lanes;0;#NULL!;#NULL!;Smooth Asphalt;#NULL!;Driveway, Private;Motorist Overtaking Bicyclist;State Secondary Route;B: Evident Injury;Brunswick;27;Cloudy;#NULL!;46-50 mph;50 - 55  MPH;2010;Dark - Roadway Not Lighted;25-29
34.6611168895, -77.0526520711;"{""type"": ""Point"", ""coordinates"": [-77.0526520711269, 34.66111688948625]}";White;Emerald Isle;Travel Lane;2;9;Urban (>70% Developed);Female;Passenger Car;0;#NULL!;0;0;White;No;0;40-49;Motorist Left Turn - Opposite Direction;None;No;No;Dry;0;Rural;No;18JUN2010;0;9:40;Male;No;Commercial;B: Evident Injury;Yes;O: No Injury;4060;June;0;Straight - Level;Coastal;Facing Traffic;No Control Present;Friday;Intersection;44;0;Two-Way, Not Divided;9 or more lanes;0;#NULL!;#NULL!;Coarse Asphalt;#NULL!;Four-Way Intersection;Motorist Left Turn / Merge;NC Route;B: Evident Injury;Carteret;25;Clear;#NULL!;41-45 mph;20 - 25  MPH;2010;Daylight;25-29
35.1690970411, -75.8157017177;"{""type"": ""Point"", ""coordinates"": [-75.81570171769654, 35.16909704109342]}";White;None - Rural Crash;Travel Lane;2;16;Rural (<30% Developed);Male;Sport Utility;0;#NULL!;0;0;White;No;0;40-49;Motorist Right Turn - Same Direction;None;Yes;No;Dry;0;Rural;No;01JUL2010;0;16:10;Male;Yes;Farms, Woods, Pastures;B: Evident Injury;Yes;O: No Injury;4064;July;0;Straight - Level;Coastal;With Traffic;No Control Present;Thursday;Non-Intersection;45;0;Two-Way, Not Divided;2 lanes;0;#NULL!;#NULL!;Smooth Asphalt;#NULL!;No Special Feature;Motorist Right Turn / Merge;NC Route;B: Evident Injury;Dare;49;Clear;#NULL!;41-45 mph;50 - 55  MPH;2010;Daylight;40-49
36.0935370834, -80.3762931508;"{""type"": ""Point"", ""coordinates"": [-80.37629315081385, 36.093537083396775]}";White;Winston-Salem;Travel Lane;2;19;Urban (>70% Developed);Male;Passenger Car;0;#NULL!;0;0;White;No;0;40-49;Motorist Left Turn - Opposite Direction;None;No;No;Dry;0;Urban;No;20JUN2010;0;19:19;Female;No;Commercial;A: Disabling Injury;Yes;O: No Injury;4082;June;0;Straight - Grade;Piedmont;With Traffic;Stop And Go Signal;Sunday;Intersection;41;0;Two-Way, Not Divided;2 lanes;0;#NULL!;#NULL!;Coarse Asphalt;#NULL!;Four-Way Intersection;Motorist Left Turn / Merge;Local Street;A: Disabling Injury;Forsyth;41;Clear;#NULL!;6-10 mph;30 - 35  MPH;2010;Daylight;40-49
35.5185810347, -78.3168284972;"{""type"": ""Point"", ""coordinates"": [-78.31682849724986, 35.51858103472239]}";White;Smithfield;Sidewalk / Crosswalk / Driveway Crossing;2;16;Urban (>70% Developed);Male;Passenger Car;0;#NULL!;0;0;White;No;0;30-39;Motorist Drive Out - Midblock - Unknown;None;No;No;Dry;0;Urban;No;25JUN2010;0;16:44;Male;No;Commercial;B: Evident Injury;Yes;O: No Injury;4084;June;0;Straight - Level;Coastal;Facing Traffic;No Control Present;Friday;Non-Intersection;33;0;One-Way, Not Divided;Unknown;0;#NULL!;#NULL!;Coarse Asphalt;#NULL!;No Special Feature;Motorist Failed to Yield - Midblock;Public Vehicular Area;B: Evident Injury;Johnston;46;Clear;#NULL!;Unknown;Unknown;2010;Daylight;40-49
35.2500948891, -80.7788232242;"{""type"": ""Point"", ""coordinates"": [-80.77882322417716, 35.25009488906126]}";Black;Charlotte;Travel Lane;2;11;Urban (>70% Developed);Male;Van;0;#NULL!;0;0;Black;No;0;16-19;Bicyclist Ride Out - Commercial Driveway / Alley;None;No;No;Dry;0;Urban;No;25JUN2010;0;11:38;Male;No;Commercial;C: Possible Injury;No;O: No Injury;4085;June;0;Straight - Level;Piedmont;Not Applicable;No Control Present;Friday;Non-Intersection;17;0;Two-Way, Divided, Unprotected Median;4 lanes;0;#NULL!;#NULL!;Coarse Asphalt;#NULL!;No Special Feature;Bicyclist Failed to Yield - Midblock;Local Street;C: Possible Injury;Mecklenburg;70+;Clear;#NULL!;26-30 mph;30 - 35  MPH;2010;Daylight;70+
35.5424970667, -77.5449522646;"{""type"": ""Point"", ""coordinates"": [-77.54495226463159, 35.54249706667214]}";White;None - Rural Crash;Travel Lane;2;12;Mixed (30% To 70% Developed);Male;Pickup;0;#NULL!;0;0;Black;No;0;40-49;Motorist Overtaking - Misjudged Space;None;No;No;Dry;0;Rural;No;08JUL2010;0;12:57;Male;No;Farms, Woods, Pastures;B: Evident Injury;Yes;O: No Injury;4086;July;0;Straight - Level;Coastal;With Traffic;Double Yellow Line, No Passing Zone;Thursday;Non-Intersection;44;0;Two-Way, Not Divided;2 lanes;0;#NULL!;#NULL!;Smooth Asphalt;#NULL!;No Special Feature;Motorist Overtaking Bicyclist;NC Route;B: Evident Injury;Pitt;70+;Clear;#NULL!;51-55 mph;50 - 55  MPH;2010;Daylight;70+
35.3914099261, -80.5936531767;"{""type"": ""Point"", ""coordinates"": [-80.59365317669699, 35.39140992614448]}";White;Concord;Travel Lane;2;12;Urban (>70% Developed);Female;Unknown;0;#NULL!;0;0;Unknown/Missing;No;0;16-19;Bicyclist Left Turn - Same Direction;Unknown;No;No;Dry;0;Urban;Yes;29JUN2010;0;12:53;Unknown;Missing;Residential;B: Evident Injury;No;Unknown Injury;4090;June;0;Straight - Bottom;Piedmont;With Traffic;Stop Sign;Tuesday;Non-Intersection;17;0;Two-Way, Not Divided;2 lanes;0;#NULL!;#NULL!;Coarse Asphalt;#NULL!;T-Intersection;Bicyclist Left Turn / Merge;Local Street;B: Evident Injury;Cabarrus;Unknown;Clear;#NULL!;31-35 mph;30 - 35  MPH;2010;Daylight;Unknown
35.5888128943, -82.5506477685;"{""type"": ""Point"", ""coordinates"": [-82.55064776848089, 35.58881289431307]}";Black;Asheville;Travel Lane;2;10;Urban (>70% Developed);Male;Sport Utility;0;#NULL!;0;0;White;No;0;60-69;Head-On - Bicyclist;None;No;No;Dry;0;Urban;No;01JUL2010;0;10:33;Male;No;Commercial;B: Evident Injury;Yes;O: No Injury;4092;July;0;Straight - Level;Mountains;Facing Traffic;Double Yellow Line, No Passing Zone;Thursday;Non-Intersection;60;0;Two-Way, Not Divided;5 lanes;0;#NULL!;#NULL!;Smooth Asphalt;#NULL!;No Special Feature;Head-On;Local Street;B: Evident Injury;Buncombe;43;Clear;#NULL!;0-5 mph;40 - 45  MPH;2010;Daylight;40-49
35.0261488418, -80.7628532075;"{""type"": ""Point"", ""coordinates"": [-80.76285320747535, 35.02614884177693]}";White;Weddington;Sidewalk / Crosswalk / Driveway Crossing;2;16;Urban (>70% Developed);Male;Passenger Car;0;#NULL!;0;0;White;No;0;60-69;Motorist Drive Out - Sign-Controlled Intersection;None;No;No;Dry;0;Urban;No;14JUL2010;0;16:19;Female;No;Commercial;B: Evident Injury;Yes;O: No Injury;4097;July;0;Straight - Hillcrest;Piedmont;Facing Traffic;Stop Sign;Wednesday;Intersection;63;0;Two-Way, Not Divided;1 lane;0;#NULL!;#NULL!;Coarse Asphalt;#NULL!;T-Intersection;Motorist Failed to Yield - Sign-Controlled Intersection;Public Vehicular Area;B: Evident Injury;Union;18;Clear;#NULL!;0-5 mph;Unknown;2010;Daylight;0-19
34.2387347711, -77.8283822861;"{""type"": ""Point"", ""coordinates"": [-77.8283822860953, 34.23873477113098]}";White;Wilmington;Travel Lane;2;14;Urban (>70% Developed);Female;Van;0;#NULL!;0;0;White;No;0;50-59;Bicyclist Ride Through - Signalized Intersection;None;No;No;Dry;0;Urban;No;08JUL2010;0;14:27;Female;No;Commercial;B: Evident Injury;Yes;O: No Injury;4111;July;0;Straight - Level;Coastal;With Traffic;Stop And Go Signal;Thursday;Intersection;55;0;Two-Way, Divided, Positive Median Barrier;9 or more lanes;0;#NULL!;#NULL!;Smooth Asphalt;#NULL!;No Special Feature;Bicyclist Failed to Yield - Signalized Intersection;Local Street;B: Evident Injury;New Hanover;50;Clear;#NULL!;31-35 mph;40 - 45  MPH;2010;Daylight;50-59
35.9368071035, -78.8996526962;"{""type"": ""Point"", ""coordinates"": [-78.89965269618067, 35.9368071035431]}";Unknown/Missing;Durham;Travel Lane;2;16;Urban (>70% Developed);Male;Unknown;0;#NULL!;0;0;Unknown/Missing;No;0;6-10;Bicyclist Ride Out - Other Midblock;None;No;No;Dry;0;Urban;Yes;03JUL2010;0;16:17;Unknown;Missing;Residential;Unknown Injury;No;Unknown Injury;4113;July;0;Straight - Level;Piedmont;Not Applicable;No Control Present;Saturday;Non-Intersection;10;0;Two-Way, Divided, Unprotected Median;2 lanes;0;#NULL!;#NULL!;Smooth Asphalt;#NULL!;No Special Feature;Bicyclist Failed to Yield - Midblock;Local Street;Unknown Injury;Durham;Unknown;Clear;#NULL!;6-10 mph;5 - 15 MPH;2010;Daylight;Unknown
35.6468919856, -80.4582131499;"{""type"": ""Point"", ""coordinates"": [-80.45821314989719, 35.64689198558913]}";Black;Salisbury;Travel Lane;2;17;Urban (>70% Developed);Male;Passenger Car;0;#NULL!;0;0;White;No;0;50-59;Motorist Drive Out - Sign-Controlled Intersection;None;Yes;Yes;Dry;0;Urban;No;22JUL2010;0;17:47;Female;No;Residential;B: Evident Injury;Yes;O: No Injury;4123;July;0;Straight - Level;Piedmont;Facing Traffic;Stop Sign;Thursday;Intersection;50;0;Two-Way, Not Divided;2 lanes;0;#NULL!;#NULL!;Coarse Asphalt;#NULL!;T-Intersection;Motorist Failed to Yield - Sign-Controlled Intersection;Local Street;B: Evident Injury;Rowan;24;Clear;#NULL!;0-5 mph;30 - 35  MPH;2010;Daylight;20-24
35.7598830725, -78.7283276348;"{""type"": ""Point"", ""coordinates"": [-78.72832763479143, 35.75988307248492]}";Other;Raleigh;Travel Lane;2;21;Urban (>70% Developed);Female;Passenger Car;0;#NULL!;0;0;White;No;0;20-24;Motorist Overtaking - Misjudged Space;None;No;No;Dry;0;Urban;No;21JUN2010;0;21:00;Female;No;Residential;B: Evident Injury;Yes;O: No Injury;4124;June;0;Straight - Level;Piedmont;With Traffic;No Control Present;Monday;Intersection;21;0;Two-Way, Not Divided;2 lanes;0;#NULL!;#NULL!;Smooth Asphalt;#NULL!;No Special Feature;Motorist Overtaking Bicyclist;Local Street;B: Evident Injury;Wake;22;Clear;#NULL!;41-45 mph;40 - 45  MPH;2010;Dark - Lighted Roadway;20-24
36.0734572425, -75.6981017247;"{""type"": ""Point"", ""coordinates"": [-75.69810172473524, 36.07345724254986]}";White;Kitty Hawk;Travel Lane;2;21;Urban (>70% Developed);Male;Sport Utility;0;#NULL!;0;0;White;No;0;40-49;Bicyclist Left Turn - Opposite Direction;None;Yes;Yes;Dry;0;Rural;No;19JUN2010;0;21:55;Male;No;Commercial;B: Evident Injury;Yes;O: No Injury;4125;June;0;Straight - Level;Coastal;With Traffic;No Control Present;Saturday;Non-Intersection;40;0;Two-Way, Not Divided;5 lanes;0;#NULL!;#NULL!;Coarse Asphalt;#NULL!;No Special Feature;Bicyclist Left Turn / Merge;US Route;B: Evident Injury;Dare;18;Clear;#NULL!;46-50 mph;50 - 55  MPH;2010;Dark - Roadway Not Lighted;0-19
36.0887712459, -75.7074417287;"{""type"": ""Point"", ""coordinates"": [-75.70744172873175, 36.08877124586665]}";White;Kitty Hawk;Travel Lane;2;15;Mixed (30% To 70% Developed);Female;Sport Utility;0;#NULL!;0;0;White;No;0;16-19;Motorist Drive Out - Commercial Driveway / Alley;None;No;No;Dry;0;Rural;No;14JUN2010;0;15:27;Male;No;Commercial;B: Evident Injury;Yes;O: No Injury;4127;June;0;Straight - Level;Coastal;Facing Traffic;No Control Present;Monday;Non-Intersection;19;0;Two-Way, Not Divided;5 lanes;0;#NULL!;#NULL!;Coarse Asphalt;#NULL!;Driveway, Public;Motorist Failed to Yield - Midblock;US Route;B: Evident Injury;Dare;18;Clear;#NULL!;0-5 mph;50 - 55  MPH;2010;Daylight;0-19
35.2751608941, -80.7936132302;"{""type"": ""Point"", ""coordinates"": [-80.79361323021372, 35.27516089412008]}";Black;Charlotte;Sidewalk / Crosswalk / Driveway Crossing;2;11;Urban (>70% Developed);Male;Pickup;0;#NULL!;0;0;White;No;0;40-49;Motorist Drive Out - Commercial Driveway / Alley;None;No;No;Dry;0;Urban;No;21JUL2010;0;11:45;Male;No;Commercial;A: Disabling Injury;Yes;O: No Injury;4136;July;0;Straight - Level;Piedmont;Facing Traffic;No Control Present;Wednesday;Non-Intersection;41;0;Two-Way, Not Divided;Unknown;0;#NULL!;#NULL!;Concrete;#NULL!;Other;Motorist Failed to Yield - Midblock;Unknown;A: Disabling Injury;Mecklenburg;28;Clear;#NULL!;0-5 mph;20 - 25  MPH;2010;Daylight;25-29
35.2623248782, -81.1539033365;"{""type"": ""Point"", ""coordinates"": [-81.15390333645146, 35.262324878179214]}";Black;Gastonia;Travel Lane;2;15;Urban (>70% Developed);Male;Passenger Car;0;#NULL!;0;0;White;No;0;40-49;Signalized Intersection - Other / Unknown;None;No;No;Dry;0;Urban;No;27JUL2010;0;15:57;Male;No;Commercial;C: Possible Injury;Yes;O: No Injury;4167;July;0;Straight - Level;Piedmont;With Traffic;Stop And Go Signal;Tuesday;Intersection;47;0;Two-Way, Not Divided;2 lanes;0;#NULL!;#NULL!;Smooth Asphalt;#NULL!;Four-Way Intersection;Crossing Paths - Other Circumstances;Local Street;C: Possible Injury;Gaston;70+;Clear;#NULL!;Unknown;30 - 35  MPH;2010;Daylight;70+
34.8512768995, -78.0315323771;"{""type"": ""Point"", ""coordinates"": [-78.03153237707636, 34.8512768994922]}";Black;None - Rural Crash;Travel Lane;2;23;Rural (<30% Developed);Male;Pickup;0;#NULL!;0;0;White;No;0;50-59;Motorist Overtaking - Misjudged Space;None;No;No;Dry;0;Rural;No;05AUG2010;0;23:07;Male;No;Farms, Woods, Pastures;C: Possible Injury;Yes;O: No Injury;4173;August;0;Straight - Level;Coastal;With Traffic;Double Yellow Line, No Passing Zone;Thursday;Non-Intersection;54;0;Two-Way, Not Divided;2 lanes;0;#NULL!;#NULL!;Coarse Asphalt;#NULL!;No Special Feature;Motorist Overtaking Bicyclist;US Route;C: Possible Injury;Duplin;32;Cloudy;#NULL!;51-55 mph;50 - 55  MPH;2010;Dark - Roadway Not Lighted;30-39
35.7882840809, -78.64207761;"{""type"": ""Point"", ""coordinates"": [-78.6420776100417, 35.788284080914494]}";White;Raleigh;Travel Lane;2;20;Urban (>70% Developed);Female;Pickup;0;#NULL!;0;0;Black;No;0;30-39;Bicycle Only;None;No;No;Dry;0;Urban;No;20JUL2010;0;20:07;Male;No;Commercial;C: Possible Injury;Yes;O: No Injury;4176;July;0;Straight - Level;Piedmont;With Traffic;Stop And Go Signal;Tuesday;Intersection;30;0;Two-Way, Not Divided;5 lanes;0;#NULL!;#NULL!;Smooth Asphalt;#NULL!;T-Intersection;Other / Unusual Circumstances;Local Street;C: Possible Injury;Wake;35;Cloudy;#NULL!;0-5 mph;30 - 35  MPH;2010;Daylight;30-39
36.0696570765, -80.4153731607;"{""type"": ""Point"", ""coordinates"": [-80.41537316066866, 36.069657076455236]}";White;Clemmons;Travel Lane;2;10;Mixed (30% To 70% Developed);Male;Passenger Car;0;#NULL!;0;0;White;No;0;30-39;Motorist Turning Error - Right Turn;None;No;No;Dry;0;Urban;Yes;16JUL2010;0;10:30;Female;No;Residential;A: Disabling Injury;Yes;O: No Injury;4177;July;0;Straight - Level;Piedmont;With Traffic;Stop Sign;Friday;Intersection-Related;34;0;Two-Way, Not Divided;2 lanes;0;#NULL!;#NULL!;Coarse Asphalt;#NULL!;T-Intersection;Loss of Control / Turning Error;Local Street;A: Disabling Injury;Forsyth;32;Clear;#NULL!;41-45 mph;40 - 45  MPH;2010;Daylight;30-39