Geo Point;Geo Shape;BikeRace;City;BikePos;NumUnits;CrashHour;Locality;BikeSex;DrvrVehTyp;NumBikesNo;BikeAlcDrg;NumBikesBI;RteInvdCd;DrvrRace;Workzone;NumBikesCi;BikeAgeGrp;CrashType;RdDefects;CrashAlcoh;BikeAlcoho;RdConditio;DstncMiFrm;RuralUrban;HitRun;CrashDate;NumBikesUI;CrashTime;DrvrSex;DrvrAlcoho;Developmen;CrashSevr;AmbulanceR;DrvrInjury;OBJECTID;CrashMonth;NumBikesKi;RdCharacte;Region;BikeDir;TraffCntrl;CrashDay;CrashLoc;BikeAge;NumBikesTo;RdConfig;NumLanes;NumBikesAI;DrvrAlcDrg;OnRoad;RdSurface;Towrd_Rd;RdFeature;CrashGrp;RdClass;BikeInjury;County;DrvrAge;Weather;FrmRd;DrvrEstSpd;SpeedLimit;CrashYear;LightCond;DrvrAgeGrp
35.9211531129, -78.5443675873;"{""type"": ""Point"", ""coordinates"": [-78.54436758733029, 35.92115311287486]}";White;Wake Forest;Sidewalk / Crosswalk / Driveway Crossing;2;17;Urban (>70% Developed);Male;Sport Utility;0;#NULL!;0;0;White;No;0;50-59;Motorist Drive Out - Midblock - Unknown;None;No;No;Dry;0;Urban;No;06JUL2010;0;17:38;Male;No;Commercial;B: Evident Injury;Yes;O: No Injury;4196;July;0;Straight - Level;Piedmont;Facing Traffic;No Control Present;Tuesday;Non-Intersection;50;0;Two-Way, Divided, Unprotected Median;4 lanes;0;#NULL!;#NULL!;Smooth Asphalt;#NULL!;No Special Feature;Motorist Failed to Yield - Midblock;US Route;B: Evident Injury;Wake;46;Clear;#NULL!;0-5 mph;50 - 55  MPH;2010;Daylight;40-49
35.2341168845, -80.8222382365;"{""type"": ""Point"", ""coordinates"": [-80.82223823652859, 35.234116884485715]}";Black;Charlotte;Travel Lane;2;2;Urban (>70% Developed);Male;Passenger Car;0;#NULL!;0;0;White;No;0;20-24;Motorist Drive Through - Sign-Controlled Intersection;None;No;No;Dry;0;Urban;No;30JUL2010;0;2:30;Female;No;Residential;B: Evident Injury;Yes;O: No Injury;4197;July;0;Straight - Level;Piedmont;Facing Traffic;Stop Sign;Friday;Intersection;22;0;Two-Way, Divided, Unprotected Median;2 lanes;0;#NULL!;#NULL!;Smooth Asphalt;#NULL!;Four-Way Intersection;Motorist Failed to Yield - Sign-Controlled Intersection;Local Street;B: Evident Injury;Mecklenburg;55;Clear;#NULL!;16-20 mph;30 - 35  MPH;2010;Daylight;50-59
35.591544075, -77.5901722807;"{""type"": ""Point"", ""coordinates"": [-77.59017228071117, 35.59154407496597]}";Black;Farmville;Travel Lane;2;16;Urban (>70% Developed);Male;Van;0;#NULL!;0;0;Black;No;0;30-39;Bicyclist Left Turn - Same Direction;None;No;No;Dry;0;Rural;No;04AUG2010;0;16:28;Female;No;Residential;B: Evident Injury;No;O: No Injury;4198;August;0;Straight - Level;Coastal;With Traffic;Yield Sign;Wednesday;Intersection;31;0;Two-Way, Not Divided;2 lanes;0;#NULL!;#NULL!;Smooth Asphalt;#NULL!;Four-Way Intersection;Bicyclist Left Turn / Merge;Local Street;B: Evident Injury;Pitt;68;Clear;#NULL!;21-25 mph;30 - 35  MPH;2010;Daylight;60-69
35.8420100948, -78.5752225932;"{""type"": ""Point"", ""coordinates"": [-78.57522259316391, 35.84201009477913]}";White;Raleigh;Travel Lane;2;22;Urban (>70% Developed);Male;Passenger Car;0;#NULL!;0;0;Hispanic;No;0;30-39;Motorist Drive Out - Sign-Controlled Intersection;None;No;No;Wet;0;Urban;No;29JUL2010;0;22:24;Male;No;Commercial;B: Evident Injury;Yes;O: No Injury;4199;July;0;Straight - Grade;Piedmont;With Traffic;Stop Sign;Thursday;Intersection;35;0;Two-Way, Divided, Unprotected Median;4 lanes;0;#NULL!;#NULL!;Smooth Asphalt;#NULL!;No Special Feature;Motorist Failed to Yield - Sign-Controlled Intersection;NC Route;B: Evident Injury;Wake;33;Rain;#NULL!;0-5 mph;40 - 45  MPH;2010;Dark - Lighted Roadway;30-39
35.5165510342, -78.322497499;"{""type"": ""Point"", ""coordinates"": [-78.32249749897868, 35.51655103419126]}";Black;Smithfield;Travel Lane;2;15;Rural (<30% Developed);Male;Pickup;0;#NULL!;0;0;White;No;0;30-39;Bicyclist Ride Out - Sign-Controlled Intersection;None;No;No;Dry;0;Urban;No;04AUG2010;0;15:23;Male;No;Commercial;O: No Injury;Yes;O: No Injury;4206;August;0;Straight - Level;Coastal;With Traffic;Stop Sign;Wednesday;Intersection;38;0;Two-Way, Not Divided;5 lanes;0;#NULL!;#NULL!;Grooved Concrete;#NULL!;T-Intersection;Bicyclist Failed to Yield - Sign-Controlled Intersection;US Route;O: No Injury;Johnston;57;Clear;#NULL!;31-35 mph;30 - 35  MPH;2010;Daylight;50-59
35.7250470602, -78.8572926717;"{""type"": ""Point"", ""coordinates"": [-78.8572926716952, 35.7250470602103]}";Black;Apex;Sidewalk / Crosswalk / Driveway Crossing;2;14;Urban (>70% Developed);Male;Passenger Car;0;#NULL!;0;0;White;No;0;11-15;Motorist Lost Control - Other / Unknown;None;No;No;Dry;0;Urban;No;06AUG2010;0;14:57;Male;No;Residential;B: Evident Injury;Yes;O: No Injury;4210;August;0;Straight - Level;Piedmont;With Traffic;No Control Present;Friday;Intersection-Related;15;0;Two-Way, Not Divided;2 lanes;0;#NULL!;#NULL!;Smooth Asphalt;#NULL!;No Special Feature;Loss of Control / Turning Error;Local Street;B: Evident Injury;Wake;35;Clear;#NULL!;16-20 mph;20 - 25  MPH;2010;Daylight;30-39
36.0765411029, -79.7565129625;"{""type"": ""Point"", ""coordinates"": [-79.75651296252914, 36.07654110288607]}";Black;Greensboro;Travel Lane;2;18;Urban (>70% Developed);Male;Unknown;0;#NULL!;0;0;Unknown/Missing;No;0;16-19;Motorist Drive Out - Commercial Driveway / Alley;None;No;No;Dry;0;Urban;Yes;03AUG2010;0;18:03;Unknown;Missing;Commercial;C: Possible Injury;No;Unknown Injury;4212;August;0;Straight - Level;Piedmont;Facing Traffic;No Control Present;Tuesday;Non-Intersection;18;0;Two-Way, Not Divided;4 lanes;0;#NULL!;#NULL!;Smooth Asphalt;#NULL!;T-Intersection;Motorist Failed to Yield - Midblock;Local Street;C: Possible Injury;Guilford;Unknown;Clear;#NULL!;0-5 mph;Unknown;2010;Daylight;Unknown
34.8533969375, -76.8917020315;"{""type"": ""Point"", ""coordinates"": [-76.89170203149924, 34.85339693747572]}";White;None - Rural Crash;Travel Lane;2;1;Rural (<30% Developed);Male;Passenger Car;0;#NULL!;0;0;White;No;0;16-19;Motorist Overtaking - Undetected Bicyclist;None;No;No;Dry;0;Rural;No;16AUG2010;0;1:00;Male;No;Farms, Woods, Pastures;A: Disabling Injury;Yes;O: No Injury;4219;August;0;Curve - Level;Coastal;With Traffic;No Control Present;Monday;Non-Intersection;17;0;Two-Way, Divided, Unprotected Median;4 lanes;0;#NULL!;#NULL!;Coarse Asphalt;#NULL!;No Special Feature;Motorist Overtaking Bicyclist;US Route;A: Disabling Injury;Carteret;28;Clear;#NULL!;51-55 mph;50 - 55  MPH;2010;Dark - Roadway Not Lighted;25-29
36.0758240933, -79.9951630348;"{""type"": ""Point"", ""coordinates"": [-79.99516303480505, 36.07582409325918]}";White;None - Rural Crash;Travel Lane;3;12;Mixed (30% To 70% Developed);Male;Van;0;#NULL!;0;0;Unknown/Missing;No;0;30-39;Bicyclist Overtaking - Other / Unknown;None;No;No;Dry;0;Rural;No;07AUG2010;0;12:45;Unknown;Missing;Residential;B: Evident Injury;No;Unknown Injury;4222;August;0;Straight - Level;Piedmont;With Traffic;Double Yellow Line, No Passing Zone;Saturday;Non-Intersection;30;0;Two-Way, Not Divided;2 lanes;0;#NULL!;#NULL!;Smooth Asphalt;#NULL!;Related To Intersection;Bicyclist Overtaking Motorist;State Secondary Route;B: Evident Injury;Guilford;Unknown;Clear;#NULL!;Unknown;40 - 45  MPH;2010;Daylight;Unknown
35.9853510737, -80.0245330382;"{""type"": ""Point"", ""coordinates"": [-80.02453303818942, 35.98535107373067]}";White;High Point;Bike Lane / Paved Shoulder;2;20;Urban (>70% Developed);Male;Passenger Car;0;#NULL!;0;0;Black;No;0;60-69;Bicyclist Ride Out - Other Midblock;None;No;No;Dry;0;Urban;No;16AUG2010;0;20:50;Male;No;Commercial;B: Evident Injury;Yes;O: No Injury;4251;August;0;Straight - Level;Piedmont;Not Applicable;No Control Present;Monday;Non-Intersection;61;0;Two-Way, Divided, Unprotected Median;4 lanes;0;#NULL!;#NULL!;Smooth Asphalt;#NULL!;No Special Feature;Bicyclist Failed to Yield - Midblock;Local Street;B: Evident Injury;Guilford;23;Clear;#NULL!;31-35 mph;30 - 35  MPH;2010;Dark - Lighted Roadway;20-24
35.9425730645, -80.0090230317;"{""type"": ""Point"", ""coordinates"": [-80.00902303165867, 35.94257306453264]}";Black;High Point;Travel Lane;2;15;Urban (>70% Developed);Male;Passenger Car;0;#NULL!;0;0;Black;No;0;40-49;Motorist Drive Through - Sign-Controlled Intersection;None;No;No;Dry;0;Urban;No;18AUG2010;0;15:10;Male;No;Residential;B: Evident Injury;Yes;O: No Injury;4252;August;0;Straight - Grade;Piedmont;With Traffic;Stop Sign;Wednesday;Intersection;41;0;Two-Way, Not Divided;2 lanes;0;#NULL!;#NULL!;Smooth Asphalt;#NULL!;Four-Way Intersection;Motorist Failed to Yield - Sign-Controlled Intersection;Local Street;B: Evident Injury;Guilford;30;Cloudy;#NULL!;6-10 mph;30 - 35  MPH;2010;Daylight;30-39
35.7100369672, -81.3147334097;"{""type"": ""Point"", ""coordinates"": [-81.31473340969475, 35.71003696718829]}";White;Hickory;Travel Lane;2;22;Urban (>70% Developed);Male;Police;0;#NULL!;0;0;White;No;0;40-49;Motorist Overtaking - Undetected Bicyclist;None;No;No;Dry;0;Urban;No;16AUG2010;0;22:17;Male;No;Commercial;B: Evident Injury;Yes;O: No Injury;4259;August;0;Straight - Grade;Piedmont;With Traffic;No Control Present;Monday;Non-Intersection;48;0;Two-Way, Not Divided;5 lanes;0;#NULL!;#NULL!;Coarse Asphalt;#NULL!;No Special Feature;Motorist Overtaking Bicyclist;US Route;B: Evident Injury;Catawba;25;Cloudy;#NULL!;36-40 mph;50 - 55  MPH;2010;Daylight;25-29
35.2019648769, -80.8448332408;"{""type"": ""Point"", ""coordinates"": [-80.84483324082171, 35.20196487686991]}";Other;Charlotte;Bike Lane / Paved Shoulder;2;18;Urban (>70% Developed);Male;Passenger Car;0;#NULL!;0;0;Black;No;0;16-19;Motorist Left Turn - Opposite Direction;None;No;No;Dry;0;Urban;No;20AUG2010;0;18:47;Female;No;Commercial;B: Evident Injury;Yes;O: No Injury;4268;August;0;Straight - Level;Piedmont;Facing Traffic;Stop And Go Signal;Friday;Intersection;17;0;One-Way, Not Divided;2 lanes;0;#NULL!;#NULL!;Smooth Asphalt;#NULL!;Four-Way Intersection;Motorist Left Turn / Merge;Local Street;B: Evident Injury;Mecklenburg;55;Clear;#NULL!;6-10 mph;30 - 35  MPH;2010;Daylight;50-59
35.5714111411, -75.4639116286;"{""type"": ""Point"", ""coordinates"": [-75.4639116285919, 35.57141114111816]}";White;None - Rural Crash;Driveway / Alley;2;10;Mixed (30% To 70% Developed);Male;Pickup;0;#NULL!;0;0;White;No;0;6-10;Non-Roadway;None;No;No;Dry;0;Rural;No;30AUG2010;0;10:35;Male;No;Residential;B: Evident Injury;Yes;O: No Injury;4275;August;0;Straight - Level;Coastal;Not Applicable;No Control Present;Monday;Non-Roadway;6;0;Two-Way, Not Divided;2 lanes;0;#NULL!;#NULL!;Smooth Asphalt;#NULL!;No Special Feature;Non-Roadway;Private Road, Driveway;B: Evident Injury;Dare;39;Clear;#NULL!;0-5 mph;20 - 25  MPH;2010;Daylight;30-39
35.1739368725, -80.8035082267;"{""type"": ""Point"", ""coordinates"": [-80.80350822671221, 35.173936872456444]}";White;Charlotte;Travel Lane;2;9;Urban (>70% Developed);Male;Passenger Car;0;#NULL!;0;0;White;No;0;70+;Motorist Right Turn - Same Direction;None;No;No;Dry;0;Urban;No;25AUG2010;0;9:19;Male;No;Commercial;B: Evident Injury;No;O: No Injury;4280;August;0;Straight - Level;Piedmont;With Traffic;Stop Sign;Wednesday;Intersection;70+;0;Two-Way, Not Divided;6 lanes;0;#NULL!;#NULL!;Smooth Asphalt;#NULL!;T-Intersection;Motorist Right Turn / Merge;Local Street;B: Evident Injury;Mecklenburg;46;Cloudy;#NULL!;Unknown;20 - 25  MPH;2010;Daylight;40-49
35.0883709203, -78.9266926594;"{""type"": ""Point"", ""coordinates"": [-78.926692659367, 35.088370920300896]}";Black;Fayetteville;Travel Lane;2;2;Mixed (30% To 70% Developed);Male;Passenger Car;0;#NULL!;0;0;White;No;0;16-19;Bicyclist Ride Through - Signalized Intersection;None;No;No;Dry;0;Urban;No;22AUG2010;0;2:45;Male;No;Commercial;C: Possible Injury;No;O: No Injury;4281;August;0;Straight - Level;Coastal;With Traffic;Flashing Signal Without Stop Sign;Sunday;Intersection;16;0;Two-Way, Divided, Unprotected Median;4 lanes;0;#NULL!;#NULL!;Smooth Asphalt;#NULL!;No Special Feature;Bicyclist Failed to Yield - Signalized Intersection;Local Street;C: Possible Injury;Cumberland;33;Clear;#NULL!;26-30 mph;40 - 45  MPH;2010;Dark - Lighted Roadway;30-39
35.3145968966, -80.9595632815;"{""type"": ""Point"", ""coordinates"": [-80.95956328152505, 35.31459689660416]}";Black;Charlotte;Travel Lane;2;18;Urban (>70% Developed);Male;Light Truck (Mini-Van, Panel);0;#NULL!;0;0;Asian;No;0;6-10;Bicyclist Ride Through - Sign-Controlled Intersection;None;No;No;Dry;0;Urban;No;27AUG2010;0;18:15;Female;No;Residential;C: Possible Injury;Yes;O: No Injury;4287;August;0;Straight - Level;Piedmont;Facing Traffic;Stop Sign;Friday;Intersection;10;0;Two-Way, Not Divided;2 lanes;0;#NULL!;#NULL!;Smooth Asphalt;#NULL!;No Special Feature;Bicyclist Failed to Yield - Sign-Controlled Intersection;Local Street;C: Possible Injury;Mecklenburg;37;Clear;#NULL!;11-15 mph;30 - 35  MPH;2010;Daylight;30-39
36.3293272045, -78.4169325707;"{""type"": ""Point"", ""coordinates"": [-78.41693257066224, 36.329327204502846]}";Black;Henderson;Unknown;2;22;Mixed (30% To 70% Developed);Male;Unknown;0;#NULL!;0;0;Unknown/Missing;No;0;16-19;Unknown Approach Paths;None;No;No;Dry;0;Urban;Yes;28AUG2010;0;22:05;Unknown;Missing;Residential;C: Possible Injury;No;Unknown Injury;4288;August;0;Straight - Level;Piedmont;Unknown;Stop Sign;Saturday;Intersection;19;0;Two-Way, Not Divided;2 lanes;0;#NULL!;#NULL!;Smooth Asphalt;#NULL!;No Special Feature;Other / Unknown - Insufficient Details;Local Street;C: Possible Injury;Vance;Unknown;Clear;#NULL!;Unknown;30 - 35  MPH;2010;Daylight;Unknown
35.6589069886, -80.4610031509;"{""type"": ""Point"", ""coordinates"": [-80.46100315094148, 35.65890698856654]}";White;Salisbury;Travel Lane;2;12;Urban (>70% Developed);Male;Van;0;#NULL!;0;0;White;No;0;50-59;Motorist Drive Out - Sign-Controlled Intersection;None;No;No;Dry;0;Urban;No;29JUL2012;0;12:44;Male;No;Commercial;C: Possible Injury;Yes;O: No Injury;2259;July;0;Straight - Level;Piedmont;Facing Traffic;No Control Present;Sunday;Intersection;50;0;Two-Way, Not Divided;2 lanes;0;#NULL!;#NULL!;Smooth Asphalt;#NULL!;Driveway, Public;Motorist Failed to Yield - Sign-Controlled Intersection;Public Vehicular Area;C: Possible Injury;Rowan;48;Clear;#NULL!;0-5 mph;30 - 35  MPH;2012;Daylight;40-49
35.2322768839, -80.8248032363;"{""type"": ""Point"", ""coordinates"": [-80.82480323626183, 35.23227688385692]}";Black;Charlotte;Travel Lane;2;12;Urban (>70% Developed);Male;Passenger Car;0;#NULL!;0;0;Black;No;0;20-24;Crossing Paths - Intersection - Other / Unknown;None;No;No;Dry;0;Urban;No;21JUN2012;0;12:11;Female;No;Commercial;C: Possible Injury;Yes;O: No Injury;2250;June;0;Straight - Level;Piedmont;With Traffic;No Control Present;Thursday;Intersection;20;0;Two-Way, Not Divided;2 lanes;0;#NULL!;#NULL!;Smooth Asphalt;#NULL!;No Special Feature;Crossing Paths - Other Circumstances;Local Street;C: Possible Injury;Mecklenburg;22;Clear;#NULL!;16-20 mph;20 - 25  MPH;2012;Daylight;20-24
34.7964769068, -77.4378021948;"{""type"": ""Point"", ""coordinates"": [-77.43780219478901, 34.79647690681696]}";White;Jacksonville;Travel Lane;2;15;Urban (>70% Developed);Male;Pickup;0;#NULL!;0;0;Black;No;0;16-19;Bicyclist Ride Out - Signalized  Intersection;None;No;No;Dry;0;Urban;No;01JUL2012;0;15:54;Male;No;Commercial;B: Evident Injury;Yes;O: No Injury;2256;July;0;Straight - Level;Coastal;Facing Traffic;Stop And Go Signal;Sunday;Intersection;16;0;Two-Way, Not Divided;5 lanes;0;#NULL!;#NULL!;Smooth Asphalt;#NULL!;Four-Way Intersection;Bicyclist Failed to Yield - Signalized Intersection;Local Street;B: Evident Injury;Onslow;48;Clear;#NULL!;16-20 mph;40 - 45  MPH;2012;Daylight;40-49
34.4197168193, -77.5571022127;"{""type"": ""Point"", ""coordinates"": [-77.5571022127084, 34.419716819316335]}";White;Surf City;Travel Lane;2;8;Mixed (30% To 70% Developed);Male;Passenger Car;0;#NULL!;0;0;White;No;0;50-59;Motorist Left Turn - Opposite Direction;None;No;No;Dry;0;Rural;No;29JUL2012;0;8:00;Female;No;Residential;B: Evident Injury;Yes;O: No Injury;2258;July;0;Straight - Level;Coastal;With Traffic;No Control Present;Sunday;Intersection;55;0;Two-Way, Not Divided;2 lanes;0;#NULL!;#NULL!;Coarse Asphalt;#NULL!;T-Intersection;Motorist Left Turn / Merge;Local Street;B: Evident Injury;Pender;16;Clear;#NULL!;26-30 mph;30 - 35  MPH;2012;Daylight;0-19
35.15884687, -80.7893032221;"{""type"": ""Point"", ""coordinates"": [-80.78930322212096, 35.158846869960406]}";White;Charlotte;Sidewalk / Crosswalk / Driveway Crossing;2;8;Urban (>70% Developed);Female;Passenger Car;0;#NULL!;0;0;White;No;0;40-49;Motorist Drive Out - Sign-Controlled Intersection;None;No;Missing;Dry;0;Urban;No;06AUG2012;0;8:46;Male;No;Residential;B: Evident Injury;Yes;O: No Injury;2292;August;0;Straight - Level;Piedmont;Facing Traffic;Stop Sign;Monday;Intersection;45;0;Two-Way, Not Divided;6 lanes;0;#NULL!;#NULL!;Smooth Asphalt;#NULL!;T-Intersection;Motorist Failed to Yield - Sign-Controlled Intersection;Local Street;B: Evident Injury;Mecklenburg;65;Clear;#NULL!;0-5 mph;40 - 45  MPH;2012;Daylight;60-69
35.5690968905, -82.5444037653;"{""type"": ""Point"", ""coordinates"": [-82.54440376527901, 35.569096890507254]}";White;Asheville;Travel Lane;2;9;Urban (>70% Developed);Male;Passenger Car;0;#NULL!;0;0;White;No;0;25-29;Motorist Drive Out - Sign-Controlled Intersection;None;No;No;Dry;0;Urban;No;10AUG2012;0;9:52;Male;No;Commercial;C: Possible Injury;No;O: No Injury;2326;August;0;Straight - Level;Mountains;With Traffic;Stop Sign;Friday;Intersection;25;0;Two-Way, Not Divided;2 lanes;0;#NULL!;#NULL!;Smooth Asphalt;#NULL!;No Special Feature;Motorist Failed to Yield - Sign-Controlled Intersection;Local Street;C: Possible Injury;Buncombe;30;Clear;#NULL!;0-5 mph;30 - 35  MPH;2012;Dark - Unknown Lighting;30-39
35.9644270696, -80.0116030331;"{""type"": ""Point"", ""coordinates"": [-80.01160303312552, 35.96442706957293]}";Black;High Point;Travel Lane;2;17;Urban (>70% Developed);Male;Passenger Car;0;#NULL!;0;0;Black;No;0;50-59;Motorist Drive Out - Sign-Controlled Intersection;None;No;No;Dry;0;Urban;No;30JUL2012;0;17:26;Female;No;Commercial;C: Possible Injury;Yes;O: No Injury;2298;July;0;Straight - Level;Piedmont;With Traffic;Stop Sign;Monday;Intersection;51;0;Two-Way, Not Divided;5 lanes;0;#NULL!;#NULL!;Smooth Asphalt;#NULL!;T-Intersection;Motorist Failed to Yield - Sign-Controlled Intersection;NC Route;C: Possible Injury;Guilford;30;Clear;#NULL!;11-15 mph;30 - 35  MPH;2012;Daylight;30-39
36.0000672286, -75.6490017063;"{""type"": ""Point"", ""coordinates"": [-75.6490017062891, 36.00006722859449]}";White;Kill Devil Hills;Travel Lane;2;8;Urban (>70% Developed);Male;Pickup;0;#NULL!;0;0;White;No;0;40-49;Motorist Drive Out - Commercial Driveway / Alley;None;No;No;Wet;0;Urban;No;22JUL2012;0;8:27;Male;No;Residential;C: Possible Injury;Yes;O: No Injury;2261;July;0;Straight - Level;Coastal;With Traffic;No Control Present;Sunday;Non-Intersection;40;0;Two-Way, Not Divided;2 lanes;0;#NULL!;#NULL!;Coarse Asphalt;#NULL!;Related To Intersection;Motorist Failed to Yield - Midblock;NC Route;C: Possible Injury;Dare;44;Cloudy;#NULL!;6-10 mph;30 - 35  MPH;2012;Daylight;40-49
35.4661369944, -79.1590027492;"{""type"": ""Point"", ""coordinates"": [-79.15900274920494, 35.466136994352766]}";White;Sanford;Travel Lane;2;18;Urban (>70% Developed);Male;Pickup;0;#NULL!;0;0;White;No;0;60-69;Signalized Intersection - Other / Unknown;None;No;No;Dry;0;Urban;No;29JUL2012;0;18:13;Male;No;Commercial;C: Possible Injury;Yes;O: No Injury;2306;July;0;Straight - Hillcrest;Piedmont;Facing Traffic;Stop And Go Signal;Sunday;Intersection;65;0;Two-Way, Not Divided;5 lanes;0;#NULL!;#NULL!;Coarse Asphalt;#NULL!;Related To Intersection;Crossing Paths - Other Circumstances;Local Street;C: Possible Injury;Lee;42;Clear;#NULL!;6-10 mph;30 - 35  MPH;2012;Daylight;40-49
34.1845967554, -77.9305023154;"{""type"": ""Point"", ""coordinates"": [-77.9305023153618, 34.184596755400555]}";White;Wilmington;Travel Lane;2;13;Urban (>70% Developed);Female;Sport Utility;0;#NULL!;0;0;White;No;0;30-39;Motorist Left Turn - Opposite Direction;None;No;No;Wet;0;Urban;No;11AUG2012;0;13:32;Male;No;Commercial;B: Evident Injury;Yes;O: No Injury;2320;August;0;Straight - Level;Coastal;With Traffic;No Control Present;Saturday;Intersection;32;0;One-Way, Not Divided;5 lanes;0;#NULL!;#NULL!;Coarse Asphalt;#NULL!;No Special Feature;Motorist Left Turn / Merge;Local Street;B: Evident Injury;New Hanover;29;Rain;#NULL!;0-5 mph;40 - 45  MPH;2012;Daylight;25-29
35.601487085, -77.3755022152;"{""type"": ""Point"", ""coordinates"": [-77.37550221519943, 35.6014870850184]}";Black;Greenville;Travel Lane;2;18;Urban (>70% Developed);Male;Pickup;0;#NULL!;0;0;Black;No;0;40-49;Motorist Overtaking - Misjudged Space;None;No;No;Dry;0;Urban;No;26JUL2012;0;18:31;Male;No;Commercial;C: Possible Injury;Yes;O: No Injury;2276;July;0;Straight - Level;Coastal;With Traffic;No Control Present;Thursday;Non-Intersection;48;0;Two-Way, Not Divided;5 lanes;0;#NULL!;#NULL!;Coarse Asphalt;#NULL!;No Special Feature;Motorist Overtaking Bicyclist;State Secondary Route;C: Possible Injury;Pitt;46;Clear;#NULL!;6-10 mph;40 - 45  MPH;2012;Daylight;40-49
35.6120769031, -82.4417037377;"{""type"": ""Point"", ""coordinates"": [-82.44170373765331, 35.61207690308822]}";White;None - Rural Crash;Travel Lane;2;15;Mixed (30% To 70% Developed);Female;Sport Utility;0;#NULL!;0;0;White;No;0;20-24;Head-On - Bicyclist;None;Yes;No;Dry;0;Rural;No;03AUG2012;0;15:01;Female;Yes;Institutional;B: Evident Injury;Yes;O: No Injury;2286;August;0;Curve - Grade;Mountains;Facing Traffic;No Control Present;Friday;Non-Intersection;22;0;Two-Way, Not Divided;2 lanes;0;#NULL!;#NULL!;Smooth Asphalt;#NULL!;Driveway, Public;Head-On;Public Vehicular Area;B: Evident Injury;Buncombe;23;Clear;#NULL!;11-15 mph;Unknown;2012;Daylight;20-24
35.2300168842, -80.8157032336;"{""type"": ""Point"", ""coordinates"": [-80.81570323358478, 35.230016884215715]}";Black;Charlotte;Non-Roadway;2;16;Urban (>70% Developed);Male;Passenger Car;0;#NULL!;0;0;Unknown/Missing;No;0;40-49;Non-Roadway;None;No;No;Dry;0;Urban;No;15JUL2012;0;16:17;Unknown;Missing;Residential;C: Possible Injury;Yes;Unknown Injury;2285;July;0;Straight - Level;Piedmont;Not Applicable;No Control Present;Sunday;Non-Roadway;48;0;One-Way, Not Divided;1 lane;0;#NULL!;#NULL!;Sand;#NULL!;Driveway, Private;Non-Roadway;Public Vehicular Area;C: Possible Injury;Mecklenburg;Unknown;Clear;#NULL!;Unknown;30 - 35  MPH;2012;Daylight;Unknown
35.175286925, -79.352102793;"{""type"": ""Point"", ""coordinates"": [-79.35210279301214, 35.17528692495258]}";White;None - Rural Crash;Travel Lane;2;6;Rural (<30% Developed);Female;Passenger Car;0;#NULL!;0;0;Unknown/Missing;No;0;25-29;Motorist Overtaking - Misjudged Space;None;No;No;Dry;0;Rural;Yes;31AUG2012;0;6:21;Unknown;Missing;Farms, Woods, Pastures;B: Evident Injury;Yes;Unknown Injury;2397;August;0;Straight - Level;Piedmont;With Traffic;No Control Present;Friday;Non-Intersection;27;0;Two-Way, Divided, Unprotected Median;2 lanes;0;#NULL!;#NULL!;Coarse Asphalt;#NULL!;No Special Feature;Motorist Overtaking Bicyclist;State Secondary Route;B: Evident Injury;Moore;Unknown;Clear;#NULL!;41-45 mph;40 - 45  MPH;2012;Daylight;Unknown
35.6510770504, -78.6890026177;"{""type"": ""Point"", ""coordinates"": [-78.68900261768786, 35.651077050362346]}";White;None - Rural Crash;Travel Lane;2;7;Rural (<30% Developed);Male;Pickup;0;#NULL!;0;0;White;No;0;20-24;Motorist Overtaking - Undetected Bicyclist;None;No;No;Dry;0;Rural;No;15SEP2012;0;7:12;Female;No;Farms, Woods, Pastures;A: Disabling Injury;Yes;O: No Injury;2419;September;0;Straight - Grade;Piedmont;With Traffic;Double Yellow Line, No Passing Zone;Saturday;Non-Intersection;22;0;Two-Way, Not Divided;2 lanes;0;#NULL!;#NULL!;Coarse Asphalt;#NULL!;No Special Feature;Motorist Overtaking Bicyclist;State Secondary Route;A: Disabling Injury;Wake;43;Clear;#NULL!;41-45 mph;40 - 45  MPH;2012;Daylight;40-49
36.3906971605, -79.968103044;"{""type"": ""Point"", ""coordinates"": [-79.96810304404502, 36.39069716054894]}";Black;Madison;Sidewalk / Crosswalk / Driveway Crossing;2;8;Urban (>70% Developed);Male;Single Unit Truck (2-Axle, 6-Tire);0;#NULL!;0;0;White;No;0;11-15;Motorist Drive Out - Commercial Driveway / Alley;None;No;No;Dry;0;Rural;No;10JUL2012;0;8:44;Male;No;Commercial;B: Evident Injury;No;O: No Injury;2375;July;0;Straight - Level;Piedmont;Facing Traffic;Stop Sign;Tuesday;Non-Intersection;14;0;Two-Way, Not Divided;2 lanes;0;#NULL!;#NULL!;Smooth Asphalt;#NULL!;Other;Motorist Failed to Yield - Midblock;Local Street;B: Evident Injury;Rockingham;64;Cloudy;#NULL!;0-5 mph;30 - 35  MPH;2012;Daylight;60-69