Geo Point;Geo Shape;BikeRace;City;BikePos;NumUnits;CrashHour;Locality;BikeSex;DrvrVehTyp;NumBikesNo;BikeAlcDrg;NumBikesBI;RteInvdCd;DrvrRace;Workzone;NumBikesCi;BikeAgeGrp;CrashType;RdDefects;CrashAlcoh;BikeAlcoho;RdConditio;DstncMiFrm;RuralUrban;HitRun;CrashDate;NumBikesUI;CrashTime;DrvrSex;DrvrAlcoho;Developmen;CrashSevr;AmbulanceR;DrvrInjury;OBJECTID;CrashMonth;NumBikesKi;RdCharacte;Region;BikeDir;TraffCntrl;CrashDay;CrashLoc;BikeAge;NumBikesTo;RdConfig;NumLanes;NumBikesAI;DrvrAlcDrg;OnRoad;RdSurface;Towrd_Rd;RdFeature;CrashGrp;RdClass;BikeInjury;County;DrvrAge;Weather;FrmRd;DrvrEstSpd;SpeedLimit;CrashYear;LightCond;DrvrAgeGrp
35.8328870928, -78.5775025934;"{""type"": ""Point"", ""coordinates"": [-78.57750259338655, 35.83288709282267]}";Black;Raleigh;Sidewalk / Crosswalk / Driveway Crossing;2;16;Urban (>70% Developed);Male;Passenger Car;0;#NULL!;0;0;White;No;0;11-15;Bicyclist Ride Out - Other Midblock;None;No;No;Dry;0;Urban;No;08SEP2012;0;16:13;Female;No;Residential;C: Possible Injury;Yes;O: No Injury;2401;September;0;Straight - Level;Piedmont;Facing Traffic;No Control Present;Saturday;Non-Intersection;11;0;Two-Way, Not Divided;2 lanes;0;#NULL!;#NULL!;Coarse Asphalt;#NULL!;No Special Feature;Bicyclist Failed to Yield - Midblock;Local Street;C: Possible Injury;Wake;62;Clear;#NULL!;16-20 mph;20 - 25  MPH;2012;Daylight;60-69
36.214007057, -81.7106035566;"{""type"": ""Point"", ""coordinates"": [-81.71060355658628, 36.214007056985004]}";White;None - Rural Crash;Travel Lane;2;18;Rural (<30% Developed);Male;Sport Utility;0;#NULL!;0;0;White;No;0;20-24;Bicyclist Left Turn - Same Direction;None;No;No;Dry;0;Rural;No;05SEP2012;0;18:00;Male;No;Farms, Woods, Pastures;O: No Injury;No;O: No Injury;2390;September;0;Straight - Grade;Mountains;With Traffic;Double Yellow Line, No Passing Zone;Wednesday;Non-Intersection;24;0;Two-Way, Not Divided;2 lanes;0;#NULL!;#NULL!;Smooth Asphalt;#NULL!;No Special Feature;Bicyclist Left Turn / Merge;State Secondary Route;O: No Injury;Watauga;20;Clear;#NULL!;31-35 mph;50 - 55  MPH;2012;Daylight;20-24
35.9447071442, -77.8041023639;"{""type"": ""Point"", ""coordinates"": [-77.8041023639092, 35.944707144173336]}";Black;Rocky Mount;Travel Lane;2;12;Urban (>70% Developed);Male;Passenger Car;0;#NULL!;0;0;Black;No;0;16-19;Bicyclist Ride Through - Sign-Controlled Intersection;None;No;No;Wet;0;Urban;No;11AUG2012;0;12:28;Female;No;Residential;B: Evident Injury;Yes;O: No Injury;2393;August;0;Straight - Level;Coastal;Facing Traffic;No Control Present;Saturday;Intersection;17;0;One-Way, Not Divided;2 lanes;0;#NULL!;#NULL!;Coarse Asphalt;#NULL!;No Special Feature;Bicyclist Failed to Yield - Sign-Controlled Intersection;Local Street;B: Evident Injury;Nash;70+;Cloudy;#NULL!;31-35 mph;30 - 35  MPH;2012;Daylight;70+
35.9321771416, -77.7907023586;"{""type"": ""Point"", ""coordinates"": [-77.79070235863938, 35.93217714162154]}";Black;Rocky Mount;Travel Lane;2;9;Urban (>70% Developed);Female;Passenger Car;0;#NULL!;0;0;Black;No;0;16-19;Signalized Intersection - Other / Unknown;None;No;No;Dry;0;Urban;No;14AUG2012;0;9:53;Female;No;Residential;C: Possible Injury;No;O: No Injury;2391;August;0;Straight - Level;Coastal;With Traffic;Stop And Go Signal;Tuesday;Intersection;17;0;Two-Way, Divided, Unprotected Median;4 lanes;0;#NULL!;#NULL!;Coarse Asphalt;#NULL!;No Special Feature;Crossing Paths - Other Circumstances;Local Street;C: Possible Injury;Edgecombe;20;Clear;#NULL!;6-10 mph;30 - 35  MPH;2012;Daylight;20-24
35.5086869516, -80.5901031813;"{""type"": ""Point"", ""coordinates"": [-80.5901031813103, 35.50868695160294]}";Black;Kannapolis;Non-Roadway;2;9;Urban (>70% Developed);Male;Passenger Car;0;#NULL!;0;0;White;No;0;6-10;Bicyclist Lost Control - Mechanical Problems;None;No;No;Dry;0;Urban;No;26AUG2012;0;9:51;Female;No;Residential;B: Evident Injury;Yes;O: No Injury;2373;August;0;Straight - Level;Piedmont;Not Applicable;No Control Present;Sunday;Non-Intersection;9;0;Two-Way, Not Divided;2 lanes;0;#NULL!;#NULL!;Smooth Asphalt;#NULL!;No Special Feature;Loss of Control / Turning Error;State Secondary Route;B: Evident Injury;Rowan;70+;Clear;#NULL!;6-10 mph;40 - 45  MPH;2012;Daylight;70+
36.0984572475, -75.7231017341;"{""type"": ""Point"", ""coordinates"": [-75.7231017340574, 36.09845724748425]}";White;Kitty Hawk;Multi-use Path;2;11;Urban (>70% Developed);Female;Van;0;#NULL!;0;0;White;No;0;40-49;Motorist Drive Out - Commercial Driveway / Alley;None;No;No;Dry;0;Rural;No;12AUG2012;0;11:05;Male;No;Commercial;C: Possible Injury;No;O: No Injury;2404;August;0;Straight - Level;Coastal;Facing Traffic;No Control Present;Sunday;Non-Intersection;49;0;Two-Way, Not Divided;5 lanes;0;#NULL!;#NULL!;Coarse Asphalt;#NULL!;No Special Feature;Motorist Failed to Yield - Midblock;US Route;C: Possible Injury;Dare;43;Clear;#NULL!;0-5 mph;60 - 75 MPH;2012;Daylight;40-49
35.3013468726, -81.5396034536;"{""type"": ""Point"", ""coordinates"": [-81.53960345359307, 35.3013468725622]}";Black;Shelby;Sidewalk / Crosswalk / Driveway Crossing;2;20;Urban (>70% Developed);Male;Passenger Car;0;#NULL!;0;0;White;No;0;30-39;Signalized Intersection - Other / Unknown;None;No;No;Dry;0;Urban;No;27SEP2012;0;20:33;Female;No;Commercial;C: Possible Injury;Yes;O: No Injury;2491;September;0;Straight - Level;Mountains;Facing Traffic;Stop And Go Signal;Thursday;Intersection;30;0;Two-Way, Not Divided;3 lanes;0;#NULL!;#NULL!;Smooth Asphalt;#NULL!;Four-Way Intersection;Crossing Paths - Other Circumstances;Local Street;C: Possible Injury;Cleveland;64;Clear;#NULL!;21-25 mph;30 - 35  MPH;2012;Dark - Lighted Roadway;60-69
36.1393270965, -80.2781031232;"{""type"": ""Point"", ""coordinates"": [-80.27810312321562, 36.13932709650023]}";Black;Winston-Salem;Travel Lane;2;9;Urban (>70% Developed);Female;Passenger Car;0;#NULL!;0;0;White;No;0;16-19;Bicyclist Ride Through - Signalized Intersection;None;No;No;Dry;0;Urban;No;13SEP2012;0;9:26;Female;No;Residential;C: Possible Injury;Yes;O: No Injury;2478;September;0;Straight - Level;Piedmont;With Traffic;Stop And Go Signal;Thursday;Intersection;19;0;Two-Way, Not Divided;4 lanes;0;#NULL!;#NULL!;Smooth Asphalt;#NULL!;Four-Way Intersection;Bicyclist Failed to Yield - Signalized Intersection;Local Street;C: Possible Injury;Forsyth;63;Clear;#NULL!;6-10 mph;30 - 35  MPH;2012;Daylight;60-69
35.2239768815, -80.8478032426;"{""type"": ""Point"", ""coordinates"": [-80.84780324263153, 35.22397688146243]}";Hispanic;None - Rural Crash;Travel Lane;2;17;Urban (>70% Developed);Male;Passenger Car;0;#NULL!;0;0;White;No;0;30-39;Motorist Right Turn - Same Direction;None;No;No;Dry;0;Rural;No;27SEP2012;0;17:02;Male;No;Commercial;B: Evident Injury;Yes;O: No Injury;2460;September;0;Straight - Level;Piedmont;With Traffic;No Control Present;Thursday;Non-Intersection;35;0;Two-Way, Not Divided;4 lanes;0;#NULL!;#NULL!;Smooth Asphalt;#NULL!;No Special Feature;Motorist Right Turn / Merge;Local Street;B: Evident Injury;Mecklenburg;22;Clear;#NULL!;0-5 mph;20 - 25  MPH;2012;Daylight;20-24
35.9592870699, -79.9609030176;"{""type"": ""Point"", ""coordinates"": [-79.96090301760292, 35.959287069876424]}";Black;None - Rural Crash;Travel Lane;2;22;Urban (>70% Developed);Male;Pickup;0;#NULL!;0;0;Black;No;0;6-10;Bicyclist Lost Control - Mechanical Problems;None;No;No;Dry;0;Rural;No;21SEP2012;0;22:00;Female;No;Residential;C: Possible Injury;Yes;O: No Injury;2486;September;0;Straight - Level;Piedmont;With Traffic;Stop Sign;Friday;Intersection;8;0;Two-Way, Not Divided;2 lanes;0;#NULL!;#NULL!;Smooth Asphalt;#NULL!;Related To Intersection;Loss of Control / Turning Error;Local Street;C: Possible Injury;Guilford;48;Clear;#NULL!;26-30 mph;30 - 35  MPH;2012;Daylight;40-49
35.9101470919, -79.073202747;"{""type"": ""Point"", ""coordinates"": [-79.07320274701856, 35.91014709190082]}";White;Carrboro;Bike Lane / Paved Shoulder;2;17;Urban (>70% Developed);Female;Pickup;0;#NULL!;0;0;White;No;0;25-29;Motorist Right Turn - Same Direction;None;No;No;Dry;0;Urban;No;21SEP2012;0;17:58;Male;No;Commercial;C: Possible Injury;No;O: No Injury;2475;September;0;Straight - Level;Piedmont;With Traffic;No Control Present;Friday;Non-Intersection;29;0;Two-Way, Not Divided;2 lanes;0;#NULL!;#NULL!;Coarse Asphalt;#NULL!;No Special Feature;Motorist Right Turn / Merge;Local Street;C: Possible Injury;Orange;16;Clear;#NULL!;0-5 mph;20 - 25  MPH;2012;Daylight;0-19
35.7945170805, -78.6936026266;"{""type"": ""Point"", ""coordinates"": [-78.69360262661277, 35.79451708052094]}";White;Raleigh;Travel Lane;2;20;Urban (>70% Developed);Female;Passenger Car;0;#NULL!;0;0;Black;No;0;20-24;Motorist Left Turn - Opposite Direction;None;No;No;Dry;0;Urban;No;21SEP2012;0;20:12;Male;No;Residential;C: Possible Injury;Yes;O: No Injury;2464;September;0;Straight - Level;Piedmont;With Traffic;No Control Present;Friday;Intersection;24;0;Two-Way, Not Divided;7 lanes;0;#NULL!;#NULL!;Smooth Asphalt;#NULL!;T-Intersection;Motorist Left Turn / Merge;Local Street;C: Possible Injury;Wake;22;Clear;#NULL!;0-5 mph;30 - 35  MPH;2012;Dark - Lighted Roadway;20-24
35.9303770979, -79.0252027339;"{""type"": ""Point"", ""coordinates"": [-79.02520273386077, 35.93037709792934]}";White;Chapel Hill;Travel Lane;2;10;Urban (>70% Developed);Female;Passenger Car;0;#NULL!;0;0;White;No;0;30-39;Motorist Left Turn - Opposite Direction;None;No;No;Dry;0;Urban;No;23SEP2012;0;10:50;Female;No;Commercial;C: Possible Injury;Yes;O: No Injury;2463;September;0;Straight - Level;Piedmont;With Traffic;No Control Present;Sunday;Non-Intersection;33;0;Two-Way, Not Divided;3 lanes;0;#NULL!;#NULL!;Coarse Asphalt;#NULL!;T-Intersection;Motorist Left Turn / Merge;Local Street;C: Possible Injury;Orange;70+;Clear;#NULL!;6-10 mph;20 - 25  MPH;2012;Daylight;70+
35.7836770791, -78.6772026211;"{""type"": ""Point"", ""coordinates"": [-78.67720262105084, 35.78367707910329]}";White;Raleigh;Travel Lane;2;9;Urban (>70% Developed);Male;Passenger Car;0;#NULL!;0;0;Hispanic;No;0;25-29;Bicyclist Overtaking - Passing on Right;None;No;No;Dry;0;Urban;No;11SEP2012;0;9:53;Female;No;Institutional;B: Evident Injury;Yes;O: No Injury;2484;September;0;Other;Piedmont;With Traffic;Stop Sign;Tuesday;Intersection;27;0;Two-Way, Divided, Unprotected Median;2 lanes;0;#NULL!;#NULL!;Smooth Asphalt;#NULL!;T-Intersection;Bicyclist Overtaking Motorist;Local Street;B: Evident Injury;Wake;27;Clear;#NULL!;Unknown;20 - 25  MPH;2012;Daylight;25-29
35.8661869917, -81.52410348;"{""type"": ""Point"", ""coordinates"": [-81.52410347996604, 35.86618699167755]}";Hispanic;Lenoir;Non-Roadway;3;17;Urban (>70% Developed);Female;Passenger Car;0;#NULL!;0;0;White;No;0;6-10;Non-Roadway;None;No;No;Dry;0;Urban;No;27SEP2012;0;17:26;Male;No;Residential;O: No Injury;No;O: No Injury;2461;September;0;Straight - Level;Mountains;Not Applicable;No Control Present;Thursday;Non-Roadway;8;0;Two-Way, Not Divided;Unknown;0;#NULL!;#NULL!;Coarse Asphalt;#NULL!;Driveway, Private;Non-Roadway;Public Vehicular Area;O: No Injury;Caldwell;64;Clear;#NULL!;6-10 mph;5 - 15 MPH;2012;Daylight;60-69
35.7859770802, -78.6625026169;"{""type"": ""Point"", ""coordinates"": [-78.66250261685082, 35.78597708015966]}";White;Raleigh;Travel Lane;2;20;Urban (>70% Developed);Male;Passenger Car;0;#NULL!;0;0;White;No;0;25-29;Motorist Drive Through - Sign-Controlled Intersection;None;No;No;Dry;0;Urban;No;03OCT2012;0;20:34;Male;No;Commercial;C: Possible Injury;Yes;O: No Injury;2492;October;0;Curve - Level;Piedmont;With Traffic;Yield Sign;Wednesday;Intersection;29;0;One-Way, Not Divided;1 lane;0;#NULL!;#NULL!;Smooth Asphalt;#NULL!;Traffic Circle/Roundabout;Motorist Failed to Yield - Sign-Controlled Intersection;Local Street;C: Possible Injury;Wake;19;Clear;#NULL!;6-10 mph;5 - 15 MPH;2012;Dark - Lighted Roadway;0-19
34.2319567676, -77.8875023042;"{""type"": ""Point"", ""coordinates"": [-77.88750230417341, 34.23195676761575]}";Unknown/Missing;Wilmington;Travel Lane;2;15;Urban (>70% Developed);Unknown;Unknown;0;#NULL!;0;0;Unknown/Missing;No;0;Unknown;Motorist Overtaking - Other / Unknown;None;No;No;Dry;0;Urban;Yes;27SEP2012;0;15:26;Unknown;No;Residential;Unknown Injury;No;Unknown Injury;2520;September;0;Straight - Level;Coastal;With Traffic;Stop And Go Signal;Thursday;Intersection;Unknown;0;Two-Way, Not Divided;5 lanes;0;#NULL!;#NULL!;Coarse Asphalt;#NULL!;No Special Feature;Motorist Overtaking Bicyclist;Local Street;Unknown Injury;New Hanover;Unknown;Clear;#NULL!;41-45 mph;40 - 45  MPH;2012;Daylight;Unknown
35.8990170966, -78.8801026878;"{""type"": ""Point"", ""coordinates"": [-78.88010268779016, 35.899017096596346]}";Other;None - Rural Crash;Travel Lane;2;7;Rural (<30% Developed);Male;Passenger Car;0;#NULL!;0;0;White;No;0;40-49;Motorist Left Turn - Opposite Direction;None;No;No;Dry;0;Rural;No;11OCT2012;0;7:45;Male;No;Farms, Woods, Pastures;C: Possible Injury;Yes;O: No Injury;2506;October;0;Straight - Grade;Piedmont;With Traffic;Stop And Go Signal;Thursday;Intersection;42;0;Two-Way, Divided, Unprotected Median;4 lanes;0;#NULL!;#NULL!;Smooth Asphalt;#NULL!;Four-Way Intersection;Motorist Left Turn / Merge;NC Route;C: Possible Injury;Durham;44;Clear;#NULL!;41-45 mph;40 - 45  MPH;2012;Daylight;40-49
34.9631468544, -80.038902988;"{""type"": ""Point"", ""coordinates"": [-80.0389029880342, 34.96314685439203]}";Black;Wadesboro;Travel Lane;2;1;Rural (<30% Developed);Male;Van;0;#NULL!;0;0;Black;No;0;16-19;Motorist Overtaking - Other / Unknown;None;No;No;Dry;0;Urban;No;02OCT2012;0;1:17;Female;No;Commercial;B: Evident Injury;Yes;O: No Injury;2505;October;0;Straight - Level;Piedmont;With Traffic;No Control Present;Tuesday;Intersection-Related;16;0;Two-Way, Divided, Unprotected Median;5 lanes;0;#NULL!;#NULL!;Smooth Asphalt;#NULL!;T-Intersection;Motorist Overtaking Bicyclist;US Route;B: Evident Injury;Anson;35;Clear;#NULL!;51-55 mph;50 - 55  MPH;2012;Dark - Roadway Not Lighted;30-39
34.2288667668, -77.8710022989;"{""type"": ""Point"", ""coordinates"": [-77.87100229887109, 34.228866766821554]}";White;Wilmington;Travel Lane;2;22;Urban (>70% Developed);Male;Passenger Car;0;#NULL!;0;0;White;No;0;20-24;Motorist Left Turn - Opposite Direction;None;No;No;Dry;0;Urban;No;11OCT2012;0;22:15;Female;No;Institutional;C: Possible Injury;No;O: No Injury;2508;October;0;Straight - Level;Coastal;With Traffic;Other;Thursday;Intersection;20;0;Two-Way, Not Divided;2 lanes;0;#NULL!;#NULL!;Smooth Asphalt;#NULL!;Four-Way Intersection;Motorist Left Turn / Merge;Local Street;C: Possible Injury;New Hanover;20;Clear;#NULL!;0-5 mph;20 - 25  MPH;2012;Dark - Lighted Roadway;20-24
35.8830270982, -78.7409026454;"{""type"": ""Point"", ""coordinates"": [-78.74090264539902, 35.88302709821298]}";White;Raleigh;Travel Lane;2;11;Mixed (30% To 70% Developed);Male;Sport Utility;0;#NULL!;0;0;White;No;0;50-59;Motorist Left Turn - Opposite Direction;None;No;No;Dry;0;Urban;No;16OCT2012;0;11:22;Male;No;Commercial;B: Evident Injury;Yes;O: No Injury;2528;October;0;Straight - Grade;Piedmont;With Traffic;No Control Present;Tuesday;Non-Intersection;57;0;Two-Way, Not Divided;3 lanes;0;#NULL!;#NULL!;Smooth Asphalt;#NULL!;No Special Feature;Motorist Left Turn / Merge;Local Street;B: Evident Injury;Wake;64;Clear;#NULL!;0-5 mph;30 - 35  MPH;2012;Daylight;60-69
35.2279968829, -80.8381032405;"{""type"": ""Point"", ""coordinates"": [-80.8381032404581, 35.22799688285882]}";Black;Charlotte;Sidewalk / Crosswalk / Driveway Crossing;2;9;Urban (>70% Developed);Male;Light Truck (Mini-Van, Panel);0;#NULL!;0;0;White;No;0;16-19;Non-Roadway;None;No;No;Dry;0;Urban;No;10OCT2012;0;9:00;Male;No;Commercial;C: Possible Injury;Yes;O: No Injury;2504;October;0;Straight - Level;Piedmont;Not Applicable;No Control Present;Wednesday;Non-Roadway;19;0;Two-Way, Not Divided;2 lanes;0;#NULL!;#NULL!;Other;#NULL!;Driveway, Private;Non-Roadway;Private Road, Driveway;C: Possible Injury;Mecklenburg;44;Clear;#NULL!;0-5 mph;5 - 15 MPH;2012;Daylight;40-49
35.7790770786, -78.6768026201;"{""type"": ""Point"", ""coordinates"": [-78.67680262009078, 35.77907707855062]}";White;Raleigh;Travel Lane;2;11;Urban (>70% Developed);Male;Sport Utility;0;#NULL!;0;0;White;No;0;25-29;Motorist Left Turn - Opposite Direction;None;No;No;Wet;0;Urban;No;09OCT2012;0;11:54;Female;No;Residential;B: Evident Injury;Yes;O: No Injury;2523;October;0;Straight - Grade;Piedmont;With Traffic;No Control Present;Tuesday;Non-Intersection;28;0;Two-Way, Not Divided;4 lanes;0;#NULL!;#NULL!;Smooth Asphalt;#NULL!;No Special Feature;Motorist Left Turn / Merge;Local Street;B: Evident Injury;Wake;19;Rain;#NULL!;0-5 mph;30 - 35  MPH;2012;Daylight;0-19
35.900267144, -77.5350022797;"{""type"": ""Point"", ""coordinates"": [-77.53500227967625, 35.900267144033705]}";Black;Tarboro;Travel Lane;2;18;Urban (>70% Developed);Male;Passenger Car;0;#NULL!;0;0;Black;No;0;16-19;Bicyclist Ride Out - Sign-Controlled Intersection;None;No;No;Dry;0;Urban;No;17JUN2013;0;18:57;Female;No;Residential;O: No Injury;Yes;O: No Injury;1214;June;0;Straight - Level;Coastal;With Traffic;Flashing Signal With Stop Sign;Monday;Intersection;16;0;One-Way, Not Divided;1 lane;0;#NULL!;SAINT ANDREW ST;Smooth Asphalt;#NULL!;Four-Way Intersection;Bicyclist Failed to Yield - Sign-Controlled Intersection;Local Street;Unknown Injury;Edgecombe;34;Clear;#NULL!;21-25 mph;20 - 25  MPH;2013;Daylight;30-39
36.1765671072, -80.2050031031;"{""type"": ""Point"", ""coordinates"": [-80.20500310306089, 36.17656710717799]}";Hispanic;Walkertown;Driveway / Alley;2;12;Mixed (30% To 70% Developed);Female;Pickup;0;#NULL!;0;0;White;No;0;6-10;Bicyclist Ride Out - Residential Driveway;None;No;No;Wet;0;Rural;No;02JUL2013;0;12:59;Male;No;Residential;B: Evident Injury;Yes;O: No Injury;1216;July;0;Straight - Grade;Piedmont;Not Applicable;No Control Present;Tuesday;Non-Intersection;7;0;Two-Way, Not Divided;2 lanes;0;#NULL!;SR 1934;Coarse Asphalt;#NULL!;Driveway, Private;Bicyclist Failed to Yield - Midblock;State Secondary Route;B: Evident Injury;Forsyth;69;Clear;#NULL!;36-40 mph;40 - 45  MPH;2013;Daylight;60-69
35.7047571044, -77.4609022471;"{""type"": ""Point"", ""coordinates"": [-77.4609022471447, 35.704757104414426]}";Black;None - Rural Crash;Travel Lane;2;21;Rural (<30% Developed);Male;Pickup;0;#NULL!;0;0;White;No;0;50-59;Motorist Overtaking - Other / Unknown;None;Yes;Yes;Dry;0;Rural;No;05JUL2013;0;21:29;Male;No;Commercial;C: Possible Injury;Yes;O: No Injury;1225;July;0;Straight - Level;Coastal;With Traffic;Double Yellow Line, No Passing Zone;Friday;Non-Intersection;55;0;Two-Way, Not Divided;2 lanes;0;#NULL!;NC 33;Coarse Asphalt;#NULL!;No Special Feature;Motorist Overtaking Bicyclist;NC Route;C: Possible Injury;Pitt;26;Clear;#NULL!;41-45 mph;40 - 45  MPH;2013;Dark - Roadway Not Lighted;25-29
35.5951168953, -82.5541037701;"{""type"": ""Point"", ""coordinates"": [-82.55410377007475, 35.59511689529111]}";White;Asheville;Travel Lane;2;1;Urban (>70% Developed);Male;Pickup;0;#NULL!;0;0;White;No;0;25-29;Motorist Overtaking - Other / Unknown;None;Yes;No;Wet;0;Urban;No;08JUN2013;0;1:46;Male;Yes;Industrial;C: Possible Injury;No;O: No Injury;1204;June;0;Straight - Hillcrest;Mountains;With Traffic;Stop And Go Signal;Saturday;Intersection-Related;27;0;One-Way, Not Divided;3 lanes;0;#NULL!;COLLEGE ST;Smooth Asphalt;#NULL!;No Special Feature;Motorist Overtaking Bicyclist;Local Street;C: Possible Injury;Buncombe;22;Rain;#NULL!;16-20 mph;20 - 25  MPH;2013;Dark - Lighted Roadway;20-24
34.1400567459, -77.9164023081;"{""type"": ""Point"", ""coordinates"": [-77.91640230810746, 34.140056745931645]}";Black;None - Rural Crash;Travel Lane;2;19;Urban (>70% Developed);Male;Passenger Car;0;#NULL!;0;0;White;No;0;50-59;Motorist Left Turn - Opposite Direction;None;No;No;Dry;0;Rural;No;05JUL2013;0;19:42;Female;No;Residential;C: Possible Injury;No;O: No Injury;1226;July;0;Straight - Level;Coastal;With Traffic;No Control Present;Friday;Intersection;53;0;Two-Way, Not Divided;2 lanes;0;#NULL!;SR 2311;Coarse Asphalt;#NULL!;Driveway, Public;Motorist Left Turn / Merge;State Secondary Route;C: Possible Injury;New Hanover;17;Clear;#NULL!;6-10 mph;30 - 35  MPH;2013;Daylight;0-19
35.8356370931, -78.5930025977;"{""type"": ""Point"", ""coordinates"": [-78.5930025977068, 35.83563709310569]}";Hispanic;Raleigh;Travel Lane;2;11;Urban (>70% Developed);Male;Passenger Car;0;#NULL!;0;0;Black;No;0;50-59;Motorist Right Turn - Same Direction;None;No;No;Wet;0;Urban;No;29JUN2013;0;11:27;Male;No;Residential;C: Possible Injury;Yes;O: No Injury;1223;June;0;Straight - Level;Piedmont;With Traffic;No Control Present;Saturday;Intersection;56;0;Two-Way, Not Divided;4 lanes;0;#NULL!;GREEN RD;Smooth Asphalt;#NULL!;Four-Way Intersection;Motorist Right Turn / Merge;Local Street;C: Possible Injury;Wake;55;Clear;#NULL!;11-15 mph;30 - 35  MPH;2013;Daylight;50-59
35.0392669739, -77.025402081;"{""type"": ""Point"", ""coordinates"": [-77.02540208097984, 35.03926697392773]}";White;New Bern;Travel Lane;2;19;Urban (>70% Developed);Female;Passenger Car;0;#NULL!;0;0;White;No;0;60-69;Bicyclist Left Turn - Same Direction;None;No;No;Dry;0;Urban;No;19JUN2013;0;19:51;Male;No;Residential;K: Killed;No;O: No Injury;1206;June;0;Straight - Hillcrest;Coastal;With Traffic;No Control Present;Wednesday;Non-Intersection;60;0;Two-Way, Not Divided;2 lanes;0;#NULL!;OLD AIRPORT RD;Smooth Asphalt;#NULL!;No Special Feature;Bicyclist Left Turn / Merge;Local Street;K: Killed;Craven;29;Clear;#NULL!;56-60 mph;40 - 45  MPH;2013;Dusk;25-29
33.9255766854, -78.3009024148;"{""type"": ""Point"", ""coordinates"": [-78.30090241480997, 33.92557668543344]}";Black;None - Rural Crash;Bike Lane / Paved Shoulder;2;21;Mixed (30% To 70% Developed);Male;Sport Utility;0;#NULL!;0;0;Unknown/Missing;No;0;16-19;Motorist Lost Control - Other / Unknown;None;No;No;Dry;0;Rural;Yes;15JUL2013;0;21:54;Unknown;Missing;Residential;B: Evident Injury;Yes;Unknown Injury;1286;July;0;Straight - Level;Coastal;With Traffic;Double Yellow Line, No Passing Zone;Monday;Non-Intersection;18;0;Two-Way, Not Divided;2 lanes;0;#NULL!;SR 1139;Coarse Asphalt;#NULL!;No Special Feature;Loss of Control / Turning Error;State Secondary Route;B: Evident Injury;Brunswick;Unknown;Clear;#NULL!;41-45 mph;40 - 45  MPH;2013;Dark - Roadway Not Lighted;Unknown
35.7428870702, -78.6815026198;"{""type"": ""Point"", ""coordinates"": [-78.6815026198236, 35.74288707022093]}";White;Raleigh;Travel Lane;2;18;Rural (<30% Developed);Male;Passenger Car;0;#NULL!;0;0;Unknown/Missing;No;0;25-29;Motorist Overtaking - Other / Unknown;None;No;No;Dry;0;Urban;Yes;16JUL2013;0;18:16;Unknown;No;Farms, Woods, Pastures;B: Evident Injury;No;Unknown Injury;1270;July;0;Straight - Level;Piedmont;With Traffic;Stop And Go Signal;Tuesday;Non-Intersection;26;0;Two-Way, Divided, Unprotected Median;4 lanes;0;#NULL!;SR 1009;Coarse Asphalt;#NULL!;Related To Intersection;Motorist Overtaking Bicyclist;State Secondary Route;B: Evident Injury;Wake;Unknown;Cloudy;#NULL!;11-15 mph;40 - 45  MPH;2013;Daylight;Unknown
35.8179270901, -78.5682025891;"{""type"": ""Point"", ""coordinates"": [-78.56820258905526, 35.81792709011517]}";Native American;Raleigh;Unknown;2;10;Urban (>70% Developed);Male;Sport Utility;0;#NULL!;0;0;White;No;0;16-19;Unknown Approach Paths;None;No;No;Dry;0;Urban;No;22JUL2013;0;10:46;Female;No;Residential;B: Evident Injury;Yes;O: No Injury;1276;July;0;Straight - Level;Piedmont;Unknown;No Control Present;Monday;Non-Intersection;16;0;Two-Way, Not Divided;5 lanes;0;#NULL!;N NEW HOPE RD;Coarse Asphalt;#NULL!;No Special Feature;Other/Unknown - Insufficient Details;Local Street;B: Evident Injury;Wake;24;Cloudy;#NULL!;41-45 mph;40 - 45  MPH;2013;Daylight;20-24
35.2495169024, -80.4239031182;"{""type"": ""Point"", ""coordinates"": [-80.4239031181888, 35.24951690242949]}";White;Stanfield;Travel Lane;2;3;Mixed (30% To 70% Developed);Male;Passenger Car;0;#NULL!;0;0;White;No;0;40-49;Head-On - Bicyclist;None;No;No;Dry;0;Rural;No;30JUN2013;0;3:05;Male;No;Residential;B: Evident Injury;Yes;O: No Injury;1264;June;0;Unknown;Piedmont;Facing Traffic;No Control Present;Sunday;Non-Intersection;47;0;Unknown;Unknown;0;#NULL!;NC 200;Unknown;#NULL!;No Special Feature;Head-On;missing;B: Evident Injury;Stanly;29;Cloudy;#NULL!;41-45 mph;40 - 45  MPH;2013;Daylight;25-29
34.6686668249, -79.0443026742;"{""type"": ""Point"", ""coordinates"": [-79.04430267422806, 34.66866682491694]}";Native American;None - Rural Crash;Driveway / Alley;2;15;Rural (<30% Developed);Male;Van;0;#NULL!;0;0;Asian;No;0;6-10;Bicyclist Ride Out - Residential Driveway;None;No;No;Dry;0;Rural;No;31JUL2013;0;15:24;Male;No;Farms, Woods, Pastures;B: Evident Injury;Yes;O: No Injury;1316;July;0;Straight - Level;Coastal;Not Applicable;Double Yellow Line, No Passing Zone;Wednesday;Non-Intersection;10;0;Two-Way, Not Divided;2 lanes;0;#NULL!;SR 1528;Coarse Asphalt;#NULL!;Driveway, Private;Bicyclist Failed to Yield - Midblock;State Secondary Route;B: Evident Injury;Robeson;43;Clear;#NULL!;36-40 mph;50 - 55  MPH;2013;Daylight;40-49