Geo Point;Geo Shape;BikeRace;City;BikePos;NumUnits;CrashHour;Locality;BikeSex;DrvrVehTyp;NumBikesNo;BikeAlcDrg;NumBikesBI;RteInvdCd;DrvrRace;Workzone;NumBikesCi;BikeAgeGrp;CrashType;RdDefects;CrashAlcoh;BikeAlcoho;RdConditio;DstncMiFrm;RuralUrban;HitRun;CrashDate;NumBikesUI;CrashTime;DrvrSex;DrvrAlcoho;Developmen;CrashSevr;AmbulanceR;DrvrInjury;OBJECTID;CrashMonth;NumBikesKi;RdCharacte;Region;BikeDir;TraffCntrl;CrashDay;CrashLoc;BikeAge;NumBikesTo;RdConfig;NumLanes;NumBikesAI;DrvrAlcDrg;OnRoad;RdSurface;Towrd_Rd;RdFeature;CrashGrp;RdClass;BikeInjury;County;DrvrAge;Weather;FrmRd;DrvrEstSpd;SpeedLimit;CrashYear;LightCond;DrvrAgeGrp
34.9852768892, -79.1766027296;"{""type"": ""Point"", ""coordinates"": [-79.17660272963685, 34.98527688920347]}";Black;None - Rural Crash;Bike Lane / Paved Shoulder;2;17;Rural (<30% Developed);Male;Pickup;0;#NULL!;0;0;Native American;No;0;50-59;Motorist Overtaking - Other / Unknown;None;No;No;Dry;0;Rural;No;02AUG2013;0;17:33;Male;No;Farms, Woods, Pastures;B: Evident Injury;Yes;O: No Injury;1309;August;0;Straight - Level;Coastal;With Traffic;Double Yellow Line, No Passing Zone;Friday;Non-Intersection;50;0;Two-Way, Not Divided;2 lanes;0;#NULL!;SR 1406;Coarse Asphalt;#NULL!;Driveway, Public;Motorist Overtaking Bicyclist;State Secondary Route;B: Evident Injury;Hoke;36;Clear;#NULL!;31-35 mph;30 - 35  MPH;2013;Daylight;30-39
33.9676867072, -77.9211023022;"{""type"": ""Point"", ""coordinates"": [-77.92110230224588, 33.96768670718643]}";White;None - Rural Crash;Bike Lane / Paved Shoulder;2;12;Rural (<30% Developed);Male;Van;0;#NULL!;0;0;White;No;0;50-59;Motorist Right Turn - Same Direction;None;No;No;Dry;0;Rural;No;01AUG2013;0;12:52;Female;No;Farms, Woods, Pastures;B: Evident Injury;Yes;O: No Injury;1322;August;0;Straight - Level;Coastal;With Traffic;Double Yellow Line, No Passing Zone;Thursday;Intersection;57;0;Two-Way, Not Divided;2 lanes;0;#NULL!;US 421;Smooth Asphalt;#NULL!;T-Intersection;Motorist Right Turn / Merge;US Route;B: Evident Injury;New Hanover;32;Clear;#NULL!;21-25 mph;20 - 25  MPH;2013;Daylight;30-39
36.1020571058, -79.8189029836;"{""type"": ""Point"", ""coordinates"": [-79.81890298361506, 36.102057105827946]}";White;Greensboro;Travel Lane;2;9;Urban (>70% Developed);Male;Passenger Car;0;#NULL!;0;0;White;No;0;60-69;Motorist Left Turn - Opposite Direction;None;No;No;Dry;0;Urban;No;15JUN2013;0;9:55;Female;No;Commercial;C: Possible Injury;Yes;O: No Injury;1313;June;0;Straight - Level;Piedmont;With Traffic;No Control Present;Saturday;Intersection;68;0;Two-Way, Not Divided;4 lanes;0;#NULL!;LAWNDALE DR;Smooth Asphalt;#NULL!;Related To Intersection;Motorist Left Turn / Merge;Local Street;C: Possible Injury;Guilford;70+;Clear;#NULL!;0-5 mph;30 - 35  MPH;2013;Daylight;70+
35.0524469115, -78.973502672;"{""type"": ""Point"", ""coordinates"": [-78.97350267200858, 35.05244691153812]}";White;Fayetteville;Sidewalk / Crosswalk / Driveway Crossing;2;7;Urban (>70% Developed);Male;Passenger Car;0;#NULL!;0;0;Black;No;0;11-15;Motorist Drive Out - Right Turn on Red;None;No;No;Dry;0;Urban;No;24JUL2013;0;7:13;Male;No;Commercial;C: Possible Injury;No;O: No Injury;1362;July;0;Straight - Level;Coastal;Facing Traffic;Stop And Go Signal;Wednesday;Intersection;13;0;Two-Way, Divided, Unprotected Median;3 lanes;0;#NULL!;RICHWOOD CT;Coarse Asphalt;#NULL!;Four-Way Intersection;Motorist Failed to Yield - Signalized Intersection;Local Street;C: Possible Injury;Cumberland;53;Clear;#NULL!;Unknown;30 - 35  MPH;2013;Daylight;50-59
35.0428069098, -78.960702668;"{""type"": ""Point"", ""coordinates"": [-78.96070266802971, 35.04280690980149]}";White;Fayetteville;Travel Lane;2;16;Urban (>70% Developed);Male;Passenger Car;0;#NULL!;0;0;Black;No;0;16-19;Bicyclist Ride Through - Signalized Intersection;None;No;No;Dry;0;Urban;No;22JUL2013;0;16:18;Female;No;Commercial;B: Evident Injury;Yes;O: No Injury;1377;July;0;Straight - Level;Coastal;Facing Traffic;No Control Present;Monday;Intersection-Related;17;0;Two-Way, Divided, Positive Median Barrier;8 lanes;0;#NULL!;RAEFORD RD;Smooth Asphalt;#NULL!;Related To Intersection;Bicyclist Failed to Yield - Signalized Intersection;Local Street;B: Evident Injury;Cumberland;56;Clear;#NULL!;41-45 mph;40 - 45  MPH;2013;Daylight;50-59
36.5033373221, -76.0946018682;"{""type"": ""Point"", ""coordinates"": [-76.09460186824074, 36.503337322088825]}";White;None - Rural Crash;Driveway / Alley;2;13;Mixed (30% To 70% Developed);Female;Passenger Car;0;#NULL!;0;0;White;No;0;6-10;Bicyclist Ride Out - Residential Driveway;None;No;No;Dry;0;Rural;No;15AUG2013;0;13:41;Female;No;Residential;O: No Injury;No;O: No Injury;1353;August;0;Straight - Level;Coastal;Facing Traffic;No Control Present;Thursday;Non-Intersection;7;0;Two-Way, Not Divided;2 lanes;0;#NULL!;SR 1213;Coarse Asphalt;#NULL!;No Special Feature;Bicyclist Failed to Yield - Midblock;State Secondary Route;O: No Injury;Currituck;52;Rain;#NULL!;26-30 mph;30 - 35  MPH;2013;Daylight;50-59
35.9929672267, -75.6487017055;"{""type"": ""Point"", ""coordinates"": [-75.64870170553995, 35.9929672266512]}";White;Nags Head;Sidewalk / Crosswalk / Driveway Crossing;2;20;Urban (>70% Developed);Female;Passenger Car;0;#NULL!;0;0;White;No;0;16-19;Motorist Turning Error - Right Turn;None;No;No;Dry;0;Rural;No;25JUL2013;0;20:22;Male;No;Commercial;C: Possible Injury;No;O: No Injury;1346;July;0;Straight - Level;Coastal;Facing Traffic;Stop And Go Signal;Thursday;Intersection;19;0;Two-Way, Not Divided;5 lanes;0;#NULL!;US 158;Coarse Asphalt;#NULL!;Four-Way Intersection;Loss of Control / Turning Error;US Route;C: Possible Injury;Dare;20;Clear;#NULL!;0-5 mph;20 - 25  MPH;2013;Daylight;20-24
35.0962668534, -80.8722032431;"{""type"": ""Point"", ""coordinates"": [-80.87220324306115, 35.09626685340127]}";Hispanic;Pineville;Non-Roadway;2;21;Urban (>70% Developed);Female;Pickup;0;#NULL!;0;0;White;No;0;6-10;Non-Roadway;None;No;No;Wet;0;Rural;No;05JUL2013;0;21:05;Male;No;Residential;C: Possible Injury;Yes;O: No Injury;1354;July;0;Straight - Level;Piedmont;Not Applicable;No Control Present;Friday;Non-Roadway;6;0;Two-Way, Not Divided;Unknown;0;#NULL!;PVA WILLOW RIDGE APTS;Smooth Asphalt;#NULL!;No Special Feature;Non-Roadway;Public Vehicular Area;C: Possible Injury;Mecklenburg;30;Cloudy;#NULL!;0-5 mph;20 - 25  MPH;2013;Dusk;30-39
34.1757997551, -77.891402303;"{""type"": ""Point"", ""coordinates"": [-77.89140230304083, 34.17579975508134]}";White;Wilmington;Travel Lane;2;17;Urban (>70% Developed);Male;Passenger Car;0;No;0;30000132;Asian;Yes;1;50-59;Bicyclist Ride Through - Signalized Intersection;None;No;#NULL!;Dry;0;Urban;No;18AUG2014;0;17:46;Male;#NULL!;Commercial;C: Possible Injury;No;O: No Injury;507;August;0;Straight - Level;Coastal;Facing Traffic;Stop And Go Signal;Monday;Intersection;56;1;Two-Way, Divided, Positive Median Barrier;9 or more lanes;0;No;S COLLEGE RD;Smooth Asphalt;WALTMOOR RD;No Special Feature;Bicyclist Failed to Yield - Signalized Intersection;Local Street;C: Possible Injury;New Hanover;40;Clear;S 17TH ST;0-5 mph;40 - 45  MPH;2014;Daylight;40-49
34.7313368908, -77.4947072089;"{""type"": ""Point"", ""coordinates"": [-77.49470720885334, 34.73133689082574]}";White;None - Rural Crash;Travel Lane;2;10;Mixed (30% To 70% Developed);Male;Passenger Car;0;No;1;40001116;White;No;0;16-19;Bicyclist Ride Through - Sign-Controlled Intersection;None;No;#NULL!;Dry;0.009;Rural;No;31AUG2014;0;10:55;Male;#NULL!;Residential;B: Evident Injury;No;O: No Injury;508;August;0;Straight - Level;Coastal;With Traffic;Stop Sign;Sunday;Intersection-Related;17;1;Two-Way, Not Divided;2 lanes;0;No;1116;Coarse Asphalt;1157;T-Intersection;Bicyclist Failed to Yield - Sign-Controlled Intersection;State Secondary Route;B: Evident Injury;Onslow;43;Clear;1155;41-45 mph;40 - 45  MPH;2014;Daylight;40-49
34.2289837666, -77.8811223022;"{""type"": ""Point"", ""coordinates"": [-77.88112230215529, 34.228983766551714]}";White;Wilmington;Non-Roadway;2;19;Mixed (30% To 70% Developed);Male;Passenger Car;0;No;1;0;Black;No;0;6-10;Bicyclist Ride Out - Other Midblock;None;No;#NULL!;Dry;0.057;Urban;No;27AUG2014;0;19:02;Female;#NULL!;Residential;B: Evident Injury;No;O: No Injury;512;August;0;Straight - Level;Coastal;Not Applicable;No Control Present;Wednesday;Non-Intersection;9;1;Two-Way, Not Divided;2 lanes;0;No;TULANE DR;Coarse Asphalt;UNIVERSITY DR;No Special Feature;Bicyclist Failed to Yield - Midblock;Local Street;B: Evident Injury;.;70+;Clear;CLEMSON DR;6-10 mph;5 - 15 MPH;2014;Daylight;70+
34.798270907, -77.4385921948;"{""type"": ""Point"", ""coordinates"": [-77.4385921948231, 34.79827090696277]}";White;Jacksonville;Travel Lane;2;7;Urban (>70% Developed);Male;Single Unit Truck (2-Axle, 6-Tire);0;No;0;40001308;White;No;1;30-39;Motorist Drive Out - Sign-Controlled Intersection;None;No;#NULL!;Dry;0.13;Urban;No;07AUG2014;0;7:16;Female;#NULL!;Commercial;C: Possible Injury;No;O: No Injury;523;August;0;Straight - Level;Coastal;With Traffic;No Control Present;Thursday;Intersection;37;1;Two-Way, Not Divided;5 lanes;0;No;GUM BRANCH RD;Smooth Asphalt;53;No Special Feature;Motorist Failed to Yield - Sign-Controlled Intersection;State Secondary Route;C: Possible Injury;Onslow;58;Clear;WILLIAMSBURG PKWY;0-5 mph;Unknown;2014;Daylight;50-59
34.3143837587, -78.7081175556;"{""type"": ""Point"", ""coordinates"": [-78.70811755563992, 34.314383758664405]}";Other;Whiteville;Other;2;17;Urban (>70% Developed);Male;Sport Utility;0;No;0;29000701;Unknown/Missing;No;1;11-15;Non-Roadway;None;No;#NULL!;Dry;0.06;Urban;Yes;26JUL2014;0;17:48;Male;#NULL!;Commercial;C: Possible Injury;Yes;O: No Injury;526;July;0;Straight - Level;Coastal;Not Applicable;No Control Present;Saturday;Non-Roadway;15;1;Two-Way, Not Divided;5 lanes;0;Unknown;SOUTH MADISON ST;Coarse Asphalt;QUALITY ST;No Special Feature;Non-Roadway;Local Street;C: Possible Injury;Columbus;28;Clear;TALBOT ST;6-10 mph;40 - 45  MPH;2014;Daylight;25-29
34.6189968111, -79.1375686991;"{""type"": ""Point"", ""coordinates"": [-79.13756869910398, 34.618996811142146]}";Native American;None - Rural Crash;Travel Lane;2;14;Rural (<30% Developed);Female;Passenger Car;0;No;0;21000074;Native American;No;1;60-69;Motorist Overtaking - Other / Unknown;None;No;#NULL!;Dry;0.1;Rural;No;20JUL2014;0;14:37;Male;#NULL!;Farms, Woods, Pastures;C: Possible Injury;No;O: No Injury;535;July;0;Straight - Level;Coastal;With Traffic;Double Yellow Line, No Passing Zone;Sunday;Non-Intersection;64;1;Two-Way, Not Divided;2 lanes;0;No;US 74;Coarse Asphalt;1160;No Special Feature;Motorist Overtaking Bicyclist;US Route;C: Possible Injury;Robeson;21;Clear;1550;46-50 mph;50 - 55  MPH;2014;Daylight;20-24
35.2739568791, -81.2029733517;"{""type"": ""Point"", ""coordinates"": [-81.2029733517033, 35.2739568791375]}";Other;Gastonia;Travel Lane;2;17;Urban (>70% Developed);Male;Unknown;0;No;1;0;Unknown/Missing;No;0;11-15;Motorist Right Turn - Same Direction;None;No;#NULL!;Dry;0.009;Urban;Yes;27AUG2014;0;17:37;Unknown;#NULL!;Residential;B: Evident Injury;No;Unknown Injury;543;August;0;Straight - Grade;Piedmont;With Traffic;No Control Present;Wednesday;Non-Intersection;14;1;Two-Way, Not Divided;2 lanes;0;Missing;GLENN ST;Smooth Asphalt;RIDGE AVE;No Special Feature;Motorist Right Turn / Merge;Local Street;B: Evident Injury;Gaston;Unknown;Clear;W DAVIDSON AVE;16-20 mph;30 - 35  MPH;2014;Daylight;Unknown
34.666430826, -78.9948926589;"{""type"": ""Point"", ""coordinates"": [-78.99489265892588, 34.66643082601591]}";White;Lumberton;Travel Lane;2;15;Rural (<30% Developed);Male;Sport Utility;0;No;1;0;White;No;0;40-49;Motorist Overtaking - Other / Unknown;None;No;#NULL!;Dry;0.114;Urban;No;13AUG2014;0;15:09;Male;#NULL!;Residential;B: Evident Injury;No;O: No Injury;546;August;0;Straight - Level;Coastal;With Traffic;Yield Sign;Wednesday;Intersection-Related;40;1;Two-Way, Divided, Unprotected Median;1 lane;0;No;CAMBRIDGE BLVD;Coarse Asphalt;TRINITY DR;No Special Feature;Motorist Overtaking Bicyclist;Local Street;B: Evident Injury;Robeson;51;Clear;TRINITY DR;26-30 mph;30 - 35  MPH;2014;Daylight;50-59
35.225204059, -75.6430116672;"{""type"": ""Point"", ""coordinates"": [-75.64301166720921, 35.22520405898988]}";White;None - Rural Crash;Bike Lane / Paved Shoulder;2;20;Mixed (30% To 70% Developed);Male;Passenger Car;0;No;0;30000012;White;No;1;50-59;Bicyclist Left Turn - Same Direction;None;No;#NULL!;Dry;0.75;Rural;No;02SEP2014;0;20:05;Male;#NULL!;Farms, Woods, Pastures;C: Possible Injury;Yes;O: No Injury;551;September;0;Straight - Level;Coastal;With Traffic;No Control Present;Tuesday;Non-Intersection;55;1;Two-Way, Not Divided;2 lanes;0;No;12;Coarse Asphalt;1272;No Special Feature;Bicyclist Left Turn / Merge;NC Route;C: Possible Injury;Dare;60;Clear;1487;46-50 mph;50 - 55  MPH;2014;Dusk;60-69
35.8997671038, -78.680882628;"{""type"": ""Point"", ""coordinates"": [-78.68088262800784, 35.8997671037655]}";White;Raleigh;Travel Lane;2;9;Urban (>70% Developed);Female;Passenger Car;0;No;1;30000050;White;No;0;60-69;Motorist Left Turn - Opposite Direction;None;No;#NULL!;Dry;0;Urban;No;16SEP2014;0;9:04;Male;#NULL!;Commercial;B: Evident Injury;No;O: No Injury;552;September;0;Straight - Grade;Piedmont;With Traffic;Stop And Go Signal;Tuesday;Intersection;62;1;Two-Way, Divided, Unprotected Median;6 lanes;0;No;CREEDMOOR RD;Coarse Asphalt;#NULL!;Four-Way Intersection;Motorist Left Turn / Merge;Local Street;B: Evident Injury;Wake;70+;Clear;BRENNAN DR;11-15 mph;40 - 45  MPH;2014;Daylight;70+
35.6991490207, -79.8166529601;"{""type"": ""Point"", ""coordinates"": [-79.81665296012565, 35.699149020712746]}";Hispanic;Asheboro;Travel Lane;2;19;Urban (>70% Developed);Male;Unknown;0;No;0;0;Unknown/Missing;No;1;16-19;Motorist Left Turn - Same Direction;None;No;#NULL!;Dry;0;Urban;Yes;22AUG2014;0;19:05;Unknown;#NULL!;Residential;C: Possible Injury;Yes;Unknown Injury;561;August;0;Straight - Grade;Piedmont;Facing Traffic;Yield Sign;Friday;Intersection;17;1;Two-Way, Not Divided;9 or more lanes;0;Missing;LANIER AVE;Smooth Asphalt;#NULL!;Four-Way Intersection;Motorist Left Turn / Merge;Local Street;C: Possible Injury;Randolph;Unknown;Clear;HAMMER AVE;Unknown;30 - 35  MPH;2014;Daylight;Unknown
35.6210319103, -82.3236937035;"{""type"": ""Point"", ""coordinates"": [-82.32369370347962, 35.62103191025612]}";White;Black Mountain;Travel Lane;2;17;Urban (>70% Developed);Male;Passenger Car;0;No;0;0;White;No;1;6-10;Bicyclist Ride Through - Sign-Controlled Intersection;None;No;#NULL!;Dry;0;Urban;No;25SEP2014;0;17:20;Female;#NULL!;Residential;C: Possible Injury;Yes;O: No Injury;572;September;0;Straight - Level;Mountains;With Traffic;Stop Sign;Thursday;Intersection;10;1;Two-Way, Not Divided;2 lanes;0;No;CHURCH STREET;Smooth Asphalt;LAURAL CIRCLE;No Special Feature;Bicyclist Failed to Yield - Sign-Controlled Intersection;Local Street;C: Possible Injury;Buncombe;20;Clear;EAST CONNALLY ST;11-15 mph;20 - 25  MPH;2014;Daylight;20-24
35.4976469506, -80.5608231719;"{""type"": ""Point"", ""coordinates"": [-80.5608231719016, 35.49764695064314]}";Black;None - Rural Crash;Sidewalk / Crosswalk / Driveway Crossing;2;15;Urban (>70% Developed);Female;Pickup;0;No;1;40002180;White;No;0;20-24;Motorist Right Turn - Opposite Direction;None;No;#NULL!;Dry;0.1;Rural;No;27SEP2014;0;15:12;Male;#NULL!;Commercial;B: Evident Injury;Yes;O: No Injury;586;September;0;Straight - Level;Piedmont;Facing Traffic;No Control Present;Saturday;Non-Intersection;21;1;Two-Way, Not Divided;2 lanes;0;No;SR 2180;Coarse Asphalt;1002;No Special Feature;Motorist Right Turn / Merge;State Secondary Route;B: Evident Injury;Cabarrus;70+;Clear;85;6-10 mph;30 - 35  MPH;2014;Daylight;70+
35.8114010881, -78.5844985943;"{""type"": ""Point"", ""coordinates"": [-78.58449859429133, 35.811401088102095]}";White;Raleigh;Travel Lane;2;20;Urban (>70% Developed);Male;Passenger Car;0;No;1;40002204;Black;No;0;40-49;Motorist Overtaking - Undetected Bicyclist;None;No;#NULL!;Dry;0.019;Urban;No;21SEP2014;0;20:24;Male;#NULL!;Residential;B: Evident Injury;Yes;O: No Injury;589;September;0;Straight - Level;Piedmont;With Traffic;No Control Present;Sunday;Non-Intersection;40;1;Two-Way, Not Divided;2 lanes;0;No;SKYCREST DR;Smooth Asphalt;SUNLIT LN;No Special Feature;Motorist Overtaking Bicyclist;Local Street;B: Evident Injury;Wake;67;Clear;SKYCREST PARK LN;36-40 mph;40 - 45  MPH;2014;Dark - Lighted Roadway;60-69
36.1226301967, -77.3966422493;"{""type"": ""Point"", ""coordinates"": [-77.39664224927706, 36.12263019666521]}";Black;None - Rural Crash;Travel Lane;2;21;Rural (<30% Developed);Male;Passenger Car;0;No;0;30000903;Black;No;0;60-69;Motorist Overtaking - Other / Unknown;None;No;#NULL!;Dry;0.5;Rural;No;19SEP2014;0;21:00;Male;#NULL!;Farms, Woods, Pastures;K: Killed;Yes;O: No Injury;592;September;1;Straight - Level;Coastal;With Traffic;No Control Present;Friday;Non-Intersection;63;1;Two-Way, Not Divided;2 lanes;0;No;NC 903;Smooth Asphalt;258;No Special Feature;Motorist Overtaking Bicyclist;NC Route;K: Killed;Halifax;25;Clear;1804;56-60 mph;50 - 55  MPH;2014;Dark - Roadway Not Lighted;25-29
35.7873869997, -80.8860532858;"{""type"": ""Point"", ""coordinates"": [-80.88605328577908, 35.787386999655396]}";Black;Statesville;Non-Roadway;2;11;Urban (>70% Developed);Male;Passenger Car;1;No;0;0;White;No;0;30-39;Non-Roadway;None;No;#NULL!;Dry;0.014;Urban;No;22SEP2014;0;11:27;Female;#NULL!;Commercial;O: No Injury;No;O: No Injury;602;September;0;Straight - Grade;Piedmont;Not Applicable;Other;Monday;Non-Roadway;33;1;Two-Way, Not Divided;2 lanes;0;No;PVA 221 E WATER ST;Smooth Asphalt;CONSTITUTION LN;Driveway, Public;Non-Roadway;Public Vehicular Area;O: No Injury;Iredell;27;Clear;E WATER ST;0-5 mph;5 - 15 MPH;2014;Daylight;25-29
36.1700932616, -75.7559217478;"{""type"": ""Point"", ""coordinates"": [-75.75592174780293, 36.170093261587034]}";White;Duck;Bike Lane / Paved Shoulder;2;8;Urban (>70% Developed);Male;Passenger Car;0;No;1;30000012;White;No;0;40-49;Motorist Left Turn - Opposite Direction;None;No;#NULL!;Dry;0.069;Rural;No;30AUG2014;0;8:58;Male;#NULL!;Commercial;B: Evident Injury;Yes;O: No Injury;614;August;0;Straight - Level;Coastal;With Traffic;No Control Present;Saturday;Non-Intersection;44;1;Two-Way, Not Divided;3 lanes;0;No;DUCK RD;Coarse Asphalt;MARLIN DR;Shared-Use Paths Or Trails;Motorist Left Turn / Merge;NC Route;B: Evident Injury;Dare;41;Clear;COOK DR;0-5 mph;20 - 25  MPH;2014;Daylight;40-49
35.8577910953, -78.6662166213;"{""type"": ""Point"", ""coordinates"": [-78.66621662125374, 35.857791095344695]}";White;Raleigh;Sidewalk / Crosswalk / Driveway Crossing;2;17;Urban (>70% Developed);Male;Passenger Car;0;No;0;40001822;Hispanic;No;1;30-39;Motorist Drive Out - Sign-Controlled Intersection;None;No;#NULL!;Dry;0.5;Urban;No;03OCT2014;0;17:18;Female;#NULL!;Commercial;C: Possible Injury;Yes;O: No Injury;615;October;0;Curve - Grade;Piedmont;Facing Traffic;Stop Sign;Friday;Intersection;31;1;Two-Way, Divided, Unprotected Median;5 lanes;0;No;PVA 1400 W MILLBROOK RD;Smooth Asphalt;NORTH HILLS DR;Driveway, Public;Motorist Failed to Yield - Sign-Controlled Intersection;Local Street;C: Possible Injury;Wake;33;Cloudy;LEAD MINE RD;0-5 mph;20 - 25  MPH;2014;Daylight;30-39
34.742049888, -77.6372822522;"{""type"": ""Point"", ""coordinates"": [-77.63728225219754, 34.742049888023736]}";White;None - Rural Crash;Travel Lane;2;17;Rural (<30% Developed);Male;Van;0;Yes-Alcohol,  impairment suspected;0;40001202;White;No;0;50-59;Head-On - Bicyclist;None;Yes;#NULL!;Dry;1;Rural;No;06OCT2014;0;17:12;Female;#NULL!;Residential;A: Disabling Injury;Yes;O: No Injury;620;October;0;Straight - Level;Coastal;Facing Traffic;No Control Present;Monday;Non-Intersection;59;1;Two-Way, Not Divided;2 lanes;1;No;SR 1202;Coarse Asphalt;1201;No Special Feature;Head-On;State Secondary Route;A: Disabling Injury;Onslow;32;Clear;1203;31-35 mph;50 - 55  MPH;2014;Daylight;30-39
35.230586885, -80.7831732243;"{""type"": ""Point"", ""coordinates"": [-80.7831732242873, 35.23058688504341]}";White;Charlotte;Travel Lane;2;17;Urban (>70% Developed);Male;Pickup;0;No;1;0;White;No;0;25-29;Motorist Turning Error - Right Turn;None;No;#NULL!;Dry;0.003;Urban;No;02OCT2014;0;17:26;Male;#NULL!;Residential;B: Evident Injury;Yes;O: No Injury;621;October;0;Curve - Hillcrest;Piedmont;With Traffic;Stop Sign;Thursday;Intersection-Related;26;1;Two-Way, Not Divided;2 lanes;0;No;AIRLIE;Smooth Asphalt;#NULL!;No Special Feature;Loss of Control / Turning Error;Local Street;B: Evident Injury;Mecklenburg;47;Clear;COUNTRY CLUB;16-20 mph;20 - 25  MPH;2014;Daylight;40-49
34.6305918158, -79.0648376787;"{""type"": ""Point"", ""coordinates"": [-79.06483767871687, 34.63059181575423]}";Black;Lumberton;Travel Lane;2;17;Mixed (30% To 70% Developed);Male;Tractor/Semi-Trailer;0;No;0;30000072;White;No;1;40-49;Motorist Left Turn - Same Direction;None;No;#NULL!;Dry;0.072;Urban;No;04SEP2014;0;17:25;Male;#NULL!;Commercial;C: Possible Injury;No;O: No Injury;626;September;0;Straight - Level;Coastal;Facing Traffic;No Control Present;Thursday;Non-Intersection;46;1;Two-Way, Not Divided;2 lanes;0;No;CATON RD;Coarse Asphalt;FLAIR FOLD DR;No Special Feature;Motorist Left Turn / Merge;Local Street;C: Possible Injury;Robeson;37;Clear;GLENN COWAN;11-15 mph;40 - 45  MPH;2014;Daylight;30-39
34.7325238745, -77.9917123599;"{""type"": ""Point"", ""coordinates"": [-77.99171235990354, 34.73252387448045]}";Hispanic;Wallace;Bike Lane / Paved Shoulder;2;9;Mixed (30% To 70% Developed);Male;Sport Utility;0;No;1;20000117;White;No;0;60-69;Motorist Drive Out - Sign-Controlled Intersection;None;No;#NULL!;Dry;0;Rural;No;09OCT2014;0;9:36;Male;#NULL!;Commercial;B: Evident Injury;Yes;O: No Injury;629;October;0;Straight - Level;Coastal;With Traffic;Stop Sign;Thursday;Intersection;66;1;Two-Way, Not Divided;5 lanes;0;No;US 117;Coarse Asphalt;EAST CLIFF STREET;Four-Way Intersection;Motorist Failed to Yield - Sign-Controlled Intersection;US Route;B: Evident Injury;Duplin;70+;Clear;EAST CARR STREET;0-5 mph;30 - 35  MPH;2014;Daylight;70+
35.7879820731, -78.8696426796;"{""type"": ""Point"", ""coordinates"": [-78.86964267956837, 35.78798207313554]}";Asian;Cary;Travel Lane;2;17;Urban (>70% Developed);Male;Passenger Car;1;No;0;40001615;White;No;0;11-15;Bicyclist Ride Out - Midblock - Unknown;None;No;#NULL!;Dry;0.057;Urban;No;11SEP2014;0;17:58;Male;#NULL!;Commercial;O: No Injury;No;O: No Injury;630;September;0;Straight - Level;Piedmont;Not Applicable;Stop And Go Signal;Thursday;Non-Intersection;13;1;Two-Way, Divided, Unprotected Median;5 lanes;0;No;HIGH HOUSE RD;Smooth Asphalt;WELLESLEY TRADE LN;Four-Way Intersection;Bicyclist Failed to Yield - Midblock;NC Route;O: No Injury;Wake;52;Clear;55;31-35 mph;40 - 45  MPH;2014;Daylight;50-59
35.7898900802, -78.677392621;"{""type"": ""Point"", ""coordinates"": [-78.67739262099697, 35.78989008022528]}";White;Raleigh;Travel Lane;2;7;Urban (>70% Developed);Male;Sport Utility;1;No;0;40003007;White;No;0;40-49;Motorist Left Turn - Opposite Direction;None;No;#NULL!;Dry;0.03;Urban;No;09OCT2014;0;7:05;Male;#NULL!;Commercial;O: No Injury;Yes;O: No Injury;631;October;0;Straight - Level;Piedmont;With Traffic;No Control Present;Thursday;Intersection;47;1;Two-Way, Not Divided;2 lanes;0;No;HILLSBOROUGH ST;Smooth Asphalt;FRIENDLY DR;No Special Feature;Motorist Left Turn / Merge;Local Street;O: No Injury;Wake;56;Clear;CONCORD ST;0-5 mph;30 - 35  MPH;2014;Dusk;50-59
34.2273667663, -77.8794923017;"{""type"": ""Point"", ""coordinates"": [-77.87949230171587, 34.227366766330846]}";Black;Wilmington;Travel Lane;2;12;Urban (>70% Developed);Male;Pickup;0;No;1;20000117;White;No;0;60-69;Motorist Right Turn - Same Direction;None;No;#NULL!;Dry;0;Urban;No;15SEP2014;0;12:24;Female;#NULL!;Commercial;B: Evident Injury;Yes;O: No Injury;635;September;0;Straight - Level;Coastal;With Traffic;Stop And Go Signal;Monday;Intersection;66;1;Two-Way, Divided, Unprotected Median;8 lanes;0;No;S COLLEGE RD;Smooth Asphalt;RANDALL PKY;T-Intersection;Motorist Right Turn / Merge;Local Street;B: Evident Injury;New Hanover;20;Cloudy;UNIVERSITY DR;16-20 mph;40 - 45  MPH;2014;Daylight;20-24
34.1954167578, -77.9367723175;"{""type"": ""Point"", ""coordinates"": [-77.93677231750019, 34.19541675784752]}";Black;Wilmington;Sidewalk / Crosswalk / Driveway Crossing;2;13;Urban (>70% Developed);Male;Passenger Car;0;No;0;0;White;No;1;50-59;Motorist Drive Out - Commercial Driveway / Alley;None;No;#NULL!;Dry;0.028;Urban;No;15SEP2014;0;13:43;Male;#NULL!;Commercial;C: Possible Injury;Yes;O: No Injury;636;September;0;Straight - Level;Coastal;Facing Traffic;Stop Sign;Monday;Non-Intersection;52;1;Two-Way, Not Divided;2 lanes;0;No;PVA 2392 CAROLINA BEACH RD;Smooth Asphalt;HART ST;No Special Feature;Motorist Failed to Yield - Midblock;Public Vehicular Area;C: Possible Injury;New Hanover;27;Cloudy;BELL ST;0-5 mph;20 - 25  MPH;2014;Daylight;25-29