Geo Point;Geo Shape;BikeRace;City;BikePos;NumUnits;CrashHour;Locality;BikeSex;DrvrVehTyp;NumBikesNo;BikeAlcDrg;NumBikesBI;RteInvdCd;DrvrRace;Workzone;NumBikesCi;BikeAgeGrp;CrashType;RdDefects;CrashAlcoh;BikeAlcoho;RdConditio;DstncMiFrm;RuralUrban;HitRun;CrashDate;NumBikesUI;CrashTime;DrvrSex;DrvrAlcoho;Developmen;CrashSevr;AmbulanceR;DrvrInjury;OBJECTID;CrashMonth;NumBikesKi;RdCharacte;Region;BikeDir;TraffCntrl;CrashDay;CrashLoc;BikeAge;NumBikesTo;RdConfig;NumLanes;NumBikesAI;DrvrAlcDrg;OnRoad;RdSurface;Towrd_Rd;RdFeature;CrashGrp;RdClass;BikeInjury;County;DrvrAge;Weather;FrmRd;DrvrEstSpd;SpeedLimit;CrashYear;LightCond;DrvrAgeGrp
35.8395301474, -77.0492321279;"{""type"": ""Point"", ""coordinates"": [-77.04923212789265, 35.839530147393866]}";Black;None - Rural Crash;Other;2;21;Rural (<30% Developed);Male;Passenger Car;0;Yes-Alcohol,  impairment suspected;0;20000064;White;No;1;50-59;Bicyclist Ride Out - Other Midblock;None;Yes;#NULL!;Dry;0.2;Rural;No;27SEP2014;0;21:50;Female;#NULL!;Farms, Woods, Pastures;C: Possible Injury;Yes;O: No Injury;639;September;0;Straight - Level;Coastal;Not Applicable;No Control Present;Saturday;Non-Intersection;56;1;Two-Way, Not Divided;4 lanes;0;No;US 64;Coarse Asphalt;1500;No Special Feature;Bicyclist Failed to Yield - Midblock;US Route;C: Possible Injury;Martin;25;Clear;13;51-55 mph;50 - 55  MPH;2014;Dark - Roadway Not Lighted;25-29
34.9987208437, -80.5540331435;"{""type"": ""Point"", ""coordinates"": [-80.55403314351098, 34.99872084369864]}";White;Monroe;Travel Lane;2;17;Urban (>70% Developed);Male;Passenger Car;0;No;0;50006740;White;No;1;40-49;Motorist Drive Out - Sign-Controlled Intersection;None;No;#NULL!;Dry;0;Urban;No;01OCT2014;0;17:53;Male;#NULL!;Commercial;C: Possible Injury;No;O: No Injury;648;October;0;Straight - Level;Piedmont;With Traffic;Stop Sign;Wednesday;Intersection;47;1;Two-Way, Not Divided;4 lanes;0;No;PATTON AVE;Smooth Asphalt;#NULL!;T-Intersection;Motorist Failed to Yield - Sign-Controlled Intersection;Local Street;C: Possible Injury;Union;70+;Clear;CONCORD AVE;0-5 mph;30 - 35  MPH;2014;Daylight;70+
35.9814601102, -78.9979127289;"{""type"": ""Point"", ""coordinates"": [-78.99791272890235, 35.9814601102398]}";White;None - Rural Crash;Travel Lane;2;11;Rural (<30% Developed);Male;Passenger Car;0;No;1;40001737;White;No;0;11-15;Bicyclist Left Turn - Same Direction;None;No;#NULL!;Wet;0;Rural;No;12OCT2014;0;11:32;Male;#NULL!;Farms, Woods, Pastures;B: Evident Injury;Yes;O: No Injury;652;October;0;Straight - Grade;Piedmont;With Traffic;Double Yellow Line, No Passing Zone;Sunday;Intersection;13;1;Two-Way, Not Divided;2 lanes;0;No;SR 1737;Smooth Asphalt;DURHAM;T-Intersection;Bicyclist Left Turn / Merge;State Secondary Route;B: Evident Injury;Orange;17;Rain;1734;36-40 mph;40 - 45  MPH;2014;Daylight;0-19
35.2799268821, -81.1491133355;"{""type"": ""Point"", ""coordinates"": [-81.14911333545098, 35.27992688209798]}";White;Gastonia;Sidewalk / Crosswalk / Driveway Crossing;2;8;Urban (>70% Developed);Male;Passenger Car;0;No;0;30000279;Other;No;1;60-69;Motorist Right Turn - Opposite Direction;None;No;#NULL!;Dry;0;Urban;No;01OCT2014;0;8:38;Male;#NULL!;Commercial;C: Possible Injury;No;O: No Injury;658;October;0;Straight - Level;Piedmont;Facing Traffic;Stop And Go Signal;Wednesday;Intersection;65;1;Two-Way, Divided, Unprotected Median;5 lanes;0;No;N NEW HOPE RD;Smooth Asphalt;#NULL!;Four-Way Intersection;Motorist Right Turn / Merge;NC Route;C: Possible Injury;Gaston;23;Clear;EAST OZARK AVE;0-5 mph;40 - 45  MPH;2014;Daylight;20-24
35.0944768663, -80.505229134;"{""type"": ""Point"", ""coordinates"": [-80.50522913397353, 35.09447686630083]}";White;Unionville;Travel Lane;2;18;Mixed (30% To 70% Developed);Male;Pickup;0;No;0;40001690;White;No;1;11-15;Bicyclist Ride Through - Sign-Controlled Intersection;None;No;#NULL!;Dry;0;Urban;No;17OCT2014;0;18:56;Male;#NULL!;Residential;C: Possible Injury;Yes;O: No Injury;661;October;0;Straight - Grade;Piedmont;With Traffic;Stop Sign;Friday;Intersection;15;1;Two-Way, Not Divided;2 lanes;0;No;SR 1690;Coarse Asphalt;1615;T-Intersection;Bicyclist Failed to Yield - Sign-Controlled Intersection;State Secondary Route;C: Possible Injury;Union;60;Clear;1691;16-20 mph;20 - 25  MPH;2014;Daylight;60-69
35.5684688899, -82.549043767;"{""type"": ""Point"", ""coordinates"": [-82.54904376700526, 35.56846888991846]}";White;Asheville;Travel Lane;2;21;Urban (>70% Developed);Male;Van;0;No;1;50019670;White;No;0;25-29;Motorist Left Turn - Opposite Direction;None;No;#NULL!;Dry;0;Urban;No;05OCT2014;0;21:22;Female;#NULL!;Commercial;B: Evident Injury;Yes;O: No Injury;667;October;0;Straight - Level;Mountains;With Traffic;Stop And Go Signal;Sunday;Intersection;26;1;Two-Way, Not Divided;2 lanes;0;No;MEADOW RD;Coarse Asphalt;VICTORIA RD;Related To Intersection;Motorist Left Turn / Merge;Local Street;B: Evident Injury;Buncombe;37;Clear;SHORT MCDOWELL ST;16-20 mph;30 - 35  MPH;2014;Dark - Lighted Roadway;30-39
35.7823020796, -78.654582614;"{""type"": ""Point"", ""coordinates"": [-78.65458261395406, 35.78230207957875]}";White;Raleigh;Travel Lane;3;21;Urban (>70% Developed);Male;Passenger Car;0;No;1;50014055;Unknown/Missing;No;0;20-24;Bicyclist Overtaking - Parked Vehicle;None;No;#NULL!;Dry;0.066;Urban;No;16OCT2014;0;21:08;Unknown;#NULL!;Residential;B: Evident Injury;Yes;Unknown Injury;675;October;0;Straight - Level;Piedmont;With Traffic;No Control Present;Thursday;Non-Intersection;21;1;Two-Way, Divided, Unprotected Median;2 lanes;0;Missing;HILLSBOROUGH STREET;Smooth Asphalt;W MORGAN ST;No Special Feature;Bicyclist Overtaking Motorist;Local Street;B: Evident Injury;Wake;Unknown;Clear;MAYO ST;0-5 mph;30 - 35  MPH;2014;Dark - Lighted Roadway;Unknown
35.2851469765, -78.5288925497;"{""type"": ""Point"", ""coordinates"": [-78.52889254973093, 35.28514697654108]}";White;None - Rural Crash;Travel Lane;2;8;Rural (<30% Developed);Male;Sport Utility;0;No;1;30000055;White;No;0;40-49;Motorist Overtaking - Bicyclist Swerved;None;No;#NULL!;Dry;0.8;Rural;No;01OCT2014;0;8:33;Female;#NULL!;Farms, Woods, Pastures;B: Evident Injury;Yes;O: No Injury;679;October;0;Straight - Level;Coastal;With Traffic;No Control Present;Wednesday;Non-Intersection;46;1;Two-Way, Not Divided;2 lanes;0;No;NC 55;Coarse Asphalt;1625;No Special Feature;Motorist Overtaking Bicyclist;NC Route;B: Evident Injury;Sampson;70+;Clear;1005;46-50 mph;50 - 55  MPH;2014;Daylight;70+
34.2310247678, -77.878262301;"{""type"": ""Point"", ""coordinates"": [-77.87826230099773, 34.23102476777517]}";White;Wilmington;Sidewalk / Crosswalk / Driveway Crossing;2;13;Urban (>70% Developed);Female;Sport Utility;0;No;0;50025321;White;No;1;16-19;Motorist Drive Out - Commercial Driveway / Alley;None;No;#NULL!;Wet;0.08;Urban;No;15OCT2014;0;13:57;Male;#NULL!;Commercial;C: Possible Injury;Yes;O: No Injury;681;October;0;Straight - Level;Coastal;Facing Traffic;No Control Present;Wednesday;Non-Intersection;19;1;Two-Way, Divided, Unprotected Median;Unknown;0;No;RANDALL PKY;Smooth Asphalt;S COLLEGE RD;No Special Feature;Motorist Failed to Yield - Midblock;Private Road, Driveway;C: Possible Injury;.;26;Cloudy;PEPYS LN;6-10 mph;5 - 15 MPH;2014;Daylight;25-29
35.8488990961, -78.6015266017;"{""type"": ""Point"", ""coordinates"": [-78.60152660166322, 35.84889909614056]}";Hispanic;Raleigh;Sidewalk / Crosswalk / Driveway Crossing;2;18;Urban (>70% Developed);Male;Passenger Car;0;No;0;50001196;Hispanic;No;1;11-15;Bicyclist Failed to Clear - Multiple Threat;None;No;#NULL!;Dry;0;Urban;No;17OCT2014;0;18:57;Female;#NULL!;Residential;C: Possible Injury;Yes;O: No Injury;684;October;0;Straight - Level;Piedmont;With Traffic;Stop And Go Signal;Friday;Intersection;15;1;Two-Way, Divided, Unprotected Median;6 lanes;0;No;ATLANTIC AVE;Coarse Asphalt;PACIFIC DR;No Special Feature;Bicyclist Failed to Yield - Signalized Intersection;Local Street;C: Possible Injury;Wake;28;Clear;MILLBROOK RD;6-10 mph;30 - 35  MPH;2014;Daylight;25-29
35.595179896, -82.5505137686;"{""type"": ""Point"", ""coordinates"": [-82.55051376855737, 35.595179895983435]}";White;Asheville;Travel Lane;2;16;Urban (>70% Developed);Female;Sport Utility;0;No;0;0;White;No;1;20-24;Bicyclist Ride Through - Sign-Controlled Intersection;None;No;#NULL!;Dry;0;Urban;No;13OCT2014;0;16:45;Female;#NULL!;Commercial;C: Possible Injury;No;O: No Injury;693;October;0;Straight - Level;Mountains;With Traffic;Stop Sign;Monday;Intersection;23;1;Two-Way, Not Divided;2 lanes;0;No;SPRUCE ST;Coarse Asphalt;COLLEGE ST;No Special Feature;Bicyclist Failed to Yield - Sign-Controlled Intersection;Local Street;C: Possible Injury;Buncombe;49;Clear;S PACK SQ;0-5 mph;20 - 25  MPH;2014;Daylight;40-49
36.1052010935, -80.1589430854;"{""type"": ""Point"", ""coordinates"": [-80.15894308542524, 36.10520109346607]}";White;Winston-Salem;Travel Lane;2;17;Urban (>70% Developed);Male;Passenger Car;0;No;1;0;White;No;0;40-49;Motorist Overtaking - Bicyclist Swerved;None;No;#NULL!;Dry;0.22;Urban;No;23OCT2014;0;17:37;Female;#NULL!;Residential;B: Evident Injury;Yes;O: No Injury;695;October;0;Straight - Grade;Piedmont;With Traffic;Double Yellow Line, No Passing Zone;Thursday;Non-Intersection;49;1;Two-Way, Not Divided;2 lanes;0;No;400 LINVILLE RD;Smooth Asphalt;OLD LINVILLE RD;No Special Feature;Motorist Overtaking Bicyclist;Local Street;B: Evident Injury;Forsyth;46;Clear;DEERMEADOW RD;41-45 mph;40 - 45  MPH;2014;Daylight;40-49
35.7796930799, -78.6381526088;"{""type"": ""Point"", ""coordinates"": [-78.63815260884546, 35.77969307991208]}";Black;Raleigh;Travel Lane;2;14;Urban (>70% Developed);Male;Passenger Car;1;No;0;50033178;White;No;0;20-24;Motorist Overtaking - Misjudged Space;None;No;#NULL!;Dry;0.002;Urban;No;28OCT2014;0;14:47;Female;#NULL!;Commercial;O: No Injury;No;O: No Injury;698;October;0;Straight - Level;Piedmont;With Traffic;No Control Present;Tuesday;Intersection-Related;23;1;One-Way, Not Divided;2 lanes;0;No;WILMINGTON ST;Smooth Asphalt;EDENTON ST;No Special Feature;Motorist Overtaking Bicyclist;Local Street;O: No Injury;Wake;60;Clear;MORGAN ST;31-35 mph;30 - 35  MPH;2014;Daylight;60-69
35.9966311162, -78.921162706;"{""type"": ""Point"", ""coordinates"": [-78.92116270599386, 35.996631116164785]}";White;Durham;Unknown;2;19;Urban (>70% Developed);Male;Pickup;0;No;0;50008948;Black;No;0;50-59;Motorist Left Turn - Opposite Direction;None;No;#NULL!;Dry;0;Urban;No;18OCT2014;0;19:48;Male;#NULL!;Residential;K: Killed;Yes;O: No Injury;701;October;1;Straight - Grade;Piedmont;With Traffic;No Control Present;Saturday;Intersection;52;1;Two-Way, Not Divided;2 lanes;0;No;DUKE UNIVERSITY RD;Smooth Asphalt;#NULL!;Four-Way Intersection;Motorist Left Turn / Merge;Local Street;K: Killed;Durham;70+;Clear;CHAPEL HILL RD;6-10 mph;30 - 35  MPH;2014;Daylight;70+
36.0583571389, -78.6500326273;"{""type"": ""Point"", ""coordinates"": [-78.65003262730704, 36.058357138906565]}";White;None - Rural Crash;Travel Lane;2;9;Rural (<30% Developed);Male;Unknown;0;No;1;40001906;Unknown/Missing;No;0;30-39;Motorist Overtaking - Misjudged Space;None;No;#NULL!;Dry;0;Rural;Yes;04OCT2014;0;9:35;Unknown;#NULL!;Farms, Woods, Pastures;B: Evident Injury;No;Unknown Injury;703;October;0;Straight - Grade;Piedmont;With Traffic;Double Yellow Line, No Passing Zone;Saturday;Non-Intersection;39;1;Two-Way, Not Divided;2 lanes;0;Missing;SR 1906;Coarse Asphalt;GRANVILLE;No Special Feature;Motorist Overtaking Bicyclist;State Secondary Route;B: Evident Injury;Wake;Unknown;Clear;1947;41-45 mph;40 - 45  MPH;2014;Daylight;Unknown
36.3114772265, -77.6848023466;"{""type"": ""Point"", ""coordinates"": [-77.68480234656649, 36.31147722654137]}";Black;None - Rural Crash;Travel Lane;2;19;Rural (<30% Developed);Male;Passenger Car;0;#NULL!;0;0;Black;No;0;11-15;Motorist Overtaking - Bicyclist Swerved;None;No;No;Dry;0;Rural;No;18MAY2011;0;19:45;Male;No;Farms, Woods, Pastures;O: No Injury;No;O: No Injury;3008;May;0;Straight - Level;Coastal;With Traffic;Double Yellow Line, No Passing Zone;Wednesday;Non-Intersection;12;0;Two-Way, Not Divided;2 lanes;0;#NULL!;#NULL!;Coarse Asphalt;#NULL!;No Special Feature;Motorist Overtaking Bicyclist;State Secondary Route;O: No Injury;Halifax;64;Clear;#NULL!;46-50 mph;50 - 55  MPH;2011;Daylight;60-69
35.2471368872, -80.8179032356;"{""type"": ""Point"", ""coordinates"": [-80.81790323563565, 35.24713688724968]}";Black;Charlotte;Sidewalk / Crosswalk / Driveway Crossing;2;18;Urban (>70% Developed);Male;Passenger Car;0;#NULL!;0;0;Hispanic;No;0;11-15;Motorist Drive Out - Commercial Driveway / Alley;None;No;No;Dry;0;Urban;No;28APR2011;0;18:42;Male;No;Residential;C: Possible Injury;No;O: No Injury;3010;April;0;Straight - Level;Piedmont;Facing Traffic;No Control Present;Thursday;Non-Intersection;13;0;Two-Way, Not Divided;2 lanes;0;#NULL!;#NULL!;Smooth Asphalt;#NULL!;No Special Feature;Motorist Failed to Yield - Midblock;Local Street;C: Possible Injury;Mecklenburg;26;Clear;#NULL!;6-10 mph;20 - 25  MPH;2011;Daylight;25-29
34.8619568651, -79.1057027021;"{""type"": ""Point"", ""coordinates"": [-79.10570270210896, 34.86195686506568]}";Native American;None - Rural Crash;Travel Lane;2;23;Mixed (30% To 70% Developed);Male;Pickup;0;#NULL!;0;0;White;No;0;50-59;Motorist Overtaking - Other / Unknown;None;No;No;Wet;0;Rural;No;17MAY2011;0;23:12;Male;No;Residential;A: Disabling Injury;Yes;O: No Injury;3017;May;0;Straight - Level;Coastal;With Traffic;No Control Present;Tuesday;Non-Intersection;56;0;Two-Way, Not Divided;2 lanes;0;#NULL!;#NULL!;Coarse Asphalt;#NULL!;No Special Feature;Motorist Overtaking Bicyclist;State Secondary Route;A: Disabling Injury;Robeson;66;Rain;#NULL!;26-30 mph;50 - 55  MPH;2011;Dark - Roadway Not Lighted;60-69
36.2106070573, -81.6987035521;"{""type"": ""Point"", ""coordinates"": [-81.69870355211505, 36.210607057346365]}";White;None - Rural Crash;Travel Lane;2;16;Rural (<30% Developed);Male;Pickup;0;#NULL!;0;0;White;No;0;20-24;Head-On - Bicyclist;None;No;No;Dry;0;Rural;No;28MAY2011;0;16:44;Male;No;Farms, Woods, Pastures;C: Possible Injury;Yes;O: No Injury;3021;May;0;Curve - Grade;Mountains;With Traffic;No Control Present;Saturday;Non-Intersection;21;0;Two-Way, Not Divided;2 lanes;0;#NULL!;#NULL!;Coarse Asphalt;#NULL!;No Special Feature;Head-On;State Secondary Route;C: Possible Injury;Watauga;35;Clear;#NULL!;21-25 mph;50 - 55  MPH;2011;Daylight;30-39
34.9023469268, -77.5445022326;"{""type"": ""Point"", ""coordinates"": [-77.54450223260181, 34.902346926822375]}";White;None - Rural Crash;Travel Lane;2;16;Rural (<30% Developed);Male;Passenger Car;0;#NULL!;0;0;White;No;0;16-19;Bicyclist Left Turn - Same Direction;None;No;No;Dry;0;Rural;No;31MAY2011;0;16:46;Female;No;Residential;B: Evident Injury;Yes;O: No Injury;3030;May;0;Straight - Level;Coastal;With Traffic;No Control Present;Tuesday;Non-Intersection;16;0;Two-Way, Not Divided;2 lanes;0;#NULL!;#NULL!;Coarse Asphalt;#NULL!;No Special Feature;Bicyclist Left Turn / Merge;State Secondary Route;B: Evident Injury;Onslow;31;Clear;#NULL!;41-45 mph;40 - 45  MPH;2011;Daylight;30-39
35.326847015, -77.6748022932;"{""type"": ""Point"", ""coordinates"": [-77.67480229322257, 35.326847014980416]}";Black;None - Rural Crash;Travel Lane;2;19;Rural (<30% Developed);Female;Passenger Car;0;#NULL!;0;0;Unknown/Missing;No;0;11-15;Motorist Overtaking - Other / Unknown;Rut, Holes, Bumps;No;No;Sand, Mud, Dirt, Gravel;0;Rural;Yes;30MAY2011;0;19:10;Unknown;No;Residential;C: Possible Injury;Yes;Unknown Injury;3031;May;0;Straight - Level;Coastal;With Traffic;No Control Present;Monday;Non-Intersection;13;0;Two-Way, Not Divided;2 lanes;0;#NULL!;#NULL!;Gravel;#NULL!;No Special Feature;Motorist Overtaking Bicyclist;Local Street;C: Possible Injury;Lenoir;Unknown;Clear;#NULL!;0-5 mph;5 - 15 MPH;2011;Daylight;Unknown
34.175746755, -77.8944023035;"{""type"": ""Point"", ""coordinates"": [-77.89440230348582, 34.17574675500473]}";White;Wilmington;Travel Lane;2;13;Rural (<30% Developed);Male;Van;0;#NULL!;0;0;White;No;0;50-59;Motorist Right Turn - Same Direction;None;No;No;Unknown;0;Urban;No;11MAY2011;0;13:40;Male;No;Residential;Unknown Injury;No;Unknown Injury;3034;May;0;Unknown;Coastal;With Traffic;No Control Present;Wednesday;Intersection;54;0;Unknown;Unknown;0;#NULL!;#NULL!;Unknown;#NULL!;No Special Feature;Motorist Right Turn / Merge;.;Unknown Injury;New Hanover;44;Clear;#NULL!;Unknown;Unknown;2011;Unknown;40-49
36.063937068, -80.6083032185;"{""type"": ""Point"", ""coordinates"": [-80.60830321847429, 36.06393706804594]}";White;None - Rural Crash;Travel Lane;2;18;Rural (<30% Developed);Male;Passenger Car;0;#NULL!;0;0;White;No;0;40-49;Motorist Left Turn - Opposite Direction;None;No;No;Dry;0;Rural;No;24MAY2011;0;18:54;Female;No;Residential;B: Evident Injury;Yes;O: No Injury;3036;May;0;Straight - Level;Mountains;With Traffic;Double Yellow Line, No Passing Zone;Tuesday;Intersection;41;0;Two-Way, Not Divided;2 lanes;0;#NULL!;#NULL!;Smooth Asphalt;#NULL!;T-Intersection;Motorist Left Turn / Merge;State Secondary Route;B: Evident Injury;Yadkin;22;Clear;#NULL!;0-5 mph;50 - 55  MPH;2011;Daylight;20-24
34.5900968078, -79.0429026698;"{""type"": ""Point"", ""coordinates"": [-79.04290266975765, 34.590096807842436]}";Black;Lumberton;Unknown;2;23;Mixed (30% To 70% Developed);Female;Pickup;0;#NULL!;0;0;Black;No;0;50-59;Bicyclist Ride Out - Midblock - Unknown;None;Yes;Yes;Dry;0;Urban;No;03JUN2011;0;23:29;Male;No;Commercial;K: Killed;Yes;O: No Injury;3037;June;0;Straight - Level;Coastal;Not Applicable;No Control Present;Friday;Non-Intersection;51;0;Two-Way, Not Divided;3 lanes;0;#NULL!;#NULL!;Smooth Asphalt;#NULL!;No Special Feature;Bicyclist Failed to Yield - Midblock;NC Route;K: Killed;Robeson;53;Clear;#NULL!;46-50 mph;50 - 55  MPH;2011;Dark - Roadway Not Lighted;50-59
35.3706870149, -77.9537023793;"{""type"": ""Point"", ""coordinates"": [-77.95370237926763, 35.37068701487123]}";White;Goldsboro;Unknown;2;14;Urban (>70% Developed);Male;Sport Utility;0;#NULL!;0;0;White;No;0;20-24;Bicyclist Ride Out - Other Midblock;None;No;No;Dry;0;Urban;No;20MAY2011;0;14:20;Female;No;Commercial;C: Possible Injury;Yes;O: No Injury;3040;May;0;Straight - Level;Coastal;Not Applicable;Other;Friday;Non-Intersection;21;0;Two-Way, Divided, Unprotected Median;6 lanes;0;#NULL!;#NULL!;Coarse Asphalt;#NULL!;Related To Intersection;Bicyclist Failed to Yield - Midblock;Local Street;C: Possible Injury;Wayne;43;Clear;#NULL!;21-25 mph;30 - 35  MPH;2011;Daylight;40-49
34.2675967772, -77.8131022828;"{""type"": ""Point"", ""coordinates"": [-77.81310228282453, 34.26759677723313]}";White;None - Rural Crash;Travel Lane;2;20;Mixed (30% To 70% Developed);Male;Passenger Car;0;#NULL!;0;0;White;No;0;50-59;Motorist Left Turn - Opposite Direction;None;No;No;Dry;0;Rural;No;04JUN2011;0;20:25;Male;No;Residential;B: Evident Injury;Yes;O: No Injury;3044;June;0;Straight - Level;Coastal;With Traffic;Double Yellow Line, No Passing Zone;Saturday;Intersection;52;0;Two-Way, Not Divided;2 lanes;0;#NULL!;#NULL!;Coarse Asphalt;#NULL!;Y-Intersection;Motorist Left Turn / Merge;State Secondary Route;B: Evident Injury;New Hanover;70+;Clear;#NULL!;11-15 mph;30 - 35  MPH;2011;Dusk;70+
35.2337168838, -80.8427032424;"{""type"": ""Point"", ""coordinates"": [-80.84270324236334, 35.23371688375691]}";Hispanic;Charlotte;Sidewalk / Crosswalk / Driveway Crossing;2;14;Urban (>70% Developed);Male;Passenger Car;0;#NULL!;0;0;Black;No;0;25-29;Crossing Paths - Intersection - Other / Unknown;None;No;No;Dry;0;Urban;No;18MAY2011;0;14:42;Female;No;Residential;C: Possible Injury;No;O: No Injury;3052;May;0;Straight - Grade;Piedmont;Not Applicable;No Control Present;Wednesday;Intersection;28;0;Two-Way, Not Divided;4 lanes;0;#NULL!;#NULL!;Smooth Asphalt;#NULL!;No Special Feature;Crossing Paths - Other Circumstances;Local Street;C: Possible Injury;Mecklenburg;40;Clear;#NULL!;26-30 mph;30 - 35  MPH;2011;Daylight;40-49
35.2856968805, -81.2398033637;"{""type"": ""Point"", ""coordinates"": [-81.23980336365042, 35.2856968805306]}";Black;Gastonia;Travel Lane;2;15;Urban (>70% Developed);Female;Passenger Car;0;#NULL!;0;0;White;No;0;70+;Motorist Overtaking - Other / Unknown;None;No;No;Dry;0;Urban;No;22MAY2011;0;15:24;Male;No;Commercial;C: Possible Injury;Yes;C: Possible Injury;3057;May;0;Straight - Grade;Piedmont;With Traffic;Stop And Go Signal;Sunday;Intersection;70+;0;Two-Way, Not Divided;3 lanes;0;#NULL!;#NULL!;Smooth Asphalt;#NULL!;Four-Way Intersection;Motorist Overtaking Bicyclist;NC Route;O: No Injury;Gaston;52;Clear;#NULL!;31-35 mph;40 - 45  MPH;2011;Daylight;50-59
35.8202870989, -78.3273025164;"{""type"": ""Point"", ""coordinates"": [-78.32730251639943, 35.820287098887576]}";Black;Zebulon;Travel Lane;2;15;Urban (>70% Developed);Male;Passenger Car;0;#NULL!;0;0;Black;No;0;6-10;Parallel Paths - Other / Unknown;None;No;No;Dry;0;Rural;No;11JUN2011;0;15:40;Female;No;Commercial;C: Possible Injury;No;O: No Injury;3065;June;0;Straight - Level;Piedmont;Not Applicable;Stop Sign;Saturday;Intersection;10;0;Two-Way, Not Divided;3 lanes;0;#NULL!;#NULL!;Coarse Asphalt;#NULL!;No Special Feature;Parallel Paths - Other Circumstances;Local Street;C: Possible Injury;Wake;18;Clear;#NULL!;0-5 mph;30 - 35  MPH;2011;Daylight;0-19
35.8850370604, -79.8056029675;"{""type"": ""Point"", ""coordinates"": [-79.80560296752002, 35.885037060363125]}";Black;None - Rural Crash;Travel Lane;2;1;Rural (<30% Developed);Male;Passenger Car;0;#NULL!;0;0;Unknown/Missing;No;0;16-19;Motorist Overtaking - Other / Unknown;None;No;No;Dry;0;Rural;Yes;12JUN2011;0;1:14;Unknown;Missing;Farms, Woods, Pastures;C: Possible Injury;Yes;Unknown Injury;3066;June;0;Straight - Level;Piedmont;With Traffic;Double Yellow Line, No Passing Zone;Sunday;Non-Intersection;19;0;Two-Way, Not Divided;2 lanes;0;#NULL!;#NULL!;Smooth Asphalt;#NULL!;Driveway, Public;Motorist Overtaking Bicyclist;US Route;C: Possible Injury;Randolph;Unknown;Clear;#NULL!;Unknown;Unknown;2011;Dark - Unknown Lighting;Unknown
35.4770868414, -83.320503989;"{""type"": ""Point"", ""coordinates"": [-83.32050398901328, 35.47708684135199]}";Hispanic;Cherokee Reservation;Travel Lane;2;7;Rural (<30% Developed);Female;Pickup;0;#NULL!;0;0;Hispanic;No;0;20-24;Motorist Right Turn - Opposite Direction;None;No;No;Dry;0;Rural;No;14JUN2011;0;7:52;Male;No;Residential;B: Evident Injury;Yes;O: No Injury;3069;June;0;Straight - Level;Mountains;Facing Traffic;Flashing Signal With Stop Sign;Tuesday;Intersection;20;0;Two-Way, Divided, Unprotected Median;5 lanes;0;#NULL!;#NULL!;Smooth Asphalt;#NULL!;No Special Feature;Motorist Right Turn / Merge;Local Street;B: Evident Injury;Swain;49;Clear;#NULL!;11-15 mph;40 - 45  MPH;2011;Daylight;40-49
35.9304670971, -79.0549027427;"{""type"": ""Point"", ""coordinates"": [-79.0549027427154, 35.930467097110444]}";White;Chapel Hill;Sidewalk / Crosswalk / Driveway Crossing;2;10;Urban (>70% Developed);Male;Sport Utility;0;#NULL!;0;0;White;No;0;20-24;Motorist Drive Out - Sign-Controlled Intersection;None;No;No;Dry;0;Urban;No;27MAY2011;0;10:07;Female;No;Commercial;C: Possible Injury;Yes;O: No Injury;3072;May;0;Straight - Grade;Piedmont;Facing Traffic;Stop Sign;Friday;Intersection;23;0;Two-Way, Not Divided;5 lanes;0;#NULL!;#NULL!;Smooth Asphalt;#NULL!;Driveway, Public;Motorist Failed to Yield - Sign-Controlled Intersection;Private Road, Driveway;C: Possible Injury;Orange;28;Clear;#NULL!;Unknown;5 - 15 MPH;2011;Daylight;25-29
36.0015671187, -78.8668026895;"{""type"": ""Point"", ""coordinates"": [-78.8668026894805, 36.00156711868265]}";Black;Durham;Travel Lane;2;20;Urban (>70% Developed);Male;Passenger Car;0;#NULL!;0;0;Hispanic;No;0;11-15;Bicyclist Ride Out - Sign-Controlled Intersection;None;No;No;Dry;0;Urban;No;15JUN2011;0;20:20;Female;No;Residential;C: Possible Injury;No;O: No Injury;3078;June;0;Curve - Level;Piedmont;Unknown;Stop Sign;Wednesday;Intersection;12;0;Two-Way, Not Divided;2 lanes;0;#NULL!;#NULL!;Smooth Asphalt;#NULL!;No Special Feature;Bicyclist Failed to Yield - Sign-Controlled Intersection;Local Street;C: Possible Injury;Durham;48;Clear;#NULL!;26-30 mph;30 - 35  MPH;2011;Daylight;40-49
35.4551669873, -79.2879027882;"{""type"": ""Point"", ""coordinates"": [-79.28790278821549, 35.455166987250934]}";Black;None - Rural Crash;Travel Lane;2;22;Rural (<30% Developed);Male;Passenger Car;0;#NULL!;0;0;Black;No;0;40-49;Head-On - Bicyclist;None;Yes;Yes;Dry;0;Rural;No;17JUN2011;0;22:10;Male;No;Farms, Woods, Pastures;O: No Injury;Yes;O: No Injury;3087;June;0;Straight - Level;Piedmont;Facing Traffic;Double Yellow Line, No Passing Zone;Friday;Non-Intersection;41;0;Two-Way, Not Divided;2 lanes;0;#NULL!;#NULL!;Smooth Asphalt;#NULL!;No Special Feature;Head-On;State Secondary Route;O: No Injury;Lee;35;Clear;#NULL!;46-50 mph;50 - 55  MPH;2011;Dark - Roadway Not Lighted;30-39