Geo Point;Geo Shape;BikeRace;City;BikePos;NumUnits;CrashHour;Locality;BikeSex;DrvrVehTyp;NumBikesNo;BikeAlcDrg;NumBikesBI;RteInvdCd;DrvrRace;Workzone;NumBikesCi;BikeAgeGrp;CrashType;RdDefects;CrashAlcoh;BikeAlcoho;RdConditio;DstncMiFrm;RuralUrban;HitRun;CrashDate;NumBikesUI;CrashTime;DrvrSex;DrvrAlcoho;Developmen;CrashSevr;AmbulanceR;DrvrInjury;OBJECTID;CrashMonth;NumBikesKi;RdCharacte;Region;BikeDir;TraffCntrl;CrashDay;CrashLoc;BikeAge;NumBikesTo;RdConfig;NumLanes;NumBikesAI;DrvrAlcDrg;OnRoad;RdSurface;Towrd_Rd;RdFeature;CrashGrp;RdClass;BikeInjury;County;DrvrAge;Weather;FrmRd;DrvrEstSpd;SpeedLimit;CrashYear;LightCond;DrvrAgeGrp
35.5861969594, -80.8193032549;"{""type"": ""Point"", ""coordinates"": [-80.8193032549362, 35.58619695938015]}";Black;Mooresville;Sidewalk / Crosswalk / Driveway Crossing;2;14;Urban (>70% Developed);Female;Van;0;#NULL!;0;0;White;No;0;16-19;Motorist Left Turn - Same Direction;None;No;No;Dry;0;Urban;No;03JUN2011;0;14:58;Male;No;Commercial;B: Evident Injury;No;B: Evident Injury;3095;June;0;Straight - Level;Piedmont;Facing Traffic;Stop Sign;Friday;Intersection;19;0;Two-Way, Not Divided;2 lanes;0;#NULL!;#NULL!;Smooth Asphalt;#NULL!;No Special Feature;Motorist Left Turn / Merge;Local Street;O: No Injury;Iredell;44;Clear;#NULL!;31-35 mph;30 - 35  MPH;2011;Daylight;40-49
35.6601069881, -80.4802031577;"{""type"": ""Point"", ""coordinates"": [-80.48020315771382, 35.660106988057876]}";Black;Salisbury;Sidewalk / Crosswalk / Driveway Crossing;2;17;Urban (>70% Developed);Male;Passenger Car;0;#NULL!;0;0;White;No;0;50-59;Bicyclist Ride Out - Parallel Path;None;Yes;Yes;Dry;0;Urban;No;14JUN2011;0;17:50;Female;No;Residential;C: Possible Injury;Yes;O: No Injury;3108;June;0;Straight - Level;Piedmont;With Traffic;No Control Present;Tuesday;Non-Intersection;52;0;Two-Way, Divided, Unprotected Median;2 lanes;0;#NULL!;#NULL!;Smooth Asphalt;#NULL!;No Special Feature;Parallel Paths - Other Circumstances;.;C: Possible Injury;Rowan;26;Clear;#NULL!;16-20 mph;30 - 35  MPH;2011;Daylight;25-29
35.7572870731, -78.6998026257;"{""type"": ""Point"", ""coordinates"": [-78.699802625695, 35.75728707305379]}";Black;Raleigh;Travel Lane;2;12;Urban (>70% Developed);Male;Passenger Car;0;#NULL!;0;0;White;No;0;11-15;Motorist Right Turn - Same Direction;None;No;No;Dry;0;Urban;No;18JUN2011;0;12:44;Female;No;Residential;B: Evident Injury;Yes;O: No Injury;3109;June;0;Straight - Hillcrest;Piedmont;With Traffic;Stop Sign;Saturday;Intersection;12;0;Two-Way, Divided, Unprotected Median;5 lanes;0;#NULL!;#NULL!;Smooth Asphalt;#NULL!;Four-Way Intersection;Motorist Right Turn / Merge;Local Street;B: Evident Injury;Wake;19;Clear;#NULL!;0-5 mph;40 - 45  MPH;2011;Daylight;0-19
35.5778368913, -82.5796037769;"{""type"": ""Point"", ""coordinates"": [-82.57960377690371, 35.57783689131276]}";White;Asheville;Travel Lane;2;12;Mixed (30% To 70% Developed);Male;Unknown;0;#NULL!;0;0;Unknown/Missing;No;0;11-15;Bicyclist Ride Out - Sign-Controlled Intersection;None;No;No;Dry;0;Urban;Yes;04JUN2011;0;12:50;Unknown;Missing;Commercial;O: No Injury;No;Unknown Injury;3116;June;0;Straight - Level;Mountains;With Traffic;Stop Sign;Saturday;Intersection;12;0;Two-Way, Not Divided;2 lanes;0;#NULL!;#NULL!;Coarse Asphalt;#NULL!;Four-Way Intersection;Bicyclist Failed to Yield - Sign-Controlled Intersection;Local Street;O: No Injury;Buncombe;Unknown;Clear;#NULL!;16-20 mph;20 - 25  MPH;2011;Daylight;Unknown
36.1220370951, -80.222303106;"{""type"": ""Point"", ""coordinates"": [-80.22230310603271, 36.122037095142154]}";Black;Winston-Salem;Unknown;2;19;Urban (>70% Developed);Male;Passenger Car;0;#NULL!;0;0;Black;No;0;40-49;Crossing Paths - Intersection - Other / Unknown;None;No;No;Dry;0;Urban;No;30MAY2011;0;19:10;Male;No;Residential;C: Possible Injury;Yes;O: No Injury;3120;May;0;Straight - Level;Piedmont;With Traffic;Flashing Signal With Stop Sign;Monday;Intersection-Related;49;0;Two-Way, Not Divided;2 lanes;0;#NULL!;#NULL!;Smooth Asphalt;#NULL!;Four-Way Intersection;Crossing Paths - Other Circumstances;Local Street;C: Possible Injury;Forsyth;23;Clear;#NULL!;6-10 mph;30 - 35  MPH;2011;Daylight;20-24
36.0402771256, -78.9121027059;"{""type"": ""Point"", ""coordinates"": [-78.9121027058638, 36.04027712561619]}";White;Durham;Travel Lane;2;14;Urban (>70% Developed);Male;Passenger Car;0;#NULL!;0;0;Hispanic;No;0;11-15;Bicyclist Left Turn - Same Direction;Road Surface Condition;No;No;Dry;0;Urban;No;30JUN2011;0;14:23;Male;No;Residential;C: Possible Injury;Yes;O: No Injury;3129;June;0;Straight - Level;Piedmont;With Traffic;No Control Present;Thursday;Intersection;15;0;Two-Way, Not Divided;2 lanes;0;#NULL!;#NULL!;Smooth Asphalt;#NULL!;Four-Way Intersection;Bicyclist Left Turn / Merge;Local Street;C: Possible Injury;Durham;20;Clear;#NULL!;11-15 mph;30 - 35  MPH;2011;Daylight;20-24
35.2487168905, -80.7542032162;"{""type"": ""Point"", ""coordinates"": [-80.75420321615617, 35.24871689049226]}";Black;Charlotte;Sidewalk / Crosswalk / Driveway Crossing;2;13;Urban (>70% Developed);Male;Pickup;0;#NULL!;0;0;White;No;0;16-19;Bicyclist Lost Control - Oversteering, Improper Braking, Speed;None;No;No;Dry;0;Urban;No;11JUN2011;0;13:57;Male;No;Commercial;O: No Injury;Yes;O: No Injury;3145;June;0;Straight - Level;Piedmont;Facing Traffic;Stop Sign;Saturday;Intersection;18;0;Two-Way, Not Divided;2 lanes;0;#NULL!;#NULL!;Coarse Asphalt;#NULL!;No Special Feature;Loss of Control / Turning Error;Local Street;Unknown Injury;Mecklenburg;46;Clear;#NULL!;0-5 mph;30 - 35  MPH;2011;Daylight;40-49
35.7805070797, -78.6417026094;"{""type"": ""Point"", ""coordinates"": [-78.64170260943912, 35.780507079749924]}";White;Raleigh;Travel Lane;2;23;Urban (>70% Developed);Male;Passenger Car;0;#NULL!;0;0;Hispanic;No;0;30-39;Motorist Left Turn - Opposite Direction;None;Yes;Yes;Dry;0;Urban;No;02JUL2011;0;23:09;Male;No;Industrial;B: Evident Injury;Yes;O: No Injury;3149;July;0;Straight - Level;Piedmont;With Traffic;Stop And Go Signal;Saturday;Intersection;31;0;Two-Way, Not Divided;6 lanes;0;#NULL!;#NULL!;Smooth Asphalt;#NULL!;Four-Way Intersection;Motorist Left Turn / Merge;Local Street;B: Evident Injury;Wake;21;Clear;#NULL!;6-10 mph;30 - 35  MPH;2011;Dark - Lighted Roadway;20-24
35.9991770755, -80.0371030432;"{""type"": ""Point"", ""coordinates"": [-80.03710304321307, 35.99917707553667]}";Black;High Point;Non-Roadway;2;19;Urban (>70% Developed);Male;Unknown;0;#NULL!;0;0;Unknown/Missing;No;0;11-15;Bicyclist Ride Out - Commercial Driveway / Alley;None;No;No;Dry;0;Urban;Yes;15JUN2011;0;19:30;Unknown;Missing;Residential;B: Evident Injury;No;Unknown Injury;3154;June;0;Straight - Bottom;Piedmont;Not Applicable;No Control Present;Wednesday;Non-Intersection;12;0;Two-Way, Not Divided;2 lanes;0;#NULL!;#NULL!;Smooth Asphalt;#NULL!;No Special Feature;Bicyclist Failed to Yield - Midblock;Local Street;B: Evident Injury;Guilford;Unknown;Clear;#NULL!;Unknown;Unknown;2011;Daylight;Unknown
35.1906468759, -80.8109032303;"{""type"": ""Point"", ""coordinates"": [-80.81090323028181, 35.19064687587122]}";Black;Charlotte;Sidewalk / Crosswalk / Driveway Crossing;2;8;Urban (>70% Developed);Male;Passenger Car;0;#NULL!;0;0;White;No;0;50-59;Bicyclist Ride Out - Signalized  Intersection;None;No;No;Dry;0;Urban;No;16JUN2011;0;8:37;Female;No;Commercial;B: Evident Injury;Yes;O: No Injury;3156;June;0;Straight - Level;Piedmont;Facing Traffic;Stop And Go Signal;Thursday;Intersection;51;0;Two-Way, Not Divided;4 lanes;0;#NULL!;#NULL!;Smooth Asphalt;#NULL!;Four-Way Intersection;Bicyclist Failed to Yield - Signalized Intersection;Local Street;B: Evident Injury;Mecklenburg;41;Cloudy;#NULL!;0-5 mph;30 - 35  MPH;2011;Dawn;40-49
35.694277062, -78.615902597;"{""type"": ""Point"", ""coordinates"": [-78.61590259698842, 35.694277062003636]}";White;Garner;Sidewalk / Crosswalk / Driveway Crossing;2;17;Urban (>70% Developed);Male;Passenger Car;0;#NULL!;0;0;White;No;0;16-19;Non-Roadway;None;No;No;Dry;0;Urban;No;05JUL2011;0;17:23;Female;No;Commercial;C: Possible Injury;No;O: No Injury;3162;July;0;Straight - Grade;Piedmont;Not Applicable;No Control Present;Tuesday;Non-Roadway;16;0;Two-Way, Not Divided;Unknown;0;#NULL!;#NULL!;Coarse Asphalt;#NULL!;Driveway, Public;Non-Roadway;Public Vehicular Area;C: Possible Injury;Wake;33;Cloudy;#NULL!;0-5 mph;30 - 35  MPH;2011;Daylight;30-39
35.5739768914, -82.5541037693;"{""type"": ""Point"", ""coordinates"": [-82.55410376925754, 35.573976891358086]}";White;Asheville;Travel Lane;2;15;Urban (>70% Developed);Male;Passenger Car;0;#NULL!;0;0;White;No;0;20-24;Motorist Drive Out - Sign-Controlled Intersection;None;No;No;Dry;0;Urban;No;12JUL2011;0;15:50;Male;No;Institutional;B: Evident Injury;No;O: No Injury;3169;July;0;Curve - Grade;Mountains;With Traffic;Stop Sign;Tuesday;Intersection;20;0;Two-Way, Not Divided;2 lanes;0;#NULL!;#NULL!;Smooth Asphalt;#NULL!;T-Intersection;Motorist Failed to Yield - Sign-Controlled Intersection;Local Street;B: Evident Injury;Buncombe;70+;Clear;#NULL!;0-5 mph;20 - 25  MPH;2011;Daylight;70+
35.9680971459, -77.8866023899;"{""type"": ""Point"", ""coordinates"": [-77.88660238987703, 35.96809714587565]}";Black;Rocky Mount;Travel Lane;2;16;Urban (>70% Developed);Female;Sport Utility;0;#NULL!;0;0;Black;No;0;6-10;Bicyclist Ride Through - Sign-Controlled Intersection;None;No;No;Dry;0;Urban;No;18MAY2011;0;16:08;Female;No;Residential;B: Evident Injury;Yes;O: No Injury;3172;May;0;Straight - Level;Coastal;With Traffic;Stop Sign;Wednesday;Intersection;6;0;Two-Way, Not Divided;2 lanes;0;#NULL!;#NULL!;Smooth Asphalt;#NULL!;No Special Feature;Bicyclist Failed to Yield - Sign-Controlled Intersection;Local Street;B: Evident Injury;Nash;19;Clear;#NULL!;6-10 mph;5 - 15 MPH;2011;Daylight;0-19
35.2559768807, -81.0512033055;"{""type"": ""Point"", ""coordinates"": [-81.0512033055243, 35.25597688066307]}";White;Belmont;Travel Lane;2;5;Mixed (30% To 70% Developed);Male;Passenger Car;0;#NULL!;0;0;White;No;0;60-69;Motorist Overtaking - Other / Unknown;None;No;No;Dry;0;Urban;No;31MAY2011;0;5:48;Male;No;Residential;B: Evident Injury;No;O: No Injury;3181;May;0;Straight - Level;Piedmont;With Traffic;No Control Present;Tuesday;Non-Intersection;61;0;Two-Way, Not Divided;2 lanes;0;#NULL!;#NULL!;Coarse Asphalt;#NULL!;No Special Feature;Motorist Overtaking Bicyclist;Local Street;B: Evident Injury;Gaston;19;Clear;#NULL!;41-45 mph;40 - 45  MPH;2011;Dawn;0-19
34.9901069004, -78.9041026482;"{""type"": ""Point"", ""coordinates"": [-78.90410264819506, 34.990106900364076]}";Black;None - Rural Crash;Other;2;12;Mixed (30% To 70% Developed);Male;Pickup;0;#NULL!;0;0;White;No;0;16-19;Bicyclist Ride Out - Other Midblock;None;No;No;Dry;0;Rural;No;15JUL2011;0;12:19;Male;No;Farms, Woods, Pastures;O: No Injury;No;O: No Injury;3183;July;0;Straight - Level;Coastal;Not Applicable;Double Yellow Line, No Passing Zone;Friday;Non-Intersection;17;0;Two-Way, Not Divided;2 lanes;0;#NULL!;#NULL!;Coarse Asphalt;#NULL!;Non-Intersection Median Crossing;Bicyclist Failed to Yield - Midblock;State Secondary Route;O: No Injury;Cumberland;44;Clear;#NULL!;41-45 mph;40 - 45  MPH;2011;Daylight;40-49
35.2140468819, -80.7712032194;"{""type"": ""Point"", ""coordinates"": [-80.77120321942785, 35.21404688193663]}";Black;Charlotte;Sidewalk / Crosswalk / Driveway Crossing;2;21;Urban (>70% Developed);Male;Light Truck (Mini-Van, Panel);0;#NULL!;0;0;Hispanic;No;0;11-15;Motorist Right Turn - Same Direction;None;No;No;Dry;0;Urban;No;02JUL2011;0;21:36;Male;No;Commercial;B: Evident Injury;Yes;O: No Injury;3200;July;0;Straight - Level;Piedmont;With Traffic;Stop And Go Signal;Saturday;Intersection;15;0;Two-Way, Not Divided;4 lanes;0;#NULL!;#NULL!;Smooth Asphalt;#NULL!;No Special Feature;Motorist Right Turn / Merge;Local Street;B: Evident Injury;Mecklenburg;24;Clear;#NULL!;11-15 mph;30 - 35  MPH;2011;Dark - Lighted Roadway;20-24
35.7857270841, -78.5468025817;"{""type"": ""Point"", ""coordinates"": [-78.54680258167542, 35.78572708409104]}";Hispanic;Raleigh;Sidewalk / Crosswalk / Driveway Crossing;2;18;Urban (>70% Developed);Male;Passenger Car;0;#NULL!;0;0;Black;No;0;16-19;Bicyclist Ride Out - Other Midblock;None;No;No;Dry;0;Urban;No;20JUL2011;0;18:53;Male;No;Residential;C: Possible Injury;Yes;O: No Injury;3202;July;0;Straight - Level;Piedmont;Not Applicable;No Control Present;Wednesday;Non-Intersection;17;0;Two-Way, Not Divided;2 lanes;0;#NULL!;#NULL!;Smooth Asphalt;#NULL!;No Special Feature;Bicyclist Failed to Yield - Midblock;Local Street;C: Possible Injury;Wake;33;Clear;#NULL!;6-10 mph;20 - 25  MPH;2011;Daylight;30-39
34.2196667655, -77.8617022952;"{""type"": ""Point"", ""coordinates"": [-77.86170229519875, 34.219666765530945]}";White;Wilmington;Travel Lane;2;17;Urban (>70% Developed);Male;Passenger Car;0;#NULL!;0;0;White;No;0;50-59;Motorist Overtaking - Other / Unknown;None;No;No;Dry;0;Urban;No;04JUL2011;0;17:42;Male;No;Residential;B: Evident Injury;Yes;O: No Injury;3205;July;0;Straight - Level;Coastal;With Traffic;No Control Present;Monday;Non-Intersection;56;0;Two-Way, Not Divided;2 lanes;0;#NULL!;#NULL!;Coarse Asphalt;#NULL!;No Special Feature;Motorist Overtaking Bicyclist;Local Street;B: Evident Injury;New Hanover;70+;Clear;#NULL!;31-35 mph;30 - 35  MPH;2011;Daylight;70+
34.0794167328, -77.8946022989;"{""type"": ""Point"", ""coordinates"": [-77.89460229891473, 34.07941673283342]}";White;None - Rural Crash;Travel Lane;2;13;Mixed (30% To 70% Developed);Female;Sport Utility;0;#NULL!;0;0;White;No;0;40-49;Motorist Drive Out - Other Midblock;None;No;No;Dry;0;Rural;No;23JUL2011;0;13:20;Female;No;Commercial;A: Disabling Injury;Yes;O: No Injury;3208;July;0;Straight - Level;Coastal;Facing Traffic;No Control Present;Saturday;Non-Intersection;41;0;Two-Way, Divided, Unprotected Median;4 lanes;0;#NULL!;#NULL!;Coarse Asphalt;#NULL!;Driveway, Public;Motorist Failed to Yield - Midblock;US Route;A: Disabling Injury;New Hanover;55;Clear;#NULL!;6-10 mph;40 - 45  MPH;2011;Daylight;50-59
35.9100670923, -79.0745027481;"{""type"": ""Point"", ""coordinates"": [-79.07450274812247, 35.91006709225828]}";White;Carrboro;Travel Lane;2;10;Urban (>70% Developed);Male;Passenger Car;0;#NULL!;0;0;White;No;0;70+;Motorist Overtaking - Bicyclist Swerved;None;No;No;Dry;0;Urban;No;09JUL2011;0;10:12;Male;No;Commercial;K: Killed;Yes;O: No Injury;3217;July;0;Straight - Level;Piedmont;With Traffic;No Control Present;Saturday;Non-Intersection;70+;0;Two-Way, Not Divided;Unknown;0;#NULL!;#NULL!;Smooth Asphalt;#NULL!;No Special Feature;Motorist Overtaking Bicyclist;State Secondary Route;K: Killed;Orange;70+;Clear;#NULL!;11-15 mph;20 - 25  MPH;2011;Daylight;70+
34.3116567853, -77.8822023062;"{""type"": ""Point"", ""coordinates"": [-77.88220230616892, 34.31165678533078]}";White;None - Rural Crash;Travel Lane;2;18;Urban (>70% Developed);Male;Pickup;0;#NULL!;0;0;White;No;0;11-15;Bicyclist Ride Through - Sign-Controlled Intersection;None;No;No;Wet;0;Rural;No;26JUL2011;0;18:01;Male;No;Residential;C: Possible Injury;No;O: No Injury;3221;July;0;Straight - Level;Coastal;Facing Traffic;Stop Sign;Tuesday;Intersection;12;0;Two-Way, Not Divided;2 lanes;0;#NULL!;#NULL!;Smooth Asphalt;#NULL!;T-Intersection;Bicyclist Failed to Yield - Sign-Controlled Intersection;State Secondary Route;C: Possible Injury;New Hanover;57;Cloudy;#NULL!;16-20 mph;30 - 35  MPH;2011;Daylight;50-59
35.9538770675, -79.9929030276;"{""type"": ""Point"", ""coordinates"": [-79.99290302760922, 35.953877067467474]}";White;High Point;Travel Lane;2;23;Urban (>70% Developed);Male;Passenger Car;0;#NULL!;0;0;Unknown/Missing;No;0;30-39;Motorist Left Turn - Opposite Direction;None;No;No;Dry;0;Urban;Yes;04JUL2011;0;23:27;Unknown;Missing;Commercial;Unknown Injury;No;Unknown Injury;3222;July;0;Straight - Level;Piedmont;With Traffic;No Control Present;Monday;Intersection;30;0;Two-Way, Not Divided;2 lanes;0;#NULL!;#NULL!;Smooth Asphalt;#NULL!;T-Intersection;Motorist Left Turn / Merge;Local Street;Unknown Injury;Guilford;Unknown;Cloudy;#NULL!;Unknown;30 - 35  MPH;2011;Dark - Lighted Roadway;Unknown
35.8829771003, -78.6792026262;"{""type"": ""Point"", ""coordinates"": [-78.67920262621296, 35.88297710030767]}";White;Raleigh;Travel Lane;2;14;Urban (>70% Developed);Male;Passenger Car;0;#NULL!;0;0;Other;No;0;11-15;Bicyclist Left Turn - Same Direction;None;No;No;Dry;0;Urban;No;26JUL2011;0;14:01;Female;No;Commercial;O: No Injury;No;O: No Injury;3224;July;0;Straight - Level;Piedmont;With Traffic;Stop And Go Signal;Tuesday;Intersection-Related;13;0;Two-Way, Divided, Positive Median Barrier;6 lanes;0;#NULL!;#NULL!;Coarse Asphalt;#NULL!;Related To Intersection;Bicyclist Left Turn / Merge;NC Route;O: No Injury;Wake;54;Clear;#NULL!;11-15 mph;30 - 35  MPH;2011;Daylight;50-59
34.2048067603, -77.9241023136;"{""type"": ""Point"", ""coordinates"": [-77.92410231356747, 34.20480676027416]}";White;Wilmington;Travel Lane;2;21;Mixed (30% To 70% Developed);Male;Unknown;0;#NULL!;0;0;Unknown/Missing;No;0;30-39;Signalized Intersection - Other / Unknown;None;No;No;Dry;0;Urban;Yes;01JUL2011;0;21:48;Unknown;Missing;Commercial;C: Possible Injury;No;Unknown Injury;3226;July;0;Straight - Level;Coastal;Facing Traffic;Stop And Go Signal;Friday;Intersection;34;0;Two-Way, Not Divided;9 or more lanes;0;#NULL!;#NULL!;Coarse Asphalt;#NULL!;No Special Feature;Crossing Paths - Other Circumstances;Local Street;C: Possible Injury;New Hanover;Unknown;Clear;#NULL!;Unknown;Unknown;2011;Daylight;Unknown
35.9479371057, -78.9238027041;"{""type"": ""Point"", ""coordinates"": [-78.923802704121, 35.94793710565825]}";White;Durham;Bike Lane / Paved Shoulder;2;18;Urban (>70% Developed);Male;Sport Utility;0;#NULL!;0;0;Unknown/Missing;No;0;30-39;Motorist Right Turn - Same Direction;None;No;No;Dry;0;Urban;Yes;28JUL2011;0;18:17;Unknown;Missing;Residential;C: Possible Injury;No;Unknown Injury;3227;July;0;Straight - Level;Piedmont;With Traffic;Stop And Go Signal;Thursday;Intersection;30;0;Two-Way, Divided, Unprotected Median;6 lanes;0;#NULL!;#NULL!;Smooth Asphalt;#NULL!;Four-Way Intersection;Motorist Right Turn / Merge;Local Street;C: Possible Injury;Durham;Unknown;Clear;#NULL!;21-25 mph;40 - 45  MPH;2011;Daylight;Unknown
34.9995269026, -78.8978026462;"{""type"": ""Point"", ""coordinates"": [-78.89780264618562, 34.99952690257123]}";Black;None - Rural Crash;Travel Lane;2;16;Mixed (30% To 70% Developed);Male;Sport Utility;0;#NULL!;0;0;White;No;0;16-19;Bicyclist Ride Out - Other Midblock;None;No;No;Dry;0;Rural;No;27JUL2011;0;16:57;Male;No;Farms, Woods, Pastures;O: No Injury;No;O: No Injury;3234;July;0;Straight - Level;Coastal;Not Applicable;No Control Present;Wednesday;Non-Intersection;17;0;Two-Way, Divided, Unprotected Median;4 lanes;0;#NULL!;#NULL!;Smooth Asphalt;#NULL!;No Special Feature;Bicyclist Failed to Yield - Midblock;State Secondary Route;O: No Injury;Cumberland;62;Clear;#NULL!;36-40 mph;40 - 45  MPH;2011;Daylight;60-69
35.0257269063, -78.9423026614;"{""type"": ""Point"", ""coordinates"": [-78.94230266143023, 35.02572690630806]}";Black;Fayetteville;Travel Lane;2;21;Urban (>70% Developed);Male;Passenger Car;0;#NULL!;0;0;White;No;0;16-19;Motorist Right Turn - Opposite Direction;None;No;No;Dry;0;Urban;No;26JUL2011;0;21:28;Male;No;Residential;B: Evident Injury;Yes;O: No Injury;3241;July;0;Straight - Grade;Coastal;Facing Traffic;Stop And Go Signal;Tuesday;Intersection;16;0;Two-Way, Not Divided;2 lanes;0;#NULL!;#NULL!;Coarse Asphalt;#NULL!;Four-Way Intersection;Motorist Right Turn / Merge;Local Street;B: Evident Injury;Cumberland;26;Clear;#NULL!;21-25 mph;40 - 45  MPH;2011;Dark - Lighted Roadway;25-29
35.3149569859, -78.4577025294;"{""type"": ""Point"", ""coordinates"": [-78.45770252940221, 35.31495698592871]}";Black;None - Rural Crash;Travel Lane;2;21;Rural (<30% Developed);Male;Van;0;#NULL!;0;0;White;No;0;50-59;Head-On - Bicyclist;None;No;No;Dry;0;Rural;No;01AUG2011;0;21:55;Male;No;Farms, Woods, Pastures;B: Evident Injury;Yes;O: No Injury;3243;August;0;Curve - Level;Coastal;Facing Traffic;Double Yellow Line, No Passing Zone;Monday;Non-Intersection;50;0;Two-Way, Not Divided;2 lanes;0;#NULL!;#NULL!;Coarse Asphalt;#NULL!;No Special Feature;Head-On;NC Route;B: Evident Injury;Johnston;57;Clear;#NULL!;41-45 mph;50 - 55  MPH;2011;Dark - Roadway Not Lighted;50-59
35.2270968819, -80.8431032414;"{""type"": ""Point"", ""coordinates"": [-80.84310324139133, 35.22709688189618]}";Black;Charlotte;Travel Lane;2;15;Mixed (30% To 70% Developed);Male;Passenger Car;0;#NULL!;0;0;White;No;0;11-15;Bicyclist Lost Control - Oversteering, Improper Braking, Speed;None;No;No;Dry;0;Urban;No;25JUL2011;0;15:41;Female;No;Residential;C: Possible Injury;No;C: Possible Injury;3256;July;0;Straight - Level;Piedmont;With Traffic;No Control Present;Monday;Intersection;13;0;Two-Way, Not Divided;2 lanes;0;#NULL!;#NULL!;Smooth Asphalt;#NULL!;No Special Feature;Loss of Control / Turning Error;Local Street;C: Possible Injury;Mecklenburg;37;Cloudy;#NULL!;6-10 mph;5 - 15 MPH;2011;Daylight;30-39
35.7931270812, -78.6730026197;"{""type"": ""Point"", ""coordinates"": [-78.67300261971434, 35.79312708118774]}";White;Raleigh;Travel Lane;2;16;Urban (>70% Developed);Male;Passenger Car;0;#NULL!;0;0;White;No;0;25-29;Motorist Left Turn - Opposite Direction;None;No;No;Dry;0;Urban;No;03AUG2011;0;16:31;Female;No;Residential;C: Possible Injury;Yes;O: No Injury;3262;August;0;Straight - Grade;Piedmont;With Traffic;No Control Present;Wednesday;Intersection;29;0;Two-Way, Not Divided;2 lanes;0;#NULL!;#NULL!;Smooth Asphalt;#NULL!;Four-Way Intersection;Motorist Left Turn / Merge;Local Street;C: Possible Injury;Wake;21;Clear;#NULL!;16-20 mph;30 - 35  MPH;2011;Daylight;20-24
35.3874669403, -80.1945030564;"{""type"": ""Point"", ""coordinates"": [-80.19450305635912, 35.387466940283595]}";White;Albemarle;Other;2;9;Urban (>70% Developed);Male;Passenger Car;0;#NULL!;0;0;White;No;0;11-15;Motorist Drive Out - Sign-Controlled Intersection;None;No;No;Dry;0;Urban;No;29JUL2011;0;9:00;Female;No;Commercial;C: Possible Injury;Yes;O: No Injury;3265;July;0;Straight - Level;Piedmont;With Traffic;Stop Sign;Friday;Intersection;14;0;Two-Way, Not Divided;2 lanes;0;#NULL!;#NULL!;Smooth Asphalt;#NULL!;T-Intersection;Motorist Failed to Yield - Sign-Controlled Intersection;Local Street;C: Possible Injury;Stanly;53;Clear;#NULL!;0-5 mph;20 - 25  MPH;2011;Daylight;50-59
34.6280868287, -78.6630025574;"{""type"": ""Point"", ""coordinates"": [-78.66300255737673, 34.62808682868811]}";White;None - Rural Crash;Bike Lane / Paved Shoulder;2;18;Rural (<30% Developed);Male;Passenger Car;0;#NULL!;0;0;Unknown/Missing;No;0;50-59;Motorist Overtaking - Other / Unknown;None;No;No;Dry;0;Rural;Yes;08AUG2011;0;18:30;Unknown;Missing;Farms, Woods, Pastures;B: Evident Injury;No;Unknown Injury;3267;August;0;Straight - Level;Coastal;With Traffic;No Control Present;Monday;Non-Intersection;56;0;Two-Way, Not Divided;2 lanes;0;#NULL!;#NULL!;Smooth Asphalt;#NULL!;No Special Feature;Motorist Overtaking Bicyclist;State Secondary Route;B: Evident Injury;Bladen;Unknown;Clear;#NULL!;51-55 mph;50 - 55  MPH;2011;Daylight;Unknown
35.9073770935, -79.0209027318;"{""type"": ""Point"", ""coordinates"": [-79.02090273184758, 35.90737709346777]}";Asian;Chapel Hill;Travel Lane;2;16;Mixed (30% To 70% Developed);Female;Passenger Car;0;#NULL!;0;0;White;No;0;30-39;Motorist Drive Out - Sign-Controlled Intersection;None;No;No;Dry;0;Urban;No;04AUG2011;0;16:33;Male;No;Commercial;C: Possible Injury;Yes;O: No Injury;3276;August;0;Curve - Level;Piedmont;Facing Traffic;No Control Present;Thursday;Intersection;39;0;Two-Way, Divided, Positive Median Barrier;4 lanes;0;#NULL!;#NULL!;Smooth Asphalt;#NULL!;T-Intersection;Motorist Failed to Yield - Sign-Controlled Intersection;Local Street;C: Possible Injury;Orange;54;Clear;#NULL!;0-5 mph;20 - 25  MPH;2011;Daylight;50-59
36.1003371156, -79.5336028967;"{""type"": ""Point"", ""coordinates"": [-79.53360289673981, 36.10033711557603]}";Black;Gibsonville;Travel Lane;2;20;Urban (>70% Developed);Male;Unknown;0;#NULL!;0;0;White;No;0;40-49;Motorist Overtaking - Other / Unknown;None;Yes;Yes;Dry;0;Urban;Yes;31JUL2011;0;20:58;Male;No;Residential;K: Killed;Yes;O: No Injury;3277;July;0;Curve - Level;Piedmont;With Traffic;Stop Sign;Sunday;Intersection-Related;43;0;Two-Way, Not Divided;2 lanes;0;#NULL!;#NULL!;Smooth Asphalt;#NULL!;T-Intersection;Motorist Overtaking Bicyclist;Local Street;K: Killed;Alamance;28;Cloudy;#NULL!;31-35 mph;30 - 35  MPH;2011;Dark - Lighted Roadway;25-29