Geo Point;Geo Shape;BikeRace;City;BikePos;NumUnits;CrashHour;Locality;BikeSex;DrvrVehTyp;NumBikesNo;BikeAlcDrg;NumBikesBI;RteInvdCd;DrvrRace;Workzone;NumBikesCi;BikeAgeGrp;CrashType;RdDefects;CrashAlcoh;BikeAlcoho;RdConditio;DstncMiFrm;RuralUrban;HitRun;CrashDate;NumBikesUI;CrashTime;DrvrSex;DrvrAlcoho;Developmen;CrashSevr;AmbulanceR;DrvrInjury;OBJECTID;CrashMonth;NumBikesKi;RdCharacte;Region;BikeDir;TraffCntrl;CrashDay;CrashLoc;BikeAge;NumBikesTo;RdConfig;NumLanes;NumBikesAI;DrvrAlcDrg;OnRoad;RdSurface;Towrd_Rd;RdFeature;CrashGrp;RdClass;BikeInjury;County;DrvrAge;Weather;FrmRd;DrvrEstSpd;SpeedLimit;CrashYear;LightCond;DrvrAgeGrp
35.7688370784, -78.6022025969;"{""type"": ""Point"", ""coordinates"": [-78.60220259691187, 35.76883707842565]}";Black;Raleigh;Travel Lane;2;19;Urban (>70% Developed);Male;Passenger Car;0;#NULL!;0;0;Hispanic;No;0;11-15;Bicyclist Ride Through - Sign-Controlled Intersection;None;No;No;Dry;0;Urban;Yes;14AUG2011;0;19:35;Male;No;Residential;B: Evident Injury;Yes;O: No Injury;3288;August;0;Straight - Grade;Piedmont;With Traffic;Stop Sign;Sunday;Intersection;12;0;Two-Way, Not Divided;2 lanes;0;#NULL!;#NULL!;Coarse Asphalt;#NULL!;T-Intersection;Bicyclist Failed to Yield - Sign-Controlled Intersection;Local Street;B: Evident Injury;Wake;26;Clear;#NULL!;11-15 mph;20 - 25  MPH;2011;Daylight;25-29
35.3068168387, -82.4550037247;"{""type"": ""Point"", ""coordinates"": [-82.45500372466977, 35.30681683867002]}";White;Hendersonville;Travel Lane;2;11;Urban (>70% Developed);Male;Pickup;0;#NULL!;0;0;White;No;0;16-19;Bicyclist Left Turn - Opposite Direction;None;No;No;Dry;0;Urban;No;20JUL2011;0;11:53;Male;No;Commercial;C: Possible Injury;Yes;O: No Injury;3293;July;0;Straight - Level;Mountains;With Traffic;Stop And Go Signal;Wednesday;Non-Intersection;17;0;Two-Way, Divided, Unprotected Median;5 lanes;0;#NULL!;#NULL!;Coarse Asphalt;#NULL!;No Special Feature;Bicyclist Left Turn / Merge;Local Street;C: Possible Injury;Henderson;52;Clear;#NULL!;6-10 mph;30 - 35  MPH;2011;Daylight;50-59
35.9474871004, -79.0587027449;"{""type"": ""Point"", ""coordinates"": [-79.05870274488053, 35.94748710039111]}";Black;Carrboro;Sidewalk / Crosswalk / Driveway Crossing;2;13;Urban (>70% Developed);Male;Unknown;0;#NULL!;0;0;Unknown/Missing;No;0;16-19;Motorist Drive Out - Commercial Driveway / Alley;None;No;No;Wet;0;Urban;Yes;13AUG2011;0;13:17;Unknown;No;Commercial;C: Possible Injury;No;Unknown Injury;3305;August;0;Straight - Level;Piedmont;With Traffic;Double Yellow Line, No Passing Zone;Saturday;Non-Intersection;17;0;Two-Way, Divided, Unprotected Median;4 lanes;0;#NULL!;#NULL!;Smooth Asphalt;#NULL!;No Special Feature;Motorist Failed to Yield - Midblock;NC Route;C: Possible Injury;Orange;Unknown;Cloudy;#NULL!;0-5 mph;30 - 35  MPH;2011;Daylight;Unknown
35.7892270798, -78.6938026262;"{""type"": ""Point"", ""coordinates"": [-78.69380262624131, 35.7892270798493]}";White;Raleigh;Bike Lane / Paved Shoulder;2;17;Urban (>70% Developed);Male;Passenger Car;0;#NULL!;0;0;White;No;0;25-29;Motorist Drive Out - Sign-Controlled Intersection;None;No;No;Dry;0;Urban;Yes;19AUG2011;0;17:36;Female;No;Commercial;O: No Injury;No;O: No Injury;3308;August;0;Straight - Level;Piedmont;Facing Traffic;Stop Sign;Friday;Intersection;27;0;Two-Way, Not Divided;2 lanes;0;#NULL!;#NULL!;Coarse Asphalt;#NULL!;Four-Way Intersection;Motorist Failed to Yield - Sign-Controlled Intersection;Local Street;O: No Injury;Wake;59;Clear;#NULL!;0-5 mph;30 - 35  MPH;2011;Daylight;50-59
34.2431167677, -77.9504023238;"{""type"": ""Point"", ""coordinates"": [-77.95040232379742, 34.24311676773911]}";White;Wilmington;Travel Lane;2;22;Urban (>70% Developed);Male;Pickup;0;#NULL!;0;0;White;No;0;16-19;Bicyclist Ride Out - Sign-Controlled Intersection;None;No;No;Dry;0;Urban;No;09AUG2011;0;22:01;Male;No;Commercial;A: Disabling Injury;No;O: No Injury;3309;August;0;Straight - Grade;Coastal;With Traffic;Stop Sign;Tuesday;Intersection;17;0;Two-Way, Not Divided;Unknown;0;#NULL!;#NULL!;Coarse Asphalt;#NULL!;No Special Feature;Bicyclist Failed to Yield - Sign-Controlled Intersection;Local Street;A: Disabling Injury;New Hanover;68;Clear;#NULL!;21-25 mph;20 - 25  MPH;2011;Dark - Lighted Roadway;60-69
35.7892770804, -78.6751026201;"{""type"": ""Point"", ""coordinates"": [-78.67510262014066, 35.78927708041916]}";White;Raleigh;Travel Lane;2;12;Urban (>70% Developed);Male;Passenger Car;0;#NULL!;0;0;Black;No;0;20-24;Motorist Left Turn - Same Direction;None;No;No;Dry;0;Urban;No;17AUG2011;0;12:41;Male;No;Commercial;O: No Injury;No;O: No Injury;3311;August;0;Straight - Level;Piedmont;Facing Traffic;No Control Present;Wednesday;Non-Intersection;20;0;Two-Way, Divided, Unprotected Median;5 lanes;0;#NULL!;#NULL!;Smooth Asphalt;#NULL!;No Special Feature;Motorist Left Turn / Merge;Local Street;O: No Injury;Wake;47;Clear;#NULL!;6-10 mph;30 - 35  MPH;2011;Daylight;40-49
35.679077065, -78.4292025398;"{""type"": ""Point"", ""coordinates"": [-78.42920253980898, 35.67907706503821]}";White;None - Rural Crash;Travel Lane;2;9;Mixed (30% To 70% Developed);Male;Pickup;0;#NULL!;0;0;White;No;0;11-15;Bicyclist Left Turn - Same Direction;None;No;No;Dry;0;Rural;No;22AUG2011;0;9:10;Male;No;Residential;A: Disabling Injury;Yes;O: No Injury;3313;August;0;Straight - Level;Coastal;With Traffic;Double Yellow Line, No Passing Zone;Monday;Intersection;14;0;Two-Way, Not Divided;2 lanes;0;#NULL!;#NULL!;Coarse Asphalt;#NULL!;No Special Feature;Bicyclist Left Turn / Merge;State Secondary Route;A: Disabling Injury;Johnston;15;Clear;#NULL!;41-45 mph;40 - 45  MPH;2011;Daylight;0-19
35.2532368897, -80.7802032246;"{""type"": ""Point"", ""coordinates"": [-80.78020322460685, 35.25323688969271]}";Hispanic;Charlotte;Sidewalk / Crosswalk / Driveway Crossing;2;12;Urban (>70% Developed);Male;Unknown;0;#NULL!;0;0;Unknown/Missing;No;0;20-24;Unknown Approach Paths;None;No;No;Dry;0;Urban;Yes;19AUG2011;0;12:50;Unknown;Missing;Commercial;O: No Injury;No;Unknown Injury;3320;August;0;Straight - Level;Piedmont;With Traffic;Stop Sign;Friday;Intersection;24;0;Two-Way, Divided, Positive Median Barrier;Unknown;0;#NULL!;#NULL!;Coarse Asphalt;#NULL!;Driveway, Public;Other / Unknown - Insufficient Details;Public Vehicular Area;O: No Injury;Mecklenburg;Unknown;Clear;#NULL!;0-5 mph;30 - 35  MPH;2011;Daylight;Unknown
35.0991569871, -77.0179020815;"{""type"": ""Point"", ""coordinates"": [-77.0179020814945, 35.09915698714319]}";White;None - Rural Crash;Bike Lane / Paved Shoulder;2;1;Rural (<30% Developed);Male;Passenger Car;0;#NULL!;0;0;Unknown/Missing;No;0;40-49;Motorist Overtaking - Other / Unknown;None;No;No;Dry;0;Rural;Yes;29AUG2011;0;1:22;Unknown;Missing;Farms, Woods, Pastures;B: Evident Injury;Yes;Unknown Injury;3325;August;0;Straight - Level;Coastal;With Traffic;No Control Present;Monday;Non-Intersection;40;0;Two-Way, Divided, Positive Median Barrier;4 lanes;0;#NULL!;#NULL!;Concrete;#NULL!;Bridge;Motorist Overtaking Bicyclist;US Route;B: Evident Injury;Craven;Unknown;Clear;#NULL!;21-25 mph;50 - 55  MPH;2011;Dark - Roadway Not Lighted;Unknown
35.2256568822, -80.8453032423;"{""type"": ""Point"", ""coordinates"": [-80.84530324232614, 35.22565688224616]}";White;Charlotte;Travel Lane;2;8;Urban (>70% Developed);Male;Motorcycle;0;#NULL!;0;0;Black;No;0;30-39;Motorist Drive Through - Signalized Intersection;None;No;No;Dry;0;Urban;No;16AUG2011;0;8:57;Female;No;Commercial;B: Evident Injury;No;B: Evident Injury;3326;August;0;Straight - Level;Piedmont;With Traffic;Stop And Go Signal;Tuesday;Intersection;30;0;Two-Way, Not Divided;7 lanes;0;#NULL!;#NULL!;Smooth Asphalt;#NULL!;No Special Feature;Motorist Failed to Yield - Signalized Intersection;Local Street;B: Evident Injury;Mecklenburg;22;Clear;#NULL!;26-30 mph;30 - 35  MPH;2011;Dawn;20-24
34.8859368498, -79.6985028821;"{""type"": ""Point"", ""coordinates"": [-79.69850288206042, 34.88593684980932]}";Black;Hamlet;Travel Lane;2;16;Mixed (30% To 70% Developed);Male;Sport Utility;0;#NULL!;0;0;Black;No;0;11-15;Bicyclist Ride Through - Sign-Controlled Intersection;None;No;No;Dry;0;Urban;No;16AUG2011;0;16:28;Male;No;Commercial;C: Possible Injury;No;O: No Injury;3332;August;0;Straight - Hillcrest;Piedmont;With Traffic;Stop Sign;Tuesday;Intersection;14;0;Two-Way, Not Divided;2 lanes;0;#NULL!;#NULL!;Coarse Asphalt;#NULL!;No Special Feature;Bicyclist Failed to Yield - Sign-Controlled Intersection;Local Street;C: Possible Injury;Richmond;19;Clear;#NULL!;31-35 mph;30 - 35  MPH;2011;Daylight;0-19
36.0884171163, -79.4417028683;"{""type"": ""Point"", ""coordinates"": [-79.44170286830284, 36.08841711631975]}";Black;Burlington;Travel Lane;2;13;Urban (>70% Developed);Female;Passenger Car;0;#NULL!;0;0;White;No;0;6-10;Bicyclist Ride Through - Sign-Controlled Intersection;None;No;No;Dry;0;Urban;No;22AUG2011;0;13:33;Female;No;Residential;O: No Injury;No;O: No Injury;3336;August;0;Straight - Grade;Piedmont;With Traffic;Stop Sign;Monday;Intersection;8;0;Two-Way, Not Divided;2 lanes;0;#NULL!;#NULL!;Smooth Asphalt;#NULL!;T-Intersection;Bicyclist Failed to Yield - Sign-Controlled Intersection;Local Street;O: No Injury;Alamance;54;Clear;#NULL!;31-35 mph;30 - 35  MPH;2011;Daylight;50-59
35.5664568901, -82.5444037656;"{""type"": ""Point"", ""coordinates"": [-82.54440376558412, 35.5664568901314]}";White;Asheville;Travel Lane;2;11;Urban (>70% Developed);Male;Pickup;0;#NULL!;0;0;White;No;0;30-39;Motorist Left Turn - Opposite Direction;None;No;No;Dry;0;Urban;No;19AUG2011;0;11:26;Male;No;Commercial;B: Evident Injury;Yes;O: No Injury;3337;August;0;Curve - Grade;Mountains;With Traffic;No Control Present;Friday;Non-Intersection;36;0;Two-Way, Divided, Unprotected Median;5 lanes;0;#NULL!;#NULL!;Smooth Asphalt;#NULL!;T-Intersection;Motorist Left Turn / Merge;US Route;B: Evident Injury;Buncombe;58;Clear;#NULL!;0-5 mph;30 - 35  MPH;2011;Daylight;50-59
36.1106471181, -79.5201028935;"{""type"": ""Point"", ""coordinates"": [-79.52010289354023, 36.11064711812716]}";White;Elon College;Non-Roadway;2;13;Urban (>70% Developed);Male;Van;0;#NULL!;0;0;White;No;0;16-19;Non-Roadway;None;No;No;Dry;0;Urban;No;22AUG2011;0;13:54;Male;No;Residential;B: Evident Injury;Yes;O: No Injury;3339;August;0;Straight - Grade;Piedmont;Not Applicable;No Control Present;Monday;Non-Roadway;16;0;Two-Way, Not Divided;2 lanes;0;#NULL!;#NULL!;Smooth Asphalt;#NULL!;Driveway, Public;Non-Roadway;Public Vehicular Area;B: Evident Injury;Alamance;35;Clear;#NULL!;Unknown;Unknown;2011;Daylight;30-39
36.0632570828, -80.2252031035;"{""type"": ""Point"", ""coordinates"": [-80.2252031035298, 36.06325708276768]}";White;Winston-Salem;Travel Lane;2;19;Urban (>70% Developed);Male;Passenger Car;0;#NULL!;0;0;White;No;0;6-10;Bicyclist Ride Out - Other Midblock;None;No;No;Dry;0;Urban;No;24AUG2011;0;19:09;Male;No;Residential;B: Evident Injury;Yes;O: No Injury;3340;August;0;Straight - Level;Piedmont;Not Applicable;No Control Present;Wednesday;Non-Intersection;10;0;Two-Way, Not Divided;2 lanes;0;#NULL!;#NULL!;Smooth Asphalt;#NULL!;No Special Feature;Bicyclist Failed to Yield - Midblock;Local Street;B: Evident Injury;Forsyth;55;Clear;#NULL!;26-30 mph;20 - 25  MPH;2011;Daylight;50-59
35.7875370806, -78.6670026176;"{""type"": ""Point"", ""coordinates"": [-78.66700261761022, 35.78753708055255]}";White;Raleigh;Travel Lane;2;11;Urban (>70% Developed);Male;Pickup;0;#NULL!;0;0;Unknown/Missing;No;0;16-19;Bicyclist Lost Control - Other / Unknown;None;No;No;Dry;0;Urban;No;31AUG2011;0;11:55;Unknown;Missing;Institutional;B: Evident Injury;Yes;Unknown Injury;3348;August;0;Straight - Level;Piedmont;With Traffic;Stop And Go Signal;Wednesday;Intersection;19;0;Two-Way, Divided, Positive Median Barrier;3 lanes;0;#NULL!;#NULL!;Smooth Asphalt;#NULL!;T-Intersection;Loss of Control / Turning Error;Local Street;B: Evident Injury;Wake;Unknown;Clear;#NULL!;0-5 mph;20 - 25  MPH;2011;Daylight;Unknown
35.6597170481, -78.8066026533;"{""type"": ""Point"", ""coordinates"": [-78.80660265333754, 35.659717048067066]}";Black;Holly Springs;Non-Roadway;2;17;Urban (>70% Developed);Male;Passenger Car;0;#NULL!;0;0;Black;No;0;6-10;Non-Roadway;None;No;No;Dry;0;Urban;No;31AUG2011;0;17:47;Female;No;Commercial;O: No Injury;No;O: No Injury;3350;August;0;Straight - Level;Piedmont;Not Applicable;No Control Present;Wednesday;Non-Roadway;8;0;Two-Way, Not Divided;2 lanes;0;#NULL!;#NULL!;Smooth Asphalt;#NULL!;No Special Feature;Non-Roadway;Public Vehicular Area;O: No Injury;Wake;33;Clear;#NULL!;6-10 mph;20 - 25  MPH;2011;Daylight;30-39
35.484887017, -78.6057025832;"{""type"": ""Point"", ""coordinates"": [-78.60570258322205, 35.4848870170168]}";White;None - Rural Crash;Travel Lane;2;15;Rural (<30% Developed);Male;Pickup;0;#NULL!;0;0;Unknown/Missing;No;0;40-49;Motorist Overtaking - Other / Unknown;None;No;No;Dry;0;Rural;Yes;04SEP2011;0;15:43;Unknown;No;Farms, Woods, Pastures;B: Evident Injury;Yes;Unknown Injury;3361;September;0;Straight - Level;Coastal;With Traffic;No Control Present;Sunday;Non-Intersection;49;0;Two-Way, Not Divided;2 lanes;0;#NULL!;#NULL!;Coarse Asphalt;#NULL!;No Special Feature;Motorist Overtaking Bicyclist;State Secondary Route;B: Evident Injury;Johnston;Unknown;Clear;#NULL!;51-55 mph;50 - 55  MPH;2011;Daylight;Unknown
35.3103569031, -80.752303219;"{""type"": ""Point"", ""coordinates"": [-80.75230321897436, 35.31035690311607]}";Black;Charlotte;Non-Roadway;2;18;Urban (>70% Developed);Male;Passenger Car;0;#NULL!;0;0;Black;No;0;11-15;Non-Roadway;None;No;No;Dry;0;Urban;No;02SEP2011;0;18:19;Female;No;Commercial;B: Evident Injury;No;O: No Injury;3368;September;0;Straight - Level;Piedmont;Not Applicable;Stop Sign;Friday;Non-Roadway;13;0;Two-Way, Not Divided;Unknown;0;#NULL!;#NULL!;Smooth Asphalt;#NULL!;No Special Feature;Non-Roadway;Public Vehicular Area;B: Evident Injury;Mecklenburg;20;Clear;#NULL!;11-15 mph;30 - 35  MPH;2011;Daylight;20-24
35.9512471087, -78.8474026814;"{""type"": ""Point"", ""coordinates"": [-78.84740268138502, 35.951247108696684]}";Black;None - Rural Crash;Travel Lane;2;11;Mixed (30% To 70% Developed);Male;Single Unit Truck (2-Axle, 6-Tire);0;#NULL!;0;0;Unknown/Missing;No;0;50-59;Motorist Overtaking - Misjudged Space;None;No;No;Dry;0;Rural;Yes;28AUG2011;0;11:05;Unknown;No;Residential;C: Possible Injury;No;Unknown Injury;3370;August;0;Straight - Grade;Piedmont;With Traffic;Double Yellow Line, No Passing Zone;Sunday;Non-Intersection;58;0;Two-Way, Not Divided;2 lanes;0;#NULL!;#NULL!;Smooth Asphalt;#NULL!;Driveway, Private;Motorist Overtaking Bicyclist;State Secondary Route;C: Possible Injury;Durham;Unknown;Clear;#NULL!;21-25 mph;30 - 35  MPH;2011;Daylight;Unknown
34.2313667671, -77.8789023016;"{""type"": ""Point"", ""coordinates"": [-77.87890230161149, 34.231366767122324]}";Black;Wilmington;Sidewalk / Crosswalk / Driveway Crossing;2;8;Urban (>70% Developed);Male;Pickup;0;#NULL!;0;0;White;No;0;40-49;Motorist Left Turn - Same Direction;None;No;No;Wet;0;Urban;No;26AUG2011;0;8:28;Female;No;Commercial;C: Possible Injury;Yes;O: No Injury;3373;August;0;Straight - Level;Coastal;Facing Traffic;No Control Present;Friday;Non-Intersection;43;0;Two-Way, Divided, Unprotected Median;Unknown;0;#NULL!;#NULL!;Smooth Asphalt;#NULL!;No Special Feature;Motorist Left Turn / Merge;Local Street;C: Possible Injury;New Hanover;59;Cloudy;#NULL!;6-10 mph;30 - 35  MPH;2011;Daylight;50-59
35.265506878, -81.1776033434;"{""type"": ""Point"", ""coordinates"": [-81.17760334343146, 35.26550687798191]}";Black;Gastonia;Sidewalk / Crosswalk / Driveway Crossing;2;11;Urban (>70% Developed);Male;Pickup;0;#NULL!;0;0;White;No;0;16-19;Motorist Right Turn - Same Direction;None;No;No;Dry;0;Urban;No;02SEP2011;0;11:38;Male;No;Commercial;C: Possible Injury;Yes;O: No Injury;3385;September;0;Straight - Grade;Piedmont;With Traffic;Stop And Go Signal;Friday;Intersection;18;0;Two-Way, Not Divided;5 lanes;0;#NULL!;#NULL!;Smooth Asphalt;#NULL!;Four-Way Intersection;Motorist Right Turn / Merge;Local Street;C: Possible Injury;Gaston;70+;Clear;#NULL!;Unknown;30 - 35  MPH;2011;Daylight;70+
35.778117089, -78.3620025251;"{""type"": ""Point"", ""coordinates"": [-78.36200252514399, 35.77811708896616]}";Black;Wendell;Travel Lane;2;12;Urban (>70% Developed);Male;Passenger Car;0;#NULL!;0;0;White;No;0;50-59;Bicyclist Right Turn - Same Direction;None;No;No;Dry;0;Urban;No;14SEP2011;0;12:25;Female;No;Residential;B: Evident Injury;Yes;O: No Injury;3387;September;0;Straight - Level;Piedmont;With Traffic;Stop Sign;Wednesday;Intersection;52;0;Two-Way, Not Divided;2 lanes;0;#NULL!;#NULL!;Coarse Asphalt;#NULL!;T-Intersection;Bicyclist Right Turn / Merge;Local Street;B: Evident Injury;Wake;54;Clear;#NULL!;31-35 mph;30 - 35  MPH;2011;Daylight;50-59
35.7412371158, -77.3593022172;"{""type"": ""Point"", ""coordinates"": [-77.35930221723565, 35.741237115810414]}";Black;None - Rural Crash;Travel Lane;2;3;Rural (<30% Developed);Male;Passenger Car;0;#NULL!;0;0;Black;No;0;20-24;Motorist Overtaking - Undetected Bicyclist;None;Yes;Yes;Dry;0;Rural;No;15SEP2011;0;3:09;Male;No;Farms, Woods, Pastures;K: Killed;Yes;C: Possible Injury;3390;September;0;Straight - Level;Coastal;With Traffic;No Control Present;Thursday;Non-Intersection;20;0;Two-Way, Divided, Unprotected Median;4 lanes;0;#NULL!;#NULL!;Coarse Asphalt;#NULL!;No Special Feature;Motorist Overtaking Bicyclist;NC Route;K: Killed;Pitt;59;Clear;#NULL!;51-55 mph;50 - 55  MPH;2011;Dark - Roadway Not Lighted;50-59
35.013606912, -78.6936025854;"{""type"": ""Point"", ""coordinates"": [-78.69360258544293, 35.01360691199166]}";White;Stedman;Other;2;18;Urban (>70% Developed);Male;Unknown;0;#NULL!;0;0;Unknown/Missing;No;0;20-24;Motorist Right Turn - Same Direction;None;No;No;Dry;0;Rural;Yes;08SEP2011;0;18:31;Unknown;Missing;Commercial;C: Possible Injury;No;Unknown Injury;3393;September;0;Straight - Level;Coastal;With Traffic;No Control Present;Thursday;Intersection;21;0;Two-Way, Not Divided;2 lanes;0;#NULL!;#NULL!;Smooth Asphalt;#NULL!;Related To Intersection;Motorist Right Turn / Merge;State Secondary Route;C: Possible Injury;Cumberland;Unknown;Clear;#NULL!;11-15 mph;30 - 35  MPH;2011;Daylight;Unknown
35.7636870256, -80.0572030356;"{""type"": ""Point"", ""coordinates"": [-80.05720303559963, 35.763687025597896]}";White;None - Rural Crash;Driveway / Alley;2;12;Rural (<30% Developed);Female;Passenger Car;0;#NULL!;0;0;White;No;0;6-10;Bicyclist Ride Out - Residential Driveway;None;No;No;Dry;0;Rural;No;18SEP2011;0;12:35;Female;No;Residential;O: No Injury;No;O: No Injury;3394;September;0;Straight - Grade;Piedmont;Not Applicable;Double Yellow Line, No Passing Zone;Sunday;Non-Intersection;7;0;Two-Way, Not Divided;2 lanes;0;#NULL!;#NULL!;Coarse Asphalt;#NULL!;Related To Intersection;Bicyclist Failed to Yield - Midblock;State Secondary Route;O: No Injury;Davidson;16;Clear;#NULL!;21-25 mph;50 - 55  MPH;2011;Daylight;0-19
35.4888069385, -80.8276032512;"{""type"": ""Point"", ""coordinates"": [-80.82760325117275, 35.488806938461934]}";White;Davidson;Travel Lane;2;15;Urban (>70% Developed);Male;Passenger Car;0;#NULL!;0;0;White;No;0;40-49;Motorist Left Turn - Opposite Direction;None;No;No;Dry;0;Urban;No;08SEP2011;0;15:46;Female;No;Residential;B: Evident Injury;Yes;O: No Injury;3397;September;0;Straight - Level;Piedmont;With Traffic;No Control Present;Thursday;Intersection;45;0;Two-Way, Divided, Unprotected Median;2 lanes;0;#NULL!;#NULL!;Smooth Asphalt;#NULL!;No Special Feature;Motorist Left Turn / Merge;Local Street;B: Evident Injury;Mecklenburg;16;Clear;#NULL!;6-10 mph;30 - 35  MPH;2011;Daylight;0-19
34.1945267591, -77.8800023005;"{""type"": ""Point"", ""coordinates"": [-77.88000230048513, 34.19452675910927]}";White;Wilmington;Sidewalk / Crosswalk / Driveway Crossing;2;18;Urban (>70% Developed);Male;Passenger Car;0;#NULL!;0;0;White;No;0;50-59;Motorist Drive Out - Other Midblock;Unknown;No;No;Dry;0;Urban;No;07SEP2011;0;18:54;Female;No;Residential;B: Evident Injury;Yes;O: No Injury;3398;September;0;Straight - Level;Coastal;With Traffic;No Control Present;Wednesday;Non-Intersection;51;0;Two-Way, Divided, Unprotected Median;2 lanes;0;#NULL!;#NULL!;Coarse Asphalt;#NULL!;No Special Feature;Motorist Failed to Yield - Midblock;Local Street;B: Evident Injury;New Hanover;67;Clear;#NULL!;0-5 mph;20 - 25  MPH;2011;Daylight;60-69
35.9109370928, -79.0673027457;"{""type"": ""Point"", ""coordinates"": [-79.06730274566634, 35.91093709282451]}";Black;Carrboro;Sidewalk / Crosswalk / Driveway Crossing;2;14;Urban (>70% Developed);Male;Pickup;0;#NULL!;0;0;White;No;0;50-59;Motorist Drive Out - Commercial Driveway / Alley;None;No;No;Dry;0;Urban;No;12SEP2011;0;14:09;Male;No;Commercial;C: Possible Injury;Yes;O: No Injury;3399;September;0;Straight - Level;Piedmont;Facing Traffic;No Control Present;Monday;Non-Intersection;51;0;Two-Way, Not Divided;4 lanes;0;#NULL!;#NULL!;Smooth Asphalt;#NULL!;Driveway, Public;Motorist Failed to Yield - Midblock;Unknown;C: Possible Injury;Orange;42;Clear;#NULL!;11-15 mph;30 - 35  MPH;2011;Daylight;40-49
36.0880770853, -80.2762031201;"{""type"": ""Point"", ""coordinates"": [-80.27620312013349, 36.088077085305244]}";White;Winston-Salem;Travel Lane;2;16;Urban (>70% Developed);Male;Passenger Car;0;#NULL!;0;0;White;No;0;25-29;Bicyclist Ride Through - Sign-Controlled Intersection;None;No;No;Dry;0;Urban;No;15SEP2011;0;16:01;Male;No;Residential;B: Evident Injury;Yes;O: No Injury;3409;September;0;Straight - Level;Piedmont;With Traffic;Stop Sign;Thursday;Intersection;25;0;Two-Way, Not Divided;2 lanes;0;#NULL!;#NULL!;Smooth Asphalt;#NULL!;Four-Way Intersection;Bicyclist Failed to Yield - Sign-Controlled Intersection;Local Street;B: Evident Injury;Forsyth;48;Clear;#NULL!;Unknown;30 - 35  MPH;2011;Daylight;40-49
35.1166068584, -80.8582032399;"{""type"": ""Point"", ""coordinates"": [-80.85820323988077, 35.11660685842444]}";White;Charlotte;Non-Roadway;2;17;Urban (>70% Developed);Male;Passenger Car;0;#NULL!;0;0;White;No;0;11-15;Non-Roadway;None;No;No;Dry;0;Urban;No;15SEP2011;0;17:40;Female;No;Commercial;C: Possible Injury;No;O: No Injury;3411;September;0;Straight - Level;Piedmont;Not Applicable;No Control Present;Thursday;Non-Roadway;11;0;Two-Way, Not Divided;2 lanes;0;#NULL!;#NULL!;Coarse Asphalt;#NULL!;No Special Feature;Non-Roadway;Public Vehicular Area;C: Possible Injury;Mecklenburg;34;Clear;#NULL!;6-10 mph;30 - 35  MPH;2011;Daylight;30-39
36.1872270537, -81.6528035373;"{""type"": ""Point"", ""coordinates"": [-81.65280353734161, 36.18722705372475]}";White;Boone;Travel Lane;2;9;Urban (>70% Developed);Male;Passenger Car;0;#NULL!;0;0;White;No;0;20-24;Bicyclist Left Turn - Same Direction;None;No;No;Dry;0;Urban;No;12SEP2011;0;9:43;Male;No;Commercial;C: Possible Injury;Yes;O: No Injury;3412;September;0;Straight - Grade;Mountains;With Traffic;Double Yellow Line, No Passing Zone;Monday;Non-Intersection;21;0;Two-Way, Not Divided;4 lanes;0;#NULL!;#NULL!;Smooth Asphalt;#NULL!;No Special Feature;Bicyclist Left Turn / Merge;US Route;C: Possible Injury;Watauga;20;Clear;#NULL!;41-45 mph;40 - 45  MPH;2011;Daylight;20-24
35.2010968769, -80.8434032405;"{""type"": ""Point"", ""coordinates"": [-80.84340324047945, 35.2010968768965]}";Black;Charlotte;Sidewalk / Crosswalk / Driveway Crossing;2;9;Urban (>70% Developed);Male;Passenger Car;0;#NULL!;0;0;White;No;0;40-49;Motorist Drive Out - Commercial Driveway / Alley;None;Yes;No;Wet;0;Urban;No;21SEP2011;0;9:05;Male;Yes;Commercial;B: Evident Injury;No;O: No Injury;3424;September;0;Straight - Grade;Piedmont;Facing Traffic;No Control Present;Wednesday;Non-Intersection;48;0;One-Way, Not Divided;2 lanes;0;#NULL!;#NULL!;Concrete;#NULL!;Driveway, Public;Motorist Failed to Yield - Midblock;Local Street;B: Evident Injury;Mecklenburg;28;Cloudy;#NULL!;Unknown;30 - 35  MPH;2011;Daylight;25-29
34.1878667582, -77.8804022999;"{""type"": ""Point"", ""coordinates"": [-77.88040229992603, 34.18786675818225]}";White;Wilmington;Travel Lane;2;16;Urban (>70% Developed);Female;Van;0;#NULL!;0;0;Black;No;0;6-10;Bicyclist Ride Through - Sign-Controlled Intersection;None;No;No;Dry;0;Urban;No;15SEP2011;0;16:16;Female;No;Residential;B: Evident Injury;Yes;O: No Injury;3425;September;0;Straight - Level;Coastal;Facing Traffic;Stop Sign;Thursday;Intersection;6;0;Two-Way, Not Divided;4 lanes;0;#NULL!;#NULL!;Coarse Asphalt;#NULL!;No Special Feature;Bicyclist Failed to Yield - Sign-Controlled Intersection;Local Street;B: Evident Injury;New Hanover;38;Clear;#NULL!;26-30 mph;20 - 25  MPH;2011;Daylight;30-39
35.8864971052, -78.5666025931;"{""type"": ""Point"", ""coordinates"": [-78.56660259305984, 35.886497105152124]}";White;Raleigh;Non-Roadway;2;18;Urban (>70% Developed);Female;Passenger Car;0;#NULL!;0;0;Unknown/Missing;No;0;70+;Non-Roadway;None;No;No;Dry;0;Urban;No;21SEP2011;0;18:35;Unknown;Missing;Commercial;O: No Injury;Yes;Unknown Injury;3426;September;0;Straight - Grade;Piedmont;Not Applicable;No Control Present;Wednesday;Non-Roadway;70+;0;Two-Way, Not Divided;2 lanes;0;#NULL!;#NULL!;Smooth Asphalt;#NULL!;Driveway, Public;Non-Roadway;Public Vehicular Area;O: No Injury;Wake;Unknown;Clear;#NULL!;0-5 mph;5 - 15 MPH;2011;Daylight;Unknown