Geo Point;Geo Shape;BikeRace;City;BikePos;NumUnits;CrashHour;Locality;BikeSex;DrvrVehTyp;NumBikesNo;BikeAlcDrg;NumBikesBI;RteInvdCd;DrvrRace;Workzone;NumBikesCi;BikeAgeGrp;CrashType;RdDefects;CrashAlcoh;BikeAlcoho;RdConditio;DstncMiFrm;RuralUrban;HitRun;CrashDate;NumBikesUI;CrashTime;DrvrSex;DrvrAlcoho;Developmen;CrashSevr;AmbulanceR;DrvrInjury;OBJECTID;CrashMonth;NumBikesKi;RdCharacte;Region;BikeDir;TraffCntrl;CrashDay;CrashLoc;BikeAge;NumBikesTo;RdConfig;NumLanes;NumBikesAI;DrvrAlcDrg;OnRoad;RdSurface;Towrd_Rd;RdFeature;CrashGrp;RdClass;BikeInjury;County;DrvrAge;Weather;FrmRd;DrvrEstSpd;SpeedLimit;CrashYear;LightCond;DrvrAgeGrp
36.3056772007, -78.3798025585;"{""type"": ""Point"", ""coordinates"": [-78.37980255850442, 36.30567720066259]}";Black;None - Rural Crash;Travel Lane;2;7;Rural (<30% Developed);Male;Sport Utility;0;#NULL!;0;0;White;No;0;11-15;Motorist Overtaking - Bicyclist Swerved;None;No;No;Wet;0;Rural;No;28SEP2011;0;7:22;Male;No;Farms, Woods, Pastures;B: Evident Injury;Yes;O: No Injury;3428;September;0;Straight - Level;Piedmont;With Traffic;Double Yellow Line, No Passing Zone;Wednesday;Non-Intersection;13;0;Two-Way, Not Divided;2 lanes;0;#NULL!;#NULL!;Smooth Asphalt;#NULL!;No Special Feature;Motorist Overtaking Bicyclist;NC Route;B: Evident Injury;Vance;17;Cloudy;#NULL!;41-45 mph;40 - 45  MPH;2011;Daylight;0-19
35.2243768797, -80.8911032561;"{""type"": ""Point"", ""coordinates"": [-80.8911032561226, 35.224376879702334]}";Hispanic;Charlotte;Sidewalk / Crosswalk / Driveway Crossing;2;19;Urban (>70% Developed);Female;Passenger Car;0;#NULL!;0;0;Black;No;0;40-49;Motorist Drive Out - Right Turn on Red;None;No;No;Dry;0;Urban;No;22SEP2011;0;19:02;Female;No;Commercial;B: Evident Injury;Yes;O: No Injury;3432;September;0;Straight - Level;Piedmont;With Traffic;Stop And Go Signal;Thursday;Intersection;48;0;Two-Way, Divided, Unprotected Median;5 lanes;0;#NULL!;#NULL!;Smooth Asphalt;#NULL!;T-Intersection;Motorist Failed to Yield - Signalized Intersection;Local Street;B: Evident Injury;Mecklenburg;28;Clear;#NULL!;0-5 mph;30 - 35  MPH;2011;Daylight;25-29
35.7915470774, -78.7744026508;"{""type"": ""Point"", ""coordinates"": [-78.77440265075289, 35.79154707735867]}";White;Cary;Travel Lane;2;19;Urban (>70% Developed);Male;Passenger Car;0;#NULL!;0;0;White;No;0;16-19;Motorist Overtaking - Other / Unknown;None;No;No;Wet;0;Urban;No;21SEP2011;0;19:40;Female;No;Commercial;B: Evident Injury;Yes;O: No Injury;3433;September;0;Straight - Level;Piedmont;With Traffic;No Control Present;Wednesday;Intersection-Related;19;0;Two-Way, Not Divided;2 lanes;0;#NULL!;#NULL!;Smooth Asphalt;#NULL!;No Special Feature;Motorist Overtaking Bicyclist;State Secondary Route;B: Evident Injury;Wake;39;Rain;#NULL!;36-40 mph;40 - 45  MPH;2011;Dark - Roadway Not Lighted;30-39
36.0775871485, -78.4977025821;"{""type"": ""Point"", ""coordinates"": [-78.49770258205596, 36.0775871484682]}";White;None - Rural Crash;Travel Lane;2;7;Rural (<30% Developed);Male;Passenger Car;0;#NULL!;0;0;White;No;0;60-69;Motorist Overtaking - Misjudged Space;None;No;No;Dry;0;Rural;No;13SEP2011;0;7:34;Female;No;Farms, Woods, Pastures;C: Possible Injury;Yes;O: No Injury;3437;September;0;Straight - Grade;Piedmont;With Traffic;No Control Present;Tuesday;Non-Intersection;60;0;Two-Way, Not Divided;2 lanes;0;#NULL!;#NULL!;Smooth Asphalt;#NULL!;No Special Feature;Motorist Overtaking Bicyclist;State Secondary Route;C: Possible Injury;Franklin;34;Clear;#NULL!;36-40 mph;50 - 55  MPH;2011;Daylight;30-39
35.6721370147, -79.8193029597;"{""type"": ""Point"", ""coordinates"": [-79.8193029596727, 35.67213701474698]}";Hispanic;None - Rural Crash;Driveway / Alley;2;14;Urban (>70% Developed);Female;Passenger Car;0;#NULL!;0;0;White;No;0;6-10;Bicyclist Ride Out - Residential Driveway;None;No;No;Dry;0;Rural;No;30SEP2011;0;14:07;Female;No;Residential;A: Disabling Injury;Yes;O: No Injury;3439;September;0;Straight - Grade;Piedmont;Not Applicable;No Control Present;Friday;Non-Intersection;10;0;Two-Way, Not Divided;2 lanes;0;#NULL!;#NULL!;Coarse Asphalt;#NULL!;Driveway, Private;Bicyclist Failed to Yield - Midblock;State Secondary Route;A: Disabling Injury;Randolph;66;Clear;#NULL!;16-20 mph;30 - 35  MPH;2011;Daylight;60-69
35.9037570912, -79.0527027412;"{""type"": ""Point"", ""coordinates"": [-79.05270274116238, 35.90375709115476]}";White;Chapel Hill;Travel Lane;2;11;Mixed (30% To 70% Developed);Male;Other Bus;0;#NULL!;0;0;Black;No;0;60-69;Bicyclist Overtaking - Passing on Left;None;No;No;Dry;0;Urban;No;07SEP2011;0;11:00;Female;No;Institutional;O: No Injury;No;Unknown Injury;3446;September;0;Straight - Level;Piedmont;With Traffic;Stop And Go Signal;Wednesday;Intersection;60;0;Two-Way, Not Divided;2 lanes;0;#NULL!;#NULL!;Smooth Asphalt;#NULL!;No Special Feature;Bicyclist Overtaking Motorist;Local Street;O: No Injury;Orange;59;Clear;#NULL!;11-15 mph;20 - 25  MPH;2011;Daylight;50-59
35.7604471266, -77.1542021564;"{""type"": ""Point"", ""coordinates"": [-77.1542021564289, 35.760447126633785]}";White;None - Rural Crash;Travel Lane;2;7;Rural (<30% Developed);Male;Passenger Car;0;#NULL!;0;0;White;No;0;50-59;Bicyclist Left Turn - Same Direction;None;No;No;Dry;0;Rural;No;12SEP2011;0;7:42;Male;No;Farms, Woods, Pastures;B: Evident Injury;Yes;O: No Injury;3447;September;0;Straight - Level;Coastal;With Traffic;Double Yellow Line, No Passing Zone;Monday;Non-Intersection;52;0;Two-Way, Not Divided;2 lanes;0;#NULL!;#NULL!;Coarse Asphalt;#NULL!;No Special Feature;Bicyclist Left Turn / Merge;State Secondary Route;B: Evident Injury;Martin;16;Clear;#NULL!;51-55 mph;50 - 55  MPH;2011;Daylight;0-19
36.0366971257, -78.8958027008;"{""type"": ""Point"", ""coordinates"": [-78.89580270079215, 36.03669712565145]}";Black;Durham;Travel Lane;2;10;Urban (>70% Developed);Male;Passenger Car;0;#NULL!;0;0;White;No;0;30-39;Bicyclist Ride Through - Signalized Intersection;None;No;No;Dry;0;Urban;No;05OCT2011;0;10:48;Female;No;Commercial;O: No Injury;No;O: No Injury;3449;October;0;Straight - Level;Piedmont;With Traffic;Stop And Go Signal;Wednesday;Intersection;30;0;One-Way, Not Divided;2 lanes;0;#NULL!;#NULL!;Smooth Asphalt;#NULL!;No Special Feature;Bicyclist Failed to Yield - Signalized Intersection;Local Street;O: No Injury;Durham;32;Clear;#NULL!;31-35 mph;30 - 35  MPH;2011;Daylight;30-39
35.7051970223, -79.8070029577;"{""type"": ""Point"", ""coordinates"": [-79.80700295771211, 35.70519702232877]}";Black;Asheboro;Travel Lane;2;22;Urban (>70% Developed);Male;Unknown;0;#NULL!;0;0;Unknown/Missing;No;0;20-24;Signalized Intersection - Other / Unknown;None;No;No;Dry;0;Urban;Yes;28SEP2011;0;22:59;Unknown;Missing;Residential;C: Possible Injury;Yes;Unknown Injury;3450;September;0;Straight - Level;Piedmont;With Traffic;Stop And Go Signal;Wednesday;Intersection;21;0;Two-Way, Not Divided;2 lanes;0;#NULL!;#NULL!;Smooth Asphalt;#NULL!;Four-Way Intersection;Crossing Paths - Other Circumstances;Local Street;C: Possible Injury;Randolph;Unknown;Cloudy;#NULL!;6-10 mph;30 - 35  MPH;2011;Dark - Lighted Roadway;Unknown
34.7068768922, -77.2799021427;"{""type"": ""Point"", ""coordinates"": [-77.27990214266065, 34.70687689216117]}";White;None - Rural Crash;Travel Lane;2;15;Rural (<30% Developed);Female;Pickup;0;#NULL!;0;0;White;No;0;60-69;Motorist Overtaking - Misjudged Space;None;No;No;Dry;0;Rural;No;06OCT2011;0;15:50;Male;No;Farms, Woods, Pastures;C: Possible Injury;No;O: No Injury;3452;October;0;Straight - Level;Coastal;With Traffic;No Control Present;Thursday;Non-Intersection;63;0;Two-Way, Divided, Unprotected Median;4 lanes;0;#NULL!;#NULL!;Smooth Asphalt;#NULL!;No Special Feature;Motorist Overtaking Bicyclist;NC Route;C: Possible Injury;Onslow;70+;Clear;#NULL!;46-50 mph;50 - 55  MPH;2011;Daylight;70+
36.0918671521, -78.464802573;"{""type"": ""Point"", ""coordinates"": [-78.46480257297482, 36.09186715210019]}";Black;Franklinton;Travel Lane;2;18;Mixed (30% To 70% Developed);Male;Pickup;0;#NULL!;0;0;Unknown/Missing;No;0;16-19;Motorist Overtaking - Other / Unknown;None;No;No;Dry;0;Rural;Yes;26SEP2011;0;18:50;Unknown;Missing;Residential;B: Evident Injury;Yes;Unknown Injury;3453;September;0;Straight - Level;Piedmont;With Traffic;Stop Sign;Monday;Intersection;19;0;Two-Way, Not Divided;2 lanes;0;#NULL!;#NULL!;Smooth Asphalt;#NULL!;T-Intersection;Motorist Overtaking Bicyclist;Local Street;B: Evident Injury;Franklin;Unknown;Clear;#NULL!;Unknown;30 - 35  MPH;2011;Daylight;Unknown
34.2278067654, -77.9317023171;"{""type"": ""Point"", ""coordinates"": [-77.93170231705017, 34.22780676537002]}";Black;Wilmington;Travel Lane;2;13;Urban (>70% Developed);Male;Passenger Car;0;#NULL!;0;0;Unknown/Missing;No;0;20-24;Motorist Drive Out - Sign-Controlled Intersection;None;No;No;Dry;0;Urban;Yes;29SEP2011;0;13:22;Unknown;Missing;Residential;C: Possible Injury;Yes;Unknown Injury;3457;September;0;Straight - Level;Coastal;With Traffic;Stop Sign;Thursday;Intersection;20;0;Two-Way, Not Divided;2 lanes;0;#NULL!;#NULL!;Smooth Asphalt;#NULL!;No Special Feature;Motorist Failed to Yield - Sign-Controlled Intersection;Local Street;C: Possible Injury;New Hanover;Unknown;Clear;#NULL!;Unknown;30 - 35  MPH;2011;Daylight;Unknown
36.1718070955, -80.4778031849;"{""type"": ""Point"", ""coordinates"": [-80.47780318485636, 36.171807095543286]}";White;None - Rural Crash;Travel Lane;2;16;Rural (<30% Developed);Male;Passenger Car;0;#NULL!;0;0;White;No;0;20-24;Head-On - Bicyclist;None;No;No;Dry;0;Rural;No;03MAR2012;0;16:02;Female;No;Farms, Woods, Pastures;A: Disabling Injury;Yes;O: No Injury;1876;March;0;Straight - Level;Mountains;Facing Traffic;Human Control;Saturday;Non-Intersection;23;0;Two-Way, Not Divided;2 lanes;0;#NULL!;#NULL!;Smooth Asphalt;#NULL!;No Special Feature;Head-On;State Secondary Route;A: Disabling Injury;Yadkin;63;Clear;#NULL!;31-35 mph;50 - 55  MPH;2012;Daylight;60-69
35.7860170707, -78.9230026947;"{""type"": ""Point"", ""coordinates"": [-78.92300269473901, 35.78601707068599]}";White;None - Rural Crash;Unknown;2;16;Rural (<30% Developed);Female;Unknown;0;#NULL!;0;0;Unknown/Missing;No;0;50-59;Bicyclist Ride Out - Midblock - Unknown;None;No;No;Dry;0;Rural;Yes;29APR2012;0;16:57;Unknown;Missing;Residential;B: Evident Injury;No;Unknown Injury;1996;April;0;Curve - Grade;Piedmont;Not Applicable;Double Yellow Line, No Passing Zone;Sunday;Non-Intersection;52;0;Two-Way, Not Divided;2 lanes;0;#NULL!;#NULL!;Smooth Asphalt;#NULL!;No Special Feature;Bicyclist Failed to Yield - Midblock;State Secondary Route;B: Evident Injury;Wake;Unknown;Clear;#NULL!;36-40 mph;40 - 45  MPH;2012;Daylight;Unknown
35.9045470908, -79.0647027444;"{""type"": ""Point"", ""coordinates"": [-79.06470274439815, 35.90454709079034]}";White;Chapel Hill;Sidewalk / Crosswalk / Driveway Crossing;2;13;Urban (>70% Developed);Female;Pickup;0;#NULL!;0;0;White;No;0;16-19;Motorist Drive Out - Sign-Controlled Intersection;None;No;No;Dry;0;Urban;No;27APR2012;0;13:55;Male;No;Residential;B: Evident Injury;Yes;O: No Injury;1982;April;0;Straight - Grade;Piedmont;Facing Traffic;Stop Sign;Friday;Intersection;19;0;Two-Way, Not Divided;5 lanes;0;#NULL!;#NULL!;Smooth Asphalt;#NULL!;T-Intersection;Motorist Failed to Yield - Sign-Controlled Intersection;Local Street;B: Evident Injury;Orange;60;Clear;#NULL!;Unknown;20 - 25  MPH;2012;Daylight;60-69
35.7368770737, -78.5409025765;"{""type"": ""Point"", ""coordinates"": [-78.54090257649538, 35.73687707370731]}";Black;Raleigh;Travel Lane;2;14;Urban (>70% Developed);Male;Pickup;0;#NULL!;0;0;Black;No;0;11-15;Bicyclist Ride Through - Sign-Controlled Intersection;None;No;No;Water (Standing, Moving);0;Urban;No;05MAY2012;0;14:44;Male;No;Residential;B: Evident Injury;Yes;O: No Injury;2001;May;0;Straight - Grade;Piedmont;With Traffic;Stop Sign;Saturday;Intersection;15;0;Two-Way, Not Divided;Unknown;0;#NULL!;#NULL!;Smooth Asphalt;#NULL!;Four-Way Intersection;Bicyclist Failed to Yield - Sign-Controlled Intersection;Local Street;B: Evident Injury;Wake;46;Cloudy;#NULL!;21-25 mph;30 - 35  MPH;2012;Daylight;40-49
35.3407969071, -80.8359032454;"{""type"": ""Point"", ""coordinates"": [-80.8359032453826, 35.34079690714651]}";White;Charlotte;Travel Lane;2;21;Mixed (30% To 70% Developed);Male;Unknown;0;#NULL!;0;0;Unknown/Missing;No;0;50-59;Motorist Overtaking - Other / Unknown;None;No;No;Dry;0;Urban;Yes;11MAY2012;0;21:51;Unknown;Missing;Commercial;C: Possible Injury;No;Unknown Injury;2012;May;0;Straight - Level;Piedmont;With Traffic;No Control Present;Friday;Non-Intersection;50;0;Two-Way, Not Divided;2 lanes;0;#NULL!;#NULL!;Smooth Asphalt;#NULL!;No Special Feature;Motorist Overtaking Bicyclist;Interstate;C: Possible Injury;Mecklenburg;Unknown;Clear;#NULL!;31-35 mph;40 - 45  MPH;2012;Daylight;Unknown
35.2426669986, -77.6125022697;"{""type"": ""Point"", ""coordinates"": [-77.61250226973408, 35.24266699859671]}";White;None - Rural Crash;Travel Lane;2;19;Mixed (30% To 70% Developed);Male;Passenger Car;0;#NULL!;0;0;White;No;0;11-15;Bicyclist Left Turn - Opposite Direction;None;No;No;Dry;0;Rural;No;11MAY2012;0;19:30;Male;No;Residential;C: Possible Injury;Yes;O: No Injury;2015;May;0;Straight - Level;Coastal;With Traffic;No Control Present;Friday;Non-Intersection;12;0;Two-Way, Not Divided;2 lanes;0;#NULL!;#NULL!;Smooth Asphalt;#NULL!;No Special Feature;Bicyclist Left Turn / Merge;State Secondary Route;C: Possible Injury;Lenoir;18;Clear;#NULL!;41-45 mph;50 - 55  MPH;2012;Daylight;0-19
35.7907670814, -78.659402616;"{""type"": ""Point"", ""coordinates"": [-78.6594026160347, 35.79076708143027]}";White;Raleigh;Travel Lane;2;15;Urban (>70% Developed);Female;Sport Utility;0;#NULL!;0;0;White;No;0;50-59;Motorist Left Turn - Opposite Direction;None;No;No;Dry;0;Urban;No;11APR2012;0;15:15;Female;No;Commercial;B: Evident Injury;No;O: No Injury;1988;April;0;Straight - Hillcrest;Piedmont;With Traffic;No Control Present;Wednesday;Intersection-Related;53;0;Two-Way, Not Divided;3 lanes;0;#NULL!;#NULL!;Coarse Asphalt;#NULL!;No Special Feature;Motorist Left Turn / Merge;Local Street;B: Evident Injury;Wake;28;Clear;#NULL!;31-35 mph;30 - 35  MPH;2012;Daylight;25-29
34.9987569297, -78.0941024034;"{""type"": ""Point"", ""coordinates"": [-78.09410240338285, 34.998756929707504]}";Hispanic;Warsaw;Travel Lane;2;19;Urban (>70% Developed);Male;Passenger Car;0;#NULL!;0;0;Black;No;0;50-59;Crossing Paths - Uncontrolled Intersection;None;No;No;Dry;0;Rural;No;18MAR2012;0;19:25;Female;No;Commercial;B: Evident Injury;No;O: No Injury;1972;March;0;Straight - Level;Coastal;Not Applicable;Stop Sign;Sunday;Intersection-Related;51;0;Two-Way, Not Divided;2 lanes;0;#NULL!;#NULL!;Smooth Asphalt;#NULL!;Four-Way Intersection;Crossing Paths - Other Circumstances;Local Street;B: Evident Injury;Duplin;35;Clear;#NULL!;16-20 mph;30 - 35  MPH;2012;Dusk;30-39
35.2045269752, -78.0646024053;"{""type"": ""Point"", ""coordinates"": [-78.06460240531993, 35.204526975229555]}";White;Mount Olive;Travel Lane;2;14;Urban (>70% Developed);Male;Single Unit Truck (2-Axle, 6-Tire);0;#NULL!;0;0;White;No;0;20-24;Bicyclist Ride Out - Sign-Controlled Intersection;None;No;No;Dry;0;Rural;No;01APR2011;0;14:40;Male;No;Commercial;C: Possible Injury;Yes;O: No Injury;2903;April;0;Straight - Level;Coastal;With Traffic;No Control Present;Friday;Intersection;20;0;Two-Way, Divided, Unprotected Median;5 lanes;0;#NULL!;#NULL!;Smooth Asphalt;#NULL!;T-Intersection;Bicyclist Failed to Yield - Sign-Controlled Intersection;NC Route;C: Possible Injury;Wayne;50;Clear;#NULL!;26-30 mph;30 - 35  MPH;2011;Daylight;50-59
35.0127069042, -78.9190026534;"{""type"": ""Point"", ""coordinates"": [-78.9190026533526, 35.01270690421857]}";White;None - Rural Crash;Travel Lane;2;18;Urban (>70% Developed);Male;Passenger Car;0;#NULL!;0;0;Other;No;0;50-59;Motorist Drive Out - Sign-Controlled Intersection;None;No;No;Dry;0;Rural;No;15APR2011;0;18:25;Male;No;Commercial;C: Possible Injury;Yes;O: No Injury;2913;April;0;Straight - Level;Coastal;With Traffic;Stop Sign;Friday;Intersection;53;0;Two-Way, Not Divided;5 lanes;0;#NULL!;#NULL!;Smooth Asphalt;#NULL!;No Special Feature;Motorist Failed to Yield - Sign-Controlled Intersection;State Secondary Route;C: Possible Injury;Cumberland;46;Clear;#NULL!;11-15 mph;40 - 45  MPH;2011;Daylight;40-49
35.2264168822, -80.8442032424;"{""type"": ""Point"", ""coordinates"": [-80.84420324244294, 35.22641688222637]}";White;Charlotte;Sidewalk / Crosswalk / Driveway Crossing;2;16;Urban (>70% Developed);Male;Passenger Car;0;#NULL!;0;0;White;No;0;25-29;Motorist Left Turn - Same Direction;None;No;No;Dry;0;Urban;No;17MAR2011;0;16:58;Male;No;Commercial;C: Possible Injury;No;O: No Injury;2872;March;0;Straight - Level;Piedmont;Facing Traffic;Stop And Go Signal;Thursday;Intersection;28;0;One-Way, Not Divided;2 lanes;0;#NULL!;#NULL!;Smooth Asphalt;#NULL!;Four-Way Intersection;Motorist Left Turn / Merge;Local Street;C: Possible Injury;Mecklenburg;46;Clear;#NULL!;0-5 mph;20 - 25  MPH;2011;Daylight;40-49
35.4378169897, -79.0982027296;"{""type"": ""Point"", ""coordinates"": [-79.09820272963404, 35.43781698968143]}";White;None - Rural Crash;Travel Lane;2;12;Rural (<30% Developed);Male;Pickup;0;#NULL!;0;0;White;No;0;40-49;Motorist Drive Out - Residential Driveway;None;No;No;Dry;0;Rural;No;14APR2011;0;12:55;Male;No;Farms, Woods, Pastures;C: Possible Injury;No;O: No Injury;2912;April;0;Straight - Level;Piedmont;With Traffic;No Control Present;Thursday;Non-Intersection;45;0;Two-Way, Not Divided;2 lanes;0;#NULL!;#NULL!;Smooth Asphalt;#NULL!;Driveway, Private;Motorist Failed to Yield - Midblock;State Secondary Route;C: Possible Injury;Lee;39;Clear;#NULL!;0-5 mph;50 - 55  MPH;2011;Daylight;30-39
34.1671167511, -77.9462023191;"{""type"": ""Point"", ""coordinates"": [-77.94620231914607, 34.16711675109573]}";Unknown/Missing;Wilmington;Travel Lane;2;16;Urban (>70% Developed);Unknown;Passenger Car;0;#NULL!;0;0;White;No;0;Unknown;Motorist Left Turn - Opposite Direction;None;No;Missing;Dry;0;Urban;No;26MAR2011;0;16:26;Female;No;Commercial;O: No Injury;No;O: No Injury;2889;March;0;Straight - Level;Coastal;With Traffic;No Control Present;Saturday;Intersection;Unknown;0;Two-Way, Not Divided;4 lanes;0;#NULL!;#NULL!;Smooth Asphalt;#NULL!;No Special Feature;Motorist Left Turn / Merge;Local Street;Unknown Injury;New Hanover;66;Cloudy;#NULL!;11-15 mph;40 - 45  MPH;2011;Daylight;60-69
35.7993070834, -78.6605026161;"{""type"": ""Point"", ""coordinates"": [-78.66050261613489, 35.79930708340186]}";White;Raleigh;Travel Lane;2;11;Urban (>70% Developed);Male;Passenger Car;0;#NULL!;0;0;White;No;0;25-29;Motorist Drive Out - Signalized Intersection;None;No;No;Dry;0;Urban;No;11MAR2011;0;11:25;Female;No;Commercial;C: Possible Injury;No;O: No Injury;2884;March;0;Straight - Level;Piedmont;With Traffic;Stop And Go Signal;Friday;Intersection;25;0;Two-Way, Not Divided;5 lanes;0;#NULL!;#NULL!;Smooth Asphalt;#NULL!;T-Intersection;Motorist Failed to Yield - Signalized Intersection;Local Street;C: Possible Injury;Wake;70+;Cloudy;#NULL!;6-10 mph;30 - 35  MPH;2011;Daylight;70+
35.1258768554, -80.9805032777;"{""type"": ""Point"", ""coordinates"": [-80.98050327774875, 35.12587685539315]}";White;Charlotte;Travel Lane;2;6;Mixed (30% To 70% Developed);Male;Passenger Car;0;#NULL!;0;0;White;No;0;40-49;Motorist Left Turn - Opposite Direction;None;No;No;Dry;0;Urban;No;18MAR2011;0;6:57;Male;No;Commercial;B: Evident Injury;Yes;O: No Injury;2869;March;0;Straight - Level;Piedmont;With Traffic;Stop Sign;Friday;Intersection;46;0;Two-Way, Not Divided;2 lanes;0;#NULL!;#NULL!;Smooth Asphalt;#NULL!;Four-Way Intersection;Motorist Left Turn / Merge;Local Street;B: Evident Injury;Mecklenburg;41;Clear;#NULL!;31-35 mph;40 - 45  MPH;2011;Dark - Lighted Roadway;40-49
34.213776766, -77.8055022782;"{""type"": ""Point"", ""coordinates"": [-77.80550227821237, 34.21377676603914]}";White;Wrightsville Beach;Travel Lane;2;16;Urban (>70% Developed);Male;Sport Utility;0;#NULL!;0;0;White;No;0;16-19;Parallel Paths - Other / Unknown;None;No;No;Dry;0;Rural;No;30JAN2011;0;16:30;Female;No;Residential;O: No Injury;No;O: No Injury;2866;January;0;Straight - Level;Coastal;Facing Traffic;No Control Present;Sunday;Intersection;16;0;Two-Way, Not Divided;4 lanes;0;#NULL!;#NULL!;Smooth Asphalt;#NULL!;No Special Feature;Parallel Paths - Other Circumstances;Local Street;O: No Injury;New Hanover;45;Clear;#NULL!;0-5 mph;30 - 35  MPH;2011;Daylight;40-49
35.2617370018, -77.6465022809;"{""type"": ""Point"", ""coordinates"": [-77.64650228089464, 35.261737001785534]}";Black;Kinston;Other;2;7;Urban (>70% Developed);Male;Van;0;#NULL!;0;0;White;No;0;50-59;Motorist Lost Control - Other / Unknown;None;No;No;Dry;0;Urban;No;24MAR2011;0;7:01;Male;No;Commercial;C: Possible Injury;Yes;O: No Injury;2863;March;0;Straight - Level;Coastal;With Traffic;No Control Present;Thursday;Non-Intersection;53;0;Two-Way, Not Divided;2 lanes;0;#NULL!;#NULL!;Smooth Asphalt;#NULL!;No Special Feature;Loss of Control / Turning Error;US Route;C: Possible Injury;Lenoir;64;Clear;#NULL!;41-45 mph;40 - 45  MPH;2011;Daylight;60-69
36.0687670843, -80.2067030979;"{""type"": ""Point"", ""coordinates"": [-80.20670309785864, 36.06876708434726]}";Black;Winston-Salem;Sidewalk / Crosswalk / Driveway Crossing;2;16;Urban (>70% Developed);Male;Sport Utility;0;#NULL!;0;0;White;No;0;11-15;Bicyclist Ride Through - Signalized Intersection;None;No;No;Dry;0;Urban;No;21AUG2012;0;16:14;Female;No;Commercial;O: No Injury;No;O: No Injury;2400;August;0;Straight - Level;Piedmont;With Traffic;Stop And Go Signal;Tuesday;Intersection-Related;12;0;Two-Way, Divided, Unprotected Median;2 lanes;0;#NULL!;#NULL!;Smooth Asphalt;#NULL!;Related To Intersection;Bicyclist Failed to Yield - Signalized Intersection;Local Street;O: No Injury;Forsyth;58;Clear;#NULL!;6-10 mph;30 - 35  MPH;2012;Daylight;50-59
35.239496883, -80.8856032552;"{""type"": ""Point"", ""coordinates"": [-80.88560325521757, 35.2394968830357]}";Black;Charlotte;Sidewalk / Crosswalk / Driveway Crossing;2;13;Urban (>70% Developed);Male;Unknown;0;#NULL!;0;0;Unknown/Missing;No;0;30-39;Motorist Drive Out - Commercial Driveway / Alley;None;No;No;Dry;0;Urban;Yes;13SEP2012;0;13:15;Unknown;Missing;Commercial;O: No Injury;No;Unknown Injury;2420;September;0;Straight - Level;Piedmont;Facing Traffic;No Control Present;Thursday;Non-Intersection;33;0;Two-Way, Divided, Positive Median Barrier;6 lanes;0;#NULL!;#NULL!;Concrete;#NULL!;No Special Feature;Motorist Failed to Yield - Midblock;Unknown;O: No Injury;Mecklenburg;Unknown;Clear;#NULL!;0-5 mph;5 - 15 MPH;2012;Daylight;Unknown
35.6111370867, -77.3729022151;"{""type"": ""Point"", ""coordinates"": [-77.37290221512434, 35.61113708669164]}";White;Greenville;Sidewalk / Crosswalk / Driveway Crossing;2;14;Urban (>70% Developed);Male;Passenger Car;0;#NULL!;0;0;White;No;0;25-29;Crossing Paths - Intersection - Other / Unknown;None;No;No;Dry;0;Urban;No;21SEP2012;0;14:38;Female;No;Commercial;C: Possible Injury;Yes;O: No Injury;2443;September;0;Straight - Level;Coastal;Facing Traffic;Stop And Go Signal;Friday;Intersection-Related;26;0;Two-Way, Divided, Unprotected Median;4 lanes;0;#NULL!;#NULL!;Coarse Asphalt;#NULL!;Four-Way Intersection;Crossing Paths - Other Circumstances;Local Street;C: Possible Injury;Pitt;18;Clear;#NULL!;0-5 mph;20 - 25  MPH;2012;Daylight;0-19
34.3610667677, -78.7513025709;"{""type"": ""Point"", ""coordinates"": [-78.75130257090899, 34.36106676772415]}";White;None - Rural Crash;Travel Lane;2;20;Rural (<30% Developed);Male;Passenger Car;0;#NULL!;0;0;White;No;0;50-59;Motorist Overtaking - Other / Unknown;None;No;No;Dry;0;Rural;No;17SEP2012;0;20:41;Female;No;Residential;B: Evident Injury;No;O: No Injury;2440;September;0;Straight - Level;Coastal;With Traffic;Double Yellow Line, No Passing Zone;Monday;Non-Intersection;52;0;Two-Way, Not Divided;2 lanes;0;#NULL!;#NULL!;Coarse Asphalt;#NULL!;No Special Feature;Motorist Overtaking Bicyclist;State Secondary Route;B: Evident Injury;Columbus;70+;Clear;#NULL!;51-55 mph;50 - 55  MPH;2012;Dark - Roadway Not Lighted;70+
35.0670969153, -78.9504026662;"{""type"": ""Point"", ""coordinates"": [-78.95040266618891, 35.06709691530318]}";Black;Fayetteville;Travel Lane;3;15;Urban (>70% Developed);Male;Passenger Car;0;#NULL!;0;0;White;No;0;11-15;Bicyclist Ride Out - Signalized  Intersection;None;No;No;Dry;0;Urban;No;15SEP2012;0;15:15;Male;No;Commercial;C: Possible Injury;No;O: No Injury;2457;September;0;Straight - Level;Coastal;Facing Traffic;Stop And Go Signal;Saturday;Intersection;15;0;Two-Way, Divided, Unprotected Median;7 lanes;0;#NULL!;#NULL!;Smooth Asphalt;#NULL!;Four-Way Intersection;Bicyclist Failed to Yield - Signalized Intersection;Local Street;C: Possible Injury;Cumberland;60;Clear;#NULL!;31-35 mph;30 - 35  MPH;2012;Daylight;60-69