Geo Point;Geo Shape;BikeRace;City;BikePos;NumUnits;CrashHour;Locality;BikeSex;DrvrVehTyp;NumBikesNo;BikeAlcDrg;NumBikesBI;RteInvdCd;DrvrRace;Workzone;NumBikesCi;BikeAgeGrp;CrashType;RdDefects;CrashAlcoh;BikeAlcoho;RdConditio;DstncMiFrm;RuralUrban;HitRun;CrashDate;NumBikesUI;CrashTime;DrvrSex;DrvrAlcoho;Developmen;CrashSevr;AmbulanceR;DrvrInjury;OBJECTID;CrashMonth;NumBikesKi;RdCharacte;Region;BikeDir;TraffCntrl;CrashDay;CrashLoc;BikeAge;NumBikesTo;RdConfig;NumLanes;NumBikesAI;DrvrAlcDrg;OnRoad;RdSurface;Towrd_Rd;RdFeature;CrashGrp;RdClass;BikeInjury;County;DrvrAge;Weather;FrmRd;DrvrEstSpd;SpeedLimit;CrashYear;LightCond;DrvrAgeGrp
34.7290869148, -76.7289019756;"{""type"": ""Point"", ""coordinates"": [-76.72890197558917, 34.729086914836124]}";White;Morehead City;Travel Lane;2;11;Urban (>70% Developed);Male;Passenger Car;0;#NULL!;0;0;White;No;0;60-69;Motorist Drive Out - Sign-Controlled Intersection;None;No;No;Dry;0;Urban;No;15SEP2012;0;11:55;Male;No;Residential;B: Evident Injury;Yes;O: No Injury;2462;September;0;Straight - Level;Coastal;Facing Traffic;Stop Sign;Saturday;Intersection;63;0;Two-Way, Divided, Unprotected Median;2 lanes;0;#NULL!;#NULL!;Smooth Asphalt;#NULL!;No Special Feature;Motorist Failed to Yield - Sign-Controlled Intersection;Local Street;B: Evident Injury;Carteret;62;Clear;#NULL!;0-5 mph;30 - 35  MPH;2012;Daylight;60-69
36.2172870588, -81.6852035495;"{""type"": ""Point"", ""coordinates"": [-81.68520354949668, 36.21728705879971]}";White;Boone;Bike Lane / Paved Shoulder;2;7;Urban (>70% Developed);Male;Passenger Car;0;#NULL!;0;0;White;No;0;16-19;Motorist Right Turn - Same Direction;None;No;No;Dry;0;Urban;No;28SEP2012;0;7:33;Female;No;Commercial;B: Evident Injury;No;O: No Injury;2476;September;0;Straight - Level;Mountains;With Traffic;Stop And Go Signal;Friday;Intersection;18;0;Two-Way, Not Divided;4 lanes;0;#NULL!;#NULL!;Smooth Asphalt;#NULL!;Four-Way Intersection;Motorist Right Turn / Merge;Local Street;B: Evident Injury;Watauga;19;Clear;#NULL!;6-10 mph;20 - 25  MPH;2012;Daylight;0-19
34.2135467631, -77.8799023012;"{""type"": ""Point"", ""coordinates"": [-77.87990230115739, 34.213546763145665]}";Hispanic;Wilmington;Travel Lane;2;5;Urban (>70% Developed);Male;Pickup;0;#NULL!;0;0;White;No;0;40-49;Motorist Overtaking - Other / Unknown;None;No;No;Dry;0;Urban;No;17SEP2012;0;5:53;Male;No;Commercial;B: Evident Injury;Yes;O: No Injury;2449;September;0;Straight - Level;Coastal;With Traffic;No Control Present;Monday;Non-Intersection;44;0;Two-Way, Not Divided;2 lanes;0;#NULL!;#NULL!;Concrete;#NULL!;No Special Feature;Motorist Overtaking Bicyclist;Local Street;B: Evident Injury;New Hanover;41;Clear;#NULL!;41-45 mph;40 - 45  MPH;2012;Dusk;40-49
34.2210267651, -77.8695022985;"{""type"": ""Point"", ""coordinates"": [-77.86950229846846, 34.221026765116086]}";White;Wilmington;Non-Roadway;2;13;Urban (>70% Developed);Male;Passenger Car;0;#NULL!;0;0;Unknown/Missing;No;0;16-19;Non-Roadway;None;No;No;Dry;0;Urban;No;17SEP2012;0;13:43;Unknown;Missing;Institutional;O: No Injury;No;Unknown Injury;2423;September;0;Straight - Level;Coastal;Not Applicable;No Control Present;Monday;Non-Roadway;18;0;Two-Way, Not Divided;Unknown;0;#NULL!;#NULL!;Smooth Asphalt;#NULL!;No Special Feature;Non-Roadway;Public Vehicular Area;O: No Injury;New Hanover;Unknown;Clear;#NULL!;0-5 mph;5 - 15 MPH;2012;Daylight;Unknown
35.9783271161, -78.8095026714;"{""type"": ""Point"", ""coordinates"": [-78.80950267138049, 35.978327116120084]}";Black;Durham;Non-Roadway;2;16;Urban (>70% Developed);Male;Sport Utility;0;#NULL!;0;0;Asian;No;0;6-10;Non-Roadway;None;No;No;Dry;0;Urban;No;19SEP2012;0;16:19;Female;No;Residential;C: Possible Injury;Yes;O: No Injury;2431;September;0;Straight - Level;Piedmont;Not Applicable;No Control Present;Wednesday;Non-Roadway;8;0;One-Way, Not Divided;Unknown;0;#NULL!;#NULL!;Coarse Asphalt;#NULL!;No Special Feature;Non-Roadway;Public Vehicular Area;C: Possible Injury;Durham;17;Clear;#NULL!;6-10 mph;5 - 15 MPH;2012;Daylight;0-19
35.776237043, -79.6500029146;"{""type"": ""Point"", ""coordinates"": [-79.65000291460957, 35.776237042984654]}";White;Ramseur;Sidewalk / Crosswalk / Driveway Crossing;2;17;Rural (<30% Developed);Male;Pickup;0;#NULL!;0;0;White;No;0;6-10;Bicyclist Ride Out - Residential Driveway;None;No;No;Dry;0;Rural;No;23AUG2012;0;17:19;Male;No;Farms, Woods, Pastures;B: Evident Injury;Yes;O: No Injury;2343;August;0;Straight - Grade;Piedmont;Not Applicable;Double Yellow Line, No Passing Zone;Thursday;Non-Intersection;10;0;Two-Way, Not Divided;2 lanes;0;#NULL!;#NULL!;Smooth Asphalt;#NULL!;Driveway, Private;Bicyclist Failed to Yield - Midblock;State Secondary Route;B: Evident Injury;Randolph;53;Clear;#NULL!;51-55 mph;50 - 55  MPH;2012;Daylight;50-59
34.2561567749, -77.8259022868;"{""type"": ""Point"", ""coordinates"": [-77.82590228676447, 34.25615677490799]}";White;Wilmington;Sidewalk / Crosswalk / Driveway Crossing;2;13;Urban (>70% Developed);Male;Passenger Car;0;#NULL!;0;0;White;No;0;40-49;Motorist Drive Out - Right Turn on Red;None;No;No;Dry;0;Urban;No;18AUG2012;0;13:27;Male;No;Commercial;C: Possible Injury;Yes;O: No Injury;2335;August;0;Straight - Level;Coastal;Facing Traffic;Stop And Go Signal;Saturday;Intersection;49;0;Two-Way, Not Divided;3 lanes;0;#NULL!;#NULL!;Smooth Asphalt;#NULL!;T-Intersection;Motorist Failed to Yield - Signalized Intersection;Local Street;C: Possible Injury;New Hanover;20;Clear;#NULL!;6-10 mph;30 - 35  MPH;2012;Daylight;20-24
35.0387669087, -78.9643026686;"{""type"": ""Point"", ""coordinates"": [-78.96430266856412, 35.038766908731496]}";Black;Fayetteville;Travel Lane;2;18;Urban (>70% Developed);Male;Passenger Car;0;#NULL!;0;0;White;No;0;11-15;Bicyclist Ride Through - Sign-Controlled Intersection;None;No;No;Dry;0;Urban;No;20AUG2012;0;18:33;Male;No;Residential;C: Possible Injury;Yes;O: No Injury;2398;August;0;Straight - Level;Coastal;With Traffic;Stop Sign;Monday;Intersection;15;0;Two-Way, Not Divided;2 lanes;0;#NULL!;#NULL!;Coarse Asphalt;#NULL!;No Special Feature;Bicyclist Failed to Yield - Sign-Controlled Intersection;Local Street;C: Possible Injury;Cumberland;18;Clear;#NULL!;26-30 mph;30 - 35  MPH;2012;Daylight;0-19
35.7560570751, -78.631302605;"{""type"": ""Point"", ""coordinates"": [-78.63130260499776, 35.756057075107805]}";Black;Raleigh;Travel Lane;2;23;Urban (>70% Developed);Male;Pickup;0;#NULL!;0;0;Unknown/Missing;No;0;40-49;Bicyclist Left Turn - Same Direction;None;No;No;Dry;0;Urban;Yes;14AUG2012;0;23:56;Unknown;Missing;Commercial;B: Evident Injury;Yes;Unknown Injury;2371;August;0;Straight - Grade;Piedmont;With Traffic;No Control Present;Tuesday;Non-Intersection;46;0;Two-Way, Not Divided;3 lanes;0;#NULL!;#NULL!;Smooth Asphalt;#NULL!;No Special Feature;Bicyclist Left Turn / Merge;Local Street;B: Evident Injury;Wake;Unknown;Clear;#NULL!;31-35 mph;30 - 35  MPH;2012;Dark - Lighted Roadway;Unknown
35.9551970934, -79.2916028154;"{""type"": ""Point"", ""coordinates"": [-79.29160281536657, 35.95519709341928]}";White;None - Rural Crash;Travel Lane;2;10;Rural (<30% Developed);Male;Passenger Car;0;#NULL!;0;0;White;No;0;40-49;Motorist Overtaking - Misjudged Space;None;No;No;Dry;0;Rural;Yes;26AUG2012;0;10:14;Male;No;Farms, Woods, Pastures;C: Possible Injury;No;C: Possible Injury;2380;August;0;Straight - Grade;Piedmont;With Traffic;No Control Present;Sunday;Non-Intersection;45;0;Two-Way, Not Divided;2 lanes;0;#NULL!;#NULL!;Smooth Asphalt;#NULL!;No Special Feature;Motorist Overtaking Bicyclist;State Secondary Route;O: No Injury;Alamance;25;Clear;#NULL!;26-30 mph;50 - 55  MPH;2012;Dawn;25-29
35.9991771166, -78.9101027028;"{""type"": ""Point"", ""coordinates"": [-78.91010270276362, 35.999177116560794]}";Asian;Durham;Travel Lane;2;9;Urban (>70% Developed);Female;Sport Utility;0;#NULL!;0;0;White;No;0;20-24;Bicyclist Ride Out - Sign-Controlled Intersection;None;No;No;Dry;0;Urban;No;29AUG2012;0;9:50;Male;No;Commercial;C: Possible Injury;No;O: No Injury;2366;August;0;Straight - Level;Piedmont;With Traffic;Stop Sign;Wednesday;Intersection;23;0;One-Way, Not Divided;2 lanes;0;#NULL!;#NULL!;Smooth Asphalt;#NULL!;No Special Feature;Bicyclist Failed to Yield - Sign-Controlled Intersection;Local Street;C: Possible Injury;Durham;36;Clear;#NULL!;31-35 mph;30 - 35  MPH;2012;Daylight;30-39
35.6298469032, -82.5539037726;"{""type"": ""Point"", ""coordinates"": [-82.55390377259619, 35.62984690324313]}";Asian;Asheville;Non-Roadway;2;18;Urban (>70% Developed);Male;Passenger Car;0;#NULL!;0;0;White;No;0;6-10;Bicyclist Ride Out - Other Midblock;None;No;No;Dry;0;Urban;No;26AUG2012;0;18:40;Female;No;Commercial;B: Evident Injury;Yes;O: No Injury;2374;August;0;Straight - Level;Mountains;Not Applicable;No Control Present;Sunday;Non-Intersection;8;0;Two-Way, Not Divided;2 lanes;0;#NULL!;#NULL!;Smooth Asphalt;#NULL!;No Special Feature;Bicyclist Failed to Yield - Midblock;Local Street;B: Evident Injury;Buncombe;63;Clear;#NULL!;21-25 mph;20 - 25  MPH;2012;Daylight;60-69
35.2659670723, -75.5201016309;"{""type"": ""Point"", ""coordinates"": [-75.52010163087766, 35.26596707228148]}";White;None - Rural Crash;Travel Lane;2;9;Urban (>70% Developed);Male;Pickup;0;#NULL!;0;0;White;No;0;50-59;Motorist Overtaking - Other / Unknown;None;No;No;Dry;0;Rural;No;27AUG2012;0;9:15;Male;No;Commercial;C: Possible Injury;No;O: No Injury;2354;August;0;Curve - Level;Coastal;With Traffic;Double Yellow Line, No Passing Zone;Monday;Non-Intersection;51;0;Two-Way, Not Divided;2 lanes;0;#NULL!;#NULL!;Coarse Asphalt;#NULL!;Driveway, Public;Motorist Overtaking Bicyclist;NC Route;C: Possible Injury;Dare;41;Clear;#NULL!;31-35 mph;30 - 35  MPH;2012;Daylight;40-49
36.0986770823, -80.4164031621;"{""type"": ""Point"", ""coordinates"": [-80.41640316210025, 36.09867708230407]}";White;Lewisville;Travel Lane;2;6;Urban (>70% Developed);Male;Passenger Car;0;#NULL!;0;0;White;No;0;60-69;Motorist Turning Error - Left Turn;None;No;No;Dry;0;Urban;No;28AUG2012;0;6:09;Male;No;Commercial;B: Evident Injury;Yes;O: No Injury;2399;August;0;Straight - Level;Piedmont;With Traffic;Stop And Go Signal;Tuesday;Intersection-Related;68;0;Two-Way, Not Divided;2 lanes;0;#NULL!;#NULL!;Smooth Asphalt;#NULL!;T-Intersection;Loss of Control / Turning Error;Local Street;B: Evident Injury;Forsyth;45;Clear;#NULL!;11-15 mph;30 - 35  MPH;2012;Dawn;40-49
35.0148669058, -78.8973026471;"{""type"": ""Point"", ""coordinates"": [-78.89730264714768, 35.01486690576113]}";White;Fayetteville;Travel Lane;2;23;Urban (>70% Developed);Male;Unknown;0;#NULL!;0;0;Unknown/Missing;No;0;30-39;Head-On - Bicyclist;None;No;No;Dry;0;Urban;Yes;17AUG2012;0;23:47;Unknown;Missing;Commercial;O: No Injury;No;Unknown Injury;2352;August;0;Straight - Level;Coastal;Facing Traffic;No Control Present;Friday;Non-Intersection;35;0;Two-Way, Not Divided;2 lanes;0;#NULL!;#NULL!;Coarse Asphalt;#NULL!;No Special Feature;Head-On;Local Street;O: No Injury;Cumberland;Unknown;Cloudy;#NULL!;Unknown;30 - 35  MPH;2012;Dark - Lighted Roadway;Unknown
36.065917082, -80.2520031111;"{""type"": ""Point"", ""coordinates"": [-80.2520031111159, 36.06591708203365]}";Black;Winston-Salem;Travel Lane;2;6;Urban (>70% Developed);Male;Passenger Car;0;#NULL!;0;0;White;No;0;30-39;Bicyclist Ride Through - Signalized Intersection;None;No;No;Dry;0;Urban;No;19SEP2012;0;6:56;Male;No;Commercial;C: Possible Injury;No;O: No Injury;2493;September;0;Straight - Level;Piedmont;With Traffic;Stop And Go Signal;Wednesday;Intersection-Related;32;0;Two-Way, Divided, Positive Median Barrier;5 lanes;0;#NULL!;#NULL!;Smooth Asphalt;#NULL!;No Special Feature;Bicyclist Failed to Yield - Signalized Intersection;Local Street;C: Possible Injury;Forsyth;47;Clear;#NULL!;36-40 mph;40 - 45  MPH;2012;Daylight;40-49
35.1992468762, -80.8410032397;"{""type"": ""Point"", ""coordinates"": [-80.84100323965322, 35.19924687618364]}";White;Charlotte;Bike Lane / Paved Shoulder;2;10;Urban (>70% Developed);Male;Passenger Car;0;#NULL!;0;0;White;No;0;11-15;Motorist Right Turn - Same Direction;None;No;No;Dry;0;Urban;No;26SEP2012;0;10:23;Male;No;Commercial;C: Possible Injury;Yes;O: No Injury;2485;September;0;Straight - Level;Piedmont;With Traffic;No Control Present;Wednesday;Non-Intersection;15;0;Two-Way, Not Divided;2 lanes;0;#NULL!;#NULL!;Smooth Asphalt;#NULL!;No Special Feature;Motorist Right Turn / Merge;Local Street;C: Possible Injury;Mecklenburg;23;Clear;#NULL!;0-5 mph;30 - 35  MPH;2012;Daylight;20-24
35.6040070861, -77.361802211;"{""type"": ""Point"", ""coordinates"": [-77.36180221098849, 35.60400708612098]}";White;Greenville;Travel Lane;2;14;Urban (>70% Developed);Male;Pickup;0;#NULL!;0;0;Black;No;0;16-19;Motorist Left Turn - Opposite Direction;None;No;No;Dry;0;Urban;No;26SEP2012;0;14:40;Male;No;Institutional;B: Evident Injury;No;O: No Injury;2497;September;0;Straight - Level;Coastal;Facing Traffic;Stop And Go Signal;Wednesday;Intersection;18;0;Two-Way, Divided, Unprotected Median;5 lanes;0;#NULL!;#NULL!;Coarse Asphalt;#NULL!;Four-Way Intersection;Motorist Left Turn / Merge;State Secondary Route;B: Evident Injury;Pitt;23;Clear;#NULL!;0-5 mph;30 - 35  MPH;2012;Daylight;20-24
35.9022369986, -81.5456034888;"{""type"": ""Point"", ""coordinates"": [-81.54560348875506, 35.90223699856507]}";White;Lenoir;Travel Lane;2;6;Mixed (30% To 70% Developed);Male;Passenger Car;0;#NULL!;0;0;White;No;0;50-59;Motorist Overtaking - Other / Unknown;None;No;No;Wet;0;Urban;No;07OCT2012;0;6:13;Male;No;Commercial;B: Evident Injury;Yes;O: No Injury;2494;October;0;Straight - Level;Mountains;With Traffic;No Control Present;Sunday;Non-Intersection;54;0;Two-Way, Not Divided;5 lanes;0;#NULL!;#NULL!;Smooth Asphalt;#NULL!;No Special Feature;Motorist Overtaking Bicyclist;Local Street;B: Evident Injury;Caldwell;22;Rain;#NULL!;36-40 mph;40 - 45  MPH;2012;Dark - Lighted Roadway;20-24
34.5178568319, -77.8431023039;"{""type"": ""Point"", ""coordinates"": [-77.84310230391131, 34.51785683187786]}";White;None - Rural Crash;Travel Lane;2;19;Rural (<30% Developed);Male;Pickup;0;#NULL!;0;0;Hispanic;No;0;11-15;Bicyclist Right Turn - Same Direction;None;No;No;Dry;0;Rural;No;04OCT2012;0;19:41;Male;No;Farms, Woods, Pastures;B: Evident Injury;Yes;O: No Injury;2490;October;0;Straight - Level;Coastal;Facing Traffic;No Control Present;Thursday;Intersection;14;0;Two-Way, Not Divided;2 lanes;0;#NULL!;#NULL!;Smooth Asphalt;#NULL!;T-Intersection;Bicyclist Right Turn / Merge;State Secondary Route;B: Evident Injury;Pender;31;Clear;#NULL!;26-30 mph;50 - 55  MPH;2012;Dusk;30-39
36.0953070953, -80.061203056;"{""type"": ""Point"", ""coordinates"": [-80.06120305602812, 36.095307095323655]}";White;Kernersville;Non-Roadway;2;16;Urban (>70% Developed);Male;Passenger Car;0;#NULL!;0;0;White;No;0;60-69;Motorist Left Turn - Opposite Direction;None;No;No;Dry;0;Urban;No;05OCT2012;0;16:33;Female;No;Commercial;B: Evident Injury;Yes;O: No Injury;2512;October;0;Straight - Level;Piedmont;Not Applicable;Stop Sign;Friday;Intersection;64;0;Two-Way, Divided, Unprotected Median;5 lanes;0;#NULL!;#NULL!;Smooth Asphalt;#NULL!;T-Intersection;Motorist Left Turn / Merge;NC Route;B: Evident Injury;Forsyth;53;Clear;#NULL!;21-25 mph;40 - 45  MPH;2012;Daylight;50-59
35.5700168903, -82.5456037665;"{""type"": ""Point"", ""coordinates"": [-82.54560376652833, 35.570016890302306]}";White;Asheville;Travel Lane;2;13;Urban (>70% Developed);Male;Pickup;0;#NULL!;0;0;White;No;0;40-49;Motorist Left Turn - Opposite Direction;None;No;No;Dry;0;Urban;No;20SEP2012;0;13:02;Male;No;Commercial;O: No Injury;No;O: No Injury;2489;September;0;Straight - Level;Mountains;With Traffic;No Control Present;Thursday;Intersection;42;0;Two-Way, Not Divided;2 lanes;0;#NULL!;#NULL!;Smooth Asphalt;#NULL!;Driveway, Private;Motorist Left Turn / Merge;Local Street;Unknown Injury;Buncombe;31;Clear;#NULL!;0-5 mph;30 - 35  MPH;2012;Daylight;30-39
36.3257372795, -76.2227018991;"{""type"": ""Point"", ""coordinates"": [-76.22270189910174, 36.32573727952841]}";White;Elizabeth City;Travel Lane;2;12;Urban (>70% Developed);Male;Van;0;#NULL!;0;0;White;No;0;25-29;Backing Vehicle;None;No;No;Dry;0;Urban;No;25SEP2012;0;12:30;Male;No;Institutional;C: Possible Injury;Yes;O: No Injury;2503;September;0;Straight - Level;Coastal;With Traffic;Stop Sign;Tuesday;Intersection-Related;28;0;Two-Way, Not Divided;2 lanes;0;#NULL!;#NULL!;Smooth Asphalt;#NULL!;T-Intersection;Backing Vehicle;Local Street;C: Possible Injury;Pasquotank;19;Clear;#NULL!;0-5 mph;5 - 15 MPH;2012;Daylight;0-19
35.0504469138, -78.8791026436;"{""type"": ""Point"", ""coordinates"": [-78.87910264357983, 35.05044691383201]}";Black;Fayetteville;Sidewalk / Crosswalk / Driveway Crossing;2;6;Urban (>70% Developed);Male;Unknown;0;#NULL!;0;0;Unknown/Missing;No;0;20-24;Signalized Intersection - Other / Unknown;None;No;No;Dry;0;Urban;Yes;29OCT2012;0;6:01;Unknown;Missing;Commercial;C: Possible Injury;No;Unknown Injury;2599;October;0;Straight - Level;Coastal;With Traffic;Stop And Go Signal;Monday;Intersection;23;0;Two-Way, Not Divided;5 lanes;0;#NULL!;#NULL!;Coarse Asphalt;#NULL!;Four-Way Intersection;Crossing Paths - Other Circumstances;Local Street;C: Possible Injury;Cumberland;Unknown;Clear;#NULL!;16-20 mph;30 - 35  MPH;2012;Dark - Lighted Roadway;Unknown
35.8879671703, -76.6692020138;"{""type"": ""Point"", ""coordinates"": [-76.66920201381056, 35.887967170308485]}";Black;None - Rural Crash;Travel Lane;2;19;Mixed (30% To 70% Developed);Male;Passenger Car;0;#NULL!;0;0;White;No;0;50-59;Bicyclist Right Turn - Same Direction;None;Yes;Yes;Dry;0;Rural;No;01NOV2012;0;19:00;Male;No;Residential;O: No Injury;No;O: No Injury;2589;November;0;Straight - Grade;Coastal;Facing Traffic;Double Yellow Line, No Passing Zone;Thursday;Non-Intersection;57;0;Two-Way, Not Divided;2 lanes;0;#NULL!;#NULL!;Smooth Asphalt;#NULL!;No Special Feature;Bicyclist Right Turn / Merge;State Secondary Route;O: No Injury;Washington;47;Clear;#NULL!;41-45 mph;50 - 55  MPH;2012;Dark - Roadway Not Lighted;40-49
35.6139369777, -80.4946031595;"{""type"": ""Point"", ""coordinates"": [-80.49460315947337, 35.613936977680126]}";White;None - Rural Crash;Travel Lane;2;6;Rural (<30% Developed);Male;Pickup;0;#NULL!;0;0;White;No;0;25-29;Motorist Overtaking - Undetected Bicyclist;None;No;No;Dry;0;Rural;No;30OCT2012;0;6:05;Male;No;Farms, Woods, Pastures;B: Evident Injury;Yes;O: No Injury;2572;October;0;Curve - Level;Piedmont;With Traffic;Double Yellow Line, No Passing Zone;Tuesday;Non-Intersection;25;0;Two-Way, Not Divided;2 lanes;0;#NULL!;#NULL!;Smooth Asphalt;#NULL!;No Special Feature;Motorist Overtaking Bicyclist;State Secondary Route;B: Evident Injury;Rowan;21;Clear;#NULL!;51-55 mph;50 - 55  MPH;2012;Dark - Roadway Not Lighted;20-24
34.2197267647, -77.8847023027;"{""type"": ""Point"", ""coordinates"": [-77.88470230269239, 34.2197267646715]}";Black;Wilmington;Travel Lane;2;11;Urban (>70% Developed);Male;Passenger Car;0;#NULL!;0;0;White;No;0;20-24;Motorist Drive Out - Sign-Controlled Intersection;None;No;No;Dry;0;Urban;No;07OCT2012;0;11:52;Female;No;Commercial;C: Possible Injury;Yes;O: No Injury;2565;October;0;Straight - Level;Coastal;Facing Traffic;Stop Sign;Sunday;Intersection;21;0;Two-Way, Not Divided;2 lanes;0;#NULL!;#NULL!;Coarse Asphalt;#NULL!;No Special Feature;Motorist Failed to Yield - Sign-Controlled Intersection;Public Vehicular Area;C: Possible Injury;New Hanover;31;Clear;#NULL!;0-5 mph;20 - 25  MPH;2012;Daylight;30-39
35.8127270922, -78.4694025591;"{""type"": ""Point"", ""coordinates"": [-78.46940255911024, 35.81272709219102]}";White;Knightdale;Travel Lane;2;19;Urban (>70% Developed);Male;Pickup;0;#NULL!;0;0;Unknown/Missing;No;0;25-29;Motorist Overtaking - Other / Unknown;None;Yes;Yes;Dry;0;Urban;Yes;25OCT2012;0;19:22;Unknown;No;Commercial;C: Possible Injury;Yes;Unknown Injury;2564;October;0;Straight - Level;Piedmont;With Traffic;No Control Present;Thursday;Non-Intersection;27;0;Two-Way, Not Divided;2 lanes;0;#NULL!;#NULL!;Coarse Asphalt;#NULL!;No Special Feature;Motorist Overtaking Bicyclist;Local Street;C: Possible Injury;Wake;Unknown;Clear;#NULL!;31-35 mph;40 - 45  MPH;2012;Dark - Roadway Not Lighted;Unknown
36.3271571978, -78.5991026268;"{""type"": ""Point"", ""coordinates"": [-78.59910262676225, 36.327157197849]}";Black;Oxford;Driveway / Alley;2;15;Mixed (30% To 70% Developed);Male;Passenger Car;0;#NULL!;0;0;Black;No;0;11-15;Bicyclist Ride Out - Commercial Driveway / Alley;None;No;No;Dry;0;Urban;No;01SEP2012;0;15:36;Female;No;Residential;B: Evident Injury;Yes;O: No Injury;2582;September;0;Straight - Level;Piedmont;Not Applicable;No Control Present;Saturday;Non-Intersection;13;0;Two-Way, Not Divided;Unknown;0;#NULL!;#NULL!;Coarse Asphalt;#NULL!;No Special Feature;Bicyclist Failed to Yield - Midblock;Local Street;B: Evident Injury;Granville;22;Clear;#NULL!;16-20 mph;20 - 25  MPH;2012;Daylight;20-24
36.1290670943, -80.2875031257;"{""type"": ""Point"", ""coordinates"": [-80.28750312568712, 36.12906709425181]}";White;Winston-Salem;Travel Lane;2;18;Urban (>70% Developed);Male;Sport Utility;0;#NULL!;0;0;Hispanic;No;0;50-59;Motorist Right Turn - Same Direction;None;No;No;Dry;0;Urban;No;14OCT2012;0;18:30;Female;No;Commercial;C: Possible Injury;No;O: No Injury;2563;October;0;Straight - Grade;Piedmont;With Traffic;Stop And Go Signal;Sunday;Intersection;56;0;Two-Way, Divided, Positive Median Barrier;7 lanes;0;#NULL!;#NULL!;Smooth Asphalt;#NULL!;Four-Way Intersection;Motorist Right Turn / Merge;Local Street;C: Possible Injury;Forsyth;44;Clear;#NULL!;11-15 mph;30 - 35  MPH;2012;Dusk;40-49
36.0652970977, -79.8127029796;"{""type"": ""Point"", ""coordinates"": [-79.81270297955969, 36.06529709773535]}";White;None - Rural Crash;Travel Lane;2;10;Urban (>70% Developed);Male;Passenger Car;0;#NULL!;0;0;White;No;0;20-24;Motorist Right Turn - Same Direction;None;No;No;Dry;0;Rural;No;18OCT2012;0;10:33;Female;No;Institutional;C: Possible Injury;No;O: No Injury;2568;October;0;Straight - Level;Piedmont;With Traffic;Stop Sign;Thursday;Intersection;21;0;Two-Way, Divided, Positive Median Barrier;2 lanes;0;#NULL!;#NULL!;Smooth Asphalt;#NULL!;No Special Feature;Motorist Right Turn / Merge;Local Street;C: Possible Injury;Guilford;19;Clear;#NULL!;21-25 mph;20 - 25  MPH;2012;Daylight;0-19
35.5979268959, -82.55370377;"{""type"": ""Point"", ""coordinates"": [-82.55370377003894, 35.597926895926456]}";White;Asheville;Travel Lane;2;19;Urban (>70% Developed);Male;Passenger Car;0;#NULL!;0;0;White;No;0;20-24;Motorist Left Turn - Opposite Direction;None;No;No;Dry;0;Urban;No;24OCT2012;0;19:17;Female;No;Commercial;C: Possible Injury;Yes;O: No Injury;2607;October;0;Straight - Grade;Mountains;With Traffic;Stop And Go Signal;Wednesday;Intersection;24;0;Two-Way, Not Divided;3 lanes;0;#NULL!;#NULL!;Coarse Asphalt;#NULL!;Four-Way Intersection;Motorist Left Turn / Merge;Local Street;C: Possible Injury;Buncombe;20;Clear;#NULL!;0-5 mph;30 - 35  MPH;2012;Dark - Lighted Roadway;20-24
35.838437093, -78.6129026038;"{""type"": ""Point"", ""coordinates"": [-78.61290260378001, 35.83843709295894]}";White;Raleigh;Non-Roadway;2;15;Urban (>70% Developed);Male;Passenger Car;0;#NULL!;0;0;Black;No;0;25-29;Non-Roadway;None;No;No;Dry;0;Urban;No;19OCT2012;0;15:50;Female;No;Commercial;O: No Injury;No;O: No Injury;2562;October;0;Straight - Grade;Piedmont;Not Applicable;No Control Present;Friday;Non-Roadway;25;0;Two-Way, Not Divided;Unknown;0;#NULL!;#NULL!;Coarse Asphalt;#NULL!;Driveway, Public;Non-Roadway;Public Vehicular Area;O: No Injury;Wake;48;Clear;#NULL!;0-5 mph;5 - 15 MPH;2012;Daylight;40-49
35.5776570798, -77.3628022109;"{""type"": ""Point"", ""coordinates"": [-77.36280221092315, 35.5776570798396]}";White;Greenville;Sidewalk / Crosswalk / Driveway Crossing;2;20;Urban (>70% Developed);Male;Sport Utility;0;#NULL!;0;0;White;No;0;25-29;Motorist Drive Out - Sign-Controlled Intersection;None;No;No;Dry;0;Urban;No;19NOV2012;0;20:08;Female;No;Residential;B: Evident Injury;Yes;O: No Injury;2644;November;0;Straight - Level;Coastal;Facing Traffic;Stop Sign;Monday;Intersection;29;0;Two-Way, Not Divided;7 lanes;0;#NULL!;#NULL!;Coarse Asphalt;#NULL!;T-Intersection;Motorist Failed to Yield - Sign-Controlled Intersection;Local Street;B: Evident Injury;Pitt;33;Clear;#NULL!;0-5 mph;40 - 45  MPH;2012;Dark - Lighted Roadway;30-39
36.242257259, -76.3143019232;"{""type"": ""Point"", ""coordinates"": [-76.31430192321139, 36.242257258955384]}";White;None - Rural Crash;Travel Lane;2;13;Mixed (30% To 70% Developed);Male;Passenger Car;0;#NULL!;0;0;White;No;0;6-10;Bicyclist Right Turn - Same Direction;None;No;No;Dry;0;Rural;No;17NOV2012;0;13:55;Female;No;Residential;C: Possible Injury;No;O: No Injury;2639;November;0;Straight - Level;Coastal;Facing Traffic;Double Yellow Line, No Passing Zone;Saturday;Non-Intersection;7;0;Two-Way, Not Divided;2 lanes;0;#NULL!;#NULL!;Smooth Asphalt;#NULL!;No Special Feature;Bicyclist Right Turn / Merge;State Secondary Route;C: Possible Injury;Pasquotank;18;Clear;#NULL!;31-35 mph;30 - 35  MPH;2012;Daylight;0-19