Geo Point;Geo Shape;BikeRace;City;BikePos;NumUnits;CrashHour;Locality;BikeSex;DrvrVehTyp;NumBikesNo;BikeAlcDrg;NumBikesBI;RteInvdCd;DrvrRace;Workzone;NumBikesCi;BikeAgeGrp;CrashType;RdDefects;CrashAlcoh;BikeAlcoho;RdConditio;DstncMiFrm;RuralUrban;HitRun;CrashDate;NumBikesUI;CrashTime;DrvrSex;DrvrAlcoho;Developmen;CrashSevr;AmbulanceR;DrvrInjury;OBJECTID;CrashMonth;NumBikesKi;RdCharacte;Region;BikeDir;TraffCntrl;CrashDay;CrashLoc;BikeAge;NumBikesTo;RdConfig;NumLanes;NumBikesAI;DrvrAlcDrg;OnRoad;RdSurface;Towrd_Rd;RdFeature;CrashGrp;RdClass;BikeInjury;County;DrvrAge;Weather;FrmRd;DrvrEstSpd;SpeedLimit;CrashYear;LightCond;DrvrAgeGrp
34.6280668308, -78.6079025403;"{""type"": ""Point"", ""coordinates"": [-78.6079025402966, 34.628066830827976]}";White;Elizabethtown;Travel Lane;2;16;Mixed (30% To 70% Developed);Male;Passenger Car;0;#NULL!;0;0;White;No;0;20-24;Bicyclist Ride Through - Signalized Intersection;None;No;No;Dry;0;Rural;No;24OCT2012;0;16:47;Female;No;Commercial;B: Evident Injury;Yes;O: No Injury;2636;October;0;Straight - Level;Coastal;With Traffic;Stop And Go Signal;Wednesday;Intersection;22;0;Two-Way, Not Divided;2 lanes;0;#NULL!;#NULL!;Smooth Asphalt;#NULL!;Four-Way Intersection;Bicyclist Failed to Yield - Signalized Intersection;State Secondary Route;B: Evident Injury;Bladen;16;Clear;#NULL!;11-15 mph;30 - 35  MPH;2012;Daylight;0-19
35.1943468737, -80.873303249;"{""type"": ""Point"", ""coordinates"": [-80.87330324897408, 35.19434687369094]}";White;Charlotte;Sidewalk / Crosswalk / Driveway Crossing;2;16;Urban (>70% Developed);Male;Pickup;0;#NULL!;0;0;White;No;0;25-29;Signalized Intersection - Other / Unknown;None;No;No;Dry;0;Urban;No;23OCT2012;0;16:21;Male;No;Commercial;B: Evident Injury;No;O: No Injury;2622;October;0;Curve - Level;Piedmont;Facing Traffic;Stop And Go Signal;Tuesday;Intersection;26;0;Two-Way, Divided, Positive Median Barrier;6 lanes;0;#NULL!;#NULL!;Coarse Asphalt;#NULL!;T-Intersection;Crossing Paths - Other Circumstances;Local Street;B: Evident Injury;Mecklenburg;58;Clear;#NULL!;0-5 mph;30 - 35  MPH;2012;Daylight;50-59
35.5910770822, -77.3783022164;"{""type"": ""Point"", ""coordinates"": [-77.37830221639608, 35.59107708215122]}";White;Greenville;Sidewalk / Crosswalk / Driveway Crossing;2;9;Urban (>70% Developed);Male;Passenger Car;0;#NULL!;0;0;White;No;0;50-59;Signalized Intersection - Other / Unknown;None;No;No;Dry;0;Urban;No;10NOV2012;0;9:56;Female;No;Commercial;O: No Injury;No;O: No Injury;2618;November;0;Straight - Level;Coastal;Facing Traffic;No Control Present;Saturday;Intersection;50;0;Two-Way, Divided, Unprotected Median;5 lanes;0;#NULL!;#NULL!;Smooth Asphalt;#NULL!;No Special Feature;Crossing Paths - Other Circumstances;Local Street;O: No Injury;Pitt;20;Clear;#NULL!;0-5 mph;40 - 45  MPH;2012;Daylight;20-24
36.0652770979, -79.8128029789;"{""type"": ""Point"", ""coordinates"": [-79.81280297894706, 36.065277097866264]}";Black;Greensboro;Bike Lane / Paved Shoulder;2;15;Urban (>70% Developed);Male;Passenger Car;0;#NULL!;0;0;White;No;0;50-59;Motorist Right Turn - Same Direction;None;No;No;Dry;0;Urban;No;02NOV2012;0;15:28;Male;No;Institutional;C: Possible Injury;Yes;O: No Injury;2619;November;0;Straight - Level;Piedmont;With Traffic;Stop And Go Signal;Friday;Intersection;52;0;Two-Way, Divided, Unprotected Median;2 lanes;0;#NULL!;#NULL!;Smooth Asphalt;#NULL!;Four-Way Intersection;Motorist Right Turn / Merge;Local Street;C: Possible Injury;Guilford;23;Clear;#NULL!;6-10 mph;20 - 25  MPH;2012;Daylight;20-24
36.0724371008, -79.7914029732;"{""type"": ""Point"", ""coordinates"": [-79.79140297323954, 36.072437100765384]}";Black;Greensboro;Travel Lane;3;13;Urban (>70% Developed);Male;Passenger Car;0;#NULL!;0;0;Other;No;0;60-69;Motorist Lost Control - Other / Unknown;None;No;No;Dry;0;Urban;No;16NOV2012;0;13:46;Female;No;Commercial;C: Possible Injury;Yes;C: Possible Injury;2633;November;0;Straight - Level;Piedmont;With Traffic;Stop And Go Signal;Friday;Intersection-Related;63;0;One-Way, Not Divided;4 lanes;0;#NULL!;#NULL!;Smooth Asphalt;#NULL!;No Special Feature;Loss of Control / Turning Error;Local Street;O: No Injury;Guilford;44;Clear;#NULL!;31-35 mph;30 - 35  MPH;2012;Daylight;40-49
35.4340569342, -80.6328031904;"{""type"": ""Point"", ""coordinates"": [-80.63280319035069, 35.434056934236935]}";Black;Concord;Travel Lane;2;15;Urban (>70% Developed);Male;Passenger Car;0;#NULL!;0;0;White;No;0;16-19;Bicyclist Left Turn - Same Direction;None;No;No;Dry;0;Urban;No;03NOV2012;0;15:25;Female;No;Residential;C: Possible Injury;No;O: No Injury;2626;November;0;Straight - Level;Piedmont;With Traffic;No Control Present;Saturday;Non-Intersection;16;0;Two-Way, Divided, Unprotected Median;2 lanes;0;#NULL!;#NULL!;Smooth Asphalt;#NULL!;No Special Feature;Bicyclist Left Turn / Merge;NC Route;C: Possible Injury;Cabarrus;25;Clear;#NULL!;41-45 mph;40 - 45  MPH;2012;Daylight;25-29
35.262266877, -81.1957033489;"{""type"": ""Point"", ""coordinates"": [-81.19570334894226, 35.262266877022434]}";Black;Gastonia;Sidewalk / Crosswalk / Driveway Crossing;2;19;Urban (>70% Developed);Male;Passenger Car;0;#NULL!;0;0;White;No;0;11-15;Motorist Left Turn - Same Direction;None;Yes;No;Dry;0;Urban;No;20OCT2012;0;19:35;Female;Yes;Commercial;B: Evident Injury;Yes;O: No Injury;2643;October;0;Straight - Level;Piedmont;Facing Traffic;Stop Sign;Saturday;Intersection;12;0;Two-Way, Not Divided;2 lanes;0;#NULL!;#NULL!;Smooth Asphalt;#NULL!;T-Intersection;Motorist Left Turn / Merge;Local Street;B: Evident Injury;Gaston;35;Clear;#NULL!;16-20 mph;30 - 35  MPH;2012;Dusk;30-39
35.910947092, -79.0670027453;"{""type"": ""Point"", ""coordinates"": [-79.06700274526088, 35.91094709203775]}";White;Carrboro;Travel Lane;2;15;Urban (>70% Developed);Male;Pickup;0;#NULL!;0;0;Black;No;0;50-59;Motorist Overtaking - Bicyclist Swerved;None;No;No;Dry;0;Urban;No;04NOV2012;0;15:29;Male;No;Commercial;B: Evident Injury;Yes;O: No Injury;2623;November;0;Straight - Level;Piedmont;With Traffic;Stop And Go Signal;Sunday;Intersection-Related;57;0;Two-Way, Not Divided;Unknown;0;#NULL!;#NULL!;Coarse Asphalt;#NULL!;No Special Feature;Motorist Overtaking Bicyclist;Local Street;B: Evident Injury;Orange;58;Clear;#NULL!;11-15 mph;20 - 25  MPH;2012;Daylight;50-59
35.2183768804, -80.8538032449;"{""type"": ""Point"", ""coordinates"": [-80.85380324494469, 35.218376880354455]}";Black;Charlotte;Sidewalk / Crosswalk / Driveway Crossing;2;10;Urban (>70% Developed);Male;Unknown;0;#NULL!;0;0;Unknown/Missing;No;0;40-49;Motorist Drive Out - Sign-Controlled Intersection;None;No;No;Dry;0;Urban;Yes;07FEB2011;0;10:26;Unknown;Missing;Commercial;C: Possible Injury;No;Unknown Injury;2810;February;0;Straight - Level;Piedmont;With Traffic;Stop Sign;Monday;Intersection;44;0;Two-Way, Not Divided;2 lanes;0;#NULL!;#NULL!;Smooth Asphalt;#NULL!;Four-Way Intersection;Motorist Failed to Yield - Sign-Controlled Intersection;Local Street;C: Possible Injury;Mecklenburg;Unknown;Cloudy;#NULL!;0-5 mph;30 - 35  MPH;2011;Daylight;Unknown
36.0515070934, -79.847902989;"{""type"": ""Point"", ""coordinates"": [-79.84790298896844, 36.05150709342165]}";Black;Greensboro;Travel Lane;2;17;Urban (>70% Developed);Female;Passenger Car;0;#NULL!;0;0;White;No;0;6-10;Bicyclist Ride Through - Sign-Controlled Intersection;None;No;No;Dry;0;Urban;No;23FEB2011;0;17:39;Male;No;Residential;C: Possible Injury;Yes;O: No Injury;2828;February;0;Straight - Level;Piedmont;With Traffic;Stop Sign;Wednesday;Intersection;8;0;Two-Way, Not Divided;2 lanes;0;#NULL!;#NULL!;Smooth Asphalt;#NULL!;Four-Way Intersection;Bicyclist Failed to Yield - Sign-Controlled Intersection;Local Street;C: Possible Injury;Guilford;26;Clear;#NULL!;26-30 mph;20 - 25  MPH;2011;Daylight;25-29
36.4072471873, -79.3436028565;"{""type"": ""Point"", ""coordinates"": [-79.34360285646112, 36.40724718730566]}";Black;Yanceyville;Travel Lane;2;16;Urban (>70% Developed);Male;Passenger Car;0;#NULL!;0;0;Black;No;0;6-10;Bicyclist Ride Through - Sign-Controlled Intersection;None;No;No;Dry;0;Rural;No;13FEB2011;0;16:29;Female;No;Residential;B: Evident Injury;Yes;O: No Injury;2801;February;0;Straight - Level;Piedmont;With Traffic;No Control Present;Sunday;Intersection;7;0;Two-Way, Not Divided;2 lanes;0;#NULL!;#NULL!;Coarse Asphalt;#NULL!;T-Intersection;Bicyclist Failed to Yield - Sign-Controlled Intersection;Local Street;B: Evident Injury;Caswell;24;Clear;#NULL!;31-35 mph;30 - 35  MPH;2011;Daylight;20-24
35.6298469801, -80.522403168;"{""type"": ""Point"", ""coordinates"": [-80.52240316801615, 35.629846980089205]}";White;Salisbury;Travel Lane;2;19;Urban (>70% Developed);Male;Pickup;0;#NULL!;0;0;White;No;0;20-24;Motorist Overtaking - Undetected Bicyclist;None;No;No;Dry;0;Urban;No;15FEB2011;0;19:25;Male;No;Residential;A: Disabling Injury;Yes;O: No Injury;2822;February;0;Straight - Level;Piedmont;With Traffic;No Control Present;Tuesday;Non-Intersection;23;0;Two-Way, Not Divided;5 lanes;0;#NULL!;#NULL!;Coarse Asphalt;#NULL!;No Special Feature;Motorist Overtaking Bicyclist;Local Street;A: Disabling Injury;Rowan;32;Clear;#NULL!;51-55 mph;50 - 55  MPH;2011;Dark - Roadway Not Lighted;30-39
35.2270968819, -80.8431032414;"{""type"": ""Point"", ""coordinates"": [-80.84310324139133, 35.22709688189618]}";Hispanic;Charlotte;Travel Lane;2;10;Urban (>70% Developed);Male;Light Truck (Mini-Van, Panel);0;#NULL!;0;0;Black;No;0;25-29;Motorist Left Turn - Opposite Direction;None;No;No;Dry;0;Urban;No;19FEB2011;0;10:44;Male;No;Residential;C: Possible Injury;No;O: No Injury;2825;February;0;Straight - Bottom;Piedmont;With Traffic;Stop Sign;Saturday;Intersection;28;0;Two-Way, Not Divided;4 lanes;0;#NULL!;#NULL!;Coarse Asphalt;#NULL!;No Special Feature;Motorist Left Turn / Merge;Local Street;C: Possible Injury;Mecklenburg;55;Clear;#NULL!;31-35 mph;30 - 35  MPH;2011;Dawn;50-59
36.0630670982, -79.8091029777;"{""type"": ""Point"", ""coordinates"": [-79.80910297768116, 36.06306709817853]}";White;Greensboro;Travel Lane;2;16;Urban (>70% Developed);Male;Pickup;0;#NULL!;0;0;White;No;0;40-49;Bicyclist Lost Control - Mechanical Problems;None;No;No;Dry;0;Urban;No;10FEB2011;0;16:02;Male;No;Commercial;C: Possible Injury;Yes;O: No Injury;2813;February;0;Straight - Level;Piedmont;Facing Traffic;No Control Present;Thursday;Intersection;45;0;Two-Way, Not Divided;6 lanes;0;#NULL!;#NULL!;Smooth Asphalt;#NULL!;Related To Intersection;Loss of Control / Turning Error;Local Street;C: Possible Injury;Guilford;38;Clear;#NULL!;0-5 mph;30 - 35  MPH;2011;Daylight;30-39
35.5963968961, -82.5488037689;"{""type"": ""Point"", ""coordinates"": [-82.54880376888536, 35.59639689607811]}";White;Asheville;Travel Lane;2;12;Urban (>70% Developed);Male;Passenger Car;0;#NULL!;0;0;Other;No;0;30-39;Bicyclist Overtaking - Passing on Right;None;No;No;Dry;0;Urban;No;16FEB2011;0;12:15;Male;No;Institutional;C: Possible Injury;No;O: No Injury;2833;February;0;Straight - Level;Mountains;With Traffic;No Control Present;Wednesday;Non-Intersection;36;0;Two-Way, Not Divided;2 lanes;0;#NULL!;#NULL!;Smooth Asphalt;#NULL!;Driveway, Public;Bicyclist Overtaking Motorist;Local Street;C: Possible Injury;Buncombe;19;Clear;#NULL!;0-5 mph;30 - 35  MPH;2011;Daylight;0-19
34.241786769, -77.8948023067;"{""type"": ""Point"", ""coordinates"": [-77.89480230674282, 34.24178676897987]}";White;Wilmington;Sidewalk / Crosswalk / Driveway Crossing;2;17;Urban (>70% Developed);Male;Single Unit Truck (2-Axle, 6-Tire);0;#NULL!;0;0;White;No;0;20-24;Motorist Drive Out - Commercial Driveway / Alley;None;No;No;Dry;0;Urban;No;27JAN2011;0;17:58;Male;No;Commercial;B: Evident Injury;Yes;O: No Injury;2799;January;0;Straight - Level;Coastal;Facing Traffic;No Control Present;Thursday;Non-Intersection;23;0;Two-Way, Not Divided;Unknown;0;#NULL!;#NULL!;Coarse Asphalt;#NULL!;No Special Feature;Motorist Failed to Yield - Midblock;Public Vehicular Area;B: Evident Injury;New Hanover;44;Clear;#NULL!;0-5 mph;5 - 15 MPH;2011;Dark - Lighted Roadway;40-49
36.1172570927, -80.246303113;"{""type"": ""Point"", ""coordinates"": [-80.24630311303406, 36.117257092724]}";Black;Winston-Salem;Travel Lane;3;23;Urban (>70% Developed);Male;Single Unit Truck (3 Or More Axles);0;#NULL!;0;0;Unknown/Missing;No;0;40-49;Bicyclist Overtaking - Parked Vehicle;None;Yes;Yes;Dry;0;Urban;No;15JAN2011;0;23:27;Unknown;Missing;Residential;B: Evident Injury;No;Unknown Injury;2795;January;0;Straight - Grade;Piedmont;With Traffic;No Control Present;Saturday;Non-Intersection;49;0;Two-Way, Not Divided;2 lanes;0;#NULL!;#NULL!;Smooth Asphalt;#NULL!;No Special Feature;Bicyclist Overtaking Motorist;Local Street;B: Evident Injury;Forsyth;Unknown;Clear;#NULL!;11-15 mph;30 - 35  MPH;2011;Dark - Unknown Lighting;Unknown
35.31690701, -77.7647023201;"{""type"": ""Point"", ""coordinates"": [-77.76470232014933, 35.31690701004345]}";White;None - Rural Crash;Driveway / Alley;2;16;Rural (<30% Developed);Male;Unknown;0;#NULL!;0;0;Unknown/Missing;No;0;11-15;Bicyclist Ride Out - Residential Driveway;None;No;No;Dry;0;Rural;Yes;21JAN2011;0;16:00;Unknown;No;Residential;B: Evident Injury;Yes;Unknown Injury;2779;January;0;Straight - Level;Coastal;Not Applicable;Double Yellow Line, No Passing Zone;Friday;Non-Intersection;12;0;Two-Way, Not Divided;2 lanes;0;#NULL!;#NULL!;Coarse Asphalt;#NULL!;No Special Feature;Bicyclist Failed to Yield - Midblock;State Secondary Route;B: Evident Injury;Lenoir;Unknown;Clear;#NULL!;41-45 mph;50 - 55  MPH;2011;Daylight;Unknown
36.3921971994, -78.9370027329;"{""type"": ""Point"", ""coordinates"": [-78.93700273293481, 36.39219719936395]}";White;None - Rural Crash;Travel Lane;2;18;Rural (<30% Developed);Female;Van;0;#NULL!;0;0;White;No;0;40-49;Motorist Overtaking - Undetected Bicyclist;None;No;No;Dry;0;Rural;No;03JAN2011;0;18:56;Female;No;Farms, Woods, Pastures;C: Possible Injury;Yes;O: No Injury;2768;January;0;Straight - Level;Piedmont;With Traffic;Double Yellow Line, No Passing Zone;Monday;Intersection-Related;42;0;Two-Way, Not Divided;2 lanes;0;#NULL!;#NULL!;Smooth Asphalt;#NULL!;No Special Feature;Motorist Overtaking Bicyclist;State Secondary Route;C: Possible Injury;Person;40;Clear;#NULL!;46-50 mph;50 - 55  MPH;2011;Dark - Roadway Not Lighted;40-49
35.9050570902, -79.0883027513;"{""type"": ""Point"", ""coordinates"": [-79.08830275129664, 35.90505709021945]}";White;Carrboro;Travel Lane;2;17;Urban (>70% Developed);Female;Unknown;0;#NULL!;0;0;Unknown/Missing;No;0;20-24;Motorist Turn / Merge - Other / Unknown;None;No;No;Dry;0;Urban;Yes;10DEC2012;0;17:13;Unknown;Missing;Commercial;B: Evident Injury;Yes;Unknown Injury;2762;December;0;Straight - Bottom;Piedmont;With Traffic;Stop And Go Signal;Monday;Non-Intersection;24;0;Two-Way, Divided, Positive Median Barrier;4 lanes;0;#NULL!;#NULL!;Smooth Asphalt;#NULL!;Four-Way Intersection;Parallel Paths - Other Circumstances;Local Street;B: Evident Injury;Orange;Unknown;Clear;#NULL!;6-10 mph;30 - 35  MPH;2012;Dusk;Unknown
35.2059068747, -80.9223032645;"{""type"": ""Point"", ""coordinates"": [-80.9223032645227, 35.205906874724796]}";White;Charlotte;Travel Lane;2;17;Urban (>70% Developed);Male;Light Truck (Mini-Van, Panel);0;#NULL!;0;0;Black;No;0;30-39;Motorist Left Turn - Opposite Direction;None;No;Missing;Dry;0;Urban;No;20MAY2012;0;17:19;Female;No;Commercial;B: Evident Injury;Yes;O: No Injury;2765;May;0;Straight - Level;Piedmont;With Traffic;Stop And Go Signal;Sunday;Intersection-Related;30;0;Two-Way, Divided, Unprotected Median;4 lanes;0;#NULL!;#NULL!;Smooth Asphalt;#NULL!;Four-Way Intersection;Motorist Left Turn / Merge;Local Street;B: Evident Injury;Mecklenburg;56;Clear;#NULL!;16-20 mph;40 - 45  MPH;2012;Daylight;50-59
36.2269772398, -76.7707020628;"{""type"": ""Point"", ""coordinates"": [-76.77070206283625, 36.226977239817806]}";Black;None - Rural Crash;Driveway / Alley;2;18;Rural (<30% Developed);Female;Pickup;0;#NULL!;0;0;White;No;0;25-29;Bicyclist Ride Out - Residential Driveway;None;Yes;Yes;Dry;0;Rural;No;30JAN2011;0;18:36;Male;No;Farms, Woods, Pastures;K: Killed;Yes;O: No Injury;2794;January;0;Straight - Level;Coastal;Not Applicable;No Control Present;Sunday;Non-Intersection;28;0;Two-Way, Not Divided;2 lanes;0;#NULL!;#NULL!;Smooth Asphalt;#NULL!;Driveway, Private;Bicyclist Failed to Yield - Midblock;NC Route;K: Killed;Bertie;33;Clear;#NULL!;51-55 mph;50 - 55  MPH;2011;Dark - Roadway Not Lighted;30-39
35.780997079, -78.655802614;"{""type"": ""Point"", ""coordinates"": [-78.6558026139686, 35.780997079003726]}";White;Raleigh;Non-Roadway;2;16;Urban (>70% Developed);Female;Passenger Car;0;#NULL!;0;0;Black;No;0;25-29;Bicyclist Ride Out - Commercial Driveway / Alley;None;Yes;Yes;Dry;0;Urban;No;15JAN2011;0;16:00;Male;No;Industrial;O: No Injury;No;O: No Injury;2800;January;0;Straight - Grade;Piedmont;Not Applicable;No Control Present;Saturday;Non-Intersection;25;0;Two-Way, Not Divided;2 lanes;0;#NULL!;#NULL!;Smooth Asphalt;#NULL!;No Special Feature;Bicyclist Failed to Yield - Midblock;Local Street;O: No Injury;Wake;34;Clear;#NULL!;11-15 mph;30 - 35  MPH;2011;Daylight;30-39
35.3040169781, -78.6202025787;"{""type"": ""Point"", ""coordinates"": [-78.6202025786809, 35.3040169780957]}";Black;Dunn;Travel Lane;2;6;Urban (>70% Developed);Male;Passenger Car;0;#NULL!;0;0;Black;No;0;11-15;Motorist Overtaking - Other / Unknown;None;No;No;Dry;0;Urban;No;12OCT2012;0;6:48;Female;No;Residential;B: Evident Injury;Yes;O: No Injury;2767;October;0;Straight - Level;Coastal;With Traffic;No Control Present;Friday;Non-Intersection;12;0;Two-Way, Not Divided;2 lanes;0;#NULL!;#NULL!;Coarse Asphalt;#NULL!;No Special Feature;Motorist Overtaking Bicyclist;Local Street;B: Evident Injury;Harnett;36;Clear;#NULL!;31-35 mph;30 - 35  MPH;2012;Dark - Roadway Not Lighted;30-39
35.6731570144, -79.8204029604;"{""type"": ""Point"", ""coordinates"": [-79.82040296040924, 35.673157014425456]}";White;None - Rural Crash;Travel Lane;2;7;Urban (>70% Developed);Male;Passenger Car;0;#NULL!;0;0;White;No;0;40-49;Motorist Drive Out - Other Midblock;None;No;No;Dry;0;Rural;No;07JAN2011;0;7:40;Female;No;Commercial;C: Possible Injury;Yes;O: No Injury;2772;January;0;Straight - Level;Piedmont;With Traffic;No Control Present;Friday;Non-Intersection;44;0;Two-Way, Not Divided;3 lanes;0;#NULL!;#NULL!;Smooth Asphalt;#NULL!;Driveway, Public;Motorist Failed to Yield - Midblock;US Route;C: Possible Injury;Randolph;25;Clear;#NULL!;0-5 mph;40 - 45  MPH;2011;Daylight;25-29
36.1962371548, -79.0098027433;"{""type"": ""Point"", ""coordinates"": [-79.00980274327351, 36.196237154786445]}";White;None - Rural Crash;Travel Lane;2;17;Rural (<30% Developed);Male;Pickup;0;#NULL!;0;0;White;No;0;50-59;Motorist Overtaking - Other / Unknown;None;No;No;Wet;0;Rural;No;12DEC2012;0;17:40;Male;No;Farms, Woods, Pastures;A: Disabling Injury;Yes;O: No Injury;2709;December;0;Straight - Level;Piedmont;With Traffic;Double Yellow Line, No Passing Zone;Wednesday;Non-Intersection;53;0;Two-Way, Not Divided;2 lanes;0;#NULL!;#NULL!;Smooth Asphalt;#NULL!;No Special Feature;Motorist Overtaking Bicyclist;NC Route;A: Disabling Injury;Orange;67;Cloudy;#NULL!;51-55 mph;50 - 55  MPH;2012;Dark - Roadway Not Lighted;60-69
34.6142468144, -79.0184026637;"{""type"": ""Point"", ""coordinates"": [-79.01840266370252, 34.61424681436245]}";Black;Lumberton;Travel Lane;2;19;Urban (>70% Developed);Male;Unknown;0;#NULL!;0;0;Unknown/Missing;No;0;40-49;Motorist Drive Out - Right Turn on Red;None;No;No;Wet;0;Urban;Yes;27NOV2012;0;19:46;Unknown;Missing;Commercial;B: Evident Injury;Yes;Unknown Injury;2706;November;0;Straight - Level;Coastal;Facing Traffic;Stop And Go Signal;Tuesday;Intersection;49;0;Two-Way, Not Divided;2 lanes;0;#NULL!;#NULL!;Coarse Asphalt;#NULL!;T-Intersection;Motorist Failed to Yield - Signalized Intersection;Local Street;B: Evident Injury;Robeson;Unknown;Cloudy;#NULL!;31-35 mph;30 - 35  MPH;2012;Dark - Lighted Roadway;Unknown
35.6459269728, -80.8092032551;"{""type"": ""Point"", ""coordinates"": [-80.80920325505232, 35.64592697283204]}";White;None - Rural Crash;Travel Lane;2;16;Mixed (30% To 70% Developed);Male;Passenger Car;0;#NULL!;0;0;White;No;0;40-49;Motorist Overtaking - Other / Unknown;None;No;No;Wet;0;Rural;No;10DEC2012;0;16:50;Female;No;Residential;B: Evident Injury;Yes;O: No Injury;2701;December;0;Straight - Level;Piedmont;With Traffic;Double Yellow Line, No Passing Zone;Monday;Non-Intersection;42;0;Two-Way, Not Divided;2 lanes;0;#NULL!;#NULL!;Smooth Asphalt;#NULL!;No Special Feature;Motorist Overtaking Bicyclist;State Secondary Route;B: Evident Injury;Iredell;20;Rain;#NULL!;41-45 mph;50 - 55  MPH;2012;Daylight;20-24
35.2038268806, -80.7533032134;"{""type"": ""Point"", ""coordinates"": [-80.75330321340822, 35.203826880611]}";Black;Charlotte;Sidewalk / Crosswalk / Driveway Crossing;2;16;Urban (>70% Developed);Female;Sport Utility;0;#NULL!;0;0;Black;No;0;25-29;Motorist Drive Out - Commercial Driveway / Alley;None;No;No;Dry;0;Urban;No;29DEC2012;0;16:04;Female;No;Commercial;B: Evident Injury;Yes;O: No Injury;2740;December;0;Straight - Level;Piedmont;Facing Traffic;Stop Sign;Saturday;Non-Intersection;25;0;Two-Way, Not Divided;2 lanes;0;#NULL!;#NULL!;Smooth Asphalt;#NULL!;No Special Feature;Motorist Failed to Yield - Midblock;Local Street;B: Evident Injury;Mecklenburg;30;Cloudy;#NULL!;0-5 mph;5 - 15 MPH;2012;Daylight;30-39
35.6558069041, -82.657803804;"{""type"": ""Point"", ""coordinates"": [-82.65780380397004, 35.655806904100494]}";White;None - Rural Crash;Travel Lane;2;14;Rural (<30% Developed);Male;Passenger Car;0;#NULL!;0;0;White;No;0;40-49;Motorist Overtaking - Other / Unknown;None;No;No;Dry;0;Rural;No;04DEC2012;0;14:36;Female;No;Residential;C: Possible Injury;Yes;O: No Injury;2700;December;0;Curve - Grade;Mountains;With Traffic;Double Yellow Line, No Passing Zone;Tuesday;Non-Intersection;49;0;Two-Way, Not Divided;2 lanes;0;#NULL!;#NULL!;Smooth Asphalt;#NULL!;No Special Feature;Motorist Overtaking Bicyclist;State Secondary Route;C: Possible Injury;Buncombe;59;Clear;#NULL!;51-55 mph;50 - 55  MPH;2012;Daylight;50-59
35.0894668518, -80.8706032427;"{""type"": ""Point"", ""coordinates"": [-80.8706032426598, 35.08946685181401]}";Black;Pineville;Travel Lane;2;20;Urban (>70% Developed);Male;Passenger Car;0;#NULL!;0;0;White;No;0;16-19;Motorist Drive Out - Right Turn on Red;None;No;No;Wet;0;Rural;No;20DEC2012;0;20:09;Female;No;Commercial;C: Possible Injury;No;O: No Injury;2753;December;0;Straight - Level;Piedmont;Facing Traffic;Stop And Go Signal;Thursday;Intersection;19;0;Two-Way, Not Divided;6 lanes;0;#NULL!;#NULL!;Smooth Asphalt;#NULL!;Four-Way Intersection;Motorist Failed to Yield - Signalized Intersection;Local Street;C: Possible Injury;Mecklenburg;24;Rain;#NULL!;0-5 mph;30 - 35  MPH;2012;Dark - Lighted Roadway;20-24
35.2599168875, -80.8978032596;"{""type"": ""Point"", ""coordinates"": [-80.89780325956946, 35.2599168874644]}";Black;Charlotte;Travel Lane;2;18;Urban (>70% Developed);Male;Unknown;0;#NULL!;0;0;Unknown/Missing;No;0;20-24;Bicyclist Left Turn - Same Direction;None;Yes;Yes;Dry;0;Urban;Yes;14DEC2012;0;18:53;Unknown;Missing;Residential;C: Possible Injury;Yes;Unknown Injury;2712;December;0;Straight - Level;Piedmont;With Traffic;No Control Present;Friday;Non-Intersection;23;0;Two-Way, Not Divided;2 lanes;0;#NULL!;#NULL!;Smooth Asphalt;#NULL!;No Special Feature;Bicyclist Left Turn / Merge;Local Street;C: Possible Injury;Mecklenburg;Unknown;Clear;#NULL!;6-10 mph;30 - 35  MPH;2012;Dark - Lighted Roadway;Unknown
35.2935468689, -81.5983034706;"{""type"": ""Point"", ""coordinates"": [-81.59830347056885, 35.29354686885352]}";Unknown/Missing;Shelby;Travel Lane;2;16;Mixed (30% To 70% Developed);Unknown;Sport Utility;0;#NULL!;0;0;White;No;0;Unknown;Motorist Left Turn - Opposite Direction;None;No;No;Dry;0;Urban;No;16NOV2012;0;16:03;Male;No;Commercial;O: No Injury;No;O: No Injury;2695;November;0;Straight - Level;Mountains;With Traffic;Stop And Go Signal;Friday;Intersection;Unknown;0;Two-Way, Divided, Positive Median Barrier;3 lanes;0;#NULL!;#NULL!;Smooth Asphalt;#NULL!;Four-Way Intersection;Motorist Left Turn / Merge;US Route;Unknown Injury;Cleveland;43;Clear;#NULL!;6-10 mph;40 - 45  MPH;2012;Daylight;40-49