Geo Point;Geo Shape;BikeRace;City;BikePos;NumUnits;CrashHour;Locality;BikeSex;DrvrVehTyp;NumBikesNo;BikeAlcDrg;NumBikesBI;RteInvdCd;DrvrRace;Workzone;NumBikesCi;BikeAgeGrp;CrashType;RdDefects;CrashAlcoh;BikeAlcoho;RdConditio;DstncMiFrm;RuralUrban;HitRun;CrashDate;NumBikesUI;CrashTime;DrvrSex;DrvrAlcoho;Developmen;CrashSevr;AmbulanceR;DrvrInjury;OBJECTID;CrashMonth;NumBikesKi;RdCharacte;Region;BikeDir;TraffCntrl;CrashDay;CrashLoc;BikeAge;NumBikesTo;RdConfig;NumLanes;NumBikesAI;DrvrAlcDrg;OnRoad;RdSurface;Towrd_Rd;RdFeature;CrashGrp;RdClass;BikeInjury;County;DrvrAge;Weather;FrmRd;DrvrEstSpd;SpeedLimit;CrashYear;LightCond;DrvrAgeGrp
35.1129669884, -77.0681020981;"{""type"": ""Point"", ""coordinates"": [-77.06810209811492, 35.11296698843004]}";Black;New Bern;Travel Lane;2;12;Urban (>70% Developed);Male;Passenger Car;0;#NULL!;0;0;White;No;0;60-69;Motorist Drive Out - Sign-Controlled Intersection;None;No;No;Dry;0;Urban;No;24MAY2012;0;12:44;Female;No;Commercial;C: Possible Injury;No;O: No Injury;2758;May;0;Straight - Level;Coastal;Facing Traffic;Stop Sign;Thursday;Intersection;67;0;Two-Way, Not Divided;4 lanes;0;#NULL!;#NULL!;Smooth Asphalt;#NULL!;T-Intersection;Motorist Failed to Yield - Sign-Controlled Intersection;Local Street;C: Possible Injury;Craven;70+;Clear;#NULL!;0-5 mph;30 - 35  MPH;2012;Daylight;70+
35.9558571455, -77.8214023692;"{""type"": ""Point"", ""coordinates"": [-77.82140236917249, 35.95585714553528]}";Black;Rocky Mount;Non-Roadway;2;12;Urban (>70% Developed);Male;Passenger Car;0;#NULL!;0;0;Black;No;0;11-15;Bicyclist Ride Out - Commercial Driveway / Alley;None;No;No;Dry;0;Urban;No;27DEC2012;0;12:27;Female;No;Commercial;O: No Injury;No;O: No Injury;2756;December;0;Straight - Level;Coastal;Not Applicable;No Control Present;Thursday;Non-Intersection;14;0;Two-Way, Not Divided;4 lanes;0;#NULL!;#NULL!;Smooth Asphalt;#NULL!;No Special Feature;Bicyclist Failed to Yield - Midblock;Local Street;O: No Injury;Nash;62;Clear;#NULL!;16-20 mph;30 - 35  MPH;2012;Daylight;60-69
36.0393870935, -79.7991029732;"{""type"": ""Point"", ""coordinates"": [-79.79910297318939, 36.03938709354729]}";Unknown/Missing;Greensboro;Sidewalk / Crosswalk / Driveway Crossing;2;15;Urban (>70% Developed);Unknown;Passenger Car;0;#NULL!;0;0;Black;No;0;Unknown;Motorist Drive Out - Commercial Driveway / Alley;None;No;Missing;Dry;0;Urban;Yes;20JUN2012;0;15:46;Male;No;Commercial;O: No Injury;Yes;O: No Injury;2656;June;0;Straight - Level;Piedmont;Facing Traffic;No Control Present;Wednesday;Non-Intersection;Unknown;0;Two-Way, Not Divided;3 lanes;0;#NULL!;#NULL!;Coarse Asphalt;#NULL!;Driveway, Public;Motorist Failed to Yield - Midblock;Local Street;Unknown Injury;Guilford;51;Clear;#NULL!;0-5 mph;5 - 15 MPH;2012;Daylight;50-59
35.3823269215, -80.6848032034;"{""type"": ""Point"", ""coordinates"": [-80.68480320338695, 35.382326921545456]}";Hispanic;Concord;Travel Lane;2;17;Urban (>70% Developed);Male;Single Unit Truck (2-Axle, 6-Tire);0;#NULL!;0;0;White;No;0;16-19;Motorist Overtaking - Undetected Bicyclist;None;No;No;Dry;0;Urban;No;12NOV2012;0;17:40;Male;No;Residential;C: Possible Injury;Yes;O: No Injury;2676;November;0;Straight - Level;Piedmont;With Traffic;No Control Present;Monday;Non-Intersection;18;0;Two-Way, Divided, Unprotected Median;2 lanes;0;#NULL!;#NULL!;Smooth Asphalt;#NULL!;No Special Feature;Motorist Overtaking Bicyclist;Local Street;C: Possible Injury;Cabarrus;38;Clear;#NULL!;41-45 mph;40 - 45  MPH;2012;Dark - Lighted Roadway;30-39
35.5769368895, -82.6116037866;"{""type"": ""Point"", ""coordinates"": [-82.61160378655073, 35.57693688948024]}";White;Asheville;Sidewalk / Crosswalk / Driveway Crossing;2;13;Urban (>70% Developed);Male;Passenger Car;0;#NULL!;0;0;White;No;0;50-59;Motorist Drive Out - Sign-Controlled Intersection;None;No;No;Dry;0;Urban;No;10NOV2012;0;13:11;Female;No;Commercial;B: Evident Injury;No;O: No Injury;2687;November;0;Straight - Grade;Mountains;Facing Traffic;Stop Sign;Saturday;Intersection;53;0;Two-Way, Divided, Unprotected Median;4 lanes;0;#NULL!;#NULL!;Smooth Asphalt;#NULL!;T-Intersection;Motorist Failed to Yield - Sign-Controlled Intersection;US Route;B: Evident Injury;Buncombe;44;Clear;#NULL!;Unknown;40 - 45  MPH;2012;Daylight;40-49
35.8903470926, -78.9433027068;"{""type"": ""Point"", ""coordinates"": [-78.94330270677631, 35.89034709257641]}";Black;Durham;Travel Lane;2;22;Urban (>70% Developed);Male;Passenger Car;0;#NULL!;0;0;White;No;0;20-24;Motorist Drive Out - Sign-Controlled Intersection;None;No;No;Wet;0;Urban;No;27NOV2012;0;22:39;Male;No;Residential;B: Evident Injury;Yes;O: No Injury;2662;November;0;Straight - Level;Piedmont;With Traffic;Stop Sign;Tuesday;Intersection;23;0;Two-Way, Not Divided;2 lanes;0;#NULL!;#NULL!;Smooth Asphalt;#NULL!;No Special Feature;Motorist Failed to Yield - Sign-Controlled Intersection;Local Street;B: Evident Injury;Durham;48;Clear;#NULL!;0-5 mph;30 - 35  MPH;2012;Dark - Roadway Not Lighted;40-49
35.6131070868, -77.3827022181;"{""type"": ""Point"", ""coordinates"": [-77.38270221810497, 35.6131070867781]}";Black;Greenville;Travel Lane;2;14;Mixed (30% To 70% Developed);Male;Passenger Car;0;#NULL!;0;0;Black;No;0;16-19;Bicyclist Ride Through - Sign-Controlled Intersection;None;No;No;Dry;0;Urban;No;25NOV2012;0;14:53;Female;No;Residential;B: Evident Injury;Yes;O: No Injury;2653;November;0;Straight - Level;Coastal;With Traffic;Stop Sign;Sunday;Intersection;18;0;Two-Way, Not Divided;2 lanes;0;#NULL!;#NULL!;Coarse Asphalt;#NULL!;Four-Way Intersection;Bicyclist Failed to Yield - Sign-Controlled Intersection;Local Street;B: Evident Injury;Pitt;57;Clear;#NULL!;11-15 mph;30 - 35  MPH;2012;Daylight;50-59
35.166666921, -79.4080028084;"{""type"": ""Point"", ""coordinates"": [-79.40800280837728, 35.16666692103174]}";Black;Southern Pines;Travel Lane;2;17;Urban (>70% Developed);Male;Passenger Car;0;#NULL!;0;0;White;No;0;60-69;Bicyclist Ride Through - Sign-Controlled Intersection;None;No;No;Dry;0;Urban;No;03NOV2012;0;17:14;Female;No;Residential;B: Evident Injury;Yes;O: No Injury;2648;November;0;Straight - Grade;Piedmont;Facing Traffic;Stop Sign;Saturday;Intersection;60;0;Two-Way, Not Divided;2 lanes;0;#NULL!;#NULL!;Coarse Asphalt;#NULL!;T-Intersection;Bicyclist Failed to Yield - Sign-Controlled Intersection;Local Street;B: Evident Injury;Moore;17;Clear;#NULL!;31-35 mph;30 - 35  MPH;2012;Daylight;0-19
34.8007868436, -79.3386027696;"{""type"": ""Point"", ""coordinates"": [-79.33860276955062, 34.80078684361182]}";Native American;None - Rural Crash;Travel Lane;2;17;Mixed (30% To 70% Developed);Male;Pickup;0;#NULL!;0;0;White;No;0;70+;Motorist Overtaking - Bicyclist Swerved;None;No;No;Dry;0;Rural;No;29NOV2012;0;17:51;Male;No;Residential;K: Killed;Yes;O: No Injury;2692;November;0;Straight - Level;Coastal;With Traffic;No Control Present;Thursday;Non-Intersection;70+;0;Two-Way, Not Divided;2 lanes;0;#NULL!;#NULL!;Coarse Asphalt;#NULL!;No Special Feature;Motorist Overtaking Bicyclist;State Secondary Route;K: Killed;Robeson;70+;Clear;#NULL!;51-55 mph;50 - 55  MPH;2012;Dark - Roadway Not Lighted;70+
35.1872968628, -81.1496033311;"{""type"": ""Point"", ""coordinates"": [-81.149603331148, 35.1872968627504]}";White;None - Rural Crash;Travel Lane;2;12;Mixed (30% To 70% Developed);Male;Passenger Car;0;#NULL!;0;0;White;No;0;30-39;Motorist Overtaking - Other / Unknown;None;No;No;Dry;0;Rural;No;21NOV2012;0;12:46;Female;No;Residential;C: Possible Injury;No;O: No Injury;2672;November;0;Straight - Level;Piedmont;With Traffic;Double Yellow Line, No Passing Zone;Wednesday;Intersection;36;0;Two-Way, Not Divided;2 lanes;0;#NULL!;#NULL!;Coarse Asphalt;#NULL!;T-Intersection;Motorist Overtaking Bicyclist;NC Route;C: Possible Injury;Gaston;70+;Clear;#NULL!;36-40 mph;40 - 45  MPH;2012;Daylight;70+
35.1493369165, -79.4187428111;"{""type"": ""Point"", ""coordinates"": [-79.41874281105154, 35.14933691645644]}";White;None - Rural Crash;Sidewalk / Crosswalk / Driveway Crossing;2;14;Urban (>70% Developed);Male;Passenger Car;0;#NULL!;0;0;White;No;0;40-49;Motorist Drive Out - Sign-Controlled Intersection;None;No;No;Dry;0;Rural;No;12MAR2010;0;14:10;Male;No;Commercial;B: Evident Injury;Yes;O: No Injury;3761;March;0;Straight - Level;Piedmont;Facing Traffic;Stop Sign;Friday;Intersection;48;0;Two-Way, Not Divided;Unknown;0;#NULL!;#NULL!;Coarse Asphalt;#NULL!;Driveway, Public;Motorist Failed to Yield - Sign-Controlled Intersection;Public Vehicular Area;B: Evident Injury;Moore;57;Cloudy;#NULL!;0-5 mph;Unknown;2010;Daylight;50-59
35.3732709241, -80.5515231623;"{""type"": ""Point"", ""coordinates"": [-80.55152316234776, 35.373270924089134]}";White;Concord;Travel Lane;2;7;Urban (>70% Developed);Male;Passenger Car;0;#NULL!;0;0;White;No;0;30-39;Motorist Overtaking - Misjudged Space;None;No;No;Dry;0;Urban;No;17MAR2010;0;7:30;Female;No;Commercial;K: Killed;Yes;O: No Injury;3762;March;0;Straight - Level;Piedmont;With Traffic;No Control Present;Wednesday;Non-Intersection;35;0;Two-Way, Divided, Positive Median Barrier;2 lanes;0;#NULL!;#NULL!;Coarse Asphalt;#NULL!;No Special Feature;Motorist Overtaking Bicyclist;NC Route;K: Killed;Cabarrus;24;Clear;#NULL!;51-55 mph;50 - 55  MPH;2010;Daylight;20-24
35.8151930873, -78.6261466068;"{""type"": ""Point"", ""coordinates"": [-78.62614660676972, 35.81519308728364]}";Unknown/Missing;Raleigh;Sidewalk / Crosswalk / Driveway Crossing;2;17;Urban (>70% Developed);Unknown;Pickup;0;#NULL!;0;0;White;No;0;Unknown;Motorist Drive Out - Right Turn on Red;None;No;Missing;Dry;0;Urban;No;17MAR2010;0;17:44;Male;No;Commercial;C: Possible Injury;Yes;O: No Injury;3765;March;0;Straight - Level;Piedmont;Facing Traffic;Stop And Go Signal;Wednesday;Intersection;Unknown;0;Two-Way, Divided, Unprotected Median;4 lanes;0;#NULL!;#NULL!;Smooth Asphalt;#NULL!;Four-Way Intersection;Motorist Failed to Yield - Signalized Intersection;Local Street;Unknown Injury;Wake;63;Clear;#NULL!;0-5 mph;30 - 35  MPH;2010;Daylight;60-69
36.2171270588, -81.6848175489;"{""type"": ""Point"", ""coordinates"": [-81.68481754887269, 36.21712705877437]}";White;Boone;Travel Lane;2;11;Urban (>70% Developed);Male;Light Truck (Mini-Van, Panel);0;#NULL!;0;0;White;No;0;20-24;Motorist Left Turn - Opposite Direction;None;No;No;Dry;0;Urban;No;31MAR2010;0;11:58;Male;No;Institutional;B: Evident Injury;Yes;O: No Injury;3779;March;0;Straight - Level;Mountains;With Traffic;No Control Present;Wednesday;Non-Intersection;23;0;Two-Way, Not Divided;4 lanes;0;#NULL!;#NULL!;Smooth Asphalt;#NULL!;No Special Feature;Motorist Left Turn / Merge;Local Street;B: Evident Injury;Watauga;52;Clear;#NULL!;0-5 mph;20 - 25  MPH;2010;Daylight;50-59
34.7722668331, -79.4575988039;"{""type"": ""Point"", ""coordinates"": [-79.45759880390386, 34.7722668330616]}";Black;Laurinburg;Travel Lane;2;8;Urban (>70% Developed);Male;Passenger Car;0;#NULL!;0;0;Native American;No;0;16-19;Motorist Drive Through - Signalized Intersection;None;No;No;Dry;0;Urban;No;31MAR2010;0;8:21;Female;No;Residential;C: Possible Injury;Yes;C: Possible Injury;3782;March;0;Straight - Level;Coastal;Facing Traffic;Stop And Go Signal;Wednesday;Intersection;17;0;Two-Way, Not Divided;2 lanes;0;#NULL!;#NULL!;Smooth Asphalt;#NULL!;No Special Feature;Motorist Failed to Yield - Signalized Intersection;US Route;C: Possible Injury;Scotland;23;Clear;#NULL!;0-5 mph;30 - 35  MPH;2010;Dusk;20-24
35.1179668588, -80.8558132399;"{""type"": ""Point"", ""coordinates"": [-80.85581323993344, 35.117966858804834]}";Unknown/Missing;Charlotte;Travel Lane;2;14;Rural (<30% Developed);Unknown;Passenger Car;0;#NULL!;0;0;White;No;0;11-15;Crossing Paths - Intersection - Other / Unknown;None;No;No;Dry;0;Urban;No;01APR2010;0;14:28;Male;No;Commercial;O: No Injury;No;O: No Injury;3785;April;0;Straight - Level;Piedmont;With Traffic;Stop And Go Signal;Thursday;Intersection;15;0;Two-Way, Divided, Positive Median Barrier;4 lanes;0;#NULL!;#NULL!;Smooth Asphalt;#NULL!;No Special Feature;Crossing Paths - Other Circumstances;Local Street;Unknown Injury;Mecklenburg;47;Clear;#NULL!;0-5 mph;30 - 35  MPH;2010;Daylight;40-49
34.9792818965, -78.9252726539;"{""type"": ""Point"", ""coordinates"": [-78.92527265394264, 34.97928189646799]}";Other;Hope Mills;Bike Lane / Paved Shoulder;2;14;Mixed (30% To 70% Developed);Female;Van;0;#NULL!;0;0;Black;No;0;6-10;Bicyclist Left Turn - Same Direction;None;No;No;Dry;0;Urban;No;11APR2010;0;14:57;Male;No;Residential;C: Possible Injury;Yes;C: Possible Injury;3787;April;0;Straight - Level;Coastal;With Traffic;Double Yellow Line, No Passing Zone;Sunday;Non-Intersection;6;0;Two-Way, Not Divided;2 lanes;0;#NULL!;#NULL!;Coarse Asphalt;#NULL!;No Special Feature;Bicyclist Left Turn / Merge;State Secondary Route;C: Possible Injury;Cumberland;52;Clear;#NULL!;31-35 mph;40 - 45  MPH;2010;Daylight;50-59
35.4813299961, -79.1852677581;"{""type"": ""Point"", ""coordinates"": [-79.18526775812846, 35.481329996081264]}";Black;Sanford;Travel Lane;2;19;Urban (>70% Developed);Male;Passenger Car;0;#NULL!;0;0;White;No;0;6-10;Bicyclist Ride Out - Sign-Controlled Intersection;None;No;No;Dry;0;Urban;No;03APR2010;0;19:36;Female;No;Residential;B: Evident Injury;No;O: No Injury;3798;April;0;Straight - Grade;Piedmont;With Traffic;Stop Sign;Saturday;Intersection;9;0;Two-Way, Not Divided;2 lanes;0;#NULL!;#NULL!;Coarse Asphalt;#NULL!;T-Intersection;Bicyclist Failed to Yield - Sign-Controlled Intersection;Local Street;B: Evident Injury;Lee;65;Clear;#NULL!;11-15 mph;30 - 35  MPH;2010;Daylight;60-69
35.7572740991, -77.9326023933;"{""type"": ""Point"", ""coordinates"": [-77.93260239326987, 35.757274099081016]}";Black;Wilson;Travel Lane;2;14;Urban (>70% Developed);Male;Sport Utility;0;#NULL!;0;0;White;No;0;30-39;Motorist Drive Out - Sign-Controlled Intersection;None;No;No;Wet;0;Urban;No;09FEB2010;0;14:30;Male;No;Commercial;C: Possible Injury;No;O: No Injury;3801;February;0;Straight - Level;Coastal;With Traffic;Stop Sign;Tuesday;Intersection;37;0;Two-Way, Not Divided;2 lanes;0;#NULL!;#NULL!;Coarse Asphalt;#NULL!;No Special Feature;Motorist Failed to Yield - Sign-Controlled Intersection;Local Street;C: Possible Injury;Wilson;53;Rain;#NULL!;31-35 mph;30 - 35  MPH;2010;Daylight;50-59
35.8995170963, -78.8982426936;"{""type"": ""Point"", ""coordinates"": [-78.89824269361765, 35.89951709633931]}";Black;Durham;Non-Roadway;2;16;Urban (>70% Developed);Female;Sport Utility;0;#NULL!;0;0;Unknown/Missing;No;0;6-10;Non-Roadway;None;No;No;Dry;0;Urban;Yes;18APR2010;0;16:59;Unknown;Missing;Commercial;C: Possible Injury;Yes;Unknown Injury;3811;April;0;Straight - Level;Piedmont;Not Applicable;No Control Present;Sunday;Non-Roadway;10;0;Two-Way, Not Divided;Unknown;0;#NULL!;#NULL!;Smooth Asphalt;#NULL!;No Special Feature;Non-Roadway;Public Vehicular Area;C: Possible Injury;Durham;Unknown;Clear;#NULL!;0-5 mph;20 - 25  MPH;2010;Daylight;Unknown
34.6794238218, -79.1971927204;"{""type"": ""Point"", ""coordinates"": [-79.19719272038452, 34.67942382180156]}";Native American;Pembroke;Travel Lane;2;11;Urban (>70% Developed);Male;Unknown;0;#NULL!;0;0;Unknown/Missing;No;0;20-24;Head-On - Motorist;None;No;No;Dry;0;Rural;Yes;18APR2010;0;11:53;Unknown;Missing;Residential;C: Possible Injury;Yes;Unknown Injury;3812;April;0;Straight - Level;Coastal;With Traffic;No Control Present;Sunday;Non-Intersection;20;0;Two-Way, Not Divided;2 lanes;0;#NULL!;#NULL!;Coarse Asphalt;#NULL!;No Special Feature;Head-On;Local Street;C: Possible Injury;Robeson;Unknown;Clear;#NULL!;36-40 mph;20 - 25  MPH;2010;Daylight;Unknown
35.4103199311, -80.5883631761;"{""type"": ""Point"", ""coordinates"": [-80.58836317606757, 35.41031993105346]}";Black;Concord;Travel Lane;2;17;Urban (>70% Developed);Male;Passenger Car;0;#NULL!;0;0;Unknown/Missing;No;0;40-49;Motorist Drive Through - Sign-Controlled Intersection;None;Yes;Yes;Dry;0;Urban;No;11APR2010;0;17:51;Female;No;Residential;B: Evident Injury;Yes;O: No Injury;3825;April;0;Straight - Hillcrest;Piedmont;With Traffic;Stop Sign;Sunday;Intersection;42;0;Two-Way, Not Divided;4 lanes;0;#NULL!;#NULL!;Smooth Asphalt;#NULL!;Four-Way Intersection;Motorist Failed to Yield - Sign-Controlled Intersection;Local Street;B: Evident Injury;Cabarrus;29;Clear;#NULL!;16-20 mph;30 - 35  MPH;2010;Daylight;25-29
35.7888220807, -78.6732326202;"{""type"": ""Point"", ""coordinates"": [-78.67323262018881, 35.78882208074146]}";White;Raleigh;Travel Lane;2;8;Urban (>70% Developed);Male;Passenger Car;0;#NULL!;0;0;White;No;0;20-24;Bicyclist Lost Control - Surface Conditions;None;No;No;Dry;0;Urban;No;30MAR2010;0;8:39;Female;No;Commercial;C: Possible Injury;No;O: No Injury;3827;March;0;Straight - Level;Piedmont;With Traffic;Stop And Go Signal;Tuesday;Intersection;23;0;Two-Way, Not Divided;5 lanes;0;#NULL!;#NULL!;Smooth Asphalt;#NULL!;No Special Feature;Loss of Control / Turning Error;Local Street;C: Possible Injury;Wake;57;Clear;#NULL!;11-15 mph;30 - 35  MPH;2010;Daylight;50-59
35.7555730708, -78.7393126381;"{""type"": ""Point"", ""coordinates"": [-78.73931263814825, 35.755573070800644]}";White;Cary;Travel Lane;2;21;Urban (>70% Developed);Male;Passenger Car;0;#NULL!;0;0;White;No;0;25-29;Motorist Left Turn - Opposite Direction;None;No;No;Dry;0;Urban;No;20APR2010;0;21:40;Male;No;Commercial;B: Evident Injury;Yes;O: No Injury;3828;April;0;Straight - Level;Piedmont;With Traffic;No Control Present;Tuesday;Intersection;25;0;Two-Way, Not Divided;5 lanes;0;#NULL!;#NULL!;Smooth Asphalt;#NULL!;T-Intersection;Motorist Left Turn / Merge;State Secondary Route;B: Evident Injury;Wake;23;Cloudy;#NULL!;11-15 mph;30 - 35  MPH;2010;Dark - Roadway Not Lighted;20-24
35.4087670172, -78.122002433;"{""type"": ""Point"", ""coordinates"": [-78.122002432991, 35.40876701721728]}";White;None - Rural Crash;Travel Lane;2;19;Rural (<30% Developed);Female;Sport Utility;0;#NULL!;0;0;White;No;0;30-39;Motorist Overtaking - Other / Unknown;None;No;No;Dry;0;Rural;No;09APR2010;0;19:27;Male;No;Farms, Woods, Pastures;A: Disabling Injury;Yes;O: No Injury;3830;April;0;Straight - Level;Coastal;With Traffic;No Control Present;Friday;Non-Intersection;34;0;Two-Way, Not Divided;2 lanes;0;#NULL!;#NULL!;Coarse Asphalt;#NULL!;No Special Feature;Motorist Overtaking Bicyclist;State Secondary Route;A: Disabling Injury;Wayne;32;Clear;#NULL!;51-55 mph;50 - 55  MPH;2010;Daylight;30-39
34.2640787765, -77.8324822894;"{""type"": ""Point"", ""coordinates"": [-77.83248228942075, 34.2640787765165]}";White;None - Rural Crash;Travel Lane;2;11;Urban (>70% Developed);Male;Passenger Car;0;#NULL!;0;0;White;No;0;60-69;Head-On - Bicyclist;None;No;No;Dry;0;Rural;No;26APR2010;0;11:00;Female;No;Commercial;C: Possible Injury;Yes;O: No Injury;3842;April;0;Straight - Level;Coastal;Facing Traffic;No Control Present;Monday;Non-Intersection;61;0;Two-Way, Not Divided;3 lanes;0;#NULL!;#NULL!;Coarse Asphalt;#NULL!;T-Intersection;Head-On;State Secondary Route;C: Possible Injury;New Hanover;30;Clear;#NULL!;0-5 mph;40 - 45  MPH;2010;Daylight;30-39
35.5020329481, -80.6382531959;"{""type"": ""Point"", ""coordinates"": [-80.63825319593356, 35.50203294811594]}";Hispanic;Kannapolis;Travel Lane;2;12;Urban (>70% Developed);Male;Passenger Car;0;#NULL!;0;0;White;No;0;16-19;Bicyclist Ride Out - Sign-Controlled Intersection;None;No;No;Dry;0;Urban;No;24APR2010;0;12:25;Female;No;Residential;B: Evident Injury;Yes;O: No Injury;3857;April;0;Straight - Bottom;Piedmont;With Traffic;No Control Present;Saturday;Intersection;17;0;Two-Way, Not Divided;2 lanes;0;#NULL!;#NULL!;Smooth Asphalt;#NULL!;Four-Way Intersection;Bicyclist Failed to Yield - Sign-Controlled Intersection;Local Street;B: Evident Injury;Cabarrus;63;Clear;#NULL!;16-20 mph;30 - 35  MPH;2010;Daylight;60-69
35.7894240747, -78.8280226671;"{""type"": ""Point"", ""coordinates"": [-78.82802266712443, 35.78942407465638]}";Other;Cary;Sidewalk / Crosswalk / Driveway Crossing;2;18;Urban (>70% Developed);Male;Sport Utility;0;#NULL!;0;0;White;No;0;0-5;Bicyclist Ride Out - Sign-Controlled Intersection;None;No;No;Dry;0;Urban;No;01MAY2010;0;18:36;Female;No;Commercial;B: Evident Injury;Yes;O: No Injury;3858;May;0;Straight - Level;Piedmont;Facing Traffic;Stop Sign;Saturday;Intersection;5;0;Two-Way, Not Divided;Unknown;0;#NULL!;#NULL!;Smooth Asphalt;#NULL!;Driveway, Public;Bicyclist Failed to Yield - Sign-Controlled Intersection;Public Vehicular Area;B: Evident Injury;Wake;52;Clear;#NULL!;6-10 mph;20 - 25  MPH;2010;Daylight;50-59
36.1029051205, -79.4277628651;"{""type"": ""Point"", ""coordinates"": [-79.42776286506134, 36.10290512045963]}";Black;Burlington;Travel Lane;2;20;Urban (>70% Developed);Male;Van;0;#NULL!;0;0;Black;No;0;40-49;Bicyclist Ride Out - Sign-Controlled Intersection;None;No;No;Dry;0;Urban;No;23APR2010;0;20:58;Male;No;Residential;B: Evident Injury;No;O: No Injury;3862;April;0;Straight - Level;Piedmont;Facing Traffic;Stop Sign;Friday;Intersection;45;0;One-Way, Not Divided;3 lanes;0;#NULL!;#NULL!;Smooth Asphalt;#NULL!;Four-Way Intersection;Bicyclist Failed to Yield - Sign-Controlled Intersection;US Route;B: Evident Injury;Alamance;50;Clear;#NULL!;Unknown;30 - 35  MPH;2010;Dark - Lighted Roadway;50-59
35.1326018629, -80.808993227;"{""type"": ""Point"", ""coordinates"": [-80.80899322698556, 35.132601862895584]}";White;Charlotte;Travel Lane;2;18;Urban (>70% Developed);Male;Passenger Car;0;#NULL!;0;0;White;No;0;60-69;Motorist Right Turn - Same Direction;None;No;No;Dry;0;Urban;No;25APR2010;0;18:27;Female;No;Residential;B: Evident Injury;Yes;O: No Injury;3863;April;0;Straight - Level;Piedmont;With Traffic;Stop And Go Signal;Sunday;Intersection;65;0;Two-Way, Divided, Unprotected Median;3 lanes;0;#NULL!;#NULL!;Smooth Asphalt;#NULL!;Four-Way Intersection;Motorist Right Turn / Merge;Local Street;B: Evident Injury;Mecklenburg;52;Clear;#NULL!;21-25 mph;30 - 35  MPH;2010;Daylight;50-59
35.2266988774, -80.9699032791;"{""type"": ""Point"", ""coordinates"": [-80.96990327912376, 35.22669887744893]}";White;Charlotte;Travel Lane;2;14;Mixed (30% To 70% Developed);Male;Pickup;0;#NULL!;0;0;White;No;0;30-39;Motorist Drive Out - Signalized Intersection;None;No;No;Dry;0;Urban;No;25APR2010;0;14:50;Male;No;Commercial;B: Evident Injury;No;O: No Injury;3864;April;0;Straight - Level;Piedmont;With Traffic;Stop Sign;Sunday;Intersection;37;0;Two-Way, Not Divided;2 lanes;0;#NULL!;#NULL!;Smooth Asphalt;#NULL!;T-Intersection;Motorist Failed to Yield - Signalized Intersection;Local Street;B: Evident Injury;Mecklenburg;70+;Clear;#NULL!;6-10 mph;40 - 45  MPH;2010;Daylight;70+
35.6738429674, -81.1126533472;"{""type"": ""Point"", ""coordinates"": [-81.11265334716383, 35.67384296735469]}";White;None - Rural Crash;Travel Lane;2;7;Mixed (30% To 70% Developed);Male;Passenger Car;0;#NULL!;0;0;White;No;0;20-24;Motorist Overtaking - Bicyclist Swerved;None;No;No;Dry;0;Rural;No;04MAY2010;0;7:09;Female;No;Residential;B: Evident Injury;No;O: No Injury;3865;May;0;Straight - Level;Piedmont;With Traffic;Double Yellow Line, No Passing Zone;Tuesday;Non-Intersection;23;0;Two-Way, Not Divided;2 lanes;0;#NULL!;#NULL!;Smooth Asphalt;#NULL!;No Special Feature;Motorist Overtaking Bicyclist;State Secondary Route;B: Evident Injury;Catawba;42;Clear;#NULL!;16-20 mph;40 - 45  MPH;2010;Daylight;40-49
36.0731671008, -79.7831829705;"{""type"": ""Point"", ""coordinates"": [-79.78318297053677, 36.073167100806735]}";Black;Greensboro;Sidewalk / Crosswalk / Driveway Crossing;2;14;Urban (>70% Developed);Male;Passenger Car;0;#NULL!;0;0;Black;No;0;16-19;Motorist Right Turn - Same Direction;None;No;No;Dry;0;Urban;No;01APR2010;0;14:24;Female;No;Commercial;B: Evident Injury;Yes;O: No Injury;3866;April;0;Straight - Hillcrest;Piedmont;With Traffic;Stop And Go Signal;Thursday;Intersection;18;0;One-Way, Not Divided;3 lanes;0;#NULL!;#NULL!;Smooth Asphalt;#NULL!;No Special Feature;Motorist Right Turn / Merge;Local Street;B: Evident Injury;Guilford;39;Clear;#NULL!;26-30 mph;30 - 35  MPH;2010;Daylight;30-39
35.5827768898, -82.6288237914;"{""type"": ""Point"", ""coordinates"": [-82.62882379143741, 35.582776889776895]}";White;Asheville;Travel Lane;2;18;Urban (>70% Developed);Male;Sport Utility;0;#NULL!;0;0;White;No;0;20-24;Motorist Drive Out - Sign-Controlled Intersection;None;No;No;Dry;0;Urban;No;12APR2010;0;18:48;Female;No;Residential;C: Possible Injury;No;O: No Injury;3867;April;0;Straight - Bottom;Mountains;With Traffic;Stop Sign;Monday;Intersection;23;0;Two-Way, Not Divided;2 lanes;0;#NULL!;#NULL!;Smooth Asphalt;#NULL!;Four-Way Intersection;Motorist Failed to Yield - Sign-Controlled Intersection;Local Street;C: Possible Injury;Buncombe;64;Clear;#NULL!;6-10 mph;30 - 35  MPH;2010;Daylight;60-69
35.0704718509, -80.7732432128;"{""type"": ""Point"", ""coordinates"": [-80.7732432127764, 35.07047185085956]}";White;Charlotte;Sidewalk / Crosswalk / Driveway Crossing;2;9;Urban (>70% Developed);Male;Passenger Car;0;#NULL!;0;0;White;No;0;20-24;Motorist Drive Out - Right Turn on Red;None;No;No;Dry;0;Urban;No;29APR2010;0;9:25;Male;No;Residential;B: Evident Injury;No;O: No Injury;3873;April;0;Straight - Grade;Piedmont;Unknown;Stop And Go Signal;Thursday;Intersection;23;0;Two-Way, Divided, Positive Median Barrier;4 lanes;0;#NULL!;#NULL!;Smooth Asphalt;#NULL!;Four-Way Intersection;Motorist Failed to Yield - Signalized Intersection;Local Street;B: Evident Injury;Mecklenburg;70+;Clear;#NULL!;6-10 mph;40 - 45  MPH;2010;Daylight;70+