Geo Point;Geo Shape;BikeRace;City;BikePos;NumUnits;CrashHour;Locality;BikeSex;DrvrVehTyp;NumBikesNo;BikeAlcDrg;NumBikesBI;RteInvdCd;DrvrRace;Workzone;NumBikesCi;BikeAgeGrp;CrashType;RdDefects;CrashAlcoh;BikeAlcoho;RdConditio;DstncMiFrm;RuralUrban;HitRun;CrashDate;NumBikesUI;CrashTime;DrvrSex;DrvrAlcoho;Developmen;CrashSevr;AmbulanceR;DrvrInjury;OBJECTID;CrashMonth;NumBikesKi;RdCharacte;Region;BikeDir;TraffCntrl;CrashDay;CrashLoc;BikeAge;NumBikesTo;RdConfig;NumLanes;NumBikesAI;DrvrAlcDrg;OnRoad;RdSurface;Towrd_Rd;RdFeature;CrashGrp;RdClass;BikeInjury;County;DrvrAge;Weather;FrmRd;DrvrEstSpd;SpeedLimit;CrashYear;LightCond;DrvrAgeGrp
35.2646130047, -77.5723972587;"{""type"": ""Point"", ""coordinates"": [-77.57239725871216, 35.26461300470885]}";Black;Kinston;Travel Lane;2;17;Urban (>70% Developed);Male;Van;0;#NULL!;0;0;White;No;0;6-10;Bicyclist Ride Out - Other Midblock;None;No;No;Dry;0;Urban;No;07MAY2010;0;17:58;Female;No;Residential;B: Evident Injury;Yes;O: No Injury;3878;May;0;Straight - Level;Coastal;Not Applicable;No Control Present;Friday;Non-Intersection;9;0;Two-Way, Not Divided;4 lanes;0;#NULL!;#NULL!;Smooth Asphalt;#NULL!;No Special Feature;Bicyclist Failed to Yield - Midblock;NC Route;B: Evident Injury;Lenoir;70+;Clear;#NULL!;31-35 mph;30 - 35  MPH;2010;Daylight;70+
35.7479270712, -78.6807126198;"{""type"": ""Point"", ""coordinates"": [-78.68071261979627, 35.747927071231395]}";Asian;Raleigh;Travel Lane;2;17;Urban (>70% Developed);Male;Passenger Car;0;#NULL!;0;0;Black;No;0;6-10;Bicyclist Ride Through - Sign-Controlled Intersection;None;No;No;Dry;0;Urban;No;20APR2010;0;17:57;Male;No;Residential;C: Possible Injury;Yes;O: No Injury;3884;April;0;Straight - Hillcrest;Piedmont;With Traffic;Stop Sign;Tuesday;Intersection;10;0;Two-Way, Divided, Unprotected Median;2 lanes;0;#NULL!;#NULL!;Coarse Asphalt;#NULL!;Four-Way Intersection;Bicyclist Failed to Yield - Sign-Controlled Intersection;Local Street;C: Possible Injury;Wake;43;Clear;#NULL!;26-30 mph;30 - 35  MPH;2010;Daylight;40-49
35.7909170801, -78.6800526216;"{""type"": ""Point"", ""coordinates"": [-78.68005262161182, 35.79091708011648]}";White;Raleigh;Travel Lane;2;9;Urban (>70% Developed);Male;Unknown;0;#NULL!;0;0;Unknown/Missing;No;0;20-24;Motorist Drive Through - Sign-Controlled Intersection;None;No;No;Dry;0;Urban;Yes;06APR2010;0;9:29;Unknown;Missing;Commercial;B: Evident Injury;No;Unknown Injury;3885;April;0;Straight - Hillcrest;Piedmont;With Traffic;Stop Sign;Tuesday;Intersection;22;0;Two-Way, Divided, Unprotected Median;4 lanes;0;#NULL!;#NULL!;Coarse Asphalt;#NULL!;T-Intersection;Motorist Failed to Yield - Sign-Controlled Intersection;Local Street;B: Evident Injury;Wake;Unknown;Clear;#NULL!;16-20 mph;30 - 35  MPH;2010;Daylight;Unknown
35.0964228539, -80.8596332398;"{""type"": ""Point"", ""coordinates"": [-80.85963323975227, 35.09642285387062]}";Black;Charlotte;Bike Lane / Paved Shoulder;2;8;Urban (>70% Developed);Male;Passenger Car;0;#NULL!;0;0;Black;No;0;11-15;Motorist Drive Out - Sign-Controlled Intersection;None;No;No;Dry;0;Urban;No;29APR2010;0;8:29;Female;No;Residential;B: Evident Injury;No;O: No Injury;3891;April;0;Straight - Level;Piedmont;Facing Traffic;Stop Sign;Thursday;Intersection;15;0;Two-Way, Divided, Positive Median Barrier;4 lanes;0;#NULL!;#NULL!;Smooth Asphalt;#NULL!;Four-Way Intersection;Motorist Failed to Yield - Sign-Controlled Intersection;Local Street;B: Evident Injury;Mecklenburg;50;Clear;#NULL!;0-5 mph;30 - 35  MPH;2010;Daylight;50-59
35.8294140857, -78.7730026525;"{""type"": ""Point"", ""coordinates"": [-78.7730026525172, 35.8294140857426]}";Unknown/Missing;Cary;Travel Lane;2;15;Urban (>70% Developed);Unknown;Passenger Car;0;#NULL!;0;0;White;No;0;Unknown;Bicyclist Ride Through - Signalized Intersection;None;No;No;Dry;0;Urban;No;12MAY2010;0;15:34;Female;No;Commercial;O: No Injury;No;O: No Injury;3895;May;0;Straight - Level;Piedmont;Unknown;Stop And Go Signal;Wednesday;Intersection;Unknown;0;Two-Way, Divided, Unprotected Median;4 lanes;0;#NULL!;#NULL!;Coarse Asphalt;#NULL!;Four-Way Intersection;Bicyclist Failed to Yield - Signalized Intersection;State Secondary Route;Unknown Injury;Wake;32;Clear;#NULL!;0-5 mph;40 - 45  MPH;2010;Daylight;30-39
35.3133229053, -80.7039232054;"{""type"": ""Point"", ""coordinates"": [-80.7039232054047, 35.31332290531932]}";White;Charlotte;Sidewalk / Crosswalk / Driveway Crossing;2;18;Urban (>70% Developed);Male;Sport Utility;0;#NULL!;0;0;White;No;0;40-49;Motorist Drive Through - Sign-Controlled Intersection;None;No;No;Dry;0;Urban;No;04MAY2010;0;18:30;Male;No;Residential;B: Evident Injury;Yes;O: No Injury;3903;May;0;Straight - Level;Piedmont;Facing Traffic;Stop Sign;Tuesday;Intersection;43;0;Two-Way, Divided, Unprotected Median;4 lanes;0;#NULL!;#NULL!;Smooth Asphalt;#NULL!;No Special Feature;Motorist Failed to Yield - Sign-Controlled Intersection;Local Street;B: Evident Injury;Mecklenburg;19;Clear;#NULL!;6-10 mph;20 - 25  MPH;2010;Daylight;0-19
35.5044819412, -80.8533132605;"{""type"": ""Point"", ""coordinates"": [-80.8533132605156, 35.50448194117408]}";White;Davidson;Travel Lane;2;13;Urban (>70% Developed);Male;Light Truck (Mini-Van, Panel);0;#NULL!;0;0;White;No;0;20-24;Motorist Overtaking - Bicyclist Swerved;None;No;No;Dry;0;Urban;No;06MAY2010;0;13:57;Female;No;Residential;C: Possible Injury;Yes;O: No Injury;3904;May;0;Curve - Level;Piedmont;With Traffic;Double Yellow Line, No Passing Zone;Thursday;Non-Intersection;20;0;Two-Way, Divided, Unprotected Median;2 lanes;0;#NULL!;#NULL!;Smooth Asphalt;#NULL!;No Special Feature;Motorist Overtaking Bicyclist;Local Street;C: Possible Injury;Mecklenburg;39;Clear;#NULL!;21-25 mph;30 - 35  MPH;2010;Daylight;30-39
36.1108050918, -80.2472531124;"{""type"": ""Point"", ""coordinates"": [-80.24725311242187, 36.11080509182627]}";Black;Winston-Salem;Travel Lane;2;19;Urban (>70% Developed);Male;Passenger Car;0;#NULL!;0;0;Black;No;0;6-10;Bicyclist Lost Control - Mechanical Problems;None;No;No;Dry;0;Urban;No;02MAY2010;0;19:16;Male;No;Residential;B: Evident Injury;Yes;O: No Injury;3907;May;0;Straight - Level;Piedmont;With Traffic;No Control Present;Sunday;Intersection;8;0;Two-Way, Divided, Unprotected Median;2 lanes;0;#NULL!;#NULL!;Smooth Asphalt;#NULL!;No Special Feature;Loss of Control / Turning Error;Local Street;B: Evident Injury;Forsyth;25;Clear;#NULL!;21-25 mph;30 - 35  MPH;2010;Daylight;25-29
35.9638401042, -79.0581327461;"{""type"": ""Point"", ""coordinates"": [-79.05813274613809, 35.96384010420565]}";White;Chapel Hill;Sidewalk / Crosswalk / Driveway Crossing;2;16;Urban (>70% Developed);Male;Passenger Car;0;#NULL!;0;0;White;No;0;20-24;Motorist Drive Out - Signalized Intersection;None;No;No;Dry;0;Urban;No;06MAY2010;0;16:23;Female;No;Commercial;B: Evident Injury;No;O: No Injury;3918;May;0;Straight - Level;Piedmont;Facing Traffic;Stop And Go Signal;Thursday;Intersection;22;0;Two-Way, Divided, Unprotected Median;6 lanes;0;#NULL!;#NULL!;Smooth Asphalt;#NULL!;Four-Way Intersection;Motorist Failed to Yield - Signalized Intersection;NC Route;B: Evident Injury;Orange;54;Clear;#NULL!;6-10 mph;30 - 35  MPH;2010;Daylight;50-59
36.0399200917, -79.8480229885;"{""type"": ""Point"", ""coordinates"": [-79.84802298851258, 36.039920091681495]}";White;Greensboro;Sidewalk / Crosswalk / Driveway Crossing;2;22;Urban (>70% Developed);Male;Passenger Car;0;#NULL!;0;0;White;No;0;40-49;Motorist Drive Out - Commercial Driveway / Alley;None;No;No;Dry;0;Urban;No;07MAY2010;0;22:13;Female;No;Commercial;B: Evident Injury;No;O: No Injury;3920;May;0;Straight - Level;Piedmont;Facing Traffic;No Control Present;Friday;Non-Intersection;40;0;One-Way, Not Divided;Unknown;0;#NULL!;#NULL!;Smooth Asphalt;#NULL!;Driveway, Public;Motorist Failed to Yield - Midblock;Public Vehicular Area;B: Evident Injury;Guilford;25;Clear;#NULL!;0-5 mph;5 - 15 MPH;2010;Dark - Lighted Roadway;25-29
34.331469762, -78.7100425565;"{""type"": ""Point"", ""coordinates"": [-78.71004255652956, 34.33146976204835]}";Black;Whiteville;Travel Lane;3;16;Urban (>70% Developed);Male;Passenger Car;0;#NULL!;0;0;Black;No;0;16-19;Bicyclist Ride Through - Sign-Controlled Intersection;None;No;No;Dry;0;Urban;No;13MAY2010;0;16:26;Male;No;Residential;B: Evident Injury;Yes;O: No Injury;3940;May;0;Straight - Grade;Coastal;With Traffic;Stop Sign;Thursday;Intersection;16;0;Two-Way, Not Divided;8 lanes;0;#NULL!;#NULL!;Smooth Asphalt;#NULL!;Four-Way Intersection;Bicyclist Failed to Yield - Sign-Controlled Intersection;Local Street;B: Evident Injury;Columbus;41;Clear;#NULL!;11-15 mph;30 - 35  MPH;2010;Daylight;40-49
35.2247798823, -80.8403232405;"{""type"": ""Point"", ""coordinates"": [-80.8403232405041, 35.224779882250374]}";White;Charlotte;Travel Lane;2;16;Urban (>70% Developed);Male;Unknown;0;#NULL!;0;0;Unknown/Missing;No;0;30-39;Motorist Overtaking - Misjudged Space;None;No;No;Dry;0;Urban;No;14MAY2010;0;16:16;Unknown;Missing;Commercial;C: Possible Injury;Yes;Unknown Injury;3946;May;0;Straight - Level;Piedmont;With Traffic;No Control Present;Friday;Non-Intersection;31;0;Two-Way, Divided, Unprotected Median;4 lanes;0;#NULL!;#NULL!;Smooth Asphalt;#NULL!;No Special Feature;Motorist Overtaking Bicyclist;Local Street;C: Possible Injury;Mecklenburg;Unknown;Clear;#NULL!;Unknown;Unknown;2010;Daylight;Unknown
36.0062571181, -78.9205127066;"{""type"": ""Point"", ""coordinates"": [-78.92051270656916, 36.006257118134585]}";Hispanic;Durham;Travel Lane;2;14;Urban (>70% Developed);Male;Passenger Car;0;#NULL!;0;0;Black;No;0;50-59;Crossing Paths - Midblock - Other / Unknown;None;No;No;Dry;0;Urban;No;25MAY2010;0;14:50;Female;No;Commercial;B: Evident Injury;Yes;O: No Injury;3963;May;0;Straight - Level;Piedmont;Facing Traffic;No Control Present;Tuesday;Non-Intersection;54;0;Two-Way, Not Divided;4 lanes;0;#NULL!;#NULL!;Smooth Asphalt;#NULL!;Driveway, Public;Crossing Paths - Other Circumstances;Local Street;B: Evident Injury;Durham;35;Cloudy;#NULL!;0-5 mph;20 - 25  MPH;2010;Daylight;30-39
35.3598318936, -81.2988133846;"{""type"": ""Point"", ""coordinates"": [-81.29881338457949, 35.35983189360592]}";White;None - Rural Crash;Non-Roadway;2;9;Rural (<30% Developed);Male;Sport Utility;0;#NULL!;0;0;White;No;0;30-39;Bicyclist Ride Out - Other Midblock;None;No;No;Dry;0;Rural;No;05JUN2010;0;9:19;Female;No;Farms, Woods, Pastures;C: Possible Injury;No;O: No Injury;3964;June;0;Straight - Level;Piedmont;Not Applicable;Double Yellow Line, No Passing Zone;Saturday;Non-Intersection;31;0;Two-Way, Not Divided;2 lanes;0;#NULL!;#NULL!;Smooth Asphalt;#NULL!;Driveway, Public;Bicyclist Failed to Yield - Midblock;NC Route;C: Possible Injury;Gaston;57;Clear;#NULL!;46-50 mph;50 - 55  MPH;2010;Daylight;50-59
35.6232170028, -79.8604729692;"{""type"": ""Point"", ""coordinates"": [-79.86047296924805, 35.62321700275447]}";White;None - Rural Crash;Travel Lane;2;10;Rural (<30% Developed);Male;Passenger Car;0;#NULL!;0;0;White;No;0;70+;Bicyclist Ride Out - Sign-Controlled Intersection;None;No;No;Dry;0;Rural;No;04JUN2010;0;10:14;Female;No;Farms, Woods, Pastures;B: Evident Injury;Yes;O: No Injury;3965;June;0;Straight - Level;Piedmont;With Traffic;Double Yellow Line, No Passing Zone;Friday;Intersection;70+;0;Two-Way, Not Divided;2 lanes;0;#NULL!;#NULL!;Smooth Asphalt;#NULL!;T-Intersection;Bicyclist Failed to Yield - Sign-Controlled Intersection;State Secondary Route;B: Evident Injury;Randolph;33;Clear;#NULL!;31-35 mph;50 - 55  MPH;2010;Daylight;30-39
35.7584670776, -78.5611425846;"{""type"": ""Point"", ""coordinates"": [-78.56114258462482, 35.75846707755846]}";Black;Raleigh;Travel Lane;2;18;Mixed (30% To 70% Developed);Male;Passenger Car;0;#NULL!;0;0;Black;No;0;11-15;Bicyclist Ride Out - Sign-Controlled Intersection;None;No;No;Dry;0;Urban;No;25APR2010;0;18:49;Female;No;Residential;B: Evident Injury;Yes;O: No Injury;3967;April;0;Straight - Level;Piedmont;Facing Traffic;Stop Sign;Sunday;Intersection;11;0;Two-Way, Divided, Unprotected Median;2 lanes;0;#NULL!;#NULL!;Smooth Asphalt;#NULL!;Four-Way Intersection;Bicyclist Failed to Yield - Sign-Controlled Intersection;Local Street;B: Evident Injury;Wake;20;Clear;#NULL!;31-35 mph;40 - 45  MPH;2010;Daylight;20-24
36.2364341237, -80.0832470704;"{""type"": ""Point"", ""coordinates"": [-80.08324707043768, 36.23643412370904]}";Black;None - Rural Crash;Travel Lane;2;18;Rural (<30% Developed);Male;Passenger Car;0;#NULL!;0;0;Black;No;0;16-19;Motorist Overtaking - Bicyclist Swerved;None;No;No;Dry;0;Rural;No;04JUN2010;0;18:30;Male;No;Farms, Woods, Pastures;C: Possible Injury;Yes;O: No Injury;3968;June;0;Curve - Level;Piedmont;With Traffic;Double Yellow Line, No Passing Zone;Friday;Non-Intersection;16;0;Two-Way, Not Divided;2 lanes;0;#NULL!;#NULL!;Coarse Asphalt;#NULL!;No Special Feature;Motorist Overtaking Bicyclist;State Secondary Route;C: Possible Injury;Forsyth;30;Clear;#NULL!;46-50 mph;40 - 45  MPH;2010;Daylight;30-39
35.7939270828, -78.645592612;"{""type"": ""Point"", ""coordinates"": [-78.64559261197614, 35.793927082806455]}";White;Raleigh;Driveway / Alley;2;19;Urban (>70% Developed);Female;Passenger Car;0;#NULL!;0;0;White;No;0;11-15;Bicyclist Ride Out - Commercial Driveway / Alley;None;No;No;Dry;0;Urban;No;04MAY2010;0;19:17;Male;No;Residential;C: Possible Injury;No;O: No Injury;3971;May;0;Straight - Level;Piedmont;Not Applicable;No Control Present;Tuesday;Non-Intersection;12;0;Two-Way, Not Divided;2 lanes;0;#NULL!;#NULL!;Smooth Asphalt;#NULL!;No Special Feature;Bicyclist Failed to Yield - Midblock;Local Street;C: Possible Injury;Wake;31;Clear;#NULL!;16-20 mph;20 - 25  MPH;2010;Daylight;30-39
35.245592874, -81.1839933439;"{""type"": ""Point"", ""coordinates"": [-81.18399334388549, 35.2455928740223]}";White;Gastonia;Travel Lane;2;21;Urban (>70% Developed);Male;Unknown;0;#NULL!;0;0;Unknown/Missing;No;0;40-49;Unknown Approach Paths;None;No;No;Wet;0;Urban;Yes;24MAY2010;0;21:06;Unknown;Missing;Residential;C: Possible Injury;No;Unknown Injury;3980;May;0;Straight - Level;Piedmont;Unknown;Stop Sign;Monday;Intersection-Related;41;0;Two-Way, Not Divided;2 lanes;0;#NULL!;#NULL!;Smooth Asphalt;#NULL!;T-Intersection;Other / Unknown - Insufficient Details;NC Route;C: Possible Injury;Gaston;Unknown;Rain;#NULL!;6-10 mph;30 - 35  MPH;2010;Dark - Lighted Roadway;Unknown
36.2946052724, -76.2404819025;"{""type"": ""Point"", ""coordinates"": [-76.24048190247589, 36.294605272365104]}";Black;Elizabeth City;Travel Lane;2;11;Urban (>70% Developed);Female;Passenger Car;0;#NULL!;0;0;White;No;0;50-59;Crossing Paths - Midblock - Other / Unknown;None;No;No;Dry;0;Urban;No;20MAY2010;0;11:20;Male;No;Commercial;C: Possible Injury;No;O: No Injury;3981;May;0;Straight - Level;Coastal;Unknown;No Control Present;Thursday;Non-Intersection;53;0;Two-Way, Not Divided;5 lanes;0;#NULL!;#NULL!;Smooth Asphalt;#NULL!;Driveway, Private;Crossing Paths - Other Circumstances;Local Street;C: Possible Injury;Pasquotank;45;Clear;#NULL!;0-5 mph;30 - 35  MPH;2010;Daylight;40-49
34.7247418881, -77.5227522168;"{""type"": ""Point"", ""coordinates"": [-77.5227522167772, 34.72474188808588]}";White;None - Rural Crash;Travel Lane;2;22;Rural (<30% Developed);Male;Pickup;0;#NULL!;0;0;White;No;0;25-29;Head-On - Bicyclist;None;No;No;Wet;0;Rural;No;13JUN2010;0;22:16;Male;No;Farms, Woods, Pastures;C: Possible Injury;No;O: No Injury;3988;June;0;Straight - Level;Coastal;Facing Traffic;No Control Present;Sunday;Non-Intersection;27;0;Two-Way, Not Divided;2 lanes;0;#NULL!;#NULL!;Smooth Asphalt;#NULL!;T-Intersection;Head-On;State Secondary Route;C: Possible Injury;Onslow;21;Rain;#NULL!;41-45 mph;40 - 45  MPH;2010;Dark - Roadway Not Lighted;20-24
34.9988969011, -78.9318026566;"{""type"": ""Point"", ""coordinates"": [-78.93180265662468, 34.998896901137186]}";Unknown/Missing;None - Rural Crash;Travel Lane;2;3;Rural (<30% Developed);Unknown;Truck/Trailer;0;#NULL!;0;0;White;No;0;Unknown;Motorist Overtaking - Undetected Bicyclist;None;No;No;Dry;0;Rural;No;28MAY2010;0;3:56;Male;No;Residential;O: No Injury;No;O: No Injury;3989;May;0;Straight - Level;Coastal;With Traffic;Double Yellow Line, No Passing Zone;Friday;Non-Intersection;Unknown;0;Two-Way, Not Divided;2 lanes;0;#NULL!;#NULL!;Smooth Asphalt;#NULL!;No Special Feature;Motorist Overtaking Bicyclist;State Secondary Route;Unknown Injury;Cumberland;38;Clear;#NULL!;41-45 mph;40 - 45  MPH;2010;Dark - Roadway Not Lighted;30-39
34.2364267686, -77.8726722997;"{""type"": ""Point"", ""coordinates"": [-77.87267229973261, 34.23642676857527]}";White;Wilmington;Travel Lane;2;22;Urban (>70% Developed);Male;Passenger Car;0;#NULL!;0;0;White;No;0;30-39;Signalized Intersection - Other / Unknown;None;No;No;Wet;0;Urban;No;26MAY2010;0;22:24;Male;No;Commercial;A: Disabling Injury;Yes;O: No Injury;3992;May;0;Straight - Level;Coastal;With Traffic;Stop And Go Signal;Wednesday;Intersection;38;0;Two-Way, Divided, Positive Median Barrier;7 lanes;0;#NULL!;#NULL!;Smooth Asphalt;#NULL!;No Special Feature;Crossing Paths - Other Circumstances;Local Street;A: Disabling Injury;New Hanover;18;Cloudy;#NULL!;41-45 mph;40 - 45  MPH;2010;Dark - Lighted Roadway;0-19
35.1762187543, -83.9219041473;"{""type"": ""Point"", ""coordinates"": [-83.92190414725934, 35.17621875434375]}";White;None - Rural Crash;Travel Lane;2;9;Rural (<30% Developed);Female;Pickup;0;#NULL!;0;0;White;No;0;50-59;Motorist Overtaking - Misjudged Space;None;No;No;Dry;0;Rural;No;05JUN2010;0;9:31;Female;No;Farms, Woods, Pastures;B: Evident Injury;Yes;O: No Injury;3994;June;0;Straight - Hillcrest;Mountains;With Traffic;No Control Present;Saturday;Non-Intersection;50;0;Two-Way, Divided, Unprotected Median;4 lanes;0;#NULL!;#NULL!;Smooth Asphalt;#NULL!;No Special Feature;Motorist Overtaking Bicyclist;US Route;B: Evident Injury;Cherokee;70+;Clear;#NULL!;46-50 mph;60 - 75 MPH;2010;Daylight;70+
35.4825069462, -80.5851031789;"{""type"": ""Point"", ""coordinates"": [-80.58510317893241, 35.48250694618456]}";White;Kannapolis;Travel Lane;2;10;Urban (>70% Developed);Male;Van;0;#NULL!;0;0;Hispanic;No;0;40-49;Motorist Drive Out - Sign-Controlled Intersection;None;No;No;Dry;0;Urban;No;28MAR2013;0;10:15;Female;No;Residential;C: Possible Injury;Yes;O: No Injury;1003;March;0;Straight - Hillcrest;Piedmont;With Traffic;Stop Sign;Thursday;Intersection;45;0;Two-Way, Not Divided;2 lanes;0;#NULL!;CENTER GROVE RD;Smooth Asphalt;#NULL!;Related To Intersection;Motorist Failed to Yield - Sign-Controlled Intersection;Local Street;C: Possible Injury;Cabarrus;31;Clear;#NULL!;0-5 mph;30 - 35  MPH;2013;Daylight;30-39
35.7211569685, -81.3385034173;"{""type"": ""Point"", ""coordinates"": [-81.33850341726912, 35.72115696853531]}";Black;Hickory;Sidewalk / Crosswalk / Driveway Crossing;2;16;Urban (>70% Developed);Male;Sport Utility;0;#NULL!;0;0;White;No;0;6-10;Motorist Drive Out - Sign-Controlled Intersection;None;No;No;Dry;0;Urban;No;31MAR2013;0;16:27;Female;No;Residential;O: No Injury;Yes;O: No Injury;1004;March;0;Straight - Level;Piedmont;Facing Traffic;Stop Sign;Sunday;Intersection;7;0;Two-Way, Not Divided;2 lanes;0;#NULL!;SOUTH CENTER ST;Coarse Asphalt;#NULL!;T-Intersection;Motorist Failed to Yield - Sign-Controlled Intersection;Local Street;O: No Injury;Catawba;25;Cloudy;#NULL!;0-5 mph;20 - 25  MPH;2013;Daylight;25-29
35.9383971333, -78.0818024486;"{""type"": ""Point"", ""coordinates"": [-78.08180244861605, 35.938397133329225]}";Black;None - Rural Crash;Bike Lane / Paved Shoulder;2;19;Rural (<30% Developed);Male;Pickup;0;#NULL!;0;0;White;No;0;11-15;Motorist Overtaking - Bicyclist Swerved;None;No;No;Dry;0;Rural;No;12APR2013;0;19:21;Male;No;Farms, Woods, Pastures;A: Disabling Injury;Yes;O: No Injury;1006;April;0;Straight - Grade;Coastal;With Traffic;Double Yellow Line, No Passing Zone;Friday;Non-Intersection;12;0;Two-Way, Not Divided;2 lanes;0;#NULL!;SR 1915;Coarse Asphalt;#NULL!;No Special Feature;Motorist Overtaking Bicyclist;State Secondary Route;A: Disabling Injury;Nash;36;Clear;#NULL!;41-45 mph;50 - 55  MPH;2013;Daylight;30-39
34.2419067693, -77.8943023067;"{""type"": ""Point"", ""coordinates"": [-77.89430230674242, 34.24190676930498]}";Black;Wilmington;Sidewalk / Crosswalk / Driveway Crossing;2;15;Urban (>70% Developed);Male;Passenger Car;0;#NULL!;0;0;White;No;0;25-29;Bicyclist Lost Control - Mechanical Problems;None;Yes;Yes;Dry;0;Urban;No;28MAR2013;0;15:53;Male;No;Commercial;C: Possible Injury;Yes;O: No Injury;1011;March;0;Straight - Level;Coastal;Facing Traffic;No Control Present;Thursday;Non-Intersection;26;0;One-Way, Not Divided;5 lanes;0;#NULL!;MARKET ST;Smooth Asphalt;#NULL!;Other;Loss of Control / Turning Error;Local Street;C: Possible Injury;New Hanover;54;Clear;#NULL!;0-5 mph;30 - 35  MPH;2013;Daylight;50-59
35.756676977, -81.3012034083;"{""type"": ""Point"", ""coordinates"": [-81.30120340831118, 35.75667697700698]}";Black;Hickory;Non-Roadway;2;13;Urban (>70% Developed);Male;Passenger Car;0;#NULL!;0;0;White;No;0;11-15;Non-Roadway;None;No;No;Dry;0;Urban;No;06APR2013;0;13:56;Female;No;Residential;C: Possible Injury;Yes;O: No Injury;1015;April;0;Straight - Level;Piedmont;Not Applicable;No Control Present;Saturday;Non-Roadway;12;0;Two-Way, Divided, Unprotected Median;Unknown;0;#NULL!;PVA 1910 20TH AVE DR NE;Smooth Asphalt;#NULL!;No Special Feature;Non-Roadway;Public Vehicular Area;C: Possible Injury;Catawba;24;Clear;#NULL!;11-15 mph;Unknown;2013;Daylight;20-24
34.7761369035, -77.4126021865;"{""type"": ""Point"", ""coordinates"": [-77.4126021864625, 34.77613690347407]}";White;Jacksonville;Sidewalk / Crosswalk / Driveway Crossing;2;17;Urban (>70% Developed);Male;Sport Utility;0;#NULL!;0;0;White;No;0;20-24;Crossing Paths - Intersection - Other / Unknown;None;No;No;Dry;0;Urban;No;14JAN2013;0;17:32;Female;No;Commercial;B: Evident Injury;Yes;O: No Injury;1022;January;0;Straight - Level;Coastal;Facing Traffic;No Control Present;Monday;Intersection-Related;20;0;Two-Way, Divided, Unprotected Median;5 lanes;0;#NULL!;GUM BRANCH RD;Smooth Asphalt;#NULL!;Driveway, Public;Crossing Paths - Other Circumstances;Local Street;B: Evident Injury;Onslow;25;Clear;#NULL!;0-5 mph;40 - 45  MPH;2013;Dawn;25-29
35.0447569065, -79.0471026942;"{""type"": ""Point"", ""coordinates"": [-79.04710269415693, 35.044756906503146]}";Black;Fayetteville;Travel Lane;2;2;Urban (>70% Developed);Male;Unknown;0;#NULL!;0;0;Unknown/Missing;No;0;50-59;Motorist Overtaking - Other / Unknown;None;No;No;Dry;0;Urban;Yes;06APR2013;0;2:22;Unknown;Missing;Residential;C: Possible Injury;No;Unknown Injury;1034;April;0;Straight - Level;Coastal;With Traffic;No Control Present;Saturday;Non-Intersection;50;0;Two-Way, Divided, Unprotected Median;2 lanes;0;#NULL!;RIM RD;Coarse Asphalt;#NULL!;No Special Feature;Motorist Overtaking Bicyclist;Local Street;C: Possible Injury;Cumberland;Unknown;Clear;#NULL!;41-45 mph;40 - 45  MPH;2013;Dark - Lighted Roadway;Unknown
35.1101968674, -80.5677031533;"{""type"": ""Point"", ""coordinates"": [-80.56770315331671, 35.11019686737203]}";Hispanic;Fairview;Travel Lane;2;18;Rural (<30% Developed);Male;Sport Utility;0;#NULL!;0;0;White;No;0;16-19;Bicyclist Ride Through - Sign-Controlled Intersection;None;No;No;Dry;0;Rural;No;26APR2013;0;18:10;Male;No;Farms, Woods, Pastures;B: Evident Injury;Yes;O: No Injury;1042;April;0;Straight - Level;Piedmont;With Traffic;Stop Sign;Friday;Intersection;19;0;Two-Way, Not Divided;2 lanes;0;#NULL!;SR 1004;Smooth Asphalt;#NULL!;Four-Way Intersection;Bicyclist Failed to Yield - Sign-Controlled Intersection;State Secondary Route;B: Evident Injury;Union;49;Clear;#NULL!;41-45 mph;40 - 45  MPH;2013;Daylight;40-49
35.1927768793, -80.711503201;"{""type"": ""Point"", ""coordinates"": [-80.71150320100774, 35.1927768793414]}";White;Charlotte;Travel Lane;2;17;Urban (>70% Developed);Male;Sport Utility;0;#NULL!;0;0;Hispanic;No;0;11-15;Bicyclist Ride Through - Sign-Controlled Intersection;None;No;No;Dry;0;Urban;No;01MAY2013;0;17:01;Female;No;Residential;C: Possible Injury;Yes;O: No Injury;1056;May;0;Straight - Level;Piedmont;With Traffic;No Control Present;Wednesday;Intersection;14;0;Two-Way, Not Divided;2 lanes;0;#NULL!;SPLIT OAK DR;Coarse Asphalt;#NULL!;No Special Feature;Bicyclist Failed to Yield - Sign-Controlled Intersection;Local Street;C: Possible Injury;Mecklenburg;41;Cloudy;#NULL!;6-10 mph;30 - 35  MPH;2013;Daylight;40-49