Geo Point;Geo Shape;BikeRace;City;BikePos;NumUnits;CrashHour;Locality;BikeSex;DrvrVehTyp;NumBikesNo;BikeAlcDrg;NumBikesBI;RteInvdCd;DrvrRace;Workzone;NumBikesCi;BikeAgeGrp;CrashType;RdDefects;CrashAlcoh;BikeAlcoho;RdConditio;DstncMiFrm;RuralUrban;HitRun;CrashDate;NumBikesUI;CrashTime;DrvrSex;DrvrAlcoho;Developmen;CrashSevr;AmbulanceR;DrvrInjury;OBJECTID;CrashMonth;NumBikesKi;RdCharacte;Region;BikeDir;TraffCntrl;CrashDay;CrashLoc;BikeAge;NumBikesTo;RdConfig;NumLanes;NumBikesAI;DrvrAlcDrg;OnRoad;RdSurface;Towrd_Rd;RdFeature;CrashGrp;RdClass;BikeInjury;County;DrvrAge;Weather;FrmRd;DrvrEstSpd;SpeedLimit;CrashYear;LightCond;DrvrAgeGrp
35.6123470871, -77.3843022183;"{""type"": ""Point"", ""coordinates"": [-77.3843022183218, 35.61234708705635]}";Black;Greenville;Travel Lane;2;14;Urban (>70% Developed);Male;Pickup;0;#NULL!;0;0;White;No;0;30-39;Backing Vehicle;None;No;No;Dry;0;Urban;No;26APR2013;0;14:34;Male;No;Residential;C: Possible Injury;Yes;O: No Injury;1061;April;0;Straight - Level;Coastal;With Traffic;No Control Present;Friday;Non-Intersection;32;0;Two-Way, Not Divided;2 lanes;0;#NULL!;ROOSEVELT AV;Coarse Asphalt;#NULL!;No Special Feature;Backing Vehicle;Local Street;C: Possible Injury;Pitt;46;Clear;#NULL!;0-5 mph;20 - 25  MPH;2013;Daylight;40-49
35.2321968725, -81.1361033289;"{""type"": ""Point"", ""coordinates"": [-81.13610332888386, 35.23219687247117]}";Black;Gastonia;Unknown;2;18;Urban (>70% Developed);Male;Passenger Car;0;#NULL!;0;0;White;No;0;0-5;Unknown Approach Paths;None;No;No;Dry;0;Urban;No;26APR2013;0;18:32;Female;No;Residential;B: Evident Injury;Yes;O: No Injury;1069;April;0;Straight - Level;Piedmont;Unknown;No Control Present;Friday;Non-Intersection;5;0;Two-Way, Not Divided;2 lanes;0;#NULL!;PVA 2634 TERRA DR;Coarse Asphalt;#NULL!;No Special Feature;Other/Unknown - Insufficient Details;Local Street;B: Evident Injury;Gaston;41;Clear;#NULL!;26-30 mph;30 - 35  MPH;2013;Daylight;40-49
35.0758769191, -78.8977026506;"{""type"": ""Point"", ""coordinates"": [-78.89770265060766, 35.07587691910104]}";Black;Fayetteville;Sidewalk / Crosswalk / Driveway Crossing;2;13;Urban (>70% Developed);Male;Passenger Car;0;#NULL!;0;0;Black;No;0;40-49;Motorist Drive Out - Right Turn on Red;None;No;No;Dry;0;Urban;No;24APR2013;0;13:01;Male;No;Residential;C: Possible Injury;Yes;O: No Injury;1071;April;0;Straight - Level;Coastal;Facing Traffic;Stop And Go Signal;Wednesday;Intersection;40;0;Two-Way, Divided, Unprotected Median;4 lanes;0;#NULL!;MURCHISON RD;Coarse Asphalt;#NULL!;T-Intersection;Motorist Failed to Yield - Signalized Intersection;Local Street;C: Possible Injury;Cumberland;39;Clear;#NULL!;11-15 mph;30 - 35  MPH;2013;Daylight;30-39
35.900417105, -78.6521026191;"{""type"": ""Point"", ""coordinates"": [-78.65210261906454, 35.900417105039985]}";White;Raleigh;Travel Lane;2;12;Urban (>70% Developed);Male;Pickup;0;#NULL!;0;0;White;No;0;25-29;Motorist Overtaking - Other / Unknown;None;No;No;Dry;0;Urban;No;04MAY2013;0;12:50;Male;No;Commercial;B: Evident Injury;No;O: No Injury;1072;May;0;Straight - Level;Piedmont;With Traffic;No Control Present;Saturday;Non-Intersection;27;0;Two-Way, Not Divided;4 lanes;0;#NULL!;SIX FORKS RD;Coarse Asphalt;#NULL!;No Special Feature;Motorist Overtaking Bicyclist;Local Street;B: Evident Injury;Wake;61;Clear;#NULL!;Unknown;Unknown;2013;Daylight;60-69
35.3257068428, -82.4582037263;"{""type"": ""Point"", ""coordinates"": [-82.45820372625909, 35.32570684278071]}";Black;Hendersonville;Travel Lane;2;17;Urban (>70% Developed);Male;Sport Utility;0;#NULL!;0;0;Unknown/Missing;No;0;30-39;Motorist Drive Out - Sign-Controlled Intersection;None;No;No;Dry;0;Urban;Yes;09APR2013;0;17:34;Unknown;Missing;Residential;O: No Injury;No;Unknown Injury;1078;April;0;Straight - Level;Mountains;Facing Traffic;Stop Sign;Tuesday;Intersection;34;0;Two-Way, Not Divided;2 lanes;0;#NULL!;ASHE ST;Coarse Asphalt;#NULL!;T-Intersection;Motorist Failed to Yield - Sign-Controlled Intersection;Local Street;O: No Injury;Henderson;Unknown;Clear;#NULL!;6-10 mph;20 - 25  MPH;2013;Daylight;Unknown
35.7861070801, -78.6627026167;"{""type"": ""Point"", ""coordinates"": [-78.66270261670054, 35.786107080089074]}";White;Raleigh;Travel Lane;2;10;Urban (>70% Developed);Male;Unknown;0;#NULL!;0;0;Unknown/Missing;No;0;25-29;Motorist Drive Out - Sign-Controlled Intersection;None;No;No;Dry;0;Urban;Yes;30APR2013;0;10:35;Unknown;Missing;Commercial;O: No Injury;Yes;Unknown Injury;1080;April;0;Straight - Level;Piedmont;With Traffic;Yield Sign;Tuesday;Intersection;26;0;Unknown;4 lanes;0;#NULL!;HILLSBOROUGH ST;Smooth Asphalt;#NULL!;No Special Feature;Motorist Failed to Yield - Sign-Controlled Intersection;Local Street;O: No Injury;Wake;Unknown;Clear;#NULL!;11-15 mph;20 - 25  MPH;2013;Daylight;Unknown
35.5628168875, -82.5945037802;"{""type"": ""Point"", ""coordinates"": [-82.5945037801883, 35.56281688753626]}";White;Asheville;Travel Lane;2;10;Urban (>70% Developed);Female;Unknown;0;#NULL!;0;0;Unknown/Missing;No;0;50-59;Motorist Overtaking - Misjudged Space;None;No;No;Dry;0;Urban;Yes;23APR2013;0;10:13;Unknown;Missing;Commercial;C: Possible Injury;No;Unknown Injury;1087;April;0;Straight - Grade;Mountains;With Traffic;No Control Present;Tuesday;Non-Intersection;55;0;Two-Way, Not Divided;4 lanes;0;#NULL!;NC 191;Coarse Asphalt;#NULL!;No Special Feature;Motorist Overtaking Bicyclist;NC Route;C: Possible Injury;Buncombe;Unknown;Clear;#NULL!;31-35 mph;30 - 35  MPH;2013;Daylight;Unknown
36.0683170988, -79.8112029787;"{""type"": ""Point"", ""coordinates"": [-79.81120297869157, 36.06831709876553]}";White;Greensboro;Travel Lane;2;9;Urban (>70% Developed);Male;Passenger Car;0;#NULL!;0;0;Black;No;0;20-24;Motorist Drive Through - Sign-Controlled Intersection;None;No;No;Unknown;0;Urban;Yes;24APR2013;0;9:46;Male;No;Institutional;B: Evident Injury;No;O: No Injury;1093;April;0;Straight - Hillcrest;Piedmont;With Traffic;No Control Present;Wednesday;Intersection-Related;21;0;Two-Way, Not Divided;Unknown;0;#NULL!;WALKER AVE;Smooth Asphalt;#NULL!;No Special Feature;Motorist Failed to Yield - Sign-Controlled Intersection;Local Street;B: Evident Injury;Guilford;22;Clear;#NULL!;Unknown;20 - 25  MPH;2013;Daylight;20-24
35.7885970802, -78.6717026191;"{""type"": ""Point"", ""coordinates"": [-78.67170261910954, 35.788597080222885]}";White;Raleigh;Travel Lane;2;13;Urban (>70% Developed);Male;Passenger Car;0;#NULL!;0;0;White;No;0;40-49;Motorist Left Turn - Opposite Direction;None;No;No;Dry;0;Urban;No;09MAY2013;0;13:35;Female;No;Commercial;B: Evident Injury;Yes;O: No Injury;1096;May;0;Straight - Level;Piedmont;With Traffic;No Control Present;Thursday;Non-Intersection;45;0;Two-Way, Not Divided;Unknown;0;#NULL!;HILLSBOROUGH ST;Smooth Asphalt;#NULL!;Other;Motorist Left Turn / Merge;Public Vehicular Area;B: Evident Injury;Wake;31;Clear;#NULL!;0-5 mph;30 - 35  MPH;2013;Daylight;30-39
34.7012769074, -76.7775019893;"{""type"": ""Point"", ""coordinates"": [-76.77750198930916, 34.70127690736397]}";White;Atlantic Beach;Driveway / Alley;2;12;Urban (>70% Developed);Male;Sport Utility;0;#NULL!;0;0;White;No;0;0-5;Bicyclist Ride Out - Residential Driveway;None;No;No;Dry;0;Rural;No;05MAY2013;0;12:43;Male;No;Residential;B: Evident Injury;Yes;O: No Injury;1100;May;0;Straight - Hillcrest;Coastal;Not Applicable;No Control Present;Sunday;Non-Intersection;5;0;Two-Way, Not Divided;2 lanes;0;#NULL!;LEE DR;Smooth Asphalt;#NULL!;Driveway, Private;Bicyclist Failed to Yield - Midblock;Local Street;B: Evident Injury;Carteret;58;Clear;#NULL!;6-10 mph;20 - 25  MPH;2013;Daylight;50-59
35.6090670867, -77.3695022143;"{""type"": ""Point"", ""coordinates"": [-77.3695022142757, 35.609067086674656]}";White;Greenville;Travel Lane;2;15;Urban (>70% Developed);Male;Passenger Car;0;#NULL!;0;0;White;No;0;20-24;Bicyclist Left Turn - Opposite Direction;None;No;No;Dry;0;Urban;No;03MAY2013;0;15:35;Female;No;Institutional;O: No Injury;No;O: No Injury;1107;May;0;Straight - Level;Coastal;With Traffic;Stop Sign;Friday;Non-Intersection;22;0;Two-Way, Divided, Unprotected Median;2 lanes;0;#NULL!;FACULTY WAY;Smooth Asphalt;#NULL!;No Special Feature;Bicyclist Left Turn / Merge;Local Street;O: No Injury;Pitt;18;Clear;#NULL!;6-10 mph;5 - 15 MPH;2013;Daylight;0-19
35.7928870835, -78.6133026014;"{""type"": ""Point"", ""coordinates"": [-78.61330260143892, 35.7928870834563]}";Black;Raleigh;Sidewalk / Crosswalk / Driveway Crossing;2;18;Urban (>70% Developed);Male;Activity Bus;0;#NULL!;0;0;Black;No;0;30-39;Crossing Paths - Intersection - Other / Unknown;None;No;No;Wet;0;Urban;No;20MAY2013;0;18:29;Male;No;Residential;O: No Injury;Yes;O: No Injury;1112;May;0;Straight - Level;Piedmont;Facing Traffic;Stop And Go Signal;Monday;Intersection;36;0;Two-Way, Not Divided;3 lanes;0;#NULL!;GLASCOCK ST;Smooth Asphalt;#NULL!;No Special Feature;Crossing Paths - Other Circumstances;Local Street;O: No Injury;Wake;50;Rain;#NULL!;0-5 mph;20 - 25  MPH;2013;Daylight;50-59
35.0898369185, -78.9828026766;"{""type"": ""Point"", ""coordinates"": [-78.98280267661819, 35.089836918504545]}";White;Fayetteville;Travel Lane;2;16;Urban (>70% Developed);Male;Passenger Car;0;#NULL!;0;0;Black;No;0;20-24;Bicyclist Ride Out - Signalized  Intersection;None;No;No;Dry;0;Urban;Yes;08MAY2013;0;16:43;Male;No;Commercial;O: No Injury;No;O: No Injury;1115;May;0;Straight - Level;Coastal;Facing Traffic;Stop And Go Signal;Wednesday;Intersection;24;0;Two-Way, Not Divided;5 lanes;0;#NULL!;SANTE FE DR;Coarse Asphalt;#NULL!;No Special Feature;Bicyclist Failed to Yield - Signalized Intersection;Local Street;O: No Injury;Cumberland;29;Clear;#NULL!;6-10 mph;40 - 45  MPH;2013;Daylight;25-29
33.9000366709, -78.577502496;"{""type"": ""Point"", ""coordinates"": [-78.57750249603312, 33.90003667089277]}";White;Carolina Shores;Travel Lane;2;17;Urban (>70% Developed);Male;Pickup;0;#NULL!;0;0;White;No;0;70+;Motorist Overtaking - Other / Unknown;None;No;No;Dry;0;Rural;No;25MAY2013;0;17:30;Male;No;Residential;B: Evident Injury;Yes;O: No Injury;1123;May;0;Straight - Level;Coastal;With Traffic;No Control Present;Saturday;Non-Intersection;70+;0;Two-Way, Not Divided;Unknown;0;#NULL!;PVA SAND DOLLAR DR;Coarse Asphalt;#NULL!;No Special Feature;Motorist Overtaking Bicyclist;Public Vehicular Area;B: Evident Injury;Brunswick;31;Clear;#NULL!;0-5 mph;50 - 55  MPH;2013;Daylight;30-39
35.2893368699, -81.5375034516;"{""type"": ""Point"", ""coordinates"": [-81.53750345164136, 35.28933686990557]}";Black;None - Rural Crash;Sidewalk / Crosswalk / Driveway Crossing;2;14;Urban (>70% Developed);Male;Pickup;0;#NULL!;0;0;White;No;0;20-24;Bicyclist Failed to Clear - Trapped;None;No;No;Dry;0;Rural;No;09MAY2013;0;14:49;Female;No;Commercial;C: Possible Injury;Yes;O: No Injury;1124;May;0;Straight - Level;Mountains;Facing Traffic;Stop And Go Signal;Thursday;Intersection;24;0;Two-Way, Not Divided;5 lanes;0;#NULL!;GRAHAM ST;Smooth Asphalt;#NULL!;No Special Feature;Bicyclist Failed to Yield - Signalized Intersection;Local Street;C: Possible Injury;Cleveland;60;Clear;#NULL!;0-5 mph;20 - 25  MPH;2013;Daylight;60-69
36.0984471064, -79.7692029675;"{""type"": ""Point"", ""coordinates"": [-79.76920296748118, 36.09844710640856]}";Black;Greensboro;Travel Lane;2;17;Urban (>70% Developed);Male;Pickup;0;#NULL!;0;0;White;No;0;0-5;Bicyclist Ride Through - Sign-Controlled Intersection;None;No;No;Dry;0;Urban;No;21MAY2013;0;17:49;Male;No;Residential;C: Possible Injury;Yes;O: No Injury;1126;May;0;Straight - Level;Piedmont;With Traffic;Stop Sign;Tuesday;Intersection;5;0;Two-Way, Not Divided;2 lanes;0;#NULL!;KAY ST;Coarse Asphalt;#NULL!;Related To Intersection;Bicyclist Failed to Yield - Sign-Controlled Intersection;Local Street;C: Possible Injury;Guilford;36;Clear;#NULL!;21-25 mph;20 - 25  MPH;2013;Daylight;30-39
35.213326873, -81.0043032887;"{""type"": ""Point"", ""coordinates"": [-81.00430328872982, 35.21332687301912]}";White;Charlotte;Travel Lane;2;15;Rural (<30% Developed);Male;Passenger Car;0;#NULL!;0;0;White;No;0;30-39;Backing Vehicle;None;No;No;Dry;0;Urban;No;19MAY2013;0;15:52;Male;No;Residential;Unknown Injury;No;Unknown Injury;1136;May;0;Straight - Level;Piedmont;With Traffic;No Control Present;Sunday;Non-Intersection;31;0;Two-Way, Not Divided;2 lanes;0;#NULL!;PP 6319 AMOS SMITH RD;Smooth Asphalt;#NULL!;Driveway, Private;Backing Vehicle;Private Road, Driveway;Unknown Injury;Mecklenburg;16;Clear;#NULL!;0-5 mph;20 - 25  MPH;2013;Daylight;0-19
35.9838171116, -78.958002717;"{""type"": ""Point"", ""coordinates"": [-78.95800271699706, 35.983817111587825]}";White;Durham;Travel Lane;2;8;Urban (>70% Developed);Male;Pickup;0;#NULL!;0;0;White;No;0;30-39;Motorist Overtaking - Undetected Bicyclist;None;No;No;Dry;0;Urban;No;30MAY2013;0;8:13;Male;No;Commercial;C: Possible Injury;No;O: No Injury;1138;May;0;Straight - Level;Piedmont;With Traffic;No Control Present;Thursday;Non-Intersection;35;0;Two-Way, Not Divided;2 lanes;0;#NULL!;CORNWALLIS RD;Smooth Asphalt;#NULL!;No Special Feature;Motorist Overtaking Bicyclist;Local Street;C: Possible Injury;Durham;68;Clear;#NULL!;31-35 mph;30 - 35  MPH;2013;Daylight;60-69
33.9127666892, -78.1128023575;"{""type"": ""Point"", ""coordinates"": [-78.11280235747283, 33.91276668924985]}";White;Oak Island;Non-Roadway;2;12;Urban (>70% Developed);Male;Passenger Car;0;#NULL!;0;0;White;No;0;6-10;Non-Roadway;None;No;No;Dry;0;Urban;No;28APR2013;0;12:01;Female;No;Commercial;B: Evident Injury;No;O: No Injury;1141;April;0;Straight - Level;Coastal;Not Applicable;Other;Sunday;Non-Roadway;7;0;One-Way, Not Divided;Unknown;0;#NULL!;PVA 5002 E OAK ISLAND DR;Smooth Asphalt;#NULL!;Driveway, Public;Non-Roadway;Public Vehicular Area;B: Evident Injury;Brunswick;48;Cloudy;#NULL!;0-5 mph;5 - 15 MPH;2013;Daylight;40-49
36.0234670906, -79.7743029653;"{""type"": ""Point"", ""coordinates"": [-79.77430296527731, 36.02346709058519]}";White;Greensboro;Travel Lane;2;15;Urban (>70% Developed);Male;Passenger Car;0;#NULL!;0;0;White;No;0;30-39;Bicyclist Left Turn - Same Direction;None;No;No;Dry;0;Urban;No;09MAY2013;0;15:04;Female;No;Commercial;B: Evident Injury;Yes;O: No Injury;1143;May;0;Straight - Level;Piedmont;With Traffic;No Control Present;Thursday;Intersection;31;0;Two-Way, Not Divided;2 lanes;0;#NULL!;PLEASANT GARDEN RD;Coarse Asphalt;#NULL!;T-Intersection;Bicyclist Left Turn / Merge;Local Street;B: Evident Injury;Guilford;70+;Clear;#NULL!;21-25 mph;30 - 35  MPH;2013;Daylight;70+
36.1527871441, -79.0614027576;"{""type"": ""Point"", ""coordinates"": [-79.06140275755706, 36.15278714413122]}";White;None - Rural Crash;Travel Lane;2;11;Rural (<30% Developed);Male;Van;0;#NULL!;0;0;White;No;0;50-59;Motorist Overtaking - Other / Unknown;None;No;No;Dry;0;Rural;No;02JUN2013;0;11:09;Female;No;Farms, Woods, Pastures;A: Disabling Injury;Yes;O: No Injury;1152;June;0;Straight - Level;Piedmont;With Traffic;Other;Sunday;Non-Intersection;58;0;Two-Way, Divided, Unprotected Median;2 lanes;0;#NULL!;NC 57;Smooth Asphalt;#NULL!;No Special Feature;Motorist Overtaking Bicyclist;NC Route;A: Disabling Injury;Orange;70+;Clear;#NULL!;41-45 mph;50 - 55  MPH;2013;Daylight;70+
36.0098571179, -78.9506027156;"{""type"": ""Point"", ""coordinates"": [-78.95060271563452, 36.009857117858154]}";White;Durham;Travel Lane;2;17;Urban (>70% Developed);Male;Passenger Car;0;#NULL!;0;0;White;No;0;25-29;Motorist Left Turn - Opposite Direction;None;No;No;Dry;0;Urban;No;05JUN2013;0;17:51;Female;No;Residential;C: Possible Injury;No;O: No Injury;1155;June;0;Straight - Grade;Piedmont;With Traffic;No Control Present;Wednesday;Non-Intersection;26;0;Two-Way, Not Divided;2 lanes;0;#NULL!;CAMPUS WALK AVE;Smooth Asphalt;#NULL!;No Special Feature;Motorist Left Turn / Merge;Local Street;C: Possible Injury;Durham;27;Cloudy;#NULL!;6-10 mph;20 - 25  MPH;2013;Daylight;25-29
34.2358167639, -78.0048023399;"{""type"": ""Point"", ""coordinates"": [-78.00480233991244, 34.23581676394903]}";White;Leland;Travel Lane;2;18;Rural (<30% Developed);Male;Passenger Car;0;#NULL!;0;0;White;No;0;70+;Motorist Drive Out - Sign-Controlled Intersection;None;No;No;Dry;0;Rural;No;23MAY2013;0;18:56;Female;No;Commercial;K: Killed;Yes;O: No Injury;1162;May;0;Curve - Level;Coastal;With Traffic;Stop Sign;Thursday;Intersection;70+;0;Two-Way, Not Divided;4 lanes;0;#NULL!;OLD FAYETTEVILLE RD;Coarse Asphalt;#NULL!;Four-Way Intersection;Motorist Failed to Yield - Sign-Controlled Intersection;Local Street;K: Killed;Brunswick;20;Clear;#NULL!;26-30 mph;40 - 45  MPH;2013;Daylight;20-24
35.1871068739, -80.8400032384;"{""type"": ""Point"", ""coordinates"": [-80.84000323835497, 35.187106873929444]}";White;Charlotte;Travel Lane;2;8;Urban (>70% Developed);Male;Passenger Car;0;#NULL!;0;0;Unknown/Missing;No;0;50-59;Bicyclist Overtaking - Parked Vehicle;None;No;No;Dry;0;Urban;No;01JUN2013;0;8:18;Unknown;Missing;Residential;B: Evident Injury;Yes;Unknown Injury;1170;June;0;Straight - Level;Piedmont;With Traffic;No Control Present;Saturday;Non-Intersection;50;0;Two-Way, Divided, Unprotected Median;4 lanes;0;#NULL!;QUEENS ROAD WEST;Smooth Asphalt;#NULL!;No Special Feature;Bicyclist Overtaking Motorist;Local Street;B: Evident Injury;Mecklenburg;Unknown;Clear;#NULL!;Unknown;30 - 35  MPH;2013;Daylight;Unknown
35.2701670027, -77.6645022869;"{""type"": ""Point"", ""coordinates"": [-77.66450228685842, 35.27016700272835]}";White;None - Rural Crash;Travel Lane;2;14;Rural (<30% Developed);Male;Passenger Car;0;#NULL!;0;0;White;No;0;40-49;Bicyclist Left Turn - Same Direction;None;No;No;Dry;0;Rural;No;19JUN2013;0;14:56;Female;No;Farms, Woods, Pastures;C: Possible Injury;Yes;O: No Injury;1181;June;0;Straight - Level;Coastal;With Traffic;Double Yellow Line, No Passing Zone;Wednesday;Intersection;47;0;Two-Way, Not Divided;2 lanes;0;#NULL!;SR 2021;Coarse Asphalt;#NULL!;T-Intersection;Bicyclist Left Turn / Merge;State Secondary Route;C: Possible Injury;Lenoir;41;Cloudy;#NULL!;26-30 mph;30 - 35  MPH;2013;Daylight;40-49
35.7803470796, -78.6402026096;"{""type"": ""Point"", ""coordinates"": [-78.6402026096008, 35.78034707964989]}";White;Raleigh;Travel Lane;2;3;Urban (>70% Developed);Female;Unknown;0;#NULL!;0;0;Unknown/Missing;No;0;25-29;Signalized Intersection - Other / Unknown;None;No;No;Dry;0;Urban;Yes;20JUN2013;0;3:29;Unknown;Missing;Commercial;C: Possible Injury;No;Unknown Injury;1186;June;0;Straight - Level;Piedmont;Facing Traffic;Stop And Go Signal;Thursday;Intersection;26;0;One-Way, Not Divided;3 lanes;0;#NULL!;S SALISBURY ST;Smooth Asphalt;#NULL!;No Special Feature;Crossing Paths - Other Circumstances;Local Street;C: Possible Injury;Wake;Unknown;Clear;#NULL!;11-15 mph;30 - 35  MPH;2013;Dark - Lighted Roadway;Unknown
34.2255867654, -77.9057023089;"{""type"": ""Point"", ""coordinates"": [-77.90570230892884, 34.22558676536378]}";White;Wilmington;Sidewalk / Crosswalk / Driveway Crossing;2;8;Urban (>70% Developed);Male;Sport Utility;0;#NULL!;0;0;White;No;0;40-49;Motorist Drive Out - Sign-Controlled Intersection;None;No;No;Dry;0;Urban;No;16MAY2013;0;8:00;Male;No;Residential;B: Evident Injury;Yes;O: No Injury;1188;May;0;Straight - Level;Coastal;Facing Traffic;Stop Sign;Thursday;Intersection;46;0;Two-Way, Divided, Unprotected Median;4 lanes;0;#NULL!;WRIGHTSVILLE AVE;Smooth Asphalt;#NULL!;Related To Intersection;Motorist Failed to Yield - Sign-Controlled Intersection;Local Street;B: Evident Injury;New Hanover;44;Clear;#NULL!;0-5 mph;20 - 25  MPH;2013;Daylight;40-49
35.4866768734, -82.544303761;"{""type"": ""Point"", ""coordinates"": [-82.54430376099522, 35.486676873440814]}";White;Asheville;Travel Lane;2;18;Urban (>70% Developed);Male;Passenger Car;0;#NULL!;0;0;Unknown/Missing;No;0;11-15;Bicyclist Turning Error - Right Turn;None;No;No;Dry;0;Urban;No;26MAY2013;0;18:21;Female;No;Residential;B: Evident Injury;No;O: No Injury;1194;May;0;Straight - Level;Mountains;With Traffic;Stop Sign;Sunday;Intersection;13;0;Two-Way, Not Divided;2 lanes;0;#NULL!;COLUMBINE RD;Coarse Asphalt;#NULL!;No Special Feature;Loss of Control / Turning Error;Local Street;B: Evident Injury;Buncombe;46;Clear;#NULL!;Unknown;20 - 25  MPH;2013;Daylight;40-49
35.2610068922, -80.7624032196;"{""type"": ""Point"", ""coordinates"": [-80.7624032196342, 35.2610068921561]}";Hispanic;Charlotte;Travel Lane;3;18;Urban (>70% Developed);Male;Sport Utility;0;#NULL!;0;0;Black;No;0;40-49;Head-On - Motorist;Other;No;Missing;Dry;0;Urban;No;11JUN2013;0;18:30;Female;No;Commercial;B: Evident Injury;Yes;C: Possible Injury;1200;June;0;Straight - Level;Piedmont;With Traffic;No Control Present;Tuesday;Intersection-Related;40;0;Two-Way, Not Divided;2 lanes;0;#NULL!;GENERAL COMMERCE DRIVE;Smooth Asphalt;#NULL!;T-Intersection;Head-On;Local Street;O: No Injury;Mecklenburg;48;Clear;#NULL!;21-25 mph;20 - 25  MPH;2013;Daylight;40-49
35.7365371034, -77.672602313;"{""type"": ""Point"", ""coordinates"": [-77.67260231299878, 35.7365371034422]}";White;None - Rural Crash;Travel Lane;2;19;Rural (<30% Developed);Male;Passenger Car;0;#NULL!;0;0;White;No;0;11-15;Bicyclist Right Turn - Same Direction;None;No;No;Dry;0;Rural;No;16JUL2013;0;19:05;Female;No;Farms, Woods, Pastures;B: Evident Injury;Yes;O: No Injury;1262;July;0;Straight - Level;Coastal;Facing Traffic;No Control Present;Tuesday;Non-Intersection;15;0;Two-Way, Not Divided;2 lanes;0;#NULL!;SR 1004;Smooth Asphalt;#NULL!;No Special Feature;Bicyclist Right Turn / Merge;State Secondary Route;B: Evident Injury;Edgecombe;23;Clear;#NULL!;41-45 mph;50 - 55  MPH;2013;Daylight;20-24
35.5545370853, -77.0446021122;"{""type"": ""Point"", ""coordinates"": [-77.04460211220479, 35.55453708529319]}";Black;Washington;Travel Lane;2;9;Urban (>70% Developed);Male;Passenger Car;0;#NULL!;0;0;White;No;0;60-69;Motorist Turning Error - Other;None;No;No;Dry;0;Urban;No;24JUL2013;0;9:00;Female;No;Residential;C: Possible Injury;Yes;O: No Injury;1332;July;0;Straight - Level;Coastal;Facing Traffic;Stop Sign;Wednesday;Intersection;66;0;Two-Way, Not Divided;4 lanes;0;#NULL!;E 15TH ST;Coarse Asphalt;#NULL!;Four-Way Intersection;Loss of Control / Turning Error;Local Street;C: Possible Injury;Beaufort;20;Clear;#NULL!;6-10 mph;30 - 35  MPH;2013;Daylight;20-24
35.066236914, -78.9670026704;"{""type"": ""Point"", ""coordinates"": [-78.96700267043597, 35.06623691401008]}";Black;Fayetteville;Sidewalk / Crosswalk / Driveway Crossing;2;11;Urban (>70% Developed);Female;Passenger Car;0;#NULL!;0;0;White;No;0;6-10;Motorist Drive Out - Sign-Controlled Intersection;None;No;No;Dry;0;Urban;No;28JUL2013;0;11:04;Male;No;Commercial;C: Possible Injury;Yes;O: No Injury;1373;July;0;Straight - Level;Coastal;Facing Traffic;Stop Sign;Sunday;Intersection;10;0;Two-Way, Divided, Positive Median Barrier;6 lanes;0;#NULL!;SKIBO RD;Coarse Asphalt;#NULL!;No Special Feature;Motorist Failed to Yield - Sign-Controlled Intersection;Local Street;C: Possible Injury;Cumberland;22;Clear;#NULL!;6-10 mph;40 - 45  MPH;2013;Daylight;20-24
35.9795371105, -78.9579027166;"{""type"": ""Point"", ""coordinates"": [-78.95790271663863, 35.97953711049419]}";Asian;Durham;Travel Lane;2;14;Urban (>70% Developed);Female;Passenger Car;0;#NULL!;0;0;White;No;0;20-24;Motorist Overtaking - Other / Unknown;None;No;No;Dry;0;Urban;No;26AUG2013;0;14:49;Male;No;Commercial;B: Evident Injury;Yes;O: No Injury;1394;August;0;Straight - Grade;Piedmont;With Traffic;No Control Present;Monday;Non-Intersection;24;0;Two-Way, Not Divided;2 lanes;0;#NULL!;WESTERN BYPASS;Coarse Asphalt;#NULL!;No Special Feature;Motorist Overtaking Bicyclist;Local Street;B: Evident Injury;Durham;66;Clear;#NULL!;31-35 mph;30 - 35  MPH;2013;Daylight;60-69
34.2834067707, -78.1405023831;"{""type"": ""Point"", ""coordinates"": [-78.14050238308342, 34.283406770675995]}";White;None - Rural Crash;Bike Lane / Paved Shoulder;2;7;Rural (<30% Developed);Female;Passenger Car;0;#NULL!;0;0;Black;No;0;30-39;Motorist Overtaking - Other / Unknown;None;No;No;Dry;0;Rural;No;28AUG2013;0;7:55;Male;No;Farms, Woods, Pastures;O: No Injury;No;O: No Injury;1396;August;0;Straight - Level;Coastal;With Traffic;No Control Present;Wednesday;Non-Intersection;31;0;Two-Way, Not Divided;2 lanes;0;#NULL!;NC 87;Coarse Asphalt;#NULL!;No Special Feature;Motorist Overtaking Bicyclist;NC Route;O: No Injury;Brunswick;48;Clear;#NULL!;51-55 mph;50 - 55  MPH;2013;Daylight;40-49
36.1256271262, -79.3869028545;"{""type"": ""Point"", ""coordinates"": [-79.38690285449694, 36.125627126175075]}";White;None - Rural Crash;Travel Lane;2;22;Rural (<30% Developed);Male;Passenger Car;0;#NULL!;0;0;Unknown/Missing;No;0;25-29;Motorist Overtaking - Undetected Bicyclist;None;No;No;Dry;0;Rural;Yes;26AUG2013;0;22:48;Unknown;No;Farms, Woods, Pastures;C: Possible Injury;Yes;Unknown Injury;1397;August;0;Straight - Level;Piedmont;With Traffic;No Control Present;Monday;Non-Intersection;25;0;Two-Way, Not Divided;2 lanes;0;#NULL!;SR 1735;Smooth Asphalt;#NULL!;No Special Feature;Motorist Overtaking Bicyclist;State Secondary Route;C: Possible Injury;Alamance;Unknown;Clear;#NULL!;41-45 mph;40 - 45  MPH;2013;Dark - Roadway Not Lighted;Unknown