Geo Point;Geo Shape;BikeRace;City;BikePos;NumUnits;CrashHour;Locality;BikeSex;DrvrVehTyp;NumBikesNo;BikeAlcDrg;NumBikesBI;RteInvdCd;DrvrRace;Workzone;NumBikesCi;BikeAgeGrp;CrashType;RdDefects;CrashAlcoh;BikeAlcoho;RdConditio;DstncMiFrm;RuralUrban;HitRun;CrashDate;NumBikesUI;CrashTime;DrvrSex;DrvrAlcoho;Developmen;CrashSevr;AmbulanceR;DrvrInjury;OBJECTID;CrashMonth;NumBikesKi;RdCharacte;Region;BikeDir;TraffCntrl;CrashDay;CrashLoc;BikeAge;NumBikesTo;RdConfig;NumLanes;NumBikesAI;DrvrAlcDrg;OnRoad;RdSurface;Towrd_Rd;RdFeature;CrashGrp;RdClass;BikeInjury;County;DrvrAge;Weather;FrmRd;DrvrEstSpd;SpeedLimit;CrashYear;LightCond;DrvrAgeGrp
35.2727168792, -81.1924033488;"{""type"": ""Point"", ""coordinates"": [-81.19240334879127, 35.272716879235794]}";Black;Gastonia;Travel Lane;2;16;Urban (>70% Developed);Male;Passenger Car;0;#NULL!;0;0;Black;No;0;11-15;Bicyclist Ride Through - Sign-Controlled Intersection;None;No;No;Dry;0;Urban;No;07AUG2013;0;16:01;Female;No;Residential;C: Possible Injury;Yes;O: No Injury;1410;August;0;Straight - Grade;Piedmont;With Traffic;Stop Sign;Wednesday;Intersection;14;0;Two-Way, Not Divided;2 lanes;0;#NULL!;N PRYOR ST;Smooth Asphalt;#NULL!;Four-Way Intersection;Bicyclist Failed to Yield - Sign-Controlled Intersection;Local Street;C: Possible Injury;Gaston;24;Cloudy;#NULL!;26-30 mph;30 - 35  MPH;2013;Daylight;20-24
34.7359068913, -77.5189022169;"{""type"": ""Point"", ""coordinates"": [-77.5189022168882, 34.73590689128648]}";Hispanic;None - Rural Crash;Travel Lane;2;21;Rural (<30% Developed);Male;Van;0;#NULL!;0;0;White;No;0;20-24;Motorist Overtaking - Misjudged Space;None;Yes;Yes;Dry;0;Rural;No;04SEP2013;0;21:47;Female;No;Residential;B: Evident Injury;Yes;O: No Injury;1419;September;0;Straight - Level;Coastal;With Traffic;No Control Present;Wednesday;Non-Intersection;22;0;Two-Way, Not Divided;2 lanes;0;#NULL!;NC 53;Smooth Asphalt;#NULL!;No Special Feature;Motorist Overtaking Bicyclist;NC Route;B: Evident Injury;Onslow;34;Clear;#NULL!;41-45 mph;40 - 45  MPH;2013;Dark - Roadway Not Lighted;30-39
35.9874371148, -78.8997026986;"{""type"": ""Point"", ""coordinates"": [-78.89970269855507, 35.9874371148034]}";Black;Durham;Non-Roadway;2;18;Urban (>70% Developed);Male;Passenger Car;0;#NULL!;0;0;Hispanic;No;0;30-39;Non-Roadway;None;Yes;Yes;Dry;0;Urban;No;08SEP2013;0;18:11;Female;No;Commercial;C: Possible Injury;Yes;O: No Injury;1424;September;0;Straight - Level;Piedmont;Not Applicable;No Control Present;Sunday;Non-Roadway;30;0;Two-Way, Not Divided;Unknown;0;#NULL!;PVA 401 E LAKEWOOD AVE;Coarse Asphalt;#NULL!;No Special Feature;Non-Roadway;Public Vehicular Area;C: Possible Injury;Durham;40;Clear;#NULL!;0-5 mph;5 - 15 MPH;2013;Daylight;40-49
34.751936897, -77.4497021958;"{""type"": ""Point"", ""coordinates"": [-77.44970219584813, 34.75193689696908]}";White;Jacksonville;Travel Lane;2;17;Urban (>70% Developed);Female;Passenger Car;0;#NULL!;0;0;Unknown/Missing;No;0;20-24;Motorist Overtaking - Misjudged Space;None;No;No;Dry;0;Urban;No;16AUG2013;0;17:53;Unknown;No;Residential;C: Possible Injury;Yes;O: No Injury;1429;August;0;Curve - Level;Coastal;With Traffic;No Control Present;Friday;Non-Intersection;20;0;Two-Way, Not Divided;6 lanes;0;#NULL!;US 17;Smooth Asphalt;#NULL!;No Special Feature;Motorist Overtaking Bicyclist;US Route;C: Possible Injury;Onslow;66;Cloudy;#NULL!;41-45 mph;40 - 45  MPH;2013;Daylight;60-69
35.5179770351, -78.3145024971;"{""type"": ""Point"", ""coordinates"": [-78.31450249713599, 35.517977035051146]}";Black;Smithfield;Non-Roadway;2;17;Urban (>70% Developed);Female;Pickup;0;#NULL!;0;0;Unknown/Missing;No;0;30-39;Non-Roadway;None;No;No;Wet;0;Urban;No;17AUG2013;0;17:30;Unknown;Missing;Commercial;O: No Injury;No;Unknown Injury;1432;August;0;Straight - Level;Coastal;Not Applicable;No Control Present;Saturday;Non-Roadway;33;0;Two-Way, Not Divided;2 lanes;0;#NULL!;PVA 1230 NORTH BRIGHTLEAF;Smooth Asphalt;#NULL!;No Special Feature;Non-Roadway;Public Vehicular Area;O: No Injury;Johnston;Unknown;Rain;#NULL!;0-5 mph;5 - 15 MPH;2013;Daylight;Unknown
36.1071471375, -78.9710027267;"{""type"": ""Point"", ""coordinates"": [-78.9710027266693, 36.10714713748979]}";White;None - Rural Crash;Travel Lane;2;10;Rural (<30% Developed);Female;Pickup;0;#NULL!;0;0;White;No;0;50-59;Motorist Lost Control - Mechanical Problems;None;No;No;Dry;0;Rural;No;08SEP2013;0;10:21;Male;No;Residential;B: Evident Injury;Yes;O: No Injury;1448;September;0;Straight - Grade;Piedmont;With Traffic;Double Yellow Line, No Passing Zone;Sunday;Non-Intersection;52;0;Two-Way, Not Divided;2 lanes;0;#NULL!;SR 1453;Smooth Asphalt;#NULL!;No Special Feature;Loss of Control / Turning Error;State Secondary Route;B: Evident Injury;Durham;47;Clear;#NULL!;41-45 mph;40 - 45  MPH;2013;Daylight;40-49
34.2181767645, -77.8786023005;"{""type"": ""Point"", ""coordinates"": [-77.87860230047997, 34.2181767645246]}";White;Wilmington;Bike Lane / Paved Shoulder;2;11;Urban (>70% Developed);Male;Pickup;0;#NULL!;0;0;White;No;0;20-24;Motorist Left Turn - Same Direction;None;No;No;Dry;0;Urban;No;26AUG2013;0;11:07;Male;No;Residential;B: Evident Injury;Yes;O: No Injury;1467;August;0;Straight - Level;Coastal;Facing Traffic;No Control Present;Monday;Intersection;21;0;One-Way, Not Divided;2 lanes;0;#NULL!;MACMILLAN AVE;Coarse Asphalt;#NULL!;No Special Feature;Motorist Left Turn / Merge;Local Street;B: Evident Injury;New Hanover;62;Clear;#NULL!;6-10 mph;30 - 35  MPH;2013;Daylight;60-69
34.1481867485, -77.9012173041;"{""type"": ""Point"", ""coordinates"": [-77.90121730408697, 34.14818674854652]}";White;Wilmington;Bike Lane / Paved Shoulder;2;6;Urban (>70% Developed);Male;Pickup;0;#NULL!;0;0;White;No;0;30-39;Motorist Drive Out - Sign-Controlled Intersection;None;No;No;Dry;0;Urban;No;24AUG2010;0;6:57;Male;No;Residential;C: Possible Injury;Yes;O: No Injury;4296;August;0;Straight - Level;Coastal;Facing Traffic;Stop Sign;Tuesday;Intersection;30;0;Two-Way, Divided, Unprotected Median;6 lanes;0;#NULL!;#NULL!;Smooth Asphalt;#NULL!;No Special Feature;Motorist Failed to Yield - Sign-Controlled Intersection;US Route;C: Possible Injury;New Hanover;56;Clear;#NULL!;0-5 mph;20 - 25  MPH;2010;Daylight;50-59
35.7819470788, -78.6715826191;"{""type"": ""Point"", ""coordinates"": [-78.67158261912043, 35.78194707882673]}";White;Raleigh;Sidewalk / Crosswalk / Driveway Crossing;2;22;Urban (>70% Developed);Female;Unknown;0;#NULL!;0;0;Unknown/Missing;No;0;16-19;Motorist Drive Out - Sign-Controlled Intersection;None;No;No;Dry;0;Urban;Yes;31AUG2010;0;22:07;Unknown;Missing;Institutional;A: Disabling Injury;No;Unknown Injury;4303;August;0;Straight - Grade;Piedmont;Facing Traffic;Stop Sign;Tuesday;Intersection;18;0;Two-Way, Not Divided;2 lanes;0;#NULL!;#NULL!;Smooth Asphalt;#NULL!;Driveway, Public;Motorist Failed to Yield - Sign-Controlled Intersection;Local Street;A: Disabling Injury;Wake;Unknown;Clear;#NULL!;0-5 mph;20 - 25  MPH;2010;Daylight;Unknown
35.0163719785, -76.7281019887;"{""type"": ""Point"", ""coordinates"": [-76.72810198871944, 35.01637197854063]}";Black;None - Rural Crash;Travel Lane;2;7;Rural (<30% Developed);Male;Van;0;#NULL!;0;0;Black;No;0;60-69;Motorist Overtaking - Misjudged Space;None;No;No;Dry;0;Rural;No;09SEP2010;0;7:34;Female;No;Farms, Woods, Pastures;C: Possible Injury;Yes;O: No Injury;4307;September;0;Straight - Level;Coastal;With Traffic;No Control Present;Thursday;Non-Intersection;62;0;Two-Way, Not Divided;2 lanes;0;#NULL!;#NULL!;Smooth Asphalt;#NULL!;No Special Feature;Motorist Overtaking Bicyclist;State Secondary Route;C: Possible Injury;Pamlico;58;Clear;#NULL!;36-40 mph;50 - 55  MPH;2010;Dawn;50-59
35.8911890517, -80.0793030497;"{""type"": ""Point"", ""coordinates"": [-80.07930304965112, 35.89118905165563]}";White;Thomasville;Travel Lane;2;18;Urban (>70% Developed);Male;Passenger Car;0;#NULL!;0;0;Black;No;0;16-19;Bicyclist Lost Control - Other / Unknown;None;No;No;Dry;0;Urban;No;01SEP2010;0;18:06;Male;No;Residential;B: Evident Injury;Yes;C: Possible Injury;4310;September;0;Straight - Grade;Piedmont;With Traffic;School Zone Signs;Wednesday;Non-Intersection;19;0;Two-Way, Not Divided;2 lanes;0;#NULL!;#NULL!;Coarse Asphalt;#NULL!;No Special Feature;Loss of Control / Turning Error;Local Street;B: Evident Injury;Davidson;61;Clear;#NULL!;Unknown;30 - 35  MPH;2010;Daylight;60-69
35.7244789541, -81.7437775376;"{""type"": ""Point"", ""coordinates"": [-81.7437775375822, 35.72447895406838]}";Asian;Morganton;Travel Lane;2;13;Urban (>70% Developed);Male;Pickup;0;#NULL!;0;0;White;No;0;11-15;Bicyclist Left Turn - Same Direction;None;No;No;Dry;0;Urban;No;05SEP2010;0;13:19;Male;No;Commercial;B: Evident Injury;Yes;O: No Injury;4312;September;0;Curve - Hillcrest;Mountains;With Traffic;No Control Present;Sunday;Non-Intersection;15;0;Two-Way, Not Divided;2 lanes;0;#NULL!;#NULL!;Smooth Asphalt;#NULL!;No Special Feature;Bicyclist Left Turn / Merge;Local Street;B: Evident Injury;Burke;48;Clear;#NULL!;16-20 mph;40 - 45  MPH;2010;Daylight;40-49
35.1546168685, -80.7950532237;"{""type"": ""Point"", ""coordinates"": [-80.79505322371635, 35.15461686849715]}";White;Charlotte;Sidewalk / Crosswalk / Driveway Crossing;2;17;Urban (>70% Developed);Male;Passenger Car;0;#NULL!;0;0;White;No;0;11-15;Motorist Drive Out - Signalized Intersection;None;No;No;Dry;0;Urban;No;06SEP2010;0;17:34;Male;No;Commercial;C: Possible Injury;Yes;C: Possible Injury;4317;September;0;Straight - Level;Piedmont;Facing Traffic;Stop And Go Signal;Monday;Intersection;13;0;Two-Way, Divided, Unprotected Median;6 lanes;0;#NULL!;#NULL!;Smooth Asphalt;#NULL!;Four-Way Intersection;Motorist Failed to Yield - Signalized Intersection;Local Street;C: Possible Injury;Mecklenburg;70+;Clear;#NULL!;0-5 mph;40 - 45  MPH;2010;Daylight;70+
34.9577818826, -79.1979027348;"{""type"": ""Point"", ""coordinates"": [-79.19790273482603, 34.957781882644255]}";White;None - Rural Crash;Travel Lane;2;21;Rural (<30% Developed);Male;Unknown;0;#NULL!;0;0;Unknown/Missing;No;0;50-59;Motorist Overtaking - Other / Unknown;None;No;No;Dry;0;Rural;Yes;10SEP2010;0;21:16;Unknown;No;Farms, Woods, Pastures;A: Disabling Injury;Yes;Unknown Injury;4320;September;0;Straight - Level;Coastal;With Traffic;No Control Present;Friday;Non-Intersection;52;0;Two-Way, Not Divided;2 lanes;0;#NULL!;#NULL!;Coarse Asphalt;#NULL!;No Special Feature;Motorist Overtaking Bicyclist;NC Route;A: Disabling Injury;Hoke;Unknown;Clear;#NULL!;Unknown;50 - 55  MPH;2010;Daylight;Unknown
34.2400507674, -77.9467123225;"{""type"": ""Point"", ""coordinates"": [-77.9467123225193, 34.2400507674374]}";White;Wilmington;Travel Lane;2;12;Urban (>70% Developed);Female;Passenger Car;0;#NULL!;0;0;Black;No;0;16-19;Motorist Drive Out - Signalized Intersection;None;No;No;Dry;0;Urban;No;30AUG2010;0;12:28;Male;No;Commercial;B: Evident Injury;Yes;O: No Injury;4323;August;0;Straight - Level;Coastal;With Traffic;Stop And Go Signal;Monday;Intersection;18;0;Two-Way, Not Divided;2 lanes;0;#NULL!;#NULL!;Coarse Asphalt;#NULL!;Four-Way Intersection;Motorist Failed to Yield - Signalized Intersection;Local Street;B: Evident Injury;New Hanover;50;Clear;#NULL!;0-5 mph;20 - 25  MPH;2010;Daylight;50-59
36.0098491195, -78.9083127026;"{""type"": ""Point"", ""coordinates"": [-78.9083127026365, 36.009849119462565]}";Other;Durham;Unknown;2;17;Urban (>70% Developed);Male;Sport Utility;0;#NULL!;0;0;White;No;0;11-15;Motorist Drive Through - Signalized Intersection;None;No;No;Dry;0;Urban;No;18SEP2010;0;17:43;Female;No;Residential;B: Evident Injury;Yes;O: No Injury;4340;September;0;Straight - Level;Piedmont;With Traffic;Stop And Go Signal;Saturday;Intersection;11;0;One-Way, Not Divided;2 lanes;0;#NULL!;#NULL!;Smooth Asphalt;#NULL!;No Special Feature;Motorist Failed to Yield - Signalized Intersection;Local Street;B: Evident Injury;Durham;44;Clear;#NULL!;0-5 mph;30 - 35  MPH;2010;Daylight;40-49
35.3948088557, -82.4986937427;"{""type"": ""Point"", ""coordinates"": [-82.4986937426625, 35.3948088557258]}";White;None - Rural Crash;Travel Lane;2;13;Urban (>70% Developed);Male;Pickup;0;#NULL!;0;0;Black;No;0;40-49;Motorist Right Turn - Same Direction;None;No;No;Dry;0;Rural;No;20SEP2010;0;13:35;Male;No;Commercial;B: Evident Injury;No;O: No Injury;4344;September;0;Straight - Level;Mountains;With Traffic;No Control Present;Monday;Non-Intersection;42;0;Two-Way, Divided, Unprotected Median;5 lanes;0;#NULL!;#NULL!;Smooth Asphalt;#NULL!;No Special Feature;Motorist Right Turn / Merge;US Route;B: Evident Injury;Henderson;41;Clear;#NULL!;41-45 mph;40 - 45  MPH;2010;Daylight;40-49
35.9088670919, -79.0593327425;"{""type"": ""Point"", ""coordinates"": [-79.05933274254653, 35.908867091884694]}";White;Chapel Hill;Travel Lane;2;21;Urban (>70% Developed);Female;Passenger Car;0;#NULL!;0;0;Unknown/Missing;No;0;16-19;Motorist Right Turn - Same Direction;None;No;No;Dry;0;Urban;Yes;18SEP2010;0;21:24;Unknown;Missing;Residential;B: Evident Injury;No;Unknown Injury;4354;September;0;Straight - Level;Piedmont;With Traffic;No Control Present;Saturday;Intersection;19;0;Two-Way, Not Divided;4 lanes;0;#NULL!;#NULL!;Smooth Asphalt;#NULL!;T-Intersection;Motorist Right Turn / Merge;Local Street;B: Evident Injury;Orange;Unknown;Clear;#NULL!;Unknown;Unknown;2010;Dark - Lighted Roadway;Unknown
36.0374711237, -78.9355527129;"{""type"": ""Point"", ""coordinates"": [-78.93555271294603, 36.037471123705]}";White;Durham;Travel Lane;2;18;Urban (>70% Developed);Male;Sport Utility;0;#NULL!;0;0;Asian;No;0;50-59;Motorist Left Turn - Opposite Direction;None;No;No;Dry;0;Urban;No;20SEP2010;0;18:50;Female;No;Residential;B: Evident Injury;Yes;O: No Injury;4357;September;0;Straight - Level;Piedmont;With Traffic;Stop And Go Signal;Monday;Intersection;51;0;Two-Way, Not Divided;2 lanes;0;#NULL!;#NULL!;Coarse Asphalt;#NULL!;Four-Way Intersection;Motorist Left Turn / Merge;Local Street;B: Evident Injury;Durham;37;Clear;#NULL!;16-20 mph;30 - 35  MPH;2010;Daylight;30-39
35.5776698914, -82.5762837752;"{""type"": ""Point"", ""coordinates"": [-82.57628377520224, 35.57766989137203]}";White;Asheville;Travel Lane;2;18;Urban (>70% Developed);Male;Sport Utility;0;#NULL!;0;0;White;No;0;40-49;Motorist Left Turn - Opposite Direction;None;No;No;Dry;0;Urban;No;14SEP2010;0;18:43;Female;No;Residential;B: Evident Injury;Yes;O: No Injury;4359;September;0;Straight - Level;Mountains;With Traffic;No Control Present;Tuesday;Intersection;46;0;Two-Way, Divided, Unprotected Median;3 lanes;0;#NULL!;#NULL!;Concrete;#NULL!;T-Intersection;Motorist Left Turn / Merge;State Secondary Route;B: Evident Injury;Buncombe;24;Clear;#NULL!;11-15 mph;30 - 35  MPH;2010;Daylight;20-24
36.0973240977, -79.996033036;"{""type"": ""Point"", ""coordinates"": [-79.99603303604799, 36.09732409767245]}";White;None - Rural Crash;Travel Lane;2;6;Rural (<30% Developed);Male;Passenger Car;0;#NULL!;0;0;White;No;0;50-59;Motorist Overtaking - Other / Unknown;None;No;No;Dry;0;Rural;No;25SEP2010;0;6:40;Male;No;Farms, Woods, Pastures;B: Evident Injury;No;O: No Injury;4365;September;0;Straight - Level;Piedmont;With Traffic;Double Yellow Line, No Passing Zone;Saturday;Non-Intersection;58;0;Two-Way, Not Divided;2 lanes;0;#NULL!;#NULL!;Smooth Asphalt;#NULL!;No Special Feature;Motorist Overtaking Bicyclist;State Secondary Route;B: Evident Injury;Guilford;39;Clear;#NULL!;41-45 mph;40 - 45  MPH;2010;Dawn;30-39
35.1511869363, -78.8705166466;"{""type"": ""Point"", ""coordinates"": [-78.87051664661352, 35.15118693627207]}";Black;Fayetteville;Travel Lane;2;22;Mixed (30% To 70% Developed);Male;Passenger Car;0;#NULL!;0;0;White;No;0;50-59;Motorist Overtaking - Other / Unknown;None;No;No;Dry;0;Urban;No;18SEP2010;0;22:54;Male;No;Commercial;B: Evident Injury;Yes;O: No Injury;4368;September;0;Straight - Level;Coastal;With Traffic;No Control Present;Saturday;Non-Intersection;57;0;Two-Way, Divided, Unprotected Median;5 lanes;0;#NULL!;#NULL!;Smooth Asphalt;#NULL!;No Special Feature;Motorist Overtaking Bicyclist;Local Street;B: Evident Injury;Cumberland;49;Clear;#NULL!;46-50 mph;40 - 45  MPH;2010;Dark - Lighted Roadway;40-49
34.1958567583, -77.9063363076;"{""type"": ""Point"", ""coordinates"": [-77.90633630764009, 34.195856758297936]}";Black;None - Rural Crash;Travel Lane;2;19;Urban (>70% Developed);Male;Passenger Car;0;#NULL!;0;0;Black;No;0;50-59;Bicyclist Lost Control - Other / Unknown;None;Yes;Yes;Dry;0;Rural;No;20SEP2010;0;19:36;Female;No;Commercial;C: Possible Injury;Yes;O: No Injury;4369;September;0;Straight - Level;Coastal;With Traffic;No Control Present;Monday;Non-Intersection;55;0;Two-Way, Divided, Positive Median Barrier;8 lanes;0;#NULL!;#NULL!;Smooth Asphalt;#NULL!;No Special Feature;Loss of Control / Turning Error;Local Street;C: Possible Injury;New Hanover;52;Clear;#NULL!;21-25 mph;40 - 45  MPH;2010;Dark - Roadway Not Lighted;50-59
35.8416320587, -79.5987629019;"{""type"": ""Point"", ""coordinates"": [-79.59876290188762, 35.841632058705805]}";White;None - Rural Crash;Bike Lane / Paved Shoulder;2;7;Rural (<30% Developed);Male;Pickup;0;#NULL!;0;0;Unknown/Missing;No;0;40-49;Motorist Lost Control - Other / Unknown;None;No;No;Dry;0;Rural;Yes;26SEP2010;0;7:43;Unknown;No;Farms, Woods, Pastures;K: Killed;Yes;Unknown Injury;4374;September;0;Straight - Level;Piedmont;With Traffic;No Control Present;Sunday;Non-Intersection;48;0;Two-Way, Divided, Unprotected Median;4 lanes;0;#NULL!;#NULL!;Smooth Asphalt;#NULL!;No Special Feature;Loss of Control / Turning Error;US Route;K: Killed;Randolph;Unknown;Clear;#NULL!;51-55 mph;50 - 55  MPH;2010;Unknown;Unknown
35.3112018393, -82.4615237261;"{""type"": ""Point"", ""coordinates"": [-82.46152372606355, 35.31120183934042]}";Black;Hendersonville;Sidewalk / Crosswalk / Driveway Crossing;2;17;Urban (>70% Developed);Male;Passenger Car;0;#NULL!;0;0;White;No;0;11-15;Motorist Drive Out - Sign-Controlled Intersection;None;No;No;Dry;0;Urban;No;06JUN2010;0;17:15;Male;No;Commercial;C: Possible Injury;No;O: No Injury;4382;June;0;Straight - Level;Mountains;Facing Traffic;Stop Sign;Sunday;Intersection;11;0;Two-Way, Not Divided;2 lanes;0;#NULL!;#NULL!;Coarse Asphalt;#NULL!;T-Intersection;Motorist Failed to Yield - Sign-Controlled Intersection;Local Street;C: Possible Injury;Henderson;40;Clear;#NULL!;Unknown;30 - 35  MPH;2010;Daylight;40-49
34.9646709076, -78.5121525284;"{""type"": ""Point"", ""coordinates"": [-78.51215252835348, 34.96467090758898]}";Hispanic;None - Rural Crash;Bike Lane / Paved Shoulder;2;23;Rural (<30% Developed);Male;Passenger Car;0;#NULL!;0;0;Unknown/Missing;No;0;40-49;Motorist Lost Control - Other / Unknown;None;Yes;Yes;Wet;0;Rural;Yes;30SEP2010;0;23:29;Unknown;Missing;Farms, Woods, Pastures;C: Possible Injury;Yes;Unknown Injury;4389;September;0;Curve - Grade;Coastal;With Traffic;Double Yellow Line, No Passing Zone;Thursday;Non-Intersection;48;0;Two-Way, Not Divided;2 lanes;0;#NULL!;#NULL!;Coarse Asphalt;#NULL!;No Special Feature;Loss of Control / Turning Error;NC Route;C: Possible Injury;Sampson;Unknown;Cloudy;#NULL!;Unknown;50 - 55  MPH;2010;Dark - Roadway Not Lighted;Unknown
35.0941968533, -80.8673532418;"{""type"": ""Point"", ""coordinates"": [-80.86735324177249, 35.09419685328358]}";Hispanic;Pineville;Non-Roadway;2;22;Urban (>70% Developed);Male;Pickup;0;#NULL!;0;0;White;No;0;20-24;Non-Roadway;None;Yes;No;Wet;0;Rural;No;19AUG2010;0;22:36;Male;Yes;Commercial;C: Possible Injury;No;O: No Injury;4396;August;0;Straight - Level;Piedmont;Not Applicable;No Control Present;Thursday;Non-Roadway;24;0;Two-Way, Not Divided;Unknown;0;#NULL!;#NULL!;Smooth Asphalt;#NULL!;No Special Feature;Non-Roadway;Public Vehicular Area;C: Possible Injury;Mecklenburg;39;Rain;#NULL!;21-25 mph;5 - 15 MPH;2010;Dark - Lighted Roadway;30-39
35.9397000987, -79.0546827436;"{""type"": ""Point"", ""coordinates"": [-79.05468274357112, 35.93970009870084]}";White;Chapel Hill;Travel Lane;2;19;Urban (>70% Developed);Male;Passenger Car;0;#NULL!;0;0;White;No;0;30-39;Motorist Overtaking - Undetected Bicyclist;None;No;No;Dry;0;Urban;No;28SEP2010;0;19:03;Female;No;Residential;C: Possible Injury;Yes;O: No Injury;4399;September;0;Straight - Level;Piedmont;With Traffic;No Control Present;Tuesday;Intersection-Related;32;0;Two-Way, Not Divided;2 lanes;0;#NULL!;#NULL!;Smooth Asphalt;#NULL!;No Special Feature;Motorist Overtaking Bicyclist;Local Street;C: Possible Injury;Orange;61;Clear;#NULL!;31-35 mph;30 - 35  MPH;2010;Daylight;60-69
36.4887232815, -77.2015122087;"{""type"": ""Point"", ""coordinates"": [-77.20151220871078, 36.48872328147138]}";Black;None - Rural Crash;Travel Lane;2;11;Rural (<30% Developed);Male;Pickup;0;#NULL!;0;0;White;No;0;11-15;Motorist Overtaking - Bicyclist Swerved;None;No;No;Dry;0;Rural;No;18SEP2010;0;11:31;Male;No;Farms, Woods, Pastures;C: Possible Injury;Yes;O: No Injury;4404;September;0;Curve - Level;Coastal;With Traffic;Double Yellow Line, No Passing Zone;Saturday;Non-Intersection;13;0;Two-Way, Not Divided;2 lanes;0;#NULL!;#NULL!;Smooth Asphalt;#NULL!;No Special Feature;Motorist Overtaking Bicyclist;NC Route;C: Possible Injury;Northampton;70+;Clear;#NULL!;46-50 mph;50 - 55  MPH;2010;Daylight;70+
35.2981328929, -80.9588432805;"{""type"": ""Point"", ""coordinates"": [-80.95884328046316, 35.298132892912555]}";White;Charlotte;Travel Lane;2;23;Urban (>70% Developed);Male;Passenger Car;0;#NULL!;0;0;Black;No;0;25-29;Crossing Paths - Intersection - Other / Unknown;None;No;No;Wet;0;Urban;No;30SEP2010;0;23:14;Male;No;Residential;B: Evident Injury;Yes;O: No Injury;4408;September;0;Straight - Grade;Piedmont;With Traffic;No Control Present;Thursday;Intersection;28;0;Two-Way, Not Divided;2 lanes;0;#NULL!;#NULL!;Smooth Asphalt;#NULL!;No Special Feature;Crossing Paths - Other Circumstances;Local Street;B: Evident Injury;Mecklenburg;19;Rain;#NULL!;11-15 mph;20 - 25  MPH;2010;Dark - Roadway Not Lighted;0-19
35.743633072, -78.6470226089;"{""type"": ""Point"", ""coordinates"": [-78.6470226089248, 35.7436330719854]}";Black;Raleigh;Travel Lane;2;17;Urban (>70% Developed);Male;Passenger Car;0;#NULL!;0;0;White;No;0;50-59;Head-On - Bicyclist;None;No;No;Dry;0;Urban;No;04AUG2010;0;17:45;Male;No;Commercial;C: Possible Injury;Yes;O: No Injury;4419;August;0;Straight - Level;Piedmont;Facing Traffic;No Control Present;Wednesday;Non-Intersection;51;0;One-Way, Not Divided;2 lanes;0;#NULL!;#NULL!;Smooth Asphalt;#NULL!;No Special Feature;Head-On;Local Street;C: Possible Injury;Wake;25;Clear;#NULL!;0-5 mph;30 - 35  MPH;2010;Daylight;25-29
34.8676869403, -76.8932920328;"{""type"": ""Point"", ""coordinates"": [-76.89329203281332, 34.86768694029897]}";Black;Havelock;Travel Lane;2;20;Urban (>70% Developed);Female;Passenger Car;0;#NULL!;0;0;White;No;0;20-24;Motorist Drive Out - Sign-Controlled Intersection;None;No;No;Dry;0;Urban;No;26SEP2010;0;20:12;Female;No;Residential;O: No Injury;No;O: No Injury;4422;September;0;Straight - Level;Coastal;With Traffic;Stop Sign;Sunday;Intersection;21;0;Two-Way, Not Divided;2 lanes;0;#NULL!;#NULL!;Smooth Asphalt;#NULL!;Four-Way Intersection;Motorist Failed to Yield - Sign-Controlled Intersection;Local Street;O: No Injury;Craven;17;Cloudy;#NULL!;6-10 mph;20 - 25  MPH;2010;Dark - Roadway Not Lighted;0-19
35.5776588902, -82.5927637803;"{""type"": ""Point"", ""coordinates"": [-82.59276378028287, 35.577658890244095]}";White;Asheville;Travel Lane;2;17;Urban (>70% Developed);Female;Passenger Car;0;#NULL!;0;0;White;No;0;50-59;Motorist Left Turn - Opposite Direction;None;No;No;Dry;0;Urban;No;02OCT2010;0;17:38;Female;No;Commercial;C: Possible Injury;No;O: No Injury;4426;October;0;Straight - Level;Mountains;With Traffic;Stop And Go Signal;Saturday;Intersection;56;0;Two-Way, Not Divided;2 lanes;0;#NULL!;#NULL!;Smooth Asphalt;#NULL!;No Special Feature;Motorist Left Turn / Merge;Local Street;C: Possible Injury;Buncombe;70+;Clear;#NULL!;6-10 mph;20 - 25  MPH;2010;Daylight;70+
34.2436937711, -77.8622762965;"{""type"": ""Point"", ""coordinates"": [-77.86227629651967, 34.24369377112248]}";Black;Wilmington;Travel Lane;2;21;Urban (>70% Developed);Male;Sport Utility;0;#NULL!;0;0;White;No;0;50-59;Motorist Overtaking - Undetected Bicyclist;None;No;No;Dry;0;Urban;No;04OCT2010;0;21:47;Female;No;Commercial;B: Evident Injury;Yes;O: No Injury;4427;October;0;Straight - Level;Coastal;With Traffic;No Control Present;Monday;Non-Intersection;53;0;Two-Way, Not Divided;2 lanes;0;#NULL!;#NULL!;Coarse Asphalt;#NULL!;No Special Feature;Motorist Overtaking Bicyclist;Local Street;B: Evident Injury;New Hanover;22;Clear;#NULL!;21-25 mph;30 - 35  MPH;2010;Dark - Roadway Not Lighted;20-24