Geo Point;Geo Shape;BikeRace;City;BikePos;NumUnits;CrashHour;Locality;BikeSex;DrvrVehTyp;NumBikesNo;BikeAlcDrg;NumBikesBI;RteInvdCd;DrvrRace;Workzone;NumBikesCi;BikeAgeGrp;CrashType;RdDefects;CrashAlcoh;BikeAlcoho;RdConditio;DstncMiFrm;RuralUrban;HitRun;CrashDate;NumBikesUI;CrashTime;DrvrSex;DrvrAlcoho;Developmen;CrashSevr;AmbulanceR;DrvrInjury;OBJECTID;CrashMonth;NumBikesKi;RdCharacte;Region;BikeDir;TraffCntrl;CrashDay;CrashLoc;BikeAge;NumBikesTo;RdConfig;NumLanes;NumBikesAI;DrvrAlcDrg;OnRoad;RdSurface;Towrd_Rd;RdFeature;CrashGrp;RdClass;BikeInjury;County;DrvrAge;Weather;FrmRd;DrvrEstSpd;SpeedLimit;CrashYear;LightCond;DrvrAgeGrp
35.7907400006, -80.8809832844;"{""type"": ""Point"", ""coordinates"": [-80.88098328441643, 35.79074000062344]}";White;Statesville;Unknown;2;14;Urban (>70% Developed);Female;Passenger Car;0;#NULL!;0;0;White;No;0;25-29;Motorist Drive Out - Sign-Controlled Intersection;None;No;No;Dry;0;Urban;No;07OCT2010;0;14:55;Male;No;Residential;C: Possible Injury;Yes;O: No Injury;4429;October;0;Straight - Level;Piedmont;Facing Traffic;Stop Sign;Thursday;Intersection;26;0;Two-Way, Not Divided;2 lanes;0;#NULL!;#NULL!;Smooth Asphalt;#NULL!;No Special Feature;Motorist Failed to Yield - Sign-Controlled Intersection;Local Street;C: Possible Injury;Iredell;70+;Clear;#NULL!;6-10 mph;30 - 35  MPH;2010;Daylight;70+
36.1422371588, -78.5791926097;"{""type"": ""Point"", ""coordinates"": [-78.57919260973956, 36.142237158835485]}";Hispanic;None - Rural Crash;Bike Lane / Paved Shoulder;2;18;Rural (<30% Developed);Male;Passenger Car;0;#NULL!;0;0;White;No;0;50-59;Bicyclist Left Turn - Same Direction;None;Yes;Yes;Dry;0;Rural;No;10OCT2010;0;18:50;Male;Yes;Farms, Woods, Pastures;C: Possible Injury;Yes;O: No Injury;4433;October;0;Straight - Grade;Piedmont;With Traffic;No Control Present;Sunday;Intersection;55;0;Two-Way, Not Divided;2 lanes;0;#NULL!;#NULL!;Smooth Asphalt;#NULL!;No Special Feature;Bicyclist Left Turn / Merge;NC Route;C: Possible Injury;Granville;37;Clear;#NULL!;46-50 mph;50 - 55  MPH;2010;Dark - Roadway Not Lighted;30-39
35.016656842, -80.7091431906;"{""type"": ""Point"", ""coordinates"": [-80.70914319062227, 35.01665684202504]}";White;None - Rural Crash;Travel Lane;2;18;Rural (<30% Developed);Male;Van;0;#NULL!;0;0;White;No;0;16-19;Bicyclist Left Turn - Same Direction;None;No;No;Dry;0;Rural;No;20OCT2010;0;18:35;Female;No;Farms, Woods, Pastures;B: Evident Injury;Yes;O: No Injury;4448;October;0;Straight - Grade;Piedmont;With Traffic;Double Yellow Line, No Passing Zone;Wednesday;Intersection-Related;16;0;Two-Way, Not Divided;2 lanes;0;#NULL!;#NULL!;Smooth Asphalt;#NULL!;T-Intersection;Bicyclist Left Turn / Merge;State Secondary Route;B: Evident Injury;Union;45;Clear;#NULL!;41-45 mph;40 - 45  MPH;2010;Daylight;40-49
35.1067499874, -77.0501580914;"{""type"": ""Point"", ""coordinates"": [-77.05015809144734, 35.106749987430355]}";White;New Bern;Travel Lane;2;18;Urban (>70% Developed);Female;Passenger Car;0;#NULL!;0;0;Black;No;0;50-59;Motorist Drive Out - Sign-Controlled Intersection;None;No;No;Dry;0;Urban;No;12OCT2010;0;18:02;Male;No;Residential;C: Possible Injury;No;O: No Injury;4455;October;0;Straight - Level;Coastal;With Traffic;Stop Sign;Tuesday;Intersection;52;0;Unknown;2 lanes;0;#NULL!;#NULL!;Smooth Asphalt;#NULL!;Five-Point, Or More;Motorist Failed to Yield - Sign-Controlled Intersection;Local Street;C: Possible Injury;Craven;42;Clear;#NULL!;6-10 mph;20 - 25  MPH;2010;Daylight;40-49
35.0342018432, -80.7921932166;"{""type"": ""Point"", ""coordinates"": [-80.79219321662728, 35.03420184322908]}";White;Charlotte;Travel Lane;2;14;Urban (>70% Developed);Male;Passenger Car;0;#NULL!;0;0;Unknown/Missing;No;0;50-59;Bicyclist Overtaking - Parked Vehicle;None;No;No;Dry;0;Urban;No;16OCT2010;0;14:39;Unknown;Missing;Residential;C: Possible Injury;No;Unknown Injury;4461;October;0;Straight - Level;Piedmont;With Traffic;No Control Present;Saturday;Non-Intersection;55;0;Two-Way, Not Divided;2 lanes;0;#NULL!;#NULL!;Concrete;#NULL!;No Special Feature;Bicyclist Overtaking Motorist;Local Street;C: Possible Injury;Mecklenburg;Unknown;Clear;#NULL!;31-35 mph;30 - 35  MPH;2010;Daylight;Unknown
36.0638650975, -79.8265129836;"{""type"": ""Point"", ""coordinates"": [-79.82651298358398, 36.06386509751769]}";White;Greensboro;Bike Lane / Paved Shoulder;2;19;Urban (>70% Developed);Male;Unknown;0;#NULL!;0;0;Unknown/Missing;No;0;30-39;Motorist Drive Through - Sign-Controlled Intersection;None;No;No;Dry;0;Urban;Yes;18OCT2010;0;19:00;Unknown;Missing;Residential;C: Possible Injury;Yes;Unknown Injury;4466;October;0;Straight - Grade;Piedmont;Facing Traffic;Other;Monday;Intersection;37;0;Two-Way, Not Divided;6 lanes;0;#NULL!;#NULL!;Smooth Asphalt;#NULL!;Shared-Use Paths Or Trails;Motorist Failed to Yield - Sign-Controlled Intersection;Local Street;C: Possible Injury;Guilford;Unknown;Cloudy;#NULL!;6-10 mph;30 - 35  MPH;2010;Dark - Lighted Roadway;Unknown
35.9032130918, -79.0479327393;"{""type"": ""Point"", ""coordinates"": [-79.04793273926722, 35.90321309175758]}";Asian;Chapel Hill;Sidewalk / Crosswalk / Driveway Crossing;2;15;Mixed (30% To 70% Developed);Female;Other Bus;0;#NULL!;0;0;Black;No;0;20-24;Bicyclist Ride Out - Parallel Path;None;No;No;Dry;0;Urban;No;21OCT2010;0;15:34;Male;No;Institutional;B: Evident Injury;Yes;Unknown Injury;4475;October;0;Straight - Level;Piedmont;With Traffic;Stop And Go Signal;Thursday;Non-Intersection;20;0;Two-Way, Not Divided;4 lanes;0;#NULL!;#NULL!;Smooth Asphalt;#NULL!;No Special Feature;Parallel Paths - Other Circumstances;Local Street;B: Evident Injury;Orange;27;Clear;#NULL!;11-15 mph;20 - 25  MPH;2010;Daylight;25-29
34.2403517689, -77.9046523091;"{""type"": ""Point"", ""coordinates"": [-77.90465230910884, 34.240351768932804]}";Black;Wilmington;Sidewalk / Crosswalk / Driveway Crossing;2;15;Urban (>70% Developed);Male;Passenger Car;0;#NULL!;0;0;Black;No;0;50-59;Bicyclist Ride Through - Signalized Intersection;None;No;No;Dry;0;Urban;No;19OCT2010;0;15:42;Male;No;Commercial;C: Possible Injury;Yes;O: No Injury;4476;October;0;Straight - Level;Coastal;Facing Traffic;Stop And Go Signal;Tuesday;Intersection;52;0;Two-Way, Not Divided;5 lanes;0;#NULL!;#NULL!;Smooth Asphalt;#NULL!;Four-Way Intersection;Bicyclist Failed to Yield - Signalized Intersection;US Route;C: Possible Injury;New Hanover;36;Clear;#NULL!;6-10 mph;30 - 35  MPH;2010;Daylight;30-39
34.7680568319, -79.4744628087;"{""type"": ""Point"", ""coordinates"": [-79.47446280873024, 34.76805683189758]}";Black;Laurinburg;Travel Lane;2;16;Urban (>70% Developed);Female;Passenger Car;0;#NULL!;0;0;Black;No;0;20-24;Backing Vehicle;None;No;No;Dry;0;Urban;No;24OCT2010;0;16:15;Female;No;Residential;C: Possible Injury;Yes;O: No Injury;4478;October;0;Unknown;Coastal;Facing Traffic;No Control Present;Sunday;Non-Intersection;22;0;Unknown;Unknown;0;#NULL!;#NULL!;Unknown;#NULL!;No Special Feature;Backing Vehicle;.;C: Possible Injury;Scotland;21;Clear;#NULL!;6-10 mph;30 - 35  MPH;2010;Daylight;20-24
35.2723168918, -80.854423248;"{""type"": ""Point"", ""coordinates"": [-80.85442324799045, 35.272316891838805]}";Black;Charlotte;Travel Lane;2;15;Urban (>70% Developed);Male;Van;0;#NULL!;0;0;White;No;0;60-69;Motorist Right Turn on Red - Same Direction;None;No;No;Dry;0;Urban;No;20OCT2010;0;15:12;Male;No;Residential;C: Possible Injury;Yes;O: No Injury;4480;October;0;Straight - Level;Piedmont;With Traffic;Stop And Go Signal;Wednesday;Intersection;64;0;Two-Way, Not Divided;4 lanes;0;#NULL!;#NULL!;Smooth Asphalt;#NULL!;Four-Way Intersection;Motorist Right Turn / Merge;Local Street;C: Possible Injury;Mecklenburg;26;Clear;#NULL!;11-15 mph;30 - 35  MPH;2010;Daylight;25-29
35.2418018802, -80.9843472842;"{""type"": ""Point"", ""coordinates"": [-80.98434728423993, 35.241801880153886]}";White;Charlotte;Travel Lane;2;12;Urban (>70% Developed);Male;Pickup;0;#NULL!;0;0;Asian;No;0;40-49;Motorist Overtaking - Bicyclist Swerved;None;No;No;Dry;0;Urban;No;22OCT2010;0;12:14;Male;No;Commercial;K: Killed;Yes;O: No Injury;4482;October;0;Straight - Level;Piedmont;With Traffic;No Control Present;Friday;Non-Intersection;48;0;Two-Way, Divided, Unprotected Median;5 lanes;0;#NULL!;#NULL!;Coarse Asphalt;#NULL!;No Special Feature;Motorist Overtaking Bicyclist;US Route;K: Killed;Mecklenburg;20;Clear;#NULL!;46-50 mph;50 - 55  MPH;2010;Daylight;20-24
35.9305171409, -77.8136723662;"{""type"": ""Point"", ""coordinates"": [-77.81367236622901, 35.93051714090824]}";Black;Rocky Mount;Travel Lane;2;17;Urban (>70% Developed);Male;Passenger Car;0;#NULL!;0;0;Hispanic;No;0;50-59;Crossing Paths - Uncontrolled Intersection;None;No;No;Dry;0;Urban;No;24SEP2010;0;17:22;Female;No;Commercial;B: Evident Injury;Yes;O: No Injury;4483;September;0;Straight - Level;Coastal;With Traffic;No Control Present;Friday;Intersection;53;0;Two-Way, Divided, Unprotected Median;4 lanes;0;#NULL!;#NULL!;Coarse Asphalt;#NULL!;Four-Way Intersection;Crossing Paths - Other Circumstances;Local Street;B: Evident Injury;Nash;41;Clear;#NULL!;0-5 mph;30 - 35  MPH;2010;Daylight;40-49
35.6207569045, -82.4721137478;"{""type"": ""Point"", ""coordinates"": [-82.47211374782002, 35.62075690452499]}";White;None - Rural Crash;Travel Lane;2;7;Mixed (30% To 70% Developed);Male;Passenger Car;0;#NULL!;0;0;White;No;0;50-59;Motorist Overtaking - Misjudged Space;None;No;No;Dry;0;Rural;No;01NOV2010;0;7:25;Male;No;Residential;C: Possible Injury;Yes;O: No Injury;4487;November;0;Curve - Grade;Mountains;With Traffic;Double Yellow Line, No Passing Zone;Monday;Non-Intersection;55;0;Two-Way, Not Divided;2 lanes;0;#NULL!;#NULL!;Smooth Asphalt;#NULL!;No Special Feature;Motorist Overtaking Bicyclist;State Secondary Route;C: Possible Injury;Buncombe;70+;Clear;#NULL!;31-35 mph;30 - 35  MPH;2010;Dark - Roadway Not Lighted;70+
36.2125810582, -81.6809935473;"{""type"": ""Point"", ""coordinates"": [-81.68099354733, 36.212581058210034]}";White;Boone;Bike Lane / Paved Shoulder;2;7;Urban (>70% Developed);Female;Passenger Car;0;#NULL!;0;0;White;No;0;20-24;Motorist Left Turn - Opposite Direction;None;No;No;Dry;0;Urban;No;02NOV2010;0;7:46;Female;No;Institutional;B: Evident Injury;Yes;O: No Injury;4498;November;0;Straight - Level;Mountains;With Traffic;No Control Present;Tuesday;Non-Intersection;23;0;Two-Way, Not Divided;4 lanes;0;#NULL!;#NULL!;Smooth Asphalt;#NULL!;Driveway, Public;Motorist Left Turn / Merge;Local Street;B: Evident Injury;Watauga;26;Clear;#NULL!;0-5 mph;20 - 25  MPH;2010;Dawn;25-29
35.7722200763, -78.685236623;"{""type"": ""Point"", ""coordinates"": [-78.68523662298843, 35.772220076339984]}";White;Raleigh;Travel Lane;2;13;Mixed (30% To 70% Developed);Male;Unknown;0;#NULL!;0;0;Unknown/Missing;No;0;60-69;Motorist Drive Out - Signalized Intersection;None;No;No;Dry;0;Urban;Yes;13OCT2010;0;13:05;Unknown;Missing;Residential;C: Possible Injury;Yes;Unknown Injury;4503;October;0;Straight - Grade;Piedmont;With Traffic;Stop Sign;Wednesday;Intersection;69;0;Two-Way, Divided, Unprotected Median;7 lanes;0;#NULL!;#NULL!;Smooth Asphalt;#NULL!;T-Intersection;Motorist Failed to Yield - Signalized Intersection;Local Street;C: Possible Injury;Wake;Unknown;Clear;#NULL!;6-10 mph;30 - 35  MPH;2010;Daylight;Unknown
35.7250209617, -81.5422934783;"{""type"": ""Point"", ""coordinates"": [-81.54229347825782, 35.72502096171042]}";White;None - Rural Crash;Travel Lane;2;20;Rural (<30% Developed);Male;Pickup;0;#NULL!;0;0;White;No;0;16-19;Motorist Overtaking - Other / Unknown;None;No;No;Dry;0;Rural;No;01NOV2010;0;20:54;Male;No;Farms, Woods, Pastures;B: Evident Injury;Yes;O: No Injury;4505;November;0;Curve - Level;Mountains;With Traffic;Double Yellow Line, No Passing Zone;Monday;Non-Intersection;19;0;Two-Way, Not Divided;2 lanes;0;#NULL!;#NULL!;Coarse Asphalt;#NULL!;No Special Feature;Motorist Overtaking Bicyclist;State Secondary Route;B: Evident Injury;Burke;19;Clear;#NULL!;51-55 mph;50 - 55  MPH;2010;Dark - Roadway Not Lighted;0-19
35.0503528543, -80.5573331475;"{""type"": ""Point"", ""coordinates"": [-80.557333147506, 35.05035285432517]}";White;Unionville;Travel Lane;2;18;Rural (<30% Developed);Male;Sport Utility;0;#NULL!;0;0;White;No;0;60-69;Motorist Left Turn - Opposite Direction;None;No;No;Dry;0;Urban;No;06NOV2010;0;18:59;Female;No;Residential;C: Possible Injury;Yes;O: No Injury;4506;November;0;Straight - Level;Piedmont;With Traffic;Double Yellow Line, No Passing Zone;Saturday;Non-Intersection;61;0;Two-Way, Not Divided;2 lanes;0;#NULL!;#NULL!;Smooth Asphalt;#NULL!;Driveway, Private;Motorist Left Turn / Merge;State Secondary Route;C: Possible Injury;Union;25;Clear;#NULL!;41-45 mph;40 - 45  MPH;2010;Dusk;25-29
35.7769350788, -78.6392776088;"{""type"": ""Point"", ""coordinates"": [-78.63927760884914, 35.77693507876034]}";White;Raleigh;Travel Lane;2;0;Urban (>70% Developed);Male;Passenger Car;0;#NULL!;0;0;Black;No;0;20-24;Bicyclist Left Turn - Opposite Direction;None;No;No;Dry;0;Urban;No;17OCT2010;0;0:02;Male;No;Commercial;O: No Injury;No;O: No Injury;4510;October;0;Straight - Level;Piedmont;With Traffic;Stop And Go Signal;Sunday;Intersection;24;0;Two-Way, Not Divided;2 lanes;0;#NULL!;#NULL!;Smooth Asphalt;#NULL!;No Special Feature;Bicyclist Left Turn / Merge;Local Street;O: No Injury;Wake;19;Clear;#NULL!;16-20 mph;30 - 35  MPH;2010;Dark - Lighted Roadway;0-19
35.262660005, -77.5710122582;"{""type"": ""Point"", ""coordinates"": [-77.5710122581698, 35.26266000500477]}";Black;Kinston;Travel Lane;2;17;Urban (>70% Developed);Male;Van;0;#NULL!;0;0;Black;No;0;16-19;Crossing Paths - Intersection - Other / Unknown;None;No;No;Dry;0;Urban;Yes;22OCT2010;0;17:51;Female;No;Residential;C: Possible Injury;Yes;O: No Injury;4512;October;0;Straight - Level;Coastal;Not Applicable;No Control Present;Friday;Intersection;17;0;Two-Way, Not Divided;2 lanes;0;#NULL!;#NULL!;Coarse Asphalt;#NULL!;T-Intersection;Crossing Paths - Other Circumstances;Local Street;C: Possible Injury;Lenoir;70+;Clear;#NULL!;16-20 mph;30 - 35  MPH;2010;Daylight;70+
36.4931373176, -76.1646818903;"{""type"": ""Point"", ""coordinates"": [-76.16468189027411, 36.4931373176047]}";White;None - Rural Crash;Travel Lane;2;11;Urban (>70% Developed);Male;Passenger Car;0;#NULL!;0;0;Black;No;0;40-49;Motorist Drive Out - Sign-Controlled Intersection;None;No;No;Dry;0;Rural;No;24SEP2010;0;11:17;Male;No;Residential;C: Possible Injury;Yes;O: No Injury;4517;September;0;Straight - Level;Coastal;Facing Traffic;Stop Sign;Friday;Intersection;48;0;Two-Way, Not Divided;2 lanes;0;#NULL!;#NULL!;Coarse Asphalt;#NULL!;T-Intersection;Motorist Failed to Yield - Sign-Controlled Intersection;State Secondary Route;C: Possible Injury;Currituck;25;Clear;#NULL!;0-5 mph;20 - 25  MPH;2010;Daylight;25-29
35.9621841096, -78.898252697;"{""type"": ""Point"", ""coordinates"": [-78.89825269699325, 35.9621841096215]}";Black;Durham;Travel Lane;2;10;Urban (>70% Developed);Male;Passenger Car;0;#NULL!;0;0;Black;No;0;11-15;Bicyclist Turning Error - Right Turn;None;No;No;Dry;0;Urban;No;13NOV2010;0;10:00;Female;No;Residential;O: No Injury;No;O: No Injury;4519;November;0;Straight - Level;Piedmont;With Traffic;Stop Sign;Saturday;Intersection;12;0;Two-Way, Not Divided;2 lanes;0;#NULL!;#NULL!;Coarse Asphalt;#NULL!;T-Intersection;Loss of Control / Turning Error;Local Street;O: No Injury;Durham;67;Clear;#NULL!;11-15 mph;20 - 25  MPH;2010;Daylight;60-69
35.0189369128, -78.7179325932;"{""type"": ""Point"", ""coordinates"": [-78.71793259318682, 35.01893691280937]}";White;Vander;Travel Lane;2;19;Rural (<30% Developed);Male;Pickup;0;#NULL!;0;0;White;No;0;60-69;Head-On - Bicyclist;None;No;No;Dry;0;Rural;No;21OCT2010;0;19:40;Male;No;Residential;B: Evident Injury;Yes;O: No Injury;4525;October;0;Straight - Level;Coastal;Facing Traffic;Double Yellow Line, No Passing Zone;Thursday;Non-Intersection;63;0;Two-Way, Not Divided;2 lanes;0;#NULL!;#NULL!;Smooth Asphalt;#NULL!;No Special Feature;Head-On;State Secondary Route;B: Evident Injury;Cumberland;17;Clear;#NULL!;41-45 mph;50 - 55  MPH;2010;Dark - Roadway Not Lighted;0-19
35.6027370854, -77.3621922119;"{""type"": ""Point"", ""coordinates"": [-77.36219221190085, 35.602737085383595]}";White;Greenville;Travel Lane;3;12;Urban (>70% Developed);Male;Passenger Car;0;#NULL!;0;0;White;No;0;16-19;Motorist Left Turn - Opposite Direction;None;No;No;Dry;0;Urban;No;27OCT2010;0;12:46;Female;No;Institutional;O: No Injury;No;O: No Injury;4526;October;0;Straight - Level;Coastal;With Traffic;No Control Present;Wednesday;Non-Intersection;19;0;Two-Way, Not Divided;2 lanes;0;#NULL!;#NULL!;Smooth Asphalt;#NULL!;No Special Feature;Motorist Left Turn / Merge;Local Street;Unknown Injury;Pitt;58;Clear;#NULL!;0-5 mph;5 - 15 MPH;2010;Daylight;50-59
35.2336718706, -81.194193347;"{""type"": ""Point"", ""coordinates"": [-81.19419334696593, 35.233671870618416]}";Black;Gastonia;Travel Lane;2;15;Urban (>70% Developed);Male;Pickup;0;#NULL!;0;0;White;No;0;50-59;Motorist Drive Out - Right Turn on Red;None;No;No;Dry;0;Urban;No;10NOV2010;0;15:22;Male;No;Commercial;C: Possible Injury;Yes;O: No Injury;4531;November;0;Straight - Grade;Piedmont;Facing Traffic;Stop And Go Signal;Wednesday;Intersection;57;0;Two-Way, Not Divided;5 lanes;0;#NULL!;#NULL!;Smooth Asphalt;#NULL!;Four-Way Intersection;Motorist Failed to Yield - Signalized Intersection;US Route;C: Possible Injury;Gaston;65;Clear;#NULL!;Unknown;40 - 45  MPH;2010;Daylight;60-69
35.5839228924, -82.5700037741;"{""type"": ""Point"", ""coordinates"": [-82.57000377407863, 35.583922892386845]}";White;Asheville;Travel Lane;2;17;Urban (>70% Developed);Male;Passenger Car;0;#NULL!;0;0;White;No;0;25-29;Motorist Drive Out - Sign-Controlled Intersection;None;No;No;Dry;0;Urban;No;10NOV2010;0;17:37;Female;No;Commercial;C: Possible Injury;Yes;O: No Injury;4536;November;0;Straight - Hillcrest;Mountains;With Traffic;Stop Sign;Wednesday;Intersection;26;0;Two-Way, Not Divided;2 lanes;0;#NULL!;#NULL!;Smooth Asphalt;#NULL!;T-Intersection;Motorist Failed to Yield - Sign-Controlled Intersection;Local Street;C: Possible Injury;Buncombe;70+;Clear;#NULL!;6-10 mph;30 - 35  MPH;2010;Dusk;70+
35.3247449552, -79.4023428155;"{""type"": ""Point"", ""coordinates"": [-79.40234281547879, 35.32474495523042]}";White;Carthage;Travel Lane;2;8;Mixed (30% To 70% Developed);Male;Pickup;0;#NULL!;0;0;White;No;0;70+;Motorist Overtaking - Other / Unknown;None;No;No;Dry;0;Rural;No;14NOV2010;0;8:07;Male;No;Residential;B: Evident Injury;Yes;O: No Injury;4538;November;0;Straight - Level;Piedmont;With Traffic;No Control Present;Sunday;Intersection;70+;0;Two-Way, Not Divided;2 lanes;0;#NULL!;#NULL!;Coarse Asphalt;#NULL!;No Special Feature;Motorist Overtaking Bicyclist;Local Street;B: Evident Injury;Moore;70+;Clear;#NULL!;41-45 mph;40 - 45  MPH;2010;Daylight;70+
36.0188820828, -79.9678630237;"{""type"": ""Point"", ""coordinates"": [-79.96786302365803, 36.01888208281964]}";Black;None - Rural Crash;Travel Lane;2;7;Mixed (30% To 70% Developed);Male;Van;0;#NULL!;0;0;White;No;0;50-59;Motorist Overtaking - Other / Unknown;None;No;No;Dry;0;Rural;No;11NOV2010;0;7:27;Male;No;Residential;A: Disabling Injury;Yes;O: No Injury;4541;November;0;Straight - Level;Piedmont;With Traffic;Double Yellow Line, No Passing Zone;Thursday;Non-Intersection;51;0;Two-Way, Not Divided;2 lanes;0;#NULL!;#NULL!;Smooth Asphalt;#NULL!;No Special Feature;Motorist Overtaking Bicyclist;State Secondary Route;A: Disabling Injury;Guilford;30;Clear;#NULL!;31-35 mph;30 - 35  MPH;2010;Daylight;30-39
36.0681340995, -79.7899629723;"{""type"": ""Point"", ""coordinates"": [-79.78996297232814, 36.06813409952375]}";White;Greensboro;Travel Lane;2;9;Urban (>70% Developed);Male;Passenger Car;0;#NULL!;0;0;Black;No;0;20-24;Motorist Left Turn - Opposite Direction;None;No;No;Dry;0;Urban;No;12NOV2010;0;9:11;Female;No;Commercial;B: Evident Injury;Yes;O: No Injury;4546;November;0;Curve - Bottom;Piedmont;With Traffic;Stop Sign;Friday;Intersection;22;0;Two-Way, Not Divided;3 lanes;0;#NULL!;#NULL!;Smooth Asphalt;#NULL!;T-Intersection;Motorist Left Turn / Merge;Local Street;B: Evident Injury;Guilford;50;Clear;#NULL!;21-25 mph;20 - 25  MPH;2010;Daylight;50-59
35.7089720617, -78.7101826267;"{""type"": ""Point"", ""coordinates"": [-78.7101826267202, 35.7089720616599]}";White;None - Rural Crash;Travel Lane;2;6;Rural (<30% Developed);Male;Passenger Car;0;#NULL!;0;0;White;No;0;25-29;Motorist Left Turn - Opposite Direction;None;No;No;Dry;0;Rural;No;23NOV2010;0;6:37;Male;No;Farms, Woods, Pastures;C: Possible Injury;Yes;C: Possible Injury;4550;November;0;Straight - Level;Piedmont;With Traffic;Double Yellow Line, No Passing Zone;Tuesday;Intersection;25;0;Two-Way, Not Divided;2 lanes;0;#NULL!;#NULL!;Coarse Asphalt;#NULL!;Four-Way Intersection;Motorist Left Turn / Merge;State Secondary Route;C: Possible Injury;Wake;68;Clear;#NULL!;31-35 mph;40 - 45  MPH;2010;Dark - Roadway Not Lighted;60-69
34.232603769, -77.8288322868;"{""type"": ""Point"", ""coordinates"": [-77.82883228679732, 34.23260376904065]}";White;Wilmington;Multi-use Path;2;15;Urban (>70% Developed);Male;Passenger Car;0;#NULL!;0;0;White;No;0;70+;Motorist Drive Out - Sign-Controlled Intersection;None;No;No;Dry;0;Urban;No;10NOV2010;0;15:31;Female;No;Commercial;B: Evident Injury;Yes;O: No Injury;4554;November;0;Straight - Level;Coastal;Facing Traffic;Stop Sign;Wednesday;Intersection;70+;0;Two-Way, Divided, Unprotected Median;6 lanes;0;#NULL!;#NULL!;Coarse Asphalt;#NULL!;No Special Feature;Motorist Failed to Yield - Sign-Controlled Intersection;NC Route;B: Evident Injury;New Hanover;22;Clear;#NULL!;0-5 mph;20 - 25  MPH;2010;Daylight;20-24
35.9894670767, -79.9602080192;"{""type"": ""Point"", ""coordinates"": [-79.96020801923463, 35.98946707670054]}";Black;High Point;Travel Lane;2;15;Rural (<30% Developed);Male;Passenger Car;0;#NULL!;0;0;Black;No;0;25-29;Backing Vehicle;None;No;No;Dry;0;Urban;No;17NOV2010;0;15:15;Male;No;Residential;C: Possible Injury;Yes;O: No Injury;4560;November;0;Straight - Level;Piedmont;With Traffic;Stop Sign;Wednesday;Intersection;27;0;Two-Way, Not Divided;2 lanes;0;#NULL!;#NULL!;Coarse Asphalt;#NULL!;T-Intersection;Backing Vehicle;Local Street;C: Possible Injury;Guilford;39;Clear;#NULL!;0-5 mph;30 - 35  MPH;2010;Daylight;30-39
35.4838749382, -80.8198582494;"{""type"": ""Point"", ""coordinates"": [-80.81985824943509, 35.4838749381672]}";White;Davidson;Travel Lane;2;12;Mixed (30% To 70% Developed);Male;Sport Utility;0;#NULL!;0;0;White;No;0;30-39;Unknown Approach Paths;None;No;No;Dry;0;Urban;No;21NOV2010;0;12:25;Female;No;Farms, Woods, Pastures;O: No Injury;No;O: No Injury;4566;November;0;Curve - Grade;Piedmont;Unknown;Yield Sign;Sunday;Non-Intersection;37;0;One-Way, Not Divided;1 lane;0;#NULL!;#NULL!;Smooth Asphalt;#NULL!;Other;Other / Unknown - Insufficient Details;Local Street;Unknown Injury;Mecklenburg;47;Clear;#NULL!;11-15 mph;30 - 35  MPH;2010;Daylight;40-49
35.9979391393, -78.2775675111;"{""type"": ""Point"", ""coordinates"": [-78.27756751110299, 35.99793913933847]}";Black;None - Rural Crash;Travel Lane;2;18;Mixed (30% To 70% Developed);Male;Pickup;0;#NULL!;0;0;White;No;0;25-29;Motorist Overtaking - Bicyclist Swerved;None;Yes;Yes;Dry;0;Rural;No;03DEC2010;0;18:12;Female;No;Residential;B: Evident Injury;Yes;O: No Injury;4569;December;0;Curve - Level;Piedmont;Facing Traffic;Double Yellow Line, No Passing Zone;Friday;Non-Intersection;28;0;Two-Way, Not Divided;2 lanes;0;#NULL!;#NULL!;Smooth Asphalt;#NULL!;No Special Feature;Motorist Overtaking Bicyclist;NC Route;B: Evident Injury;Franklin;47;Clear;#NULL!;41-45 mph;40 - 45  MPH;2010;Dark - Roadway Not Lighted;40-49
35.7866770801, -78.6640626164;"{""type"": ""Point"", ""coordinates"": [-78.66406261642763, 35.78667708005463]}";White;Raleigh;Travel Lane;2;6;Urban (>70% Developed);Male;Van;0;#NULL!;0;0;Black;No;0;50-59;Motorist Turning Error - Left Turn;None;No;No;Dry;0;Urban;No;23NOV2010;0;6:34;Male;No;Institutional;B: Evident Injury;Yes;O: No Injury;4571;November;0;Straight - Level;Piedmont;With Traffic;Stop And Go Signal;Tuesday;Intersection;53;0;Two-Way, Not Divided;2 lanes;0;#NULL!;#NULL!;Smooth Asphalt;#NULL!;T-Intersection;Loss of Control / Turning Error;Local Street;B: Evident Injury;Wake;49;Clear;#NULL!;11-15 mph;20 - 25  MPH;2010;Dawn;40-49
35.3753199159, -80.7852232322;"{""type"": ""Point"", ""coordinates"": [-80.785223232241, 35.37531991592633]}";Black;Charlotte;Travel Lane;2;8;Urban (>70% Developed);Male;Passenger Car;0;#NULL!;0;0;Black;No;0;30-39;Motorist Left Turn - Opposite Direction;None;No;No;Dry;0;Urban;No;29NOV2010;0;8:00;Male;No;Commercial;C: Possible Injury;No;O: No Injury;4576;November;0;Straight - Grade;Piedmont;With Traffic;Stop Sign;Monday;Intersection;39;0;Two-Way, Not Divided;2 lanes;0;#NULL!;#NULL!;Smooth Asphalt;#NULL!;No Special Feature;Motorist Left Turn / Merge;Local Street;C: Possible Injury;Mecklenburg;40;Cloudy;#NULL!;6-10 mph;30 - 35  MPH;2010;Daylight;40-49