Geo Point;Geo Shape;BikeRace;City;BikePos;NumUnits;CrashHour;Locality;BikeSex;DrvrVehTyp;NumBikesNo;BikeAlcDrg;NumBikesBI;RteInvdCd;DrvrRace;Workzone;NumBikesCi;BikeAgeGrp;CrashType;RdDefects;CrashAlcoh;BikeAlcoho;RdConditio;DstncMiFrm;RuralUrban;HitRun;CrashDate;NumBikesUI;CrashTime;DrvrSex;DrvrAlcoho;Developmen;CrashSevr;AmbulanceR;DrvrInjury;OBJECTID;CrashMonth;NumBikesKi;RdCharacte;Region;BikeDir;TraffCntrl;CrashDay;CrashLoc;BikeAge;NumBikesTo;RdConfig;NumLanes;NumBikesAI;DrvrAlcDrg;OnRoad;RdSurface;Towrd_Rd;RdFeature;CrashGrp;RdClass;BikeInjury;County;DrvrAge;Weather;FrmRd;DrvrEstSpd;SpeedLimit;CrashYear;LightCond;DrvrAgeGrp
35.7790710782, -78.6767326202;"{""type"": ""Point"", ""coordinates"": [-78.6767326201844, 35.7790710782189]}";White;Raleigh;Travel Lane;2;10;Urban (>70% Developed);Male;Passenger Car;0;#NULL!;0;0;White;No;0;40-49;Motorist Left Turn - Opposite Direction;None;No;No;Dry;0;Urban;No;08NOV2010;0;10:20;Male;No;Commercial;B: Evident Injury;Yes;O: No Injury;4579;November;0;Straight - Grade;Piedmont;With Traffic;No Control Present;Monday;Non-Intersection;41;0;Two-Way, Divided, Unprotected Median;5 lanes;0;#NULL!;#NULL!;Smooth Asphalt;#NULL!;No Special Feature;Motorist Left Turn / Merge;Local Street;B: Evident Injury;Wake;23;Clear;#NULL!;41-45 mph;40 - 45  MPH;2010;Daylight;20-24
36.1536170925, -80.4721481826;"{""type"": ""Point"", ""coordinates"": [-80.47214818261239, 36.15361709252561]}";White;None - Rural Crash;Travel Lane;2;16;Rural (<30% Developed);Male;Pickup;0;#NULL!;0;0;White;No;0;50-59;Motorist Overtaking - Misjudged Space;None;No;No;Dry;0;Rural;No;05DEC2010;0;16:21;Male;No;Farms, Woods, Pastures;C: Possible Injury;Yes;O: No Injury;4582;December;0;Straight - Level;Mountains;With Traffic;Double Yellow Line, No Passing Zone;Sunday;Non-Intersection;50;0;Two-Way, Divided, Unprotected Median;2 lanes;0;#NULL!;#NULL!;Smooth Asphalt;#NULL!;No Special Feature;Motorist Overtaking Bicyclist;State Secondary Route;C: Possible Injury;Yadkin;70+;Clear;#NULL!;31-35 mph;50 - 55  MPH;2010;Daylight;70+
34.2150107621, -77.9263323153;"{""type"": ""Point"", ""coordinates"": [-77.92633231530868, 34.21501076210011]}";White;None - Rural Crash;Travel Lane;2;17;Urban (>70% Developed);Male;Passenger Car;0;#NULL!;0;0;White;No;0;11-15;Motorist Overtaking - Misjudged Space;None;No;No;Dry;0;Rural;No;09DEC2010;0;17:50;Female;No;Residential;O: No Injury;No;O: No Injury;4583;December;0;Straight - Level;Coastal;With Traffic;No Control Present;Thursday;Non-Intersection;14;0;Two-Way, Not Divided;2 lanes;0;#NULL!;#NULL!;Smooth Asphalt;#NULL!;No Special Feature;Motorist Overtaking Bicyclist;US Route;O: No Injury;New Hanover;32;Clear;#NULL!;41-45 mph;50 - 55  MPH;2010;Dark - Roadway Not Lighted;30-39
35.7800370812, -78.5985285966;"{""type"": ""Point"", ""coordinates"": [-78.59852859655084, 35.78003708123997]}";White;Raleigh;Travel Lane;2;3;Urban (>70% Developed);Male;Passenger Car;0;#NULL!;0;0;Black;No;0;30-39;Motorist Overtaking - Other / Unknown;None;Yes;No;Dry;0;Urban;No;14NOV2010;0;3:44;Female;Yes;Residential;A: Disabling Injury;Yes;O: No Injury;4584;November;0;Straight - Grade;Piedmont;With Traffic;No Control Present;Sunday;Non-Intersection;37;0;Two-Way, Divided, Unprotected Median;4 lanes;0;#NULL!;#NULL!;Smooth Asphalt;#NULL!;No Special Feature;Motorist Overtaking Bicyclist;US Route;A: Disabling Injury;Wake;30;Clear;#NULL!;46-50 mph;40 - 45  MPH;2010;Dark - Lighted Roadway;30-39
34.6281568181, -78.9872086547;"{""type"": ""Point"", ""coordinates"": [-78.98720865468503, 34.628156818114896]}";White;Lumberton;Travel Lane;2;17;Urban (>70% Developed);Male;Passenger Car;0;#NULL!;0;0;White;No;0;50-59;Bicyclist Ride Out - Other Midblock;None;No;No;Dry;0;Urban;No;12NOV2010;0;17:36;Female;No;Commercial;C: Possible Injury;Yes;Unknown Injury;4586;November;0;Straight - Level;Coastal;Not Applicable;No Control Present;Friday;Non-Intersection;54;0;Two-Way, Not Divided;4 lanes;0;#NULL!;#NULL!;Coarse Asphalt;#NULL!;No Special Feature;Bicyclist Failed to Yield - Midblock;NC Route;C: Possible Injury;Robeson;42;Clear;#NULL!;41-45 mph;40 - 45  MPH;2010;Dusk;40-49
35.9276870969, -79.0301727355;"{""type"": ""Point"", ""coordinates"": [-79.03017273554255, 35.9276870969423]}";White;Chapel Hill;Travel Lane;2;9;Urban (>70% Developed);Male;Passenger Car;0;#NULL!;0;0;White;No;0;60-69;Motorist Left Turn - Opposite Direction;None;No;No;Dry;0;Urban;No;30NOV2010;0;9:32;Male;No;Commercial;C: Possible Injury;Yes;O: No Injury;4587;November;0;Straight - Grade;Piedmont;With Traffic;Stop And Go Signal;Tuesday;Intersection;63;0;Two-Way, Not Divided;5 lanes;0;#NULL!;#NULL!;Smooth Asphalt;#NULL!;Four-Way Intersection;Motorist Left Turn / Merge;State Secondary Route;C: Possible Injury;Orange;58;Clear;#NULL!;Unknown;30 - 35  MPH;2010;Daylight;50-59
35.5324770821, -77.020932104;"{""type"": ""Point"", ""coordinates"": [-77.0209321040265, 35.53247708207933]}";Black;None - Rural Crash;Travel Lane;2;16;Rural (<30% Developed);Male;Passenger Car;0;#NULL!;0;0;White;No;0;11-15;Motorist Overtaking - Bicyclist Swerved;None;No;No;Dry;0;Rural;No;23NOV2010;0;16:34;Female;No;Commercial;O: No Injury;No;O: No Injury;4594;November;0;Straight - Level;Coastal;With Traffic;No Control Present;Tuesday;Non-Intersection;14;0;Two-Way, Not Divided;4 lanes;0;#NULL!;#NULL!;Smooth Asphalt;#NULL!;T-Intersection;Motorist Overtaking Bicyclist;NC Route;O: No Injury;Beaufort;70+;Cloudy;#NULL!;31-35 mph;30 - 35  MPH;2010;Daylight;70+
35.9038972032, -75.7733317392;"{""type"": ""Point"", ""coordinates"": [-75.77333173924625, 35.90389720323474]}";White;None - Rural Crash;Travel Lane;2;10;Urban (>70% Developed);Male;Sport Utility;0;#NULL!;0;0;White;No;0;11-15;Motorist Overtaking - Bicyclist Swerved;None;No;No;Dry;0;Rural;No;11NOV2010;0;10:59;Female;No;Residential;C: Possible Injury;Yes;O: No Injury;4604;November;0;Straight - Level;Coastal;With Traffic;Double Yellow Line, No Passing Zone;Thursday;Non-Intersection;11;0;Two-Way, Not Divided;2 lanes;0;#NULL!;#NULL!;Coarse Asphalt;#NULL!;No Special Feature;Motorist Overtaking Bicyclist;US Route;C: Possible Injury;Dare;57;Cloudy;#NULL!;31-35 mph;30 - 35  MPH;2010;Daylight;50-59
35.9308971409, -77.8132623654;"{""type"": ""Point"", ""coordinates"": [-77.81326236542554, 35.930897140935926]}";Black;Rocky Mount;Sidewalk / Crosswalk / Driveway Crossing;2;13;Urban (>70% Developed);Male;Sport Utility;0;#NULL!;0;0;Black;No;0;50-59;Motorist Drive Out - Commercial Driveway / Alley;None;No;No;Dry;0;Urban;No;21NOV2010;0;13:56;Female;No;Residential;O: No Injury;No;O: No Injury;4606;November;0;Straight - Level;Coastal;Facing Traffic;Stop Sign;Sunday;Non-Intersection;57;0;Two-Way, Not Divided;2 lanes;0;#NULL!;#NULL!;Smooth Asphalt;#NULL!;Driveway, Public;Motorist Failed to Yield - Midblock;Public Vehicular Area;O: No Injury;Nash;44;Clear;#NULL!;0-5 mph;30 - 35  MPH;2010;Daylight;40-49
36.0011901184, -78.8857526955;"{""type"": ""Point"", ""coordinates"": [-78.88575269547432, 36.00119011836471]}";Black;Durham;Travel Lane;2;17;Urban (>70% Developed);Male;Passenger Car;0;#NULL!;0;0;Black;No;0;6-10;Motorist Overtaking - Other / Unknown;None;No;No;Wet;0;Urban;No;25DEC2010;0;17:53;Female;No;Residential;C: Possible Injury;No;O: No Injury;4611;December;0;Straight - Level;Piedmont;With Traffic;No Control Present;Saturday;Intersection-Related;9;0;Two-Way, Not Divided;2 lanes;0;#NULL!;#NULL!;Smooth Asphalt;#NULL!;No Special Feature;Motorist Overtaking Bicyclist;Local Street;C: Possible Injury;Durham;22;Rain;#NULL!;16-20 mph;30 - 35  MPH;2010;Dark - Lighted Roadway;20-24
35.8237170893, -78.6328376096;"{""type"": ""Point"", ""coordinates"": [-78.6328376096254, 35.823717089334316]}";Black;Raleigh;Sidewalk / Crosswalk / Driveway Crossing;2;20;Urban (>70% Developed);Male;Passenger Car;0;#NULL!;0;0;White;No;0;30-39;Bicyclist Ride Out - Parallel Path;None;No;No;Dry;0;Urban;No;13DEC2010;0;20:03;Female;No;Residential;C: Possible Injury;Yes;O: No Injury;4617;December;0;Straight - Level;Piedmont;With Traffic;Stop And Go Signal;Monday;Non-Intersection;37;0;One-Way, Not Divided;1 lane;0;#NULL!;#NULL!;Smooth Asphalt;#NULL!;T-Intersection;Parallel Paths - Other Circumstances;Local Street;C: Possible Injury;Wake;56;Clear;#NULL!;31-35 mph;30 - 35  MPH;2010;Dark - Lighted Roadway;50-59
35.6193468984, -82.6050737861;"{""type"": ""Point"", ""coordinates"": [-82.60507378609725, 35.61934689840265]}";White;Woodfin;Travel Lane;3;18;Mixed (30% To 70% Developed);Female;Passenger Car;0;#NULL!;0;0;White;No;0;40-49;Head-On - Bicyclist;None;No;No;Wet;0;Rural;No;27AUG2010;0;18:01;Female;No;Residential;B: Evident Injury;No;O: No Injury;4626;August;0;Curve - Level;Mountains;Facing Traffic;No Control Present;Friday;Non-Intersection;40;0;Two-Way, Not Divided;2 lanes;0;#NULL!;#NULL!;Smooth Asphalt;#NULL!;No Special Feature;Head-On;State Secondary Route;B: Evident Injury;Buncombe;32;Rain;#NULL!;0-5 mph;30 - 35  MPH;2010;Daylight;30-39
35.7673100782, -78.6086025994;"{""type"": ""Point"", ""coordinates"": [-78.60860259937925, 35.76731007821415]}";Black;Raleigh;Travel Lane;2;13;Urban (>70% Developed);Male;Van;0;#NULL!;0;0;Black;No;0;11-15;Bicyclist Ride Through - Sign-Controlled Intersection;None;No;No;Dry;0;Urban;No;24DEC2010;0;13:50;Male;No;Residential;A: Disabling Injury;Yes;O: No Injury;4630;December;0;Straight - Grade;Piedmont;With Traffic;Stop Sign;Friday;Intersection;13;0;Two-Way, Not Divided;2 lanes;0;#NULL!;#NULL!;Coarse Asphalt;#NULL!;T-Intersection;Bicyclist Failed to Yield - Sign-Controlled Intersection;Local Street;A: Disabling Injury;Wake;70+;Clear;#NULL!;6-10 mph;20 - 25  MPH;2010;Daylight;70+
35.6167710878, -77.3913022207;"{""type"": ""Point"", ""coordinates"": [-77.39130222071455, 35.616771087808466]}";Black;Greenville;Travel Lane;2;14;Urban (>70% Developed);Male;Passenger Car;0;#NULL!;0;0;Black;No;0;40-49;Bicyclist Ride Through - Signalized Intersection;None;No;No;Dry;0;Urban;No;23NOV2010;0;14:59;Male;No;Commercial;C: Possible Injury;No;O: No Injury;4634;November;0;Straight - Level;Coastal;Not Applicable;Stop And Go Signal;Tuesday;Intersection-Related;44;0;Two-Way, Divided, Unprotected Median;2 lanes;0;#NULL!;#NULL!;Smooth Asphalt;#NULL!;No Special Feature;Bicyclist Failed to Yield - Signalized Intersection;NC Route;C: Possible Injury;Pitt;36;Clear;#NULL!;31-35 mph;50 - 55  MPH;2010;Daylight;30-39
36.1031371174, -79.500222887;"{""type"": ""Point"", ""coordinates"": [-79.50022288703668, 36.10313711735663]}";White;None - Rural Crash;Sidewalk / Crosswalk / Driveway Crossing;2;16;Mixed (30% To 70% Developed);Male;Passenger Car;0;#NULL!;0;0;White;No;0;20-24;Motorist Drive Out - Other Midblock;None;No;No;Dry;0;Rural;No;06MAY2010;0;16:00;Female;No;Institutional;C: Possible Injury;No;O: No Injury;4635;May;0;Straight - Level;Piedmont;Facing Traffic;No Control Present;Thursday;Non-Intersection;22;0;Two-Way, Not Divided;2 lanes;0;#NULL!;#NULL!;Smooth Asphalt;#NULL!;Driveway, Public;Motorist Failed to Yield - Midblock;State Secondary Route;C: Possible Injury;Alamance;58;Clear;#NULL!;0-5 mph;20 - 25  MPH;2010;Daylight;50-59
35.7038269698, -81.220218381;"{""type"": ""Point"", ""coordinates"": [-81.2202183809993, 35.70382696976611]}";White;Conover;Sidewalk / Crosswalk / Driveway Crossing;2;13;Urban (>70% Developed);Male;Passenger Car;0;#NULL!;0;0;White;No;0;40-49;Motorist Right Turn - Opposite Direction;None;No;No;Wet;0;Urban;No;06JAN2009;0;13:30;Male;No;Commercial;C: Possible Injury;No;O: No Injury;4638;January;0;Straight - Level;Piedmont;Facing Traffic;Stop Sign;Tuesday;Intersection;42;0;Two-Way, Not Divided;2 lanes;0;#NULL!;#NULL!;Smooth Asphalt;#NULL!;Four-Way Intersection;Motorist Right Turn / Merge;Local Street;C: Possible Injury;Catawba;67;Cloudy;#NULL!;21-25 mph;30 - 35  MPH;2009;Daylight;60-69
36.0107721184, -78.943432714;"{""type"": ""Point"", ""coordinates"": [-78.94343271397592, 36.01077211840092]}";White;Durham;Travel Lane;2;22;Urban (>70% Developed);Male;Passenger Car;0;#NULL!;0;0;Hispanic;No;0;25-29;Non-Roadway;None;No;No;Dry;0;Urban;No;09JAN2009;0;22:37;Female;No;Residential;B: Evident Injury;No;O: No Injury;4640;January;0;Straight - Bottom;Piedmont;Not Applicable;No Control Present;Friday;Non-Roadway;25;0;Two-Way, Divided, Unprotected Median;2 lanes;0;#NULL!;#NULL!;Coarse Asphalt;#NULL!;T-Intersection;Non-Roadway;Public Vehicular Area;B: Evident Injury;Durham;29;Clear;#NULL!;11-15 mph;5 - 15 MPH;2009;Dark - Lighted Roadway;25-29
35.8243940845, -78.7706826516;"{""type"": ""Point"", ""coordinates"": [-78.77068265161863, 35.824394084495275]}";Black;Cary;Travel Lane;2;16;Urban (>70% Developed);Male;Motorcycle;0;#NULL!;0;0;Other;No;0;25-29;Motorist Overtaking - Bicyclist Swerved;None;No;No;Dry;0;Urban;No;14JAN2009;0;16:49;Male;No;Residential;C: Possible Injury;Yes;O: No Injury;4641;January;0;Straight - Level;Piedmont;With Traffic;No Control Present;Wednesday;Non-Intersection;29;0;Two-Way, Not Divided;5 lanes;0;#NULL!;#NULL!;Smooth Asphalt;#NULL!;No Special Feature;Motorist Overtaking Bicyclist;State Secondary Route;C: Possible Injury;Wake;25;Clear;#NULL!;41-45 mph;40 - 45  MPH;2009;Daylight;25-29
36.0363571248, -78.8948327007;"{""type"": ""Point"", ""coordinates"": [-78.89483270072132, 36.03635712483458]}";Black;Durham;Travel Lane;2;20;Urban (>70% Developed);Male;Passenger Car;0;#NULL!;0;0;White;No;0;40-49;Motorist Turning Error - Other;None;No;No;Dry;0;Urban;No;23JAN2009;0;20:22;Female;No;Commercial;C: Possible Injury;Yes;O: No Injury;4644;January;0;Straight - Level;Piedmont;Facing Traffic;Stop Sign;Friday;Intersection;47;0;Two-Way, Not Divided;5 lanes;0;#NULL!;#NULL!;Smooth Asphalt;#NULL!;No Special Feature;Loss of Control / Turning Error;Local Street;C: Possible Injury;Durham;52;Clear;#NULL!;6-10 mph;30 - 35  MPH;2009;Dark - Lighted Roadway;50-59
35.2166818806, -80.8211032347;"{""type"": ""Point"", ""coordinates"": [-80.82110323473127, 35.216681880575315]}";White;Charlotte;Travel Lane;2;7;Urban (>70% Developed);Male;Passenger Car;0;#NULL!;0;0;White;No;0;20-24;Motorist Left Turn - Opposite Direction;None;No;No;Dry;0;Urban;No;12JAN2009;0;7:56;Male;No;Residential;C: Possible Injury;No;O: No Injury;4655;January;0;Straight - Level;Piedmont;With Traffic;Stop Sign;Monday;Intersection;24;0;Two-Way, Not Divided;4 lanes;0;#NULL!;#NULL!;Smooth Asphalt;#NULL!;T-Intersection;Motorist Left Turn / Merge;Local Street;C: Possible Injury;Mecklenburg;29;Clear;#NULL!;0-5 mph;30 - 35  MPH;2009;Daylight;25-29
34.2425767698, -77.8908563058;"{""type"": ""Point"", ""coordinates"": [-77.8908563057538, 34.24257676978734]}";Black;Wilmington;Travel Lane;2;19;Urban (>70% Developed);Male;Unknown;0;#NULL!;0;0;Unknown/Missing;No;0;20-24;Crossing Paths - Intersection - Other / Unknown;None;No;No;Wet;0;Urban;Yes;13JAN2009;0;19:57;Unknown;Missing;Commercial;B: Evident Injury;Yes;Unknown Injury;4657;January;0;Straight - Level;Coastal;Not Applicable;No Control Present;Tuesday;Intersection;22;0;Two-Way, Not Divided;5 lanes;0;#NULL!;#NULL!;Coarse Asphalt;#NULL!;No Special Feature;Crossing Paths - Other Circumstances;US Route;B: Evident Injury;New Hanover;Unknown;Cloudy;#NULL!;Unknown;Unknown;2009;Dark - Lighted Roadway;Unknown
35.7429990722, -78.6362486062;"{""type"": ""Point"", ""coordinates"": [-78.63624860620831, 35.74299907220005]}";Hispanic;Raleigh;Travel Lane;2;17;Urban (>70% Developed);Male;Sport Utility;0;#NULL!;0;0;Hispanic;No;0;6-10;Crossing Paths - Uncontrolled Intersection;None;No;No;Dry;0;Urban;No;10JAN2009;0;17:48;Male;No;Residential;B: Evident Injury;Yes;O: No Injury;4662;January;0;Straight - Level;Piedmont;With Traffic;No Control Present;Saturday;Intersection;6;0;Two-Way, Not Divided;2 lanes;0;#NULL!;#NULL!;Smooth Asphalt;#NULL!;No Special Feature;Crossing Paths - Other Circumstances;Private Road, Driveway;B: Evident Injury;Wake;30;Clear;#NULL!;11-15 mph;5 - 15 MPH;2009;Daylight;30-39
35.5275869546, -80.6143031903;"{""type"": ""Point"", ""coordinates"": [-80.61430319026275, 35.527586954569244]}";Black;Kannapolis;Bike Lane / Paved Shoulder;2;18;Urban (>70% Developed);Male;Passenger Car;0;#NULL!;0;0;White;No;0;11-15;Motorist Overtaking - Bicyclist Swerved;None;No;No;Dry;0;Urban;No;24JAN2009;0;18:31;Male;No;Residential;A: Disabling Injury;No;O: No Injury;4664;January;0;Straight - Level;Piedmont;With Traffic;No Control Present;Saturday;Non-Intersection;11;0;Two-Way, Not Divided;2 lanes;0;#NULL!;#NULL!;Smooth Asphalt;#NULL!;No Special Feature;Motorist Overtaking Bicyclist;State Secondary Route;A: Disabling Injury;Rowan;60;Clear;#NULL!;31-35 mph;40 - 45  MPH;2009;Dark - Roadway Not Lighted;60-69
36.3493272983, -75.8222717766;"{""type"": ""Point"", ""coordinates"": [-75.82227177655362, 36.349327298298405]}";White;None - Rural Crash;Travel Lane;2;14;Mixed (30% To 70% Developed);Male;Sport Utility;0;#NULL!;0;0;White;No;0;70+;Bicyclist Ride Out - Midblock - Unknown;None;No;No;Dry;0;Rural;No;06FEB2009;0;14:30;Male;No;Residential;A: Disabling Injury;Yes;O: No Injury;4671;February;0;Curve - Grade;Coastal;With Traffic;No Control Present;Friday;Non-Intersection;70+;0;Two-Way, Not Divided;2 lanes;0;#NULL!;#NULL!;Coarse Asphalt;#NULL!;Driveway, Private;Bicyclist Failed to Yield - Midblock;Public Vehicular Area;A: Disabling Injury;Currituck;29;Clear;#NULL!;0-5 mph;Unknown;2009;Daylight;25-29
34.8489908612, -79.1282067085;"{""type"": ""Point"", ""coordinates"": [-79.12820670851085, 34.84899086115245]}";Native American;None - Rural Crash;Travel Lane;2;17;Mixed (30% To 70% Developed);Male;Sport Utility;0;#NULL!;0;0;Black;No;0;40-49;Motorist Overtaking - Undetected Bicyclist;None;No;No;Dry;0;Rural;No;05MAR2009;0;17:43;Female;No;Residential;C: Possible Injury;No;O: No Injury;4684;March;0;Straight - Level;Coastal;With Traffic;No Control Present;Thursday;Non-Intersection;43;0;Two-Way, Not Divided;2 lanes;0;#NULL!;#NULL!;Coarse Asphalt;#NULL!;No Special Feature;Motorist Overtaking Bicyclist;NC Route;C: Possible Injury;Robeson;26;Clear;#NULL!;51-55 mph;50 - 55  MPH;2009;Daylight;25-29
35.0342768483, -80.6512231741;"{""type"": ""Point"", ""coordinates"": [-80.65122317405277, 35.03427684827536]}";White;None - Rural Crash;Travel Lane;2;18;Mixed (30% To 70% Developed);Male;Passenger Car;0;#NULL!;0;0;White;No;0;6-10;Bicyclist Ride Through - Sign-Controlled Intersection;None;No;No;Dry;0;Rural;No;10MAR2009;0;18:54;Female;No;Residential;B: Evident Injury;Yes;O: No Injury;4691;March;0;Straight - Grade;Piedmont;With Traffic;Stop Sign;Tuesday;Intersection;7;0;Two-Way, Not Divided;2 lanes;0;#NULL!;#NULL!;Smooth Asphalt;#NULL!;Four-Way Intersection;Bicyclist Failed to Yield - Sign-Controlled Intersection;State Secondary Route;B: Evident Injury;Union;58;Clear;#NULL!;21-25 mph;30 - 35  MPH;2009;Daylight;50-59
35.1239768652, -80.7081791962;"{""type"": ""Point"", ""coordinates"": [-80.70817919617792, 35.12397686515387]}";Black;Matthews;Travel Lane;2;15;Urban (>70% Developed);Male;Passenger Car;0;#NULL!;0;0;White;No;0;50-59;Motorist Drive Out - Sign-Controlled Intersection;None;No;No;Dry;0;Urban;No;23FEB2009;0;15:55;Male;No;Commercial;B: Evident Injury;Yes;O: No Injury;4692;February;0;Straight - Grade;Piedmont;Facing Traffic;Stop Sign;Monday;Intersection;52;0;Two-Way, Divided, Unprotected Median;4 lanes;0;#NULL!;#NULL!;Smooth Asphalt;#NULL!;T-Intersection;Motorist Failed to Yield - Sign-Controlled Intersection;NC Route;B: Evident Injury;Mecklenburg;34;Clear;#NULL!;0-5 mph;20 - 25  MPH;2009;Daylight;30-39
36.3872173001, -75.9971818322;"{""type"": ""Point"", ""coordinates"": [-75.99718183216322, 36.38721730007048]}";Hispanic;None - Rural Crash;Travel Lane;2;20;Rural (<30% Developed);Male;Passenger Car;0;#NULL!;0;0;Black;No;0;50-59;Motorist Overtaking - Bicyclist Swerved;None;Yes;Yes;Dry;0;Rural;No;15FEB2009;0;20:26;Male;No;Farms, Woods, Pastures;C: Possible Injury;Yes;O: No Injury;4693;February;0;Straight - Level;Coastal;With Traffic;No Control Present;Sunday;Non-Intersection;55;0;Two-Way, Not Divided;2 lanes;0;#NULL!;#NULL!;Smooth Asphalt;#NULL!;No Special Feature;Motorist Overtaking Bicyclist;US Route;C: Possible Injury;Currituck;47;Clear;#NULL!;51-55 mph;50 - 55  MPH;2009;Dark - Roadway Not Lighted;40-49
36.0652920977, -79.8127529792;"{""type"": ""Point"", ""coordinates"": [-79.81275297917085, 36.06529209765372]}";White;Greensboro;Bike Lane / Paved Shoulder;2;13;Urban (>70% Developed);Male;Passenger Car;0;#NULL!;0;0;White;No;0;20-24;Motorist Right Turn - Same Direction;None;No;No;Dry;0;Urban;No;11FEB2009;0;13:54;Female;No;Institutional;B: Evident Injury;Yes;O: No Injury;4694;February;0;Straight - Level;Piedmont;With Traffic;Stop And Go Signal;Wednesday;Intersection-Related;20;0;Two-Way, Divided, Unprotected Median;4 lanes;0;#NULL!;#NULL!;Smooth Asphalt;#NULL!;T-Intersection;Motorist Right Turn / Merge;Local Street;B: Evident Injury;Guilford;22;Clear;#NULL!;6-10 mph;20 - 25  MPH;2009;Daylight;20-24
35.8629600471, -80.0352530347;"{""type"": ""Point"", ""coordinates"": [-80.03525303472541, 35.86296004711897]}";White;Trinity;Travel Lane;2;14;Rural (<30% Developed);Male;Passenger Car;0;#NULL!;0;0;White;No;0;40-49;Crossing Paths - Intersection - Other / Unknown;None;No;No;Unknown;0;Urban;No;11MAR2009;0;14:50;Male;No;Farms, Woods, Pastures;C: Possible Injury;No;O: No Injury;4696;March;0;Straight - Level;Piedmont;With Traffic;Other;Wednesday;Intersection;48;0;Two-Way, Not Divided;2 lanes;0;#NULL!;#NULL!;Smooth Asphalt;#NULL!;T-Intersection;Crossing Paths - Other Circumstances;State Secondary Route;C: Possible Injury;Randolph;69;Clear;#NULL!;6-10 mph;50 - 55  MPH;2009;Daylight;60-69
35.3724369991, -78.4447885288;"{""type"": ""Point"", ""coordinates"": [-78.44478852881015, 35.37243699907564]}";White;None - Rural Crash;Travel Lane;2;16;Rural (<30% Developed);Male;Passenger Car;0;#NULL!;0;0;White;No;0;50-59;Bicyclist Overtaking - Other / Unknown;None;No;No;Dry;0;Rural;No;05MAR2009;0;16:45;Male;No;Farms, Woods, Pastures;C: Possible Injury;Yes;O: No Injury;4697;March;0;Straight - Level;Coastal;With Traffic;Double Yellow Line, No Passing Zone;Thursday;Intersection-Related;51;0;Two-Way, Not Divided;2 lanes;0;#NULL!;#NULL!;Smooth Asphalt;#NULL!;T-Intersection;Bicyclist Overtaking Motorist;State Secondary Route;C: Possible Injury;Johnston;51;Clear;#NULL!;0-5 mph;50 - 55  MPH;2009;Daylight;50-59
35.782332998, -80.8959332889;"{""type"": ""Point"", ""coordinates"": [-80.89593328889413, 35.782332997990565]}";White;Statesville;Unknown;2;20;Urban (>70% Developed);Male;Unknown;0;#NULL!;0;0;Unknown/Missing;No;0;25-29;Unknown Approach Paths;None;Yes;Yes;Dry;0;Urban;Yes;12MAR2009;0;20:15;Unknown;Missing;Residential;B: Evident Injury;No;Unknown Injury;4705;March;0;Straight - Level;Piedmont;Unknown;No Control Present;Thursday;Intersection-Related;26;0;Two-Way, Not Divided;2 lanes;0;#NULL!;#NULL!;Smooth Asphalt;#NULL!;No Special Feature;Other / Unknown - Insufficient Details;Local Street;B: Evident Injury;Iredell;Unknown;Clear;#NULL!;Unknown;30 - 35  MPH;2009;Dark - Lighted Roadway;Unknown
36.3061572749, -76.2294519005;"{""type"": ""Point"", ""coordinates"": [-76.22945190049951, 36.30615727493841]}";Black;Elizabeth City;Unknown;2;17;Mixed (30% To 70% Developed);Male;Passenger Car;0;#NULL!;0;0;Black;No;0;6-10;Unknown Approach Paths;None;No;No;Dry;0;Urban;No;17MAR2009;0;17:30;Male;No;Residential;C: Possible Injury;Yes;O: No Injury;4712;March;0;Straight - Level;Coastal;Unknown;Stop Sign;Tuesday;Intersection;9;0;Two-Way, Divided, Unprotected Median;2 lanes;0;#NULL!;#NULL!;Grooved Concrete;#NULL!;No Special Feature;Other / Unknown - Insufficient Details;Local Street;C: Possible Injury;Pasquotank;55;Clear;#NULL!;16-20 mph;20 - 25  MPH;2009;Daylight;50-59
35.3817699176, -80.7720532286;"{""type"": ""Point"", ""coordinates"": [-80.77205322861879, 35.38176991763326]}";Black;Charlotte;Multi-use Path;2;17;Urban (>70% Developed);Male;Van;0;#NULL!;0;0;White;No;0;6-10;Bicyclist Ride Out - Other Midblock;None;No;No;Dry;0;Urban;No;17MAR2009;0;17:39;Female;No;Residential;B: Evident Injury;Yes;O: No Injury;4714;March;0;Straight - Level;Piedmont;Not Applicable;No Control Present;Tuesday;Non-Intersection;9;0;Two-Way, Not Divided;2 lanes;0;#NULL!;#NULL!;Smooth Asphalt;#NULL!;No Special Feature;Bicyclist Failed to Yield - Midblock;Local Street;B: Evident Injury;Mecklenburg;69;Clear;#NULL!;16-20 mph;20 - 25  MPH;2009;Daylight;60-69
36.0071871189, -78.8854926953;"{""type"": ""Point"", ""coordinates"": [-78.8854926953267, 36.007187118948]}";Black;Durham;Travel Lane;2;3;Urban (>70% Developed);Male;Passenger Car;0;#NULL!;0;0;Unknown/Missing;No;0;40-49;Motorist Overtaking - Other / Unknown;None;No;No;Dry;0;Urban;Yes;04APR2009;0;3:30;Unknown;Missing;Residential;B: Evident Injury;Yes;Unknown Injury;4722;April;0;Straight - Level;Piedmont;With Traffic;Stop And Go Signal;Saturday;Intersection;47;0;Two-Way, Not Divided;2 lanes;0;#NULL!;#NULL!;Concrete;#NULL!;No Special Feature;Motorist Overtaking Bicyclist;Local Street;B: Evident Injury;Durham;Unknown;Clear;#NULL!;11-15 mph;30 - 35  MPH;2009;Dark - Lighted Roadway;Unknown