Geo Point;Geo Shape;BikeRace;City;BikePos;NumUnits;CrashHour;Locality;BikeSex;DrvrVehTyp;NumBikesNo;BikeAlcDrg;NumBikesBI;RteInvdCd;DrvrRace;Workzone;NumBikesCi;BikeAgeGrp;CrashType;RdDefects;CrashAlcoh;BikeAlcoho;RdConditio;DstncMiFrm;RuralUrban;HitRun;CrashDate;NumBikesUI;CrashTime;DrvrSex;DrvrAlcoho;Developmen;CrashSevr;AmbulanceR;DrvrInjury;OBJECTID;CrashMonth;NumBikesKi;RdCharacte;Region;BikeDir;TraffCntrl;CrashDay;CrashLoc;BikeAge;NumBikesTo;RdConfig;NumLanes;NumBikesAI;DrvrAlcDrg;OnRoad;RdSurface;Towrd_Rd;RdFeature;CrashGrp;RdClass;BikeInjury;County;DrvrAge;Weather;FrmRd;DrvrEstSpd;SpeedLimit;CrashYear;LightCond;DrvrAgeGrp
35.4000009278, -80.6034731799;"{""type"": ""Point"", ""coordinates"": [-80.6034731799299, 35.400000927835386]}";Black;Concord;Travel Lane;2;11;Urban (>70% Developed);Male;Sport Utility;0;#NULL!;0;0;White;No;0;6-10;Motorist Drive Out - Sign-Controlled Intersection;None;No;No;Dry;0;Urban;No;21MAR2009;0;11:52;Female;No;Residential;B: Evident Injury;Yes;O: No Injury;4723;March;0;Straight - Level;Piedmont;Facing Traffic;Stop Sign;Saturday;Intersection-Related;10;0;Two-Way, Not Divided;2 lanes;0;#NULL!;#NULL!;Coarse Asphalt;#NULL!;T-Intersection;Motorist Failed to Yield - Sign-Controlled Intersection;Local Street;B: Evident Injury;Cabarrus;38;Clear;#NULL!;0-5 mph;20 - 25  MPH;2009;Daylight;30-39
34.2137067638, -77.881462301;"{""type"": ""Point"", ""coordinates"": [-77.88146230100365, 34.21370676377888]}";White;Wilmington;Travel Lane;2;9;Urban (>70% Developed);Female;Passenger Car;0;#NULL!;0;0;White;No;0;25-29;Motorist Overtaking - Other / Unknown;None;No;No;Dry;0;Urban;No;14MAR2009;0;9:55;Male;No;Residential;C: Possible Injury;No;O: No Injury;4727;March;0;Straight - Level;Coastal;With Traffic;Stop And Go Signal;Saturday;Non-Intersection;29;0;Two-Way, Not Divided;2 lanes;0;#NULL!;#NULL!;Coarse Asphalt;#NULL!;No Special Feature;Motorist Overtaking Bicyclist;Local Street;C: Possible Injury;New Hanover;70+;Cloudy;#NULL!;31-35 mph;30 - 35  MPH;2009;Daylight;70+
34.8517168632, -79.0915826976;"{""type"": ""Point"", ""coordinates"": [-79.0915826976459, 34.85171686316886]}";Black;None - Rural Crash;Travel Lane;2;19;Rural (<30% Developed);Male;Sport Utility;0;#NULL!;0;0;Native American;No;0;40-49;Parallel Paths - Other / Unknown;None;No;No;Dry;0;Rural;No;08APR2009;0;19:10;Female;No;Farms, Woods, Pastures;A: Disabling Injury;Yes;O: No Injury;4742;April;0;Straight - Level;Coastal;With Traffic;No Control Present;Wednesday;Non-Intersection;49;0;Two-Way, Not Divided;2 lanes;0;#NULL!;#NULL!;Coarse Asphalt;#NULL!;No Special Feature;Parallel Paths - Other Circumstances;State Secondary Route;A: Disabling Injury;Robeson;35;Clear;#NULL!;51-55 mph;50 - 55  MPH;2009;Daylight;30-39
34.2231067653, -77.8859623036;"{""type"": ""Point"", ""coordinates"": [-77.88596230359308, 34.2231067653053]}";White;Wilmington;Bike Lane / Paved Shoulder;2;15;Urban (>70% Developed);Male;Passenger Car;0;No;0;40001175;White;No;0;20-24;Motorist Left Turn - Opposite Direction;None;No;#NULL!;Dry;0;Urban;No;24OCT2014;0;15:30;Female;#NULL!;Commercial;A: Disabling Injury;Yes;O: No Injury;704;October;0;Straight - Level;Coastal;With Traffic;No Control Present;Friday;Intersection;21;1;Two-Way, Not Divided;2 lanes;1;No;S KERR AVE;Smooth Asphalt;RANDALL PKY;No Special Feature;Motorist Left Turn / Merge;Local Street;A: Disabling Injury;New Hanover;70+;Clear;FOUNTAIN DR;26-30 mph;30 - 35  MPH;2014;Daylight;70+
35.1897198798, -80.6983671965;"{""type"": ""Point"", ""coordinates"": [-80.69836719646372, 35.189719879796634]}";White;Charlotte;Travel Lane;2;17;Urban (>70% Developed);Male;Passenger Car;0;No;0;40003128;White;No;1;30-39;Motorist Overtaking - Misjudged Space;None;No;#NULL!;Dry;0.038;Urban;No;04NOV2014;0;17:34;Female;#NULL!;Residential;C: Possible Injury;Yes;O: No Injury;710;November;0;Straight - Level;Piedmont;With Traffic;No Control Present;Tuesday;Non-Intersection;34;1;Two-Way, Divided, Unprotected Median;2 lanes;0;No;LAWYERS ROAD;Smooth Asphalt;MORRIS POND DRIVE;No Special Feature;Motorist Overtaking Bicyclist;Local Street;C: Possible Injury;Mecklenburg;70+;Clear;SPICEWOOD DRIVE;0-5 mph;30 - 35  MPH;2014;Dawn;70+
34.2188707674, -77.7879722739;"{""type"": ""Point"", ""coordinates"": [-77.78797227390025, 34.218870767431284]}";White;Wrightsville Beach;Travel Lane;2;14;Mixed (30% To 70% Developed);Male;Passenger Car;0;No;1;20000074;Black;No;0;25-29;Motorist Turn / Merge - Other / Unknown;None;No;#NULL!;Dry;0.019;Rural;No;24OCT2014;0;14:52;Male;#NULL!;Residential;B: Evident Injury;No;O: No Injury;712;October;0;Straight - Level;Coastal;With Traffic;No Control Present;Friday;Non-Intersection;25;1;Two-Way, Not Divided;2 lanes;0;No;NORTH LUMINA AVE;Smooth Asphalt;CIRCLE DR;No Special Feature;Parallel Paths - Other Circumstances;Local Street;B: Evident Injury;.;28;Clear;PARMELE BLVD;0-5 mph;20 - 25  MPH;2014;Daylight;25-29
34.9441708241, -80.7712032047;"{""type"": ""Point"", ""coordinates"": [-80.77120320474387, 34.94417082413541]}";White;Waxhaw;Travel Lane;3;10;Urban (>70% Developed);Male;Passenger Car;0;No;2;0;White;No;0;50-59;Motorist Left Turn - Opposite Direction;None;No;#NULL!;Dry;0;Rural;No;19OCT2014;0;10:34;Male;#NULL!;Residential;B: Evident Injury;Yes;O: No Injury;719;October;0;Straight - Grade;Piedmont;With Traffic;No Control Present;Sunday;Intersection;56;2;Two-Way, Not Divided;2 lanes;0;No;WAXHAW MARVIN RD;Coarse Asphalt;KENSINGTON DR;No Special Feature;Motorist Left Turn / Merge;Local Street;B: Evident Injury;Union;17;Clear;EXBURY GARDENS DR;41-45 mph;40 - 45  MPH;2014;Daylight;0-19
36.1397430976, -80.249243115;"{""type"": ""Point"", ""coordinates"": [-80.2492431149684, 36.13974309759021]}";Black;Winston-Salem;Non-Roadway;2;19;Rural (<30% Developed);Male;Sport Utility;0;No;1;0;Black;No;0;16-19;Bicyclist Ride Out - Commercial Driveway / Alley;None;No;#NULL!;Dry;0;Urban;No;27OCT2014;0;19:21;Male;#NULL!;Commercial;B: Evident Injury;Yes;O: No Injury;720;October;0;Straight - Level;Piedmont;Not Applicable;No Control Present;Monday;Non-Intersection;16;1;Two-Way, Not Divided;4 lanes;0;No;INDIANA AVE;Coarse Asphalt;#NULL!;No Special Feature;Bicyclist Failed to Yield - Midblock;Local Street;B: Evident Injury;Forsyth;34;Clear;PERIMETER PINT DR;0-5 mph;40 - 45  MPH;2014;Dark - Lighted Roadway;30-39
35.5447970827, -77.060872117;"{""type"": ""Point"", ""coordinates"": [-77.06087211701305, 35.54479708265437]}";White;Washington;Travel Lane;2;16;Urban (>70% Developed);Male;Passenger Car;1;No;0;29000017;White;No;0;30-39;Bicyclist Ride Through - Signalized Intersection;None;No;#NULL!;Dry;0;Urban;No;28OCT2014;0;16:42;Female;#NULL!;Commercial;O: No Injury;No;O: No Injury;729;October;0;Straight - Level;Coastal;Facing Traffic;Stop And Go Signal;Tuesday;Intersection;36;1;Two-Way, Not Divided;5 lanes;0;No;US 17;Coarse Asphalt;W 2ND ST;Four-Way Intersection;Bicyclist Failed to Yield - Signalized Intersection;US Route;O: No Injury;Beaufort;70+;Clear;W MAIN ST;31-35 mph;30 - 35  MPH;2014;Daylight;70+
35.9310451184, -78.4575425622;"{""type"": ""Point"", ""coordinates"": [-78.4575425622271, 35.9310451183917]}";White;Rolesville;Travel Lane;2;20;Urban (>70% Developed);Male;Light Truck (Mini-Van, Panel);0;No;1;40001945;White;No;0;70+;Motorist Drive Out - Sign-Controlled Intersection;None;No;#NULL!;Dry;0;Rural;No;12NOV2014;0;20:14;Female;#NULL!;Residential;B: Evident Injury;Yes;O: No Injury;740;November;0;Straight - Level;Piedmont;Facing Traffic;Stop Sign;Wednesday;Intersection;70+;1;Two-Way, Not Divided;2 lanes;0;No;WEST YOUNG ST;Smooth Asphalt;BIG WILLOW WAY;No Special Feature;Motorist Failed to Yield - Sign-Controlled Intersection;Local Street;B: Evident Injury;Wake;33;Clear;DANIELS PARK RD;0-5 mph;30 - 35  MPH;2014;Daylight;30-39
35.2287018826, -80.8410632418;"{""type"": ""Point"", ""coordinates"": [-80.84106324184006, 35.228701882634574]}";Black;Charlotte;Travel Lane;2;11;Rural (<30% Developed);Male;Van;0;No;0;50031062;Black;No;1;20-24;Bicyclist Overtaking - Extended Door;None;No;#NULL!;Dry;0.009;Urban;No;21NOV2014;0;11:54;Male;#NULL!;Commercial;C: Possible Injury;Yes;O: No Injury;742;November;0;Straight - Level;Piedmont;With Traffic;No Control Present;Friday;Non-Intersection;23;1;Two-Way, Not Divided;4 lanes;0;No;N TRYON STREET;Smooth Asphalt;5TH STREET;No Special Feature;Bicyclist Overtaking Motorist;Local Street;C: Possible Injury;Mecklenburg;40;Clear;6TH STREET;Unknown;20 - 25  MPH;2014;Daylight;40-49
36.140270096, -80.296393129;"{""type"": ""Point"", ""coordinates"": [-80.29639312898247, 36.140270095996506]}";White;Winston-Salem;Travel Lane;2;8;Urban (>70% Developed);Male;Passenger Car;0;No;0;30000067;White;No;1;30-39;Bicyclist Left Turn - Opposite Direction;None;No;#NULL!;Dry;0.16;Urban;No;12NOV2014;0;8:15;Male;#NULL!;Residential;C: Possible Injury;No;O: No Injury;744;November;0;Straight - Level;Piedmont;With Traffic;No Control Present;Wednesday;Non-Intersection;31;1;Two-Way, Divided, Positive Median Barrier;4 lanes;0;No;REYNOLDA RD;Smooth Asphalt;FAIRLAWN RD;T-Intersection;Bicyclist Left Turn / Merge;Local Street;C: Possible Injury;Forsyth;29;Clear;FEM CLIFF DR;6-10 mph;30 - 35  MPH;2014;Daylight;25-29
35.2498268896, -80.7804632241;"{""type"": ""Point"", ""coordinates"": [-80.78046322410704, 35.2498268896249]}";White;Charlotte;Sidewalk / Crosswalk / Driveway Crossing;2;17;Urban (>70% Developed);Male;Passenger Car;0;No;1;40002935;Black;No;0;30-39;Motorist Right Turn - Opposite Direction;None;No;#NULL!;Dry;0.019;Urban;No;30NOV2014;0;17:52;Female;#NULL!;Commercial;B: Evident Injury;Yes;O: No Injury;748;November;0;Straight - Level;Piedmont;Facing Traffic;No Control Present;Sunday;Non-Intersection;35;1;Two-Way, Divided, Unprotected Median;4 lanes;0;No;THE PLAZA;Concrete;TREMBETH DR;No Special Feature;Motorist Right Turn / Merge;Local Street;B: Evident Injury;Mecklenburg;42;Clear;EASTWAY DR;11-15 mph;30 - 35  MPH;2014;Dusk;40-49
35.579691892, -82.5533537686;"{""type"": ""Point"", ""coordinates"": [-82.5533537685977, 35.579691891978506]}";Unknown/Missing;Asheville;Travel Lane;2;15;Urban (>70% Developed);Unknown;Passenger Car;0;No;0;0;White;No;0;Unknown;Motorist Left Turn - Opposite Direction;None;No;#NULL!;Dry;0.001;Urban;No;12NOV2014;1;15:43;Female;#NULL!;Residential;O: No Injury;No;O: No Injury;749;November;0;Straight - Level;Mountains;With Traffic;Stop Sign;Wednesday;Intersection;Unknown;1;Two-Way, Divided, Unprotected Median;2 lanes;0;No;MYRTLE AVE;Coarse Asphalt;PINE GROVE AVE;T-Intersection;Motorist Left Turn / Merge;Local Street;Unknown Injury;Buncombe;35;Clear;MCDOWELL ST;0-5 mph;20 - 25  MPH;2014;Daylight;30-39
35.2466688798, -81.0134382935;"{""type"": ""Point"", ""coordinates"": [-81.01343829346074, 35.24666887981048]}";White;Belmont;Bike Lane / Paved Shoulder;2;15;Urban (>70% Developed);Female;Sport Utility;0;No;1;20000029;White;No;0;70+;Motorist Overtaking - Bicyclist Swerved;None;No;#NULL!;Dry;1;Urban;No;22NOV2014;0;15:02;Male;#NULL!;Commercial;B: Evident Injury;No;O: No Injury;752;November;0;Straight - Level;Piedmont;With Traffic;No Control Present;Saturday;Non-Intersection;70+;1;Two-Way, Not Divided;2 lanes;0;No;29;Coarse Asphalt;CATAWBA ST;No Special Feature;Motorist Overtaking Bicyclist;NC Route;B: Evident Injury;Gaston;50;Clear;OLD DOWD RD;21-25 mph;50 - 55  MPH;2014;Daylight;50-59
35.9546970388, -80.7724332611;"{""type"": ""Point"", ""coordinates"": [-80.77243326108355, 35.95469703876595]}";Black;Harmony;Non-Roadway;2;10;Urban (>70% Developed);Male;Sport Utility;0;No;1;40001843;White;No;0;60-69;Bicyclist Ride Out - Commercial Driveway / Alley;None;No;#NULL!;Dry;0.007;Rural;No;24NOV2014;0;10:05;Female;#NULL!;Commercial;B: Evident Injury;Yes;O: No Injury;755;November;0;Straight - Level;Piedmont;Not Applicable;Double Yellow Line, No Passing Zone;Monday;Non-Intersection;65;1;Two-Way, Not Divided;2 lanes;0;No;SR 1843;Smooth Asphalt;1939;T-Intersection;Bicyclist Failed to Yield - Midblock;State Secondary Route;B: Evident Injury;Iredell;62;Clear;21;41-45 mph;40 - 45  MPH;2014;Daylight;60-69
36.0643571305, -78.9048327053;"{""type"": ""Point"", ""coordinates"": [-78.90483270529941, 36.0643571304792]}";White;Durham;Travel Lane;2;9;Urban (>70% Developed);Male;Unknown;0;No;0;20000501;Unknown/Missing;No;0;50-59;Motorist Overtaking - Other / Unknown;None;No;#NULL!;Dry;0;Urban;Yes;19NOV2014;0;9:38;Unknown;#NULL!;Commercial;K: Killed;Yes;Unknown Injury;756;November;1;Curve - Level;Piedmont;With Traffic;No Control Present;Wednesday;Intersection-Related;56;1;Two-Way, Not Divided;4 lanes;0;Missing;N ROXBORO RD;Smooth Asphalt;ARGONNE DR;T-Intersection;Motorist Overtaking Bicyclist;Local Street;K: Killed;Durham;Unknown;Clear;OLD FARM RD;36-40 mph;40 - 45  MPH;2014;Dark - Lighted Roadway;Unknown
36.0621450971, -79.8156079796;"{""type"": ""Point"", ""coordinates"": [-79.81560797957161, 36.06214509707529]}";White;Greensboro;Sidewalk / Crosswalk / Driveway Crossing;2;18;Urban (>70% Developed);Male;Passenger Car;0;Yes-Drugs, impairment suspected;1;40004240;Black;No;0;20-24;Bicyclist Ride Through - Signalized Intersection;None;No;#NULL!;Dry;0;Urban;No;20NOV2014;0;18:45;Male;#NULL!;Commercial;B: Evident Injury;Yes;O: No Injury;757;November;0;Straight - Level;Piedmont;With Traffic;Stop And Go Signal;Thursday;Intersection;20;1;Two-Way, Divided, Positive Median Barrier;5 lanes;0;No;W LEE ST;Smooth Asphalt;NEAL ST;Four-Way Intersection;Bicyclist Failed to Yield - Signalized Intersection;Local Street;B: Evident Injury;Guilford;32;Clear;W AYCOCK ST;31-35 mph;30 - 35  MPH;2014;Dark - Lighted Roadway;30-39
36.0623050957, -79.8609129931;"{""type"": ""Point"", ""coordinates"": [-79.86091299307533, 36.06230509566055]}";White;Greensboro;Travel Lane;2;14;Mixed (30% To 70% Developed);Male;Pickup;0;No;1;50028840;White;No;0;25-29;Motorist Drive Out - Right Turn on Red;None;No;#NULL!;Dry;0;Urban;No;13NOV2014;0;14:45;Male;#NULL!;Institutional;B: Evident Injury;Yes;O: No Injury;761;November;0;Straight - Level;Piedmont;Facing Traffic;Stop And Go Signal;Thursday;Intersection;25;1;Two-Way, Not Divided;2 lanes;0;No;SPRING GARDEN ST;Smooth Asphalt;MERRITT ST;T-Intersection;Motorist Failed to Yield - Signalized Intersection;Local Street;B: Evident Injury;Guilford;40;Clear;W WENDOVER AVE;0-5 mph;30 - 35  MPH;2014;Daylight;40-49
33.9468106987, -78.0533323408;"{""type"": ""Point"", ""coordinates"": [-78.05333234076286, 33.946810698697426]}";Hispanic;None - Rural Crash;Bike Lane / Paved Shoulder;2;13;Urban (>70% Developed);Male;Sport Utility;0;No;0;30000133;White;Yes;1;20-24;Motorist Lost Control - Oversteering, Improper Braking, Speed;None;No;#NULL!;Dry;0.04;Rural;No;27NOV2014;0;13:46;Female;#NULL!;Commercial;C: Possible Injury;Yes;O: No Injury;762;November;0;Straight - Level;Coastal;Facing Traffic;Double Yellow Line, No Passing Zone;Thursday;Non-Intersection;22;1;Two-Way, Not Divided;2 lanes;0;No;NC 133;Coarse Asphalt;211;No Special Feature;Loss of Control / Turning Error;NC Route;C: Possible Injury;Brunswick;18;Clear;PORT LOOP ROAD;31-35 mph;40 - 45  MPH;2014;Daylight;0-19
35.6091300487, -78.4665625472;"{""type"": ""Point"", ""coordinates"": [-78.46656254724503, 35.60913004873116]}";Black;None - Rural Crash;Travel Lane;2;16;Rural (<30% Developed);Male;Motorcycle;0;No;1;40001560;White;No;0;16-19;Motorist Overtaking - Bicyclist Swerved;None;No;#NULL!;Dry;0.25;Rural;No;30NOV2014;0;16:15;Male;#NULL!;Farms, Woods, Pastures;B: Evident Injury;No;B: Evident Injury;765;November;0;Straight - Bottom;Coastal;With Traffic;Double Yellow Line, No Passing Zone;Sunday;Non-Intersection;17;1;Two-Way, Not Divided;2 lanes;0;No;SR 1560;Smooth Asphalt;1557;No Special Feature;Motorist Overtaking Bicyclist;State Secondary Route;B: Evident Injury;Johnston;28;Clear;70;51-55 mph;50 - 55  MPH;2014;Daylight;25-29
36.0740071014, -79.7704629667;"{""type"": ""Point"", ""coordinates"": [-79.77046296673724, 36.07400710144271]}";White;Greensboro;Sidewalk / Crosswalk / Driveway Crossing;2;14;Urban (>70% Developed);Male;Passenger Car;0;No;0;50002300;Black;No;0;20-24;Motorist Drive Through - Sign-Controlled Intersection;None;No;#NULL!;Dry;0;Urban;No;13NOV2014;1;14:00;Female;#NULL!;Institutional;O: No Injury;No;O: No Injury;769;November;0;Straight - Level;Piedmont;Facing Traffic;Stop Sign;Thursday;Intersection;24;1;Two-Way, Not Divided;2 lanes;0;No;WIMBUSH WAY;Smooth Asphalt;#NULL!;T-Intersection;Motorist Failed to Yield - Sign-Controlled Intersection;Local Street;Unknown Injury;Guilford;25;Clear;BENBOW RD;0-5 mph;20 - 25  MPH;2014;Daylight;25-29
35.5146440645, -77.4079382205;"{""type"": ""Point"", ""coordinates"": [-77.40793822051727, 35.51464406450532]}";Unknown/Missing;Winterville;Travel Lane;2;17;Urban (>70% Developed);Unknown;Sport Utility;0;No;0;40001149;White;No;0;30-39;Motorist Overtaking - Other / Unknown;None;Yes;#NULL!;Dry;0.003;Urban;Yes;15NOV2014;1;17:50;Male;#NULL!;Commercial;O: No Injury;No;O: No Injury;773;November;0;Straight - Level;Coastal;With Traffic;Stop Sign;Saturday;Intersection-Related;34;1;Two-Way, Not Divided;2 lanes;0;Yes-Alcohol,  impairment suspected;MILL ST;Smooth Asphalt;LAURIE ELLIS;No Special Feature;Motorist Overtaking Bicyclist;Local Street;Unknown Injury;Pitt;50;Clear;EMILY DR;41-45 mph;50 - 55  MPH;2014;Daylight;50-59
35.0776769167, -78.958582669;"{""type"": ""Point"", ""coordinates"": [-78.95858266896443, 35.077676916740536]}";White;Fayetteville;Sidewalk / Crosswalk / Driveway Crossing;2;10;Urban (>70% Developed);Female;Pickup;0;No;0;20000401;Black;No;1;20-24;Motorist Drive Out - Right Turn on Red;None;No;#NULL!;Dry;0;Urban;No;06DEC2014;0;10:40;Male;#NULL!;Commercial;C: Possible Injury;Yes;O: No Injury;786;December;0;Straight - Level;Coastal;Facing Traffic;Stop And Go Signal;Saturday;Intersection;21;1;Two-Way, Divided, Positive Median Barrier;7 lanes;0;No;SKIBO RD;Coarse Asphalt;MCPHERSON CHURCH RD;T-Intersection;Motorist Failed to Yield - Signalized Intersection;Local Street;C: Possible Injury;Cumberland;49;Cloudy;ALL AMERICAN EXP;0-5 mph;40 - 45  MPH;2014;Daylight;40-49
34.2267867673, -77.8665022974;"{""type"": ""Point"", ""coordinates"": [-77.86650229744319, 34.22678676725549]}";White;Wilmington;Bike Lane / Paved Shoulder;2;13;Urban (>70% Developed);Male;Passenger Car;0;Yes-Alcohol and Drugs, no impairment detected;1;0;White;No;0;40-49;Motorist Left Turn - Same Direction;None;Yes;#NULL!;Dry;0.15;Urban;No;12NOV2014;0;13:53;Female;#NULL!;Institutional;B: Evident Injury;Yes;O: No Injury;789;November;0;Straight - Level;Coastal;Facing Traffic;No Control Present;Wednesday;Non-Intersection;40;1;Two-Way, Divided, Unprotected Median;2 lanes;0;No;REYNOLDS DR;Coarse Asphalt;CAHILL DR;No Special Feature;Motorist Left Turn / Merge;Local Street;B: Evident Injury;.;40;Clear;RANDALL DR;0-5 mph;20 - 25  MPH;2014;Daylight;40-49
35.1804838707, -80.875733249;"{""type"": ""Point"", ""coordinates"": [-80.87573324902053, 35.180483870693]}";White;Charlotte;Sidewalk / Crosswalk / Driveway Crossing;2;14;Urban (>70% Developed);Male;Unknown;0;No;1;50028612;Unknown/Missing;No;0;16-19;Motorist Lost Control - Other / Unknown;None;No;#NULL!;Dry;0.114;Urban;Yes;26DEC2014;0;14:50;Unknown;#NULL!;Institutional;B: Evident Injury;Yes;Unknown Injury;800;December;0;Straight - Grade;Piedmont;With Traffic;No Control Present;Friday;Non-Intersection;19;1;Two-Way, Not Divided;4 lanes;0;Missing;SOUTH BLVD;Smooth Asphalt;BRIABEND DR;No Special Feature;Loss of Control / Turning Error;Local Street;B: Evident Injury;Mecklenburg;Unknown;Clear;STERLING DR;31-35 mph;30 - 35  MPH;2014;Dusk;Unknown
35.2494808798, -81.0417133021;"{""type"": ""Point"", ""coordinates"": [-81.04171330213799, 35.249480879814485]}";White;Belmont;Travel Lane;2;10;Urban (>70% Developed);Male;Light Truck (Mini-Van, Panel);0;Missing;1;50018682;Unknown/Missing;No;0;60-69;Bicyclist Overtaking - Parked Vehicle;None;No;#NULL!;Wet;0.076;Urban;No;22DEC2014;0;10:00;Unknown;#NULL!;Residential;B: Evident Injury;Yes;Unknown Injury;814;December;0;Straight - Level;Piedmont;With Traffic;No Control Present;Monday;Non-Intersection;68;1;Two-Way, Not Divided;2 lanes;0;No;MAIN STREET;Coarse Asphalt;CEDAR STREET;No Special Feature;Bicyclist Overtaking Motorist;NC Route;B: Evident Injury;Gaston;Unknown;Rain;CENTRAL AVENUE;11-15 mph;30 - 35  MPH;2014;Daylight;Unknown
35.7800770782, -78.6872026233;"{""type"": ""Point"", ""coordinates"": [-78.68720262330824, 35.78007707823364]}";White;Raleigh;Travel Lane;2;22;Urban (>70% Developed);Male;Passenger Car;0;No;0;50012171;White;No;1;20-24;Motorist Overtaking - Undetected Bicyclist;None;No;#NULL!;Dry;0.049;Urban;No;30DEC2014;0;22:44;Male;#NULL!;Residential;C: Possible Injury;Yes;C: Possible Injury;819;December;0;Straight - Hillcrest;Piedmont;With Traffic;No Control Present;Tuesday;Non-Intersection;20;1;Two-Way, Not Divided;3 lanes;0;No;GORMAN ST;Smooth Asphalt;GREENLEAF ST;No Special Feature;Motorist Overtaking Bicyclist;Local Street;C: Possible Injury;Wake;27;Clear;MARCOM ST;31-35 mph;30 - 35  MPH;2014;Dark - Roadway Not Lighted;25-29
36.0000790773, -79.9931930304;"{""type"": ""Point"", ""coordinates"": [-79.9931930304024, 36.00007907733593]}";Black;High Point;Travel Lane;2;17;Urban (>70% Developed);Male;Unknown;0;No;0;30000068;Unknown/Missing;No;1;40-49;Motorist Overtaking - Undetected Bicyclist;None;No;#NULL!;Dry;0.019;Urban;Yes;15DEC2014;0;17:22;Unknown;#NULL!;Residential;C: Possible Injury;Yes;Unknown Injury;820;December;0;Straight - Level;Piedmont;With Traffic;No Control Present;Monday;Non-Intersection;48;1;Two-Way, Divided, Unprotected Median;4 lanes;0;Missing;EASTCHESTER DR;Smooth Asphalt;YORK AVE;No Special Feature;Motorist Overtaking Bicyclist;NC Route;C: Possible Injury;Guilford;Unknown;Clear;TIMBERLAKE DR;Unknown;40 - 45  MPH;2014;Dark - Lighted Roadway;Unknown
35.7812670796, -78.6415326095;"{""type"": ""Point"", ""coordinates"": [-78.64153260949503, 35.78126707959611]}";Black;Raleigh;Travel Lane;2;13;Urban (>70% Developed);Male;Passenger Car;0;No;0;40002298;Unknown/Missing;No;1;16-19;Motorist Turning Error - Other;None;No;#NULL!;Dry;0.003;Urban;Yes;30DEC2014;0;13:30;Unknown;#NULL!;Commercial;C: Possible Injury;No;Unknown Injury;824;December;0;Straight - Level;Piedmont;With Traffic;Stop And Go Signal;Tuesday;Intersection-Related;18;1;One-Way, Not Divided;2 lanes;0;Missing;E EDENTON ST;Smooth Asphalt;N SALISBURY ST;Four-Way Intersection;Loss of Control / Turning Error;Local Street;C: Possible Injury;Wake;Unknown;Clear;N MCDOWELL ST;6-10 mph;30 - 35  MPH;2014;Daylight;Unknown
36.0803711117, -79.5214728922;"{""type"": ""Point"", ""coordinates"": [-79.5214728921627, 36.08037111172281]}";White;Burlington;Travel Lane;3;23;Urban (>70% Developed);Male;Passenger Car;0;No;1;20000070;White;No;0;50-59;Motorist Drive Out - Sign-Controlled Intersection;None;No;#NULL!;Wet;0.002;Urban;No;31OCT2014;0;23:05;Female;#NULL!;Residential;B: Evident Injury;Yes;O: No Injury;830;October;0;Straight - Level;Piedmont;With Traffic;Stop Sign;Friday;Intersection;54;1;Two-Way, Not Divided;2 lanes;0;No;US 70;Concrete;#NULL!;T-Intersection;Motorist Failed to Yield - Sign-Controlled Intersection;US Route;B: Evident Injury;Alamance;16;Rain;RANDOM LN (1900);6-10 mph;40 - 45  MPH;2014;Dark - Roadway Not Lighted;0-19
35.5907818959, -82.5303997627;"{""type"": ""Point"", ""coordinates"": [-82.53039976268319, 35.5907818959358]}";White;Asheville;Travel Lane;2;16;Urban (>70% Developed);Male;Passenger Car;0;No;1;20000070;White;No;0;40-49;Motorist Overtaking - Misjudged Space;None;No;#NULL!;Dry;0.027;Urban;No;14DEC2014;0;16:42;Male;#NULL!;Commercial;B: Evident Injury;Yes;O: No Injury;832;December;0;Straight - Grade;Mountains;With Traffic;No Control Present;Sunday;Non-Intersection;49;1;Two-Way, Divided, Unprotected Median;5 lanes;0;No;70;Smooth Asphalt;KENILWORTH RD;No Special Feature;Motorist Overtaking Bicyclist;US Route;B: Evident Injury;Buncombe;41;Cloudy;RESTAURANT CT;16-20 mph;30 - 35  MPH;2014;Daylight;40-49
35.7540870742, -78.6489026109;"{""type"": ""Point"", ""coordinates"": [-78.64890261092407, 35.75408707417104]}";Hispanic;Raleigh;Travel Lane;2;19;Urban (>70% Developed);Male;Sport Utility;0;#NULL!;0;0;Black;No;0;40-49;Motorist Drive Out - Right Turn on Red;None;No;No;Dry;0;Urban;No;02JAN2013;0;19:56;Female;No;Commercial;C: Possible Injury;Yes;O: No Injury;852;January;0;Straight - Grade;Piedmont;Facing Traffic;Stop And Go Signal;Wednesday;Intersection;41;0;One-Way, Not Divided;2 lanes;0;#NULL!;I 40;Smooth Asphalt;#NULL!;On or Off Ramp;Motorist Failed to Yield - Signalized Intersection;Interstate;C: Possible Injury;Wake;36;Clear;#NULL!;0-5 mph;20 - 25  MPH;2013;Dark - Lighted Roadway;30-39