Geo Point;Geo Shape;BikeRace;City;BikePos;NumUnits;CrashHour;Locality;BikeSex;DrvrVehTyp;NumBikesNo;BikeAlcDrg;NumBikesBI;RteInvdCd;DrvrRace;Workzone;NumBikesCi;BikeAgeGrp;CrashType;RdDefects;CrashAlcoh;BikeAlcoho;RdConditio;DstncMiFrm;RuralUrban;HitRun;CrashDate;NumBikesUI;CrashTime;DrvrSex;DrvrAlcoho;Developmen;CrashSevr;AmbulanceR;DrvrInjury;OBJECTID;CrashMonth;NumBikesKi;RdCharacte;Region;BikeDir;TraffCntrl;CrashDay;CrashLoc;BikeAge;NumBikesTo;RdConfig;NumLanes;NumBikesAI;DrvrAlcDrg;OnRoad;RdSurface;Towrd_Rd;RdFeature;CrashGrp;RdClass;BikeInjury;County;DrvrAge;Weather;FrmRd;DrvrEstSpd;SpeedLimit;CrashYear;LightCond;DrvrAgeGrp
35.2057968815, -80.7258032057;"{""type"": ""Point"", ""coordinates"": [-80.7258032056737, 35.20579688152976]}";White;Charlotte;Sidewalk / Crosswalk / Driveway Crossing;2;17;Mixed (30% To 70% Developed);Female;Unknown;0;#NULL!;0;0;Unknown/Missing;No;0;16-19;Signalized Intersection - Other / Unknown;None;No;No;Dry;0;Urban;Yes;04JAN2013;0;17:52;Unknown;Missing;Residential;B: Evident Injury;No;Unknown Injury;860;January;0;Straight - Level;Piedmont;Facing Traffic;Stop And Go Signal;Friday;Intersection;18;0;Two-Way, Not Divided;4 lanes;0;#NULL!;LAWYERS RD;Smooth Asphalt;#NULL!;No Special Feature;Crossing Paths - Other Circumstances;Local Street;B: Evident Injury;Mecklenburg;Unknown;Clear;#NULL!;31-35 mph;40 - 45  MPH;2013;Dark - Lighted Roadway;Unknown
35.7742570783, -78.6420026099;"{""type"": ""Point"", ""coordinates"": [-78.64200260991102, 35.774257078342906]}";Black;Raleigh;Sidewalk / Crosswalk / Driveway Crossing;2;17;Urban (>70% Developed);Male;Single Unit Truck (2-Axle, 6-Tire);0;#NULL!;0;0;Black;No;0;20-24;Bicyclist Ride Out - Signalized  Intersection;None;No;No;Dry;0;Urban;No;14JAN2013;0;17:36;Male;No;Commercial;B: Evident Injury;Yes;O: No Injury;868;January;0;Straight - Level;Piedmont;Facing Traffic;Stop And Go Signal;Monday;Intersection;20;0;One-Way, Not Divided;3 lanes;0;#NULL!;S MCDOWELL ST;Smooth Asphalt;#NULL!;No Special Feature;Bicyclist Failed to Yield - Signalized Intersection;Local Street;B: Evident Injury;Wake;27;Clear;#NULL!;0-5 mph;30 - 35  MPH;2013;Dusk;25-29
35.2170568816, -80.7919032256;"{""type"": ""Point"", ""coordinates"": [-80.7919032255532, 35.21705688158731]}";Black;Charlotte;Sidewalk / Crosswalk / Driveway Crossing;2;15;Urban (>70% Developed);Male;Passenger Car;0;#NULL!;0;0;Black;No;0;11-15;Motorist Drive Out - Sign-Controlled Intersection;None;No;No;Dry;0;Urban;No;26JAN2013;0;15:30;Male;No;Commercial;C: Possible Injury;Yes;O: No Injury;873;January;0;Straight - Level;Piedmont;With Traffic;Stop Sign;Saturday;Intersection;15;0;Two-Way, Not Divided;2 lanes;0;#NULL!;WEMBLEY DRIVE;Smooth Asphalt;#NULL!;T-Intersection;Motorist Failed to Yield - Sign-Controlled Intersection;Local Street;C: Possible Injury;Mecklenburg;64;Clear;#NULL!;6-10 mph;20 - 25  MPH;2013;Daylight;60-69
35.2834270089, -77.5885022647;"{""type"": ""Point"", ""coordinates"": [-77.58850226473541, 35.283427008914984]}";Black;Kinston;Sidewalk / Crosswalk / Driveway Crossing;2;18;Urban (>70% Developed);Male;Pickup;0;#NULL!;0;0;White;No;0;11-15;Backing Vehicle;None;No;No;Dry;0;Urban;No;31JAN2013;0;18:08;Male;No;Commercial;O: No Injury;No;O: No Injury;878;January;0;Straight - Level;Coastal;Facing Traffic;Stop Sign;Thursday;Intersection-Related;14;0;Two-Way, Not Divided;2 lanes;0;#NULL!;PARROTT AVE;Coarse Asphalt;#NULL!;T-Intersection;Backing Vehicle;Local Street;O: No Injury;Lenoir;30;Clear;#NULL!;0-5 mph;30 - 35  MPH;2013;Dark - Lighted Roadway;30-39
35.7881570808, -78.6488026119;"{""type"": ""Point"", ""coordinates"": [-78.64880261191183, 35.788157080779335]}";Black;Raleigh;Travel Lane;2;14;Urban (>70% Developed);Male;Passenger Car;0;#NULL!;0;0;White;No;0;40-49;Crossing Paths - Midblock - Other / Unknown;None;No;No;Dry;0;Urban;No;10FEB2013;0;14:51;Male;No;Residential;C: Possible Injury;Yes;C: Possible Injury;888;February;0;Straight - Grade;Piedmont;With Traffic;No Control Present;Sunday;Non-Intersection;49;0;Two-Way, Not Divided;2 lanes;0;#NULL!;N BOYLAN AVE;Smooth Asphalt;#NULL!;No Special Feature;Crossing Paths - Other Circumstances;Local Street;C: Possible Injury;Wake;38;Clear;#NULL!;6-10 mph;30 - 35  MPH;2013;Daylight;30-39
35.4672169418, -80.6100031855;"{""type"": ""Point"", ""coordinates"": [-80.61000318547406, 35.46721694181128]}";Hispanic;Kannapolis;Travel Lane;2;17;Mixed (30% To 70% Developed);Male;Passenger Car;0;#NULL!;0;0;Black;No;0;40-49;Motorist Right Turn - Same Direction;None;No;No;Dry;0;Urban;No;24JAN2013;0;17:21;Female;No;Commercial;B: Evident Injury;Yes;O: No Injury;890;January;0;Straight - Level;Piedmont;With Traffic;Stop Sign;Thursday;Intersection;46;0;Two-Way, Not Divided;2 lanes;0;#NULL!;DAKOTA ST;Smooth Asphalt;#NULL!;T-Intersection;Motorist Right Turn / Merge;Local Street;B: Evident Injury;Cabarrus;49;Clear;#NULL!;11-15 mph;30 - 35  MPH;2013;Dusk;40-49
35.2383868827, -80.8973032587;"{""type"": ""Point"", ""coordinates"": [-80.89730325868528, 35.23838688274562]}";Black;Charlotte;Sidewalk / Crosswalk / Driveway Crossing;2;6;Urban (>70% Developed);Male;Pickup;0;#NULL!;0;0;Hispanic;No;0;40-49;Motorist Right Turn - Same Direction;None;No;No;Dry;0;Urban;No;06FEB2013;0;6:56;Male;No;Commercial;C: Possible Injury;Yes;O: No Injury;894;February;0;Straight - Level;Piedmont;With Traffic;Stop And Go Signal;Wednesday;Intersection;45;0;Two-Way, Divided, Unprotected Median;9 or more lanes;0;#NULL!;ALLEGHANY ST;Coarse Asphalt;#NULL!;Four-Way Intersection;Motorist Right Turn / Merge;Local Street;C: Possible Injury;Mecklenburg;37;Clear;#NULL!;11-15 mph;30 - 35  MPH;2013;Dawn;30-39
35.7882270799, -78.6698026186;"{""type"": ""Point"", ""coordinates"": [-78.66980261858072, 35.788227079916425]}";White;Raleigh;Bike Lane / Paved Shoulder;2;13;Urban (>70% Developed);Male;Passenger Car;0;#NULL!;0;0;Other;No;0;25-29;Motorist Right Turn - Same Direction;None;No;No;Dry;0;Urban;No;14FEB2013;0;13:35;Female;No;Institutional;C: Possible Injury;Yes;O: No Injury;900;February;0;Straight - Level;Piedmont;With Traffic;No Control Present;Thursday;Intersection-Related;29;0;Two-Way, Divided, Unprotected Median;3 lanes;0;#NULL!;HILLSBOROUGH ST;Coarse Asphalt;#NULL!;Driveway, Public;Motorist Right Turn / Merge;Local Street;C: Possible Injury;Wake;21;Cloudy;#NULL!;21-25 mph;30 - 35  MPH;2013;Daylight;20-24
35.2693668807, -81.1341033306;"{""type"": ""Point"", ""coordinates"": [-81.13410333060312, 35.26936688065951]}";White;Gastonia;Travel Lane;2;17;Urban (>70% Developed);Male;Passenger Car;0;#NULL!;0;0;White;No;0;20-24;Motorist Drive Out - Commercial Driveway / Alley;None;No;No;Dry;0;Urban;No;18JAN2013;0;17:03;Female;No;Commercial;C: Possible Injury;Yes;O: No Injury;902;January;0;Straight - Level;Piedmont;Facing Traffic;No Control Present;Friday;Non-Intersection;23;0;Two-Way, Not Divided;5 lanes;0;#NULL!;610 COX RD;Smooth Asphalt;#NULL!;No Special Feature;Motorist Failed to Yield - Midblock;State Secondary Route;C: Possible Injury;Gaston;27;Clear;#NULL!;0-5 mph;Unknown;2013;Daylight;25-29
35.5606970763, -77.3550022073;"{""type"": ""Point"", ""coordinates"": [-77.355002207259, 35.56069707632034]}";Black;Greenville;Bike Lane / Paved Shoulder;2;13;Urban (>70% Developed);Male;Unknown;0;#NULL!;0;0;Unknown/Missing;No;0;30-39;Motorist Overtaking - Misjudged Space;None;No;No;Dry;0;Urban;Yes;12FEB2013;0;13:19;Unknown;Missing;Residential;C: Possible Injury;Yes;Unknown Injury;905;February;0;Straight - Level;Coastal;With Traffic;No Control Present;Tuesday;Intersection-Related;31;0;Two-Way, Not Divided;2 lanes;0;#NULL!;COUNTY HOME RD;Smooth Asphalt;#NULL!;No Special Feature;Motorist Overtaking Bicyclist;Local Street;C: Possible Injury;Pitt;Unknown;Clear;#NULL!;36-40 mph;40 - 45  MPH;2013;Daylight;Unknown
34.197336758, -77.9378023171;"{""type"": ""Point"", ""coordinates"": [-77.93780231712225, 34.197336757992815]}";Black;Wilmington;Travel Lane;2;11;Urban (>70% Developed);Male;Sport Utility;0;#NULL!;0;0;White;No;0;50-59;Motorist Drive Out - Commercial Driveway / Alley;None;No;No;Dry;0;Urban;No;10FEB2013;0;11:11;Male;No;Commercial;C: Possible Injury;Yes;O: No Injury;917;February;0;Straight - Level;Coastal;Facing Traffic;No Control Present;Sunday;Non-Intersection;54;0;Two-Way, Not Divided;Unknown;0;#NULL!;PVA CAROLINA BEACH RD;Gravel;#NULL!;Driveway, Public;Motorist Failed to Yield - Midblock;Public Vehicular Area;C: Possible Injury;New Hanover;28;Clear;#NULL!;Unknown;Unknown;2013;Daylight;25-29
35.9759270719, -80.0192030363;"{""type"": ""Point"", ""coordinates"": [-80.01920303625458, 35.9759270719207]}";White;High Point;Sidewalk / Crosswalk / Driveway Crossing;2;13;Urban (>70% Developed);Male;Passenger Car;0;#NULL!;0;0;White;No;0;30-39;Motorist Drive Out - Commercial Driveway / Alley;None;No;No;Wet;0;Urban;No;13FEB2013;0;13:09;Female;No;Commercial;C: Possible Injury;No;O: No Injury;921;February;0;Straight - Grade;Piedmont;Facing Traffic;No Control Present;Wednesday;Non-Intersection;30;0;Two-Way, Not Divided;5 lanes;0;#NULL!;N MAIN ST;Concrete;#NULL!;Other;Motorist Failed to Yield - Midblock;Local Street;C: Possible Injury;Guilford;51;Cloudy;#NULL!;Unknown;Unknown;2013;Daylight;50-59
35.6950669673, -81.2292033834;"{""type"": ""Point"", ""coordinates"": [-81.22920338339772, 35.6950669672793]}";White;Conover;Travel Lane;2;1;Urban (>70% Developed);Male;Passenger Car;0;#NULL!;0;0;Unknown/Missing;No;0;40-49;Motorist Overtaking - Undetected Bicyclist;None;No;No;Dry;0;Urban;Yes;03MAR2013;0;1:30;Unknown;Missing;Commercial;C: Possible Injury;Yes;Unknown Injury;923;March;0;Straight - Level;Piedmont;With Traffic;No Control Present;Sunday;Non-Intersection;44;0;Two-Way, Not Divided;2 lanes;0;#NULL!;BOUNDARY ST SW;Smooth Asphalt;#NULL!;No Special Feature;Motorist Overtaking Bicyclist;Local Street;C: Possible Injury;Catawba;Unknown;Clear;#NULL!;31-35 mph;30 - 35  MPH;2013;Dark - Roadway Not Lighted;Unknown
36.0645630985, -79.7909429725;"{""type"": ""Point"", ""coordinates"": [-79.79094297247275, 36.06456309852573]}";White;Greensboro;Travel Lane;2;20;Urban (>70% Developed);Male;Passenger Car;0;#NULL!;0;0;Black;No;0;50-59;Motorist Drive Out - Signalized Intersection;None;No;No;Wet;0;Urban;No;22FEB2013;0;20:06;Female;No;Commercial;B: Evident Injury;Yes;O: No Injury;925;February;0;Straight - Grade;Piedmont;With Traffic;Stop And Go Signal;Friday;Intersection;53;0;Two-Way, Divided, Unprotected Median;5 lanes;0;#NULL!;W LEE ST;Smooth Asphalt;#NULL!;Four-Way Intersection;Motorist Failed to Yield - Signalized Intersection;Local Street;B: Evident Injury;Guilford;23;Rain;#NULL!;0-5 mph;30 - 35  MPH;2013;Dark - Lighted Roadway;20-24
35.3335868664, -81.8848035574;"{""type"": ""Point"", ""coordinates"": [-81.8848035574441, 35.33358686637252]}";Black;Forest City;Travel Lane;2;18;Mixed (30% To 70% Developed);Male;Unknown;0;#NULL!;0;0;Unknown/Missing;No;0;60-69;Motorist Overtaking - Other / Unknown;None;No;No;Dry;0;Urban;Yes;20FEB2013;0;18:56;Unknown;Missing;Commercial;B: Evident Injury;Yes;Unknown Injury;928;February;0;Straight - Grade;Mountains;With Traffic;No Control Present;Wednesday;Intersection-Related;63;0;Two-Way, Not Divided;4 lanes;0;#NULL!;OAK ST;Smooth Asphalt;#NULL!;No Special Feature;Motorist Overtaking Bicyclist;Local Street;B: Evident Injury;Rutherford;Unknown;Clear;#NULL!;Unknown;40 - 45  MPH;2013;Dark - Lighted Roadway;Unknown
34.3296367623, -78.7077025558;"{""type"": ""Point"", ""coordinates"": [-78.70770255576714, 34.32963676225712]}";Black;Whiteville;Sidewalk / Crosswalk / Driveway Crossing;2;13;Urban (>70% Developed);Male;Sport Utility;0;#NULL!;0;0;White;No;0;60-69;Motorist Drive Out - Commercial Driveway / Alley;None;No;No;Dry;0;Urban;No;15MAR2013;0;13:53;Female;No;Commercial;C: Possible Injury;Yes;O: No Injury;949;March;0;Straight - Level;Coastal;Facing Traffic;No Control Present;Friday;Non-Intersection;65;0;Two-Way, Not Divided;2 lanes;0;#NULL!;N JK POWELL BLVD;Coarse Asphalt;#NULL!;No Special Feature;Motorist Failed to Yield - Midblock;Local Street;C: Possible Injury;Columbus;23;Clear;#NULL!;0-5 mph;30 - 35  MPH;2013;Daylight;20-24
36.0337971252, -78.8819026965;"{""type"": ""Point"", ""coordinates"": [-78.88190269645969, 36.03379712516872]}";Hispanic;Durham;Unknown;2;12;Urban (>70% Developed);Male;Passenger Car;0;#NULL!;0;0;Black;No;0;6-10;Bicyclist Ride Out - Other Midblock;None;No;No;Dry;0;Urban;No;16MAR2013;0;12:30;Female;No;Residential;O: No Injury;No;O: No Injury;950;March;0;Straight - Level;Piedmont;Unknown;No Control Present;Saturday;Non-Intersection;8;0;Two-Way, Not Divided;2 lanes;0;#NULL!;BERWYN AVE;Smooth Asphalt;#NULL!;No Special Feature;Bicyclist Failed to Yield - Midblock;Local Street;O: No Injury;Durham;66;Clear;#NULL!;36-40 mph;30 - 35  MPH;2013;Daylight;60-69
35.0121168389, -80.7743032098;"{""type"": ""Point"", ""coordinates"": [-80.7743032097935, 35.01211683894875]}";White;None - Rural Crash;Travel Lane;2;10;Mixed (30% To 70% Developed);Male;Sport Utility;0;#NULL!;0;0;White;No;0;50-59;Motorist Overtaking - Other / Unknown;None;No;No;Dry;0;Rural;No;16MAR2013;0;10:30;Female;No;Residential;O: No Injury;No;O: No Injury;952;March;0;Straight - Level;Piedmont;With Traffic;No Control Present;Saturday;Non-Intersection;54;0;Two-Way, Divided, Unprotected Median;4 lanes;0;#NULL!;SR 1316;Smooth Asphalt;#NULL!;No Special Feature;Motorist Overtaking Bicyclist;State Secondary Route;O: No Injury;Union;31;Clear;#NULL!;41-45 mph;40 - 45  MPH;2013;Daylight;30-39
34.6856568234, -79.1993027211;"{""type"": ""Point"", ""coordinates"": [-79.19930272108692, 34.68565682338443]}";White;None - Rural Crash;Sidewalk / Crosswalk / Driveway Crossing;2;8;Rural (<30% Developed);Male;Passenger Car;0;#NULL!;0;0;Native American;No;0;20-24;Crossing Paths - Midblock - Other / Unknown;None;No;No;Dry;0;Rural;No;19MAR2013;0;8:15;Female;No;Commercial;O: No Injury;No;O: No Injury;957;March;0;Straight - Level;Coastal;Not Applicable;Yield Sign;Tuesday;Non-Intersection;24;0;Two-Way, Not Divided;5 lanes;0;#NULL!;SR 1340;Coarse Asphalt;#NULL!;No Special Feature;Crossing Paths - Other Circumstances;State Secondary Route;O: No Injury;Robeson;43;Cloudy;#NULL!;31-35 mph;30 - 35  MPH;2013;Daylight;40-49
34.7709568376, -79.3354027669;"{""type"": ""Point"", ""coordinates"": [-79.33540276692088, 34.7709568376171]}";Native American;None - Rural Crash;Travel Lane;2;11;Mixed (30% To 70% Developed);Male;Passenger Car;0;#NULL!;0;0;Native American;No;0;50-59;Motorist Overtaking - Other / Unknown;None;No;No;Dry;0;Rural;No;17MAR2013;0;11:35;Male;No;Commercial;K: Killed;Yes;O: No Injury;959;March;0;Curve - Level;Coastal;With Traffic;Double Yellow Line, No Passing Zone;Sunday;Non-Intersection;56;0;Two-Way, Not Divided;2 lanes;0;#NULL!;NC 71;Smooth Asphalt;#NULL!;No Special Feature;Motorist Overtaking Bicyclist;NC Route;K: Killed;Scotland;65;Cloudy;#NULL!;51-55 mph;50 - 55  MPH;2013;Daylight;60-69
35.0490269055, -79.121902717;"{""type"": ""Point"", ""coordinates"": [-79.12190271699171, 35.049026905455186]}";Black;None - Rural Crash;Driveway / Alley;2;18;Urban (>70% Developed);Female;Passenger Car;0;#NULL!;0;0;Other;No;0;6-10;Bicyclist Ride Out - Residential Driveway;None;No;No;Dry;0;Rural;No;19MAR2013;0;18:45;Male;No;Residential;B: Evident Injury;Yes;O: No Injury;961;March;0;Straight - Level;Coastal;Not Applicable;No Control Present;Tuesday;Non-Intersection;9;0;Two-Way, Not Divided;2 lanes;0;#NULL!;SR 1334;Coarse Asphalt;#NULL!;Driveway, Private;Bicyclist Failed to Yield - Midblock;State Secondary Route;B: Evident Injury;Hoke;40;Clear;#NULL!;16-20 mph;20 - 25  MPH;2013;Daylight;40-49
35.7854470799, -78.6605026154;"{""type"": ""Point"", ""coordinates"": [-78.66050261540117, 35.78544707992276]}";White;Raleigh;Bike Lane / Paved Shoulder;2;10;Urban (>70% Developed);Male;Sport Utility;0;#NULL!;0;0;Black;No;0;30-39;Motorist Left Turn - Opposite Direction;None;No;No;Dry;0;Urban;No;22MAR2013;0;10:24;Male;No;Residential;O: No Injury;No;O: No Injury;965;March;0;Straight - Level;Piedmont;With Traffic;No Control Present;Friday;Intersection;30;0;Two-Way, Not Divided;3 lanes;0;#NULL!;HILLSBOROUGH ST;Smooth Asphalt;#NULL!;Four-Way Intersection;Motorist Left Turn / Merge;Local Street;O: No Injury;Wake;26;Clear;#NULL!;6-10 mph;30 - 35  MPH;2013;Daylight;25-29
35.9338171417, -77.8095023648;"{""type"": ""Point"", ""coordinates"": [-77.80950236477547, 35.9338171416524]}";Black;Rocky Mount;Non-Roadway;2;19;Urban (>70% Developed);Male;Police;0;#NULL!;0;0;Black;No;0;20-24;Non-Roadway;None;No;No;Dry;0;Urban;No;30MAR2013;0;19:37;Male;No;Commercial;C: Possible Injury;Yes;O: No Injury;968;March;0;Straight - Level;Coastal;Not Applicable;No Control Present;Saturday;Non-Roadway;22;0;Two-Way, Not Divided;2 lanes;0;#NULL!;PVA W RALEIGH BLVD;Coarse Asphalt;#NULL!;Driveway, Public;Non-Roadway;Public Vehicular Area;C: Possible Injury;Nash;24;Clear;#NULL!;0-5 mph;20 - 25  MPH;2013;Dusk;20-24
35.608127086, -77.39100222;"{""type"": ""Point"", ""coordinates"": [-77.39100222003539, 35.608127086026585]}";Black;Greenville;Travel Lane;2;21;Urban (>70% Developed);Male;Passenger Car;0;#NULL!;0;0;Black;No;0;50-59;Bicyclist Ride Through - Signalized Intersection;None;Yes;Yes;Dry;0;Urban;No;07APR2013;0;21:19;Male;No;Residential;B: Evident Injury;Yes;O: No Injury;978;April;0;Straight - Level;Coastal;With Traffic;Stop And Go Signal;Sunday;Intersection;54;0;Two-Way, Not Divided;3 lanes;0;#NULL!;LINE AV;Coarse Asphalt;#NULL!;No Special Feature;Bicyclist Failed to Yield - Signalized Intersection;Local Street;B: Evident Injury;Pitt;25;Clear;#NULL!;31-35 mph;30 - 35  MPH;2013;Dark - Lighted Roadway;25-29
35.0721169704, -77.3495021812;"{""type"": ""Point"", ""coordinates"": [-77.34950218120825, 35.07211697042227]}";Black;None - Rural Crash;Travel Lane;2;20;Rural (<30% Developed);Male;Passenger Car;0;#NULL!;0;0;Black;No;0;40-49;Motorist Overtaking - Other / Unknown;None;No;No;Dry;0;Rural;No;02APR2013;0;20:48;Male;No;Farms, Woods, Pastures;K: Killed;Yes;O: No Injury;982;April;0;Straight - Level;Coastal;With Traffic;No Control Present;Tuesday;Non-Intersection;46;0;Two-Way, Not Divided;2 lanes;0;#NULL!;NC 41;Smooth Asphalt;#NULL!;No Special Feature;Motorist Overtaking Bicyclist;NC Route;K: Killed;Jones;21;Clear;#NULL!;41-45 mph;40 - 45  MPH;2013;Dark - Roadway Not Lighted;20-24
35.2690270048, -77.5953022661;"{""type"": ""Point"", ""coordinates"": [-77.5953022661329, 35.269027004765555]}";Black;Kinston;Travel Lane;2;12;Urban (>70% Developed);Male;Pickup;0;#NULL!;0;0;White;No;0;16-19;Bicyclist Ride Out - Sign-Controlled Intersection;None;No;No;Dry;0;Urban;No;10APR2013;0;12:55;Male;No;Residential;C: Possible Injury;Yes;O: No Injury;983;April;0;Straight - Level;Coastal;Facing Traffic;Stop Sign;Wednesday;Intersection;17;0;Two-Way, Not Divided;2 lanes;0;#NULL!;CAREY RD;Coarse Asphalt;#NULL!;Four-Way Intersection;Bicyclist Failed to Yield - Sign-Controlled Intersection;Local Street;C: Possible Injury;Lenoir;61;Clear;#NULL!;26-30 mph;30 - 35  MPH;2013;Daylight;60-69
35.7203269753, -81.1562033624;"{""type"": ""Point"", ""coordinates"": [-81.15620336242414, 35.72032697529091]}";White;Claremont;Travel Lane;2;19;Urban (>70% Developed);Male;Sport Utility;0;#NULL!;0;0;White;No;0;50-59;Motorist Overtaking - Other / Unknown;None;No;No;Dry;0;Rural;No;11APR2013;0;19:05;Female;No;Commercial;B: Evident Injury;Yes;O: No Injury;986;April;0;Straight - Grade;Piedmont;With Traffic;No Control Present;Thursday;Non-Intersection;54;0;Two-Way, Not Divided;2 lanes;0;#NULL!;NORTH OXFORD STREET;Smooth Asphalt;#NULL!;No Special Feature;Motorist Overtaking Bicyclist;Local Street;B: Evident Injury;Catawba;26;Cloudy;#NULL!;26-30 mph;30 - 35  MPH;2013;Daylight;25-29
35.9739071125, -78.8866026943;"{""type"": ""Point"", ""coordinates"": [-78.8866026943167, 35.97390711249489]}";Black;Durham;Sidewalk / Crosswalk / Driveway Crossing;2;20;Urban (>70% Developed);Male;Unknown;0;#NULL!;0;0;Unknown/Missing;No;0;50-59;Bicyclist Ride Through - Sign-Controlled Intersection;None;Yes;Yes;Dry;0;Urban;Yes;12APR2013;0;20:00;Unknown;Missing;Residential;B: Evident Injury;Yes;Unknown Injury;987;April;0;Straight - Bottom;Piedmont;With Traffic;Stop Sign;Friday;Intersection;51;0;Two-Way, Not Divided;2 lanes;0;#NULL!;PLUM ST;Smooth Asphalt;#NULL!;No Special Feature;Bicyclist Failed to Yield - Sign-Controlled Intersection;Local Street;B: Evident Injury;Durham;Unknown;Clear;#NULL!;Unknown;Unknown;2013;Dark - Lighted Roadway;Unknown
34.2800167784, -77.871802302;"{""type"": ""Point"", ""coordinates"": [-77.87180230203127, 34.28001677844676]}";White;None - Rural Crash;Driveway / Alley;2;16;Mixed (30% To 70% Developed);Female;Pickup;0;#NULL!;0;0;White;No;0;16-19;Bicyclist Ride Out - Residential Driveway;None;No;No;Dry;0;Rural;No;10APR2013;0;16:27;Male;No;Residential;B: Evident Injury;Yes;O: No Injury;992;April;0;Straight - Level;Coastal;Not Applicable;No Control Present;Wednesday;Non-Intersection;17;0;Two-Way, Not Divided;2 lanes;0;#NULL!;SR 2078;Coarse Asphalt;#NULL!;Driveway, Private;Bicyclist Failed to Yield - Midblock;State Secondary Route;B: Evident Injury;New Hanover;61;Clear;#NULL!;16-20 mph;30 - 35  MPH;2013;Daylight;60-69
35.1687468693, -80.8506132414;"{""type"": ""Point"", ""coordinates"": [-80.85061324140344, 35.16874686934799]}";White;Charlotte;Sidewalk / Crosswalk / Driveway Crossing;2;12;Urban (>70% Developed);Male;Passenger Car;0;#NULL!;0;0;White;No;0;30-39;Motorist Drive Out - Right Turn on Red;None;No;No;Dry;0;Urban;No;27MAY2010;0;12:46;Male;No;Commercial;B: Evident Injury;Yes;O: No Injury;4002;May;0;Straight - Grade;Piedmont;Facing Traffic;Stop And Go Signal;Thursday;Intersection;38;0;Two-Way, Not Divided;3 lanes;0;#NULL!;#NULL!;Smooth Asphalt;#NULL!;Four-Way Intersection;Motorist Failed to Yield - Signalized Intersection;Local Street;B: Evident Injury;Mecklenburg;63;Clear;#NULL!;6-10 mph;30 - 35  MPH;2010;Daylight;60-69
36.2178072354, -76.8574420881;"{""type"": ""Point"", ""coordinates"": [-76.85744208806331, 36.217807235383376]}";Black;None - Rural Crash;Driveway / Alley;2;12;Rural (<30% Developed);Male;Passenger Car;0;#NULL!;0;0;Black;No;0;6-10;Bicyclist Ride Out - Residential Driveway;None;No;No;Dry;0;Rural;No;14JUN2010;0;12:07;Male;No;Farms, Woods, Pastures;B: Evident Injury;Yes;O: No Injury;4011;June;0;Curve - Level;Coastal;Not Applicable;Double Yellow Line, No Passing Zone;Monday;Non-Intersection;10;0;Two-Way, Not Divided;2 lanes;0;#NULL!;#NULL!;Coarse Asphalt;#NULL!;Driveway, Private;Bicyclist Failed to Yield - Midblock;State Secondary Route;B: Evident Injury;Bertie;70+;Clear;#NULL!;51-55 mph;50 - 55  MPH;2010;Daylight;70+
35.6912720189, -79.8018929548;"{""type"": ""Point"", ""coordinates"": [-79.80189295479038, 35.69127201886007]}";White;Asheboro;Travel Lane;2;15;Urban (>70% Developed);Male;Light Truck (Mini-Van, Panel);0;#NULL!;0;0;White;No;0;20-24;Bicyclist Ride Through - Signalized Intersection;None;No;No;Dry;0;Urban;No;01JUN2010;0;15:22;Female;No;Commercial;C: Possible Injury;Yes;O: No Injury;4017;June;0;Straight - Grade;Piedmont;With Traffic;Stop And Go Signal;Tuesday;Intersection;21;0;Two-Way, Not Divided;5 lanes;0;#NULL!;#NULL!;Smooth Asphalt;#NULL!;Four-Way Intersection;Bicyclist Failed to Yield - Signalized Intersection;US Route;C: Possible Injury;Randolph;58;Clear;#NULL!;11-15 mph;40 - 45  MPH;2010;Daylight;50-59
35.945367065, -80.0140130326;"{""type"": ""Point"", ""coordinates"": [-80.01401303264439, 35.9453670650444]}";White;High Point;Travel Lane;2;16;Urban (>70% Developed);Male;Passenger Car;0;#NULL!;0;0;White;No;0;16-19;Bicyclist Right Turn - Same Direction;None;No;No;Dry;0;Urban;No;01JUN2010;0;16:34;Male;No;Commercial;B: Evident Injury;Yes;O: No Injury;4018;June;0;Straight - Bottom;Piedmont;Facing Traffic;No Control Present;Tuesday;Intersection;18;0;Two-Way, Not Divided;4 lanes;0;#NULL!;#NULL!;Coarse Asphalt;#NULL!;No Special Feature;Bicyclist Right Turn / Merge;Local Street;B: Evident Injury;Guilford;34;Clear;#NULL!;21-25 mph;30 - 35  MPH;2010;Daylight;30-39
35.5797421424, -75.46716163;"{""type"": ""Point"", ""coordinates"": [-75.46716163004412, 35.57974214236959]}";White;None - Rural Crash;Non-Roadway;2;14;Urban (>70% Developed);Female;Sport Utility;0;#NULL!;0;0;White;No;0;6-10;Bicyclist Ride Out - Commercial Driveway / Alley;None;No;No;Dry;0;Rural;No;21JUN2010;0;14:45;Male;No;Commercial;C: Possible Injury;Yes;O: No Injury;4020;June;0;Straight - Level;Coastal;Not Applicable;Double Yellow Line, No Passing Zone;Monday;Non-Intersection;8;0;Two-Way, Not Divided;2 lanes;0;#NULL!;#NULL!;Smooth Asphalt;#NULL!;Driveway, Public;Bicyclist Failed to Yield - Midblock;NC Route;C: Possible Injury;Dare;64;Clear;#NULL!;31-35 mph;30 - 35  MPH;2010;Daylight;60-69