Geo Point;Geo Shape;BikeRace;City;BikePos;NumUnits;CrashHour;Locality;BikeSex;DrvrVehTyp;NumBikesNo;BikeAlcDrg;NumBikesBI;RteInvdCd;DrvrRace;Workzone;NumBikesCi;BikeAgeGrp;CrashType;RdDefects;CrashAlcoh;BikeAlcoho;RdConditio;DstncMiFrm;RuralUrban;HitRun;CrashDate;NumBikesUI;CrashTime;DrvrSex;DrvrAlcoho;Developmen;CrashSevr;AmbulanceR;DrvrInjury;OBJECTID;CrashMonth;NumBikesKi;RdCharacte;Region;BikeDir;TraffCntrl;CrashDay;CrashLoc;BikeAge;NumBikesTo;RdConfig;NumLanes;NumBikesAI;DrvrAlcDrg;OnRoad;RdSurface;Towrd_Rd;RdFeature;CrashGrp;RdClass;BikeInjury;County;DrvrAge;Weather;FrmRd;DrvrEstSpd;SpeedLimit;CrashYear;LightCond;DrvrAgeGrp
35.9793540735, -79.9962530299;"{""type"": ""Point"", ""coordinates"": [-79.99625302985814, 35.9793540734744]}";Black;High Point;Sidewalk / Crosswalk / Driveway Crossing;2;14;Urban (>70% Developed);Male;Pickup;0;#NULL!;0;0;White;No;0;30-39;Backing Vehicle;None;No;No;Dry;0;Urban;No;09JUN2010;0;14:35;Male;No;Institutional;B: Evident Injury;No;O: No Injury;4026;June;0;Straight - Level;Piedmont;Not Applicable;Stop And Go Signal;Wednesday;Intersection;33;0;Two-Way, Divided, Positive Median Barrier;4 lanes;0;#NULL!;#NULL!;Smooth Asphalt;#NULL!;Related To Intersection;Backing Vehicle;Local Street;B: Evident Injury;Guilford;70+;Clear;#NULL!;Unknown;40 - 45  MPH;2010;Daylight;70+
35.1720118702, -80.8512732411;"{""type"": ""Point"", ""coordinates"": [-80.85127324109621, 35.172011870182814]}";White;Charlotte;Sidewalk / Crosswalk / Driveway Crossing;2;13;Urban (>70% Developed);Female;Sport Utility;0;#NULL!;0;0;White;No;0;16-19;Signalized Intersection - Other / Unknown;None;No;No;Dry;0;Urban;No;15JUN2010;0;13:23;Female;No;Commercial;C: Possible Injury;Yes;O: No Injury;4029;June;0;Straight - Level;Piedmont;Unknown;Stop And Go Signal;Tuesday;Intersection;18;0;Two-Way, Not Divided;5 lanes;0;#NULL!;#NULL!;Smooth Asphalt;#NULL!;No Special Feature;Crossing Paths - Other Circumstances;Local Street;C: Possible Injury;Mecklenburg;30;Clear;#NULL!;0-5 mph;5 - 15 MPH;2010;Daylight;30-39
36.0897101027, -79.8272429853;"{""type"": ""Point"", ""coordinates"": [-79.82724298528738, 36.08971010271358]}";White;Greensboro;Travel Lane;2;17;Urban (>70% Developed);Female;Passenger Car;0;#NULL!;0;0;Black;No;0;30-39;Motorist Drive Out - Sign-Controlled Intersection;None;No;No;Dry;0;Urban;No;07JUN2010;0;17:08;Male;No;Residential;C: Possible Injury;Yes;O: No Injury;4035;June;0;Straight - Level;Piedmont;Facing Traffic;Stop Sign;Monday;Intersection;31;0;Two-Way, Divided, Positive Median Barrier;5 lanes;0;#NULL!;#NULL!;Smooth Asphalt;#NULL!;No Special Feature;Motorist Failed to Yield - Sign-Controlled Intersection;Local Street;C: Possible Injury;Guilford;48;Clear;#NULL!;0-5 mph;30 - 35  MPH;2010;Daylight;40-49
36.0121911195, -78.9056627016;"{""type"": ""Point"", ""coordinates"": [-78.9056627016298, 36.01219111952705]}";Black;Durham;Sidewalk / Crosswalk / Driveway Crossing;2;17;Urban (>70% Developed);Male;Passenger Car;0;#NULL!;0;0;White;No;0;16-19;Crossing Paths - Intersection - Other / Unknown;None;No;No;Wet;0;Urban;No;23JUN2010;0;17:37;Male;No;Residential;C: Possible Injury;Yes;O: No Injury;4040;June;0;Straight - Level;Piedmont;With Traffic;No Control Present;Wednesday;Intersection;18;0;One-Way, Not Divided;4 lanes;0;#NULL!;#NULL!;Smooth Asphalt;#NULL!;No Special Feature;Crossing Paths - Other Circumstances;Local Street;C: Possible Injury;Durham;25;Cloudy;#NULL!;11-15 mph;20 - 25  MPH;2010;Daylight;25-29
35.0875498536, -80.8117782254;"{""type"": ""Point"", ""coordinates"": [-80.81177822535973, 35.08754985363392]}";White;Charlotte;Travel Lane;2;11;Urban (>70% Developed);Male;Unknown;0;#NULL!;0;0;Unknown/Missing;No;0;40-49;Motorist Intentionally Caused;None;No;No;Dry;0;Urban;Yes;06JUN2010;0;11:31;Unknown;Missing;Commercial;O: No Injury;No;Unknown Injury;4043;June;0;Straight - Level;Piedmont;With Traffic;Stop And Go Signal;Sunday;Intersection;40;0;Two-Way, Divided, Positive Median Barrier;2 lanes;0;#NULL!;#NULL!;Smooth Asphalt;#NULL!;Four-Way Intersection;Other / Unusual Circumstances;Local Street;O: No Injury;Mecklenburg;Unknown;Clear;#NULL!;6-10 mph;40 - 45  MPH;2010;Daylight;Unknown
34.8842538708, -79.079462695;"{""type"": ""Point"", ""coordinates"": [-79.0794626950468, 34.884253870847914]}";White;None - Rural Crash;Bike Lane / Paved Shoulder;3;14;Rural (<30% Developed);Male;Passenger Car;0;#NULL!;0;0;White;No;0;50-59;Parallel Paths - Other / Unknown;None;No;No;Dry;0;Rural;No;06JUN2010;0;14:51;Male;No;Farms, Woods, Pastures;C: Possible Injury;Yes;O: No Injury;4044;June;0;Straight - Level;Coastal;With Traffic;No Control Present;Sunday;Non-Intersection;52;0;Two-Way, Not Divided;2 lanes;0;#NULL!;#NULL!;Coarse Asphalt;#NULL!;No Special Feature;Parallel Paths - Other Circumstances;NC Route;O: No Injury;Robeson;16;Clear;#NULL!;51-55 mph;50 - 55  MPH;2010;Daylight;0-19
35.1664268704, -80.8033932272;"{""type"": ""Point"", ""coordinates"": [-80.80339322719436, 35.16642687035479]}";White;Charlotte;Sidewalk / Crosswalk / Driveway Crossing;2;10;Urban (>70% Developed);Female;Sport Utility;0;#NULL!;0;0;White;No;0;20-24;Motorist Drive Out - Residential Driveway;Non-Highway Work;No;No;Dry;0;Urban;No;07JUN2010;0;10:09;Female;No;Residential;B: Evident Injury;Yes;O: No Injury;4046;June;0;Straight - Level;Piedmont;Facing Traffic;No Control Present;Monday;Non-Intersection;22;0;Two-Way, Not Divided;Unknown;0;#NULL!;#NULL!;Concrete;#NULL!;Other;Motorist Failed to Yield - Midblock;Unknown;B: Evident Injury;Mecklenburg;41;Clear;#NULL!;0-5 mph;Unknown;2010;Daylight;40-49
36.0099521188, -78.9208787066;"{""type"": ""Point"", ""coordinates"": [-78.92087870661874, 36.009952118830995]}";White;Durham;Travel Lane;2;21;Urban (>70% Developed);Female;Passenger Car;0;#NULL!;0;0;White;No;0;20-24;Sign-Controlled Intersection - Other / Unknown;None;No;No;Dry;0;Urban;No;29JUN2010;0;21:49;Female;No;Commercial;C: Possible Injury;Yes;O: No Injury;4052;June;0;Straight - Level;Piedmont;With Traffic;Stop Sign;Tuesday;Intersection;24;0;Two-Way, Not Divided;2 lanes;0;#NULL!;#NULL!;Smooth Asphalt;#NULL!;No Special Feature;Crossing Paths - Other Circumstances;Local Street;C: Possible Injury;Durham;35;Clear;#NULL!;0-5 mph;20 - 25  MPH;2010;Dark - Lighted Roadway;30-39
35.1079129261, -78.8789776468;"{""type"": ""Point"", ""coordinates"": [-78.87897764681766, 35.107912926090194]}";Black;Fayetteville;Travel Lane;2;6;Rural (<30% Developed);Male;Unknown;0;#NULL!;0;0;Unknown/Missing;No;0;40-49;Parallel Paths - Other / Unknown;None;No;No;Dry;0;Urban;Yes;15JUN2010;0;6:30;Unknown;Missing;Commercial;B: Evident Injury;No;Unknown Injury;4055;June;0;Straight - Level;Coastal;With Traffic;No Control Present;Tuesday;Intersection-Related;48;0;Two-Way, Not Divided;7 lanes;0;#NULL!;#NULL!;Coarse Asphalt;#NULL!;Driveway, Public;Parallel Paths - Other Circumstances;Local Street;B: Evident Injury;Cumberland;Unknown;Clear;#NULL!;Unknown;Unknown;2010;Dawn;Unknown
35.7262609694, -81.3535534218;"{""type"": ""Point"", ""coordinates"": [-81.35355342180954, 35.726260969366216]}";Black;Hickory;Travel Lane;2;20;Urban (>70% Developed);Female;Passenger Car;0;#NULL!;0;0;White;No;0;6-10;Bicyclist Ride Through - Sign-Controlled Intersection;None;No;No;Dry;0;Urban;No;10JUN2010;0;20:50;Male;No;Residential;O: No Injury;Yes;O: No Injury;4056;June;0;Curve - Grade;Piedmont;With Traffic;Stop Sign;Thursday;Intersection;7;0;Two-Way, Divided, Unprotected Median;2 lanes;0;#NULL!;#NULL!;Smooth Asphalt;#NULL!;T-Intersection;Bicyclist Failed to Yield - Sign-Controlled Intersection;Local Street;O: No Injury;Catawba;24;Clear;#NULL!;26-30 mph;30 - 35  MPH;2010;Dusk;20-24
35.7791930802, -78.6178926028;"{""type"": ""Point"", ""coordinates"": [-78.6178926028125, 35.77919308016937]}";Hispanic;Raleigh;Travel Lane;2;19;Urban (>70% Developed);Male;Unknown;0;#NULL!;0;0;Unknown/Missing;No;0;16-19;Bicyclist Left Turn - Same Direction;None;No;No;Dry;0;Urban;Yes;28MAY2010;0;19:30;Unknown;Missing;Residential;B: Evident Injury;Yes;Unknown Injury;4071;May;0;Straight - Level;Piedmont;With Traffic;No Control Present;Friday;Intersection-Related;17;0;Two-Way, Not Divided;2 lanes;0;#NULL!;#NULL!;Smooth Asphalt;#NULL!;No Special Feature;Bicyclist Left Turn / Merge;Local Street;B: Evident Injury;Wake;Unknown;Clear;#NULL!;31-35 mph;30 - 35  MPH;2010;Daylight;Unknown
35.7937120859, -78.5488025824;"{""type"": ""Point"", ""coordinates"": [-78.54880258237804, 35.793712085893034]}";White;Raleigh;Sidewalk / Crosswalk / Driveway Crossing;2;5;Urban (>70% Developed);Male;Passenger Car;0;#NULL!;0;0;White;No;0;16-19;Bicyclist Ride Through - Sign-Controlled Intersection;None;No;No;Dry;0;Urban;No;09JUN2010;0;5:09;Male;No;Commercial;O: No Injury;No;O: No Injury;4076;June;0;Straight - Level;Piedmont;Facing Traffic;Stop And Go Signal;Wednesday;Intersection;16;0;Two-Way, Divided, Unprotected Median;3 lanes;0;#NULL!;#NULL!;Coarse Asphalt;#NULL!;No Special Feature;Bicyclist Failed to Yield - Sign-Controlled Intersection;Local Street;O: No Injury;Wake;29;Clear;#NULL!;6-10 mph;40 - 45  MPH;2010;Dark - Roadway Not Lighted;25-29
35.2375098826, -80.8905132563;"{""type"": ""Point"", ""coordinates"": [-80.89051325630717, 35.23750988259978]}";Black;Charlotte;Travel Lane;2;11;Urban (>70% Developed);Male;Passenger Car;0;#NULL!;0;0;Black;No;0;25-29;Bicyclist Ride Through - Sign-Controlled Intersection;None;No;No;Dry;0;Urban;No;22JUN2010;0;11:49;Female;No;Commercial;C: Possible Injury;Yes;O: No Injury;4078;June;0;Curve - Bottom;Piedmont;With Traffic;Stop Sign;Tuesday;Intersection;28;0;Two-Way, Not Divided;3 lanes;0;#NULL!;#NULL!;Smooth Asphalt;#NULL!;No Special Feature;Bicyclist Failed to Yield - Sign-Controlled Intersection;Local Street;C: Possible Injury;Mecklenburg;28;Clear;#NULL!;21-25 mph;30 - 35  MPH;2010;Daylight;25-29
35.2772470076, -77.5797372617;"{""type"": ""Point"", ""coordinates"": [-77.57973726165191, 35.27724700761559]}";Black;Kinston;Unknown;2;6;Urban (>70% Developed);Female;Passenger Car;0;#NULL!;0;0;Unknown/Missing;No;0;25-29;Unknown Approach Paths;None;No;No;Dry;0;Urban;Yes;15JUL2010;0;6:24;Unknown;Missing;Commercial;Unknown Injury;No;Unknown Injury;4096;July;0;Straight - Level;Coastal;Unknown;No Control Present;Thursday;Non-Intersection;29;0;Two-Way, Not Divided;2 lanes;0;#NULL!;#NULL!;Smooth Asphalt;#NULL!;No Special Feature;Other / Unknown - Insufficient Details;Local Street;Unknown Injury;Lenoir;Unknown;Clear;#NULL!;31-35 mph;30 - 35  MPH;2010;Dark - Unknown Lighting;Unknown
35.981657074, -79.9781680247;"{""type"": ""Point"", ""coordinates"": [-79.97816802469733, 35.98165707403733]}";Black;High Point;Non-Roadway;2;15;Urban (>70% Developed);Male;Pickup;0;#NULL!;0;0;Black;No;0;11-15;Non-Roadway;None;No;No;Dry;0;Urban;No;06JUL2010;0;15:06;Female;No;Commercial;B: Evident Injury;Yes;O: No Injury;4100;July;0;Straight - Level;Piedmont;Not Applicable;No Control Present;Tuesday;Non-Roadway;15;0;Two-Way, Not Divided;Unknown;0;#NULL!;#NULL!;Smooth Asphalt;#NULL!;Driveway, Public;Non-Roadway;Public Vehicular Area;B: Evident Injury;Guilford;70+;Clear;#NULL!;16-20 mph;5 - 15 MPH;2010;Daylight;70+
35.6316870405, -78.8561126664;"{""type"": ""Point"", ""coordinates"": [-78.8561126664451, 35.631687040528114]}";White;Holly Springs;Travel Lane;2;13;Urban (>70% Developed);Male;Sport Utility;0;#NULL!;0;0;Unknown/Missing;No;0;30-39;Motorist Right Turn - Same Direction;None;No;No;Dry;0;Urban;Yes;11JUL2010;0;13:58;Unknown;No;Residential;B: Evident Injury;Yes;Unknown Injury;4102;July;0;Straight - Level;Piedmont;With Traffic;No Control Present;Sunday;Intersection;35;0;Two-Way, Not Divided;2 lanes;0;#NULL!;#NULL!;Coarse Asphalt;#NULL!;No Special Feature;Motorist Right Turn / Merge;Local Street;B: Evident Injury;Wake;Unknown;Clear;#NULL!;31-35 mph;30 - 35  MPH;2010;Daylight;Unknown
34.9749768395, -80.5400881376;"{""type"": ""Point"", ""coordinates"": [-80.54008813758578, 34.97497683945061]}";Black;Monroe;Travel Lane;2;14;Urban (>70% Developed);Male;Unknown;0;#NULL!;0;0;Unknown/Missing;No;0;11-15;Head-On - Bicyclist;None;No;No;Dry;0;Urban;Yes;10JUL2010;0;14:55;Unknown;Missing;Residential;C: Possible Injury;Yes;Unknown Injury;4105;July;0;Straight - Level;Piedmont;Facing Traffic;Stop Sign;Saturday;Intersection;14;0;Two-Way, Not Divided;2 lanes;0;#NULL!;#NULL!;Smooth Asphalt;#NULL!;No Special Feature;Head-On;Local Street;C: Possible Injury;Union;Unknown;Clear;#NULL!;Unknown;Unknown;2010;Daylight;Unknown
34.9903207161, -83.9124841331;"{""type"": ""Point"", ""coordinates"": [-83.91248413314374, 34.990320716063856]}";White;None - Rural Crash;Travel Lane;2;15;Rural (<30% Developed);Male;Passenger Car;0;#NULL!;0;0;White;No;0;16-19;Bicyclist Ride Through - Sign-Controlled Intersection;None;No;No;Dry;0;Rural;No;01JUL2010;0;15:57;Female;No;Residential;B: Evident Injury;Yes;O: No Injury;4108;July;0;Straight - Grade;Mountains;With Traffic;Stop Sign;Thursday;Intersection;17;0;Two-Way, Not Divided;2 lanes;0;#NULL!;#NULL!;Coarse Asphalt;#NULL!;Y-Intersection;Bicyclist Failed to Yield - Sign-Controlled Intersection;State Secondary Route;B: Evident Injury;Clay;17;Clear;#NULL!;26-30 mph;30 - 35  MPH;2010;Daylight;0-19
35.7835000798, -78.6566876141;"{""type"": ""Point"", ""coordinates"": [-78.65668761411766, 35.78350007983835]}";White;Raleigh;Sidewalk / Crosswalk / Driveway Crossing;2;19;Urban (>70% Developed);Male;Passenger Car;0;#NULL!;0;0;Black;No;0;20-24;Motorist Drive Out - Sign-Controlled Intersection;None;No;No;Dry;0;Urban;No;02JUL2010;0;19:15;Female;No;Residential;C: Possible Injury;No;O: No Injury;4118;July;0;Straight - Level;Piedmont;Facing Traffic;Stop Sign;Friday;Intersection-Related;21;0;Two-Way, Divided, Unprotected Median;4 lanes;0;#NULL!;#NULL!;Coarse Asphalt;#NULL!;Four-Way Intersection;Motorist Failed to Yield - Sign-Controlled Intersection;Local Street;C: Possible Injury;Wake;32;Clear;#NULL!;6-10 mph;30 - 35  MPH;2010;Daylight;30-39
35.8357970938, -78.5694375909;"{""type"": ""Point"", ""coordinates"": [-78.56943759085716, 35.835797093763915]}";White;Raleigh;Travel Lane;2;9;Urban (>70% Developed);Male;Passenger Car;0;#NULL!;0;0;Black;No;0;50-59;Motorist Overtaking - Misjudged Space;None;Yes;No;Dry;0;Urban;Yes;04JUL2010;0;9:26;Male;Yes;Residential;B: Evident Injury;Yes;O: No Injury;4119;July;0;Curve - Grade;Piedmont;With Traffic;No Control Present;Sunday;Intersection-Related;50;0;Two-Way, Divided, Unprotected Median;6 lanes;0;#NULL!;#NULL!;Smooth Asphalt;#NULL!;No Special Feature;Motorist Overtaking Bicyclist;Local Street;B: Evident Injury;Wake;51;Clear;#NULL!;41-45 mph;40 - 45  MPH;2010;Daylight;50-59
35.3008070138, -77.5341722485;"{""type"": ""Point"", ""coordinates"": [-77.53417224846402, 35.30080701383751]}";Black;None - Rural Crash;Travel Lane;2;6;Rural (<30% Developed);Male;Unknown;0;#NULL!;0;0;Unknown/Missing;No;0;60-69;Motorist Overtaking - Misjudged Space;None;No;No;Dry;0;Rural;Yes;22JUL2010;0;6:15;Unknown;No;Farms, Woods, Pastures;C: Possible Injury;Yes;Unknown Injury;4137;July;0;Straight - Level;Coastal;With Traffic;No Control Present;Thursday;Non-Intersection;62;0;Two-Way, Divided, Unprotected Median;2 lanes;0;#NULL!;#NULL!;Smooth Asphalt;#NULL!;No Special Feature;Motorist Overtaking Bicyclist;NC Route;C: Possible Injury;Lenoir;Unknown;Clear;#NULL!;Unknown;Unknown;2010;Daylight;Unknown
35.925327111, -78.6263326128;"{""type"": ""Point"", ""coordinates"": [-78.62633261275715, 35.925327110955664]}";White;None - Rural Crash;Driveway / Alley;2;15;Rural (<30% Developed);Male;Pickup;0;#NULL!;0;0;White;No;0;6-10;Bicyclist Ride Out - Residential Driveway;None;No;No;Dry;0;Rural;No;01AUG2010;0;15:39;Male;No;Residential;O: No Injury;No;O: No Injury;4141;August;0;Straight - Hillcrest;Piedmont;Not Applicable;No Control Present;Sunday;Non-Intersection;9;0;Two-Way, Not Divided;2 lanes;0;#NULL!;#NULL!;Smooth Asphalt;#NULL!;No Special Feature;Bicyclist Failed to Yield - Midblock;State Secondary Route;O: No Injury;Wake;16;Cloudy;#NULL!;21-25 mph;20 - 25  MPH;2010;Daylight;0-19
35.7301870947, -77.897362381;"{""type"": ""Point"", ""coordinates"": [-77.8973623809728, 35.73018709470036]}";White;Wilson;Travel Lane;2;18;Urban (>70% Developed);Male;Unknown;0;#NULL!;0;0;Unknown/Missing;No;0;40-49;Motorist Turning Error - Left Turn;None;No;No;Dry;0;Urban;Yes;17JUN2010;0;18:00;Unknown;Missing;Residential;C: Possible Injury;No;Unknown Injury;4144;June;0;Straight - Level;Coastal;With Traffic;No Control Present;Thursday;Intersection-Related;40;0;Two-Way, Not Divided;2 lanes;0;#NULL!;#NULL!;Coarse Asphalt;#NULL!;No Special Feature;Loss of Control / Turning Error;Local Street;C: Possible Injury;Wilson;Unknown;Clear;#NULL!;Unknown;30 - 35  MPH;2010;Daylight;Unknown
35.7375709789, -81.1619673649;"{""type"": ""Point"", ""coordinates"": [-81.16196736494877, 35.73757097894262]}";White;None - Rural Crash;Travel Lane;2;9;Rural (<30% Developed);Male;Van;0;#NULL!;0;0;White;No;0;50-59;Motorist Lost Control - Other / Unknown;None;No;No;Dry;0;Rural;No;02AUG2010;0;9:07;Female;No;Farms, Woods, Pastures;B: Evident Injury;Yes;O: No Injury;4145;August;0;Straight - Grade;Piedmont;With Traffic;Double Yellow Line, No Passing Zone;Monday;Non-Intersection;59;0;Two-Way, Not Divided;2 lanes;0;#NULL!;#NULL!;Smooth Asphalt;#NULL!;No Special Feature;Loss of Control / Turning Error;State Secondary Route;B: Evident Injury;Catawba;37;Cloudy;#NULL!;36-40 mph;40 - 45  MPH;2010;Daylight;30-39
35.5555490285, -78.7212826223;"{""type"": ""Point"", ""coordinates"": [-78.72128262230244, 35.5555490285206]}";White;None - Rural Crash;Travel Lane;2;22;Rural (<30% Developed);Male;Pickup;0;#NULL!;0;0;White;No;0;30-39;Motorist Left Turn - Opposite Direction;None;No;No;Dry;0;Rural;No;29JUL2010;0;22:13;Male;No;Farms, Woods, Pastures;B: Evident Injury;Yes;O: No Injury;4148;July;0;Straight - Level;Piedmont;With Traffic;Double Yellow Line, No Passing Zone;Thursday;Intersection;34;0;Two-Way, Not Divided;2 lanes;0;#NULL!;#NULL!;Coarse Asphalt;#NULL!;T-Intersection;Motorist Left Turn / Merge;State Secondary Route;B: Evident Injury;Wake;35;Cloudy;#NULL!;41-45 mph;40 - 45  MPH;2010;Dark - Roadway Not Lighted;30-39
34.9872568907, -79.1654727266;"{""type"": ""Point"", ""coordinates"": [-79.16547272663122, 34.9872568906665]}";Native American;None - Rural Crash;Travel Lane;2;18;Rural (<30% Developed);Male;Sport Utility;0;#NULL!;0;0;White;No;0;11-15;Bicyclist Ride Through - Sign-Controlled Intersection;None;No;No;Dry;0;Rural;No;31JUL2010;0;18:17;Female;No;Farms, Woods, Pastures;B: Evident Injury;Yes;O: No Injury;4152;July;0;Straight - Level;Coastal;With Traffic;No Control Present;Saturday;Intersection;12;0;Two-Way, Not Divided;2 lanes;0;#NULL!;#NULL!;Smooth Asphalt;#NULL!;No Special Feature;Bicyclist Failed to Yield - Sign-Controlled Intersection;State Secondary Route;B: Evident Injury;Hoke;25;Cloudy;#NULL!;31-35 mph;40 - 45  MPH;2010;Daylight;25-29
35.3992570202, -77.9944823938;"{""type"": ""Point"", ""coordinates"": [-77.99448239379603, 35.39925702019169]}";Black;Goldsboro;Travel Lane;2;16;Urban (>70% Developed);Male;Unknown;0;#NULL!;0;0;White;No;0;50-59;Motorist Left Turn - Same Direction;None;No;No;Wet;0;Urban;Yes;23JUL2010;0;16:45;Male;No;Commercial;C: Possible Injury;Yes;O: No Injury;4160;July;0;Straight - Level;Coastal;Facing Traffic;No Control Present;Friday;Non-Intersection;51;0;Two-Way, Not Divided;2 lanes;0;#NULL!;#NULL!;Coarse Asphalt;#NULL!;No Special Feature;Motorist Left Turn / Merge;Local Street;C: Possible Injury;Wayne;21;Cloudy;#NULL!;6-10 mph;30 - 35  MPH;2010;Daylight;20-24
36.0635330965, -79.8401229868;"{""type"": ""Point"", ""coordinates"": [-79.84012298679143, 36.06353309651399]}";White;Greensboro;Bike Lane / Paved Shoulder;2;0;Urban (>70% Developed);Male;Passenger Car;0;#NULL!;0;0;White;No;0;30-39;Motorist Left Turn - Opposite Direction;None;No;No;Wet;0;Urban;No;18JUL2010;0;0:59;Female;No;Commercial;B: Evident Injury;Yes;O: No Injury;4162;July;0;Straight - Level;Piedmont;With Traffic;No Control Present;Sunday;Non-Intersection;36;0;Two-Way, Not Divided;2 lanes;0;#NULL!;#NULL!;Concrete;#NULL!;No Special Feature;Motorist Left Turn / Merge;Local Street;B: Evident Injury;Guilford;29;Clear;#NULL!;11-15 mph;30 - 35  MPH;2010;Dark - Lighted Roadway;25-29
34.2373767677, -77.9231923149;"{""type"": ""Point"", ""coordinates"": [-77.92319231485229, 34.23737676771506]}";Black;Wilmington;Sidewalk / Crosswalk / Driveway Crossing;2;17;Urban (>70% Developed);Male;Passenger Car;0;#NULL!;0;0;White;No;0;60-69;Motorist Left Turn - Opposite Direction;None;No;No;Dry;0;Urban;No;21JUL2010;0;17:00;Male;No;Residential;C: Possible Injury;Yes;O: No Injury;4163;July;0;Straight - Level;Coastal;With Traffic;No Control Present;Wednesday;Intersection;66;0;Two-Way, Not Divided;2 lanes;0;#NULL!;#NULL!;Smooth Asphalt;#NULL!;No Special Feature;Motorist Left Turn / Merge;Local Street;C: Possible Injury;New Hanover;25;Clear;#NULL!;11-15 mph;20 - 25  MPH;2010;Daylight;25-29
35.9759970626, -80.250503106;"{""type"": ""Point"", ""coordinates"": [-80.25050310603453, 35.975997062605565]}";White;None - Rural Crash;Travel Lane;2;11;Rural (<30% Developed);Male;Passenger Car;0;#NULL!;0;0;White;No;0;40-49;Motorist Drive Out - Other Midblock;None;No;No;Dry;0;Rural;No;07AUG2010;0;11:26;Female;No;Farms, Woods, Pastures;B: Evident Injury;Yes;O: No Injury;4171;August;0;Straight - Grade;Piedmont;With Traffic;Double Yellow Line, No Passing Zone;Saturday;Non-Intersection;46;0;Two-Way, Not Divided;2 lanes;0;#NULL!;#NULL!;Smooth Asphalt;#NULL!;Driveway, Private;Motorist Failed to Yield - Midblock;State Secondary Route;B: Evident Injury;Davidson;19;Clear;#NULL!;0-5 mph;40 - 45  MPH;2010;Daylight;0-19
35.9295471407, -77.814867366;"{""type"": ""Point"", ""coordinates"": [-77.8148673659552, 35.92954714074692]}";Black;Rocky Mount;Travel Lane;2;17;Urban (>70% Developed);Male;Pickup;0;#NULL!;0;0;Unknown/Missing;No;0;16-19;Motorist Drive Out - Commercial Driveway / Alley;None;No;No;Dry;0;Urban;Yes;13JUL2010;0;17:48;Unknown;Missing;Commercial;B: Evident Injury;No;Unknown Injury;4174;July;0;Straight - Level;Coastal;Facing Traffic;No Control Present;Tuesday;Non-Intersection;17;0;Two-Way, Not Divided;4 lanes;0;#NULL!;#NULL!;Coarse Asphalt;#NULL!;No Special Feature;Motorist Failed to Yield - Midblock;NC Route;B: Evident Injury;Nash;Unknown;Clear;#NULL!;0-5 mph;30 - 35  MPH;2010;Daylight;Unknown
35.642416984, -80.4807331564;"{""type"": ""Point"", ""coordinates"": [-80.48073315640961, 35.64241698399018]}";White;Salisbury;Travel Lane;2;22;Urban (>70% Developed);Male;Pickup;0;#NULL!;0;0;White;No;0;50-59;Motorist Overtaking - Other / Unknown;None;No;No;Dry;0;Urban;No;08AUG2010;0;22:31;Male;No;Commercial;B: Evident Injury;Yes;O: No Injury;4175;August;0;Straight - Hillcrest;Piedmont;With Traffic;No Control Present;Sunday;Non-Intersection;51;0;Two-Way, Divided, Unprotected Median;4 lanes;0;#NULL!;#NULL!;Concrete;#NULL!;Bridge;Motorist Overtaking Bicyclist;Local Street;B: Evident Injury;Rowan;50;Clear;#NULL!;31-35 mph;40 - 45  MPH;2010;Dark - Lighted Roadway;50-59
35.8733670983, -78.6897686289;"{""type"": ""Point"", ""coordinates"": [-78.68976862885489, 35.87336709827286]}";Black;Raleigh;Sidewalk / Crosswalk / Driveway Crossing;2;9;Urban (>70% Developed);Male;Passenger Car;0;#NULL!;0;0;White;No;0;30-39;Motorist Drive Out - Sign-Controlled Intersection;None;No;No;Dry;0;Urban;No;21JUL2010;0;9:19;Female;No;Residential;B: Evident Injury;Yes;O: No Injury;4178;July;0;Straight - Grade;Piedmont;Facing Traffic;Stop Sign;Wednesday;Intersection;36;0;Two-Way, Not Divided;2 lanes;0;#NULL!;#NULL!;Smooth Asphalt;#NULL!;T-Intersection;Motorist Failed to Yield - Sign-Controlled Intersection;Local Street;B: Evident Injury;Wake;62;Clear;#NULL!;0-5 mph;30 - 35  MPH;2010;Daylight;60-69
35.7788800791, -78.6381176089;"{""type"": ""Point"", ""coordinates"": [-78.63811760887734, 35.778880079134495]}";Black;Raleigh;Sidewalk / Crosswalk / Driveway Crossing;2;17;Urban (>70% Developed);Female;Unknown;0;#NULL!;0;0;Unknown/Missing;No;0;20-24;Motorist Drive Out - Commercial Driveway / Alley;None;No;No;Dry;0;Urban;Yes;20JUL2010;0;17:11;Unknown;Missing;Commercial;C: Possible Injury;Yes;Unknown Injury;4180;July;0;Straight - Level;Piedmont;With Traffic;No Control Present;Tuesday;Non-Intersection;21;0;One-Way, Not Divided;2 lanes;0;#NULL!;#NULL!;Smooth Asphalt;#NULL!;No Special Feature;Motorist Failed to Yield - Midblock;Local Street;C: Possible Injury;Wake;Unknown;Clear;#NULL!;6-10 mph;5 - 15 MPH;2010;Daylight;Unknown