Geo Point;Geo Shape;BikeRace;City;BikePos;NumUnits;CrashHour;Locality;BikeSex;DrvrVehTyp;NumBikesNo;BikeAlcDrg;NumBikesBI;RteInvdCd;DrvrRace;Workzone;NumBikesCi;BikeAgeGrp;CrashType;RdDefects;CrashAlcoh;BikeAlcoho;RdConditio;DstncMiFrm;RuralUrban;HitRun;CrashDate;NumBikesUI;CrashTime;DrvrSex;DrvrAlcoho;Developmen;CrashSevr;AmbulanceR;DrvrInjury;OBJECTID;CrashMonth;NumBikesKi;RdCharacte;Region;BikeDir;TraffCntrl;CrashDay;CrashLoc;BikeAge;NumBikesTo;RdConfig;NumLanes;NumBikesAI;DrvrAlcDrg;OnRoad;RdSurface;Towrd_Rd;RdFeature;CrashGrp;RdClass;BikeInjury;County;DrvrAge;Weather;FrmRd;DrvrEstSpd;SpeedLimit;CrashYear;LightCond;DrvrAgeGrp
35.7849800804, -78.6599226152;"{""type"": ""Point"", ""coordinates"": [-78.65992261524988, 35.78498008041462]}";White;Raleigh;Sidewalk / Crosswalk / Driveway Crossing;2;13;Urban (>70% Developed);Male;Light Truck (Mini-Van, Panel);0;#NULL!;0;0;White;No;0;40-49;Motorist Drive Out - Commercial Driveway / Alley;None;No;No;Dry;0;Urban;No;20JUL2010;0;13:16;Male;No;Commercial;O: No Injury;Yes;O: No Injury;4181;July;0;Straight - Level;Piedmont;With Traffic;No Control Present;Tuesday;Non-Intersection;43;0;Two-Way, Not Divided;Unknown;0;#NULL!;#NULL!;Smooth Asphalt;#NULL!;No Special Feature;Motorist Failed to Yield - Midblock;Public Vehicular Area;O: No Injury;Wake;20;Clear;#NULL!;0-5 mph;5 - 15 MPH;2010;Daylight;20-24
35.5861310332, -78.7821026422;"{""type"": ""Point"", ""coordinates"": [-78.78210264224579, 35.58613103320014]}";Black;Fuquay-Varina;Sidewalk / Crosswalk / Driveway Crossing;2;15;Urban (>70% Developed);Male;Unknown;0;#NULL!;0;0;Unknown/Missing;No;0;11-15;Motorist Drive Out - Commercial Driveway / Alley;None;No;No;Dry;0;Urban;Yes;16JUL2010;0;15:00;Unknown;Missing;Commercial;C: Possible Injury;No;Unknown Injury;4184;July;0;Straight - Level;Piedmont;Facing Traffic;No Control Present;Friday;Non-Intersection;12;0;Two-Way, Divided, Unprotected Median;2 lanes;0;#NULL!;#NULL!;Smooth Asphalt;#NULL!;Driveway, Public;Motorist Failed to Yield - Midblock;Public Vehicular Area;C: Possible Injury;Wake;Unknown;Clear;#NULL!;0-5 mph;30 - 35  MPH;2010;Daylight;Unknown
35.3772969048, -81.0909033244;"{""type"": ""Point"", ""coordinates"": [-81.09090332440212, 35.37729690475611]}";White;None - Rural Crash;Travel Lane;2;10;Rural (<30% Developed);Male;Motorcycle;0;#NULL!;0;0;White;No;0;11-15;Bicyclist Left Turn - Same Direction;None;No;No;Dry;0;Rural;No;24SEP2011;0;10:17;Male;No;Farms, Woods, Pastures;B: Evident Injury;Yes;B: Evident Injury;3460;September;0;Straight - Hillcrest;Piedmont;With Traffic;Double Yellow Line, No Passing Zone;Saturday;Non-Intersection;15;0;Two-Way, Not Divided;2 lanes;0;#NULL!;#NULL!;Smooth Asphalt;#NULL!;No Special Feature;Bicyclist Left Turn / Merge;State Secondary Route;B: Evident Injury;Gaston;52;Clear;#NULL!;41-45 mph;40 - 45  MPH;2011;Daylight;50-59
35.8098570834, -78.7057026305;"{""type"": ""Point"", ""coordinates"": [-78.70570263052916, 35.80985708337725]}";White;Raleigh;Sidewalk / Crosswalk / Driveway Crossing;2;12;Urban (>70% Developed);Female;Passenger Car;0;#NULL!;0;0;Black;No;0;50-59;Motorist Drive Through - Signalized Intersection;None;No;No;Dry;0;Urban;No;10OCT2011;0;12:55;Male;No;Commercial;B: Evident Injury;Yes;O: No Injury;3463;October;0;Straight - Level;Piedmont;With Traffic;Stop And Go Signal;Monday;Intersection;53;0;Two-Way, Divided, Unprotected Median;5 lanes;0;#NULL!;#NULL!;Smooth Asphalt;#NULL!;No Special Feature;Motorist Failed to Yield - Signalized Intersection;Local Street;B: Evident Injury;Wake;21;Clear;#NULL!;41-45 mph;40 - 45  MPH;2011;Daylight;20-24
35.4061669196, -80.865903259;"{""type"": ""Point"", ""coordinates"": [-80.86590325896103, 35.406166919578794]}";Black;Huntersville;Sidewalk / Crosswalk / Driveway Crossing;2;6;Urban (>70% Developed);Female;Passenger Car;0;#NULL!;0;0;White;No;0;20-24;Motorist Drive Out - Right Turn on Red;None;No;No;Dry;0;Urban;No;30SEP2011;0;6:19;Female;No;Commercial;B: Evident Injury;No;O: No Injury;3464;September;0;Straight - Level;Piedmont;Facing Traffic;Stop And Go Signal;Friday;Intersection;22;0;Two-Way, Divided, Positive Median Barrier;3 lanes;0;#NULL!;#NULL!;Smooth Asphalt;#NULL!;Four-Way Intersection;Motorist Failed to Yield - Signalized Intersection;Local Street;B: Evident Injury;Mecklenburg;16;Clear;#NULL!;6-10 mph;30 - 35  MPH;2011;Dark - Roadway Not Lighted;0-19
35.6052170861, -77.3609022113;"{""type"": ""Point"", ""coordinates"": [-77.36090221130404, 35.60521708613452]}";White;Greenville;Non-Roadway;2;10;Urban (>70% Developed);Female;Sport Utility;0;#NULL!;0;0;White;No;0;20-24;Non-Roadway;None;No;No;Dry;0;Urban;No;21SEP2011;0;10:03;Female;No;Institutional;O: No Injury;No;O: No Injury;3465;September;0;Straight - Level;Coastal;Not Applicable;No Control Present;Wednesday;Non-Roadway;22;0;One-Way, Not Divided;1 lane;0;#NULL!;#NULL!;Smooth Asphalt;#NULL!;No Special Feature;Non-Roadway;Public Vehicular Area;O: No Injury;Pitt;22;Clear;#NULL!;0-5 mph;Unknown;2011;Daylight;20-24
34.2298367671, -77.8776023011;"{""type"": ""Point"", ""coordinates"": [-77.87760230106501, 34.229836767117845]}";White;Wilmington;Travel Lane;2;13;Urban (>70% Developed);Male;Passenger Car;0;#NULL!;0;0;White;No;0;25-29;Motorist Drive Out - Commercial Driveway / Alley;None;No;No;Dry;0;Urban;No;05OCT2011;0;13:03;Female;No;Commercial;C: Possible Injury;No;O: No Injury;3466;October;0;Straight - Level;Coastal;With Traffic;Stop And Go Signal;Wednesday;Non-Intersection;26;0;Two-Way, Divided, Unprotected Median;8 lanes;0;#NULL!;#NULL!;Smooth Asphalt;#NULL!;No Special Feature;Motorist Failed to Yield - Midblock;NC Route;C: Possible Injury;New Hanover;21;Clear;#NULL!;6-10 mph;40 - 45  MPH;2011;Daylight;20-24
34.2411867707, -77.8563022953;"{""type"": ""Point"", ""coordinates"": [-77.85630229527824, 34.24118677068459]}";Unknown/Missing;Wilmington;Travel Lane;2;5;Urban (>70% Developed);Unknown;Pickup;0;#NULL!;0;0;White;No;0;Unknown;Motorist Overtaking - Undetected Bicyclist;None;No;No;Dry;0;Urban;No;03OCT2011;0;5:03;Male;No;Residential;O: No Injury;No;O: No Injury;3469;October;0;Straight - Level;Coastal;With Traffic;No Control Present;Monday;Non-Intersection;Unknown;0;Two-Way, Divided, Positive Median Barrier;4 lanes;0;#NULL!;#NULL!;Coarse Asphalt;#NULL!;No Special Feature;Motorist Overtaking Bicyclist;Local Street;Unknown Injury;New Hanover;33;Clear;#NULL!;41-45 mph;40 - 45  MPH;2011;Dark - Lighted Roadway;30-39
34.9979769214, -78.3176024713;"{""type"": ""Point"", ""coordinates"": [-78.31760247133613, 34.99797692136594]}";Black;Clinton;Travel Lane;2;19;Mixed (30% To 70% Developed);Male;Passenger Car;0;#NULL!;0;0;Black;No;0;50-59;Motorist Overtaking - Other / Unknown;None;No;No;Dry;0;Urban;No;15OCT2011;0;19:19;Male;No;Commercial;C: Possible Injury;Yes;O: No Injury;3470;October;0;Straight - Level;Coastal;With Traffic;No Control Present;Saturday;Non-Intersection;52;0;Two-Way, Not Divided;2 lanes;0;#NULL!;#NULL!;Coarse Asphalt;#NULL!;No Special Feature;Motorist Overtaking Bicyclist;Local Street;C: Possible Injury;Sampson;70+;Clear;#NULL!;0-5 mph;5 - 15 MPH;2011;Dark - Lighted Roadway;70+
34.5146568446, -77.4359021809;"{""type"": ""Point"", ""coordinates"": [-77.43590218089948, 34.51465684459058]}";White;None - Rural Crash;Travel Lane;2;19;Rural (<30% Developed);Male;Pickup;0;#NULL!;0;0;White;No;0;60-69;Motorist Overtaking - Misjudged Space;None;No;No;Dry;0;Rural;No;17OCT2011;0;19:45;Male;No;Farms, Woods, Pastures;B: Evident Injury;Yes;O: No Injury;3472;October;0;Straight - Level;Coastal;With Traffic;Double Yellow Line, No Passing Zone;Monday;Non-Intersection;64;0;Two-Way, Not Divided;2 lanes;0;#NULL!;#NULL!;Coarse Asphalt;#NULL!;No Special Feature;Motorist Overtaking Bicyclist;NC Route;B: Evident Injury;Onslow;42;Clear;#NULL!;36-40 mph;50 - 55  MPH;2011;Dark - Roadway Not Lighted;40-49
36.4698871779, -79.9592030468;"{""type"": ""Point"", ""coordinates"": [-79.95920304677858, 36.46988717793927]}";White;None - Rural Crash;Travel Lane;2;18;Rural (<30% Developed);Male;Passenger Car;0;#NULL!;0;0;Unknown/Missing;No;0;16-19;Motorist Overtaking - Misjudged Space;None;No;No;Dry;0;Rural;Yes;17OCT2011;0;18:00;Unknown;No;Farms, Woods, Pastures;C: Possible Injury;No;Unknown Injury;3479;October;0;Straight - Grade;Piedmont;With Traffic;No Control Present;Monday;Non-Intersection;16;0;Two-Way, Not Divided;2 lanes;0;#NULL!;#NULL!;Smooth Asphalt;#NULL!;No Special Feature;Motorist Overtaking Bicyclist;NC Route;C: Possible Injury;Rockingham;Unknown;Clear;#NULL!;51-55 mph;50 - 55  MPH;2011;Daylight;Unknown
34.237156769, -77.8676022978;"{""type"": ""Point"", ""coordinates"": [-77.86760229781079, 34.237156768961405]}";White;Wilmington;Sidewalk / Crosswalk / Driveway Crossing;2;13;Urban (>70% Developed);Female;Passenger Car;0;#NULL!;0;0;White;No;0;20-24;Bicyclist Ride Out - Signalized  Intersection;None;No;No;Dry;0;Urban;No;07OCT2011;0;13:47;Male;No;Commercial;C: Possible Injury;Yes;O: No Injury;3480;October;0;Straight - Level;Coastal;With Traffic;Stop And Go Signal;Friday;Intersection;20;0;Two-Way, Not Divided;2 lanes;0;#NULL!;#NULL!;Coarse Asphalt;#NULL!;No Special Feature;Bicyclist Failed to Yield - Signalized Intersection;Local Street;C: Possible Injury;New Hanover;64;Clear;#NULL!;11-15 mph;30 - 35  MPH;2011;Daylight;60-69
35.3237069073, -80.7123032086;"{""type"": ""Point"", ""coordinates"": [-80.71230320857907, 35.32370690729315]}";Black;Charlotte;Travel Lane;2;23;Urban (>70% Developed);Male;Pickup;0;#NULL!;0;0;Black;No;0;40-49;Bicyclist Right Turn - Same Direction;None;Yes;Yes;Dry;0;Urban;No;08OCT2011;0;23:45;Male;No;Residential;B: Evident Injury;Yes;O: No Injury;3483;October;0;Straight - Level;Piedmont;With Traffic;No Control Present;Saturday;Intersection-Related;48;0;Two-Way, Not Divided;2 lanes;0;#NULL!;#NULL!;Smooth Asphalt;#NULL!;No Special Feature;Bicyclist Right Turn / Merge;Local Street;B: Evident Injury;Mecklenburg;21;Clear;#NULL!;21-25 mph;30 - 35  MPH;2011;Dark - Lighted Roadway;20-24
35.766607072, -78.7731026485;"{""type"": ""Point"", ""coordinates"": [-78.77310264847284, 35.766607071972736]}";White;Cary;Sidewalk / Crosswalk / Driveway Crossing;2;13;Urban (>70% Developed);Male;Passenger Car;0;#NULL!;0;0;White;No;0;30-39;Bicyclist Ride Out - Parallel Path;None;No;No;Dry;0;Urban;No;10OCT2011;0;13:41;Female;No;Residential;B: Evident Injury;Yes;O: No Injury;3484;October;0;Straight - Grade;Piedmont;With Traffic;No Control Present;Monday;Non-Intersection;39;0;Two-Way, Not Divided;4 lanes;0;#NULL!;#NULL!;Coarse Asphalt;#NULL!;No Special Feature;Parallel Paths - Other Circumstances;State Secondary Route;B: Evident Injury;Wake;40;Cloudy;#NULL!;31-35 mph;30 - 35  MPH;2011;Daylight;40-49
35.7900870747, -78.850602673;"{""type"": ""Point"", ""coordinates"": [-78.85060267303597, 35.79008707471304]}";White;Cary;Travel Lane;2;8;Urban (>70% Developed);Male;Truck/Trailer;0;#NULL!;0;0;White;No;0;30-39;Motorist Right Turn - Same Direction;None;No;No;Dry;0;Urban;No;10OCT2011;0;8:46;Male;No;Commercial;B: Evident Injury;Yes;O: No Injury;3485;October;0;Straight - Level;Piedmont;With Traffic;No Control Present;Monday;Non-Intersection;33;0;Two-Way, Divided, Unprotected Median;4 lanes;0;#NULL!;#NULL!;Smooth Asphalt;#NULL!;Driveway, Public;Motorist Right Turn / Merge;State Secondary Route;B: Evident Injury;Wake;46;Clear;#NULL!;0-5 mph;40 - 45  MPH;2011;Daylight;40-49
35.3040668339, -82.5828037615;"{""type"": ""Point"", ""coordinates"": [-82.5828037614944, 35.304066833853426]}";White;None - Rural Crash;Travel Lane;2;18;Rural (<30% Developed);Male;Passenger Car;0;#NULL!;0;0;White;No;0;60-69;Motorist Overtaking - Other / Unknown;None;No;No;Wet;0;Rural;No;18OCT2011;0;18:11;Male;No;Farms, Woods, Pastures;B: Evident Injury;Yes;O: No Injury;3497;October;0;Curve - Level;Mountains;With Traffic;Double Yellow Line, No Passing Zone;Tuesday;Non-Intersection;62;0;Two-Way, Not Divided;2 lanes;0;#NULL!;#NULL!;Smooth Asphalt;#NULL!;No Special Feature;Motorist Overtaking Bicyclist;State Secondary Route;B: Evident Injury;Henderson;41;Cloudy;#NULL!;36-40 mph;40 - 45  MPH;2011;Daylight;40-49
36.4870271566, -80.6183032453;"{""type"": ""Point"", ""coordinates"": [-80.61830324525987, 36.487027156602146]}";White;Mount Airy;Travel Lane;2;21;Urban (>70% Developed);Male;Sport Utility;0;#NULL!;0;0;White;No;0;20-24;Motorist Overtaking - Other / Unknown;None;No;No;Dry;0;Urban;No;17OCT2011;0;21:39;Male;No;Residential;A: Disabling Injury;No;O: No Injury;3507;October;0;Straight - Grade;Mountains;With Traffic;No Control Present;Monday;Non-Intersection;22;0;Two-Way, Not Divided;2 lanes;0;#NULL!;#NULL!;Smooth Asphalt;#NULL!;No Special Feature;Motorist Overtaking Bicyclist;Local Street;B: Evident Injury;Surry;42;Clear;#NULL!;21-25 mph;20 - 25  MPH;2011;Dark - Lighted Roadway;40-49
35.3111570004, -78.0166023962;"{""type"": ""Point"", ""coordinates"": [-78.01660239624654, 35.31115700037121]}";Black;None - Rural Crash;Travel Lane;2;16;Rural (<30% Developed);Male;Passenger Car;0;#NULL!;0;0;White;No;0;25-29;Bicyclist Left Turn - Same Direction;None;No;No;Dry;0;Rural;No;25OCT2011;0;16:35;Female;No;Farms, Woods, Pastures;A: Disabling Injury;Yes;O: No Injury;3508;October;0;Straight - Level;Coastal;With Traffic;Double Yellow Line, No Passing Zone;Tuesday;Non-Intersection;25;0;Two-Way, Not Divided;2 lanes;0;#NULL!;#NULL!;Coarse Asphalt;#NULL!;No Special Feature;Bicyclist Left Turn / Merge;State Secondary Route;A: Disabling Injury;Wayne;19;Clear;#NULL!;41-45 mph;40 - 45  MPH;2011;Daylight;0-19
34.234016771, -77.7770022711;"{""type"": ""Point"", ""coordinates"": [-77.77700227113753, 34.23401677097511]}";White;Wrightsville Beach;Driveway / Alley;2;12;Mixed (30% To 70% Developed);Male;Pickup;0;#NULL!;0;0;White;No;0;30-39;Bicyclist Ride Out - Residential Driveway;None;No;No;Dry;0;Rural;No;14OCT2011;0;12:38;Male;No;Residential;C: Possible Injury;Yes;O: No Injury;3510;October;0;Straight - Level;Coastal;Not Applicable;No Control Present;Friday;Non-Intersection;35;0;Two-Way, Not Divided;2 lanes;0;#NULL!;#NULL!;Smooth Asphalt;#NULL!;No Special Feature;Bicyclist Failed to Yield - Midblock;Local Street;C: Possible Injury;New Hanover;27;Clear;#NULL!;0-5 mph;20 - 25  MPH;2011;Daylight;25-29
36.0076771183, -78.9222027069;"{""type"": ""Point"", ""coordinates"": [-78.92220270693944, 36.007677118321034]}";White;Durham;Travel Lane;2;10;Urban (>70% Developed);Female;Passenger Car;0;#NULL!;0;0;White;No;0;25-29;Bicyclist Left Turn - Same Direction;None;No;No;Dry;0;Urban;No;27OCT2011;0;10:02;Male;No;Commercial;C: Possible Injury;Yes;O: No Injury;3514;October;0;Straight - Level;Piedmont;With Traffic;Stop Sign;Thursday;Intersection;28;0;Two-Way, Not Divided;2 lanes;0;#NULL!;#NULL!;Smooth Asphalt;#NULL!;No Special Feature;Bicyclist Left Turn / Merge;Local Street;C: Possible Injury;Durham;68;Clear;#NULL!;11-15 mph;20 - 25  MPH;2011;Daylight;60-69
36.0514570971, -79.7645029637;"{""type"": ""Point"", ""coordinates"": [-79.76450296368021, 36.051457097088495]}";Black;Greensboro;Travel Lane;2;11;Urban (>70% Developed);Male;Passenger Car;0;#NULL!;0;0;Black;No;0;40-49;Bicyclist Turning Error - Left Turn;None;No;No;Dry;0;Urban;No;09OCT2011;0;11:45;Female;No;Residential;C: Possible Injury;Yes;O: No Injury;3522;October;0;Straight - Level;Piedmont;Facing Traffic;Stop Sign;Sunday;Intersection;45;0;Two-Way, Not Divided;2 lanes;0;#NULL!;#NULL!;Smooth Asphalt;#NULL!;No Special Feature;Loss of Control / Turning Error;Local Street;C: Possible Injury;Guilford;30;Clear;#NULL!;0-5 mph;30 - 35  MPH;2011;Daylight;30-39
34.2481967694, -77.9476023227;"{""type"": ""Point"", ""coordinates"": [-77.94760232269032, 34.248196769409134]}";White;Wilmington;Sidewalk / Crosswalk / Driveway Crossing;2;10;Urban (>70% Developed);Male;Single Unit Truck (2-Axle, 6-Tire);0;#NULL!;0;0;White;No;0;50-59;Bicyclist Ride Out - Signalized  Intersection;None;No;No;Dry;0;Urban;No;16OCT2011;0;10:58;Male;No;Commercial;B: Evident Injury;No;O: No Injury;3526;October;0;Straight - Level;Coastal;With Traffic;Stop And Go Signal;Sunday;Intersection;59;0;Two-Way, Divided, Unprotected Median;9 or more lanes;0;#NULL!;#NULL!;Coarse Asphalt;#NULL!;No Special Feature;Bicyclist Failed to Yield - Signalized Intersection;Local Street;B: Evident Injury;New Hanover;32;Clear;#NULL!;31-35 mph;30 - 35  MPH;2011;Daylight;30-39
35.9969871167, -78.9103027028;"{""type"": ""Point"", ""coordinates"": [-78.91030270282127, 35.99698711673425]}";White;Durham;Travel Lane;2;21;Urban (>70% Developed);Female;Passenger Car;0;#NULL!;0;0;Unknown/Missing;No;0;25-29;Motorist Drive Out - Right Turn on Red;None;No;No;Wet;0;Urban;Yes;01NOV2011;0;21:25;Unknown;Missing;Commercial;O: No Injury;No;Unknown Injury;3530;November;0;Straight - Level;Piedmont;With Traffic;Stop And Go Signal;Tuesday;Intersection;26;0;Two-Way, Not Divided;2 lanes;0;#NULL!;#NULL!;Smooth Asphalt;#NULL!;Four-Way Intersection;Motorist Failed to Yield - Signalized Intersection;Local Street;O: No Injury;Durham;Unknown;Rain;#NULL!;0-5 mph;30 - 35  MPH;2011;Daylight;Unknown
35.7777250801, -78.6140826016;"{""type"": ""Point"", ""coordinates"": [-78.61408260159766, 35.77772508012672]}";Black;Raleigh;Travel Lane;2;5;Urban (>70% Developed);Male;Pedalcycle;0;#NULL!;0;0;Black;No;0;16-19;Signalized Intersection - Other / Unknown;None;No;No;Dry;0;Urban;No;08JUL2008;0;5:48;Male;No;Residential;B: Evident Injury;Yes;B: Evident Injury;6003;July;0;Straight - Grade;Piedmont;With Traffic;Stop And Go Signal;Tuesday;Intersection;19;0;Two-Way, Not Divided;9 or more lanes;0;#NULL!;#NULL!;Smooth Asphalt;#NULL!;Four-Way Intersection;Crossing Paths - Other Circumstances;Local Street;O: No Injury;Wake;35;Cloudy;#NULL!;Unknown;Unknown;2008;Dawn;30-39
35.434886884, -81.9823035918;"{""type"": ""Point"", ""coordinates"": [-81.9823035918285, 35.43488688400757]}";White;None - Rural Crash;Travel Lane;2;8;Mixed (30% To 70% Developed);Male;Van;0;#NULL!;0;0;White;No;0;60-69;Bicyclist Left Turn - Same Direction;None;No;No;Dry;0;Rural;No;25JUL2008;0;8:30;Female;No;Residential;C: Possible Injury;Yes;O: No Injury;6008;July;0;Straight - Grade;Mountains;With Traffic;Missing;Friday;Intersection;62;0;Two-Way, Not Divided;2 lanes;0;#NULL!;#NULL!;Smooth Asphalt;#NULL!;T-Intersection;Bicyclist Left Turn / Merge;US Route;C: Possible Injury;Rutherford;68;Clear;#NULL!;41-45 mph;40 - 45  MPH;2008;Daylight;60-69
35.8595609922, -81.487147469;"{""type"": ""Point"", ""coordinates"": [-81.48714746897629, 35.859560992193366]}";White;Hudson;Bike Lane / Paved Shoulder;2;21;Urban (>70% Developed);Male;Unknown;0;#NULL!;0;0;Unknown/Missing;No;0;20-24;Motorist Overtaking - Other / Unknown;None;No;No;Dry;0;Rural;Yes;27JUL2008;0;21:44;Unknown;Missing;Commercial;B: Evident Injury;Yes;Unknown Injury;6017;July;0;Straight - Level;Mountains;With Traffic;Missing;Sunday;Non-Intersection;22;0;Two-Way, Divided, Unprotected Median;4 lanes;0;#NULL!;#NULL!;Smooth Asphalt;#NULL!;No Special Feature;Motorist Overtaking Bicyclist;Local Street;B: Evident Injury;Caldwell;Unknown;Clear;#NULL!;Unknown;50 - 55  MPH;2008;Dark - Lighted Roadway;Unknown
34.7272289137, -76.7515719831;"{""type"": ""Point"", ""coordinates"": [-76.75157198311219, 34.727228913744206]}";Black;Morehead City;Sidewalk / Crosswalk / Driveway Crossing;2;8;Urban (>70% Developed);Male;Passenger Car;0;#NULL!;0;0;White;No;0;30-39;Motorist Drive Out - Sign-Controlled Intersection;None;No;No;Dry;0;Urban;No;28JUL2008;0;8:56;Female;No;Commercial;B: Evident Injury;Yes;O: No Injury;6018;July;0;Straight - Level;Coastal;Facing Traffic;Stop Sign;Monday;Intersection;33;0;Two-Way, Not Divided;4 lanes;0;#NULL!;#NULL!;Smooth Asphalt;#NULL!;T-Intersection;Motorist Failed to Yield - Sign-Controlled Intersection;Local Street;B: Evident Injury;Carteret;52;Clear;#NULL!;6-10 mph;30 - 35  MPH;2008;Daylight;50-59
35.8325470976, -78.4431425518;"{""type"": ""Point"", ""coordinates"": [-78.4431425518214, 35.83254709763299]}";White;None - Rural Crash;Travel Lane;3;6;Rural (<30% Developed);Male;Pickup;0;#NULL!;0;0;White;No;0;30-39;Motorist Overtaking - Other / Unknown;None;Yes;No;Dry;0;Rural;No;18AUG2008;0;6:55;Male;Yes;Residential;B: Evident Injury;Yes;O: No Injury;6021;August;0;Straight - Level;Piedmont;With Traffic;Double Yellow Line, No Passing Zone;Monday;Non-Intersection;37;0;Two-Way, Not Divided;2 lanes;0;#NULL!;#NULL!;Coarse Asphalt;#NULL!;No Special Feature;Motorist Overtaking Bicyclist;State Secondary Route;B: Evident Injury;Wake;50;Clear;#NULL!;41-45 mph;40 - 45  MPH;2008;Daylight;50-59
36.0589140968, -79.8063429774;"{""type"": ""Point"", ""coordinates"": [-79.80634297739437, 36.058914096818754]}";Black;Greensboro;Travel Lane;2;17;Urban (>70% Developed);Male;Passenger Car;0;#NULL!;0;0;Black;No;0;6-10;Bicyclist Lost Control - Oversteering, Improper Braking, Speed;None;No;No;Dry;0;Urban;No;19JUL2008;0;17:49;Female;No;Residential;B: Evident Injury;Yes;O: No Injury;6026;July;0;Straight - Level;Piedmont;With Traffic;Stop Sign;Saturday;Intersection;10;0;Two-Way, Not Divided;1 lane;0;#NULL!;#NULL!;Smooth Asphalt;#NULL!;T-Intersection;Loss of Control / Turning Error;Local Street;B: Evident Injury;Guilford;24;Cloudy;#NULL!;16-20 mph;30 - 35  MPH;2008;Daylight;20-24
35.4401930487, -77.3959022133;"{""type"": ""Point"", ""coordinates"": [-77.3959022132933, 35.44019304867793]}";Black;None - Rural Crash;Travel Lane;2;20;Rural (<30% Developed);Male;Sport Utility;0;#NULL!;0;0;White;No;0;40-49;Motorist Overtaking - Bicyclist Swerved;None;Yes;Yes;Dry;0;Rural;No;26JUL2008;0;20:42;Female;No;Farms, Woods, Pastures;C: Possible Injury;Yes;O: No Injury;6031;July;0;Straight - Level;Coastal;With Traffic;No Control Present;Saturday;Non-Intersection;49;0;Two-Way, Not Divided;2 lanes;0;#NULL!;#NULL!;Coarse Asphalt;#NULL!;Driveway, Private;Motorist Overtaking Bicyclist;State Secondary Route;C: Possible Injury;Pitt;48;Clear;#NULL!;46-50 mph;50 - 55  MPH;2008;Dusk;40-49
35.5659140788, -77.3247321986;"{""type"": ""Point"", ""coordinates"": [-77.32473219859091, 35.56591407884448]}";White;None - Rural Crash;Travel Lane;2;8;Mixed (30% To 70% Developed);Male;Pickup;0;#NULL!;0;0;White;No;0;50-59;Motorist Overtaking - Other / Unknown;None;No;No;Dry;0;Rural;No;30JUL2008;0;8:20;Male;No;Residential;B: Evident Injury;Yes;O: No Injury;6032;July;0;Straight - Hillcrest;Coastal;With Traffic;Double Yellow Line, No Passing Zone;Wednesday;Non-Intersection;58;0;Two-Way, Not Divided;2 lanes;0;#NULL!;#NULL!;Coarse Asphalt;#NULL!;No Special Feature;Motorist Overtaking Bicyclist;State Secondary Route;B: Evident Injury;Pitt;70+;Cloudy;#NULL!;21-25 mph;40 - 45  MPH;2008;Daylight;70+
36.0011671183, -78.8921626973;"{""type"": ""Point"", ""coordinates"": [-78.89216269731999, 36.00116711825777]}";Black;Durham;Travel Lane;2;17;Urban (>70% Developed);Male;Passenger Car;0;#NULL!;0;0;Black;No;0;50-59;Bicyclist Lost Control - Oversteering, Improper Braking, Speed;None;No;No;Dry;0;Urban;No;17AUG2008;0;17:12;Male;No;Residential;O: No Injury;No;O: No Injury;6035;August;0;Straight - Grade;Piedmont;With Traffic;No Control Present;Sunday;Intersection;57;0;Two-Way, Not Divided;2 lanes;0;#NULL!;#NULL!;Smooth Asphalt;#NULL!;No Special Feature;Loss of Control / Turning Error;Local Street;O: No Injury;Durham;58;Clear;#NULL!;16-20 mph;30 - 35  MPH;2008;Daylight;50-59
35.1952968814, -80.6836131929;"{""type"": ""Point"", ""coordinates"": [-80.68361319290992, 35.19529688142636]}";Black;None - Rural Crash;Travel Lane;3;11;Mixed (30% To 70% Developed);Male;Passenger Car;0;#NULL!;0;0;White;No;0;11-15;Motorist Drive Out - Sign-Controlled Intersection;None;No;No;Dry;0;Rural;No;04AUG2008;0;11:59;Male;No;Residential;C: Possible Injury;Yes;O: No Injury;6045;August;0;Straight - Level;Piedmont;Facing Traffic;Stop Sign;Monday;Intersection;15;0;Two-Way, Not Divided;3 lanes;0;#NULL!;#NULL!;Smooth Asphalt;#NULL!;T-Intersection;Motorist Failed to Yield - Sign-Controlled Intersection;Local Street;C: Possible Injury;Mecklenburg;20;Clear;#NULL!;11-15 mph;40 - 45  MPH;2008;Daylight;20-24
35.7984500863, -78.5727925895;"{""type"": ""Point"", ""coordinates"": [-78.5727925894904, 35.79845008630995]}";Black;Raleigh;Travel Lane;2;4;Urban (>70% Developed);Male;Passenger Car;0;#NULL!;0;0;Black;No;0;40-49;Motorist Overtaking - Bicyclist Swerved;None;No;No;Dry;0;Urban;No;09AUG2008;0;4:29;Male;No;Commercial;A: Disabling Injury;Yes;O: No Injury;6049;August;0;Straight - Level;Piedmont;With Traffic;No Control Present;Saturday;Non-Intersection;46;0;Two-Way, Divided, Positive Median Barrier;6 lanes;0;#NULL!;#NULL!;Smooth Asphalt;#NULL!;No Special Feature;Motorist Overtaking Bicyclist;Local Street;A: Disabling Injury;Wake;24;Clear;#NULL!;41-45 mph;40 - 45  MPH;2008;Dark - Lighted Roadway;20-24