Geo Point;Geo Shape;BikeRace;City;BikePos;NumUnits;CrashHour;Locality;BikeSex;DrvrVehTyp;NumBikesNo;BikeAlcDrg;NumBikesBI;RteInvdCd;DrvrRace;Workzone;NumBikesCi;BikeAgeGrp;CrashType;RdDefects;CrashAlcoh;BikeAlcoho;RdConditio;DstncMiFrm;RuralUrban;HitRun;CrashDate;NumBikesUI;CrashTime;DrvrSex;DrvrAlcoho;Developmen;CrashSevr;AmbulanceR;DrvrInjury;OBJECTID;CrashMonth;NumBikesKi;RdCharacte;Region;BikeDir;TraffCntrl;CrashDay;CrashLoc;BikeAge;NumBikesTo;RdConfig;NumLanes;NumBikesAI;DrvrAlcDrg;OnRoad;RdSurface;Towrd_Rd;RdFeature;CrashGrp;RdClass;BikeInjury;County;DrvrAge;Weather;FrmRd;DrvrEstSpd;SpeedLimit;CrashYear;LightCond;DrvrAgeGrp
34.2182467645, -77.8852923032;"{""type"": ""Point"", ""coordinates"": [-77.88529230321952, 34.21824676447186]}";White;Wilmington;Travel Lane;2;1;Urban (>70% Developed);Female;Unknown;0;#NULL!;0;0;White;No;0;20-24;Bicyclist Left Turn - Same Direction;None;Yes;No;Dry;0;Urban;Yes;09AUG2008;0;1:00;Male;Yes;Commercial;B: Evident Injury;Yes;O: No Injury;6055;August;0;Straight - Level;Coastal;With Traffic;No Control Present;Saturday;Non-Intersection;24;0;Two-Way, Divided, Unprotected Median;6 lanes;0;#NULL!;#NULL!;Coarse Asphalt;#NULL!;No Special Feature;Bicyclist Left Turn / Merge;Local Street;B: Evident Injury;New Hanover;38;Clear;#NULL!;41-45 mph;40 - 45  MPH;2008;Dark - Lighted Roadway;30-39
36.3007872879, -75.8082017705;"{""type"": ""Point"", ""coordinates"": [-75.80820177046694, 36.30078728792275]}";White;None - Rural Crash;Travel Lane;2;13;Rural (<30% Developed);Male;Passenger Car;0;#NULL!;0;0;White;No;0;40-49;Non-Roadway;None;No;No;Wet;0;Rural;No;10AUG2008;0;13:50;Male;No;Residential;B: Evident Injury;Yes;O: No Injury;6056;August;0;Straight - Level;Coastal;Not Applicable;Missing;Sunday;Non-Roadway;45;0;Two-Way, Not Divided;2 lanes;0;#NULL!;#NULL!;Other;#NULL!;No Special Feature;Non-Roadway;Public Vehicular Area;B: Evident Injury;Currituck;22;Rain;#NULL!;6-10 mph;Unknown;2008;Daylight;20-24
35.5936728951, -82.5587137714;"{""type"": ""Point"", ""coordinates"": [-82.55871377141413, 35.59367289512367]}";White;Asheville;Travel Lane;2;0;Urban (>70% Developed);Male;Sport Utility;0;#NULL!;0;0;Black;No;0;25-29;Motorist Left Turn - Opposite Direction;None;No;No;Dry;0;Urban;No;10AUG2008;0;0:05;Male;No;Commercial;C: Possible Injury;No;O: No Injury;6058;August;0;Straight - Level;Mountains;With Traffic;Stop And Go Signal;Sunday;Intersection;25;0;Two-Way, Not Divided;5 lanes;0;#NULL!;#NULL!;Smooth Asphalt;#NULL!;No Special Feature;Motorist Left Turn / Merge;Public Vehicular Area;C: Possible Injury;Buncombe;26;Clear;#NULL!;16-20 mph;30 - 35  MPH;2008;Dark - Lighted Roadway;25-29
35.9090110923, -79.0669527452;"{""type"": ""Point"", ""coordinates"": [-79.06695274518475, 35.90901109228083]}";White;Carrboro;Multi-use Path;2;8;Urban (>70% Developed);Female;Van;0;#NULL!;0;0;White;No;0;20-24;Bicyclist Ride Through - Sign-Controlled Intersection;None;No;No;Dry;0;Urban;No;14AUG2008;0;8:58;Male;No;Commercial;C: Possible Injury;Yes;O: No Injury;6079;August;0;Straight - Hillcrest;Piedmont;Not Applicable;Stop Sign;Thursday;Intersection;23;0;Two-Way, Not Divided;2 lanes;0;#NULL!;#NULL!;Smooth Asphalt;#NULL!;No Special Feature;Bicyclist Failed to Yield - Sign-Controlled Intersection;Local Street;C: Possible Injury;Orange;48;Clear;#NULL!;16-20 mph;20 - 25  MPH;2008;Daylight;40-49
34.4346308208, -77.6313882365;"{""type"": ""Point"", ""coordinates"": [-77.63138823651155, 34.434630820813474]}";White;None - Rural Crash;Travel Lane;2;12;Mixed (30% To 70% Developed);Male;Van;0;#NULL!;0;0;White;No;0;11-15;Bicyclist Ride Out - Sign-Controlled Intersection;None;No;No;Dry;0;Rural;No;11AUG2008;0;12:13;Female;No;Commercial;A: Disabling Injury;Yes;O: No Injury;6080;August;0;Straight - Level;Coastal;With Traffic;Stop Sign;Monday;Intersection;15;0;Two-Way, Divided, Unprotected Median;4 lanes;0;#NULL!;#NULL!;Coarse Asphalt;#NULL!;Four-Way Intersection;Bicyclist Failed to Yield - Sign-Controlled Intersection;US Route;A: Disabling Injury;Pender;62;Clear;#NULL!;46-50 mph;50 - 55  MPH;2008;Dusk;60-69
35.9467071046, -78.9418667092;"{""type"": ""Point"", ""coordinates"": [-78.94186670920163, 35.946707104594]}";White;Durham;Travel Lane;2;9;Urban (>70% Developed);Male;Sport Utility;0;#NULL!;0;0;Black;No;0;40-49;Bicyclist Left Turn - Same Direction;None;No;No;Dry;0;Urban;No;30AUG2008;0;9:58;Female;No;Residential;C: Possible Injury;Yes;O: No Injury;6083;August;0;Straight - Level;Piedmont;With Traffic;No Control Present;Saturday;Intersection-Related;45;0;Two-Way, Not Divided;2 lanes;0;#NULL!;#NULL!;Smooth Asphalt;#NULL!;No Special Feature;Bicyclist Left Turn / Merge;Local Street;C: Possible Injury;Durham;25;Clear;#NULL!;31-35 mph;30 - 35  MPH;2008;Daylight;25-29
35.0702549137, -79.0055826828;"{""type"": ""Point"", ""coordinates"": [-79.00558268282508, 35.070254913723396]}";Unknown/Missing;Fayetteville;Travel Lane;2;17;Urban (>70% Developed);Unknown;Passenger Car;0;#NULL!;0;0;Black;No;0;11-15;Sign-Controlled Intersection - Other / Unknown;None;No;No;Dry;0;Urban;No;17AUG2008;0;17:06;Female;No;Residential;O: No Injury;No;O: No Injury;6085;August;0;Curve - Grade;Coastal;With Traffic;Stop Sign;Sunday;Intersection;13;0;Two-Way, Not Divided;2 lanes;0;#NULL!;#NULL!;Coarse Asphalt;#NULL!;T-Intersection;Crossing Paths - Other Circumstances;Local Street;O: No Injury;Cumberland;21;Clear;#NULL!;16-20 mph;20 - 25  MPH;2008;Dusk;20-24
34.7248968895, -77.4844722049;"{""type"": ""Point"", ""coordinates"": [-77.48447220491866, 34.724896889498794]}";White;None - Rural Crash;Travel Lane;2;15;Mixed (30% To 70% Developed);Male;Van;0;#NULL!;0;0;White;No;0;50-59;Motorist Overtaking - Other / Unknown;None;No;No;Dry;0;Rural;No;20AUG2008;0;15:20;Female;No;Residential;B: Evident Injury;No;O: No Injury;6089;August;0;Straight - Level;Coastal;With Traffic;Missing;Wednesday;Non-Intersection;50;0;Two-Way, Not Divided;2 lanes;0;#NULL!;#NULL!;Smooth Asphalt;#NULL!;No Special Feature;Motorist Overtaking Bicyclist;State Secondary Route;B: Evident Injury;Onslow;46;Clear;#NULL!;36-40 mph;40 - 45  MPH;2008;Daylight;40-49
35.8430509888, -81.4768334649;"{""type"": ""Point"", ""coordinates"": [-81.47683346485191, 35.843050988779005]}";White;Hudson;Travel Lane;2;11;Urban (>70% Developed);Male;Sport Utility;0;#NULL!;0;0;White;No;0;16-19;Bicyclist Left Turn - Same Direction;None;No;No;Dry;0;Rural;No;21AUG2008;0;11:05;Female;No;Residential;B: Evident Injury;Yes;O: No Injury;6094;August;0;Straight - Grade;Mountains;With Traffic;No Control Present;Thursday;Intersection-Related;19;0;Two-Way, Not Divided;2 lanes;0;#NULL!;#NULL!;Smooth Asphalt;#NULL!;No Special Feature;Bicyclist Left Turn / Merge;Local Street;B: Evident Injury;Caldwell;62;Clear;#NULL!;41-45 mph;40 - 45  MPH;2008;Daylight;60-69
35.118040928, -78.8935226517;"{""type"": ""Point"", ""coordinates"": [-78.89352265165343, 35.11804092801417]}";Black;Fayetteville;Unknown;2;18;Urban (>70% Developed);Female;Sport Utility;0;#NULL!;0;0;Black;No;0;30-39;Bicyclist Lost Control - Mechanical Problems;None;No;No;Dry;0;Urban;No;22AUG2008;0;18:15;Female;No;Commercial;B: Evident Injury;No;O: No Injury;6098;August;0;Straight - Grade;Coastal;Unknown;Stop Sign;Friday;Intersection-Related;35;0;Two-Way, Not Divided;1 lane;0;#NULL!;#NULL!;Coarse Asphalt;#NULL!;Four-Way Intersection;Loss of Control / Turning Error;Local Street;B: Evident Injury;Cumberland;57;Cloudy;#NULL!;6-10 mph;30 - 35  MPH;2008;Daylight;50-59
35.0568309534, -77.7450283012;"{""type"": ""Point"", ""coordinates"": [-77.74502830119621, 35.05683095342682]}";White;Pink Hill;Travel Lane;2;11;Mixed (30% To 70% Developed);Female;Passenger Car;0;#NULL!;0;0;White;No;0;11-15;Bicyclist Ride Through - Sign-Controlled Intersection;None;No;No;Dry;0;Rural;No;14SEP2008;0;11:46;Female;No;Commercial;O: No Injury;Yes;O: No Injury;6101;September;0;Straight - Level;Coastal;With Traffic;Stop Sign;Sunday;Intersection;13;0;Two-Way, Not Divided;2 lanes;0;#NULL!;#NULL!;Smooth Asphalt;#NULL!;Four-Way Intersection;Bicyclist Failed to Yield - Sign-Controlled Intersection;NC Route;O: No Injury;Lenoir;19;Clear;#NULL!;26-30 mph;30 - 35  MPH;2008;Daylight;0-19
35.346789908, -80.8415632483;"{""type"": ""Point"", ""coordinates"": [-80.84156324834458, 35.34678990795857]}";White;Charlotte;Travel Lane;2;13;Urban (>70% Developed);Male;Passenger Car;0;#NULL!;0;0;White;No;0;40-49;Signalized Intersection - Other / Unknown;None;Yes;Yes;Dry;0;Urban;No;14SEP2008;0;13:34;Female;No;Commercial;B: Evident Injury;Yes;O: No Injury;6102;September;0;Straight - Level;Piedmont;With Traffic;Stop And Go Signal;Sunday;Intersection;40;0;Two-Way, Divided, Unprotected Median;4 lanes;0;#NULL!;#NULL!;Smooth Asphalt;#NULL!;Four-Way Intersection;Crossing Paths - Other Circumstances;Local Street;B: Evident Injury;Mecklenburg;24;Clear;#NULL!;51-55 mph;50 - 55  MPH;2008;Daylight;20-24
35.6011970359, -78.7889926453;"{""type"": ""Point"", ""coordinates"": [-78.78899264529664, 35.60119703588413]}";White;Fuquay-Varina;Travel Lane;2;14;Rural (<30% Developed);Male;School Bus;0;#NULL!;0;0;Black;No;0;40-49;Motorist Drive Out - Sign-Controlled Intersection;None;No;No;Dry;0;Urban;No;05AUG2008;0;14:34;Female;No;Farms, Woods, Pastures;C: Possible Injury;No;O: No Injury;6107;August;0;Straight - Level;Piedmont;With Traffic;Stop Sign;Tuesday;Intersection;43;0;Two-Way, Not Divided;2 lanes;0;#NULL!;#NULL!;Coarse Asphalt;#NULL!;T-Intersection;Motorist Failed to Yield - Sign-Controlled Intersection;Local Street;C: Possible Injury;Wake;53;Clear;#NULL!;6-10 mph;40 - 45  MPH;2008;Dusk;50-59
35.1402618677, -80.739703206;"{""type"": ""Point"", ""coordinates"": [-80.73970320599537, 35.140261867717]}";Black;Charlotte;Sidewalk / Crosswalk / Driveway Crossing;2;10;Urban (>70% Developed);Male;Van;0;#NULL!;0;0;White;No;0;11-15;Motorist Drive Out - Commercial Driveway / Alley;None;No;No;Wet;0;Urban;No;16SEP2008;0;10:52;Male;No;Commercial;C: Possible Injury;Yes;O: No Injury;6115;September;0;Straight - Level;Piedmont;Facing Traffic;No Control Present;Tuesday;Non-Intersection;15;0;Two-Way, Not Divided;Unknown;0;#NULL!;#NULL!;Concrete;#NULL!;Driveway, Public;Motorist Failed to Yield - Midblock;Public Vehicular Area;C: Possible Injury;Mecklenburg;60;Rain;#NULL!;0-5 mph;5 - 15 MPH;2008;Daylight;60-69
35.7784270754, -78.7359876383;"{""type"": ""Point"", ""coordinates"": [-78.73598763833797, 35.77842707543613]}";Black;Raleigh;Travel Lane;2;21;Urban (>70% Developed);Male;Sport Utility;0;#NULL!;0;0;White;No;0;16-19;Motorist Drive Out - Sign-Controlled Intersection;None;No;No;Dry;0;Urban;No;24JUN2008;0;21:06;Male;No;Residential;C: Possible Injury;Yes;O: No Injury;6120;June;0;Straight - Level;Piedmont;Facing Traffic;Stop Sign;Tuesday;Intersection;16;0;Two-Way, Divided, Unprotected Median;2 lanes;0;#NULL!;#NULL!;Smooth Asphalt;#NULL!;No Special Feature;Motorist Failed to Yield - Sign-Controlled Intersection;Local Street;C: Possible Injury;Wake;21;Clear;#NULL!;0-5 mph;30 - 35  MPH;2008;Dark - Lighted Roadway;20-24
35.3160568922, -81.0824333179;"{""type"": ""Point"", ""coordinates"": [-81.08243331793625, 35.316056892183475]}";White;None - Rural Crash;Bike Lane / Paved Shoulder;2;14;Rural (<30% Developed);Male;Sport Utility;0;#NULL!;0;0;White;No;0;Unknown;Bicyclist Ride Out - Parallel Path;None;No;No;Dry;0;Rural;No;18AUG2008;0;14:09;Male;No;Residential;B: Evident Injury;Yes;O: No Injury;6122;August;0;Curve - Level;Piedmont;With Traffic;No Control Present;Monday;Non-Intersection;Unknown;0;Two-Way, Not Divided;2 lanes;0;#NULL!;#NULL!;Smooth Asphalt;#NULL!;T-Intersection;Parallel Paths - Other Circumstances;State Secondary Route;B: Evident Injury;Gaston;33;Cloudy;#NULL!;36-40 mph;40 - 45  MPH;2008;Daylight;30-39
35.1331669902, -77.1552071256;"{""type"": ""Point"", ""coordinates"": [-77.15520712560568, 35.13316699016736]}";White;None - Rural Crash;Travel Lane;2;8;Rural (<30% Developed);Male;Pickup;0;#NULL!;0;0;White;No;0;30-39;Motorist Overtaking - Misjudged Space;None;No;No;Dry;0;Rural;No;31AUG2008;0;8:35;Male;No;Farms, Woods, Pastures;B: Evident Injury;Yes;O: No Injury;6126;August;0;Straight - Level;Coastal;With Traffic;Missing;Sunday;Non-Intersection;31;0;Two-Way, Divided, Unprotected Median;4 lanes;0;#NULL!;#NULL!;Smooth Asphalt;#NULL!;No Special Feature;Motorist Overtaking Bicyclist;US Route;B: Evident Injury;Craven;26;Clear;#NULL!;66-70 mph;60 - 75 MPH;2008;Daylight;25-29
36.0310320855, -79.9629930228;"{""type"": ""Point"", ""coordinates"": [-79.96299302282162, 36.031032085488086]}";Black;High Point;Unknown;2;20;Urban (>70% Developed);Male;Sport Utility;0;#NULL!;0;0;Black;No;0;11-15;Bicyclist Ride Out - Midblock - Unknown;None;No;No;Dry;0;Urban;No;01SEP2008;0;20:09;Male;No;Commercial;B: Evident Injury;Yes;O: No Injury;6141;September;0;Straight - Level;Piedmont;Not Applicable;Missing;Monday;Non-Intersection;12;0;Two-Way, Divided, Positive Median Barrier;8 lanes;0;#NULL!;#NULL!;Smooth Asphalt;#NULL!;No Special Feature;Bicyclist Failed to Yield - Midblock;Local Street;B: Evident Injury;Guilford;42;Clear;#NULL!;26-30 mph;40 - 45  MPH;2008;Dark - Lighted Roadway;40-49
35.9156790936, -79.0573827427;"{""type"": ""Point"", ""coordinates"": [-79.05738274269311, 35.91567909356853]}";White;Chapel Hill;Travel Lane;2;21;Urban (>70% Developed);Male;Passenger Car;0;#NULL!;0;0;White;No;0;25-29;Crossing Paths - Uncontrolled Intersection;None;No;No;Dry;0;Urban;No;29AUG2008;0;21:55;Male;No;Residential;B: Evident Injury;Yes;O: No Injury;6148;August;0;Straight - Level;Piedmont;Facing Traffic;No Control Present;Friday;Intersection;25;0;Two-Way, Not Divided;2 lanes;0;#NULL!;#NULL!;Smooth Asphalt;#NULL!;T-Intersection;Crossing Paths - Other Circumstances;Local Street;B: Evident Injury;Orange;20;Cloudy;#NULL!;6-10 mph;20 - 25  MPH;2008;Dark - Lighted Roadway;20-24
35.3797518532, -82.4721237334;"{""type"": ""Point"", ""coordinates"": [-82.47212373338246, 35.37975185320464]}";Hispanic;None - Rural Crash;Driveway / Alley;2;18;Urban (>70% Developed);Female;Passenger Car;0;#NULL!;0;0;White;No;0;6-10;Bicyclist Ride Out - Residential Driveway;None;No;No;Dry;0;Rural;No;05SEP2008;0;18:46;Female;No;Residential;C: Possible Injury;No;O: No Injury;6150;September;0;Straight - Level;Mountains;Not Applicable;Missing;Friday;Non-Intersection;8;0;Two-Way, Not Divided;2 lanes;0;#NULL!;#NULL!;Smooth Asphalt;#NULL!;No Special Feature;Bicyclist Failed to Yield - Midblock;State Secondary Route;C: Possible Injury;Henderson;50;Clear;#NULL!;31-35 mph;40 - 45  MPH;2008;Daylight;50-59
35.2226018821, -80.8102232321;"{""type"": ""Point"", ""coordinates"": [-80.81022323210995, 35.22260188207454]}";White;Charlotte;Travel Lane;2;2;Urban (>70% Developed);Male;Passenger Car;0;#NULL!;0;0;White;No;0;20-24;Motorist Overtaking - Undetected Bicyclist;None;Yes;No;Dry;0;Urban;No;28SEP2008;0;2:06;Male;Yes;Residential;B: Evident Injury;Yes;O: No Injury;6157;September;0;Straight - Level;Piedmont;With Traffic;No Control Present;Sunday;Non-Intersection;21;0;Two-Way, Divided, Unprotected Median;4 lanes;0;#NULL!;#NULL!;Smooth Asphalt;#NULL!;No Special Feature;Motorist Overtaking Bicyclist;Local Street;B: Evident Injury;Mecklenburg;24;Cloudy;#NULL!;26-30 mph;30 - 35  MPH;2008;Dark - Lighted Roadway;20-24
36.2129090586, -81.6836735481;"{""type"": ""Point"", ""coordinates"": [-81.68367354811329, 36.212909058591485]}";White;Boone;Travel Lane;2;9;Urban (>70% Developed);Male;Pickup;0;#NULL!;0;0;White;No;0;30-39;Motorist Left Turn - Opposite Direction;None;No;No;Dry;0;Urban;No;09SEP2008;0;9:57;Male;No;Institutional;B: Evident Injury;Yes;O: No Injury;6161;September;0;Unknown;Mountains;With Traffic;Missing;Tuesday;Non-Intersection;33;0;Unknown;Unknown;0;#NULL!;#NULL!;Unknown;#NULL!;No Special Feature;Motorist Left Turn / Merge;Local Street;B: Evident Injury;Watauga;21;Cloudy;#NULL!;11-15 mph;20 - 25  MPH;2008;Daylight;20-24
35.0375929081, -78.9608626679;"{""type"": ""Point"", ""coordinates"": [-78.96086266790502, 35.03759290811352]}";White;Fayetteville;Sidewalk / Crosswalk / Driveway Crossing;2;13;Urban (>70% Developed);Male;Passenger Car;0;#NULL!;0;0;Unknown/Missing;No;0;16-19;Motorist Drive Out - Commercial Driveway / Alley;None;No;No;Dry;0;Urban;Yes;26SEP2008;0;13:39;Unknown;Missing;Commercial;C: Possible Injury;No;Unknown Injury;6164;September;0;Straight - Level;Coastal;Facing Traffic;No Control Present;Friday;Non-Intersection;16;0;Two-Way, Not Divided;Unknown;0;#NULL!;#NULL!;Coarse Asphalt;#NULL!;No Special Feature;Motorist Failed to Yield - Midblock;Public Vehicular Area;C: Possible Injury;Cumberland;Unknown;Cloudy;#NULL!;Unknown;30 - 35  MPH;2008;Daylight;Unknown
35.7794570802, -78.6134626016;"{""type"": ""Point"", ""coordinates"": [-78.61346260155645, 35.779457080178524]}";White;Raleigh;Non-Roadway;2;10;Urban (>70% Developed);Male;Sport Utility;0;#NULL!;0;0;Black;No;0;16-19;Bicyclist Ride Out - Other Midblock;None;No;No;Dry;0;Urban;No;09JUL2008;0;10:25;Female;No;Commercial;O: No Injury;No;O: No Injury;6167;July;0;Straight - Level;Piedmont;Not Applicable;No Control Present;Wednesday;Non-Intersection;17;0;Two-Way, Divided, Unprotected Median;5 lanes;0;#NULL!;#NULL!;Smooth Asphalt;#NULL!;No Special Feature;Bicyclist Failed to Yield - Midblock;Local Street;O: No Injury;Wake;52;Clear;#NULL!;0-5 mph;30 - 35  MPH;2008;Daylight;50-59
35.785212999, -80.880199284;"{""type"": ""Point"", ""coordinates"": [-80.88019928401268, 35.78521299897764]}";Hispanic;Statesville;Unknown;2;14;Urban (>70% Developed);Male;Passenger Car;0;#NULL!;0;0;Hispanic;No;0;40-49;Signalized Intersection - Other / Unknown;None;Yes;Yes;Dry;0;Urban;No;14SEP2008;0;14:42;Male;No;Commercial;B: Evident Injury;Yes;O: No Injury;6179;September;0;Straight - Grade;Piedmont;Facing Traffic;Stop And Go Signal;Sunday;Intersection;43;0;Two-Way, Not Divided;3 lanes;0;#NULL!;#NULL!;Smooth Asphalt;#NULL!;Four-Way Intersection;Crossing Paths - Other Circumstances;Local Street;B: Evident Injury;Iredell;39;Clear;#NULL!;31-35 mph;30 - 35  MPH;2008;Daylight;30-39
35.3065270276, -77.1565271335;"{""type"": ""Point"", ""coordinates"": [-77.15652713353246, 35.30652702760109]}";Black;Vanceboro;Unknown;2;20;Mixed (30% To 70% Developed);Male;Pickup;0;#NULL!;0;0;White;No;0;16-19;Bicyclist Ride Out - Other Midblock;None;No;No;Dry;0;Rural;No;16SEP2008;0;20:35;Male;No;Commercial;B: Evident Injury;Yes;O: No Injury;6184;September;0;Straight - Level;Coastal;Not Applicable;Double Yellow Line, No Passing Zone;Tuesday;Non-Intersection;17;0;Two-Way, Not Divided;2 lanes;0;#NULL!;#NULL!;Smooth Asphalt;#NULL!;Y-Intersection;Bicyclist Failed to Yield - Midblock;NC Route;B: Evident Injury;Craven;27;Clear;#NULL!;31-35 mph;30 - 35  MPH;2008;Dark - Lighted Roadway;25-29
36.0699232114, -76.6057020036;"{""type"": ""Point"", ""coordinates"": [-76.60570200361015, 36.0699232114072]}";Unknown/Missing;Edenton;Travel Lane;2;7;Rural (<30% Developed);Male;Passenger Car;0;#NULL!;0;0;White;No;0;60-69;Motorist Left Turn - Opposite Direction;None;No;No;Dry;0;Urban;No;21SEP2008;0;7:40;Female;No;Residential;C: Possible Injury;Yes;O: No Injury;6188;September;0;Straight - Level;Coastal;With Traffic;Stop Sign;Sunday;Intersection;62;0;Two-Way, Not Divided;4 lanes;0;#NULL!;#NULL!;Coarse Asphalt;#NULL!;No Special Feature;Motorist Left Turn / Merge;Local Street;C: Possible Injury;Chowan;63;Clear;#NULL!;11-15 mph;30 - 35  MPH;2008;Dawn;60-69
35.7247270009, -80.5001781672;"{""type"": ""Point"", ""coordinates"": [-80.50017816721463, 35.72472700086349]}";White;None - Rural Crash;Travel Lane;2;23;Rural (<30% Developed);Male;Pedalcycle;0;#NULL!;0;0;White;No;0;16-19;Motorist Overtaking - Other / Unknown;None;No;No;Wet;0;Rural;No;26SEP2008;0;23:11;Male;No;Farms, Woods, Pastures;C: Possible Injury;Yes;C: Possible Injury;6190;September;0;Straight - Level;Piedmont;With Traffic;Double Yellow Line, No Passing Zone;Friday;Non-Intersection;19;0;Two-Way, Not Divided;2 lanes;0;#NULL!;#NULL!;Smooth Asphalt;#NULL!;No Special Feature;Motorist Overtaking Bicyclist;US Route;O: No Injury;Rowan;24;Rain;#NULL!;Unknown;Unknown;2008;Dark - Roadway Not Lighted;20-24
36.3998831988, -78.9815327462;"{""type"": ""Point"", ""coordinates"": [-78.98153274622052, 36.399883198827325]}";Black;Roxboro;Travel Lane;2;10;Urban (>70% Developed);Male;Pickup;0;#NULL!;0;0;Unknown/Missing;No;0;50-59;Bicyclist Ride Through - Sign-Controlled Intersection;None;No;No;Dry;0;Urban;No;03SEP2008;0;10:37;Female;No;Commercial;C: Possible Injury;No;O: No Injury;6197;September;0;Straight - Grade;Piedmont;With Traffic;Stop Sign;Wednesday;Intersection;59;0;Two-Way, Not Divided;5 lanes;0;#NULL!;#NULL!;Coarse Asphalt;#NULL!;Four-Way Intersection;Bicyclist Failed to Yield - Sign-Controlled Intersection;Local Street;C: Possible Injury;Person;46;Clear;#NULL!;31-35 mph;30 - 35  MPH;2008;Daylight;40-49
35.232266876, -81.039403301;"{""type"": ""Point"", ""coordinates"": [-81.03940330104997, 35.232266875953194]}";White;Belmont;Travel Lane;2;16;Urban (>70% Developed);Male;Passenger Car;0;#NULL!;0;0;White;No;0;20-24;Bicyclist Ride Through - Sign-Controlled Intersection;None;No;No;Dry;0;Urban;No;27SEP2008;0;16:45;Female;No;Residential;O: No Injury;Yes;O: No Injury;6199;September;0;Straight - Level;Piedmont;With Traffic;Stop Sign;Saturday;Intersection;21;0;Two-Way, Not Divided;2 lanes;0;#NULL!;#NULL!;Smooth Asphalt;#NULL!;Related To Intersection;Bicyclist Failed to Yield - Sign-Controlled Intersection;Local Street;Unknown Injury;Gaston;32;Clear;#NULL!;31-35 mph;30 - 35  MPH;2008;Daylight;30-39
35.2139008828, -80.7558332156;"{""type"": ""Point"", ""coordinates"": [-80.75583321562969, 35.21390088279058]}";Hispanic;Charlotte;Sidewalk / Crosswalk / Driveway Crossing;2;7;Mixed (30% To 70% Developed);Male;Passenger Car;0;#NULL!;0;0;Other;No;0;20-24;Motorist Drive Out - Sign-Controlled Intersection;None;No;No;Dry;0;Urban;No;14OCT2008;0;7:18;Female;No;Residential;O: No Injury;Yes;O: No Injury;6219;October;0;Straight - Grade;Piedmont;Facing Traffic;Stop Sign;Tuesday;Intersection;22;0;Two-Way, Not Divided;1 lane;0;#NULL!;#NULL!;Smooth Asphalt;#NULL!;T-Intersection;Motorist Failed to Yield - Sign-Controlled Intersection;Local Street;O: No Injury;Mecklenburg;47;Clear;#NULL!;0-5 mph;30 - 35  MPH;2008;Dawn;40-49
34.723799914, -76.7310959762;"{""type"": ""Point"", ""coordinates"": [-76.73109597617307, 34.72379991398589]}";White;Morehead City;Sidewalk / Crosswalk / Driveway Crossing;2;16;Urban (>70% Developed);Female;Passenger Car;0;#NULL!;0;0;White;No;0;40-49;Motorist Drive Out - Sign-Controlled Intersection;None;No;No;Dry;0;Urban;No;30SEP2008;0;16:12;Male;No;Residential;C: Possible Injury;Yes;O: No Injury;6220;September;0;Straight - Level;Coastal;Facing Traffic;Stop Sign;Tuesday;Intersection;42;0;Two-Way, Divided, Unprotected Median;3 lanes;0;#NULL!;#NULL!;Smooth Asphalt;#NULL!;Four-Way Intersection;Motorist Failed to Yield - Sign-Controlled Intersection;Local Street;C: Possible Injury;Carteret;17;Clear;#NULL!;21-25 mph;20 - 25  MPH;2008;Daylight;0-19
35.9121320931, -79.062517744;"{""type"": ""Point"", ""coordinates"": [-79.06251774400822, 35.912132093147655]}";White;Chapel Hill;Unknown;2;9;Urban (>70% Developed);Male;Sport Utility;0;#NULL!;0;0;White;No;0;20-24;Motorist Drive Out - Commercial Driveway / Alley;None;Yes;No;Dry;0;Urban;No;05OCT2008;0;9:54;Male;Yes;Residential;C: Possible Injury;Yes;O: No Injury;6223;October;0;Straight - Level;Piedmont;With Traffic;No Control Present;Sunday;Non-Intersection;20;0;Two-Way, Not Divided;2 lanes;0;#NULL!;#NULL!;Smooth Asphalt;#NULL!;Driveway, Public;Motorist Failed to Yield - Midblock;Public Vehicular Area;C: Possible Injury;Orange;22;Clear;#NULL!;0-5 mph;20 - 25  MPH;2008;Daylight;20-24
35.240954867, -81.3468533921;"{""type"": ""Point"", ""coordinates"": [-81.34685339208451, 35.240954867046234]}";White;Kings Mountain;Unknown;2;9;Mixed (30% To 70% Developed);Female;Unknown;0;#NULL!;0;0;Unknown/Missing;No;0;11-15;Unknown Location;None;No;No;Dry;0;Urban;Yes;28SEP2008;0;9:23;Unknown;Missing;Residential;O: No Injury;No;Unknown Injury;6225;September;0;Straight - Level;Mountains;Unknown;Stop And Go Signal;Sunday;Unknown Location;13;0;Two-Way, Divided, Unprotected Median;4 lanes;0;#NULL!;#NULL!;Smooth Asphalt;#NULL!;Four-Way Intersection;Other / Unknown - Insufficient Details;Local Street;O: No Injury;Cleveland;Unknown;Clear;#NULL!;Unknown;30 - 35  MPH;2008;Daylight;Unknown
36.0912240857, -80.2823531223;"{""type"": ""Point"", ""coordinates"": [-80.28235312232714, 36.091224085708646]}";White;Winston-Salem;Sidewalk / Crosswalk / Driveway Crossing;2;18;Urban (>70% Developed);Male;Pickup;0;#NULL!;0;0;White;No;0;11-15;Signalized Intersection - Other / Unknown;None;No;No;Dry;0;Urban;No;03OCT2008;0;18:28;Male;No;Commercial;B: Evident Injury;Yes;O: No Injury;6226;October;0;Straight - Level;Piedmont;With Traffic;Stop And Go Signal;Friday;Intersection;11;0;Two-Way, Divided, Unprotected Median;4 lanes;0;#NULL!;#NULL!;Smooth Asphalt;#NULL!;Four-Way Intersection;Crossing Paths - Other Circumstances;Local Street;B: Evident Injury;Forsyth;47;Clear;#NULL!;31-35 mph;30 - 35  MPH;2008;Daylight;40-49