Geo Point;Geo Shape;BikeRace;City;BikePos;NumUnits;CrashHour;Locality;BikeSex;DrvrVehTyp;NumBikesNo;BikeAlcDrg;NumBikesBI;RteInvdCd;DrvrRace;Workzone;NumBikesCi;BikeAgeGrp;CrashType;RdDefects;CrashAlcoh;BikeAlcoho;RdConditio;DstncMiFrm;RuralUrban;HitRun;CrashDate;NumBikesUI;CrashTime;DrvrSex;DrvrAlcoho;Developmen;CrashSevr;AmbulanceR;DrvrInjury;OBJECTID;CrashMonth;NumBikesKi;RdCharacte;Region;BikeDir;TraffCntrl;CrashDay;CrashLoc;BikeAge;NumBikesTo;RdConfig;NumLanes;NumBikesAI;DrvrAlcDrg;OnRoad;RdSurface;Towrd_Rd;RdFeature;CrashGrp;RdClass;BikeInjury;County;DrvrAge;Weather;FrmRd;DrvrEstSpd;SpeedLimit;CrashYear;LightCond;DrvrAgeGrp
36.0900340865, -80.2739231192;"{""type"": ""Point"", ""coordinates"": [-80.27392311920678, 36.090034086460676]}";White;Winston-Salem;Travel Lane;2;6;Urban (>70% Developed);Male;Unknown;0;#NULL!;0;0;Unknown/Missing;No;0;25-29;Motorist Drive Out - Sign-Controlled Intersection;None;No;No;Dry;0;Urban;Yes;08OCT2008;0;6:15;Unknown;Missing;Commercial;B: Evident Injury;No;Unknown Injury;6227;October;0;Straight - Grade;Piedmont;With Traffic;Yield Sign;Wednesday;Intersection;27;0;Two-Way, Not Divided;3 lanes;0;#NULL!;#NULL!;Smooth Asphalt;#NULL!;Related To Intersection;Motorist Failed to Yield - Sign-Controlled Intersection;Public Vehicular Area;B: Evident Injury;Forsyth;Unknown;Cloudy;#NULL!;0-5 mph;30 - 35  MPH;2008;Dark - Lighted Roadway;Unknown
35.732963001, -80.5455131803;"{""type"": ""Point"", ""coordinates"": [-80.54551318027816, 35.73296300098442]}";White;None - Rural Crash;Bike Lane / Paved Shoulder;2;16;Urban (>70% Developed);Male;Passenger Car;0;#NULL!;0;0;White;No;0;6-10;Bicyclist Left Turn - Same Direction;None;No;No;Dry;0;Rural;No;16OCT2008;0;16:15;Male;No;Residential;C: Possible Injury;Yes;O: No Injury;6231;October;0;Straight - Level;Piedmont;With Traffic;No Control Present;Thursday;Non-Intersection;9;0;Two-Way, Not Divided;2 lanes;0;#NULL!;#NULL!;Smooth Asphalt;#NULL!;No Special Feature;Bicyclist Left Turn / Merge;State Secondary Route;C: Possible Injury;Rowan;53;Clear;#NULL!;51-55 mph;50 - 55  MPH;2008;Daylight;50-59
34.7772899026, -77.4269581903;"{""type"": ""Point"", ""coordinates"": [-77.42695819033054, 34.777289902575205]}";Hispanic;Jacksonville;Sidewalk / Crosswalk / Driveway Crossing;2;19;Urban (>70% Developed);Male;Light Truck (Mini-Van, Panel);0;#NULL!;0;0;White;No;0;20-24;Signalized Intersection - Other / Unknown;None;No;No;Dry;0;Urban;No;08OCT2008;0;19:42;Male;No;Residential;B: Evident Injury;Yes;O: No Injury;6236;October;0;Straight - Level;Coastal;Facing Traffic;Stop And Go Signal;Wednesday;Intersection;20;0;Two-Way, Not Divided;2 lanes;0;#NULL!;#NULL!;Smooth Asphalt;#NULL!;Four-Way Intersection;Crossing Paths - Other Circumstances;Local Street;B: Evident Injury;Onslow;55;Clear;#NULL!;0-5 mph;30 - 35  MPH;2008;Dark - Lighted Roadway;50-59
35.1729228674, -80.9267682642;"{""type"": ""Point"", ""coordinates"": [-80.92676826417626, 35.17292286738651]}";White;Charlotte;Travel Lane;2;23;Urban (>70% Developed);Male;Pickup;0;#NULL!;0;0;Unknown/Missing;No;0;50-59;Motorist Overtaking - Other / Unknown;None;No;No;Dry;0;Urban;Yes;21OCT2008;0;23:18;Unknown;Missing;Commercial;B: Evident Injury;No;Unknown Injury;6240;October;0;Straight - Level;Piedmont;With Traffic;No Control Present;Tuesday;Non-Intersection;56;0;Two-Way, Not Divided;3 lanes;0;#NULL!;#NULL!;Smooth Asphalt;#NULL!;No Special Feature;Motorist Overtaking Bicyclist;Local Street;B: Evident Injury;Mecklenburg;Unknown;Clear;#NULL!;41-45 mph;40 - 45  MPH;2008;Dark - Lighted Roadway;Unknown
35.7489239737, -81.3480534218;"{""type"": ""Point"", ""coordinates"": [-81.3480534218141, 35.748923973707186]}";White;Hickory;Bike Lane / Paved Shoulder;2;6;Urban (>70% Developed);Female;Police;0;#NULL!;0;0;Black;No;0;40-49;Motorist Left Turn - Opposite Direction;None;No;No;Wet;0;Urban;No;17OCT2008;0;6:37;Male;No;Residential;C: Possible Injury;No;O: No Injury;6249;October;0;Straight - Grade;Piedmont;With Traffic;Stop And Go Signal;Friday;Intersection;44;0;Two-Way, Not Divided;3 lanes;0;#NULL!;#NULL!;Smooth Asphalt;#NULL!;No Special Feature;Motorist Left Turn / Merge;Local Street;C: Possible Injury;Catawba;33;Rain;#NULL!;31-35 mph;30 - 35  MPH;2008;Dark - Lighted Roadway;30-39
34.2269767686, -77.8280822858;"{""type"": ""Point"", ""coordinates"": [-77.82808228577106, 34.22697676855194]}";White;Wilmington;Travel Lane;2;9;Urban (>70% Developed);Male;Passenger Car;0;#NULL!;0;0;White;No;0;60-69;Motorist Right Turn - Same Direction;None;No;No;Dry;0;Urban;No;16OCT2008;0;9:22;Female;No;Commercial;K: Killed;Yes;O: No Injury;6256;October;0;Straight - Level;Coastal;With Traffic;Missing;Thursday;Non-Intersection;62;0;Two-Way, Divided, Unprotected Median;Unknown;0;#NULL!;#NULL!;Smooth Asphalt;#NULL!;No Special Feature;Motorist Right Turn / Merge;Local Street;K: Killed;New Hanover;49;Clear;#NULL!;31-35 mph;40 - 45  MPH;2008;Daylight;40-49
35.2295409087, -80.1290630281;"{""type"": ""Point"", ""coordinates"": [-80.12906302813903, 35.229540908713425]}";Black;Norwood;Travel Lane;2;1;Mixed (30% To 70% Developed);Female;Unknown Heavy Truck;0;#NULL!;0;0;White;No;0;50-59;Bicyclist Ride Out - Sign-Controlled Intersection;None;No;No;Dry;0;Rural;No;18SEP2008;0;1:09;Male;No;Residential;B: Evident Injury;Yes;O: No Injury;6272;September;0;Straight - Grade;Piedmont;With Traffic;Stop Sign;Thursday;Intersection;51;0;Two-Way, Not Divided;3 lanes;0;#NULL!;#NULL!;Coarse Asphalt;#NULL!;T-Intersection;Bicyclist Failed to Yield - Sign-Controlled Intersection;Local Street;B: Evident Injury;Stanly;36;Clear;#NULL!;31-35 mph;30 - 35  MPH;2008;Dark - Lighted Roadway;30-39
35.7656550725, -78.7474086408;"{""type"": ""Point"", ""coordinates"": [-78.74740864076647, 35.765655072463645]}";Other;Cary;Non-Roadway;2;16;Urban (>70% Developed);Male;Pickup;0;#NULL!;0;0;Unknown/Missing;No;0;6-10;Non-Roadway;None;No;No;Dry;0;Urban;Yes;01NOV2008;0;16:50;Unknown;Missing;Residential;B: Evident Injury;Yes;Unknown Injury;6283;November;0;Straight - Level;Piedmont;Not Applicable;No Control Present;Saturday;Non-Roadway;10;0;Two-Way, Not Divided;Unknown;0;#NULL!;#NULL!;Smooth Asphalt;#NULL!;Driveway, Public;Non-Roadway;Public Vehicular Area;B: Evident Injury;Wake;Unknown;Clear;#NULL!;11-15 mph;5 - 15 MPH;2008;Daylight;Unknown
36.0496671607, -77.9824624239;"{""type"": ""Point"", ""coordinates"": [-77.98246242385264, 36.04966716073034]}";Black;None - Rural Crash;Travel Lane;2;20;Rural (<30% Developed);Male;Passenger Car;0;#NULL!;0;0;White;No;0;40-49;Motorist Drive Out - Residential Driveway;None;Yes;Yes;Dry;0;Rural;No;23OCT2008;0;20:30;Female;No;Residential;C: Possible Injury;Yes;O: No Injury;6286;October;0;Straight - Level;Coastal;With Traffic;Missing;Thursday;Non-Intersection;41;0;Two-Way, Not Divided;2 lanes;0;#NULL!;#NULL!;Coarse Asphalt;#NULL!;Driveway, Private;Motorist Failed to Yield - Midblock;State Secondary Route;C: Possible Injury;Nash;19;Clear;#NULL!;0-5 mph;40 - 45  MPH;2008;Dark - Roadway Not Lighted;0-19
35.8810720522, -80.004083026;"{""type"": ""Point"", ""coordinates"": [-80.00408302600943, 35.88107205220795]}";White;Trinity;Travel Lane;2;13;Mixed (30% To 70% Developed);Male;Pickup;0;#NULL!;0;0;White;No;0;30-39;Bicyclist Lost Control - Other / Unknown;None;No;No;Dry;0;Urban;No;07OCT2008;0;13:11;Male;No;Commercial;B: Evident Injury;No;O: No Injury;6288;October;0;Straight - Level;Piedmont;With Traffic;Stop And Go Signal;Tuesday;Non-Intersection;36;0;Two-Way, Not Divided;2 lanes;0;#NULL!;#NULL!;Smooth Asphalt;#NULL!;Four-Way Intersection;Loss of Control / Turning Error;NC Route;B: Evident Injury;Randolph;40;Clear;#NULL!;41-45 mph;40 - 45  MPH;2008;Daylight;40-49
34.737784922, -76.5578119236;"{""type"": ""Point"", ""coordinates"": [-76.55781192364306, 34.73778492199937]}";White;None - Rural Crash;Travel Lane;2;18;Mixed (30% To 70% Developed);Male;Van;0;#NULL!;0;0;Unknown/Missing;No;0;60-69;Motorist Overtaking - Misjudged Space;None;No;No;Dry;0;Rural;Yes;06NOV2008;0;18:55;Unknown;Missing;Residential;C: Possible Injury;Yes;Unknown Injury;6291;November;0;Straight - Level;Coastal;With Traffic;Stop Sign;Thursday;Intersection;68;0;Two-Way, Not Divided;2 lanes;0;#NULL!;#NULL!;Coarse Asphalt;#NULL!;T-Intersection;Motorist Overtaking Bicyclist;State Secondary Route;C: Possible Injury;Carteret;Unknown;Clear;#NULL!;26-30 mph;40 - 45  MPH;2008;Daylight;Unknown
34.7011829085, -76.7492419811;"{""type"": ""Point"", ""coordinates"": [-76.74924198108287, 34.70118290849187]}";White;Atlantic Beach;Travel Lane;2;13;Urban (>70% Developed);Male;Passenger Car;0;#NULL!;0;0;White;No;0;60-69;Motorist Overtaking - Bicyclist Swerved;None;No;No;Dry;0;Rural;No;21OCT2008;0;13:43;Female;No;Residential;A: Disabling Injury;No;O: No Injury;6292;October;0;Unknown;Coastal;With Traffic;Missing;Tuesday;Non-Intersection;65;0;Unknown;Unknown;0;#NULL!;#NULL!;Unknown;#NULL!;No Special Feature;Motorist Overtaking Bicyclist;Local Street;A: Disabling Injury;Carteret;60;Clear;#NULL!;41-45 mph;40 - 45  MPH;2008;Daylight;60-69
35.9412870646, -80.0010790285;"{""type"": ""Point"", ""coordinates"": [-80.00107902848588, 35.94128706464652]}";Black;High Point;Travel Lane;2;17;Urban (>70% Developed);Male;Van;0;#NULL!;0;0;White;No;0;20-24;Bicyclist Ride Through - Sign-Controlled Intersection;None;No;No;Dry;0;Urban;No;22OCT2008;0;17:19;Female;No;Residential;B: Evident Injury;Yes;O: No Injury;6296;October;0;Straight - Grade;Piedmont;With Traffic;Stop Sign;Wednesday;Intersection;20;0;Two-Way, Not Divided;2 lanes;0;#NULL!;#NULL!;Smooth Asphalt;#NULL!;T-Intersection;Bicyclist Failed to Yield - Sign-Controlled Intersection;Local Street;B: Evident Injury;Guilford;39;Clear;#NULL!;16-20 mph;30 - 35  MPH;2008;Daylight;30-39
34.2287247653, -77.935872319;"{""type"": ""Point"", ""coordinates"": [-77.93587231898067, 34.22872476528274]}";White;Wilmington;Travel Lane;2;16;Urban (>70% Developed);Male;Passenger Car;0;#NULL!;0;0;Black;No;0;25-29;Motorist Left Turn - Opposite Direction;None;No;No;Dry;0;Urban;No;26OCT2008;0;16:46;Male;No;Commercial;C: Possible Injury;Yes;O: No Injury;6300;October;0;Straight - Level;Coastal;With Traffic;Stop And Go Signal;Sunday;Intersection;27;0;Two-Way, Not Divided;2 lanes;0;#NULL!;#NULL!;Smooth Asphalt;#NULL!;No Special Feature;Motorist Left Turn / Merge;Local Street;C: Possible Injury;New Hanover;70+;Clear;#NULL!;16-20 mph;20 - 25  MPH;2008;Daylight;70+
35.6938769811, -80.8439732676;"{""type"": ""Point"", ""coordinates"": [-80.84397326760474, 35.69387698114644]}";White;None - Rural Crash;Non-Roadway;2;18;Rural (<30% Developed);Male;Passenger Car;0;#NULL!;0;0;White;No;0;16-19;Bicyclist Ride Out - Midblock - Unknown;None;No;No;Dry;0;Rural;No;27OCT2008;0;18:10;Female;No;Residential;K: Killed;Yes;B: Evident Injury;6312;October;0;Straight - Level;Piedmont;Not Applicable;Stop Sign;Monday;Non-Intersection;17;0;Two-Way, Not Divided;2 lanes;0;#NULL!;#NULL!;Smooth Asphalt;#NULL!;T-Intersection;Bicyclist Failed to Yield - Midblock;State Secondary Route;K: Killed;Iredell;62;Clear;#NULL!;46-50 mph;50 - 55  MPH;2008;Dusk;60-69
35.9207770579, -80.063433047;"{""type"": ""Point"", ""coordinates"": [-80.06343304700633, 35.920777057906335]}";White;Thomasville;Travel Lane;2;18;Urban (>70% Developed);Male;Passenger Car;0;#NULL!;0;0;White;No;0;11-15;Bicyclist Left Turn - Same Direction;None;No;No;Dry;0;Urban;No;10NOV2008;0;18:09;Female;No;Residential;B: Evident Injury;Yes;O: No Injury;6324;November;0;Straight - Level;Piedmont;With Traffic;School Zone Signs;Monday;Non-Intersection;15;0;Two-Way, Divided, Unprotected Median;2 lanes;0;#NULL!;#NULL!;Coarse Asphalt;#NULL!;No Special Feature;Bicyclist Left Turn / Merge;Local Street;B: Evident Injury;Davidson;70+;Clear;#NULL!;31-35 mph;40 - 45  MPH;2008;Dark - Lighted Roadway;70+
35.0906209465, -78.1765324333;"{""type"": ""Point"", ""coordinates"": [-78.17653243332313, 35.090620946461655]}";Black;None - Rural Crash;Travel Lane;2;18;Rural (<30% Developed);Male;Unknown;0;#NULL!;0;0;Unknown/Missing;No;0;40-49;Head-On - Bicyclist;None;Yes;Yes;Dry;0;Rural;Yes;28NOV2008;0;18:40;Unknown;No;Farms, Woods, Pastures;B: Evident Injury;Yes;Unknown Injury;6327;November;0;Straight - Grade;Coastal;With Traffic;Double Yellow Line, No Passing Zone;Friday;Non-Intersection;42;0;Two-Way, Not Divided;2 lanes;0;#NULL!;#NULL!;Smooth Asphalt;#NULL!;Bridge Approach;Head-On;State Secondary Route;B: Evident Injury;Sampson;Unknown;Clear;#NULL!;Unknown;Unknown;2008;Dark - Roadway Not Lighted;Unknown
34.2383037692, -77.8762323011;"{""type"": ""Point"", ""coordinates"": [-77.87623230114687, 34.23830376922671]}";White;Wilmington;Sidewalk / Crosswalk / Driveway Crossing;2;18;Urban (>70% Developed);Male;Passenger Car;0;#NULL!;0;0;White;No;0;16-19;Motorist Right Turn - Opposite Direction;None;No;No;Dry;0;Urban;No;08NOV2008;0;18:17;Female;No;Commercial;O: No Injury;No;O: No Injury;6330;November;0;Straight - Level;Coastal;Facing Traffic;Stop And Go Signal;Saturday;Intersection;18;0;Two-Way, Not Divided;3 lanes;0;#NULL!;#NULL!;Coarse Asphalt;#NULL!;No Special Feature;Motorist Right Turn / Merge;Local Street;O: No Injury;New Hanover;24;Clear;#NULL!;11-15 mph;40 - 45  MPH;2008;Daylight;20-24
36.1144571081, -79.8348429885;"{""type"": ""Point"", ""coordinates"": [-79.83484298853102, 36.11445710805538]}";White;Greensboro;Sidewalk / Crosswalk / Driveway Crossing;2;19;Urban (>70% Developed);Male;Unknown;0;#NULL!;0;0;Unknown/Missing;No;0;11-15;Motorist Drive Out - Commercial Driveway / Alley;None;No;No;Dry;0;Urban;Yes;22OCT2008;0;19:08;Unknown;Missing;Commercial;C: Possible Injury;No;Unknown Injury;6331;October;0;Straight - Level;Piedmont;Facing Traffic;No Control Present;Wednesday;Non-Intersection;15;0;Two-Way, Divided, Unprotected Median;7 lanes;0;#NULL!;#NULL!;Coarse Asphalt;#NULL!;Driveway, Public;Motorist Failed to Yield - Midblock;Public Vehicular Area;C: Possible Injury;Guilford;Unknown;Clear;#NULL!;0-5 mph;5 - 15 MPH;2008;Dark - Lighted Roadway;Unknown
35.8187210881, -78.6246666069;"{""type"": ""Point"", ""coordinates"": [-78.6246666069009, 35.8187210880638]}";White;Raleigh;Sidewalk / Crosswalk / Driveway Crossing;2;7;Urban (>70% Developed);Male;Sport Utility;0;#NULL!;0;0;Black;No;0;50-59;Motorist Drive Out - Other Midblock;None;No;No;Dry;0;Urban;No;22OCT2008;0;7:49;Male;No;Commercial;C: Possible Injury;Yes;O: No Injury;6337;October;0;Straight - Level;Piedmont;Facing Traffic;Stop Sign;Wednesday;Non-Intersection;50;0;Two-Way, Not Divided;Unknown;0;#NULL!;#NULL!;Smooth Asphalt;#NULL!;No Special Feature;Motorist Failed to Yield - Midblock;Public Vehicular Area;C: Possible Injury;Wake;53;Clear;#NULL!;0-5 mph;Unknown;2008;Daylight;50-59
35.3886869203, -80.7501032232;"{""type"": ""Point"", ""coordinates"": [-80.75010322318526, 35.388686920301566]}";White;Concord;Travel Lane;2;8;Urban (>70% Developed);Female;Passenger Car;0;#NULL!;0;0;Black;No;0;40-49;Motorist Drive Through - Sign-Controlled Intersection;None;No;No;Dry;0;Urban;No;09NOV2008;0;8:39;Female;No;Residential;B: Evident Injury;No;O: No Injury;6340;November;0;Straight - Level;Piedmont;With Traffic;Stop Sign;Sunday;Intersection;44;0;Two-Way, Not Divided;2 lanes;0;#NULL!;#NULL!;Coarse Asphalt;#NULL!;Four-Way Intersection;Motorist Failed to Yield - Sign-Controlled Intersection;Local Street;B: Evident Injury;Cabarrus;70+;Clear;#NULL!;0-5 mph;30 - 35  MPH;2008;Daylight;70+
35.8829221057, -78.5296525815;"{""type"": ""Point"", ""coordinates"": [-78.52965258153294, 35.88292210566597]}";White;Raleigh;Travel Lane;2;6;Urban (>70% Developed);Male;Passenger Car;0;#NULL!;0;0;Black;No;0;30-39;Motorist Overtaking - Other / Unknown;None;No;No;Dry;0;Urban;No;20SEP2008;0;6:57;Male;No;Commercial;B: Evident Injury;Yes;O: No Injury;6345;September;0;Straight - Level;Piedmont;With Traffic;No Control Present;Saturday;Non-Intersection;30;0;Two-Way, Divided, Unprotected Median;6 lanes;0;#NULL!;#NULL!;Coarse Asphalt;#NULL!;No Special Feature;Motorist Overtaking Bicyclist;Local Street;B: Evident Injury;Wake;42;Cloudy;#NULL!;41-45 mph;40 - 45  MPH;2008;Dark - Roadway Not Lighted;40-49
35.7633370708, -78.7833126523;"{""type"": ""Point"", ""coordinates"": [-78.78331265225358, 35.76333707080293]}";White;Cary;Sidewalk / Crosswalk / Driveway Crossing;2;17;Urban (>70% Developed);Female;Sport Utility;0;#NULL!;0;0;White;No;0;25-29;Motorist Drive Out - Sign-Controlled Intersection;None;No;No;Dry;0;Urban;No;07DEC2008;0;17:54;Male;No;Commercial;C: Possible Injury;Yes;O: No Injury;6352;December;0;Straight - Level;Piedmont;Facing Traffic;No Control Present;Sunday;Intersection;25;0;One-Way, Not Divided;Unknown;0;#NULL!;#NULL!;Smooth Asphalt;#NULL!;No Special Feature;Motorist Failed to Yield - Sign-Controlled Intersection;Public Vehicular Area;C: Possible Injury;Wake;56;Clear;#NULL!;0-5 mph;5 - 15 MPH;2008;Dusk;50-59
35.9117770926, -79.0595887438;"{""type"": ""Point"", ""coordinates"": [-79.05958874383602, 35.91177709258111]}";White;Chapel Hill;Sidewalk / Crosswalk / Driveway Crossing;2;18;Urban (>70% Developed);Male;Light Truck (Mini-Van, Panel);0;#NULL!;0;0;White;No;0;16-19;Bicyclist Ride Through - Signalized Intersection;None;No;No;Wet;0;Urban;No;13NOV2008;0;18:31;Female;No;Commercial;B: Evident Injury;Yes;O: No Injury;6355;November;0;Straight - Bottom;Piedmont;With Traffic;Stop And Go Signal;Thursday;Intersection;18;0;Two-Way, Not Divided;4 lanes;0;#NULL!;#NULL!;Smooth Asphalt;#NULL!;Four-Way Intersection;Bicyclist Failed to Yield - Signalized Intersection;Local Street;B: Evident Injury;Orange;23;Cloudy;#NULL!;6-10 mph;20 - 25  MPH;2008;Dark - Lighted Roadway;20-24
35.995767117, -78.8859426956;"{""type"": ""Point"", ""coordinates"": [-78.88594269563723, 35.995767116965006]}";Black;Durham;Unknown;2;9;Urban (>70% Developed);Male;Passenger Car;0;#NULL!;0;0;Black;No;0;11-15;Unknown Approach Paths;None;No;No;Dry;0;Urban;No;09DEC2008;0;9:12;Male;No;Commercial;C: Possible Injury;Yes;O: No Injury;6358;December;0;Straight - Grade;Piedmont;Unknown;No Control Present;Tuesday;Intersection;14;0;Two-Way, Divided, Unprotected Median;2 lanes;0;#NULL!;#NULL!;Coarse Asphalt;#NULL!;No Special Feature;Other / Unknown - Insufficient Details;Local Street;C: Possible Injury;Durham;43;Cloudy;#NULL!;31-35 mph;30 - 35  MPH;2008;Daylight;40-49
34.6186138155, -79.0046026591;"{""type"": ""Point"", ""coordinates"": [-79.00460265908059, 34.61861381552527]}";White;Lumberton;Sidewalk / Crosswalk / Driveway Crossing;2;15;Urban (>70% Developed);Male;Pickup;0;#NULL!;0;0;Black;No;0;16-19;Motorist Drive Out - Sign-Controlled Intersection;None;No;No;Dry;0;Urban;No;21NOV2008;0;15:27;Male;No;Commercial;C: Possible Injury;Yes;O: No Injury;6368;November;0;Straight - Level;Coastal;With Traffic;Stop Sign;Friday;Intersection;17;0;Two-Way, Not Divided;4 lanes;0;#NULL!;#NULL!;Coarse Asphalt;#NULL!;No Special Feature;Motorist Failed to Yield - Sign-Controlled Intersection;Local Street;C: Possible Injury;Robeson;51;Clear;#NULL!;31-35 mph;30 - 35  MPH;2008;Daylight;50-59
35.7155169905, -80.7307432351;"{""type"": ""Point"", ""coordinates"": [-80.730743235088, 35.71551699045677]}";White;None - Rural Crash;Travel Lane;2;12;Rural (<30% Developed);Male;Pedalcycle;0;#NULL!;0;0;White;No;0;60-69;Motorist Left Turn - Opposite Direction;None;No;No;Dry;0;Rural;No;28NOV2008;0;12:12;Male;No;Farms, Woods, Pastures;A: Disabling Injury;Yes;A: Disabling Injury;6373;November;0;Straight - Level;Piedmont;With Traffic;Double Yellow Line, No Passing Zone;Friday;Intersection;61;0;Two-Way, Not Divided;2 lanes;0;#NULL!;#NULL!;Smooth Asphalt;#NULL!;T-Intersection;Motorist Left Turn / Merge;State Secondary Route;O: No Injury;Rowan;60;Clear;#NULL!;Unknown;Unknown;2008;Daylight;60-69
35.9666271096, -78.9166527029;"{""type"": ""Point"", ""coordinates"": [-78.91665270294271, 35.96662710960005]}";Black;Durham;Sidewalk / Crosswalk / Driveway Crossing;2;17;Urban (>70% Developed);Male;Passenger Car;0;#NULL!;0;0;Unknown/Missing;No;0;11-15;Motorist Drive Out - Residential Driveway;None;No;No;Dry;0;Urban;Yes;14DEC2008;0;17:45;Unknown;Missing;Residential;C: Possible Injury;Yes;Unknown Injury;6375;December;0;Straight - Level;Piedmont;Facing Traffic;No Control Present;Sunday;Non-Intersection;15;0;Two-Way, Not Divided;4 lanes;0;#NULL!;#NULL!;Smooth Asphalt;#NULL!;T-Intersection;Motorist Failed to Yield - Midblock;Public Vehicular Area;C: Possible Injury;Durham;Unknown;Clear;#NULL!;Unknown;Unknown;2008;Dark - Lighted Roadway;Unknown
34.6877088229, -79.2391227334;"{""type"": ""Point"", ""coordinates"": [-79.23912273336258, 34.687708822889924]}";Native American;None - Rural Crash;Bike Lane / Paved Shoulder;2;9;Rural (<30% Developed);Male;Sport Utility;0;#NULL!;0;0;Native American;No;0;30-39;Bicyclist Left Turn - Same Direction;None;No;No;Dry;0;Rural;No;27NOV2008;0;9:45;Male;No;Farms, Woods, Pastures;C: Possible Injury;Yes;O: No Injury;6378;November;0;Straight - Level;Coastal;With Traffic;Double Yellow Line, No Passing Zone;Thursday;Non-Intersection;39;0;Two-Way, Not Divided;2 lanes;0;#NULL!;#NULL!;Coarse Asphalt;#NULL!;Bridge;Bicyclist Left Turn / Merge;State Secondary Route;C: Possible Injury;Robeson;28;Clear;#NULL!;51-55 mph;50 - 55  MPH;2008;Daylight;25-29
35.8613690982, -78.6002376013;"{""type"": ""Point"", ""coordinates"": [-78.60023760127234, 35.86136909824241]}";White;Raleigh;Sidewalk / Crosswalk / Driveway Crossing;2;10;Urban (>70% Developed);Male;Unknown;0;#NULL!;0;0;Black;No;0;50-59;Motorist Drive Out - Right Turn on Red;None;No;No;Dry;0;Urban;Yes;02OCT2008;0;10:29;Female;No;Commercial;O: No Injury;No;O: No Injury;6385;October;0;Straight - Level;Piedmont;Facing Traffic;Stop And Go Signal;Thursday;Intersection;58;0;Two-Way, Not Divided;6 lanes;0;#NULL!;#NULL!;Smooth Asphalt;#NULL!;Four-Way Intersection;Motorist Failed to Yield - Signalized Intersection;Local Street;O: No Injury;Wake;56;Clear;#NULL!;0-5 mph;40 - 45  MPH;2008;Daylight;50-59
35.779632078, -78.6730526189;"{""type"": ""Point"", ""coordinates"": [-78.67305261886922, 35.77963207798288]}";White;Raleigh;Travel Lane;2;0;Mixed (30% To 70% Developed);Male;Unknown;0;#NULL!;0;0;Unknown/Missing;No;0;25-29;Motorist Overtaking - Misjudged Space;None;No;No;Dry;0;Urban;Yes;15SEP2008;0;0:15;Unknown;Missing;Residential;O: No Injury;No;Unknown Injury;6388;September;0;Straight - Grade;Piedmont;With Traffic;Missing;Monday;Non-Intersection;27;0;Two-Way, Not Divided;2 lanes;0;#NULL!;#NULL!;Smooth Asphalt;#NULL!;No Special Feature;Motorist Overtaking Bicyclist;Local Street;O: No Injury;Wake;Unknown;Clear;#NULL!;11-15 mph;20 - 25  MPH;2008;Dark - Lighted Roadway;Unknown
35.1861338622, -81.1468083298;"{""type"": ""Point"", ""coordinates"": [-81.14680832975085, 35.186133862191795]}";White;None - Rural Crash;Travel Lane;2;22;Rural (<30% Developed);Male;Passenger Car;0;#NULL!;0;0;White;No;0;30-39;Motorist Overtaking - Other / Unknown;None;Yes;Yes;Dry;0;Rural;No;06DEC2008;0;22:16;Female;Yes;Farms, Woods, Pastures;K: Killed;Yes;O: No Injury;6391;December;0;Straight - Level;Piedmont;With Traffic;Double Yellow Line, No Passing Zone;Saturday;Non-Intersection;33;0;Two-Way, Not Divided;2 lanes;0;#NULL!;#NULL!;Coarse Asphalt;#NULL!;No Special Feature;Motorist Overtaking Bicyclist;NC Route;K: Killed;Gaston;33;Cloudy;#NULL!;41-45 mph;40 - 45  MPH;2008;Dark - Roadway Not Lighted;30-39
35.8534870956, -78.642397614;"{""type"": ""Point"", ""coordinates"": [-78.64239761404404, 35.853487095570244]}";White;Raleigh;Sidewalk / Crosswalk / Driveway Crossing;2;18;Urban (>70% Developed);Male;Passenger Car;0;#NULL!;0;0;White;No;0;11-15;Motorist Drive Out - Sign-Controlled Intersection;None;No;No;Dry;0;Urban;No;01OCT2008;0;18:31;Male;No;Residential;C: Possible Injury;No;O: No Injury;6392;October;0;Straight - Level;Piedmont;Facing Traffic;Stop Sign;Wednesday;Intersection;14;0;Two-Way, Not Divided;2 lanes;0;#NULL!;#NULL!;Smooth Asphalt;#NULL!;No Special Feature;Motorist Failed to Yield - Sign-Controlled Intersection;Local Street;C: Possible Injury;Wake;33;Clear;#NULL!;0-5 mph;30 - 35  MPH;2008;Daylight;30-39