Geo Point;Geo Shape;BikeRace;City;BikePos;NumUnits;CrashHour;Locality;BikeSex;DrvrVehTyp;NumBikesNo;BikeAlcDrg;NumBikesBI;RteInvdCd;DrvrRace;Workzone;NumBikesCi;BikeAgeGrp;CrashType;RdDefects;CrashAlcoh;BikeAlcoho;RdConditio;DstncMiFrm;RuralUrban;HitRun;CrashDate;NumBikesUI;CrashTime;DrvrSex;DrvrAlcoho;Developmen;CrashSevr;AmbulanceR;DrvrInjury;OBJECTID;CrashMonth;NumBikesKi;RdCharacte;Region;BikeDir;TraffCntrl;CrashDay;CrashLoc;BikeAge;NumBikesTo;RdConfig;NumLanes;NumBikesAI;DrvrAlcDrg;OnRoad;RdSurface;Towrd_Rd;RdFeature;CrashGrp;RdClass;BikeInjury;County;DrvrAge;Weather;FrmRd;DrvrEstSpd;SpeedLimit;CrashYear;LightCond;DrvrAgeGrp
34.9888369189, -78.3310024753;"{""type"": ""Point"", ""coordinates"": [-78.33100247525512, 34.988836918850154]}";Hispanic;Clinton;Bike Lane / Paved Shoulder;2;13;Urban (>70% Developed);Male;Passenger Car;0;#NULL!;0;0;Black;No;0;70+;Bicyclist Ride Out - Midblock - Unknown;None;No;No;Dry;0;Urban;No;28NOV2012;0;13:56;Female;No;Residential;O: No Injury;No;O: No Injury;2670;November;0;Straight - Level;Coastal;Unknown;No Control Present;Wednesday;Non-Intersection;70+;0;Two-Way, Not Divided;2 lanes;0;#NULL!;#NULL!;Coarse Asphalt;#NULL!;No Special Feature;Bicyclist Failed to Yield - Midblock;Local Street;O: No Injury;Sampson;57;Clear;#NULL!;31-35 mph;30 - 35  MPH;2012;Daylight;50-59
36.01774712, -78.9363027113;"{""type"": ""Point"", ""coordinates"": [-78.93630271128455, 36.017747120029014]}";Black;Durham;Travel Lane;2;0;Urban (>70% Developed);Male;Passenger Car;0;#NULL!;0;0;Black;No;0;40-49;Signalized Intersection - Other / Unknown;None;No;No;Dry;0;Urban;No;21NOV2012;0;0:45;Female;No;Residential;C: Possible Injury;Yes;O: No Injury;2650;November;0;Straight - Level;Piedmont;Facing Traffic;Stop And Go Signal;Wednesday;Intersection;46;0;Two-Way, Not Divided;3 lanes;0;#NULL!;#NULL!;Coarse Asphalt;#NULL!;No Special Feature;Crossing Paths - Other Circumstances;Local Street;C: Possible Injury;Durham;48;Clear;#NULL!;6-10 mph;30 - 35  MPH;2012;Daylight;40-49
35.0576169104, -79.0178026854;"{""type"": ""Point"", ""coordinates"": [-79.01780268543405, 35.05761691038686]}";Black;Fayetteville;Non-Roadway;2;19;Mixed (30% To 70% Developed);Male;Passenger Car;0;#NULL!;0;0;Black;No;0;50-59;Motorist Overtaking - Other / Unknown;None;Yes;Yes;Dry;0;Urban;No;11MAR2011;0;19:11;Female;No;Farms, Woods, Pastures;O: No Injury;No;O: No Injury;2844;March;0;Straight - Level;Coastal;With Traffic;No Control Present;Friday;Non-Intersection;54;0;Two-Way, Not Divided;2 lanes;0;#NULL!;#NULL!;Coarse Asphalt;#NULL!;No Special Feature;Motorist Overtaking Bicyclist;Local Street;O: No Injury;Cumberland;27;Cloudy;#NULL!;41-45 mph;40 - 45  MPH;2011;Dark - Roadway Not Lighted;25-29
34.2393167697, -77.8662022984;"{""type"": ""Point"", ""coordinates"": [-77.86620229841519, 34.239316769698135]}";Black;Wilmington;Sidewalk / Crosswalk / Driveway Crossing;2;17;Urban (>70% Developed);Male;Passenger Car;0;#NULL!;0;0;White;No;0;16-19;Motorist Drive Out - Commercial Driveway / Alley;None;No;No;Dry;0;Urban;No;01MAR2011;0;17:11;Female;No;Commercial;O: No Injury;No;O: No Injury;2843;March;0;Straight - Level;Coastal;Facing Traffic;No Control Present;Tuesday;Non-Intersection;19;0;Two-Way, Not Divided;Unknown;0;#NULL!;#NULL!;Concrete;#NULL!;Driveway, Public;Motorist Failed to Yield - Midblock;Unknown;Unknown Injury;New Hanover;60;Clear;#NULL!;0-5 mph;30 - 35  MPH;2011;Daylight;60-69
35.2135268782, -80.8840032536;"{""type"": ""Point"", ""coordinates"": [-80.8840032535962, 35.21352687817911]}";Black;Charlotte;Sidewalk / Crosswalk / Driveway Crossing;2;16;Urban (>70% Developed);Male;Police;0;#NULL!;0;0;White;No;0;50-59;Motorist Right Turn - Same Direction;None;No;No;Dry;0;Urban;No;24FEB2011;0;16:20;Male;No;Commercial;O: No Injury;No;O: No Injury;2839;February;0;Straight - Level;Piedmont;With Traffic;Stop And Go Signal;Thursday;Intersection;58;0;Two-Way, Divided, Unprotected Median;5 lanes;0;#NULL!;#NULL!;Smooth Asphalt;#NULL!;No Special Feature;Motorist Right Turn / Merge;Local Street;O: No Injury;Mecklenburg;40;Cloudy;#NULL!;0-5 mph;30 - 35  MPH;2011;Daylight;40-49
36.0340970701, -80.3841031492;"{""type"": ""Point"", ""coordinates"": [-80.38410314923321, 36.03409707012507]}";White;Clemmons;Travel Lane;2;13;Urban (>70% Developed);Male;Pickup;0;#NULL!;0;0;White;No;0;40-49;Bicyclist Ride Through - Signalized Intersection;None;No;No;Dry;0;Urban;No;07MAR2011;0;13:51;Male;No;Commercial;C: Possible Injury;Yes;O: No Injury;2847;March;0;Straight - Level;Piedmont;With Traffic;Stop And Go Signal;Monday;Intersection;44;0;Two-Way, Not Divided;4 lanes;0;#NULL!;#NULL!;Smooth Asphalt;#NULL!;On or Off Ramp;Bicyclist Failed to Yield - Signalized Intersection;Local Street;C: Possible Injury;Forsyth;50;Clear;#NULL!;11-15 mph;60 - 75 MPH;2011;Daylight;50-59
35.5911568948, -82.5565037707;"{""type"": ""Point"", ""coordinates"": [-82.55650377065821, 35.59115689480674]}";White;Asheville;Travel Lane;2;16;Urban (>70% Developed);Male;Pickup;0;#NULL!;0;0;White;No;0;20-24;Motorist Left Turn - Opposite Direction;None;No;No;Dry;0;Urban;No;10MAR2011;0;16:09;Female;No;Commercial;C: Possible Injury;Yes;O: No Injury;2854;March;0;Straight - Level;Mountains;With Traffic;Stop And Go Signal;Thursday;Intersection;22;0;Two-Way, Not Divided;4 lanes;0;#NULL!;#NULL!;Smooth Asphalt;#NULL!;Four-Way Intersection;Motorist Left Turn / Merge;Local Street;C: Possible Injury;Buncombe;70+;Cloudy;#NULL!;11-15 mph;20 - 25  MPH;2011;Daylight;70+
35.5976468965, -82.5361037647;"{""type"": ""Point"", ""coordinates"": [-82.53610376467289, 35.597646896478025]}";White;Asheville;Travel Lane;2;10;Urban (>70% Developed);Male;Passenger Car;0;#NULL!;0;0;Black;No;0;20-24;Bicyclist Lost Control - Mechanical Problems;None;No;No;Dry;0;Urban;No;11FEB2011;0;10:33;Female;No;Commercial;O: No Injury;No;O: No Injury;2836;February;0;Unknown;Mountains;With Traffic;Stop And Go Signal;Friday;Intersection;21;0;Two-Way, Not Divided;3 lanes;0;#NULL!;#NULL!;Smooth Asphalt;#NULL!;T-Intersection;Loss of Control / Turning Error;US Route;O: No Injury;Buncombe;44;Clear;#NULL!;11-15 mph;30 - 35  MPH;2011;Daylight;40-49
35.2704868913, -80.8553032483;"{""type"": ""Point"", ""coordinates"": [-80.85530324830674, 35.27048689131446]}";Black;Charlotte;Sidewalk / Crosswalk / Driveway Crossing;2;21;Urban (>70% Developed);Male;Pickup;0;#NULL!;0;0;Black;No;0;40-49;Motorist Drive Out - Commercial Driveway / Alley;None;No;No;Dry;0;Urban;No;26APR2011;0;21:39;Male;No;Commercial;B: Evident Injury;No;O: No Injury;2968;April;0;Straight - Hillcrest;Piedmont;Facing Traffic;No Control Present;Tuesday;Non-Intersection;48;0;Two-Way, Not Divided;Unknown;0;#NULL!;#NULL!;Smooth Asphalt;#NULL!;No Special Feature;Motorist Failed to Yield - Midblock;Public Vehicular Area;B: Evident Injury;Mecklenburg;60;Clear;#NULL!;Unknown;40 - 45  MPH;2011;Dark - Lighted Roadway;60-69
34.1953767574, -77.9367023176;"{""type"": ""Point"", ""coordinates"": [-77.93670231759975, 34.19537675744293]}";White;Wilmington;Sidewalk / Crosswalk / Driveway Crossing;2;9;Urban (>70% Developed);Male;Passenger Car;0;#NULL!;0;0;White;No;0;40-49;Motorist Drive Out - Commercial Driveway / Alley;None;No;No;Dry;0;Urban;No;20APR2011;0;9:44;Male;No;Commercial;B: Evident Injury;Yes;O: No Injury;2959;April;0;Straight - Level;Coastal;Facing Traffic;No Control Present;Wednesday;Non-Intersection;43;0;Two-Way, Not Divided;5 lanes;0;#NULL!;#NULL!;Smooth Asphalt;#NULL!;No Special Feature;Motorist Failed to Yield - Midblock;US Route;B: Evident Injury;New Hanover;67;Clear;#NULL!;0-5 mph;40 - 45  MPH;2011;Daylight;60-69
34.7445368937, -77.4823022058;"{""type"": ""Point"", ""coordinates"": [-77.48230220582175, 34.744536893716095]}";White;None - Rural Crash;Travel Lane;2;17;Urban (>70% Developed);Female;Passenger Car;0;#NULL!;0;0;White;No;0;11-15;Bicyclist Ride Out - Sign-Controlled Intersection;None;No;No;Dry;0;Rural;No;20APR2011;0;17:25;Female;No;Residential;C: Possible Injury;Yes;O: No Injury;2918;April;0;Straight - Level;Coastal;With Traffic;Stop Sign;Wednesday;Intersection;12;0;Two-Way, Not Divided;2 lanes;0;#NULL!;#NULL!;Smooth Asphalt;#NULL!;T-Intersection;Bicyclist Failed to Yield - Sign-Controlled Intersection;State Secondary Route;C: Possible Injury;Onslow;32;Clear;#NULL!;31-35 mph;40 - 45  MPH;2011;Daylight;30-39
35.4428469311, -80.7756032331;"{""type"": ""Point"", ""coordinates"": [-80.77560323305734, 35.44284693106628]}";White;None - Rural Crash;Travel Lane;2;13;Rural (<30% Developed);Female;Sport Utility;0;#NULL!;0;0;White;No;0;25-29;Motorist Overtaking - Other / Unknown;None;No;No;Dry;0;Rural;No;23APR2011;0;13:47;Male;No;Farms, Woods, Pastures;O: No Injury;No;O: No Injury;2967;April;0;Straight - Level;Piedmont;With Traffic;No Control Present;Saturday;Non-Intersection;28;0;Two-Way, Not Divided;2 lanes;0;#NULL!;#NULL!;Smooth Asphalt;#NULL!;No Special Feature;Motorist Overtaking Bicyclist;NC Route;Unknown Injury;Mecklenburg;46;Clear;#NULL!;41-45 mph;50 - 55  MPH;2011;Daylight;40-49
35.6946869794, -80.9002032842;"{""type"": ""Point"", ""coordinates"": [-80.90020328416257, 35.694686979419096]}";White;Troutman;Travel Lane;2;17;Urban (>70% Developed);Male;Passenger Car;0;#NULL!;0;0;Black;No;0;6-10;Motorist Overtaking - Bicyclist Swerved;None;No;No;Dry;0;Rural;No;06APR2011;0;17:05;Female;No;Residential;B: Evident Injury;Yes;O: No Injury;2962;April;0;Straight - Level;Piedmont;With Traffic;No Control Present;Wednesday;Non-Intersection;8;0;Two-Way, Not Divided;2 lanes;0;#NULL!;#NULL!;Smooth Asphalt;#NULL!;No Special Feature;Motorist Overtaking Bicyclist;Local Street;B: Evident Injury;Iredell;25;Clear;#NULL!;21-25 mph;20 - 25  MPH;2011;Daylight;25-29
35.7915470772, -78.781102653;"{""type"": ""Point"", ""coordinates"": [-78.78110265304414, 35.79154707723487]}";White;Cary;Travel Lane;2;21;Urban (>70% Developed);Male;Passenger Car;0;#NULL!;0;0;White;No;0;16-19;Motorist Left Turn - Opposite Direction;None;No;No;Dry;0;Urban;No;23APR2011;0;21:39;Male;No;Residential;B: Evident Injury;Yes;O: No Injury;2926;April;0;Straight - Level;Piedmont;With Traffic;Stop Sign;Saturday;Intersection;17;0;Two-Way, Not Divided;2 lanes;0;#NULL!;#NULL!;Smooth Asphalt;#NULL!;T-Intersection;Motorist Left Turn / Merge;State Secondary Route;B: Evident Injury;Wake;32;Clear;#NULL!;31-35 mph;30 - 35  MPH;2011;Dark - Roadway Not Lighted;30-39
35.8206470881, -78.6530026153;"{""type"": ""Point"", ""coordinates"": [-78.65300261532406, 35.82064708812863]}";White;Raleigh;Travel Lane;2;14;Urban (>70% Developed);Female;Sport Utility;0;#NULL!;0;0;White;No;0;40-49;Motorist Left Turn - Opposite Direction;None;No;No;Dry;0;Urban;No;07APR2011;0;14:33;Female;No;Residential;B: Evident Injury;Yes;O: No Injury;2920;April;0;Curve - Grade;Piedmont;With Traffic;No Control Present;Thursday;Non-Intersection;42;0;Two-Way, Not Divided;2 lanes;0;#NULL!;#NULL!;Coarse Asphalt;#NULL!;No Special Feature;Motorist Left Turn / Merge;Local Street;B: Evident Injury;Wake;20;Clear;#NULL!;0-5 mph;30 - 35  MPH;2011;Daylight;20-24
35.9969771163, -78.9039027014;"{""type"": ""Point"", ""coordinates"": [-78.90390270136521, 35.99697711628944]}";White;Durham;Travel Lane;2;7;Urban (>70% Developed);Male;Sport Utility;0;#NULL!;0;0;Black;No;0;60-69;Motorist Left Turn - Opposite Direction;None;No;No;Dry;0;Urban;No;29APR2011;0;7:47;Female;No;Commercial;C: Possible Injury;Yes;O: No Injury;2940;April;0;Straight - Level;Piedmont;With Traffic;Stop And Go Signal;Friday;Intersection;60;0;Two-Way, Not Divided;2 lanes;0;#NULL!;#NULL!;Smooth Asphalt;#NULL!;Five-Point, Or More;Motorist Left Turn / Merge;Local Street;C: Possible Injury;Durham;53;Clear;#NULL!;0-5 mph;20 - 25  MPH;2011;Daylight;50-59
35.7262370604, -78.8514026702;"{""type"": ""Point"", ""coordinates"": [-78.85140267020367, 35.726237060375084]}";White;Apex;Travel Lane;2;14;Urban (>70% Developed);Male;Sport Utility;0;#NULL!;0;0;White;No;0;40-49;Bicyclist Overtaking - Other / Unknown;None;No;No;Dry;0;Urban;No;08MAY2011;0;14:21;Male;No;Commercial;B: Evident Injury;Yes;O: No Injury;2969;May;0;Straight - Grade;Piedmont;With Traffic;Stop Sign;Sunday;Intersection;42;0;Two-Way, Not Divided;2 lanes;0;#NULL!;#NULL!;Smooth Asphalt;#NULL!;No Special Feature;Bicyclist Overtaking Motorist;Local Street;B: Evident Injury;Wake;33;Clear;#NULL!;0-5 mph;30 - 35  MPH;2011;Daylight;30-39
35.2117968842, -80.6895931954;"{""type"": ""Point"", ""coordinates"": [-80.68959319540198, 35.2117968842126]}";White;Charlotte;Sidewalk / Crosswalk / Driveway Crossing;2;14;Mixed (30% To 70% Developed);Male;Passenger Car;0;No;1;30000024;White;No;0;40-49;Motorist Drive Out - Commercial Driveway / Alley;None;No;#NULL!;Dry;0.161;Urban;No;15JAN2014;0;14:50;Female;#NULL!;Commercial;B: Evident Injury;Yes;O: No Injury;7;January;0;Straight - Level;Piedmont;With Traffic;Stop Sign;Wednesday;Non-Intersection;48;1;Two-Way, Divided, Unprotected Median;4 lanes;0;No;ALBEMARLE RD;Smooth Asphalt;CIRCUMFERENTIAL DR;No Special Feature;Motorist Failed to Yield - Midblock;Local Street;B: Evident Injury;Mecklenburg;70+;Clear;HARRISBURG RD;Unknown;40 - 45  MPH;2014;Daylight;70+
35.7690770759, -78.6912426242;"{""type"": ""Point"", ""coordinates"": [-78.69124262423901, 35.76907707591224]}";White;Raleigh;Travel Lane;2;17;Urban (>70% Developed);Male;Passenger Car;0;No;0;40001321;Black;No;1;40-49;Bicyclist Ride Through - Signalized Intersection;None;No;#NULL!;Dry;0;Urban;No;21JAN2014;0;17:18;Female;#NULL!;Residential;C: Possible Injury;Yes;O: No Injury;13;January;0;Straight - Level;Piedmont;Facing Traffic;Stop And Go Signal;Tuesday;Intersection;42;1;Two-Way, Divided, Unprotected Median;5 lanes;0;No;AVENT FERRY RD;Coarse Asphalt;BRIGADOON DR;T-Intersection;Bicyclist Failed to Yield - Signalized Intersection;Local Street;C: Possible Injury;Wake;30;Clear;TRAILWOOD DR;0-5 mph;40 - 45  MPH;2014;Dusk;30-39
35.7979670868, -78.5565025849;"{""type"": ""Point"", ""coordinates"": [-78.55650258492152, 35.79796708678586]}";Hispanic;Raleigh;Travel Lane;2;5;Urban (>70% Developed);Male;Passenger Car;0;#NULL!;0;0;White;No;0;16-19;Bicyclist Ride Through - Signalized Intersection;None;No;No;Dry;0;Urban;No;19APR2011;0;5:46;Female;No;Commercial;C: Possible Injury;No;O: No Injury;2981;April;0;Straight - Level;Piedmont;Facing Traffic;Stop And Go Signal;Tuesday;Intersection;18;0;Two-Way, Divided, Positive Median Barrier;5 lanes;0;#NULL!;#NULL!;Coarse Asphalt;#NULL!;Four-Way Intersection;Bicyclist Failed to Yield - Signalized Intersection;Local Street;C: Possible Injury;Wake;42;Clear;#NULL!;0-5 mph;30 - 35  MPH;2011;Dark - Roadway Not Lighted;40-49
35.1809868731, -80.836583237;"{""type"": ""Point"", ""coordinates"": [-80.83658323702164, 35.1809868730577]}";White;Charlotte;Bike Lane / Paved Shoulder;2;15;Urban (>70% Developed);Male;Sport Utility;0;No;1;50027545;White;No;0;60-69;Motorist Overtaking - Other / Unknown;None;No;#NULL!;Dry;0;Urban;No;01FEB2014;0;15:58;Female;#NULL!;Residential;B: Evident Injury;Yes;O: No Injury;21;February;0;Straight - Level;Piedmont;With Traffic;No Control Present;Saturday;Intersection-Related;60;1;Two-Way, Not Divided;3 lanes;0;No;SELWYN AV;Smooth Asphalt;STERLING RD;No Special Feature;Motorist Overtaking Bicyclist;Local Street;B: Evident Injury;Mecklenburg;23;Clear;QUEENS RD WEST;6-10 mph;30 - 35  MPH;2014;Daylight;20-24
35.7831570792, -78.6653026171;"{""type"": ""Point"", ""coordinates"": [-78.66530261711847, 35.783157079168554]}";White;Raleigh;Travel Lane;2;23;Urban (>70% Developed);Female;Passenger Car;0;#NULL!;0;0;Black;No;0;16-19;Motorist Drive Out - Sign-Controlled Intersection;None;No;No;Dry;0;Urban;No;01MAY2011;0;23:43;Male;No;Commercial;B: Evident Injury;Yes;O: No Injury;2980;May;0;Curve - Level;Piedmont;With Traffic;Yield Sign;Sunday;Intersection;18;0;Two-Way, Divided, Unprotected Median;2 lanes;0;#NULL!;#NULL!;Smooth Asphalt;#NULL!;Traffic Circle/Roundabout;Motorist Failed to Yield - Sign-Controlled Intersection;Local Street;B: Evident Injury;Wake;44;Clear;#NULL!;11-15 mph;30 - 35  MPH;2011;Dark - Lighted Roadway;40-49
36.2035770574, -81.6663035426;"{""type"": ""Point"", ""coordinates"": [-81.66630354260089, 36.20357705735604]}";White;Boone;Sidewalk / Crosswalk / Driveway Crossing;2;16;Mixed (30% To 70% Developed);Female;Sport Utility;0;#NULL!;0;0;White;No;0;20-24;Motorist Drive Out - Commercial Driveway / Alley;None;No;No;Dry;0;Urban;No;06MAY2011;0;16:19;Male;No;Commercial;B: Evident Injury;No;O: No Injury;2995;May;0;Straight - Level;Mountains;Facing Traffic;No Control Present;Friday;Non-Intersection;20;0;Two-Way, Not Divided;5 lanes;0;#NULL!;#NULL!;Smooth Asphalt;#NULL!;Driveway, Private;Motorist Failed to Yield - Midblock;US Route;B: Evident Injury;Watauga;49;Clear;#NULL!;0-5 mph;30 - 35  MPH;2011;Daylight;40-49
35.8408851582, -76.7354020322;"{""type"": ""Point"", ""coordinates"": [-76.7354020322144, 35.84088515821309]}";Black;None - Rural Crash;Travel Lane;2;17;Rural (<30% Developed);Male;Passenger Car;0;No;1;30000045;White;No;0;30-39;Motorist Overtaking - Other / Unknown;None;No;#NULL!;Dry;0.1;Rural;No;13JAN2014;0;17:34;Female;#NULL!;Farms, Woods, Pastures;B: Evident Injury;Yes;O: No Injury;10;January;0;Straight - Level;Coastal;With Traffic;No Control Present;Monday;Non-Intersection;36;1;Two-Way, Not Divided;2 lanes;0;No;NC 45;Smooth Asphalt;32;No Special Feature;Motorist Overtaking Bicyclist;NC Route;B: Evident Injury;Washington;70+;Clear;1221;21-25 mph;40 - 45  MPH;2014;Dusk;70+
36.0833391161, -79.4258428629;"{""type"": ""Point"", ""coordinates"": [-79.42584286288502, 36.08333911613197]}";Black;Burlington;Travel Lane;2;9;Urban (>70% Developed);Male;Passenger Car;0;No;0;0;White;No;1;50-59;Backing Vehicle;None;No;#NULL!;Dry;0.022;Urban;No;12FEB2014;0;9:30;Male;#NULL!;Commercial;C: Possible Injury;Yes;O: No Injury;26;February;0;Straight - Level;Piedmont;Facing Traffic;No Control Present;Wednesday;Non-Intersection;51;1;Two-Way, Not Divided;2 lanes;0;No;109 S ANTHONY ST;Smooth Asphalt;STONE ST;No Special Feature;Backing Vehicle;Local Street;C: Possible Injury;Alamance;65;Cloudy;87;0-5 mph;30 - 35  MPH;2014;Daylight;60-69
36.0463670934, -79.8388029855;"{""type"": ""Point"", ""coordinates"": [-79.83880298547595, 36.046367093433375]}";White;Greensboro;Sidewalk / Crosswalk / Driveway Crossing;2;17;Urban (>70% Developed);Male;Passenger Car;0;#NULL!;0;0;White;No;0;30-39;Motorist Drive Out - Commercial Driveway / Alley;None;No;No;Dry;0;Urban;No;18OCT2012;0;17:02;Female;No;Commercial;B: Evident Injury;Yes;O: No Injury;2536;October;0;Straight - Level;Piedmont;Facing Traffic;No Control Present;Thursday;Non-Intersection;38;0;Two-Way, Not Divided;2 lanes;0;#NULL!;#NULL!;Smooth Asphalt;#NULL!;Driveway, Public;Motorist Failed to Yield - Midblock;Public Vehicular Area;B: Evident Injury;Guilford;34;Clear;#NULL!;6-10 mph;5 - 15 MPH;2012;Daylight;30-39
36.0733871006, -79.7868029719;"{""type"": ""Point"", ""coordinates"": [-79.78680297191764, 36.073387100554655]}";Black;Greensboro;Sidewalk / Crosswalk / Driveway Crossing;2;8;Urban (>70% Developed);Male;Van;0;#NULL!;0;0;Black;No;0;25-29;Bicyclist Ride Through - Signalized Intersection;None;No;No;Dry;0;Urban;No;19OCT2012;0;8:55;Female;No;Commercial;C: Possible Injury;Yes;O: No Injury;2541;October;0;Straight - Level;Piedmont;Facing Traffic;Stop And Go Signal;Friday;Intersection;28;0;One-Way, Not Divided;3 lanes;0;#NULL!;#NULL!;Smooth Asphalt;#NULL!;Four-Way Intersection;Bicyclist Failed to Yield - Signalized Intersection;Local Street;C: Possible Injury;Guilford;35;Clear;#NULL!;0-5 mph;20 - 25  MPH;2012;Daylight;30-39
35.2630768763, -81.2055033514;"{""type"": ""Point"", ""coordinates"": [-81.20550335138388, 35.26307687627823]}";White;Gastonia;Non-Roadway;2;21;Urban (>70% Developed);Male;Unknown;0;#NULL!;0;0;Unknown/Missing;No;0;30-39;Crossing Paths - Uncontrolled Intersection;None;No;No;Dry;0;Urban;Yes;28SEP2012;0;21:21;Unknown;Missing;Residential;B: Evident Injury;Yes;Unknown Injury;2534;September;0;Straight - Level;Piedmont;Not Applicable;No Control Present;Friday;Intersection-Related;32;0;Two-Way, Not Divided;2 lanes;0;#NULL!;#NULL!;Coarse Asphalt;#NULL!;No Special Feature;Crossing Paths - Other Circumstances;Local Street;B: Evident Injury;Gaston;Unknown;Clear;#NULL!;6-10 mph;30 - 35  MPH;2012;Dark - Lighted Roadway;Unknown
36.0856570898, -80.1580030844;"{""type"": ""Point"", ""coordinates"": [-80.1580030844489, 36.085657089823194]}";White;Winston-Salem;Travel Lane;2;18;Urban (>70% Developed);Male;Unknown;0;#NULL!;0;0;Unknown/Missing;No;0;30-39;Motorist Overtaking - Other / Unknown;None;No;No;Dry;0;Urban;Yes;10OCT2012;0;18:14;Unknown;Missing;Residential;B: Evident Injury;Yes;Unknown Injury;2560;October;0;Straight - Level;Piedmont;With Traffic;No Control Present;Wednesday;Non-Intersection;37;0;Two-Way, Divided, Unprotected Median;2 lanes;0;#NULL!;#NULL!;Coarse Asphalt;#NULL!;No Special Feature;Motorist Overtaking Bicyclist;Local Street;B: Evident Injury;Forsyth;Unknown;Clear;#NULL!;31-35 mph;30 - 35  MPH;2012;Daylight;Unknown
36.0686570983, -79.8232029828;"{""type"": ""Point"", ""coordinates"": [-79.82320298280038, 36.06865709825092]}";Other;Greensboro;Travel Lane;2;1;Urban (>70% Developed);Male;Passenger Car;0;#NULL!;0;0;White;No;0;20-24;Motorist Left Turn - Opposite Direction;None;No;No;Dry;0;Urban;No;22SEP2012;0;1:06;Female;No;Residential;C: Possible Injury;Yes;O: No Injury;2515;September;0;Straight - Level;Piedmont;With Traffic;Stop And Go Signal;Saturday;Intersection;22;0;Two-Way, Divided, Unprotected Median;2 lanes;0;#NULL!;#NULL!;Smooth Asphalt;#NULL!;Four-Way Intersection;Motorist Left Turn / Merge;Local Street;C: Possible Injury;Guilford;19;Clear;#NULL!;36-40 mph;30 - 35  MPH;2012;Dark - Roadway Not Lighted;0-19
35.8795371017, -78.6252026098;"{""type"": ""Point"", ""coordinates"": [-78.62520260976291, 35.8795371016959]}";White;Raleigh;Sidewalk / Crosswalk / Driveway Crossing;2;12;Urban (>70% Developed);Male;Sport Utility;0;#NULL!;0;0;White;No;0;16-19;Motorist Drive Out - Right Turn on Red;None;No;No;Dry;0;Urban;No;13OCT2012;0;12:33;Female;No;Commercial;B: Evident Injury;Yes;O: No Injury;2525;October;0;Straight - Level;Piedmont;Facing Traffic;Stop And Go Signal;Saturday;Intersection;17;0;Two-Way, Not Divided;3 lanes;0;#NULL!;#NULL!;Smooth Asphalt;#NULL!;T-Intersection;Motorist Failed to Yield - Signalized Intersection;Local Street;B: Evident Injury;Wake;22;Clear;#NULL!;0-5 mph;40 - 45  MPH;2012;Daylight;20-24
36.0668770832, -80.2200031015;"{""type"": ""Point"", ""coordinates"": [-80.22000310149649, 36.06687708316813]}";Hispanic;Winston-Salem;Unknown;2;16;Urban (>70% Developed);Female;Passenger Car;0;#NULL!;0;0;Unknown/Missing;No;0;6-10;Bicyclist Ride Out - Midblock - Unknown;None;No;No;Dry;0;Urban;Yes;12OCT2012;0;16:29;Unknown;Missing;Residential;C: Possible Injury;No;Unknown Injury;2561;October;0;Straight - Level;Piedmont;Unknown;No Control Present;Friday;Non-Intersection;9;0;Two-Way, Not Divided;2 lanes;0;#NULL!;#NULL!;Smooth Asphalt;#NULL!;No Special Feature;Bicyclist Failed to Yield - Midblock;Local Street;C: Possible Injury;Forsyth;Unknown;Clear;#NULL!;Unknown;20 - 25  MPH;2012;Daylight;Unknown
35.5556869683, -80.4136031311;"{""type"": ""Point"", ""coordinates"": [-80.41360313107381, 35.55568696826483]}";White;Rockwell;Travel Lane;2;18;Urban (>70% Developed);Male;Motorcycle;0;#NULL!;0;0;White;No;0;16-19;Motorist Overtaking - Bicyclist Swerved;None;No;No;Dry;0;Rural;No;05OCT2012;0;18:05;Male;No;Commercial;B: Evident Injury;Yes;B: Evident Injury;2533;October;0;Curve - Level;Piedmont;With Traffic;No Control Present;Friday;Non-Intersection;19;0;Two-Way, Not Divided;3 lanes;0;#NULL!;#NULL!;Smooth Asphalt;#NULL!;No Special Feature;Motorist Overtaking Bicyclist;US Route;B: Evident Injury;Rowan;48;Clear;#NULL!;26-30 mph;30 - 35  MPH;2012;Daylight;40-49
34.6638668255, -79.0003026602;"{""type"": ""Point"", ""coordinates"": [-79.00030266017198, 34.66386682547638]}";White;Lumberton;Travel Lane;2;14;Urban (>70% Developed);Male;Passenger Car;0;#NULL!;0;0;Black;No;0;60-69;Motorist Overtaking - Other / Unknown;None;No;No;Dry;0;Urban;No;04OCT2012;0;14:04;Female;No;Commercial;O: No Injury;No;O: No Injury;2555;October;0;Straight - Level;Coastal;With Traffic;No Control Present;Thursday;Intersection;61;0;Two-Way, Not Divided;5 lanes;0;#NULL!;#NULL!;Coarse Asphalt;#NULL!;No Special Feature;Motorist Overtaking Bicyclist;Local Street;O: No Injury;Robeson;70+;Clear;#NULL!;31-35 mph;30 - 35  MPH;2012;Daylight;70+
35.7723040765, -78.6853286227;"{""type"": ""Point"", ""coordinates"": [-78.68532862268552, 35.772304076533956]}";White;Raleigh;Sidewalk / Crosswalk / Driveway Crossing;2;15;Urban (>70% Developed);Male;Sport Utility;0;No;0;50007369;White;No;1;25-29;Motorist Drive Out - Sign-Controlled Intersection;None;No;#NULL!;Dry;0;Urban;No;20FEB2014;0;15:04;Female;#NULL!;Residential;C: Possible Injury;Yes;O: No Injury;31;February;0;Straight - Level;Piedmont;Facing Traffic;Stop Sign;Thursday;Intersection;25;1;Two-Way, Divided, Unprotected Median;6 lanes;0;No;CREST RD;Smooth Asphalt;CHAPPELL DR;No Special Feature;Motorist Failed to Yield - Sign-Controlled Intersection;Local Street;C: Possible Injury;Wake;19;Clear;AVENT FERRY RD;11-15 mph;30 - 35  MPH;2014;Daylight;0-19