Geo Point;Geo Shape;BikeRace;City;BikePos;NumUnits;CrashHour;Locality;BikeSex;DrvrVehTyp;NumBikesNo;BikeAlcDrg;NumBikesBI;RteInvdCd;DrvrRace;Workzone;NumBikesCi;BikeAgeGrp;CrashType;RdDefects;CrashAlcoh;BikeAlcoho;RdConditio;DstncMiFrm;RuralUrban;HitRun;CrashDate;NumBikesUI;CrashTime;DrvrSex;DrvrAlcoho;Developmen;CrashSevr;AmbulanceR;DrvrInjury;OBJECTID;CrashMonth;NumBikesKi;RdCharacte;Region;BikeDir;TraffCntrl;CrashDay;CrashLoc;BikeAge;NumBikesTo;RdConfig;NumLanes;NumBikesAI;DrvrAlcDrg;OnRoad;RdSurface;Towrd_Rd;RdFeature;CrashGrp;RdClass;BikeInjury;County;DrvrAge;Weather;FrmRd;DrvrEstSpd;SpeedLimit;CrashYear;LightCond;DrvrAgeGrp
35.0314518482, -80.6173631636;"{""type"": ""Point"", ""coordinates"": [-80.61736316363701, 35.03145184823505]}";White;Monroe;Travel Lane;2;9;Mixed (30% To 70% Developed);Male;Passenger Car;0;No;0;40001009;Black;No;1;20-24;Bicyclist Left Turn - Same Direction;None;No;#NULL!;Wet;0.057;Urban;No;04FEB2014;0;9:08;Male;#NULL!;Industrial;C: Possible Injury;Yes;O: No Injury;40;February;0;Straight - Level;Piedmont;With Traffic;No Control Present;Tuesday;Non-Intersection;20;1;Two-Way, Not Divided;2 lanes;0;No;CHARLOTTE HWY;Smooth Asphalt;ROGERS RD;No Special Feature;Bicyclist Left Turn / Merge;State Secondary Route;C: Possible Injury;Union;38;Snow, Sleet, Hail, Freezing Rain/Drizzle;AIRPORT RD;16-20 mph;40 - 45  MPH;2014;Daylight;30-39
35.5966218958, -82.5522537691;"{""type"": ""Point"", ""coordinates"": [-82.5522537691372, 35.596621895793724]}";White;Asheville;Travel Lane;2;21;Urban (>70% Developed);Male;Passenger Car;0;No;1;20000025;White;No;0;25-29;Bicyclist Ride Through - Signalized Intersection;None;No;#NULL!;Dry;0;Urban;No;25FEB2014;0;21:17;Male;#NULL!;Commercial;B: Evident Injury;Yes;O: No Injury;65;February;0;Straight - Grade;Mountains;With Traffic;Flashing Stop And Go Signal;Tuesday;Intersection;26;1;Two-Way, Not Divided;2 lanes;0;No;US 25;Coarse Asphalt;COLLEGE ST;No Special Feature;Bicyclist Failed to Yield - Signalized Intersection;US Route;B: Evident Injury;Buncombe;31;Clear;WALNUT STREET;16-20 mph;20 - 25  MPH;2014;Dark - Lighted Roadway;30-39
35.2668028786, -81.182123345;"{""type"": ""Point"", ""coordinates"": [-81.18212334496498, 35.26680287856587]}";White;Gastonia;Sidewalk / Crosswalk / Driveway Crossing;2;10;Urban (>70% Developed);Male;Light Truck (Mini-Van, Panel);0;No;0;0;Black;No;1;40-49;Motorist Drive Out - Other Midblock;None;No;#NULL!;Dry;0;Urban;No;24FEB2014;0;10:57;Male;#NULL!;Commercial;C: Possible Injury;Yes;O: No Injury;56;February;0;Straight - Grade;Piedmont;With Traffic;No Control Present;Monday;Non-Intersection;47;1;Unknown;Unknown;0;No;330 N. MARIETTA ST;Smooth Asphalt;#NULL!;No Special Feature;Motorist Failed to Yield - Midblock;Public Vehicular Area;C: Possible Injury;Gaston;26;Clear;N. MARIETTA ST.;Unknown;Unknown;2014;Daylight;25-29
35.8418991939, -75.650621699;"{""type"": ""Point"", ""coordinates"": [-75.65062169897688, 35.841899193893894]}";White;None - Rural Crash;Travel Lane;2;15;Mixed (30% To 70% Developed);Male;Passenger Car;0;No;0;40001168;White;No;0;60-69;Bicyclist Ride Through - Sign-Controlled Intersection;None;No;#NULL!;Dry;0;Rural;No;09MAR2014;0;15:30;Male;#NULL!;Residential;K: Killed;Yes;O: No Injury;61;March;1;Straight - Level;Coastal;With Traffic;Stop Sign;Sunday;Intersection;64;1;Two-Way, Not Divided;2 lanes;0;No;SR 1168;Smooth Asphalt;1323;Four-Way Intersection;Bicyclist Failed to Yield - Sign-Controlled Intersection;State Secondary Route;K: Killed;Dare;54;Clear;1137;26-30 mph;30 - 35  MPH;2014;Daylight;50-59
35.4452889128, -81.2683233804;"{""type"": ""Point"", ""coordinates"": [-81.26832338037379, 35.44528891275019]}";White;None - Rural Crash;Travel Lane;2;19;Rural (<30% Developed);Male;Sport Utility;0;No;0;40001222;White;No;1;20-24;Bicyclist Left Turn - Same Direction;None;No;#NULL!;Dry;0;Rural;No;02MAR2014;0;19:50;Female;#NULL!;Farms, Woods, Pastures;C: Possible Injury;Yes;O: No Injury;50;March;0;Straight - Level;Piedmont;With Traffic;Stop Sign;Sunday;Intersection;23;1;Two-Way, Not Divided;2 lanes;0;No;SR 1222;Coarse Asphalt;150;T-Intersection;Bicyclist Left Turn / Merge;State Secondary Route;C: Possible Injury;Lincoln;44;Clear;1235;36-40 mph;40 - 45  MPH;2014;Dark - Roadway Not Lighted;40-49
35.5932610842, -77.3415422052;"{""type"": ""Point"", ""coordinates"": [-77.34154220516399, 35.59326108423378]}";White;Greenville;Sidewalk / Crosswalk / Driveway Crossing;2;16;Urban (>70% Developed);Male;Sport Utility;0;No;0;0;White;No;1;50-59;Crossing Paths - Intersection - Other / Unknown;None;No;#NULL!;Dry;0;Urban;No;24FEB2014;0;16:11;Female;#NULL!;Residential;C: Possible Injury;Yes;O: No Injury;36;February;0;Unknown;Coastal;Facing Traffic;No Control Present;Monday;Intersection;51;1;Unknown;Unknown;0;No;KINGSTON CI;Unknown;GOLDEN RD;No Special Feature;Crossing Paths - Other Circumstances;Unknown;C: Possible Injury;Pitt;23;Clear;KINGSTON CI;0-5 mph;Unknown;2014;Dark - Lighted Roadway;20-24
35.604627084, -77.4275822313;"{""type"": ""Point"", ""coordinates"": [-77.42758223126214, 35.60462708399487]}";Black;Greenville;Travel Lane;2;17;Mixed (30% To 70% Developed);Female;Light Truck (Mini-Van, Panel);0;No;1;0;White;No;0;6-10;Play Vehicle-Related;None;No;#NULL!;Dry;0.076;Urban;No;14FEB2014;0;17:47;Female;#NULL!;Residential;B: Evident Injury;Yes;O: No Injury;28;February;0;Straight - Level;Coastal;Not Applicable;No Control Present;Friday;Non-Intersection;6;1;Two-Way, Not Divided;2 lanes;0;No;EASTRIDGE CT;Coarse Asphalt;#NULL!;Other;Other / Unusual Circumstances;Local Street;B: Evident Injury;Pitt;48;Clear;WESTPOINTE DR;0-5 mph;30 - 35  MPH;2014;Daylight;40-49
34.7416528776, -77.9692023529;"{""type"": ""Point"", ""coordinates"": [-77.9692023528917, 34.741652877562686]}";White;None - Rural Crash;Travel Lane;2;13;Mixed (30% To 70% Developed);Male;Van;0;Unknown;0;30000041;Hispanic;No;0;50-59;Motorist Overtaking - Other / Unknown;None;No;#NULL!;Wet;0.5;Rural;No;26FEB2014;0;13:35;Male;#NULL!;Commercial;K: Killed;Yes;O: No Injury;44;February;1;Straight - Level;Coastal;With Traffic;No Control Present;Wednesday;Non-Intersection;59;1;Two-Way, Not Divided;2 lanes;0;Unknown;NC 41;Coarse Asphalt;2025;No Special Feature;Motorist Overtaking Bicyclist;NC Route;K: Killed;Duplin;31;Rain;11;51-55 mph;50 - 55  MPH;2014;Daylight;30-39
35.9845230774, -79.899423001;"{""type"": ""Point"", ""coordinates"": [-79.89942300096932, 35.98452307740737]}";White;None - Rural Crash;Travel Lane;2;21;Urban (>70% Developed);Male;Pickup;0;No;0;40001462;White;No;1;16-19;Head-On - Bicyclist;None;No;#NULL!;Dry;0.048;Rural;No;21FEB2014;0;21:40;Male;#NULL!;Residential;C: Possible Injury;No;O: No Injury;32;February;0;Straight - Level;Piedmont;With Traffic;No Control Present;Friday;Non-Intersection;17;1;Two-Way, Not Divided;2 lanes;0;No;SR 1462;Smooth Asphalt;1383;No Special Feature;Head-On;State Secondary Route;C: Possible Injury;Guilford;70+;Clear;1463;16-20 mph;30 - 35  MPH;2014;Dark - Roadway Not Lighted;70+
35.2664750046, -77.5842822622;"{""type"": ""Point"", ""coordinates"": [-77.58428226216448, 35.266475004563716]}";Black;Kinston;Travel Lane;2;18;Mixed (30% To 70% Developed);Male;Passenger Car;0;No;0;50020279;Unknown/Missing;No;1;40-49;Motorist Drive Through - Sign-Controlled Intersection;None;No;#NULL!;Dry;0;Urban;Yes;25APR2014;0;18:38;Unknown;#NULL!;Residential;C: Possible Injury;Yes;Unknown Injury;153;April;0;Straight - Level;Coastal;Facing Traffic;Stop Sign;Friday;Intersection;47;1;Two-Way, Not Divided;2 lanes;0;Missing;MITCHELL ST;Coarse Asphalt;COLLEGE ST;No Special Feature;Motorist Failed to Yield - Sign-Controlled Intersection;Local Street;C: Possible Injury;Lenoir;Unknown;Clear;W WASHINGTON AVE;11-15 mph;30 - 35  MPH;2014;Daylight;Unknown
35.2301818872, -80.7285832083;"{""type"": ""Point"", ""coordinates"": [-80.72858320831513, 35.23018188720306]}";Black;Charlotte;Sidewalk / Crosswalk / Driveway Crossing;2;13;Urban (>70% Developed);Male;Van;0;No;1;30000024;White;No;0;30-39;Motorist Drive Out - Residential Driveway;None;No;#NULL!;Dry;0.076;Urban;No;10APR2014;0;13:40;Male;#NULL!;Commercial;B: Evident Injury;Yes;O: No Injury;134;April;0;Straight - Grade;Piedmont;Facing Traffic;Stop Sign;Thursday;Non-Intersection;33;1;Two-Way, Not Divided;Unknown;0;No;PVA E WT HARRIS BLVD;Coarse Asphalt;WINDSOR GATE LANE;Driveway, Public;Motorist Failed to Yield - Midblock;Public Vehicular Area;B: Evident Injury;Mecklenburg;42;Clear;TANTILLA CIRCLE;0-5 mph;20 - 25  MPH;2014;Daylight;40-49
35.6853570553, -78.752372638;"{""type"": ""Point"", ""coordinates"": [-78.75237263803005, 35.685357055339686]}";White;None - Rural Crash;Travel Lane;2;8;Rural (<30% Developed);Male;Passenger Car;0;No;0;40001010;White;No;0;50-59;Motorist Overtaking - Other / Unknown;None;No;#NULL!;Dry;0.16;Rural;No;12APR2014;0;8:24;Male;#NULL!;Farms, Woods, Pastures;A: Disabling Injury;Yes;O: No Injury;148;April;0;Straight - Level;Piedmont;With Traffic;Double Yellow Line, No Passing Zone;Saturday;Non-Intersection;52;1;Two-Way, Not Divided;2 lanes;1;Yes-Drugs, impairment suspected;SR 1010;Coarse Asphalt;1387;No Special Feature;Motorist Overtaking Bicyclist;State Secondary Route;A: Disabling Injury;Wake;32;Clear;1557;41-45 mph;40 - 45  MPH;2014;Daylight;30-39
36.4486732563, -77.6615773474;"{""type"": ""Point"", ""coordinates"": [-77.6615773473591, 36.44867325629868]}";Black;Roanoke Rapids;Bike Lane / Paved Shoulder;2;11;Urban (>70% Developed);Male;Sport Utility;1;No;0;40001453;White;No;0;11-15;Motorist Drive Out - Sign-Controlled Intersection;None;No;#NULL!;Dry;0;Urban;No;06MAY2014;0;11:50;Female;#NULL!;Commercial;O: No Injury;Yes;O: No Injury;173;May;0;Straight - Hillcrest;Coastal;Facing Traffic;Stop Sign;Tuesday;Intersection;15;1;Two-Way, Not Divided;3 lanes;0;No;HINSON ST;Smooth Asphalt;JULIAN ALLSBROOK HWY;T-Intersection;Motorist Failed to Yield - Sign-Controlled Intersection;Local Street;O: No Injury;Halifax;33;Clear;48;0-5 mph;30 - 35  MPH;2014;Daylight;30-39
34.6373128198, -78.9984126582;"{""type"": ""Point"", ""coordinates"": [-78.99841265822626, 34.637312819779126]}";Native American;Lumberton;Travel Lane;2;11;Urban (>70% Developed);Male;Passenger Car;0;No;1;30000211;White;No;0;50-59;Motorist Drive Out - Commercial Driveway / Alley;None;No;#NULL!;Dry;0.095;Urban;No;05APR2014;0;11:38;Female;#NULL!;Commercial;B: Evident Injury;No;O: No Injury;137;April;0;Straight - Level;Coastal;Facing Traffic;Stop Sign;Saturday;Non-Intersection;59;1;Two-Way, Not Divided;5 lanes;0;No;NC 211;Coarse Asphalt;ALEXANDER ST;Driveway, Public;Motorist Failed to Yield - Midblock;NC Route;B: Evident Injury;Robeson;35;Clear;BOOMERANG DR;6-10 mph;40 - 45  MPH;2014;Daylight;30-39
35.3505669311, -80.222827063;"{""type"": ""Point"", ""coordinates"": [-80.22282706304189, 35.350566931137955]}";White;Albemarle;Travel Lane;2;16;Urban (>70% Developed);Male;Truck/Trailer;0;No;1;0;White;No;0;50-59;Bicyclist Overtaking - Parked Vehicle;None;No;#NULL!;Dry;0.057;Urban;No;03APR2014;0;16:22;Male;#NULL!;Commercial;B: Evident Injury;Yes;O: No Injury;169;April;0;Straight - Level;Piedmont;With Traffic;No Control Present;Thursday;Non-Intersection;58;1;Two-Way, Not Divided;2 lanes;0;No;KINGSLEY DR;Coarse Asphalt;GARFIELD AVE;No Special Feature;Bicyclist Overtaking Motorist;Local Street;B: Evident Injury;Stanly;56;Clear;POPLINS GROVE CHURCH;Unknown;30 - 35  MPH;2014;Daylight;50-59
36.0272170693, -80.3753531467;"{""type"": ""Point"", ""coordinates"": [-80.37535314666115, 36.027217069291325]}";White;Clemmons;Travel Lane;2;20;Urban (>70% Developed);Male;Pickup;1;No;0;50028971;Black;No;0;40-49;Motorist Overtaking - Undetected Bicyclist;None;No;#NULL!;Dry;0.03;Urban;No;10APR2014;0;20:36;Male;#NULL!;Residential;O: No Injury;No;O: No Injury;161;April;0;Curve - Level;Piedmont;With Traffic;No Control Present;Thursday;Non-Intersection;42;1;Two-Way, Not Divided;2 lanes;0;No;STADIUM DR;Smooth Asphalt;RIDGECREST RD;No Special Feature;Motorist Overtaking Bicyclist;Local Street;O: No Injury;Forsyth;67;Clear;BREWER AVE;31-35 mph;30 - 35  MPH;2014;Dark - Lighted Roadway;60-69
35.606262085, -77.3951972218;"{""type"": ""Point"", ""coordinates"": [-77.39519722179256, 35.60626208503959]}";Black;Greenville;Non-Roadway;2;15;Urban (>70% Developed);Male;Unknown;0;No;0;0;Unknown/Missing;No;1;40-49;Non-Roadway;None;No;#NULL!;Dry;0.004;Urban;Yes;04APR2014;0;15:48;Unknown;#NULL!;Commercial;C: Possible Injury;Yes;Unknown Injury;123;April;0;Straight - Level;Coastal;Not Applicable;No Control Present;Friday;Non-Roadway;44;1;Two-Way, Not Divided;Unknown;0;Missing;PVA 715 S MEMORIAL DR;Smooth Asphalt;#NULL!;No Special Feature;Non-Roadway;Public Vehicular Area;C: Possible Injury;Pitt;Unknown;Clear;13;0-5 mph;Unknown;2014;Daylight;Unknown
35.6025868965, -82.564503774;"{""type"": ""Point"", ""coordinates"": [-82.56450377395477, 35.60258689647573]}";White;Asheville;Travel Lane;2;16;Urban (>70% Developed);Male;Passenger Car;0;No;0;50020416;White;No;1;30-39;Bicyclist Left Turn - Same Direction;None;No;#NULL!;Dry;0;Urban;No;11APR2014;0;16:10;Female;#NULL!;Residential;C: Possible Injury;No;O: No Injury;160;April;0;Straight - Level;Mountains;With Traffic;No Control Present;Friday;Intersection;38;1;Two-Way, Divided, Unprotected Median;2 lanes;0;No;.;Smooth Asphalt;.;No Special Feature;Bicyclist Left Turn / Merge;Local Street;C: Possible Injury;Buncombe;24;Clear;.;26-30 mph;30 - 35  MPH;2014;Daylight;20-24
35.7745550782, -78.6404976086;"{""type"": ""Point"", ""coordinates"": [-78.64049760861815, 35.77455507824005]}";Black;Raleigh;Sidewalk / Crosswalk / Driveway Crossing;2;18;Urban (>70% Developed);Male;Unknown;0;No;0;0;Unknown/Missing;No;1;50-59;Motorist Drive Out - Commercial Driveway / Alley;None;No;#NULL!;Dry;0.014;Urban;Yes;24MAR2014;0;18:10;Unknown;#NULL!;Commercial;C: Possible Injury;Yes;Unknown Injury;112;March;0;Straight - Level;Piedmont;With Traffic;No Control Present;Monday;Non-Intersection;52;1;One-Way, Not Divided;Unknown;0;Missing;436 S SALISBURY ST;Coarse Asphalt;E LENIOR ST;Driveway, Public;Motorist Failed to Yield - Midblock;Public Vehicular Area;C: Possible Injury;Wake;Unknown;Clear;W CABARRUS ST;0-5 mph;30 - 35  MPH;2014;Daylight;Unknown
35.1994808763, -80.8413572399;"{""type"": ""Point"", ""coordinates"": [-80.841357239906, 35.19948087630612]}";White;Charlotte;Bike Lane / Paved Shoulder;2;17;Urban (>70% Developed);Male;Passenger Car;0;No;1;50009213;White;No;0;25-29;Motorist Right Turn - Same Direction;None;No;#NULL!;Dry;0.019;Urban;No;02APR2014;0;17:33;Female;#NULL!;Commercial;B: Evident Injury;No;O: No Injury;121;April;0;Straight - Grade;Piedmont;With Traffic;No Control Present;Wednesday;Non-Intersection;29;1;Two-Way, Divided, Positive Median Barrier;3 lanes;0;No;EAST BLVD;Smooth Asphalt;LOMBARDY CIRCLE;No Special Feature;Motorist Right Turn / Merge;Local Street;B: Evident Injury;Mecklenburg;45;Clear;CUMBERLAND AVENUE;6-10 mph;30 - 35  MPH;2014;Daylight;40-49
35.5948288956, -82.5525937696;"{""type"": ""Point"", ""coordinates"": [-82.55259376955524, 35.59482889556923]}";White;Asheville;Travel Lane;2;13;Urban (>70% Developed);Male;Passenger Car;0;No;0;50023561;White;No;1;25-29;Motorist Drive Out - Right Turn on Red;None;No;#NULL!;Dry;0;Urban;No;28FEB2014;0;13:48;Female;#NULL!;Commercial;C: Possible Injury;No;O: No Injury;92;February;0;Straight - Grade;Mountains;Facing Traffic;Stop And Go Signal;Friday;Intersection;25;1;One-Way, Not Divided;1 lane;0;No;PATTON AVE;Smooth Asphalt;COLLEGE ST;Four-Way Intersection;Motorist Failed to Yield - Signalized Intersection;US Route;C: Possible Injury;Buncombe;31;Clear;S LEXINGTON AVE;6-10 mph;20 - 25  MPH;2014;Daylight;30-39
35.559520029, -78.7333026263;"{""type"": ""Point"", ""coordinates"": [-78.73330262625362, 35.55952002904945]}";White;None - Rural Crash;Travel Lane;2;14;Rural (<30% Developed);Male;Passenger Car;0;No;1;40002754;White;No;0;40-49;Motorist Overtaking - Other / Unknown;None;No;#NULL!;Dry;0.1;Rural;No;01APR2014;0;14:00;Male;#NULL!;Farms, Woods, Pastures;B: Evident Injury;Yes;O: No Injury;106;April;0;Straight - Level;Piedmont;With Traffic;Double Yellow Line, No Passing Zone;Tuesday;Non-Intersection;40;1;Two-Way, Not Divided;2 lanes;0;No;SR 2754;Coarse Asphalt;2756;No Special Feature;Motorist Overtaking Bicyclist;State Secondary Route;B: Evident Injury;Wake;30;Clear;3790;41-45 mph;40 - 45  MPH;2014;Daylight;30-39
35.8182900983, -78.3287425165;"{""type"": ""Point"", ""coordinates"": [-78.32874251654479, 35.818290098315494]}";Black;Zebulon;Bike Lane / Paved Shoulder;2;18;Urban (>70% Developed);Male;Passenger Car;0;No;0;40002367;Black;No;1;25-29;Bicyclist Left Turn - Same Direction;None;No;#NULL!;Dry;0.2;Rural;No;26MAR2014;0;18:24;Female;#NULL!;Commercial;C: Possible Injury;Yes;O: No Injury;91;March;0;Straight - Hillcrest;Piedmont;With Traffic;No Control Present;Wednesday;Non-Intersection;29;1;Two-Way, Not Divided;2 lanes;0;No;PONY RD;Smooth Asphalt;97;No Special Feature;Bicyclist Left Turn / Merge;Local Street;C: Possible Injury;Wake;29;Clear;SHANNON DR;31-35 mph;30 - 35  MPH;2014;Daylight;25-29
35.7566750997, -77.9324223936;"{""type"": ""Point"", ""coordinates"": [-77.93242239362817, 35.7566750996585]}";White;Wilson;Bike Lane / Paved Shoulder;2;10;Urban (>70% Developed);Male;Passenger Car;1;No;0;30000058;White;No;0;20-24;Bicyclist Lost Control - Surface Conditions;Other;No;#NULL!;Dry;0;Urban;No;21MAR2014;0;10:45;Female;#NULL!;Commercial;O: No Injury;No;O: No Injury;117;March;0;Straight - Level;Coastal;Facing Traffic;No Control Present;Friday;Non-Intersection;21;1;Two-Way, Not Divided;5 lanes;0;No;NASH ST;Coarse Asphalt;CEDAR RUN PL;No Special Feature;Loss of Control / Turning Error;Local Street;O: No Injury;Wilson;70+;Clear;DAISY LN;31-35 mph;30 - 35  MPH;2014;Daylight;70+
35.4767790546, -77.4538922335;"{""type"": ""Point"", ""coordinates"": [-77.45389223354104, 35.476779054641014]}";White;Ayden;Travel Lane;2;18;Mixed (30% To 70% Developed);Male;Passenger Car;0;No;0;30000102;White;No;1;40-49;Bicyclist Left Turn - Same Direction;None;No;#NULL!;Dry;0;Rural;No;26FEB2014;0;18:11;Female;#NULL!;Residential;C: Possible Injury;No;O: No Injury;76;February;0;Straight - Level;Coastal;With Traffic;No Control Present;Wednesday;Intersection;40;1;Two-Way, Not Divided;2 lanes;0;No;NC 102;Smooth Asphalt;OLD SNOWHILL RD;No Special Feature;Bicyclist Left Turn / Merge;NC Route;C: Possible Injury;Pitt;44;Clear;PLEASANT PLAIN RD;46-50 mph;50 - 55  MPH;2014;Dusk;40-49
35.1832468741, -80.8066932289;"{""type"": ""Point"", ""coordinates"": [-80.80669322891562, 35.18324687411397]}";Black;Charlotte;Travel Lane;2;8;Urban (>70% Developed);Male;Van;0;No;0;50025330;Black;No;1;50-59;Motorist Left Turn - Opposite Direction;None;No;#NULL!;Dry;0;Urban;No;03APR2014;0;8:16;Male;#NULL!;Commercial;C: Possible Injury;Yes;O: No Injury;114;April;0;Straight - Level;Piedmont;With Traffic;No Control Present;Thursday;Intersection;57;1;Two-Way, Not Divided;6 lanes;0;No;RANDOLPH RD;Smooth Asphalt;WENDOVER RD;Four-Way Intersection;Motorist Left Turn / Merge;Local Street;C: Possible Injury;Mecklenburg;38;Clear;CODDINGTON PL;Unknown;30 - 35  MPH;2014;Daylight;30-39
35.7977750841, -78.623552605;"{""type"": ""Point"", ""coordinates"": [-78.623552605049, 35.797775084110334]}";Black;Raleigh;Non-Roadway;2;19;Urban (>70% Developed);Male;Passenger Car;0;No;0;0;White;No;1;6-10;Non-Roadway;None;No;#NULL!;Dry;0.028;Urban;No;20MAR2014;0;19:26;Male;#NULL!;Residential;C: Possible Injury;Yes;O: No Injury;111;March;0;Straight - Level;Piedmont;Not Applicable;No Control Present;Thursday;Non-Roadway;7;1;Two-Way, Not Divided;Unknown;0;No;PVA 1414 BROOKSIDE DR;Smooth Asphalt;EDMUND ST;No Special Feature;Non-Roadway;Public Vehicular Area;C: Possible Injury;Wake;37;Clear;VALE ST;11-15 mph;5 - 15 MPH;2014;Daylight;30-39
34.7507168975, -77.4136021852;"{""type"": ""Point"", ""coordinates"": [-77.41360218520582, 34.750716897468]}";White;Jacksonville;Travel Lane;2;16;Urban (>70% Developed);Male;Passenger Car;0;No;0;0;Black;No;1;6-10;Head-On - Bicyclist;None;No;#NULL!;Dry;0.009;Urban;No;11MAR2014;0;16:20;Female;#NULL!;Commercial;C: Possible Injury;No;O: No Injury;105;March;0;Straight - Level;Coastal;Facing Traffic;No Control Present;Tuesday;Non-Intersection;6;1;Two-Way, Not Divided;2 lanes;0;No;RICHARDS DR;Coarse Asphalt;24;No Special Feature;Head-On;Local Street;C: Possible Injury;Onslow;50;Clear;HARGETT ST;6-10 mph;30 - 35  MPH;2014;Daylight;50-59
34.1916307569, -77.9359223164;"{""type"": ""Point"", ""coordinates"": [-77.9359223164126, 34.19163075690036]}";White;Wilmington;Travel Lane;2;16;Urban (>70% Developed);Male;Sport Utility;0;No;1;20000117;White;No;0;11-15;Bicyclist Lost Control - Mechanical Problems;None;No;#NULL!;Dry;0;Urban;No;29APR2014;0;16:38;Male;#NULL!;Residential;B: Evident Injury;No;O: No Injury;193;April;0;Straight - Level;Coastal;Unknown;No Control Present;Tuesday;Intersection;12;1;Two-Way, Divided, Positive Median Barrier;4 lanes;0;No;SHIPYARD BLVD;Coarse Asphalt;VANCE ST;No Special Feature;Loss of Control / Turning Error;Local Street;B: Evident Injury;New Hanover;48;Cloudy;RUTLEDGE DR;36-40 mph;40 - 45  MPH;2014;Daylight;40-49
35.181306876, -80.7472182111;"{""type"": ""Point"", ""coordinates"": [-80.74721821113573, 35.181306875972034]}";Black;Charlotte;Travel Lane;2;20;Urban (>70% Developed);Male;Sport Utility;0;No;1;0;Asian;No;0;11-15;Bicyclist Ride Through - Sign-Controlled Intersection;None;No;#NULL!;Dry;0;Urban;No;26APR2014;0;20:44;Male;#NULL!;Residential;B: Evident Injury;No;O: No Injury;182;April;0;Straight - Level;Piedmont;With Traffic;Stop Sign;Saturday;Intersection;14;1;Two-Way, Not Divided;2 lanes;0;No;CITY VIEW DR;Smooth Asphalt;BRIGHTON BROOK DR;No Special Feature;Bicyclist Failed to Yield - Sign-Controlled Intersection;Local Street;B: Evident Injury;Mecklenburg;46;Clear;DION AV;6-10 mph;30 - 35  MPH;2014;Dusk;40-49
35.6430470372, -79.0051067126;"{""type"": ""Point"", ""coordinates"": [-79.00510671264855, 35.643047037228904]}";White;None - Rural Crash;Travel Lane;2;11;Rural (<30% Developed);Male;Sport Utility;0;No;1;40001912;White;No;0;30-39;Motorist Drive Out - Sign-Controlled Intersection;None;No;#NULL!;Dry;0;Rural;No;24MAY2014;0;11:48;Male;#NULL!;Farms, Woods, Pastures;B: Evident Injury;Yes;O: No Injury;211;May;0;Straight - Level;Piedmont;With Traffic;Stop Sign;Saturday;Intersection;35;1;Two-Way, Not Divided;2 lanes;0;No;SR 1912;Smooth Asphalt;1;Four-Way Intersection;Motorist Failed to Yield - Sign-Controlled Intersection;State Secondary Route;B: Evident Injury;Chatham;52;Clear;1011;0-5 mph;50 - 55  MPH;2014;Daylight;50-59
35.9230301392, -77.8224823686;"{""type"": ""Point"", ""coordinates"": [-77.8224823686401, 35.9230301392322]}";Black;Rocky Mount;Travel Lane;2;17;Urban (>70% Developed);Female;Passenger Car;0;No;0;30000097;Black;No;1;6-10;Bicyclist Ride Out - Midblock - Unknown;None;No;#NULL!;Dry;0.019;Urban;No;06MAY2014;0;17:44;Female;#NULL!;Residential;C: Possible Injury;Yes;O: No Injury;174;May;0;Straight - Level;Coastal;Not Applicable;No Control Present;Tuesday;Non-Intersection;10;1;Two-Way, Not Divided;4 lanes;0;No;W RALEIGH BLVD;Grooved Concrete;RAVENWOOD DR;No Special Feature;Bicyclist Failed to Yield - Midblock;Local Street;C: Possible Injury;Nash;50;Clear;STARLING WAY;31-35 mph;40 - 45  MPH;2014;Daylight;50-59
36.0889121045, -79.7747929695;"{""type"": ""Point"", ""coordinates"": [-79.77479296952654, 36.08891210451563]}";Black;Greensboro;Non-Roadway;2;9;Urban (>70% Developed);Male;Passenger Car;0;No;0;0;Black;No;1;25-29;Bicyclist Ride Out - Commercial Driveway / Alley;None;No;#NULL!;Dry;0.027;Urban;No;31MAY2014;0;9:53;Female;#NULL!;Commercial;C: Possible Injury;Yes;O: No Injury;215;May;0;Straight - Level;Piedmont;Not Applicable;No Control Present;Saturday;Non-Intersection;26;1;Two-Way, Not Divided;2 lanes;0;No;THIRD ST;Smooth Asphalt;WALNUT ST;Driveway, Public;Bicyclist Failed to Yield - Midblock;Local Street;C: Possible Injury;Guilford;16;Clear;SUMMIT AV;6-10 mph;30 - 35  MPH;2014;Daylight;0-19
35.9969371167, -78.9017127001;"{""type"": ""Point"", ""coordinates"": [-78.90171270013654, 35.99693711667537]}";White;Durham;Travel Lane;2;17;Urban (>70% Developed);Male;Passenger Car;1;No;0;50005632;Black;No;0;30-39;Motorist Left Turn - Opposite Direction;None;No;#NULL!;Dry;0;Urban;No;21MAY2014;0;17:00;Female;#NULL!;Commercial;O: No Injury;No;O: No Injury;198;May;0;Straight - Level;Piedmont;With Traffic;Stop And Go Signal;Wednesday;Intersection;37;1;Two-Way, Not Divided;2 lanes;0;No;EAST CHAPEL HILL ST;Smooth Asphalt;RIGSBEE ST;Four-Way Intersection;Motorist Left Turn / Merge;Local Street;O: No Injury;Durham;26;Clear;CORCORAN ST;11-15 mph;20 - 25  MPH;2014;Daylight;25-29