Geo Point;Geo Shape;BikeRace;City;BikePos;NumUnits;CrashHour;Locality;BikeSex;DrvrVehTyp;NumBikesNo;BikeAlcDrg;NumBikesBI;RteInvdCd;DrvrRace;Workzone;NumBikesCi;BikeAgeGrp;CrashType;RdDefects;CrashAlcoh;BikeAlcoho;RdConditio;DstncMiFrm;RuralUrban;HitRun;CrashDate;NumBikesUI;CrashTime;DrvrSex;DrvrAlcoho;Developmen;CrashSevr;AmbulanceR;DrvrInjury;OBJECTID;CrashMonth;NumBikesKi;RdCharacte;Region;BikeDir;TraffCntrl;CrashDay;CrashLoc;BikeAge;NumBikesTo;RdConfig;NumLanes;NumBikesAI;DrvrAlcDrg;OnRoad;RdSurface;Towrd_Rd;RdFeature;CrashGrp;RdClass;BikeInjury;County;DrvrAge;Weather;FrmRd;DrvrEstSpd;SpeedLimit;CrashYear;LightCond;DrvrAgeGrp
35.3303219816, -78.6771025972;"{""type"": ""Point"", ""coordinates"": [-78.6771025971727, 35.33032198163696]}";Black;Erwin;Non-Roadway;2;15;Urban (>70% Developed);Male;Police;0;No;1;0;White;No;0;30-39;Non-Roadway;None;No;#NULL!;Dry;0.004;Rural;No;15MAY2014;0;15:56;Male;#NULL!;Commercial;B: Evident Injury;Yes;O: No Injury;205;May;0;Straight - Level;Coastal;Not Applicable;No Control Present;Thursday;Non-Roadway;32;1;Two-Way, Not Divided;Unknown;0;No;PVA ERWIN MILLS LOT;Coarse Asphalt;#NULL!;Driveway, Public;Non-Roadway;Public Vehicular Area;B: Evident Injury;Harnett;48;Cloudy;J STREET;0-5 mph;Unknown;2014;Daylight;40-49
35.5918270815, -77.398102222;"{""type"": ""Point"", ""coordinates"": [-77.39810222201707, 35.59182708149307]}";Black;Greenville;Sidewalk / Crosswalk / Driveway Crossing;2;21;Urban (>70% Developed);Male;Unknown;0;#NULL!;0;0;Unknown/Missing;No;0;6-10;Motorist Drive Out - Sign-Controlled Intersection;None;No;No;Dry;0;Urban;Yes;28JUL2013;0;21:05;Unknown;Missing;Residential;C: Possible Injury;Yes;Unknown Injury;1304;July;0;Straight - Level;Coastal;Facing Traffic;Stop Sign;Sunday;Intersection-Related;10;0;Two-Way, Not Divided;2 lanes;0;#NULL!;PVA MERIDIAN DRIVE;Coarse Asphalt;#NULL!;Driveway, Public;Motorist Failed to Yield - Sign-Controlled Intersection;Public Vehicular Area;C: Possible Injury;Pitt;Unknown;Clear;#NULL!;0-5 mph;5 - 15 MPH;2013;Dusk;Unknown
35.3146668404, -82.4573037251;"{""type"": ""Point"", ""coordinates"": [-82.45730372508467, 35.314666840365064]}";White;Hendersonville;Sidewalk / Crosswalk / Driveway Crossing;2;11;Urban (>70% Developed);Male;Sport Utility;0;#NULL!;0;0;White;No;0;25-29;Motorist Right Turn on Red - Same Direction;None;No;No;Dry;0;Urban;No;05AUG2013;0;11:01;Female;No;Commercial;O: No Injury;No;O: No Injury;1314;August;0;Straight - Level;Mountains;With Traffic;Stop And Go Signal;Monday;Intersection;27;0;Two-Way, Not Divided;2 lanes;0;#NULL!;SOUTH GROVE ST;Smooth Asphalt;#NULL!;No Special Feature;Motorist Right Turn / Merge;Local Street;O: No Injury;Henderson;29;Clear;#NULL!;0-5 mph;20 - 25  MPH;2013;Daylight;25-29
35.5912068949, -82.552703769;"{""type"": ""Point"", ""coordinates"": [-82.55270376896758, 35.591206894925136]}";White;Asheville;Travel Lane;3;13;Urban (>70% Developed);Female;Passenger Car;0;#NULL!;0;0;White;No;0;16-19;Bicyclist Lost Control - Mechanical Problems;None;No;No;Dry;0;Urban;No;07JUL2013;0;13:17;Male;No;Commercial;B: Evident Injury;Yes;O: No Injury;1305;July;0;Straight - Grade;Mountains;Facing Traffic;Stop And Go Signal;Sunday;Intersection;19;0;Two-Way, Not Divided;2 lanes;0;#NULL!;HILLARD AVE;Coarse Asphalt;#NULL!;Four-Way Intersection;Loss of Control / Turning Error;Local Street;B: Evident Injury;Buncombe;62;Cloudy;#NULL!;11-15 mph;20 - 25  MPH;2013;Daylight;60-69
34.9742068582, -80.0054029776;"{""type"": ""Point"", ""coordinates"": [-80.00540297761083, 34.97420685821803]}";Black;Lilesville;Travel Lane;2;19;Urban (>70% Developed);Male;Passenger Car;0;#NULL!;0;0;Black;No;0;6-10;Motorist Overtaking - Undetected Bicyclist;None;No;No;Dry;0;Rural;No;19JUL2013;0;19:51;Male;No;Residential;C: Possible Injury;Yes;O: No Injury;1311;July;0;Curve - Level;Piedmont;With Traffic;Double Yellow Line, No Passing Zone;Friday;Non-Intersection;7;0;Two-Way, Not Divided;2 lanes;0;#NULL!;SR 1730;Coarse Asphalt;#NULL!;No Special Feature;Motorist Overtaking Bicyclist;State Secondary Route;C: Possible Injury;Anson;59;Clear;#NULL!;26-30 mph;30 - 35  MPH;2013;Dusk;50-59
35.9467670668, -79.9798030226;"{""type"": ""Point"", ""coordinates"": [-79.97980302263154, 35.946767066842334]}";Black;High Point;Travel Lane;2;10;Urban (>70% Developed);Male;Passenger Car;0;#NULL!;0;0;White;No;0;20-24;Motorist Turning Error - Right Turn;None;No;No;Dry;0;Urban;No;12JUL2013;0;10:15;Female;No;Residential;C: Possible Injury;Yes;O: No Injury;1337;July;0;Straight - Level;Piedmont;Facing Traffic;Stop And Go Signal;Friday;Intersection;24;0;Two-Way, Not Divided;3 lanes;0;#NULL!;NATHAN HUNT DR;Smooth Asphalt;#NULL!;Four-Way Intersection;Loss of Control / Turning Error;Local Street;C: Possible Injury;Guilford;50;Cloudy;#NULL!;0-5 mph;30 - 35  MPH;2013;Daylight;50-59
35.9706672224, -75.6316016987;"{""type"": ""Point"", ""coordinates"": [-75.63160169874762, 35.97066722236689]}";White;Nags Head;Sidewalk / Crosswalk / Driveway Crossing;2;17;Urban (>70% Developed);Male;Sport Utility;0;#NULL!;0;0;White;No;0;0-5;Play Vehicle-Related;None;No;No;Dry;0;Rural;No;18JUL2013;0;17:22;Female;No;Residential;C: Possible Injury;Yes;O: No Injury;1347;July;0;Straight - Level;Coastal;Facing Traffic;No Control Present;Thursday;Intersection;4;0;Two-Way, Not Divided;2 lanes;0;#NULL!;NC 12;Smooth Asphalt;#NULL!;T-Intersection;Other / Unusual Circumstances;US Route;C: Possible Injury;Dare;61;Clear;#NULL!;31-35 mph;30 - 35  MPH;2013;Daylight;60-69
34.9034768173, -80.7215031885;"{""type"": ""Point"", ""coordinates"": [-80.72150318853627, 34.90347681726437]}";White;None - Rural Crash;Travel Lane;2;10;Rural (<30% Developed);Female;Pickup;0;#NULL!;0;0;White;No;0;40-49;Motorist Turning Error - Left Turn;None;No;No;Dry;0;Rural;No;07AUG2013;0;10:22;Male;No;Farms, Woods, Pastures;O: No Injury;No;O: No Injury;1328;August;0;Straight - Level;Piedmont;Facing Traffic;Stop Sign;Wednesday;Intersection;47;0;Two-Way, Not Divided;2 lanes;0;#NULL!;SR 1117;Smooth Asphalt;#NULL!;T-Intersection;Loss of Control / Turning Error;State Secondary Route;O: No Injury;Union;70+;Cloudy;#NULL!;11-15 mph;50 - 55  MPH;2013;Daylight;70+
36.0252570685, -80.3708031452;"{""type"": ""Point"", ""coordinates"": [-80.3708031451838, 36.025257068533215]}";Hispanic;Clemmons;Travel Lane;2;16;Urban (>70% Developed);Male;Pickup;0;#NULL!;0;0;White;No;0;30-39;Motorist Turning Error - Right Turn;None;No;No;Dry;0;Urban;No;11JUL2013;0;16:34;Male;No;Commercial;B: Evident Injury;Yes;O: No Injury;1324;July;0;Straight - Grade;Piedmont;Facing Traffic;Stop Sign;Thursday;Intersection;34;0;Two-Way, Not Divided;4 lanes;0;#NULL!;CLEMMONS RD;Smooth Asphalt;#NULL!;T-Intersection;Loss of Control / Turning Error;Local Street;B: Evident Injury;Forsyth;40;Cloudy;#NULL!;6-10 mph;30 - 35  MPH;2013;Daylight;40-49
35.090366852, -80.8627032405;"{""type"": ""Point"", ""coordinates"": [-80.86270324048277, 35.09036685202049]}";Hispanic;Pineville;Non-Roadway;3;16;Urban (>70% Developed);Female;Passenger Car;0;#NULL!;0;0;White;No;0;50-59;Non-Roadway;None;No;No;Dry;0;Rural;No;16JUN2013;0;16:32;Male;No;Residential;A: Disabling Injury;No;O: No Injury;1319;June;0;Straight - Grade;Piedmont;Not Applicable;No Control Present;Sunday;Non-Roadway;50;0;Two-Way, Not Divided;2 lanes;0;#NULL!;PVA CAMDEN HABERSHAM APT;Smooth Asphalt;#NULL!;No Special Feature;Non-Roadway;Public Vehicular Area;A: Disabling Injury;Mecklenburg;22;Clear;#NULL!;0-5 mph;Unknown;2013;Daylight;20-24
35.2326968639, -81.3697033992;"{""type"": ""Point"", ""coordinates"": [-81.36970339915692, 35.23269686385866]}";White;Kings Mountain;Sidewalk / Crosswalk / Driveway Crossing;2;15;Urban (>70% Developed);Male;Passenger Car;0;#NULL!;0;0;White;No;0;11-15;Motorist Drive Out - Other Midblock;None;No;No;Dry;0;Urban;No;12SEP2013;0;15:40;Male;No;Residential;C: Possible Injury;Yes;O: No Injury;1451;September;0;Straight - Hillcrest;Mountains;Facing Traffic;No Control Present;Thursday;Non-Intersection;13;0;Two-Way, Divided, Unprotected Median;2 lanes;0;#NULL!;PHIFER ROAD;Smooth Asphalt;#NULL!;No Special Feature;Motorist Failed to Yield - Midblock;Local Street;C: Possible Injury;Cleveland;17;Clear;#NULL!;11-15 mph;30 - 35  MPH;2013;Daylight;0-19
35.5850170813, -77.3712022129;"{""type"": ""Point"", ""coordinates"": [-77.3712022128526, 35.58501708126783]}";White;Greenville;Sidewalk / Crosswalk / Driveway Crossing;2;15;Urban (>70% Developed);Male;Passenger Car;0;#NULL!;0;0;White;No;0;50-59;Motorist Drive Out - Commercial Driveway / Alley;None;No;No;Dry;0;Urban;No;20AUG2013;0;15:46;Female;No;Commercial;O: No Injury;Yes;O: No Injury;1441;August;0;Straight - Level;Coastal;Facing Traffic;No Control Present;Tuesday;Non-Intersection;52;0;Two-Way, Not Divided;Unknown;0;#NULL!;PVA 609 SE GREENVILLE BLV;Smooth Asphalt;#NULL!;Driveway, Public;Motorist Failed to Yield - Midblock;Public Vehicular Area;O: No Injury;Pitt;41;Clear;#NULL!;0-5 mph;5 - 15 MPH;2013;Daylight;40-49
35.193137004, -77.1320021212;"{""type"": ""Point"", ""coordinates"": [-77.13200212117309, 35.19313700401373]}";White;None - Rural Crash;Travel Lane;2;9;Rural (<30% Developed);Female;Single Unit Truck (2-Axle, 6-Tire);0;#NULL!;0;0;White;No;0;60-69;Bicyclist Left Turn - Same Direction;None;No;No;Dry;0;Rural;No;07SEP2013;0;9:39;Male;No;Farms, Woods, Pastures;K: Killed;Yes;O: No Injury;1449;September;0;Straight - Level;Coastal;With Traffic;Double Yellow Line, No Passing Zone;Saturday;Intersection-Related;69;0;Two-Way, Not Divided;3 lanes;0;#NULL!;NC 43;Smooth Asphalt;#NULL!;No Special Feature;Bicyclist Left Turn / Merge;NC Route;K: Killed;Craven;64;Clear;#NULL!;51-55 mph;50 - 55  MPH;2013;Daylight;60-69
36.3176572785, -76.2175018973;"{""type"": ""Point"", ""coordinates"": [-76.21750189734699, 36.31765727852422]}";Black;Elizabeth City;Travel Lane;2;22;Urban (>70% Developed);Male;Passenger Car;0;#NULL!;0;0;Black;Yes;0;16-19;Motorist Overtaking - Other / Unknown;None;Yes;No;Dry;0;Urban;No;07AUG2013;0;22:00;Male;Yes;Residential;B: Evident Injury;Yes;O: No Injury;1443;August;0;Straight - Level;Coastal;With Traffic;Stop And Go Signal;Wednesday;Intersection;16;0;Two-Way, Not Divided;4 lanes;0;#NULL!;NORTH ROAD ST;Smooth Asphalt;#NULL!;Related To Intersection;Motorist Overtaking Bicyclist;Local Street;B: Evident Injury;Pasquotank;28;Clear;#NULL!;41-45 mph;40 - 45  MPH;2013;Dark - Lighted Roadway;25-29
35.6302169123, -82.3193037031;"{""type"": ""Point"", ""coordinates"": [-82.31930370305696, 35.63021691232431]}";White;Black Mountain;Travel Lane;2;17;Urban (>70% Developed);Male;Van;0;#NULL!;0;0;White;No;0;11-15;Bicyclist Ride Through - Sign-Controlled Intersection;None;No;No;Dry;0;Urban;No;12SEP2013;0;17:40;Female;No;Residential;C: Possible Injury;Yes;O: No Injury;1452;September;0;Straight - Level;Mountains;With Traffic;Stop Sign;Thursday;Intersection;13;0;Two-Way, Not Divided;1 lane;0;#NULL!;MONTREAT RD;Smooth Asphalt;#NULL!;No Special Feature;Bicyclist Failed to Yield - Sign-Controlled Intersection;Local Street;C: Possible Injury;Buncombe;21;Clear;#NULL!;0-5 mph;20 - 25  MPH;2013;Daylight;20-24
35.1733568734, -80.7697032167;"{""type"": ""Point"", ""coordinates"": [-80.76970321669937, 35.173356873412516]}";White;Charlotte;Travel Lane;2;6;Urban (>70% Developed);Male;Passenger Car;0;#NULL!;0;0;Hispanic;No;0;60-69;Motorist Overtaking - Undetected Bicyclist;None;No;No;Dry;0;Urban;No;14SEP2013;0;6:59;Female;No;Residential;B: Evident Injury;Yes;B: Evident Injury;1458;September;0;Straight - Level;Piedmont;With Traffic;No Control Present;Saturday;Non-Intersection;66;0;Two-Way, Divided, Unprotected Median;4 lanes;0;#NULL!;RAMA;Coarse Asphalt;#NULL!;No Special Feature;Motorist Overtaking Bicyclist;Local Street;B: Evident Injury;Mecklenburg;40;Clear;#NULL!;31-35 mph;30 - 35  MPH;2013;Dawn;40-49
35.604927084, -77.4110022261;"{""type"": ""Point"", ""coordinates"": [-77.41100222608532, 35.60492708403699]}";Black;Greenville;Travel Lane;2;12;Urban (>70% Developed);Female;Sport Utility;0;#NULL!;0;0;Other;No;0;20-24;Bicyclist Ride Out - Midblock - Unknown;None;No;No;Dry;0;Urban;No;07SEP2013;0;12:49;Female;No;Commercial;B: Evident Injury;Yes;O: No Injury;1442;September;0;Straight - Level;Coastal;Facing Traffic;No Control Present;Saturday;Non-Intersection;20;0;Two-Way, Not Divided;5 lanes;0;#NULL!;STANTONSBURG RD;Coarse Asphalt;#NULL!;No Special Feature;Bicyclist Failed to Yield - Midblock;Local Street;B: Evident Injury;Pitt;41;Clear;#NULL!;36-40 mph;40 - 45  MPH;2013;Daylight;40-49
36.0707770847, -80.1990030959;"{""type"": ""Point"", ""coordinates"": [-80.19900309589775, 36.070777084715424]}";Black;Winston-Salem;Sidewalk / Crosswalk / Driveway Crossing;2;17;Urban (>70% Developed);Male;Pickup;0;#NULL!;0;0;Hispanic;No;0;30-39;Motorist Turning Error - Right Turn;None;No;No;Dry;0;Urban;No;18AUG2013;0;17:31;Male;No;Residential;C: Possible Injury;No;O: No Injury;1454;August;0;Straight - Level;Piedmont;Facing Traffic;Stop Sign;Sunday;Intersection-Related;30;0;Two-Way, Not Divided;2 lanes;0;#NULL!;LEIGHT ST;Concrete;#NULL!;T-Intersection;Loss of Control / Turning Error;Local Street;C: Possible Injury;Forsyth;30;Clear;#NULL!;6-10 mph;30 - 35  MPH;2013;Daylight;30-39
35.0180169055, -78.9081026511;"{""type"": ""Point"", ""coordinates"": [-78.90810265106289, 35.0180169055422]}";Black;Fayetteville;Travel Lane;2;1;Urban (>70% Developed);Male;Motorcycle;0;#NULL!;0;0;White;No;0;40-49;Motorist Overtaking - Other / Unknown;None;Yes;No;Dry;0;Urban;No;27AUG2013;0;1:16;Male;Yes;Commercial;O: No Injury;No;O: No Injury;1463;August;0;Straight - Level;Coastal;With Traffic;No Control Present;Tuesday;Non-Intersection;45;0;Two-Way, Not Divided;5 lanes;0;#NULL!;OWEN DR;Smooth Asphalt;#NULL!;No Special Feature;Motorist Overtaking Bicyclist;Local Street;O: No Injury;Cumberland;47;Clear;#NULL!;6-10 mph;40 - 45  MPH;2013;Dark - Lighted Roadway;40-49
34.3097867846, -77.878102305;"{""type"": ""Point"", ""coordinates"": [-77.87810230498432, 34.309786784629615]}";White;None - Rural Crash;Non-Roadway;2;0;Urban (>70% Developed);Male;Passenger Car;0;#NULL!;0;0;White;No;0;30-39;Non-Roadway;None;No;No;Dry;0;Rural;No;14SEP2013;0;0:15;Female;No;Commercial;C: Possible Injury;No;O: No Injury;1460;September;0;Straight - Level;Coastal;Not Applicable;No Control Present;Saturday;Non-Roadway;35;0;Two-Way, Not Divided;2 lanes;0;#NULL!;PVA FOODLION;Coarse Asphalt;#NULL!;Driveway, Public;Non-Roadway;Public Vehicular Area;C: Possible Injury;New Hanover;49;Clear;#NULL!;0-5 mph;Unknown;2013;Dark - Roadway Not Lighted;40-49
35.8149570985, -78.3084025108;"{""type"": ""Point"", ""coordinates"": [-78.30840251076705, 35.814957098507264]}";Black;None - Rural Crash;Travel Lane;2;23;Rural (<30% Developed);Female;Sport Utility;0;#NULL!;0;0;Unknown/Missing;No;0;20-24;Motorist Overtaking - Other / Unknown;None;No;No;Dry;0;Rural;Yes;20SEP2013;0;23:12;Unknown;No;Residential;B: Evident Injury;Yes;Unknown Injury;1481;September;0;Straight - Hillcrest;Piedmont;With Traffic;Double Yellow Line, No Passing Zone;Friday;Intersection;20;0;Two-Way, Not Divided;2 lanes;0;#NULL!;NC 96;Coarse Asphalt;#NULL!;No Special Feature;Motorist Overtaking Bicyclist;NC Route;B: Evident Injury;Wake;Unknown;Clear;#NULL!;41-45 mph;40 - 45  MPH;2013;Dark - Roadway Not Lighted;Unknown
34.8027768471, -79.2448027416;"{""type"": ""Point"", ""coordinates"": [-79.24480274161155, 34.80277684707193]}";Native American;None - Rural Crash;Driveway / Alley;2;20;Rural (<30% Developed);Male;Passenger Car;0;#NULL!;0;0;Black;No;0;50-59;Bicyclist Ride Out - Residential Driveway;None;Yes;Yes;Dry;0;Rural;No;18SEP2013;0;20:03;Male;No;Farms, Woods, Pastures;O: No Injury;No;O: No Injury;1469;September;0;Straight - Level;Coastal;Not Applicable;No Control Present;Wednesday;Non-Intersection;54;0;Two-Way, Not Divided;2 lanes;0;#NULL!;NC 71;Coarse Asphalt;#NULL!;No Special Feature;Bicyclist Failed to Yield - Midblock;NC Route;O: No Injury;Robeson;70+;Clear;#NULL!;41-45 mph;50 - 55  MPH;2013;Dark - Roadway Not Lighted;70+
35.6662869897, -80.4602031518;"{""type"": ""Point"", ""coordinates"": [-80.46020315180125, 35.666286989671065]}";Black;Salisbury;Travel Lane;2;16;Urban (>70% Developed);Male;Sport Utility;0;#NULL!;0;0;White;No;0;50-59;Bicyclist Ride Through - Sign-Controlled Intersection;None;No;No;Dry;0;Urban;No;26SEP2013;0;16:26;Female;No;Residential;O: No Injury;No;O: No Injury;1497;September;0;Straight - Level;Piedmont;With Traffic;Stop Sign;Thursday;Intersection;57;0;Two-Way, Not Divided;2 lanes;0;#NULL!;E CEMETERY ST;Smooth Asphalt;#NULL!;Four-Way Intersection;Bicyclist Failed to Yield - Sign-Controlled Intersection;Local Street;Unknown Injury;Rowan;43;Clear;#NULL!;21-25 mph;30 - 35  MPH;2013;Daylight;40-49
36.2811972447, -76.9796021294;"{""type"": ""Point"", ""coordinates"": [-76.97960212935001, 36.281197244687824]}";Black;Ahoskie;Travel Lane;2;20;Rural (<30% Developed);Male;Passenger Car;0;#NULL!;0;0;Black;No;0;40-49;Parallel Paths - Other / Unknown;None;Yes;Yes;Dry;0;Rural;No;03AUG2013;0;20:39;Female;No;Residential;C: Possible Injury;Yes;O: No Injury;1471;August;0;Straight - Level;Coastal;With Traffic;No Control Present;Saturday;Intersection;40;0;Two-Way, Not Divided;3 lanes;0;#NULL!;CATHERINE CREEK RD;Coarse Asphalt;#NULL!;No Special Feature;Parallel Paths - Other Circumstances;Local Street;C: Possible Injury;Hertford;70+;Clear;#NULL!;31-35 mph;30 - 35  MPH;2013;Dark - Lighted Roadway;70+
35.2242868802, -80.8871032546;"{""type"": ""Point"", ""coordinates"": [-80.88710325463583, 35.22428688019832]}";Black;Charlotte;Sidewalk / Crosswalk / Driveway Crossing;2;19;Urban (>70% Developed);Male;Sport Utility;0;#NULL!;0;0;Black;No;0;40-49;Motorist Drive Out - Commercial Driveway / Alley;None;No;No;Dry;0;Urban;No;30SEP2013;0;19:42;Male;No;Commercial;C: Possible Injury;Yes;O: No Injury;1522;September;0;Straight - Level;Piedmont;Facing Traffic;No Control Present;Monday;Non-Intersection;42;0;Two-Way, Not Divided;2 lanes;0;#NULL!;PVA 2732 WILKINSON BV;Smooth Asphalt;#NULL!;No Special Feature;Motorist Failed to Yield - Midblock;Public Vehicular Area;C: Possible Injury;Mecklenburg;40;Clear;#NULL!;Unknown;40 - 45  MPH;2013;Dusk;40-49
34.7689869028, -77.3853021775;"{""type"": ""Point"", ""coordinates"": [-77.38530217751408, 34.76898690278798]}";Black;Jacksonville;Travel Lane;2;10;Urban (>70% Developed);Male;Passenger Car;0;#NULL!;0;0;White;No;0;50-59;Motorist Drive Out - Sign-Controlled Intersection;None;No;No;Dry;0;Urban;No;06SEP2013;0;10:30;Female;No;Commercial;C: Possible Injury;Yes;O: No Injury;1535;September;0;Straight - Level;Coastal;Facing Traffic;No Control Present;Friday;Intersection;53;0;Two-Way, Not Divided;7 lanes;0;#NULL!;NC 53;Smooth Asphalt;#NULL!;No Special Feature;Motorist Failed to Yield - Sign-Controlled Intersection;NC Route;C: Possible Injury;Onslow;20;Clear;#NULL!;0-5 mph;40 - 45  MPH;2013;Daylight;20-24
35.8114369843, -81.4337034509;"{""type"": ""Point"", ""coordinates"": [-81.43370345088124, 35.811436984343345]}";White;Granite Falls;Travel Lane;2;16;Urban (>70% Developed);Male;Passenger Car;0;#NULL!;0;0;White;No;0;11-15;Bicyclist Ride Out - Commercial Driveway / Alley;None;No;No;Dry;0;Rural;No;23AUG2013;0;16:23;Female;No;Commercial;B: Evident Injury;Yes;O: No Injury;1539;August;0;Straight - Level;Mountains;Not Applicable;No Control Present;Friday;Non-Intersection;14;0;Two-Way, Not Divided;2 lanes;0;#NULL!;PINEWOOD RD;Smooth Asphalt;#NULL!;No Special Feature;Bicyclist Failed to Yield - Midblock;Local Street;B: Evident Injury;Caldwell;51;Clear;#NULL!;16-20 mph;30 - 35  MPH;2013;Daylight;50-59
34.1567167506, -77.8939023026;"{""type"": ""Point"", ""coordinates"": [-77.8939023025999, 34.1567167506324]}";Black;None - Rural Crash;Travel Lane;2;20;Mixed (30% To 70% Developed);Female;Passenger Car;0;#NULL!;0;0;White;No;0;6-10;Bicyclist Overtaking - Parked Vehicle;None;No;No;Dry;0;Rural;No;29SEP2013;0;20:30;Female;No;Residential;C: Possible Injury;No;O: No Injury;1509;September;0;Straight - Level;Coastal;With Traffic;No Control Present;Sunday;Non-Intersection;9;0;Two-Way, Not Divided;2 lanes;0;#NULL!;SR 1565;Smooth Asphalt;#NULL!;No Special Feature;Bicyclist Overtaking Motorist;State Secondary Route;C: Possible Injury;New Hanover;61;Clear;#NULL!;0-5 mph;20 - 25  MPH;2013;Daylight;60-69
35.7755870786, -78.6383026084;"{""type"": ""Point"", ""coordinates"": [-78.63830260843598, 35.77558707856819]}";Black;Raleigh;Travel Lane;2;23;Urban (>70% Developed);Male;Other Bus;0;#NULL!;0;0;Black;No;0;30-39;Bicyclist Ride Through - Signalized Intersection;None;Yes;Yes;Dry;0;Urban;No;18SEP2013;0;23:03;Male;No;Commercial;K: Killed;No;O: No Injury;1533;September;0;Straight - Level;Piedmont;Facing Traffic;Stop And Go Signal;Wednesday;Intersection;37;0;One-Way, Not Divided;2 lanes;0;#NULL!;E DAVIE ST;Smooth Asphalt;#NULL!;Four-Way Intersection;Bicyclist Failed to Yield - Signalized Intersection;Local Street;K: Killed;Wake;52;Clear;#NULL!;11-15 mph;30 - 35  MPH;2013;Dark - Lighted Roadway;50-59
35.815547085, -78.7051026312;"{""type"": ""Point"", ""coordinates"": [-78.70510263123494, 35.81554708496273]}";White;Raleigh;Sidewalk / Crosswalk / Driveway Crossing;2;11;Urban (>70% Developed);Male;Van;0;#NULL!;0;0;White;No;0;30-39;Motorist Drive Out - Right Turn on Red;None;No;No;Dry;0;Urban;No;02NOV2013;0;11:55;Male;No;Residential;B: Evident Injury;Yes;O: No Injury;1599;November;0;Straight - Level;Piedmont;Facing Traffic;Stop And Go Signal;Saturday;Intersection;32;0;Two-Way, Divided, Unprotected Median;5 lanes;0;#NULL!;LAKE BOONE TRL;Coarse Asphalt;#NULL!;Four-Way Intersection;Motorist Failed to Yield - Signalized Intersection;Local Street;B: Evident Injury;Wake;49;Clear;#NULL!;0-5 mph;40 - 45  MPH;2013;Daylight;40-49
35.7677870752, -78.695602625;"{""type"": ""Point"", ""coordinates"": [-78.69560262499407, 35.76778707519216]}";White;Raleigh;Sidewalk / Crosswalk / Driveway Crossing;2;11;Urban (>70% Developed);Male;Passenger Car;0;#NULL!;0;0;Black;No;0;20-24;Motorist Drive Out - Sign-Controlled Intersection;None;No;No;Dry;0;Urban;No;18OCT2013;0;11:07;Female;No;Commercial;C: Possible Injury;No;O: No Injury;1577;October;0;Straight - Level;Piedmont;Facing Traffic;Stop Sign;Friday;Intersection;21;0;Two-Way, Not Divided;4 lanes;0;#NULL!;AVENT FERRY RD;Coarse Asphalt;#NULL!;No Special Feature;Motorist Failed to Yield - Sign-Controlled Intersection;Local Street;C: Possible Injury;Wake;50;Cloudy;#NULL!;0-5 mph;40 - 45  MPH;2013;Daylight;50-59
35.9898171147, -78.9243027071;"{""type"": ""Point"", ""coordinates"": [-78.92430270714114, 35.98981711472474]}";White;Durham;Travel Lane;2;13;Urban (>70% Developed);Male;Passenger Car;0;#NULL!;0;0;Black;No;0;50-59;Motorist Right Turn - Same Direction;None;No;No;Dry;0;Urban;No;20SEP2013;0;13:31;Male;No;Residential;C: Possible Injury;No;O: No Injury;1477;September;0;Straight - Level;Piedmont;With Traffic;No Control Present;Friday;Non-Intersection;52;0;Two-Way, Not Divided;2 lanes;0;#NULL!;CHAPEL HILL RD;Smooth Asphalt;#NULL!;No Special Feature;Motorist Right Turn / Merge;Public Vehicular Area;C: Possible Injury;Durham;23;Cloudy;#NULL!;31-35 mph;30 - 35  MPH;2013;Daylight;20-24
35.9065972042, -75.7748017399;"{""type"": ""Point"", ""coordinates"": [-75.77480173992718, 35.906597204192764]}";White;None - Rural Crash;Travel Lane;2;8;Rural (<30% Developed);Male;Sport Utility;0;#NULL!;0;0;White;No;0;25-29;Head-On - Bicyclist;None;No;No;Dry;0;Rural;No;21SEP2013;0;8:18;Male;No;Residential;C: Possible Injury;Yes;O: No Injury;1479;September;0;Straight - Level;Coastal;Facing Traffic;Human Control;Saturday;Non-Intersection;25;0;Two-Way, Not Divided;2 lanes;0;#NULL!;SR 1113;Coarse Asphalt;#NULL!;T-Intersection;Head-On;State Secondary Route;C: Possible Injury;Dare;30;Clear;#NULL!;6-10 mph;50 - 55  MPH;2013;Daylight;30-39
35.7998990781, -78.8135786623;"{""type"": ""Point"", ""coordinates"": [-78.81357866231285, 35.799899078144925]}";White;Cary;Travel Lane;2;19;Urban (>70% Developed);Male;Passenger Car;1;No;0;0;Asian;No;0;50-59;Bicyclist Left Turn - Same Direction;None;No;#NULL!;Dry;15;Urban;No;08JAN2014;0;19:05;Male;#NULL!;Commercial;O: No Injury;No;O: No Injury;12;January;0;Straight - Level;Piedmont;With Traffic;No Control Present;Wednesday;Non-Intersection;55;1;Two-Way, Not Divided;2 lanes;0;No;JAMES JACKSON AVE;Smooth Asphalt;DARRINGTON DR;No Special Feature;Bicyclist Left Turn / Merge;Local Street;O: No Injury;Wake;41;Clear;TOWER VIEW CT;16-20 mph;30 - 35  MPH;2014;Dark - Lighted Roadway;40-49