Geo Point;Geo Shape;BikeRace;City;BikePos;NumUnits;CrashHour;Locality;BikeSex;DrvrVehTyp;NumBikesNo;BikeAlcDrg;NumBikesBI;RteInvdCd;DrvrRace;Workzone;NumBikesCi;BikeAgeGrp;CrashType;RdDefects;CrashAlcoh;BikeAlcoho;RdConditio;DstncMiFrm;RuralUrban;HitRun;CrashDate;NumBikesUI;CrashTime;DrvrSex;DrvrAlcoho;Developmen;CrashSevr;AmbulanceR;DrvrInjury;OBJECTID;CrashMonth;NumBikesKi;RdCharacte;Region;BikeDir;TraffCntrl;CrashDay;CrashLoc;BikeAge;NumBikesTo;RdConfig;NumLanes;NumBikesAI;DrvrAlcDrg;OnRoad;RdSurface;Towrd_Rd;RdFeature;CrashGrp;RdClass;BikeInjury;County;DrvrAge;Weather;FrmRd;DrvrEstSpd;SpeedLimit;CrashYear;LightCond;DrvrAgeGrp
35.6870340175, -79.8262329619;"{""type"": ""Point"", ""coordinates"": [-79.8262329618773, 35.68703401750728]}";White;Asheboro;Travel Lane;2;7;Urban (>70% Developed);Male;Sport Utility;0;No;0;20000064;Black;No;1;50-59;Motorist Drive Out - Commercial Driveway / Alley;None;No;#NULL!;Wet;0.2;Urban;No;06JAN2014;0;7:14;Female;#NULL!;Commercial;C: Possible Injury;Yes;O: No Injury;16;January;0;Straight - Level;Piedmont;With Traffic;No Control Present;Monday;Non-Intersection;53;1;Two-Way, Not Divided;5 lanes;0;No;US 64;Smooth Asphalt;COUNTRY CLUB DR;No Special Feature;Motorist Failed to Yield - Midblock;US Route;C: Possible Injury;Randolph;38;Rain;73;Unknown;40 - 45  MPH;2014;Dawn;30-39
36.0956531062, -79.7699229679;"{""type"": ""Point"", ""coordinates"": [-79.76992296794728, 36.095653106194334]}";Black;Greensboro;Travel Lane;2;19;Urban (>70% Developed);Male;Passenger Car;0;No;1;50030252;Unknown/Missing;No;0;20-24;Motorist Turn / Merge - Other / Unknown;None;No;#NULL!;Dry;0;Urban;Yes;20JAN2014;0;19:43;Unknown;#NULL!;Residential;B: Evident Injury;Yes;Unknown Injury;23;January;0;Straight - Level;Piedmont;With Traffic;Stop Sign;Monday;Intersection;20;1;Two-Way, Not Divided;4 lanes;0;Unknown;TEXTILE DR;Smooth Asphalt;TEXTILE DR;No Special Feature;Parallel Paths - Other Circumstances;Local Street;B: Evident Injury;Guilford;Unknown;Clear;ANDOVER AV;6-10 mph;30 - 35  MPH;2014;Dark - Roadway Not Lighted;Unknown
35.8197930883, -78.6238026068;"{""type"": ""Point"", ""coordinates"": [-78.62380260684564, 35.81979308828888]}";White;Raleigh;Travel Lane;2;14;Urban (>70% Developed);Male;Passenger Car;0;No;0;40002000;Black;No;1;60-69;Motorist Drive Out - Right Turn on Red;None;No;#NULL!;Dry;0.001;Urban;No;07FEB2014;0;14:45;Male;#NULL!;Commercial;C: Possible Injury;No;O: No Injury;33;February;0;Straight - Level;Piedmont;With Traffic;No Control Present;Friday;Intersection;67;1;Two-Way, Not Divided;Unknown;0;No;WAKE FOREST RD;Coarse Asphalt;ATLANTIC AVE;No Special Feature;Motorist Failed to Yield - Signalized Intersection;Local Street;C: Possible Injury;Wake;46;Clear;SIX FORKS RD;0-5 mph;30 - 35  MPH;2014;Daylight;40-49
35.9537040676, -79.9919770275;"{""type"": ""Point"", ""coordinates"": [-79.99197702746176, 35.95370406759828]}";Black;High Point;Travel Lane;2;17;Urban (>70% Developed);Male;Sport Utility;0;No;1;40001278;White;No;0;50-59;Bicyclist Ride Through - Signalized Intersection;None;No;#NULL!;Dry;0;Urban;No;20JAN2014;0;17:49;Male;#NULL!;Commercial;B: Evident Injury;Yes;O: No Injury;38;January;0;Straight - Level;Piedmont;Facing Traffic;Flashing Stop And Go Signal;Monday;Intersection;54;1;Two-Way, Divided, Unprotected Median;4 lanes;0;No;COLLEGE DR;Coarse Asphalt;RUSSELL AVE;No Special Feature;Bicyclist Failed to Yield - Signalized Intersection;Local Street;B: Evident Injury;Guilford;70+;Clear;GREEN DR;36-40 mph;40 - 45  MPH;2014;Dark - Lighted Roadway;70+
35.0577419456, -77.9987223774;"{""type"": ""Point"", ""coordinates"": [-77.99872237736355, 35.0577419455911]}";Other;None - Rural Crash;Driveway / Alley;2;16;Rural (<30% Developed);Male;Passenger Car;0;No;1;40001307;Black;No;0;11-15;Bicyclist Ride Out - Residential Driveway;None;No;#NULL!;Dry;1.32;Rural;No;24FEB2014;0;16:27;Male;#NULL!;Farms, Woods, Pastures;B: Evident Injury;Yes;O: No Injury;39;February;0;Straight - Level;Coastal;Not Applicable;No Control Present;Monday;Non-Intersection;12;1;Two-Way, Not Divided;2 lanes;0;No;1307;Coarse Asphalt;1004;No Special Feature;Bicyclist Failed to Yield - Midblock;State Secondary Route;B: Evident Injury;Duplin;17;Clear;1402;26-30 mph;50 - 55  MPH;2014;Daylight;0-19
35.1955898758, -80.8378932381;"{""type"": ""Point"", ""coordinates"": [-80.83789323807328, 35.19558987575774]}";White;Charlotte;Travel Lane;2;16;Urban (>70% Developed);Male;Passenger Car;0;No;0;50009213;White;No;1;30-39;Motorist Right Turn - Same Direction;None;No;#NULL!;Dry;0;Urban;No;21FEB2014;0;16:39;Female;#NULL!;Residential;C: Possible Injury;Yes;O: No Injury;46;February;0;Straight - Level;Piedmont;With Traffic;No Control Present;Friday;Intersection;30;1;Two-Way, Divided, Positive Median Barrier;2 lanes;0;No;EAST BLVD;Smooth Asphalt;S KINGS DR;No Special Feature;Motorist Right Turn / Merge;Local Street;C: Possible Injury;Mecklenburg;60;Clear;MARYLAND AVE;26-30 mph;30 - 35  MPH;2014;Daylight;60-69
36.033721125, -78.891337699;"{""type"": ""Point"", ""coordinates"": [-78.89133769899962, 36.03372112497944]}";Black;Durham;Travel Lane;2;6;Urban (>70% Developed);Male;Pickup;0;Yes-Alcohol,  impairment suspected;0;29000501;White;No;1;40-49;Motorist Overtaking - Undetected Bicyclist;None;Yes;#NULL!;Dry;0.033;Urban;No;03MAR2014;0;6:08;Male;#NULL!;Commercial;C: Possible Injury;Yes;O: No Injury;49;March;0;Straight - Level;Piedmont;Facing Traffic;No Control Present;Monday;Non-Intersection;49;1;Two-Way, Divided, Unprotected Median;4 lanes;0;No;N ROXBORO ST;Smooth Asphalt;BRITANIA AVE;No Special Feature;Motorist Overtaking Bicyclist;Local Street;C: Possible Injury;Durham;32;Clear;BERWYN AVE;26-30 mph;30 - 35  MPH;2014;Dark - Lighted Roadway;30-39
35.1722628697, -80.8546932424;"{""type"": ""Point"", ""coordinates"": [-80.85469324238649, 35.172262869742426]}";Hispanic;Charlotte;Travel Lane;2;22;Mixed (30% To 70% Developed);Male;Passenger Car;0;Yes-Alcohol,  impairment suspected;1;40003814;White;No;0;20-24;Bicyclist Ride Out - Other Midblock;None;Yes;#NULL!;Dry;0.009;Urban;No;04MAR2014;0;22:51;Female;#NULL!;Commercial;B: Evident Injury;Yes;O: No Injury;52;March;0;Straight - Level;Piedmont;Not Applicable;No Control Present;Tuesday;Non-Intersection;20;1;Two-Way, Not Divided;4 lanes;0;No;E WOODLAWN RD;Coarse Asphalt;DREXMORE AV;No Special Feature;Bicyclist Failed to Yield - Midblock;Local Street;B: Evident Injury;Mecklenburg;43;Clear;HALSTEAD DR;36-40 mph;30 - 35  MPH;2014;Dark - Lighted Roadway;40-49
35.2015268831, -80.6754731906;"{""type"": ""Point"", ""coordinates"": [-80.67547319061096, 35.20152688305059]}";Black;Mint Hill;Travel Lane;2;12;Urban (>70% Developed);Male;Unknown;0;No;0;40003135;Unknown/Missing;No;1;25-29;Motorist Right Turn - Same Direction;None;No;#NULL!;Dry;0;Urban;Yes;31JAN2014;0;12:20;Unknown;#NULL!;Residential;C: Possible Injury;No;Unknown Injury;70;January;0;Straight - Level;Piedmont;With Traffic;No Control Present;Friday;Intersection;25;1;Two-Way, Not Divided;4 lanes;0;Missing;WILSON GROVE RD;Smooth Asphalt;CENTRAL DR;T-Intersection;Motorist Right Turn / Merge;State Secondary Route;C: Possible Injury;Mecklenburg;Unknown;Clear;HANNON RD;41-45 mph;40 - 45  MPH;2014;Daylight;Unknown
35.5403470404, -78.2810524882;"{""type"": ""Point"", ""coordinates"": [-78.28105248817319, 35.540347040407454]}";White;Selma;Bike Lane / Paved Shoulder;2;18;Urban (>70% Developed);Male;Passenger Car;0;No;0;50017929;Black;No;1;16-19;Motorist Right Turn - Opposite Direction;None;No;#NULL!;Dry;0;Urban;No;03FEB2014;0;18:25;Female;#NULL!;Residential;C: Possible Injury;Yes;O: No Injury;71;February;0;Straight - Hillcrest;Coastal;Facing Traffic;Stop Sign;Monday;Intersection;16;1;Two-Way, Not Divided;3 lanes;0;No;W LIZZIE ST;Smooth Asphalt;W RICHARDSON ST;T-Intersection;Motorist Right Turn / Merge;Local Street;C: Possible Injury;Johnston;46;Cloudy;W LIZZIE ST;6-10 mph;30 - 35  MPH;2014;Dark - Unknown Lighting;40-49
35.5999939616, -80.8389032606;"{""type"": ""Point"", ""coordinates"": [-80.8389032605765, 35.59999396161788]}";White;Mooresville;Travel Lane;2;20;Rural (<30% Developed);Female;Sport Utility;2;No;0;20000021;Black;No;0;40-49;Motorist Overtaking - Undetected Bicyclist;None;No;#NULL!;Dry;0.076;Urban;No;09FEB2014;0;20:02;Male;#NULL!;Farms, Woods, Pastures;C: Possible Injury;Yes;C: Possible Injury;72;February;0;Straight - Level;Piedmont;With Traffic;Double Yellow Line, No Passing Zone;Sunday;Non-Intersection;42;2;Two-Way, Not Divided;2 lanes;0;No;21;Smooth Asphalt;BRANTLEY ACRES DR;No Special Feature;Motorist Overtaking Bicyclist;US Route;O: No Injury;Iredell;65;Clear;OATES RD;36-40 mph;40 - 45  MPH;2014;Dark - Roadway Not Lighted;60-69
35.8259001012, -78.3098925114;"{""type"": ""Point"", ""coordinates"": [-78.30989251142199, 35.82590010124397]}";Black;Zebulon;Travel Lane;2;20;Urban (>70% Developed);Male;Passenger Car;0;Yes-Alcohol,  impairment suspected;1;30000097;White;No;0;50-59;Bicyclist Lost Control - Mechanical Problems;None;Yes;#NULL!;Wet;0;Rural;No;17MAR2014;0;20:14;Female;#NULL!;Commercial;B: Evident Injury;No;O: No Injury;73;March;0;Straight - Level;Piedmont;With Traffic;Stop Sign;Monday;Intersection;56;1;Two-Way, Not Divided;2 lanes;0;No;NC 97;Coarse Asphalt;E NORTH ST;No Special Feature;Loss of Control / Turning Error;NC Route;B: Evident Injury;Wake;27;Rain;N WHITLEY ST;31-35 mph;30 - 35  MPH;2014;Dark - Lighted Roadway;25-29
35.0926999195, -78.9786786763;"{""type"": ""Point"", ""coordinates"": [-78.97867867627097, 35.0926999194822]}";Hispanic;Fayetteville;Travel Lane;2;18;Urban (>70% Developed);Male;Pickup;0;No;0;40001437;Black;No;1;40-49;Motorist Drive Out - Sign-Controlled Intersection;None;No;#NULL!;Dry;0;Urban;No;09FEB2014;0;18:21;Male;#NULL!;Residential;C: Possible Injury;Yes;O: No Injury;78;February;0;Straight - Level;Coastal;With Traffic;Stop Sign;Sunday;Intersection;44;1;Two-Way, Not Divided;5 lanes;0;No;DODGE DR;Coarse Asphalt;TAHOE CT;Four-Way Intersection;Motorist Failed to Yield - Sign-Controlled Intersection;Local Street;C: Possible Injury;Cumberland;70+;Clear;SANTA FE DR;0-5 mph;20 - 25  MPH;2014;Dark - Lighted Roadway;70+
35.0594929109, -79.0115426838;"{""type"": ""Point"", ""coordinates"": [-79.0115426837956, 35.0594929109412]}";Black;Fayetteville;Non-Roadway;2;12;Urban (>70% Developed);Male;Unknown;0;No;0;0;Unknown/Missing;No;1;50-59;Non-Roadway;None;No;#NULL!;Dry;0.008;Urban;Yes;15FEB2014;0;12:13;Unknown;#NULL!;Commercial;C: Possible Injury;No;Unknown Injury;79;February;0;Straight - Level;Coastal;Not Applicable;No Control Present;Saturday;Non-Roadway;54;1;Two-Way, Not Divided;Unknown;0;Missing;PVA 6891 CLIFFDALE RD;Coarse Asphalt;RAVEN PL;No Special Feature;Non-Roadway;Public Vehicular Area;C: Possible Injury;Cumberland;Unknown;Clear;SEVENTY FIRST SCHOOL;0-5 mph;5 - 15 MPH;2014;Daylight;Unknown
35.2733528285, -82.5489437498;"{""type"": ""Point"", ""coordinates"": [-82.54894374984912, 35.27335282851353]}";White;None - Rural Crash;Travel Lane;2;17;Rural (<30% Developed);Female;Passenger Car;0;No;0;40001196;White;No;0;16-19;Motorist Left Turn - Opposite Direction;None;No;#NULL!;Dry;0.03;Rural;No;19MAR2014;0;17:01;Female;#NULL!;Farms, Woods, Pastures;A: Disabling Injury;Yes;O: No Injury;81;March;0;Curve - Grade;Mountains;With Traffic;Double Yellow Line, No Passing Zone;Wednesday;Non-Intersection;16;1;Two-Way, Not Divided;2 lanes;1;No;1196;Smooth Asphalt;REBELS LAIR;Driveway, Private;Motorist Left Turn / Merge;State Secondary Route;A: Disabling Injury;Henderson;21;Clear;STARDUST LN;11-15 mph;50 - 55  MPH;2014;Daylight;20-24
35.5677640774, -77.3637872101;"{""type"": ""Point"", ""coordinates"": [-77.36378721014452, 35.56776407739962]}";Black;Greenville;Travel Lane;2;18;Urban (>70% Developed);Male;Passenger Car;0;No;1;0;White;No;0;6-10;Bicyclist Ride Through - Sign-Controlled Intersection;None;No;#NULL!;Dry;0;Urban;No;09MAR2014;0;18:59;Male;#NULL!;Residential;B: Evident Injury;Yes;C: Possible Injury;90;March;0;Straight - Level;Coastal;Facing Traffic;Stop Sign;Sunday;Intersection;8;1;Two-Way, Not Divided;2 lanes;0;No;HOLDEN DR;Smooth Asphalt;FIRETOWER RD;Four-Way Intersection;Bicyclist Failed to Yield - Sign-Controlled Intersection;Local Street;B: Evident Injury;Pitt;19;Clear;WIMBLEDON DR;16-20 mph;30 - 35  MPH;2014;Daylight;0-19
34.5947338091, -79.0355176679;"{""type"": ""Point"", ""coordinates"": [-79.03551766792023, 34.59473380910722]}";Black;Lumberton;Travel Lane;2;17;Urban (>70% Developed);Male;Passenger Car;1;No;0;0;Black;No;0;30-39;Non-Roadway;None;No;#NULL!;Dry;0.005;Urban;No;11MAR2014;0;17:12;Female;#NULL!;Residential;O: No Injury;No;O: No Injury;95;March;0;Straight - Level;Coastal;Not Applicable;No Control Present;Tuesday;Non-Roadway;30;1;Two-Way, Not Divided;Unknown;0;No;PVA 300 PEARL ST;Coarse Asphalt;LOT 138;No Special Feature;Non-Roadway;Public Vehicular Area;O: No Injury;Robeson;25;Clear;LOT 137;0-5 mph;Unknown;2014;Daylight;25-29
35.4811928584, -82.8926738638;"{""type"": ""Point"", ""coordinates"": [-82.89267386382132, 35.48119285842455]}";White;None - Rural Crash;Travel Lane;2;18;Mixed (30% To 70% Developed);Male;Passenger Car;0;No;0;40001883;White;No;1;11-15;Bicyclist Ride Out - Other Midblock;None;No;#NULL!;Dry;0.28;Rural;No;27MAR2014;0;18:29;Female;#NULL!;Residential;C: Possible Injury;Yes;O: No Injury;96;March;0;Straight - Level;Mountains;Not Applicable;Double Yellow Line, No Passing Zone;Thursday;Non-Intersection;15;1;Two-Way, Not Divided;2 lanes;0;No;1883;Coarse Asphalt;DEAD END;No Special Feature;Bicyclist Failed to Yield - Midblock;State Secondary Route;C: Possible Injury;Haywood;18;Clear;215;26-30 mph;30 - 35  MPH;2014;Daylight;0-19
35.2661928903, -80.839458243;"{""type"": ""Point"", ""coordinates"": [-80.83945824298492, 35.26619289030039]}";Black;Charlotte;Travel Lane;2;17;Urban (>70% Developed);Male;Passenger Car;0;No;1;0;Black;No;0;0-5;Bicyclist Ride Out - Other Midblock;None;No;#NULL!;Dry;0.1;Urban;No;24MAR2014;0;17:54;Male;#NULL!;Residential;B: Evident Injury;Yes;O: No Injury;98;March;0;Straight - Level;Piedmont;Not Applicable;No Control Present;Monday;Non-Intersection;5;1;One-Way, Not Divided;2 lanes;0;No;JULIA AV;Smooth Asphalt;END OF JULIA AV;No Special Feature;Bicyclist Failed to Yield - Midblock;Local Street;B: Evident Injury;Mecklenburg;53;Clear;CARMINE ST;31-35 mph;30 - 35  MPH;2014;Daylight;50-59
36.4903771575, -80.6061032425;"{""type"": ""Point"", ""coordinates"": [-80.60610324254829, 36.49037715750712]}";Black;Mount Airy;Travel Lane;2;13;Urban (>70% Developed);Male;Passenger Car;0;No;0;50033697;White;No;1;11-15;Signalized Intersection - Other / Unknown;None;No;#NULL!;Dry;0;Urban;No;22MAR2014;0;13:20;Male;#NULL!;Residential;C: Possible Injury;No;O: No Injury;99;March;0;Straight - Bottom;Mountains;Unknown;Stop And Go Signal;Saturday;Intersection;15;1;Two-Way, Not Divided;2 lanes;0;No;WORTH ST;Smooth Asphalt;HALE ST;Four-Way Intersection;Crossing Paths - Other Circumstances;Local Street;C: Possible Injury;Surry;70+;Cloudy;E HAYMORE ST;26-30 mph;30 - 35  MPH;2014;Daylight;70+
35.105306986, -77.0813221012;"{""type"": ""Point"", ""coordinates"": [-77.08132210115691, 35.10530698600985]}";White;New Bern;Travel Lane;2;16;Urban (>70% Developed);Female;Passenger Car;0;No;0;40001395;Asian;No;1;50-59;Motorist Drive Out - Commercial Driveway / Alley;None;No;#NULL!;Dry;0.05;Urban;No;27MAR2014;0;16:46;Male;#NULL!;Commercial;C: Possible Injury;Yes;O: No Injury;102;March;0;Straight - Level;Coastal;Facing Traffic;Stop Sign;Thursday;Non-Intersection;51;1;Two-Way, Divided, Unprotected Median;6 lanes;0;No;17;Smooth Asphalt;HOTEL DR;No Special Feature;Motorist Failed to Yield - Midblock;US Route;C: Possible Injury;Craven;41;Clear;PINETREE DR;0-5 mph;50 - 55  MPH;2014;Daylight;40-49
35.77761408, -78.6139126015;"{""type"": ""Point"", ""coordinates"": [-78.61391260146488, 35.77761407997098]}";Black;Raleigh;Travel Lane;2;17;Urban (>70% Developed);Male;Passenger Car;0;No;1;40002921;Black;No;0;20-24;Bicyclist Ride Through - Signalized Intersection;None;No;#NULL!;Dry;0;Urban;No;30MAR2014;0;17:01;Male;#NULL!;Residential;B: Evident Injury;Yes;O: No Injury;103;March;0;Straight - Level;Piedmont;With Traffic;Stop And Go Signal;Sunday;Intersection;20;1;Two-Way, Not Divided;6 lanes;0;No;N RALEIGH BLVD;Coarse Asphalt;LIGHTNER LANE;No Special Feature;Bicyclist Failed to Yield - Signalized Intersection;Local Street;B: Evident Injury;Wake;39;Clear;POOLE RD;36-40 mph;40 - 45  MPH;2014;Daylight;30-39
34.7608328997, -77.4151821862;"{""type"": ""Point"", ""coordinates"": [-77.4151821862262, 34.760832899707104]}";White;Jacksonville;Sidewalk / Crosswalk / Driveway Crossing;2;23;Urban (>70% Developed);Male;Pickup;0;No;0;40001336;White;No;1;20-24;Crossing Paths - Uncontrolled Intersection;None;No;#NULL!;Dry;0;Urban;No;08MAR2014;0;23:25;Male;#NULL!;Commercial;C: Possible Injury;Yes;O: No Injury;104;March;0;Straight - Level;Coastal;Facing Traffic;Stop And Go Signal;Saturday;Intersection;24;1;Two-Way, Divided, Unprotected Median;3 lanes;0;No;ONSLOW DR;Smooth Asphalt;PRESTON ROAD;Four-Way Intersection;Crossing Paths - Other Circumstances;State Secondary Route;C: Possible Injury;Onslow;38;Clear;17;31-35 mph;30 - 35  MPH;2014;Dark - Lighted Roadway;30-39
35.941882117, -78.5582325928;"{""type"": ""Point"", ""coordinates"": [-78.55823259280501, 35.941882116967314]}";White;Raleigh;Travel Lane;2;21;Urban (>70% Developed);Male;Unknown;0;No;1;50034524;Unknown/Missing;No;0;16-19;Parallel Paths - Other / Unknown;None;No;#NULL!;Dry;0.085;Urban;Yes;01APR2014;0;21:56;Unknown;#NULL!;Commercial;B: Evident Injury;Yes;Unknown Injury;109;April;0;Straight - Hillcrest;Piedmont;With Traffic;No Control Present;Tuesday;Non-Intersection;16;1;Two-Way, Not Divided;2 lanes;0;Missing;WAKEFIELD PINES DR;Smooth Asphalt;WAKEFIELD CROSSING DR;No Special Feature;Parallel Paths - Other Circumstances;Local Street;B: Evident Injury;Wake;Unknown;Clear;FALLS OF NEUSE RD;16-20 mph;20 - 25  MPH;2014;Dark - Lighted Roadway;Unknown
34.8218418949, -77.9585523541;"{""type"": ""Point"", ""coordinates"": [-77.9585523541103, 34.821841894925235]}";Black;None - Rural Crash;Travel Lane;2;19;Rural (<30% Developed);Male;Pickup;0;Yes- Alcohol and Drugs, impairment suspected;0;40001102;Black;No;1;50-59;Motorist Overtaking - Other / Unknown;None;Yes;#NULL!;Dry;0.023;Rural;No;01APR2014;0;19:10;Male;#NULL!;Farms, Woods, Pastures;C: Possible Injury;Yes;O: No Injury;115;April;0;Straight - Level;Coastal;With Traffic;Double Yellow Line, No Passing Zone;Tuesday;Non-Intersection;56;1;Two-Way, Not Divided;2 lanes;0;No;SR 1102;Coarse Asphalt;40;No Special Feature;Motorist Overtaking Bicyclist;State Secondary Route;C: Possible Injury;Duplin;70+;Clear;1162;36-40 mph;50 - 55  MPH;2014;Daylight;70+
35.199866881, -80.7260032049;"{""type"": ""Point"", ""coordinates"": [-80.72600320494547, 35.19986688095119]}";Black;Charlotte;Sidewalk / Crosswalk / Driveway Crossing;2;18;Urban (>70% Developed);Male;Passenger Car;0;No;0;0;Black;No;1;11-15;Motorist Drive Out - Commercial Driveway / Alley;None;No;#NULL!;Dry;0;Urban;No;06APR2014;0;18:23;Female;#NULL!;Commercial;C: Possible Injury;Yes;O: No Injury;120;April;0;Curve - Grade;Piedmont;Facing Traffic;No Control Present;Sunday;Non-Intersection;13;1;Two-Way, Not Divided;2 lanes;0;No;E W T HARRIS BLVD;Smooth Asphalt;BONLYN DR;No Special Feature;Motorist Failed to Yield - Midblock;Public Vehicular Area;C: Possible Injury;Mecklenburg;25;Clear;8825 E W T HARRIS BLVD;6-10 mph;Unknown;2014;Daylight;25-29
35.2766148944, -80.7933532292;"{""type"": ""Point"", ""coordinates"": [-80.79335322919361, 35.276614894426935]}";Black;Charlotte;Sidewalk / Crosswalk / Driveway Crossing;2;8;Urban (>70% Developed);Male;Sport Utility;0;No;0;40002480;Black;No;1;50-59;Motorist Drive Out - Signalized Intersection;None;No;#NULL!;Dry;0;Urban;No;09APR2014;0;8:02;Male;#NULL!;Commercial;C: Possible Injury;Yes;O: No Injury;125;April;0;Straight - Level;Piedmont;With Traffic;Stop And Go Signal;Wednesday;Intersection;57;1;Two-Way, Not Divided;6 lanes;0;No;W SUGAR CREEK RD;Smooth Asphalt;TOM HUNTER RD;Four-Way Intersection;Motorist Failed to Yield - Signalized Intersection;Local Street;C: Possible Injury;Mecklenburg;63;Clear;REAGAN DR;0-5 mph;30 - 35  MPH;2014;Daylight;60-69
35.7989340022, -80.8819832846;"{""type"": ""Point"", ""coordinates"": [-80.88198328461814, 35.79893400219982]}";White;Statesville;Travel Lane;2;18;Urban (>70% Developed);Male;Sport Utility;0;No;0;50013307;White;No;0;50-59;Motorist Drive Out - Sign-Controlled Intersection;None;No;#NULL!;Dry;0;Urban;No;03APR2014;0;18:06;Male;#NULL!;Commercial;K: Killed;Yes;O: No Injury;126;April;1;Straight - Grade;Piedmont;With Traffic;Stop Sign;Thursday;Intersection;52;1;Two-Way, Not Divided;2 lanes;0;No;OAKDALE DR;Smooth Asphalt;SPRINGDALE RD;Four-Way Intersection;Motorist Failed to Yield - Sign-Controlled Intersection;State Secondary Route;K: Killed;Iredell;33;Clear;HARTNESS RD;6-10 mph;30 - 35  MPH;2014;Daylight;30-39
35.8751871006, -78.6233526096;"{""type"": ""Point"", ""coordinates"": [-78.62335260959144, 35.875187100604045]}";Other;Raleigh;Sidewalk / Crosswalk / Driveway Crossing;2;9;Urban (>70% Developed);Male;Passenger Car;0;No;1;40002000;White;No;0;60-69;Motorist Drive Out - Signalized Intersection;None;No;#NULL!;Dry;0;Urban;No;10APR2014;0;9:04;Male;#NULL!;Commercial;B: Evident Injury;No;O: No Injury;132;April;0;Straight - Level;Piedmont;Facing Traffic;Stop And Go Signal;Thursday;Intersection;60;1;Two-Way, Not Divided;Unknown;0;No;FALLS OF NEUSE RD;Smooth Asphalt;LAKE FOREST DR;Driveway, Public;Motorist Failed to Yield - Signalized Intersection;Public Vehicular Area;B: Evident Injury;Wake;16;Clear;HUNTING RIDGE RD;0-5 mph;5 - 15 MPH;2014;Daylight;0-19
35.7768130791, -78.6366526081;"{""type"": ""Point"", ""coordinates"": [-78.63665260806478, 35.776813079083674]}";Black;Raleigh;Travel Lane;2;10;Urban (>70% Developed);Male;Passenger Car;0;No;0;50019046;Black;Yes;1;25-29;Motorist Left Turn - Opposite Direction;Work Zone;No;#NULL!;Wet;0;Urban;No;15APR2014;0;10:30;Male;#NULL!;Commercial;C: Possible Injury;Yes;O: No Injury;135;April;0;Straight - Level;Piedmont;With Traffic;Stop And Go Signal;Tuesday;Intersection;28;1;Two-Way, Not Divided;Unknown;0;No;E MARTIN ST;Smooth Asphalt;WOLFE ST;Four-Way Intersection;Motorist Left Turn / Merge;Local Street;C: Possible Injury;Wake;70+;Cloudy;S BLOUNT ST;6-10 mph;30 - 35  MPH;2014;Daylight;70+
34.6776418224, -79.1905727185;"{""type"": ""Point"", ""coordinates"": [-79.19057271849809, 34.677641822421506]}";Native American;Pembroke;Travel Lane;2;16;Urban (>70% Developed);Male;Sport Utility;0;Yes-Alcohol,  impairment suspected;0;0;Native American;No;1;40-49;Motorist Overtaking - Undetected Bicyclist;None;Yes;#NULL!;Wet;0;Rural;No;15APR2014;0;16:56;Male;#NULL!;Commercial;C: Possible Injury;Yes;O: No Injury;139;April;0;Straight - Level;Coastal;With Traffic;No Control Present;Tuesday;Non-Intersection;48;1;Two-Way, Divided, Unprotected Median;4 lanes;0;No;EAST THIRD STREET;Coarse Asphalt;BLAINE STREET;No Special Feature;Motorist Overtaking Bicyclist;Local Street;C: Possible Injury;Robeson;18;Cloudy;LUMBEE BANK DRIVE;21-25 mph;30 - 35  MPH;2014;Daylight;0-19
36.3147692777, -76.2179518965;"{""type"": ""Point"", ""coordinates"": [-76.21795189647769, 36.31476927768226]}";White;Elizabeth City;Sidewalk / Crosswalk / Driveway Crossing;2;12;Urban (>70% Developed);Male;Passenger Car;0;No;1;20000017;Black;Yes;0;16-19;Bicyclist Left Turn - Same Direction;None;No;#NULL!;Wet;0.2;Urban;No;15APR2014;0;12:10;Female;#NULL!;Commercial;B: Evident Injury;Yes;O: No Injury;140;April;0;Straight - Level;Coastal;With Traffic;No Control Present;Tuesday;Non-Intersection;16;1;Two-Way, Divided, Unprotected Median;4 lanes;0;No;N ROAD ST;Coarse Asphalt;GRIGGS ST;No Special Feature;Bicyclist Left Turn / Merge;Local Street;B: Evident Injury;Pasquotank;31;Cloudy;KNOBBS CREEK DR;41-45 mph;40 - 45  MPH;2014;Daylight;30-39
35.2466368893, -80.7563892166;"{""type"": ""Point"", ""coordinates"": [-80.75638921662988, 35.24663688929281]}";White;Charlotte;Travel Lane;2;21;Urban (>70% Developed);Male;Passenger Car;0;No;0;0;Black;No;1;30-39;Motorist Drive Out - Sign-Controlled Intersection;None;No;#NULL!;Wet;0;Urban;No;18APR2014;0;21:21;Female;#NULL!;Residential;C: Possible Injury;Yes;O: No Injury;141;April;0;Straight - Level;Piedmont;Facing Traffic;Stop Sign;Friday;Intersection;36;1;Two-Way, Not Divided;2 lanes;0;No;KILDARE DR;Smooth Asphalt;#NULL!;No Special Feature;Motorist Failed to Yield - Sign-Controlled Intersection;Local Street;C: Possible Injury;Mecklenburg;62;Rain;JOYCE DR;0-5 mph;20 - 25  MPH;2014;Dark - Lighted Roadway;60-69