Geo Point;Geo Shape;BikeRace;City;BikePos;NumUnits;CrashHour;Locality;BikeSex;DrvrVehTyp;NumBikesNo;BikeAlcDrg;NumBikesBI;RteInvdCd;DrvrRace;Workzone;NumBikesCi;BikeAgeGrp;CrashType;RdDefects;CrashAlcoh;BikeAlcoho;RdConditio;DstncMiFrm;RuralUrban;HitRun;CrashDate;NumBikesUI;CrashTime;DrvrSex;DrvrAlcoho;Developmen;CrashSevr;AmbulanceR;DrvrInjury;OBJECTID;CrashMonth;NumBikesKi;RdCharacte;Region;BikeDir;TraffCntrl;CrashDay;CrashLoc;BikeAge;NumBikesTo;RdConfig;NumLanes;NumBikesAI;DrvrAlcDrg;OnRoad;RdSurface;Towrd_Rd;RdFeature;CrashGrp;RdClass;BikeInjury;County;DrvrAge;Weather;FrmRd;DrvrEstSpd;SpeedLimit;CrashYear;LightCond;DrvrAgeGrp
35.5881870013, -79.6896329162;"{""type"": ""Point"", ""coordinates"": [-79.68963291616082, 35.58818700133528]}";Black;None - Rural Crash;Travel Lane;3;17;Rural (<30% Developed);Male;Passenger Car;0;No;1;40002900;White;No;0;11-15;Bicyclist Ride Out - Midblock - Unknown;None;No;#NULL!;Dry;0.16;Rural;No;21APR2014;0;17:05;Female;#NULL!;Farms, Woods, Pastures;A: Disabling Injury;Yes;C: Possible Injury;150;April;0;Straight - Level;Piedmont;Not Applicable;No Control Present;Monday;Non-Intersection;13;2;Two-Way, Not Divided;2 lanes;1;No;SR 2900;Smooth Asphalt;2898;No Special Feature;Bicyclist Failed to Yield - Midblock;State Secondary Route;A: Disabling Injury;Randolph;70+;Clear;2907;41-45 mph;50 - 55  MPH;2014;Daylight;70+
35.5394928862, -82.4869937469;"{""type"": ""Point"", ""coordinates"": [-82.48699374688138, 35.53949288618092]}";White;None - Rural Crash;Travel Lane;2;15;Rural (<30% Developed);Male;Passenger Car;0;No;0;40003074;White;No;1;20-24;Motorist Left Turn - Opposite Direction;None;No;#NULL!;Wet;0.22;Rural;No;19APR2014;0;15:03;Male;#NULL!;Residential;C: Possible Injury;No;O: No Injury;151;April;0;Straight - Grade;Mountains;With Traffic;Double Yellow Line, No Passing Zone;Saturday;Non-Intersection;21;1;Two-Way, Not Divided;2 lanes;0;No;3074;Smooth Asphalt;3122;Driveway, Private;Motorist Left Turn / Merge;State Secondary Route;C: Possible Injury;Buncombe;61;Rain;3121;0-5 mph;40 - 45  MPH;2014;Daylight;60-69
36.2154170584, -81.6831775481;"{""type"": ""Point"", ""coordinates"": [-81.6831775480931, 36.215417058385725]}";White;Boone;Sidewalk / Crosswalk / Driveway Crossing;2;17;Urban (>70% Developed);Female;Passenger Car;0;No;0;40001163;White;No;1;16-19;Motorist Right Turn - Same Direction;None;No;#NULL!;Dry;0.123;Urban;No;25APR2014;0;17:30;Female;#NULL!;Residential;C: Possible Injury;No;O: No Injury;157;April;0;Straight - Level;Mountains;With Traffic;Stop And Go Signal;Friday;Non-Intersection;19;1;Two-Way, Divided, Unprotected Median;4 lanes;0;No;.;Smooth Asphalt;.;No Special Feature;Motorist Right Turn / Merge;Local Street;C: Possible Injury;Watauga;53;Clear;.;6-10 mph;20 - 25  MPH;2014;Daylight;50-59
35.0568729106, -79.0120126838;"{""type"": ""Point"", ""coordinates"": [-79.0120126837527, 35.056872910599054]}";Black;Fayetteville;Bike Lane / Paved Shoulder;2;21;Urban (>70% Developed);Male;Unknown;0;No;1;40001409;Unknown/Missing;No;0;16-19;Bicyclist Left Turn - Same Direction;None;No;#NULL!;Dry;0.023;Urban;Yes;14APR2014;0;21:20;Unknown;#NULL!;Residential;B: Evident Injury;Yes;Unknown Injury;165;April;0;Straight - Level;Coastal;With Traffic;No Control Present;Monday;Non-Intersection;19;1;Two-Way, Not Divided;2 lanes;0;Missing;SEVENTY FIRST SCHOOL R;Coarse Asphalt;FAMILY ST;No Special Feature;Bicyclist Left Turn / Merge;Local Street;B: Evident Injury;Cumberland;Unknown;Cloudy;WRIGHT AVE;Unknown;40 - 45  MPH;2014;Dark - Lighted Roadway;Unknown
35.588569082, -77.3744072148;"{""type"": ""Point"", ""coordinates"": [-77.37440721478856, 35.588569082043286]}";Black;Greenville;Sidewalk / Crosswalk / Driveway Crossing;2;12;Urban (>70% Developed);Female;Passenger Car;0;No;0;0;White;No;1;16-19;Motorist Drive Out - Commercial Driveway / Alley;None;No;#NULL!;Dry;0.001;Urban;No;01MAY2014;0;12:32;Female;#NULL!;Commercial;C: Possible Injury;Yes;O: No Injury;171;May;0;Straight - Level;Coastal;Facing Traffic;No Control Present;Thursday;Non-Intersection;19;1;Two-Way, Not Divided;5 lanes;0;No;PVA 211 E ARLINGTON BV;Smooth Asphalt;CLIFTON CI;No Special Feature;Motorist Failed to Yield - Midblock;Local Street;C: Possible Injury;Pitt;26;Clear;E ARLINGTON BV;0-5 mph;30 - 35  MPH;2014;Daylight;25-29
35.7849730799, -78.6593626149;"{""type"": ""Point"", ""coordinates"": [-78.6593626148796, 35.78497307993168]}";White;Raleigh;Sidewalk / Crosswalk / Driveway Crossing;2;11;Urban (>70% Developed);Female;Van;0;No;0;50014055;White;No;1;20-24;Motorist Drive Out - Commercial Driveway / Alley;None;No;#NULL!;Dry;0.119;Urban;No;07MAY2014;0;11:22;Female;#NULL!;Commercial;C: Possible Injury;Yes;O: No Injury;179;May;0;Straight - Level;Piedmont;Facing Traffic;No Control Present;Wednesday;Non-Intersection;23;1;Two-Way, Divided, Unprotected Median;3 lanes;0;No;HILLSBOROUGH ST;Smooth Asphalt;FOREST DR;No Special Feature;Motorist Failed to Yield - Midblock;Public Vehicular Area;C: Possible Injury;Wake;39;Cloudy;OBERLIN RD;0-5 mph;5 - 15 MPH;2014;Daylight;30-39
35.7961339778, -81.5219234757;"{""type"": ""Point"", ""coordinates"": [-81.52192347569502, 35.796133977817455]}";White;None - Rural Crash;Travel Lane;2;10;Mixed (30% To 70% Developed);Male;Sport Utility;0;No;1;40001233;White;No;0;Unknown;Crossing Paths - Uncontrolled Intersection;None;No;#NULL!;Dry;0;Rural;No;03MAY2014;0;10:02;Female;#NULL!;Residential;B: Evident Injury;No;O: No Injury;180;May;0;Straight - Level;Mountains;With Traffic;No Control Present;Saturday;Intersection;Unknown;1;Two-Way, Not Divided;2 lanes;0;No;SR 1233;Coarse Asphalt;1115;T-Intersection;Crossing Paths - Other Circumstances;State Secondary Route;B: Evident Injury;Caldwell;41;Clear;GENTRY CIR;11-15 mph;20 - 25  MPH;2014;Daylight;40-49
34.6212838164, -78.992742656;"{""type"": ""Point"", ""coordinates"": [-78.99274265598198, 34.62128381640454]}";White;Lumberton;Travel Lane;2;15;Urban (>70% Developed);Male;Passenger Car;0;No;1;40002104;Black;No;0;70+;Head-On - Bicyclist;None;No;#NULL!;Dry;0.004;Urban;No;28MAR2014;0;15:03;Male;#NULL!;Residential;B: Evident Injury;No;O: No Injury;181;March;0;Straight - Grade;Coastal;Facing Traffic;Double Yellow Line, No Passing Zone;Friday;Non-Intersection;70+;1;Two-Way, Not Divided;2 lanes;0;No;7TH ST;Coarse Asphalt;GODWIN AVE;No Special Feature;Head-On;Local Street;B: Evident Injury;Robeson;47;Clear;MCNEIL ST;31-35 mph;30 - 35  MPH;2014;Daylight;40-49
35.5834799511, -81.0289633165;"{""type"": ""Point"", ""coordinates"": [-81.02896331651134, 35.583479951099946]}";Black;None - Rural Crash;Travel Lane;2;13;Rural (<30% Developed);Male;Passenger Car;1;No;0;40001849;White;No;0;11-15;Bicyclist Ride Through - Sign-Controlled Intersection;None;No;#NULL!;Dry;0;Rural;No;28APR2014;0;13:46;Male;#NULL!;Farms, Woods, Pastures;O: No Injury;No;O: No Injury;184;April;0;Curve - Level;Piedmont;With Traffic;Stop Sign;Monday;Intersection;14;1;Two-Way, Not Divided;2 lanes;0;No;SR 1849;Smooth Asphalt;1863;T-Intersection;Bicyclist Failed to Yield - Sign-Controlled Intersection;State Secondary Route;O: No Injury;Catawba;61;Clear;1851;31-35 mph;40 - 45  MPH;2014;Daylight;60-69
35.7810620797, -78.6347926082;"{""type"": ""Point"", ""coordinates"": [-78.63479260822213, 35.78106207973375]}";White;Raleigh;Travel Lane;2;18;Urban (>70% Developed);Male;Passenger Car;1;No;0;40002298;White;No;0;25-29;Bicyclist Ride Through - Signalized Intersection;None;No;#NULL!;Dry;0;Urban;No;05MAY2014;0;18:45;Male;#NULL!;Commercial;O: No Injury;No;O: No Injury;187;May;0;Straight - Level;Piedmont;With Traffic;Stop And Go Signal;Monday;Intersection;28;1;One-Way, Not Divided;6 lanes;0;No;E EDENTON ST;Smooth Asphalt;S BLOUNT ST;Four-Way Intersection;Bicyclist Failed to Yield - Signalized Intersection;Local Street;O: No Injury;Wake;35;Clear;PERSON ST;21-25 mph;30 - 35  MPH;2014;Daylight;30-39
35.045660847, -80.7392832015;"{""type"": ""Point"", ""coordinates"": [-80.73928320147566, 35.045660846988355]}";White;Weddington;Travel Lane;2;19;Mixed (30% To 70% Developed);Male;Van;0;No;1;40001344;White;No;0;40-49;Motorist Overtaking - Other / Unknown;None;No;#NULL!;Dry;0.02;Urban;No;07MAY2014;0;19:35;Male;#NULL!;Residential;B: Evident Injury;Yes;O: No Injury;189;May;0;Straight - Level;Piedmont;With Traffic;Double Yellow Line, No Passing Zone;Wednesday;Non-Intersection;49;1;Two-Way, Not Divided;2 lanes;0;No;SR 1344;Smooth Asphalt;1345;No Special Feature;Motorist Overtaking Bicyclist;State Secondary Route;B: Evident Injury;Union;70+;Clear;2512;31-35 mph;40 - 45  MPH;2014;Daylight;70+
35.7860440792, -78.6870626236;"{""type"": ""Point"", ""coordinates"": [-78.6870626236195, 35.78604407919043]}";Other;Raleigh;Travel Lane;2;14;Urban (>70% Developed);Male;Passenger Car;0;No;0;50012171;Black;No;1;20-24;Bicyclist Ride Through - Sign-Controlled Intersection;None;No;#NULL!;Dry;0;Urban;No;17MAY2014;0;14:08;Male;#NULL!;Commercial;C: Possible Injury;Yes;O: No Injury;191;May;0;Straight - Level;Piedmont;With Traffic;Stop Sign;Saturday;Intersection;22;1;Two-Way, Not Divided;2 lanes;0;No;GORMAN ST;Concrete;WESTERN BLVD;No Special Feature;Bicyclist Failed to Yield - Sign-Controlled Intersection;Local Street;C: Possible Injury;Wake;68;Clear;LEXINGTON DR;26-30 mph;30 - 35  MPH;2014;Daylight;60-69
35.7901070752, -78.8273626668;"{""type"": ""Point"", ""coordinates"": [-78.8273626667991, 35.790107075190996]}";White;Cary;Travel Lane;2;18;Urban (>70% Developed);Female;Passenger Car;1;No;0;40003112;White;No;0;30-39;Bicyclist Overtaking - Other / Unknown;None;No;#NULL!;Dry;0.1;Urban;No;29APR2014;0;18:22;Female;#NULL!;Residential;O: No Injury;No;O: No Injury;196;April;0;Straight - Level;Piedmont;With Traffic;No Control Present;Tuesday;Non-Intersection;31;1;Two-Way, Divided, Unprotected Median;4 lanes;0;No;NW CARY PKWY;Smooth Asphalt;SUMMER LAKES;No Special Feature;Bicyclist Overtaking Motorist;State Secondary Route;O: No Injury;Wake;32;Clear;HIGH HOUSE RD;Unknown;40 - 45  MPH;2014;Daylight;30-39
34.2422517693, -77.8921623057;"{""type"": ""Point"", ""coordinates"": [-77.89216230574509, 34.242251769257976]}";Black;Wilmington;Sidewalk / Crosswalk / Driveway Crossing;2;17;Urban (>70% Developed);Male;Passenger Car;0;No;0;29000017;Black;No;1;25-29;Motorist Drive Out - Commercial Driveway / Alley;None;No;#NULL!;Dry;0.23;Urban;No;15MAY2014;0;17:01;Male;#NULL!;Commercial;C: Possible Injury;No;O: No Injury;209;May;0;Straight - Level;Coastal;Facing Traffic;Stop And Go Signal;Thursday;Non-Intersection;25;1;Two-Way, Not Divided;4 lanes;0;No;4400 MARKET ST;Coarse Asphalt;S KERR AVE;No Special Feature;Motorist Failed to Yield - Midblock;Local Street;C: Possible Injury;.;70+;Cloudy;BARCLAY HILLS DR;11-15 mph;5 - 15 MPH;2014;Daylight;70+
34.7149838978, -77.1630571071;"{""type"": ""Point"", ""coordinates"": [-77.16305710706818, 34.71498389778206]}";White;None - Rural Crash;Other;2;21;Rural (<30% Developed);Male;Pickup;0;No;0;40001434;White;No;1;30-39;Motorist Overtaking - Other / Unknown;None;No;#NULL!;Dry;0.1;Rural;No;12MAY2014;0;21:55;Male;#NULL!;Farms, Woods, Pastures;C: Possible Injury;No;O: No Injury;214;May;0;Straight - Level;Coastal;With Traffic;Double Yellow Line, No Passing Zone;Monday;Non-Intersection;30;1;Two-Way, Not Divided;2 lanes;0;No;SR 1434;Smooth Asphalt;1443;No Special Feature;Motorist Overtaking Bicyclist;State Secondary Route;C: Possible Injury;Onslow;59;Clear;1444;41-45 mph;50 - 55  MPH;2014;Dark - Roadway Not Lighted;50-59
34.4263528219, -77.5454822094;"{""type"": ""Point"", ""coordinates"": [-77.54548220936564, 34.42635282185273]}";White;Surf City;Travel Lane;2;13;Mixed (30% To 70% Developed);Male;Passenger Car;0;No;0;0;White;No;1;6-10;Bicyclist Ride Through - Signalized Intersection;None;No;#NULL!;Dry;0;Rural;No;01JUN2014;0;13:00;Male;#NULL!;Commercial;C: Possible Injury;No;O: No Injury;218;June;0;Straight - Level;Coastal;With Traffic;Stop And Go Signal;Sunday;Intersection;10;1;Two-Way, Divided, Unprotected Median;3 lanes;0;No;ROLAND AVE;Coarse Asphalt;N TOPSAIL DR;Four-Way Intersection;Bicyclist Failed to Yield - Signalized Intersection;Local Street;C: Possible Injury;Pender;20;Clear;S TOPSAIL DR;31-35 mph;30 - 35  MPH;2014;Daylight;20-24
35.9919811145, -78.9214887061;"{""type"": ""Point"", ""coordinates"": [-78.92148870605588, 35.991981114503446]}";Black;Durham;Travel Lane;2;21;Urban (>70% Developed);Male;Light Truck (Mini-Van, Panel);0;No;0;40001127;Hispanic;No;1;11-15;Motorist Drive Out - Sign-Controlled Intersection;None;No;#NULL!;Dry;0;Urban;No;01JUN2014;0;21:50;Male;#NULL!;Commercial;C: Possible Injury;Yes;O: No Injury;228;June;0;Straight - Level;Piedmont;Facing Traffic;Stop Sign;Sunday;Intersection;13;1;Two-Way, Not Divided;2 lanes;0;No;MOREHEAD AVE;Coarse Asphalt;CHAPEL HILL RD;No Special Feature;Motorist Failed to Yield - Sign-Controlled Intersection;Local Street;C: Possible Injury;Durham;37;Clear;ROSEDALE AVE;0-5 mph;30 - 35  MPH;2014;Dark - Lighted Roadway;30-39
35.7762070792, -78.6182526028;"{""type"": ""Point"", ""coordinates"": [-78.61825260283969, 35.77620707923271]}";Black;Raleigh;Travel Lane;2;18;Urban (>70% Developed);Male;Light Truck (Mini-Van, Panel);0;No;1;50019046;Black;No;0;6-10;Bicyclist Ride Through - Sign-Controlled Intersection;Non-Highway Work;No;#NULL!;Dry;0;Urban;No;29MAY2014;0;18:04;Male;#NULL!;Residential;B: Evident Injury;Yes;O: No Injury;231;May;0;Straight - Hillcrest;Piedmont;With Traffic;Stop Sign;Thursday;Intersection;7;1;Two-Way, Not Divided;2 lanes;0;No;E MARTIN ST;Grooved Concrete;PARRISH ST;No Special Feature;Bicyclist Failed to Yield - Sign-Controlled Intersection;Local Street;B: Evident Injury;Wake;70+;Clear;E MARTIN ST;26-30 mph;30 - 35  MPH;2014;Daylight;70+
35.792317084, -78.5816925918;"{""type"": ""Point"", ""coordinates"": [-78.5816925918088, 35.79231708401118]}";Black;Raleigh;Non-Roadway;2;20;Urban (>70% Developed);Male;Passenger Car;0;No;1;0;Black;No;0;0-5;Non-Roadway;None;No;#NULL!;Dry;0.002;Urban;No;05JUN2014;0;20:23;Female;#NULL!;Residential;B: Evident Injury;Yes;O: No Injury;237;June;0;Straight - Level;Piedmont;Not Applicable;No Control Present;Thursday;Non-Roadway;5;1;Two-Way, Not Divided;Unknown;0;No;PVA 3302 NEW BERN RIDGE DR;Smooth Asphalt;KELLY AUSTIN DR;Driveway, Public;Non-Roadway;Public Vehicular Area;B: Evident Injury;Wake;26;Clear;PRIDWEN CIR;11-15 mph;20 - 25  MPH;2014;Dark - Lighted Roadway;25-29
36.0132132291, -75.711785726;"{""type"": ""Point"", ""coordinates"": [-75.7117857260483, 36.01321322907472]}";White;None - Rural Crash;Travel Lane;3;9;Urban (>70% Developed);Male;Pickup;0;No;2;40001217;White;No;0;20-24;Motorist Left Turn - Opposite Direction;None;No;#NULL!;Dry;0;Rural;No;23MAY2014;0;9:09;Male;#NULL!;Residential;B: Evident Injury;Yes;O: No Injury;238;May;0;Straight - Level;Coastal;With Traffic;Double Yellow Line, No Passing Zone;Friday;Intersection;21;2;Two-Way, Not Divided;2 lanes;0;No;SR 1217;Coarse Asphalt;KNIGHT COURT;T-Intersection;Motorist Left Turn / Merge;State Secondary Route;B: Evident Injury;Dare;43;Clear;COLINGTON DRIVE;31-35 mph;30 - 35  MPH;2014;Daylight;40-49
36.0730131008, -79.7832429712;"{""type"": ""Point"", ""coordinates"": [-79.78324297124959, 36.07301310075677]}";Hispanic;Greensboro;Travel Lane;2;16;Urban (>70% Developed);Male;Passenger Car;0;No;1;50011215;White;No;0;50-59;Bicyclist Ride Through - Signalized Intersection;None;No;#NULL!;Dry;0;Urban;No;10JUN2014;0;16:42;Male;#NULL!;Commercial;B: Evident Injury;Yes;O: No Injury;241;June;0;Straight - Level;Piedmont;Facing Traffic;Stop And Go Signal;Tuesday;Intersection;51;1;Two-Way, Divided, Unprotected Median;2 lanes;0;No;E FRIENDLY AV;Smooth Asphalt;REGAN ST;No Special Feature;Bicyclist Failed to Yield - Signalized Intersection;Local Street;B: Evident Injury;Guilford;56;Clear;N MURROW BLVD;21-25 mph;30 - 35  MPH;2014;Daylight;50-59
34.6142868156, -78.9799926516;"{""type"": ""Point"", ""coordinates"": [-78.97999265164657, 34.614286815557584]}";Unknown/Missing;Lumberton;Bike Lane / Paved Shoulder;2;22;Urban (>70% Developed);Unknown;Unknown;0;No;0;50026121;Unknown/Missing;No;0;30-39;Motorist Drive Out - Commercial Driveway / Alley;None;No;#NULL!;Wet;0.063;Urban;Yes;27MAY2014;1;22:46;Unknown;#NULL!;Commercial;Unknown Injury;No;Unknown Injury;242;May;0;Straight - Level;Coastal;Facing Traffic;No Control Present;Tuesday;Non-Intersection;35;1;Two-Way, Not Divided;5 lanes;0;Missing;ROBERTS AVE;Coarse Asphalt;MCPHAIL RD;No Special Feature;Motorist Failed to Yield - Midblock;Local Street;Unknown Injury;Robeson;Unknown;Cloudy;MIDDLE ST;6-10 mph;40 - 45  MPH;2014;Dark - Lighted Roadway;Unknown
35.8501120965, -78.5785475943;"{""type"": ""Point"", ""coordinates"": [-78.57854759433789, 35.8501120964611]}";Hispanic;Raleigh;Sidewalk / Crosswalk / Driveway Crossing;2;14;Urban (>70% Developed);Male;Sport Utility;0;No;0;40002108;Unknown/Missing;No;1;20-24;Motorist Drive Out - Residential Driveway;None;No;#NULL!;Dry;0.107;Urban;Yes;11JUN2014;0;14:56;Unknown;#NULL!;Residential;C: Possible Injury;Yes;Unknown Injury;243;June;0;Straight - Level;Piedmont;Facing Traffic;No Control Present;Wednesday;Non-Intersection;24;1;Two-Way, Not Divided;2 lanes;0;Missing;N NEW HOPE RD;Coarse Asphalt;CAPIITAL BLVD;No Special Feature;Motorist Failed to Yield - Midblock;Public Vehicular Area;C: Possible Injury;Wake;Unknown;Clear;HOLLENDEN DR;6-10 mph;20 - 25  MPH;2014;Dusk;Unknown
36.0033671186, -78.8930726978;"{""type"": ""Point"", ""coordinates"": [-78.89307269776023, 36.00336711858264]}";White;Durham;Sidewalk / Crosswalk / Driveway Crossing;2;21;Urban (>70% Developed);Female;Passenger Car;0;No;0;40001670;Unknown/Missing;No;1;25-29;Motorist Left Turn - Opposite Direction;None;No;#NULL!;Dry;0;Urban;Yes;15JUN2014;0;21:08;Unknown;#NULL!;Residential;C: Possible Injury;No;Unknown Injury;248;June;0;Straight - Level;Piedmont;With Traffic;Stop And Go Signal;Sunday;Intersection;28;1;Two-Way, Not Divided;2 lanes;0;Missing;E GEER ST;Smooth Asphalt;#NULL!;Four-Way Intersection;Motorist Left Turn / Merge;Local Street;C: Possible Injury;Durham;Unknown;Cloudy;N ROXBORO RD;Unknown;Unknown;2014;Dark - Lighted Roadway;Unknown
35.0974649056, -79.402338804;"{""type"": ""Point"", ""coordinates"": [-79.4023388039964, 35.097464905582676]}";White;None - Rural Crash;Travel Lane;2;7;Rural (<30% Developed);Male;Single Unit Truck (2-Axle, 6-Tire);0;No;1;40002077;White;No;0;40-49;Motorist Overtaking - Other / Unknown;None;No;#NULL!;Dry;1.5;Rural;No;02JUN2014;0;7:52;Male;#NULL!;Commercial;B: Evident Injury;Yes;O: No Injury;253;June;0;Straight - Level;Piedmont;With Traffic;No Control Present;Monday;Non-Intersection;43;1;Two-Way, Not Divided;2 lanes;0;No;SR 2077;Coarse Asphalt;0;No Special Feature;Motorist Overtaking Bicyclist;State Secondary Route;B: Evident Injury;Moore;24;Clear;211;41-45 mph;40 - 45  MPH;2014;Daylight;20-24
35.611767087, -77.3761522167;"{""type"": ""Point"", ""coordinates"": [-77.37615221666128, 35.611767087009916]}";Other;Greenville;Sidewalk / Crosswalk / Driveway Crossing;2;12;Urban (>70% Developed);Female;Pickup;0;No;0;50024334;White;No;1;20-24;Bicyclist Lost Control - Mechanical Problems;None;No;#NULL!;Dry;0.002;Urban;No;13JUN2014;0;12:20;Male;#NULL!;Institutional;C: Possible Injury;Yes;O: No Injury;259;June;0;Straight - Level;Coastal;With Traffic;Stop And Go Signal;Friday;Intersection;21;1;One-Way, Not Divided;2 lanes;0;No;S PITT ST;Smooth Asphalt;E 4TH ST;No Special Feature;Loss of Control / Turning Error;Local Street;C: Possible Injury;Pitt;65;Clear;E 5TH ST;16-20 mph;20 - 25  MPH;2014;Daylight;60-69
35.2035748517, -81.5316834449;"{""type"": ""Point"", ""coordinates"": [-81.53168344488134, 35.203574851658686]}";White;None - Rural Crash;Travel Lane;2;22;Mixed (30% To 70% Developed);Male;Unknown;0;No;1;30000198;Unknown/Missing;No;0;50-59;Motorist Left Turn - Opposite Direction;None;No;#NULL!;Dry;0;Rural;Yes;04JUN2014;0;22:46;Unknown;#NULL!;Institutional;B: Evident Injury;Yes;Unknown Injury;261;June;0;Straight - Level;Mountains;With Traffic;Double Yellow Line, No Passing Zone;Wednesday;Intersection;52;1;Two-Way, Not Divided;2 lanes;0;Missing;198;Coarse Asphalt;2213;T-Intersection;Motorist Left Turn / Merge;NC Route;B: Evident Injury;Cleveland;Unknown;Clear;2226;21-25 mph;40 - 45  MPH;2014;Dark - Roadway Not Lighted;Unknown
35.1544338697, -80.7531392113;"{""type"": ""Point"", ""coordinates"": [-80.75313921132312, 35.15443386966675]}";Black;Charlotte;Non-Roadway;2;18;Rural (<30% Developed);Male;Passenger Car;0;No;0;0;White;No;1;6-10;Non-Roadway;None;No;#NULL!;Dry;0.379;Urban;No;25JUN2014;0;18:52;Male;#NULL!;Residential;C: Possible Injury;Yes;O: No Injury;283;June;0;Straight - Level;Piedmont;Not Applicable;No Control Present;Wednesday;Non-Roadway;7;1;Two-Way, Not Divided;2 lanes;0;No;PVA 7029 FERNWOOD DRIVE;Smooth Asphalt;#NULL!;No Special Feature;Non-Roadway;Public Vehicular Area;C: Possible Injury;Mecklenburg;32;Clear;THERMAL ROAD;0-5 mph;5 - 15 MPH;2014;Daylight;30-39
36.0359800924, -79.8002829739;"{""type"": ""Point"", ""coordinates"": [-79.80028297388792, 36.035980092422285]}";Black;Greensboro;Travel Lane;2;10;Urban (>70% Developed);Male;Single Unit Truck (2-Axle, 6-Tire);0;No;0;40001007;Black;No;0;70+;Crossing Paths - Uncontrolled Intersection;None;No;#NULL!;Dry;0;Urban;No;20JUN2014;0;10:44;Male;#NULL!;Commercial;K: Killed;Yes;O: No Injury;301;June;1;Straight - Grade;Piedmont;Not Applicable;No Control Present;Friday;Intersection;70+;1;Two-Way, Not Divided;6 lanes;0;No;RANDLEMAN RD;Smooth Asphalt;MEADOWVIEW RD;No Special Feature;Crossing Paths - Other Circumstances;Local Street;K: Killed;Guilford;57;Clear;DOUGHERTY;26-30 mph;5 - 15 MPH;2014;Daylight;50-59
34.9221108227, -80.6744331757;"{""type"": ""Point"", ""coordinates"": [-80.67443317571966, 34.922110822709946]}";White;None - Rural Crash;Travel Lane;2;12;Rural (<30% Developed);Male;Unknown;0;Yes-Alcohol,  impairment suspected;1;40001137;Unknown/Missing;No;0;20-24;Motorist Lost Control - Other / Unknown;None;Yes;#NULL!;Dry;0.01;Rural;Yes;27JUN2014;0;12:25;Unknown;#NULL!;Farms, Woods, Pastures;B: Evident Injury;Yes;Unknown Injury;308;June;0;Straight - Level;Piedmont;With Traffic;Double Yellow Line, No Passing Zone;Friday;Non-Intersection;23;1;Two-Way, Not Divided;2 lanes;0;Unknown;SR 1137;Smooth Asphalt;1147;No Special Feature;Loss of Control / Turning Error;State Secondary Route;B: Evident Injury;Union;Unknown;Clear;1111;31-35 mph;40 - 45  MPH;2014;Dark - Roadway Not Lighted;Unknown
33.913966684, -78.2693124043;"{""type"": ""Point"", ""coordinates"": [-78.26931240429936, 33.9139666839964]}";White;Holden Beach;Travel Lane;2;7;Urban (>70% Developed);Male;Passenger Car;0;No;1;40001116;White;No;0;30-39;Motorist Left Turn - Same Direction;None;No;#NULL!;Dry;0;Rural;No;08JUN2014;0;7:56;Female;#NULL!;Commercial;B: Evident Injury;No;O: No Injury;311;June;0;Straight - Level;Coastal;With Traffic;No Control Present;Sunday;Intersection;32;1;Two-Way, Not Divided;2 lanes;0;No;SR 1116;Coarse Asphalt;ROTHSCHILD ST;T-Intersection;Motorist Left Turn / Merge;State Secondary Route;B: Evident Injury;Brunswick;19;Clear;130;6-10 mph;30 - 35  MPH;2014;Daylight;0-19
36.0689470995, -79.794237974;"{""type"": ""Point"", ""coordinates"": [-79.79423797404004, 36.06894709952439]}";Black;Greensboro;Travel Lane;2;16;Urban (>70% Developed);Male;Passenger Car;0;No;1;50009934;Black;No;0;25-29;Motorist Drive Through - Signalized Intersection;None;No;#NULL!;Dry;0;Urban;No;13JUL2014;0;16:59;Female;#NULL!;Commercial;B: Evident Injury;Yes;O: No Injury;322;July;0;Straight - Level;Piedmont;With Traffic;Stop And Go Signal;Sunday;Intersection;28;1;Two-Way, Divided, Unprotected Median;5 lanes;0;No;S EUGENE ST;Smooth Asphalt;LEE ST;Four-Way Intersection;Motorist Failed to Yield - Signalized Intersection;Local Street;B: Evident Injury;Guilford;19;Clear;MCGEE ST;31-35 mph;30 - 35  MPH;2014;Daylight;0-19
35.3346439062, -80.8129992386;"{""type"": ""Point"", ""coordinates"": [-80.81299923860237, 35.334643906236735]}";White;Charlotte;Sidewalk / Crosswalk / Driveway Crossing;2;17;Urban (>70% Developed);Male;Sport Utility;0;No;1;0;Hispanic;No;0;16-19;Non-Roadway;Other;No;#NULL!;Dry;0;Urban;No;06JUL2014;0;17:00;Male;#NULL!;Commercial;B: Evident Injury;No;O: No Injury;323;July;0;Straight - Grade;Piedmont;Not Applicable;Stop Sign;Sunday;Non-Roadway;17;1;Two-Way, Not Divided;2 lanes;0;No;PVA 8445 DAVIS LAKE PY;Smooth Asphalt;#NULL!;Driveway, Public;Non-Roadway;Public Vehicular Area;B: Evident Injury;Mecklenburg;26;Clear;UNIVERSITY STATION CR;6-10 mph;5 - 15 MPH;2014;Daylight;25-29