Geo Point;Geo Shape;BikeRace;City;BikePos;NumUnits;CrashHour;Locality;BikeSex;DrvrVehTyp;NumBikesNo;BikeAlcDrg;NumBikesBI;RteInvdCd;DrvrRace;Workzone;NumBikesCi;BikeAgeGrp;CrashType;RdDefects;CrashAlcoh;BikeAlcoho;RdConditio;DstncMiFrm;RuralUrban;HitRun;CrashDate;NumBikesUI;CrashTime;DrvrSex;DrvrAlcoho;Developmen;CrashSevr;AmbulanceR;DrvrInjury;OBJECTID;CrashMonth;NumBikesKi;RdCharacte;Region;BikeDir;TraffCntrl;CrashDay;CrashLoc;BikeAge;NumBikesTo;RdConfig;NumLanes;NumBikesAI;DrvrAlcDrg;OnRoad;RdSurface;Towrd_Rd;RdFeature;CrashGrp;RdClass;BikeInjury;County;DrvrAge;Weather;FrmRd;DrvrEstSpd;SpeedLimit;CrashYear;LightCond;DrvrAgeGrp
35.1872667785, -83.3711939866;"{""type"": ""Point"", ""coordinates"": [-83.37119398660352, 35.18726677853031]}";White;Franklin;Sidewalk / Crosswalk / Driveway Crossing;2;22;Urban (>70% Developed);Male;Van;0;No;0;29000441;White;No;0;16-19;Motorist Left Turn - Opposite Direction;None;No;#NULL!;Dry;0;Rural;No;17JUL2014;0;22:03;Female;#NULL!;Commercial;A: Disabling Injury;Yes;O: No Injury;326;July;0;Straight - Level;Mountains;With Traffic;Stop And Go Signal;Thursday;Intersection;17;1;Two-Way, Not Divided;5 lanes;1;No;US 441;Smooth Asphalt;WATAUGA STREET;Four-Way Intersection;Motorist Left Turn / Merge;US Route;A: Disabling Injury;Macon;25;Clear;LAKESIDE DRIVE;11-15 mph;40 - 45  MPH;2014;Dark - Roadway Not Lighted;25-29
35.5890340817, -77.3885372194;"{""type"": ""Point"", ""coordinates"": [-77.38853721936567, 35.58903408165427]}";White;Greenville;Travel Lane;2;21;Urban (>70% Developed);Male;Unknown;0;Yes- Alcohol and Drugs, impairment suspected;0;0;Unknown/Missing;No;1;50-59;Motorist Overtaking - Other / Unknown;None;Yes;#NULL!;Dry;0.005;Urban;Yes;13JUL2014;0;21:16;Unknown;#NULL!;Residential;C: Possible Injury;No;Unknown Injury;335;July;0;Straight - Level;Coastal;With Traffic;No Control Present;Sunday;Intersection-Related;57;1;Two-Way, Not Divided;2 lanes;0;Missing;MILLBROOK ST;Coarse Asphalt;PINE ST;No Special Feature;Motorist Overtaking Bicyclist;Local Street;C: Possible Injury;Pitt;Unknown;Clear;HOOKER RD;41-45 mph;40 - 45  MPH;2014;Dusk;Unknown
35.247679873, -81.2024133497;"{""type"": ""Point"", ""coordinates"": [-81.20241334966684, 35.24767987298165]}";White;Gastonia;Travel Lane;2;21;Mixed (30% To 70% Developed);Male;Unknown;0;No;0;0;Unknown/Missing;No;1;25-29;Motorist Overtaking - Other / Unknown;None;No;#NULL!;Dry;0.011;Urban;Yes;04JUN2014;0;21:37;Unknown;#NULL!;Residential;C: Possible Injury;No;Unknown Injury;336;June;0;Straight - Level;Piedmont;With Traffic;No Control Present;Wednesday;Non-Intersection;27;1;Two-Way, Divided, Unprotected Median;2 lanes;0;Missing;SPENCER AVE;Smooth Asphalt;MILLER ST;No Special Feature;Motorist Overtaking Bicyclist;Local Street;C: Possible Injury;Gaston;Unknown;Clear;HILLCREST AVE;11-15 mph;30 - 35  MPH;2014;Dark - Lighted Roadway;Unknown
34.6393568214, -78.9570926459;"{""type"": ""Point"", ""coordinates"": [-78.95709264585103, 34.63935682142493]}";Native American;None - Rural Crash;Travel Lane;2;7;Rural (<30% Developed);Male;Passenger Car;0;No;0;0;Native American;No;1;20-24;Motorist Drive Out - Sign-Controlled Intersection;None;No;#NULL!;Dry;0.6;Rural;No;05JUN2014;0;7:43;Male;#NULL!;Farms, Woods, Pastures;C: Possible Injury;Yes;O: No Injury;338;June;0;Straight - Level;Coastal;Facing Traffic;No Control Present;Thursday;Intersection;22;1;Two-Way, Not Divided;2 lanes;0;No;PP KELSEY DR;Coarse Asphalt;2109;Driveway, Private;Motorist Failed to Yield - Sign-Controlled Intersection;NC Route;C: Possible Injury;Robeson;42;Clear;2110;0-5 mph;5 - 15 MPH;2014;Daylight;40-49
35.6116590866, -77.3741222158;"{""type"": ""Point"", ""coordinates"": [-77.37412221577304, 35.611659086591715]}";White;Greenville;Sidewalk / Crosswalk / Driveway Crossing;2;9;Urban (>70% Developed);Male;Light Truck (Mini-Van, Panel);0;No;0;50032162;White;No;0;25-29;Motorist Drive Out - Commercial Driveway / Alley;None;No;#NULL!;Dry;0.018;Urban;No;24JUL2014;0;9:00;Female;#NULL!;Institutional;A: Disabling Injury;Yes;O: No Injury;342;July;0;Straight - Level;Coastal;Facing Traffic;No Control Present;Thursday;Non-Intersection;28;1;Two-Way, Not Divided;2 lanes;1;No;S WASHINGTON ST;Coarse Asphalt;W 4TH ST;Driveway, Public;Motorist Failed to Yield - Midblock;Local Street;A: Disabling Injury;Pitt;29;Cloudy;W 5TH ST;0-5 mph;30 - 35  MPH;2014;Daylight;25-29
35.521997034, -78.3578665104;"{""type"": ""Point"", ""coordinates"": [-78.35786651042665, 35.52199703396626]}";Black;Smithfield;Travel Lane;2;14;Urban (>70% Developed);Male;Passenger Car;0;No;0;40001913;Black;No;0;50-59;Motorist Overtaking - Bicyclist Swerved;None;No;#NULL!;Dry;0.095;Urban;No;12JUN2014;1;14:18;Male;#NULL!;Commercial;O: No Injury;Yes;O: No Injury;345;June;0;Straight - Level;Coastal;With Traffic;No Control Present;Thursday;Non-Intersection;52;1;Two-Way, Not Divided;2 lanes;0;No;SR 1913;Coarse Asphalt;HAMILTON DR;No Special Feature;Motorist Overtaking Bicyclist;State Secondary Route;Unknown Injury;Johnston;17;Clear;70;31-35 mph;40 - 45  MPH;2014;Daylight;0-19
35.9256511014, -78.9107826987;"{""type"": ""Point"", ""coordinates"": [-78.91078269870347, 35.92565110139017]}";White;Durham;Travel Lane;2;14;Urban (>70% Developed);Male;Passenger Car;0;No;0;50001634;Black;No;1;50-59;Bicyclist Overtaking - Parked Vehicle;None;No;#NULL!;Dry;0;Urban;No;25JUL2014;0;14:03;Female;#NULL!;Residential;C: Possible Injury;Yes;O: No Injury;348;July;0;Straight - Level;Piedmont;With Traffic;Stop Sign;Friday;Intersection-Related;50;1;Two-Way, Not Divided;2 lanes;0;No;CARPENTER FLETCHER RD;Smooth Asphalt;#NULL!;T-Intersection;Bicyclist Overtaking Motorist;Local Street;C: Possible Injury;Durham;40;Clear;BARBEE RD;0-5 mph;30 - 35  MPH;2014;Daylight;40-49
35.7761000792, -78.6393686084;"{""type"": ""Point"", ""coordinates"": [-78.63936860841137, 35.776100079153075]}";White;Raleigh;Travel Lane;2;16;Urban (>70% Developed);Male;Sport Utility;0;No;1;50010335;White;No;0;20-24;Motorist Drive In / Out - Parking;None;No;#NULL!;Wet;0.054;Urban;No;21JUL2014;0;16:21;Female;#NULL!;Commercial;B: Evident Injury;Yes;O: No Injury;350;July;0;Straight - Level;Piedmont;With Traffic;No Control Present;Monday;Non-Intersection;24;1;Two-Way, Not Divided;2 lanes;0;No;FAYETTEVILLE ST;Smooth Asphalt;W DAVIE ST;No Special Feature;Parking / Bus-Related;Local Street;B: Evident Injury;Wake;52;Rain;W MARTIN ST;0-5 mph;30 - 35  MPH;2014;Daylight;50-59
36.0571570967, -79.8080469776;"{""type"": ""Point"", ""coordinates"": [-79.80804697759017, 36.0571570967315]}";Black;Greensboro;Travel Lane;2;14;Urban (>70% Developed);Male;Passenger Car;0;No;0;50013978;Black;No;1;20-24;Bicyclist Ride Through - Sign-Controlled Intersection;None;No;#NULL!;Dry;0;Urban;No;28JUL2014;0;14:32;Male;#NULL!;Residential;C: Possible Injury;Yes;O: No Injury;352;July;0;Straight - Bottom;Piedmont;Unknown;Stop Sign;Monday;Intersection;21;1;Two-Way, Not Divided;2 lanes;0;No;HIGHLAND AV;Coarse Asphalt;HAYWOOD ST;Four-Way Intersection;Bicyclist Failed to Yield - Sign-Controlled Intersection;Local Street;C: Possible Injury;Guilford;45;Clear;HERTFORD ST;21-25 mph;20 - 25  MPH;2014;Daylight;40-49
34.2435527692, -77.9174223131;"{""type"": ""Point"", ""coordinates"": [-77.91742231314713, 34.24355276921916]}";White;Wilmington;Bike Lane / Paved Shoulder;2;19;Urban (>70% Developed);Male;Passenger Car;0;Unknown;1;40001301;White;No;0;40-49;Motorist Drive Out - Sign-Controlled Intersection;None;No;#NULL!;Dry;0;Urban;No;27JUN2014;0;19:30;Male;#NULL!;Residential;B: Evident Injury;No;Unknown Injury;355;June;0;Straight - Level;Coastal;Facing Traffic;Stop Sign;Friday;Intersection;41;1;Two-Way, Not Divided;2 lanes;0;Unknown;PRINCESS PLACE DR;Smooth Asphalt;23RD ST;Four-Way Intersection;Motorist Failed to Yield - Sign-Controlled Intersection;Local Street;B: Evident Injury;New Hanover;25;Clear;KENWOOD AVE;0-5 mph;30 - 35  MPH;2014;Daylight;25-29
36.2060730572, -81.6704535444;"{""type"": ""Point"", ""coordinates"": [-81.67045354444221, 36.206073057202126]}";White;Boone;Sidewalk / Crosswalk / Driveway Crossing;2;6;Urban (>70% Developed);Male;Sport Utility;0;No;0;20000321;White;No;1;20-24;Motorist Right Turn - Same Direction;None;No;#NULL!;Dry;0.047;Urban;Yes;26JUL2014;0;6:25;Female;#NULL!;Commercial;C: Possible Injury;Yes;O: No Injury;356;July;0;Straight - Level;Mountains;With Traffic;Other;Saturday;Non-Intersection;21;1;Two-Way, Not Divided;5 lanes;0;Missing;BLOWING ROCK RD;Coarse Asphalt;HIGHLAND AVE;Driveway, Public;Motorist Right Turn / Merge;US Route;C: Possible Injury;Watauga;Unknown;Clear;105;16-20 mph;5 - 15 MPH;2014;Daylight;Unknown
35.7850570796, -78.659992616;"{""type"": ""Point"", ""coordinates"": [-78.65999261597447, 35.78505707961173]}";White;Raleigh;Bike Lane / Paved Shoulder;2;12;Urban (>70% Developed);Male;Passenger Car;0;No;0;0;Black;No;1;30-39;Motorist Right Turn - Same Direction;None;No;#NULL!;Dry;0;Urban;No;04JUL2014;0;12:15;Female;#NULL!;Commercial;C: Possible Injury;No;O: No Injury;357;July;0;Straight - Level;Piedmont;With Traffic;No Control Present;Friday;Non-Intersection;30;1;Two-Way, Not Divided;2 lanes;0;No;PVA 1707 HILLSBOROUGH ST;Smooth Asphalt;ASHE AVE;No Special Feature;Motorist Right Turn / Merge;Local Street;C: Possible Injury;Wake;67;Clear;HILLSBOROUGH ST;6-10 mph;5 - 15 MPH;2014;Daylight;60-69
35.0510319109, -78.9675926705;"{""type"": ""Point"", ""coordinates"": [-78.96759267048132, 35.05103191085594]}";Black;Fayetteville;Non-Roadway;2;17;Urban (>70% Developed);Female;Pickup;0;No;0;0;White;No;1;0-5;Non-Roadway;None;No;#NULL!;Dry;0;Urban;No;08JUN2014;0;17:30;Male;#NULL!;Residential;C: Possible Injury;No;O: No Injury;368;June;0;Straight - Level;Coastal;Not Applicable;No Control Present;Sunday;Non-Roadway;5;1;One-Way, Not Divided;Unknown;0;No;PVA 818 ENGLISH CT;Smooth Asphalt;MONTCLAIR RD;No Special Feature;Non-Roadway;Public Vehicular Area;C: Possible Injury;Cumberland;21;Cloudy;ENGLISH CT;0-5 mph;5 - 15 MPH;2014;Daylight;20-24
34.9909268923, -79.1198627133;"{""type"": ""Point"", ""coordinates"": [-79.11986271334668, 34.990926892293075]}";Black;None - Rural Crash;Travel Lane;2;14;Rural (<30% Developed);Male;Passenger Car;0;No;1;40001406;Black;No;0;11-15;Motorist Overtaking - Other / Unknown;None;No;#NULL!;Dry;0.23;Rural;No;24JUL2014;0;14:00;Female;#NULL!;Farms, Woods, Pastures;B: Evident Injury;Yes;O: No Injury;370;July;0;Straight - Bottom;Coastal;With Traffic;Double Yellow Line, No Passing Zone;Thursday;Non-Intersection;14;1;Two-Way, Not Divided;2 lanes;0;No;1406;Coarse Asphalt;1414;No Special Feature;Motorist Overtaking Bicyclist;State Secondary Route;B: Evident Injury;Hoke;63;Clear;1412;51-55 mph;50 - 55  MPH;2014;Daylight;60-69
36.1382271118, -79.8473389936;"{""type"": ""Point"", ""coordinates"": [-79.8473389935559, 36.138227111801235]}";White;Greensboro;Sidewalk / Crosswalk / Driveway Crossing;2;12;Mixed (30% To 70% Developed);Male;Passenger Car;0;No;0;0;White;No;1;50-59;Motorist Drive Out - Right Turn on Red;None;No;#NULL!;Dry;0;Urban;No;29JUL2014;0;12:18;Female;#NULL!;Residential;C: Possible Injury;Yes;O: No Injury;379;July;0;Straight - Level;Piedmont;Facing Traffic;Stop And Go Signal;Tuesday;Intersection;56;1;Two-Way, Divided, Unprotected Median;3 lanes;0;No;COTSALD AV;Coarse Asphalt;BATTLEGROUND AV;Four-Way Intersection;Motorist Failed to Yield - Signalized Intersection;Local Street;C: Possible Injury;Guilford;28;Clear;OLD BATTLEGROUND AV;0-5 mph;30 - 35  MPH;2014;Daylight;25-29
35.9339750642, -79.9838730233;"{""type"": ""Point"", ""coordinates"": [-79.9838730233249, 35.933975064167925]}";White;High Point;Travel Lane;2;15;Rural (<30% Developed);Male;Passenger Car;0;No;1;0;White;No;0;30-39;Motorist Overtaking - Other / Unknown;None;No;#NULL!;Dry;0.089;Urban;No;13JUN2014;0;15:12;Male;#NULL!;Residential;B: Evident Injury;Yes;O: No Injury;386;June;0;Straight - Hillcrest;Piedmont;With Traffic;Double Yellow Line, No Passing Zone;Friday;Non-Intersection;38;1;Two-Way, Not Divided;2 lanes;0;No;MODEL FARM RD;Coarse Asphalt;ELVA PL;No Special Feature;Motorist Overtaking Bicyclist;Local Street;B: Evident Injury;Guilford;40;Clear;FRANCIS ST;21-25 mph;30 - 35  MPH;2014;Daylight;40-49
35.5750869351, -81.420973433;"{""type"": ""Point"", ""coordinates"": [-81.42097343304336, 35.57508693507685]}";White;None - Rural Crash;Travel Lane;2;10;Mixed (30% To 70% Developed);Female;Sport Utility;0;No;1;40002046;White;No;0;70+;Motorist Drive Through - Sign-Controlled Intersection;None;No;#NULL!;Dry;0;Rural;No;14JUN2014;0;10:55;Female;#NULL!;Residential;B: Evident Injury;Yes;O: No Injury;388;June;0;Curve - Level;Piedmont;With Traffic;Stop Sign;Saturday;Intersection;70+;1;Two-Way, Not Divided;2 lanes;0;No;SR 2046;Smooth Asphalt;DEAD END;T-Intersection;Motorist Failed to Yield - Sign-Controlled Intersection;State Secondary Route;B: Evident Injury;Lincoln;39;Clear;2045;6-10 mph;20 - 25  MPH;2014;Daylight;30-39
35.7805590834, -78.5414075799;"{""type"": ""Point"", ""coordinates"": [-78.54140757986299, 35.780559083358646]}";Black;Raleigh;Travel Lane;2;19;Urban (>70% Developed);Male;Passenger Car;0;No;0;0;Asian;No;1;6-10;Head-On - Bicyclist;None;No;#NULL!;Dry;0.004;Urban;No;05AUG2014;0;19:16;Male;#NULL!;Residential;C: Possible Injury;No;O: No Injury;392;August;0;Straight - Level;Piedmont;Facing Traffic;No Control Present;Tuesday;Non-Intersection;7;1;Two-Way, Not Divided;2 lanes;0;No;DALEVIEW DR;Smooth Asphalt;TAYLORS CREEK CT;No Special Feature;Head-On;Local Street;C: Possible Injury;Wake;42;Clear;PENNCROSS;6-10 mph;20 - 25  MPH;2014;Daylight;40-49
35.7404770718, -78.6304626038;"{""type"": ""Point"", ""coordinates"": [-78.63046260384867, 35.740477071800306]}";Black;Raleigh;Travel Lane;2;12;Urban (>70% Developed);Male;Passenger Car;0;No;0;50011494;Black;No;0;16-19;Bicyclist Ride Through - Signalized Intersection;None;No;#NULL!;Dry;0;Urban;No;07AUG2014;0;12:39;Female;#NULL!;Residential;A: Disabling Injury;Yes;O: No Injury;397;August;0;Straight - Level;Piedmont;With Traffic;Stop And Go Signal;Thursday;Intersection;16;1;Two-Way, Not Divided;3 lanes;1;No;GARNER RD;Smooth Asphalt;HILLTOP DR;Four-Way Intersection;Bicyclist Failed to Yield - Signalized Intersection;Local Street;A: Disabling Injury;Wake;70+;Clear;CROSS LINK RD;21-25 mph;30 - 35  MPH;2014;Daylight;70+
35.9610250688, -80.0023230304;"{""type"": ""Point"", ""coordinates"": [-80.00232303044889, 35.96102506884085]}";Black;High Point;Travel Lane;2;12;Urban (>70% Developed);Male;Single Unit Truck (2-Axle, 6-Tire);0;No;1;50032162;Native American;No;0;11-15;Bicyclist Ride Through - Sign-Controlled Intersection;None;No;#NULL!;Dry;0;Urban;No;31JUL2014;0;12:17;Male;#NULL!;Commercial;B: Evident Injury;Yes;O: No Injury;398;July;0;Straight - Grade;Piedmont;With Traffic;Stop Sign;Thursday;Intersection;13;1;Two-Way, Not Divided;2 lanes;0;No;WASHINGTON ST;Smooth Asphalt;FOURTH ST;Four-Way Intersection;Bicyclist Failed to Yield - Sign-Controlled Intersection;Local Street;B: Evident Injury;Guilford;45;Clear;CENTENNIAL ST;26-30 mph;30 - 35  MPH;2014;Daylight;40-49
35.0747898644, -80.4287331103;"{""type"": ""Point"", ""coordinates"": [-80.42873311031781, 35.07478986436746]}";White;None - Rural Crash;Travel Lane;2;14;Rural (<30% Developed);Male;Passenger Car;0;No;0;40001627;White;No;0;16-19;Bicyclist Left Turn - Same Direction;None;No;#NULL!;Dry;0;Rural;No;23JUL2014;0;14:45;Male;#NULL!;Farms, Woods, Pastures;A: Disabling Injury;Yes;O: No Injury;406;July;0;Straight - Bottom;Piedmont;With Traffic;Double Yellow Line, No Passing Zone;Wednesday;Intersection;18;1;Two-Way, Not Divided;2 lanes;1;No;SR 1627;Smooth Asphalt;1650;T-Intersection;Bicyclist Left Turn / Merge;State Secondary Route;A: Disabling Injury;Union;18;Clear;1643;51-55 mph;50 - 55  MPH;2014;Daylight;0-19
34.2764267796, -77.8150272842;"{""type"": ""Point"", ""coordinates"": [-77.81502728415312, 34.276426779578074]}";White;None - Rural Crash;Travel Lane;2;15;Urban (>70% Developed);Male;Sport Utility;0;No;1;29000017;White;No;0;30-39;Motorist Drive Out - Commercial Driveway / Alley;None;No;#NULL!;Dry;0.28;Rural;No;11AUG2014;0;15:35;Female;#NULL!;Commercial;B: Evident Injury;Yes;O: No Injury;407;August;0;Straight - Level;Coastal;Facing Traffic;Stop Sign;Monday;Non-Intersection;34;1;Two-Way, Not Divided;4 lanes;0;No;17;Smooth Asphalt;1929;Driveway, Public;Motorist Failed to Yield - Midblock;US Route;B: Evident Injury;.;35;Clear;2717;0-5 mph;40 - 45  MPH;2014;Daylight;30-39
34.1810717558, -77.8910423022;"{""type"": ""Point"", ""coordinates"": [-77.8910423022324, 34.18107175580159]}";White;Wilmington;Travel Lane;2;11;Urban (>70% Developed);Male;Van;0;No;0;30000132;White;No;1;60-69;Bicyclist Ride Through - Signalized Intersection;None;No;#NULL!;Dry;0;Urban;No;24JUL2014;0;11:00;Male;#NULL!;Commercial;C: Possible Injury;No;O: No Injury;408;July;0;Straight - Level;Coastal;With Traffic;Stop And Go Signal;Thursday;Intersection;62;1;Two-Way, Divided, Unprotected Median;4 lanes;0;No;S COLLEGE RD;Smooth Asphalt;CHALMERS DR;Four-Way Intersection;Bicyclist Failed to Yield - Signalized Intersection;Local Street;C: Possible Injury;New Hanover;30;Clear;BRAGG DR;36-40 mph;40 - 45  MPH;2014;Daylight;30-39
35.1487668657, -80.8305532339;"{""type"": ""Point"", ""coordinates"": [-80.83055323394971, 35.14876686569463]}";White;Charlotte;Sidewalk / Crosswalk / Driveway Crossing;2;13;Urban (>70% Developed);Male;Sport Utility;0;No;0;0;White;No;1;20-24;Motorist Drive Out - Commercial Driveway / Alley;None;No;#NULL!;Dry;0.001;Urban;No;06AUG2014;0;13:50;Female;#NULL!;Commercial;C: Possible Injury;Yes;O: No Injury;413;August;0;Straight - Level;Piedmont;Facing Traffic;No Control Present;Wednesday;Non-Intersection;21;1;Two-Way, Not Divided;Unknown;0;No;PVA 4627 SHARON ROAD;Concrete;FAIRVIEW ROAD;Driveway, Public;Motorist Failed to Yield - Midblock;Public Vehicular Area;C: Possible Injury;Mecklenburg;22;Clear;SHARON ROAD;0-5 mph;30 - 35  MPH;2014;Daylight;20-24
35.1612618669, -80.8728932475;"{""type"": ""Point"", ""coordinates"": [-80.87289324746473, 35.16126186685865]}";Hispanic;Charlotte;Unknown;2;13;Urban (>70% Developed);Male;Van;0;No;0;0;Black;No;1;0-5;Bicyclist Ride Out - Midblock - Unknown;None;No;#NULL!;Dry;0.028;Urban;No;19AUG2014;0;13:17;Male;#NULL!;Residential;C: Possible Injury;No;C: Possible Injury;428;August;0;Straight - Grade;Piedmont;Not Applicable;No Control Present;Tuesday;Non-Intersection;5;1;Two-Way, Not Divided;2 lanes;0;No;FLAGSTAFF DR;Smooth Asphalt;TYVOLA RD;No Special Feature;Bicyclist Failed to Yield - Midblock;Local Street;C: Possible Injury;Mecklenburg;42;Cloudy;KENTLAND LN;16-20 mph;30 - 35  MPH;2014;Daylight;40-49
34.2826607797, -77.848042295;"{""type"": ""Point"", ""coordinates"": [-77.84804229500622, 34.2826607796541]}";Black;None - Rural Crash;Travel Lane;2;18;Urban (>70% Developed);Male;Passenger Car;0;No;1;40002117;Unknown/Missing;No;0;16-19;Head-On - Bicyclist;None;No;#NULL!;Dry;0.004;Rural;Yes;17AUG2014;0;18:03;Unknown;#NULL!;Residential;B: Evident Injury;No;Unknown Injury;436;August;0;Straight - Level;Coastal;Facing Traffic;No Control Present;Sunday;Intersection-Related;18;1;Two-Way, Not Divided;2 lanes;0;Unknown;SR 2117;Smooth Asphalt;2718;No Special Feature;Head-On;State Secondary Route;B: Evident Injury;New Hanover;Unknown;Clear;2711;31-35 mph;30 - 35  MPH;2014;Daylight;Unknown
36.3284332935, -75.8174457743;"{""type"": ""Point"", ""coordinates"": [-75.81744577432269, 36.328433293522934]}";Other;None - Rural Crash;Non-Roadway;2;12;Mixed (30% To 70% Developed);Female;Sport Utility;0;No;0;30000012;White;No;1;20-24;Bicyclist Ride Through - Sign-Controlled Intersection;None;No;#NULL!;Dry;0.1;Rural;No;16AUG2014;0;12:59;Male;#NULL!;Commercial;C: Possible Injury;Yes;O: No Injury;439;August;0;Curve - Level;Coastal;Not Applicable;Double Yellow Line, No Passing Zone;Saturday;Intersection;20;1;Two-Way, Not Divided;2 lanes;0;No;NC 12;Coarse Asphalt;1457;No Special Feature;Bicyclist Failed to Yield - Sign-Controlled Intersection;NC Route;C: Possible Injury;Currituck;70+;Clear;1402;31-35 mph;30 - 35  MPH;2014;Daylight;70+
35.087263982, -77.0958581049;"{""type"": ""Point"", ""coordinates"": [-77.09585810486327, 35.08726398204152]}";White;Trent Woods;Bike Lane / Paved Shoulder;2;14;Urban (>70% Developed);Male;Pickup;0;No;0;50007073;White;No;1;50-59;Motorist Overtaking - Other / Unknown;None;No;#NULL!;Dry;0.019;Rural;No;17AUG2014;0;14:57;Male;#NULL!;Residential;C: Possible Injury;No;O: No Injury;443;August;0;Straight - Level;Coastal;With Traffic;No Control Present;Sunday;Non-Intersection;53;1;Two-Way, Divided, Unprotected Median;2 lanes;0;No;COUNTRY CLUB DRIVE;Smooth Asphalt;COQUINA CIR;No Special Feature;Motorist Overtaking Bicyclist;Local Street;C: Possible Injury;Craven;65;Clear;CHELSEA ROAD;31-35 mph;30 - 35  MPH;2014;Daylight;60-69
34.2436247698, -77.8838983039;"{""type"": ""Point"", ""coordinates"": [-77.88389830387473, 34.24362476979454]}";Black;Wilmington;Travel Lane;2;11;Urban (>70% Developed);Male;Sport Utility;0;No;0;0;Black;No;1;60-69;Motorist Drive Out - Right Turn on Red;None;No;#NULL!;Wet;0.005;Urban;No;03JUL2014;0;11:24;Male;#NULL!;Commercial;C: Possible Injury;Yes;O: No Injury;444;July;0;Straight - Level;Coastal;Facing Traffic;Stop And Go Signal;Thursday;Intersection-Related;65;1;Two-Way, Not Divided;3 lanes;0;No;LULLWATER DR;Smooth Asphalt;NEW CENTRE DR;No Special Feature;Motorist Failed to Yield - Signalized Intersection;Local Street;C: Possible Injury;New Hanover;60;Rain;MARKET ST;0-5 mph;30 - 35  MPH;2014;Daylight;60-69
34.2192167635, -77.9061023095;"{""type"": ""Point"", ""coordinates"": [-77.90610230945964, 34.219216763495325]}";White;Wilmington;Multi-use Path;2;8;Urban (>70% Developed);Female;Pickup;0;No;1;40001209;White;No;0;30-39;Motorist Drive Out - Residential Driveway;None;No;#NULL!;Dry;0.133;Urban;No;29JUL2014;0;8:08;Male;#NULL!;Residential;B: Evident Injury;Yes;O: No Injury;448;July;0;Straight - Level;Coastal;Facing Traffic;No Control Present;Tuesday;Non-Intersection;30;1;Two-Way, Divided, Positive Median Barrier;4 lanes;0;No;INDEPENDENCE BLVD;Concrete;PARK AVE;Driveway, Private;Motorist Failed to Yield - Midblock;Local Street;B: Evident Injury;.;32;Clear;OLEANDER DR;Unknown;Unknown;2014;Daylight;30-39
35.2465928883, -80.7879532268;"{""type"": ""Point"", ""coordinates"": [-80.78795322684783, 35.24659288831241]}";Hispanic;None - Rural Crash;Travel Lane;2;15;Urban (>70% Developed);Male;Pickup;0;No;0;40002974;White;No;1;16-19;Bicyclist Ride Through - Signalized Intersection;None;No;#NULL!;Dry;0;Rural;No;21AUG2014;0;15:05;Male;#NULL!;Commercial;C: Possible Injury;No;O: No Injury;450;August;0;Straight - Hillcrest;Piedmont;With Traffic;Stop And Go Signal;Thursday;Intersection;17;1;Two-Way, Not Divided;5 lanes;0;No;E SUGAR CREEK RD;Smooth Asphalt;#NULL!;No Special Feature;Bicyclist Failed to Yield - Signalized Intersection;Local Street;C: Possible Injury;Mecklenburg;38;Clear;THE PLAZA;36-40 mph;40 - 45  MPH;2014;Daylight;30-39
36.0672470986, -79.8002029759;"{""type"": ""Point"", ""coordinates"": [-79.8002029758731, 36.06724709860134]}";White;Greensboro;Travel Lane;2;2;Urban (>70% Developed);Male;Passenger Car;0;#NULL!;0;0;Unknown/Missing;No;0;25-29;Motorist Drive Out - Sign-Controlled Intersection;None;Yes;Yes;Dry;0;Urban;Yes;13APR2013;0;2:20;Unknown;Missing;Residential;A: Disabling Injury;Yes;Unknown Injury;996;April;0;Straight - Grade;Piedmont;With Traffic;Stop Sign;Saturday;Intersection;26;0;Two-Way, Divided, Positive Median Barrier;2 lanes;0;#NULL!;SPRING GARDEN ST;Smooth Asphalt;#NULL!;Four-Way Intersection;Motorist Failed to Yield - Sign-Controlled Intersection;Local Street;A: Disabling Injury;Guilford;Unknown;Clear;#NULL!;21-25 mph;30 - 35  MPH;2013;Dark - Lighted Roadway;Unknown
35.7758970781, -78.6708026187;"{""type"": ""Point"", ""coordinates"": [-78.67080261871895, 35.775897078060105]}";White;Raleigh;Sidewalk / Crosswalk / Driveway Crossing;2;14;Urban (>70% Developed);Male;Passenger Car;0;#NULL!;0;0;White;No;0;20-24;Bicyclist Ride Out - Signalized  Intersection;None;No;No;Dry;0;Urban;No;09APR2013;0;14:30;Female;No;Institutional;C: Possible Injury;No;O: No Injury;989;April;0;Curve - Grade;Piedmont;With Traffic;Stop And Go Signal;Tuesday;Intersection;22;0;Two-Way, Divided, Unprotected Median;2 lanes;0;#NULL!;CENTENNIAL PKWY;Smooth Asphalt;#NULL!;T-Intersection;Bicyclist Failed to Yield - Signalized Intersection;Local Street;C: Possible Injury;Wake;22;Clear;#NULL!;16-20 mph;30 - 35  MPH;2013;Daylight;20-24
35.5923170841, -77.3451022063;"{""type"": ""Point"", ""coordinates"": [-77.34510220627013, 35.592317084132816]}";Black;Greenville;Non-Roadway;2;16;Urban (>70% Developed);Male;Light Truck (Mini-Van, Panel);0;#NULL!;0;0;Black;No;0;0-5;Bicyclist Ride Out - Commercial Driveway / Alley;None;No;No;Dry;0;Urban;No;09APR2013;0;16:46;Female;No;Residential;B: Evident Injury;Yes;O: No Injury;981;April;0;Straight - Level;Coastal;Not Applicable;No Control Present;Tuesday;Non-Intersection;5;0;Two-Way, Not Divided;2 lanes;0;#NULL!;DAVID DR;Coarse Asphalt;#NULL!;No Special Feature;Bicyclist Failed to Yield - Midblock;Local Street;B: Evident Injury;Pitt;43;Clear;#NULL!;26-30 mph;30 - 35  MPH;2013;Daylight;40-49