Geo Point;Geo Shape;BikeRace;City;BikePos;NumUnits;CrashHour;Locality;BikeSex;DrvrVehTyp;NumBikesNo;BikeAlcDrg;NumBikesBI;RteInvdCd;DrvrRace;Workzone;NumBikesCi;BikeAgeGrp;CrashType;RdDefects;CrashAlcoh;BikeAlcoho;RdConditio;DstncMiFrm;RuralUrban;HitRun;CrashDate;NumBikesUI;CrashTime;DrvrSex;DrvrAlcoho;Developmen;CrashSevr;AmbulanceR;DrvrInjury;OBJECTID;CrashMonth;NumBikesKi;RdCharacte;Region;BikeDir;TraffCntrl;CrashDay;CrashLoc;BikeAge;NumBikesTo;RdConfig;NumLanes;NumBikesAI;DrvrAlcDrg;OnRoad;RdSurface;Towrd_Rd;RdFeature;CrashGrp;RdClass;BikeInjury;County;DrvrAge;Weather;FrmRd;DrvrEstSpd;SpeedLimit;CrashYear;LightCond;DrvrAgeGrp
35.7225369674, -81.3725034275;"{""type"": ""Point"", ""coordinates"": [-81.37250342747129, 35.72253696737263]}";White;Long View;Travel Lane;2;22;Urban (>70% Developed);Male;Pickup;0;#NULL!;0;0;White;No;0;30-39;Motorist Overtaking - Undetected Bicyclist;None;No;No;Dry;0;Rural;No;03APR2013;0;22:19;Male;No;Commercial;B: Evident Injury;Yes;O: No Injury;990;April;0;Straight - Level;Piedmont;With Traffic;No Control Present;Wednesday;Non-Intersection;30;0;Two-Way, Divided, Unprotected Median;5 lanes;0;#NULL!;US 70;Coarse Asphalt;#NULL!;End Or Beginning-Divided Highway;Motorist Overtaking Bicyclist;US Route;B: Evident Injury;Catawba;61;Clear;#NULL!;31-35 mph;50 - 55  MPH;2013;Dark - Lighted Roadway;60-69
35.8497471596, -76.7551020385;"{""type"": ""Point"", ""coordinates"": [-76.75510203850604, 35.84974715963533]}";Unknown/Missing;Plymouth;Travel Lane;2;7;Rural (<30% Developed);Male;Pickup;0;#NULL!;0;0;White;No;0;40-49;Motorist Drive Out - Sign-Controlled Intersection;None;No;No;Wet;0;Rural;No;18MAR2013;0;7:40;Male;No;Commercial;O: No Injury;Yes;O: No Injury;972;March;0;Straight - Level;Coastal;Facing Traffic;No Control Present;Monday;Intersection;49;0;Two-Way, Divided, Unprotected Median;5 lanes;0;#NULL!;US 64;Smooth Asphalt;#NULL!;T-Intersection;Motorist Failed to Yield - Sign-Controlled Intersection;US Route;Unknown Injury;Washington;62;Cloudy;#NULL!;Unknown;40 - 45  MPH;2013;Dawn;60-69
35.7853170839, -78.5467025811;"{""type"": ""Point"", ""coordinates"": [-78.54670258111372, 35.78531708388469]}";Black;Raleigh;Driveway / Alley;2;19;Urban (>70% Developed);Male;Passenger Car;0;#NULL!;0;0;Black;No;0;11-15;Bicyclist Ride Out - Other Midblock;None;No;No;Dry;0;Urban;No;07APR2013;0;19:20;Female;No;Residential;B: Evident Injury;No;O: No Injury;991;April;0;Straight - Level;Piedmont;Not Applicable;No Control Present;Sunday;Non-Intersection;13;0;Two-Way, Not Divided;2 lanes;0;#NULL!;PORTSIDE LN;Smooth Asphalt;#NULL!;No Special Feature;Bicyclist Failed to Yield - Midblock;Local Street;B: Evident Injury;Wake;37;Clear;#NULL!;6-10 mph;5 - 15 MPH;2013;Daylight;30-39
35.9761671496, -77.8474023792;"{""type"": ""Point"", ""coordinates"": [-77.8474023792322, 35.97616714964952]}";White;Rocky Mount;Unknown;2;16;Urban (>70% Developed);Male;Passenger Car;0;#NULL!;0;0;White;No;0;30-39;Bicyclist Ride Out - Midblock - Unknown;None;Yes;Yes;Dry;0;Urban;No;28MAR2013;0;16:03;Female;No;Commercial;O: No Injury;No;O: No Injury;984;March;0;Straight - Level;Coastal;Unknown;No Control Present;Thursday;Non-Intersection;34;0;Two-Way, Divided, Positive Median Barrier;5 lanes;0;#NULL!;US 64;Smooth Asphalt;#NULL!;On or Off Ramp;Bicyclist Failed to Yield - Midblock;US Route;O: No Injury;Nash;68;Clear;#NULL!;61-65 mph;60 - 75 MPH;2013;Daylight;60-69
36.0709471322, -78.9078027062;"{""type"": ""Point"", ""coordinates"": [-78.90780270619601, 36.070947132216]}";Black;Durham;Non-Roadway;2;17;Urban (>70% Developed);Female;Sport Utility;0;#NULL!;0;0;Black;No;0;11-15;Non-Roadway;None;No;No;Dry;0;Urban;No;27MAR2013;0;17:44;Male;Missing;Residential;B: Evident Injury;No;O: No Injury;977;March;0;Straight - Hillcrest;Piedmont;Not Applicable;No Control Present;Wednesday;Non-Roadway;11;0;Two-Way, Not Divided;Unknown;0;#NULL!;PP RIPLING STREAM RD;Coarse Asphalt;#NULL!;No Special Feature;Non-Roadway;Local Street;B: Evident Injury;Durham;15;Clear;#NULL!;0-5 mph;5 - 15 MPH;2013;Daylight;0-19
33.9465166988, -78.0538023411;"{""type"": ""Point"", ""coordinates"": [-78.05380234113333, 33.94651669876368]}";White;None - Rural Crash;Travel Lane;2;21;Urban (>70% Developed);Male;Passenger Car;0;#NULL!;0;0;White;No;0;40-49;Motorist Overtaking - Other / Unknown;None;No;No;Dry;0;Rural;No;24AUG2013;0;21:17;Female;No;Farms, Woods, Pastures;B: Evident Injury;Yes;O: No Injury;1393;August;0;Straight - Hillcrest;Coastal;With Traffic;Double Yellow Line, No Passing Zone;Saturday;Non-Intersection;49;0;Two-Way, Not Divided;3 lanes;0;#NULL!;NC 133;Coarse Asphalt;#NULL!;No Special Feature;Motorist Overtaking Bicyclist;NC Route;B: Evident Injury;Brunswick;31;Clear;#NULL!;41-45 mph;40 - 45  MPH;2013;Dark - Roadway Not Lighted;30-39
35.1046769858, -77.0822021017;"{""type"": ""Point"", ""coordinates"": [-77.08220210165311, 35.10467698581425]}";Black;New Bern;Other;2;20;Urban (>70% Developed);Male;Pickup;0;#NULL!;0;0;White;No;0;20-24;Motorist Drive Through - Signalized Intersection;None;No;No;Dry;0;Urban;No;04SEP2013;0;20:13;Male;No;Commercial;C: Possible Injury;No;O: No Injury;1413;September;0;Straight - Level;Coastal;With Traffic;Stop And Go Signal;Wednesday;Intersection;24;0;Two-Way, Divided, Positive Median Barrier;6 lanes;0;#NULL!;US 17;Smooth Asphalt;#NULL!;Four-Way Intersection;Motorist Failed to Yield - Signalized Intersection;US Route;C: Possible Injury;Craven;20;Clear;#NULL!;6-10 mph;50 - 55  MPH;2013;Dark - Lighted Roadway;20-24
36.4424272747, -77.1010021746;"{""type"": ""Point"", ""coordinates"": [-77.10100217456944, 36.442427274728665]}";Black;Murfreesboro;Travel Lane;2;12;Urban (>70% Developed);Male;Sport Utility;0;#NULL!;0;0;White;No;0;20-24;Bicyclist Ride Through - Signalized Intersection;None;No;No;Dry;0;Rural;No;05AUG2013;0;12:01;Female;No;Commercial;O: No Injury;No;O: No Injury;1409;August;0;Straight - Level;Coastal;With Traffic;Stop And Go Signal;Monday;Intersection;20;0;Two-Way, Not Divided;2 lanes;0;#NULL!;MAIN ST;Smooth Asphalt;#NULL!;Four-Way Intersection;Bicyclist Failed to Yield - Signalized Intersection;Local Street;O: No Injury;Hertford;51;Clear;#NULL!;26-30 mph;30 - 35  MPH;2013;Daylight;50-59
35.9049471042, -78.7034026353;"{""type"": ""Point"", ""coordinates"": [-78.70340263530991, 35.9049471042365]}";White;Raleigh;Travel Lane;2;6;Urban (>70% Developed);Male;Passenger Car;0;#NULL!;0;0;Other;No;0;60-69;Motorist Left Turn - Opposite Direction;None;No;No;Dry;0;Urban;No;30AUG2013;0;6:20;Male;No;Commercial;B: Evident Injury;Yes;O: No Injury;1405;August;0;Straight - Level;Piedmont;With Traffic;No Control Present;Friday;Non-Intersection;63;0;Two-Way, Not Divided;2 lanes;0;#NULL!;RAY RD;Smooth Asphalt;#NULL!;No Special Feature;Motorist Left Turn / Merge;Local Street;B: Evident Injury;Wake;70+;Clear;#NULL!;36-40 mph;40 - 45  MPH;2013;Dark - Roadway Not Lighted;70+
34.6886668241, -79.2027027223;"{""type"": ""Point"", ""coordinates"": [-79.2027027223114, 34.68866682413523]}";Black;Pembroke;Travel Lane;2;9;Urban (>70% Developed);Male;Passenger Car;0;#NULL!;0;0;Native American;No;0;20-24;Non-Roadway;None;No;No;Dry;0;Rural;No;26AUG2013;0;9:20;Male;No;Institutional;C: Possible Injury;No;O: No Injury;1414;August;0;Straight - Level;Coastal;Not Applicable;Stop Sign;Monday;Non-Roadway;21;0;One-Way, Not Divided;1 lane;0;#NULL!;ROADWAY AT LOT 17;Smooth Asphalt;#NULL!;T-Intersection;Non-Roadway;Public Vehicular Area;C: Possible Injury;Robeson;50;Clear;#NULL!;0-5 mph;5 - 15 MPH;2013;Daylight;50-59
34.7996769074, -77.4396021955;"{""type"": ""Point"", ""coordinates"": [-77.43960219552315, 34.79967690744935]}";Unknown/Missing;Jacksonville;Bike Lane / Paved Shoulder;2;11;Urban (>70% Developed);Male;Unknown;0;#NULL!;0;0;Unknown/Missing;No;0;Unknown;Parallel Paths - Other / Unknown;None;No;No;Wet;0;Urban;Yes;17AUG2013;0;11:10;Unknown;Missing;Commercial;O: No Injury;No;Unknown Injury;1430;August;0;Straight - Level;Coastal;With Traffic;Flashing Stop And Go Signal;Saturday;Intersection-Related;Unknown;0;Two-Way, Divided, Unprotected Median;2 lanes;0;#NULL!;GUM BRANCH RD;Smooth Asphalt;#NULL!;No Special Feature;Parallel Paths - Other Circumstances;Local Street;O: No Injury;Onslow;Unknown;Cloudy;#NULL!;36-40 mph;40 - 45  MPH;2013;Dusk;Unknown
35.5904170824, -77.3679022123;"{""type"": ""Point"", ""coordinates"": [-77.36790221232685, 35.590417082361704]}";White;Greenville;Sidewalk / Crosswalk / Driveway Crossing;2;19;Urban (>70% Developed);Male;Passenger Car;0;#NULL!;0;0;White;No;0;16-19;Motorist Drive Out - Sign-Controlled Intersection;None;No;No;Dry;0;Urban;No;19AUG2013;0;19:21;Female;No;Institutional;C: Possible Injury;Yes;O: No Injury;1431;August;0;Straight - Level;Coastal;Facing Traffic;Stop Sign;Monday;Intersection;17;0;Two-Way, Not Divided;2 lanes;0;#NULL!;CURY CT;Coarse Asphalt;#NULL!;No Special Feature;Motorist Failed to Yield - Sign-Controlled Intersection;Local Street;C: Possible Injury;Pitt;23;Cloudy;#NULL!;0-5 mph;5 - 15 MPH;2013;Daylight;20-24
34.9906168377, -80.6623031757;"{""type"": ""Point"", ""coordinates"": [-80.66230317572666, 34.99061683773784]}";White;None - Rural Crash;Travel Lane;2;9;Mixed (30% To 70% Developed);Female;Passenger Car;0;#NULL!;0;0;White;No;0;40-49;Motorist Overtaking - Other / Unknown;None;No;No;Dry;0;Rural;No;09SEP2013;0;9:44;Female;No;Residential;B: Evident Injury;Yes;O: No Injury;1428;September;0;Straight - Grade;Piedmont;With Traffic;Double Yellow Line, No Passing Zone;Monday;Non-Intersection;44;0;Two-Way, Not Divided;2 lanes;0;#NULL!;SR 1162;Coarse Asphalt;#NULL!;No Special Feature;Motorist Overtaking Bicyclist;State Secondary Route;B: Evident Injury;Union;38;Clear;#NULL!;46-50 mph;40 - 45  MPH;2013;Daylight;30-39
35.8124270799, -78.8184026646;"{""type"": ""Point"", ""coordinates"": [-78.81840266461988, 35.812427079893475]}";Black;Morrisville;Sidewalk / Crosswalk / Driveway Crossing;2;15;Urban (>70% Developed);Male;Passenger Car;0;#NULL!;0;0;Black;No;0;11-15;Sign-Controlled Intersection - Other / Unknown;None;No;No;Dry;0;Urban;No;09SEP2013;0;15:20;Female;No;Residential;B: Evident Injury;Yes;O: No Injury;1482;September;0;Straight - Level;Piedmont;Facing Traffic;Stop Sign;Monday;Intersection;14;0;Two-Way, Not Divided;2 lanes;0;#NULL!;PVA SUMMIT RIDGE LOOP;Smooth Asphalt;#NULL!;Y-Intersection;Crossing Paths - Other Circumstances;Public Vehicular Area;B: Evident Injury;Wake;22;Clear;#NULL!;0-5 mph;5 - 15 MPH;2013;Daylight;20-24
35.0016669219, -78.3269024748;"{""type"": ""Point"", ""coordinates"": [-78.32690247481563, 35.00166692190644]}";White;Clinton;Travel Lane;2;15;Urban (>70% Developed);Male;Pickup;0;#NULL!;0;0;Unknown/Missing;No;0;11-15;Sign-Controlled Intersection - Other / Unknown;None;No;No;Dry;0;Urban;Yes;16SEP2013;0;15:53;Unknown;No;Residential;B: Evident Injury;Yes;Unknown Injury;1464;September;0;Straight - Level;Coastal;With Traffic;No Control Present;Monday;Intersection;15;0;Two-Way, Divided, Unprotected Median;2 lanes;0;#NULL!;JOHNSON ST;Coarse Asphalt;#NULL!;Four-Way Intersection;Crossing Paths - Other Circumstances;Local Street;B: Evident Injury;Sampson;Unknown;Clear;#NULL!;31-35 mph;30 - 35  MPH;2013;Daylight;Unknown
35.1626368639, -80.9701032765;"{""type"": ""Point"", ""coordinates"": [-80.97010327650833, 35.16263686387512]}";White;Charlotte;Travel Lane;2;18;Mixed (30% To 70% Developed);Male;Pickup;0;#NULL!;0;0;White;No;0;40-49;Motorist Turn / Merge - Other / Unknown;None;No;No;Dry;0;Urban;No;15SEP2013;0;18:59;Male;No;Residential;B: Evident Injury;Yes;O: No Injury;1480;September;0;Straight - Level;Piedmont;With Traffic;No Control Present;Sunday;Intersection-Related;43;0;Two-Way, Divided, Unprotected Median;1 lane;0;#NULL!;DIXIE RIVER RD;Smooth Asphalt;#NULL!;No Special Feature;Parallel Paths - Other Circumstances;Local Street;B: Evident Injury;Mecklenburg;35;Clear;#NULL!;0-5 mph;40 - 45  MPH;2013;Daylight;30-39
34.0376467128, -78.2227023962;"{""type"": ""Point"", ""coordinates"": [-78.22270239616655, 34.03764671283992]}";White;None - Rural Crash;Travel Lane;2;7;Rural (<30% Developed);Male;Sport Utility;0;#NULL!;0;0;White;No;0;50-59;Motorist Overtaking - Undetected Bicyclist;None;No;No;Dry;0;Rural;No;18SEP2013;0;7:38;Male;No;Farms, Woods, Pastures;B: Evident Injury;Yes;O: No Injury;1472;September;0;Straight - Level;Coastal;With Traffic;No Control Present;Wednesday;Non-Intersection;51;0;Two-Way, Not Divided;2 lanes;0;#NULL!;US 17;Coarse Asphalt;#NULL!;No Special Feature;Motorist Overtaking Bicyclist;US Route;B: Evident Injury;Brunswick;19;Clear;#NULL!;41-45 mph;50 - 55  MPH;2013;Daylight;0-19
35.8287270923, -78.5874025958;"{""type"": ""Point"", ""coordinates"": [-78.58740259583521, 35.82872709231528]}";Black;Raleigh;Travel Lane;2;18;Urban (>70% Developed);Female;Passenger Car;0;#NULL!;0;0;White;No;0;11-15;Sign-Controlled Intersection - Other / Unknown;None;No;No;Dry;0;Urban;No;14SEP2013;0;18:15;Male;No;Residential;A: Disabling Injury;Yes;O: No Injury;1468;September;0;Straight - Grade;Piedmont;With Traffic;Stop Sign;Saturday;Intersection;12;0;Two-Way, Not Divided;2 lanes;0;#NULL!;PINE KNOLL DRIVE;Smooth Asphalt;#NULL!;T-Intersection;Crossing Paths - Other Circumstances;Local Street;A: Disabling Injury;Wake;36;Clear;#NULL!;31-35 mph;30 - 35  MPH;2013;Daylight;30-39
35.9167171108, -78.5942026027;"{""type"": ""Point"", ""coordinates"": [-78.5942026027496, 35.91671711082445]}";White;None - Rural Crash;Sidewalk / Crosswalk / Driveway Crossing;2;14;Rural (<30% Developed);Male;Van;0;#NULL!;0;0;Hispanic;No;0;60-69;Motorist Drive Out - Sign-Controlled Intersection;None;No;No;Dry;0;Rural;No;23SEP2013;0;14:11;Female;No;Farms, Woods, Pastures;C: Possible Injury;No;O: No Injury;1490;September;0;Straight - Level;Piedmont;Facing Traffic;Stop And Go Signal;Monday;Intersection;65;0;Two-Way, Not Divided;2 lanes;0;#NULL!;SR 2000;Coarse Asphalt;#NULL!;No Special Feature;Motorist Failed to Yield - Sign-Controlled Intersection;State Secondary Route;C: Possible Injury;Wake;32;Clear;#NULL!;0-5 mph;40 - 45  MPH;2013;Daylight;30-39
36.2949372726, -76.2387019027;"{""type"": ""Point"", ""coordinates"": [-76.23870190273587, 36.29493727256533]}";Black;Elizabeth City;Travel Lane;2;22;Urban (>70% Developed);Female;Passenger Car;0;#NULL!;0;0;Black;No;0;30-39;Bicyclist Ride Through - Signalized Intersection;None;No;No;Dry;0;Urban;No;13SEP2013;0;22:36;Female;No;Commercial;C: Possible Injury;Yes;O: No Injury;1486;September;0;Straight - Level;Coastal;With Traffic;Stop And Go Signal;Friday;Intersection;30;0;Two-Way, Not Divided;4 lanes;0;#NULL!;W EHRINGHAUS ST;Smooth Asphalt;#NULL!;Four-Way Intersection;Bicyclist Failed to Yield - Signalized Intersection;Local Street;C: Possible Injury;Pasquotank;50;Clear;#NULL!;0-5 mph;30 - 35  MPH;2013;Dark - Lighted Roadway;50-59
35.3169768409, -82.4664037288;"{""type"": ""Point"", ""coordinates"": [-82.4664037288138, 35.316976840852206]}";White;Hendersonville;Travel Lane;2;17;Urban (>70% Developed);Male;Passenger Car;0;#NULL!;0;0;White;No;0;30-39;Backing Vehicle;None;No;No;Dry;0;Urban;Yes;17SEP2013;0;17:15;Female;No;Residential;O: No Injury;No;O: No Injury;1492;September;0;Straight - Level;Mountains;With Traffic;Stop And Go Signal;Tuesday;Intersection-Related;38;0;Two-Way, Not Divided;2 lanes;0;#NULL!;5TH AVE;Smooth Asphalt;#NULL!;No Special Feature;Backing Vehicle;Local Street;O: No Injury;Henderson;46;Clear;#NULL!;0-5 mph;20 - 25  MPH;2013;Daylight;40-49
36.4685072608, -77.6535023459;"{""type"": ""Point"", ""coordinates"": [-77.65350234590811, 36.46850726075324]}";Black;Roanoke Rapids;Sidewalk / Crosswalk / Driveway Crossing;2;16;Urban (>70% Developed);Female;Passenger Car;0;#NULL!;0;0;Black;No;0;11-15;Motorist Lost Control - Other / Unknown;Unknown;No;No;Unknown;0;Urban;No;11SEP2013;0;16:00;Female;No;Residential;B: Evident Injury;No;O: No Injury;1461;September;0;Straight - Level;Coastal;Unknown;No Control Present;Wednesday;Intersection-Related;15;0;Two-Way, Not Divided;2 lanes;0;#NULL!;PP W 3RD ST;Concrete;#NULL!;Other;Loss of Control / Turning Error;Unknown;B: Evident Injury;Halifax;23;Other;#NULL!;21-25 mph;20 - 25  MPH;2013;Daylight;20-24
36.1104471219, -79.4246028651;"{""type"": ""Point"", ""coordinates"": [-79.42460286509831, 36.11044712191046]}";White;Burlington;Travel Lane;2;17;Rural (<30% Developed);Male;Unknown;0;#NULL!;0;0;Unknown/Missing;No;0;30-39;Parallel Paths - Other / Unknown;None;No;No;Dry;0;Urban;Yes;06SEP2013;0;17:00;Unknown;Missing;Residential;B: Evident Injury;No;Unknown Injury;1453;September;0;Straight - Level;Piedmont;With Traffic;No Control Present;Friday;Non-Intersection;32;0;Two-Way, Not Divided;2 lanes;0;#NULL!;CHANDLER AVE;Smooth Asphalt;#NULL!;No Special Feature;Parallel Paths - Other Circumstances;Local Street;B: Evident Injury;Alamance;Unknown;Clear;#NULL!;Unknown;20 - 25  MPH;2013;Daylight;Unknown
36.0953270949, -80.0612030552;"{""type"": ""Point"", ""coordinates"": [-80.0612030551638, 36.09532709491978]}";White;Kernersville;Travel Lane;2;13;Urban (>70% Developed);Male;Passenger Car;0;#NULL!;0;0;White;No;0;40-49;Motorist Drive Out - Sign-Controlled Intersection;None;No;No;Dry;0;Urban;No;22AUG2013;0;13:06;Male;No;Commercial;O: No Injury;Yes;O: No Injury;1444;August;0;Straight - Level;Piedmont;With Traffic;No Control Present;Thursday;Intersection;45;0;Two-Way, Not Divided;Unknown;0;#NULL!;NC 66;Smooth Asphalt;#NULL!;No Special Feature;Motorist Failed to Yield - Sign-Controlled Intersection;Local Street;Unknown Injury;Forsyth;17;Clear;#NULL!;6-10 mph;40 - 45  MPH;2013;Daylight;0-19
35.38863702, -77.9196023699;"{""type"": ""Point"", ""coordinates"": [-77.91960236991254, 35.38863701998766]}";Black;Goldsboro;Travel Lane;2;16;Urban (>70% Developed);Male;Sport Utility;0;#NULL!;0;0;White;No;0;11-15;Bicyclist Ride Out - Midblock - Unknown;None;No;No;Dry;0;Urban;No;22AUG2013;0;16:18;Female;No;Commercial;B: Evident Injury;Yes;O: No Injury;1434;August;0;Straight - Level;Coastal;Facing Traffic;Stop And Go Signal;Thursday;Non-Intersection;13;0;Two-Way, Not Divided;3 lanes;0;#NULL!;E NEW HOPE RD;Smooth Asphalt;#NULL!;No Special Feature;Bicyclist Failed to Yield - Midblock;Local Street;B: Evident Injury;Wayne;57;Cloudy;#NULL!;11-15 mph;30 - 35  MPH;2013;Daylight;50-59
35.7807570799, -78.6490026123;"{""type"": ""Point"", ""coordinates"": [-78.64900261230103, 35.7807570798883]}";White;Raleigh;Sidewalk / Crosswalk / Driveway Crossing;2;16;Urban (>70% Developed);Male;Passenger Car;0;#NULL!;0;0;Asian;No;0;11-15;Motorist Right Turn - Same Direction;None;No;No;Dry;0;Urban;No;30AUG2013;0;16:26;Female;No;Commercial;O: No Injury;No;O: No Injury;1456;August;0;Straight - Level;Piedmont;With Traffic;No Control Present;Friday;Intersection;13;0;Two-Way, Not Divided;4 lanes;0;#NULL!;BOYLAN AVE;Smooth Asphalt;#NULL!;Four-Way Intersection;Motorist Right Turn / Merge;Local Street;O: No Injury;Wake;27;Clear;#NULL!;0-5 mph;30 - 35  MPH;2013;Daylight;25-29
35.1474968622, -80.9300032631;"{""type"": ""Point"", ""coordinates"": [-80.93000326309101, 35.14749686223659]}";White;Charlotte;Sidewalk / Crosswalk / Driveway Crossing;2;6;Urban (>70% Developed);Male;Passenger Car;0;#NULL!;0;0;Black;No;0;50-59;Sign-Controlled Intersection - Other / Unknown;None;No;No;Dry;0;Urban;No;02OCT2013;0;6:34;Female;No;Commercial;C: Possible Injury;Yes;O: No Injury;1518;October;0;Straight - Level;Piedmont;Not Applicable;Stop Sign;Wednesday;Intersection;58;0;Two-Way, Divided, Positive Median Barrier;4 lanes;0;#NULL!;2607 W ARROWOOD RD;Concrete;#NULL!;No Special Feature;Crossing Paths - Other Circumstances;Local Street;C: Possible Injury;Mecklenburg;54;Clear;#NULL!;26-30 mph;40 - 45  MPH;2013;Dark - Lighted Roadway;50-59
35.6828069925, -80.4823031589;"{""type"": ""Point"", ""coordinates"": [-80.48230315892194, 35.68280699250529]}";White;Salisbury;Sidewalk / Crosswalk / Driveway Crossing;2;12;Urban (>70% Developed);Male;Passenger Car;0;#NULL!;0;0;White;No;0;70+;Motorist Drive Out - Commercial Driveway / Alley;None;No;No;Dry;0;Urban;No;03OCT2013;0;12:23;Female;No;Commercial;O: No Injury;No;O: No Injury;1521;October;0;Straight - Level;Piedmont;Facing Traffic;No Control Present;Thursday;Non-Intersection;70+;0;Two-Way, Not Divided;2 lanes;0;#NULL!;W INNES ST;Concrete;#NULL!;No Special Feature;Motorist Failed to Yield - Midblock;Local Street;O: No Injury;Rowan;68;Clear;#NULL!;0-5 mph;30 - 35  MPH;2013;Daylight;60-69
35.9421271004, -79.0179027321;"{""type"": ""Point"", ""coordinates"": [-79.01790273214229, 35.942127100444864]}";Black;Chapel Hill;Travel Lane;2;15;Urban (>70% Developed);Male;Passenger Car;0;#NULL!;0;0;White;No;0;16-19;Bicyclist Ride Out - Midblock - Unknown;None;No;No;Dry;0;Urban;No;13SEP2013;0;15:43;Female;No;Commercial;C: Possible Injury;No;O: No Injury;1517;September;0;Straight - Level;Piedmont;Not Applicable;No Control Present;Friday;Non-Intersection;19;0;Two-Way, Divided, Positive Median Barrier;2 lanes;0;#NULL!;US 15;Concrete;#NULL!;No Special Feature;Bicyclist Failed to Yield - Midblock;NC Route;C: Possible Injury;Orange;67;Clear;#NULL!;6-10 mph;40 - 45  MPH;2013;Daylight;60-69
35.0864869179, -78.9782026758;"{""type"": ""Point"", ""coordinates"": [-78.9782026757564, 35.08648691788674]}";Hispanic;Fayetteville;Travel Lane;2;8;Urban (>70% Developed);Male;Passenger Car;0;#NULL!;0;0;Black;No;0;50-59;Motorist Drive Out - Commercial Driveway / Alley;None;No;No;Dry;0;Urban;No;31AUG2013;0;8:42;Female;No;Commercial;O: No Injury;No;O: No Injury;1510;August;0;Straight - Level;Coastal;Facing Traffic;No Control Present;Saturday;Non-Intersection;57;0;Two-Way, Not Divided;4 lanes;0;#NULL!;5439 YADKIN;Coarse Asphalt;#NULL!;No Special Feature;Motorist Failed to Yield - Midblock;Local Street;O: No Injury;Cumberland;49;Clear;#NULL!;0-5 mph;20 - 25  MPH;2013;Daylight;40-49
34.6603268848, -77.1876021126;"{""type"": ""Point"", ""coordinates"": [-77.18760211261429, 34.66032688482725]}";White;None - Rural Crash;Travel Lane;2;15;Mixed (30% To 70% Developed);Female;Pickup;0;#NULL!;0;0;White;No;0;30-39;Motorist Left Turn - Opposite Direction;None;No;No;Dry;0;Rural;No;29SEP2013;0;15:35;Male;No;Residential;B: Evident Injury;Yes;O: No Injury;1516;September;0;Straight - Level;Coastal;With Traffic;No Control Present;Sunday;Non-Intersection;38;0;Two-Way, Not Divided;2 lanes;0;#NULL!;SR 1503;Smooth Asphalt;#NULL!;Driveway, Public;Motorist Left Turn / Merge;State Secondary Route;B: Evident Injury;Onslow;25;Clear;#NULL!;6-10 mph;40 - 45  MPH;2013;Daylight;25-29
35.8354770931, -78.5967025991;"{""type"": ""Point"", ""coordinates"": [-78.5967025990851, 35.83547709309796]}";Hispanic;Raleigh;Travel Lane;2;21;Urban (>70% Developed);Male;Passenger Car;0;#NULL!;0;0;Black;No;0;16-19;Motorist Left Turn - Opposite Direction;Other;No;No;Dry;0;Urban;No;27SEP2013;0;21:30;Male;No;Residential;A: Disabling Injury;Yes;O: No Injury;1506;September;0;Straight - Grade;Piedmont;With Traffic;No Control Present;Friday;Intersection;17;0;Two-Way, Not Divided;4 lanes;0;#NULL!;NEW HOPE CHURCH RD;Smooth Asphalt;#NULL!;T-Intersection;Motorist Left Turn / Merge;Local Street;A: Disabling Injury;Wake;25;Clear;#NULL!;0-5 mph;20 - 25  MPH;2013;Other;25-29
35.2559970032, -77.5711022576;"{""type"": ""Point"", ""coordinates"": [-77.57110225756301, 35.25599700318489]}";Black;Kinston;Travel Lane;2;15;Mixed (30% To 70% Developed);Male;Passenger Car;0;#NULL!;0;0;Unknown/Missing;No;0;50-59;Head-On - Bicyclist;None;No;No;Dry;0;Urban;Yes;28SEP2013;0;15:17;Unknown;Missing;Residential;B: Evident Injury;No;Unknown Injury;1502;September;0;Curve - Level;Coastal;Facing Traffic;No Control Present;Saturday;Non-Intersection;53;0;Two-Way, Not Divided;2 lanes;0;#NULL!;S TRINON ST;Smooth Asphalt;#NULL!;No Special Feature;Head-On;Local Street;B: Evident Injury;Lenoir;Unknown;Clear;#NULL!;26-30 mph;20 - 25  MPH;2013;Daylight;Unknown
34.2357967667, -77.9422023213;"{""type"": ""Point"", ""coordinates"": [-77.94220232130996, 34.235796766732605]}";Black;Wilmington;Travel Lane;2;17;Urban (>70% Developed);Male;Passenger Car;0;#NULL!;0;0;White;No;0;50-59;Bicyclist Ride Through - Sign-Controlled Intersection;None;Yes;Yes;Dry;0;Urban;No;14APR2013;0;17:16;Female;No;Residential;B: Evident Injury;Yes;O: No Injury;1038;April;0;Straight - Level;Coastal;With Traffic;Stop Sign;Sunday;Intersection;51;0;Two-Way, Divided, Unprotected Median;2 lanes;0;#NULL!;MARKET ST;Smooth Asphalt;#NULL!;No Special Feature;Bicyclist Failed to Yield - Sign-Controlled Intersection;Local Street;B: Evident Injury;New Hanover;62;Clear;#NULL!;26-30 mph;30 - 35  MPH;2013;Daylight;60-69