Geo Point;Geo Shape;BikeRace;City;BikePos;NumUnits;CrashHour;Locality;BikeSex;DrvrVehTyp;NumBikesNo;BikeAlcDrg;NumBikesBI;RteInvdCd;DrvrRace;Workzone;NumBikesCi;BikeAgeGrp;CrashType;RdDefects;CrashAlcoh;BikeAlcoho;RdConditio;DstncMiFrm;RuralUrban;HitRun;CrashDate;NumBikesUI;CrashTime;DrvrSex;DrvrAlcoho;Developmen;CrashSevr;AmbulanceR;DrvrInjury;OBJECTID;CrashMonth;NumBikesKi;RdCharacte;Region;BikeDir;TraffCntrl;CrashDay;CrashLoc;BikeAge;NumBikesTo;RdConfig;NumLanes;NumBikesAI;DrvrAlcDrg;OnRoad;RdSurface;Towrd_Rd;RdFeature;CrashGrp;RdClass;BikeInjury;County;DrvrAge;Weather;FrmRd;DrvrEstSpd;SpeedLimit;CrashYear;LightCond;DrvrAgeGrp
36.0748670842, -80.2398031087;"{""type"": ""Point"", ""coordinates"": [-80.23980310870442, 36.07486708417126]}";White;Winston-Salem;Travel Lane;2;21;Urban (>70% Developed);Male;Passenger Car;0;#NULL!;0;0;White;No;0;30-39;Motorist Left Turn - Opposite Direction;None;No;No;Dry;0;Urban;No;15APR2013;0;21:22;Male;No;Residential;C: Possible Injury;Yes;O: No Injury;1033;April;0;Straight - Grade;Piedmont;With Traffic;No Control Present;Monday;Intersection;30;0;Two-Way, Not Divided;2 lanes;0;#NULL!;SUNNYSIDE AVE (1800BLK;Smooth Asphalt;#NULL!;Y-Intersection;Motorist Left Turn / Merge;Local Street;C: Possible Injury;Forsyth;26;Cloudy;#NULL!;26-30 mph;30 - 35  MPH;2013;Dark - Lighted Roadway;25-29
36.027267123, -78.9143027055;"{""type"": ""Point"", ""coordinates"": [-78.91430270550545, 36.02726712298914]}";Black;Durham;Non-Roadway;2;18;Urban (>70% Developed);Male;Passenger Car;0;#NULL!;0;0;White;No;0;11-15;Bicyclist Ride Through - Signalized Intersection;None;No;No;Dry;0;Urban;No;11APR2013;0;18:46;Male;No;Commercial;B: Evident Injury;Yes;O: No Injury;1010;April;0;Straight - Level;Piedmont;Not Applicable;Stop And Go Signal;Thursday;Intersection;12;0;Two-Way, Not Divided;2 lanes;0;#NULL!;BROAD STREET;Coarse Asphalt;#NULL!;No Special Feature;Bicyclist Failed to Yield - Signalized Intersection;Local Street;B: Evident Injury;Durham;70+;Clear;#NULL!;31-35 mph;30 - 35  MPH;2013;Daylight;70+
35.9302370983, -79.0243027339;"{""type"": ""Point"", ""coordinates"": [-79.02430273388426, 35.930237098250394]}";White;Chapel Hill;Sidewalk / Crosswalk / Driveway Crossing;2;16;Urban (>70% Developed);Male;Passenger Car;0;#NULL!;0;0;White;No;0;70+;Motorist Left Turn - Same Direction;None;No;No;Dry;0;Urban;No;02APR2013;0;16:15;Female;No;Commercial;O: No Injury;No;O: No Injury;1001;April;0;Straight - Level;Piedmont;With Traffic;Stop And Go Signal;Tuesday;Intersection;70+;0;Two-Way, Divided, Unprotected Median;4 lanes;0;#NULL!;US 15;Smooth Asphalt;#NULL!;Four-Way Intersection;Motorist Left Turn / Merge;US Route;O: No Injury;Orange;70+;Clear;#NULL!;6-10 mph;40 - 45  MPH;2013;Daylight;70+
35.6887670417, -79.15350276;"{""type"": ""Point"", ""coordinates"": [-79.15350275996316, 35.68876704169766]}";White;None - Rural Crash;Travel Lane;2;10;Mixed (30% To 70% Developed);Male;Pickup;0;#NULL!;0;0;White;No;0;16-19;Motorist Overtaking - Other / Unknown;None;No;No;Wet;0;Rural;No;04APR2013;0;10:55;Male;No;Residential;C: Possible Injury;Yes;O: No Injury;1002;April;0;Straight - Level;Piedmont;With Traffic;No Control Present;Thursday;Intersection;18;0;Two-Way, Not Divided;2 lanes;0;#NULL!;SR 1012;Smooth Asphalt;#NULL!;T-Intersection;Motorist Overtaking Bicyclist;State Secondary Route;C: Possible Injury;Chatham;45;Cloudy;#NULL!;51-55 mph;50 - 55  MPH;2013;Daylight;40-49
35.9110170919, -79.0720027473;"{""type"": ""Point"", ""coordinates"": [-79.07200274733209, 35.911017091930916]}";White;Carrboro;Travel Lane;2;19;Urban (>70% Developed);Male;Passenger Car;0;#NULL!;0;0;White;No;0;30-39;Bicyclist Overtaking - Passing on Right;None;No;No;Dry;0;Urban;No;16MAR2013;0;19:03;Female;No;Commercial;C: Possible Injury;Yes;O: No Injury;1027;March;0;Straight - Level;Piedmont;With Traffic;Stop And Go Signal;Saturday;Non-Intersection;37;0;Two-Way, Not Divided;3 lanes;0;#NULL!;E WEAVER ST;Coarse Asphalt;#NULL!;Four-Way Intersection;Bicyclist Overtaking Motorist;Local Street;C: Possible Injury;Orange;20;Clear;#NULL!;0-5 mph;20 - 25  MPH;2013;Daylight;20-24
35.411066931, -80.5778031724;"{""type"": ""Point"", ""coordinates"": [-80.57780317244023, 35.41106693101184]}";White;Concord;Travel Lane;2;15;Urban (>70% Developed);Male;Unknown;0;#NULL!;0;0;Unknown/Missing;No;0;20-24;Bicyclist Ride Through - Sign-Controlled Intersection;None;No;No;Dry;0;Urban;Yes;29APR2013;0;15:41;Unknown;Missing;Commercial;C: Possible Injury;Yes;Unknown Injury;1076;April;0;Straight - Grade;Piedmont;With Traffic;Stop Sign;Monday;Intersection-Related;20;0;Two-Way, Divided, Unprotected Median;2 lanes;0;#NULL!;MCCACHERN BLVD;Smooth Asphalt;#NULL!;T-Intersection;Bicyclist Failed to Yield - Sign-Controlled Intersection;Local Street;C: Possible Injury;Cabarrus;Unknown;Cloudy;#NULL!;Unknown;Unknown;2013;Daylight;Unknown
35.7466770724, -78.6491026107;"{""type"": ""Point"", ""coordinates"": [-78.64910261073368, 35.74667707236431]}";Hispanic;Raleigh;Sidewalk / Crosswalk / Driveway Crossing;2;8;Urban (>70% Developed);Male;Pickup;0;#NULL!;0;0;Black;No;0;16-19;Motorist Drive Out - Commercial Driveway / Alley;None;No;No;Dry;0;Urban;No;03MAY2013;0;8:21;Male;No;Commercial;C: Possible Injury;No;O: No Injury;1068;May;0;Straight - Level;Piedmont;Facing Traffic;No Control Present;Friday;Non-Intersection;17;0;Two-Way, Divided, Unprotected Median;5 lanes;0;#NULL!;S SAUNDERS ST;Smooth Asphalt;#NULL!;Driveway, Public;Motorist Failed to Yield - Midblock;Local Street;C: Possible Injury;Wake;30;Clear;#NULL!;0-5 mph;40 - 45  MPH;2013;Daylight;30-39
35.9486771036, -78.9689027175;"{""type"": ""Point"", ""coordinates"": [-78.9689027175421, 35.94867710362044]}";Black;Durham;Sidewalk / Crosswalk / Driveway Crossing;2;18;Urban (>70% Developed);Male;Sport Utility;0;#NULL!;0;0;White;No;0;11-15;Bicyclist Ride Out - Signalized  Intersection;None;No;No;Dry;0;Urban;No;29APR2013;0;18:50;Male;No;Industrial;C: Possible Injury;No;O: No Injury;1059;April;0;Straight - Level;Piedmont;With Traffic;No Control Present;Monday;Intersection;15;0;Two-Way, Not Divided;2 lanes;0;#NULL!;GARRETT RD;Smooth Asphalt;#NULL!;No Special Feature;Bicyclist Failed to Yield - Signalized Intersection;Local Street;C: Possible Injury;Durham;30;Clear;#NULL!;41-45 mph;40 - 45  MPH;2013;Daylight;30-39
35.8304370968, -78.457402557;"{""type"": ""Point"", ""coordinates"": [-78.45740255700011, 35.830437096813334]}";White;None - Rural Crash;Travel Lane;2;15;Rural (<30% Developed);Male;Passenger Car;0;#NULL!;0;0;White;No;0;30-39;Bicyclist Left Turn - Same Direction;None;No;No;Dry;0;Rural;No;07MAY2013;0;15:05;Male;No;Farms, Woods, Pastures;B: Evident Injury;Yes;O: No Injury;1070;May;0;Straight - Level;Piedmont;With Traffic;Double Yellow Line, No Passing Zone;Tuesday;Non-Intersection;39;0;Two-Way, Not Divided;2 lanes;0;#NULL!;SR 2215;Smooth Asphalt;#NULL!;No Special Feature;Bicyclist Left Turn / Merge;State Secondary Route;B: Evident Injury;Wake;50;Clear;#NULL!;16-20 mph;40 - 45  MPH;2013;Daylight;50-59
35.7885970814, -78.6488026119;"{""type"": ""Point"", ""coordinates"": [-78.64880261190622, 35.788597081352506]}";White;Raleigh;Travel Lane;2;14;Urban (>70% Developed);Male;Passenger Car;0;#NULL!;0;0;White;No;0;25-29;Bicyclist Overtaking - Passing on Right;None;No;No;Dry;0;Urban;No;14APR2013;0;14:35;Female;No;Residential;C: Possible Injury;Yes;O: No Injury;1058;April;0;Straight - Level;Piedmont;With Traffic;Stop And Go Signal;Sunday;Intersection;27;0;Two-Way, Divided, Unprotected Median;3 lanes;0;#NULL!;PEACE ST;Smooth Asphalt;#NULL!;Four-Way Intersection;Bicyclist Overtaking Motorist;Local Street;C: Possible Injury;Wake;64;Clear;#NULL!;0-5 mph;30 - 35  MPH;2013;Daylight;60-69
35.86799704, -80.2578031019;"{""type"": ""Point"", ""coordinates"": [-80.25780310185576, 35.867997039969424]}";White;None - Rural Crash;Travel Lane;2;17;Rural (<30% Developed);Male;Passenger Car;0;#NULL!;0;0;White;No;0;11-15;Head-On - Bicyclist;None;No;No;Dry;0;Rural;No;03MAY2013;0;17:40;Female;No;Residential;B: Evident Injury;Yes;O: No Injury;1065;May;0;Straight - Level;Piedmont;Facing Traffic;Double Yellow Line, No Passing Zone;Friday;Non-Intersection;11;0;Two-Way, Not Divided;2 lanes;0;#NULL!;SR 1457;Coarse Asphalt;#NULL!;No Special Feature;Head-On;State Secondary Route;B: Evident Injury;Davidson;29;Cloudy;#NULL!;41-45 mph;40 - 45  MPH;2013;Daylight;25-29
35.6782670575, -78.6578026094;"{""type"": ""Point"", ""coordinates"": [-78.65780260935806, 35.67826705752602]}";Hispanic;None - Rural Crash;Non-Roadway;2;17;Mixed (30% To 70% Developed);Female;Van;0;#NULL!;0;0;White;No;0;11-15;Non-Roadway;None;No;No;Dry;0;Rural;No;02MAY2013;0;17:30;Male;No;Commercial;C: Possible Injury;Yes;O: No Injury;1073;May;0;Straight - Level;Piedmont;Not Applicable;No Control Present;Thursday;Non-Roadway;12;0;Two-Way, Not Divided;1 lane;0;#NULL!;PVA RESCO MART 2;Smooth Asphalt;#NULL!;Driveway, Public;Non-Roadway;Public Vehicular Area;C: Possible Injury;Wake;61;Clear;#NULL!;0-5 mph;Unknown;2013;Daylight;60-69
35.2097768805, -80.7949482269;"{""type"": ""Point"", ""coordinates"": [-80.79494822689206, 35.209776880542265]}";White;Charlotte;Travel Lane;2;20;Urban (>70% Developed);Male;Passenger Car;0;Yes-Alcohol,  impairment suspected;1;50006708;White;No;0;50-59;Motorist Overtaking - Undetected Bicyclist;None;Yes;#NULL!;Dry;0;Urban;No;09AUG2014;0;20:28;Male;#NULL!;Residential;B: Evident Injury;Yes;O: No Injury;421;August;0;Straight - Grade;Piedmont;With Traffic;Stop And Go Signal;Saturday;Intersection;50;1;Two-Way, Not Divided;2 lanes;0;Yes-Alcohol,  impairment suspected;COMMONWEALTH AV;Smooth Asphalt;#NULL!;Four-Way Intersection;Motorist Overtaking Bicyclist;Local Street;B: Evident Injury;Mecklenburg;47;Cloudy;BRIAR CREEK RD;11-15 mph;30 - 35  MPH;2014;Dark - Lighted Roadway;40-49
35.7741470774, -78.6780876209;"{""type"": ""Point"", ""coordinates"": [-78.67808762092707, 35.77414707735077]}";Asian;Raleigh;Travel Lane;2;19;Urban (>70% Developed);Male;Passenger Car;0;No;1;0;Other;No;0;25-29;Motorist Drive Out - Sign-Controlled Intersection;None;No;#NULL!;Wet;0.006;Urban;No;03JUN2014;0;19:02;Male;#NULL!;Institutional;B: Evident Injury;Yes;O: No Injury;422;June;0;Straight - Level;Piedmont;With Traffic;Stop Sign;Tuesday;Intersection;26;1;Two-Way, Divided, Positive Median Barrier;4 lanes;0;No;VARSITY DR;Smooth Asphalt;CAPABILITY DR;Alley Intersection;Motorist Failed to Yield - Sign-Controlled Intersection;Local Street;B: Evident Injury;Wake;29;Clear;VENTURE CTR WAY;6-10 mph;20 - 25  MPH;2014;Daylight;25-29
36.0066331172, -78.9330627101;"{""type"": ""Point"", ""coordinates"": [-78.9330627101388, 36.00663311722591]}";White;Durham;Bike Lane / Paved Shoulder;2;8;Mixed (30% To 70% Developed);Male;Passenger Car;0;No;1;40001320;White;No;0;25-29;Motorist Right Turn - Same Direction;None;No;#NULL!;Dry;0.072;Urban;No;20JUN2014;0;8:59;Female;#NULL!;Commercial;B: Evident Injury;Yes;O: No Injury;420;June;0;Straight - Grade;Piedmont;With Traffic;Stop Sign;Friday;Non-Intersection;28;1;Two-Way, Divided, Unprotected Median;2 lanes;0;No;FLOWERS DR;Coarse Asphalt;YEARBY AVE;No Special Feature;Motorist Right Turn / Merge;Local Street;B: Evident Injury;Durham;41;Clear;ERWIN RD;6-10 mph;20 - 25  MPH;2014;Daylight;40-49
35.783611081, -78.6109566009;"{""type"": ""Point"", ""coordinates"": [-78.610956600863, 35.78361108102282]}";White;Raleigh;Travel Lane;2;12;Urban (>70% Developed);Male;Pickup;0;No;0;50016385;Black;No;1;50-59;Motorist Overtaking - Other / Unknown;None;No;#NULL!;Dry;0;Urban;No;12JUL2014;0;12:44;Male;#NULL!;Residential;C: Possible Injury;Yes;O: No Injury;412;July;0;Straight - Level;Piedmont;With Traffic;No Control Present;Saturday;Intersection;51;1;One-Way, Not Divided;1 lane;0;No;N KING CHARLES RD;Smooth Asphalt;LORD BERKLEY RD;Traffic Circle/Roundabout;Motorist Overtaking Bicyclist;Local Street;C: Possible Injury;Wake;63;Clear;BERTIE DR;11-15 mph;30 - 35  MPH;2014;Daylight;60-69
35.999757228, -75.6488667056;"{""type"": ""Point"", ""coordinates"": [-75.64886670564427, 35.99975722797848]}";White;Kill Devil Hills;Bike Lane / Paved Shoulder;2;15;Urban (>70% Developed);Female;Pickup;1;No;0;30000012;White;No;0;16-19;Motorist Drive Out - Signalized Intersection;None;No;#NULL!;Dry;0;Urban;No;20JUN2014;0;15:28;Male;#NULL!;Commercial;O: No Injury;No;O: No Injury;404;June;0;Straight - Level;Coastal;Facing Traffic;No Control Present;Friday;Intersection;17;1;Two-Way, Not Divided;Unknown;0;No;NC 12;Coarse Asphalt;CAROLYN DR;T-Intersection;Motorist Failed to Yield - Signalized Intersection;NC Route;O: No Injury;Dare;27;Cloudy;NEPTUNE DR;Unknown;30 - 35  MPH;2014;Daylight;25-29
35.5963470828, -77.3905422201;"{""type"": ""Point"", ""coordinates"": [-77.3905422200923, 35.596347082761945]}";White;Greenville;Travel Lane;2;16;Urban (>70% Developed);Male;Passenger Car;0;No;1;50014370;White;No;0;60-69;Motorist Left Turn - Opposite Direction;None;No;#NULL!;Dry;0;Urban;No;28JUL2014;0;16:14;Male;#NULL!;Residential;B: Evident Injury;Yes;O: No Injury;389;July;0;Straight - Level;Coastal;Unknown;No Control Present;Monday;Intersection;61;1;Two-Way, Not Divided;5 lanes;0;No;HOOKER RD;Coarse Asphalt;HOWELL ST;Four-Way Intersection;Motorist Left Turn / Merge;Local Street;B: Evident Injury;Pitt;24;Clear;SYLVAN DR;0-5 mph;40 - 45  MPH;2014;Daylight;20-24
35.1864198599, -81.2068973483;"{""type"": ""Point"", ""coordinates"": [-81.20689734829169, 35.186419859927724]}";White;None - Rural Crash;Travel Lane;2;0;Mixed (30% To 70% Developed);Male;Sport Utility;0;No;1;0;White;No;0;20-24;Head-On - Bicyclist;None;No;#NULL!;Dry;0.1;Rural;No;24JUN2014;0;0:30;Male;#NULL!;Industrial;B: Evident Injury;Yes;O: No Injury;396;June;0;Straight - Level;Piedmont;Facing Traffic;No Control Present;Tuesday;Non-Intersection;20;1;Two-Way, Divided, Unprotected Median;Unknown;0;No;US 321;Smooth Asphalt;1108;No Special Feature;Head-On;US Route;B: Evident Injury;Gaston;46;Clear;2420;51-55 mph;50 - 55  MPH;2014;Dark - Roadway Not Lighted;40-49
35.7151029745, -81.1478733597;"{""type"": ""Point"", ""coordinates"": [-81.14787335972142, 35.71510297452973]}";White;Claremont;Sidewalk / Crosswalk / Driveway Crossing;2;21;Urban (>70% Developed);Female;Passenger Car;1;No;0;0;White;No;0;6-10;Non-Roadway;None;No;#NULL!;Dry;0;Rural;No;13AUG2014;0;21:39;Female;#NULL!;Commercial;O: No Injury;No;O: No Injury;410;August;0;Straight - Level;Piedmont;Not Applicable;No Control Present;Wednesday;Non-Roadway;10;1;Unknown;Unknown;0;Missing;PVA ST MARK'S CHURCH;Smooth Asphalt;NORTH DEPOT STREET;Driveway, Public;Non-Roadway;Public Vehicular Area;O: No Injury;Catawba;45;Clear;70;0-5 mph;20 - 25  MPH;2014;Daylight;40-49
35.792607066, -79.095606748;"{""type"": ""Point"", ""coordinates"": [-79.0956067480025, 35.792607065965434]}";White;None - Rural Crash;Non-Roadway;2;16;Urban (>70% Developed);Male;Passenger Car;0;No;0;0;Black;No;0;60-69;Non-Roadway;None;No;#NULL!;Dry;0.4;Rural;No;10JUL2014;0;16:46;Female;#NULL!;Residential;A: Disabling Injury;Yes;O: No Injury;400;July;0;Curve - Level;Piedmont;Not Applicable;No Control Present;Thursday;Non-Roadway;68;1;Two-Way, Not Divided;Unknown;1;No;PVA CLYNELISH CLOSE;Smooth Asphalt;GALLOWAY RIDGE;No Special Feature;Non-Roadway;Public Vehicular Area;A: Disabling Injury;Chatham;35;Cloudy;1807;0-5 mph;5 - 15 MPH;2014;Daylight;30-39
35.8404570957, -78.5443975833;"{""type"": ""Point"", ""coordinates"": [-78.54439758332704, 35.84045709569222]}";Black;Raleigh;Non-Roadway;2;19;Urban (>70% Developed);Male;Van;0;No;0;0;Hispanic;No;1;6-10;Non-Roadway;None;No;#NULL!;Unknown;0.038;Urban;No;25JUL2014;0;19:31;Male;#NULL!;Residential;C: Possible Injury;Yes;O: No Injury;409;July;0;Straight - Level;Piedmont;Not Applicable;No Control Present;Friday;Non-Roadway;8;1;One-Way, Not Divided;Unknown;0;Unknown;PVA 5979 FOXHALL VILLAGE R;Smooth Asphalt;TALLEYHOE DR;No Special Feature;Non-Roadway;Public Vehicular Area;C: Possible Injury;Wake;33;Cloudy;FOXHOUND RD;0-5 mph;5 - 15 MPH;2014;Daylight;30-39
33.9126196898, -78.0733723449;"{""type"": ""Point"", ""coordinates"": [-78.07337234492557, 33.91261968981825]}";White;Oak Island;Bike Lane / Paved Shoulder;2;2;Urban (>70% Developed);Male;Unknown;0;No;1;30000133;Unknown/Missing;No;0;20-24;Motorist Overtaking - Other / Unknown;None;No;#NULL!;Dry;0.057;Urban;Yes;27JUN2014;0;2:21;Unknown;#NULL!;Residential;B: Evident Injury;Yes;Unknown Injury;457;June;0;Straight - Level;Coastal;With Traffic;No Control Present;Friday;Non-Intersection;22;1;Two-Way, Not Divided;2 lanes;0;Missing;COUNTRY CLUB DR;Smooth Asphalt;LONG BEACH RD;No Special Feature;Motorist Overtaking Bicyclist;Local Street;B: Evident Injury;Brunswick;Unknown;Clear;YAUPON WAY;41-45 mph;40 - 45  MPH;2014;Dark - Lighted Roadway;Unknown
36.0044172286, -75.655501708;"{""type"": ""Point"", ""coordinates"": [-75.65550170802281, 36.00441722861052]}";White;Kill Devil Hills;Sidewalk / Crosswalk / Driveway Crossing;2;15;Urban (>70% Developed);Male;Sport Utility;0;No;0;20000158;White;No;1;20-24;Motorist Drive Out - Right Turn on Red;None;No;#NULL!;Dry;0;Urban;No;06AUG2014;0;15:48;Female;#NULL!;Commercial;C: Possible Injury;No;O: No Injury;447;August;0;Straight - Level;Coastal;Facing Traffic;Stop And Go Signal;Wednesday;Intersection;20;1;Two-Way, Not Divided;5 lanes;0;No;US 158;Coarse Asphalt;W BOUNDRY ST;Four-Way Intersection;Motorist Failed to Yield - Signalized Intersection;US Route;C: Possible Injury;Dare;70+;Clear;W MARTIN ST;0-5 mph;40 - 45  MPH;2014;Daylight;70+
35.2390568507, -81.763377516;"{""type"": ""Point"", ""coordinates"": [-81.76337751595334, 35.23905685073216]}";White;None - Rural Crash;Non-Roadway;2;16;Mixed (30% To 70% Developed);Male;Pickup;0;No;1;40001972;White;No;0;6-10;Bicyclist Ride Out - Other Midblock;None;No;#NULL!;Dry;0.1;Rural;No;26AUG2014;0;16:44;Male;#NULL!;Residential;B: Evident Injury;Yes;O: No Injury;462;August;0;Straight - Grade;Mountains;Not Applicable;Double Yellow Line, No Passing Zone;Tuesday;Non-Intersection;9;1;Two-Way, Not Divided;2 lanes;0;No;SR 1972;Smooth Asphalt;1003;No Special Feature;Bicyclist Failed to Yield - Midblock;State Secondary Route;B: Evident Injury;Rutherford;54;Clear;1003;16-20 mph;30 - 35  MPH;2014;Daylight;50-59
35.1066999874, -77.0518320923;"{""type"": ""Point"", ""coordinates"": [-77.05183209229402, 35.10669998739765]}";Black;New Bern;Travel Lane;2;22;Urban (>70% Developed);Male;Pickup;0;No;1;50024518;Black;No;0;40-49;Bicyclist Ride Through - Sign-Controlled Intersection;None;No;#NULL!;Dry;0;Urban;No;05AUG2014;0;22:21;Male;#NULL!;Residential;B: Evident Injury;Yes;O: No Injury;423;August;0;Straight - Level;Coastal;With Traffic;Stop Sign;Tuesday;Intersection;41;1;Two-Way, Not Divided;2 lanes;0;No;POLLOCK ST;Coarse Asphalt;QUEEN ST;Four-Way Intersection;Bicyclist Failed to Yield - Sign-Controlled Intersection;Local Street;B: Evident Injury;Craven;69;Clear;NORWOOD ST;16-20 mph;20 - 25  MPH;2014;Dark - Lighted Roadway;60-69
35.1579698646, -80.9136532596;"{""type"": ""Point"", ""coordinates"": [-80.9136532596144, 35.157969864598684]}";Hispanic;Charlotte;Sidewalk / Crosswalk / Driveway Crossing;2;20;Urban (>70% Developed);Male;Passenger Car;0;No;1;0;Black;No;0;6-10;Backing Vehicle;None;No;#NULL!;Dry;0;Urban;No;26AUG2014;0;20:19;Male;#NULL!;Residential;B: Evident Injury;Yes;O: No Injury;446;August;0;Straight - Grade;Piedmont;With Traffic;No Control Present;Tuesday;Non-Intersection;6;1;Two-Way, Not Divided;2 lanes;0;No;PP 6635 MOUNTING ROCK RD;Concrete;#NULL!;Driveway, Private;Backing Vehicle;Private Road, Driveway;B: Evident Injury;Mecklenburg;46;Clear;6635 MOUNTING ROCK RD;0-5 mph;20 - 25  MPH;2014;Dark - Lighted Roadway;40-49
33.9087966893, -78.075372346;"{""type"": ""Point"", ""coordinates"": [-78.07537234596163, 33.90879668927326]}";White;Oak Island;Travel Lane;2;21;Urban (>70% Developed);Male;Sport Utility;0;No;1;50021696;White;No;0;25-29;Bicyclist Left Turn - Opposite Direction;None;No;#NULL!;Dry;0.004;Urban;No;01JUL2014;0;21:45;Male;#NULL!;Commercial;B: Evident Injury;No;O: No Injury;458;July;0;Straight - Level;Coastal;With Traffic;No Control Present;Tuesday;Intersection;25;1;Two-Way, Not Divided;3 lanes;0;No;E OAK ISLAND DR;Smooth Asphalt;SELLERS ST;Four-Way Intersection;Bicyclist Left Turn / Merge;Local Street;B: Evident Injury;Brunswick;49;Clear;MCGLAMERY ST;16-20 mph;30 - 35  MPH;2014;Dark - Lighted Roadway;40-49
35.1005269853, -77.0778070997;"{""type"": ""Point"", ""coordinates"": [-77.07780709966816, 35.100526985331115]}";Asian;New Bern;Travel Lane;2;13;Urban (>70% Developed);Male;Passenger Car;0;No;0;40001278;White;No;1;20-24;Motorist Drive Out - Sign-Controlled Intersection;None;No;#NULL!;Wet;0;Urban;No;09AUG2014;0;13:46;Female;#NULL!;Commercial;C: Possible Injury;Yes;O: No Injury;432;August;0;Straight - Level;Coastal;Facing Traffic;Stop Sign;Saturday;Intersection;22;1;Two-Way, Not Divided;2 lanes;0;No;TRENT RD;Smooth Asphalt;#NULL!;T-Intersection;Motorist Failed to Yield - Sign-Controlled Intersection;Local Street;C: Possible Injury;Craven;33;Rain;HOTEL DR;0-5 mph;30 - 35  MPH;2014;Daylight;30-39
35.8268040882, -78.6767026229;"{""type"": ""Point"", ""coordinates"": [-78.67670262288445, 35.82680408820936]}";White;Raleigh;Travel Lane;2;19;Urban (>70% Developed);Male;Sport Utility;0;No;1;50025900;White;No;0;20-24;Motorist Right Turn - Same Direction;None;No;#NULL!;Dry;0.019;Urban;No;18AUG2014;0;19:12;Male;#NULL!;Residential;B: Evident Injury;Yes;O: No Injury;427;August;0;Straight - Grade;Piedmont;With Traffic;No Control Present;Monday;Non-Intersection;23;1;Two-Way, Not Divided;2 lanes;0;No;RIDGE RD;Smooth Asphalt;WESTMORELAND DR;No Special Feature;Motorist Right Turn / Merge;Local Street;B: Evident Injury;Wake;28;Cloudy;GLENDALE DR;31-35 mph;30 - 35  MPH;2014;Daylight;25-29
35.5862069602, -80.8065932512;"{""type"": ""Point"", ""coordinates"": [-80.80659325123278, 35.58620696015551]}";White;Mooresville;Travel Lane;2;10;Urban (>70% Developed);Female;Passenger Car;0;No;1;30000152;White;No;0;50-59;Motorist Left Turn - Opposite Direction;None;No;#NULL!;Dry;0;Urban;No;23AUG2014;0;10:28;Female;#NULL!;Commercial;B: Evident Injury;Yes;O: No Injury;474;August;0;Straight - Level;Piedmont;With Traffic;No Control Present;Saturday;Intersection;51;1;Two-Way, Not Divided;2 lanes;0;No;N MAIN ST;Smooth Asphalt;IREDELL AVE;T-Intersection;Motorist Left Turn / Merge;Local Street;B: Evident Injury;Iredell;69;Clear;INSTITUTE ST;6-10 mph;30 - 35  MPH;2014;Daylight;60-69
35.0157118454, -80.601283158;"{""type"": ""Point"", ""coordinates"": [-80.60128315802405, 35.015711845399764]}";White;Monroe;Driveway / Alley;2;19;Urban (>70% Developed);Male;Sport Utility;0;No;1;0;White;No;0;0-5;Multiple Threat - Midblock;None;No;#NULL!;Dry;0.068;Urban;No;18JUL2014;0;19:18;Female;#NULL!;Residential;B: Evident Injury;Yes;O: No Injury;437;July;0;Straight - Level;Piedmont;Not Applicable;No Control Present;Friday;Non-Intersection;5;1;Two-Way, Not Divided;2 lanes;0;No;WINTHROP LN;Smooth Asphalt;PATRIOT DR;Driveway, Private;Bicyclist Failed to Yield - Midblock;Local Street;B: Evident Injury;Union;25;Cloudy;CONTINENTAL DR;6-10 mph;20 - 25  MPH;2014;Daylight;25-29
34.228720765, -77.9358423187;"{""type"": ""Point"", ""coordinates"": [-77.93584231871154, 34.22872076495264]}";White;Wilmington;Travel Lane;2;19;Urban (>70% Developed);Male;Passenger Car;0;Yes-Alcohol,  impairment suspected;0;50005296;Black;No;1;30-39;Bicyclist Ride Through - Signalized Intersection;None;Yes;#NULL!;Dry;0;Urban;No;26JUL2014;0;19:45;Male;#NULL!;Commercial;C: Possible Injury;Yes;O: No Injury;499;July;0;Straight - Level;Coastal;With Traffic;Stop And Go Signal;Saturday;Intersection;33;1;Two-Way, Not Divided;2 lanes;0;No;CASTLE ST;Concrete;ANN ST;Four-Way Intersection;Bicyclist Failed to Yield - Signalized Intersection;Local Street;C: Possible Injury;New Hanover;40;Clear;S 10TH ST;11-15 mph;20 - 25  MPH;2014;Daylight;40-49
35.3500698487, -82.4306137193;"{""type"": ""Point"", ""coordinates"": [-82.4306137193069, 35.35006984871212]}";White;Hendersonville;Travel Lane;2;16;Urban (>70% Developed);Male;Passenger Car;0;No;1;20000064;White;No;0;50-59;Motorist Drive Out - Sign-Controlled Intersection;None;No;#NULL!;Dry;0;Urban;No;30AUG2014;0;16:37;Male;#NULL!;Commercial;B: Evident Injury;Yes;O: No Injury;482;August;0;Straight - Level;Mountains;With Traffic;Stop Sign;Saturday;Intersection;52;1;One-Way, Not Divided;2 lanes;0;No;US 64;Smooth Asphalt;HALF MOON TRAIL;No Special Feature;Motorist Failed to Yield - Sign-Controlled Intersection;Local Street;B: Evident Injury;Henderson;38;Clear;BALLANTYNE COMMONS CIR;0-5 mph;30 - 35  MPH;2014;Daylight;30-39