Geo Point;Geo Shape;BikeRace;City;BikePos;NumUnits;CrashHour;Locality;BikeSex;DrvrVehTyp;NumBikesNo;BikeAlcDrg;NumBikesBI;RteInvdCd;DrvrRace;Workzone;NumBikesCi;BikeAgeGrp;CrashType;RdDefects;CrashAlcoh;BikeAlcoho;RdConditio;DstncMiFrm;RuralUrban;HitRun;CrashDate;NumBikesUI;CrashTime;DrvrSex;DrvrAlcoho;Developmen;CrashSevr;AmbulanceR;DrvrInjury;OBJECTID;CrashMonth;NumBikesKi;RdCharacte;Region;BikeDir;TraffCntrl;CrashDay;CrashLoc;BikeAge;NumBikesTo;RdConfig;NumLanes;NumBikesAI;DrvrAlcDrg;OnRoad;RdSurface;Towrd_Rd;RdFeature;CrashGrp;RdClass;BikeInjury;County;DrvrAge;Weather;FrmRd;DrvrEstSpd;SpeedLimit;CrashYear;LightCond;DrvrAgeGrp
35.2801698988, -80.6990632017;"{""type"": ""Point"", ""coordinates"": [-80.69906320170593, 35.28016989880114]}";White;Charlotte;Travel Lane;2;11;Mixed (30% To 70% Developed);Female;Passenger Car;0;No;1;40002827;White;No;0;30-39;Motorist Turning Error - Left Turn;None;No;#NULL!;Dry;0.001;Urban;No;07SEP2014;0;11:50;Female;#NULL!;Residential;B: Evident Injury;Yes;O: No Injury;503;September;0;Straight - Level;Piedmont;With Traffic;Stop Sign;Sunday;Intersection;35;1;Two-Way, Not Divided;4 lanes;0;No;BACK CREEK CHURCH RD;Coarse Asphalt;MIDDLE STREAM RD;No Special Feature;Loss of Control / Turning Error;Local Street;B: Evident Injury;Mecklenburg;17;Clear;ROLLING ACRES RD;31-35 mph;30 - 35  MPH;2014;Daylight;0-19
34.7165369144, -76.6612619544;"{""type"": ""Point"", ""coordinates"": [-76.66126195441429, 34.71653691438696]}";White;Beaufort;Travel Lane;2;20;Urban (>70% Developed);Female;Passenger Car;0;No;1;0;White;No;0;30-39;Motorist Drive Out - Sign-Controlled Intersection;None;No;#NULL!;Dry;0;Rural;No;04SEP2014;0;20:40;Female;#NULL!;Residential;B: Evident Injury;Yes;O: No Injury;481;September;0;Straight - Level;Coastal;With Traffic;Stop Sign;Thursday;Intersection;30;1;Two-Way, Not Divided;2 lanes;0;No;POLLOCK ST;Smooth Asphalt;#NULL!;Four-Way Intersection;Motorist Failed to Yield - Sign-Controlled Intersection;Local Street;B: Evident Injury;Carteret;57;Clear;ANN ST;0-5 mph;20 - 25  MPH;2014;Dark - Lighted Roadway;50-59
35.2597968785, -81.124583327;"{""type"": ""Point"", ""coordinates"": [-81.12458332696193, 35.25979687853411]}";Black;Gastonia;Non-Roadway;2;5;Urban (>70% Developed);Male;Passenger Car;0;No;0;0;White;No;1;16-19;Non-Roadway;None;No;#NULL!;Dry;0.5;Urban;No;24JUL2014;0;5:22;Male;#NULL!;Commercial;C: Possible Injury;No;O: No Injury;498;July;0;Straight - Grade;Piedmont;Not Applicable;Stop Sign;Thursday;Non-Roadway;17;1;Two-Way, Divided, Positive Median Barrier;5 lanes;0;No;PVA 3250 E FRANKLIN BLVD;Smooth Asphalt;COX RD;Four-Way Intersection;Non-Roadway;Public Vehicular Area;C: Possible Injury;Gaston;35;Clear;LINEBERGER RD;11-15 mph;5 - 15 MPH;2014;Dark - Lighted Roadway;30-39
34.1091667394, -77.9002223018;"{""type"": ""Point"", ""coordinates"": [-77.90022230181252, 34.10916673935516]}";White;None - Rural Crash;Travel Lane;2;19;Urban (>70% Developed);Female;Pickup;0;No;0;20000421;White;No;1;20-24;Motorist Drive Out - Commercial Driveway / Alley;None;No;#NULL!;Dry;0.15;Rural;No;04SEP2014;0;19:39;Male;#NULL!;Commercial;C: Possible Injury;Yes;O: No Injury;497;September;0;Straight - Level;Coastal;Facing Traffic;No Control Present;Thursday;Non-Intersection;24;1;One-Way, Not Divided;2 lanes;0;No;421;Smooth Asphalt;1524;Driveway, Public;Motorist Failed to Yield - Midblock;US Route;C: Possible Injury;.;35;Clear;1276;0-5 mph;40 - 45  MPH;2014;Daylight;30-39
35.0760909773, -77.1505421204;"{""type"": ""Point"", ""coordinates"": [-77.15054212039664, 35.07609097733182]}";Black;River Bend;Non-Roadway;2;17;Urban (>70% Developed);Male;Passenger Car;0;No;1;0;White;No;1;16-19;Non-Roadway;None;No;#NULL!;Dry;0;Rural;No;17JUL2014;0;17:05;Female;#NULL!;Residential;B: Evident Injury;Yes;O: No Injury;487;July;0;Straight - Level;Coastal;Not Applicable;No Control Present;Thursday;Non-Roadway;18;2;Two-Way, Not Divided;Unknown;0;No;PVA 30 SHORELINE DR;Smooth Asphalt;#NULL!;No Special Feature;Non-Roadway;Public Vehicular Area;B: Evident Injury;Craven;70+;Clear;#NULL!;0-5 mph;Unknown;2014;Daylight;70+
36.1844971723, -78.4478025728;"{""type"": ""Point"", ""coordinates"": [-78.44780257279191, 36.184497172331504]}";Asian;None - Rural Crash;Travel Lane;2;15;Mixed (30% To 70% Developed);Male;Passenger Car;0;#NULL!;0;0;Unknown/Missing;No;0;30-39;Motorist Lost Control - Other / Unknown;None;No;No;Dry;0;Rural;Yes;13AUG2013;0;15:10;Unknown;No;Commercial;B: Evident Injury;Yes;Unknown Injury;1356;August;0;Straight - Level;Piedmont;With Traffic;No Control Present;Tuesday;Non-Intersection;35;0;Two-Way, Divided, Unprotected Median;4 lanes;0;#NULL!;US 1;Smooth Asphalt;#NULL!;No Special Feature;Loss of Control / Turning Error;US Route;B: Evident Injury;Vance;Unknown;Clear;#NULL!;51-55 mph;50 - 55  MPH;2013;Daylight;Unknown
35.3196768407, -82.4735037309;"{""type"": ""Point"", ""coordinates"": [-82.47350373091368, 35.31967684072243]}";White;Hendersonville;Travel Lane;2;17;Urban (>70% Developed);Female;Passenger Car;0;#NULL!;0;0;White;No;0;11-15;Bicyclist Ride Through - Sign-Controlled Intersection;None;No;No;Dry;0;Urban;No;19AUG2013;0;17:47;Female;No;Commercial;C: Possible Injury;Yes;O: No Injury;1372;August;0;Straight - Hillcrest;Mountains;With Traffic;Stop Sign;Monday;Intersection;12;0;Two-Way, Not Divided;3 lanes;0;#NULL!;6TH AVE WEST;Coarse Asphalt;#NULL!;Four-Way Intersection;Bicyclist Failed to Yield - Sign-Controlled Intersection;Local Street;C: Possible Injury;Henderson;43;Clear;#NULL!;26-30 mph;30 - 35  MPH;2013;Daylight;40-49
36.4667272608, -77.6598023478;"{""type"": ""Point"", ""coordinates"": [-77.65980234777284, 36.46672726081594]}";White;Roanoke Rapids;Travel Lane;2;11;Urban (>70% Developed);Male;Passenger Car;0;#NULL!;0;0;Unknown/Missing;No;0;60-69;Motorist Drive Through - Sign-Controlled Intersection;None;No;No;Dry;0;Urban;Yes;22AUG2013;0;11:29;Unknown;No;Residential;B: Evident Injury;Yes;Unknown Injury;1379;August;0;Straight - Level;Coastal;With Traffic;Stop Sign;Thursday;Intersection;61;0;Two-Way, Not Divided;3 lanes;0;#NULL!;5TH ST;Smooth Asphalt;#NULL!;No Special Feature;Motorist Failed to Yield - Sign-Controlled Intersection;Local Street;B: Evident Injury;Halifax;Unknown;Clear;#NULL!;Unknown;Unknown;2013;Daylight;Unknown
34.2360467688, -77.8719023;"{""type"": ""Point"", ""coordinates"": [-77.87190229999382, 34.23604676879038]}";White;Wilmington;Sidewalk / Crosswalk / Driveway Crossing;2;14;Urban (>70% Developed);Female;Passenger Car;0;#NULL!;0;0;White;No;0;20-24;Motorist Drive Out - Commercial Driveway / Alley;None;No;No;Dry;0;Urban;No;04AUG2013;0;14:53;Male;No;Commercial;C: Possible Injury;No;O: No Injury;1366;August;0;Straight - Level;Coastal;Facing Traffic;Stop Sign;Sunday;Non-Intersection;20;0;Two-Way, Not Divided;4 lanes;0;#NULL!;NEW CENTRE DR;Coarse Asphalt;#NULL!;Driveway, Public;Motorist Failed to Yield - Midblock;Local Street;C: Possible Injury;New Hanover;44;Clear;#NULL!;0-5 mph;30 - 35  MPH;2013;Daylight;40-49
35.7644870895, -78.2655024952;"{""type"": ""Point"", ""coordinates"": [-78.26550249523424, 35.76448708948767]}";Hispanic;None - Rural Crash;Bike Lane / Paved Shoulder;2;18;Rural (<30% Developed);Male;Passenger Car;0;#NULL!;0;0;Black;No;0;20-24;Bicyclist Right Turn - Opposite Direction;None;No;No;Dry;0;Rural;No;27DEC2013;0;18:43;Male;No;Farms, Woods, Pastures;B: Evident Injury;Yes;O: No Injury;1711;December;0;Straight - Grade;Coastal;Facing Traffic;Double Yellow Line, No Passing Zone;Friday;Non-Intersection;23;0;Two-Way, Not Divided;2 lanes;0;#NULL!;NC 39;Coarse Asphalt;#NULL!;No Special Feature;Bicyclist Right Turn / Merge;NC Route;B: Evident Injury;Johnston;31;Clear;#NULL!;46-50 mph;50 - 55  MPH;2013;Dark - Roadway Not Lighted;30-39
35.0965869228, -78.9154026564;"{""type"": ""Point"", ""coordinates"": [-78.91540265638035, 35.096586922786855]}";White;Fayetteville;Sidewalk / Crosswalk / Driveway Crossing;2;20;Urban (>70% Developed);Male;Passenger Car;0;#NULL!;0;0;Black;No;0;20-24;Motorist Right Turn - Opposite Direction;None;No;No;Dry;0;Urban;No;05NOV2013;0;20:08;Male;No;Commercial;B: Evident Injury;No;O: No Injury;1693;November;0;Straight - Level;Coastal;Facing Traffic;No Control Present;Tuesday;Non-Intersection;22;0;Two-Way, Not Divided;2 lanes;0;#NULL!;PVA 3408 MURCHISON RD;Coarse Asphalt;#NULL!;No Special Feature;Motorist Right Turn / Merge;Public Vehicular Area;B: Evident Injury;Cumberland;24;Clear;#NULL!;0-5 mph;5 - 15 MPH;2013;Dark - Lighted Roadway;20-24
35.7214670005, -80.4918031645;"{""type"": ""Point"", ""coordinates"": [-80.49180316451498, 35.72146700051978]}";White;None - Rural Crash;Travel Lane;2;21;Mixed (30% To 70% Developed);Male;Passenger Car;0;#NULL!;0;0;Unknown/Missing;No;0;16-19;Motorist Overtaking - Other / Unknown;None;No;No;Dry;0;Rural;Yes;13DEC2013;0;21:00;Unknown;No;Residential;B: Evident Injury;Yes;Unknown Injury;1691;December;0;Straight - Level;Piedmont;With Traffic;No Control Present;Friday;Non-Intersection;16;0;Two-Way, Not Divided;2 lanes;0;#NULL!;SR 1915;Smooth Asphalt;#NULL!;No Special Feature;Motorist Overtaking Bicyclist;State Secondary Route;B: Evident Injury;Rowan;Unknown;Cloudy;#NULL!;41-45 mph;40 - 45  MPH;2013;Dark - Roadway Not Lighted;Unknown
35.9351070975, -79.0562027432;"{""type"": ""Point"", ""coordinates"": [-79.05620274323738, 35.93510709753925]}";Black;Chapel Hill;Travel Lane;2;18;Mixed (30% To 70% Developed);Male;Passenger Car;0;#NULL!;0;0;White;No;0;11-15;Bicyclist Ride Through - Signalized Intersection;None;No;No;Dry;0;Urban;No;21NOV2013;0;18:56;Male;No;Commercial;B: Evident Injury;Yes;O: No Injury;1713;November;0;Straight - Level;Piedmont;Facing Traffic;Stop And Go Signal;Thursday;Intersection;12;0;Two-Way, Not Divided;5 lanes;0;#NULL!;MARTIN LUTHER KING JR;Smooth Asphalt;#NULL!;Four-Way Intersection;Bicyclist Failed to Yield - Signalized Intersection;Local Street;B: Evident Injury;Orange;18;Clear;#NULL!;31-35 mph;30 - 35  MPH;2013;Dark - Lighted Roadway;0-19
35.3191370003, -78.0632024107;"{""type"": ""Point"", ""coordinates"": [-78.06320241068421, 35.31913700026737]}";White;None - Rural Crash;Travel Lane;2;9;Rural (<30% Developed);Male;Unknown;0;#NULL!;0;0;Unknown/Missing;No;0;20-24;Parallel Paths - Other / Unknown;None;No;No;Water (Standing, Moving);0;Rural;Yes;26DEC2013;0;9:31;Unknown;No;Farms, Woods, Pastures;B: Evident Injury;Yes;Unknown Injury;1708;December;0;Straight - Level;Coastal;With Traffic;Double Yellow Line, No Passing Zone;Thursday;Non-Intersection;23;0;Two-Way, Not Divided;2 lanes;0;#NULL!;US 13;Coarse Asphalt;#NULL!;No Special Feature;Parallel Paths - Other Circumstances;US Route;B: Evident Injury;Wayne;Unknown;Rain;#NULL!;51-55 mph;50 - 55  MPH;2013;Daylight;Unknown
34.9774068411, -80.4987031259;"{""type"": ""Point"", ""coordinates"": [-80.49870312594331, 34.977406841058674]}";White;Monroe;Bike Lane / Paved Shoulder;2;17;Mixed (30% To 70% Developed);Male;Sport Utility;0;#NULL!;0;0;Asian;No;0;50-59;Motorist Lost Control - Other / Unknown;None;No;No;Dry;0;Urban;No;14NOV2013;0;17:00;Female;No;Commercial;C: Possible Injury;Yes;O: No Injury;1719;November;0;Straight - Grade;Piedmont;With Traffic;No Control Present;Thursday;Non-Intersection;54;0;Two-Way, Divided, Unprotected Median;4 lanes;0;#NULL!;US 74;Smooth Asphalt;#NULL!;No Special Feature;Loss of Control / Turning Error;US Route;C: Possible Injury;Union;57;Clear;#NULL!;31-35 mph;50 - 55  MPH;2013;Daylight;50-59
34.9486068853, -79.0566026918;"{""type"": ""Point"", ""coordinates"": [-79.05660269175449, 34.94860688526481]}";White;None - Rural Crash;Travel Lane;2;16;Mixed (30% To 70% Developed);Male;Sport Utility;0;#NULL!;0;0;Black;No;0;20-24;Motorist Left Turn - Opposite Direction;None;No;No;Dry;0;Rural;No;17DEC2013;0;16:11;Male;No;Residential;B: Evident Injury;Yes;O: No Injury;1695;December;0;Straight - Level;Coastal;With Traffic;Double Yellow Line, No Passing Zone;Tuesday;Intersection;21;0;Two-Way, Not Divided;2 lanes;0;#NULL!;SR 1004;Smooth Asphalt;#NULL!;T-Intersection;Motorist Left Turn / Merge;State Secondary Route;B: Evident Injury;Hoke;60;Clear;#NULL!;0-5 mph;40 - 45  MPH;2013;Daylight;60-69
35.7862270807, -78.6473026113;"{""type"": ""Point"", ""coordinates"": [-78.64730261134208, 35.78622708065509]}";Black;Raleigh;Travel Lane;2;2;Urban (>70% Developed);Male;Sport Utility;0;#NULL!;0;0;White;No;0;40-49;Motorist Left Turn - Opposite Direction;None;No;No;Wet;0;Urban;No;29DEC2013;0;2:00;Female;No;Commercial;A: Disabling Injury;Yes;O: No Injury;1720;December;0;Straight - Grade;Piedmont;With Traffic;Stop And Go Signal;Sunday;Intersection;42;0;Two-Way, Not Divided;6 lanes;0;#NULL!;GLENWOOD AVE;Smooth Asphalt;#NULL!;Four-Way Intersection;Motorist Left Turn / Merge;Local Street;A: Disabling Injury;Wake;34;Rain;#NULL!;0-5 mph;30 - 35  MPH;2013;Dark - Lighted Roadway;30-39
36.1294370953, -80.2407031117;"{""type"": ""Point"", ""coordinates"": [-80.24070311172542, 36.12943709533515]}";Black;Winston-Salem;Non-Roadway;2;17;Urban (>70% Developed);Male;Passenger Car;0;#NULL!;0;0;Black;No;0;11-15;Bicyclist Ride Out - Other Midblock;None;No;No;Dry;0;Urban;No;05NOV2013;0;17:21;Male;No;Residential;C: Possible Injury;Yes;O: No Injury;1690;November;0;Curve - Grade;Piedmont;Not Applicable;No Control Present;Tuesday;Non-Intersection;13;0;Two-Way, Not Divided;2 lanes;0;#NULL!;GLENN AVE;Smooth Asphalt;#NULL!;Alley Intersection;Bicyclist Failed to Yield - Midblock;Local Street;C: Possible Injury;Forsyth;70+;Cloudy;#NULL!;16-20 mph;30 - 35  MPH;2013;Dusk;70+
35.78289708, -78.6448026106;"{""type"": ""Point"", ""coordinates"": [-78.64480261060758, 35.78289707995475]}";White;Raleigh;Travel Lane;2;18;Urban (>70% Developed);Male;Van;0;#NULL!;0;0;White;No;0;20-24;Motorist Right Turn - Same Direction;None;No;No;Dry;0;Urban;No;06DEC2013;0;18:30;Female;No;Commercial;B: Evident Injury;Yes;O: No Injury;1694;December;0;Straight - Level;Piedmont;With Traffic;No Control Present;Friday;Non-Intersection;22;0;Two-Way, Not Divided;2 lanes;0;#NULL!;HARRINGSTON ST;Smooth Asphalt;#NULL!;No Special Feature;Motorist Right Turn / Merge;Local Street;B: Evident Injury;Wake;66;Clear;#NULL!;11-15 mph;30 - 35  MPH;2013;Dark - Lighted Roadway;60-69
35.2985469009, -80.7368032138;"{""type"": ""Point"", ""coordinates"": [-80.7368032137892, 35.29854690093171]}";White;Charlotte;Sidewalk / Crosswalk / Driveway Crossing;2;12;Urban (>70% Developed);Male;Sport Utility;0;#NULL!;0;0;White;No;0;20-24;Motorist Drive Out - Sign-Controlled Intersection;None;No;No;Dry;0;Urban;No;09FEB2012;0;12:19;Female;No;Commercial;C: Possible Injury;No;O: No Injury;1783;February;0;Straight - Grade;Piedmont;Facing Traffic;Stop Sign;Thursday;Intersection;21;0;Two-Way, Divided, Positive Median Barrier;2 lanes;0;#NULL!;#NULL!;Smooth Asphalt;#NULL!;T-Intersection;Motorist Failed to Yield - Sign-Controlled Intersection;Local Street;C: Possible Injury;Mecklenburg;59;Clear;#NULL!;Unknown;20 - 25  MPH;2012;Daylight;50-59
35.5780368907, -82.5832037778;"{""type"": ""Point"", ""coordinates"": [-82.58320377779597, 35.57803689070394]}";Asian;Asheville;Travel Lane;2;0;Urban (>70% Developed);Female;Sport Utility;0;#NULL!;0;0;White;No;0;25-29;Motorist Drive Through - Signalized Intersection;None;Yes;No;Wet;0;Urban;Yes;15JAN2012;0;0:58;Male;Yes;Commercial;C: Possible Injury;No;O: No Injury;1782;January;0;Straight - Level;Mountains;With Traffic;Stop And Go Signal;Sunday;Intersection;26;0;Two-Way, Not Divided;3 lanes;0;#NULL!;#NULL!;Smooth Asphalt;#NULL!;On or Off Ramp;Motorist Failed to Yield - Signalized Intersection;US Route;C: Possible Injury;Buncombe;24;Snow, Sleet, Hail, Freezing Rain/Drizzle;#NULL!;21-25 mph;20 - 25  MPH;2012;Dark - Lighted Roadway;20-24
34.7303768248, -79.4532027995;"{""type"": ""Point"", ""coordinates"": [-79.4532027995035, 34.73037682479695]}";Black;None - Rural Crash;Travel Lane;2;18;Rural (<30% Developed);Male;Passenger Car;0;#NULL!;0;0;Native American;No;0;40-49;Motorist Drive Out - Sign-Controlled Intersection;None;Yes;Yes;Dry;0;Rural;No;28JAN2012;0;18:00;Female;No;Residential;B: Evident Injury;Yes;B: Evident Injury;1771;January;0;Straight - Level;Coastal;Facing Traffic;Stop Sign;Saturday;Intersection;47;0;Two-Way, Not Divided;2 lanes;0;#NULL!;#NULL!;Smooth Asphalt;#NULL!;T-Intersection;Motorist Failed to Yield - Sign-Controlled Intersection;State Secondary Route;O: No Injury;Scotland;23;Clear;#NULL!;11-15 mph;50 - 55  MPH;2012;Dark - Roadway Not Lighted;20-24
36.178597108, -80.1921031002;"{""type"": ""Point"", ""coordinates"": [-80.19210310016545, 36.178597107953316]}";White;Walkertown;Travel Lane;2;6;Mixed (30% To 70% Developed);Male;Truck/Trailer;0;#NULL!;0;0;White;No;0;30-39;Motorist Overtaking - Other / Unknown;None;No;No;Dry;0;Rural;No;26JAN2012;0;6:16;Male;No;Residential;B: Evident Injury;Yes;O: No Injury;1766;January;0;Straight - Level;Piedmont;With Traffic;Double Yellow Line, No Passing Zone;Thursday;Non-Intersection;37;0;Two-Way, Not Divided;2 lanes;0;#NULL!;#NULL!;Smooth Asphalt;#NULL!;No Special Feature;Motorist Overtaking Bicyclist;NC Route;B: Evident Injury;Forsyth;46;Cloudy;#NULL!;41-45 mph;40 - 45  MPH;2012;Dark - Roadway Not Lighted;40-49
35.4023069191, -80.8619032569;"{""type"": ""Point"", ""coordinates"": [-80.86190325686191, 35.402306919077944]}";White;Huntersville;Bike Lane / Paved Shoulder;2;17;Urban (>70% Developed);Male;Passenger Car;0;#NULL!;0;0;White;No;0;40-49;Motorist Drive Out - Sign-Controlled Intersection;None;No;No;Dry;0;Urban;No;05JAN2012;0;17:03;Male;No;Commercial;B: Evident Injury;Yes;O: No Injury;1770;January;0;Straight - Grade;Piedmont;With Traffic;Stop Sign;Thursday;Intersection;46;0;Two-Way, Not Divided;3 lanes;0;#NULL!;#NULL!;Smooth Asphalt;#NULL!;T-Intersection;Motorist Failed to Yield - Sign-Controlled Intersection;Local Street;B: Evident Injury;Mecklenburg;63;Clear;#NULL!;0-5 mph;30 - 35  MPH;2012;Daylight;60-69
34.2130767655, -77.804502278;"{""type"": ""Point"", ""coordinates"": [-77.80450227803415, 34.21307676550536]}";Other;Wrightsville Beach;Travel Lane;2;20;Urban (>70% Developed);Male;Police;0;#NULL!;0;0;White;No;0;25-29;Bicyclist Overtaking - Parked Vehicle;None;No;No;Dry;0;Rural;No;07FEB2012;0;20:05;Male;Missing;Residential;O: No Injury;No;O: No Injury;1777;February;0;Straight - Level;Coastal;With Traffic;Double Yellow Line, No Passing Zone;Tuesday;Non-Intersection;28;0;Two-Way, Not Divided;5 lanes;0;#NULL!;#NULL!;Smooth Asphalt;#NULL!;No Special Feature;Bicyclist Overtaking Motorist;US Route;O: No Injury;New Hanover;26;Clear;#NULL!;0-5 mph;30 - 35  MPH;2012;Dark - Lighted Roadway;25-29
35.2155968811, -80.8150032328;"{""type"": ""Point"", ""coordinates"": [-80.81500323283372, 35.21559688111356]}";White;Charlotte;Travel Lane;2;0;Urban (>70% Developed);Male;Passenger Car;0;#NULL!;0;0;White;No;0;30-39;Motorist Left Turn - Opposite Direction;None;No;No;Dry;0;Urban;No;28JAN2012;0;0:41;Male;No;Residential;B: Evident Injury;Yes;O: No Injury;1776;January;0;Curve - Level;Piedmont;With Traffic;No Control Present;Saturday;Intersection;37;0;Two-Way, Not Divided;2 lanes;0;#NULL!;#NULL!;Smooth Asphalt;#NULL!;T-Intersection;Motorist Left Turn / Merge;Local Street;B: Evident Injury;Mecklenburg;31;Clear;#NULL!;21-25 mph;20 - 25  MPH;2012;Dark - Lighted Roadway;30-39
35.7833670798, -78.6669026171;"{""type"": ""Point"", ""coordinates"": [-78.66690261709935, 35.783367079760204]}";White;Raleigh;Travel Lane;2;11;Urban (>70% Developed);Male;Passenger Car;0;#NULL!;0;0;Black;No;0;20-24;Bicyclist Overtaking - Passing on Left;None;No;No;Dry;0;Urban;No;15FEB2012;0;11:00;Male;No;Institutional;B: Evident Injury;No;O: No Injury;1806;February;0;Straight - Level;Piedmont;With Traffic;No Control Present;Wednesday;Intersection;21;0;One-Way, Not Divided;1 lane;0;#NULL!;#NULL!;Smooth Asphalt;#NULL!;T-Intersection;Bicyclist Overtaking Motorist;Local Street;B: Evident Injury;Wake;21;Clear;#NULL!;0-5 mph;5 - 15 MPH;2012;Daylight;20-24
35.7721170726, -78.7824026522;"{""type"": ""Point"", ""coordinates"": [-78.78240265224663, 35.77211707260164]}";White;Cary;Non-Roadway;2;12;Mixed (30% To 70% Developed);Male;Pickup;0;#NULL!;0;0;Black;No;0;40-49;Non-Roadway;None;No;No;Dry;0;Urban;No;20JAN2012;0;12:57;Male;No;Commercial;B: Evident Injury;No;O: No Injury;1785;January;0;Straight - Level;Piedmont;Not Applicable;Stop Sign;Friday;Non-Roadway;40;0;Two-Way, Not Divided;1 lane;0;#NULL!;#NULL!;Smooth Asphalt;#NULL!;Driveway, Public;Non-Roadway;Public Vehicular Area;B: Evident Injury;Wake;56;Cloudy;#NULL!;0-5 mph;5 - 15 MPH;2012;Daylight;50-59
35.9606170686, -80.0108030324;"{""type"": ""Point"", ""coordinates"": [-80.01080303244164, 35.96061706859781]}";Black;High Point;Travel Lane;2;11;Urban (>70% Developed);Male;Passenger Car;0;#NULL!;0;0;White;No;0;50-59;Bicyclist Ride Through - Sign-Controlled Intersection;None;No;No;Wet;0;Urban;No;27NOV2013;0;11:52;Female;No;Institutional;C: Possible Injury;Yes;O: No Injury;1727;November;0;Straight - Level;Piedmont;With Traffic;Flashing Signal With Stop Sign;Wednesday;Intersection;53;0;Two-Way, Not Divided;4 lanes;0;#NULL!;N ELM ST;Smooth Asphalt;#NULL!;Four-Way Intersection;Bicyclist Failed to Yield - Sign-Controlled Intersection;Local Street;C: Possible Injury;Guilford;23;Snow, Sleet, Hail, Freezing Rain/Drizzle;#NULL!;31-35 mph;30 - 35  MPH;2013;Daylight;20-24
34.9965389205, -78.341662478;"{""type"": ""Point"", ""coordinates"": [-78.341662478021, 34.996538920489755]}";Black;Clinton;Travel Lane;2;18;Urban (>70% Developed);Male;Passenger Car;0;#NULL!;0;0;White;No;0;6-10;Bicyclist Ride Through - Sign-Controlled Intersection;None;No;No;Dry;0;Urban;No;09AUG2010;0;18:19;Female;No;Residential;C: Possible Injury;No;O: No Injury;4188;August;0;Straight - Level;Coastal;With Traffic;Stop Sign;Monday;Intersection;8;0;Two-Way, Not Divided;2 lanes;0;#NULL!;#NULL!;Coarse Asphalt;#NULL!;Four-Way Intersection;Bicyclist Failed to Yield - Sign-Controlled Intersection;Local Street;C: Possible Injury;Sampson;62;Clear;#NULL!;31-35 mph;30 - 35  MPH;2010;Daylight;60-69
35.3137318405, -82.4571437258;"{""type"": ""Point"", ""coordinates"": [-82.45714372576101, 35.313731840482085]}";White;Hendersonville;Travel Lane;2;15;Urban (>70% Developed);Male;Passenger Car;0;#NULL!;0;0;White;No;0;25-29;Bicyclist Left Turn - Same Direction;None;No;No;Dry;0;Urban;No;02JUL2010;0;15:28;Female;No;Commercial;C: Possible Injury;Yes;O: No Injury;4190;July;0;Straight - Level;Mountains;With Traffic;No Control Present;Friday;Intersection;25;0;Two-Way, Not Divided;2 lanes;0;#NULL!;#NULL!;Smooth Asphalt;#NULL!;No Special Feature;Bicyclist Left Turn / Merge;Local Street;C: Possible Injury;Henderson;59;Clear;#NULL!;21-25 mph;20 - 25  MPH;2010;Daylight;50-59
34.2445097691, -77.9039223101;"{""type"": ""Point"", ""coordinates"": [-77.90392231012099, 34.24450976914078]}";Unknown/Missing;Wilmington;Travel Lane;2;14;Urban (>70% Developed);Unknown;Unknown;0;#NULL!;0;0;Unknown/Missing;No;0;Unknown;Bicyclist Ride Out - Other Midblock;None;No;Missing;Dry;0;Urban;Yes;01AUG2010;0;14:28;Unknown;Missing;Residential;B: Evident Injury;No;Unknown Injury;4193;August;0;Straight - Level;Coastal;Not Applicable;No Control Present;Sunday;Non-Intersection;Unknown;0;Two-Way, Not Divided;2 lanes;0;#NULL!;#NULL!;Smooth Asphalt;#NULL!;No Special Feature;Bicyclist Failed to Yield - Midblock;Local Street;Unknown Injury;New Hanover;Unknown;Cloudy;#NULL!;Unknown;20 - 25  MPH;2010;Daylight;Unknown
36.0100571162, -78.9900427273;"{""type"": ""Point"", ""coordinates"": [-78.99004272733121, 36.01005711623749]}";White;None - Rural Crash;Travel Lane;2;18;Rural (<30% Developed);Male;Sport Utility;0;#NULL!;0;0;White;No;0;30-39;Motorist Drive Out - Sign-Controlled Intersection;None;No;No;Dry;0;Rural;No;13AUG2010;0;18:00;Male;No;Farms, Woods, Pastures;B: Evident Injury;No;O: No Injury;4202;August;0;Curve - Grade;Piedmont;With Traffic;Stop Sign;Friday;Intersection;37;0;Two-Way, Not Divided;2 lanes;0;#NULL!;#NULL!;Coarse Asphalt;#NULL!;Four-Way Intersection;Motorist Failed to Yield - Sign-Controlled Intersection;State Secondary Route;B: Evident Injury;Durham;70+;Clear;#NULL!;0-5 mph;40 - 45  MPH;2010;Daylight;70+
35.9317070634, -79.9782530217;"{""type"": ""Point"", ""coordinates"": [-79.97825302169613, 35.931707063361124]}";Black;High Point;Travel Lane;2;8;Urban (>70% Developed);Male;Pickup;0;#NULL!;0;0;White;No;0;30-39;Signalized Intersection - Other / Unknown;None;No;No;Dry;0;Urban;No;26JUL2010;0;8:52;Male;No;Residential;C: Possible Injury;Yes;O: No Injury;4213;July;0;Straight - Level;Piedmont;Facing Traffic;Stop And Go Signal;Monday;Intersection;36;0;Two-Way, Not Divided;4 lanes;0;#NULL!;#NULL!;Smooth Asphalt;#NULL!;Four-Way Intersection;Crossing Paths - Other Circumstances;Local Street;C: Possible Injury;Guilford;39;Clear;#NULL!;6-10 mph;30 - 35  MPH;2010;Daylight;30-39