Geo Point;Geo Shape;BikeRace;City;BikePos;NumUnits;CrashHour;Locality;BikeSex;DrvrVehTyp;NumBikesNo;BikeAlcDrg;NumBikesBI;RteInvdCd;DrvrRace;Workzone;NumBikesCi;BikeAgeGrp;CrashType;RdDefects;CrashAlcoh;BikeAlcoho;RdConditio;DstncMiFrm;RuralUrban;HitRun;CrashDate;NumBikesUI;CrashTime;DrvrSex;DrvrAlcoho;Developmen;CrashSevr;AmbulanceR;DrvrInjury;OBJECTID;CrashMonth;NumBikesKi;RdCharacte;Region;BikeDir;TraffCntrl;CrashDay;CrashLoc;BikeAge;NumBikesTo;RdConfig;NumLanes;NumBikesAI;DrvrAlcDrg;OnRoad;RdSurface;Towrd_Rd;RdFeature;CrashGrp;RdClass;BikeInjury;County;DrvrAge;Weather;FrmRd;DrvrEstSpd;SpeedLimit;CrashYear;LightCond;DrvrAgeGrp
36.0991242477, -75.7205017331;"{""type"": ""Point"", ""coordinates"": [-75.72050173314636, 36.099124247682504]}";White;Kitty Hawk;Multi-use Path;2;18;Urban (>70% Developed);Male;Passenger Car;0;#NULL!;0;0;White;No;0;16-19;Bicyclist Ride Through - Sign-Controlled Intersection;None;No;No;Dry;0;Rural;No;05JUL2010;0;18:07;Male;No;Commercial;B: Evident Injury;Yes;O: No Injury;4215;July;0;Straight - Bottom;Coastal;With Traffic;Stop And Go Signal;Monday;Intersection;16;0;Two-Way, Not Divided;7 lanes;0;#NULL!;#NULL!;Coarse Asphalt;#NULL!;Four-Way Intersection;Bicyclist Failed to Yield - Sign-Controlled Intersection;US Route;B: Evident Injury;Dare;50;Clear;#NULL!;0-5 mph;50 - 55  MPH;2010;Daylight;50-59
36.0386690891, -79.9067630059;"{""type"": ""Point"", ""coordinates"": [-79.9067630058962, 36.03866908913524]}";White;Greensboro;Sidewalk / Crosswalk / Driveway Crossing;2;10;Urban (>70% Developed);Female;Pickup;0;#NULL!;0;0;White;No;0;30-39;Motorist Left Turn - Opposite Direction;None;No;No;Dry;0;Urban;No;07AUG2010;0;10:02;Male;No;Residential;B: Evident Injury;Yes;O: No Injury;4216;August;0;Straight - Grade;Piedmont;With Traffic;Stop And Go Signal;Saturday;Intersection;37;0;Two-Way, Not Divided;5 lanes;0;#NULL!;#NULL!;Smooth Asphalt;#NULL!;No Special Feature;Motorist Left Turn / Merge;Local Street;B: Evident Injury;Guilford;23;Clear;#NULL!;11-15 mph;30 - 35  MPH;2010;Daylight;20-24
34.1946707575, -77.9362623168;"{""type"": ""Point"", ""coordinates"": [-77.9362623168156, 34.19467075748578]}";White;Wilmington;Travel Lane;2;7;Mixed (30% To 70% Developed);Male;Passenger Car;0;#NULL!;0;0;White;No;0;25-29;Motorist Left Turn - Opposite Direction;None;No;No;Dry;0;Urban;No;06AUG2010;0;7:49;Female;No;Commercial;C: Possible Injury;Yes;O: No Injury;4224;August;0;Straight - Level;Coastal;With Traffic;Stop And Go Signal;Friday;Intersection;27;0;Two-Way, Not Divided;5 lanes;0;#NULL!;#NULL!;Coarse Asphalt;#NULL!;No Special Feature;Motorist Left Turn / Merge;Local Street;C: Possible Injury;New Hanover;27;Clear;#NULL!;21-25 mph;40 - 45  MPH;2010;Daylight;25-29
35.5702508898, -82.5783537755;"{""type"": ""Point"", ""coordinates"": [-82.5783537755145, 35.57025088978069]}";Black;Asheville;Travel Lane;2;19;Urban (>70% Developed);Male;Sport Utility;0;#NULL!;0;0;White;No;0;16-19;Bicyclist Ride Through - Sign-Controlled Intersection;None;No;No;Dry;0;Urban;No;29JUL2010;0;19:39;Female;No;Residential;B: Evident Injury;No;O: No Injury;4226;July;0;Straight - Hillcrest;Mountains;With Traffic;Stop Sign;Thursday;Intersection;18;0;Two-Way, Not Divided;2 lanes;0;#NULL!;#NULL!;Coarse Asphalt;#NULL!;T-Intersection;Bicyclist Failed to Yield - Sign-Controlled Intersection;Local Street;B: Evident Injury;Buncombe;33;Clear;#NULL!;21-25 mph;20 - 25  MPH;2010;Daylight;30-39
35.704877022, -79.8041129568;"{""type"": ""Point"", ""coordinates"": [-79.8041129568146, 35.704877022001085]}";White;Asheboro;Travel Lane;2;18;Urban (>70% Developed);Male;Passenger Car;0;#NULL!;0;0;White;No;0;30-39;Motorist Drive Through - Sign-Controlled Intersection;None;No;No;Dry;0;Urban;No;08AUG2010;0;18:35;Male;No;Residential;C: Possible Injury;No;O: No Injury;4230;August;0;Straight - Grade;Piedmont;With Traffic;No Control Present;Sunday;Intersection;38;0;Two-Way, Not Divided;2 lanes;0;#NULL!;#NULL!;Smooth Asphalt;#NULL!;Four-Way Intersection;Motorist Failed to Yield - Sign-Controlled Intersection;Local Street;C: Possible Injury;Randolph;70+;Clear;#NULL!;16-20 mph;30 - 35  MPH;2010;Daylight;70+
35.3872750175, -77.9910123917;"{""type"": ""Point"", ""coordinates"": [-77.99101239168405, 35.3872750174712]}";Black;Goldsboro;Sidewalk / Crosswalk / Driveway Crossing;2;14;Urban (>70% Developed);Male;Passenger Car;0;#NULL!;0;0;Black;No;0;20-24;Bicyclist Ride Out - Parallel Path;None;No;No;Dry;0;Urban;No;30JUL2010;0;14:28;Female;No;Commercial;B: Evident Injury;Yes;O: No Injury;4231;July;0;Straight - Level;Coastal;Facing Traffic;No Control Present;Friday;Non-Intersection;21;0;Two-Way, Not Divided;2 lanes;0;#NULL!;#NULL!;Coarse Asphalt;#NULL!;No Special Feature;Parallel Paths - Other Circumstances;Local Street;B: Evident Injury;Wayne;22;Clear;#NULL!;21-25 mph;30 - 35  MPH;2010;Daylight;20-24
33.9123716882, -78.1329423629;"{""type"": ""Point"", ""coordinates"": [-78.13294236285935, 33.91237168822947]}";White;Oak Island;Travel Lane;2;20;Urban (>70% Developed);Male;Passenger Car;0;#NULL!;0;0;White;No;0;6-10;Crossing Paths - Intersection - Other / Unknown;None;No;No;Dry;0;Urban;No;19JUL2010;0;20:00;Female;No;Residential;B: Evident Injury;Yes;O: No Injury;4233;July;0;Straight - Level;Coastal;With Traffic;No Control Present;Monday;Intersection;9;0;Two-Way, Not Divided;2 lanes;0;#NULL!;#NULL!;Grooved Concrete;#NULL!;Four-Way Intersection;Crossing Paths - Other Circumstances;Local Street;B: Evident Injury;Brunswick;16;Clear;#NULL!;21-25 mph;30 - 35  MPH;2010;Dusk;0-19
36.0291091235, -78.9124787049;"{""type"": ""Point"", ""coordinates"": [-78.91247870486667, 36.02910912346835]}";White;Durham;Travel Lane;2;2;Urban (>70% Developed);Male;Passenger Car;0;#NULL!;0;0;Black;No;0;50-59;Motorist Drive Out - Sign-Controlled Intersection;None;No;No;Dry;0;Urban;No;20AUG2010;0;2:01;Female;No;Commercial;C: Possible Injury;Yes;O: No Injury;4235;August;0;Straight - Level;Piedmont;With Traffic;Stop Sign;Friday;Intersection;51;0;Two-Way, Not Divided;3 lanes;0;#NULL!;#NULL!;Smooth Asphalt;#NULL!;No Special Feature;Motorist Failed to Yield - Sign-Controlled Intersection;Local Street;C: Possible Injury;Durham;44;Cloudy;#NULL!;0-5 mph;30 - 35  MPH;2010;Dark - Lighted Roadway;40-49
34.7767629038, -77.39129218;"{""type"": ""Point"", ""coordinates"": [-77.39129217997493, 34.77676290378186]}";White;Jacksonville;Non-Roadway;2;15;Urban (>70% Developed);Male;Passenger Car;0;#NULL!;0;0;Black;No;0;20-24;Non-Roadway;None;No;No;Dry;0;Urban;No;10AUG2010;0;15:45;Female;No;Commercial;O: No Injury;No;O: No Injury;4238;August;0;Straight - Level;Coastal;Not Applicable;No Control Present;Tuesday;Non-Roadway;24;0;Two-Way, Not Divided;Unknown;0;#NULL!;#NULL!;Smooth Asphalt;#NULL!;No Special Feature;Non-Roadway;Public Vehicular Area;O: No Injury;Onslow;34;Clear;#NULL!;11-15 mph;5 - 15 MPH;2010;Daylight;30-39
35.0764369151, -78.9948126798;"{""type"": ""Point"", ""coordinates"": [-78.9948126797761, 35.0764369151393]}";Black;Fayetteville;Travel Lane;2;17;Urban (>70% Developed);Male;Passenger Car;0;#NULL!;0;0;White;No;0;16-19;Head-On - Bicyclist;None;No;No;Dry;0;Urban;No;09AUG2010;0;17:29;Male;No;Residential;C: Possible Injury;Yes;O: No Injury;4239;August;0;Straight - Level;Coastal;Facing Traffic;No Control Present;Monday;Non-Intersection;17;0;Two-Way, Divided, Positive Median Barrier;2 lanes;0;#NULL!;#NULL!;Coarse Asphalt;#NULL!;No Special Feature;Head-On;Local Street;C: Possible Injury;Cumberland;70+;Clear;#NULL!;0-5 mph;20 - 25  MPH;2010;Daylight;70+
34.3597437543, -79.1215086823;"{""type"": ""Point"", ""coordinates"": [-79.12150868227454, 34.359743754289894]}";Black;Marietta;Travel Lane;2;0;Mixed (30% To 70% Developed);Male;Passenger Car;0;#NULL!;0;0;Black;No;0;25-29;Unusual Circumstances;None;No;No;Dry;0;Rural;No;12AUG2010;0;0:35;Female;No;Residential;B: Evident Injury;Yes;O: No Injury;4241;August;0;Straight - Level;Coastal;With Traffic;No Control Present;Thursday;Non-Intersection;29;0;Two-Way, Not Divided;2 lanes;0;#NULL!;#NULL!;Smooth Asphalt;#NULL!;No Special Feature;Other / Unusual Circumstances;State Secondary Route;B: Evident Injury;Robeson;33;Clear;#NULL!;31-35 mph;40 - 45  MPH;2010;Dark - Roadway Not Lighted;30-39
35.1560548708, -80.74836321;"{""type"": ""Point"", ""coordinates"": [-80.74836320999776, 35.156054870823475]}";Black;Charlotte;Travel Lane;2;15;Urban (>70% Developed);Male;Passenger Car;0;#NULL!;0;0;Black;No;0;30-39;Motorist Drive Out - Sign-Controlled Intersection;None;No;No;Dry;0;Urban;No;13AUG2010;0;15:20;Female;No;Residential;C: Possible Injury;Yes;O: No Injury;4244;August;0;Straight - Level;Piedmont;Facing Traffic;Yield Sign;Friday;Intersection;36;0;Two-Way, Not Divided;4 lanes;0;#NULL!;#NULL!;Smooth Asphalt;#NULL!;No Special Feature;Motorist Failed to Yield - Sign-Controlled Intersection;Local Street;C: Possible Injury;Mecklenburg;26;Clear;#NULL!;16-20 mph;40 - 45  MPH;2010;Daylight;25-29
35.2362168849, -80.8145032342;"{""type"": ""Point"", ""coordinates"": [-80.81450323419647, 35.23621688487643]}";Black;Charlotte;Travel Lane;2;13;Urban (>70% Developed);Male;Sport Utility;0;#NULL!;0;0;Black;No;0;50-59;Bicyclist Ride Through - Sign-Controlled Intersection;Rut, Holes, Bumps;No;No;Dry;0;Urban;No;13AUG2010;0;13:16;Female;No;Residential;B: Evident Injury;Yes;O: No Injury;4245;August;0;Straight - Level;Piedmont;Unknown;Stop Sign;Friday;Intersection;56;0;Two-Way, Not Divided;2 lanes;0;#NULL!;#NULL!;Smooth Asphalt;#NULL!;Four-Way Intersection;Bicyclist Failed to Yield - Sign-Controlled Intersection;Local Street;B: Evident Injury;Mecklenburg;48;Clear;#NULL!;21-25 mph;20 - 25  MPH;2010;Daylight;40-49
35.7395389733, -81.3235534139;"{""type"": ""Point"", ""coordinates"": [-81.32355341387127, 35.73953897327707]}";White;Hickory;Sidewalk / Crosswalk / Driveway Crossing;2;20;Urban (>70% Developed);Female;Passenger Car;0;#NULL!;0;0;White;No;0;20-24;Motorist Drive Out - Signalized Intersection;None;No;No;Dry;0;Urban;No;13AUG2010;0;20:31;Female;No;Residential;C: Possible Injury;Yes;O: No Injury;4254;August;0;Straight - Level;Piedmont;Facing Traffic;Stop And Go Signal;Friday;Intersection;22;0;One-Way, Not Divided;3 lanes;0;#NULL!;#NULL!;Smooth Asphalt;#NULL!;Four-Way Intersection;Motorist Failed to Yield - Signalized Intersection;Local Street;C: Possible Injury;Catawba;68;Clear;#NULL!;Unknown;30 - 35  MPH;2010;Dark - Lighted Roadway;60-69
36.5132331967, -79.6957029689;"{""type"": ""Point"", ""coordinates"": [-79.69570296888041, 36.513233196719405]}";White;Eden;Travel Lane;3;3;Urban (>70% Developed);Male;Passenger Car;0;#NULL!;0;0;Black;No;0;25-29;Bicyclist Ride Through - Sign-Controlled Intersection;None;Yes;Yes;Dry;0;Urban;Yes;17AUG2010;0;3:41;Male;No;Residential;K: Killed;Yes;O: No Injury;4255;August;0;Straight - Level;Piedmont;With Traffic;No Control Present;Tuesday;Intersection;27;0;Two-Way, Not Divided;2 lanes;0;#NULL!;#NULL!;Smooth Asphalt;#NULL!;No Special Feature;Bicyclist Failed to Yield - Sign-Controlled Intersection;Local Street;K: Killed;Rockingham;20;Clear;#NULL!;31-35 mph;30 - 35  MPH;2010;Dark - Lighted Roadway;20-24
35.9803272245, -75.6422917034;"{""type"": ""Point"", ""coordinates"": [-75.6422917034309, 35.980327224474046]}";White;Nags Head;Travel Lane;2;21;Mixed (30% To 70% Developed);Male;Sport Utility;0;#NULL!;0;0;White;No;0;50-59;Bicyclist Ride Through - Signalized Intersection;None;No;No;Dry;0;Rural;No;12JUN2010;0;21:27;Male;No;Commercial;B: Evident Injury;Yes;O: No Injury;4258;June;0;Straight - Level;Coastal;Facing Traffic;Stop And Go Signal;Saturday;Intersection;55;0;Two-Way, Divided, Unprotected Median;5 lanes;0;#NULL!;#NULL!;Coarse Asphalt;#NULL!;Four-Way Intersection;Bicyclist Failed to Yield - Signalized Intersection;US Route;B: Evident Injury;Dare;31;Clear;#NULL!;6-10 mph;50 - 55  MPH;2010;Dark - Lighted Roadway;30-39
36.5349992655, -77.9383024361;"{""type"": ""Point"", ""coordinates"": [-77.9383024361208, 36.53499926554601]}";White;None - Rural Crash;Travel Lane;2;13;Rural (<30% Developed);Male;Passenger Car;0;#NULL!;0;0;White;No;0;40-49;Motorist Overtaking - Misjudged Space;None;No;No;Dry;0;Rural;No;08AUG2010;0;13:28;Male;No;Farms, Woods, Pastures;C: Possible Injury;Yes;O: No Injury;4261;August;0;Straight - Level;Piedmont;With Traffic;Double Yellow Line, No Passing Zone;Sunday;Non-Intersection;42;0;Two-Way, Not Divided;2 lanes;0;#NULL!;#NULL!;Smooth Asphalt;#NULL!;No Special Feature;Motorist Overtaking Bicyclist;NC Route;C: Possible Injury;Warren;70+;Clear;#NULL!;16-20 mph;50 - 55  MPH;2010;Daylight;70+
35.1791668724, -80.8287082355;"{""type"": ""Point"", ""coordinates"": [-80.82870823547333, 35.17916687238819]}";White;Charlotte;Travel Lane;2;7;Urban (>70% Developed);Male;Sport Utility;0;#NULL!;0;0;White;No;0;50-59;Motorist Left Turn - Opposite Direction;None;No;No;Dry;0;Urban;No;21AUG2010;0;7:50;Male;No;Residential;C: Possible Injury;Yes;O: No Injury;4265;August;0;Straight - Grade;Piedmont;With Traffic;No Control Present;Saturday;Non-Intersection;52;0;Two-Way, Not Divided;2 lanes;0;#NULL!;#NULL!;Smooth Asphalt;#NULL!;No Special Feature;Motorist Left Turn / Merge;Local Street;C: Possible Injury;Mecklenburg;43;Cloudy;#NULL!;0-5 mph;30 - 35  MPH;2010;Daylight;40-49
35.0832928516, -80.8308732306;"{""type"": ""Point"", ""coordinates"": [-80.83087323061999, 35.083292851640444]}";White;Charlotte;Travel Lane;2;5;Urban (>70% Developed);Male;Passenger Car;0;#NULL!;0;0;Hispanic;No;0;30-39;Bicyclist Left Turn - Opposite Direction;None;No;No;Wet;0;Urban;No;19AUG2010;0;5:14;Male;No;Residential;B: Evident Injury;Yes;O: No Injury;4267;August;0;Straight - Level;Piedmont;With Traffic;Stop And Go Signal;Thursday;Intersection;33;0;Two-Way, Not Divided;4 lanes;0;#NULL!;#NULL!;Smooth Asphalt;#NULL!;Four-Way Intersection;Bicyclist Left Turn / Merge;NC Route;B: Evident Injury;Mecklenburg;70+;Cloudy;#NULL!;11-15 mph;40 - 45  MPH;2010;Dark - Lighted Roadway;70+
35.0919108534, -80.8443482354;"{""type"": ""Point"", ""coordinates"": [-80.84434823541243, 35.091910853378565]}";Black;Charlotte;Sidewalk / Crosswalk / Driveway Crossing;2;7;Urban (>70% Developed);Female;Passenger Car;0;#NULL!;0;0;White;No;0;16-19;Bicyclist Lost Control - Other / Unknown;None;No;No;Wet;0;Urban;No;19AUG2010;0;7:53;Female;No;Commercial;C: Possible Injury;Yes;O: No Injury;4272;August;0;Straight - Level;Piedmont;Facing Traffic;Stop Sign;Thursday;Intersection;17;0;Two-Way, Divided, Positive Median Barrier;2 lanes;0;#NULL!;#NULL!;Smooth Asphalt;#NULL!;T-Intersection;Loss of Control / Turning Error;Local Street;C: Possible Injury;Mecklenburg;31;Cloudy;#NULL!;Unknown;20 - 25  MPH;2010;Daylight;30-39
35.7200119686, -81.3386034169;"{""type"": ""Point"", ""coordinates"": [-81.33860341685109, 35.72001196860819]}";Black;Hickory;Travel Lane;2;12;Urban (>70% Developed);Male;Passenger Car;0;#NULL!;0;0;White;No;0;11-15;Bicyclist Ride Through - Signalized Intersection;None;No;No;Dry;0;Urban;No;22AUG2010;0;12:41;Male;No;Residential;B: Evident Injury;Yes;O: No Injury;4274;August;0;Straight - Grade;Piedmont;With Traffic;Stop Sign;Sunday;Intersection;14;0;Two-Way, Not Divided;2 lanes;0;#NULL!;#NULL!;Smooth Asphalt;#NULL!;Four-Way Intersection;Bicyclist Failed to Yield - Signalized Intersection;Local Street;B: Evident Injury;Catawba;38;Clear;#NULL!;21-25 mph;20 - 25  MPH;2010;Daylight;30-39
35.636887048, -78.6712326109;"{""type"": ""Point"", ""coordinates"": [-78.67123261085725, 35.63688704803875]}";White;None - Rural Crash;Travel Lane;2;6;Mixed (30% To 70% Developed);Male;Pickup;0;#NULL!;0;0;White;No;0;40-49;Motorist Left Turn - Opposite Direction;None;No;No;Dry;0;Rural;No;31AUG2010;0;6:03;Male;No;Residential;B: Evident Injury;Yes;O: No Injury;4279;August;0;Straight - Grade;Piedmont;With Traffic;Double Yellow Line, No Passing Zone;Tuesday;Intersection;48;0;Two-Way, Not Divided;2 lanes;0;#NULL!;#NULL!;Smooth Asphalt;#NULL!;No Special Feature;Motorist Left Turn / Merge;State Secondary Route;B: Evident Injury;Wake;32;Clear;#NULL!;11-15 mph;40 - 45  MPH;2010;Dark - Roadway Not Lighted;30-39
36.0657670987, -79.8108329782;"{""type"": ""Point"", ""coordinates"": [-79.81083297821172, 36.065767098691964]}";White;Greensboro;Bike Lane / Paved Shoulder;2;18;Urban (>70% Developed);Male;Pickup;0;#NULL!;0;0;White;No;0;20-24;Motorist Right Turn - Same Direction;None;No;No;Dry;0;Urban;No;25AUG2010;0;18:29;Female;No;Institutional;C: Possible Injury;Yes;O: No Injury;4283;August;0;Straight - Level;Piedmont;With Traffic;No Control Present;Wednesday;Non-Intersection;21;0;Two-Way, Divided, Positive Median Barrier;2 lanes;0;#NULL!;#NULL!;Smooth Asphalt;#NULL!;Driveway, Public;Motorist Right Turn / Merge;Local Street;C: Possible Injury;Guilford;25;Cloudy;#NULL!;0-5 mph;20 - 25  MPH;2010;Daylight;25-29
35.1180148545, -80.9558672696;"{""type"": ""Point"", ""coordinates"": [-80.95586726962966, 35.11801485450778]}";Black;Charlotte;Sidewalk / Crosswalk / Driveway Crossing;2;17;Urban (>70% Developed);Male;Passenger Car;0;#NULL!;0;0;Black;No;0;50-59;Motorist Drive Out - Sign-Controlled Intersection;None;No;No;Dry;0;Urban;No;24AUG2010;0;17:32;Male;No;Residential;C: Possible Injury;No;O: No Injury;4286;August;0;Straight - Level;Piedmont;Facing Traffic;Stop Sign;Tuesday;Intersection;52;0;Two-Way, Divided, Unprotected Median;2 lanes;0;#NULL!;#NULL!;Smooth Asphalt;#NULL!;T-Intersection;Motorist Failed to Yield - Sign-Controlled Intersection;Local Street;C: Possible Injury;Mecklenburg;31;Clear;#NULL!;6-10 mph;5 - 15 MPH;2010;Daylight;30-39
36.4129972512, -77.6073523287;"{""type"": ""Point"", ""coordinates"": [-77.60735232874795, 36.41299725118571]}";White;Weldon;Travel Lane;5;7;Mixed (30% To 70% Developed);Male;Passenger Car;0;#NULL!;0;0;Black;No;0;50-59;Motorist Overtaking - Other / Unknown;None;No;No;Dry;0;Rural;Yes;04SEP2010;0;7:45;Male;No;Farms, Woods, Pastures;Unknown Injury;Yes;Unknown Injury;4293;September;0;Straight - Level;Coastal;With Traffic;No Control Present;Saturday;Non-Intersection;55;0;Two-Way, Divided, Unprotected Median;2 lanes;0;#NULL!;#NULL!;Concrete;#NULL!;No Special Feature;Motorist Overtaking Bicyclist;Unknown;Unknown Injury;Halifax;70+;Clear;#NULL!;41-45 mph;40 - 45  MPH;2010;Daylight;70+
35.0486019114, -78.9378126614;"{""type"": ""Point"", ""coordinates"": [-78.93781266142803, 35.04860191141214]}";Black;Fayetteville;Sidewalk / Crosswalk / Driveway Crossing;2;9;Urban (>70% Developed);Male;Pickup;0;#NULL!;0;0;Hispanic;No;0;30-39;Motorist Drive Out - Sign-Controlled Intersection;None;No;No;Dry;0;Urban;No;01SEP2010;0;9:59;Female;No;Commercial;C: Possible Injury;No;O: No Injury;4300;September;0;Straight - Level;Coastal;Facing Traffic;Stop Sign;Wednesday;Intersection;39;0;Two-Way, Not Divided;2 lanes;0;#NULL!;#NULL!;Coarse Asphalt;#NULL!;No Special Feature;Motorist Failed to Yield - Sign-Controlled Intersection;Local Street;C: Possible Injury;Cumberland;27;Clear;#NULL!;Unknown;Unknown;2010;Daylight;25-29
36.0888091168, -79.4303928654;"{""type"": ""Point"", ""coordinates"": [-79.43039286537565, 36.08880911678441]}";Black;Burlington;Travel Lane;2;13;Urban (>70% Developed);Male;Passenger Car;0;#NULL!;0;0;White;No;0;40-49;Bicyclist Ride Through - Signalized Intersection;None;Yes;Yes;Dry;0;Urban;No;02SEP2010;0;13:06;Male;No;Commercial;B: Evident Injury;Yes;O: No Injury;4304;September;0;Straight - Level;Piedmont;Facing Traffic;Stop And Go Signal;Thursday;Intersection-Related;46;0;Two-Way, Not Divided;4 lanes;0;#NULL!;#NULL!;Smooth Asphalt;#NULL!;T-Intersection;Bicyclist Failed to Yield - Signalized Intersection;NC Route;B: Evident Injury;Alamance;50;Clear;#NULL!;21-25 mph;30 - 35  MPH;2010;Daylight;50-59
35.3111368877, -81.1780583463;"{""type"": ""Point"", ""coordinates"": [-81.17805834627795, 35.3111368876752]}";White;Dallas;Travel Lane;2;17;Urban (>70% Developed);Male;Passenger Car;0;#NULL!;0;0;Black;No;0;11-15;Bicyclist Ride Out - Sign-Controlled Intersection;None;No;No;Dry;0;Rural;No;13AUG2010;0;17:31;Female;No;Residential;B: Evident Injury;Yes;C: Possible Injury;4309;August;0;Straight - Bottom;Piedmont;With Traffic;Stop Sign;Friday;Intersection;12;0;Two-Way, Not Divided;2 lanes;0;#NULL!;#NULL!;Smooth Asphalt;#NULL!;T-Intersection;Bicyclist Failed to Yield - Sign-Controlled Intersection;Local Street;B: Evident Injury;Gaston;70+;Clear;#NULL!;16-20 mph;20 - 25  MPH;2010;Daylight;70+
35.785064076, -78.7786276515;"{""type"": ""Point"", ""coordinates"": [-78.77862765151662, 35.78506407597236]}";Hispanic;Cary;Travel Lane;2;22;Urban (>70% Developed);Male;Light Truck (Mini-Van, Panel);0;#NULL!;0;0;Asian;No;0;30-39;Bicyclist Ride Through - Sign-Controlled Intersection;None;Yes;Yes;Dry;0;Urban;No;10SEP2010;0;22:09;Male;No;Residential;O: No Injury;No;O: No Injury;4316;September;0;Straight - Level;Piedmont;With Traffic;Stop Sign;Friday;Intersection;31;0;Two-Way, Not Divided;2 lanes;0;#NULL!;#NULL!;Smooth Asphalt;#NULL!;Four-Way Intersection;Bicyclist Failed to Yield - Sign-Controlled Intersection;Local Street;O: No Injury;Wake;43;Clear;#NULL!;16-20 mph;20 - 25  MPH;2010;Dark - Lighted Roadway;40-49
34.7020298283, -79.1507667081;"{""type"": ""Point"", ""coordinates"": [-79.15076670806123, 34.70202982833936]}";Native American;None - Rural Crash;Travel Lane;2;19;Rural (<30% Developed);Male;Passenger Car;0;#NULL!;0;0;Native American;No;0;40-49;Motorist Overtaking - Bicyclist Swerved;None;Yes;Yes;Dry;0;Rural;No;13SEP2010;0;19:58;Male;No;Residential;C: Possible Injury;Yes;O: No Injury;4321;September;0;Straight - Level;Coastal;With Traffic;Double Yellow Line, No Passing Zone;Monday;Non-Intersection;42;0;Two-Way, Not Divided;2 lanes;0;#NULL!;#NULL!;Coarse Asphalt;#NULL!;No Special Feature;Motorist Overtaking Bicyclist;NC Route;C: Possible Injury;Robeson;28;Clear;#NULL!;41-45 mph;50 - 55  MPH;2010;Dark - Roadway Not Lighted;25-29
35.9636491097, -78.9074577004;"{""type"": ""Point"", ""coordinates"": [-78.90745770041865, 35.96364910966959]}";White;Durham;Travel Lane;2;18;Urban (>70% Developed);Male;Motorcycle;0;#NULL!;0;0;Black;No;0;25-29;Motorist Left Turn - Opposite Direction;None;No;No;Dry;0;Urban;No;13SEP2010;0;18:12;Male;No;Commercial;B: Evident Injury;Yes;C: Possible Injury;4326;September;0;Straight - Grade;Piedmont;With Traffic;Stop And Go Signal;Monday;Intersection;29;0;Two-Way, Divided, Unprotected Median;5 lanes;0;#NULL!;#NULL!;Smooth Asphalt;#NULL!;Four-Way Intersection;Motorist Left Turn / Merge;Local Street;B: Evident Injury;Durham;43;Clear;#NULL!;6-10 mph;20 - 25  MPH;2010;Daylight;40-49
34.2362967645, -78.0135223427;"{""type"": ""Point"", ""coordinates"": [-78.01352234268116, 34.23629676447718]}";Hispanic;Leland;Travel Lane;2;20;Urban (>70% Developed);Male;Unknown;0;#NULL!;0;0;Unknown/Missing;No;0;40-49;Head-On - Bicyclist;None;No;No;Dry;0;Rural;Yes;28AUG2010;0;20:38;Unknown;Missing;Residential;B: Evident Injury;Yes;Unknown Injury;4334;August;0;Straight - Level;Coastal;Facing Traffic;No Control Present;Saturday;Non-Intersection;44;0;Two-Way, Not Divided;2 lanes;0;#NULL!;#NULL!;Smooth Asphalt;#NULL!;No Special Feature;Head-On;Local Street;B: Evident Injury;Brunswick;Unknown;Clear;#NULL!;41-45 mph;40 - 45  MPH;2010;Dark - Roadway Not Lighted;Unknown
36.0485800325, -81.4732834756;"{""type"": ""Point"", ""coordinates"": [-81.47328347562782, 36.048580032477865]}";White;None - Rural Crash;Travel Lane;2;9;Rural (<30% Developed);Male;Motorcycle;0;#NULL!;0;0;White;No;0;40-49;Motorist Left Turn - Same Direction;None;No;No;Dry;0;Rural;No;19SEP2010;0;9:32;Male;No;Farms, Woods, Pastures;B: Evident Injury;Yes;O: No Injury;4341;September;0;Straight - Grade;Mountains;With Traffic;Double Yellow Line, No Passing Zone;Sunday;Non-Intersection;41;0;Two-Way, Not Divided;2 lanes;0;#NULL!;#NULL!;Smooth Asphalt;#NULL!;No Special Feature;Motorist Left Turn / Merge;State Secondary Route;B: Evident Injury;Caldwell;53;Clear;#NULL!;0-5 mph;50 - 55  MPH;2010;Daylight;50-59
35.5465310839, -77.032742108;"{""type"": ""Point"", ""coordinates"": [-77.03274210802394, 35.5465310839366]}";White;Washington;Travel Lane;2;14;Urban (>70% Developed);Male;Passenger Car;0;#NULL!;0;0;Black;No;0;50-59;Motorist Drive Out - Commercial Driveway / Alley;None;No;No;Dry;0;Urban;No;14SEP2010;0;14:14;Female;No;Commercial;C: Possible Injury;Yes;O: No Injury;4346;September;0;Straight - Level;Coastal;Facing Traffic;No Control Present;Tuesday;Non-Intersection;52;0;Two-Way, Not Divided;5 lanes;0;#NULL!;#NULL!;Coarse Asphalt;#NULL!;Driveway, Public;Motorist Failed to Yield - Midblock;Local Street;C: Possible Injury;Beaufort;17;Clear;#NULL!;0-5 mph;40 - 45  MPH;2010;Daylight;0-19