Geo Point;Geo Shape;BikeRace;City;BikePos;NumUnits;CrashHour;Locality;BikeSex;DrvrVehTyp;NumBikesNo;BikeAlcDrg;NumBikesBI;RteInvdCd;DrvrRace;Workzone;NumBikesCi;BikeAgeGrp;CrashType;RdDefects;CrashAlcoh;BikeAlcoho;RdConditio;DstncMiFrm;RuralUrban;HitRun;CrashDate;NumBikesUI;CrashTime;DrvrSex;DrvrAlcoho;Developmen;CrashSevr;AmbulanceR;DrvrInjury;OBJECTID;CrashMonth;NumBikesKi;RdCharacte;Region;BikeDir;TraffCntrl;CrashDay;CrashLoc;BikeAge;NumBikesTo;RdConfig;NumLanes;NumBikesAI;DrvrAlcDrg;OnRoad;RdSurface;Towrd_Rd;RdFeature;CrashGrp;RdClass;BikeInjury;County;DrvrAge;Weather;FrmRd;DrvrEstSpd;SpeedLimit;CrashYear;LightCond;DrvrAgeGrp
35.2129238852, -80.6870831948;"{""type"": ""Point"", ""coordinates"": [-80.68708319478607, 35.212923885170476]}";Black;Charlotte;Travel Lane;2;21;Mixed (30% To 70% Developed);Male;Passenger Car;0;#NULL!;0;0;White;No;0;11-15;Motorist Drive Out - Sign-Controlled Intersection;None;No;No;Dry;0;Urban;No;09SEP2010;0;21:34;Female;No;Commercial;O: No Injury;No;O: No Injury;4350;September;0;Straight - Level;Piedmont;Facing Traffic;Stop Sign;Thursday;Intersection;12;0;Two-Way, Divided, Unprotected Median;2 lanes;0;#NULL!;#NULL!;Smooth Asphalt;#NULL!;No Special Feature;Motorist Failed to Yield - Sign-Controlled Intersection;Public Vehicular Area;O: No Injury;Mecklenburg;19;Clear;#NULL!;0-5 mph;5 - 15 MPH;2010;Dark - Lighted Roadway;0-19
36.2125730586, -81.6810235478;"{""type"": ""Point"", ""coordinates"": [-81.68102354783714, 36.21257305859294]}";White;Boone;Bike Lane / Paved Shoulder;2;11;Urban (>70% Developed);Male;Passenger Car;0;#NULL!;0;0;White;No;0;20-24;Motorist Left Turn - Opposite Direction;None;No;No;Dry;0;Urban;No;17SEP2010;0;11:48;Female;No;Institutional;B: Evident Injury;No;O: No Injury;4353;September;0;Straight - Level;Mountains;With Traffic;Double Yellow Line, No Passing Zone;Friday;Non-Intersection;24;0;Two-Way, Not Divided;4 lanes;0;#NULL!;#NULL!;Smooth Asphalt;#NULL!;No Special Feature;Motorist Left Turn / Merge;Local Street;B: Evident Injury;Watauga;25;Clear;#NULL!;6-10 mph;20 - 25  MPH;2010;Daylight;25-29
35.3981999275, -80.599757178;"{""type"": ""Point"", ""coordinates"": [-80.59975717798571, 35.39819992751473]}";White;Concord;Travel Lane;2;16;Mixed (30% To 70% Developed);Male;Passenger Car;0;#NULL!;0;0;White;No;0;40-49;Bicyclist Ride Out - Signalized  Intersection;None;No;No;Dry;0;Urban;No;14SEP2010;0;16:33;Female;No;Commercial;B: Evident Injury;Yes;O: No Injury;4358;September;0;Straight - Level;Piedmont;With Traffic;Stop And Go Signal;Tuesday;Intersection;48;0;Two-Way, Divided, Positive Median Barrier;3 lanes;0;#NULL!;#NULL!;Smooth Asphalt;#NULL!;Four-Way Intersection;Bicyclist Failed to Yield - Signalized Intersection;Local Street;B: Evident Injury;Cabarrus;19;Clear;#NULL!;16-20 mph;30 - 35  MPH;2010;Daylight;0-19
36.0686270981, -79.8231629828;"{""type"": ""Point"", ""coordinates"": [-79.82316298278701, 36.068627098130584]}";White;Greensboro;Travel Lane;2;17;Urban (>70% Developed);Male;Passenger Car;0;#NULL!;0;0;White;No;0;30-39;Motorist Left Turn - Opposite Direction;None;No;No;Dry;0;Urban;No;19SEP2010;0;17:49;Female;No;Residential;C: Possible Injury;Yes;O: No Injury;4367;September;0;Straight - Hillcrest;Piedmont;With Traffic;Flashing Stop And Go Signal;Sunday;Intersection;34;0;Two-Way, Not Divided;2 lanes;0;#NULL!;#NULL!;Smooth Asphalt;#NULL!;No Special Feature;Motorist Left Turn / Merge;Local Street;C: Possible Injury;Guilford;20;Clear;#NULL!;0-5 mph;30 - 35  MPH;2010;Daylight;20-24
35.238736872, -81.194759347;"{""type"": ""Point"", ""coordinates"": [-81.1947593469813, 35.23873687198788]}";Black;Gastonia;Sidewalk / Crosswalk / Driveway Crossing;2;16;Urban (>70% Developed);Male;Passenger Car;0;#NULL!;0;0;White;No;0;25-29;Bicyclist Ride Out - Signalized  Intersection;None;No;No;Dry;0;Urban;No;19SEP2010;0;16:51;Female;No;Commercial;C: Possible Injury;Yes;O: No Injury;4371;September;0;Straight - Grade;Piedmont;With Traffic;Stop And Go Signal;Sunday;Intersection;27;0;Two-Way, Not Divided;5 lanes;0;#NULL!;#NULL!;Smooth Asphalt;#NULL!;Four-Way Intersection;Bicyclist Failed to Yield - Signalized Intersection;US Route;C: Possible Injury;Gaston;52;Clear;#NULL!;0-5 mph;30 - 35  MPH;2010;Daylight;50-59
35.176716871, -80.8509432419;"{""type"": ""Point"", ""coordinates"": [-80.85094324193538, 35.17671687099052]}";Black;Charlotte;Travel Lane;2;12;Urban (>70% Developed);Male;Passenger Car;0;#NULL!;0;0;White;No;0;60-69;Motorist Right Turn - Same Direction;None;No;No;Dry;0;Urban;No;21SEP2010;0;12:51;Female;No;Commercial;C: Possible Injury;Yes;O: No Injury;4380;September;0;Straight - Level;Piedmont;With Traffic;Stop Sign;Tuesday;Intersection;61;0;Two-Way, Not Divided;2 lanes;0;#NULL!;#NULL!;Smooth Asphalt;#NULL!;T-Intersection;Motorist Right Turn / Merge;Local Street;C: Possible Injury;Mecklenburg;56;Clear;#NULL!;Unknown;20 - 25  MPH;2010;Daylight;50-59
35.2961368972, -80.8395872443;"{""type"": ""Point"", ""coordinates"": [-80.83958724427336, 35.29613689717364]}";White;Charlotte;Travel Lane;2;9;Mixed (30% To 70% Developed);Male;Commercial Bus;0;#NULL!;0;0;White;No;0;50-59;Bicyclist Lost Control - Other / Unknown;Debris;No;No;Dry;0;Urban;No;22SEP2010;0;9:13;Male;No;Commercial;O: No Injury;No;O: No Injury;4381;September;0;Straight - Level;Piedmont;With Traffic;No Control Present;Wednesday;Non-Intersection;59;0;Two-Way, Not Divided;2 lanes;0;#NULL!;#NULL!;Smooth Asphalt;#NULL!;No Special Feature;Loss of Control / Turning Error;Local Street;O: No Injury;Mecklenburg;49;Clear;#NULL!;26-30 mph;30 - 35  MPH;2010;Daylight;40-49
35.9445220648, -80.0340830387;"{""type"": ""Point"", ""coordinates"": [-80.03408303868574, 35.94452206483563]}";Black;High Point;Travel Lane;2;9;Urban (>70% Developed);Male;Passenger Car;0;#NULL!;0;0;White;No;0;30-39;Sign-Controlled Intersection - Other / Unknown;None;No;No;Dry;0;Urban;No;17SEP2010;0;9:41;Male;No;Commercial;C: Possible Injury;Yes;O: No Injury;4383;September;0;Straight - Level;Piedmont;Facing Traffic;Stop Sign;Friday;Intersection;36;0;Two-Way, Not Divided;2 lanes;0;#NULL!;#NULL!;Coarse Asphalt;#NULL!;T-Intersection;Crossing Paths - Other Circumstances;Local Street;C: Possible Injury;Guilford;70+;Cloudy;#NULL!;Unknown;30 - 35  MPH;2010;Daylight;70+
35.415706932, -80.5869431758;"{""type"": ""Point"", ""coordinates"": [-80.58694317580066, 35.41570693199864]}";White;Concord;Sidewalk / Crosswalk / Driveway Crossing;2;18;Urban (>70% Developed);Male;Passenger Car;0;#NULL!;0;0;White;No;0;11-15;Sign-Controlled Intersection - Other / Unknown;None;No;No;Dry;0;Urban;No;21SEP2010;0;18:34;Female;No;Residential;C: Possible Injury;Yes;O: No Injury;4391;September;0;Straight - Level;Piedmont;Facing Traffic;Stop Sign;Tuesday;Intersection;15;0;One-Way, Not Divided;1 lane;0;#NULL!;#NULL!;Coarse Asphalt;#NULL!;No Special Feature;Crossing Paths - Other Circumstances;Local Street;C: Possible Injury;Cabarrus;70+;Clear;#NULL!;0-5 mph;30 - 35  MPH;2010;Daylight;70+
35.0948468531, -80.866393242;"{""type"": ""Point"", ""coordinates"": [-80.86639324204683, 35.094846853099604]}";Black;Pineville;Travel Lane;2;8;Urban (>70% Developed);Female;Passenger Car;0;#NULL!;0;0;White;No;0;40-49;Signalized Intersection - Other / Unknown;None;No;No;Dry;0;Rural;No;04SEP2010;0;8:22;Male;No;Commercial;B: Evident Injury;No;O: No Injury;4394;September;0;Straight - Level;Piedmont;With Traffic;Stop And Go Signal;Saturday;Intersection;49;0;Two-Way, Not Divided;2 lanes;0;#NULL!;#NULL!;Smooth Asphalt;#NULL!;Four-Way Intersection;Crossing Paths - Other Circumstances;Local Street;B: Evident Injury;Mecklenburg;70+;Clear;#NULL!;6-10 mph;30 - 35  MPH;2010;Daylight;70+
34.264126776, -77.8328882894;"{""type"": ""Point"", ""coordinates"": [-77.83288828937044, 34.26412677602696]}";White;None - Rural Crash;Travel Lane;2;6;Urban (>70% Developed);Male;Sport Utility;0;#NULL!;0;0;White;No;0;16-19;Motorist Overtaking - Other / Unknown;None;No;No;Dry;0;Rural;No;05OCT2010;0;6:43;Female;No;Residential;A: Disabling Injury;No;O: No Injury;4398;October;0;Straight - Level;Coastal;With Traffic;No Control Present;Tuesday;Non-Intersection;17;0;Two-Way, Not Divided;5 lanes;0;#NULL!;#NULL!;Smooth Asphalt;#NULL!;No Special Feature;Motorist Overtaking Bicyclist;State Secondary Route;A: Disabling Injury;New Hanover;44;Clear;#NULL!;31-35 mph;40 - 45  MPH;2010;Dawn;40-49
35.3074168991, -80.8468332472;"{""type"": ""Point"", ""coordinates"": [-80.84683324715992, 35.30741689908823]}";White;Charlotte;Travel Lane;2;19;Urban (>70% Developed);Male;Pickup;0;#NULL!;0;0;Black;No;0;50-59;Motorist Drive Out - Sign-Controlled Intersection;None;No;No;Wet;0;Urban;No;29SEP2010;0;19:32;Male;No;Commercial;B: Evident Injury;Yes;O: No Injury;4400;September;0;Straight - Hillcrest;Piedmont;With Traffic;Stop Sign;Wednesday;Intersection;59;0;One-Way, Not Divided;1 lane;0;#NULL!;#NULL!;Concrete;#NULL!;On or Off Ramp;Motorist Failed to Yield - Sign-Controlled Intersection;Local Street;B: Evident Injury;Mecklenburg;53;Rain;#NULL!;6-10 mph;40 - 45  MPH;2010;Dark - Roadway Not Lighted;50-59
35.2009838764, -80.84347824;"{""type"": ""Point"", ""coordinates"": [-80.84347824001298, 35.20098387635373]}";Black;Charlotte;Sidewalk / Crosswalk / Driveway Crossing;2;13;Urban (>70% Developed);Male;Passenger Car;0;#NULL!;0;0;Black;No;0;40-49;Motorist Right Turn - Same Direction;None;No;No;Dry;0;Urban;No;03OCT2010;0;13:43;Male;No;Commercial;B: Evident Injury;Yes;O: No Injury;4409;October;0;Straight - Level;Piedmont;With Traffic;No Control Present;Sunday;Non-Intersection;46;0;Two-Way, Not Divided;2 lanes;0;#NULL!;#NULL!;Concrete;#NULL!;No Special Feature;Motorist Right Turn / Merge;Local Street;B: Evident Injury;Mecklenburg;32;Cloudy;#NULL!;0-5 mph;30 - 35  MPH;2010;Daylight;30-39
35.2876768658, -81.6403334826;"{""type"": ""Point"", ""coordinates"": [-81.64033348258747, 35.28767686579726]}";White;None - Rural Crash;Travel Lane;2;9;Urban (>70% Developed);Male;Passenger Car;0;#NULL!;0;0;White;No;0;11-15;Bicyclist Ride Out - Other Midblock;None;No;No;Dry;0;Rural;No;09OCT2010;0;9:50;Female;No;Residential;B: Evident Injury;Yes;O: No Injury;4411;October;0;Straight - Level;Mountains;With Traffic;Double Yellow Line, No Passing Zone;Saturday;Non-Intersection;12;0;Two-Way, Not Divided;2 lanes;0;#NULL!;#NULL!;Smooth Asphalt;#NULL!;No Special Feature;Bicyclist Failed to Yield - Midblock;State Secondary Route;B: Evident Injury;Cleveland;37;Clear;#NULL!;36-40 mph;50 - 55  MPH;2010;Daylight;30-39
35.7702440542, -79.2852728036;"{""type"": ""Point"", ""coordinates"": [-79.28527280364197, 35.770244054171755]}";Unknown/Missing;None - Rural Crash;Non-Roadway;2;17;Mixed (30% To 70% Developed);Male;Unknown;0;#NULL!;0;0;Unknown/Missing;No;0;11-15;Non-Roadway;None;No;No;Dry;0;Rural;Yes;05OCT2010;0;17:20;Unknown;No;Residential;C: Possible Injury;Yes;Unknown Injury;4431;October;0;Straight - Level;Piedmont;Not Applicable;Double Yellow Line, No Passing Zone;Tuesday;Non-Roadway;15;0;Two-Way, Not Divided;2 lanes;0;#NULL!;#NULL!;Smooth Asphalt;#NULL!;No Special Feature;Non-Roadway;State Secondary Route;C: Possible Injury;Chatham;Unknown;Clear;#NULL!;Unknown;5 - 15 MPH;2010;Daylight;Unknown
35.9235410035, -81.5477484908;"{""type"": ""Point"", ""coordinates"": [-81.54774849083005, 35.92354100350449]}";White;Lenoir;Travel Lane;2;20;Urban (>70% Developed);Male;Sport Utility;0;#NULL!;0;0;White;No;0;20-24;Motorist Overtaking - Undetected Bicyclist;None;No;No;Dry;0;Urban;No;13OCT2010;0;20:09;Male;No;Residential;B: Evident Injury;Yes;O: No Injury;4434;October;0;Straight - Level;Mountains;With Traffic;No Control Present;Wednesday;Non-Intersection;20;0;Two-Way, Not Divided;5 lanes;0;#NULL!;#NULL!;Coarse Asphalt;#NULL!;No Special Feature;Motorist Overtaking Bicyclist;Local Street;B: Evident Injury;Caldwell;40;Cloudy;#NULL!;46-50 mph;40 - 45  MPH;2010;Dark - Roadway Not Lighted;40-49
35.5643968843, -82.6732938032;"{""type"": ""Point"", ""coordinates"": [-82.67329380318024, 35.564396884279915]}";White;None - Rural Crash;Travel Lane;2;17;Urban (>70% Developed);Male;Pickup;0;#NULL!;0;0;White;No;0;30-39;Motorist Overtaking - Misjudged Space;None;No;No;Dry;0;Rural;No;14OCT2010;0;17:36;Male;No;Residential;C: Possible Injury;Yes;O: No Injury;4435;October;0;Straight - Grade;Mountains;With Traffic;Double Yellow Line, No Passing Zone;Thursday;Intersection;31;0;Two-Way, Not Divided;2 lanes;0;#NULL!;#NULL!;Coarse Asphalt;#NULL!;T-Intersection;Motorist Overtaking Bicyclist;State Secondary Route;C: Possible Injury;Buncombe;70+;Clear;#NULL!;31-35 mph;30 - 35  MPH;2010;Daylight;70+
35.6732400618, -78.4858125572;"{""type"": ""Point"", ""coordinates"": [-78.48581255724612, 35.673240061808386]}";Hispanic;None - Rural Crash;Travel Lane;2;19;Rural (<30% Developed);Male;Passenger Car;0;#NULL!;0;0;Unknown/Missing;No;0;30-39;Motorist Overtaking - Other / Unknown;None;No;No;Dry;0;Rural;Yes;12OCT2010;0;19:30;Unknown;No;Farms, Woods, Pastures;C: Possible Injury;No;Unknown Injury;4439;October;0;Straight - Level;Coastal;With Traffic;Double Yellow Line, No Passing Zone;Tuesday;Non-Intersection;39;0;Two-Way, Not Divided;2 lanes;0;#NULL!;#NULL!;Coarse Asphalt;#NULL!;No Special Feature;Motorist Overtaking Bicyclist;State Secondary Route;C: Possible Injury;Johnston;Unknown;Clear;#NULL!;41-45 mph;40 - 45  MPH;2010;Dark - Roadway Not Lighted;Unknown
35.8389311031, -78.3245425164;"{""type"": ""Point"", ""coordinates"": [-78.32454251637965, 35.83893110307715]}";White;Zebulon;Travel Lane;2;18;Urban (>70% Developed);Male;Passenger Car;0;#NULL!;0;0;White;No;0;60-69;Bicyclist Left Turn - Same Direction;None;No;No;Dry;0;Rural;No;15OCT2010;0;18:48;Female;No;Commercial;B: Evident Injury;Yes;O: No Injury;4443;October;0;Straight - Level;Piedmont;With Traffic;No Control Present;Friday;Non-Intersection;61;0;Two-Way, Not Divided;3 lanes;0;#NULL!;#NULL!;Coarse Asphalt;#NULL!;No Special Feature;Bicyclist Left Turn / Merge;Local Street;B: Evident Injury;Wake;26;Clear;#NULL!;0-5 mph;30 - 35  MPH;2010;Dusk;25-29
35.3004719009, -80.7535332193;"{""type"": ""Point"", ""coordinates"": [-80.75353321928273, 35.30047190088789]}";Hispanic;Charlotte;Sidewalk / Crosswalk / Driveway Crossing;2;9;Urban (>70% Developed);Male;Sport Utility;0;#NULL!;0;0;Black;No;0;25-29;Bicyclist Ride Through - Signalized Intersection;None;No;No;Dry;0;Urban;No;19JUN2010;0;9:12;Female;No;Commercial;C: Possible Injury;Yes;O: No Injury;4447;June;0;Straight - Level;Piedmont;Facing Traffic;Stop And Go Signal;Saturday;Intersection;25;0;Two-Way, Not Divided;4 lanes;0;#NULL!;#NULL!;Smooth Asphalt;#NULL!;Four-Way Intersection;Bicyclist Failed to Yield - Signalized Intersection;Local Street;C: Possible Injury;Mecklenburg;23;Clear;#NULL!;6-10 mph;40 - 45  MPH;2010;Daylight;20-24
35.3993520027, -78.5002725466;"{""type"": ""Point"", ""coordinates"": [-78.50027254660304, 35.3993520026506]}";White;None - Rural Crash;Travel Lane;2;19;Rural (<30% Developed);Male;Pickup;0;#NULL!;0;0;Black;No;0;30-39;Motorist Overtaking - Misjudged Space;None;No;No;Dry;0;Rural;No;20OCT2010;0;19:08;Male;No;Farms, Woods, Pastures;C: Possible Injury;Yes;O: No Injury;4449;October;0;Straight - Level;Coastal;With Traffic;Double Yellow Line, No Passing Zone;Wednesday;Non-Intersection;35;0;Two-Way, Not Divided;2 lanes;0;#NULL!;#NULL!;Coarse Asphalt;#NULL!;Bridge Approach;Motorist Overtaking Bicyclist;State Secondary Route;C: Possible Injury;Johnston;56;Clear;#NULL!;51-55 mph;50 - 55  MPH;2010;Dark - Roadway Not Lighted;50-59
35.6507789859, -80.4869631587;"{""type"": ""Point"", ""coordinates"": [-80.48696315874665, 35.65077898587173]}";White;Salisbury;Travel Lane;2;22;Urban (>70% Developed);Female;Van;0;#NULL!;0;0;Unknown/Missing;No;0;20-24;Motorist Overtaking - Other / Unknown;None;No;No;Dry;0;Urban;Yes;20OCT2010;0;22:09;Unknown;Missing;Residential;B: Evident Injury;Yes;Unknown Injury;4450;October;0;Straight - Grade;Piedmont;With Traffic;No Control Present;Wednesday;Non-Intersection;23;0;Two-Way, Not Divided;2 lanes;0;#NULL!;#NULL!;Coarse Asphalt;#NULL!;No Special Feature;Motorist Overtaking Bicyclist;Local Street;B: Evident Injury;Rowan;Unknown;Clear;#NULL!;36-40 mph;40 - 45  MPH;2010;Dark - Roadway Not Lighted;Unknown
36.0861731164, -79.4362828665;"{""type"": ""Point"", ""coordinates"": [-79.43628286649816, 36.08617311643777]}";Hispanic;Burlington;Non-Roadway;2;17;Urban (>70% Developed);Male;Passenger Car;0;#NULL!;0;0;Black;No;0;6-10;Bicyclist Ride Out - Other Midblock;None;No;No;Dry;0;Urban;No;16OCT2010;0;17:30;Male;No;Residential;B: Evident Injury;Yes;O: No Injury;4454;October;0;Straight - Grade;Piedmont;Not Applicable;No Control Present;Saturday;Non-Intersection;8;0;Two-Way, Not Divided;2 lanes;0;#NULL!;#NULL!;Coarse Asphalt;#NULL!;No Special Feature;Bicyclist Failed to Yield - Midblock;Local Street;B: Evident Injury;Alamance;49;Clear;#NULL!;21-25 mph;30 - 35  MPH;2010;Daylight;40-49
34.0196447013, -78.4699924696;"{""type"": ""Point"", ""coordinates"": [-78.46999246959629, 34.01964470126427]}";White;None - Rural Crash;Non-Roadway;2;16;Rural (<30% Developed);Male;Passenger Car;0;#NULL!;0;0;Hispanic;No;0;6-10;Non-Roadway;None;No;No;Dry;0;Rural;No;19OCT2010;0;16:43;Male;No;Residential;C: Possible Injury;No;O: No Injury;4456;October;0;Straight - Level;Coastal;Not Applicable;No Control Present;Tuesday;Non-Roadway;9;0;Two-Way, Not Divided;2 lanes;0;#NULL!;#NULL!;Soil;#NULL!;No Special Feature;Non-Roadway;Public Vehicular Area;C: Possible Injury;Brunswick;24;Clear;#NULL!;6-10 mph;5 - 15 MPH;2010;Daylight;20-24
35.9111440925, -79.0637527441;"{""type"": ""Point"", ""coordinates"": [-79.06375274410756, 35.91114409246258]}";White;Chapel Hill;Travel Lane;2;16;Urban (>70% Developed);Male;Passenger Car;0;#NULL!;0;0;White;No;0;30-39;Motorist Left Turn - Opposite Direction;None;No;No;Dry;0;Urban;No;16OCT2010;0;16:58;Female;No;Commercial;B: Evident Injury;Yes;O: No Injury;4463;October;0;Straight - Level;Piedmont;With Traffic;Stop And Go Signal;Saturday;Intersection;38;0;Two-Way, Not Divided;2 lanes;0;#NULL!;#NULL!;Smooth Asphalt;#NULL!;T-Intersection;Motorist Left Turn / Merge;Local Street;B: Evident Injury;Orange;68;Clear;#NULL!;16-20 mph;20 - 25  MPH;2010;Daylight;60-69
35.7849670802, -78.6490276126;"{""type"": ""Point"", ""coordinates"": [-78.64902761258321, 35.78496708021838]}";Black;Raleigh;Travel Lane;2;18;Urban (>70% Developed);Female;Passenger Car;0;#NULL!;0;0;White;No;0;20-24;Bicyclist Ride Through - Sign-Controlled Intersection;None;No;No;Dry;0;Urban;No;22SEP2010;0;18:09;Male;No;Residential;C: Possible Injury;Yes;O: No Injury;4465;September;0;Straight - Level;Piedmont;With Traffic;Stop Sign;Wednesday;Intersection;22;0;Two-Way, Not Divided;2 lanes;0;#NULL!;#NULL!;Coarse Asphalt;#NULL!;Four-Way Intersection;Bicyclist Failed to Yield - Sign-Controlled Intersection;Local Street;C: Possible Injury;Wake;36;Clear;#NULL!;31-35 mph;30 - 35  MPH;2010;Daylight;30-39
35.4091270186, -78.0876874225;"{""type"": ""Point"", ""coordinates"": [-78.08768742247982, 35.409127018592336]}";White;None - Rural Crash;Travel Lane;2;7;Rural (<30% Developed);Male;Sport Utility;0;#NULL!;0;0;White;No;0;50-59;Motorist Overtaking - Undetected Bicyclist;None;No;No;Dry;0;Rural;No;15OCT2010;0;7:51;Female;No;Farms, Woods, Pastures;C: Possible Injury;Yes;O: No Injury;4467;October;0;Curve - Level;Coastal;With Traffic;Double Yellow Line, No Passing Zone;Friday;Non-Intersection;50;0;Two-Way, Not Divided;2 lanes;0;#NULL!;#NULL!;Coarse Asphalt;#NULL!;No Special Feature;Motorist Overtaking Bicyclist;State Secondary Route;C: Possible Injury;Wayne;41;Clear;#NULL!;31-35 mph;50 - 55  MPH;2010;Daylight;40-49
35.2144428779, -80.8794232515;"{""type"": ""Point"", ""coordinates"": [-80.8794232514834, 35.2144428778626]}";Black;Charlotte;Driveway / Alley;2;13;Urban (>70% Developed);Female;Passenger Car;0;#NULL!;0;0;Black;No;0;6-10;Bicyclist Ride Out - Residential Driveway;None;No;No;Dry;0;Urban;No;16OCT2010;0;13:58;Male;No;Residential;A: Disabling Injury;Yes;O: No Injury;4469;October;0;Straight - Grade;Piedmont;Not Applicable;No Control Present;Saturday;Non-Intersection;8;0;Two-Way, Not Divided;2 lanes;0;#NULL!;#NULL!;Smooth Asphalt;#NULL!;No Special Feature;Bicyclist Failed to Yield - Midblock;Local Street;A: Disabling Injury;Mecklenburg;60;Clear;#NULL!;21-25 mph;20 - 25  MPH;2010;Daylight;60-69
35.769854979, -81.3291834165;"{""type"": ""Point"", ""coordinates"": [-81.32918341648046, 35.769854978955685]}";White;Hickory;Travel Lane;2;17;Urban (>70% Developed);Male;Van;0;#NULL!;0;0;White;No;0;50-59;Motorist Right Turn - Same Direction;None;No;No;Dry;0;Urban;No;20OCT2010;0;17:15;Female;No;Commercial;B: Evident Injury;Yes;O: No Injury;4471;October;0;Straight - Level;Piedmont;With Traffic;No Control Present;Wednesday;Non-Intersection;50;0;Two-Way, Not Divided;2 lanes;0;#NULL!;#NULL!;Smooth Asphalt;#NULL!;No Special Feature;Motorist Right Turn / Merge;Local Street;B: Evident Injury;Catawba;49;Clear;#NULL!;0-5 mph;30 - 35  MPH;2010;Daylight;40-49
35.78503408, -78.6656126173;"{""type"": ""Point"", ""coordinates"": [-78.66561261726093, 35.785034080021745]}";White;Raleigh;Travel Lane;2;12;Urban (>70% Developed);Male;Passenger Car;0;#NULL!;0;0;Hispanic;No;0;20-24;Bicyclist Overtaking - Passing on Left;None;No;No;Wet;0;Urban;No;25OCT2010;0;12:41;Female;No;Institutional;B: Evident Injury;Yes;O: No Injury;4488;October;0;Straight - Level;Piedmont;With Traffic;No Control Present;Monday;Non-Intersection;20;0;One-Way, Not Divided;1 lane;0;#NULL!;#NULL!;Smooth Asphalt;#NULL!;No Special Feature;Bicyclist Overtaking Motorist;Local Street;B: Evident Injury;Wake;27;Cloudy;#NULL!;0-5 mph;5 - 15 MPH;2010;Daylight;25-29
35.9009320943, -78.9595927125;"{""type"": ""Point"", ""coordinates"": [-78.95959271253665, 35.90093209428974]}";White;Durham;Travel Lane;2;10;Urban (>70% Developed);Male;Passenger Car;0;#NULL!;0;0;White;No;0;50-59;Motorist Overtaking - Misjudged Space;None;No;No;Dry;0;Urban;No;25SEP2010;0;10:28;Female;No;Residential;B: Evident Injury;Yes;O: No Injury;4499;September;0;Straight - Level;Piedmont;With Traffic;Stop And Go Signal;Saturday;Intersection;59;0;Two-Way, Divided, Unprotected Median;3 lanes;0;#NULL!;#NULL!;Grooved Concrete;#NULL!;No Special Feature;Motorist Overtaking Bicyclist;NC Route;B: Evident Injury;Durham;38;Clear;#NULL!;11-15 mph;30 - 35  MPH;2010;Daylight;30-39
35.7846710783, -78.6937926263;"{""type"": ""Point"", ""coordinates"": [-78.69379262625826, 35.78467107831146]}";White;Raleigh;Travel Lane;2;21;Urban (>70% Developed);Male;Passenger Car;1;No;0;50019918;Black;No;0;20-24;Motorist Drive Out - Commercial Driveway / Alley;None;No;#NULL!;Dry;0.019;Urban;No;10MAY2014;0;21:32;Female;#NULL!;Commercial;O: No Injury;No;O: No Injury;186;May;0;Straight - Level;Piedmont;With Traffic;No Control Present;Saturday;Non-Intersection;24;1;Two-Way, Not Divided;2 lanes;0;No;METHOD RD;Smooth Asphalt;JACKSON ST;No Special Feature;Motorist Failed to Yield - Midblock;Local Street;O: No Injury;Wake;63;Clear;WESTERN BLVD;0-5 mph;30 - 35  MPH;2014;Dark - Roadway Not Lighted;60-69
35.7803610796, -78.6380326092;"{""type"": ""Point"", ""coordinates"": [-78.63803260915674, 35.780361079608866]}";White;Raleigh;Sidewalk / Crosswalk / Driveway Crossing;2;23;Urban (>70% Developed);Male;Sport Utility;0;No;0;40002964;White;No;1;40-49;Motorist Right Turn - Same Direction;None;No;#NULL!;Dry;0;Urban;No;17MAY2014;0;23:34;Male;#NULL!;Commercial;C: Possible Injury;Yes;O: No Injury;190;May;0;Straight - Level;Piedmont;With Traffic;Stop Sign;Saturday;Intersection;43;1;Two-Way, Not Divided;2 lanes;0;No;NEW BERN PL;Coarse Asphalt;EDENTON ST;T-Intersection;Motorist Right Turn / Merge;Local Street;C: Possible Injury;Wake;18;Clear;WILMINGTON ST;6-10 mph;30 - 35  MPH;2014;Dark - Lighted Roadway;0-19
35.7771100773, -78.6915326242;"{""type"": ""Point"", ""coordinates"": [-78.6915326241957, 35.77711007729563]}";Black;Raleigh;Non-Roadway;2;18;Urban (>70% Developed);Male;Passenger Car;0;No;1;0;Unknown/Missing;No;0;6-10;Non-Roadway;None;No;#NULL!;Dry;0.182;Urban;No;11MAY2014;0;18:30;Unknown;#NULL!;Residential;B: Evident Injury;Yes;Unknown Injury;194;May;0;Straight - Grade;Piedmont;Not Applicable;No Control Present;Sunday;Non-Roadway;8;1;Two-Way, Not Divided;2 lanes;0;Missing;PVA HALLIWELL DR;Smooth Asphalt;BURGESS CT;No Special Feature;Non-Roadway;Public Vehicular Area;B: Evident Injury;Wake;Unknown;Clear;MARCOM ST;0-5 mph;20 - 25  MPH;2014;Daylight;Unknown