Geo Point;Geo Shape;BikeRace;City;BikePos;NumUnits;CrashHour;Locality;BikeSex;DrvrVehTyp;NumBikesNo;BikeAlcDrg;NumBikesBI;RteInvdCd;DrvrRace;Workzone;NumBikesCi;BikeAgeGrp;CrashType;RdDefects;CrashAlcoh;BikeAlcoho;RdConditio;DstncMiFrm;RuralUrban;HitRun;CrashDate;NumBikesUI;CrashTime;DrvrSex;DrvrAlcoho;Developmen;CrashSevr;AmbulanceR;DrvrInjury;OBJECTID;CrashMonth;NumBikesKi;RdCharacte;Region;BikeDir;TraffCntrl;CrashDay;CrashLoc;BikeAge;NumBikesTo;RdConfig;NumLanes;NumBikesAI;DrvrAlcDrg;OnRoad;RdSurface;Towrd_Rd;RdFeature;CrashGrp;RdClass;BikeInjury;County;DrvrAge;Weather;FrmRd;DrvrEstSpd;SpeedLimit;CrashYear;LightCond;DrvrAgeGrp
35.7280989696, -81.341513418;"{""type"": ""Point"", ""coordinates"": [-81.34151341797559, 35.72809896956678]}";Black;Hickory;Travel Lane;2;18;Urban (>70% Developed);Female;Passenger Car;0;No;0;50030308;Unknown/Missing;No;1;20-24;Crossing Paths - Intersection - Other / Unknown;None;No;#NULL!;Dry;0;Urban;Yes;26APR2014;0;18:00;Unknown;#NULL!;Residential;C: Possible Injury;No;Unknown Injury;195;April;0;Straight - Level;Piedmont;With Traffic;No Control Present;Saturday;Intersection;24;1;Two-Way, Not Divided;2 lanes;0;Unknown;3RD AV CT SW;Smooth Asphalt;5TH AV SW;No Special Feature;Crossing Paths - Other Circumstances;Local Street;C: Possible Injury;Catawba;Unknown;Clear;2ND ST PL SW;16-20 mph;30 - 35  MPH;2014;Dark - Lighted Roadway;Unknown
36.1689971289, -79.5731689132;"{""type"": ""Point"", ""coordinates"": [-79.57316891323975, 36.16899712888548]}";White;None - Rural Crash;Travel Lane;2;20;Rural (<30% Developed);Male;Passenger Car;0;No;1;30000061;White;No;0;11-15;Motorist Overtaking - Bicyclist Swerved;None;No;#NULL!;Dry;0.6;Rural;No;23MAY2014;0;20:34;Female;#NULL!;Farms, Woods, Pastures;B: Evident Injury;Yes;O: No Injury;213;May;0;Straight - Level;Piedmont;With Traffic;No Control Present;Friday;Non-Intersection;14;1;Two-Way, Not Divided;2 lanes;0;No;NC 61;Coarse Asphalt;2735;No Special Feature;Motorist Overtaking Bicyclist;NC Route;B: Evident Injury;Guilford;17;Clear;2770;36-40 mph;50 - 55  MPH;2014;Daylight;0-19
35.6566269872, -80.4709731544;"{""type"": ""Point"", ""coordinates"": [-80.47097315444398, 35.656626987163456]}";White;Salisbury;Travel Lane;2;13;Urban (>70% Developed);Male;Pickup;0;No;1;50022063;Black;No;0;60-69;Bicyclist Ride Through - Sign-Controlled Intersection;None;No;#NULL!;Dry;0;Urban;No;31MAY2014;0;13:15;Male;#NULL!;Residential;B: Evident Injury;Yes;O: No Injury;216;May;0;Curve - Level;Piedmont;With Traffic;Stop Sign;Saturday;Intersection;66;1;Two-Way, Not Divided;4 lanes;0;No;OLD CONCORD RD;Smooth Asphalt;#NULL!;T-Intersection;Bicyclist Failed to Yield - Sign-Controlled Intersection;Local Street;B: Evident Injury;Rowan;40;Clear;E MONROE ST;31-35 mph;30 - 35  MPH;2014;Daylight;40-49
35.047646851, -80.6458391735;"{""type"": ""Point"", ""coordinates"": [-80.64583917346991, 35.047646851023245]}";White;Indian Trail;Travel Lane;2;16;Urban (>70% Developed);Male;Passenger Car;0;No;1;40001009;Black;No;0;16-19;Signalized Intersection - Other / Unknown;None;No;#NULL!;Dry;0.007;Urban;No;03JUN2014;0;16:05;Female;#NULL!;Commercial;B: Evident Injury;No;O: No Injury;220;June;0;Straight - Level;Piedmont;Not Applicable;No Control Present;Tuesday;Intersection-Related;17;1;Two-Way, Divided, Positive Median Barrier;2 lanes;0;No;OLD MONROE RD;Smooth Asphalt;MUSTANG DR;No Special Feature;Crossing Paths - Other Circumstances;State Secondary Route;B: Evident Injury;Union;27;Clear;WESLEY CHAPEL RD;0-5 mph;40 - 45  MPH;2014;Daylight;25-29
35.9334601182, -78.4800225688;"{""type"": ""Point"", ""coordinates"": [-78.48002256884436, 35.93346011819464]}";White;Rolesville;Sidewalk / Crosswalk / Driveway Crossing;2;22;Urban (>70% Developed);Male;Passenger Car;0;No;1;40002052;Black;No;0;11-15;Bicyclist Ride Through - Sign-Controlled Intersection;None;No;#NULL!;Dry;0;Rural;No;10MAY2014;0;22:34;Male;#NULL!;Residential;B: Evident Injury;Yes;O: No Injury;221;May;0;Straight - Grade;Piedmont;Facing Traffic;Stop Sign;Saturday;Intersection;15;1;Two-Way, Not Divided;2 lanes;0;No;ROGERS RD;Smooth Asphalt;TWIN MEADOWS LANE;Four-Way Intersection;Bicyclist Failed to Yield - Sign-Controlled Intersection;Local Street;B: Evident Injury;Wake;35;Clear;JEFFREYS LANE;41-45 mph;40 - 45  MPH;2014;Dark - Lighted Roadway;30-39
35.6548610429, -78.9257826886;"{""type"": ""Point"", ""coordinates"": [-78.92578268860245, 35.65486104287038]}";White;None - Rural Crash;Travel Lane;2;9;Rural (<30% Developed);Male;Sport Utility;0;No;1;40001127;Black;No;0;50-59;Bicyclist Overtaking - Other / Unknown;None;No;#NULL!;Dry;0;Rural;No;01JUN2014;0;9:19;Female;#NULL!;Farms, Woods, Pastures;B: Evident Injury;Yes;O: No Injury;223;June;0;Straight - Level;Piedmont;With Traffic;Double Yellow Line, No Passing Zone;Sunday;Intersection;51;1;Two-Way, Not Divided;2 lanes;0;No;SR 1127;Smooth Asphalt;1;T-Intersection;Bicyclist Overtaking Motorist;State Secondary Route;B: Evident Injury;Wake;59;Clear;1134;46-50 mph;40 - 45  MPH;2014;Daylight;50-59
35.9676371088, -78.9425427105;"{""type"": ""Point"", ""coordinates"": [-78.94254271048342, 35.967637108789376]}";White;Durham;Travel Lane;2;18;Urban (>70% Developed);Male;Passenger Car;0;No;0;30000751;White;No;1;25-29;Motorist Left Turn - Opposite Direction;None;No;#NULL!;Dry;0;Urban;No;05JUN2014;0;18:48;Male;#NULL!;Commercial;C: Possible Injury;No;O: No Injury;225;June;0;Straight - Level;Piedmont;With Traffic;No Control Present;Thursday;Intersection;25;1;Two-Way, Not Divided;2 lanes;0;No;UNIVERSITY DR;Smooth Asphalt;#NULL!;T-Intersection;Motorist Left Turn / Merge;Local Street;C: Possible Injury;Durham;70+;Clear;MOSSDALE AVE;16-20 mph;30 - 35  MPH;2014;Daylight;70+
35.8202890991, -78.3270625161;"{""type"": ""Point"", ""coordinates"": [-78.327062516063, 35.820289099145974]}";Hispanic;Zebulon;Travel Lane;2;14;Urban (>70% Developed);Female;Passenger Car;0;No;0;30000097;White;No;1;30-39;Motorist Drive Out - Sign-Controlled Intersection;None;No;#NULL!;Dry;0;Rural;No;03JUN2014;0;14:29;Female;#NULL!;Commercial;C: Possible Injury;Yes;O: No Injury;227;June;0;Straight - Level;Piedmont;Facing Traffic;Stop Sign;Tuesday;Intersection;37;1;Two-Way, Not Divided;3 lanes;0;No;W GANNON AVE;Coarse Asphalt;WEDGEWOOD AVE;No Special Feature;Motorist Failed to Yield - Sign-Controlled Intersection;Local Street;C: Possible Injury;Wake;49;Clear;PONY RD;6-10 mph;30 - 35  MPH;2014;Daylight;40-49
35.1244569903, -77.0949121067;"{""type"": ""Point"", ""coordinates"": [-77.09491210665041, 35.12445699031264]}";White;New Bern;Driveway / Alley;2;18;Urban (>70% Developed);Male;Passenger Car;0;No;1;0;Black;No;0;0-5;Bicyclist Ride Out - Residential Driveway;None;No;#NULL!;Dry;0.1;Urban;No;27MAY2014;0;18:39;Male;#NULL!;Residential;B: Evident Injury;Yes;O: No Injury;229;May;0;Straight - Level;Coastal;Not Applicable;No Control Present;Tuesday;Non-Intersection;5;1;Two-Way, Not Divided;2 lanes;0;No;PLYMOUTH DR;Smooth Asphalt;COLONY DR;No Special Feature;Bicyclist Failed to Yield - Midblock;Local Street;B: Evident Injury;Craven;21;Cloudy;ONSLOW CT;21-25 mph;20 - 25  MPH;2014;Daylight;20-24
36.0012171176, -78.9112527027;"{""type"": ""Point"", ""coordinates"": [-78.9112527027308, 36.00121711762133]}";White;Durham;Bike Lane / Paved Shoulder;2;17;Urban (>70% Developed);Male;Sport Utility;0;No;0;29000070;White;No;1;25-29;Motorist Left Turn - Opposite Direction;None;No;#NULL!;Dry;0;Urban;No;04JUN2014;0;17:58;Female;#NULL!;Commercial;C: Possible Injury;Yes;O: No Injury;235;June;0;Straight - Level;Piedmont;With Traffic;Stop And Go Signal;Wednesday;Intersection;25;1;Two-Way, Divided, Unprotected Median;2 lanes;0;No;W MAIN ST;Smooth Asphalt;N BUCHANAN;No Special Feature;Motorist Left Turn / Merge;Local Street;C: Possible Injury;Durham;38;Cloudy;MORGAN ST;21-25 mph;20 - 25  MPH;2014;Daylight;30-39
35.315866841, -82.4599537263;"{""type"": ""Point"", ""coordinates"": [-82.45995372627425, 35.31586684098355]}";White;Hendersonville;Travel Lane;2;19;Urban (>70% Developed);Male;Passenger Car;0;No;1;50018682;White;No;0;11-15;Motorist Left Turn - Opposite Direction;None;No;#NULL!;Wet;0;Urban;No;11JUN2014;0;19:46;Male;#NULL!;Residential;B: Evident Injury;Yes;O: No Injury;239;June;0;Straight - Level;Mountains;With Traffic;Stop And Go Signal;Wednesday;Intersection;14;1;Two-Way, Not Divided;2 lanes;0;No;N MAIN ST;Smooth Asphalt;4TH AVE WEST;No Special Feature;Motorist Left Turn / Merge;US Route;B: Evident Injury;Henderson;20;Rain;3RD AVE WEST;11-15 mph;20 - 25  MPH;2014;Daylight;20-24
35.7854840841, -78.5415925795;"{""type"": ""Point"", ""coordinates"": [-78.54159257946445, 35.78548408411398]}";Hispanic;Raleigh;Non-Roadway;2;11;Urban (>70% Developed);Male;Passenger Car;0;No;0;0;White;No;0;0-5;Non-Roadway;None;No;#NULL!;Dry;0;Urban;No;28MAY2014;0;11:33;Female;#NULL!;Commercial;A: Disabling Injury;Yes;O: No Injury;244;May;0;Straight - Level;Piedmont;Not Applicable;No Control Present;Wednesday;Non-Roadway;3;1;Two-Way, Not Divided;2 lanes;1;No;PVA 5604 PEACENEST DR;Smooth Asphalt;ANGEL OAKS CT;Driveway, Public;Non-Roadway;Public Vehicular Area;A: Disabling Injury;Wake;28;Clear;#NULL!;0-5 mph;30 - 35  MPH;2014;Daylight;25-29
35.9968471162, -78.9075627017;"{""type"": ""Point"", ""coordinates"": [-78.90756270171079, 35.996847116243025]}";White;Durham;Travel Lane;2;13;Urban (>70% Developed);Female;Passenger Car;0;No;1;40001127;White;No;0;40-49;Motorist Turning Error - Left Turn;None;No;#NULL!;Dry;0;Urban;No;11JUN2014;0;13:36;Male;#NULL!;Commercial;B: Evident Injury;Yes;B: Evident Injury;245;June;0;Straight - Hillcrest;Piedmont;With Traffic;Stop Sign;Wednesday;Intersection;44;1;Two-Way, Not Divided;2 lanes;0;No;WILLARD ST;Coarse Asphalt;JACKSON ST;T-Intersection;Loss of Control / Turning Error;Local Street;B: Evident Injury;Durham;27;Clear;W CHAPEL HILL ST;6-10 mph;20 - 25  MPH;2014;Daylight;25-29
35.9813651159, -78.8205326749;"{""type"": ""Point"", ""coordinates"": [-78.8205326748825, 35.98136511587242]}";Black;None - Rural Crash;Non-Roadway;2;13;Urban (>70% Developed);Male;Pickup;0;No;1;30000098;White;No;0;11-15;Bicyclist Ride Out - Commercial Driveway / Alley;None;No;#NULL!;Dry;0.02;Rural;No;14JUN2014;0;13:35;Male;#NULL!;Commercial;B: Evident Injury;Yes;O: No Injury;263;June;0;Straight - Level;Piedmont;Not Applicable;No Control Present;Saturday;Non-Intersection;12;1;Two-Way, Not Divided;4 lanes;0;No;98;Smooth Asphalt;1847;Driveway, Public;Bicyclist Failed to Yield - Midblock;NC Route;B: Evident Injury;Durham;52;Clear;1815;41-45 mph;40 - 45  MPH;2014;Daylight;50-59
35.774587074, -78.7584326443;"{""type"": ""Point"", ""coordinates"": [-78.75843264434141, 35.774587074004025]}";White;Cary;Non-Roadway;2;16;Urban (>70% Developed);Male;Sport Utility;0;No;1;40001313;Hispanic;No;0;11-15;Non-Roadway;None;No;#NULL!;Dry;0.193;Urban;No;11MAY2014;0;16:38;Female;#NULL!;Commercial;B: Evident Injury;Yes;O: No Injury;264;May;0;Straight - Level;Piedmont;Not Applicable;No Control Present;Sunday;Non-Roadway;15;1;Two-Way, Not Divided;2 lanes;0;No;1105 WALNUT ST;Smooth Asphalt;SE MAYNARD RD;No Special Feature;Non-Roadway;Public Vehicular Area;B: Evident Injury;Wake;37;Clear;1313;11-15 mph;20 - 25  MPH;2014;Daylight;30-39
35.849040095, -78.6146526048;"{""type"": ""Point"", ""coordinates"": [-78.61465260480715, 35.84904009504904]}";Hispanic;Raleigh;Travel Lane;2;19;Urban (>70% Developed);Male;Sport Utility;0;No;0;40002000;Black;No;1;30-39;Motorist Drive Out - Sign-Controlled Intersection;None;No;#NULL!;Dry;0;Urban;No;10JUN2014;0;19:57;Male;#NULL!;Commercial;C: Possible Injury;Yes;O: No Injury;272;June;0;Straight - Level;Piedmont;With Traffic;No Control Present;Tuesday;Intersection;38;1;Two-Way, Not Divided;5 lanes;0;No;FALLS OF NEUSE RD;Coarse Asphalt;MILLBROOK RD;Four-Way Intersection;Motorist Failed to Yield - Sign-Controlled Intersection;Local Street;C: Possible Injury;Wake;20;Clear;CEDARHURST DR;0-5 mph;40 - 45  MPH;2014;Daylight;20-24
35.7920140815, -78.6627626173;"{""type"": ""Point"", ""coordinates"": [-78.66276261729577, 35.7920140814977]}";White;Raleigh;Travel Lane;2;11;Urban (>70% Developed);Male;Sport Utility;0;No;1;50021784;White;No;0;20-24;Motorist Left Turn - Opposite Direction;None;No;#NULL!;Dry;0;Urban;No;13JUN2014;0;11:45;Male;#NULL!;Commercial;B: Evident Injury;No;Unknown Injury;273;June;0;Straight - Level;Piedmont;With Traffic;Stop And Go Signal;Friday;Intersection;24;1;Two-Way, Not Divided;4 lanes;0;Unknown;OBERLIN RD;Smooth Asphalt;CAMERON ST;T-Intersection;Motorist Left Turn / Merge;Local Street;B: Evident Injury;Wake;68;Clear;SMALLWOOD DR;31-35 mph;30 - 35  MPH;2014;Daylight;60-69
33.9258106908, -78.1525923701;"{""type"": ""Point"", ""coordinates"": [-78.15259237013463, 33.92581069083461]}";White;Oak Island;Travel Lane;2;16;Urban (>70% Developed);Female;Pickup;0;No;1;0;White;No;0;30-39;Motorist Drive Out - Sign-Controlled Intersection;None;No;#NULL!;Dry;0;Urban;No;12MAY2014;0;16:30;Male;#NULL!;Residential;B: Evident Injury;Yes;O: No Injury;275;May;0;Straight - Level;Coastal;With Traffic;No Control Present;Monday;Intersection;37;1;Two-Way, Not Divided;2 lanes;0;No;E YACHT DR;Smooth Asphalt;NE 8TH ST;Four-Way Intersection;Motorist Failed to Yield - Sign-Controlled Intersection;Local Street;B: Evident Injury;Brunswick;39;Clear;NE 7TH ST;0-5 mph;30 - 35  MPH;2014;Daylight;30-39
34.11424974, -77.9221023088;"{""type"": ""Point"", ""coordinates"": [-77.92210230880049, 34.11424974002816]}";White;None - Rural Crash;Bike Lane / Paved Shoulder;2;14;Urban (>70% Developed);Male;Pickup;0;No;1;40001576;White;No;0;60-69;Motorist Overtaking - Other / Unknown;None;No;#NULL!;Dry;0.8;Rural;No;05JUN2014;0;14:05;Male;#NULL!;Residential;B: Evident Injury;No;O: No Injury;277;June;0;Straight - Level;Coastal;With Traffic;Double Yellow Line, No Passing Zone;Thursday;Non-Intersection;67;1;Two-Way, Not Divided;2 lanes;0;No;SR 1100;Smooth Asphalt;1276;No Special Feature;Motorist Overtaking Bicyclist;State Secondary Route;B: Evident Injury;New Hanover;47;Clear;1187;46-50 mph;50 - 55  MPH;2014;Daylight;40-49
35.9657770716, -79.9699280213;"{""type"": ""Point"", ""coordinates"": [-79.96992802125968, 35.96577707156232]}";Black;High Point;Sidewalk / Crosswalk / Driveway Crossing;2;12;Urban (>70% Developed);Male;Police;0;No;1;0;White;No;0;6-10;Bicyclist Ride Through - Signalized Intersection;None;No;#NULL!;Dry;0.004;Urban;No;10MAY2014;0;12:25;Male;#NULL!;Industrial;B: Evident Injury;Yes;O: No Injury;278;May;0;Straight - Grade;Piedmont;Facing Traffic;Stop And Go Signal;Saturday;Intersection-Related;8;1;Two-Way, Not Divided;3 lanes;0;No;PENDLETON ST;Coarse Asphalt;HABERSHAM RD;Related To Intersection;Bicyclist Failed to Yield - Signalized Intersection;Local Street;B: Evident Injury;Guilford;36;Cloudy;E KIVETT DR;21-25 mph;30 - 35  MPH;2014;Daylight;30-39
35.2584868889, -80.8310932395;"{""type"": ""Point"", ""coordinates"": [-80.831093239536, 35.25848688893966]}";Black;Charlotte;Travel Lane;2;20;Urban (>70% Developed);Male;Passenger Car;0;No;0;0;Black;No;1;0-5;Play Vehicle-Related;None;No;#NULL!;Dry;0.009;Urban;No;26JUN2014;0;20:32;Male;#NULL!;Residential;C: Possible Injury;Yes;O: No Injury;280;June;0;Straight - Level;Piedmont;Not Applicable;No Control Present;Thursday;Non-Intersection;5;1;Two-Way, Not Divided;2 lanes;0;No;RODEY AVE;Smooth Asphalt;ISENHOUR ST;No Special Feature;Other / Unusual Circumstances;Local Street;C: Possible Injury;Mecklenburg;26;Clear;POINSETT ST;31-35 mph;30 - 35  MPH;2014;Dusk;25-29
35.2359798825, -80.8806832534;"{""type"": ""Point"", ""coordinates"": [-80.88068325341203, 35.2359798825234]}";Black;Charlotte;Sidewalk / Crosswalk / Driveway Crossing;2;15;Urban (>70% Developed);Male;Unknown;0;No;0;30000027;White;No;1;11-15;Bicyclist Failed to Clear - Trapped;None;No;#NULL!;Dry;0;Urban;Yes;30JUN2014;0;15:12;Male;#NULL!;Commercial;C: Possible Injury;No;Unknown Injury;288;June;0;Straight - Bottom;Piedmont;Facing Traffic;Stop And Go Signal;Monday;Intersection;15;1;Two-Way, Divided, Unprotected Median;6 lanes;0;Missing;FREEDOM DRIVE;Coarse Asphalt;BERRYHILL ROAD;Four-Way Intersection;Bicyclist Failed to Yield - Signalized Intersection;Local Street;C: Possible Injury;Mecklenburg;Unknown;Clear;CAMP GREENE STREET;41-45 mph;40 - 45  MPH;2014;Daylight;Unknown
35.7995940846, -78.6161226033;"{""type"": ""Point"", ""coordinates"": [-78.61612260331312, 35.799594084580704]}";White;Raleigh;Travel Lane;2;17;Urban (>70% Developed);Male;Pickup;0;No;1;50032243;White;No;0;6-10;Bicyclist Ride Through - Sign-Controlled Intersection;None;No;#NULL!;Dry;0;Urban;No;29JUN2014;0;17:18;Male;#NULL!;Residential;B: Evident Injury;Yes;O: No Injury;292;June;0;Straight - Level;Piedmont;With Traffic;Stop Sign;Sunday;Intersection;7;1;Two-Way, Not Divided;2 lanes;0;No;FENTON ST;Coarse Asphalt;TIMBER DR;Four-Way Intersection;Bicyclist Failed to Yield - Sign-Controlled Intersection;Local Street;B: Evident Injury;Wake;42;Clear;WATKINS ST;16-20 mph;20 - 25  MPH;2014;Daylight;40-49
35.2295668741, -81.0833333134;"{""type"": ""Point"", ""coordinates"": [-81.08333331336638, 35.229566874132075]}";White;Cramerton;Driveway / Alley;2;16;Urban (>70% Developed);Male;Pickup;0;No;1;0;White;No;0;11-15;Bicyclist Ride Out - Commercial Driveway / Alley;None;No;#NULL!;Dry;0.047;Rural;No;04JUN2014;0;16:53;Male;#NULL!;Residential;B: Evident Injury;No;O: No Injury;298;June;0;Straight - Level;Piedmont;Not Applicable;No Control Present;Wednesday;Non-Intersection;15;1;Two-Way, Not Divided;2 lanes;0;No;HIDDEN PASTURES DR;Smooth Asphalt;HANNA WOODS DR;T-Intersection;Bicyclist Failed to Yield - Midblock;Public Vehicular Area;B: Evident Injury;Gaston;47;Clear;MAYMONT DR;16-20 mph;20 - 25  MPH;2014;Daylight;40-49
35.6669870964, -77.4445722396;"{""type"": ""Point"", ""coordinates"": [-77.44457223963536, 35.6669870964265]}";Black;None - Rural Crash;Driveway / Alley;2;12;Rural (<30% Developed);Male;Pickup;0;No;1;40001401;White;No;0;20-24;Bicyclist Ride Through - Sign-Controlled Intersection;None;No;#NULL!;Dry;0;Rural;No;29JUN2014;0;12:49;Male;#NULL!;Residential;B: Evident Injury;Yes;O: No Injury;309;June;0;Straight - Level;Coastal;Not Applicable;Double Yellow Line, No Passing Zone;Sunday;Intersection;24;1;Two-Way, Not Divided;2 lanes;0;No;SR 1401;Coarse Asphalt;FAIRMONT AV;Driveway, Public;Bicyclist Failed to Yield - Sign-Controlled Intersection;State Secondary Route;B: Evident Injury;Pitt;66;Clear;PACIFIC DR;36-40 mph;50 - 55  MPH;2014;Daylight;60-69
35.5109508761, -82.6002537784;"{""type"": ""Point"", ""coordinates"": [-82.60025377844991, 35.51095087608598]}";Hispanic;None - Rural Crash;Travel Lane;2;15;Rural (<30% Developed);Male;Pickup;0;No;1;30000191;White;No;0;50-59;Motorist Overtaking - Undetected Bicyclist;None;No;#NULL!;Dry;0.3;Rural;No;04JUL2014;0;15:23;Male;#NULL!;Farms, Woods, Pastures;B: Evident Injury;Yes;O: No Injury;313;July;0;Straight - Grade;Mountains;With Traffic;No Control Present;Friday;Non-Intersection;53;1;Two-Way, Not Divided;5 lanes;0;No;NC 191;Smooth Asphalt;3480;No Special Feature;Motorist Overtaking Bicyclist;NC Route;B: Evident Injury;Buncombe;18;Clear;3479;36-40 mph;40 - 45  MPH;2014;Daylight;0-19
35.7808790798, -78.6289466059;"{""type"": ""Point"", ""coordinates"": [-78.62894660585886, 35.78087907979441]}";Black;Raleigh;Travel Lane;2;15;Urban (>70% Developed);Male;Sport Utility;0;No;0;40002298;Black;No;1;16-19;Bicyclist Ride Through - Signalized Intersection;None;No;#NULL!;Dry;0;Urban;No;12JUL2014;0;15:18;Female;#NULL!;Residential;C: Possible Injury;No;O: No Injury;319;July;0;Straight - Level;Piedmont;With Traffic;Stop And Go Signal;Saturday;Intersection;18;1;Two-Way, Not Divided;4 lanes;0;No;E EDENTON ST;Smooth Asphalt;RAY ST;Other;Bicyclist Failed to Yield - Signalized Intersection;Local Street;C: Possible Injury;Wake;32;Clear;N SWAIN ST;26-30 mph;30 - 35  MPH;2014;Daylight;30-39
35.7869900778, -78.7327026375;"{""type"": ""Point"", ""coordinates"": [-78.73270263753291, 35.78699007784095]}";White;Raleigh;Travel Lane;2;23;Mixed (30% To 70% Developed);Male;Unknown;0;#NULL!;0;0;White;No;0;30-39;Motorist Drive Out - Sign-Controlled Intersection;None;Yes;No;Dry;0;Urban;Yes;30JUL2008;0;23:00;Male;Yes;Residential;B: Evident Injury;Yes;O: No Injury;6397;July;0;Straight - Level;Piedmont;With Traffic;Stop Sign;Wednesday;Intersection;35;0;Two-Way, Divided, Unprotected Median;2 lanes;0;#NULL!;#NULL!;Smooth Asphalt;#NULL!;No Special Feature;Motorist Failed to Yield - Sign-Controlled Intersection;Local Street;B: Evident Injury;Wake;26;Clear;#NULL!;0-5 mph;40 - 45  MPH;2008;Dark - Lighted Roadway;25-29
35.7899931166, -77.6426023061;"{""type"": ""Point"", ""coordinates"": [-77.64260230605487, 35.78999311663588]}";Black;Pinetops;Travel Lane;2;17;Urban (>70% Developed);Male;Sport Utility;0;#NULL!;0;0;White;No;0;11-15;Bicyclist Lost Control - Mechanical Problems;None;No;No;Dry;0;Rural;No;26JUN2008;0;17:37;Female;No;Residential;B: Evident Injury;Yes;O: No Injury;6399;June;0;Straight - Level;Coastal;Unknown;No Control Present;Thursday;Intersection;15;0;Two-Way, Not Divided;5 lanes;0;#NULL!;#NULL!;Smooth Asphalt;#NULL!;No Special Feature;Loss of Control / Turning Error;Local Street;B: Evident Injury;Edgecombe;28;Clear;#NULL!;16-20 mph;20 - 25  MPH;2008;Daylight;25-29
35.1101468601, -80.7617932108;"{""type"": ""Point"", ""coordinates"": [-80.76179321081928, 35.11014686006733]}";White;Charlotte;Sidewalk / Crosswalk / Driveway Crossing;2;7;Urban (>70% Developed);Male;Passenger Car;0;#NULL!;0;0;White;No;0;16-19;Motorist Lost Control - Mechanical Problems;None;No;No;Dry;0;Urban;No;03MAR2008;0;7:20;Male;No;Institutional;B: Evident Injury;Yes;O: No Injury;6415;March;0;Straight - Grade;Piedmont;Facing Traffic;Other;Monday;Intersection;17;0;Two-Way, Divided, Unprotected Median;2 lanes;0;#NULL!;#NULL!;Smooth Asphalt;#NULL!;Four-Way Intersection;Loss of Control / Turning Error;NC Route;B: Evident Injury;Mecklenburg;60;Clear;#NULL!;6-10 mph;30 - 35  MPH;2008;Daylight;60-69
35.9118040928, -79.0595927434;"{""type"": ""Point"", ""coordinates"": [-79.0595927434437, 35.91180409275103]}";White;Chapel Hill;Sidewalk / Crosswalk / Driveway Crossing;2;18;Urban (>70% Developed);Female;Passenger Car;0;#NULL!;0;0;White;No;0;25-29;Signalized Intersection - Other / Unknown;None;No;No;Wet;0;Urban;No;16DEC2008;0;18:07;Female;No;Commercial;C: Possible Injury;No;O: No Injury;6421;December;0;Straight - Level;Piedmont;With Traffic;Stop And Go Signal;Tuesday;Intersection;27;0;Two-Way, Not Divided;Unknown;0;#NULL!;#NULL!;Smooth Asphalt;#NULL!;No Special Feature;Crossing Paths - Other Circumstances;Public Vehicular Area;C: Possible Injury;Orange;21;Cloudy;#NULL!;0-5 mph;5 - 15 MPH;2008;Dark - Lighted Roadway;20-24
35.8495070965, -78.583468596;"{""type"": ""Point"", ""coordinates"": [-78.58346859598859, 35.84950709652726]}";Black;Raleigh;Sidewalk / Crosswalk / Driveway Crossing;2;16;Urban (>70% Developed);Male;Passenger Car;0;#NULL!;0;0;Black;No;0;25-29;Motorist Drive Out - Sign-Controlled Intersection;None;No;No;Dry;0;Urban;No;02NOV2008;0;16:48;Male;No;Commercial;C: Possible Injury;Yes;O: No Injury;6427;November;0;Straight - Level;Piedmont;Facing Traffic;Stop Sign;Sunday;Intersection;25;0;Two-Way, Divided, Positive Median Barrier;3 lanes;0;#NULL!;#NULL!;Smooth Asphalt;#NULL!;No Special Feature;Motorist Failed to Yield - Sign-Controlled Intersection;Local Street;C: Possible Injury;Wake;50;Clear;#NULL!;0-5 mph;40 - 45  MPH;2008;Daylight;50-59
35.2100818815, -80.7572232153;"{""type"": ""Point"", ""coordinates"": [-80.75722321530804, 35.21008188153505]}";Black;Charlotte;Sidewalk / Crosswalk / Driveway Crossing;2;17;Urban (>70% Developed);Male;Light Truck (Mini-Van, Panel);0;#NULL!;0;0;Black;No;0;40-49;Unknown Approach Paths;None;No;No;Wet;0;Urban;No;27DEC2008;0;17:56;Male;No;Commercial;C: Possible Injury;Yes;O: No Injury;6434;December;0;Straight - Level;Piedmont;Unknown;Stop And Go Signal;Saturday;Intersection;42;0;Two-Way, Divided, Unprotected Median;8 lanes;0;#NULL!;#NULL!;Smooth Asphalt;#NULL!;Four-Way Intersection;Other / Unknown - Insufficient Details;Local Street;C: Possible Injury;Mecklenburg;49;Cloudy;#NULL!;11-15 mph;30 - 35  MPH;2008;Dark - Lighted Roadway;40-49
35.866180101, -78.5646465914;"{""type"": ""Point"", ""coordinates"": [-78.56464659135015, 35.866180101029926]}";Black;Raleigh;Bike Lane / Paved Shoulder;2;17;Urban (>70% Developed);Male;Passenger Car;0;#NULL!;0;0;White;No;0;11-15;Bicyclist Ride Out - Midblock - Unknown;None;No;No;Dry;0;Urban;No;24NOV2008;0;17:22;Male;No;Commercial;B: Evident Injury;Yes;O: No Injury;6440;November;0;Straight - Level;Piedmont;Not Applicable;Missing;Monday;Non-Intersection;14;0;Two-Way, Not Divided;2 lanes;0;#NULL!;#NULL!;Coarse Asphalt;#NULL!;No Special Feature;Bicyclist Failed to Yield - Midblock;Local Street;B: Evident Injury;Wake;51;Clear;#NULL!;16-20 mph;30 - 35  MPH;2008;Dusk;50-59