Geo Point;Geo Shape;BikeRace;City;BikePos;NumUnits;CrashHour;Locality;BikeSex;DrvrVehTyp;NumBikesNo;BikeAlcDrg;NumBikesBI;RteInvdCd;DrvrRace;Workzone;NumBikesCi;BikeAgeGrp;CrashType;RdDefects;CrashAlcoh;BikeAlcoho;RdConditio;DstncMiFrm;RuralUrban;HitRun;CrashDate;NumBikesUI;CrashTime;DrvrSex;DrvrAlcoho;Developmen;CrashSevr;AmbulanceR;DrvrInjury;OBJECTID;CrashMonth;NumBikesKi;RdCharacte;Region;BikeDir;TraffCntrl;CrashDay;CrashLoc;BikeAge;NumBikesTo;RdConfig;NumLanes;NumBikesAI;DrvrAlcDrg;OnRoad;RdSurface;Towrd_Rd;RdFeature;CrashGrp;RdClass;BikeInjury;County;DrvrAge;Weather;FrmRd;DrvrEstSpd;SpeedLimit;CrashYear;LightCond;DrvrAgeGrp
35.5804669571, -80.8399932603;"{""type"": ""Point"", ""coordinates"": [-80.83999326028871, 35.580466957094615]}";White;Mooresville;Other;2;14;Urban (>70% Developed);Male;Passenger Car;0;#NULL!;0;0;White;No;0;16-19;Bicyclist Ride Out - Parallel Path;None;No;No;Dry;0;Urban;No;09JAN2008;0;14:57;Male;No;Commercial;B: Evident Injury;Yes;O: No Injury;6443;January;0;Straight - Level;Piedmont;With Traffic;No Control Present;Wednesday;Non-Intersection;18;0;Two-Way, Not Divided;2 lanes;0;#NULL!;#NULL!;Coarse Asphalt;#NULL!;No Special Feature;Parallel Paths - Other Circumstances;NC Route;B: Evident Injury;Iredell;51;Clear;#NULL!;41-45 mph;40 - 45  MPH;2008;Daylight;50-59
35.549091084, -77.0572761161;"{""type"": ""Point"", ""coordinates"": [-77.05727611611573, 35.54909108397066]}";Black;Washington;Travel Lane;2;17;Urban (>70% Developed);Male;Passenger Car;0;#NULL!;0;0;White;No;0;11-15;Bicyclist Left Turn - Same Direction;None;No;No;Dry;0;Urban;No;16OCT2008;0;17:15;Female;No;Commercial;B: Evident Injury;Yes;O: No Injury;6447;October;0;Straight - Level;Coastal;With Traffic;No Control Present;Thursday;Non-Intersection;13;0;Two-Way, Not Divided;4 lanes;0;#NULL!;#NULL!;Coarse Asphalt;#NULL!;No Special Feature;Bicyclist Left Turn / Merge;Local Street;B: Evident Injury;Beaufort;30;Clear;#NULL!;Unknown;30 - 35  MPH;2008;Daylight;30-39
36.0608672097, -76.608122004;"{""type"": ""Point"", ""coordinates"": [-76.60812200400734, 36.06086720970813]}";Black;Edenton;Sidewalk / Crosswalk / Driveway Crossing;2;11;Mixed (30% To 70% Developed);Male;Passenger Car;0;#NULL!;0;0;Black;No;0;70+;Motorist Left Turn - Opposite Direction;None;No;No;Dry;0;Urban;No;30DEC2008;0;11:40;Male;No;Institutional;B: Evident Injury;Yes;O: No Injury;6450;December;0;Straight - Level;Coastal;With Traffic;Stop And Go Signal;Tuesday;Intersection;70+;0;Two-Way, Not Divided;2 lanes;0;#NULL!;#NULL!;Smooth Asphalt;#NULL!;T-Intersection;Motorist Left Turn / Merge;Local Street;B: Evident Injury;Chowan;28;Clear;#NULL!;Unknown;Unknown;2008;Daylight;25-29
36.0736731013, -79.7641129644;"{""type"": ""Point"", ""coordinates"": [-79.76411296443614, 36.07367310134675]}";Black;Greensboro;Non-Roadway;2;19;Urban (>70% Developed);Male;Unknown;0;#NULL!;0;0;Black;No;0;16-19;Bicyclist Ride Out - Commercial Driveway / Alley;None;No;No;Dry;0;Urban;Yes;03AUG2008;0;19:00;Male;No;Residential;B: Evident Injury;Yes;O: No Injury;6453;August;0;Straight - Grade;Piedmont;Not Applicable;No Control Present;Sunday;Non-Intersection;18;0;Two-Way, Not Divided;2 lanes;0;#NULL!;#NULL!;Smooth Asphalt;#NULL!;Railroad Crossing;Bicyclist Failed to Yield - Midblock;Local Street;B: Evident Injury;Guilford;21;Clear;#NULL!;Unknown;30 - 35  MPH;2008;Daylight;20-24
36.0656500989, -79.7825829702;"{""type"": ""Point"", ""coordinates"": [-79.78258297015348, 36.065650098911505]}";Black;Greensboro;Travel Lane;2;0;Rural (<30% Developed);Male;Passenger Car;0;#NULL!;0;0;Black;No;0;40-49;Unknown Approach Paths;None;No;No;Wet;0;Urban;No;22JUL2008;0;0:30;Male;No;Residential;C: Possible Injury;Yes;O: No Injury;6454;July;0;Straight - Level;Piedmont;Unknown;No Control Present;Tuesday;Non-Intersection;49;0;Two-Way, Not Divided;2 lanes;0;#NULL!;#NULL!;Smooth Asphalt;#NULL!;No Special Feature;Other / Unknown - Insufficient Details;Local Street;C: Possible Injury;Guilford;22;Clear;#NULL!;0-5 mph;30 - 35  MPH;2008;Dark - Lighted Roadway;20-24
36.0529320946, -79.8387329863;"{""type"": ""Point"", ""coordinates"": [-79.83873298628374, 36.05293209455967]}";Black;Greensboro;Travel Lane;2;11;Urban (>70% Developed);Male;Pickup;0;#NULL!;0;0;Black;No;0;11-15;Bicyclist Ride Through - Sign-Controlled Intersection;None;No;No;Dry;0;Urban;No;05AUG2008;0;11:55;Male;No;Residential;C: Possible Injury;No;O: No Injury;6456;August;0;Straight - Level;Piedmont;Unknown;Stop Sign;Tuesday;Intersection;13;0;Two-Way, Divided, Unprotected Median;2 lanes;0;#NULL!;#NULL!;Smooth Asphalt;#NULL!;Four-Way Intersection;Bicyclist Failed to Yield - Sign-Controlled Intersection;Local Street;C: Possible Injury;Guilford;57;Clear;#NULL!;31-35 mph;30 - 35  MPH;2008;Daylight;50-59
35.2881198982, -80.7597082199;"{""type"": ""Point"", ""coordinates"": [-80.75970821989685, 35.28811989816735]}";White;Charlotte;Travel Lane;2;14;Urban (>70% Developed);Male;Passenger Car;0;#NULL!;0;0;Asian;No;0;40-49;Motorist Overtaking - Other / Unknown;None;No;No;Dry;0;Urban;No;01DEC2008;0;14:11;Male;No;Commercial;K: Killed;No;O: No Injury;6461;December;0;Straight - Level;Piedmont;With Traffic;No Control Present;Monday;Non-Intersection;41;0;Two-Way, Divided, Unprotected Median;5 lanes;0;#NULL!;#NULL!;Smooth Asphalt;#NULL!;No Special Feature;Motorist Overtaking Bicyclist;Local Street;K: Killed;Mecklenburg;22;Clear;#NULL!;36-40 mph;40 - 45  MPH;2008;Daylight;20-24
36.005561118, -78.9107827028;"{""type"": ""Point"", ""coordinates"": [-78.91078270282875, 36.00556111796297]}";White;Durham;Travel Lane;2;17;Urban (>70% Developed);Male;Passenger Car;0;#NULL!;0;0;White;No;0;30-39;Motorist Drive In / Out - Parking;None;No;No;Dry;0;Urban;No;05NOV2008;0;17:58;Male;No;Residential;B: Evident Injury;Yes;O: No Injury;6464;November;0;Straight - Level;Piedmont;With Traffic;No Control Present;Wednesday;Non-Intersection;31;0;Two-Way, Not Divided;2 lanes;0;#NULL!;#NULL!;Smooth Asphalt;#NULL!;No Special Feature;Parking / Bus-Related;Local Street;B: Evident Injury;Durham;46;Clear;#NULL!;0-5 mph;30 - 35  MPH;2008;Dark - Roadway Not Lighted;40-49
35.7168610909, -77.9335123919;"{""type"": ""Point"", ""coordinates"": [-77.93351239185426, 35.71686109089612]}";Black;Wilson;Sidewalk / Crosswalk / Driveway Crossing;2;19;Urban (>70% Developed);Male;Sport Utility;0;#NULL!;0;0;Black;No;0;11-15;Motorist Drive Out - Sign-Controlled Intersection;None;No;No;Dry;0;Urban;No;23SEP2008;0;19:51;Female;No;Residential;C: Possible Injury;No;O: No Injury;6465;September;0;Straight - Level;Coastal;Facing Traffic;Stop Sign;Tuesday;Intersection;15;0;Two-Way, Not Divided;2 lanes;0;#NULL!;#NULL!;Coarse Asphalt;#NULL!;No Special Feature;Motorist Failed to Yield - Sign-Controlled Intersection;Local Street;C: Possible Injury;Wilson;37;Clear;#NULL!;0-5 mph;30 - 35  MPH;2008;Dusk;30-39
36.039497126, -78.8838986973;"{""type"": ""Point"", ""coordinates"": [-78.88389869732323, 36.0394971259806]}";Black;Durham;Sidewalk / Crosswalk / Driveway Crossing;2;16;Urban (>70% Developed);Male;Passenger Car;0;#NULL!;0;0;White;No;0;11-15;Bicyclist Ride Out - Parallel Path;None;No;No;Dry;0;Urban;No;02JAN2007;0;16:41;Male;No;Residential;B: Evident Injury;Yes;O: No Injury;6467;January;0;Straight - Level;Piedmont;With Traffic;No Control Present;Tuesday;Non-Intersection;11;0;Two-Way, Divided, Unprotected Median;1 lane;0;#NULL!;#NULL!;Smooth Asphalt;#NULL!;No Special Feature;Parallel Paths - Other Circumstances;Local Street;B: Evident Injury;Durham;35;Clear;#NULL!;31-35 mph;30 - 35  MPH;2007;Daylight;30-39
35.751125068, -78.7828026505;"{""type"": ""Point"", ""coordinates"": [-78.78280265046945, 35.75112506797687]}";Hispanic;Cary;Sidewalk / Crosswalk / Driveway Crossing;2;9;Urban (>70% Developed);Male;Passenger Car;0;#NULL!;0;0;White;No;0;20-24;Motorist Drive Out - Right Turn on Red;None;No;No;Dry;0;Urban;No;12JAN2007;0;9:34;Male;No;Residential;C: Possible Injury;Yes;O: No Injury;6468;January;0;Straight - Grade;Piedmont;Facing Traffic;Stop And Go Signal;Friday;Intersection;20;0;Two-Way, Divided, Unprotected Median;3 lanes;0;#NULL!;#NULL!;Smooth Asphalt;#NULL!;Four-Way Intersection;Motorist Failed to Yield - Signalized Intersection;Local Street;C: Possible Injury;Wake;64;Clear;#NULL!;0-5 mph;30 - 35  MPH;2007;Daylight;60-69
34.9994349024, -78.9044526487;"{""type"": ""Point"", ""coordinates"": [-78.90445264869955, 34.99943490238852]}";Black;Fayetteville;Travel Lane;2;12;Urban (>70% Developed);Male;Van;0;#NULL!;0;0;Black;No;0;40-49;Motorist Overtaking - Bicyclist Swerved;None;No;No;Dry;0;Urban;No;12JAN2007;0;12:41;Female;No;Commercial;B: Evident Injury;Yes;O: No Injury;6471;January;0;Straight - Level;Coastal;With Traffic;Double Yellow Line, No Passing Zone;Friday;Non-Intersection;45;0;Two-Way, Not Divided;2 lanes;0;#NULL!;#NULL!;Coarse Asphalt;#NULL!;No Special Feature;Motorist Overtaking Bicyclist;Local Street;B: Evident Injury;Cumberland;51;Clear;#NULL!;31-35 mph;30 - 35  MPH;2007;Daylight;50-59
35.6666749888, -80.477593157;"{""type"": ""Point"", ""coordinates"": [-80.47759315699084, 35.6666749888282]}";White;Salisbury;Sidewalk / Crosswalk / Driveway Crossing;2;9;Urban (>70% Developed);Male;Passenger Car;0;#NULL!;0;0;Unknown/Missing;No;0;50-59;Bicyclist Ride Out - Signalized  Intersection;None;No;No;Dry;0;Urban;Yes;31JAN2007;0;9:25;Unknown;No;Residential;B: Evident Injury;Yes;Unknown Injury;6472;January;0;Straight - Grade;Piedmont;With Traffic;Stop And Go Signal;Wednesday;Intersection;58;0;Two-Way, Not Divided;2 lanes;0;#NULL!;#NULL!;Smooth Asphalt;#NULL!;Four-Way Intersection;Bicyclist Failed to Yield - Signalized Intersection;Local Street;B: Evident Injury;Rowan;Unknown;Clear;#NULL!;21-25 mph;30 - 35  MPH;2007;Daylight;Unknown
35.2623018785, -81.1534733363;"{""type"": ""Point"", ""coordinates"": [-81.1534733362596, 35.2623018785356]}";Hispanic;Gastonia;Sidewalk / Crosswalk / Driveway Crossing;2;13;Urban (>70% Developed);Male;Pickup;0;#NULL!;0;0;White;No;0;30-39;Motorist Drive Out - Commercial Driveway / Alley;None;Yes;Yes;Dry;0;Urban;No;06JAN2007;0;13:30;Male;No;Commercial;B: Evident Injury;No;O: No Injury;6486;January;0;Straight - Level;Piedmont;Facing Traffic;No Control Present;Saturday;Non-Intersection;31;0;Two-Way, Not Divided;Unknown;0;#NULL!;#NULL!;Smooth Asphalt;#NULL!;Driveway, Public;Motorist Failed to Yield - Midblock;Public Vehicular Area;B: Evident Injury;Gaston;29;Clear;#NULL!;0-5 mph;Unknown;2007;Daylight;25-29
35.9382390969, -79.1048027585;"{""type"": ""Point"", ""coordinates"": [-79.10480275846905, 35.93823909692624]}";White;None - Rural Crash;Travel Lane;2;8;Rural (<30% Developed);Male;Unknown;0;#NULL!;0;0;Unknown/Missing;No;0;20-24;Motorist Overtaking - Misjudged Space;None;No;No;Dry;0;Rural;Yes;09JAN2007;0;8:41;Unknown;Missing;Farms, Woods, Pastures;C: Possible Injury;Yes;Unknown Injury;6494;January;0;Straight - Level;Piedmont;With Traffic;No Control Present;Tuesday;Non-Intersection;21;0;Two-Way, Not Divided;2 lanes;0;#NULL!;#NULL!;Smooth Asphalt;#NULL!;No Special Feature;Motorist Overtaking Bicyclist;State Secondary Route;C: Possible Injury;Orange;Unknown;Clear;#NULL!;16-20 mph;40 - 45  MPH;2007;Daylight;Unknown
34.2092887623, -77.886902303;"{""type"": ""Point"", ""coordinates"": [-77.88690230299166, 34.20928876226385]}";Hispanic;Wilmington;Driveway / Alley;2;10;Urban (>70% Developed);Male;Passenger Car;0;#NULL!;0;0;Black;No;0;16-19;Bicyclist Ride Out - Commercial Driveway / Alley;None;No;No;Dry;0;Urban;No;13JAN2007;0;10:14;Male;No;Commercial;B: Evident Injury;Yes;O: No Injury;6499;January;0;Straight - Level;Coastal;Not Applicable;No Control Present;Saturday;Non-Intersection;18;0;Two-Way, Not Divided;4 lanes;0;#NULL!;#NULL!;Smooth Asphalt;#NULL!;No Special Feature;Bicyclist Failed to Yield - Midblock;Local Street;B: Evident Injury;New Hanover;23;Clear;#NULL!;11-15 mph;40 - 45  MPH;2007;Daylight;20-24
35.5956830759, -77.5907422811;"{""type"": ""Point"", ""coordinates"": [-77.59074228110798, 35.59568307593356]}";Black;Farmville;Travel Lane;2;16;Mixed (30% To 70% Developed);Male;Passenger Car;0;#NULL!;0;0;White;No;0;6-10;Bicyclist Ride Through - Sign-Controlled Intersection;None;No;No;Dry;0;Rural;No;14JAN2007;0;16:45;Female;No;Residential;O: No Injury;No;O: No Injury;6500;January;0;Straight - Level;Coastal;With Traffic;Stop Sign;Sunday;Intersection;10;0;Two-Way, Not Divided;2 lanes;0;#NULL!;#NULL!;Smooth Asphalt;#NULL!;Four-Way Intersection;Bicyclist Failed to Yield - Sign-Controlled Intersection;Local Street;Unknown Injury;Pitt;52;Clear;#NULL!;21-25 mph;30 - 35  MPH;2007;Daylight;50-59
35.211970879, -80.8553882444;"{""type"": ""Point"", ""coordinates"": [-80.85538824440376, 35.211970878965644]}";Black;Charlotte;Travel Lane;2;11;Urban (>70% Developed);Male;Passenger Car;0;#NULL!;0;0;White;No;0;30-39;Bicyclist Turning Error - Right Turn;None;No;No;Dry;0;Urban;No;19JAN2007;0;11:38;Male;No;Residential;O: No Injury;No;O: No Injury;6511;January;0;Straight - Level;Piedmont;With Traffic;Stop Sign;Friday;Intersection-Related;32;0;Two-Way, Not Divided;2 lanes;0;#NULL!;#NULL!;Smooth Asphalt;#NULL!;No Special Feature;Loss of Control / Turning Error;Local Street;O: No Injury;Mecklenburg;44;Clear;#NULL!;0-5 mph;20 - 25  MPH;2007;Daylight;40-49
35.8141740287, -80.2641171007;"{""type"": ""Point"", ""coordinates"": [-80.26411710073253, 35.81417402872929]}";White;Lexington;Travel Lane;2;15;Urban (>70% Developed);Male;Passenger Car;0;#NULL!;0;0;White;No;0;60-69;Bicyclist Ride Through - Signalized Intersection;None;No;No;Wet;0;Urban;No;21JAN2007;0;15:46;Female;No;Commercial;B: Evident Injury;Yes;O: No Injury;6513;January;0;Straight - Level;Piedmont;With Traffic;Stop And Go Signal;Sunday;Intersection;60;0;Two-Way, Not Divided;7 lanes;0;#NULL!;#NULL!;Coarse Asphalt;#NULL!;Four-Way Intersection;Bicyclist Failed to Yield - Signalized Intersection;Local Street;B: Evident Injury;Davidson;58;Cloudy;#NULL!;0-5 mph;30 - 35  MPH;2007;Daylight;50-59
35.9666511079, -78.9674927182;"{""type"": ""Point"", ""coordinates"": [-78.96749271824382, 35.96665110791435]}";White;Durham;Travel Lane;2;20;Urban (>70% Developed);Male;Passenger Car;0;#NULL!;0;0;White;No;0;50-59;Motorist Overtaking - Undetected Bicyclist;None;No;No;Dry;0;Urban;No;02APR2007;0;20:25;Female;No;Commercial;A: Disabling Injury;Yes;O: No Injury;6520;April;0;Straight - Grade;Piedmont;With Traffic;No Control Present;Monday;Non-Intersection;52;0;Two-Way, Divided, Unprotected Median;4 lanes;0;#NULL!;#NULL!;Smooth Asphalt;#NULL!;On or Off Ramp;Motorist Overtaking Bicyclist;Local Street;A: Disabling Injury;Durham;20;Clear;#NULL!;41-45 mph;40 - 45  MPH;2007;Dark - Roadway Not Lighted;20-24
35.5522610855, -77.0417121111;"{""type"": ""Point"", ""coordinates"": [-77.04171211107442, 35.5522610855067]}";Black;Washington;Travel Lane;2;14;Urban (>70% Developed);Male;Pickup;0;#NULL!;0;0;White;No;0;20-24;Bicyclist Ride Out - Sign-Controlled Intersection;None;No;No;Dry;0;Urban;No;29JAN2007;0;14:32;Male;No;Residential;C: Possible Injury;Yes;O: No Injury;6525;January;0;Straight - Level;Coastal;Unknown;No Control Present;Monday;Intersection;23;0;Two-Way, Not Divided;4 lanes;0;#NULL!;#NULL!;Coarse Asphalt;#NULL!;T-Intersection;Bicyclist Failed to Yield - Sign-Controlled Intersection;Local Street;C: Possible Injury;Beaufort;61;Clear;#NULL!;26-30 mph;30 - 35  MPH;2007;Daylight;60-69
35.9462621175, -78.5663025961;"{""type"": ""Point"", ""coordinates"": [-78.56630259607272, 35.94626211752585]}";White;Raleigh;Travel Lane;2;15;Urban (>70% Developed);Male;Passenger Car;0;#NULL!;0;0;White;No;0;11-15;Motorist Right Turn - Same Direction;None;No;No;Dry;0;Urban;No;09FEB2007;0;15:33;Male;No;Residential;C: Possible Injury;Yes;O: No Injury;6534;February;0;Straight - Level;Piedmont;With Traffic;Stop And Go Signal;Friday;Non-Intersection;15;0;Two-Way, Divided, Positive Median Barrier;4 lanes;0;#NULL!;#NULL!;Smooth Asphalt;#NULL!;T-Intersection;Motorist Right Turn / Merge;Local Street;C: Possible Injury;Wake;45;Clear;#NULL!;0-5 mph;30 - 35  MPH;2007;Daylight;40-49
35.6836170564, -78.723442629;"{""type"": ""Point"", ""coordinates"": [-78.72344262897077, 35.68361705637293]}";White;None - Rural Crash;Travel Lane;2;17;Rural (<30% Developed);Male;Passenger Car;0;#NULL!;0;0;Unknown/Missing;No;0;40-49;Motorist Intentionally Caused;None;No;No;Dry;0;Rural;Yes;14FEB2007;0;17:26;Unknown;No;Farms, Woods, Pastures;C: Possible Injury;No;Unknown Injury;6539;February;0;Curve - Hillcrest;Piedmont;With Traffic;Double Yellow Line, No Passing Zone;Wednesday;Non-Intersection;45;0;Two-Way, Not Divided;2 lanes;0;#NULL!;#NULL!;Coarse Asphalt;#NULL!;Driveway, Private;Other / Unusual Circumstances;State Secondary Route;C: Possible Injury;Wake;Unknown;Clear;#NULL!;16-20 mph;40 - 45  MPH;2007;Daylight;Unknown
35.1981568771, -80.8079632293;"{""type"": ""Point"", ""coordinates"": [-80.80796322933821, 35.19815687705585]}";White;Charlotte;Travel Lane;2;7;Urban (>70% Developed);Male;Passenger Car;0;#NULL!;0;0;Black;No;0;30-39;Motorist Left Turn - Opposite Direction;None;No;No;Dry;0;Urban;No;20FEB2007;0;7:59;Female;No;Residential;A: Disabling Injury;Yes;O: No Injury;6544;February;0;Straight - Grade;Piedmont;With Traffic;Stop Sign;Tuesday;Intersection;38;0;Two-Way, Not Divided;2 lanes;0;#NULL!;#NULL!;Smooth Asphalt;#NULL!;Four-Way Intersection;Motorist Left Turn / Merge;Local Street;A: Disabling Injury;Mecklenburg;53;Clear;#NULL!;6-10 mph;30 - 35  MPH;2007;Daylight;50-59
36.0626071097, -79.4701128759;"{""type"": ""Point"", ""coordinates"": [-79.47011287587114, 36.06260710968079]}";White;Burlington;Travel Lane;2;17;Mixed (30% To 70% Developed);Male;Truck/Trailer;0;#NULL!;0;0;White;No;0;20-24;Parallel Paths - Other / Unknown;None;No;No;Dry;0;Urban;No;26JAN2007;0;17:30;Male;No;Residential;B: Evident Injury;Yes;O: No Injury;6551;January;0;Straight - Level;Piedmont;With Traffic;Double Yellow Line, No Passing Zone;Friday;Non-Intersection;20;0;Two-Way, Not Divided;2 lanes;0;#NULL!;#NULL!;Grooved Concrete;#NULL!;No Special Feature;Parallel Paths - Other Circumstances;NC Route;B: Evident Injury;Alamance;66;Clear;#NULL!;31-35 mph;30 - 35  MPH;2007;Daylight;60-69
34.4502017817, -78.9176586252;"{""type"": ""Point"", ""coordinates"": [-78.91765862519449, 34.45020178171078]}";White;None - Rural Crash;Travel Lane;2;19;Rural (<30% Developed);Male;Tractor/Semi-Trailer;0;#NULL!;0;0;Black;No;0;11-15;Bicyclist Right Turn - Same Direction;None;No;No;Dry;0;Rural;No;20MAR2007;0;19:10;Male;No;Residential;B: Evident Injury;Yes;B: Evident Injury;6552;March;0;Straight - Level;Coastal;Facing Traffic;Double Yellow Line, No Passing Zone;Tuesday;Non-Intersection;14;0;Two-Way, Not Divided;2 lanes;0;#NULL!;#NULL!;Coarse Asphalt;#NULL!;No Special Feature;Bicyclist Right Turn / Merge;State Secondary Route;C: Possible Injury;Columbus;30;Clear;#NULL!;36-40 mph;50 - 55  MPH;2007;Daylight;30-39
35.5751768894, -82.613597786;"{""type"": ""Point"", ""coordinates"": [-82.61359778601857, 35.575176889441245]}";White;Asheville;Travel Lane;2;23;Urban (>70% Developed);Male;Passenger Car;0;#NULL!;0;0;White;No;0;30-39;Bicyclist Left Turn - Same Direction;None;No;No;Dry;0;Urban;No;23FEB2007;0;23:27;Female;No;Commercial;B: Evident Injury;Yes;O: No Injury;6554;February;0;Straight - Grade;Mountains;With Traffic;No Control Present;Friday;Non-Intersection;34;0;Two-Way, Not Divided;4 lanes;0;#NULL!;#NULL!;Coarse Asphalt;#NULL!;No Special Feature;Bicyclist Left Turn / Merge;US Route;B: Evident Injury;Buncombe;24;Clear;#NULL!;31-35 mph;30 - 35  MPH;2007;Dark - Roadway Not Lighted;20-24
35.0760419185, -78.8977026499;"{""type"": ""Point"", ""coordinates"": [-78.89770264993905, 35.07604191852218]}";Black;Fayetteville;Sidewalk / Crosswalk / Driveway Crossing;2;14;Urban (>70% Developed);Male;Passenger Car;0;#NULL!;0;0;Black;No;0;50-59;Bicyclist Ride Through - Signalized Intersection;None;No;No;Dry;0;Urban;No;28FEB2007;0;14:01;Female;No;Commercial;C: Possible Injury;No;O: No Injury;6559;February;0;Straight - Level;Coastal;Facing Traffic;Stop And Go Signal;Wednesday;Intersection;55;0;Two-Way, Not Divided;5 lanes;0;#NULL!;#NULL!;Smooth Asphalt;#NULL!;No Special Feature;Bicyclist Failed to Yield - Signalized Intersection;Local Street;C: Possible Injury;Cumberland;19;Clear;#NULL!;0-5 mph;30 - 35  MPH;2007;Daylight;0-19
35.1973408778, -80.7925032247;"{""type"": ""Point"", ""coordinates"": [-80.79250322469342, 35.19734087777802]}";White;Charlotte;Travel Lane;2;17;Urban (>70% Developed);Female;Van;0;#NULL!;0;0;White;No;0;30-39;Motorist Drive Out - Commercial Driveway / Alley;None;No;No;Dry;0;Urban;No;09MAR2007;0;17:54;Female;No;Commercial;C: Possible Injury;No;O: No Injury;6575;March;0;Straight - Level;Piedmont;Facing Traffic;No Control Present;Friday;Non-Intersection;36;0;Two-Way, Divided, Positive Median Barrier;4 lanes;0;#NULL!;#NULL!;Smooth Asphalt;#NULL!;No Special Feature;Motorist Failed to Yield - Midblock;Local Street;C: Possible Injury;Mecklenburg;55;Clear;#NULL!;0-5 mph;30 - 35  MPH;2007;Daylight;50-59
35.3531669332, -80.1932930542;"{""type"": ""Point"", ""coordinates"": [-80.19329305421813, 35.353166933200505]}";White;Albemarle;Travel Lane;2;13;Urban (>70% Developed);Male;Passenger Car;0;#NULL!;0;0;White;No;0;6-10;Bicyclist Ride Through - Sign-Controlled Intersection;None;No;No;Dry;0;Urban;No;11MAR2007;0;13:55;Male;No;Residential;B: Evident Injury;Yes;O: No Injury;6578;March;0;Straight - Bottom;Piedmont;Unknown;Stop Sign;Sunday;Intersection;6;0;Two-Way, Not Divided;2 lanes;0;#NULL!;#NULL!;Coarse Asphalt;#NULL!;T-Intersection;Bicyclist Failed to Yield - Sign-Controlled Intersection;Local Street;B: Evident Injury;Stanly;55;Clear;#NULL!;26-30 mph;30 - 35  MPH;2007;Daylight;50-59
36.0649870919, -79.9700430265;"{""type"": ""Point"", ""coordinates"": [-79.97004302650639, 36.064987091871764]}";White;None - Rural Crash;Travel Lane;2;15;Rural (<30% Developed);Male;Single Unit Truck (2-Axle, 6-Tire);0;#NULL!;0;0;White;No;0;40-49;Motorist Drive Out - Commercial Driveway / Alley;None;No;No;Dry;0;Rural;No;14MAR2007;0;15:16;Male;No;Farms, Woods, Pastures;B: Evident Injury;Yes;O: No Injury;6585;March;0;Curve - Bottom;Piedmont;With Traffic;Double Yellow Line, No Passing Zone;Wednesday;Non-Intersection;44;0;Two-Way, Not Divided;2 lanes;0;#NULL!;#NULL!;Smooth Asphalt;#NULL!;Driveway, Public;Motorist Failed to Yield - Midblock;State Secondary Route;B: Evident Injury;Guilford;67;Clear;#NULL!;0-5 mph;40 - 45  MPH;2007;Daylight;60-69
35.8491570972, -78.5639725902;"{""type"": ""Point"", ""coordinates"": [-78.56397259017187, 35.84915709721814]}";Black;Raleigh;Non-Roadway;2;19;Urban (>70% Developed);Male;Passenger Car;0;#NULL!;0;0;White;No;0;6-10;Bicyclist Ride Out - Midblock - Unknown;None;No;No;Dry;0;Urban;No;14MAR2007;0;19:00;Male;No;Commercial;B: Evident Injury;Yes;O: No Injury;6587;March;0;Straight - Level;Piedmont;Not Applicable;No Control Present;Wednesday;Non-Intersection;10;0;Two-Way, Not Divided;2 lanes;0;#NULL!;#NULL!;Smooth Asphalt;#NULL!;No Special Feature;Bicyclist Failed to Yield - Midblock;Local Street;B: Evident Injury;Wake;56;Clear;#NULL!;21-25 mph;30 - 35  MPH;2007;Daylight;50-59
35.7669670722, -78.7740526489;"{""type"": ""Point"", ""coordinates"": [-78.77405264893386, 35.76696707224217]}";Hispanic;Cary;Sidewalk / Crosswalk / Driveway Crossing;2;11;Mixed (30% To 70% Developed);Male;Sport Utility;0;#NULL!;0;0;White;No;0;30-39;Motorist Drive Out - Sign-Controlled Intersection;None;No;No;Dry;0;Urban;No;07JUN2007;0;11:59;Female;No;Residential;C: Possible Injury;Yes;O: No Injury;6610;June;0;Straight - Hillcrest;Piedmont;Facing Traffic;Stop Sign;Thursday;Intersection;36;0;Two-Way, Not Divided;2 lanes;0;#NULL!;#NULL!;Smooth Asphalt;#NULL!;T-Intersection;Motorist Failed to Yield - Sign-Controlled Intersection;Local Street;C: Possible Injury;Wake;49;Clear;#NULL!;0-5 mph;20 - 25  MPH;2007;Daylight;40-49
35.2624728897, -80.8510232456;"{""type"": ""Point"", ""coordinates"": [-80.85102324564905, 35.26247288967481]}";Black;Charlotte;Sidewalk / Crosswalk / Driveway Crossing;2;16;Urban (>70% Developed);Male;Passenger Car;0;#NULL!;0;0;Black;No;0;40-49;Head-On - Bicyclist;None;No;No;Dry;0;Urban;No;08JUN2007;0;16:02;Female;No;Residential;B: Evident Injury;No;O: No Injury;6611;June;0;Straight - Level;Piedmont;Facing Traffic;No Control Present;Friday;Non-Intersection;49;0;Two-Way, Not Divided;2 lanes;0;#NULL!;#NULL!;Smooth Asphalt;#NULL!;No Special Feature;Head-On;Local Street;B: Evident Injury;Mecklenburg;67;Clear;#NULL!;21-25 mph;30 - 35  MPH;2007;Daylight;60-69