Geo Point;Geo Shape;BikeRace;City;BikePos;NumUnits;CrashHour;Locality;BikeSex;DrvrVehTyp;NumBikesNo;BikeAlcDrg;NumBikesBI;RteInvdCd;DrvrRace;Workzone;NumBikesCi;BikeAgeGrp;CrashType;RdDefects;CrashAlcoh;BikeAlcoho;RdConditio;DstncMiFrm;RuralUrban;HitRun;CrashDate;NumBikesUI;CrashTime;DrvrSex;DrvrAlcoho;Developmen;CrashSevr;AmbulanceR;DrvrInjury;OBJECTID;CrashMonth;NumBikesKi;RdCharacte;Region;BikeDir;TraffCntrl;CrashDay;CrashLoc;BikeAge;NumBikesTo;RdConfig;NumLanes;NumBikesAI;DrvrAlcDrg;OnRoad;RdSurface;Towrd_Rd;RdFeature;CrashGrp;RdClass;BikeInjury;County;DrvrAge;Weather;FrmRd;DrvrEstSpd;SpeedLimit;CrashYear;LightCond;DrvrAgeGrp
35.2607108773, -81.1749133427;"{""type"": ""Point"", ""coordinates"": [-81.17491334269174, 35.26071087732814]}";White;Gastonia;Travel Lane;2;18;Urban (>70% Developed);Male;Unknown;0;#NULL!;0;0;Unknown/Missing;No;0;11-15;Bicyclist Ride Through - Sign-Controlled Intersection;None;No;No;Dry;0;Urban;Yes;25MAR2007;0;18:26;Unknown;Missing;Residential;B: Evident Injury;Yes;Unknown Injury;6612;March;0;Straight - Level;Piedmont;Unknown;Stop Sign;Sunday;Intersection;15;0;Two-Way, Not Divided;2 lanes;0;#NULL!;#NULL!;Concrete;#NULL!;Four-Way Intersection;Bicyclist Failed to Yield - Sign-Controlled Intersection;Local Street;B: Evident Injury;Gaston;Unknown;Clear;#NULL!;31-35 mph;30 - 35  MPH;2007;Daylight;Unknown
35.4910500833, -76.7024020039;"{""type"": ""Point"", ""coordinates"": [-76.7024020039147, 35.491050083254116]}";White;None - Rural Crash;Travel Lane;2;18;Rural (<30% Developed);Female;Unknown;0;#NULL!;0;0;Unknown/Missing;No;0;11-15;Motorist Overtaking - Bicyclist Swerved;None;No;No;Dry;0;Rural;Yes;27MAR2007;0;18:40;Unknown;Missing;Farms, Woods, Pastures;B: Evident Injury;Yes;Unknown Injury;6619;March;0;Straight - Level;Coastal;With Traffic;No Control Present;Tuesday;Non-Intersection;14;0;Two-Way, Not Divided;2 lanes;0;#NULL!;#NULL!;Smooth Asphalt;#NULL!;No Special Feature;Motorist Overtaking Bicyclist;State Secondary Route;B: Evident Injury;Beaufort;Unknown;Clear;#NULL!;Unknown;50 - 55  MPH;2007;Dusk;Unknown
35.81968709, -78.5753825915;"{""type"": ""Point"", ""coordinates"": [-78.57538259154168, 35.819687089983134]}";Black;Raleigh;Unknown;2;15;Urban (>70% Developed);Male;Passenger Car;0;#NULL!;0;0;Black;No;0;11-15;Bicyclist Ride Out - Midblock - Unknown;None;No;No;Dry;0;Urban;No;24MAR2007;0;15:29;Male;No;Residential;C: Possible Injury;Yes;O: No Injury;6624;March;0;Curve - Level;Piedmont;Not Applicable;No Control Present;Saturday;Non-Intersection;13;0;Two-Way, Not Divided;2 lanes;0;#NULL!;#NULL!;Smooth Asphalt;#NULL!;No Special Feature;Bicyclist Failed to Yield - Midblock;Local Street;C: Possible Injury;Wake;67;Clear;#NULL!;31-35 mph;30 - 35  MPH;2007;Daylight;60-69
35.202830881, -80.7373932094;"{""type"": ""Point"", ""coordinates"": [-80.7373932093832, 35.202830881018485]}";White;Charlotte;Sidewalk / Crosswalk / Driveway Crossing;2;15;Urban (>70% Developed);Male;Passenger Car;0;#NULL!;0;0;Black;No;0;6-10;Motorist Drive Out - Commercial Driveway / Alley;None;No;No;Dry;0;Urban;No;03APR2007;0;15:17;Female;No;Residential;O: No Injury;No;O: No Injury;6646;April;0;Straight - Level;Piedmont;Facing Traffic;No Control Present;Tuesday;Non-Intersection;6;0;One-Way, Not Divided;1 lane;0;#NULL!;#NULL!;Smooth Asphalt;#NULL!;No Special Feature;Motorist Failed to Yield - Midblock;Public Vehicular Area;O: No Injury;Mecklenburg;61;Clear;#NULL!;0-5 mph;5 - 15 MPH;2007;Daylight;60-69
35.8034550393, -79.8916829883;"{""type"": ""Point"", ""coordinates"": [-79.89168298825116, 35.803455039282696]}";White;None - Rural Crash;Driveway / Alley;2;18;Urban (>70% Developed);Female;Sport Utility;0;#NULL!;0;0;White;No;0;6-10;Bicyclist Ride Out - Residential Driveway;None;No;No;Dry;0;Rural;No;04APR2007;0;18:30;Male;No;Residential;B: Evident Injury;No;O: No Injury;6649;April;0;Straight - Level;Piedmont;Not Applicable;Double Yellow Line, No Passing Zone;Wednesday;Non-Intersection;7;0;Two-Way, Not Divided;2 lanes;0;#NULL!;#NULL!;Smooth Asphalt;#NULL!;Driveway, Private;Bicyclist Failed to Yield - Midblock;State Secondary Route;B: Evident Injury;Randolph;17;Clear;#NULL!;26-30 mph;30 - 35  MPH;2007;Daylight;0-19
35.6866869949, -80.4278131431;"{""type"": ""Point"", ""coordinates"": [-80.42781314311668, 35.68668699493638]}";Black;East Spencer;Travel Lane;2;10;Urban (>70% Developed);Male;Passenger Car;0;#NULL!;0;0;Black;No;0;11-15;Bicyclist Ride Out - Sign-Controlled Intersection;None;No;No;Dry;0;Rural;No;04APR2007;0;10:35;Female;No;Residential;A: Disabling Injury;Yes;O: No Injury;6651;April;0;Straight - Hillcrest;Piedmont;With Traffic;Stop Sign;Wednesday;Intersection;11;0;Two-Way, Not Divided;2 lanes;0;#NULL!;#NULL!;Coarse Asphalt;#NULL!;No Special Feature;Bicyclist Failed to Yield - Sign-Controlled Intersection;Local Street;A: Disabling Injury;Rowan;24;Clear;#NULL!;26-30 mph;30 - 35  MPH;2007;Daylight;20-24
35.0535869145, -78.8876026464;"{""type"": ""Point"", ""coordinates"": [-78.88760264643716, 35.05358691453638]}";Black;Fayetteville;Sidewalk / Crosswalk / Driveway Crossing;2;17;Urban (>70% Developed);Male;Passenger Car;0;#NULL!;0;0;Black;No;0;40-49;Motorist Right Turn - Same Direction;None;No;No;Dry;0;Urban;No;28JUN2007;0;17:17;Female;No;Commercial;O: No Injury;Yes;O: No Injury;6658;June;0;Straight - Level;Coastal;With Traffic;Stop And Go Signal;Thursday;Intersection;41;0;Two-Way, Divided, Unprotected Median;5 lanes;0;#NULL!;#NULL!;Coarse Asphalt;#NULL!;Four-Way Intersection;Motorist Right Turn / Merge;Local Street;Unknown Injury;Cumberland;23;Clear;#NULL!;0-5 mph;30 - 35  MPH;2007;Daylight;20-24
35.1686068708, -80.8049032278;"{""type"": ""Point"", ""coordinates"": [-80.8049032277714, 35.16860687079816]}";White;Charlotte;Sidewalk / Crosswalk / Driveway Crossing;2;14;Urban (>70% Developed);Female;Passenger Car;0;#NULL!;0;0;White;No;0;20-24;Motorist Drive Out - Residential Driveway;None;No;No;Dry;0;Urban;No;07APR2007;0;14:19;Male;No;Residential;C: Possible Injury;No;O: No Injury;6659;April;0;Straight - Level;Piedmont;Facing Traffic;No Control Present;Saturday;Non-Intersection;23;0;Two-Way, Not Divided;Unknown;0;#NULL!;#NULL!;Concrete;#NULL!;Driveway, Public;Motorist Failed to Yield - Midblock;Public Vehicular Area;C: Possible Injury;Mecklenburg;70+;Clear;#NULL!;0-5 mph;Unknown;2007;Daylight;70+
35.2013728777, -80.8250132353;"{""type"": ""Point"", ""coordinates"": [-80.82501323526651, 35.20137287769925]}";White;Charlotte;Sidewalk / Crosswalk / Driveway Crossing;2;13;Urban (>70% Developed);Female;Passenger Car;0;#NULL!;0;0;White;No;0;20-24;Motorist Drive Out - Commercial Driveway / Alley;None;No;No;Dry;0;Urban;No;29JUN2007;0;13:40;Male;No;Commercial;B: Evident Injury;Yes;O: No Injury;6662;June;0;Straight - Level;Piedmont;Unknown;No Control Present;Friday;Non-Intersection;21;0;Two-Way, Not Divided;2 lanes;0;#NULL!;#NULL!;Concrete;#NULL!;No Special Feature;Motorist Failed to Yield - Midblock;Public Vehicular Area;B: Evident Injury;Mecklenburg;53;Clear;#NULL!;0-5 mph;5 - 15 MPH;2007;Daylight;50-59
35.2290868866, -80.7445132123;"{""type"": ""Point"", ""coordinates"": [-80.74451321230107, 35.2290868865954]}";Black;Charlotte;Sidewalk / Crosswalk / Driveway Crossing;2;13;Urban (>70% Developed);Male;Passenger Car;0;#NULL!;0;0;White;No;0;16-19;Motorist Drive Out - Sign-Controlled Intersection;None;No;No;Dry;0;Urban;No;03JUL2007;0;13:25;Female;No;Residential;B: Evident Injury;Yes;O: No Injury;6669;July;0;Straight - Level;Piedmont;Facing Traffic;Stop Sign;Tuesday;Intersection;16;0;Two-Way, Divided, Unprotected Median;2 lanes;0;#NULL!;#NULL!;Smooth Asphalt;#NULL!;T-Intersection;Motorist Failed to Yield - Sign-Controlled Intersection;Local Street;B: Evident Injury;Mecklenburg;29;Clear;#NULL!;0-5 mph;30 - 35  MPH;2007;Daylight;25-29
35.3829269974, -78.5506025609;"{""type"": ""Point"", ""coordinates"": [-78.5506025608579, 35.382926997431696]}";Hispanic;Benson;Travel Lane;2;9;Mixed (30% To 70% Developed);Male;Passenger Car;0;#NULL!;0;0;White;No;0;25-29;Bicyclist Ride Through - Sign-Controlled Intersection;None;No;No;Dry;0;Rural;No;01JUL2007;0;9:48;Female;No;Residential;B: Evident Injury;Yes;O: No Injury;6673;July;0;Straight - Level;Coastal;With Traffic;Stop Sign;Sunday;Intersection;25;0;Two-Way, Not Divided;2 lanes;0;#NULL!;#NULL!;Smooth Asphalt;#NULL!;Four-Way Intersection;Bicyclist Failed to Yield - Sign-Controlled Intersection;NC Route;B: Evident Injury;Johnston;52;Clear;#NULL!;31-35 mph;30 - 35  MPH;2007;Daylight;50-59
36.1591450671, -81.1545973869;"{""type"": ""Point"", ""coordinates"": [-81.15459738694904, 36.15914506705419]}";White;North Wilkesboro;Unknown;2;21;Urban (>70% Developed);Male;Passenger Car;0;#NULL!;0;0;White;No;0;30-39;Bicyclist Ride Out - Midblock - Unknown;None;Yes;Yes;Wet;0;Rural;No;14APR2007;0;21:30;Female;No;Commercial;C: Possible Injury;No;O: No Injury;6683;April;0;Straight - Level;Mountains;Unknown;No Control Present;Saturday;Non-Intersection;34;0;Two-Way, Not Divided;5 lanes;0;#NULL!;#NULL!;Smooth Asphalt;#NULL!;No Special Feature;Bicyclist Failed to Yield - Midblock;Local Street;C: Possible Injury;Wilkes;40;Rain;#NULL!;21-25 mph;30 - 35  MPH;2007;Dark - Lighted Roadway;40-49
35.5924768997, -82.4378537351;"{""type"": ""Point"", ""coordinates"": [-82.4378537351121, 35.59247689972195]}";White;None - Rural Crash;Travel Lane;2;22;Rural (<30% Developed);Male;Passenger Car;0;#NULL!;0;0;White;No;0;20-24;Motorist Overtaking - Other / Unknown;None;Yes;No;Dry;0;Rural;No;16APR2007;0;22:50;Female;Yes;Farms, Woods, Pastures;A: Disabling Injury;Yes;O: No Injury;6684;April;0;Straight - Grade;Mountains;With Traffic;No Control Present;Monday;Non-Intersection;20;0;Two-Way, Not Divided;5 lanes;0;#NULL!;#NULL!;Smooth Asphalt;#NULL!;No Special Feature;Motorist Overtaking Bicyclist;US Route;A: Disabling Injury;Buncombe;40;Clear;#NULL!;36-40 mph;50 - 55  MPH;2007;Dark - Roadway Not Lighted;40-49
34.9212138546, -79.7682929039;"{""type"": ""Point"", ""coordinates"": [-79.76829290393795, 34.92121385459684]}";White;None - Rural Crash;Travel Lane;2;15;Urban (>70% Developed);Male;Pickup;0;#NULL!;0;0;White;No;0;0-5;Backing Vehicle;None;No;No;Dry;0;Rural;No;16APR2007;0;15:30;Male;No;Residential;B: Evident Injury;Yes;O: No Injury;6685;April;0;Straight - Level;Piedmont;With Traffic;No Control Present;Monday;Non-Intersection;5;0;Two-Way, Not Divided;2 lanes;0;#NULL!;#NULL!;Coarse Asphalt;#NULL!;Driveway, Private;Backing Vehicle;State Secondary Route;B: Evident Injury;Richmond;41;Clear;#NULL!;0-5 mph;30 - 35  MPH;2007;Daylight;40-49
36.1011870893, -80.2612231157;"{""type"": ""Point"", ""coordinates"": [-80.26122311573049, 36.10118708932696]}";Black;Winston-Salem;Travel Lane;2;10;Urban (>70% Developed);Male;Passenger Car;0;#NULL!;0;0;White;No;0;25-29;Motorist Overtaking - Bicyclist Swerved;None;No;No;Dry;0;Urban;No;17APR2007;0;10:25;Male;No;Commercial;C: Possible Injury;Yes;O: No Injury;6688;April;0;Straight - Level;Piedmont;With Traffic;Stop Sign;Tuesday;Non-Intersection;29;0;Two-Way, Divided, Positive Median Barrier;2 lanes;0;#NULL!;#NULL!;Coarse Asphalt;#NULL!;No Special Feature;Motorist Overtaking Bicyclist;Local Street;C: Possible Injury;Forsyth;70+;Clear;#NULL!;16-20 mph;30 - 35  MPH;2007;Daylight;70+
35.1594918647, -80.9207732609;"{""type"": ""Point"", ""coordinates"": [-80.92077326089094, 35.15949186469448]}";Black;Charlotte;Sidewalk / Crosswalk / Driveway Crossing;2;21;Urban (>70% Developed);Male;Sport Utility;0;#NULL!;0;0;White;No;0;20-24;Motorist Right Turn - Same Direction;None;No;No;Dry;0;Urban;No;18APR2007;0;21:48;Female;No;Residential;B: Evident Injury;Yes;O: No Injury;6694;April;0;Straight - Level;Piedmont;With Traffic;Stop And Go Signal;Wednesday;Intersection;21;0;Two-Way, Not Divided;4 lanes;0;#NULL!;#NULL!;Smooth Asphalt;#NULL!;No Special Feature;Motorist Right Turn / Merge;Local Street;B: Evident Injury;Mecklenburg;40;Other;#NULL!;6-10 mph;40 - 45  MPH;2007;Dark - Lighted Roadway;40-49
35.7944439805, -81.4334034489;"{""type"": ""Point"", ""coordinates"": [-81.43340344889471, 35.79444398054998]}";White;Granite Falls;Travel Lane;2;17;Urban (>70% Developed);Male;Passenger Car;0;#NULL!;0;0;White;No;0;11-15;Bicyclist Ride Through - Sign-Controlled Intersection;None;No;No;Dry;0;Rural;No;22APR2007;0;17:31;Male;No;Residential;B: Evident Injury;Yes;O: No Injury;6704;April;0;Straight - Grade;Mountains;Facing Traffic;Stop Sign;Sunday;Intersection;13;0;Two-Way, Not Divided;1 lane;0;#NULL!;#NULL!;Smooth Asphalt;#NULL!;No Special Feature;Bicyclist Failed to Yield - Sign-Controlled Intersection;Local Street;B: Evident Injury;Caldwell;27;Clear;#NULL!;16-20 mph;30 - 35  MPH;2007;Daylight;25-29
35.4500870505, -77.4108372186;"{""type"": ""Point"", ""coordinates"": [-77.41083721858122, 35.45008705051602]}";White;None - Rural Crash;Travel Lane;2;17;Rural (<30% Developed);Male;Van;0;#NULL!;0;0;Black;No;0;11-15;Motorist Overtaking - Other / Unknown;None;No;No;Dry;0;Rural;No;24APR2007;0;17:27;Male;No;Farms, Woods, Pastures;B: Evident Injury;Yes;O: No Injury;6711;April;0;Straight - Level;Coastal;With Traffic;No Control Present;Tuesday;Non-Intersection;15;0;Two-Way, Not Divided;2 lanes;0;#NULL!;#NULL!;Coarse Asphalt;#NULL!;No Special Feature;Motorist Overtaking Bicyclist;State Secondary Route;B: Evident Injury;Pitt;41;Clear;#NULL!;31-35 mph;50 - 55  MPH;2007;Daylight;40-49
35.4112919435, -80.2330030696;"{""type"": ""Point"", ""coordinates"": [-80.23300306957348, 35.41129194352051]}";White;None - Rural Crash;Travel Lane;2;13;Mixed (30% To 70% Developed);Female;Passenger Car;0;#NULL!;0;0;White;No;0;50-59;Motorist Overtaking - Other / Unknown;None;No;No;Dry;0;Rural;No;26APR2007;0;13:33;Female;No;Institutional;B: Evident Injury;Yes;O: No Injury;6721;April;0;Straight - Grade;Piedmont;With Traffic;Double Yellow Line, No Passing Zone;Thursday;Non-Intersection;52;0;Two-Way, Not Divided;2 lanes;0;#NULL!;#NULL!;Smooth Asphalt;#NULL!;No Special Feature;Motorist Overtaking Bicyclist;State Secondary Route;B: Evident Injury;Stanly;70+;Clear;#NULL!;36-40 mph;50 - 55  MPH;2007;Daylight;70+
35.0980028574, -80.778623216;"{""type"": ""Point"", ""coordinates"": [-80.77862321604586, 35.09800285737717]}";Asian;Charlotte;Travel Lane;2;14;Urban (>70% Developed);Male;Unknown;0;#NULL!;0;0;Unknown/Missing;No;0;11-15;Motorist Overtaking - Misjudged Space;None;No;No;Dry;0;Urban;Yes;29APR2007;0;14:15;Unknown;Missing;Commercial;C: Possible Injury;Yes;Unknown Injury;6731;April;0;Straight - Level;Piedmont;With Traffic;No Control Present;Sunday;Non-Intersection;14;0;Two-Way, Not Divided;2 lanes;0;#NULL!;#NULL!;Smooth Asphalt;#NULL!;No Special Feature;Motorist Overtaking Bicyclist;Local Street;C: Possible Injury;Mecklenburg;Unknown;Clear;#NULL!;11-15 mph;5 - 15 MPH;2007;Daylight;Unknown
34.7655599013, -77.4092271851;"{""type"": ""Point"", ""coordinates"": [-77.40922718506813, 34.76555990134186]}";Black;Jacksonville;Non-Roadway;2;13;Urban (>70% Developed);Male;Passenger Car;0;#NULL!;0;0;White;No;0;40-49;Non-Roadway;None;No;No;Dry;0;Urban;Yes;30APR2007;0;13:00;Female;No;Commercial;B: Evident Injury;No;O: No Injury;6732;April;0;Straight - Level;Coastal;Unknown;No Control Present;Monday;Non-Roadway;46;0;Unknown;Unknown;0;#NULL!;#NULL!;Smooth Asphalt;#NULL!;Other;Non-Roadway;Public Vehicular Area;B: Evident Injury;Onslow;36;Clear;#NULL!;11-15 mph;40 - 45  MPH;2007;Daylight;30-39
35.702323021, -79.8219029621;"{""type"": ""Point"", ""coordinates"": [-79.82190296213767, 35.70232302099498]}";Black;Asheboro;Travel Lane;2;16;Mixed (30% To 70% Developed);Male;Passenger Car;0;#NULL!;0;0;White;No;0;11-15;Bicyclist Ride Through - Sign-Controlled Intersection;None;No;No;Dry;0;Urban;No;30APR2007;0;16:33;Female;No;Residential;C: Possible Injury;Yes;O: No Injury;6733;April;0;Straight - Grade;Piedmont;With Traffic;Stop Sign;Monday;Intersection;13;0;Two-Way, Not Divided;2 lanes;0;#NULL!;#NULL!;Smooth Asphalt;#NULL!;T-Intersection;Bicyclist Failed to Yield - Sign-Controlled Intersection;Local Street;C: Possible Injury;Randolph;43;Clear;#NULL!;16-20 mph;30 - 35  MPH;2007;Daylight;40-49
35.135443863, -80.8389932353;"{""type"": ""Point"", ""coordinates"": [-80.83899323534119, 35.13544386302591]}";White;Charlotte;Travel Lane;2;6;Urban (>70% Developed);Male;Passenger Car;0;#NULL!;0;0;Black;No;0;30-39;Motorist Left Turn - Opposite Direction;None;No;No;Dry;0;Urban;No;31JUL2007;0;6:16;Female;No;Residential;B: Evident Injury;Yes;O: No Injury;6748;July;0;Straight - Level;Piedmont;With Traffic;No Control Present;Tuesday;Intersection;39;0;Two-Way, Not Divided;4 lanes;0;#NULL!;#NULL!;Smooth Asphalt;#NULL!;No Special Feature;Motorist Left Turn / Merge;Local Street;B: Evident Injury;Mecklenburg;51;Cloudy;#NULL!;26-30 mph;30 - 35  MPH;2007;Dawn;50-59
34.2247307673, -77.8507482926;"{""type"": ""Point"", ""coordinates"": [-77.85074829256052, 34.22473076732734]}";White;Wilmington;Travel Lane;2;1;Mixed (30% To 70% Developed);Male;Unknown;0;#NULL!;0;0;Unknown/Missing;No;0;20-24;Motorist Overtaking - Undetected Bicyclist;None;No;No;Dry;0;Urban;Yes;09MAY2007;0;1:25;Unknown;Missing;Residential;B: Evident Injury;Yes;Unknown Injury;6758;May;0;Straight - Level;Coastal;With Traffic;No Control Present;Wednesday;Non-Intersection;23;0;Two-Way, Not Divided;2 lanes;0;#NULL!;#NULL!;Smooth Asphalt;#NULL!;No Special Feature;Motorist Overtaking Bicyclist;Public Vehicular Area;B: Evident Injury;New Hanover;Unknown;Cloudy;#NULL!;31-35 mph;30 - 35  MPH;2007;Dark - Lighted Roadway;Unknown
35.7765730788, -78.6366676083;"{""type"": ""Point"", ""coordinates"": [-78.63666760833392, 35.77657307881084]}";White;Raleigh;Travel Lane;2;9;Urban (>70% Developed);Male;Pickup;0;#NULL!;0;0;White;No;0;30-39;Motorist Overtaking - Other / Unknown;None;No;No;Dry;0;Urban;No;11MAY2007;0;9:08;Male;No;Commercial;C: Possible Injury;No;O: No Injury;6767;May;0;Straight - Level;Piedmont;With Traffic;Stop And Go Signal;Friday;Non-Intersection;32;0;One-Way, Not Divided;8 lanes;0;#NULL!;#NULL!;Smooth Asphalt;#NULL!;No Special Feature;Motorist Overtaking Bicyclist;Local Street;C: Possible Injury;Wake;27;Clear;#NULL!;0-5 mph;30 - 35  MPH;2007;Daylight;25-29
35.9394941044, -78.9066566988;"{""type"": ""Point"", ""coordinates"": [-78.9066566988046, 35.93949410440023]}";Black;Durham;Unknown;2;17;Urban (>70% Developed);Female;Passenger Car;0;#NULL!;0;0;Other;No;0;6-10;Bicyclist Failed to Clear - Multiple Threat;None;No;No;Dry;0;Urban;No;13AUG2007;0;17:24;Male;No;Residential;C: Possible Injury;Yes;O: No Injury;6773;August;0;Straight - Level;Piedmont;With Traffic;Stop And Go Signal;Monday;Intersection;8;0;Two-Way, Not Divided;3 lanes;0;#NULL!;#NULL!;Smooth Asphalt;#NULL!;Four-Way Intersection;Bicyclist Failed to Yield - Signalized Intersection;Local Street;C: Possible Injury;Durham;58;Clear;#NULL!;0-5 mph;40 - 45  MPH;2007;Daylight;50-59
36.0525390951, -79.8123929785;"{""type"": ""Point"", ""coordinates"": [-79.81239297854684, 36.052539095078025]}";White;Greensboro;Travel Lane;2;12;Urban (>70% Developed);Male;Passenger Car;0;#NULL!;0;0;Black;No;0;50-59;Unknown Approach Paths;None;No;No;Dry;0;Urban;No;14MAY2007;0;12:00;Male;No;Residential;C: Possible Injury;No;O: No Injury;6775;May;0;Straight - Level;Piedmont;Unknown;Stop Sign;Monday;Intersection;54;0;Two-Way, Not Divided;2 lanes;0;#NULL!;#NULL!;Concrete;#NULL!;Four-Way Intersection;Other / Unknown - Insufficient Details;Local Street;C: Possible Injury;Guilford;27;Clear;#NULL!;6-10 mph;30 - 35  MPH;2007;Daylight;25-29
34.722040914, -76.70975197;"{""type"": ""Point"", ""coordinates"": [-76.70975196995921, 34.722040914043276]}";Black;Morehead City;Driveway / Alley;2;17;Urban (>70% Developed);Male;Pickup;0;#NULL!;0;0;White;No;0;6-10;Bicyclist Ride Out - Commercial Driveway / Alley;None;No;No;Dry;0;Urban;No;15MAY2007;0;17:04;Male;No;Residential;B: Evident Injury;Yes;O: No Injury;6778;May;0;Straight - Level;Coastal;Not Applicable;No Control Present;Tuesday;Non-Intersection;10;0;Two-Way, Not Divided;2 lanes;0;#NULL!;#NULL!;Smooth Asphalt;#NULL!;No Special Feature;Bicyclist Failed to Yield - Midblock;Local Street;B: Evident Injury;Carteret;28;Clear;#NULL!;21-25 mph;20 - 25  MPH;2007;Daylight;25-29
35.2311398844, -80.8080532317;"{""type"": ""Point"", ""coordinates"": [-80.80805323170986, 35.23113988435534]}";White;Charlotte;Travel Lane;2;23;Urban (>70% Developed);Male;Van;0;#NULL!;0;0;White;No;0;30-39;Motorist Left Turn - Opposite Direction;None;Yes;No;Dry;0;Urban;Yes;15MAY2007;0;23:13;Male;Yes;Residential;B: Evident Injury;No;O: No Injury;6782;May;0;Straight - Level;Piedmont;With Traffic;No Control Present;Tuesday;Intersection;34;0;Two-Way, Not Divided;3 lanes;0;#NULL!;#NULL!;Smooth Asphalt;#NULL!;No Special Feature;Motorist Left Turn / Merge;Local Street;B: Evident Injury;Mecklenburg;34;Clear;#NULL!;16-20 mph;20 - 25  MPH;2007;Dark - Lighted Roadway;30-39
35.9919671172, -78.8657626893;"{""type"": ""Point"", ""coordinates"": [-78.86576268928474, 35.99196711720748]}";Black;Durham;Travel Lane;2;19;Urban (>70% Developed);Male;Sport Utility;0;#NULL!;0;0;Unknown/Missing;No;0;50-59;Bicyclist Ride Through - Signalized Intersection;None;No;No;Dry;0;Urban;Yes;17AUG2007;0;19:30;Unknown;Missing;Commercial;C: Possible Injury;Yes;Unknown Injury;6788;August;0;Straight - Level;Piedmont;Facing Traffic;Stop And Go Signal;Friday;Intersection;55;0;Two-Way, Not Divided;2 lanes;0;#NULL!;#NULL!;Smooth Asphalt;#NULL!;Four-Way Intersection;Bicyclist Failed to Yield - Signalized Intersection;Local Street;C: Possible Injury;Durham;Unknown;Clear;#NULL!;11-15 mph;30 - 35  MPH;2007;Dusk;Unknown
35.7745319913, -81.0242193261;"{""type"": ""Point"", ""coordinates"": [-81.02421932608449, 35.774531991320124]}";White;None - Rural Crash;Travel Lane;2;7;Rural (<30% Developed);Male;Pickup;0;#NULL!;0;0;White;No;0;50-59;Motorist Overtaking - Undetected Bicyclist;None;No;No;Dry;0;Rural;No;21MAY2007;0;7:05;Male;No;Farms, Woods, Pastures;B: Evident Injury;Yes;O: No Injury;6794;May;0;Straight - Grade;Piedmont;With Traffic;No Control Present;Monday;Non-Intersection;51;0;Two-Way, Not Divided;2 lanes;0;#NULL!;#NULL!;Coarse Asphalt;#NULL!;No Special Feature;Motorist Overtaking Bicyclist;State Secondary Route;B: Evident Injury;Iredell;32;Clear;#NULL!;41-45 mph;50 - 55  MPH;2007;Daylight;30-39
36.1654372604, -75.7530517466;"{""type"": ""Point"", ""coordinates"": [-75.75305174664504, 36.16543726037138]}";White;Duck;Bike Lane / Paved Shoulder;3;16;Urban (>70% Developed);Male;Van;0;#NULL!;0;0;White;No;0;40-49;Motorist Left Turn - Opposite Direction;None;No;No;Dry;0;Rural;No;06APR2007;0;16:30;Male;No;Commercial;O: No Injury;Yes;O: No Injury;6796;April;0;Straight - Level;Coastal;With Traffic;No Control Present;Friday;Non-Intersection;45;0;Two-Way, Divided, Unprotected Median;3 lanes;0;#NULL!;#NULL!;Smooth Asphalt;#NULL!;No Special Feature;Motorist Left Turn / Merge;NC Route;O: No Injury;Dare;49;Clear;#NULL!;16-20 mph;20 - 25  MPH;2007;Daylight;40-49
34.0874667351, -77.8962522999;"{""type"": ""Point"", ""coordinates"": [-77.89625229989097, 34.087466735050484]}";White;None - Rural Crash;Travel Lane;2;19;Urban (>70% Developed);Male;Passenger Car;0;#NULL!;0;0;White;No;0;50-59;Motorist Overtaking - Misjudged Space;None;No;No;Dry;0;Rural;No;22MAY2007;0;19:10;Female;No;Residential;C: Possible Injury;Yes;O: No Injury;6803;May;0;Straight - Level;Coastal;With Traffic;No Control Present;Tuesday;Non-Intersection;54;0;Two-Way, Divided, Unprotected Median;4 lanes;0;#NULL!;#NULL!;Smooth Asphalt;#NULL!;No Special Feature;Motorist Overtaking Bicyclist;US Route;C: Possible Injury;New Hanover;51;Clear;#NULL!;51-55 mph;50 - 55  MPH;2007;Daylight;50-59
35.873195098, -78.6916126302;"{""type"": ""Point"", ""coordinates"": [-78.69161263021203, 35.87319509799884]}";Black;Raleigh;Sidewalk / Crosswalk / Driveway Crossing;2;15;Mixed (30% To 70% Developed);Male;Passenger Car;0;#NULL!;0;0;White;No;0;16-19;Bicyclist Ride Out - Signalized  Intersection;None;No;No;Dry;0;Urban;No;23MAY2007;0;15:36;Male;No;Residential;B: Evident Injury;No;O: No Injury;6808;May;0;Straight - Level;Piedmont;With Traffic;Stop And Go Signal;Wednesday;Intersection;16;0;Two-Way, Not Divided;4 lanes;0;#NULL!;#NULL!;Smooth Asphalt;#NULL!;No Special Feature;Bicyclist Failed to Yield - Signalized Intersection;Local Street;B: Evident Injury;Wake;28;Clear;#NULL!;0-5 mph;40 - 45  MPH;2007;Daylight;25-29
34.7824699058, -77.3859621778;"{""type"": ""Point"", ""coordinates"": [-77.38596217781198, 34.78246990584744]}";Black;Jacksonville;Non-Roadway;2;14;Urban (>70% Developed);Male;Pickup;0;#NULL!;0;0;White;No;0;16-19;Non-Roadway;None;No;No;Dry;0;Urban;No;24MAY2007;0;14:31;Male;No;Commercial;C: Possible Injury;Yes;O: No Injury;6813;May;0;Straight - Level;Coastal;Unknown;No Control Present;Thursday;Non-Roadway;17;0;Two-Way, Not Divided;Unknown;0;#NULL!;#NULL!;Concrete;#NULL!;No Special Feature;Non-Roadway;Public Vehicular Area;C: Possible Injury;Onslow;38;Clear;#NULL!;0-5 mph;Unknown;2007;Daylight;30-39