Geo Point;Geo Shape;BikeRace;City;BikePos;NumUnits;CrashHour;Locality;BikeSex;DrvrVehTyp;NumBikesNo;BikeAlcDrg;NumBikesBI;RteInvdCd;DrvrRace;Workzone;NumBikesCi;BikeAgeGrp;CrashType;RdDefects;CrashAlcoh;BikeAlcoho;RdConditio;DstncMiFrm;RuralUrban;HitRun;CrashDate;NumBikesUI;CrashTime;DrvrSex;DrvrAlcoho;Developmen;CrashSevr;AmbulanceR;DrvrInjury;OBJECTID;CrashMonth;NumBikesKi;RdCharacte;Region;BikeDir;TraffCntrl;CrashDay;CrashLoc;BikeAge;NumBikesTo;RdConfig;NumLanes;NumBikesAI;DrvrAlcDrg;OnRoad;RdSurface;Towrd_Rd;RdFeature;CrashGrp;RdClass;BikeInjury;County;DrvrAge;Weather;FrmRd;DrvrEstSpd;SpeedLimit;CrashYear;LightCond;DrvrAgeGrp
35.5800318926, -82.559793771;"{""type"": ""Point"", ""coordinates"": [-82.55979377097785, 35.58003189255546]}";Black;Asheville;Travel Lane;2;15;Urban (>70% Developed);Male;Passenger Car;0;#NULL!;0;0;Other;No;0;11-15;Motorist Left Turn - Same Direction;None;No;No;Dry;0;Urban;No;24MAY2007;0;15:47;Female;No;Residential;B: Evident Injury;Yes;O: No Injury;6818;May;0;Straight - Grade;Mountains;Facing Traffic;Stop Sign;Thursday;Intersection;12;0;Two-Way, Not Divided;2 lanes;0;#NULL!;#NULL!;Smooth Asphalt;#NULL!;T-Intersection;Motorist Left Turn / Merge;Local Street;B: Evident Injury;Buncombe;16;Clear;#NULL!;11-15 mph;30 - 35  MPH;2007;Daylight;0-19
35.9581410685, -79.9948930284;"{""type"": ""Point"", ""coordinates"": [-79.99489302843922, 35.95814106846437]}";Black;High Point;Travel Lane;2;19;Mixed (30% To 70% Developed);Male;Passenger Car;0;#NULL!;0;0;Black;No;0;6-10;Bicyclist Ride Through - Sign-Controlled Intersection;None;No;No;Dry;0;Urban;No;29APR2007;0;19:39;Female;No;Residential;B: Evident Injury;Yes;O: No Injury;6823;April;0;Straight - Hillcrest;Piedmont;Unknown;Stop Sign;Sunday;Intersection;8;0;Two-Way, Not Divided;2 lanes;0;#NULL!;#NULL!;Coarse Asphalt;#NULL!;No Special Feature;Bicyclist Failed to Yield - Sign-Controlled Intersection;Local Street;B: Evident Injury;Guilford;55;Clear;#NULL!;21-25 mph;20 - 25  MPH;2007;Daylight;50-59
36.3068192754, -76.2415869036;"{""type"": ""Point"", ""coordinates"": [-76.24158690363635, 36.30681927538588]}";Black;None - Rural Crash;Travel Lane;2;6;Rural (<30% Developed);Male;Passenger Car;0;#NULL!;0;0;Black;No;0;40-49;Bicyclist Right Turn - Same Direction;None;Yes;Yes;Dry;0;Rural;No;26MAY2007;0;6:45;Male;No;Residential;A: Disabling Injury;Yes;O: No Injury;6824;May;0;Straight - Level;Coastal;Facing Traffic;Double Yellow Line, No Passing Zone;Saturday;Non-Intersection;42;0;Two-Way, Not Divided;2 lanes;0;#NULL!;#NULL!;Smooth Asphalt;#NULL!;No Special Feature;Bicyclist Right Turn / Merge;State Secondary Route;A: Disabling Injury;Pasquotank;19;Clear;#NULL!;41-45 mph;40 - 45  MPH;2007;Daylight;0-19
34.6633218903, -77.0419720676;"{""type"": ""Point"", ""coordinates"": [-77.04197206760895, 34.66332189034191]}";White;Emerald Isle;Sidewalk / Crosswalk / Driveway Crossing;2;21;Urban (>70% Developed);Male;Pickup;0;#NULL!;0;0;White;No;0;11-15;Crossing Paths - Intersection - Other / Unknown;None;No;No;Dry;0;Rural;No;27MAY2007;0;21:56;Male;No;Commercial;B: Evident Injury;No;O: No Injury;6826;May;0;Straight - Level;Coastal;Facing Traffic;No Control Present;Sunday;Intersection;14;0;Two-Way, Not Divided;3 lanes;0;#NULL!;#NULL!;Smooth Asphalt;#NULL!;Driveway, Public;Crossing Paths - Other Circumstances;NC Route;B: Evident Injury;Carteret;47;Clear;#NULL!;26-30 mph;40 - 45  MPH;2007;Dark - Lighted Roadway;40-49
35.2282398842, -80.8051332308;"{""type"": ""Point"", ""coordinates"": [-80.80513323083274, 35.22823988421987]}";White;Charlotte;Travel Lane;2;9;Urban (>70% Developed);Male;Sport Utility;0;#NULL!;0;0;White;No;0;50-59;Sign-Controlled Intersection - Other / Unknown;None;No;No;Dry;0;Urban;No;28MAY2007;0;9:02;Female;No;Residential;B: Evident Injury;No;O: No Injury;6829;May;0;Straight - Level;Piedmont;Unknown;Stop Sign;Monday;Intersection;59;0;Two-Way, Not Divided;2 lanes;0;#NULL!;#NULL!;Smooth Asphalt;#NULL!;No Special Feature;Crossing Paths - Other Circumstances;Public Vehicular Area;B: Evident Injury;Mecklenburg;39;Clear;#NULL!;6-10 mph;20 - 25  MPH;2007;Daylight;30-39
34.2315967679, -77.8796323022;"{""type"": ""Point"", ""coordinates"": [-77.87963230218459, 34.23159676787653]}";White;Wilmington;Travel Lane;2;14;Urban (>70% Developed);Female;Passenger Car;0;#NULL!;0;0;White;No;0;20-24;Bicyclist Ride Through - Signalized Intersection;None;No;No;Dry;0;Urban;No;29MAY2007;0;14:43;Female;No;Residential;C: Possible Injury;No;O: No Injury;6832;May;0;Straight - Level;Coastal;Facing Traffic;Stop And Go Signal;Tuesday;Intersection;23;0;Two-Way, Not Divided;3 lanes;0;#NULL!;#NULL!;Smooth Asphalt;#NULL!;Driveway, Public;Bicyclist Failed to Yield - Signalized Intersection;Local Street;C: Possible Injury;New Hanover;67;Clear;#NULL!;6-10 mph;30 - 35  MPH;2007;Daylight;60-69
35.9160570939, -79.0480067397;"{""type"": ""Point"", ""coordinates"": [-79.04800673969233, 35.91605709392362]}";Unknown/Missing;Chapel Hill;Travel Lane;2;23;Urban (>70% Developed);Male;Sport Utility;0;#NULL!;0;0;Black;No;0;20-24;Motorist Drive Out - Sign-Controlled Intersection;None;Yes;Yes;Dry;0;Urban;No;31MAY2007;0;23:09;Male;No;Residential;C: Possible Injury;No;O: No Injury;6838;May;0;Straight - Level;Piedmont;With Traffic;Stop Sign;Thursday;Intersection;22;0;Two-Way, Not Divided;4 lanes;0;#NULL!;#NULL!;Smooth Asphalt;#NULL!;No Special Feature;Motorist Failed to Yield - Sign-Controlled Intersection;Local Street;C: Possible Injury;Orange;48;Clear;#NULL!;6-10 mph;20 - 25  MPH;2007;Dark - Roadway Not Lighted;40-49
35.2954209026, -80.6942782017;"{""type"": ""Point"", ""coordinates"": [-80.69427820168929, 35.295420902646455]}";Black;Charlotte;Sidewalk / Crosswalk / Driveway Crossing;2;17;Urban (>70% Developed);Female;Passenger Car;0;#NULL!;0;0;Black;No;0;6-10;Backing Vehicle;None;No;No;Dry;0;Urban;No;03SEP2007;0;17:22;Female;No;Residential;O: No Injury;No;O: No Injury;6841;September;0;Straight - Level;Piedmont;With Traffic;No Control Present;Monday;Non-Intersection;10;0;Two-Way, Not Divided;2 lanes;0;#NULL!;#NULL!;Smooth Asphalt;#NULL!;Driveway, Private;Backing Vehicle;Local Street;O: No Injury;Mecklenburg;34;Clear;#NULL!;0-5 mph;20 - 25  MPH;2007;Daylight;30-39
34.8486548482, -79.5209128262;"{""type"": ""Point"", ""coordinates"": [-79.52091282620994, 34.84865484821952]}";Native American;None - Rural Crash;Other;2;18;Rural (<30% Developed);Male;Passenger Car;0;#NULL!;0;0;White;No;0;11-15;Bicyclist Left Turn - Same Direction;None;No;No;Dry;0;Rural;No;04JUN2007;0;18:36;Female;No;Farms, Woods, Pastures;C: Possible Injury;No;O: No Injury;6851;June;0;Straight - Level;Coastal;With Traffic;No Control Present;Monday;Non-Intersection;14;0;Two-Way, Not Divided;2 lanes;0;#NULL!;#NULL!;Smooth Asphalt;#NULL!;No Special Feature;Bicyclist Left Turn / Merge;State Secondary Route;C: Possible Injury;Scotland;26;Clear;#NULL!;41-45 mph;50 - 55  MPH;2007;Daylight;25-29
35.7379909713, -81.3519834219;"{""type"": ""Point"", ""coordinates"": [-81.3519834218866, 35.73799097130394]}";White;Hickory;Travel Lane;2;20;Urban (>70% Developed);Male;Passenger Car;0;#NULL!;0;0;White;No;0;6-10;Bicyclist Ride Through - Sign-Controlled Intersection;None;No;No;Dry;0;Urban;No;05JUN2007;0;20:03;Female;No;Residential;B: Evident Injury;No;O: No Injury;6854;June;0;Straight - Level;Piedmont;With Traffic;Stop Sign;Tuesday;Intersection;7;0;Two-Way, Not Divided;2 lanes;0;#NULL!;#NULL!;Smooth Asphalt;#NULL!;Four-Way Intersection;Bicyclist Failed to Yield - Sign-Controlled Intersection;Local Street;B: Evident Injury;Catawba;70+;Clear;#NULL!;21-25 mph;20 - 25  MPH;2007;Daylight;70+
35.5116988882, -82.2814596848;"{""type"": ""Point"", ""coordinates"": [-82.28145968482231, 35.511698888207874]}";White;None - Rural Crash;Driveway / Alley;2;22;Rural (<30% Developed);Male;Pickup;0;#NULL!;0;0;White;No;0;11-15;Bicyclist Ride Out - Residential Driveway;None;No;No;Dry;0;Rural;No;10JUN2007;0;22:55;Male;No;Farms, Woods, Pastures;B: Evident Injury;Yes;O: No Injury;6870;June;0;Curve - Grade;Mountains;Not Applicable;Double Yellow Line, No Passing Zone;Sunday;Non-Intersection;11;0;Two-Way, Not Divided;2 lanes;0;#NULL!;#NULL!;Smooth Asphalt;#NULL!;Driveway, Private;Bicyclist Failed to Yield - Midblock;State Secondary Route;B: Evident Injury;Buncombe;32;Clear;#NULL!;26-30 mph;50 - 55  MPH;2007;Dusk;30-39
35.1398188636, -80.8429632368;"{""type"": ""Point"", ""coordinates"": [-80.84296323681943, 35.139818863643]}";White;Charlotte;Travel Lane;2;10;Urban (>70% Developed);Male;Sport Utility;0;#NULL!;0;0;White;No;0;25-29;Bicyclist Left Turn - Same Direction;None;No;No;Dry;0;Urban;No;16SEP2007;0;10:21;Male;No;Residential;B: Evident Injury;Yes;O: No Injury;6872;September;0;Straight - Level;Piedmont;With Traffic;Stop Sign;Sunday;Intersection;28;0;Two-Way, Not Divided;2 lanes;0;#NULL!;#NULL!;Smooth Asphalt;#NULL!;T-Intersection;Bicyclist Left Turn / Merge;Local Street;B: Evident Injury;Mecklenburg;35;Clear;#NULL!;0-5 mph;20 - 25  MPH;2007;Daylight;30-39
35.9526970676, -79.9896630263;"{""type"": ""Point"", ""coordinates"": [-79.9896630263459, 35.95269706757656]}";Black;High Point;Travel Lane;2;15;Urban (>70% Developed);Male;Pickup;0;#NULL!;0;0;Black;No;0;25-29;Bicyclist Ride Through - Sign-Controlled Intersection;None;No;No;Dry;0;Urban;No;10JUN2007;0;15:51;Female;No;Residential;B: Evident Injury;Yes;Unknown Injury;6874;June;0;Straight - Grade;Piedmont;Unknown;Stop Sign;Sunday;Intersection;29;0;Two-Way, Not Divided;2 lanes;0;#NULL!;#NULL!;Smooth Asphalt;#NULL!;Four-Way Intersection;Bicyclist Failed to Yield - Sign-Controlled Intersection;Local Street;B: Evident Injury;Guilford;53;Clear;#NULL!;31-35 mph;30 - 35  MPH;2007;Daylight;50-59
36.0155441821, -77.1386661644;"{""type"": ""Point"", ""coordinates"": [-77.13866616442802, 36.015544182086984]}";Black;None - Rural Crash;Driveway / Alley;2;16;Rural (<30% Developed);Male;Passenger Car;0;#NULL!;0;0;Black;No;0;6-10;Bicyclist Ride Out - Residential Driveway;None;No;No;Dry;0;Rural;No;13JUN2007;0;16:13;Male;No;Farms, Woods, Pastures;C: Possible Injury;No;O: No Injury;6884;June;0;Straight - Level;Coastal;Not Applicable;Double Yellow Line, No Passing Zone;Wednesday;Non-Intersection;6;0;Two-Way, Not Divided;2 lanes;0;#NULL!;#NULL!;Coarse Asphalt;#NULL!;Driveway, Private;Bicyclist Failed to Yield - Midblock;State Secondary Route;C: Possible Injury;Bertie;70+;Clear;#NULL!;31-35 mph;50 - 55  MPH;2007;Daylight;70+
35.9630771464, -77.8497023789;"{""type"": ""Point"", ""coordinates"": [-77.84970237889739, 35.96307714643324]}";White;Rocky Mount;Non-Roadway;2;15;Urban (>70% Developed);Male;Passenger Car;0;#NULL!;0;0;White;No;0;11-15;Non-Roadway;None;No;No;Dry;0;Urban;No;14JUN2007;0;15:55;Male;No;Commercial;C: Possible Injury;No;O: No Injury;6889;June;0;Straight - Level;Coastal;Unknown;No Control Present;Thursday;Non-Roadway;13;0;Two-Way, Not Divided;Unknown;0;#NULL!;#NULL!;Smooth Asphalt;#NULL!;No Special Feature;Non-Roadway;Public Vehicular Area;C: Possible Injury;Nash;70+;Clear;#NULL!;0-5 mph;30 - 35  MPH;2007;Daylight;70+
35.2006568769, -80.8430282409;"{""type"": ""Point"", ""coordinates"": [-80.84302824090915, 35.20065687692039]}";White;Charlotte;Bike Lane / Paved Shoulder;2;13;Urban (>70% Developed);Male;Passenger Car;0;#NULL!;0;0;White;No;0;20-24;Motorist Right Turn - Same Direction;None;No;No;Dry;0;Urban;No;18SEP2007;0;13:18;Female;No;Commercial;B: Evident Injury;Yes;O: No Injury;6890;September;0;Straight - Level;Piedmont;With Traffic;No Control Present;Tuesday;Intersection;22;0;Two-Way, Divided, Unprotected Median;4 lanes;0;#NULL!;#NULL!;Smooth Asphalt;#NULL!;No Special Feature;Motorist Right Turn / Merge;Local Street;B: Evident Injury;Mecklenburg;22;Clear;#NULL!;6-10 mph;30 - 35  MPH;2007;Daylight;20-24
35.7306319945, -80.6957832262;"{""type"": ""Point"", ""coordinates"": [-80.69578322615483, 35.73063199446551]}";White;Cleveland;Non-Roadway;2;8;Urban (>70% Developed);Male;Tractor/Semi-Trailer;0;#NULL!;0;0;White;No;0;6-10;Bicyclist Ride Out - Commercial Driveway / Alley;None;No;No;Dry;0;Rural;No;04SEP2007;0;8:45;Male;No;Commercial;C: Possible Injury;No;O: No Injury;6892;September;0;Straight - Level;Piedmont;Not Applicable;No Control Present;Tuesday;Non-Intersection;6;0;Two-Way, Not Divided;2 lanes;0;#NULL!;#NULL!;Grooved Concrete;#NULL!;Driveway, Public;Bicyclist Failed to Yield - Midblock;US Route;C: Possible Injury;Rowan;65;Clear;#NULL!;21-25 mph;50 - 55  MPH;2007;Daylight;60-69
35.7250470929, -77.9101723848;"{""type"": ""Point"", ""coordinates"": [-77.91017238484811, 35.725047092897086]}";Black;Wilson;Unknown;2;14;Mixed (30% To 70% Developed);Male;Passenger Car;0;#NULL!;0;0;Hispanic;No;0;16-19;Bicyclist Ride Through - Signalized Intersection;None;No;No;Dry;0;Urban;No;15JUN2007;0;14:40;Male;No;Commercial;C: Possible Injury;Yes;O: No Injury;6895;June;0;Straight - Level;Coastal;Facing Traffic;Stop And Go Signal;Friday;Intersection;16;0;Two-Way, Not Divided;2 lanes;0;#NULL!;#NULL!;Smooth Asphalt;#NULL!;Four-Way Intersection;Bicyclist Failed to Yield - Signalized Intersection;Local Street;C: Possible Injury;Wilson;18;Clear;#NULL!;31-35 mph;30 - 35  MPH;2007;Daylight;0-19
35.1071770227, -75.9726417625;"{""type"": ""Point"", ""coordinates"": [-75.97264176251586, 35.10717702272562]}";White;None - Rural Crash;Bike Lane / Paved Shoulder;2;13;Urban (>70% Developed);Female;Pickup;0;#NULL!;0;0;White;No;0;70+;Motorist Drive Out - Commercial Driveway / Alley;None;No;No;Sand, Mud, Dirt, Gravel;0;Rural;No;18JUN2007;0;13:57;Male;No;Commercial;B: Evident Injury;Yes;O: No Injury;6900;June;0;Straight - Level;Coastal;Facing Traffic;Double Yellow Line, No Passing Zone;Monday;Non-Intersection;70+;0;Two-Way, Not Divided;2 lanes;0;#NULL!;#NULL!;Gravel;#NULL!;Driveway, Public;Motorist Failed to Yield - Midblock;NC Route;B: Evident Injury;Hyde;29;Clear;#NULL!;0-5 mph;5 - 15 MPH;2007;Daylight;25-29
35.955989146, -77.8226523697;"{""type"": ""Point"", ""coordinates"": [-77.8226523697068, 35.95598914595969]}";Black;Rocky Mount;Travel Lane;2;9;Urban (>70% Developed);Male;Passenger Car;0;#NULL!;0;0;Black;No;0;40-49;Bicyclist Ride Through - Signalized Intersection;None;No;No;Dry;0;Urban;No;18JUN2007;0;9:29;Female;No;Commercial;C: Possible Injury;Yes;O: No Injury;6902;June;0;Straight - Grade;Coastal;Facing Traffic;Stop And Go Signal;Monday;Intersection;42;0;Two-Way, Divided, Unprotected Median;4 lanes;0;#NULL!;#NULL!;Smooth Asphalt;#NULL!;Four-Way Intersection;Bicyclist Failed to Yield - Signalized Intersection;Local Street;C: Possible Injury;Nash;54;Clear;#NULL!;11-15 mph;30 - 35  MPH;2007;Daylight;50-59
36.0127710824, -79.9478630164;"{""type"": ""Point"", ""coordinates"": [-79.9478630164222, 36.01277108237209]}";White;Jamestown;Travel Lane;2;18;Rural (<30% Developed);Female;Passenger Car;0;#NULL!;0;0;White;No;0;20-24;Bicyclist Left Turn - Same Direction;None;No;No;Dry;0;Rural;No;21JUN2007;0;18:48;Female;No;Farms, Woods, Pastures;B: Evident Injury;No;O: No Injury;6904;June;0;Straight - Grade;Piedmont;With Traffic;Double Yellow Line, No Passing Zone;Thursday;Non-Intersection;22;0;Two-Way, Not Divided;2 lanes;0;#NULL!;#NULL!;Smooth Asphalt;#NULL!;Shared-Use Paths Or Trails;Bicyclist Left Turn / Merge;State Secondary Route;B: Evident Injury;Guilford;39;Clear;#NULL!;36-40 mph;40 - 45  MPH;2007;Daylight;30-39
36.4680272609, -77.6518923449;"{""type"": ""Point"", ""coordinates"": [-77.65189234485088, 36.4680272609354]}";Black;Roanoke Rapids;Driveway / Alley;2;19;Urban (>70% Developed);Female;Passenger Car;0;#NULL!;0;0;Black;No;0;6-10;Bicyclist Ride Out - Commercial Driveway / Alley;None;No;No;Dry;0;Urban;No;21JUN2007;0;19:31;Male;No;Commercial;B: Evident Injury;Yes;O: No Injury;6905;June;0;Straight - Level;Coastal;Not Applicable;No Control Present;Thursday;Non-Intersection;7;0;Two-Way, Not Divided;2 lanes;0;#NULL!;#NULL!;Concrete;#NULL!;Alley Intersection;Bicyclist Failed to Yield - Midblock;Local Street;B: Evident Injury;Halifax;28;Clear;#NULL!;16-20 mph;20 - 25  MPH;2007;Daylight;25-29
36.2941201929, -78.5467226086;"{""type"": ""Point"", ""coordinates"": [-78.54672260857318, 36.294120192876456]}";Black;None - Rural Crash;Travel Lane;2;22;Mixed (30% To 70% Developed);Male;Unknown;0;#NULL!;0;0;Unknown/Missing;No;0;40-49;Motorist Overtaking - Undetected Bicyclist;None;No;No;Wet;0;Rural;Yes;15APR2007;0;22:04;Unknown;Missing;Residential;K: Killed;Yes;Unknown Injury;6909;April;0;Straight - Level;Piedmont;With Traffic;No Control Present;Sunday;Non-Intersection;45;0;Two-Way, Not Divided;2 lanes;0;#NULL!;#NULL!;Smooth Asphalt;#NULL!;No Special Feature;Motorist Overtaking Bicyclist;Local Street;K: Killed;Granville;Unknown;Rain;#NULL!;21-25 mph;20 - 25  MPH;2007;Dark - Roadway Not Lighted;Unknown
35.7776750802, -78.6141386009;"{""type"": ""Point"", ""coordinates"": [-78.6141386008925, 35.777675080197085]}";Hispanic;Raleigh;Travel Lane;2;21;Urban (>70% Developed);Male;Passenger Car;0;#NULL!;0;0;Black;No;0;30-39;Motorist Right Turn on Red - Same Direction;None;No;No;Dry;0;Urban;No;20JUN2007;0;21:06;Female;No;Residential;C: Possible Injury;No;O: No Injury;6910;June;0;Straight - Level;Piedmont;With Traffic;Stop And Go Signal;Wednesday;Intersection;31;0;Two-Way, Divided, Unprotected Median;4 lanes;0;#NULL!;#NULL!;Coarse Asphalt;#NULL!;Four-Way Intersection;Motorist Right Turn / Merge;Local Street;C: Possible Injury;Wake;70+;Cloudy;#NULL!;0-5 mph;30 - 35  MPH;2007;Dark - Lighted Roadway;70+
34.6340068189, -79.0033026598;"{""type"": ""Point"", ""coordinates"": [-79.00330265978069, 34.63400681889171]}";Black;Lumberton;Travel Lane;2;15;Mixed (30% To 70% Developed);Male;Pickup;0;#NULL!;0;0;Black;No;0;50-59;Bicyclist Failed to Clear - Trapped;None;No;No;Dry;0;Urban;No;06OCT2013;0;15:16;Male;No;Commercial;C: Possible Injury;Yes;O: No Injury;1576;October;0;Straight - Level;Coastal;With Traffic;Stop And Go Signal;Sunday;Intersection;57;0;Two-Way, Not Divided;5 lanes;0;#NULL!;FAYETTEVILLE RD;Coarse Asphalt;#NULL!;Four-Way Intersection;Bicyclist Failed to Yield - Signalized Intersection;Local Street;C: Possible Injury;Robeson;69;Cloudy;#NULL!;0-5 mph;40 - 45  MPH;2013;Daylight;60-69
36.0811970817, -80.339103138;"{""type"": ""Point"", ""coordinates"": [-80.33910313797503, 36.081197081660406]}";White;Winston-Salem;Travel Lane;2;8;Urban (>70% Developed);Male;Passenger Car;0;#NULL!;0;0;White;No;0;40-49;Motorist Right Turn - Same Direction;None;No;No;Dry;0;Urban;No;29AUG2013;0;8:34;Female;No;Commercial;C: Possible Injury;No;O: No Injury;1507;August;0;Straight - Grade;Piedmont;With Traffic;No Control Present;Thursday;Non-Intersection;49;0;Two-Way, Not Divided;4 lanes;0;#NULL!;COUNTRY CLUB RD;Smooth Asphalt;#NULL!;No Special Feature;Motorist Right Turn / Merge;State Secondary Route;C: Possible Injury;Forsyth;25;Clear;#NULL!;26-30 mph;30 - 35  MPH;2013;Daylight;25-29
35.2388468847, -80.8364032407;"{""type"": ""Point"", ""coordinates"": [-80.83640324070697, 35.238846884666984]}";White;Charlotte;Sidewalk / Crosswalk / Driveway Crossing;2;17;Urban (>70% Developed);Male;Passenger Car;0;#NULL!;0;0;Black;No;0;30-39;Bicyclist Ride Through - Signalized Intersection;None;No;No;Dry;0;Urban;No;26SEP2013;0;17:39;Male;No;Industrial;B: Evident Injury;No;O: No Injury;1532;September;0;Straight - Level;Piedmont;Not Applicable;Stop And Go Signal;Thursday;Intersection;35;0;Two-Way, Divided, Unprotected Median;4 lanes;0;#NULL!;N GRAHAM ST;Smooth Asphalt;#NULL!;No Special Feature;Bicyclist Failed to Yield - Signalized Intersection;Local Street;B: Evident Injury;Mecklenburg;27;Clear;#NULL!;Unknown;30 - 35  MPH;2013;Daylight;25-29
35.2332668842, -80.8213032362;"{""type"": ""Point"", ""coordinates"": [-80.82130323619538, 35.23326688417764]}";Black;Charlotte;Travel Lane;2;19;Urban (>70% Developed);Female;Passenger Car;0;#NULL!;0;0;Black;No;0;30-39;Bicyclist Ride Through - Sign-Controlled Intersection;None;No;No;Dry;0;Urban;No;08OCT2013;0;19:04;Female;No;Residential;A: Disabling Injury;Yes;O: No Injury;1554;October;0;Straight - Hillcrest;Piedmont;With Traffic;Stop Sign;Tuesday;Intersection;32;0;Two-Way, Not Divided;2 lanes;0;#NULL!;E 18TH ST;Grooved Concrete;#NULL!;No Special Feature;Bicyclist Failed to Yield - Sign-Controlled Intersection;Local Street;A: Disabling Injury;Mecklenburg;37;Clear;#NULL!;21-25 mph;20 - 25  MPH;2013;Dusk;30-39
35.1701869364, -78.9718026772;"{""type"": ""Point"", ""coordinates"": [-78.97180267720265, 35.170186936423285]}";Hispanic;Spring Lake;Travel Lane;2;18;Urban (>70% Developed);Male;Pickup;0;#NULL!;0;0;White;No;0;20-24;Crossing Paths - Uncontrolled Intersection;None;No;No;Dry;0;Urban;No;13SEP2013;0;18:14;Male;No;Commercial;C: Possible Injury;No;O: No Injury;1571;September;0;Straight - Level;Coastal;With Traffic;No Control Present;Friday;Intersection-Related;20;0;Two-Way, Divided, Unprotected Median;4 lanes;0;#NULL!;LILLINGTON HWY;Coarse Asphalt;#NULL!;No Special Feature;Crossing Paths - Other Circumstances;missing;C: Possible Injury;Cumberland;41;Clear;#NULL!;31-35 mph;30 - 35  MPH;2013;Daylight;40-49
34.2434867693, -77.9199023142;"{""type"": ""Point"", ""coordinates"": [-77.91990231417203, 34.243486769267456]}";White;Wilmington;Travel Lane;2;19;Urban (>70% Developed);Male;Passenger Car;0;#NULL!;0;0;White;No;0;20-24;Motorist Left Turn - Opposite Direction;None;No;No;Dry;0;Urban;No;02OCT2013;0;19:19;Male;No;Residential;C: Possible Injury;Yes;O: No Injury;1559;October;0;Straight - Grade;Coastal;With Traffic;Stop And Go Signal;Wednesday;Intersection;22;0;Two-Way, Not Divided;3 lanes;0;#NULL!;PRINCESS PLACE DR;Smooth Asphalt;#NULL!;Four-Way Intersection;Motorist Left Turn / Merge;Local Street;C: Possible Injury;New Hanover;57;Clear;#NULL!;6-10 mph;30 - 35  MPH;2013;Dark - Roadway Not Lighted;50-59
35.2728169545, -79.0901027184;"{""type"": ""Point"", ""coordinates"": [-79.0901027184084, 35.27281695454912]}";White;None - Rural Crash;Travel Lane;2;17;Rural (<30% Developed);Male;Pickup;0;#NULL!;0;0;White;No;0;11-15;Bicyclist Right Turn - Same Direction;None;No;No;Wet;0;Rural;No;10OCT2013;0;17:58;Male;No;Residential;C: Possible Injury;No;O: No Injury;1570;October;0;Straight - Level;Coastal;Facing Traffic;Double Yellow Line, No Passing Zone;Thursday;Non-Intersection;14;0;Two-Way, Not Divided;2 lanes;0;#NULL!;SR 1143;Coarse Asphalt;#NULL!;No Special Feature;Bicyclist Right Turn / Merge;State Secondary Route;C: Possible Injury;Harnett;32;Rain;#NULL!;41-45 mph;50 - 55  MPH;2013;Daylight;30-39
34.7746069037, -77.3891021784;"{""type"": ""Point"", ""coordinates"": [-77.38910217840538, 34.77460690373737]}";White;Jacksonville;Sidewalk / Crosswalk / Driveway Crossing;2;16;Urban (>70% Developed);Female;Passenger Car;0;#NULL!;0;0;White;No;0;20-24;Motorist Drive Out - Sign-Controlled Intersection;None;No;No;Dry;0;Urban;No;16OCT2013;0;16:14;Female;No;Commercial;B: Evident Injury;Yes;O: No Injury;1624;October;0;Straight - Level;Coastal;Facing Traffic;Stop Sign;Wednesday;Intersection;20;0;Two-Way, Not Divided;Unknown;0;#NULL!;PVA 454 WESTERN BLVD;Smooth Asphalt;#NULL!;On or Off Ramp;Motorist Failed to Yield - Sign-Controlled Intersection;Public Vehicular Area;B: Evident Injury;Onslow;65;Clear;#NULL!;0-5 mph;Unknown;2013;Daylight;60-69
34.307581788, -77.7810122751;"{""type"": ""Point"", ""coordinates"": [-77.78101227505739, 34.30758178800696]}";Black;None - Rural Crash;Travel Lane;2;19;Urban (>70% Developed);Male;Pickup;0;#NULL!;0;0;White;No;0;40-49;Motorist Overtaking - Other / Unknown;None;No;No;Dry;0;Rural;No;11NOV2013;0;19:25;Male;No;Commercial;C: Possible Injury;Yes;O: No Injury;1622;November;0;Straight - Level;Coastal;With Traffic;No Control Present;Monday;Non-Intersection;42;0;Two-Way, Divided, Unprotected Median;5 lanes;0;#NULL!;US 17;Coarse Asphalt;#NULL!;No Special Feature;Motorist Overtaking Bicyclist;US Route;C: Possible Injury;New Hanover;51;Clear;#NULL!;41-45 mph;50 - 55  MPH;2013;Dark - Roadway Not Lighted;50-59
35.2690870046, -77.6166022726;"{""type"": ""Point"", ""coordinates"": [-77.61660227259163, 35.269087004617724]}";Black;Kinston;Travel Lane;2;16;Mixed (30% To 70% Developed);Male;Passenger Car;0;#NULL!;0;0;White;No;0;40-49;Motorist Drive Out - Right Turn on Red;None;No;No;Dry;0;Urban;No;14NOV2013;0;16:38;Female;No;Commercial;C: Possible Injury;Yes;O: No Injury;1630;November;0;Straight - Level;Coastal;Facing Traffic;Stop And Go Signal;Thursday;Intersection;44;0;Two-Way, Not Divided;5 lanes;0;#NULL!;US 70;Coarse Asphalt;#NULL!;T-Intersection;Motorist Failed to Yield - Signalized Intersection;US Route;C: Possible Injury;Lenoir;41;Clear;#NULL!;0-5 mph;40 - 45  MPH;2013;Dusk;40-49