Geo Point;Geo Shape;BikeRace;City;BikePos;NumUnits;CrashHour;Locality;BikeSex;DrvrVehTyp;NumBikesNo;BikeAlcDrg;NumBikesBI;RteInvdCd;DrvrRace;Workzone;NumBikesCi;BikeAgeGrp;CrashType;RdDefects;CrashAlcoh;BikeAlcoho;RdConditio;DstncMiFrm;RuralUrban;HitRun;CrashDate;NumBikesUI;CrashTime;DrvrSex;DrvrAlcoho;Developmen;CrashSevr;AmbulanceR;DrvrInjury;OBJECTID;CrashMonth;NumBikesKi;RdCharacte;Region;BikeDir;TraffCntrl;CrashDay;CrashLoc;BikeAge;NumBikesTo;RdConfig;NumLanes;NumBikesAI;DrvrAlcDrg;OnRoad;RdSurface;Towrd_Rd;RdFeature;CrashGrp;RdClass;BikeInjury;County;DrvrAge;Weather;FrmRd;DrvrEstSpd;SpeedLimit;CrashYear;LightCond;DrvrAgeGrp
35.5310569483, -80.7989032458;"{""type"": ""Point"", ""coordinates"": [-80.79890324579904, 35.53105694825597]}";White;Mooresville;Travel Lane;2;12;Urban (>70% Developed);Male;Van;0;#NULL!;0;0;Black;No;0;60-69;Bicyclist Overtaking - Parked Vehicle;None;No;No;Dry;0;Urban;No;16OCT2013;0;12:17;Male;No;Residential;B: Evident Injury;No;O: No Injury;1631;October;0;Straight - Grade;Piedmont;With Traffic;No Control Present;Wednesday;Non-Intersection;62;0;Two-Way, Not Divided;2 lanes;0;#NULL!;SHEARERS RD;Coarse Asphalt;#NULL!;No Special Feature;Bicyclist Overtaking Motorist;Local Street;B: Evident Injury;Iredell;31;Clear;#NULL!;Unknown;40 - 45  MPH;2013;Daylight;30-39
35.4390669859, -79.2175027653;"{""type"": ""Point"", ""coordinates"": [-79.21750276533098, 35.439066985903935]}";White;Sanford;Travel Lane;2;20;Urban (>70% Developed);Male;Passenger Car;0;#NULL!;0;0;White;No;0;30-39;Bicyclist Ride Out - Other Midblock;None;Yes;Yes;Dry;0;Urban;No;11SEP2013;0;20:08;Female;No;Commercial;B: Evident Injury;Yes;O: No Injury;1541;September;0;Straight - Level;Piedmont;Not Applicable;No Control Present;Wednesday;Non-Intersection;31;0;Two-Way, Divided, Unprotected Median;7 lanes;0;#NULL!;JEFFERSON DAVIS HWY;Smooth Asphalt;#NULL!;Non-Intersection Median Crossing;Bicyclist Failed to Yield - Midblock;Local Street;B: Evident Injury;Lee;44;Clear;#NULL!;36-40 mph;40 - 45  MPH;2013;Dark - Lighted Roadway;40-49
36.0962870886, -80.2565031146;"{""type"": ""Point"", ""coordinates"": [-80.25650311458642, 36.09628708856061]}";White;Winston-Salem;Travel Lane;2;3;Urban (>70% Developed);Male;Sport Utility;0;#NULL!;0;0;Unknown/Missing;No;0;30-39;Bicyclist Overtaking - Parked Vehicle;None;Yes;Yes;Dry;0;Urban;No;25AUG2013;0;3:10;Unknown;Missing;Commercial;C: Possible Injury;No;Unknown Injury;1553;August;0;Straight - Level;Piedmont;With Traffic;No Control Present;Sunday;Intersection-Related;30;0;Two-Way, Not Divided;2 lanes;0;#NULL!;1100 BLK BURKE ST;Smooth Asphalt;#NULL!;No Special Feature;Bicyclist Overtaking Motorist;Local Street;C: Possible Injury;Forsyth;Unknown;Clear;#NULL!;Unknown;30 - 35  MPH;2013;Dark - Lighted Roadway;Unknown
34.2149867662, -77.7907022738;"{""type"": ""Point"", ""coordinates"": [-77.79070227377603, 34.21498676624661]}";White;Wrightsville Beach;Travel Lane;2;13;Urban (>70% Developed);Male;Police;0;#NULL!;0;0;White;No;0;30-39;Bicyclist Ride Through - Signalized Intersection;None;No;No;Wet;0;Rural;No;08OCT2013;0;13:30;Male;No;Commercial;O: No Injury;No;O: No Injury;1547;October;0;Straight - Level;Coastal;With Traffic;Stop And Go Signal;Tuesday;Intersection;35;0;Two-Way, Divided, Unprotected Median;2 lanes;0;#NULL!;EAST SALISBURY STREET;Coarse Asphalt;#NULL!;Four-Way Intersection;Bicyclist Failed to Yield - Signalized Intersection;Local Street;O: No Injury;New Hanover;30;Rain;#NULL!;11-15 mph;20 - 25  MPH;2013;Daylight;30-39
35.7333870669, -78.7241026325;"{""type"": ""Point"", ""coordinates"": [-78.72410263248705, 35.733387066885264]}";White;None - Rural Crash;Travel Lane;2;8;Mixed (30% To 70% Developed);Female;Passenger Car;0;#NULL!;0;0;White;No;0;50-59;Motorist Overtaking - Other / Unknown;None;No;No;Dry;0;Rural;No;12OCT2013;0;8:41;Male;No;Residential;B: Evident Injury;Yes;O: No Injury;1550;October;0;Straight - Level;Piedmont;With Traffic;Double Yellow Line, No Passing Zone;Saturday;Non-Intersection;53;0;Two-Way, Not Divided;2 lanes;0;#NULL!;SR 1381;Coarse Asphalt;#NULL!;No Special Feature;Motorist Overtaking Bicyclist;State Secondary Route;B: Evident Injury;Wake;69;Cloudy;#NULL!;31-35 mph;40 - 45  MPH;2013;Daylight;60-69
34.2428267693, -77.8876023046;"{""type"": ""Point"", ""coordinates"": [-77.88760230456023, 34.242826769337974]}";Black;Wilmington;Non-Roadway;2;15;Urban (>70% Developed);Male;Passenger Car;0;#NULL!;0;0;Black;No;0;20-24;Non-Roadway;None;No;No;Dry;0;Urban;No;03OCT2013;0;15:05;Male;No;Commercial;C: Possible Injury;Yes;O: No Injury;1551;October;0;Straight - Level;Coastal;Not Applicable;No Control Present;Thursday;Non-Roadway;21;0;Two-Way, Not Divided;2 lanes;0;#NULL!;PVA 4614 MARKET ST;Coarse Asphalt;#NULL!;No Special Feature;Non-Roadway;Public Vehicular Area;C: Possible Injury;New Hanover;49;Clear;#NULL!;0-5 mph;5 - 15 MPH;2013;Daylight;40-49
34.198076759, -77.9087023085;"{""type"": ""Point"", ""coordinates"": [-77.90870230849373, 34.19807675902801]}";White;Wilmington;Multi-use Path;2;14;Mixed (30% To 70% Developed);Female;Passenger Car;0;#NULL!;0;0;White;No;0;50-59;Motorist Drive Out - Sign-Controlled Intersection;None;No;No;Dry;0;Urban;No;25OCT2013;0;14:09;Male;No;Commercial;B: Evident Injury;Yes;O: No Injury;1621;October;0;Straight - Level;Coastal;Facing Traffic;Stop Sign;Friday;Intersection;51;0;Two-Way, Divided, Unprotected Median;6 lanes;0;#NULL!;INDEPENDENCE BLVD;Coarse Asphalt;#NULL!;No Special Feature;Motorist Failed to Yield - Sign-Controlled Intersection;Local Street;B: Evident Injury;New Hanover;44;Clear;#NULL!;0-5 mph;40 - 45  MPH;2013;Daylight;40-49
35.6134569034, -82.4435037388;"{""type"": ""Point"", ""coordinates"": [-82.44350373882654, 35.61345690342548]}";White;None - Rural Crash;Travel Lane;2;20;Urban (>70% Developed);Female;Passenger Car;0;#NULL!;0;0;White;No;0;16-19;Motorist Left Turn - Opposite Direction;None;No;No;Dry;0;Rural;No;12NOV2013;0;20:07;Male;No;Institutional;B: Evident Injury;No;O: No Injury;1612;November;0;Straight - Grade;Mountains;With Traffic;No Control Present;Tuesday;Intersection;19;0;Two-Way, Not Divided;Unknown;0;#NULL!;PVA NORTH WEST LN;Coarse Asphalt;#NULL!;Driveway, Public;Motorist Left Turn / Merge;Public Vehicular Area;B: Evident Injury;Buncombe;22;Clear;#NULL!;11-15 mph;5 - 15 MPH;2013;Dark - Roadway Not Lighted;20-24
36.3961871986, -78.9851027474;"{""type"": ""Point"", ""coordinates"": [-78.98510274736874, 36.39618719864746]}";Black;Roxboro;Travel Lane;2;19;Urban (>70% Developed);Female;Sport Utility;0;#NULL!;0;0;White;No;0;50-59;Motorist Overtaking - Undetected Bicyclist;None;No;No;Dry;0;Urban;No;23SEP2013;0;19:44;Female;No;Commercial;C: Possible Injury;No;O: No Injury;1604;September;0;Straight - Level;Piedmont;With Traffic;Stop And Go Signal;Monday;Intersection-Related;56;0;Two-Way, Not Divided;3 lanes;0;#NULL!;REAMS AVE;Coarse Asphalt;#NULL!;No Special Feature;Motorist Overtaking Bicyclist;Local Street;C: Possible Injury;Person;66;Clear;#NULL!;16-20 mph;30 - 35  MPH;2013;Dark - Lighted Roadway;60-69
34.8665969025, -78.0380023799;"{""type"": ""Point"", ""coordinates"": [-78.03800237994838, 34.866596902454]}";White;None - Rural Crash;Travel Lane;2;18;Rural (<30% Developed);Male;Passenger Car;0;#NULL!;0;0;Unknown/Missing;No;0;20-24;Motorist Lost Control - Other / Unknown;None;No;No;Dry;0;Rural;Yes;21NOV2013;0;18:48;Unknown;Missing;Farms, Woods, Pastures;C: Possible Injury;Yes;Unknown Injury;1652;November;0;Straight - Level;Coastal;Facing Traffic;No Control Present;Thursday;Non-Intersection;24;0;Two-Way, Not Divided;2 lanes;0;#NULL!;US 117;Smooth Asphalt;#NULL!;No Special Feature;Loss of Control / Turning Error;US Route;C: Possible Injury;Duplin;Unknown;Clear;#NULL!;Unknown;50 - 55  MPH;2013;Dark - Roadway Not Lighted;Unknown
35.6129270868, -77.3877022197;"{""type"": ""Point"", ""coordinates"": [-77.38770221972334, 35.612927086770945]}";Other;Greenville;Sidewalk / Crosswalk / Driveway Crossing;2;15;Urban (>70% Developed);Male;Passenger Car;0;#NULL!;0;0;Black;No;0;20-24;Motorist Drive Out - Sign-Controlled Intersection;None;No;No;Dry;0;Urban;No;20NOV2013;0;15:23;Female;No;Residential;C: Possible Injury;Yes;O: No Injury;1639;November;0;Straight - Level;Coastal;Facing Traffic;Stop Sign;Wednesday;Intersection-Related;23;0;Two-Way, Not Divided;2 lanes;0;#NULL!;FORD ST;Smooth Asphalt;#NULL!;T-Intersection;Motorist Failed to Yield - Sign-Controlled Intersection;Local Street;C: Possible Injury;Pitt;29;Clear;#NULL!;6-10 mph;20 - 25  MPH;2013;Daylight;25-29
35.7132470616, -78.7539026398;"{""type"": ""Point"", ""coordinates"": [-78.75390263981905, 35.71324706162501]}";White;None - Rural Crash;Travel Lane;2;16;Rural (<30% Developed);Male;Passenger Car;0;#NULL!;0;0;White;No;0;50-59;Motorist Left Turn - Opposite Direction;None;No;No;Dry;0;Rural;No;20NOV2013;0;16:13;Male;No;Farms, Woods, Pastures;B: Evident Injury;Yes;O: No Injury;1647;November;0;Straight - Level;Piedmont;With Traffic;Double Yellow Line, No Passing Zone;Wednesday;Intersection;50;0;Two-Way, Not Divided;2 lanes;0;#NULL!;SR 1011;Coarse Asphalt;#NULL!;No Special Feature;Motorist Left Turn / Merge;State Secondary Route;B: Evident Injury;Wake;22;Clear;#NULL!;6-10 mph;50 - 55  MPH;2013;Daylight;20-24
33.9434466989, -78.0292023332;"{""type"": ""Point"", ""coordinates"": [-78.0292023331855, 33.94344669890462]}";Hispanic;None - Rural Crash;Travel Lane;2;18;Urban (>70% Developed);Male;Sport Utility;0;#NULL!;0;0;White;No;0;40-49;Motorist Drive Out - Commercial Driveway / Alley;None;No;No;Dry;0;Rural;No;23NOV2013;0;18:05;Male;No;Commercial;C: Possible Injury;Yes;O: No Injury;1651;November;0;Straight - Level;Coastal;With Traffic;Stop Sign;Saturday;Non-Intersection;43;0;Two-Way, Not Divided;2 lanes;0;#NULL!;NC 211;Coarse Asphalt;#NULL!;Driveway, Public;Motorist Failed to Yield - Midblock;NC Route;C: Possible Injury;Brunswick;57;Clear;#NULL!;6-10 mph;40 - 45  MPH;2013;Dark - Roadway Not Lighted;50-59
35.9796271128, -78.9057027006;"{""type"": ""Point"", ""coordinates"": [-78.90570270058409, 35.979627112832986]}";Black;Durham;Travel Lane;2;19;Urban (>70% Developed);Male;Motorcycle;0;#NULL!;0;0;Black;No;0;11-15;Bicyclist Left Turn - Same Direction;None;No;No;Dry;0;Urban;No;18NOV2013;0;19:18;Male;No;Residential;O: No Injury;No;O: No Injury;1637;November;0;Straight - Level;Piedmont;Facing Traffic;No Control Present;Monday;Intersection;11;0;Two-Way, Not Divided;2 lanes;0;#NULL!;S ROXBORO ST;Smooth Asphalt;#NULL!;Four-Way Intersection;Bicyclist Left Turn / Merge;Local Street;O: No Injury;Durham;60;Clear;#NULL!;21-25 mph;30 - 35  MPH;2013;Dark - Roadway Not Lighted;60-69
35.7805070797, -78.6417026094;"{""type"": ""Point"", ""coordinates"": [-78.64170260943912, 35.780507079749924]}";White;Raleigh;Travel Lane;2;18;Urban (>70% Developed);Male;Passenger Car;0;#NULL!;0;0;White;No;0;20-24;Motorist Left Turn - Opposite Direction;None;No;No;Dry;0;Urban;No;04NOV2013;0;18:00;Male;No;Commercial;O: No Injury;No;O: No Injury;1636;November;0;Straight - Level;Piedmont;With Traffic;No Control Present;Monday;Intersection;23;0;Two-Way, Not Divided;2 lanes;0;#NULL!;HILLSBOROUGH ST;Smooth Asphalt;#NULL!;No Special Feature;Motorist Left Turn / Merge;Local Street;O: No Injury;Wake;49;Clear;#NULL!;0-5 mph;30 - 35  MPH;2013;Dark - Lighted Roadway;40-49
36.4327572536, -77.645802341;"{""type"": ""Point"", ""coordinates"": [-77.64580234095845, 36.432757253552616]}";White;Roanoke Rapids;Driveway / Alley;2;8;Urban (>70% Developed);Male;Sport Utility;0;#NULL!;0;0;White;No;0;50-59;Non-Roadway;None;No;No;Dry;0;Urban;No;21NOV2013;0;8:20;Female;No;Commercial;B: Evident Injury;Yes;O: No Injury;1649;November;0;Straight - Level;Coastal;Not Applicable;No Control Present;Thursday;Non-Roadway;52;0;Two-Way, Not Divided;2 lanes;0;#NULL!;PP MEDICAL CENTER DR;Smooth Asphalt;#NULL!;No Special Feature;Non-Roadway;Private Road, Driveway;B: Evident Injury;Halifax;54;Clear;#NULL!;0-5 mph;5 - 15 MPH;2013;Daylight;50-59
35.931335141, -77.8124723652;"{""type"": ""Point"", ""coordinates"": [-77.81247236519746, 35.93133514103125]}";Black;Rocky Mount;Unknown;2;13;Urban (>70% Developed);Male;Passenger Car;0;#NULL!;0;0;Black;No;0;40-49;Motorist Right Turn - Same Direction;None;No;No;Dry;0;Urban;No;18JUL2007;0;13:01;Male;No;Commercial;C: Possible Injury;Yes;O: No Injury;7001;July;0;Straight - Level;Coastal;With Traffic;No Control Present;Wednesday;Non-Intersection;41;0;Two-Way, Not Divided;2 lanes;0;#NULL!;#NULL!;Coarse Asphalt;#NULL!;No Special Feature;Motorist Right Turn / Merge;Local Street;C: Possible Injury;Nash;36;Clear;#NULL!;21-25 mph;30 - 35  MPH;2007;Daylight;30-39
35.2106928767, -80.9048932596;"{""type"": ""Point"", ""coordinates"": [-80.90489325960912, 35.21069287673933]}";Black;Charlotte;Sidewalk / Crosswalk / Driveway Crossing;2;14;Urban (>70% Developed);Male;Passenger Car;0;#NULL!;0;0;Black;No;0;16-19;Motorist Drive Out - Commercial Driveway / Alley;None;No;No;Dry;0;Urban;No;20OCT2007;0;14:07;Male;No;Commercial;C: Possible Injury;Yes;O: No Injury;7009;October;0;Straight - Level;Piedmont;Facing Traffic;No Control Present;Saturday;Non-Intersection;17;0;Two-Way, Divided, Unprotected Median;Unknown;0;#NULL!;#NULL!;Concrete;#NULL!;Driveway, Public;Motorist Failed to Yield - Midblock;Public Vehicular Area;C: Possible Injury;Mecklenburg;59;Clear;#NULL!;0-5 mph;20 - 25  MPH;2007;Daylight;50-59
36.0657111032, -79.6713829366;"{""type"": ""Point"", ""coordinates"": [-79.67138293663224, 36.065711103190814]}";White;None - Rural Crash;Travel Lane;2;21;Urban (>70% Developed);Male;Unknown;0;#NULL!;0;0;Unknown/Missing;No;0;16-19;Motorist Overtaking - Other / Unknown;None;No;No;Dry;0;Rural;Yes;15JUL2007;0;21:00;Unknown;No;Residential;B: Evident Injury;Yes;Unknown Injury;7011;July;0;Straight - Level;Piedmont;With Traffic;Double Yellow Line, No Passing Zone;Sunday;Non-Intersection;19;0;Two-Way, Not Divided;2 lanes;0;#NULL!;#NULL!;Coarse Asphalt;#NULL!;Driveway, Private;Motorist Overtaking Bicyclist;State Secondary Route;B: Evident Injury;Guilford;Unknown;Clear;#NULL!;41-45 mph;40 - 45  MPH;2007;Dark - Roadway Not Lighted;Unknown
35.7632399461, -82.1580536632;"{""type"": ""Point"", ""coordinates"": [-82.15805366315709, 35.763239946089904]}";White;None - Rural Crash;Travel Lane;2;9;Rural (<30% Developed);Female;Motorcycle;0;#NULL!;0;0;White;No;0;20-24;Head-On - Bicyclist;None;No;No;Dry;0;Rural;No;15JUL2007;0;9:30;Male;No;Farms, Woods, Pastures;B: Evident Injury;Yes;O: No Injury;7012;July;0;Curve - Grade;Mountains;With Traffic;Double Yellow Line, No Passing Zone;Sunday;Non-Intersection;20;0;Two-Way, Not Divided;2 lanes;0;#NULL!;#NULL!;Smooth Asphalt;#NULL!;No Special Feature;Head-On;NC Route;B: Evident Injury;Mcdowell;52;Clear;#NULL!;51-55 mph;50 - 55  MPH;2007;Daylight;50-59
35.7695650782, -78.6234826037;"{""type"": ""Point"", ""coordinates"": [-78.62348260366339, 35.76956507819948]}";Black;Raleigh;Driveway / Alley;2;18;Urban (>70% Developed);Male;Van;0;#NULL!;0;0;Black;No;0;6-10;Bicyclist Ride Out - Residential Driveway;None;Yes;Yes;Dry;0;Urban;No;16JUL2007;0;18:19;Male;No;Commercial;B: Evident Injury;Yes;O: No Injury;7014;July;0;Straight - Level;Piedmont;Not Applicable;No Control Present;Monday;Non-Intersection;7;0;Two-Way, Not Divided;2 lanes;0;#NULL!;#NULL!;Smooth Asphalt;#NULL!;No Special Feature;Bicyclist Failed to Yield - Midblock;Local Street;B: Evident Injury;Wake;54;Clear;#NULL!;0-5 mph;30 - 35  MPH;2007;Daylight;50-59
35.9270091405, -77.8048723635;"{""type"": ""Point"", ""coordinates"": [-77.80487236354062, 35.927009140531304]}";Black;Rocky Mount;Unknown;2;17;Urban (>70% Developed);Male;Unknown;0;#NULL!;0;0;Unknown/Missing;No;0;11-15;Bicyclist Ride Out - Midblock - Unknown;None;No;No;Dry;0;Urban;Yes;17JUL2007;0;17:57;Unknown;Missing;Residential;C: Possible Injury;Yes;Unknown Injury;7016;July;0;Straight - Level;Coastal;Not Applicable;No Control Present;Tuesday;Non-Intersection;12;0;Two-Way, Not Divided;2 lanes;0;#NULL!;#NULL!;Smooth Asphalt;#NULL!;No Special Feature;Bicyclist Failed to Yield - Midblock;Local Street;C: Possible Injury;Nash;Unknown;Cloudy;#NULL!;Unknown;30 - 35  MPH;2007;Daylight;Unknown
35.2301209088, -80.1286570281;"{""type"": ""Point"", ""coordinates"": [-80.12865702807339, 35.23012090881551]}";Black;Norwood;Travel Lane;2;13;Urban (>70% Developed);Male;Passenger Car;0;#NULL!;0;0;White;No;0;0-5;Bicyclist Ride Through - Sign-Controlled Intersection;None;No;No;Dry;0;Rural;No;21JUL2007;0;13:10;Female;No;Residential;C: Possible Injury;Yes;O: No Injury;7027;July;0;Straight - Hillcrest;Piedmont;With Traffic;Stop Sign;Saturday;Intersection;5;0;Two-Way, Not Divided;2 lanes;0;#NULL!;#NULL!;Coarse Asphalt;#NULL!;T-Intersection;Bicyclist Failed to Yield - Sign-Controlled Intersection;Local Street;C: Possible Injury;Stanly;48;Clear;#NULL!;21-25 mph;20 - 25  MPH;2007;Daylight;40-49
35.7698670779, -78.6145426009;"{""type"": ""Point"", ""coordinates"": [-78.61454260087109, 35.769867077923166]}";Black;Raleigh;Sidewalk / Crosswalk / Driveway Crossing;2;8;Urban (>70% Developed);Male;Passenger Car;0;#NULL!;0;0;White;No;0;50-59;Bicyclist Ride Out - Signalized  Intersection;None;No;No;Dry;0;Urban;No;21JUL2007;0;8:53;Male;No;Commercial;C: Possible Injury;Yes;O: No Injury;7028;July;0;Straight - Level;Piedmont;Facing Traffic;Stop And Go Signal;Saturday;Intersection;51;0;Two-Way, Divided, Unprotected Median;5 lanes;0;#NULL!;#NULL!;Smooth Asphalt;#NULL!;Four-Way Intersection;Bicyclist Failed to Yield - Signalized Intersection;Local Street;C: Possible Injury;Wake;59;Clear;#NULL!;0-5 mph;40 - 45  MPH;2007;Daylight;50-59
35.6005548977, -82.5407297668;"{""type"": ""Point"", ""coordinates"": [-82.54072976682401, 35.60055489766277]}";White;Asheville;Travel Lane;2;12;Urban (>70% Developed);Male;Passenger Car;0;#NULL!;0;0;Black;No;0;30-39;Motorist Drive Out - Sign-Controlled Intersection;None;No;No;Dry;0;Urban;No;22JUL2007;0;12:21;Male;No;Residential;B: Evident Injury;No;O: No Injury;7033;July;0;Curve - Grade;Mountains;With Traffic;Stop Sign;Sunday;Intersection;37;0;Two-Way, Divided, Unprotected Median;2 lanes;0;#NULL!;#NULL!;Smooth Asphalt;#NULL!;No Special Feature;Motorist Failed to Yield - Sign-Controlled Intersection;Local Street;B: Evident Injury;Buncombe;23;Clear;#NULL!;11-15 mph;30 - 35  MPH;2007;Daylight;20-24
36.0249631068, -79.3405488341;"{""type"": ""Point"", ""coordinates"": [-79.34054883409897, 36.02496310681556]}";Black;None - Rural Crash;Driveway / Alley;2;17;Rural (<30% Developed);Male;Van;0;#NULL!;0;0;Hispanic;No;0;11-15;Bicyclist Ride Out - Residential Driveway;None;No;No;Dry;0;Rural;No;23JUL2007;0;17:45;Male;No;Farms, Woods, Pastures;B: Evident Injury;Yes;O: No Injury;7034;July;0;Straight - Level;Piedmont;Not Applicable;Double Yellow Line, No Passing Zone;Monday;Non-Intersection;12;0;Two-Way, Not Divided;2 lanes;0;#NULL!;#NULL!;Smooth Asphalt;#NULL!;Driveway, Private;Bicyclist Failed to Yield - Midblock;NC Route;B: Evident Injury;Alamance;58;Clear;#NULL!;41-45 mph;50 - 55  MPH;2007;Daylight;50-59
35.8592571614, -76.7496120376;"{""type"": ""Point"", ""coordinates"": [-76.74961203755424, 35.85925716144507]}";Black;Plymouth;Travel Lane;2;19;Mixed (30% To 70% Developed);Male;Sport Utility;0;#NULL!;0;0;White;No;0;40-49;Bicyclist Ride Through - Sign-Controlled Intersection;None;Yes;Yes;Wet;0;Rural;No;23JUL2007;0;19:59;Male;No;Residential;B: Evident Injury;Yes;O: No Injury;7037;July;0;Unknown;Coastal;Unknown;No Control Present;Monday;Intersection;44;0;Unknown;Unknown;0;#NULL!;#NULL!;Unknown;#NULL!;No Special Feature;Bicyclist Failed to Yield - Sign-Controlled Intersection;Local Street;B: Evident Injury;Washington;29;Clear;#NULL!;Unknown;Unknown;2007;Daylight;25-29
36.1028821167, -79.5194878924;"{""type"": ""Point"", ""coordinates"": [-79.51948789239601, 36.10288211672991]}";White;Elon College;Travel Lane;2;23;Urban (>70% Developed);Male;Van;0;#NULL!;0;0;White;No;0;30-39;Motorist Left Turn - Opposite Direction;None;Yes;Yes;Dry;0;Urban;No;25JUL2007;0;23:05;Female;No;Commercial;B: Evident Injury;No;O: No Injury;7043;July;0;Straight - Level;Piedmont;With Traffic;Stop And Go Signal;Wednesday;Intersection;30;0;Two-Way, Not Divided;3 lanes;0;#NULL!;#NULL!;Smooth Asphalt;#NULL!;No Special Feature;Motorist Left Turn / Merge;Local Street;B: Evident Injury;Alamance;69;Clear;#NULL!;11-15 mph;30 - 35  MPH;2007;Dark - Roadway Not Lighted;60-69
35.701811966, -81.2887834013;"{""type"": ""Point"", ""coordinates"": [-81.28878340126657, 35.701811966026526]}";White;Hickory;Travel Lane;2;16;Urban (>70% Developed);Male;Pickup;0;#NULL!;0;0;White;No;0;50-59;Bicyclist Left Turn - Opposite Direction;None;No;No;Dry;0;Urban;No;27JUL2007;0;16:38;Male;No;Commercial;C: Possible Injury;Yes;O: No Injury;7058;July;0;Straight - Level;Piedmont;With Traffic;Stop Sign;Friday;Intersection;58;0;Two-Way, Not Divided;2 lanes;0;#NULL!;#NULL!;Coarse Asphalt;#NULL!;Four-Way Intersection;Bicyclist Left Turn / Merge;Local Street;C: Possible Injury;Catawba;22;Clear;#NULL!;6-10 mph;30 - 35  MPH;2007;Daylight;20-24
35.1401510014, -76.8446920305;"{""type"": ""Point"", ""coordinates"": [-76.8446920304972, 35.14015100137106]}";Black;Grantsboro;Travel Lane;2;21;Mixed (30% To 70% Developed);Male;Sport Utility;0;#NULL!;0;0;White;No;0;50-59;Motorist Overtaking - Undetected Bicyclist;Work Zone;Yes;Yes;Dry;0;Rural;No;28JUL2007;0;21:07;Male;No;Commercial;B: Evident Injury;No;O: No Injury;7059;July;0;Straight - Level;Coastal;With Traffic;No Control Present;Saturday;Non-Intersection;51;0;Two-Way, Not Divided;2 lanes;0;#NULL!;#NULL!;Coarse Asphalt;#NULL!;No Special Feature;Motorist Overtaking Bicyclist;NC Route;B: Evident Injury;Pamlico;45;Clear;#NULL!;41-45 mph;40 - 45  MPH;2007;Dark - Roadway Not Lighted;40-49
35.5033369494, -80.6118831878;"{""type"": ""Point"", ""coordinates"": [-80.61188318783738, 35.503336949417395]}";Native American;Kannapolis;Travel Lane;2;19;Urban (>70% Developed);Male;Unknown;0;#NULL!;0;0;Unknown/Missing;No;0;50-59;Motorist Intentionally Caused;None;No;No;Dry;0;Urban;Yes;28JUL2007;0;19:57;Unknown;Missing;Commercial;B: Evident Injury;Yes;Unknown Injury;7060;July;0;Straight - Level;Piedmont;With Traffic;No Control Present;Saturday;Non-Intersection;57;0;Two-Way, Not Divided;4 lanes;0;#NULL!;#NULL!;Smooth Asphalt;#NULL!;No Special Feature;Other / Unusual Circumstances;Local Street;B: Evident Injury;Cabarrus;Unknown;Clear;#NULL!;6-10 mph;40 - 45  MPH;2007;Daylight;Unknown
35.3445430893, -75.5040916294;"{""type"": ""Point"", ""coordinates"": [-75.50409162938325, 35.34454308932603]}";White;None - Rural Crash;Bike Lane / Paved Shoulder;2;16;Urban (>70% Developed);Female;Pickup;0;#NULL!;0;0;White;No;0;30-39;Motorist Drive Out - Commercial Driveway / Alley;None;No;No;Dry;0;Rural;No;31JUL2007;0;16:18;Male;No;Commercial;B: Evident Injury;Yes;O: No Injury;7073;July;0;Straight - Level;Coastal;With Traffic;No Control Present;Tuesday;Non-Intersection;38;0;Two-Way, Not Divided;2 lanes;0;#NULL!;#NULL!;Coarse Asphalt;#NULL!;Driveway, Public;Motorist Failed to Yield - Midblock;NC Route;B: Evident Injury;Dare;70+;Clear;#NULL!;0-5 mph;30 - 35  MPH;2007;Daylight;70+
35.7266989706, -81.3232074122;"{""type"": ""Point"", ""coordinates"": [-81.32320741217674, 35.726698970634416]}";White;Hickory;Travel Lane;2;21;Urban (>70% Developed);Male;Van;0;#NULL!;0;0;White;No;0;50-59;Motorist Overtaking - Bicyclist Swerved;None;No;No;Dry;0;Urban;No;31JUL2007;0;21:35;Male;No;Commercial;B: Evident Injury;Yes;O: No Injury;7077;July;0;Straight - Grade;Piedmont;With Traffic;No Control Present;Tuesday;Non-Intersection;58;0;Two-Way, Not Divided;5 lanes;0;#NULL!;#NULL!;Coarse Asphalt;#NULL!;No Special Feature;Motorist Overtaking Bicyclist;Local Street;B: Evident Injury;Catawba;56;Clear;#NULL!;36-40 mph;40 - 45  MPH;2007;Dark - Lighted Roadway;50-59
34.9814448408, -80.5438731393;"{""type"": ""Point"", ""coordinates"": [-80.54387313932614, 34.98144484075989]}";Black;Monroe;Sidewalk / Crosswalk / Driveway Crossing;2;15;Urban (>70% Developed);Male;Passenger Car;0;#NULL!;0;0;Black;No;0;16-19;Bicyclist Lost Control - Mechanical Problems;None;No;No;Dry;0;Urban;No;01AUG2007;0;15:47;Female;No;Commercial;C: Possible Injury;Yes;O: No Injury;7080;August;0;Straight - Level;Piedmont;Facing Traffic;Stop And Go Signal;Wednesday;Intersection;19;0;Two-Way, Not Divided;2 lanes;0;#NULL!;#NULL!;Smooth Asphalt;#NULL!;Four-Way Intersection;Loss of Control / Turning Error;Local Street;C: Possible Injury;Union;16;Clear;#NULL!;0-5 mph;30 - 35  MPH;2007;Daylight;0-19
35.8556550982, -78.5752225934;"{""type"": ""Point"", ""coordinates"": [-78.57522259337154, 35.85565509820991]}";White;Raleigh;Travel Lane;2;18;Urban (>70% Developed);Male;Unknown;0;#NULL!;0;0;Unknown/Missing;No;0;30-39;Motorist Overtaking - Other / Unknown;None;No;No;Dry;0;Urban;Yes;12AUG2007;0;18:45;Unknown;Missing;Residential;C: Possible Injury;Yes;Unknown Injury;7113;August;0;Straight - Level;Piedmont;With Traffic;No Control Present;Sunday;Non-Intersection;31;0;Two-Way, Divided, Unprotected Median;4 lanes;0;#NULL!;#NULL!;Smooth Asphalt;#NULL!;No Special Feature;Motorist Overtaking Bicyclist;Local Street;C: Possible Injury;Wake;Unknown;Clear;#NULL!;16-20 mph;40 - 45  MPH;2007;Daylight;Unknown