Geo Point;Geo Shape;BikeRace;City;BikePos;NumUnits;CrashHour;Locality;BikeSex;DrvrVehTyp;NumBikesNo;BikeAlcDrg;NumBikesBI;RteInvdCd;DrvrRace;Workzone;NumBikesCi;BikeAgeGrp;CrashType;RdDefects;CrashAlcoh;BikeAlcoho;RdConditio;DstncMiFrm;RuralUrban;HitRun;CrashDate;NumBikesUI;CrashTime;DrvrSex;DrvrAlcoho;Developmen;CrashSevr;AmbulanceR;DrvrInjury;OBJECTID;CrashMonth;NumBikesKi;RdCharacte;Region;BikeDir;TraffCntrl;CrashDay;CrashLoc;BikeAge;NumBikesTo;RdConfig;NumLanes;NumBikesAI;DrvrAlcDrg;OnRoad;RdSurface;Towrd_Rd;RdFeature;CrashGrp;RdClass;BikeInjury;County;DrvrAge;Weather;FrmRd;DrvrEstSpd;SpeedLimit;CrashYear;LightCond;DrvrAgeGrp
35.6068030861, -77.3694622141;"{""type"": ""Point"", ""coordinates"": [-77.36946221410213, 35.606803086136274]}";White;Greenville;Non-Roadway;2;15;Urban (>70% Developed);Female;Unknown;0;#NULL!;0;0;Unknown/Missing;No;0;20-24;Non-Roadway;None;No;No;Dry;0;Urban;Yes;13AUG2007;0;15:00;Unknown;Missing;Institutional;B: Evident Injury;No;Unknown Injury;7119;August;0;Curve - Level;Coastal;Unknown;No Control Present;Monday;Non-Roadway;20;0;Two-Way, Not Divided;1 lane;0;#NULL!;#NULL!;Smooth Asphalt;#NULL!;Driveway, Public;Non-Roadway;Public Vehicular Area;B: Evident Injury;Pitt;Unknown;Clear;#NULL!;0-5 mph;5 - 15 MPH;2007;Daylight;Unknown
35.9415010652, -80.0028930294;"{""type"": ""Point"", ""coordinates"": [-80.00289302942855, 35.94150106517032]}";White;High Point;Travel Lane;2;14;Urban (>70% Developed);Male;Sport Utility;0;#NULL!;0;0;White;No;0;20-24;Bicyclist Ride Through - Sign-Controlled Intersection;None;No;No;Dry;0;Urban;No;13AUG2007;0;14:22;Female;No;Residential;B: Evident Injury;Yes;O: No Injury;7121;August;0;Straight - Level;Piedmont;With Traffic;Stop Sign;Monday;Intersection;20;0;Two-Way, Not Divided;2 lanes;0;#NULL!;#NULL!;Smooth Asphalt;#NULL!;T-Intersection;Bicyclist Failed to Yield - Sign-Controlled Intersection;Local Street;B: Evident Injury;Guilford;61;Clear;#NULL!;21-25 mph;30 - 35  MPH;2007;Daylight;60-69
34.9057769473, -76.9335720463;"{""type"": ""Point"", ""coordinates"": [-76.93357204634108, 34.90577694732628]}";Black;Havelock;Travel Lane;2;14;Urban (>70% Developed);Male;Passenger Car;0;#NULL!;0;0;White;No;0;11-15;Parallel Paths - Other / Unknown;None;No;No;Dry;0;Urban;No;18AUG2007;0;14:47;Male;No;Commercial;O: No Injury;Yes;O: No Injury;7140;August;0;Straight - Level;Coastal;With Traffic;No Control Present;Saturday;Non-Intersection;14;0;Two-Way, Not Divided;2 lanes;0;#NULL!;#NULL!;Smooth Asphalt;#NULL!;No Special Feature;Parallel Paths - Other Circumstances;State Secondary Route;O: No Injury;Craven;70+;Clear;#NULL!;16-20 mph;40 - 45  MPH;2007;Daylight;70+
35.6580370118, -79.8214329593;"{""type"": ""Point"", ""coordinates"": [-79.82143295927737, 35.65803701176948]}";Black;Asheboro;Driveway / Alley;2;17;Urban (>70% Developed);Female;Passenger Car;0;#NULL!;0;0;White;No;0;11-15;Bicyclist Ride Out - Commercial Driveway / Alley;None;No;No;Dry;0;Urban;No;19AUG2007;0;17:01;Male;No;Residential;B: Evident Injury;Yes;O: No Injury;7144;August;0;Straight - Level;Piedmont;Not Applicable;Double Yellow Line, No Passing Zone;Sunday;Non-Intersection;14;0;Two-Way, Not Divided;2 lanes;0;#NULL!;#NULL!;Smooth Asphalt;#NULL!;Driveway, Private;Bicyclist Failed to Yield - Midblock;US Route;B: Evident Injury;Randolph;68;Clear;#NULL!;41-45 mph;40 - 45  MPH;2007;Daylight;60-69
36.0128571186, -78.948142715;"{""type"": ""Point"", ""coordinates"": [-78.94814271500093, 36.012857118620374]}";White;Durham;Travel Lane;2;9;Mixed (30% To 70% Developed);Male;Passenger Car;0;#NULL!;0;0;Asian;No;0;70+;Motorist Right Turn - Same Direction;None;No;No;Dry;0;Urban;No;27NOV2007;0;9:45;Female;No;Residential;B: Evident Injury;Yes;O: No Injury;7145;November;0;Straight - Hillcrest;Piedmont;With Traffic;No Control Present;Tuesday;Non-Intersection;70+;0;Two-Way, Not Divided;2 lanes;0;#NULL!;#NULL!;Coarse Asphalt;#NULL!;No Special Feature;Motorist Right Turn / Merge;Local Street;B: Evident Injury;Durham;34;Clear;#NULL!;31-35 mph;30 - 35  MPH;2007;Daylight;30-39
36.1463431162, -79.7851529756;"{""type"": ""Point"", ""coordinates"": [-79.78515297556413, 36.14634311617782]}";Black;Greensboro;Travel Lane;2;12;Urban (>70% Developed);Female;Passenger Car;0;#NULL!;0;0;Black;No;0;6-10;Crossing Paths - Intersection - Other / Unknown;None;No;No;Dry;0;Urban;No;22AUG2007;0;12:05;Female;No;Residential;B: Evident Injury;Yes;O: No Injury;7155;August;0;Straight - Level;Piedmont;Facing Traffic;No Control Present;Wednesday;Intersection;10;0;Two-Way, Not Divided;3 lanes;0;#NULL!;#NULL!;Coarse Asphalt;#NULL!;T-Intersection;Crossing Paths - Other Circumstances;Local Street;B: Evident Injury;Guilford;23;Cloudy;#NULL!;21-25 mph;30 - 35  MPH;2007;Daylight;20-24
35.0102989025, -78.9523826631;"{""type"": ""Point"", ""coordinates"": [-78.95238266308142, 35.0102989025498]}";Black;None - Rural Crash;Travel Lane;2;15;Mixed (30% To 70% Developed);Male;Passenger Car;0;#NULL!;0;0;White;No;0;11-15;Bicyclist Left Turn - Same Direction;None;No;No;Dry;0;Rural;No;23AUG2007;0;15:17;Male;No;Commercial;C: Possible Injury;Yes;O: No Injury;7156;August;0;Straight - Hillcrest;Coastal;With Traffic;No Control Present;Thursday;Non-Intersection;12;0;Two-Way, Not Divided;5 lanes;0;#NULL!;#NULL!;Smooth Asphalt;#NULL!;No Special Feature;Bicyclist Left Turn / Merge;State Secondary Route;C: Possible Injury;Cumberland;68;Clear;#NULL!;41-45 mph;40 - 45  MPH;2007;Daylight;60-69
36.2055390569, -81.6696935439;"{""type"": ""Point"", ""coordinates"": [-81.6696935439247, 36.205539056892015]}";White;Boone;Travel Lane;2;16;Urban (>70% Developed);Male;Sport Utility;0;#NULL!;0;0;White;No;0;20-24;Bicyclist Overtaking - Other / Unknown;None;No;No;Wet;0;Urban;No;24AUG2007;0;16:59;Male;No;Commercial;B: Evident Injury;Yes;O: No Injury;7160;August;0;Straight - Level;Mountains;With Traffic;Stop And Go Signal;Friday;Intersection-Related;20;0;Two-Way, Not Divided;7 lanes;0;#NULL!;#NULL!;Smooth Asphalt;#NULL!;Four-Way Intersection;Bicyclist Overtaking Motorist;NC Route;B: Evident Injury;Watauga;29;Cloudy;#NULL!;16-20 mph;30 - 35  MPH;2007;Daylight;25-29
35.812177088, -78.6092426013;"{""type"": ""Point"", ""coordinates"": [-78.60924260129681, 35.81217708800944]}";Black;Raleigh;Travel Lane;2;1;Urban (>70% Developed);Male;Unknown;0;#NULL!;0;0;Unknown/Missing;No;0;60-69;Motorist Overtaking - Undetected Bicyclist;None;No;No;Dry;0;Urban;Yes;18AUG2007;0;1:27;Unknown;Missing;Commercial;A: Disabling Injury;Yes;Unknown Injury;7162;August;0;Straight - Grade;Piedmont;With Traffic;No Control Present;Saturday;Intersection;65;0;Two-Way, Divided, Unprotected Median;6 lanes;0;#NULL!;#NULL!;Smooth Asphalt;#NULL!;On or Off Ramp;Motorist Overtaking Bicyclist;Local Street;A: Disabling Injury;Wake;Unknown;Clear;#NULL!;41-45 mph;40 - 45  MPH;2007;Dark - Lighted Roadway;Unknown
35.7348020951, -77.9281723906;"{""type"": ""Point"", ""coordinates"": [-77.92817239059588, 35.7348020951478]}";White;Wilson;Travel Lane;2;17;Urban (>70% Developed);Male;Passenger Car;0;#NULL!;0;0;White;No;0;6-10;Bicyclist Left Turn - Same Direction;None;No;No;Dry;0;Urban;No;21AUG2007;0;17:13;Male;No;Residential;B: Evident Injury;Yes;O: No Injury;7164;August;0;Curve - Level;Coastal;With Traffic;No Control Present;Tuesday;Non-Intersection;10;0;Two-Way, Not Divided;2 lanes;0;#NULL!;#NULL!;Smooth Asphalt;#NULL!;No Special Feature;Bicyclist Left Turn / Merge;Local Street;B: Evident Injury;Wilson;20;Clear;#NULL!;31-35 mph;30 - 35  MPH;2007;Daylight;20-24
35.7931440815, -78.6730426204;"{""type"": ""Point"", ""coordinates"": [-78.67304262042951, 35.793144081534166]}";White;Raleigh;Travel Lane;2;20;Urban (>70% Developed);Female;Passenger Car;0;#NULL!;0;0;White;No;0;20-24;Motorist Drive Out - Sign-Controlled Intersection;None;No;No;Dry;0;Urban;No;23AUG2007;0;20:07;Female;No;Residential;C: Possible Injury;No;O: No Injury;7165;August;0;Straight - Level;Piedmont;With Traffic;Stop Sign;Thursday;Intersection;22;0;Two-Way, Divided, Unprotected Median;2 lanes;0;#NULL!;#NULL!;Concrete;#NULL!;Four-Way Intersection;Motorist Failed to Yield - Sign-Controlled Intersection;Local Street;C: Possible Injury;Wake;37;Clear;#NULL!;21-25 mph;30 - 35  MPH;2007;Dark - Roadway Not Lighted;30-39
35.3049918988, -80.8473432478;"{""type"": ""Point"", ""coordinates"": [-80.84734324779203, 35.30499189875142]}";Black;Charlotte;Non-Roadway;2;15;Urban (>70% Developed);Female;Sport Utility;0;#NULL!;0;0;Hispanic;No;0;6-10;Non-Roadway;None;No;No;Dry;0;Urban;No;01DEC2007;0;15:20;Male;No;Residential;C: Possible Injury;Yes;O: No Injury;7166;December;0;Straight - Level;Piedmont;Unknown;No Control Present;Saturday;Non-Roadway;9;0;Two-Way, Not Divided;Unknown;0;#NULL!;#NULL!;Smooth Asphalt;#NULL!;No Special Feature;Non-Roadway;Public Vehicular Area;C: Possible Injury;Mecklenburg;24;Clear;#NULL!;0-5 mph;20 - 25  MPH;2007;Daylight;20-24
36.0803271286, -79.0587727527;"{""type"": ""Point"", ""coordinates"": [-79.05877275265715, 36.080327128614634]}";White;None - Rural Crash;Travel Lane;2;9;Rural (<30% Developed);Female;Passenger Car;0;#NULL!;0;0;White;No;0;30-39;Motorist Overtaking - Other / Unknown;None;No;No;Dry;0;Rural;No;25AUG2007;0;9:22;Female;No;Farms, Woods, Pastures;B: Evident Injury;Yes;O: No Injury;7167;August;0;Curve - Hillcrest;Piedmont;With Traffic;Double Yellow Line, No Passing Zone;Saturday;Non-Intersection;30;0;Two-Way, Not Divided;2 lanes;0;#NULL!;#NULL!;Smooth Asphalt;#NULL!;No Special Feature;Motorist Overtaking Bicyclist;State Secondary Route;B: Evident Injury;Orange;25;Clear;#NULL!;46-50 mph;50 - 55  MPH;2007;Daylight;25-29
34.0510367266, -77.8997922998;"{""type"": ""Point"", ""coordinates"": [-77.89979229978304, 34.0510367266139]}";White;None - Rural Crash;Travel Lane;2;16;Rural (<30% Developed);Male;Sport Utility;0;#NULL!;0;0;White;No;0;11-15;Bicyclist Left Turn - Same Direction;None;No;No;Dry;0;Rural;No;29AUG2007;0;16:19;Male;No;Farms, Woods, Pastures;B: Evident Injury;Yes;O: No Injury;7174;August;0;Straight - Level;Coastal;With Traffic;No Control Present;Wednesday;Non-Intersection;15;0;Two-Way, Divided, Unprotected Median;4 lanes;0;#NULL!;#NULL!;Coarse Asphalt;#NULL!;No Special Feature;Bicyclist Left Turn / Merge;US Route;B: Evident Injury;New Hanover;29;Clear;#NULL!;51-55 mph;50 - 55  MPH;2007;Daylight;25-29
35.8198271287, -77.4615572525;"{""type"": ""Point"", ""coordinates"": [-77.46155725251002, 35.81982712872848]}";Black;Conetoe;Travel Lane;2;19;Urban (>70% Developed);Male;Sport Utility;0;#NULL!;0;0;Black;No;0;6-10;Bicyclist Ride Through - Sign-Controlled Intersection;None;No;No;Dry;0;Rural;No;01SEP2007;0;19:06;Male;No;Residential;C: Possible Injury;Yes;O: No Injury;7182;September;0;Straight - Level;Coastal;With Traffic;Stop Sign;Saturday;Intersection;9;0;Two-Way, Not Divided;2 lanes;0;#NULL!;#NULL!;Coarse Asphalt;#NULL!;Four-Way Intersection;Bicyclist Failed to Yield - Sign-Controlled Intersection;State Secondary Route;C: Possible Injury;Edgecombe;26;Clear;#NULL!;31-35 mph;30 - 35  MPH;2007;Daylight;25-29
36.4372672729, -77.1185021805;"{""type"": ""Point"", ""coordinates"": [-77.11850218045394, 36.4372672729263]}";Black;None - Rural Crash;Travel Lane;2;22;Mixed (30% To 70% Developed);Male;Passenger Car;0;#NULL!;0;0;Black;No;0;20-24;Head-On - Motorist;None;No;No;Dry;0;Rural;No;01SEP2007;0;22:50;Male;No;Residential;K: Killed;Yes;B: Evident Injury;7183;September;0;Straight - Level;Coastal;With Traffic;Double Yellow Line, No Passing Zone;Saturday;Non-Intersection;21;0;Two-Way, Not Divided;2 lanes;0;#NULL!;#NULL!;Coarse Asphalt;#NULL!;Driveway, Public;Head-On;State Secondary Route;K: Killed;Hertford;19;Clear;#NULL!;56-60 mph;40 - 45  MPH;2007;Daylight;0-19
35.0620949151, -78.9186276556;"{""type"": ""Point"", ""coordinates"": [-78.9186276556038, 35.06209491509228]}";White;Fayetteville;Unknown;2;8;Urban (>70% Developed);Male;Unknown;0;#NULL!;0;0;Unknown/Missing;No;0;20-24;Motorist Drive Out - Sign-Controlled Intersection;None;No;No;Dry;0;Urban;Yes;21AUG2007;0;8:45;Unknown;Missing;Residential;O: No Injury;No;Unknown Injury;7187;August;0;Curve - Hillcrest;Coastal;With Traffic;Stop Sign;Tuesday;Intersection;20;0;Two-Way, Not Divided;4 lanes;0;#NULL!;#NULL!;Coarse Asphalt;#NULL!;T-Intersection;Motorist Failed to Yield - Sign-Controlled Intersection;Local Street;O: No Injury;Cumberland;Unknown;Clear;#NULL!;Unknown;Unknown;2007;Daylight;Unknown
35.2682448902, -80.8538832468;"{""type"": ""Point"", ""coordinates"": [-80.85388324680542, 35.26824489016849]}";Black;Charlotte;Unknown;2;21;Urban (>70% Developed);Male;Passenger Car;0;#NULL!;0;0;Black;No;0;11-15;Unknown Approach Paths;None;No;No;Dry;0;Urban;No;07DEC2007;0;21:13;Female;No;Commercial;B: Evident Injury;Yes;O: No Injury;7188;December;0;Straight - Level;Piedmont;Unknown;Stop And Go Signal;Friday;Intersection-Related;14;0;Two-Way, Divided, Unprotected Median;2 lanes;0;#NULL!;#NULL!;Smooth Asphalt;#NULL!;Four-Way Intersection;Other / Unknown - Insufficient Details;Local Street;B: Evident Injury;Mecklenburg;23;Clear;#NULL!;0-5 mph;30 - 35  MPH;2007;Dark - Lighted Roadway;20-24
35.563590087, -77.0623321183;"{""type"": ""Point"", ""coordinates"": [-77.06233211830342, 35.56359008699513]}";White;Washington;Travel Lane;2;14;Urban (>70% Developed);Male;Sport Utility;0;#NULL!;0;0;White;Yes;0;25-29;Motorist Drive Out - Commercial Driveway / Alley;None;No;No;Dry;0;Urban;No;03SEP2007;0;14:51;Female;No;Commercial;B: Evident Injury;Yes;O: No Injury;7190;September;0;Straight - Level;Coastal;Facing Traffic;No Control Present;Monday;Non-Intersection;27;0;Two-Way, Not Divided;4 lanes;0;#NULL!;#NULL!;Coarse Asphalt;#NULL!;No Special Feature;Motorist Failed to Yield - Midblock;Local Street;B: Evident Injury;Beaufort;24;Clear;#NULL!;0-5 mph;30 - 35  MPH;2007;Daylight;20-24
35.7993670017, -80.8907532875;"{""type"": ""Point"", ""coordinates"": [-80.89075328749512, 35.799367001741416]}";Black;Statesville;Multi-use Path;2;17;Urban (>70% Developed);Male;Passenger Car;0;#NULL!;0;0;White;No;0;16-19;Motorist Drive Out - Sign-Controlled Intersection;None;No;No;Dry;0;Urban;No;03SEP2007;0;17:59;Female;No;Residential;B: Evident Injury;Yes;O: No Injury;7191;September;0;Straight - Level;Piedmont;Facing Traffic;Flashing Signal With Stop Sign;Monday;Intersection;17;0;Two-Way, Not Divided;2 lanes;0;#NULL!;#NULL!;Smooth Asphalt;#NULL!;Four-Way Intersection;Motorist Failed to Yield - Sign-Controlled Intersection;Local Street;B: Evident Injury;Iredell;51;Clear;#NULL!;31-35 mph;30 - 35  MPH;2007;Dusk;50-59
35.0816219831, -77.0311020849;"{""type"": ""Point"", ""coordinates"": [-77.03110208485744, 35.081621983072175]}";White;None - Rural Crash;Unknown;2;18;Urban (>70% Developed);Male;Pickup;0;#NULL!;0;0;White;No;0;11-15;Bicyclist Ride Out - Signalized  Intersection;None;Yes;Yes;Dry;0;Rural;No;06SEP2007;0;18:14;Male;No;Commercial;C: Possible Injury;No;O: No Injury;7199;September;0;Straight - Grade;Coastal;Unknown;Stop And Go Signal;Thursday;Intersection;12;0;Two-Way, Divided, Unprotected Median;4 lanes;0;#NULL!;#NULL!;Coarse Asphalt;#NULL!;Four-Way Intersection;Bicyclist Failed to Yield - Signalized Intersection;US Route;C: Possible Injury;Craven;31;Clear;#NULL!;0-5 mph;50 - 55  MPH;2007;Daylight;30-39
34.2361217674, -77.9023523093;"{""type"": ""Point"", ""coordinates"": [-77.90235230929702, 34.236121767388624]}";Black;Wilmington;Unknown;2;4;Urban (>70% Developed);Male;Passenger Car;0;#NULL!;0;0;White;No;0;30-39;Unknown Approach Paths;None;Yes;Yes;Dry;0;Urban;No;26AUG2007;0;4:06;Male;Yes;Residential;B: Evident Injury;Yes;O: No Injury;7202;August;0;Straight - Level;Coastal;Unknown;No Control Present;Sunday;Non-Intersection;34;0;Two-Way, Not Divided;2 lanes;0;#NULL!;#NULL!;Smooth Asphalt;#NULL!;No Special Feature;Other / Unknown - Insufficient Details;Local Street;B: Evident Injury;New Hanover;29;Clear;#NULL!;21-25 mph;20 - 25  MPH;2007;Dark - Lighted Roadway;25-29
36.409587247, -77.6877083533;"{""type"": ""Point"", ""coordinates"": [-77.68770835328257, 36.40958724703019]}";Black;None - Rural Crash;Travel Lane;2;12;Mixed (30% To 70% Developed);Male;Unknown;0;#NULL!;0;0;Unknown/Missing;No;0;11-15;Motorist Overtaking - Misjudged Space;None;No;No;Dry;0;Rural;Yes;01SEP2007;0;12:09;Unknown;Missing;Residential;C: Possible Injury;No;Unknown Injury;7204;September;0;Curve - Level;Coastal;With Traffic;Double Yellow Line, No Passing Zone;Saturday;Non-Intersection;14;0;Two-Way, Not Divided;2 lanes;0;#NULL!;#NULL!;Smooth Asphalt;#NULL!;No Special Feature;Motorist Overtaking Bicyclist;State Secondary Route;C: Possible Injury;Halifax;Unknown;Clear;#NULL!;Unknown;40 - 45  MPH;2007;Daylight;Unknown
35.7353009588, -81.6753335181;"{""type"": ""Point"", ""coordinates"": [-81.67533351813434, 35.73530095880585]}";White;Morganton;Unknown;2;16;Urban (>70% Developed);Male;Sport Utility;0;#NULL!;0;0;White;No;0;30-39;Motorist Right Turn - Same Direction;None;No;No;Dry;0;Urban;No;31AUG2007;0;16:56;Female;No;Commercial;B: Evident Injury;No;O: No Injury;7205;August;0;Straight - Grade;Mountains;With Traffic;Stop And Go Signal;Friday;Intersection;39;0;Two-Way, Divided, Unprotected Median;5 lanes;0;#NULL!;#NULL!;Coarse Asphalt;#NULL!;T-Intersection;Motorist Right Turn / Merge;Local Street;B: Evident Injury;Burke;52;Clear;#NULL!;0-5 mph;40 - 45  MPH;2007;Daylight;50-59
35.9903901087, -79.0729827518;"{""type"": ""Point"", ""coordinates"": [-79.07298275177435, 35.99039010874872]}";White;None - Rural Crash;Travel Lane;2;17;Mixed (30% To 70% Developed);Male;Passenger Car;0;#NULL!;0;0;White;No;0;30-39;Motorist Left Turn - Opposite Direction;None;No;No;Dry;0;Rural;No;12OCT2007;0;17:10;Female;No;Farms, Woods, Pastures;B: Evident Injury;Yes;O: No Injury;7206;October;0;Straight - Grade;Piedmont;With Traffic;No Control Present;Friday;Non-Intersection;34;0;Two-Way, Not Divided;2 lanes;0;#NULL!;#NULL!;Smooth Asphalt;#NULL!;Driveway, Private;Motorist Left Turn / Merge;State Secondary Route;B: Evident Injury;Orange;18;Clear;#NULL!;11-15 mph;30 - 35  MPH;2007;Daylight;0-19
35.3353069827, -78.6726625962;"{""type"": ""Point"", ""coordinates"": [-78.6726625961947, 35.33530698265396]}";Black;Erwin;Non-Roadway;2;14;Urban (>70% Developed);Male;Passenger Car;0;#NULL!;0;0;White;No;0;11-15;Bicyclist Ride Out - Signalized  Intersection;None;No;No;Dry;0;Rural;No;05SEP2007;0;14:51;Male;No;Commercial;B: Evident Injury;No;O: No Injury;7207;September;0;Straight - Level;Coastal;Not Applicable;No Control Present;Wednesday;Intersection-Related;14;0;Two-Way, Not Divided;2 lanes;0;#NULL!;#NULL!;Coarse Asphalt;#NULL!;Driveway, Private;Bicyclist Failed to Yield - Signalized Intersection;Local Street;B: Evident Injury;Harnett;16;Clear;#NULL!;11-15 mph;30 - 35  MPH;2007;Daylight;0-19
35.9354321431, -77.7827173572;"{""type"": ""Point"", ""coordinates"": [-77.78271735718809, 35.935432143077186]}";Black;Rocky Mount;Travel Lane;2;16;Urban (>70% Developed);Female;Van;0;#NULL!;0;0;Black;No;0;6-10;Bicyclist Turning Error - Right Turn;None;No;No;Dry;0;Urban;No;29AUG2007;0;16:02;Male;No;Residential;C: Possible Injury;No;O: No Injury;7208;August;0;Straight - Level;Coastal;With Traffic;Stop Sign;Wednesday;Intersection;10;0;Two-Way, Not Divided;2 lanes;0;#NULL!;#NULL!;Smooth Asphalt;#NULL!;Four-Way Intersection;Loss of Control / Turning Error;Local Street;C: Possible Injury;Edgecombe;62;Clear;#NULL!;16-20 mph;30 - 35  MPH;2007;Daylight;60-69
35.5221590703, -77.3019281892;"{""type"": ""Point"", ""coordinates"": [-77.30192818918931, 35.522159070274384]}";White;None - Rural Crash;Travel Lane;2;10;Rural (<30% Developed);Male;Passenger Car;0;#NULL!;0;0;White;No;0;30-39;Motorist Left Turn - Opposite Direction;None;No;No;Dry;0;Rural;No;06OCT2007;0;10:17;Female;No;Farms, Woods, Pastures;B: Evident Injury;Yes;O: No Injury;7209;October;0;Straight - Level;Coastal;With Traffic;No Control Present;Saturday;Intersection;36;0;Two-Way, Not Divided;2 lanes;0;#NULL!;#NULL!;Smooth Asphalt;#NULL!;T-Intersection;Motorist Left Turn / Merge;State Secondary Route;B: Evident Injury;Pitt;38;Clear;#NULL!;16-20 mph;50 - 55  MPH;2007;Daylight;30-39
35.2229528815, -80.8379132401;"{""type"": ""Point"", ""coordinates"": [-80.83791324006073, 35.22295288149335]}";White;Charlotte;Sidewalk / Crosswalk / Driveway Crossing;2;10;Urban (>70% Developed);Male;Passenger Car;0;#NULL!;0;0;White;Yes;0;50-59;Motorist Left Turn - Same Direction;None;No;No;Dry;0;Urban;No;12DEC2007;0;10:34;Male;No;Commercial;C: Possible Injury;No;O: No Injury;7212;December;0;Straight - Level;Piedmont;Facing Traffic;Stop And Go Signal;Wednesday;Intersection;51;0;Two-Way, Not Divided;4 lanes;0;#NULL!;#NULL!;Smooth Asphalt;#NULL!;Four-Way Intersection;Motorist Left Turn / Merge;Local Street;C: Possible Injury;Mecklenburg;38;Clear;#NULL!;26-30 mph;30 - 35  MPH;2007;Daylight;30-39
35.113386988, -77.096352106;"{""type"": ""Point"", ""coordinates"": [-77.09635210597968, 35.11338698796515]}";Hispanic;New Bern;Travel Lane;2;15;Urban (>70% Developed);Male;Sport Utility;0;#NULL!;0;0;Other;No;0;40-49;Motorist Drive Out - Right Turn on Red;None;No;No;Dry;0;Urban;No;07SEP2007;0;15:26;Female;No;Commercial;C: Possible Injury;Yes;O: No Injury;7215;September;0;Straight - Level;Coastal;Facing Traffic;Stop And Go Signal;Friday;Intersection;42;0;Two-Way, Not Divided;4 lanes;0;#NULL!;#NULL!;Smooth Asphalt;#NULL!;Four-Way Intersection;Motorist Failed to Yield - Signalized Intersection;US Route;C: Possible Injury;Craven;31;Clear;#NULL!;Unknown;40 - 45  MPH;2007;Daylight;30-39
34.2358667668, -77.9431863207;"{""type"": ""Point"", ""coordinates"": [-77.94318632070221, 34.235866766789286]}";Black;None - Rural Crash;Sidewalk / Crosswalk / Driveway Crossing;2;13;Urban (>70% Developed);Male;Passenger Car;0;#NULL!;0;0;Black;No;0;30-39;Motorist Drive Out - Right Turn on Red;None;No;No;Dry;0;Rural;No;07SEP2007;0;13:26;Male;No;Residential;C: Possible Injury;Yes;O: No Injury;7218;September;0;Straight - Grade;Coastal;Facing Traffic;Stop And Go Signal;Friday;Intersection;37;0;Two-Way, Divided, Unprotected Median;4 lanes;0;#NULL!;#NULL!;Coarse Asphalt;#NULL!;Traffic Circle/Roundabout;Motorist Failed to Yield - Signalized Intersection;Local Street;C: Possible Injury;New Hanover;52;Clear;#NULL!;0-5 mph;30 - 35  MPH;2007;Daylight;50-59
36.0588970967, -79.806352977;"{""type"": ""Point"", ""coordinates"": [-79.80635297703766, 36.05889709670863]}";Black;Greensboro;Travel Lane;2;14;Urban (>70% Developed);Male;Passenger Car;0;#NULL!;0;0;Black;No;0;6-10;Bicyclist Lost Control - Mechanical Problems;None;No;No;Dry;0;Urban;No;08SEP2007;0;14:03;Male;No;Residential;B: Evident Injury;Yes;O: No Injury;7220;September;0;Straight - Level;Piedmont;With Traffic;Stop Sign;Saturday;Intersection;9;0;Two-Way, Not Divided;2 lanes;0;#NULL!;#NULL!;Smooth Asphalt;#NULL!;T-Intersection;Loss of Control / Turning Error;Local Street;B: Evident Injury;Guilford;20;Clear;#NULL!;26-30 mph;30 - 35  MPH;2007;Daylight;20-24
35.1079669878, -77.049542092;"{""type"": ""Point"", ""coordinates"": [-77.04954209199622, 35.10796698775226]}";Hispanic;New Bern;Travel Lane;2;10;Urban (>70% Developed);Female;Passenger Car;0;#NULL!;0;0;White;No;0;20-24;Bicyclist Overtaking - Other / Unknown;None;No;No;Dry;0;Urban;No;09SEP2007;0;10:23;Male;No;Commercial;B: Evident Injury;No;O: No Injury;7222;September;0;Straight - Level;Coastal;With Traffic;No Control Present;Sunday;Non-Intersection;23;0;Two-Way, Not Divided;2 lanes;0;#NULL!;#NULL!;Smooth Asphalt;#NULL!;No Special Feature;Bicyclist Overtaking Motorist;Local Street;B: Evident Injury;Craven;70+;Cloudy;#NULL!;0-5 mph;30 - 35  MPH;2007;Daylight;70+
36.5049971899, -79.8294930093;"{""type"": ""Point"", ""coordinates"": [-79.82949300931423, 36.50499718990309]}";White;None - Rural Crash;Travel Lane;2;21;Rural (<30% Developed);Male;Sport Utility;0;#NULL!;0;0;White;No;0;16-19;Motorist Drive Out - Sign-Controlled Intersection;None;No;No;Dry;0;Rural;No;10SEP2007;0;21:14;Female;No;Farms, Woods, Pastures;C: Possible Injury;No;O: No Injury;7224;September;0;Curve - Grade;Piedmont;Facing Traffic;Double Yellow Line, No Passing Zone;Monday;Intersection;16;0;Two-Way, Not Divided;2 lanes;0;#NULL!;#NULL!;Coarse Asphalt;#NULL!;T-Intersection;Motorist Failed to Yield - Sign-Controlled Intersection;State Secondary Route;C: Possible Injury;Rockingham;31;Clear;#NULL!;Unknown;40 - 45  MPH;2007;Dark - Roadway Not Lighted;30-39