Geo Point;Geo Shape;BikeRace;City;BikePos;NumUnits;CrashHour;Locality;BikeSex;DrvrVehTyp;NumBikesNo;BikeAlcDrg;NumBikesBI;RteInvdCd;DrvrRace;Workzone;NumBikesCi;BikeAgeGrp;CrashType;RdDefects;CrashAlcoh;BikeAlcoho;RdConditio;DstncMiFrm;RuralUrban;HitRun;CrashDate;NumBikesUI;CrashTime;DrvrSex;DrvrAlcoho;Developmen;CrashSevr;AmbulanceR;DrvrInjury;OBJECTID;CrashMonth;NumBikesKi;RdCharacte;Region;BikeDir;TraffCntrl;CrashDay;CrashLoc;BikeAge;NumBikesTo;RdConfig;NumLanes;NumBikesAI;DrvrAlcDrg;OnRoad;RdSurface;Towrd_Rd;RdFeature;CrashGrp;RdClass;BikeInjury;County;DrvrAge;Weather;FrmRd;DrvrEstSpd;SpeedLimit;CrashYear;LightCond;DrvrAgeGrp
35.9467311448, -77.8037923641;"{""type"": ""Point"", ""coordinates"": [-77.80379236411268, 35.946731144780244]}";Black;Rocky Mount;Travel Lane;2;21;Urban (>70% Developed);Male;Police;0;#NULL!;0;0;White;No;0;40-49;Head-On - Bicyclist;None;No;No;Dry;0;Urban;No;12SEP2007;0;21:44;Male;No;Residential;B: Evident Injury;Yes;O: No Injury;7232;September;0;Straight - Grade;Coastal;Facing Traffic;No Control Present;Wednesday;Non-Intersection;45;0;One-Way, Not Divided;2 lanes;0;#NULL!;#NULL!;Smooth Asphalt;#NULL!;No Special Feature;Head-On;Local Street;B: Evident Injury;Nash;32;Clear;#NULL!;31-35 mph;30 - 35  MPH;2007;Dark - Lighted Roadway;30-39
33.894450673, -78.4913524707;"{""type"": ""Point"", ""coordinates"": [-78.49135247070251, 33.89445067295384]}";White;Sunset Beach;Travel Lane;2;17;Urban (>70% Developed);Male;Sport Utility;0;#NULL!;0;0;White;No;0;11-15;Bicyclist Ride Through - Sign-Controlled Intersection;None;No;No;Dry;0;Rural;No;10SEP2007;0;17:35;Female;No;Residential;C: Possible Injury;Yes;O: No Injury;7234;September;0;Straight - Level;Coastal;With Traffic;Stop Sign;Monday;Intersection;14;0;Two-Way, Not Divided;4 lanes;0;#NULL!;#NULL!;Smooth Asphalt;#NULL!;Four-Way Intersection;Bicyclist Failed to Yield - Sign-Controlled Intersection;Local Street;C: Possible Injury;Brunswick;19;Clear;#NULL!;11-15 mph;30 - 35  MPH;2007;Daylight;0-19
35.2601370044, -77.5710522583;"{""type"": ""Point"", ""coordinates"": [-77.57105225831192, 35.260137004426205]}";Black;Kinston;Travel Lane;2;13;Urban (>70% Developed);Male;Sport Utility;0;#NULL!;0;0;Black;No;0;50-59;Motorist Drive Out - Sign-Controlled Intersection;None;Yes;Yes;Wet;0;Urban;No;26DEC2007;0;13:31;Female;No;Residential;C: Possible Injury;No;O: No Injury;7240;December;0;Straight - Level;Coastal;With Traffic;Stop Sign;Wednesday;Intersection;52;0;Two-Way, Not Divided;2 lanes;0;#NULL!;#NULL!;Coarse Asphalt;#NULL!;T-Intersection;Motorist Failed to Yield - Sign-Controlled Intersection;Private Road, Driveway;C: Possible Injury;Lenoir;30;Clear;#NULL!;0-5 mph;20 - 25  MPH;2007;Dark - Roadway Not Lighted;30-39
35.426426907, -81.3090733916;"{""type"": ""Point"", ""coordinates"": [-81.3090733916169, 35.42642690699279]}";White;None - Rural Crash;Travel Lane;2;5;Mixed (30% To 70% Developed);Male;Passenger Car;0;#NULL!;0;0;White;No;0;50-59;Motorist Overtaking - Undetected Bicyclist;None;No;No;Dry;0;Rural;No;17SEP2007;0;5:42;Female;No;Residential;C: Possible Injury;Yes;O: No Injury;7253;September;0;Straight - Level;Piedmont;With Traffic;No Control Present;Monday;Non-Intersection;54;0;Two-Way, Not Divided;2 lanes;0;#NULL!;#NULL!;Coarse Asphalt;#NULL!;No Special Feature;Motorist Overtaking Bicyclist;NC Route;C: Possible Injury;Lincoln;48;Clear;#NULL!;36-40 mph;40 - 45  MPH;2007;Dark - Roadway Not Lighted;40-49
35.2376548663, -81.3423333911;"{""type"": ""Point"", ""coordinates"": [-81.34233339107622, 35.23765486631022]}";Black;Kings Mountain;Travel Lane;2;16;Mixed (30% To 70% Developed);Male;Sport Utility;0;#NULL!;0;0;White;No;0;16-19;Bicyclist Ride Through - Sign-Controlled Intersection;None;No;No;Dry;0;Urban;No;18SEP2007;0;16:32;Female;No;Commercial;B: Evident Injury;Yes;B: Evident Injury;7258;September;0;Straight - Bottom;Mountains;Facing Traffic;Stop Sign;Tuesday;Intersection;16;0;Two-Way, Not Divided;4 lanes;0;#NULL!;#NULL!;Smooth Asphalt;#NULL!;T-Intersection;Bicyclist Failed to Yield - Sign-Controlled Intersection;Local Street;B: Evident Injury;Cleveland;66;Clear;#NULL!;16-20 mph;20 - 25  MPH;2007;Daylight;60-69
35.6470469563, -81.2608433895;"{""type"": ""Point"", ""coordinates"": [-81.2608433895057, 35.64704695627364]}";White;Newton;Travel Lane;2;19;Mixed (30% To 70% Developed);Male;Police;0;#NULL!;0;0;White;No;0;11-15;Motorist Overtaking - Other / Unknown;None;No;No;Dry;0;Urban;No;19SEP2007;0;19:41;Male;No;Residential;B: Evident Injury;Yes;O: No Injury;7262;September;0;Straight - Level;Piedmont;With Traffic;Double Yellow Line, No Passing Zone;Wednesday;Non-Intersection;13;0;Two-Way, Not Divided;2 lanes;0;#NULL!;#NULL!;Smooth Asphalt;#NULL!;No Special Feature;Motorist Overtaking Bicyclist;NC Route;B: Evident Injury;Catawba;59;Clear;#NULL!;36-40 mph;40 - 45  MPH;2007;Dusk;50-59
35.7188829685, -81.3398034169;"{""type"": ""Point"", ""coordinates"": [-81.33980341685961, 35.718882968494015]}";Black;Hickory;Travel Lane;2;18;Urban (>70% Developed);Male;Passenger Car;0;#NULL!;0;0;Black;No;0;40-49;Backing Vehicle;None;No;No;Dry;0;Urban;No;21SEP2007;0;18:40;Male;No;Residential;O: No Injury;No;O: No Injury;7272;September;0;Straight - Grade;Piedmont;With Traffic;No Control Present;Friday;Non-Intersection;45;0;Two-Way, Not Divided;2 lanes;0;#NULL!;#NULL!;Coarse Asphalt;#NULL!;No Special Feature;Backing Vehicle;Local Street;O: No Injury;Catawba;23;Cloudy;#NULL!;0-5 mph;5 - 15 MPH;2007;Daylight;20-24
35.2638868766, -81.208013352;"{""type"": ""Point"", ""coordinates"": [-81.20801335199431, 35.26388687661513]}";Black;Gastonia;Travel Lane;2;4;Urban (>70% Developed);Male;Unknown;0;#NULL!;0;0;Unknown/Missing;No;0;40-49;Head-On - Bicyclist;None;No;No;Dry;0;Urban;Yes;24SEP2007;0;4:00;Unknown;Missing;Residential;C: Possible Injury;Yes;Unknown Injury;7276;September;0;Straight - Level;Piedmont;Facing Traffic;No Control Present;Monday;Non-Intersection;41;0;Two-Way, Not Divided;2 lanes;0;#NULL!;#NULL!;Smooth Asphalt;#NULL!;No Special Feature;Head-On;Local Street;C: Possible Injury;Gaston;Unknown;Clear;#NULL!;31-35 mph;30 - 35  MPH;2007;Dark - Lighted Roadway;Unknown
34.7443668971, -77.3792621739;"{""type"": ""Point"", ""coordinates"": [-77.37926217393496, 34.74436689709536]}";White;Jacksonville;Travel Lane;2;0;Urban (>70% Developed);Male;Passenger Car;0;#NULL!;0;0;White;No;0;50-59;Motorist Drive Out - Commercial Driveway / Alley;None;No;No;Dry;0;Urban;No;26SEP2007;0;0:56;Female;No;Commercial;O: No Injury;No;O: No Injury;7281;September;0;Straight - Level;Coastal;With Traffic;No Control Present;Wednesday;Non-Intersection;53;0;Two-Way, Not Divided;4 lanes;0;#NULL!;#NULL!;Smooth Asphalt;#NULL!;No Special Feature;Motorist Failed to Yield - Midblock;Local Street;O: No Injury;Onslow;60;Clear;#NULL!;0-5 mph;30 - 35  MPH;2007;Dark - Lighted Roadway;60-69
35.7609370675, -78.8757426791;"{""type"": ""Point"", ""coordinates"": [-78.87574267914692, 35.76093706754319]}";White;Apex;Travel Lane;2;18;Urban (>70% Developed);Male;Passenger Car;0;#NULL!;0;0;White;No;0;50-59;Motorist Left Turn - Opposite Direction;None;No;No;Dry;0;Urban;No;01OCT2007;0;18:04;Female;No;Commercial;C: Possible Injury;Yes;O: No Injury;7294;October;0;Straight - Level;Piedmont;With Traffic;Stop And Go Signal;Monday;Intersection;51;0;Two-Way, Not Divided;4 lanes;0;#NULL!;#NULL!;Smooth Asphalt;#NULL!;Four-Way Intersection;Motorist Left Turn / Merge;NC Route;C: Possible Injury;Wake;20;Clear;#NULL!;Unknown;40 - 45  MPH;2007;Daylight;20-24
35.5306809485, -80.7988132448;"{""type"": ""Point"", ""coordinates"": [-80.79881324481718, 35.53068094854945]}";White;None - Rural Crash;Travel Lane;2;12;Mixed (30% To 70% Developed);Male;Passenger Car;0;#NULL!;0;0;White;No;0;30-39;Motorist Overtaking - Other / Unknown;None;No;No;Dry;0;Rural;No;09OCT2007;0;12:05;Male;No;Residential;B: Evident Injury;Yes;O: No Injury;7311;October;0;Straight - Level;Piedmont;With Traffic;Double Yellow Line, No Passing Zone;Tuesday;Non-Intersection;34;0;Two-Way, Not Divided;2 lanes;0;#NULL!;#NULL!;Smooth Asphalt;#NULL!;No Special Feature;Motorist Overtaking Bicyclist;State Secondary Route;B: Evident Injury;Iredell;70+;Clear;#NULL!;21-25 mph;40 - 45  MPH;2007;Daylight;70+
36.1369471121, -79.846952993;"{""type"": ""Point"", ""coordinates"": [-79.8469529929749, 36.13694711208523]}";White;Greensboro;Multi-use Path;2;8;Urban (>70% Developed);Male;Sport Utility;0;#NULL!;0;0;White;No;0;70+;Motorist Drive Out - Sign-Controlled Intersection;None;No;No;Dry;0;Urban;No;10OCT2007;0;8:16;Female;No;Residential;B: Evident Injury;Yes;O: No Injury;7315;October;0;Straight - Level;Piedmont;With Traffic;Stop Sign;Wednesday;Intersection;70+;0;Two-Way, Divided, Unprotected Median;2 lanes;0;#NULL!;#NULL!;Smooth Asphalt;#NULL!;T-Intersection;Motorist Failed to Yield - Sign-Controlled Intersection;Local Street;B: Evident Injury;Guilford;64;Clear;#NULL!;31-35 mph;30 - 35  MPH;2007;Daylight;60-69
35.8687202025, -75.5755176766;"{""type"": ""Point"", ""coordinates"": [-75.57551767660725, 35.868720202516215]}";White;Nags Head;Multi-use Path;2;9;Urban (>70% Developed);Female;Passenger Car;0;#NULL!;0;0;White;No;0;40-49;Motorist Drive Out - Commercial Driveway / Alley;Obstruction In Roadway;No;No;Dry;0;Rural;No;25AUG2007;0;9:43;Male;No;Residential;C: Possible Injury;Yes;O: No Injury;7321;August;0;Unknown;Coastal;With Traffic;No Control Present;Saturday;Non-Intersection;48;0;Unknown;Unknown;0;#NULL!;#NULL!;Concrete;#NULL!;Driveway, Private;Motorist Failed to Yield - Midblock;NC Route;C: Possible Injury;Dare;29;Clear;#NULL!;0-5 mph;5 - 15 MPH;2007;Daylight;25-29
34.6657438916, -77.0311220647;"{""type"": ""Point"", ""coordinates"": [-77.03112206466976, 34.665743891615506]}";White;Emerald Isle;Bike Lane / Paved Shoulder;2;11;Urban (>70% Developed);Male;Pickup;0;#NULL!;0;0;White;No;0;20-24;Crossing Paths - Intersection - Other / Unknown;None;No;No;Dry;0;Rural;No;16OCT2007;0;11:44;Male;No;Commercial;B: Evident Injury;Yes;O: No Injury;7328;October;0;Straight - Level;Coastal;With Traffic;Stop Sign;Tuesday;Intersection;20;0;Two-Way, Not Divided;2 lanes;0;#NULL!;#NULL!;Smooth Asphalt;#NULL!;Driveway, Public;Crossing Paths - Other Circumstances;Local Street;C: Possible Injury;Carteret;42;Clear;#NULL!;6-10 mph;20 - 25  MPH;2007;Daylight;40-49
35.7429039741, -81.3016334076;"{""type"": ""Point"", ""coordinates"": [-81.30163340758848, 35.742903974088755]}";Black;Hickory;Travel Lane;2;18;Urban (>70% Developed);Male;Unknown;0;#NULL!;0;0;Unknown/Missing;No;0;16-19;Motorist Drive Out - Commercial Driveway / Alley;None;No;No;Water (Standing, Moving);0;Urban;Yes;16OCT2007;0;18:10;Unknown;Missing;Commercial;C: Possible Injury;Yes;Unknown Injury;7330;October;0;Straight - Level;Piedmont;Facing Traffic;No Control Present;Tuesday;Non-Intersection;17;0;Two-Way, Not Divided;5 lanes;0;#NULL!;#NULL!;Smooth Asphalt;#NULL!;No Special Feature;Motorist Failed to Yield - Midblock;Local Street;C: Possible Injury;Catawba;Unknown;Clear;#NULL!;0-5 mph;40 - 45  MPH;2007;Daylight;Unknown
35.4868349462, -80.616748189;"{""type"": ""Point"", ""coordinates"": [-80.61674818896303, 35.48683494621338]}";Black;Kannapolis;Travel Lane;2;18;Mixed (30% To 70% Developed);Male;Sport Utility;0;#NULL!;0;0;Native American;No;0;11-15;Bicyclist Ride Through - Sign-Controlled Intersection;None;No;No;Dry;0;Urban;No;17OCT2007;0;18:55;Male;No;Residential;O: No Injury;No;O: No Injury;7331;October;0;Straight - Grade;Piedmont;With Traffic;Stop Sign;Wednesday;Intersection;14;0;Two-Way, Not Divided;2 lanes;0;#NULL!;#NULL!;Smooth Asphalt;#NULL!;No Special Feature;Bicyclist Failed to Yield - Sign-Controlled Intersection;Local Street;O: No Injury;Cabarrus;42;Clear;#NULL!;21-25 mph;30 - 35  MPH;2007;Dusk;40-49
35.3453269761, -78.9368026766;"{""type"": ""Point"", ""coordinates"": [-78.93680267659052, 35.34532697608811]}";White;None - Rural Crash;Bike Lane / Paved Shoulder;2;20;Rural (<30% Developed);Male;Passenger Car;0;#NULL!;0;0;White;No;0;40-49;Motorist Overtaking - Bicyclist Swerved;None;Yes;Yes;Dry;0;Rural;No;18OCT2007;0;20:10;Male;No;Farms, Woods, Pastures;C: Possible Injury;Yes;O: No Injury;7332;October;0;Straight - Level;Coastal;With Traffic;Double Yellow Line, No Passing Zone;Thursday;Non-Intersection;41;0;Two-Way, Not Divided;2 lanes;0;#NULL!;#NULL!;Coarse Asphalt;#NULL!;No Special Feature;Motorist Overtaking Bicyclist;NC Route;C: Possible Injury;Harnett;39;Clear;#NULL!;41-45 mph;50 - 55  MPH;2007;Dark - Roadway Not Lighted;30-39
35.7312470941, -77.9156123862;"{""type"": ""Point"", ""coordinates"": [-77.91561238623602, 35.73124709409422]}";Black;Wilson;Travel Lane;2;18;Rural (<30% Developed);Male;Pickup;0;#NULL!;0;0;Hispanic;No;0;30-39;Motorist Drive Out - Sign-Controlled Intersection;None;Yes;Yes;Dry;0;Urban;No;20OCT2007;0;18:29;Male;No;Residential;B: Evident Injury;Yes;O: No Injury;7338;October;0;Straight - Level;Coastal;With Traffic;Stop Sign;Saturday;Intersection;36;0;Two-Way, Not Divided;2 lanes;0;#NULL!;#NULL!;Coarse Asphalt;#NULL!;Four-Way Intersection;Motorist Failed to Yield - Sign-Controlled Intersection;Local Street;B: Evident Injury;Wilson;37;Clear;#NULL!;16-20 mph;30 - 35  MPH;2007;Daylight;30-39
35.9735870718, -79.9890030271;"{""type"": ""Point"", ""coordinates"": [-79.98900302706964, 35.97358707180486]}";White;High Point;Travel Lane;2;14;Urban (>70% Developed);Male;Passenger Car;0;#NULL!;0;0;Black;No;0;25-29;Motorist Right Turn - Same Direction;None;No;No;Dry;0;Urban;No;20OCT2007;0;14:00;Female;No;Residential;B: Evident Injury;Yes;O: No Injury;7339;October;0;Straight - Bottom;Piedmont;With Traffic;No Control Present;Saturday;Intersection;29;0;Two-Way, Not Divided;2 lanes;0;#NULL!;#NULL!;Smooth Asphalt;#NULL!;No Special Feature;Motorist Right Turn / Merge;Local Street;B: Evident Injury;Guilford;70+;Clear;#NULL!;6-10 mph;30 - 35  MPH;2007;Daylight;70+
35.7799870787, -78.6761426199;"{""type"": ""Point"", ""coordinates"": [-78.6761426199221, 35.779987078656696]}";Black;Raleigh;Driveway / Alley;2;13;Urban (>70% Developed);Male;Passenger Car;0;#NULL!;0;0;White;No;0;20-24;Multiple Threat - Midblock;None;No;No;Dry;0;Urban;No;22OCT2007;0;13:11;Male;No;Commercial;B: Evident Injury;Yes;O: No Injury;7342;October;0;Straight - Grade;Piedmont;Not Applicable;No Control Present;Monday;Non-Intersection;20;0;Two-Way, Divided, Unprotected Median;5 lanes;0;#NULL!;#NULL!;Smooth Asphalt;#NULL!;T-Intersection;Bicyclist Failed to Yield - Midblock;Local Street;B: Evident Injury;Wake;22;Cloudy;#NULL!;36-40 mph;40 - 45  MPH;2007;Daylight;20-24
35.9807070674, -80.1595630788;"{""type"": ""Point"", ""coordinates"": [-80.15956307875769, 35.980707067369195]}";White;None - Rural Crash;Travel Lane;2;11;Rural (<30% Developed);Male;Sport Utility;0;#NULL!;0;0;White;No;0;50-59;Motorist Overtaking - Other / Unknown;None;Yes;Yes;Dry;0;Rural;No;27OCT2007;0;11:33;Female;No;Farms, Woods, Pastures;A: Disabling Injury;Yes;O: No Injury;7351;October;0;Straight - Grade;Piedmont;With Traffic;Double Yellow Line, No Passing Zone;Saturday;Non-Intersection;53;0;Two-Way, Not Divided;2 lanes;0;#NULL!;#NULL!;Smooth Asphalt;#NULL!;No Special Feature;Motorist Overtaking Bicyclist;State Secondary Route;A: Disabling Injury;Davidson;44;Clear;#NULL!;31-35 mph;50 - 55  MPH;2007;Daylight;40-49
35.8030010082, -80.739528243;"{""type"": ""Point"", ""coordinates"": [-80.7395282430036, 35.803001008191714]}";White;None - Rural Crash;Travel Lane;2;17;Rural (<30% Developed);Male;Pickup;0;No;0;40002305;White;No;0;50-59;Head-On - Motorist;None;No;#NULL!;Dry;0.052;Rural;Yes;16JUN2014;0;17:27;Male;#NULL!;Farms, Woods, Pastures;K: Killed;Yes;O: No Injury;453;June;1;Curve - Grade;Piedmont;With Traffic;Double Yellow Line, No Passing Zone;Monday;Non-Intersection;53;1;Two-Way, Not Divided;2 lanes;0;Yes-Drugs, impairment suspected;SR 2305;Smooth Asphalt;2309;No Special Feature;Head-On;State Secondary Route;K: Killed;Iredell;38;Cloudy;2310;41-45 mph;40 - 45  MPH;2014;Daylight;30-39
36.1513091193, -79.7278089583;"{""type"": ""Point"", ""coordinates"": [-79.72780895828659, 36.1513091192612]}";Black;None - Rural Crash;Travel Lane;2;20;Mixed (30% To 70% Developed);Male;Sport Utility;0;No;0;40002565;White;No;1;60-69;Motorist Drive Through - Sign-Controlled Intersection;None;No;#NULL!;Dry;0.071;Rural;No;06AUG2014;0;20:34;Male;#NULL!;Residential;C: Possible Injury;No;O: No Injury;461;August;0;Straight - Level;Piedmont;With Traffic;Stop And Go Signal;Wednesday;Intersection-Related;63;1;Two-Way, Not Divided;2 lanes;0;No;2565;Smooth Asphalt;2891;Y-Intersection;Motorist Failed to Yield - Sign-Controlled Intersection;State Secondary Route;C: Possible Injury;Guilford;48;Clear;29;0-5 mph;40 - 45  MPH;2014;Daylight;40-49
35.216120882, -80.7861592247;"{""type"": ""Point"", ""coordinates"": [-80.78615922474268, 35.21612088203347]}";Black;Charlotte;Travel Lane;2;19;Urban (>70% Developed);Male;Unknown;0;No;1;50005515;Unknown/Missing;No;0;20-24;Motorist Drive Through - Sign-Controlled Intersection;None;No;#NULL!;Dry;0.015;Urban;Yes;01SEP2014;0;19:28;Unknown;#NULL!;Residential;B: Evident Injury;No;Unknown Injury;463;September;0;Straight - Level;Piedmont;With Traffic;Stop Sign;Monday;Intersection;23;1;Two-Way, Divided, Unprotected Median;6 lanes;0;Missing;CENTRAL AVENUE;Smooth Asphalt;CRYSTAL RD;No Special Feature;Motorist Failed to Yield - Sign-Controlled Intersection;Local Street;B: Evident Injury;Mecklenburg;Unknown;Clear;CYRUS DRIVE;6-10 mph;30 - 35  MPH;2014;Dawn;Unknown
35.9734340729, -79.974923023;"{""type"": ""Point"", ""coordinates"": [-79.97492302300476, 35.97343407294754]}";Black;High Point;Travel Lane;2;15;Urban (>70% Developed);Male;Sport Utility;0;No;0;0;Black;No;0;16-19;Bicyclist Left Turn - Same Direction;None;No;#NULL!;Dry;0;Urban;No;21AUG2014;0;15:21;Female;#NULL!;Residential;A: Disabling Injury;Yes;O: No Injury;464;August;0;Curve - Level;Piedmont;With Traffic;No Control Present;Thursday;Non-Intersection;16;1;Two-Way, Not Divided;2 lanes;1;No;CEDROW DR;Concrete;GORDON ST;Bridge;Bicyclist Left Turn / Merge;Local Street;A: Disabling Injury;Guilford;35;Clear;INTERSTATE 74;36-40 mph;30 - 35  MPH;2014;Daylight;30-39
35.9992071179, -78.8878126966;"{""type"": ""Point"", ""coordinates"": [-78.887812696588, 35.99920711789495]}";Black;Durham;Travel Lane;2;9;Urban (>70% Developed);Male;Sport Utility;0;No;1;0;Black;No;0;16-19;Bicyclist Ride Through - Sign-Controlled Intersection;None;Yes;#NULL!;Dry;0;Urban;No;24AUG2014;0;9:16;Male;#NULL!;Residential;B: Evident Injury;Yes;O: No Injury;470;August;0;Straight - Grade;Piedmont;With Traffic;Stop Sign;Sunday;Intersection;17;1;Two-Way, Not Divided;2 lanes;0;Yes-Alcohol,  impairment suspected;GRAY AVE;Smooth Asphalt;HARGROVE STREET;Four-Way Intersection;Bicyclist Failed to Yield - Sign-Controlled Intersection;Local Street;B: Evident Injury;Durham;32;Clear;GEARWOOD AVE;31-35 mph;20 - 25  MPH;2014;Dark - Lighted Roadway;30-39
35.3724320154, -77.95423238;"{""type"": ""Point"", ""coordinates"": [-77.95423237998773, 35.37243201543463]}";Black;Goldsboro;Travel Lane;2;11;Urban (>70% Developed);Male;Sport Utility;0;No;0;50001103;White;No;1;60-69;Crossing Paths - Uncontrolled Intersection;None;No;#NULL!;Dry;0.012;Urban;No;22AUG2014;0;11:20;Female;#NULL!;Commercial;C: Possible Injury;Yes;O: No Injury;475;August;0;Straight - Level;Coastal;With Traffic;No Control Present;Friday;Intersection-Related;61;1;Two-Way, Not Divided;6 lanes;0;No;ASH ST;Smooth Asphalt;GLENWOOD TRAIL;Driveway, Public;Crossing Paths - Other Circumstances;Local Street;C: Possible Injury;Wayne;58;Clear;LEE DR;0-5 mph;30 - 35  MPH;2014;Daylight;50-59
35.3992420203, -77.9943223939;"{""type"": ""Point"", ""coordinates"": [-77.99432239390883, 35.39924202029254]}";Black;Goldsboro;Travel Lane;2;15;Urban (>70% Developed);Male;Pickup;0;No;0;40001304;White;No;2;11-15;Motorist Drive Out - Sign-Controlled Intersection;None;No;#NULL!;Dry;0;Urban;No;12AUG2014;0;15:51;Male;#NULL!;Commercial;C: Possible Injury;Yes;O: No Injury;477;August;0;Straight - Level;Coastal;Unknown;Stop Sign;Tuesday;Intersection;15;2;Two-Way, Not Divided;2 lanes;0;No;N GEORGE ST;Smooth Asphalt;#NULL!;T-Intersection;Motorist Failed to Yield - Sign-Controlled Intersection;State Secondary Route;C: Possible Injury;Wayne;22;Clear;A ST;0-5 mph;30 - 35  MPH;2014;Daylight;20-24
35.5091889506, -80.6218731914;"{""type"": ""Point"", ""coordinates"": [-80.62187319140565, 35.50918895059681]}";Black;Kannapolis;Travel Lane;2;19;Urban (>70% Developed);Male;Passenger Car;0;No;1;50006074;White;No;0;6-10;Bicyclist Left Turn - Opposite Direction;None;No;#NULL!;Dry;0;Urban;No;14AUG2014;0;19:23;Male;#NULL!;Residential;B: Evident Injury;No;O: No Injury;480;August;0;Straight - Grade;Piedmont;With Traffic;Stop Sign;Thursday;Intersection;7;1;Two-Way, Not Divided;2 lanes;0;No;W 9TH ST;Smooth Asphalt;N POPLAR ST;T-Intersection;Bicyclist Left Turn / Merge;Local Street;B: Evident Injury;Rowan;23;Clear;CHURCH AVE;11-15 mph;30 - 35  MPH;2014;Daylight;20-24
35.2089298584, -81.3875334031;"{""type"": ""Point"", ""coordinates"": [-81.38753340313525, 35.208929858362396]}";White;None - Rural Crash;Travel Lane;2;20;Urban (>70% Developed);Male;Passenger Car;0;No;1;40002266;Unknown/Missing;No;0;6-10;Motorist Overtaking - Other / Unknown;None;No;#NULL!;Dry;0;Rural;Yes;21AUG2014;0;20:27;Unknown;#NULL!;Residential;B: Evident Injury;Yes;Unknown Injury;490;August;0;Straight - Grade;Mountains;With Traffic;No Control Present;Thursday;Intersection;7;1;Two-Way, Not Divided;2 lanes;0;Unknown;SR 2266;Coarse Asphalt;2263;Four-Way Intersection;Motorist Overtaking Bicyclist;State Secondary Route;B: Evident Injury;Cleveland;Unknown;Clear;2264;21-25 mph;20 - 25  MPH;2014;Dark - Roadway Not Lighted;Unknown
35.9219070985, -78.9578277132;"{""type"": ""Point"", ""coordinates"": [-78.95782771323408, 35.92190709846437]}";Black;Durham;Sidewalk / Crosswalk / Driveway Crossing;2;14;Urban (>70% Developed);Female;Light Truck (Mini-Van, Panel);0;No;1;30000751;Unknown/Missing;No;0;11-15;Motorist Drive Out - Commercial Driveway / Alley;None;No;#NULL!;Dry;0.15;Urban;Yes;02SEP2014;0;14:50;Unknown;#NULL!;Commercial;B: Evident Injury;Yes;Unknown Injury;511;September;0;Straight - Level;Piedmont;Facing Traffic;No Control Present;Tuesday;Non-Intersection;15;1;Two-Way, Divided, Unprotected Median;2 lanes;0;Missing;HOPE VALLEY RD;Coarse Asphalt;WOODCROFT PKWY;No Special Feature;Motorist Failed to Yield - Midblock;Local Street;B: Evident Injury;Durham;Unknown;Clear;GARRETT RD;11-15 mph;5 - 15 MPH;2014;Daylight;Unknown
35.8207670883, -78.6344926101;"{""type"": ""Point"", ""coordinates"": [-78.63449261013717, 35.820767088271374]}";White;Raleigh;Travel Lane;2;10;Urban (>70% Developed);Male;Passenger Car;0;No;1;50000687;White;No;0;30-39;Motorist Left Turn - Opposite Direction;None;No;#NULL!;Wet;0;Urban;No;13SEP2014;0;10:46;Female;#NULL!;Residential;B: Evident Injury;Yes;O: No Injury;522;September;0;Straight - Grade;Piedmont;With Traffic;No Control Present;Saturday;Intersection;36;1;Two-Way, Not Divided;2 lanes;0;No;ANDERSON DR;Smooth Asphalt;OVERBROOK DR;Four-Way Intersection;Motorist Left Turn / Merge;Local Street;B: Evident Injury;Wake;70+;Rain;OXFORD RD;6-10 mph;30 - 35  MPH;2014;Daylight;70+
35.3297669041, -80.8433332476;"{""type"": ""Point"", ""coordinates"": [-80.84333324762267, 35.32976690412008]}";Other;Charlotte;Bike Lane / Paved Shoulder;2;23;Mixed (30% To 70% Developed);Male;Unknown;0;No;0;20000021;Unknown/Missing;No;1;20-24;Motorist Overtaking - Other / Unknown;None;No;#NULL!;Dry;0.038;Urban;Yes;10SEP2014;0;23:35;Unknown;#NULL!;Commercial;C: Possible Injury;Yes;Unknown Injury;527;September;0;Straight - Level;Piedmont;With Traffic;No Control Present;Wednesday;Non-Intersection;20;1;Two-Way, Not Divided;3 lanes;0;Missing;21;Smooth Asphalt;LONG CREEK PARK DR;No Special Feature;Motorist Overtaking Bicyclist;NC Route;C: Possible Injury;Mecklenburg;Unknown;Clear;DAPHNE DRIVE;41-45 mph;40 - 45  MPH;2014;Dark - Roadway Not Lighted;Unknown
34.2170467638, -77.8853823027;"{""type"": ""Point"", ""coordinates"": [-77.88538230266734, 34.21704676376918]}";White;Wilmington;Travel Lane;2;2;Mixed (30% To 70% Developed);Male;Passenger Car;0;No;1;20000117;White;No;0;20-24;Motorist Turning Error - Left Turn;None;No;#NULL!;Dry;0;Urban;No;09AUG2014;0;2:26;Female;#NULL!;Commercial;B: Evident Injury;Yes;O: No Injury;530;August;0;Straight - Level;Coastal;With Traffic;No Control Present;Saturday;Intersection-Related;24;1;Two-Way, Not Divided;2 lanes;0;No;CEDAR AVE;Coarse Asphalt;WILSHIRE AVE;No Special Feature;Loss of Control / Turning Error;Local Street;B: Evident Injury;New Hanover;24;Clear;S COLLEGE RD;16-20 mph;30 - 35  MPH;2014;Dark - Roadway Not Lighted;20-24