Geo Point;Geo Shape;BikeRace;City;BikePos;NumUnits;CrashHour;Locality;BikeSex;DrvrVehTyp;NumBikesNo;BikeAlcDrg;NumBikesBI;RteInvdCd;DrvrRace;Workzone;NumBikesCi;BikeAgeGrp;CrashType;RdDefects;CrashAlcoh;BikeAlcoho;RdConditio;DstncMiFrm;RuralUrban;HitRun;CrashDate;NumBikesUI;CrashTime;DrvrSex;DrvrAlcoho;Developmen;CrashSevr;AmbulanceR;DrvrInjury;OBJECTID;CrashMonth;NumBikesKi;RdCharacte;Region;BikeDir;TraffCntrl;CrashDay;CrashLoc;BikeAge;NumBikesTo;RdConfig;NumLanes;NumBikesAI;DrvrAlcDrg;OnRoad;RdSurface;Towrd_Rd;RdFeature;CrashGrp;RdClass;BikeInjury;County;DrvrAge;Weather;FrmRd;DrvrEstSpd;SpeedLimit;CrashYear;LightCond;DrvrAgeGrp
35.9722571111, -78.9010266988;"{""type"": ""Point"", ""coordinates"": [-78.9010266988256, 35.972257111076146]}";Black;Durham;Bike Lane / Paved Shoulder;2;17;Rural (<30% Developed);Male;Passenger Car;1;No;0;40001118;Black;No;0;11-15;Motorist Drive Out - Sign-Controlled Intersection;None;No;#NULL!;Dry;0;Urban;No;15SEP2014;0;17:34;Female;#NULL!;Residential;O: No Injury;No;O: No Injury;539;September;0;Straight - Level;Piedmont;Facing Traffic;Stop Sign;Monday;Intersection;13;1;Two-Way, Not Divided;2 lanes;0;No;FAYETTEVILLE ST;Smooth Asphalt;#NULL!;Four-Way Intersection;Motorist Failed to Yield - Sign-Controlled Intersection;Local Street;O: No Injury;Durham;53;Cloudy;NELSON ST;0-5 mph;30 - 35  MPH;2014;Daylight;50-59
33.8925366706, -78.5493024878;"{""type"": ""Point"", ""coordinates"": [-78.54930248779075, 33.892536670616344]}";White;Calabash;Travel Lane;2;16;Mixed (30% To 70% Developed);Female;Pickup;0;No;1;0;White;No;0;60-69;Motorist Overtaking - Misjudged Space;None;No;#NULL!;Dry;0.5;Rural;No;01SEP2014;0;16:34;Male;#NULL!;Residential;B: Evident Injury;Yes;O: No Injury;547;September;0;Straight - Level;Coastal;With Traffic;Double Yellow Line, No Passing Zone;Monday;Non-Intersection;62;1;Two-Way, Not Divided;2 lanes;0;No;US 179;Coarse Asphalt;1246;No Special Feature;Motorist Overtaking Bicyclist;NC Route;B: Evident Injury;Brunswick;32;Clear;179;41-45 mph;40 - 45  MPH;2014;Daylight;30-39
36.001483118, -78.8953886987;"{""type"": ""Point"", ""coordinates"": [-78.89538869868859, 36.00148311796614]}";Black;Durham;Unknown;2;13;Urban (>70% Developed);Male;Passenger Car;0;No;1;0;Black;No;0;50-59;Motorist Drive Out - Commercial Driveway / Alley;None;No;#NULL!;Dry;0;Urban;No;19SEP2014;0;13:02;Female;#NULL!;Commercial;B: Evident Injury;Yes;O: No Injury;554;September;0;Straight - Level;Piedmont;Facing Traffic;No Control Present;Friday;Non-Intersection;59;1;One-Way, Not Divided;3 lanes;0;No;N MANGUM ST;Coarse Asphalt;W CORPORATION ST;No Special Feature;Motorist Failed to Yield - Midblock;Interstate;B: Evident Injury;Durham;48;Clear;801 MANGUM ST;0-5 mph;30 - 35  MPH;2014;Daylight;40-49
35.3127128401, -82.4570837255;"{""type"": ""Point"", ""coordinates"": [-82.45708372551292, 35.312712840072706]}";Hispanic;Hendersonville;Travel Lane;2;17;Urban (>70% Developed);Male;Passenger Car;0;No;0;50001728;Black;No;1;30-39;Motorist Left Turn - Opposite Direction;None;No;#NULL!;Dry;0;Urban;No;09SEP2014;0;17:24;Male;#NULL!;Commercial;C: Possible Injury;Yes;O: No Injury;557;September;0;Straight - Grade;Mountains;With Traffic;No Control Present;Tuesday;Intersection;39;1;Two-Way, Not Divided;2 lanes;0;No;GROVE STREET;Coarse Asphalt;E ALLEN STREET;No Special Feature;Motorist Left Turn / Merge;Local Street;C: Possible Injury;Henderson;26;Cloudy;E BARNWELL ST;11-15 mph;20 - 25  MPH;2014;Daylight;25-29
35.7517070761, -78.5664725852;"{""type"": ""Point"", ""coordinates"": [-78.56647258518775, 35.75170707612609]}";Black;Raleigh;Travel Lane;2;19;Urban (>70% Developed);Male;Passenger Car;1;No;0;0;Black;No;0;11-15;Head-On - Bicyclist;None;No;#NULL!;Dry;0.028;Urban;No;25SEP2014;0;19:26;Female;#NULL!;Residential;O: No Injury;No;O: No Injury;573;September;0;Straight - Level;Piedmont;Facing Traffic;No Control Present;Thursday;Non-Intersection;14;1;Two-Way, Not Divided;2 lanes;0;No;BROWN OWL DR;Coarse Asphalt;LILYMOUNT DR;No Special Feature;Head-On;Local Street;O: No Injury;Wake;33;Cloudy;MAYBROOK CROSSING DR;6-10 mph;20 - 25  MPH;2014;Dusk;30-39
35.7751670783, -78.6567226141;"{""type"": ""Point"", ""coordinates"": [-78.65672261405862, 35.77516707828899]}";White;Raleigh;Sidewalk / Crosswalk / Driveway Crossing;2;7;Urban (>70% Developed);Male;Passenger Car;0;No;1;40001012;Black;No;0;25-29;Motorist Drive Out - Right Turn on Red;None;No;#NULL!;Dry;0;Urban;No;28SEP2014;0;7:12;Male;#NULL!;Institutional;B: Evident Injury;Yes;O: No Injury;585;September;0;Curve - Grade;Piedmont;Facing Traffic;Stop And Go Signal;Sunday;Intersection;26;1;Two-Way, Divided, Unprotected Median;3 lanes;0;No;WESTERN BLVD;Smooth Asphalt;#NULL!;Four-Way Intersection;Motorist Failed to Yield - Signalized Intersection;Local Street;B: Evident Injury;Wake;24;Clear;HUNT DR;0-5 mph;40 - 45  MPH;2014;Daylight;20-24
34.2309597676, -77.8712222994;"{""type"": ""Point"", ""coordinates"": [-77.87122229942698, 34.23095976761994]}";White;Wilmington;Sidewalk / Crosswalk / Driveway Crossing;2;22;Mixed (30% To 70% Developed);Female;Van;0;No;0;0;White;No;1;16-19;Motorist Drive Out - Sign-Controlled Intersection;None;No;#NULL!;Dry;0.066;Urban;No;28AUG2014;0;22:12;Male;#NULL!;Residential;C: Possible Injury;No;O: No Injury;588;August;0;Straight - Level;Coastal;Facing Traffic;Stop Sign;Thursday;Intersection;19;1;Two-Way, Not Divided;2 lanes;0;No;462 RACINE DR;Coarse Asphalt;NEW CENTRE DR;No Special Feature;Motorist Failed to Yield - Sign-Controlled Intersection;Public Vehicular Area;C: Possible Injury;.;57;Clear;COLLEGE ACRES DR;0-5 mph;5 - 15 MPH;2014;Dark - Roadway Not Lighted;50-59
34.1573397496, -77.9102423075;"{""type"": ""Point"", ""coordinates"": [-77.91024230747585, 34.15733974962202]}";White;None - Rural Crash;Travel Lane;2;20;Mixed (30% To 70% Developed);Male;Passenger Car;0;No;0;20000421;White;No;1;25-29;Motorist Overtaking - Other / Unknown;None;No;#NULL!;Dry;0.07;Rural;No;27SEP2014;0;20:33;Male;#NULL!;Commercial;C: Possible Injury;Yes;O: No Injury;590;September;0;Straight - Level;Coastal;With Traffic;No Control Present;Saturday;Non-Intersection;29;1;Two-Way, Divided, Unprotected Median;4 lanes;0;No;421;Coarse Asphalt;SAINT ANDREWS DR;No Special Feature;Motorist Overtaking Bicyclist;US Route;C: Possible Injury;.;47;Clear;1237;36-40 mph;40 - 45  MPH;2014;Dark - Roadway Not Lighted;40-49
35.0899189217, -78.9129966554;"{""type"": ""Point"", ""coordinates"": [-78.91299665540917, 35.08991892167225]}";Black;Fayetteville;Driveway / Alley;2;16;Mixed (30% To 70% Developed);Male;Unknown;1;No;0;0;Unknown/Missing;No;0;6-10;Motorist Lost Control - Other / Unknown;None;No;#NULL!;Dry;0.07;Urban;Yes;31AUG2014;0;16:12;Unknown;#NULL!;Residential;O: No Injury;No;Unknown Injury;591;August;0;Straight - Level;Coastal;Not Applicable;No Control Present;Sunday;Non-Intersection;8;1;Two-Way, Not Divided;2 lanes;0;Missing;HARVEY DR;Coarse Asphalt;2719 HARVEY DR;No Special Feature;Loss of Control / Turning Error;Local Street;O: No Injury;Cumberland;Unknown;Clear;PELT;0-5 mph;20 - 25  MPH;2014;Daylight;Unknown
34.2314067673, -77.8787823009;"{""type"": ""Point"", ""coordinates"": [-77.87878230089126, 34.23140676730685]}";Black;Wilmington;Sidewalk / Crosswalk / Driveway Crossing;2;10;Mixed (30% To 70% Developed);Male;Passenger Car;0;No;1;0;Black;No;0;20-24;Motorist Drive Out - Commercial Driveway / Alley;None;No;#NULL!;Dry;0.133;Urban;No;05SEP2014;0;10:40;Male;#NULL!;Commercial;B: Evident Injury;Yes;O: No Injury;593;September;0;Straight - Level;Coastal;With Traffic;No Control Present;Friday;Non-Intersection;23;1;Two-Way, Not Divided;2 lanes;0;No;5099 RANDALL PKY;Smooth Asphalt;S COLLEGE RD;No Special Feature;Motorist Failed to Yield - Midblock;Public Vehicular Area;B: Evident Injury;.;32;Clear;GROUSE CT;0-5 mph;5 - 15 MPH;2014;Daylight;30-39
35.2617668767, -81.2008633499;"{""type"": ""Point"", ""coordinates"": [-81.20086334987676, 35.261766876699504]}";White;Gastonia;Travel Lane;2;19;Urban (>70% Developed);Male;Unknown;0;No;1;20000029;Unknown/Missing;No;0;40-49;Motorist Overtaking - Other / Unknown;None;No;#NULL!;Dry;0.054;Urban;Yes;22SEP2014;0;19:15;Unknown;#NULL!;Residential;B: Evident Injury;Yes;Unknown Injury;604;September;0;Straight - Level;Piedmont;With Traffic;No Control Present;Monday;Non-Intersection;48;1;Two-Way, Not Divided;6 lanes;0;Missing;W FRANKLIN BLVD;Coarse Asphalt;MILLON ST;No Special Feature;Motorist Overtaking Bicyclist;US Route;B: Evident Injury;Gaston;Unknown;Clear;S FIRESTONE ST;46-50 mph;30 - 35  MPH;2014;Dusk;Unknown
34.2012867587, -77.9311923163;"{""type"": ""Point"", ""coordinates"": [-77.9311923163373, 34.20128675870645]}";White;Wilmington;Sidewalk / Crosswalk / Driveway Crossing;2;14;Urban (>70% Developed);Male;Passenger Car;0;No;1;50019735;White;No;0;50-59;Motorist Drive Out - Sign-Controlled Intersection;None;No;#NULL!;Dry;0;Urban;No;16SEP2014;0;14:46;Female;#NULL!;Institutional;B: Evident Injury;Yes;O: No Injury;607;September;0;Straight - Level;Coastal;With Traffic;Stop Sign;Tuesday;Intersection;52;1;Two-Way, Not Divided;Unknown;0;No;MEDICAL CTR DR;Coarse Asphalt;SILVER STREAM LN;No Special Feature;Motorist Failed to Yield - Sign-Controlled Intersection;Local Street;B: Evident Injury;New Hanover;17;Clear;WISTERIA DR;6-10 mph;20 - 25  MPH;2014;Daylight;0-19
36.5298371965, -79.7965630003;"{""type"": ""Point"", ""coordinates"": [-79.79656300031935, 36.529837196531226]}";White;None - Rural Crash;Travel Lane;2;22;Mixed (30% To 70% Developed);Male;Unknown;0;Yes-Alcohol,  impairment suspected;0;40001605;Unknown/Missing;No;1;50-59;Motorist Overtaking - Other / Unknown;None;Yes;#NULL!;Dry;0.1;Rural;Yes;26SEP2014;0;22:05;Unknown;#NULL!;Farms, Woods, Pastures;C: Possible Injury;Yes;Unknown Injury;617;September;0;Straight - Level;Piedmont;With Traffic;Double Yellow Line, No Passing Zone;Friday;Non-Intersection;50;1;Two-Way, Not Divided;2 lanes;0;Unknown;SR 1605;Smooth Asphalt;1557;No Special Feature;Motorist Overtaking Bicyclist;State Secondary Route;C: Possible Injury;Rockingham;Unknown;Clear;1792;41-45 mph;40 - 45  MPH;2014;Dark - Roadway Not Lighted;Unknown
35.6217569015, -82.5544397721;"{""type"": ""Point"", ""coordinates"": [-82.55443977211048, 35.62175690148074]}";White;Asheville;Sidewalk / Crosswalk / Driveway Crossing;2;12;Urban (>70% Developed);Female;Motorcycle;0;No;0;0;White;No;1;25-29;Motorist Drive Out - Commercial Driveway / Alley;None;No;#NULL!;Dry;0.2;Urban;No;07SEP2014;0;12:10;Male;#NULL!;Commercial;C: Possible Injury;Yes;O: No Injury;622;September;0;Straight - Level;Mountains;Facing Traffic;No Control Present;Sunday;Non-Intersection;29;1;Two-Way, Not Divided;2 lanes;0;No;667 MERRIMON AVE;Coarse Asphalt;EDGEWOOD RD;No Special Feature;Motorist Failed to Yield - Midblock;Public Vehicular Area;C: Possible Injury;Buncombe;68;Clear;SANDON DR;0-5 mph;5 - 15 MPH;2014;Daylight;60-69
35.9895932254, -75.6666277109;"{""type"": ""Point"", ""coordinates"": [-75.66662771086172, 35.98959322537531]}";White;None - Rural Crash;Multi-use Path;2;7;Mixed (30% To 70% Developed);Male;Pickup;0;No;1;40001232;Hispanic;No;0;11-15;Motorist Right Turn - Opposite Direction;None;No;#NULL!;Dry;0;Rural;No;01OCT2014;0;7:56;Male;#NULL!;Residential;B: Evident Injury;Yes;O: No Injury;627;October;0;Straight - Level;Coastal;Facing Traffic;Double Yellow Line, No Passing Zone;Wednesday;Intersection;14;1;Two-Way, Not Divided;2 lanes;0;No;SR 1232;Coarse Asphalt;12;T-Intersection;Motorist Right Turn / Merge;State Secondary Route;B: Evident Injury;Dare;29;Clear;1529;21-25 mph;20 - 25  MPH;2014;Daylight;25-29
36.1009770991, -79.9789330315;"{""type"": ""Point"", ""coordinates"": [-79.97893303145742, 36.10097709912707]}";White;Greensboro;Bike Lane / Paved Shoulder;2;12;Urban (>70% Developed);Female;Van;0;No;1;40001008;White;Yes;0;50-59;Bicyclist Lost Control - Surface Conditions;Work Zone;No;#NULL!;Dry;0.2;Urban;No;05OCT2014;0;12:42;Male;#NULL!;Commercial;B: Evident Injury;Yes;O: No Injury;633;October;0;Straight - Level;Piedmont;With Traffic;No Control Present;Sunday;Non-Intersection;57;1;Two-Way, Divided, Unprotected Median;2 lanes;0;No;MARKET STREET;Smooth Asphalt;PLEASANT RIDGE RD;No Special Feature;Loss of Control / Turning Error;Local Street;B: Evident Injury;Guilford;57;Clear;LANDMARK DR;36-40 mph;30 - 35  MPH;2014;Daylight;50-59
35.7834970791, -78.671132619;"{""type"": ""Point"", ""coordinates"": [-78.6711326189993, 35.783497079099035]}";White;Raleigh;Travel Lane;2;15;Urban (>70% Developed);Male;Passenger Car;0;Unknown;1;50005341;Black;No;0;16-19;Bicyclist Ride Out - Other Midblock;None;No;#NULL!;Dry;0.038;Urban;No;15SEP2014;0;15:08;Male;#NULL!;Institutional;B: Evident Injury;Yes;O: No Injury;634;September;0;Straight - Level;Piedmont;Not Applicable;No Control Present;Monday;Non-Intersection;18;1;Two-Way, Not Divided;2 lanes;0;Unknown;CATES AVE;Smooth Asphalt;#NULL!;Driveway, Public;Bicyclist Failed to Yield - Midblock;Local Street;B: Evident Injury;Wake;34;Clear;MORRILL DR;0-5 mph;5 - 15 MPH;2014;Daylight;30-39
35.6204269003, -82.5601337738;"{""type"": ""Point"", ""coordinates"": [-82.56013377379833, 35.620426900314605]}";White;Asheville;Travel Lane;2;15;Urban (>70% Developed);Male;Passenger Car;0;No;0;0;White;No;1;16-19;Motorist Drive Out - Sign-Controlled Intersection;None;No;#NULL!;Wet;0;Urban;No;29SEP2014;0;15:42;Male;#NULL!;Residential;C: Possible Injury;Yes;O: No Injury;640;September;0;Straight - Level;Mountains;With Traffic;Stop Sign;Monday;Intersection;18;1;Two-Way, Not Divided;2 lanes;0;No;EDGEWOOD RD;Smooth Asphalt;25;No Special Feature;Motorist Failed to Yield - Sign-Controlled Intersection;Local Street;C: Possible Injury;Buncombe;22;Cloudy;BARNARD AVE;0-5 mph;20 - 25  MPH;2014;Daylight;20-24
35.9064272094, -75.5987616863;"{""type"": ""Point"", ""coordinates"": [-75.59876168630839, 35.90642720935906]}";White;None - Rural Crash;Multi-use Path;2;6;Urban (>70% Developed);Male;Pickup;0;No;1;30000012;White;No;0;20-24;Motorist Right Turn - Same Direction;None;No;#NULL!;Dry;0.022;Rural;No;12OCT2014;0;6:58;Male;#NULL!;Commercial;B: Evident Injury;Yes;O: No Injury;647;October;0;Straight - Level;Coastal;With Traffic;No Control Present;Sunday;Non-Intersection;23;1;Two-Way, Not Divided;2 lanes;0;No;NC 12;Smooth Asphalt;1224;Driveway, Public;Motorist Right Turn / Merge;NC Route;B: Evident Injury;Dare;57;Clear;1299;0-5 mph;40 - 45  MPH;2014;Daylight;50-59
36.0657870983, -79.8108629785;"{""type"": ""Point"", ""coordinates"": [-79.81086297849627, 36.06578709827828]}";White;Greensboro;Bike Lane / Paved Shoulder;2;10;Urban (>70% Developed);Male;Passenger Car;0;No;0;50028840;White;No;1;20-24;Motorist Right Turn - Same Direction;None;No;#NULL!;Dry;0.038;Urban;No;18OCT2014;0;10:57;Male;#NULL!;Institutional;C: Possible Injury;Yes;O: No Injury;659;October;0;Straight - Level;Piedmont;With Traffic;No Control Present;Saturday;Non-Intersection;24;1;Two-Way, Divided, Positive Median Barrier;2 lanes;0;No;SPRING GARDEN ST;Coarse Asphalt;FOREST ST;No Special Feature;Motorist Right Turn / Merge;Local Street;C: Possible Injury;Guilford;22;Clear;STIRLING ST;0-5 mph;20 - 25  MPH;2014;Daylight;20-24
35.5936268946, -82.5737437754;"{""type"": ""Point"", ""coordinates"": [-82.57374377542394, 35.59362689456163]}";White;Asheville;Travel Lane;2;2;Urban (>70% Developed);Female;Unknown;0;Yes-Alcohol, no impairment detected;0;40001338;Unknown/Missing;No;1;40-49;Motorist Overtaking - Undetected Bicyclist;None;Yes;#NULL!;Dry;0.3;Urban;Yes;03OCT2014;0;2:28;Unknown;#NULL!;Residential;C: Possible Injury;Yes;Unknown Injury;660;October;0;Straight - Level;Mountains;With Traffic;No Control Present;Friday;Non-Intersection;40;1;Two-Way, Divided, Unprotected Median;2 lanes;0;Missing;EMMA RD;Smooth Asphalt;BOONE ST;No Special Feature;Motorist Overtaking Bicyclist;Local Street;C: Possible Injury;Buncombe;Unknown;Clear;CRAVEN ST;Unknown;30 - 35  MPH;2014;Dark - Roadway Not Lighted;Unknown
35.7863990804, -78.6507626128;"{""type"": ""Point"", ""coordinates"": [-78.6507626128021, 35.78639908044039]}";Black;Raleigh;Travel Lane;2;19;Urban (>70% Developed);Male;Passenger Car;0;No;0;50026927;White;No;1;16-19;Motorist Left Turn - Opposite Direction;None;No;#NULL!;Dry;0;Urban;No;14OCT2014;0;19:05;Male;#NULL!;Commercial;C: Possible Injury;Yes;O: No Injury;666;October;0;Straight - Grade;Piedmont;With Traffic;No Control Present;Tuesday;Intersection;19;1;Two-Way, Not Divided;4 lanes;0;No;ST MARYS ST;Smooth Asphalt;W NORTH ST;No Special Feature;Motorist Left Turn / Merge;Local Street;C: Possible Injury;Wake;25;Clear;TUCKER ST;21-25 mph;30 - 35  MPH;2014;Dark - Lighted Roadway;25-29
35.7783270788, -78.6414826094;"{""type"": ""Point"", ""coordinates"": [-78.64148260935738, 35.77832707881995]}";White;Raleigh;Travel Lane;2;14;Urban (>70% Developed);Male;Sport Utility;0;No;1;50013157;Black;No;0;20-24;Bicyclist Overtaking - Extended Door;None;No;#NULL!;Dry;0.014;Urban;No;07OCT2014;0;14:55;Male;#NULL!;Commercial;B: Evident Injury;No;O: No Injury;668;October;0;Straight - Level;Piedmont;With Traffic;No Control Present;Tuesday;Non-Intersection;24;1;Two-Way, Not Divided;3 lanes;0;Missing;W HARGETT ST;Smooth Asphalt;S SALISBURY ST;No Special Feature;Bicyclist Overtaking Motorist;Local Street;B: Evident Injury;Wake;19;Clear;S MCDOWELL ST;0-5 mph;20 - 25  MPH;2014;Daylight;0-19
36.509162161, -80.6156192457;"{""type"": ""Point"", ""coordinates"": [-80.61561924568208, 36.509162160982775]}";Black;Mount Airy;Travel Lane;2;14;Urban (>70% Developed);Male;Sport Utility;0;No;0;0;White;No;1;0-5;Bicyclist Ride Through - Sign-Controlled Intersection;None;No;#NULL!;Dry;0;Urban;No;10OCT2014;0;14:08;Female;#NULL!;Residential;C: Possible Injury;No;O: No Injury;670;October;0;Straight - Hillcrest;Mountains;With Traffic;Stop Sign;Friday;Intersection;5;1;Two-Way, Not Divided;2 lanes;0;No;N SOUTH STREET;Smooth Asphalt;#NULL!;T-Intersection;Bicyclist Failed to Yield - Sign-Controlled Intersection;Local Street;C: Possible Injury;Surry;65;Cloudy;HAY STREET;21-25 mph;20 - 25  MPH;2014;Daylight;60-69
35.8696770962, -78.7130626358;"{""type"": ""Point"", ""coordinates"": [-78.71306263583335, 35.869677096204896]}";White;Raleigh;Travel Lane;2;23;Urban (>70% Developed);Female;Unknown;0;No;1;0;Unknown/Missing;No;0;40-49;Bicyclist Left Turn - Opposite Direction;None;No;#NULL!;Dry;0.14;Urban;Yes;22OCT2014;0;23:07;Unknown;#NULL!;Residential;B: Evident Injury;No;Unknown Injury;674;October;0;Straight - Level;Piedmont;With Traffic;Stop Sign;Wednesday;Intersection;47;1;Two-Way, Not Divided;2 lanes;0;Missing;PLEASANT PINES DR;Coarse Asphalt;WELLINGTON DOWNS;No Special Feature;Bicyclist Left Turn / Merge;Local Street;B: Evident Injury;Wake;Unknown;Clear;PLEASANT GROVE CHRCH;11-15 mph;30 - 35  MPH;2014;Daylight;Unknown
35.7050320215, -79.8204629619;"{""type"": ""Point"", ""coordinates"": [-79.82046296189645, 35.705032021511556]}";White;Asheboro;Travel Lane;2;19;Urban (>70% Developed);Male;Passenger Car;0;No;1;40001451;Hispanic;No;0;50-59;Motorist Left Turn - Opposite Direction;None;No;#NULL!;Dry;0.027;Urban;No;18OCT2014;0;19:01;Male;#NULL!;Commercial;B: Evident Injury;Yes;O: No Injury;686;October;0;Straight - Bottom;Piedmont;With Traffic;No Control Present;Saturday;Non-Intersection;57;1;Two-Way, Not Divided;2 lanes;0;No;S PARK ST;Smooth Asphalt;1442;No Special Feature;Motorist Left Turn / Merge;Local Street;B: Evident Injury;Randolph;27;Clear;HILL ST;31-35 mph;30 - 35  MPH;2014;Dusk;25-29
35.7067140218, -79.8067429574;"{""type"": ""Point"", ""coordinates"": [-79.80674295740647, 35.706714021823366]}";White;Asheboro;Sidewalk / Crosswalk / Driveway Crossing;2;19;Urban (>70% Developed);Female;Sport Utility;0;No;0;30000042;White;No;1;40-49;Motorist Left Turn - Opposite Direction;None;No;#NULL!;Dry;0;Urban;No;19OCT2014;0;19:04;Male;#NULL!;Commercial;C: Possible Injury;Yes;O: No Injury;687;October;0;Straight - Level;Piedmont;With Traffic;Stop And Go Signal;Sunday;Intersection;40;1;Two-Way, Not Divided;3 lanes;0;No;NC 42;Smooth Asphalt;#NULL!;Four-Way Intersection;Motorist Left Turn / Merge;NC Route;C: Possible Injury;Randolph;58;Clear;ELM ST;0-5 mph;30 - 35  MPH;2014;Dark - Lighted Roadway;50-59
36.2918392713, -76.247181905;"{""type"": ""Point"", ""coordinates"": [-76.24718190504946, 36.29183927134636]}";White;Elizabeth City;Sidewalk / Crosswalk / Driveway Crossing;2;13;Urban (>70% Developed);Male;Passenger Car;1;No;0;0;Black;No;0;50-59;Motorist Drive Out - Commercial Driveway / Alley;None;No;#NULL!;Dry;0;Urban;No;29OCT2014;0;13:15;Male;#NULL!;Commercial;O: No Injury;Yes;O: No Injury;690;October;0;Straight - Level;Coastal;Facing Traffic;No Control Present;Wednesday;Non-Intersection;59;1;Two-Way, Divided, Unprotected Median;3 lanes;0;No;PVA 1609 W EHRINGHAUS ST;Coarse Asphalt;HALSTEAD BLVD;Driveway, Public;Motorist Failed to Yield - Midblock;Public Vehicular Area;O: No Injury;Pasquotank;38;Clear;FIRST CITIZENS PVA;0-5 mph;20 - 25  MPH;2014;Daylight;30-39
36.0339692344, -75.6729517145;"{""type"": ""Point"", ""coordinates"": [-75.67295171451471, 36.03396923443176]}";White;Kill Devil Hills;Travel Lane;2;13;Urban (>70% Developed);Male;Passenger Car;1;No;0;0;White;No;0;25-29;Bicyclist Ride Through - Signalized Intersection;None;No;#NULL!;Dry;0.009;Urban;No;17OCT2014;0;13:18;Female;#NULL!;Commercial;O: No Injury;No;O: No Injury;691;October;0;Straight - Level;Coastal;With Traffic;No Control Present;Friday;Intersection;26;1;Two-Way, Not Divided;2 lanes;0;No;THIRD ST;Coarse Asphalt;AZTEC ST;No Special Feature;Bicyclist Failed to Yield - Signalized Intersection;Local Street;O: No Injury;Dare;60;Clear;CROATAN HWY;16-20 mph;20 - 25  MPH;2014;Daylight;60-69
35.2480118886, -80.7848232253;"{""type"": ""Point"", ""coordinates"": [-80.78482322530924, 35.248011888613235]}";Black;Charlotte;Travel Lane;2;17;Urban (>70% Developed);Male;Passenger Car;1;No;0;40002935;Black;No;0;60-69;Bicyclist Ride Out - Midblock - Unknown;None;No;#NULL!;Dry;0.008;Urban;No;29AUG2014;0;17:54;Female;#NULL!;Residential;O: No Injury;No;O: No Injury;699;August;0;Straight - Level;Piedmont;Not Applicable;No Control Present;Friday;Non-Intersection;63;1;Two-Way, Not Divided;2 lanes;0;No;THE PLAZA;Smooth Asphalt;COMMERCIAL AVE;No Special Feature;Bicyclist Failed to Yield - Midblock;Local Street;O: No Injury;Mecklenburg;30;Clear;WELDON AV;16-20 mph;30 - 35  MPH;2014;Daylight;30-39
35.7796510793, -78.640116609;"{""type"": ""Point"", ""coordinates"": [-78.64011660900023, 35.779651079271176]}";White;Raleigh;Travel Lane;2;17;Urban (>70% Developed);Male;Passenger Car;0;No;1;50026965;White;No;0;25-29;Motorist Overtaking - Bicyclist Swerved;None;No;#NULL!;Dry;0;Urban;No;07NOV2014;0;17:51;Female;#NULL!;Commercial;B: Evident Injury;Yes;O: No Injury;713;November;0;Straight - Level;Piedmont;With Traffic;Stop And Go Signal;Friday;Intersection;26;1;One-Way, Not Divided;3 lanes;0;No;S SALISBURY ST;Coarse Asphalt;W HARGETT ST;No Special Feature;Motorist Overtaking Bicyclist;Local Street;B: Evident Injury;Wake;25;Clear;MORGAN ST;26-30 mph;20 - 25  MPH;2014;Dusk;25-29
35.2311168649, -81.3329933875;"{""type"": ""Point"", ""coordinates"": [-81.33299338752956, 35.231116864898496]}";White;Kings Mountain;Travel Lane;2;15;Urban (>70% Developed);Male;Passenger Car;0;No;0;30000161;White;No;1;40-49;Motorist Drive Out - Commercial Driveway / Alley;None;No;#NULL!;Dry;0.08;Urban;No;14NOV2014;0;15:00;Female;#NULL!;Commercial;C: Possible Injury;Yes;O: No Injury;718;November;0;Straight - Level;Mountains;With Traffic;No Control Present;Friday;Non-Intersection;41;1;Two-Way, Divided, Unprotected Median;3 lanes;0;No;YORK RD;Coarse Asphalt;GOLD ST;No Special Feature;Motorist Failed to Yield - Midblock;Local Street;C: Possible Injury;Cleveland;52;Clear;CHARLES ST;0-5 mph;30 - 35  MPH;2014;Daylight;50-59
35.5778498907, -82.5820887771;"{""type"": ""Point"", ""coordinates"": [-82.58208877713673, 35.577849890662335]}";White;Asheville;Travel Lane;2;18;Urban (>70% Developed);Male;Unknown;0;No;0;40003548;Unknown/Missing;No;1;30-39;Motorist Overtaking - Other / Unknown;None;No;#NULL!;Dry;0.038;Urban;Yes;03NOV2014;0;18:16;Unknown;#NULL!;Residential;C: Possible Injury;Yes;Unknown Injury;721;November;0;Straight - Level;Mountains;With Traffic;Stop And Go Signal;Monday;Intersection-Related;34;1;Two-Way, Divided, Unprotected Median;3 lanes;0;Missing;HAYWOOD RDW;Smooth Asphalt;HANOVER ST;Related To Intersection;Motorist Overtaking Bicyclist;Local Street;C: Possible Injury;Buncombe;Unknown;Clear;KNIGHT PL;0-5 mph;20 - 25  MPH;2014;Dark - Lighted Roadway;Unknown