Geo Point;Geo Shape;BikeRace;City;BikePos;NumUnits;CrashHour;Locality;BikeSex;DrvrVehTyp;NumBikesNo;BikeAlcDrg;NumBikesBI;RteInvdCd;DrvrRace;Workzone;NumBikesCi;BikeAgeGrp;CrashType;RdDefects;CrashAlcoh;BikeAlcoho;RdConditio;DstncMiFrm;RuralUrban;HitRun;CrashDate;NumBikesUI;CrashTime;DrvrSex;DrvrAlcoho;Developmen;CrashSevr;AmbulanceR;DrvrInjury;OBJECTID;CrashMonth;NumBikesKi;RdCharacte;Region;BikeDir;TraffCntrl;CrashDay;CrashLoc;BikeAge;NumBikesTo;RdConfig;NumLanes;NumBikesAI;DrvrAlcDrg;OnRoad;RdSurface;Towrd_Rd;RdFeature;CrashGrp;RdClass;BikeInjury;County;DrvrAge;Weather;FrmRd;DrvrEstSpd;SpeedLimit;CrashYear;LightCond;DrvrAgeGrp
35.6126670871, -77.3663582132;"{""type"": ""Point"", ""coordinates"": [-77.36635821322179, 35.61266708714424]}";Black;Greenville;Travel Lane;2;23;Mixed (30% To 70% Developed);Male;Pickup;0;No;1;0;Black;No;0;40-49;Motorist Left Turn - Opposite Direction;None;No;#NULL!;Dry;0.019;Urban;No;30OCT2014;0;23:28;Male;#NULL!;Commercial;B: Evident Injury;Yes;O: No Injury;727;October;0;Straight - Level;Coastal;With Traffic;Stop Sign;Thursday;Non-Intersection;48;1;Two-Way, Not Divided;2 lanes;0;No;GREENPARK DR;Smooth Asphalt;STATON HOUSE RD;No Special Feature;Motorist Left Turn / Merge;Local Street;B: Evident Injury;Pitt;28;Clear;11;16-20 mph;20 - 25  MPH;2014;Dark - Lighted Roadway;25-29
36.0678771234, -79.1242127718;"{""type"": ""Point"", ""coordinates"": [-79.1242127717833, 36.067877123385685]}";White;None - Rural Crash;Travel Lane;2;20;Rural (<30% Developed);Male;Sport Utility;0;No;0;40001144;Unknown/Missing;No;1;30-39;Motorist Left Turn - Opposite Direction;None;No;#NULL!;Dry;0;Rural;Yes;18NOV2014;0;20:23;Unknown;#NULL!;Farms, Woods, Pastures;C: Possible Injury;No;Unknown Injury;731;November;0;Straight - Level;Piedmont;With Traffic;Double Yellow Line, No Passing Zone;Tuesday;Intersection;34;1;Two-Way, Not Divided;2 lanes;0;Unknown;SR 1144;Coarse Asphalt;1147;T-Intersection;Motorist Left Turn / Merge;State Secondary Route;C: Possible Injury;Orange;Unknown;Clear;1204;16-20 mph;40 - 45  MPH;2014;Dark - Roadway Not Lighted;Unknown
36.2147102712, -75.7680217535;"{""type"": ""Point"", ""coordinates"": [-75.76802175352303, 36.21471027115629]}";White;Duck;Travel Lane;2;16;Mixed (30% To 70% Developed);Male;Unknown;0;No;0;0;Unknown/Missing;No;1;60-69;Motorist Overtaking - Other / Unknown;None;No;#NULL!;Dry;0.038;Rural;Yes;19OCT2014;0;16:30;Unknown;#NULL!;Residential;C: Possible Injury;No;Unknown Injury;738;October;0;Straight - Level;Coastal;With Traffic;No Control Present;Sunday;Non-Intersection;61;1;Two-Way, Not Divided;2 lanes;0;Missing;DUCK ROAD;Coarse Asphalt;MARTIN LN;No Special Feature;Motorist Overtaking Bicyclist;NC Route;C: Possible Injury;Dare;Unknown;Clear;GANNETT LN;41-45 mph;40 - 45  MPH;2014;Daylight;Unknown
35.376711873, -81.9445985778;"{""type"": ""Point"", ""coordinates"": [-81.94459857778341, 35.376711873014315]}";White;Rutherfordton;Non-Roadway;2;17;Urban (>70% Developed);Female;Sport Utility;0;No;0;21000074;White;No;1;30-39;Bicyclist Ride Out - Commercial Driveway / Alley;None;No;#NULL!;Wet;0.045;Rural;No;31OCT2014;0;17:05;Female;#NULL!;Commercial;C: Possible Injury;Yes;O: No Injury;741;October;0;Straight - Level;Mountains;Not Applicable;Stop And Go Signal;Friday;Non-Intersection;32;1;Two-Way, Divided, Unprotected Median;3 lanes;0;No;RAILROAD AVE;Smooth Asphalt;WHITESIDES RD;Four-Way Intersection;Bicyclist Failed to Yield - Midblock;US Route;C: Possible Injury;Rutherford;32;Cloudy;NORTH ST;41-45 mph;40 - 45  MPH;2014;Daylight;30-39
35.2743638227, -82.7049597965;"{""type"": ""Point"", ""coordinates"": [-82.7049597964594, 35.274363822686794]}";White;Brevard;Non-Roadway;2;16;Urban (>70% Developed);Male;Passenger Car;0;No;1;0;White;No;0;20-24;Non-Roadway;None;No;#NULL!;Dry;0;Urban;No;06NOV2014;0;16:45;Male;#NULL!;Commercial;B: Evident Injury;Yes;O: No Injury;745;November;0;Straight - Grade;Mountains;Not Applicable;No Control Present;Thursday;Non-Roadway;21;1;Two-Way, Not Divided;2 lanes;0;No;PVA FOREST GATE PLAZA PVA;Smooth Asphalt;BILO PVA;No Special Feature;Non-Roadway;Public Vehicular Area;B: Evident Injury;Transylvania;50;Clear;PIZZA HUT PVA;11-15 mph;20 - 25  MPH;2014;Daylight;50-59
35.1231529898, -77.0842381032;"{""type"": ""Point"", ""coordinates"": [-77.08423810321574, 35.123152989808986]}";White;New Bern;Bike Lane / Paved Shoulder;2;15;Urban (>70% Developed);Female;Passenger Car;0;No;0;30000055;White;No;1;60-69;Motorist Left Turn - Opposite Direction;None;No;#NULL!;Dry;0.17;Urban;No;08OCT2014;0;15:48;Female;#NULL!;Commercial;C: Possible Injury;Yes;O: No Injury;747;October;0;Straight - Grade;Coastal;With Traffic;Double Yellow Line, No Passing Zone;Wednesday;Non-Intersection;65;1;Two-Way, Not Divided;4 lanes;0;No;55;Coarse Asphalt;CHERRY TREE ST;Driveway, Private;Motorist Left Turn / Merge;Local Street;C: Possible Injury;Craven;35;Clear;GLENBURNIE RD;31-35 mph;40 - 45  MPH;2014;Daylight;30-39
35.0572849115, -79.0028486813;"{""type"": ""Point"", ""coordinates"": [-79.00284868125854, 35.05728491154346]}";Black;Fayetteville;Non-Roadway;2;19;Urban (>70% Developed);Male;Sport Utility;0;No;0;40001410;White;No;1;30-39;Bicyclist Ride Out - Other Midblock;None;No;#NULL!;Dry;0.057;Urban;No;10NOV2014;0;19:33;Male;#NULL!;Commercial;C: Possible Injury;Yes;O: No Injury;753;November;0;Straight - Level;Coastal;Not Applicable;No Control Present;Monday;Non-Intersection;32;1;Two-Way, Divided, Unprotected Median;3 lanes;0;No;BUNCE RD;Coarse Asphalt;OLD BUNCE RD;No Special Feature;Bicyclist Failed to Yield - Midblock;Local Street;C: Possible Injury;Cumberland;27;Clear;CLIFFDALE RD;0-5 mph;30 - 35  MPH;2014;Dark - Lighted Roadway;25-29
36.0320700871, -79.9220830098;"{""type"": ""Point"", ""coordinates"": [-79.9220830098384, 36.03207008706975]}";White;None - Rural Crash;Travel Lane;2;15;Mixed (30% To 70% Developed);Male;Passenger Car;0;No;1;40001546;Asian;No;0;70+;Motorist Right Turn - Same Direction;None;No;#NULL!;Dry;0;Rural;No;24NOV2014;0;15:59;Male;#NULL!;Residential;B: Evident Injury;Yes;O: No Injury;764;November;0;Straight - Level;Piedmont;With Traffic;No Control Present;Monday;Intersection;70+;1;Two-Way, Divided, Unprotected Median;4 lanes;0;No;SR 1546;Smooth Asphalt;1424;T-Intersection;Motorist Right Turn / Merge;State Secondary Route;B: Evident Injury;Guilford;17;Clear;OLDE SALEM DR;41-45 mph;40 - 45  MPH;2014;Daylight;0-19
35.6181520955, -77.1657661526;"{""type"": ""Point"", ""coordinates"": [-77.16576615264225, 35.61815209553779]}";Black;None - Rural Crash;Travel Lane;2;18;Rural (<30% Developed);Male;Passenger Car;0;No;0;20000264;Black;No;1;16-19;Motorist Overtaking - Undetected Bicyclist;None;No;#NULL!;Dry;2.3;Rural;No;17NOV2014;0;18:10;Female;#NULL!;Farms, Woods, Pastures;C: Possible Injury;Yes;O: No Injury;766;November;0;Straight - Level;Coastal;With Traffic;No Control Present;Monday;Non-Intersection;17;1;Two-Way, Divided, Unprotected Median;3 lanes;0;No;US 264;Smooth Asphalt;1565;No Special Feature;Motorist Overtaking Bicyclist;US Route;C: Possible Injury;Pitt;27;Clear;30;51-55 mph;50 - 55  MPH;2014;Dark - Roadway Not Lighted;25-29
35.5119740323, -78.3372625034;"{""type"": ""Point"", ""coordinates"": [-78.33726250340266, 35.51197403232464]}";Black;Smithfield;Travel Lane;2;4;Urban (>70% Developed);Male;Passenger Car;0;No;1;20000301;White;No;0;50-59;Motorist Lost Control - Alcohol / Drug Impairment;None;No;#NULL!;Dry;0;Urban;No;05DEC2014;0;4:18;Female;#NULL!;Commercial;B: Evident Injury;No;O: No Injury;767;December;0;Straight - Level;Coastal;With Traffic;No Control Present;Friday;Intersection;56;1;Two-Way, Not Divided;5 lanes;0;No;US 301;Coarse Asphalt;CASWELL ST;No Special Feature;Loss of Control / Turning Error;US Route;B: Evident Injury;Johnston;37;Clear;HANCOCK ST;51-55 mph;50 - 55  MPH;2014;Dark - Lighted Roadway;30-39
34.2265197649, -77.9315823173;"{""type"": ""Point"", ""coordinates"": [-77.93158231727082, 34.22651976488793]}";Black;Wilmington;Travel Lane;2;16;Urban (>70% Developed);Male;Sport Utility;0;No;1;20600076;White;No;0;11-15;Bicyclist Ride Through - Signalized Intersection;None;No;#NULL!;Dry;0;Urban;No;25NOV2014;0;16:58;Female;#NULL!;Residential;B: Evident Injury;Yes;O: No Injury;770;November;0;Straight - Level;Coastal;Facing Traffic;No Control Present;Tuesday;Intersection;13;1;One-Way, Not Divided;3 lanes;0;No;WOOSTER ST;Coarse Asphalt;S 12TH ST;Four-Way Intersection;Bicyclist Failed to Yield - Signalized Intersection;Local Street;B: Evident Injury;New Hanover;27;Clear;S 13TH ST;16-20 mph;30 - 35  MPH;2014;Dark - Lighted Roadway;25-29
34.621516816, -79.0035326599;"{""type"": ""Point"", ""coordinates"": [-79.00353265992118, 34.62151681596635]}";Black;Lumberton;Travel Lane;2;12;Urban (>70% Developed);Male;Pickup;1;No;0;40002007;White;No;0;16-19;Bicyclist Lost Control - Mechanical Problems;None;No;#NULL!;Dry;0;Urban;No;22NOV2014;0;12:32;Male;#NULL!;Commercial;O: No Injury;Yes;O: No Injury;774;November;0;Straight - Level;Coastal;Unknown;Stop Sign;Saturday;Intersection;18;1;Two-Way, Not Divided;2 lanes;0;No;CEDAR ST;Coarse Asphalt;EAST 6TH ST;Four-Way Intersection;Loss of Control / Turning Error;Local Street;O: No Injury;Robeson;62;Clear;EAST SEVENTH ST;21-25 mph;30 - 35  MPH;2014;Daylight;60-69
34.2383227677, -77.9163923128;"{""type"": ""Point"", ""coordinates"": [-77.91639231284002, 34.23832276771654]}";White;Wilmington;Non-Roadway;2;15;Urban (>70% Developed);Male;Passenger Car;0;No;0;29000017;Black;No;1;16-19;Bicyclist Ride Out - Commercial Driveway / Alley;None;No;#NULL!;Dry;0.006;Urban;No;26NOV2014;0;15:47;Female;#NULL!;Residential;C: Possible Injury;No;O: No Injury;783;November;0;Straight - Level;Coastal;Not Applicable;No Control Present;Wednesday;Non-Intersection;19;1;Two-Way, Not Divided;4 lanes;0;No;MARKET ST;Smooth Asphalt;N 23RD ST;No Special Feature;Bicyclist Failed to Yield - Midblock;Local Street;C: Possible Injury;New Hanover;25;Clear;KENWOOD AVE;31-35 mph;30 - 35  MPH;2014;Daylight;25-29
34.8041568495, -79.1867777242;"{""type"": ""Point"", ""coordinates"": [-79.1867777242008, 34.80415684947763]}";Black;Red Springs;Travel Lane;2;18;Urban (>70% Developed);Male;Passenger Car;0;No;0;30000072;Unknown/Missing;No;0;30-39;Motorist Overtaking - Other / Unknown;Unknown;No;#NULL!;Dry;0.038;Rural;Yes;01DEC2014;1;18:06;Unknown;#NULL!;Residential;Unknown Injury;No;Unknown Injury;791;December;0;Straight - Level;Coastal;With Traffic;No Control Present;Monday;Non-Intersection;30;1;Two-Way, Not Divided;2 lanes;0;Missing;HUBERT MCLEAN RD;Coarse Asphalt;RICHARDSON ST;No Special Feature;Motorist Overtaking Bicyclist;Local Street;Unknown Injury;Robeson;Unknown;Clear;SOUTH MAIN ST;31-35 mph;30 - 35  MPH;2014;Dark - Roadway Not Lighted;Unknown
35.7781710794, -78.6365026083;"{""type"": ""Point"", ""coordinates"": [-78.6365026083179, 35.77817107940935]}";Hispanic;Raleigh;Sidewalk / Crosswalk / Driveway Crossing;2;7;Urban (>70% Developed);Male;Passenger Car;0;No;1;50013157;Asian;No;0;40-49;Motorist Left Turn - Opposite Direction;None;No;#NULL!;Dry;0.001;Urban;No;16DEC2014;0;7:10;Male;#NULL!;Commercial;B: Evident Injury;Yes;O: No Injury;795;December;0;Straight - Level;Piedmont;Facing Traffic;Stop And Go Signal;Tuesday;Intersection;44;1;Two-Way, Not Divided;2 lanes;0;No;E HARGETT ST;Smooth Asphalt;S PERSON AT;Four-Way Intersection;Motorist Left Turn / Merge;Local Street;B: Evident Injury;Wake;70+;Clear;S BLOUNT ST;16-20 mph;30 - 35  MPH;2014;Dark - Lighted Roadway;70+
34.2280527643, -77.9450173208;"{""type"": ""Point"", ""coordinates"": [-77.94501732081814, 34.228052764327686]}";White;Wilmington;Sidewalk / Crosswalk / Driveway Crossing;2;7;Urban (>70% Developed);Male;Passenger Car;0;No;1;50005296;White;No;0;25-29;Motorist Drive Out - Signalized Intersection;None;No;#NULL!;Wet;0.066;Urban;No;06DEC2014;0;7:31;Female;#NULL!;Residential;B: Evident Injury;Yes;O: No Injury;796;December;0;Straight - Level;Coastal;Facing Traffic;Stop And Go Signal;Saturday;Intersection;27;1;Two-Way, Not Divided;3 lanes;0;No;CASTLE ST;Smooth Asphalt;S 3RD ST;No Special Feature;Motorist Failed to Yield - Signalized Intersection;Local Street;B: Evident Injury;.;33;Cloudy;S 4TH ST;0-5 mph;30 - 35  MPH;2014;Daylight;30-39
34.2187297647, -77.8696822984;"{""type"": ""Point"", ""coordinates"": [-77.86968229840004, 34.21872976468507]}";White;Wilmington;Sidewalk / Crosswalk / Driveway Crossing;2;9;Urban (>70% Developed);Male;Unknown;0;No;0;0;Unknown/Missing;No;1;16-19;Motorist Left Turn - Opposite Direction;None;No;#NULL!;Dry;0;Urban;Yes;05SEP2014;0;9:50;Unknown;#NULL!;Institutional;C: Possible Injury;No;Unknown Injury;798;September;0;Straight - Level;Coastal;With Traffic;No Control Present;Friday;Intersection;19;1;Two-Way, Not Divided;2 lanes;0;Missing;WALTON DR;Smooth Asphalt;LIONFISH DR;T-Intersection;Motorist Left Turn / Merge;Local Street;C: Possible Injury;New Hanover;Unknown;Clear;REIGEL RD;16-20 mph;20 - 25  MPH;2014;Daylight;Unknown
34.9316738921, -78.7642226034;"{""type"": ""Point"", ""coordinates"": [-78.76422260335387, 34.9316738920841]}";Native American;None - Rural Crash;Travel Lane;2;14;Rural (<30% Developed);Male;Passenger Car;0;Yes-Alcohol,  impairment suspected;0;40002226;White;No;1;50-59;Motorist Overtaking - Bicyclist Swerved;None;Yes;#NULL!;Wet;0.1;Rural;No;24DEC2014;0;14:17;Male;#NULL!;Residential;C: Possible Injury;Yes;Unknown Injury;802;December;0;Straight - Level;Coastal;With Traffic;Double Yellow Line, No Passing Zone;Wednesday;Non-Intersection;54;1;Two-Way, Not Divided;2 lanes;0;No;SR 2226;Coarse Asphalt;2023;No Special Feature;Motorist Overtaking Bicyclist;State Secondary Route;C: Possible Injury;Cumberland;57;Rain;2225;11-15 mph;50 - 55  MPH;2014;Daylight;50-59
34.1487867167, -78.876692598;"{""type"": ""Point"", ""coordinates"": [-78.87669259799581, 34.14878671674068]}";White;None - Rural Crash;Non-Roadway;2;17;Rural (<30% Developed);Male;Passenger Car;0;No;1;0;White;No;0;11-15;Non-Roadway;None;No;#NULL!;Dry;0.038;Rural;No;18DEC2014;0;17:00;Female;#NULL!;Residential;B: Evident Injury;Yes;O: No Injury;803;December;0;Straight - Level;Coastal;Not Applicable;No Control Present;Thursday;Non-Roadway;11;1;Two-Way, Not Divided;Unknown;0;No;PP NORRIS RES;Sand;#NULL!;Driveway, Private;Non-Roadway;Private Road, Driveway;B: Evident Injury;Columbus;32;Clear;904;16-20 mph;Unknown;2014;Daylight;30-39
34.1475587482, -77.9006423045;"{""type"": ""Point"", ""coordinates"": [-77.90064230452869, 34.147558748173374]}";White;None - Rural Crash;Travel Lane;2;13;Urban (>70% Developed);Male;Passenger Car;0;No;1;20000421;Black;No;0;20-24;Motorist Overtaking - Bicyclist Swerved;None;No;#NULL!;Dry;0.25;Rural;No;23DEC2014;0;13:18;Female;#NULL!;Commercial;B: Evident Injury;No;O: No Injury;806;December;0;Straight - Level;Coastal;With Traffic;No Control Present;Tuesday;Non-Intersection;21;1;Two-Way, Divided, Unprotected Median;4 lanes;0;No;US 421;Coarse Asphalt;1247;Related To Intersection;Motorist Overtaking Bicyclist;US Route;B: Evident Injury;New Hanover;24;Cloudy;1197;31-35 mph;40 - 45  MPH;2014;Daylight;20-24
35.1005769852, -77.0777760996;"{""type"": ""Point"", ""coordinates"": [-77.07777609961883, 35.10057698522119]}";Black;New Bern;Travel Lane;2;12;Urban (>70% Developed);Male;Unknown;0;No;0;0;Unknown/Missing;No;1;16-19;Motorist Drive Out - Sign-Controlled Intersection;None;No;#NULL!;Dry;0.38;Urban;Yes;31DEC2014;0;12:25;Unknown;#NULL!;Commercial;C: Possible Injury;No;Unknown Injury;807;December;0;Straight - Level;Coastal;Facing Traffic;Stop Sign;Wednesday;Intersection;17;1;Two-Way, Not Divided;3 lanes;0;Missing;HOTEL DR;Smooth Asphalt;TRENT RD;T-Intersection;Motorist Failed to Yield - Sign-Controlled Intersection;Local Street;C: Possible Injury;Craven;Unknown;Clear;M L KING JR BLVD;0-5 mph;30 - 35  MPH;2014;Daylight;Unknown
35.371714904, -81.095843325;"{""type"": ""Point"", ""coordinates"": [-81.09584332504123, 35.37171490398104]}";White;None - Rural Crash;Travel Lane;2;19;Rural (<30% Developed);Male;Sport Utility;0;No;0;40001902;White;No;0;16-19;Head-On - Bicyclist;None;No;#NULL!;Dry;0.2;Rural;No;18DEC2014;0;19:54;Female;#NULL!;Farms, Woods, Pastures;K: Killed;Yes;O: No Injury;810;December;1;Straight - Level;Piedmont;Facing Traffic;Double Yellow Line, No Passing Zone;Thursday;Non-Intersection;16;1;Two-Way, Not Divided;2 lanes;0;No;SR 1902;Smooth Asphalt;1904;No Special Feature;Head-On;State Secondary Route;K: Killed;Gaston;16;Clear;27;36-40 mph;40 - 45  MPH;2014;Dark - Roadway Not Lighted;0-19
35.2974538674, -81.6467734849;"{""type"": ""Point"", ""coordinates"": [-81.64677348491809, 35.2974538673598]}";White;None - Rural Crash;Travel Lane;2;20;Mixed (30% To 70% Developed);Male;Unknown;0;No;0;40001161;Unknown/Missing;No;1;20-24;Motorist Overtaking - Other / Unknown;None;No;#NULL!;Dry;0.3;Rural;Yes;04NOV2014;0;20:00;Unknown;#NULL!;Farms, Woods, Pastures;C: Possible Injury;No;Unknown Injury;827;November;0;Curve - Hillcrest;Mountains;With Traffic;Double Yellow Line, No Passing Zone;Tuesday;Non-Intersection;23;1;Two-Way, Not Divided;2 lanes;0;Missing;SR 1161;Smooth Asphalt;2340;No Special Feature;Motorist Overtaking Bicyclist;State Secondary Route;C: Possible Injury;Cleveland;Unknown;Clear;74;41-45 mph;40 - 45  MPH;2014;Dark - Roadway Not Lighted;Unknown
34.24325477, -77.8966023068;"{""type"": ""Point"", ""coordinates"": [-77.89660230682848, 34.243254769981604]}";White;Wilmington;Bike Lane / Paved Shoulder;2;13;Urban (>70% Developed);Female;Unknown;1;No;0;40002251;Unknown/Missing;No;0;30-39;Motorist Right Turn - Same Direction;None;No;#NULL!;Dry;0;Urban;Yes;26DEC2014;0;13:41;Unknown;#NULL!;Residential;O: No Injury;No;Unknown Injury;828;December;0;Straight - Level;Coastal;With Traffic;Stop Sign;Friday;Intersection;30;1;Two-Way, Not Divided;5 lanes;0;Missing;BARCLAY HILLS DR;Smooth Asphalt;BARCLAY HILLS DR;Four-Way Intersection;Motorist Right Turn / Merge;Local Street;O: No Injury;New Hanover;Unknown;Clear;PRINCESS PL DR;16-20 mph;30 - 35  MPH;2014;Daylight;Unknown
35.7265500687, -78.6136575979;"{""type"": ""Point"", ""coordinates"": [-78.613657597887, 35.72655006871618]}";Hispanic;Garner;Travel Lane;2;16;Urban (>70% Developed);Male;Passenger Car;0;No;0;0;Unknown/Missing;No;1;11-15;Head-On - Motorist;None;No;#NULL!;Dry;0.1;Urban;Yes;30OCT2014;0;16:30;Unknown;#NULL!;Residential;C: Possible Injury;Yes;Unknown Injury;833;October;0;Straight - Level;Piedmont;With Traffic;No Control Present;Thursday;Non-Intersection;14;1;Two-Way, Not Divided;2 lanes;0;Unknown;CORWIN RD;Coarse Asphalt;MEADOWBROOK DR;No Special Feature;Head-On;Local Street;C: Possible Injury;Wake;Unknown;Clear;CRANSTON RD;21-25 mph;20 - 25  MPH;2014;Daylight;Unknown
36.0751791147, -79.41496286;"{""type"": ""Point"", ""coordinates"": [-79.41496285997474, 36.07517911467727]}";Black;Burlington;Travel Lane;2;12;Urban (>70% Developed);Male;Passenger Car;0;Yes-Alcohol and Drugs, no impairment detected;0;30000087;Black;No;1;50-59;Motorist Drive Out - Sign-Controlled Intersection;None;Yes;#NULL!;Dry;0;Urban;No;12JUN2014;0;12:23;Female;#NULL!;Commercial;C: Possible Injury;Yes;O: No Injury;834;June;0;Straight - Bottom;Piedmont;Facing Traffic;Stop Sign;Thursday;Intersection;57;1;Two-Way, Not Divided;4 lanes;0;No;87;Coarse Asphalt;ALBANY ST;T-Intersection;Motorist Failed to Yield - Sign-Controlled Intersection;NC Route;C: Possible Injury;Alamance;31;Clear;BOONE ST;0-5 mph;30 - 35  MPH;2014;Daylight;30-39
35.9948840784, -79.9354630121;"{""type"": ""Point"", ""coordinates"": [-79.93546301206672, 35.99488407840921]}";White;Jamestown;Travel Lane;2;17;Urban (>70% Developed);Male;Passenger Car;0;No;1;40004121;White;No;0;50-59;Motorist Right Turn - Same Direction;None;No;#NULL!;Dry;0.039;Rural;No;15OCT2014;0;17:48;Male;#NULL!;Commercial;B: Evident Injury;Yes;O: No Injury;839;October;0;Straight - Grade;Piedmont;With Traffic;Double Yellow Line, No Passing Zone;Wednesday;Non-Intersection;57;1;Two-Way, Not Divided;3 lanes;0;No;SR 4121;Smooth Asphalt;1144;Driveway, Public;Motorist Right Turn / Merge;State Secondary Route;B: Evident Injury;Guilford;33;Clear;GANAWAY ST;21-25 mph;30 - 35  MPH;2014;Daylight;30-39
35.9054070917, -79.0535027416;"{""type"": ""Point"", ""coordinates"": [-79.05350274158255, 35.90540709173763]}";Black;Chapel Hill;Travel Lane;2;18;Urban (>70% Developed);Male;Sport Utility;0;No;0;30000086;White;No;1;20-24;Bicyclist Overtaking - Extended Door;None;No;#NULL!;Dry;0.076;Urban;No;17APR2014;0;18:22;Male;#NULL!;Institutional;C: Possible Injury;No;O: No Injury;848;April;0;Straight - Level;Piedmont;With Traffic;No Control Present;Thursday;Non-Intersection;24;1;Unknown;3 lanes;0;No;S COLUMBIA ST;Smooth Asphalt;SOUTH RD;No Special Feature;Bicyclist Overtaking Motorist;Local Street;C: Possible Injury;Orange;29;Clear;MANNING DR;Unknown;20 - 25  MPH;2014;Daylight;25-29
35.9120590934, -79.0472027399;"{""type"": ""Point"", ""coordinates"": [-79.04720273993097, 35.91205909335581]}";White;Chapel Hill;Travel Lane;2;11;Urban (>70% Developed);Male;Sport Utility;0;No;0;50025238;White;No;1;20-24;Motorist Right Turn - Same Direction;None;No;#NULL!;Dry;0.084;Urban;No;04APR2014;0;11:58;Male;#NULL!;Institutional;C: Possible Injury;No;O: No Injury;849;April;0;Straight - Level;Piedmont;With Traffic;No Control Present;Friday;Non-Intersection;20;1;Two-Way, Divided, Unprotected Median;2 lanes;0;No;RALEIGH ST;Smooth Asphalt;SOUTH RD;No Special Feature;Motorist Right Turn / Merge;Local Street;C: Possible Injury;Orange;63;Cloudy;CAMRON AVE;0-5 mph;20 - 25  MPH;2014;Daylight;60-69
35.2896868874, -81.0685033121;"{""type"": ""Point"", ""coordinates"": [-81.06850331212938, 35.289686887377066]}";White;None - Rural Crash;Travel Lane;2;20;Rural (<30% Developed);Male;Pickup;0;#NULL!;0;0;White;No;0;16-19;Motorist Overtaking - Undetected Bicyclist;None;No;No;Dry;0;Rural;No;02JAN2013;0;20:35;Male;No;Farms, Woods, Pastures;B: Evident Injury;No;O: No Injury;851;January;0;Straight - Level;Piedmont;With Traffic;Double Yellow Line, No Passing Zone;Wednesday;Non-Intersection;16;0;Two-Way, Not Divided;2 lanes;0;#NULL!;SR 2000;Smooth Asphalt;#NULL!;No Special Feature;Motorist Overtaking Bicyclist;State Secondary Route;B: Evident Injury;Gaston;31;Clear;#NULL!;41-45 mph;40 - 45  MPH;2013;Dark - Roadway Not Lighted;30-39
35.0927368632, -80.5851031573;"{""type"": ""Point"", ""coordinates"": [-80.58510315731804, 35.092736863225156]}";White;None - Rural Crash;Travel Lane;2;13;Rural (<30% Developed);Male;Passenger Car;0;#NULL!;0;0;Unknown/Missing;No;0;70+;Motorist Overtaking - Other / Unknown;None;No;No;Dry;0;Rural;Yes;12JAN2013;0;13:15;Unknown;Missing;Farms, Woods, Pastures;C: Possible Injury;Yes;Unknown Injury;863;January;0;Straight - Grade;Piedmont;With Traffic;Double Yellow Line, No Passing Zone;Saturday;Non-Intersection;70+;0;Two-Way, Not Divided;2 lanes;0;#NULL!;SR 1514;Smooth Asphalt;#NULL!;No Special Feature;Motorist Overtaking Bicyclist;State Secondary Route;C: Possible Injury;Union;Unknown;Clear;#NULL!;41-45 mph;50 - 55  MPH;2013;Daylight;Unknown
34.6485768218, -79.0001026593;"{""type"": ""Point"", ""coordinates"": [-79.00010265931049, 34.64857682184708]}";White;Lumberton;Travel Lane;2;6;Urban (>70% Developed);Male;Light Truck (Mini-Van, Panel);0;#NULL!;0;0;Unknown/Missing;No;0;60-69;Motorist Overtaking - Other / Unknown;None;No;No;Wet;0;Urban;Yes;18JAN2013;0;6:30;Unknown;No;Commercial;B: Evident Injury;No;Unknown Injury;867;January;0;Straight - Level;Coastal;With Traffic;No Control Present;Friday;Non-Intersection;65;0;Two-Way, Not Divided;4 lanes;0;#NULL!;US 301;Coarse Asphalt;#NULL!;No Special Feature;Motorist Overtaking Bicyclist;US Route;B: Evident Injury;Robeson;Unknown;Cloudy;#NULL!;41-45 mph;40 - 45  MPH;2013;Dawn;Unknown
36.0584971235, -79.0666027537;"{""type"": ""Point"", ""coordinates"": [-79.06660275371746, 36.05849712352847]}";White;None - Rural Crash;Travel Lane;2;16;Rural (<30% Developed);Male;Passenger Car;0;#NULL!;0;0;Hispanic;No;0;60-69;Motorist Right Turn - Same Direction;None;No;No;Dry;0;Rural;No;20JAN2013;0;16:40;Female;No;Farms, Woods, Pastures;B: Evident Injury;Yes;O: No Injury;869;January;0;Straight - Grade;Piedmont;With Traffic;Double Yellow Line, No Passing Zone;Sunday;Intersection;61;0;Two-Way, Not Divided;2 lanes;0;#NULL!;SR 1709;Smooth Asphalt;#NULL!;T-Intersection;Motorist Right Turn / Merge;State Secondary Route;B: Evident Injury;Orange;17;Clear;#NULL!;31-35 mph;40 - 45  MPH;2013;Daylight;0-19
35.6039770855, -77.3618022112;"{""type"": ""Point"", ""coordinates"": [-77.3618022112277, 35.60397708553843]}";White;Greenville;Travel Lane;2;13;Rural (<30% Developed);Male;Passenger Car;0;#NULL!;0;0;Unknown/Missing;No;0;20-24;Motorist Right Turn - Same Direction;None;No;No;Dry;0;Urban;Yes;29JAN2013;0;13:53;Unknown;Missing;Commercial;C: Possible Injury;No;Unknown Injury;879;January;0;Straight - Level;Coastal;With Traffic;Stop And Go Signal;Tuesday;Intersection;22;0;Two-Way, Not Divided;3 lanes;0;#NULL!;COLLEGE HILL DR;Coarse Asphalt;#NULL!;Four-Way Intersection;Motorist Right Turn / Merge;Local Street;C: Possible Injury;Pitt;Unknown;Clear;#NULL!;0-5 mph;20 - 25  MPH;2013;Daylight;Unknown