Geo Point;Geo Shape;BikeRace;City;BikePos;NumUnits;CrashHour;Locality;BikeSex;DrvrVehTyp;NumBikesNo;BikeAlcDrg;NumBikesBI;RteInvdCd;DrvrRace;Workzone;NumBikesCi;BikeAgeGrp;CrashType;RdDefects;CrashAlcoh;BikeAlcoho;RdConditio;DstncMiFrm;RuralUrban;HitRun;CrashDate;NumBikesUI;CrashTime;DrvrSex;DrvrAlcoho;Developmen;CrashSevr;AmbulanceR;DrvrInjury;OBJECTID;CrashMonth;NumBikesKi;RdCharacte;Region;BikeDir;TraffCntrl;CrashDay;CrashLoc;BikeAge;NumBikesTo;RdConfig;NumLanes;NumBikesAI;DrvrAlcDrg;OnRoad;RdSurface;Towrd_Rd;RdFeature;CrashGrp;RdClass;BikeInjury;County;DrvrAge;Weather;FrmRd;DrvrEstSpd;SpeedLimit;CrashYear;LightCond;DrvrAgeGrp
34.2419567714, -77.8288022871;"{""type"": ""Point"", ""coordinates"": [-77.82880228714201, 34.24195677141479]}";White;Wilmington;Non-Roadway;2;16;Urban (>70% Developed);Male;Sport Utility;0;#NULL!;0;0;White;No;0;20-24;Non-Roadway;None;No;No;Dry;0;Urban;No;22JAN2013;0;16:24;Male;No;Commercial;B: Evident Injury;Yes;O: No Injury;889;January;0;Straight - Level;Coastal;Not Applicable;No Control Present;Tuesday;Non-Roadway;22;0;Two-Way, Not Divided;Unknown;0;#NULL!;PVA MILITARY CUTOFF RD;Coarse Asphalt;#NULL!;Driveway, Public;Non-Roadway;Public Vehicular Area;B: Evident Injury;New Hanover;19;Clear;#NULL!;6-10 mph;Unknown;2013;Daylight;0-19
35.4246568629, -82.480503739;"{""type"": ""Point"", ""coordinates"": [-82.48050373897786, 35.42465686293877]}";White;None - Rural Crash;Travel Lane;2;16;Mixed (30% To 70% Developed);Male;Passenger Car;0;#NULL!;0;0;White;No;0;60-69;Bicyclist Overtaking - Other / Unknown;None;No;No;Dry;0;Rural;No;06FEB2013;0;16:05;Female;No;Residential;B: Evident Injury;Yes;O: No Injury;891;February;0;Straight - Grade;Mountains;With Traffic;Double Yellow Line, No Passing Zone;Wednesday;Non-Intersection;60;0;Two-Way, Not Divided;2 lanes;0;#NULL!;SR 1539;Smooth Asphalt;#NULL!;No Special Feature;Bicyclist Overtaking Motorist;State Secondary Route;B: Evident Injury;Henderson;70+;Clear;#NULL!;31-35 mph;40 - 45  MPH;2013;Daylight;70+
34.2668667756, -77.8693022998;"{""type"": ""Point"", ""coordinates"": [-77.8693022997766, 34.266866775636515]}";White;None - Rural Crash;Travel Lane;2;13;Urban (>70% Developed);Male;Passenger Car;0;#NULL!;0;0;Asian;No;0;50-59;Bicyclist Right Turn - Same Direction;None;No;No;Dry;0;Rural;No;16FEB2013;0;13:14;Male;No;Residential;B: Evident Injury;No;O: No Injury;895;February;0;Straight - Level;Coastal;With Traffic;Double Yellow Line, No Passing Zone;Saturday;Intersection-Related;55;0;Two-Way, Divided, Unprotected Median;6 lanes;0;#NULL!;US 117;Smooth Asphalt;#NULL!;No Special Feature;Bicyclist Right Turn / Merge;US Route;B: Evident Injury;New Hanover;21;Clear;#NULL!;41-45 mph;40 - 45  MPH;2013;Daylight;20-24
36.0851371034, -79.7723029685;"{""type"": ""Point"", ""coordinates"": [-79.77230296845714, 36.08513710341779]}";White;Greensboro;Travel Lane;2;14;Urban (>70% Developed);Male;Sport Utility;0;#NULL!;0;0;Black;No;0;20-24;Motorist Left Turn - Opposite Direction;None;No;No;Dry;0;Urban;No;15FEB2013;0;14:25;Female;No;Commercial;C: Possible Injury;Yes;O: No Injury;903;February;0;Straight - Level;Piedmont;With Traffic;No Control Present;Friday;Intersection-Related;21;0;Two-Way, Not Divided;5 lanes;0;#NULL!;E BESSEMER AV;Smooth Asphalt;#NULL!;Driveway, Public;Motorist Left Turn / Merge;Local Street;C: Possible Injury;Guilford;70+;Clear;#NULL!;11-15 mph;30 - 35  MPH;2013;Daylight;70+
35.8728971003, -78.6224026084;"{""type"": ""Point"", ""coordinates"": [-78.62240260840379, 35.87289710033788]}";White;Raleigh;Travel Lane;2;18;Urban (>70% Developed);Male;Passenger Car;0;#NULL!;0;0;Black;No;0;50-59;Motorist Left Turn - Opposite Direction;None;No;No;Dry;0;Urban;Yes;20FEB2013;0;18:42;Male;No;Commercial;O: No Injury;No;O: No Injury;908;February;0;Straight - Level;Piedmont;With Traffic;Stop And Go Signal;Wednesday;Intersection;55;0;Two-Way, Not Divided;9 or more lanes;0;#NULL!;FALLS OF NEUSE RD;Smooth Asphalt;#NULL!;T-Intersection;Motorist Left Turn / Merge;Local Street;O: No Injury;Wake;27;Clear;#NULL!;6-10 mph;40 - 45  MPH;2013;Dark - Lighted Roadway;25-29
35.0261369771, -76.8258020199;"{""type"": ""Point"", ""coordinates"": [-76.82580201989154, 35.02613697710666]}";White;Arapahoe;Travel Lane;2;19;Rural (<30% Developed);Male;Sport Utility;0;#NULL!;0;0;White;No;0;16-19;Motorist Overtaking - Bicyclist Swerved;None;No;No;Dry;0;Rural;No;18FEB2013;0;19:13;Male;No;Farms, Woods, Pastures;C: Possible Injury;Yes;O: No Injury;911;February;0;Straight - Level;Coastal;With Traffic;Double Yellow Line, No Passing Zone;Monday;Non-Intersection;16;0;Two-Way, Not Divided;2 lanes;0;#NULL!;NC 306;Smooth Asphalt;#NULL!;No Special Feature;Motorist Overtaking Bicyclist;NC Route;C: Possible Injury;Pamlico;16;Clear;#NULL!;31-35 mph;30 - 35  MPH;2013;Dark - Roadway Not Lighted;0-19
35.0560669149, -78.8950026489;"{""type"": ""Point"", ""coordinates"": [-78.89500264886273, 35.05606691488058]}";White;Fayetteville;Sidewalk / Crosswalk / Driveway Crossing;2;17;Urban (>70% Developed);Male;Unknown;0;#NULL!;0;0;Unknown/Missing;No;0;20-24;Bicyclist Ride Out - Parallel Path;None;No;No;Dry;0;Urban;Yes;12FEB2013;0;17:02;Unknown;No;Commercial;C: Possible Injury;No;Unknown Injury;913;February;0;Straight - Hillcrest;Coastal;With Traffic;Double Yellow Line, No Passing Zone;Tuesday;Intersection;21;0;Two-Way, Divided, Unprotected Median;4 lanes;0;#NULL!;HAY ST;Coarse Asphalt;#NULL!;No Special Feature;Parallel Paths - Other Circumstances;Local Street;C: Possible Injury;Cumberland;Unknown;Clear;#NULL!;26-30 mph;30 - 35  MPH;2013;Daylight;Unknown
35.7795270793, -78.6392026086;"{""type"": ""Point"", ""coordinates"": [-78.6392026085698, 35.77952707931576]}";White;Raleigh;Sidewalk / Crosswalk / Driveway Crossing;2;19;Urban (>70% Developed);Female;Passenger Car;0;#NULL!;0;0;Black;No;0;30-39;Motorist Right Turn - Same Direction;None;No;No;Dry;0;Urban;Yes;23FEB2013;0;19:35;Male;No;Commercial;C: Possible Injury;No;O: No Injury;915;February;0;Straight - Level;Piedmont;With Traffic;Stop And Go Signal;Saturday;Intersection;33;0;Two-Way, Not Divided;2 lanes;0;#NULL!;FAYETTEVILLE ST;Smooth Asphalt;#NULL!;No Special Feature;Motorist Right Turn / Merge;Local Street;C: Possible Injury;Wake;40;Clear;#NULL!;6-10 mph;20 - 25  MPH;2013;Dark - Lighted Roadway;40-49
35.109316987, -77.0793021012;"{""type"": ""Point"", ""coordinates"": [-77.07930210122642, 35.10931698703459]}";Black;New Bern;Non-Roadway;2;11;Urban (>70% Developed);Male;Van;0;#NULL!;0;0;White;No;0;30-39;Non-Roadway;None;No;No;Dry;0;Urban;No;15FEB2013;0;11:45;Female;Missing;Institutional;C: Possible Injury;No;O: No Injury;916;February;0;Straight - Level;Coastal;Not Applicable;No Control Present;Friday;Non-Roadway;31;0;Two-Way, Not Divided;2 lanes;0;#NULL!;EDUCATIONAL DR;Smooth Asphalt;#NULL!;No Special Feature;Non-Roadway;Public Vehicular Area;C: Possible Injury;Craven;29;Clear;#NULL!;Unknown;Unknown;2013;Daylight;25-29
36.060987097, -79.8186029803;"{""type"": ""Point"", ""coordinates"": [-79.81860298029933, 36.060987096971495]}";White;Greensboro;Sidewalk / Crosswalk / Driveway Crossing;2;18;Urban (>70% Developed);Male;Van;0;#NULL!;0;0;Black;No;0;20-24;Motorist Left Turn - Same Direction;None;No;No;Dry;0;Urban;No;25FEB2013;0;18:52;Female;No;Commercial;C: Possible Injury;Yes;O: No Injury;924;February;0;Straight - Grade;Piedmont;With Traffic;Stop Sign;Monday;Intersection;20;0;Two-Way, Not Divided;2 lanes;0;#NULL!;VAN WERT;Coarse Asphalt;#NULL!;T-Intersection;Motorist Left Turn / Merge;Local Street;C: Possible Injury;Guilford;68;Cloudy;#NULL!;0-5 mph;30 - 35  MPH;2013;Dark - Lighted Roadway;60-69
35.4283869221, -80.9322032792;"{""type"": ""Point"", ""coordinates"": [-80.93220327916579, 35.428386922061726]}";Black;Huntersville;Travel Lane;2;14;Rural (<30% Developed);Male;Pickup;0;#NULL!;0;0;White;No;0;60-69;Motorist Overtaking - Other / Unknown;None;Yes;No;Dry;0;Urban;Yes;24FEB2013;0;14:24;Male;Yes;Residential;B: Evident Injury;Yes;O: No Injury;926;February;0;Straight - Level;Piedmont;With Traffic;No Control Present;Sunday;Non-Intersection;67;0;Two-Way, Not Divided;2 lanes;0;#NULL!;NC 73;Smooth Asphalt;#NULL!;No Special Feature;Motorist Overtaking Bicyclist;NC Route;B: Evident Injury;Mecklenburg;25;Clear;#NULL!;46-50 mph;40 - 45  MPH;2013;Daylight;25-29
35.8188070892, -78.5958025979;"{""type"": ""Point"", ""coordinates"": [-78.59580259793188, 35.81880708917907]}";Other;Raleigh;Travel Lane;2;17;Urban (>70% Developed);Male;Passenger Car;0;#NULL!;0;0;Black;No;0;60-69;Motorist Drive Out - Commercial Driveway / Alley;None;No;No;Dry;0;Urban;No;04MAR2013;0;17:47;Female;No;Commercial;C: Possible Injury;No;O: No Injury;930;March;0;Straight - Level;Piedmont;Facing Traffic;No Control Present;Monday;Non-Intersection;60;0;Two-Way, Divided, Positive Median Barrier;6 lanes;0;#NULL!;CAPITAL BLVD;Concrete;#NULL!;Other;Motorist Failed to Yield - Midblock;Local Street;C: Possible Injury;Wake;25;Clear;#NULL!;0-5 mph;5 - 15 MPH;2013;Daylight;25-29
35.5912270821, -77.3799022159;"{""type"": ""Point"", ""coordinates"": [-77.37990221587476, 35.59122708209445]}";Other;Greenville;Travel Lane;3;16;Urban (>70% Developed);Male;Passenger Car;0;#NULL!;0;0;Black;No;0;30-39;Bicyclist Overtaking - Other / Unknown;None;No;No;Dry;0;Urban;No;07MAR2013;0;16:24;Female;No;Commercial;C: Possible Injury;No;O: No Injury;943;March;0;Straight - Level;Coastal;With Traffic;No Control Present;Thursday;Non-Intersection;31;0;Two-Way, Divided, Positive Median Barrier;4 lanes;0;#NULL!;ARLINGTON BLVD;Coarse Asphalt;#NULL!;No Special Feature;Bicyclist Overtaking Motorist;Local Street;C: Possible Injury;Pitt;46;Clear;#NULL!;0-5 mph;30 - 35  MPH;2013;Daylight;40-49
35.9208671058, -78.7415026474;"{""type"": ""Point"", ""coordinates"": [-78.74150264743653, 35.92086710580717]}";White;Raleigh;Travel Lane;2;14;Urban (>70% Developed);Male;Passenger Car;0;#NULL!;0;0;Other;No;0;40-49;Motorist Overtaking - Other / Unknown;None;No;No;Dry;0;Urban;No;09MAR2013;0;14:52;Female;No;Residential;C: Possible Injury;Yes;O: No Injury;944;March;0;Straight - Level;Piedmont;With Traffic;No Control Present;Saturday;Non-Intersection;48;0;Two-Way, Divided, Unprotected Median;2 lanes;0;#NULL!;NEW LEESVILLE RD;Smooth Asphalt;#NULL!;No Special Feature;Motorist Overtaking Bicyclist;Local Street;C: Possible Injury;Wake;49;Clear;#NULL!;26-30 mph;40 - 45  MPH;2013;Daylight;40-49
34.6323868192, -78.9925026564;"{""type"": ""Point"", ""coordinates"": [-78.99250265641486, 34.63238681917333]}";Black;Lumberton;Travel Lane;2;20;Urban (>70% Developed);Male;Passenger Car;0;#NULL!;0;0;White;No;0;40-49;Bicyclist Ride Out - Signalized  Intersection;None;No;No;Dry;0;Urban;No;13MAR2013;0;20:02;Male;No;Commercial;C: Possible Injury;No;O: No Injury;945;March;0;Straight - Level;Coastal;Facing Traffic;Stop And Go Signal;Wednesday;Intersection;47;0;Two-Way, Not Divided;5 lanes;0;#NULL!;ROBERTS AVE;Coarse Asphalt;#NULL!;Four-Way Intersection;Bicyclist Failed to Yield - Signalized Intersection;Local Street;C: Possible Injury;Robeson;70+;Cloudy;#NULL!;16-20 mph;40 - 45  MPH;2013;Dawn;70+
35.4777669439, -80.6115031859;"{""type"": ""Point"", ""coordinates"": [-80.61150318589036, 35.477766943894956]}";White;Kannapolis;Travel Lane;2;15;Urban (>70% Developed);Male;Passenger Car;0;#NULL!;0;0;Black;No;0;40-49;Motorist Drive Out - Sign-Controlled Intersection;None;No;No;Dry;0;Urban;No;04MAR2013;0;15:08;Male;No;Commercial;C: Possible Injury;Yes;O: No Injury;954;March;0;Straight - Level;Piedmont;With Traffic;Stop Sign;Monday;Intersection;43;0;Two-Way, Not Divided;2 lanes;0;#NULL!;BARNETT ST;Smooth Asphalt;#NULL!;T-Intersection;Motorist Failed to Yield - Sign-Controlled Intersection;Local Street;C: Possible Injury;Cabarrus;63;Clear;#NULL!;0-5 mph;30 - 35  MPH;2013;Daylight;60-69
35.9054270932, -79.0163027298;"{""type"": ""Point"", ""coordinates"": [-79.0163027297761, 35.9054270931633]}";Black;Chapel Hill;Sidewalk / Crosswalk / Driveway Crossing;2;10;Urban (>70% Developed);Male;Passenger Car;0;#NULL!;0;0;White;No;0;60-69;Motorist Drive Out - Right Turn on Red;None;No;No;Dry;0;Urban;No;06MAR2013;0;10:28;Female;No;Residential;C: Possible Injury;No;O: No Injury;956;March;0;Straight - Level;Piedmont;Facing Traffic;Stop And Go Signal;Wednesday;Intersection;64;0;Two-Way, Not Divided;3 lanes;0;#NULL!;W BARBEE CHAPEL RD;Smooth Asphalt;#NULL!;No Special Feature;Motorist Failed to Yield - Signalized Intersection;Local Street;C: Possible Injury;Orange;60;Cloudy;#NULL!;6-10 mph;30 - 35  MPH;2013;Daylight;60-69
35.6868270172, -79.8164029592;"{""type"": ""Point"", ""coordinates"": [-79.8164029591789, 35.68682701722443]}";Hispanic;Asheboro;Travel Lane;2;19;Urban (>70% Developed);Male;Passenger Car;0;#NULL!;0;0;White;No;0;11-15;Motorist Overtaking - Bicyclist Swerved;None;No;No;Dry;0;Urban;No;11MAR2013;0;19:07;Female;No;Commercial;C: Possible Injury;Yes;O: No Injury;963;March;0;Straight - Level;Piedmont;With Traffic;No Control Present;Monday;Intersection-Related;13;0;Two-Way, Divided, Unprotected Median;3 lanes;0;#NULL!;US 220;Concrete;#NULL!;No Special Feature;Motorist Overtaking Bicyclist;US Route;C: Possible Injury;Randolph;42;Clear;#NULL!;Unknown;Unknown;2013;Dawn;40-49
35.8573970507, -79.9058029954;"{""type"": ""Point"", ""coordinates"": [-79.90580299535786, 35.85739705067182]}";White;None - Rural Crash;Travel Lane;2;17;Rural (<30% Developed);Male;Pickup;0;#NULL!;0;0;White;No;0;50-59;Motorist Overtaking - Other / Unknown;None;No;No;Dry;0;Rural;No;28MAR2013;0;17:08;Male;No;Farms, Woods, Pastures;O: No Injury;No;O: No Injury;967;March;0;Straight - Grade;Piedmont;With Traffic;Double Yellow Line, No Passing Zone;Thursday;Non-Intersection;54;0;Two-Way, Not Divided;2 lanes;0;#NULL!;SR 1526;Coarse Asphalt;#NULL!;Railroad Crossing;Motorist Overtaking Bicyclist;State Secondary Route;O: No Injury;Randolph;68;Clear;#NULL!;41-45 mph;50 - 55  MPH;2013;Daylight;60-69
35.6646969882, -80.4887031605;"{""type"": ""Point"", ""coordinates"": [-80.48870316049215, 35.66469698823967]}";Black;Salisbury;Sidewalk / Crosswalk / Driveway Crossing;2;18;Urban (>70% Developed);Female;Passenger Car;0;#NULL!;0;0;White;No;0;11-15;Bicyclist Ride Out - Parallel Path;None;No;No;Dry;0;Urban;No;29MAR2013;0;18:18;Female;No;Residential;B: Evident Injury;Yes;O: No Injury;969;March;0;Straight - Level;Piedmont;With Traffic;No Control Present;Friday;Non-Intersection;12;0;Two-Way, Divided, Unprotected Median;2 lanes;0;#NULL!;LINCOLNTON RD;Smooth Asphalt;#NULL!;Driveway, Public;Parallel Paths - Other Circumstances;Local Street;B: Evident Injury;Rowan;28;Clear;#NULL!;31-35 mph;30 - 35  MPH;2013;Daylight;25-29
36.0637170789, -80.310503129;"{""type"": ""Point"", ""coordinates"": [-80.31050312897041, 36.063717078943625]}";White;Winston-Salem;Travel Lane;2;22;Urban (>70% Developed);Male;Sport Utility;0;#NULL!;0;0;Hispanic;No;0;50-59;Motorist Overtaking - Undetected Bicyclist;None;No;No;Dry;0;Urban;No;10SEP2013;0;22:43;Male;No;Commercial;C: Possible Injury;Yes;O: No Injury;1745;September;0;Straight - Level;Piedmont;With Traffic;Double Yellow Line, No Passing Zone;Tuesday;Intersection-Related;51;0;Two-Way, Divided, Unprotected Median;4 lanes;0;#NULL!;STRATFORD RD;Smooth Asphalt;#NULL!;No Special Feature;Motorist Overtaking Bicyclist;Local Street;C: Possible Injury;Forsyth;22;Clear;#NULL!;0-5 mph;40 - 45  MPH;2013;Dark - Lighted Roadway;20-24
34.2137067634, -77.8816023018;"{""type"": ""Point"", ""coordinates"": [-77.8816023018345, 34.213706763431425]}";White;Wilmington;Travel Lane;2;22;Urban (>70% Developed);Female;Passenger Car;0;#NULL!;0;0;Black;No;0;50-59;Bicyclist Ride Through - Signalized Intersection;None;Yes;Yes;Dry;0;Urban;No;02DEC2013;0;22:50;Male;No;Residential;B: Evident Injury;Yes;O: No Injury;1728;December;0;Straight - Level;Coastal;Facing Traffic;Stop And Go Signal;Monday;Intersection;52;0;Two-Way, Not Divided;2 lanes;0;#NULL!;WRIGHTSVILLE AVE;Coarse Asphalt;#NULL!;Four-Way Intersection;Bicyclist Failed to Yield - Signalized Intersection;Local Street;B: Evident Injury;New Hanover;28;Clear;#NULL!;26-30 mph;30 - 35  MPH;2013;Dark - Lighted Roadway;25-29
34.257746775, -77.8381022901;"{""type"": ""Point"", ""coordinates"": [-77.83810229014877, 34.25774677495313]}";Black;Wilmington;Bike Lane / Paved Shoulder;2;18;Urban (>70% Developed);Male;Passenger Car;0;#NULL!;0;0;White;No;0;25-29;Motorist Overtaking - Other / Unknown;None;No;No;Dry;0;Urban;No;11DEC2013;0;18:18;Female;No;Farms, Woods, Pastures;A: Disabling Injury;Yes;O: No Injury;1729;December;0;Straight - Level;Coastal;With Traffic;No Control Present;Wednesday;Non-Intersection;28;0;Two-Way, Not Divided;5 lanes;0;#NULL!;MARKET ST;Smooth Asphalt;#NULL!;No Special Feature;Motorist Overtaking Bicyclist;US Route;A: Disabling Injury;New Hanover;62;Clear;#NULL!;41-45 mph;40 - 45  MPH;2013;Dark - Lighted Roadway;60-69
35.8136270797, -78.8483026743;"{""type"": ""Point"", ""coordinates"": [-78.8483026743027, 35.813627079703444]}";Black;Cary;Sidewalk / Crosswalk / Driveway Crossing;2;8;Urban (>70% Developed);Male;Light Truck (Mini-Van, Panel);0;#NULL!;0;0;Asian;No;0;20-24;Motorist Left Turn - Opposite Direction;None;No;No;Dry;0;Urban;No;13DEC2013;0;8:08;Female;No;Residential;O: No Injury;Yes;O: No Injury;1736;December;0;Straight - Level;Piedmont;With Traffic;Stop And Go Signal;Friday;Intersection;23;0;Two-Way, Divided, Unprotected Median;8 lanes;0;#NULL!;MORRISVILLE PKWY;Smooth Asphalt;#NULL!;Four-Way Intersection;Motorist Left Turn / Merge;Local Street;O: No Injury;Wake;44;Clear;#NULL!;11-15 mph;30 - 35  MPH;2013;Daylight;40-49
35.911827114, -78.4756025668;"{""type"": ""Point"", ""coordinates"": [-78.4756025668294, 35.91182711401647]}";White;Raleigh;Bike Lane / Paved Shoulder;2;18;Urban (>70% Developed);Male;Sport Utility;0;#NULL!;0;0;White;No;0;11-15;Motorist Drive Out - Sign-Controlled Intersection;None;No;No;Dry;0;Urban;No;13NOV2013;0;18:45;Male;No;Commercial;C: Possible Injury;Yes;O: No Injury;1721;November;0;Straight - Level;Piedmont;Facing Traffic;Stop Sign;Wednesday;Intersection;15;0;Two-Way, Not Divided;3 lanes;0;#NULL!;US 401;Smooth Asphalt;#NULL!;T-Intersection;Motorist Failed to Yield - Sign-Controlled Intersection;US Route;C: Possible Injury;Wake;50;Clear;#NULL!;11-15 mph;30 - 35  MPH;2013;Dark - Roadway Not Lighted;50-59
35.4919570597, -77.4285022267;"{""type"": ""Point"", ""coordinates"": [-77.42850222667407, 35.49195705968049]}";White;Ayden;Travel Lane;2;17;Mixed (30% To 70% Developed);Male;Passenger Car;0;#NULL!;0;0;Black;No;0;60-69;Sign-Controlled Intersection - Other / Unknown;None;No;No;Dry;0;Rural;No;21NOV2013;0;17:15;Female;No;Farms, Woods, Pastures;B: Evident Injury;Yes;B: Evident Injury;1744;November;0;Straight - Level;Coastal;With Traffic;Stop Sign;Thursday;Intersection;69;0;Two-Way, Divided, Unprotected Median;4 lanes;0;#NULL!;NC 11;Smooth Asphalt;#NULL!;No Special Feature;Crossing Paths - Other Circumstances;NC Route;B: Evident Injury;Pitt;30;Clear;#NULL!;56-60 mph;60 - 75 MPH;2013;Dark - Unknown Lighting;30-39
35.7826170803, -78.6417026104;"{""type"": ""Point"", ""coordinates"": [-78.6417026103509, 35.78261708029309]}";Black;Raleigh;Sidewalk / Crosswalk / Driveway Crossing;2;11;Urban (>70% Developed);Male;Passenger Car;0;#NULL!;0;0;White;No;0;40-49;Bicyclist Ride Through - Signalized Intersection;None;No;No;Dry;0;Urban;No;06JAN2012;0;11:35;Male;No;Commercial;O: No Injury;No;O: No Injury;1750;January;0;Straight - Level;Piedmont;Facing Traffic;Stop And Go Signal;Friday;Intersection;45;0;One-Way, Not Divided;4 lanes;0;#NULL!;#NULL!;Smooth Asphalt;#NULL!;Four-Way Intersection;Bicyclist Failed to Yield - Signalized Intersection;Local Street;O: No Injury;Wake;43;Clear;#NULL!;31-35 mph;30 - 35  MPH;2012;Daylight;40-49
35.5807270828, -77.3013021924;"{""type"": ""Point"", ""coordinates"": [-77.30130219238636, 35.580727082824254]}";White;None - Rural Crash;Travel Lane;2;18;Mixed (30% To 70% Developed);Male;Van;0;#NULL!;0;0;White;No;0;20-24;Head-On - Motorist;None;No;No;Wet;0;Rural;No;09JAN2012;0;18:25;Female;No;Residential;A: Disabling Injury;Yes;O: No Injury;1752;January;0;Straight - Level;Coastal;Not Applicable;No Control Present;Monday;Non-Intersection;21;0;Two-Way, Not Divided;5 lanes;0;#NULL!;#NULL!;Coarse Asphalt;#NULL!;No Special Feature;Head-On;US Route;A: Disabling Injury;Pitt;31;Cloudy;#NULL!;31-35 mph;50 - 55  MPH;2012;Dark - Roadway Not Lighted;30-39
35.5838570824, -77.3405022039;"{""type"": ""Point"", ""coordinates"": [-77.34050220390695, 35.58385708243385]}";White;Greenville;Travel Lane;2;7;Urban (>70% Developed);Female;Sport Utility;0;#NULL!;0;0;White;No;0;30-39;Head-On - Bicyclist;None;No;No;Dry;0;Urban;No;26SEP2013;0;7:11;Male;No;Residential;B: Evident Injury;Yes;O: No Injury;1724;September;0;Straight - Level;Coastal;Facing Traffic;No Control Present;Thursday;Non-Intersection;39;0;Two-Way, Not Divided;2 lanes;0;#NULL!;YORK RD;Coarse Asphalt;#NULL!;No Special Feature;Head-On;Local Street;B: Evident Injury;Pitt;41;Clear;#NULL!;31-35 mph;30 - 35  MPH;2013;Daylight;40-49
35.2338968838, -80.8492032437;"{""type"": ""Point"", ""coordinates"": [-80.84920324369199, 35.2338968838453]}";Black;Charlotte;Sidewalk / Crosswalk / Driveway Crossing;2;7;Urban (>70% Developed);Male;Single Unit Truck (2-Axle, 6-Tire);0;#NULL!;0;0;White;No;0;40-49;Motorist Drive Out - Right Turn on Red;None;No;No;Dry;0;Urban;No;20MAR2012;0;7:17;Male;No;Commercial;C: Possible Injury;Yes;O: No Injury;1852;March;0;Straight - Level;Piedmont;Facing Traffic;Stop And Go Signal;Tuesday;Intersection;42;0;Two-Way, Not Divided;2 lanes;0;#NULL!;#NULL!;Smooth Asphalt;#NULL!;No Special Feature;Motorist Failed to Yield - Signalized Intersection;Local Street;C: Possible Injury;Mecklenburg;42;Clear;#NULL!;0-5 mph;30 - 35  MPH;2012;Daylight;40-49
35.1488168659, -80.8325032346;"{""type"": ""Point"", ""coordinates"": [-80.8325032346269, 35.14881686588303]}";White;Charlotte;Sidewalk / Crosswalk / Driveway Crossing;2;11;Urban (>70% Developed);Male;Passenger Car;0;#NULL!;0;0;White;No;0;25-29;Motorist Drive Out - Sign-Controlled Intersection;None;No;Missing;Dry;0;Urban;No;20MAR2012;0;11:33;Male;No;Commercial;B: Evident Injury;Yes;O: No Injury;1857;March;0;Straight - Level;Piedmont;Facing Traffic;Stop Sign;Tuesday;Intersection;28;0;Two-Way, Divided, Unprotected Median;2 lanes;0;#NULL!;#NULL!;Smooth Asphalt;#NULL!;T-Intersection;Motorist Failed to Yield - Sign-Controlled Intersection;Local Street;B: Evident Injury;Mecklenburg;55;Clear;#NULL!;0-5 mph;30 - 35  MPH;2012;Daylight;50-59
35.2676170719, -75.5321016347;"{""type"": ""Point"", ""coordinates"": [-75.53210163468103, 35.267617071885454]}";White;None - Rural Crash;Bike Lane / Paved Shoulder;2;7;Urban (>70% Developed);Male;Passenger Car;0;#NULL!;0;0;White;No;0;11-15;Bicyclist Lost Control - Other / Unknown;None;No;No;Dry;0;Rural;No;23MAR2012;0;7:42;Male;No;Residential;B: Evident Injury;Yes;O: No Injury;1863;March;0;Straight - Level;Coastal;With Traffic;Double Yellow Line, No Passing Zone;Friday;Non-Intersection;12;0;Two-Way, Not Divided;2 lanes;0;#NULL!;#NULL!;Coarse Asphalt;#NULL!;No Special Feature;Loss of Control / Turning Error;US Route;B: Evident Injury;Dare;70+;Clear;#NULL!;21-25 mph;20 - 25  MPH;2012;Daylight;70+
36.0075671181, -78.9210027071;"{""type"": ""Point"", ""coordinates"": [-78.92100270707374, 36.007567118065104]}";White;Durham;Travel Lane;2;16;Urban (>70% Developed);Male;Van;0;#NULL!;0;0;Unknown/Missing;No;0;30-39;Bicyclist Lost Control - Mechanical Problems;None;No;No;Dry;0;Urban;No;23MAR2012;0;16:00;Unknown;Missing;Commercial;C: Possible Injury;No;Unknown Injury;1869;March;0;Straight - Level;Piedmont;With Traffic;No Control Present;Friday;Non-Intersection;32;0;Two-Way, Not Divided;2 lanes;0;#NULL!;#NULL!;Coarse Asphalt;#NULL!;No Special Feature;Loss of Control / Turning Error;Local Street;C: Possible Injury;Durham;Unknown;Clear;#NULL!;0-5 mph;30 - 35  MPH;2012;Daylight;Unknown
36.0168571208, -78.9019027015;"{""type"": ""Point"", ""coordinates"": [-78.9019027014638, 36.016857120751496]}";White;Durham;Travel Lane;2;19;Urban (>70% Developed);Female;Passenger Car;0;#NULL!;0;0;Other;No;0;40-49;Motorist Overtaking - Undetected Bicyclist;None;No;No;Dry;0;Urban;No;02APR2012;0;19:22;Male;No;Residential;C: Possible Injury;No;O: No Injury;1881;April;0;Straight - Hillcrest;Piedmont;With Traffic;No Control Present;Monday;Non-Intersection;43;0;Two-Way, Divided, Unprotected Median;4 lanes;0;#NULL!;#NULL!;Smooth Asphalt;#NULL!;No Special Feature;Motorist Overtaking Bicyclist;Local Street;C: Possible Injury;Durham;28;Clear;#NULL!;31-35 mph;40 - 45  MPH;2012;Daylight;25-29