Geo Point;Geo Shape;BikeRace;City;BikePos;NumUnits;CrashHour;Locality;BikeSex;DrvrVehTyp;NumBikesNo;BikeAlcDrg;NumBikesBI;RteInvdCd;DrvrRace;Workzone;NumBikesCi;BikeAgeGrp;CrashType;RdDefects;CrashAlcoh;BikeAlcoho;RdConditio;DstncMiFrm;RuralUrban;HitRun;CrashDate;NumBikesUI;CrashTime;DrvrSex;DrvrAlcoho;Developmen;CrashSevr;AmbulanceR;DrvrInjury;OBJECTID;CrashMonth;NumBikesKi;RdCharacte;Region;BikeDir;TraffCntrl;CrashDay;CrashLoc;BikeAge;NumBikesTo;RdConfig;NumLanes;NumBikesAI;DrvrAlcDrg;OnRoad;RdSurface;Towrd_Rd;RdFeature;CrashGrp;RdClass;BikeInjury;County;DrvrAge;Weather;FrmRd;DrvrEstSpd;SpeedLimit;CrashYear;LightCond;DrvrAgeGrp
34.6120768152, -78.980302652;"{""type"": ""Point"", ""coordinates"": [-78.98030265203815, 34.61207681523205]}";White;Lumberton;Travel Lane;2;13;Urban (>70% Developed);Male;Passenger Car;0;#NULL!;0;0;White;No;0;40-49;Bicyclist Failed to Clear - Trapped;None;No;No;Dry;0;Urban;No;27MAR2012;0;13:00;Female;No;Commercial;C: Possible Injury;No;O: No Injury;1867;March;0;Straight - Level;Coastal;With Traffic;Stop And Go Signal;Tuesday;Intersection;43;0;Two-Way, Not Divided;8 lanes;0;#NULL!;#NULL!;Coarse Asphalt;#NULL!;Four-Way Intersection;Bicyclist Failed to Yield - Signalized Intersection;Local Street;C: Possible Injury;Robeson;25;Clear;#NULL!;31-35 mph;30 - 35  MPH;2012;Daylight;25-29
35.1305069123, -79.432602814;"{""type"": ""Point"", ""coordinates"": [-79.43260281396114, 35.130506912312974]}";White;Aberdeen;Travel Lane;2;12;Urban (>70% Developed);Male;Passenger Car;0;#NULL!;0;0;Black;No;0;20-24;Bicyclist Lost Control - Mechanical Problems;None;No;No;Dry;0;Rural;No;21MAR2012;0;12:39;Female;No;Residential;B: Evident Injury;Yes;O: No Injury;1879;March;0;Straight - Level;Piedmont;With Traffic;Stop Sign;Wednesday;Intersection;23;0;Two-Way, Not Divided;2 lanes;0;#NULL!;#NULL!;Coarse Asphalt;#NULL!;No Special Feature;Loss of Control / Turning Error;Local Street;B: Evident Injury;Moore;20;Clear;#NULL!;26-30 mph;30 - 35  MPH;2012;Daylight;20-24
35.3504169199, -80.5295031545;"{""type"": ""Point"", ""coordinates"": [-80.52950315447676, 35.350416919910764]}";White;None - Rural Crash;Travel Lane;2;18;Rural (<30% Developed);Male;Passenger Car;0;#NULL!;0;0;White;No;0;0-5;Head-On - Bicyclist;None;No;No;Dry;0;Rural;No;28MAR2012;0;18:33;Female;No;Residential;B: Evident Injury;Yes;O: No Injury;1877;March;0;Straight - Grade;Piedmont;With Traffic;No Control Present;Wednesday;Non-Intersection;5;0;Two-Way, Not Divided;2 lanes;0;#NULL!;#NULL!;Smooth Asphalt;#NULL!;No Special Feature;Head-On;Local Street;B: Evident Injury;Cabarrus;36;Clear;#NULL!;6-10 mph;5 - 15 MPH;2012;Daylight;30-39
35.2117768841, -80.689603195;"{""type"": ""Point"", ""coordinates"": [-80.68960319501768, 35.21177688413312]}";Black;Charlotte;Sidewalk / Crosswalk / Driveway Crossing;2;13;Urban (>70% Developed);Male;Passenger Car;0;#NULL!;0;0;White;No;0;25-29;Motorist Drive Out - Commercial Driveway / Alley;None;No;No;Dry;0;Urban;No;13APR2012;0;13:40;Female;No;Commercial;C: Possible Injury;Yes;O: No Injury;1950;April;0;Straight - Level;Piedmont;Facing Traffic;Stop Sign;Friday;Non-Intersection;29;0;Two-Way, Not Divided;2 lanes;0;#NULL!;#NULL!;Smooth Asphalt;#NULL!;T-Intersection;Motorist Failed to Yield - Midblock;Local Street;C: Possible Injury;Mecklenburg;48;Clear;#NULL!;0-5 mph;40 - 45  MPH;2012;Daylight;40-49
35.3254768741, -81.6214034789;"{""type"": ""Point"", ""coordinates"": [-81.62140347893785, 35.32547687411044]}";White;None - Rural Crash;Travel Lane;2;18;Rural (<30% Developed);Male;Sport Utility;0;#NULL!;0;0;White;No;0;40-49;Motorist Right Turn - Same Direction;None;No;No;Dry;0;Rural;No;26APR2012;0;18:10;Female;No;Farms, Woods, Pastures;O: No Injury;No;O: No Injury;1960;April;0;Straight - Level;Mountains;With Traffic;Double Yellow Line, No Passing Zone;Thursday;Intersection;42;0;Two-Way, Not Divided;2 lanes;0;#NULL!;#NULL!;Smooth Asphalt;#NULL!;T-Intersection;Motorist Right Turn / Merge;State Secondary Route;O: No Injury;Cleveland;38;Clear;#NULL!;36-40 mph;40 - 45  MPH;2012;Daylight;30-39
35.2470569427, -79.2792027738;"{""type"": ""Point"", ""coordinates"": [-79.27920277376587, 35.247056942730566]}";White;Vass;Bike Lane / Paved Shoulder;2;11;Rural (<30% Developed);Female;Passenger Car;0;#NULL!;0;0;White;No;0;25-29;Motorist Overtaking - Other / Unknown;None;No;No;Dry;0;Rural;No;27APR2012;0;11:58;Male;No;Commercial;B: Evident Injury;Yes;O: No Injury;1957;April;0;Straight - Level;Piedmont;With Traffic;No Control Present;Friday;Non-Intersection;26;0;Two-Way, Divided, Positive Median Barrier;4 lanes;0;#NULL!;#NULL!;Smooth Asphalt;#NULL!;No Special Feature;Motorist Overtaking Bicyclist;US Route;B: Evident Injury;Moore;53;Clear;#NULL!;56-60 mph;60 - 75 MPH;2012;Daylight;50-59
36.0637470972, -79.8239029828;"{""type"": ""Point"", ""coordinates"": [-79.82390298283332, 36.06374709715358]}";Asian;Greensboro;Bike Lane / Paved Shoulder;2;19;Urban (>70% Developed);Male;Passenger Car;0;#NULL!;0;0;White;No;0;25-29;Motorist Left Turn - Opposite Direction;None;No;No;Dry;0;Urban;No;02APR2012;0;19:39;Female;No;Commercial;C: Possible Injury;No;O: No Injury;1948;April;0;Straight - Level;Piedmont;With Traffic;Stop And Go Signal;Monday;Intersection;28;0;Two-Way, Not Divided;2 lanes;0;#NULL!;#NULL!;Smooth Asphalt;#NULL!;Four-Way Intersection;Motorist Left Turn / Merge;Local Street;C: Possible Injury;Guilford;21;Clear;#NULL!;6-10 mph;30 - 35  MPH;2012;Daylight;20-24
35.1061768622, -80.6747031855;"{""type"": ""Point"", ""coordinates"": [-80.67470318551878, 35.10617686222912]}";White;Stallings;Travel Lane;2;3;Mixed (30% To 70% Developed);Male;Passenger Car;0;#NULL!;0;0;White;No;0;40-49;Motorist Left Turn - Opposite Direction;None;No;No;Dry;0;Urban;No;07APR2012;0;3:48;Female;No;Residential;B: Evident Injury;Yes;O: No Injury;1952;April;0;Curve - Hillcrest;Piedmont;With Traffic;No Control Present;Saturday;Non-Intersection;45;0;Two-Way, Not Divided;2 lanes;0;#NULL!;#NULL!;Smooth Asphalt;#NULL!;No Special Feature;Motorist Left Turn / Merge;Local Street;B: Evident Injury;Union;59;Clear;#NULL!;6-10 mph;40 - 45  MPH;2012;Daylight;50-59
34.2264867651, -77.9330023172;"{""type"": ""Point"", ""coordinates"": [-77.93300231723838, 34.22648676506552]}";Black;Wilmington;Travel Lane;2;18;Urban (>70% Developed);Male;Pickup;0;#NULL!;0;0;Black;No;0;50-59;Sign-Controlled Intersection - Other / Unknown;None;No;No;Dry;0;Urban;No;20APR2012;0;18:51;Male;No;Residential;B: Evident Injury;Yes;O: No Injury;1964;April;0;Straight - Level;Coastal;With Traffic;Stop Sign;Friday;Intersection;54;0;One-Way, Not Divided;3 lanes;0;#NULL!;#NULL!;Coarse Asphalt;#NULL!;No Special Feature;Crossing Paths - Other Circumstances;Local Street;B: Evident Injury;New Hanover;32;Clear;#NULL!;21-25 mph;30 - 35  MPH;2012;Daylight;30-39
34.1951567598, -77.8708022973;"{""type"": ""Point"", ""coordinates"": [-77.87080229732514, 34.195156759793925]}";White;Wilmington;Travel Lane;2;17;Urban (>70% Developed);Male;Passenger Car;0;#NULL!;0;0;White;No;0;40-49;Motorist Left Turn - Opposite Direction;None;No;No;Dry;0;Urban;No;10APR2012;0;17:36;Male;No;Residential;B: Evident Injury;Yes;O: No Injury;1945;April;0;Curve - Grade;Coastal;With Traffic;Stop And Go Signal;Tuesday;Intersection;44;0;Two-Way, Not Divided;3 lanes;0;#NULL!;#NULL!;Smooth Asphalt;#NULL!;T-Intersection;Motorist Left Turn / Merge;Local Street;B: Evident Injury;New Hanover;22;Clear;#NULL!;6-10 mph;40 - 45  MPH;2012;Daylight;20-24
35.4058868574, -82.5157037479;"{""type"": ""Point"", ""coordinates"": [-82.51570374793054, 35.405886857435775]}";White;None - Rural Crash;Travel Lane;2;20;Rural (<30% Developed);Male;Passenger Car;0;#NULL!;0;0;Hispanic;No;0;40-49;Head-On - Motorist;None;No;No;Wet;0;Rural;No;25APR2012;0;20:01;Male;No;Farms, Woods, Pastures;B: Evident Injury;Yes;O: No Injury;1961;April;0;Curve - Level;Mountains;With Traffic;Double Yellow Line, No Passing Zone;Wednesday;Non-Intersection;42;0;Two-Way, Not Divided;2 lanes;0;#NULL!;#NULL!;Concrete;#NULL!;Bridge;Head-On;State Secondary Route;B: Evident Injury;Henderson;24;Rain;#NULL!;36-40 mph;40 - 45  MPH;2012;Dusk;20-24
35.7447370977, -77.9090023849;"{""type"": ""Point"", ""coordinates"": [-77.90900238494798, 35.74473709768871]}";Black;Wilson;Travel Lane;2;17;Urban (>70% Developed);Male;Van;0;#NULL!;0;0;Black;No;0;6-10;Bicyclist Left Turn - Same Direction;None;No;No;Dry;0;Urban;No;29MAR2012;0;17:47;Male;No;Residential;O: No Injury;No;O: No Injury;1975;March;0;Straight - Bottom;Coastal;With Traffic;No Control Present;Thursday;Intersection-Related;9;0;Two-Way, Not Divided;5 lanes;0;#NULL!;#NULL!;Smooth Asphalt;#NULL!;No Special Feature;Bicyclist Left Turn / Merge;Local Street;O: No Injury;Wilson;61;Clear;#NULL!;Unknown;30 - 35  MPH;2012;Daylight;60-69
35.7955270809, -78.7019026287;"{""type"": ""Point"", ""coordinates"": [-78.70190262870712, 35.79552708087502]}";White;Raleigh;Bike Lane / Paved Shoulder;2;21;Urban (>70% Developed);Male;Van;0;#NULL!;0;0;White;No;0;30-39;Motorist Lost Control - Other / Unknown;None;Yes;No;Dry;0;Urban;No;29APR2012;0;21:53;Female;Yes;Farms, Woods, Pastures;B: Evident Injury;Yes;O: No Injury;1979;April;0;Straight - Level;Piedmont;With Traffic;No Control Present;Sunday;Non-Intersection;38;0;Two-Way, Divided, Unprotected Median;4 lanes;0;#NULL!;#NULL!;Smooth Asphalt;#NULL!;No Special Feature;Loss of Control / Turning Error;Local Street;B: Evident Injury;Wake;39;Clear;#NULL!;41-45 mph;40 - 45  MPH;2012;Dark - Roadway Not Lighted;30-39
35.1862568733, -80.8402032391;"{""type"": ""Point"", ""coordinates"": [-80.84020323913836, 35.18625687326368]}";White;Charlotte;Travel Lane;2;13;Urban (>70% Developed);Male;Passenger Car;0;#NULL!;0;0;White;No;0;40-49;Motorist Drive Out - Sign-Controlled Intersection;None;No;Missing;Dry;0;Urban;No;05MAY2012;0;13:06;Female;No;Residential;C: Possible Injury;No;O: No Injury;2003;May;0;Straight - Grade;Piedmont;With Traffic;Stop Sign;Saturday;Intersection;46;0;Two-Way, Divided, Unprotected Median;4 lanes;0;#NULL!;#NULL!;Smooth Asphalt;#NULL!;Four-Way Intersection;Motorist Failed to Yield - Sign-Controlled Intersection;Local Street;C: Possible Injury;Mecklenburg;23;Clear;#NULL!;Unknown;30 - 35  MPH;2012;Daylight;20-24
35.7786270797, -78.6383026087;"{""type"": ""Point"", ""coordinates"": [-78.63830260874666, 35.77862707968781]}";White;Raleigh;Sidewalk / Crosswalk / Driveway Crossing;2;12;Urban (>70% Developed);Female;Passenger Car;0;#NULL!;0;0;White;No;0;20-24;Motorist Drive Out - Commercial Driveway / Alley;None;No;No;Dry;0;Urban;No;24APR2012;0;12:14;Male;No;Commercial;C: Possible Injury;Yes;O: No Injury;2000;April;0;Straight - Level;Piedmont;Facing Traffic;Other;Tuesday;Non-Intersection;20;0;Two-Way, Not Divided;2 lanes;0;#NULL!;#NULL!;Smooth Asphalt;#NULL!;Driveway, Public;Motorist Failed to Yield - Midblock;Public Vehicular Area;C: Possible Injury;Wake;44;Clear;#NULL!;0-5 mph;30 - 35  MPH;2012;Daylight;40-49
35.3550469007, -81.0912033227;"{""type"": ""Point"", ""coordinates"": [-81.09120332266846, 35.35504690065701]}";White;Stanley;Sidewalk / Crosswalk / Driveway Crossing;2;17;Urban (>70% Developed);Male;Passenger Car;0;#NULL!;0;0;White;No;0;30-39;Bicyclist Lost Control - Mechanical Problems;None;No;No;Dry;0;Rural;No;01MAR2012;0;17:10;Female;No;Commercial;C: Possible Injury;No;O: No Injury;2007;March;0;Straight - Grade;Piedmont;Facing Traffic;No Control Present;Thursday;Non-Intersection;36;0;Two-Way, Not Divided;Unknown;0;#NULL!;#NULL!;Smooth Asphalt;#NULL!;T-Intersection;Loss of Control / Turning Error;Public Vehicular Area;C: Possible Injury;Gaston;70+;Clear;#NULL!;Unknown;Unknown;2012;Daylight;70+
35.4017769013, -81.3357033987;"{""type"": ""Point"", ""coordinates"": [-81.33570339866556, 35.40177690132846]}";White;None - Rural Crash;Travel Lane;2;19;Mixed (30% To 70% Developed);Male;Pickup;0;#NULL!;0;0;White;No;0;50-59;Motorist Overtaking - Misjudged Space;None;No;No;Dry;0;Rural;No;03MAY2012;0;19:45;Male;No;Commercial;B: Evident Injury;No;O: No Injury;1998;May;0;Straight - Grade;Piedmont;With Traffic;No Control Present;Thursday;Non-Intersection;51;0;Two-Way, Divided, Unprotected Median;4 lanes;0;#NULL!;#NULL!;Smooth Asphalt;#NULL!;No Special Feature;Motorist Overtaking Bicyclist;NC Route;B: Evident Injury;Gaston;33;Clear;#NULL!;51-55 mph;50 - 55  MPH;2012;Daylight;30-39
35.0967969756, -77.343202181;"{""type"": ""Point"", ""coordinates"": [-77.34320218103349, 35.0967969755751]}";Unknown/Missing;None - Rural Crash;Travel Lane;2;17;Rural (<30% Developed);Unknown;Van;0;#NULL!;0;0;White;No;0;Unknown;Motorist Overtaking - Bicyclist Swerved;None;No;No;Dry;0;Rural;No;03MAY2012;0;17:07;Female;No;Residential;O: No Injury;No;O: No Injury;1980;May;0;Straight - Level;Coastal;With Traffic;No Control Present;Thursday;Non-Intersection;Unknown;0;Two-Way, Not Divided;2 lanes;0;#NULL!;#NULL!;Coarse Asphalt;#NULL!;No Special Feature;Motorist Overtaking Bicyclist;NC Route;Unknown Injury;Jones;38;Clear;#NULL!;41-45 mph;40 - 45  MPH;2012;Daylight;30-39
36.2143570581, -81.6826035475;"{""type"": ""Point"", ""coordinates"": [-81.68260354748989, 36.21435705813253]}";White;Boone;Travel Lane;2;10;Urban (>70% Developed);Female;Passenger Car;0;#NULL!;0;0;White;No;0;20-24;Motorist Left Turn - Opposite Direction;None;No;No;Wet;0;Urban;No;08MAY2012;0;10:50;Female;No;Institutional;B: Evident Injury;Yes;O: No Injury;2004;May;0;Straight - Level;Mountains;With Traffic;No Control Present;Tuesday;Non-Intersection;20;0;Two-Way, Not Divided;4 lanes;0;#NULL!;#NULL!;Smooth Asphalt;#NULL!;No Special Feature;Motorist Left Turn / Merge;Local Street;B: Evident Injury;Watauga;43;Rain;#NULL!;6-10 mph;20 - 25  MPH;2012;Daylight;40-49
35.7797970805, -78.6206026038;"{""type"": ""Point"", ""coordinates"": [-78.62060260380814, 35.77979708052073]}";Black;Raleigh;Travel Lane;2;15;Urban (>70% Developed);Male;Passenger Car;0;#NULL!;0;0;Black;No;0;60-69;Motorist Left Turn - Opposite Direction;None;No;No;Dry;0;Urban;No;13APR2012;0;15:39;Female;No;Commercial;C: Possible Injury;Yes;O: No Injury;1981;April;0;Straight - Level;Piedmont;With Traffic;No Control Present;Friday;Intersection;65;0;One-Way, Not Divided;4 lanes;0;#NULL!;#NULL!;Smooth Asphalt;#NULL!;No Special Feature;Motorist Left Turn / Merge;Local Street;C: Possible Injury;Wake;62;Clear;#NULL!;6-10 mph;30 - 35  MPH;2012;Daylight;60-69
36.0322271212, -78.9896027284;"{""type"": ""Point"", ""coordinates"": [-78.98960272835376, 36.032227121157725]}";White;None - Rural Crash;Travel Lane;2;0;Mixed (30% To 70% Developed);Male;Unknown;0;#NULL!;0;0;Unknown/Missing;No;0;40-49;Motorist Overtaking - Other / Unknown;None;Yes;Yes;Dry;0;Rural;Yes;07APR2011;0;0:49;Unknown;No;Residential;C: Possible Injury;Yes;Unknown Injury;2919;April;0;Straight - Grade;Piedmont;With Traffic;Double Yellow Line, No Passing Zone;Thursday;Intersection-Related;44;0;Two-Way, Not Divided;9 or more lanes;0;#NULL!;#NULL!;Smooth Asphalt;#NULL!;No Special Feature;Motorist Overtaking Bicyclist;State Secondary Route;C: Possible Injury;Orange;Unknown;Clear;#NULL!;26-30 mph;40 - 45  MPH;2011;Dark - Roadway Not Lighted;Unknown
34.7273368955, -77.3160021539;"{""type"": ""Point"", ""coordinates"": [-77.31600215388008, 34.72733689552031]}";White;None - Rural Crash;Bike Lane / Paved Shoulder;2;22;Rural (<30% Developed);Male;Van;0;#NULL!;0;0;Unknown/Missing;No;0;16-19;Motorist Left Turn - Opposite Direction;None;No;No;Dry;0;Rural;Yes;23APR2011;0;22:30;Unknown;Missing;Farms, Woods, Pastures;A: Disabling Injury;No;Unknown Injury;2924;April;0;Straight - Level;Coastal;With Traffic;No Control Present;Saturday;Intersection;18;0;Two-Way, Not Divided;2 lanes;0;#NULL!;#NULL!;Coarse Asphalt;#NULL!;T-Intersection;Motorist Left Turn / Merge;State Secondary Route;A: Disabling Injury;Onslow;Unknown;Clear;#NULL!;11-15 mph;30 - 35  MPH;2011;Dark - Roadway Not Lighted;Unknown
34.0734967316, -77.8953022991;"{""type"": ""Point"", ""coordinates"": [-77.89530229905473, 34.07349673156582]}";White;None - Rural Crash;Travel Lane;2;17;Urban (>70% Developed);Male;Sport Utility;0;#NULL!;0;0;White;No;0;20-24;Motorist Drive Out - Sign-Controlled Intersection;None;No;No;Dry;0;Rural;No;29APR2011;0;17:00;Female;No;Residential;B: Evident Injury;No;O: No Injury;2947;April;0;Straight - Level;Coastal;With Traffic;Stop Sign;Friday;Intersection;21;0;Two-Way, Not Divided;2 lanes;0;#NULL!;#NULL!;Smooth Asphalt;#NULL!;T-Intersection;Motorist Failed to Yield - Sign-Controlled Intersection;State Secondary Route;B: Evident Injury;New Hanover;43;Clear;#NULL!;0-5 mph;50 - 55  MPH;2011;Daylight;40-49
35.2887970164, -77.3874022036;"{""type"": ""Point"", ""coordinates"": [-77.38740220356846, 35.28879701644539]}";Black;None - Rural Crash;Travel Lane;2;7;Rural (<30% Developed);Male;Sport Utility;0;#NULL!;0;0;Black;No;0;20-24;Motorist Overtaking - Other / Unknown;None;No;No;Dry;0;Rural;No;07APR2011;0;7:51;Female;No;Farms, Woods, Pastures;A: Disabling Injury;Yes;O: No Injury;2897;April;0;Straight - Level;Coastal;With Traffic;No Control Present;Thursday;Non-Intersection;20;0;Two-Way, Not Divided;2 lanes;0;#NULL!;#NULL!;Smooth Asphalt;#NULL!;No Special Feature;Motorist Overtaking Bicyclist;State Secondary Route;A: Disabling Injury;Craven;41;Clear;#NULL!;41-45 mph;50 - 55  MPH;2011;Daylight;40-49
35.8551870974, -78.5810025956;"{""type"": ""Point"", ""coordinates"": [-78.58100259561667, 35.85518709743749]}";Black;Raleigh;Travel Lane;2;16;Urban (>70% Developed);Male;Passenger Car;0;#NULL!;0;0;White;No;0;25-29;Bicyclist Ride Out - Parallel Path;None;No;No;Dry;0;Urban;No;29MAR2011;0;16:17;Female;No;Commercial;C: Possible Injury;Yes;O: No Injury;2899;March;0;Straight - Level;Piedmont;Facing Traffic;Stop And Go Signal;Tuesday;Non-Intersection;25;0;Two-Way, Divided, Positive Median Barrier;6 lanes;0;#NULL!;#NULL!;Smooth Asphalt;#NULL!;No Special Feature;Parallel Paths - Other Circumstances;Local Street;C: Possible Injury;Wake;45;Clear;#NULL!;0-5 mph;40 - 45  MPH;2011;Daylight;40-49
34.7711269043, -77.3557021688;"{""type"": ""Point"", ""coordinates"": [-77.35570216882171, 34.77112690431669]}";Black;None - Rural Crash;Travel Lane;2;6;Rural (<30% Developed);Male;Passenger Car;0;#NULL!;0;0;White;No;0;60-69;Motorist Overtaking - Misjudged Space;None;No;No;Unknown;0;Rural;No;26APR2011;0;6:30;Male;No;Farms, Woods, Pastures;B: Evident Injury;Yes;O: No Injury;2937;April;0;Straight - Level;Coastal;With Traffic;No Control Present;Tuesday;Non-Intersection;64;0;Two-Way, Not Divided;2 lanes;0;#NULL!;#NULL!;Coarse Asphalt;#NULL!;No Special Feature;Motorist Overtaking Bicyclist;State Secondary Route;B: Evident Injury;Onslow;30;Clear;#NULL!;16-20 mph;40 - 45  MPH;2011;Dawn;30-39
36.0722570967, -79.8809030006;"{""type"": ""Point"", ""coordinates"": [-79.88090300055109, 36.07225709674378]}";Black;Greensboro;Travel Lane;2;15;Urban (>70% Developed);Male;Passenger Car;0;#NULL!;0;0;Black;No;0;6-10;Bicyclist Ride Out - Other Midblock;None;No;No;Dry;0;Urban;No;20APR2011;0;15:33;Female;No;Residential;C: Possible Injury;Yes;O: No Injury;2950;April;0;Straight - Level;Piedmont;Not Applicable;No Control Present;Wednesday;Non-Intersection;10;0;Two-Way, Not Divided;2 lanes;0;#NULL!;#NULL!;Smooth Asphalt;#NULL!;No Special Feature;Bicyclist Failed to Yield - Midblock;Local Street;C: Possible Injury;Guilford;21;Clear;#NULL!;21-25 mph;30 - 35  MPH;2011;Daylight;20-24
34.0992467368, -77.9216023084;"{""type"": ""Point"", ""coordinates"": [-77.92160230841625, 34.09924673682125]}";White;None - Rural Crash;Travel Lane;3;9;Mixed (30% To 70% Developed);Male;Passenger Car;0;#NULL!;0;0;White;No;0;40-49;Motorist Overtaking - Other / Unknown;None;Yes;No;Dry;0;Rural;No;03APR2011;0;9:30;Male;Yes;Residential;K: Killed;Yes;O: No Injury;2896;April;0;Straight - Level;Coastal;With Traffic;No Control Present;Sunday;Non-Intersection;46;0;Two-Way, Not Divided;2 lanes;0;#NULL!;#NULL!;Coarse Asphalt;#NULL!;No Special Feature;Motorist Overtaking Bicyclist;State Secondary Route;K: Killed;New Hanover;63;Clear;#NULL!;51-55 mph;50 - 55  MPH;2011;Daylight;60-69
35.3045069784, -78.6062025743;"{""type"": ""Point"", ""coordinates"": [-78.60620257434485, 35.30450697835749]}";Black;Dunn;Travel Lane;2;20;Urban (>70% Developed);Male;Sport Utility;0;#NULL!;0;0;White;No;0;40-49;Head-On - Bicyclist;None;No;No;Wet;0;Urban;No;16APR2011;0;20:30;Female;No;Commercial;C: Possible Injury;Yes;O: No Injury;2930;April;0;Straight - Level;Coastal;Facing Traffic;Stop Sign;Saturday;Intersection;49;0;Two-Way, Not Divided;2 lanes;0;#NULL!;#NULL!;Smooth Asphalt;#NULL!;Four-Way Intersection;Head-On;State Secondary Route;C: Possible Injury;Harnett;21;Clear;#NULL!;0-5 mph;30 - 35  MPH;2011;Dark - Roadway Not Lighted;20-24
36.0715970814, -80.2909031235;"{""type"": ""Point"", ""coordinates"": [-80.29090312351165, 36.07159708140307]}";Black;Winston-Salem;Non-Roadway;2;18;Urban (>70% Developed);Female;Passenger Car;0;#NULL!;0;0;Black;No;0;6-10;Non-Roadway;None;No;No;Dry;0;Urban;No;10APR2011;0;18:37;Male;No;Commercial;B: Evident Injury;Yes;O: No Injury;2911;April;0;Straight - Level;Piedmont;Not Applicable;No Control Present;Sunday;Non-Roadway;9;0;Two-Way, Not Divided;Unknown;0;#NULL!;#NULL!;Smooth Asphalt;#NULL!;No Special Feature;Non-Roadway;Public Vehicular Area;B: Evident Injury;Forsyth;50;Clear;#NULL!;0-5 mph;Unknown;2011;Daylight;50-59
35.7732370765, -78.6923026252;"{""type"": ""Point"", ""coordinates"": [-78.69230262515057, 35.77323707654598]}";Black;Raleigh;Sidewalk / Crosswalk / Driveway Crossing;2;19;Urban (>70% Developed);Female;Unknown;0;#NULL!;0;0;Unknown/Missing;No;0;11-15;Motorist Lost Control - Other / Unknown;None;No;No;Dry;0;Urban;Yes;03MAY2011;0;19:11;Unknown;Missing;Residential;B: Evident Injury;Yes;Unknown Injury;2978;May;0;Straight - Level;Piedmont;With Traffic;No Control Present;Tuesday;Non-Intersection;14;0;Two-Way, Divided, Unprotected Median;3 lanes;0;#NULL!;#NULL!;Smooth Asphalt;#NULL!;No Special Feature;Loss of Control / Turning Error;Local Street;B: Evident Injury;Wake;Unknown;Clear;#NULL!;16-20 mph;30 - 35  MPH;2011;Daylight;Unknown
35.7732970706, -78.8478026722;"{""type"": ""Point"", ""coordinates"": [-78.84780267224909, 35.77329707058095]}";Asian;Cary;Sidewalk / Crosswalk / Driveway Crossing;2;7;Urban (>70% Developed);Male;Sport Utility;0;#NULL!;0;0;White;No;0;11-15;Motorist Drive Out - Right Turn on Red;None;No;No;Dry;0;Urban;No;28APR2011;0;7:45;Female;No;Residential;B: Evident Injury;No;O: No Injury;2982;April;0;Straight - Level;Piedmont;Facing Traffic;Stop And Go Signal;Thursday;Intersection;13;0;Two-Way, Divided, Unprotected Median;2 lanes;0;#NULL!;#NULL!;Smooth Asphalt;#NULL!;T-Intersection;Motorist Failed to Yield - Signalized Intersection;Local Street;B: Evident Injury;Wake;22;Clear;#NULL!;0-5 mph;30 - 35  MPH;2011;Daylight;20-24
35.7678070774, -78.6248026042;"{""type"": ""Point"", ""coordinates"": [-78.62480260418329, 35.7678070774062]}";Hispanic;Raleigh;Sidewalk / Crosswalk / Driveway Crossing;2;23;Urban (>70% Developed);Male;Passenger Car;0;#NULL!;0;0;Black;No;0;50-59;Bicyclist Ride Out - Signalized  Intersection;None;No;No;Dry;0;Urban;No;24APR2011;0;23:10;Male;No;Residential;B: Evident Injury;Yes;O: No Injury;2979;April;0;Straight - Level;Piedmont;Facing Traffic;Stop And Go Signal;Sunday;Intersection;54;0;Two-Way, Not Divided;5 lanes;0;#NULL!;#NULL!;Smooth Asphalt;#NULL!;Four-Way Intersection;Bicyclist Failed to Yield - Signalized Intersection;Local Street;B: Evident Injury;Wake;70+;Clear;#NULL!;0-5 mph;30 - 35  MPH;2011;Daylight;70+
36.0782271019, -79.7938029737;"{""type"": ""Point"", ""coordinates"": [-79.79380297370074, 36.07822710186199]}";White;Greensboro;Travel Lane;2;1;Urban (>70% Developed);Male;Passenger Car;0;#NULL!;0;0;Black;No;0;25-29;Motorist Drive Through - Signalized Intersection;None;No;No;Dry;0;Urban;No;17APR2011;0;1:36;Female;No;Commercial;O: No Injury;Yes;O: No Injury;2951;April;0;Straight - Level;Piedmont;With Traffic;Stop And Go Signal;Sunday;Intersection;25;0;Two-Way, Not Divided;6 lanes;0;#NULL!;#NULL!;Smooth Asphalt;#NULL!;Related To Intersection;Motorist Failed to Yield - Signalized Intersection;Local Street;O: No Injury;Guilford;24;Clear;#NULL!;31-35 mph;30 - 35  MPH;2011;Dark - Lighted Roadway;20-24