Geo Point;Geo Shape;BikeRace;City;BikePos;NumUnits;CrashHour;Locality;BikeSex;DrvrVehTyp;NumBikesNo;BikeAlcDrg;NumBikesBI;RteInvdCd;DrvrRace;Workzone;NumBikesCi;BikeAgeGrp;CrashType;RdDefects;CrashAlcoh;BikeAlcoho;RdConditio;DstncMiFrm;RuralUrban;HitRun;CrashDate;NumBikesUI;CrashTime;DrvrSex;DrvrAlcoho;Developmen;CrashSevr;AmbulanceR;DrvrInjury;OBJECTID;CrashMonth;NumBikesKi;RdCharacte;Region;BikeDir;TraffCntrl;CrashDay;CrashLoc;BikeAge;NumBikesTo;RdConfig;NumLanes;NumBikesAI;DrvrAlcDrg;OnRoad;RdSurface;Towrd_Rd;RdFeature;CrashGrp;RdClass;BikeInjury;County;DrvrAge;Weather;FrmRd;DrvrEstSpd;SpeedLimit;CrashYear;LightCond;DrvrAgeGrp
35.2306068826, -80.8429032423;"{""type"": ""Point"", ""coordinates"": [-80.84290324230071, 35.230606882565084]}";White;Charlotte;Travel Lane;2;19;Urban (>70% Developed);Male;Passenger Car;0;#NULL!;0;0;White;No;0;30-39;Motorist Drive Out - Signalized Intersection;None;No;No;Dry;0;Urban;No;20APR2011;0;19:41;Female;No;Commercial;B: Evident Injury;Yes;O: No Injury;2958;April;0;Straight - Grade;Piedmont;With Traffic;Stop And Go Signal;Wednesday;Intersection;37;0;One-Way, Not Divided;3 lanes;0;#NULL!;#NULL!;Smooth Asphalt;#NULL!;Four-Way Intersection;Motorist Failed to Yield - Signalized Intersection;Local Street;B: Evident Injury;Mecklenburg;26;Clear;#NULL!;16-20 mph;20 - 25  MPH;2011;Daylight;25-29
35.8590470999, -78.5459025845;"{""type"": ""Point"", ""coordinates"": [-78.5459025845382, 35.85904709989023]}";Black;None - Rural Crash;Travel Lane;2;20;Rural (<30% Developed);Male;Passenger Car;0;#NULL!;0;0;Black;No;0;16-19;Bicyclist Left Turn - Same Direction;None;No;No;Dry;0;Rural;No;05MAY2011;0;20:24;Female;No;Residential;B: Evident Injury;Yes;O: No Injury;2961;May;0;Straight - Level;Piedmont;With Traffic;Double Yellow Line, No Passing Zone;Thursday;Non-Intersection;17;0;Two-Way, Not Divided;2 lanes;0;#NULL!;#NULL!;Smooth Asphalt;#NULL!;No Special Feature;Bicyclist Left Turn / Merge;State Secondary Route;B: Evident Injury;Wake;22;Clear;#NULL!;41-45 mph;40 - 45  MPH;2011;Dusk;20-24
36.4416772738, -77.1191021808;"{""type"": ""Point"", ""coordinates"": [-77.11910218084233, 36.44167727382651]}";Black;Murfreesboro;Travel Lane;2;14;Urban (>70% Developed);Male;Passenger Car;0;#NULL!;0;0;Black;No;0;60-69;Bicyclist Left Turn - Same Direction;None;No;No;Dry;0;Rural;No;20APR2011;0;14:27;Female;No;Commercial;C: Possible Injury;Yes;O: No Injury;2975;April;0;Straight - Level;Coastal;With Traffic;Double Yellow Line, No Passing Zone;Wednesday;Intersection-Related;61;0;Two-Way, Not Divided;3 lanes;0;#NULL!;#NULL!;Coarse Asphalt;#NULL!;Driveway, Public;Bicyclist Left Turn / Merge;US Route;C: Possible Injury;Hertford;70+;Clear;#NULL!;16-20 mph;30 - 35  MPH;2011;Daylight;70+
35.7739370787, -78.6272026048;"{""type"": ""Point"", ""coordinates"": [-78.6272026048272, 35.77393707865329]}";Black;Raleigh;Travel Lane;2;12;Urban (>70% Developed);Female;Motorcycle;0;#NULL!;0;0;Black;No;0;0-5;Bicyclist Ride Out - Midblock - Unknown;None;No;No;Dry;0;Urban;No;14APR2011;0;12:42;Male;No;Residential;C: Possible Injury;Yes;O: No Injury;2976;April;0;Straight - Level;Piedmont;Unknown;No Control Present;Thursday;Non-Intersection;3;0;Two-Way, Not Divided;2 lanes;0;#NULL!;#NULL!;Smooth Asphalt;#NULL!;No Special Feature;Bicyclist Failed to Yield - Midblock;Local Street;C: Possible Injury;Wake;50;Clear;#NULL!;46-50 mph;30 - 35  MPH;2011;Daylight;50-59
35.903287096, -78.9228027017;"{""type"": ""Point"", ""coordinates"": [-78.92280270174768, 35.903287096004455]}";White;Durham;Travel Lane;2;13;Urban (>70% Developed);Male;Sport Utility;0;#NULL!;0;0;Black;No;0;50-59;Motorist Left Turn - Opposite Direction;None;No;No;Dry;0;Urban;No;05MAY2011;0;13:23;Female;No;Residential;B: Evident Injury;Yes;O: No Injury;2964;May;0;Straight - Level;Piedmont;With Traffic;No Control Present;Thursday;Intersection;52;0;Two-Way, Not Divided;2 lanes;0;#NULL!;#NULL!;Coarse Asphalt;#NULL!;No Special Feature;Motorist Left Turn / Merge;Local Street;B: Evident Injury;Durham;48;Clear;#NULL!;6-10 mph;40 - 45  MPH;2011;Daylight;40-49
35.2246268797, -80.8941032566;"{""type"": ""Point"", ""coordinates"": [-80.89410325658997, 35.22462687973848]}";Black;Charlotte;Travel Lane;2;19;Urban (>70% Developed);Male;Unknown;0;#NULL!;0;0;Unknown/Missing;No;0;11-15;Non-Roadway;None;No;No;Dry;0;Urban;Yes;18APR2011;0;19:20;Unknown;Missing;Commercial;B: Evident Injury;Yes;Unknown Injury;2952;April;0;Straight - Level;Piedmont;Not Applicable;Stop Sign;Monday;Non-Roadway;12;0;Two-Way, Not Divided;2 lanes;0;#NULL!;#NULL!;Smooth Asphalt;#NULL!;No Special Feature;Non-Roadway;Public Vehicular Area;O: No Injury;Mecklenburg;Unknown;Clear;#NULL!;Unknown;5 - 15 MPH;2011;Dusk;Unknown
35.8218570911, -78.5693025904;"{""type"": ""Point"", ""coordinates"": [-78.5693025903911, 35.82185709108125]}";Black;Raleigh;Sidewalk / Crosswalk / Driveway Crossing;2;16;Urban (>70% Developed);Male;Passenger Car;0;No;0;40002206;White;No;1;60-69;Signalized Intersection - Other / Unknown;None;No;#NULL!;Dry;0;Urban;No;08JAN2014;0;16:27;Female;#NULL!;Residential;C: Possible Injury;Yes;O: No Injury;3;January;0;Straight - Level;Piedmont;Facing Traffic;Stop And Go Signal;Wednesday;Intersection;64;1;Two-Way, Not Divided;4 lanes;0;No;MARSH CREEK RD;Coarse Asphalt;ANDOVER GLEN RD;T-Intersection;Crossing Paths - Other Circumstances;Local Street;C: Possible Injury;Wake;52;Clear;N NEW HOPE RD;0-5 mph;40 - 45  MPH;2014;Daylight;50-59
35.2256568822, -80.8453032423;"{""type"": ""Point"", ""coordinates"": [-80.84530324232614, 35.22565688224616]}";White;Charlotte;Sidewalk / Crosswalk / Driveway Crossing;2;19;Urban (>70% Developed);Male;Taxicab;0;#NULL!;0;0;Unknown/Missing;No;0;20-24;Motorist Drive Out - Commercial Driveway / Alley;None;No;No;Dry;0;Urban;Yes;09MAY2011;0;19:33;Unknown;Missing;Commercial;O: No Injury;No;Unknown Injury;2990;May;0;Straight - Level;Piedmont;Facing Traffic;No Control Present;Monday;Non-Intersection;23;0;One-Way, Not Divided;Unknown;0;#NULL!;#NULL!;Concrete;#NULL!;Driveway, Private;Motorist Failed to Yield - Midblock;Private Road, Driveway;O: No Injury;Mecklenburg;Unknown;Clear;#NULL!;0-5 mph;5 - 15 MPH;2011;Daylight;Unknown
36.0853171494, -78.5187025885;"{""type"": ""Point"", ""coordinates"": [-78.51870258853955, 36.08531714941482]}";Other;None - Rural Crash;Travel Lane;2;7;Rural (<30% Developed);Female;Passenger Car;0;#NULL!;0;0;White;No;0;50-59;Motorist Overtaking - Misjudged Space;None;No;No;Dry;0;Rural;No;03MAY2011;0;7:19;Female;No;Residential;C: Possible Injury;No;O: No Injury;2984;May;0;Straight - Grade;Piedmont;With Traffic;Double Yellow Line, No Passing Zone;Tuesday;Non-Intersection;52;0;Two-Way, Not Divided;2 lanes;0;#NULL!;#NULL!;Smooth Asphalt;#NULL!;No Special Feature;Motorist Overtaking Bicyclist;State Secondary Route;C: Possible Injury;Franklin;57;Clear;#NULL!;41-45 mph;50 - 55  MPH;2011;Daylight;50-59
35.2421668872, -80.8018032307;"{""type"": ""Point"", ""coordinates"": [-80.80180323074008, 35.24216688719828]}";Black;Charlotte;Travel Lane;2;14;Urban (>70% Developed);Male;Passenger Car;0;#NULL!;0;0;Black;No;0;6-10;Bicyclist Ride Through - Sign-Controlled Intersection;None;No;No;Dry;0;Urban;No;08MAY2011;0;14:33;Male;No;Residential;B: Evident Injury;Yes;O: No Injury;2991;May;0;Straight - Level;Piedmont;Not Applicable;Stop Sign;Sunday;Intersection-Related;8;0;Two-Way, Not Divided;2 lanes;0;#NULL!;#NULL!;Smooth Asphalt;#NULL!;No Special Feature;Bicyclist Failed to Yield - Sign-Controlled Intersection;Local Street;B: Evident Injury;Mecklenburg;19;Clear;#NULL!;16-20 mph;20 - 25  MPH;2011;Daylight;0-19
34.8209768812, -78.3581024749;"{""type"": ""Point"", ""coordinates"": [-78.35810247492684, 34.8209768812498]}";White;None - Rural Crash;Travel Lane;2;21;Rural (<30% Developed);Male;Passenger Car;0;#NULL!;0;0;Black;No;0;40-49;Motorist Overtaking - Other / Unknown;None;No;No;Wet;0;Rural;No;17MAY2011;0;21:04;Female;No;Farms, Woods, Pastures;C: Possible Injury;No;O: No Injury;2989;May;0;Curve - Level;Coastal;With Traffic;Double Yellow Line, No Passing Zone;Tuesday;Intersection;46;0;Two-Way, Not Divided;2 lanes;0;#NULL!;#NULL!;Smooth Asphalt;#NULL!;T-Intersection;Motorist Overtaking Bicyclist;US Route;C: Possible Injury;Sampson;60;Cloudy;#NULL!;41-45 mph;50 - 55  MPH;2011;Dusk;60-69
34.2489867705, -77.9078023106;"{""type"": ""Point"", ""coordinates"": [-77.90780231057927, 34.24898677052977]}";Black;Wilmington;Unknown;2;14;Urban (>70% Developed);Female;Sport Utility;0;#NULL!;0;0;Black;No;0;6-10;Motorist Right Turn - Same Direction;None;No;No;Dry;0;Urban;No;21APR2011;0;14:15;Female;No;Residential;C: Possible Injury;Yes;O: No Injury;2986;April;0;Straight - Level;Coastal;With Traffic;No Control Present;Thursday;Non-Intersection;7;0;One-Way, Not Divided;2 lanes;0;#NULL!;#NULL!;Coarse Asphalt;#NULL!;No Special Feature;Motorist Right Turn / Merge;Local Street;C: Possible Injury;New Hanover;41;Clear;#NULL!;0-5 mph;20 - 25  MPH;2011;Daylight;40-49
35.9947871165, -78.9028027005;"{""type"": ""Point"", ""coordinates"": [-78.90280270053958, 35.99478711649348]}";White;Durham;Travel Lane;2;17;Urban (>70% Developed);Male;Passenger Car;0;#NULL!;0;0;White;No;0;25-29;Motorist Left Turn - Opposite Direction;None;No;No;Dry;0;Urban;No;10MAY2011;0;17:16;Male;No;Commercial;O: No Injury;No;O: No Injury;2983;May;0;Straight - Level;Piedmont;With Traffic;No Control Present;Tuesday;Non-Intersection;26;0;Two-Way, Not Divided;2 lanes;0;#NULL!;#NULL!;Smooth Asphalt;#NULL!;No Special Feature;Motorist Left Turn / Merge;Local Street;O: No Injury;Durham;65;Clear;#NULL!;26-30 mph;30 - 35  MPH;2011;Daylight;60-69
35.1206068663, -80.647103178;"{""type"": ""Point"", ""coordinates"": [-80.64710317800328, 35.12060686625817]}";Hispanic;Stallings;Travel Lane;2;6;Mixed (30% To 70% Developed);Male;Sport Utility;0;#NULL!;0;0;White;No;0;50-59;Motorist Overtaking - Undetected Bicyclist;None;No;No;Dry;0;Urban;No;22JUN2013;0;6:03;Female;No;Farms, Woods, Pastures;C: Possible Injury;Yes;O: No Injury;1263;June;0;Straight - Grade;Piedmont;With Traffic;No Control Present;Saturday;Non-Intersection;56;0;Two-Way, Not Divided;2 lanes;0;#NULL!;IDLEWILD ROAD;Smooth Asphalt;#NULL!;No Special Feature;Motorist Overtaking Bicyclist;State Secondary Route;C: Possible Injury;Union;33;Clear;#NULL!;41-45 mph;40 - 45  MPH;2013;Dark - Roadway Not Lighted;30-39
35.4491370072, -78.686302606;"{""type"": ""Point"", ""coordinates"": [-78.68630260603751, 35.449137007195105]}";Hispanic;None - Rural Crash;Travel Lane;2;20;Rural (<30% Developed);Male;Passenger Car;0;#NULL!;0;0;White;No;0;20-24;Motorist Overtaking - Other / Unknown;None;No;No;Dry;0;Rural;No;04AUG2013;0;20:53;Female;No;Farms, Woods, Pastures;C: Possible Injury;No;O: No Injury;1310;August;0;Straight - Level;Coastal;With Traffic;Double Yellow Line, No Passing Zone;Sunday;Non-Intersection;20;0;Two-Way, Not Divided;2 lanes;0;#NULL!;NC 55;Smooth Asphalt;#NULL!;No Special Feature;Motorist Overtaking Bicyclist;NC Route;C: Possible Injury;Harnett;64;Clear;#NULL!;51-55 mph;50 - 55  MPH;2013;Dark - Roadway Not Lighted;60-69
35.8633470989, -78.6026026023;"{""type"": ""Point"", ""coordinates"": [-78.60260260231948, 35.86334709885895]}";White;Raleigh;Sidewalk / Crosswalk / Driveway Crossing;2;17;Urban (>70% Developed);Male;Van;0;#NULL!;0;0;Black;No;0;20-24;Motorist Drive Out - Sign-Controlled Intersection;None;No;No;Dry;0;Urban;No;30JUL2013;0;17:51;Male;No;Institutional;B: Evident Injury;No;O: No Injury;1301;July;0;Unknown;Piedmont;Facing Traffic;Stop Sign;Tuesday;Intersection;24;0;Two-Way, Not Divided;5 lanes;0;#NULL!;DIXIE FOREST RD;Smooth Asphalt;#NULL!;T-Intersection;Motorist Failed to Yield - Sign-Controlled Intersection;Local Street;B: Evident Injury;Wake;51;Cloudy;#NULL!;0-5 mph;30 - 35  MPH;2013;Daylight;50-59
35.5952270579, -78.1263024435;"{""type"": ""Point"", ""coordinates"": [-78.12630244348689, 35.595227057883946]}";White;Kenly;Non-Roadway;3;17;Urban (>70% Developed);Male;Passenger Car;0;#NULL!;0;0;White;No;0;30-39;Unusual Circumstances;None;No;No;Dry;0;Rural;No;27JUL2013;0;17:07;Female;No;Commercial;B: Evident Injury;Yes;B: Evident Injury;1296;July;0;Straight - Level;Coastal;Not Applicable;Stop Sign;Saturday;Intersection;34;0;Two-Way, Divided, Unprotected Median;5 lanes;0;#NULL!;SOUTH CHURCH STREET;Coarse Asphalt;#NULL!;Driveway, Public;Other / Unusual Circumstances;Local Street;B: Evident Injury;Johnston;70+;Clear;#NULL!;16-20 mph;30 - 35  MPH;2013;Daylight;70+
35.1531968697, -80.7553032117;"{""type"": ""Point"", ""coordinates"": [-80.75530321170936, 35.15319686968226]}";Black;Charlotte;Travel Lane;2;19;Urban (>70% Developed);Female;Unknown;0;#NULL!;0;0;Unknown/Missing;No;0;16-19;Backing Vehicle;None;No;No;Wet;0;Urban;Yes;27JUN2013;0;19:00;Unknown;Missing;Residential;B: Evident Injury;Yes;Unknown Injury;1295;June;0;Straight - Grade;Piedmont;With Traffic;No Control Present;Thursday;Non-Intersection;19;0;Two-Way, Not Divided;2 lanes;0;#NULL!;PINEBURR RD;Smooth Asphalt;#NULL!;No Special Feature;Backing Vehicle;Local Street;B: Evident Injury;Mecklenburg;Unknown;Rain;#NULL!;0-5 mph;20 - 25  MPH;2013;Daylight;Unknown
35.2580668905, -80.795303229;"{""type"": ""Point"", ""coordinates"": [-80.7953032289962, 35.25806689050096]}";White;Charlotte;Travel Lane;2;14;Mixed (30% To 70% Developed);Male;Unknown Heavy Truck;0;#NULL!;0;0;Unknown/Missing;No;0;20-24;Motorist Overtaking - Other / Unknown;None;No;No;Dry;0;Urban;Yes;26OCT2013;0;14:50;Unknown;Missing;Commercial;C: Possible Injury;No;Unknown Injury;1583;October;0;Straight - Level;Piedmont;With Traffic;Stop And Go Signal;Saturday;Non-Intersection;23;0;Two-Way, Divided, Positive Median Barrier;2 lanes;0;#NULL!;4220 NORTH TRYON ST;Coarse Asphalt;#NULL!;No Special Feature;Motorist Overtaking Bicyclist;Local Street;C: Possible Injury;Mecklenburg;Unknown;Clear;#NULL!;41-45 mph;40 - 45  MPH;2013;Daylight;Unknown
35.8553871254, -77.7949023562;"{""type"": ""Point"", ""coordinates"": [-77.79490235624432, 35.85538712540001]}";White;None - Rural Crash;Travel Lane;2;19;Urban (>70% Developed);Male;Sport Utility;0;#NULL!;0;0;White;No;0;50-59;Motorist Overtaking - Undetected Bicyclist;None;Yes;Yes;Dry;0;Rural;No;15OCT2013;0;19:32;Female;No;Commercial;B: Evident Injury;Yes;O: No Injury;1563;October;0;Straight - Grade;Coastal;With Traffic;Double Yellow Line, No Passing Zone;Tuesday;Non-Intersection;53;0;Two-Way, Not Divided;2 lanes;0;#NULL!;SR 1146;Coarse Asphalt;#NULL!;No Special Feature;Motorist Overtaking Bicyclist;State Secondary Route;B: Evident Injury;Edgecombe;64;Cloudy;#NULL!;36-40 mph;40 - 45  MPH;2013;Dark - Roadway Not Lighted;60-69
35.2414068865, -80.8129032331;"{""type"": ""Point"", ""coordinates"": [-80.81290323309719, 35.24140688648575]}";Black;Charlotte;Bike Lane / Paved Shoulder;2;14;Urban (>70% Developed);Male;Unknown;0;#NULL!;0;0;Unknown/Missing;No;0;50-59;Parallel Paths - Other / Unknown;None;No;No;Dry;0;Urban;Yes;20OCT2013;0;14:18;Unknown;Missing;Commercial;C: Possible Injury;Yes;Unknown Injury;1590;October;0;Straight - Level;Piedmont;With Traffic;No Control Present;Sunday;Non-Intersection;53;0;Two-Way, Not Divided;2 lanes;0;#NULL!;N DAVIDSON ST;Smooth Asphalt;#NULL!;No Special Feature;Parallel Paths - Other Circumstances;Local Street;C: Possible Injury;Mecklenburg;Unknown;Clear;#NULL!;6-10 mph;30 - 35  MPH;2013;Daylight;Unknown
35.1439970046, -76.7875020133;"{""type"": ""Point"", ""coordinates"": [-76.78750201331201, 35.14399700461588]}";White;Alliance;Sidewalk / Crosswalk / Driveway Crossing;2;20;Urban (>70% Developed);Male;Sport Utility;0;#NULL!;0;0;White;No;0;11-15;Bicyclist Left Turn - Same Direction;None;No;No;Dry;0;Rural;No;27OCT2013;0;20:12;Male;No;Residential;B: Evident Injury;Yes;O: No Injury;1586;October;0;Straight - Level;Coastal;With Traffic;No Control Present;Sunday;Non-Intersection;15;0;Two-Way, Divided, Unprotected Median;5 lanes;0;#NULL!;NC 55;Smooth Asphalt;#NULL!;Driveway, Private;Bicyclist Left Turn / Merge;NC Route;B: Evident Injury;Pamlico;70+;Clear;#NULL!;31-35 mph;30 - 35  MPH;2013;Dark - Roadway Not Lighted;70+
36.092727082, -80.406003159;"{""type"": ""Point"", ""coordinates"": [-80.40600315897733, 36.09272708197219]}";White;Lewisville;Travel Lane;2;7;Mixed (30% To 70% Developed);Male;Passenger Car;0;#NULL!;0;0;White;No;0;40-49;Motorist Drive Through - Sign-Controlled Intersection;None;No;No;Dry;0;Urban;No;29OCT2013;0;7:22;Female;No;Residential;C: Possible Injury;Yes;O: No Injury;1592;October;0;Straight - Level;Piedmont;With Traffic;Stop Sign;Tuesday;Intersection;49;0;Two-Way, Not Divided;2 lanes;0;#NULL!;SEQUOIA DR;Smooth Asphalt;#NULL!;Four-Way Intersection;Motorist Failed to Yield - Sign-Controlled Intersection;Local Street;C: Possible Injury;Forsyth;63;Clear;#NULL!;11-15 mph;30 - 35  MPH;2013;Daylight;60-69
35.8113270874, -78.6108026019;"{""type"": ""Point"", ""coordinates"": [-78.61080260192723, 35.811327087443935]}";White;Raleigh;Travel Lane;2;16;Urban (>70% Developed);Male;Pickup;0;#NULL!;0;0;White;No;0;40-49;Bicyclist Ride Through - Signalized Intersection;None;No;No;Dry;0;Urban;No;29OCT2013;0;16:56;Male;No;Commercial;C: Possible Injury;Yes;O: No Injury;1594;October;0;Straight - Level;Piedmont;Facing Traffic;No Control Present;Tuesday;Intersection;42;0;Two-Way, Divided, Positive Median Barrier;3 lanes;0;#NULL!;CAPITAL BLVD;Coarse Asphalt;#NULL!;Four-Way Intersection;Bicyclist Failed to Yield - Signalized Intersection;US Route;C: Possible Injury;Wake;57;Clear;#NULL!;6-10 mph;40 - 45  MPH;2013;Daylight;50-59
34.2438167705, -77.8830023035;"{""type"": ""Point"", ""coordinates"": [-77.88300230354123, 34.24381677049767]}";White;Wilmington;Sidewalk / Crosswalk / Driveway Crossing;2;14;Urban (>70% Developed);Male;Passenger Car;0;#NULL!;0;0;Black;No;0;50-59;Motorist Drive Out - Commercial Driveway / Alley;None;No;No;Dry;0;Urban;No;20SEP2013;0;14:29;Male;No;Commercial;B: Evident Injury;Yes;O: No Injury;1566;September;0;Straight - Level;Coastal;Facing Traffic;No Control Present;Friday;Non-Intersection;53;0;Two-Way, Not Divided;5 lanes;0;#NULL!;PVA MARKET ST;Concrete;#NULL!;Driveway, Public;Motorist Failed to Yield - Midblock;US Route;B: Evident Injury;New Hanover;21;Cloudy;#NULL!;Unknown;Unknown;2013;Daylight;20-24
35.5830070827, -77.3118021953;"{""type"": ""Point"", ""coordinates"": [-77.31180219525397, 35.58300708271047]}";White;Greenville;Travel Lane;2;18;Urban (>70% Developed);Female;Sport Utility;0;#NULL!;0;0;White;No;0;40-49;Bicyclist Left Turn - Same Direction;None;No;No;Dry;0;Urban;No;20OCT2013;0;18:04;Male;No;Commercial;C: Possible Injury;Yes;O: No Injury;1573;October;0;Straight - Level;Coastal;With Traffic;No Control Present;Sunday;Non-Intersection;46;0;Two-Way, Not Divided;5 lanes;0;#NULL!;PORTERTOWN RD;Smooth Asphalt;#NULL!;No Special Feature;Bicyclist Left Turn / Merge;Local Street;C: Possible Injury;Pitt;37;Clear;#NULL!;0-5 mph;30 - 35  MPH;2013;Daylight;30-39
36.285667271, -76.2318019001;"{""type"": ""Point"", ""coordinates"": [-76.2318019001493, 36.2856672709734]}";Black;Elizabeth City;Travel Lane;2;13;Urban (>70% Developed);Male;Passenger Car;0;#NULL!;0;0;Black;No;0;40-49;Parallel Paths - Other / Unknown;None;No;No;Dry;0;Urban;No;08OCT2013;0;13:56;Male;No;Residential;O: No Injury;No;O: No Injury;1561;October;0;Straight - Level;Coastal;Facing Traffic;No Control Present;Tuesday;Non-Intersection;49;0;Two-Way, Not Divided;2 lanes;0;#NULL!;ROANOKE AVE;Smooth Asphalt;#NULL!;No Special Feature;Parallel Paths - Other Circumstances;Local Street;O: No Injury;Pasquotank;49;Cloudy;#NULL!;16-20 mph;20 - 25  MPH;2013;Daylight;40-49
35.3207769804, -78.6564025896;"{""type"": ""Point"", ""coordinates"": [-78.65640258964072, 35.32077698038998]}";White;Erwin;Travel Lane;2;14;Mixed (30% To 70% Developed);Male;Pickup;0;#NULL!;0;0;Black;No;0;25-29;Bicyclist Right Turn - Opposite Direction;None;No;No;Wet;0;Rural;No;07OCT2013;0;14:53;Male;No;Residential;C: Possible Injury;Yes;O: No Injury;1581;October;0;Straight - Level;Coastal;With Traffic;No Control Present;Monday;Non-Intersection;29;0;Two-Way, Not Divided;2 lanes;0;#NULL!;DENIM DR;Coarse Asphalt;#NULL!;No Special Feature;Bicyclist Right Turn / Merge;Unknown;C: Possible Injury;Harnett;67;Rain;#NULL!;11-15 mph;40 - 45  MPH;2013;Daylight;60-69
35.5707670299, -78.7714026375;"{""type"": ""Point"", ""coordinates"": [-78.77140263751922, 35.57076702989942]}";White;None - Rural Crash;Travel Lane;2;19;Rural (<30% Developed);Female;Passenger Car;0;#NULL!;0;0;Unknown/Missing;No;0;60-69;Motorist Overtaking - Other / Unknown;None;No;No;Dry;0;Rural;Yes;12SEP2013;0;19:06;Unknown;Missing;Farms, Woods, Pastures;C: Possible Injury;No;Unknown Injury;1548;September;0;Straight - Level;Piedmont;With Traffic;Double Yellow Line, No Passing Zone;Thursday;Non-Intersection;62;0;Two-Way, Not Divided;2 lanes;0;#NULL!;SR 1301;Smooth Asphalt;#NULL!;No Special Feature;Motorist Overtaking Bicyclist;State Secondary Route;C: Possible Injury;Wake;Unknown;Cloudy;#NULL!;41-45 mph;40 - 45  MPH;2013;Daylight;Unknown
35.2528968891, -80.8083032327;"{""type"": ""Point"", ""coordinates"": [-80.80830323266942, 35.25289688913958]}";Black;Charlotte;Sidewalk / Crosswalk / Driveway Crossing;2;15;Urban (>70% Developed);Male;Passenger Car;0;#NULL!;0;0;Black;No;0;50-59;Motorist Drive Out - Right Turn on Red;None;No;No;Dry;0;Urban;No;08OCT2013;0;15:31;Female;No;Commercial;C: Possible Injury;No;O: No Injury;1536;October;0;Straight - Level;Piedmont;Facing Traffic;Stop And Go Signal;Tuesday;Intersection;53;0;Two-Way, Divided, Unprotected Median;2 lanes;0;#NULL!;NORTH TRYON STREET;Smooth Asphalt;#NULL!;T-Intersection;Motorist Failed to Yield - Signalized Intersection;Local Street;C: Possible Injury;Mecklenburg;55;Cloudy;#NULL!;0-5 mph;40 - 45  MPH;2013;Daylight;50-59
36.2498771423, -79.6633029441;"{""type"": ""Point"", ""coordinates"": [-79.66330294408398, 36.24987714228562]}";Black;None - Rural Crash;Travel Lane;2;19;Rural (<30% Developed);Male;Sport Utility;0;#NULL!;0;0;White;No;0;50-59;Bicyclist Ride Through - Sign-Controlled Intersection;None;Yes;Yes;Dry;0;Rural;No;10OCT2013;0;19:39;Male;No;Farms, Woods, Pastures;K: Killed;Yes;B: Evident Injury;1546;October;0;Straight - Level;Piedmont;With Traffic;Stop Sign;Thursday;Intersection;58;0;Two-Way, Divided, Unprotected Median;5 lanes;0;#NULL!;US 29;Smooth Asphalt;#NULL!;No Special Feature;Bicyclist Failed to Yield - Sign-Controlled Intersection;US Route;K: Killed;Rockingham;41;Clear;#NULL!;51-55 mph;50 - 55  MPH;2013;Dark - Roadway Not Lighted;40-49
35.3548069702, -79.1620027447;"{""type"": ""Point"", ""coordinates"": [-79.16200274472669, 35.354806970239615]}";White;None - Rural Crash;Driveway / Alley;2;19;Rural (<30% Developed);Male;Pickup;0;#NULL!;0;0;White;No;0;11-15;Crossing Paths - Uncontrolled Intersection;None;Yes;No;Dry;0;Rural;No;16OCT2013;0;19:03;Male;Yes;Farms, Woods, Pastures;B: Evident Injury;Yes;O: No Injury;1558;October;0;Straight - Level;Piedmont;Not Applicable;Double Yellow Line, No Passing Zone;Wednesday;Intersection;11;0;Two-Way, Not Divided;2 lanes;0;#NULL!;SR 1167;Coarse Asphalt;#NULL!;T-Intersection;Crossing Paths - Other Circumstances;State Secondary Route;B: Evident Injury;Lee;49;Cloudy;#NULL!;41-45 mph;50 - 55  MPH;2013;Dusk;40-49
35.2024168777, -80.8249032356;"{""type"": ""Point"", ""coordinates"": [-80.82490323558036, 35.20241687768758]}";White;Charlotte;Sidewalk / Crosswalk / Driveway Crossing;2;7;Urban (>70% Developed);Male;Passenger Car;0;#NULL!;0;0;White;No;0;6-10;Motorist Left Turn - Opposite Direction;None;No;No;Wet;0;Urban;No;25SEP2013;0;7:45;Female;No;Commercial;O: No Injury;Yes;O: No Injury;1542;September;0;Straight - Level;Piedmont;Not Applicable;Stop And Go Signal;Wednesday;Intersection;10;0;Two-Way, Not Divided;7 lanes;0;#NULL!;PROVIDENCE ROAD;Smooth Asphalt;#NULL!;Four-Way Intersection;Motorist Left Turn / Merge;Local Street;O: No Injury;Mecklenburg;26;Clear;#NULL!;0-5 mph;30 - 35  MPH;2013;Daylight;25-29
35.9649471545, -77.6361023136;"{""type"": ""Point"", ""coordinates"": [-77.63610231361427, 35.96494715454119]}";Black;None - Rural Crash;Travel Lane;2;14;Mixed (30% To 70% Developed);Male;Passenger Car;0;#NULL!;0;0;White;No;0;40-49;Bicyclist Left Turn - Same Direction;None;No;No;Dry;0;Rural;No;06OCT2013;0;14:16;Female;No;Farms, Woods, Pastures;C: Possible Injury;Yes;O: No Injury;1526;October;0;Straight - Level;Coastal;With Traffic;No Control Present;Sunday;Non-Intersection;42;0;Two-Way, Not Divided;2 lanes;0;#NULL!;NC 97;Coarse Asphalt;#NULL!;No Special Feature;Bicyclist Left Turn / Merge;NC Route;C: Possible Injury;Edgecombe;49;Cloudy;#NULL!;51-55 mph;50 - 55  MPH;2013;Daylight;40-49
35.7853270799, -78.6605026157;"{""type"": ""Point"", ""coordinates"": [-78.66050261574298, 35.785327079944196]}";White;Raleigh;Sidewalk / Crosswalk / Driveway Crossing;2;9;Urban (>70% Developed);Male;Passenger Car;0;#NULL!;0;0;Black;No;0;30-39;Motorist Left Turn - Opposite Direction;None;No;No;Dry;0;Urban;No;12OCT2013;0;9:03;Female;No;Commercial;O: No Injury;Yes;O: No Injury;1555;October;0;Straight - Level;Piedmont;With Traffic;Stop And Go Signal;Saturday;Intersection;31;0;Two-Way, Not Divided;3 lanes;0;#NULL!;HILLSBOROUGH ST;Coarse Asphalt;#NULL!;No Special Feature;Motorist Left Turn / Merge;Local Street;O: No Injury;Wake;33;Cloudy;#NULL!;6-10 mph;30 - 35  MPH;2013;Daylight;30-39