Geo Point;Geo Shape;BikeRace;City;BikePos;NumUnits;CrashHour;Locality;BikeSex;DrvrVehTyp;NumBikesNo;BikeAlcDrg;NumBikesBI;RteInvdCd;DrvrRace;Workzone;NumBikesCi;BikeAgeGrp;CrashType;RdDefects;CrashAlcoh;BikeAlcoho;RdConditio;DstncMiFrm;RuralUrban;HitRun;CrashDate;NumBikesUI;CrashTime;DrvrSex;DrvrAlcoho;Developmen;CrashSevr;AmbulanceR;DrvrInjury;OBJECTID;CrashMonth;NumBikesKi;RdCharacte;Region;BikeDir;TraffCntrl;CrashDay;CrashLoc;BikeAge;NumBikesTo;RdConfig;NumLanes;NumBikesAI;DrvrAlcDrg;OnRoad;RdSurface;Towrd_Rd;RdFeature;CrashGrp;RdClass;BikeInjury;County;DrvrAge;Weather;FrmRd;DrvrEstSpd;SpeedLimit;CrashYear;LightCond;DrvrAgeGrp
35.4556469871, -79.2925027891;"{""type"": ""Point"", ""coordinates"": [-79.29250278907223, 35.4556469871352]}";Black;None - Rural Crash;Other;2;18;Rural (<30% Developed);Male;Pickup;0;#NULL!;0;0;White;No;0;40-49;Bicyclist Left Turn - Same Direction;None;Yes;Yes;Dry;0;Rural;Yes;05OCT2013;0;18:48;Male;Yes;Farms, Woods, Pastures;A: Disabling Injury;Yes;O: No Injury;1524;October;0;Straight - Level;Piedmont;With Traffic;No Control Present;Saturday;Non-Intersection;43;0;Two-Way, Not Divided;2 lanes;0;#NULL!;SR 1318;Smooth Asphalt;#NULL!;No Special Feature;Bicyclist Left Turn / Merge;State Secondary Route;A: Disabling Injury;Lee;42;Clear;#NULL!;46-50 mph;50 - 55  MPH;2013;Daylight;40-49
35.2333868983, -80.4350031206;"{""type"": ""Point"", ""coordinates"": [-80.43500312064195, 35.23338689832336]}";White;Stanfield;Travel Lane;2;19;Mixed (30% To 70% Developed);Female;Unknown;0;#NULL!;0;0;White;No;0;30-39;Motorist Overtaking - Other / Unknown;None;Yes;No;Dry;0;Rural;Yes;10SEP2013;0;19:13;Male;Yes;Residential;B: Evident Injury;Yes;O: No Injury;1534;September;0;Straight - Grade;Piedmont;With Traffic;No Control Present;Tuesday;Non-Intersection;33;0;Two-Way, Not Divided;2 lanes;0;#NULL!;SR 1144;Smooth Asphalt;#NULL!;Driveway, Private;Motorist Overtaking Bicyclist;State Secondary Route;B: Evident Injury;Stanly;33;Clear;#NULL!;31-35 mph;30 - 35  MPH;2013;Daylight;30-39
35.6927769966, -80.4257031424;"{""type"": ""Point"", ""coordinates"": [-80.4257031424382, 35.69277699660624]}";White;Spencer;Travel Lane;2;12;Urban (>70% Developed);Male;Passenger Car;0;#NULL!;0;0;White;No;0;50-59;Motorist Drive Out - Sign-Controlled Intersection;None;No;No;Dry;0;Rural;No;15SEP2013;0;12:16;Female;No;Commercial;O: No Injury;No;O: No Injury;1540;September;0;Straight - Grade;Piedmont;With Traffic;No Control Present;Sunday;Intersection;53;0;Two-Way, Not Divided;4 lanes;0;#NULL!;US 29;Coarse Asphalt;#NULL!;Driveway, Public;Motorist Failed to Yield - Sign-Controlled Intersection;NC Route;Unknown Injury;Rowan;70+;Clear;#NULL!;11-15 mph;30 - 35  MPH;2013;Daylight;70+
35.7880670804, -78.6692026184;"{""type"": ""Point"", ""coordinates"": [-78.66920261836177, 35.788067080392025]}";White;Raleigh;Bike Lane / Paved Shoulder;2;11;Urban (>70% Developed);Male;Sport Utility;0;#NULL!;0;0;Unknown/Missing;No;0;25-29;Bicyclist Overtaking - Parked Vehicle;None;No;No;Dry;0;Urban;No;13NOV2013;0;11:53;Unknown;Missing;Commercial;C: Possible Injury;No;Unknown Injury;1625;November;0;Straight - Level;Piedmont;With Traffic;No Control Present;Wednesday;Non-Intersection;28;0;Two-Way, Divided, Positive Median Barrier;2 lanes;0;#NULL!;HILLSBOROUGH ST;Smooth Asphalt;#NULL!;No Special Feature;Bicyclist Overtaking Motorist;Local Street;C: Possible Injury;Wake;Unknown;Clear;#NULL!;0-5 mph;30 - 35  MPH;2013;Daylight;Unknown
35.8562770951, -78.6505026159;"{""type"": ""Point"", ""coordinates"": [-78.6505026159361, 35.856277095139376]}";Black;Raleigh;Sidewalk / Crosswalk / Driveway Crossing;2;12;Urban (>70% Developed);Male;Light Truck (Mini-Van, Panel);0;#NULL!;0;0;White;No;0;20-24;Bicyclist Ride Through - Signalized Intersection;None;No;No;Dry;0;Urban;No;30OCT2013;0;12:16;Male;No;Residential;O: No Injury;Yes;O: No Injury;1596;October;0;Straight - Level;Piedmont;Facing Traffic;Stop And Go Signal;Wednesday;Intersection;21;0;Two-Way, Not Divided;3 lanes;0;#NULL!;DIXON DR;Smooth Asphalt;#NULL!;No Special Feature;Bicyclist Failed to Yield - Signalized Intersection;Local Street;O: No Injury;Wake;51;Clear;#NULL!;11-15 mph;30 - 35  MPH;2013;Daylight;50-59
35.1188069902, -77.0479020919;"{""type"": ""Point"", ""coordinates"": [-77.0479020918992, 35.118806990216534]}";Black;New Bern;Travel Lane;2;18;Mixed (30% To 70% Developed);Male;Unknown;0;#NULL!;0;0;Unknown/Missing;No;0;16-19;Bicyclist Ride Out - Sign-Controlled Intersection;None;No;No;Dry;0;Urban;Yes;07NOV2013;0;18:31;Unknown;Missing;Residential;C: Possible Injury;No;Unknown Injury;1616;November;0;Straight - Level;Coastal;With Traffic;Stop Sign;Thursday;Intersection-Related;17;0;Two-Way, Not Divided;2 lanes;0;#NULL!;NATIONAL AVE;Smooth Asphalt;#NULL!;No Special Feature;Bicyclist Failed to Yield - Sign-Controlled Intersection;Local Street;C: Possible Injury;Craven;Unknown;Clear;#NULL!;11-15 mph;30 - 35  MPH;2013;Dusk;Unknown
35.5057169365, -80.9905033012;"{""type"": ""Point"", ""coordinates"": [-80.9905033012138, 35.505716936461745]}";White;None - Rural Crash;Travel Lane;2;15;Rural (<30% Developed);Female;Pickup;0;#NULL!;0;0;Hispanic;No;0;50-59;Motorist Turning Error - Left Turn;None;No;No;Dry;0;Rural;No;10NOV2013;0;15:21;Female;No;Residential;C: Possible Injury;No;O: No Injury;1607;November;0;Straight - Level;Piedmont;With Traffic;Double Yellow Line, No Passing Zone;Sunday;Intersection-Related;54;0;Two-Way, Not Divided;2 lanes;0;#NULL!;SR 1754;Coarse Asphalt;#NULL!;Four-Way Intersection;Loss of Control / Turning Error;State Secondary Route;C: Possible Injury;Lincoln;38;Clear;#NULL!;31-35 mph;30 - 35  MPH;2013;Daylight;30-39
35.9362970639, -79.9927030264;"{""type"": ""Point"", ""coordinates"": [-79.99270302641962, 35.93629706387339]}";Black;High Point;Travel Lane;2;6;Urban (>70% Developed);Male;Passenger Car;0;#NULL!;0;0;White;No;0;20-24;Motorist Drive Out - Sign-Controlled Intersection;None;No;No;Dry;0;Urban;No;09OCT2013;0;6:27;Male;No;Commercial;C: Possible Injury;No;O: No Injury;1620;October;0;Straight - Level;Piedmont;Facing Traffic;Stop Sign;Wednesday;Intersection;22;0;Two-Way, Not Divided;5 lanes;0;#NULL!;NW CLOVERLEAF PL;Coarse Asphalt;#NULL!;T-Intersection;Motorist Failed to Yield - Sign-Controlled Intersection;Local Street;C: Possible Injury;Guilford;70+;Clear;#NULL!;0-5 mph;30 - 35  MPH;2013;Dark - Lighted Roadway;70+
35.5755868891, -82.6105037853;"{""type"": ""Point"", ""coordinates"": [-82.61050378526751, 35.575586889066294]}";White;Asheville;Travel Lane;2;0;Urban (>70% Developed);Male;Sport Utility;0;#NULL!;0;0;White;No;0;30-39;Motorist Left Turn - Opposite Direction;None;Yes;No;Dry;0;Urban;No;19OCT2013;0;0:02;Male;Yes;Residential;B: Evident Injury;No;O: No Injury;1635;October;0;Curve - Grade;Mountains;With Traffic;No Control Present;Saturday;Intersection;33;0;Two-Way, Not Divided;2 lanes;0;#NULL!;SULPHUR SPRINGS RD;Coarse Asphalt;#NULL!;T-Intersection;Motorist Left Turn / Merge;Local Street;B: Evident Injury;Buncombe;24;Clear;#NULL!;11-15 mph;30 - 35  MPH;2013;Dark - Lighted Roadway;20-24
35.9206271122, -78.5808025992;"{""type"": ""Point"", ""coordinates"": [-78.58080259915778, 35.920627112214994]}";White;Raleigh;Travel Lane;2;21;Urban (>70% Developed);Male;Passenger Car;0;#NULL!;0;0;White;No;0;11-15;Bicyclist Ride Through - Sign-Controlled Intersection;None;No;No;Dry;0;Urban;No;05NOV2013;0;21:06;Male;No;Residential;O: No Injury;No;O: No Injury;1634;November;0;Straight - Level;Piedmont;With Traffic;Stop Sign;Tuesday;Intersection;11;0;Two-Way, Not Divided;Unknown;0;#NULL!;WHITTINGTON DR;Smooth Asphalt;#NULL!;T-Intersection;Bicyclist Failed to Yield - Sign-Controlled Intersection;Local Street;O: No Injury;Wake;44;Clear;#NULL!;21-25 mph;20 - 25  MPH;2013;Daylight;40-49
35.753986975, -81.3433034206;"{""type"": ""Point"", ""coordinates"": [-81.34330342058102, 35.7539869750138]}";Native American;Hickory;Sidewalk / Crosswalk / Driveway Crossing;2;11;Urban (>70% Developed);Male;Unknown;0;#NULL!;0;0;Unknown/Missing;No;0;11-15;Bicyclist Ride Out - Parallel Path;None;No;No;Dry;0;Urban;Yes;28JUN2012;0;11:05;Unknown;Missing;Commercial;B: Evident Injury;No;Unknown Injury;2175;June;0;Straight - Level;Piedmont;With Traffic;No Control Present;Thursday;Non-Intersection;15;0;Two-Way, Not Divided;3 lanes;0;#NULL!;#NULL!;Coarse Asphalt;#NULL!;No Special Feature;Parallel Paths - Other Circumstances;Local Street;B: Evident Injury;Catawba;Unknown;Clear;#NULL!;16-20 mph;30 - 35  MPH;2012;Daylight;Unknown
35.2239468115, -82.7044037931;"{""type"": ""Point"", ""coordinates"": [-82.7044037931249, 35.2239468115475]}";White;None - Rural Crash;Driveway / Alley;2;15;Rural (<30% Developed);Male;Pickup;0;#NULL!;0;0;White;No;0;16-19;Bicyclist Ride Out - Residential Driveway;None;No;No;Dry;0;Rural;No;02JUL2012;0;15:04;Male;No;Farms, Woods, Pastures;B: Evident Injury;Yes;O: No Injury;2169;July;0;Curve - Level;Mountains;Not Applicable;Double Yellow Line, No Passing Zone;Monday;Non-Intersection;17;0;Two-Way, Not Divided;2 lanes;0;#NULL!;#NULL!;Smooth Asphalt;#NULL!;No Special Feature;Bicyclist Failed to Yield - Midblock;State Secondary Route;B: Evident Injury;Transylvania;17;Clear;#NULL!;36-40 mph;40 - 45  MPH;2012;Daylight;0-19
35.7772170777, -78.6786026208;"{""type"": ""Point"", ""coordinates"": [-78.67860262082998, 35.77721707769199]}";White;Raleigh;Sidewalk / Crosswalk / Driveway Crossing;2;17;Urban (>70% Developed);Female;Pickup;0;#NULL!;0;0;White;No;0;20-24;Motorist Right Turn - Same Direction;None;No;No;Wet;0;Urban;No;11JUN2012;0;17:55;Male;No;Residential;B: Evident Injury;No;O: No Injury;2141;June;0;Straight - Level;Piedmont;With Traffic;Stop And Go Signal;Monday;Intersection;21;0;Two-Way, Divided, Unprotected Median;9 or more lanes;0;#NULL!;#NULL!;Smooth Asphalt;#NULL!;Four-Way Intersection;Motorist Right Turn / Merge;Local Street;B: Evident Injury;Wake;63;Cloudy;#NULL!;6-10 mph;40 - 45  MPH;2012;Daylight;60-69
34.907036948, -76.9375020477;"{""type"": ""Point"", ""coordinates"": [-76.93750204773872, 34.90703694796498]}";White;None - Rural Crash;Travel Lane;2;17;Urban (>70% Developed);Male;Pickup;0;#NULL!;0;0;White;No;0;16-19;Bicyclist Left Turn - Same Direction;None;No;No;Dry;0;Rural;No;14JUN2012;0;17:10;Male;No;Residential;B: Evident Injury;No;O: No Injury;2136;June;0;Straight - Level;Coastal;With Traffic;Double Yellow Line, No Passing Zone;Thursday;Non-Intersection;16;0;Two-Way, Not Divided;2 lanes;0;#NULL!;#NULL!;Coarse Asphalt;#NULL!;No Special Feature;Bicyclist Left Turn / Merge;State Secondary Route;B: Evident Injury;Craven;40;Clear;#NULL!;26-30 mph;40 - 45  MPH;2012;Daylight;40-49
35.2894770121, -77.5274022465;"{""type"": ""Point"", ""coordinates"": [-77.5274022465426, 35.28947701206146]}";Black;None - Rural Crash;Travel Lane;2;13;Rural (<30% Developed);Male;Passenger Car;0;#NULL!;0;0;Black;No;0;16-19;Motorist Overtaking - Bicyclist Swerved;None;No;No;Dry;0;Rural;No;20JUN2012;0;13:55;Female;No;Residential;B: Evident Injury;Yes;O: No Injury;2142;June;0;Straight - Level;Coastal;With Traffic;No Control Present;Wednesday;Non-Intersection;16;0;Two-Way, Not Divided;2 lanes;0;#NULL!;#NULL!;Coarse Asphalt;#NULL!;No Special Feature;Motorist Overtaking Bicyclist;State Secondary Route;B: Evident Injury;Lenoir;48;Clear;#NULL!;41-45 mph;40 - 45  MPH;2012;Daylight;40-49
35.6411469825, -80.5098031649;"{""type"": ""Point"", ""coordinates"": [-80.50980316494784, 35.64114698248741]}";White;Salisbury;Travel Lane;2;11;Urban (>70% Developed);Male;Passenger Car;0;#NULL!;0;0;Hispanic;No;0;16-19;Motorist Drive Out - Sign-Controlled Intersection;None;No;No;Dry;0;Urban;No;20JUN2012;0;11:37;Male;No;Commercial;C: Possible Injury;No;O: No Injury;2140;June;0;Straight - Level;Piedmont;Facing Traffic;Stop Sign;Wednesday;Intersection;17;0;Two-Way, Not Divided;2 lanes;0;#NULL!;#NULL!;Smooth Asphalt;#NULL!;T-Intersection;Motorist Failed to Yield - Sign-Controlled Intersection;Local Street;C: Possible Injury;Rowan;22;Clear;#NULL!;Unknown;Unknown;2012;Daylight;20-24
35.2354068845, -80.8404032417;"{""type"": ""Point"", ""coordinates"": [-80.8404032416849, 35.23540688446972]}";White;Charlotte;Travel Lane;2;16;Urban (>70% Developed);Male;Unknown;0;#NULL!;0;0;Unknown/Missing;No;0;40-49;Motorist Overtaking - Other / Unknown;None;No;No;Dry;0;Urban;Yes;15JUN2012;0;16:22;Unknown;Missing;Commercial;C: Possible Injury;No;Unknown Injury;2138;June;0;Straight - Level;Piedmont;With Traffic;Stop And Go Signal;Friday;Intersection;45;0;Two-Way, Not Divided;4 lanes;0;#NULL!;#NULL!;Concrete;#NULL!;No Special Feature;Motorist Overtaking Bicyclist;Local Street;C: Possible Injury;Mecklenburg;Unknown;Clear;#NULL!;6-10 mph;40 - 45  MPH;2012;Daylight;Unknown
35.4579539401, -80.601483182;"{""type"": ""Point"", ""coordinates"": [-80.60148318204571, 35.4579539401369]}";Black;Kannapolis;Travel Lane;2;16;Urban (>70% Developed);Male;Pickup;0;No;0;30000003;White;No;1;11-15;Head-On - Bicyclist;None;No;#NULL!;Dry;0.057;Urban;No;29JUN2014;0;16:07;Male;#NULL!;Residential;C: Possible Injury;Yes;O: No Injury;320;June;0;Straight - Grade;Piedmont;Facing Traffic;No Control Present;Sunday;Non-Intersection;14;1;Two-Way, Not Divided;2 lanes;0;No;CONCORD LAKE RD;Smooth Asphalt;GROVE ST;No Special Feature;Head-On;Local Street;C: Possible Injury;Cabarrus;40;Clear;MT OLIVET RD;16-20 mph;40 - 45  MPH;2014;Daylight;40-49
35.7937670811, -78.6850076236;"{""type"": ""Point"", ""coordinates"": [-78.6850076236402, 35.79376708106544]}";White;Raleigh;Travel Lane;2;11;Urban (>70% Developed);Male;Passenger Car;1;No;0;40003007;White;No;0;25-29;Motorist Overtaking - Other / Unknown;None;No;#NULL!;Dry;0.038;Urban;No;25JUN2014;0;11:40;Male;#NULL!;Commercial;O: No Injury;No;O: No Injury;325;June;0;Straight - Level;Piedmont;With Traffic;No Control Present;Wednesday;Non-Intersection;28;1;Two-Way, Divided, Unprotected Median;2 lanes;0;No;HILLSBOROUGH ST;Smooth Asphalt;MEREDITH COLLEGE;No Special Feature;Motorist Overtaking Bicyclist;Local Street;O: No Injury;Wake;39;Clear;FAIRCLOTH ST;26-30 mph;30 - 35  MPH;2014;Daylight;30-39
34.9886769644, -76.9820580653;"{""type"": ""Point"", ""coordinates"": [-76.98205806527776, 34.98867696436586]}";Other;None - Rural Crash;Travel Lane;2;14;Rural (<30% Developed);Male;Pickup;0;No;1;20000070;White;No;0;11-15;Sign-Controlled Intersection - Other / Unknown;None;Yes;#NULL!;Dry;0;Rural;No;12JUN2014;0;14:05;Male;#NULL!;Farms, Woods, Pastures;B: Evident Injury;No;O: No Injury;328;June;0;Curve - Grade;Coastal;Not Applicable;Stop Sign;Thursday;Intersection;12;1;Two-Way, Divided, Unprotected Median;4 lanes;0;Yes-Alcohol,  impairment suspected;US 70;Coarse Asphalt;1156;Four-Way Intersection;Crossing Paths - Other Circumstances;US Route;B: Evident Injury;Craven;55;Clear;1104;56-60 mph;50 - 55  MPH;2014;Daylight;50-59
35.3251720082, -77.8607323488;"{""type"": ""Point"", ""coordinates"": [-77.86073234877225, 35.32517200817349]}";White;None - Rural Crash;Driveway / Alley;2;11;Mixed (30% To 70% Developed);Male;Passenger Car;1;No;0;40001880;White;No;0;6-10;Bicyclist Ride Out - Residential Driveway;None;No;#NULL!;Dry;0.08;Rural;No;05JUL2014;0;11:55;Female;#NULL!;Residential;O: No Injury;No;O: No Injury;341;July;0;Straight - Level;Coastal;Not Applicable;No Control Present;Saturday;Non-Intersection;7;1;Two-Way, Not Divided;2 lanes;0;No;SR 1880;Coarse Asphalt;BRYANWOOD PL;Driveway, Private;Bicyclist Failed to Yield - Midblock;State Secondary Route;O: No Injury;Wayne;70+;Clear;1855;11-15 mph;20 - 25  MPH;2014;Daylight;70+
34.6484708371, -78.5678225292;"{""type"": ""Point"", ""coordinates"": [-78.56782252921164, 34.648470837066704]}";White;None - Rural Crash;Bike Lane / Paved Shoulder;2;10;Rural (<30% Developed);Male;Pickup;0;No;0;20000701;White;No;1;40-49;Motorist Right Turn - Same Direction;None;No;#NULL!;Dry;0.1;Rural;No;03JUL2014;0;10:25;Male;#NULL!;Farms, Woods, Pastures;C: Possible Injury;No;O: No Injury;343;July;0;Straight - Level;Coastal;With Traffic;No Control Present;Thursday;Non-Intersection;46;1;Two-Way, Not Divided;2 lanes;0;No;US 701;Smooth Asphalt;1512;No Special Feature;Motorist Right Turn / Merge;US Route;C: Possible Injury;Bladen;48;Clear;1557;51-55 mph;50 - 55  MPH;2014;Daylight;40-49
36.1798771285, -79.6467389359;"{""type"": ""Point"", ""coordinates"": [-79.64673893589803, 36.179877128522214]}";Black;None - Rural Crash;Travel Lane;2;9;Rural (<30% Developed);Male;Sport Utility;0;No;0;40002778;Unknown/Missing;No;1;60-69;Motorist Drive Out - Sign-Controlled Intersection;None;No;#NULL!;Dry;0;Rural;Yes;29JUL2014;0;9:20;Unknown;#NULL!;Farms, Woods, Pastures;C: Possible Injury;No;Unknown Injury;362;July;0;Straight - Level;Piedmont;With Traffic;Stop Sign;Tuesday;Intersection;63;1;Two-Way, Not Divided;2 lanes;0;Missing;SR 2778;Smooth Asphalt;2733;Four-Way Intersection;Motorist Failed to Yield - Sign-Controlled Intersection;State Secondary Route;C: Possible Injury;Guilford;Unknown;Clear;2777;6-10 mph;40 - 45  MPH;2014;Daylight;Unknown
36.0842621165, -79.4324728659;"{""type"": ""Point"", ""coordinates"": [-79.4324728658874, 36.08426211645132]}";Black;Burlington;Travel Lane;2;14;Urban (>70% Developed);Male;Sport Utility;0;No;1;50020528;White;No;0;6-10;Bicyclist Ride Through - Sign-Controlled Intersection;None;No;#NULL!;Dry;0;Urban;No;13JUN2014;0;14:27;Female;#NULL!;Residential;B: Evident Injury;Yes;O: No Injury;366;June;0;Straight - Grade;Piedmont;Facing Traffic;Stop Sign;Friday;Intersection;9;1;Two-Way, Not Divided;Unknown;0;No;MOREHEAD ST;Smooth Asphalt;#NULL!;Four-Way Intersection;Bicyclist Failed to Yield - Sign-Controlled Intersection;Local Street;B: Evident Injury;Alamance;46;Cloudy;EVERETT ST;26-30 mph;30 - 35  MPH;2014;Daylight;40-49
35.7776170797, -78.6365926079;"{""type"": ""Point"", ""coordinates"": [-78.63659260785444, 35.77761707965422]}";White;Raleigh;Sidewalk / Crosswalk / Driveway Crossing;2;16;Urban (>70% Developed);Male;Van;0;No;0;40003670;Black;No;1;25-29;Multiple Threat - Midblock;None;No;#NULL!;Dry;0.034;Urban;No;30JUL2014;0;16:15;Female;#NULL!;Commercial;C: Possible Injury;No;O: No Injury;377;July;0;Straight - Level;Piedmont;Not Applicable;No Control Present;Wednesday;Non-Intersection;27;1;One-Way, Not Divided;3 lanes;0;No;BLOUNT ST;Smooth Asphalt;MARTIN ST;No Special Feature;Bicyclist Failed to Yield - Midblock;Local Street;C: Possible Injury;Wake;55;Clear;HARGETT ST;21-25 mph;30 - 35  MPH;2014;Daylight;50-59
35.577898891, -82.582313778;"{""type"": ""Point"", ""coordinates"": [-82.58231377798417, 35.57789889098483]}";White;Asheville;Sidewalk / Crosswalk / Driveway Crossing;2;17;Urban (>70% Developed);Male;Passenger Car;0;No;0;0;White;No;1;11-15;Signalized Intersection - Other / Unknown;None;No;#NULL!;Dry;0;Urban;No;18JUL2014;0;17:49;Female;#NULL!;Commercial;C: Possible Injury;No;O: No Injury;380;July;0;Straight - Level;Mountains;Facing Traffic;Flashing Stop And Go Signal;Friday;Intersection;12;1;Two-Way, Divided, Unprotected Median;3 lanes;0;No;19;Smooth Asphalt;240;No Special Feature;Crossing Paths - Other Circumstances;US Route;C: Possible Injury;Buncombe;57;Rain;ON RAMP TO I240 E;0-5 mph;30 - 35  MPH;2014;Daylight;50-59
35.8358950393, -80.092953051;"{""type"": ""Point"", ""coordinates"": [-80.09295305100197, 35.83589503929963]}";White;None - Rural Crash;Bike Lane / Paved Shoulder;2;22;Mixed (30% To 70% Developed);Male;Passenger Car;0;No;0;40002183;White;No;1;40-49;Motorist Overtaking - Other / Unknown;None;No;#NULL!;Dry;0.3;Rural;No;27JUL2014;0;22:05;Female;#NULL!;Residential;C: Possible Injury;Yes;O: No Injury;382;July;0;Straight - Level;Piedmont;With Traffic;Double Yellow Line, No Passing Zone;Sunday;Non-Intersection;48;1;Two-Way, Not Divided;2 lanes;0;No;SR 2183;Smooth Asphalt;2118;No Special Feature;Motorist Overtaking Bicyclist;State Secondary Route;C: Possible Injury;Davidson;31;Cloudy;2183;31-35 mph;40 - 45  MPH;2014;Dusk;30-39
35.2397068658, -81.3695173989;"{""type"": ""Point"", ""coordinates"": [-81.36951739892017, 35.239706865808124]}";White;Kings Mountain;Travel Lane;2;7;Urban (>70% Developed);Male;Light Truck (Mini-Van, Panel);0;No;1;50027834;White;No;0;20-24;Motorist Drive Out - Sign-Controlled Intersection;None;No;#NULL!;Dry;0;Urban;No;07AUG2014;0;7:50;Female;#NULL!;Residential;B: Evident Injury;Yes;O: No Injury;387;August;0;Straight - Hillcrest;Mountains;Facing Traffic;No Control Present;Thursday;Intersection;22;1;Two-Way, Divided, Positive Median Barrier;4 lanes;0;No;SHELBY RD;Smooth Asphalt;#NULL!;No Special Feature;Motorist Failed to Yield - Sign-Controlled Intersection;Local Street;B: Evident Injury;Cleveland;59;Clear;GARRISON DR;11-15 mph;30 - 35  MPH;2014;Daylight;50-59
35.1965208746, -80.879329251;"{""type"": ""Point"", ""coordinates"": [-80.87932925099358, 35.19652087462129]}";Black;Charlotte;Sidewalk / Crosswalk / Driveway Crossing;2;17;Urban (>70% Developed);Male;Pickup;0;No;0;50006151;White;No;1;50-59;Motorist Drive Out - Commercial Driveway / Alley;None;No;#NULL!;Dry;0.121;Urban;No;31JUL2014;0;17:44;Male;#NULL!;Commercial;C: Possible Injury;Yes;O: No Injury;390;July;0;Straight - Level;Piedmont;Facing Traffic;No Control Present;Thursday;Non-Intersection;56;1;Two-Way, Not Divided;2 lanes;0;No;CLANTON RD;Concrete;SY VARDELL LN;Driveway, Public;Motorist Failed to Yield - Midblock;Local Street;C: Possible Injury;Mecklenburg;55;Cloudy;S TRYON ST;Unknown;Unknown;2014;Daylight;50-59
36.324252279, -76.2220858984;"{""type"": ""Point"", ""coordinates"": [-76.22208589841675, 36.32425227896353]}";Black;Elizabeth City;Bike Lane / Paved Shoulder;2;18;Mixed (30% To 70% Developed);Male;Sport Utility;0;No;1;20000017;White;No;0;50-59;Motorist Overtaking - Bicyclist Swerved;None;No;#NULL!;Dry;0;Urban;No;07AUG2014;0;18:32;Male;#NULL!;Commercial;B: Evident Injury;Yes;O: No Injury;391;August;0;Straight - Level;Coastal;With Traffic;Stop And Go Signal;Thursday;Intersection-Related;59;1;Two-Way, Divided, Unprotected Median;5 lanes;0;No;N ROAD ST;Smooth Asphalt;VILLA DR;No Special Feature;Motorist Overtaking Bicyclist;Local Street;B: Evident Injury;Pasquotank;40;Clear;RUSSELL LN;36-40 mph;40 - 45  MPH;2014;Daylight;40-49
36.1745450993, -80.39339316;"{""type"": ""Point"", ""coordinates"": [-80.39339316001733, 36.17454509930044]}";White;None - Rural Crash;Travel Lane;2;19;Rural (<30% Developed);Female;Pickup;0;No;1;40001455;White;No;0;50-59;Motorist Overtaking - Misjudged Space;None;No;#NULL!;Dry;0.038;Rural;No;29JUL2014;0;19:10;Male;#NULL!;Farms, Woods, Pastures;B: Evident Injury;Yes;O: No Injury;401;July;0;Straight - Grade;Piedmont;With Traffic;Double Yellow Line, No Passing Zone;Tuesday;Non-Intersection;50;1;Two-Way, Not Divided;2 lanes;0;No;SR 1455;Coarse Asphalt;2392;No Special Feature;Motorist Overtaking Bicyclist;State Secondary Route;B: Evident Injury;Forsyth;23;Clear;1454;41-45 mph;40 - 45  MPH;2014;Daylight;20-24
35.3265639682, -79.0484427089;"{""type"": ""Point"", ""coordinates"": [-79.0484427088521, 35.326563968179265]}";White;None - Rural Crash;Travel Lane;2;18;Rural (<30% Developed);Male;Motorcycle;1;No;0;40001115;White;No;0;11-15;Motorist Overtaking - Other / Unknown;None;No;#NULL!;Dry;0.5;Rural;No;29JUL2014;0;18:44;Male;#NULL!;Farms, Woods, Pastures;C: Possible Injury;No;C: Possible Injury;402;July;0;Straight - Hillcrest;Coastal;With Traffic;Double Yellow Line, No Passing Zone;Tuesday;Non-Intersection;15;1;Two-Way, Not Divided;2 lanes;0;No;SR 1115;Coarse Asphalt;87;No Special Feature;Motorist Overtaking Bicyclist;State Secondary Route;O: No Injury;Harnett;60;Clear;27;41-45 mph;40 - 45  MPH;2014;Daylight;60-69
35.2304798585, -81.5177634432;"{""type"": ""Point"", ""coordinates"": [-81.51776344319076, 35.23047985850183]}";Black;Patterson Springs;Travel Lane;2;22;Mixed (30% To 70% Developed);Male;Pickup;0;No;0;30000180;White;No;1;11-15;Motorist Overtaking - Undetected Bicyclist;None;No;#NULL!;Wet;0.15;Rural;No;27JUL2014;0;22:36;Male;#NULL!;Residential;C: Possible Injury;Yes;O: No Injury;405;July;0;Straight - Level;Mountains;With Traffic;Double Yellow Line, No Passing Zone;Sunday;Non-Intersection;13;1;Two-Way, Not Divided;2 lanes;0;No;NC 180;Smooth Asphalt;1282;No Special Feature;Motorist Overtaking Bicyclist;NC Route;C: Possible Injury;Cleveland;61;Cloudy;226;31-35 mph;40 - 45  MPH;2014;Dark - Roadway Not Lighted;60-69