Geo Point;Geo Shape;BikeRace;City;BikePos;NumUnits;CrashHour;Locality;BikeSex;DrvrVehTyp;NumBikesNo;BikeAlcDrg;NumBikesBI;RteInvdCd;DrvrRace;Workzone;NumBikesCi;BikeAgeGrp;CrashType;RdDefects;CrashAlcoh;BikeAlcoho;RdConditio;DstncMiFrm;RuralUrban;HitRun;CrashDate;NumBikesUI;CrashTime;DrvrSex;DrvrAlcoho;Developmen;CrashSevr;AmbulanceR;DrvrInjury;OBJECTID;CrashMonth;NumBikesKi;RdCharacte;Region;BikeDir;TraffCntrl;CrashDay;CrashLoc;BikeAge;NumBikesTo;RdConfig;NumLanes;NumBikesAI;DrvrAlcDrg;OnRoad;RdSurface;Towrd_Rd;RdFeature;CrashGrp;RdClass;BikeInjury;County;DrvrAge;Weather;FrmRd;DrvrEstSpd;SpeedLimit;CrashYear;LightCond;DrvrAgeGrp
35.7433200859, -78.2260384813;"{""type"": ""Point"", ""coordinates"": [-78.22603848126417, 35.743320085918576]}";Hispanic;None - Rural Crash;Travel Lane;2;20;Rural (<30% Developed);Male;Passenger Car;0;No;0;40002105;White;No;1;11-15;Play Vehicle-Related;None;No;#NULL!;Dry;0.1;Rural;No;29JUL2014;0;20:01;Female;#NULL!;Farms, Woods, Pastures;C: Possible Injury;No;O: No Injury;415;July;0;Straight - Level;Coastal;With Traffic;No Control Present;Tuesday;Non-Intersection;11;1;Two-Way, Not Divided;2 lanes;0;No;SR 2105;Coarse Asphalt;2168;No Special Feature;Other / Unusual Circumstances;State Secondary Route;C: Possible Injury;Johnston;57;Clear;2104;26-30 mph;40 - 45  MPH;2014;Dusk;50-59
36.0850971158, -79.4407528677;"{""type"": ""Point"", ""coordinates"": [-79.44075286771611, 36.08509711578859]}";Hispanic;Burlington;Travel Lane;2;12;Urban (>70% Developed);Male;Passenger Car;0;No;1;40001363;White;No;0;11-15;Bicyclist Ride Through - Signalized Intersection;None;No;#NULL!;Dry;0.001;Urban;No;14AUG2014;0;12:15;Female;#NULL!;Commercial;B: Evident Injury;Yes;O: No Injury;416;August;0;Straight - Grade;Piedmont;With Traffic;Stop And Go Signal;Thursday;Intersection-Related;14;1;Two-Way, Not Divided;5 lanes;0;No;S MEBANE ST;Smooth Asphalt;SUMMIT AVE;Four-Way Intersection;Bicyclist Failed to Yield - Signalized Intersection;Local Street;B: Evident Injury;Alamance;67;Clear;E SIXTH ST;31-35 mph;30 - 35  MPH;2014;Daylight;60-69
35.1996839594, -78.5107065401;"{""type"": ""Point"", ""coordinates"": [-78.51070654010117, 35.19968395941511]}";White;None - Rural Crash;Travel Lane;2;5;Rural (<30% Developed);Male;Passenger Car;0;No;1;40001476;Black;No;0;50-59;Motorist Overtaking - Other / Unknown;None;No;#NULL!;Dry;0.6;Rural;No;16JUL2014;0;5:59;Female;#NULL!;Farms, Woods, Pastures;B: Evident Injury;Yes;O: No Injury;418;July;0;Straight - Level;Coastal;With Traffic;No Control Present;Wednesday;Non-Intersection;55;1;Two-Way, Not Divided;2 lanes;0;No;SR 1476;Coarse Asphalt;1607;No Special Feature;Motorist Overtaking Bicyclist;State Secondary Route;B: Evident Injury;Sampson;64;Cloudy;13;31-35 mph;50 - 55  MPH;2014;Dawn;60-69
34.2171427676, -77.7891722732;"{""type"": ""Point"", ""coordinates"": [-77.7891722732397, 34.21714276756189]}";White;Wrightsville Beach;Travel Lane;2;16;Urban (>70% Developed);Male;Unknown;0;No;1;20000074;White;No;0;20-24;Motorist Overtaking - Other / Unknown;None;Yes;#NULL!;Dry;0.006;Rural;Yes;04JUL2014;0;16:48;Male;#NULL!;Residential;B: Evident Injury;No;O: No Injury;419;July;0;Straight - Level;Coastal;With Traffic;No Control Present;Friday;Intersection-Related;23;1;Two-Way, Not Divided;2 lanes;0;Yes-Alcohol,  impairment suspected;N LUMINA AVE;Coarse Asphalt;SANDPIPER ST;No Special Feature;Motorist Overtaking Bicyclist;Local Street;B: Evident Injury;.;25;Clear;LAGOON DR;16-20 mph;20 - 25  MPH;2014;Daylight;25-29
35.7354419708, -81.367793426;"{""type"": ""Point"", ""coordinates"": [-81.36779342603924, 35.73544197084441]}";White;Hickory;Sidewalk / Crosswalk / Driveway Crossing;2;15;Urban (>70% Developed);Male;Pickup;0;No;0;50027472;White;No;1;11-15;Bicyclist Ride Out - Signalized  Intersection;None;No;#NULL!;Dry;0;Urban;Yes;02JUL2014;0;15:13;Male;#NULL!;Residential;C: Possible Injury;No;O: No Injury;429;July;0;Straight - Grade;Piedmont;Facing Traffic;Stop And Go Signal;Wednesday;Intersection;14;1;Two-Way, Not Divided;2 lanes;0;No;2ND AVE;Coarse Asphalt;1ST AVE;Related To Intersection;Bicyclist Failed to Yield - Signalized Intersection;Local Street;C: Possible Injury;Catawba;30;Clear;17TH ST;21-25 mph;30 - 35  MPH;2014;Daylight;30-39
35.5466910843, -77.0333421086;"{""type"": ""Point"", ""coordinates"": [-77.0333421086308, 35.546691084270996]}";White;Washington;Travel Lane;2;5;Urban (>70% Developed);Male;Passenger Car;0;No;1;20000264;White;No;0;30-39;Bicyclist Ride Out - Sign-Controlled Intersection;None;No;#NULL!;Dry;0;Urban;No;30JUL2014;0;5:14;Male;#NULL!;Commercial;B: Evident Injury;Yes;O: No Injury;431;July;0;Straight - Level;Coastal;Facing Traffic;No Control Present;Wednesday;Intersection;34;1;Two-Way, Not Divided;5 lanes;0;No;JOHN SMALL AVE;Coarse Asphalt;HUDNELL ST;Four-Way Intersection;Bicyclist Failed to Yield - Sign-Controlled Intersection;Local Street;B: Evident Injury;Beaufort;56;Clear;HODGES AVE;21-25 mph;30 - 35  MPH;2014;Dark - Lighted Roadway;50-59
35.9837030731, -80.0198430374;"{""type"": ""Point"", ""coordinates"": [-80.019843037377, 35.98370307305898]}";Black;High Point;Non-Roadway;2;21;Urban (>70% Developed);Male;Passenger Car;0;No;0;50005883;White;No;1;11-15;Non-Roadway;None;No;#NULL!;Dry;0;Urban;No;20JUL2014;0;21:42;Female;#NULL!;Commercial;C: Possible Injury;Yes;O: No Injury;434;July;0;Straight - Level;Piedmont;Not Applicable;Stop Sign;Sunday;Non-Roadway;14;1;Two-Way, Not Divided;Unknown;0;No;EASTCHESTER DR;Coarse Asphalt;#NULL!;Driveway, Public;Non-Roadway;Public Vehicular Area;C: Possible Injury;Guilford;17;Clear;265 EASTCHESTER DR;6-10 mph;Unknown;2014;Daylight;0-19
35.2349868709, -81.2002833492;"{""type"": ""Point"", ""coordinates"": [-81.20028334915148, 35.234986870904116]}";White;None - Rural Crash;Travel Lane;2;9;Mixed (30% To 70% Developed);Male;Sport Utility;0;No;0;40001513;White;No;1;50-59;Head-On - Motorist;None;No;#NULL!;Dry;0.006;Rural;No;16AUG2014;0;9:47;Male;#NULL!;Farms, Woods, Pastures;C: Possible Injury;Yes;O: No Injury;440;August;0;Straight - Level;Mountains;With Traffic;Double Yellow Line, No Passing Zone;Saturday;Intersection-Related;52;1;Two-Way, Not Divided;2 lanes;0;No;SR 1513;Smooth Asphalt;1654;T-Intersection;Head-On;State Secondary Route;C: Possible Injury;Haywood;17;Clear;1519;21-25 mph;40 - 45  MPH;2014;Daylight;0-19
35.7712470731, -78.7816626511;"{""type"": ""Point"", ""coordinates"": [-78.7816626511341, 35.77124707313268]}";White;Cary;Travel Lane;2;8;Urban (>70% Developed);Female;Sport Utility;0;No;0;40001300;White;No;0;Unknown;Bicyclist Ride Through - Signalized Intersection;None;No;#NULL!;Dry;0;Urban;No;11JUL2014;1;8:55;Female;#NULL!;Commercial;O: No Injury;No;O: No Injury;449;July;0;Straight - Level;Piedmont;Facing Traffic;Stop And Go Signal;Friday;Intersection;Unknown;1;Two-Way, Not Divided;6 lanes;0;No;KILDAIRE FARM RD;Smooth Asphalt;MEDCON CT;Four-Way Intersection;Bicyclist Failed to Yield - Signalized Intersection;State Secondary Route;Unknown Injury;Wake;32;Clear;MAYNARD RD;6-10 mph;30 - 35  MPH;2014;Daylight;30-39
35.5778369554, -80.8864532742;"{""type"": ""Point"", ""coordinates"": [-80.88645327416087, 35.577836955415975]}";White;Mooresville;Sidewalk / Crosswalk / Driveway Crossing;2;11;Mixed (30% To 70% Developed);Female;Sport Utility;0;No;1;40001100;White;No;0;30-39;Motorist Drive Out - Sign-Controlled Intersection;None;No;#NULL!;Dry;0;Urban;No;16AUG2014;0;11:09;Female;#NULL!;Commercial;B: Evident Injury;Yes;O: No Injury;452;August;0;Straight - Hillcrest;Piedmont;Facing Traffic;Stop Sign;Saturday;Intersection;34;1;Two-Way, Not Divided;2 lanes;0;No;PROMENADE DR;Smooth Asphalt;OAK TREE RD;T-Intersection;Motorist Failed to Yield - Sign-Controlled Intersection;Local Street;B: Evident Injury;Iredell;17;Clear;BRAWLEY SCHOOL RD;0-5 mph;30 - 35  MPH;2014;Daylight;0-19
35.7021021016, -77.516302263;"{""type"": ""Point"", ""coordinates"": [-77.51630226303566, 35.70210210155227]}";Other;None - Rural Crash;Travel Lane;2;18;Mixed (30% To 70% Developed);Female;Passenger Car;0;No;0;30000043;White;No;1;25-29;Motorist Overtaking - Other / Unknown;None;No;#NULL!;Dry;0.3;Rural;No;13AUG2014;0;18:16;Female;#NULL!;Farms, Woods, Pastures;C: Possible Injury;Yes;O: No Injury;454;August;0;Straight - Level;Coastal;With Traffic;No Control Present;Wednesday;Non-Intersection;26;1;Two-Way, Not Divided;2 lanes;0;No;NC 43;Coarse Asphalt;1437;No Special Feature;Motorist Overtaking Bicyclist;NC Route;C: Possible Injury;Pitt;63;Clear;222;31-35 mph;50 - 55  MPH;2014;Daylight;60-69
35.7104910294, -79.6291129045;"{""type"": ""Point"", ""coordinates"": [-79.62911290448028, 35.71049102935662]}";White;None - Rural Crash;Travel Lane;2;10;Rural (<30% Developed);Male;Pickup;0;No;1;30000022;Native American;No;0;40-49;Motorist Overtaking - Other / Unknown;None;No;#NULL!;Dry;2.6;Rural;No;26AUG2014;0;10:37;Male;#NULL!;Farms, Woods, Pastures;B: Evident Injury;No;O: No Injury;455;August;0;Straight - Level;Piedmont;With Traffic;Double Yellow Line, No Passing Zone;Tuesday;Non-Intersection;42;1;Two-Way, Not Divided;2 lanes;0;No;NC 22;Smooth Asphalt;2642;No Special Feature;Motorist Overtaking Bicyclist;NC Route;B: Evident Injury;Randolph;28;Clear;2628;51-55 mph;50 - 55  MPH;2014;Daylight;25-29
35.9439421444, -77.8015923632;"{""type"": ""Point"", ""coordinates"": [-77.80159236318914, 35.943942144430856]}";White;Rocky Mount;Sidewalk / Crosswalk / Driveway Crossing;2;15;Urban (>70% Developed);Male;Sport Utility;0;No;1;29000064;Black;No;0;50-59;Motorist Drive Out - Signalized Intersection;None;No;#NULL!;Dry;0;Urban;No;29AUG2014;0;15:23;Female;#NULL!;Commercial;B: Evident Injury;Yes;O: No Injury;459;August;0;Straight - Level;Coastal;Facing Traffic;Stop And Go Signal;Friday;Intersection;54;1;One-Way, Not Divided;3 lanes;0;No;SUNSET AVE;Smooth Asphalt;S PERAL ST;No Special Feature;Motorist Failed to Yield - Signalized Intersection;Local Street;B: Evident Injury;Nash;36;Clear;N GRACE ST;0-5 mph;30 - 35  MPH;2014;Daylight;30-39
34.2364987664, -77.948772323;"{""type"": ""Point"", ""coordinates"": [-77.94877232302842, 34.23649876635621]}";Black;Wilmington;Sidewalk / Crosswalk / Driveway Crossing;2;7;Urban (>70% Developed);Male;Passenger Car;0;No;0;50011260;White;No;1;20-24;Sign-Controlled Intersection - Other / Unknown;None;No;#NULL!;Dry;0;Urban;No;19AUG2014;0;7:45;Male;#NULL!;Commercial;C: Possible Injury;No;O: No Injury;466;August;0;Straight - Level;Coastal;Facing Traffic;Stop Sign;Tuesday;Intersection;21;1;Two-Way, Not Divided;2 lanes;0;No;N FRONT ST;Coarse Asphalt;MARKET ST;Four-Way Intersection;Crossing Paths - Other Circumstances;Local Street;C: Possible Injury;New Hanover;70+;Clear;PRINCESS ST;0-5 mph;20 - 25  MPH;2014;Daylight;70+
35.2487668741, -81.1979133486;"{""type"": ""Point"", ""coordinates"": [-81.19791334862771, 35.248766874128066]}";Black;Gastonia;Travel Lane;2;18;Urban (>70% Developed);Male;Passenger Car;0;No;0;0;Black;No;1;11-15;Bicyclist Ride Through - Sign-Controlled Intersection;None;No;#NULL!;Dry;0;Urban;No;11JUL2014;0;18:08;Female;#NULL!;Residential;C: Possible Injury;Yes;O: No Injury;469;July;0;Straight - Level;Piedmont;With Traffic;Stop Sign;Friday;Intersection;12;1;Two-Way, Not Divided;2 lanes;0;No;HILLCREST AVE;Coarse Asphalt;MILLER ST;Four-Way Intersection;Bicyclist Failed to Yield - Sign-Controlled Intersection;Local Street;C: Possible Injury;Gaston;25;Clear;SPRINGDALE LN;31-35 mph;30 - 35  MPH;2014;Daylight;25-29
35.5870470821, -77.3722862137;"{""type"": ""Point"", ""coordinates"": [-77.37228621373308, 35.58704708205853]}";Black;Greenville;Sidewalk / Crosswalk / Driveway Crossing;2;16;Urban (>70% Developed);Male;Passenger Car;0;No;0;0;Black;No;1;50-59;Motorist Drive Out - Sign-Controlled Intersection;None;No;#NULL!;Dry;0.001;Urban;No;03SEP2014;0;16:33;Female;#NULL!;Commercial;C: Possible Injury;Yes;O: No Injury;473;September;0;Straight - Level;Coastal;Facing Traffic;Stop Sign;Wednesday;Intersection;51;1;Two-Way, Not Divided;Unknown;0;No;PVA 703 SE GREENVILLE BLVD;Coarse Asphalt;#NULL!;No Special Feature;Motorist Failed to Yield - Sign-Controlled Intersection;Public Vehicular Area;C: Possible Injury;Pitt;67;Clear;E ARLINGTON BLVD;0-5 mph;30 - 35  MPH;2014;Daylight;60-69
36.2160770589, -81.6731035458;"{""type"": ""Point"", ""coordinates"": [-81.67310354579686, 36.21607705894216]}";White;Boone;Bike Lane / Paved Shoulder;2;6;Urban (>70% Developed);Male;Passenger Car;0;No;1;20000421;White;No;0;20-24;Motorist Drive Out - Other Midblock;None;No;#NULL!;Dry;0.025;Urban;No;03SEP2014;0;6:15;Male;#NULL!;Commercial;B: Evident Injury;Yes;O: No Injury;478;September;0;Straight - Grade;Mountains;Facing Traffic;No Control Present;Wednesday;Non-Intersection;22;1;Two-Way, Divided, Unprotected Median;4 lanes;0;No;E KING ST;Coarse Asphalt;HILLSIDE DR;No Special Feature;Motorist Failed to Yield - Midblock;Local Street;B: Evident Injury;Watauga;25;Cloudy;OAK ST;6-10 mph;30 - 35  MPH;2014;Daylight;25-29
35.747420973, -81.3640134258;"{""type"": ""Point"", ""coordinates"": [-81.36401342584522, 35.74742097300345]}";White;Hickory;Travel Lane;2;6;Urban (>70% Developed);Male;Passenger Car;1;No;0;40001314;White;No;0;40-49;Motorist Drive Out - Sign-Controlled Intersection;None;No;#NULL!;Wet;0;Urban;No;22JUL2014;0;6:03;Male;#NULL!;Commercial;O: No Injury;No;O: No Injury;488;July;0;Straight - Grade;Piedmont;With Traffic;Yield Sign;Tuesday;Intersection;44;1;Two-Way, Not Divided;6 lanes;0;No;OLD LENOIR RD;Coarse Asphalt;13TH AVE;T-Intersection;Motorist Failed to Yield - Sign-Controlled Intersection;Local Street;O: No Injury;Catawba;66;Cloudy;12TH AVE;6-10 mph;30 - 35  MPH;2014;Dark - Lighted Roadway;60-69
35.7850670802, -78.6599526158;"{""type"": ""Point"", ""coordinates"": [-78.65995261577325, 35.78506708019019]}";White;Raleigh;Bike Lane / Paved Shoulder;2;19;Urban (>70% Developed);Male;Passenger Car;0;No;0;50014055;White;No;1;25-29;Motorist Left Turn - Opposite Direction;None;No;#NULL!;Wet;0.038;Urban;No;18AUG2014;0;19:46;Female;#NULL!;Commercial;C: Possible Injury;Yes;O: No Injury;489;August;0;Straight - Level;Piedmont;With Traffic;No Control Present;Monday;Non-Intersection;29;1;Two-Way, Not Divided;2 lanes;0;No;HILLLSBOURGH ST;Smooth Asphalt;PARK AVE;No Special Feature;Motorist Left Turn / Merge;Local Street;C: Possible Injury;Wake;23;Rain;COX AVE;0-5 mph;30 - 35  MPH;2014;Daylight;20-24
36.0063271176, -78.9299227088;"{""type"": ""Point"", ""coordinates"": [-78.92992270876698, 36.00632711758858]}";White;Durham;Bike Lane / Paved Shoulder;2;20;Urban (>70% Developed);Male;Sport Utility;0;No;0;50000687;White;No;1;20-24;Motorist Drive Out - Commercial Driveway / Alley;None;No;#NULL!;Wet;0.023;Urban;No;08SEP2014;0;20:10;Female;#NULL!;Commercial;C: Possible Injury;Yes;O: No Injury;494;September;0;Straight - Level;Piedmont;With Traffic;Stop Sign;Monday;Non-Intersection;20;1;Two-Way, Not Divided;3 lanes;0;No;ANDERSON ST;Smooth Asphalt;YEARBY AVE;T-Intersection;Motorist Failed to Yield - Midblock;Local Street;C: Possible Injury;Durham;23;Rain;ERWIN RD;0-5 mph;5 - 15 MPH;2014;Dark - Lighted Roadway;20-24
36.0649470911, -80.0076780375;"{""type"": ""Point"", ""coordinates"": [-80.00767803747735, 36.06494709111203]}";White;High Point;Travel Lane;2;11;Urban (>70% Developed);Female;Passenger Car;0;No;0;40001850;White;No;1;30-39;Motorist Right Turn - Same Direction;None;No;#NULL!;Dry;0;Urban;No;08AUG2014;0;11:01;Female;#NULL!;Farms, Woods, Pastures;C: Possible Injury;No;O: No Injury;495;August;0;Straight - Level;Piedmont;With Traffic;Stop Sign;Friday;Intersection;34;1;Two-Way, Not Divided;2 lanes;0;No;SANDY RIDGE RD;Smooth Asphalt;ROSEMONT DR;T-Intersection;Motorist Right Turn / Merge;Local Street;C: Possible Injury;Guilford;70+;Cloudy;KENDALE RD;36-40 mph;40 - 45  MPH;2014;Daylight;70+
35.4723168711, -82.5267437549;"{""type"": ""Point"", ""coordinates"": [-82.5267437549358, 35.47231687105649]}";White;None - Rural Crash;Travel Lane;2;21;Mixed (30% To 70% Developed);Male;Pickup;0;No;1;40003550;Unknown/Missing;No;0;11-15;Bicyclist Left Turn - Same Direction;None;No;#NULL!;Snow;0.11;Rural;Yes;12FEB2014;0;21:25;Unknown;#NULL!;Commercial;B: Evident Injury;Yes;Unknown Injury;25;February;0;Straight - Level;Mountains;With Traffic;Double Yellow Line, No Passing Zone;Wednesday;Non-Intersection;15;1;Two-Way, Not Divided;2 lanes;0;Unknown;SR 3550;Coarse Asphalt;25;No Special Feature;Bicyclist Left Turn / Merge;State Secondary Route;B: Evident Injury;Buncombe;Unknown;Snow, Sleet, Hail, Freezing Rain/Drizzle;1404;11-15 mph;30 - 35  MPH;2014;Dark - Roadway Not Lighted;Unknown
34.6336868179, -79.0240576658;"{""type"": ""Point"", ""coordinates"": [-79.02405766577652, 34.63368681793193]}";Native American;Lumberton;Travel Lane;2;19;Urban (>70% Developed);Male;Sport Utility;0;Yes-Alcohol,  impairment suspected;0;40001536;Black;No;1;60-69;Motorist Overtaking - Undetected Bicyclist;None;Yes;#NULL!;Dry;0;Urban;No;03JAN2014;0;19:33;Female;#NULL!;Commercial;C: Possible Injury;No;O: No Injury;17;January;0;Straight - Grade;Coastal;With Traffic;No Control Present;Friday;Intersection;60;1;Two-Way, Divided, Unprotected Median;2 lanes;0;No;CARTHAGE RD;Coarse Asphalt;ALBION ST;No Special Feature;Motorist Overtaking Bicyclist;Local Street;C: Possible Injury;Robeson;45;Clear;95;31-35 mph;30 - 35  MPH;2014;Dark - Lighted Roadway;40-49
35.7735770682, -78.9238826951;"{""type"": ""Point"", ""coordinates"": [-78.92388269508066, 35.77357706816988]}";White;None - Rural Crash;Sidewalk / Crosswalk / Driveway Crossing;2;15;Rural (<30% Developed);Male;Passenger Car;1;No;0;40001605;White;No;0;16-19;Bicyclist Ride Out - Other Midblock;None;No;#NULL!;Dry;1.25;Rural;No;02FEB2014;0;15:01;Male;#NULL!;Farms, Woods, Pastures;O: No Injury;No;O: No Injury;19;February;0;Straight - Level;Piedmont;Not Applicable;Double Yellow Line, No Passing Zone;Sunday;Non-Intersection;18;1;Two-Way, Not Divided;2 lanes;0;No;SR 1605;Coarse Asphalt;1603;Shared-Use Paths Or Trails;Bicyclist Failed to Yield - Midblock;State Secondary Route;O: No Injury;Wake;18;Clear;1600;46-50 mph;40 - 45  MPH;2014;Daylight;0-19
36.0075941169, -78.9461427145;"{""type"": ""Point"", ""coordinates"": [-78.94614271450867, 36.00759411688317]}";White;Durham;Sidewalk / Crosswalk / Driveway Crossing;2;19;Urban (>70% Developed);Male;Passenger Car;0;No;1;40001320;Unknown/Missing;No;0;25-29;Motorist Left Turn - Opposite Direction;None;No;#NULL!;Dry;0;Urban;Yes;31JAN2014;0;19:53;Unknown;#NULL!;Commercial;B: Evident Injury;Yes;Unknown Injury;18;January;0;Straight - Level;Piedmont;With Traffic;Stop And Go Signal;Friday;Intersection;29;1;Two-Way, Not Divided;4 lanes;0;Missing;ERWIN RD;Coarse Asphalt;#NULL!;Four-Way Intersection;Motorist Left Turn / Merge;Local Street;B: Evident Injury;Durham;Unknown;Clear;S LASALLE ST;16-20 mph;40 - 45  MPH;2014;Dark - Lighted Roadway;Unknown
35.7985670839, -78.6244926051;"{""type"": ""Point"", ""coordinates"": [-78.62449260511234, 35.79856708388505]}";White;Raleigh;Travel Lane;2;1;Urban (>70% Developed);Male;Unknown;0;No;1;50003935;Unknown/Missing;No;0;30-39;Crossing Paths - Uncontrolled Intersection;None;No;#NULL!;Wet;0.007;Urban;Yes;15FEB2014;0;1:18;Unknown;#NULL!;Residential;B: Evident Injury;Yes;Unknown Injury;27;February;0;Straight - Level;Piedmont;Not Applicable;No Control Present;Saturday;Intersection-Related;31;1;Two-Way, Not Divided;2 lanes;0;Missing;BROOKSIDE DR;Smooth Asphalt;AUTOMOTIVE WAY;No Special Feature;Crossing Paths - Other Circumstances;Local Street;B: Evident Injury;Wake;Unknown;Clear;VALE ST;21-25 mph;30 - 35  MPH;2014;Dark - Lighted Roadway;Unknown
36.0727041015, -79.7704829666;"{""type"": ""Point"", ""coordinates"": [-79.77048296655725, 36.07270410153796]}";Black;Greensboro;Travel Lane;2;18;Urban (>70% Developed);Male;Passenger Car;0;No;0;50018945;Black;No;1;20-24;Bicyclist Lost Control - Mechanical Problems;None;No;#NULL!;Dry;0;Urban;No;14JAN2014;0;18:27;Female;#NULL!;Institutional;C: Possible Injury;Yes;O: No Injury;6;January;0;Straight - Grade;Piedmont;With Traffic;Stop And Go Signal;Tuesday;Intersection;21;1;Two-Way, Divided, Unprotected Median;Unknown;0;No;E MARKET ST;Smooth Asphalt;S BOOKER ST;Four-Way Intersection;Loss of Control / Turning Error;Local Street;C: Possible Injury;Guilford;50;Cloudy;S BENBOW ST;31-35 mph;30 - 35  MPH;2014;Dark - Lighted Roadway;50-59
36.0530011138, -79.3195228295;"{""type"": ""Point"", ""coordinates"": [-79.31952282946396, 36.053001113765916]}";White;None - Rural Crash;Travel Lane;2;22;Rural (<30% Developed);Male;Passenger Car;0;No;0;30000119;White;No;1;40-49;Motorist Overtaking - Other / Unknown;None;No;#NULL!;Dry;0.1;Rural;No;24FEB2014;0;22:40;Male;#NULL!;Farms, Woods, Pastures;C: Possible Injury;Yes;O: No Injury;37;February;0;Curve - Level;Piedmont;With Traffic;Double Yellow Line, No Passing Zone;Monday;Non-Intersection;49;1;Two-Way, Not Divided;2 lanes;0;No;NC 119;Smooth Asphalt;2135;No Special Feature;Motorist Overtaking Bicyclist;NC Route;C: Possible Injury;Alamance;27;Clear;2125;41-45 mph;40 - 45  MPH;2014;Dark - Roadway Not Lighted;25-29
35.7677870749, -78.6957266255;"{""type"": ""Point"", ""coordinates"": [-78.6957266255269, 35.767787074947655]}";White;Raleigh;Bike Lane / Paved Shoulder;2;8;Mixed (30% To 70% Developed);Female;Passenger Car;0;No;0;40001321;White;No;0;25-29;Motorist Right Turn - Same Direction;None;No;#NULL!;Dry;0.085;Urban;No;08JAN2014;1;8:01;Female;#NULL!;Commercial;O: No Injury;No;O: No Injury;14;January;0;Straight - Level;Piedmont;With Traffic;No Control Present;Wednesday;Non-Intersection;27;1;Two-Way, Not Divided;2 lanes;0;No;AVENT FERRY RD;Smooth Asphalt;GORMAN ST;No Special Feature;Motorist Right Turn / Merge;Local Street;Unknown Injury;Wake;53;Clear;MERRIE RD;11-15 mph;30 - 35  MPH;2014;Daylight;50-59
35.7553070755, -78.6123725999;"{""type"": ""Point"", ""coordinates"": [-78.61237259985369, 35.7553070755406]}";Black;Raleigh;Travel Lane;2;13;Urban (>70% Developed);Male;Sport Utility;0;No;1;40002542;White;No;0;16-19;Bicyclist Ride Out - Other Midblock;None;No;#NULL!;Dry;0;Urban;No;11FEB2014;0;13:29;Female;#NULL!;Commercial;B: Evident Injury;Yes;O: No Injury;22;February;0;Straight - Level;Piedmont;Not Applicable;No Control Present;Tuesday;Non-Intersection;17;1;Two-Way, Not Divided;5 lanes;0;No;ROCK QUARRY RD;Smooth Asphalt;40;No Special Feature;Bicyclist Failed to Yield - Midblock;Local Street;B: Evident Injury;Wake;34;Cloudy;CROSS LINK RD;21-25 mph;40 - 45  MPH;2014;Daylight;30-39
35.5726690779, -77.396792221;"{""type"": ""Point"", ""coordinates"": [-77.39679222102286, 35.572669077920864]}";Black;Greenville;Travel Lane;2;9;Rural (<30% Developed);Male;Sport Utility;0;No;0;21000264;White;No;1;25-29;Head-On - Bicyclist;None;No;#NULL!;Dry;0.005;Urban;No;25JAN2014;0;9:59;Female;#NULL!;Commercial;C: Possible Injury;Yes;O: No Injury;15;January;0;Straight - Level;Coastal;Facing Traffic;No Control Present;Saturday;Intersection-Related;26;1;Two-Way, Divided, Unprotected Median;5 lanes;0;No;264;Smooth Asphalt;BISMARCK ST;No Special Feature;Head-On;US Route;C: Possible Injury;Pitt;70+;Clear;BELVEDERE DR;6-10 mph;40 - 45  MPH;2014;Daylight;70+
35.7819570786, -78.6786826216;"{""type"": ""Point"", ""coordinates"": [-78.67868262159759, 35.781957078631315]}";White;Raleigh;Sidewalk / Crosswalk / Driveway Crossing;2;1;Urban (>70% Developed);Male;Sport Utility;1;Yes-Alcohol,  impairment suspected;0;40001012;Black;No;0;30-39;Motorist Drive Out - Commercial Driveway / Alley;None;Yes;#NULL!;Dry;0.011;Urban;No;11MAR2014;0;1:59;Male;#NULL!;Commercial;O: No Injury;No;O: No Injury;80;March;0;Straight - Level;Piedmont;Facing Traffic;No Control Present;Tuesday;Non-Intersection;34;1;Two-Way, Divided, Unprotected Median;2 lanes;0;No;WESTERN BLVD;Smooth Asphalt;AVENT FERRY RD;No Special Feature;Motorist Failed to Yield - Midblock;Local Street;O: No Injury;Wake;49;Clear;DAN ALLEN DR;0-5 mph;40 - 45  MPH;2014;Dark - Lighted Roadway;40-49
35.1863128776, -80.7368632077;"{""type"": ""Point"", ""coordinates"": [-80.73686320772234, 35.18631287763396]}";White;Charlotte;Sidewalk / Crosswalk / Driveway Crossing;2;16;Urban (>70% Developed);Male;Passenger Car;0;No;0;0;White;No;1;40-49;Motorist Drive Out - Sign-Controlled Intersection;None;No;#NULL!;Dry;0.002;Urban;No;09MAR2014;0;16:37;Female;#NULL!;Residential;C: Possible Injury;No;O: No Injury;68;March;0;Straight - Level;Piedmont;Facing Traffic;Stop Sign;Sunday;Intersection-Related;43;1;Two-Way, Not Divided;2 lanes;0;No;LYNFIELD DRIVE;Smooth Asphalt;BLUFF WOOD CV;No Special Feature;Motorist Failed to Yield - Sign-Controlled Intersection;Local Street;C: Possible Injury;Mecklenburg;70+;Clear;IDLEWILD ROAD;0-5 mph;20 - 25  MPH;2014;Daylight;70+