Geo Point;Geo Shape;BikeRace;City;BikePos;NumUnits;CrashHour;Locality;BikeSex;DrvrVehTyp;NumBikesNo;BikeAlcDrg;NumBikesBI;RteInvdCd;DrvrRace;Workzone;NumBikesCi;BikeAgeGrp;CrashType;RdDefects;CrashAlcoh;BikeAlcoho;RdConditio;DstncMiFrm;RuralUrban;HitRun;CrashDate;NumBikesUI;CrashTime;DrvrSex;DrvrAlcoho;Developmen;CrashSevr;AmbulanceR;DrvrInjury;OBJECTID;CrashMonth;NumBikesKi;RdCharacte;Region;BikeDir;TraffCntrl;CrashDay;CrashLoc;BikeAge;NumBikesTo;RdConfig;NumLanes;NumBikesAI;DrvrAlcDrg;OnRoad;RdSurface;Towrd_Rd;RdFeature;CrashGrp;RdClass;BikeInjury;County;DrvrAge;Weather;FrmRd;DrvrEstSpd;SpeedLimit;CrashYear;LightCond;DrvrAgeGrp
35.8497611347, -77.4922322638;"{""type"": ""Point"", ""coordinates"": [-77.49223226383278, 35.84976113473437]}";Black;None - Rural Crash;Travel Lane;2;20;Rural (<30% Developed);Male;Unknown;0;Yes-Alcohol,  impairment suspected;1;21000064;Unknown/Missing;No;0;50-59;Motorist Overtaking - Other / Unknown;None;Yes;#NULL!;Dry;0.1;Rural;Yes;11MAR2014;0;20:40;Unknown;#NULL!;Farms, Woods, Pastures;B: Evident Injury;Yes;Unknown Injury;63;March;0;Straight - Level;Coastal;With Traffic;No Control Present;Tuesday;Non-Intersection;56;1;Two-Way, Not Divided;2 lanes;0;Unknown;US 64;Coarse Asphalt;1523;No Special Feature;Motorist Overtaking Bicyclist;US Route;B: Evident Injury;Edgecombe;Unknown;Clear;1606;51-55 mph;50 - 55  MPH;2014;Dark - Roadway Not Lighted;Unknown
35.7059510213, -79.8209829613;"{""type"": ""Point"", ""coordinates"": [-79.82098296129267, 35.70595102129131]}";Black;Asheboro;Sidewalk / Crosswalk / Driveway Crossing;2;14;Urban (>70% Developed);Male;Unknown;0;No;0;0;Unknown/Missing;No;1;20-24;Motorist Drive Out - Commercial Driveway / Alley;None;No;#NULL!;Dry;0.001;Urban;Yes;18FEB2014;0;14:28;Unknown;#NULL!;Commercial;C: Possible Injury;Yes;Unknown Injury;57;February;0;Straight - Level;Piedmont;Facing Traffic;No Control Present;Tuesday;Non-Intersection;20;1;Two-Way, Not Divided;Unknown;0;Missing;PVA 509 SUNSET AVE;Concrete;#NULL!;Driveway, Public;Motorist Failed to Yield - Midblock;Public Vehicular Area;C: Possible Injury;Randolph;Unknown;Clear;SUNSET AVE;0-5 mph;Unknown;2014;Daylight;Unknown
35.2300708834, -80.8365032396;"{""type"": ""Point"", ""coordinates"": [-80.8365032396031, 35.230070883362735]}";White;Charlotte;Travel Lane;2;14;Urban (>70% Developed);Male;Passenger Car;0;No;0;50006592;Unknown/Missing;No;1;40-49;Motorist Drive Through - Signalized Intersection;None;No;#NULL!;Dry;0;Urban;Yes;01MAR2014;0;14:39;Unknown;#NULL!;Commercial;C: Possible Injury;Yes;Unknown Injury;58;March;0;Straight - Level;Piedmont;With Traffic;Stop And Go Signal;Saturday;Intersection;45;1;Two-Way, Not Divided;2 lanes;0;Missing;E 9TH ST;Smooth Asphalt;#NULL!;No Special Feature;Motorist Failed to Yield - Signalized Intersection;Local Street;C: Possible Injury;Mecklenburg;Unknown;Clear;COLLEGE ST;6-10 mph;30 - 35  MPH;2014;Daylight;Unknown
36.2062141284, -79.7868679789;"{""type"": ""Point"", ""coordinates"": [-79.78686797886837, 36.20621412843701]}";White;None - Rural Crash;Travel Lane;2;20;Rural (<30% Developed);Female;Passenger Car;0;No;1;40001001;White;No;0;11-15;Motorist Overtaking - Undetected Bicyclist;None;No;#NULL!;Dry;0.1;Rural;No;01APR2014;0;20:32;Female;#NULL!;Farms, Woods, Pastures;B: Evident Injury;Yes;O: No Injury;108;April;0;Straight - Level;Piedmont;With Traffic;No Control Present;Tuesday;Non-Intersection;11;1;Two-Way, Not Divided;2 lanes;0;No;SR 1001;Coarse Asphalt;150;No Special Feature;Motorist Overtaking Bicyclist;State Secondary Route;B: Evident Injury;Guilford;41;Clear;4048;46-50 mph;50 - 55  MPH;2014;Dark - Roadway Not Lighted;40-49
35.6244170432, -78.7185026242;"{""type"": ""Point"", ""coordinates"": [-78.71850262424401, 35.62441704315885]}";White;Fuquay-Varina;Travel Lane;2;16;Mixed (30% To 70% Developed);Female;Passenger Car;0;No;1;40002752;White;No;0;16-19;Bicyclist Left Turn - Same Direction;None;No;#NULL!;Dry;0.081;Urban;No;01APR2014;0;16:05;Female;#NULL!;Residential;B: Evident Injury;No;O: No Injury;107;April;0;Straight - Level;Piedmont;With Traffic;Double Yellow Line, No Passing Zone;Tuesday;Non-Intersection;16;1;Two-Way, Not Divided;2 lanes;0;No;AIR PARK RD;Coarse Asphalt;3786;No Special Feature;Bicyclist Left Turn / Merge;State Secondary Route;B: Evident Injury;Wake;56;Clear;4740;36-40 mph;40 - 45  MPH;2014;Daylight;50-59
35.2756298887, -80.9435232742;"{""type"": ""Point"", ""coordinates"": [-80.94352327422156, 35.27562988872427]}";White;Charlotte;Travel Lane;2;17;Urban (>70% Developed);Male;Sport Utility;0;No;0;50020488;White;No;1;50-59;Motorist Overtaking - Bicyclist Swerved;None;No;#NULL!;Wet;0.095;Urban;No;06MAR2014;0;17:03;Male;#NULL!;Residential;C: Possible Injury;Yes;O: No Injury;55;March;0;Straight - Level;Piedmont;With Traffic;No Control Present;Thursday;Non-Intersection;55;1;Two-Way, Not Divided;2 lanes;0;No;MOORES CHAPEL RD;Coarse Asphalt;OLD MOUNT HOLLY RD;No Special Feature;Motorist Overtaking Bicyclist;Local Street;C: Possible Injury;Mecklenburg;70+;Rain;GLASGOW RD;26-30 mph;30 - 35  MPH;2014;Daylight;70+
36.2366251329, -79.843792998;"{""type"": ""Point"", ""coordinates"": [-79.84379299795319, 36.236625132863175]}";Hispanic;None - Rural Crash;Travel Lane;2;17;Rural (<30% Developed);Male;Pickup;0;No;0;40001002;White;No;0;40-49;Motorist Overtaking - Other / Unknown;None;No;#NULL!;Dry;0.033;Rural;No;02FEB2014;0;17:14;Male;#NULL!;Farms, Woods, Pastures;K: Killed;Yes;O: No Injury;66;February;1;Straight - Hillcrest;Piedmont;With Traffic;Double Yellow Line, No Passing Zone;Sunday;Non-Intersection;49;1;Two-Way, Not Divided;2 lanes;0;No;SR 1002;Smooth Asphalt;2310;No Special Feature;Motorist Overtaking Bicyclist;State Secondary Route;K: Killed;Guilford;19;Clear;4941;46-50 mph;50 - 55  MPH;2014;Daylight;0-19
35.903835145, -77.531557279;"{""type"": ""Point"", ""coordinates"": [-77.53155727895324, 35.90383514498708]}";Black;Tarboro;Travel Lane;2;18;Urban (>70% Developed);Male;Sport Utility;1;No;0;0;Black;No;0;11-15;Bicyclist Ride Through - Sign-Controlled Intersection;None;No;#NULL!;Dry;0;Urban;No;08FEB2014;0;18:31;Female;#NULL!;Residential;O: No Injury;Yes;O: No Injury;74;February;0;Straight - Level;Coastal;Unknown;Stop Sign;Saturday;Intersection;15;1;Two-Way, Not Divided;2 lanes;0;No;EDMONDSON AVE;Coarse Asphalt;#NULL!;Four-Way Intersection;Bicyclist Failed to Yield - Sign-Controlled Intersection;Local Street;O: No Injury;Edgecombe;70+;Clear;COFIELD ST;16-20 mph;20 - 25  MPH;2014;Dusk;70+
34.2206947644, -77.8898223039;"{""type"": ""Point"", ""coordinates"": [-77.8898223039101, 34.22069476439263]}";White;Wilmington;Bike Lane / Paved Shoulder;2;20;Urban (>70% Developed);Male;Sport Utility;0;No;0;40002313;White;No;1;25-29;Motorist Overtaking - Other / Unknown;None;Yes;#NULL!;Dry;0.019;Urban;No;05APR2014;0;20:43;Female;#NULL!;Residential;C: Possible Injury;No;O: No Injury;146;April;0;Straight - Level;Coastal;With Traffic;No Control Present;Saturday;Non-Intersection;29;1;Two-Way, Not Divided;2 lanes;0;Yes-Alcohol,  impairment suspected;WILSHIRE BLVD;Smooth Asphalt;MONTCLAIR DR;No Special Feature;Motorist Overtaking Bicyclist;Local Street;C: Possible Injury;New Hanover;38;Clear;41ST ST;31-35 mph;30 - 35  MPH;2014;Dark - Roadway Not Lighted;30-39
35.767437072, -78.7826126523;"{""type"": ""Point"", ""coordinates"": [-78.78261265228988, 35.767437071984546]}";White;Cary;Sidewalk / Crosswalk / Driveway Crossing;2;16;Urban (>70% Developed);Male;Sport Utility;0;No;0;40001300;White;No;1;30-39;Motorist Drive Out - Signalized Intersection;None;No;#NULL!;Dry;0;Urban;No;24MAR2014;0;16:43;Female;#NULL!;Commercial;C: Possible Injury;No;O: No Injury;129;March;0;Straight - Level;Piedmont;Facing Traffic;Stop And Go Signal;Monday;Intersection;30;1;Two-Way, Not Divided;2 lanes;0;No;COMMONWEALTH CT;Smooth Asphalt;EXECUTIVE CT;No Special Feature;Motorist Failed to Yield - Signalized Intersection;Local Street;C: Possible Injury;Wake;42;Clear;1300;11-15 mph;20 - 25  MPH;2014;Daylight;40-49
34.1855997559, -77.9308573151;"{""type"": ""Point"", ""coordinates"": [-77.93085731511839, 34.185599755882926]}";Unknown/Missing;Wilmington;Travel Lane;2;6;Urban (>70% Developed);Unknown;Unknown;0;No;0;20000421;Unknown/Missing;No;0;Unknown;Motorist Overtaking - Other / Unknown;None;No;#NULL!;Dry;0.066;Urban;Yes;26MAR2014;1;6:49;Unknown;#NULL!;Commercial;Unknown Injury;No;Unknown Injury;116;March;0;Straight - Level;Coastal;With Traffic;No Control Present;Wednesday;Non-Intersection;Unknown;1;Two-Way, Not Divided;5 lanes;0;Missing;CAROLINA BEACH RD;Smooth Asphalt;MARION DR;No Special Feature;Motorist Overtaking Bicyclist;Local Street;Unknown Injury;New Hanover;Unknown;Clear;RALEIGH ST;Unknown;40 - 45  MPH;2014;Dawn;Unknown
35.2273628821, -80.8453232425;"{""type"": ""Point"", ""coordinates"": [-80.84532324247907, 35.22736288213383]}";White;Charlotte;Travel Lane;3;9;Urban (>70% Developed);Male;Passenger Car;0;No;0;50010970;Black;No;1;60-69;Bicyclist Ride Through - Signalized Intersection;None;No;#NULL!;Dry;0;Urban;No;03APR2014;0;9:42;Female;#NULL!;Commercial;B: Evident Injury;Yes;O: No Injury;118;April;0;Straight - Grade;Piedmont;Facing Traffic;Stop And Go Signal;Thursday;Intersection;69;1;One-Way, Not Divided;3 lanes;0;No;W 4TH ST;Smooth Asphalt;S POPLAR ST;Four-Way Intersection;Bicyclist Failed to Yield - Signalized Intersection;Local Street;B: Evident Injury;Mecklenburg;43;Cloudy;S CHURCH ST;21-25 mph;20 - 25  MPH;2014;Daylight;40-49
35.8238970909, -78.5874825956;"{""type"": ""Point"", ""coordinates"": [-78.58748259555368, 35.823897090883946]}";White;Raleigh;Travel Lane;2;14;Urban (>70% Developed);Male;Sport Utility;0;No;0;20000001;Black;No;1;30-39;Bicyclist Lost Control - Other / Unknown;None;No;#NULL!;Dry;0.009;Urban;No;04APR2014;0;14:54;Male;#NULL!;Commercial;C: Possible Injury;Yes;O: No Injury;127;April;0;Straight - Level;Piedmont;Facing Traffic;No Control Present;Friday;Intersection-Related;36;1;Two-Way, Divided, Positive Median Barrier;4 lanes;0;No;CAPITAL BLVD;Smooth Asphalt;TRAWICK RD;No Special Feature;Loss of Control / Turning Error;Unknown;C: Possible Injury;Wake;40;Clear;STARMOUNT DR;16-20 mph;40 - 45  MPH;2014;Daylight;40-49
35.4174469232, -80.8404132511;"{""type"": ""Point"", ""coordinates"": [-80.8404132511459, 35.41744692317202]}";Black;Huntersville;Travel Lane;2;16;Urban (>70% Developed);Male;Unknown;0;No;0;50018682;Black;No;1;20-24;Motorist Drive Out - Sign-Controlled Intersection;None;No;#NULL!;Dry;0;Urban;Yes;24MAR2014;0;16:45;Male;#NULL!;Residential;C: Possible Injury;No;O: No Injury;122;March;0;Straight - Level;Piedmont;With Traffic;Stop Sign;Monday;Intersection;24;1;Two-Way, Not Divided;2 lanes;0;Missing;N MAIN ST;Smooth Asphalt;BIGHAM ST;T-Intersection;Motorist Failed to Yield - Sign-Controlled Intersection;Local Street;C: Possible Injury;Mecklenburg;Unknown;Clear;W CHURCH ST;0-5 mph;30 - 35  MPH;2014;Daylight;Unknown
35.7967670839, -78.6105326008;"{""type"": ""Point"", ""coordinates"": [-78.61053260078488, 35.79676708386518]}";Black;Raleigh;Sidewalk / Crosswalk / Driveway Crossing;2;15;Urban (>70% Developed);Male;Passenger Car;0;No;0;0;Black;No;1;20-24;Motorist Right Turn - Same Direction;None;No;#NULL!;Dry;0.001;Urban;No;27APR2014;0;15:09;Male;#NULL!;Residential;C: Possible Injury;Yes;O: No Injury;158;April;0;Straight - Grade;Piedmont;With Traffic;Stop Sign;Sunday;Intersection;23;1;Two-Way, Not Divided;2 lanes;0;No;MILLBANK ST;Smooth Asphalt;BURGUNDY ST;T-Intersection;Motorist Right Turn / Merge;Local Street;C: Possible Injury;Wake;50;Clear;N RALEIGH BLVD;6-10 mph;30 - 35  MPH;2014;Daylight;50-59
34.8098438519, -79.1692427188;"{""type"": ""Point"", ""coordinates"": [-79.16924271875446, 34.80984385188592]}";Black;Red Springs;Non-Roadway;2;19;Urban (>70% Developed);Male;Passenger Car;0;Yes-Alcohol, no impairment detected;0;50010970;White;No;1;50-59;Non-Roadway;None;Yes;#NULL!;Dry;0;Rural;No;27APR2014;0;19:19;Male;#NULL!;Commercial;C: Possible Injury;No;O: No Injury;163;April;0;Straight - Level;Coastal;Not Applicable;No Control Present;Sunday;Non-Roadway;54;1;Two-Way, Not Divided;2 lanes;0;No;PVA FOOD LION PVA;Smooth Asphalt;#NULL!;No Special Feature;Non-Roadway;Public Vehicular Area;C: Possible Injury;Robeson;56;Clear;EAST 4TH AVE;0-5 mph;5 - 15 MPH;2014;Daylight;50-59
34.9250138212, -80.7444491961;"{""type"": ""Point"", ""coordinates"": [-80.74444919607845, 34.92501382122142]}";White;Waxhaw;Travel Lane;2;18;Urban (>70% Developed);Male;Sport Utility;0;No;0;50018682;White;No;1;40-49;Motorist Left Turn - Opposite Direction;None;No;#NULL!;Dry;0;Rural;No;26MAR2014;0;18:41;Female;#NULL!;Commercial;C: Possible Injury;No;O: No Injury;128;March;0;Straight - Level;Piedmont;With Traffic;Stop Sign;Wednesday;Intersection;45;1;Two-Way, Not Divided;2 lanes;0;No;W NORTH MAIN ST;Coarse Asphalt;16;Four-Way Intersection;Motorist Left Turn / Merge;Local Street;C: Possible Injury;Union;17;Clear;N CHURCH ST;0-5 mph;20 - 25  MPH;2014;Daylight;0-19
36.0397771245, -78.9295987114;"{""type"": ""Point"", ""coordinates"": [-78.9295987113744, 36.03977712450128]}";White;Durham;Travel Lane;2;11;Urban (>70% Developed);Male;Sport Utility;0;No;1;30000157;Black;No;0;40-49;Motorist Turning Error - Left Turn;None;No;#NULL!;Dry;0;Urban;No;02MAY2014;0;11:00;Male;#NULL!;Commercial;B: Evident Injury;Yes;O: No Injury;167;May;0;Straight - Level;Piedmont;With Traffic;Stop Sign;Friday;Intersection;48;1;Two-Way, Not Divided;5 lanes;0;No;GUESS RD;Coarse Asphalt;CARVER ST;No Special Feature;Loss of Control / Turning Error;Local Street;B: Evident Injury;Durham;46;Cloudy;ELLEN ST;31-35 mph;30 - 35  MPH;2014;Daylight;40-49
35.6364630544, -78.4745965513;"{""type"": ""Point"", ""coordinates"": [-78.47459655129127, 35.6364630544312]}";Black;Clayton;Travel Lane;2;20;Mixed (30% To 70% Developed);Male;Passenger Car;0;No;0;40001555;Black;No;1;11-15;Motorist Overtaking - Undetected Bicyclist;None;No;#NULL!;Dry;0.1;Urban;No;23APR2014;0;20:42;Female;#NULL!;Residential;C: Possible Injury;Yes;O: No Injury;185;April;0;Straight - Level;Coastal;With Traffic;No Control Present;Wednesday;Non-Intersection;13;1;Two-Way, Not Divided;2 lanes;0;No;BARBERMILL RD;Coarse Asphalt;42;No Special Feature;Motorist Overtaking Bicyclist;Local Street;C: Possible Injury;Johnston;30;Clear;DAIRY RD;41-45 mph;40 - 45  MPH;2014;Dark - Roadway Not Lighted;30-39
35.362639906, -80.9881232929;"{""type"": ""Point"", ""coordinates"": [-80.98812329285627, 35.36263990598812]}";White;Charlotte;Travel Lane;2;18;Urban (>70% Developed);Male;Light Truck (Mini-Van, Panel);0;No;1;50033004;White;No;0;50-59;Bicyclist Overtaking - Other / Unknown;None;No;#NULL!;Dry;0.25;Urban;No;01MAY2014;0;18:29;Male;#NULL!;Residential;B: Evident Injury;Yes;C: Possible Injury;168;May;0;Straight - Level;Piedmont;With Traffic;No Control Present;Thursday;Non-Intersection;50;1;Two-Way, Not Divided;4 lanes;0;No;WILKINSON BLVD;Concrete;MOORES CHAPEL LP;Bridge;Bicyclist Overtaking Motorist;Local Street;B: Evident Injury;Mecklenburg;28;Clear;EAST CATAWBA STR;Unknown;40 - 45  MPH;2014;Daylight;25-29
36.0487470965, -79.7643829641;"{""type"": ""Point"", ""coordinates"": [-79.7643829641267, 36.04874709651102]}";Black;Greensboro;Travel Lane;2;17;Urban (>70% Developed);Male;Passenger Car;0;No;1;0;Black;No;0;6-10;Bicyclist Ride Through - Sign-Controlled Intersection;None;No;#NULL!;Dry;0.002;Urban;No;06MAY2014;0;17:17;Female;#NULL!;Residential;B: Evident Injury;Yes;C: Possible Injury;176;May;0;Straight - Grade;Piedmont;With Traffic;Stop Sign;Tuesday;Intersection-Related;7;1;Two-Way, Not Divided;2 lanes;0;No;BOTHWELL ST;Coarse Asphalt;40;T-Intersection;Bicyclist Failed to Yield - Sign-Controlled Intersection;Local Street;B: Evident Injury;Guilford;70+;Clear;PICHARD ST;26-30 mph;30 - 35  MPH;2014;Daylight;70+
35.7721770792, -78.6006025971;"{""type"": ""Point"", ""coordinates"": [-78.60060259711203, 35.77217707921479]}";Black;Raleigh;Sidewalk / Crosswalk / Driveway Crossing;2;13;Urban (>70% Developed);Male;Sport Utility;0;#NULL!;0;0;Unknown/Missing;No;0;16-19;Motorist Drive Out - Sign-Controlled Intersection;None;No;No;Dry;0;Urban;Yes;03JUN2013;0;13:46;Unknown;Missing;Residential;C: Possible Injury;No;Unknown Injury;1147;June;0;Straight - Level;Piedmont;Facing Traffic;No Control Present;Monday;Intersection-Related;16;0;Two-Way, Not Divided;2 lanes;0;#NULL!;GLENBROOK DR;Smooth Asphalt;#NULL!;T-Intersection;Motorist Failed to Yield - Sign-Controlled Intersection;Local Street;C: Possible Injury;Wake;Unknown;Cloudy;#NULL!;6-10 mph;30 - 35  MPH;2013;Daylight;Unknown
35.2399968818, -80.9194032654;"{""type"": ""Point"", ""coordinates"": [-80.91940326540494, 35.239996881814754]}";White;Charlotte;Travel Lane;2;23;Urban (>70% Developed);Male;Passenger Car;0;#NULL!;0;0;Black;No;0;20-24;Crossing Paths - Midblock - Other / Unknown;None;No;No;Dry;0;Urban;No;08JUN2013;0;23:04;Male;No;Commercial;B: Evident Injury;Yes;O: No Injury;1168;June;0;Straight - Level;Piedmont;Facing Traffic;Stop And Go Signal;Saturday;Non-Intersection;24;0;Two-Way, Divided, Unprotected Median;3 lanes;0;#NULL!;MULBERRY CHURCH;Smooth Asphalt;#NULL!;Non-Intersection Median Crossing;Crossing Paths - Other Circumstances;Local Street;B: Evident Injury;Mecklenburg;33;Clear;#NULL!;16-20 mph;20 - 25  MPH;2013;Dark - Lighted Roadway;30-39
35.2608668762, -81.2072033526;"{""type"": ""Point"", ""coordinates"": [-81.20720335261916, 35.26086687616063]}";White;Gastonia;Sidewalk / Crosswalk / Driveway Crossing;2;16;Urban (>70% Developed);Male;Sport Utility;0;#NULL!;0;0;White;No;0;20-24;Bicyclist Ride Out - Signalized  Intersection;None;No;No;Dry;0;Urban;No;15MAY2013;0;16:17;Female;No;Commercial;C: Possible Injury;Yes;C: Possible Injury;1153;May;0;Straight - Grade;Piedmont;Facing Traffic;Stop And Go Signal;Wednesday;Intersection;22;0;Two-Way, Not Divided;6 lanes;0;#NULL!;W FRANKLIN BLVD;Grooved Concrete;#NULL!;Four-Way Intersection;Bicyclist Failed to Yield - Signalized Intersection;US Route;C: Possible Injury;Gaston;17;Clear;#NULL!;31-35 mph;30 - 35  MPH;2013;Daylight;0-19
35.2578068757, -81.2088033527;"{""type"": ""Point"", ""coordinates"": [-81.20880335270421, 35.257806875653706]}";White;Gastonia;Sidewalk / Crosswalk / Driveway Crossing;2;17;Urban (>70% Developed);Male;Passenger Car;0;#NULL!;0;0;White;No;0;20-24;Motorist Drive Out - Sign-Controlled Intersection;None;No;No;Dry;0;Urban;No;21MAY2013;0;17:44;Female;No;Commercial;C: Possible Injury;Yes;O: No Injury;1159;May;0;Straight - Level;Piedmont;Facing Traffic;Stop Sign;Tuesday;Intersection;20;0;Two-Way, Not Divided;2 lanes;0;#NULL!;SOUTH WEBB ST;Smooth Asphalt;#NULL!;Four-Way Intersection;Motorist Failed to Yield - Sign-Controlled Intersection;Local Street;C: Possible Injury;Gaston;50;Clear;#NULL!;0-5 mph;30 - 35  MPH;2013;Daylight;50-59
35.4249168675, -82.3592037032;"{""type"": ""Point"", ""coordinates"": [-82.35920370323528, 35.424916867536496]}";White;None - Rural Crash;Travel Lane;2;11;Rural (<30% Developed);Male;Passenger Car;0;#NULL!;0;0;White;No;0;40-49;Motorist Turning Error - Left Turn;None;No;No;Dry;0;Rural;No;17MAY2013;0;11:51;Female;No;Farms, Woods, Pastures;B: Evident Injury;Yes;O: No Injury;1140;May;0;Straight - Level;Mountains;With Traffic;Double Yellow Line, No Passing Zone;Friday;Intersection-Related;42;0;Two-Way, Not Divided;2 lanes;0;#NULL!;SR 1587;Smooth Asphalt;#NULL!;T-Intersection;Loss of Control / Turning Error;State Secondary Route;B: Evident Injury;Henderson;70+;Clear;#NULL!;16-20 mph;30 - 35  MPH;2013;Daylight;70+
36.290857286, -75.801501768;"{""type"": ""Point"", ""coordinates"": [-75.80150176797459, 36.290857286016845]}";White;None - Rural Crash;Travel Lane;2;22;Rural (<30% Developed);Female;Sport Utility;0;#NULL!;0;0;White;No;0;16-19;Motorist Overtaking - Bicyclist Swerved;None;No;No;Dry;0;Rural;No;08JUN2013;0;22:28;Male;No;Farms, Woods, Pastures;A: Disabling Injury;Yes;O: No Injury;1167;June;0;Straight - Level;Coastal;With Traffic;No Control Present;Saturday;Non-Intersection;19;0;Two-Way, Not Divided;2 lanes;0;#NULL!;NC 12;Coarse Asphalt;#NULL!;No Special Feature;Motorist Overtaking Bicyclist;NC Route;A: Disabling Injury;Currituck;20;Clear;#NULL!;41-45 mph;40 - 45  MPH;2013;Dark - Roadway Not Lighted;20-24
33.8929366748, -78.4156024475;"{""type"": ""Point"", ""coordinates"": [-78.415602447475, 33.892936674803344]}";White;Ocean Isle Beach;Travel Lane;2;12;Mixed (30% To 70% Developed);Female;Passenger Car;0;#NULL!;0;0;White;No;0;11-15;Crossing Paths - Uncontrolled Intersection;None;No;No;Dry;0;Rural;No;27MAY2013;0;12:56;Female;No;Residential;B: Evident Injury;Yes;O: No Injury;1163;May;0;Straight - Level;Coastal;With Traffic;No Control Present;Monday;Intersection;13;0;Two-Way, Not Divided;2 lanes;0;#NULL!;E FIRST ST;Smooth Asphalt;#NULL!;No Special Feature;Crossing Paths - Other Circumstances;Local Street;B: Evident Injury;Brunswick;26;Clear;#NULL!;31-35 mph;30 - 35  MPH;2013;Daylight;25-29
36.1129171171, -79.5742029094;"{""type"": ""Point"", ""coordinates"": [-79.57420290935556, 36.11291711713684]}";Black;None - Rural Crash;Travel Lane;2;12;Rural (<30% Developed);Male;Van;0;#NULL!;0;0;White;No;0;50-59;Motorist Left Turn - Opposite Direction;None;No;No;Dry;0;Rural;No;27JUN2013;0;12:40;Female;No;Farms, Woods, Pastures;C: Possible Injury;Yes;O: No Injury;1202;June;0;Straight - Level;Piedmont;With Traffic;Double Yellow Line, No Passing Zone;Thursday;Intersection;56;0;Two-Way, Not Divided;2 lanes;0;#NULL!;SR 2755;Smooth Asphalt;#NULL!;T-Intersection;Motorist Left Turn / Merge;State Secondary Route;C: Possible Injury;Guilford;70+;Clear;#NULL!;0-5 mph;50 - 55  MPH;2013;Daylight;70+
34.6123868147, -78.9821026525;"{""type"": ""Point"", ""coordinates"": [-78.98210265248632, 34.61238681466]}";Unknown/Missing;Lumberton;Non-Roadway;2;19;Urban (>70% Developed);Female;Passenger Car;0;#NULL!;0;0;White;No;0;6-10;Bicyclist Ride Out - Other Midblock;None;No;No;Dry;0;Urban;No;12JUN2013;0;19:53;Female;No;Residential;C: Possible Injury;No;O: No Injury;1165;June;0;Straight - Level;Coastal;Not Applicable;No Control Present;Wednesday;Non-Intersection;8;0;Two-Way, Not Divided;2 lanes;0;#NULL!;WARWICK MILL RD;Coarse Asphalt;#NULL!;No Special Feature;Bicyclist Failed to Yield - Midblock;Local Street;C: Possible Injury;Robeson;42;Clear;#NULL!;11-15 mph;20 - 25  MPH;2013;Dawn;40-49
33.9374466974, -78.025802332;"{""type"": ""Point"", ""coordinates"": [-78.0258023320234, 33.93744669735711]}";White;None - Rural Crash;Travel Lane;2;13;Urban (>70% Developed);Male;Passenger Car;0;#NULL!;0;0;White;No;0;16-19;Bicyclist Overtaking - Other / Unknown;None;No;No;Dry;0;Rural;No;26JUN2013;0;13:47;Male;No;Commercial;B: Evident Injury;Yes;O: No Injury;1201;June;0;Straight - Level;Coastal;With Traffic;Double Yellow Line, No Passing Zone;Wednesday;Non-Intersection;19;0;Two-Way, Not Divided;2 lanes;0;#NULL!;NC 211;Coarse Asphalt;#NULL!;No Special Feature;Bicyclist Overtaking Motorist;NC Route;B: Evident Injury;Brunswick;50;Clear;#NULL!;0-5 mph;40 - 45  MPH;2013;Daylight;50-59
35.8750570995, -78.6448026154;"{""type"": ""Point"", ""coordinates"": [-78.64480261542612, 35.87505709950813]}";Hispanic;Raleigh;Sidewalk / Crosswalk / Driveway Crossing;2;15;Mixed (30% To 70% Developed);Male;Passenger Car;0;#NULL!;0;0;Black;No;0;11-15;Motorist Drive Out - Sign-Controlled Intersection;None;No;No;Dry;0;Urban;No;04MAY2013;0;15:03;Female;No;Residential;B: Evident Injury;Yes;O: No Injury;1092;May;0;Straight - Grade;Piedmont;Facing Traffic;Stop Sign;Saturday;Intersection;11;0;Two-Way, Not Divided;2 lanes;0;#NULL!;LONGSTREET DR;Smooth Asphalt;#NULL!;No Special Feature;Motorist Failed to Yield - Sign-Controlled Intersection;Local Street;B: Evident Injury;Wake;34;Clear;#NULL!;0-5 mph;20 - 25  MPH;2013;Daylight;30-39
35.2185769483, -78.9423026712;"{""type"": ""Point"", ""coordinates"": [-78.94230267115191, 35.2185769482763]}";Black;None - Rural Crash;Travel Lane;2;0;Rural (<30% Developed);Male;Passenger Car;0;#NULL!;0;0;White;No;0;16-19;Motorist Overtaking - Other / Unknown;None;Yes;No;Dry;0;Rural;No;18MAY2013;0;0:20;Male;Yes;Farms, Woods, Pastures;B: Evident Injury;Yes;O: No Injury;1109;May;0;Straight - Level;Coastal;With Traffic;Double Yellow Line, No Passing Zone;Saturday;Non-Intersection;16;0;Two-Way, Not Divided;4 lanes;0;#NULL!;NC 210;Coarse Asphalt;#NULL!;No Special Feature;Motorist Overtaking Bicyclist;NC Route;B: Evident Injury;Cumberland;25;Cloudy;#NULL!;41-45 mph;40 - 45  MPH;2013;Dark - Roadway Not Lighted;25-29
34.6448668209, -79.0117026629;"{""type"": ""Point"", ""coordinates"": [-79.01170266285752, 34.64486682093512]}";Black;Lumberton;Travel Lane;2;11;Mixed (30% To 70% Developed);Female;Passenger Car;0;#NULL!;0;0;Native American;No;0;20-24;Motorist Drive Out - Commercial Driveway / Alley;None;No;No;Dry;0;Urban;No;22APR2013;0;11:54;Female;No;Commercial;C: Possible Injury;No;O: No Injury;1137;April;0;Straight - Level;Coastal;Facing Traffic;No Control Present;Monday;Non-Intersection;23;0;Two-Way, Not Divided;6 lanes;0;#NULL!;ROBERTS AVE;Coarse Asphalt;#NULL!;No Special Feature;Motorist Failed to Yield - Midblock;Local Street;C: Possible Injury;Robeson;25;Clear;#NULL!;0-5 mph;30 - 35  MPH;2013;Daylight;25-29