Geo Point;Geo Shape;BikeRace;City;BikePos;NumUnits;CrashHour;Locality;BikeSex;DrvrVehTyp;NumBikesNo;BikeAlcDrg;NumBikesBI;RteInvdCd;DrvrRace;Workzone;NumBikesCi;BikeAgeGrp;CrashType;RdDefects;CrashAlcoh;BikeAlcoho;RdConditio;DstncMiFrm;RuralUrban;HitRun;CrashDate;NumBikesUI;CrashTime;DrvrSex;DrvrAlcoho;Developmen;CrashSevr;AmbulanceR;DrvrInjury;OBJECTID;CrashMonth;NumBikesKi;RdCharacte;Region;BikeDir;TraffCntrl;CrashDay;CrashLoc;BikeAge;NumBikesTo;RdConfig;NumLanes;NumBikesAI;DrvrAlcDrg;OnRoad;RdSurface;Towrd_Rd;RdFeature;CrashGrp;RdClass;BikeInjury;County;DrvrAge;Weather;FrmRd;DrvrEstSpd;SpeedLimit;CrashYear;LightCond;DrvrAgeGrp
35.5744670783, -77.3872022177;"{""type"": ""Point"", ""coordinates"": [-77.38720221772247, 35.574467078258714]}";Black;Greenville;Travel Lane;2;14;Urban (>70% Developed);Male;Passenger Car;0;#NULL!;0;0;White;No;0;50-59;Bicyclist Ride Out - Signalized  Intersection;None;No;No;Dry;0;Urban;No;28MAY2013;0;14:06;Female;No;Commercial;C: Possible Injury;Yes;O: No Injury;1129;May;0;Straight - Level;Coastal;With Traffic;Stop And Go Signal;Tuesday;Intersection;53;0;Two-Way, Divided, Unprotected Median;5 lanes;0;#NULL!;US 264;Coarse Asphalt;#NULL!;Four-Way Intersection;Bicyclist Failed to Yield - Signalized Intersection;US Route;C: Possible Injury;Pitt;28;Clear;#NULL!;41-45 mph;40 - 45  MPH;2013;Daylight;25-29
35.5882569592, -80.8281032568;"{""type"": ""Point"", ""coordinates"": [-80.8281032567984, 35.58825695916655]}";White;Mooresville;Travel Lane;2;12;Urban (>70% Developed);Male;Sport Utility;0;#NULL!;0;0;Hispanic;No;0;16-19;Bicyclist Ride Through - Signalized Intersection;None;No;No;Dry;0;Urban;No;16APR2013;0;12:16;Male;No;Commercial;B: Evident Injury;Yes;O: No Injury;1060;April;0;Straight - Grade;Piedmont;Facing Traffic;Stop And Go Signal;Tuesday;Intersection;18;0;Two-Way, Not Divided;5 lanes;0;#NULL!;NC 150;Smooth Asphalt;#NULL!;Four-Way Intersection;Bicyclist Failed to Yield - Signalized Intersection;NC Route;B: Evident Injury;Iredell;19;Clear;#NULL!;0-5 mph;40 - 45  MPH;2013;Daylight;0-19
35.5784068908, -82.594303781;"{""type"": ""Point"", ""coordinates"": [-82.59430378095422, 35.57840689078616]}";White;Asheville;Sidewalk / Crosswalk / Driveway Crossing;2;18;Urban (>70% Developed);Male;Passenger Car;0;#NULL!;0;0;White;No;0;25-29;Motorist Left Turn - Opposite Direction;None;No;No;Dry;0;Urban;No;25APR2013;0;18:52;Female;No;Commercial;B: Evident Injury;Yes;O: No Injury;1094;April;0;Straight - Level;Mountains;With Traffic;Stop And Go Signal;Thursday;Intersection;25;0;Two-Way, Not Divided;6 lanes;0;#NULL!;US 19;Smooth Asphalt;#NULL!;No Special Feature;Motorist Left Turn / Merge;US Route;B: Evident Injury;Buncombe;64;Clear;#NULL!;6-10 mph;20 - 25  MPH;2013;Daylight;60-69
35.2746768886, -80.9531032767;"{""type"": ""Point"", ""coordinates"": [-80.9531032767325, 35.274676888621705]}";Hispanic;Charlotte;Travel Lane;2;22;Urban (>70% Developed);Male;Passenger Car;0;#NULL!;0;0;Black;No;0;20-24;Motorist Right Turn - Same Direction;None;Yes;No;Dry;0;Urban;No;08MAY2013;0;22:26;Male;Yes;Residential;B: Evident Injury;No;O: No Injury;1077;May;0;Straight - Level;Piedmont;With Traffic;Stop Sign;Wednesday;Intersection;23;0;Two-Way, Not Divided;4 lanes;0;#NULL!;8800 MOORES CHAPEL ROA;Smooth Asphalt;#NULL!;T-Intersection;Motorist Right Turn / Merge;Local Street;B: Evident Injury;Mecklenburg;42;Clear;#NULL!;16-20 mph;30 - 35  MPH;2013;Dark - Lighted Roadway;40-49
35.8856870504, -80.0738030481;"{""type"": ""Point"", ""coordinates"": [-80.07380304810886, 35.885687050350754]}";Black;Thomasville;Travel Lane;2;16;Mixed (30% To 70% Developed);Male;Passenger Car;0;#NULL!;0;0;Black;No;0;6-10;Bicyclist Turning Error - Right Turn;None;No;No;Dry;0;Urban;No;24MAY2013;0;16:45;Male;No;Commercial;C: Possible Injury;Yes;O: No Injury;1133;May;0;Straight - Bottom;Piedmont;With Traffic;Stop And Go Signal;Friday;Intersection;7;0;Two-Way, Not Divided;3 lanes;0;#NULL!;EAST MAIN ST;Coarse Asphalt;#NULL!;Four-Way Intersection;Loss of Control / Turning Error;Local Street;C: Possible Injury;Davidson;53;Clear;#NULL!;0-5 mph;30 - 35  MPH;2013;Daylight;50-59
36.1013570891, -80.2614031165;"{""type"": ""Point"", ""coordinates"": [-80.26140311654167, 36.10135708907197]}";White;Winston-Salem;Travel Lane;2;13;Urban (>70% Developed);Male;Passenger Car;0;#NULL!;0;0;White;No;0;25-29;Motorist Overtaking - Other / Unknown;None;No;No;Dry;0;Urban;No;02MAY2013;0;13:19;Female;No;Commercial;C: Possible Injury;Yes;O: No Injury;1082;May;0;Curve - Level;Piedmont;With Traffic;Stop Sign;Thursday;Intersection;25;0;Two-Way, Not Divided;2 lanes;0;#NULL!;800 REYNOLDA;Smooth Asphalt;#NULL!;Related To Intersection;Motorist Overtaking Bicyclist;Local Street;C: Possible Injury;Forsyth;22;Clear;#NULL!;21-25 mph;20 - 25  MPH;2013;Daylight;20-24
34.1954167575, -77.9366023175;"{""type"": ""Point"", ""coordinates"": [-77.93660231749384, 34.19541675746304]}";White;Wilmington;Unknown;2;7;Rural (<30% Developed);Male;Passenger Car;0;#NULL!;0;0;White;No;0;6-10;Bicyclist Ride Out - Other Midblock;None;No;No;Dry;0;Urban;No;16APR2013;0;7:33;Male;No;Commercial;B: Evident Injury;Yes;O: No Injury;1057;April;0;Straight - Level;Coastal;Unknown;No Control Present;Tuesday;Non-Intersection;9;0;Two-Way, Not Divided;5 lanes;0;#NULL!;CAROLINA BEACH RD;Concrete;#NULL!;No Special Feature;Bicyclist Failed to Yield - Midblock;Local Street;B: Evident Injury;New Hanover;51;Clear;#NULL!;36-40 mph;40 - 45  MPH;2013;Daylight;50-59
36.138947092, -80.3986031596;"{""type"": ""Point"", ""coordinates"": [-80.39860315964037, 36.138947091991085]}";White;None - Rural Crash;Travel Lane;2;19;Rural (<30% Developed);Male;Passenger Car;0;#NULL!;0;0;White;No;0;16-19;Motorist Overtaking - Undetected Bicyclist;None;No;No;Dry;0;Rural;No;03APR2013;0;19:55;Female;No;Farms, Woods, Pastures;B: Evident Injury;Yes;O: No Injury;1029;April;0;Straight - Level;Piedmont;With Traffic;Double Yellow Line, No Passing Zone;Wednesday;Intersection-Related;18;0;Two-Way, Not Divided;2 lanes;0;#NULL!;SR 1525;Coarse Asphalt;#NULL!;No Special Feature;Motorist Overtaking Bicyclist;State Secondary Route;B: Evident Injury;Forsyth;26;Clear;#NULL!;31-35 mph;40 - 45  MPH;2013;Dark - Roadway Not Lighted;25-29
35.7604870761, -78.6313026061;"{""type"": ""Point"", ""coordinates"": [-78.63130260607099, 35.76048707611207]}";Black;Raleigh;Sidewalk / Crosswalk / Driveway Crossing;2;16;Urban (>70% Developed);Male;Passenger Car;0;#NULL!;0;0;White;No;0;16-19;Motorist Drive Out - Sign-Controlled Intersection;None;No;No;Dry;0;Urban;No;18APR2013;0;16:44;Female;No;Residential;A: Disabling Injury;Yes;O: No Injury;1045;April;0;Straight - Level;Piedmont;Facing Traffic;Stop Sign;Thursday;Intersection;16;0;Two-Way, Not Divided;2 lanes;0;#NULL!;PETERSON ST;Smooth Asphalt;#NULL!;T-Intersection;Motorist Failed to Yield - Sign-Controlled Intersection;Local Street;A: Disabling Injury;Wake;35;Clear;#NULL!;6-10 mph;30 - 35  MPH;2013;Daylight;30-39
36.292617272, -76.2456019042;"{""type"": ""Point"", ""coordinates"": [-76.2456019041505, 36.29261727196276]}";White;Elizabeth City;Travel Lane;2;23;Urban (>70% Developed);Female;Passenger Car;0;#NULL!;0;0;White;No;0;20-24;Bicyclist Left Turn - Same Direction;None;No;No;Dry;0;Urban;No;10APR2013;0;23:25;Male;No;Commercial;C: Possible Injury;Yes;O: No Injury;1019;April;0;Straight - Grade;Coastal;With Traffic;Stop And Go Signal;Wednesday;Intersection-Related;21;0;Two-Way, Divided, Unprotected Median;5 lanes;0;#NULL!;HALSTEAD BLVD;Smooth Asphalt;#NULL!;Four-Way Intersection;Bicyclist Left Turn / Merge;Local Street;C: Possible Injury;Pasquotank;70+;Clear;#NULL!;36-40 mph;40 - 45  MPH;2013;Dark - Lighted Roadway;70+
35.734087063, -78.8400026673;"{""type"": ""Point"", ""coordinates"": [-78.8400026672733, 35.734087062981196]}";White;Apex;Sidewalk / Crosswalk / Driveway Crossing;2;18;Urban (>70% Developed);Male;Passenger Car;0;#NULL!;0;0;White;No;0;50-59;Motorist Right Turn - Opposite Direction;None;No;No;Dry;0;Urban;No;05APR2013;0;18:29;Female;No;Residential;B: Evident Injury;Yes;O: No Injury;1026;April;0;Straight - Level;Piedmont;Facing Traffic;No Control Present;Friday;Intersection;50;0;Two-Way, Divided, Unprotected Median;4 lanes;0;#NULL!;APEX PEAKWAY;Coarse Asphalt;#NULL!;Four-Way Intersection;Motorist Right Turn / Merge;Local Street;B: Evident Injury;Wake;48;Clear;#NULL!;6-10 mph;30 - 35  MPH;2013;Daylight;40-49
35.1493570067, -76.7538020037;"{""type"": ""Point"", ""coordinates"": [-76.75380200371399, 35.149357006683644]}";Black;None - Rural Crash;Travel Lane;2;14;Mixed (30% To 70% Developed);Male;Passenger Car;0;#NULL!;0;0;Black;No;0;16-19;Motorist Overtaking - Other / Unknown;None;No;No;Dry;0;Rural;No;07MAR2013;0;14:57;Female;No;Residential;C: Possible Injury;Yes;O: No Injury;1054;March;0;Straight - Level;Coastal;With Traffic;Double Yellow Line, No Passing Zone;Thursday;Non-Intersection;17;0;Two-Way, Not Divided;2 lanes;0;#NULL!;NC 304;Smooth Asphalt;#NULL!;No Special Feature;Motorist Overtaking Bicyclist;NC Route;C: Possible Injury;Pamlico;19;Clear;#NULL!;36-40 mph;40 - 45  MPH;2013;Daylight;0-19
36.0652970981, -79.8128029797;"{""type"": ""Point"", ""coordinates"": [-79.81280297972363, 36.065297098130785]}";White;Greensboro;Travel Lane;2;13;Urban (>70% Developed);Male;Passenger Car;0;#NULL!;0;0;White;No;0;16-19;Motorist Right Turn - Same Direction;None;No;No;Dry;0;Urban;No;08APR2013;0;13:57;Female;No;Institutional;B: Evident Injury;Yes;O: No Injury;1023;April;0;Straight - Level;Piedmont;With Traffic;Stop And Go Signal;Monday;Intersection;18;0;Two-Way, Divided, Positive Median Barrier;1 lane;0;#NULL!;SPRING GARDEN ST;Coarse Asphalt;#NULL!;Four-Way Intersection;Motorist Right Turn / Merge;Local Street;B: Evident Injury;Guilford;21;Clear;#NULL!;6-10 mph;20 - 25  MPH;2013;Daylight;20-24
35.5544468901, -82.4803037465;"{""type"": ""Point"", ""coordinates"": [-82.48030374645715, 35.554446890085906]}";White;None - Rural Crash;Travel Lane;2;16;Mixed (30% To 70% Developed);Female;Pickup;0;#NULL!;0;0;White;No;0;70+;Motorist Overtaking - Undetected Bicyclist;None;No;No;Dry;0;Rural;No;24APR2013;0;16:32;Male;No;Residential;C: Possible Injury;Yes;O: No Injury;1030;April;0;Straight - Grade;Mountains;With Traffic;Stop Sign;Wednesday;Intersection-Related;70+;0;Two-Way, Not Divided;2 lanes;0;#NULL!;PVA WOODFIELD DR;Coarse Asphalt;#NULL!;Driveway, Public;Motorist Overtaking Bicyclist;Public Vehicular Area;C: Possible Injury;Buncombe;44;Cloudy;#NULL!;0-5 mph;Unknown;2013;Daylight;40-49
36.0168771203, -78.9082027037;"{""type"": ""Point"", ""coordinates"": [-78.90820270366432, 36.016877120298666]}";White;Durham;Travel Lane;2;18;Urban (>70% Developed);Male;Sport Utility;0;#NULL!;0;0;Hispanic;No;0;30-39;Motorist Left Turn - Opposite Direction;None;No;No;Dry;0;Urban;Yes;24APR2013;0;18:36;Male;No;Residential;C: Possible Injury;Yes;O: No Injury;1044;April;0;Straight - Level;Piedmont;With Traffic;Stop And Go Signal;Wednesday;Intersection;30;0;Two-Way, Divided, Positive Median Barrier;4 lanes;0;#NULL!;W CLUB BLVD;Smooth Asphalt;#NULL!;Four-Way Intersection;Motorist Left Turn / Merge;Local Street;C: Possible Injury;Durham;54;Clear;#NULL!;6-10 mph;30 - 35  MPH;2013;Daylight;50-59
34.1072567392, -77.8912022992;"{""type"": ""Point"", ""coordinates"": [-77.89120229922767, 34.107256739161144]}";Black;None - Rural Crash;Travel Lane;2;18;Urban (>70% Developed);Male;Sport Utility;0;#NULL!;0;0;White;No;0;40-49;Motorist Overtaking - Misjudged Space;None;No;No;Dry;0;Rural;No;23APR2013;0;18:51;Male;No;Residential;C: Possible Injury;Yes;O: No Injury;1031;April;0;Straight - Level;Coastal;With Traffic;No Control Present;Tuesday;Non-Intersection;47;0;Two-Way, Not Divided;2 lanes;0;#NULL!;SR 1524;Smooth Asphalt;#NULL!;No Special Feature;Motorist Overtaking Bicyclist;State Secondary Route;C: Possible Injury;New Hanover;70+;Clear;#NULL!;41-45 mph;40 - 45  MPH;2013;Daylight;70+
34.7611969032, -77.3091021544;"{""type"": ""Point"", ""coordinates"": [-77.30910215440619, 34.761196903226356]}";White;None - Rural Crash;Travel Lane;2;19;Rural (<30% Developed);Male;Motorcycle;0;#NULL!;0;0;White;No;0;11-15;Motorist Overtaking - Bicyclist Swerved;None;No;No;Dry;0;Rural;No;23APR2013;0;19:00;Male;No;Farms, Woods, Pastures;B: Evident Injury;No;O: No Injury;1032;April;0;Curve - Level;Coastal;With Traffic;No Control Present;Tuesday;Non-Intersection;11;0;Two-Way, Not Divided;2 lanes;0;#NULL!;SR 2338;Coarse Asphalt;#NULL!;No Special Feature;Motorist Overtaking Bicyclist;State Secondary Route;B: Evident Injury;Onslow;39;Clear;#NULL!;16-20 mph;30 - 35  MPH;2013;Daylight;30-39
35.5889370745, -77.5916322808;"{""type"": ""Point"", ""coordinates"": [-77.59163228083919, 35.58893707446768]}";Black;Farmville;Non-Roadway;2;15;Mixed (30% To 70% Developed);Male;Passenger Car;0;#NULL!;0;0;Black;No;0;16-19;Crossing Paths - Intersection - Other / Unknown;None;No;No;Dry;0;Rural;No;21JUN2007;0;15:53;Male;No;Residential;C: Possible Injury;Yes;O: No Injury;6912;June;0;Straight - Level;Coastal;Not Applicable;No Control Present;Thursday;Intersection-Related;17;0;Two-Way, Not Divided;2 lanes;0;#NULL!;#NULL!;Smooth Asphalt;#NULL!;No Special Feature;Crossing Paths - Other Circumstances;Local Street;C: Possible Injury;Pitt;63;Clear;#NULL!;31-35 mph;30 - 35  MPH;2007;Daylight;60-69
34.7273439134, -76.7696169884;"{""type"": ""Point"", ""coordinates"": [-76.76961698843661, 34.72734391342206]}";White;Morehead City;Travel Lane;2;15;Urban (>70% Developed);Male;Sport Utility;0;#NULL!;0;0;Black;No;0;20-24;Motorist Drive Out - Commercial Driveway / Alley;None;No;No;Dry;0;Urban;No;24JUN2007;0;15:50;Male;No;Commercial;O: No Injury;No;O: No Injury;6919;June;0;Straight - Level;Coastal;Facing Traffic;No Control Present;Sunday;Non-Intersection;20;0;Two-Way, Not Divided;4 lanes;0;#NULL!;#NULL!;Coarse Asphalt;#NULL!;No Special Feature;Motorist Failed to Yield - Midblock;Local Street;O: No Injury;Carteret;27;Clear;#NULL!;0-5 mph;30 - 35  MPH;2007;Daylight;25-29
35.721252092, -77.915852386;"{""type"": ""Point"", ""coordinates"": [-77.91585238595864, 35.72125209197054]}";White;Wilson;Travel Lane;3;12;Urban (>70% Developed);Male;Unknown;0;#NULL!;0;0;Unknown/Missing;No;0;20-24;Motorist Drive Out - Signalized Intersection;None;No;No;Dry;0;Urban;Yes;24JUN2007;0;12:26;Unknown;Missing;Commercial;B: Evident Injury;No;Unknown Injury;6921;June;0;Straight - Level;Coastal;With Traffic;Stop And Go Signal;Sunday;Intersection;23;0;Two-Way, Not Divided;5 lanes;0;#NULL!;#NULL!;Smooth Asphalt;#NULL!;Four-Way Intersection;Motorist Failed to Yield - Signalized Intersection;Local Street;B: Evident Injury;Wilson;Unknown;Clear;#NULL!;0-5 mph;40 - 45  MPH;2007;Daylight;Unknown
35.8231070461, -79.821202968;"{""type"": ""Point"", ""coordinates"": [-79.82120296800377, 35.823107046128904]}";White;Randleman;Travel Lane;2;19;Urban (>70% Developed);Male;Pickup;0;#NULL!;0;0;White;No;0;16-19;Bicyclist Ride Through - Signalized Intersection;None;No;No;Dry;0;Rural;No;28SEP2007;0;19:31;Male;No;Commercial;B: Evident Injury;Yes;O: No Injury;6929;September;0;Straight - Level;Piedmont;Facing Traffic;Stop And Go Signal;Friday;Intersection;16;0;Two-Way, Not Divided;4 lanes;0;#NULL!;#NULL!;Smooth Asphalt;#NULL!;Four-Way Intersection;Bicyclist Failed to Yield - Signalized Intersection;State Secondary Route;B: Evident Injury;Randolph;67;Clear;#NULL!;21-25 mph;30 - 35  MPH;2007;Dark - Lighted Roadway;60-69
35.1835468732, -80.8397932386;"{""type"": ""Point"", ""coordinates"": [-80.83979323859776, 35.183546873153965]}";White;Charlotte;Travel Lane;2;11;Urban (>70% Developed);Male;Passenger Car;0;#NULL!;0;0;White;No;0;50-59;Motorist Drive Out - Sign-Controlled Intersection;None;No;No;Dry;0;Urban;No;29SEP2007;0;11:33;Female;No;Residential;B: Evident Injury;Yes;O: No Injury;6930;September;0;Straight - Level;Piedmont;With Traffic;Stop Sign;Saturday;Intersection;53;0;Two-Way, Divided, Unprotected Median;4 lanes;0;#NULL!;#NULL!;Coarse Asphalt;#NULL!;Four-Way Intersection;Motorist Failed to Yield - Sign-Controlled Intersection;Local Street;B: Evident Injury;Mecklenburg;70+;Clear;#NULL!;0-5 mph;30 - 35  MPH;2007;Daylight;70+
36.0329571184, -79.0568427493;"{""type"": ""Point"", ""coordinates"": [-79.05684274925432, 36.032957118433316]}";White;None - Rural Crash;Travel Lane;2;19;Rural (<30% Developed);Male;Pickup;0;#NULL!;0;0;Unknown/Missing;No;0;25-29;Motorist Left Turn - Opposite Direction;None;No;No;Dry;0;Rural;Yes;16JUN2007;0;19:01;Unknown;No;Farms, Woods, Pastures;B: Evident Injury;Yes;Unknown Injury;6931;June;0;Curve - Hillcrest;Piedmont;With Traffic;Double Yellow Line, No Passing Zone;Saturday;Non-Intersection;25;0;Two-Way, Not Divided;2 lanes;0;#NULL!;#NULL!;Smooth Asphalt;#NULL!;No Special Feature;Motorist Left Turn / Merge;State Secondary Route;B: Evident Injury;Orange;Unknown;Clear;#NULL!;11-15 mph;40 - 45  MPH;2007;Daylight;Unknown
36.130679107, -79.9347130195;"{""type"": ""Point"", ""coordinates"": [-79.93471301950495, 36.130679107029415]}";Black;None - Rural Crash;Travel Lane;2;17;Urban (>70% Developed);Male;Passenger Car;0;#NULL!;0;0;Hispanic;No;0;16-19;Non-Roadway;None;No;No;Dry;0;Rural;No;28JUN2007;0;17:43;Male;No;Residential;C: Possible Injury;No;O: No Injury;6940;June;0;Curve - Grade;Piedmont;Unknown;No Control Present;Thursday;Non-Roadway;16;0;Two-Way, Not Divided;Unknown;0;#NULL!;#NULL!;Smooth Asphalt;#NULL!;Driveway, Public;Non-Roadway;Public Vehicular Area;C: Possible Injury;Guilford;32;Cloudy;#NULL!;0-5 mph;5 - 15 MPH;2007;Daylight;30-39
33.8991426719, -78.5521224889;"{""type"": ""Point"", ""coordinates"": [-78.55212248890365, 33.89914267187139]}";White;None - Rural Crash;Non-Roadway;2;12;Urban (>70% Developed);Male;Van;0;#NULL!;0;0;Hispanic;No;0;11-15;Bicyclist Ride Out - Commercial Driveway / Alley;None;No;No;Dry;0;Rural;No;29JUN2007;0;12:05;Male;No;Commercial;B: Evident Injury;Yes;O: No Injury;6944;June;0;Straight - Level;Coastal;Not Applicable;Stop And Go Signal;Friday;Non-Intersection;14;0;Two-Way, Not Divided;2 lanes;0;#NULL!;#NULL!;Smooth Asphalt;#NULL!;Related To Intersection;Bicyclist Failed to Yield - Midblock;NC Route;B: Evident Injury;Brunswick;51;Clear;#NULL!;31-35 mph;40 - 45  MPH;2007;Daylight;50-59
34.3081967836, -77.9219383179;"{""type"": ""Point"", ""coordinates"": [-77.92193831786307, 34.30819678356005]}";White;None - Rural Crash;Travel Lane;2;9;Urban (>70% Developed);Male;Single Unit Truck (2-Axle, 6-Tire);0;#NULL!;0;0;Black;No;0;50-59;Motorist Overtaking - Misjudged Space;None;No;No;Dry;0;Rural;No;21SEP2007;0;9:26;Male;No;Commercial;C: Possible Injury;Yes;O: No Injury;6955;September;0;Straight - Level;Coastal;With Traffic;No Control Present;Friday;Non-Intersection;50;0;Two-Way, Not Divided;2 lanes;0;#NULL!;#NULL!;Smooth Asphalt;#NULL!;No Special Feature;Motorist Overtaking Bicyclist;NC Route;C: Possible Injury;New Hanover;45;Clear;#NULL!;41-45 mph;50 - 55  MPH;2007;Daylight;40-49
33.9087746891, -78.0899623499;"{""type"": ""Point"", ""coordinates"": [-78.08996234993612, 33.908774689147414]}";White;Oak Island;Sidewalk / Crosswalk / Driveway Crossing;2;18;Urban (>70% Developed);Female;Pickup;0;#NULL!;0;0;White;No;0;40-49;Motorist Drive Out - Sign-Controlled Intersection;None;Yes;No;Dry;0;Urban;No;01JUL2007;0;18:42;Male;Yes;Residential;C: Possible Injury;Yes;O: No Injury;6957;July;0;Straight - Level;Coastal;Facing Traffic;Stop Sign;Sunday;Intersection;41;0;Two-Way, Not Divided;2 lanes;0;#NULL!;#NULL!;Smooth Asphalt;#NULL!;Four-Way Intersection;Motorist Failed to Yield - Sign-Controlled Intersection;Local Street;C: Possible Injury;Brunswick;51;Clear;#NULL!;31-35 mph;30 - 35  MPH;2007;Daylight;50-59
35.9304270619, -80.029468037;"{""type"": ""Point"", ""coordinates"": [-80.02946803702501, 35.93042706192847]}";White;High Point;Travel Lane;2;15;Urban (>70% Developed);Female;Passenger Car;0;#NULL!;0;0;White;No;0;11-15;Bicyclist Ride Through - Sign-Controlled Intersection;None;No;No;Dry;0;Urban;No;01JUL2007;0;15:21;Male;No;Residential;B: Evident Injury;Yes;O: No Injury;6958;July;0;Straight - Level;Piedmont;Unknown;Stop Sign;Sunday;Intersection;14;0;Two-Way, Not Divided;2 lanes;0;#NULL!;#NULL!;Coarse Asphalt;#NULL!;No Special Feature;Bicyclist Failed to Yield - Sign-Controlled Intersection;Local Street;B: Evident Injury;Guilford;26;Clear;#NULL!;21-25 mph;30 - 35  MPH;2007;Daylight;25-29
34.6177868148, -79.0153126633;"{""type"": ""Point"", ""coordinates"": [-79.01531266330187, 34.617786814757025]}";Black;Lumberton;Sidewalk / Crosswalk / Driveway Crossing;2;16;Urban (>70% Developed);Male;Passenger Car;0;#NULL!;0;0;Black;No;0;40-49;Motorist Right Turn - Opposite Direction;None;Yes;Yes;Wet;0;Urban;No;07JUL2007;0;16:32;Male;No;Commercial;C: Possible Injury;Yes;O: No Injury;6980;July;0;Straight - Level;Coastal;Facing Traffic;No Control Present;Saturday;Non-Intersection;49;0;Two-Way, Not Divided;4 lanes;0;#NULL!;#NULL!;Smooth Asphalt;#NULL!;Driveway, Public;Motorist Right Turn / Merge;Public Vehicular Area;C: Possible Injury;Robeson;70+;Cloudy;#NULL!;31-35 mph;30 - 35  MPH;2007;Dusk;70+
35.8485441028, -78.3935225383;"{""type"": ""Point"", ""coordinates"": [-78.39352253830552, 35.84854410279981]}";Black;None - Rural Crash;Unknown;2;15;Rural (<30% Developed);Female;Passenger Car;0;#NULL!;0;0;Black;No;0;0-5;Motorist Lost Control - Alcohol / Drug Impairment;None;Yes;No;Dry;0;Rural;No;07JUL2007;0;15:32;Male;Yes;Residential;B: Evident Injury;Yes;O: No Injury;6981;July;0;Straight - Level;Piedmont;Not Applicable;No Control Present;Saturday;Non-Intersection;5;0;Two-Way, Not Divided;2 lanes;0;#NULL!;#NULL!;Smooth Asphalt;#NULL!;No Special Feature;Loss of Control / Turning Error;State Secondary Route;B: Evident Injury;Wake;49;Clear;#NULL!;41-45 mph;30 - 35  MPH;2007;Daylight;40-49
34.7591868346, -79.339762767;"{""type"": ""Point"", ""coordinates"": [-79.3397627670044, 34.75918683457931]}";Black;Maxton;Travel Lane;3;21;Mixed (30% To 70% Developed);Male;Passenger Car;0;#NULL!;0;0;Native American;No;0;11-15;Motorist Overtaking - Other / Unknown;None;No;No;Dry;0;Rural;No;10JUL2007;0;21:43;Female;No;Residential;C: Possible Injury;Yes;O: No Injury;6987;July;0;Straight - Level;Coastal;With Traffic;Stop Sign;Tuesday;Intersection;15;0;Two-Way, Divided, Unprotected Median;2 lanes;0;#NULL!;#NULL!;Coarse Asphalt;#NULL!;Y-Intersection;Motorist Overtaking Bicyclist;NC Route;C: Possible Injury;Robeson;24;Clear;#NULL!;26-30 mph;40 - 45  MPH;2007;Dark - Lighted Roadway;20-24
35.9178571093, -78.6339126152;"{""type"": ""Point"", ""coordinates"": [-78.63391261520012, 35.917857109326015]}";White;None - Rural Crash;Travel Lane;2;17;Rural (<30% Developed);Male;Passenger Car;0;#NULL!;0;0;Asian;No;0;Unknown;Bicyclist Overtaking - Other / Unknown;None;No;No;Dry;0;Rural;No;13JUL2007;0;17:23;Female;No;Farms, Woods, Pastures;B: Evident Injury;Yes;O: No Injury;6997;July;0;Straight - Level;Piedmont;With Traffic;Double Yellow Line, No Passing Zone;Friday;Non-Intersection;Unknown;0;Two-Way, Not Divided;2 lanes;0;#NULL!;#NULL!;Smooth Asphalt;#NULL!;No Special Feature;Bicyclist Overtaking Motorist;State Secondary Route;B: Evident Injury;Wake;42;Clear;#NULL!;Unknown;40 - 45  MPH;2007;Daylight;40-49
34.1957767619, -77.805788278;"{""type"": ""Point"", ""coordinates"": [-77.80578827801959, 34.19577676190457]}";White;Wrightsville Beach;Travel Lane;2;11;Urban (>70% Developed);Female;Sport Utility;0;#NULL!;0;0;White;No;0;40-49;Bicyclist Overtaking - Extended Door;None;No;No;Dry;0;Rural;No;31MAY2009;0;11:25;Male;No;Residential;C: Possible Injury;Yes;O: No Injury;5009;May;0;Straight - Level;Coastal;With Traffic;No Control Present;Sunday;Non-Intersection;46;0;Two-Way, Not Divided;4 lanes;0;#NULL!;#NULL!;Coarse Asphalt;#NULL!;No Special Feature;Bicyclist Overtaking Motorist;Local Street;C: Possible Injury;New Hanover;43;Clear;#NULL!;Unknown;20 - 25  MPH;2009;Daylight;40-49
35.2411228727, -81.184947344;"{""type"": ""Point"", ""coordinates"": [-81.18494734400477, 35.24112287267579]}";Black;Gastonia;Travel Lane;3;14;Urban (>70% Developed);Male;Passenger Car;0;#NULL!;0;0;White;No;0;11-15;Bicyclist Ride Through - Sign-Controlled Intersection;None;No;No;Dry;0;Urban;No;18JUL2009;0;14:48;Female;No;Residential;C: Possible Injury;Yes;O: No Injury;5010;July;0;Straight - Grade;Piedmont;With Traffic;Stop Sign;Saturday;Intersection;13;0;Two-Way, Not Divided;2 lanes;0;#NULL!;#NULL!;Smooth Asphalt;#NULL!;T-Intersection;Bicyclist Failed to Yield - Sign-Controlled Intersection;Local Street;C: Possible Injury;Gaston;51;Clear;#NULL!;21-25 mph;30 - 35  MPH;2009;Daylight;50-59