Geo Point;Geo Shape;BikeRace;City;BikePos;NumUnits;CrashHour;Locality;BikeSex;DrvrVehTyp;NumBikesNo;BikeAlcDrg;NumBikesBI;RteInvdCd;DrvrRace;Workzone;NumBikesCi;BikeAgeGrp;CrashType;RdDefects;CrashAlcoh;BikeAlcoho;RdConditio;DstncMiFrm;RuralUrban;HitRun;CrashDate;NumBikesUI;CrashTime;DrvrSex;DrvrAlcoho;Developmen;CrashSevr;AmbulanceR;DrvrInjury;OBJECTID;CrashMonth;NumBikesKi;RdCharacte;Region;BikeDir;TraffCntrl;CrashDay;CrashLoc;BikeAge;NumBikesTo;RdConfig;NumLanes;NumBikesAI;DrvrAlcDrg;OnRoad;RdSurface;Towrd_Rd;RdFeature;CrashGrp;RdClass;BikeInjury;County;DrvrAge;Weather;FrmRd;DrvrEstSpd;SpeedLimit;CrashYear;LightCond;DrvrAgeGrp
35.9186131, -78.9119626993;"{""type"": ""Point"", ""coordinates"": [-78.9119626992986, 35.91861310003258]}";White;Durham;Non-Roadway;2;8;Urban (>70% Developed);Male;Passenger Car;0;#NULL!;0;0;White;No;0;25-29;Non-Roadway;None;No;No;Dry;0;Urban;No;27JUL2009;0;8:00;Male;No;Residential;O: No Injury;No;O: No Injury;5014;July;0;Straight - Grade;Piedmont;Not Applicable;No Control Present;Monday;Non-Roadway;26;0;Two-Way, Not Divided;2 lanes;0;#NULL!;#NULL!;Smooth Asphalt;#NULL!;No Special Feature;Non-Roadway;Public Vehicular Area;O: No Injury;Durham;24;Clear;#NULL!;0-5 mph;5 - 15 MPH;2009;Daylight;20-24
35.617144965, -80.8374282617;"{""type"": ""Point"", ""coordinates"": [-80.8374282616968, 35.61714496497033]}";White;None - Rural Crash;Bike Lane / Paved Shoulder;2;17;Mixed (30% To 70% Developed);Male;Pickup;0;#NULL!;0;0;White;No;0;30-39;Bicyclist Left Turn - Same Direction;None;No;No;Dry;0;Rural;No;21JUL2009;0;17:35;Male;No;Residential;B: Evident Injury;Yes;O: No Injury;5015;July;0;Straight - Level;Piedmont;With Traffic;No Control Present;Tuesday;Non-Intersection;32;0;Two-Way, Not Divided;2 lanes;0;#NULL!;#NULL!;Smooth Asphalt;#NULL!;No Special Feature;Bicyclist Left Turn / Merge;State Secondary Route;B: Evident Injury;Iredell;25;Clear;#NULL!;41-45 mph;40 - 45  MPH;2009;Daylight;25-29
36.047122128, -78.8885426986;"{""type"": ""Point"", ""coordinates"": [-78.88854269858247, 36.04712212797799]}";Black;None - Rural Crash;Travel Lane;2;14;Mixed (30% To 70% Developed);Male;Passenger Car;0;#NULL!;0;0;Black;No;0;11-15;Bicyclist Lost Control - Other / Unknown;None;No;No;Dry;0;Rural;No;19JUL2009;0;14:53;Female;No;Residential;B: Evident Injury;Yes;O: No Injury;5023;July;0;Straight - Level;Piedmont;Facing Traffic;Double Yellow Line, No Passing Zone;Sunday;Non-Intersection;14;0;Two-Way, Not Divided;2 lanes;0;#NULL!;#NULL!;Smooth Asphalt;#NULL!;No Special Feature;Loss of Control / Turning Error;State Secondary Route;B: Evident Injury;Durham;51;Clear;#NULL!;31-35 mph;30 - 35  MPH;2009;Daylight;50-59
35.9117270925, -79.0624127445;"{""type"": ""Point"", ""coordinates"": [-79.06241274448502, 35.91172709253125]}";White;Chapel Hill;Travel Lane;2;12;Urban (>70% Developed);Male;Passenger Car;0;#NULL!;0;0;Black;No;0;25-29;Motorist Drive Out - Sign-Controlled Intersection;None;No;No;Dry;0;Urban;No;25JUL2009;0;12:04;Male;No;Commercial;B: Evident Injury;Yes;O: No Injury;5027;July;0;Straight - Grade;Piedmont;With Traffic;Stop Sign;Saturday;Intersection;25;0;Two-Way, Not Divided;2 lanes;0;#NULL!;#NULL!;Smooth Asphalt;#NULL!;T-Intersection;Motorist Failed to Yield - Sign-Controlled Intersection;Local Street;B: Evident Injury;Orange;54;Clear;#NULL!;0-5 mph;20 - 25  MPH;2009;Daylight;50-59
35.8245170808, -78.8640426792;"{""type"": ""Point"", ""coordinates"": [-78.86404267917811, 35.82451708076148]}";White;Cary;Travel Lane;2;14;Rural (<30% Developed);Male;Light Truck (Mini-Van, Panel);0;#NULL!;0;0;White;No;0;40-49;Motorist Right Turn - Same Direction;None;No;No;Dry;0;Urban;No;03AUG2009;0;14:12;Female;No;Farms, Woods, Pastures;C: Possible Injury;No;O: No Injury;5028;August;0;Straight - Level;Piedmont;With Traffic;Stop And Go Signal;Monday;Intersection;44;0;Two-Way, Not Divided;2 lanes;0;#NULL!;#NULL!;Smooth Asphalt;#NULL!;Four-Way Intersection;Motorist Right Turn / Merge;State Secondary Route;C: Possible Injury;Wake;32;Clear;#NULL!;31-35 mph;30 - 35  MPH;2009;Daylight;30-39
35.4071609188, -80.9004332688;"{""type"": ""Point"", ""coordinates"": [-80.90043326881757, 35.40716091878462]}";White;Huntersville;Travel Lane;2;8;Mixed (30% To 70% Developed);Male;Pickup;0;#NULL!;0;0;White;No;0;25-29;Motorist Overtaking - Other / Unknown;None;No;No;Dry;0;Urban;No;26JUL2009;0;8:44;Female;No;Residential;B: Evident Injury;No;O: No Injury;5029;July;0;Curve - Grade;Piedmont;With Traffic;Double Yellow Line, No Passing Zone;Sunday;Non-Intersection;26;0;Two-Way, Divided, Unprotected Median;2 lanes;0;#NULL!;#NULL!;Smooth Asphalt;#NULL!;No Special Feature;Motorist Overtaking Bicyclist;State Secondary Route;B: Evident Injury;Mecklenburg;37;Clear;#NULL!;31-35 mph;40 - 45  MPH;2009;Daylight;30-39
34.7268589085, -76.9252620354;"{""type"": ""Point"", ""coordinates"": [-76.92526203540795, 34.72685890854184]}";White;None - Rural Crash;Bike Lane / Paved Shoulder;2;22;Mixed (30% To 70% Developed);Female;Van;0;#NULL!;0;0;White;No;0;16-19;Bicyclist Lost Control - Other / Unknown;None;No;No;Dry;0;Rural;Yes;03AUG2009;0;22:03;Male;No;Residential;A: Disabling Injury;Yes;O: No Injury;5033;August;0;Straight - Level;Coastal;Facing Traffic;No Control Present;Monday;Non-Intersection;16;0;Two-Way, Not Divided;5 lanes;0;#NULL!;#NULL!;Smooth Asphalt;#NULL!;No Special Feature;Loss of Control / Turning Error;NC Route;A: Disabling Injury;Carteret;18;Clear;#NULL!;51-55 mph;50 - 55  MPH;2009;Dark - Roadway Not Lighted;0-19
34.3430737654, -78.6907125512;"{""type"": ""Point"", ""coordinates"": [-78.69071255123394, 34.343073765372125]}";White;Whiteville;Travel Lane;2;8;Urban (>70% Developed);Male;Unknown;0;#NULL!;0;0;Unknown/Missing;No;0;11-15;Motorist Overtaking - Misjudged Space;None;No;No;Wet;0;Urban;Yes;20JUL2009;0;8:30;Unknown;Missing;Residential;O: No Injury;No;Unknown Injury;5034;July;0;Straight - Hillcrest;Coastal;With Traffic;No Control Present;Monday;Non-Intersection;15;0;One-Way, Not Divided;2 lanes;0;#NULL!;#NULL!;Coarse Asphalt;#NULL!;No Special Feature;Motorist Overtaking Bicyclist;Local Street;O: No Injury;Columbus;Unknown;Cloudy;#NULL!;Unknown;Unknown;2009;Daylight;Unknown
34.2040367591, -77.9413623186;"{""type"": ""Point"", ""coordinates"": [-77.9413623185647, 34.204036759144465]}";White;Wilmington;Sidewalk / Crosswalk / Driveway Crossing;2;16;Urban (>70% Developed);Male;Passenger Car;0;#NULL!;0;0;Black;No;0;25-29;Motorist Drive Through - Sign-Controlled Intersection;None;No;No;Dry;0;Urban;No;24JUL2009;0;16:36;Male;No;Commercial;C: Possible Injury;Yes;O: No Injury;5057;July;0;Straight - Level;Coastal;Facing Traffic;Stop Sign;Friday;Intersection;29;0;Two-Way, Not Divided;5 lanes;0;#NULL!;#NULL!;Coarse Asphalt;#NULL!;T-Intersection;Motorist Failed to Yield - Sign-Controlled Intersection;US Route;C: Possible Injury;New Hanover;52;Clear;#NULL!;0-5 mph;30 - 35  MPH;2009;Daylight;50-59
36.0490030962, -79.7630829637;"{""type"": ""Point"", ""coordinates"": [-79.76308296371903, 36.04900309621133]}";Black;Greensboro;Travel Lane;2;18;Urban (>70% Developed);Male;Unknown;0;#NULL!;0;0;Unknown/Missing;No;0;11-15;Sign-Controlled Intersection - Other / Unknown;None;No;No;Dry;0;Urban;Yes;03AUG2009;0;18:01;Unknown;Missing;Residential;B: Evident Injury;No;Unknown Injury;5061;August;0;Straight - Level;Piedmont;Facing Traffic;Stop Sign;Monday;Intersection;11;0;Two-Way, Not Divided;2 lanes;0;#NULL!;#NULL!;Smooth Asphalt;#NULL!;No Special Feature;Crossing Paths - Other Circumstances;Local Street;B: Evident Injury;Guilford;Unknown;Clear;#NULL!;Unknown;20 - 25  MPH;2009;Daylight;Unknown
36.0135841318, -78.5632425985;"{""type"": ""Point"", ""coordinates"": [-78.56324259850186, 36.01358413180119]}";White;None - Rural Crash;Travel Lane;2;18;Mixed (30% To 70% Developed);Female;Pickup;0;#NULL!;0;0;White;No;0;40-49;Motorist Overtaking - Other / Unknown;None;No;No;Dry;0;Rural;No;06AUG2009;0;18:53;Male;No;Farms, Woods, Pastures;C: Possible Injury;Yes;O: No Injury;5063;August;0;Straight - Hillcrest;Piedmont;With Traffic;Double Yellow Line, No Passing Zone;Thursday;Non-Intersection;42;0;Two-Way, Not Divided;2 lanes;0;#NULL!;#NULL!;Coarse Asphalt;#NULL!;No Special Feature;Motorist Overtaking Bicyclist;State Secondary Route;C: Possible Injury;Wake;50;Clear;#NULL!;31-35 mph;40 - 45  MPH;2009;Daylight;50-59
35.3887169104, -81.0012332978;"{""type"": ""Point"", ""coordinates"": [-81.00123329778621, 35.38871691042816]}";White;None - Rural Crash;Travel Lane;2;18;Rural (<30% Developed);Female;Passenger Car;0;#NULL!;0;0;White;No;0;50-59;Motorist Overtaking - Misjudged Space;None;No;No;Dry;0;Rural;No;16AUG2009;0;18:08;Female;No;Farms, Woods, Pastures;C: Possible Injury;Yes;O: No Injury;5064;August;0;Straight - Level;Piedmont;With Traffic;Double Yellow Line, No Passing Zone;Sunday;Non-Intersection;59;0;Two-Way, Not Divided;2 lanes;0;#NULL!;#NULL!;Smooth Asphalt;#NULL!;No Special Feature;Motorist Overtaking Bicyclist;State Secondary Route;C: Possible Injury;Gaston;21;Cloudy;#NULL!;31-35 mph;40 - 45  MPH;2009;Daylight;20-24
35.5937108947, -82.5698437747;"{""type"": ""Point"", ""coordinates"": [-82.56984377468649, 35.593710894736134]}";White;Asheville;Non-Roadway;2;18;Urban (>70% Developed);Male;Passenger Car;0;#NULL!;0;0;Unknown/Missing;No;0;6-10;Non-Roadway;None;No;No;Wet;0;Urban;No;04AUG2009;0;18:01;Unknown;Missing;Residential;B: Evident Injury;Yes;Unknown Injury;5067;August;0;Straight - Level;Mountains;Not Applicable;No Control Present;Tuesday;Non-Roadway;7;0;Two-Way, Not Divided;2 lanes;0;#NULL!;#NULL!;Coarse Asphalt;#NULL!;No Special Feature;Non-Roadway;Local Street;B: Evident Injury;Buncombe;Unknown;Rain;#NULL!;0-5 mph;20 - 25  MPH;2009;Daylight;Unknown
35.7690170755, -78.6913126239;"{""type"": ""Point"", ""coordinates"": [-78.6913126239467, 35.76901707551241]}";White;Raleigh;Travel Lane;2;23;Urban (>70% Developed);Male;Unknown;0;#NULL!;0;0;Unknown/Missing;No;0;20-24;Motorist Right Turn - Opposite Direction;None;No;No;Dry;0;Urban;Yes;29JUL2009;0;23:21;Unknown;Missing;Residential;C: Possible Injury;Yes;Unknown Injury;5075;July;0;Straight - Level;Piedmont;Facing Traffic;Stop And Go Signal;Wednesday;Intersection;24;0;Two-Way, Not Divided;4 lanes;0;#NULL!;#NULL!;Coarse Asphalt;#NULL!;T-Intersection;Motorist Right Turn / Merge;Local Street;C: Possible Injury;Wake;Unknown;Clear;#NULL!;21-25 mph;40 - 45  MPH;2009;Dark - Lighted Roadway;Unknown
35.7840420809, -78.6292426065;"{""type"": ""Point"", ""coordinates"": [-78.62924260647716, 35.78404208088214]}";Black;Raleigh;Sidewalk / Crosswalk / Driveway Crossing;2;0;Urban (>70% Developed);Male;Police;0;#NULL!;0;0;White;No;0;11-15;Motorist Right Turn - Opposite Direction;None;No;No;Wet;0;Urban;No;28JUL2009;0;0:39;Male;No;Residential;O: No Injury;No;O: No Injury;5080;July;0;Straight - Level;Piedmont;Facing Traffic;No Control Present;Tuesday;Non-Intersection;15;0;Two-Way, Not Divided;2 lanes;0;#NULL!;#NULL!;Smooth Asphalt;#NULL!;No Special Feature;Motorist Right Turn / Merge;Local Street;O: No Injury;Wake;41;Clear;#NULL!;6-10 mph;20 - 25  MPH;2009;Dark - Roadway Not Lighted;40-49
35.2931168705, -81.5300934502;"{""type"": ""Point"", ""coordinates"": [-81.53009345018576, 35.29311687053698]}";Black;Shelby;Travel Lane;2;0;Mixed (30% To 70% Developed);Male;Passenger Car;0;#NULL!;0;0;White;No;0;16-19;Sign-Controlled Intersection - Other / Unknown;None;No;No;Dry;0;Urban;No;11AUG2009;0;0:08;Female;No;Residential;C: Possible Injury;Yes;O: No Injury;5082;August;0;Straight - Grade;Mountains;With Traffic;No Control Present;Tuesday;Intersection;16;0;Two-Way, Not Divided;2 lanes;0;#NULL!;#NULL!;Coarse Asphalt;#NULL!;No Special Feature;Crossing Paths - Other Circumstances;NC Route;C: Possible Injury;Cleveland;29;Clear;#NULL!;26-30 mph;30 - 35  MPH;2009;Dark - Roadway Not Lighted;25-29
35.8428370931, -78.6434526141;"{""type"": ""Point"", ""coordinates"": [-78.64345261408295, 35.842837093079545]}";White;Raleigh;Sidewalk / Crosswalk / Driveway Crossing;2;16;Urban (>70% Developed);Male;Passenger Car;0;#NULL!;0;0;White;No;0;30-39;Motorist Drive Out - Sign-Controlled Intersection;None;No;No;Dry;0;Urban;No;11AUG2009;0;16:45;Male;No;Commercial;C: Possible Injury;No;O: No Injury;5089;August;0;Straight - Grade;Piedmont;With Traffic;Stop Sign;Tuesday;Intersection;31;0;Two-Way, Not Divided;Unknown;0;#NULL!;#NULL!;Smooth Asphalt;#NULL!;No Special Feature;Motorist Failed to Yield - Sign-Controlled Intersection;Public Vehicular Area;C: Possible Injury;Wake;26;Clear;#NULL!;0-5 mph;5 - 15 MPH;2009;Daylight;25-29
35.8941110342, -80.5614431941;"{""type"": ""Point"", ""coordinates"": [-80.56144319410394, 35.89411103416514]}";Black;Lexington;Sidewalk / Crosswalk / Driveway Crossing;2;9;Urban (>70% Developed);Male;Passenger Car;0;#NULL!;0;0;White;No;0;40-49;Motorist Drive Out - Sign-Controlled Intersection;None;No;No;Dry;0;Urban;No;10AUG2009;0;9:35;Female;No;Commercial;C: Possible Injury;Yes;O: No Injury;5093;August;0;Straight - Level;Piedmont;Facing Traffic;Stop Sign;Monday;Intersection;44;0;One-Way, Not Divided;1 lane;0;#NULL!;#NULL!;Smooth Asphalt;#NULL!;No Special Feature;Motorist Failed to Yield - Sign-Controlled Intersection;Local Street;C: Possible Injury;Davidson;58;Clear;#NULL!;0-5 mph;20 - 25  MPH;2009;Daylight;50-59
34.9809948396, -80.575168149;"{""type"": ""Point"", ""coordinates"": [-80.57516814900626, 34.9809948395779]}";Hispanic;None - Rural Crash;Travel Lane;2;9;Mixed (30% To 70% Developed);Male;Motorcycle;0;#NULL!;0;0;White;No;0;70+;Motorist Overtaking - Bicyclist Swerved;None;No;No;Dry;0;Rural;No;09AUG2009;0;9:08;Male;No;Residential;B: Evident Injury;Yes;O: No Injury;5099;August;0;Straight - Level;Piedmont;With Traffic;Double Yellow Line, No Passing Zone;Sunday;Non-Intersection;70+;0;Two-Way, Not Divided;2 lanes;0;#NULL!;#NULL!;Smooth Asphalt;#NULL!;No Special Feature;Motorist Overtaking Bicyclist;NC Route;B: Evident Injury;Union;40;Clear;#NULL!;51-55 mph;50 - 55  MPH;2009;Daylight;40-49
34.6206468167, -78.9811926525;"{""type"": ""Point"", ""coordinates"": [-78.98119265245597, 34.62064681673878]}";Black;Lumberton;Travel Lane;2;22;Urban (>70% Developed);Male;Passenger Car;0;#NULL!;0;0;Black;No;0;40-49;Head-On - Bicyclist;None;Yes;Yes;Dry;0;Urban;No;21AUG2009;0;22:15;Male;No;Commercial;A: Disabling Injury;Yes;O: No Injury;5101;August;0;Straight - Level;Coastal;Facing Traffic;No Control Present;Friday;Non-Intersection;49;0;Two-Way, Not Divided;5 lanes;0;#NULL!;#NULL!;Coarse Asphalt;#NULL!;No Special Feature;Head-On;NC Route;A: Disabling Injury;Robeson;21;Clear;#NULL!;51-55 mph;40 - 45  MPH;2009;Dark - Lighted Roadway;20-24
35.9938371159, -78.9015326996;"{""type"": ""Point"", ""coordinates"": [-78.90153269961449, 35.99383711591386]}";White;Durham;Travel Lane;2;20;Urban (>70% Developed);Male;Passenger Car;0;#NULL!;0;0;Black;No;0;11-15;Bicyclist Overtaking - Other / Unknown;None;No;No;Dry;0;Urban;No;02SEP2009;0;20:25;Male;No;Commercial;C: Possible Injury;Yes;O: No Injury;5109;September;0;Straight - Grade;Piedmont;With Traffic;No Control Present;Wednesday;Intersection-Related;15;0;One-Way, Not Divided;4 lanes;0;#NULL!;#NULL!;Smooth Asphalt;#NULL!;No Special Feature;Bicyclist Overtaking Motorist;Local Street;C: Possible Injury;Durham;42;Clear;#NULL!;0-5 mph;20 - 25  MPH;2009;Dusk;40-49
34.1927407583, -77.9088083083;"{""type"": ""Point"", ""coordinates"": [-77.90880830832138, 34.1927407582968]}";White;Wilmington;Non-Roadway;2;17;Urban (>70% Developed);Male;Passenger Car;0;#NULL!;0;0;White;No;0;6-10;Bicyclist Ride Out - Other Midblock;None;No;No;Dry;0;Urban;No;24AUG2009;0;17:38;Male;No;Residential;B: Evident Injury;Yes;O: No Injury;5112;August;0;Straight - Level;Coastal;Not Applicable;No Control Present;Monday;Non-Intersection;7;0;Two-Way, Not Divided;2 lanes;0;#NULL!;#NULL!;Smooth Asphalt;#NULL!;Driveway, Public;Bicyclist Failed to Yield - Midblock;Local Street;B: Evident Injury;New Hanover;60;Clear;#NULL!;6-10 mph;20 - 25  MPH;2009;Daylight;60-69
35.3421320248, -77.4762062334;"{""type"": ""Point"", ""coordinates"": [-77.47620623337191, 35.34213202476504]}";Black;None - Rural Crash;Unknown;2;15;Rural (<30% Developed);Male;Passenger Car;0;#NULL!;0;0;Black;No;0;16-19;Motorist Drive Out - Sign-Controlled Intersection;None;No;No;Dry;0;Rural;No;16AUG2009;0;15:30;Female;No;Farms, Woods, Pastures;O: No Injury;No;O: No Injury;5113;August;0;Straight - Level;Coastal;Facing Traffic;Stop Sign;Sunday;Intersection;18;0;Two-Way, Divided, Unprotected Median;4 lanes;0;#NULL!;#NULL!;Coarse Asphalt;#NULL!;T-Intersection;Motorist Failed to Yield - Sign-Controlled Intersection;NC Route;O: No Injury;Lenoir;27;Clear;#NULL!;51-55 mph;50 - 55  MPH;2009;Daylight;25-29
34.3106417533, -78.8314425921;"{""type"": ""Point"", ""coordinates"": [-78.83144259213307, 34.31064175325464]}";Black;None - Rural Crash;Travel Lane;2;16;Rural (<30% Developed);Male;Passenger Car;0;#NULL!;0;0;Black;No;0;11-15;Motorist Overtaking - Bicyclist Swerved;None;No;No;Dry;0;Rural;No;03SEP2009;0;16:23;Female;No;Farms, Woods, Pastures;B: Evident Injury;Yes;O: No Injury;5114;September;0;Straight - Level;Coastal;With Traffic;No Control Present;Thursday;Non-Intersection;12;0;Two-Way, Not Divided;2 lanes;0;#NULL!;#NULL!;Grooved Concrete;#NULL!;No Special Feature;Motorist Overtaking Bicyclist;State Secondary Route;B: Evident Injury;Columbus;22;Clear;#NULL!;31-35 mph;30 - 35  MPH;2009;Daylight;20-24
35.1780168729, -80.8009532264;"{""type"": ""Point"", ""coordinates"": [-80.80095322640678, 35.17801687294578]}";White;Charlotte;Sidewalk / Crosswalk / Driveway Crossing;2;10;Urban (>70% Developed);Female;Tractor/Semi-Trailer;0;#NULL!;0;0;White;No;0;60-69;Motorist Drive Out - Right Turn on Red;None;No;No;Dry;0;Urban;No;23AUG2009;0;10:11;Male;No;Residential;C: Possible Injury;Yes;O: No Injury;5118;August;0;Straight - Level;Piedmont;Facing Traffic;Stop And Go Signal;Sunday;Intersection;64;0;Two-Way, Not Divided;2 lanes;0;#NULL!;#NULL!;Smooth Asphalt;#NULL!;Four-Way Intersection;Motorist Failed to Yield - Signalized Intersection;Local Street;C: Possible Injury;Mecklenburg;54;Cloudy;#NULL!;0-5 mph;20 - 25  MPH;2009;Daylight;50-59
35.7064200585, -78.8037526544;"{""type"": ""Point"", ""coordinates"": [-78.80375265440429, 35.70642005847679]}";White;None - Rural Crash;Travel Lane;2;13;Rural (<30% Developed);Male;Pickup;0;#NULL!;0;0;Hispanic;No;0;30-39;Motorist Right Turn - Same Direction;None;No;No;Dry;0;Rural;No;04SEP2009;0;13:15;Male;No;Farms, Woods, Pastures;C: Possible Injury;Yes;O: No Injury;5128;September;0;Straight - Level;Piedmont;With Traffic;Double Yellow Line, No Passing Zone;Friday;Non-Intersection;36;0;Two-Way, Not Divided;2 lanes;0;#NULL!;#NULL!;Smooth Asphalt;#NULL!;Driveway, Private;Motorist Right Turn / Merge;State Secondary Route;C: Possible Injury;Wake;36;Clear;#NULL!;41-45 mph;40 - 45  MPH;2009;Daylight;30-39
35.9304991412, -77.79222236;"{""type"": ""Point"", ""coordinates"": [-77.79222236003531, 35.930499141209914]}";Black;Rocky Mount;Travel Lane;2;14;Mixed (30% To 70% Developed);Male;Unknown;0;#NULL!;0;0;Unknown/Missing;No;0;60-69;Bicyclist Ride Through - Sign-Controlled Intersection;None;No;No;Dry;0;Urban;Yes;19JUL2009;0;14:07;Unknown;Missing;Residential;B: Evident Injury;Yes;Unknown Injury;5140;July;0;Straight - Level;Coastal;With Traffic;Stop Sign;Sunday;Intersection;62;0;Two-Way, Not Divided;4 lanes;0;#NULL!;#NULL!;Grooved Concrete;#NULL!;No Special Feature;Bicyclist Failed to Yield - Sign-Controlled Intersection;Local Street;B: Evident Injury;Edgecombe;Unknown;Clear;#NULL!;21-25 mph;30 - 35  MPH;2009;Daylight;Unknown
35.6085868974, -82.5771977782;"{""type"": ""Point"", ""coordinates"": [-82.57719777821971, 35.60858689744653]}";White;Asheville;Travel Lane;2;12;Urban (>70% Developed);Male;Passenger Car;0;#NULL!;0;0;White;No;0;60-69;Motorist Left Turn - Opposite Direction;None;No;No;Dry;0;Urban;No;30AUG2009;0;12:33;Male;No;Commercial;B: Evident Injury;No;O: No Injury;5148;August;0;Straight - Level;Mountains;With Traffic;Stop Sign;Sunday;Intersection;68;0;Two-Way, Not Divided;2 lanes;0;#NULL!;#NULL!;Smooth Asphalt;#NULL!;No Special Feature;Motorist Left Turn / Merge;Local Street;B: Evident Injury;Buncombe;19;Clear;#NULL!;36-40 mph;40 - 45  MPH;2009;Daylight;0-19
35.9541871135, -78.7312426457;"{""type"": ""Point"", ""coordinates"": [-78.73124264574398, 35.95418711350705]}";White;None - Rural Crash;Travel Lane;2;18;Rural (<30% Developed);Female;Sport Utility;0;#NULL!;0;0;White;No;0;30-39;Bicyclist Ride Through - Sign-Controlled Intersection;None;No;No;Dry;0;Rural;No;30AUG2009;0;18:32;Male;No;Farms, Woods, Pastures;B: Evident Injury;No;O: No Injury;5154;August;0;Straight - Level;Piedmont;With Traffic;Stop Sign;Sunday;Intersection;35;0;Two-Way, Not Divided;2 lanes;0;#NULL!;#NULL!;Smooth Asphalt;#NULL!;Four-Way Intersection;Bicyclist Failed to Yield - Sign-Controlled Intersection;State Secondary Route;B: Evident Injury;Durham;54;Clear;#NULL!;6-10 mph;40 - 45  MPH;2009;Daylight;50-59
35.7818370788, -78.6677226178;"{""type"": ""Point"", ""coordinates"": [-78.66772261783254, 35.78183707883164]}";White;Raleigh;Travel Lane;2;15;Urban (>70% Developed);Male;Passenger Car;0;#NULL!;0;0;Black;No;0;20-24;Bicyclist Left Turn - Same Direction;None;No;No;Dry;0;Urban;No;08SEP2009;0;15:38;Male;No;Institutional;B: Evident Injury;Yes;O: No Injury;5161;September;0;Straight - Level;Piedmont;With Traffic;No Control Present;Tuesday;Intersection;22;0;One-Way, Not Divided;2 lanes;0;#NULL!;#NULL!;Smooth Asphalt;#NULL!;No Special Feature;Bicyclist Left Turn / Merge;Local Street;B: Evident Injury;Wake;24;Clear;#NULL!;16-20 mph;20 - 25  MPH;2009;Daylight;20-24
35.7799520794, -78.6490326115;"{""type"": ""Point"", ""coordinates"": [-78.6490326114771, 35.7799520793982]}";White;Raleigh;Travel Lane;2;11;Urban (>70% Developed);Male;Passenger Car;0;#NULL!;0;0;White;No;0;25-29;Motorist Left Turn - Opposite Direction;None;No;No;Dry;0;Urban;No;20AUG2009;0;11:16;Male;No;Commercial;B: Evident Injury;Yes;O: No Injury;5164;August;0;Straight - Level;Piedmont;With Traffic;Stop And Go Signal;Thursday;Intersection;25;0;Two-Way, Divided, Unprotected Median;3 lanes;0;#NULL!;#NULL!;Coarse Asphalt;#NULL!;Four-Way Intersection;Motorist Left Turn / Merge;Local Street;B: Evident Injury;Wake;70+;Clear;#NULL!;31-35 mph;30 - 35  MPH;2009;Daylight;70+
35.0096048364, -80.8149932216;"{""type"": ""Point"", ""coordinates"": [-80.81499322156539, 35.009604836369924]}";White;Marvin;Travel Lane;2;15;Urban (>70% Developed);Male;Van;0;#NULL!;0;0;White;No;0;30-39;Motorist Drive Out - Sign-Controlled Intersection;None;No;No;Dry;0;Rural;No;19SEP2009;0;15:20;Female;No;Residential;B: Evident Injury;Yes;O: No Injury;5166;September;0;Straight - Level;Piedmont;With Traffic;Stop Sign;Saturday;Intersection;30;0;Two-Way, Not Divided;2 lanes;0;#NULL!;#NULL!;Smooth Asphalt;#NULL!;Four-Way Intersection;Motorist Failed to Yield - Sign-Controlled Intersection;State Secondary Route;B: Evident Injury;Union;35;Clear;#NULL!;0-5 mph;30 - 35  MPH;2009;Daylight;30-39
36.0130302308, -75.6614167099;"{""type"": ""Point"", ""coordinates"": [-75.66141670989848, 36.01303023077926]}";White;Kill Devil Hills;Non-Roadway;2;16;Urban (>70% Developed);Male;Passenger Car;0;#NULL!;0;0;White;No;0;30-39;Non-Roadway;None;Yes;Yes;Dry;0;Urban;No;17SEP2009;0;16:32;Male;No;Commercial;C: Possible Injury;Yes;O: No Injury;5193;September;0;Straight - Level;Coastal;Not Applicable;No Control Present;Thursday;Non-Roadway;37;0;Two-Way, Not Divided;Unknown;0;#NULL!;#NULL!;Coarse Asphalt;#NULL!;Driveway, Public;Non-Roadway;Public Vehicular Area;C: Possible Injury;Dare;46;Clear;#NULL!;0-5 mph;Unknown;2009;Daylight;40-49
35.5864818974, -82.457293741;"{""type"": ""Point"", ""coordinates"": [-82.45729374098234, 35.586481897389476]}";White;None - Rural Crash;Travel Lane;2;22;Rural (<30% Developed);Male;Passenger Car;0;#NULL!;0;0;White;No;0;20-24;Motorist Overtaking - Undetected Bicyclist;None;No;No;Wet;0;Rural;No;20SEP2009;0;22:56;Male;No;Farms, Woods, Pastures;B: Evident Injury;Yes;O: No Injury;5194;September;0;Curve - Level;Mountains;With Traffic;No Control Present;Sunday;Non-Intersection;21;0;Two-Way, Divided, Unprotected Median;4 lanes;0;#NULL!;#NULL!;Smooth Asphalt;#NULL!;No Special Feature;Motorist Overtaking Bicyclist;US Route;B: Evident Injury;Buncombe;39;Rain;#NULL!;41-45 mph;40 - 45  MPH;2009;Dark - Roadway Not Lighted;30-39