Geo Point;Geo Shape;BikeRace;City;BikePos;NumUnits;CrashHour;Locality;BikeSex;DrvrVehTyp;NumBikesNo;BikeAlcDrg;NumBikesBI;RteInvdCd;DrvrRace;Workzone;NumBikesCi;BikeAgeGrp;CrashType;RdDefects;CrashAlcoh;BikeAlcoho;RdConditio;DstncMiFrm;RuralUrban;HitRun;CrashDate;NumBikesUI;CrashTime;DrvrSex;DrvrAlcoho;Developmen;CrashSevr;AmbulanceR;DrvrInjury;OBJECTID;CrashMonth;NumBikesKi;RdCharacte;Region;BikeDir;TraffCntrl;CrashDay;CrashLoc;BikeAge;NumBikesTo;RdConfig;NumLanes;NumBikesAI;DrvrAlcDrg;OnRoad;RdSurface;Towrd_Rd;RdFeature;CrashGrp;RdClass;BikeInjury;County;DrvrAge;Weather;FrmRd;DrvrEstSpd;SpeedLimit;CrashYear;LightCond;DrvrAgeGrp
35.8737822028, -75.5780316776;"{""type"": ""Point"", ""coordinates"": [-75.57803167755608, 35.87378220283036]}";White;Nags Head;Sidewalk / Crosswalk / Driveway Crossing;2;9;Mixed (30% To 70% Developed);Male;Sport Utility;0;#NULL!;0;0;White;No;0;11-15;Motorist Drive Out - Commercial Driveway / Alley;None;No;No;Dry;0;Rural;No;08JUL2009;0;9:20;Female;No;Residential;C: Possible Injury;No;O: No Injury;5196;July;0;Straight - Level;Coastal;Facing Traffic;No Control Present;Wednesday;Non-Intersection;14;0;Two-Way, Not Divided;1 lane;0;#NULL!;#NULL!;Concrete;#NULL!;Driveway, Private;Motorist Failed to Yield - Midblock;Private Road, Driveway;C: Possible Injury;Dare;23;Clear;#NULL!;0-5 mph;Unknown;2009;Daylight;20-24
35.5718218881, -82.6219137891;"{""type"": ""Point"", ""coordinates"": [-82.62191378909016, 35.571821888065415]}";Black;Asheville;Travel Lane;2;16;Urban (>70% Developed);Male;Passenger Car;0;#NULL!;0;0;White;No;0;6-10;Head-On - Bicyclist;None;No;No;Wet;0;Urban;No;27AUG2009;0;16:56;Male;No;Residential;B: Evident Injury;Yes;O: No Injury;5215;August;0;Curve - Grade;Mountains;Facing Traffic;No Control Present;Thursday;Non-Intersection;8;0;Two-Way, Not Divided;Unknown;0;#NULL!;#NULL!;Concrete;#NULL!;No Special Feature;Head-On;Local Street;B: Evident Injury;Buncombe;18;Rain;#NULL!;Unknown;20 - 25  MPH;2009;Daylight;0-19
35.7890970804, -78.6746026202;"{""type"": ""Point"", ""coordinates"": [-78.67460262019291, 35.78909708041379]}";White;Raleigh;Travel Lane;2;14;Urban (>70% Developed);Male;Unknown;0;#NULL!;0;0;Unknown/Missing;No;0;20-24;Motorist Overtaking - Misjudged Space;None;No;No;Dry;0;Urban;Yes;11SEP2009;0;14:37;Unknown;Missing;Commercial;C: Possible Injury;No;Unknown Injury;5220;September;0;Straight - Level;Piedmont;With Traffic;No Control Present;Friday;Non-Intersection;21;0;Two-Way, Not Divided;4 lanes;0;#NULL!;#NULL!;Smooth Asphalt;#NULL!;No Special Feature;Motorist Overtaking Bicyclist;Local Street;C: Possible Injury;Wake;Unknown;Clear;#NULL!;31-35 mph;30 - 35  MPH;2009;Daylight;Unknown
36.109901088, -80.3256791364;"{""type"": ""Point"", ""coordinates"": [-80.32567913640018, 36.10990108803819]}";White;Winston-Salem;Travel Lane;2;12;Urban (>70% Developed);Male;Passenger Car;0;#NULL!;0;0;White;No;0;50-59;Motorist Left Turn - Opposite Direction;None;No;No;Dry;0;Urban;No;03OCT2009;0;12:30;Female;No;Residential;B: Evident Injury;Yes;O: No Injury;5227;October;0;Curve - Level;Piedmont;With Traffic;Stop Sign;Saturday;Intersection;58;0;Two-Way, Not Divided;2 lanes;0;#NULL!;#NULL!;Smooth Asphalt;#NULL!;T-Intersection;Motorist Left Turn / Merge;Local Street;B: Evident Injury;Forsyth;55;Clear;#NULL!;31-35 mph;30 - 35  MPH;2009;Dawn;50-59
36.0724521007, -79.7903429727;"{""type"": ""Point"", ""coordinates"": [-79.79034297267083, 36.07245210067052]}";Black;Greensboro;Travel Lane;2;12;Urban (>70% Developed);Male;Passenger Car;0;#NULL!;0;0;Black;No;0;50-59;Motorist Overtaking - Misjudged Space;None;No;No;Dry;0;Urban;No;30SEP2009;0;12:52;Female;No;Commercial;B: Evident Injury;Yes;O: No Injury;5228;September;0;Straight - Level;Piedmont;With Traffic;Stop And Go Signal;Wednesday;Intersection;52;0;One-Way, Not Divided;6 lanes;0;#NULL!;#NULL!;Smooth Asphalt;#NULL!;Four-Way Intersection;Motorist Overtaking Bicyclist;Local Street;B: Evident Injury;Guilford;19;Clear;#NULL!;16-20 mph;20 - 25  MPH;2009;Daylight;0-19
33.9142366772, -78.4913724708;"{""type"": ""Point"", ""coordinates"": [-78.49137247076808, 33.914236677154356]}";White;None - Rural Crash;Travel Lane;2;17;Mixed (30% To 70% Developed);Male;Passenger Car;0;#NULL!;0;0;White;No;0;16-19;Bicyclist Ride Through - Sign-Controlled Intersection;None;No;No;Dry;0;Rural;No;13OCT2009;0;17:56;Male;No;Farms, Woods, Pastures;A: Disabling Injury;Yes;O: No Injury;5229;October;0;Straight - Level;Coastal;With Traffic;Stop Sign;Tuesday;Intersection;16;0;Two-Way, Not Divided;3 lanes;0;#NULL!;#NULL!;Coarse Asphalt;#NULL!;Driveway, Public;Bicyclist Failed to Yield - Sign-Controlled Intersection;NC Route;A: Disabling Injury;Brunswick;62;Clear;#NULL!;51-55 mph;50 - 55  MPH;2009;Daylight;60-69
36.4421972554, -77.6689473486;"{""type"": ""Point"", ""coordinates"": [-77.66894734860013, 36.442197255404885]}";Black;Roanoke Rapids;Travel Lane;2;15;Urban (>70% Developed);Male;Unknown;0;#NULL!;0;0;Unknown/Missing;No;0;6-10;Motorist Drive Through - Signalized Intersection;None;No;No;Dry;0;Urban;Yes;27SEP2009;0;15:44;Unknown;Missing;Commercial;B: Evident Injury;Yes;Unknown Injury;5230;September;0;Straight - Level;Coastal;With Traffic;Stop And Go Signal;Sunday;Intersection;9;0;Two-Way, Not Divided;3 lanes;0;#NULL!;#NULL!;Coarse Asphalt;#NULL!;No Special Feature;Motorist Failed to Yield - Signalized Intersection;NC Route;B: Evident Injury;Halifax;Unknown;Clear;#NULL!;11-15 mph;30 - 35  MPH;2009;Daylight;Unknown
36.2787241214, -80.4021231687;"{""type"": ""Point"", ""coordinates"": [-80.40212316868173, 36.27872412136339]}";White;None - Rural Crash;Travel Lane;2;10;Mixed (30% To 70% Developed);Female;Van;0;#NULL!;0;0;White;No;0;50-59;Motorist Overtaking - Other / Unknown;None;No;No;Dry;0;Rural;No;03OCT2009;0;10:45;Male;No;Residential;B: Evident Injury;Yes;O: No Injury;5232;October;0;Straight - Grade;Piedmont;With Traffic;Double Yellow Line, No Passing Zone;Saturday;Non-Intersection;51;0;Two-Way, Not Divided;2 lanes;0;#NULL!;#NULL!;Smooth Asphalt;#NULL!;No Special Feature;Motorist Overtaking Bicyclist;State Secondary Route;B: Evident Injury;Stokes;48;Clear;#NULL!;41-45 mph;40 - 45  MPH;2009;Daylight;40-49
35.5583790898, -76.9387420797;"{""type"": ""Point"", ""coordinates"": [-76.93874207967933, 35.5583790897506]}";White;None - Rural Crash;Unknown;2;21;Rural (<30% Developed);Male;Passenger Car;0;#NULL!;0;0;White;No;0;16-19;Bicyclist Ride Out - Midblock - Unknown;None;No;No;Dry;0;Rural;No;11OCT2009;0;21:22;Male;No;Residential;B: Evident Injury;Yes;O: No Injury;5238;October;0;Straight - Level;Coastal;Unknown;Double Yellow Line, No Passing Zone;Sunday;Non-Intersection;16;0;Two-Way, Not Divided;2 lanes;0;#NULL!;#NULL!;Coarse Asphalt;#NULL!;No Special Feature;Bicyclist Failed to Yield - Midblock;State Secondary Route;B: Evident Injury;Beaufort;20;Clear;#NULL!;41-45 mph;50 - 55  MPH;2009;Dark - Roadway Not Lighted;20-24
34.8164248515, -79.2014567288;"{""type"": ""Point"", ""coordinates"": [-79.20145672879862, 34.81642485153316]}";White;None - Rural Crash;Travel Lane;2;7;Rural (<30% Developed);Male;Pickup;0;#NULL!;0;0;Native American;No;0;60-69;Motorist Overtaking - Other / Unknown;None;No;No;Dry;0;Rural;No;19OCT2009;0;7:50;Male;No;Farms, Woods, Pastures;A: Disabling Injury;Yes;O: No Injury;5250;October;0;Straight - Level;Coastal;With Traffic;No Control Present;Monday;Non-Intersection;60;0;Two-Way, Not Divided;2 lanes;0;#NULL!;#NULL!;Coarse Asphalt;#NULL!;No Special Feature;Motorist Overtaking Bicyclist;State Secondary Route;A: Disabling Injury;Robeson;24;Clear;#NULL!;51-55 mph;50 - 55  MPH;2009;Daylight;20-24
35.9427071436, -77.801862363;"{""type"": ""Point"", ""coordinates"": [-77.80186236296112, 35.94270714356222]}";Black;Rocky Mount;Travel Lane;2;19;Urban (>70% Developed);Male;Sport Utility;0;#NULL!;0;0;White;No;0;25-29;Signalized Intersection - Other / Unknown;None;No;No;Dry;0;Urban;No;23SEP2009;0;19:22;Male;No;Residential;C: Possible Injury;Yes;O: No Injury;5255;September;0;Straight - Level;Coastal;Facing Traffic;Stop And Go Signal;Wednesday;Intersection;27;0;One-Way, Not Divided;2 lanes;0;#NULL!;#NULL!;Coarse Asphalt;#NULL!;T-Intersection;Crossing Paths - Other Circumstances;Local Street;C: Possible Injury;Nash;39;Clear;#NULL!;6-10 mph;30 - 35  MPH;2009;Dusk;30-39
35.776202963, -81.7859135527;"{""type"": ""Point"", ""coordinates"": [-81.78591355267432, 35.776202963034436]}";White;None - Rural Crash;Driveway / Alley;2;16;Urban (>70% Developed);Male;Pickup;0;#NULL!;0;0;White;No;0;11-15;Bicyclist Ride Out - Residential Driveway;None;No;No;Dry;0;Rural;No;24OCT2009;0;16:18;Female;No;Residential;B: Evident Injury;Yes;O: No Injury;5260;October;0;Straight - Level;Mountains;Not Applicable;No Control Present;Saturday;Non-Intersection;15;0;Two-Way, Not Divided;2 lanes;0;#NULL!;#NULL!;Smooth Asphalt;#NULL!;Driveway, Private;Bicyclist Failed to Yield - Midblock;State Secondary Route;B: Evident Injury;Burke;70+;Clear;#NULL!;41-45 mph;40 - 45  MPH;2009;Daylight;70+
34.2378917682, -77.8888623043;"{""type"": ""Point"", ""coordinates"": [-77.88886230426513, 34.2378917682388]}";White;Wilmington;Travel Lane;2;18;Urban (>70% Developed);Male;Pickup;0;#NULL!;0;0;White;No;0;50-59;Motorist Drive Out - Residential Driveway;None;Yes;Yes;Dry;0;Urban;No;09OCT2009;0;18:25;Male;No;Commercial;B: Evident Injury;Yes;O: No Injury;5261;October;0;Straight - Level;Coastal;Facing Traffic;No Control Present;Friday;Non-Intersection;52;0;Two-Way, Not Divided;2 lanes;0;#NULL!;#NULL!;Smooth Asphalt;#NULL!;Driveway, Private;Motorist Failed to Yield - Midblock;Local Street;B: Evident Injury;New Hanover;39;Clear;#NULL!;0-5 mph;30 - 35  MPH;2009;Daylight;30-39
35.4985669472, -80.6402081965;"{""type"": ""Point"", ""coordinates"": [-80.64020819645533, 35.4985669472179]}";White;Kannapolis;Travel Lane;2;18;Urban (>70% Developed);Male;Passenger Car;0;#NULL!;0;0;White;No;0;6-10;Bicyclist Ride Through - Sign-Controlled Intersection;None;No;No;Dry;0;Urban;No;16OCT2009;0;18:14;Male;No;Residential;B: Evident Injury;Yes;O: No Injury;5271;October;0;Straight - Grade;Piedmont;With Traffic;Stop Sign;Friday;Intersection;8;0;Two-Way, Not Divided;2 lanes;0;#NULL!;#NULL!;Smooth Asphalt;#NULL!;Four-Way Intersection;Bicyclist Failed to Yield - Sign-Controlled Intersection;Local Street;B: Evident Injury;Cabarrus;70+;Clear;#NULL!;26-30 mph;30 - 35  MPH;2009;Daylight;70+
35.5075328571, -83.0766839186;"{""type"": ""Point"", ""coordinates"": [-83.07668391863308, 35.507532857084314]}";White;None - Rural Crash;Travel Lane;2;15;Mixed (30% To 70% Developed);Male;Passenger Car;0;#NULL!;0;0;White;No;0;6-10;Crossing Paths - Intersection - Other / Unknown;None;No;No;Dry;0;Rural;No;18OCT2009;0;15:21;Female;No;Residential;B: Evident Injury;Yes;O: No Injury;5275;October;0;Straight - Grade;Mountains;With Traffic;Double Yellow Line, No Passing Zone;Sunday;Intersection;10;0;Two-Way, Not Divided;2 lanes;0;#NULL!;#NULL!;Coarse Asphalt;#NULL!;T-Intersection;Crossing Paths - Other Circumstances;State Secondary Route;B: Evident Injury;Haywood;56;Cloudy;#NULL!;26-30 mph;30 - 35  MPH;2009;Daylight;50-59
35.6609799888, -80.4625931521;"{""type"": ""Point"", ""coordinates"": [-80.46259315206962, 35.660979988750114]}";Black;Salisbury;Sidewalk / Crosswalk / Driveway Crossing;2;20;Urban (>70% Developed);Male;Pickup;0;#NULL!;0;0;White;No;0;40-49;Crossing Paths - Uncontrolled Intersection;None;No;No;Dry;0;Urban;No;02NOV2009;0;20:51;Male;No;Commercial;O: No Injury;No;O: No Injury;5278;November;0;Straight - Level;Piedmont;Facing Traffic;No Control Present;Monday;Intersection;48;0;Two-Way, Not Divided;4 lanes;0;#NULL!;#NULL!;Smooth Asphalt;#NULL!;T-Intersection;Crossing Paths - Other Circumstances;Local Street;O: No Injury;Rowan;30;Clear;#NULL!;0-5 mph;30 - 35  MPH;2009;Dark - Roadway Not Lighted;30-39
34.6242708298, -78.6078365406;"{""type"": ""Point"", ""coordinates"": [-78.60783654058166, 34.624270829809085]}";Black;Elizabethtown;Sidewalk / Crosswalk / Driveway Crossing;2;10;Urban (>70% Developed);Male;Passenger Car;0;#NULL!;0;0;White;No;0;50-59;Motorist Drive Out - Commercial Driveway / Alley;None;No;No;Dry;0;Rural;No;23OCT2009;0;10:20;Female;No;Commercial;B: Evident Injury;Yes;O: No Injury;5280;October;0;Straight - Level;Coastal;Facing Traffic;No Control Present;Friday;Non-Intersection;56;0;Unknown;Unknown;0;#NULL!;#NULL!;Smooth Asphalt;#NULL!;Driveway, Public;Motorist Failed to Yield - Midblock;Public Vehicular Area;B: Evident Injury;Bladen;58;Clear;#NULL!;0-5 mph;Unknown;2009;Daylight;50-59
35.5547750852, -77.0574221162;"{""type"": ""Point"", ""coordinates"": [-77.05742211617736, 35.55477508521111]}";Black;Washington;Travel Lane;2;0;Urban (>70% Developed);Male;Passenger Car;0;#NULL!;0;0;Black;No;0;25-29;Motorist Intentionally Caused;None;No;No;Dry;0;Urban;No;26OCT2009;0;0:57;Female;No;Residential;C: Possible Injury;Yes;O: No Injury;5283;October;0;Straight - Level;Coastal;With Traffic;Stop Sign;Monday;Intersection;25;0;Two-Way, Not Divided;2 lanes;0;#NULL!;#NULL!;Coarse Asphalt;#NULL!;T-Intersection;Other / Unusual Circumstances;Local Street;C: Possible Injury;Beaufort;20;Clear;#NULL!;16-20 mph;30 - 35  MPH;2009;Dark - Lighted Roadway;20-24
34.9097569275, -77.5708622407;"{""type"": ""Point"", ""coordinates"": [-77.57086224071422, 34.909756927549346]}";White;None - Rural Crash;Travel Lane;2;23;Mixed (30% To 70% Developed);Male;Unknown;0;#NULL!;0;0;Unknown/Missing;No;0;16-19;Motorist Overtaking - Other / Unknown;None;No;No;Dry;0;Rural;Yes;27SEP2009;0;23:00;Unknown;Missing;Residential;B: Evident Injury;Yes;Unknown Injury;5285;September;0;Straight - Level;Coastal;With Traffic;No Control Present;Sunday;Non-Intersection;19;0;Two-Way, Not Divided;5 lanes;0;#NULL!;#NULL!;Coarse Asphalt;#NULL!;No Special Feature;Motorist Overtaking Bicyclist;US Route;B: Evident Injury;Onslow;Unknown;Clear;#NULL!;51-55 mph;50 - 55  MPH;2009;Dark - Roadway Not Lighted;Unknown
36.4288272549, -77.5997123266;"{""type"": ""Point"", ""coordinates"": [-77.59971232656036, 36.42882725492607]}";Black;Weldon;Travel Lane;2;17;Urban (>70% Developed);Male;Passenger Car;0;#NULL!;0;0;Black;No;0;40-49;Crossing Paths - Intersection - Other / Unknown;None;No;No;Dry;0;Rural;No;24OCT2009;0;17:41;Female;No;Residential;B: Evident Injury;Yes;O: No Injury;5291;October;0;Straight - Grade;Coastal;With Traffic;No Control Present;Saturday;Intersection;40;0;One-Way, Not Divided;2 lanes;0;#NULL!;#NULL!;Smooth Asphalt;#NULL!;No Special Feature;Crossing Paths - Other Circumstances;Local Street;B: Evident Injury;Halifax;43;Cloudy;#NULL!;11-15 mph;20 - 25  MPH;2009;Daylight;40-49
35.2650670048, -77.5811222609;"{""type"": ""Point"", ""coordinates"": [-77.58112226091586, 35.26506700477365]}";Black;Kinston;Travel Lane;2;15;Urban (>70% Developed);Male;Passenger Car;0;#NULL!;0;0;Black;No;0;50-59;Bicyclist Ride Through - Signalized Intersection;None;No;No;Wet;0;Urban;No;10NOV2009;0;15:44;Female;No;Commercial;C: Possible Injury;Yes;O: No Injury;5292;November;0;Straight - Level;Coastal;With Traffic;Stop And Go Signal;Tuesday;Intersection;50;0;Two-Way, Not Divided;4 lanes;0;#NULL!;#NULL!;Smooth Asphalt;#NULL!;Four-Way Intersection;Bicyclist Failed to Yield - Signalized Intersection;Local Street;C: Possible Injury;Lenoir;70+;Rain;#NULL!;0-5 mph;20 - 25  MPH;2009;Daylight;70+
34.2282937649, -77.9425323201;"{""type"": ""Point"", ""coordinates"": [-77.94253232009928, 34.228293764886224]}";Black;Wilmington;Sidewalk / Crosswalk / Driveway Crossing;2;12;Urban (>70% Developed);Male;Passenger Car;0;#NULL!;0;0;White;No;0;40-49;Motorist Drive Out - Signalized Intersection;None;No;No;Dry;0;Urban;No;29OCT2009;0;12:03;Female;No;Commercial;C: Possible Injury;Yes;O: No Injury;5310;October;0;Straight - Level;Coastal;Facing Traffic;Stop And Go Signal;Thursday;Intersection;49;0;Two-Way, Not Divided;6 lanes;0;#NULL!;#NULL!;Smooth Asphalt;#NULL!;Four-Way Intersection;Motorist Failed to Yield - Signalized Intersection;Local Street;C: Possible Injury;New Hanover;25;Clear;#NULL!;6-10 mph;20 - 25  MPH;2009;Daylight;25-29
36.1654621306, -79.511742894;"{""type"": ""Point"", ""coordinates"": [-79.5117428939554, 36.16546213061005]}";White;None - Rural Crash;Travel Lane;2;6;Rural (<30% Developed);Male;Pickup;0;#NULL!;0;0;White;No;0;30-39;Motorist Overtaking - Misjudged Space;None;No;No;Dry;0;Rural;No;27NOV2009;0;6:50;Male;No;Farms, Woods, Pastures;C: Possible Injury;Yes;O: No Injury;5319;November;0;Straight - Level;Piedmont;With Traffic;Double Yellow Line, No Passing Zone;Friday;Non-Intersection;30;0;Two-Way, Not Divided;2 lanes;0;#NULL!;#NULL!;Coarse Asphalt;#NULL!;No Special Feature;Motorist Overtaking Bicyclist;State Secondary Route;C: Possible Injury;Alamance;24;Clear;#NULL!;36-40 mph;40 - 45  MPH;2009;Daylight;20-24
34.7011408246, -79.2520627382;"{""type"": ""Point"", ""coordinates"": [-79.25206273822084, 34.70114082460709]}";Native American;None - Rural Crash;Travel Lane;3;22;Rural (<30% Developed);Male;Passenger Car;0;#NULL!;0;0;Native American;No;0;20-24;Bicyclist Left Turn - Same Direction;None;Yes;Yes;Wet;0;Rural;No;13NOV2009;0;22:07;Male;No;Farms, Woods, Pastures;B: Evident Injury;Yes;O: No Injury;5321;November;0;Straight - Level;Coastal;With Traffic;Double Yellow Line, No Passing Zone;Friday;Non-Intersection;23;0;Two-Way, Not Divided;2 lanes;0;#NULL!;#NULL!;Coarse Asphalt;#NULL!;No Special Feature;Bicyclist Left Turn / Merge;State Secondary Route;C: Possible Injury;Robeson;28;Cloudy;#NULL!;51-55 mph;50 - 55  MPH;2009;Dark - Roadway Not Lighted;25-29
35.53185693, -81.302573396;"{""type"": ""Point"", ""coordinates"": [-81.30257339602053, 35.531856930046246]}";White;None - Rural Crash;Travel Lane;2;9;Rural (<30% Developed);Male;Unknown;0;#NULL!;0;0;Unknown/Missing;No;0;40-49;Motorist Overtaking - Other / Unknown;None;No;No;Dry;0;Rural;Yes;29NOV2009;0;9:53;Unknown;No;Farms, Woods, Pastures;B: Evident Injury;Yes;Unknown Injury;5323;November;0;Straight - Level;Piedmont;With Traffic;Double Yellow Line, No Passing Zone;Sunday;Non-Intersection;44;0;Two-Way, Not Divided;2 lanes;0;#NULL!;#NULL!;Coarse Asphalt;#NULL!;No Special Feature;Motorist Overtaking Bicyclist;State Secondary Route;B: Evident Injury;Lincoln;Unknown;Clear;#NULL!;51-55 mph;50 - 55  MPH;2009;Daylight;Unknown
35.9880770738, -80.0263230387;"{""type"": ""Point"", ""coordinates"": [-80.02632303866424, 35.98807707383845]}";White;High Point;Travel Lane;2;6;Urban (>70% Developed);Male;Passenger Car;0;#NULL!;0;0;White;No;0;50-59;Motorist Overtaking - Undetected Bicyclist;None;No;No;Dry;0;Urban;No;04NOV2009;0;6:30;Male;No;Commercial;C: Possible Injury;No;O: No Injury;5324;November;0;Straight - Level;Piedmont;With Traffic;No Control Present;Wednesday;Non-Intersection;54;0;Two-Way, Not Divided;5 lanes;0;#NULL!;#NULL!;Coarse Asphalt;#NULL!;No Special Feature;Motorist Overtaking Bicyclist;Local Street;C: Possible Injury;Guilford;18;Clear;#NULL!;Unknown;40 - 45  MPH;2009;Dark - Lighted Roadway;0-19
35.7846270801, -78.6586826154;"{""type"": ""Point"", ""coordinates"": [-78.6586826154038, 35.78462708012317]}";White;Raleigh;Travel Lane;2;19;Urban (>70% Developed);Male;Passenger Car;0;#NULL!;0;0;Black;No;0;20-24;Motorist Left Turn - Opposite Direction;None;No;No;Dry;0;Urban;No;21OCT2009;0;19:19;Female;No;Commercial;C: Possible Injury;Yes;O: No Injury;5328;October;0;Straight - Level;Piedmont;With Traffic;No Control Present;Wednesday;Non-Intersection;22;0;Two-Way, Not Divided;5 lanes;0;#NULL!;#NULL!;Smooth Asphalt;#NULL!;No Special Feature;Motorist Left Turn / Merge;Local Street;C: Possible Injury;Wake;35;Clear;#NULL!;0-5 mph;30 - 35  MPH;2009;Dark - Lighted Roadway;30-39
35.7889740808, -78.6732026196;"{""type"": ""Point"", ""coordinates"": [-78.67320261959875, 35.78897408077]}";White;Raleigh;Sidewalk / Crosswalk / Driveway Crossing;2;12;Urban (>70% Developed);Male;Passenger Car;0;#NULL!;0;0;Black;No;0;25-29;Motorist Drive Out - Right Turn on Red;None;No;No;Dry;0;Urban;No;20OCT2009;0;12:12;Male;No;Commercial;C: Possible Injury;No;O: No Injury;5332;October;0;Straight - Level;Piedmont;Facing Traffic;Stop And Go Signal;Tuesday;Intersection;25;0;Two-Way, Not Divided;3 lanes;0;#NULL!;#NULL!;Smooth Asphalt;#NULL!;T-Intersection;Motorist Failed to Yield - Signalized Intersection;Local Street;C: Possible Injury;Wake;46;Clear;#NULL!;31-35 mph;30 - 35  MPH;2009;Daylight;40-49
35.650046986, -80.4726031541;"{""type"": ""Point"", ""coordinates"": [-80.47260315410546, 35.650046985977]}";Hispanic;Salisbury;Travel Lane;2;22;Urban (>70% Developed);Male;Passenger Car;0;#NULL!;0;0;Black;No;0;20-24;Motorist Overtaking - Other / Unknown;None;No;No;Dry;0;Urban;No;30NOV2009;0;22:11;Female;No;Commercial;B: Evident Injury;Yes;O: No Injury;5333;November;0;Straight - Level;Piedmont;With Traffic;Double Yellow Line, No Passing Zone;Monday;Non-Intersection;21;0;Two-Way, Divided, Unprotected Median;2 lanes;0;#NULL!;#NULL!;Smooth Asphalt;#NULL!;No Special Feature;Motorist Overtaking Bicyclist;Local Street;B: Evident Injury;Rowan;26;Clear;#NULL!;26-30 mph;40 - 45  MPH;2009;Dark - Roadway Not Lighted;25-29
35.7219190478, -79.1958427747;"{""type"": ""Point"", ""coordinates"": [-79.19584277469092, 35.721919047776865]}";Black;None - Rural Crash;Travel Lane;2;20;Rural (<30% Developed);Male;Passenger Car;0;#NULL!;0;0;Black;No;0;40-49;Motorist Overtaking - Other / Unknown;None;Yes;Yes;Dry;0;Rural;No;28NOV2009;0;20:32;Female;No;Farms, Woods, Pastures;B: Evident Injury;Yes;O: No Injury;5334;November;0;Straight - Level;Piedmont;With Traffic;No Control Present;Saturday;Non-Intersection;46;0;Two-Way, Not Divided;2 lanes;0;#NULL!;#NULL!;Smooth Asphalt;#NULL!;No Special Feature;Motorist Overtaking Bicyclist;US Route;B: Evident Injury;Chatham;45;Clear;#NULL!;51-55 mph;50 - 55  MPH;2009;Dark - Roadway Not Lighted;40-49
35.3831400169, -77.9877263912;"{""type"": ""Point"", ""coordinates"": [-77.98772639116589, 35.38314001694844]}";Black;Goldsboro;Non-Roadway;2;12;Urban (>70% Developed);Male;Pickup;0;#NULL!;0;0;Black;No;0;50-59;Bicyclist Ride Out - Commercial Driveway / Alley;None;Yes;Yes;Dry;0;Urban;No;17NOV2009;0;12:10;Male;No;Commercial;C: Possible Injury;Yes;C: Possible Injury;5338;November;0;Straight - Level;Coastal;Not Applicable;No Control Present;Tuesday;Non-Intersection;52;0;Two-Way, Not Divided;2 lanes;0;#NULL!;#NULL!;Smooth Asphalt;#NULL!;No Special Feature;Bicyclist Failed to Yield - Midblock;Local Street;C: Possible Injury;Wayne;70+;Clear;#NULL!;6-10 mph;30 - 35  MPH;2009;Daylight;70+
35.9055440906, -79.0874227514;"{""type"": ""Point"", ""coordinates"": [-79.0874227514246, 35.90554409055146]}";White;Carrboro;Travel Lane;2;18;Urban (>70% Developed);Male;Passenger Car;0;#NULL!;0;0;White;No;0;25-29;Motorist Drive Out - Sign-Controlled Intersection;None;No;No;Dry;0;Urban;No;17NOV2009;0;18:07;Male;No;Commercial;O: No Injury;No;O: No Injury;5339;November;0;Straight - Grade;Piedmont;With Traffic;Stop Sign;Tuesday;Intersection;29;0;Two-Way, Divided, Positive Median Barrier;6 lanes;0;#NULL!;#NULL!;Smooth Asphalt;#NULL!;On or Off Ramp;Motorist Failed to Yield - Sign-Controlled Intersection;Local Street;O: No Injury;Orange;22;Clear;#NULL!;6-10 mph;30 - 35  MPH;2009;Dusk;20-24
35.5204348841, -82.4366437314;"{""type"": ""Point"", ""coordinates"": [-82.43664373144638, 35.52043488407454]}";White;None - Rural Crash;Travel Lane;2;16;Rural (<30% Developed);Male;Van;0;#NULL!;0;0;White;No;0;25-29;Motorist Drive Out - Sign-Controlled Intersection;None;No;No;Dry;0;Rural;No;20NOV2009;0;16:46;Male;No;Residential;B: Evident Injury;Yes;O: No Injury;5342;November;0;Straight - Level;Mountains;With Traffic;Stop Sign;Friday;Intersection;25;0;Two-Way, Not Divided;2 lanes;0;#NULL!;#NULL!;Smooth Asphalt;#NULL!;Four-Way Intersection;Motorist Failed to Yield - Sign-Controlled Intersection;State Secondary Route;B: Evident Injury;Buncombe;70+;Clear;#NULL!;0-5 mph;40 - 45  MPH;2009;Daylight;70+
35.9180020935, -79.0745267483;"{""type"": ""Point"", ""coordinates"": [-79.07452674832832, 35.918002093541176]}";White;Carrboro;Driveway / Alley;2;21;Urban (>70% Developed);Female;Passenger Car;0;#NULL!;0;0;White;No;0;25-29;Bicyclist Lost Control - Other / Unknown;None;No;No;Dry;0;Urban;No;20NOV2009;0;21:44;Female;No;Residential;C: Possible Injury;Yes;O: No Injury;5344;November;0;Straight - Hillcrest;Piedmont;Not Applicable;No Control Present;Friday;Non-Intersection;27;0;Two-Way, Not Divided;2 lanes;0;#NULL!;#NULL!;Smooth Asphalt;#NULL!;No Special Feature;Loss of Control / Turning Error;Local Street;C: Possible Injury;Orange;23;Clear;#NULL!;0-5 mph;20 - 25  MPH;2009;Dark - Lighted Roadway;20-24