Geo Point;Geo Shape;BikeRace;City;BikePos;NumUnits;CrashHour;Locality;BikeSex;DrvrVehTyp;NumBikesNo;BikeAlcDrg;NumBikesBI;RteInvdCd;DrvrRace;Workzone;NumBikesCi;BikeAgeGrp;CrashType;RdDefects;CrashAlcoh;BikeAlcoho;RdConditio;DstncMiFrm;RuralUrban;HitRun;CrashDate;NumBikesUI;CrashTime;DrvrSex;DrvrAlcoho;Developmen;CrashSevr;AmbulanceR;DrvrInjury;OBJECTID;CrashMonth;NumBikesKi;RdCharacte;Region;BikeDir;TraffCntrl;CrashDay;CrashLoc;BikeAge;NumBikesTo;RdConfig;NumLanes;NumBikesAI;DrvrAlcDrg;OnRoad;RdSurface;Towrd_Rd;RdFeature;CrashGrp;RdClass;BikeInjury;County;DrvrAge;Weather;FrmRd;DrvrEstSpd;SpeedLimit;CrashYear;LightCond;DrvrAgeGrp
35.0400119067, -79.0206626852;"{""type"": ""Point"", ""coordinates"": [-79.02066268515705, 35.040011906708614]}";Black;Fayetteville;Unknown;2;14;Urban (>70% Developed);Male;Unknown;0;#NULL!;0;0;Unknown/Missing;No;0;6-10;Bicyclist Ride Out - Midblock - Unknown;None;No;No;Dry;0;Urban;Yes;22NOV2009;0;14:31;Unknown;Missing;Residential;O: No Injury;No;Unknown Injury;5345;November;0;Straight - Grade;Coastal;Not Applicable;No Control Present;Sunday;Non-Intersection;6;0;Two-Way, Not Divided;2 lanes;0;#NULL!;#NULL!;Coarse Asphalt;#NULL!;No Special Feature;Bicyclist Failed to Yield - Midblock;Local Street;O: No Injury;Cumberland;Unknown;Cloudy;#NULL!;21-25 mph;20 - 25  MPH;2009;Daylight;Unknown
36.1126131079, -79.8209429842;"{""type"": ""Point"", ""coordinates"": [-79.82094298415106, 36.112613107915735]}";White;Greensboro;Travel Lane;2;18;Mixed (30% To 70% Developed);Male;Passenger Car;0;#NULL!;0;0;White;No;0;20-24;Motorist Drive Out - Sign-Controlled Intersection;None;No;No;Wet;0;Urban;No;23NOV2009;0;18:16;Female;No;Residential;C: Possible Injury;No;O: No Injury;5350;November;0;Straight - Hillcrest;Piedmont;Not Applicable;Stop Sign;Monday;Intersection;20;0;Two-Way, Divided, Unprotected Median;4 lanes;0;#NULL!;#NULL!;Grooved Concrete;#NULL!;No Special Feature;Motorist Failed to Yield - Sign-Controlled Intersection;Local Street;C: Possible Injury;Guilford;37;Rain;#NULL!;0-5 mph;30 - 35  MPH;2009;Dark - Roadway Not Lighted;30-39
35.6824069651, -81.218543379;"{""type"": ""Point"", ""coordinates"": [-81.21854337902563, 35.68240696506154]}";Hispanic;Newton;Sidewalk / Crosswalk / Driveway Crossing;2;13;Urban (>70% Developed);Male;Passenger Car;0;#NULL!;0;0;Black;No;0;11-15;Motorist Left Turn - Opposite Direction;None;No;No;Dry;0;Urban;No;29NOV2009;0;13:38;Male;No;Commercial;B: Evident Injury;No;O: No Injury;5351;November;0;Straight - Level;Piedmont;With Traffic;Stop And Go Signal;Sunday;Intersection;11;0;Two-Way, Not Divided;4 lanes;0;#NULL!;#NULL!;Coarse Asphalt;#NULL!;T-Intersection;Motorist Left Turn / Merge;NC Route;B: Evident Injury;Catawba;27;Cloudy;#NULL!;6-10 mph;30 - 35  MPH;2009;Daylight;25-29
35.2707738845, -81.0350533011;"{""type"": ""Point"", ""coordinates"": [-81.03505330105158, 35.270773884514625]}";White;Mount Holly;Travel Lane;2;16;Urban (>70% Developed);Male;Pickup;0;#NULL!;0;0;White;No;0;40-49;Motorist Overtaking - Undetected Bicyclist;None;No;No;Dry;0;Urban;No;16NOV2009;0;16:54;Female;No;Residential;B: Evident Injury;Yes;B: Evident Injury;5364;November;0;Straight - Level;Piedmont;With Traffic;Double Yellow Line, No Passing Zone;Monday;Non-Intersection;47;0;Two-Way, Not Divided;2 lanes;0;#NULL!;#NULL!;Smooth Asphalt;#NULL!;No Special Feature;Motorist Overtaking Bicyclist;Local Street;B: Evident Injury;Gaston;55;Clear;#NULL!;41-45 mph;40 - 45  MPH;2009;Daylight;50-59
36.1217770935, -80.251948115;"{""type"": ""Point"", ""coordinates"": [-80.25194811497083, 36.121777093523896]}";Black;Winston-Salem;Unknown;2;6;Urban (>70% Developed);Male;Passenger Car;0;#NULL!;0;0;Black;No;0;50-59;Bicyclist Ride Out - Midblock - Unknown;None;No;No;Dry;0;Urban;No;30NOV2009;0;6:19;Male;No;Residential;B: Evident Injury;Yes;O: No Injury;5374;November;0;Straight - Grade;Piedmont;Not Applicable;No Control Present;Monday;Non-Intersection;50;0;Two-Way, Not Divided;2 lanes;0;#NULL!;#NULL!;Smooth Asphalt;#NULL!;No Special Feature;Bicyclist Failed to Yield - Midblock;Local Street;B: Evident Injury;Forsyth;38;Cloudy;#NULL!;16-20 mph;30 - 35  MPH;2009;Dark - Roadway Not Lighted;30-39
35.1309309307, -78.8992826533;"{""type"": ""Point"", ""coordinates"": [-78.89928265334639, 35.130930930699826]}";White;Fayetteville;Unknown;2;17;Urban (>70% Developed);Male;Passenger Car;0;#NULL!;0;0;Black;No;0;11-15;Bicyclist Ride Out - Midblock - Unknown;None;No;No;Dry;0;Urban;No;04DEC2009;0;17:17;Male;No;Commercial;O: No Injury;No;O: No Injury;5375;December;0;Straight - Level;Coastal;Not Applicable;No Control Present;Friday;Non-Intersection;12;0;Two-Way, Not Divided;3 lanes;0;#NULL!;#NULL!;Coarse Asphalt;#NULL!;No Special Feature;Bicyclist Failed to Yield - Midblock;Local Street;O: No Injury;Cumberland;28;Clear;#NULL!;16-20 mph;30 - 35  MPH;2009;Dark - Roadway Not Lighted;25-29
35.4887229461, -80.6265331915;"{""type"": ""Point"", ""coordinates"": [-80.62653319154258, 35.48872294609136]}";Black;Kannapolis;Travel Lane;2;17;Urban (>70% Developed);Male;Light Truck (Mini-Van, Panel);0;#NULL!;0;0;White;No;0;11-15;Motorist Drive Out - Signalized Intersection;None;No;No;Dry;0;Urban;No;01DEC2009;0;17:52;Female;No;Commercial;B: Evident Injury;Yes;O: No Injury;5377;December;0;Straight - Level;Piedmont;With Traffic;Stop And Go Signal;Tuesday;Intersection;13;0;Two-Way, Not Divided;4 lanes;0;#NULL!;#NULL!;Smooth Asphalt;#NULL!;No Special Feature;Motorist Failed to Yield - Signalized Intersection;NC Route;B: Evident Injury;Cabarrus;50;Clear;#NULL!;11-15 mph;30 - 35  MPH;2009;Dark - Lighted Roadway;50-59
35.0096119004, -79.0242526847;"{""type"": ""Point"", ""coordinates"": [-79.02425268468465, 35.009611900361755]}";White;Fayetteville;Travel Lane;3;7;Urban (>70% Developed);Male;Pickup;0;#NULL!;0;0;White;No;0;16-19;Motorist Overtaking - Other / Unknown;None;No;No;Wet;0;Urban;No;19NOV2009;0;7:14;Male;No;Residential;K: Killed;Yes;B: Evident Injury;5386;November;0;Straight - Level;Coastal;With Traffic;No Control Present;Thursday;Non-Intersection;18;0;Two-Way, Not Divided;2 lanes;0;#NULL!;#NULL!;Coarse Asphalt;#NULL!;No Special Feature;Motorist Overtaking Bicyclist;Local Street;C: Possible Injury;Cumberland;44;Cloudy;#NULL!;46-50 mph;50 - 55  MPH;2009;Daylight;40-49
35.9745210709, -80.0181630363;"{""type"": ""Point"", ""coordinates"": [-80.01816303633872, 35.97452107090395]}";Other;High Point;Sidewalk / Crosswalk / Driveway Crossing;2;12;Urban (>70% Developed);Male;Passenger Car;0;#NULL!;0;0;White;No;0;40-49;Non-Roadway;None;No;No;Dry;0;Urban;No;16DEC2009;0;12:07;Male;No;Commercial;C: Possible Injury;No;O: No Injury;5388;December;0;Straight - Level;Piedmont;Not Applicable;No Control Present;Wednesday;Non-Roadway;48;0;Two-Way, Not Divided;Unknown;0;#NULL!;#NULL!;Smooth Asphalt;#NULL!;Driveway, Public;Non-Roadway;Public Vehicular Area;C: Possible Injury;Guilford;64;Clear;#NULL!;0-5 mph;Unknown;2009;Daylight;60-69
36.0750570998, -79.8149669808;"{""type"": ""Point"", ""coordinates"": [-79.81496698084828, 36.075057099829536]}";White;Greensboro;Travel Lane;2;13;Urban (>70% Developed);Male;Passenger Car;0;#NULL!;0;0;White;No;0;20-24;Bicyclist Lost Control - Mechanical Problems;None;No;No;Dry;0;Urban;No;21DEC2009;0;13:54;Female;No;Commercial;C: Possible Injury;Yes;O: No Injury;5392;December;0;Straight - Level;Piedmont;With Traffic;Stop Sign;Monday;Intersection;22;0;Two-Way, Not Divided;2 lanes;0;#NULL!;#NULL!;Smooth Asphalt;#NULL!;T-Intersection;Loss of Control / Turning Error;Local Street;C: Possible Injury;Guilford;23;Clear;#NULL!;16-20 mph;30 - 35  MPH;2009;Daylight;20-24
35.7526869637, -81.6441995102;"{""type"": ""Point"", ""coordinates"": [-81.64419951016616, 35.75268696374304]}";White;None - Rural Crash;Travel Lane;2;20;Rural (<30% Developed);Male;Unknown;0;#NULL!;0;0;Unknown/Missing;No;0;25-29;Motorist Overtaking - Other / Unknown;None;No;No;Wet;0;Rural;Yes;24DEC2009;0;20:38;Unknown;No;Residential;C: Possible Injury;Yes;Unknown Injury;5394;December;0;Straight - Level;Mountains;With Traffic;Double Yellow Line, No Passing Zone;Thursday;Non-Intersection;25;0;Two-Way, Not Divided;2 lanes;0;#NULL!;#NULL!;Smooth Asphalt;#NULL!;No Special Feature;Motorist Overtaking Bicyclist;US Route;C: Possible Injury;Burke;Unknown;Rain;#NULL!;41-45 mph;40 - 45  MPH;2009;Dark - Roadway Not Lighted;Unknown
35.7180970911, -77.9245023884;"{""type"": ""Point"", ""coordinates"": [-77.92450238835113, 35.71809709108931]}";Black;Wilson;Travel Lane;2;17;Urban (>70% Developed);Male;Passenger Car;0;#NULL!;0;0;Black;No;0;40-49;Motorist Overtaking - Undetected Bicyclist;None;No;No;Dry;0;Urban;No;08OCT2009;0;17:51;Male;No;Residential;O: No Injury;No;O: No Injury;5407;October;0;Straight - Grade;Coastal;With Traffic;No Control Present;Thursday;Non-Intersection;44;0;Two-Way, Not Divided;2 lanes;0;#NULL!;#NULL!;Smooth Asphalt;#NULL!;No Special Feature;Motorist Overtaking Bicyclist;Local Street;O: No Injury;Wilson;19;Clear;#NULL!;16-20 mph;30 - 35  MPH;2009;Daylight;0-19
35.7769071044, -77.9190623907;"{""type"": ""Point"", ""coordinates"": [-77.91906239065354, 35.776907104427124]}";White;Wilson;Travel Lane;2;17;Urban (>70% Developed);Male;Passenger Car;0;#NULL!;0;0;White;No;0;11-15;Crossing Paths - Intersection - Other / Unknown;None;No;No;Dry;0;Urban;No;27JUN2009;0;17:42;Female;No;Residential;O: No Injury;Yes;O: No Injury;5412;June;0;Straight - Level;Coastal;With Traffic;Stop Sign;Saturday;Intersection-Related;15;0;Two-Way, Not Divided;2 lanes;0;#NULL!;#NULL!;Coarse Asphalt;#NULL!;Four-Way Intersection;Crossing Paths - Other Circumstances;Local Street;O: No Injury;Wilson;20;Clear;#NULL!;46-50 mph;40 - 45  MPH;2009;Daylight;20-24
35.2825918951, -80.8225632392;"{""type"": ""Point"", ""coordinates"": [-80.82256323921612, 35.28259189511374]}";Black;Charlotte;Travel Lane;2;16;Urban (>70% Developed);Male;Unknown;0;#NULL!;0;0;Unknown/Missing;No;0;16-19;Motorist Overtaking - Other / Unknown;None;No;No;Dry;0;Urban;Yes;24NOV2009;0;16:25;Unknown;Missing;Residential;B: Evident Injury;Yes;Unknown Injury;5415;November;0;Straight - Level;Piedmont;With Traffic;No Control Present;Tuesday;Non-Intersection;17;0;Two-Way, Not Divided;2 lanes;0;#NULL!;#NULL!;Smooth Asphalt;#NULL!;No Special Feature;Motorist Overtaking Bicyclist;Local Street;B: Evident Injury;Mecklenburg;Unknown;Cloudy;#NULL!;26-30 mph;20 - 25  MPH;2009;Daylight;Unknown
35.2236668812, -80.8391132401;"{""type"": ""Point"", ""coordinates"": [-80.83911324014662, 35.22366688119738]}";White;Charlotte;Travel Lane;2;10;Urban (>70% Developed);Male;Passenger Car;0;#NULL!;0;0;White;No;0;16-19;Signalized Intersection - Other / Unknown;None;No;No;Dry;0;Urban;No;26OCT2009;0;10:36;Male;No;Commercial;O: No Injury;No;O: No Injury;5418;October;0;Straight - Grade;Piedmont;With Traffic;Stop And Go Signal;Monday;Intersection;18;0;Two-Way, Not Divided;4 lanes;0;#NULL!;#NULL!;Smooth Asphalt;#NULL!;Four-Way Intersection;Crossing Paths - Other Circumstances;Local Street;O: No Injury;Mecklenburg;60;Cloudy;#NULL!;11-15 mph;20 - 25  MPH;2009;Daylight;60-69
34.956400924, -77.9719263642;"{""type"": ""Point"", ""coordinates"": [-77.97192636417327, 34.956400923971316]}";Unknown/Missing;Kenansville;Travel Lane;2;16;Urban (>70% Developed);Unknown;Passenger Car;0;#NULL!;0;0;Black;No;0;Unknown;Motorist Right Turn - Same Direction;None;No;No;Dry;0;Rural;No;29OCT2007;0;16:00;Male;No;Commercial;O: No Injury;Yes;O: No Injury;7359;October;0;Straight - Level;Coastal;With Traffic;No Control Present;Monday;Intersection;Unknown;0;Two-Way, Divided, Unprotected Median;2 lanes;0;#NULL!;#NULL!;Concrete;#NULL!;Other;Motorist Right Turn / Merge;Local Street;Unknown Injury;Duplin;18;Clear;#NULL!;31-35 mph;30 - 35  MPH;2007;Daylight;0-19
35.5142240328, -78.3306325012;"{""type"": ""Point"", ""coordinates"": [-78.33063250122505, 35.51422403282723]}";White;Smithfield;Sidewalk / Crosswalk / Driveway Crossing;2;16;Urban (>70% Developed);Male;Taxicab;0;#NULL!;0;0;White;No;0;40-49;Motorist Right Turn - Same Direction;None;No;No;Dry;0;Urban;No;29OCT2007;0;16:43;Female;No;Commercial;B: Evident Injury;Yes;O: No Injury;7361;October;0;Straight - Level;Coastal;With Traffic;Stop And Go Signal;Monday;Intersection;41;0;Two-Way, Not Divided;3 lanes;0;#NULL!;#NULL!;Coarse Asphalt;#NULL!;Four-Way Intersection;Motorist Right Turn / Merge;Local Street;B: Evident Injury;Johnston;40;Clear;#NULL!;0-5 mph;30 - 35  MPH;2007;Daylight;40-49
35.0588029114, -79.006542682;"{""type"": ""Point"", ""coordinates"": [-79.00654268195362, 35.05880291142779]}";White;Fayetteville;Travel Lane;2;8;Rural (<30% Developed);Male;Passenger Car;0;#NULL!;0;0;White;No;0;40-49;Crossing Paths - Intersection - Other / Unknown;None;No;No;Dry;0;Urban;No;01NOV2007;0;8:03;Male;No;Residential;C: Possible Injury;Yes;O: No Injury;7365;November;0;Straight - Level;Coastal;With Traffic;No Control Present;Thursday;Intersection;46;0;Two-Way, Divided, Unprotected Median;4 lanes;0;#NULL!;#NULL!;Grooved Concrete;#NULL!;No Special Feature;Crossing Paths - Other Circumstances;Local Street;C: Possible Injury;Cumberland;35;Clear;#NULL!;21-25 mph;40 - 45  MPH;2007;Daylight;30-39
35.7670270772, -78.6355726067;"{""type"": ""Point"", ""coordinates"": [-78.63557260672222, 35.767027077207956]}";Black;Raleigh;Travel Lane;2;12;Urban (>70% Developed);Male;Passenger Car;0;#NULL!;0;0;Black;No;0;50-59;Motorist Drive Out - Sign-Controlled Intersection;None;No;No;Dry;0;Urban;No;03NOV2007;0;12:33;Female;No;Residential;O: No Injury;Yes;O: No Injury;7369;November;0;Straight - Level;Piedmont;Facing Traffic;Stop Sign;Saturday;Intersection;58;0;One-Way, Not Divided;3 lanes;0;#NULL!;#NULL!;Concrete;#NULL!;Four-Way Intersection;Motorist Failed to Yield - Sign-Controlled Intersection;Local Street;O: No Injury;Wake;70+;Clear;#NULL!;0-5 mph;30 - 35  MPH;2007;Daylight;70+
35.249206875, -81.1749333419;"{""type"": ""Point"", ""coordinates"": [-81.17493334193134, 35.249206875028754]}";White;Gastonia;Unknown;2;8;Urban (>70% Developed);Male;Passenger Car;0;#NULL!;0;0;White;No;0;30-39;Bicyclist Ride Out - Midblock - Unknown;None;No;No;Dry;0;Urban;No;05NOV2007;0;8:01;Female;No;Residential;C: Possible Injury;Yes;O: No Injury;7372;November;0;Straight - Level;Piedmont;Not Applicable;No Control Present;Monday;Non-Intersection;32;0;Two-Way, Not Divided;4 lanes;0;#NULL!;#NULL!;Smooth Asphalt;#NULL!;No Special Feature;Bicyclist Failed to Yield - Midblock;Local Street;C: Possible Injury;Gaston;27;Clear;#NULL!;26-30 mph;30 - 35  MPH;2007;Daylight;25-29
34.7600508996, -77.4018571815;"{""type"": ""Point"", ""coordinates"": [-77.40185718154648, 34.760050899617625]}";Black;Jacksonville;Travel Lane;2;16;Urban (>70% Developed);Male;Passenger Car;0;#NULL!;0;0;Black;No;0;40-49;Motorist Left Turn - Opposite Direction;None;No;No;Dry;0;Urban;No;07NOV2007;0;16:37;Male;No;Residential;B: Evident Injury;Yes;O: No Injury;7376;November;0;Straight - Level;Coastal;With Traffic;No Control Present;Wednesday;Intersection;41;0;Two-Way, Not Divided;Unknown;0;#NULL!;#NULL!;Coarse Asphalt;#NULL!;T-Intersection;Motorist Left Turn / Merge;Local Street;B: Evident Injury;Onslow;64;Clear;#NULL!;6-10 mph;30 - 35  MPH;2007;Daylight;60-69
35.9439690656, -80.0027530301;"{""type"": ""Point"", ""coordinates"": [-80.0027530301425, 35.943969065562726]}";Black;High Point;Travel Lane;2;11;Urban (>70% Developed);Male;Passenger Car;0;#NULL!;0;0;Other;No;0;50-59;Motorist Drive Out - Commercial Driveway / Alley;None;No;No;Dry;0;Urban;No;08NOV2007;0;11:01;Male;No;Commercial;C: Possible Injury;Yes;O: No Injury;7382;November;0;Straight - Level;Piedmont;Facing Traffic;No Control Present;Thursday;Non-Intersection;53;0;Two-Way, Not Divided;5 lanes;0;#NULL!;#NULL!;Coarse Asphalt;#NULL!;Driveway, Public;Motorist Failed to Yield - Midblock;Public Vehicular Area;C: Possible Injury;Guilford;35;Clear;#NULL!;0-5 mph;30 - 35  MPH;2007;Daylight;30-39
35.8729011001, -78.6223926087;"{""type"": ""Point"", ""coordinates"": [-78.62239260867663, 35.87290110008972]}";White;Raleigh;Unknown;2;0;Urban (>70% Developed);Male;Passenger Car;0;#NULL!;0;0;Unknown/Missing;No;0;50-59;Motorist Left Turn - Opposite Direction;None;No;No;Dry;0;Urban;Yes;10NOV2007;0;0:15;Unknown;Missing;Commercial;C: Possible Injury;No;Unknown Injury;7388;November;0;Straight - Level;Piedmont;With Traffic;Stop And Go Signal;Saturday;Intersection;55;0;Two-Way, Not Divided;5 lanes;0;#NULL!;#NULL!;Smooth Asphalt;#NULL!;T-Intersection;Motorist Left Turn / Merge;Local Street;C: Possible Injury;Wake;Unknown;Clear;#NULL!;16-20 mph;40 - 45  MPH;2007;Dark - Lighted Roadway;Unknown
35.2147768804, -80.8279332362;"{""type"": ""Point"", ""coordinates"": [-80.82793323619966, 35.214776880389294]}";Black;Charlotte;Travel Lane;2;8;Urban (>70% Developed);Male;Passenger Car;0;#NULL!;0;0;Black;No;0;30-39;Motorist Left Turn - Opposite Direction;None;No;No;Dry;0;Urban;No;14DEC2007;0;8:33;Male;No;Commercial;B: Evident Injury;No;O: No Injury;7391;December;0;Straight - Grade;Piedmont;With Traffic;Stop Sign;Friday;Intersection;33;0;Two-Way, Not Divided;4 lanes;0;#NULL!;#NULL!;Smooth Asphalt;#NULL!;Four-Way Intersection;Motorist Left Turn / Merge;Local Street;B: Evident Injury;Mecklenburg;26;Clear;#NULL!;6-10 mph;30 - 35  MPH;2007;Daylight;25-29
34.7967639257, -76.8485820159;"{""type"": ""Point"", ""coordinates"": [-76.84858201592685, 34.7967639256631]}";White;None - Rural Crash;Travel Lane;2;16;Rural (<30% Developed);Female;Unknown;0;#NULL!;0;0;Unknown/Missing;No;0;11-15;Motorist Left Turn - Same Direction;None;No;No;Dry;0;Rural;Yes;19NOV2007;0;16:45;Unknown;Missing;Farms, Woods, Pastures;C: Possible Injury;Yes;Unknown Injury;7396;November;0;Curve - Level;Coastal;Facing Traffic;Double Yellow Line, No Passing Zone;Monday;Non-Intersection;12;0;Two-Way, Not Divided;2 lanes;0;#NULL!;#NULL!;Coarse Asphalt;#NULL!;No Special Feature;Motorist Left Turn / Merge;State Secondary Route;C: Possible Injury;Carteret;Unknown;Clear;#NULL!;Unknown;30 - 35  MPH;2007;Dusk;Unknown
34.8068168924, -77.9427283489;"{""type"": ""Point"", ""coordinates"": [-77.94272834890391, 34.80681689240967]}";Black;None - Rural Crash;Travel Lane;2;22;Rural (<30% Developed);Male;Pickup;0;#NULL!;0;0;White;No;0;40-49;Motorist Drive Out - Sign-Controlled Intersection;None;Yes;Yes;Dry;0;Rural;No;21NOV2007;0;22:45;Male;No;Farms, Woods, Pastures;C: Possible Injury;Yes;O: No Injury;7401;November;0;Straight - Level;Coastal;With Traffic;Stop Sign;Wednesday;Intersection;46;0;Two-Way, Not Divided;2 lanes;0;#NULL!;#NULL!;Coarse Asphalt;#NULL!;Four-Way Intersection;Motorist Failed to Yield - Sign-Controlled Intersection;NC Route;C: Possible Injury;Duplin;25;Clear;#NULL!;21-25 mph;50 - 55  MPH;2007;Dark - Roadway Not Lighted;25-29
36.446837185, -79.6444929504;"{""type"": ""Point"", ""coordinates"": [-79.6444929503718, 36.44683718498521]}";White;None - Rural Crash;Travel Lane;2;19;Rural (<30% Developed);Male;Passenger Car;0;#NULL!;0;0;White;No;0;6-10;Bicyclist Left Turn - Same Direction;None;No;No;Dry;0;Rural;No;28NOV2007;0;19:00;Female;No;Farms, Woods, Pastures;B: Evident Injury;Yes;O: No Injury;7411;November;0;Curve - Grade;Piedmont;With Traffic;Double Yellow Line, No Passing Zone;Wednesday;Non-Intersection;8;0;Two-Way, Not Divided;2 lanes;0;#NULL!;#NULL!;Smooth Asphalt;#NULL!;Driveway, Private;Bicyclist Left Turn / Merge;State Secondary Route;B: Evident Injury;Rockingham;60;Clear;#NULL!;16-20 mph;50 - 55  MPH;2007;Dark - Roadway Not Lighted;60-69
35.0536419115, -78.9615826689;"{""type"": ""Point"", ""coordinates"": [-78.96158266885904, 35.053641911477996]}";Black;Fayetteville;Sidewalk / Crosswalk / Driveway Crossing;2;13;Urban (>70% Developed);Male;Passenger Car;0;#NULL!;0;0;Unknown/Missing;No;0;6-10;Bicyclist Ride Out - Parallel Path;None;No;No;Dry;0;Urban;No;01DEC2007;0;13:34;Male;No;Residential;B: Evident Injury;Yes;O: No Injury;7417;December;0;Straight - Level;Coastal;With Traffic;No Control Present;Saturday;Non-Intersection;7;0;Two-Way, Divided, Unprotected Median;3 lanes;0;#NULL!;#NULL!;Smooth Asphalt;#NULL!;No Special Feature;Parallel Paths - Other Circumstances;Local Street;B: Evident Injury;Cumberland;48;Clear;#NULL!;26-30 mph;30 - 35  MPH;2007;Daylight;40-49
35.8964571423, -77.5568922856;"{""type"": ""Point"", ""coordinates"": [-77.55689228563733, 35.89645714228154]}";Asian;Tarboro;Travel Lane;2;22;Urban (>70% Developed);Male;Passenger Car;0;#NULL!;0;0;White;No;0;40-49;Motorist Overtaking - Undetected Bicyclist;None;No;No;Dry;0;Urban;No;03DEC2007;0;22:28;Male;No;Commercial;C: Possible Injury;Yes;O: No Injury;7423;December;0;Straight - Level;Coastal;With Traffic;Stop Sign;Monday;Non-Intersection;41;0;Two-Way, Divided, Unprotected Median;3 lanes;0;#NULL!;#NULL!;Smooth Asphalt;#NULL!;No Special Feature;Motorist Overtaking Bicyclist;Local Street;C: Possible Injury;Edgecombe;21;Clear;#NULL!;41-45 mph;40 - 45  MPH;2007;Dark - Lighted Roadway;20-24
34.2241737648, -77.9218823146;"{""type"": ""Point"", ""coordinates"": [-77.92188231456082, 34.224173764846135]}";Black;Wilmington;Travel Lane;2;17;Urban (>70% Developed);Male;Sport Utility;0;#NULL!;0;0;Black;No;0;40-49;Motorist Overtaking - Other / Unknown;None;No;No;Dry;0;Urban;No;03DEC2007;0;17:31;Female;No;Commercial;B: Evident Injury;Yes;O: No Injury;7425;December;0;Straight - Level;Coastal;With Traffic;No Control Present;Monday;Non-Intersection;44;0;Two-Way, Divided, Unprotected Median;5 lanes;0;#NULL!;#NULL!;Smooth Asphalt;#NULL!;No Special Feature;Motorist Overtaking Bicyclist;Local Street;B: Evident Injury;New Hanover;52;Clear;#NULL!;31-35 mph;30 - 35  MPH;2007;Dark - Lighted Roadway;50-59
35.9050570922, -79.0480067394;"{""type"": ""Point"", ""coordinates"": [-79.04800673937486, 35.9050570921856]}";White;Chapel Hill;Multi-use Path;2;18;Urban (>70% Developed);Male;Passenger Car;0;#NULL!;0;0;Asian;No;0;20-24;Non-Roadway;None;No;No;Dry;0;Urban;No;04DEC2007;0;18:48;Male;No;Institutional;B: Evident Injury;Yes;O: No Injury;7427;December;0;Straight - Grade;Piedmont;Unknown;No Control Present;Tuesday;Non-Roadway;21;0;One-Way, Not Divided;1 lane;0;#NULL!;#NULL!;Coarse Asphalt;#NULL!;No Special Feature;Non-Roadway;Public Vehicular Area;B: Evident Injury;Orange;38;Clear;#NULL!;6-10 mph;5 - 15 MPH;2007;Dark - Lighted Roadway;30-39
35.7797850808, -78.6180426027;"{""type"": ""Point"", ""coordinates"": [-78.6180426027276, 35.77978508076329]}";Unknown/Missing;Raleigh;Travel Lane;2;18;Urban (>70% Developed);Unknown;Passenger Car;0;#NULL!;0;0;Black;No;0;Unknown;Motorist Drive Out - Sign-Controlled Intersection;None;No;Missing;Dry;0;Urban;No;05DEC2007;0;18:12;Female;No;Commercial;O: No Injury;No;O: No Injury;7428;December;0;Straight - Level;Piedmont;Facing Traffic;Stop Sign;Wednesday;Intersection;Unknown;0;Two-Way, Divided, Unprotected Median;6 lanes;0;#NULL!;#NULL!;Smooth Asphalt;#NULL!;No Special Feature;Motorist Failed to Yield - Sign-Controlled Intersection;Local Street;Unknown Injury;Wake;38;Clear;#NULL!;11-15 mph;40 - 45  MPH;2007;Dark - Lighted Roadway;30-39
34.2354807666, -77.9459123223;"{""type"": ""Point"", ""coordinates"": [-77.94591232229492, 34.23548076662003]}";Black;Wilmington;Sidewalk / Crosswalk / Driveway Crossing;2;7;Urban (>70% Developed);Male;Pickup;0;#NULL!;0;0;White;No;0;16-19;Motorist Right Turn - Same Direction;None;No;No;Dry;0;Urban;No;05DEC2007;0;7:23;Female;No;Commercial;C: Possible Injury;Yes;O: No Injury;7430;December;0;Straight - Grade;Coastal;With Traffic;Stop And Go Signal;Wednesday;Intersection;16;0;Two-Way, Not Divided;5 lanes;0;#NULL!;#NULL!;Smooth Asphalt;#NULL!;Four-Way Intersection;Motorist Right Turn / Merge;Local Street;C: Possible Injury;New Hanover;42;Cloudy;#NULL!;6-10 mph;30 - 35  MPH;2007;Daylight;40-49
35.2695118805, -81.1469683344;"{""type"": ""Point"", ""coordinates"": [-81.14696833444748, 35.26951188050153]}";White;Gastonia;Travel Lane;2;20;Urban (>70% Developed);Male;Passenger Car;0;#NULL!;0;0;Asian;No;0;70+;Motorist Left Turn - Opposite Direction;None;No;No;Dry;0;Urban;No;06DEC2007;0;20:14;Female;No;Commercial;C: Possible Injury;Yes;O: No Injury;7431;December;0;Straight - Level;Piedmont;With Traffic;No Control Present;Thursday;Intersection;70+;0;Two-Way, Not Divided;3 lanes;0;#NULL!;#NULL!;Smooth Asphalt;#NULL!;T-Intersection;Motorist Left Turn / Merge;Public Vehicular Area;C: Possible Injury;Gaston;55;Clear;#NULL!;0-5 mph;30 - 35  MPH;2007;Dark - Lighted Roadway;50-59
35.9020652063, -75.6715117082;"{""type"": ""Point"", ""coordinates"": [-75.67151170824032, 35.902065206258015]}";White;Manteo;Travel Lane;2;10;Urban (>70% Developed);Female;Passenger Car;0;#NULL!;0;0;White;No;0;Unknown;Signalized Intersection - Other / Unknown;None;No;No;Dry;0;Rural;No;09DEC2007;0;10:49;Female;No;Industrial;B: Evident Injury;Yes;O: No Injury;7435;December;0;Straight - Level;Coastal;Facing Traffic;Stop And Go Signal;Sunday;Intersection;Unknown;0;Two-Way, Not Divided;2 lanes;0;#NULL!;#NULL!;Coarse Asphalt;#NULL!;Four-Way Intersection;Crossing Paths - Other Circumstances;Local Street;B: Evident Injury;Dare;48;Clear;#NULL!;Unknown;20 - 25  MPH;2007;Daylight;40-49