Geo Point;Geo Shape;BikeRace;City;BikePos;NumUnits;CrashHour;Locality;BikeSex;DrvrVehTyp;NumBikesNo;BikeAlcDrg;NumBikesBI;RteInvdCd;DrvrRace;Workzone;NumBikesCi;BikeAgeGrp;CrashType;RdDefects;CrashAlcoh;BikeAlcoho;RdConditio;DstncMiFrm;RuralUrban;HitRun;CrashDate;NumBikesUI;CrashTime;DrvrSex;DrvrAlcoho;Developmen;CrashSevr;AmbulanceR;DrvrInjury;OBJECTID;CrashMonth;NumBikesKi;RdCharacte;Region;BikeDir;TraffCntrl;CrashDay;CrashLoc;BikeAge;NumBikesTo;RdConfig;NumLanes;NumBikesAI;DrvrAlcDrg;OnRoad;RdSurface;Towrd_Rd;RdFeature;CrashGrp;RdClass;BikeInjury;County;DrvrAge;Weather;FrmRd;DrvrEstSpd;SpeedLimit;CrashYear;LightCond;DrvrAgeGrp
35.9013871441, -77.5357382794;"{""type"": ""Point"", ""coordinates"": [-77.53573827937784, 35.90138714410933]}";Black;Tarboro;Unknown;2;12;Mixed (30% To 70% Developed);Male;Passenger Car;0;#NULL!;0;0;Black;No;0;50-59;Bicyclist Ride Out - Midblock - Unknown;None;No;No;Dry;0;Urban;No;11DEC2007;0;12:12;Female;No;Residential;O: No Injury;Yes;O: No Injury;7439;December;0;Straight - Level;Coastal;Unknown;No Control Present;Tuesday;Non-Intersection;53;0;One-Way, Not Divided;1 lane;0;#NULL!;#NULL!;Smooth Asphalt;#NULL!;No Special Feature;Bicyclist Failed to Yield - Midblock;Local Street;O: No Injury;Edgecombe;54;Clear;#NULL!;Unknown;Unknown;2007;Daylight;50-59
35.9097320913, -79.0904327522;"{""type"": ""Point"", ""coordinates"": [-79.09043275215946, 35.909732091287566]}";Asian;Carrboro;Bike Lane / Paved Shoulder;2;7;Rural (<30% Developed);Female;Passenger Car;0;#NULL!;0;0;White;No;0;40-49;Motorist Overtaking - Bicyclist Swerved;None;No;No;Dry;0;Urban;No;20DEC2007;0;7:52;Male;No;Residential;C: Possible Injury;No;O: No Injury;7450;December;0;Straight - Level;Piedmont;With Traffic;No Control Present;Thursday;Non-Intersection;42;0;Two-Way, Not Divided;4 lanes;0;#NULL!;#NULL!;Smooth Asphalt;#NULL!;No Special Feature;Motorist Overtaking Bicyclist;NC Route;C: Possible Injury;Orange;58;Clear;#NULL!;36-40 mph;40 - 45  MPH;2007;Daylight;50-59
34.2439907701, -77.8742923003;"{""type"": ""Point"", ""coordinates"": [-77.87429230034394, 34.24399077010372]}";White;Wilmington;Non-Roadway;2;12;Urban (>70% Developed);Male;Sport Utility;0;#NULL!;0;0;White;No;0;16-19;Non-Roadway;None;No;No;Dry;0;Urban;No;05JUN2007;0;12:59;Female;No;Commercial;B: Evident Injury;No;O: No Injury;7464;June;0;Straight - Level;Coastal;Unknown;No Control Present;Tuesday;Non-Roadway;18;0;Two-Way, Not Divided;2 lanes;0;#NULL!;#NULL!;Smooth Asphalt;#NULL!;Driveway, Public;Non-Roadway;Public Vehicular Area;B: Evident Injury;New Hanover;66;Clear;#NULL!;6-10 mph;5 - 15 MPH;2007;Daylight;60-69
35.3421369713, -79.0487027093;"{""type"": ""Point"", ""coordinates"": [-79.04870270926591, 35.342136971263656]}";White;None - Rural Crash;Travel Lane;2;12;Rural (<30% Developed);Male;Pickup;0;#NULL!;0;0;White;No;0;70+;Motorist Overtaking - Misjudged Space;None;No;No;Dry;0;Rural;No;20MAY2011;0;12:50;Male;No;Farms, Woods, Pastures;C: Possible Injury;Yes;O: No Injury;3004;May;0;Straight - Hillcrest;Coastal;With Traffic;Double Yellow Line, No Passing Zone;Friday;Non-Intersection;70+;0;Two-Way, Not Divided;2 lanes;0;#NULL!;#NULL!;Coarse Asphalt;#NULL!;No Special Feature;Motorist Overtaking Bicyclist;State Secondary Route;C: Possible Injury;Harnett;17;Clear;#NULL!;51-55 mph;50 - 55  MPH;2011;Daylight;0-19
35.1141868612, -80.753703209;"{""type"": ""Point"", ""coordinates"": [-80.75370320900561, 35.114186861177195]}";White;Matthews;Travel Lane;2;16;Urban (>70% Developed);Male;Passenger Car;0;#NULL!;0;0;White;No;0;60-69;Motorist Overtaking - Other / Unknown;None;No;No;Dry;0;Urban;No;02MAY2011;0;16:11;Female;No;Commercial;A: Disabling Injury;Yes;O: No Injury;3018;May;0;Straight - Level;Piedmont;With Traffic;No Control Present;Monday;Intersection-Related;64;0;Two-Way, Divided, Positive Median Barrier;5 lanes;0;#NULL!;#NULL!;Smooth Asphalt;#NULL!;No Special Feature;Motorist Overtaking Bicyclist;NC Route;A: Disabling Injury;Mecklenburg;47;Clear;#NULL!;16-20 mph;40 - 45  MPH;2011;Daylight;40-49
35.9161671469, -77.5467022844;"{""type"": ""Point"", ""coordinates"": [-77.54670228438863, 35.916167146870485]}";White;Tarboro;Travel Lane;2;14;Urban (>70% Developed);Male;Passenger Car;0;#NULL!;0;0;Black;No;0;70+;Motorist Drive Out - Commercial Driveway / Alley;None;No;No;Dry;0;Urban;No;21MAY2011;0;14:27;Male;No;Commercial;C: Possible Injury;Yes;O: No Injury;3019;May;0;Straight - Level;Coastal;Facing Traffic;No Control Present;Saturday;Non-Intersection;70+;0;Two-Way, Not Divided;5 lanes;0;#NULL!;#NULL!;Smooth Asphalt;#NULL!;No Special Feature;Motorist Failed to Yield - Midblock;NC Route;C: Possible Injury;Edgecombe;20;Clear;#NULL!;6-10 mph;30 - 35  MPH;2011;Daylight;20-24
35.0888569204, -78.9266026595;"{""type"": ""Point"", ""coordinates"": [-78.92660265954721, 35.088856920363234]}";Black;Fayetteville;Driveway / Alley;2;16;Urban (>70% Developed);Male;Passenger Car;0;#NULL!;0;0;White;No;0;40-49;Motorist Drive Out - Commercial Driveway / Alley;None;No;No;Dry;0;Urban;No;13MAY2011;0;16:31;Male;No;Residential;C: Possible Injury;Yes;O: No Injury;3029;May;0;Straight - Grade;Coastal;Not Applicable;No Control Present;Friday;Non-Intersection;44;0;Two-Way, Not Divided;4 lanes;0;#NULL!;#NULL!;Coarse Asphalt;#NULL!;No Special Feature;Motorist Failed to Yield - Midblock;Local Street;C: Possible Injury;Cumberland;58;Cloudy;#NULL!;11-15 mph;40 - 45  MPH;2011;Daylight;50-59
35.9392771164, -78.5663025954;"{""type"": ""Point"", ""coordinates"": [-78.56630259537019, 35.939277116402444]}";Asian;Raleigh;Sidewalk / Crosswalk / Driveway Crossing;2;12;Urban (>70% Developed);Male;Sport Utility;0;#NULL!;0;0;White;No;0;11-15;Motorist Drive Out - Sign-Controlled Intersection;None;No;No;Dry;0;Urban;No;30MAY2011;0;12:25;Male;No;Residential;B: Evident Injury;No;O: No Injury;3042;May;0;Straight - Grade;Piedmont;Facing Traffic;Stop Sign;Monday;Intersection;14;0;Two-Way, Not Divided;2 lanes;0;#NULL!;#NULL!;Smooth Asphalt;#NULL!;T-Intersection;Motorist Failed to Yield - Sign-Controlled Intersection;Local Street;B: Evident Injury;Wake;36;Clear;#NULL!;31-35 mph;30 - 35  MPH;2011;Daylight;30-39
35.5955568956, -82.551803769;"{""type"": ""Point"", ""coordinates"": [-82.55180376895551, 35.59555689562697]}";White;Asheville;Travel Lane;2;19;Urban (>70% Developed);Male;Passenger Car;0;#NULL!;0;0;White;No;0;16-19;Bicyclist Ride Through - Signalized Intersection;None;No;No;Dry;0;Urban;No;09MAY2011;0;19:26;Male;No;Commercial;C: Possible Injury;Yes;O: No Injury;3055;May;0;Straight - Grade;Mountains;With Traffic;Stop And Go Signal;Monday;Intersection;19;0;Two-Way, Not Divided;2 lanes;0;#NULL!;#NULL!;Smooth Asphalt;#NULL!;Four-Way Intersection;Bicyclist Failed to Yield - Signalized Intersection;US Route;C: Possible Injury;Buncombe;70+;Clear;#NULL!;6-10 mph;20 - 25  MPH;2011;Daylight;70+
35.5847168913, -82.6010037838;"{""type"": ""Point"", ""coordinates"": [-82.60100378375773, 35.584716891334324]}";White;Asheville;Driveway / Alley;2;17;Urban (>70% Developed);Male;Van;0;#NULL!;0;0;White;No;0;11-15;Bicyclist Ride Out - Residential Driveway;None;No;No;Dry;0;Urban;No;24MAY2011;0;17:21;Female;No;Residential;C: Possible Injury;No;O: No Injury;3056;May;0;Straight - Grade;Mountains;Not Applicable;No Control Present;Tuesday;Non-Intersection;12;0;Two-Way, Not Divided;2 lanes;0;#NULL!;#NULL!;Smooth Asphalt;#NULL!;No Special Feature;Bicyclist Failed to Yield - Midblock;Local Street;C: Possible Injury;Buncombe;25;Clear;#NULL!;16-20 mph;20 - 25  MPH;2011;Daylight;25-29
33.9367866971, -78.0255023323;"{""type"": ""Point"", ""coordinates"": [-78.02550233227684, 33.936786697136554]}";Black;None - Rural Crash;Sidewalk / Crosswalk / Driveway Crossing;2;16;Urban (>70% Developed);Female;Passenger Car;0;#NULL!;0;0;White;No;0;30-39;Motorist Drive Out - Midblock - Unknown;None;No;No;Dry;0;Rural;No;09JUN2011;0;16:05;Female;No;Commercial;C: Possible Injury;Yes;O: No Injury;3061;June;0;Straight - Level;Coastal;Facing Traffic;No Control Present;Thursday;Non-Intersection;37;0;Two-Way, Not Divided;3 lanes;0;#NULL!;#NULL!;Coarse Asphalt;#NULL!;Driveway, Public;Motorist Failed to Yield - Midblock;NC Route;C: Possible Injury;Brunswick;40;Clear;#NULL!;6-10 mph;5 - 15 MPH;2011;Daylight;40-49
34.7681269026, -77.387702178;"{""type"": ""Point"", ""coordinates"": [-77.38770217804928, 34.76812690264836]}";White;Jacksonville;Travel Lane;2;6;Urban (>70% Developed);Female;Van;0;#NULL!;0;0;Hispanic;No;0;40-49;Motorist Drive Out - Sign-Controlled Intersection;None;No;No;Dry;0;Urban;No;24MAY2011;0;6:27;Male;No;Residential;C: Possible Injury;Yes;O: No Injury;3063;May;0;Straight - Level;Coastal;With Traffic;Stop Sign;Tuesday;Intersection;48;0;Two-Way, Not Divided;3 lanes;0;#NULL!;#NULL!;Smooth Asphalt;#NULL!;No Special Feature;Motorist Failed to Yield - Sign-Controlled Intersection;Local Street;C: Possible Injury;Onslow;33;Clear;#NULL!;6-10 mph;30 - 35  MPH;2011;Daylight;30-39
36.3197172916, -75.8151017729;"{""type"": ""Point"", ""coordinates"": [-75.81510177294257, 36.31971729162459]}";White;None - Rural Crash;Bike Lane / Paved Shoulder;2;19;Mixed (30% To 70% Developed);Male;Passenger Car;0;#NULL!;0;0;White;No;0;20-24;Bicyclist Left Turn - Same Direction;None;No;No;Dry;0;Rural;No;13JUN2011;0;19:14;Female;No;Residential;C: Possible Injury;No;O: No Injury;3067;June;0;Straight - Level;Coastal;With Traffic;No Control Present;Monday;Non-Intersection;21;0;Two-Way, Not Divided;2 lanes;0;#NULL!;#NULL!;Smooth Asphalt;#NULL!;No Special Feature;Bicyclist Left Turn / Merge;NC Route;C: Possible Injury;Currituck;30;Clear;#NULL!;36-40 mph;40 - 45  MPH;2011;Daylight;30-39
35.274696898, -80.6974032005;"{""type"": ""Point"", ""coordinates"": [-80.69740320053072, 35.27469689799167]}";Black;Charlotte;Travel Lane;2;23;Rural (<30% Developed);Male;Unknown;0;#NULL!;0;0;Unknown/Missing;No;0;50-59;Motorist Overtaking - Other / Unknown;None;No;No;Dry;0;Urban;Yes;27MAY2011;0;23:25;Unknown;Missing;Farms, Woods, Pastures;A: Disabling Injury;Yes;Unknown Injury;3073;May;0;Curve - Level;Piedmont;With Traffic;No Control Present;Friday;Non-Intersection;51;0;Two-Way, Not Divided;2 lanes;0;#NULL!;#NULL!;Smooth Asphalt;#NULL!;No Special Feature;Motorist Overtaking Bicyclist;Local Street;A: Disabling Injury;Mecklenburg;Unknown;Cloudy;#NULL!;31-35 mph;30 - 35  MPH;2011;Dark - Roadway Not Lighted;Unknown
35.3022268392, -82.4319037174;"{""type"": ""Point"", ""coordinates"": [-82.431903717414, 35.30222683922771]}";White;None - Rural Crash;Travel Lane;2;18;Rural (<30% Developed);Male;Passenger Car;0;#NULL!;0;0;Black;No;0;40-49;Motorist Left Turn - Opposite Direction;None;No;No;Wet;0;Rural;No;15JUN2011;0;18:25;Female;No;Residential;O: No Injury;No;O: No Injury;3074;June;0;Straight - Bottom;Mountains;With Traffic;Double Yellow Line, No Passing Zone;Wednesday;Intersection;40;0;Two-Way, Not Divided;2 lanes;0;#NULL!;#NULL!;Smooth Asphalt;#NULL!;T-Intersection;Motorist Left Turn / Merge;State Secondary Route;O: No Injury;Henderson;20;Cloudy;#NULL!;16-20 mph;30 - 35  MPH;2011;Dusk;20-24
35.8078170825, -78.7296026382;"{""type"": ""Point"", ""coordinates"": [-78.72960263822343, 35.80781708249094]}";White;None - Rural Crash;Travel Lane;2;21;Urban (>70% Developed);Male;Passenger Car;0;#NULL!;0;0;White;No;0;40-49;Crossing Paths - Uncontrolled Intersection;None;No;No;Dry;0;Rural;No;25MAY2011;0;21:17;Female;No;Commercial;B: Evident Injury;No;O: No Injury;3080;May;0;Straight - Level;Piedmont;With Traffic;No Control Present;Wednesday;Intersection;41;0;Two-Way, Not Divided;2 lanes;0;#NULL!;#NULL!;Smooth Asphalt;#NULL!;Other;Crossing Paths - Other Circumstances;Unknown;B: Evident Injury;Wake;23;Rain;#NULL!;0-5 mph;5 - 15 MPH;2011;Daylight;20-24
35.8104870869, -78.6258026069;"{""type"": ""Point"", ""coordinates"": [-78.62580260694979, 35.81048708688782]}";Black;Raleigh;.;2;21;Urban (>70% Developed);Male;Passenger Car;0;#NULL!;0;0;White;No;0;30-39;.;None;No;No;Dry;0;Urban;No;15JUN2011;0;21:12;Female;No;Residential;B: Evident Injury;Yes;O: No Injury;3081;June;0;Straight - Level;Piedmont;.;No Control Present;Wednesday;.;34;0;Two-Way, Not Divided;2 lanes;0;#NULL!;#NULL!;Coarse Asphalt;#NULL!;No Special Feature;.;Local Street;B: Evident Injury;Wake;26;Clear;#NULL!;6-10 mph;20 - 25  MPH;2011;Dark - Roadway Not Lighted;25-29
35.7446070952, -77.9647024026;"{""type"": ""Point"", ""coordinates"": [-77.96470240255805, 35.74460709523111]}";Black;Raleigh;Sidewalk / Crosswalk / Driveway Crossing;2;15;Urban (>70% Developed);Male;Pickup;0;#NULL!;0;0;White;No;0;11-15;Motorist Drive Out - Commercial Driveway / Alley;None;No;No;Dry;0;Urban;No;18MAY2011;0;15:40;Male;No;Commercial;B: Evident Injury;No;O: No Injury;3082;May;0;Straight - Hillcrest;Piedmont;Facing Traffic;No Control Present;Wednesday;Non-Intersection;14;0;One-Way, Not Divided;Unknown;0;#NULL!;#NULL!;Concrete;#NULL!;No Special Feature;Motorist Failed to Yield - Midblock;Public Vehicular Area;B: Evident Injury;Wake;62;Clear;#NULL!;0-5 mph;5 - 15 MPH;2011;Daylight;60-69
35.1742268694, -80.8789032498;"{""type"": ""Point"", ""coordinates"": [-80.8789032497513, 35.17422686937459]}";Black;Charlotte;Non-Roadway;2;18;Urban (>70% Developed);Male;Passenger Car;0;#NULL!;0;0;White;No;0;20-24;Bicyclist Ride Out - Other Midblock;None;No;No;Dry;0;Urban;No;29MAY2011;0;18:15;Female;No;Commercial;C: Possible Injury;No;O: No Injury;3084;May;0;Straight - Level;Piedmont;Not Applicable;Stop And Go Signal;Sunday;Non-Intersection;20;0;Two-Way, Divided, Unprotected Median;2 lanes;0;#NULL!;#NULL!;Smooth Asphalt;#NULL!;No Special Feature;Bicyclist Failed to Yield - Midblock;Local Street;C: Possible Injury;Mecklenburg;18;Clear;#NULL!;31-35 mph;30 - 35  MPH;2011;Daylight;0-19
35.7225570669, -78.6527026096;"{""type"": ""Point"", ""coordinates"": [-78.65270260956424, 35.72255706694008]}";Black;Garner;Travel Lane;2;16;Urban (>70% Developed);Male;Pickup;0;#NULL!;0;0;White;No;0;11-15;Motorist Drive Out - Commercial Driveway / Alley;None;No;No;Dry;0;Urban;No;16JUN2011;0;16:43;Female;No;Commercial;B: Evident Injury;Yes;O: No Injury;3092;June;0;Straight - Level;Piedmont;Facing Traffic;Stop Sign;Thursday;Non-Intersection;15;0;Two-Way, Divided, Unprotected Median;6 lanes;0;#NULL!;#NULL!;Smooth Asphalt;#NULL!;T-Intersection;Motorist Failed to Yield - Midblock;US Route;B: Evident Injury;Wake;47;Clear;#NULL!;0-5 mph;5 - 15 MPH;2011;Daylight;40-49
35.2652270046, -77.5722022585;"{""type"": ""Point"", ""coordinates"": [-77.57220225853489, 35.265227004646356]}";Black;Kinston;Non-Roadway;2;21;Urban (>70% Developed);Male;Unknown;0;#NULL!;0;0;Unknown/Missing;No;0;50-59;Bicyclist Ride Out - Other Midblock;None;Yes;Yes;Dry;0;Urban;Yes;05MAY2011;0;21:03;Unknown;Missing;Residential;Unknown Injury;Yes;Unknown Injury;3096;May;0;Straight - Level;Coastal;Not Applicable;No Control Present;Thursday;Non-Intersection;54;0;Two-Way, Divided, Unprotected Median;2 lanes;0;#NULL!;#NULL!;Smooth Asphalt;#NULL!;No Special Feature;Bicyclist Failed to Yield - Midblock;Local Street;Unknown Injury;Lenoir;Unknown;Clear;#NULL!;31-35 mph;30 - 35  MPH;2011;Dark - Lighted Roadway;Unknown
35.7617970709, -78.7834026513;"{""type"": ""Point"", ""coordinates"": [-78.78340265127656, 35.76179707091568]}";Asian;Cary;Sidewalk / Crosswalk / Driveway Crossing;2;8;Urban (>70% Developed);Female;Passenger Car;0;#NULL!;0;0;White;No;0;30-39;Motorist Drive Out - Sign-Controlled Intersection;None;No;No;Dry;0;Urban;No;01JUN2011;0;8:27;Male;No;Commercial;C: Possible Injury;Yes;O: No Injury;3098;June;0;Straight - Grade;Piedmont;Facing Traffic;Stop And Go Signal;Wednesday;Intersection;36;0;Two-Way, Not Divided;3 lanes;0;#NULL!;#NULL!;Smooth Asphalt;#NULL!;Four-Way Intersection;Motorist Failed to Yield - Sign-Controlled Intersection;Local Street;C: Possible Injury;Wake;34;Clear;#NULL!;0-5 mph;30 - 35  MPH;2011;Daylight;30-39
34.9902868424, -80.5404031387;"{""type"": ""Point"", ""coordinates"": [-80.54040313870254, 34.990286842439076]}";Black;Monroe;Non-Roadway;2;19;Urban (>70% Developed);Male;Pickup;0;#NULL!;0;0;Unknown/Missing;No;0;11-15;Non-Roadway;None;No;No;Unknown;0;Urban;Yes;02JUN2011;0;19:56;Unknown;Missing;Residential;C: Possible Injury;No;Unknown Injury;3101;June;0;Straight - Level;Piedmont;Not Applicable;No Control Present;Thursday;Non-Roadway;12;0;Unknown;2 lanes;0;#NULL!;#NULL!;Sand;#NULL!;No Special Feature;Non-Roadway;Public Vehicular Area;C: Possible Injury;Union;Unknown;Other;#NULL!;0-5 mph;20 - 25  MPH;2011;Daylight;Unknown
35.0072569005, -78.9998026781;"{""type"": ""Point"", ""coordinates"": [-78.99980267810946, 35.00725690050682]}";Hispanic;Fayetteville;Bike Lane / Paved Shoulder;2;20;Urban (>70% Developed);Male;Van;0;#NULL!;0;0;Hispanic;No;0;16-19;Motorist Drive Out - Sign-Controlled Intersection;None;No;No;Dry;0;Urban;No;31MAY2011;0;20:06;Female;No;Residential;B: Evident Injury;No;O: No Injury;3107;May;0;Straight - Level;Coastal;Facing Traffic;Stop Sign;Tuesday;Intersection;17;0;Two-Way, Not Divided;2 lanes;0;#NULL!;#NULL!;Coarse Asphalt;#NULL!;No Special Feature;Motorist Failed to Yield - Sign-Controlled Intersection;Local Street;B: Evident Injury;Cumberland;38;Clear;#NULL!;6-10 mph;20 - 25  MPH;2011;Daylight;30-39
35.7201870616, -78.7867026507;"{""type"": ""Point"", ""coordinates"": [-78.78670265071625, 35.720187061647074]}";Black;Cary;Sidewalk / Crosswalk / Driveway Crossing;2;16;Urban (>70% Developed);Male;Passenger Car;0;#NULL!;0;0;Black;No;0;11-15;Motorist Drive Out - Sign-Controlled Intersection;None;No;No;Dry;0;Urban;No;20JUN2011;0;16:52;Male;No;Residential;C: Possible Injury;Yes;O: No Injury;3111;June;0;Straight - Level;Piedmont;Facing Traffic;Stop Sign;Monday;Intersection;14;0;Two-Way, Divided, Unprotected Median;2 lanes;0;#NULL!;#NULL!;Smooth Asphalt;#NULL!;No Special Feature;Motorist Failed to Yield - Sign-Controlled Intersection;Local Street;C: Possible Injury;Wake;63;Clear;#NULL!;0-5 mph;20 - 25  MPH;2011;Daylight;60-69
35.2359868183, -82.6139037668;"{""type"": ""Point"", ""coordinates"": [-82.61390376676776, 35.23598681829443]}";White;None - Rural Crash;Travel Lane;2;12;Rural (<30% Developed);Male;Sport Utility;0;#NULL!;0;0;White;No;0;70+;Motorist Overtaking - Bicyclist Swerved;None;No;No;Dry;0;Rural;No;25JUN2011;0;12:49;Male;No;Farms, Woods, Pastures;C: Possible Injury;Yes;O: No Injury;3113;June;0;Straight - Level;Mountains;With Traffic;Double Yellow Line, No Passing Zone;Saturday;Non-Intersection;70+;0;Two-Way, Not Divided;2 lanes;0;#NULL!;#NULL!;Smooth Asphalt;#NULL!;No Special Feature;Motorist Overtaking Bicyclist;State Secondary Route;C: Possible Injury;Transylvania;51;Clear;#NULL!;16-20 mph;40 - 45  MPH;2011;Daylight;50-59
36.3277372053, -78.394402564;"{""type"": ""Point"", ""coordinates"": [-78.39440256399601, 36.32773720529151]}";Black;Henderson;Unknown;2;15;Urban (>70% Developed);Male;Unknown;0;#NULL!;0;0;Black;No;0;50-59;Motorist Right Turn - Opposite Direction;None;No;No;Dry;0;Urban;Yes;08JUN2011;0;15:39;Male;No;Commercial;C: Possible Injury;Yes;Unknown Injury;3114;June;0;Straight - Level;Piedmont;Unknown;Yield Sign;Wednesday;Intersection;59;0;Two-Way, Not Divided;2 lanes;0;#NULL!;#NULL!;Concrete;#NULL!;No Special Feature;Motorist Right Turn / Merge;Local Street;C: Possible Injury;Vance;29;Clear;#NULL!;26-30 mph;30 - 35  MPH;2011;Daylight;25-29
35.9682370676, -80.0927030585;"{""type"": ""Point"", ""coordinates"": [-80.09270305848788, 35.96823706764032]}";White;None - Rural Crash;Travel Lane;2;10;Mixed (30% To 70% Developed);Female;Passenger Car;0;#NULL!;0;0;White;No;0;50-59;Motorist Overtaking - Misjudged Space;None;No;No;Dry;0;Rural;No;20JUN2011;0;10:14;Female;No;Farms, Woods, Pastures;C: Possible Injury;No;O: No Injury;3117;June;0;Straight - Level;Piedmont;With Traffic;Double Yellow Line, No Passing Zone;Monday;Non-Intersection;56;0;Two-Way, Not Divided;2 lanes;0;#NULL!;#NULL!;Smooth Asphalt;#NULL!;No Special Feature;Motorist Overtaking Bicyclist;State Secondary Route;C: Possible Injury;Davidson;62;Clear;#NULL!;21-25 mph;50 - 55  MPH;2011;Daylight;60-69
36.3875371605, -79.9596030421;"{""type"": ""Point"", ""coordinates"": [-79.95960304214432, 36.38753716053202]}";White;Madison;Travel Lane;2;16;Rural (<30% Developed);Male;Pickup;0;#NULL!;0;0;White;No;0;50-59;Bicyclist Ride Through - Signalized Intersection;None;No;No;Dry;0;Rural;No;16MAY2011;0;16:25;Male;No;Commercial;A: Disabling Injury;No;O: No Injury;3131;May;0;Straight - Level;Piedmont;With Traffic;Stop And Go Signal;Monday;Intersection;57;0;Two-Way, Not Divided;2 lanes;0;#NULL!;#NULL!;Smooth Asphalt;#NULL!;Four-Way Intersection;Bicyclist Failed to Yield - Signalized Intersection;Local Street;A: Disabling Injury;Rockingham;47;Clear;#NULL!;11-15 mph;20 - 25  MPH;2011;Daylight;40-49
34.7523068968, -77.4496021966;"{""type"": ""Point"", ""coordinates"": [-77.4496021965751, 34.75230689678836]}";White;Jacksonville;Travel Lane;2;8;Urban (>70% Developed);Male;Truck/Trailer;0;#NULL!;0;0;White;No;0;30-39;Bicyclist Left Turn - Same Direction;None;No;No;Dry;0;Urban;No;27MAY2011;0;8:34;Male;No;Commercial;B: Evident Injury;Yes;O: No Injury;3133;May;0;Straight - Level;Coastal;With Traffic;No Control Present;Friday;Intersection-Related;34;0;One-Way, Not Divided;1 lane;0;#NULL!;#NULL!;Smooth Asphalt;#NULL!;Y-Intersection;Bicyclist Left Turn / Merge;US Route;B: Evident Injury;Onslow;48;Clear;#NULL!;31-35 mph;40 - 45  MPH;2011;Daylight;40-49
35.2045868799, -80.7851032235;"{""type"": ""Point"", ""coordinates"": [-80.78510322350806, 35.20458687990745]}";Black;Charlotte;Travel Lane;2;14;Urban (>70% Developed);Male;Unknown;0;#NULL!;0;0;Unknown/Missing;No;0;20-24;Motorist Overtaking - Other / Unknown;None;No;No;Dry;0;Urban;Yes;10JUN2011;0;14:15;Unknown;Missing;Commercial;Unknown Injury;No;Unknown Injury;3140;June;0;Straight - Level;Piedmont;With Traffic;No Control Present;Friday;Non-Intersection;22;0;Two-Way, Divided, Positive Median Barrier;4 lanes;0;#NULL!;#NULL!;Coarse Asphalt;#NULL!;Bridge;Motorist Overtaking Bicyclist;Local Street;Unknown Injury;Mecklenburg;Unknown;Clear;#NULL!;31-35 mph;30 - 35  MPH;2011;Daylight;Unknown
35.0776969167, -78.9586026686;"{""type"": ""Point"", ""coordinates"": [-78.95860266855965, 35.07769691668589]}";White;Fayetteville;Travel Lane;2;17;Urban (>70% Developed);Male;Light Truck (Mini-Van, Panel);0;#NULL!;0;0;Hispanic;No;0;16-19;Motorist Drive Out - Signalized Intersection;None;No;No;Dry;0;Urban;No;28JUN2011;0;17:43;Female;No;Commercial;B: Evident Injury;No;O: No Injury;3143;June;0;Straight - Hillcrest;Coastal;Facing Traffic;Stop And Go Signal;Tuesday;Intersection;19;0;One-Way, Not Divided;4 lanes;0;#NULL!;#NULL!;Coarse Asphalt;#NULL!;No Special Feature;Motorist Failed to Yield - Signalized Intersection;Local Street;B: Evident Injury;Cumberland;34;Cloudy;#NULL!;0-5 mph;40 - 45  MPH;2011;Daylight;30-39
35.1812669237, -79.4048028088;"{""type"": ""Point"", ""coordinates"": [-79.4048028088262, 35.181266923663614]}";Black;Southern Pines;Travel Lane;2;12;Urban (>70% Developed);Male;Passenger Car;0;#NULL!;0;0;Black;No;0;50-59;Motorist Turning Error - Left Turn;None;No;No;Dry;0;Urban;No;14JUN2011;0;12:31;Female;No;Residential;C: Possible Injury;Yes;O: No Injury;3150;June;0;Straight - Grade;Piedmont;With Traffic;Stop Sign;Tuesday;Intersection;53;0;Two-Way, Not Divided;2 lanes;0;#NULL!;#NULL!;Coarse Asphalt;#NULL!;Four-Way Intersection;Loss of Control / Turning Error;Local Street;C: Possible Injury;Moore;68;Clear;#NULL!;6-10 mph;20 - 25  MPH;2011;Daylight;60-69
36.195737267, -75.7623017505;"{""type"": ""Point"", ""coordinates"": [-75.7623017505461, 36.19573726698172]}";White;Duck;Travel Lane;2;8;Urban (>70% Developed);Male;Sport Utility;0;#NULL!;0;0;White;No;0;40-49;Motorist Left Turn - Opposite Direction;None;No;No;Dry;0;Rural;No;11JUN2011;0;8:17;Female;No;Residential;B: Evident Injury;No;O: No Injury;3155;June;0;Straight - Level;Coastal;With Traffic;No Control Present;Saturday;Intersection;46;0;Two-Way, Not Divided;2 lanes;0;#NULL!;#NULL!;Smooth Asphalt;#NULL!;No Special Feature;Motorist Left Turn / Merge;NC Route;B: Evident Injury;Dare;57;Clear;#NULL!;6-10 mph;30 - 35  MPH;2011;Daylight;50-59
34.2160867667, -77.7929022747;"{""type"": ""Point"", ""coordinates"": [-77.79290227474594, 34.21608676667033]}";White;Wrightsville Beach;Sidewalk / Crosswalk / Driveway Crossing;2;13;Urban (>70% Developed);Male;Light Truck (Mini-Van, Panel);0;#NULL!;0;0;White;No;0;16-19;Bicyclist Ride Out - Parallel Path;None;No;No;Dry;0;Rural;No;16JUN2011;0;13:22;Male;No;Residential;B: Evident Injury;Yes;O: No Injury;3158;June;0;Straight - Level;Coastal;With Traffic;No Control Present;Thursday;Intersection;16;0;One-Way, Not Divided;1 lane;0;#NULL!;#NULL!;Smooth Asphalt;#NULL!;No Special Feature;Parallel Paths - Other Circumstances;Local Street;B: Evident Injury;New Hanover;39;Clear;#NULL!;Unknown;5 - 15 MPH;2011;Daylight;30-39