Geo Point;Geo Shape;BikeRace;City;BikePos;NumUnits;CrashHour;Locality;BikeSex;DrvrVehTyp;NumBikesNo;BikeAlcDrg;NumBikesBI;RteInvdCd;DrvrRace;Workzone;NumBikesCi;BikeAgeGrp;CrashType;RdDefects;CrashAlcoh;BikeAlcoho;RdConditio;DstncMiFrm;RuralUrban;HitRun;CrashDate;NumBikesUI;CrashTime;DrvrSex;DrvrAlcoho;Developmen;CrashSevr;AmbulanceR;DrvrInjury;OBJECTID;CrashMonth;NumBikesKi;RdCharacte;Region;BikeDir;TraffCntrl;CrashDay;CrashLoc;BikeAge;NumBikesTo;RdConfig;NumLanes;NumBikesAI;DrvrAlcDrg;OnRoad;RdSurface;Towrd_Rd;RdFeature;CrashGrp;RdClass;BikeInjury;County;DrvrAge;Weather;FrmRd;DrvrEstSpd;SpeedLimit;CrashYear;LightCond;DrvrAgeGrp
35.7375870346, -79.6553029137;"{""type"": ""Point"", ""coordinates"": [-79.65530291368702, 35.7375870345672]}";White;Ramseur;Travel Lane;2;21;Urban (>70% Developed);Male;Passenger Car;0;#NULL!;0;0;White;No;0;11-15;Bicyclist Ride Out - Signalized  Intersection;None;No;No;Dry;0;Rural;No;19JUN2011;0;21:14;Female;No;Commercial;C: Possible Injury;Yes;O: No Injury;3167;June;0;Straight - Hillcrest;Piedmont;With Traffic;Stop And Go Signal;Sunday;Intersection;12;0;Two-Way, Not Divided;5 lanes;0;#NULL!;#NULL!;Smooth Asphalt;#NULL!;Four-Way Intersection;Bicyclist Failed to Yield - Signalized Intersection;US Route;C: Possible Injury;Randolph;54;Clear;#NULL!;21-25 mph;30 - 35  MPH;2011;Dark - Lighted Roadway;50-59
35.2481168727, -81.2254033573;"{""type"": ""Point"", ""coordinates"": [-81.22540335734219, 35.2481168727455]}";Hispanic;Gastonia;Travel Lane;2;17;Urban (>70% Developed);Female;Sport Utility;0;#NULL!;0;0;White;No;0;6-10;Bicyclist Ride Out - Sign-Controlled Intersection;None;No;No;Dry;0;Urban;No;19JUN2011;0;17:48;Male;No;Residential;B: Evident Injury;Yes;O: No Injury;3171;June;0;Straight - Level;Piedmont;With Traffic;No Control Present;Sunday;Intersection;9;0;Two-Way, Not Divided;2 lanes;0;#NULL!;#NULL!;Smooth Asphalt;#NULL!;T-Intersection;Bicyclist Failed to Yield - Sign-Controlled Intersection;Local Street;B: Evident Injury;Gaston;24;Clear;#NULL!;31-35 mph;30 - 35  MPH;2011;Daylight;20-24
35.7942270813, -78.6729026201;"{""type"": ""Point"", ""coordinates"": [-78.67290262009533, 35.794227081319626]}";White;Raleigh;Travel Lane;2;16;Urban (>70% Developed);Female;Passenger Car;0;#NULL!;0;0;White;No;0;16-19;Bicyclist Ride Through - Signalized Intersection;None;No;No;Dry;0;Urban;No;04JUL2011;0;16:15;Female;No;Residential;B: Evident Injury;No;O: No Injury;3177;July;0;Straight - Level;Piedmont;With Traffic;Stop And Go Signal;Monday;Intersection;16;0;Two-Way, Not Divided;2 lanes;0;#NULL!;#NULL!;Coarse Asphalt;#NULL!;Four-Way Intersection;Bicyclist Failed to Yield - Signalized Intersection;Local Street;B: Evident Injury;Wake;30;Clear;#NULL!;26-30 mph;30 - 35  MPH;2011;Daylight;30-39
35.9185171126, -78.5465025878;"{""type"": ""Point"", ""coordinates"": [-78.54650258780846, 35.91851711255938]}";White;None - Rural Crash;Travel Lane;2;13;Urban (>70% Developed);Male;Passenger Car;0;#NULL!;0;0;White;No;0;60-69;Motorist Overtaking - Other / Unknown;None;No;No;Dry;0;Rural;No;26JUN2011;0;13:02;Female;No;Commercial;B: Evident Injury;No;O: No Injury;3188;June;0;Straight - Level;Piedmont;With Traffic;Stop And Go Signal;Sunday;Non-Intersection;61;0;Two-Way, Divided, Unprotected Median;4 lanes;0;#NULL!;#NULL!;Smooth Asphalt;#NULL!;Related To Intersection;Motorist Overtaking Bicyclist;US Route;B: Evident Injury;Wake;70+;Clear;#NULL!;56-60 mph;50 - 55  MPH;2011;Daylight;70+
35.7158370922, -77.8922023788;"{""type"": ""Point"", ""coordinates"": [-77.89220237878503, 35.71583709219882]}";Black;Wilson;Bike Lane / Paved Shoulder;2;12;Urban (>70% Developed);Male;Passenger Car;0;#NULL!;0;0;Black;No;0;50-59;Motorist Drive Out - Commercial Driveway / Alley;None;No;No;Dry;0;Urban;No;05JUN2011;0;12:34;Female;No;Commercial;B: Evident Injury;Yes;O: No Injury;3194;June;0;Straight - Level;Coastal;Facing Traffic;No Control Present;Sunday;Non-Intersection;55;0;Two-Way, Divided, Unprotected Median;4 lanes;0;#NULL!;#NULL!;Coarse Asphalt;#NULL!;No Special Feature;Motorist Failed to Yield - Midblock;Local Street;B: Evident Injury;Wilson;52;Clear;#NULL!;Unknown;40 - 45  MPH;2011;Daylight;50-59
35.7285570936, -77.9117023854;"{""type"": ""Point"", ""coordinates"": [-77.91170238540076, 35.72855709363849]}";Black;Wilson;Driveway / Alley;2;12;Urban (>70% Developed);Male;Sport Utility;0;#NULL!;0;0;White;No;0;11-15;Bicyclist Ride Out - Residential Driveway;None;No;No;Dry;0;Urban;No;25APR2011;0;12:46;Female;No;Residential;C: Possible Injury;Yes;O: No Injury;3195;April;0;Straight - Level;Coastal;Not Applicable;No Control Present;Monday;Non-Intersection;11;0;Two-Way, Not Divided;2 lanes;0;#NULL!;#NULL!;Coarse Asphalt;#NULL!;No Special Feature;Bicyclist Failed to Yield - Midblock;Local Street;C: Possible Injury;Wilson;25;Clear;#NULL!;16-20 mph;30 - 35  MPH;2011;Daylight;25-29
34.6885768955, -77.0703020783;"{""type"": ""Point"", ""coordinates"": [-77.0703020782903, 34.68857689546377]}";White;None - Rural Crash;Travel Lane;2;11;Mixed (30% To 70% Developed);Male;Passenger Car;0;#NULL!;0;0;White;No;0;16-19;Bicyclist Left Turn - Same Direction;None;No;No;Dry;0;Rural;No;21JUL2011;0;11:30;Female;No;Farms, Woods, Pastures;C: Possible Injury;Yes;O: No Injury;3197;July;0;Straight - Level;Coastal;With Traffic;No Control Present;Thursday;Non-Intersection;17;0;Two-Way, Not Divided;5 lanes;0;#NULL!;#NULL!;Smooth Asphalt;#NULL!;No Special Feature;Bicyclist Left Turn / Merge;NC Route;C: Possible Injury;Carteret;25;Clear;#NULL!;26-30 mph;30 - 35  MPH;2011;Daylight;25-29
35.2477468779, -81.0818033141;"{""type"": ""Point"", ""coordinates"": [-81.08180331414182, 35.24774687789812]}";Unknown/Missing;Cramerton;Travel Lane;2;11;Mixed (30% To 70% Developed);Unknown;Unknown;0;#NULL!;0;0;Unknown/Missing;No;0;6-10;Motorist Overtaking - Other / Unknown;None;No;No;Dry;0;Rural;Yes;05JUL2011;0;11:20;Unknown;Missing;Residential;Unknown Injury;No;Unknown Injury;3206;July;0;Straight - Grade;Piedmont;With Traffic;No Control Present;Tuesday;Non-Intersection;10;0;Two-Way, Divided, Unprotected Median;2 lanes;0;#NULL!;#NULL!;Smooth Asphalt;#NULL!;No Special Feature;Motorist Overtaking Bicyclist;Local Street;Unknown Injury;Gaston;Unknown;Cloudy;#NULL!;31-35 mph;30 - 35  MPH;2011;Daylight;Unknown
34.6114968147, -78.9754026508;"{""type"": ""Point"", ""coordinates"": [-78.97540265076837, 34.611496814691414]}";Native American;Lumberton;Travel Lane;2;19;Urban (>70% Developed);Male;Passenger Car;0;#NULL!;0;0;White;No;0;11-15;Bicyclist Left Turn - Opposite Direction;None;No;No;Wet;0;Urban;No;24JUL2011;0;19:04;Male;No;Residential;B: Evident Injury;No;O: No Injury;3211;July;0;Straight - Level;Coastal;With Traffic;No Control Present;Sunday;Intersection-Related;14;0;Two-Way, Not Divided;2 lanes;0;#NULL!;#NULL!;Coarse Asphalt;#NULL!;No Special Feature;Bicyclist Left Turn / Merge;Local Street;B: Evident Injury;Robeson;70+;Rain;#NULL!;26-30 mph;30 - 35  MPH;2011;Daylight;70+
35.4414469365, -80.607903183;"{""type"": ""Point"", ""coordinates"": [-80.60790318297711, 35.44144693649919]}";White;Concord;Travel Lane;2;16;Urban (>70% Developed);Male;Passenger Car;0;#NULL!;0;0;Black;No;0;40-49;Motorist Drive Out - Commercial Driveway / Alley;None;No;No;Dry;0;Urban;No;07JUL2011;0;16:31;Male;No;Commercial;C: Possible Injury;No;O: No Injury;3212;July;0;Straight - Hillcrest;Piedmont;Facing Traffic;No Control Present;Thursday;Non-Intersection;44;0;Two-Way, Not Divided;2 lanes;0;#NULL!;#NULL!;Smooth Asphalt;#NULL!;Driveway, Public;Motorist Failed to Yield - Midblock;Public Vehicular Area;C: Possible Injury;Cabarrus;29;Cloudy;#NULL!;16-20 mph;Unknown;2011;Daylight;25-29
35.0820468518, -80.832603231;"{""type"": ""Point"", ""coordinates"": [-80.83260323099361, 35.08204685182408]}";Black;Charlotte;Travel Lane;2;13;Urban (>70% Developed);Female;Passenger Car;0;#NULL!;0;0;White;No;0;6-10;Crossing Paths - Intersection - Other / Unknown;None;No;No;Dry;0;Urban;No;07JUL2011;0;13:59;Male;No;Residential;B: Evident Injury;Yes;O: No Injury;3213;July;0;Straight - Hillcrest;Piedmont;Not Applicable;Stop Sign;Thursday;Intersection;10;0;Two-Way, Not Divided;2 lanes;0;#NULL!;#NULL!;Smooth Asphalt;#NULL!;Four-Way Intersection;Crossing Paths - Other Circumstances;Local Street;B: Evident Injury;Mecklenburg;45;Clear;#NULL!;0-5 mph;5 - 15 MPH;2011;Daylight;40-49
35.4404768659, -82.4748037382;"{""type"": ""Point"", ""coordinates"": [-82.47480373816103, 35.44047686589715]}";White;Fletcher;Travel Lane;2;10;Mixed (30% To 70% Developed);Female;Pickup;0;#NULL!;0;0;White;No;0;30-39;Bicyclist Turning Error - Left Turn;None;No;No;Dry;0;Urban;No;08JUL2011;0;10:13;Male;No;Residential;B: Evident Injury;Yes;O: No Injury;3215;July;0;Straight - Level;Mountains;With Traffic;No Control Present;Friday;Intersection;38;0;Two-Way, Not Divided;2 lanes;0;#NULL!;#NULL!;Smooth Asphalt;#NULL!;T-Intersection;Loss of Control / Turning Error;Private Road, Driveway;B: Evident Injury;Henderson;33;Clear;#NULL!;21-25 mph;20 - 25  MPH;2011;Daylight;30-39
35.2952169007, -80.7271032115;"{""type"": ""Point"", ""coordinates"": [-80.72710321145395, 35.29521690073365]}";Black;Charlotte;Non-Roadway;2;18;Urban (>70% Developed);Male;Passenger Car;0;#NULL!;0;0;White;No;0;6-10;Non-Roadway;None;No;No;Dry;0;Urban;No;09JUL2011;0;18:01;Female;No;Residential;B: Evident Injury;Yes;O: No Injury;3216;July;0;Straight - Level;Piedmont;Not Applicable;No Control Present;Saturday;Non-Roadway;10;0;Two-Way, Not Divided;Unknown;0;#NULL!;#NULL!;Smooth Asphalt;#NULL!;No Special Feature;Non-Roadway;Public Vehicular Area;B: Evident Injury;Mecklenburg;21;Clear;#NULL!;6-10 mph;5 - 15 MPH;2011;Daylight;20-24
34.2254567641, -77.9448023214;"{""type"": ""Point"", ""coordinates"": [-77.94480232139931, 34.22545676410798]}";Black;Wilmington;Travel Lane;2;2;Urban (>70% Developed);Male;Passenger Car;0;#NULL!;0;0;White;No;0;40-49;Bicyclist Ride Out - Signalized  Intersection;None;No;No;Dry;0;Urban;No;09JUL2011;0;2:54;Male;No;Commercial;C: Possible Injury;Yes;O: No Injury;3218;July;0;Straight - Hillcrest;Coastal;Facing Traffic;Stop And Go Signal;Saturday;Intersection;40;0;One-Way, Not Divided;4 lanes;0;#NULL!;#NULL!;Smooth Asphalt;#NULL!;No Special Feature;Bicyclist Failed to Yield - Signalized Intersection;Local Street;C: Possible Injury;New Hanover;38;Clear;#NULL!;21-25 mph;30 - 35  MPH;2011;Dark - Lighted Roadway;30-39
36.1831572643, -75.7572017483;"{""type"": ""Point"", ""coordinates"": [-75.75720174829773, 36.183157264326525]}";White;Duck;Multi-use Path;2;10;Mixed (30% To 70% Developed);Female;Pickup;0;#NULL!;0;0;White;No;0;40-49;Motorist Drive Out - Other Midblock;None;No;No;Dry;0;Rural;No;12JUL2011;0;10:00;Male;No;Commercial;C: Possible Injury;Yes;O: No Injury;3223;July;0;Straight - Level;Coastal;Facing Traffic;Stop Sign;Tuesday;Non-Intersection;42;0;Two-Way, Not Divided;2 lanes;0;#NULL!;#NULL!;Smooth Asphalt;#NULL!;Driveway, Public;Motorist Failed to Yield - Midblock;NC Route;C: Possible Injury;Dare;58;Clear;#NULL!;0-5 mph;30 - 35  MPH;2011;Daylight;50-59
35.5418468853, -82.5324037608;"{""type"": ""Point"", ""coordinates"": [-82.53240376079066, 35.54184688525582]}";White;Asheville;Travel Lane;2;0;Urban (>70% Developed);Male;Passenger Car;0;#NULL!;0;0;White;No;0;25-29;Motorist Left Turn - Opposite Direction;None;No;No;Wet;0;Urban;No;22JUN2011;0;0:25;Female;No;Commercial;C: Possible Injury;No;O: No Injury;3235;June;0;Straight - Level;Mountains;With Traffic;No Control Present;Wednesday;Intersection;28;0;Two-Way, Not Divided;5 lanes;0;#NULL!;#NULL!;Smooth Asphalt;#NULL!;No Special Feature;Motorist Left Turn / Merge;US Route;C: Possible Injury;Buncombe;37;Rain;#NULL!;11-15 mph;40 - 45  MPH;2011;Dark - Lighted Roadway;30-39
34.6153968122, -79.0686026789;"{""type"": ""Point"", ""coordinates"": [-79.06860267886708, 34.61539681224405]}";White;Lumberton;Sidewalk / Crosswalk / Driveway Crossing;2;18;Urban (>70% Developed);Female;Passenger Car;0;#NULL!;0;0;Black;No;0;40-49;Bicyclist Ride Through - Signalized Intersection;None;No;No;Dry;0;Urban;No;16JUL2011;0;18:51;Male;No;Commercial;B: Evident Injury;No;O: No Injury;3236;July;0;Straight - Level;Coastal;Facing Traffic;Stop And Go Signal;Saturday;Intersection;47;0;Two-Way, Divided, Unprotected Median;9 or more lanes;0;#NULL!;#NULL!;Coarse Asphalt;#NULL!;Four-Way Intersection;Bicyclist Failed to Yield - Signalized Intersection;Local Street;B: Evident Injury;Robeson;56;Clear;#NULL!;6-10 mph;30 - 35  MPH;2011;Daylight;50-59
35.381627016, -77.9862023902;"{""type"": ""Point"", ""coordinates"": [-77.98620239023916, 35.381627015958756]}";Black;Goldsboro;Sidewalk / Crosswalk / Driveway Crossing;2;17;Urban (>70% Developed);Male;Pickup;0;#NULL!;0;0;White;No;0;25-29;Motorist Drive Out - Commercial Driveway / Alley;None;No;No;Dry;0;Urban;No;13JUL2011;0;17:28;Female;No;Residential;C: Possible Injury;Yes;O: No Injury;3242;July;0;Straight - Level;Coastal;With Traffic;No Control Present;Wednesday;Non-Intersection;26;0;Two-Way, Not Divided;2 lanes;0;#NULL!;#NULL!;Coarse Asphalt;#NULL!;No Special Feature;Motorist Failed to Yield - Midblock;Local Street;C: Possible Injury;Wayne;62;Clear;#NULL!;Unknown;Unknown;2011;Daylight;60-69
35.3863069192, -80.7642032275;"{""type"": ""Point"", ""coordinates"": [-80.76420322752934, 35.386306919217105]}";White;Charlotte;Travel Lane;2;16;Urban (>70% Developed);Male;Passenger Car;0;#NULL!;0;0;Unknown/Missing;No;0;11-15;Bicyclist Overtaking - Other / Unknown;None;No;No;Dry;0;Urban;No;04JUN2011;0;16:09;Unknown;Missing;Residential;C: Possible Injury;No;Unknown Injury;3251;June;0;Straight - Level;Piedmont;With Traffic;No Control Present;Saturday;Non-Intersection;14;0;Two-Way, Not Divided;2 lanes;0;#NULL!;#NULL!;Smooth Asphalt;#NULL!;No Special Feature;Bicyclist Overtaking Motorist;Local Street;C: Possible Injury;Mecklenburg;Unknown;Clear;#NULL!;Unknown;20 - 25  MPH;2011;Daylight;Unknown
35.2945568972, -80.8390032448;"{""type"": ""Point"", ""coordinates"": [-80.8390032448013, 35.29455689716507]}";Black;Charlotte;Travel Lane;2;3;Mixed (30% To 70% Developed);Female;Unknown;0;#NULL!;0;0;Unknown/Missing;No;0;40-49;Motorist Overtaking - Misjudged Space;None;No;No;Dry;0;Urban;Yes;23JUL2011;0;3:52;Unknown;Missing;Residential;C: Possible Injury;Yes;Unknown Injury;3255;July;0;Straight - Level;Piedmont;With Traffic;No Control Present;Saturday;Intersection;46;0;Two-Way, Not Divided;2 lanes;0;#NULL!;#NULL!;Smooth Asphalt;#NULL!;T-Intersection;Motorist Overtaking Bicyclist;Local Street;C: Possible Injury;Mecklenburg;Unknown;Clear;#NULL!;41-45 mph;40 - 45  MPH;2011;Dark - Lighted Roadway;Unknown
35.8870070989, -78.733802643;"{""type"": ""Point"", ""coordinates"": [-78.73380264302017, 35.8870070989209]}";Other;Raleigh;Travel Lane;2;21;Urban (>70% Developed);Female;Sport Utility;0;#NULL!;0;0;Other;No;0;16-19;Motorist Drive Out - Sign-Controlled Intersection;None;No;No;Dry;0;Urban;No;03AUG2011;0;21:30;Male;No;Residential;C: Possible Injury;Yes;O: No Injury;3263;August;0;Straight - Level;Piedmont;With Traffic;Stop Sign;Wednesday;Intersection;18;0;Two-Way, Not Divided;2 lanes;0;#NULL!;#NULL!;Smooth Asphalt;#NULL!;No Special Feature;Motorist Failed to Yield - Sign-Controlled Intersection;Local Street;C: Possible Injury;Wake;63;Clear;#NULL!;21-25 mph;30 - 35  MPH;2011;Dark - Lighted Roadway;60-69
35.8243570914, -78.5692025897;"{""type"": ""Point"", ""coordinates"": [-78.56920258974712, 35.82435709136413]}";Hispanic;Raleigh;Sidewalk / Crosswalk / Driveway Crossing;2;14;Urban (>70% Developed);Male;Sport Utility;0;#NULL!;0;0;White;No;0;20-24;Motorist Drive Out - Sign-Controlled Intersection;None;No;No;Dry;0;Urban;No;01AUG2011;0;14:27;Female;No;Residential;C: Possible Injury;Yes;O: No Injury;3266;August;0;Straight - Level;Piedmont;Facing Traffic;Stop Sign;Monday;Intersection;21;0;Two-Way, Not Divided;2 lanes;0;#NULL!;#NULL!;Smooth Asphalt;#NULL!;T-Intersection;Motorist Failed to Yield - Sign-Controlled Intersection;Local Street;C: Possible Injury;Wake;20;Clear;#NULL!;0-5 mph;30 - 35  MPH;2011;Daylight;20-24
35.2954068974, -80.8146032371;"{""type"": ""Point"", ""coordinates"": [-80.81460323705657, 35.2954068974081]}";Black;Charlotte;Travel Lane;2;20;Urban (>70% Developed);Male;Passenger Car;0;#NULL!;0;0;Hispanic;No;0;16-19;Bicyclist Left Turn - Same Direction;None;No;No;Dry;0;Urban;No;26JUL2011;0;20:28;Female;No;Residential;B: Evident Injury;Yes;O: No Injury;3268;July;0;Straight - Level;Piedmont;With Traffic;No Control Present;Tuesday;Non-Intersection;18;0;Two-Way, Not Divided;2 lanes;0;#NULL!;#NULL!;Concrete;#NULL!;No Special Feature;Bicyclist Left Turn / Merge;Local Street;B: Evident Injury;Mecklenburg;40;Clear;#NULL!;31-35 mph;30 - 35  MPH;2011;Dusk;40-49
35.9118870925, -79.0587027427;"{""type"": ""Point"", ""coordinates"": [-79.05870274274989, 35.91188709247564]}";Black;Chapel Hill;Sidewalk / Crosswalk / Driveway Crossing;2;15;Urban (>70% Developed);Male;Passenger Car;0;#NULL!;0;0;White;No;0;16-19;Motorist Drive Out - Commercial Driveway / Alley;None;No;No;Dry;0;Urban;No;19JUL2011;0;15:00;Female;No;Commercial;C: Possible Injury;No;O: No Injury;3269;July;0;Straight - Level;Piedmont;Facing Traffic;No Control Present;Tuesday;Non-Intersection;16;0;Two-Way, Not Divided;Unknown;0;#NULL!;#NULL!;Smooth Asphalt;#NULL!;Driveway, Private;Motorist Failed to Yield - Midblock;Public Vehicular Area;C: Possible Injury;Orange;19;Clear;#NULL!;0-5 mph;5 - 15 MPH;2011;Daylight;0-19
34.2201367673, -77.8162022815;"{""type"": ""Point"", ""coordinates"": [-77.81620228150494, 34.22013676728809]}";White;Wilmington;Travel Lane;2;21;Urban (>70% Developed);Male;Passenger Car;0;#NULL!;0;0;White;No;0;30-39;Bicyclist Ride Out - Other Midblock;None;No;No;Dry;0;Urban;No;09JUL2011;0;21:44;Female;No;Commercial;O: No Injury;No;O: No Injury;3272;July;0;Straight - Level;Coastal;Not Applicable;No Control Present;Saturday;Non-Intersection;32;0;Unknown;Unknown;0;#NULL!;#NULL!;Coarse Asphalt;#NULL!;No Special Feature;Bicyclist Failed to Yield - Midblock;Local Street;O: No Injury;New Hanover;30;Clear;#NULL!;36-40 mph;40 - 45  MPH;2011;Dark - Lighted Roadway;30-39
36.0935170869, -80.2793031209;"{""type"": ""Point"", ""coordinates"": [-80.27930312085174, 36.093517086903674]}";White;Winston-Salem;Travel Lane;2;16;Urban (>70% Developed);Male;Sport Utility;0;#NULL!;0;0;White;No;0;60-69;Motorist Drive Out - Commercial Driveway / Alley;None;No;No;Dry;0;Urban;No;15JUL2011;0;16:17;Female;No;Commercial;C: Possible Injury;No;O: No Injury;3278;July;0;Straight - Level;Piedmont;Facing Traffic;No Control Present;Friday;Non-Intersection;63;0;Two-Way, Not Divided;9 or more lanes;0;#NULL!;#NULL!;Smooth Asphalt;#NULL!;Four-Way Intersection;Motorist Failed to Yield - Midblock;State Secondary Route;C: Possible Injury;Forsyth;20;Clear;#NULL!;0-5 mph;30 - 35  MPH;2011;Daylight;20-24
36.2094471284, -79.8259029911;"{""type"": ""Point"", ""coordinates"": [-79.82590299110765, 36.20944712836651]}";White;Summerfield;Travel Lane;2;18;Rural (<30% Developed);Female;Light Truck (Mini-Van, Panel);0;#NULL!;0;0;Other;No;0;50-59;Motorist Left Turn - Opposite Direction;None;No;No;Wet;0;Urban;No;12AUG2011;0;18:39;Female;No;Farms, Woods, Pastures;A: Disabling Injury;Yes;O: No Injury;3281;August;0;Straight - Level;Piedmont;With Traffic;Double Yellow Line, No Passing Zone;Friday;Intersection;50;0;Two-Way, Not Divided;2 lanes;0;#NULL!;#NULL!;Smooth Asphalt;#NULL!;T-Intersection;Motorist Left Turn / Merge;NC Route;A: Disabling Injury;Guilford;36;Rain;#NULL!;36-40 mph;40 - 45  MPH;2011;Daylight;30-39
35.6329069091, -82.418403732;"{""type"": ""Point"", ""coordinates"": [-82.41840373202713, 35.63290690906861]}";White;None - Rural Crash;Travel Lane;2;17;Urban (>70% Developed);Male;Sport Utility;0;#NULL!;0;0;White;No;0;30-39;Motorist Left Turn - Opposite Direction;None;No;No;Dry;0;Rural;No;14AUG2011;0;17:00;Female;No;Residential;A: Disabling Injury;Yes;O: No Injury;3284;August;0;Straight - Grade;Mountains;With Traffic;Double Yellow Line, No Passing Zone;Sunday;Intersection;36;0;Two-Way, Not Divided;2 lanes;0;#NULL!;#NULL!;Coarse Asphalt;#NULL!;T-Intersection;Motorist Left Turn / Merge;State Secondary Route;A: Disabling Injury;Buncombe;44;Clear;#NULL!;26-30 mph;30 - 35  MPH;2011;Daylight;40-49
35.2410768865, -80.7967032291;"{""type"": ""Point"", ""coordinates"": [-80.79670322906969, 35.24107688650253]}";Black;Charlotte;Travel Lane;2;14;Urban (>70% Developed);Male;Pickup;0;#NULL!;0;0;Black;No;0;16-19;Motorist Right Turn on Red - Same Direction;None;No;No;Dry;0;Urban;No;08AUG2011;0;14:41;Female;No;Commercial;B: Evident Injury;Yes;O: No Injury;3286;August;0;Straight - Level;Piedmont;With Traffic;Stop And Go Signal;Monday;Intersection;19;0;Two-Way, Not Divided;4 lanes;0;#NULL!;#NULL!;Smooth Asphalt;#NULL!;T-Intersection;Motorist Right Turn / Merge;Local Street;B: Evident Injury;Mecklenburg;49;Clear;#NULL!;6-10 mph;30 - 35  MPH;2011;Daylight;40-49
35.7755970787, -78.6393026084;"{""type"": ""Point"", ""coordinates"": [-78.63930260835564, 35.77559707869291]}";White;Raleigh;Travel Lane;2;23;Urban (>70% Developed);Male;Passenger Car;0;#NULL!;0;0;Black;No;0;20-24;Bicyclist Overtaking - Passing on Right;None;No;No;Dry;0;Urban;No;13AUG2011;0;23:56;Male;No;Commercial;O: No Injury;No;O: No Injury;3287;August;0;Straight - Level;Piedmont;With Traffic;Stop And Go Signal;Saturday;Intersection-Related;21;0;Two-Way, Not Divided;2 lanes;0;#NULL!;#NULL!;Smooth Asphalt;#NULL!;No Special Feature;Bicyclist Overtaking Motorist;Local Street;O: No Injury;Wake;48;Clear;#NULL!;0-5 mph;30 - 35  MPH;2011;Dark - Lighted Roadway;40-49
34.1351567465, -77.8771022966;"{""type"": ""Point"", ""coordinates"": [-77.87710229655406, 34.13515674650423]}";White;None - Rural Crash;Travel Lane;2;14;Mixed (30% To 70% Developed);Male;Pickup;0;#NULL!;0;0;White;No;0;11-15;Bicyclist Left Turn - Same Direction;None;No;No;Dry;0;Rural;No;14AUG2011;0;14:56;Male;No;Residential;C: Possible Injury;Yes;O: No Injury;3289;August;0;Straight - Level;Coastal;With Traffic;Double Yellow Line, No Passing Zone;Sunday;Non-Intersection;14;0;Two-Way, Not Divided;2 lanes;0;#NULL!;#NULL!;Coarse Asphalt;#NULL!;Related To Intersection;Bicyclist Left Turn / Merge;State Secondary Route;C: Possible Injury;New Hanover;48;Clear;#NULL!;41-45 mph;40 - 45  MPH;2011;Daylight;40-49
36.1657972604, -75.7533017462;"{""type"": ""Point"", ""coordinates"": [-75.75330174615833, 36.16579726041393]}";White;Duck;Multi-use Path;2;10;Urban (>70% Developed);Male;Sport Utility;0;#NULL!;0;0;White;No;0;16-19;Motorist Drive Out - Commercial Driveway / Alley;None;No;No;Dry;0;Rural;No;31JUL2011;0;10:23;Female;No;Commercial;B: Evident Injury;No;O: No Injury;3290;July;0;Straight - Grade;Coastal;Facing Traffic;No Control Present;Sunday;Non-Intersection;17;0;Two-Way, Divided, Unprotected Median;2 lanes;0;#NULL!;#NULL!;Coarse Asphalt;#NULL!;Driveway, Public;Motorist Failed to Yield - Midblock;NC Route;B: Evident Injury;Dare;37;Clear;#NULL!;Unknown;Unknown;2011;Daylight;30-39
34.7602668995, -77.4158021867;"{""type"": ""Point"", ""coordinates"": [-77.41580218671211, 34.76026689947704]}";White;Jacksonville;Sidewalk / Crosswalk / Driveway Crossing;2;11;Urban (>70% Developed);Female;Unknown;0;#NULL!;0;0;Unknown/Missing;No;0;50-59;Motorist Drive Out - Commercial Driveway / Alley;None;No;No;Dry;0;Urban;Yes;31JUL2011;0;11:51;Unknown;Missing;Commercial;B: Evident Injury;No;Unknown Injury;3292;July;0;Straight - Level;Coastal;Facing Traffic;No Control Present;Sunday;Non-Intersection;51;0;Two-Way, Not Divided;1 lane;0;#NULL!;#NULL!;Smooth Asphalt;#NULL!;Driveway, Public;Motorist Failed to Yield - Midblock;Public Vehicular Area;B: Evident Injury;Onslow;Unknown;Clear;#NULL!;0-5 mph;Unknown;2011;Daylight;Unknown
35.0989769235, -78.9144026567;"{""type"": ""Point"", ""coordinates"": [-78.91440265673755, 35.09897692350394]}";Black;Fayetteville;Travel Lane;2;13;Urban (>70% Developed);Male;Pickup;0;#NULL!;0;0;Black;No;0;40-49;Motorist Left Turn - Opposite Direction;None;No;No;Dry;0;Urban;No;06AUG2011;0;13:45;Male;No;Commercial;O: No Injury;No;O: No Injury;3296;August;0;Straight - Level;Coastal;Not Applicable;No Control Present;Saturday;Non-Intersection;46;0;Two-Way, Divided, Unprotected Median;6 lanes;0;#NULL!;#NULL!;Coarse Asphalt;#NULL!;No Special Feature;Motorist Left Turn / Merge;Local Street;O: No Injury;Cumberland;57;Clear;#NULL!;16-20 mph;40 - 45  MPH;2011;Daylight;50-59