Geo Point;Geo Shape;BikeRace;City;BikePos;NumUnits;CrashHour;Locality;BikeSex;DrvrVehTyp;NumBikesNo;BikeAlcDrg;NumBikesBI;RteInvdCd;DrvrRace;Workzone;NumBikesCi;BikeAgeGrp;CrashType;RdDefects;CrashAlcoh;BikeAlcoho;RdConditio;DstncMiFrm;RuralUrban;HitRun;CrashDate;NumBikesUI;CrashTime;DrvrSex;DrvrAlcoho;Developmen;CrashSevr;AmbulanceR;DrvrInjury;OBJECTID;CrashMonth;NumBikesKi;RdCharacte;Region;BikeDir;TraffCntrl;CrashDay;CrashLoc;BikeAge;NumBikesTo;RdConfig;NumLanes;NumBikesAI;DrvrAlcDrg;OnRoad;RdSurface;Towrd_Rd;RdFeature;CrashGrp;RdClass;BikeInjury;County;DrvrAge;Weather;FrmRd;DrvrEstSpd;SpeedLimit;CrashYear;LightCond;DrvrAgeGrp
35.9798771269, -78.5097025799;"{""type"": ""Point"", ""coordinates"": [-78.50970257988979, 35.979877126857495]}";White;None - Rural Crash;Travel Lane;2;22;Rural (<30% Developed);Female;Passenger Car;0;#NULL!;0;0;Unknown/Missing;No;0;20-24;Motorist Overtaking - Other / Unknown;None;No;No;Dry;0;Rural;Yes;27JUL2011;0;22:18;Unknown;Missing;Farms, Woods, Pastures;B: Evident Injury;No;Unknown Injury;3297;July;0;Straight - Grade;Piedmont;With Traffic;Double Yellow Line, No Passing Zone;Wednesday;Non-Intersection;23;0;Two-Way, Not Divided;2 lanes;0;#NULL!;#NULL!;Smooth Asphalt;#NULL!;No Special Feature;Motorist Overtaking Bicyclist;State Secondary Route;B: Evident Injury;Wake;Unknown;Clear;#NULL!;41-45 mph;40 - 45  MPH;2011;Dark - Roadway Not Lighted;Unknown
35.2335068839, -80.823203236;"{""type"": ""Point"", ""coordinates"": [-80.82320323599758, 35.2335068839499]}";Black;Charlotte;Travel Lane;2;16;Urban (>70% Developed);Male;Passenger Car;0;#NULL!;0;0;White;No;0;16-19;Bicyclist Lost Control - Oversteering, Improper Braking, Speed;None;No;No;Dry;0;Urban;No;10AUG2011;0;16:13;Female;No;Residential;C: Possible Injury;No;O: No Injury;3302;August;0;Straight - Grade;Piedmont;With Traffic;Stop Sign;Wednesday;Intersection;18;0;Two-Way, Divided, Unprotected Median;2 lanes;0;#NULL!;#NULL!;Smooth Asphalt;#NULL!;T-Intersection;Loss of Control / Turning Error;Local Street;C: Possible Injury;Mecklenburg;56;Clear;#NULL!;26-30 mph;30 - 35  MPH;2011;Daylight;50-59
35.9055070969, -78.9173026995;"{""type"": ""Point"", ""coordinates"": [-78.91730269946292, 35.90550709685716]}";White;Durham;Travel Lane;2;11;Urban (>70% Developed);Female;Passenger Car;0;#NULL!;0;0;Black;No;0;40-49;Motorist Left Turn - Opposite Direction;None;No;No;Dry;0;Urban;No;26AUG2011;0;11:55;Female;No;Residential;C: Possible Injury;Yes;O: No Injury;3321;August;0;Straight - Level;Piedmont;With Traffic;Stop And Go Signal;Friday;Intersection;42;0;Two-Way, Not Divided;4 lanes;0;#NULL!;#NULL!;Smooth Asphalt;#NULL!;Four-Way Intersection;Motorist Left Turn / Merge;NC Route;C: Possible Injury;Durham;19;Clear;#NULL!;16-20 mph;40 - 45  MPH;2011;Daylight;0-19
35.9021670965, -78.8956026935;"{""type"": ""Point"", ""coordinates"": [-78.89560269352879, 35.90216709649444]}";Black;Durham;Non-Roadway;2;16;Urban (>70% Developed);Male;Passenger Car;0;#NULL!;0;0;Unknown/Missing;No;0;30-39;Non-Roadway;None;No;No;Dry;0;Urban;Yes;26AUG2011;0;16:04;Unknown;Missing;Commercial;C: Possible Injury;Yes;Unknown Injury;3324;August;0;Straight - Level;Piedmont;Not Applicable;No Control Present;Friday;Non-Roadway;30;0;Two-Way, Not Divided;2 lanes;0;#NULL!;#NULL!;Smooth Asphalt;#NULL!;No Special Feature;Non-Roadway;Public Vehicular Area;C: Possible Injury;Durham;Unknown;Clear;#NULL!;6-10 mph;20 - 25  MPH;2011;Daylight;Unknown
35.7888870802, -78.6732026193;"{""type"": ""Point"", ""coordinates"": [-78.6732026193258, 35.788887080156925]}";White;Raleigh;Travel Lane;2;12;Urban (>70% Developed);Female;Passenger Car;0;#NULL!;0;0;White;No;0;20-24;Motorist Left Turn - Opposite Direction;None;No;No;Dry;0;Urban;No;29AUG2011;0;12:40;Male;No;Commercial;B: Evident Injury;Yes;O: No Injury;3334;August;0;Straight - Level;Piedmont;With Traffic;Stop And Go Signal;Monday;Intersection;21;0;Two-Way, Not Divided;3 lanes;0;#NULL!;#NULL!;Smooth Asphalt;#NULL!;Four-Way Intersection;Motorist Left Turn / Merge;Local Street;B: Evident Injury;Wake;19;Clear;#NULL!;0-5 mph;30 - 35  MPH;2011;Daylight;0-19
35.3199268778, -81.4957034412;"{""type"": ""Point"", ""coordinates"": [-81.49570344116394, 35.3199268778255]}";White;None - Rural Crash;Travel Lane;2;8;Rural (<30% Developed);Male;Pickup;0;#NULL!;0;0;White;No;0;50-59;Motorist Drive Out - Sign-Controlled Intersection;None;No;No;Dry;0;Rural;No;30AUG2011;0;8:43;Male;No;Residential;B: Evident Injury;Yes;O: No Injury;3338;August;0;Straight - Level;Mountains;With Traffic;Stop Sign;Tuesday;Intersection;58;0;Two-Way, Not Divided;2 lanes;0;#NULL!;#NULL!;Smooth Asphalt;#NULL!;Four-Way Intersection;Motorist Failed to Yield - Sign-Controlled Intersection;State Secondary Route;B: Evident Injury;Cleveland;46;Clear;#NULL!;0-5 mph;40 - 45  MPH;2011;Daylight;40-49
35.771377073, -78.7853026531;"{""type"": ""Point"", ""coordinates"": [-78.7853026531149, 35.7713770729733]}";Black;Cary;Travel Lane;2;13;Urban (>70% Developed);Male;Passenger Car;0;#NULL!;0;0;White;No;0;11-15;Bicyclist Ride Out - Signalized  Intersection;None;No;No;Dry;0;Urban;No;21AUG2011;0;13:47;Male;No;Commercial;B: Evident Injury;Yes;O: No Injury;3342;August;0;Straight - Level;Piedmont;With Traffic;Stop And Go Signal;Sunday;Intersection;14;0;Two-Way, Not Divided;4 lanes;0;#NULL!;#NULL!;Smooth Asphalt;#NULL!;No Special Feature;Bicyclist Failed to Yield - Signalized Intersection;State Secondary Route;B: Evident Injury;Wake;29;Clear;#NULL!;26-30 mph;30 - 35  MPH;2011;Daylight;25-29
33.942056688, -78.35120243;"{""type"": ""Point"", ""coordinates"": [-78.35120243004991, 33.94205668795097]}";White;None - Rural Crash;Travel Lane;2;15;Rural (<30% Developed);Male;Sport Utility;0;#NULL!;0;0;White;No;0;16-19;Head-On - Bicyclist;None;No;No;Wet;0;Rural;No;22AUG2011;0;15:25;Female;No;Farms, Woods, Pastures;B: Evident Injury;Yes;O: No Injury;3343;August;0;Straight - Level;Coastal;Facing Traffic;No Control Present;Monday;Non-Intersection;18;0;Two-Way, Not Divided;2 lanes;0;#NULL!;#NULL!;Coarse Asphalt;#NULL!;No Special Feature;Head-On;State Secondary Route;B: Evident Injury;Brunswick;29;Rain;#NULL!;41-45 mph;40 - 45  MPH;2011;Daylight;25-29
33.8711466672, -78.4983024713;"{""type"": ""Point"", ""coordinates"": [-78.49830247133416, 33.87114666715908]}";White;Sunset Beach;Travel Lane;2;19;Urban (>70% Developed);Male;Sport Utility;0;#NULL!;0;0;White;No;0;6-10;Bicyclist Ride Through - Sign-Controlled Intersection;None;No;No;Dry;0;Rural;No;18AUG2011;0;19:00;Male;No;Residential;B: Evident Injury;Yes;O: No Injury;3346;August;0;Straight - Level;Coastal;With Traffic;Stop Sign;Thursday;Intersection;9;0;Two-Way, Not Divided;2 lanes;0;#NULL!;#NULL!;Coarse Asphalt;#NULL!;T-Intersection;Bicyclist Failed to Yield - Sign-Controlled Intersection;Local Street;B: Evident Injury;Brunswick;54;Clear;#NULL!;6-10 mph;20 - 25  MPH;2011;Daylight;50-59
35.0454169099, -78.9602026682;"{""type"": ""Point"", ""coordinates"": [-78.96020266816514, 35.04541690986845]}";White;Fayetteville;Travel Lane;2;7;Urban (>70% Developed);Male;Passenger Car;0;#NULL!;0;0;Asian;No;0;60-69;Motorist Overtaking - Undetected Bicyclist;None;No;No;Dry;0;Urban;No;01SEP2011;0;7:23;Female;No;Residential;B: Evident Injury;Yes;O: No Injury;3347;September;0;Straight - Level;Coastal;With Traffic;No Control Present;Thursday;Intersection-Related;61;0;Two-Way, Not Divided;2 lanes;0;#NULL!;#NULL!;Smooth Asphalt;#NULL!;No Special Feature;Motorist Overtaking Bicyclist;Local Street;B: Evident Injury;Cumberland;31;Clear;#NULL!;21-25 mph;20 - 25  MPH;2011;Daylight;30-39
35.9592771085, -78.8973026964;"{""type"": ""Point"", ""coordinates"": [-78.89730269635578, 35.959277108513696]}";Black;Durham;Travel Lane;2;17;Mixed (30% To 70% Developed);Male;Passenger Car;0;#NULL!;0;0;Black;No;0;11-15;Motorist Overtaking - Bicyclist Swerved;None;No;No;Dry;0;Urban;No;04SEP2011;0;17:30;Female;No;Residential;B: Evident Injury;No;O: No Injury;3355;September;0;Curve - Level;Piedmont;With Traffic;No Control Present;Sunday;Non-Intersection;12;0;Two-Way, Not Divided;2 lanes;0;#NULL!;#NULL!;Smooth Asphalt;#NULL!;No Special Feature;Motorist Overtaking Bicyclist;Local Street;B: Evident Injury;Durham;18;Clear;#NULL!;36-40 mph;20 - 25  MPH;2011;Daylight;0-19
35.214406869, -81.1395033291;"{""type"": ""Point"", ""coordinates"": [-81.13950332914965, 35.21440686897845]}";White;Gastonia;Travel Lane;2;14;Urban (>70% Developed);Male;Light Truck (Mini-Van, Panel);0;#NULL!;0;0;Unknown/Missing;No;0;40-49;Motorist Overtaking - Other / Unknown;None;No;No;Dry;0;Urban;Yes;17MAR2013;0;14:25;Unknown;Missing;Residential;B: Evident Injury;Yes;Unknown Injury;973;March;0;Straight - Grade;Piedmont;With Traffic;Double Yellow Line, No Passing Zone;Sunday;Intersection;49;0;Two-Way, Not Divided;2 lanes;0;#NULL!;KENDRICK RD;Smooth Asphalt;#NULL!;No Special Feature;Motorist Overtaking Bicyclist;State Secondary Route;B: Evident Injury;Gaston;Unknown;Clear;#NULL!;31-35 mph;Unknown;2013;Daylight;Unknown
35.7886370809, -78.6510026135;"{""type"": ""Point"", ""coordinates"": [-78.65100261345049, 35.788637080941925]}";White;Raleigh;Travel Lane;2;11;Urban (>70% Developed);Male;Passenger Car;0;#NULL!;0;0;White;No;0;30-39;Motorist Left Turn - Opposite Direction;None;No;No;Dry;0;Urban;No;15MAR2013;0;11:04;Male;No;Institutional;B: Evident Injury;Yes;O: No Injury;975;March;0;Straight - Level;Piedmont;With Traffic;Stop And Go Signal;Friday;Intersection;37;0;Two-Way, Not Divided;2 lanes;0;#NULL!;W PEACE ST;Smooth Asphalt;#NULL!;Four-Way Intersection;Motorist Left Turn / Merge;Local Street;B: Evident Injury;Wake;40;Clear;#NULL!;11-15 mph;30 - 35  MPH;2013;Daylight;40-49
35.2393068869, -80.7983032287;"{""type"": ""Point"", ""coordinates"": [-80.79830322874788, 35.23930688690337]}";Black;Charlotte;Travel Lane;2;13;Urban (>70% Developed);Male;Passenger Car;0;#NULL!;0;0;Black;No;0;50-59;Bicyclist Ride Out - Sign-Controlled Intersection;None;No;No;Dry;0;Urban;No;08APR2013;0;13:42;Female;No;Commercial;B: Evident Injury;Yes;O: No Injury;979;April;0;Straight - Level;Piedmont;With Traffic;No Control Present;Monday;Intersection;58;0;Two-Way, Divided, Unprotected Median;4 lanes;0;#NULL!;THE PLAZA;Smooth Asphalt;#NULL!;No Special Feature;Bicyclist Failed to Yield - Sign-Controlled Intersection;Local Street;B: Evident Injury;Mecklenburg;50;Clear;#NULL!;26-30 mph;30 - 35  MPH;2013;Daylight;50-59
35.3754270147, -77.9924023914;"{""type"": ""Point"", ""coordinates"": [-77.99240239141932, 35.37542701470276]}";Black;Goldsboro;Sidewalk / Crosswalk / Driveway Crossing;2;14;Urban (>70% Developed);Male;Pedalcycle;0;#NULL!;0;0;Black;No;0;50-59;Motorist Drive Out - Commercial Driveway / Alley;None;No;No;Wet;0;Urban;No;24MAR2013;0;14:39;Male;No;Residential;C: Possible Injury;Yes;C: Possible Injury;985;March;0;Straight - Level;Coastal;With Traffic;No Control Present;Sunday;Non-Intersection;59;0;Two-Way, Not Divided;Unknown;0;#NULL!;PP 430 E ELM ST;Grooved Concrete;#NULL!;Driveway, Private;Motorist Failed to Yield - Midblock;Private Road, Driveway;O: No Injury;Wayne;Unknown;Rain;#NULL!;Unknown;Unknown;2013;Daylight;Unknown
35.5557869532, -80.8110032505;"{""type"": ""Point"", ""coordinates"": [-80.81100325050112, 35.55578695324523]}";White;Mooresville;Travel Lane;2;16;Urban (>70% Developed);Male;Passenger Car;0;#NULL!;0;0;Native American;No;0;16-19;Motorist Left Turn - Opposite Direction;None;No;No;Wet;0;Urban;No;31MAR2013;0;16:44;Male;No;Commercial;B: Evident Injury;No;O: No Injury;999;March;0;Straight - Level;Piedmont;With Traffic;No Control Present;Sunday;Intersection;17;0;Two-Way, Not Divided;2 lanes;0;#NULL!;SHEARERS RD;Coarse Asphalt;#NULL!;No Special Feature;Motorist Left Turn / Merge;Local Street;B: Evident Injury;Iredell;32;Cloudy;#NULL!;16-20 mph;40 - 45  MPH;2013;Daylight;30-39
35.7331350623, -78.8552826717;"{""type"": ""Point"", ""coordinates"": [-78.85528267167761, 35.7331350623099]}";White;Apex;Travel Lane;2;7;Mixed (30% To 70% Developed);Male;Police;0;#NULL!;0;0;White;No;0;6-10;Bicyclist Ride Through - Sign-Controlled Intersection;None;No;No;Dry;0;Urban;No;15JUN2010;0;7:57;Female;No;Residential;B: Evident Injury;Yes;O: No Injury;4003;June;0;Straight - Level;Piedmont;With Traffic;Stop Sign;Tuesday;Intersection;10;0;Two-Way, Not Divided;2 lanes;0;#NULL!;#NULL!;Smooth Asphalt;#NULL!;T-Intersection;Bicyclist Failed to Yield - Sign-Controlled Intersection;Local Street;B: Evident Injury;Wake;40;Clear;#NULL!;16-20 mph;20 - 25  MPH;2010;Daylight;40-49
35.5934068947, -82.5600777714;"{""type"": ""Point"", ""coordinates"": [-82.56007777144214, 35.59340689474488]}";White;Asheville;Travel Lane;2;12;Urban (>70% Developed);Male;Pickup;0;#NULL!;0;0;White;No;0;40-49;Motorist Right Turn - Same Direction;None;No;No;Dry;0;Urban;No;28MAY2010;0;12:58;Female;No;Commercial;B: Evident Injury;Yes;O: No Injury;4007;May;0;Straight - Level;Mountains;With Traffic;Other;Friday;Intersection;47;0;Two-Way, Divided, Unprotected Median;4 lanes;0;#NULL!;#NULL!;Smooth Asphalt;#NULL!;No Special Feature;Motorist Right Turn / Merge;Local Street;B: Evident Injury;Buncombe;26;Clear;#NULL!;6-10 mph;20 - 25  MPH;2010;Daylight;25-29
35.088904922, -78.8786426451;"{""type"": ""Point"", ""coordinates"": [-78.87864264513419, 35.08890492198662]}";Black;Fayetteville;Travel Lane;2;19;Urban (>70% Developed);Male;Passenger Car;0;#NULL!;0;0;Black;No;0;60-69;Crossing Paths - Midblock - Other / Unknown;None;Yes;Yes;Wet;0;Urban;No;28MAY2010;0;19:45;Female;No;Commercial;B: Evident Injury;Yes;O: No Injury;4008;May;0;Curve - Level;Coastal;Not Applicable;No Control Present;Friday;Non-Intersection;61;0;Two-Way, Not Divided;6 lanes;0;#NULL!;#NULL!;Coarse Asphalt;#NULL!;No Special Feature;Crossing Paths - Other Circumstances;US Route;B: Evident Injury;Cumberland;18;Cloudy;#NULL!;41-45 mph;40 - 45  MPH;2010;Daylight;0-19
35.2645908666, -81.4755834321;"{""type"": ""Point"", ""coordinates"": [-81.47558343210186, 35.264590866575425]}";White;Shelby;Travel Lane;2;21;Urban (>70% Developed);Male;Passenger Car;0;#NULL!;0;0;White;No;0;40-49;Motorist Overtaking - Undetected Bicyclist;None;Yes;Yes;Dry;0;Urban;No;30MAY2010;0;21:23;Male;Yes;Residential;B: Evident Injury;Yes;O: No Injury;4010;May;0;Straight - Grade;Mountains;With Traffic;No Control Present;Sunday;Non-Intersection;45;0;Two-Way, Not Divided;2 lanes;0;#NULL!;#NULL!;Smooth Asphalt;#NULL!;No Special Feature;Motorist Overtaking Bicyclist;State Secondary Route;B: Evident Injury;Cleveland;33;Clear;#NULL!;16-20 mph;30 - 35  MPH;2010;Dark - Lighted Roadway;30-39
34.6650768913, -77.0175620606;"{""type"": ""Point"", ""coordinates"": [-77.017562060592, 34.66507689127424]}";White;Emerald Isle;Travel Lane;2;18;Urban (>70% Developed);Female;Passenger Car;0;#NULL!;0;0;Unknown/Missing;No;0;11-15;Bicyclist Ride Out - Sign-Controlled Intersection;None;No;No;Dry;0;Rural;No;31MAY2010;0;18:15;Female;No;Residential;B: Evident Injury;Yes;O: No Injury;4013;May;0;Straight - Hillcrest;Coastal;Facing Traffic;Stop Sign;Monday;Intersection;12;0;Two-Way, Not Divided;4 lanes;0;#NULL!;#NULL!;Smooth Asphalt;#NULL!;T-Intersection;Bicyclist Failed to Yield - Sign-Controlled Intersection;Local Street;B: Evident Injury;Carteret;23;Clear;#NULL!;21-25 mph;20 - 25  MPH;2010;Daylight;20-24
33.9578387, -78.0710423461;"{""type"": ""Point"", ""coordinates"": [-78.07104234612201, 33.9578386999855]}";White;None - Rural Crash;Travel Lane;2;7;Rural (<30% Developed);Male;Pickup;0;#NULL!;0;0;White;No;0;30-39;Motorist Overtaking - Misjudged Space;None;No;No;Dry;0;Rural;No;18JUN2010;0;7:34;Male;No;Farms, Woods, Pastures;B: Evident Injury;Yes;O: No Injury;4014;June;0;Straight - Level;Coastal;With Traffic;Double Yellow Line, No Passing Zone;Friday;Non-Intersection;35;0;Two-Way, Not Divided;2 lanes;0;#NULL!;#NULL!;Coarse Asphalt;#NULL!;No Special Feature;Motorist Overtaking Bicyclist;NC Route;B: Evident Injury;Brunswick;65;Clear;#NULL!;51-55 mph;50 - 55  MPH;2010;Daylight;60-69
34.226813766, -77.8862523035;"{""type"": ""Point"", ""coordinates"": [-77.88625230347685, 34.226813765952464]}";White;Wilmington;Non-Roadway;2;0;Urban (>70% Developed);Male;Unknown;0;#NULL!;0;0;Unknown/Missing;No;0;20-24;Parallel Paths - Other / Unknown;None;No;No;Dry;0;Urban;Yes;30MAY2010;0;0:09;Unknown;Missing;Residential;C: Possible Injury;No;Unknown Injury;4023;May;0;Straight - Level;Coastal;Not Applicable;No Control Present;Sunday;Non-Intersection;23;0;Two-Way, Not Divided;2 lanes;0;#NULL!;#NULL!;Coarse Asphalt;#NULL!;No Special Feature;Parallel Paths - Other Circumstances;Local Street;C: Possible Injury;New Hanover;Unknown;Clear;#NULL!;Unknown;40 - 45  MPH;2010;Dark - Roadway Not Lighted;Unknown
36.2291021518, -79.2963228324;"{""type"": ""Point"", ""coordinates"": [-79.29632283243978, 36.22910215184411]}";Black;None - Rural Crash;Travel Lane;2;23;Rural (<30% Developed);Male;Pickup;0;#NULL!;0;0;White;No;0;50-59;Motorist Overtaking - Other / Unknown;None;Yes;Yes;Dry;0;Rural;No;22MAY2010;0;23:30;Male;Yes;Farms, Woods, Pastures;K: Killed;Yes;O: No Injury;4031;May;0;Straight - Level;Piedmont;With Traffic;No Control Present;Saturday;Non-Intersection;54;0;Two-Way, Not Divided;2 lanes;0;#NULL!;#NULL!;Smooth Asphalt;#NULL!;No Special Feature;Motorist Overtaking Bicyclist;State Secondary Route;K: Killed;Alamance;43;Fog, Smog, Smoke;#NULL!;41-45 mph;50 - 55  MPH;2010;Dark - Roadway Not Lighted;40-49
35.2722568883, -80.9501732763;"{""type"": ""Point"", ""coordinates"": [-80.95017327627603, 35.27225688825038]}";Black;Charlotte;Travel Lane;2;18;Urban (>70% Developed);Female;Passenger Car;0;#NULL!;0;0;White;No;0;11-15;Bicyclist Right Turn - Same Direction;None;No;No;Dry;0;Urban;No;04JUN2010;0;18:08;Female;No;Residential;C: Possible Injury;No;O: No Injury;4033;June;0;Straight - Level;Piedmont;With Traffic;No Control Present;Friday;Non-Intersection;13;0;Two-Way, Not Divided;2 lanes;0;#NULL!;#NULL!;Smooth Asphalt;#NULL!;No Special Feature;Bicyclist Right Turn / Merge;Local Street;C: Possible Injury;Mecklenburg;33;Clear;#NULL!;21-25 mph;20 - 25  MPH;2010;Daylight;30-39
36.0331530898, -79.8501429887;"{""type"": ""Point"", ""coordinates"": [-79.85014298865752, 36.03315308983197]}";Black;Greensboro;Sidewalk / Crosswalk / Driveway Crossing;2;21;Urban (>70% Developed);Male;Passenger Car;0;#NULL!;0;0;Black;No;0;11-15;Signalized Intersection - Other / Unknown;None;No;No;Dry;0;Urban;No;07JUN2010;0;21:18;Male;No;Residential;C: Possible Injury;No;O: No Injury;4036;June;0;Straight - Level;Piedmont;With Traffic;Stop And Go Signal;Monday;Intersection;13;0;Two-Way, Divided, Unprotected Median;4 lanes;0;#NULL!;#NULL!;Smooth Asphalt;#NULL!;No Special Feature;Crossing Paths - Other Circumstances;Local Street;C: Possible Injury;Guilford;63;Clear;#NULL!;6-10 mph;30 - 35  MPH;2010;Dark - Lighted Roadway;60-69
35.1705168676, -80.9001432563;"{""type"": ""Point"", ""coordinates"": [-80.90014325629345, 35.17051686764504]}";Hispanic;Charlotte;Travel Lane;2;14;Urban (>70% Developed);Female;Single Unit Truck (2-Axle, 6-Tire);0;#NULL!;0;0;White;No;0;6-10;Bicyclist Ride Through - Sign-Controlled Intersection;None;No;No;Dry;0;Urban;No;16JUN2010;0;14:07;Male;No;Residential;A: Disabling Injury;Yes;O: No Injury;4039;June;0;Straight - Grade;Piedmont;With Traffic;Stop Sign;Wednesday;Intersection;8;0;Two-Way, Not Divided;2 lanes;0;#NULL!;#NULL!;Smooth Asphalt;#NULL!;T-Intersection;Bicyclist Failed to Yield - Sign-Controlled Intersection;Local Street;A: Disabling Injury;Mecklenburg;27;Clear;#NULL!;21-25 mph;30 - 35  MPH;2010;Daylight;25-29
35.7584949291, -82.5660637835;"{""type"": ""Point"", ""coordinates"": [-82.56606378347881, 35.758494929052425]}";White;None - Rural Crash;Travel Lane;2;12;Rural (<30% Developed);Male;Passenger Car;0;#NULL!;0;0;White;No;0;70+;Motorist Overtaking - Other / Unknown;None;No;No;Dry;0;Rural;Yes;26JUN2010;0;12:11;Male;No;Farms, Woods, Pastures;O: No Injury;Yes;Unknown Injury;4042;June;0;Curve - Grade;Mountains;With Traffic;Double Yellow Line, No Passing Zone;Saturday;Non-Intersection;70+;0;Two-Way, Not Divided;2 lanes;0;#NULL!;#NULL!;Smooth Asphalt;#NULL!;No Special Feature;Motorist Overtaking Bicyclist;State Secondary Route;O: No Injury;Buncombe;43;Clear;#NULL!;16-20 mph;40 - 45  MPH;2010;Daylight;40-49
35.0596039145, -78.910292653;"{""type"": ""Point"", ""coordinates"": [-78.9102926530445, 35.059603914470785]}";Black;Fayetteville;Sidewalk / Crosswalk / Driveway Crossing;2;12;Urban (>70% Developed);Male;Passenger Car;0;#NULL!;0;0;White;No;0;70+;Motorist Drive Out - Sign-Controlled Intersection;None;No;No;Dry;0;Urban;No;13MAY2010;0;12:16;Female;No;Residential;C: Possible Injury;Yes;O: No Injury;4051;May;0;Straight - Level;Coastal;Facing Traffic;Stop Sign;Thursday;Intersection;70+;0;Two-Way, Not Divided;2 lanes;0;#NULL!;#NULL!;Coarse Asphalt;#NULL!;No Special Feature;Motorist Failed to Yield - Sign-Controlled Intersection;Local Street;C: Possible Injury;Cumberland;31;Clear;#NULL!;0-5 mph;5 - 15 MPH;2010;Daylight;30-39
35.1546168684, -80.7949032233;"{""type"": ""Point"", ""coordinates"": [-80.79490322326532, 35.154616868380884]}";Hispanic;Charlotte;Sidewalk / Crosswalk / Driveway Crossing;2;16;Urban (>70% Developed);Male;Passenger Car;0;#NULL!;0;0;White;No;0;11-15;Bicyclist Failed to Clear - Unknown;None;No;No;Dry;0;Urban;No;21JUN2010;0;16:00;Female;No;Residential;B: Evident Injury;Yes;O: No Injury;4059;June;0;Straight - Level;Piedmont;Not Applicable;Stop And Go Signal;Monday;Intersection;12;0;Two-Way, Not Divided;5 lanes;0;#NULL!;#NULL!;Smooth Asphalt;#NULL!;No Special Feature;Bicyclist Failed to Yield - Signalized Intersection;Local Street;B: Evident Injury;Mecklenburg;19;Clear;#NULL!;0-5 mph;30 - 35  MPH;2010;Daylight;0-19
36.0116040441, -80.9615733213;"{""type"": ""Point"", ""coordinates"": [-80.96157332127423, 36.01160404413435]}";White;None - Rural Crash;Travel Lane;2;15;Rural (<30% Developed);Male;Passenger Car;0;#NULL!;0;0;White;No;0;11-15;Bicyclist Left Turn - Same Direction;None;No;No;Dry;0;Rural;No;02JUL2010;0;15:19;Female;No;Farms, Woods, Pastures;B: Evident Injury;Yes;O: No Injury;4063;July;0;Straight - Grade;Piedmont;With Traffic;Double Yellow Line, No Passing Zone;Friday;Non-Intersection;12;0;Two-Way, Not Divided;2 lanes;0;#NULL!;#NULL!;Coarse Asphalt;#NULL!;No Special Feature;Bicyclist Left Turn / Merge;State Secondary Route;B: Evident Injury;Iredell;70+;Clear;#NULL!;0-5 mph;50 - 55  MPH;2010;Daylight;70+
35.0332939296, -78.3188624732;"{""type"": ""Point"", ""coordinates"": [-78.31886247318442, 35.0332939296443]}";Black;None - Rural Crash;Travel Lane;2;16;Rural (<30% Developed);Male;Passenger Car;0;#NULL!;0;0;Black;No;0;50-59;Motorist Overtaking - Bicyclist Swerved;None;Yes;Yes;Dry;0;Rural;No;02JUL2010;0;16:37;Male;No;Farms, Woods, Pastures;B: Evident Injury;Yes;O: No Injury;4065;July;0;Straight - Level;Coastal;With Traffic;Double Yellow Line, No Passing Zone;Friday;Non-Intersection;57;0;Two-Way, Not Divided;2 lanes;0;#NULL!;#NULL!;Coarse Asphalt;#NULL!;No Special Feature;Motorist Overtaking Bicyclist;State Secondary Route;B: Evident Injury;Sampson;34;Clear;#NULL!;41-45 mph;40 - 45  MPH;2010;Daylight;30-39
35.3123199651, -79.0431127064;"{""type"": ""Point"", ""coordinates"": [-79.04311270640731, 35.31231996508407]}";White;None - Rural Crash;Travel Lane;2;10;Mixed (30% To 70% Developed);Male;Passenger Car;0;#NULL!;0;0;Black;No;0;11-15;Bicyclist Left Turn - Same Direction;None;No;No;Dry;0;Rural;No;02JUL2010;0;10:23;Female;No;Residential;B: Evident Injury;Yes;O: No Injury;4067;July;0;Straight - Level;Coastal;With Traffic;Double Yellow Line, No Passing Zone;Friday;Non-Intersection;13;0;Two-Way, Not Divided;2 lanes;0;#NULL!;#NULL!;Coarse Asphalt;#NULL!;T-Intersection;Bicyclist Left Turn / Merge;State Secondary Route;B: Evident Injury;Harnett;48;Clear;#NULL!;36-40 mph;40 - 45  MPH;2010;Daylight;40-49
36.0780671332, -78.9228427112;"{""type"": ""Point"", ""coordinates"": [-78.92284271117215, 36.07806713316694]}";White;Durham;Travel Lane;2;18;Urban (>70% Developed);Female;Passenger Car;0;#NULL!;0;0;Black;No;0;50-59;Motorist Overtaking - Misjudged Space;None;No;No;Dry;0;Urban;No;04JUL2010;0;18:43;Female;No;Residential;C: Possible Injury;No;O: No Injury;4069;July;0;Straight - Level;Piedmont;With Traffic;No Control Present;Sunday;Non-Intersection;52;0;Two-Way, Not Divided;2 lanes;0;#NULL!;#NULL!;Smooth Asphalt;#NULL!;No Special Feature;Motorist Overtaking Bicyclist;Local Street;C: Possible Injury;Durham;55;Clear;#NULL!;21-25 mph;30 - 35  MPH;2010;Daylight;50-59