Geo Point;Geo Shape;BikeRace;City;BikePos;NumUnits;CrashHour;Locality;BikeSex;DrvrVehTyp;NumBikesNo;BikeAlcDrg;NumBikesBI;RteInvdCd;DrvrRace;Workzone;NumBikesCi;BikeAgeGrp;CrashType;RdDefects;CrashAlcoh;BikeAlcoho;RdConditio;DstncMiFrm;RuralUrban;HitRun;CrashDate;NumBikesUI;CrashTime;DrvrSex;DrvrAlcoho;Developmen;CrashSevr;AmbulanceR;DrvrInjury;OBJECTID;CrashMonth;NumBikesKi;RdCharacte;Region;BikeDir;TraffCntrl;CrashDay;CrashLoc;BikeAge;NumBikesTo;RdConfig;NumLanes;NumBikesAI;DrvrAlcDrg;OnRoad;RdSurface;Towrd_Rd;RdFeature;CrashGrp;RdClass;BikeInjury;County;DrvrAge;Weather;FrmRd;DrvrEstSpd;SpeedLimit;CrashYear;LightCond;DrvrAgeGrp
35.7957270828, -78.6529826138;"{""type"": ""Point"", ""coordinates"": [-78.65298261378393, 35.79572708284219]}";Native American;Raleigh;Travel Lane;2;17;Urban (>70% Developed);Male;Passenger Car;0;#NULL!;0;0;White;No;0;30-39;Bicyclist Ride Through - Signalized Intersection;Road Surface Condition;No;No;Wet;0;Urban;No;01JUN2010;0;17:01;Male;No;Residential;B: Evident Injury;Yes;O: No Injury;4074;June;0;Straight - Bottom;Piedmont;With Traffic;Stop And Go Signal;Tuesday;Intersection;33;0;Two-Way, Divided, Positive Median Barrier;9 or more lanes;0;#NULL!;#NULL!;Smooth Asphalt;#NULL!;No Special Feature;Bicyclist Failed to Yield - Signalized Intersection;Local Street;B: Evident Injury;Wake;58;Rain;#NULL!;6-10 mph;30 - 35  MPH;2010;Daylight;50-59
35.1381098671, -80.7393982064;"{""type"": ""Point"", ""coordinates"": [-80.73939820635074, 35.13810986710172]}";White;Charlotte;Non-Roadway;2;19;Urban (>70% Developed);Male;Passenger Car;0;#NULL!;0;0;Unknown/Missing;No;0;11-15;Non-Roadway;None;No;No;Dry;0;Urban;Yes;22JUN2010;0;19:54;Unknown;Missing;Residential;B: Evident Injury;No;Unknown Injury;4079;June;0;Straight - Level;Piedmont;Not Applicable;No Control Present;Tuesday;Non-Roadway;15;0;Two-Way, Not Divided;2 lanes;0;#NULL!;#NULL!;Smooth Asphalt;#NULL!;No Special Feature;Non-Roadway;Public Vehicular Area;B: Evident Injury;Mecklenburg;Unknown;Clear;#NULL!;16-20 mph;5 - 15 MPH;2010;Dusk;Unknown
36.0489610937, -79.835238985;"{""type"": ""Point"", ""coordinates"": [-79.83523898503061, 36.048961093707725]}";Black;Greensboro;Sidewalk / Crosswalk / Driveway Crossing;2;19;Urban (>70% Developed);Male;Passenger Car;0;#NULL!;0;0;White;No;0;11-15;Motorist Drive Out - Commercial Driveway / Alley;None;No;No;Dry;0;Urban;No;30JUN2010;0;19:08;Female;No;Commercial;C: Possible Injury;No;O: No Injury;4087;June;0;Straight - Level;Piedmont;Facing Traffic;No Control Present;Wednesday;Non-Intersection;11;0;One-Way, Not Divided;1 lane;0;#NULL!;#NULL!;Smooth Asphalt;#NULL!;No Special Feature;Motorist Failed to Yield - Midblock;Public Vehicular Area;C: Possible Injury;Guilford;40;Clear;#NULL!;0-5 mph;30 - 35  MPH;2010;Daylight;40-49
36.0097800077, -81.8940035991;"{""type"": ""Point"", ""coordinates"": [-81.89400359912374, 36.00978000772425]}";White;None - Rural Crash;Travel Lane;2;13;Rural (<30% Developed);Male;Sport Utility;0;#NULL!;0;0;White;No;0;70+;Motorist Overtaking - Misjudged Space;None;No;No;Dry;0;Rural;No;09JUL2010;0;13:38;Female;No;Farms, Woods, Pastures;C: Possible Injury;Yes;O: No Injury;4091;July;0;Straight - Hillcrest;Mountains;With Traffic;Double Yellow Line, No Passing Zone;Friday;Non-Intersection;70+;0;Two-Way, Not Divided;2 lanes;0;#NULL!;#NULL!;Smooth Asphalt;#NULL!;No Special Feature;Motorist Overtaking Bicyclist;NC Route;C: Possible Injury;Avery;25;Clear;#NULL!;41-45 mph;50 - 55  MPH;2010;Daylight;25-29
36.0382872361, -75.6757067164;"{""type"": ""Point"", ""coordinates"": [-75.67570671644506, 36.03828723607176]}";White;Kill Devil Hills;Sidewalk / Crosswalk / Driveway Crossing;2;15;Urban (>70% Developed);Female;Sport Utility;0;#NULL!;0;0;White;No;0;20-24;Motorist Drive Out - Commercial Driveway / Alley;None;No;No;Dry;0;Urban;No;01JUL2010;0;15:05;Male;No;Commercial;B: Evident Injury;Yes;O: No Injury;4103;July;0;Straight - Level;Coastal;Facing Traffic;No Control Present;Thursday;Non-Intersection;20;0;Two-Way, Not Divided;2 lanes;0;#NULL!;#NULL!;Coarse Asphalt;#NULL!;Driveway, Public;Motorist Failed to Yield - Midblock;Private Road, Driveway;B: Evident Injury;Dare;70+;Clear;#NULL!;0-5 mph;Unknown;2010;Daylight;70+
36.019327123, -78.8517486857;"{""type"": ""Point"", ""coordinates"": [-78.85174868569537, 36.0193271229915]}";Black;Durham;Driveway / Alley;2;20;Urban (>70% Developed);Male;Passenger Car;0;#NULL!;0;0;Black;No;0;6-10;Bicyclist Ride Out - Residential Driveway;None;No;No;Dry;0;Urban;No;04JUN2010;0;20:17;Male;No;Residential;O: No Injury;Yes;O: No Injury;4106;June;0;Straight - Level;Piedmont;Not Applicable;No Control Present;Friday;Non-Intersection;6;0;Two-Way, Not Divided;2 lanes;0;#NULL!;#NULL!;Coarse Asphalt;#NULL!;No Special Feature;Bicyclist Failed to Yield - Midblock;Local Street;O: No Injury;Durham;17;Clear;#NULL!;21-25 mph;20 - 25  MPH;2010;Dusk;0-19
35.1601098642, -80.9516632709;"{""type"": ""Point"", ""coordinates"": [-80.95166327090122, 35.16010986423089]}";White;Charlotte;Bike Lane / Paved Shoulder;2;18;Urban (>70% Developed);Female;Passenger Car;0;#NULL!;0;0;Black;No;0;6-10;Motorist Overtaking - Bicyclist Swerved;None;No;No;Dry;0;Urban;No;29JUN2010;0;18:04;Female;No;Residential;B: Evident Injury;Yes;O: No Injury;4107;June;0;Straight - Level;Piedmont;With Traffic;No Control Present;Tuesday;Non-Intersection;10;0;Two-Way, Not Divided;2 lanes;0;#NULL!;#NULL!;Smooth Asphalt;#NULL!;No Special Feature;Motorist Overtaking Bicyclist;Local Street;B: Evident Injury;Mecklenburg;59;Cloudy;#NULL!;41-45 mph;40 - 45  MPH;2010;Daylight;50-59
35.7981940036, -80.8323532706;"{""type"": ""Point"", ""coordinates"": [-80.83235327059406, 35.79819400362085]}";White;Statesville;Travel Lane;2;22;Urban (>70% Developed);Male;Passenger Car;0;#NULL!;0;0;White;No;0;Unknown;Bicyclist Right Turn - Opposite Direction;None;No;No;Dry;0;Urban;No;06JUL2010;0;22:45;Male;No;Residential;B: Evident Injury;Yes;O: No Injury;4115;July;0;Straight - Level;Piedmont;Facing Traffic;No Control Present;Tuesday;Non-Intersection;Unknown;0;Two-Way, Not Divided;2 lanes;0;#NULL!;#NULL!;Smooth Asphalt;#NULL!;No Special Feature;Bicyclist Right Turn / Merge;Local Street;B: Evident Injury;Iredell;19;Clear;#NULL!;Unknown;Unknown;2010;Dark - Roadway Not Lighted;0-19
35.9521071069, -78.9009126977;"{""type"": ""Point"", ""coordinates"": [-78.90091269765296, 35.95210710692064]}";White;Durham;Travel Lane;2;17;Urban (>70% Developed);Male;Passenger Car;0;#NULL!;0;0;Black;No;0;20-24;Non-Roadway;None;No;No;Dry;0;Urban;No;22JUL2010;0;17:48;Female;No;Institutional;C: Possible Injury;Yes;O: No Injury;4116;July;0;Straight - Level;Piedmont;Not Applicable;No Control Present;Thursday;Non-Roadway;21;0;Two-Way, Not Divided;2 lanes;0;#NULL!;#NULL!;Smooth Asphalt;#NULL!;No Special Feature;Non-Roadway;Public Vehicular Area;C: Possible Injury;Durham;49;Clear;#NULL!;11-15 mph;20 - 25  MPH;2010;Daylight;40-49
35.7681470777, -78.6227126038;"{""type"": ""Point"", ""coordinates"": [-78.6227126037604, 35.768147077653445]}";Hispanic;Raleigh;Travel Lane;2;20;Urban (>70% Developed);Male;Passenger Car;0;#NULL!;0;0;Black;No;0;40-49;Motorist Left Turn - Opposite Direction;None;No;No;Dry;0;Urban;Yes;11JUL2010;0;20:22;Female;No;Residential;C: Possible Injury;No;O: No Injury;4120;July;0;Straight - Grade;Piedmont;With Traffic;Stop Sign;Sunday;Intersection;47;0;Two-Way, Not Divided;8 lanes;0;#NULL!;#NULL!;Coarse Asphalt;#NULL!;Four-Way Intersection;Motorist Left Turn / Merge;Local Street;C: Possible Injury;Wake;35;Clear;#NULL!;16-20 mph;20 - 25  MPH;2010;Daylight;30-39
35.6968609795, -80.9006632847;"{""type"": ""Point"", ""coordinates"": [-80.90066328465478, 35.696860979501274]}";Black;Troutman;Travel Lane;2;20;Urban (>70% Developed);Male;Unknown;0;#NULL!;0;0;Unknown/Missing;No;0;6-10;Bicyclist Ride Out - Sign-Controlled Intersection;None;No;No;Dry;0;Rural;Yes;03JUN2010;0;20:36;Unknown;Missing;Residential;B: Evident Injury;Yes;Unknown Injury;4132;June;0;Straight - Level;Piedmont;With Traffic;Stop Sign;Thursday;Intersection;8;0;Two-Way, Not Divided;2 lanes;0;#NULL!;#NULL!;Smooth Asphalt;#NULL!;T-Intersection;Bicyclist Failed to Yield - Sign-Controlled Intersection;Local Street;B: Evident Injury;Iredell;Unknown;Clear;#NULL!;21-25 mph;20 - 25  MPH;2010;Dark - Lighted Roadway;Unknown
35.2774038956, -80.7661532217;"{""type"": ""Point"", ""coordinates"": [-80.76615322167419, 35.2774038955746]}";Black;Charlotte;Travel Lane;2;11;Urban (>70% Developed);Male;Passenger Car;0;#NULL!;0;0;Hispanic;No;0;16-19;Bicyclist Left Turn - Same Direction;None;No;No;Dry;0;Urban;No;20JUL2010;0;11:41;Male;No;Commercial;A: Disabling Injury;Yes;O: No Injury;4134;July;0;Straight - Level;Piedmont;With Traffic;No Control Present;Tuesday;Non-Intersection;17;0;Two-Way, Divided, Unprotected Median;4 lanes;0;#NULL!;#NULL!;Smooth Asphalt;#NULL!;No Special Feature;Bicyclist Left Turn / Merge;Local Street;A: Disabling Injury;Mecklenburg;35;Clear;#NULL!;41-45 mph;40 - 45  MPH;2010;Daylight;30-39
36.4412841459, -80.6422432505;"{""type"": ""Point"", ""coordinates"": [-80.64224325051, 36.44128414589938]}";White;None - Rural Crash;Travel Lane;2;17;Rural (<30% Developed);Female;Passenger Car;0;#NULL!;0;0;White;No;0;40-49;Motorist Left Turn - Opposite Direction;None;No;No;Dry;0;Rural;No;30JUL2010;0;17:01;Female;No;Residential;B: Evident Injury;Yes;O: No Injury;4138;July;0;Straight - Level;Mountains;With Traffic;Double Yellow Line, No Passing Zone;Friday;Intersection;40;0;Two-Way, Not Divided;2 lanes;0;#NULL!;#NULL!;Smooth Asphalt;#NULL!;T-Intersection;Motorist Left Turn / Merge;State Secondary Route;B: Evident Injury;Surry;70+;Clear;#NULL!;0-5 mph;30 - 35  MPH;2010;Daylight;70+
35.2881839803, -78.4532125268;"{""type"": ""Point"", ""coordinates"": [-78.45321252684867, 35.28818398030315]}";White;None - Rural Crash;Travel Lane;2;21;Rural (<30% Developed);Male;Passenger Car;0;#NULL!;0;0;Unknown/Missing;No;0;25-29;Motorist Lost Control - Other / Unknown;None;No;No;Dry;0;Rural;Yes;29JUL2010;0;21:04;Unknown;Missing;Residential;O: No Injury;No;Unknown Injury;4140;July;0;Straight - Level;Coastal;Facing Traffic;No Control Present;Thursday;Non-Intersection;25;0;Two-Way, Not Divided;2 lanes;0;#NULL!;#NULL!;Coarse Asphalt;#NULL!;No Special Feature;Loss of Control / Turning Error;State Secondary Route;O: No Injury;Johnston;Unknown;Clear;#NULL!;41-45 mph;50 - 55  MPH;2010;Dark - Roadway Not Lighted;Unknown
35.9928271169, -78.8658166894;"{""type"": ""Point"", ""coordinates"": [-78.8658166893883, 35.99282711691794]}";White;Durham;Travel Lane;2;14;Urban (>70% Developed);Male;Passenger Car;0;#NULL!;0;0;Unknown/Missing;No;0;20-24;Bicyclist Ride Out - Commercial Driveway / Alley;None;No;No;Dry;0;Urban;Yes;02AUG2010;0;14:33;Unknown;Missing;Residential;C: Possible Injury;Yes;Unknown Injury;4147;August;0;Straight - Level;Piedmont;With Traffic;No Control Present;Monday;Non-Intersection;24;0;Two-Way, Not Divided;2 lanes;0;#NULL!;#NULL!;Smooth Asphalt;#NULL!;No Special Feature;Bicyclist Failed to Yield - Midblock;Local Street;C: Possible Injury;Durham;Unknown;Clear;#NULL!;Unknown;Unknown;2010;Daylight;Unknown
36.0480650931, -79.8361329851;"{""type"": ""Point"", ""coordinates"": [-79.83613298505622, 36.04806509313464]}";Black;Greensboro;Travel Lane;2;3;Urban (>70% Developed);Male;Unknown;0;#NULL!;0;0;Unknown/Missing;No;0;40-49;Motorist Overtaking - Other / Unknown;None;No;No;Dry;0;Urban;Yes;20JUL2010;0;3:24;Unknown;Missing;Commercial;B: Evident Injury;Yes;Unknown Injury;4149;July;0;Straight - Level;Piedmont;With Traffic;No Control Present;Tuesday;Non-Intersection;43;0;Two-Way, Divided, Unprotected Median;5 lanes;0;#NULL!;#NULL!;Smooth Asphalt;#NULL!;No Special Feature;Motorist Overtaking Bicyclist;Local Street;B: Evident Injury;Guilford;Unknown;Clear;#NULL!;Unknown;30 - 35  MPH;2010;Dark - Lighted Roadway;Unknown
35.8511540954, -78.6145886058;"{""type"": ""Point"", ""coordinates"": [-78.61458860575235, 35.85115409540244]}";Black;Raleigh;Driveway / Alley;2;12;Urban (>70% Developed);Male;Pickup;0;#NULL!;0;0;Black;No;0;11-15;Motorist Drive Out - Commercial Driveway / Alley;None;No;No;Dry;0;Urban;No;13JUL2010;0;12:42;Male;No;Commercial;C: Possible Injury;Yes;O: No Injury;4151;July;0;Straight - Level;Piedmont;Not Applicable;No Control Present;Tuesday;Non-Intersection;15;0;Two-Way, Not Divided;2 lanes;0;#NULL!;#NULL!;Smooth Asphalt;#NULL!;T-Intersection;Motorist Failed to Yield - Midblock;Local Street;C: Possible Injury;Wake;50;Clear;#NULL!;0-5 mph;30 - 35  MPH;2010;Daylight;50-59
36.0714111006, -79.7779569691;"{""type"": ""Point"", ""coordinates"": [-79.77795696911474, 36.07141110055505]}";White;Greensboro;Sidewalk / Crosswalk / Driveway Crossing;2;15;Mixed (30% To 70% Developed);Male;Pickup;0;#NULL!;0;0;Black;No;0;50-59;Motorist Overtaking - Other / Unknown;None;No;No;Dry;0;Urban;No;21JUL2010;0;15:38;Male;No;Commercial;C: Possible Injury;Yes;O: No Injury;4154;July;0;Straight - Level;Piedmont;With Traffic;Stop And Go Signal;Wednesday;Intersection;56;0;Two-Way, Not Divided;5 lanes;0;#NULL!;#NULL!;Smooth Asphalt;#NULL!;Related To Intersection;Motorist Overtaking Bicyclist;Local Street;C: Possible Injury;Guilford;26;Clear;#NULL!;6-10 mph;40 - 45  MPH;2010;Daylight;25-29
35.7671731011, -77.9448523975;"{""type"": ""Point"", ""coordinates"": [-77.94485239750719, 35.76717310113012]}";White;Wilson;Travel Lane;2;16;Urban (>70% Developed);Male;Passenger Car;0;#NULL!;0;0;White;No;0;20-24;Motorist Drive Out - Other Midblock;None;No;No;Dry;0;Urban;No;19JUL2010;0;16:48;Female;No;Commercial;O: No Injury;No;O: No Injury;4156;July;0;Straight - Level;Coastal;Facing Traffic;No Control Present;Monday;Non-Intersection;24;0;Two-Way, Not Divided;5 lanes;0;#NULL!;#NULL!;Coarse Asphalt;#NULL!;No Special Feature;Motorist Failed to Yield - Midblock;Local Street;O: No Injury;Wilson;55;Clear;#NULL!;6-10 mph;40 - 45  MPH;2010;Daylight;50-59
35.2032998807, -80.7433582105;"{""type"": ""Point"", ""coordinates"": [-80.74335821052625, 35.2032998807081]}";Black;Charlotte;Sidewalk / Crosswalk / Driveway Crossing;2;21;Urban (>70% Developed);Male;Passenger Car;0;#NULL!;0;0;Asian;No;0;16-19;Motorist Drive Out - Commercial Driveway / Alley;None;No;No;Wet;0;Urban;No;25JUL2010;0;21:40;Male;No;Commercial;C: Possible Injury;Yes;O: No Injury;4158;July;0;Straight - Level;Piedmont;Facing Traffic;No Control Present;Sunday;Non-Intersection;18;0;Two-Way, Not Divided;Unknown;0;#NULL!;#NULL!;Smooth Asphalt;#NULL!;No Special Feature;Motorist Failed to Yield - Midblock;Local Street;C: Possible Injury;Mecklenburg;28;Rain;#NULL!;0-5 mph;5 - 15 MPH;2010;Dark - Unknown Lighting;25-29
35.9330400634, -79.989633025;"{""type"": ""Point"", ""coordinates"": [-79.9896330250475, 35.933040063374904]}";Black;High Point;Sidewalk / Crosswalk / Driveway Crossing;2;11;Urban (>70% Developed);Male;Unknown;0;#NULL!;0;0;White;No;0;11-15;Motorist Drive Out - Commercial Driveway / Alley;None;No;No;Dry;0;Urban;Yes;22JUL2010;0;11:31;Male;No;Commercial;C: Possible Injury;Yes;O: No Injury;4161;July;0;Straight - Level;Piedmont;Facing Traffic;No Control Present;Thursday;Non-Intersection;14;0;Two-Way, Not Divided;5 lanes;0;#NULL!;#NULL!;Coarse Asphalt;#NULL!;No Special Feature;Motorist Failed to Yield - Midblock;US Route;C: Possible Injury;Guilford;33;Clear;#NULL!;0-5 mph;30 - 35  MPH;2010;Daylight;30-39
35.5889430389, -78.6413125995;"{""type"": ""Point"", ""coordinates"": [-78.64131259949107, 35.58894303893002]}";White;None - Rural Crash;Bike Lane / Paved Shoulder;2;20;Rural (<30% Developed);Male;Sport Utility;0;#NULL!;0;0;Unknown/Missing;No;0;50-59;Motorist Overtaking - Misjudged Space;None;No;No;Wet;0;Rural;Yes;05AUG2010;0;20:46;Unknown;No;Farms, Woods, Pastures;B: Evident Injury;Yes;Unknown Injury;4165;August;0;Straight - Grade;Piedmont;With Traffic;Double Yellow Line, No Passing Zone;Thursday;Non-Intersection;52;0;Two-Way, Not Divided;2 lanes;0;#NULL!;#NULL!;Smooth Asphalt;#NULL!;No Special Feature;Motorist Overtaking Bicyclist;NC Route;B: Evident Injury;Wake;Unknown;Rain;#NULL!;51-55 mph;50 - 55  MPH;2010;Dusk;Unknown
35.2997068995, -80.8010282328;"{""type"": ""Point"", ""coordinates"": [-80.80102823283981, 35.299706899496094]}";Black;Charlotte;Sidewalk / Crosswalk / Driveway Crossing;2;19;Urban (>70% Developed);Male;Van;0;#NULL!;0;0;Black;No;0;50-59;Motorist Drive Out - Commercial Driveway / Alley;None;No;No;Dry;0;Urban;No;30JUL2010;0;19:00;Male;No;Commercial;C: Possible Injury;Yes;O: No Injury;4179;July;0;Straight - Level;Piedmont;Facing Traffic;No Control Present;Friday;Non-Intersection;53;0;Two-Way, Not Divided;Unknown;0;#NULL!;#NULL!;Concrete;#NULL!;No Special Feature;Motorist Failed to Yield - Midblock;Public Vehicular Area;C: Possible Injury;Mecklenburg;48;Clear;#NULL!;0-5 mph;30 - 35  MPH;2010;Daylight;40-49
34.6648318905, -77.0348760664;"{""type"": ""Point"", ""coordinates"": [-77.03487606639492, 34.66483189050638]}";White;Emerald Isle;Multi-use Path;2;13;Urban (>70% Developed);Male;Sport Utility;0;#NULL!;0;0;White;No;0;60-69;Motorist Drive Out - Right Turn on Red;None;No;No;Dry;0;Rural;No;09JUL2010;0;13:52;Male;No;Commercial;B: Evident Injury;Yes;O: No Injury;4186;July;0;Straight - Level;Coastal;Facing Traffic;Stop And Go Signal;Friday;Intersection;62;0;Two-Way, Not Divided;9 or more lanes;0;#NULL!;#NULL!;Smooth Asphalt;#NULL!;Four-Way Intersection;Motorist Failed to Yield - Signalized Intersection;Local Street;B: Evident Injury;Carteret;40;Clear;#NULL!;0-5 mph;20 - 25  MPH;2010;Daylight;40-49
35.9457700567, -80.258213106;"{""type"": ""Point"", ""coordinates"": [-80.25821310595951, 35.945770056742816]}";White;None - Rural Crash;Travel Lane;2;16;Rural (<30% Developed);Male;Pickup;0;#NULL!;0;0;White;No;0;40-49;Backing Vehicle;None;No;No;Dry;0;Rural;No;10AUG2010;0;16:48;Male;No;Residential;B: Evident Injury;Yes;O: No Injury;4187;August;0;Straight - Level;Piedmont;With Traffic;Double Yellow Line, No Passing Zone;Tuesday;Non-Intersection;46;0;Two-Way, Not Divided;2 lanes;0;#NULL!;#NULL!;Smooth Asphalt;#NULL!;No Special Feature;Backing Vehicle;State Secondary Route;B: Evident Injury;Davidson;17;Clear;#NULL!;6-10 mph;40 - 45  MPH;2010;Daylight;0-19
35.8377950931, -78.6129786046;"{""type"": ""Point"", ""coordinates"": [-78.61297860459057, 35.837795093085525]}";White;Raleigh;Other;2;2;Urban (>70% Developed);Male;Unknown;0;#NULL!;0;0;Unknown/Missing;No;0;50-59;Crossing Paths - Intersection - Other / Unknown;None;No;No;Dry;0;Urban;Yes;31JUL2010;0;2:15;Unknown;Missing;Commercial;O: No Injury;No;Unknown Injury;4201;July;0;Straight - Level;Piedmont;Not Applicable;No Control Present;Saturday;Intersection;57;0;Two-Way, Not Divided;7 lanes;0;#NULL!;#NULL!;Smooth Asphalt;#NULL!;T-Intersection;Crossing Paths - Other Circumstances;Local Street;O: No Injury;Wake;Unknown;Clear;#NULL!;16-20 mph;40 - 45  MPH;2010;Dark - Lighted Roadway;Unknown
35.2213168673, -81.2143283517;"{""type"": ""Point"", ""coordinates"": [-81.21432835168915, 35.221316867304424]}";White;Gastonia;Travel Lane;2;15;Urban (>70% Developed);Male;Passenger Car;0;#NULL!;0;0;Black;No;0;11-15;Head-On - Bicyclist;None;No;No;Dry;0;Urban;No;02AUG2010;0;15:06;Male;No;Residential;C: Possible Injury;No;O: No Injury;4211;August;0;Straight - Grade;Piedmont;Facing Traffic;No Control Present;Monday;Non-Intersection;11;0;Two-Way, Not Divided;2 lanes;0;#NULL!;#NULL!;Smooth Asphalt;#NULL!;No Special Feature;Head-On;Local Street;C: Possible Injury;Gaston;53;Cloudy;#NULL!;11-15 mph;30 - 35  MPH;2010;Daylight;50-59
35.9486611451, -77.7860973589;"{""type"": ""Point"", ""coordinates"": [-77.78609735894898, 35.94866114514744]}";Black;Rocky Mount;Travel Lane;3;22;Urban (>70% Developed);Male;Passenger Car;0;#NULL!;0;0;Black;No;0;40-49;Bicyclist Ride Through - Signalized Intersection;None;Yes;Yes;Dry;0;Urban;No;07JUN2010;0;22:46;Female;No;Residential;A: Disabling Injury;Yes;O: No Injury;4214;June;0;Straight - Level;Coastal;With Traffic;Stop And Go Signal;Monday;Intersection;48;0;Two-Way, Not Divided;4 lanes;0;#NULL!;#NULL!;Grooved Concrete;#NULL!;Four-Way Intersection;Bicyclist Failed to Yield - Signalized Intersection;Local Street;A: Disabling Injury;Edgecombe;21;Clear;#NULL!;31-35 mph;30 - 35  MPH;2010;Dark - Lighted Roadway;20-24
36.225397165, -78.9029327125;"{""type"": ""Point"", ""coordinates"": [-78.90293271246546, 36.22539716499919]}";White;None - Rural Crash;Travel Lane;2;7;Rural (<30% Developed);Male;Passenger Car;0;#NULL!;0;0;White;No;0;50-59;Motorist Overtaking - Misjudged Space;Other;No;No;Dry;0;Rural;No;17AUG2010;0;7:17;Male;No;Farms, Woods, Pastures;B: Evident Injury;Yes;O: No Injury;4217;August;0;Straight - Hillcrest;Piedmont;With Traffic;Double Yellow Line, No Passing Zone;Tuesday;Non-Intersection;52;0;Two-Way, Not Divided;2 lanes;0;#NULL!;#NULL!;Smooth Asphalt;#NULL!;No Special Feature;Motorist Overtaking Bicyclist;State Secondary Route;B: Evident Injury;Durham;49;Clear;#NULL!;41-45 mph;40 - 45  MPH;2010;Daylight;40-49
34.7434299153, -76.824862006;"{""type"": ""Point"", ""coordinates"": [-76.82486200598932, 34.743429915312824]}";White;None - Rural Crash;Travel Lane;2;23;Mixed (30% To 70% Developed);Male;Passenger Car;0;#NULL!;0;0;White;No;0;16-19;Motorist Overtaking - Undetected Bicyclist;None;No;No;Dry;0;Rural;No;16AUG2010;0;23:48;Male;No;Commercial;B: Evident Injury;Yes;O: No Injury;4218;August;0;Straight - Level;Coastal;With Traffic;No Control Present;Monday;Non-Intersection;17;0;Two-Way, Divided, Unprotected Median;4 lanes;0;#NULL!;#NULL!;Coarse Asphalt;#NULL!;No Special Feature;Motorist Overtaking Bicyclist;US Route;B: Evident Injury;Carteret;21;Clear;#NULL!;51-55 mph;50 - 55  MPH;2010;Dark - Roadway Not Lighted;20-24
35.0946728533, -80.8670992416;"{""type"": ""Point"", ""coordinates"": [-80.86709924157786, 35.094672853325974]}";White;Pineville;Travel Lane;2;11;Urban (>70% Developed);Male;Passenger Car;0;#NULL!;0;0;White;No;0;40-49;Motorist Left Turn - Opposite Direction;None;No;No;Dry;0;Rural;No;17JUL2010;0;11:52;Female;No;Commercial;B: Evident Injury;Yes;O: No Injury;4220;July;0;Curve - Level;Piedmont;With Traffic;No Control Present;Saturday;Non-Intersection;46;0;Two-Way, Not Divided;2 lanes;0;#NULL!;#NULL!;Smooth Asphalt;#NULL!;Driveway, Public;Motorist Left Turn / Merge;Local Street;B: Evident Injury;Mecklenburg;48;Clear;#NULL!;0-5 mph;30 - 35  MPH;2010;Daylight;40-49
35.233782886, -80.7746032213;"{""type"": ""Point"", ""coordinates"": [-80.77460322133406, 35.233782885968985]}";Hispanic;Charlotte;Travel Lane;2;16;Urban (>70% Developed);Male;Van;0;#NULL!;0;0;Black;No;0;25-29;Motorist Drive Out - Sign-Controlled Intersection;None;No;No;Dry;0;Urban;No;04AUG2010;0;16:51;Female;No;Residential;O: No Injury;No;O: No Injury;4221;August;0;Straight - Level;Piedmont;Facing Traffic;Stop Sign;Wednesday;Intersection;29;0;Two-Way, Not Divided;2 lanes;0;#NULL!;#NULL!;Smooth Asphalt;#NULL!;T-Intersection;Motorist Failed to Yield - Sign-Controlled Intersection;Local Street;O: No Injury;Mecklenburg;49;Clear;#NULL!;6-10 mph;30 - 35  MPH;2010;Daylight;40-49
34.2517617736, -77.826492287;"{""type"": ""Point"", ""coordinates"": [-77.8264922869849, 34.25176177360008]}";White;Wilmington;Sidewalk / Crosswalk / Driveway Crossing;2;17;Urban (>70% Developed);Female;Passenger Car;0;#NULL!;0;0;White;No;0;40-49;Motorist Drive Out - Sign-Controlled Intersection;None;No;No;Dry;0;Urban;No;31JUL2010;0;17:59;Male;No;Commercial;B: Evident Injury;Yes;O: No Injury;4225;July;0;Straight - Level;Coastal;Facing Traffic;Stop Sign;Saturday;Intersection;40;0;Two-Way, Not Divided;2 lanes;0;#NULL!;#NULL!;Smooth Asphalt;#NULL!;T-Intersection;Motorist Failed to Yield - Sign-Controlled Intersection;Local Street;B: Evident Injury;New Hanover;70+;Clear;#NULL!;0-5 mph;20 - 25  MPH;2010;Daylight;70+
35.4049139138, -81.0126433023;"{""type"": ""Point"", ""coordinates"": [-81.012643302344, 35.40491391377949]}";White;None - Rural Crash;Driveway / Alley;2;19;Rural (<30% Developed);Male;Passenger Car;0;#NULL!;0;0;White;No;0;6-10;Bicyclist Ride Out - Residential Driveway;None;No;No;Dry;0;Rural;No;23AUG2010;0;19:20;Female;No;Residential;C: Possible Injury;Yes;O: No Injury;4246;August;0;Straight - Level;Piedmont;Not Applicable;No Control Present;Monday;Non-Intersection;8;0;Two-Way, Not Divided;2 lanes;0;#NULL!;#NULL!;Coarse Asphalt;#NULL!;Driveway, Private;Bicyclist Failed to Yield - Midblock;State Secondary Route;C: Possible Injury;Lincoln;25;Clear;#NULL!;46-50 mph;50 - 55  MPH;2010;Daylight;25-29
34.7727969029, -77.4089521846;"{""type"": ""Point"", ""coordinates"": [-77.40895218462819, 34.772796902897795]}";White;Jacksonville;Sidewalk / Crosswalk / Driveway Crossing;2;15;Urban (>70% Developed);Female;Pickup;0;#NULL!;0;0;White;No;0;25-29;Motorist Drive Out - Other Midblock;None;No;No;Dry;0;Urban;No;03AUG2010;0;15:08;Male;No;Residential;C: Possible Injury;Yes;O: No Injury;4248;August;0;Straight - Level;Coastal;Facing Traffic;Stop Sign;Tuesday;Non-Intersection;25;0;Two-Way, Not Divided;2 lanes;0;#NULL!;#NULL!;Smooth Asphalt;#NULL!;No Special Feature;Motorist Failed to Yield - Midblock;Local Street;C: Possible Injury;Onslow;47;Cloudy;#NULL!;0-5 mph;20 - 25  MPH;2010;Daylight;40-49