Geo Point;Geo Shape;BikeRace;City;BikePos;NumUnits;CrashHour;Locality;BikeSex;DrvrVehTyp;NumBikesNo;BikeAlcDrg;NumBikesBI;RteInvdCd;DrvrRace;Workzone;NumBikesCi;BikeAgeGrp;CrashType;RdDefects;CrashAlcoh;BikeAlcoho;RdConditio;DstncMiFrm;RuralUrban;HitRun;CrashDate;NumBikesUI;CrashTime;DrvrSex;DrvrAlcoho;Developmen;CrashSevr;AmbulanceR;DrvrInjury;OBJECTID;CrashMonth;NumBikesKi;RdCharacte;Region;BikeDir;TraffCntrl;CrashDay;CrashLoc;BikeAge;NumBikesTo;RdConfig;NumLanes;NumBikesAI;DrvrAlcDrg;OnRoad;RdSurface;Towrd_Rd;RdFeature;CrashGrp;RdClass;BikeInjury;County;DrvrAge;Weather;FrmRd;DrvrEstSpd;SpeedLimit;CrashYear;LightCond;DrvrAgeGrp
35.7537529758, -81.3321184163;"{""type"": ""Point"", ""coordinates"": [-81.3321184163344, 35.753752975796345]}";Black;Hickory;Travel Lane;2;17;Urban (>70% Developed);Male;Passenger Car;0;#NULL!;0;0;Black;No;0;6-10;Bicyclist Ride Out - Sign-Controlled Intersection;None;No;No;Dry;0;Urban;No;17AUG2010;0;17:11;Female;No;Residential;B: Evident Injury;Yes;O: No Injury;4256;August;0;Straight - Level;Piedmont;With Traffic;Stop Sign;Tuesday;Intersection;6;0;Two-Way, Not Divided;Unknown;0;#NULL!;#NULL!;Smooth Asphalt;#NULL!;Four-Way Intersection;Bicyclist Failed to Yield - Sign-Controlled Intersection;Local Street;B: Evident Injury;Catawba;24;Cloudy;#NULL!;26-30 mph;30 - 35  MPH;2010;Daylight;20-24
35.2970988363, -82.479903731;"{""type"": ""Point"", ""coordinates"": [-82.47990373102678, 35.29709883634113]}";White;None - Rural Crash;Travel Lane;2;14;Urban (>70% Developed);Male;Sport Utility;0;#NULL!;0;0;White;No;0;11-15;Bicyclist Left Turn - Same Direction;None;No;No;Dry;0;Rural;No;10AUG2010;0;14:02;Male;No;Residential;C: Possible Injury;No;O: No Injury;4269;August;0;Straight - Bottom;Mountains;With Traffic;Double Yellow Line, No Passing Zone;Tuesday;Intersection;14;0;Two-Way, Not Divided;2 lanes;0;#NULL!;#NULL!;Coarse Asphalt;#NULL!;T-Intersection;Bicyclist Left Turn / Merge;State Secondary Route;C: Possible Injury;Henderson;70+;Clear;#NULL!;16-20 mph;30 - 35  MPH;2010;Daylight;70+
35.4730599366, -80.7933932407;"{""type"": ""Point"", ""coordinates"": [-80.79339324068009, 35.47305993663913]}";White;Davidson;Travel Lane;2;16;Rural (<30% Developed);Male;Single Unit Truck (2-Axle, 6-Tire);0;#NULL!;0;0;Black;No;0;40-49;Bicyclist Right Turn - Same Direction;None;No;No;Dry;0;Urban;No;19AUG2010;0;16:53;Male;No;Farms, Woods, Pastures;B: Evident Injury;Yes;O: No Injury;4273;August;0;Straight - Grade;Piedmont;With Traffic;No Control Present;Thursday;Intersection;41;0;Two-Way, Not Divided;2 lanes;0;#NULL!;#NULL!;Smooth Asphalt;#NULL!;No Special Feature;Bicyclist Right Turn / Merge;Local Street;B: Evident Injury;Mecklenburg;34;Clear;#NULL!;16-20 mph;40 - 45  MPH;2010;Daylight;30-39
35.8891070948, -78.8806626874;"{""type"": ""Point"", ""coordinates"": [-78.88066268743881, 35.88910709478318]}";White;None - Rural Crash;Multi-use Path;3;8;Rural (<30% Developed);Female;Passenger Car;0;#NULL!;0;0;White;No;0;25-29;Non-Roadway;None;No;No;Dry;0;Rural;No;01SEP2010;0;8:43;Male;No;Farms, Woods, Pastures;B: Evident Injury;Yes;O: No Injury;4284;September;0;Straight - Level;Piedmont;Not Applicable;Stop And Go Signal;Wednesday;Non-Roadway;26;0;Two-Way, Not Divided;2 lanes;0;#NULL!;#NULL!;Smooth Asphalt;#NULL!;Driveway, Private;Non-Roadway;State Secondary Route;B: Evident Injury;Durham;47;Clear;#NULL!;0-5 mph;30 - 35  MPH;2010;Daylight;40-49
35.9572822198, -75.624141696;"{""type"": ""Point"", ""coordinates"": [-75.62414169599342, 35.95728221981846]}";White;Nags Head;Travel Lane;2;6;Urban (>70% Developed);Male;Sport Utility;0;#NULL!;0;0;White;No;0;60-69;Crossing Paths - Uncontrolled Intersection;None;No;No;Dry;0;Rural;No;09AUG2010;0;6:46;Male;No;Commercial;B: Evident Injury;Yes;O: No Injury;4291;August;0;Straight - Level;Coastal;With Traffic;No Control Present;Monday;Intersection;62;0;Two-Way, Not Divided;2 lanes;0;#NULL!;#NULL!;Coarse Asphalt;#NULL!;T-Intersection;Crossing Paths - Other Circumstances;NC Route;B: Evident Injury;Dare;59;Clear;#NULL!;6-10 mph;30 - 35  MPH;2010;Daylight;50-59
35.7726509966, -80.8796732833;"{""type"": ""Point"", ""coordinates"": [-80.87967328333966, 35.77265099659463]}";White;Statesville;Travel Lane;2;5;Rural (<30% Developed);Male;Passenger Car;0;#NULL!;0;0;Black;No;0;30-39;Motorist Drive Out - Sign-Controlled Intersection;None;No;No;Wet;0;Urban;No;19AUG2010;0;5:45;Male;No;Residential;C: Possible Injury;Yes;O: No Injury;4294;August;0;Straight - Level;Piedmont;With Traffic;Stop Sign;Thursday;Intersection;34;0;Two-Way, Divided, Unprotected Median;2 lanes;0;#NULL!;#NULL!;Smooth Asphalt;#NULL!;No Special Feature;Motorist Failed to Yield - Sign-Controlled Intersection;Local Street;C: Possible Injury;Iredell;60;Rain;#NULL!;11-15 mph;30 - 35  MPH;2010;Dark - Lighted Roadway;60-69
35.2283319812, -78.0418523988;"{""type"": ""Point"", ""coordinates"": [-78.04185239881478, 35.22833198123861]}";White;None - Rural Crash;Travel Lane;2;12;Rural (<30% Developed);Male;Sport Utility;0;#NULL!;0;0;White;No;0;16-19;Motorist Overtaking - Other / Unknown;None;No;No;Dry;0;Rural;No;07SEP2010;0;12:03;Female;No;Farms, Woods, Pastures;O: No Injury;Yes;O: No Injury;4298;September;0;Straight - Level;Coastal;With Traffic;No Control Present;Tuesday;Non-Intersection;18;0;Two-Way, Not Divided;2 lanes;0;#NULL!;#NULL!;Smooth Asphalt;#NULL!;No Special Feature;Motorist Overtaking Bicyclist;State Secondary Route;O: No Injury;Wayne;35;Clear;#NULL!;51-55 mph;50 - 55  MPH;2010;Daylight;30-39
34.6623668208, -79.1196126959;"{""type"": ""Point"", ""coordinates"": [-79.11961269585319, 34.66236682084854]}";Native American;None - Rural Crash;Travel Lane;2;20;Rural (<30% Developed);Male;Passenger Car;0;#NULL!;0;0;Native American;No;0;40-49;Motorist Left Turn - Same Direction;None;Yes;Yes;Dry;0;Rural;No;03SEP2010;0;20:57;Female;Yes;Residential;K: Killed;Yes;B: Evident Injury;4299;September;0;Straight - Level;Coastal;Facing Traffic;Double Yellow Line, No Passing Zone;Friday;Non-Intersection;47;0;Two-Way, Not Divided;2 lanes;0;#NULL!;#NULL!;Coarse Asphalt;#NULL!;No Special Feature;Motorist Left Turn / Merge;State Secondary Route;K: Killed;Robeson;58;Clear;#NULL!;36-40 mph;50 - 55  MPH;2010;Dark - Roadway Not Lighted;50-59
35.8521471504, -77.0466621283;"{""type"": ""Point"", ""coordinates"": [-77.04666212832335, 35.852147150378826]}";Hispanic;Williamston;Travel Lane;2;22;Mixed (30% To 70% Developed);Male;Truck/Trailer;0;#NULL!;0;0;White;No;0;Unknown;Motorist Overtaking - Other / Unknown;None;Yes;Yes;Dry;0;Urban;No;31AUG2010;0;22:36;Male;No;Commercial;B: Evident Injury;Yes;O: No Injury;4302;August;0;Straight - Level;Coastal;With Traffic;No Control Present;Tuesday;Non-Intersection;Unknown;0;Two-Way, Divided, Positive Median Barrier;4 lanes;0;#NULL!;#NULL!;Smooth Asphalt;#NULL!;No Special Feature;Motorist Overtaking Bicyclist;US Route;B: Evident Injury;Martin;40;Clear;#NULL!;51-55 mph;40 - 45  MPH;2010;Dark - Lighted Roadway;40-49
34.2390927685, -77.9110283115;"{""type"": ""Point"", ""coordinates"": [-77.91102831152982, 34.239092768541376]}";White;Wilmington;Travel Lane;2;18;Urban (>70% Developed);Male;Passenger Car;0;#NULL!;0;0;White;No;0;30-39;Motorist Drive Out - Midblock - Unknown;None;No;No;Dry;0;Urban;No;30AUG2010;0;18:03;Female;No;Commercial;C: Possible Injury;No;O: No Injury;4327;August;0;Straight - Level;Coastal;Facing Traffic;No Control Present;Monday;Non-Intersection;37;0;Two-Way, Not Divided;4 lanes;0;#NULL!;#NULL!;Smooth Asphalt;#NULL!;No Special Feature;Motorist Failed to Yield - Midblock;Public Vehicular Area;C: Possible Injury;New Hanover;43;Clear;#NULL!;0-5 mph;30 - 35  MPH;2010;Daylight;40-49
35.7813600798, -78.6475126112;"{""type"": ""Point"", ""coordinates"": [-78.64751261123372, 35.781360079798475]}";White;Raleigh;Travel Lane;2;0;Urban (>70% Developed);Male;Unknown;0;#NULL!;0;0;White;No;0;20-24;Motorist Overtaking - Other / Unknown;None;No;No;Dry;0;Urban;Yes;07AUG2010;0;0:21;Male;No;Commercial;O: No Injury;No;O: No Injury;4328;August;0;Straight - Level;Piedmont;With Traffic;Double Yellow Line, No Passing Zone;Saturday;Non-Intersection;24;0;Two-Way, Not Divided;2 lanes;0;#NULL!;#NULL!;Smooth Asphalt;#NULL!;No Special Feature;Motorist Overtaking Bicyclist;Local Street;O: No Injury;Wake;49;Clear;#NULL!;6-10 mph;30 - 35  MPH;2010;Dark - Lighted Roadway;40-49
35.1760929231, -79.388842804;"{""type"": ""Point"", ""coordinates"": [-79.38884280397826, 35.176092923056835]}";White;Southern Pines;Sidewalk / Crosswalk / Driveway Crossing;2;7;Rural (<30% Developed);Male;Passenger Car;0;#NULL!;0;0;White;No;0;16-19;Non-Roadway;None;No;No;Dry;0;Urban;No;10SEP2010;0;7:26;Female;No;Commercial;O: No Injury;No;O: No Injury;4333;September;0;Straight - Bottom;Piedmont;Not Applicable;No Control Present;Friday;Non-Roadway;19;0;Two-Way, Not Divided;Unknown;0;#NULL!;#NULL!;Smooth Asphalt;#NULL!;Bridge;Non-Roadway;Public Vehicular Area;O: No Injury;Moore;24;Clear;#NULL!;6-10 mph;Unknown;2010;Daylight;20-24
36.3386722859, -76.1307468716;"{""type"": ""Point"", ""coordinates"": [-76.13074687161986, 36.33867228590632]}";Black;None - Rural Crash;Travel Lane;2;18;Rural (<30% Developed);Male;Sport Utility;0;#NULL!;0;0;Black;No;0;11-15;Bicyclist Lost Control - Other / Unknown;None;No;No;Dry;0;Rural;No;11SEP2010;0;18:10;Female;No;Farms, Woods, Pastures;C: Possible Injury;Yes;O: No Injury;4338;September;0;Straight - Level;Coastal;With Traffic;No Control Present;Saturday;Non-Intersection;12;0;Two-Way, Not Divided;2 lanes;0;#NULL!;#NULL!;Smooth Asphalt;#NULL!;No Special Feature;Loss of Control / Turning Error;State Secondary Route;C: Possible Injury;Camden;58;Clear;#NULL!;31-35 mph;50 - 55  MPH;2010;Daylight;50-59
34.6239998162, -79.0085126614;"{""type"": ""Point"", ""coordinates"": [-79.00851266135145, 34.62399981620494]}";Native American;Lumberton;Travel Lane;2;19;Urban (>70% Developed);Male;Pickup;0;#NULL!;0;0;White;No;0;50-59;Motorist Drive Out - Sign-Controlled Intersection;None;No;No;Dry;0;Urban;No;20SEP2010;0;19:54;Male;No;Commercial;B: Evident Injury;Yes;O: No Injury;4343;September;0;Straight - Level;Coastal;With Traffic;Other;Monday;Intersection;52;0;One-Way, Not Divided;6 lanes;0;#NULL!;#NULL!;Coarse Asphalt;#NULL!;Four-Way Intersection;Motorist Failed to Yield - Sign-Controlled Intersection;Local Street;B: Evident Injury;Robeson;68;Clear;#NULL!;0-5 mph;30 - 35  MPH;2010;Dark - Lighted Roadway;60-69
35.1887468732, -80.8754932498;"{""type"": ""Point"", ""coordinates"": [-80.87549324981558, 35.1887468732265]}";Unknown/Missing;Charlotte;Travel Lane;2;22;Urban (>70% Developed);Unknown;Sport Utility;0;#NULL!;0;0;Black;No;0;40-49;Motorist Left Turn - Opposite Direction;None;No;No;Dry;0;Urban;No;07SEP2010;0;22:54;Male;No;Commercial;O: No Injury;Yes;O: No Injury;4347;September;0;Straight - Level;Piedmont;With Traffic;Stop And Go Signal;Tuesday;Intersection;40;0;Two-Way, Divided, Unprotected Median;4 lanes;0;#NULL!;#NULL!;Smooth Asphalt;#NULL!;Four-Way Intersection;Motorist Left Turn / Merge;Local Street;O: No Injury;Mecklenburg;27;Clear;#NULL!;16-20 mph;30 - 35  MPH;2010;Dark - Lighted Roadway;25-29
35.2041118757, -80.8923632553;"{""type"": ""Point"", ""coordinates"": [-80.89236325526862, 35.204111875704456]}";Black;Charlotte;Travel Lane;3;16;Urban (>70% Developed);Male;Unknown;0;#NULL!;0;0;Unknown/Missing;No;0;16-19;Motorist Overtaking - Other / Unknown;None;No;No;Dry;0;Urban;Yes;11SEP2010;0;16:42;Unknown;Missing;Residential;C: Possible Injury;No;Unknown Injury;4348;September;0;Straight - Level;Piedmont;With Traffic;No Control Present;Saturday;Non-Intersection;17;0;Two-Way, Not Divided;2 lanes;0;#NULL!;#NULL!;Smooth Asphalt;#NULL!;No Special Feature;Motorist Overtaking Bicyclist;Local Street;C: Possible Injury;Mecklenburg;Unknown;Cloudy;#NULL!;31-35 mph;30 - 35  MPH;2010;Daylight;Unknown
35.280646895, -80.8179232373;"{""type"": ""Point"", ""coordinates"": [-80.81792323734521, 35.28064689500047]}";Black;Charlotte;Travel Lane;2;12;Urban (>70% Developed);Female;Passenger Car;0;#NULL!;0;0;Black;No;0;6-10;Bicyclist Ride Through - Sign-Controlled Intersection;None;No;No;Dry;0;Urban;No;11SEP2010;0;12:38;Male;No;Residential;C: Possible Injury;No;O: No Injury;4349;September;0;Straight - Grade;Piedmont;Unknown;Stop Sign;Saturday;Intersection;8;0;Two-Way, Not Divided;2 lanes;0;#NULL!;#NULL!;Smooth Asphalt;#NULL!;No Special Feature;Bicyclist Failed to Yield - Sign-Controlled Intersection;Local Street;C: Possible Injury;Mecklenburg;66;Cloudy;#NULL!;31-35 mph;20 - 25  MPH;2010;Daylight;60-69
35.9034990904, -79.072432747;"{""type"": ""Point"", ""coordinates"": [-79.072432747003, 35.903499090353165]}";White;Carrboro;Travel Lane;2;11;Urban (>70% Developed);Male;Unknown;0;#NULL!;0;0;Unknown/Missing;No;0;20-24;Motorist Overtaking - Misjudged Space;None;No;No;Dry;0;Urban;Yes;18SEP2010;0;11:35;Unknown;No;Residential;C: Possible Injury;No;Unknown Injury;4355;September;0;Straight - Hillcrest;Piedmont;With Traffic;No Control Present;Saturday;Non-Intersection;23;0;Two-Way, Not Divided;2 lanes;0;#NULL!;#NULL!;Coarse Asphalt;#NULL!;No Special Feature;Motorist Overtaking Bicyclist;Local Street;C: Possible Injury;Orange;Unknown;Clear;#NULL!;21-25 mph;20 - 25  MPH;2010;Daylight;Unknown
35.130976861, -80.8539932403;"{""type"": ""Point"", ""coordinates"": [-80.85399324025875, 35.13097686100689]}";Black;Charlotte;Unknown;2;17;Urban (>70% Developed);Male;Passenger Car;0;#NULL!;0;0;White;No;0;11-15;Motorist Drive Out - Sign-Controlled Intersection;None;No;No;Dry;0;Urban;No;13SEP2010;0;17:40;Female;No;Residential;C: Possible Injury;No;O: No Injury;4360;September;0;Straight - Grade;Piedmont;Facing Traffic;Stop Sign;Monday;Intersection;13;0;Two-Way, Not Divided;5 lanes;0;#NULL!;#NULL!;Smooth Asphalt;#NULL!;No Special Feature;Motorist Failed to Yield - Sign-Controlled Intersection;Local Street;C: Possible Injury;Mecklenburg;45;Clear;#NULL!;0-5 mph;30 - 35  MPH;2010;Daylight;40-49
35.2162928776, -80.909403261;"{""type"": ""Point"", ""coordinates"": [-80.90940326095652, 35.21629287756293]}";Black;Charlotte;Travel Lane;2;19;Urban (>70% Developed);Male;Unknown;0;#NULL!;0;0;Unknown/Missing;No;0;6-10;Bicyclist Ride Out - Sign-Controlled Intersection;None;No;No;Dry;0;Urban;Yes;13SEP2010;0;19:58;Unknown;Missing;Residential;B: Evident Injury;No;Unknown Injury;4361;September;0;Straight - Level;Piedmont;With Traffic;Stop Sign;Monday;Intersection;10;0;Two-Way, Not Divided;2 lanes;0;#NULL!;#NULL!;Smooth Asphalt;#NULL!;No Special Feature;Bicyclist Failed to Yield - Sign-Controlled Intersection;Local Street;B: Evident Injury;Mecklenburg;Unknown;Clear;#NULL!;21-25 mph;30 - 35  MPH;2010;Dark - Lighted Roadway;Unknown
35.7537950735, -78.6492186108;"{""type"": ""Point"", ""coordinates"": [-78.6492186107672, 35.753795073524635]}";Black;Raleigh;Sidewalk / Crosswalk / Driveway Crossing;2;23;Urban (>70% Developed);Male;Passenger Car;0;#NULL!;0;0;Black;No;0;50-59;Motorist Drive Out - Signalized Intersection;None;No;No;Dry;0;Urban;No;31AUG2010;0;23:36;Female;No;Commercial;B: Evident Injury;Yes;O: No Injury;4362;August;0;Straight - Level;Piedmont;Facing Traffic;Stop And Go Signal;Tuesday;Intersection;50;0;Two-Way, Divided, Positive Median Barrier;3 lanes;0;#NULL!;#NULL!;Smooth Asphalt;#NULL!;On or Off Ramp;Motorist Failed to Yield - Signalized Intersection;Local Street;B: Evident Injury;Wake;38;Clear;#NULL!;0-5 mph;40 - 45  MPH;2010;Dark - Lighted Roadway;30-39
36.0657270979, -79.8319429844;"{""type"": ""Point"", ""coordinates"": [-79.83194298443426, 36.06572709790566]}";White;Greensboro;Travel Lane;2;20;Urban (>70% Developed);Male;Passenger Car;0;#NULL!;0;0;White;No;0;25-29;Motorist Left Turn - Opposite Direction;None;No;No;Dry;0;Urban;No;18SEP2010;0;20:50;Male;No;Residential;C: Possible Injury;Yes;O: No Injury;4364;September;0;Straight - Grade;Piedmont;With Traffic;Stop Sign;Saturday;Intersection;25;0;Two-Way, Not Divided;2 lanes;0;#NULL!;#NULL!;Coarse Asphalt;#NULL!;Four-Way Intersection;Motorist Left Turn / Merge;Local Street;C: Possible Injury;Guilford;17;Clear;#NULL!;6-10 mph;30 - 35  MPH;2010;Dark - Lighted Roadway;0-19
33.8699666665, -78.501238472;"{""type"": ""Point"", ""coordinates"": [-78.50123847196363, 33.86996666650035]}";White;Sunset Beach;Non-Roadway;2;8;Urban (>70% Developed);Male;Sport Utility;0;#NULL!;0;0;White;No;0;40-49;Bicyclist Ride Out - Other Midblock;None;Yes;Yes;Dry;0;Rural;No;14SEP2010;0;8:28;Female;No;Residential;B: Evident Injury;Yes;B: Evident Injury;4372;September;0;Straight - Level;Coastal;Not Applicable;No Control Present;Tuesday;Non-Intersection;48;0;Two-Way, Not Divided;2 lanes;0;#NULL!;#NULL!;Coarse Asphalt;#NULL!;No Special Feature;Bicyclist Failed to Yield - Midblock;Local Street;O: No Injury;Brunswick;38;Clear;#NULL!;0-5 mph;30 - 35  MPH;2010;Daylight;30-39
35.2462368934, -80.6590031881;"{""type"": ""Point"", ""coordinates"": [-80.6590031880757, 35.24623689339469]}";White;Charlotte;Travel Lane;3;7;Mixed (30% To 70% Developed);Male;Pickup;0;#NULL!;0;0;Hispanic;No;0;40-49;Motorist Overtaking - Undetected Bicyclist;Traffic Control Device Inoperative, Not Visible Or Missing;No;No;Dry;0;Urban;No;19SEP2010;0;7:45;Male;No;Residential;B: Evident Injury;No;O: No Injury;4373;September;0;Straight - Hillcrest;Piedmont;With Traffic;No Control Present;Sunday;Non-Intersection;48;0;Two-Way, Not Divided;2 lanes;0;#NULL!;#NULL!;Smooth Asphalt;#NULL!;No Special Feature;Motorist Overtaking Bicyclist;Local Street;B: Evident Injury;Mecklenburg;36;Clear;#NULL!;36-40 mph;40 - 45  MPH;2010;Daylight;30-39
35.5899769593, -80.842593262;"{""type"": ""Point"", ""coordinates"": [-80.84259326198385, 35.58997695934656]}";White;Mooresville;Travel Lane;2;15;Urban (>70% Developed);Male;Sport Utility;0;#NULL!;0;0;Hispanic;No;0;20-24;Motorist Drive Out - Other Midblock;None;No;No;Dry;0;Urban;No;15SEP2010;0;15:46;Male;No;Commercial;C: Possible Injury;Yes;O: No Injury;4375;September;0;Straight - Level;Piedmont;Facing Traffic;No Control Present;Wednesday;Non-Intersection;22;0;Two-Way, Not Divided;5 lanes;0;#NULL!;#NULL!;Smooth Asphalt;#NULL!;Driveway, Public;Motorist Failed to Yield - Midblock;NC Route;C: Possible Injury;Iredell;60;Clear;#NULL!;0-5 mph;40 - 45  MPH;2010;Daylight;60-69
35.2290718834, -80.8313782387;"{""type"": ""Point"", ""coordinates"": [-80.83137823874567, 35.22907188343893]}";Black;Charlotte;Bike Lane / Paved Shoulder;2;5;Urban (>70% Developed);Male;Passenger Car;0;#NULL!;0;0;Black;No;0;20-24;Signalized Intersection - Other / Unknown;None;No;No;Dry;0;Urban;No;18SEP2010;0;5:45;Female;No;Residential;B: Evident Injury;Yes;O: No Injury;4377;September;0;Straight - Level;Piedmont;Facing Traffic;Stop And Go Signal;Saturday;Intersection;21;0;One-Way, Not Divided;3 lanes;0;#NULL!;#NULL!;Smooth Asphalt;#NULL!;No Special Feature;Crossing Paths - Other Circumstances;Local Street;B: Evident Injury;Mecklenburg;23;Clear;#NULL!;26-30 mph;30 - 35  MPH;2010;Dark - Roadway Not Lighted;20-24
36.0789750968, -79.9263870137;"{""type"": ""Point"", ""coordinates"": [-79.92638701373546, 36.07897509676116]}";White;Greensboro;Travel Lane;2;5;Urban (>70% Developed);Male;Pickup;0;#NULL!;0;0;White;No;0;50-59;Motorist Overtaking - Other / Unknown;None;No;No;Dry;0;Urban;No;22SEP2010;0;5:20;Male;No;Industrial;B: Evident Injury;Yes;O: No Injury;4379;September;0;Straight - Level;Piedmont;With Traffic;No Control Present;Wednesday;Non-Intersection;58;0;Two-Way, Not Divided;5 lanes;0;#NULL!;#NULL!;Smooth Asphalt;#NULL!;No Special Feature;Motorist Overtaking Bicyclist;Local Street;B: Evident Injury;Guilford;29;Cloudy;#NULL!;36-40 mph;40 - 45  MPH;2010;Dark - Lighted Roadway;25-29
35.9697141049, -79.0750327509;"{""type"": ""Point"", ""coordinates"": [-79.07503275091865, 35.96971410488405]}";White;Chapel Hill;Travel Lane;2;5;Urban (>70% Developed);Male;Passenger Car;0;#NULL!;0;0;White;No;0;50-59;Motorist Overtaking - Other / Unknown;None;No;No;Dry;0;Urban;No;22SEP2010;0;5:44;Male;No;Commercial;B: Evident Injury;Yes;O: No Injury;4387;September;0;Straight - Hillcrest;Piedmont;With Traffic;Stop And Go Signal;Wednesday;Intersection;54;0;Two-Way, Divided, Unprotected Median;5 lanes;0;#NULL!;#NULL!;Coarse Asphalt;#NULL!;T-Intersection;Motorist Overtaking Bicyclist;Local Street;B: Evident Injury;Orange;55;Clear;#NULL!;16-20 mph;40 - 45  MPH;2010;Dark - Roadway Not Lighted;50-59
36.0676371128, -79.4261428622;"{""type"": ""Point"", ""coordinates"": [-79.42614286218162, 36.067637112765276]}";Black;Burlington;Travel Lane;2;17;Urban (>70% Developed);Male;Passenger Car;0;#NULL!;0;0;White;No;0;40-49;Crossing Paths - Intersection - Other / Unknown;None;No;No;Dry;0;Urban;No;28SEP2010;0;17:24;Male;No;Commercial;C: Possible Injury;No;O: No Injury;4390;September;0;Straight - Level;Piedmont;With Traffic;No Control Present;Tuesday;Intersection-Related;45;0;Two-Way, Not Divided;5 lanes;0;#NULL!;#NULL!;Grooved Concrete;#NULL!;No Special Feature;Crossing Paths - Other Circumstances;Local Street;C: Possible Injury;Alamance;42;Clear;#NULL!;41-45 mph;40 - 45  MPH;2010;Daylight;40-49
34.9998998915, -79.2119727407;"{""type"": ""Point"", ""coordinates"": [-79.21197274073742, 34.99989989150556]}";Black;None - Rural Crash;Travel Lane;2;11;Rural (<30% Developed);Male;Passenger Car;0;#NULL!;0;0;Unknown/Missing;No;0;50-59;Motorist Overtaking - Other / Unknown;None;No;No;Dry;0;Rural;Yes;01OCT2010;0;11:30;Unknown;No;Farms, Woods, Pastures;C: Possible Injury;Yes;Unknown Injury;4392;October;0;Straight - Level;Coastal;With Traffic;No Control Present;Friday;Non-Intersection;59;0;Two-Way, Divided, Unprotected Median;4 lanes;0;#NULL!;#NULL!;Smooth Asphalt;#NULL!;No Special Feature;Motorist Overtaking Bicyclist;US Route;C: Possible Injury;Hoke;Unknown;Clear;#NULL!;51-55 mph;50 - 55  MPH;2010;Daylight;Unknown
35.767433072, -78.7826026519;"{""type"": ""Point"", ""coordinates"": [-78.78260265193065, 35.7674330719741]}";Black;Cary;Sidewalk / Crosswalk / Driveway Crossing;2;12;Urban (>70% Developed);Male;Sport Utility;0;#NULL!;0;0;White;No;0;20-24;Signalized Intersection - Other / Unknown;None;No;No;Dry;0;Urban;No;01OCT2010;0;12:13;Male;No;Commercial;C: Possible Injury;Yes;O: No Injury;4393;October;0;Straight - Level;Piedmont;With Traffic;Stop And Go Signal;Friday;Intersection;20;0;Two-Way, Not Divided;5 lanes;0;#NULL!;#NULL!;Smooth Asphalt;#NULL!;Four-Way Intersection;Crossing Paths - Other Circumstances;State Secondary Route;C: Possible Injury;Wake;52;Cloudy;#NULL!;0-5 mph;30 - 35  MPH;2010;Daylight;50-59
35.0900948518, -80.8857682474;"{""type"": ""Point"", ""coordinates"": [-80.88576824738813, 35.09009485175754]}";Black;Pineville;Sidewalk / Crosswalk / Driveway Crossing;2;11;Urban (>70% Developed);Male;Pickup;0;#NULL!;0;0;White;No;0;25-29;Motorist Drive Through - Sign-Controlled Intersection;None;No;No;Dry;0;Rural;No;06AUG2010;0;11:10;Male;No;Commercial;C: Possible Injury;Yes;O: No Injury;4395;August;0;Straight - Grade;Piedmont;Facing Traffic;Stop Sign;Friday;Intersection;28;0;Two-Way, Not Divided;2 lanes;0;#NULL!;#NULL!;Smooth Asphalt;#NULL!;T-Intersection;Motorist Failed to Yield - Sign-Controlled Intersection;Local Street;C: Possible Injury;Mecklenburg;20;Clear;#NULL!;Unknown;30 - 35  MPH;2010;Daylight;20-24
35.0664398476, -80.8449932334;"{""type"": ""Point"", ""coordinates"": [-80.8449932333556, 35.06643984762452]}";White;Charlotte;Travel Lane;2;10;Mixed (30% To 70% Developed);Male;Passenger Car;0;#NULL!;0;0;White;No;0;30-39;Motorist Left Turn - Opposite Direction;None;No;No;Dry;0;Urban;No;02OCT2010;0;10:45;Male;No;Commercial;B: Evident Injury;No;O: No Injury;4407;October;0;Straight - Level;Piedmont;With Traffic;Stop And Go Signal;Saturday;Intersection;38;0;Two-Way, Divided, Positive Median Barrier;4 lanes;0;#NULL!;#NULL!;Smooth Asphalt;#NULL!;No Special Feature;Motorist Left Turn / Merge;NC Route;B: Evident Injury;Mecklenburg;53;Clear;#NULL!;11-15 mph;40 - 45  MPH;2010;Daylight;50-59
35.3134148893, -81.1510883382;"{""type"": ""Point"", ""coordinates"": [-81.15108833818529, 35.31341488934766]}";White;None - Rural Crash;Non-Roadway;2;19;Urban (>70% Developed);Male;Van;0;#NULL!;0;0;White;No;0;6-10;Non-Roadway;None;No;No;Dry;0;Rural;No;09OCT2010;0;19:13;Male;No;Residential;B: Evident Injury;Yes;O: No Injury;4414;October;0;Straight - Level;Piedmont;Not Applicable;No Control Present;Saturday;Non-Roadway;7;0;Two-Way, Not Divided;Unknown;0;#NULL!;#NULL!;Gravel;#NULL!;Driveway, Public;Non-Roadway;Public Vehicular Area;B: Evident Injury;Gaston;45;Clear;#NULL!;0-5 mph;5 - 15 MPH;2010;Dusk;40-49