Geo Point;Geo Shape;BikeRace;City;BikePos;NumUnits;CrashHour;Locality;BikeSex;DrvrVehTyp;NumBikesNo;BikeAlcDrg;NumBikesBI;RteInvdCd;DrvrRace;Workzone;NumBikesCi;BikeAgeGrp;CrashType;RdDefects;CrashAlcoh;BikeAlcoho;RdConditio;DstncMiFrm;RuralUrban;HitRun;CrashDate;NumBikesUI;CrashTime;DrvrSex;DrvrAlcoho;Developmen;CrashSevr;AmbulanceR;DrvrInjury;OBJECTID;CrashMonth;NumBikesKi;RdCharacte;Region;BikeDir;TraffCntrl;CrashDay;CrashLoc;BikeAge;NumBikesTo;RdConfig;NumLanes;NumBikesAI;DrvrAlcDrg;OnRoad;RdSurface;Towrd_Rd;RdFeature;CrashGrp;RdClass;BikeInjury;County;DrvrAge;Weather;FrmRd;DrvrEstSpd;SpeedLimit;CrashYear;LightCond;DrvrAgeGrp
35.8943591046, -78.6354166143;"{""type"": ""Point"", ""coordinates"": [-78.63541661432413, 35.894359104584936]}";White;Raleigh;Sidewalk / Crosswalk / Driveway Crossing;2;18;Urban (>70% Developed);Male;Passenger Car;0;#NULL!;0;0;Black;No;0;40-49;Motorist Drive Out - Sign-Controlled Intersection;None;No;No;Dry;0;Urban;No;02SEP2010;0;18:20;Male;No;Residential;B: Evident Injury;No;O: No Injury;4416;September;0;Straight - Level;Piedmont;Facing Traffic;Stop Sign;Thursday;Intersection;48;0;Two-Way, Not Divided;2 lanes;0;#NULL!;#NULL!;Smooth Asphalt;#NULL!;T-Intersection;Motorist Failed to Yield - Sign-Controlled Intersection;Local Street;B: Evident Injury;Wake;17;Clear;#NULL!;0-5 mph;30 - 35  MPH;2010;Daylight;0-19
36.090480088, -80.2281131061;"{""type"": ""Point"", ""coordinates"": [-80.22811310608562, 36.09048008802016]}";Black;Winston-Salem;Sidewalk / Crosswalk / Driveway Crossing;2;17;Urban (>70% Developed);Male;Passenger Car;0;#NULL!;0;0;Black;No;0;40-49;Motorist Left Turn - Opposite Direction;None;No;No;Unknown;0;Urban;No;05OCT2010;0;17:57;Female;No;Institutional;B: Evident Injury;Yes;O: No Injury;4423;October;0;Unknown;Piedmont;Unknown;Stop And Go Signal;Tuesday;Intersection;49;0;Two-Way, Divided, Unprotected Median;2 lanes;0;#NULL!;#NULL!;Smooth Asphalt;#NULL!;Related To Intersection;Motorist Left Turn / Merge;Local Street;B: Evident Injury;Forsyth;19;Clear;#NULL!;6-10 mph;30 - 35  MPH;2010;Daylight;0-19
35.1354589988, -76.8967380469;"{""type"": ""Point"", ""coordinates"": [-76.89673804687061, 35.13545899876649]}";White;None - Rural Crash;Travel Lane;2;21;Rural (<30% Developed);Male;Motorcycle;0;#NULL!;0;0;White;No;0;16-19;Crossing Paths - Intersection - Other / Unknown;None;No;No;Dry;0;Rural;No;09OCT2010;0;21:57;Male;No;Farms, Woods, Pastures;B: Evident Injury;Yes;B: Evident Injury;4424;October;0;Straight - Level;Coastal;Not Applicable;Stop Sign;Saturday;Intersection;16;0;Two-Way, Divided, Unprotected Median;5 lanes;0;#NULL!;#NULL!;Smooth Asphalt;#NULL!;T-Intersection;Crossing Paths - Other Circumstances;NC Route;B: Evident Injury;Pamlico;58;Clear;#NULL!;51-55 mph;50 - 55  MPH;2010;Dark - Roadway Not Lighted;50-59
35.2312198847, -80.8080632316;"{""type"": ""Point"", ""coordinates"": [-80.80806323156949, 35.231219884737115]}";White;Charlotte;Travel Lane;2;16;Urban (>70% Developed);Male;School Bus;0;#NULL!;0;0;Black;No;0;30-39;Motorist Right Turn - Same Direction;None;No;No;Dry;0;Urban;No;04OCT2010;0;16:46;Female;No;Residential;B: Evident Injury;No;O: No Injury;4430;October;0;Straight - Level;Piedmont;With Traffic;No Control Present;Monday;Non-Intersection;31;0;Two-Way, Divided, Positive Median Barrier;2 lanes;0;#NULL!;#NULL!;Coarse Asphalt;#NULL!;No Special Feature;Motorist Right Turn / Merge;Local Street;B: Evident Injury;Mecklenburg;47;Clear;#NULL!;31-35 mph;30 - 35  MPH;2010;Daylight;40-49
35.7703770358, -79.8086429611;"{""type"": ""Point"", ""coordinates"": [-79.80864296110542, 35.770377035812665]}";Hispanic;Asheboro;Driveway / Alley;2;17;Urban (>70% Developed);Male;Passenger Car;0;#NULL!;0;0;White;No;0;11-15;Bicyclist Ride Out - Residential Driveway;None;No;No;Dry;0;Urban;No;05OCT2010;0;17:49;Female;No;Commercial;C: Possible Injury;Yes;O: No Injury;4436;October;0;Straight - Level;Piedmont;Not Applicable;No Control Present;Tuesday;Non-Intersection;13;0;Two-Way, Not Divided;2 lanes;0;#NULL!;#NULL!;Coarse Asphalt;#NULL!;No Special Feature;Bicyclist Failed to Yield - Midblock;State Secondary Route;C: Possible Injury;Randolph;39;Clear;#NULL!;31-35 mph;30 - 35  MPH;2010;Daylight;30-39
35.6750439442, -81.7340035319;"{""type"": ""Point"", ""coordinates"": [-81.73400353193513, 35.675043944169055]}";White;None - Rural Crash;Non-Roadway;2;19;Rural (<30% Developed);Female;Pickup;0;#NULL!;0;0;White;No;0;6-10;Bicyclist Ride Out - Commercial Driveway / Alley;None;No;No;Dry;0;Rural;No;14OCT2010;0;19:00;Male;No;Residential;B: Evident Injury;Yes;O: No Injury;4444;October;0;Straight - Grade;Mountains;Not Applicable;Double Yellow Line, No Passing Zone;Thursday;Non-Intersection;6;0;Two-Way, Not Divided;2 lanes;0;#NULL!;#NULL!;Smooth Asphalt;#NULL!;No Special Feature;Bicyclist Failed to Yield - Midblock;State Secondary Route;B: Evident Injury;Burke;50;Clear;#NULL!;31-35 mph;30 - 35  MPH;2010;Dusk;50-59
36.0638270973, -79.8216229821;"{""type"": ""Point"", ""coordinates"": [-79.82162298214874, 36.063827097267136]}";Black;Greensboro;Bike Lane / Paved Shoulder;2;11;Urban (>70% Developed);Male;Passenger Car;0;#NULL!;0;0;White;No;0;40-49;Motorist Right Turn - Same Direction;None;No;No;Dry;0;Urban;No;07OCT2010;0;11:42;Male;No;Commercial;C: Possible Injury;No;O: No Injury;4445;October;0;Straight - Level;Piedmont;With Traffic;No Control Present;Thursday;Non-Intersection;45;0;Two-Way, Not Divided;2 lanes;0;#NULL!;#NULL!;Smooth Asphalt;#NULL!;Alley Intersection;Motorist Right Turn / Merge;Local Street;C: Possible Injury;Guilford;46;Clear;#NULL!;0-5 mph;30 - 35  MPH;2010;Daylight;40-49
36.082827103, -79.789442973;"{""type"": ""Point"", ""coordinates"": [-79.78944297298827, 36.08282710297296]}";Black;Greensboro;Sidewalk / Crosswalk / Driveway Crossing;2;12;Urban (>70% Developed);Male;Sport Utility;0;#NULL!;0;0;White;No;0;40-49;Motorist Drive Out - Sign-Controlled Intersection;None;Yes;Yes;Dry;0;Urban;No;05OCT2010;0;12:38;Male;No;Residential;C: Possible Injury;Yes;O: No Injury;4446;October;0;Straight - Level;Piedmont;Unknown;Stop Sign;Tuesday;Intersection;47;0;Two-Way, Not Divided;2 lanes;0;#NULL!;#NULL!;Smooth Asphalt;#NULL!;Related To Intersection;Motorist Failed to Yield - Sign-Controlled Intersection;Local Street;C: Possible Injury;Guilford;70+;Clear;#NULL!;11-15 mph;20 - 25  MPH;2010;Daylight;70+
35.3322968871, -81.3201033901;"{""type"": ""Point"", ""coordinates"": [-81.32010339008761, 35.332296887082826]}";White;None - Rural Crash;Travel Lane;2;19;Rural (<30% Developed);Male;Van;0;#NULL!;0;0;White;No;0;11-15;Bicyclist Left Turn - Same Direction;None;No;No;Dry;0;Rural;No;18JUN2012;0;19:43;Male;No;Residential;B: Evident Injury;Yes;O: No Injury;2132;June;0;Straight - Level;Piedmont;With Traffic;Double Yellow Line, No Passing Zone;Monday;Non-Intersection;12;0;Two-Way, Not Divided;2 lanes;0;#NULL!;#NULL!;Smooth Asphalt;#NULL!;No Special Feature;Bicyclist Left Turn / Merge;NC Route;B: Evident Injury;Gaston;30;Clear;#NULL!;41-45 mph;40 - 45  MPH;2012;Dusk;30-39
35.219466882, -80.8021032293;"{""type"": ""Point"", ""coordinates"": [-80.80210322930837, 35.21946688202742]}";Black;Charlotte;Travel Lane;2;16;Urban (>70% Developed);Male;Van;0;#NULL!;0;0;Hispanic;No;0;20-24;Motorist Left Turn - Opposite Direction;None;No;No;Dry;0;Urban;No;04MAY2012;0;16:17;Female;No;Commercial;B: Evident Injury;Yes;O: No Injury;2143;May;0;Straight - Level;Piedmont;With Traffic;No Control Present;Friday;Non-Intersection;24;0;Two-Way, Not Divided;4 lanes;0;#NULL!;#NULL!;Smooth Asphalt;#NULL!;No Special Feature;Motorist Left Turn / Merge;Local Street;B: Evident Injury;Mecklenburg;29;Clear;#NULL!;6-10 mph;30 - 35  MPH;2012;Daylight;25-29
35.7055670213, -79.8155029598;"{""type"": ""Point"", ""coordinates"": [-79.81550295976129, 35.70556702125495]}";White;Asheboro;Non-Roadway;2;17;Urban (>70% Developed);Male;Sport Utility;0;#NULL!;0;0;White;No;0;50-59;Non-Roadway;None;No;No;Dry;0;Urban;No;20JUN2012;0;17:24;Male;No;Commercial;C: Possible Injury;No;O: No Injury;2166;June;0;Straight - Level;Piedmont;Not Applicable;No Control Present;Wednesday;Non-Roadway;57;0;One-Way, Not Divided;Unknown;0;#NULL!;#NULL!;Smooth Asphalt;#NULL!;Driveway, Public;Non-Roadway;Public Vehicular Area;C: Possible Injury;Randolph;65;Clear;#NULL!;Unknown;Unknown;2012;Daylight;60-69
34.2312967672, -77.879202301;"{""type"": ""Point"", ""coordinates"": [-77.87920230101784, 34.231296767167294]}";White;Wilmington;Sidewalk / Crosswalk / Driveway Crossing;2;17;Urban (>70% Developed);Female;Sport Utility;0;#NULL!;0;0;White;No;0;25-29;Motorist Drive Out - Commercial Driveway / Alley;None;No;No;Dry;0;Urban;No;29JUN2012;0;17:26;Female;No;Commercial;B: Evident Injury;Yes;O: No Injury;2195;June;0;Straight - Level;Coastal;Facing Traffic;No Control Present;Friday;Non-Intersection;26;0;One-Way, Not Divided;2 lanes;0;#NULL!;#NULL!;Smooth Asphalt;#NULL!;Related To Intersection;Motorist Failed to Yield - Midblock;Local Street;B: Evident Injury;New Hanover;42;Clear;#NULL!;0-5 mph;5 - 15 MPH;2012;Daylight;40-49
35.3740369905, -78.6989026058;"{""type"": ""Point"", ""coordinates"": [-78.6989026058275, 35.37403699052636]}";Black;None - Rural Crash;Bike Lane / Paved Shoulder;2;12;Rural (<30% Developed);Male;Van;0;#NULL!;0;0;White;No;0;25-29;Motorist Lost Control - Other / Unknown;None;No;No;Dry;0;Rural;No;02JUL2012;0;12:02;Female;No;Farms, Woods, Pastures;C: Possible Injury;Yes;O: No Injury;2188;July;0;Straight - Level;Coastal;Facing Traffic;No Control Present;Monday;Non-Intersection;27;0;Two-Way, Not Divided;2 lanes;0;#NULL!;#NULL!;Coarse Asphalt;#NULL!;No Special Feature;Loss of Control / Turning Error;State Secondary Route;C: Possible Injury;Harnett;24;Clear;#NULL!;41-45 mph;50 - 55  MPH;2012;Daylight;20-24
35.9269271404, -77.7896023587;"{""type"": ""Point"", ""coordinates"": [-77.78960235869977, 35.92692714040203]}";Black;Rocky Mount;Travel Lane;2;18;Urban (>70% Developed);Female;Passenger Car;0;#NULL!;0;0;Black;No;0;0-5;Bicyclist Ride Through - Sign-Controlled Intersection;None;No;No;Dry;0;Urban;No;17JUN2012;0;18:57;Female;No;Residential;C: Possible Injury;No;O: No Injury;2190;June;0;Straight - Level;Coastal;With Traffic;Stop Sign;Sunday;Intersection-Related;5;0;Two-Way, Not Divided;2 lanes;0;#NULL!;#NULL!;Coarse Asphalt;#NULL!;Four-Way Intersection;Bicyclist Failed to Yield - Sign-Controlled Intersection;Local Street;C: Possible Injury;Edgecombe;22;Clear;#NULL!;16-20 mph;30 - 35  MPH;2012;Daylight;20-24
33.8919466719, -78.5050024746;"{""type"": ""Point"", ""coordinates"": [-78.5050024745645, 33.891946671925695]}";White;Sunset Beach;Travel Lane;2;23;Mixed (30% To 70% Developed);Male;Passenger Car;0;#NULL!;0;0;White;No;0;20-24;Motorist Overtaking - Other / Unknown;None;No;No;Dry;0;Rural;No;23JUN2012;0;23:28;Female;No;Residential;O: No Injury;No;O: No Injury;2176;June;0;Curve - Grade;Coastal;With Traffic;No Control Present;Saturday;Non-Intersection;21;0;Two-Way, Not Divided;2 lanes;0;#NULL!;#NULL!;Coarse Asphalt;#NULL!;No Special Feature;Motorist Overtaking Bicyclist;Local Street;O: No Injury;Brunswick;30;Clear;#NULL!;41-45 mph;40 - 45  MPH;2012;Dark - Roadway Not Lighted;30-39
35.6679270809, -77.9153023828;"{""type"": ""Point"", ""coordinates"": [-77.9153023828397, 35.66792708086176]}";White;None - Rural Crash;Travel Lane;2;8;Rural (<30% Developed);Male;Pickup;0;#NULL!;0;0;Black;No;0;50-59;Motorist Overtaking - Misjudged Space;None;No;No;Dry;0;Rural;No;16JUL2012;0;8:43;Male;No;Farms, Woods, Pastures;B: Evident Injury;Yes;O: No Injury;2213;July;0;Straight - Level;Coastal;With Traffic;No Control Present;Monday;Non-Intersection;51;0;Two-Way, Not Divided;2 lanes;0;#NULL!;#NULL!;Coarse Asphalt;#NULL!;No Special Feature;Motorist Overtaking Bicyclist;State Secondary Route;B: Evident Injury;Wilson;64;Cloudy;#NULL!;51-55 mph;50 - 55  MPH;2012;Daylight;60-69
35.4397470399, -77.6570022934;"{""type"": ""Point"", ""coordinates"": [-77.65700229340928, 35.43974703994028]}";Black;None - Rural Crash;Travel Lane;2;17;Mixed (30% To 70% Developed);Male;Passenger Car;0;#NULL!;0;0;White;No;0;20-24;Motorist Overtaking - Bicyclist Swerved;None;No;No;Dry;0;Rural;No;17JUL2012;0;17:24;Male;No;Residential;C: Possible Injury;Yes;O: No Injury;2218;July;0;Straight - Level;Coastal;With Traffic;No Control Present;Tuesday;Non-Intersection;20;0;Two-Way, Not Divided;2 lanes;0;#NULL!;#NULL!;Coarse Asphalt;#NULL!;No Special Feature;Motorist Overtaking Bicyclist;NC Route;C: Possible Injury;Greene;28;Clear;#NULL!;36-40 mph;40 - 45  MPH;2012;Daylight;25-29
35.0680768539, -80.6788031846;"{""type"": ""Point"", ""coordinates"": [-80.67880318460276, 35.06807685394514]}";White;Indian Trail;Travel Lane;2;21;Urban (>70% Developed);Male;Pickup;0;#NULL!;0;0;White;No;0;50-59;Motorist Left Turn - Opposite Direction;None;No;No;Dry;0;Urban;No;09JUL2012;0;21:00;Male;No;Commercial;C: Possible Injury;Yes;O: No Injury;2205;July;0;Straight - Level;Piedmont;With Traffic;Stop And Go Signal;Monday;Intersection;51;0;Two-Way, Not Divided;2 lanes;0;#NULL!;#NULL!;Smooth Asphalt;#NULL!;Four-Way Intersection;Motorist Left Turn / Merge;State Secondary Route;C: Possible Injury;Union;60;Clear;#NULL!;0-5 mph;40 - 45  MPH;2012;Dark - Lighted Roadway;60-69
35.9906571162, -78.8706026901;"{""type"": ""Point"", ""coordinates"": [-78.87060269009064, 35.99065711623721]}";Black;Durham;Travel Lane;2;11;Urban (>70% Developed);Male;Sport Utility;0;#NULL!;0;0;Hispanic;No;0;25-29;Bicyclist Turning Error - Right Turn;None;Yes;Yes;Dry;0;Urban;No;15JUL2012;0;11:48;Male;No;Residential;B: Evident Injury;Yes;O: No Injury;2220;July;0;Straight - Grade;Piedmont;With Traffic;Stop Sign;Sunday;Intersection;28;0;Two-Way, Not Divided;2 lanes;0;#NULL!;#NULL!;Smooth Asphalt;#NULL!;Four-Way Intersection;Loss of Control / Turning Error;Local Street;B: Evident Injury;Durham;37;Clear;#NULL!;31-35 mph;30 - 35  MPH;2012;Daylight;30-39
35.2523068694, -81.3347033901;"{""type"": ""Point"", ""coordinates"": [-81.33470339008562, 35.25230686941938]}";White;Kings Mountain;Travel Lane;2;9;Urban (>70% Developed);Male;Passenger Car;0;#NULL!;0;0;White;No;0;40-49;Motorist Overtaking - Other / Unknown;None;No;No;Dry;0;Urban;No;10JUN2012;0;9:24;Female;No;Residential;B: Evident Injury;No;O: No Injury;2221;June;0;Straight - Grade;Mountains;With Traffic;Stop Sign;Sunday;Non-Intersection;46;0;Two-Way, Not Divided;2 lanes;0;#NULL!;#NULL!;Smooth Asphalt;#NULL!;Y-Intersection;Motorist Overtaking Bicyclist;Local Street;B: Evident Injury;Cleveland;70+;Clear;#NULL!;16-20 mph;20 - 25  MPH;2012;Daylight;70+
35.3902770193, -77.9461023784;"{""type"": ""Point"", ""coordinates"": [-77.94610237837719, 35.39027701930849]}";Black;Goldsboro;Other;2;9;Urban (>70% Developed);Male;Passenger Car;0;#NULL!;0;0;Black;No;0;60-69;Bicyclist Left Turn - Same Direction;None;No;No;Dry;0;Urban;No;29JUN2012;0;9:28;Female;No;Commercial;B: Evident Injury;Yes;O: No Injury;2193;June;0;Curve - Level;Coastal;With Traffic;No Control Present;Friday;Intersection-Related;67;0;Two-Way, Not Divided;5 lanes;0;#NULL!;#NULL!;Coarse Asphalt;#NULL!;No Special Feature;Bicyclist Left Turn / Merge;Local Street;B: Evident Injury;Wayne;26;Clear;#NULL!;21-25 mph;30 - 35  MPH;2012;Daylight;25-29
35.2601268786, -81.1295033294;"{""type"": ""Point"", ""coordinates"": [-81.12950332935634, 35.26012687856002]}";White;Gastonia;Sidewalk / Crosswalk / Driveway Crossing;2;14;Urban (>70% Developed);Male;Unknown;0;#NULL!;0;0;Unknown/Missing;No;0;20-24;Motorist Drive Out - Commercial Driveway / Alley;None;No;No;Dry;0;Urban;Yes;10JUL2012;0;14:05;Unknown;Missing;Commercial;C: Possible Injury;No;Unknown Injury;2231;July;0;Straight - Grade;Piedmont;Facing Traffic;Stop Sign;Tuesday;Non-Intersection;20;0;Two-Way, Not Divided;Unknown;0;#NULL!;#NULL!;Concrete;#NULL!;Driveway, Public;Motorist Failed to Yield - Midblock;Public Vehicular Area;C: Possible Injury;Gaston;Unknown;Clear;#NULL!;6-10 mph;Unknown;2012;Daylight;Unknown
36.0659872409, -75.6933017229;"{""type"": ""Point"", ""coordinates"": [-75.69330172292783, 36.065987240883494]}";Other;Kitty Hawk;Sidewalk / Crosswalk / Driveway Crossing;2;11;Urban (>70% Developed);Male;Pickup;0;#NULL!;0;0;White;No;0;25-29;Motorist Drive Out - Commercial Driveway / Alley;None;No;No;Dry;0;Rural;No;21JUN2012;0;11:52;Male;No;Commercial;C: Possible Injury;Yes;O: No Injury;2229;June;0;Straight - Level;Coastal;Facing Traffic;No Control Present;Thursday;Non-Intersection;29;0;Two-Way, Divided, Unprotected Median;5 lanes;0;#NULL!;#NULL!;Smooth Asphalt;#NULL!;No Special Feature;Motorist Failed to Yield - Midblock;US Route;C: Possible Injury;Dare;21;Clear;#NULL!;0-5 mph;50 - 55  MPH;2012;Daylight;20-24
34.2433467697, -77.8968023071;"{""type"": ""Point"", ""coordinates"": [-77.89680230710638, 34.2433467697071]}";White;Wilmington;Travel Lane;2;6;Urban (>70% Developed);Male;Passenger Car;0;#NULL!;0;0;Black;No;0;60-69;Motorist Drive Out - Sign-Controlled Intersection;None;No;No;Dry;0;Urban;No;08JUL2012;0;6:24;Female;No;Residential;B: Evident Injury;Yes;O: No Injury;2241;July;0;Straight - Level;Coastal;With Traffic;Stop Sign;Sunday;Intersection;63;0;Two-Way, Divided, Unprotected Median;2 lanes;0;#NULL!;#NULL!;Coarse Asphalt;#NULL!;Four-Way Intersection;Motorist Failed to Yield - Sign-Controlled Intersection;Local Street;B: Evident Injury;New Hanover;49;Clear;#NULL!;Unknown;30 - 35  MPH;2012;Daylight;40-49
35.2605668758, -81.2085033524;"{""type"": ""Point"", ""coordinates"": [-81.20850335235036, 35.260566875752744]}";Black;Gastonia;Travel Lane;2;17;Urban (>70% Developed);Male;Sport Utility;0;#NULL!;0;0;White;No;0;30-39;Signalized Intersection - Other / Unknown;None;No;No;Dry;0;Urban;No;12JUL2012;0;17:18;Female;No;Commercial;C: Possible Injury;Yes;O: No Injury;2232;July;0;Straight - Level;Piedmont;With Traffic;Stop And Go Signal;Thursday;Intersection;35;0;Two-Way, Divided, Unprotected Median;6 lanes;0;#NULL!;#NULL!;Smooth Asphalt;#NULL!;Four-Way Intersection;Crossing Paths - Other Circumstances;US Route;C: Possible Injury;Gaston;55;Clear;#NULL!;6-10 mph;30 - 35  MPH;2012;Daylight;50-59
35.4460768654, -82.5329037551;"{""type"": ""Point"", ""coordinates"": [-82.53290375509727, 35.4460768654203]}";Black;Asheville;Travel Lane;2;21;Urban (>70% Developed);Male;Passenger Car;0;#NULL!;0;0;White;No;0;30-39;Motorist Overtaking - Other / Unknown;None;No;No;Dry;0;Urban;No;28JUN2012;0;21:50;Male;No;Commercial;A: Disabling Injury;Yes;O: No Injury;2223;June;0;Straight - Grade;Mountains;With Traffic;No Control Present;Thursday;Non-Intersection;32;0;Two-Way, Not Divided;Unknown;0;#NULL!;#NULL!;Smooth Asphalt;#NULL!;No Special Feature;Motorist Overtaking Bicyclist;NC Route;A: Disabling Injury;Buncombe;18;Clear;#NULL!;41-45 mph;40 - 45  MPH;2012;Dark - Roadway Not Lighted;0-19
35.5858170816, -77.3706022128;"{""type"": ""Point"", ""coordinates"": [-77.37060221277265, 35.58581708158732]}";Black;Greenville;Travel Lane;2;22;Urban (>70% Developed);Male;Passenger Car;0;#NULL!;0;0;Black;No;0;30-39;Signalized Intersection - Other / Unknown;None;No;No;Wet;0;Urban;No;23JUL2012;0;22:21;Male;No;Commercial;B: Evident Injury;Yes;O: No Injury;2236;July;0;Straight - Level;Coastal;With Traffic;Stop And Go Signal;Monday;Intersection;32;0;Two-Way, Not Divided;5 lanes;0;#NULL!;#NULL!;Coarse Asphalt;#NULL!;No Special Feature;Crossing Paths - Other Circumstances;US Route;B: Evident Injury;Pitt;25;Cloudy;#NULL!;41-45 mph;40 - 45  MPH;2012;Dark - Lighted Roadway;25-29
36.3325972062, -78.4022025663;"{""type"": ""Point"", ""coordinates"": [-78.40220256625918, 36.332597206177425]}";Black;Henderson;Unknown;2;17;Urban (>70% Developed);Male;Passenger Car;0;#NULL!;0;0;Black;No;0;30-39;Bicyclist Ride Out - Other Midblock;None;No;No;Dry;0;Urban;No;18JUN2012;0;17:09;Male;No;Commercial;C: Possible Injury;No;O: No Injury;2235;June;0;Straight - Level;Piedmont;Not Applicable;No Control Present;Monday;Non-Intersection;36;0;Two-Way, Not Divided;4 lanes;0;#NULL!;#NULL!;Coarse Asphalt;#NULL!;No Special Feature;Bicyclist Failed to Yield - Midblock;Local Street;C: Possible Injury;Vance;23;Clear;#NULL!;26-30 mph;30 - 35  MPH;2012;Daylight;20-24
34.9246669239, -77.7785023038;"{""type"": ""Point"", ""coordinates"": [-77.77850230382776, 34.92466692391846]}";White;None - Rural Crash;Travel Lane;2;19;Rural (<30% Developed);Male;Unknown;0;#NULL!;0;0;Unknown/Missing;No;0;20-24;Motorist Overtaking - Other / Unknown;None;No;No;Wet;0;Rural;Yes;17DEC2012;0;19:05;Unknown;Missing;Farms, Woods, Pastures;A: Disabling Injury;Yes;Unknown Injury;2738;December;0;Straight - Level;Coastal;With Traffic;No Control Present;Monday;Non-Intersection;21;0;Two-Way, Divided, Unprotected Median;4 lanes;0;#NULL!;#NULL!;Coarse Asphalt;#NULL!;No Special Feature;Motorist Overtaking Bicyclist;NC Route;A: Disabling Injury;Duplin;Unknown;Rain;#NULL!;51-55 mph;50 - 55  MPH;2012;Dark - Roadway Not Lighted;Unknown
35.1095768943, -79.7960029223;"{""type"": ""Point"", ""coordinates"": [-79.79600292233951, 35.109576894329585]}";Black;None - Rural Crash;Travel Lane;2;13;Rural (<30% Developed);Male;Sport Utility;0;#NULL!;0;0;White;No;0;40-49;Bicyclist Ride Through - Sign-Controlled Intersection;None;Yes;Yes;Dry;0;Rural;No;25DEC2012;0;13:24;Male;No;Farms, Woods, Pastures;A: Disabling Injury;Yes;O: No Injury;2736;December;0;Straight - Grade;Piedmont;With Traffic;Stop Sign;Tuesday;Intersection;48;0;Two-Way, Not Divided;2 lanes;0;#NULL!;#NULL!;Smooth Asphalt;#NULL!;Four-Way Intersection;Bicyclist Failed to Yield - Sign-Controlled Intersection;NC Route;A: Disabling Injury;Richmond;68;Clear;#NULL!;51-55 mph;50 - 55  MPH;2012;Daylight;60-69
36.3709472868, -76.2931019225;"{""type"": ""Point"", ""coordinates"": [-76.29310192251562, 36.37094728681857]}";Unknown/Missing;Elizabeth City;Travel Lane;2;17;Rural (<30% Developed);Unknown;Pickup;0;#NULL!;0;0;White;No;0;Unknown;Motorist Overtaking - Other / Unknown;None;No;Missing;Dry;0;Urban;No;10DEC2012;0;17:24;Male;No;Residential;O: No Injury;No;O: No Injury;2746;December;0;Straight - Level;Coastal;With Traffic;No Control Present;Monday;Non-Intersection;Unknown;0;Two-Way, Not Divided;2 lanes;0;#NULL!;#NULL!;Smooth Asphalt;#NULL!;No Special Feature;Motorist Overtaking Bicyclist;State Secondary Route;Unknown Injury;Pasquotank;44;Clear;#NULL!;31-35 mph;40 - 45  MPH;2012;Dark - Roadway Not Lighted;40-49
35.7669670723, -78.774002649;"{""type"": ""Point"", ""coordinates"": [-78.7740026489746, 35.76696707232093]}";White;Cary;Sidewalk / Crosswalk / Driveway Crossing;2;10;Urban (>70% Developed);Male;Passenger Car;0;#NULL!;0;0;White;No;0;70+;Motorist Drive Out - Sign-Controlled Intersection;None;No;No;Dry;0;Urban;No;14DEC2012;0;10:45;Male;No;Residential;C: Possible Injury;No;O: No Injury;2747;December;0;Straight - Level;Piedmont;Facing Traffic;Stop Sign;Friday;Intersection;70+;0;Two-Way, Not Divided;2 lanes;0;#NULL!;#NULL!;Smooth Asphalt;#NULL!;Four-Way Intersection;Motorist Failed to Yield - Sign-Controlled Intersection;Local Street;C: Possible Injury;Wake;59;Clear;#NULL!;0-5 mph;20 - 25  MPH;2012;Daylight;50-59
35.5936670371, -78.717602623;"{""type"": ""Point"", ""coordinates"": [-78.71760262299738, 35.593667037105675]}";White;None - Rural Crash;Travel Lane;2;18;Rural (<30% Developed);Male;Pickup;0;#NULL!;0;0;White;No;0;30-39;Motorist Overtaking - Other / Unknown;None;No;No;Dry;0;Rural;No;19DEC2012;0;18:07;Male;No;Farms, Woods, Pastures;C: Possible Injury;Yes;O: No Injury;2727;December;0;Straight - Level;Piedmont;With Traffic;No Control Present;Wednesday;Non-Intersection;30;0;Two-Way, Not Divided;2 lanes;0;#NULL!;#NULL!;Coarse Asphalt;#NULL!;No Special Feature;Motorist Overtaking Bicyclist;NC Route;C: Possible Injury;Wake;39;Clear;#NULL!;41-45 mph;50 - 55  MPH;2012;Dark - Roadway Not Lighted;30-39
35.199796878, -80.804903229;"{""type"": ""Point"", ""coordinates"": [-80.804903228976, 35.19979687800384]}";Black;Charlotte;Travel Lane;2;17;Urban (>70% Developed);Male;Passenger Car;0;#NULL!;0;0;Black;No;0;40-49;Bicyclist Overtaking - Other / Unknown;None;No;No;Wet;0;Urban;No;16DEC2012;0;17:27;Male;No;Residential;C: Possible Injury;No;O: No Injury;2731;December;0;Straight - Level;Piedmont;With Traffic;No Control Present;Sunday;Non-Intersection;49;0;Two-Way, Not Divided;2 lanes;0;#NULL!;#NULL!;Smooth Asphalt;#NULL!;No Special Feature;Bicyclist Overtaking Motorist;Local Street;C: Possible Injury;Mecklenburg;57;Rain;#NULL!;Unknown;20 - 25  MPH;2012;Dark - Lighted Roadway;50-59