Geo Point;Geo Shape;BikeRace;City;BikePos;NumUnits;CrashHour;Locality;BikeSex;DrvrVehTyp;NumBikesNo;BikeAlcDrg;NumBikesBI;RteInvdCd;DrvrRace;Workzone;NumBikesCi;BikeAgeGrp;CrashType;RdDefects;CrashAlcoh;BikeAlcoho;RdConditio;DstncMiFrm;RuralUrban;HitRun;CrashDate;NumBikesUI;CrashTime;DrvrSex;DrvrAlcoho;Developmen;CrashSevr;AmbulanceR;DrvrInjury;OBJECTID;CrashMonth;NumBikesKi;RdCharacte;Region;BikeDir;TraffCntrl;CrashDay;CrashLoc;BikeAge;NumBikesTo;RdConfig;NumLanes;NumBikesAI;DrvrAlcDrg;OnRoad;RdSurface;Towrd_Rd;RdFeature;CrashGrp;RdClass;BikeInjury;County;DrvrAge;Weather;FrmRd;DrvrEstSpd;SpeedLimit;CrashYear;LightCond;DrvrAgeGrp
35.5865268937, -82.5518037693;"{""type"": ""Point"", ""coordinates"": [-82.55180376930191, 35.58652689370395]}";White;Asheville;Travel Lane;2;12;Urban (>70% Developed);Male;Passenger Car;0;#NULL!;0;0;Hispanic;No;0;70+;Motorist Left Turn - Opposite Direction;None;No;No;Dry;0;Urban;No;29NOV2012;0;12:54;Female;No;Commercial;C: Possible Injury;No;O: No Injury;2726;November;0;Straight - Grade;Mountains;With Traffic;Stop And Go Signal;Thursday;Intersection;70+;0;Two-Way, Not Divided;4 lanes;0;#NULL!;#NULL!;Coarse Asphalt;#NULL!;T-Intersection;Motorist Left Turn / Merge;Local Street;C: Possible Injury;Buncombe;46;Clear;#NULL!;16-20 mph;30 - 35  MPH;2012;Daylight;40-49
35.8897170524, -80.055303042;"{""type"": ""Point"", ""coordinates"": [-80.05530304196353, 35.88971705236225]}";Hispanic;Thomasville;Travel Lane;2;20;Mixed (30% To 70% Developed);Male;Passenger Car;0;#NULL!;0;0;White;No;0;11-15;Head-On - Bicyclist;None;No;No;Dry;0;Urban;No;11JUL2012;0;20:32;Female;No;Residential;A: Disabling Injury;Yes;O: No Injury;2763;July;0;Straight - Level;Piedmont;With Traffic;No Control Present;Wednesday;Non-Intersection;11;0;Two-Way, Not Divided;2 lanes;0;#NULL!;#NULL!;Coarse Asphalt;#NULL!;No Special Feature;Head-On;Local Street;A: Disabling Injury;Davidson;57;Cloudy;#NULL!;21-25 mph;30 - 35  MPH;2012;Dark - Lighted Roadway;50-59
35.3877770182, -77.9805023888;"{""type"": ""Point"", ""coordinates"": [-77.98050238877744, 35.387777018204815]}";Black;Goldsboro;Travel Lane;2;17;Urban (>70% Developed);Male;Pickup;0;#NULL!;0;0;White;No;0;40-49;Bicyclist Left Turn - Opposite Direction;None;Yes;Yes;Dry;0;Urban;No;20DEC2012;0;17:51;Male;No;Commercial;K: Killed;Yes;O: No Injury;2743;December;0;Straight - Level;Coastal;With Traffic;No Control Present;Thursday;Non-Intersection;48;0;Two-Way, Not Divided;5 lanes;0;#NULL!;#NULL!;Smooth Asphalt;#NULL!;No Special Feature;Bicyclist Left Turn / Merge;Local Street;K: Killed;Wayne;48;Cloudy;#NULL!;26-30 mph;30 - 35  MPH;2012;Dusk;40-49
36.1077771212, -79.4236028639;"{""type"": ""Point"", ""coordinates"": [-79.42360286385811, 36.107777121205615]}";Black;Burlington;Travel Lane;2;15;Urban (>70% Developed);Female;Pickup;0;#NULL!;0;0;White;No;0;30-39;Backing Vehicle;None;No;No;Dry;0;Urban;Yes;21AUG2012;0;15:51;Female;No;Residential;B: Evident Injury;Yes;O: No Injury;2766;August;0;Straight - Level;Piedmont;With Traffic;Stop Sign;Tuesday;Intersection;37;0;Two-Way, Not Divided;2 lanes;0;#NULL!;#NULL!;Coarse Asphalt;#NULL!;T-Intersection;Backing Vehicle;Local Street;B: Evident Injury;Alamance;52;Clear;#NULL!;6-10 mph;30 - 35  MPH;2012;Daylight;50-59
35.0881969208, -78.9268026603;"{""type"": ""Point"", ""coordinates"": [-78.92680266028144, 35.088196920765334]}";Unknown/Missing;Fayetteville;Sidewalk / Crosswalk / Driveway Crossing;2;18;Urban (>70% Developed);Unknown;Passenger Car;0;#NULL!;0;0;White;No;0;Unknown;Motorist Drive Out - Right Turn on Red;None;No;Missing;Dry;0;Urban;No;06OCT2012;0;18:53;Male;No;Commercial;O: No Injury;No;O: No Injury;2548;October;0;Straight - Grade;Coastal;Facing Traffic;Stop And Go Signal;Saturday;Intersection;Unknown;0;Two-Way, Not Divided;6 lanes;0;#NULL!;#NULL!;Coarse Asphalt;#NULL!;Four-Way Intersection;Motorist Failed to Yield - Signalized Intersection;Local Street;Unknown Injury;Cumberland;45;Clear;#NULL!;0-5 mph;30 - 35  MPH;2012;Dark - Lighted Roadway;40-49
35.7804970795, -78.6450026107;"{""type"": ""Point"", ""coordinates"": [-78.64500261068427, 35.78049707952467]}";White;Raleigh;Sidewalk / Crosswalk / Driveway Crossing;2;17;Urban (>70% Developed);Female;Passenger Car;0;#NULL!;0;0;Black;No;0;25-29;Signalized Intersection - Other / Unknown;None;No;No;Dry;0;Urban;No;22OCT2012;0;17:15;Male;No;Commercial;O: No Injury;Yes;O: No Injury;2581;October;0;Straight - Level;Piedmont;Facing Traffic;Stop And Go Signal;Monday;Intersection-Related;27;0;Two-Way, Not Divided;3 lanes;0;#NULL!;#NULL!;Smooth Asphalt;#NULL!;No Special Feature;Crossing Paths - Other Circumstances;Local Street;Unknown Injury;Wake;53;Clear;#NULL!;6-10 mph;30 - 35  MPH;2012;Daylight;50-59
35.1740368755, -80.7132032006;"{""type"": ""Point"", ""coordinates"": [-80.71320320064736, 35.17403687552048]}";Black;Charlotte;Driveway / Alley;2;18;Urban (>70% Developed);Female;Passenger Car;0;#NULL!;0;0;Black;No;0;0-5;Bicyclist Ride Out - Residential Driveway;None;No;No;Dry;0;Urban;No;20OCT2012;0;18:06;Female;No;Residential;C: Possible Injury;Yes;O: No Injury;2547;October;0;Straight - Level;Piedmont;Not Applicable;No Control Present;Saturday;Non-Intersection;4;0;Two-Way, Not Divided;1 lane;0;#NULL!;#NULL!;Smooth Asphalt;#NULL!;No Special Feature;Bicyclist Failed to Yield - Midblock;Local Street;C: Possible Injury;Mecklenburg;38;Clear;#NULL!;0-5 mph;20 - 25  MPH;2012;Daylight;30-39
36.0682870992, -79.8050029765;"{""type"": ""Point"", ""coordinates"": [-79.80500297646857, 36.068287099239896]}";White;Greensboro;Travel Lane;2;13;Urban (>70% Developed);Female;Passenger Car;0;#NULL!;0;0;White;No;0;20-24;Crossing Paths - Intersection - Other / Unknown;None;No;No;Dry;0;Urban;No;15NOV2012;0;13:00;Male;No;Commercial;C: Possible Injury;Yes;O: No Injury;2640;November;0;Straight - Grade;Piedmont;Facing Traffic;No Control Present;Thursday;Intersection;22;0;One-Way, Not Divided;1 lane;0;#NULL!;#NULL!;Smooth Asphalt;#NULL!;T-Intersection;Crossing Paths - Other Circumstances;Local Street;C: Possible Injury;Guilford;30;Clear;#NULL!;0-5 mph;20 - 25  MPH;2012;Daylight;30-39
34.2308467673, -77.8771023005;"{""type"": ""Point"", ""coordinates"": [-77.8771023004727, 34.230846767261355]}";White;Wilmington;Travel Lane;2;17;Urban (>70% Developed);Male;Van;0;#NULL!;0;0;White;No;0;25-29;Motorist Drive Out - Right Turn on Red;None;No;No;Dry;0;Urban;No;20OCT2012;0;17:49;Female;No;Industrial;B: Evident Injury;Yes;O: No Injury;2603;October;0;Straight - Level;Coastal;With Traffic;Stop And Go Signal;Saturday;Intersection;28;0;Two-Way, Not Divided;4 lanes;0;#NULL!;#NULL!;Coarse Asphalt;#NULL!;No Special Feature;Motorist Failed to Yield - Signalized Intersection;Local Street;B: Evident Injury;New Hanover;48;Clear;#NULL!;11-15 mph;40 - 45  MPH;2012;Dusk;40-49
35.0007369027, -78.9001026475;"{""type"": ""Point"", ""coordinates"": [-78.9001026474507, 35.00073690265706]}";Black;None - Rural Crash;Travel Lane;2;16;Rural (<30% Developed);Male;Passenger Car;0;#NULL!;0;0;Black;No;0;50-59;Head-On - Bicyclist;None;No;No;Dry;0;Rural;No;26OCT2012;0;16:04;Male;No;Farms, Woods, Pastures;A: Disabling Injury;Yes;O: No Injury;2575;October;0;Straight - Level;Coastal;Facing Traffic;No Control Present;Friday;Non-Intersection;59;0;Two-Way, Divided, Unprotected Median;4 lanes;0;#NULL!;#NULL!;Coarse Asphalt;#NULL!;No Special Feature;Head-On;State Secondary Route;A: Disabling Injury;Cumberland;63;Clear;#NULL!;36-40 mph;40 - 45  MPH;2012;Daylight;60-69
36.1423871105, -79.9254030178;"{""type"": ""Point"", ""coordinates"": [-79.92540301776067, 36.1423871104986]}";White;Greensboro;Travel Lane;2;16;Urban (>70% Developed);Male;Sport Utility;0;#NULL!;0;0;White;No;0;11-15;Motorist Drive Out - Other Midblock;Other;No;No;Wet;0;Urban;No;12NOV2012;0;16:42;Male;No;Residential;O: No Injury;Yes;O: No Injury;2615;November;0;Straight - Level;Piedmont;Facing Traffic;No Control Present;Monday;Non-Intersection;13;0;Two-Way, Divided, Positive Median Barrier;2 lanes;0;#NULL!;#NULL!;Smooth Asphalt;#NULL!;Other;Motorist Failed to Yield - Midblock;Local Street;O: No Injury;Guilford;48;Cloudy;#NULL!;0-5 mph;20 - 25  MPH;2012;Daylight;40-49
36.218087059, -81.6830035488;"{""type"": ""Point"", ""coordinates"": [-81.6830035487531, 36.2180870589779]}";White;Boone;Travel Lane;2;13;Urban (>70% Developed);Male;Passenger Car;0;#NULL!;0;0;White;No;0;25-29;Bicyclist Overtaking - Passing on Right;None;No;No;Dry;0;Urban;No;19OCT2012;0;13:38;Female;No;Residential;O: No Injury;No;O: No Injury;2598;October;0;Straight - Level;Mountains;With Traffic;Double Yellow Line, No Passing Zone;Friday;Intersection;28;0;Two-Way, Not Divided;2 lanes;0;#NULL!;#NULL!;Smooth Asphalt;#NULL!;T-Intersection;Bicyclist Overtaking Motorist;US Route;O: No Injury;Watauga;19;Clear;#NULL!;Unknown;Unknown;2012;Daylight;0-19
35.3518669143, -80.6889032023;"{""type"": ""Point"", ""coordinates"": [-80.68890320226772, 35.351866914313256]}";White;Concord;Travel Lane;2;20;Urban (>70% Developed);Male;Sport Utility;0;#NULL!;0;0;White;No;0;20-24;Head-On - Bicyclist;None;No;No;Dry;0;Urban;No;13OCT2012;0;20:47;Male;No;Commercial;B: Evident Injury;Yes;O: No Injury;2579;October;0;Straight - Level;Piedmont;Facing Traffic;Stop Sign;Saturday;Intersection;21;0;Two-Way, Divided, Unprotected Median;4 lanes;0;#NULL!;#NULL!;Coarse Asphalt;#NULL!;Driveway, Public;Head-On;US Route;B: Evident Injury;Cabarrus;21;Clear;#NULL!;11-15 mph;40 - 45  MPH;2012;Dark - Lighted Roadway;20-24
35.7161370909, -77.919402387;"{""type"": ""Point"", ""coordinates"": [-77.91940238704358, 35.71613709091073]}";Black;None - Rural Crash;Travel Lane;2;17;Mixed (30% To 70% Developed);Male;Passenger Car;0;#NULL!;0;0;Black;No;0;50-59;Head-On - Unknown;None;No;No;Dry;0;Rural;No;11OCT2012;0;17:51;Male;No;Residential;B: Evident Injury;Yes;O: No Injury;2552;October;0;Curve - Bottom;Coastal;With Traffic;No Control Present;Thursday;Intersection;59;0;Two-Way, Not Divided;2 lanes;0;#NULL!;#NULL!;Coarse Asphalt;#NULL!;No Special Feature;Head-On;Local Street;B: Evident Injury;Wilson;44;Clear;#NULL!;21-25 mph;30 - 35  MPH;2012;Daylight;40-49
35.181706846, -81.5533034501;"{""type"": ""Point"", ""coordinates"": [-81.55330345012223, 35.181706846047454]}";White;None - Rural Crash;Travel Lane;2;18;Rural (<30% Developed);Male;Passenger Car;0;#NULL!;0;0;White;No;0;16-19;Motorist Overtaking - Undetected Bicyclist;None;No;No;Dry;0;Rural;No;25NOV2012;0;18:06;Female;No;Residential;C: Possible Injury;Yes;O: No Injury;2652;November;0;Straight - Level;Mountains;With Traffic;Double Yellow Line, No Passing Zone;Sunday;Intersection-Related;18;0;Two-Way, Not Divided;2 lanes;0;#NULL!;#NULL!;Smooth Asphalt;#NULL!;No Special Feature;Motorist Overtaking Bicyclist;State Secondary Route;C: Possible Injury;Cleveland;50;Clear;#NULL!;41-45 mph;40 - 45  MPH;2012;Dark - Roadway Not Lighted;50-59
35.7612070719, -78.7440026401;"{""type"": ""Point"", ""coordinates"": [-78.74400264005054, 35.76120707193887]}";White;Cary;Sidewalk / Crosswalk / Driveway Crossing;2;9;Urban (>70% Developed);Male;Passenger Car;0;#NULL!;0;0;Black;No;0;30-39;Motorist Drive Out - Sign-Controlled Intersection;None;No;No;Dry;0;Urban;No;05NOV2012;0;9:30;Male;No;Commercial;B: Evident Injury;Yes;O: No Injury;2645;November;0;Curve - Hillcrest;Piedmont;Facing Traffic;Stop Sign;Monday;Intersection-Related;33;0;Two-Way, Divided, Unprotected Median;5 lanes;0;#NULL!;#NULL!;Smooth Asphalt;#NULL!;No Special Feature;Motorist Failed to Yield - Sign-Controlled Intersection;Local Street;B: Evident Injury;Wake;40;Clear;#NULL!;0-5 mph;Unknown;2012;Daylight;40-49
36.0328271194, -79.0383027434;"{""type"": ""Point"", ""coordinates"": [-79.03830274340154, 36.03282711935475]}";White;None - Rural Crash;Travel Lane;2;16;Rural (<30% Developed);Male;Passenger Car;0;#NULL!;0;0;White;No;0;20-24;Motorist Drive Out - Sign-Controlled Intersection;None;No;No;Dry;0;Rural;No;03DEC2012;0;16:00;Male;No;Farms, Woods, Pastures;B: Evident Injury;Yes;O: No Injury;2684;December;0;Straight - Grade;Piedmont;With Traffic;Stop Sign;Monday;Intersection;22;0;Two-Way, Not Divided;2 lanes;0;#NULL!;#NULL!;Smooth Asphalt;#NULL!;T-Intersection;Motorist Failed to Yield - Sign-Controlled Intersection;State Secondary Route;B: Evident Injury;Orange;40;Clear;#NULL!;21-25 mph;40 - 45  MPH;2012;Daylight;40-49
36.2398870956, -80.8489033003;"{""type"": ""Point"", ""coordinates"": [-80.84890330025661, 36.239887095639865]}";White;Jonesville;Travel Lane;2;11;Mixed (30% To 70% Developed);Male;Sport Utility;0;#NULL!;0;0;White;No;0;16-19;Bicyclist Ride Through - Sign-Controlled Intersection;None;No;No;Wet;0;Rural;No;27NOV2012;0;11:15;Female;No;Residential;C: Possible Injury;No;O: No Injury;2661;November;0;Straight - Grade;Mountains;With Traffic;No Control Present;Tuesday;Intersection;17;0;Two-Way, Not Divided;2 lanes;0;#NULL!;#NULL!;Smooth Asphalt;#NULL!;T-Intersection;Bicyclist Failed to Yield - Sign-Controlled Intersection;Local Street;C: Possible Injury;Yadkin;43;Rain;#NULL!;31-35 mph;30 - 35  MPH;2012;Daylight;40-49
36.0663970983, -79.8063029771;"{""type"": ""Point"", ""coordinates"": [-79.80630297706757, 36.06639709830237]}";White;Greensboro;Travel Lane;2;11;Urban (>70% Developed);Male;Passenger Car;0;#NULL!;0;0;Other;No;0;16-19;Motorist Overtaking - Bicyclist Swerved;None;No;No;Dry;0;Urban;No;15NOV2012;0;11:02;Female;No;Institutional;C: Possible Injury;No;O: No Injury;2681;November;0;Straight - Level;Piedmont;With Traffic;No Control Present;Thursday;Non-Intersection;19;0;Two-Way, Divided, Unprotected Median;3 lanes;0;#NULL!;#NULL!;Smooth Asphalt;#NULL!;No Special Feature;Motorist Overtaking Bicyclist;Local Street;C: Possible Injury;Guilford;24;Cloudy;#NULL!;21-25 mph;20 - 25  MPH;2012;Daylight;20-24
35.4738568537, -82.9859038906;"{""type"": ""Point"", ""coordinates"": [-82.9859038905906, 35.47385685366895]}";White;Waynesville;Travel Lane;2;18;Urban (>70% Developed);Male;Passenger Car;0;#NULL!;0;0;White;No;0;11-15;Bicyclist Ride Through - Sign-Controlled Intersection;None;No;No;Dry;0;Urban;No;09OCT2012;0;18:26;Female;No;Residential;A: Disabling Injury;No;O: No Injury;2685;October;0;Straight - Grade;Mountains;With Traffic;Stop Sign;Tuesday;Intersection;12;0;Two-Way, Not Divided;Unknown;0;#NULL!;#NULL!;Smooth Asphalt;#NULL!;T-Intersection;Bicyclist Failed to Yield - Sign-Controlled Intersection;Local Street;A: Disabling Injury;Haywood;59;Clear;#NULL!;16-20 mph;20 - 25  MPH;2012;Daylight;50-59
34.690476813, -79.529702821;"{""type"": ""Point"", ""coordinates"": [-79.5297028209826, 34.69047681302554]}";Black;None - Rural Crash;Unknown;2;22;Urban (>70% Developed);Male;Pickup;0;#NULL!;0;0;White;No;0;50-59;Motorist Overtaking - Other / Unknown;None;Yes;Yes;Dry;0;Rural;No;29NOV2012;0;22:35;Male;No;Residential;B: Evident Injury;Yes;O: No Injury;2677;November;0;Straight - Level;Coastal;With Traffic;No Control Present;Thursday;Non-Intersection;50;0;Two-Way, Not Divided;2 lanes;0;#NULL!;#NULL!;Coarse Asphalt;#NULL!;No Special Feature;Motorist Overtaking Bicyclist;State Secondary Route;B: Evident Injury;Scotland;24;Clear;#NULL!;51-55 mph;50 - 55  MPH;2012;Dark - Roadway Not Lighted;20-24
34.6843668235, -79.1885027178;"{""type"": ""Point"", ""coordinates"": [-79.1885027177645, 34.68436682345872]}";Native American;Pembroke;Travel Lane;2;14;Urban (>70% Developed);Male;Passenger Car;0;#NULL!;0;0;Native American;No;0;40-49;Head-On - Bicyclist;None;No;No;Dry;0;Rural;No;30NOV2012;0;14:50;Female;No;Commercial;C: Possible Injury;No;O: No Injury;2682;November;0;Straight - Level;Coastal;Facing Traffic;No Control Present;Friday;Intersection;46;0;Two-Way, Divided, Unprotected Median;2 lanes;0;#NULL!;#NULL!;Smooth Asphalt;#NULL!;No Special Feature;Head-On;Local Street;C: Possible Injury;Robeson;39;Clear;#NULL!;26-30 mph;30 - 35  MPH;2012;Daylight;30-39
35.9525971305, -78.2453024984;"{""type"": ""Point"", ""coordinates"": [-78.24530249838165, 35.952597130492464]}";White;Bunn;Travel Lane;2;18;Rural (<30% Developed);Male;Passenger Car;0;#NULL!;0;0;Black;No;0;16-19;Bicyclist Lost Control - Other / Unknown;None;No;No;Dry;0;Rural;No;21OCT2012;0;18:06;Male;No;Commercial;O: No Injury;No;O: No Injury;2667;October;0;Straight - Level;Piedmont;With Traffic;No Control Present;Sunday;Intersection;18;0;Two-Way, Divided, Unprotected Median;Unknown;0;#NULL!;#NULL!;Smooth Asphalt;#NULL!;T-Intersection;Loss of Control / Turning Error;Local Street;Unknown Injury;Franklin;46;Clear;#NULL!;Unknown;Unknown;2012;Daylight;40-49
35.7548270754, -78.6148025997;"{""type"": ""Point"", ""coordinates"": [-78.61480259971164, 35.7548270754135]}";Black;Raleigh;Non-Roadway;2;14;Urban (>70% Developed);Male;Sport Utility;0;#NULL!;0;0;Black;No;0;20-24;Non-Roadway;None;No;No;Dry;0;Urban;No;23NOV2012;0;14:44;Male;No;Commercial;C: Possible Injury;Yes;O: No Injury;2665;November;0;Straight - Level;Piedmont;Not Applicable;No Control Present;Friday;Non-Roadway;20;0;Two-Way, Not Divided;2 lanes;0;#NULL!;#NULL!;Smooth Asphalt;#NULL!;No Special Feature;Non-Roadway;Public Vehicular Area;C: Possible Injury;Wake;39;Cloudy;#NULL!;11-15 mph;5 - 15 MPH;2012;Daylight;30-39
35.108146861, -80.7292032016;"{""type"": ""Point"", ""coordinates"": [-80.72920320161776, 35.10814686096576]}";White;Matthews;Sidewalk / Crosswalk / Driveway Crossing;2;19;Urban (>70% Developed);Male;Pickup;0;#NULL!;0;0;White;No;0;11-15;Bicyclist Ride Out - Signalized  Intersection;None;No;No;Dry;0;Urban;No;30JAN2011;0;19:58;Male;No;Residential;B: Evident Injury;Yes;O: No Injury;2791;January;0;Straight - Level;Piedmont;With Traffic;Stop And Go Signal;Sunday;Intersection;15;0;Two-Way, Not Divided;3 lanes;0;#NULL!;#NULL!;Smooth Asphalt;#NULL!;No Special Feature;Bicyclist Failed to Yield - Signalized Intersection;Local Street;B: Evident Injury;Mecklenburg;54;Clear;#NULL!;31-35 mph;30 - 35  MPH;2011;Dark - Lighted Roadway;50-59
35.0955968534, -80.8635032405;"{""type"": ""Point"", ""coordinates"": [-80.86350324047756, 35.095596853433186]}";Hispanic;Pineville;Sidewalk / Crosswalk / Driveway Crossing;2;9;Urban (>70% Developed);Male;Passenger Car;0;#NULL!;0;0;White;No;0;50-59;Motorist Drive Out - Sign-Controlled Intersection;None;No;No;Dry;0;Rural;No;07JAN2011;0;9:58;Male;No;Commercial;B: Evident Injury;Yes;O: No Injury;2790;January;0;Straight - Level;Piedmont;Facing Traffic;Stop Sign;Friday;Intersection;57;0;Two-Way, Not Divided;2 lanes;0;#NULL!;#NULL!;Smooth Asphalt;#NULL!;T-Intersection;Motorist Failed to Yield - Sign-Controlled Intersection;Local Street;B: Evident Injury;Mecklenburg;46;Cloudy;#NULL!;Unknown;30 - 35  MPH;2011;Daylight;40-49
35.7721070776, -78.6386026089;"{""type"": ""Point"", ""coordinates"": [-78.63860260892373, 35.77210707758422]}";White;None - Rural Crash;Travel Lane;2;16;Mixed (30% To 70% Developed);Male;Sport Utility;0;#NULL!;0;0;Black;No;0;60-69;Motorist Overtaking - Undetected Bicyclist;None;No;No;Dry;0;Rural;No;06JAN2011;0;16:46;Female;No;Residential;B: Evident Injury;Yes;O: No Injury;2771;January;0;Straight - Level;Piedmont;With Traffic;Double Yellow Line, No Passing Zone;Thursday;Non-Intersection;62;0;Two-Way, Not Divided;2 lanes;0;#NULL!;#NULL!;Smooth Asphalt;#NULL!;No Special Feature;Motorist Overtaking Bicyclist;State Secondary Route;B: Evident Injury;Wake;63;Clear;#NULL!;26-30 mph;40 - 45  MPH;2011;Daylight;60-69
36.0681970999, -79.7901029725;"{""type"": ""Point"", ""coordinates"": [-79.79010297252093, 36.06819709987923]}";White;Greensboro;Travel Lane;2;13;Urban (>70% Developed);Male;Passenger Car;0;#NULL!;0;0;White;No;0;30-39;Motorist Drive Out - Sign-Controlled Intersection;None;No;No;Dry;0;Urban;No;18JAN2011;0;13:19;Male;No;Commercial;B: Evident Injury;No;B: Evident Injury;2781;January;0;Straight - Grade;Piedmont;With Traffic;Stop Sign;Tuesday;Intersection;34;0;Two-Way, Not Divided;3 lanes;0;#NULL!;#NULL!;Smooth Asphalt;#NULL!;T-Intersection;Motorist Failed to Yield - Sign-Controlled Intersection;Local Street;B: Evident Injury;Guilford;45;Cloudy;#NULL!;6-10 mph;20 - 25  MPH;2011;Daylight;40-49
35.5200270351, -78.3103024952;"{""type"": ""Point"", ""coordinates"": [-78.31030249522001, 35.52002703508187]}";White;Smithfield;Travel Lane;2;12;Urban (>70% Developed);Male;Sport Utility;0;#NULL!;0;0;Black;No;0;50-59;Motorist Right Turn - Same Direction;None;No;No;Dry;0;Urban;No;19JAN2011;0;12:11;Female;No;Commercial;O: No Injury;No;O: No Injury;2782;January;0;Straight - Level;Coastal;With Traffic;Stop And Go Signal;Wednesday;Non-Intersection;54;0;Two-Way, Not Divided;5 lanes;0;#NULL!;#NULL!;Smooth Asphalt;#NULL!;Driveway, Public;Motorist Right Turn / Merge;US Route;O: No Injury;Johnston;45;Clear;#NULL!;6-10 mph;30 - 35  MPH;2011;Daylight;40-49
35.9131870936, -79.0588027428;"{""type"": ""Point"", ""coordinates"": [-79.05880274283946, 35.91318709357995]}";White;Chapel Hill;Travel Lane;2;17;Urban (>70% Developed);Male;Van;0;#NULL!;0;0;White;No;0;40-49;Motorist Right Turn - Same Direction;None;No;No;Dry;0;Urban;No;02FEB2011;0;17:22;Male;No;Commercial;O: No Injury;Yes;O: No Injury;2792;February;0;Straight - Level;Piedmont;With Traffic;Stop And Go Signal;Wednesday;Intersection;48;0;Two-Way, Not Divided;2 lanes;0;#NULL!;#NULL!;Smooth Asphalt;#NULL!;Four-Way Intersection;Motorist Right Turn / Merge;Local Street;Unknown Injury;Orange;28;Clear;#NULL!;0-5 mph;20 - 25  MPH;2011;Daylight;25-29
35.1997408768, -80.8417332396;"{""type"": ""Point"", ""coordinates"": [-80.84173323956799, 35.19974087678364]}";White;Charlotte;Bike Lane / Paved Shoulder;2;16;Urban (>70% Developed);Male;Sport Utility;0;#NULL!;0;0;White;No;0;30-39;Motorist Right Turn - Same Direction;None;No;No;Dry;0;Urban;No;21OCT2007;0;16:02;Female;No;Commercial;B: Evident Injury;Yes;O: No Injury;7010;October;0;Straight - Level;Piedmont;With Traffic;No Control Present;Sunday;Intersection;34;0;Two-Way, Divided, Unprotected Median;4 lanes;0;#NULL!;#NULL!;Smooth Asphalt;#NULL!;No Special Feature;Motorist Right Turn / Merge;Local Street;B: Evident Injury;Mecklenburg;45;Clear;#NULL!;31-35 mph;30 - 35  MPH;2007;Daylight;40-49
34.7316739182, -76.6381319484;"{""type"": ""Point"", ""coordinates"": [-76.6381319484268, 34.73167391817758]}";White;Beaufort;Bike Lane / Paved Shoulder;2;12;Urban (>70% Developed);Male;Sport Utility;0;#NULL!;0;0;White;No;0;30-39;Motorist Overtaking - Other / Unknown;None;No;No;Dry;0;Rural;No;19OCT2007;0;12:40;Female;No;Commercial;C: Possible Injury;Yes;O: No Injury;7013;October;0;Straight - Level;Coastal;With Traffic;No Control Present;Friday;Intersection;39;0;Two-Way, Divided, Unprotected Median;3 lanes;0;#NULL!;#NULL!;Smooth Asphalt;#NULL!;No Special Feature;Motorist Overtaking Bicyclist;Local Street;C: Possible Injury;Carteret;31;Clear;#NULL!;26-30 mph;30 - 35  MPH;2007;Daylight;30-39
35.163247, -77.0585820971;"{""type"": ""Point"", ""coordinates"": [-77.05858209712514, 35.16324700001412]}";Hispanic;None - Rural Crash;Driveway / Alley;2;13;Rural (<30% Developed);Male;Van;0;#NULL!;0;0;White;No;0;6-10;Bicyclist Ride Out - Residential Driveway;None;No;No;Dry;0;Rural;No;19JUL2007;0;13:51;Female;No;Farms, Woods, Pastures;C: Possible Injury;Yes;O: No Injury;7020;July;0;Straight - Level;Coastal;Not Applicable;No Control Present;Thursday;Non-Intersection;8;0;Two-Way, Not Divided;2 lanes;0;#NULL!;#NULL!;Coarse Asphalt;#NULL!;Driveway, Private;Bicyclist Failed to Yield - Midblock;State Secondary Route;C: Possible Injury;Craven;32;Clear;#NULL!;41-45 mph;40 - 45  MPH;2007;Daylight;30-39
35.0654329125, -79.0136226852;"{""type"": ""Point"", ""coordinates"": [-79.01362268519829, 35.06543291250949]}";Black;Fayetteville;Driveway / Alley;2;16;Urban (>70% Developed);Female;Sport Utility;0;#NULL!;0;0;Black;No;0;6-10;Bicyclist Ride Out - Commercial Driveway / Alley;None;No;No;Dry;0;Urban;No;20JUL2007;0;16:49;Female;No;Commercial;C: Possible Injury;Yes;O: No Injury;7022;July;0;Straight - Level;Coastal;Not Applicable;No Control Present;Friday;Non-Intersection;9;0;Two-Way, Not Divided;4 lanes;0;#NULL!;#NULL!;Smooth Asphalt;#NULL!;No Special Feature;Bicyclist Failed to Yield - Midblock;Local Street;C: Possible Injury;Cumberland;40;Cloudy;#NULL!;16-20 mph;40 - 45  MPH;2007;Daylight;40-49
36.1520151194, -79.7221479566;"{""type"": ""Point"", ""coordinates"": [-79.72214795655024, 36.15201511940612]}";Black;None - Rural Crash;Travel Lane;2;15;Mixed (30% To 70% Developed);Male;Pickup;0;#NULL!;0;0;White;No;0;11-15;Motorist Drive Out - Sign-Controlled Intersection;None;No;No;Dry;0;Rural;No;20JUL2007;0;15:14;Male;No;Residential;B: Evident Injury;No;O: No Injury;7023;July;0;Straight - Grade;Piedmont;Facing Traffic;Stop Sign;Friday;Intersection;14;0;Two-Way, Not Divided;4 lanes;0;#NULL!;#NULL!;Smooth Asphalt;#NULL!;T-Intersection;Motorist Failed to Yield - Sign-Controlled Intersection;State Secondary Route;B: Evident Injury;Guilford;53;Clear;#NULL!;0-5 mph;50 - 55  MPH;2007;Daylight;50-59