Geo Point;Geo Shape;BikeRace;City;BikePos;NumUnits;CrashHour;Locality;BikeSex;DrvrVehTyp;NumBikesNo;BikeAlcDrg;NumBikesBI;RteInvdCd;DrvrRace;Workzone;NumBikesCi;BikeAgeGrp;CrashType;RdDefects;CrashAlcoh;BikeAlcoho;RdConditio;DstncMiFrm;RuralUrban;HitRun;CrashDate;NumBikesUI;CrashTime;DrvrSex;DrvrAlcoho;Developmen;CrashSevr;AmbulanceR;DrvrInjury;OBJECTID;CrashMonth;NumBikesKi;RdCharacte;Region;BikeDir;TraffCntrl;CrashDay;CrashLoc;BikeAge;NumBikesTo;RdConfig;NumLanes;NumBikesAI;DrvrAlcDrg;OnRoad;RdSurface;Towrd_Rd;RdFeature;CrashGrp;RdClass;BikeInjury;County;DrvrAge;Weather;FrmRd;DrvrEstSpd;SpeedLimit;CrashYear;LightCond;DrvrAgeGrp
35.1305068618, -80.8377332346;"{""type"": ""Point"", ""coordinates"": [-80.837733234585, 35.130506861783026]}";White;Charlotte;Sidewalk / Crosswalk / Driveway Crossing;2;19;Urban (>70% Developed);Male;Passenger Car;0;#NULL!;0;0;Black;No;0;40-49;Motorist Drive Out - Sign-Controlled Intersection;None;No;No;Wet;0;Urban;No;25OCT2007;0;19:30;Female;No;Residential;O: No Injury;No;O: No Injury;7025;October;0;Straight - Level;Piedmont;Facing Traffic;Stop Sign;Thursday;Intersection;41;0;Two-Way, Divided, Unprotected Median;2 lanes;0;#NULL!;#NULL!;Smooth Asphalt;#NULL!;T-Intersection;Motorist Failed to Yield - Sign-Controlled Intersection;Local Street;O: No Injury;Mecklenburg;37;Rain;#NULL!;0-5 mph;30 - 35  MPH;2007;Dark - Lighted Roadway;30-39
35.7347410647, -78.7787276486;"{""type"": ""Point"", ""coordinates"": [-78.77872764860437, 35.73474106466495]}";Black;Cary;Sidewalk / Crosswalk / Driveway Crossing;2;17;Urban (>70% Developed);Male;Sport Utility;0;#NULL!;0;0;White;No;0;11-15;Motorist Drive Out - Sign-Controlled Intersection;None;No;No;Wet;0;Urban;No;26OCT2007;0;17:09;Male;No;Commercial;O: No Injury;Yes;O: No Injury;7029;October;0;Straight - Level;Piedmont;Facing Traffic;Stop Sign;Friday;Intersection;11;0;Two-Way, Divided, Unprotected Median;2 lanes;0;#NULL!;#NULL!;Smooth Asphalt;#NULL!;Four-Way Intersection;Motorist Failed to Yield - Sign-Controlled Intersection;Local Street;O: No Injury;Wake;37;Rain;#NULL!;0-5 mph;30 - 35  MPH;2007;Daylight;30-39
35.2897097843, -83.7723041098;"{""type"": ""Point"", ""coordinates"": [-83.77230410981817, 35.28970978432431]}";White;None - Rural Crash;Travel Lane;2;8;Rural (<30% Developed);Male;Passenger Car;0;#NULL!;0;0;Native American;No;0;30-39;Motorist Drive Out - Sign-Controlled Intersection;Shoulders Low, Soft Or High;No;No;Dry;0;Rural;No;22JUL2007;0;8:15;Female;No;Farms, Woods, Pastures;C: Possible Injury;Yes;O: No Injury;7032;July;0;Straight - Level;Mountains;With Traffic;Stop Sign;Sunday;Intersection;32;0;Two-Way, Not Divided;2 lanes;0;#NULL!;#NULL!;Smooth Asphalt;#NULL!;T-Intersection;Motorist Failed to Yield - Sign-Controlled Intersection;US Route;C: Possible Injury;Graham;24;Clear;#NULL!;16-20 mph;50 - 55  MPH;2007;Daylight;20-24
35.9599341086, -78.9106167005;"{""type"": ""Point"", ""coordinates"": [-78.91061670051681, 35.95993410856808]}";Black;Durham;Sidewalk / Crosswalk / Driveway Crossing;2;19;Urban (>70% Developed);Male;Sport Utility;0;#NULL!;0;0;White;No;0;20-24;Motorist Drive Out - Right Turn on Red;None;No;No;Dry;0;Urban;No;31OCT2007;0;19:42;Male;No;Residential;C: Possible Injury;Yes;O: No Injury;7044;October;0;Straight - Level;Piedmont;Unknown;Stop And Go Signal;Wednesday;Intersection;24;0;Two-Way, Not Divided;4 lanes;0;#NULL!;#NULL!;Smooth Asphalt;#NULL!;No Special Feature;Motorist Failed to Yield - Signalized Intersection;Local Street;C: Possible Injury;Durham;44;Clear;#NULL!;0-5 mph;30 - 35  MPH;2007;Dark - Lighted Roadway;40-49
35.768810077, -78.6464326106;"{""type"": ""Point"", ""coordinates"": [-78.6464326106495, 35.76881007699292]}";Black;Raleigh;Sidewalk / Crosswalk / Driveway Crossing;2;16;Urban (>70% Developed);Male;Passenger Car;0;#NULL!;0;0;White;No;0;25-29;Non-Roadway;None;No;No;Dry;0;Urban;No;26JUL2007;0;16:53;Male;No;Residential;O: No Injury;No;O: No Injury;7048;July;0;Straight - Grade;Piedmont;Unknown;No Control Present;Thursday;Non-Roadway;29;0;One-Way, Not Divided;1 lane;0;#NULL!;#NULL!;Smooth Asphalt;#NULL!;No Special Feature;Non-Roadway;Public Vehicular Area;O: No Injury;Wake;23;Clear;#NULL!;6-10 mph;5 - 15 MPH;2007;Daylight;20-24
35.7246240923, -77.929216391;"{""type"": ""Point"", ""coordinates"": [-77.92921639100054, 35.72462409233979]}";Black;Wilson;Travel Lane;2;10;Urban (>70% Developed);Male;Passenger Car;0;#NULL!;0;0;Unknown/Missing;No;0;11-15;Bicyclist Overtaking - Parked Vehicle;None;No;No;Dry;0;Urban;No;26JUL2007;0;10:59;Unknown;Missing;Residential;O: No Injury;No;Unknown Injury;7050;July;0;Straight - Level;Coastal;Unknown;No Control Present;Thursday;Non-Intersection;13;0;Two-Way, Not Divided;2 lanes;0;#NULL!;#NULL!;Coarse Asphalt;#NULL!;No Special Feature;Bicyclist Overtaking Motorist;Local Street;O: No Injury;Wilson;Unknown;Clear;#NULL!;0-5 mph;30 - 35  MPH;2007;Daylight;Unknown
35.9446571449, -77.7764423556;"{""type"": ""Point"", ""coordinates"": [-77.77644235559993, 35.94465714490552]}";Black;Rocky Mount;Driveway / Alley;2;18;Urban (>70% Developed);Male;Passenger Car;0;#NULL!;0;0;Black;No;0;50-59;Motorist Right Turn - Opposite Direction;None;No;No;Dry;0;Urban;No;26JUL2007;0;18:58;Female;No;Residential;C: Possible Injury;Yes;O: No Injury;7052;July;0;Straight - Level;Coastal;Not Applicable;Stop And Go Signal;Thursday;Non-Intersection;52;0;Two-Way, Not Divided;5 lanes;0;#NULL!;#NULL!;Smooth Asphalt;#NULL!;No Special Feature;Motorist Right Turn / Merge;Local Street;C: Possible Injury;Edgecombe;22;Clear;#NULL!;0-5 mph;30 - 35  MPH;2007;Daylight;20-24
35.2514148802, -81.0427283026;"{""type"": ""Point"", ""coordinates"": [-81.04272830262717, 35.251414880215975]}";White;Belmont;Sidewalk / Crosswalk / Driveway Crossing;2;9;Urban (>70% Developed);Male;Passenger Car;0;#NULL!;0;0;White;No;0;40-49;Motorist Drive Out - Sign-Controlled Intersection;None;No;No;Dry;0;Urban;No;29JUL2007;0;9:51;Female;No;Commercial;B: Evident Injury;Yes;O: No Injury;7067;July;0;Straight - Grade;Piedmont;Facing Traffic;Stop Sign;Sunday;Intersection;42;0;Two-Way, Not Divided;Unknown;0;#NULL!;#NULL!;Smooth Asphalt;#NULL!;Driveway, Public;Motorist Failed to Yield - Sign-Controlled Intersection;Local Street;B: Evident Injury;Gaston;40;Clear;#NULL!;0-5 mph;5 - 15 MPH;2007;Daylight;40-49
34.8682868121, -80.6665931699;"{""type"": ""Point"", ""coordinates"": [-80.66659316992842, 34.86828681207365]}";Black;None - Rural Crash;Travel Lane;2;9;Rural (<30% Developed);Male;Passenger Car;0;#NULL!;0;0;White;No;0;16-19;Motorist Overtaking - Bicyclist Swerved;None;No;No;Dry;0;Rural;No;31JUL2007;0;9:01;Female;No;Farms, Woods, Pastures;C: Possible Injury;Yes;O: No Injury;7076;July;0;Straight - Level;Piedmont;With Traffic;No Control Present;Tuesday;Non-Intersection;16;0;Two-Way, Not Divided;2 lanes;0;#NULL!;#NULL!;Smooth Asphalt;#NULL!;No Special Feature;Motorist Overtaking Bicyclist;NC Route;C: Possible Injury;Union;45;Cloudy;#NULL!;51-55 mph;50 - 55  MPH;2007;Daylight;40-49
35.8877710915, -78.9575427112;"{""type"": ""Point"", ""coordinates"": [-78.95754271123647, 35.88777109146376]}";White;None - Rural Crash;Travel Lane;2;11;Rural (<30% Developed);Male;Passenger Car;0;#NULL!;0;0;White;No;0;50-59;Motorist Overtaking - Bicyclist Swerved;None;No;No;Dry;0;Rural;No;04AUG2007;0;11:15;Female;No;Farms, Woods, Pastures;B: Evident Injury;Yes;O: No Injury;7087;August;0;Straight - Level;Piedmont;With Traffic;Double Yellow Line, No Passing Zone;Saturday;Non-Intersection;55;0;Two-Way, Not Divided;2 lanes;0;#NULL!;#NULL!;Smooth Asphalt;#NULL!;No Special Feature;Motorist Overtaking Bicyclist;State Secondary Route;B: Evident Injury;Durham;46;Clear;#NULL!;11-15 mph;40 - 45  MPH;2007;Daylight;40-49
35.1652289358, -78.973232678;"{""type"": ""Point"", ""coordinates"": [-78.97323267796497, 35.165228935848326]}";Hispanic;Spring Lake;Driveway / Alley;2;20;Urban (>70% Developed);Male;Passenger Car;0;#NULL!;0;0;Black;No;0;40-49;Bicyclist Ride Out - Commercial Driveway / Alley;None;No;No;Dry;0;Urban;No;09NOV2007;0;20:34;Male;No;Commercial;B: Evident Injury;Yes;O: No Injury;7089;November;0;Straight - Level;Coastal;Not Applicable;No Control Present;Friday;Non-Intersection;45;0;Two-Way, Not Divided;2 lanes;0;#NULL!;#NULL!;Coarse Asphalt;#NULL!;No Special Feature;Bicyclist Failed to Yield - Midblock;Local Street;B: Evident Injury;Cumberland;42;Clear;#NULL!;41-45 mph;20 - 25  MPH;2007;Dark - Lighted Roadway;40-49
34.9824168886, -79.1918027344;"{""type"": ""Point"", ""coordinates"": [-79.19180273439177, 34.982416888551214]}";Black;None - Rural Crash;Bike Lane / Paved Shoulder;2;21;Mixed (30% To 70% Developed);Male;Passenger Car;0;#NULL!;0;0;White;No;0;40-49;Motorist Overtaking - Other / Unknown;None;No;No;Dry;0;Rural;No;05AUG2007;0;21:15;Male;No;Commercial;C: Possible Injury;Yes;O: No Injury;7090;August;0;Straight - Grade;Coastal;With Traffic;Double Yellow Line, No Passing Zone;Sunday;Non-Intersection;44;0;Two-Way, Not Divided;2 lanes;0;#NULL!;#NULL!;Smooth Asphalt;#NULL!;No Special Feature;Motorist Overtaking Bicyclist;US Route;C: Possible Injury;Hoke;70+;Clear;#NULL!;36-40 mph;40 - 45  MPH;2007;Dark - Roadway Not Lighted;70+
35.7422570588, -79.0024927166;"{""type"": ""Point"", ""coordinates"": [-79.00249271662373, 35.74225705875917]}";White;None - Rural Crash;Travel Lane;2;13;Rural (<30% Developed);Male;Unknown;0;#NULL!;0;0;Unknown/Missing;No;0;25-29;Motorist Overtaking - Misjudged Space;None;No;No;Dry;0;Rural;Yes;06AUG2007;0;13:51;Unknown;Missing;Farms, Woods, Pastures;C: Possible Injury;No;Unknown Injury;7093;August;0;Straight - Level;Piedmont;With Traffic;Double Yellow Line, No Passing Zone;Monday;Non-Intersection;27;0;Two-Way, Not Divided;2 lanes;0;#NULL!;#NULL!;Smooth Asphalt;#NULL!;No Special Feature;Motorist Overtaking Bicyclist;State Secondary Route;C: Possible Injury;Chatham;Unknown;Clear;#NULL!;Unknown;50 - 55  MPH;2007;Daylight;Unknown
36.0448571406, -78.5239965886;"{""type"": ""Point"", ""coordinates"": [-78.52399658856852, 36.044857140629894]}";White;None - Rural Crash;Unknown;2;17;Rural (<30% Developed);Male;Pickup;0;#NULL!;0;0;White;No;0;6-10;Bicyclist Ride Out - Midblock - Unknown;None;No;No;Dry;0;Rural;No;07AUG2007;0;17:59;Male;No;Residential;B: Evident Injury;Yes;O: No Injury;7096;August;0;Straight - Level;Piedmont;Not Applicable;No Control Present;Tuesday;Non-Intersection;6;0;Two-Way, Not Divided;2 lanes;0;#NULL!;#NULL!;Coarse Asphalt;#NULL!;No Special Feature;Bicyclist Failed to Yield - Midblock;State Secondary Route;B: Evident Injury;Franklin;49;Clear;#NULL!;6-10 mph;20 - 25  MPH;2007;Daylight;40-49
36.3016372745, -76.2264268994;"{""type"": ""Point"", ""coordinates"": [-76.22642689943858, 36.30163727452262]}";White;Elizabeth City;Sidewalk / Crosswalk / Driveway Crossing;2;18;Urban (>70% Developed);Female;Passenger Car;0;#NULL!;0;0;White;No;0;6-10;Bicyclist Ride Out - Parallel Path;None;No;No;Wet;0;Urban;No;09AUG2007;0;18:17;Female;No;Residential;Unknown Injury;Yes;Unknown Injury;7108;August;0;Straight - Level;Coastal;Unknown;Stop Sign;Thursday;Non-Intersection;10;0;Two-Way, Not Divided;2 lanes;0;#NULL!;#NULL!;Smooth Asphalt;#NULL!;No Special Feature;Parallel Paths - Other Circumstances;Local Street;Unknown Injury;Pasquotank;47;Cloudy;#NULL!;6-10 mph;20 - 25  MPH;2007;Daylight;40-49
35.5472100836, -77.0515461145;"{""type"": ""Point"", ""coordinates"": [-77.05154611446466, 35.54721008364514]}";Black;Washington;Travel Lane;2;14;Urban (>70% Developed);Male;Unknown;0;#NULL!;0;0;Unknown/Missing;No;0;50-59;Bicyclist Ride Through - Sign-Controlled Intersection;None;No;No;Dry;0;Urban;Yes;10AUG2007;0;14:15;Unknown;Missing;Commercial;B: Evident Injury;No;Unknown Injury;7111;August;0;Straight - Level;Coastal;With Traffic;Stop Sign;Friday;Intersection;55;0;Two-Way, Not Divided;2 lanes;0;#NULL!;#NULL!;Coarse Asphalt;#NULL!;T-Intersection;Bicyclist Failed to Yield - Sign-Controlled Intersection;Local Street;B: Evident Injury;Beaufort;Unknown;Clear;#NULL!;31-35 mph;30 - 35  MPH;2007;Daylight;Unknown
35.4811429446, -80.6131771874;"{""type"": ""Point"", ""coordinates"": [-80.61317718741216, 35.48114294456297]}";Unknown/Missing;Kannapolis;Driveway / Alley;2;12;Urban (>70% Developed);Male;Van;0;#NULL!;0;0;White;No;0;40-49;Bicyclist Ride Out - Commercial Driveway / Alley;None;No;No;Dry;0;Urban;No;13AUG2007;0;12:08;Male;No;Commercial;O: No Injury;No;O: No Injury;7114;August;0;Straight - Level;Piedmont;Not Applicable;No Control Present;Monday;Non-Intersection;47;0;Two-Way, Not Divided;2 lanes;0;#NULL!;#NULL!;Smooth Asphalt;#NULL!;No Special Feature;Bicyclist Failed to Yield - Midblock;Local Street;O: No Injury;Cabarrus;32;Clear;#NULL!;26-30 mph;30 - 35  MPH;2007;Daylight;30-39
35.9180971906, -76.2492158872;"{""type"": ""Point"", ""coordinates"": [-76.24921588720056, 35.91809719058312]}";Black;Columbia;Travel Lane;2;20;Urban (>70% Developed);Female;Pickup;0;#NULL!;0;0;White;No;0;16-19;Bicyclist Failed to Clear - Trapped;None;No;No;Dry;0;Rural;No;13AUG2007;0;20:50;Male;No;Residential;B: Evident Injury;Yes;O: No Injury;7123;August;0;Straight - Level;Coastal;Facing Traffic;Stop And Go Signal;Monday;Intersection;17;0;Two-Way, Not Divided;2 lanes;0;#NULL!;#NULL!;Coarse Asphalt;#NULL!;No Special Feature;Bicyclist Failed to Yield - Signalized Intersection;Local Street;B: Evident Injury;Tyrrell;56;Clear;#NULL!;0-5 mph;30 - 35  MPH;2007;Dark - Lighted Roadway;50-59
35.0876268515, -80.8636582401;"{""type"": ""Point"", ""coordinates"": [-80.8636582400911, 35.087626851460456]}";Black;Charlotte;Travel Lane;2;17;Urban (>70% Developed);Male;Passenger Car;0;#NULL!;0;0;White;No;0;16-19;Bicyclist Ride Out - Sign-Controlled Intersection;None;No;No;Dry;0;Urban;No;20NOV2007;0;17:45;Male;No;Commercial;O: No Injury;No;O: No Injury;7124;November;0;Straight - Level;Piedmont;Unknown;No Control Present;Tuesday;Intersection;16;0;Two-Way, Not Divided;4 lanes;0;#NULL!;#NULL!;Smooth Asphalt;#NULL!;T-Intersection;Bicyclist Failed to Yield - Sign-Controlled Intersection;Local Street;O: No Injury;Mecklenburg;25;Clear;#NULL!;31-35 mph;40 - 45  MPH;2007;Dusk;25-29
35.4176768607, -82.4908487417;"{""type"": ""Point"", ""coordinates"": [-82.49084874168655, 35.41767686070417]}";White;None - Rural Crash;Travel Lane;2;17;Mixed (30% To 70% Developed);Male;Sport Utility;0;#NULL!;0;0;White;No;0;6-10;Head-On - Bicyclist;None;No;No;Dry;0;Rural;No;14AUG2007;0;17:16;Male;No;Residential;A: Disabling Injury;Yes;O: No Injury;7126;August;0;Curve - Grade;Mountains;With Traffic;No Control Present;Tuesday;Non-Intersection;9;0;Two-Way, Not Divided;2 lanes;0;#NULL!;#NULL!;Smooth Asphalt;#NULL!;Driveway, Public;Head-On;Public Vehicular Area;A: Disabling Injury;Henderson;46;Clear;#NULL!;0-5 mph;5 - 15 MPH;2007;Daylight;40-49
35.6860369955, -80.4289891432;"{""type"": ""Point"", ""coordinates"": [-80.42898914317381, 35.68603699545873]}";Black;East Spencer;Travel Lane;2;13;Urban (>70% Developed);Male;Sport Utility;0;#NULL!;0;0;Black;No;0;11-15;Bicyclist Ride Through - Sign-Controlled Intersection;None;No;No;Dry;0;Rural;No;14AUG2007;0;13:36;Female;No;Residential;B: Evident Injury;Yes;O: No Injury;7129;August;0;Straight - Grade;Piedmont;Facing Traffic;Stop Sign;Tuesday;Intersection;13;0;Two-Way, Not Divided;2 lanes;0;#NULL!;#NULL!;Coarse Asphalt;#NULL!;No Special Feature;Bicyclist Failed to Yield - Sign-Controlled Intersection;Local Street;B: Evident Injury;Rowan;35;Clear;#NULL!;31-35 mph;30 - 35  MPH;2007;Daylight;30-39
34.2080487652, -77.7963282749;"{""type"": ""Point"", ""coordinates"": [-77.79632827487862, 34.20804876516453]}";Unknown/Missing;Wrightsville Beach;Non-Roadway;2;17;Urban (>70% Developed);Unknown;Passenger Car;0;#NULL!;0;0;Unknown/Missing;No;0;Unknown;Bicyclist Ride Out - Signalized  Intersection;None;No;Missing;Dry;0;Rural;No;18AUG2007;0;17:29;Male;No;Commercial;O: No Injury;Yes;O: No Injury;7143;August;0;Straight - Level;Coastal;Not Applicable;Stop And Go Signal;Saturday;Intersection-Related;Unknown;0;Two-Way, Not Divided;4 lanes;0;#NULL!;#NULL!;Coarse Asphalt;#NULL!;No Special Feature;Bicyclist Failed to Yield - Signalized Intersection;Local Street;Unknown Injury;New Hanover;24;Clear;#NULL!;0-5 mph;30 - 35  MPH;2007;Daylight;20-24
34.6782138225, -79.1914167191;"{""type"": ""Point"", ""coordinates"": [-79.19141671906354, 34.67821382248631]}";Native American;Pembroke;Travel Lane;2;16;Urban (>70% Developed);Male;Passenger Car;0;#NULL!;0;0;Other;No;0;6-10;Bicyclist Ride Through - Signalized Intersection;None;No;No;Dry;0;Rural;No;24AUG2007;0;16:20;Male;No;Commercial;C: Possible Injury;No;O: No Injury;7161;August;0;Straight - Level;Coastal;With Traffic;Stop And Go Signal;Friday;Intersection;10;0;Two-Way, Not Divided;5 lanes;0;#NULL!;#NULL!;Smooth Asphalt;#NULL!;Four-Way Intersection;Bicyclist Failed to Yield - Signalized Intersection;Local Street;C: Possible Injury;Robeson;33;Cloudy;#NULL!;16-20 mph;30 - 35  MPH;2007;Daylight;30-39
35.865054126, -77.825632366;"{""type"": ""Point"", ""coordinates"": [-77.8256323659767, 35.86505412599071]}";White;Sharpsburg;Travel Lane;2;15;Urban (>70% Developed);Female;Passenger Car;0;#NULL!;0;0;Black;No;0;16-19;Bicyclist Ride Through - Sign-Controlled Intersection;None;No;No;Dry;0;Rural;No;18AUG2007;0;15:00;Female;No;Residential;O: No Injury;No;O: No Injury;7163;August;0;Straight - Level;Coastal;With Traffic;Stop Sign;Saturday;Intersection;16;0;Two-Way, Not Divided;2 lanes;0;#NULL!;#NULL!;Smooth Asphalt;#NULL!;No Special Feature;Bicyclist Failed to Yield - Sign-Controlled Intersection;Local Street;O: No Injury;Wilson;55;Clear;#NULL!;0-5 mph;40 - 45  MPH;2007;Daylight;50-59
35.30467885, -82.1641936383;"{""type"": ""Point"", ""coordinates"": [-82.1641936382849, 35.304678849958556]}";White;None - Rural Crash;Travel Lane;2;17;Rural (<30% Developed);Male;Passenger Car;0;#NULL!;0;0;White;No;0;30-39;Motorist Overtaking - Misjudged Space;None;No;No;Dry;0;Rural;No;25AUG2007;0;17:00;Female;No;Farms, Woods, Pastures;B: Evident Injury;Yes;O: No Injury;7168;August;0;Straight - Level;Mountains;With Traffic;No Control Present;Saturday;Non-Intersection;34;0;Two-Way, Not Divided;2 lanes;0;#NULL!;#NULL!;Smooth Asphalt;#NULL!;No Special Feature;Motorist Overtaking Bicyclist;NC Route;B: Evident Injury;Polk;70+;Clear;#NULL!;41-45 mph;50 - 55  MPH;2007;Daylight;70+
35.7678570778, -78.6248326039;"{""type"": ""Point"", ""coordinates"": [-78.62483260389345, 35.76785707776485]}";Hispanic;Raleigh;Unknown;2;14;Urban (>70% Developed);Female;Unknown;0;#NULL!;0;0;Unknown/Missing;No;0;16-19;Motorist Right Turn on Red - Same Direction;None;No;No;Dry;0;Urban;Yes;31AUG2007;0;14:00;Unknown;Missing;Residential;O: No Injury;Yes;Unknown Injury;7179;August;0;Straight - Level;Piedmont;With Traffic;No Control Present;Friday;Intersection;18;0;Two-Way, Not Divided;4 lanes;0;#NULL!;#NULL!;Smooth Asphalt;#NULL!;No Special Feature;Motorist Right Turn / Merge;Local Street;O: No Injury;Wake;Unknown;Clear;#NULL!;0-5 mph;40 - 45  MPH;2007;Daylight;Unknown
34.9790338944, -78.9988326756;"{""type"": ""Point"", ""coordinates"": [-78.99883267564353, 34.979033894414144]}";White;None - Rural Crash;Other;2;4;Mixed (30% To 70% Developed);Male;Unknown;0;#NULL!;0;0;Unknown/Missing;No;0;16-19;Motorist Overtaking - Other / Unknown;None;No;No;Dry;0;Rural;Yes;01SEP2007;0;4:39;Unknown;Missing;Residential;B: Evident Injury;No;Unknown Injury;7181;September;0;Straight - Level;Coastal;With Traffic;Double Yellow Line, No Passing Zone;Saturday;Non-Intersection;16;0;Two-Way, Not Divided;2 lanes;0;#NULL!;#NULL!;Smooth Asphalt;#NULL!;No Special Feature;Motorist Overtaking Bicyclist;State Secondary Route;B: Evident Injury;Cumberland;Unknown;Clear;#NULL!;41-45 mph;40 - 45  MPH;2007;Dark - Lighted Roadway;Unknown
35.7388830558, -79.0574367338;"{""type"": ""Point"", ""coordinates"": [-79.05743673375024, 35.73888305577495]}";White;None - Rural Crash;Travel Lane;4;8;Rural (<30% Developed);Female;Sport Utility;0;#NULL!;0;0;White;No;0;50-59;Unusual Circumstances;None;No;No;Dry;0;Rural;No;31AUG2007;0;8:22;Male;No;Farms, Woods, Pastures;B: Evident Injury;Yes;B: Evident Injury;7184;August;0;Straight - Level;Piedmont;With Traffic;Stop Sign;Friday;Intersection;53;0;Two-Way, Divided, Unprotected Median;2 lanes;0;#NULL!;#NULL!;Coarse Asphalt;#NULL!;Four-Way Intersection;Other / Unusual Circumstances;US Route;B: Evident Injury;Chatham;23;Clear;#NULL!;51-55 mph;50 - 55  MPH;2007;Daylight;20-24
35.5590268892, -82.5147587567;"{""type"": ""Point"", ""coordinates"": [-82.5147587567304, 35.55902688921904]}";White;Asheville;Travel Lane;2;10;Urban (>70% Developed);Female;Passenger Car;0;#NULL!;0;0;White;No;0;20-24;Motorist Drive Out - Sign-Controlled Intersection;None;No;No;Dry;0;Urban;No;02SEP2007;0;10:30;Female;No;Residential;B: Evident Injury;Yes;O: No Injury;7185;September;0;Straight - Bottom;Mountains;With Traffic;Stop Sign;Sunday;Intersection;23;0;Two-Way, Not Divided;2 lanes;0;#NULL!;#NULL!;Coarse Asphalt;#NULL!;Four-Way Intersection;Motorist Failed to Yield - Sign-Controlled Intersection;Local Street;B: Evident Injury;Buncombe;38;Clear;#NULL!;0-5 mph;30 - 35  MPH;2007;Daylight;30-39
35.121363991, -77.0565720941;"{""type"": ""Point"", ""coordinates"": [-77.05657209411628, 35.121363990973926]}";Black;None - Rural Crash;Travel Lane;2;15;Urban (>70% Developed);Male;Van;0;#NULL!;0;0;Black;No;0;6-10;Bicyclist Ride Through - Sign-Controlled Intersection;None;No;No;Dry;0;Rural;No;04SEP2007;0;15:30;Female;No;Residential;B: Evident Injury;No;O: No Injury;7192;September;0;Straight - Level;Coastal;Unknown;Stop Sign;Tuesday;Intersection;7;0;Two-Way, Not Divided;2 lanes;0;#NULL!;#NULL!;Smooth Asphalt;#NULL!;Four-Way Intersection;Bicyclist Failed to Yield - Sign-Controlled Intersection;Local Street;B: Evident Injury;Craven;25;Clear;#NULL!;11-15 mph;20 - 25  MPH;2007;Daylight;25-29
36.1576971027, -80.2050891025;"{""type"": ""Point"", ""coordinates"": [-80.20508910253156, 36.15769710268836]}";Black;Winston-Salem;Travel Lane;2;20;Urban (>70% Developed);Male;Sport Utility;0;#NULL!;0;0;White;No;0;50-59;Bicyclist Ride Through - Sign-Controlled Intersection;None;Yes;Yes;Dry;0;Urban;No;05SEP2007;0;20:05;Male;No;Commercial;B: Evident Injury;Yes;O: No Injury;7194;September;0;Straight - Level;Piedmont;Facing Traffic;No Control Present;Wednesday;Intersection;52;0;Two-Way, Not Divided;2 lanes;0;#NULL!;#NULL!;Smooth Asphalt;#NULL!;Four-Way Intersection;Bicyclist Failed to Yield - Sign-Controlled Intersection;Local Street;B: Evident Injury;Forsyth;42;Clear;#NULL!;41-45 mph;40 - 45  MPH;2007;Dark - Lighted Roadway;40-49
35.7943910835, -78.6074326005;"{""type"": ""Point"", ""coordinates"": [-78.60743260052521, 35.79439108347085]}";Unknown/Missing;Raleigh;Travel Lane;2;16;Mixed (30% To 70% Developed);Male;Pickup;0;#NULL!;0;0;Unknown/Missing;No;0;20-24;Motorist Right Turn - Same Direction;None;No;No;Dry;0;Urban;No;05SEP2007;0;16:00;Female;No;Residential;C: Possible Injury;No;O: No Injury;7197;September;0;Straight - Level;Piedmont;With Traffic;Stop Sign;Wednesday;Intersection;21;0;Two-Way, Not Divided;4 lanes;0;#NULL!;#NULL!;Smooth Asphalt;#NULL!;Four-Way Intersection;Motorist Right Turn / Merge;Local Street;C: Possible Injury;Wake;25;Clear;#NULL!;6-10 mph;30 - 35  MPH;2007;Daylight;25-29
35.2919228886, -81.0366773027;"{""type"": ""Point"", ""coordinates"": [-81.03667730271265, 35.291922888641906]}";White;None - Rural Crash;Travel Lane;2;12;Rural (<30% Developed);Male;Passenger Car;0;#NULL!;0;0;White;No;0;50-59;Bicyclist Overtaking - Other / Unknown;None;No;No;Dry;0;Rural;No;06SEP2007;0;12:20;Female;No;Commercial;B: Evident Injury;No;O: No Injury;7201;September;0;Straight - Level;Piedmont;With Traffic;Stop And Go Signal;Thursday;Intersection-Related;52;0;Two-Way, Not Divided;2 lanes;0;#NULL!;#NULL!;Smooth Asphalt;#NULL!;Y-Intersection;Bicyclist Overtaking Motorist;State Secondary Route;B: Evident Injury;Gaston;40;Clear;#NULL!;Unknown;30 - 35  MPH;2007;Daylight;40-49
36.3539071868, -79.052672765;"{""type"": ""Point"", ""coordinates"": [-79.05267276496127, 36.353907186795276]}";White;Roxboro;Travel Lane;2;12;Mixed (30% To 70% Developed);Male;Pickup;0;#NULL!;0;0;White;No;0;50-59;Backing Vehicle;None;No;No;Dry;0;Urban;No;06SEP2007;0;12:00;Male;No;Residential;B: Evident Injury;Yes;O: No Injury;7211;September;0;Straight - Level;Piedmont;With Traffic;Double Yellow Line, No Passing Zone;Thursday;Non-Intersection;50;0;Two-Way, Not Divided;2 lanes;0;#NULL!;#NULL!;Smooth Asphalt;#NULL!;Driveway, Private;Backing Vehicle;State Secondary Route;B: Evident Injury;Person;21;Clear;#NULL!;0-5 mph;50 - 55  MPH;2007;Daylight;20-24