Geo Point;Geo Shape;BikeRace;City;BikePos;NumUnits;CrashHour;Locality;BikeSex;DrvrVehTyp;NumBikesNo;BikeAlcDrg;NumBikesBI;RteInvdCd;DrvrRace;Workzone;NumBikesCi;BikeAgeGrp;CrashType;RdDefects;CrashAlcoh;BikeAlcoho;RdConditio;DstncMiFrm;RuralUrban;HitRun;CrashDate;NumBikesUI;CrashTime;DrvrSex;DrvrAlcoho;Developmen;CrashSevr;AmbulanceR;DrvrInjury;OBJECTID;CrashMonth;NumBikesKi;RdCharacte;Region;BikeDir;TraffCntrl;CrashDay;CrashLoc;BikeAge;NumBikesTo;RdConfig;NumLanes;NumBikesAI;DrvrAlcDrg;OnRoad;RdSurface;Towrd_Rd;RdFeature;CrashGrp;RdClass;BikeInjury;County;DrvrAge;Weather;FrmRd;DrvrEstSpd;SpeedLimit;CrashYear;LightCond;DrvrAgeGrp
35.772057079, -78.6181426017;"{""type"": ""Point"", ""coordinates"": [-78.61814260170247, 35.77205707895145]}";Black;Raleigh;Travel Lane;2;16;Urban (>70% Developed);Male;Sport Utility;0;#NULL!;0;0;Black;No;0;11-15;Motorist Overtaking - Bicyclist Swerved;None;No;No;Dry;0;Urban;No;07SEP2007;0;16:00;Female;No;Residential;C: Possible Injury;Yes;O: No Injury;7217;September;0;Straight - Level;Piedmont;With Traffic;No Control Present;Friday;Non-Intersection;15;0;Two-Way, Not Divided;2 lanes;0;#NULL!;#NULL!;Smooth Asphalt;#NULL!;No Special Feature;Motorist Overtaking Bicyclist;Local Street;C: Possible Injury;Wake;47;Clear;#NULL!;16-20 mph;30 - 35  MPH;2007;Daylight;40-49
35.9603170695, -79.9798630236;"{""type"": ""Point"", ""coordinates"": [-79.97986302360707, 35.96031706945948]}";Black;High Point;Non-Roadway;2;19;Urban (>70% Developed);Male;Passenger Car;0;#NULL!;0;0;Black;No;0;6-10;Bicyclist Ride Out - Other Midblock;None;No;No;Dry;0;Urban;No;08SEP2007;0;19:27;Male;No;Residential;C: Possible Injury;Yes;O: No Injury;7219;September;0;Straight - Level;Piedmont;Not Applicable;No Control Present;Saturday;Non-Intersection;9;0;Two-Way, Not Divided;2 lanes;0;#NULL!;#NULL!;Coarse Asphalt;#NULL!;No Special Feature;Bicyclist Failed to Yield - Midblock;Local Street;C: Possible Injury;Guilford;42;Clear;#NULL!;6-10 mph;30 - 35  MPH;2007;Daylight;40-49
35.6639470641, -78.3798475242;"{""type"": ""Point"", ""coordinates"": [-78.37984752421366, 35.6639470641117]}";White;None - Rural Crash;Driveway / Alley;2;17;Mixed (30% To 70% Developed);Male;Passenger Car;0;#NULL!;0;0;White;No;0;6-10;Bicyclist Ride Out - Residential Driveway;None;No;No;Dry;0;Rural;No;09SEP2007;0;17:13;Male;No;Residential;B: Evident Injury;Yes;O: No Injury;7226;September;0;Straight - Grade;Coastal;Not Applicable;No Control Present;Sunday;Non-Intersection;6;0;Two-Way, Not Divided;2 lanes;0;#NULL!;#NULL!;Coarse Asphalt;#NULL!;Driveway, Private;Bicyclist Failed to Yield - Midblock;Public Vehicular Area;B: Evident Injury;Johnston;18;Clear;#NULL!;21-25 mph;50 - 55  MPH;2007;Daylight;0-19
35.0470728513, -80.6461731735;"{""type"": ""Point"", ""coordinates"": [-80.64617317347691, 35.047072851251166]}";White;Indian Trail;Unknown;2;16;Urban (>70% Developed);Male;Passenger Car;0;#NULL!;0;0;White;No;0;11-15;Bicyclist Ride Out - Midblock - Unknown;None;No;No;Dry;0;Urban;No;12SEP2007;0;16:23;Female;No;Commercial;B: Evident Injury;Yes;O: No Injury;7228;September;0;Straight - Hillcrest;Piedmont;Not Applicable;Double Yellow Line, No Passing Zone;Wednesday;Non-Intersection;12;0;Two-Way, Not Divided;2 lanes;0;#NULL!;#NULL!;Smooth Asphalt;#NULL!;No Special Feature;Bicyclist Failed to Yield - Midblock;State Secondary Route;B: Evident Injury;Union;27;Clear;#NULL!;26-30 mph;40 - 45  MPH;2007;Daylight;25-29
34.20242676, -77.9229373134;"{""type"": ""Point"", ""coordinates"": [-77.92293731335644, 34.202426760008755]}";Black;Wilmington;Sidewalk / Crosswalk / Driveway Crossing;2;15;Urban (>70% Developed);Male;Sport Utility;0;#NULL!;0;0;White;No;0;50-59;Motorist Drive Out - Right Turn on Red;None;No;No;Dry;0;Urban;No;13SEP2007;0;15:02;Male;No;Commercial;C: Possible Injury;Yes;O: No Injury;7235;September;0;Straight - Level;Coastal;Facing Traffic;Stop And Go Signal;Thursday;Intersection;54;0;Two-Way, Not Divided;3 lanes;0;#NULL!;#NULL!;Smooth Asphalt;#NULL!;Four-Way Intersection;Motorist Failed to Yield - Signalized Intersection;Local Street;C: Possible Injury;New Hanover;56;Clear;#NULL!;0-5 mph;30 - 35  MPH;2007;Daylight;50-59
34.7268769138, -76.7567019847;"{""type"": ""Point"", ""coordinates"": [-76.75670198474259, 34.72687691375668]}";Black;Morehead City;Multi-use Path;2;13;Urban (>70% Developed);Male;Sport Utility;0;#NULL!;0;0;White;No;0;50-59;Motorist Drive Out - Sign-Controlled Intersection;None;No;No;Dry;0;Urban;No;24MAY2013;0;13:21;Female;No;Commercial;C: Possible Injury;Yes;O: No Injury;1212;May;0;Straight - Level;Coastal;Facing Traffic;Stop And Go Signal;Friday;Intersection;52;0;Two-Way, Divided, Unprotected Median;2 lanes;0;#NULL!;PENNY LANE;Smooth Asphalt;#NULL!;T-Intersection;Motorist Failed to Yield - Sign-Controlled Intersection;Local Street;C: Possible Injury;Carteret;35;Clear;#NULL!;0-5 mph;20 - 25  MPH;2013;Daylight;30-39
35.2478768908, -80.7271032081;"{""type"": ""Point"", ""coordinates"": [-80.72710320812592, 35.247876890799674]}";Black;Charlotte;Driveway / Alley;2;13;Urban (>70% Developed);Male;Passenger Car;0;#NULL!;0;0;Black;No;0;6-10;Bicyclist Ride Out - Residential Driveway;None;No;No;Dry;0;Urban;No;04JUL2013;0;13:30;Male;No;Residential;C: Possible Injury;No;O: No Injury;1230;July;0;Straight - Level;Piedmont;Not Applicable;No Control Present;Thursday;Non-Intersection;6;0;Two-Way, Not Divided;2 lanes;0;#NULL!;WILLIAM REYNOLDS DR;Smooth Asphalt;#NULL!;No Special Feature;Bicyclist Failed to Yield - Midblock;Local Street;C: Possible Injury;Mecklenburg;17;Clear;#NULL!;21-25 mph;20 - 25  MPH;2013;Daylight;0-19
35.9757470565, -80.4312031606;"{""type"": ""Point"", ""coordinates"": [-80.43120316064267, 35.97574705654767]}";White;None - Rural Crash;Non-Roadway;2;17;Rural (<30% Developed);Male;Passenger Car;0;#NULL!;0;0;White;No;0;11-15;Bicyclist Ride Out - Other Midblock;None;No;No;Dry;0;Rural;No;28JUN2013;0;17:09;Female;No;Residential;B: Evident Injury;Yes;O: No Injury;1231;June;0;Straight - Hillcrest;Piedmont;Not Applicable;No Control Present;Friday;Non-Intersection;11;0;Two-Way, Not Divided;2 lanes;0;#NULL!;SR 1738;Smooth Asphalt;#NULL!;No Special Feature;Bicyclist Failed to Yield - Midblock;Private Road, Driveway;B: Evident Injury;Davie;33;Clear;#NULL!;21-25 mph;20 - 25  MPH;2013;Daylight;30-39
34.6168368151, -78.994502657;"{""type"": ""Point"", ""coordinates"": [-78.99450265695675, 34.616836815136]}";Black;Lumberton;Travel Lane;2;13;Urban (>70% Developed);Male;Unknown;0;#NULL!;0;0;Unknown/Missing;No;0;50-59;Motorist Overtaking - Other / Unknown;None;No;No;Dry;0;Urban;Yes;26MAY2013;0;13:10;Unknown;Missing;Residential;O: No Injury;No;Unknown Injury;1233;May;0;Straight - Level;Coastal;With Traffic;No Control Present;Sunday;Non-Intersection;59;0;Two-Way, Not Divided;2 lanes;0;#NULL!;E 1ST ST;Coarse Asphalt;#NULL!;No Special Feature;Motorist Overtaking Bicyclist;Local Street;O: No Injury;Robeson;Unknown;Clear;#NULL!;21-25 mph;20 - 25  MPH;2013;Daylight;Unknown
34.2538467733, -77.8484022935;"{""type"": ""Point"", ""coordinates"": [-77.84840229346271, 34.253846773326934]}";White;Wilmington;Bike Lane / Paved Shoulder;2;1;Urban (>70% Developed);Male;Unknown;0;#NULL!;0;0;Unknown/Missing;No;0;20-24;Motorist Overtaking - Other / Unknown;None;No;No;Dry;0;Urban;Yes;06JUL2013;0;1:51;Unknown;Missing;Commercial;C: Possible Injury;No;Unknown Injury;1302;July;0;Straight - Level;Coastal;With Traffic;No Control Present;Saturday;Non-Intersection;21;0;Two-Way, Not Divided;5 lanes;0;#NULL!;MARKET ST;Smooth Asphalt;#NULL!;No Special Feature;Motorist Overtaking Bicyclist;Local Street;C: Possible Injury;New Hanover;Unknown;Clear;#NULL!;41-45 mph;40 - 45  MPH;2013;Dark - Lighted Roadway;Unknown
35.139316967, -77.9007023526;"{""type"": ""Point"", ""coordinates"": [-77.90070235260565, 35.13931696695247]}";Hispanic;None - Rural Crash;Travel Lane;2;5;Rural (<30% Developed);Male;Unknown;0;#NULL!;0;0;Unknown/Missing;No;0;40-49;Motorist Overtaking - Other / Unknown;None;No;No;Wet;0;Rural;Yes;03JUL2013;0;5:00;Unknown;No;Residential;B: Evident Injury;No;Unknown Injury;1287;July;0;Straight - Level;Coastal;With Traffic;No Control Present;Wednesday;Non-Intersection;48;0;Two-Way, Not Divided;2 lanes;0;#NULL!;SR 1502;Coarse Asphalt;#NULL!;No Special Feature;Motorist Overtaking Bicyclist;State Secondary Route;B: Evident Injury;Duplin;Unknown;Cloudy;#NULL!;51-55 mph;50 - 55  MPH;2013;Dark - Roadway Not Lighted;Unknown
36.0898771182, -79.3988028558;"{""type"": ""Point"", ""coordinates"": [-79.39880285584373, 36.089877118151314]}";Hispanic;Burlington;Travel Lane;2;20;Mixed (30% To 70% Developed);Male;Passenger Car;0;#NULL!;0;0;White;No;0;11-15;Motorist Overtaking - Bicyclist Swerved;None;No;No;Dry;0;Urban;No;22JUL2013;0;20:10;Female;No;Residential;C: Possible Injury;Yes;O: No Injury;1291;July;0;Straight - Level;Piedmont;With Traffic;No Control Present;Monday;Intersection-Related;11;0;Two-Way, Divided, Unprotected Median;3 lanes;0;#NULL!;SELLARS MILL RD;Smooth Asphalt;#NULL!;No Special Feature;Motorist Overtaking Bicyclist;Local Street;C: Possible Injury;Alamance;69;Clear;#NULL!;31-35 mph;30 - 35  MPH;2013;Daylight;60-69
34.6671268921, -77.0241020625;"{""type"": ""Point"", ""coordinates"": [-77.02410206248395, 34.667126892063166]}";White;Emerald Isle;Unknown;2;12;Urban (>70% Developed);Male;Passenger Car;0;#NULL!;0;0;White;No;0;20-24;Crossing Paths - Uncontrolled Intersection;None;No;No;Dry;0;Rural;No;06JUL2013;0;12:04;Female;No;Residential;C: Possible Injury;No;O: No Injury;1292;July;0;Straight - Level;Coastal;Unknown;No Control Present;Saturday;Intersection-Related;23;0;Two-Way, Not Divided;3 lanes;0;#NULL!;NC 58;Smooth Asphalt;#NULL!;No Special Feature;Crossing Paths - Other Circumstances;NC Route;C: Possible Injury;Carteret;23;Clear;#NULL!;6-10 mph;40 - 45  MPH;2013;Daylight;20-24
34.659246889, -77.0634020741;"{""type"": ""Point"", ""coordinates"": [-77.06340207409507, 34.659246889000336]}";White;Emerald Isle;Sidewalk / Crosswalk / Driveway Crossing;2;11;Urban (>70% Developed);Female;Sport Utility;0;#NULL!;0;0;White;No;0;16-19;Crossing Paths - Intersection - Other / Unknown;None;No;No;Dry;0;Rural;No;05JUL2013;0;11:17;Male;No;Commercial;C: Possible Injury;No;O: No Injury;1327;July;0;Straight - Level;Coastal;Facing Traffic;Stop Sign;Friday;Intersection;18;0;Two-Way, Not Divided;8 lanes;0;#NULL!;DEER HORN DUNES DR;Smooth Asphalt;#NULL!;Four-Way Intersection;Crossing Paths - Other Circumstances;Local Street;C: Possible Injury;Carteret;69;Clear;#NULL!;0-5 mph;20 - 25  MPH;2013;Daylight;60-69
35.9357871414, -77.8370023734;"{""type"": ""Point"", ""coordinates"": [-77.83700237337025, 35.93578714137306]}";Black;Rocky Mount;Travel Lane;2;20;Urban (>70% Developed);Male;Passenger Car;0;#NULL!;0;0;Unknown/Missing;No;0;11-15;Bicyclist Overtaking - Parked Vehicle;None;No;No;Dry;0;Urban;No;27JUL2013;0;20:15;Unknown;Missing;Residential;O: No Injury;No;Unknown Injury;1339;July;0;Straight - Level;Coastal;With Traffic;No Control Present;Saturday;Non-Intersection;11;0;Two-Way, Not Divided;2 lanes;0;#NULL!;WEATHERVANE HILL DR;Smooth Asphalt;#NULL!;No Special Feature;Bicyclist Overtaking Motorist;Local Street;O: No Injury;Nash;Unknown;Clear;#NULL!;Unknown;30 - 35  MPH;2013;Dark - Lighted Roadway;Unknown
35.9254370974, -79.0247027332;"{""type"": ""Point"", ""coordinates"": [-79.0247027331539, 35.925437097361424]}";White;Chapel Hill;Bike Lane / Paved Shoulder;2;16;Urban (>70% Developed);Male;Tractor/Semi-Trailer;0;#NULL!;0;0;White;No;0;70+;Motorist Overtaking - Other / Unknown;None;No;No;Dry;0;Urban;No;16JUL2013;0;16:48;Male;No;Commercial;B: Evident Injury;Yes;O: No Injury;1330;July;0;Straight - Level;Piedmont;With Traffic;No Control Present;Tuesday;Non-Intersection;70+;0;Two-Way, Divided, Unprotected Median;4 lanes;0;#NULL!;US 15;Smooth Asphalt;#NULL!;No Special Feature;Motorist Overtaking Bicyclist;US Route;B: Evident Injury;Orange;44;Clear;#NULL!;41-45 mph;40 - 45  MPH;2013;Daylight;40-49
35.997207116, -78.9243027068;"{""type"": ""Point"", ""coordinates"": [-78.92430270681251, 35.997207116022295]}";White;Durham;Bike Lane / Paved Shoulder;2;9;Urban (>70% Developed);Male;Passenger Car;0;#NULL!;0;0;Black;No;0;25-29;Motorist Right Turn - Same Direction;None;No;No;Dry;0;Urban;No;12AUG2013;0;9:35;Female;No;Residential;O: No Injury;No;O: No Injury;1342;August;0;Straight - Level;Piedmont;With Traffic;No Control Present;Monday;Intersection;25;0;Two-Way, Not Divided;2 lanes;0;#NULL!;DUKE UNIVERSITY RD;Smooth Asphalt;#NULL!;No Special Feature;Motorist Right Turn / Merge;Local Street;O: No Injury;Durham;52;Clear;#NULL!;0-5 mph;30 - 35  MPH;2013;Daylight;50-59
36.1288370608, -81.1694033899;"{""type"": ""Point"", ""coordinates"": [-81.169403389947, 36.128837060781976]}";Unknown/Missing;None - Rural Crash;Driveway / Alley;2;16;Mixed (30% To 70% Developed);Unknown;Unknown;0;#NULL!;0;0;Unknown/Missing;No;0;Unknown;Crossing Paths - Uncontrolled Intersection;None;No;Missing;Dry;0;Rural;No;25AUG2013;0;16:10;Unknown;Missing;Residential;A: Disabling Injury;Yes;Unknown Injury;1392;August;0;Straight - Level;Mountains;With Traffic;Double Yellow Line, No Passing Zone;Sunday;Intersection;Unknown;0;Two-Way, Not Divided;2 lanes;0;#NULL!;SR 1186;Smooth Asphalt;#NULL!;Four-Way Intersection;Crossing Paths - Other Circumstances;State Secondary Route;Unknown Injury;Wilkes;Unknown;Clear;#NULL!;Unknown;Unknown;2013;Daylight;Unknown
35.1128468533, -80.9705032738;"{""type"": ""Point"", ""coordinates"": [-80.97050327383499, 35.11284685333531]}";White;Charlotte;Travel Lane;2;11;Urban (>70% Developed);Male;Passenger Car;0;#NULL!;0;0;Black;No;0;60-69;Motorist Drive Out - Sign-Controlled Intersection;None;No;No;Dry;0;Urban;No;30AUG2013;0;11:37;Female;No;Residential;C: Possible Injury;No;O: No Injury;1398;August;0;Straight - Level;Piedmont;With Traffic;Stop And Go Signal;Friday;Intersection;63;0;Two-Way, Not Divided;2 lanes;0;#NULL!;BOULDER CREEK DR;Smooth Asphalt;#NULL!;T-Intersection;Motorist Failed to Yield - Sign-Controlled Intersection;Private Road, Driveway;C: Possible Injury;Mecklenburg;22;Clear;#NULL!;Unknown;Unknown;2013;Daylight;20-24
34.6790568146, -79.4226027883;"{""type"": ""Point"", ""coordinates"": [-79.42260278826527, 34.679056814572725]}";Native American;None - Rural Crash;Travel Lane;2;21;Rural (<30% Developed);Male;Truck/Trailer;0;#NULL!;0;0;White;No;0;30-39;Motorist Overtaking - Bicyclist Swerved;None;Yes;Yes;Wet;0;Rural;No;27JUL2013;0;21:57;Male;No;Residential;B: Evident Injury;Yes;O: No Injury;1380;July;0;Straight - Level;Coastal;With Traffic;No Control Present;Saturday;Non-Intersection;35;0;Two-Way, Not Divided;2 lanes;0;#NULL!;US 501;Smooth Asphalt;#NULL!;No Special Feature;Motorist Overtaking Bicyclist;US Route;B: Evident Injury;Scotland;45;Rain;#NULL!;46-50 mph;50 - 55  MPH;2013;Dark - Lighted Roadway;40-49
36.3130472903, -75.8114017712;"{""type"": ""Point"", ""coordinates"": [-75.81140177117324, 36.313047290266596]}";White;None - Rural Crash;Bike Lane / Paved Shoulder;2;12;Mixed (30% To 70% Developed);Male;Passenger Car;0;#NULL!;0;0;White;No;0;60-69;Motorist Left Turn - Opposite Direction;None;No;No;Dry;0;Rural;No;31AUG2013;0;12:55;Male;No;Residential;B: Evident Injury;Yes;O: No Injury;1400;August;0;Straight - Level;Coastal;With Traffic;No Control Present;Saturday;Intersection;60;0;Two-Way, Not Divided;2 lanes;0;#NULL!;NC 12;Coarse Asphalt;#NULL!;No Special Feature;Motorist Left Turn / Merge;NC Route;B: Evident Injury;Currituck;70+;Clear;#NULL!;26-30 mph;30 - 35  MPH;2013;Daylight;70+
34.7261769164, -76.6544019531;"{""type"": ""Point"", ""coordinates"": [-76.65440195312495, 34.72617691643963]}";White;Beaufort;Travel Lane;2;7;Urban (>70% Developed);Male;Passenger Car;0;#NULL!;0;0;White;No;0;50-59;Motorist Overtaking - Undetected Bicyclist;None;No;No;Dry;0;Rural;No;24SEP2013;0;7:20;Female;No;Residential;C: Possible Injury;No;O: No Injury;1496;September;0;Straight - Level;Coastal;With Traffic;No Control Present;Tuesday;Non-Intersection;57;0;Two-Way, Not Divided;2 lanes;0;#NULL!;WEST BEAUFORT RD;Smooth Asphalt;#NULL!;No Special Feature;Motorist Overtaking Bicyclist;Local Street;C: Possible Injury;Carteret;39;Clear;#NULL!;31-35 mph;30 - 35  MPH;2013;Daylight;30-39
35.5263869315, -81.2268033726;"{""type"": ""Point"", ""coordinates"": [-81.22680337258902, 35.526386931485845]}";White;None - Rural Crash;Travel Lane;2;6;Rural (<30% Developed);Male;Passenger Car;0;#NULL!;0;0;Unknown/Missing;No;0;30-39;Motorist Overtaking - Misjudged Space;None;No;No;Dry;0;Rural;Yes;11SEP2013;0;6:45;Unknown;Missing;Farms, Woods, Pastures;C: Possible Injury;No;Unknown Injury;1446;September;0;Straight - Grade;Piedmont;With Traffic;Double Yellow Line, No Passing Zone;Wednesday;Non-Intersection;30;0;Two-Way, Not Divided;2 lanes;0;#NULL!;US 321;Smooth Asphalt;#NULL!;No Special Feature;Motorist Overtaking Bicyclist;US Route;C: Possible Injury;Lincoln;Unknown;Clear;#NULL!;41-45 mph;40 - 45  MPH;2013;Dawn;Unknown
35.9422871443, -77.7832023574;"{""type"": ""Point"", ""coordinates"": [-77.78320235739179, 35.94228714427505]}";Black;Rocky Mount;Sidewalk / Crosswalk / Driveway Crossing;2;15;Urban (>70% Developed);Male;Sport Utility;0;#NULL!;0;0;Hispanic;No;0;16-19;Motorist Drive Out - Sign-Controlled Intersection;None;No;No;Dry;0;Urban;No;05AUG2013;0;15:23;Male;No;Residential;C: Possible Injury;Yes;O: No Injury;1447;August;0;Straight - Level;Coastal;Facing Traffic;Stop Sign;Monday;Intersection;17;0;Two-Way, Not Divided;2 lanes;0;#NULL!;MERCER ST;Coarse Asphalt;#NULL!;T-Intersection;Motorist Failed to Yield - Sign-Controlled Intersection;Local Street;C: Possible Injury;Edgecombe;49;Clear;#NULL!;Unknown;30 - 35  MPH;2013;Daylight;40-49
35.8364670911, -78.6466026139;"{""type"": ""Point"", ""coordinates"": [-78.64660261391055, 35.83646709110975]}";White;Raleigh;Travel Lane;2;19;Urban (>70% Developed);Male;Passenger Car;0;#NULL!;0;0;Unknown/Missing;No;0;40-49;Motorist Overtaking - Misjudged Space;None;No;No;Dry;0;Urban;Yes;09JUN2013;0;19:42;Unknown;Missing;Residential;O: No Injury;Yes;Unknown Injury;1437;June;0;Straight - Level;Piedmont;With Traffic;No Control Present;Sunday;Non-Intersection;40;0;Two-Way, Not Divided;2 lanes;0;#NULL!;CURRITUCK DR;Smooth Asphalt;#NULL!;No Special Feature;Motorist Overtaking Bicyclist;Local Street;O: No Injury;Wake;Unknown;Clear;#NULL!;41-45 mph;30 - 35  MPH;2013;Daylight;Unknown
35.2810868958, -80.7840032276;"{""type"": ""Point"", ""coordinates"": [-80.78400322759518, 35.281086895774145]}";Black;Charlotte;Travel Lane;2;16;Urban (>70% Developed);Male;Unknown;0;#NULL!;0;0;Unknown/Missing;No;0;20-24;Motorist Overtaking - Other / Unknown;None;No;No;Dry;0;Urban;Yes;18SEP2013;0;16:06;Unknown;Missing;Residential;C: Possible Injury;No;Unknown Injury;1473;September;0;Straight - Grade;Piedmont;With Traffic;Stop Sign;Wednesday;Intersection;22;0;Two-Way, Not Divided;2 lanes;0;#NULL!;REAGAN DR;Smooth Asphalt;#NULL!;T-Intersection;Motorist Overtaking Bicyclist;Local Street;C: Possible Injury;Mecklenburg;Unknown;Clear;#NULL!;41-45 mph;30 - 35  MPH;2013;Daylight;Unknown
35.8813370487, -80.0993030552;"{""type"": ""Point"", ""coordinates"": [-80.09930305522828, 35.88133704869458]}";White;Thomasville;Travel Lane;2;11;Urban (>70% Developed);Male;Passenger Car;0;#NULL!;0;0;Black;No;0;60-69;Motorist Left Turn - Opposite Direction;None;No;No;Dry;0;Urban;No;10SEP2013;0;11:02;Female;No;Commercial;O: No Injury;Yes;O: No Injury;1445;September;0;Straight - Level;Piedmont;With Traffic;Stop And Go Signal;Tuesday;Intersection;67;0;Two-Way, Not Divided;3 lanes;0;#NULL!;LEXINGTON AVE;Smooth Asphalt;#NULL!;Four-Way Intersection;Motorist Left Turn / Merge;Local Street;O: No Injury;Davidson;26;Clear;#NULL!;Unknown;30 - 35  MPH;2013;Daylight;25-29
35.5006869491, -80.603903185;"{""type"": ""Point"", ""coordinates"": [-80.60390318503063, 35.50068694905076]}";Black;Kannapolis;Travel Lane;2;20;Urban (>70% Developed);Female;Sport Utility;0;#NULL!;0;0;White;No;0;11-15;Bicyclist Ride Through - Sign-Controlled Intersection;None;No;No;Dry;0;Urban;No;11AUG2013;0;20:44;Male;No;Residential;C: Possible Injury;Yes;O: No Injury;1412;August;0;Straight - Level;Piedmont;With Traffic;Stop Sign;Sunday;Intersection;11;0;Two-Way, Not Divided;2 lanes;0;#NULL!;BRANTLEY RD;Smooth Asphalt;#NULL!;Four-Way Intersection;Bicyclist Failed to Yield - Sign-Controlled Intersection;Local Street;C: Possible Injury;Cabarrus;19;Clear;#NULL!;31-35 mph;30 - 35  MPH;2013;Dark - Roadway Not Lighted;0-19
34.7556668969, -77.4744022039;"{""type"": ""Point"", ""coordinates"": [-77.47440220388582, 34.755666896861776]}";Black;Jacksonville;Travel Lane;2;22;Urban (>70% Developed);Male;Passenger Car;0;#NULL!;0;0;White;No;0;20-24;Bicyclist Ride Out - Midblock - Unknown;None;No;No;Wet;0;Urban;No;16AUG2013;0;22:04;Male;No;Commercial;B: Evident Injury;Yes;O: No Injury;1427;August;0;Straight - Level;Coastal;Facing Traffic;No Control Present;Friday;Non-Intersection;22;0;Two-Way, Divided, Unprotected Median;6 lanes;0;#NULL!;NC 24;Smooth Asphalt;#NULL!;No Special Feature;Bicyclist Failed to Yield - Midblock;NC Route;B: Evident Injury;Onslow;26;Cloudy;#NULL!;41-45 mph;40 - 45  MPH;2013;Dark - Lighted Roadway;25-29
35.3192369033, -80.8029032346;"{""type"": ""Point"", ""coordinates"": [-80.80290323458392, 35.31923690329083]}";Black;Charlotte;Travel Lane;2;13;Urban (>70% Developed);Female;Pickup;0;#NULL!;0;0;Black;No;0;11-15;Bicyclist Ride Through - Sign-Controlled Intersection;None;No;No;Dry;0;Urban;No;01SEP2013;0;13:11;Male;No;Residential;B: Evident Injury;Yes;O: No Injury;1403;September;0;Straight - Bottom;Piedmont;With Traffic;Stop Sign;Sunday;Intersection;11;0;Two-Way, Not Divided;2 lanes;0;#NULL!;MICHAW CT;Smooth Asphalt;#NULL!;T-Intersection;Bicyclist Failed to Yield - Sign-Controlled Intersection;Local Street;B: Evident Injury;Mecklenburg;40;Clear;#NULL!;11-15 mph;20 - 25  MPH;2013;Daylight;40-49
35.9419870979, -79.0907027548;"{""type"": ""Point"", ""coordinates"": [-79.09070275478858, 35.941987097933314]}";Black;Carrboro;Travel Lane;2;18;Urban (>70% Developed);Male;Passenger Car;0;#NULL!;0;0;Unknown/Missing;No;0;30-39;Bicyclist Overtaking - Parked Vehicle;None;No;No;Dry;0;Urban;No;14AUG2013;0;18:04;Unknown;Missing;Residential;O: No Injury;No;Unknown Injury;1407;August;0;Straight - Level;Piedmont;With Traffic;No Control Present;Wednesday;Non-Intersection;32;0;Two-Way, Not Divided;2 lanes;0;#NULL!;S CAMELLIA;Smooth Asphalt;#NULL!;No Special Feature;Bicyclist Overtaking Motorist;Local Street;O: No Injury;Orange;Unknown;Clear;#NULL!;Unknown;20 - 25  MPH;2013;Daylight;Unknown
34.2616867742, -77.8676022996;"{""type"": ""Point"", ""coordinates"": [-77.86760229958145, 34.26168677417176]}";Black;None - Rural Crash;Travel Lane;2;11;Urban (>70% Developed);Male;Sport Utility;0;#NULL!;0;0;Black;No;0;11-15;Bicyclist Left Turn - Same Direction;None;No;No;Dry;0;Rural;No;31AUG2013;0;11:46;Male;No;Residential;O: No Injury;No;O: No Injury;1417;August;0;Straight - Level;Coastal;With Traffic;No Control Present;Saturday;Non-Intersection;11;0;Two-Way, Not Divided;2 lanes;0;#NULL!;SR 2022;Smooth Asphalt;#NULL!;No Special Feature;Bicyclist Left Turn / Merge;State Secondary Route;O: No Injury;New Hanover;31;Clear;#NULL!;11-15 mph;30 - 35  MPH;2013;Daylight;30-39
34.7385169148, -76.8077020005;"{""type"": ""Point"", ""coordinates"": [-76.80770200054602, 34.7385169147547]}";White;Morehead City;Travel Lane;2;8;Urban (>70% Developed);Male;Sport Utility;0;#NULL!;0;0;White;No;0;20-24;Motorist Drive Out - Signalized Intersection;None;No;No;Dry;0;Urban;No;05SEP2013;0;8:37;Female;No;Commercial;C: Possible Injury;Yes;O: No Injury;1529;September;0;Straight - Level;Coastal;Facing Traffic;Stop And Go Signal;Thursday;Intersection;20;0;Two-Way, Divided, Unprotected Median;4 lanes;0;#NULL!;US 70;Smooth Asphalt;#NULL!;Four-Way Intersection;Motorist Failed to Yield - Signalized Intersection;US Route;C: Possible Injury;Carteret;54;Clear;#NULL!;0-5 mph;40 - 45  MPH;2013;Daylight;50-59
35.9919771167, -78.8657026884;"{""type"": ""Point"", ""coordinates"": [-78.86570268844551, 35.991977116704504]}";White;Durham;Travel Lane;2;20;Urban (>70% Developed);Male;Passenger Car;0;#NULL!;0;0;Unknown/Missing;No;0;40-49;Motorist Right Turn - Same Direction;None;No;No;Dry;0;Urban;Yes;06OCT2013;0;20:23;Unknown;Missing;Commercial;B: Evident Injury;Yes;Unknown Injury;1527;October;0;Straight - Level;Piedmont;With Traffic;Stop And Go Signal;Sunday;Intersection;48;0;Two-Way, Not Divided;7 lanes;0;#NULL!;HOLLOWAY ST;Coarse Asphalt;#NULL!;No Special Feature;Motorist Right Turn / Merge;Local Street;B: Evident Injury;Durham;Unknown;Clear;#NULL!;21-25 mph;30 - 35  MPH;2013;Dark - Lighted Roadway;Unknown