Geo Point;Geo Shape;BikeRace;City;BikePos;NumUnits;CrashHour;Locality;BikeSex;DrvrVehTyp;NumBikesNo;BikeAlcDrg;NumBikesBI;RteInvdCd;DrvrRace;Workzone;NumBikesCi;BikeAgeGrp;CrashType;RdDefects;CrashAlcoh;BikeAlcoho;RdConditio;DstncMiFrm;RuralUrban;HitRun;CrashDate;NumBikesUI;CrashTime;DrvrSex;DrvrAlcoho;Developmen;CrashSevr;AmbulanceR;DrvrInjury;OBJECTID;CrashMonth;NumBikesKi;RdCharacte;Region;BikeDir;TraffCntrl;CrashDay;CrashLoc;BikeAge;NumBikesTo;RdConfig;NumLanes;NumBikesAI;DrvrAlcDrg;OnRoad;RdSurface;Towrd_Rd;RdFeature;CrashGrp;RdClass;BikeInjury;County;DrvrAge;Weather;FrmRd;DrvrEstSpd;SpeedLimit;CrashYear;LightCond;DrvrAgeGrp
36.1552371263, -79.5682029104;"{""type"": ""Point"", ""coordinates"": [-79.56820291036838, 36.15523712630457]}";White;None - Rural Crash;Travel Lane;2;19;Mixed (30% To 70% Developed);Male;Van;0;#NULL!;0;0;White;No;0;60-69;Bicyclist Left Turn - Same Direction;None;No;No;Dry;0;Rural;No;30SEP2013;0;19:15;Male;No;Residential;K: Killed;Yes;O: No Injury;1519;September;0;Straight - Level;Piedmont;With Traffic;Double Yellow Line, No Passing Zone;Monday;Non-Intersection;63;0;Two-Way, Not Divided;2 lanes;0;#NULL!;NC 61;Smooth Asphalt;#NULL!;No Special Feature;Bicyclist Left Turn / Merge;NC Route;K: Killed;Guilford;33;Clear;#NULL!;41-45 mph;50 - 55  MPH;2013;Dark - Roadway Not Lighted;30-39
34.2167867626, -77.9421023201;"{""type"": ""Point"", ""coordinates"": [-77.94210232008773, 34.21678676262966]}";White;Wilmington;Travel Lane;2;11;Urban (>70% Developed);Male;Sport Utility;0;#NULL!;0;0;White;No;0;40-49;Motorist Overtaking - Other / Unknown;None;No;No;Dry;0;Urban;No;22AUG2013;0;11:51;Female;No;Commercial;K: Killed;Yes;O: No Injury;1505;August;0;Straight - Level;Coastal;With Traffic;Stop Sign;Thursday;Non-Intersection;49;0;Two-Way, Not Divided;3 lanes;0;#NULL!;GREENFIELD ST;Smooth Asphalt;#NULL!;No Special Feature;Motorist Overtaking Bicyclist;Local Street;K: Killed;New Hanover;59;Clear;#NULL!;41-45 mph;30 - 35  MPH;2013;Daylight;50-59
36.0325771246, -78.9028027021;"{""type"": ""Point"", ""coordinates"": [-78.9028027020765, 36.03257712455887]}";White;Durham;Non-Roadway;2;11;Urban (>70% Developed);Male;Passenger Car;0;#NULL!;0;0;White;No;0;30-39;Non-Roadway;None;No;No;Dry;0;Urban;No;06OCT2013;0;11:17;Male;No;Commercial;O: No Injury;No;O: No Injury;1525;October;0;Straight - Grade;Piedmont;Not Applicable;No Control Present;Sunday;Non-Roadway;32;0;Two-Way, Not Divided;Unknown;0;#NULL!;PVA 701 STADIUM DRIVE;Smooth Asphalt;#NULL!;No Special Feature;Non-Roadway;Public Vehicular Area;O: No Injury;Durham;46;Clear;#NULL!;0-5 mph;5 - 15 MPH;2013;Daylight;40-49
34.7190568334, -79.1267027014;"{""type"": ""Point"", ""coordinates"": [-79.12670270135115, 34.7190568334072]}";Native American;None - Rural Crash;Travel Lane;2;19;Rural (<30% Developed);Female;Passenger Car;0;#NULL!;0;0;Native American;No;0;11-15;Motorist Overtaking - Other / Unknown;None;No;No;Dry;0;Rural;No;08APR2013;0;19:39;Female;No;Farms, Woods, Pastures;C: Possible Injury;No;O: No Injury;1014;April;0;Straight - Level;Coastal;With Traffic;Double Yellow Line, No Passing Zone;Monday;Non-Intersection;12;0;Two-Way, Not Divided;2 lanes;0;#NULL!;SR 1563;Coarse Asphalt;#NULL!;No Special Feature;Motorist Overtaking Bicyclist;State Secondary Route;C: Possible Injury;Robeson;59;Clear;#NULL!;26-30 mph;50 - 55  MPH;2013;Daylight;50-59
35.7835970785, -78.688302624;"{""type"": ""Point"", ""coordinates"": [-78.68830262399857, 35.78359707849671]}";Black;Raleigh;Travel Lane;2;16;Urban (>70% Developed);Male;Passenger Car;0;#NULL!;0;0;White;No;0;11-15;Bicyclist Ride Through - Sign-Controlled Intersection;None;No;No;Dry;0;Urban;No;18APR2013;0;16:44;Female;No;Residential;C: Possible Injury;No;O: No Injury;1018;April;0;Straight - Grade;Piedmont;With Traffic;Stop Sign;Thursday;Intersection;12;0;Two-Way, Not Divided;2 lanes;0;#NULL!;SHERMAN AVE;Smooth Asphalt;#NULL!;No Special Feature;Bicyclist Failed to Yield - Sign-Controlled Intersection;Local Street;C: Possible Injury;Wake;21;Clear;#NULL!;16-20 mph;20 - 25  MPH;2013;Daylight;20-24
35.7425070715, -78.6406026071;"{""type"": ""Point"", ""coordinates"": [-78.64060260706168, 35.74250707151076]}";Other;Raleigh;Travel Lane;2;17;Urban (>70% Developed);Male;Passenger Car;0;#NULL!;0;0;White;No;0;40-49;Bicyclist Failed to Clear - Trapped;None;No;No;Dry;0;Urban;No;16APR2013;0;17:28;Male;No;Commercial;A: Disabling Injury;Yes;O: No Injury;1009;April;0;Straight - Level;Piedmont;With Traffic;Stop And Go Signal;Tuesday;Intersection;47;0;Two-Way, Divided, Unprotected Median;8 lanes;0;#NULL!;HAMMOND RD;Smooth Asphalt;#NULL!;Four-Way Intersection;Bicyclist Failed to Yield - Signalized Intersection;Local Street;A: Disabling Injury;Wake;23;Clear;#NULL!;41-45 mph;40 - 45  MPH;2013;Daylight;20-24
35.5782168906, -82.5937037809;"{""type"": ""Point"", ""coordinates"": [-82.59370378085268, 35.578216890591946]}";White;Asheville;Travel Lane;2;13;Urban (>70% Developed);Male;Passenger Car;0;#NULL!;0;0;White;No;0;16-19;Bicyclist Overtaking - Passing on Right;None;No;No;Dry;0;Urban;No;10APR2013;0;13:59;Female;No;Commercial;B: Evident Injury;No;O: No Injury;1017;April;0;Straight - Level;Mountains;With Traffic;No Control Present;Wednesday;Non-Intersection;16;0;Two-Way, Not Divided;3 lanes;0;#NULL!;HAYWOOD RD;Smooth Asphalt;#NULL!;No Special Feature;Bicyclist Overtaking Motorist;Local Street;B: Evident Injury;Buncombe;46;Clear;#NULL!;Unknown;20 - 25  MPH;2013;Daylight;40-49
36.0635470978, -79.8045029768;"{""type"": ""Point"", ""coordinates"": [-79.8045029768442, 36.06354709780224]}";Black;Greensboro;Sidewalk / Crosswalk / Driveway Crossing;2;11;Urban (>70% Developed);Male;Passenger Car;0;#NULL!;0;0;Unknown/Missing;No;0;20-24;Motorist Drive Out - Sign-Controlled Intersection;None;No;No;Dry;0;Urban;Yes;21NOV2013;0;11:25;Unknown;Missing;Commercial;C: Possible Injury;Yes;Unknown Injury;1641;November;0;Straight - Level;Piedmont;Facing Traffic;Stop And Go Signal;Thursday;Intersection;22;0;Two-Way, Not Divided;7 lanes;0;#NULL!;SILVER AV;Smooth Asphalt;#NULL!;T-Intersection;Motorist Failed to Yield - Sign-Controlled Intersection;Local Street;C: Possible Injury;Guilford;Unknown;Cloudy;#NULL!;6-10 mph;30 - 35  MPH;2013;Daylight;Unknown
35.8394870921, -78.6424026134;"{""type"": ""Point"", ""coordinates"": [-78.6424026134123, 35.8394870921299]}";Hispanic;Raleigh;Sidewalk / Crosswalk / Driveway Crossing;2;15;Urban (>70% Developed);Male;Passenger Car;0;#NULL!;0;0;White;No;0;30-39;Bicyclist Ride Out - Signalized  Intersection;None;No;No;Dry;0;Urban;No;23NOV2013;0;15:31;Female;No;Commercial;O: No Injury;Yes;O: No Injury;1666;November;0;Straight - Level;Piedmont;With Traffic;Stop And Go Signal;Saturday;Intersection;37;0;Two-Way, Divided, Unprotected Median;5 lanes;0;#NULL!;LASSITER MILL RD;Smooth Asphalt;#NULL!;Four-Way Intersection;Bicyclist Failed to Yield - Signalized Intersection;Local Street;O: No Injury;Wake;45;Cloudy;#NULL!;6-10 mph;30 - 35  MPH;2013;Daylight;40-49
35.2250668831, -80.8095032312;"{""type"": ""Point"", ""coordinates"": [-80.80950323119953, 35.225066883112596]}";Black;Charlotte;Sidewalk / Crosswalk / Driveway Crossing;2;8;Urban (>70% Developed);Male;Sport Utility;0;#NULL!;0;0;White;No;0;30-39;Motorist Drive Out - Sign-Controlled Intersection;None;No;No;Wet;0;Urban;No;04DEC2013;0;8:58;Male;No;Residential;C: Possible Injury;Yes;O: No Injury;1667;December;0;Straight - Level;Piedmont;Facing Traffic;Stop Sign;Wednesday;Intersection;38;0;Two-Way, Not Divided;2 lanes;0;#NULL!;KENSINGTON DR;Smooth Asphalt;#NULL!;No Special Feature;Motorist Failed to Yield - Sign-Controlled Intersection;Local Street;C: Possible Injury;Mecklenburg;37;Cloudy;#NULL!;Unknown;20 - 25  MPH;2013;Daylight;30-39
35.2222968816, -80.8413032411;"{""type"": ""Point"", ""coordinates"": [-80.84130324105604, 35.22229688161998]}";Black;Charlotte;Sidewalk / Crosswalk / Driveway Crossing;2;17;Urban (>70% Developed);Male;Passenger Car;0;#NULL!;0;0;Black;No;0;16-19;Bicyclist Failed to Clear - Trapped;None;No;No;Dry;0;Urban;No;21NOV2013;0;17:40;Male;No;Commercial;B: Evident Injury;No;O: No Injury;1650;November;0;Straight - Level;Piedmont;Facing Traffic;Stop And Go Signal;Thursday;Intersection;18;0;One-Way, Not Divided;3 lanes;0;#NULL!;EAST 3RD STREET;Smooth Asphalt;#NULL!;No Special Feature;Bicyclist Failed to Yield - Signalized Intersection;Local Street;B: Evident Injury;Mecklenburg;39;Clear;#NULL!;0-5 mph;30 - 35  MPH;2013;Dusk;30-39
36.0511370938, -79.8441029877;"{""type"": ""Point"", ""coordinates"": [-79.84410298765961, 36.05113709375894]}";White;Greensboro;Unknown;2;23;Urban (>70% Developed);Male;Passenger Car;0;#NULL!;0;0;White;No;0;30-39;Crossing Paths - Intersection - Other / Unknown;None;Yes;No;Dry;0;Urban;No;15DEC2013;0;23:00;Male;Yes;Residential;B: Evident Injury;Yes;O: No Injury;1688;December;0;Straight - Level;Piedmont;Unknown;Stop And Go Signal;Sunday;Intersection-Related;35;0;Two-Way, Divided, Unprotected Median;5 lanes;0;#NULL!;S HOLDEN RD;Smooth Asphalt;#NULL!;Four-Way Intersection;Crossing Paths - Other Circumstances;Local Street;B: Evident Injury;Guilford;29;Clear;#NULL!;46-50 mph;30 - 35  MPH;2013;Dark - Lighted Roadway;25-29
35.2656368773, -81.2050033521;"{""type"": ""Point"", ""coordinates"": [-81.20500335213936, 35.2656368772586]}";Black;Gastonia;Travel Lane;2;17;Urban (>70% Developed);Male;Passenger Car;0;#NULL!;0;0;Black;No;0;16-19;Bicyclist Ride Through - Sign-Controlled Intersection;None;No;No;Dry;0;Urban;No;17SEP2013;0;17:25;Female;No;Residential;B: Evident Injury;Yes;O: No Injury;1660;September;0;Straight - Level;Piedmont;With Traffic;Stop Sign;Tuesday;Intersection;17;0;Two-Way, Not Divided;2 lanes;0;#NULL!;400 SCRUGGS ST;Coarse Asphalt;#NULL!;T-Intersection;Bicyclist Failed to Yield - Sign-Controlled Intersection;Local Street;B: Evident Injury;Gaston;62;Clear;#NULL!;11-15 mph;30 - 35  MPH;2013;Daylight;60-69
34.241666768, -77.9415023208;"{""type"": ""Point"", ""coordinates"": [-77.9415023207582, 34.24166676801317]}";White;Wilmington;Travel Lane;2;11;Urban (>70% Developed);Male;Passenger Car;0;#NULL!;0;0;Black;No;0;25-29;Motorist Overtaking - Bicyclist Swerved;None;No;No;Dry;0;Urban;No;18NOV2013;0;11:45;Female;No;Residential;C: Possible Injury;No;O: No Injury;1679;November;0;Straight - Level;Coastal;With Traffic;No Control Present;Monday;Intersection-Related;26;0;Two-Way, Not Divided;2 lanes;0;#NULL!;RED CROSS ST;Smooth Asphalt;#NULL!;Related To Intersection;Motorist Overtaking Bicyclist;Local Street;C: Possible Injury;New Hanover;30;Clear;#NULL!;21-25 mph;20 - 25  MPH;2013;Daylight;30-39
35.5731569577, -80.7898032449;"{""type"": ""Point"", ""coordinates"": [-80.7898032448538, 35.57315695768649]}";White;Mooresville;Non-Roadway;2;18;Urban (>70% Developed);Male;Passenger Car;0;#NULL!;0;0;White;No;0;11-15;Crossing Paths - Intersection - Other / Unknown;None;No;No;Dry;0;Urban;No;23OCT2013;0;18:27;Female;No;Residential;B: Evident Injury;Yes;O: No Injury;1671;October;0;Straight - Level;Piedmont;Not Applicable;Stop Sign;Wednesday;Intersection-Related;15;0;Two-Way, Not Divided;2 lanes;0;#NULL!;FOREST GLEN RD;Smooth Asphalt;#NULL!;T-Intersection;Crossing Paths - Other Circumstances;Local Street;B: Evident Injury;Iredell;49;Clear;#NULL!;6-10 mph;20 - 25  MPH;2013;Dusk;40-49
34.987846842, -80.549303141;"{""type"": ""Point"", ""coordinates"": [-80.54930314101503, 34.98784684201149]}";Hispanic;Monroe;Travel Lane;2;11;Mixed (30% To 70% Developed);Male;Pickup;0;#NULL!;0;0;White;No;0;70+;Motorist Right Turn - Opposite Direction;None;No;No;Dry;0;Urban;No;04NOV2013;0;11:41;Female;No;Commercial;C: Possible Injury;Yes;O: No Injury;1680;November;0;Straight - Grade;Piedmont;Facing Traffic;Stop And Go Signal;Monday;Intersection;70+;0;Two-Way, Not Divided;4 lanes;0;#NULL!;SKYWAY DR;Smooth Asphalt;#NULL!;Four-Way Intersection;Motorist Right Turn / Merge;State Secondary Route;C: Possible Injury;Union;48;Clear;#NULL!;0-5 mph;30 - 35  MPH;2013;Daylight;40-49
35.7684670739, -78.7409026391;"{""type"": ""Point"", ""coordinates"": [-78.74090263910237, 35.76846707394073]}";White;Cary;Travel Lane;2;15;Urban (>70% Developed);Female;Pedalcycle;0;#NULL!;0;0;Black;No;0;40-49;Motorist Drive Out - Commercial Driveway / Alley;None;No;No;Dry;0;Urban;No;20OCT2013;0;15:33;Male;No;Commercial;C: Possible Injury;Yes;C: Possible Injury;1669;October;0;Straight - Level;Piedmont;Facing Traffic;Stop Sign;Sunday;Non-Intersection;43;0;Two-Way, Not Divided;2 lanes;0;#NULL!;BUCK JONES RD;Smooth Asphalt;#NULL!;No Special Feature;Motorist Failed to Yield - Midblock;State Secondary Route;O: No Injury;Wake;18;Clear;#NULL!;Unknown;Unknown;2013;Daylight;0-19
35.594066895, -82.555503771;"{""type"": ""Point"", ""coordinates"": [-82.55550377097181, 35.59406689498564]}";White;Asheville;Bike Lane / Paved Shoulder;2;18;Urban (>70% Developed);Female;Sport Utility;0;#NULL!;0;0;White;No;0;30-39;Bicyclist Overtaking - Extended Door;None;No;No;Dry;0;Urban;No;04OCT2013;0;18:48;Female;No;Commercial;B: Evident Injury;Yes;O: No Injury;1602;October;0;Straight - Level;Mountains;With Traffic;Double Yellow Line, No Passing Zone;Friday;Non-Intersection;38;0;Two-Way, Not Divided;2 lanes;0;#NULL!;COXE AVE;Coarse Asphalt;#NULL!;No Special Feature;Bicyclist Overtaking Motorist;Local Street;B: Evident Injury;Buncombe;64;Clear;#NULL!;Unknown;30 - 35  MPH;2013;Dark - Lighted Roadway;60-69
34.2164467621, -77.9465023216;"{""type"": ""Point"", ""coordinates"": [-77.9465023215898, 34.21644676212556]}";White;Wilmington;Travel Lane;2;11;Urban (>70% Developed);Male;Passenger Car;0;#NULL!;0;0;Black;No;0;25-29;Motorist Drive Through - Sign-Controlled Intersection;None;No;No;Dry;0;Urban;No;17SEP2013;0;11:27;Female;No;Industrial;B: Evident Injury;No;O: No Injury;1588;September;0;Straight - Grade;Coastal;Facing Traffic;No Control Present;Tuesday;Intersection;28;0;Two-Way, Not Divided;2 lanes;0;#NULL!;S FRONT ST;Coarse Asphalt;#NULL!;No Special Feature;Motorist Failed to Yield - Sign-Controlled Intersection;Local Street;B: Evident Injury;New Hanover;24;Clear;#NULL!;6-10 mph;30 - 35  MPH;2013;Daylight;20-24
35.7045771037, -77.4788022526;"{""type"": ""Point"", ""coordinates"": [-77.47880225262313, 35.70457710368212]}";Black;None - Rural Crash;Travel Lane;2;19;Rural (<30% Developed);Male;Passenger Car;0;#NULL!;0;0;Black;No;0;20-24;Motorist Overtaking - Undetected Bicyclist;None;Yes;Yes;Dry;0;Rural;No;28OCT2013;0;19:06;Female;No;Farms, Woods, Pastures;B: Evident Injury;Yes;O: No Injury;1598;October;0;Straight - Level;Coastal;With Traffic;No Control Present;Monday;Non-Intersection;22;0;Two-Way, Not Divided;2 lanes;0;#NULL!;SR 1401;Coarse Asphalt;#NULL!;No Special Feature;Motorist Overtaking Bicyclist;State Secondary Route;B: Evident Injury;Pitt;59;Clear;#NULL!;41-45 mph;50 - 55  MPH;2013;Dark - Roadway Not Lighted;50-59
35.9565270685, -79.9984030285;"{""type"": ""Point"", ""coordinates"": [-79.9984030285107, 35.9565270685022]}";Black;High Point;Sidewalk / Crosswalk / Driveway Crossing;2;8;Urban (>70% Developed);Male;Passenger Car;0;#NULL!;0;0;Black;No;0;20-24;Bicyclist Lost Control - Mechanical Problems;None;No;No;Dry;0;Urban;No;23SEP2013;0;8:45;Female;No;Institutional;C: Possible Injury;Yes;O: No Injury;1591;September;0;Straight - Grade;Piedmont;With Traffic;No Control Present;Monday;Non-Intersection;20;0;Two-Way, Not Divided;2 lanes;0;#NULL!;E COMMERCE;Smooth Asphalt;#NULL!;Driveway, Public;Loss of Control / Turning Error;Local Street;C: Possible Injury;Guilford;36;Clear;#NULL!;6-10 mph;30 - 35  MPH;2013;Daylight;30-39
36.0064071091, -79.1724027831;"{""type"": ""Point"", ""coordinates"": [-79.17240278307096, 36.00640710906143]}";White;None - Rural Crash;Travel Lane;2;16;Rural (<30% Developed);Male;Sport Utility;0;#NULL!;0;0;White;No;0;60-69;Motorist Overtaking - Other / Unknown;None;No;No;Dry;0;Rural;No;06SEP2013;0;16:55;Male;No;Farms, Woods, Pastures;B: Evident Injury;No;O: No Injury;1597;September;0;Straight - Grade;Piedmont;With Traffic;Double Yellow Line, No Passing Zone;Friday;Non-Intersection;61;0;Two-Way, Not Divided;2 lanes;0;#NULL!;SR 1006;Smooth Asphalt;#NULL!;No Special Feature;Motorist Overtaking Bicyclist;State Secondary Route;B: Evident Injury;Orange;43;Clear;#NULL!;51-55 mph;50 - 55  MPH;2013;Daylight;40-49
34.811746853, -79.1442027109;"{""type"": ""Point"", ""coordinates"": [-79.14420271087853, 34.81174685302145]}";Native American;None - Rural Crash;Travel Lane;2;19;Rural (<30% Developed);Male;Van;0;#NULL!;0;0;Hispanic;No;0;11-15;Bicyclist Left Turn - Same Direction;None;No;No;Dry;0;Rural;No;26OCT2013;0;19:02;Male;No;Farms, Woods, Pastures;B: Evident Injury;Yes;O: No Injury;1595;October;0;Straight - Level;Coastal;With Traffic;No Control Present;Saturday;Non-Intersection;13;0;Two-Way, Not Divided;2 lanes;0;#NULL!;SR 1777;Coarse Asphalt;#NULL!;No Special Feature;Bicyclist Left Turn / Merge;State Secondary Route;B: Evident Injury;Robeson;26;Clear;#NULL!;41-45 mph;50 - 55  MPH;2013;Dark - Roadway Not Lighted;25-29
35.5809468906, -82.6172037883;"{""type"": ""Point"", ""coordinates"": [-82.61720378831888, 35.580946890568804]}";White;Asheville;Travel Lane;2;21;Urban (>70% Developed);Female;Passenger Car;0;#NULL!;0;0;White;No;0;30-39;Motorist Left Turn - Opposite Direction;None;No;No;Dry;0;Urban;No;19SEP2013;0;21:01;Male;No;Residential;C: Possible Injury;No;O: No Injury;1578;September;0;Straight - Level;Mountains;With Traffic;No Control Present;Thursday;Non-Intersection;36;0;Two-Way, Divided, Unprotected Median;2 lanes;0;#NULL!;DEAVERVIEW RD;Smooth Asphalt;#NULL!;No Special Feature;Motorist Left Turn / Merge;Local Street;C: Possible Injury;Buncombe;36;Clear;#NULL!;11-15 mph;30 - 35  MPH;2013;Dark - Lighted Roadway;30-39
34.9789168453, -80.3817030906;"{""type"": ""Point"", ""coordinates"": [-80.38170309058385, 34.97891684533017]}";Black;None - Rural Crash;Travel Lane;2;20;Rural (<30% Developed);Male;Passenger Car;0;#NULL!;0;0;Black;No;0;50-59;Parallel Paths - Other / Unknown;None;No;No;Dry;0;Rural;No;08OCT2013;0;20:13;Female;No;Farms, Woods, Pastures;C: Possible Injury;Yes;O: No Injury;1585;October;0;Straight - Level;Piedmont;Unknown;No Control Present;Tuesday;Non-Intersection;58;0;Two-Way, Not Divided;2 lanes;0;#NULL!;SR 1740;Coarse Asphalt;#NULL!;No Special Feature;Parallel Paths - Other Circumstances;State Secondary Route;C: Possible Injury;Union;43;Clear;#NULL!;41-45 mph;50 - 55  MPH;2013;Dark - Roadway Not Lighted;40-49
35.1231669904, -77.0842021027;"{""type"": ""Point"", ""coordinates"": [-77.08420210267244, 35.1231669904171]}";White;New Bern;Bike Lane / Paved Shoulder;2;10;Urban (>70% Developed);Female;Passenger Car;0;#NULL!;0;0;White;No;0;50-59;Motorist Drive Out - Commercial Driveway / Alley;None;No;No;Dry;0;Urban;No;29OCT2013;0;10:13;Female;No;Commercial;C: Possible Injury;Yes;O: No Injury;1593;October;0;Straight - Level;Coastal;Facing Traffic;No Control Present;Tuesday;Non-Intersection;54;0;Two-Way, Not Divided;4 lanes;0;#NULL!;NEUSE BLVD;Smooth Asphalt;#NULL!;No Special Feature;Motorist Failed to Yield - Midblock;Local Street;C: Possible Injury;Craven;46;Clear;#NULL!;0-5 mph;30 - 35  MPH;2013;Daylight;40-49
35.7785669812, -81.3254034159;"{""type"": ""Point"", ""coordinates"": [-81.32540341590577, 35.77856698117328]}";White;Hickory;Travel Lane;2;16;Urban (>70% Developed);Male;Passenger Car;0;#NULL!;0;0;White;No;0;11-15;Motorist Right Turn - Same Direction;None;No;No;Dry;0;Urban;No;12SEP2013;0;16:39;Female;No;Residential;C: Possible Injury;Yes;O: No Injury;1580;September;0;Straight - Level;Piedmont;With Traffic;Stop Sign;Thursday;Intersection;12;0;Two-Way, Divided, Unprotected Median;5 lanes;0;#NULL!;NC 127;Coarse Asphalt;#NULL!;Related To Intersection;Motorist Right Turn / Merge;NC Route;C: Possible Injury;Catawba;18;Clear;#NULL!;6-10 mph;40 - 45  MPH;2013;Daylight;0-19
35.8498770964, -78.5787025947;"{""type"": ""Point"", ""coordinates"": [-78.5787025946981, 35.8498770964356]}";Black;Raleigh;Sidewalk / Crosswalk / Driveway Crossing;2;15;Urban (>70% Developed);Male;Sport Utility;0;#NULL!;0;0;Unknown/Missing;No;0;16-19;Crossing Paths - Midblock - Other / Unknown;None;No;No;Dry;0;Urban;Yes;03NOV2013;0;15:34;Unknown;Missing;Commercial;Unknown Injury;Yes;Unknown Injury;1626;November;0;Straight - Level;Piedmont;Facing Traffic;No Control Present;Sunday;Non-Intersection;18;0;Two-Way, Not Divided;2 lanes;0;#NULL!;PVA 5135 N NEW HOPE RD;Smooth Asphalt;#NULL!;No Special Feature;Crossing Paths - Other Circumstances;Public Vehicular Area;Unknown Injury;Wake;Unknown;Clear;#NULL!;0-5 mph;5 - 15 MPH;2013;Daylight;Unknown
35.9712671112, -78.9011026991;"{""type"": ""Point"", ""coordinates"": [-78.90110269912086, 35.971267111168466]}";Black;Durham;Sidewalk / Crosswalk / Driveway Crossing;2;9;Urban (>70% Developed);Male;Passenger Car;0;#NULL!;0;0;Other;No;0;70+;Motorist Drive Out - Right Turn on Red;None;No;No;Dry;0;Urban;No;12NOV2013;0;9:09;Female;No;Residential;B: Evident Injury;No;O: No Injury;1613;November;0;Straight - Level;Piedmont;Facing Traffic;Stop And Go Signal;Tuesday;Intersection;70+;0;Two-Way, Not Divided;2 lanes;0;#NULL!;CECIL ST;Smooth Asphalt;#NULL!;No Special Feature;Motorist Failed to Yield - Signalized Intersection;Local Street;B: Evident Injury;Durham;19;Clear;#NULL!;0-5 mph;30 - 35  MPH;2013;Daylight;0-19
35.7680470798, -78.5684025865;"{""type"": ""Point"", ""coordinates"": [-78.56840258649173, 35.768047079822374]}";White;Raleigh;Travel Lane;2;19;Urban (>70% Developed);Female;Passenger Car;0;#NULL!;0;0;Hispanic;No;0;20-24;Motorist Drive Out - Right Turn on Red;None;No;No;Dry;0;Urban;No;30OCT2013;0;19:25;Male;No;Commercial;C: Possible Injury;Yes;O: No Injury;1618;October;0;Straight - Grade;Piedmont;With Traffic;Stop And Go Signal;Wednesday;Intersection;24;0;Two-Way, Not Divided;5 lanes;0;#NULL!;POOLE RD;Smooth Asphalt;#NULL!;Driveway, Public;Motorist Failed to Yield - Signalized Intersection;Local Street;C: Possible Injury;Wake;33;Clear;#NULL!;6-10 mph;40 - 45  MPH;2013;Dark - Lighted Roadway;30-39
35.593406895, -82.5601037719;"{""type"": ""Point"", ""coordinates"": [-82.56010377193483, 35.59340689497143]}";White;Asheville;Travel Lane;2;11;Urban (>70% Developed);Female;Unknown;0;#NULL!;0;0;Unknown/Missing;No;0;25-29;Motorist Left Turn - Opposite Direction;None;No;No;Dry;0;Urban;Yes;15OCT2013;0;11:00;Unknown;Missing;Commercial;C: Possible Injury;No;Unknown Injury;1632;October;0;Straight - Level;Mountains;With Traffic;Double Yellow Line, No Passing Zone;Tuesday;Intersection;26;0;Two-Way, Not Divided;4 lanes;0;#NULL!;US 19;Coarse Asphalt;#NULL!;T-Intersection;Motorist Left Turn / Merge;US Route;C: Possible Injury;Buncombe;Unknown;Clear;#NULL!;6-10 mph;20 - 25  MPH;2013;Daylight;Unknown
36.0331371218, -78.9735027241;"{""type"": ""Point"", ""coordinates"": [-78.97350272412268, 36.03313712177503]}";White;Durham;Travel Lane;2;20;Urban (>70% Developed);Male;Passenger Car;0;#NULL!;0;0;Black;No;0;40-49;Motorist Overtaking - Undetected Bicyclist;None;No;No;Dry;0;Urban;No;15NOV2013;0;20:49;Female;No;Commercial;C: Possible Injury;Yes;O: No Injury;1627;November;0;Straight - Level;Piedmont;With Traffic;No Control Present;Friday;Non-Intersection;45;0;Two-Way, Not Divided;2 lanes;0;#NULL!;NEAL RD;Coarse Asphalt;#NULL!;No Special Feature;Motorist Overtaking Bicyclist;Local Street;C: Possible Injury;Durham;26;Cloudy;#NULL!;31-35 mph;30 - 35  MPH;2013;Dark - Roadway Not Lighted;25-29
35.3438569312, -80.1742030487;"{""type"": ""Point"", ""coordinates"": [-80.1742030487323, 35.34385693120822]}";Black;Albemarle;Non-Roadway;2;18;Urban (>70% Developed);Male;Pickup;0;#NULL!;0;0;White;No;0;11-15;Bicyclist Ride Out - Commercial Driveway / Alley;None;No;No;Dry;0;Urban;No;19OCT2013;0;18:44;Male;No;Commercial;C: Possible Injury;No;O: No Injury;1638;October;0;Straight - Level;Piedmont;Not Applicable;No Control Present;Saturday;Non-Intersection;13;0;Two-Way, Divided, Unprotected Median;5 lanes;0;#NULL!;NC 24;Smooth Asphalt;#NULL!;No Special Feature;Bicyclist Failed to Yield - Midblock;NC Route;C: Possible Injury;Stanly;59;Clear;#NULL!;41-45 mph;40 - 45  MPH;2013;Dusk;50-59
35.9968871165, -78.9150027039;"{""type"": ""Point"", ""coordinates"": [-78.91500270394296, 35.996887116507196]}";White;Durham;Travel Lane;2;19;Urban (>70% Developed);Male;Passenger Car;0;#NULL!;0;0;White;No;0;25-29;Motorist Left Turn - Opposite Direction;None;No;No;Dry;0;Urban;No;04NOV2013;0;19:19;Male;No;Commercial;C: Possible Injury;No;O: No Injury;1603;November;0;Straight - Level;Piedmont;With Traffic;Stop And Go Signal;Monday;Intersection;28;0;Two-Way, Not Divided;2 lanes;0;#NULL!;W CHAPEL HILL ST;Coarse Asphalt;#NULL!;No Special Feature;Motorist Left Turn / Merge;Local Street;C: Possible Injury;Durham;22;Clear;#NULL!;11-15 mph;30 - 35  MPH;2013;Dark - Lighted Roadway;20-24