Geo Point;Geo Shape;BikeRace;City;BikePos;NumUnits;CrashHour;Locality;BikeSex;DrvrVehTyp;NumBikesNo;BikeAlcDrg;NumBikesBI;RteInvdCd;DrvrRace;Workzone;NumBikesCi;BikeAgeGrp;CrashType;RdDefects;CrashAlcoh;BikeAlcoho;RdConditio;DstncMiFrm;RuralUrban;HitRun;CrashDate;NumBikesUI;CrashTime;DrvrSex;DrvrAlcoho;Developmen;CrashSevr;AmbulanceR;DrvrInjury;OBJECTID;CrashMonth;NumBikesKi;RdCharacte;Region;BikeDir;TraffCntrl;CrashDay;CrashLoc;BikeAge;NumBikesTo;RdConfig;NumLanes;NumBikesAI;DrvrAlcDrg;OnRoad;RdSurface;Towrd_Rd;RdFeature;CrashGrp;RdClass;BikeInjury;County;DrvrAge;Weather;FrmRd;DrvrEstSpd;SpeedLimit;CrashYear;LightCond;DrvrAgeGrp
35.08516698, -77.1497021214;"{""type"": ""Point"", ""coordinates"": [-77.14970212138135, 35.08516697996506]}";White;None - Rural Crash;Travel Lane;2;16;Urban (>70% Developed);Male;Sport Utility;0;#NULL!;0;0;White;No;0;50-59;Bicyclist Left Turn - Same Direction;None;No;No;Dry;0;Rural;No;06OCT2013;0;16:30;Female;No;Residential;B: Evident Injury;No;O: No Injury;1605;October;0;Straight - Level;Coastal;With Traffic;No Control Present;Sunday;Non-Intersection;51;0;Two-Way, Divided, Unprotected Median;4 lanes;0;#NULL!;US 17;Smooth Asphalt;#NULL!;No Special Feature;Bicyclist Left Turn / Merge;US Route;B: Evident Injury;Craven;26;Cloudy;#NULL!;56-60 mph;50 - 55  MPH;2013;Daylight;25-29
35.7334570947, -77.9173023878;"{""type"": ""Point"", ""coordinates"": [-77.91730238777559, 35.73345709472659]}";Black;Wilson;Sidewalk / Crosswalk / Driveway Crossing;2;16;Urban (>70% Developed);Male;Passenger Car;0;#NULL!;0;0;White;No;0;16-19;Motorist Left Turn - Opposite Direction;None;No;No;Wet;0;Urban;No;09OCT2013;0;16:50;Male;No;Residential;B: Evident Injury;Yes;O: No Injury;1617;October;0;Straight - Level;Coastal;With Traffic;Stop Sign;Wednesday;Intersection;16;0;Two-Way, Not Divided;2 lanes;0;#NULL!;ROUNTREE;Smooth Asphalt;#NULL!;Four-Way Intersection;Motorist Left Turn / Merge;Local Street;B: Evident Injury;Wilson;24;Rain;#NULL!;11-15 mph;30 - 35  MPH;2013;Daylight;20-24
35.6681269888, -80.4978031625;"{""type"": ""Point"", ""coordinates"": [-80.49780316251346, 35.66812698875986]}";Black;Salisbury;Non-Roadway;2;10;Urban (>70% Developed);Male;Passenger Car;0;#NULL!;0;0;Black;No;0;16-19;Non-Roadway;None;No;No;Dry;0;Urban;No;11NOV2013;0;10:51;Female;No;Commercial;B: Evident Injury;No;O: No Injury;1609;November;0;Straight - Level;Piedmont;Not Applicable;No Control Present;Monday;Non-Roadway;17;0;Two-Way, Not Divided;Unknown;0;#NULL!;PVA 850 W JAKE ALEXANDER;Smooth Asphalt;#NULL!;No Special Feature;Non-Roadway;Public Vehicular Area;B: Evident Injury;Rowan;24;Clear;#NULL!;11-15 mph;Unknown;2013;Daylight;20-24
34.2348367682, -77.8742023;"{""type"": ""Point"", ""coordinates"": [-77.87420230004015, 34.23483676818045]}";White;Wilmington;Sidewalk / Crosswalk / Driveway Crossing;2;20;Urban (>70% Developed);Male;Pickup;0;#NULL!;0;0;White;No;0;20-24;Signalized Intersection - Other / Unknown;None;No;No;Dry;0;Urban;No;07JAN2012;0;20:09;Male;No;Commercial;C: Possible Injury;No;O: No Injury;1767;January;0;Unknown;Coastal;With Traffic;Stop And Go Signal;Saturday;Intersection;23;0;Two-Way, Divided, Positive Median Barrier;8 lanes;0;#NULL!;#NULL!;Coarse Asphalt;#NULL!;No Special Feature;Crossing Paths - Other Circumstances;NC Route;C: Possible Injury;New Hanover;21;Clear;#NULL!;6-10 mph;40 - 45  MPH;2012;Dark - Lighted Roadway;20-24
35.2752968922, -80.854703248;"{""type"": ""Point"", ""coordinates"": [-80.85470324798357, 35.27529689217489]}";Black;Charlotte;Travel Lane;2;18;Urban (>70% Developed);Male;Passenger Car;0;#NULL!;0;0;Black;No;0;20-24;Motorist Drive Through - Sign-Controlled Intersection;Unknown;No;No;Dry;0;Urban;No;14FEB2012;0;18:55;Female;No;Commercial;C: Possible Injury;Yes;O: No Injury;1787;February;0;Straight - Level;Piedmont;With Traffic;Stop Sign;Tuesday;Intersection;22;0;Two-Way, Not Divided;2 lanes;0;#NULL!;#NULL!;Smooth Asphalt;#NULL!;T-Intersection;Motorist Failed to Yield - Sign-Controlled Intersection;Local Street;C: Possible Injury;Mecklenburg;60;Clear;#NULL!;0-5 mph;20 - 25  MPH;2012;Dark - Roadway Not Lighted;60-69
34.242116769, -77.8933023066;"{""type"": ""Point"", ""coordinates"": [-77.89330230664214, 34.24211676898841]}";White;Wilmington;Unknown;2;12;Mixed (30% To 70% Developed);Female;Passenger Car;0;#NULL!;0;0;White;No;0;20-24;Bicyclist Ride Out - Midblock - Unknown;None;No;No;Dry;0;Urban;No;01FEB2012;0;12:15;Male;No;Commercial;B: Evident Injury;Yes;O: No Injury;1796;February;0;Straight - Level;Coastal;Not Applicable;Flashing Stop And Go Signal;Wednesday;Non-Intersection;24;0;Two-Way, Divided, Unprotected Median;7 lanes;0;#NULL!;#NULL!;Smooth Asphalt;#NULL!;No Special Feature;Bicyclist Failed to Yield - Midblock;NC Route;B: Evident Injury;New Hanover;28;Clear;#NULL!;Unknown;40 - 45  MPH;2012;Daylight;25-29
35.7862370806, -78.6624026164;"{""type"": ""Point"", ""coordinates"": [-78.6624026163596, 35.786237080593274]}";White;Raleigh;Travel Lane;2;18;Urban (>70% Developed);Male;Passenger Car;0;#NULL!;0;0;White;No;0;20-24;Motorist Drive Out - Sign-Controlled Intersection;None;No;No;Dry;0;Urban;No;18FEB2012;0;18:13;Female;No;Commercial;C: Possible Injury;Yes;O: No Injury;1792;February;0;Straight - Level;Piedmont;With Traffic;Yield Sign;Saturday;Intersection;21;0;Two-Way, Divided, Unprotected Median;2 lanes;0;#NULL!;#NULL!;Smooth Asphalt;#NULL!;Traffic Circle/Roundabout;Motorist Failed to Yield - Sign-Controlled Intersection;Local Street;C: Possible Injury;Wake;16;Clear;#NULL!;6-10 mph;30 - 35  MPH;2012;Dusk;0-19
35.2607068758, -81.2070033516;"{""type"": ""Point"", ""coordinates"": [-81.2070033516435, 35.26070687578159]}";Black;Gastonia;Sidewalk / Crosswalk / Driveway Crossing;2;9;Urban (>70% Developed);Male;Pickup;0;#NULL!;0;0;Black;No;0;40-49;Motorist Drive Out - Right Turn on Red;None;No;No;Dry;0;Urban;No;03FEB2012;0;9:09;Female;No;Commercial;B: Evident Injury;Yes;O: No Injury;1795;February;0;Straight - Level;Piedmont;Facing Traffic;Stop And Go Signal;Friday;Intersection;49;0;Two-Way, Not Divided;3 lanes;0;#NULL!;#NULL!;Coarse Asphalt;#NULL!;Four-Way Intersection;Motorist Failed to Yield - Signalized Intersection;Local Street;B: Evident Injury;Gaston;26;Clear;#NULL!;0-5 mph;30 - 35  MPH;2012;Daylight;25-29
34.2359767684, -77.8734023005;"{""type"": ""Point"", ""coordinates"": [-77.87340230054205, 34.2359767684245]}";White;Wilmington;Unknown;2;17;Urban (>70% Developed);Male;Passenger Car;0;#NULL!;0;0;White;No;0;16-19;Bicyclist Ride Out - Midblock - Unknown;None;No;No;Dry;0;Urban;No;12JAN2012;0;17:34;Female;No;Commercial;C: Possible Injury;Yes;O: No Injury;1784;January;0;Straight - Level;Coastal;Unknown;No Control Present;Thursday;Non-Intersection;19;0;Two-Way, Divided, Unprotected Median;7 lanes;0;#NULL!;#NULL!;Smooth Asphalt;#NULL!;No Special Feature;Bicyclist Failed to Yield - Midblock;Local Street;C: Possible Injury;New Hanover;68;Clear;#NULL!;11-15 mph;40 - 45  MPH;2012;Dark - Lighted Roadway;60-69
35.903717092, -79.0464027384;"{""type"": ""Point"", ""coordinates"": [-79.04640273836074, 35.90371709195479]}";White;Chapel Hill;Travel Lane;2;16;Urban (>70% Developed);Male;Passenger Car;0;#NULL!;0;0;White;No;0;16-19;Motorist Left Turn - Opposite Direction;None;No;No;Dry;0;Urban;No;29JAN2012;0;16:41;Male;No;Institutional;B: Evident Injury;Yes;O: No Injury;1789;January;0;Straight - Level;Piedmont;With Traffic;Stop And Go Signal;Sunday;Intersection;18;0;Two-Way, Not Divided;4 lanes;0;#NULL!;#NULL!;Coarse Asphalt;#NULL!;Four-Way Intersection;Motorist Left Turn / Merge;Local Street;B: Evident Injury;Orange;45;Clear;#NULL!;6-10 mph;30 - 35  MPH;2012;Daylight;40-49
35.0551169146, -78.8775026435;"{""type"": ""Point"", ""coordinates"": [-78.87750264351037, 35.055116914609776]}";Hispanic;Fayetteville;Sidewalk / Crosswalk / Driveway Crossing;2;12;Urban (>70% Developed);Male;Sport Utility;0;#NULL!;0;0;White;No;0;20-24;Motorist Drive Out - Commercial Driveway / Alley;None;No;No;Dry;0;Urban;No;27SEP2013;0;12:12;Female;No;Commercial;B: Evident Injury;Yes;O: No Injury;1565;September;0;Straight - Level;Coastal;Facing Traffic;No Control Present;Friday;Non-Intersection;22;0;Two-Way, Not Divided;2 lanes;0;#NULL!;PVA 240 GREEN ST;Concrete;#NULL!;Driveway, Public;Motorist Failed to Yield - Midblock;Public Vehicular Area;B: Evident Injury;Cumberland;64;Clear;#NULL!;11-15 mph;5 - 15 MPH;2013;Daylight;60-69
34.5158468297, -77.9154023262;"{""type"": ""Point"", ""coordinates"": [-77.91540232618223, 34.51584682968161]}";White;None - Rural Crash;Travel Lane;2;7;Rural (<30% Developed);Male;Sport Utility;0;#NULL!;0;0;Unknown/Missing;No;0;40-49;Motorist Overtaking - Other / Unknown;None;No;No;Dry;0;Rural;Yes;11OCT2013;0;7:15;Unknown;No;Farms, Woods, Pastures;B: Evident Injury;Yes;Unknown Injury;1569;October;0;Straight - Level;Coastal;With Traffic;Double Yellow Line, No Passing Zone;Friday;Intersection-Related;46;0;Two-Way, Not Divided;2 lanes;0;#NULL!;SR 1412;Coarse Asphalt;#NULL!;No Special Feature;Motorist Overtaking Bicyclist;State Secondary Route;B: Evident Injury;Pender;Unknown;Clear;#NULL!;41-45 mph;50 - 55  MPH;2013;Daylight;Unknown
35.7782170783, -78.6775026207;"{""type"": ""Point"", ""coordinates"": [-78.67750262072873, 35.778217078314945]}";Asian;Raleigh;Sidewalk / Crosswalk / Driveway Crossing;2;12;Urban (>70% Developed);Female;Sport Utility;0;#NULL!;0;0;White;No;0;20-24;Motorist Drive Out - Sign-Controlled Intersection;None;No;No;Dry;0;Urban;No;27SEP2013;0;12:45;Male;No;Commercial;C: Possible Injury;No;O: No Injury;1549;September;0;Straight - Grade;Piedmont;Facing Traffic;Stop Sign;Friday;Intersection;23;0;Two-Way, Not Divided;4 lanes;0;#NULL!;PVA 2231 AVENT FERRY RD;Smooth Asphalt;#NULL!;T-Intersection;Motorist Failed to Yield - Sign-Controlled Intersection;Local Street;C: Possible Injury;Wake;18;Cloudy;#NULL!;0-5 mph;5 - 15 MPH;2013;Daylight;0-19
35.7984270887, -78.4873025638;"{""type"": ""Point"", ""coordinates"": [-78.48730256375248, 35.79842708873802]}";Black;Knightdale;Travel Lane;2;23;Urban (>70% Developed);Female;Passenger Car;0;#NULL!;0;0;Black;No;0;16-19;Bicyclist Failed to Clear - Unknown;None;Yes;Yes;Dry;0;Urban;No;11OCT2013;0;23:38;Male;No;Commercial;B: Evident Injury;Yes;O: No Injury;1562;October;0;Straight - Level;Piedmont;With Traffic;Stop And Go Signal;Friday;Intersection;18;0;Two-Way, Divided, Unprotected Median;8 lanes;0;#NULL!;KNIGHTDALE BLVD;Coarse Asphalt;#NULL!;Four-Way Intersection;Bicyclist Failed to Yield - Signalized Intersection;Local Street;B: Evident Injury;Wake;23;Cloudy;#NULL!;31-35 mph;40 - 45  MPH;2013;Dark - Roadway Not Lighted;20-24
35.9664570708, -79.9778030236;"{""type"": ""Point"", ""coordinates"": [-79.97780302361451, 35.966457070807365]}";Black;High Point;Travel Lane;2;21;Urban (>70% Developed);Male;Passenger Car;0;#NULL!;0;0;Unknown/Missing;No;0;16-19;Motorist Drive Out - Signalized Intersection;None;No;No;Dry;0;Urban;Yes;10SEP2013;0;21:30;Unknown;Missing;Residential;B: Evident Injury;No;Unknown Injury;1556;September;0;Straight - Level;Piedmont;With Traffic;Stop And Go Signal;Tuesday;Intersection;18;0;Two-Way, Not Divided;4 lanes;0;#NULL!;E KIVETT;Coarse Asphalt;#NULL!;T-Intersection;Motorist Failed to Yield - Signalized Intersection;Local Street;B: Evident Injury;Guilford;Unknown;Clear;#NULL!;Unknown;30 - 35  MPH;2013;Dark - Lighted Roadway;Unknown
36.3291571101, -80.9723033429;"{""type"": ""Point"", ""coordinates"": [-80.9723033428729, 36.32915711006206]}";White;None - Rural Crash;Travel Lane;2;16;Rural (<30% Developed);Male;Pickup;0;#NULL!;0;0;White;No;0;50-59;Motorist Overtaking - Misjudged Space;None;No;No;Wet;0;Rural;No;19OCT2013;0;16:17;Male;No;Farms, Woods, Pastures;B: Evident Injury;Yes;O: No Injury;1568;October;0;Straight - Level;Mountains;With Traffic;Double Yellow Line, No Passing Zone;Saturday;Non-Intersection;58;0;Two-Way, Not Divided;2 lanes;0;#NULL!;SR 1753;Smooth Asphalt;#NULL!;No Special Feature;Motorist Overtaking Bicyclist;State Secondary Route;B: Evident Injury;Wilkes;42;Cloudy;#NULL!;41-45 mph;50 - 55  MPH;2013;Daylight;40-49
35.5904371449, -75.4683016301;"{""type"": ""Point"", ""coordinates"": [-75.46830163008158, 35.59043714486723]}";White;None - Rural Crash;Sidewalk / Crosswalk / Driveway Crossing;2;10;Urban (>70% Developed);Male;Sport Utility;0;#NULL!;0;0;White;No;0;25-29;Crossing Paths - Uncontrolled Intersection;None;No;No;Dry;0;Rural;No;01OCT2013;0;10:42;Male;No;Commercial;C: Possible Injury;No;O: No Injury;1572;October;0;Straight - Level;Coastal;Facing Traffic;No Control Present;Tuesday;Intersection;27;0;Two-Way, Not Divided;2 lanes;0;#NULL!;NC 12;Coarse Asphalt;#NULL!;T-Intersection;Crossing Paths - Other Circumstances;Local Street;C: Possible Injury;Dare;41;Clear;#NULL!;0-5 mph;40 - 45  MPH;2013;Daylight;40-49
35.2620870038, -77.5812022616;"{""type"": ""Point"", ""coordinates"": [-77.58120226155053, 35.262087003819595]}";Black;Kinston;Travel Lane;2;9;Urban (>70% Developed);Male;Passenger Car;0;#NULL!;0;0;Unknown/Missing;No;0;40-49;Motorist Overtaking - Other / Unknown;None;No;No;Dry;0;Urban;Yes;17OCT2013;0;9:45;Unknown;Missing;Commercial;C: Possible Injury;No;Unknown Injury;1560;October;0;Straight - Level;Coastal;With Traffic;Stop And Go Signal;Thursday;Non-Intersection;48;0;Two-Way, Not Divided;4 lanes;0;#NULL!;NC 58;Coarse Asphalt;#NULL!;Four-Way Intersection;Motorist Overtaking Bicyclist;State Secondary Route;C: Possible Injury;Lenoir;Unknown;Clear;#NULL!;Unknown;20 - 25  MPH;2013;Daylight;Unknown
34.2198267645, -77.8867023029;"{""type"": ""Point"", ""coordinates"": [-77.88670230293239, 34.219826764499345]}";White;Wilmington;Travel Lane;2;11;Urban (>70% Developed);Male;Passenger Car;0;#NULL!;0;0;Black;No;0;16-19;Motorist Right Turn - Same Direction;None;No;No;Dry;0;Urban;No;20SEP2013;0;11:22;Female;No;Commercial;B: Evident Injury;No;O: No Injury;1557;September;0;Straight - Level;Coastal;With Traffic;Stop And Go Signal;Friday;Non-Intersection;19;0;Two-Way, Divided, Unprotected Median;4 lanes;0;#NULL!;S KERR AVE;Smooth Asphalt;#NULL!;No Special Feature;Motorist Right Turn / Merge;Local Street;B: Evident Injury;New Hanover;69;Cloudy;#NULL!;31-35 mph;40 - 45  MPH;2013;Daylight;60-69
35.2253468117, -82.724303799;"{""type"": ""Point"", ""coordinates"": [-82.7243037989843, 35.22534681172682]}";White;Brevard;Non-Roadway;2;9;Mixed (30% To 70% Developed);Male;Passenger Car;0;#NULL!;0;0;White;No;0;6-10;Non-Roadway;None;No;No;Dry;0;Urban;No;19MAR2013;0;9:55;Female;No;Residential;C: Possible Injury;Yes;O: No Injury;1564;March;0;Straight - Hillcrest;Mountains;Not Applicable;No Control Present;Tuesday;Non-Roadway;10;0;Two-Way, Not Divided;2 lanes;0;#NULL!;GREENVILLE HWY (276);Smooth Asphalt;#NULL!;No Special Feature;Non-Roadway;Local Street;C: Possible Injury;Transylvania;70+;Clear;#NULL!;0-5 mph;30 - 35  MPH;2013;Daylight;70+
34.2272367669, -77.8796023019;"{""type"": ""Point"", ""coordinates"": [-77.87960230190342, 34.22723676693235]}";White;Wilmington;Travel Lane;2;18;Urban (>70% Developed);Male;Sport Utility;0;#NULL!;0;0;Black;No;0;40-49;Motorist Drive Out - Signalized Intersection;None;No;No;Dry;0;Urban;No;28DEC2013;0;18:38;Female;No;Commercial;B: Evident Injury;Yes;O: No Injury;1741;December;0;Straight - Level;Coastal;Facing Traffic;Stop And Go Signal;Saturday;Intersection;42;0;Two-Way, Divided, Unprotected Median;4 lanes;0;#NULL!;S COLLEGE RD;Smooth Asphalt;#NULL!;T-Intersection;Motorist Failed to Yield - Signalized Intersection;NC Route;B: Evident Injury;New Hanover;24;Clear;#NULL!;0-5 mph;40 - 45  MPH;2013;Dark - Lighted Roadway;20-24
36.1019571166, -79.513402891;"{""type"": ""Point"", ""coordinates"": [-79.51340289099012, 36.101957116612546]}";White;Elon;Travel Lane;2;11;Urban (>70% Developed);Male;Single Unit Truck (3 Or More Axles);0;#NULL!;0;0;White;No;0;50-59;Bicyclist Ride Through - Sign-Controlled Intersection;None;No;No;Dry;0;Urban;No;26DEC2013;0;11:00;Male;No;Commercial;C: Possible Injury;No;O: No Injury;1742;December;0;Straight - Level;Piedmont;Unknown;Stop Sign;Thursday;Intersection-Related;54;0;Two-Way, Not Divided;2 lanes;0;#NULL!;W HAGGARD AVE;Smooth Asphalt;#NULL!;T-Intersection;Bicyclist Failed to Yield - Sign-Controlled Intersection;Local Street;C: Possible Injury;Alamance;56;Clear;#NULL!;31-35 mph;30 - 35  MPH;2013;Daylight;50-59
35.1244469904, -77.0914021047;"{""type"": ""Point"", ""coordinates"": [-77.09140210470449, 35.124446990430116]}";White;New Bern;Travel Lane;2;18;Urban (>70% Developed);Male;Passenger Car;0;#NULL!;0;0;Black;No;0;40-49;Motorist Drive Through - Sign-Controlled Intersection;None;No;No;Dry;0;Urban;No;16DEC2013;0;18:10;Female;No;Residential;B: Evident Injury;Yes;O: No Injury;1716;December;0;Straight - Level;Coastal;With Traffic;Stop Sign;Monday;Intersection;45;0;Two-Way, Not Divided;2 lanes;0;#NULL!;COLONIAL DRIVE;Smooth Asphalt;#NULL!;Four-Way Intersection;Motorist Failed to Yield - Sign-Controlled Intersection;Local Street;B: Evident Injury;Craven;23;Clear;#NULL!;0-5 mph;30 - 35  MPH;2013;Dark - Lighted Roadway;20-24
36.285857246, -76.9795021292;"{""type"": ""Point"", ""coordinates"": [-76.97950212922125, 36.28585724598889]}";Black;Ahoskie;Travel Lane;2;21;Urban (>70% Developed);Male;Unknown;0;#NULL!;0;0;Unknown/Missing;No;0;30-39;Motorist Overtaking - Other / Unknown;None;No;No;Dry;0;Rural;Yes;14OCT2013;0;21:10;Unknown;Missing;Residential;C: Possible Injury;Yes;Unknown Injury;1730;October;0;Straight - Level;Coastal;With Traffic;No Control Present;Monday;Intersection-Related;30;0;Two-Way, Not Divided;2 lanes;0;#NULL!;HAYES ST;Coarse Asphalt;#NULL!;No Special Feature;Motorist Overtaking Bicyclist;Local Street;C: Possible Injury;Hertford;Unknown;Cloudy;#NULL!;11-15 mph;30 - 35  MPH;2013;Daylight;Unknown
34.3145067553, -78.8169025887;"{""type"": ""Point"", ""coordinates"": [-78.81690258865711, 34.3145067553286]}";Native American;Chadbourn;Travel Lane;2;17;Urban (>70% Developed);Male;Passenger Car;0;#NULL!;0;0;Black;No;0;50-59;Motorist Overtaking - Bicyclist Swerved;None;No;No;Dry;0;Rural;No;22DEC2013;0;17:20;Female;No;Residential;B: Evident Injury;Yes;O: No Injury;1735;December;0;Straight - Level;Coastal;With Traffic;No Control Present;Sunday;Non-Intersection;54;0;Two-Way, Not Divided;2 lanes;0;#NULL!;EAST INSTITUTE ST;Smooth Asphalt;#NULL!;No Special Feature;Motorist Overtaking Bicyclist;Local Street;B: Evident Injury;Columbus;65;Clear;#NULL!;31-35 mph;30 - 35  MPH;2013;Daylight;60-69
35.8042870791, -78.8055026612;"{""type"": ""Point"", ""coordinates"": [-78.80550266119005, 35.80428707909555]}";White;Cary;Travel Lane;2;18;Urban (>70% Developed);Male;Sport Utility;0;#NULL!;0;0;Hispanic;No;0;60-69;Motorist Overtaking - Undetected Bicyclist;None;No;No;Dry;0;Urban;No;14NOV2013;0;18:19;Male;No;Commercial;C: Possible Injury;No;O: No Injury;1703;November;0;Curve - Level;Piedmont;With Traffic;No Control Present;Thursday;Non-Intersection;63;0;Two-Way, Not Divided;2 lanes;0;#NULL!;NC 54;Smooth Asphalt;#NULL!;No Special Feature;Motorist Overtaking Bicyclist;NC Route;C: Possible Injury;Wake;70+;Clear;#NULL!;26-30 mph;40 - 45  MPH;2013;Dark - Roadway Not Lighted;70+
35.7909170809, -78.6624026167;"{""type"": ""Point"", ""coordinates"": [-78.66240261669448, 35.79091708087896]}";White;Raleigh;Non-Roadway;2;14;Urban (>70% Developed);Male;Passenger Car;0;#NULL!;0;0;White;No;0;40-49;Motorist Right Turn - Same Direction;None;No;No;Dry;0;Urban;No;10JAN2012;0;14:05;Female;No;Commercial;C: Possible Injury;No;O: No Injury;1756;January;0;Straight - Grade;Piedmont;Not Applicable;No Control Present;Tuesday;Non-Intersection;41;0;Two-Way, Divided, Unprotected Median;4 lanes;0;#NULL!;#NULL!;Smooth Asphalt;#NULL!;No Special Feature;Motorist Right Turn / Merge;Local Street;C: Possible Injury;Wake;41;Clear;#NULL!;6-10 mph;30 - 35  MPH;2012;Daylight;40-49
35.0816668456, -80.9907032774;"{""type"": ""Point"", ""coordinates"": [-80.99070327740377, 35.08166684561742]}";Black;Charlotte;Travel Lane;2;17;Mixed (30% To 70% Developed);Male;Passenger Car;0;#NULL!;0;0;White;No;0;11-15;Bicyclist Left Turn - Same Direction;None;No;No;Dry;0;Urban;No;12JAN2012;0;17:13;Male;No;Residential;B: Evident Injury;No;O: No Injury;1758;January;0;Straight - Grade;Piedmont;With Traffic;No Control Present;Thursday;Non-Intersection;15;0;Two-Way, Not Divided;2 lanes;0;#NULL!;#NULL!;Smooth Asphalt;#NULL!;No Special Feature;Bicyclist Left Turn / Merge;NC Route;B: Evident Injury;Mecklenburg;56;Cloudy;#NULL!;41-45 mph;50 - 55  MPH;2012;Daylight;50-59
35.9137770938, -79.0500027403;"{""type"": ""Point"", ""coordinates"": [-79.0500027402633, 35.91377709384872]}";White;Chapel Hill;Sidewalk / Crosswalk / Driveway Crossing;2;16;Urban (>70% Developed);Male;Pickup;0;#NULL!;0;0;White;No;0;16-19;Non-Roadway;None;No;No;Dry;0;Urban;No;24SEP2013;0;16:29;Male;No;Institutional;C: Possible Injury;No;C: Possible Injury;1692;September;0;Straight - Level;Piedmont;Not Applicable;No Control Present;Tuesday;Non-Roadway;18;0;Two-Way, Not Divided;1 lane;0;#NULL!;ARBORETUM LN;Other;#NULL!;Driveway, Public;Non-Roadway;Public Vehicular Area;C: Possible Injury;Orange;43;Clear;#NULL!;0-5 mph;5 - 15 MPH;2013;Daylight;40-49
36.203587057, -81.6725035439;"{""type"": ""Point"", ""coordinates"": [-81.6725035438977, 36.20358705700525]}";White;Boone;Travel Lane;2;16;Urban (>70% Developed);Male;Pickup;0;#NULL!;0;0;White;No;0;20-24;Bicyclist Overtaking - Other / Unknown;None;No;No;Dry;0;Urban;No;14NOV2013;0;16:35;Male;No;Commercial;O: No Injury;No;O: No Injury;1710;November;0;Straight - Level;Mountains;With Traffic;Stop And Go Signal;Thursday;Intersection;20;0;Two-Way, Not Divided;5 lanes;0;#NULL!;NC 105;Coarse Asphalt;#NULL!;T-Intersection;Bicyclist Overtaking Motorist;NC Route;O: No Injury;Watauga;64;Clear;#NULL!;Unknown;30 - 35  MPH;2013;Daylight;60-69
34.2299467675, -77.8710022989;"{""type"": ""Point"", ""coordinates"": [-77.87100229885523, 34.22994676747887]}";Black;Wilmington;Sidewalk / Crosswalk / Driveway Crossing;2;18;Urban (>70% Developed);Female;Sport Utility;0;#NULL!;0;0;White;No;0;20-24;Motorist Drive Out - Sign-Controlled Intersection;None;No;No;Dry;0;Urban;No;14FEB2012;0;18:54;Male;No;Residential;C: Possible Injury;Yes;O: No Injury;1828;February;0;Straight - Level;Coastal;With Traffic;Stop Sign;Tuesday;Intersection;24;0;One-Way, Not Divided;2 lanes;0;#NULL!;#NULL!;Smooth Asphalt;#NULL!;No Special Feature;Motorist Failed to Yield - Sign-Controlled Intersection;Local Street;C: Possible Injury;New Hanover;21;Clear;#NULL!;6-10 mph;30 - 35  MPH;2012;Dark - Lighted Roadway;20-24
35.7055869666, -81.2936034023;"{""type"": ""Point"", ""coordinates"": [-81.2936034023036, 35.705586966630015]}";Black;Hickory;Non-Roadway;2;18;Urban (>70% Developed);Male;Unknown;0;#NULL!;0;0;Unknown/Missing;No;0;40-49;Signalized Intersection - Other / Unknown;Unknown;No;No;Unknown;0;Urban;Yes;06FEB2012;0;18:48;Unknown;No;Commercial;C: Possible Injury;Yes;Unknown Injury;1801;February;0;Straight - Grade;Piedmont;Not Applicable;Stop And Go Signal;Monday;Intersection;47;0;Two-Way, Divided, Unprotected Median;5 lanes;0;#NULL!;#NULL!;Smooth Asphalt;#NULL!;No Special Feature;Crossing Paths - Other Circumstances;Local Street;C: Possible Injury;Catawba;Unknown;Clear;#NULL!;Unknown;30 - 35  MPH;2012;Dark - Lighted Roadway;Unknown
35.240016887, -80.797803229;"{""type"": ""Point"", ""coordinates"": [-80.79780322903937, 35.240016887019344]}";Asian;Charlotte;Travel Lane;2;15;Urban (>70% Developed);Male;Passenger Car;0;#NULL!;0;0;Asian;No;0;20-24;Motorist Drive Out - Sign-Controlled Intersection;None;No;Missing;Dry;0;Urban;No;11MAR2012;0;15:37;Female;No;Residential;B: Evident Injury;No;O: No Injury;1827;March;0;Straight - Level;Piedmont;Facing Traffic;Stop Sign;Sunday;Intersection;20;0;Two-Way, Divided, Unprotected Median;9 or more lanes;0;#NULL!;#NULL!;Smooth Asphalt;#NULL!;No Special Feature;Motorist Failed to Yield - Sign-Controlled Intersection;Local Street;B: Evident Injury;Mecklenburg;23;Clear;#NULL!;6-10 mph;30 - 35  MPH;2012;Daylight;20-24
35.4752468704, -82.5580037638;"{""type"": ""Point"", ""coordinates"": [-82.55800376382636, 35.475246870405066]}";White;None - Rural Crash;Travel Lane;2;17;Urban (>70% Developed);Male;Passenger Car;0;#NULL!;0;0;White;No;0;20-24;Bicyclist Left Turn - Same Direction;None;No;No;Dry;0;Rural;No;01MAR2012;0;17:49;Male;No;Residential;C: Possible Injury;No;O: No Injury;1810;March;0;Straight - Level;Mountains;With Traffic;Double Yellow Line, No Passing Zone;Thursday;Intersection;24;0;Two-Way, Not Divided;2 lanes;0;#NULL!;#NULL!;Coarse Asphalt;#NULL!;T-Intersection;Bicyclist Left Turn / Merge;State Secondary Route;C: Possible Injury;Buncombe;36;Clear;#NULL!;16-20 mph;30 - 35  MPH;2012;Daylight;30-39