Geo Point;Geo Shape;BikeRace;City;BikePos;NumUnits;CrashHour;Locality;BikeSex;DrvrVehTyp;NumBikesNo;BikeAlcDrg;NumBikesBI;RteInvdCd;DrvrRace;Workzone;NumBikesCi;BikeAgeGrp;CrashType;RdDefects;CrashAlcoh;BikeAlcoho;RdConditio;DstncMiFrm;RuralUrban;HitRun;CrashDate;NumBikesUI;CrashTime;DrvrSex;DrvrAlcoho;Developmen;CrashSevr;AmbulanceR;DrvrInjury;OBJECTID;CrashMonth;NumBikesKi;RdCharacte;Region;BikeDir;TraffCntrl;CrashDay;CrashLoc;BikeAge;NumBikesTo;RdConfig;NumLanes;NumBikesAI;DrvrAlcDrg;OnRoad;RdSurface;Towrd_Rd;RdFeature;CrashGrp;RdClass;BikeInjury;County;DrvrAge;Weather;FrmRd;DrvrEstSpd;SpeedLimit;CrashYear;LightCond;DrvrAgeGrp
35.191166924, -79.4722028292;"{""type"": ""Point"", ""coordinates"": [-79.47220282919012, 35.191166924026916]}";Unknown/Missing;Pinehurst;Travel Lane;2;7;Mixed (30% To 70% Developed);Unknown;Pickup;0;#NULL!;0;0;White;No;0;Unknown;Motorist Drive Out - Sign-Controlled Intersection;None;Yes;Yes;Dry;0;Urban;No;28FEB2012;0;7:10;Male;No;Residential;O: No Injury;No;O: No Injury;1848;February;0;Straight - Level;Piedmont;With Traffic;Stop Sign;Tuesday;Intersection;Unknown;0;Two-Way, Not Divided;2 lanes;0;#NULL!;#NULL!;Smooth Asphalt;#NULL!;T-Intersection;Motorist Failed to Yield - Sign-Controlled Intersection;NC Route;Unknown Injury;Moore;63;Clear;#NULL!;6-10 mph;30 - 35  MPH;2012;Daylight;60-69
36.1262371098, -79.8319029878;"{""type"": ""Point"", ""coordinates"": [-79.83190298782638, 36.126237109846606]}";Hispanic;Greensboro;Travel Lane;2;19;Urban (>70% Developed);Male;Passenger Car;0;#NULL!;0;0;Hispanic;No;0;30-39;Motorist Overtaking - Other / Unknown;None;No;No;Wet;0;Urban;No;16FEB2012;0;19:43;Male;No;Residential;B: Evident Injury;Yes;O: No Injury;1820;February;0;Straight - Level;Piedmont;With Traffic;No Control Present;Thursday;Non-Intersection;32;0;Two-Way, Not Divided;5 lanes;0;#NULL!;#NULL!;Smooth Asphalt;#NULL!;No Special Feature;Motorist Overtaking Bicyclist;Local Street;B: Evident Injury;Guilford;70+;Rain;#NULL!;31-35 mph;30 - 35  MPH;2012;Dark - Lighted Roadway;70+
35.2556768765, -81.1745033417;"{""type"": ""Point"", ""coordinates"": [-81.17450334165319, 35.25567687652395]}";White;Gastonia;Travel Lane;2;15;Urban (>70% Developed);Male;Van;0;#NULL!;0;0;Black;No;0;25-29;Bicyclist Ride Through - Sign-Controlled Intersection;None;No;No;Dry;0;Urban;No;08MAR2012;0;15:22;Male;No;Residential;C: Possible Injury;Yes;O: No Injury;1850;March;0;Straight - Grade;Piedmont;With Traffic;Stop Sign;Thursday;Intersection;26;0;Two-Way, Not Divided;2 lanes;0;#NULL!;#NULL!;Coarse Asphalt;#NULL!;Four-Way Intersection;Bicyclist Failed to Yield - Sign-Controlled Intersection;Local Street;C: Possible Injury;Gaston;42;Cloudy;#NULL!;16-20 mph;30 - 35  MPH;2012;Daylight;40-49
35.0990288573, -80.7819332171;"{""type"": ""Point"", ""coordinates"": [-80.78193321714078, 35.099028857325685]}";Black;Charlotte;Travel Lane;2;20;Urban (>70% Developed);Male;Unknown;0;#NULL!;0;0;Unknown/Missing;No;0;16-19;Motorist Drive Out - Sign-Controlled Intersection;None;No;No;Dry;0;Urban;Yes;05SEP2009;0;20:24;Unknown;Missing;Commercial;C: Possible Injury;Yes;Unknown Injury;5424;September;0;Straight - Level;Piedmont;Facing Traffic;Stop Sign;Saturday;Intersection;17;0;Two-Way, Divided, Positive Median Barrier;2 lanes;0;#NULL!;#NULL!;Smooth Asphalt;#NULL!;T-Intersection;Motorist Failed to Yield - Sign-Controlled Intersection;Local Street;C: Possible Injury;Mecklenburg;Unknown;Clear;#NULL!;6-10 mph;5 - 15 MPH;2009;Dark - Lighted Roadway;Unknown
35.2147018794, -80.856963245;"{""type"": ""Point"", ""coordinates"": [-80.85696324495333, 35.21470187939905]}";White;Charlotte;Travel Lane;2;19;Urban (>70% Developed);Male;Passenger Car;0;#NULL!;0;0;Black;No;0;30-39;Motorist Drive Out - Sign-Controlled Intersection;None;No;No;Dry;0;Urban;No;29SEP2009;0;19:40;Female;No;Commercial;C: Possible Injury;No;O: No Injury;5428;September;0;Straight - Level;Piedmont;With Traffic;Flashing Signal With Stop Sign;Tuesday;Intersection;35;0;Two-Way, Not Divided;2 lanes;0;#NULL!;#NULL!;Smooth Asphalt;#NULL!;No Special Feature;Motorist Failed to Yield - Sign-Controlled Intersection;Local Street;C: Possible Injury;Mecklenburg;70+;Clear;#NULL!;6-10 mph;30 - 35  MPH;2009;Dark - Lighted Roadway;70+
35.0898429186, -78.9856526781;"{""type"": ""Point"", ""coordinates"": [-78.9856526780795, 35.08984291860812]}";Black;Fayetteville;Sidewalk / Crosswalk / Driveway Crossing;2;8;Urban (>70% Developed);Male;Pickup;0;#NULL!;0;0;White;No;0;20-24;Motorist Left Turn - Same Direction;None;No;No;Dry;0;Urban;No;19AUG2009;0;8:39;Male;No;Commercial;C: Possible Injury;No;Unknown Injury;5429;August;0;Straight - Level;Coastal;Facing Traffic;No Control Present;Wednesday;Non-Intersection;23;0;Two-Way, Not Divided;3 lanes;0;#NULL!;#NULL!;Grooved Concrete;#NULL!;No Special Feature;Motorist Left Turn / Merge;Local Street;C: Possible Injury;Cumberland;57;Clear;#NULL!;6-10 mph;30 - 35  MPH;2009;Daylight;50-59
36.0203010878, -79.8241329802;"{""type"": ""Point"", ""coordinates"": [-79.82413298015162, 36.020301087787495]}";White;Greensboro;Sidewalk / Crosswalk / Driveway Crossing;2;15;Urban (>70% Developed);Female;Sport Utility;0;#NULL!;0;0;Black;No;0;50-59;Motorist Drive Out - Sign-Controlled Intersection;None;No;No;Dry;0;Urban;No;27JUL2009;0;15:46;Female;No;Residential;B: Evident Injury;Yes;O: No Injury;5439;July;0;Straight - Bottom;Piedmont;Facing Traffic;Human Control;Monday;Intersection;52;0;Two-Way, Divided, Positive Median Barrier;4 lanes;0;#NULL!;#NULL!;Smooth Asphalt;#NULL!;T-Intersection;Motorist Failed to Yield - Sign-Controlled Intersection;Local Street;B: Evident Injury;Guilford;28;Cloudy;#NULL!;Unknown;30 - 35  MPH;2009;Daylight;25-29
35.1525638648, -80.8763232477;"{""type"": ""Point"", ""coordinates"": [-80.87632324774921, 35.15256386475949]}";Hispanic;Charlotte;Travel Lane;2;11;Urban (>70% Developed);Male;Passenger Car;0;#NULL!;0;0;Black;No;0;20-24;Motorist Left Turn - Opposite Direction;None;No;No;Dry;0;Urban;No;29MAY2009;0;11:07;Male;No;Commercial;C: Possible Injury;No;O: No Injury;5440;May;0;Straight - Level;Piedmont;Facing Traffic;Stop And Go Signal;Friday;Intersection;24;0;Two-Way, Divided, Unprotected Median;5 lanes;0;#NULL!;#NULL!;Smooth Asphalt;#NULL!;No Special Feature;Motorist Left Turn / Merge;Local Street;C: Possible Injury;Mecklenburg;55;Clear;#NULL!;0-5 mph;30 - 35  MPH;2009;Daylight;50-59
35.1567768645, -80.9222132616;"{""type"": ""Point"", ""coordinates"": [-80.92221326161189, 35.15677686454038]}";White;Charlotte;Travel Lane;2;18;Urban (>70% Developed);Male;Passenger Car;0;#NULL!;0;0;Black;No;0;50-59;Motorist Drive Out - Sign-Controlled Intersection;None;No;No;Dry;0;Urban;No;13JAN2009;0;18:47;Female;No;Residential;C: Possible Injury;No;O: No Injury;5448;January;0;Straight - Level;Piedmont;Facing Traffic;Stop Sign;Tuesday;Intersection;51;0;Two-Way, Divided, Positive Median Barrier;2 lanes;0;#NULL!;#NULL!;Smooth Asphalt;#NULL!;T-Intersection;Motorist Failed to Yield - Sign-Controlled Intersection;Local Street;C: Possible Injury;Mecklenburg;22;Clear;#NULL!;0-5 mph;20 - 25  MPH;2009;Dark - Roadway Not Lighted;20-24
35.2034368787, -80.800573228;"{""type"": ""Point"", ""coordinates"": [-80.80057322796196, 35.20343687873257]}";White;Charlotte;Travel Lane;2;15;Urban (>70% Developed);Male;Passenger Car;0;#NULL!;0;0;Black;No;0;50-59;Motorist Left Turn - Opposite Direction;None;No;No;Dry;0;Urban;No;08FEB2008;0;15:52;Female;No;Commercial;K: Killed;Yes;O: No Injury;5459;February;0;Curve - Hillcrest;Piedmont;With Traffic;Stop And Go Signal;Friday;Intersection;58;0;Two-Way, Divided, Positive Median Barrier;3 lanes;0;#NULL!;#NULL!;Smooth Asphalt;#NULL!;Four-Way Intersection;Motorist Left Turn / Merge;Local Street;K: Killed;Mecklenburg;50;Clear;#NULL!;21-25 mph;30 - 35  MPH;2008;Daylight;50-59
35.1592588653, -80.898133255;"{""type"": ""Point"", ""coordinates"": [-80.89813325501713, 35.159258865303045]}";Black;Charlotte;Travel Lane;2;11;Urban (>70% Developed);Female;Passenger Car;0;#NULL!;0;0;Black;No;0;6-10;Bicyclist Ride Through - Sign-Controlled Intersection;None;No;No;Dry;0;Urban;No;18FEB2008;0;11:50;Female;No;Residential;C: Possible Injury;No;O: No Injury;5460;February;0;Straight - Grade;Piedmont;With Traffic;Stop Sign;Monday;Intersection-Related;9;0;Two-Way, Not Divided;2 lanes;0;#NULL!;#NULL!;Smooth Asphalt;#NULL!;T-Intersection;Bicyclist Failed to Yield - Sign-Controlled Intersection;Local Street;C: Possible Injury;Mecklenburg;20;Clear;#NULL!;6-10 mph;20 - 25  MPH;2008;Daylight;20-24
35.2879438948, -80.8584472498;"{""type"": ""Point"", ""coordinates"": [-80.85844724977764, 35.28794389481859]}";Black;Charlotte;Travel Lane;2;14;Urban (>70% Developed);Male;Commercial Bus;0;#NULL!;0;0;Black;No;0;30-39;Motorist Drive Out - Sign-Controlled Intersection;None;No;No;Dry;0;Urban;No;05MAR2008;0;14:20;Female;No;Commercial;O: No Injury;No;O: No Injury;5469;March;0;Straight - Level;Piedmont;Facing Traffic;Stop Sign;Wednesday;Intersection;32;0;Two-Way, Not Divided;3 lanes;0;#NULL!;#NULL!;Smooth Asphalt;#NULL!;T-Intersection;Motorist Failed to Yield - Sign-Controlled Intersection;Local Street;O: No Injury;Mecklenburg;46;Clear;#NULL!;0-5 mph;30 - 35  MPH;2008;Daylight;40-49
35.8293950814, -78.9002486909;"{""type"": ""Point"", ""coordinates"": [-78.90024869085109, 35.82939508141362]}";White;Cary;Travel Lane;2;18;Mixed (30% To 70% Developed);Female;Pickup;0;#NULL!;0;0;Unknown/Missing;No;0;40-49;Motorist Overtaking - Misjudged Space;None;No;No;Dry;0;Urban;Yes;18MAR2008;0;18:00;Unknown;Missing;Residential;O: No Injury;No;Unknown Injury;5472;March;0;Straight - Grade;Piedmont;With Traffic;No Control Present;Tuesday;Non-Intersection;46;0;Two-Way, Not Divided;2 lanes;0;#NULL!;#NULL!;Coarse Asphalt;#NULL!;No Special Feature;Motorist Overtaking Bicyclist;State Secondary Route;O: No Injury;Wake;Unknown;Clear;#NULL!;36-40 mph;40 - 45  MPH;2008;Dusk;Unknown
35.7870929984, -80.918663295;"{""type"": ""Point"", ""coordinates"": [-80.91866329497819, 35.787092998399196]}";White;Statesville;Travel Lane;2;15;Urban (>70% Developed);Male;Passenger Car;0;#NULL!;0;0;White;No;0;50-59;Motorist Drive Through - Sign-Controlled Intersection;None;No;No;Dry;0;Urban;No;09JAN2008;0;15:05;Female;No;Commercial;C: Possible Injury;Yes;O: No Injury;5485;January;0;Straight - Level;Piedmont;With Traffic;Stop Sign;Wednesday;Intersection;51;0;Two-Way, Not Divided;2 lanes;0;#NULL!;#NULL!;Smooth Asphalt;#NULL!;T-Intersection;Motorist Failed to Yield - Sign-Controlled Intersection;Local Street;C: Possible Injury;Iredell;59;Clear;#NULL!;0-5 mph;30 - 35  MPH;2008;Daylight;50-59
35.8569440978, -78.5935425998;"{""type"": ""Point"", ""coordinates"": [-78.59354259975994, 35.856944097819245]}";White;Raleigh;Sidewalk / Crosswalk / Driveway Crossing;2;18;Urban (>70% Developed);Male;Passenger Car;0;#NULL!;0;0;White;No;0;25-29;Non-Roadway;None;No;No;Dry;0;Urban;No;14JAN2008;0;18:33;Female;No;Commercial;O: No Injury;No;O: No Injury;5496;January;0;Straight - Level;Piedmont;Not Applicable;Missing;Monday;Non-Roadway;26;0;Two-Way, Not Divided;Unknown;0;#NULL!;#NULL!;Smooth Asphalt;#NULL!;Driveway, Public;Non-Roadway;Public Vehicular Area;O: No Injury;Wake;56;Clear;#NULL!;Unknown;5 - 15 MPH;2008;Dark - Lighted Roadway;50-59
35.983717054, -80.5336031911;"{""type"": ""Point"", ""coordinates"": [-80.53360319112072, 35.983717054026556]}";White;None - Rural Crash;Travel Lane;2;11;Mixed (30% To 70% Developed);Male;Police;0;#NULL!;0;0;White;No;0;40-49;Parallel Paths - Other / Unknown;None;No;No;Dry;0;Rural;No;26JAN2008;0;11:30;Male;No;Residential;C: Possible Injury;No;O: No Injury;5513;January;0;Straight - Level;Piedmont;With Traffic;Missing;Saturday;Non-Intersection;41;0;Two-Way, Not Divided;2 lanes;0;#NULL!;#NULL!;Smooth Asphalt;#NULL!;No Special Feature;Parallel Paths - Other Circumstances;State Secondary Route;C: Possible Injury;Davie;61;Clear;#NULL!;Unknown;50 - 55  MPH;2008;Daylight;60-69
35.6888229149, -82.560643777;"{""type"": ""Point"", ""coordinates"": [-82.56064377703368, 35.68882291490936]}";White;Weaverville;Travel Lane;2;16;Urban (>70% Developed);Male;Passenger Car;0;#NULL!;0;0;White;No;0;60-69;Motorist Overtaking - Misjudged Space;None;No;No;Dry;0;Rural;No;29JAN2008;0;16:35;Female;No;Residential;C: Possible Injury;No;O: No Injury;5519;January;0;Curve - Level;Mountains;With Traffic;Missing;Tuesday;Non-Intersection;69;0;Two-Way, Not Divided;2 lanes;0;#NULL!;#NULL!;Smooth Asphalt;#NULL!;No Special Feature;Motorist Overtaking Bicyclist;Local Street;C: Possible Injury;Buncombe;24;Cloudy;#NULL!;41-45 mph;40 - 45  MPH;2008;Daylight;20-24
34.258410775, -77.8360822901;"{""type"": ""Point"", ""coordinates"": [-77.83608229007709, 34.25841077499584]}";White;Wilmington;Travel Lane;2;13;Urban (>70% Developed);Male;Single Unit Truck (2-Axle, 6-Tire);0;#NULL!;0;0;Black;No;0;30-39;Motorist Overtaking - Misjudged Space;None;No;No;Dry;0;Urban;No;29JAN2008;0;13:13;Male;No;Commercial;A: Disabling Injury;Yes;O: No Injury;5520;January;0;Straight - Level;Coastal;With Traffic;Missing;Tuesday;Non-Intersection;39;0;Two-Way, Not Divided;5 lanes;0;#NULL!;#NULL!;Coarse Asphalt;#NULL!;No Special Feature;Motorist Overtaking Bicyclist;Local Street;A: Disabling Injury;New Hanover;46;Clear;#NULL!;41-45 mph;40 - 45  MPH;2008;Daylight;40-49
35.6603070505, -78.7467426353;"{""type"": ""Point"", ""coordinates"": [-78.74674263532977, 35.66030705049426]}";White;None - Rural Crash;Bike Lane / Paved Shoulder;2;7;Rural (<30% Developed);Male;Pickup;0;#NULL!;0;0;White;No;0;16-19;Motorist Overtaking - Other / Unknown;None;No;No;Dry;0;Rural;No;30JAN2008;0;7:32;Male;No;Farms, Woods, Pastures;C: Possible Injury;Yes;O: No Injury;5522;January;0;Straight - Grade;Piedmont;With Traffic;Double Yellow Line, No Passing Zone;Wednesday;Non-Intersection;17;0;Two-Way, Not Divided;2 lanes;0;#NULL!;#NULL!;Smooth Asphalt;#NULL!;No Special Feature;Motorist Overtaking Bicyclist;State Secondary Route;C: Possible Injury;Wake;70+;Cloudy;#NULL!;21-25 mph;40 - 45  MPH;2008;Daylight;70+
35.79033708, -78.6791526221;"{""type"": ""Point"", ""coordinates"": [-78.67915262206466, 35.790337080038086]}";Black;Raleigh;Unknown;2;14;Urban (>70% Developed);Female;Passenger Car;0;#NULL!;0;0;White;No;0;40-49;Motorist Right Turn - Same Direction;None;No;No;Dry;0;Urban;No;20JAN2008;0;14:11;Female;No;Institutional;B: Evident Injury;Yes;O: No Injury;5524;January;0;Straight - Bottom;Piedmont;With Traffic;Stop And Go Signal;Sunday;Non-Intersection;42;0;Two-Way, Not Divided;3 lanes;0;#NULL!;#NULL!;Coarse Asphalt;#NULL!;Driveway, Public;Motorist Right Turn / Merge;Local Street;B: Evident Injury;Wake;22;Clear;#NULL!;0-5 mph;30 - 35  MPH;2008;Daylight;20-24
34.3257467571, -78.8213065902;"{""type"": ""Point"", ""coordinates"": [-78.82130659023686, 34.325746757140976]}";Black;Chadbourn;Other;2;14;Urban (>70% Developed);Male;Pickup;0;#NULL!;0;0;Black;No;0;6-10;Bicyclist Ride Out - Other Midblock;None;No;No;Dry;0;Rural;No;02FEB2008;0;14:20;Male;No;Institutional;O: No Injury;No;O: No Injury;5533;February;0;Straight - Level;Coastal;Not Applicable;No Control Present;Saturday;Non-Intersection;8;0;Two-Way, Not Divided;2 lanes;0;#NULL!;#NULL!;Smooth Asphalt;#NULL!;No Special Feature;Bicyclist Failed to Yield - Midblock;Local Street;O: No Injury;Columbus;19;Clear;#NULL!;6-10 mph;20 - 25  MPH;2008;Daylight;0-19
34.2740867771, -77.8841723054;"{""type"": ""Point"", ""coordinates"": [-77.88417230543018, 34.274086777053824]}";White;None - Rural Crash;Travel Lane;2;10;Rural (<30% Developed);Male;Sport Utility;0;#NULL!;0;0;White;No;0;11-15;Bicyclist Ride Through - Sign-Controlled Intersection;Unknown;No;No;Unknown;0;Rural;No;04FEB2008;0;10:46;Female;No;Residential;O: No Injury;No;O: No Injury;5535;February;0;Straight - Level;Coastal;With Traffic;Stop Sign;Monday;Intersection;13;0;Two-Way, Not Divided;2 lanes;0;#NULL!;#NULL!;Smooth Asphalt;#NULL!;Four-Way Intersection;Bicyclist Failed to Yield - Sign-Controlled Intersection;State Secondary Route;O: No Injury;New Hanover;56;Other;#NULL!;16-20 mph;30 - 35  MPH;2008;Unknown;50-59
36.282397245, -76.9799221296;"{""type"": ""Point"", ""coordinates"": [-76.97992212960668, 36.28239724495226]}";Black;Ahoskie;Travel Lane;2;13;Urban (>70% Developed);Male;Passenger Car;0;#NULL!;0;0;Black;No;0;60-69;Motorist Drive Through - Sign-Controlled Intersection;None;No;No;Dry;0;Rural;No;04FEB2008;0;13:38;Female;No;Residential;C: Possible Injury;No;O: No Injury;5538;February;0;Straight - Level;Coastal;Facing Traffic;Stop Sign;Monday;Intersection;68;0;Two-Way, Not Divided;2 lanes;0;#NULL!;#NULL!;Smooth Asphalt;#NULL!;Y-Intersection;Motorist Failed to Yield - Sign-Controlled Intersection;Local Street;C: Possible Injury;Hertford;70+;Clear;#NULL!;6-10 mph;30 - 35  MPH;2008;Daylight;70+
35.7228540623, -78.7798226482;"{""type"": ""Point"", ""coordinates"": [-78.77982264821962, 35.7228540622947]}";White;Cary;Other;2;9;Urban (>70% Developed);Male;Passenger Car;0;#NULL!;0;0;White;Yes;0;40-49;Motorist Drive Out - Sign-Controlled Intersection;None;No;No;Dry;0;Urban;No;19APR2008;0;9:00;Female;No;Residential;B: Evident Injury;Yes;O: No Injury;5541;April;0;Straight - Level;Piedmont;Facing Traffic;Stop Sign;Saturday;Intersection;45;0;Two-Way, Divided, Unprotected Median;2 lanes;0;#NULL!;#NULL!;Smooth Asphalt;#NULL!;T-Intersection;Motorist Failed to Yield - Sign-Controlled Intersection;Local Street;B: Evident Injury;Wake;25;Clear;#NULL!;0-5 mph;20 - 25  MPH;2008;Daylight;25-29
36.0578031263, -79.0030527338;"{""type"": ""Point"", ""coordinates"": [-79.00305273383269, 36.05780312628414]}";White;None - Rural Crash;Travel Lane;2;13;Mixed (30% To 70% Developed);Female;Unknown;0;#NULL!;0;0;Unknown/Missing;No;0;40-49;Motorist Overtaking - Misjudged Space;None;No;No;Dry;0;Rural;Yes;15FEB2008;0;13:45;Unknown;Missing;Residential;O: No Injury;No;Unknown Injury;5557;February;0;Straight - Level;Piedmont;With Traffic;Missing;Friday;Non-Intersection;47;0;Two-Way, Not Divided;2 lanes;0;#NULL!;#NULL!;Smooth Asphalt;#NULL!;No Special Feature;Motorist Overtaking Bicyclist;State Secondary Route;O: No Injury;Orange;Unknown;Clear;#NULL!;41-45 mph;40 - 45  MPH;2008;Daylight;Unknown
34.2600887758, -77.8264022866;"{""type"": ""Point"", ""coordinates"": [-77.82640228659261, 34.26008877583275]}";White;Wilmington;Travel Lane;2;6;Urban (>70% Developed);Male;Passenger Car;0;#NULL!;0;0;White;No;0;40-49;Motorist Overtaking - Undetected Bicyclist;Unknown;No;No;Wet;0;Urban;No;18FEB2008;0;6:43;Female;No;Commercial;B: Evident Injury;Yes;O: No Injury;5566;February;0;Straight - Level;Coastal;With Traffic;No Control Present;Monday;Non-Intersection;43;0;Two-Way, Divided, Positive Median Barrier;5 lanes;0;#NULL!;#NULL!;Coarse Asphalt;#NULL!;No Special Feature;Motorist Overtaking Bicyclist;Local Street;B: Evident Injury;New Hanover;47;Rain;#NULL!;16-20 mph;40 - 45  MPH;2008;Dark - Unknown Lighting;40-49
35.3023830025, -77.8908123576;"{""type"": ""Point"", ""coordinates"": [-77.89081235764836, 35.30238300253424]}";White;None - Rural Crash;Travel Lane;2;14;Rural (<30% Developed);Male;Passenger Car;0;#NULL!;0;0;Hispanic;No;0;11-15;Motorist Overtaking - Bicyclist Swerved;None;No;No;Dry;0;Rural;No;24FEB2008;0;14:10;Male;No;Farms, Woods, Pastures;B: Evident Injury;Yes;O: No Injury;5575;February;0;Straight - Level;Coastal;With Traffic;No Control Present;Sunday;Non-Intersection;15;0;Two-Way, Not Divided;2 lanes;0;#NULL!;#NULL!;Coarse Asphalt;#NULL!;No Special Feature;Motorist Overtaking Bicyclist;State Secondary Route;B: Evident Injury;Wayne;36;Clear;#NULL!;36-40 mph;50 - 55  MPH;2008;Daylight;30-39
36.043337082, -80.1159770697;"{""type"": ""Point"", ""coordinates"": [-80.11597706970285, 36.043337081982564]}";White;None - Rural Crash;Travel Lane;2;14;Mixed (30% To 70% Developed);Female;Passenger Car;0;#NULL!;0;0;White;No;0;16-19;Bicyclist Left Turn - Same Direction;None;No;No;Dry;0;Rural;No;03MAR2008;0;14:00;Male;No;Residential;C: Possible Injury;Yes;O: No Injury;5591;March;0;Straight - Level;Piedmont;With Traffic;Double Yellow Line, No Passing Zone;Monday;Non-Intersection;18;0;Two-Way, Not Divided;2 lanes;0;#NULL!;#NULL!;Smooth Asphalt;#NULL!;No Special Feature;Bicyclist Left Turn / Merge;State Secondary Route;C: Possible Injury;Forsyth;35;Clear;#NULL!;46-50 mph;40 - 45  MPH;2008;Daylight;30-39
36.2032042131, -77.4175222592;"{""type"": ""Point"", ""coordinates"": [-77.41752225919056, 36.20320421305309]}";Black;None - Rural Crash;Travel Lane;2;17;Rural (<30% Developed);Male;Passenger Car;0;#NULL!;0;0;Black;No;0;16-19;Bicyclist Left Turn - Same Direction;None;No;No;Dry;0;Rural;No;03MAR2008;0;17:14;Female;No;Farms, Woods, Pastures;C: Possible Injury;Yes;O: No Injury;5592;March;0;Straight - Level;Coastal;With Traffic;Missing;Monday;Non-Intersection;17;0;Two-Way, Divided, Unprotected Median;2 lanes;0;#NULL!;#NULL!;Smooth Asphalt;#NULL!;No Special Feature;Bicyclist Left Turn / Merge;NC Route;C: Possible Injury;Halifax;46;Clear;#NULL!;51-55 mph;50 - 55  MPH;2008;Daylight;40-49
35.9312391413, -77.8128123655;"{""type"": ""Point"", ""coordinates"": [-77.81281236549198, 35.93123914125182]}";Black;Rocky Mount;Travel Lane;2;20;Urban (>70% Developed);Male;Unknown;0;#NULL!;0;0;Unknown/Missing;No;0;40-49;Motorist Overtaking - Other / Unknown;None;Yes;Yes;Wet;0;Urban;Yes;07MAR2008;0;20:07;Unknown;Missing;Commercial;A: Disabling Injury;Yes;Unknown Injury;5601;March;0;Straight - Level;Coastal;With Traffic;Stop Sign;Friday;Intersection;43;0;Two-Way, Divided, Unprotected Median;4 lanes;0;#NULL!;#NULL!;Smooth Asphalt;#NULL!;T-Intersection;Motorist Overtaking Bicyclist;Local Street;A: Disabling Injury;Nash;Unknown;Rain;#NULL!;41-45 mph;40 - 45  MPH;2008;Dark - Lighted Roadway;Unknown
36.0983842472, -75.7230017331;"{""type"": ""Point"", ""coordinates"": [-75.72300173311827, 36.09838424721723]}";White;Kitty Hawk;Travel Lane;2;11;Urban (>70% Developed);Female;Pickup;0;#NULL!;0;0;White;No;0;11-15;Bicyclist Ride Through - Signalized Intersection;None;No;No;Wet;0;Rural;No;08MAR2008;0;11:30;Male;No;Commercial;B: Evident Injury;Yes;O: No Injury;5603;March;0;Straight - Hillcrest;Coastal;With Traffic;Stop And Go Signal;Saturday;Intersection;13;0;Two-Way, Not Divided;5 lanes;0;#NULL!;#NULL!;Coarse Asphalt;#NULL!;Four-Way Intersection;Bicyclist Failed to Yield - Signalized Intersection;Local Street;B: Evident Injury;Dare;31;Rain;#NULL!;41-45 mph;50 - 55  MPH;2008;Daylight;30-39
36.0874251044, -79.7635989661;"{""type"": ""Point"", ""coordinates"": [-79.76359896613508, 36.08742510444103]}";Black;Greensboro;Travel Lane;2;0;Urban (>70% Developed);Male;Passenger Car;0;#NULL!;0;0;Black;No;0;40-49;Bicyclist Right Turn - Same Direction;None;Yes;Yes;Dry;0;Urban;No;09MAR2008;0;0:11;Female;No;Commercial;B: Evident Injury;Yes;O: No Injury;5606;March;0;Straight - Grade;Piedmont;Facing Traffic;Missing;Sunday;Intersection;40;0;Two-Way, Divided, Positive Median Barrier;6 lanes;0;#NULL!;#NULL!;Smooth Asphalt;#NULL!;T-Intersection;Bicyclist Right Turn / Merge;Local Street;B: Evident Injury;Guilford;42;Clear;#NULL!;41-45 mph;40 - 45  MPH;2008;Dark - Lighted Roadway;40-49
35.9361370985, -79.0355427373;"{""type"": ""Point"", ""coordinates"": [-79.03554273729898, 35.93613709846184]}";White;Chapel Hill;Sidewalk / Crosswalk / Driveway Crossing;2;15;Urban (>70% Developed);Male;Passenger Car;0;#NULL!;0;0;White;No;0;11-15;Motorist Drive Out - Sign-Controlled Intersection;None;No;No;Dry;0;Urban;No;11MAR2008;0;15:24;Male;No;Residential;B: Evident Injury;Yes;O: No Injury;5608;March;0;Straight - Bottom;Piedmont;Facing Traffic;Stop Sign;Tuesday;Intersection;12;0;Two-Way, Not Divided;2 lanes;0;#NULL!;#NULL!;Smooth Asphalt;#NULL!;T-Intersection;Motorist Failed to Yield - Sign-Controlled Intersection;Local Street;B: Evident Injury;Orange;49;Clear;#NULL!;0-5 mph;20 - 25  MPH;2008;Daylight;40-49
35.4418019272, -80.8573792576;"{""type"": ""Point"", ""coordinates"": [-80.85737925758662, 35.44180192719564]}";White;Huntersville;Travel Lane;2;15;Urban (>70% Developed);Male;Passenger Car;0;#NULL!;0;0;Hispanic;No;0;40-49;Motorist Drive Out - Sign-Controlled Intersection;None;No;No;Dry;0;Urban;No;11MAR2008;0;15:08;Male;No;Commercial;B: Evident Injury;Yes;O: No Injury;5610;March;0;Straight - Level;Piedmont;Facing Traffic;Double Yellow Line, No Passing Zone;Tuesday;Intersection;48;0;Two-Way, Not Divided;2 lanes;0;#NULL!;#NULL!;Smooth Asphalt;#NULL!;T-Intersection;Motorist Failed to Yield - Sign-Controlled Intersection;Local Street;B: Evident Injury;Mecklenburg;55;Clear;#NULL!;0-5 mph;40 - 45  MPH;2008;Daylight;50-59