Geo Point;Geo Shape;BikeRace;City;BikePos;NumUnits;CrashHour;Locality;BikeSex;DrvrVehTyp;NumBikesNo;BikeAlcDrg;NumBikesBI;RteInvdCd;DrvrRace;Workzone;NumBikesCi;BikeAgeGrp;CrashType;RdDefects;CrashAlcoh;BikeAlcoho;RdConditio;DstncMiFrm;RuralUrban;HitRun;CrashDate;NumBikesUI;CrashTime;DrvrSex;DrvrAlcoho;Developmen;CrashSevr;AmbulanceR;DrvrInjury;OBJECTID;CrashMonth;NumBikesKi;RdCharacte;Region;BikeDir;TraffCntrl;CrashDay;CrashLoc;BikeAge;NumBikesTo;RdConfig;NumLanes;NumBikesAI;DrvrAlcDrg;OnRoad;RdSurface;Towrd_Rd;RdFeature;CrashGrp;RdClass;BikeInjury;County;DrvrAge;Weather;FrmRd;DrvrEstSpd;SpeedLimit;CrashYear;LightCond;DrvrAgeGrp
35.6769069914, -80.4743731566;"{""type"": ""Point"", ""coordinates"": [-80.47437315664206, 35.67690699136114]}";Black;Salisbury;Travel Lane;2;18;Urban (>70% Developed);Male;Passenger Car;0;#NULL!;0;0;White;No;0;0-5;Bicyclist Ride Through - Sign-Controlled Intersection;None;No;No;Dry;0;Urban;No;09MAY2008;0;18:28;Female;No;Residential;C: Possible Injury;Yes;O: No Injury;5619;May;0;Straight - Grade;Piedmont;With Traffic;Stop Sign;Friday;Intersection;5;0;Two-Way, Not Divided;2 lanes;0;#NULL!;#NULL!;Smooth Asphalt;#NULL!;T-Intersection;Bicyclist Failed to Yield - Sign-Controlled Intersection;Local Street;C: Possible Injury;Rowan;52;Clear;#NULL!;16-20 mph;20 - 25  MPH;2008;Daylight;50-59
35.4765389957, -79.1784927558;"{""type"": ""Point"", ""coordinates"": [-79.17849275577727, 35.47653899570937]}";Black;Sanford;Unknown;2;15;Urban (>70% Developed);Male;Passenger Car;0;#NULL!;0;0;White;No;0;50-59;Signalized Intersection - Other / Unknown;None;No;No;Dry;0;Urban;No;19MAR2008;0;15:26;Male;No;Commercial;B: Evident Injury;No;O: No Injury;5627;March;0;Straight - Hillcrest;Piedmont;Facing Traffic;Stop And Go Signal;Wednesday;Intersection;52;0;Two-Way, Divided, Unprotected Median;4 lanes;0;#NULL!;#NULL!;Smooth Asphalt;#NULL!;Four-Way Intersection;Crossing Paths - Other Circumstances;Local Street;B: Evident Injury;Lee;70+;Cloudy;#NULL!;Unknown;Unknown;2008;Daylight;70+
36.025817121, -78.9440187144;"{""type"": ""Point"", ""coordinates"": [-78.94401871439305, 36.025817120998134]}";White;Durham;Bike Lane / Paved Shoulder;2;8;Urban (>70% Developed);Male;Passenger Car;0;#NULL!;0;0;Black;No;0;16-19;Bicyclist Ride Out - Parallel Path;None;No;No;Dry;0;Urban;No;14MAY2008;0;8:50;Male;No;Commercial;C: Possible Injury;Yes;O: No Injury;5636;May;0;Straight - Level;Piedmont;With Traffic;No Control Present;Wednesday;Non-Intersection;18;0;Two-Way, Divided, Positive Median Barrier;7 lanes;0;#NULL!;#NULL!;Concrete;#NULL!;On or Off Ramp;Parallel Paths - Other Circumstances;Interstate;C: Possible Injury;Durham;38;Clear;#NULL!;56-60 mph;60 - 75 MPH;2008;Daylight;30-39
35.2663368788, -81.1678833412;"{""type"": ""Point"", ""coordinates"": [-81.16788334123923, 35.266336878773565]}";White;Gastonia;Travel Lane;2;14;Urban (>70% Developed);Male;Passenger Car;0;#NULL!;0;0;Black;No;0;40-49;Motorist Drive Out - Commercial Driveway / Alley;None;No;No;Dry;0;Urban;No;26MAR2008;0;14:07;Female;No;Commercial;C: Possible Injury;No;O: No Injury;5638;March;0;Straight - Level;Piedmont;Facing Traffic;Missing;Wednesday;Non-Intersection;46;0;Two-Way, Not Divided;5 lanes;0;#NULL!;#NULL!;Smooth Asphalt;#NULL!;Driveway, Public;Motorist Failed to Yield - Midblock;Local Street;C: Possible Injury;Gaston;62;Clear;#NULL!;Unknown;Unknown;2008;Daylight;60-69
35.1762838749, -80.7564932129;"{""type"": ""Point"", ""coordinates"": [-80.75649321294544, 35.17628387494032]}";White;Charlotte;Travel Lane;2;18;Urban (>70% Developed);Male;Passenger Car;0;#NULL!;0;0;Black;No;0;30-39;Motorist Drive Out - Sign-Controlled Intersection;None;No;No;Dry;0;Urban;No;20MAY2008;0;18:05;Male;No;Residential;B: Evident Injury;No;O: No Injury;5655;May;0;Straight - Level;Piedmont;With Traffic;Stop Sign;Tuesday;Intersection;38;0;Two-Way, Divided, Unprotected Median;6 lanes;0;#NULL!;#NULL!;Smooth Asphalt;#NULL!;No Special Feature;Motorist Failed to Yield - Sign-Controlled Intersection;Local Street;B: Evident Injury;Mecklenburg;48;Cloudy;#NULL!;16-20 mph;40 - 45  MPH;2008;Daylight;40-49
35.9240951399, -77.7882523584;"{""type"": ""Point"", ""coordinates"": [-77.78825235835589, 35.924095139917476]}";Black;Rocky Mount;Unknown;2;21;Urban (>70% Developed);Male;Passenger Car;0;#NULL!;0;0;Black;No;0;11-15;Bicyclist Lost Control - Mechanical Problems;None;No;No;Dry;0;Urban;No;11APR2008;0;21:18;Female;No;Residential;B: Evident Injury;No;O: No Injury;5665;April;0;Straight - Level;Coastal;With Traffic;Stop Sign;Friday;Intersection;15;0;Two-Way, Not Divided;2 lanes;0;#NULL!;#NULL!;Coarse Asphalt;#NULL!;No Special Feature;Loss of Control / Turning Error;Local Street;B: Evident Injury;Edgecombe;34;Clear;#NULL!;Unknown;30 - 35  MPH;2008;Daylight;30-39
35.9090970918, -79.0778687486;"{""type"": ""Point"", ""coordinates"": [-79.07786874862748, 35.90909709177176]}";White;Carrboro;Unknown;2;17;Urban (>70% Developed);Male;Passenger Car;0;#NULL!;0;0;White;No;0;30-39;Motorist Overtaking - Bicyclist Swerved;None;No;No;Dry;0;Urban;No;08APR2008;0;17:37;Female;No;Residential;B: Evident Injury;No;O: No Injury;5671;April;0;Straight - Level;Piedmont;With Traffic;No Control Present;Tuesday;Intersection;36;0;Two-Way, Not Divided;2 lanes;0;#NULL!;#NULL!;Smooth Asphalt;#NULL!;T-Intersection;Motorist Overtaking Bicyclist;Local Street;B: Evident Injury;Orange;50;Clear;#NULL!;31-35 mph;30 - 35  MPH;2008;Daylight;50-59
35.2056068769, -80.8693882486;"{""type"": ""Point"", ""coordinates"": [-80.86938824862234, 35.205606876852556]}";Black;Charlotte;Travel Lane;2;15;Urban (>70% Developed);Female;School Bus;0;#NULL!;0;0;Black;No;0;11-15;Unknown Approach Paths;None;No;No;Dry;0;Urban;No;23MAY2008;0;15:34;Female;No;Commercial;K: Killed;Yes;O: No Injury;5677;May;0;Straight - Level;Piedmont;Unknown;Stop And Go Signal;Friday;Intersection;13;0;Two-Way, Not Divided;4 lanes;0;#NULL!;#NULL!;Smooth Asphalt;#NULL!;No Special Feature;Other / Unknown - Insufficient Details;Local Street;K: Killed;Mecklenburg;33;Clear;#NULL!;26-30 mph;30 - 35  MPH;2008;Daylight;30-39
35.234400891, -80.6571381868;"{""type"": ""Point"", ""coordinates"": [-80.65713818682481, 35.23440089101096]}";Black;Charlotte;Unknown;2;16;Urban (>70% Developed);Female;School Bus;0;#NULL!;0;0;Black;No;0;0-5;Unknown Approach Paths;None;No;No;Dry;0;Urban;No;12MAY2008;0;16:56;Female;No;Residential;A: Disabling Injury;Yes;O: No Injury;5678;May;0;Straight - Grade;Piedmont;Unknown;Stop Sign;Monday;Intersection-Related;5;0;Two-Way, Not Divided;2 lanes;0;#NULL!;#NULL!;Smooth Asphalt;#NULL!;T-Intersection;Other / Unknown - Insufficient Details;Local Street;A: Disabling Injury;Mecklenburg;37;Clear;#NULL!;0-5 mph;20 - 25  MPH;2008;Daylight;30-39
35.5581869614, -80.6014931877;"{""type"": ""Point"", ""coordinates"": [-80.60149318773831, 35.55818696137032]}";White;Landis;Travel Lane;2;16;Rural (<30% Developed);Male;Motorcycle;0;#NULL!;0;0;White;No;0;6-10;Bicyclist Left Turn - Same Direction;None;No;No;Dry;0;Rural;No;11APR2008;0;16:51;Male;No;Residential;B: Evident Injury;No;O: No Injury;5679;April;0;Unknown;Piedmont;With Traffic;Missing;Friday;Non-Intersection;10;0;Unknown;Unknown;0;#NULL!;#NULL!;Unknown;#NULL!;No Special Feature;Bicyclist Left Turn / Merge;Local Street;B: Evident Injury;Rowan;45;Clear;#NULL!;41-45 mph;40 - 45  MPH;2008;Daylight;40-49
35.9865271143, -78.9028327003;"{""type"": ""Point"", ""coordinates"": [-78.90283270032407, 35.98652711433255]}";Black;Durham;Travel Lane;2;23;Urban (>70% Developed);Male;Passenger Car;0;#NULL!;0;0;Unknown/Missing;No;0;40-49;Parallel Paths - Other / Unknown;None;No;No;Dry;0;Urban;Yes;30MAY2008;0;23:23;Unknown;No;Residential;C: Possible Injury;Yes;Unknown Injury;5684;May;0;Straight - Level;Piedmont;With Traffic;Stop Sign;Friday;Intersection;42;0;Two-Way, Not Divided;2 lanes;0;#NULL!;#NULL!;Coarse Asphalt;#NULL!;No Special Feature;Parallel Paths - Other Circumstances;Local Street;C: Possible Injury;Durham;Unknown;Clear;#NULL!;11-15 mph;30 - 35  MPH;2008;Dark - Lighted Roadway;Unknown
35.7944410811, -78.688722625;"{""type"": ""Point"", ""coordinates"": [-78.68872262498434, 35.79444108109656]}";White;Raleigh;Unknown;2;8;Urban (>70% Developed);Male;Passenger Car;0;#NULL!;0;0;White;No;0;25-29;Motorist Left Turn - Opposite Direction;None;No;No;Dry;0;Urban;No;17APR2008;0;8:46;Female;No;Commercial;B: Evident Injury;Yes;O: No Injury;5693;April;0;Straight - Level;Piedmont;With Traffic;Stop And Go Signal;Thursday;Intersection;28;0;Two-Way, Divided, Unprotected Median;5 lanes;0;#NULL!;#NULL!;Coarse Asphalt;#NULL!;Four-Way Intersection;Motorist Left Turn / Merge;Local Street;B: Evident Injury;Wake;20;Clear;#NULL!;6-10 mph;30 - 35  MPH;2008;Daylight;20-24
35.7885850816, -78.6453576116;"{""type"": ""Point"", ""coordinates"": [-78.64535761158616, 35.78858508156669]}";White;Raleigh;Sidewalk / Crosswalk / Driveway Crossing;2;18;Urban (>70% Developed);Male;Van;0;#NULL!;0;0;Other;No;0;30-39;Motorist Left Turn - Opposite Direction;None;No;No;Dry;0;Urban;No;17APR2008;0;18:26;Female;No;Commercial;B: Evident Injury;Yes;O: No Injury;5694;April;0;Straight - Level;Piedmont;With Traffic;Stop And Go Signal;Thursday;Intersection;35;0;Two-Way, Not Divided;8 lanes;0;#NULL!;#NULL!;Smooth Asphalt;#NULL!;Four-Way Intersection;Motorist Left Turn / Merge;Local Street;B: Evident Injury;Wake;29;Clear;#NULL!;6-10 mph;30 - 35  MPH;2008;Daylight;25-29
35.7242840381, -79.4687528563;"{""type"": ""Point"", ""coordinates"": [-79.46875285626241, 35.72428403806461]}";Hispanic;Siler City;Travel Lane;2;18;Urban (>70% Developed);Male;Passenger Car;0;#NULL!;0;0;Hispanic;No;0;6-10;Bicyclist Lost Control - Mechanical Problems;None;No;No;Dry;0;Urban;No;17APR2008;0;18:31;Male;No;Residential;B: Evident Injury;Yes;O: No Injury;5699;April;0;Straight - Level;Piedmont;Facing Traffic;Stop Sign;Thursday;Intersection;7;0;Two-Way, Not Divided;2 lanes;0;#NULL!;#NULL!;Smooth Asphalt;#NULL!;T-Intersection;Loss of Control / Turning Error;Local Street;B: Evident Injury;Chatham;24;Clear;#NULL!;26-30 mph;30 - 35  MPH;2008;Daylight;20-24
35.7921070778, -78.7748226505;"{""type"": ""Point"", ""coordinates"": [-78.77482265049369, 35.792107077813775]}";White;Cary;Driveway / Alley;2;16;Urban (>70% Developed);Male;Van;0;#NULL!;0;0;Black;No;0;60-69;Non-Roadway;None;No;No;Dry;0;Urban;No;27MAY2008;0;16:00;Female;No;Commercial;B: Evident Injury;No;O: No Injury;5710;May;0;Straight - Level;Piedmont;Not Applicable;No Control Present;Tuesday;Non-Roadway;64;0;Two-Way, Not Divided;Unknown;0;#NULL!;#NULL!;Smooth Asphalt;#NULL!;Driveway, Public;Non-Roadway;Public Vehicular Area;B: Evident Injury;Wake;38;Clear;#NULL!;0-5 mph;5 - 15 MPH;2008;Daylight;30-39
35.9507071454, -77.7932923613;"{""type"": ""Point"", ""coordinates"": [-77.79329236132637, 35.950707145373165]}";Black;Rocky Mount;Unknown;2;17;Urban (>70% Developed);Male;Passenger Car;0;#NULL!;0;0;Black;No;0;11-15;Multiple Threat - Midblock;None;No;No;Dry;0;Urban;No;06MAY2008;0;17:07;Male;No;Commercial;C: Possible Injury;Yes;O: No Injury;5721;May;0;Straight - Level;Coastal;Not Applicable;Double Yellow Line, No Passing Zone;Tuesday;Non-Intersection;12;0;Two-Way, Not Divided;4 lanes;0;#NULL!;#NULL!;Smooth Asphalt;#NULL!;Four-Way Intersection;Bicyclist Failed to Yield - Midblock;Local Street;C: Possible Injury;Nash;24;Clear;#NULL!;16-20 mph;30 - 35  MPH;2008;Daylight;20-24
35.322924842, -82.462653727;"{""type"": ""Point"", ""coordinates"": [-82.46265372699217, 35.32292484198024]}";White;Hendersonville;Sidewalk / Crosswalk / Driveway Crossing;2;14;Urban (>70% Developed);Male;Passenger Car;0;#NULL!;0;0;White;No;0;11-15;Motorist Drive Out - Right Turn on Red;None;No;No;Wet;0;Urban;No;27APR2008;0;14:07;Male;No;Commercial;B: Evident Injury;Yes;O: No Injury;5724;April;0;Curve - Grade;Mountains;Facing Traffic;Stop And Go Signal;Sunday;Intersection;12;0;Two-Way, Divided, Unprotected Median;2 lanes;0;#NULL!;#NULL!;Smooth Asphalt;#NULL!;Four-Way Intersection;Motorist Failed to Yield - Signalized Intersection;Local Street;B: Evident Injury;Henderson;48;Cloudy;#NULL!;0-5 mph;30 - 35  MPH;2008;Daylight;40-49
35.7831220799, -78.6560026142;"{""type"": ""Point"", ""coordinates"": [-78.65600261418808, 35.78312207992603]}";White;Raleigh;Travel Lane;2;22;Urban (>70% Developed);Male;Passenger Car;0;#NULL!;0;0;White;No;0;20-24;Motorist Left Turn - Opposite Direction;None;No;No;Dry;0;Urban;No;02MAY2008;0;22:06;Female;No;Commercial;B: Evident Injury;Yes;Unknown Injury;5737;May;0;Straight - Level;Piedmont;With Traffic;Stop And Go Signal;Friday;Intersection;24;0;Two-Way, Divided, Unprotected Median;4 lanes;0;#NULL!;#NULL!;Smooth Asphalt;#NULL!;No Special Feature;Motorist Left Turn / Merge;Local Street;B: Evident Injury;Wake;21;Clear;#NULL!;16-20 mph;30 - 35  MPH;2008;Dark - Lighted Roadway;20-24
34.6648098912, -77.0350520655;"{""type"": ""Point"", ""coordinates"": [-77.03505206554802, 34.66480989121041]}";White;None - Rural Crash;Travel Lane;2;16;Mixed (30% To 70% Developed);Male;Passenger Car;0;#NULL!;0;0;White;No;0;11-15;Motorist Overtaking - Misjudged Space;None;No;No;Dry;0;Rural;No;03MAY2008;0;16:00;Female;No;Commercial;B: Evident Injury;Yes;O: No Injury;5738;May;0;Straight - Level;Coastal;With Traffic;Stop And Go Signal;Saturday;Intersection;14;0;Two-Way, Not Divided;2 lanes;0;#NULL!;#NULL!;Coarse Asphalt;#NULL!;Four-Way Intersection;Motorist Overtaking Bicyclist;NC Route;B: Evident Injury;Carteret;70+;Clear;#NULL!;6-10 mph;30 - 35  MPH;2008;Daylight;70+
35.1109609629, -77.8185923252;"{""type"": ""Point"", ""coordinates"": [-77.8185923252255, 35.11096096289554]}";White;None - Rural Crash;Bike Lane / Paved Shoulder;2;13;Rural (<30% Developed);Male;Unknown;0;#NULL!;0;0;Unknown/Missing;No;0;60-69;Motorist Right Turn - Same Direction;None;No;No;Dry;0;Rural;Yes;03MAY2008;0;13:00;Unknown;Missing;Farms, Woods, Pastures;B: Evident Injury;Yes;Unknown Injury;5739;May;0;Straight - Level;Coastal;With Traffic;No Control Present;Saturday;Non-Intersection;62;0;Two-Way, Not Divided;2 lanes;0;#NULL!;#NULL!;Coarse Asphalt;#NULL!;No Special Feature;Motorist Right Turn / Merge;NC Route;B: Evident Injury;Duplin;Unknown;Clear;#NULL!;51-55 mph;50 - 55  MPH;2008;Daylight;Unknown
35.1065818551, -80.879043246;"{""type"": ""Point"", ""coordinates"": [-80.87904324602847, 35.10658185510397]}";White;Charlotte;Non-Roadway;2;16;Urban (>70% Developed);Male;Passenger Car;0;#NULL!;0;0;Black;No;0;16-19;Non-Roadway;None;No;No;Dry;0;Urban;No;13JUN2008;0;16:39;Female;No;Commercial;O: No Injury;No;O: No Injury;5748;June;0;Straight - Level;Piedmont;Not Applicable;No Control Present;Friday;Non-Roadway;19;0;Two-Way, Not Divided;2 lanes;0;#NULL!;#NULL!;Smooth Asphalt;#NULL!;No Special Feature;Non-Roadway;Public Vehicular Area;O: No Injury;Mecklenburg;70+;Clear;#NULL!;6-10 mph;5 - 15 MPH;2008;Daylight;70+
35.2632630047, -77.5725272585;"{""type"": ""Point"", ""coordinates"": [-77.5725272585439, 35.26326300466494]}";Black;Kinston;Bike Lane / Paved Shoulder;2;17;Urban (>70% Developed);Male;Passenger Car;0;#NULL!;0;0;Black;No;0;11-15;Bicyclist Left Turn - Same Direction;None;No;No;Dry;0;Urban;No;10JUN2008;0;17:56;Female;No;Residential;B: Evident Injury;Yes;O: No Injury;5749;June;0;Straight - Level;Coastal;With Traffic;No Control Present;Tuesday;Non-Intersection;14;0;Two-Way, Divided, Unprotected Median;4 lanes;0;#NULL!;#NULL!;Smooth Asphalt;#NULL!;No Special Feature;Bicyclist Left Turn / Merge;NC Route;B: Evident Injury;Lenoir;28;Clear;#NULL!;31-35 mph;30 - 35  MPH;2008;Daylight;25-29
36.0655510831, -80.206317098;"{""type"": ""Point"", ""coordinates"": [-80.20631709801503, 36.0655510831151]}";White;Winston-Salem;Sidewalk / Crosswalk / Driveway Crossing;2;15;Urban (>70% Developed);Female;Pedestrian;0;#NULL!;0;0;Black;No;0;20-24;Backing Vehicle;None;No;No;Dry;0;Urban;No;09MAY2008;0;15:52;Female;No;Residential;C: Possible Injury;Yes;C: Possible Injury;5760;May;0;Straight - Hillcrest;Piedmont;With Traffic;Missing;Friday;Non-Intersection;23;0;Two-Way, Divided, Unprotected Median;2 lanes;0;#NULL!;#NULL!;Smooth Asphalt;#NULL!;Driveway, Private;Backing Vehicle;Local Street;O: No Injury;Forsyth;33;Clear;#NULL!;Unknown;Unknown;2008;Daylight;30-39
35.5224530053, -79.1831387602;"{""type"": ""Point"", ""coordinates"": [-79.18313876022941, 35.52245300532659]}";White;Sanford;Travel Lane;2;20;Urban (>70% Developed);Male;Passenger Car;0;#NULL!;0;0;Black;No;0;50-59;Motorist Drive Out - Sign-Controlled Intersection;None;No;No;Dry;0;Urban;No;10MAY2008;0;20:47;Male;No;Commercial;C: Possible Injury;Yes;O: No Injury;5762;May;0;Straight - Level;Piedmont;With Traffic;Stop Sign;Saturday;Intersection;51;0;Two-Way, Not Divided;2 lanes;0;#NULL!;#NULL!;Smooth Asphalt;#NULL!;Four-Way Intersection;Motorist Failed to Yield - Sign-Controlled Intersection;Local Street;C: Possible Injury;Lee;64;Clear;#NULL!;6-10 mph;30 - 35  MPH;2008;Dark - Roadway Not Lighted;60-69
34.6873998302, -79.0159726667;"{""type"": ""Point"", ""coordinates"": [-79.0159726666956, 34.687399830190955]}";Native American;Lumberton;Travel Lane;2;3;Urban (>70% Developed);Male;Unknown;0;#NULL!;0;0;Unknown/Missing;No;0;60-69;Motorist Overtaking - Other / Unknown;None;Yes;Yes;Dry;0;Urban;Yes;10MAY2008;0;3:09;Unknown;Missing;Residential;K: Killed;Yes;Unknown Injury;5765;May;0;Curve - Level;Coastal;With Traffic;No Control Present;Saturday;Non-Intersection;60;0;Two-Way, Not Divided;2 lanes;0;#NULL!;#NULL!;Coarse Asphalt;#NULL!;No Special Feature;Motorist Overtaking Bicyclist;Local Street;K: Killed;Robeson;Unknown;Clear;#NULL!;51-55 mph;40 - 45  MPH;2008;Dark - Lighted Roadway;Unknown
36.067827113, -79.4235328623;"{""type"": ""Point"", ""coordinates"": [-79.42353286229238, 36.06782711295494]}";White;Burlington;Bike Lane / Paved Shoulder;2;11;Urban (>70% Developed);Male;Passenger Car;0;#NULL!;0;0;White;No;0;40-49;Motorist Right Turn - Same Direction;None;No;No;Dry;0;Urban;No;12MAY2008;0;11:39;Female;No;Residential;B: Evident Injury;No;O: No Injury;5773;May;0;Straight - Grade;Piedmont;With Traffic;Stop And Go Signal;Monday;Intersection;42;0;Two-Way, Not Divided;5 lanes;0;#NULL!;#NULL!;Smooth Asphalt;#NULL!;T-Intersection;Motorist Right Turn / Merge;NC Route;B: Evident Injury;Alamance;64;Clear;#NULL!;0-5 mph;30 - 35  MPH;2008;Daylight;60-69
35.9338910585, -80.1370130697;"{""type"": ""Point"", ""coordinates"": [-80.13701306965709, 35.933891058457185]}";White;None - Rural Crash;Travel Lane;2;17;Rural (<30% Developed);Male;Passenger Car;0;#NULL!;0;0;White;No;0;60-69;Motorist Drive Out - Sign-Controlled Intersection;None;No;No;Dry;0;Rural;No;14MAY2008;0;17:35;Female;No;Farms, Woods, Pastures;A: Disabling Injury;Yes;O: No Injury;5779;May;0;Straight - Grade;Piedmont;With Traffic;Stop Sign;Wednesday;Intersection;69;0;Two-Way, Not Divided;2 lanes;0;#NULL!;#NULL!;Smooth Asphalt;#NULL!;Four-Way Intersection;Motorist Failed to Yield - Sign-Controlled Intersection;State Secondary Route;A: Disabling Injury;Davidson;40;Cloudy;#NULL!;0-5 mph;40 - 45  MPH;2008;Daylight;40-49
35.2290828822, -80.867023249;"{""type"": ""Point"", ""coordinates"": [-80.86702324898215, 35.22908288222056]}";Other;Charlotte;Unknown;2;7;Urban (>70% Developed);Male;Passenger Car;0;#NULL!;0;0;Black;No;0;30-39;Bicyclist Failed to Clear - Trapped;None;No;No;Dry;0;Urban;No;20JUN2008;0;7:03;Female;No;Commercial;O: No Injury;No;O: No Injury;5787;June;0;Straight - Level;Piedmont;With Traffic;Stop And Go Signal;Friday;Intersection;39;0;Two-Way, Divided, Unprotected Median;6 lanes;0;#NULL!;#NULL!;Smooth Asphalt;#NULL!;Four-Way Intersection;Bicyclist Failed to Yield - Signalized Intersection;Local Street;O: No Injury;Mecklenburg;28;Clear;#NULL!;6-10 mph;30 - 35  MPH;2008;Daylight;25-29
35.0915519182, -79.0106426853;"{""type"": ""Point"", ""coordinates"": [-79.01064268533946, 35.091551918186234]}";Asian;Fayetteville;Travel Lane;2;10;Urban (>70% Developed);Male;Passenger Car;0;#NULL!;0;0;White;No;0;60-69;Head-On - Bicyclist;None;No;No;Dry;0;Urban;No;19MAY2008;0;10:55;Male;No;Commercial;C: Possible Injury;Yes;O: No Injury;5790;May;0;Straight - Level;Coastal;Facing Traffic;No Control Present;Monday;Non-Intersection;63;0;Two-Way, Not Divided;6 lanes;0;#NULL!;#NULL!;Coarse Asphalt;#NULL!;No Special Feature;Head-On;Local Street;C: Possible Injury;Cumberland;30;Clear;#NULL!;6-10 mph;40 - 45  MPH;2008;Daylight;30-39
35.6043869041, -82.3918537226;"{""type"": ""Point"", ""coordinates"": [-82.39185372262995, 35.60438690408678]}";White;None - Rural Crash;Travel Lane;2;8;Mixed (30% To 70% Developed);Female;Passenger Car;0;#NULL!;0;0;White;No;0;25-29;Motorist Left Turn - Opposite Direction;None;No;No;Dry;0;Rural;No;21MAY2008;0;8:03;Female;No;Commercial;B: Evident Injury;Yes;O: No Injury;5794;May;0;Straight - Level;Mountains;With Traffic;Double Yellow Line, No Passing Zone;Wednesday;Non-Intersection;29;0;Two-Way, Not Divided;2 lanes;0;#NULL!;#NULL!;Smooth Asphalt;#NULL!;Y-Intersection;Motorist Left Turn / Merge;State Secondary Route;B: Evident Injury;Buncombe;70+;Clear;#NULL!;31-35 mph;30 - 35  MPH;2008;Daylight;70+
34.1970067583, -77.9211223125;"{""type"": ""Point"", ""coordinates"": [-77.9211223124705, 34.19700675833666]}";Black;Wilmington;Sidewalk / Crosswalk / Driveway Crossing;2;12;Urban (>70% Developed);Male;Passenger Car;0;#NULL!;0;0;White;No;0;50-59;Motorist Drive Out - Other Midblock;None;No;No;Dry;0;Urban;No;15MAY2008;0;12:54;Female;No;Commercial;C: Possible Injury;No;O: No Injury;5808;May;0;Straight - Level;Coastal;Facing Traffic;Missing;Thursday;Non-Intersection;50;0;Two-Way, Divided, Positive Median Barrier;4 lanes;0;#NULL!;#NULL!;Concrete;#NULL!;Driveway, Public;Motorist Failed to Yield - Midblock;Local Street;C: Possible Injury;New Hanover;24;Fog, Smog, Smoke;#NULL!;Unknown;Unknown;2008;Daylight;20-24
35.0620488476, -80.819728226;"{""type"": ""Point"", ""coordinates"": [-80.81972822598826, 35.0620488475802]}";White;Charlotte;Travel Lane;2;12;Urban (>70% Developed);Male;Passenger Car;0;#NULL!;0;0;White;No;0;40-49;Motorist Drive Out - Sign-Controlled Intersection;None;No;No;Dry;0;Urban;No;07JUN2008;0;12:10;Female;No;Commercial;B: Evident Injury;Yes;O: No Injury;5815;June;0;Straight - Level;Piedmont;With Traffic;Stop Sign;Saturday;Intersection;48;0;Two-Way, Not Divided;2 lanes;0;#NULL!;#NULL!;Smooth Asphalt;#NULL!;Four-Way Intersection;Motorist Failed to Yield - Sign-Controlled Intersection;Local Street;B: Evident Injury;Mecklenburg;49;Clear;#NULL!;6-10 mph;30 - 35  MPH;2008;Daylight;40-49
36.0632370975, -79.8154029801;"{""type"": ""Point"", ""coordinates"": [-79.81540298010012, 36.063237097505024]}";White;Greensboro;Travel Lane;2;15;Urban (>70% Developed);Male;Pickup;0;#NULL!;0;0;White;No;0;50-59;Bicyclist Left Turn - Opposite Direction;None;Yes;Yes;Dry;0;Urban;No;29MAY2008;0;15:53;Female;No;Institutional;C: Possible Injury;No;O: No Injury;5822;May;0;Straight - Bottom;Piedmont;With Traffic;Missing;Thursday;Intersection;51;0;Two-Way, Not Divided;3 lanes;0;#NULL!;#NULL!;Smooth Asphalt;#NULL!;Four-Way Intersection;Bicyclist Left Turn / Merge;Local Street;C: Possible Injury;Guilford;37;Clear;#NULL!;21-25 mph;30 - 35  MPH;2008;Daylight;30-39
36.0699990822, -80.2701981167;"{""type"": ""Point"", ""coordinates"": [-80.27019811672565, 36.069999082168486]}";Black;Winston-Salem;Bike Lane / Paved Shoulder;2;18;Urban (>70% Developed);Male;Pickup;0;#NULL!;0;0;Black;No;0;16-19;Motorist Drive Out - Other Midblock;None;No;No;Dry;0;Urban;No;29MAY2008;0;18:03;Male;No;Commercial;B: Evident Injury;Yes;O: No Injury;5825;May;0;Curve - Grade;Piedmont;Facing Traffic;Missing;Thursday;Non-Intersection;16;0;Two-Way, Divided, Positive Median Barrier;4 lanes;0;#NULL!;#NULL!;Coarse Asphalt;#NULL!;No Special Feature;Motorist Failed to Yield - Midblock;Local Street;B: Evident Injury;Forsyth;35;Clear;#NULL!;0-5 mph;30 - 35  MPH;2008;Daylight;30-39
35.7666270745, -78.700222627;"{""type"": ""Point"", ""coordinates"": [-78.70022262698289, 35.766627074529154]}";White;Raleigh;Sidewalk / Crosswalk / Driveway Crossing;2;15;Urban (>70% Developed);Male;Sport Utility;0;#NULL!;0;0;Black;No;0;20-24;Motorist Drive Out - Sign-Controlled Intersection;None;No;No;Dry;0;Urban;No;30MAY2008;0;15:40;Male;No;Residential;C: Possible Injury;Yes;O: No Injury;5827;May;0;Straight - Grade;Piedmont;Facing Traffic;Stop Sign;Friday;Intersection;24;0;Two-Way, Divided, Unprotected Median;2 lanes;0;#NULL!;#NULL!;Smooth Asphalt;#NULL!;No Special Feature;Motorist Failed to Yield - Sign-Controlled Intersection;Local Street;C: Possible Injury;Wake;39;Clear;#NULL!;0-5 mph;30 - 35  MPH;2008;Daylight;30-39