Geo Point;Geo Shape;BikeRace;City;BikePos;NumUnits;CrashHour;Locality;BikeSex;DrvrVehTyp;NumBikesNo;BikeAlcDrg;NumBikesBI;RteInvdCd;DrvrRace;Workzone;NumBikesCi;BikeAgeGrp;CrashType;RdDefects;CrashAlcoh;BikeAlcoho;RdConditio;DstncMiFrm;RuralUrban;HitRun;CrashDate;NumBikesUI;CrashTime;DrvrSex;DrvrAlcoho;Developmen;CrashSevr;AmbulanceR;DrvrInjury;OBJECTID;CrashMonth;NumBikesKi;RdCharacte;Region;BikeDir;TraffCntrl;CrashDay;CrashLoc;BikeAge;NumBikesTo;RdConfig;NumLanes;NumBikesAI;DrvrAlcDrg;OnRoad;RdSurface;Towrd_Rd;RdFeature;CrashGrp;RdClass;BikeInjury;County;DrvrAge;Weather;FrmRd;DrvrEstSpd;SpeedLimit;CrashYear;LightCond;DrvrAgeGrp
35.6990869944, -80.5316831743;"{""type"": ""Point"", ""coordinates"": [-80.53168317427286, 35.69908699441348]}";White;Salisbury;Non-Roadway;2;9;Urban (>70% Developed);Male;Pickup;0;#NULL!;0;0;White;No;0;40-49;Non-Roadway;None;No;No;Dry;0;Urban;No;30JUN2008;0;9:43;Male;No;Commercial;C: Possible Injury;Yes;O: No Injury;5832;June;0;Straight - Grade;Piedmont;Not Applicable;No Control Present;Monday;Non-Roadway;48;0;One-Way, Not Divided;Unknown;0;#NULL!;#NULL!;Smooth Asphalt;#NULL!;Driveway, Public;Non-Roadway;Public Vehicular Area;C: Possible Injury;Rowan;62;Clear;#NULL!;0-5 mph;5 - 15 MPH;2008;Daylight;60-69
35.8151850653, -79.2483927957;"{""type"": ""Point"", ""coordinates"": [-79.24839279569858, 35.815185065318595]}";White;None - Rural Crash;Travel Lane;3;10;Rural (<30% Developed);Male;Passenger Car;0;#NULL!;0;0;White;No;0;50-59;Motorist Left Turn - Opposite Direction;None;No;No;Dry;0;Rural;No;29JUN2008;0;10:03;Male;No;Farms, Woods, Pastures;B: Evident Injury;Yes;O: No Injury;5834;June;0;Straight - Level;Piedmont;With Traffic;Double Yellow Line, No Passing Zone;Sunday;Non-Intersection;50;0;Two-Way, Not Divided;2 lanes;0;#NULL!;#NULL!;Coarse Asphalt;#NULL!;No Special Feature;Motorist Left Turn / Merge;State Secondary Route;B: Evident Injury;Chatham;56;Clear;#NULL!;0-5 mph;50 - 55  MPH;2008;Daylight;50-59
35.5501890356, -78.4882525515;"{""type"": ""Point"", ""coordinates"": [-78.48825255153093, 35.550189035625685]}";White;None - Rural Crash;Travel Lane;2;15;Rural (<30% Developed);Male;Passenger Car;0;#NULL!;0;0;White;No;0;11-15;Bicyclist Left Turn - Same Direction;None;No;No;Dry;0;Rural;No;07JUN2008;0;15:20;Female;No;Farms, Woods, Pastures;B: Evident Injury;Yes;O: No Injury;5836;June;0;Straight - Level;Coastal;With Traffic;No Control Present;Saturday;Non-Intersection;12;0;Two-Way, Not Divided;2 lanes;0;#NULL!;#NULL!;Smooth Asphalt;#NULL!;No Special Feature;Bicyclist Left Turn / Merge;State Secondary Route;B: Evident Injury;Johnston;20;Clear;#NULL!;31-35 mph;50 - 55  MPH;2008;Daylight;20-24
36.1046401366, -78.9919327333;"{""type"": ""Point"", ""coordinates"": [-78.99193273325787, 36.10464013660291]}";White;None - Rural Crash;Travel Lane;3;8;Rural (<30% Developed);Male;Sport Utility;0;#NULL!;0;0;White;No;0;50-59;Motorist Lost Control - Other / Unknown;None;No;No;Dry;0;Rural;No;03JUN2008;0;8:02;Male;No;Farms, Woods, Pastures;K: Killed;Yes;C: Possible Injury;5840;June;0;Curve - Level;Piedmont;With Traffic;Double Yellow Line, No Passing Zone;Tuesday;Non-Intersection;59;0;Two-Way, Not Divided;2 lanes;0;#NULL!;#NULL!;Smooth Asphalt;#NULL!;No Special Feature;Loss of Control / Turning Error;State Secondary Route;K: Killed;Orange;26;Clear;#NULL!;51-55 mph;50 - 55  MPH;2008;Daylight;25-29
35.8612701251, -77.8331473681;"{""type"": ""Point"", ""coordinates"": [-77.83314736805026, 35.86127012514059]}";White;Sharpsburg;Non-Roadway;2;18;Mixed (30% To 70% Developed);Female;Passenger Car;0;#NULL!;0;0;Black;No;0;40-49;Bicyclist Ride Out - Commercial Driveway / Alley;None;No;No;Dry;0;Rural;No;10FEB2008;0;18:00;Female;No;Commercial;C: Possible Injury;Yes;O: No Injury;5843;February;0;Straight - Level;Coastal;Not Applicable;Missing;Sunday;Non-Intersection;45;0;Two-Way, Divided, Unprotected Median;4 lanes;0;#NULL!;#NULL!;Coarse Asphalt;#NULL!;No Special Feature;Bicyclist Failed to Yield - Midblock;Local Street;C: Possible Injury;Nash;21;Clear;#NULL!;41-45 mph;40 - 45  MPH;2008;Dark - Roadway Not Lighted;20-24
34.7449218974, -77.3792821741;"{""type"": ""Point"", ""coordinates"": [-77.37928217409176, 34.74492189741981]}";White;Jacksonville;Unknown;2;17;Urban (>70% Developed);Male;Pedalcycle;0;#NULL!;0;0;Black;No;0;60-69;Signalized Intersection - Other / Unknown;None;No;No;Dry;0;Urban;No;06JUN2008;0;17:28;Male;No;Commercial;C: Possible Injury;Yes;C: Possible Injury;5849;June;0;Straight - Level;Coastal;Unknown;Stop And Go Signal;Friday;Intersection;60;0;Two-Way, Not Divided;7 lanes;0;#NULL!;#NULL!;Smooth Asphalt;#NULL!;No Special Feature;Crossing Paths - Other Circumstances;Local Street;O: No Injury;Onslow;44;Clear;#NULL!;Unknown;Unknown;2008;Daylight;40-49
35.7906950992, -78.141522458;"{""type"": ""Point"", ""coordinates"": [-78.14152245797058, 35.79069509919632]}";White;None - Rural Crash;Unknown;2;14;Rural (<30% Developed);Male;Passenger Car;0;#NULL!;0;0;Black;No;0;6-10;Bicyclist Ride Out - Midblock - Unknown;None;No;No;Dry;0;Rural;No;18JUN2008;0;14:49;Male;No;Farms, Woods, Pastures;B: Evident Injury;No;O: No Injury;5851;June;0;Straight - Grade;Coastal;Unknown;Missing;Wednesday;Non-Intersection;9;0;Two-Way, Not Divided;2 lanes;0;#NULL!;#NULL!;Coarse Asphalt;#NULL!;No Special Feature;Bicyclist Failed to Yield - Midblock;US Route;B: Evident Injury;Nash;60;Clear;#NULL!;51-55 mph;50 - 55  MPH;2008;Daylight;60-69
35.0169399044, -78.9401276607;"{""type"": ""Point"", ""coordinates"": [-78.94012766074613, 35.01693990439049]}";Asian;None - Rural Crash;Bike Lane / Paved Shoulder;2;20;Urban (>70% Developed);Male;Passenger Car;0;#NULL!;0;0;White;No;0;11-15;Bicyclist Left Turn - Same Direction;None;No;No;Dry;0;Rural;No;18JUN2008;0;20:30;Female;No;Residential;B: Evident Injury;Yes;O: No Injury;5852;June;0;Straight - Level;Coastal;With Traffic;Double Yellow Line, No Passing Zone;Wednesday;Non-Intersection;13;0;Two-Way, Not Divided;2 lanes;0;#NULL!;#NULL!;Coarse Asphalt;#NULL!;No Special Feature;Bicyclist Left Turn / Merge;State Secondary Route;B: Evident Injury;Cumberland;36;Clear;#NULL!;31-35 mph;30 - 35  MPH;2008;Daylight;30-39
34.4028668139, -77.630132234;"{""type"": ""Point"", ""coordinates"": [-77.63013223401057, 34.402866813931965]}";White;None - Rural Crash;Travel Lane;2;15;Urban (>70% Developed);Male;Passenger Car;0;#NULL!;0;0;White;No;0;11-15;Bicyclist Ride Out - Sign-Controlled Intersection;None;No;No;Dry;0;Rural;No;13JUN2008;0;15:15;Female;No;Residential;B: Evident Injury;Yes;O: No Injury;5866;June;0;Straight - Level;Coastal;Facing Traffic;Stop Sign;Friday;Intersection;14;0;Two-Way, Not Divided;2 lanes;0;#NULL!;#NULL!;Smooth Asphalt;#NULL!;T-Intersection;Bicyclist Failed to Yield - Sign-Controlled Intersection;State Secondary Route;B: Evident Injury;Pender;41;Clear;#NULL!;26-30 mph;30 - 35  MPH;2008;Daylight;40-49
35.7924870806, -78.6828026224;"{""type"": ""Point"", ""coordinates"": [-78.68280262240806, 35.79248708064948]}";White;Raleigh;Travel Lane;2;19;Urban (>70% Developed);Male;Pickup;0;#NULL!;0;0;White;No;0;16-19;Motorist Left Turn - Opposite Direction;None;No;No;Dry;0;Urban;No;18JUN2008;0;19:43;Male;No;Commercial;C: Possible Injury;Yes;O: No Injury;5874;June;0;Straight - Level;Piedmont;With Traffic;No Control Present;Wednesday;Non-Intersection;19;0;Two-Way, Not Divided;3 lanes;0;#NULL!;#NULL!;Coarse Asphalt;#NULL!;No Special Feature;Motorist Left Turn / Merge;Local Street;C: Possible Injury;Wake;35;Clear;#NULL!;6-10 mph;30 - 35  MPH;2008;Daylight;30-39
35.7837970785, -78.6997476272;"{""type"": ""Point"", ""coordinates"": [-78.69974762719563, 35.783797078459]}";White;Raleigh;Travel Lane;2;11;Mixed (30% To 70% Developed);Female;Passenger Car;0;#NULL!;0;0;Black;No;0;50-59;Motorist Overtaking - Misjudged Space;None;No;No;Dry;0;Urban;No;15JUN2008;0;11:11;Female;No;Residential;C: Possible Injury;No;O: No Injury;5875;June;0;Straight - Level;Piedmont;With Traffic;No Control Present;Sunday;Non-Intersection;59;0;Two-Way, Divided, Positive Median Barrier;5 lanes;0;#NULL!;#NULL!;Smooth Asphalt;#NULL!;No Special Feature;Motorist Overtaking Bicyclist;Local Street;C: Possible Injury;Wake;27;Clear;#NULL!;36-40 mph;40 - 45  MPH;2008;Daylight;25-29
35.1634248717, -80.7531392112;"{""type"": ""Point"", ""coordinates"": [-80.75313921115034, 35.16342487174537]}";Hispanic;Charlotte;Sidewalk / Crosswalk / Driveway Crossing;2;20;Urban (>70% Developed);Male;Sport Utility;0;#NULL!;0;0;White;No;0;16-19;Bicyclist Ride Through - Signalized Intersection;None;No;No;Dry;0;Urban;No;06JUN2008;0;20:30;Female;No;Residential;B: Evident Injury;Yes;O: No Injury;5879;June;0;Straight - Level;Piedmont;Facing Traffic;Stop And Go Signal;Friday;Intersection;17;0;Two-Way, Not Divided;2 lanes;0;#NULL!;#NULL!;Smooth Asphalt;#NULL!;Four-Way Intersection;Bicyclist Failed to Yield - Signalized Intersection;Local Street;B: Evident Injury;Mecklenburg;70+;Clear;#NULL!;0-5 mph;30 - 35  MPH;2008;Daylight;70+
35.1219399915, -77.0509420927;"{""type"": ""Point"", ""coordinates"": [-77.0509420927081, 35.1219399915009]}";Black;New Bern;Non-Roadway;2;15;Urban (>70% Developed);Male;Passenger Car;0;#NULL!;0;0;White;No;0;6-10;Non-Roadway;None;No;No;Dry;0;Urban;No;20JUN2008;0;15:05;Male;No;Residential;B: Evident Injury;Yes;O: No Injury;5889;June;0;Straight - Level;Coastal;Not Applicable;No Control Present;Friday;Non-Roadway;8;0;Two-Way, Not Divided;Unknown;0;#NULL!;#NULL!;Smooth Asphalt;#NULL!;No Special Feature;Non-Roadway;Public Vehicular Area;B: Evident Injury;Craven;26;Clear;#NULL!;0-5 mph;Unknown;2008;Daylight;25-29
35.9110440926, -79.0661327455;"{""type"": ""Point"", ""coordinates"": [-79.06613274551303, 35.91104409257928]}";Black;Chapel Hill;Sidewalk / Crosswalk / Driveway Crossing;2;13;Urban (>70% Developed);Male;Passenger Car;0;#NULL!;0;0;White;No;0;Unknown;Motorist Drive Out - Sign-Controlled Intersection;None;No;No;Dry;0;Urban;No;21JUN2008;0;13:40;Female;No;Commercial;C: Possible Injury;No;O: No Injury;5900;June;0;Straight - Level;Piedmont;Facing Traffic;Stop Sign;Saturday;Intersection;Unknown;0;Two-Way, Not Divided;2 lanes;0;#NULL!;#NULL!;Smooth Asphalt;#NULL!;No Special Feature;Motorist Failed to Yield - Sign-Controlled Intersection;Local Street;C: Possible Injury;Orange;51;Clear;#NULL!;Unknown;20 - 25  MPH;2008;Daylight;50-59
35.2570298757, -81.2034793505;"{""type"": ""Point"", ""coordinates"": [-81.2034793505298, 35.25702987569158]}";White;Gastonia;Sidewalk / Crosswalk / Driveway Crossing;2;12;Urban (>70% Developed);Male;Passenger Car;0;#NULL!;0;0;White;No;0;16-19;Bicyclist Ride Out - Parallel Path;None;No;No;Dry;0;Urban;No;25JUN2008;0;12:09;Female;No;Residential;C: Possible Injury;Yes;O: No Injury;5906;June;0;Straight - Grade;Piedmont;With Traffic;No Control Present;Wednesday;Non-Intersection;18;0;Two-Way, Not Divided;5 lanes;0;#NULL!;#NULL!;Coarse Asphalt;#NULL!;No Special Feature;Parallel Paths - Other Circumstances;Local Street;C: Possible Injury;Gaston;70+;Clear;#NULL!;36-40 mph;40 - 45  MPH;2008;Daylight;70+
36.1809111054, -80.2720981243;"{""type"": ""Point"", ""coordinates"": [-80.2720981242829, 36.180911105390045]}";Black;Winston-Salem;Travel Lane;2;11;Urban (>70% Developed);Male;Passenger Car;0;#NULL!;0;0;Black;No;0;11-15;Bicyclist Left Turn - Same Direction;None;No;No;Dry;0;Urban;No;26JUN2008;0;11:58;Female;No;Commercial;B: Evident Injury;Yes;O: No Injury;5908;June;0;Straight - Grade;Piedmont;With Traffic;Double Yellow Line, No Passing Zone;Thursday;Non-Intersection;12;0;Two-Way, Not Divided;2 lanes;0;#NULL!;#NULL!;Smooth Asphalt;#NULL!;No Special Feature;Bicyclist Left Turn / Merge;Local Street;B: Evident Injury;Forsyth;70+;Clear;#NULL!;21-25 mph;40 - 45  MPH;2008;Daylight;70+
35.6155540299, -79.0391877209;"{""type"": ""Point"", ""coordinates"": [-79.03918772092895, 35.615554029900146]}";White;None - Rural Crash;Travel Lane;2;16;Rural (<30% Developed);Female;Unknown;0;#NULL!;0;0;Unknown/Missing;No;0;30-39;Motorist Intentionally Caused;None;No;No;Dry;0;Rural;Yes;28JUN2008;0;16:37;Unknown;No;Farms, Woods, Pastures;B: Evident Injury;Yes;Unknown Injury;5911;June;0;Curve - Level;Piedmont;With Traffic;Double Yellow Line, No Passing Zone;Saturday;Non-Intersection;32;0;Two-Way, Not Divided;2 lanes;0;#NULL!;#NULL!;Coarse Asphalt;#NULL!;No Special Feature;Other / Unusual Circumstances;State Secondary Route;B: Evident Injury;Chatham;32;Clear;#NULL!;16-20 mph;50 - 55  MPH;2008;Daylight;30-39
35.9714810731, -79.9556030169;"{""type"": ""Point"", ""coordinates"": [-79.95560301693153, 35.97148107310717]}";Black;High Point;Travel Lane;2;16;Urban (>70% Developed);Female;Pickup;0;#NULL!;0;0;Black;No;0;11-15;Motorist Left Turn - Same Direction;None;No;No;Dry;0;Urban;No;28JUN2008;0;16:09;Female;No;Residential;C: Possible Injury;Yes;O: No Injury;5912;June;0;Straight - Level;Piedmont;Facing Traffic;No Control Present;Saturday;Non-Intersection;12;0;Two-Way, Not Divided;2 lanes;0;#NULL!;#NULL!;Coarse Asphalt;#NULL!;No Special Feature;Motorist Left Turn / Merge;Local Street;C: Possible Injury;Guilford;21;Clear;#NULL!;11-15 mph;30 - 35  MPH;2008;Daylight;20-24
34.698214898, -77.040892069;"{""type"": ""Point"", ""coordinates"": [-77.04089206904628, 34.69821489798307]}";Hispanic;Bogue;Travel Lane;2;14;Urban (>70% Developed);Male;Sport Utility;0;#NULL!;0;0;White;No;0;20-24;Motorist Drive Out - Commercial Driveway / Alley;None;No;No;Dry;0;Rural;No;29JUN2008;0;14:11;Female;No;Commercial;B: Evident Injury;Yes;O: No Injury;5914;June;0;Straight - Level;Coastal;With Traffic;Missing;Sunday;Non-Intersection;23;0;Two-Way, Not Divided;5 lanes;0;#NULL!;#NULL!;Smooth Asphalt;#NULL!;Driveway, Public;Motorist Failed to Yield - Midblock;NC Route;B: Evident Injury;Carteret;61;Cloudy;#NULL!;0-5 mph;Unknown;2008;Daylight;60-69
35.8543170921, -78.7256226396;"{""type"": ""Point"", ""coordinates"": [-78.72562263961387, 35.85431709213098]}";White;None - Rural Crash;Travel Lane;2;12;Rural (<30% Developed);Male;Light Truck (Mini-Van, Panel);0;#NULL!;0;0;White;No;0;50-59;Bicyclist Overtaking - Other / Unknown;None;No;No;Dry;0;Rural;No;24JUN2008;0;12:38;Male;No;Residential;B: Evident Injury;Yes;O: No Injury;5923;June;0;Straight - Level;Piedmont;With Traffic;Double Yellow Line, No Passing Zone;Tuesday;Non-Intersection;50;0;Two-Way, Not Divided;2 lanes;0;#NULL!;#NULL!;Smooth Asphalt;#NULL!;Driveway, Public;Bicyclist Overtaking Motorist;State Secondary Route;B: Evident Injury;Wake;37;Clear;#NULL!;16-20 mph;40 - 45  MPH;2008;Daylight;30-39
34.2372167668, -77.927082316;"{""type"": ""Point"", ""coordinates"": [-77.92708231603531, 34.23721676683143]}";White;Wilmington;Sidewalk / Crosswalk / Driveway Crossing;2;15;Urban (>70% Developed);Male;Single Unit Truck (2-Axle, 6-Tire);0;#NULL!;0;0;White;No;0;50-59;Motorist Drive Out - Other Midblock;None;No;No;Dry;0;Urban;No;21MAY2008;0;15:56;Male;No;Residential;B: Evident Injury;Yes;O: No Injury;5927;May;0;Straight - Grade;Coastal;With Traffic;No Control Present;Wednesday;Non-Intersection;55;0;Two-Way, Not Divided;4 lanes;0;#NULL!;#NULL!;Smooth Asphalt;#NULL!;Driveway, Private;Motorist Failed to Yield - Midblock;Local Street;B: Evident Injury;New Hanover;50;Clear;#NULL!;0-5 mph;30 - 35  MPH;2008;Daylight;50-59
34.7830609041, -77.4249421907;"{""type"": ""Point"", ""coordinates"": [-77.42494219072097, 34.78306090407089]}";White;Jacksonville;Sidewalk / Crosswalk / Driveway Crossing;2;17;Urban (>70% Developed);Male;Pickup;0;#NULL!;0;0;White;No;0;16-19;Motorist Drive Through - Sign-Controlled Intersection;None;No;No;Dry;0;Urban;No;10JUL2008;0;17:44;Male;No;Commercial;C: Possible Injury;Yes;O: No Injury;5928;July;0;Straight - Level;Coastal;Not Applicable;Other;Thursday;Intersection-Related;16;0;Two-Way, Not Divided;5 lanes;0;#NULL!;#NULL!;Smooth Asphalt;#NULL!;No Special Feature;Motorist Failed to Yield - Sign-Controlled Intersection;Local Street;C: Possible Injury;Onslow;52;Cloudy;#NULL!;16-20 mph;30 - 35  MPH;2008;Daylight;50-59
36.0832371339, -78.9326227139;"{""type"": ""Point"", ""coordinates"": [-78.93262271390647, 36.08323713392544]}";White;Durham;Travel Lane;2;6;Urban (>70% Developed);Male;Pickup;0;#NULL!;0;0;White;No;0;50-59;Motorist Left Turn - Opposite Direction;None;No;No;Dry;0;Urban;No;01AUG2008;0;6:32;Male;No;Commercial;B: Evident Injury;Yes;O: No Injury;5932;August;0;Straight - Level;Piedmont;With Traffic;No Control Present;Friday;Non-Intersection;56;0;Two-Way, Not Divided;3 lanes;0;#NULL!;#NULL!;Smooth Asphalt;#NULL!;No Special Feature;Motorist Left Turn / Merge;Local Street;B: Evident Injury;Durham;26;Clear;#NULL!;6-10 mph;30 - 35  MPH;2008;Daylight;25-29
34.9347218871, -78.9201326505;"{""type"": ""Point"", ""coordinates"": [-78.92013265052871, 34.93472188713455]}";White;None - Rural Crash;Travel Lane;2;13;Rural (<30% Developed);Male;Passenger Car;0;#NULL!;0;0;White;No;0;40-49;Motorist Overtaking - Other / Unknown;None;Yes;Yes;Dry;0;Rural;No;04JUL2008;0;13:26;Male;No;Farms, Woods, Pastures;C: Possible Injury;No;O: No Injury;5936;July;0;Straight - Level;Coastal;With Traffic;Double Yellow Line, No Passing Zone;Friday;Non-Intersection;47;0;Two-Way, Not Divided;2 lanes;0;#NULL!;#NULL!;Coarse Asphalt;#NULL!;No Special Feature;Motorist Overtaking Bicyclist;State Secondary Route;C: Possible Injury;Cumberland;45;Clear;#NULL!;41-45 mph;40 - 45  MPH;2008;Daylight;40-49
35.0647968533, -80.6713671824;"{""type"": ""Point"", ""coordinates"": [-80.67136718236182, 35.064796853271716]}";White;Indian Trail;Travel Lane;2;0;Urban (>70% Developed);Male;Passenger Car;0;#NULL!;0;0;White;No;0;25-29;Motorist Right Turn - Same Direction;None;No;No;Dry;0;Urban;No;07JUL2008;0;0:48;Female;No;Residential;B: Evident Injury;Yes;O: No Injury;5941;July;0;Straight - Level;Piedmont;With Traffic;Double Yellow Line, No Passing Zone;Monday;Intersection;25;0;Two-Way, Not Divided;2 lanes;0;#NULL!;#NULL!;Smooth Asphalt;#NULL!;Four-Way Intersection;Motorist Right Turn / Merge;State Secondary Route;B: Evident Injury;Union;27;Clear;#NULL!;41-45 mph;40 - 45  MPH;2008;Daylight;25-29
36.0592650979, -79.7849229701;"{""type"": ""Point"", ""coordinates"": [-79.78492297008886, 36.05926509791553]}";Black;Greensboro;Sidewalk / Crosswalk / Driveway Crossing;2;21;Urban (>70% Developed);Male;Pickup;0;#NULL!;0;0;Black;No;0;30-39;Motorist Drive Out - Sign-Controlled Intersection;None;No;No;Dry;0;Urban;No;08JUL2008;0;21:24;Male;No;Residential;C: Possible Injury;No;O: No Injury;5946;July;0;Straight - Level;Piedmont;Facing Traffic;Stop Sign;Tuesday;Intersection;32;0;Two-Way, Not Divided;2 lanes;0;#NULL!;#NULL!;Smooth Asphalt;#NULL!;T-Intersection;Motorist Failed to Yield - Sign-Controlled Intersection;Local Street;C: Possible Injury;Guilford;35;Clear;#NULL!;0-5 mph;30 - 35  MPH;2008;Dark - Lighted Roadway;30-39
34.7921868742, -78.3998924857;"{""type"": ""Point"", ""coordinates"": [-78.39989248569877, 34.79218687422754]}";Black;Garland;Travel Lane;2;21;Urban (>70% Developed);Male;Passenger Car;0;#NULL!;0;0;White;No;0;16-19;Bicyclist Left Turn - Same Direction;None;No;No;Dry;0;Rural;No;19JUL2008;0;21:59;Female;No;Residential;B: Evident Injury;Yes;O: No Injury;5972;July;0;Straight - Level;Coastal;With Traffic;Double Yellow Line, No Passing Zone;Saturday;Non-Intersection;17;0;Two-Way, Not Divided;2 lanes;0;#NULL!;#NULL!;Coarse Asphalt;#NULL!;T-Intersection;Bicyclist Left Turn / Merge;NC Route;B: Evident Injury;Sampson;57;Clear;#NULL!;31-35 mph;30 - 35  MPH;2008;Dark - Roadway Not Lighted;50-59
35.5703069401, -81.2608433853;"{""type"": ""Point"", ""coordinates"": [-81.26084338525332, 35.57030694008044]}";White;None - Rural Crash;Travel Lane;2;10;Rural (<30% Developed);Male;Passenger Car;0;#NULL!;0;0;White;No;0;25-29;Motorist Overtaking - Misjudged Space;None;No;No;Dry;0;Rural;No;16AUG2008;0;10:15;Male;No;Farms, Woods, Pastures;B: Evident Injury;Yes;O: No Injury;5978;August;0;Curve - Grade;Piedmont;With Traffic;Double Yellow Line, No Passing Zone;Saturday;Non-Intersection;27;0;Two-Way, Not Divided;2 lanes;0;#NULL!;#NULL!;Coarse Asphalt;#NULL!;No Special Feature;Motorist Overtaking Bicyclist;State Secondary Route;B: Evident Injury;Catawba;56;Clear;#NULL!;31-35 mph;50 - 55  MPH;2008;Daylight;50-59
36.2511322627, -76.2532369049;"{""type"": ""Point"", ""coordinates"": [-76.25323690489915, 36.25113226274546]}";White;None - Rural Crash;Travel Lane;2;0;Rural (<30% Developed);Male;Pickup;0;#NULL!;0;0;Unknown/Missing;No;0;20-24;Motorist Overtaking - Other / Unknown;None;No;No;Dry;0;Rural;Yes;06AUG2008;0;0:17;Unknown;Missing;Farms, Woods, Pastures;C: Possible Injury;Yes;Unknown Injury;5981;August;0;Straight - Level;Coastal;With Traffic;Double Yellow Line, No Passing Zone;Wednesday;Non-Intersection;20;0;Two-Way, Not Divided;2 lanes;0;#NULL!;#NULL!;Coarse Asphalt;#NULL!;No Special Feature;Motorist Overtaking Bicyclist;State Secondary Route;C: Possible Injury;Pasquotank;Unknown;Clear;#NULL!;Unknown;Unknown;2008;Dark - Roadway Not Lighted;Unknown
35.7542109772, -81.2828034019;"{""type"": ""Point"", ""coordinates"": [-81.28280340188162, 35.754210977192606]}";White;None - Rural Crash;Driveway / Alley;2;15;Urban (>70% Developed);Male;Passenger Car;0;#NULL!;0;0;White;No;0;16-19;Bicyclist Ride Out - Residential Driveway;None;No;No;Dry;0;Rural;No;22JUL2008;0;15:51;Female;No;Residential;B: Evident Injury;Yes;O: No Injury;5990;July;0;Straight - Level;Piedmont;Not Applicable;Missing;Tuesday;Non-Intersection;16;0;Two-Way, Not Divided;2 lanes;0;#NULL!;#NULL!;Coarse Asphalt;#NULL!;Driveway, Private;Bicyclist Failed to Yield - Midblock;State Secondary Route;B: Evident Injury;Catawba;30;Clear;#NULL!;16-20 mph;20 - 25  MPH;2008;Daylight;30-39
35.7721070776, -78.6386026089;"{""type"": ""Point"", ""coordinates"": [-78.63860260892373, 35.77210707758422]}";White;Raleigh;Sidewalk / Crosswalk / Driveway Crossing;2;16;Urban (>70% Developed);Male;Sport Utility;0;#NULL!;0;0;Other;No;0;20-24;Motorist Drive Out - Sign-Controlled Intersection;Road Surface Condition;No;No;Wet;0;Urban;No;04NOV2011;0;16:34;Female;No;Commercial;B: Evident Injury;Yes;O: No Injury;3537;November;0;Straight - Grade;Piedmont;Facing Traffic;Stop Sign;Friday;Intersection;21;0;Two-Way, Not Divided;2 lanes;0;#NULL!;#NULL!;Smooth Asphalt;#NULL!;T-Intersection;Motorist Failed to Yield - Sign-Controlled Intersection;Local Street;B: Evident Injury;Wake;38;Cloudy;#NULL!;0-5 mph;20 - 25  MPH;2011;Daylight;30-39
35.78670708, -78.6640026164;"{""type"": ""Point"", ""coordinates"": [-78.664002616432, 35.78670707997559]}";White;Raleigh;Bike Lane / Paved Shoulder;2;18;Mixed (30% To 70% Developed);Male;Passenger Car;0;#NULL!;0;0;White;No;0;20-24;Motorist Right Turn - Same Direction;None;No;No;Dry;0;Urban;No;02NOV2011;0;18:19;Male;No;Residential;O: No Injury;Yes;O: No Injury;3538;November;0;Straight - Level;Piedmont;With Traffic;No Control Present;Wednesday;Non-Intersection;21;0;Two-Way, Divided, Unprotected Median;2 lanes;0;#NULL!;#NULL!;Coarse Asphalt;#NULL!;No Special Feature;Motorist Right Turn / Merge;Local Street;O: No Injury;Wake;19;Clear;#NULL!;21-25 mph;30 - 35  MPH;2011;Daylight;0-19
34.2547167726, -77.8793023024;"{""type"": ""Point"", ""coordinates"": [-77.87930230238437, 34.25471677264434]}";White;Wilmington;Bike Lane / Paved Shoulder;2;2;Mixed (30% To 70% Developed);Male;Unknown;0;#NULL!;0;0;Unknown/Missing;No;0;50-59;Motorist Lost Control - Other / Unknown;None;No;No;Dry;0;Urban;Yes;23OCT2011;0;2:30;Unknown;Missing;Residential;B: Evident Injury;No;Unknown Injury;3539;October;0;Straight - Level;Coastal;With Traffic;No Control Present;Sunday;Non-Intersection;56;0;Two-Way, Divided, Unprotected Median;6 lanes;0;#NULL!;#NULL!;Smooth Asphalt;#NULL!;No Special Feature;Loss of Control / Turning Error;US Route;B: Evident Injury;New Hanover;Unknown;Clear;#NULL!;51-55 mph;50 - 55  MPH;2011;Dark - Roadway Not Lighted;Unknown
35.0434369102, -78.952002665;"{""type"": ""Point"", ""coordinates"": [-78.95200266495458, 35.04343691020911]}";White;Fayetteville;Travel Lane;2;17;Urban (>70% Developed);Male;Pickup;0;#NULL!;0;0;White;No;0;70+;Motorist Overtaking - Bicyclist Swerved;None;No;No;Dry;0;Urban;No;25OCT2011;0;17:12;Male;No;Commercial;B: Evident Injury;No;O: No Injury;3541;October;0;Straight - Grade;Coastal;With Traffic;No Control Present;Tuesday;Non-Intersection;70+;0;Two-Way, Not Divided;7 lanes;0;#NULL!;#NULL!;Coarse Asphalt;#NULL!;No Special Feature;Motorist Overtaking Bicyclist;Local Street;B: Evident Injury;Cumberland;50;Clear;#NULL!;0-5 mph;40 - 45  MPH;2011;Daylight;50-59
34.2407467684, -77.9010023089;"{""type"": ""Point"", ""coordinates"": [-77.90100230886311, 34.24074676843854]}";White;Wilmington;Sidewalk / Crosswalk / Driveway Crossing;2;17;Urban (>70% Developed);Male;Passenger Car;0;#NULL!;0;0;White;No;0;25-29;Motorist Drive Out - Commercial Driveway / Alley;None;No;No;Dry;0;Urban;No;19AUG2011;0;17:22;Female;No;Commercial;C: Possible Injury;No;O: No Injury;3357;August;0;Straight - Level;Coastal;With Traffic;No Control Present;Friday;Non-Intersection;27;0;Two-Way, Not Divided;2 lanes;0;#NULL!;#NULL!;Smooth Asphalt;#NULL!;Driveway, Public;Motorist Failed to Yield - Midblock;Public Vehicular Area;C: Possible Injury;New Hanover;35;Clear;#NULL!;6-10 mph;30 - 35  MPH;2011;Daylight;30-39