Geo Point;Geo Shape;BikeRace;City;BikePos;NumUnits;CrashHour;Locality;BikeSex;DrvrVehTyp;NumBikesNo;BikeAlcDrg;NumBikesBI;RteInvdCd;DrvrRace;Workzone;NumBikesCi;BikeAgeGrp;CrashType;RdDefects;CrashAlcoh;BikeAlcoho;RdConditio;DstncMiFrm;RuralUrban;HitRun;CrashDate;NumBikesUI;CrashTime;DrvrSex;DrvrAlcoho;Developmen;CrashSevr;AmbulanceR;DrvrInjury;OBJECTID;CrashMonth;NumBikesKi;RdCharacte;Region;BikeDir;TraffCntrl;CrashDay;CrashLoc;BikeAge;NumBikesTo;RdConfig;NumLanes;NumBikesAI;DrvrAlcDrg;OnRoad;RdSurface;Towrd_Rd;RdFeature;CrashGrp;RdClass;BikeInjury;County;DrvrAge;Weather;FrmRd;DrvrEstSpd;SpeedLimit;CrashYear;LightCond;DrvrAgeGrp
35.2720669373, -79.5692028632;"{""type"": ""Point"", ""coordinates"": [-79.5692028631697, 35.2720669373218]}";White;None - Rural Crash;Travel Lane;2;9;Rural (<30% Developed);Male;Passenger Car;0;#NULL!;0;0;White;No;0;60-69;Motorist Overtaking - Undetected Bicyclist;None;No;No;Dry;0;Rural;No;07SEP2011;0;9:16;Female;No;Farms, Woods, Pastures;B: Evident Injury;Yes;O: No Injury;3358;September;0;Straight - Level;Piedmont;With Traffic;Double Yellow Line, No Passing Zone;Wednesday;Non-Intersection;61;0;Two-Way, Not Divided;2 lanes;0;#NULL!;#NULL!;Smooth Asphalt;#NULL!;No Special Feature;Motorist Overtaking Bicyclist;State Secondary Route;B: Evident Injury;Moore;45;Clear;#NULL!;41-45 mph;40 - 45  MPH;2011;Daylight;40-49
35.0410369098, -78.93420266;"{""type"": ""Point"", ""coordinates"": [-78.93420266000415, 35.04103690981771]}";White;Fayetteville;Travel Lane;2;19;Urban (>70% Developed);Male;Passenger Car;0;#NULL!;0;0;Native American;No;0;70+;Motorist Overtaking - Other / Unknown;None;No;No;Dry;0;Urban;No;30AUG2011;0;19:48;Female;No;Commercial;O: No Injury;No;O: No Injury;3374;August;0;Straight - Level;Coastal;With Traffic;No Control Present;Tuesday;Non-Intersection;70+;0;Two-Way, Not Divided;5 lanes;0;#NULL!;#NULL!;Coarse Asphalt;#NULL!;No Special Feature;Motorist Overtaking Bicyclist;Local Street;O: No Injury;Cumberland;41;Clear;#NULL!;6-10 mph;40 - 45  MPH;2011;Dusk;40-49
35.5682470285, -78.8012026468;"{""type"": ""Point"", ""coordinates"": [-78.80120264684732, 35.5682470285181]}";Native American;Fuquay-Varina;Sidewalk / Crosswalk / Driveway Crossing;2;14;Urban (>70% Developed);Male;Sport Utility;0;#NULL!;0;0;Native American;No;0;11-15;Motorist Drive Out - Commercial Driveway / Alley;None;No;No;Dry;0;Urban;No;07AUG2011;0;14:28;Male;No;Commercial;C: Possible Injury;Yes;O: No Injury;3382;August;0;Straight - Bottom;Piedmont;Facing Traffic;Stop Sign;Sunday;Non-Intersection;15;0;Two-Way, Not Divided;Unknown;0;#NULL!;#NULL!;Smooth Asphalt;#NULL!;Driveway, Public;Motorist Failed to Yield - Midblock;Public Vehicular Area;C: Possible Injury;Wake;28;Clear;#NULL!;0-5 mph;5 - 15 MPH;2011;Daylight;25-29
36.0100771166, -78.9900027276;"{""type"": ""Point"", ""coordinates"": [-78.9900027275669, 36.010077116625276]}";White;None - Rural Crash;Travel Lane;2;8;Rural (<30% Developed);Female;Passenger Car;0;#NULL!;0;0;White;No;0;40-49;Motorist Drive Out - Sign-Controlled Intersection;None;No;No;Dry;0;Rural;No;14SEP2011;0;8:40;Male;No;Farms, Woods, Pastures;B: Evident Injury;Yes;O: No Injury;3384;September;0;Straight - Grade;Piedmont;With Traffic;Stop Sign;Wednesday;Intersection;41;0;Two-Way, Not Divided;2 lanes;0;#NULL!;#NULL!;Smooth Asphalt;#NULL!;Four-Way Intersection;Motorist Failed to Yield - Sign-Controlled Intersection;State Secondary Route;B: Evident Injury;Durham;70+;Clear;#NULL!;6-10 mph;40 - 45  MPH;2011;Daylight;70+
36.0457570928, -79.8392029866;"{""type"": ""Point"", ""coordinates"": [-79.83920298660884, 36.04575709277059]}";Black;Greensboro;Sidewalk / Crosswalk / Driveway Crossing;2;18;Urban (>70% Developed);Male;Sport Utility;0;#NULL!;0;0;Black;No;0;11-15;Motorist Drive Out - Commercial Driveway / Alley;None;No;No;Dry;0;Urban;No;08SEP2011;0;18:07;Male;No;Commercial;C: Possible Injury;Yes;O: No Injury;3401;September;0;Straight - Grade;Piedmont;Facing Traffic;No Control Present;Thursday;Non-Intersection;14;0;Two-Way, Not Divided;2 lanes;0;#NULL!;#NULL!;Smooth Asphalt;#NULL!;Driveway, Private;Motorist Failed to Yield - Midblock;Public Vehicular Area;C: Possible Injury;Guilford;36;Clear;#NULL!;0-5 mph;5 - 15 MPH;2011;Daylight;30-39
35.5659668901, -82.5433037658;"{""type"": ""Point"", ""coordinates"": [-82.54330376579375, 35.56596689006106]}";White;Asheville;Travel Lane;2;12;Urban (>70% Developed);Male;Passenger Car;0;#NULL!;0;0;White;No;0;16-19;Bicyclist Ride Out - Sign-Controlled Intersection;None;No;No;Dry;0;Urban;No;29AUG2011;0;12:43;Male;No;Commercial;C: Possible Injury;No;O: No Injury;3403;August;0;Straight - Level;Mountains;With Traffic;Stop Sign;Monday;Intersection;18;0;Two-Way, Divided, Unprotected Median;5 lanes;0;#NULL!;#NULL!;Smooth Asphalt;#NULL!;Four-Way Intersection;Bicyclist Failed to Yield - Sign-Controlled Intersection;US Route;C: Possible Injury;Buncombe;61;Clear;#NULL!;16-20 mph;30 - 35  MPH;2011;Daylight;60-69
36.114537251, -75.7202017335;"{""type"": ""Point"", ""coordinates"": [-75.7202017335285, 36.11453725099097]}";Unknown/Missing;Southern Shores;Multi-use Path;2;14;Urban (>70% Developed);Female;Pickup;0;#NULL!;0;0;White;No;0;50-59;Bicyclist Ride Through - Sign-Controlled Intersection;None;No;No;Dry;0;Rural;No;10SEP2011;0;14:18;Male;No;Residential;O: No Injury;No;O: No Injury;3404;September;0;Straight - Level;Coastal;Facing Traffic;Stop And Go Signal;Saturday;Intersection;51;0;Two-Way, Not Divided;2 lanes;0;#NULL!;#NULL!;Smooth Asphalt;#NULL!;T-Intersection;Bicyclist Failed to Yield - Sign-Controlled Intersection;Local Street;Unknown Injury;Dare;47;Clear;#NULL!;0-5 mph;20 - 25  MPH;2011;Daylight;40-49
35.8587270937, -78.7120026357;"{""type"": ""Point"", ""coordinates"": [-78.71200263572783, 35.85872709367695]}";White;Raleigh;Non-Roadway;2;6;Mixed (30% To 70% Developed);Male;Passenger Car;0;#NULL!;0;0;White;No;0;50-59;Non-Roadway;None;No;No;Dry;0;Urban;No;19SEP2011;0;6:58;Male;No;Commercial;B: Evident Injury;No;O: No Injury;3405;September;0;Straight - Level;Piedmont;Not Applicable;No Control Present;Monday;Non-Roadway;53;0;Two-Way, Not Divided;Unknown;0;#NULL!;#NULL!;Smooth Asphalt;#NULL!;Driveway, Public;Non-Roadway;Public Vehicular Area;B: Evident Injury;Wake;54;Cloudy;#NULL!;0-5 mph;30 - 35  MPH;2011;Dawn;50-59
35.9112170925, -79.0605027439;"{""type"": ""Point"", ""coordinates"": [-79.0605027439476, 35.91121709250316]}";White;Chapel Hill;Travel Lane;2;22;Urban (>70% Developed);Female;Passenger Car;0;#NULL!;0;0;White;No;0;25-29;Motorist Left Turn - Opposite Direction;None;No;No;Dry;0;Urban;No;20SEP2011;0;22:51;Male;No;Commercial;B: Evident Injury;Yes;O: No Injury;3416;September;0;Straight - Level;Piedmont;With Traffic;No Control Present;Tuesday;Intersection;28;0;Two-Way, Not Divided;4 lanes;0;#NULL!;#NULL!;Smooth Asphalt;#NULL!;No Special Feature;Motorist Left Turn / Merge;Local Street;B: Evident Injury;Orange;19;Clear;#NULL!;0-5 mph;20 - 25  MPH;2011;Dark - Lighted Roadway;0-19
34.7607068997, -77.4154021866;"{""type"": ""Point"", ""coordinates"": [-77.4154021866305, 34.760706899679676]}";Black;Jacksonville;Sidewalk / Crosswalk / Driveway Crossing;2;8;Urban (>70% Developed);Male;Passenger Car;0;#NULL!;0;0;Black;No;0;50-59;Motorist Drive Out - Right Turn on Red;None;No;No;Dry;0;Urban;No;20SEP2011;0;8:00;Female;No;Commercial;C: Possible Injury;Yes;O: No Injury;3419;September;0;Straight - Level;Coastal;Facing Traffic;Stop And Go Signal;Tuesday;Intersection;55;0;Two-Way, Not Divided;6 lanes;0;#NULL!;#NULL!;Smooth Asphalt;#NULL!;Four-Way Intersection;Motorist Failed to Yield - Signalized Intersection;US Route;C: Possible Injury;Onslow;33;Cloudy;#NULL!;6-10 mph;40 - 45  MPH;2011;Daylight;30-39
35.8844171684, -76.7084020263;"{""type"": ""Point"", ""coordinates"": [-76.70840202631543, 35.88441716842238]}";Black;None - Rural Crash;Travel Lane;2;17;Rural (<30% Developed);Male;Pickup;0;#NULL!;0;0;White;No;0;30-39;Head-On - Bicyclist;None;No;No;Dry;0;Rural;No;08AUG2011;0;17:20;Male;No;Farms, Woods, Pastures;C: Possible Injury;Yes;O: No Injury;3421;August;0;Straight - Level;Coastal;Facing Traffic;No Control Present;Monday;Intersection;34;0;Two-Way, Not Divided;2 lanes;0;#NULL!;#NULL!;Smooth Asphalt;#NULL!;No Special Feature;Head-On;State Secondary Route;C: Possible Injury;Washington;55;Clear;#NULL!;31-35 mph;50 - 55  MPH;2011;Daylight;50-59
35.5387269415, -81.025203313;"{""type"": ""Point"", ""coordinates"": [-81.0252033129963, 35.53872694153586]}";White;None - Rural Crash;Travel Lane;2;17;Mixed (30% To 70% Developed);Male;Passenger Car;0;#NULL!;0;0;White;No;0;50-59;Head-On - Motorist;None;No;No;Dry;0;Rural;No;26SEP2011;0;17:16;Male;No;Residential;B: Evident Injury;Yes;O: No Injury;3435;September;0;Straight - Level;Piedmont;With Traffic;Double Yellow Line, No Passing Zone;Monday;Non-Intersection;56;0;Two-Way, Not Divided;2 lanes;0;#NULL!;#NULL!;Smooth Asphalt;#NULL!;No Special Feature;Head-On;State Secondary Route;B: Evident Injury;Lincoln;22;Clear;#NULL!;46-50 mph;30 - 35  MPH;2011;Daylight;20-24
35.0440769106, -78.9428026624;"{""type"": ""Point"", ""coordinates"": [-78.94280266239618, 35.04407691059013]}";White;Fayetteville;Sidewalk / Crosswalk / Driveway Crossing;2;21;Urban (>70% Developed);Male;Unknown;0;#NULL!;0;0;Unknown/Missing;No;0;70+;Motorist Left Turn - Opposite Direction;None;No;No;Dry;0;Urban;Yes;23SEP2011;0;21:17;Unknown;Missing;Commercial;B: Evident Injury;No;Unknown Injury;3438;September;0;Straight - Level;Coastal;With Traffic;No Control Present;Friday;Non-Intersection;70+;0;Two-Way, Not Divided;7 lanes;0;#NULL!;#NULL!;Coarse Asphalt;#NULL!;Driveway, Public;Motorist Left Turn / Merge;Local Street;B: Evident Injury;Cumberland;Unknown;Clear;#NULL!;Unknown;Unknown;2011;Dark - Lighted Roadway;Unknown
35.7371670723, -78.5747025869;"{""type"": ""Point"", ""coordinates"": [-78.57470258689726, 35.737167072339666]}";Hispanic;Raleigh;Travel Lane;2;15;Urban (>70% Developed);Male;Passenger Car;0;#NULL!;0;0;Black;No;0;6-10;Parallel Paths - Other / Unknown;None;No;No;Dry;0;Urban;No;02OCT2011;0;15:22;Male;No;Residential;B: Evident Injury;Yes;O: No Injury;3441;October;0;Curve - Level;Piedmont;Facing Traffic;No Control Present;Sunday;Non-Intersection;9;0;Two-Way, Not Divided;2 lanes;0;#NULL!;#NULL!;Smooth Asphalt;#NULL!;No Special Feature;Parallel Paths - Other Circumstances;Local Street;B: Evident Injury;Wake;20;Clear;#NULL!;16-20 mph;5 - 15 MPH;2011;Daylight;20-24
35.9189471912, -76.2526018882;"{""type"": ""Point"", ""coordinates"": [-76.25260188824687, 35.91894719122783]}";White;Columbia;Non-Roadway;2;18;Urban (>70% Developed);Male;Pickup;0;#NULL!;0;0;White;No;0;11-15;Bicyclist Ride Out - Commercial Driveway / Alley;None;No;No;Dry;0;Rural;No;05SEP2011;0;18:50;Male;No;Residential;B: Evident Injury;Yes;O: No Injury;3442;September;0;Straight - Level;Coastal;Not Applicable;No Control Present;Monday;Non-Intersection;15;0;Two-Way, Not Divided;2 lanes;0;#NULL!;#NULL!;Smooth Asphalt;#NULL!;No Special Feature;Bicyclist Failed to Yield - Midblock;Local Street;B: Evident Injury;Tyrrell;66;Clear;#NULL!;11-15 mph;20 - 25  MPH;2011;Daylight;60-69
35.1794968658, -81.0200032919;"{""type"": ""Point"", ""coordinates"": [-81.02000329190658, 35.17949686579439]}";White;Charlotte;Travel Lane;2;22;Mixed (30% To 70% Developed);Male;Passenger Car;0;#NULL!;0;0;White;No;0;60-69;Motorist Drive Out - Sign-Controlled Intersection;None;No;No;Wet;0;Urban;No;27SEP2011;0;22:59;Female;No;Commercial;C: Possible Injury;No;O: No Injury;3448;September;0;Straight - Level;Piedmont;With Traffic;Stop Sign;Tuesday;Intersection;64;0;Two-Way, Not Divided;2 lanes;0;#NULL!;#NULL!;Smooth Asphalt;#NULL!;T-Intersection;Motorist Failed to Yield - Sign-Controlled Intersection;Local Street;C: Possible Injury;Mecklenburg;41;Rain;#NULL!;0-5 mph;40 - 45  MPH;2011;Dark - Lighted Roadway;40-49
35.7736770713, -78.8460026714;"{""type"": ""Point"", ""coordinates"": [-78.84600267143823, 35.77367707126184]}";Asian;Cary;Sidewalk / Crosswalk / Driveway Crossing;2;7;Urban (>70% Developed);Male;Passenger Car;0;#NULL!;0;0;White;No;0;11-15;Bicyclist Ride Through - Signalized Intersection;None;No;No;Dry;0;Urban;No;29SEP2011;0;7:39;Female;No;Residential;C: Possible Injury;Yes;O: No Injury;3456;September;0;Straight - Bottom;Piedmont;Facing Traffic;Stop And Go Signal;Thursday;Intersection;12;0;Two-Way, Divided, Unprotected Median;5 lanes;0;#NULL!;#NULL!;Smooth Asphalt;#NULL!;Four-Way Intersection;Bicyclist Failed to Yield - Signalized Intersection;State Secondary Route;C: Possible Injury;Wake;48;Clear;#NULL!;0-5 mph;40 - 45  MPH;2011;Daylight;40-49
34.2231467657, -77.8861023031;"{""type"": ""Point"", ""coordinates"": [-77.88610230306635, 34.22314676565366]}";White;Wilmington;Travel Lane;2;21;Urban (>70% Developed);Male;Unknown;0;#NULL!;0;0;Unknown/Missing;No;0;30-39;Motorist Overtaking - Other / Unknown;None;No;No;Wet;0;Urban;Yes;22SEP2011;0;21:30;Unknown;No;Commercial;C: Possible Injury;Yes;Unknown Injury;3458;September;0;Straight - Level;Coastal;With Traffic;No Control Present;Thursday;Intersection;30;0;Two-Way, Not Divided;3 lanes;0;#NULL!;#NULL!;Coarse Asphalt;#NULL!;No Special Feature;Motorist Overtaking Bicyclist;Local Street;C: Possible Injury;New Hanover;Unknown;Rain;#NULL!;Unknown;30 - 35  MPH;2011;Dark - Roadway Not Lighted;Unknown
35.7925470845, -78.5853025933;"{""type"": ""Point"", ""coordinates"": [-78.58530259333094, 35.79254708448939]}";Hispanic;Raleigh;Travel Lane;2;18;Urban (>70% Developed);Male;Pickup;0;#NULL!;0;0;White;No;0;50-59;Bicyclist Ride Out - Other Midblock;None;Yes;Yes;Dry;0;Urban;No;08OCT2011;0;18:22;Female;No;Commercial;B: Evident Injury;Yes;O: No Injury;3468;October;0;Straight - Grade;Piedmont;Not Applicable;Stop And Go Signal;Saturday;Non-Intersection;53;0;Two-Way, Divided, Positive Median Barrier;7 lanes;0;#NULL!;#NULL!;Smooth Asphalt;#NULL!;Bridge;Bicyclist Failed to Yield - Midblock;Local Street;B: Evident Injury;Wake;36;Clear;#NULL!;36-40 mph;40 - 45  MPH;2011;Daylight;30-39
35.7911470016, -80.8610032779;"{""type"": ""Point"", ""coordinates"": [-80.86100327788286, 35.791147001645065]}";Black;Statesville;Travel Lane;2;14;Urban (>70% Developed);Male;Passenger Car;0;#NULL!;0;0;White;No;0;20-24;Bicyclist Ride Out - Signalized  Intersection;None;No;No;Dry;0;Urban;No;06OCT2011;0;14:10;Female;No;Commercial;C: Possible Injury;Yes;O: No Injury;3476;October;0;Straight - Level;Piedmont;Facing Traffic;Stop And Go Signal;Thursday;Intersection;23;0;Two-Way, Divided, Positive Median Barrier;4 lanes;0;#NULL!;#NULL!;Smooth Asphalt;#NULL!;Four-Way Intersection;Bicyclist Failed to Yield - Signalized Intersection;Local Street;C: Possible Injury;Iredell;57;Clear;#NULL!;Unknown;30 - 35  MPH;2011;Daylight;50-59
34.2351467668, -77.9366023192;"{""type"": ""Point"", ""coordinates"": [-77.93660231922931, 34.23514676678091]}";Black;Wilmington;Travel Lane;2;23;Urban (>70% Developed);Female;Unknown;0;#NULL!;0;0;Unknown/Missing;No;0;30-39;Parallel Paths - Other / Unknown;None;No;No;Dry;0;Urban;Yes;07OCT2011;0;23:38;Unknown;Missing;Residential;B: Evident Injury;Yes;Unknown Injury;3481;October;0;Straight - Level;Coastal;With Traffic;Stop Sign;Friday;Intersection;31;0;Two-Way, Not Divided;2 lanes;0;#NULL!;#NULL!;Smooth Asphalt;#NULL!;No Special Feature;Parallel Paths - Other Circumstances;Local Street;B: Evident Injury;New Hanover;Unknown;Clear;#NULL!;11-15 mph;20 - 25  MPH;2011;Dark - Lighted Roadway;Unknown
36.0619670971, -79.8155029799;"{""type"": ""Point"", ""coordinates"": [-79.81550297985166, 36.06196709713368]}";White;Greensboro;Travel Lane;2;19;Urban (>70% Developed);Male;Passenger Car;0;#NULL!;0;0;White;No;0;30-39;Bicyclist Ride Out - Signalized  Intersection;None;No;No;Wet;0;Urban;No;25SEP2011;0;19:51;Female;No;Commercial;B: Evident Injury;Yes;O: No Injury;3486;September;0;Straight - Level;Piedmont;Not Applicable;Stop And Go Signal;Sunday;Intersection-Related;32;0;Two-Way, Divided, Unprotected Median;5 lanes;0;#NULL!;#NULL!;Smooth Asphalt;#NULL!;No Special Feature;Bicyclist Failed to Yield - Signalized Intersection;Local Street;B: Evident Injury;Guilford;41;Rain;#NULL!;16-20 mph;30 - 35  MPH;2011;Dark - Lighted Roadway;40-49
34.7495269224, -76.6512019528;"{""type"": ""Point"", ""coordinates"": [-76.65120195281429, 34.749526922402495]}";White;None - Rural Crash;Travel Lane;2;21;Rural (<30% Developed);Male;Sport Utility;0;#NULL!;0;0;White;No;0;30-39;Motorist Overtaking - Other / Unknown;None;No;No;Dry;0;Rural;No;23OCT2011;0;21:30;Male;No;Residential;B: Evident Injury;Yes;O: No Injury;3494;October;0;Curve - Level;Coastal;With Traffic;Double Yellow Line, No Passing Zone;Sunday;Non-Intersection;30;0;Two-Way, Not Divided;2 lanes;0;#NULL!;#NULL!;Smooth Asphalt;#NULL!;No Special Feature;Motorist Overtaking Bicyclist;NC Route;B: Evident Injury;Carteret;68;Clear;#NULL!;31-35 mph;50 - 55  MPH;2011;Dark - Roadway Not Lighted;60-69
34.2682667759, -77.8690023005;"{""type"": ""Point"", ""coordinates"": [-77.86900230051425, 34.268266775942905]}";White;None - Rural Crash;Travel Lane;2;5;Urban (>70% Developed);Male;Passenger Car;0;#NULL!;0;0;White;No;0;20-24;Bicyclist Ride Out - Commercial Driveway / Alley;None;Yes;Yes;Dry;0;Rural;No;22OCT2011;0;5:45;Female;No;Residential;B: Evident Injury;Yes;O: No Injury;3495;October;0;Straight - Grade;Coastal;Not Applicable;No Control Present;Saturday;Non-Intersection;20;0;Two-Way, Divided, Unprotected Median;5 lanes;0;#NULL!;#NULL!;Coarse Asphalt;#NULL!;Related To Intersection;Bicyclist Failed to Yield - Midblock;US Route;B: Evident Injury;New Hanover;48;Cloudy;#NULL!;51-55 mph;50 - 55  MPH;2011;Dark - Roadway Not Lighted;40-49
34.7518168969, -77.4444021949;"{""type"": ""Point"", ""coordinates"": [-77.44440219491005, 34.75181689693424]}";White;Jacksonville;Sidewalk / Crosswalk / Driveway Crossing;2;16;Urban (>70% Developed);Male;Passenger Car;0;#NULL!;0;0;White;No;0;20-24;Motorist Drive Out - Commercial Driveway / Alley;None;No;No;Dry;0;Urban;No;06OCT2011;0;16:10;Male;No;Commercial;C: Possible Injury;Yes;O: No Injury;3501;October;0;Straight - Level;Coastal;Facing Traffic;No Control Present;Thursday;Non-Intersection;21;0;Two-Way, Not Divided;Unknown;0;#NULL!;#NULL!;Smooth Asphalt;#NULL!;Driveway, Private;Motorist Failed to Yield - Midblock;Public Vehicular Area;C: Possible Injury;Onslow;51;Clear;#NULL!;0-5 mph;Unknown;2011;Daylight;50-59
35.7894770808, -78.6640026168;"{""type"": ""Point"", ""coordinates"": [-78.66400261675041, 35.78947708075895]}";White;Raleigh;Travel Lane;2;20;Urban (>70% Developed);Male;Passenger Car;0;#NULL!;0;0;Black;No;0;60-69;Motorist Drive Out - Other Midblock;None;No;No;Dry;0;Urban;No;21OCT2011;0;20:36;Male;No;Residential;B: Evident Injury;Yes;O: No Injury;3502;October;0;Straight - Level;Piedmont;With Traffic;No Control Present;Friday;Non-Intersection;64;0;Two-Way, Divided, Unprotected Median;2 lanes;0;#NULL!;#NULL!;Smooth Asphalt;#NULL!;T-Intersection;Motorist Failed to Yield - Midblock;Local Street;B: Evident Injury;Wake;31;Clear;#NULL!;31-35 mph;30 - 35  MPH;2011;Daylight;30-39
34.7355269026, -77.1620021077;"{""type"": ""Point"", ""coordinates"": [-77.16200210773071, 34.73552690257808]}";White;None - Rural Crash;Travel Lane;2;18;Mixed (30% To 70% Developed);Male;Passenger Car;0;#NULL!;0;0;White;No;0;40-49;Motorist Overtaking - Misjudged Space;None;Yes;Yes;Dry;0;Rural;No;23OCT2011;0;18:52;Male;No;Farms, Woods, Pastures;B: Evident Injury;Yes;O: No Injury;3506;October;0;Straight - Level;Coastal;With Traffic;No Control Present;Sunday;Non-Intersection;46;0;Two-Way, Not Divided;2 lanes;0;#NULL!;#NULL!;Smooth Asphalt;#NULL!;No Special Feature;Motorist Overtaking Bicyclist;State Secondary Route;B: Evident Injury;Onslow;59;Clear;#NULL!;41-45 mph;40 - 45  MPH;2011;Dark - Roadway Not Lighted;50-59
35.213636932, -79.3777028023;"{""type"": ""Point"", ""coordinates"": [-79.37770280233183, 35.21363693197734]}";White;None - Rural Crash;Travel Lane;2;10;Rural (<30% Developed);Male;Van;0;#NULL!;0;0;White;No;0;70+;Motorist Overtaking - Other / Unknown;None;No;No;Dry;0;Rural;No;25OCT2011;0;10:52;Male;No;Farms, Woods, Pastures;A: Disabling Injury;Yes;O: No Injury;3513;October;0;Straight - Level;Piedmont;With Traffic;No Control Present;Tuesday;Non-Intersection;70+;0;Two-Way, Not Divided;2 lanes;0;#NULL!;#NULL!;Smooth Asphalt;#NULL!;No Special Feature;Motorist Overtaking Bicyclist;State Secondary Route;A: Disabling Injury;Moore;70+;Clear;#NULL!;41-45 mph;50 - 55  MPH;2011;Daylight;70+
35.7851570795, -78.6756026207;"{""type"": ""Point"", ""coordinates"": [-78.67560262074998, 35.78515707949169]}";White;Raleigh;Travel Lane;2;7;Urban (>70% Developed);Male;Passenger Car;0;#NULL!;0;0;White;No;0;50-59;Motorist Left Turn - Opposite Direction;None;No;No;Dry;0;Urban;No;16OCT2011;0;7:37;Female;No;Institutional;B: Evident Injury;Yes;O: No Injury;3515;October;0;Straight - Level;Piedmont;With Traffic;No Control Present;Sunday;Non-Intersection;51;0;Two-Way, Not Divided;2 lanes;0;#NULL!;#NULL!;Coarse Asphalt;#NULL!;Driveway, Public;Motorist Left Turn / Merge;Local Street;B: Evident Injury;Wake;21;Clear;#NULL!;6-10 mph;20 - 25  MPH;2011;Dawn;20-24
34.232336768, -77.8826023022;"{""type"": ""Point"", ""coordinates"": [-77.88260230222156, 34.2323367679887]}";White;Wilmington;Travel Lane;2;19;Urban (>70% Developed);Male;Unknown;0;#NULL!;0;0;Unknown/Missing;No;0;20-24;Motorist Drive Out - Commercial Driveway / Alley;None;No;No;Dry;0;Urban;Yes;13OCT2011;0;19:19;Unknown;Missing;Commercial;B: Evident Injury;No;Unknown Injury;3516;October;0;Straight - Level;Coastal;With Traffic;No Control Present;Thursday;Non-Intersection;21;0;Two-Way, Divided, Unprotected Median;2 lanes;0;#NULL!;#NULL!;Smooth Asphalt;#NULL!;No Special Feature;Motorist Failed to Yield - Midblock;Local Street;B: Evident Injury;New Hanover;Unknown;Clear;#NULL!;16-20 mph;30 - 35  MPH;2011;Daylight;Unknown
36.039177089, -79.9004030039;"{""type"": ""Point"", ""coordinates"": [-79.900403003877, 36.039177089007204]}";Black;Greensboro;Travel Lane;2;6;Urban (>70% Developed);Male;Passenger Car;0;#NULL!;0;0;White;No;0;25-29;Motorist Overtaking - Other / Unknown;None;No;No;Dry;0;Urban;No;15OCT2011;0;6:04;Male;No;Residential;C: Possible Injury;No;O: No Injury;3527;October;0;Straight - Bottom;Piedmont;With Traffic;No Control Present;Saturday;Non-Intersection;26;0;Two-Way, Divided, Unprotected Median;5 lanes;0;#NULL!;#NULL!;Smooth Asphalt;#NULL!;No Special Feature;Motorist Overtaking Bicyclist;Local Street;C: Possible Injury;Guilford;22;Clear;#NULL!;26-30 mph;Unknown;2011;Dark - Roadway Not Lighted;20-24
36.0397070914, -79.8495029894;"{""type"": ""Point"", ""coordinates"": [-79.84950298937086, 36.03970709135948]}";White;Greensboro;Sidewalk / Crosswalk / Driveway Crossing;2;17;Urban (>70% Developed);Male;Passenger Car;0;#NULL!;0;0;Black;No;0;50-59;Bicyclist Ride Out - Parallel Path;None;Yes;Yes;Dry;0;Urban;No;24OCT2011;0;17:29;Female;No;Commercial;C: Possible Injury;Yes;O: No Injury;3528;October;0;Straight - Level;Piedmont;With Traffic;Stop And Go Signal;Monday;Intersection;57;0;Two-Way, Not Divided;8 lanes;0;#NULL!;#NULL!;Smooth Asphalt;#NULL!;Related To Intersection;Parallel Paths - Other Circumstances;Local Street;C: Possible Injury;Guilford;30;Clear;#NULL!;0-5 mph;30 - 35  MPH;2011;Daylight;30-39
35.5238270799, -77.0096020999;"{""type"": ""Point"", ""coordinates"": [-77.00960209986393, 35.52382707991236]}";Hispanic;None - Rural Crash;Travel Lane;2;17;Urban (>70% Developed);Male;Passenger Car;0;#NULL!;0;0;Black;No;0;11-15;Bicyclist Right Turn - Same Direction;None;No;No;Dry;0;Rural;No;11OCT2011;0;17:13;Female;No;Residential;B: Evident Injury;Yes;O: No Injury;3531;October;0;Straight - Level;Coastal;Facing Traffic;Double Yellow Line, No Passing Zone;Tuesday;Non-Intersection;14;0;Two-Way, Not Divided;2 lanes;0;#NULL!;#NULL!;Coarse Asphalt;#NULL!;No Special Feature;Bicyclist Right Turn / Merge;State Secondary Route;B: Evident Injury;Beaufort;20;Clear;#NULL!;41-45 mph;40 - 45  MPH;2011;Daylight;20-24
35.2337598859, -80.7746332218;"{""type"": ""Point"", ""coordinates"": [-80.7746332218044, 35.23375988586504]}";Hispanic;Charlotte;Sidewalk / Crosswalk / Driveway Crossing;2;14;Urban (>70% Developed);Male;Passenger Car;0;#NULL!;0;0;White;No;0;25-29;Motorist Drive Out - Sign-Controlled Intersection;None;No;No;Dry;0;Urban;No;20AUG2008;0;14:13;Female;No;Residential;C: Possible Injury;Yes;O: No Injury;6001;August;0;Curve - Bottom;Piedmont;Facing Traffic;Stop Sign;Wednesday;Intersection;26;0;Two-Way, Not Divided;2 lanes;0;#NULL!;#NULL!;Smooth Asphalt;#NULL!;T-Intersection;Motorist Failed to Yield - Sign-Controlled Intersection;Local Street;C: Possible Injury;Mecklenburg;70+;Clear;#NULL!;0-5 mph;20 - 25  MPH;2008;Daylight;70+