Geo Point;Geo Shape;BikeRace;City;BikePos;NumUnits;CrashHour;Locality;BikeSex;DrvrVehTyp;NumBikesNo;BikeAlcDrg;NumBikesBI;RteInvdCd;DrvrRace;Workzone;NumBikesCi;BikeAgeGrp;CrashType;RdDefects;CrashAlcoh;BikeAlcoho;RdConditio;DstncMiFrm;RuralUrban;HitRun;CrashDate;NumBikesUI;CrashTime;DrvrSex;DrvrAlcoho;Developmen;CrashSevr;AmbulanceR;DrvrInjury;OBJECTID;CrashMonth;NumBikesKi;RdCharacte;Region;BikeDir;TraffCntrl;CrashDay;CrashLoc;BikeAge;NumBikesTo;RdConfig;NumLanes;NumBikesAI;DrvrAlcDrg;OnRoad;RdSurface;Towrd_Rd;RdFeature;CrashGrp;RdClass;BikeInjury;County;DrvrAge;Weather;FrmRd;DrvrEstSpd;SpeedLimit;CrashYear;LightCond;DrvrAgeGrp
35.2651868783, -81.1698333408;"{""type"": ""Point"", ""coordinates"": [-81.16983334083962, 35.265186878303794]}";White;Gastonia;Travel Lane;2;11;Urban (>70% Developed);Male;Unknown;0;#NULL!;0;0;Unknown/Missing;No;0;20-24;Parallel Paths - Other / Unknown;None;No;No;Dry;0;Urban;Yes;29JUL2008;0;11:38;Unknown;Missing;Commercial;C: Possible Injury;Yes;Unknown Injury;6004;July;0;Straight - Grade;Piedmont;With Traffic;No Control Present;Tuesday;Non-Intersection;22;0;Two-Way, Not Divided;5 lanes;0;#NULL!;#NULL!;Smooth Asphalt;#NULL!;No Special Feature;Parallel Paths - Other Circumstances;Local Street;C: Possible Injury;Gaston;Unknown;Clear;#NULL!;26-30 mph;40 - 45  MPH;2008;Daylight;Unknown
34.1131967408, -77.9006523027;"{""type"": ""Point"", ""coordinates"": [-77.90065230274068, 34.11319674082785]}";White;None - Rural Crash;Travel Lane;2;17;Mixed (30% To 70% Developed);Male;Sport Utility;0;#NULL!;0;0;White;No;0;50-59;Motorist Drive Out - Residential Driveway;None;Yes;Yes;Dry;0;Rural;No;23JUL2008;0;17:47;Male;Yes;Commercial;C: Possible Injury;Yes;O: No Injury;6005;July;0;Straight - Level;Coastal;Facing Traffic;Missing;Wednesday;Non-Intersection;52;0;Two-Way, Divided, Unprotected Median;5 lanes;0;#NULL!;#NULL!;Coarse Asphalt;#NULL!;Driveway, Private;Motorist Failed to Yield - Midblock;US Route;C: Possible Injury;New Hanover;40;Cloudy;#NULL!;0-5 mph;50 - 55  MPH;2008;Daylight;40-49
35.7989720832, -78.6603426167;"{""type"": ""Point"", ""coordinates"": [-78.6603426166816, 35.798972083239484]}";Black;Raleigh;Travel Lane;2;10;Urban (>70% Developed);Male;Sport Utility;0;#NULL!;0;0;White;No;0;25-29;Motorist Right Turn - Same Direction;None;No;No;Dry;0;Urban;No;02JUL2008;0;10:05;Female;No;Commercial;C: Possible Injury;No;O: No Injury;6007;July;0;Straight - Level;Piedmont;With Traffic;No Control Present;Wednesday;Non-Intersection;27;0;Two-Way, Divided, Unprotected Median;2 lanes;0;#NULL!;#NULL!;Coarse Asphalt;#NULL!;No Special Feature;Motorist Right Turn / Merge;Local Street;C: Possible Injury;Wake;26;Clear;#NULL!;6-10 mph;30 - 35  MPH;2008;Daylight;25-29
33.9459566985, -78.0542523408;"{""type"": ""Point"", ""coordinates"": [-78.05425234076064, 33.94595669846918]}";Hispanic;None - Rural Crash;Travel Lane;2;1;Mixed (30% To 70% Developed);Male;Unknown;0;#NULL!;0;0;Unknown/Missing;No;0;30-39;Head-On - Unknown;None;Yes;Yes;Dry;0;Rural;Yes;26JUL2008;0;1:29;Unknown;Missing;Commercial;B: Evident Injury;Yes;Unknown Injury;6011;July;0;Straight - Level;Coastal;With Traffic;Double Yellow Line, No Passing Zone;Saturday;Non-Intersection;32;0;Two-Way, Not Divided;3 lanes;0;#NULL!;#NULL!;Smooth Asphalt;#NULL!;No Special Feature;Head-On;NC Route;B: Evident Injury;Brunswick;Unknown;Cloudy;#NULL!;41-45 mph;40 - 45  MPH;2008;Dark - Roadway Not Lighted;Unknown
35.9662850709, -79.9899170266;"{""type"": ""Point"", ""coordinates"": [-79.98991702662852, 35.966285070870924]}";Black;High Point;Travel Lane;2;11;Urban (>70% Developed);Female;Single Unit Truck (2-Axle, 6-Tire);0;#NULL!;0;0;Black;No;0;6-10;Crossing Paths - Uncontrolled Intersection;None;No;No;Dry;0;Urban;No;26JUL2008;0;11:15;Male;No;Residential;C: Possible Injury;Yes;O: No Injury;6012;July;0;Straight - Grade;Piedmont;Not Applicable;No Control Present;Saturday;Intersection;8;0;Two-Way, Divided, Positive Median Barrier;4 lanes;0;#NULL!;#NULL!;Coarse Asphalt;#NULL!;No Special Feature;Crossing Paths - Other Circumstances;Local Street;C: Possible Injury;Guilford;55;Clear;#NULL!;36-40 mph;40 - 45  MPH;2008;Daylight;50-59
35.2224418822, -80.8235832353;"{""type"": ""Point"", ""coordinates"": [-80.82358323534625, 35.22244188224446]}";White;Charlotte;Travel Lane;2;10;Urban (>70% Developed);Male;Sport Utility;0;#NULL!;0;0;Black;No;0;40-49;Sign-Controlled Intersection - Other / Unknown;None;No;No;Dry;0;Urban;No;22AUG2008;0;10:27;Female;No;Residential;C: Possible Injury;No;O: No Injury;6014;August;0;Straight - Level;Piedmont;With Traffic;Stop Sign;Friday;Intersection;42;0;Two-Way, Not Divided;3 lanes;0;#NULL!;#NULL!;Smooth Asphalt;#NULL!;T-Intersection;Crossing Paths - Other Circumstances;Local Street;C: Possible Injury;Mecklenburg;45;Cloudy;#NULL!;0-5 mph;30 - 35  MPH;2008;Daylight;40-49
35.4960089811, -79.7091429165;"{""type"": ""Point"", ""coordinates"": [-79.70914291645455, 35.49600898111717]}";White;None - Rural Crash;Travel Lane;2;19;Rural (<30% Developed);Male;Pickup;0;#NULL!;0;0;White;No;0;30-39;Motorist Overtaking - Other / Unknown;None;No;No;Dry;0;Rural;No;23AUG2008;0;19:45;Male;No;Farms, Woods, Pastures;B: Evident Injury;Yes;O: No Injury;6016;August;0;Straight - Level;Piedmont;With Traffic;Double Yellow Line, No Passing Zone;Saturday;Non-Intersection;34;0;Two-Way, Not Divided;2 lanes;0;#NULL!;#NULL!;Smooth Asphalt;#NULL!;No Special Feature;Motorist Overtaking Bicyclist;NC Route;B: Evident Injury;Moore;36;Cloudy;#NULL!;51-55 mph;50 - 55  MPH;2008;Dusk;30-39
35.5101050316, -78.3430625046;"{""type"": ""Point"", ""coordinates"": [-78.34306250455107, 35.51010503161975]}";Asian;Smithfield;Sidewalk / Crosswalk / Driveway Crossing;2;14;Urban (>70% Developed);Male;Passenger Car;0;#NULL!;0;0;Black;No;0;20-24;Signalized Intersection - Other / Unknown;None;No;No;Dry;0;Urban;No;28JUL2008;0;14:42;Male;No;Commercial;B: Evident Injury;Yes;O: No Injury;6019;July;0;Straight - Level;Coastal;Facing Traffic;Stop And Go Signal;Monday;Intersection;20;0;Two-Way, Not Divided;2 lanes;0;#NULL!;#NULL!;Smooth Asphalt;#NULL!;Four-Way Intersection;Crossing Paths - Other Circumstances;Local Street;B: Evident Injury;Johnston;46;Clear;#NULL!;6-10 mph;20 - 25  MPH;2008;Daylight;40-49
35.7165769834, -80.9061082872;"{""type"": ""Point"", ""coordinates"": [-80.90610828723523, 35.71657698343569]}";White;Troutman;Travel Lane;2;17;Mixed (30% To 70% Developed);Female;Pickup;0;#NULL!;0;0;White;No;0;6-10;Bicyclist Lost Control - Mechanical Problems;None;No;No;Wet;0;Rural;No;31JUL2008;0;17:15;Male;No;Institutional;C: Possible Injury;Yes;O: No Injury;6025;July;0;Straight - Level;Piedmont;With Traffic;No Control Present;Thursday;Intersection;9;0;Two-Way, Not Divided;2 lanes;0;#NULL!;#NULL!;Smooth Asphalt;#NULL!;T-Intersection;Loss of Control / Turning Error;Local Street;C: Possible Injury;Iredell;49;Cloudy;#NULL!;21-25 mph;40 - 45  MPH;2008;Daylight;40-49
35.3503600122, -77.9218823696;"{""type"": ""Point"", ""coordinates"": [-77.92188236960288, 35.350360012154404]}";Black;Goldsboro;Bike Lane / Paved Shoulder;2;17;Urban (>70% Developed);Male;Passenger Car;0;#NULL!;0;0;White;No;0;30-39;Motorist Drive Out - Commercial Driveway / Alley;None;No;No;Dry;0;Urban;No;01AUG2008;0;17:56;Male;No;Commercial;C: Possible Injury;Yes;O: No Injury;6028;August;0;Straight - Level;Coastal;With Traffic;Missing;Friday;Non-Intersection;33;0;Two-Way, Divided, Unprotected Median;4 lanes;0;#NULL!;#NULL!;Coarse Asphalt;#NULL!;Driveway, Public;Motorist Failed to Yield - Midblock;US Route;C: Possible Injury;Wayne;53;Clear;#NULL!;11-15 mph;40 - 45  MPH;2008;Daylight;50-59
35.1889339247, -79.4307428173;"{""type"": ""Point"", ""coordinates"": [-79.43074281730404, 35.18893392467846]}";White;Southern Pines;Sidewalk / Crosswalk / Driveway Crossing;2;15;Mixed (30% To 70% Developed);Male;Unknown;0;#NULL!;0;0;Unknown/Missing;No;0;11-15;Motorist Drive Out - Sign-Controlled Intersection;None;No;No;Dry;0;Urban;Yes;01AUG2008;0;15:19;Unknown;Missing;Residential;B: Evident Injury;Yes;Unknown Injury;6030;August;0;Curve - Level;Piedmont;Facing Traffic;Yield Sign;Friday;Intersection;14;0;Two-Way, Not Divided;2 lanes;0;#NULL!;#NULL!;Coarse Asphalt;#NULL!;Traffic Circle/Roundabout;Motorist Failed to Yield - Sign-Controlled Intersection;Local Street;B: Evident Injury;Moore;Unknown;Clear;#NULL!;16-20 mph;30 - 35  MPH;2008;Daylight;Unknown
34.7276909176, -76.6481319507;"{""type"": ""Point"", ""coordinates"": [-76.6481319506584, 34.72769091763236]}";White;Beaufort;Travel Lane;2;18;Mixed (30% To 70% Developed);Male;Pickup;0;#NULL!;0;0;Unknown/Missing;No;0;25-29;Motorist Overtaking - Misjudged Space;None;Yes;Yes;Dry;0;Rural;Yes;18AUG2008;0;18:50;Unknown;Missing;Residential;C: Possible Injury;No;Unknown Injury;6034;August;0;Straight - Level;Coastal;With Traffic;No Control Present;Monday;Intersection;25;0;Two-Way, Divided, Unprotected Median;2 lanes;0;#NULL!;#NULL!;Smooth Asphalt;#NULL!;No Special Feature;Motorist Overtaking Bicyclist;NC Route;C: Possible Injury;Carteret;Unknown;Clear;#NULL!;31-35 mph;30 - 35  MPH;2008;Daylight;Unknown
35.9310941406, -77.8127723656;"{""type"": ""Point"", ""coordinates"": [-77.81277236561496, 35.93109414061893]}";Black;Rocky Mount;Sidewalk / Crosswalk / Driveway Crossing;2;22;Urban (>70% Developed);Male;Passenger Car;0;#NULL!;0;0;Black;No;0;50-59;Motorist Drive Out - Commercial Driveway / Alley;None;No;No;Dry;0;Urban;No;25JUN2008;0;22:57;Female;No;Residential;B: Evident Injury;Yes;O: No Injury;6036;June;0;Straight - Level;Coastal;Unknown;No Control Present;Wednesday;Non-Intersection;53;0;Two-Way, Not Divided;Unknown;0;#NULL!;#NULL!;Smooth Asphalt;#NULL!;No Special Feature;Motorist Failed to Yield - Midblock;Public Vehicular Area;B: Evident Injury;Nash;49;Clear;#NULL!;6-10 mph;30 - 35  MPH;2008;Dark - Lighted Roadway;40-49
36.1183431112, -79.7528179641;"{""type"": ""Point"", ""coordinates"": [-79.75281796409966, 36.11834311122588]}";White;Greensboro;Travel Lane;2;9;Urban (>70% Developed);Male;Passenger Car;0;#NULL!;0;0;Black;No;0;40-49;Bicyclist Lost Control - Mechanical Problems;None;No;No;Dry;0;Urban;No;02AUG2008;0;9:03;Female;No;Residential;C: Possible Injury;Yes;O: No Injury;6040;August;0;Straight - Level;Piedmont;With Traffic;Stop Sign;Saturday;Intersection;43;0;Two-Way, Not Divided;2 lanes;0;#NULL!;#NULL!;Smooth Asphalt;#NULL!;Related To Intersection;Loss of Control / Turning Error;Local Street;C: Possible Injury;Guilford;16;Clear;#NULL!;Unknown;30 - 35  MPH;2008;Daylight;0-19
35.0327269133, -78.7966326178;"{""type"": ""Point"", ""coordinates"": [-78.79663261784414, 35.032726913329135]}";Black;None - Rural Crash;Travel Lane;2;18;Rural (<30% Developed);Male;Sport Utility;0;#NULL!;0;0;White;No;0;40-49;Motorist Overtaking - Bicyclist Swerved;None;No;No;Dry;0;Rural;No;03AUG2008;0;18:35;Female;No;Residential;B: Evident Injury;No;O: No Injury;6041;August;0;Straight - Level;Coastal;With Traffic;Missing;Sunday;Non-Intersection;49;0;Two-Way, Not Divided;2 lanes;0;#NULL!;#NULL!;Smooth Asphalt;#NULL!;No Special Feature;Motorist Overtaking Bicyclist;State Secondary Route;B: Evident Injury;Cumberland;31;Clear;#NULL!;31-35 mph;40 - 45  MPH;2008;Daylight;30-39
34.8597828446, -79.6950428797;"{""type"": ""Point"", ""coordinates"": [-79.69504287968873, 34.859782844606265]}";White;None - Rural Crash;Travel Lane;2;16;Mixed (30% To 70% Developed);Male;Passenger Car;0;#NULL!;0;0;White;No;0;11-15;Motorist Overtaking - Other / Unknown;None;No;No;Dry;0;Rural;No;04AUG2008;0;16:47;Male;No;Farms, Woods, Pastures;B: Evident Injury;Yes;O: No Injury;6043;August;0;Straight - Grade;Piedmont;With Traffic;Double Yellow Line, No Passing Zone;Monday;Non-Intersection;12;0;Two-Way, Not Divided;2 lanes;0;#NULL!;#NULL!;Smooth Asphalt;#NULL!;Driveway, Private;Motorist Overtaking Bicyclist;NC Route;B: Evident Injury;Richmond;56;Clear;#NULL!;51-55 mph;50 - 55  MPH;2008;Daylight;50-59
34.9726098385, -80.5489731408;"{""type"": ""Point"", ""coordinates"": [-80.54897314082403, 34.97260983852837]}";Black;Monroe;Non-Roadway;2;20;Urban (>70% Developed);Male;Pickup;0;#NULL!;0;0;Hispanic;No;0;60-69;Crossing Paths - Uncontrolled Intersection;None;No;No;Dry;0;Urban;No;04AUG2008;0;20:10;Male;No;Commercial;B: Evident Injury;Yes;O: No Injury;6044;August;0;Straight - Level;Piedmont;Not Applicable;Stop And Go Signal;Monday;Intersection-Related;61;0;Two-Way, Not Divided;3 lanes;0;#NULL!;#NULL!;Coarse Asphalt;#NULL!;Four-Way Intersection;Crossing Paths - Other Circumstances;Local Street;B: Evident Injury;Union;63;Clear;#NULL!;0-5 mph;30 - 35  MPH;2008;Dusk;60-69
35.5083870314, -78.3394925043;"{""type"": ""Point"", ""coordinates"": [-78.33949250428444, 35.508387031435696]}";Black;Smithfield;Sidewalk / Crosswalk / Driveway Crossing;2;12;Urban (>70% Developed);Male;Passenger Car;0;#NULL!;0;0;White;No;0;60-69;Motorist Drive Out - Right Turn on Red;None;No;No;Dry;0;Urban;No;09AUG2008;0;12:51;Male;No;Commercial;C: Possible Injury;Yes;O: No Injury;6052;August;0;Straight - Level;Coastal;Facing Traffic;Stop And Go Signal;Saturday;Intersection;63;0;Two-Way, Not Divided;5 lanes;0;#NULL!;#NULL!;Coarse Asphalt;#NULL!;No Special Feature;Motorist Failed to Yield - Signalized Intersection;Local Street;C: Possible Injury;Johnston;58;Clear;#NULL!;0-5 mph;30 - 35  MPH;2008;Daylight;50-59
35.7387470648, -78.8099126582;"{""type"": ""Point"", ""coordinates"": [-78.80991265819881, 35.73874706477158]}";White;Cary;Travel Lane;2;18;Mixed (30% To 70% Developed);Male;Passenger Car;0;#NULL!;0;0;Unknown/Missing;No;0;40-49;Motorist Left Turn - Opposite Direction;None;No;No;Dry;0;Urban;Yes;03SEP2008;0;18:00;Unknown;No;Commercial;B: Evident Injury;No;Unknown Injury;6053;September;0;Straight - Level;Piedmont;With Traffic;Stop Sign;Wednesday;Intersection;42;0;Two-Way, Not Divided;2 lanes;0;#NULL!;#NULL!;Smooth Asphalt;#NULL!;Four-Way Intersection;Motorist Left Turn / Merge;State Secondary Route;B: Evident Injury;Wake;Unknown;Clear;#NULL!;Unknown;40 - 45  MPH;2008;Daylight;Unknown
35.2250399941, -77.6321662743;"{""type"": ""Point"", ""coordinates"": [-77.63216627426354, 35.22503999407263]}";White;None - Rural Crash;Travel Lane;2;18;Mixed (30% To 70% Developed);Male;Passenger Car;0;#NULL!;0;0;White;No;0;11-15;Bicyclist Ride Through - Sign-Controlled Intersection;None;No;No;Dry;0;Rural;No;10AUG2008;0;18:30;Female;No;Residential;B: Evident Injury;Yes;O: No Injury;6057;August;0;Straight - Level;Coastal;With Traffic;Stop Sign;Sunday;Intersection;13;0;Two-Way, Not Divided;2 lanes;0;#NULL!;#NULL!;Coarse Asphalt;#NULL!;Four-Way Intersection;Bicyclist Failed to Yield - Sign-Controlled Intersection;State Secondary Route;B: Evident Injury;Lenoir;18;Clear;#NULL!;31-35 mph;30 - 35  MPH;2008;Daylight;0-19
35.6429740376, -79.0050927127;"{""type"": ""Point"", ""coordinates"": [-79.00509271273235, 35.6429740376318]}";White;None - Rural Crash;Travel Lane;2;8;Rural (<30% Developed);Female;Passenger Car;0;#NULL!;0;0;White;No;0;40-49;Motorist Drive Out - Sign-Controlled Intersection;None;No;No;Dry;0;Rural;No;30AUG2008;0;8:45;Female;No;Farms, Woods, Pastures;B: Evident Injury;Yes;O: No Injury;6061;August;0;Straight - Level;Piedmont;With Traffic;Stop Sign;Saturday;Intersection;48;0;Two-Way, Not Divided;2 lanes;0;#NULL!;#NULL!;Smooth Asphalt;#NULL!;Four-Way Intersection;Motorist Failed to Yield - Sign-Controlled Intersection;State Secondary Route;B: Evident Injury;Chatham;70+;Clear;#NULL!;6-10 mph;40 - 45  MPH;2008;Daylight;70+
35.7033169512, -81.6851385191;"{""type"": ""Point"", ""coordinates"": [-81.68513851911474, 35.70331695121842]}";White;None - Rural Crash;Travel Lane;2;21;Mixed (30% To 70% Developed);Male;Unknown;0;#NULL!;0;0;Unknown/Missing;No;0;16-19;Motorist Overtaking - Other / Unknown;None;No;No;Wet;0;Rural;Yes;31JUL2008;0;21:30;Unknown;Missing;Residential;A: Disabling Injury;Yes;Unknown Injury;6063;July;0;Straight - Level;Mountains;With Traffic;Double Yellow Line, No Passing Zone;Thursday;Non-Intersection;18;0;Two-Way, Not Divided;2 lanes;0;#NULL!;#NULL!;Smooth Asphalt;#NULL!;No Special Feature;Motorist Overtaking Bicyclist;State Secondary Route;A: Disabling Injury;Burke;Unknown;Cloudy;#NULL!;41-45 mph;40 - 45  MPH;2008;Dark - Roadway Not Lighted;Unknown
35.3861230164, -78.0140173987;"{""type"": ""Point"", ""coordinates"": [-78.01401739874642, 35.38612301644882]}";White;None - Rural Crash;Travel Lane;2;21;Rural (<30% Developed);Male;Passenger Car;0;#NULL!;0;0;White;No;0;40-49;Motorist Overtaking - Other / Unknown;None;No;No;Wet;0;Rural;No;13AUG2008;0;21:35;Female;No;Farms, Woods, Pastures;B: Evident Injury;Yes;O: No Injury;6066;August;0;Straight - Level;Coastal;With Traffic;No Control Present;Wednesday;Non-Intersection;45;0;Two-Way, Divided, Unprotected Median;4 lanes;0;#NULL!;#NULL!;Smooth Asphalt;#NULL!;No Special Feature;Motorist Overtaking Bicyclist;US Route;B: Evident Injury;Wayne;18;Cloudy;#NULL!;46-50 mph;50 - 55  MPH;2008;Dark - Roadway Not Lighted;0-19
35.2218268857, -80.7241332058;"{""type"": ""Point"", ""coordinates"": [-80.72413320577346, 35.22182688573361]}";Black;Charlotte;Sidewalk / Crosswalk / Driveway Crossing;2;19;Urban (>70% Developed);Male;Passenger Car;0;#NULL!;0;0;Hispanic;No;0;11-15;Motorist Drive Out - Commercial Driveway / Alley;None;No;No;Dry;0;Urban;No;05SEP2008;0;19:05;Male;No;Commercial;C: Possible Injury;Yes;O: No Injury;6067;September;0;Straight - Grade;Piedmont;Facing Traffic;No Control Present;Friday;Non-Intersection;12;0;Two-Way, Divided, Unprotected Median;4 lanes;0;#NULL!;#NULL!;Smooth Asphalt;#NULL!;No Special Feature;Motorist Failed to Yield - Midblock;Local Street;C: Possible Injury;Mecklenburg;28;Clear;#NULL!;6-10 mph;40 - 45  MPH;2008;Daylight;25-29
35.5562091377, -75.468961629;"{""type"": ""Point"", ""coordinates"": [-75.46896162895544, 35.55620913773432]}";White;None - Rural Crash;Travel Lane;2;14;Urban (>70% Developed);Male;Passenger Car;0;#NULL!;0;0;White;No;0;40-49;Head-On - Bicyclist;None;Yes;Yes;Dry;0;Rural;No;14AUG2008;0;14:10;Male;No;Residential;B: Evident Injury;Yes;O: No Injury;6070;August;0;Straight - Level;Coastal;Facing Traffic;Double Yellow Line, No Passing Zone;Thursday;Non-Intersection;45;0;Two-Way, Not Divided;2 lanes;0;#NULL!;#NULL!;Smooth Asphalt;#NULL!;No Special Feature;Head-On;NC Route;B: Evident Injury;Dare;62;Clear;#NULL!;31-35 mph;30 - 35  MPH;2008;Daylight;60-69
36.050083127, -78.9294727118;"{""type"": ""Point"", ""coordinates"": [-78.92947271178154, 36.05008312702047]}";Hispanic;Durham;Sidewalk / Crosswalk / Driveway Crossing;2;20;Urban (>70% Developed);Male;Passenger Car;0;#NULL!;0;0;White;No;0;16-19;Motorist Drive Out - Sign-Controlled Intersection;None;No;No;Dry;0;Urban;No;04SEP2008;0;20:37;Male;No;Residential;C: Possible Injury;Yes;O: No Injury;6072;September;0;Straight - Level;Piedmont;Facing Traffic;Stop Sign;Thursday;Intersection;19;0;Two-Way, Not Divided;2 lanes;0;#NULL!;#NULL!;Smooth Asphalt;#NULL!;T-Intersection;Motorist Failed to Yield - Sign-Controlled Intersection;Local Street;C: Possible Injury;Durham;49;Clear;#NULL!;0-5 mph;5 - 15 MPH;2008;Dark - Lighted Roadway;40-49
35.8559871617, -76.720412028;"{""type"": ""Point"", ""coordinates"": [-76.72041202803508, 35.8559871617402]}";Hispanic;None - Rural Crash;Travel Lane;2;19;Rural (<30% Developed);Male;Passenger Car;0;#NULL!;0;0;White;No;0;16-19;Motorist Overtaking - Other / Unknown;None;No;No;Dry;0;Rural;No;15AUG2008;0;19:50;Female;No;Farms, Woods, Pastures;B: Evident Injury;No;O: No Injury;6078;August;0;Straight - Level;Coastal;With Traffic;Double Yellow Line, No Passing Zone;Friday;Non-Intersection;18;0;Two-Way, Not Divided;2 lanes;0;#NULL!;#NULL!;Smooth Asphalt;#NULL!;No Special Feature;Motorist Overtaking Bicyclist;NC Route;B: Evident Injury;Washington;27;Clear;#NULL!;51-55 mph;50 - 55  MPH;2008;Dusk;25-29
35.9403220518, -80.3605991365;"{""type"": ""Point"", ""coordinates"": [-80.36059913647532, 35.94032205176587]}";White;None - Rural Crash;Travel Lane;2;13;Rural (<30% Developed);Male;Pedalcycle;0;#NULL!;0;0;White;No;0;40-49;Motorist Overtaking - Bicyclist Swerved;None;No;No;Dry;0;Rural;No;18AUG2008;0;13:45;Male;No;Farms, Woods, Pastures;B: Evident Injury;No;B: Evident Injury;6087;August;0;Straight - Grade;Piedmont;With Traffic;Double Yellow Line, No Passing Zone;Monday;Non-Intersection;45;0;Two-Way, Not Divided;2 lanes;0;#NULL!;#NULL!;Smooth Asphalt;#NULL!;No Special Feature;Motorist Overtaking Bicyclist;State Secondary Route;O: No Injury;Davidson;20;Clear;#NULL!;Unknown;Unknown;2008;Daylight;20-24
35.6233069011, -82.5546337723;"{""type"": ""Point"", ""coordinates"": [-82.55463377229093, 35.62330690111165]}";White;Asheville;Travel Lane;2;17;Urban (>70% Developed);Female;Sport Utility;0;#NULL!;0;0;White;No;0;20-24;Bicyclist Ride Through - Signalized Intersection;None;No;No;Dry;0;Urban;No;20AUG2008;0;17:30;Female;No;Commercial;C: Possible Injury;Yes;O: No Injury;6090;August;0;Straight - Level;Mountains;With Traffic;Stop And Go Signal;Wednesday;Intersection;22;0;Two-Way, Not Divided;4 lanes;0;#NULL!;#NULL!;Smooth Asphalt;#NULL!;T-Intersection;Bicyclist Failed to Yield - Signalized Intersection;US Route;C: Possible Injury;Buncombe;48;Clear;#NULL!;0-5 mph;30 - 35  MPH;2008;Daylight;40-49
35.2185818808, -80.8328032381;"{""type"": ""Point"", ""coordinates"": [-80.83280323809491, 35.218581880808806]}";Black;Charlotte;Sidewalk / Crosswalk / Driveway Crossing;2;15;Urban (>70% Developed);Male;Passenger Car;0;#NULL!;0;0;Unknown/Missing;No;0;30-39;Motorist Drive Out - Commercial Driveway / Alley;None;No;No;Wet;0;Urban;Yes;10SEP2008;0;15:24;Unknown;Missing;Commercial;C: Possible Injury;Yes;Unknown Injury;6092;September;0;Straight - Level;Piedmont;Facing Traffic;No Control Present;Wednesday;Non-Intersection;30;0;Two-Way, Not Divided;2 lanes;0;#NULL!;#NULL!;Coarse Asphalt;#NULL!;No Special Feature;Motorist Failed to Yield - Midblock;Local Street;C: Possible Injury;Mecklenburg;Unknown;Cloudy;#NULL!;6-10 mph;30 - 35  MPH;2008;Daylight;Unknown
35.9219670942, -79.0718527471;"{""type"": ""Point"", ""coordinates"": [-79.07185274709003, 35.921967094157544]}";White;Carrboro;Travel Lane;2;20;Urban (>70% Developed);Female;Passenger Car;0;#NULL!;0;0;White;No;0;20-24;Motorist Drive Out - Commercial Driveway / Alley;None;No;No;Dry;0;Urban;No;22AUG2008;0;20:06;Male;No;Residential;O: No Injury;Yes;O: No Injury;6099;August;0;Straight - Level;Piedmont;With Traffic;Missing;Friday;Non-Intersection;23;0;Two-Way, Not Divided;2 lanes;0;#NULL!;#NULL!;Coarse Asphalt;#NULL!;No Special Feature;Motorist Failed to Yield - Midblock;Local Street;O: No Injury;Orange;57;Clear;#NULL!;6-10 mph;30 - 35  MPH;2008;Dusk;50-59
35.2555068896, -80.8068632324;"{""type"": ""Point"", ""coordinates"": [-80.806863232386, 35.25550688959892]}";Black;Charlotte;Travel Lane;2;18;Urban (>70% Developed);Male;Van;0;#NULL!;0;0;Black;No;0;6-10;Bicyclist Lost Control - Other / Unknown;None;No;No;Dry;0;Urban;No;13SEP2008;0;18:43;Male;No;Residential;B: Evident Injury;Yes;O: No Injury;6100;September;0;Straight - Hillcrest;Piedmont;With Traffic;No Control Present;Saturday;Non-Intersection;6;0;Two-Way, Not Divided;2 lanes;0;#NULL!;#NULL!;Smooth Asphalt;#NULL!;No Special Feature;Loss of Control / Turning Error;Local Street;B: Evident Injury;Mecklenburg;38;Clear;#NULL!;6-10 mph;5 - 15 MPH;2008;Daylight;30-39
36.1325910419, -81.6820175425;"{""type"": ""Point"", ""coordinates"": [-81.68201754253148, 36.13259104193116]}";White;Blowing Rock;Travel Lane;2;18;Urban (>70% Developed);Male;Sport Utility;0;#NULL!;0;0;White;No;0;20-24;Motorist Left Turn - Opposite Direction;None;No;No;Dry;0;Rural;No;23AUG2008;0;18:34;Male;No;Residential;B: Evident Injury;Yes;O: No Injury;6114;August;0;Straight - Grade;Mountains;With Traffic;No Control Present;Saturday;Non-Intersection;21;0;Two-Way, Not Divided;2 lanes;0;#NULL!;#NULL!;Coarse Asphalt;#NULL!;No Special Feature;Motorist Left Turn / Merge;Local Street;B: Evident Injury;Watauga;25;Cloudy;#NULL!;6-10 mph;20 - 25  MPH;2008;Daylight;25-29
35.3706740145, -77.9850323892;"{""type"": ""Point"", ""coordinates"": [-77.98503238922055, 35.37067401449361]}";Black;Goldsboro;Sidewalk / Crosswalk / Driveway Crossing;2;21;Urban (>70% Developed);Female;Passenger Car;0;#NULL!;0;0;Black;No;0;20-24;Motorist Left Turn - Opposite Direction;None;No;No;Wet;0;Urban;No;25AUG2008;0;21:13;Female;No;Residential;C: Possible Injury;Yes;O: No Injury;6116;August;0;Straight - Level;Coastal;With Traffic;No Control Present;Monday;Non-Intersection;22;0;Two-Way, Not Divided;2 lanes;0;#NULL!;#NULL!;Coarse Asphalt;#NULL!;No Special Feature;Motorist Left Turn / Merge;Local Street;C: Possible Injury;Wayne;19;Rain;#NULL!;31-35 mph;20 - 25  MPH;2008;Dark - Lighted Roadway;0-19