Geo Point;Geo Shape;BikeRace;City;BikePos;NumUnits;CrashHour;Locality;BikeSex;DrvrVehTyp;NumBikesNo;BikeAlcDrg;NumBikesBI;RteInvdCd;DrvrRace;Workzone;NumBikesCi;BikeAgeGrp;CrashType;RdDefects;CrashAlcoh;BikeAlcoho;RdConditio;DstncMiFrm;RuralUrban;HitRun;CrashDate;NumBikesUI;CrashTime;DrvrSex;DrvrAlcoho;Developmen;CrashSevr;AmbulanceR;DrvrInjury;OBJECTID;CrashMonth;NumBikesKi;RdCharacte;Region;BikeDir;TraffCntrl;CrashDay;CrashLoc;BikeAge;NumBikesTo;RdConfig;NumLanes;NumBikesAI;DrvrAlcDrg;OnRoad;RdSurface;Towrd_Rd;RdFeature;CrashGrp;RdClass;BikeInjury;County;DrvrAge;Weather;FrmRd;DrvrEstSpd;SpeedLimit;CrashYear;LightCond;DrvrAgeGrp
36.0220371463, -78.2297424975;"{""type"": ""Point"", ""coordinates"": [-78.22974249753102, 36.02203714626119]}";Black;None - Rural Crash;Travel Lane;2;16;Rural (<30% Developed);Male;Pickup;0;#NULL!;0;0;White;No;0;11-15;Bicyclist Left Turn - Same Direction;None;No;No;Dry;0;Rural;No;13SEP2008;0;16:30;Male;No;Farms, Woods, Pastures;C: Possible Injury;Yes;O: No Injury;6123;September;0;Curve - Level;Piedmont;With Traffic;Double Yellow Line, No Passing Zone;Saturday;Non-Intersection;15;0;Two-Way, Not Divided;2 lanes;0;#NULL!;#NULL!;Coarse Asphalt;#NULL!;No Special Feature;Bicyclist Left Turn / Merge;State Secondary Route;C: Possible Injury;Franklin;43;Clear;#NULL!;36-40 mph;50 - 55  MPH;2008;Daylight;40-49
35.2682108807, -81.1339433312;"{""type"": ""Point"", ""coordinates"": [-81.13394333119778, 35.268210880711365]}";Unknown/Missing;Gastonia;Travel Lane;2;14;Urban (>70% Developed);Unknown;Pedalcycle;0;#NULL!;0;0;White;No;0;Unknown;Motorist Drive Out - Commercial Driveway / Alley;None;No;Missing;Dry;0;Urban;Yes;02SEP2008;0;14:05;Male;No;Commercial;C: Possible Injury;Yes;C: Possible Injury;6130;September;0;Straight - Level;Piedmont;Facing Traffic;Missing;Tuesday;Non-Intersection;Unknown;0;Two-Way, Not Divided;5 lanes;0;#NULL!;#NULL!;Smooth Asphalt;#NULL!;Driveway, Public;Motorist Failed to Yield - Midblock;Local Street;Unknown Injury;Gaston;32;Clear;#NULL!;Unknown;Unknown;2008;Daylight;30-39
36.0876271013, -79.8455729904;"{""type"": ""Point"", ""coordinates"": [-79.84557299039629, 36.08762710125417]}";White;Greensboro;Sidewalk / Crosswalk / Driveway Crossing;2;18;Urban (>70% Developed);Male;Van;0;#NULL!;0;0;White;No;0;16-19;Motorist Drive Out - Right Turn on Red;None;No;No;Dry;0;Urban;No;02SEP2008;0;18:38;Female;No;Residential;C: Possible Injury;No;O: No Injury;6132;September;0;Straight - Level;Piedmont;Facing Traffic;Stop And Go Signal;Tuesday;Intersection;16;0;Two-Way, Divided, Unprotected Median;5 lanes;0;#NULL!;#NULL!;Smooth Asphalt;#NULL!;Four-Way Intersection;Motorist Failed to Yield - Signalized Intersection;Local Street;C: Possible Injury;Guilford;53;Clear;#NULL!;Unknown;30 - 35  MPH;2008;Daylight;50-59
35.8763731026, -78.5756725951;"{""type"": ""Point"", ""coordinates"": [-78.5756725950605, 35.87637310264995]}";White;Raleigh;Travel Lane;2;6;Urban (>70% Developed);Male;Passenger Car;0;#NULL!;0;0;Black;No;0;30-39;Motorist Overtaking - Undetected Bicyclist;None;No;No;Dry;0;Urban;No;16AUG2008;0;6:04;Male;No;Commercial;K: Killed;Yes;O: No Injury;6136;August;0;Straight - Level;Piedmont;With Traffic;No Control Present;Saturday;Non-Intersection;38;0;Two-Way, Divided, Positive Median Barrier;5 lanes;0;#NULL!;#NULL!;Coarse Asphalt;#NULL!;No Special Feature;Motorist Overtaking Bicyclist;Local Street;K: Killed;Wake;36;Cloudy;#NULL!;46-50 mph;50 - 55  MPH;2008;Dark - Roadway Not Lighted;30-39
34.2391847673, -77.929082317;"{""type"": ""Point"", ""coordinates"": [-77.92908231698433, 34.239184767345456]}";Black;Wilmington;Travel Lane;2;21;Urban (>70% Developed);Male;Passenger Car;0;#NULL!;0;0;White;No;0;40-49;Motorist Turning Error - Left Turn;None;Yes;Yes;Dry;0;Urban;No;06SEP2008;0;21:39;Female;Yes;Residential;B: Evident Injury;Yes;O: No Injury;6151;September;0;Straight - Level;Coastal;With Traffic;Flashing Stop And Go Signal;Saturday;Intersection;40;0;Two-Way, Not Divided;4 lanes;0;#NULL!;#NULL!;Smooth Asphalt;#NULL!;Four-Way Intersection;Loss of Control / Turning Error;Local Street;B: Evident Injury;New Hanover;26;Clear;#NULL!;11-15 mph;30 - 35  MPH;2008;Daylight;25-29
36.0041671172, -78.9205727062;"{""type"": ""Point"", ""coordinates"": [-78.92057270621466, 36.00416711719869]}";White;Durham;Travel Lane;2;20;Urban (>70% Developed);Male;Sport Utility;0;#NULL!;0;0;White;No;0;25-29;Motorist Left Turn - Same Direction;None;No;No;Dry;0;Urban;No;24SEP2008;0;20:31;Male;No;Commercial;B: Evident Injury;No;O: No Injury;6152;September;0;Straight - Level;Piedmont;Facing Traffic;Stop And Go Signal;Wednesday;Intersection;26;0;Two-Way, Divided, Unprotected Median;2 lanes;0;#NULL!;#NULL!;Coarse Asphalt;#NULL!;No Special Feature;Motorist Left Turn / Merge;Local Street;B: Evident Injury;Durham;47;Clear;#NULL!;31-35 mph;30 - 35  MPH;2008;Dark - Roadway Not Lighted;40-49
34.1079367383, -77.9219823084;"{""type"": ""Point"", ""coordinates"": [-77.92198230836644, 34.10793673831819]}";White;None - Rural Crash;Bike Lane / Paved Shoulder;2;18;Rural (<30% Developed);Male;Passenger Car;0;#NULL!;0;0;White;No;0;40-49;Motorist Right Turn - Same Direction;None;No;No;Dry;0;Rural;No;09SEP2008;0;18:31;Male;No;Residential;K: Killed;Yes;O: No Injury;6155;September;0;Straight - Level;Coastal;With Traffic;Other;Tuesday;Non-Intersection;45;0;Two-Way, Not Divided;2 lanes;0;#NULL!;#NULL!;Coarse Asphalt;#NULL!;Other;Motorist Right Turn / Merge;State Secondary Route;K: Killed;New Hanover;19;Clear;#NULL!;51-55 mph;50 - 55  MPH;2008;Daylight;0-19
35.2974048932, -80.9442332764;"{""type"": ""Point"", ""coordinates"": [-80.9442332763759, 35.29740489315154]}";White;Charlotte;Travel Lane;2;13;Urban (>70% Developed);Male;Passenger Car;0;#NULL!;0;0;White;No;0;11-15;Bicyclist Turning Error - Left Turn;None;No;No;Dry;0;Urban;No;14SEP2008;0;13:17;Female;No;Residential;C: Possible Injury;Yes;O: No Injury;6156;September;0;Curve - Hillcrest;Piedmont;Facing Traffic;Stop Sign;Sunday;Intersection;13;0;Two-Way, Not Divided;2 lanes;0;#NULL!;#NULL!;Smooth Asphalt;#NULL!;T-Intersection;Loss of Control / Turning Error;Local Street;C: Possible Injury;Mecklenburg;45;Clear;#NULL!;16-20 mph;30 - 35  MPH;2008;Daylight;40-49
35.7727310792, -78.5993425967;"{""type"": ""Point"", ""coordinates"": [-78.59934259666352, 35.7727310791511]}";Black;Raleigh;Non-Roadway;2;18;Urban (>70% Developed);Male;Sport Utility;0;#NULL!;0;0;Black;No;0;11-15;Bicyclist Ride Out - Other Midblock;None;No;No;Dry;0;Urban;No;26JUN2008;0;18:19;Female;No;Residential;B: Evident Injury;Yes;O: No Injury;6163;June;0;Straight - Level;Piedmont;Not Applicable;Missing;Thursday;Non-Intersection;13;0;One-Way, Not Divided;1 lane;0;#NULL!;#NULL!;Smooth Asphalt;#NULL!;No Special Feature;Bicyclist Failed to Yield - Midblock;Local Street;B: Evident Injury;Wake;60;Clear;#NULL!;31-35 mph;30 - 35  MPH;2008;Daylight;60-69
34.2366167666, -77.9463123217;"{""type"": ""Point"", ""coordinates"": [-77.94631232173879, 34.23661676664931]}";White;Wilmington;Sidewalk / Crosswalk / Driveway Crossing;2;11;Urban (>70% Developed);Male;Unknown;0;#NULL!;0;0;Unknown/Missing;No;0;40-49;Motorist Drive Out - Right Turn on Red;None;No;No;Wet;0;Urban;Yes;22AUG2008;0;11:28;Unknown;Missing;Commercial;C: Possible Injury;No;Unknown Injury;6166;August;0;Straight - Level;Coastal;Facing Traffic;Stop And Go Signal;Friday;Intersection;43;0;Two-Way, Not Divided;2 lanes;0;#NULL!;#NULL!;Smooth Asphalt;#NULL!;Four-Way Intersection;Motorist Failed to Yield - Signalized Intersection;Local Street;C: Possible Injury;New Hanover;Unknown;Rain;#NULL!;Unknown;Unknown;2008;Daylight;Unknown
35.8259000898, -78.6209426055;"{""type"": ""Point"", ""coordinates"": [-78.62094260548419, 35.825900089784]}";Hispanic;Raleigh;Travel Lane;2;14;Urban (>70% Developed);Male;Sport Utility;0;#NULL!;0;0;White;No;0;40-49;Motorist Drive Out - Right Turn on Red;None;No;No;Dry;0;Urban;No;15AUG2008;0;14:54;Female;No;Commercial;C: Possible Injury;Yes;O: No Injury;6169;August;0;Straight - Level;Piedmont;Facing Traffic;Stop And Go Signal;Friday;Intersection;49;0;Two-Way, Divided, Unprotected Median;9 or more lanes;0;#NULL!;#NULL!;Smooth Asphalt;#NULL!;Four-Way Intersection;Motorist Failed to Yield - Signalized Intersection;Local Street;C: Possible Injury;Wake;49;Clear;#NULL!;Unknown;40 - 45  MPH;2008;Daylight;40-49
34.625311817, -79.0111926623;"{""type"": ""Point"", ""coordinates"": [-79.01119266234531, 34.62531181699795]}";Black;Lumberton;Travel Lane;2;14;Mixed (30% To 70% Developed);Male;Passenger Car;0;#NULL!;0;0;Hispanic;No;0;50-59;Motorist Drive Out - Sign-Controlled Intersection;None;No;No;Dry;0;Urban;No;16SEP2008;0;14:10;Male;No;Residential;C: Possible Injury;Yes;O: No Injury;6176;September;0;Straight - Level;Coastal;Facing Traffic;Stop Sign;Tuesday;Intersection;55;0;Two-Way, Not Divided;2 lanes;0;#NULL!;#NULL!;Coarse Asphalt;#NULL!;T-Intersection;Motorist Failed to Yield - Sign-Controlled Intersection;Local Street;C: Possible Injury;Robeson;24;Cloudy;#NULL!;0-5 mph;30 - 35  MPH;2008;Daylight;20-24
35.7174290673, -78.6131085972;"{""type"": ""Point"", ""coordinates"": [-78.61310859722484, 35.717429067287725]}";Black;Garner;Travel Lane;2;19;Urban (>70% Developed);Male;Unknown;0;#NULL!;0;0;Unknown/Missing;No;0;16-19;Sign-Controlled Intersection - Other / Unknown;None;No;No;Wet;0;Urban;Yes;09SEP2008;0;19:15;Unknown;Missing;Residential;B: Evident Injury;Yes;Unknown Injury;6178;September;0;Straight - Level;Piedmont;Facing Traffic;Stop Sign;Tuesday;Intersection;17;0;Two-Way, Not Divided;2 lanes;0;#NULL!;#NULL!;Concrete;#NULL!;Four-Way Intersection;Crossing Paths - Other Circumstances;Local Street;B: Evident Injury;Wake;Unknown;Rain;#NULL!;Unknown;20 - 25  MPH;2008;Daylight;Unknown
35.2184518844, -80.7227032053;"{""type"": ""Point"", ""coordinates"": [-80.72270320531393, 35.21845188442033]}";Black;Charlotte;Sidewalk / Crosswalk / Driveway Crossing;2;15;Mixed (30% To 70% Developed);Male;Sport Utility;0;#NULL!;0;0;Unknown/Missing;No;0;16-19;Motorist Drive Out - Commercial Driveway / Alley;None;No;No;Dry;0;Urban;Yes;03OCT2008;0;15:26;Unknown;Missing;Residential;C: Possible Injury;No;Unknown Injury;6182;October;0;Straight - Grade;Piedmont;Facing Traffic;No Control Present;Friday;Non-Intersection;16;0;Two-Way, Divided, Unprotected Median;4 lanes;0;#NULL!;#NULL!;Smooth Asphalt;#NULL!;Driveway, Public;Motorist Failed to Yield - Midblock;Local Street;C: Possible Injury;Mecklenburg;Unknown;Clear;#NULL!;0-5 mph;40 - 45  MPH;2008;Daylight;Unknown
35.229356883, -80.8423032421;"{""type"": ""Point"", ""coordinates"": [-80.84230324210598, 35.229356882952736]}";White;Charlotte;Sidewalk / Crosswalk / Driveway Crossing;2;13;Urban (>70% Developed);Female;Passenger Car;0;#NULL!;0;0;White;No;0;25-29;Motorist Drive Out - Commercial Driveway / Alley;None;No;No;Dry;0;Urban;No;10AUG2008;0;13:30;Female;No;Commercial;B: Evident Injury;No;O: No Injury;6183;August;0;Straight - Hillcrest;Piedmont;Unknown;No Control Present;Sunday;Non-Intersection;25;0;One-Way, Not Divided;3 lanes;0;#NULL!;#NULL!;Smooth Asphalt;#NULL!;No Special Feature;Motorist Failed to Yield - Midblock;Local Street;B: Evident Injury;Mecklenburg;22;Clear;#NULL!;6-10 mph;30 - 35  MPH;2008;Daylight;20-24
35.7909370016, -80.8590832783;"{""type"": ""Point"", ""coordinates"": [-80.85908327833931, 35.79093700158795]}";White;Statesville;Travel Lane;2;11;Urban (>70% Developed);Male;Sport Utility;0;#NULL!;0;0;White;No;0;25-29;Bicyclist Lost Control - Mechanical Problems;None;No;No;Dry;0;Urban;No;20SEP2008;0;11:29;Female;No;Commercial;B: Evident Injury;Yes;O: No Injury;6187;September;0;Straight - Hillcrest;Piedmont;With Traffic;Stop And Go Signal;Saturday;Intersection-Related;26;0;One-Way, Not Divided;4 lanes;0;#NULL!;#NULL!;Coarse Asphalt;#NULL!;No Special Feature;Loss of Control / Turning Error;Local Street;B: Evident Injury;Iredell;27;Clear;#NULL!;Unknown;30 - 35  MPH;2008;Daylight;25-29
34.3516567663, -78.7095525574;"{""type"": ""Point"", ""coordinates"": [-78.70955255740712, 34.35165676634505]}";White;None - Rural Crash;Other;2;20;Rural (<30% Developed);Male;Passenger Car;0;#NULL!;0;0;White;No;0;40-49;Sign-Controlled Intersection - Other / Unknown;None;No;No;Dry;0;Rural;No;16SEP2008;0;20:22;Female;No;Farms, Woods, Pastures;O: No Injury;No;O: No Injury;6195;September;0;Straight - Level;Coastal;With Traffic;Stop Sign;Tuesday;Intersection;44;0;Two-Way, Not Divided;2 lanes;0;#NULL!;#NULL!;Smooth Asphalt;#NULL!;On or Off Ramp;Crossing Paths - Other Circumstances;US Route;Unknown Injury;Columbus;70+;Cloudy;#NULL!;0-5 mph;50 - 55  MPH;2008;Dark - Roadway Not Lighted;70+
34.7628429003, -77.3993221811;"{""type"": ""Point"", ""coordinates"": [-77.39932218105724, 34.762842900305245]}";Black;Jacksonville;Bike Lane / Paved Shoulder;2;15;Urban (>70% Developed);Male;Passenger Car;0;#NULL!;0;0;Black;No;0;16-19;Motorist Drive Out - Residential Driveway;None;No;No;Dry;0;Urban;No;23SEP2008;0;15:56;Male;No;Commercial;B: Evident Injury;Yes;O: No Injury;6196;September;0;Straight - Level;Coastal;Facing Traffic;Missing;Tuesday;Non-Intersection;18;0;Two-Way, Not Divided;3 lanes;0;#NULL!;#NULL!;Smooth Asphalt;#NULL!;Other;Motorist Failed to Yield - Midblock;Local Street;B: Evident Injury;Onslow;49;Clear;#NULL!;6-10 mph;30 - 35  MPH;2008;Daylight;40-49
36.074443099, -79.8278989843;"{""type"": ""Point"", ""coordinates"": [-79.82789898432182, 36.07444309902468]}";White;Greensboro;Travel Lane;2;13;Rural (<30% Developed);Female;Passenger Car;0;#NULL!;0;0;White;No;0;20-24;Bicyclist Ride Through - Signalized Intersection;None;No;No;Dry;0;Urban;No;20SEP2008;0;13:32;Male;No;Residential;B: Evident Injury;Yes;O: No Injury;6203;September;0;Straight - Level;Piedmont;With Traffic;Stop And Go Signal;Saturday;Intersection;23;0;Two-Way, Divided, Positive Median Barrier;4 lanes;0;#NULL!;#NULL!;Smooth Asphalt;#NULL!;No Special Feature;Bicyclist Failed to Yield - Signalized Intersection;Local Street;B: Evident Injury;Guilford;60;Clear;#NULL!;31-35 mph;30 - 35  MPH;2008;Daylight;60-69
35.5936568952, -82.5586587709;"{""type"": ""Point"", ""coordinates"": [-82.5586587708535, 35.59365689523699]}";White;Asheville;Sidewalk / Crosswalk / Driveway Crossing;2;23;Urban (>70% Developed);Male;Sport Utility;0;#NULL!;0;0;White;No;0;16-19;Motorist Drive Through - Signalized Intersection;None;Yes;No;Wet;0;Urban;No;26SEP2008;0;23:23;Male;Yes;Commercial;B: Evident Injury;No;O: No Injury;6207;September;0;Straight - Grade;Mountains;Facing Traffic;Stop And Go Signal;Friday;Intersection;17;0;Two-Way, Not Divided;4 lanes;0;#NULL!;#NULL!;Smooth Asphalt;#NULL!;Four-Way Intersection;Motorist Failed to Yield - Signalized Intersection;Local Street;B: Evident Injury;Buncombe;21;Rain;#NULL!;Unknown;20 - 25  MPH;2008;Dark - Lighted Roadway;20-24
35.322976842, -82.4538537248;"{""type"": ""Point"", ""coordinates"": [-82.4538537248293, 35.32297684198303]}";Black;Hendersonville;Travel Lane;2;17;Urban (>70% Developed);Male;Passenger Car;0;#NULL!;0;0;Black;No;0;6-10;Sign-Controlled Intersection - Other / Unknown;None;No;No;Dry;0;Urban;No;01SEP2008;0;17:53;Male;No;Commercial;C: Possible Injury;Yes;O: No Injury;6209;September;0;Straight - Level;Mountains;With Traffic;Stop Sign;Monday;Intersection;10;0;Two-Way, Not Divided;4 lanes;0;#NULL!;#NULL!;Coarse Asphalt;#NULL!;Four-Way Intersection;Crossing Paths - Other Circumstances;Local Street;C: Possible Injury;Henderson;41;Clear;#NULL!;16-20 mph;20 - 25  MPH;2008;Daylight;40-49
35.783357079, -78.6668926175;"{""type"": ""Point"", ""coordinates"": [-78.66689261751763, 35.783357079006564]}";Hispanic;Raleigh;Travel Lane;2;15;Urban (>70% Developed);Male;Passenger Car;0;#NULL!;0;0;White;No;0;20-24;Parallel Paths - Other / Unknown;None;No;No;Dry;0;Urban;No;02OCT2008;0;15:12;Female;No;Institutional;B: Evident Injury;No;O: No Injury;6213;October;0;Straight - Level;Piedmont;With Traffic;Missing;Thursday;Intersection-Related;23;0;One-Way, Not Divided;1 lane;0;#NULL!;#NULL!;Smooth Asphalt;#NULL!;T-Intersection;Parallel Paths - Other Circumstances;Local Street;B: Evident Injury;Wake;26;Clear;#NULL!;11-15 mph;5 - 15 MPH;2008;Daylight;25-29
35.7590569763, -81.334743418;"{""type"": ""Point"", ""coordinates"": [-81.33474341798721, 35.759056976293174]}";White;Hickory;Travel Lane;2;12;Urban (>70% Developed);Male;Passenger Car;0;#NULL!;0;0;White;No;0;25-29;Motorist Drive Out - Sign-Controlled Intersection;None;No;No;Dry;0;Urban;No;03OCT2008;0;12:29;Female;No;Commercial;C: Possible Injury;No;O: No Injury;6215;October;0;Straight - Level;Piedmont;Facing Traffic;Stop Sign;Friday;Intersection;28;0;Two-Way, Not Divided;5 lanes;0;#NULL!;#NULL!;Smooth Asphalt;#NULL!;No Special Feature;Motorist Failed to Yield - Sign-Controlled Intersection;NC Route;C: Possible Injury;Catawba;70+;Clear;#NULL!;31-35 mph;30 - 35  MPH;2008;Daylight;70+
34.2338327642, -77.9896323353;"{""type"": ""Point"", ""coordinates"": [-77.9896323353283, 34.233832764166586]}";White;Leland;Travel Lane;2;23;Urban (>70% Developed);Male;Passenger Car;0;#NULL!;0;0;Asian;No;0;20-24;Bicyclist Left Turn - Same Direction;None;Yes;Yes;Dry;0;Rural;No;23SEP2008;0;23:29;Male;No;Farms, Woods, Pastures;A: Disabling Injury;No;O: No Injury;6221;September;0;Straight - Grade;Coastal;With Traffic;Missing;Tuesday;Non-Intersection;24;0;One-Way, Not Divided;2 lanes;0;#NULL!;#NULL!;Smooth Asphalt;#NULL!;On or Off Ramp;Bicyclist Left Turn / Merge;US Route;A: Disabling Injury;Brunswick;33;Clear;#NULL!;Unknown;50 - 55  MPH;2008;Dark - Roadway Not Lighted;30-39
35.2840908915, -80.9197032674;"{""type"": ""Point"", ""coordinates"": [-80.91970326744595, 35.28409089147658]}";Black;Charlotte;Travel Lane;2;5;Mixed (30% To 70% Developed);Male;Passenger Car;0;#NULL!;0;0;White;No;0;50-59;Motorist Overtaking - Undetected Bicyclist;None;No;No;Dry;0;Urban;No;14OCT2008;0;5:01;Male;No;Residential;C: Possible Injury;Yes;O: No Injury;6222;October;0;Straight - Level;Piedmont;With Traffic;No Control Present;Tuesday;Non-Intersection;53;0;Two-Way, Not Divided;2 lanes;0;#NULL!;#NULL!;Smooth Asphalt;#NULL!;No Special Feature;Motorist Overtaking Bicyclist;Local Street;C: Possible Injury;Mecklenburg;50;Clear;#NULL!;26-30 mph;40 - 45  MPH;2008;Dark - Roadway Not Lighted;50-59
35.5075568602, -82.9930638944;"{""type"": ""Point"", ""coordinates"": [-82.99306389437147, 35.507556860203806]}";White;Waynesville;Travel Lane;2;12;Mixed (30% To 70% Developed);Male;Sport Utility;0;#NULL!;0;0;White;No;0;16-19;Motorist Overtaking - Misjudged Space;None;No;No;Dry;0;Urban;No;29SEP2008;0;12:45;Female;No;Commercial;B: Evident Injury;No;O: No Injury;6239;September;0;Straight - Hillcrest;Mountains;With Traffic;Missing;Monday;Non-Intersection;18;0;Two-Way, Divided, Unprotected Median;5 lanes;0;#NULL!;#NULL!;Smooth Asphalt;#NULL!;No Special Feature;Motorist Overtaking Bicyclist;Local Street;B: Evident Injury;Haywood;66;Clear;#NULL!;31-35 mph;30 - 35  MPH;2008;Daylight;60-69
34.6176938158, -78.9962626576;"{""type"": ""Point"", ""coordinates"": [-78.9962626575655, 34.617693815763545]}";Black;Lumberton;Travel Lane;2;10;Urban (>70% Developed);Male;Passenger Car;0;#NULL!;0;0;Hispanic;No;0;50-59;Bicyclist Right Turn - Same Direction;None;Yes;Yes;Dry;0;Urban;No;12OCT2008;0;10:45;Male;No;Commercial;B: Evident Injury;No;Unknown Injury;6245;October;0;Straight - Level;Coastal;With Traffic;Stop And Go Signal;Sunday;Non-Intersection;55;0;Two-Way, Not Divided;3 lanes;0;#NULL!;#NULL!;Coarse Asphalt;#NULL!;No Special Feature;Bicyclist Right Turn / Merge;Local Street;B: Evident Injury;Robeson;42;Clear;#NULL!;6-10 mph;30 - 35  MPH;2008;Daylight;40-49
34.7047418279, -79.1966227219;"{""type"": ""Point"", ""coordinates"": [-79.19662272186471, 34.70474182785827]}";Native American;None - Rural Crash;Travel Lane;2;21;Rural (<30% Developed);Male;Pickup;0;#NULL!;0;0;White;No;0;50-59;Motorist Overtaking - Undetected Bicyclist;None;No;No;Wet;0;Rural;No;11OCT2008;0;21:35;Male;No;Residential;C: Possible Injury;No;O: No Injury;6246;October;0;Straight - Level;Coastal;With Traffic;Double Yellow Line, No Passing Zone;Saturday;Non-Intersection;54;0;Two-Way, Not Divided;2 lanes;0;#NULL!;#NULL!;Smooth Asphalt;#NULL!;No Special Feature;Motorist Overtaking Bicyclist;State Secondary Route;C: Possible Injury;Robeson;58;Rain;#NULL!;36-40 mph;50 - 55  MPH;2008;Dark - Roadway Not Lighted;50-59
35.7214120921, -77.9275523894;"{""type"": ""Point"", ""coordinates"": [-77.92755238938639, 35.72141209208577]}";White;Wilson;Travel Lane;2;18;Mixed (30% To 70% Developed);Male;Passenger Car;0;#NULL!;0;0;Black;No;0;40-49;Motorist Right Turn - Same Direction;None;No;No;Dry;0;Urban;No;14OCT2008;0;18:52;Female;No;Residential;O: No Injury;Yes;O: No Injury;6255;October;0;Straight - Level;Coastal;With Traffic;Stop Sign;Tuesday;Intersection;48;0;Two-Way, Not Divided;2 lanes;0;#NULL!;#NULL!;Smooth Asphalt;#NULL!;T-Intersection;Motorist Right Turn / Merge;Local Street;O: No Injury;Wilson;26;Clear;#NULL!;6-10 mph;30 - 35  MPH;2008;Dark - Lighted Roadway;25-29
35.7894130802, -78.6752626208;"{""type"": ""Point"", ""coordinates"": [-78.67526262079642, 35.78941308019089]}";White;Raleigh;Sidewalk / Crosswalk / Driveway Crossing;2;16;Urban (>70% Developed);Female;Pickup;0;#NULL!;0;0;White;No;0;20-24;Motorist Right Turn - Same Direction;None;No;No;Dry;0;Urban;No;24AUG2008;0;16:34;Male;No;Commercial;C: Possible Injury;No;O: No Injury;6263;August;0;Straight - Level;Piedmont;With Traffic;No Control Present;Sunday;Non-Intersection;23;0;Two-Way, Not Divided;4 lanes;0;#NULL!;#NULL!;Coarse Asphalt;#NULL!;No Special Feature;Motorist Right Turn / Merge;Local Street;C: Possible Injury;Wake;19;Clear;#NULL!;0-5 mph;30 - 35  MPH;2008;Daylight;0-19
35.0555529188, -78.7700526104;"{""type"": ""Point"", ""coordinates"": [-78.77005261042765, 35.05555291876142]}";White;None - Rural Crash;Bike Lane / Paved Shoulder;2;18;Mixed (30% To 70% Developed);Male;Pickup;0;#NULL!;0;0;White;No;0;40-49;Motorist Overtaking - Misjudged Space;None;No;No;Dry;0;Rural;Yes;29SEP2008;0;18:02;Male;No;Residential;B: Evident Injury;Yes;O: No Injury;6267;September;0;Straight - Level;Coastal;With Traffic;Double Yellow Line, No Passing Zone;Monday;Non-Intersection;47;0;Two-Way, Not Divided;2 lanes;0;#NULL!;#NULL!;Coarse Asphalt;#NULL!;No Special Feature;Motorist Overtaking Bicyclist;State Secondary Route;B: Evident Injury;Cumberland;51;Clear;#NULL!;51-55 mph;50 - 55  MPH;2008;Daylight;50-59
34.1971617587, -77.9215323127;"{""type"": ""Point"", ""coordinates"": [-77.92153231266418, 34.19716175866059]}";White;Wilmington;Travel Lane;2;14;Urban (>70% Developed);Female;Sport Utility;0;#NULL!;0;0;Black;No;0;60-69;Motorist Drive Out - Sign-Controlled Intersection;None;No;No;Dry;0;Urban;No;08OCT2010;0;14:53;Female;No;Commercial;A: Disabling Injury;Yes;O: No Injury;4451;October;0;Straight - Grade;Coastal;With Traffic;Stop Sign;Friday;Intersection;60;0;Two-Way, Divided, Unprotected Median;Unknown;0;#NULL!;#NULL!;Smooth Asphalt;#NULL!;T-Intersection;Motorist Failed to Yield - Sign-Controlled Intersection;Local Street;A: Disabling Injury;New Hanover;33;Clear;#NULL!;0-5 mph;40 - 45  MPH;2010;Daylight;30-39
36.1005471152, -79.5419928992;"{""type"": ""Point"", ""coordinates"": [-79.54199289921533, 36.10054711517871]}";Black;Gibsonville;Unknown;2;0;Urban (>70% Developed);Male;Passenger Car;0;#NULL!;0;0;Black;No;0;40-49;Unknown Approach Paths;None;Yes;No;Dry;0;Urban;No;14OCT2010;0;0:30;Male;Yes;Residential;C: Possible Injury;No;O: No Injury;4459;October;0;Straight - Level;Piedmont;Unknown;No Control Present;Thursday;Non-Intersection;47;0;Two-Way, Not Divided;2 lanes;0;#NULL!;#NULL!;Smooth Asphalt;#NULL!;No Special Feature;Other / Unknown - Insufficient Details;Local Street;C: Possible Injury;Guilford;28;Clear;#NULL!;16-20 mph;30 - 35  MPH;2010;Dark - Roadway Not Lighted;25-29
35.9146270937, -79.0518677406;"{""type"": ""Point"", ""coordinates"": [-79.05186774062642, 35.91462709372516]}";White;Chapel Hill;Bike Lane / Paved Shoulder;2;20;Urban (>70% Developed);Male;Passenger Car;0;#NULL!;0;0;Unknown/Missing;No;0;20-24;Bicyclist Overtaking - Parked Vehicle;None;No;No;Dry;0;Urban;No;17OCT2010;0;20:04;Unknown;Missing;Institutional;B: Evident Injury;Yes;Unknown Injury;4460;October;0;Straight - Level;Piedmont;With Traffic;No Control Present;Sunday;Non-Intersection;20;0;Two-Way, Divided, Unprotected Median;4 lanes;0;#NULL!;#NULL!;Smooth Asphalt;#NULL!;No Special Feature;Bicyclist Overtaking Motorist;Local Street;B: Evident Injury;Orange;Unknown;Clear;#NULL!;Unknown;20 - 25  MPH;2010;Dark - Lighted Roadway;Unknown