Geo Point;Geo Shape;BikeRace;City;BikePos;NumUnits;CrashHour;Locality;BikeSex;DrvrVehTyp;NumBikesNo;BikeAlcDrg;NumBikesBI;RteInvdCd;DrvrRace;Workzone;NumBikesCi;BikeAgeGrp;CrashType;RdDefects;CrashAlcoh;BikeAlcoho;RdConditio;DstncMiFrm;RuralUrban;HitRun;CrashDate;NumBikesUI;CrashTime;DrvrSex;DrvrAlcoho;Developmen;CrashSevr;AmbulanceR;DrvrInjury;OBJECTID;CrashMonth;NumBikesKi;RdCharacte;Region;BikeDir;TraffCntrl;CrashDay;CrashLoc;BikeAge;NumBikesTo;RdConfig;NumLanes;NumBikesAI;DrvrAlcDrg;OnRoad;RdSurface;Towrd_Rd;RdFeature;CrashGrp;RdClass;BikeInjury;County;DrvrAge;Weather;FrmRd;DrvrEstSpd;SpeedLimit;CrashYear;LightCond;DrvrAgeGrp
35.8955171061, -78.5995426027;"{""type"": ""Point"", ""coordinates"": [-78.59954260270159, 35.89551710614694]}";White;Raleigh;Travel Lane;2;8;Urban (>70% Developed);Male;Passenger Car;0;#NULL!;0;0;White;No;0;60-69;Motorist Drive Out - Sign-Controlled Intersection;None;No;No;Dry;0;Urban;No;21SEP2010;0;8:41;Female;No;Residential;B: Evident Injury;Yes;O: No Injury;4464;September;0;Straight - Level;Piedmont;With Traffic;Stop Sign;Tuesday;Intersection;60;0;Two-Way, Divided, Unprotected Median;4 lanes;0;#NULL!;#NULL!;Concrete;#NULL!;Four-Way Intersection;Motorist Failed to Yield - Sign-Controlled Intersection;Local Street;B: Evident Injury;Wake;33;Clear;#NULL!;21-25 mph;40 - 45  MPH;2010;Daylight;30-39
35.9551770676, -80.0108230326;"{""type"": ""Point"", ""coordinates"": [-80.01082303261309, 35.955177067640115]}";White;High Point;Travel Lane;2;17;Urban (>70% Developed);Male;Van;0;#NULL!;0;0;White;No;0;30-39;Bicyclist Right Turn - Same Direction;None;No;No;Dry;0;Urban;No;18OCT2010;0;17:36;Male;No;Commercial;B: Evident Injury;Yes;O: No Injury;4474;October;0;Straight - Level;Piedmont;Facing Traffic;Stop Sign;Monday;Intersection;31;0;Two-Way, Not Divided;2 lanes;0;#NULL!;#NULL!;Coarse Asphalt;#NULL!;T-Intersection;Bicyclist Right Turn / Merge;Local Street;B: Evident Injury;Guilford;61;Clear;#NULL!;0-5 mph;30 - 35  MPH;2010;Daylight;60-69
36.2054470573, -81.6695535436;"{""type"": ""Point"", ""coordinates"": [-81.66955354357017, 36.20544705726523]}";White;Boone;Sidewalk / Crosswalk / Driveway Crossing;2;16;Urban (>70% Developed);Female;Light Truck (Mini-Van, Panel);0;#NULL!;0;0;White;No;0;16-19;Bicyclist Ride Out - Signalized  Intersection;None;No;No;Dry;0;Urban;No;27OCT2010;0;16:55;Male;No;Commercial;B: Evident Injury;Yes;O: No Injury;4489;October;0;Straight - Level;Mountains;With Traffic;Stop And Go Signal;Wednesday;Intersection;18;0;Two-Way, Not Divided;7 lanes;0;#NULL!;#NULL!;Smooth Asphalt;#NULL!;Four-Way Intersection;Bicyclist Failed to Yield - Signalized Intersection;NC Route;B: Evident Injury;Watauga;58;Clear;#NULL!;31-35 mph;30 - 35  MPH;2010;Daylight;50-59
35.678236993, -80.4507731499;"{""type"": ""Point"", ""coordinates"": [-80.45077314988261, 35.67823699295246]}";Black;Salisbury;Travel Lane;2;18;Urban (>70% Developed);Male;Passenger Car;0;#NULL!;0;0;White;No;0;20-24;Motorist Overtaking - Other / Unknown;None;No;No;Dry;0;Urban;No;28OCT2010;0;18:18;Male;No;Residential;O: No Injury;No;O: No Injury;4497;October;0;Straight - Level;Piedmont;With Traffic;No Control Present;Thursday;Non-Intersection;22;0;Two-Way, Not Divided;2 lanes;0;#NULL!;#NULL!;Coarse Asphalt;#NULL!;Driveway, Private;Motorist Overtaking Bicyclist;Local Street;O: No Injury;Rowan;33;Clear;#NULL!;31-35 mph;30 - 35  MPH;2010;Daylight;30-39
35.8247170824, -78.8422026734;"{""type"": ""Point"", ""coordinates"": [-78.84220267335657, 35.82471708243899]}";White;Cary;Travel Lane;2;17;Urban (>70% Developed);Male;Unknown;0;#NULL!;0;0;Other;No;0;30-39;Motorist Drive Out - Sign-Controlled Intersection;None;No;No;Dry;0;Urban;Yes;23SEP2012;0;17:28;Female;No;Residential;C: Possible Injury;No;O: No Injury;2502;September;0;Straight - Level;Piedmont;With Traffic;Stop Sign;Sunday;Intersection;30;0;Two-Way, Not Divided;2 lanes;0;#NULL!;#NULL!;Smooth Asphalt;#NULL!;T-Intersection;Motorist Failed to Yield - Sign-Controlled Intersection;Local Street;C: Possible Injury;Wake;39;Clear;#NULL!;6-10 mph;30 - 35  MPH;2012;Daylight;30-39
36.0957371194, -79.4001028569;"{""type"": ""Point"", ""coordinates"": [-79.40010285687818, 36.095737119421806]}";Hispanic;Burlington;Travel Lane;2;20;Urban (>70% Developed);Male;Passenger Car;0;#NULL!;0;0;Hispanic;No;0;6-10;Bicyclist Ride Through - Sign-Controlled Intersection;None;No;No;Dry;0;Urban;No;06OCT2012;0;20:14;Male;No;Residential;B: Evident Injury;Yes;O: No Injury;2509;October;0;Straight - Level;Piedmont;With Traffic;Stop Sign;Saturday;Intersection;6;0;Two-Way, Not Divided;2 lanes;0;#NULL!;#NULL!;Coarse Asphalt;#NULL!;Four-Way Intersection;Bicyclist Failed to Yield - Sign-Controlled Intersection;Local Street;B: Evident Injury;Alamance;19;Clear;#NULL!;26-30 mph;30 - 35  MPH;2012;Daylight;0-19
35.2540068932, -80.7077032028;"{""type"": ""Point"", ""coordinates"": [-80.70770320276472, 35.25400689317581]}";Black;Charlotte;Travel Lane;2;17;Rural (<30% Developed);Male;Passenger Car;0;#NULL!;0;0;White;No;0;11-15;Motorist Overtaking - Other / Unknown;None;No;No;Dry;0;Urban;No;13OCT2012;0;17:15;Male;No;Farms, Woods, Pastures;C: Possible Injury;No;O: No Injury;2510;October;0;Straight - Level;Piedmont;With Traffic;No Control Present;Saturday;Non-Intersection;12;0;Two-Way, Not Divided;2 lanes;0;#NULL!;#NULL!;Smooth Asphalt;#NULL!;No Special Feature;Motorist Overtaking Bicyclist;Local Street;C: Possible Injury;Mecklenburg;70+;Clear;#NULL!;6-10 mph;40 - 45  MPH;2012;Daylight;70+
35.0358269117, -78.8402026309;"{""type"": ""Point"", ""coordinates"": [-78.84020263088405, 35.03582691165365]}";Black;Fayetteville;Travel Lane;2;18;Urban (>70% Developed);Male;Motorcycle;0;#NULL!;0;0;White;No;0;16-19;Head-On - Bicyclist;None;No;No;Dry;0;Urban;No;28SEP2012;0;18:25;Male;No;Commercial;C: Possible Injury;Yes;O: No Injury;2516;September;0;Straight - Level;Coastal;Facing Traffic;No Control Present;Friday;Intersection-Related;16;0;Two-Way, Not Divided;2 lanes;0;#NULL!;#NULL!;Coarse Asphalt;#NULL!;No Special Feature;Head-On;Local Street;C: Possible Injury;Cumberland;34;Clear;#NULL!;31-35 mph;40 - 45  MPH;2012;Daylight;30-39
35.4899770323, -78.2037024618;"{""type"": ""Point"", ""coordinates"": [-78.20370246184727, 35.48997703228823]}";White;None - Rural Crash;Travel Lane;2;21;Mixed (30% To 70% Developed);Female;Unknown;0;#NULL!;0;0;White;No;0;16-19;Motorist Overtaking - Bicyclist Swerved;None;No;No;Dry;0;Rural;Yes;07OCT2012;0;21:07;Male;No;Farms, Woods, Pastures;C: Possible Injury;Yes;Unknown Injury;2517;October;0;Straight - Level;Coastal;With Traffic;No Control Present;Sunday;Non-Intersection;18;0;Two-Way, Not Divided;2 lanes;0;#NULL!;#NULL!;Coarse Asphalt;#NULL!;No Special Feature;Motorist Overtaking Bicyclist;US Route;C: Possible Injury;Johnston;70+;Cloudy;#NULL!;51-55 mph;50 - 55  MPH;2012;Dark - Roadway Not Lighted;70+
34.2255767657, -77.9057023092;"{""type"": ""Point"", ""coordinates"": [-77.90570230922906, 34.22557676565557]}";Black;Wilmington;Sidewalk / Crosswalk / Driveway Crossing;2;7;Urban (>70% Developed);Male;Passenger Car;0;#NULL!;0;0;White;No;0;20-24;Motorist Drive Out - Sign-Controlled Intersection;Other;No;No;Dry;0;Urban;No;28SEP2012;0;7:38;Female;No;Residential;B: Evident Injury;Yes;O: No Injury;2521;September;0;Straight - Level;Coastal;Facing Traffic;Stop Sign;Friday;Intersection;23;0;Two-Way, Not Divided;2 lanes;0;#NULL!;#NULL!;Smooth Asphalt;#NULL!;Related To Intersection;Motorist Failed to Yield - Sign-Controlled Intersection;Local Street;B: Evident Injury;New Hanover;18;Clear;#NULL!;21-25 mph;20 - 25  MPH;2012;Daylight;0-19
35.8429770941, -78.6236026079;"{""type"": ""Point"", ""coordinates"": [-78.6236026079336, 35.842977094068374]}";White;Raleigh;Travel Lane;2;8;Urban (>70% Developed);Male;Passenger Car;0;#NULL!;0;0;Hispanic;No;0;6-10;Sign-Controlled Intersection - Other / Unknown;None;No;No;Dry;0;Urban;No;10OCT2012;0;8:45;Female;No;Residential;B: Evident Injury;Yes;O: No Injury;2524;October;0;Straight - Level;Piedmont;Unknown;No Control Present;Wednesday;Intersection-Related;10;0;Two-Way, Not Divided;2 lanes;0;#NULL!;#NULL!;Smooth Asphalt;#NULL!;No Special Feature;Crossing Paths - Other Circumstances;.;B: Evident Injury;Wake;30;Clear;#NULL!;11-15 mph;30 - 35  MPH;2012;Daylight;30-39
34.7604969002, -77.4011021816;"{""type"": ""Point"", ""coordinates"": [-77.40110218156588, 34.76049690016872]}";White;Jacksonville;Sidewalk / Crosswalk / Driveway Crossing;2;15;Urban (>70% Developed);Male;Passenger Car;0;#NULL!;0;0;Other;No;0;30-39;Bicyclist Ride Out - Other Midblock;None;No;No;Dry;0;Urban;No;26SEP2012;0;15:24;Female;No;Residential;B: Evident Injury;Yes;O: No Injury;2531;September;0;Straight - Level;Coastal;Not Applicable;Other;Wednesday;Non-Intersection;31;0;Two-Way, Divided, Unprotected Median;4 lanes;0;#NULL!;#NULL!;Smooth Asphalt;#NULL!;No Special Feature;Bicyclist Failed to Yield - Midblock;Local Street;B: Evident Injury;Onslow;48;Clear;#NULL!;31-35 mph;30 - 35  MPH;2012;Daylight;40-49
35.7292470618, -78.8395026674;"{""type"": ""Point"", ""coordinates"": [-78.83950266743625, 35.72924706178709]}";White;Apex;Travel Lane;2;16;Urban (>70% Developed);Female;Pickup;0;#NULL!;0;0;White;No;0;40-49;Motorist Overtaking - Misjudged Space;None;No;No;Dry;0;Urban;No;17OCT2012;0;16:50;Male;No;Commercial;B: Evident Injury;Yes;O: No Injury;2537;October;0;Straight - Level;Piedmont;With Traffic;Stop And Go Signal;Wednesday;Intersection-Related;44;0;Two-Way, Not Divided;4 lanes;0;#NULL!;#NULL!;Smooth Asphalt;#NULL!;No Special Feature;Motorist Overtaking Bicyclist;State Secondary Route;B: Evident Injury;Wake;37;Clear;#NULL!;16-20 mph;30 - 35  MPH;2012;Daylight;30-39
35.1819268777, -80.6919031948;"{""type"": ""Point"", ""coordinates"": [-80.6919031948004, 35.18192687765732]}";White;Mint Hill;Travel Lane;2;5;Urban (>70% Developed);Male;Passenger Car;0;#NULL!;0;0;White;No;0;20-24;Motorist Overtaking - Bicyclist Swerved;None;No;No;Wet;0;Urban;No;09OCT2012;0;5:48;Female;No;Residential;A: Disabling Injury;Yes;O: No Injury;2539;October;0;Straight - Level;Piedmont;With Traffic;No Control Present;Tuesday;Non-Intersection;23;0;Two-Way, Not Divided;2 lanes;0;#NULL!;#NULL!;Coarse Asphalt;#NULL!;No Special Feature;Motorist Overtaking Bicyclist;State Secondary Route;A: Disabling Injury;Mecklenburg;70+;Rain;#NULL!;26-30 mph;30 - 35  MPH;2012;Dawn;70+
34.2790367752, -77.960802328;"{""type"": ""Point"", ""coordinates"": [-77.96080232798582, 34.279036775165004]}";White;None - Rural Crash;Travel Lane;2;13;Mixed (30% To 70% Developed);Female;Sport Utility;0;#NULL!;0;0;White;No;0;40-49;Motorist Left Turn - Opposite Direction;None;No;No;Dry;0;Rural;No;20OCT2012;0;13:00;Male;No;Commercial;C: Possible Injury;Yes;O: No Injury;2542;October;0;Straight - Level;Coastal;With Traffic;No Control Present;Saturday;Non-Intersection;43;0;Two-Way, Not Divided;5 lanes;0;#NULL!;#NULL!;Coarse Asphalt;#NULL!;Driveway, Public;Motorist Left Turn / Merge;US Route;C: Possible Injury;New Hanover;23;Clear;#NULL!;6-10 mph;50 - 55  MPH;2012;Daylight;20-24
35.0058969024, -78.9214026544;"{""type"": ""Point"", ""coordinates"": [-78.92140265435313, 35.00589690244742]}";White;None - Rural Crash;Bike Lane / Paved Shoulder;2;13;Mixed (30% To 70% Developed);Male;Unknown;0;#NULL!;0;0;Unknown/Missing;No;0;20-24;Motorist Overtaking - Other / Unknown;None;No;No;Dry;0;Rural;Yes;19OCT2012;0;13:42;Unknown;No;Commercial;B: Evident Injury;Yes;Unknown Injury;2543;October;0;Straight - Level;Coastal;With Traffic;Double Yellow Line, No Passing Zone;Friday;Non-Intersection;24;0;Two-Way, Not Divided;2 lanes;0;#NULL!;#NULL!;Smooth Asphalt;#NULL!;No Special Feature;Motorist Overtaking Bicyclist;State Secondary Route;B: Evident Injury;Cumberland;Unknown;Clear;#NULL!;41-45 mph;40 - 45  MPH;2012;Dark - Roadway Not Lighted;Unknown
35.7305170707, -78.5973025931;"{""type"": ""Point"", ""coordinates"": [-78.59730259310768, 35.730517070742714]}";Black;None - Rural Crash;Travel Lane;2;13;Rural (<30% Developed);Male;Passenger Car;0;#NULL!;0;0;Black;No;0;6-10;Bicyclist Ride Through - Sign-Controlled Intersection;None;No;No;Dry;0;Rural;No;21OCT2012;0;13:30;Female;No;Residential;C: Possible Injury;Yes;O: No Injury;2546;October;0;Straight - Grade;Piedmont;With Traffic;Stop Sign;Sunday;Intersection;10;0;Two-Way, Not Divided;2 lanes;0;#NULL!;#NULL!;Smooth Asphalt;#NULL!;No Special Feature;Bicyclist Failed to Yield - Sign-Controlled Intersection;State Secondary Route;C: Possible Injury;Wake;17;Clear;#NULL!;21-25 mph;20 - 25  MPH;2012;Daylight;0-19
35.830687092, -78.5941025981;"{""type"": ""Point"", ""coordinates"": [-78.59410259811372, 35.83068709198857]}";White;Raleigh;Travel Lane;2;18;Urban (>70% Developed);Female;Passenger Car;0;#NULL!;0;0;Unknown/Missing;No;0;25-29;Head-On - Motorist;None;Yes;Yes;Dry;0;Urban;Yes;19OCT2012;0;18:47;Unknown;Missing;Residential;B: Evident Injury;Yes;Unknown Injury;2549;October;0;Straight - Level;Piedmont;With Traffic;No Control Present;Friday;Non-Intersection;25;0;Two-Way, Not Divided;2 lanes;0;#NULL!;#NULL!;Smooth Asphalt;#NULL!;No Special Feature;Head-On;Local Street;B: Evident Injury;Wake;Unknown;Clear;#NULL!;21-25 mph;20 - 25  MPH;2012;Dusk;Unknown
35.9996671174, -78.9015027006;"{""type"": ""Point"", ""coordinates"": [-78.9015027005604, 35.999667117384845]}";White;Durham;Travel Lane;2;11;Urban (>70% Developed);Female;Passenger Car;0;#NULL!;0;0;Black;No;0;20-24;Motorist Left Turn - Opposite Direction;None;No;No;Dry;0;Urban;No;01SEP2012;0;11:01;Male;No;Commercial;C: Possible Injury;Yes;O: No Injury;2559;September;0;Straight - Level;Piedmont;With Traffic;No Control Present;Saturday;Non-Intersection;22;0;Two-Way, Not Divided;2 lanes;0;#NULL!;#NULL!;Smooth Asphalt;#NULL!;No Special Feature;Motorist Left Turn / Merge;Local Street;C: Possible Injury;Durham;31;Clear;#NULL!;11-15 mph;30 - 35  MPH;2012;Daylight;30-39
36.2637671458, -79.6494029407;"{""type"": ""Point"", ""coordinates"": [-79.64940294067448, 36.26376714575285]}";Black;None - Rural Crash;Bike Lane / Paved Shoulder;2;5;Rural (<30% Developed);Male;Passenger Car;0;#NULL!;0;0;Unknown/Missing;No;0;40-49;Motorist Overtaking - Other / Unknown;None;No;No;Dry;0;Rural;Yes;25OCT2012;0;5:00;Unknown;No;Farms, Woods, Pastures;B: Evident Injury;No;Unknown Injury;2567;October;0;Straight - Level;Piedmont;With Traffic;No Control Present;Thursday;Non-Intersection;43;0;Two-Way, Divided, Positive Median Barrier;4 lanes;0;#NULL!;#NULL!;Smooth Asphalt;#NULL!;No Special Feature;Motorist Overtaking Bicyclist;US Route;B: Evident Injury;Rockingham;Unknown;Clear;#NULL!;61-65 mph;60 - 75 MPH;2012;Dark - Roadway Not Lighted;Unknown
35.794377078, -78.7832026531;"{""type"": ""Point"", ""coordinates"": [-78.78320265310666, 35.79437707803817]}";Black;Cary;Sidewalk / Crosswalk / Driveway Crossing;2;18;Urban (>70% Developed);Female;Sport Utility;0;#NULL!;0;0;White;No;0;25-29;Motorist Drive Out - Sign-Controlled Intersection;None;No;No;Dry;0;Urban;No;11OCT2012;0;18:02;Female;No;Residential;C: Possible Injury;No;O: No Injury;2569;October;0;Straight - Level;Piedmont;Facing Traffic;Stop Sign;Thursday;Intersection;27;0;Two-Way, Not Divided;2 lanes;0;#NULL!;#NULL!;Smooth Asphalt;#NULL!;No Special Feature;Motorist Failed to Yield - Sign-Controlled Intersection;Local Street;C: Possible Injury;Wake;27;Clear;#NULL!;0-5 mph;20 - 25  MPH;2012;Daylight;25-29
36.0325471211, -78.9843027275;"{""type"": ""Point"", ""coordinates"": [-78.98430272751384, 36.03254712112922]}";White;Durham;Travel Lane;2;15;Urban (>70% Developed);Male;Sport Utility;0;#NULL!;0;0;White;No;0;11-15;Head-On - Bicyclist;None;No;No;Dry;0;Urban;No;29OCT2012;0;15:18;Male;No;Residential;C: Possible Injury;Yes;O: No Injury;2574;October;0;Straight - Level;Piedmont;Facing Traffic;Stop Sign;Monday;Intersection;13;0;Two-Way, Divided, Unprotected Median;2 lanes;0;#NULL!;#NULL!;Smooth Asphalt;#NULL!;No Special Feature;Head-On;Local Street;C: Possible Injury;Durham;70+;Cloudy;#NULL!;31-35 mph;30 - 35  MPH;2012;Daylight;70+
35.9968071162, -78.9143027037;"{""type"": ""Point"", ""coordinates"": [-78.91430270367454, 35.996807116212906]}";White;Durham;Travel Lane;2;7;Urban (>70% Developed);Male;Passenger Car;0;#NULL!;0;0;White;No;0;25-29;Motorist Drive Out - Sign-Controlled Intersection;None;No;No;Dry;0;Urban;No;18OCT2012;0;7:30;Female;No;Residential;C: Possible Injury;No;O: No Injury;2576;October;0;Straight - Level;Piedmont;With Traffic;Stop Sign;Thursday;Intersection;27;0;Two-Way, Not Divided;2 lanes;0;#NULL!;#NULL!;Smooth Asphalt;#NULL!;No Special Feature;Motorist Failed to Yield - Sign-Controlled Intersection;Local Street;C: Possible Injury;Durham;26;Cloudy;#NULL!;0-5 mph;30 - 35  MPH;2012;Daylight;25-29
35.8830671572, -77.0256021228;"{""type"": ""Point"", ""coordinates"": [-77.02560212276954, 35.88306715722736]}";Black;None - Rural Crash;Travel Lane;2;17;Rural (<30% Developed);Male;Pickup;0;#NULL!;0;0;White;No;0;40-49;Motorist Overtaking - Other / Unknown;None;No;No;Dry;0;Rural;No;16OCT2012;0;17:27;Male;No;Farms, Woods, Pastures;K: Killed;Yes;O: No Injury;2577;October;0;Straight - Level;Coastal;With Traffic;No Control Present;Tuesday;Non-Intersection;40;0;Two-Way, Divided, Unprotected Median;4 lanes;0;#NULL!;#NULL!;Coarse Asphalt;#NULL!;No Special Feature;Motorist Overtaking Bicyclist;US Route;K: Killed;Bertie;28;Clear;#NULL!;61-65 mph;50 - 55  MPH;2012;Daylight;25-29
35.78050708, -78.6223026034;"{""type"": ""Point"", ""coordinates"": [-78.62230260344614, 35.780507080022325]}";Black;Raleigh;Travel Lane;2;6;Mixed (30% To 70% Developed);Male;Passenger Car;0;#NULL!;0;0;White;No;0;50-59;Signalized Intersection - Other / Unknown;None;No;No;Wet;0;Urban;No;29OCT2012;0;6:43;Male;No;Commercial;C: Possible Injury;Yes;O: No Injury;2580;October;0;Straight - Level;Piedmont;With Traffic;Stop And Go Signal;Monday;Intersection;54;0;One-Way, Not Divided;3 lanes;0;#NULL!;#NULL!;Smooth Asphalt;#NULL!;No Special Feature;Crossing Paths - Other Circumstances;Local Street;C: Possible Injury;Wake;62;Rain;#NULL!;11-15 mph;30 - 35  MPH;2012;Dark - Lighted Roadway;60-69
36.0664070986, -79.8055029776;"{""type"": ""Point"", ""coordinates"": [-79.80550297756947, 36.06640709857773]}";White;Greensboro;Travel Lane;2;12;Urban (>70% Developed);Male;Passenger Car;0;#NULL!;0;0;White;No;0;25-29;Bicyclist Turning Error - Right Turn;None;No;No;Dry;0;Urban;No;25OCT2012;0;12:20;Female;No;Institutional;O: No Injury;No;O: No Injury;2585;October;0;Straight - Level;Piedmont;With Traffic;Stop And Go Signal;Thursday;Intersection;26;0;Two-Way, Not Divided;2 lanes;0;#NULL!;#NULL!;Smooth Asphalt;#NULL!;Four-Way Intersection;Loss of Control / Turning Error;Local Street;O: No Injury;Guilford;21;Clear;#NULL!;0-5 mph;20 - 25  MPH;2012;Daylight;20-24
35.0463169138, -78.8654026387;"{""type"": ""Point"", ""coordinates"": [-78.86540263872577, 35.046316913765175]}";White;Fayetteville;Travel Lane;2;16;Urban (>70% Developed);Female;Passenger Car;0;#NULL!;0;0;White;No;0;50-59;Motorist Drive Out - Commercial Driveway / Alley;None;No;No;Dry;0;Urban;No;24OCT2012;0;16:18;Male;No;Commercial;C: Possible Injury;Yes;O: No Injury;2587;October;0;Straight - Level;Coastal;Facing Traffic;No Control Present;Wednesday;Non-Intersection;56;0;Two-Way, Not Divided;6 lanes;0;#NULL!;#NULL!;Smooth Asphalt;#NULL!;No Special Feature;Motorist Failed to Yield - Midblock;Local Street;C: Possible Injury;Cumberland;28;Clear;#NULL!;0-5 mph;30 - 35  MPH;2012;Daylight;25-29
36.0652870985, -79.8128029788;"{""type"": ""Point"", ""coordinates"": [-79.81280297878492, 36.06528709845285]}";White;Greensboro;Bike Lane / Paved Shoulder;2;10;Urban (>70% Developed);Male;Passenger Car;0;#NULL!;0;0;White;No;0;20-24;Motorist Right Turn - Same Direction;None;No;No;Dry;0;Urban;No;18OCT2012;0;10:33;Female;No;Institutional;C: Possible Injury;No;O: No Injury;2590;October;0;Straight - Level;Piedmont;With Traffic;Stop Sign;Thursday;Intersection;21;0;Two-Way, Divided, Positive Median Barrier;2 lanes;0;#NULL!;#NULL!;Smooth Asphalt;#NULL!;No Special Feature;Motorist Right Turn / Merge;Local Street;C: Possible Injury;Guilford;19;Clear;#NULL!;21-25 mph;20 - 25  MPH;2012;Daylight;0-19
34.8162769102, -77.4584022022;"{""type"": ""Point"", ""coordinates"": [-77.45840220222023, 34.816276910157974]}";White;None - Rural Crash;Travel Lane;2;18;Rural (<30% Developed);Male;Passenger Car;0;#NULL!;0;0;Black;No;0;50-59;Motorist Overtaking - Other / Unknown;None;No;No;Dry;0;Rural;No;01NOV2012;0;18:04;Male;No;Residential;B: Evident Injury;Yes;O: No Injury;2592;November;0;Straight - Level;Coastal;With Traffic;Double Yellow Line, No Passing Zone;Thursday;Non-Intersection;50;0;Two-Way, Not Divided;2 lanes;0;#NULL!;#NULL!;Coarse Asphalt;#NULL!;No Special Feature;Motorist Overtaking Bicyclist;State Secondary Route;B: Evident Injury;Onslow;30;Clear;#NULL!;26-30 mph;30 - 35  MPH;2012;Daylight;30-39
34.8097768932, -77.9433023492;"{""type"": ""Point"", ""coordinates"": [-77.94330234921327, 34.809776893164276]}";Black;None - Rural Crash;Travel Lane;2;19;Rural (<30% Developed);Male;Unknown;0;#NULL!;0;0;White;No;0;60-69;Motorist Overtaking - Undetected Bicyclist;None;Yes;Yes;Wet;0;Rural;Yes;09OCT2012;0;19:02;Male;Yes;Farms, Woods, Pastures;K: Killed;Yes;O: No Injury;2594;October;0;Straight - Level;Coastal;With Traffic;No Control Present;Tuesday;Non-Intersection;61;0;Two-Way, Not Divided;2 lanes;0;#NULL!;#NULL!;Coarse Asphalt;#NULL!;No Special Feature;Motorist Overtaking Bicyclist;NC Route;K: Killed;Duplin;35;Rain;#NULL!;51-55 mph;50 - 55  MPH;2012;Dawn;30-39
36.1315671124, -79.7965029784;"{""type"": ""Point"", ""coordinates"": [-79.7965029784305, 36.13156711239631]}";White;Greensboro;Sidewalk / Crosswalk / Driveway Crossing;2;20;Urban (>70% Developed);Male;Passenger Car;0;#NULL!;0;0;Unknown/Missing;No;0;40-49;Motorist Drive Out - Commercial Driveway / Alley;None;No;No;Dry;0;Urban;Yes;02JUN2012;0;20:09;Unknown;No;Commercial;B: Evident Injury;Yes;Unknown Injury;2596;June;0;Straight - Hillcrest;Piedmont;Facing Traffic;No Control Present;Saturday;Non-Intersection;46;0;Unknown;Unknown;0;#NULL!;#NULL!;Coarse Asphalt;#NULL!;Driveway, Public;Motorist Failed to Yield - Midblock;Public Vehicular Area;B: Evident Injury;Guilford;Unknown;Clear;#NULL!;6-10 mph;5 - 15 MPH;2012;Daylight;Unknown
35.7855170805, -78.6607026157;"{""type"": ""Point"", ""coordinates"": [-78.66070261573776, 35.785517080481746]}";White;Raleigh;Bike Lane / Paved Shoulder;2;15;Urban (>70% Developed);Male;Passenger Car;0;#NULL!;0;0;White;No;0;25-29;Motorist Drive In / Out - Parking;None;No;No;Dry;0;Urban;No;02NOV2012;0;15:10;Male;No;Commercial;O: No Injury;Yes;O: No Injury;2602;November;0;Straight - Level;Piedmont;With Traffic;No Control Present;Friday;Intersection-Related;25;0;Two-Way, Divided, Unprotected Median;2 lanes;0;#NULL!;#NULL!;Smooth Asphalt;#NULL!;No Special Feature;Parking / Bus-Related;Local Street;O: No Injury;Wake;39;Clear;#NULL!;16-20 mph;20 - 25  MPH;2012;Daylight;30-39
35.6139970897, -77.3142021979;"{""type"": ""Point"", ""coordinates"": [-77.31420219794826, 35.61399708971087]}";Black;None - Rural Crash;Travel Lane;2;19;Rural (<30% Developed);Male;Passenger Car;0;#NULL!;0;0;White;No;0;20-24;Motorist Overtaking - Undetected Bicyclist;None;No;No;Dry;0;Rural;No;08NOV2012;0;19:46;Male;No;Farms, Woods, Pastures;C: Possible Injury;Yes;O: No Injury;2609;November;0;Straight - Level;Coastal;With Traffic;No Control Present;Thursday;Non-Intersection;23;0;Two-Way, Not Divided;2 lanes;0;#NULL!;#NULL!;Coarse Asphalt;#NULL!;No Special Feature;Motorist Overtaking Bicyclist;State Secondary Route;C: Possible Injury;Pitt;43;Clear;#NULL!;41-45 mph;50 - 55  MPH;2012;Dark - Roadway Not Lighted;40-49
35.3835068826, -81.7356035163;"{""type"": ""Point"", ""coordinates"": [-81.73560351631365, 35.38350688261847]}";White;None - Rural Crash;Travel Lane;2;18;Rural (<30% Developed);Male;Pickup;0;#NULL!;0;0;Unknown/Missing;No;0;16-19;Motorist Overtaking - Other / Unknown;None;No;No;Dry;0;Rural;Yes;09NOV2012;0;18:10;Unknown;Missing;Farms, Woods, Pastures;B: Evident Injury;Yes;Unknown Injury;2611;November;0;Straight - Level;Mountains;With Traffic;Double Yellow Line, No Passing Zone;Friday;Non-Intersection;16;0;Two-Way, Not Divided;2 lanes;0;#NULL!;#NULL!;Coarse Asphalt;#NULL!;No Special Feature;Motorist Overtaking Bicyclist;State Secondary Route;B: Evident Injury;Rutherford;Unknown;Clear;#NULL!;6-10 mph;50 - 55  MPH;2012;Dark - Roadway Not Lighted;Unknown