Geo Point;Geo Shape;BikeRace;City;BikePos;NumUnits;CrashHour;Locality;BikeSex;DrvrVehTyp;NumBikesNo;BikeAlcDrg;NumBikesBI;RteInvdCd;DrvrRace;Workzone;NumBikesCi;BikeAgeGrp;CrashType;RdDefects;CrashAlcoh;BikeAlcoho;RdConditio;DstncMiFrm;RuralUrban;HitRun;CrashDate;NumBikesUI;CrashTime;DrvrSex;DrvrAlcoho;Developmen;CrashSevr;AmbulanceR;DrvrInjury;OBJECTID;CrashMonth;NumBikesKi;RdCharacte;Region;BikeDir;TraffCntrl;CrashDay;CrashLoc;BikeAge;NumBikesTo;RdConfig;NumLanes;NumBikesAI;DrvrAlcDrg;OnRoad;RdSurface;Towrd_Rd;RdFeature;CrashGrp;RdClass;BikeInjury;County;DrvrAge;Weather;FrmRd;DrvrEstSpd;SpeedLimit;CrashYear;LightCond;DrvrAgeGrp
36.0216171204, -78.9361027115;"{""type"": ""Point"", ""coordinates"": [-78.93610271148528, 36.02161712041863]}";White;Durham;Travel Lane;2;14;Urban (>70% Developed);Male;Van;0;#NULL!;0;0;Unknown/Missing;No;0;40-49;Motorist Overtaking - Misjudged Space;None;No;No;Dry;0;Urban;Yes;12JAN2011;0;14:29;Unknown;Missing;Commercial;O: No Injury;No;Unknown Injury;2774;January;0;Straight - Level;Piedmont;Facing Traffic;Stop And Go Signal;Wednesday;Intersection;46;0;Two-Way, Not Divided;2 lanes;0;#NULL!;#NULL!;Coarse Asphalt;#NULL!;T-Intersection;Motorist Overtaking Bicyclist;Local Street;O: No Injury;Durham;Unknown;Clear;#NULL!;31-35 mph;30 - 35  MPH;2011;Daylight;Unknown
36.0621770954, -79.8600029929;"{""type"": ""Point"", ""coordinates"": [-79.8600029928659, 36.06217709542669]}";White;Greensboro;Travel Lane;2;16;Urban (>70% Developed);Male;Passenger Car;0;#NULL!;0;0;White;No;0;30-39;Motorist Overtaking - Undetected Bicyclist;None;No;No;Dry;0;Urban;No;03JAN2011;0;16:23;Male;No;Commercial;C: Possible Injury;Yes;O: No Injury;2775;January;0;Curve - Level;Piedmont;With Traffic;No Control Present;Monday;Non-Intersection;36;0;Two-Way, Divided, Positive Median Barrier;6 lanes;0;#NULL!;#NULL!;Smooth Asphalt;#NULL!;On or Off Ramp;Motorist Overtaking Bicyclist;Local Street;C: Possible Injury;Guilford;69;Clear;#NULL!;11-15 mph;40 - 45  MPH;2011;Daylight;60-69
34.6475668198, -79.0548026767;"{""type"": ""Point"", ""coordinates"": [-79.05480267668096, 34.6475668198486]}";Native American;None - Rural Crash;Travel Lane;2;12;Rural (<30% Developed);Female;Passenger Car;0;#NULL!;0;0;White;No;0;6-10;Non-Roadway;None;No;No;Dry;0;Rural;No;17JAN2011;0;12:10;Male;No;Residential;B: Evident Injury;Yes;O: No Injury;2777;January;0;Straight - Level;Coastal;Not Applicable;No Control Present;Monday;Non-Roadway;9;0;Two-Way, Not Divided;2 lanes;0;#NULL!;#NULL!;Coarse Asphalt;#NULL!;Driveway, Private;Non-Roadway;State Secondary Route;B: Evident Injury;Robeson;66;Clear;#NULL!;6-10 mph;50 - 55  MPH;2011;Daylight;60-69
35.6181370522, -78.4240025356;"{""type"": ""Point"", ""coordinates"": [-78.42400253555634, 35.61813705217414]}";Hispanic;None - Rural Crash;Travel Lane;2;19;Mixed (30% To 70% Developed);Male;Pickup;0;#NULL!;0;0;White;No;0;30-39;Motorist Overtaking - Undetected Bicyclist;None;No;No;Dry;0;Rural;No;21JAN2011;0;19:18;Male;No;Commercial;A: Disabling Injury;Yes;O: No Injury;2778;January;0;Curve - Level;Coastal;With Traffic;No Control Present;Friday;Non-Intersection;36;0;Two-Way, Divided, Unprotected Median;4 lanes;0;#NULL!;#NULL!;Smooth Asphalt;#NULL!;No Special Feature;Motorist Overtaking Bicyclist;US Route;A: Disabling Injury;Johnston;40;Clear;#NULL!;51-55 mph;50 - 55  MPH;2011;Dark - Roadway Not Lighted;40-49
35.7917470812, -78.6628026167;"{""type"": ""Point"", ""coordinates"": [-78.66280261672625, 35.791747081209294]}";White;Raleigh;Travel Lane;2;13;Urban (>70% Developed);Male;Passenger Car;0;#NULL!;0;0;White;No;0;20-24;Motorist Right Turn - Same Direction;None;No;No;Dry;0;Urban;No;05JAN2011;0;13:59;Female;No;Commercial;B: Evident Injury;No;O: No Injury;2784;January;0;Straight - Level;Piedmont;With Traffic;No Control Present;Wednesday;Non-Intersection;21;0;Two-Way, Divided, Unprotected Median;5 lanes;0;#NULL!;#NULL!;Smooth Asphalt;#NULL!;No Special Feature;Motorist Right Turn / Merge;Local Street;B: Evident Injury;Wake;59;Clear;#NULL!;26-30 mph;30 - 35  MPH;2011;Daylight;50-59
36.0718170833, -80.2394031079;"{""type"": ""Point"", ""coordinates"": [-80.23940310794876, 36.07181708325281]}";White;Winston-Salem;Travel Lane;2;19;Urban (>70% Developed);Male;Passenger Car;0;#NULL!;0;0;White;No;0;30-39;Motorist Left Turn - Opposite Direction;None;No;No;Dry;0;Urban;No;24JAN2011;0;19:21;Male;No;Commercial;B: Evident Injury;No;O: No Injury;2789;January;0;Straight - Grade;Piedmont;With Traffic;Stop And Go Signal;Monday;Intersection;38;0;Two-Way, Not Divided;2 lanes;0;#NULL!;#NULL!;Smooth Asphalt;#NULL!;Four-Way Intersection;Motorist Left Turn / Merge;Local Street;B: Evident Injury;Forsyth;25;Clear;#NULL!;6-10 mph;30 - 35  MPH;2011;Dark - Lighted Roadway;25-29
35.2029468809, -80.7388032095;"{""type"": ""Point"", ""coordinates"": [-80.738803209492, 35.20294688087208]}";White;Charlotte;Sidewalk / Crosswalk / Driveway Crossing;2;9;Urban (>70% Developed);Male;Sport Utility;0;#NULL!;0;0;Hispanic;No;0;16-19;Motorist Drive Out - Commercial Driveway / Alley;None;No;No;Wet;0;Urban;No;02FEB2011;0;9:24;Male;No;Commercial;C: Possible Injury;Yes;O: No Injury;2793;February;0;Straight - Level;Piedmont;Facing Traffic;No Control Present;Wednesday;Non-Intersection;18;0;Two-Way, Not Divided;Unknown;0;#NULL!;#NULL!;Concrete;#NULL!;Driveway, Public;Motorist Failed to Yield - Midblock;Public Vehicular Area;C: Possible Injury;Mecklenburg;47;Clear;#NULL!;0-5 mph;20 - 25  MPH;2011;Daylight;40-49
34.3992668123, -77.6495022402;"{""type"": ""Point"", ""coordinates"": [-77.64950224023501, 34.39926681228215]}";White;Hampstead;Travel Lane;2;9;Urban (>70% Developed);Male;Passenger Car;0;#NULL!;0;0;Unknown/Missing;No;0;70+;Motorist Overtaking - Misjudged Space;None;No;No;Dry;0;Rural;Yes;07FEB2011;0;9:00;Unknown;No;Residential;B: Evident Injury;No;Unknown Injury;2797;February;0;Straight - Level;Coastal;With Traffic;No Control Present;Monday;Non-Intersection;70+;0;Two-Way, Not Divided;2 lanes;0;#NULL!;#NULL!;Coarse Asphalt;#NULL!;No Special Feature;Motorist Overtaking Bicyclist;Local Street;B: Evident Injury;Pender;Unknown;Clear;#NULL!;Unknown;Unknown;2011;Daylight;Unknown
35.9615271061, -78.9769027214;"{""type"": ""Point"", ""coordinates"": [-78.97690272141507, 35.96152710610348]}";White;Durham;Bike Lane / Paved Shoulder;2;18;Urban (>70% Developed);Male;Sport Utility;0;#NULL!;0;0;Unknown/Missing;No;0;25-29;Motorist Overtaking - Other / Unknown;None;No;No;Dry;0;Urban;Yes;15FEB2011;0;18:30;Unknown;Missing;Commercial;B: Evident Injury;Yes;Unknown Injury;2802;February;0;Straight - Level;Piedmont;With Traffic;No Control Present;Tuesday;Non-Intersection;27;0;Two-Way, Divided, Unprotected Median;Unknown;0;#NULL!;#NULL!;Smooth Asphalt;#NULL!;No Special Feature;Motorist Overtaking Bicyclist;Local Street;B: Evident Injury;Durham;Unknown;Clear;#NULL!;41-45 mph;40 - 45  MPH;2011;Daylight;Unknown
35.7744370791, -78.6215026033;"{""type"": ""Point"", ""coordinates"": [-78.62150260329186, 35.77443707909146]}";Black;Raleigh;Travel Lane;2;12;Mixed (30% To 70% Developed);Male;School Bus;0;#NULL!;0;0;Black;No;0;40-49;Bicyclist Ride Through - Sign-Controlled Intersection;None;No;No;Dry;0;Urban;No;20JAN2011;0;12:59;Female;No;Commercial;K: Killed;Yes;O: No Injury;2807;January;0;Straight - Grade;Piedmont;With Traffic;Stop And Go Signal;Thursday;Intersection;48;0;Two-Way, Divided, Unprotected Median;4 lanes;0;#NULL!;#NULL!;Smooth Asphalt;#NULL!;Driveway, Public;Bicyclist Failed to Yield - Sign-Controlled Intersection;Local Street;K: Killed;Wake;57;Clear;#NULL!;11-15 mph;40 - 45  MPH;2011;Daylight;50-59
35.2138468829, -80.7558032154;"{""type"": ""Point"", ""coordinates"": [-80.7558032154044, 35.21384688285407]}";Hispanic;Charlotte;Travel Lane;2;14;Urban (>70% Developed);Male;Sport Utility;0;#NULL!;0;0;Black;No;0;20-24;Multiple Threat - Midblock;None;No;No;Dry;0;Urban;No;09FEB2011;0;14:15;Male;No;Commercial;B: Evident Injury;Yes;O: No Injury;2814;February;0;Straight - Level;Piedmont;Not Applicable;No Control Present;Wednesday;Non-Intersection;20;0;Two-Way, Divided, Positive Median Barrier;4 lanes;0;#NULL!;#NULL!;Smooth Asphalt;#NULL!;No Special Feature;Bicyclist Failed to Yield - Midblock;Local Street;B: Evident Injury;Mecklenburg;35;Clear;#NULL!;31-35 mph;30 - 35  MPH;2011;Daylight;30-39
36.0375571243, -78.9355027129;"{""type"": ""Point"", ""coordinates"": [-78.93550271292712, 36.037557124276404]}";Hispanic;Durham;Sidewalk / Crosswalk / Driveway Crossing;2;18;Urban (>70% Developed);Male;Sport Utility;0;#NULL!;0;0;White;Yes;0;20-24;Motorist Drive Out - Right Turn on Red;None;No;No;Dry;0;Urban;No;24FEB2011;0;18:46;Male;No;Residential;C: Possible Injury;Yes;O: No Injury;2815;February;0;Straight - Level;Piedmont;Facing Traffic;Stop And Go Signal;Thursday;Intersection;24;0;Two-Way, Not Divided;3 lanes;0;#NULL!;#NULL!;Coarse Asphalt;#NULL!;Four-Way Intersection;Motorist Failed to Yield - Signalized Intersection;Local Street;C: Possible Injury;Durham;70+;Clear;#NULL!;0-5 mph;30 - 35  MPH;2011;Dark - Roadway Not Lighted;70+
35.9975871166, -78.8985026996;"{""type"": ""Point"", ""coordinates"": [-78.89850269960178, 35.997587116631394]}";Black;Durham;Sidewalk / Crosswalk / Driveway Crossing;2;21;Urban (>70% Developed);Male;Passenger Car;0;#NULL!;0;0;White;No;0;40-49;Bicyclist Ride Through - Signalized Intersection;None;Yes;Yes;Wet;0;Urban;No;24FEB2011;0;21:49;Male;No;Commercial;C: Possible Injury;No;O: No Injury;2818;February;0;Straight - Level;Piedmont;With Traffic;Stop And Go Signal;Thursday;Intersection;46;0;One-Way, Not Divided;2 lanes;0;#NULL!;#NULL!;Smooth Asphalt;#NULL!;No Special Feature;Bicyclist Failed to Yield - Signalized Intersection;Local Street;C: Possible Injury;Durham;43;Cloudy;#NULL!;0-5 mph;20 - 25  MPH;2011;Dark - Lighted Roadway;40-49
35.2270968819, -80.8431032414;"{""type"": ""Point"", ""coordinates"": [-80.84310324139133, 35.22709688189618]}";White;Charlotte;Travel Lane;2;9;Urban (>70% Developed);Male;Passenger Car;0;#NULL!;0;0;Other;No;0;60-69;Motorist Left Turn - Opposite Direction;None;No;No;Dry;0;Urban;No;23FEB2011;0;9:34;Female;No;Commercial;C: Possible Injury;Yes;O: No Injury;2832;February;0;Straight - Level;Piedmont;With Traffic;Stop And Go Signal;Wednesday;Intersection;60;0;Two-Way, Divided, Unprotected Median;4 lanes;0;#NULL!;#NULL!;Smooth Asphalt;#NULL!;No Special Feature;Motorist Left Turn / Merge;Local Street;C: Possible Injury;Mecklenburg;23;Cloudy;#NULL!;0-5 mph;30 - 35  MPH;2011;Daylight;20-24
35.9031471443, -77.551402285;"{""type"": ""Point"", ""coordinates"": [-77.55140228497862, 35.90314714426695]}";Black;Tarboro;Unknown;2;18;Urban (>70% Developed);Female;Passenger Car;0;#NULL!;0;0;Black;No;0;40-49;Bicyclist Ride Out - Parallel Path;None;No;No;Wet;0;Urban;No;10MAR2011;0;18:47;Male;No;Residential;B: Evident Injury;Yes;O: No Injury;2849;March;0;Straight - Level;Coastal;With Traffic;No Control Present;Thursday;Non-Intersection;47;0;Two-Way, Not Divided;5 lanes;0;#NULL!;#NULL!;Smooth Asphalt;#NULL!;No Special Feature;Parallel Paths - Other Circumstances;Local Street;B: Evident Injury;Edgecombe;22;Rain;#NULL!;31-35 mph;30 - 35  MPH;2011;Dark - Lighted Roadway;20-24
35.7727470784, -78.6336026068;"{""type"": ""Point"", ""coordinates"": [-78.63360260682344, 35.772747078412294]}";Black;Raleigh;Travel Lane;2;9;Urban (>70% Developed);Male;Passenger Car;0;#NULL!;0;0;Black;No;0;60-69;Motorist Drive Out - Commercial Driveway / Alley;None;No;No;Dry;0;Urban;No;21FEB2011;0;9:10;Male;No;Residential;B: Evident Injury;Yes;O: No Injury;2855;February;0;Straight - Hillcrest;Piedmont;With Traffic;Stop And Go Signal;Monday;Non-Intersection;60;0;One-Way, Not Divided;3 lanes;0;#NULL!;#NULL!;Smooth Asphalt;#NULL!;No Special Feature;Motorist Failed to Yield - Midblock;Local Street;B: Evident Injury;Wake;20;Clear;#NULL!;6-10 mph;30 - 35  MPH;2011;Daylight;20-24
36.0150570841, -79.896803002;"{""type"": ""Point"", ""coordinates"": [-79.8968030019959, 36.01505708405699]}";White;Greensboro;Travel Lane;2;14;Urban (>70% Developed);Male;Passenger Car;0;#NULL!;0;0;White;No;0;40-49;Motorist Overtaking - Other / Unknown;None;No;No;Dry;0;Urban;No;13MAR2011;0;14:35;Male;No;Commercial;B: Evident Injury;Yes;O: No Injury;2858;March;0;Straight - Level;Piedmont;With Traffic;Stop And Go Signal;Sunday;Intersection-Related;48;0;Two-Way, Not Divided;3 lanes;0;#NULL!;#NULL!;Smooth Asphalt;#NULL!;Related To Intersection;Motorist Overtaking Bicyclist;Local Street;B: Evident Injury;Guilford;18;Clear;#NULL!;11-15 mph;40 - 45  MPH;2011;Daylight;0-19
35.811767081, -78.7948026573;"{""type"": ""Point"", ""coordinates"": [-78.79480265734405, 35.8117670810097]}";White;Cary;Travel Lane;2;17;Urban (>70% Developed);Male;Passenger Car;0;#NULL!;0;0;White;No;0;50-59;Motorist Left Turn - Opposite Direction;None;No;No;Dry;0;Urban;No;23MAR2011;0;17:32;Female;No;Residential;C: Possible Injury;Yes;O: No Injury;2862;March;0;Straight - Level;Piedmont;With Traffic;Stop And Go Signal;Wednesday;Intersection;59;0;Two-Way, Not Divided;5 lanes;0;#NULL!;#NULL!;Smooth Asphalt;#NULL!;Four-Way Intersection;Motorist Left Turn / Merge;State Secondary Route;C: Possible Injury;Wake;23;Clear;#NULL!;6-10 mph;20 - 25  MPH;2011;Daylight;20-24
35.4642469338, -80.811003245;"{""type"": ""Point"", ""coordinates"": [-80.81100324497308, 35.464246933845885]}";White;Davidson;Travel Lane;2;14;Mixed (30% To 70% Developed);Male;Passenger Car;0;#NULL!;0;0;White;No;0;70+;Motorist Drive Out - Sign-Controlled Intersection;None;No;No;Dry;0;Urban;No;19MAR2011;0;14:27;Female;No;Residential;B: Evident Injury;No;O: No Injury;2868;March;0;Straight - Level;Piedmont;With Traffic;Double Yellow Line, No Passing Zone;Saturday;Intersection;70+;0;Two-Way, Divided, Unprotected Median;3 lanes;0;#NULL!;#NULL!;Smooth Asphalt;#NULL!;No Special Feature;Motorist Failed to Yield - Sign-Controlled Intersection;Local Street;B: Evident Injury;Mecklenburg;49;Clear;#NULL!;6-10 mph;20 - 25  MPH;2011;Daylight;40-49
35.2281468852, -80.7753032221;"{""type"": ""Point"", ""coordinates"": [-80.77530322210595, 35.22814688519268]}";Hispanic;Charlotte;Sidewalk / Crosswalk / Driveway Crossing;2;19;Urban (>70% Developed);Male;Sport Utility;0;#NULL!;0;0;White;No;0;11-15;Motorist Drive Out - Right Turn on Red;None;No;No;Dry;0;Urban;No;19MAR2011;0;19:58;Male;No;Residential;C: Possible Injury;Yes;O: No Injury;2873;March;0;Straight - Level;Piedmont;Facing Traffic;Stop And Go Signal;Saturday;Intersection;14;0;Two-Way, Divided, Unprotected Median;2 lanes;0;#NULL!;#NULL!;Smooth Asphalt;#NULL!;No Special Feature;Motorist Failed to Yield - Signalized Intersection;Local Street;C: Possible Injury;Mecklenburg;Unknown;Cloudy;#NULL!;0-5 mph;30 - 35  MPH;2011;Dark - Lighted Roadway;Unknown
35.6570470957, -77.4078022278;"{""type"": ""Point"", ""coordinates"": [-77.40780222775739, 35.65704709565101]}";Hispanic;None - Rural Crash;Travel Lane;2;20;Urban (>70% Developed);Male;Sport Utility;0;#NULL!;0;0;Black;No;0;20-24;Head-On - Bicyclist;None;No;No;Dry;0;Rural;No;24MAR2011;0;20:21;Male;No;Residential;K: Killed;Yes;O: No Injury;2879;March;0;Straight - Level;Coastal;Facing Traffic;No Control Present;Thursday;Non-Intersection;22;0;Two-Way, Not Divided;2 lanes;0;#NULL!;#NULL!;Coarse Asphalt;#NULL!;No Special Feature;Head-On;NC Route;K: Killed;Pitt;20;Clear;#NULL!;41-45 mph;40 - 45  MPH;2011;Dark - Roadway Not Lighted;20-24
35.8707071026, -78.5255025798;"{""type"": ""Point"", ""coordinates"": [-78.52550257984626, 35.87070710262007]}";White;Raleigh;Travel Lane;2;17;Urban (>70% Developed);Male;Sport Utility;0;#NULL!;0;0;White;No;0;6-10;Bicyclist Left Turn - Opposite Direction;None;No;No;Dry;0;Urban;No;05MAR2011;0;17:02;Female;No;Residential;C: Possible Injury;Yes;O: No Injury;2887;March;0;Curve - Grade;Piedmont;With Traffic;No Control Present;Saturday;Non-Intersection;10;0;Two-Way, Not Divided;2 lanes;0;#NULL!;#NULL!;Smooth Asphalt;#NULL!;No Special Feature;Bicyclist Left Turn / Merge;Local Street;C: Possible Injury;Wake;23;Clear;#NULL!;21-25 mph;20 - 25  MPH;2011;Daylight;20-24
34.817576854, -79.1573027161;"{""type"": ""Point"", ""coordinates"": [-79.15730271606526, 34.81757685402665]}";Hispanic;None - Rural Crash;Travel Lane;2;15;Rural (<30% Developed);Male;Pickup;0;#NULL!;0;0;Native American;No;0;11-15;Bicyclist Left Turn - Same Direction;None;No;No;Dry;0;Rural;No;01APR2011;0;15:33;Male;No;Farms, Woods, Pastures;B: Evident Injury;Yes;O: No Injury;2890;April;0;Straight - Level;Coastal;With Traffic;No Control Present;Friday;Non-Intersection;12;0;Two-Way, Not Divided;2 lanes;0;#NULL!;#NULL!;Coarse Asphalt;#NULL!;No Special Feature;Bicyclist Left Turn / Merge;State Secondary Route;B: Evident Injury;Robeson;70+;Clear;#NULL!;51-55 mph;50 - 55  MPH;2011;Daylight;70+
35.9832171128, -78.9307027082;"{""type"": ""Point"", ""coordinates"": [-78.93070270821289, 35.98321711282776]}";White;Durham;Travel Lane;2;7;Urban (>70% Developed);Male;School Bus;0;#NULL!;0;0;Black;No;0;30-39;Motorist Right Turn - Same Direction;None;No;No;Dry;0;Urban;No;04APR2011;0;7:27;Male;No;Residential;O: No Injury;No;O: No Injury;2891;April;0;Straight - Level;Piedmont;With Traffic;No Control Present;Monday;Intersection;31;0;Two-Way, Not Divided;2 lanes;0;#NULL!;#NULL!;Smooth Asphalt;#NULL!;No Special Feature;Motorist Right Turn / Merge;Local Street;O: No Injury;Durham;68;Clear;#NULL!;31-35 mph;30 - 35  MPH;2011;Daylight;60-69
36.2025270568, -81.6643035416;"{""type"": ""Point"", ""coordinates"": [-81.66430354160885, 36.2025270567892]}";White;Boone;Sidewalk / Crosswalk / Driveway Crossing;2;20;Mixed (30% To 70% Developed);Male;Sport Utility;0;#NULL!;0;0;White;No;0;16-19;Motorist Drive Out - Sign-Controlled Intersection;None;No;No;Wet;0;Urban;No;31MAR2011;0;20:26;Female;No;Commercial;O: No Injury;No;O: No Injury;2895;March;0;Straight - Level;Mountains;Facing Traffic;Stop Sign;Thursday;Intersection;19;0;Two-Way, Not Divided;3 lanes;0;#NULL!;#NULL!;Smooth Asphalt;#NULL!;T-Intersection;Motorist Failed to Yield - Sign-Controlled Intersection;Local Street;O: No Injury;Watauga;21;Rain;#NULL!;6-10 mph;20 - 25  MPH;2011;Dark - Roadway Not Lighted;20-24
35.7806370796, -78.6457026111;"{""type"": ""Point"", ""coordinates"": [-78.64570261110325, 35.78063707963658]}";Black;Raleigh;Travel Lane;2;20;Urban (>70% Developed);Male;Passenger Car;0;#NULL!;0;0;White;No;0;40-49;Motorist Overtaking - Undetected Bicyclist;None;Yes;Yes;Dry;0;Urban;No;27MAR2011;0;20:32;Male;No;Commercial;B: Evident Injury;Yes;O: No Injury;2900;March;0;Straight - Level;Piedmont;With Traffic;No Control Present;Sunday;Non-Intersection;44;0;One-Way, Not Divided;5 lanes;0;#NULL!;#NULL!;Smooth Asphalt;#NULL!;No Special Feature;Motorist Overtaking Bicyclist;Local Street;B: Evident Injury;Wake;20;Clear;#NULL!;41-45 mph;40 - 45  MPH;2011;Dark - Roadway Not Lighted;20-24
35.2604568894, -80.8369032416;"{""type"": ""Point"", ""coordinates"": [-80.8369032416344, 35.260456889380734]}";White;Charlotte;Travel Lane;2;15;Urban (>70% Developed);Male;Sport Utility;0;#NULL!;0;0;Hispanic;No;0;40-49;Bicyclist Ride Through - Signalized Intersection;None;Yes;Yes;Dry;0;Urban;No;04APR2011;0;15:18;Female;No;Commercial;A: Disabling Injury;Yes;O: No Injury;2904;April;0;Straight - Level;Piedmont;With Traffic;Stop And Go Signal;Monday;Intersection;45;0;Two-Way, Divided, Unprotected Median;4 lanes;0;#NULL!;#NULL!;Smooth Asphalt;#NULL!;Four-Way Intersection;Bicyclist Failed to Yield - Signalized Intersection;Local Street;A: Disabling Injury;Mecklenburg;49;Clear;#NULL!;26-30 mph;30 - 35  MPH;2011;Daylight;40-49
36.3366372805, -76.2712019143;"{""type"": ""Point"", ""coordinates"": [-76.27120191428018, 36.33663728050584]}";White;None - Rural Crash;Travel Lane;2;15;Mixed (30% To 70% Developed);Male;Van;0;#NULL!;0;0;Black;No;0;11-15;Bicyclist Left Turn - Same Direction;None;No;No;Dry;0;Rural;No;22APR2011;0;15:10;Female;No;Residential;C: Possible Injury;Yes;O: No Injury;2923;April;0;Straight - Level;Coastal;With Traffic;No Control Present;Friday;Non-Intersection;15;0;Two-Way, Not Divided;2 lanes;0;#NULL!;#NULL!;Coarse Asphalt;#NULL!;No Special Feature;Bicyclist Left Turn / Merge;State Secondary Route;C: Possible Injury;Pasquotank;32;Clear;#NULL!;6-10 mph;20 - 25  MPH;2011;Daylight;30-39
34.6237468166, -79.0060026607;"{""type"": ""Point"", ""coordinates"": [-79.00600266070258, 34.62374681664441]}";Unknown/Missing;Lumberton;Sidewalk / Crosswalk / Driveway Crossing;2;5;Urban (>70% Developed);Unknown;Passenger Car;0;#NULL!;0;0;White;No;0;40-49;Motorist Left Turn - Same Direction;None;Yes;Yes;Dry;0;Urban;No;05APR2011;0;5:50;Male;Yes;Residential;O: No Injury;No;O: No Injury;2928;April;0;Curve - Grade;Coastal;With Traffic;No Control Present;Tuesday;Non-Intersection;47;0;Two-Way, Not Divided;Unknown;0;#NULL!;#NULL!;Grooved Concrete;#NULL!;Driveway, Public;Motorist Left Turn / Merge;Unknown;Unknown Injury;Robeson;27;Cloudy;#NULL!;0-5 mph;30 - 35  MPH;2011;Dark - Lighted Roadway;25-29
35.9318801412, -77.7983223612;"{""type"": ""Point"", ""coordinates"": [-77.79832236118133, 35.93188014121819]}";Black;Rocky Mount;Non-Roadway;2;19;Urban (>70% Developed);Female;Passenger Car;0;#NULL!;0;0;White;No;0;6-10;Non-Roadway;None;No;No;Wet;0;Urban;No;14SEP2007;0;19:06;Female;No;Residential;B: Evident Injury;Yes;O: No Injury;7243;September;0;Straight - Level;Coastal;Unknown;No Control Present;Friday;Non-Roadway;9;0;Unknown;Unknown;0;#NULL!;#NULL!;Concrete;#NULL!;Driveway, Public;Non-Roadway;Public Vehicular Area;B: Evident Injury;Edgecombe;57;Rain;#NULL!;6-10 mph;5 - 15 MPH;2007;Dusk;50-59
35.215536879, -80.8511382437;"{""type"": ""Point"", ""coordinates"": [-80.8511382436616, 35.215536879037]}";White;Charlotte;Travel Lane;2;16;Urban (>70% Developed);Male;Passenger Car;0;#NULL!;0;0;Unknown/Missing;No;0;50-59;Motorist Left Turn - Opposite Direction;None;No;No;Wet;0;Urban;Yes;29DEC2007;0;16:53;Unknown;Missing;Residential;B: Evident Injury;Yes;Unknown Injury;7251;December;0;Curve - Level;Piedmont;With Traffic;No Control Present;Saturday;Non-Intersection;51;0;Two-Way, Not Divided;2 lanes;0;#NULL!;#NULL!;Smooth Asphalt;#NULL!;No Special Feature;Motorist Left Turn / Merge;Local Street;B: Evident Injury;Mecklenburg;Unknown;Cloudy;#NULL!;Unknown;Unknown;2007;Daylight;Unknown
35.2687568909, -80.8540072472;"{""type"": ""Point"", ""coordinates"": [-80.85400724723826, 35.26875689091247]}";Black;Charlotte;Driveway / Alley;2;19;Mixed (30% To 70% Developed);Male;Passenger Car;0;#NULL!;0;0;Black;No;0;20-24;Motorist Left Turn - Opposite Direction;None;No;No;Dry;0;Urban;No;27DEC2007;0;19:57;Female;No;Commercial;O: No Injury;No;O: No Injury;7254;December;0;Straight - Level;Piedmont;Not Applicable;No Control Present;Thursday;Non-Intersection;21;0;Two-Way, Not Divided;4 lanes;0;#NULL!;#NULL!;Smooth Asphalt;#NULL!;No Special Feature;Motorist Left Turn / Merge;Local Street;O: No Injury;Mecklenburg;55;Clear;#NULL!;0-5 mph;30 - 35  MPH;2007;Dark - Lighted Roadway;50-59
35.093333921, -78.9549826682;"{""type"": ""Point"", ""coordinates"": [-78.95498266819544, 35.0933339209837]}";Black;Fayetteville;Unknown;2;19;Urban (>70% Developed);Female;Unknown;0;#NULL!;0;0;Unknown/Missing;No;0;16-19;Signalized Intersection - Other / Unknown;None;No;No;Dry;0;Urban;Yes;18SEP2007;0;19:45;Unknown;Missing;Commercial;B: Evident Injury;No;Unknown Injury;7259;September;0;Straight - Level;Coastal;Facing Traffic;Stop And Go Signal;Tuesday;Intersection;16;0;Two-Way, Divided, Positive Median Barrier;3 lanes;0;#NULL!;#NULL!;Coarse Asphalt;#NULL!;No Special Feature;Crossing Paths - Other Circumstances;Local Street;B: Evident Injury;Cumberland;Unknown;Clear;#NULL!;26-30 mph;40 - 45  MPH;2007;Daylight;Unknown
35.7697970784, -78.6145886008;"{""type"": ""Point"", ""coordinates"": [-78.61458860084439, 35.76979707835059]}";Hispanic;Raleigh;Sidewalk / Crosswalk / Driveway Crossing;2;10;Urban (>70% Developed);Female;Van;0;#NULL!;0;0;Black;No;0;30-39;Bicyclist Ride Out - Signalized  Intersection;None;No;No;Dry;0;Urban;No;18SEP2007;0;10:29;Male;No;Commercial;B: Evident Injury;Yes;O: No Injury;7260;September;0;Straight - Level;Piedmont;Not Applicable;Stop And Go Signal;Tuesday;Intersection-Related;33;0;Two-Way, Divided, Positive Median Barrier;4 lanes;0;#NULL!;#NULL!;Coarse Asphalt;#NULL!;No Special Feature;Bicyclist Failed to Yield - Signalized Intersection;Local Street;B: Evident Injury;Wake;32;Clear;#NULL!;11-15 mph;30 - 35  MPH;2007;Daylight;30-39
35.7798720797, -78.6491576116;"{""type"": ""Point"", ""coordinates"": [-78.64915761163424, 35.77987207965201]}";White;Raleigh;Travel Lane;2;23;Urban (>70% Developed);Male;Passenger Car;0;#NULL!;0;0;White;No;0;25-29;Motorist Left Turn - Opposite Direction;None;No;No;Dry;0;Urban;No;19SEP2007;0;23:12;Male;No;Residential;C: Possible Injury;Yes;O: No Injury;7263;September;0;Straight - Grade;Piedmont;With Traffic;Stop And Go Signal;Wednesday;Intersection;25;0;Two-Way, Divided, Unprotected Median;4 lanes;0;#NULL!;#NULL!;Coarse Asphalt;#NULL!;Four-Way Intersection;Motorist Left Turn / Merge;Local Street;C: Possible Injury;Wake;54;Clear;#NULL!;31-35 mph;30 - 35  MPH;2007;Dark - Lighted Roadway;50-59