Geo Point;Geo Shape;BikeRace;City;BikePos;NumUnits;CrashHour;Locality;BikeSex;DrvrVehTyp;NumBikesNo;BikeAlcDrg;NumBikesBI;RteInvdCd;DrvrRace;Workzone;NumBikesCi;BikeAgeGrp;CrashType;RdDefects;CrashAlcoh;BikeAlcoho;RdConditio;DstncMiFrm;RuralUrban;HitRun;CrashDate;NumBikesUI;CrashTime;DrvrSex;DrvrAlcoho;Developmen;CrashSevr;AmbulanceR;DrvrInjury;OBJECTID;CrashMonth;NumBikesKi;RdCharacte;Region;BikeDir;TraffCntrl;CrashDay;CrashLoc;BikeAge;NumBikesTo;RdConfig;NumLanes;NumBikesAI;DrvrAlcDrg;OnRoad;RdSurface;Towrd_Rd;RdFeature;CrashGrp;RdClass;BikeInjury;County;DrvrAge;Weather;FrmRd;DrvrEstSpd;SpeedLimit;CrashYear;LightCond;DrvrAgeGrp
36.0704771002, -79.7904929725;"{""type"": ""Point"", ""coordinates"": [-79.79049297245322, 36.07047710019337]}";White;Greensboro;Travel Lane;4;16;Urban (>70% Developed);Male;Passenger Car;0;#NULL!;0;0;White;No;0;25-29;Bicyclist Overtaking - Extended Door;None;No;No;Dry;0;Urban;Yes;19SEP2007;0;16:11;Male;No;Commercial;B: Evident Injury;No;O: No Injury;7266;September;0;Straight - Level;Piedmont;With Traffic;No Control Present;Wednesday;Non-Intersection;25;0;Two-Way, Not Divided;2 lanes;0;#NULL!;#NULL!;Smooth Asphalt;#NULL!;No Special Feature;Bicyclist Overtaking Motorist;Local Street;B: Evident Injury;Guilford;51;Clear;#NULL!;Unknown;20 - 25  MPH;2007;Daylight;50-59
35.81891709, -78.5849025949;"{""type"": ""Point"", ""coordinates"": [-78.5849025949025, 35.818917089972054]}";Black;Raleigh;Travel Lane;2;20;Urban (>70% Developed);Male;Passenger Car;0;#NULL!;0;0;Black;No;0;40-49;Motorist Drive Out - Sign-Controlled Intersection;None;No;No;Wet;0;Urban;No;20SEP2007;0;20:19;Male;No;Residential;C: Possible Injury;No;O: No Injury;7267;September;0;Straight - Level;Piedmont;With Traffic;Stop Sign;Thursday;Intersection;41;0;Two-Way, Not Divided;2 lanes;0;#NULL!;#NULL!;Smooth Asphalt;#NULL!;Four-Way Intersection;Motorist Failed to Yield - Sign-Controlled Intersection;Local Street;C: Possible Injury;Wake;41;Cloudy;#NULL!;0-5 mph;30 - 35  MPH;2007;Dark - Roadway Not Lighted;40-49
34.9868968991, -78.9044726475;"{""type"": ""Point"", ""coordinates"": [-78.9044726474882, 34.9868968990733]}";White;None - Rural Crash;Travel Lane;2;16;Mixed (30% To 70% Developed);Male;Pickup;0;#NULL!;0;0;White;No;0;11-15;Bicyclist Ride Through - Sign-Controlled Intersection;None;No;No;Dry;0;Rural;No;25SEP2007;0;16:10;Male;No;Residential;A: Disabling Injury;Yes;O: No Injury;7277;September;0;Curve - Level;Coastal;Unknown;Stop Sign;Tuesday;Intersection;14;0;Two-Way, Not Divided;2 lanes;0;#NULL!;#NULL!;Smooth Asphalt;#NULL!;Driveway, Public;Bicyclist Failed to Yield - Sign-Controlled Intersection;State Secondary Route;A: Disabling Injury;Cumberland;19;Clear;#NULL!;41-45 mph;40 - 45  MPH;2007;Daylight;0-19
34.7419918342, -79.2528867405;"{""type"": ""Point"", ""coordinates"": [-79.25288674051461, 34.741991834238945]}";Native American;None - Rural Crash;Driveway / Alley;2;17;Rural (<30% Developed);Male;Passenger Car;0;#NULL!;0;0;Native American;No;0;6-10;Bicyclist Ride Out - Midblock - Unknown;None;Yes;No;Dry;0;Rural;No;26SEP2007;0;17:30;Male;Yes;Farms, Woods, Pastures;B: Evident Injury;Yes;O: No Injury;7282;September;0;Straight - Level;Coastal;Not Applicable;Double Yellow Line, No Passing Zone;Wednesday;Non-Intersection;10;0;Two-Way, Not Divided;2 lanes;0;#NULL!;#NULL!;Coarse Asphalt;#NULL!;Driveway, Private;Bicyclist Failed to Yield - Midblock;State Secondary Route;B: Evident Injury;Robeson;21;Clear;#NULL!;51-55 mph;50 - 55  MPH;2007;Daylight;20-24
35.1538119188, -79.3850528018;"{""type"": ""Point"", ""coordinates"": [-79.38505280180429, 35.15381191877339]}";Black;Southern Pines;Unknown;2;16;Urban (>70% Developed);Male;Passenger Car;0;#NULL!;0;0;White;No;0;50-59;Bicyclist Ride Out - Midblock - Unknown;None;No;No;Dry;0;Urban;No;26SEP2007;0;16:43;Female;No;Residential;O: No Injury;No;O: No Injury;7283;September;0;Straight - Level;Piedmont;Unknown;No Control Present;Wednesday;Non-Intersection;53;0;Two-Way, Not Divided;2 lanes;0;#NULL!;#NULL!;Coarse Asphalt;#NULL!;No Special Feature;Bicyclist Failed to Yield - Midblock;Local Street;O: No Injury;Moore;70+;Clear;#NULL!;16-20 mph;30 - 35  MPH;2007;Daylight;70+
36.1727210489, -81.7170295556;"{""type"": ""Point"", ""coordinates"": [-81.71702955555766, 36.172721048935465]}";White;None - Rural Crash;Travel Lane;2;14;Rural (<30% Developed);Male;Pickup;0;#NULL!;0;0;White;No;0;60-69;Bicyclist Lost Control - Other / Unknown;None;No;No;Dry;0;Rural;No;28SEP2007;0;14:20;Male;No;Farms, Woods, Pastures;B: Evident Injury;Yes;O: No Injury;7285;September;0;Curve - Grade;Mountains;With Traffic;Double Yellow Line, No Passing Zone;Friday;Non-Intersection;69;0;Two-Way, Not Divided;2 lanes;0;#NULL!;#NULL!;Coarse Asphalt;#NULL!;No Special Feature;Loss of Control / Turning Error;State Secondary Route;B: Evident Injury;Watauga;46;Clear;#NULL!;21-25 mph;50 - 55  MPH;2007;Daylight;40-49
35.9550550675, -80.0142630336;"{""type"": ""Point"", ""coordinates"": [-80.01426303361808, 35.955055067481524]}";White;High Point;Travel Lane;2;15;Urban (>70% Developed);Female;Passenger Car;0;#NULL!;0;0;Asian;No;0;20-24;Bicyclist Ride Through - Signalized Intersection;None;No;No;Dry;0;Urban;No;28SEP2007;0;15:03;Male;No;Commercial;C: Possible Injury;Yes;O: No Injury;7286;September;0;Straight - Grade;Piedmont;With Traffic;Stop And Go Signal;Friday;Intersection;24;0;One-Way, Not Divided;3 lanes;0;#NULL!;#NULL!;Smooth Asphalt;#NULL!;Four-Way Intersection;Bicyclist Failed to Yield - Signalized Intersection;Local Street;C: Possible Injury;Guilford;38;Clear;#NULL!;16-20 mph;30 - 35  MPH;2007;Daylight;30-39
35.361021849, -82.4896937378;"{""type"": ""Point"", ""coordinates"": [-82.48969373776112, 35.361021848984095]}";White;None - Rural Crash;Travel Lane;2;14;Urban (>70% Developed);Female;Passenger Car;0;#NULL!;0;0;White;No;0;11-15;Bicyclist Turning Error - Left Turn;None;No;No;Dry;0;Rural;No;29SEP2007;0;14:30;Female;No;Residential;C: Possible Injury;No;O: No Injury;7289;September;0;Straight - Grade;Mountains;With Traffic;Stop Sign;Saturday;Intersection;12;0;Two-Way, Not Divided;2 lanes;0;#NULL!;#NULL!;Smooth Asphalt;#NULL!;T-Intersection;Loss of Control / Turning Error;State Secondary Route;C: Possible Injury;Henderson;70+;Clear;#NULL!;11-15 mph;30 - 35  MPH;2007;Daylight;70+
35.9292570976, -79.0341727362;"{""type"": ""Point"", ""coordinates"": [-79.03417273620155, 35.9292570975875]}";White;Chapel Hill;Unknown;2;14;Urban (>70% Developed);Male;Passenger Car;0;#NULL!;0;0;White;No;0;16-19;Bicyclist Ride Out - Signalized  Intersection;None;No;No;Dry;0;Urban;No;29SEP2007;0;14:17;Female;No;Commercial;B: Evident Injury;Yes;O: No Injury;7290;September;0;Straight - Level;Piedmont;With Traffic;Stop And Go Signal;Saturday;Intersection;18;0;Two-Way, Not Divided;9 or more lanes;0;#NULL!;#NULL!;Smooth Asphalt;#NULL!;Four-Way Intersection;Bicyclist Failed to Yield - Signalized Intersection;Local Street;B: Evident Injury;Orange;68;Clear;#NULL!;0-5 mph;30 - 35  MPH;2007;Daylight;60-69
36.1700811135, -79.9938080401;"{""type"": ""Point"", ""coordinates"": [-79.99380804009905, 36.17008111350932]}";White;Oak Ridge;Travel Lane;2;13;Mixed (30% To 70% Developed);Male;Passenger Car;0;#NULL!;0;0;White;No;0;40-49;Bicyclist Ride Through - Signalized Intersection;None;No;No;Dry;0;Rural;No;01OCT2007;0;13:40;Male;No;Institutional;B: Evident Injury;Yes;O: No Injury;7292;October;0;Straight - Hillcrest;Piedmont;With Traffic;Stop And Go Signal;Monday;Intersection;42;0;Two-Way, Not Divided;2 lanes;0;#NULL!;#NULL!;Coarse Asphalt;#NULL!;Four-Way Intersection;Bicyclist Failed to Yield - Signalized Intersection;NC Route;B: Evident Injury;Guilford;29;Clear;#NULL!;31-35 mph;30 - 35  MPH;2007;Daylight;25-29
34.223944764, -77.9324973177;"{""type"": ""Point"", ""coordinates"": [-77.93249731772272, 34.22394476403013]}";Black;Wilmington;Travel Lane;2;22;Urban (>70% Developed);Male;Unknown;0;#NULL!;0;0;Unknown/Missing;No;0;11-15;Head-On - Motorist;None;No;No;Water (Standing, Moving);0;Urban;Yes;02JUN2007;0;22:10;Unknown;Missing;Residential;C: Possible Injury;No;Unknown Injury;7296;June;0;Straight - Level;Coastal;With Traffic;Stop Sign;Saturday;Non-Intersection;14;0;Two-Way, Not Divided;2 lanes;0;#NULL!;#NULL!;Gravel;#NULL!;No Special Feature;Head-On;Local Street;C: Possible Injury;New Hanover;Unknown;Cloudy;#NULL!;Unknown;30 - 35  MPH;2007;Dark - Lighted Roadway;Unknown
35.44399185, -82.9129038668;"{""type"": ""Point"", ""coordinates"": [-82.91290386676658, 35.44399184995234]}";White;None - Rural Crash;Travel Lane;2;18;Rural (<30% Developed);Male;Pickup;0;#NULL!;0;0;White;No;0;50-59;Motorist Drive Out - Sign-Controlled Intersection;None;No;No;Dry;0;Rural;No;03OCT2007;0;18:03;Male;No;Farms, Woods, Pastures;C: Possible Injury;Yes;O: No Injury;7297;October;0;Straight - Level;Mountains;With Traffic;Stop Sign;Wednesday;Intersection;54;0;Two-Way, Not Divided;2 lanes;0;#NULL!;#NULL!;Smooth Asphalt;#NULL!;T-Intersection;Motorist Failed to Yield - Sign-Controlled Intersection;NC Route;C: Possible Injury;Haywood;68;Clear;#NULL!;Unknown;40 - 45  MPH;2007;Daylight;60-69
36.3052742753, -76.2254618985;"{""type"": ""Point"", ""coordinates"": [-76.22546189848732, 36.305274275273845]}";Black;Elizabeth City;Travel Lane;2;15;Urban (>70% Developed);Male;Pickup;0;#NULL!;0;0;White;No;0;50-59;Motorist Drive Out - Sign-Controlled Intersection;None;No;No;Wet;0;Urban;No;27SEP2007;0;15:53;Male;No;Residential;C: Possible Injury;No;O: No Injury;7298;September;0;Straight - Level;Coastal;With Traffic;Stop Sign;Thursday;Intersection;52;0;Two-Way, Divided, Unprotected Median;2 lanes;0;#NULL!;#NULL!;Smooth Asphalt;#NULL!;No Special Feature;Motorist Failed to Yield - Sign-Controlled Intersection;Local Street;C: Possible Injury;Pasquotank;63;Cloudy;#NULL!;0-5 mph;30 - 35  MPH;2007;Daylight;60-69
36.0757440969, -79.9127230103;"{""type"": ""Point"", ""coordinates"": [-79.91272301029514, 36.07574409693332]}";White;None - Rural Crash;Travel Lane;2;7;Urban (>70% Developed);Male;Passenger Car;0;#NULL!;0;0;White;No;0;40-49;Motorist Right Turn - Same Direction;None;No;No;Dry;0;Rural;No;10OCT2007;0;7:30;Female;No;Commercial;C: Possible Injury;Yes;O: No Injury;7323;October;0;Straight - Level;Piedmont;With Traffic;Stop And Go Signal;Wednesday;Intersection;42;0;Two-Way, Not Divided;5 lanes;0;#NULL!;#NULL!;Smooth Asphalt;#NULL!;No Special Feature;Motorist Right Turn / Merge;Public Vehicular Area;C: Possible Injury;Guilford;30;Clear;#NULL!;11-15 mph;30 - 35  MPH;2007;Daylight;30-39
35.2605869763, -78.3896325059;"{""type"": ""Point"", ""coordinates"": [-78.38963250590675, 35.260586976299]}";White;None - Rural Crash;Travel Lane;2;12;Rural (<30% Developed);Male;Sport Utility;0;#NULL!;0;0;White;No;0;50-59;Bicyclist Left Turn - Same Direction;None;No;No;Dry;0;Rural;No;14OCT2007;0;12:30;Male;No;Farms, Woods, Pastures;B: Evident Injury;No;O: No Injury;7324;October;0;Straight - Level;Coastal;With Traffic;Double Yellow Line, No Passing Zone;Sunday;Non-Intersection;50;0;Two-Way, Not Divided;2 lanes;0;#NULL!;#NULL!;Smooth Asphalt;#NULL!;Driveway, Private;Bicyclist Left Turn / Merge;NC Route;B: Evident Injury;Johnston;34;Clear;#NULL!;16-20 mph;50 - 55  MPH;2007;Daylight;30-39
35.7484769613, -81.6883935225;"{""type"": ""Point"", ""coordinates"": [-81.68839352254201, 35.748476961339165]}";Black;Morganton;Travel Lane;2;10;Mixed (30% To 70% Developed);Male;Sport Utility;0;#NULL!;0;0;White;No;0;40-49;Crossing Paths - Intersection - Other / Unknown;None;No;No;Dry;0;Urban;No;14OCT2007;0;10:47;Male;No;Commercial;B: Evident Injury;Yes;O: No Injury;7325;October;0;Straight - Level;Mountains;With Traffic;No Control Present;Sunday;Intersection;40;0;Two-Way, Divided, Unprotected Median;4 lanes;0;#NULL!;#NULL!;Smooth Asphalt;#NULL!;Related To Intersection;Crossing Paths - Other Circumstances;Local Street;B: Evident Injury;Burke;29;Clear;#NULL!;6-10 mph;30 - 35  MPH;2007;Daylight;25-29
35.2945928374, -82.4340537173;"{""type"": ""Point"", ""coordinates"": [-82.43405371732504, 35.294592837445485]}";Hispanic;Hendersonville;Travel Lane;2;18;Mixed (30% To 70% Developed);Male;Passenger Car;0;#NULL!;0;0;Unknown/Missing;No;0;30-39;Head-On - Bicyclist;None;No;No;Dry;0;Urban;Yes;16SEP2007;0;18:30;Unknown;Missing;Residential;B: Evident Injury;No;Unknown Injury;7329;September;0;Curve - Grade;Mountains;Unknown;No Control Present;Sunday;Non-Intersection;32;0;Two-Way, Not Divided;1 lane;0;#NULL!;#NULL!;Coarse Asphalt;#NULL!;No Special Feature;Head-On;Local Street;B: Evident Injury;Henderson;Unknown;Other;#NULL!;16-20 mph;30 - 35  MPH;2007;Daylight;Unknown
35.6726870956, -77.5185022623;"{""type"": ""Point"", ""coordinates"": [-77.51850226228831, 35.672687095576556]}";Unknown/Missing;None - Rural Crash;Travel Lane;2;19;Urban (>70% Developed);Unknown;Passenger Car;0;#NULL!;0;0;Black;No;0;Unknown;Motorist Overtaking - Other / Unknown;None;No;Missing;Dry;0;Rural;No;19OCT2007;0;19:00;Female;No;Residential;O: No Injury;No;O: No Injury;7333;October;0;Straight - Level;Coastal;With Traffic;No Control Present;Friday;Non-Intersection;Unknown;0;Two-Way, Not Divided;2 lanes;0;#NULL!;#NULL!;Coarse Asphalt;#NULL!;Driveway, Public;Motorist Overtaking Bicyclist;Public Vehicular Area;Unknown Injury;Pitt;16;Clear;#NULL!;6-10 mph;20 - 25  MPH;2007;Dark - Roadway Not Lighted;0-19
35.9261871405, -77.7937623594;"{""type"": ""Point"", ""coordinates"": [-77.79376235940174, 35.92618714049921]}";Black;Rocky Mount;Travel Lane;2;16;Urban (>70% Developed);Male;Passenger Car;0;#NULL!;0;0;Black;No;0;0-5;Bicyclist Ride Through - Sign-Controlled Intersection;None;No;No;Dry;0;Urban;No;23OCT2007;0;16:53;Male;No;Residential;C: Possible Injury;Yes;O: No Injury;7343;October;0;Straight - Level;Coastal;Unknown;Stop Sign;Tuesday;Intersection;5;0;Two-Way, Not Divided;2 lanes;0;#NULL!;#NULL!;Smooth Asphalt;#NULL!;Four-Way Intersection;Bicyclist Failed to Yield - Sign-Controlled Intersection;Local Street;C: Possible Injury;Edgecombe;22;Clear;#NULL!;16-20 mph;30 - 35  MPH;2007;Daylight;20-24
36.4502752568, -77.6587123466;"{""type"": ""Point"", ""coordinates"": [-77.65871234661151, 36.450275256783165]}";White;Roanoke Rapids;Driveway / Alley;2;12;Urban (>70% Developed);Male;Passenger Car;0;#NULL!;0;0;White;No;0;Unknown;Bicyclist Ride Out - Residential Driveway;None;No;No;Wet;0;Urban;No;26OCT2007;0;12:16;Female;No;Commercial;C: Possible Injury;Yes;O: No Injury;7349;October;0;Straight - Level;Coastal;Not Applicable;No Control Present;Friday;Non-Intersection;Unknown;0;Two-Way, Not Divided;2 lanes;0;#NULL!;#NULL!;Grooved Concrete;#NULL!;No Special Feature;Bicyclist Failed to Yield - Midblock;Local Street;C: Possible Injury;Halifax;23;Cloudy;#NULL!;21-25 mph;20 - 25  MPH;2007;Daylight;20-24
35.7075910901, -77.8927023788;"{""type"": ""Point"", ""coordinates"": [-77.89270237883734, 35.70759109006911]}";Black;Wilson;Travel Lane;2;18;Mixed (30% To 70% Developed);Male;Unknown;0;#NULL!;0;0;Unknown/Missing;No;0;6-10;Motorist Drive Out - Sign-Controlled Intersection;None;No;No;Dry;0;Urban;Yes;25OCT2007;0;18:48;Unknown;Missing;Residential;C: Possible Injury;Yes;Unknown Injury;7353;October;0;Straight - Level;Coastal;Facing Traffic;Stop Sign;Thursday;Intersection;10;0;Two-Way, Not Divided;2 lanes;0;#NULL!;#NULL!;Smooth Asphalt;#NULL!;T-Intersection;Motorist Failed to Yield - Sign-Controlled Intersection;Local Street;C: Possible Injury;Wilson;Unknown;Clear;#NULL!;0-5 mph;30 - 35  MPH;2007;Dark - Lighted Roadway;Unknown
35.5994598937, -82.6237237905;"{""type"": ""Point"", ""coordinates"": [-82.62372379052564, 35.59945989374681]}";White;Asheville;Travel Lane;2;1;Rural (<30% Developed);Male;Unknown;0;#NULL!;0;0;Unknown/Missing;No;0;16-19;Bicyclist Ride Through - Sign-Controlled Intersection;None;No;No;Dry;0;Urban;Yes;27OCT2007;0;1:20;Unknown;Missing;Farms, Woods, Pastures;K: Killed;Yes;Unknown Injury;7354;October;0;Straight - Grade;Mountains;With Traffic;Stop Sign;Saturday;Intersection;17;0;Two-Way, Not Divided;2 lanes;0;#NULL!;#NULL!;Smooth Asphalt;#NULL!;T-Intersection;Bicyclist Failed to Yield - Sign-Controlled Intersection;State Secondary Route;K: Killed;Buncombe;Unknown;Clear;#NULL!;31-35 mph;30 - 35  MPH;2007;Dark - Roadway Not Lighted;Unknown
36.1012221027, -79.8919170047;"{""type"": ""Point"", ""coordinates"": [-79.89191700468977, 36.10122210267319]}";White;None - Rural Crash;Travel Lane;2;10;Urban (>70% Developed);Male;Passenger Car;0;#NULL!;0;0;White;No;0;11-15;Crossing Paths - Intersection - Other / Unknown;None;No;No;Dry;0;Rural;No;20JUL2007;0;10:48;Female;No;Residential;C: Possible Injury;Yes;O: No Injury;7366;July;0;Straight - Level;Piedmont;Facing Traffic;No Control Present;Friday;Intersection;12;0;Two-Way, Not Divided;6 lanes;0;#NULL!;#NULL!;Smooth Asphalt;#NULL!;No Special Feature;Crossing Paths - Other Circumstances;Public Vehicular Area;C: Possible Injury;Guilford;70+;Cloudy;#NULL!;0-5 mph;30 - 35  MPH;2007;Daylight;70+
35.6417310431, -78.8403426621;"{""type"": ""Point"", ""coordinates"": [-78.84034266205799, 35.64173104309355]}";Black;Holly Springs;Travel Lane;2;13;Mixed (30% To 70% Developed);Female;Truck/Trailer;0;#NULL!;0;0;Black;No;0;40-49;Motorist Overtaking - Misjudged Space;None;No;No;Dry;0;Urban;No;02NOV2007;0;13:26;Male;No;Residential;O: No Injury;Yes;O: No Injury;7367;November;0;Straight - Level;Piedmont;With Traffic;No Control Present;Friday;Non-Intersection;47;0;Two-Way, Not Divided;4 lanes;0;#NULL!;#NULL!;Smooth Asphalt;#NULL!;No Special Feature;Motorist Overtaking Bicyclist;Local Street;O: No Injury;Wake;70+;Clear;#NULL!;16-20 mph;30 - 35  MPH;2007;Daylight;70+
35.5430020829, -77.0429121114;"{""type"": ""Point"", ""coordinates"": [-77.04291211135002, 35.54300208292621]}";Black;Washington;Travel Lane;2;17;Urban (>70% Developed);Male;Passenger Car;0;#NULL!;0;0;White;No;0;40-49;Bicyclist Right Turn - Opposite Direction;None;Yes;Yes;Dry;0;Urban;No;02NOV2007;0;17:53;Female;No;Residential;B: Evident Injury;No;O: No Injury;7368;November;0;Straight - Level;Coastal;Facing Traffic;No Control Present;Friday;Non-Intersection;43;0;Two-Way, Not Divided;2 lanes;0;#NULL!;#NULL!;Coarse Asphalt;#NULL!;No Special Feature;Bicyclist Right Turn / Merge;Local Street;B: Evident Injury;Beaufort;22;Cloudy;#NULL!;11-15 mph;30 - 35  MPH;2007;Daylight;20-24
35.6791949586, -81.3623734215;"{""type"": ""Point"", ""coordinates"": [-81.36237342151661, 35.67919495861589]}";White;None - Rural Crash;Travel Lane;2;18;Mixed (30% To 70% Developed);Male;Passenger Car;0;#NULL!;0;0;White;No;0;6-10;Bicyclist Right Turn - Same Direction;None;No;No;Dry;0;Rural;No;04NOV2007;0;18:00;Female;No;Residential;B: Evident Injury;Yes;O: No Injury;7370;November;0;Straight - Level;Piedmont;Facing Traffic;No Control Present;Sunday;Non-Intersection;10;0;Two-Way, Not Divided;2 lanes;0;#NULL!;#NULL!;Smooth Asphalt;#NULL!;No Special Feature;Bicyclist Right Turn / Merge;State Secondary Route;B: Evident Injury;Catawba;22;Clear;#NULL!;26-30 mph;30 - 35  MPH;2007;Daylight;20-24
35.3382969134, -80.642743188;"{""type"": ""Point"", ""coordinates"": [-80.6427431879912, 35.338296913425445]}";Unknown/Missing;None - Rural Crash;Travel Lane;2;22;Mixed (30% To 70% Developed);Unknown;Unknown;0;#NULL!;0;0;Unknown/Missing;No;0;50-59;Motorist Overtaking - Undetected Bicyclist;None;No;No;Dry;0;Rural;Yes;06NOV2007;0;22:00;Unknown;Missing;Residential;Unknown Injury;Yes;Unknown Injury;7373;November;0;Curve - Level;Piedmont;With Traffic;Double Yellow Line, No Passing Zone;Tuesday;Non-Intersection;58;0;Two-Way, Not Divided;2 lanes;0;#NULL!;#NULL!;Smooth Asphalt;#NULL!;No Special Feature;Motorist Overtaking Bicyclist;State Secondary Route;Unknown Injury;Cabarrus;Unknown;Clear;#NULL!;41-45 mph;40 - 45  MPH;2007;Dark - Roadway Not Lighted;Unknown
35.0104019019, -78.9663726683;"{""type"": ""Point"", ""coordinates"": [-78.96637266832897, 35.01040190186162]}";Black;Fayetteville;Sidewalk / Crosswalk / Driveway Crossing;2;20;Mixed (30% To 70% Developed);Male;Passenger Car;0;#NULL!;0;0;White;No;0;50-59;Motorist Drive Out - Commercial Driveway / Alley;None;No;No;Dry;0;Urban;No;06NOV2007;0;20:36;Female;No;Commercial;C: Possible Injury;Yes;O: No Injury;7375;November;0;Straight - Level;Coastal;Facing Traffic;No Control Present;Tuesday;Non-Intersection;54;0;Two-Way, Divided, Unprotected Median;5 lanes;0;#NULL!;#NULL!;Coarse Asphalt;#NULL!;Driveway, Public;Motorist Failed to Yield - Midblock;Local Street;C: Possible Injury;Cumberland;65;Clear;#NULL!;0-5 mph;40 - 45  MPH;2007;Dark - Lighted Roadway;60-69
35.9380470649, -79.9950590266;"{""type"": ""Point"", ""coordinates"": [-79.99505902659358, 35.93804706489845]}";Black;High Point;Sidewalk / Crosswalk / Driveway Crossing;2;8;Urban (>70% Developed);Male;Passenger Car;0;#NULL!;0;0;White;No;0;30-39;Motorist Drive Out - Right Turn on Red;None;No;No;Dry;0;Urban;No;09NOV2007;0;8:22;Female;No;Commercial;C: Possible Injury;No;O: No Injury;7383;November;0;Straight - Grade;Piedmont;Facing Traffic;Stop And Go Signal;Friday;Intersection;38;0;Two-Way, Not Divided;2 lanes;0;#NULL!;#NULL!;Smooth Asphalt;#NULL!;Four-Way Intersection;Motorist Failed to Yield - Signalized Intersection;Local Street;C: Possible Injury;Guilford;65;Clear;#NULL!;0-5 mph;30 - 35  MPH;2007;Daylight;60-69
35.8630670969, -78.6538326174;"{""type"": ""Point"", ""coordinates"": [-78.65383261737648, 35.86306709689467]}";White;Raleigh;Travel Lane;2;18;Urban (>70% Developed);Male;Pickup;0;#NULL!;0;0;Hispanic;No;0;50-59;Motorist Drive Out - Sign-Controlled Intersection;None;No;No;Dry;0;Urban;No;10NOV2007;0;18:25;Female;No;Residential;B: Evident Injury;Yes;O: No Injury;7387;November;0;Straight - Bottom;Piedmont;With Traffic;Stop Sign;Saturday;Intersection;53;0;Two-Way, Divided, Unprotected Median;2 lanes;0;#NULL!;#NULL!;Coarse Asphalt;#NULL!;Four-Way Intersection;Motorist Failed to Yield - Sign-Controlled Intersection;Local Street;B: Evident Injury;Wake;37;Clear;#NULL!;6-10 mph;30 - 35  MPH;2007;Dusk;30-39
34.1128037402, -77.9003123022;"{""type"": ""Point"", ""coordinates"": [-77.90031230217525, 34.11280374021423]}";Unknown/Missing;None - Rural Crash;Travel Lane;2;6;Mixed (30% To 70% Developed);Unknown;Unknown;0;#NULL!;0;0;Unknown/Missing;No;0;40-49;Motorist Overtaking - Misjudged Space;None;No;No;Dry;0;Rural;Yes;23NOV2007;0;6:00;Unknown;Missing;Commercial;O: No Injury;No;Unknown Injury;7403;November;0;Straight - Level;Coastal;With Traffic;No Control Present;Friday;Non-Intersection;44;0;Two-Way, Divided, Unprotected Median;4 lanes;0;#NULL!;#NULL!;Coarse Asphalt;#NULL!;No Special Feature;Motorist Overtaking Bicyclist;US Route;O: No Injury;New Hanover;Unknown;Cloudy;#NULL!;51-55 mph;50 - 55  MPH;2007;Dark - Roadway Not Lighted;Unknown
35.2274369953, -77.6105122689;"{""type"": ""Point"", ""coordinates"": [-77.61051226886892, 35.227436995295456]}";Black;None - Rural Crash;Unknown;2;6;Mixed (30% To 70% Developed);Male;Single Unit Truck (2-Axle, 6-Tire);0;#NULL!;0;0;White;No;0;50-59;Unknown Location;None;No;No;Wet;0;Rural;No;27NOV2007;0;6:17;Male;No;Commercial;C: Possible Injury;Yes;O: No Injury;7408;November;0;Straight - Bottom;Coastal;Unknown;Double Yellow Line, No Passing Zone;Tuesday;Unknown Location;53;0;Two-Way, Not Divided;2 lanes;0;#NULL!;#NULL!;Coarse Asphalt;#NULL!;Bridge;Other / Unknown - Insufficient Details;US Route;C: Possible Injury;Lenoir;70+;Clear;#NULL!;56-60 mph;50 - 55  MPH;2007;Dawn;70+
35.9295530634, -79.9641370172;"{""type"": ""Point"", ""coordinates"": [-79.96413701715977, 35.92955306335241]}";White;High Point;Other;2;13;Urban (>70% Developed);Male;Passenger Car;0;#NULL!;0;0;Asian;No;0;11-15;Backing Vehicle;None;No;No;Dry;0;Urban;No;01DEC2007;0;13:24;Male;No;Residential;B: Evident Injury;No;O: No Injury;7409;December;0;Straight - Level;Piedmont;With Traffic;No Control Present;Saturday;Non-Intersection;13;0;Two-Way, Not Divided;1 lane;0;#NULL!;#NULL!;Coarse Asphalt;#NULL!;No Special Feature;Backing Vehicle;Local Street;B: Evident Injury;Guilford;17;Clear;#NULL!;6-10 mph;20 - 25  MPH;2007;Daylight;0-19
36.2877922696, -76.2703319115;"{""type"": ""Point"", ""coordinates"": [-76.270331911534, 36.28779226959944]}";White;Elizabeth City;Travel Lane;2;0;Urban (>70% Developed);Male;Light Truck (Mini-Van, Panel);0;#NULL!;0;0;White;No;0;30-39;Motorist Overtaking - Undetected Bicyclist;None;No;No;Dry;0;Urban;No;18NOV2007;0;0:00;Male;No;Commercial;B: Evident Injury;Yes;O: No Injury;7415;November;0;Straight - Level;Coastal;With Traffic;No Control Present;Sunday;Non-Intersection;35;0;Two-Way, Divided, Unprotected Median;5 lanes;0;#NULL!;#NULL!;Smooth Asphalt;#NULL!;No Special Feature;Motorist Overtaking Bicyclist;US Route;B: Evident Injury;Pasquotank;70+;Clear;#NULL!;31-35 mph;40 - 45  MPH;2007;Dark - Roadway Not Lighted;70+