Geo Point;Geo Shape;BikeRace;City;BikePos;NumUnits;CrashHour;Locality;BikeSex;DrvrVehTyp;NumBikesNo;BikeAlcDrg;NumBikesBI;RteInvdCd;DrvrRace;Workzone;NumBikesCi;BikeAgeGrp;CrashType;RdDefects;CrashAlcoh;BikeAlcoho;RdConditio;DstncMiFrm;RuralUrban;HitRun;CrashDate;NumBikesUI;CrashTime;DrvrSex;DrvrAlcoho;Developmen;CrashSevr;AmbulanceR;DrvrInjury;OBJECTID;CrashMonth;NumBikesKi;RdCharacte;Region;BikeDir;TraffCntrl;CrashDay;CrashLoc;BikeAge;NumBikesTo;RdConfig;NumLanes;NumBikesAI;DrvrAlcDrg;OnRoad;RdSurface;Towrd_Rd;RdFeature;CrashGrp;RdClass;BikeInjury;County;DrvrAge;Weather;FrmRd;DrvrEstSpd;SpeedLimit;CrashYear;LightCond;DrvrAgeGrp
35.2289988828, -80.8471832431;"{""type"": ""Point"", ""coordinates"": [-80.84718324308176, 35.22899888275781]}";White;Charlotte;Bike Lane / Paved Shoulder;3;11;Urban (>70% Developed);Male;Van;0;#NULL!;0;0;White;No;0;20-24;Motorist Right Turn - Same Direction;None;No;No;Dry;0;Urban;No;05SEP2007;0;11:25;Male;No;Commercial;C: Possible Injury;No;O: No Injury;7432;September;0;Straight - Level;Piedmont;With Traffic;No Control Present;Wednesday;Non-Intersection;23;0;One-Way, Not Divided;2 lanes;0;#NULL!;#NULL!;Smooth Asphalt;#NULL!;No Special Feature;Motorist Right Turn / Merge;Local Street;C: Possible Injury;Mecklenburg;58;Clear;#NULL!;6-10 mph;30 - 35  MPH;2007;Daylight;50-59
35.2810268678, -81.5497774547;"{""type"": ""Point"", ""coordinates"": [-81.54977745474784, 35.28102686778592]}";White;Shelby;Travel Lane;2;20;Urban (>70% Developed);Male;Passenger Car;0;#NULL!;0;0;White;No;0;40-49;Bicyclist Ride Through - Signalized Intersection;None;Yes;Yes;Dry;0;Urban;No;10DEC2007;0;20:44;Male;No;Commercial;K: Killed;Yes;O: No Injury;7436;December;0;Straight - Level;Mountains;Facing Traffic;Stop And Go Signal;Monday;Intersection;46;0;Two-Way, Divided, Unprotected Median;4 lanes;0;#NULL!;#NULL!;Smooth Asphalt;#NULL!;Four-Way Intersection;Bicyclist Failed to Yield - Signalized Intersection;US Route;K: Killed;Cleveland;70+;Clear;#NULL!;31-35 mph;40 - 45  MPH;2007;Dark - Roadway Not Lighted;70+
35.9431221438, -77.8084973649;"{""type"": ""Point"", ""coordinates"": [-77.80849736491481, 35.943122143781004]}";Black;Rocky Mount;Sidewalk / Crosswalk / Driveway Crossing;2;19;Urban (>70% Developed);Male;Passenger Car;0;#NULL!;0;0;Black;No;0;11-15;Bicyclist Ride Out - Sign-Controlled Intersection;None;No;No;Wet;0;Urban;No;13DEC2007;0;19:27;Female;No;Residential;C: Possible Injury;Yes;O: No Injury;7441;December;0;Straight - Level;Coastal;Facing Traffic;Stop Sign;Thursday;Intersection;12;0;One-Way, Not Divided;2 lanes;0;#NULL!;#NULL!;Smooth Asphalt;#NULL!;T-Intersection;Bicyclist Failed to Yield - Sign-Controlled Intersection;Local Street;C: Possible Injury;Nash;52;Rain;#NULL!;0-5 mph;30 - 35  MPH;2007;Dark - Lighted Roadway;50-59
35.3757200162, -77.9607523819;"{""type"": ""Point"", ""coordinates"": [-77.9607523819455, 35.37572001623653]}";Black;Goldsboro;Travel Lane;2;14;Urban (>70% Developed);Male;Pickup;0;#NULL!;0;0;Black;No;0;40-49;Bicyclist Left Turn - Same Direction;None;No;No;Dry;0;Urban;No;13DEC2007;0;14:47;Male;No;Commercial;C: Possible Injury;Yes;O: No Injury;7442;December;0;Straight - Level;Coastal;With Traffic;No Control Present;Thursday;Non-Intersection;41;0;Two-Way, Divided, Unprotected Median;5 lanes;0;#NULL!;#NULL!;Smooth Asphalt;#NULL!;No Special Feature;Bicyclist Left Turn / Merge;Local Street;C: Possible Injury;Wayne;44;Cloudy;#NULL!;31-35 mph;30 - 35  MPH;2007;Daylight;40-49
36.0755341013, -79.7940169737;"{""type"": ""Point"", ""coordinates"": [-79.79401697368424, 36.07553410126827]}";White;Greensboro;Travel Lane;2;18;Urban (>70% Developed);Male;Passenger Car;0;#NULL!;0;0;Black;No;0;50-59;Motorist Turning Error - Right Turn;None;No;No;Dry;0;Urban;No;14DEC2007;0;18:24;Male;No;Commercial;B: Evident Injury;Yes;O: No Injury;7445;December;0;Straight - Level;Piedmont;With Traffic;Stop And Go Signal;Friday;Intersection-Related;51;0;Two-Way, Divided, Unprotected Median;3 lanes;0;#NULL!;#NULL!;Smooth Asphalt;#NULL!;No Special Feature;Loss of Control / Turning Error;Local Street;B: Evident Injury;Guilford;49;Clear;#NULL!;11-15 mph;30 - 35  MPH;2007;Dark - Lighted Roadway;40-49
35.0525069141, -78.8779826436;"{""type"": ""Point"", ""coordinates"": [-78.87798264358291, 35.05250691405636]}";Black;Fayetteville;Unknown;2;17;Urban (>70% Developed);Male;Sport Utility;0;#NULL!;0;0;Hispanic;No;0;50-59;Motorist Drive Out - Sign-Controlled Intersection;None;No;No;Dry;0;Urban;No;17DEC2007;0;17:11;Female;No;Commercial;C: Possible Injury;Yes;O: No Injury;7446;December;0;Straight - Level;Coastal;Facing Traffic;Stop Sign;Monday;Intersection;50;0;Two-Way, Not Divided;2 lanes;0;#NULL!;#NULL!;Coarse Asphalt;#NULL!;Traffic Circle/Roundabout;Motorist Failed to Yield - Sign-Controlled Intersection;Local Street;C: Possible Injury;Cumberland;33;Clear;#NULL!;0-5 mph;5 - 15 MPH;2007;Dark - Lighted Roadway;30-39
35.5165270337, -78.3216324991;"{""type"": ""Point"", ""coordinates"": [-78.32163249905823, 35.516527033692945]}";Black;Smithfield;Non-Roadway;2;16;Urban (>70% Developed);Male;Pickup;0;#NULL!;0;0;White;No;0;16-19;Non-Roadway;Road Surface Condition;No;No;Wet;0;Urban;No;23DEC2007;0;16:43;Male;No;Commercial;C: Possible Injury;Yes;O: No Injury;7452;December;0;Straight - Level;Coastal;Unknown;No Control Present;Sunday;Non-Roadway;18;0;Two-Way, Not Divided;Unknown;0;#NULL!;#NULL!;Smooth Asphalt;#NULL!;Driveway, Public;Non-Roadway;Public Vehicular Area;C: Possible Injury;Johnston;18;Rain;#NULL!;Unknown;5 - 15 MPH;2007;Daylight;0-19
35.9337771034, -78.8882026929;"{""type"": ""Point"", ""coordinates"": [-78.88820269290207, 35.933777103439475]}";White;Durham;Bike Lane / Paved Shoulder;2;12;Urban (>70% Developed);Male;Sport Utility;0;#NULL!;0;0;Black;No;0;30-39;Motorist Drive Out - Other Midblock;None;No;No;Dry;0;Urban;No;22MAY2011;0;12:07;Male;No;Commercial;B: Evident Injury;Yes;O: No Injury;3006;May;0;Straight - Level;Piedmont;With Traffic;No Control Present;Sunday;Non-Intersection;33;0;Two-Way, Not Divided;Unknown;0;#NULL!;#NULL!;Smooth Asphalt;#NULL!;Driveway, Public;Motorist Failed to Yield - Midblock;Public Vehicular Area;B: Evident Injury;Durham;39;Clear;#NULL!;11-15 mph;5 - 15 MPH;2011;Daylight;30-39
35.6259670958, -77.1918021609;"{""type"": ""Point"", ""coordinates"": [-77.19180216088503, 35.6259670958215]}";White;None - Rural Crash;Bike Lane / Paved Shoulder;2;18;Rural (<30% Developed);Male;Sport Utility;0;#NULL!;0;0;Unknown/Missing;No;0;25-29;Motorist Lost Control - Other / Unknown;None;No;No;Dry;0;Rural;Yes;22MAY2011;0;18:03;Unknown;Missing;Farms, Woods, Pastures;C: Possible Injury;Yes;Unknown Injury;3011;May;0;Straight - Level;Coastal;With Traffic;No Control Present;Sunday;Non-Intersection;29;0;Two-Way, Divided, Unprotected Median;4 lanes;0;#NULL!;#NULL!;Smooth Asphalt;#NULL!;No Special Feature;Loss of Control / Turning Error;US Route;C: Possible Injury;Pitt;Unknown;Clear;#NULL!;51-55 mph;50 - 55  MPH;2011;Daylight;Unknown
35.5967768964, -82.548203768;"{""type"": ""Point"", ""coordinates"": [-82.5482037680397, 35.59677689637461]}";White;Asheville;Travel Lane;2;13;Urban (>70% Developed);Male;Passenger Car;0;#NULL!;0;0;White;No;0;25-29;Bicyclist Overtaking - Passing on Left;None;No;No;Dry;0;Urban;No;12MAY2011;0;13:24;Female;No;Commercial;B: Evident Injury;Yes;O: No Injury;3012;May;0;Straight - Grade;Mountains;With Traffic;No Control Present;Thursday;Non-Intersection;27;0;Two-Way, Not Divided;Unknown;0;#NULL!;#NULL!;Smooth Asphalt;#NULL!;No Special Feature;Bicyclist Overtaking Motorist;Local Street;B: Evident Injury;Buncombe;25;Clear;#NULL!;0-5 mph;30 - 35  MPH;2011;Daylight;25-29
35.983797116, -78.8311026783;"{""type"": ""Point"", ""coordinates"": [-78.83110267833878, 35.98379711604721]}";Hispanic;None - Rural Crash;Travel Lane;2;21;Urban (>70% Developed);Male;Passenger Car;0;#NULL!;0;0;White;No;0;40-49;Motorist Overtaking - Other / Unknown;None;No;No;Dry;0;Rural;No;08MAY2011;0;21:00;Male;No;Commercial;B: Evident Injury;Yes;O: No Injury;3013;May;0;Straight - Grade;Piedmont;With Traffic;No Control Present;Sunday;Non-Intersection;43;0;Two-Way, Not Divided;4 lanes;0;#NULL!;#NULL!;Smooth Asphalt;#NULL!;No Special Feature;Motorist Overtaking Bicyclist;NC Route;B: Evident Injury;Durham;17;Clear;#NULL!;31-35 mph;40 - 45  MPH;2011;Dark - Lighted Roadway;0-19
35.341586909, -80.767503226;"{""type"": ""Point"", ""coordinates"": [-80.76750322596466, 35.34158690898085]}";White;Charlotte;Bike Lane / Paved Shoulder;2;8;Urban (>70% Developed);Male;Sport Utility;0;#NULL!;0;0;Black;No;0;30-39;Motorist Right Turn - Same Direction;None;No;No;Dry;0;Urban;No;30APR2011;0;8:45;Male;No;Commercial;B: Evident Injury;Yes;O: No Injury;3014;April;0;Straight - Grade;Piedmont;With Traffic;Stop Sign;Saturday;Non-Intersection;32;0;Two-Way, Divided, Positive Median Barrier;4 lanes;0;#NULL!;#NULL!;Smooth Asphalt;#NULL!;Driveway, Public;Motorist Right Turn / Merge;Local Street;B: Evident Injury;Mecklenburg;46;Clear;#NULL!;6-10 mph;40 - 45  MPH;2011;Daylight;40-49
34.2877567786, -77.9217023171;"{""type"": ""Point"", ""coordinates"": [-77.92170231710058, 34.287756778611495]}";White;None - Rural Crash;Non-Roadway;2;15;Urban (>70% Developed);Male;Sport Utility;0;#NULL!;0;0;Unknown/Missing;No;0;50-59;Non-Roadway;None;No;No;Dry;0;Rural;No;25MAY2011;0;15:08;Unknown;Missing;Commercial;B: Evident Injury;Yes;Unknown Injury;3015;May;0;Straight - Level;Coastal;Not Applicable;No Control Present;Wednesday;Non-Roadway;50;0;Two-Way, Not Divided;2 lanes;0;#NULL!;#NULL!;Coarse Asphalt;#NULL!;Driveway, Public;Non-Roadway;Public Vehicular Area;B: Evident Injury;New Hanover;Unknown;Clear;#NULL!;0-5 mph;Unknown;2011;Daylight;Unknown
35.8382069403, -82.716003832;"{""type"": ""Point"", ""coordinates"": [-82.71600383198448, 35.838206940326856]}";White;None - Rural Crash;Travel Lane;3;21;Rural (<30% Developed);Male;Sport Utility;0;#NULL!;0;0;White;No;0;11-15;Motorist Overtaking - Undetected Bicyclist;None;Yes;No;Dry;0;Rural;No;25MAY2011;0;21:31;Male;No;Farms, Woods, Pastures;K: Killed;Yes;O: No Injury;3022;May;0;Straight - Grade;Mountains;With Traffic;Double Yellow Line, No Passing Zone;Wednesday;Non-Intersection;15;0;Two-Way, Not Divided;2 lanes;0;#NULL!;#NULL!;Smooth Asphalt;#NULL!;No Special Feature;Motorist Overtaking Bicyclist;US Route;C: Possible Injury;Madison;29;Clear;#NULL!;31-35 mph;40 - 45  MPH;2011;Dark - Roadway Not Lighted;25-29
35.1449068646, -80.8451032384;"{""type"": ""Point"", ""coordinates"": [-80.84510323841081, 35.14490686455753]}";White;Charlotte;Travel Lane;2;15;Urban (>70% Developed);Female;Sport Utility;0;#NULL!;0;0;White;No;0;30-39;Motorist Drive Out - Sign-Controlled Intersection;None;No;No;Dry;0;Urban;No;09MAY2011;0;15:12;Female;No;Residential;B: Evident Injury;No;O: No Injury;3025;May;0;Straight - Level;Piedmont;With Traffic;Stop Sign;Monday;Intersection;32;0;Two-Way, Divided, Unprotected Median;2 lanes;0;#NULL!;#NULL!;Smooth Asphalt;#NULL!;No Special Feature;Motorist Failed to Yield - Sign-Controlled Intersection;Local Street;B: Evident Injury;Mecklenburg;42;Clear;#NULL!;0-5 mph;30 - 35  MPH;2011;Daylight;40-49
36.0647770993, -79.78260297;"{""type"": ""Point"", ""coordinates"": [-79.78260296999996, 36.06477709926339]}";White;Greensboro;Travel Lane;2;13;Urban (>70% Developed);Female;Passenger Car;0;#NULL!;0;0;Black;No;0;50-59;Motorist Drive Out - Sign-Controlled Intersection;None;No;No;Dry;0;Urban;No;17MAY2011;0;13:55;Female;No;Residential;C: Possible Injury;No;O: No Injury;3027;May;0;Straight - Level;Piedmont;Facing Traffic;Stop Sign;Tuesday;Intersection;53;0;Two-Way, Not Divided;2 lanes;0;#NULL!;#NULL!;Smooth Asphalt;#NULL!;Four-Way Intersection;Motorist Failed to Yield - Sign-Controlled Intersection;Local Street;C: Possible Injury;Guilford;27;Cloudy;#NULL!;0-5 mph;30 - 35  MPH;2011;Daylight;25-29
35.5453269619, -80.5202031624;"{""type"": ""Point"", ""coordinates"": [-80.52020316241443, 35.54532696192966]}";White;None - Rural Crash;Travel Lane;2;21;Rural (<30% Developed);Male;Van;0;#NULL!;0;0;White;No;0;25-29;Bicyclist Left Turn - Same Direction;None;No;No;Dry;0;Rural;No;01JUN2011;0;21:26;Male;No;Farms, Woods, Pastures;B: Evident Injury;Yes;O: No Injury;3032;June;0;Straight - Level;Piedmont;With Traffic;Double Yellow Line, No Passing Zone;Wednesday;Non-Intersection;26;0;Two-Way, Not Divided;2 lanes;0;#NULL!;#NULL!;Smooth Asphalt;#NULL!;No Special Feature;Bicyclist Left Turn / Merge;State Secondary Route;B: Evident Injury;Rowan;60;Clear;#NULL!;51-55 mph;50 - 55  MPH;2011;Dark - Roadway Not Lighted;60-69
34.996916838, -80.6991031863;"{""type"": ""Point"", ""coordinates"": [-80.69910318630079, 34.99691683795254]}";White;Wesley Chapel;Travel Lane;2;17;Rural (<30% Developed);Male;Light Truck (Mini-Van, Panel);0;#NULL!;0;0;White;No;0;40-49;Motorist Overtaking - Other / Unknown;None;No;No;Dry;0;Rural;No;04JUN2011;0;17:34;Male;No;Farms, Woods, Pastures;C: Possible Injury;Yes;O: No Injury;3038;June;0;Straight - Level;Piedmont;With Traffic;Double Yellow Line, No Passing Zone;Saturday;Non-Intersection;44;0;Two-Way, Not Divided;2 lanes;0;#NULL!;#NULL!;Coarse Asphalt;#NULL!;No Special Feature;Motorist Overtaking Bicyclist;State Secondary Route;C: Possible Injury;Union;53;Clear;#NULL!;31-35 mph;40 - 45  MPH;2011;Daylight;50-59
34.6112768146, -78.9746026503;"{""type"": ""Point"", ""coordinates"": [-78.974602650265, 34.61127681458762]}";White;Lumberton;Unknown;2;13;Urban (>70% Developed);Male;Unknown;0;#NULL!;0;0;Unknown/Missing;No;0;20-24;Bicyclist Ride Through - Sign-Controlled Intersection;None;No;No;Dry;0;Urban;Yes;11MAY2011;0;13:51;Unknown;Missing;Residential;B: Evident Injury;Yes;Unknown Injury;3039;May;0;Straight - Level;Coastal;Unknown;Stop Sign;Wednesday;Intersection;20;0;Two-Way, Not Divided;2 lanes;0;#NULL!;#NULL!;Coarse Asphalt;#NULL!;Driveway, Public;Bicyclist Failed to Yield - Sign-Controlled Intersection;Local Street;B: Evident Injury;Robeson;Unknown;Clear;#NULL!;11-15 mph;5 - 15 MPH;2011;Daylight;Unknown
35.7464470644, -78.8773026798;"{""type"": ""Point"", ""coordinates"": [-78.87730267976072, 35.74644706437473]}";White;Apex;Sidewalk / Crosswalk / Driveway Crossing;2;18;Urban (>70% Developed);Male;Passenger Car;0;#NULL!;0;0;White;No;0;6-10;Bicyclist Ride Out - Parallel Path;None;No;No;Dry;0;Urban;No;02JUN2011;0;18:09;Male;No;Commercial;B: Evident Injury;Yes;O: No Injury;3041;June;0;Straight - Level;Piedmont;Facing Traffic;Double Yellow Line, No Passing Zone;Thursday;Non-Intersection;9;0;Two-Way, Not Divided;2 lanes;0;#NULL!;#NULL!;Coarse Asphalt;#NULL!;No Special Feature;Parallel Paths - Other Circumstances;Local Street;B: Evident Injury;Wake;34;Clear;#NULL!;0-5 mph;20 - 25  MPH;2011;Daylight;30-39
35.4714069363, -80.7872032382;"{""type"": ""Point"", ""coordinates"": [-80.78720323823462, 35.47140693632808]}";White;Davidson;Travel Lane;2;9;Urban (>70% Developed);Male;Pickup;0;#NULL!;0;0;White;No;0;60-69;Bicyclist Ride Through - Sign-Controlled Intersection;None;No;No;Dry;0;Urban;No;14MAY2011;0;9:19;Male;No;Residential;B: Evident Injury;Yes;O: No Injury;3046;May;0;Straight - Grade;Piedmont;With Traffic;Stop Sign;Saturday;Intersection;60;0;Two-Way, Not Divided;2 lanes;0;#NULL!;#NULL!;Coarse Asphalt;#NULL!;No Special Feature;Bicyclist Failed to Yield - Sign-Controlled Intersection;Local Street;B: Evident Injury;Mecklenburg;47;Cloudy;#NULL!;6-10 mph;20 - 25  MPH;2011;Daylight;40-49
35.8548570962, -78.6354026121;"{""type"": ""Point"", ""coordinates"": [-78.63540261213015, 35.85485709622715]}";White;Raleigh;Travel Lane;2;16;Urban (>70% Developed);Female;Sport Utility;0;#NULL!;0;0;White;No;0;6-10;Bicyclist Ride Through - Sign-Controlled Intersection;None;No;No;Dry;0;Urban;No;22MAY2011;0;16:27;Male;No;Residential;A: Disabling Injury;Yes;O: No Injury;3054;May;0;Straight - Hillcrest;Piedmont;Facing Traffic;Stop Sign;Sunday;Intersection;9;0;Two-Way, Not Divided;2 lanes;0;#NULL!;#NULL!;Smooth Asphalt;#NULL!;T-Intersection;Bicyclist Failed to Yield - Sign-Controlled Intersection;Local Street;A: Disabling Injury;Wake;41;Clear;#NULL!;31-35 mph;30 - 35  MPH;2011;Daylight;40-49
35.0375369066, -79.0072026819;"{""type"": ""Point"", ""coordinates"": [-79.00720268185628, 35.03753690662502]}";Black;Fayetteville;Travel Lane;2;0;Mixed (30% To 70% Developed);Male;Unknown;0;#NULL!;0;0;Unknown/Missing;No;0;16-19;Motorist Right Turn - Opposite Direction;None;No;No;Dry;0;Urban;Yes;24MAY2011;0;0:01;Unknown;Missing;Commercial;B: Evident Injury;Yes;Unknown Injury;3070;May;0;Straight - Level;Coastal;Facing Traffic;Stop And Go Signal;Tuesday;Intersection;17;0;One-Way, Not Divided;2 lanes;0;#NULL!;#NULL!;Coarse Asphalt;#NULL!;No Special Feature;Motorist Right Turn / Merge;Local Street;B: Evident Injury;Cumberland;Unknown;Clear;#NULL!;16-20 mph;40 - 45  MPH;2011;Dark - Lighted Roadway;Unknown
35.6302370436, -78.7529026351;"{""type"": ""Point"", ""coordinates"": [-78.75290263511353, 35.630237043609654]}";White;None - Rural Crash;Travel Lane;2;6;Rural (<30% Developed);Male;Passenger Car;0;#NULL!;0;0;Unknown/Missing;No;0;25-29;Motorist Overtaking - Misjudged Space;None;No;No;Dry;0;Rural;Yes;18JUN2011;0;6:09;Unknown;No;Residential;B: Evident Injury;Yes;Unknown Injury;3086;June;0;Straight - Level;Piedmont;With Traffic;Double Yellow Line, No Passing Zone;Saturday;Non-Intersection;28;0;Two-Way, Not Divided;2 lanes;0;#NULL!;#NULL!;Coarse Asphalt;#NULL!;No Special Feature;Motorist Overtaking Bicyclist;State Secondary Route;B: Evident Injury;Wake;Unknown;Clear;#NULL!;31-35 mph;40 - 45  MPH;2011;Daylight;Unknown
34.2260667647, -77.9368023186;"{""type"": ""Point"", ""coordinates"": [-77.93680231863186, 34.22606676471256]}";White;Wilmington;Travel Lane;2;15;Urban (>70% Developed);Male;Unknown;0;#NULL!;0;0;Unknown/Missing;No;0;40-49;Motorist Drive Through - Sign-Controlled Intersection;None;No;No;Dry;0;Urban;Yes;30MAY2011;0;15:19;Unknown;Missing;Residential;C: Possible Injury;No;Unknown Injury;3090;May;0;Straight - Level;Coastal;With Traffic;Stop Sign;Monday;Intersection;43;0;Two-Way, Not Divided;2 lanes;0;#NULL!;#NULL!;Coarse Asphalt;#NULL!;Four-Way Intersection;Motorist Failed to Yield - Sign-Controlled Intersection;Local Street;C: Possible Injury;New Hanover;Unknown;Clear;#NULL!;21-25 mph;20 - 25  MPH;2011;Daylight;Unknown
35.5154070329, -78.3415025051;"{""type"": ""Point"", ""coordinates"": [-78.34150250507295, 35.51540703287137]}";White;Smithfield;Travel Lane;2;16;Urban (>70% Developed);Male;Passenger Car;0;#NULL!;0;0;White;No;0;40-49;Motorist Drive Out - Sign-Controlled Intersection;None;No;No;Dry;0;Urban;No;31MAY2011;0;16:12;Female;No;Residential;C: Possible Injury;No;O: No Injury;3091;May;0;Straight - Level;Coastal;With Traffic;Stop Sign;Tuesday;Intersection;43;0;Two-Way, Not Divided;2 lanes;0;#NULL!;#NULL!;Coarse Asphalt;#NULL!;Four-Way Intersection;Motorist Failed to Yield - Sign-Controlled Intersection;Local Street;C: Possible Injury;Johnston;62;Clear;#NULL!;0-5 mph;20 - 25  MPH;2011;Daylight;60-69
35.9940371165, -78.8986026993;"{""type"": ""Point"", ""coordinates"": [-78.89860269926581, 35.99403711646062]}";White;Durham;Travel Lane;2;9;Urban (>70% Developed);Female;Van;0;#NULL!;0;0;White;No;0;20-24;Motorist Left Turn - Same Direction;None;No;No;Dry;0;Urban;No;02JUN2011;0;9:30;Female;No;Institutional;C: Possible Injury;Yes;O: No Injury;3099;June;0;Straight - Grade;Piedmont;With Traffic;No Control Present;Thursday;Intersection-Related;21;0;Two-Way, Divided, Unprotected Median;2 lanes;0;#NULL!;#NULL!;Smooth Asphalt;#NULL!;No Special Feature;Motorist Left Turn / Merge;Public Vehicular Area;C: Possible Injury;Durham;63;Clear;#NULL!;0-5 mph;5 - 15 MPH;2011;Daylight;60-69
35.778576999, -80.8399032713;"{""type"": ""Point"", ""coordinates"": [-80.83990327134622, 35.77857699899422]}";Black;None - Rural Crash;Travel Lane;2;11;Mixed (30% To 70% Developed);Male;Passenger Car;0;#NULL!;0;0;Black;No;0;6-10;Motorist Overtaking - Bicyclist Swerved;None;No;No;Dry;0;Rural;No;05JUN2011;0;11:21;Male;No;Residential;B: Evident Injury;No;O: No Injury;3104;June;0;Straight - Grade;Piedmont;With Traffic;No Control Present;Sunday;Non-Intersection;10;0;Two-Way, Not Divided;2 lanes;0;#NULL!;#NULL!;Coarse Asphalt;#NULL!;No Special Feature;Motorist Overtaking Bicyclist;State Secondary Route;B: Evident Injury;Iredell;23;Clear;#NULL!;6-10 mph;30 - 35  MPH;2011;Daylight;20-24
35.7262470689, -78.626202602;"{""type"": ""Point"", ""coordinates"": [-78.62620260199111, 35.72624706891203]}";Hispanic;Garner;Travel Lane;2;13;Urban (>70% Developed);Male;Pickup;0;#NULL!;0;0;White;No;0;20-24;Motorist Drive Out - Sign-Controlled Intersection;None;No;No;Dry;0;Urban;No;20JUN2011;0;13:02;Male;No;Commercial;B: Evident Injury;Yes;O: No Injury;3105;June;0;Straight - Level;Piedmont;Facing Traffic;Stop Sign;Monday;Intersection;23;0;Two-Way, Not Divided;2 lanes;0;#NULL!;#NULL!;Smooth Asphalt;#NULL!;T-Intersection;Motorist Failed to Yield - Sign-Controlled Intersection;Local Street;B: Evident Injury;Wake;37;Clear;#NULL!;0-5 mph;30 - 35  MPH;2011;Daylight;30-39
35.5935568953, -82.5563037709;"{""type"": ""Point"", ""coordinates"": [-82.55630377085764, 35.593556895342545]}";White;None - Rural Crash;Travel Lane;2;13;Mixed (30% To 70% Developed);Male;Passenger Car;0;#NULL!;0;0;White;No;0;16-19;Crossing Paths - Uncontrolled Intersection;None;No;No;Dry;0;Rural;No;21JUN2011;0;13:58;Male;No;Commercial;B: Evident Injury;Yes;C: Possible Injury;3112;June;0;Straight - Grade;Mountains;Not Applicable;Double Yellow Line, No Passing Zone;Tuesday;Intersection;18;0;Two-Way, Not Divided;2 lanes;0;#NULL!;#NULL!;Smooth Asphalt;#NULL!;Driveway, Public;Crossing Paths - Other Circumstances;State Secondary Route;B: Evident Injury;Buncombe;70+;Cloudy;#NULL!;16-20 mph;30 - 35  MPH;2011;Daylight;70+
35.1997368767, -80.8256032349;"{""type"": ""Point"", ""coordinates"": [-80.82560323494258, 35.19973687670783]}";White;Charlotte;Sidewalk / Crosswalk / Driveway Crossing;2;11;Urban (>70% Developed);Female;Passenger Car;0;#NULL!;0;0;White;No;0;25-29;Motorist Drive Out - Sign-Controlled Intersection;None;No;No;Dry;0;Urban;No;08JUN2011;0;11:59;Female;No;Commercial;C: Possible Injury;Yes;O: No Injury;3115;June;0;Straight - Level;Piedmont;Facing Traffic;Stop Sign;Wednesday;Intersection;26;0;Two-Way, Not Divided;2 lanes;0;#NULL!;#NULL!;Smooth Asphalt;#NULL!;T-Intersection;Motorist Failed to Yield - Sign-Controlled Intersection;Local Street;C: Possible Injury;Mecklenburg;49;Clear;#NULL!;Unknown;20 - 25  MPH;2011;Daylight;40-49
35.564826891, -82.4997037526;"{""type"": ""Point"", ""coordinates"": [-82.49970375255721, 35.56482689095255]}";White;Asheville;Travel Lane;2;23;Urban (>70% Developed);Male;Passenger Car;0;#NULL!;0;0;White;No;0;16-19;Motorist Overtaking - Undetected Bicyclist;None;Yes;No;Dry;0;Urban;No;28MAY2011;0;23:27;Male;Yes;Commercial;A: Disabling Injury;Yes;O: No Injury;3118;May;0;Straight - Level;Mountains;With Traffic;Other;Saturday;Non-Intersection;18;0;Two-Way, Divided, Unprotected Median;4 lanes;0;#NULL!;#NULL!;Concrete;#NULL!;End Or Beginning-Divided Highway;Motorist Overtaking Bicyclist;Interstate;A: Disabling Injury;Buncombe;47;Clear;#NULL!;Unknown;50 - 55  MPH;2011;Dark - Lighted Roadway;40-49
35.5441870839, -77.0369021091;"{""type"": ""Point"", ""coordinates"": [-77.03690210906423, 35.544187083855476]}";Black;Washington;Travel Lane;2;21;Urban (>70% Developed);Male;Passenger Car;0;#NULL!;0;0;Black;No;0;11-15;Bicyclist Lost Control - Mechanical Problems;None;No;No;Dry;0;Urban;No;07JUN2011;0;21:20;Male;No;Residential;B: Evident Injury;Yes;O: No Injury;3119;June;0;Straight - Level;Coastal;With Traffic;Stop Sign;Tuesday;Intersection;12;0;Two-Way, Not Divided;2 lanes;0;#NULL!;#NULL!;Coarse Asphalt;#NULL!;Four-Way Intersection;Loss of Control / Turning Error;Local Street;B: Evident Injury;Beaufort;19;Clear;#NULL!;31-35 mph;30 - 35  MPH;2011;Dark - Lighted Roadway;0-19
34.241686769, -77.8959023072;"{""type"": ""Point"", ""coordinates"": [-77.89590230721086, 34.24168676903833]}";White;Wilmington;Sidewalk / Crosswalk / Driveway Crossing;2;19;Urban (>70% Developed);Male;Pickup;0;#NULL!;0;0;White;No;0;50-59;Bicyclist Right Turn - Same Direction;None;No;No;Dry;0;Urban;No;06JUN2011;0;19:27;Male;No;Commercial;B: Evident Injury;Yes;O: No Injury;3122;June;0;Straight - Level;Coastal;Facing Traffic;Stop And Go Signal;Monday;Non-Intersection;50;0;Two-Way, Not Divided;5 lanes;0;#NULL!;#NULL!;Coarse Asphalt;#NULL!;No Special Feature;Bicyclist Right Turn / Merge;Local Street;B: Evident Injury;New Hanover;49;Clear;#NULL!;31-35 mph;30 - 35  MPH;2011;Daylight;40-49