Geo Point;Geo Shape;BikeRace;City;BikePos;NumUnits;CrashHour;Locality;BikeSex;DrvrVehTyp;NumBikesNo;BikeAlcDrg;NumBikesBI;RteInvdCd;DrvrRace;Workzone;NumBikesCi;BikeAgeGrp;CrashType;RdDefects;CrashAlcoh;BikeAlcoho;RdConditio;DstncMiFrm;RuralUrban;HitRun;CrashDate;NumBikesUI;CrashTime;DrvrSex;DrvrAlcoho;Developmen;CrashSevr;AmbulanceR;DrvrInjury;OBJECTID;CrashMonth;NumBikesKi;RdCharacte;Region;BikeDir;TraffCntrl;CrashDay;CrashLoc;BikeAge;NumBikesTo;RdConfig;NumLanes;NumBikesAI;DrvrAlcDrg;OnRoad;RdSurface;Towrd_Rd;RdFeature;CrashGrp;RdClass;BikeInjury;County;DrvrAge;Weather;FrmRd;DrvrEstSpd;SpeedLimit;CrashYear;LightCond;DrvrAgeGrp
35.5385469504, -80.7921032435;"{""type"": ""Point"", ""coordinates"": [-80.7921032435293, 35.53854695040461]}";White;Mooresville;Travel Lane;2;16;Urban (>70% Developed);Male;Sport Utility;0;#NULL!;0;0;White;No;0;11-15;Motorist Overtaking - Misjudged Space;None;No;No;Dry;0;Urban;No;09JUN2011;0;16:23;Female;No;Residential;O: No Injury;No;O: No Injury;3124;June;0;Straight - Hillcrest;Piedmont;With Traffic;No Control Present;Thursday;Non-Intersection;14;0;Two-Way, Not Divided;2 lanes;0;#NULL!;#NULL!;Coarse Asphalt;#NULL!;No Special Feature;Motorist Overtaking Bicyclist;Local Street;O: No Injury;Iredell;40;Clear;#NULL!;21-25 mph;20 - 25  MPH;2011;Daylight;40-49
36.1456770597, -81.2748034226;"{""type"": ""Point"", ""coordinates"": [-81.27480342256472, 36.14567705974903]}";White;None - Rural Crash;Bike Lane / Paved Shoulder;2;9;Rural (<30% Developed);Male;Van;0;#NULL!;0;0;White;No;0;60-69;Motorist Lost Control - Other / Unknown;None;No;No;Dry;0;Rural;No;29JUN2011;0;9:30;Male;No;Farms, Woods, Pastures;B: Evident Injury;Yes;O: No Injury;3125;June;0;Straight - Grade;Mountains;With Traffic;No Control Present;Wednesday;Non-Intersection;60;0;Two-Way, Divided, Unprotected Median;4 lanes;0;#NULL!;#NULL!;Smooth Asphalt;#NULL!;No Special Feature;Loss of Control / Turning Error;US Route;B: Evident Injury;Wilkes;61;Clear;#NULL!;46-50 mph;50 - 55  MPH;2011;Daylight;60-69
35.7332770401, -79.4600028541;"{""type"": ""Point"", ""coordinates"": [-79.46000285405322, 35.73327704013641]}";White;Siler City;Travel Lane;2;1;Urban (>70% Developed);Male;Unknown Heavy Truck;0;#NULL!;0;0;Unknown/Missing;No;0;50-59;Motorist Overtaking - Undetected Bicyclist;None;No;No;Dry;0;Urban;Yes;09JUN2011;0;1:55;Unknown;Missing;Residential;C: Possible Injury;No;Unknown Injury;3134;June;0;Straight - Level;Piedmont;With Traffic;No Control Present;Thursday;Non-Intersection;52;0;Two-Way, Divided, Unprotected Median;5 lanes;0;#NULL!;#NULL!;Smooth Asphalt;#NULL!;No Special Feature;Motorist Overtaking Bicyclist;Local Street;C: Possible Injury;Chatham;Unknown;Clear;#NULL!;41-45 mph;40 - 45  MPH;2011;Dark - Lighted Roadway;Unknown
35.2608568907, -80.8197032364;"{""type"": ""Point"", ""coordinates"": [-80.81970323642263, 35.2608568906846]}";Black;Charlotte;Sidewalk / Crosswalk / Driveway Crossing;2;15;Urban (>70% Developed);Male;Pickup;0;#NULL!;0;0;White;No;0;20-24;Motorist Drive Out - Residential Driveway;None;No;No;Dry;0;Urban;No;07JUN2011;0;15:50;Male;No;Commercial;C: Possible Injury;Yes;O: No Injury;3135;June;0;Curve - Hillcrest;Piedmont;With Traffic;No Control Present;Tuesday;Non-Intersection;20;0;Two-Way, Not Divided;4 lanes;0;#NULL!;#NULL!;Smooth Asphalt;#NULL!;Driveway, Private;Motorist Failed to Yield - Midblock;Local Street;C: Possible Injury;Mecklenburg;33;Clear;#NULL!;Unknown;30 - 35  MPH;2011;Dawn;30-39
34.1945367578, -77.91310231;"{""type"": ""Point"", ""coordinates"": [-77.91310231000672, 34.19453675776721]}";White;Wilmington;Travel Lane;2;17;Urban (>70% Developed);Female;Sport Utility;0;#NULL!;0;0;White;No;0;30-39;Motorist Drive Out - Sign-Controlled Intersection;None;No;No;Dry;0;Urban;No;15JUN2011;0;17:00;Female;No;Commercial;C: Possible Injury;No;O: No Injury;3136;June;0;Straight - Grade;Coastal;Facing Traffic;Stop Sign;Wednesday;Intersection;32;0;Two-Way, Not Divided;2 lanes;0;#NULL!;#NULL!;Coarse Asphalt;#NULL!;T-Intersection;Motorist Failed to Yield - Sign-Controlled Intersection;Local Street;C: Possible Injury;New Hanover;47;Clear;#NULL!;0-5 mph;20 - 25  MPH;2011;Daylight;40-49
34.2401567682, -77.9044023101;"{""type"": ""Point"", ""coordinates"": [-77.90440231007445, 34.240156768243494]}";White;Wilmington;Sidewalk / Crosswalk / Driveway Crossing;2;11;Urban (>70% Developed);Male;Passenger Car;0;#NULL!;0;0;White;No;0;70+;Motorist Drive Out - Right Turn on Red;None;No;No;Dry;0;Urban;No;15JUN2011;0;11:07;Female;No;Commercial;C: Possible Injury;No;O: No Injury;3137;June;0;Straight - Level;Coastal;With Traffic;Flashing Stop And Go Signal;Wednesday;Intersection;70+;0;Two-Way, Not Divided;5 lanes;0;#NULL!;#NULL!;Coarse Asphalt;#NULL!;No Special Feature;Motorist Failed to Yield - Signalized Intersection;Local Street;C: Possible Injury;New Hanover;22;Clear;#NULL!;0-5 mph;40 - 45  MPH;2011;Daylight;20-24
35.9571770682, -79.9984030287;"{""type"": ""Point"", ""coordinates"": [-79.99840302874802, 35.95717706821808]}";Black;High Point;Non-Roadway;2;19;Urban (>70% Developed);Male;Passenger Car;0;#NULL!;0;0;White;No;0;6-10;Non-Roadway;None;No;No;Dry;0;Urban;No;13JUN2011;0;19:31;Female;No;Residential;A: Disabling Injury;Yes;O: No Injury;3146;June;0;Straight - Level;Piedmont;Not Applicable;No Control Present;Monday;Non-Roadway;6;0;Two-Way, Not Divided;Unknown;0;#NULL!;#NULL!;Smooth Asphalt;#NULL!;Driveway, Public;Non-Roadway;Public Vehicular Area;A: Disabling Injury;Guilford;42;Clear;#NULL!;11-15 mph;Unknown;2011;Daylight;40-49
35.2321268839, -80.8272032372;"{""type"": ""Point"", ""coordinates"": [-80.8272032371747, 35.23212688392012]}";Black;Charlotte;Sidewalk / Crosswalk / Driveway Crossing;2;13;Urban (>70% Developed);Male;Pickup;0;#NULL!;0;0;White;No;0;11-15;Motorist Drive Out - Commercial Driveway / Alley;None;No;No;Dry;0;Urban;No;13JUN2011;0;13:03;Male;No;Commercial;C: Possible Injury;Yes;O: No Injury;3147;June;0;Straight - Grade;Piedmont;With Traffic;No Control Present;Monday;Non-Intersection;11;0;Two-Way, Divided, Unprotected Median;2 lanes;0;#NULL!;#NULL!;Smooth Asphalt;#NULL!;Other;Motorist Failed to Yield - Midblock;Local Street;C: Possible Injury;Mecklenburg;54;Clear;#NULL!;0-5 mph;20 - 25  MPH;2011;Daylight;50-59
35.5950869618, -80.8098032524;"{""type"": ""Point"", ""coordinates"": [-80.8098032523866, 35.595086961752685]}";Black;Mooresville;Non-Roadway;2;18;Mixed (30% To 70% Developed);Female;Van;0;#NULL!;0;0;Black;No;0;6-10;Non-Roadway;None;No;No;Dry;0;Urban;No;15JUN2011;0;18:20;Female;No;Residential;C: Possible Injury;Yes;O: No Injury;3152;June;0;Straight - Grade;Piedmont;Not Applicable;No Control Present;Wednesday;Non-Roadway;9;0;Two-Way, Not Divided;2 lanes;0;#NULL!;#NULL!;Coarse Asphalt;#NULL!;Driveway, Public;Non-Roadway;Public Vehicular Area;C: Possible Injury;Iredell;63;Clear;#NULL!;0-5 mph;5 - 15 MPH;2011;Daylight;60-69
35.0095968455, -80.5629031464;"{""type"": ""Point"", ""coordinates"": [-80.56290314644986, 35.00959684545725]}";White;Monroe;Travel Lane;2;12;Urban (>70% Developed);Male;Passenger Car;0;#NULL!;0;0;White;No;0;16-19;Multiple Threat - Midblock;None;No;No;Dry;0;Urban;No;15JUN2011;0;12:59;Female;No;Commercial;K: Killed;Yes;O: No Injury;3153;June;0;Straight - Level;Piedmont;Not Applicable;No Control Present;Wednesday;Non-Intersection;16;0;Two-Way, Divided, Unprotected Median;6 lanes;0;#NULL!;#NULL!;Smooth Asphalt;#NULL!;Non-Intersection Median Crossing;Bicyclist Failed to Yield - Midblock;US Route;K: Killed;Union;18;Clear;#NULL!;36-40 mph;40 - 45  MPH;2011;Daylight;0-19
35.3291769069, -80.7518032206;"{""type"": ""Point"", ""coordinates"": [-80.75180322055905, 35.32917690693199]}";White;Charlotte;Bike Lane / Paved Shoulder;2;11;Mixed (30% To 70% Developed);Male;Passenger Car;0;#NULL!;0;0;White;No;0;40-49;Motorist Right Turn - Same Direction;None;No;No;Dry;0;Urban;No;17JUN2011;0;11:40;Female;No;Commercial;B: Evident Injury;No;O: No Injury;3159;June;0;Straight - Level;Piedmont;With Traffic;Stop And Go Signal;Friday;Non-Intersection;46;0;Two-Way, Divided, Positive Median Barrier;4 lanes;0;#NULL!;#NULL!;Coarse Asphalt;#NULL!;No Special Feature;Motorist Right Turn / Merge;Local Street;B: Evident Injury;Mecklenburg;47;Clear;#NULL!;0-5 mph;40 - 45  MPH;2011;Daylight;40-49
34.3308767627, -78.6868025502;"{""type"": ""Point"", ""coordinates"": [-78.68680255020888, 34.330876762672844]}";Black;Whiteville;Travel Lane;2;17;Urban (>70% Developed);Male;Passenger Car;0;#NULL!;0;0;Black;No;0;16-19;Motorist Overtaking - Bicyclist Swerved;None;No;No;Dry;0;Urban;No;20JUN2011;0;17:01;Female;No;Residential;C: Possible Injury;No;O: No Injury;3161;June;0;Straight - Level;Coastal;With Traffic;No Control Present;Monday;Non-Intersection;16;0;Two-Way, Not Divided;2 lanes;0;#NULL!;#NULL!;Smooth Asphalt;#NULL!;No Special Feature;Motorist Overtaking Bicyclist;Local Street;C: Possible Injury;Columbus;26;Clear;#NULL!;11-15 mph;30 - 35  MPH;2011;Daylight;25-29
34.2270767698, -77.7826022722;"{""type"": ""Point"", ""coordinates"": [-77.78260227216144, 34.22707676979138]}";White;Wrightsville Beach;Travel Lane;2;8;Urban (>70% Developed);Male;Passenger Car;0;#NULL!;0;0;White;No;0;25-29;Bicyclist Overtaking - Passing on Right;None;No;No;Dry;0;Rural;No;25JUN2011;0;8:38;Female;No;Residential;C: Possible Injury;Yes;O: No Injury;3166;June;0;Straight - Level;Coastal;With Traffic;Stop Sign;Saturday;Non-Intersection;28;0;Two-Way, Not Divided;Unknown;0;#NULL!;#NULL!;Concrete;#NULL!;Driveway, Public;Bicyclist Overtaking Motorist;Public Vehicular Area;C: Possible Injury;New Hanover;63;Clear;#NULL!;21-25 mph;20 - 25  MPH;2011;Daylight;60-69
35.9181071059, -78.7433026479;"{""type"": ""Point"", ""coordinates"": [-78.74330264790846, 35.91810710589203]}";White;Raleigh;Travel Lane;2;15;Urban (>70% Developed);Male;Van;0;#NULL!;0;0;Black;No;0;16-19;Bicyclist Lost Control - Other / Unknown;None;No;No;Dry;0;Urban;No;11JUL2011;0;15:59;Female;No;Commercial;C: Possible Injury;Yes;O: No Injury;3176;July;0;Straight - Level;Piedmont;Facing Traffic;No Control Present;Monday;Non-Intersection;17;0;Two-Way, Divided, Unprotected Median;Unknown;0;#NULL!;#NULL!;Coarse Asphalt;#NULL!;Driveway, Public;Loss of Control / Turning Error;Public Vehicular Area;C: Possible Injury;Wake;38;Clear;#NULL!;0-5 mph;5 - 15 MPH;2011;Daylight;30-39
34.2282267645, -77.94200232;"{""type"": ""Point"", ""coordinates"": [-77.9420023199881, 34.22822676453051]}";White;Wilmington;Travel Lane;2;2;Urban (>70% Developed);Male;Unknown;0;#NULL!;0;0;Unknown/Missing;No;0;25-29;Motorist Overtaking - Other / Unknown;None;No;No;Dry;0;Urban;Yes;23JUN2011;0;2:51;Unknown;Missing;Residential;B: Evident Injury;No;Unknown Injury;3178;June;0;Straight - Level;Coastal;With Traffic;No Control Present;Thursday;Non-Intersection;28;0;Two-Way, Not Divided;2 lanes;0;#NULL!;#NULL!;Smooth Asphalt;#NULL!;No Special Feature;Motorist Overtaking Bicyclist;Local Street;B: Evident Injury;New Hanover;Unknown;Clear;#NULL!;Unknown;Unknown;2011;Dark - Lighted Roadway;Unknown
35.8871371409, -77.530002277;"{""type"": ""Point"", ""coordinates"": [-77.53000227697008, 35.887137140860354]}";Black;Princeville;Bike Lane / Paved Shoulder;2;14;Urban (>70% Developed);Male;Sport Utility;0;#NULL!;0;0;Black;No;0;30-39;Bicyclist Left Turn - Same Direction;None;No;No;Dry;0;Rural;No;16JUL2011;0;14:09;Male;No;Residential;C: Possible Injury;Yes;O: No Injury;3186;July;0;Straight - Level;Coastal;With Traffic;Double Yellow Line, No Passing Zone;Saturday;Non-Intersection;33;0;Two-Way, Not Divided;2 lanes;0;#NULL!;#NULL!;Coarse Asphalt;#NULL!;No Special Feature;Bicyclist Left Turn / Merge;NC Route;C: Possible Injury;Edgecombe;70+;Clear;#NULL!;31-35 mph;30 - 35  MPH;2011;Daylight;70+
35.3848870178, -77.9682023845;"{""type"": ""Point"", ""coordinates"": [-77.96820238454278, 35.38488701781773]}";Black;Goldsboro;Travel Lane;2;19;Urban (>70% Developed);Male;Sport Utility;0;#NULL!;0;0;Black;No;0;16-19;Bicyclist Ride Out - Sign-Controlled Intersection;None;No;No;Dry;0;Urban;No;26JUN2011;0;19:27;Female;No;Residential;B: Evident Injury;Yes;O: No Injury;3187;June;0;Straight - Level;Coastal;With Traffic;Stop Sign;Sunday;Intersection;17;0;Two-Way, Not Divided;2 lanes;0;#NULL!;#NULL!;Coarse Asphalt;#NULL!;Four-Way Intersection;Bicyclist Failed to Yield - Sign-Controlled Intersection;Local Street;B: Evident Injury;Wayne;63;Clear;#NULL!;26-30 mph;20 - 25  MPH;2011;Daylight;60-69
35.7230070931, -77.9044023833;"{""type"": ""Point"", ""coordinates"": [-77.90440238332016, 35.72300709305349]}";Black;Wilson;Travel Lane;2;0;Mixed (30% To 70% Developed);Male;Unknown;0;#NULL!;0;0;Unknown/Missing;No;0;50-59;Unknown Approach Paths;None;No;No;Unknown;0;Urban;Yes;15MAY2011;0;0:00;Unknown;Missing;Residential;C: Possible Injury;Yes;Unknown Injury;3196;May;0;Straight - Level;Coastal;Unknown;Stop And Go Signal;Sunday;Intersection-Related;50;0;Two-Way, Not Divided;2 lanes;0;#NULL!;#NULL!;Coarse Asphalt;#NULL!;Y-Intersection;Other / Unknown - Insufficient Details;Local Street;C: Possible Injury;Wilson;Unknown;Cloudy;#NULL!;31-35 mph;30 - 35  MPH;2011;Dark - Lighted Roadway;Unknown
35.3621768704, -81.9429035763;"{""type"": ""Point"", ""coordinates"": [-81.94290357633021, 35.362176870371925]}";Black;Rutherfordton;Non-Roadway;2;18;Urban (>70% Developed);Male;Passenger Car;0;#NULL!;0;0;Black;No;0;20-24;Non-Roadway;None;No;No;Dry;0;Rural;No;04JUL2011;0;18:30;Male;No;Commercial;C: Possible Injury;No;O: No Injury;3204;July;0;Curve - Level;Mountains;Not Applicable;No Control Present;Monday;Non-Roadway;20;0;Two-Way, Not Divided;2 lanes;0;#NULL!;#NULL!;Smooth Asphalt;#NULL!;No Special Feature;Non-Roadway;Public Vehicular Area;C: Possible Injury;Rutherford;26;Clear;#NULL!;21-25 mph;30 - 35  MPH;2011;Daylight;25-29
36.2174370596, -81.681603548;"{""type"": ""Point"", ""coordinates"": [-81.68160354803642, 36.21743705961996]}";White;Boone;Travel Lane;1;23;Urban (>70% Developed);Male;Unknown;0;#NULL!;0;0;Unknown/Missing;No;0;30-39;Bicycle Only;None;No;No;Dry;0;Rural;No;12JUL2011;0;23:47;Unknown;Missing;Commercial;Unknown Injury;Yes;Unknown Injury;3220;July;0;Straight - Grade;Mountains;With Traffic;Double Yellow Line, No Passing Zone;Tuesday;Non-Intersection;37;0;Two-Way, Not Divided;3 lanes;0;#NULL!;#NULL!;Smooth Asphalt;#NULL!;No Special Feature;Other / Unusual Circumstances;US Route;C: Possible Injury;Watauga;Unknown;Clear;#NULL!;Unknown;Unknown;2011;Dark - Lighted Roadway;Unknown
35.8366070921, -78.6216026071;"{""type"": ""Point"", ""coordinates"": [-78.6216026071364, 35.83660709214745]}";White;Raleigh;Travel Lane;2;23;Mixed (30% To 70% Developed);Female;Passenger Car;0;#NULL!;0;0;White;No;0;20-24;Bicyclist Lost Control - Other / Unknown;None;No;No;Dry;0;Urban;No;27JUL2011;0;23:28;Male;No;Residential;B: Evident Injury;Yes;O: No Injury;3228;July;0;Straight - Grade;Piedmont;With Traffic;Stop Sign;Wednesday;Intersection;20;0;Two-Way, Not Divided;2 lanes;0;#NULL!;#NULL!;Smooth Asphalt;#NULL!;Four-Way Intersection;Loss of Control / Turning Error;Local Street;B: Evident Injury;Wake;33;Clear;#NULL!;31-35 mph;30 - 35  MPH;2011;Dark - Roadway Not Lighted;30-39
36.1578272594, -75.7496017453;"{""type"": ""Point"", ""coordinates"": [-75.74960174530871, 36.15782725940616]}";Asian;Duck;Travel Lane;2;15;Urban (>70% Developed);Female;Passenger Car;0;#NULL!;0;0;White;No;0;16-19;Motorist Drive Out - Sign-Controlled Intersection;None;No;No;Dry;0;Rural;No;05JUL2011;0;15:33;Male;No;Residential;C: Possible Injury;No;O: No Injury;3230;July;0;Straight - Level;Coastal;With Traffic;Stop Sign;Tuesday;Intersection;19;0;Two-Way, Not Divided;4 lanes;0;#NULL!;#NULL!;Coarse Asphalt;#NULL!;No Special Feature;Motorist Failed to Yield - Sign-Controlled Intersection;NC Route;C: Possible Injury;Dare;68;Clear;#NULL!;0-5 mph;5 - 15 MPH;2011;Daylight;60-69
35.646467044, -78.8353026615;"{""type"": ""Point"", ""coordinates"": [-78.83530266154487, 35.64646704404502]}";Black;Holly Springs;Driveway / Alley;2;9;Mixed (30% To 70% Developed);Male;Passenger Car;0;#NULL!;0;0;Black;No;0;50-59;Bicyclist Ride Out - Residential Driveway;None;No;No;Dry;0;Urban;No;29JUL2011;0;9:32;Female;No;Residential;C: Possible Injury;Yes;O: No Injury;3231;July;0;Straight - Level;Piedmont;Not Applicable;No Control Present;Friday;Non-Intersection;56;0;Two-Way, Not Divided;2 lanes;0;#NULL!;#NULL!;Coarse Asphalt;#NULL!;No Special Feature;Bicyclist Failed to Yield - Midblock;Local Street;C: Possible Injury;Wake;37;Clear;#NULL!;31-35 mph;30 - 35  MPH;2011;Daylight;30-39
35.7782770791, -78.639202609;"{""type"": ""Point"", ""coordinates"": [-78.63920260896393, 35.778277079079736]}";White;Raleigh;Travel Lane;2;5;Urban (>70% Developed);Male;Light Truck (Mini-Van, Panel);0;#NULL!;0;0;Other;No;0;30-39;Parallel Paths - Other / Unknown;None;No;No;Dry;0;Urban;Yes;30JUL2011;0;5:03;Male;No;Commercial;O: No Injury;Yes;O: No Injury;3245;July;0;Straight - Level;Piedmont;With Traffic;No Control Present;Saturday;Non-Intersection;32;0;Two-Way, Not Divided;2 lanes;0;#NULL!;#NULL!;Smooth Asphalt;#NULL!;No Special Feature;Parallel Paths - Other Circumstances;Local Street;O: No Injury;Wake;20;Clear;#NULL!;21-25 mph;5 - 15 MPH;2011;Dark - Lighted Roadway;20-24
35.8030070791, -78.7868026548;"{""type"": ""Point"", ""coordinates"": [-78.78680265480493, 35.803007079140784]}";White;Cary;Travel Lane;2;7;Urban (>70% Developed);Male;Passenger Car;0;#NULL!;0;0;White;No;0;50-59;Motorist Right Turn - Same Direction;None;No;No;Dry;0;Urban;No;18JUL2011;0;7:38;Male;No;Residential;B: Evident Injury;No;O: No Injury;3247;July;0;Straight - Level;Piedmont;With Traffic;Stop Sign;Monday;Intersection;51;0;Two-Way, Not Divided;2 lanes;0;#NULL!;#NULL!;Coarse Asphalt;#NULL!;Four-Way Intersection;Motorist Right Turn / Merge;Local Street;B: Evident Injury;Wake;41;Clear;#NULL!;6-10 mph;20 - 25  MPH;2011;Daylight;40-49
35.9578070677, -80.0085030318;"{""type"": ""Point"", ""coordinates"": [-80.00850303178848, 35.95780706771038]}";Black;High Point;Sidewalk / Crosswalk / Driveway Crossing;2;10;Urban (>70% Developed);Male;Other Bus;0;#NULL!;0;0;White;No;0;50-59;Bicyclist Ride Through - Signalized Intersection;None;No;No;Dry;0;Urban;No;25JUL2011;0;10:44;Female;No;Commercial;C: Possible Injury;Yes;O: No Injury;3260;July;0;Straight - Level;Piedmont;Facing Traffic;Stop And Go Signal;Monday;Intersection;56;0;Two-Way, Not Divided;4 lanes;0;#NULL!;#NULL!;Coarse Asphalt;#NULL!;Four-Way Intersection;Bicyclist Failed to Yield - Signalized Intersection;Local Street;C: Possible Injury;Guilford;51;Clear;#NULL!;26-30 mph;30 - 35  MPH;2011;Daylight;50-59
34.7093668356, -79.0062026651;"{""type"": ""Point"", ""coordinates"": [-79.0062026650657, 34.70936683564988]}";Hispanic;None - Rural Crash;Travel Lane;2;23;Mixed (30% To 70% Developed);Male;Passenger Car;0;#NULL!;0;0;Native American;No;0;11-15;Motorist Overtaking - Other / Unknown;None;No;No;Dry;0;Rural;No;17APR2012;0;23:05;Female;No;Residential;B: Evident Injury;Yes;O: No Injury;1940;April;0;Straight - Level;Coastal;With Traffic;Double Yellow Line, No Passing Zone;Tuesday;Non-Intersection;15;0;Two-Way, Not Divided;2 lanes;0;#NULL!;#NULL!;Smooth Asphalt;#NULL!;No Special Feature;Motorist Overtaking Bicyclist;US Route;B: Evident Injury;Robeson;19;Cloudy;#NULL!;41-45 mph;50 - 55  MPH;2012;Dark - Roadway Not Lighted;0-19
34.2318867678, -77.8806023021;"{""type"": ""Point"", ""coordinates"": [-77.88060230211624, 34.23188676775214]}";Black;Wilmington;Travel Lane;2;13;Urban (>70% Developed);Male;Unknown;0;#NULL!;0;0;Unknown/Missing;No;0;40-49;Motorist Drive Out - Commercial Driveway / Alley;None;No;No;Dry;0;Urban;Yes;25MAR2012;0;13:41;Unknown;Missing;Residential;B: Evident Injury;Yes;Unknown Injury;1920;March;0;Straight - Level;Coastal;Facing Traffic;No Control Present;Sunday;Non-Intersection;40;0;Two-Way, Not Divided;3 lanes;0;#NULL!;#NULL!;Smooth Asphalt;#NULL!;Driveway, Private;Motorist Failed to Yield - Midblock;Local Street;B: Evident Injury;New Hanover;Unknown;Cloudy;#NULL!;21-25 mph;30 - 35  MPH;2012;Daylight;Unknown
34.2517767742, -77.8265022865;"{""type"": ""Point"", ""coordinates"": [-77.82650228654272, 34.25177677415476]}";White;Wilmington;Sidewalk / Crosswalk / Driveway Crossing;2;9;Urban (>70% Developed);Female;Passenger Car;0;#NULL!;0;0;White;No;0;25-29;Motorist Drive Out - Other Midblock;None;No;No;Dry;0;Urban;No;02APR2012;0;9:44;Female;No;Commercial;C: Possible Injury;Yes;O: No Injury;1930;April;0;Straight - Level;Coastal;Facing Traffic;Stop Sign;Monday;Non-Intersection;26;0;Two-Way, Divided, Positive Median Barrier;4 lanes;0;#NULL!;#NULL!;Smooth Asphalt;#NULL!;T-Intersection;Motorist Failed to Yield - Midblock;Local Street;C: Possible Injury;New Hanover;40;Clear;#NULL!;0-5 mph;40 - 45  MPH;2012;Daylight;40-49
35.5292069548, -80.6184031914;"{""type"": ""Point"", ""coordinates"": [-80.61840319142176, 35.529206954796074]}";Black;Kannapolis;Travel Lane;2;19;Urban (>70% Developed);Female;Single Unit Truck (2-Axle, 6-Tire);0;#NULL!;0;0;White;No;0;6-10;Bicyclist Lost Control - Mechanical Problems;None;No;No;Wet;0;Urban;No;31MAR2012;0;19:07;Male;No;Residential;B: Evident Injury;Yes;O: No Injury;1922;March;0;Straight - Hillcrest;Piedmont;Facing Traffic;No Control Present;Saturday;Intersection;7;0;Two-Way, Not Divided;2 lanes;0;#NULL!;#NULL!;Smooth Asphalt;#NULL!;No Special Feature;Loss of Control / Turning Error;Local Street;B: Evident Injury;Rowan;70+;Rain;#NULL!;26-30 mph;30 - 35  MPH;2012;Daylight;70+
35.4600869946, -79.1162027363;"{""type"": ""Point"", ""coordinates"": [-79.11620273627028, 35.460086994568314]}";White;Sanford;Travel Lane;2;15;Urban (>70% Developed);Male;Sport Utility;0;#NULL!;0;0;Black;No;0;40-49;Motorist Drive Out - Right Turn on Red;None;No;No;Dry;0;Urban;No;10APR2012;0;15:46;Female;No;Commercial;C: Possible Injury;No;O: No Injury;1942;April;0;Straight - Grade;Piedmont;Facing Traffic;Stop And Go Signal;Tuesday;Intersection;49;0;Two-Way, Not Divided;6 lanes;0;#NULL!;#NULL!;Smooth Asphalt;#NULL!;Four-Way Intersection;Motorist Failed to Yield - Signalized Intersection;Local Street;C: Possible Injury;Lee;60;Clear;#NULL!;6-10 mph;40 - 45  MPH;2012;Daylight;60-69
35.2687070053, -77.5831022615;"{""type"": ""Point"", ""coordinates"": [-77.58310226149541, 35.26870700529436]}";Black;Kinston;Non-Roadway;2;12;Urban (>70% Developed);Male;Passenger Car;0;#NULL!;0;0;Black;No;0;16-19;Crossing Paths - Uncontrolled Intersection;None;No;No;Dry;0;Urban;No;13APR2012;0;12:42;Female;No;Commercial;C: Possible Injury;No;C: Possible Injury;1914;April;0;Straight - Level;Coastal;Not Applicable;No Control Present;Friday;Intersection-Related;18;0;Two-Way, Not Divided;2 lanes;0;#NULL!;#NULL!;Coarse Asphalt;#NULL!;No Special Feature;Crossing Paths - Other Circumstances;Local Street;C: Possible Injury;Lenoir;46;Clear;#NULL!;6-10 mph;30 - 35  MPH;2012;Daylight;40-49
35.7274870172, -80.0684030369;"{""type"": ""Point"", ""coordinates"": [-80.06840303690218, 35.727487017154395]}";White;None - Rural Crash;Travel Lane;2;9;Mixed (30% To 70% Developed);Male;Pickup;0;#NULL!;0;0;White;No;0;40-49;Motorist Right Turn - Same Direction;None;No;No;Dry;0;Rural;No;14APR2012;0;9:27;Male;No;Residential;B: Evident Injury;Yes;O: No Injury;1913;April;0;Straight - Level;Piedmont;With Traffic;No Control Present;Saturday;Non-Intersection;46;0;Two-Way, Not Divided;2 lanes;0;#NULL!;#NULL!;Smooth Asphalt;#NULL!;No Special Feature;Motorist Right Turn / Merge;State Secondary Route;B: Evident Injury;Davidson;65;Clear;#NULL!;51-55 mph;50 - 55  MPH;2012;Daylight;60-69
35.1669369661, -78.0935024117;"{""type"": ""Point"", ""coordinates"": [-78.09350241173014, 35.16693696613939]}";Black;None - Rural Crash;Travel Lane;2;16;Rural (<30% Developed);Male;Pickup;0;#NULL!;0;0;White;No;0;50-59;Motorist Overtaking - Misjudged Space;None;Yes;Yes;Dry;0;Rural;No;14APR2012;0;16:54;Male;No;Farms, Woods, Pastures;C: Possible Injury;Yes;O: No Injury;1943;April;0;Straight - Level;Coastal;With Traffic;No Control Present;Saturday;Non-Intersection;53;0;Two-Way, Not Divided;2 lanes;0;#NULL!;#NULL!;Coarse Asphalt;#NULL!;No Special Feature;Motorist Overtaking Bicyclist;US Route;C: Possible Injury;Duplin;70+;Clear;#NULL!;51-55 mph;50 - 55  MPH;2012;Daylight;70+
34.9787068404, -80.5377031378;"{""type"": ""Point"", ""coordinates"": [-80.53770313779322, 34.97870684041482]}";Black;Monroe;Travel Lane;2;17;Urban (>70% Developed);Male;Passenger Car;0;#NULL!;0;0;Black;No;0;50-59;Motorist Left Turn - Opposite Direction;None;No;No;Dry;0;Urban;No;04APR2012;0;17:32;Female;No;Residential;C: Possible Injury;Yes;O: No Injury;1928;April;0;Straight - Level;Piedmont;With Traffic;Stop Sign;Wednesday;Intersection;53;0;Two-Way, Not Divided;2 lanes;0;#NULL!;#NULL!;Smooth Asphalt;#NULL!;Four-Way Intersection;Motorist Left Turn / Merge;Local Street;C: Possible Injury;Union;19;Clear;#NULL!;21-25 mph;30 - 35  MPH;2012;Daylight;0-19