Geo Point;Geo Shape;BikeRace;City;BikePos;NumUnits;CrashHour;Locality;BikeSex;DrvrVehTyp;NumBikesNo;BikeAlcDrg;NumBikesBI;RteInvdCd;DrvrRace;Workzone;NumBikesCi;BikeAgeGrp;CrashType;RdDefects;CrashAlcoh;BikeAlcoho;RdConditio;DstncMiFrm;RuralUrban;HitRun;CrashDate;NumBikesUI;CrashTime;DrvrSex;DrvrAlcoho;Developmen;CrashSevr;AmbulanceR;DrvrInjury;OBJECTID;CrashMonth;NumBikesKi;RdCharacte;Region;BikeDir;TraffCntrl;CrashDay;CrashLoc;BikeAge;NumBikesTo;RdConfig;NumLanes;NumBikesAI;DrvrAlcDrg;OnRoad;RdSurface;Towrd_Rd;RdFeature;CrashGrp;RdClass;BikeInjury;County;DrvrAge;Weather;FrmRd;DrvrEstSpd;SpeedLimit;CrashYear;LightCond;DrvrAgeGrp
36.3536871629, -79.6926029592;"{""type"": ""Point"", ""coordinates"": [-79.69260295919932, 36.35368716287189]}";Unknown/Missing;None - Rural Crash;Travel Lane;2;22;Rural (<30% Developed);Unknown;Passenger Car;0;#NULL!;0;0;White;No;0;Unknown;Motorist Overtaking - Misjudged Space;None;No;No;Dry;0;Rural;No;23APR2012;0;22:04;Female;No;Farms, Woods, Pastures;O: No Injury;No;O: No Injury;1953;April;0;Straight - Level;Piedmont;With Traffic;Double Yellow Line, No Passing Zone;Monday;Non-Intersection;Unknown;0;Two-Way, Not Divided;2 lanes;0;#NULL!;#NULL!;Smooth Asphalt;#NULL!;No Special Feature;Motorist Overtaking Bicyclist;NC Route;Unknown Injury;Rockingham;40;Clear;#NULL!;41-45 mph;40 - 45  MPH;2012;Dark - Roadway Not Lighted;40-49
36.0948171011, -79.8913030041;"{""type"": ""Point"", ""coordinates"": [-79.89130300413322, 36.09481710107553]}";White;Greensboro;Sidewalk / Crosswalk / Driveway Crossing;2;9;Urban (>70% Developed);Female;Passenger Car;0;#NULL!;0;0;Black;No;0;16-19;Motorist Drive Out - Right Turn on Red;None;No;No;Dry;0;Urban;No;04APR2012;0;9:57;Male;No;Commercial;C: Possible Injury;No;O: No Injury;1944;April;0;Straight - Bottom;Piedmont;Facing Traffic;Stop And Go Signal;Wednesday;Intersection;17;0;Two-Way, Not Divided;9 or more lanes;0;#NULL!;#NULL!;Smooth Asphalt;#NULL!;No Special Feature;Motorist Failed to Yield - Signalized Intersection;Local Street;C: Possible Injury;Guilford;17;Clear;#NULL!;0-5 mph;30 - 35  MPH;2012;Daylight;0-19
35.7898170755, -78.8274026664;"{""type"": ""Point"", ""coordinates"": [-78.82740266643651, 35.78981707546844]}";White;Cary;Sidewalk / Crosswalk / Driveway Crossing;3;15;Urban (>70% Developed);Female;Passenger Car;0;#NULL!;0;0;Black;No;0;6-10;Parallel Paths - Other / Unknown;None;No;No;Dry;0;Urban;No;21APR2012;0;15:36;Male;No;Commercial;C: Possible Injury;Yes;C: Possible Injury;1983;April;0;Straight - Grade;Piedmont;With Traffic;No Control Present;Saturday;Non-Intersection;7;0;Two-Way, Divided, Unprotected Median;4 lanes;0;#NULL!;#NULL!;Smooth Asphalt;#NULL!;Related To Intersection;Parallel Paths - Other Circumstances;State Secondary Route;C: Possible Injury;Wake;50;Clear;#NULL!;Unknown;40 - 45  MPH;2012;Daylight;50-59
35.8578670083, -81.0414033357;"{""type"": ""Point"", ""coordinates"": [-81.04140333569099, 35.857867008301625]}";White;None - Rural Crash;Travel Lane;2;16;Urban (>70% Developed);Male;Pickup;0;#NULL!;0;0;White;No;0;11-15;Bicyclist Ride Out - Sign-Controlled Intersection;None;No;No;Dry;0;Rural;No;02MAY2012;0;16:44;Male;No;Commercial;B: Evident Injury;Yes;O: No Injury;1986;May;0;Straight - Level;Piedmont;With Traffic;Double Yellow Line, No Passing Zone;Wednesday;Intersection;15;0;Two-Way, Not Divided;2 lanes;0;#NULL!;#NULL!;Smooth Asphalt;#NULL!;T-Intersection;Bicyclist Failed to Yield - Sign-Controlled Intersection;NC Route;B: Evident Injury;Iredell;70+;Clear;#NULL!;26-30 mph;30 - 35  MPH;2012;Daylight;70+
36.0493371234, -79.0299027423;"{""type"": ""Point"", ""coordinates"": [-79.02990274234294, 36.04933712340937]}";White;None - Rural Crash;Travel Lane;2;20;Mixed (30% To 70% Developed);Male;Sport Utility;0;#NULL!;0;0;Other;No;0;50-59;Motorist Overtaking - Other / Unknown;None;No;No;Dry;0;Rural;No;16APR2012;0;20:11;Female;No;Residential;A: Disabling Injury;Yes;O: No Injury;1973;April;0;Straight - Level;Piedmont;With Traffic;Double Yellow Line, No Passing Zone;Monday;Non-Intersection;53;0;Two-Way, Not Divided;2 lanes;0;#NULL!;#NULL!;Smooth Asphalt;#NULL!;No Special Feature;Motorist Overtaking Bicyclist;US Route;A: Disabling Injury;Orange;24;Clear;#NULL!;51-55 mph;50 - 55  MPH;2012;Dusk;20-24
35.2821968978, -80.7340032119;"{""type"": ""Point"", ""coordinates"": [-80.73400321192715, 35.28219689782104]}";Black;Charlotte;Travel Lane;2;14;Rural (<30% Developed);Female;Pickup;0;#NULL!;0;0;Hispanic;No;0;16-19;Motorist Drive Out - Sign-Controlled Intersection;None;No;No;Dry;0;Urban;No;28MAR2012;0;14:50;Male;No;Residential;B: Evident Injury;Yes;O: No Injury;1965;March;0;Straight - Level;Piedmont;Facing Traffic;Stop Sign;Wednesday;Intersection;18;0;Two-Way, Not Divided;2 lanes;0;#NULL!;#NULL!;Smooth Asphalt;#NULL!;T-Intersection;Motorist Failed to Yield - Sign-Controlled Intersection;Local Street;B: Evident Injury;Mecklenburg;42;Clear;#NULL!;0-5 mph;40 - 45  MPH;2012;Daylight;40-49
35.1141369896, -77.052302093;"{""type"": ""Point"", ""coordinates"": [-77.05230209295168, 35.11413698964637]}";Black;New Bern;Travel Lane;2;13;Urban (>70% Developed);Female;Pickup;0;#NULL!;0;0;Black;No;0;20-24;Bicyclist Ride Through - Sign-Controlled Intersection;None;No;No;Dry;0;Urban;No;20APR2012;0;13:23;Male;No;Residential;C: Possible Injury;Yes;O: No Injury;1946;April;0;Straight - Level;Coastal;With Traffic;Stop Sign;Friday;Intersection;20;0;Two-Way, Not Divided;2 lanes;0;#NULL!;#NULL!;Smooth Asphalt;#NULL!;Four-Way Intersection;Bicyclist Failed to Yield - Sign-Controlled Intersection;Local Street;C: Possible Injury;Craven;63;Clear;#NULL!;11-15 mph;20 - 25  MPH;2012;Daylight;60-69
35.8849471023, -78.6272026107;"{""type"": ""Point"", ""coordinates"": [-78.62720261071287, 35.884947102343325]}";White;Raleigh;Travel Lane;2;20;Urban (>70% Developed);Male;Passenger Car;0;#NULL!;0;0;Hispanic;No;0;20-24;Signalized Intersection - Other / Unknown;None;No;No;Dry;0;Urban;No;16APR2012;0;20:25;Male;No;Commercial;O: No Injury;No;O: No Injury;1969;April;0;Straight - Level;Piedmont;Facing Traffic;Stop And Go Signal;Monday;Intersection;24;0;Two-Way, Divided, Unprotected Median;4 lanes;0;#NULL!;#NULL!;Smooth Asphalt;#NULL!;T-Intersection;Crossing Paths - Other Circumstances;Local Street;O: No Injury;Wake;27;Clear;#NULL!;0-5 mph;20 - 25  MPH;2012;Dark - Lighted Roadway;25-29
34.2215167652, -77.8918023052;"{""type"": ""Point"", ""coordinates"": [-77.8918023052057, 34.22151676522739]}";White;Wilmington;Travel Lane;2;11;Urban (>70% Developed);Male;Unknown;0;#NULL!;0;0;Unknown/Missing;No;0;11-15;Motorist Overtaking - Other / Unknown;None;No;No;Dry;0;Urban;Yes;28APR2012;0;11:11;Unknown;Missing;Residential;B: Evident Injury;Yes;Unknown Injury;1984;April;0;Straight - Level;Coastal;With Traffic;No Control Present;Saturday;Intersection-Related;13;0;Two-Way, Not Divided;2 lanes;0;#NULL!;#NULL!;Coarse Asphalt;#NULL!;No Special Feature;Motorist Overtaking Bicyclist;.;B: Evident Injury;New Hanover;Unknown;Clear;#NULL!;Unknown;30 - 35  MPH;2012;Daylight;Unknown
33.9211366939, -78.0202023291;"{""type"": ""Point"", ""coordinates"": [-78.02020232911939, 33.921136693916466]}";Black;Southport;Travel Lane;2;16;Urban (>70% Developed);Male;Pickup;0;#NULL!;0;0;White;No;0;60-69;Bicyclist Left Turn - Same Direction;None;No;No;Dry;0;Rural;No;26MAR2012;0;16:40;Male;No;Commercial;C: Possible Injury;No;O: No Injury;1947;March;0;Unknown;Coastal;With Traffic;No Control Present;Monday;Non-Intersection;67;0;Two-Way, Divided, Unprotected Median;Unknown;0;#NULL!;#NULL!;Smooth Asphalt;#NULL!;No Special Feature;Bicyclist Left Turn / Merge;.;C: Possible Injury;Brunswick;18;Clear;#NULL!;Unknown;Unknown;2012;Daylight;0-19
35.2023668806, -80.7302032065;"{""type"": ""Point"", ""coordinates"": [-80.7302032064598, 35.202366880624105]}";Black;Charlotte;Sidewalk / Crosswalk / Driveway Crossing;2;16;Rural (<30% Developed);Male;Passenger Car;0;#NULL!;0;0;Black;No;0;40-49;Crossing Paths - Uncontrolled Intersection;None;No;No;Dry;0;Urban;No;07MAY2012;0;16:28;Female;No;Residential;C: Possible Injury;No;O: No Injury;1997;May;0;Straight - Level;Piedmont;Facing Traffic;No Control Present;Monday;Intersection-Related;47;0;Two-Way, Not Divided;1 lane;0;#NULL!;#NULL!;Smooth Asphalt;#NULL!;No Special Feature;Crossing Paths - Other Circumstances;Local Street;C: Possible Injury;Mecklenburg;55;Clear;#NULL!;0-5 mph;20 - 25  MPH;2012;Daylight;50-59
34.1966767606, -77.8440022893;"{""type"": ""Point"", ""coordinates"": [-77.84400228929918, 34.19667676058246]}";White;Wilmington;Sidewalk / Crosswalk / Driveway Crossing;2;7;Urban (>70% Developed);Female;Sport Utility;0;#NULL!;0;0;White;No;0;6-10;Crossing Paths - Midblock - Other / Unknown;None;No;No;Dry;0;Urban;No;03MAY2012;0;7:39;Female;No;Commercial;O: No Injury;No;O: No Injury;1990;May;0;Straight - Level;Coastal;Not Applicable;Human Control;Thursday;Non-Intersection;9;0;Two-Way, Divided, Unprotected Median;3 lanes;0;#NULL!;#NULL!;Coarse Asphalt;#NULL!;No Special Feature;Crossing Paths - Other Circumstances;Local Street;O: No Injury;New Hanover;59;Clear;#NULL!;0-5 mph;30 - 35  MPH;2012;Daylight;50-59
35.4062470218, -77.9785023895;"{""type"": ""Point"", ""coordinates"": [-77.97850238953448, 35.40624702180072]}";Black;None - Rural Crash;Travel Lane;2;20;Rural (<30% Developed);Female;Passenger Car;0;#NULL!;0;0;Black;No;0;16-19;Head-On - Bicyclist;None;No;No;Dry;0;Rural;No;07MAY2012;0;20:50;Male;No;Farms, Woods, Pastures;C: Possible Injury;Yes;O: No Injury;1999;May;0;Straight - Level;Coastal;Facing Traffic;Double Yellow Line, No Passing Zone;Monday;Non-Intersection;16;0;Two-Way, Not Divided;2 lanes;0;#NULL!;#NULL!;Smooth Asphalt;#NULL!;No Special Feature;Head-On;State Secondary Route;C: Possible Injury;Wayne;49;Clear;#NULL!;41-45 mph;40 - 45  MPH;2012;Dark - Roadway Not Lighted;40-49
35.9159370933, -79.0644027448;"{""type"": ""Point"", ""coordinates"": [-79.06440274480195, 35.91593709327096]}";Unknown/Missing;Chapel Hill;Travel Lane;2;18;Urban (>70% Developed);Unknown;Passenger Car;0;#NULL!;0;0;White;No;0;Unknown;Bicyclist Left Turn - Opposite Direction;None;No;Missing;Dry;0;Urban;No;30APR2012;0;18:27;Male;No;Residential;O: No Injury;No;O: No Injury;1991;April;0;Curve - Grade;Piedmont;Facing Traffic;No Control Present;Monday;Non-Intersection;Unknown;0;Two-Way, Not Divided;1 lane;0;#NULL!;#NULL!;Smooth Asphalt;#NULL!;No Special Feature;Bicyclist Left Turn / Merge;Local Street;Unknown Injury;Orange;27;Clear;#NULL!;31-35 mph;30 - 35  MPH;2012;Daylight;25-29
34.239406768, -77.9024023084;"{""type"": ""Point"", ""coordinates"": [-77.90240230844324, 34.23940676804964]}";Black;Wilmington;Travel Lane;2;16;Urban (>70% Developed);Male;Unknown;0;#NULL!;0;0;Unknown/Missing;No;0;20-24;Motorist Intentionally Caused;None;No;No;Dry;0;Urban;Yes;02MAY2012;0;16:36;Unknown;Missing;Residential;B: Evident Injury;Yes;Unknown Injury;1992;May;0;Straight - Level;Coastal;Facing Traffic;No Control Present;Wednesday;Non-Intersection;21;0;Two-Way, Not Divided;2 lanes;0;#NULL!;#NULL!;Coarse Asphalt;#NULL!;No Special Feature;Other / Unusual Circumstances;Local Street;B: Evident Injury;New Hanover;Unknown;Clear;#NULL!;Unknown;Unknown;2012;Daylight;Unknown
35.9004070914, -79.0408027366;"{""type"": ""Point"", ""coordinates"": [-79.04080273660107, 35.900407091375335]}";Asian;Chapel Hill;Travel Lane;2;15;Urban (>70% Developed);Male;Sport Utility;0;#NULL!;0;0;White;No;0;16-19;Bicyclist Left Turn - Same Direction;None;No;No;Dry;0;Urban;No;11APR2012;0;15:27;Male;No;Institutional;B: Evident Injury;No;O: No Injury;1989;April;0;Straight - Grade;Piedmont;With Traffic;No Control Present;Wednesday;Non-Intersection;19;0;Two-Way, Not Divided;4 lanes;0;#NULL!;#NULL!;Smooth Asphalt;#NULL!;No Special Feature;Bicyclist Left Turn / Merge;Local Street;B: Evident Injury;Orange;26;Clear;#NULL!;11-15 mph;20 - 25  MPH;2012;Daylight;25-29
34.7581568302, -79.4593028034;"{""type"": ""Point"", ""coordinates"": [-79.45930280336204, 34.75815683015105]}";Black;Laurinburg;Travel Lane;2;8;Urban (>70% Developed);Male;Passenger Car;0;#NULL!;0;0;Black;No;0;30-39;Motorist Lost Control - Other / Unknown;None;No;No;Dry;0;Urban;No;02MAY2012;0;8:08;Female;No;Residential;K: Killed;Yes;O: No Injury;2009;May;0;Straight - Level;Coastal;Facing Traffic;No Control Present;Wednesday;Non-Intersection;30;0;Two-Way, Not Divided;2 lanes;0;#NULL!;#NULL!;Coarse Asphalt;#NULL!;No Special Feature;Loss of Control / Turning Error;Local Street;K: Killed;Scotland;64;Clear;#NULL!;31-35 mph;30 - 35  MPH;2012;Daylight;60-69
35.3001970267, -77.1510021324;"{""type"": ""Point"", ""coordinates"": [-77.15100213239242, 35.30019702671906]}";White;Vanceboro;Travel Lane;2;17;Mixed (30% To 70% Developed);Male;Passenger Car;0;#NULL!;0;0;Unknown/Missing;No;0;16-19;Bicyclist Overtaking - Parked Vehicle;None;No;No;Dry;0;Rural;No;19SEP2013;0;17:56;Unknown;Missing;Residential;O: No Injury;No;Unknown Injury;1478;September;0;Straight - Level;Coastal;With Traffic;No Control Present;Thursday;Non-Intersection;16;0;Two-Way, Not Divided;2 lanes;0;#NULL!;FARM LIFE AVE;Coarse Asphalt;#NULL!;No Special Feature;Bicyclist Overtaking Motorist;Local Street;O: No Injury;Craven;Unknown;Clear;#NULL!;0-5 mph;20 - 25  MPH;2013;Daylight;Unknown
35.9574170685, -79.9893030265;"{""type"": ""Point"", ""coordinates"": [-79.9893030265, 35.95741706854653]}";Black;High Point;Driveway / Alley;2;18;Urban (>70% Developed);Male;Passenger Car;0;#NULL!;0;0;Black;No;0;6-10;Bicyclist Ride Out - Residential Driveway;None;No;No;Dry;0;Urban;No;25AUG2013;0;18:05;Female;No;Residential;C: Possible Injury;Yes;O: No Injury;1488;August;0;Straight - Grade;Piedmont;Not Applicable;No Control Present;Sunday;Non-Intersection;10;0;Two-Way, Not Divided;2 lanes;0;#NULL!;FURLOUGH AV;Smooth Asphalt;#NULL!;No Special Feature;Bicyclist Failed to Yield - Midblock;Local Street;C: Possible Injury;Guilford;35;Clear;#NULL!;11-15 mph;30 - 35  MPH;2013;Daylight;30-39
35.2329368832, -80.8438032423;"{""type"": ""Point"", ""coordinates"": [-80.84380324234421, 35.23293688316114]}";White;None - Rural Crash;Travel Lane;2;11;Urban (>70% Developed);Male;Passenger Car;0;#NULL!;0;0;Black;No;0;30-39;Motorist Left Turn - Opposite Direction;None;No;No;Dry;0;Rural;No;22SEP2013;0;11:37;Male;No;Commercial;B: Evident Injury;Yes;O: No Injury;1487;September;0;Straight - Level;Piedmont;With Traffic;Stop And Go Signal;Sunday;Intersection;30;0;Two-Way, Not Divided;4 lanes;0;#NULL!;N GRAHAM ST;Smooth Asphalt;#NULL!;Four-Way Intersection;Motorist Left Turn / Merge;Local Street;B: Evident Injury;Mecklenburg;21;Clear;#NULL!;0-5 mph;30 - 35  MPH;2013;Daylight;20-24
35.5704068918, -82.5188037585;"{""type"": ""Point"", ""coordinates"": [-82.51880375848762, 35.57040689175349]}";White;Asheville;Non-Roadway;2;8;Urban (>70% Developed);Male;Passenger Car;0;#NULL!;0;0;Hispanic;No;0;11-15;Non-Roadway;None;No;No;Dry;0;Urban;No;28AUG2013;0;8:29;Male;No;Commercial;B: Evident Injury;Yes;O: No Injury;1491;August;0;Curve - Level;Mountains;Not Applicable;No Control Present;Wednesday;Non-Roadway;13;0;Two-Way, Not Divided;2 lanes;0;#NULL!;PVA 15 FUTURE DR;Smooth Asphalt;#NULL!;Driveway, Public;Non-Roadway;Public Vehicular Area;B: Evident Injury;Buncombe;17;Clear;#NULL!;0-5 mph;Unknown;2013;Daylight;0-19
35.3044769027, -80.7231032101;"{""type"": ""Point"", ""coordinates"": [-80.72310321013023, 35.30447690270445]}";Black;Charlotte;Sidewalk / Crosswalk / Driveway Crossing;2;16;Urban (>70% Developed);Female;Passenger Car;0;#NULL!;0;0;White;No;0;16-19;Bicyclist Ride Out - Parallel Path;None;No;No;Dry;0;Urban;No;21MAR2012;0;16:37;Female;No;Commercial;B: Evident Injury;Yes;O: No Injury;1860;March;0;Curve - Level;Piedmont;With Traffic;No Control Present;Wednesday;Intersection-Related;19;0;Two-Way, Divided, Unprotected Median;2 lanes;0;#NULL!;#NULL!;Smooth Asphalt;#NULL!;No Special Feature;Parallel Paths - Other Circumstances;Local Street;B: Evident Injury;Mecklenburg;55;Clear;#NULL!;41-45 mph;40 - 45  MPH;2012;Daylight;50-59
35.7387970736, -78.5490025795;"{""type"": ""Point"", ""coordinates"": [-78.54900257950483, 35.73879707363022]}";Black;None - Rural Crash;Bike Lane / Paved Shoulder;2;15;Urban (>70% Developed);Male;Passenger Car;0;#NULL!;0;0;Black;No;0;16-19;Motorist Lost Control - Other / Unknown;None;No;No;Dry;0;Rural;No;07APR2012;0;15:57;Female;No;Residential;A: Disabling Injury;Yes;O: No Injury;1903;April;0;Curve - Level;Piedmont;Facing Traffic;Double Yellow Line, No Passing Zone;Saturday;Non-Intersection;16;0;Two-Way, Not Divided;2 lanes;0;#NULL!;#NULL!;Smooth Asphalt;#NULL!;Driveway, Private;Loss of Control / Turning Error;State Secondary Route;A: Disabling Injury;Wake;21;Clear;#NULL!;41-45 mph;40 - 45  MPH;2012;Daylight;20-24
35.9902971166, -78.8689026893;"{""type"": ""Point"", ""coordinates"": [-78.86890268930347, 35.99029711658345]}";Hispanic;Durham;Sidewalk / Crosswalk / Driveway Crossing;2;18;Urban (>70% Developed);Male;Passenger Car;0;#NULL!;0;0;Hispanic;No;0;11-15;Bicyclist Ride Out - Parallel Path;None;No;No;Dry;0;Urban;No;20MAR2012;0;18:50;Male;No;Commercial;B: Evident Injury;Yes;O: No Injury;1864;March;0;Straight - Level;Piedmont;Facing Traffic;No Control Present;Tuesday;Non-Intersection;11;0;Two-Way, Not Divided;2 lanes;0;#NULL!;#NULL!;Smooth Asphalt;#NULL!;No Special Feature;Parallel Paths - Other Circumstances;Local Street;B: Evident Injury;Durham;30;Clear;#NULL!;26-30 mph;30 - 35  MPH;2012;Daylight;30-39
35.3537769341, -80.1668030469;"{""type"": ""Point"", ""coordinates"": [-80.1668030468568, 35.35377693411696]}";White;Albemarle;Travel Lane;2;23;Urban (>70% Developed);Male;Passenger Car;0;#NULL!;0;0;White;No;0;11-15;Motorist Overtaking - Other / Unknown;None;No;No;Dry;0;Urban;No;06MAR2012;0;23:16;Female;No;Commercial;B: Evident Injury;Yes;C: Possible Injury;1858;March;0;Straight - Level;Piedmont;With Traffic;Stop And Go Signal;Tuesday;Intersection-Related;14;0;Two-Way, Divided, Unprotected Median;5 lanes;0;#NULL!;#NULL!;Coarse Asphalt;#NULL!;Four-Way Intersection;Motorist Overtaking Bicyclist;Local Street;B: Evident Injury;Stanly;70+;Clear;#NULL!;31-35 mph;40 - 45  MPH;2012;Dark - Lighted Roadway;70+
35.5112770304, -78.3966025215;"{""type"": ""Point"", ""coordinates"": [-78.39660252151334, 35.511277030355224]}";Black;None - Rural Crash;Travel Lane;2;18;Urban (>70% Developed);Male;Passenger Car;0;#NULL!;0;0;Black;No;0;40-49;Bicyclist Ride Through - Sign-Controlled Intersection;None;Yes;Yes;Dry;0;Rural;No;17MAR2012;0;18:40;Female;No;Residential;B: Evident Injury;Yes;O: No Injury;1853;March;0;Straight - Level;Coastal;Facing Traffic;Stop Sign;Saturday;Intersection;48;0;Two-Way, Not Divided;2 lanes;0;#NULL!;#NULL!;Coarse Asphalt;#NULL!;T-Intersection;Bicyclist Failed to Yield - Sign-Controlled Intersection;NC Route;B: Evident Injury;Johnston;30;Clear;#NULL!;6-10 mph;50 - 55  MPH;2012;Daylight;30-39
34.2290867675, -77.8732023;"{""type"": ""Point"", ""coordinates"": [-77.87320229999284, 34.22908676745067]}";White;Wilmington;Sidewalk / Crosswalk / Driveway Crossing;2;12;Urban (>70% Developed);Male;Passenger Car;0;#NULL!;0;0;White;No;0;60-69;Motorist Right Turn - Same Direction;None;No;No;Dry;0;Urban;No;10APR2012;0;12:49;Female;No;Institutional;B: Evident Injury;Yes;O: No Injury;1899;April;0;Straight - Grade;Coastal;With Traffic;No Control Present;Tuesday;Non-Intersection;64;0;Two-Way, Not Divided;2 lanes;0;#NULL!;#NULL!;Smooth Asphalt;#NULL!;No Special Feature;Motorist Right Turn / Merge;Local Street;B: Evident Injury;New Hanover;21;Clear;#NULL!;0-5 mph;5 - 15 MPH;2012;Daylight;20-24
35.1378368619, -80.8793032481;"{""type"": ""Point"", ""coordinates"": [-80.87930324809048, 35.13783686186568]}";Black;Charlotte;Multi-use Path;2;13;Mixed (30% To 70% Developed);Male;Passenger Car;0;#NULL!;0;0;White;No;0;6-10;Signalized Intersection - Other / Unknown;None;No;No;Dry;0;Urban;No;05APR2012;0;13:00;Female;No;Commercial;O: No Injury;Yes;O: No Injury;1886;April;0;Straight - Hillcrest;Piedmont;Facing Traffic;Stop And Go Signal;Thursday;Intersection;10;0;Two-Way, Not Divided;3 lanes;0;#NULL!;#NULL!;Coarse Asphalt;#NULL!;No Special Feature;Crossing Paths - Other Circumstances;Local Street;O: No Injury;Mecklenburg;26;Clear;#NULL!;0-5 mph;30 - 35  MPH;2012;Daylight;25-29
34.780266904, -77.4293021911;"{""type"": ""Point"", ""coordinates"": [-77.42930219106199, 34.78026690399199]}";Black;Jacksonville;Unknown;2;21;Urban (>70% Developed);Male;Unknown;0;#NULL!;0;0;Unknown/Missing;No;0;16-19;Unknown Approach Paths;None;No;No;Wet;0;Urban;Yes;03MAR2012;0;21:45;Unknown;Missing;Residential;B: Evident Injury;Yes;Unknown Injury;1880;March;0;Straight - Level;Coastal;Unknown;No Control Present;Saturday;Non-Intersection;19;0;Two-Way, Not Divided;2 lanes;0;#NULL!;#NULL!;Coarse Asphalt;#NULL!;No Special Feature;Other / Unknown - Insufficient Details;Local Street;B: Evident Injury;Onslow;Unknown;Rain;#NULL!;Unknown;Unknown;2012;Dark - Unknown Lighting;Unknown
35.9813171095, -78.9980027285;"{""type"": ""Point"", ""coordinates"": [-78.99800272853317, 35.98131710946685]}";Other;None - Rural Crash;Travel Lane;2;19;Mixed (30% To 70% Developed);Male;Passenger Car;0;#NULL!;0;0;Black;No;0;30-39;Motorist Right Turn - Same Direction;None;No;No;Dry;0;Rural;No;26MAR2012;0;19:34;Female;No;Residential;B: Evident Injury;Yes;O: No Injury;1901;March;0;Straight - Grade;Piedmont;With Traffic;Stop Sign;Monday;Intersection;34;0;Two-Way, Not Divided;2 lanes;0;#NULL!;#NULL!;Smooth Asphalt;#NULL!;T-Intersection;Motorist Right Turn / Merge;State Secondary Route;B: Evident Injury;Orange;41;Clear;#NULL!;31-35 mph;40 - 45  MPH;2012;Daylight;40-49
34.7317668321, -79.2363027354;"{""type"": ""Point"", ""coordinates"": [-79.2363027354153, 34.731766832144274]}";Native American;None - Rural Crash;Bike Lane / Paved Shoulder;2;17;Rural (<30% Developed);Male;Unknown;0;#NULL!;0;0;Unknown/Missing;No;0;40-49;Motorist Overtaking - Other / Unknown;None;No;No;Wet;0;Rural;Yes;24AUG2012;0;17:03;Unknown;No;Farms, Woods, Pastures;C: Possible Injury;Yes;Unknown Injury;2346;August;0;Straight - Level;Coastal;With Traffic;No Control Present;Friday;Non-Intersection;40;0;Two-Way, Not Divided;2 lanes;0;#NULL!;#NULL!;Coarse Asphalt;#NULL!;No Special Feature;Motorist Overtaking Bicyclist;State Secondary Route;C: Possible Injury;Robeson;Unknown;Cloudy;#NULL!;51-55 mph;50 - 55  MPH;2012;Daylight;Unknown
36.0766970978, -79.8977030053;"{""type"": ""Point"", ""coordinates"": [-79.89770300533304, 36.076697097798466]}";White;Greensboro;Travel Lane;2;21;Urban (>70% Developed);Male;Passenger Car;0;#NULL!;0;0;Unknown/Missing;No;0;30-39;Signalized Intersection - Other / Unknown;None;No;No;Dry;0;Urban;Yes;23AUG2012;0;21:10;Unknown;No;Commercial;C: Possible Injury;Yes;O: No Injury;2347;August;0;Straight - Level;Piedmont;Facing Traffic;Stop And Go Signal;Thursday;Intersection;32;0;Two-Way, Not Divided;5 lanes;0;#NULL!;#NULL!;Smooth Asphalt;#NULL!;No Special Feature;Crossing Paths - Other Circumstances;Local Street;C: Possible Injury;Guilford;Unknown;Clear;#NULL!;6-10 mph;30 - 35  MPH;2012;Dark - Lighted Roadway;Unknown
35.7820770782, -78.6938026261;"{""type"": ""Point"", ""coordinates"": [-78.69380262610191, 35.78207707823066]}";Hispanic;Raleigh;Bike Lane / Paved Shoulder;2;19;Urban (>70% Developed);Male;Passenger Car;0;#NULL!;0;0;Black;No;0;40-49;Bicyclist Ride Out - Other Midblock;None;Yes;Yes;Dry;0;Urban;No;27AUG2012;0;19:20;Male;No;Residential;A: Disabling Injury;Yes;O: No Injury;2351;August;0;Straight - Level;Piedmont;Not Applicable;No Control Present;Monday;Non-Intersection;43;0;Two-Way, Divided, Unprotected Median;2 lanes;0;#NULL!;#NULL!;Smooth Asphalt;#NULL!;No Special Feature;Bicyclist Failed to Yield - Midblock;Local Street;A: Disabling Injury;Wake;28;Clear;#NULL!;31-35 mph;30 - 35  MPH;2012;Daylight;25-29
35.7212470916, -77.9238023889;"{""type"": ""Point"", ""coordinates"": [-77.92380238893425, 35.72124709156676]}";Black;Wilson;Sidewalk / Crosswalk / Driveway Crossing;2;11;Urban (>70% Developed);Male;Passenger Car;0;#NULL!;0;0;White;No;0;25-29;Motorist Drive Out - Sign-Controlled Intersection;None;No;No;Dry;0;Urban;No;31JUL2012;0;11:33;Female;No;Commercial;B: Evident Injury;Yes;O: No Injury;2363;July;0;Straight - Level;Coastal;With Traffic;No Control Present;Tuesday;Intersection;28;0;Two-Way, Not Divided;Unknown;0;#NULL!;#NULL!;Concrete;#NULL!;Driveway, Public;Motorist Failed to Yield - Sign-Controlled Intersection;Unknown;B: Evident Injury;Wilson;43;Cloudy;#NULL!;0-5 mph;5 - 15 MPH;2012;Daylight;40-49