Geo Point;Geo Shape;BikeRace;City;BikePos;NumUnits;CrashHour;Locality;BikeSex;DrvrVehTyp;NumBikesNo;BikeAlcDrg;NumBikesBI;RteInvdCd;DrvrRace;Workzone;NumBikesCi;BikeAgeGrp;CrashType;RdDefects;CrashAlcoh;BikeAlcoho;RdConditio;DstncMiFrm;RuralUrban;HitRun;CrashDate;NumBikesUI;CrashTime;DrvrSex;DrvrAlcoho;Developmen;CrashSevr;AmbulanceR;DrvrInjury;OBJECTID;CrashMonth;NumBikesKi;RdCharacte;Region;BikeDir;TraffCntrl;CrashDay;CrashLoc;BikeAge;NumBikesTo;RdConfig;NumLanes;NumBikesAI;DrvrAlcDrg;OnRoad;RdSurface;Towrd_Rd;RdFeature;CrashGrp;RdClass;BikeInjury;County;DrvrAge;Weather;FrmRd;DrvrEstSpd;SpeedLimit;CrashYear;LightCond;DrvrAgeGrp
36.1215871122, -79.7626029667;"{""type"": ""Point"", ""coordinates"": [-79.76260296670839, 36.12158711217574]}";Black;Greensboro;Sidewalk / Crosswalk / Driveway Crossing;2;10;Urban (>70% Developed);Male;Pickup;0;#NULL!;0;0;White;No;0;11-15;Bicyclist Ride Out - Parallel Path;None;No;No;Dry;0;Urban;No;24AUG2012;0;10:46;Male;No;Residential;B: Evident Injury;Yes;O: No Injury;2345;August;0;Straight - Level;Piedmont;With Traffic;No Control Present;Friday;Non-Intersection;15;0;Two-Way, Not Divided;2 lanes;0;#NULL!;#NULL!;Smooth Asphalt;#NULL!;No Special Feature;Parallel Paths - Other Circumstances;Local Street;B: Evident Injury;Guilford;30;Clear;#NULL!;31-35 mph;30 - 35  MPH;2012;Daylight;30-39
36.466127261, -77.6520023455;"{""type"": ""Point"", ""coordinates"": [-77.65200234546357, 36.466127260973295]}";White;Roanoke Rapids;Sidewalk / Crosswalk / Driveway Crossing;2;20;Urban (>70% Developed);Male;Passenger Car;0;#NULL!;0;0;White;No;0;11-15;Motorist Left Turn - Opposite Direction;None;No;No;Dry;0;Urban;No;16AUG2012;0;20:41;Male;No;Residential;B: Evident Injury;Yes;O: No Injury;2339;August;0;Straight - Level;Coastal;With Traffic;Stop Sign;Thursday;Intersection;15;0;Two-Way, Not Divided;5 lanes;0;#NULL!;#NULL!;Concrete;#NULL!;Related To Intersection;Motorist Left Turn / Merge;NC Route;B: Evident Injury;Halifax;17;Clear;#NULL!;21-25 mph;20 - 25  MPH;2012;Dark - Lighted Roadway;0-19
35.2028568825, -80.6852031935;"{""type"": ""Point"", ""coordinates"": [-80.68520319350567, 35.20285688249767]}";Black;Mint Hill;Bike Lane / Paved Shoulder;2;14;Urban (>70% Developed);Male;Pickup;0;#NULL!;0;0;Hispanic;No;0;11-15;Bicyclist Left Turn - Same Direction;None;No;No;Dry;0;Urban;No;17AUG2012;0;14:58;Male;No;Residential;O: No Injury;No;O: No Injury;2336;August;0;Straight - Level;Piedmont;With Traffic;No Control Present;Friday;Non-Intersection;14;0;Two-Way, Not Divided;2 lanes;0;#NULL!;#NULL!;Smooth Asphalt;#NULL!;No Special Feature;Bicyclist Left Turn / Merge;State Secondary Route;O: No Injury;Mecklenburg;18;Clear;#NULL!;21-25 mph;20 - 25  MPH;2012;Daylight;0-19
35.7236169691, -81.3386034176;"{""type"": ""Point"", ""coordinates"": [-81.33860341761678, 35.72361696914247]}";Black;Hickory;Travel Lane;2;17;Urban (>70% Developed);Male;Pickup;0;#NULL!;0;0;Black;No;0;40-49;Motorist Right Turn - Same Direction;None;No;No;Dry;0;Urban;No;11AUG2012;0;17:30;Male;No;Residential;B: Evident Injury;Yes;O: No Injury;2332;August;0;Straight - Level;Piedmont;With Traffic;Stop And Go Signal;Saturday;Intersection;45;0;Two-Way, Not Divided;2 lanes;0;#NULL!;#NULL!;Smooth Asphalt;#NULL!;Four-Way Intersection;Motorist Right Turn / Merge;Local Street;B: Evident Injury;Catawba;53;Clear;#NULL!;16-20 mph;20 - 25  MPH;2012;Daylight;50-59
34.7209269145, -76.6928019647;"{""type"": ""Point"", ""coordinates"": [-76.69280196467007, 34.72092691448894]}";White;Morehead City;Travel Lane;2;11;Urban (>70% Developed);Male;Pickup;0;#NULL!;0;0;Black;No;0;50-59;Motorist Overtaking - Other / Unknown;None;No;No;Dry;0;Urban;No;20JUL2012;0;11:50;Male;No;Commercial;C: Possible Injury;Yes;O: No Injury;2348;July;0;Straight - Grade;Coastal;With Traffic;No Control Present;Friday;Non-Intersection;53;0;Two-Way, Not Divided;2 lanes;0;#NULL!;#NULL!;Concrete;#NULL!;Bridge;Motorist Overtaking Bicyclist;US Route;C: Possible Injury;Carteret;65;Clear;#NULL!;31-35 mph;40 - 45  MPH;2012;Daylight;60-69
35.0191369052, -78.9402026598;"{""type"": ""Point"", ""coordinates"": [-78.94020265984257, 35.01913690522126]}";Hispanic;None - Rural Crash;Non-Roadway;2;14;Urban (>70% Developed);Male;Passenger Car;0;#NULL!;0;0;Unknown/Missing;No;0;16-19;Bicyclist Ride Out - Other Midblock;None;No;No;Dry;0;Rural;Yes;18SEP2012;0;14:31;Unknown;Missing;Residential;B: Evident Injury;Yes;Unknown Injury;2433;September;0;Straight - Level;Coastal;Not Applicable;No Control Present;Tuesday;Non-Intersection;18;0;Two-Way, Not Divided;2 lanes;0;#NULL!;#NULL!;Smooth Asphalt;#NULL!;No Special Feature;Bicyclist Failed to Yield - Midblock;State Secondary Route;B: Evident Injury;Cumberland;Unknown;Cloudy;#NULL!;31-35 mph;40 - 45  MPH;2012;Daylight;Unknown
34.2315967679, -77.8796023012;"{""type"": ""Point"", ""coordinates"": [-77.87960230115098, 34.23159676790955]}";White;Wilmington;Sidewalk / Crosswalk / Driveway Crossing;2;12;Urban (>70% Developed);Female;Passenger Car;0;#NULL!;0;0;White;No;0;20-24;Motorist Drive Out - Commercial Driveway / Alley;None;No;No;Dry;0;Urban;No;13SEP2012;0;12:21;Male;No;Industrial;B: Evident Injury;No;O: No Injury;2444;September;0;Straight - Level;Coastal;Facing Traffic;No Control Present;Thursday;Non-Intersection;20;0;Two-Way, Not Divided;3 lanes;0;#NULL!;#NULL!;Coarse Asphalt;#NULL!;No Special Feature;Motorist Failed to Yield - Midblock;Local Street;B: Evident Injury;New Hanover;27;Clear;#NULL!;0-5 mph;40 - 45  MPH;2012;Daylight;25-29
35.9808771135, -78.8822026928;"{""type"": ""Point"", ""coordinates"": [-78.88220269283609, 35.98087711347317]}";Hispanic;Durham;Travel Lane;2;0;Mixed (30% To 70% Developed);Male;Passenger Car;0;#NULL!;0;0;White;No;0;30-39;Signalized Intersection - Other / Unknown;None;No;No;Dry;0;Urban;No;22SEP2012;0;0:12;Male;No;Commercial;C: Possible Injury;Yes;O: No Injury;2438;September;0;Straight - Level;Piedmont;With Traffic;Stop And Go Signal;Saturday;Intersection;33;0;Two-Way, Not Divided;2 lanes;0;#NULL!;#NULL!;Smooth Asphalt;#NULL!;No Special Feature;Crossing Paths - Other Circumstances;Local Street;C: Possible Injury;Durham;50;Clear;#NULL!;36-40 mph;30 - 35  MPH;2012;Dark - Roadway Not Lighted;50-59
35.8577770994, -78.5530025873;"{""type"": ""Point"", ""coordinates"": [-78.55300258728876, 35.85777709937844]}";Black;Raleigh;Travel Lane;2;14;Urban (>70% Developed);Male;Single Unit Truck (2-Axle, 6-Tire);0;#NULL!;0;0;White;No;0;40-49;Motorist Overtaking - Other / Unknown;None;No;No;Dry;0;Urban;No;24SEP2012;0;14:05;Male;No;Commercial;A: Disabling Injury;Yes;O: No Injury;2455;September;0;Straight - Level;Piedmont;With Traffic;No Control Present;Monday;Non-Intersection;46;0;Two-Way, Divided, Unprotected Median;6 lanes;0;#NULL!;#NULL!;Smooth Asphalt;#NULL!;No Special Feature;Motorist Overtaking Bicyclist;NC Route;A: Disabling Injury;Wake;29;Clear;#NULL!;36-40 mph;40 - 45  MPH;2012;Daylight;25-29
35.1948868755, -80.8278032354;"{""type"": ""Point"", ""coordinates"": [-80.82780323541125, 35.194886875544576]}";White;Charlotte;Travel Lane;2;14;Urban (>70% Developed);Male;Passenger Car;0;#NULL!;0;0;White;No;0;50-59;Motorist Left Turn - Opposite Direction;None;No;No;Dry;0;Urban;No;12SEP2012;0;14:38;Female;No;Residential;C: Possible Injury;Yes;O: No Injury;2430;September;0;Straight - Level;Piedmont;With Traffic;No Control Present;Wednesday;Intersection;52;0;Two-Way, Divided, Positive Median Barrier;4 lanes;0;#NULL!;#NULL!;Coarse Asphalt;#NULL!;No Special Feature;Motorist Left Turn / Merge;Local Street;C: Possible Injury;Mecklenburg;53;Clear;#NULL!;16-20 mph;30 - 35  MPH;2012;Daylight;50-59
35.602717085, -77.3752022153;"{""type"": ""Point"", ""coordinates"": [-77.37520221527407, 35.60271708502458]}";Black;Greenville;Travel Lane;2;12;Urban (>70% Developed);Male;Passenger Car;0;#NULL!;0;0;White;No;0;25-29;Motorist Left Turn - Opposite Direction;None;No;No;Dry;0;Urban;No;14SEP2012;0;12:38;Male;No;Commercial;C: Possible Injury;Yes;C: Possible Injury;2421;September;0;Straight - Level;Coastal;With Traffic;No Control Present;Friday;Intersection;25;0;Two-Way, Divided, Unprotected Median;5 lanes;0;#NULL!;#NULL!;Coarse Asphalt;#NULL!;No Special Feature;Motorist Left Turn / Merge;Local Street;C: Possible Injury;Pitt;20;Clear;#NULL!;11-15 mph;30 - 35  MPH;2012;Daylight;20-24
35.6047269617, -80.862903269;"{""type"": ""Point"", ""coordinates"": [-80.86290326896774, 35.604726961677514]}";Hispanic;Mooresville;Travel Lane;2;19;Urban (>70% Developed);Male;Passenger Car;0;#NULL!;0;0;White;No;0;40-49;Motorist Overtaking - Other / Unknown;None;No;No;Dry;0;Urban;No;06SEP2012;0;19:56;Male;No;Commercial;C: Possible Injury;Yes;O: No Injury;2432;September;0;Curve - Grade;Piedmont;With Traffic;No Control Present;Thursday;Non-Intersection;44;0;Two-Way, Not Divided;2 lanes;0;#NULL!;#NULL!;Smooth Asphalt;#NULL!;No Special Feature;Motorist Overtaking Bicyclist;Local Street;C: Possible Injury;Iredell;47;Clear;#NULL!;36-40 mph;40 - 45  MPH;2012;Dusk;40-49
35.2243168803, -80.8886032552;"{""type"": ""Point"", ""coordinates"": [-80.88860325516522, 35.224316880296385]}";Black;Charlotte;Travel Lane;2;19;Urban (>70% Developed);Male;Commercial Bus;0;#NULL!;0;0;Black;No;0;40-49;Bicyclist Lost Control - Other / Unknown;None;No;No;Dry;0;Urban;No;09JUL2012;0;19:59;Male;No;Commercial;B: Evident Injury;No;O: No Injury;2424;July;0;Straight - Level;Piedmont;With Traffic;Stop Sign;Monday;Intersection;44;0;Two-Way, Not Divided;1 lane;0;#NULL!;#NULL!;Smooth Asphalt;#NULL!;No Special Feature;Loss of Control / Turning Error;Local Street;B: Evident Injury;Mecklenburg;30;Clear;#NULL!;21-25 mph;40 - 45  MPH;2012;Daylight;30-39
35.1230469341, -78.7408026059;"{""type"": ""Point"", ""coordinates"": [-78.74080260593365, 35.12304693409667]}";White;None - Rural Crash;Travel Lane;2;9;Mixed (30% To 70% Developed);Male;Sport Utility;0;#NULL!;0;0;White;No;0;40-49;Backing Vehicle;None;No;No;Dry;0;Rural;No;22SEP2012;0;9:07;Male;No;Residential;C: Possible Injury;No;O: No Injury;2437;September;0;Straight - Level;Coastal;With Traffic;No Control Present;Saturday;Non-Intersection;49;0;Two-Way, Not Divided;2 lanes;0;#NULL!;#NULL!;Smooth Asphalt;#NULL!;Driveway, Private;Backing Vehicle;US Route;C: Possible Injury;Cumberland;48;Clear;#NULL!;0-5 mph;Unknown;2012;Daylight;40-49
35.2576068756, -81.2109033528;"{""type"": ""Point"", ""coordinates"": [-81.21090335280722, 35.25760687562646]}";Black;Gastonia;Travel Lane;2;19;Urban (>70% Developed);Male;Unknown;0;#NULL!;0;0;Unknown/Missing;No;0;30-39;Motorist Drive Through - Sign-Controlled Intersection;None;No;No;Dry;0;Urban;Yes;07OCT2012;0;19:28;Unknown;Missing;Residential;C: Possible Injury;No;Unknown Injury;2554;October;0;Straight - Level;Piedmont;With Traffic;No Control Present;Sunday;Intersection;36;0;Two-Way, Not Divided;2 lanes;0;#NULL!;#NULL!;Smooth Asphalt;#NULL!;No Special Feature;Motorist Failed to Yield - Sign-Controlled Intersection;Local Street;C: Possible Injury;Gaston;Unknown;Clear;#NULL!;21-25 mph;20 - 25  MPH;2012;Dark - Lighted Roadway;Unknown
34.6618268897, -77.0490020702;"{""type"": ""Point"", ""coordinates"": [-77.04900207018486, 34.6618268897165]}";White;Emerald Isle;Sidewalk / Crosswalk / Driveway Crossing;2;11;Urban (>70% Developed);Female;Sport Utility;0;#NULL!;0;0;White;No;0;60-69;Bicyclist Ride Out - Signalized  Intersection;None;No;No;Dry;0;Rural;No;07OCT2012;0;11:55;Female;No;Commercial;O: No Injury;No;O: No Injury;2532;October;0;Straight - Level;Coastal;With Traffic;Stop And Go Signal;Sunday;Intersection;61;0;Two-Way, Not Divided;9 or more lanes;0;#NULL!;#NULL!;Smooth Asphalt;#NULL!;No Special Feature;Bicyclist Failed to Yield - Signalized Intersection;NC Route;O: No Injury;Carteret;23;Clear;#NULL!;21-25 mph;40 - 45  MPH;2012;Daylight;20-24
35.2124968774, -80.8931032559;"{""type"": ""Point"", ""coordinates"": [-80.89310325594454, 35.21249687738744]}";Black;Charlotte;Travel Lane;2;19;Urban (>70% Developed);Male;Unknown;0;#NULL!;0;0;Black;No;0;50-59;Signalized Intersection - Other / Unknown;None;No;No;Dry;0;Urban;Yes;20OCT2012;0;19:59;Female;Missing;Commercial;C: Possible Injury;Yes;Unknown Injury;2544;October;0;Straight - Level;Piedmont;Facing Traffic;Stop And Go Signal;Saturday;Intersection;55;0;Two-Way, Divided, Unprotected Median;4 lanes;0;#NULL!;#NULL!;Smooth Asphalt;#NULL!;No Special Feature;Crossing Paths - Other Circumstances;Local Street;C: Possible Injury;Mecklenburg;25;Clear;#NULL!;0-5 mph;30 - 35  MPH;2012;Dark - Lighted Roadway;25-29
35.8394270923, -78.6424026132;"{""type"": ""Point"", ""coordinates"": [-78.6424026131859, 35.83942709229412]}";Black;Raleigh;Travel Lane;2;15;Urban (>70% Developed);Male;Passenger Car;0;#NULL!;0;0;White;No;0;30-39;Bicyclist Ride Through - Signalized Intersection;None;No;No;Dry;0;Urban;No;20OCT2012;0;15:55;Male;No;Commercial;C: Possible Injury;No;O: No Injury;2550;October;0;Straight - Level;Piedmont;With Traffic;Stop And Go Signal;Saturday;Intersection;34;0;Two-Way, Divided, Unprotected Median;5 lanes;0;#NULL!;#NULL!;Smooth Asphalt;#NULL!;Four-Way Intersection;Bicyclist Failed to Yield - Signalized Intersection;Local Street;C: Possible Injury;Wake;21;Clear;#NULL!;16-20 mph;30 - 35  MPH;2012;Daylight;20-24
34.2353667685, -77.8703022996;"{""type"": ""Point"", ""coordinates"": [-77.870302299559, 34.23536676849574]}";White;Wilmington;Travel Lane;2;15;Urban (>70% Developed);Male;Unknown;0;#NULL!;0;0;Unknown/Missing;No;0;20-24;Motorist Drive Out - Commercial Driveway / Alley;None;No;No;Dry;0;Urban;Yes;21OCT2012;0;15:51;Unknown;No;Commercial;B: Evident Injury;Yes;Unknown Injury;2571;October;0;Straight - Level;Coastal;With Traffic;No Control Present;Sunday;Non-Intersection;22;0;Two-Way, Not Divided;2 lanes;0;#NULL!;#NULL!;Coarse Asphalt;#NULL!;No Special Feature;Motorist Failed to Yield - Midblock;Local Street;B: Evident Injury;New Hanover;Unknown;Clear;#NULL!;11-15 mph;30 - 35  MPH;2012;Daylight;Unknown
35.2650870049, -77.5666022567;"{""type"": ""Point"", ""coordinates"": [-77.56660225672657, 35.26508700489711]}";Black;Kinston;Travel Lane;2;21;Urban (>70% Developed);Male;Sport Utility;0;#NULL!;0;0;Black;No;0;40-49;Motorist Drive Out - Sign-Controlled Intersection;None;Yes;Yes;Dry;0;Urban;No;16OCT2012;0;21:49;Male;No;Residential;C: Possible Injury;Yes;O: No Injury;2540;October;0;Straight - Level;Coastal;With Traffic;Stop Sign;Tuesday;Intersection;46;0;Two-Way, Not Divided;4 lanes;0;#NULL!;#NULL!;Coarse Asphalt;#NULL!;Four-Way Intersection;Motorist Failed to Yield - Sign-Controlled Intersection;Local Street;C: Possible Injury;Lenoir;40;Clear;#NULL!;0-5 mph;30 - 35  MPH;2012;Dark - Lighted Roadway;40-49
36.1020471198, -79.4318028667;"{""type"": ""Point"", ""coordinates"": [-79.4318028666998, 36.102047119752626]}";Black;Burlington;Travel Lane;2;20;Urban (>70% Developed);Male;Passenger Car;0;#NULL!;0;0;Black;No;0;50-59;Motorist Turning Error - Left Turn;None;Yes;Yes;Dry;0;Urban;No;12OCT2012;0;20:57;Male;No;Residential;C: Possible Injury;Yes;O: No Injury;2553;October;0;Straight - Level;Piedmont;With Traffic;No Control Present;Friday;Intersection-Related;52;0;Two-Way, Not Divided;2 lanes;0;#NULL!;#NULL!;Coarse Asphalt;#NULL!;No Special Feature;Loss of Control / Turning Error;Local Street;C: Possible Injury;Alamance;62;Clear;#NULL!;31-35 mph;30 - 35  MPH;2012;Dark - Roadway Not Lighted;60-69
35.9632671097, -78.8857026931;"{""type"": ""Point"", ""coordinates"": [-78.88570269311894, 35.96326710967071]}";Black;Durham;Travel Lane;2;17;Urban (>70% Developed);Male;Sport Utility;0;#NULL!;0;0;Black;No;0;6-10;Bicyclist Ride Through - Sign-Controlled Intersection;None;No;No;Dry;0;Urban;No;23OCT2012;0;17:32;Female;No;Residential;A: Disabling Injury;Yes;O: No Injury;2558;October;0;Straight - Grade;Piedmont;With Traffic;Stop Sign;Tuesday;Intersection;10;0;Two-Way, Not Divided;2 lanes;0;#NULL!;#NULL!;Coarse Asphalt;#NULL!;No Special Feature;Bicyclist Failed to Yield - Sign-Controlled Intersection;Local Street;A: Disabling Injury;Durham;31;Clear;#NULL!;21-25 mph;30 - 35  MPH;2012;Daylight;30-39
34.2293467654, -77.929302317;"{""type"": ""Point"", ""coordinates"": [-77.92930231699565, 34.22934676540902]}";Hispanic;Wilmington;Travel Lane;4;20;Urban (>70% Developed);Male;Passenger Car;0;#NULL!;0;0;White;No;0;20-24;Motorist Lost Control - Other / Unknown;None;No;No;Dry;0;Urban;No;06OCT2012;0;20:03;Male;No;Residential;C: Possible Injury;Yes;O: No Injury;2566;October;0;Straight - Level;Coastal;With Traffic;Stop Sign;Saturday;Intersection;21;0;Two-Way, Not Divided;4 lanes;0;#NULL!;#NULL!;Smooth Asphalt;#NULL!;Four-Way Intersection;Loss of Control / Turning Error;Local Street;C: Possible Injury;New Hanover;19;Clear;#NULL!;21-25 mph;20 - 25  MPH;2012;Dark - Lighted Roadway;0-19
35.7090870883, -77.9466023955;"{""type"": ""Point"", ""coordinates"": [-77.94660239546197, 35.709087088309765]}";White;Wilson;Travel Lane;2;18;Urban (>70% Developed);Female;Pickup;0;#NULL!;0;0;White;No;0;30-39;Motorist Drive Out - Sign-Controlled Intersection;None;Yes;No;Dry;0;Urban;No;28SEP2012;0;18:16;Male;Yes;Commercial;C: Possible Injury;Yes;O: No Injury;2529;September;0;Straight - Level;Coastal;Facing Traffic;Stop Sign;Friday;Intersection;36;0;Two-Way, Not Divided;5 lanes;0;#NULL!;#NULL!;Smooth Asphalt;#NULL!;T-Intersection;Motorist Failed to Yield - Sign-Controlled Intersection;Local Street;C: Possible Injury;Wilson;67;Cloudy;#NULL!;21-25 mph;40 - 45  MPH;2012;Dusk;60-69
35.591807082, -77.3895022191;"{""type"": ""Point"", ""coordinates"": [-77.38950221910822, 35.59180708203424]}";Black;Greenville;Sidewalk / Crosswalk / Driveway Crossing;2;20;Urban (>70% Developed);Male;Passenger Car;0;#NULL!;0;0;Unknown/Missing;No;0;Unknown;Signalized Intersection - Other / Unknown;None;No;No;Water (Standing, Moving);0;Urban;Yes;27OCT2012;0;20:28;Unknown;Missing;Commercial;C: Possible Injury;No;Unknown Injury;2583;October;0;Straight - Level;Coastal;Facing Traffic;Stop And Go Signal;Saturday;Intersection;Unknown;0;Two-Way, Divided, Unprotected Median;4 lanes;0;#NULL!;#NULL!;Coarse Asphalt;#NULL!;Four-Way Intersection;Crossing Paths - Other Circumstances;Local Street;C: Possible Injury;Pitt;Unknown;Rain;#NULL!;0-5 mph;30 - 35  MPH;2012;Dark - Lighted Roadway;Unknown
35.2298768836, -80.8134032334;"{""type"": ""Point"", ""coordinates"": [-80.81340323339323, 35.22987688355449]}";Black;Charlotte;Travel Lane;2;16;Urban (>70% Developed);Male;Passenger Car;0;#NULL!;0;0;White;No;0;11-15;Bicyclist Ride Through - Sign-Controlled Intersection;None;No;No;Dry;0;Urban;No;05NOV2012;0;16:35;Female;No;Residential;C: Possible Injury;Yes;C: Possible Injury;2593;November;0;Straight - Level;Piedmont;With Traffic;No Control Present;Monday;Intersection;11;0;Two-Way, Not Divided;2 lanes;0;#NULL!;#NULL!;Smooth Asphalt;#NULL!;No Special Feature;Bicyclist Failed to Yield - Sign-Controlled Intersection;Local Street;C: Possible Injury;Mecklenburg;38;Clear;#NULL!;16-20 mph;20 - 25  MPH;2012;Daylight;30-39
35.2151268808, -80.8155032329;"{""type"": ""Point"", ""coordinates"": [-80.81550323293756, 35.21512688077388]}";White;Charlotte;Travel Lane;2;0;Urban (>70% Developed);Male;Passenger Car;0;#NULL!;0;0;White;No;0;30-39;Motorist Drive Out - Sign-Controlled Intersection;None;No;No;Dry;0;Urban;No;04NOV2012;0;0:51;Female;No;Commercial;O: No Injury;Yes;O: No Injury;2591;November;0;Straight - Level;Piedmont;With Traffic;Stop Sign;Sunday;Intersection;39;0;Two-Way, Not Divided;2 lanes;0;#NULL!;#NULL!;Smooth Asphalt;#NULL!;No Special Feature;Motorist Failed to Yield - Sign-Controlled Intersection;Local Street;O: No Injury;Mecklenburg;23;Clear;#NULL!;0-5 mph;20 - 25  MPH;2012;Dark - Unknown Lighting;20-24
34.2141267662, -77.8061022782;"{""type"": ""Point"", ""coordinates"": [-77.80610227823824, 34.21412676615136]}";Unknown/Missing;Wrightsville Beach;Travel Lane;2;17;Urban (>70% Developed);Unknown;Passenger Car;0;#NULL!;0;0;White;No;0;40-49;Motorist Left Turn - Opposite Direction;None;No;No;Dry;0;Rural;No;17OCT2012;0;17:34;Female;No;Residential;O: No Injury;No;O: No Injury;2597;October;0;Straight - Level;Coastal;With Traffic;No Control Present;Wednesday;Intersection;43;0;Two-Way, Not Divided;5 lanes;0;#NULL!;#NULL!;Smooth Asphalt;#NULL!;No Special Feature;Motorist Left Turn / Merge;Local Street;Unknown Injury;New Hanover;59;Clear;#NULL!;11-15 mph;30 - 35  MPH;2012;Dusk;50-59
35.7627470176, -80.2635030983;"{""type"": ""Point"", ""coordinates"": [-80.26350309830262, 35.7627470175771]}";Asian;None - Rural Crash;Travel Lane;2;10;Rural (<30% Developed);Male;Van;0;#NULL!;0;0;Black;No;0;50-59;Motorist Overtaking - Bicyclist Swerved;None;Yes;Yes;Dry;0;Rural;No;06NOV2012;0;10:16;Male;No;Farms, Woods, Pastures;B: Evident Injury;Yes;O: No Injury;2600;November;0;Curve - Level;Piedmont;With Traffic;No Control Present;Tuesday;Non-Intersection;57;0;Two-Way, Not Divided;4 lanes;0;#NULL!;#NULL!;Smooth Asphalt;#NULL!;No Special Feature;Motorist Overtaking Bicyclist;NC Route;B: Evident Injury;Davidson;70+;Cloudy;#NULL!;36-40 mph;40 - 45  MPH;2012;Daylight;70+
35.7886470814, -78.6510026134;"{""type"": ""Point"", ""coordinates"": [-78.65100261344395, 35.7886470813835]}";White;Raleigh;Travel Lane;2;13;Mixed (30% To 70% Developed);Male;Sport Utility;0;#NULL!;0;0;White;No;0;25-29;Motorist Left Turn - Opposite Direction;None;No;No;Dry;0;Urban;No;03NOV2012;0;13:51;Female;No;Commercial;C: Possible Injury;Yes;O: No Injury;2604;November;0;Straight - Level;Piedmont;With Traffic;Stop And Go Signal;Saturday;Intersection;28;0;Two-Way, Not Divided;3 lanes;0;#NULL!;#NULL!;Coarse Asphalt;#NULL!;Four-Way Intersection;Motorist Left Turn / Merge;Local Street;C: Possible Injury;Wake;17;Clear;#NULL!;16-20 mph;30 - 35  MPH;2012;Daylight;0-19
35.7930670805, -78.6841026236;"{""type"": ""Point"", ""coordinates"": [-78.68410262357835, 35.793067080529624]}";White;Raleigh;Travel Lane;2;15;Urban (>70% Developed);Male;Passenger Car;0;#NULL!;0;0;White;No;0;60-69;Motorist Left Turn - Opposite Direction;None;No;No;Dry;0;Urban;No;07NOV2012;0;15:53;Male;No;Commercial;B: Evident Injury;Yes;O: No Injury;2606;November;0;Straight - Level;Piedmont;With Traffic;No Control Present;Wednesday;Intersection-Related;63;0;Two-Way, Not Divided;2 lanes;0;#NULL!;#NULL!;Smooth Asphalt;#NULL!;No Special Feature;Motorist Left Turn / Merge;Unknown;B: Evident Injury;Wake;36;Clear;#NULL!;6-10 mph;30 - 35  MPH;2012;Daylight;30-39
35.9560871208, -78.543902589;"{""type"": ""Point"", ""coordinates"": [-78.54390258903899, 35.95608712077924]}";White;Raleigh;Non-Roadway;2;17;Urban (>70% Developed);Female;Light Truck (Mini-Van, Panel);0;#NULL!;0;0;White;No;0;6-10;Non-Roadway;None;No;No;Dry;0;Urban;No;03NOV2012;0;17:30;Male;No;Residential;O: No Injury;Yes;O: No Injury;2605;November;0;Straight - Level;Piedmont;Not Applicable;No Control Present;Saturday;Non-Roadway;8;0;Two-Way, Not Divided;2 lanes;0;#NULL!;#NULL!;Smooth Asphalt;#NULL!;Driveway, Private;Non-Roadway;Private Road, Driveway;O: No Injury;Wake;37;Clear;#NULL!;0-5 mph;5 - 15 MPH;2012;Daylight;30-39
35.2160668787, -80.8836032532;"{""type"": ""Point"", ""coordinates"": [-80.88360325319664, 35.216066878743746]}";Black;Charlotte;Sidewalk / Crosswalk / Driveway Crossing;2;12;Urban (>70% Developed);Male;Unknown;0;#NULL!;0;0;Unknown/Missing;No;0;16-19;Signalized Intersection - Other / Unknown;None;No;No;Dry;0;Urban;Yes;10NOV2012;0;12:44;Unknown;Missing;Commercial;C: Possible Injury;Yes;Unknown Injury;2612;November;0;Straight - Level;Piedmont;Facing Traffic;Stop And Go Signal;Saturday;Intersection;17;0;Two-Way, Divided, Unprotected Median;4 lanes;0;#NULL!;#NULL!;Smooth Asphalt;#NULL!;No Special Feature;Crossing Paths - Other Circumstances;Local Street;C: Possible Injury;Mecklenburg;Unknown;Clear;#NULL!;31-35 mph;30 - 35  MPH;2012;Daylight;Unknown
35.3364168454, -82.4459037229;"{""type"": ""Point"", ""coordinates"": [-82.44590372294445, 35.336416845362265]}";White;Hendersonville;Bike Lane / Paved Shoulder;2;19;Urban (>70% Developed);Male;Passenger Car;0;#NULL!;0;0;Black;No;0;70+;Motorist Overtaking - Other / Unknown;None;No;No;Dry;0;Urban;No;29OCT2012;0;19:16;Male;No;Commercial;A: Disabling Injury;Yes;O: No Injury;2646;October;0;Straight - Level;Mountains;With Traffic;No Control Present;Monday;Non-Intersection;70+;0;Two-Way, Divided, Unprotected Median;5 lanes;0;#NULL!;#NULL!;Coarse Asphalt;#NULL!;No Special Feature;Motorist Overtaking Bicyclist;Local Street;A: Disabling Injury;Henderson;32;Clear;#NULL!;31-35 mph;30 - 35  MPH;2012;Dark - Lighted Roadway;30-39