Geo Point;Geo Shape;BikeRace;City;BikePos;NumUnits;CrashHour;Locality;BikeSex;DrvrVehTyp;NumBikesNo;BikeAlcDrg;NumBikesBI;RteInvdCd;DrvrRace;Workzone;NumBikesCi;BikeAgeGrp;CrashType;RdDefects;CrashAlcoh;BikeAlcoho;RdConditio;DstncMiFrm;RuralUrban;HitRun;CrashDate;NumBikesUI;CrashTime;DrvrSex;DrvrAlcoho;Developmen;CrashSevr;AmbulanceR;DrvrInjury;OBJECTID;CrashMonth;NumBikesKi;RdCharacte;Region;BikeDir;TraffCntrl;CrashDay;CrashLoc;BikeAge;NumBikesTo;RdConfig;NumLanes;NumBikesAI;DrvrAlcDrg;OnRoad;RdSurface;Towrd_Rd;RdFeature;CrashGrp;RdClass;BikeInjury;County;DrvrAge;Weather;FrmRd;DrvrEstSpd;SpeedLimit;CrashYear;LightCond;DrvrAgeGrp
35.598497084, -77.3912022197;"{""type"": ""Point"", ""coordinates"": [-77.39120221968071, 35.59849708399207]}";Black;Greenville;Travel Lane;2;18;Urban (>70% Developed);Male;Van;0;#NULL!;0;0;Black;No;0;40-49;Bicyclist Ride Through - Sign-Controlled Intersection;None;No;No;Wet;0;Urban;No;07NOV2012;0;18:49;Female;No;Commercial;A: Disabling Injury;Yes;O: No Injury;2625;November;0;Straight - Level;Coastal;Facing Traffic;No Control Present;Wednesday;Intersection-Related;48;0;Two-Way, Not Divided;5 lanes;0;#NULL!;#NULL!;Coarse Asphalt;#NULL!;No Special Feature;Bicyclist Failed to Yield - Sign-Controlled Intersection;Local Street;A: Disabling Injury;Pitt;56;Rain;#NULL!;36-40 mph;40 - 45  MPH;2012;Dark - Lighted Roadway;50-59
35.2683368619, -81.6386034805;"{""type"": ""Point"", ""coordinates"": [-81.63860348052357, 35.26833686190213]}";White;None - Rural Crash;Travel Lane;2;17;Rural (<30% Developed);Male;Pickup;0;#NULL!;0;0;White;No;0;50-59;Motorist Overtaking - Other / Unknown;None;No;No;Dry;0;Rural;No;19NOV2012;0;17:11;Male;No;Farms, Woods, Pastures;C: Possible Injury;Yes;O: No Injury;2638;November;0;Straight - Grade;Mountains;With Traffic;Double Yellow Line, No Passing Zone;Monday;Non-Intersection;59;0;Two-Way, Not Divided;9 or more lanes;0;#NULL!;#NULL!;Smooth Asphalt;#NULL!;No Special Feature;Motorist Overtaking Bicyclist;State Secondary Route;C: Possible Injury;Cleveland;55;Clear;#NULL!;51-55 mph;50 - 55  MPH;2012;Dusk;50-59
35.2702768774, -81.2226033573;"{""type"": ""Point"", ""coordinates"": [-81.22260335725072, 35.27027687744026]}";Black;Gastonia;Travel Lane;2;9;Urban (>70% Developed);Male;Sport Utility;0;#NULL!;0;0;Unknown/Missing;No;0;50-59;Motorist Drive Out - Right Turn on Red;Unknown;No;No;Dry;0;Urban;Yes;24OCT2012;0;9:55;Unknown;Missing;Residential;Unknown Injury;No;Unknown Injury;2621;October;0;Straight - Level;Piedmont;Facing Traffic;Stop And Go Signal;Wednesday;Intersection;54;0;Two-Way, Not Divided;2 lanes;0;#NULL!;#NULL!;Smooth Asphalt;#NULL!;Four-Way Intersection;Motorist Failed to Yield - Signalized Intersection;Local Street;Unknown Injury;Gaston;Unknown;Clear;#NULL!;0-5 mph;30 - 35  MPH;2012;Daylight;Unknown
34.1453167477, -77.8988023035;"{""type"": ""Point"", ""coordinates"": [-77.89880230349539, 34.145316747726106]}";White;None - Rural Crash;Travel Lane;2;10;Mixed (30% To 70% Developed);Male;Van;0;#NULL!;0;0;White;No;0;20-24;Motorist Drive Out - Commercial Driveway / Alley;None;No;No;Dry;0;Rural;No;11NOV2012;0;10:35;Male;No;Residential;C: Possible Injury;Yes;O: No Injury;2614;November;0;Straight - Level;Coastal;Facing Traffic;No Control Present;Sunday;Non-Intersection;23;0;Two-Way, Divided, Unprotected Median;4 lanes;0;#NULL!;#NULL!;Coarse Asphalt;#NULL!;Driveway, Public;Motorist Failed to Yield - Midblock;US Route;C: Possible Injury;New Hanover;70+;Clear;#NULL!;0-5 mph;40 - 45  MPH;2012;Daylight;70+
35.2605968878, -80.875903254;"{""type"": ""Point"", ""coordinates"": [-80.87590325399813, 35.26059688783992]}";Black;Charlotte;Travel Lane;2;16;Mixed (30% To 70% Developed);Male;Pickup;0;#NULL!;0;0;White;No;0;60-69;Crossing Paths - Intersection - Other / Unknown;None;Yes;Yes;Dry;0;Urban;No;14NOV2012;0;16:35;Male;No;Commercial;C: Possible Injury;No;O: No Injury;2627;November;0;Straight - Level;Piedmont;With Traffic;No Control Present;Wednesday;Intersection;64;0;Two-Way, Divided, Unprotected Median;3 lanes;0;#NULL!;#NULL!;Smooth Asphalt;#NULL!;No Special Feature;Crossing Paths - Other Circumstances;NC Route;C: Possible Injury;Mecklenburg;41;Clear;#NULL!;11-15 mph;50 - 55  MPH;2012;Daylight;40-49
34.7794269033, -77.4263021901;"{""type"": ""Point"", ""coordinates"": [-77.4263021901087, 34.77942690330307]}";Black;Jacksonville;Travel Lane;2;17;Urban (>70% Developed);Male;Passenger Car;0;#NULL!;0;0;White;No;0;11-15;Motorist Drive Out - Sign-Controlled Intersection;None;No;No;Dry;0;Urban;No;31OCT2012;0;17:05;Male;No;Residential;C: Possible Injury;No;O: No Injury;2649;October;0;Straight - Level;Coastal;Facing Traffic;Stop Sign;Wednesday;Intersection;15;0;Two-Way, Not Divided;2 lanes;0;#NULL!;#NULL!;Smooth Asphalt;#NULL!;No Special Feature;Motorist Failed to Yield - Sign-Controlled Intersection;Local Street;C: Possible Injury;Onslow;47;Clear;#NULL!;11-15 mph;20 - 25  MPH;2012;Daylight;40-49
35.7325770946, -77.9165023875;"{""type"": ""Point"", ""coordinates"": [-77.91650238754401, 35.73257709462377]}";White;Wilson;Travel Lane;2;17;Urban (>70% Developed);Male;Passenger Car;0;#NULL!;0;0;White;No;0;16-19;Motorist Drive Out - Commercial Driveway / Alley;None;Yes;Yes;Dry;0;Urban;No;18OCT2012;0;17:22;Male;No;Residential;C: Possible Injury;Yes;O: No Injury;2642;October;0;Straight - Level;Coastal;Facing Traffic;No Control Present;Thursday;Non-Intersection;19;0;Two-Way, Not Divided;Unknown;0;#NULL!;#NULL!;Coarse Asphalt;#NULL!;Driveway, Public;Motorist Failed to Yield - Midblock;Public Vehicular Area;C: Possible Injury;Wilson;58;Clear;#NULL!;0-5 mph;30 - 35  MPH;2012;Daylight;50-59
35.7444370976, -77.9127023863;"{""type"": ""Point"", ""coordinates"": [-77.91270238625395, 35.74443709755054]}";Black;Wilson;Driveway / Alley;2;14;Urban (>70% Developed);Male;Passenger Car;0;#NULL!;0;0;Black;No;0;20-24;Bicyclist Ride Out - Residential Driveway;None;No;No;Dry;0;Urban;No;15OCT2012;0;14:47;Male;No;Residential;A: Disabling Injury;Yes;O: No Injury;2637;October;0;Straight - Level;Coastal;Not Applicable;No Control Present;Monday;Non-Intersection;21;0;Two-Way, Not Divided;2 lanes;0;#NULL!;#NULL!;Coarse Asphalt;#NULL!;No Special Feature;Bicyclist Failed to Yield - Midblock;Local Street;A: Disabling Injury;Wilson;36;Cloudy;#NULL!;31-35 mph;30 - 35  MPH;2012;Daylight;30-39
35.9085270923, -79.0529027408;"{""type"": ""Point"", ""coordinates"": [-79.05290274075291, 35.908527092265686]}";Black;Chapel Hill;Sidewalk / Crosswalk / Driveway Crossing;2;10;Urban (>70% Developed);Female;Sport Utility;0;#NULL!;0;0;White;No;0;16-19;Bicyclist Failed to Clear - Multiple Threat;None;No;No;Dry;0;Urban;No;05DEC2012;0;10:41;Female;No;Institutional;B: Evident Injury;Yes;O: No Injury;2752;December;0;Straight - Level;Piedmont;With Traffic;Stop And Go Signal;Wednesday;Intersection;18;0;Two-Way, Not Divided;3 lanes;0;#NULL!;#NULL!;Smooth Asphalt;#NULL!;No Special Feature;Bicyclist Failed to Yield - Signalized Intersection;Local Street;B: Evident Injury;Orange;26;Cloudy;#NULL!;0-5 mph;20 - 25  MPH;2012;Daylight;25-29
35.749977067, -78.8127026596;"{""type"": ""Point"", ""coordinates"": [-78.81270265956798, 35.74997706697459]}";Asian;Cary;Sidewalk / Crosswalk / Driveway Crossing;2;17;Urban (>70% Developed);Male;Sport Utility;0;#NULL!;0;0;White;No;0;16-19;Motorist Drive Out - Sign-Controlled Intersection;None;No;No;Dry;0;Urban;No;14JAN2011;0;17:40;Female;No;Residential;C: Possible Injury;No;O: No Injury;2776;January;0;Straight - Hillcrest;Piedmont;Facing Traffic;Stop Sign;Friday;Intersection;17;0;Two-Way, Not Divided;2 lanes;0;#NULL!;#NULL!;Smooth Asphalt;#NULL!;T-Intersection;Motorist Failed to Yield - Sign-Controlled Intersection;Local Street;C: Possible Injury;Wake;17;Clear;#NULL!;0-5 mph;20 - 25  MPH;2011;Dark - Lighted Roadway;0-19
34.2143567637, -77.8870023031;"{""type"": ""Point"", ""coordinates"": [-77.8870023031171, 34.214356763667176]}";White;Wilmington;Bike Lane / Paved Shoulder;2;17;Urban (>70% Developed);Male;Passenger Car;0;#NULL!;0;0;White;No;0;16-19;Motorist Right Turn - Same Direction;None;No;No;Dry;0;Urban;No;04DEC2012;0;17:48;Male;No;Commercial;B: Evident Injury;Yes;O: No Injury;2725;December;0;Straight - Level;Coastal;With Traffic;No Control Present;Tuesday;Non-Intersection;18;0;Two-Way, Divided, Unprotected Median;3 lanes;0;#NULL!;#NULL!;Coarse Asphalt;#NULL!;Driveway, Public;Motorist Right Turn / Merge;Local Street;B: Evident Injury;New Hanover;24;Cloudy;#NULL!;16-20 mph;30 - 35  MPH;2012;Dark - Lighted Roadway;20-24
35.1863069408, -78.9623026753;"{""type"": ""Point"", ""coordinates"": [-78.96230267532619, 35.186306940793465]}";Black;Spring Lake;Travel Lane;2;23;Rural (<30% Developed);Male;Unknown;0;#NULL!;0;0;Unknown/Missing;No;0;25-29;Motorist Overtaking - Other / Unknown;None;No;No;Wet;0;Urban;Yes;21DEC2012;0;23:13;Unknown;Missing;Commercial;B: Evident Injury;Yes;Unknown Injury;2734;December;0;Straight - Level;Coastal;With Traffic;No Control Present;Friday;Non-Intersection;29;0;Two-Way, Not Divided;5 lanes;0;#NULL!;#NULL!;Smooth Asphalt;#NULL!;No Special Feature;Motorist Overtaking Bicyclist;Local Street;B: Evident Injury;Cumberland;Unknown;Rain;#NULL!;41-45 mph;40 - 45  MPH;2012;Dark - Roadway Not Lighted;Unknown
36.0706671004, -79.7705029665;"{""type"": ""Point"", ""coordinates"": [-79.77050296652855, 36.070667100405025]}";White;Greensboro;Travel Lane;2;3;Urban (>70% Developed);Male;Passenger Car;0;#NULL!;0;0;Black;No;0;20-24;Motorist Drive Out - Sign-Controlled Intersection;None;No;No;Wet;0;Urban;No;17DEC2012;0;3:23;Male;No;Residential;C: Possible Injury;Yes;O: No Injury;2729;December;0;Straight - Level;Piedmont;With Traffic;Stop Sign;Monday;Intersection;24;0;Two-Way, Not Divided;2 lanes;0;#NULL!;#NULL!;Coarse Asphalt;#NULL!;T-Intersection;Motorist Failed to Yield - Sign-Controlled Intersection;Local Street;C: Possible Injury;Guilford;20;Cloudy;#NULL!;0-5 mph;30 - 35  MPH;2012;Dark - Roadway Not Lighted;20-24
35.5766870788, -77.382502216;"{""type"": ""Point"", ""coordinates"": [-77.382502216013, 35.57668707881867]}";Black;Greenville;Sidewalk / Crosswalk / Driveway Crossing;2;13;Urban (>70% Developed);Male;Passenger Car;0;#NULL!;0;0;Black;No;0;25-29;Unknown Approach Paths;None;No;No;Dry;0;Urban;No;19DEC2012;0;13:11;Male;No;Commercial;B: Evident Injury;Yes;O: No Injury;2737;December;0;Straight - Level;Coastal;Not Applicable;No Control Present;Wednesday;Non-Intersection;29;0;Two-Way, Divided, Unprotected Median;5 lanes;0;#NULL!;#NULL!;Smooth Asphalt;#NULL!;No Special Feature;Other / Unknown - Insufficient Details;US Route;B: Evident Injury;Pitt;24;Clear;#NULL!;36-40 mph;40 - 45  MPH;2012;Daylight;20-24
35.6160270811, -77.5772022772;"{""type"": ""Point"", ""coordinates"": [-77.57720227723341, 35.616027081120556]}";Hispanic;None - Rural Crash;Travel Lane;2;7;Rural (<30% Developed);Male;Passenger Car;0;#NULL!;0;0;Hispanic;No;0;70+;Motorist Overtaking - Other / Unknown;None;No;No;Dry;0;Rural;No;11DEC2012;0;7:52;Male;No;Farms, Woods, Pastures;B: Evident Injury;Yes;B: Evident Injury;2732;December;0;Straight - Level;Coastal;With Traffic;No Control Present;Tuesday;Non-Intersection;70+;0;Two-Way, Not Divided;2 lanes;0;#NULL!;#NULL!;Coarse Asphalt;#NULL!;No Special Feature;Motorist Overtaking Bicyclist;State Secondary Route;B: Evident Injury;Pitt;19;Clear;#NULL!;46-50 mph;50 - 55  MPH;2012;Daylight;0-19
36.0002671168, -78.907702702;"{""type"": ""Point"", ""coordinates"": [-78.90770270203018, 36.0002671167773]}";White;Durham;Travel Lane;2;15;Urban (>70% Developed);Female;Passenger Car;0;#NULL!;0;0;Black;No;0;25-29;Bicyclist Ride Through - Signalized Intersection;None;No;No;Dry;0;Urban;No;23DEC2012;0;15:07;Female;No;Residential;B: Evident Injury;No;O: No Injury;2735;December;0;Straight - Level;Piedmont;With Traffic;Stop And Go Signal;Sunday;Intersection;26;0;Two-Way, Not Divided;3 lanes;0;#NULL!;#NULL!;Coarse Asphalt;#NULL!;No Special Feature;Bicyclist Failed to Yield - Signalized Intersection;Local Street;B: Evident Injury;Durham;26;Clear;#NULL!;31-35 mph;30 - 35  MPH;2012;Daylight;25-29
35.1117969882, -77.0848021031;"{""type"": ""Point"", ""coordinates"": [-77.08480210308886, 35.111796988153415]}";Asian;New Bern;Travel Lane;2;19;Urban (>70% Developed);Male;Sport Utility;0;#NULL!;0;0;White;No;0;6-10;Bicyclist Ride Through - Sign-Controlled Intersection;None;No;No;Dry;0;Urban;No;25MAY2012;0;19:03;Female;No;Institutional;B: Evident Injury;Yes;O: No Injury;2764;May;0;Straight - Level;Coastal;With Traffic;Stop Sign;Friday;Intersection;6;0;Two-Way, Not Divided;2 lanes;0;#NULL!;#NULL!;Smooth Asphalt;#NULL!;T-Intersection;Bicyclist Failed to Yield - Sign-Controlled Intersection;Local Street;B: Evident Injury;Craven;41;Clear;#NULL!;21-25 mph;20 - 25  MPH;2012;Daylight;40-49
34.7239369136, -76.7229019743;"{""type"": ""Point"", ""coordinates"": [-76.72290197429352, 34.723936913619]}";Black;Morehead City;Travel Lane;2;16;Urban (>70% Developed);Male;Pickup;0;#NULL!;0;0;White;No;0;60-69;Motorist Overtaking - Undetected Bicyclist;None;No;No;Dry;0;Urban;No;05DEC2012;0;16:07;Male;No;Residential;Unknown Injury;Yes;Unknown Injury;2723;December;0;Straight - Level;Coastal;With Traffic;No Control Present;Wednesday;Intersection-Related;61;0;Two-Way, Not Divided;2 lanes;0;#NULL!;#NULL!;Smooth Asphalt;#NULL!;No Special Feature;Motorist Overtaking Bicyclist;Local Street;Unknown Injury;Carteret;20;Clear;#NULL!;11-15 mph;20 - 25  MPH;2012;Daylight;20-24
35.7800070805, -78.6135026016;"{""type"": ""Point"", ""coordinates"": [-78.61350260155939, 35.78000708052634]}";Black;Raleigh;Sidewalk / Crosswalk / Driveway Crossing;2;21;Urban (>70% Developed);Male;Unknown;0;#NULL!;0;0;Unknown/Missing;No;0;50-59;Motorist Right Turn - Same Direction;None;No;No;Dry;0;Urban;Yes;18FEB2011;0;21:15;Unknown;Missing;Commercial;C: Possible Injury;No;Unknown Injury;2856;February;0;Straight - Level;Piedmont;With Traffic;Stop And Go Signal;Friday;Intersection;59;0;Two-Way, Divided, Positive Median Barrier;6 lanes;0;#NULL!;#NULL!;Smooth Asphalt;#NULL!;Four-Way Intersection;Motorist Right Turn / Merge;Local Street;C: Possible Injury;Wake;Unknown;Clear;#NULL!;16-20 mph;40 - 45  MPH;2011;Dark - Lighted Roadway;Unknown
35.2568368924, -80.7386032119;"{""type"": ""Point"", ""coordinates"": [-80.73860321194418, 35.25683689236947]}";Black;Charlotte;Sidewalk / Crosswalk / Driveway Crossing;2;17;Urban (>70% Developed);Male;Passenger Car;0;#NULL!;0;0;White;No;0;11-15;Crossing Paths - Intersection - Other / Unknown;None;No;No;Dry;0;Urban;No;24MAR2011;0;17:50;Female;No;Residential;C: Possible Injury;No;O: No Injury;2882;March;0;Straight - Level;Piedmont;Not Applicable;Stop Sign;Thursday;Intersection;12;0;Two-Way, Not Divided;2 lanes;0;#NULL!;#NULL!;Smooth Asphalt;#NULL!;No Special Feature;Crossing Paths - Other Circumstances;Local Street;C: Possible Injury;Mecklenburg;61;Clear;#NULL!;31-35 mph;40 - 45  MPH;2011;Daylight;60-69
35.1378368619, -80.8793032481;"{""type"": ""Point"", ""coordinates"": [-80.87930324809048, 35.13783686186568]}";White;Charlotte;Sidewalk / Crosswalk / Driveway Crossing;2;17;Urban (>70% Developed);Male;Sport Utility;0;#NULL!;0;0;Hispanic;No;0;50-59;Crossing Paths - Intersection - Other / Unknown;None;No;No;Dry;0;Urban;No;10MAR2011;0;17:15;Male;No;Commercial;C: Possible Injury;No;O: No Injury;2850;March;0;Straight - Hillcrest;Piedmont;Unknown;Stop And Go Signal;Thursday;Intersection;50;0;Two-Way, Not Divided;3 lanes;0;#NULL!;#NULL!;Smooth Asphalt;#NULL!;Four-Way Intersection;Crossing Paths - Other Circumstances;Local Street;C: Possible Injury;Mecklenburg;20;Cloudy;#NULL!;Unknown;30 - 35  MPH;2011;Dawn;20-24
34.7605969, -77.4156021868;"{""type"": ""Point"", ""coordinates"": [-77.41560218677608, 34.7605969000495]}";Black;Jacksonville;Travel Lane;3;13;Urban (>70% Developed);Male;Passenger Car;0;#NULL!;0;0;Black;No;0;16-19;Multiple Threat - Midblock;None;No;No;Dry;0;Urban;No;05MAR2011;0;13:13;Female;No;Commercial;A: Disabling Injury;Yes;O: No Injury;2871;March;0;Straight - Level;Coastal;Not Applicable;Double Yellow Line, No Passing Zone;Saturday;Non-Intersection;18;0;Two-Way, Divided, Unprotected Median;4 lanes;0;#NULL!;#NULL!;Smooth Asphalt;#NULL!;No Special Feature;Bicyclist Failed to Yield - Midblock;US Route;A: Disabling Injury;Onslow;29;Clear;#NULL!;36-40 mph;40 - 45  MPH;2011;Daylight;25-29
34.2348167681, -77.8881023046;"{""type"": ""Point"", ""coordinates"": [-77.88810230459075, 34.234816768147255]}";Black;Wilmington;Travel Lane;2;13;Urban (>70% Developed);Male;Sport Utility;0;#NULL!;0;0;White;No;0;25-29;Motorist Drive Out - Sign-Controlled Intersection;None;No;No;Dry;0;Urban;No;08MAR2011;0;13:25;Female;No;Residential;B: Evident Injury;Yes;O: No Injury;2851;March;0;Straight - Level;Coastal;Facing Traffic;Stop Sign;Tuesday;Intersection;25;0;Two-Way, Not Divided;5 lanes;0;#NULL!;#NULL!;Smooth Asphalt;#NULL!;T-Intersection;Motorist Failed to Yield - Sign-Controlled Intersection;Local Street;B: Evident Injury;New Hanover;21;Clear;#NULL!;6-10 mph;20 - 25  MPH;2011;Daylight;20-24
35.1193268609, -80.8078032251;"{""type"": ""Point"", ""coordinates"": [-80.80780322507167, 35.119326860904785]}";White;Charlotte;Bike Lane / Paved Shoulder;2;18;Urban (>70% Developed);Male;Passenger Car;0;#NULL!;0;0;White;No;0;40-49;Motorist Left Turn - Opposite Direction;None;No;No;Dry;0;Urban;No;25OCT2011;0;18:27;Male;No;Residential;C: Possible Injury;No;O: No Injury;3542;October;0;Straight - Level;Piedmont;With Traffic;No Control Present;Tuesday;Intersection;42;0;Two-Way, Divided, Positive Median Barrier;1 lane;0;#NULL!;#NULL!;Smooth Asphalt;#NULL!;No Special Feature;Motorist Left Turn / Merge;Local Street;C: Possible Injury;Mecklenburg;70+;Clear;#NULL!;36-40 mph;40 - 45  MPH;2011;Dusk;70+
35.707987022, -79.8150029602;"{""type"": ""Point"", ""coordinates"": [-79.81500296021298, 35.7079870220331]}";Black;Asheboro;Bike Lane / Paved Shoulder;2;13;Urban (>70% Developed);Male;Pickup;0;#NULL!;0;0;White;No;0;20-24;Head-On - Bicyclist;None;No;No;Dry;0;Urban;No;17OCT2011;0;13:54;Male;No;Commercial;C: Possible Injury;No;O: No Injury;3546;October;0;Straight - Grade;Piedmont;Facing Traffic;No Control Present;Monday;Non-Intersection;21;0;Two-Way, Not Divided;3 lanes;0;#NULL!;#NULL!;Smooth Asphalt;#NULL!;No Special Feature;Head-On;NC Route;C: Possible Injury;Randolph;69;Clear;#NULL!;6-10 mph;30 - 35  MPH;2011;Daylight;60-69
35.3058268393, -82.4483037223;"{""type"": ""Point"", ""coordinates"": [-82.44830372233697, 35.30582683926474]}";White;Hendersonville;Travel Lane;2;7;Urban (>70% Developed);Male;Sport Utility;0;#NULL!;0;0;White;No;0;40-49;Motorist Overtaking - Other / Unknown;None;No;No;Dry;0;Urban;No;05OCT2011;0;7:55;Female;No;Commercial;B: Evident Injury;Yes;O: No Injury;3550;October;0;Straight - Hillcrest;Mountains;With Traffic;No Control Present;Wednesday;Non-Intersection;43;0;Two-Way, Not Divided;5 lanes;0;#NULL!;#NULL!;Coarse Asphalt;#NULL!;Bridge Approach;Motorist Overtaking Bicyclist;US Route;B: Evident Injury;Henderson;25;Clear;#NULL!;21-25 mph;30 - 35  MPH;2011;Daylight;25-29
35.7842470784, -78.6938026262;"{""type"": ""Point"", ""coordinates"": [-78.69380262620463, 35.784247078432145]}";Black;Raleigh;Travel Lane;2;23;Urban (>70% Developed);Male;Passenger Car;0;#NULL!;0;0;Unknown/Missing;No;0;40-49;Signalized Intersection - Other / Unknown;None;No;No;Dry;0;Urban;Yes;13NOV2011;0;23:57;Unknown;Missing;Commercial;C: Possible Injury;No;Unknown Injury;3554;November;0;Straight - Hillcrest;Piedmont;With Traffic;Stop And Go Signal;Sunday;Intersection;40;0;Two-Way, Divided, Unprotected Median;7 lanes;0;#NULL!;#NULL!;Smooth Asphalt;#NULL!;No Special Feature;Crossing Paths - Other Circumstances;Local Street;C: Possible Injury;Wake;Unknown;Clear;#NULL!;6-10 mph;40 - 45  MPH;2011;Dark - Lighted Roadway;Unknown
34.8119068532, -79.1444027118;"{""type"": ""Point"", ""coordinates"": [-79.14440271182053, 34.811906853243194]}";Native American;None - Rural Crash;Travel Lane;2;11;Rural (<30% Developed);Male;Passenger Car;0;#NULL!;0;0;Native American;No;0;50-59;Motorist Overtaking - Misjudged Space;None;No;No;Dry;0;Rural;Yes;15NOV2011;0;11:56;Female;No;Farms, Woods, Pastures;B: Evident Injury;Yes;O: No Injury;3562;November;0;Straight - Level;Coastal;With Traffic;Double Yellow Line, No Passing Zone;Tuesday;Non-Intersection;52;0;Two-Way, Not Divided;2 lanes;0;#NULL!;#NULL!;Coarse Asphalt;#NULL!;No Special Feature;Motorist Overtaking Bicyclist;State Secondary Route;B: Evident Injury;Robeson;38;Clear;#NULL!;51-55 mph;50 - 55  MPH;2011;Daylight;30-39
35.1806768703, -80.8893032534;"{""type"": ""Point"", ""coordinates"": [-80.88930325340205, 35.18067687030119]}";White;Charlotte;Sidewalk / Crosswalk / Driveway Crossing;2;8;Urban (>70% Developed);Male;Sport Utility;0;#NULL!;0;0;White;No;0;30-39;Motorist Left Turn - Opposite Direction;None;No;No;Dry;0;Urban;No;02NOV2011;0;8:52;Male;No;Commercial;C: Possible Injury;No;O: No Injury;3577;November;0;Straight - Level;Piedmont;With Traffic;Stop And Go Signal;Wednesday;Intersection;31;0;Two-Way, Divided, Unprotected Median;4 lanes;0;#NULL!;#NULL!;Smooth Asphalt;#NULL!;No Special Feature;Motorist Left Turn / Merge;Local Street;C: Possible Injury;Mecklenburg;70+;Clear;#NULL!;21-25 mph;30 - 35  MPH;2011;Daylight;70+
36.0533370813, -80.2070030973;"{""type"": ""Point"", ""coordinates"": [-80.20700309731644, 36.053337081297904]}";Hispanic;Winston-Salem;Travel Lane;2;20;Urban (>70% Developed);Male;Pickup;0;#NULL!;0;0;White;No;0;25-29;Motorist Overtaking - Other / Unknown;None;No;No;Dry;0;Urban;No;03NOV2011;0;20:43;Male;No;Residential;B: Evident Injury;Yes;O: No Injury;3578;November;0;Straight - Level;Piedmont;With Traffic;No Control Present;Thursday;Non-Intersection;27;0;Two-Way, Divided, Unprotected Median;2 lanes;0;#NULL!;#NULL!;Smooth Asphalt;#NULL!;No Special Feature;Motorist Overtaking Bicyclist;Local Street;B: Evident Injury;Forsyth;51;Cloudy;#NULL!;41-45 mph;40 - 45  MPH;2011;Dark - Roadway Not Lighted;50-59
34.8671568507, -79.5478028354;"{""type"": ""Point"", ""coordinates"": [-79.54780283544603, 34.86715685067645]}";White;None - Rural Crash;Travel Lane;2;17;Mixed (30% To 70% Developed);Male;Pickup;0;#NULL!;0;0;Native American;No;0;11-15;Bicyclist Left Turn - Same Direction;None;No;No;Dry;0;Rural;No;14NOV2011;0;17:23;Male;No;Residential;B: Evident Injury;No;O: No Injury;3580;November;0;Straight - Level;Coastal;With Traffic;No Control Present;Monday;Non-Intersection;15;0;Two-Way, Not Divided;2 lanes;0;#NULL!;#NULL!;Smooth Asphalt;#NULL!;No Special Feature;Bicyclist Left Turn / Merge;State Secondary Route;B: Evident Injury;Scotland;34;Clear;#NULL!;26-30 mph;50 - 55  MPH;2011;Daylight;30-39
35.2528868755, -81.1766033428;"{""type"": ""Point"", ""coordinates"": [-81.17660334284113, 35.25288687546667]}";White;Gastonia;Travel Lane;2;12;Urban (>70% Developed);Male;Passenger Car;0;#NULL!;0;0;White;No;0;30-39;Multiple Threat - Midblock;None;No;No;Dry;0;Urban;No;08NOV2011;0;12:26;Female;No;Commercial;B: Evident Injury;Yes;O: No Injury;3590;November;0;Straight - Grade;Piedmont;Not Applicable;No Control Present;Tuesday;Non-Intersection;39;0;Two-Way, Not Divided;5 lanes;0;#NULL!;#NULL!;Smooth Asphalt;#NULL!;No Special Feature;Bicyclist Failed to Yield - Midblock;NC Route;B: Evident Injury;Gaston;57;Clear;#NULL!;16-20 mph;30 - 35  MPH;2011;Daylight;50-59
34.2197467649, -77.8867023032;"{""type"": ""Point"", ""coordinates"": [-77.88670230317297, 34.21974676490865]}";White;Wilmington;Sidewalk / Crosswalk / Driveway Crossing;2;6;Urban (>70% Developed);Male;Taxicab;0;#NULL!;0;0;White;No;0;70+;Bicyclist Turning Error - Right Turn;None;No;No;Dry;0;Urban;No;08NOV2011;0;6:55;Male;No;Commercial;O: No Injury;Yes;O: No Injury;3598;November;0;Straight - Level;Coastal;With Traffic;No Control Present;Tuesday;Non-Intersection;70+;0;Two-Way, Not Divided;2 lanes;0;#NULL!;#NULL!;Concrete;#NULL!;Driveway, Public;Loss of Control / Turning Error;Public Vehicular Area;Unknown Injury;New Hanover;65;Clear;#NULL!;0-5 mph;20 - 25  MPH;2011;Daylight;60-69
35.2347468762, -81.0403033015;"{""type"": ""Point"", ""coordinates"": [-81.04030330151552, 35.234746876173865]}";White;Belmont;Sidewalk / Crosswalk / Driveway Crossing;2;16;Mixed (30% To 70% Developed);Female;Passenger Car;0;#NULL!;0;0;Black;No;0;6-10;Bicyclist Ride Through - Signalized Intersection;None;No;No;Dry;0;Urban;No;15NOV2011;0;16:17;Male;No;Residential;C: Possible Injury;Yes;O: No Injury;3604;November;0;Straight - Level;Piedmont;Facing Traffic;Stop And Go Signal;Tuesday;Intersection;7;0;Two-Way, Divided, Unprotected Median;3 lanes;0;#NULL!;#NULL!;Coarse Asphalt;#NULL!;T-Intersection;Bicyclist Failed to Yield - Signalized Intersection;Local Street;C: Possible Injury;Gaston;38;Clear;#NULL!;41-45 mph;40 - 45  MPH;2011;Daylight;30-39