Geo Point;Geo Shape;BikeRace;City;BikePos;NumUnits;CrashHour;Locality;BikeSex;DrvrVehTyp;NumBikesNo;BikeAlcDrg;NumBikesBI;RteInvdCd;DrvrRace;Workzone;NumBikesCi;BikeAgeGrp;CrashType;RdDefects;CrashAlcoh;BikeAlcoho;RdConditio;DstncMiFrm;RuralUrban;HitRun;CrashDate;NumBikesUI;CrashTime;DrvrSex;DrvrAlcoho;Developmen;CrashSevr;AmbulanceR;DrvrInjury;OBJECTID;CrashMonth;NumBikesKi;RdCharacte;Region;BikeDir;TraffCntrl;CrashDay;CrashLoc;BikeAge;NumBikesTo;RdConfig;NumLanes;NumBikesAI;DrvrAlcDrg;OnRoad;RdSurface;Towrd_Rd;RdFeature;CrashGrp;RdClass;BikeInjury;County;DrvrAge;Weather;FrmRd;DrvrEstSpd;SpeedLimit;CrashYear;LightCond;DrvrAgeGrp
35.2960268717, -81.5210034477;"{""type"": ""Point"", ""coordinates"": [-81.5210034476575, 35.29602687172222]}";White;Shelby;Travel Lane;2;9;Mixed (30% To 70% Developed);Male;Passenger Car;0;#NULL!;0;0;Black;No;0;60-69;Motorist Overtaking - Bicyclist Swerved;None;No;No;Dry;0;Urban;No;15NOV2011;0;9:58;Female;No;Commercial;B: Evident Injury;Yes;O: No Injury;3606;November;0;Straight - Grade;Mountains;With Traffic;No Control Present;Tuesday;Non-Intersection;62;0;Two-Way, Not Divided;2 lanes;0;#NULL!;#NULL!;Concrete;#NULL!;No Special Feature;Motorist Overtaking Bicyclist;State Secondary Route;B: Evident Injury;Cleveland;25;Cloudy;#NULL!;26-30 mph;30 - 35  MPH;2011;Daylight;25-29
35.7837570791, -78.6771026205;"{""type"": ""Point"", ""coordinates"": [-78.67710262045084, 35.783757079084594]}";White;Raleigh;Travel Lane;2;18;Urban (>70% Developed);Male;Sport Utility;0;#NULL!;0;0;White;No;0;20-24;Motorist Left Turn - Opposite Direction;None;No;No;Dry;0;Urban;No;15NOV2011;0;18:25;Male;No;Institutional;A: Disabling Injury;Yes;O: No Injury;3607;November;0;Straight - Grade;Piedmont;With Traffic;No Control Present;Tuesday;Non-Intersection;21;0;Two-Way, Not Divided;2 lanes;0;#NULL!;#NULL!;Coarse Asphalt;#NULL!;T-Intersection;Motorist Left Turn / Merge;Local Street;A: Disabling Injury;Wake;19;Clear;#NULL!;16-20 mph;20 - 25  MPH;2011;Dark - Lighted Roadway;0-19
35.2539268896, -80.8036032315;"{""type"": ""Point"", ""coordinates"": [-80.8036032314959, 35.253926889555274]}";Black;Charlotte;Non-Roadway;2;16;Urban (>70% Developed);Male;Passenger Car;0;#NULL!;0;0;Black;No;0;50-59;Non-Roadway;None;No;No;Dry;0;Urban;No;10DEC2011;0;16:08;Male;No;Commercial;C: Possible Injury;Yes;O: No Injury;3609;December;0;Straight - Level;Piedmont;Not Applicable;No Control Present;Saturday;Non-Roadway;51;0;Two-Way, Not Divided;Unknown;0;#NULL!;#NULL!;Smooth Asphalt;#NULL!;Driveway, Private;Non-Roadway;Public Vehicular Area;C: Possible Injury;Mecklenburg;67;Clear;#NULL!;0-5 mph;5 - 15 MPH;2011;Daylight;60-69
36.2397372432, -76.7679020619;"{""type"": ""Point"", ""coordinates"": [-76.76790206191448, 36.23973724319483]}";Black;None - Rural Crash;Travel Lane;2;19;Rural (<30% Developed);Male;Passenger Car;0;#NULL!;0;0;Black;No;0;50-59;Motorist Overtaking - Other / Unknown;None;Yes;Yes;Dry;0;Rural;No;30NOV2011;0;19:09;Female;No;Farms, Woods, Pastures;A: Disabling Injury;Yes;O: No Injury;3615;November;0;Straight - Level;Coastal;With Traffic;No Control Present;Wednesday;Non-Intersection;55;0;Two-Way, Not Divided;2 lanes;0;#NULL!;#NULL!;Coarse Asphalt;#NULL!;No Special Feature;Motorist Overtaking Bicyclist;NC Route;A: Disabling Injury;Bertie;27;Clear;#NULL!;51-55 mph;50 - 55  MPH;2011;Dark - Roadway Not Lighted;25-29
34.6632568902, -77.0421020681;"{""type"": ""Point"", ""coordinates"": [-77.0421020681093, 34.663256890196074]}";White;Emerald Isle;Travel Lane;2;11;Urban (>70% Developed);Male;Sport Utility;0;#NULL!;0;0;White;No;0;60-69;Motorist Right Turn - Same Direction;None;No;No;Dry;0;Rural;No;26NOV2011;0;11:33;Female;No;Commercial;B: Evident Injury;Yes;O: No Injury;3617;November;0;Straight - Grade;Coastal;With Traffic;Stop And Go Signal;Saturday;Intersection;62;0;Two-Way, Not Divided;8 lanes;0;#NULL!;#NULL!;Coarse Asphalt;#NULL!;Four-Way Intersection;Motorist Right Turn / Merge;NC Route;B: Evident Injury;Carteret;70+;Clear;#NULL!;0-5 mph;40 - 45  MPH;2011;Daylight;70+
34.3510167656, -78.7315025641;"{""type"": ""Point"", ""coordinates"": [-78.73150256414638, 34.35101676555804]}";White;None - Rural Crash;Travel Lane;2;17;Rural (<30% Developed);Male;Sport Utility;0;#NULL!;0;0;White;No;0;16-19;Bicyclist Left Turn - Same Direction;None;No;No;Dry;0;Rural;No;15DEC2011;0;17:45;Female;No;Farms, Woods, Pastures;O: No Injury;No;O: No Injury;3623;December;0;Straight - Level;Coastal;With Traffic;No Control Present;Thursday;Intersection-Related;17;0;Two-Way, Not Divided;2 lanes;0;#NULL!;#NULL!;Coarse Asphalt;#NULL!;T-Intersection;Bicyclist Left Turn / Merge;State Secondary Route;O: No Injury;Columbus;47;Clear;#NULL!;51-55 mph;50 - 55  MPH;2011;Dark - Roadway Not Lighted;40-49
34.2463767711, -77.8807023029;"{""type"": ""Point"", ""coordinates"": [-77.88070230288776, 34.246376771120026]}";White;Wilmington;Travel Lane;2;14;Urban (>70% Developed);Male;Passenger Car;0;#NULL!;0;0;White;No;0;50-59;Motorist Overtaking - Misjudged Space;None;No;No;Dry;0;Urban;No;28NOV2011;0;14:27;Female;No;Commercial;C: Possible Injury;Yes;O: No Injury;3626;November;0;Straight - Level;Coastal;With Traffic;No Control Present;Monday;Non-Intersection;56;0;Two-Way, Not Divided;4 lanes;0;#NULL!;#NULL!;Coarse Asphalt;#NULL!;No Special Feature;Motorist Overtaking Bicyclist;Local Street;C: Possible Injury;New Hanover;29;Cloudy;#NULL!;16-20 mph;30 - 35  MPH;2011;Daylight;25-29
36.0892870857, -80.2712031181;"{""type"": ""Point"", ""coordinates"": [-80.27120311808899, 36.08928708572505]}";White;Winston-Salem;Travel Lane;2;9;Urban (>70% Developed);Male;Van;0;#NULL!;0;0;Black;No;0;60-69;Motorist Left Turn - Opposite Direction;None;No;No;Dry;0;Urban;No;29NOV2011;0;9:50;Male;No;Commercial;C: Possible Injury;Yes;O: No Injury;3627;November;0;Straight - Grade;Piedmont;With Traffic;No Control Present;Tuesday;Non-Intersection;60;0;Two-Way, Not Divided;4 lanes;0;#NULL!;#NULL!;Smooth Asphalt;#NULL!;T-Intersection;Motorist Left Turn / Merge;Local Street;C: Possible Injury;Forsyth;47;Cloudy;#NULL!;11-15 mph;30 - 35  MPH;2011;Daylight;40-49
35.5207470361, -78.2929024905;"{""type"": ""Point"", ""coordinates"": [-78.29290249052762, 35.52074703612505]}";White;Selma;Travel Lane;2;12;Urban (>70% Developed);Male;Passenger Car;0;#NULL!;0;0;White;No;0;20-24;Head-On - Bicyclist;None;No;No;Dry;0;Urban;No;06DEC2011;0;12:18;Male;No;Commercial;B: Evident Injury;Yes;O: No Injury;3635;December;0;Curve - Level;Coastal;Facing Traffic;No Control Present;Tuesday;Non-Intersection;20;0;Two-Way, Not Divided;2 lanes;0;#NULL!;#NULL!;Coarse Asphalt;#NULL!;No Special Feature;Head-On;Local Street;B: Evident Injury;Johnston;70+;Clear;#NULL!;36-40 mph;40 - 45  MPH;2011;Daylight;70+
35.5989668967, -82.5536037703;"{""type"": ""Point"", ""coordinates"": [-82.55360377032287, 35.598966896744564]}";White;Asheville;Travel Lane;2;10;Urban (>70% Developed);Male;Passenger Car;0;#NULL!;0;0;White;No;0;50-59;Bicyclist Ride Through - Signalized Intersection;None;No;No;Dry;0;Urban;No;04DEC2011;0;10:40;Male;No;Commercial;O: No Injury;No;O: No Injury;3644;December;0;Straight - Grade;Mountains;With Traffic;Flashing Stop And Go Signal;Sunday;Intersection;52;0;Two-Way, Not Divided;2 lanes;0;#NULL!;#NULL!;Smooth Asphalt;#NULL!;No Special Feature;Bicyclist Failed to Yield - Signalized Intersection;Local Street;O: No Injury;Buncombe;64;Cloudy;#NULL!;16-20 mph;30 - 35  MPH;2011;Daylight;60-69
36.0438370938, -79.8010029744;"{""type"": ""Point"", ""coordinates"": [-79.80100297436927, 36.04383709381844]}";White;Greensboro;Travel Lane;2;15;Urban (>70% Developed);Male;Passenger Car;0;#NULL!;0;0;Black;No;0;50-59;Motorist Left Turn - Opposite Direction;None;No;No;Dry;0;Urban;No;30DEC2011;0;15:20;Female;No;Commercial;C: Possible Injury;Yes;O: No Injury;3655;December;0;Straight - Grade;Piedmont;With Traffic;No Control Present;Friday;Intersection-Related;54;0;Two-Way, Divided, Unprotected Median;7 lanes;0;#NULL!;#NULL!;Smooth Asphalt;#NULL!;No Special Feature;Motorist Left Turn / Merge;Local Street;C: Possible Injury;Guilford;48;Cloudy;#NULL!;6-10 mph;30 - 35  MPH;2011;Daylight;40-49
35.5308070685, -77.3988022189;"{""type"": ""Point"", ""coordinates"": [-77.3988022188622, 35.53080706847621]}";Black;Winterville;Travel Lane;2;20;Urban (>70% Developed);Male;Passenger Car;0;#NULL!;0;0;Black;No;0;16-19;Motorist Drive Out - Sign-Controlled Intersection;None;No;No;Dry;0;Urban;No;24DEC2011;0;20:15;Female;No;Residential;B: Evident Injury;Yes;O: No Injury;3658;December;0;Straight - Level;Coastal;Facing Traffic;Stop Sign;Saturday;Intersection;19;0;Two-Way, Not Divided;2 lanes;0;#NULL!;#NULL!;Smooth Asphalt;#NULL!;No Special Feature;Motorist Failed to Yield - Sign-Controlled Intersection;Local Street;B: Evident Injury;Pitt;36;Clear;#NULL!;0-5 mph;20 - 25  MPH;2011;Dark - Roadway Not Lighted;30-39
35.4101969205, -80.8687032599;"{""type"": ""Point"", ""coordinates"": [-80.86870325993387, 35.410196920472124]}";White;Huntersville;Travel Lane;2;8;Urban (>70% Developed);Male;Passenger Car;0;#NULL!;0;0;White;No;0;30-39;Motorist Left Turn - Opposite Direction;None;No;No;Dry;0;Urban;No;26DEC2011;0;8:03;Male;No;Residential;C: Possible Injury;Yes;O: No Injury;3659;December;0;Straight - Level;Piedmont;With Traffic;Stop Sign;Monday;Intersection;35;0;Two-Way, Not Divided;2 lanes;0;#NULL!;#NULL!;Smooth Asphalt;#NULL!;No Special Feature;Motorist Left Turn / Merge;Local Street;C: Possible Injury;Mecklenburg;25;Clear;#NULL!;21-25 mph;20 - 25  MPH;2011;Daylight;25-29
36.0652870981, -79.8127029786;"{""type"": ""Point"", ""coordinates"": [-79.81270297863337, 36.065287098057404]}";Unknown/Missing;Greensboro;Travel Lane;2;9;Urban (>70% Developed);Unknown;Unknown;0;#NULL!;0;0;Unknown/Missing;No;0;Unknown;Motorist Right Turn - Same Direction;None;No;Missing;Wet;0;Urban;Yes;05APR2011;0;9:45;Unknown;Missing;Institutional;C: Possible Injury;No;Unknown Injury;3668;April;0;Straight - Level;Piedmont;With Traffic;Other;Tuesday;Intersection;Unknown;0;Two-Way, Divided, Positive Median Barrier;2 lanes;0;#NULL!;#NULL!;Smooth Asphalt;#NULL!;Four-Way Intersection;Motorist Right Turn / Merge;Local Street;Unknown Injury;Guilford;Unknown;Cloudy;#NULL!;0-5 mph;20 - 25  MPH;2011;Daylight;Unknown
35.358436901, -81.0953033238;"{""type"": ""Point"", ""coordinates"": [-81.0953033237759, 35.35843690103413]}";White;Stanley;Travel Lane;2;14;Mixed (30% To 70% Developed);Female;Passenger Car;0;#NULL!;0;0;White;No;0;11-15;Motorist Drive Out - Sign-Controlled Intersection;None;No;No;Dry;0;Rural;No;08JUL2011;0;14:58;Female;No;Commercial;B: Evident Injury;Yes;O: No Injury;3669;July;0;Straight - Level;Piedmont;Facing Traffic;Stop Sign;Friday;Intersection;13;0;Two-Way, Not Divided;2 lanes;0;#NULL!;#NULL!;Smooth Asphalt;#NULL!;T-Intersection;Motorist Failed to Yield - Sign-Controlled Intersection;NC Route;B: Evident Injury;Gaston;35;Clear;#NULL!;Unknown;30 - 35  MPH;2011;Daylight;30-39
35.5943830577, -78.1284284444;"{""type"": ""Point"", ""coordinates"": [-78.12842844440605, 35.5943830576811]}";Black;Kenly;Travel Lane;2;8;Urban (>70% Developed);Male;Passenger Car;0;#NULL!;0;0;White;No;0;50-59;Bicyclist Right Turn - Same Direction;None;Yes;Yes;Wet;0;Rural;No;01JAN2010;0;8:31;Female;No;Commercial;B: Evident Injury;Yes;O: No Injury;3670;January;0;Straight - Level;Coastal;With Traffic;Stop Sign;Friday;Non-Intersection;51;0;Two-Way, Not Divided;5 lanes;0;#NULL!;#NULL!;Coarse Asphalt;#NULL!;No Special Feature;Bicyclist Right Turn / Merge;Local Street;B: Evident Injury;Johnston;16;Cloudy;#NULL!;31-35 mph;30 - 35  MPH;2010;Daylight;0-19
35.0322969011, -79.1461667227;"{""type"": ""Point"", ""coordinates"": [-79.14616672270529, 35.03229690105568]}";White;None - Rural Crash;Travel Lane;2;8;Mixed (30% To 70% Developed);Male;Van;0;#NULL!;0;0;Native American;No;0;30-39;Motorist Overtaking - Other / Unknown;None;No;No;Dry;0;Rural;No;06JAN2010;0;8:57;Male;No;Residential;C: Possible Injury;No;O: No Injury;3671;January;0;Straight - Level;Coastal;With Traffic;Double Yellow Line, No Passing Zone;Wednesday;Non-Intersection;30;0;Two-Way, Not Divided;2 lanes;0;#NULL!;#NULL!;Smooth Asphalt;#NULL!;No Special Feature;Motorist Overtaking Bicyclist;State Secondary Route;C: Possible Injury;Hoke;41;Clear;#NULL!;16-20 mph;50 - 55  MPH;2010;Daylight;40-49
35.7831300753, -78.7832926531;"{""type"": ""Point"", ""coordinates"": [-78.78329265307644, 35.78313007534108]}";Hispanic;Cary;Sidewalk / Crosswalk / Driveway Crossing;2;20;Urban (>70% Developed);Female;Passenger Car;0;#NULL!;0;0;White;No;0;30-39;Motorist Left Turn - Opposite Direction;None;No;No;Wet;0;Urban;No;21JAN2010;0;20:07;Female;No;Residential;C: Possible Injury;Yes;O: No Injury;3679;January;0;Straight - Level;Piedmont;Facing Traffic;Stop And Go Signal;Thursday;Intersection;39;0;Two-Way, Not Divided;2 lanes;0;#NULL!;#NULL!;Smooth Asphalt;#NULL!;Four-Way Intersection;Motorist Left Turn / Merge;Local Street;C: Possible Injury;Wake;47;Rain;#NULL!;0-5 mph;30 - 35  MPH;2010;Dark - Roadway Not Lighted;40-49
35.8048200037, -80.8819992852;"{""type"": ""Point"", ""coordinates"": [-80.88199928517062, 35.804820003673825]}";Hispanic;Statesville;Travel Lane;2;16;Urban (>70% Developed);Male;Pickup;0;#NULL!;0;0;White;No;0;11-15;Crossing Paths - Intersection - Other / Unknown;None;No;No;Dry;0;Urban;No;13JAN2010;0;16:00;Male;No;Residential;B: Evident Injury;Yes;O: No Injury;3686;January;0;Curve - Level;Piedmont;With Traffic;No Control Present;Wednesday;Intersection;14;0;Two-Way, Divided, Unprotected Median;2 lanes;0;#NULL!;#NULL!;Smooth Asphalt;#NULL!;No Special Feature;Crossing Paths - Other Circumstances;Local Street;B: Evident Injury;Iredell;58;Clear;#NULL!;26-30 mph;30 - 35  MPH;2010;Daylight;50-59
35.9073970913, -79.0631527442;"{""type"": ""Point"", ""coordinates"": [-79.06315274420483, 35.907397091345075]}";White;Chapel Hill;Travel Lane;2;11;Urban (>70% Developed);Male;Pickup;0;#NULL!;0;0;Black;No;0;25-29;Motorist Right Turn - Same Direction;None;No;No;Dry;0;Urban;No;14JAN2010;0;11:13;Male;No;Residential;C: Possible Injury;Yes;O: No Injury;3687;January;0;Straight - Level;Piedmont;With Traffic;Other;Thursday;Intersection;26;0;Two-Way, Not Divided;2 lanes;0;#NULL!;#NULL!;Smooth Asphalt;#NULL!;No Special Feature;Motorist Right Turn / Merge;Local Street;C: Possible Injury;Orange;59;Clear;#NULL!;16-20 mph;20 - 25  MPH;2010;Daylight;50-59
35.8347200926, -78.6020326011;"{""type"": ""Point"", ""coordinates"": [-78.6020326011173, 35.83472009260855]}";Black;Raleigh;Travel Lane;2;14;Mixed (30% To 70% Developed);Male;Passenger Car;0;#NULL!;0;0;Black;No;0;11-15;Bicyclist Failed to Clear - Trapped;None;No;No;Dry;0;Urban;No;18JAN2010;0;14:30;Female;No;Commercial;O: No Injury;No;O: No Injury;3693;January;0;Straight - Level;Piedmont;With Traffic;Stop And Go Signal;Monday;Intersection;15;0;Two-Way, Not Divided;5 lanes;0;#NULL!;#NULL!;Smooth Asphalt;#NULL!;No Special Feature;Bicyclist Failed to Yield - Signalized Intersection;Local Street;O: No Injury;Wake;55;Clear;#NULL!;0-5 mph;30 - 35  MPH;2010;Daylight;50-59
35.3876600177, -77.9824223889;"{""type"": ""Point"", ""coordinates"": [-77.98242238886722, 35.38766001770257]}";Black;Goldsboro;Travel Lane;2;21;Urban (>70% Developed);Male;Unknown;0;#NULL!;0;0;Unknown/Missing;No;0;16-19;Motorist Overtaking - Other / Unknown;None;No;No;Dry;0;Urban;Yes;29JAN2010;0;21:40;Unknown;Missing;Residential;B: Evident Injury;Yes;Unknown Injury;3699;January;0;Straight - Level;Coastal;With Traffic;Stop Sign;Friday;Intersection;19;0;Two-Way, Not Divided;2 lanes;0;#NULL!;#NULL!;Smooth Asphalt;#NULL!;Four-Way Intersection;Motorist Overtaking Bicyclist;Local Street;B: Evident Injury;Wayne;Unknown;Cloudy;#NULL!;Unknown;20 - 25  MPH;2010;Dark - Roadway Not Lighted;Unknown
35.6077340865, -77.3630522121;"{""type"": ""Point"", ""coordinates"": [-77.36305221214538, 35.60773408646564]}";White;Greenville;Travel Lane;2;13;Mixed (30% To 70% Developed);Male;Passenger Car;0;#NULL!;0;0;White;No;0;20-24;Motorist Overtaking - Misjudged Space;None;No;No;Dry;0;Urban;No;26JAN2010;0;13:10;Female;No;Institutional;O: No Injury;No;O: No Injury;3706;January;0;Straight - Level;Coastal;With Traffic;Stop And Go Signal;Tuesday;Non-Intersection;24;0;Two-Way, Divided, Unprotected Median;2 lanes;0;#NULL!;#NULL!;Concrete;#NULL!;No Special Feature;Motorist Overtaking Bicyclist;Local Street;Unknown Injury;Pitt;56;Clear;#NULL!;26-30 mph;30 - 35  MPH;2010;Daylight;50-59
35.0537369148, -78.8856076459;"{""type"": ""Point"", ""coordinates"": [-78.88560764589992, 35.05373691483589]}";Black;Fayetteville;Travel Lane;2;16;Urban (>70% Developed);Female;Pickup;0;#NULL!;0;0;White;No;0;11-15;Bicyclist Ride Out - Signalized  Intersection;None;No;No;Dry;0;Urban;No;16FEB2010;0;16:47;Male;No;Commercial;B: Evident Injury;Yes;O: No Injury;3710;February;0;Straight - Level;Coastal;Facing Traffic;Stop And Go Signal;Tuesday;Intersection;14;0;Two-Way, Not Divided;2 lanes;0;#NULL!;#NULL!;Concrete;#NULL!;Four-Way Intersection;Bicyclist Failed to Yield - Signalized Intersection;Local Street;B: Evident Injury;Cumberland;67;Clear;#NULL!;6-10 mph;20 - 25  MPH;2010;Daylight;60-69
34.6741768217, -79.1854727165;"{""type"": ""Point"", ""coordinates"": [-79.1854727165238, 34.674176821664815]}";Native American;None - Rural Crash;Bike Lane / Paved Shoulder;2;6;Rural (<30% Developed);Male;Pickup;0;#NULL!;0;0;Native American;No;0;40-49;Bicyclist Left Turn - Same Direction;None;Yes;Yes;Wet;0;Rural;No;24FEB2010;0;6:55;Male;No;Farms, Woods, Pastures;C: Possible Injury;Yes;C: Possible Injury;3721;February;0;Straight - Level;Coastal;With Traffic;Double Yellow Line, No Passing Zone;Wednesday;Non-Intersection;42;0;Two-Way, Not Divided;2 lanes;0;#NULL!;#NULL!;Smooth Asphalt;#NULL!;No Special Feature;Bicyclist Left Turn / Merge;NC Route;C: Possible Injury;Robeson;40;Cloudy;#NULL!;51-55 mph;50 - 55  MPH;2010;Dark - Roadway Not Lighted;40-49
35.8791310486, -80.0889730516;"{""type"": ""Point"", ""coordinates"": [-80.08897305155654, 35.87913104862748]}";White;Thomasville;Travel Lane;2;16;Urban (>70% Developed);Male;Sport Utility;0;#NULL!;0;0;White;No;0;11-15;Motorist Drive Through - Sign-Controlled Intersection;None;No;No;Dry;0;Urban;No;19FEB2010;0;16:07;Female;No;Residential;B: Evident Injury;Yes;O: No Injury;3724;February;0;Straight - Grade;Piedmont;With Traffic;Stop Sign;Friday;Intersection;12;0;Two-Way, Not Divided;2 lanes;0;#NULL!;#NULL!;Coarse Asphalt;#NULL!;T-Intersection;Motorist Failed to Yield - Sign-Controlled Intersection;Local Street;B: Evident Injury;Davidson;24;Clear;#NULL!;21-25 mph;30 - 35  MPH;2010;Daylight;20-24
35.5682070821, -77.2480221745;"{""type"": ""Point"", ""coordinates"": [-77.24802217448037, 35.56820708210036]}";White;None - Rural Crash;Travel Lane;2;15;Rural (<30% Developed);Male;Pickup;0;#NULL!;0;0;White;No;0;40-49;Motorist Overtaking - Undetected Bicyclist;None;No;No;Dry;0;Rural;No;06MAR2010;0;15:26;Male;No;Farms, Woods, Pastures;C: Possible Injury;Yes;O: No Injury;3727;March;0;Straight - Grade;Coastal;With Traffic;Double Yellow Line, No Passing Zone;Saturday;Non-Intersection;40;0;Two-Way, Not Divided;2 lanes;0;#NULL!;#NULL!;Coarse Asphalt;#NULL!;No Special Feature;Motorist Overtaking Bicyclist;State Secondary Route;C: Possible Injury;Pitt;70+;Clear;#NULL!;16-20 mph;50 - 55  MPH;2010;Daylight;70+
35.1111708593, -80.7920832205;"{""type"": ""Point"", ""coordinates"": [-80.79208322052258, 35.11117085929157]}";White;Charlotte;Travel Lane;2;17;Urban (>70% Developed);Male;Passenger Car;0;#NULL!;0;0;White;No;0;50-59;Motorist Overtaking - Undetected Bicyclist;None;No;No;Dry;0;Urban;No;20FEB2010;0;17:20;Male;No;Residential;B: Evident Injury;No;O: No Injury;3728;February;0;Straight - Level;Piedmont;With Traffic;No Control Present;Saturday;Non-Intersection;53;0;Two-Way, Not Divided;3 lanes;0;#NULL!;#NULL!;Smooth Asphalt;#NULL!;No Special Feature;Motorist Overtaking Bicyclist;Local Street;B: Evident Injury;Mecklenburg;70+;Clear;#NULL!;31-35 mph;30 - 35  MPH;2010;Daylight;70+
35.2141948809, -80.7939732264;"{""type"": ""Point"", ""coordinates"": [-80.79397322641839, 35.21419488094504]}";Asian;Charlotte;Travel Lane;2;14;Urban (>70% Developed);Male;Passenger Car;0;#NULL!;0;0;White;No;0;6-10;Crossing Paths - Uncontrolled Intersection;None;No;No;Dry;0;Urban;No;21FEB2010;0;14:41;Male;No;Residential;B: Evident Injury;No;O: No Injury;3730;February;0;Straight - Level;Piedmont;Not Applicable;No Control Present;Sunday;Intersection;10;0;Two-Way, Not Divided;2 lanes;0;#NULL!;#NULL!;Smooth Asphalt;#NULL!;Driveway, Private;Crossing Paths - Other Circumstances;Local Street;B: Evident Injury;Mecklenburg;63;Clear;#NULL!;16-20 mph;30 - 35  MPH;2010;Daylight;60-69
36.3469271623, -79.6729929533;"{""type"": ""Point"", ""coordinates"": [-79.67299295329558, 36.3469271622985]}";White;Reidsville;Travel Lane;2;16;Urban (>70% Developed);Female;Passenger Car;0;#NULL!;0;0;White;No;0;11-15;Bicyclist Ride Through - Sign-Controlled Intersection;None;No;No;Dry;0;Urban;No;27FEB2010;0;16:50;Female;No;Residential;C: Possible Injury;Yes;O: No Injury;3733;February;0;Straight - Grade;Piedmont;With Traffic;Stop Sign;Saturday;Intersection;14;0;Two-Way, Not Divided;2 lanes;0;#NULL!;#NULL!;Smooth Asphalt;#NULL!;T-Intersection;Bicyclist Failed to Yield - Sign-Controlled Intersection;Local Street;C: Possible Injury;Rockingham;67;Clear;#NULL!;21-25 mph;30 - 35  MPH;2010;Daylight;60-69
35.7911100779, -78.7578076459;"{""type"": ""Point"", ""coordinates"": [-78.75780764585161, 35.79111007785302]}";White;Cary;Travel Lane;2;21;Urban (>70% Developed);Female;Passenger Car;0;#NULL!;0;0;Unknown/Missing;No;0;30-39;Motorist Drive Out - Commercial Driveway / Alley;None;No;No;Dry;0;Urban;Yes;18MAR2010;0;21:41;Unknown;Missing;Commercial;C: Possible Injury;No;Unknown Injury;3742;March;0;Straight - Level;Piedmont;With Traffic;No Control Present;Thursday;Non-Intersection;34;0;Two-Way, Not Divided;2 lanes;0;#NULL!;#NULL!;Smooth Asphalt;#NULL!;No Special Feature;Motorist Failed to Yield - Midblock;State Secondary Route;C: Possible Injury;Wake;Unknown;Clear;#NULL!;0-5 mph;40 - 45  MPH;2010;Dark - Lighted Roadway;Unknown
36.0588771303, -78.8887026993;"{""type"": ""Point"", ""coordinates"": [-78.88870269927534, 36.05887713032494]}";Black;None - Rural Crash;Travel Lane;2;23;Mixed (30% To 70% Developed);Male;Sport Utility;0;#NULL!;0;0;Unknown/Missing;No;0;16-19;Motorist Overtaking - Other / Unknown;None;No;No;Dry;0;Rural;Yes;17MAR2010;0;23:02;Unknown;No;Residential;B: Evident Injury;Yes;Unknown Injury;3745;March;0;Straight - Grade;Piedmont;With Traffic;Stop Sign;Wednesday;Non-Intersection;18;0;Two-Way, Not Divided;3 lanes;0;#NULL!;#NULL!;Coarse Asphalt;#NULL!;No Special Feature;Motorist Overtaking Bicyclist;State Secondary Route;B: Evident Injury;Durham;Unknown;Clear;#NULL!;46-50 mph;40 - 45  MPH;2010;Dark - Roadway Not Lighted;Unknown
35.7817469987, -80.8814332845;"{""type"": ""Point"", ""coordinates"": [-80.88143328454498, 35.781746998663095]}";Black;Statesville;Travel Lane;2;14;Urban (>70% Developed);Male;Unknown;0;#NULL!;0;0;Unknown/Missing;No;0;25-29;Motorist Left Turn - Same Direction;None;Yes;Yes;Dry;0;Urban;Yes;04MAR2010;0;14:00;Unknown;Missing;Residential;C: Possible Injury;Yes;Unknown Injury;3751;March;0;Straight - Grade;Piedmont;Facing Traffic;No Control Present;Thursday;Non-Intersection;29;0;Two-Way, Not Divided;2 lanes;0;#NULL!;#NULL!;Smooth Asphalt;#NULL!;No Special Feature;Motorist Left Turn / Merge;Local Street;C: Possible Injury;Iredell;Unknown;Clear;#NULL!;11-15 mph;30 - 35  MPH;2010;Daylight;Unknown
35.8812900487, -80.0993130551;"{""type"": ""Point"", ""coordinates"": [-80.09931305506407, 35.88129004869523]}";White;Thomasville;Travel Lane;2;15;Mixed (30% To 70% Developed);Male;Passenger Car;0;#NULL!;0;0;Black;No;0;40-49;Motorist Left Turn - Opposite Direction;None;No;No;Dry;0;Urban;No;06MAR2010;0;15:15;Male;No;Commercial;O: No Injury;No;O: No Injury;3752;March;0;Straight - Level;Piedmont;With Traffic;Stop And Go Signal;Saturday;Intersection;46;0;Two-Way, Not Divided;4 lanes;0;#NULL!;#NULL!;Smooth Asphalt;#NULL!;Four-Way Intersection;Motorist Left Turn / Merge;Local Street;O: No Injury;Davidson;70+;Clear;#NULL!;Unknown;Unknown;2010;Daylight;70+
36.0426471218, -79.0285367405;"{""type"": ""Point"", ""coordinates"": [-79.028536740529, 36.04264712177444]}";Black;None - Rural Crash;Travel Lane;2;17;Rural (<30% Developed);Male;Pickup;0;#NULL!;0;0;Hispanic;No;0;6-10;Motorist Overtaking - Misjudged Space;None;No;No;Dry;0;Rural;No;30MAR2010;0;17:17;Female;No;Residential;B: Evident Injury;Yes;O: No Injury;3766;March;0;Straight - Grade;Piedmont;With Traffic;Double Yellow Line, No Passing Zone;Tuesday;Non-Intersection;7;0;Two-Way, Not Divided;2 lanes;0;#NULL!;#NULL!;Smooth Asphalt;#NULL!;No Special Feature;Motorist Overtaking Bicyclist;State Secondary Route;B: Evident Injury;Orange;35;Clear;#NULL!;41-45 mph;40 - 45  MPH;2010;Daylight;30-39