Geo Point;Geo Shape;BikeRace;City;BikePos;NumUnits;CrashHour;Locality;BikeSex;DrvrVehTyp;NumBikesNo;BikeAlcDrg;NumBikesBI;RteInvdCd;DrvrRace;Workzone;NumBikesCi;BikeAgeGrp;CrashType;RdDefects;CrashAlcoh;BikeAlcoho;RdConditio;DstncMiFrm;RuralUrban;HitRun;CrashDate;NumBikesUI;CrashTime;DrvrSex;DrvrAlcoho;Developmen;CrashSevr;AmbulanceR;DrvrInjury;OBJECTID;CrashMonth;NumBikesKi;RdCharacte;Region;BikeDir;TraffCntrl;CrashDay;CrashLoc;BikeAge;NumBikesTo;RdConfig;NumLanes;NumBikesAI;DrvrAlcDrg;OnRoad;RdSurface;Towrd_Rd;RdFeature;CrashGrp;RdClass;BikeInjury;County;DrvrAge;Weather;FrmRd;DrvrEstSpd;SpeedLimit;CrashYear;LightCond;DrvrAgeGrp
35.027846846, -80.6635531776;"{""type"": ""Point"", ""coordinates"": [-80.66355317757565, 35.027846845970586]}";White;Wesley Chapel;Travel Lane;2;8;Urban (>70% Developed);Male;Pickup;0;#NULL!;0;0;White;No;0;20-24;Motorist Left Turn - Opposite Direction;None;No;No;Dry;0;Rural;No;31MAR2010;0;8:35;Male;No;Residential;B: Evident Injury;No;O: No Injury;3771;March;0;Straight - Level;Piedmont;With Traffic;No Control Present;Wednesday;Non-Intersection;20;0;Two-Way, Not Divided;2 lanes;0;#NULL!;#NULL!;Smooth Asphalt;#NULL!;Driveway, Private;Motorist Left Turn / Merge;Local Street;B: Evident Injury;Union;49;Clear;#NULL!;31-35 mph;30 - 35  MPH;2010;Daylight;40-49
36.0594511, -79.71857295;"{""type"": ""Point"", ""coordinates"": [-79.71857295000125, 36.059451099984685]}";Black;None - Rural Crash;Travel Lane;2;12;Rural (<30% Developed);Female;Tractor/Semi-Trailer;0;#NULL!;0;0;Unknown/Missing;No;0;50-59;Motorist Overtaking - Misjudged Space;None;No;No;Dry;0;Rural;Yes;03APR2010;0;12:03;Unknown;No;Farms, Woods, Pastures;B: Evident Injury;No;Unknown Injury;3772;April;0;Straight - Level;Piedmont;With Traffic;Double Yellow Line, No Passing Zone;Saturday;Non-Intersection;58;0;Two-Way, Not Divided;2 lanes;0;#NULL!;#NULL!;Smooth Asphalt;#NULL!;No Special Feature;Motorist Overtaking Bicyclist;State Secondary Route;B: Evident Injury;Guilford;Unknown;Clear;#NULL!;21-25 mph;40 - 45  MPH;2010;Daylight;Unknown
34.2391667671, -77.9438573216;"{""type"": ""Point"", ""coordinates"": [-77.94385732156182, 34.23916676706082]}";Black;Wilmington;Travel Lane;2;19;Urban (>70% Developed);Male;Pickup;0;#NULL!;0;0;White;No;0;30-39;Motorist Right Turn - Same Direction;None;No;No;Dry;0;Urban;No;16MAR2010;0;19:58;Male;No;Commercial;C: Possible Injury;No;O: No Injury;3776;March;0;Straight - Level;Coastal;With Traffic;Stop And Go Signal;Tuesday;Intersection;38;0;Two-Way, Divided, Unprotected Median;Unknown;0;#NULL!;#NULL!;Smooth Asphalt;#NULL!;Four-Way Intersection;Motorist Right Turn / Merge;Local Street;C: Possible Injury;New Hanover;41;Clear;#NULL!;6-10 mph;30 - 35  MPH;2010;Dark - Lighted Roadway;40-49
35.7678329672, -81.6258835053;"{""type"": ""Point"", ""coordinates"": [-81.6258835053403, 35.76783296722607]}";White;None - Rural Crash;Travel Lane;2;15;Mixed (30% To 70% Developed);Male;Sport Utility;0;#NULL!;0;0;Asian;No;0;16-19;Motorist Overtaking - Other / Unknown;None;No;No;Dry;0;Rural;No;20MAR2010;0;15:35;Female;No;Residential;B: Evident Injury;No;O: No Injury;3783;March;0;Straight - Grade;Mountains;With Traffic;Double Yellow Line, No Passing Zone;Saturday;Non-Intersection;16;0;Two-Way, Not Divided;2 lanes;0;#NULL!;#NULL!;Smooth Asphalt;#NULL!;No Special Feature;Motorist Overtaking Bicyclist;State Secondary Route;B: Evident Injury;Burke;51;Clear;#NULL!;26-30 mph;40 - 45  MPH;2010;Daylight;50-59
35.5226010856, -76.8387320472;"{""type"": ""Point"", ""coordinates"": [-76.83873204722819, 35.52260108557251]}";White;None - Rural Crash;Travel Lane;2;15;Rural (<30% Developed);Male;Van;0;#NULL!;0;0;Black;No;0;70+;Bicyclist Left Turn - Same Direction;None;No;No;Dry;0;Rural;No;11APR2010;0;15:38;Male;No;Residential;B: Evident Injury;No;O: No Injury;3788;April;0;Straight - Level;Coastal;With Traffic;No Control Present;Sunday;Non-Intersection;70+;0;Two-Way, Not Divided;2 lanes;0;#NULL!;#NULL!;Smooth Asphalt;#NULL!;No Special Feature;Bicyclist Left Turn / Merge;US Route;B: Evident Injury;Beaufort;60;Clear;#NULL!;51-55 mph;50 - 55  MPH;2010;Daylight;60-69
35.3032219786, -78.6035425735;"{""type"": ""Point"", ""coordinates"": [-78.60354257351972, 35.30322197856835]}";Black;Dunn;Sidewalk / Crosswalk / Driveway Crossing;3;16;Urban (>70% Developed);Male;Pickup;0;#NULL!;0;0;Unknown/Missing;No;0;11-15;Parallel Paths - Other / Unknown;None;No;No;Dry;0;Urban;No;31MAR2010;0;16:53;Male;No;Commercial;C: Possible Injury;Yes;O: No Injury;3790;March;0;Straight - Level;Coastal;With Traffic;No Control Present;Wednesday;Non-Intersection;15;0;Two-Way, Not Divided;4 lanes;0;#NULL!;#NULL!;Coarse Asphalt;#NULL!;No Special Feature;Parallel Paths - Other Circumstances;US Route;C: Possible Injury;Harnett;51;Clear;#NULL!;11-15 mph;30 - 35  MPH;2010;Daylight;50-59
35.9929421165, -78.875862692;"{""type"": ""Point"", ""coordinates"": [-78.87586269195414, 35.99294211653322]}";Black;Durham;Bike Lane / Paved Shoulder;2;18;Urban (>70% Developed);Male;Van;0;#NULL!;0;0;Black;No;0;11-15;Bicyclist Ride Through - Sign-Controlled Intersection;None;No;No;Dry;0;Urban;No;11APR2010;0;18:59;Female;No;Residential;C: Possible Injury;Yes;O: No Injury;3792;April;0;Straight - Level;Piedmont;With Traffic;Stop Sign;Sunday;Intersection;11;0;Two-Way, Not Divided;2 lanes;0;#NULL!;#NULL!;Coarse Asphalt;#NULL!;No Special Feature;Bicyclist Failed to Yield - Sign-Controlled Intersection;Local Street;C: Possible Injury;Durham;48;Clear;#NULL!;21-25 mph;20 - 25  MPH;2010;Daylight;40-49
36.2103040575, -81.6774035462;"{""type"": ""Point"", ""coordinates"": [-81.67740354624861, 36.210304057480506]}";White;Boone;Travel Lane;2;7;Urban (>70% Developed);Male;Pickup;0;#NULL!;0;0;White;No;0;20-24;Bicyclist Overtaking - Passing on Left;None;No;No;Dry;0;Urban;No;12APR2010;0;7:52;Female;No;Institutional;O: No Injury;No;O: No Injury;3794;April;0;Straight - Hillcrest;Mountains;With Traffic;No Control Present;Monday;Non-Intersection;21;0;One-Way, Not Divided;2 lanes;0;#NULL!;#NULL!;Coarse Asphalt;#NULL!;No Special Feature;Bicyclist Overtaking Motorist;Local Street;O: No Injury;Watauga;44;Clear;#NULL!;11-15 mph;20 - 25  MPH;2010;Daylight;40-49
36.0639170973, -79.8290429843;"{""type"": ""Point"", ""coordinates"": [-79.829042984307, 36.06391709726769]}";Unknown/Missing;Greensboro;Travel Lane;2;18;Urban (>70% Developed);Unknown;Passenger Car;0;#NULL!;0;0;Other;No;0;Unknown;Motorist Left Turn - Opposite Direction;None;No;Missing;Dry;0;Urban;No;15MAR2010;0;18:37;Female;No;Residential;O: No Injury;No;O: No Injury;3795;March;0;Straight - Level;Piedmont;With Traffic;No Control Present;Monday;Intersection;Unknown;0;Two-Way, Not Divided;2 lanes;0;#NULL!;#NULL!;Smooth Asphalt;#NULL!;T-Intersection;Motorist Left Turn / Merge;Local Street;Unknown Injury;Guilford;21;Clear;#NULL!;0-5 mph;30 - 35  MPH;2010;Dawn;20-24
36.3398570905, -81.5405995127;"{""type"": ""Point"", ""coordinates"": [-81.54059951272072, 36.33985709052039]}";White;None - Rural Crash;Travel Lane;2;17;Rural (<30% Developed);Male;Passenger Car;0;#NULL!;0;0;White;No;0;30-39;Motorist Left Turn - Opposite Direction;None;No;No;Dry;0;Rural;No;13APR2010;0;17:45;Female;No;Farms, Woods, Pastures;B: Evident Injury;No;O: No Injury;3796;April;0;Curve - Level;Mountains;With Traffic;Double Yellow Line, No Passing Zone;Tuesday;Intersection;30;0;Two-Way, Not Divided;2 lanes;0;#NULL!;#NULL!;Smooth Asphalt;#NULL!;T-Intersection;Motorist Left Turn / Merge;NC Route;B: Evident Injury;Ashe;62;Clear;#NULL!;21-25 mph;50 - 55  MPH;2010;Daylight;60-69
34.7913809071, -77.4063521851;"{""type"": ""Point"", ""coordinates"": [-77.40635218514305, 34.79138090705935]}";White;Jacksonville;Bike Lane / Paved Shoulder;2;6;Urban (>70% Developed);Male;Sport Utility;0;#NULL!;0;0;White;No;0;20-24;Motorist Overtaking - Undetected Bicyclist;None;No;No;Dry;0;Urban;No;06APR2010;0;6:35;Male;No;Commercial;A: Disabling Injury;Yes;O: No Injury;3802;April;0;Straight - Level;Coastal;With Traffic;No Control Present;Tuesday;Non-Intersection;23;0;Two-Way, Divided, Unprotected Median;4 lanes;0;#NULL!;#NULL!;Coarse Asphalt;#NULL!;No Special Feature;Motorist Overtaking Bicyclist;Local Street;A: Disabling Injury;Onslow;26;Clear;#NULL!;41-45 mph;40 - 45  MPH;2010;Daylight;25-29
34.212633766, -77.7924982739;"{""type"": ""Point"", ""coordinates"": [-77.79249827393164, 34.21263376603973]}";White;Wrightsville Beach;Travel Lane;2;17;Urban (>70% Developed);Male;Passenger Car;0;#NULL!;0;0;White;No;0;40-49;Bicyclist Left Turn - Opposite Direction;None;No;No;Dry;0;Rural;No;07APR2010;0;17:10;Female;No;Residential;C: Possible Injury;No;O: No Injury;3808;April;0;Straight - Level;Coastal;With Traffic;No Control Present;Wednesday;Intersection-Related;49;0;Two-Way, Not Divided;2 lanes;0;#NULL!;#NULL!;Smooth Asphalt;#NULL!;No Special Feature;Bicyclist Left Turn / Merge;Local Street;O: No Injury;New Hanover;24;Clear;#NULL!;21-25 mph;20 - 25  MPH;2010;Daylight;20-24
35.6395599264, -81.9859436049;"{""type"": ""Point"", ""coordinates"": [-81.98594360489865, 35.639559926419075]}";White;None - Rural Crash;Other;2;20;Rural (<30% Developed);Male;Sport Utility;0;#NULL!;0;0;White;No;0;30-39;Bicyclist Ride Out - Parallel Path;None;No;No;Dry;0;Rural;No;17APR2010;0;20:20;Female;No;Farms, Woods, Pastures;B: Evident Injury;Yes;C: Possible Injury;3810;April;0;Straight - Grade;Mountains;With Traffic;No Control Present;Saturday;Intersection-Related;35;0;Two-Way, Not Divided;2 lanes;0;#NULL!;#NULL!;Smooth Asphalt;#NULL!;No Special Feature;Parallel Paths - Other Circumstances;US Route;B: Evident Injury;Mcdowell;18;Clear;#NULL!;51-55 mph;50 - 55  MPH;2010;Dusk;0-19
35.7321670949, -77.9000523823;"{""type"": ""Point"", ""coordinates"": [-77.90005238231537, 35.73216709492538]}";White;Wilson;Travel Lane;2;12;Urban (>70% Developed);Male;Passenger Car;0;#NULL!;0;0;White;No;0;50-59;Bicyclist Left Turn - Same Direction;None;No;No;Dry;0;Urban;No;15JAN2010;0;12:18;Female;No;Commercial;O: No Injury;No;O: No Injury;3813;January;0;Straight - Hillcrest;Coastal;With Traffic;No Control Present;Friday;Non-Intersection;52;0;Two-Way, Not Divided;4 lanes;0;#NULL!;#NULL!;Coarse Asphalt;#NULL!;Bridge;Bicyclist Left Turn / Merge;Local Street;O: No Injury;Wilson;32;Clear;#NULL!;41-45 mph;40 - 45  MPH;2010;Daylight;30-39
34.2091437622, -77.8804123008;"{""type"": ""Point"", ""coordinates"": [-77.88041230075133, 34.209143762225395]}";White;Wilmington;Travel Lane;2;6;Urban (>70% Developed);Male;Passenger Car;0;#NULL!;0;0;White;No;0;25-29;Motorist Overtaking - Other / Unknown;None;No;No;Dry;0;Urban;No;13APR2010;0;6:28;Male;No;Commercial;B: Evident Injury;Yes;O: No Injury;3814;April;0;Straight - Grade;Coastal;With Traffic;Stop And Go Signal;Tuesday;Non-Intersection;25;0;Two-Way, Not Divided;2 lanes;0;#NULL!;#NULL!;Smooth Asphalt;#NULL!;No Special Feature;Motorist Overtaking Bicyclist;Local Street;B: Evident Injury;New Hanover;59;Clear;#NULL!;31-35 mph;30 - 35  MPH;2010;Daylight;50-59
35.9430871442, -77.7804283563;"{""type"": ""Point"", ""coordinates"": [-77.78042835628975, 35.943087144237225]}";Black;Rocky Mount;Travel Lane;2;19;Urban (>70% Developed);Male;Pickup;0;#NULL!;0;0;Black;No;0;50-59;Bicyclist Left Turn - Same Direction;None;Yes;Yes;Dry;0;Urban;No;07MAR2010;0;19:37;Male;No;Residential;C: Possible Injury;Yes;O: No Injury;3816;March;0;Straight - Level;Coastal;With Traffic;No Control Present;Sunday;Non-Intersection;52;0;Two-Way, Not Divided;4 lanes;0;#NULL!;#NULL!;Smooth Asphalt;#NULL!;No Special Feature;Bicyclist Left Turn / Merge;Local Street;C: Possible Injury;Edgecombe;70+;Clear;#NULL!;16-20 mph;30 - 35  MPH;2010;Dark - Lighted Roadway;70+
35.8751751004, -78.6233526091;"{""type"": ""Point"", ""coordinates"": [-78.6233526090549, 35.87517510041684]}";White;Raleigh;Sidewalk / Crosswalk / Driveway Crossing;2;13;Urban (>70% Developed);Male;Passenger Car;0;#NULL!;0;0;White;No;0;30-39;Motorist Drive Out - Signalized Intersection;None;No;No;Dry;0;Urban;No;31MAR2010;0;13:31;Female;No;Commercial;C: Possible Injury;No;O: No Injury;3826;March;0;Straight - Level;Piedmont;Facing Traffic;Stop And Go Signal;Wednesday;Intersection;34;0;Two-Way, Divided, Unprotected Median;4 lanes;0;#NULL!;#NULL!;Smooth Asphalt;#NULL!;Driveway, Public;Motorist Failed to Yield - Signalized Intersection;Local Street;C: Possible Injury;Wake;70+;Clear;#NULL!;0-5 mph;30 - 35  MPH;2010;Daylight;70+
35.7093070892, -77.9215423876;"{""type"": ""Point"", ""coordinates"": [-77.92154238757644, 35.70930708918083]}";Black;Wilson;Travel Lane;2;16;Urban (>70% Developed);Female;Van;0;#NULL!;0;0;Black;No;0;40-49;Crossing Paths - Uncontrolled Intersection;None;Yes;Yes;Dry;0;Urban;No;02APR2010;0;16:28;Male;No;Residential;B: Evident Injury;Yes;O: No Injury;3832;April;0;Straight - Level;Coastal;Not Applicable;No Control Present;Friday;Intersection-Related;40;0;Two-Way, Not Divided;2 lanes;0;#NULL!;#NULL!;Coarse Asphalt;#NULL!;No Special Feature;Crossing Paths - Other Circumstances;Local Street;B: Evident Injury;Wilson;50;Clear;#NULL!;11-15 mph;30 - 35  MPH;2010;Daylight;50-59
36.0188211734, -77.4108922481;"{""type"": ""Point"", ""coordinates"": [-77.4108922481491, 36.01882117340732]}";Black;None - Rural Crash;Travel Lane;2;19;Rural (<30% Developed);Male;Sport Utility;0;#NULL!;0;0;Black;No;0;50-59;Motorist Overtaking - Other / Unknown;None;No;No;Dry;0;Rural;No;21APR2010;0;19:22;Male;No;Farms, Woods, Pastures;C: Possible Injury;Yes;O: No Injury;3833;April;0;Straight - Level;Coastal;With Traffic;No Control Present;Wednesday;Non-Intersection;57;0;Two-Way, Not Divided;2 lanes;0;#NULL!;#NULL!;Smooth Asphalt;#NULL!;No Special Feature;Motorist Overtaking Bicyclist;NC Route;C: Possible Injury;Halifax;33;Clear;#NULL!;51-55 mph;50 - 55  MPH;2010;Dusk;30-39
35.0039969311, -78.0848724017;"{""type"": ""Point"", ""coordinates"": [-78.08487240168323, 35.003996931092786]}";Black;Warsaw;Travel Lane;2;20;Rural (<30% Developed);Male;Passenger Car;0;#NULL!;0;0;Unknown/Missing;No;0;20-24;Head-On - Bicyclist;None;No;No;Dry;0;Rural;Yes;19APR2010;0;20:00;Unknown;Missing;Residential;B: Evident Injury;No;Unknown Injury;3836;April;0;Straight - Level;Coastal;Facing Traffic;No Control Present;Monday;Non-Intersection;21;0;Two-Way, Not Divided;2 lanes;0;#NULL!;#NULL!;Coarse Asphalt;#NULL!;No Special Feature;Head-On;Local Street;B: Evident Injury;Duplin;Unknown;Clear;#NULL!;31-35 mph;30 - 35  MPH;2010;Daylight;Unknown
35.1686168711, -80.7953732244;"{""type"": ""Point"", ""coordinates"": [-80.79537322436478, 35.168616871087124]}";White;Charlotte;Travel Lane;2;13;Urban (>70% Developed);Female;Sport Utility;0;#NULL!;0;0;Black;No;0;50-59;Motorist Overtaking - Bicyclist Swerved;None;No;No;Dry;0;Urban;No;13APR2010;0;13:16;Female;No;Residential;B: Evident Injury;Yes;O: No Injury;3841;April;0;Straight - Level;Piedmont;With Traffic;No Control Present;Tuesday;Non-Intersection;59;0;Two-Way, Not Divided;4 lanes;0;#NULL!;#NULL!;Smooth Asphalt;#NULL!;No Special Feature;Motorist Overtaking Bicyclist;Local Street;B: Evident Injury;Mecklenburg;36;Clear;#NULL!;36-40 mph;40 - 45  MPH;2010;Daylight;30-39
34.2218667671, -77.819732283;"{""type"": ""Point"", ""coordinates"": [-77.81973228301159, 34.221866767125604]}";White;Wilmington;Travel Lane;2;14;Urban (>70% Developed);Male;Passenger Car;0;#NULL!;0;0;White;No;0;30-39;Motorist Right Turn - Same Direction;None;No;No;Dry;0;Urban;No;09APR2010;0;14:09;Female;No;Commercial;B: Evident Injury;Yes;O: No Injury;3843;April;0;Straight - Level;Coastal;With Traffic;Stop Sign;Friday;Intersection;37;0;Two-Way, Not Divided;5 lanes;0;#NULL!;#NULL!;Coarse Asphalt;#NULL!;Related To Intersection;Motorist Right Turn / Merge;Local Street;B: Evident Injury;New Hanover;32;Clear;#NULL!;41-45 mph;40 - 45  MPH;2010;Daylight;30-39
35.0409668886, -79.5456628439;"{""type"": ""Point"", ""coordinates"": [-79.54566284387779, 35.040966888585146]}";Black;None - Rural Crash;Bike Lane / Paved Shoulder;2;13;Urban (>70% Developed);Male;Passenger Car;0;#NULL!;0;0;Black;No;0;50-59;Motorist Overtaking - Misjudged Space;None;Yes;Yes;Dry;0;Rural;No;15APR2010;0;13:00;Male;No;Commercial;B: Evident Injury;Yes;O: No Injury;3849;April;0;Straight - Level;Piedmont;With Traffic;Double Yellow Line, No Passing Zone;Thursday;Non-Intersection;56;0;Two-Way, Not Divided;2 lanes;0;#NULL!;#NULL!;Coarse Asphalt;#NULL!;No Special Feature;Motorist Overtaking Bicyclist;State Secondary Route;B: Evident Injury;Richmond;59;Clear;#NULL!;21-25 mph;30 - 35  MPH;2010;Daylight;50-59
34.3389467636, -78.7059125557;"{""type"": ""Point"", ""coordinates"": [-78.70591255567106, 34.33894676364263]}";Hispanic;Whiteville;Travel Lane;2;20;Urban (>70% Developed);Male;Pickup;0;#NULL!;0;0;White;No;0;40-49;Bicyclist Turning Error - Right Turn;None;No;No;Dry;0;Urban;No;18APR2010;0;20:19;Male;No;Residential;C: Possible Injury;Yes;O: No Injury;3850;April;0;Straight - Level;Coastal;With Traffic;Stop And Go Signal;Sunday;Intersection;44;0;Two-Way, Not Divided;4 lanes;0;#NULL!;#NULL!;Coarse Asphalt;#NULL!;Four-Way Intersection;Loss of Control / Turning Error;Local Street;C: Possible Injury;Columbus;63;Clear;#NULL!;0-5 mph;30 - 35  MPH;2010;Dark - Lighted Roadway;60-69
35.3024589025, -80.7290032117;"{""type"": ""Point"", ""coordinates"": [-80.7290032117423, 35.302458902458156]}";White;Charlotte;Sidewalk / Crosswalk / Driveway Crossing;2;20;Mixed (30% To 70% Developed);Male;Passenger Car;0;#NULL!;0;0;White;No;0;20-24;Bicyclist Ride Through - Sign-Controlled Intersection;None;No;No;Dry;0;Urban;No;21APR2010;0;20:33;Female;No;Commercial;B: Evident Injury;No;O: No Injury;3855;April;0;Straight - Level;Piedmont;Not Applicable;Stop And Go Signal;Wednesday;Intersection;21;0;Two-Way, Divided, Unprotected Median;7 lanes;0;#NULL!;#NULL!;Smooth Asphalt;#NULL!;No Special Feature;Bicyclist Failed to Yield - Sign-Controlled Intersection;Local Street;B: Evident Injury;Mecklenburg;18;Clear;#NULL!;41-45 mph;40 - 45  MPH;2010;Dark - Lighted Roadway;0-19
36.2680542662, -76.2439369027;"{""type"": ""Point"", ""coordinates"": [-76.24393690268145, 36.26805426622553]}";White;None - Rural Crash;Travel Lane;2;9;Rural (<30% Developed);Female;Van;0;#NULL!;0;0;White;No;0;60-69;Motorist Overtaking - Other / Unknown;None;No;No;Dry;0;Rural;No;11APR2010;0;9:40;Male;No;Farms, Woods, Pastures;B: Evident Injury;Yes;O: No Injury;3856;April;0;Straight - Level;Coastal;With Traffic;No Control Present;Sunday;Non-Intersection;61;0;Two-Way, Not Divided;2 lanes;0;#NULL!;#NULL!;Smooth Asphalt;#NULL!;No Special Feature;Motorist Overtaking Bicyclist;State Secondary Route;B: Evident Injury;Pasquotank;70+;Clear;#NULL!;46-50 mph;50 - 55  MPH;2010;Daylight;70+
36.4430992742, -77.1205321809;"{""type"": ""Point"", ""coordinates"": [-77.12053218090414, 36.44309927416046]}";Black;None - Rural Crash;Travel Lane;2;18;Rural (<30% Developed);Male;Passenger Car;0;#NULL!;0;0;Black;No;0;50-59;Bicyclist Left Turn - Same Direction;None;No;No;Unknown;0;Rural;No;25APR2010;0;18:05;Male;No;Farms, Woods, Pastures;B: Evident Injury;Yes;O: No Injury;3860;April;0;Straight - Level;Coastal;With Traffic;No Control Present;Sunday;Non-Intersection;56;0;Two-Way, Not Divided;2 lanes;0;#NULL!;#NULL!;Smooth Asphalt;#NULL!;No Special Feature;Bicyclist Left Turn / Merge;State Secondary Route;B: Evident Injury;Hertford;26;Clear;#NULL!;36-40 mph;50 - 55  MPH;2010;Daylight;25-29
35.9050070926, -79.01642273;"{""type"": ""Point"", ""coordinates"": [-79.01642273003034, 35.90500709257154]}";Black;Chapel Hill;Sidewalk / Crosswalk / Driveway Crossing;2;18;Urban (>70% Developed);Female;Passenger Car;0;#NULL!;0;0;White;No;0;30-39;Motorist Drive Out - Signalized Intersection;None;No;No;Dry;0;Urban;No;30APR2010;0;18:33;Male;No;Residential;B: Evident Injury;Yes;O: No Injury;3870;April;0;Straight - Grade;Piedmont;Facing Traffic;Stop And Go Signal;Friday;Intersection;30;0;Two-Way, Divided, Unprotected Median;9 or more lanes;0;#NULL!;#NULL!;Smooth Asphalt;#NULL!;Four-Way Intersection;Motorist Failed to Yield - Signalized Intersection;NC Route;B: Evident Injury;Orange;35;Clear;#NULL!;6-10 mph;20 - 25  MPH;2010;Daylight;30-39
35.0286469072, -78.9446726627;"{""type"": ""Point"", ""coordinates"": [-78.9446726627247, 35.02864690718158]}";White;Fayetteville;Sidewalk / Crosswalk / Driveway Crossing;2;16;Urban (>70% Developed);Female;Pickup;0;#NULL!;0;0;Black;No;0;11-15;Motorist Drive Out - Sign-Controlled Intersection;None;No;No;Dry;0;Urban;No;06MAY2010;0;16:04;Male;No;Residential;B: Evident Injury;Yes;O: No Injury;3874;May;0;Straight - Grade;Coastal;Facing Traffic;Stop Sign;Thursday;Intersection;13;0;Two-Way, Divided, Unprotected Median;3 lanes;0;#NULL!;#NULL!;Coarse Asphalt;#NULL!;Four-Way Intersection;Motorist Failed to Yield - Sign-Controlled Intersection;Local Street;B: Evident Injury;Cumberland;59;Clear;#NULL!;0-5 mph;30 - 35  MPH;2010;Daylight;50-59
35.0101199253, -78.3004524663;"{""type"": ""Point"", ""coordinates"": [-78.30045246627644, 35.010119925338195]}";Black;None - Rural Crash;Bike Lane / Paved Shoulder;2;5;Rural (<30% Developed);Male;Unknown;0;#NULL!;0;0;Unknown/Missing;No;0;60-69;Motorist Overtaking - Misjudged Space;None;No;No;Dry;0;Rural;Yes;07MAY2010;0;5:48;Unknown;No;Farms, Woods, Pastures;B: Evident Injury;Yes;Unknown Injury;3876;May;0;Straight - Level;Coastal;With Traffic;No Control Present;Friday;Non-Intersection;66;0;Two-Way, Not Divided;2 lanes;0;#NULL!;#NULL!;Coarse Asphalt;#NULL!;No Special Feature;Motorist Overtaking Bicyclist;NC Route;B: Evident Injury;Sampson;Unknown;Clear;#NULL!;41-45 mph;50 - 55  MPH;2010;Dark - Roadway Not Lighted;Unknown
35.3733629399, -80.1171370328;"{""type"": ""Point"", ""coordinates"": [-80.11713703280647, 35.373362939930175]}";Hispanic;None - Rural Crash;Travel Lane;2;15;Rural (<30% Developed);Male;Sport Utility;0;#NULL!;0;0;White;No;0;50-59;Bicyclist Ride Through - Sign-Controlled Intersection;None;No;No;Dry;0;Rural;No;07MAY2010;0;15:12;Female;No;Farms, Woods, Pastures;A: Disabling Injury;Yes;C: Possible Injury;3877;May;0;Curve - Grade;Piedmont;With Traffic;Stop Sign;Friday;Intersection;54;0;Two-Way, Not Divided;2 lanes;0;#NULL!;#NULL!;Smooth Asphalt;#NULL!;Four-Way Intersection;Bicyclist Failed to Yield - Sign-Controlled Intersection;State Secondary Route;A: Disabling Injury;Stanly;38;Clear;#NULL!;41-45 mph;40 - 45  MPH;2010;Daylight;30-39
35.944721118, -78.5558125922;"{""type"": ""Point"", ""coordinates"": [-78.55581259222984, 35.944721117956504]}";Unknown/Missing;Raleigh;Travel Lane;2;19;Urban (>70% Developed);Unknown;Van;0;#NULL!;0;0;White;No;0;Unknown;Crossing Paths - Intersection - Other / Unknown;None;No;Missing;Dry;0;Urban;No;16APR2010;0;19:42;Female;No;Residential;O: No Injury;No;O: No Injury;3881;April;0;Straight - Hillcrest;Piedmont;Facing Traffic;No Control Present;Friday;Intersection;Unknown;0;Two-Way, Divided, Unprotected Median;4 lanes;0;#NULL!;#NULL!;Smooth Asphalt;#NULL!;No Special Feature;Crossing Paths - Other Circumstances;Local Street;Unknown Injury;Wake;43;Clear;#NULL!;41-45 mph;40 - 45  MPH;2010;Dusk;40-49
35.8906321037, -78.6274826108;"{""type"": ""Point"", ""coordinates"": [-78.62748261077336, 35.89063210373109]}";White;Raleigh;Travel Lane;2;8;Urban (>70% Developed);Female;Passenger Car;0;#NULL!;0;0;White;No;0;40-49;Bicyclist Overtaking - Other / Unknown;None;No;No;Dry;0;Urban;No;17APR2010;0;8:01;Female;No;Commercial;O: No Injury;No;O: No Injury;3882;April;0;Straight - Level;Piedmont;With Traffic;No Control Present;Saturday;Intersection-Related;47;0;Two-Way, Not Divided;5 lanes;0;#NULL!;#NULL!;Smooth Asphalt;#NULL!;No Special Feature;Bicyclist Overtaking Motorist;Local Street;O: No Injury;Wake;58;Cloudy;#NULL!;21-25 mph;40 - 45  MPH;2010;Daylight;50-59
35.7938270799, -78.7059276295;"{""type"": ""Point"", ""coordinates"": [-78.70592762948229, 35.793827079926864]}";White;Raleigh;Travel Lane;2;15;Urban (>70% Developed);Male;Sport Utility;0;#NULL!;0;0;White;No;0;25-29;Bicyclist Left Turn - Same Direction;None;Yes;Yes;Dry;0;Urban;No;03APR2010;0;15:24;Male;No;Commercial;B: Evident Injury;Yes;C: Possible Injury;3887;April;0;Straight - Level;Piedmont;With Traffic;No Control Present;Saturday;Intersection-Related;28;0;Two-Way, Divided, Unprotected Median;4 lanes;0;#NULL!;#NULL!;Smooth Asphalt;#NULL!;No Special Feature;Bicyclist Left Turn / Merge;Local Street;B: Evident Injury;Wake;40;Clear;#NULL!;16-20 mph;40 - 45  MPH;2010;Daylight;40-49