Geo Point;Geo Shape;BikeRace;City;BikePos;NumUnits;CrashHour;Locality;BikeSex;DrvrVehTyp;NumBikesNo;BikeAlcDrg;NumBikesBI;RteInvdCd;DrvrRace;Workzone;NumBikesCi;BikeAgeGrp;CrashType;RdDefects;CrashAlcoh;BikeAlcoho;RdConditio;DstncMiFrm;RuralUrban;HitRun;CrashDate;NumBikesUI;CrashTime;DrvrSex;DrvrAlcoho;Developmen;CrashSevr;AmbulanceR;DrvrInjury;OBJECTID;CrashMonth;NumBikesKi;RdCharacte;Region;BikeDir;TraffCntrl;CrashDay;CrashLoc;BikeAge;NumBikesTo;RdConfig;NumLanes;NumBikesAI;DrvrAlcDrg;OnRoad;RdSurface;Towrd_Rd;RdFeature;CrashGrp;RdClass;BikeInjury;County;DrvrAge;Weather;FrmRd;DrvrEstSpd;SpeedLimit;CrashYear;LightCond;DrvrAgeGrp
35.9361151019, -78.9466277105;"{""type"": ""Point"", ""coordinates"": [-78.94662771049026, 35.936115101920535]}";White;Durham;Travel Lane;2;21;Urban (>70% Developed);Male;Passenger Car;0;#NULL!;0;0;White;No;0;30-39;Bicyclist Left Turn - Same Direction;None;No;No;Dry;0;Urban;No;10MAY2010;0;21:44;Female;No;Residential;B: Evident Injury;Yes;O: No Injury;3894;May;0;Straight - Level;Piedmont;With Traffic;No Control Present;Monday;Intersection-Related;39;0;Two-Way, Not Divided;2 lanes;0;#NULL!;#NULL!;Smooth Asphalt;#NULL!;No Special Feature;Bicyclist Left Turn / Merge;Local Street;B: Evident Injury;Durham;26;Clear;#NULL!;31-35 mph;30 - 35  MPH;2010;Dark - Lighted Roadway;25-29
35.7220640477, -79.1868027721;"{""type"": ""Point"", ""coordinates"": [-79.18680277208756, 35.72206404769767]}";White;Pittsboro;Travel Lane;2;15;Urban (>70% Developed);Female;Motorcycle;0;#NULL!;0;0;White;Yes;0;11-15;Bicyclist Ride Out - Other Midblock;None;No;No;Dry;0;Rural;No;03APR2010;0;15:12;Male;No;Commercial;C: Possible Injury;No;C: Possible Injury;3909;April;0;Straight - Level;Piedmont;Not Applicable;No Control Present;Saturday;Non-Intersection;14;0;Two-Way, Not Divided;2 lanes;0;#NULL!;#NULL!;Smooth Asphalt;#NULL!;No Special Feature;Bicyclist Failed to Yield - Midblock;Local Street;O: No Injury;Chatham;57;Clear;#NULL!;21-25 mph;40 - 45  MPH;2010;Daylight;50-59
35.0792338448, -81.005908282;"{""type"": ""Point"", ""coordinates"": [-81.00590828197323, 35.07923384476632]}";White;Charlotte;Travel Lane;2;11;Mixed (30% To 70% Developed);Male;Passenger Car;0;#NULL!;0;0;White;No;0;30-39;Motorist Left Turn - Opposite Direction;None;No;No;Dry;0;Urban;No;05MAY2010;0;11:19;Female;No;Residential;B: Evident Injury;Yes;O: No Injury;3910;May;0;Straight - Level;Piedmont;With Traffic;Stop Sign;Wednesday;Intersection;37;0;Two-Way, Not Divided;2 lanes;0;#NULL!;#NULL!;Smooth Asphalt;#NULL!;T-Intersection;Motorist Left Turn / Merge;Local Street;B: Evident Injury;Mecklenburg;70+;Clear;#NULL!;26-30 mph;40 - 45  MPH;2010;Daylight;70+
35.2365028701, -81.2169433533;"{""type"": ""Point"", ""coordinates"": [-81.21694335330444, 35.236502870135325]}";Black;Gastonia;Travel Lane;2;15;Urban (>70% Developed);Female;Passenger Car;0;#NULL!;0;0;Hispanic;No;0;0-5;Head-On - Bicyclist;None;No;No;Dry;0;Urban;No;05MAY2010;0;15:49;Female;No;Residential;B: Evident Injury;Yes;B: Evident Injury;3914;May;0;Straight - Level;Piedmont;With Traffic;No Control Present;Wednesday;Non-Intersection;4;0;Two-Way, Not Divided;2 lanes;0;#NULL!;#NULL!;Smooth Asphalt;#NULL!;Driveway, Public;Head-On;Local Street;O: No Injury;Gaston;18;Clear;#NULL!;16-20 mph;20 - 25  MPH;2010;Daylight;0-19
36.0610730973, -79.8093429784;"{""type"": ""Point"", ""coordinates"": [-79.80934297837288, 36.06107309730917]}";Black;Greensboro;Travel Lane;2;3;Urban (>70% Developed);Male;Passenger Car;0;#NULL!;0;0;Unknown/Missing;No;0;25-29;Bicyclist Overtaking - Parked Vehicle;None;No;No;Dry;0;Urban;No;08MAY2010;0;3:43;Unknown;Missing;Residential;B: Evident Injury;Yes;Unknown Injury;3924;May;0;Straight - Grade;Piedmont;With Traffic;No Control Present;Saturday;Intersection-Related;25;0;Two-Way, Not Divided;2 lanes;0;#NULL!;#NULL!;Coarse Asphalt;#NULL!;No Special Feature;Bicyclist Overtaking Motorist;Local Street;B: Evident Injury;Guilford;Unknown;Clear;#NULL!;Unknown;30 - 35  MPH;2010;Dark - Lighted Roadway;Unknown
35.280696893, -80.8573792488;"{""type"": ""Point"", ""coordinates"": [-80.85737924881379, 35.28069689302116]}";Black;Charlotte;Travel Lane;2;12;Urban (>70% Developed);Female;Pickup;0;#NULL!;0;0;Black;No;0;40-49;Bicyclist Lost Control - Other / Unknown;None;Yes;Yes;Dry;0;Urban;No;26APR2010;0;12:45;Male;No;Residential;B: Evident Injury;Yes;O: No Injury;3927;April;0;Straight - Grade;Piedmont;With Traffic;No Control Present;Monday;Non-Intersection;46;0;Two-Way, Divided, Positive Median Barrier;2 lanes;0;#NULL!;#NULL!;Smooth Asphalt;#NULL!;No Special Feature;Loss of Control / Turning Error;Local Street;B: Evident Injury;Mecklenburg;48;Clear;#NULL!;21-25 mph;20 - 25  MPH;2010;Daylight;40-49
35.1344968628, -80.8401232364;"{""type"": ""Point"", ""coordinates"": [-80.84012323642396, 35.13449686275257]}";White;Charlotte;Travel Lane;2;16;Urban (>70% Developed);Male;Sport Utility;0;#NULL!;0;0;Asian;No;0;50-59;Unknown Approach Paths;None;No;No;Dry;0;Urban;No;01MAY2010;0;16:32;Male;No;Residential;C: Possible Injury;No;O: No Injury;3928;May;0;Straight - Level;Piedmont;Unknown;Stop Sign;Saturday;Non-Intersection;50;0;Two-Way, Not Divided;2 lanes;0;#NULL!;#NULL!;Smooth Asphalt;#NULL!;No Special Feature;Other / Unknown - Insufficient Details;Local Street;C: Possible Injury;Mecklenburg;39;Clear;#NULL!;0-5 mph;30 - 35  MPH;2010;Daylight;30-39
36.0731371145, -79.3985328549;"{""type"": ""Point"", ""coordinates"": [-79.39853285486569, 36.07313711445116]}";Black;Graham;Sidewalk / Crosswalk / Driveway Crossing;2;21;Urban (>70% Developed);Male;Van;0;#NULL!;0;0;White;No;0;16-19;Motorist Right Turn - Opposite Direction;None;No;No;Dry;0;Urban;No;13MAY2010;0;21:40;Male;No;Residential;B: Evident Injury;Yes;O: No Injury;3945;May;0;Straight - Level;Piedmont;Facing Traffic;Stop And Go Signal;Thursday;Intersection;16;0;Two-Way, Not Divided;2 lanes;0;#NULL!;#NULL!;Smooth Asphalt;#NULL!;Four-Way Intersection;Motorist Right Turn / Merge;Local Street;B: Evident Injury;Alamance;64;Clear;#NULL!;6-10 mph;30 - 35  MPH;2010;Dark - Roadway Not Lighted;60-69
35.9667771493, -77.8033023643;"{""type"": ""Point"", ""coordinates"": [-77.80330236426126, 35.9667771492766]}";White;Rocky Mount;Travel Lane;2;10;Urban (>70% Developed);Male;Unknown;0;#NULL!;0;0;Unknown/Missing;No;0;50-59;Head-On - Bicyclist;None;No;No;Dry;0;Urban;Yes;01APR2010;0;10:21;Unknown;Missing;Commercial;B: Evident Injury;No;Unknown Injury;3947;April;0;Straight - Level;Coastal;Facing Traffic;Stop Sign;Thursday;Intersection-Related;52;0;Two-Way, Divided, Unprotected Median;5 lanes;0;#NULL!;#NULL!;Coarse Asphalt;#NULL!;T-Intersection;Head-On;Local Street;B: Evident Injury;Nash;Unknown;Clear;#NULL!;21-25 mph;40 - 45  MPH;2010;Daylight;Unknown
35.9446601443, -77.8040523637;"{""type"": ""Point"", ""coordinates"": [-77.80405236366356, 35.944660144326875]}";Black;Rocky Mount;Travel Lane;2;19;Urban (>70% Developed);Male;Passenger Car;0;#NULL!;0;0;Black;No;0;6-10;Bicyclist Ride Out - Sign-Controlled Intersection;None;No;No;Dry;0;Urban;No;03APR2010;0;19:00;Female;No;Residential;O: No Injury;No;O: No Injury;3951;April;0;Straight - Level;Coastal;With Traffic;Stop Sign;Saturday;Intersection;7;0;One-Way, Not Divided;2 lanes;0;#NULL!;#NULL!;Grooved Concrete;#NULL!;No Special Feature;Bicyclist Failed to Yield - Sign-Controlled Intersection;Local Street;O: No Injury;Nash;57;Clear;#NULL!;26-30 mph;30 - 35  MPH;2010;Daylight;50-59
36.4978101586, -80.6060332431;"{""type"": ""Point"", ""coordinates"": [-80.60603324308948, 36.497810158583306]}";White;Mount Airy;Travel Lane;2;23;Urban (>70% Developed);Male;Unknown;0;#NULL!;0;0;Unknown/Missing;No;0;16-19;Motorist Overtaking - Other / Unknown;None;No;No;Dry;0;Urban;Yes;17MAY2010;0;23:10;Unknown;Missing;Residential;O: No Injury;Yes;Unknown Injury;3954;May;0;Straight - Level;Mountains;With Traffic;No Control Present;Monday;Non-Intersection;17;0;Two-Way, Not Divided;2 lanes;0;#NULL!;#NULL!;Smooth Asphalt;#NULL!;No Special Feature;Motorist Overtaking Bicyclist;Local Street;O: No Injury;Surry;Unknown;Cloudy;#NULL!;31-35 mph;30 - 35  MPH;2010;Dark - Lighted Roadway;Unknown
35.8308900978, -78.4287975476;"{""type"": ""Point"", ""coordinates"": [-78.4287975475711, 35.830890097827435]}";White;None - Rural Crash;Travel Lane;2;10;Rural (<30% Developed);Female;Passenger Car;0;#NULL!;0;0;Black;No;0;30-39;Motorist Overtaking - Misjudged Space;None;No;No;Dry;0;Rural;Yes;28MAY2010;0;10:20;Male;No;Farms, Woods, Pastures;B: Evident Injury;No;O: No Injury;3957;May;0;Straight - Level;Piedmont;With Traffic;No Control Present;Friday;Non-Intersection;33;0;Two-Way, Not Divided;2 lanes;0;#NULL!;#NULL!;Coarse Asphalt;#NULL!;No Special Feature;Motorist Overtaking Bicyclist;State Secondary Route;B: Evident Injury;Wake;27;Clear;#NULL!;51-55 mph;50 - 55  MPH;2010;Daylight;25-29
35.196352927, -79.4003928082;"{""type"": ""Point"", ""coordinates"": [-79.40039280820307, 35.19635292695245]}";White;Southern Pines;Travel Lane;2;20;Urban (>70% Developed);Male;Passenger Car;0;#NULL!;0;0;White;No;0;16-19;Motorist Overtaking - Undetected Bicyclist;None;No;No;Dry;0;Urban;No;19MAY2010;0;20:21;Male;No;Residential;B: Evident Injury;Yes;O: No Injury;3959;May;0;Straight - Level;Piedmont;With Traffic;No Control Present;Wednesday;Non-Intersection;19;0;Two-Way, Divided, Unprotected Median;4 lanes;0;#NULL!;#NULL!;Coarse Asphalt;#NULL!;No Special Feature;Motorist Overtaking Bicyclist;NC Route;B: Evident Injury;Moore;31;Clear;#NULL!;41-45 mph;40 - 45  MPH;2010;Daylight;30-39
35.7865400782, -78.7306426367;"{""type"": ""Point"", ""coordinates"": [-78.73064263667159, 35.786540078207494]}";White;Raleigh;Bike Lane / Paved Shoulder;2;17;Mixed (30% To 70% Developed);Female;Passenger Car;0;#NULL!;0;0;White;No;0;20-24;Bicyclist Left Turn - Same Direction;None;No;No;Dry;0;Urban;No;05MAY2010;0;17:52;Female;No;Residential;B: Evident Injury;No;O: No Injury;3972;May;0;Straight - Level;Piedmont;With Traffic;No Control Present;Wednesday;Non-Intersection;22;0;Two-Way, Not Divided;3 lanes;0;#NULL!;#NULL!;Coarse Asphalt;#NULL!;No Special Feature;Bicyclist Left Turn / Merge;Local Street;B: Evident Injury;Wake;51;Clear;#NULL!;31-35 mph;40 - 45  MPH;2010;Daylight;50-59
36.1002920507, -81.2752334203;"{""type"": ""Point"", ""coordinates"": [-81.27523342025808, 36.10029205067796]}";White;None - Rural Crash;Bike Lane / Paved Shoulder;2;18;Rural (<30% Developed);Male;Passenger Car;0;#NULL!;0;0;Unknown/Missing;No;0;25-29;Head-On - Bicyclist;None;No;No;Dry;0;Rural;Yes;08JUN2010;0;18:23;Unknown;Missing;Farms, Woods, Pastures;B: Evident Injury;Yes;Unknown Injury;3975;June;0;Straight - Grade;Mountains;Facing Traffic;Double Yellow Line, No Passing Zone;Tuesday;Non-Intersection;26;0;Two-Way, Not Divided;2 lanes;0;#NULL!;#NULL!;Smooth Asphalt;#NULL!;No Special Feature;Head-On;NC Route;B: Evident Injury;Wilkes;Unknown;Clear;#NULL!;51-55 mph;50 - 55  MPH;2010;Daylight;Unknown
35.0474619139, -78.8611926385;"{""type"": ""Point"", ""coordinates"": [-78.86119263850775, 35.04746191389518]}";White;Fayetteville;Travel Lane;2;10;Urban (>70% Developed);Male;Passenger Car;0;#NULL!;0;0;Black;No;0;50-59;Unknown Approach Paths;None;No;No;Dry;0;Urban;No;23MAY2010;0;10:45;Female;No;Commercial;O: No Injury;No;O: No Injury;3977;May;0;Straight - Level;Coastal;Unknown;Stop And Go Signal;Sunday;Intersection-Related;52;0;Two-Way, Not Divided;3 lanes;0;#NULL!;#NULL!;Coarse Asphalt;#NULL!;Four-Way Intersection;Other / Unknown - Insufficient Details;Local Street;O: No Injury;Cumberland;49;Clear;#NULL!;11-15 mph;30 - 35  MPH;2010;Daylight;40-49
35.4869909455, -80.6337431932;"{""type"": ""Point"", ""coordinates"": [-80.63374319318795, 35.48699094547403]}";White;Kannapolis;Travel Lane;2;21;Rural (<30% Developed);Male;Pickup;0;#NULL!;0;0;White;No;0;40-49;Motorist Left Turn - Opposite Direction;None;Yes;Yes;Dry;0;Urban;No;20MAY2010;0;21:04;Male;No;Residential;C: Possible Injury;Yes;O: No Injury;3978;May;0;Straight - Grade;Piedmont;With Traffic;No Control Present;Thursday;Intersection;48;0;Two-Way, Not Divided;2 lanes;0;#NULL!;#NULL!;Smooth Asphalt;#NULL!;T-Intersection;Motorist Left Turn / Merge;Local Street;C: Possible Injury;Cabarrus;45;Clear;#NULL!;31-35 mph;30 - 35  MPH;2010;Dark - Lighted Roadway;40-49
35.7080530354, -79.4527528511;"{""type"": ""Point"", ""coordinates"": [-79.45275285109001, 35.7080530353883]}";White;Siler City;Travel Lane;2;22;Urban (>70% Developed);Male;Sport Utility;0;#NULL!;0;0;White;No;0;30-39;Motorist Overtaking - Other / Unknown;None;Yes;Yes;Dry;0;Urban;No;28MAY2010;0;22:35;Male;No;Residential;O: No Injury;No;O: No Injury;3990;May;0;Straight - Level;Piedmont;With Traffic;No Control Present;Friday;Non-Intersection;38;0;Two-Way, Not Divided;4 lanes;0;#NULL!;#NULL!;Smooth Asphalt;#NULL!;No Special Feature;Motorist Overtaking Bicyclist;Local Street;O: No Injury;Chatham;19;Clear;#NULL!;41-45 mph;40 - 45  MPH;2010;Dark - Lighted Roadway;0-19
34.9756268953, -78.9532526618;"{""type"": ""Point"", ""coordinates"": [-78.95325266183447, 34.9756268953404]}";Hispanic;Hope Mills;Travel Lane;2;17;Urban (>70% Developed);Male;Passenger Car;0;#NULL!;0;0;Black;No;0;6-10;Bicyclist Turning Error - Right Turn;None;No;No;Dry;0;Urban;No;28MAY2010;0;17:37;Female;No;Residential;B: Evident Injury;Yes;O: No Injury;3993;May;0;Straight - Level;Coastal;Facing Traffic;No Control Present;Friday;Intersection;9;0;Two-Way, Not Divided;2 lanes;0;#NULL!;#NULL!;Coarse Asphalt;#NULL!;T-Intersection;Loss of Control / Turning Error;Local Street;B: Evident Injury;Cumberland;21;Clear;#NULL!;21-25 mph;20 - 25  MPH;2010;Daylight;20-24
36.2124510584, -81.6807835471;"{""type"": ""Point"", ""coordinates"": [-81.68078354708173, 36.21245105839443]}";White;Boone;Bike Lane / Paved Shoulder;2;10;Urban (>70% Developed);Male;Sport Utility;0;#NULL!;0;0;White;No;0;20-24;Motorist Right Turn - Same Direction;None;No;No;Dry;0;Urban;No;15JUN2010;0;10:13;Female;No;Institutional;B: Evident Injury;No;O: No Injury;3997;June;0;Straight - Level;Mountains;With Traffic;No Control Present;Tuesday;Non-Intersection;20;0;Two-Way, Not Divided;6 lanes;0;#NULL!;#NULL!;Smooth Asphalt;#NULL!;No Special Feature;Motorist Right Turn / Merge;Local Street;B: Evident Injury;Watauga;20;Clear;#NULL!;31-35 mph;20 - 25  MPH;2010;Daylight;20-24
35.9903521158, -78.8805926935;"{""type"": ""Point"", ""coordinates"": [-78.88059269346292, 35.990352115772055]}";Black;Durham;Travel Lane;2;14;Urban (>70% Developed);Male;Passenger Car;0;#NULL!;0;0;Unknown/Missing;No;0;11-15;Sign-Controlled Intersection - Other / Unknown;None;No;No;Dry;0;Urban;Yes;02NOV2008;0;14:58;Unknown;No;Residential;A: Disabling Injury;Yes;Unknown Injury;6271;November;0;Straight - Grade;Piedmont;Facing Traffic;Stop Sign;Sunday;Intersection;13;0;Two-Way, Not Divided;2 lanes;0;#NULL!;#NULL!;Smooth Asphalt;#NULL!;Four-Way Intersection;Crossing Paths - Other Circumstances;Local Street;A: Disabling Injury;Durham;Unknown;Clear;#NULL!;31-35 mph;20 - 25  MPH;2008;Daylight;Unknown
35.087019925, -78.7909526186;"{""type"": ""Point"", ""coordinates"": [-78.79095261863786, 35.087019925021124]}";White;Eastover;Travel Lane;2;17;Mixed (30% To 70% Developed);Male;Sport Utility;0;#NULL!;0;0;White;No;0;50-59;Bicyclist Left Turn - Same Direction;None;No;No;Dry;0;Rural;No;06NOV2008;0;17:37;Female;No;Residential;B: Evident Injury;No;O: No Injury;6275;November;0;Straight - Level;Coastal;With Traffic;Double Yellow Line, No Passing Zone;Thursday;Non-Intersection;53;0;Two-Way, Not Divided;2 lanes;0;#NULL!;#NULL!;Coarse Asphalt;#NULL!;No Special Feature;Bicyclist Left Turn / Merge;US Route;B: Evident Injury;Cumberland;54;Clear;#NULL!;41-45 mph;40 - 45  MPH;2008;Dusk;50-59
35.13728986, -80.9372592649;"{""type"": ""Point"", ""coordinates"": [-80.9372592649104, 35.13728986001631]}";Hispanic;Charlotte;Sidewalk / Crosswalk / Driveway Crossing;2;12;Urban (>70% Developed);Female;Passenger Car;0;#NULL!;0;0;White;No;0;25-29;Motorist Drive Out - Commercial Driveway / Alley;None;No;No;Dry;0;Urban;No;05NOV2008;0;12:28;Female;No;Commercial;C: Possible Injury;Yes;O: No Injury;6280;November;0;Straight - Level;Piedmont;Facing Traffic;No Control Present;Wednesday;Non-Intersection;29;0;Two-Way, Not Divided;Unknown;0;#NULL!;#NULL!;Smooth Asphalt;#NULL!;No Special Feature;Motorist Failed to Yield - Midblock;Local Street;C: Possible Injury;Mecklenburg;17;Clear;#NULL!;0-5 mph;5 - 15 MPH;2008;Daylight;0-19
36.0799172409, -75.7950117545;"{""type"": ""Point"", ""coordinates"": [-75.79501175450174, 36.07991724090118]}";White;None - Rural Crash;Travel Lane;2;20;Rural (<30% Developed);Male;Passenger Car;0;#NULL!;0;0;White;No;0;25-29;Bicyclist Right Turn - Opposite Direction;None;Yes;Yes;Dry;0;Rural;No;16OCT2008;0;20:43;Male;No;Farms, Woods, Pastures;B: Evident Injury;Yes;O: No Injury;6282;October;0;Curve - Level;Coastal;Facing Traffic;Missing;Thursday;Non-Intersection;26;0;Two-Way, Not Divided;5 lanes;0;#NULL!;#NULL!;Coarse Asphalt;#NULL!;No Special Feature;Bicyclist Right Turn / Merge;US Route;B: Evident Injury;Currituck;21;Clear;#NULL!;51-55 mph;50 - 55  MPH;2008;Dark - Roadway Not Lighted;20-24
36.1512220992, -80.2792831249;"{""type"": ""Point"", ""coordinates"": [-80.27928312489466, 36.151222099246056]}";Black;Winston-Salem;Travel Lane;2;6;Urban (>70% Developed);Male;Passenger Car;0;#NULL!;0;0;Unknown/Missing;No;0;40-49;Parallel Paths - Other / Unknown;None;No;No;Dry;0;Urban;Yes;05SEP2008;0;6:21;Unknown;No;Commercial;C: Possible Injury;Yes;Unknown Injury;6285;September;0;Straight - Level;Piedmont;With Traffic;Stop And Go Signal;Friday;Intersection-Related;43;0;Two-Way, Divided, Positive Median Barrier;6 lanes;0;#NULL!;#NULL!;Smooth Asphalt;#NULL!;No Special Feature;Parallel Paths - Other Circumstances;Local Street;C: Possible Injury;Forsyth;Unknown;Clear;#NULL!;11-15 mph;40 - 45  MPH;2008;Daylight;Unknown
35.1552418661, -80.8762632476;"{""type"": ""Point"", ""coordinates"": [-80.87626324758251, 35.15524186608864]}";Hispanic;Charlotte;Travel Lane;2;17;Urban (>70% Developed);Male;Passenger Car;0;#NULL!;0;0;White;No;0;6-10;Bicyclist Ride Out - Midblock - Unknown;None;No;No;Dry;0;Urban;No;11NOV2008;0;17:33;Female;No;Commercial;O: No Injury;No;O: No Injury;6289;November;0;Unknown;Piedmont;Not Applicable;Stop And Go Signal;Tuesday;Non-Intersection;9;0;Two-Way, Divided, Unprotected Median;5 lanes;0;#NULL!;#NULL!;Smooth Asphalt;#NULL!;No Special Feature;Bicyclist Failed to Yield - Midblock;Local Street;Unknown Injury;Mecklenburg;44;Clear;#NULL!;26-30 mph;40 - 45  MPH;2008;Dark - Lighted Roadway;40-49
35.9037740898, -79.0911627523;"{""type"": ""Point"", ""coordinates"": [-79.09116275232381, 35.903774089809275]}";White;Carrboro;Travel Lane;2;15;Urban (>70% Developed);Male;Passenger Car;0;#NULL!;0;0;White;No;0;16-19;Bicyclist Right Turn - Same Direction;None;No;No;Dry;0;Urban;No;20OCT2008;0;15:46;Female;No;Residential;B: Evident Injury;Yes;O: No Injury;6293;October;0;Straight - Grade;Piedmont;Facing Traffic;Stop And Go Signal;Monday;Intersection;19;0;Two-Way, Not Divided;3 lanes;0;#NULL!;#NULL!;Smooth Asphalt;#NULL!;Four-Way Intersection;Bicyclist Right Turn / Merge;Local Street;B: Evident Injury;Orange;64;Clear;#NULL!;21-25 mph;30 - 35  MPH;2008;Daylight;60-69
36.001877117, -78.9132527037;"{""type"": ""Point"", ""coordinates"": [-78.91325270365357, 36.00187711704915]}";White;Durham;Travel Lane;2;18;Urban (>70% Developed);Male;Passenger Car;0;#NULL!;0;0;White;No;0;40-49;Motorist Drive Out - Commercial Driveway / Alley;None;No;No;Dry;0;Urban;No;03NOV2008;0;18:06;Male;No;Commercial;O: No Injury;No;O: No Injury;6314;November;0;Straight - Level;Piedmont;With Traffic;No Control Present;Monday;Non-Intersection;41;0;Two-Way, Not Divided;2 lanes;0;#NULL!;#NULL!;Smooth Asphalt;#NULL!;Driveway, Private;Motorist Failed to Yield - Midblock;Local Street;O: No Injury;Durham;28;Clear;#NULL!;0-5 mph;30 - 35  MPH;2008;Dark - Roadway Not Lighted;25-29
34.8559368435, -79.6954828787;"{""type"": ""Point"", ""coordinates"": [-79.6954828786614, 34.85593684352547]}";White;None - Rural Crash;Travel Lane;2;14;Rural (<30% Developed);Male;Unknown;0;#NULL!;0;0;Unknown/Missing;No;0;50-59;Parallel Paths - Other / Unknown;None;No;No;Dry;0;Rural;Yes;29OCT2008;0;14:00;Unknown;Missing;Farms, Woods, Pastures;B: Evident Injury;No;Unknown Injury;6317;October;0;Straight - Level;Piedmont;With Traffic;Double Yellow Line, No Passing Zone;Wednesday;Non-Intersection;58;0;Two-Way, Not Divided;2 lanes;0;#NULL!;#NULL!;Smooth Asphalt;#NULL!;Underpass;Parallel Paths - Other Circumstances;NC Route;B: Evident Injury;Richmond;Unknown;Clear;#NULL!;36-40 mph;50 - 55  MPH;2008;Dawn;Unknown
35.7968100702, -79.0116827228;"{""type"": ""Point"", ""coordinates"": [-79.01168272280135, 35.79681007023508]}";White;None - Rural Crash;Travel Lane;3;10;Rural (<30% Developed);Male;Passenger Car;0;#NULL!;0;0;White;No;0;70+;Motorist Overtaking - Misjudged Space;None;No;No;Dry;0;Rural;No;02NOV2008;0;10:43;Male;No;Farms, Woods, Pastures;B: Evident Injury;Yes;O: No Injury;6319;November;0;Straight - Level;Piedmont;With Traffic;No Control Present;Sunday;Non-Intersection;70+;0;Two-Way, Not Divided;2 lanes;0;#NULL!;#NULL!;Coarse Asphalt;#NULL!;No Special Feature;Motorist Overtaking Bicyclist;State Secondary Route;B: Evident Injury;Chatham;53;Clear;#NULL!;41-45 mph;50 - 55  MPH;2008;Daylight;50-59
35.5120918791, -82.519397755;"{""type"": ""Point"", ""coordinates"": [-82.5193977550121, 35.51209187914594]}";Hispanic;Asheville;Bike Lane / Paved Shoulder;2;6;Urban (>70% Developed);Male;Police;0;#NULL!;0;0;White;No;0;25-29;Bicyclist Right Turn - Opposite Direction;None;No;No;Dry;0;Urban;No;03NOV2008;0;6:15;Male;No;Residential;O: No Injury;No;O: No Injury;6320;November;0;Straight - Grade;Mountains;Facing Traffic;Double Yellow Line, No Passing Zone;Monday;Non-Intersection;28;0;Two-Way, Not Divided;2 lanes;0;#NULL!;#NULL!;Smooth Asphalt;#NULL!;No Special Feature;Bicyclist Right Turn / Merge;US Route;O: No Injury;Buncombe;37;Clear;#NULL!;41-45 mph;40 - 45  MPH;2008;Dark - Lighted Roadway;30-39
36.290759147, -79.780802982;"{""type"": ""Point"", ""coordinates"": [-79.78080298202292, 36.29075914702551]}";White;None - Rural Crash;Travel Lane;2;17;Rural (<30% Developed);Male;Passenger Car;0;#NULL!;0;0;White;No;0;50-59;Motorist Overtaking - Misjudged Space;None;No;No;Dry;0;Rural;No;07NOV2008;0;17:10;Female;No;Farms, Woods, Pastures;C: Possible Injury;Yes;O: No Injury;6323;November;0;Straight - Level;Piedmont;With Traffic;Double Yellow Line, No Passing Zone;Friday;Non-Intersection;56;0;Two-Way, Not Divided;2 lanes;0;#NULL!;#NULL!;Smooth Asphalt;#NULL!;No Special Feature;Motorist Overtaking Bicyclist;State Secondary Route;C: Possible Injury;Rockingham;26;Clear;#NULL!;51-55 mph;50 - 55  MPH;2008;Daylight;25-29
36.02185412, -78.952432717;"{""type"": ""Point"", ""coordinates"": [-78.9524327170334, 36.02185411995071]}";White;Durham;Travel Lane;2;7;Urban (>70% Developed);Male;Passenger Car;0;#NULL!;0;0;White;No;0;20-24;Motorist Left Turn - Opposite Direction;None;No;No;Dry;0;Urban;No;06NOV2008;0;7:58;Female;No;Commercial;C: Possible Injury;Yes;O: No Injury;6329;November;0;Straight - Level;Piedmont;With Traffic;No Control Present;Thursday;Non-Intersection;22;0;Two-Way, Not Divided;4 lanes;0;#NULL!;#NULL!;Coarse Asphalt;#NULL!;No Special Feature;Motorist Left Turn / Merge;Local Street;C: Possible Injury;Durham;50;Clear;#NULL!;11-15 mph;30 - 35  MPH;2008;Daylight;50-59
35.2220368813, -80.8479732429;"{""type"": ""Point"", ""coordinates"": [-80.8479732429223, 35.22203688127102]}";Other;Charlotte;Travel Lane;2;18;Urban (>70% Developed);Male;Van;0;#NULL!;0;0;White;No;0;20-24;Motorist Drive Out - Commercial Driveway / Alley;None;No;No;Wet;0;Urban;No;30NOV2008;0;18:39;Male;No;Commercial;O: No Injury;No;O: No Injury;6333;November;0;Straight - Level;Piedmont;With Traffic;No Control Present;Sunday;Non-Intersection;23;0;One-Way, Not Divided;3 lanes;0;#NULL!;#NULL!;Smooth Asphalt;#NULL!;No Special Feature;Motorist Failed to Yield - Midblock;Local Street;O: No Injury;Mecklenburg;45;Cloudy;#NULL!;6-10 mph;30 - 35  MPH;2008;Dark - Lighted Roadway;40-49
34.312006779, -78.0867863683;"{""type"": ""Point"", ""coordinates"": [-78.08678636833423, 34.31200677897941]}";White;None - Rural Crash;Travel Lane;2;13;Rural (<30% Developed);Female;Pickup;0;#NULL!;0;0;Black;No;0;30-39;Motorist Overtaking - Other / Unknown;None;No;No;Dry;0;Rural;No;09NOV2008;0;13:40;Male;No;Farms, Woods, Pastures;C: Possible Injury;Yes;O: No Injury;6334;November;0;Straight - Level;Coastal;With Traffic;Double Yellow Line, No Passing Zone;Sunday;Non-Intersection;34;0;Two-Way, Not Divided;2 lanes;0;#NULL!;#NULL!;Coarse Asphalt;#NULL!;No Special Feature;Motorist Overtaking Bicyclist;State Secondary Route;C: Possible Injury;Brunswick;70+;Clear;#NULL!;31-35 mph;50 - 55  MPH;2008;Daylight;70+