Geo Point;Geo Shape;BikeRace;City;BikePos;NumUnits;CrashHour;Locality;BikeSex;DrvrVehTyp;NumBikesNo;BikeAlcDrg;NumBikesBI;RteInvdCd;DrvrRace;Workzone;NumBikesCi;BikeAgeGrp;CrashType;RdDefects;CrashAlcoh;BikeAlcoho;RdConditio;DstncMiFrm;RuralUrban;HitRun;CrashDate;NumBikesUI;CrashTime;DrvrSex;DrvrAlcoho;Developmen;CrashSevr;AmbulanceR;DrvrInjury;OBJECTID;CrashMonth;NumBikesKi;RdCharacte;Region;BikeDir;TraffCntrl;CrashDay;CrashLoc;BikeAge;NumBikesTo;RdConfig;NumLanes;NumBikesAI;DrvrAlcDrg;OnRoad;RdSurface;Towrd_Rd;RdFeature;CrashGrp;RdClass;BikeInjury;County;DrvrAge;Weather;FrmRd;DrvrEstSpd;SpeedLimit;CrashYear;LightCond;DrvrAgeGrp
35.0423169087, -78.9907326772;"{""type"": ""Point"", ""coordinates"": [-78.99073267718238, 35.04231690871908]}";Black;Fayetteville;Travel Lane;2;18;Urban (>70% Developed);Male;Pickup;0;#NULL!;0;0;Black;No;0;50-59;Motorist Left Turn - Opposite Direction;None;Yes;No;Dry;0;Urban;No;06DEC2008;0;18:44;Male;Yes;Commercial;O: No Injury;No;O: No Injury;6347;December;0;Straight - Level;Coastal;With Traffic;Stop And Go Signal;Saturday;Intersection;50;0;Two-Way, Divided, Unprotected Median;6 lanes;0;#NULL!;#NULL!;Smooth Asphalt;#NULL!;Four-Way Intersection;Motorist Left Turn / Merge;Local Street;O: No Injury;Cumberland;69;Clear;#NULL!;21-25 mph;40 - 45  MPH;2008;Dark - Roadway Not Lighted;60-69
35.922247099, -78.9571827125;"{""type"": ""Point"", ""coordinates"": [-78.95718271246801, 35.92224709895697]}";White;Durham;Travel Lane;2;19;Urban (>70% Developed);Male;Passenger Car;0;#NULL!;0;0;White;No;0;30-39;Motorist Drive Through - Sign-Controlled Intersection;None;No;No;Wet;0;Urban;No;14NOV2008;0;19:40;Male;No;Commercial;C: Possible Injury;Yes;O: No Injury;6351;November;0;Straight - Grade;Piedmont;With Traffic;No Control Present;Friday;Intersection;38;0;Two-Way, Not Divided;4 lanes;0;#NULL!;#NULL!;Smooth Asphalt;#NULL!;No Special Feature;Motorist Failed to Yield - Sign-Controlled Intersection;Local Street;C: Possible Injury;Durham;48;Cloudy;#NULL!;16-20 mph;30 - 35  MPH;2008;Dark - Lighted Roadway;40-49
35.3930070215, -77.9016923656;"{""type"": ""Point"", ""coordinates"": [-77.9016923656415, 35.39300702153131]}";White;Goldsboro;Travel Lane;2;15;Urban (>70% Developed);Male;Passenger Car;0;#NULL!;0;0;Black;No;0;60-69;Crossing Paths - Intersection - Other / Unknown;None;No;No;Wet;0;Urban;No;13NOV2008;0;15:10;Female;No;Residential;O: No Injury;No;O: No Injury;6356;November;0;Straight - Level;Coastal;With Traffic;Missing;Thursday;Intersection;60;0;Two-Way, Not Divided;2 lanes;0;#NULL!;#NULL!;Coarse Asphalt;#NULL!;No Special Feature;Crossing Paths - Other Circumstances;Local Street;O: No Injury;Wayne;18;Rain;#NULL!;36-40 mph;40 - 45  MPH;2008;Daylight;0-19
34.7652069006, -77.4200521876;"{""type"": ""Point"", ""coordinates"": [-77.42005218761498, 34.7652069005877]}";Black;Jacksonville;Travel Lane;2;9;Urban (>70% Developed);Female;Pickup;0;#NULL!;0;0;White;No;0;40-49;Bicyclist Left Turn - Same Direction;None;No;No;Wet;0;Urban;No;14NOV2008;0;9:30;Male;No;Commercial;C: Possible Injury;No;O: No Injury;6357;November;0;Straight - Level;Coastal;With Traffic;No Control Present;Friday;Non-Intersection;48;0;Two-Way, Not Divided;2 lanes;0;#NULL!;#NULL!;Coarse Asphalt;#NULL!;No Special Feature;Bicyclist Left Turn / Merge;Local Street;C: Possible Injury;Onslow;43;Clear;#NULL!;6-10 mph;20 - 25  MPH;2008;Daylight;40-49
35.7715790736, -78.7635826465;"{""type"": ""Point"", ""coordinates"": [-78.7635826464867, 35.77157907355257]}";White;Cary;Sidewalk / Crosswalk / Driveway Crossing;2;7;Urban (>70% Developed);Male;Van;0;#NULL!;0;0;Unknown/Missing;No;0;16-19;Signalized Intersection - Other / Unknown;Road Surface Condition;No;No;Wet;0;Urban;Yes;11DEC2008;0;7:00;Unknown;Missing;Commercial;B: Evident Injury;No;Unknown Injury;6360;December;0;Straight - Level;Piedmont;Facing Traffic;Stop And Go Signal;Thursday;Intersection;17;0;Two-Way, Not Divided;Unknown;0;#NULL!;#NULL!;Coarse Asphalt;#NULL!;Four-Way Intersection;Crossing Paths - Other Circumstances;State Secondary Route;B: Evident Injury;Wake;Unknown;Rain;#NULL!;Unknown;30 - 35  MPH;2008;Dark - Lighted Roadway;Unknown
35.5129920321, -78.3503975075;"{""type"": ""Point"", ""coordinates"": [-78.35039750754652, 35.512992032146045]}";White;Smithfield;Bike Lane / Paved Shoulder;2;7;Urban (>70% Developed);Male;Van;0;#NULL!;0;0;Black;No;0;30-39;Bicyclist Left Turn - Same Direction;None;No;No;Dry;0;Urban;No;01DEC2008;0;7:27;Male;No;Commercial;B: Evident Injury;Yes;O: No Injury;6370;December;0;Straight - Level;Coastal;With Traffic;No Control Present;Monday;Non-Intersection;35;0;Two-Way, Divided, Unprotected Median;4 lanes;0;#NULL!;#NULL!;Coarse Asphalt;#NULL!;Bridge;Bicyclist Left Turn / Merge;Local Street;B: Evident Injury;Johnston;43;Clear;#NULL!;26-30 mph;40 - 45  MPH;2008;Daylight;40-49
35.223806889, -80.6364781799;"{""type"": ""Point"", ""coordinates"": [-80.63647817985684, 35.223806889020956]}";White;Charlotte;Travel Lane;2;18;Rural (<30% Developed);Male;Passenger Car;0;#NULL!;0;0;White;No;0;40-49;Motorist Overtaking - Undetected Bicyclist;None;No;No;Dry;0;Urban;No;14OCT2008;0;18:00;Female;No;Farms, Woods, Pastures;B: Evident Injury;Yes;O: No Injury;6379;October;0;Straight - Level;Piedmont;With Traffic;No Control Present;Tuesday;Non-Intersection;40;0;Two-Way, Divided, Unprotected Median;4 lanes;0;#NULL!;#NULL!;Coarse Asphalt;#NULL!;No Special Feature;Motorist Overtaking Bicyclist;Local Street;B: Evident Injury;Mecklenburg;55;Clear;#NULL!;51-55 mph;50 - 55  MPH;2008;Daylight;50-59
35.7798300791, -78.6434526099;"{""type"": ""Point"", ""coordinates"": [-78.6434526098603, 35.779830079138804]}";White;Raleigh;Sidewalk / Crosswalk / Driveway Crossing;2;19;Urban (>70% Developed);Male;Sport Utility;0;#NULL!;0;0;Black;No;0;16-19;Bicyclist Ride Through - Signalized Intersection;None;No;No;Dry;0;Urban;No;26SEP2008;0;19:19;Male;No;Commercial;C: Possible Injury;No;O: No Injury;6384;September;0;Straight - Level;Piedmont;With Traffic;Stop And Go Signal;Friday;Intersection;18;0;One-Way, Not Divided;4 lanes;0;#NULL!;#NULL!;Smooth Asphalt;#NULL!;Four-Way Intersection;Bicyclist Failed to Yield - Signalized Intersection;Local Street;C: Possible Injury;Wake;52;Cloudy;#NULL!;0-5 mph;30 - 35  MPH;2008;Daylight;50-59
35.573697078, -77.3946862198;"{""type"": ""Point"", ""coordinates"": [-77.3946862197887, 35.57369707800365]}";Black;Greenville;Travel Lane;2;6;Urban (>70% Developed);Male;Van;0;#NULL!;0;0;Black;No;0;40-49;Motorist Drive Out - Sign-Controlled Intersection;None;No;No;Wet;0;Urban;No;12DEC2008;0;6:40;Female;No;Commercial;B: Evident Injury;Yes;O: No Injury;6409;December;0;Straight - Level;Coastal;With Traffic;Stop Sign;Friday;Intersection;46;0;Two-Way, Not Divided;5 lanes;0;#NULL!;#NULL!;Coarse Asphalt;#NULL!;T-Intersection;Motorist Failed to Yield - Sign-Controlled Intersection;US Route;B: Evident Injury;Pitt;62;Cloudy;#NULL!;0-5 mph;40 - 45  MPH;2008;Dark - Lighted Roadway;60-69
35.0963738565, -80.7801732158;"{""type"": ""Point"", ""coordinates"": [-80.78017321582365, 35.0963738565474]}";White;Charlotte;Non-Roadway;2;15;Urban (>70% Developed);Male;Sport Utility;0;#NULL!;0;0;White;No;0;16-19;Non-Roadway;None;No;No;Dry;0;Urban;No;17DEC2008;0;15:07;Female;No;Commercial;B: Evident Injury;No;O: No Injury;6416;December;0;Straight - Level;Piedmont;Not Applicable;Missing;Wednesday;Non-Roadway;18;0;Two-Way, Not Divided;Unknown;0;#NULL!;#NULL!;Smooth Asphalt;#NULL!;No Special Feature;Non-Roadway;Public Vehicular Area;B: Evident Injury;Mecklenburg;45;Cloudy;#NULL!;11-15 mph;30 - 35  MPH;2008;Daylight;40-49
35.7805700797, -78.6459826107;"{""type"": ""Point"", ""coordinates"": [-78.64598261067336, 35.780570079712795]}";White;Raleigh;Travel Lane;2;17;Urban (>70% Developed);Male;Passenger Car;0;#NULL!;0;0;White;No;0;25-29;Bicyclist Lost Control - Mechanical Problems;None;No;No;Dry;0;Urban;No;23SEP2008;0;17:13;Male;No;Commercial;B: Evident Injury;No;O: No Injury;6424;September;0;Straight - Grade;Piedmont;With Traffic;Stop And Go Signal;Tuesday;Intersection;25;0;Two-Way, Not Divided;4 lanes;0;#NULL!;#NULL!;Smooth Asphalt;#NULL!;Four-Way Intersection;Loss of Control / Turning Error;Local Street;B: Evident Injury;Wake;30;Clear;#NULL!;26-30 mph;30 - 35  MPH;2008;Daylight;30-39
35.3798250168, -77.9750023862;"{""type"": ""Point"", ""coordinates"": [-77.97500238621171, 35.3798250168166]}";Black;Goldsboro;Travel Lane;2;20;Urban (>70% Developed);Male;Passenger Car;0;#NULL!;0;0;Black;No;0;11-15;Bicyclist Ride Out - Midblock - Unknown;None;No;No;Wet;0;Urban;No;20DEC2008;0;20:44;Female;No;Commercial;C: Possible Injury;Yes;O: No Injury;6428;December;0;Straight - Level;Coastal;Not Applicable;Double Yellow Line, No Passing Zone;Saturday;Non-Intersection;12;0;Two-Way, Not Divided;4 lanes;0;#NULL!;#NULL!;Coarse Asphalt;#NULL!;No Special Feature;Bicyclist Failed to Yield - Midblock;Local Street;C: Possible Injury;Wayne;70+;Rain;#NULL!;26-30 mph;30 - 35  MPH;2008;Dark - Lighted Roadway;70+
35.3828500167, -77.9861823899;"{""type"": ""Point"", ""coordinates"": [-77.98618238992155, 35.382850016699585]}";Black;Goldsboro;Travel Lane;2;20;Urban (>70% Developed);Male;Sport Utility;0;#NULL!;0;0;White;No;0;50-59;Motorist Turning Error - Left Turn;None;Yes;Yes;Dry;0;Urban;No;24DEC2008;0;20:39;Female;No;Commercial;B: Evident Injury;No;O: No Injury;6430;December;0;Straight - Level;Coastal;With Traffic;Stop And Go Signal;Wednesday;Intersection;54;0;Two-Way, Not Divided;2 lanes;0;#NULL!;#NULL!;Coarse Asphalt;#NULL!;No Special Feature;Loss of Control / Turning Error;Local Street;B: Evident Injury;Wayne;26;Clear;#NULL!;6-10 mph;30 - 35  MPH;2008;Dark - Lighted Roadway;25-29
35.5838200845, -77.2810721861;"{""type"": ""Point"", ""coordinates"": [-77.28107218605588, 35.5838200845374]}";White;None - Rural Crash;Travel Lane;2;20;Mixed (30% To 70% Developed);Male;Unknown;0;#NULL!;0;0;Unknown/Missing;No;0;40-49;Motorist Overtaking - Other / Unknown;None;No;No;Dry;0;Rural;Yes;30DEC2008;0;20:04;Unknown;Missing;Residential;A: Disabling Injury;Yes;Unknown Injury;6432;December;0;Straight - Level;Coastal;With Traffic;Double Yellow Line, No Passing Zone;Tuesday;Non-Intersection;45;0;Two-Way, Not Divided;2 lanes;0;#NULL!;#NULL!;Smooth Asphalt;#NULL!;No Special Feature;Motorist Overtaking Bicyclist;NC Route;A: Disabling Injury;Pitt;Unknown;Clear;#NULL!;51-55 mph;50 - 55  MPH;2008;Dark - Roadway Not Lighted;Unknown
35.3963200188, -78.0009223951;"{""type"": ""Point"", ""coordinates"": [-78.00092239510997, 35.396320018828455]}";Black;Goldsboro;Travel Lane;2;20;Urban (>70% Developed);Male;Sport Utility;0;#NULL!;0;0;White;No;0;40-49;Motorist Overtaking - Undetected Bicyclist;None;No;No;Dry;0;Urban;No;21DEC2008;0;20:05;Male;No;Residential;A: Disabling Injury;Yes;O: No Injury;6442;December;0;Straight - Level;Coastal;With Traffic;No Control Present;Sunday;Non-Intersection;45;0;Two-Way, Not Divided;2 lanes;0;#NULL!;#NULL!;Coarse Asphalt;#NULL!;No Special Feature;Motorist Overtaking Bicyclist;Local Street;A: Disabling Injury;Wayne;44;Clear;#NULL!;31-35 mph;30 - 35  MPH;2008;Dark - Roadway Not Lighted;40-49
36.0487670968, -79.761812963;"{""type"": ""Point"", ""coordinates"": [-79.76181296299693, 36.04876709675439]}";Black;Greensboro;Unknown;2;18;Mixed (30% To 70% Developed);Male;Passenger Car;0;#NULL!;0;0;Black;No;0;40-49;Bicyclist Ride Out - Midblock - Unknown;None;Yes;Yes;Dry;0;Urban;No;25DEC2008;0;18:46;Male;No;Residential;B: Evident Injury;Yes;O: No Injury;6444;December;0;Straight - Bottom;Piedmont;Not Applicable;Missing;Thursday;Non-Intersection;49;0;Two-Way, Not Divided;2 lanes;0;#NULL!;#NULL!;Smooth Asphalt;#NULL!;Bridge Approach;Bicyclist Failed to Yield - Midblock;Local Street;B: Evident Injury;Guilford;56;Clear;#NULL!;26-30 mph;30 - 35  MPH;2008;Dark - Roadway Not Lighted;50-59
35.915691138, -77.8122823652;"{""type"": ""Point"", ""coordinates"": [-77.81228236519893, 35.91569113798348]}";Black;Rocky Mount;Travel Lane;2;15;Urban (>70% Developed);Male;Pickup;0;#NULL!;0;0;Unknown/Missing;No;0;11-15;Motorist Overtaking - Other / Unknown;None;No;No;Dry;0;Urban;Yes;24NOV2008;0;15:13;Unknown;Missing;Residential;C: Possible Injury;No;Unknown Injury;6446;November;0;Straight - Level;Coastal;Facing Traffic;Missing;Monday;Non-Intersection;13;0;Two-Way, Not Divided;2 lanes;0;#NULL!;#NULL!;Smooth Asphalt;#NULL!;No Special Feature;Motorist Overtaking Bicyclist;Local Street;C: Possible Injury;Nash;Unknown;Clear;#NULL!;Unknown;30 - 35  MPH;2008;Daylight;Unknown
36.1298671101, -79.8540629957;"{""type"": ""Point"", ""coordinates"": [-79.85406299566249, 36.12986711005012]}";White;Greensboro;Travel Lane;2;11;Urban (>70% Developed);Male;Unknown;0;#NULL!;0;0;Unknown/Missing;No;0;70+;Motorist Overtaking - Misjudged Space;None;No;No;Dry;0;Urban;Yes;20MAY2008;0;11:39;Unknown;Missing;Commercial;C: Possible Injury;Yes;Unknown Injury;6459;May;0;Straight - Level;Piedmont;With Traffic;Stop And Go Signal;Tuesday;Non-Intersection;70+;0;Two-Way, Not Divided;6 lanes;0;#NULL!;#NULL!;Smooth Asphalt;#NULL!;Four-Way Intersection;Motorist Overtaking Bicyclist;Local Street;C: Possible Injury;Guilford;Unknown;Cloudy;#NULL!;16-20 mph;40 - 45  MPH;2008;Daylight;Unknown
34.7173529151, -76.6567519536;"{""type"": ""Point"", ""coordinates"": [-76.65675195358638, 34.717352915086906]}";White;Beaufort;Travel Lane;2;15;Urban (>70% Developed);Male;Passenger Car;0;#NULL!;0;0;Black;No;0;11-15;Bicyclist Ride Out - Sign-Controlled Intersection;None;No;No;Dry;0;Rural;No;11FEB2007;0;15:40;Female;No;Residential;C: Possible Injury;Yes;O: No Injury;6474;February;0;Straight - Level;Coastal;With Traffic;Stop Sign;Sunday;Intersection;13;0;Two-Way, Not Divided;2 lanes;0;#NULL!;#NULL!;Smooth Asphalt;#NULL!;No Special Feature;Bicyclist Failed to Yield - Sign-Controlled Intersection;Local Street;C: Possible Injury;Carteret;18;Clear;#NULL!;21-25 mph;20 - 25  MPH;2007;Daylight;0-19
35.8906889949, -81.5764934973;"{""type"": ""Point"", ""coordinates"": [-81.57649349734109, 35.89068899485827]}";White;Lenoir;Bike Lane / Paved Shoulder;2;8;Urban (>70% Developed);Male;Light Truck (Mini-Van, Panel);0;#NULL!;0;0;Unknown/Missing;No;0;16-19;Motorist Overtaking - Other / Unknown;None;No;No;Dry;0;Urban;Yes;12FEB2007;0;8:00;Unknown;Missing;Commercial;C: Possible Injury;Yes;Unknown Injury;6475;February;0;Straight - Level;Mountains;With Traffic;No Control Present;Monday;Non-Intersection;18;0;Two-Way, Not Divided;5 lanes;0;#NULL!;#NULL!;Coarse Asphalt;#NULL!;No Special Feature;Motorist Overtaking Bicyclist;Local Street;C: Possible Injury;Caldwell;Unknown;Cloudy;#NULL!;Unknown;Unknown;2007;Daylight;Unknown
35.4828070291, -78.2452024741;"{""type"": ""Point"", ""coordinates"": [-78.24520247408762, 35.4828070291287]}";Hispanic;None - Rural Crash;Travel Lane;2;20;Rural (<30% Developed);Male;Passenger Car;0;#NULL!;0;0;White;No;0;40-49;Motorist Drive Out - Sign-Controlled Intersection;None;No;No;Dry;0;Rural;No;03JAN2007;0;20:24;Female;No;Farms, Woods, Pastures;C: Possible Injury;No;O: No Injury;6479;January;0;Straight - Level;Coastal;With Traffic;Stop Sign;Wednesday;Intersection;40;0;Two-Way, Divided, Unprotected Median;4 lanes;0;#NULL!;#NULL!;Smooth Asphalt;#NULL!;Four-Way Intersection;Motorist Failed to Yield - Sign-Controlled Intersection;US Route;C: Possible Injury;Johnston;21;Clear;#NULL!;6-10 mph;50 - 55  MPH;2007;Dark - Roadway Not Lighted;20-24
36.0027501191, -78.8785026936;"{""type"": ""Point"", ""coordinates"": [-78.878502693576, 36.00275011908591]}";Black;Durham;Driveway / Alley;2;13;Mixed (30% To 70% Developed);Female;Pickup;0;#NULL!;0;0;Black;No;0;6-10;Bicyclist Ride Out - Residential Driveway;None;No;No;Dry;0;Urban;No;06JAN2007;0;13:18;Male;No;Residential;C: Possible Injury;No;O: No Injury;6485;January;0;Straight - Level;Piedmont;Not Applicable;No Control Present;Saturday;Non-Intersection;6;0;Two-Way, Not Divided;2 lanes;0;#NULL!;#NULL!;Smooth Asphalt;#NULL!;No Special Feature;Bicyclist Failed to Yield - Midblock;Local Street;C: Possible Injury;Durham;66;Clear;#NULL!;11-15 mph;20 - 25  MPH;2007;Daylight;60-69
36.0898051019, -79.8408329895;"{""type"": ""Point"", ""coordinates"": [-79.84083298950851, 36.08980510190816]}";White;Greensboro;Travel Lane;2;11;Urban (>70% Developed);Female;Passenger Car;0;#NULL!;0;0;White;No;0;30-39;Motorist Left Turn - Opposite Direction;None;No;No;Dry;0;Urban;No;13JAN2007;0;11:23;Female;No;Residential;B: Evident Injury;Yes;O: No Injury;6490;January;0;Straight - Level;Piedmont;With Traffic;Stop And Go Signal;Saturday;Intersection;33;0;Two-Way, Not Divided;4 lanes;0;#NULL!;#NULL!;Smooth Asphalt;#NULL!;Four-Way Intersection;Motorist Left Turn / Merge;Local Street;B: Evident Injury;Guilford;70+;Clear;#NULL!;11-15 mph;30 - 35  MPH;2007;Daylight;70+
35.0767738527, -80.7728032129;"{""type"": ""Point"", ""coordinates"": [-80.77280321285139, 35.07677385265723]}";White;Charlotte;Travel Lane;3;19;Urban (>70% Developed);Male;Sport Utility;0;#NULL!;0;0;White;No;0;16-19;Motorist Lost Control - Other / Unknown;None;No;No;Dry;0;Urban;No;12JAN2007;0;19:56;Female;No;Residential;B: Evident Injury;Yes;O: No Injury;6502;January;0;Straight - Level;Piedmont;Unknown;Stop And Go Signal;Friday;Intersection;17;0;Two-Way, Divided, Unprotected Median;4 lanes;0;#NULL!;#NULL!;Smooth Asphalt;#NULL!;Four-Way Intersection;Loss of Control / Turning Error;NC Route;B: Evident Injury;Mecklenburg;33;Cloudy;#NULL!;46-50 mph;40 - 45  MPH;2007;Dark - Roadway Not Lighted;30-39
35.992947117, -78.8701276906;"{""type"": ""Point"", ""coordinates"": [-78.87012769063743, 35.99294711701652]}";Black;Durham;Non-Roadway;2;18;Urban (>70% Developed);Male;Passenger Car;0;#NULL!;0;0;Black;No;0;11-15;Bicyclist Ride Out - Signalized  Intersection;None;No;No;Dry;0;Urban;No;23MAR2007;0;18:11;Male;No;Commercial;B: Evident Injury;Yes;O: No Injury;6503;March;0;Straight - Level;Piedmont;Not Applicable;No Control Present;Friday;Intersection-Related;11;0;Two-Way, Not Divided;2 lanes;0;#NULL!;#NULL!;Smooth Asphalt;#NULL!;No Special Feature;Bicyclist Failed to Yield - Signalized Intersection;Local Street;B: Evident Injury;Durham;24;Clear;#NULL!;21-25 mph;30 - 35  MPH;2007;Daylight;20-24
35.6155050813, -77.5762022778;"{""type"": ""Point"", ""coordinates"": [-77.5762022777609, 35.61550508132023]}";Black;None - Rural Crash;Travel Lane;2;18;Rural (<30% Developed);Male;Passenger Car;0;#NULL!;0;0;White;No;0;40-49;Motorist Overtaking - Undetected Bicyclist;None;No;No;Dry;0;Rural;No;02JAN2007;0;18:21;Male;No;Farms, Woods, Pastures;C: Possible Injury;Yes;O: No Injury;6506;January;0;Straight - Level;Coastal;With Traffic;No Control Present;Tuesday;Non-Intersection;49;0;Two-Way, Not Divided;2 lanes;0;#NULL!;#NULL!;Smooth Asphalt;#NULL!;No Special Feature;Motorist Overtaking Bicyclist;State Secondary Route;C: Possible Injury;Pitt;46;Clear;#NULL!;36-40 mph;50 - 55  MPH;2007;Dark - Roadway Not Lighted;40-49
35.1844249558, -78.5020525367;"{""type"": ""Point"", ""coordinates"": [-78.50205253672127, 35.18442495584263]}";Black;None - Rural Crash;Non-Roadway;2;0;Rural (<30% Developed);Female;Sport Utility;0;#NULL!;0;0;Black;No;0;6-10;Non-Roadway;None;No;No;Dry;0;Rural;No;09FEB2007;0;0:00;Male;No;Farms, Woods, Pastures;B: Evident Injury;Yes;O: No Injury;6533;February;0;Other;Coastal;Unknown;No Control Present;Friday;Non-Roadway;7;0;Two-Way, Not Divided;Unknown;0;#NULL!;#NULL!;Soil;#NULL!;No Special Feature;Non-Roadway;Private Road, Driveway;B: Evident Injury;Sampson;51;Clear;#NULL!;0-5 mph;50 - 55  MPH;2007;Daylight;50-59
35.8930431067, -78.5593285911;"{""type"": ""Point"", ""coordinates"": [-78.5593285910847, 35.8930431066684]}";White;Raleigh;Unknown;2;17;Urban (>70% Developed);Male;Sport Utility;0;#NULL!;0;0;Unknown/Missing;No;0;16-19;Motorist Drive Out - Right Turn on Red;None;No;No;Dry;0;Urban;Yes;12FEB2007;0;17:07;Unknown;Missing;Commercial;C: Possible Injury;No;Unknown Injury;6536;February;0;Straight - Level;Piedmont;Facing Traffic;Stop And Go Signal;Monday;Intersection;16;0;Two-Way, Divided, Unprotected Median;3 lanes;0;#NULL!;#NULL!;Smooth Asphalt;#NULL!;Four-Way Intersection;Motorist Failed to Yield - Signalized Intersection;Local Street;C: Possible Injury;Wake;Unknown;Clear;#NULL!;0-5 mph;40 - 45  MPH;2007;Daylight;Unknown
35.9722571098, -78.9433827116;"{""type"": ""Point"", ""coordinates"": [-78.94338271159103, 35.97225710984316]}";Black;Durham;Travel Lane;2;22;Urban (>70% Developed);Male;Unknown;0;#NULL!;0;0;Unknown/Missing;No;0;30-39;Motorist Overtaking - Undetected Bicyclist;None;No;No;Dry;0;Urban;Yes;10MAR2007;0;22:27;Unknown;Missing;Commercial;C: Possible Injury;No;Unknown Injury;6576;March;0;Straight - Level;Piedmont;With Traffic;No Control Present;Saturday;Non-Intersection;32;0;Two-Way, Divided, Unprotected Median;4 lanes;0;#NULL!;#NULL!;Smooth Asphalt;#NULL!;No Special Feature;Motorist Overtaking Bicyclist;US Route;C: Possible Injury;Durham;Unknown;Clear;#NULL!;Unknown;40 - 45  MPH;2007;Dark - Roadway Not Lighted;Unknown
34.831766898, -77.952182352;"{""type"": ""Point"", ""coordinates"": [-77.95218235203076, 34.83176689797308]}";Black;None - Rural Crash;Travel Lane;2;19;Rural (<30% Developed);Male;Van;0;#NULL!;0;0;White;No;0;50-59;Motorist Drive Out - Sign-Controlled Intersection;None;Yes;Yes;Dry;0;Rural;No;11MAR2007;0;19:53;Female;No;Farms, Woods, Pastures;B: Evident Injury;Yes;O: No Injury;6579;March;0;Straight - Level;Coastal;With Traffic;Stop Sign;Sunday;Intersection;52;0;Two-Way, Not Divided;2 lanes;0;#NULL!;#NULL!;Coarse Asphalt;#NULL!;T-Intersection;Motorist Failed to Yield - Sign-Controlled Intersection;NC Route;B: Evident Injury;Duplin;46;Clear;#NULL!;11-15 mph;50 - 55  MPH;2007;Dark - Roadway Not Lighted;40-49
36.0097611178, -78.954582717;"{""type"": ""Point"", ""coordinates"": [-78.95458271702675, 36.00976111777083]}";White;Durham;Travel Lane;2;10;Urban (>70% Developed);Male;Passenger Car;0;#NULL!;0;0;Black;No;0;20-24;Motorist Drive Out - Right Turn on Red;None;No;No;Dry;0;Urban;No;29MAY2007;0;10:05;Female;No;Commercial;C: Possible Injury;Yes;O: No Injury;6582;May;0;Straight - Level;Piedmont;Facing Traffic;Stop And Go Signal;Tuesday;Intersection;20;0;Two-Way, Not Divided;3 lanes;0;#NULL!;#NULL!;Coarse Asphalt;#NULL!;No Special Feature;Motorist Failed to Yield - Signalized Intersection;Local Street;C: Possible Injury;Durham;23;Clear;#NULL!;31-35 mph;30 - 35  MPH;2007;Daylight;20-24
36.0020401172, -78.9033827005;"{""type"": ""Point"", ""coordinates"": [-78.9033827004956, 36.002040117236646]}";White;Durham;Travel Lane;2;14;Mixed (30% To 70% Developed);Female;Passenger Car;0;#NULL!;0;0;Black;No;0;50-59;Motorist Left Turn - Opposite Direction;None;No;No;Dry;0;Urban;No;14MAR2007;0;14:31;Male;No;Commercial;A: Disabling Injury;Yes;O: No Injury;6584;March;0;Straight - Level;Piedmont;With Traffic;No Control Present;Wednesday;Intersection;50;0;Two-Way, Not Divided;2 lanes;0;#NULL!;#NULL!;Smooth Asphalt;#NULL!;No Special Feature;Motorist Left Turn / Merge;Local Street;A: Disabling Injury;Durham;54;Cloudy;#NULL!;26-30 mph;30 - 35  MPH;2007;Daylight;50-59
36.273460225, -77.4896822854;"{""type"": ""Point"", ""coordinates"": [-77.4896822853915, 36.27346022503895]}";Black;None - Rural Crash;Bike Lane / Paved Shoulder;2;11;Rural (<30% Developed);Male;Pickup;0;#NULL!;0;0;White;No;0;40-49;Motorist Overtaking - Misjudged Space;None;No;No;Dry;0;Rural;No;14MAR2007;0;11:10;Male;No;Farms, Woods, Pastures;B: Evident Injury;Yes;O: No Injury;6586;March;0;Straight - Level;Coastal;With Traffic;No Control Present;Wednesday;Non-Intersection;41;0;Two-Way, Not Divided;2 lanes;0;#NULL!;#NULL!;Smooth Asphalt;#NULL!;No Special Feature;Motorist Overtaking Bicyclist;NC Route;B: Evident Injury;Halifax;57;Clear;#NULL!;41-45 mph;50 - 55  MPH;2007;Daylight;50-59
35.9917211153, -78.9144927039;"{""type"": ""Point"", ""coordinates"": [-78.91449270391259, 35.991721115285344]}";Black;Durham;Travel Lane;2;18;Urban (>70% Developed);Male;Pickup;0;#NULL!;0;0;Black;No;0;6-10;Bicyclist Turning Error - Other;None;No;No;Dry;0;Urban;No;29MAY2007;0;18:33;Male;No;Residential;C: Possible Injury;Yes;O: No Injury;6591;May;0;Straight - Level;Piedmont;With Traffic;Stop And Go Signal;Tuesday;Intersection-Related;8;0;Two-Way, Not Divided;2 lanes;0;#NULL!;#NULL!;Coarse Asphalt;#NULL!;No Special Feature;Loss of Control / Turning Error;Local Street;C: Possible Injury;Durham;66;Clear;#NULL!;21-25 mph;30 - 35  MPH;2007;Daylight;60-69