Geo Point;Geo Shape;BikeRace;City;BikePos;NumUnits;CrashHour;Locality;BikeSex;DrvrVehTyp;NumBikesNo;BikeAlcDrg;NumBikesBI;RteInvdCd;DrvrRace;Workzone;NumBikesCi;BikeAgeGrp;CrashType;RdDefects;CrashAlcoh;BikeAlcoho;RdConditio;DstncMiFrm;RuralUrban;HitRun;CrashDate;NumBikesUI;CrashTime;DrvrSex;DrvrAlcoho;Developmen;CrashSevr;AmbulanceR;DrvrInjury;OBJECTID;CrashMonth;NumBikesKi;RdCharacte;Region;BikeDir;TraffCntrl;CrashDay;CrashLoc;BikeAge;NumBikesTo;RdConfig;NumLanes;NumBikesAI;DrvrAlcDrg;OnRoad;RdSurface;Towrd_Rd;RdFeature;CrashGrp;RdClass;BikeInjury;County;DrvrAge;Weather;FrmRd;DrvrEstSpd;SpeedLimit;CrashYear;LightCond;DrvrAgeGrp
35.566413037, -78.5479075705;"{""type"": ""Point"", ""coordinates"": [-78.54790757045338, 35.56641303699179]}";White;None - Rural Crash;Travel Lane;2;18;Mixed (30% To 70% Developed);Female;Van;0;#NULL!;0;0;White;No;0;6-10;Bicyclist Ride Through - Sign-Controlled Intersection;None;No;No;Dry;0;Rural;No;12MAR2007;0;18:12;Female;No;Residential;A: Disabling Injury;Yes;O: No Injury;6596;March;0;Straight - Level;Coastal;Unknown;Stop Sign;Monday;Intersection;7;0;Two-Way, Not Divided;2 lanes;0;#NULL!;#NULL!;Coarse Asphalt;#NULL!;Y-Intersection;Bicyclist Failed to Yield - Sign-Controlled Intersection;State Secondary Route;A: Disabling Injury;Johnston;36;Clear;#NULL!;21-25 mph;20 - 25  MPH;2007;Daylight;30-39
35.9582091475, -77.8024323639;"{""type"": ""Point"", ""coordinates"": [-77.80243236393464, 35.95820914745211]}";Black;Rocky Mount;Unknown;2;12;Urban (>70% Developed);Male;Passenger Car;0;#NULL!;0;0;White;No;0;70+;Sign-Controlled Intersection - Other / Unknown;None;No;No;Dry;0;Urban;No;17MAR2007;0;12:37;Female;No;Residential;O: No Injury;No;O: No Injury;6598;March;0;Straight - Grade;Coastal;Unknown;Stop Sign;Saturday;Intersection;70+;0;Two-Way, Not Divided;2 lanes;0;#NULL!;#NULL!;Smooth Asphalt;#NULL!;No Special Feature;Crossing Paths - Other Circumstances;Local Street;O: No Injury;Nash;29;Clear;#NULL!;0-5 mph;30 - 35  MPH;2007;Daylight;25-29
35.2313268838, -80.8262932372;"{""type"": ""Point"", ""coordinates"": [-80.8262932371996, 35.23132688381274]}";White;Charlotte;Travel Lane;2;11;Urban (>70% Developed);Male;Passenger Car;0;#NULL!;0;0;Black;No;0;30-39;Motorist Drive Out - Sign-Controlled Intersection;None;No;No;Dry;0;Urban;No;17MAR2007;0;11:51;Male;No;Institutional;C: Possible Injury;No;O: No Injury;6599;March;0;Straight - Level;Piedmont;With Traffic;Flashing Signal With Stop Sign;Saturday;Intersection;35;0;Two-Way, Not Divided;2 lanes;0;#NULL!;#NULL!;Smooth Asphalt;#NULL!;No Special Feature;Motorist Failed to Yield - Sign-Controlled Intersection;Local Street;C: Possible Injury;Mecklenburg;42;Clear;#NULL!;11-15 mph;20 - 25  MPH;2007;Daylight;40-49
36.0739131003, -79.7971069751;"{""type"": ""Point"", ""coordinates"": [-79.79710697508152, 36.07391310031231]}";White;Greensboro;Sidewalk / Crosswalk / Driveway Crossing;2;14;Urban (>70% Developed);Male;Passenger Car;0;#NULL!;0;0;Unknown/Missing;No;0;20-24;Motorist Left Turn - Same Direction;None;No;No;Dry;0;Urban;No;19MAR2007;0;14:00;Unknown;Missing;Commercial;C: Possible Injury;No;Unknown Injury;6603;March;0;Straight - Level;Piedmont;With Traffic;Stop And Go Signal;Monday;Intersection;20;0;Two-Way, Not Divided;4 lanes;0;#NULL!;#NULL!;Smooth Asphalt;#NULL!;Four-Way Intersection;Motorist Left Turn / Merge;Local Street;C: Possible Injury;Guilford;Unknown;Clear;#NULL!;6-10 mph;30 - 35  MPH;2007;Daylight;Unknown
35.1172628586, -80.8595132406;"{""type"": ""Point"", ""coordinates"": [-80.85951324058362, 35.1172628585556]}";White;Charlotte;Travel Lane;2;16;Urban (>70% Developed);Male;Passenger Car;0;#NULL!;0;0;White;No;0;50-59;Motorist Right Turn - Same Direction;None;No;No;Dry;0;Urban;No;25MAR2007;0;16:39;Male;No;Residential;B: Evident Injury;Yes;O: No Injury;6614;March;0;Straight - Level;Piedmont;With Traffic;Stop And Go Signal;Sunday;Intersection;51;0;Two-Way, Divided, Positive Median Barrier;4 lanes;0;#NULL!;#NULL!;Smooth Asphalt;#NULL!;No Special Feature;Motorist Right Turn / Merge;Local Street;B: Evident Injury;Mecklenburg;26;Clear;#NULL!;31-35 mph;30 - 35  MPH;2007;Daylight;25-29
35.2524218258, -82.5008277348;"{""type"": ""Point"", ""coordinates"": [-82.50082773476552, 35.25242182583445]}";White;None - Rural Crash;Driveway / Alley;2;12;Mixed (30% To 70% Developed);Male;Pickup;0;#NULL!;0;0;White;No;0;11-15;Bicyclist Ride Out - Residential Driveway;None;Yes;No;Dry;0;Rural;No;25MAR2007;0;12:29;Male;Yes;Farms, Woods, Pastures;B: Evident Injury;Yes;O: No Injury;6621;March;0;Straight - Level;Mountains;Not Applicable;No Control Present;Sunday;Non-Intersection;12;0;Two-Way, Not Divided;2 lanes;0;#NULL!;#NULL!;Gravel;#NULL!;No Special Feature;Bicyclist Failed to Yield - Midblock;State Secondary Route;B: Evident Injury;Henderson;45;Clear;#NULL!;26-30 mph;50 - 55  MPH;2007;Daylight;40-49
34.9835468983, -78.9055326487;"{""type"": ""Point"", ""coordinates"": [-78.90553264866296, 34.98354689834464]}";White;None - Rural Crash;Travel Lane;2;20;Mixed (30% To 70% Developed);Male;Pickup;0;#NULL!;0;0;White;No;0;50-59;Motorist Overtaking - Undetected Bicyclist;None;No;No;Dry;0;Rural;No;26MAR2007;0;20:24;Male;No;Commercial;C: Possible Injury;No;O: No Injury;6625;March;0;Straight - Level;Coastal;With Traffic;Double Yellow Line, No Passing Zone;Monday;Non-Intersection;54;0;Two-Way, Not Divided;2 lanes;0;#NULL!;#NULL!;Coarse Asphalt;#NULL!;No Special Feature;Motorist Overtaking Bicyclist;State Secondary Route;C: Possible Injury;Cumberland;70+;Clear;#NULL!;31-35 mph;40 - 45  MPH;2007;Dark - Roadway Not Lighted;70+
34.7176849148, -76.6604179541;"{""type"": ""Point"", ""coordinates"": [-76.66041795413581, 34.717684914780364]}";Black;Beaufort;Travel Lane;2;16;Urban (>70% Developed);Male;Passenger Car;0;#NULL!;0;0;White;No;0;11-15;Bicyclist Ride Through - Sign-Controlled Intersection;None;No;No;Dry;0;Rural;No;18JUN2007;0;16:10;Female;No;Residential;C: Possible Injury;Yes;O: No Injury;6628;June;0;Straight - Level;Coastal;Facing Traffic;Stop Sign;Monday;Intersection;15;0;Two-Way, Not Divided;2 lanes;0;#NULL!;#NULL!;Smooth Asphalt;#NULL!;No Special Feature;Bicyclist Failed to Yield - Sign-Controlled Intersection;Local Street;C: Possible Injury;Carteret;53;Clear;#NULL!;6-10 mph;30 - 35  MPH;2007;Daylight;50-59
35.2939408711, -81.5318234506;"{""type"": ""Point"", ""coordinates"": [-81.53182345063824, 35.29394087108949]}";Black;Shelby;Non-Roadway;2;19;Urban (>70% Developed);Female;Sport Utility;0;#NULL!;0;0;Black;No;0;6-10;Bicyclist Lost Control - Mechanical Problems;None;Yes;Yes;Dry;0;Urban;No;30MAR2007;0;19:06;Female;No;Residential;C: Possible Injury;No;O: No Injury;6630;March;0;Straight - Level;Mountains;Not Applicable;No Control Present;Friday;Non-Intersection;7;0;Two-Way, Not Divided;2 lanes;0;#NULL!;#NULL!;Smooth Asphalt;#NULL!;No Special Feature;Loss of Control / Turning Error;Local Street;C: Possible Injury;Cleveland;22;Clear;#NULL!;26-30 mph;30 - 35  MPH;2007;Daylight;20-24
35.4598919943, -79.1070827331;"{""type"": ""Point"", ""coordinates"": [-79.10708273308057, 35.459891994300214]}";Hispanic;Sanford;Travel Lane;2;17;Mixed (30% To 70% Developed);Male;Sport Utility;0;#NULL!;0;0;White;No;0;25-29;Bicyclist Left Turn - Same Direction;None;No;No;Dry;0;Urban;No;30MAR2007;0;17:35;Male;No;Residential;B: Evident Injury;Yes;O: No Injury;6633;March;0;Straight - Level;Piedmont;With Traffic;No Control Present;Friday;Intersection;25;0;Two-Way, Divided, Unprotected Median;3 lanes;0;#NULL!;#NULL!;Coarse Asphalt;#NULL!;T-Intersection;Bicyclist Left Turn / Merge;Local Street;B: Evident Injury;Lee;59;Clear;#NULL!;31-35 mph;40 - 45  MPH;2007;Daylight;50-59
35.087042903, -79.4282028107;"{""type"": ""Point"", ""coordinates"": [-79.42820281072609, 35.087042902985516]}";White;None - Rural Crash;Travel Lane;2;13;Mixed (30% To 70% Developed);Male;Passenger Car;0;#NULL!;0;0;Native American;No;0;30-39;Motorist Overtaking - Other / Unknown;None;No;No;Dry;0;Rural;No;30MAR2007;0;13:51;Male;No;Farms, Woods, Pastures;A: Disabling Injury;Yes;O: No Injury;6634;March;0;Straight - Level;Piedmont;With Traffic;Double Yellow Line, No Passing Zone;Friday;Non-Intersection;36;0;Two-Way, Not Divided;2 lanes;0;#NULL!;#NULL!;Coarse Asphalt;#NULL!;No Special Feature;Motorist Overtaking Bicyclist;US Route;A: Disabling Injury;Moore;59;Clear;#NULL!;51-55 mph;50 - 55  MPH;2007;Daylight;50-59
35.8508369858, -81.6036235037;"{""type"": ""Point"", ""coordinates"": [-81.6036235036531, 35.85083698575122]}";Hispanic;None - Rural Crash;Travel Lane;2;17;Urban (>70% Developed);Male;Passenger Car;0;#NULL!;0;0;White;No;0;6-10;Crossing Paths - Intersection - Other / Unknown;None;No;No;Dry;0;Rural;No;31MAR2007;0;17:57;Male;No;Residential;B: Evident Injury;Yes;O: No Injury;6636;March;0;Straight - Grade;Mountains;Unknown;No Control Present;Saturday;Intersection;6;0;Two-Way, Not Divided;2 lanes;0;#NULL!;#NULL!;Smooth Asphalt;#NULL!;T-Intersection;Crossing Paths - Other Circumstances;State Secondary Route;B: Evident Injury;Caldwell;66;Clear;#NULL!;21-25 mph;20 - 25  MPH;2007;Daylight;60-69
34.2272327643, -77.9357023187;"{""type"": ""Point"", ""coordinates"": [-77.93570231873387, 34.22723276431356]}";White;Wilmington;Driveway / Alley;2;16;Urban (>70% Developed);Male;Pickup;0;#NULL!;0;0;Black;No;0;6-10;Bicyclist Ride Out - Residential Driveway;None;No;No;Dry;0;Urban;No;31MAR2007;0;16:55;Male;No;Commercial;B: Evident Injury;Yes;O: No Injury;6638;March;0;Straight - Level;Coastal;Not Applicable;No Control Present;Saturday;Non-Intersection;7;0;Two-Way, Not Divided;2 lanes;0;#NULL!;#NULL!;Smooth Asphalt;#NULL!;No Special Feature;Bicyclist Failed to Yield - Midblock;Local Street;B: Evident Injury;New Hanover;66;Clear;#NULL!;16-20 mph;20 - 25  MPH;2007;Daylight;60-69
34.775400834, -79.450742802;"{""type"": ""Point"", ""coordinates"": [-79.45074280196054, 34.77540083403285]}";Black;Laurinburg;Travel Lane;2;13;Urban (>70% Developed);Male;Van;0;#NULL!;0;0;White;No;0;50-59;Bicyclist Right Turn - Same Direction;None;No;No;Dry;0;Urban;No;01APR2007;0;13:00;Female;No;Residential;C: Possible Injury;Yes;O: No Injury;6641;April;0;Straight - Level;Coastal;With Traffic;No Control Present;Sunday;Non-Intersection;51;0;Two-Way, Divided, Unprotected Median;2 lanes;0;#NULL!;#NULL!;Smooth Asphalt;#NULL!;No Special Feature;Bicyclist Right Turn / Merge;Local Street;C: Possible Injury;Scotland;57;Clear;#NULL!;31-35 mph;30 - 35  MPH;2007;Daylight;50-59
35.0160818978, -79.1363527188;"{""type"": ""Point"", ""coordinates"": [-79.13635271878861, 35.016081897845915]}";White;None - Rural Crash;Travel Lane;3;16;Mixed (30% To 70% Developed);Male;Pickup;0;#NULL!;0;0;White;No;0;30-39;Motorist Turning Error - Left Turn;None;No;No;Dry;0;Rural;No;03APR2007;0;16:00;Male;No;Farms, Woods, Pastures;A: Disabling Injury;Yes;O: No Injury;6647;April;0;Straight - Level;Coastal;With Traffic;Stop Sign;Tuesday;Intersection;33;0;Two-Way, Not Divided;2 lanes;0;#NULL!;#NULL!;Smooth Asphalt;#NULL!;Four-Way Intersection;Loss of Control / Turning Error;State Secondary Route;A: Disabling Injury;Hoke;31;Clear;#NULL!;31-35 mph;50 - 55  MPH;2007;Daylight;30-39
35.0597339135, -78.9591526682;"{""type"": ""Point"", ""coordinates"": [-78.95915266820954, 35.05973391347022]}";Black;Fayetteville;Unknown;2;17;Urban (>70% Developed);Male;Passenger Car;0;#NULL!;0;0;White;No;0;11-15;Bicyclist Ride Out - Midblock - Unknown;None;No;No;Dry;0;Urban;No;05APR2007;0;17:48;Female;No;Residential;B: Evident Injury;Yes;O: No Injury;6654;April;0;Straight - Level;Coastal;Not Applicable;No Control Present;Thursday;Non-Intersection;12;0;Two-Way, Not Divided;5 lanes;0;#NULL!;#NULL!;Smooth Asphalt;#NULL!;No Special Feature;Bicyclist Failed to Yield - Midblock;Local Street;B: Evident Injury;Cumberland;44;Clear;#NULL!;21-25 mph;40 - 45  MPH;2007;Daylight;40-49
35.1972608811, -80.6971031963;"{""type"": ""Point"", ""coordinates"": [-80.69710319625192, 35.19726088105184]}";Black;None - Rural Crash;Travel Lane;2;16;Urban (>70% Developed);Male;Passenger Car;0;#NULL!;0;0;White;No;0;40-49;Unknown Approach Paths;None;No;No;Dry;0;Rural;No;07APR2007;0;16:00;Female;No;Residential;O: No Injury;No;O: No Injury;6660;April;0;Straight - Level;Piedmont;Unknown;No Control Present;Saturday;Non-Intersection;40;0;Two-Way, Not Divided;2 lanes;0;#NULL!;#NULL!;Smooth Asphalt;#NULL!;Other;Other / Unknown - Insufficient Details;Local Street;O: No Injury;Mecklenburg;19;Clear;#NULL!;11-15 mph;30 - 35  MPH;2007;Daylight;0-19
35.7011709813, -80.8876032811;"{""type"": ""Point"", ""coordinates"": [-80.88760328108842, 35.7011709812558]}";Hispanic;Troutman;Unknown;2;17;Mixed (30% To 70% Developed);Male;Passenger Car;0;#NULL!;0;0;White;No;0;11-15;Motorist Right Turn - Same Direction;None;No;No;Dry;0;Rural;No;09APR2007;0;17:49;Female;No;Commercial;C: Possible Injury;No;O: No Injury;6664;April;0;Straight - Level;Piedmont;With Traffic;No Control Present;Monday;Non-Intersection;13;0;Two-Way, Not Divided;2 lanes;0;#NULL!;#NULL!;Smooth Asphalt;#NULL!;Driveway, Public;Motorist Right Turn / Merge;Local Street;C: Possible Injury;Iredell;55;Clear;#NULL!;0-5 mph;30 - 35  MPH;2007;Daylight;50-59
36.0906751174, -79.4258678636;"{""type"": ""Point"", ""coordinates"": [-79.42586786357707, 36.090675117413674]}";Black;Burlington;Travel Lane;2;21;Urban (>70% Developed);Female;Pickup;0;#NULL!;0;0;Black;No;0;30-39;Bicyclist Ride Through - Sign-Controlled Intersection;None;No;No;Dry;0;Urban;No;12APR2007;0;21:26;Male;No;Residential;C: Possible Injury;No;O: No Injury;6671;April;0;Straight - Grade;Piedmont;Unknown;Stop Sign;Thursday;Intersection;39;0;Two-Way, Not Divided;2 lanes;0;#NULL!;#NULL!;Smooth Asphalt;#NULL!;Four-Way Intersection;Bicyclist Failed to Yield - Sign-Controlled Intersection;Local Street;C: Possible Injury;Alamance;34;Clear;#NULL!;26-30 mph;30 - 35  MPH;2007;Dark - Lighted Roadway;30-39
35.8566620804, -79.0867127488;"{""type"": ""Point"", ""coordinates"": [-79.0867127488287, 35.856662080441716]}";White;None - Rural Crash;Driveway / Alley;2;17;Rural (<30% Developed);Male;Passenger Car;0;#NULL!;0;0;White;No;0;6-10;Bicyclist Ride Out - Residential Driveway;None;No;No;Dry;0;Rural;No;17APR2007;0;17:18;Male;No;Farms, Woods, Pastures;B: Evident Injury;Yes;O: No Injury;6687;April;0;Straight - Level;Piedmont;Not Applicable;No Control Present;Tuesday;Non-Intersection;10;0;Two-Way, Not Divided;2 lanes;0;#NULL!;#NULL!;Coarse Asphalt;#NULL!;Driveway, Private;Bicyclist Failed to Yield - Midblock;State Secondary Route;B: Evident Injury;Chatham;26;Clear;#NULL!;11-15 mph;30 - 35  MPH;2007;Daylight;25-29
35.6104840846, -77.4418922362;"{""type"": ""Point"", ""coordinates"": [-77.44189223616806, 35.610484084580186]}";White;None - Rural Crash;Bike Lane / Paved Shoulder;2;7;Rural (<30% Developed);Female;Passenger Car;0;#NULL!;0;0;Black;No;0;30-39;Motorist Overtaking - Undetected Bicyclist;None;No;No;Dry;0;Rural;No;17APR2007;0;7:50;Female;No;Farms, Woods, Pastures;C: Possible Injury;No;O: No Injury;6691;April;0;Straight - Hillcrest;Coastal;With Traffic;No Control Present;Tuesday;Non-Intersection;37;0;Two-Way, Not Divided;2 lanes;0;#NULL!;#NULL!;Coarse Asphalt;#NULL!;No Special Feature;Motorist Overtaking Bicyclist;State Secondary Route;C: Possible Injury;Pitt;29;Clear;#NULL!;41-45 mph;50 - 55  MPH;2007;Daylight;25-29
35.7928500832, -78.6126026012;"{""type"": ""Point"", ""coordinates"": [-78.61260260117918, 35.79285008318161]}";Black;Raleigh;Bike Lane / Paved Shoulder;2;16;Urban (>70% Developed);Female;Passenger Car;0;#NULL!;0;0;Black;No;0;6-10;Bicyclist Ride Out - Other Midblock;Road Surface Condition;No;No;Dry;0;Urban;No;17APR2007;0;16:49;Male;No;Residential;C: Possible Injury;Yes;O: No Injury;6692;April;0;Straight - Level;Piedmont;Not Applicable;No Control Present;Tuesday;Non-Intersection;9;0;Two-Way, Divided, Unprotected Median;2 lanes;0;#NULL!;#NULL!;Smooth Asphalt;#NULL!;No Special Feature;Bicyclist Failed to Yield - Midblock;Local Street;C: Possible Injury;Wake;52;Clear;#NULL!;31-35 mph;30 - 35  MPH;2007;Daylight;50-59
35.1887118746, -80.8309892361;"{""type"": ""Point"", ""coordinates"": [-80.83098923609228, 35.18871187460939]}";White;Charlotte;Travel Lane;2;17;Urban (>70% Developed);Male;Passenger Car;0;#NULL!;0;0;White;No;0;40-49;Bicyclist Overtaking - Other / Unknown;None;No;No;Dry;0;Urban;No;17APR2007;0;17:03;Male;No;Institutional;B: Evident Injury;Yes;O: No Injury;6693;April;0;Straight - Level;Piedmont;With Traffic;No Control Present;Tuesday;Non-Intersection;41;0;Two-Way, Not Divided;2 lanes;0;#NULL!;#NULL!;Smooth Asphalt;#NULL!;No Special Feature;Bicyclist Overtaking Motorist;Local Street;B: Evident Injury;Mecklenburg;34;Clear;#NULL!;0-5 mph;30 - 35  MPH;2007;Daylight;30-39
36.0319551244, -78.8907876982;"{""type"": ""Point"", ""coordinates"": [-78.89078769824431, 36.03195512439987]}";Black;Durham;Bike Lane / Paved Shoulder;2;15;Urban (>70% Developed);Male;Van;0;#NULL!;0;0;Black;No;0;40-49;Motorist Overtaking - Undetected Bicyclist;None;No;No;Dry;0;Urban;No;12JUL2007;0;15:44;Female;No;Commercial;B: Evident Injury;Yes;O: No Injury;6695;July;0;Straight - Level;Piedmont;With Traffic;No Control Present;Thursday;Non-Intersection;40;0;Two-Way, Not Divided;4 lanes;0;#NULL!;#NULL!;Smooth Asphalt;#NULL!;No Special Feature;Motorist Overtaking Bicyclist;Local Street;B: Evident Injury;Durham;53;Clear;#NULL!;31-35 mph;30 - 35  MPH;2007;Daylight;50-59
35.9449231442, -77.8009423632;"{""type"": ""Point"", ""coordinates"": [-77.80094236315784, 35.94492314423522]}";Black;Rocky Mount;Travel Lane;2;17;Urban (>70% Developed);Male;Unknown;0;#NULL!;0;0;Unknown/Missing;No;0;20-24;Crossing Paths - Intersection - Other / Unknown;None;No;No;Dry;0;Urban;Yes;19APR2007;0;17:08;Unknown;Missing;Residential;C: Possible Injury;Yes;Unknown Injury;6697;April;0;Straight - Level;Coastal;With Traffic;No Control Present;Thursday;Intersection;20;0;Two-Way, Not Divided;5 lanes;0;#NULL!;#NULL!;Smooth Asphalt;#NULL!;Four-Way Intersection;Crossing Paths - Other Circumstances;Local Street;C: Possible Injury;Nash;Unknown;Clear;#NULL!;31-35 mph;30 - 35  MPH;2007;Daylight;Unknown
35.123518862, -80.7884432202;"{""type"": ""Point"", ""coordinates"": [-80.78844322019143, 35.12351886201476]}";White;Charlotte;Travel Lane;2;19;Urban (>70% Developed);Female;Unknown;0;#NULL!;0;0;Unknown/Missing;No;0;25-29;Motorist Overtaking - Other / Unknown;None;No;No;Dry;0;Urban;Yes;18JUL2007;0;19:32;Unknown;Missing;Residential;C: Possible Injury;Yes;Unknown Injury;6702;July;0;Curve - Level;Piedmont;With Traffic;No Control Present;Wednesday;Intersection;26;0;Two-Way, Divided, Unprotected Median;2 lanes;0;#NULL!;#NULL!;Smooth Asphalt;#NULL!;No Special Feature;Motorist Overtaking Bicyclist;Local Street;C: Possible Injury;Mecklenburg;Unknown;Clear;#NULL!;Unknown;Unknown;2007;Daylight;Unknown
34.7024488333, -79.0192426678;"{""type"": ""Point"", ""coordinates"": [-79.01924266779858, 34.70244883325901]}";Native American;None - Rural Crash;Travel Lane;2;19;Mixed (30% To 70% Developed);Male;Van;0;#NULL!;0;0;Native American;No;0;50-59;Bicyclist Ride Through - Sign-Controlled Intersection;None;No;No;Dry;0;Rural;No;25APR2007;0;19:53;Female;No;Commercial;O: No Injury;No;O: No Injury;6706;April;0;Straight - Level;Coastal;Facing Traffic;Double Yellow Line, No Passing Zone;Wednesday;Intersection;59;0;Two-Way, Not Divided;2 lanes;0;#NULL!;#NULL!;Coarse Asphalt;#NULL!;Four-Way Intersection;Bicyclist Failed to Yield - Sign-Controlled Intersection;State Secondary Route;O: No Injury;Robeson;44;Clear;#NULL!;51-55 mph;50 - 55  MPH;2007;Daylight;40-49
35.2332108823, -80.8825792544;"{""type"": ""Point"", ""coordinates"": [-80.88257925435373, 35.23321088231879]}";Black;Charlotte;Travel Lane;2;17;Urban (>70% Developed);Male;Passenger Car;0;#NULL!;0;0;White;No;0;30-39;Motorist Overtaking - Bicyclist Swerved;None;No;No;Dry;0;Urban;No;23JUL2007;0;17:07;Female;No;Residential;O: No Injury;No;O: No Injury;6713;July;0;Straight - Grade;Piedmont;With Traffic;No Control Present;Monday;Non-Intersection;36;0;Two-Way, Not Divided;2 lanes;0;#NULL!;#NULL!;Smooth Asphalt;#NULL!;No Special Feature;Motorist Overtaking Bicyclist;Local Street;O: No Injury;Mecklenburg;45;Clear;#NULL!;31-35 mph;30 - 35  MPH;2007;Daylight;40-49
35.8446340934, -78.6359526113;"{""type"": ""Point"", ""coordinates"": [-78.63595261132396, 35.84463409343129]}";White;Raleigh;Travel Lane;2;18;Urban (>70% Developed);Female;Passenger Car;0;#NULL!;0;0;White;No;0;6-10;Backing Vehicle;None;No;No;Dry;0;Urban;No;25APR2007;0;18:16;Female;No;Residential;C: Possible Injury;No;O: No Injury;6719;April;0;Straight - Level;Piedmont;With Traffic;No Control Present;Wednesday;Non-Intersection;6;0;Two-Way, Not Divided;1 lane;0;#NULL!;#NULL!;Coarse Asphalt;#NULL!;No Special Feature;Backing Vehicle;Local Street;C: Possible Injury;Wake;41;Clear;#NULL!;0-5 mph;20 - 25  MPH;2007;Daylight;40-49
35.5737529568, -80.8222692545;"{""type"": ""Point"", ""coordinates"": [-80.82226925449581, 35.57375295683983]}";White;Mooresville;Travel Lane;2;18;Urban (>70% Developed);Male;Pickup;0;#NULL!;0;0;White;No;0;11-15;Motorist Right Turn - Same Direction;None;No;No;Dry;0;Urban;No;26APR2007;0;18:50;Male;No;Residential;B: Evident Injury;No;O: No Injury;6720;April;0;Straight - Level;Piedmont;With Traffic;No Control Present;Thursday;Non-Intersection;12;0;Two-Way, Not Divided;2 lanes;0;#NULL!;#NULL!;Coarse Asphalt;#NULL!;Driveway, Public;Motorist Right Turn / Merge;Local Street;B: Evident Injury;Iredell;45;Clear;#NULL!;6-10 mph;30 - 35  MPH;2007;Daylight;40-49
34.9786768377, -80.6018631564;"{""type"": ""Point"", ""coordinates"": [-80.60186315642679, 34.97867683768206]}";White;None - Rural Crash;Travel Lane;2;17;Urban (>70% Developed);Male;Unknown;0;#NULL!;0;0;Unknown/Missing;No;0;11-15;Backing Vehicle;None;No;No;Dry;0;Rural;Yes;01MAY2007;0;17:00;Unknown;Missing;Residential;C: Possible Injury;No;Unknown Injury;6738;May;0;Straight - Level;Piedmont;Unknown;No Control Present;Tuesday;Intersection;11;0;Two-Way, Not Divided;2 lanes;0;#NULL!;#NULL!;Smooth Asphalt;#NULL!;No Special Feature;Backing Vehicle;State Secondary Route;C: Possible Injury;Union;Unknown;Clear;#NULL!;0-5 mph;30 - 35  MPH;2007;Daylight;Unknown
35.5934770572, -78.1243464431;"{""type"": ""Point"", ""coordinates"": [-78.12434644309536, 35.59347705717739]}";White;Kenly;Travel Lane;2;7;Urban (>70% Developed);Male;Passenger Car;0;#NULL!;0;0;White;No;0;16-19;Bicyclist Ride Through - Sign-Controlled Intersection;None;No;No;Dry;0;Rural;No;30JUL2007;0;7:07;Male;No;Residential;O: No Injury;No;O: No Injury;6739;July;0;Straight - Level;Coastal;With Traffic;Stop Sign;Monday;Intersection;17;0;Two-Way, Not Divided;2 lanes;0;#NULL!;#NULL!;Smooth Asphalt;#NULL!;No Special Feature;Bicyclist Failed to Yield - Sign-Controlled Intersection;Local Street;O: No Injury;Johnston;53;Clear;#NULL!;11-15 mph;20 - 25  MPH;2007;Daylight;50-59
35.0137019035, -78.9379626597;"{""type"": ""Point"", ""coordinates"": [-78.93796265968072, 35.01370190348744]}";White;None - Rural Crash;Travel Lane;2;20;Urban (>70% Developed);Male;Pickup;0;#NULL!;0;0;Hispanic;No;0;60-69;Head-On - Bicyclist;None;No;No;Dry;0;Rural;No;03MAY2007;0;20:27;Male;No;Commercial;B: Evident Injury;Yes;O: No Injury;6744;May;0;Straight - Level;Coastal;Facing Traffic;No Control Present;Thursday;Non-Intersection;61;0;Two-Way, Not Divided;5 lanes;0;#NULL!;#NULL!;Coarse Asphalt;#NULL!;No Special Feature;Head-On;State Secondary Route;B: Evident Injury;Cumberland;35;Clear;#NULL!;36-40 mph;40 - 45  MPH;2007;Dark - Roadway Not Lighted;30-39
35.2545068885, -80.8246932373;"{""type"": ""Point"", ""coordinates"": [-80.8246932373192, 35.25450688848848]}";Black;Charlotte;Sidewalk / Crosswalk / Driveway Crossing;2;17;Urban (>70% Developed);Male;Passenger Car;0;#NULL!;0;0;Black;No;0;50-59;Motorist Drive Out - Commercial Driveway / Alley;None;No;No;Dry;0;Urban;No;21JUL2007;0;17:09;Male;No;Commercial;C: Possible Injury;No;O: No Injury;6754;July;0;Straight - Level;Piedmont;Facing Traffic;No Control Present;Saturday;Non-Intersection;56;0;Two-Way, Not Divided;4 lanes;0;#NULL!;#NULL!;Smooth Asphalt;#NULL!;No Special Feature;Motorist Failed to Yield - Midblock;Local Street;C: Possible Injury;Mecklenburg;21;Clear;#NULL!;0-5 mph;30 - 35  MPH;2007;Daylight;20-24
34.5920868082, -79.0389276683;"{""type"": ""Point"", ""coordinates"": [-79.03892766828118, 34.592086808184796]}";Black;None - Rural Crash;Driveway / Alley;2;18;Mixed (30% To 70% Developed);Male;Passenger Car;0;#NULL!;0;0;Black;No;0;6-10;Bicyclist Ride Out - Residential Driveway;None;No;No;Dry;0;Rural;No;10MAY2007;0;18:07;Female;No;Residential;B: Evident Injury;Yes;O: No Injury;6761;May;0;Straight - Level;Coastal;Not Applicable;No Control Present;Thursday;Non-Intersection;9;0;Two-Way, Not Divided;2 lanes;0;#NULL!;#NULL!;Coarse Asphalt;#NULL!;Driveway, Private;Bicyclist Failed to Yield - Midblock;State Secondary Route;B: Evident Injury;Robeson;31;Clear;#NULL!;26-30 mph;40 - 45  MPH;2007;Daylight;30-39