Geo Point;Geo Shape;BikeRace;City;BikePos;NumUnits;CrashHour;Locality;BikeSex;DrvrVehTyp;NumBikesNo;BikeAlcDrg;NumBikesBI;RteInvdCd;DrvrRace;Workzone;NumBikesCi;BikeAgeGrp;CrashType;RdDefects;CrashAlcoh;BikeAlcoho;RdConditio;DstncMiFrm;RuralUrban;HitRun;CrashDate;NumBikesUI;CrashTime;DrvrSex;DrvrAlcoho;Developmen;CrashSevr;AmbulanceR;DrvrInjury;OBJECTID;CrashMonth;NumBikesKi;RdCharacte;Region;BikeDir;TraffCntrl;CrashDay;CrashLoc;BikeAge;NumBikesTo;RdConfig;NumLanes;NumBikesAI;DrvrAlcDrg;OnRoad;RdSurface;Towrd_Rd;RdFeature;CrashGrp;RdClass;BikeInjury;County;DrvrAge;Weather;FrmRd;DrvrEstSpd;SpeedLimit;CrashYear;LightCond;DrvrAgeGrp
35.7803800799, -78.6223166039;"{""type"": ""Point"", ""coordinates"": [-78.62231660392723, 35.78038007993722]}";Black;Raleigh;Sidewalk / Crosswalk / Driveway Crossing;2;17;Urban (>70% Developed);Female;Sport Utility;0;#NULL!;0;0;White;No;0;Unknown;Bicyclist Ride Out - Parallel Path;None;Yes;Yes;Wet;0;Urban;No;06MAY2007;0;17:32;Male;No;Commercial;C: Possible Injury;No;O: No Injury;6776;May;0;Straight - Level;Piedmont;Facing Traffic;No Control Present;Sunday;Non-Intersection;Unknown;0;Two-Way, Not Divided;4 lanes;0;#NULL!;#NULL!;Smooth Asphalt;#NULL!;No Special Feature;Parallel Paths - Other Circumstances;Local Street;C: Possible Injury;Wake;25;Clear;#NULL!;16-20 mph;20 - 25  MPH;2007;Daylight;25-29
35.5263089479, -80.7974932441;"{""type"": ""Point"", ""coordinates"": [-80.79749324414948, 35.52630894788835]}";White;None - Rural Crash;Travel Lane;2;19;Rural (<30% Developed);Male;Passenger Car;0;#NULL!;0;0;White;No;0;30-39;Motorist Right Turn - Same Direction;None;No;No;Dry;0;Rural;No;16MAY2007;0;19:03;Female;No;Farms, Woods, Pastures;B: Evident Injury;No;O: No Injury;6781;May;0;Straight - Level;Piedmont;With Traffic;Double Yellow Line, No Passing Zone;Wednesday;Intersection;36;0;Two-Way, Not Divided;2 lanes;0;#NULL!;#NULL!;Coarse Asphalt;#NULL!;T-Intersection;Motorist Right Turn / Merge;State Secondary Route;B: Evident Injury;Iredell;65;Clear;#NULL!;51-55 mph;50 - 55  MPH;2007;Dusk;60-69
34.2226707636, -77.9472683222;"{""type"": ""Point"", ""coordinates"": [-77.94726832217846, 34.22267076360284]}";White;Wilmington;Travel Lane;2;14;Urban (>70% Developed);Male;Pickup;0;#NULL!;0;0;White;No;0;25-29;Motorist Drive Out - Sign-Controlled Intersection;Other;No;No;Dry;0;Urban;No;18MAY2007;0;14:16;Male;No;Commercial;B: Evident Injury;Yes;O: No Injury;6790;May;0;Straight - Level;Coastal;With Traffic;Stop Sign;Friday;Intersection;26;0;Two-Way, Not Divided;3 lanes;0;#NULL!;#NULL!;Smooth Asphalt;#NULL!;Railroad Crossing;Motorist Failed to Yield - Sign-Controlled Intersection;Local Street;B: Evident Injury;New Hanover;70+;Clear;#NULL!;11-15 mph;30 - 35  MPH;2007;Daylight;70+
35.9388991433, -77.7923323598;"{""type"": ""Point"", ""coordinates"": [-77.79233235976653, 35.938899143327305]}";Black;Rocky Mount;Unknown;2;14;Urban (>70% Developed);Male;Passenger Car;0;#NULL!;0;0;Black;No;0;6-10;Crossing Paths - Intersection - Other / Unknown;None;No;No;Dry;0;Urban;No;20MAY2007;0;14:49;Female;No;Residential;O: No Injury;Yes;O: No Injury;6793;May;0;Straight - Hillcrest;Coastal;With Traffic;No Control Present;Sunday;Intersection;9;0;One-Way, Not Divided;3 lanes;0;#NULL!;#NULL!;Smooth Asphalt;#NULL!;No Special Feature;Crossing Paths - Other Circumstances;Local Street;O: No Injury;Edgecombe;29;Clear;#NULL!;26-30 mph;30 - 35  MPH;2007;Daylight;25-29
35.9937271169, -78.8701126904;"{""type"": ""Point"", ""coordinates"": [-78.87011269041787, 35.99372711689853]}";Black;Durham;Unknown;2;9;Mixed (30% To 70% Developed);Male;Pickup;0;#NULL!;0;0;Black;No;0;30-39;Bicyclist Ride Through - Signalized Intersection;None;No;No;Dry;0;Urban;No;20AUG2007;0;9:46;Male;No;Commercial;C: Possible Injury;Yes;O: No Injury;6800;August;0;Straight - Level;Piedmont;Unknown;Stop And Go Signal;Monday;Intersection-Related;37;0;Two-Way, Not Divided;2 lanes;0;#NULL!;#NULL!;Smooth Asphalt;#NULL!;No Special Feature;Bicyclist Failed to Yield - Signalized Intersection;Local Street;C: Possible Injury;Durham;37;Clear;#NULL!;11-15 mph;30 - 35  MPH;2007;Daylight;30-39
35.9217570629, -79.9314070068;"{""type"": ""Point"", ""coordinates"": [-79.9314070068412, 35.92175706293805]}";White;None - Rural Crash;Travel Lane;2;19;Mixed (30% To 70% Developed);Male;Passenger Car;0;#NULL!;0;0;White;No;0;11-15;Motorist Overtaking - Bicyclist Swerved;None;No;No;Dry;0;Rural;No;23MAY2007;0;19:20;Female;No;Residential;C: Possible Injury;Yes;O: No Injury;6806;May;0;Straight - Grade;Piedmont;With Traffic;Double Yellow Line, No Passing Zone;Wednesday;Intersection;15;0;Two-Way, Not Divided;2 lanes;0;#NULL!;#NULL!;Coarse Asphalt;#NULL!;T-Intersection;Motorist Overtaking Bicyclist;NC Route;C: Possible Injury;Guilford;20;Clear;#NULL!;41-45 mph;40 - 45  MPH;2007;Daylight;20-24
35.3266970063, -77.9341223716;"{""type"": ""Point"", ""coordinates"": [-77.93412237157025, 35.32669700628835]}";White;None - Rural Crash;Travel Lane;2;18;Urban (>70% Developed);Male;Pickup;0;#NULL!;0;0;White;No;0;50-59;Motorist Overtaking - Other / Unknown;None;No;No;Dry;0;Rural;No;24MAY2007;0;18:43;Male;No;Residential;B: Evident Injury;Yes;O: No Injury;6814;May;0;Straight - Level;Coastal;With Traffic;No Control Present;Thursday;Non-Intersection;52;0;Two-Way, Not Divided;2 lanes;0;#NULL!;#NULL!;Coarse Asphalt;#NULL!;No Special Feature;Motorist Overtaking Bicyclist;State Secondary Route;B: Evident Injury;Wayne;28;Clear;#NULL!;31-35 mph;30 - 35  MPH;2007;Daylight;25-29
35.2305438826, -80.8447982428;"{""type"": ""Point"", ""coordinates"": [-80.84479824278782, 35.2305438826246]}";Black;Charlotte;Travel Lane;2;1;Urban (>70% Developed);Male;Unknown;0;#NULL!;0;0;Unknown/Missing;No;0;25-29;Head-On - Bicyclist;None;No;No;Dry;0;Urban;Yes;26MAY2007;0;1:23;Unknown;Missing;Commercial;A: Disabling Injury;Yes;Unknown Injury;6820;May;0;Straight - Level;Piedmont;Facing Traffic;No Control Present;Saturday;Non-Intersection;29;0;One-Way, Not Divided;3 lanes;0;#NULL!;#NULL!;Smooth Asphalt;#NULL!;No Special Feature;Head-On;Local Street;A: Disabling Injury;Mecklenburg;Unknown;Clear;#NULL!;21-25 mph;30 - 35  MPH;2007;Dark - Lighted Roadway;Unknown
35.1004369863, -77.056887094;"{""type"": ""Point"", ""coordinates"": [-77.05688709404197, 35.10043698630273]}";White;New Bern;Unknown;2;18;Urban (>70% Developed);Male;Pickup;0;#NULL!;0;0;White;No;0;40-49;Bicyclist Ride Out - Midblock - Unknown;None;No;No;Dry;0;Urban;No;27MAY2007;0;18:00;Male;No;Farms, Woods, Pastures;A: Disabling Injury;Yes;O: No Injury;6827;May;0;Straight - Level;Coastal;Not Applicable;No Control Present;Sunday;Non-Intersection;47;0;Two-Way, Divided, Positive Median Barrier;5 lanes;0;#NULL!;#NULL!;Smooth Asphalt;#NULL!;Bridge Approach;Bicyclist Failed to Yield - Midblock;US Route;A: Disabling Injury;Craven;43;Clear;#NULL!;Unknown;50 - 55  MPH;2007;Daylight;40-49
35.9270241046, -78.8263726741;"{""type"": ""Point"", ""coordinates"": [-78.82637267405536, 35.927024104575956]}";White;Durham;Travel Lane;2;13;Urban (>70% Developed);Male;Single Unit Truck (2-Axle, 6-Tire);0;#NULL!;0;0;White;No;0;30-39;Motorist Right Turn - Same Direction;None;No;No;Dry;0;Urban;No;29AUG2007;0;13:57;Male;No;Residential;B: Evident Injury;Yes;O: No Injury;6831;August;0;Straight - Grade;Piedmont;With Traffic;No Control Present;Wednesday;Intersection;36;0;Two-Way, Not Divided;3 lanes;0;#NULL!;#NULL!;Smooth Asphalt;#NULL!;No Special Feature;Motorist Right Turn / Merge;Local Street;B: Evident Injury;Durham;27;Clear;#NULL!;31-35 mph;30 - 35  MPH;2007;Daylight;25-29
35.9902771164, -78.8579276861;"{""type"": ""Point"", ""coordinates"": [-78.85792768608776, 35.99027711639148]}";Black;Durham;Unknown;2;21;Urban (>70% Developed);Male;Pickup;0;#NULL!;0;0;Hispanic;No;0;11-15;Bicyclist Ride Out - Signalized  Intersection;None;No;No;Wet;0;Urban;No;27JUL2007;0;21:29;Male;No;Residential;B: Evident Injury;Yes;O: No Injury;6836;July;0;Straight - Level;Piedmont;With Traffic;Stop And Go Signal;Friday;Intersection;11;0;Two-Way, Not Divided;2 lanes;0;#NULL!;#NULL!;Smooth Asphalt;#NULL!;No Special Feature;Bicyclist Failed to Yield - Signalized Intersection;Local Street;B: Evident Injury;Durham;26;Rain;#NULL!;26-30 mph;30 - 35  MPH;2007;Dark - Lighted Roadway;25-29
35.6033698972, -82.5574837718;"{""type"": ""Point"", ""coordinates"": [-82.55748377182559, 35.603369897169465]}";White;Asheville;Travel Lane;2;21;Urban (>70% Developed);Female;Van;0;#NULL!;0;0;Black;No;0;30-39;Motorist Right Turn - Same Direction;None;No;No;Dry;0;Urban;No;31MAY2007;0;21:14;Male;No;Commercial;B: Evident Injury;No;O: No Injury;6839;May;0;Straight - Level;Mountains;With Traffic;Stop And Go Signal;Thursday;Intersection;31;0;Two-Way, Not Divided;5 lanes;0;#NULL!;#NULL!;Smooth Asphalt;#NULL!;Five-Point, Or More;Motorist Right Turn / Merge;Local Street;B: Evident Injury;Buncombe;16;Clear;#NULL!;6-10 mph;30 - 35  MPH;2007;Dusk;0-19
36.0757251146, -79.4254428633;"{""type"": ""Point"", ""coordinates"": [-79.42544286333535, 36.07572511463303]}";Hispanic;Burlington;Travel Lane;2;17;Urban (>70% Developed);Male;Passenger Car;0;#NULL!;0;0;Black;No;0;11-15;Bicyclist Ride Through - Sign-Controlled Intersection;None;No;No;Dry;0;Urban;No;01JUN2007;0;17:36;Female;No;Residential;B: Evident Injury;No;O: No Injury;6843;June;0;Straight - Level;Piedmont;With Traffic;Stop Sign;Friday;Intersection;12;0;Two-Way, Not Divided;2 lanes;0;#NULL!;#NULL!;Coarse Asphalt;#NULL!;Four-Way Intersection;Bicyclist Failed to Yield - Sign-Controlled Intersection;Local Street;B: Evident Injury;Alamance;22;Clear;#NULL!;21-25 mph;30 - 35  MPH;2007;Daylight;20-24
36.0060000797, -79.9799130261;"{""type"": ""Point"", ""coordinates"": [-79.97991302606283, 36.00600007967884]}";White;High Point;Travel Lane;2;11;Urban (>70% Developed);Male;Sport Utility;0;#NULL!;0;0;White;No;0;6-10;Bicyclist Ride Through - Sign-Controlled Intersection;None;No;No;Dry;0;Urban;No;02JUN2007;0;11:41;Female;No;Residential;C: Possible Injury;No;O: No Injury;6847;June;0;Straight - Level;Piedmont;With Traffic;Stop Sign;Saturday;Intersection;8;0;Two-Way, Not Divided;2 lanes;0;#NULL!;#NULL!;Coarse Asphalt;#NULL!;T-Intersection;Bicyclist Failed to Yield - Sign-Controlled Intersection;Local Street;C: Possible Injury;Guilford;30;Clear;#NULL!;11-15 mph;30 - 35  MPH;2007;Daylight;30-39
35.0298149079, -78.9337186588;"{""type"": ""Point"", ""coordinates"": [-78.93371865884463, 35.029814907943795]}";White;Fayetteville;Unknown;2;20;Urban (>70% Developed);Male;Passenger Car;0;#NULL!;0;0;Black;No;0;60-69;Bicyclist Ride Out - Midblock - Unknown;None;No;No;Dry;0;Urban;No;05JUN2007;0;20:20;Female;No;Commercial;C: Possible Injury;Yes;O: No Injury;6852;June;0;Straight - Level;Coastal;Not Applicable;No Control Present;Tuesday;Non-Intersection;66;0;Two-Way, Divided, Unprotected Median;3 lanes;0;#NULL!;#NULL!;Coarse Asphalt;#NULL!;No Special Feature;Bicyclist Failed to Yield - Midblock;Local Street;C: Possible Injury;Cumberland;39;Clear;#NULL!;36-40 mph;40 - 45  MPH;2007;Dark - Lighted Roadway;30-39
35.2244869496, -78.9382426708;"{""type"": ""Point"", ""coordinates"": [-78.93824267078014, 35.22448694961059]}";White;None - Rural Crash;Unknown;2;17;Mixed (30% To 70% Developed);Male;Pickup;0;#NULL!;0;0;White;No;0;11-15;Bicyclist Ride Out - Signalized  Intersection;None;No;No;Dry;0;Rural;No;07JUN2007;0;17:14;Male;No;Residential;A: Disabling Injury;Yes;O: No Injury;6859;June;0;Straight - Level;Coastal;Not Applicable;Stop And Go Signal;Thursday;Intersection-Related;13;0;Two-Way, Not Divided;5 lanes;0;#NULL!;#NULL!;Coarse Asphalt;#NULL!;Related To Intersection;Bicyclist Failed to Yield - Signalized Intersection;NC Route;A: Disabling Injury;Harnett;42;Clear;#NULL!;41-45 mph;40 - 45  MPH;2007;Daylight;40-49
35.7950670869, -78.5173025732;"{""type"": ""Point"", ""coordinates"": [-78.51730257319909, 35.79506708688379]}";Black;Knightdale;Travel Lane;2;20;Mixed (30% To 70% Developed);Male;Passenger Car;0;#NULL!;0;0;Black;No;0;60-69;Motorist Drive Out - Right Turn on Red;None;No;No;Dry;0;Urban;No;27APR2011;0;20:45;Male;No;Commercial;C: Possible Injury;Yes;O: No Injury;2933;April;0;Curve - Hillcrest;Piedmont;With Traffic;Stop And Go Signal;Wednesday;Intersection;61;0;Two-Way, Divided, Unprotected Median;6 lanes;0;#NULL!;#NULL!;Coarse Asphalt;#NULL!;On or Off Ramp;Motorist Failed to Yield - Signalized Intersection;Local Street;C: Possible Injury;Wake;43;Clear;#NULL!;0-5 mph;40 - 45  MPH;2011;Dark - Roadway Not Lighted;40-49
36.2470971263, -80.0859030719;"{""type"": ""Point"", ""coordinates"": [-80.08590307190767, 36.247097126293774]}";White;None - Rural Crash;Travel Lane;2;11;Rural (<30% Developed);Male;Sport Utility;0;#NULL!;0;0;White;No;0;50-59;Motorist Overtaking - Misjudged Space;Road Surface Condition;No;No;Dry;0;Rural;No;30APR2011;0;11:05;Male;No;Residential;O: No Injury;No;O: No Injury;2941;April;0;Straight - Level;Piedmont;With Traffic;No Control Present;Saturday;Non-Intersection;56;0;Two-Way, Not Divided;2 lanes;0;#NULL!;#NULL!;Smooth Asphalt;#NULL!;No Special Feature;Motorist Overtaking Bicyclist;State Secondary Route;O: No Injury;Forsyth;47;Clear;#NULL!;41-45 mph;40 - 45  MPH;2011;Daylight;40-49
34.2102667657, -77.7996022768;"{""type"": ""Point"", ""coordinates"": [-77.79960227678637, 34.21026676567472]}";White;Wrightsville Beach;Travel Lane;2;13;Urban (>70% Developed);Male;Van;0;#NULL!;0;0;White;No;0;50-59;Motorist Drive Out - Sign-Controlled Intersection;None;No;No;Dry;0;Rural;No;22APR2011;0;13:42;Male;No;Commercial;C: Possible Injury;Yes;O: No Injury;2949;April;0;Straight - Level;Coastal;With Traffic;Stop Sign;Friday;Intersection;54;0;Two-Way, Divided, Unprotected Median;4 lanes;0;#NULL!;#NULL!;Coarse Asphalt;#NULL!;No Special Feature;Motorist Failed to Yield - Sign-Controlled Intersection;US Route;C: Possible Injury;New Hanover;45;Cloudy;#NULL!;0-5 mph;5 - 15 MPH;2011;Daylight;40-49
34.9018468505, -79.7793029071;"{""type"": ""Point"", ""coordinates"": [-79.77930290709173, 34.90184685054316]}";Black;None - Rural Crash;Travel Lane;2;16;Urban (>70% Developed);Male;Sport Utility;0;#NULL!;0;0;Black;No;0;0-5;Bicyclist Lost Control - Mechanical Problems;None;No;No;Dry;0;Rural;No;01MAY2011;0;16:08;Female;No;Residential;C: Possible Injury;Yes;O: No Injury;2953;May;0;Straight - Grade;Piedmont;With Traffic;No Control Present;Sunday;Non-Intersection;4;0;Two-Way, Not Divided;2 lanes;0;#NULL!;#NULL!;Smooth Asphalt;#NULL!;No Special Feature;Loss of Control / Turning Error;State Secondary Route;C: Possible Injury;Richmond;41;Clear;#NULL!;11-15 mph;30 - 35  MPH;2011;Daylight;40-49
35.964087104, -79.0582027456;"{""type"": ""Point"", ""coordinates"": [-79.05820274558647, 35.96408710402891]}";White;Chapel Hill;Sidewalk / Crosswalk / Driveway Crossing;2;16;Urban (>70% Developed);Male;Van;0;#NULL!;0;0;White;No;0;40-49;Bicyclist Ride Out - Signalized  Intersection;None;No;No;Wet;0;Urban;No;22APR2011;0;16:02;Female;No;Commercial;C: Possible Injury;Yes;O: No Injury;2956;April;0;Straight - Level;Piedmont;Facing Traffic;Stop And Go Signal;Friday;Intersection;48;0;Two-Way, Divided, Unprotected Median;5 lanes;0;#NULL!;#NULL!;Smooth Asphalt;#NULL!;Four-Way Intersection;Bicyclist Failed to Yield - Signalized Intersection;NC Route;C: Possible Injury;Orange;43;Rain;#NULL!;0-5 mph;30 - 35  MPH;2011;Daylight;40-49
35.4450369896, -79.1638027497;"{""type"": ""Point"", ""coordinates"": [-79.16380274965864, 35.44503698960097]}";White;None - Rural Crash;Travel Lane;2;16;Mixed (30% To 70% Developed);Male;Passenger Car;0;#NULL!;0;0;White;No;0;40-49;Motorist Overtaking - Undetected Bicyclist;None;No;No;Dry;0;Rural;No;09MAY2011;0;16:25;Male;No;Farms, Woods, Pastures;C: Possible Injury;Yes;O: No Injury;2971;May;0;Straight - Level;Piedmont;With Traffic;No Control Present;Monday;Non-Intersection;41;0;Two-Way, Not Divided;2 lanes;0;#NULL!;#NULL!;Smooth Asphalt;#NULL!;No Special Feature;Motorist Overtaking Bicyclist;State Secondary Route;C: Possible Injury;Lee;70+;Clear;#NULL!;36-40 mph;50 - 55  MPH;2011;Daylight;70+
35.3925870294, -77.665702293;"{""type"": ""Point"", ""coordinates"": [-77.66570229302162, 35.39258702935897]}";Black;None - Rural Crash;Travel Lane;2;14;Rural (<30% Developed);Male;Sport Utility;0;#NULL!;0;0;Black;No;0;60-69;Bicyclist Left Turn - Same Direction;None;No;No;Dry;0;Rural;No;10MAY2011;0;14:43;Female;No;Farms, Woods, Pastures;C: Possible Injury;Yes;O: No Injury;2972;May;0;Straight - Level;Coastal;With Traffic;No Control Present;Tuesday;Non-Intersection;65;0;Two-Way, Not Divided;2 lanes;0;#NULL!;#NULL!;Smooth Asphalt;#NULL!;Driveway, Public;Bicyclist Left Turn / Merge;US Route;C: Possible Injury;Greene;57;Clear;#NULL!;51-55 mph;50 - 55  MPH;2011;Daylight;50-59
36.0241371214, -78.9180027062;"{""type"": ""Point"", ""coordinates"": [-78.9180027061956, 36.024137121443786]}";Unknown/Missing;Durham;Sidewalk / Crosswalk / Driveway Crossing;2;14;Urban (>70% Developed);Unknown;Passenger Car;0;#NULL!;0;0;Black;No;0;Unknown;Crossing Paths - Intersection - Other / Unknown;None;No;Missing;Dry;0;Urban;No;10MAY2011;0;14:07;Female;No;Residential;O: No Injury;No;O: No Injury;2974;May;0;Straight - Level;Piedmont;Facing Traffic;Stop Sign;Tuesday;Intersection;Unknown;0;Two-Way, Not Divided;2 lanes;0;#NULL!;#NULL!;Smooth Asphalt;#NULL!;No Special Feature;Crossing Paths - Other Circumstances;Local Street;Unknown Injury;Durham;66;Clear;#NULL!;0-5 mph;20 - 25  MPH;2011;Daylight;60-69
35.2538468872, -80.8560032477;"{""type"": ""Point"", ""coordinates"": [-80.85600324766955, 35.253846887186825]}";Black;Charlotte;Travel Lane;2;1;Urban (>70% Developed);Male;Passenger Car;0;#NULL!;0;0;Black;No;0;50-59;Motorist Overtaking - Undetected Bicyclist;None;No;No;Water (Standing, Moving);0;Urban;No;06MAY2011;0;1:19;Female;No;Residential;C: Possible Injury;Yes;O: No Injury;3000;May;0;Straight - Level;Piedmont;With Traffic;No Control Present;Friday;Intersection-Related;52;0;Two-Way, Not Divided;4 lanes;0;#NULL!;#NULL!;Smooth Asphalt;#NULL!;No Special Feature;Motorist Overtaking Bicyclist;Local Street;C: Possible Injury;Mecklenburg;33;Clear;#NULL!;21-25 mph;30 - 35  MPH;2011;Dawn;30-39
34.8078169091, -77.449702199;"{""type"": ""Point"", ""coordinates"": [-77.44970219903927, 34.80781690910716]}";Black;None - Rural Crash;Travel Lane;2;12;Mixed (30% To 70% Developed);Female;Sport Utility;0;#NULL!;0;0;White;No;0;50-59;Motorist Drive Out - Sign-Controlled Intersection;None;No;No;Dry;0;Rural;No;26SEP2013;0;12:16;Female;No;Residential;O: No Injury;No;O: No Injury;1501;September;0;Curve - Level;Coastal;Facing Traffic;Stop Sign;Thursday;Intersection-Related;56;0;Two-Way, Not Divided;2 lanes;0;#NULL!;SR 1369;Smooth Asphalt;#NULL!;T-Intersection;Motorist Failed to Yield - Sign-Controlled Intersection;State Secondary Route;O: No Injury;Onslow;55;Clear;#NULL!;0-5 mph;30 - 35  MPH;2013;Daylight;50-59
36.1682771305, -79.5137028951;"{""type"": ""Point"", ""coordinates"": [-79.51370289513807, 36.168277130522156]}";White;None - Rural Crash;Travel Lane;2;7;Rural (<30% Developed);Male;Pickup;0;#NULL!;0;0;White;No;0;30-39;Motorist Drive Out - Sign-Controlled Intersection;None;No;No;Dry;0;Rural;No;28SEP2013;0;7:16;Male;No;Farms, Woods, Pastures;B: Evident Injury;No;O: No Injury;1503;September;0;Straight - Level;Piedmont;With Traffic;Stop Sign;Saturday;Intersection;34;0;Two-Way, Not Divided;2 lanes;0;#NULL!;SR 1558;Smooth Asphalt;#NULL!;T-Intersection;Motorist Failed to Yield - Sign-Controlled Intersection;NC Route;B: Evident Injury;Alamance;35;Clear;#NULL!;31-35 mph;50 - 55  MPH;2013;Dawn;30-39
34.2244467639, -77.9419023205;"{""type"": ""Point"", ""coordinates"": [-77.94190232052138, 34.22444676388341]}";Black;Wilmington;Travel Lane;2;7;Urban (>70% Developed);Male;Van;0;#NULL!;0;0;White;No;0;30-39;Motorist Drive Through - Signalized Intersection;None;No;No;Dry;0;Urban;No;27AUG2013;0;7:30;Male;No;Commercial;B: Evident Injury;Yes;O: No Injury;1508;August;0;Straight - Hillcrest;Coastal;With Traffic;Stop And Go Signal;Tuesday;Intersection;36;0;Two-Way, Not Divided;7 lanes;0;#NULL!;DAWSON ST;Coarse Asphalt;#NULL!;Four-Way Intersection;Motorist Failed to Yield - Signalized Intersection;Local Street;B: Evident Injury;New Hanover;27;Clear;#NULL!;31-35 mph;30 - 35  MPH;2013;Daylight;25-29
35.6637369891, -80.467703154;"{""type"": ""Point"", ""coordinates"": [-80.46770315403192, 35.663736989140226]}";Black;Salisbury;Sidewalk / Crosswalk / Driveway Crossing;2;8;Urban (>70% Developed);Female;Van;0;#NULL!;0;0;White;No;0;50-59;Sign-Controlled Intersection - Other / Unknown;None;No;No;Dry;0;Urban;No;01OCT2013;0;8:13;Female;No;Residential;C: Possible Injury;Yes;O: No Injury;1512;October;0;Straight - Level;Piedmont;Facing Traffic;Stop Sign;Tuesday;Intersection;57;0;Two-Way, Not Divided;2 lanes;0;#NULL!;E FISHER ST;Smooth Asphalt;#NULL!;Four-Way Intersection;Crossing Paths - Other Circumstances;Local Street;C: Possible Injury;Rowan;46;Clear;#NULL!;0-5 mph;20 - 25  MPH;2013;Daylight;40-49
35.7429270704, -78.6833026207;"{""type"": ""Point"", ""coordinates"": [-78.68330262070047, 35.74292707039424]}";Black;Raleigh;Sidewalk / Crosswalk / Driveway Crossing;2;7;Urban (>70% Developed);Male;Passenger Car;0;#NULL!;0;0;White;No;0;25-29;Motorist Drive Out - Sign-Controlled Intersection;None;No;No;Dry;0;Urban;No;30SEP2013;0;7:57;Male;No;Residential;C: Possible Injury;Yes;O: No Injury;1513;September;0;Straight - Level;Piedmont;Facing Traffic;Stop Sign;Monday;Intersection;28;0;Two-Way, Not Divided;2 lanes;0;#NULL!;TRAILWOOD HILLS DR;Coarse Asphalt;#NULL!;T-Intersection;Motorist Failed to Yield - Sign-Controlled Intersection;Local Street;C: Possible Injury;Wake;23;Cloudy;#NULL!;0-5 mph;40 - 45  MPH;2013;Daylight;20-24
35.1996168764, -80.8415032397;"{""type"": ""Point"", ""coordinates"": [-80.84150323965618, 35.199616876442164]}";White;Charlotte;Bike Lane / Paved Shoulder;2;17;Urban (>70% Developed);Male;Passenger Car;0;#NULL!;0;0;White;No;0;50-59;Motorist Left Turn - Opposite Direction;None;No;No;Dry;0;Urban;No;04OCT2013;0;17:59;Male;No;Commercial;B: Evident Injury;Yes;O: No Injury;1523;October;0;Straight - Level;Piedmont;With Traffic;No Control Present;Friday;Non-Intersection;50;0;Two-Way, Divided, Unprotected Median;2 lanes;0;#NULL!;EAST BLVD;Coarse Asphalt;#NULL!;No Special Feature;Motorist Left Turn / Merge;Local Street;B: Evident Injury;Mecklenburg;70+;Clear;#NULL!;16-20 mph;30 - 35  MPH;2013;Daylight;70+
35.7836170785, -78.6883026244;"{""type"": ""Point"", ""coordinates"": [-78.6883026243626, 35.78361707848757]}";White;Raleigh;Travel Lane;2;18;Urban (>70% Developed);Female;Passenger Car;0;#NULL!;0;0;Black;No;0;25-29;Motorist Left Turn - Opposite Direction;None;No;No;Dry;0;Urban;No;30SEP2013;0;18:08;Male;No;Residential;C: Possible Injury;Yes;O: No Injury;1530;September;0;Straight - Bottom;Piedmont;With Traffic;Stop Sign;Monday;Intersection;29;0;Two-Way, Not Divided;2 lanes;0;#NULL!;SHERMAN AVE;Smooth Asphalt;#NULL!;Four-Way Intersection;Motorist Left Turn / Merge;Local Street;C: Possible Injury;Wake;37;Clear;#NULL!;11-15 mph;20 - 25  MPH;2013;Daylight;30-39
35.786987078, -78.7330026377;"{""type"": ""Point"", ""coordinates"": [-78.73300263769029, 35.78698707799258]}";Asian;Raleigh;Bike Lane / Paved Shoulder;3;7;Urban (>70% Developed);Female;Passenger Car;0;#NULL!;0;0;Black;No;0;25-29;Motorist Overtaking - Other / Unknown;None;No;No;Dry;0;Urban;No;04OCT2013;0;7:07;Female;No;Residential;B: Evident Injury;Yes;O: No Injury;1531;October;0;Straight - Hillcrest;Piedmont;With Traffic;No Control Present;Friday;Non-Intersection;29;0;Two-Way, Not Divided;2 lanes;0;#NULL!;HILLSBOROUGH ST;Smooth Asphalt;#NULL!;No Special Feature;Motorist Overtaking Bicyclist;NC Route;B: Evident Injury;Wake;23;Clear;#NULL!;41-45 mph;40 - 45  MPH;2013;Dawn;20-24
35.9398971433, -77.7935023601;"{""type"": ""Point"", ""coordinates"": [-77.7935023600911, 35.939897143349405]}";Black;Rocky Mount;Travel Lane;2;8;Urban (>70% Developed);Male;Passenger Car;0;#NULL!;0;0;Black;No;0;60-69;Motorist Overtaking - Other / Unknown;None;No;No;Dry;0;Urban;No;25SEP2013;0;8:01;Female;No;Commercial;C: Possible Injury;Yes;O: No Injury;1538;September;0;Straight - Level;Coastal;With Traffic;No Control Present;Wednesday;Intersection-Related;60;0;One-Way, Not Divided;2 lanes;0;#NULL!;HILL ST;Coarse Asphalt;#NULL!;No Special Feature;Motorist Overtaking Bicyclist;Local Street;C: Possible Injury;Edgecombe;19;Clear;#NULL!;6-10 mph;30 - 35  MPH;2013;Daylight;0-19