Geo Point;Geo Shape;BikeRace;City;BikePos;NumUnits;CrashHour;Locality;BikeSex;DrvrVehTyp;NumBikesNo;BikeAlcDrg;NumBikesBI;RteInvdCd;DrvrRace;Workzone;NumBikesCi;BikeAgeGrp;CrashType;RdDefects;CrashAlcoh;BikeAlcoho;RdConditio;DstncMiFrm;RuralUrban;HitRun;CrashDate;NumBikesUI;CrashTime;DrvrSex;DrvrAlcoho;Developmen;CrashSevr;AmbulanceR;DrvrInjury;OBJECTID;CrashMonth;NumBikesKi;RdCharacte;Region;BikeDir;TraffCntrl;CrashDay;CrashLoc;BikeAge;NumBikesTo;RdConfig;NumLanes;NumBikesAI;DrvrAlcDrg;OnRoad;RdSurface;Towrd_Rd;RdFeature;CrashGrp;RdClass;BikeInjury;County;DrvrAge;Weather;FrmRd;DrvrEstSpd;SpeedLimit;CrashYear;LightCond;DrvrAgeGrp
36.1250871235, -79.4619028771;"{""type"": ""Point"", ""coordinates"": [-79.46190287711245, 36.12508712352113]}";Black;None - Rural Crash;Travel Lane;2;7;Rural (<30% Developed);Male;Single Unit Truck (2-Axle, 6-Tire);0;#NULL!;0;0;White;No;0;11-15;Bicyclist Ride Through - Sign-Controlled Intersection;None;No;No;Dry;0;Rural;No;27SEP2013;0;7:49;Male;No;Farms, Woods, Pastures;C: Possible Injury;Yes;O: No Injury;1544;September;0;Straight - Level;Piedmont;With Traffic;Stop Sign;Friday;Intersection;15;0;Two-Way, Not Divided;2 lanes;0;#NULL!;SR 1530;Smooth Asphalt;#NULL!;T-Intersection;Bicyclist Failed to Yield - Sign-Controlled Intersection;State Secondary Route;C: Possible Injury;Alamance;53;Clear;#NULL!;41-45 mph;40 - 45  MPH;2013;Daylight;50-59
35.2102268761, -80.9093032604;"{""type"": ""Point"", ""coordinates"": [-80.90930326036343, 35.21022687610112]}";Black;Charlotte;Non-Roadway;2;17;Urban (>70% Developed);Male;Passenger Car;0;#NULL!;0;0;White;No;0;50-59;Non-Roadway;None;No;No;Dry;0;Urban;No;15OCT2013;0;17:08;Male;No;Commercial;C: Possible Injury;No;O: No Injury;1552;October;0;Straight - Level;Piedmont;Not Applicable;No Control Present;Tuesday;Non-Roadway;57;0;Two-Way, Not Divided;Unknown;0;#NULL!;PVA 2724 WEST BOULEVARD;Smooth Asphalt;#NULL!;No Special Feature;Non-Roadway;Public Vehicular Area;C: Possible Injury;Mecklenburg;49;Clear;#NULL!;6-10 mph;Unknown;2013;Daylight;40-49
35.7865670797, -78.6810026218;"{""type"": ""Point"", ""coordinates"": [-78.68100262177755, 35.7865670797109]}";White;Raleigh;Travel Lane;2;16;Urban (>70% Developed);Male;Sport Utility;0;#NULL!;0;0;Asian;No;0;25-29;Motorist Left Turn - Opposite Direction;None;No;No;Dry;0;Urban;No;20SEP2013;0;16:00;Male;No;Institutional;C: Possible Injury;No;O: No Injury;1574;September;0;Straight - Level;Piedmont;With Traffic;No Control Present;Friday;Intersection-Related;29;0;Two-Way, Divided, Unprotected Median;2 lanes;0;#NULL!;SULLIVAN DR;Smooth Asphalt;#NULL!;No Special Feature;Motorist Left Turn / Merge;Local Street;C: Possible Injury;Wake;20;Clear;#NULL!;6-10 mph;20 - 25  MPH;2013;Daylight;20-24
35.780727079, -78.6491026116;"{""type"": ""Point"", ""coordinates"": [-78.64910261155012, 35.78072707902594]}";White;Raleigh;Sidewalk / Crosswalk / Driveway Crossing;2;20;Urban (>70% Developed);Male;Unknown;0;#NULL!;0;0;Unknown/Missing;No;0;25-29;Motorist Drive Out - Right Turn on Red;None;No;No;Dry;0;Urban;Yes;16OCT2013;0;20:09;Unknown;Missing;Commercial;O: No Injury;No;Unknown Injury;1575;October;0;Straight - Level;Piedmont;Facing Traffic;Stop And Go Signal;Wednesday;Intersection;27;0;Two-Way, Not Divided;6 lanes;0;#NULL!;HILLSBOROUGH ST;Smooth Asphalt;#NULL!;Four-Way Intersection;Motorist Failed to Yield - Signalized Intersection;Local Street;O: No Injury;Wake;Unknown;Clear;#NULL!;6-10 mph;30 - 35  MPH;2013;Daylight;Unknown
35.6909570755, -78.2191024773;"{""type"": ""Point"", ""coordinates"": [-78.21910247727106, 35.69095707554305]}";Black;None - Rural Crash;Travel Lane;2;22;Rural (<30% Developed);Male;Sport Utility;0;#NULL!;0;0;Other;No;0;60-69;Motorist Overtaking - Undetected Bicyclist;None;No;No;Dry;0;Rural;No;23OCT2013;0;22:15;Male;No;Farms, Woods, Pastures;O: No Injury;No;O: No Injury;1579;October;0;Straight - Level;Coastal;With Traffic;No Control Present;Wednesday;Intersection-Related;63;0;Two-Way, Not Divided;2 lanes;0;#NULL!;NC 222;Coarse Asphalt;#NULL!;No Special Feature;Motorist Overtaking Bicyclist;NC Route;Unknown Injury;Johnston;18;Clear;#NULL!;51-55 mph;50 - 55  MPH;2013;Dark - Roadway Not Lighted;0-19
35.2466768845, -80.9014032606;"{""type"": ""Point"", ""coordinates"": [-80.90140326056736, 35.24667688446722]}";Hispanic;Charlotte;Sidewalk / Crosswalk / Driveway Crossing;2;14;Urban (>70% Developed);Male;Passenger Car;0;#NULL!;0;0;Black;No;0;25-29;Bicyclist Left Turn - Same Direction;None;No;No;Dry;0;Urban;No;26OCT2013;0;14:47;Female;No;Residential;B: Evident Injury;No;O: No Injury;1584;October;0;Straight - Level;Piedmont;With Traffic;No Control Present;Saturday;Non-Intersection;27;0;Two-Way, Not Divided;2 lanes;0;#NULL!;TUCKASEEGEE RD;Smooth Asphalt;#NULL!;No Special Feature;Bicyclist Left Turn / Merge;Local Street;B: Evident Injury;Mecklenburg;23;Clear;#NULL!;36-40 mph;30 - 35  MPH;2013;Daylight;20-24
34.2257067645, -77.9276023162;"{""type"": ""Point"", ""coordinates"": [-77.92760231616177, 34.22570676449211]}";Black;Wilmington;Sidewalk / Crosswalk / Driveway Crossing;2;14;Urban (>70% Developed);Male;Sport Utility;0;#NULL!;0;0;White;No;0;50-59;Bicyclist Ride Through - Signalized Intersection;None;No;No;Dry;0;Urban;No;27SEP2013;0;14:55;Female;No;Commercial;C: Possible Injury;Yes;O: No Injury;1587;September;0;Straight - Level;Coastal;Facing Traffic;Stop And Go Signal;Friday;Intersection;59;0;One-Way, Not Divided;7 lanes;0;#NULL!;S 16TH;Smooth Asphalt;#NULL!;Other;Bicyclist Failed to Yield - Signalized Intersection;Local Street;C: Possible Injury;New Hanover;48;Clear;#NULL!;0-5 mph;30 - 35  MPH;2013;Daylight;40-49
35.8426670957, -78.5610025882;"{""type"": ""Point"", ""coordinates"": [-78.56100258820243, 35.84266709566283]}";Other;Raleigh;Travel Lane;2;13;Urban (>70% Developed);Male;Van;0;#NULL!;0;0;Black;No;0;6-10;Bicyclist Ride Through - Sign-Controlled Intersection;None;No;No;Dry;0;Urban;No;26OCT2013;0;13:44;Male;No;Residential;B: Evident Injury;Yes;O: No Injury;1601;October;0;Straight - Level;Piedmont;With Traffic;Stop Sign;Saturday;Intersection;10;0;Two-Way, Not Divided;1 lane;0;#NULL!;JELYNN ST;Coarse Asphalt;#NULL!;T-Intersection;Bicyclist Failed to Yield - Sign-Controlled Intersection;Local Street;B: Evident Injury;Wake;36;Clear;#NULL!;16-20 mph;20 - 25  MPH;2013;Daylight;30-39
36.1021870907, -80.2288031069;"{""type"": ""Point"", ""coordinates"": [-80.22880310688079, 36.102187090736784]}";Black;Winston-Salem;Travel Lane;2;17;Urban (>70% Developed);Female;Unknown;0;#NULL!;0;0;Unknown/Missing;No;0;16-19;Motorist Drive Out - Right Turn on Red;None;No;No;Dry;0;Urban;Yes;18OCT2013;0;17:30;Unknown;Missing;Commercial;B: Evident Injury;No;Unknown Injury;1606;October;0;Straight - Level;Piedmont;With Traffic;Stop And Go Signal;Friday;Intersection;16;0;Two-Way, Divided, Unprotected Median;4 lanes;0;#NULL!;700 N MLK JR DR;Smooth Asphalt;#NULL!;Four-Way Intersection;Motorist Failed to Yield - Signalized Intersection;Local Street;B: Evident Injury;Forsyth;Unknown;Clear;#NULL!;0-5 mph;30 - 35  MPH;2013;Daylight;Unknown
35.5638669511, -80.9124032806;"{""type"": ""Point"", ""coordinates"": [-80.91240328056318, 35.5638669511045]}";White;None - Rural Crash;Bike Lane / Paved Shoulder;2;15;Mixed (30% To 70% Developed);Male;Passenger Car;0;#NULL!;0;0;White;No;0;50-59;Motorist Left Turn - Opposite Direction;None;No;No;Dry;0;Rural;No;10NOV2013;0;15:10;Female;No;Residential;B: Evident Injury;Yes;O: No Injury;1608;November;0;Straight - Level;Piedmont;With Traffic;Stop Sign;Sunday;Intersection;51;0;Two-Way, Divided, Unprotected Median;4 lanes;0;#NULL!;SR 1100;Smooth Asphalt;#NULL!;T-Intersection;Motorist Left Turn / Merge;State Secondary Route;B: Evident Injury;Iredell;46;Clear;#NULL!;41-45 mph;40 - 45  MPH;2013;Daylight;40-49
34.5414668504, -77.4332021809;"{""type"": ""Point"", ""coordinates"": [-77.43320218085813, 34.54146685042635]}";White;None - Rural Crash;Travel Lane;2;16;Mixed (30% To 70% Developed);Male;Pickup;0;#NULL!;0;0;White;No;0;30-39;Bicyclist Ride Through - Sign-Controlled Intersection;None;No;No;Dry;0;Rural;No;12NOV2013;0;16:01;Female;No;Commercial;C: Possible Injury;Yes;O: No Injury;1611;November;0;Straight - Level;Coastal;With Traffic;Stop Sign;Tuesday;Intersection;34;0;Two-Way, Not Divided;2 lanes;0;#NULL!;PVA RIDGEFIELD AVE;Coarse Asphalt;#NULL!;Driveway, Public;Bicyclist Failed to Yield - Sign-Controlled Intersection;Public Vehicular Area;C: Possible Injury;Onslow;49;Clear;#NULL!;16-20 mph;Unknown;2013;Daylight;40-49
36.0609870968, -79.8243029829;"{""type"": ""Point"", ""coordinates"": [-79.8243029828895, 36.06098709677122]}";White;Greensboro;Sidewalk / Crosswalk / Driveway Crossing;2;12;Urban (>70% Developed);Male;Passenger Car;0;#NULL!;0;0;White;No;0;20-24;Motorist Drive Out - Sign-Controlled Intersection;None;No;No;Dry;0;Urban;No;17NOV2013;0;12:28;Male;No;Commercial;B: Evident Injury;Yes;O: No Injury;1628;November;0;Straight - Level;Piedmont;With Traffic;Yield Sign;Sunday;Intersection;23;0;Two-Way, Divided, Positive Median Barrier;6 lanes;0;#NULL!;W LEE ST;Smooth Asphalt;#NULL!;Four-Way Intersection;Motorist Failed to Yield - Sign-Controlled Intersection;Local Street;B: Evident Injury;Guilford;70+;Cloudy;#NULL!;0-5 mph;30 - 35  MPH;2013;Daylight;70+
35.9187271019, -78.8495026804;"{""type"": ""Point"", ""coordinates"": [-78.84950268036184, 35.91872710189001]}";Black;Durham;Travel Lane;2;18;Urban (>70% Developed);Female;Sport Utility;0;#NULL!;0;0;Black;No;0;25-29;Motorist Overtaking - Undetected Bicyclist;None;No;No;Dry;0;Urban;No;17NOV2013;0;18:17;Female;No;Commercial;B: Evident Injury;Yes;O: No Injury;1629;November;0;Straight - Grade;Piedmont;With Traffic;No Control Present;Sunday;Intersection;29;0;Two-Way, Not Divided;4 lanes;0;#NULL!;S MIAMI BLVD;Coarse Asphalt;#NULL!;T-Intersection;Motorist Overtaking Bicyclist;Local Street;B: Evident Injury;Durham;39;Cloudy;#NULL!;41-45 mph;40 - 45  MPH;2013;Dark - Lighted Roadway;30-39
35.1205669901, -77.0696020984;"{""type"": ""Point"", ""coordinates"": [-77.06960209835586, 35.12056699010769]}";Asian;New Bern;Bike Lane / Paved Shoulder;2;15;Urban (>70% Developed);Male;Pickup;0;#NULL!;0;0;White;No;0;6-10;Bicyclist Right Turn - Same Direction;None;No;No;Dry;0;Urban;No;05NOV2013;0;15:51;Male;No;Residential;B: Evident Injury;Yes;O: No Injury;1644;November;0;Straight - Level;Coastal;Facing Traffic;No Control Present;Tuesday;Intersection-Related;8;0;Two-Way, Not Divided;2 lanes;0;#NULL!;SIMMIONS ST;Smooth Asphalt;#NULL!;No Special Feature;Bicyclist Right Turn / Merge;Local Street;B: Evident Injury;Craven;24;Clear;#NULL!;31-35 mph;30 - 35  MPH;2013;Daylight;20-24
36.4926271908, -79.743802983;"{""type"": ""Point"", ""coordinates"": [-79.74380298299249, 36.492627190753836]}";White;Eden;Travel Lane;2;17;Urban (>70% Developed);Male;Passenger Car;0;#NULL!;0;0;White;No;0;50-59;Bicyclist Ride Out - Signalized  Intersection;None;No;No;Dry;0;Urban;No;22NOV2013;0;17:05;Female;No;Commercial;C: Possible Injury;Yes;O: No Injury;1648;November;0;Straight - Level;Piedmont;With Traffic;Stop And Go Signal;Friday;Intersection;59;0;Two-Way, Not Divided;5 lanes;0;#NULL!;KINGS HIGHWAY;Smooth Asphalt;#NULL!;No Special Feature;Bicyclist Failed to Yield - Signalized Intersection;Local Street;C: Possible Injury;Rockingham;61;Clear;#NULL!;41-45 mph;40 - 45  MPH;2013;Dark - Lighted Roadway;60-69
35.9193970613, -79.9769030208;"{""type"": ""Point"", ""coordinates"": [-79.97690302084847, 35.91939706125727]}";White;High Point;Travel Lane;2;6;Urban (>70% Developed);Male;Unknown;0;#NULL!;0;0;Unknown/Missing;No;0;40-49;Motorist Left Turn - Opposite Direction;None;No;No;Dry;0;Urban;Yes;28OCT2013;0;6:00;Unknown;Missing;Commercial;C: Possible Injury;Yes;Unknown Injury;1656;October;0;Straight - Level;Piedmont;With Traffic;No Control Present;Monday;Intersection;46;0;Two-Way, Divided, Unprotected Median;2 lanes;0;#NULL!;S MAIN ST/GARNER PL;Smooth Asphalt;#NULL!;No Special Feature;Motorist Left Turn / Merge;Local Street;C: Possible Injury;Guilford;Unknown;Clear;#NULL!;Unknown;Unknown;2013;Dark - Lighted Roadway;Unknown
35.9117270925, -79.0622027443;"{""type"": ""Point"", ""coordinates"": [-79.06220274432316, 35.91172709250548]}";White;Chapel Hill;Travel Lane;2;19;Urban (>70% Developed);Male;Passenger Car;0;#NULL!;0;0;White;No;0;20-24;Motorist Left Turn - Opposite Direction;None;No;No;Dry;0;Urban;No;30OCT2013;0;19:00;Male;No;Commercial;B: Evident Injury;Yes;O: No Injury;1663;October;0;Straight - Level;Piedmont;With Traffic;No Control Present;Wednesday;Intersection-Related;24;0;Unknown;2 lanes;0;#NULL!;W ROSEMARY ST;Concrete;#NULL!;No Special Feature;Motorist Left Turn / Merge;Local Street;B: Evident Injury;Orange;23;Clear;#NULL!;0-5 mph;20 - 25  MPH;2013;Dark - Lighted Roadway;20-24
35.6537070584, -78.4731025515;"{""type"": ""Point"", ""coordinates"": [-78.47310255150866, 35.65370705838209]}";White;Clayton;Travel Lane;3;13;Urban (>70% Developed);Male;Sport Utility;0;#NULL!;0;0;White;No;0;16-19;Bicyclist Ride Out - Signalized  Intersection;None;No;No;Dry;0;Urban;No;23OCT2013;0;13:20;Female;No;Commercial;A: Disabling Injury;Yes;O: No Injury;1672;October;0;Straight - Level;Coastal;Facing Traffic;Stop And Go Signal;Wednesday;Intersection;19;0;Two-Way, Divided, Unprotected Median;9 or more lanes;0;#NULL!;US 70;Coarse Asphalt;#NULL!;No Special Feature;Bicyclist Failed to Yield - Signalized Intersection;US Route;A: Disabling Injury;Johnston;56;Clear;#NULL!;36-40 mph;40 - 45  MPH;2013;Daylight;50-59
35.9009970941, -78.9597027126;"{""type"": ""Point"", ""coordinates"": [-78.95970271263764, 35.90099709410332]}";Black;Durham;Sidewalk / Crosswalk / Driveway Crossing;2;14;Urban (>70% Developed);Male;Passenger Car;0;#NULL!;0;0;White;No;0;30-39;Bicyclist Ride Out - Signalized  Intersection;None;No;No;Dry;0;Urban;No;10DEC2013;0;14:10;Female;No;Residential;O: No Injury;No;O: No Injury;1676;December;0;Straight - Grade;Piedmont;Unknown;Stop And Go Signal;Tuesday;Intersection;31;0;Two-Way, Not Divided;6 lanes;0;#NULL!;NC 751;Smooth Asphalt;#NULL!;No Special Feature;Bicyclist Failed to Yield - Signalized Intersection;NC Route;O: No Injury;Durham;60;Clear;#NULL!;11-15 mph;30 - 35  MPH;2013;Daylight;60-69
35.5960570827, -77.4014022232;"{""type"": ""Point"", ""coordinates"": [-77.40140222318614, 35.5960570826535]}";White;Greenville;Travel Lane;2;13;Urban (>70% Developed);Male;Passenger Car;0;#NULL!;0;0;Black;No;0;50-59;Motorist Drive Out - Sign-Controlled Intersection;None;No;No;Dry;0;Urban;No;03OCT2013;0;13:08;Female;No;Residential;B: Evident Injury;Yes;O: No Injury;1682;October;0;Curve - Level;Coastal;Facing Traffic;No Control Present;Thursday;Intersection;54;0;Two-Way, Not Divided;4 lanes;0;#NULL!;US 13;Smooth Asphalt;#NULL!;T-Intersection;Motorist Failed to Yield - Sign-Controlled Intersection;US Route;B: Evident Injury;Pitt;29;Clear;#NULL!;16-20 mph;20 - 25  MPH;2013;Daylight;25-29
35.4500469277, -80.8901032683;"{""type"": ""Point"", ""coordinates"": [-80.89010326826293, 35.45004692765671]}";White;Cornelius;Travel Lane;2;14;Mixed (30% To 70% Developed);Male;Passenger Car;0;#NULL!;0;0;White;No;0;30-39;Motorist Left Turn - Opposite Direction;None;No;No;Dry;0;Urban;No;03NOV2013;0;14:15;Female;No;Commercial;B: Evident Injury;Yes;O: No Injury;1683;November;0;Straight - Level;Piedmont;With Traffic;No Control Present;Sunday;Intersection;30;0;Two-Way, Divided, Unprotected Median;4 lanes;0;#NULL!;WEST CATAWBA AVE;Coarse Asphalt;#NULL!;T-Intersection;Motorist Left Turn / Merge;Local Street;B: Evident Injury;Mecklenburg;44;Clear;#NULL!;11-15 mph;40 - 45  MPH;2013;Daylight;40-49
35.9159170606, -79.9781030204;"{""type"": ""Point"", ""coordinates"": [-79.97810302042332, 35.91591706055579]}";White;Archdale;Travel Lane;2;19;Urban (>70% Developed);Male;Pedalcycle;0;#NULL!;0;0;White;No;0;50-59;Motorist Left Turn - Opposite Direction;None;No;No;Dry;0;Urban;No;25OCT2013;0;19:58;Female;No;Residential;C: Possible Injury;Yes;O: No Injury;1698;October;0;Straight - Bottom;Piedmont;With Traffic;No Control Present;Friday;Intersection;51;0;Two-Way, Not Divided;2 lanes;0;#NULL!;ARCHDALE RD;Smooth Asphalt;#NULL!;T-Intersection;Motorist Left Turn / Merge;Local Street;C: Possible Injury;Randolph;28;Clear;#NULL!;Unknown;Unknown;2013;Dark - Lighted Roadway;25-29
34.8004469076, -77.4398021951;"{""type"": ""Point"", ""coordinates"": [-77.43980219505401, 34.80044690755327]}";Black;Jacksonville;Travel Lane;2;19;Urban (>70% Developed);Male;Unknown;0;#NULL!;0;0;Unknown/Missing;No;0;20-24;Motorist Overtaking - Other / Unknown;None;No;No;Dry;0;Urban;Yes;30NOV2013;0;19:40;Unknown;Missing;Commercial;C: Possible Injury;Yes;Unknown Injury;1702;November;0;Straight - Level;Coastal;With Traffic;No Control Present;Saturday;Non-Intersection;21;0;Two-Way, Divided, Unprotected Median;5 lanes;0;#NULL!;GUMBRANCH RD;Smooth Asphalt;#NULL!;No Special Feature;Motorist Overtaking Bicyclist;Local Street;C: Possible Injury;Onslow;Unknown;Clear;#NULL!;36-40 mph;40 - 45  MPH;2013;Dark - Lighted Roadway;Unknown
35.9902971167, -78.8591026867;"{""type"": ""Point"", ""coordinates"": [-78.85910268669856, 35.99029711665569]}";Black;Durham;Sidewalk / Crosswalk / Driveway Crossing;2;13;Urban (>70% Developed);Male;Pickup;0;#NULL!;0;0;Hispanic;No;0;11-15;Motorist Drive Out - Commercial Driveway / Alley;None;No;No;Wet;0;Urban;No;23DEC2013;0;13:47;Male;No;Commercial;C: Possible Injury;No;O: No Injury;1712;December;0;Straight - Level;Piedmont;Facing Traffic;No Control Present;Monday;Non-Intersection;14;0;Two-Way, Not Divided;2 lanes;0;#NULL!;PVA 2406 HOLLOWAY STREET;Smooth Asphalt;#NULL!;No Special Feature;Motorist Failed to Yield - Midblock;Public Vehicular Area;C: Possible Injury;Durham;36;Rain;#NULL!;0-5 mph;20 - 25  MPH;2013;Daylight;30-39
35.6461269054, -82.5684037768;"{""type"": ""Point"", ""coordinates"": [-82.56840377681706, 35.64612690542591]}";White;Asheville;Travel Lane;2;13;Urban (>70% Developed);Male;Van;0;#NULL!;0;0;White;No;0;40-49;Bicyclist Lost Control - Oversteering, Improper Braking, Speed;None;No;No;Wet;0;Urban;No;15NOV2013;0;13:39;Male;No;Residential;B: Evident Injury;Yes;O: No Injury;1714;November;0;Curve - Grade;Mountains;With Traffic;Stop Sign;Friday;Intersection;49;0;Two-Way, Not Divided;2 lanes;0;#NULL!;SENATOR REYNOLDS RD;Smooth Asphalt;#NULL!;T-Intersection;Loss of Control / Turning Error;Local Street;B: Evident Injury;Buncombe;33;Rain;#NULL!;11-15 mph;20 - 25  MPH;2013;Daylight;30-39
35.7765270789, -78.6266026048;"{""type"": ""Point"", ""coordinates"": [-78.62660260477963, 35.77652707888907]}";Black;Raleigh;Travel Lane;2;13;Urban (>70% Developed);Male;Passenger Car;0;#NULL!;0;0;Black;No;0;30-39;Motorist Lost Control - Other / Unknown;Obstruction In Roadway;Yes;No;Dry;0;Urban;No;31DEC2013;0;13:45;Male;Yes;Commercial;C: Possible Injury;Yes;O: No Injury;1722;December;0;Straight - Level;Piedmont;With Traffic;No Control Present;Tuesday;Intersection-Related;30;0;Two-Way, Not Divided;2 lanes;0;#NULL!;MARTIN ST;Smooth Asphalt;#NULL!;No Special Feature;Loss of Control / Turning Error;Local Street;C: Possible Injury;Wake;44;Clear;#NULL!;0-5 mph;30 - 35  MPH;2013;Daylight;40-49
34.1824367558, -77.894702304;"{""type"": ""Point"", ""coordinates"": [-77.8947023040183, 34.18243675581687]}";White;Wilmington;Travel Lane;2;12;Urban (>70% Developed);Male;Passenger Car;0;#NULL!;0;0;White;No;0;60-69;Bicyclist Overtaking - Parked Vehicle;None;No;No;Dry;0;Urban;No;21NOV2013;0;12:07;Male;No;Residential;C: Possible Injury;Yes;O: No Injury;1723;November;0;Curve - Level;Coastal;With Traffic;No Control Present;Thursday;Non-Intersection;64;0;Two-Way, Not Divided;2 lanes;0;#NULL!;ROBERT E LEE DR;Smooth Asphalt;#NULL!;No Special Feature;Bicyclist Overtaking Motorist;Local Street;C: Possible Injury;New Hanover;63;Clear;#NULL!;Unknown;20 - 25  MPH;2013;Daylight;60-69
35.9125070929, -79.0722027472;"{""type"": ""Point"", ""coordinates"": [-79.07220274717037, 35.912507092896284]}";Black;Carrboro;Sidewalk / Crosswalk / Driveway Crossing;2;8;Urban (>70% Developed);Male;Passenger Car;0;#NULL!;0;0;White;No;0;50-59;Motorist Drive Out - Commercial Driveway / Alley;None;No;No;Dry;0;Urban;No;13NOV2013;0;8:19;Male;No;Commercial;C: Possible Injury;Yes;O: No Injury;1725;November;0;Straight - Level;Piedmont;Facing Traffic;No Control Present;Wednesday;Non-Intersection;57;0;Two-Way, Not Divided;Unknown;0;#NULL!;PVA 310 N GREENSBORO ST;Smooth Asphalt;#NULL!;Driveway, Public;Motorist Failed to Yield - Midblock;Public Vehicular Area;C: Possible Injury;Orange;66;Clear;#NULL!;0-5 mph;Unknown;2013;Daylight;60-69
35.80160708, -78.7676026494;"{""type"": ""Point"", ""coordinates"": [-78.76760264944326, 35.801607079974545]}";White;Cary;Travel Lane;2;6;Urban (>70% Developed);Male;Sport Utility;0;#NULL!;0;0;White;No;0;30-39;Parallel Paths - Other / Unknown;None;No;No;Dry;0;Urban;No;22DEC2013;0;6:54;Female;No;Residential;O: No Injury;No;O: No Injury;1733;December;0;Straight - Level;Piedmont;With Traffic;Stop And Go Signal;Sunday;Intersection-Related;36;0;Two-Way, Not Divided;3 lanes;0;#NULL!;SR 1650;Smooth Asphalt;#NULL!;No Special Feature;Parallel Paths - Other Circumstances;State Secondary Route;O: No Injury;Wake;58;Clear;#NULL!;6-10 mph;30 - 35  MPH;2013;Daylight;50-59
34.207066761, -77.9248023147;"{""type"": ""Point"", ""coordinates"": [-77.92480231468168, 34.207066761034405]}";White;Wilmington;Travel Lane;2;14;Urban (>70% Developed);Male;Passenger Car;0;#NULL!;0;0;White;No;0;60-69;Motorist Drive Out - Sign-Controlled Intersection;None;No;No;Dry;0;Urban;No;18DEC2013;0;14:43;Female;No;Commercial;C: Possible Injury;Yes;O: No Injury;1737;December;0;Straight - Level;Coastal;Facing Traffic;Stop Sign;Wednesday;Intersection;60;0;Two-Way, Divided, Positive Median Barrier;6 lanes;0;#NULL!;DOCTORS CIR;Smooth Asphalt;#NULL!;No Special Feature;Motorist Failed to Yield - Sign-Controlled Intersection;Local Street;C: Possible Injury;New Hanover;28;Clear;#NULL!;6-10 mph;30 - 35  MPH;2013;Daylight;25-29
35.9456370654, -80.0049030298;"{""type"": ""Point"", ""coordinates"": [-80.00490302984103, 35.945637065416186]}";Hispanic;High Point;Travel Lane;2;6;Urban (>70% Developed);Male;Passenger Car;0;#NULL!;0;0;Black;No;0;50-59;Motorist Overtaking - Undetected Bicyclist;None;No;No;Dry;0;Urban;No;17DEC2013;0;6:56;Male;No;Residential;A: Disabling Injury;No;O: No Injury;1740;December;0;Straight - Level;Piedmont;With Traffic;No Control Present;Tuesday;Non-Intersection;59;0;Two-Way, Divided, Unprotected Median;4 lanes;0;#NULL!;S ELM ST;Smooth Asphalt;#NULL!;No Special Feature;Motorist Overtaking Bicyclist;Local Street;A: Disabling Injury;Guilford;39;Clear;#NULL!;36-40 mph;30 - 35  MPH;2013;Dark - Lighted Roadway;30-39
35.0878268519, -80.8481032361;"{""type"": ""Point"", ""coordinates"": [-80.8481032361368, 35.08782685188387]}";Hispanic;Charlotte;Sidewalk / Crosswalk / Driveway Crossing;2;17;Urban (>70% Developed);Female;Light Truck (Mini-Van, Panel);0;#NULL!;0;0;White;No;0;40-49;Motorist Drive Out - Sign-Controlled Intersection;None;No;No;Dry;0;Urban;No;02JAN2012;0;17:23;Female;No;Commercial;C: Possible Injury;Yes;O: No Injury;1748;January;0;Straight - Level;Piedmont;Facing Traffic;Stop Sign;Monday;Intersection;48;0;Two-Way, Not Divided;2 lanes;0;#NULL!;#NULL!;Smooth Asphalt;#NULL!;No Special Feature;Motorist Failed to Yield - Sign-Controlled Intersection;Local Street;C: Possible Injury;Mecklenburg;55;Clear;#NULL!;0-5 mph;20 - 25  MPH;2012;Dusk;50-59
36.4345072899, -76.6110020245;"{""type"": ""Point"", ""coordinates"": [-76.61100202449775, 36.43450728988749]}";Black;None - Rural Crash;Travel Lane;2;14;Rural (<30% Developed);Male;Pickup;0;#NULL!;0;0;White;No;0;40-49;Motorist Overtaking - Misjudged Space;None;No;No;Dry;0;Rural;No;06JAN2012;0;14:00;Male;No;Farms, Woods, Pastures;C: Possible Injury;Yes;O: No Injury;1754;January;0;Curve - Hillcrest;Coastal;With Traffic;Double Yellow Line, No Passing Zone;Friday;Non-Intersection;48;0;Two-Way, Not Divided;2 lanes;0;#NULL!;#NULL!;Coarse Asphalt;#NULL!;No Special Feature;Motorist Overtaking Bicyclist;NC Route;C: Possible Injury;Gates;70+;Clear;#NULL!;31-35 mph;50 - 55  MPH;2012;Daylight;70+
35.9549370709, -79.9211030062;"{""type"": ""Point"", ""coordinates"": [-79.92110300617743, 35.95493707089059]}";White;None - Rural Crash;Travel Lane;2;18;Rural (<30% Developed);Male;Passenger Car;0;#NULL!;0;0;White;No;0;50-59;Motorist Drive Out - Sign-Controlled Intersection;None;No;No;Dry;0;Rural;No;10JAN2012;0;18:47;Female;No;Residential;C: Possible Injury;Yes;O: No Injury;1757;January;0;Straight - Level;Piedmont;With Traffic;Stop Sign;Tuesday;Intersection;57;0;Two-Way, Not Divided;2 lanes;0;#NULL!;#NULL!;Smooth Asphalt;#NULL!;Four-Way Intersection;Motorist Failed to Yield - Sign-Controlled Intersection;State Secondary Route;C: Possible Injury;Guilford;39;Clear;#NULL!;11-15 mph;40 - 45  MPH;2012;Dark - Roadway Not Lighted;30-39