Geo Point;Geo Shape;BikeRace;City;BikePos;NumUnits;CrashHour;Locality;BikeSex;DrvrVehTyp;NumBikesNo;BikeAlcDrg;NumBikesBI;RteInvdCd;DrvrRace;Workzone;NumBikesCi;BikeAgeGrp;CrashType;RdDefects;CrashAlcoh;BikeAlcoho;RdConditio;DstncMiFrm;RuralUrban;HitRun;CrashDate;NumBikesUI;CrashTime;DrvrSex;DrvrAlcoho;Developmen;CrashSevr;AmbulanceR;DrvrInjury;OBJECTID;CrashMonth;NumBikesKi;RdCharacte;Region;BikeDir;TraffCntrl;CrashDay;CrashLoc;BikeAge;NumBikesTo;RdConfig;NumLanes;NumBikesAI;DrvrAlcDrg;OnRoad;RdSurface;Towrd_Rd;RdFeature;CrashGrp;RdClass;BikeInjury;County;DrvrAge;Weather;FrmRd;DrvrEstSpd;SpeedLimit;CrashYear;LightCond;DrvrAgeGrp
35.6988870589, -78.7363026338;"{""type"": ""Point"", ""coordinates"": [-78.73630263379931, 35.698887058879535]}";White;None - Rural Crash;Travel Lane;2;15;Rural (<30% Developed);Male;Pickup;0;#NULL!;0;0;Unknown/Missing;No;0;60-69;Motorist Right Turn - Same Direction;None;No;No;Dry;0;Rural;Yes;01FEB2012;0;15:07;Unknown;No;Farms, Woods, Pastures;B: Evident Injury;Yes;Unknown Injury;1775;February;0;Straight - Grade;Piedmont;With Traffic;Stop Sign;Wednesday;Intersection;60;0;Two-Way, Not Divided;4 lanes;0;#NULL!;#NULL!;Coarse Asphalt;#NULL!;T-Intersection;Motorist Right Turn / Merge;State Secondary Route;B: Evident Injury;Wake;Unknown;Clear;#NULL!;6-10 mph;40 - 45  MPH;2012;Daylight;Unknown
35.2268468575, -81.5122034414;"{""type"": ""Point"", ""coordinates"": [-81.51220344142092, 35.2268468575024]}";Black;Patterson Springs;Travel Lane;2;21;Mixed (30% To 70% Developed);Female;Passenger Car;0;#NULL!;0;0;White;No;0;40-49;Motorist Overtaking - Other / Unknown;None;Yes;Yes;Dry;0;Rural;No;13FEB2012;0;21:53;Female;No;Residential;C: Possible Injury;Yes;O: No Injury;1786;February;0;Straight - Level;Mountains;With Traffic;Double Yellow Line, No Passing Zone;Monday;Non-Intersection;46;0;Two-Way, Not Divided;2 lanes;0;#NULL!;#NULL!;Smooth Asphalt;#NULL!;No Special Feature;Motorist Overtaking Bicyclist;NC Route;C: Possible Injury;Cleveland;37;Clear;#NULL!;41-45 mph;40 - 45  MPH;2012;Dark - Roadway Not Lighted;30-39
34.3316267627, -78.7079025563;"{""type"": ""Point"", ""coordinates"": [-78.70790255631279, 34.331626762738345]}";Black;Whiteville;Travel Lane;2;18;Urban (>70% Developed);Male;Pickup;0;#NULL!;0;0;White;No;0;20-24;Motorist Overtaking - Other / Unknown;None;No;No;Dry;0;Urban;No;07FEB2012;0;18:31;Male;No;Commercial;B: Evident Injury;Yes;O: No Injury;1797;February;0;Straight - Level;Coastal;With Traffic;No Control Present;Tuesday;Intersection-Related;23;0;Two-Way, Not Divided;5 lanes;0;#NULL!;#NULL!;Smooth Asphalt;#NULL!;No Special Feature;Motorist Overtaking Bicyclist;Local Street;B: Evident Injury;Columbus;70+;Clear;#NULL!;26-30 mph;40 - 45  MPH;2012;Dark - Unknown Lighting;70+
36.0098671191, -78.9196027065;"{""type"": ""Point"", ""coordinates"": [-78.91960270647316, 36.00986711909173]}";White;Durham;Sidewalk / Crosswalk / Driveway Crossing;2;17;Urban (>70% Developed);Female;Passenger Car;0;#NULL!;0;0;Other;No;0;20-24;Motorist Left Turn - Opposite Direction;None;No;No;Dry;0;Urban;No;26FEB2012;0;17:35;Female;No;Commercial;C: Possible Injury;Yes;O: No Injury;1799;February;0;Straight - Level;Piedmont;With Traffic;Stop And Go Signal;Sunday;Intersection;24;0;Two-Way, Not Divided;3 lanes;0;#NULL!;#NULL!;Smooth Asphalt;#NULL!;No Special Feature;Motorist Left Turn / Merge;Local Street;C: Possible Injury;Durham;59;Clear;#NULL!;0-5 mph;20 - 25  MPH;2012;Daylight;50-59
36.171227116, -79.923403019;"{""type"": ""Point"", ""coordinates"": [-79.92340301897981, 36.171227116046474]}";White;Summerfield;Travel Lane;2;17;Rural (<30% Developed);Male;Unknown;0;#NULL!;0;0;Unknown/Missing;No;0;60-69;Motorist Overtaking - Misjudged Space;None;No;No;Dry;0;Urban;Yes;27FEB2012;0;17:45;Unknown;Missing;Farms, Woods, Pastures;C: Possible Injury;No;Unknown Injury;1800;February;0;Straight - Grade;Piedmont;With Traffic;Double Yellow Line, No Passing Zone;Monday;Non-Intersection;64;0;Two-Way, Not Divided;2 lanes;0;#NULL!;#NULL!;Smooth Asphalt;#NULL!;No Special Feature;Motorist Overtaking Bicyclist;State Secondary Route;C: Possible Injury;Guilford;Unknown;Clear;#NULL!;41-45 mph;40 - 45  MPH;2012;Daylight;Unknown
34.7964069066, -77.4378021947;"{""type"": ""Point"", ""coordinates"": [-77.43780219467043, 34.7964069065513]}";Black;Jacksonville;Travel Lane;2;16;Urban (>70% Developed);Male;Passenger Car;0;#NULL!;0;0;White;No;0;50-59;Bicyclist Failed to Clear - Trapped;None;No;No;Dry;0;Urban;No;07FEB2012;0;16:09;Female;No;Residential;B: Evident Injury;Yes;O: No Injury;1803;February;0;Straight - Level;Coastal;With Traffic;Stop And Go Signal;Tuesday;Intersection;55;0;Two-Way, Divided, Unprotected Median;4 lanes;0;#NULL!;#NULL!;Smooth Asphalt;#NULL!;No Special Feature;Bicyclist Failed to Yield - Signalized Intersection;Local Street;B: Evident Injury;Onslow;55;Clear;#NULL!;0-5 mph;30 - 35  MPH;2012;Daylight;50-59
35.4650169932, -79.1629027504;"{""type"": ""Point"", ""coordinates"": [-79.16290275040554, 35.46501699317339]}";White;Sanford;Travel Lane;2;18;Mixed (30% To 70% Developed);Male;Van;0;#NULL!;0;0;White;No;0;40-49;Motorist Left Turn - Opposite Direction;None;No;No;Dry;0;Urban;No;08FEB2012;0;18:43;Male;No;Residential;B: Evident Injury;Yes;O: No Injury;1804;February;0;Straight - Level;Piedmont;With Traffic;Stop Sign;Wednesday;Intersection;40;0;One-Way, Not Divided;2 lanes;0;#NULL!;#NULL!;Smooth Asphalt;#NULL!;No Special Feature;Motorist Left Turn / Merge;Local Street;B: Evident Injury;Lee;29;Clear;#NULL!;0-5 mph;30 - 35  MPH;2012;Dark - Roadway Not Lighted;25-29
35.2519868888, -80.8104032335;"{""type"": ""Point"", ""coordinates"": [-80.81040323352421, 35.251986888756704]}";Black;Charlotte;Travel Lane;2;10;Urban (>70% Developed);Male;Truck/Tractor;0;#NULL!;0;0;Black;No;0;25-29;Signalized Intersection - Other / Unknown;None;No;No;Wet;0;Urban;No;27FEB2012;0;10:41;Male;No;Commercial;C: Possible Injury;Yes;O: No Injury;1805;February;0;Straight - Level;Piedmont;Facing Traffic;Stop And Go Signal;Monday;Intersection;25;0;Two-Way, Not Divided;4 lanes;0;#NULL!;#NULL!;Smooth Asphalt;#NULL!;T-Intersection;Crossing Paths - Other Circumstances;Local Street;C: Possible Injury;Mecklenburg;50;Rain;#NULL!;0-5 mph;30 - 35  MPH;2012;Daylight;50-59
35.9117170925, -79.0593027432;"{""type"": ""Point"", ""coordinates"": [-79.05930274316086, 35.91171709249586]}";White;Chapel Hill;Travel Lane;2;16;Urban (>70% Developed);Male;Passenger Car;0;#NULL!;0;0;White;No;0;20-24;Motorist Left Turn - Opposite Direction;None;No;No;Dry;0;Urban;No;15FEB2012;0;16:23;Female;No;Commercial;B: Evident Injury;Yes;O: No Injury;1813;February;0;Straight - Grade;Piedmont;With Traffic;No Control Present;Wednesday;Non-Intersection;24;0;Two-Way, Not Divided;4 lanes;0;#NULL!;#NULL!;Smooth Asphalt;#NULL!;No Special Feature;Motorist Left Turn / Merge;Local Street;B: Evident Injury;Orange;22;Clear;#NULL!;6-10 mph;20 - 25  MPH;2012;Daylight;20-24
35.9620871469, -77.8279023716;"{""type"": ""Point"", ""coordinates"": [-77.82790237155882, 35.96208714693584]}";White;Rocky Mount;Sidewalk / Crosswalk / Driveway Crossing;2;20;Urban (>70% Developed);Male;Passenger Car;0;#NULL!;0;0;Black;No;0;20-24;Bicyclist Ride Out - Parallel Path;None;No;No;Wet;0;Urban;No;16FEB2012;0;20:44;Male;No;Commercial;B: Evident Injury;Yes;O: No Injury;1831;February;0;Straight - Level;Coastal;With Traffic;No Control Present;Thursday;Intersection-Related;21;0;Two-Way, Divided, Unprotected Median;4 lanes;0;#NULL!;#NULL!;Coarse Asphalt;#NULL!;Four-Way Intersection;Parallel Paths - Other Circumstances;Local Street;B: Evident Injury;Nash;19;Rain;#NULL!;41-45 mph;40 - 45  MPH;2012;Dark - Lighted Roadway;0-19
35.0936169209, -78.9542026685;"{""type"": ""Point"", ""coordinates"": [-78.95420266851147, 35.09361692094916]}";Black;Fayetteville;Travel Lane;2;11;Urban (>70% Developed);Female;Pickup;0;#NULL!;0;0;White;No;0;30-39;Motorist Drive Out - Sign-Controlled Intersection;None;No;No;Dry;0;Urban;No;29FEB2012;0;11:34;Female;No;Residential;B: Evident Injury;No;O: No Injury;1837;February;0;Straight - Level;Coastal;Facing Traffic;Stop Sign;Wednesday;Intersection;30;0;Two-Way, Not Divided;4 lanes;0;#NULL!;#NULL!;Coarse Asphalt;#NULL!;No Special Feature;Motorist Failed to Yield - Sign-Controlled Intersection;Local Street;B: Evident Injury;Cumberland;27;Clear;#NULL!;Unknown;30 - 35  MPH;2012;Daylight;25-29
35.8439070364, -80.2121030865;"{""type"": ""Point"", ""coordinates"": [-80.2121030865085, 35.84390703637404]}";White;None - Rural Crash;Bike Lane / Paved Shoulder;3;15;Rural (<30% Developed);Male;Pickup;0;#NULL!;0;0;White;No;0;30-39;Motorist Lost Control - Other / Unknown;None;Yes;No;Dry;0;Rural;No;13MAR2012;0;15:00;Male;Yes;Farms, Woods, Pastures;K: Killed;Yes;O: No Injury;1841;March;0;Straight - Level;Piedmont;With Traffic;No Control Present;Tuesday;Non-Intersection;30;0;Two-Way, Divided, Unprotected Median;4 lanes;0;#NULL!;#NULL!;Smooth Asphalt;#NULL!;No Special Feature;Loss of Control / Turning Error;US Route;K: Killed;Davidson;29;Clear;#NULL!;51-55 mph;50 - 55  MPH;2012;Daylight;25-29
36.0165271192, -78.9364027115;"{""type"": ""Point"", ""coordinates"": [-78.93640271149393, 36.01652711917893]}";White;Durham;Travel Lane;2;20;Urban (>70% Developed);Male;Passenger Car;0;#NULL!;0;0;Unknown/Missing;No;0;30-39;Motorist Left Turn - Opposite Direction;None;No;No;Dry;0;Urban;Yes;18MAR2012;0;20:59;Unknown;Missing;Residential;B: Evident Injury;Yes;Unknown Injury;1842;March;0;Straight - Level;Piedmont;With Traffic;Stop And Go Signal;Sunday;Intersection;30;0;Two-Way, Not Divided;4 lanes;0;#NULL!;#NULL!;Smooth Asphalt;#NULL!;No Special Feature;Motorist Left Turn / Merge;Local Street;B: Evident Injury;Durham;Unknown;Clear;#NULL!;6-10 mph;30 - 35  MPH;2012;Dark - Lighted Roadway;Unknown
35.902427105, -78.6628026227;"{""type"": ""Point"", ""coordinates"": [-78.66280262271056, 35.90242710497205]}";White;Raleigh;Travel Lane;2;16;Urban (>70% Developed);Male;Sport Utility;0;#NULL!;0;0;White;No;0;11-15;Bicyclist Ride Through - Signalized Intersection;None;No;No;Dry;0;Urban;No;15MAR2012;0;16:18;Male;No;Residential;B: Evident Injury;Yes;O: No Injury;1845;March;0;Straight - Grade;Piedmont;Facing Traffic;Stop And Go Signal;Thursday;Intersection;14;0;Two-Way, Not Divided;5 lanes;0;#NULL!;#NULL!;Smooth Asphalt;#NULL!;No Special Feature;Bicyclist Failed to Yield - Signalized Intersection;Local Street;B: Evident Injury;Wake;55;Clear;#NULL!;0-5 mph;40 - 45  MPH;2012;Daylight;50-59
34.2397267674, -77.9354023191;"{""type"": ""Point"", ""coordinates"": [-77.93540231914683, 34.239726767385115]}";Black;Wilmington;Travel Lane;2;13;Urban (>70% Developed);Male;Pickup;0;#NULL!;0;0;Unknown/Missing;No;0;60-69;Bicyclist Lost Control - Mechanical Problems;None;No;No;Dry;0;Urban;No;01MAR2012;0;13:32;Unknown;Missing;Residential;B: Evident Injury;Yes;Unknown Injury;1846;March;0;Straight - Grade;Coastal;With Traffic;No Control Present;Thursday;Non-Intersection;68;0;One-Way, Not Divided;1 lane;0;#NULL!;#NULL!;Smooth Asphalt;#NULL!;No Special Feature;Loss of Control / Turning Error;Local Street;B: Evident Injury;New Hanover;Unknown;Clear;#NULL!;Unknown;20 - 25  MPH;2012;Daylight;Unknown
36.1257671388, -79.0369027484;"{""type"": ""Point"", ""coordinates"": [-79.03690274835387, 36.1257671388222]}";White;None - Rural Crash;Travel Lane;2;14;Rural (<30% Developed);Male;Unknown;0;#NULL!;0;0;Unknown/Missing;No;0;50-59;Motorist Overtaking - Misjudged Space;None;No;No;Dry;0;Rural;Yes;26FEB2012;0;14:44;Unknown;Missing;Farms, Woods, Pastures;A: Disabling Injury;Yes;Unknown Injury;1849;February;0;Straight - Level;Piedmont;With Traffic;No Control Present;Sunday;Non-Intersection;53;0;Two-Way, Not Divided;2 lanes;0;#NULL!;#NULL!;Coarse Asphalt;#NULL!;No Special Feature;Motorist Overtaking Bicyclist;State Secondary Route;A: Disabling Injury;Orange;Unknown;Clear;#NULL!;51-55 mph;50 - 55  MPH;2012;Daylight;Unknown
36.2267272421, -76.7015020416;"{""type"": ""Point"", ""coordinates"": [-76.70150204155877, 36.22672724208321]}";White;None - Rural Crash;Travel Lane;2;14;Mixed (30% To 70% Developed);Male;Passenger Car;0;#NULL!;0;0;White;No;0;50-59;Bicyclist Ride Through - Sign-Controlled Intersection;None;No;No;Dry;0;Rural;No;01MAR2012;0;14:00;Male;No;Residential;C: Possible Injury;No;O: No Injury;1851;March;0;Straight - Level;Coastal;With Traffic;Stop Sign;Thursday;Intersection;57;0;Two-Way, Not Divided;2 lanes;0;#NULL!;#NULL!;Smooth Asphalt;#NULL!;T-Intersection;Bicyclist Failed to Yield - Sign-Controlled Intersection;State Secondary Route;C: Possible Injury;Chowan;67;Clear;#NULL!;11-15 mph;20 - 25  MPH;2012;Daylight;60-69
35.1869869714, -78.0769024078;"{""type"": ""Point"", ""coordinates"": [-78.07690240781388, 35.18698697141251]}";Black;Mount Olive;Bike Lane / Paved Shoulder;2;10;Mixed (30% To 70% Developed);Male;Passenger Car;0;#NULL!;0;0;Black;No;0;40-49;Motorist Lost Control - Other / Unknown;None;No;No;Dry;0;Rural;No;29FEB2012;0;10:00;Female;No;Residential;C: Possible Injury;Yes;O: No Injury;1854;February;0;Straight - Level;Coastal;With Traffic;Double Yellow Line, No Passing Zone;Wednesday;Intersection;45;0;Two-Way, Not Divided;2 lanes;0;#NULL!;#NULL!;Smooth Asphalt;#NULL!;No Special Feature;Loss of Control / Turning Error;US Route;C: Possible Injury;Wayne;54;Clear;#NULL!;36-40 mph;30 - 35  MPH;2012;Daylight;50-59
35.6078370456, -78.5629025769;"{""type"": ""Point"", ""coordinates"": [-78.56290257694175, 35.60783704556869]}";White;None - Rural Crash;Travel Lane;2;5;Urban (>70% Developed);Male;Passenger Car;0;#NULL!;0;0;White;No;0;50-59;Motorist Left Turn - Opposite Direction;None;No;No;Dry;0;Rural;No;27MAR2012;0;5:35;Male;No;Commercial;C: Possible Injury;No;O: No Injury;1870;March;0;Straight - Level;Coastal;With Traffic;Stop And Go Signal;Tuesday;Intersection;55;0;Two-Way, Not Divided;5 lanes;0;#NULL!;#NULL!;Coarse Asphalt;#NULL!;Four-Way Intersection;Motorist Left Turn / Merge;NC Route;C: Possible Injury;Johnston;49;Cloudy;#NULL!;11-15 mph;30 - 35  MPH;2012;Dark - Lighted Roadway;40-49
35.1869768739, -80.8331032368;"{""type"": ""Point"", ""coordinates"": [-80.83310323680001, 35.18697687391451]}";White;Charlotte;Travel Lane;2;13;Urban (>70% Developed);Male;Passenger Car;0;#NULL!;0;0;White;No;0;30-39;Motorist Drive Out - Sign-Controlled Intersection;None;No;Missing;Dry;0;Urban;No;25MAR2012;0;13:50;Female;No;Residential;B: Evident Injury;Yes;O: No Injury;1872;March;0;Straight - Level;Piedmont;With Traffic;Stop Sign;Sunday;Intersection;30;0;Two-Way, Not Divided;2 lanes;0;#NULL!;#NULL!;Smooth Asphalt;#NULL!;Four-Way Intersection;Motorist Failed to Yield - Sign-Controlled Intersection;Local Street;B: Evident Injury;Mecklenburg;60;Cloudy;#NULL!;Unknown;20 - 25  MPH;2012;Daylight;60-69
35.305796978, -78.6187025783;"{""type"": ""Point"", ""coordinates"": [-78.61870257832973, 35.30579697801827]}";Black;Dunn;Travel Lane;2;15;Urban (>70% Developed);Male;Passenger Car;0;#NULL!;0;0;Native American;No;0;6-10;Bicyclist Ride Through - Sign-Controlled Intersection;None;No;No;Dry;0;Urban;No;18MAR2012;0;15:21;Female;No;Residential;K: Killed;Yes;O: No Injury;1873;March;0;Straight - Level;Coastal;Facing Traffic;Stop Sign;Sunday;Intersection;8;0;Two-Way, Not Divided;2 lanes;0;#NULL!;#NULL!;Coarse Asphalt;#NULL!;Four-Way Intersection;Bicyclist Failed to Yield - Sign-Controlled Intersection;Local Street;K: Killed;Harnett;18;Cloudy;#NULL!;31-35 mph;30 - 35  MPH;2012;Daylight;0-19
35.9321171423, -77.7745023542;"{""type"": ""Point"", ""coordinates"": [-77.77450235419003, 35.932117142287666]}";Black;Rocky Mount;Travel Lane;2;16;Urban (>70% Developed);Male;Passenger Car;0;#NULL!;0;0;Black;No;0;50-59;Motorist Left Turn - Opposite Direction;None;No;No;Dry;0;Urban;No;10MAR2012;0;16:01;Female;No;Commercial;B: Evident Injury;Yes;O: No Injury;1884;March;0;Straight - Level;Coastal;With Traffic;No Control Present;Saturday;Intersection;51;0;Two-Way, Not Divided;5 lanes;0;#NULL!;#NULL!;Smooth Asphalt;#NULL!;Four-Way Intersection;Motorist Left Turn / Merge;Local Street;B: Evident Injury;Edgecombe;30;Clear;#NULL!;16-20 mph;30 - 35  MPH;2012;Daylight;30-39
36.0482370976, -79.7189029496;"{""type"": ""Point"", ""coordinates"": [-79.71890294960137, 36.04823709756519]}";Black;None - Rural Crash;Travel Lane;2;12;Rural (<30% Developed);Male;Passenger Car;0;#NULL!;0;0;Black;No;0;20-24;Bicyclist Left Turn - Same Direction;None;No;No;Dry;0;Rural;No;07APR2012;0;12:58;Male;No;Residential;C: Possible Injury;Yes;O: No Injury;1887;April;0;Straight - Grade;Piedmont;With Traffic;Double Yellow Line, No Passing Zone;Saturday;Non-Intersection;23;0;Two-Way, Not Divided;2 lanes;0;#NULL!;#NULL!;Smooth Asphalt;#NULL!;No Special Feature;Bicyclist Left Turn / Merge;State Secondary Route;C: Possible Injury;Guilford;39;Clear;#NULL!;41-45 mph;40 - 45  MPH;2012;Daylight;30-39
35.9560971444, -77.8720023855;"{""type"": ""Point"", ""coordinates"": [-77.87200238552754, 35.95609714443371]}";Black;Rocky Mount;Travel Lane;2;7;Urban (>70% Developed);Male;Van;0;#NULL!;0;0;Hispanic;No;0;50-59;Motorist Overtaking - Misjudged Space;None;No;No;Dry;0;Urban;No;06MAR2012;0;7:54;Male;No;Residential;B: Evident Injury;Yes;O: No Injury;1889;March;0;Straight - Level;Coastal;With Traffic;No Control Present;Tuesday;Intersection-Related;54;0;Two-Way, Not Divided;2 lanes;0;#NULL!;#NULL!;Coarse Asphalt;#NULL!;No Special Feature;Motorist Overtaking Bicyclist;Local Street;B: Evident Injury;Nash;27;Clear;#NULL!;6-10 mph;40 - 45  MPH;2012;Daylight;25-29
34.2268767653, -77.9157023125;"{""type"": ""Point"", ""coordinates"": [-77.915702312508, 34.22687676525036]}";Black;Wilmington;Travel Lane;2;10;Urban (>70% Developed);Male;Passenger Car;0;#NULL!;0;0;Black;No;0;20-24;Bicyclist Ride Out - Other Midblock;None;No;No;Dry;0;Urban;No;19MAR2012;0;10:52;Male;No;Commercial;B: Evident Injury;Yes;O: No Injury;1891;March;0;Straight - Level;Coastal;Not Applicable;No Control Present;Monday;Non-Intersection;22;0;Two-Way, Divided, Unprotected Median;4 lanes;0;#NULL!;#NULL!;Smooth Asphalt;#NULL!;No Special Feature;Bicyclist Failed to Yield - Midblock;Local Street;B: Evident Injury;New Hanover;62;Clear;#NULL!;31-35 mph;30 - 35  MPH;2012;Daylight;60-69
35.5465570841, -77.032702108;"{""type"": ""Point"", ""coordinates"": [-77.03270210798159, 35.54655708406278]}";Black;Washington;Sidewalk / Crosswalk / Driveway Crossing;2;8;Urban (>70% Developed);Male;Passenger Car;0;#NULL!;0;0;Black;No;0;40-49;Motorist Drive Out - Commercial Driveway / Alley;None;No;No;Wet;0;Urban;No;16MAR2012;0;8:24;Female;No;Commercial;C: Possible Injury;Yes;O: No Injury;1895;March;0;Straight - Level;Coastal;Facing Traffic;No Control Present;Friday;Non-Intersection;47;0;Two-Way, Not Divided;5 lanes;0;#NULL!;#NULL!;Coarse Asphalt;#NULL!;No Special Feature;Motorist Failed to Yield - Midblock;US Route;C: Possible Injury;Beaufort;26;Cloudy;#NULL!;0-5 mph;Unknown;2012;Daylight;25-29
35.980647152, -77.8088023669;"{""type"": ""Point"", ""coordinates"": [-77.8088023669069, 35.980647152019564]}";Black;Rocky Mount;Travel Lane;2;5;Urban (>70% Developed);Male;Pickup;0;#NULL!;0;0;White;No;0;50-59;Bicyclist Failed to Clear - Trapped;None;No;No;Dry;0;Urban;No;16MAR2012;0;5:46;Male;No;Commercial;C: Possible Injury;No;O: No Injury;1896;March;0;Straight - Level;Coastal;With Traffic;Stop And Go Signal;Friday;Intersection;50;0;Two-Way, Not Divided;2 lanes;0;#NULL!;#NULL!;Smooth Asphalt;#NULL!;Four-Way Intersection;Bicyclist Failed to Yield - Signalized Intersection;Local Street;C: Possible Injury;Nash;59;Clear;#NULL!;0-5 mph;40 - 45  MPH;2012;Dark - Lighted Roadway;50-59
35.4177169316, -80.60150318;"{""type"": ""Point"", ""coordinates"": [-80.60150317995836, 35.41771693158814]}";White;Concord;Sidewalk / Crosswalk / Driveway Crossing;2;17;Urban (>70% Developed);Female;Passenger Car;0;#NULL!;0;0;White;No;0;6-10;Bicyclist Lost Control - Mechanical Problems;None;No;No;Dry;0;Urban;No;20MAR2012;0;17:06;Male;No;Residential;B: Evident Injury;No;O: No Injury;1897;March;0;Straight - Level;Piedmont;Facing Traffic;Stop Sign;Tuesday;Intersection;9;0;Two-Way, Not Divided;2 lanes;0;#NULL!;#NULL!;Smooth Asphalt;#NULL!;T-Intersection;Loss of Control / Turning Error;Local Street;B: Evident Injury;Cabarrus;40;Clear;#NULL!;0-5 mph;30 - 35  MPH;2012;Daylight;40-49
35.8097770846, -78.6775026224;"{""type"": ""Point"", ""coordinates"": [-78.67750262243743, 35.80977708462298]}";White;Raleigh;Driveway / Alley;2;10;Urban (>70% Developed);Male;Sport Utility;0;#NULL!;0;0;White;No;0;20-24;Bicyclist Ride Out - Residential Driveway;None;No;No;Dry;0;Urban;No;22MAR2012;0;10:10;Male;No;Residential;B: Evident Injury;Yes;O: No Injury;1905;March;0;Straight - Level;Piedmont;Not Applicable;No Control Present;Thursday;Non-Intersection;20;0;Two-Way, Not Divided;2 lanes;0;#NULL!;#NULL!;Smooth Asphalt;#NULL!;T-Intersection;Bicyclist Failed to Yield - Midblock;Local Street;B: Evident Injury;Wake;23;Clear;#NULL!;16-20 mph;20 - 25  MPH;2012;Daylight;20-24
35.7848170788, -78.6896026242;"{""type"": ""Point"", ""coordinates"": [-78.68960262419192, 35.784817078807016]}";White;Raleigh;Sidewalk / Crosswalk / Driveway Crossing;2;4;Mixed (30% To 70% Developed);Male;Unknown;0;#NULL!;0;0;Unknown/Missing;No;0;20-24;Motorist Drive Out - Right Turn on Red;None;No;No;Dry;0;Urban;Yes;27MAR2012;0;4:07;Unknown;Missing;Commercial;O: No Injury;No;Unknown Injury;1906;March;0;Straight - Level;Piedmont;Facing Traffic;Stop And Go Signal;Tuesday;Intersection;22;0;Two-Way, Not Divided;3 lanes;0;#NULL!;#NULL!;Coarse Asphalt;#NULL!;No Special Feature;Motorist Failed to Yield - Signalized Intersection;Local Street;O: No Injury;Wake;Unknown;Clear;#NULL!;11-15 mph;20 - 25  MPH;2012;Dusk;Unknown
35.2532468756, -81.1669033393;"{""type"": ""Point"", ""coordinates"": [-81.16690333925114, 35.2532468756097]}";Black;Gastonia;Travel Lane;2;18;Urban (>70% Developed);Female;Sport Utility;0;#NULL!;0;0;Black;No;0;11-15;Bicyclist Left Turn - Same Direction;None;No;No;Dry;0;Urban;No;07APR2012;0;18:37;Female;No;Commercial;C: Possible Injury;Yes;O: No Injury;1909;April;0;Straight - Grade;Piedmont;With Traffic;No Control Present;Saturday;Intersection-Related;14;0;Two-Way, Not Divided;5 lanes;0;#NULL!;#NULL!;Smooth Asphalt;#NULL!;No Special Feature;Bicyclist Left Turn / Merge;State Secondary Route;C: Possible Injury;Gaston;33;Clear;#NULL!;31-35 mph;40 - 45  MPH;2012;Daylight;30-39
35.8759370972, -78.7289026408;"{""type"": ""Point"", ""coordinates"": [-78.72890264084441, 35.87593709715973]}";Hispanic;Raleigh;Non-Roadway;2;18;Urban (>70% Developed);Male;Passenger Car;0;#NULL!;0;0;White;No;0;6-10;Non-Roadway;None;No;No;Dry;0;Urban;No;12APR2012;0;18:20;Female;No;Residential;B: Evident Injury;No;O: No Injury;1912;April;0;Straight - Grade;Piedmont;Not Applicable;No Control Present;Thursday;Non-Roadway;7;0;Two-Way, Not Divided;Unknown;0;#NULL!;#NULL!;Smooth Asphalt;#NULL!;T-Intersection;Non-Roadway;Public Vehicular Area;B: Evident Injury;Wake;34;Clear;#NULL!;0-5 mph;5 - 15 MPH;2012;Daylight;30-39
36.0363471257, -78.8948027002;"{""type"": ""Point"", ""coordinates"": [-78.89480270017573, 36.0363471256802]}";Black;Durham;Travel Lane;2;14;Urban (>70% Developed);Male;Passenger Car;0;#NULL!;0;0;Black;No;0;30-39;Bicyclist Lost Control - Mechanical Problems;None;No;No;Dry;0;Urban;No;13APR2012;0;14:26;Male;No;Commercial;O: No Injury;No;O: No Injury;1915;April;0;Straight - Level;Piedmont;Facing Traffic;No Control Present;Friday;Non-Intersection;31;0;Two-Way, Not Divided;2 lanes;0;#NULL!;#NULL!;Smooth Asphalt;#NULL!;No Special Feature;Loss of Control / Turning Error;Public Vehicular Area;O: No Injury;Durham;33;Clear;#NULL!;0-5 mph;5 - 15 MPH;2012;Daylight;30-39
35.7330770409, -79.4423028496;"{""type"": ""Point"", ""coordinates"": [-79.44230284962465, 35.733077040906075]}";White;Siler City;Sidewalk / Crosswalk / Driveway Crossing;2;10;Urban (>70% Developed);Male;Sport Utility;0;#NULL!;0;0;White;No;0;20-24;Motorist Drive Out - Commercial Driveway / Alley;None;No;No;Dry;0;Urban;No;29MAR2012;0;10:45;Male;No;Commercial;C: Possible Injury;Yes;O: No Injury;1916;March;0;Straight - Level;Piedmont;Facing Traffic;No Control Present;Thursday;Non-Intersection;21;0;Two-Way, Not Divided;Unknown;0;#NULL!;#NULL!;Smooth Asphalt;#NULL!;Driveway, Public;Motorist Failed to Yield - Midblock;Public Vehicular Area;C: Possible Injury;Chatham;34;Clear;#NULL!;0-5 mph;Unknown;2012;Daylight;30-39