Geo Point;Geo Shape;BikeRace;City;BikePos;NumUnits;CrashHour;Locality;BikeSex;DrvrVehTyp;NumBikesNo;BikeAlcDrg;NumBikesBI;RteInvdCd;DrvrRace;Workzone;NumBikesCi;BikeAgeGrp;CrashType;RdDefects;CrashAlcoh;BikeAlcoho;RdConditio;DstncMiFrm;RuralUrban;HitRun;CrashDate;NumBikesUI;CrashTime;DrvrSex;DrvrAlcoho;Developmen;CrashSevr;AmbulanceR;DrvrInjury;OBJECTID;CrashMonth;NumBikesKi;RdCharacte;Region;BikeDir;TraffCntrl;CrashDay;CrashLoc;BikeAge;NumBikesTo;RdConfig;NumLanes;NumBikesAI;DrvrAlcDrg;OnRoad;RdSurface;Towrd_Rd;RdFeature;CrashGrp;RdClass;BikeInjury;County;DrvrAge;Weather;FrmRd;DrvrEstSpd;SpeedLimit;CrashYear;LightCond;DrvrAgeGrp
35.927877096, -79.0676027463;"{""type"": ""Point"", ""coordinates"": [-79.06760274629636, 35.927877095975454]}";White;None - Rural Crash;Bike Lane / Paved Shoulder;2;9;Rural (<30% Developed);Male;Unknown;0;#NULL!;0;0;Unknown/Missing;No;0;20-24;Motorist Overtaking - Other / Unknown;Unknown;No;No;Dry;0;Rural;Yes;10APR2012;0;9:52;Unknown;No;Residential;B: Evident Injury;Yes;Unknown Injury;1919;April;0;Curve - Level;Piedmont;With Traffic;No Control Present;Tuesday;Non-Intersection;23;0;Two-Way, Not Divided;2 lanes;0;#NULL!;#NULL!;Smooth Asphalt;#NULL!;No Special Feature;Motorist Overtaking Bicyclist;Local Street;B: Evident Injury;Orange;Unknown;Clear;#NULL!;31-35 mph;30 - 35  MPH;2012;Daylight;Unknown
35.8217970906, -78.5692025904;"{""type"": ""Point"", ""coordinates"": [-78.5692025903848, 35.82179709063763]}";Hispanic;Raleigh;Travel Lane;2;6;Mixed (30% To 70% Developed);Male;Passenger Car;0;#NULL!;0;0;Black;No;0;60-69;Motorist Drive Out - Right Turn on Red;None;No;No;Dry;0;Urban;No;16APR2012;0;6:42;Female;No;Residential;C: Possible Injury;Yes;O: No Injury;1921;April;0;Straight - Level;Piedmont;With Traffic;Stop And Go Signal;Monday;Intersection;60;0;Two-Way, Not Divided;6 lanes;0;#NULL!;#NULL!;Coarse Asphalt;#NULL!;No Special Feature;Motorist Failed to Yield - Signalized Intersection;Local Street;C: Possible Injury;Wake;51;Clear;#NULL!;0-5 mph;40 - 45  MPH;2012;Daylight;50-59
35.9871771139, -78.9264027072;"{""type"": ""Point"", ""coordinates"": [-78.92640270724388, 35.98717711385233]}";White;Durham;Travel Lane;2;9;Urban (>70% Developed);Male;Passenger Car;0;#NULL!;0;0;White;No;0;25-29;Bicyclist Ride Through - Signalized Intersection;None;No;No;Dry;0;Urban;No;13APR2012;0;9:29;Female;No;Commercial;C: Possible Injury;Yes;O: No Injury;1923;April;0;Straight - Level;Piedmont;With Traffic;Stop And Go Signal;Friday;Intersection;27;0;Two-Way, Not Divided;2 lanes;0;#NULL!;#NULL!;Smooth Asphalt;#NULL!;Four-Way Intersection;Bicyclist Failed to Yield - Signalized Intersection;US Route;C: Possible Injury;Durham;26;Clear;#NULL!;31-35 mph;30 - 35  MPH;2012;Daylight;25-29
35.0816969197, -78.9024026522;"{""type"": ""Point"", ""coordinates"": [-78.90240265221364, 35.08169691972486]}";Black;Fayetteville;Travel Lane;2;21;Urban (>70% Developed);Male;Passenger Car;0;#NULL!;0;0;Black;No;0;40-49;Bicyclist Ride Out - Sign-Controlled Intersection;None;No;No;Dry;0;Urban;No;07APR2012;0;21:21;Female;No;Commercial;B: Evident Injury;Yes;O: No Injury;1936;April;0;Straight - Level;Coastal;With Traffic;Stop Sign;Saturday;Intersection;45;0;Two-Way, Divided, Unprotected Median;6 lanes;0;#NULL!;#NULL!;Smooth Asphalt;#NULL!;No Special Feature;Bicyclist Failed to Yield - Sign-Controlled Intersection;Local Street;B: Evident Injury;Cumberland;22;Clear;#NULL!;36-40 mph;30 - 35  MPH;2012;Dark - Lighted Roadway;20-24
36.3017472495, -76.9589021241;"{""type"": ""Point"", ""coordinates"": [-76.95890212413823, 36.30174724945093]}";Black;None - Rural Crash;Travel Lane;2;21;Rural (<30% Developed);Male;Passenger Car;0;#NULL!;0;0;Black;No;0;16-19;Motorist Overtaking - Other / Unknown;None;No;No;Dry;0;Rural;No;04APR2012;0;21:21;Male;No;Farms, Woods, Pastures;B: Evident Injury;No;O: No Injury;1949;April;0;Straight - Level;Coastal;With Traffic;No Control Present;Wednesday;Non-Intersection;17;0;Two-Way, Not Divided;2 lanes;0;#NULL!;#NULL!;Coarse Asphalt;#NULL!;No Special Feature;Motorist Overtaking Bicyclist;State Secondary Route;B: Evident Injury;Hertford;29;Cloudy;#NULL!;21-25 mph;50 - 55  MPH;2012;Dark - Roadway Not Lighted;25-29
35.4700069186, -81.2563033784;"{""type"": ""Point"", ""coordinates"": [-81.25630337844349, 35.47000691855754]}";White;Lincolnton;Travel Lane;2;15;Urban (>70% Developed);Male;Pickup;0;#NULL!;0;0;White;No;0;40-49;Bicyclist Ride Through - Signalized Intersection;None;No;No;Dry;0;Urban;No;13APR2012;0;15:45;Male;No;Commercial;A: Disabling Injury;Yes;O: No Injury;1951;April;0;Straight - Level;Piedmont;With Traffic;Stop And Go Signal;Friday;Intersection;47;0;Two-Way, Not Divided;2 lanes;0;#NULL!;#NULL!;Coarse Asphalt;#NULL!;Four-Way Intersection;Bicyclist Failed to Yield - Signalized Intersection;Local Street;A: Disabling Injury;Lincoln;56;Clear;#NULL!;21-25 mph;20 - 25  MPH;2012;Daylight;50-59
35.197226974, -78.0626024046;"{""type"": ""Point"", ""coordinates"": [-78.0626024045571, 35.197226974002874]}";White;Mount Olive;Travel Lane;2;12;Urban (>70% Developed);Male;Police;0;#NULL!;0;0;White;No;0;16-19;Bicyclist Ride Through - Sign-Controlled Intersection;None;No;No;Dry;0;Rural;No;27APR2012;0;12:13;Male;No;Residential;B: Evident Injury;Yes;O: No Injury;1956;April;0;Straight - Level;Coastal;With Traffic;Flashing Signal With Stop Sign;Friday;Intersection;19;0;Two-Way, Not Divided;2 lanes;0;#NULL!;#NULL!;Coarse Asphalt;#NULL!;Four-Way Intersection;Bicyclist Failed to Yield - Sign-Controlled Intersection;Local Street;B: Evident Injury;Wayne;42;Clear;#NULL!;26-30 mph;30 - 35  MPH;2012;Daylight;40-49
36.0518870955, -79.7983029736;"{""type"": ""Point"", ""coordinates"": [-79.79830297359679, 36.05188709554892]}";Black;Greensboro;Travel Lane;2;18;Urban (>70% Developed);Female;Passenger Car;0;#NULL!;0;0;Black;No;0;30-39;Motorist Overtaking - Undetected Bicyclist;None;No;No;Dry;0;Urban;No;14APR2012;0;18:54;Male;No;Residential;B: Evident Injury;Yes;O: No Injury;1966;April;0;Straight - Grade;Piedmont;With Traffic;Stop And Go Signal;Saturday;Intersection-Related;35;0;Two-Way, Not Divided;4 lanes;0;#NULL!;#NULL!;Coarse Asphalt;#NULL!;Four-Way Intersection;Motorist Overtaking Bicyclist;Local Street;B: Evident Injury;Guilford;49;Other;#NULL!;21-25 mph;30 - 35  MPH;2012;Daylight;40-49
35.9292971141, -78.5693025954;"{""type"": ""Point"", ""coordinates"": [-78.56930259543775, 35.92929711409541]}";White;Raleigh;Driveway / Alley;2;21;Urban (>70% Developed);Male;Sport Utility;0;#NULL!;0;0;White;No;0;11-15;Bicyclist Ride Out - Commercial Driveway / Alley;None;No;No;Dry;0;Urban;No;27APR2012;0;21:38;Male;No;Residential;B: Evident Injury;No;O: No Injury;1967;April;0;Straight - Level;Piedmont;Not Applicable;No Control Present;Friday;Non-Intersection;14;0;Two-Way, Not Divided;2 lanes;0;#NULL!;#NULL!;Smooth Asphalt;#NULL!;No Special Feature;Bicyclist Failed to Yield - Midblock;Local Street;B: Evident Injury;Wake;67;Clear;#NULL!;21-25 mph;5 - 15 MPH;2012;Daylight;60-69
35.7287470399, -79.4516028521;"{""type"": ""Point"", ""coordinates"": [-79.4516028521441, 35.728747039945844]}";Hispanic;Siler City;Travel Lane;2;16;Urban (>70% Developed);Male;Sport Utility;0;#NULL!;0;0;Black;No;0;6-10;Bicyclist Ride Through - Sign-Controlled Intersection;None;No;No;Dry;0;Urban;No;16APR2012;0;16:36;Male;No;Residential;B: Evident Injury;Yes;O: No Injury;1974;April;0;Straight - Grade;Piedmont;With Traffic;Stop Sign;Monday;Intersection;10;0;Two-Way, Not Divided;2 lanes;0;#NULL!;#NULL!;Smooth Asphalt;#NULL!;T-Intersection;Bicyclist Failed to Yield - Sign-Controlled Intersection;Local Street;B: Evident Injury;Chatham;17;Clear;#NULL!;21-25 mph;30 - 35  MPH;2012;Daylight;0-19
35.271037005, -77.6053022691;"{""type"": ""Point"", ""coordinates"": [-77.60530226914494, 35.271037005010655]}";White;Kinston;Travel Lane;2;18;Urban (>70% Developed);Male;Commercial Bus;0;#NULL!;0;0;Black;No;0;30-39;Bicyclist Lost Control - Other / Unknown;None;No;No;Dry;0;Urban;No;02MAY2012;0;18:37;Male;No;Commercial;O: No Injury;Yes;O: No Injury;1976;May;0;Straight - Level;Coastal;With Traffic;No Control Present;Wednesday;Intersection-Related;39;0;Two-Way, Not Divided;4 lanes;0;#NULL!;#NULL!;Smooth Asphalt;#NULL!;T-Intersection;Loss of Control / Turning Error;Local Street;O: No Injury;Lenoir;59;Clear;#NULL!;0-5 mph;30 - 35  MPH;2012;Daylight;50-59
35.7276270934, -77.9152023867;"{""type"": ""Point"", ""coordinates"": [-77.91520238667373, 35.72762709344237]}";Black;Wilson;Travel Lane;2;11;Urban (>70% Developed);Male;Unknown;0;#NULL!;0;0;Unknown/Missing;No;0;25-29;Signalized Intersection - Other / Unknown;None;No;No;Dry;0;Urban;Yes;13MAR2012;0;11:00;Unknown;No;Residential;C: Possible Injury;Yes;Unknown Injury;1977;March;0;Straight - Level;Coastal;Unknown;Stop And Go Signal;Tuesday;Intersection;25;0;Two-Way, Not Divided;2 lanes;0;#NULL!;#NULL!;Coarse Asphalt;#NULL!;Related To Intersection;Crossing Paths - Other Circumstances;Local Street;C: Possible Injury;Wilson;Unknown;Clear;#NULL!;0-5 mph;30 - 35  MPH;2012;Dark - Unknown Lighting;Unknown
35.7797870794, -78.6422026096;"{""type"": ""Point"", ""coordinates"": [-78.64220260962477, 35.779787079390026]}";White;Raleigh;Sidewalk / Crosswalk / Driveway Crossing;2;17;Urban (>70% Developed);Male;Passenger Car;0;#NULL!;0;0;White;No;0;60-69;Motorist Drive Out - Commercial Driveway / Alley;None;No;No;Dry;0;Urban;No;13APR2012;0;17:42;Female;No;Commercial;B: Evident Injury;No;O: No Injury;1978;April;0;Straight - Level;Piedmont;Facing Traffic;Other;Friday;Non-Intersection;62;0;One-Way, Not Divided;1 lane;0;#NULL!;#NULL!;Concrete;#NULL!;Driveway, Private;Motorist Failed to Yield - Midblock;Local Street;B: Evident Injury;Wake;26;Clear;#NULL!;0-5 mph;5 - 15 MPH;2012;Daylight;25-29
34.0846267345, -77.8957022992;"{""type"": ""Point"", ""coordinates"": [-77.89570229917253, 34.084626734542624]}";White;None - Rural Crash;Travel Lane;2;20;Mixed (30% To 70% Developed);Male;Pickup;0;#NULL!;0;0;White;No;0;50-59;Head-On - Bicyclist;None;Yes;Yes;Dry;0;Rural;No;03MAY2012;0;20:11;Male;No;Residential;B: Evident Injury;Yes;O: No Injury;1985;May;0;Straight - Level;Coastal;Facing Traffic;No Control Present;Thursday;Non-Intersection;52;0;Two-Way, Divided, Unprotected Median;4 lanes;0;#NULL!;#NULL!;Smooth Asphalt;#NULL!;No Special Feature;Head-On;US Route;B: Evident Injury;New Hanover;26;Clear;#NULL!;46-50 mph;50 - 55  MPH;2012;Dark - Roadway Not Lighted;25-29
36.3004371852, -78.7939026842;"{""type"": ""Point"", ""coordinates"": [-78.7939026842255, 36.30043718522407]}";White;None - Rural Crash;Driveway / Alley;2;19;Rural (<30% Developed);Male;Passenger Car;0;#NULL!;0;0;White;No;0;6-10;Bicyclist Ride Out - Residential Driveway;None;No;No;Dry;0;Rural;No;05AUG2011;0;19:18;Female;No;Farms, Woods, Pastures;A: Disabling Injury;Yes;O: No Injury;3264;August;0;Curve - Grade;Piedmont;Not Applicable;No Control Present;Friday;Non-Intersection;8;0;Two-Way, Not Divided;2 lanes;0;#NULL!;#NULL!;Smooth Asphalt;#NULL!;Driveway, Private;Bicyclist Failed to Yield - Midblock;State Secondary Route;A: Disabling Injury;Granville;27;Clear;#NULL!;41-45 mph;50 - 55  MPH;2011;Daylight;25-29
34.0181467191, -77.8987022975;"{""type"": ""Point"", ""coordinates"": [-77.89870229752849, 34.01814671907543]}";White;Carolina Beach;Travel Lane;2;9;Urban (>70% Developed);Male;Passenger Car;0;#NULL!;0;0;White;No;0;50-59;Motorist Drive Out - Other Midblock;None;No;No;Dry;0;Urban;No;24JUL2011;0;9:04;Male;No;Residential;C: Possible Injury;Yes;O: No Injury;3270;July;0;Straight - Level;Coastal;With Traffic;No Control Present;Sunday;Non-Intersection;50;0;Two-Way, Not Divided;Unknown;0;#NULL!;#NULL!;Smooth Asphalt;#NULL!;Driveway, Public;Motorist Failed to Yield - Midblock;Public Vehicular Area;C: Possible Injury;New Hanover;36;Clear;#NULL!;6-10 mph;30 - 35  MPH;2011;Daylight;30-39
35.2434069392, -79.3519027957;"{""type"": ""Point"", ""coordinates"": [-79.35190279567537, 35.24340693918915]}";White;None - Rural Crash;Travel Lane;2;7;Rural (<30% Developed);Male;Passenger Car;0;#NULL!;0;0;White;No;0;40-49;Motorist Overtaking - Misjudged Space;None;No;No;Dry;0;Rural;No;10AUG2011;0;7:26;Male;No;Farms, Woods, Pastures;C: Possible Injury;Yes;O: No Injury;3273;August;0;Straight - Level;Piedmont;With Traffic;Double Yellow Line, No Passing Zone;Wednesday;Non-Intersection;40;0;Two-Way, Not Divided;2 lanes;0;#NULL!;#NULL!;Smooth Asphalt;#NULL!;No Special Feature;Motorist Overtaking Bicyclist;State Secondary Route;C: Possible Injury;Moore;64;Clear;#NULL!;31-35 mph;50 - 55  MPH;2011;Daylight;60-69
35.711366983, -80.8928032838;"{""type"": ""Point"", ""coordinates"": [-80.8928032837744, 35.711366982955816]}";White;Troutman;Travel Lane;2;10;Urban (>70% Developed);Male;Pickup;0;#NULL!;0;0;White;No;0;50-59;Backing Vehicle;None;No;No;Dry;0;Rural;No;16JUL2011;0;10:30;Male;No;Residential;O: No Injury;No;O: No Injury;3275;July;0;Straight - Level;Piedmont;With Traffic;No Control Present;Saturday;Non-Intersection;55;0;Two-Way, Divided, Unprotected Median;2 lanes;0;#NULL!;#NULL!;Coarse Asphalt;#NULL!;No Special Feature;Backing Vehicle;Local Street;O: No Injury;Iredell;35;Cloudy;#NULL!;Unknown;Unknown;2011;Daylight;30-39
36.4122372949, -76.3349019381;"{""type"": ""Point"", ""coordinates"": [-76.33490193806266, 36.41223729485667]}";Black;None - Rural Crash;Non-Roadway;2;15;Rural (<30% Developed);Male;Sport Utility;0;#NULL!;0;0;White;No;0;6-10;Bicyclist Ride Out - Commercial Driveway / Alley;None;No;No;Dry;0;Rural;No;10AUG2011;0;15:36;Male;No;Farms, Woods, Pastures;B: Evident Injury;Yes;O: No Injury;3280;August;0;Straight - Level;Coastal;Not Applicable;No Control Present;Wednesday;Non-Intersection;7;0;Two-Way, Not Divided;2 lanes;0;#NULL!;#NULL!;Coarse Asphalt;#NULL!;Driveway, Private;Bicyclist Failed to Yield - Midblock;State Secondary Route;B: Evident Injury;Pasquotank;70+;Clear;#NULL!;31-35 mph;50 - 55  MPH;2011;Daylight;70+
35.5650870833, -77.1955021592;"{""type"": ""Point"", ""coordinates"": [-77.19550215917371, 35.565087083317195]}";White;Grimesland;Travel Lane;2;11;Rural (<30% Developed);Male;Passenger Car;0;#NULL!;0;0;Black;No;0;11-15;Motorist Drive Out - Sign-Controlled Intersection;None;No;No;Dry;0;Rural;No;09AUG2011;0;11:57;Female;No;Residential;O: No Injury;No;O: No Injury;3282;August;0;Straight - Level;Coastal;Facing Traffic;Warning Sign;Tuesday;Intersection;13;0;Two-Way, Not Divided;2 lanes;0;#NULL!;#NULL!;Concrete;#NULL!;T-Intersection;Motorist Failed to Yield - Sign-Controlled Intersection;Local Street;Unknown Injury;Pitt;33;Clear;#NULL!;0-5 mph;30 - 35  MPH;2011;Daylight;30-39
36.2554672383, -76.9878021306;"{""type"": ""Point"", ""coordinates"": [-76.98780213061002, 36.255467238338454]}";Hispanic;None - Rural Crash;Travel Lane;2;11;Rural (<30% Developed);Female;Passenger Car;0;#NULL!;0;0;Black;No;0;11-15;Bicyclist Ride Through - Sign-Controlled Intersection;None;No;No;Dry;0;Rural;No;07AUG2011;0;11:56;Female;No;Farms, Woods, Pastures;B: Evident Injury;Yes;O: No Injury;3283;August;0;Straight - Level;Coastal;With Traffic;Stop Sign;Sunday;Intersection;12;0;Two-Way, Not Divided;2 lanes;0;#NULL!;#NULL!;Coarse Asphalt;#NULL!;Four-Way Intersection;Bicyclist Failed to Yield - Sign-Controlled Intersection;State Secondary Route;B: Evident Injury;Hertford;20;Clear;#NULL!;51-55 mph;50 - 55  MPH;2011;Daylight;20-24
35.9739671111, -78.9319027082;"{""type"": ""Point"", ""coordinates"": [-78.93190270823636, 35.97396711105516]}";White;Durham;Travel Lane;2;17;Urban (>70% Developed);Male;Sport Utility;0;#NULL!;0;0;White;No;0;25-29;Bicyclist Ride Out - Sign-Controlled Intersection;None;No;No;Dry;0;Urban;No;11AUG2011;0;17:30;Female;No;Commercial;B: Evident Injury;Yes;Unknown Injury;3285;August;0;Straight - Grade;Piedmont;With Traffic;Stop Sign;Thursday;Intersection;26;0;Two-Way, Divided, Unprotected Median;2 lanes;0;#NULL!;#NULL!;Smooth Asphalt;#NULL!;T-Intersection;Bicyclist Failed to Yield - Sign-Controlled Intersection;Local Street;B: Evident Injury;Durham;25;Clear;#NULL!;31-35 mph;30 - 35  MPH;2011;Daylight;25-29
34.2388367671, -77.9331023181;"{""type"": ""Point"", ""coordinates"": [-77.93310231809035, 34.23883676706944]}";White;Wilmington;Travel Lane;3;16;Rural (<30% Developed);Male;Passenger Car;0;#NULL!;0;0;White;No;0;60-69;Motorist Overtaking - Bicyclist Swerved;None;No;No;Dry;0;Urban;No;06AUG2011;0;16:22;Male;No;Residential;B: Evident Injury;Yes;O: No Injury;3291;August;0;Straight - Level;Coastal;With Traffic;No Control Present;Saturday;Non-Intersection;66;0;Two-Way, Not Divided;2 lanes;0;#NULL!;#NULL!;Coarse Asphalt;#NULL!;No Special Feature;Motorist Overtaking Bicyclist;Local Street;B: Evident Injury;New Hanover;56;Clear;#NULL!;21-25 mph;20 - 25  MPH;2011;Daylight;50-59
35.9843371139, -78.9049027001;"{""type"": ""Point"", ""coordinates"": [-78.90490270009259, 35.98433711386296]}";Black;Durham;Travel Lane;2;2;Mixed (30% To 70% Developed);Female;Passenger Car;0;#NULL!;0;0;Unknown/Missing;No;0;11-15;Head-On - Unknown;None;No;No;Dry;0;Urban;Yes;17AUG2011;0;2:40;Unknown;Missing;Residential;C: Possible Injury;Yes;Unknown Injury;3298;August;0;Curve - Grade;Piedmont;Unknown;No Control Present;Wednesday;Non-Intersection;13;0;Two-Way, Not Divided;2 lanes;0;#NULL!;#NULL!;Coarse Asphalt;#NULL!;No Special Feature;Head-On;Private Road, Driveway;C: Possible Injury;Durham;Unknown;Clear;#NULL!;21-25 mph;20 - 25  MPH;2011;Dark - Roadway Not Lighted;Unknown
36.1980170557, -81.665303542;"{""type"": ""Point"", ""coordinates"": [-81.66530354201048, 36.19801705571521]}";White;Boone;Travel Lane;2;19;Urban (>70% Developed);Male;Unknown;0;#NULL!;0;0;Unknown/Missing;No;0;20-24;Motorist Overtaking - Misjudged Space;None;No;No;Dry;0;Urban;Yes;06AUG2011;0;19:23;Unknown;Missing;Commercial;O: No Injury;No;Unknown Injury;3307;August;0;Straight - Level;Mountains;With Traffic;Double Yellow Line, No Passing Zone;Saturday;Non-Intersection;21;0;Two-Way, Not Divided;2 lanes;0;#NULL!;#NULL!;Smooth Asphalt;#NULL!;No Special Feature;Motorist Overtaking Bicyclist;Local Street;O: No Injury;Watauga;Unknown;Clear;#NULL!;Unknown;20 - 25  MPH;2011;Daylight;Unknown
35.1378368619, -80.8793032481;"{""type"": ""Point"", ""coordinates"": [-80.87930324809048, 35.13783686186568]}";Hispanic;Charlotte;Travel Lane;2;15;Urban (>70% Developed);Male;Pickup;0;#NULL!;0;0;White;No;0;50-59;Multiple Threat - Midblock;None;No;No;Dry;0;Urban;No;15AUG2011;0;15:15;Male;No;Commercial;B: Evident Injury;No;O: No Injury;3310;August;0;Straight - Level;Piedmont;Not Applicable;Double Yellow Line, No Passing Zone;Monday;Non-Intersection;54;0;Two-Way, Not Divided;4 lanes;0;#NULL!;#NULL!;Smooth Asphalt;#NULL!;No Special Feature;Bicyclist Failed to Yield - Midblock;Local Street;B: Evident Injury;Mecklenburg;40;Cloudy;#NULL!;26-30 mph;30 - 35  MPH;2011;Daylight;40-49
35.5907668945, -82.5590037713;"{""type"": ""Point"", ""coordinates"": [-82.55900377131353, 35.59076689446466]}";Black;Asheville;Travel Lane;2;13;Urban (>70% Developed);Male;Passenger Car;0;#NULL!;0;0;Unknown/Missing;No;0;50-59;Bicyclist Overtaking - Parked Vehicle;None;No;No;Dry;0;Urban;No;14AUG2011;0;13:43;Unknown;Missing;Residential;B: Evident Injury;Yes;Unknown Injury;3312;August;0;Straight - Grade;Mountains;With Traffic;No Control Present;Sunday;Non-Intersection;56;0;Two-Way, Not Divided;2 lanes;0;#NULL!;#NULL!;Smooth Asphalt;#NULL!;No Special Feature;Bicyclist Overtaking Motorist;Local Street;B: Evident Injury;Buncombe;Unknown;Clear;#NULL!;Unknown;30 - 35  MPH;2011;Daylight;Unknown
36.3181771395, -80.1212030862;"{""type"": ""Point"", ""coordinates"": [-80.12120308620104, 36.31817713950814]}";Black;None - Rural Crash;Travel Lane;2;20;Rural (<30% Developed);Male;Passenger Car;0;#NULL!;0;0;Unknown/Missing;No;0;50-59;Motorist Overtaking - Misjudged Space;None;No;No;Dry;0;Rural;Yes;26AUG2011;0;20:36;Unknown;Missing;Farms, Woods, Pastures;C: Possible Injury;Yes;Unknown Injury;3322;August;0;Straight - Level;Piedmont;With Traffic;Double Yellow Line, No Passing Zone;Friday;Non-Intersection;52;0;Two-Way, Not Divided;2 lanes;0;#NULL!;#NULL!;Coarse Asphalt;#NULL!;No Special Feature;Motorist Overtaking Bicyclist;US Route;C: Possible Injury;Stokes;Unknown;Cloudy;#NULL!;41-45 mph;40 - 45  MPH;2011;Dark - Roadway Not Lighted;Unknown
35.9151570992, -78.8888026918;"{""type"": ""Point"", ""coordinates"": [-78.88880269178695, 35.915157099244986]}";Asian;Durham;Travel Lane;2;18;Urban (>70% Developed);Male;Passenger Car;0;#NULL!;0;0;Native American;No;0;30-39;Bicyclist Left Turn - Same Direction;None;No;No;Wet;0;Urban;No;29AUG2011;0;18:28;Female;No;Commercial;C: Possible Injury;Yes;O: No Injury;3329;August;0;Straight - Level;Piedmont;With Traffic;No Control Present;Monday;Intersection;32;0;Two-Way, Not Divided;2 lanes;0;#NULL!;#NULL!;Coarse Asphalt;#NULL!;T-Intersection;Bicyclist Left Turn / Merge;Local Street;C: Possible Injury;Durham;47;Cloudy;#NULL!;21-25 mph;30 - 35  MPH;2011;Daylight;40-49
36.0850871018, -79.8212029829;"{""type"": ""Point"", ""coordinates"": [-79.82120298293636, 36.08508710183523]}";White;Greensboro;Sidewalk / Crosswalk / Driveway Crossing;2;13;Urban (>70% Developed);Male;Passenger Car;0;#NULL!;0;0;White;No;0;20-24;Motorist Drive Out - Signalized Intersection;None;No;No;Dry;0;Urban;Yes;23AUG2011;0;13:08;Female;No;Commercial;C: Possible Injury;Yes;O: No Injury;3330;August;0;Straight - Level;Piedmont;Facing Traffic;Stop And Go Signal;Tuesday;Intersection;24;0;Two-Way, Not Divided;Unknown;0;#NULL!;#NULL!;Smooth Asphalt;#NULL!;Related To Intersection;Motorist Failed to Yield - Signalized Intersection;Local Street;C: Possible Injury;Guilford;68;Clear;#NULL!;6-10 mph;30 - 35  MPH;2011;Daylight;60-69
36.1638872605, -75.7528017461;"{""type"": ""Point"", ""coordinates"": [-75.7528017460578, 36.163887260541784]}";White;Duck;Multi-use Path;2;12;Urban (>70% Developed);Female;Passenger Car;0;#NULL!;0;0;White;No;0;11-15;Motorist Drive Out - Sign-Controlled Intersection;None;No;No;Dry;0;Rural;No;21AUG2011;0;12:30;Male;No;Commercial;C: Possible Injury;Yes;O: No Injury;3333;August;0;Straight - Level;Coastal;Facing Traffic;Stop Sign;Sunday;Intersection;15;0;Two-Way, Divided, Unprotected Median;3 lanes;0;#NULL!;#NULL!;Coarse Asphalt;#NULL!;T-Intersection;Motorist Failed to Yield - Sign-Controlled Intersection;NC Route;C: Possible Injury;Dare;18;Clear;#NULL!;0-5 mph;20 - 25  MPH;2011;Daylight;0-19
36.1098170924, -80.2141031022;"{""type"": ""Point"", ""coordinates"": [-80.2141031022297, 36.109817092352536]}";Black;Winston-Salem;Travel Lane;2;15;Urban (>70% Developed);Male;Van;0;#NULL!;0;0;Unknown/Missing;No;0;50-59;Motorist Overtaking - Misjudged Space;None;No;No;Dry;0;Urban;Yes;23AUG2011;0;15:10;Unknown;No;Residential;C: Possible Injury;No;Unknown Injury;3341;August;0;Straight - Level;Piedmont;With Traffic;No Control Present;Tuesday;Non-Intersection;53;0;Two-Way, Not Divided;2 lanes;0;#NULL!;#NULL!;Smooth Asphalt;#NULL!;No Special Feature;Motorist Overtaking Bicyclist;Local Street;C: Possible Injury;Forsyth;Unknown;Clear;#NULL!;31-35 mph;30 - 35  MPH;2011;Daylight;Unknown
36.4264072375, -78.0822024741;"{""type"": ""Point"", ""coordinates"": [-78.08220247414124, 36.42640723746748]}";Black;None - Rural Crash;Driveway / Alley;2;10;Rural (<30% Developed);Male;Van;0;#NULL!;0;0;Black;No;0;11-15;Bicyclist Ride Out - Residential Driveway;None;No;No;Dry;0;Rural;No;05SEP2011;0;10:37;Male;No;Farms, Woods, Pastures;B: Evident Injury;Yes;O: No Injury;3354;September;0;Straight - Hillcrest;Piedmont;Not Applicable;Double Yellow Line, No Passing Zone;Monday;Non-Intersection;15;0;Two-Way, Not Divided;2 lanes;0;#NULL!;#NULL!;Smooth Asphalt;#NULL!;Driveway, Private;Bicyclist Failed to Yield - Midblock;State Secondary Route;B: Evident Injury;Warren;19;Clear;#NULL!;16-20 mph;50 - 55  MPH;2011;Daylight;0-19
35.7851570795, -78.6756026207;"{""type"": ""Point"", ""coordinates"": [-78.67560262074998, 35.78515707949169]}";White;Raleigh;Travel Lane;2;11;Urban (>70% Developed);Female;Passenger Car;0;#NULL!;0;0;White;No;0;16-19;Motorist Right Turn - Same Direction;None;No;No;Dry;0;Urban;No;30AUG2011;0;11:45;Female;No;Institutional;B: Evident Injury;Yes;O: No Injury;3360;August;0;Straight - Level;Piedmont;With Traffic;No Control Present;Tuesday;Non-Intersection;19;0;Two-Way, Not Divided;2 lanes;0;#NULL!;#NULL!;Coarse Asphalt;#NULL!;Driveway, Public;Motorist Right Turn / Merge;Local Street;B: Evident Injury;Wake;19;Clear;#NULL!;11-15 mph;20 - 25  MPH;2011;Daylight;0-19
35.2451869014, -80.4248031177;"{""type"": ""Point"", ""coordinates"": [-80.42480311769472, 35.24518690139705]}";White;Stanfield;Travel Lane;3;18;Mixed (30% To 70% Developed);Male;Pickup;0;#NULL!;0;0;White;No;0;50-59;Motorist Overtaking - Misjudged Space;None;No;No;Dry;0;Rural;No;29AUG2011;0;18:48;Male;No;Residential;B: Evident Injury;Yes;O: No Injury;3364;August;0;Straight - Level;Piedmont;With Traffic;No Control Present;Monday;Non-Intersection;55;0;Two-Way, Not Divided;2 lanes;0;#NULL!;#NULL!;Smooth Asphalt;#NULL!;No Special Feature;Motorist Overtaking Bicyclist;NC Route;B: Evident Injury;Stanly;19;Cloudy;#NULL!;41-45 mph;40 - 45  MPH;2011;Daylight;0-19