Geo Point;Geo Shape;BikeRace;City;BikePos;NumUnits;CrashHour;Locality;BikeSex;DrvrVehTyp;NumBikesNo;BikeAlcDrg;NumBikesBI;RteInvdCd;DrvrRace;Workzone;NumBikesCi;BikeAgeGrp;CrashType;RdDefects;CrashAlcoh;BikeAlcoho;RdConditio;DstncMiFrm;RuralUrban;HitRun;CrashDate;NumBikesUI;CrashTime;DrvrSex;DrvrAlcoho;Developmen;CrashSevr;AmbulanceR;DrvrInjury;OBJECTID;CrashMonth;NumBikesKi;RdCharacte;Region;BikeDir;TraffCntrl;CrashDay;CrashLoc;BikeAge;NumBikesTo;RdConfig;NumLanes;NumBikesAI;DrvrAlcDrg;OnRoad;RdSurface;Towrd_Rd;RdFeature;CrashGrp;RdClass;BikeInjury;County;DrvrAge;Weather;FrmRd;DrvrEstSpd;SpeedLimit;CrashYear;LightCond;DrvrAgeGrp
34.6606368893, -77.0506020707;"{""type"": ""Point"", ""coordinates"": [-77.0506020707429, 34.66063688931975]}";White;Emerald Isle;Non-Roadway;2;12;Urban (>70% Developed);Female;Van;0;#NULL!;0;0;White;No;0;16-19;Bicyclist Ride Out - Other Midblock;None;No;No;Dry;0;Rural;No;03SEP2011;0;12:16;Female;No;Commercial;O: No Injury;No;O: No Injury;3375;September;0;Straight - Level;Coastal;Not Applicable;No Control Present;Saturday;Non-Intersection;17;0;Two-Way, Not Divided;2 lanes;0;#NULL!;#NULL!;Smooth Asphalt;#NULL!;No Special Feature;Bicyclist Failed to Yield - Midblock;Local Street;O: No Injury;Carteret;30;Clear;#NULL!;6-10 mph;20 - 25  MPH;2011;Daylight;30-39
35.1886769805, -77.8111023273;"{""type"": ""Point"", ""coordinates"": [-77.81110232728508, 35.18867698051756]}";White;None - Rural Crash;Travel Lane;2;12;Rural (<30% Developed);Male;Pickup;0;#NULL!;0;0;Hispanic;No;0;16-19;Bicyclist Left Turn - Same Direction;None;No;No;Dry;0;Rural;No;08SEP2011;0;12:26;Male;No;Residential;B: Evident Injury;Yes;O: No Injury;3378;September;0;Curve - Level;Coastal;With Traffic;Double Yellow Line, No Passing Zone;Thursday;Non-Intersection;18;0;Two-Way, Not Divided;2 lanes;0;#NULL!;#NULL!;Coarse Asphalt;#NULL!;No Special Feature;Bicyclist Left Turn / Merge;NC Route;B: Evident Injury;Lenoir;25;Clear;#NULL!;41-45 mph;50 - 55  MPH;2011;Daylight;25-29
36.4395372731, -77.1272021826;"{""type"": ""Point"", ""coordinates"": [-77.12720218261803, 36.43953727312616]}";White;None - Rural Crash;Driveway / Alley;2;17;Rural (<30% Developed);Male;Passenger Car;0;#NULL!;0;0;White;No;0;60-69;Bicyclist Ride Out - Residential Driveway;None;Yes;Yes;Wet;0;Rural;No;07SEP2011;0;17:20;Male;No;Residential;K: Killed;Yes;O: No Injury;3380;September;0;Straight - Level;Coastal;Not Applicable;Double Yellow Line, No Passing Zone;Wednesday;Non-Intersection;65;0;Two-Way, Not Divided;2 lanes;0;#NULL!;#NULL!;Coarse Asphalt;#NULL!;Driveway, Private;Bicyclist Failed to Yield - Midblock;US Route;K: Killed;Hertford;44;Cloudy;#NULL!;41-45 mph;40 - 45  MPH;2011;Daylight;40-49
35.5126070673, -77.3188021939;"{""type"": ""Point"", ""coordinates"": [-77.31880219388066, 35.512607067262635]}";White;None - Rural Crash;Travel Lane;2;20;Rural (<30% Developed);Male;Passenger Car;0;#NULL!;0;0;White;No;0;50-59;Motorist Drive Out - Sign-Controlled Intersection;None;No;No;Dry;0;Rural;No;13SEP2011;0;20:39;Female;No;Farms, Woods, Pastures;C: Possible Injury;Yes;O: No Injury;3383;September;0;Curve - Level;Coastal;With Traffic;Flashing Signal With Stop Sign;Tuesday;Intersection;53;0;Two-Way, Not Divided;2 lanes;0;#NULL!;#NULL!;Coarse Asphalt;#NULL!;No Special Feature;Motorist Failed to Yield - Sign-Controlled Intersection;State Secondary Route;C: Possible Injury;Pitt;53;Clear;#NULL!;0-5 mph;50 - 55  MPH;2011;Dark - Roadway Not Lighted;50-59
35.0226569042, -78.9915026756;"{""type"": ""Point"", ""coordinates"": [-78.99150267563834, 35.02265690419847]}";Black;Fayetteville;Travel Lane;2;18;Urban (>70% Developed);Male;Passenger Car;0;#NULL!;0;0;Black;No;0;16-19;Motorist Drive Out - Sign-Controlled Intersection;None;No;No;Wet;0;Urban;No;06SEP2011;0;18:45;Female;No;Residential;B: Evident Injury;Yes;O: No Injury;3392;September;0;Straight - Level;Coastal;With Traffic;Stop Sign;Tuesday;Intersection;16;0;Two-Way, Not Divided;2 lanes;0;#NULL!;#NULL!;Coarse Asphalt;#NULL!;Four-Way Intersection;Motorist Failed to Yield - Sign-Controlled Intersection;Local Street;B: Evident Injury;Cumberland;47;Rain;#NULL!;41-45 mph;20 - 25  MPH;2011;Daylight;40-49
34.9925368906, -79.1859027328;"{""type"": ""Point"", ""coordinates"": [-79.18590273280269, 34.99253689064334]}";Black;None - Rural Crash;Other;2;22;Mixed (30% To 70% Developed);Male;Passenger Car;0;#NULL!;0;0;White;No;0;20-24;Bicyclist Ride Out - Sign-Controlled Intersection;None;No;No;Wet;0;Rural;No;15SEP2011;0;22:05;Female;No;Residential;A: Disabling Injury;Yes;O: No Injury;3395;September;0;Straight - Level;Coastal;With Traffic;Double Yellow Line, No Passing Zone;Thursday;Intersection-Related;22;0;Two-Way, Not Divided;2 lanes;0;#NULL!;#NULL!;Smooth Asphalt;#NULL!;No Special Feature;Bicyclist Failed to Yield - Sign-Controlled Intersection;US Route;A: Disabling Injury;Hoke;22;Cloudy;#NULL!;41-45 mph;40 - 45  MPH;2011;Dark - Roadway Not Lighted;20-24
35.9848171469, -77.9815024199;"{""type"": ""Point"", ""coordinates"": [-77.98150241994554, 35.9848171468525]}";Unknown/Missing;None - Rural Crash;Travel Lane;2;1;Rural (<30% Developed);Unknown;Passenger Car;0;#NULL!;0;0;White;No;0;Unknown;Motorist Drive Out - Sign-Controlled Intersection;None;No;Missing;Dry;0;Rural;No;15SEP2011;0;1:03;Male;No;Farms, Woods, Pastures;O: No Injury;No;O: No Injury;3406;September;0;Straight - Grade;Coastal;With Traffic;Stop Sign;Thursday;Intersection;Unknown;0;Two-Way, Divided, Unprotected Median;4 lanes;0;#NULL!;#NULL!;Coarse Asphalt;#NULL!;Y-Intersection;Motorist Failed to Yield - Sign-Controlled Intersection;NC Route;Unknown Injury;Nash;29;Clear;#NULL!;0-5 mph;50 - 55  MPH;2011;Dark - Roadway Not Lighted;25-29
35.1697769215, -79.4052028082;"{""type"": ""Point"", ""coordinates"": [-79.40520280823786, 35.16977692152202]}";White;Southern Pines;Travel Lane;2;21;Urban (>70% Developed);Male;Passenger Car;0;#NULL!;0;0;Black;No;0;30-39;Motorist Drive Out - Sign-Controlled Intersection;None;No;No;Dry;0;Urban;No;10SEP2011;0;21:06;Female;No;Commercial;O: No Injury;No;O: No Injury;3407;September;0;Straight - Hillcrest;Piedmont;With Traffic;Stop Sign;Saturday;Intersection;32;0;Two-Way, Not Divided;2 lanes;0;#NULL!;#NULL!;Coarse Asphalt;#NULL!;Four-Way Intersection;Motorist Failed to Yield - Sign-Controlled Intersection;State Secondary Route;Unknown Injury;Moore;32;Clear;#NULL!;0-5 mph;30 - 35  MPH;2011;Dark - Roadway Not Lighted;30-39
35.7515270729, -78.6483026099;"{""type"": ""Point"", ""coordinates"": [-78.64830260985131, 35.75152707287925]}";Hispanic;Raleigh;Travel Lane;2;13;Urban (>70% Developed);Male;Sport Utility;0;#NULL!;0;0;White;No;0;50-59;Signalized Intersection - Other / Unknown;None;No;No;Dry;0;Urban;No;20SEP2011;0;13:19;Male;No;Commercial;B: Evident Injury;Yes;O: No Injury;3408;September;0;Straight - Level;Piedmont;Facing Traffic;Stop And Go Signal;Tuesday;Intersection;57;0;Two-Way, Divided, Unprotected Median;6 lanes;0;#NULL!;#NULL!;Smooth Asphalt;#NULL!;On or Off Ramp;Crossing Paths - Other Circumstances;Local Street;B: Evident Injury;Wake;46;Cloudy;#NULL!;16-20 mph;40 - 45  MPH;2011;Daylight;40-49
35.828087007, -80.9186032981;"{""type"": ""Point"", ""coordinates"": [-80.91860329812465, 35.82808700700035]}";White;None - Rural Crash;Travel Lane;2;17;Urban (>70% Developed);Female;Light Truck (Mini-Van, Panel);0;#NULL!;0;0;White;No;0;20-24;Motorist Left Turn - Opposite Direction;None;No;No;Dry;0;Rural;No;22SEP2011;0;17:35;Female;No;Commercial;C: Possible Injury;Yes;O: No Injury;3410;September;0;Straight - Level;Piedmont;With Traffic;Stop And Go Signal;Thursday;Intersection;23;0;Two-Way, Not Divided;2 lanes;0;#NULL!;#NULL!;Smooth Asphalt;#NULL!;Four-Way Intersection;Motorist Left Turn / Merge;NC Route;C: Possible Injury;Iredell;70+;Clear;#NULL!;6-10 mph;50 - 55  MPH;2011;Daylight;70+
35.2711970063, -77.5807022612;"{""type"": ""Point"", ""coordinates"": [-77.58070226121968, 35.271197006306195]}";Black;Kinston;Sidewalk / Crosswalk / Driveway Crossing;2;17;Urban (>70% Developed);Male;Passenger Car;0;#NULL!;0;0;White;No;0;40-49;Motorist Drive Out - Sign-Controlled Intersection;None;Yes;Yes;Dry;0;Urban;No;03JUN2011;0;17:05;Male;No;Residential;C: Possible Injury;Yes;O: No Injury;3413;June;0;Straight - Grade;Coastal;Facing Traffic;Stop Sign;Friday;Intersection;41;0;Two-Way, Not Divided;2 lanes;0;#NULL!;#NULL!;Smooth Asphalt;#NULL!;T-Intersection;Motorist Failed to Yield - Sign-Controlled Intersection;Local Street;C: Possible Injury;Lenoir;42;Clear;#NULL!;0-5 mph;30 - 35  MPH;2011;Daylight;40-49
35.4043669243, -80.7143032129;"{""type"": ""Point"", ""coordinates"": [-80.71430321294545, 35.40436692430401]}";White;Concord;Travel Lane;2;11;Urban (>70% Developed);Male;Passenger Car;0;#NULL!;0;0;White;No;0;50-59;Motorist Left Turn - Opposite Direction;None;No;No;Dry;0;Urban;No;18SEP2011;0;11:29;Male;No;Commercial;C: Possible Injury;Yes;O: No Injury;3415;September;0;Straight - Level;Piedmont;With Traffic;No Control Present;Sunday;Non-Intersection;53;0;Two-Way, Not Divided;2 lanes;0;#NULL!;#NULL!;Smooth Asphalt;#NULL!;Driveway, Public;Motorist Left Turn / Merge;Local Street;C: Possible Injury;Cabarrus;63;Cloudy;#NULL!;0-5 mph;40 - 45  MPH;2011;Daylight;60-69
35.4529069041, -81.5430034631;"{""type"": ""Point"", ""coordinates"": [-81.54300346313615, 35.45290690408917]}";White;None - Rural Crash;Travel Lane;2;9;Rural (<30% Developed);Male;Passenger Car;0;#NULL!;0;0;White;No;0;60-69;Bicyclist Overtaking - Other / Unknown;None;No;No;Dry;0;Rural;No;23AUG2011;0;9:04;Female;No;Farms, Woods, Pastures;C: Possible Injury;No;O: No Injury;3417;August;0;Straight - Level;Mountains;With Traffic;Double Yellow Line, No Passing Zone;Tuesday;Non-Intersection;69;0;Two-Way, Not Divided;2 lanes;0;#NULL!;#NULL!;Smooth Asphalt;#NULL!;No Special Feature;Bicyclist Overtaking Motorist;State Secondary Route;C: Possible Injury;Cleveland;27;Clear;#NULL!;31-35 mph;50 - 55  MPH;2011;Daylight;25-29
35.78699708, -78.6746026202;"{""type"": ""Point"", ""coordinates"": [-78.6746026201863, 35.78699708000593]}";White;Raleigh;Travel Lane;2;18;Urban (>70% Developed);Male;Passenger Car;0;#NULL!;0;0;Black;No;0;20-24;Sign-Controlled Intersection - Other / Unknown;None;No;No;Dry;0;Urban;No;20SEP2011;0;18:41;Male;No;Institutional;C: Possible Injury;No;O: No Injury;3430;September;0;Straight - Grade;Piedmont;With Traffic;Stop Sign;Tuesday;Intersection;20;0;Two-Way, Not Divided;3 lanes;0;#NULL!;#NULL!;Coarse Asphalt;#NULL!;No Special Feature;Crossing Paths - Other Circumstances;Local Street;C: Possible Injury;Wake;25;Clear;#NULL!;6-10 mph;20 - 25  MPH;2011;Daylight;25-29
35.7683070786, -78.6029025976;"{""type"": ""Point"", ""coordinates"": [-78.60290259764402, 35.768307078552375]}";Black;Raleigh;Travel Lane;2;17;Urban (>70% Developed);Female;Passenger Car;0;#NULL!;0;0;Black;No;0;11-15;Bicyclist Ride Through - Sign-Controlled Intersection;None;No;No;Dry;0;Urban;No;07SEP2011;0;17:34;Male;No;Residential;B: Evident Injury;Yes;O: No Injury;3431;September;0;Straight - Level;Piedmont;Facing Traffic;Stop Sign;Wednesday;Intersection;11;0;Two-Way, Not Divided;4 lanes;0;#NULL!;#NULL!;Smooth Asphalt;#NULL!;Four-Way Intersection;Bicyclist Failed to Yield - Sign-Controlled Intersection;Local Street;B: Evident Injury;Wake;24;Clear;#NULL!;21-25 mph;20 - 25  MPH;2011;Daylight;20-24
35.9285071407, -77.7922023599;"{""type"": ""Point"", ""coordinates"": [-77.7922023598883, 35.92850714066789]}";Black;Rocky Mount;Sidewalk / Crosswalk / Driveway Crossing;2;17;Urban (>70% Developed);Male;Unknown;0;#NULL!;0;0;Unknown/Missing;No;0;16-19;Bicyclist Ride Out - Parallel Path;None;No;No;Dry;0;Urban;Yes;09AUG2011;0;17:46;Unknown;Missing;Residential;C: Possible Injury;No;Unknown Injury;3440;August;0;Straight - Level;Coastal;With Traffic;No Control Present;Tuesday;Non-Intersection;16;0;Two-Way, Not Divided;2 lanes;0;#NULL!;#NULL!;Smooth Asphalt;#NULL!;No Special Feature;Parallel Paths - Other Circumstances;Local Street;C: Possible Injury;Edgecombe;Unknown;Clear;#NULL!;6-10 mph;30 - 35  MPH;2011;Daylight;Unknown
35.9239771003, -78.9270027042;"{""type"": ""Point"", ""coordinates"": [-78.92700270421096, 35.92397710029024]}";Hispanic;Durham;Non-Roadway;2;8;Urban (>70% Developed);Male;Pickup;0;#NULL!;0;0;White;No;0;25-29;Non-Roadway;None;No;No;Dry;0;Urban;No;07OCT2011;0;8:59;Male;No;Commercial;B: Evident Injury;Yes;O: No Injury;3454;October;0;Straight - Level;Piedmont;Not Applicable;No Control Present;Friday;Non-Roadway;25;0;Two-Way, Not Divided;1 lane;0;#NULL!;#NULL!;Smooth Asphalt;#NULL!;No Special Feature;Non-Roadway;Public Vehicular Area;B: Evident Injury;Durham;41;Clear;#NULL!;0-5 mph;5 - 15 MPH;2011;Daylight;40-49
36.0700770817, -80.2706031168;"{""type"": ""Point"", ""coordinates"": [-80.27060311675973, 36.070077081736315]}";White;Winston-Salem;Sidewalk / Crosswalk / Driveway Crossing;2;9;Urban (>70% Developed);Male;Passenger Car;0;#NULL!;0;0;Black;No;0;50-59;Motorist Right Turn - Opposite Direction;None;No;No;Dry;0;Urban;No;29SEP2011;0;9:05;Female;No;Commercial;C: Possible Injury;Yes;O: No Injury;3455;September;0;Straight - Grade;Piedmont;Facing Traffic;No Control Present;Thursday;Non-Intersection;58;0;Two-Way, Not Divided;2 lanes;0;#NULL!;#NULL!;Smooth Asphalt;#NULL!;Driveway, Public;Motorist Right Turn / Merge;Public Vehicular Area;C: Possible Injury;Forsyth;34;Clear;#NULL!;0-5 mph;Unknown;2011;Daylight;30-39
34.0363567235, -77.8938022973;"{""type"": ""Point"", ""coordinates"": [-77.89380229730318, 34.03635672353017]}";Unknown/Missing;Carolina Beach;Sidewalk / Crosswalk / Driveway Crossing;2;14;Urban (>70% Developed);Unknown;Sport Utility;0;#NULL!;0;0;White;No;0;Unknown;Motorist Left Turn - Opposite Direction;None;No;No;Dry;0;Urban;No;07SEP2011;0;14:20;Female;No;Residential;O: No Injury;No;O: No Injury;3459;September;0;Straight - Level;Coastal;Not Applicable;Stop And Go Signal;Wednesday;Intersection;Unknown;0;Two-Way, Not Divided;3 lanes;0;#NULL!;#NULL!;Smooth Asphalt;#NULL!;No Special Feature;Motorist Left Turn / Merge;.;Unknown Injury;New Hanover;27;Clear;#NULL!;6-10 mph;20 - 25  MPH;2011;Daylight;25-29
35.2549668901, -80.8008032309;"{""type"": ""Point"", ""coordinates"": [-80.80080323085474, 35.25496689008074]}";Black;Charlotte;Sidewalk / Crosswalk / Driveway Crossing;2;17;Urban (>70% Developed);Male;Passenger Car;0;#NULL!;0;0;White;No;0;16-19;Motorist Right Turn - Same Direction;None;No;No;Dry;0;Urban;No;04OCT2011;0;17:49;Female;No;Commercial;B: Evident Injury;Yes;O: No Injury;3467;October;0;Straight - Level;Piedmont;With Traffic;Stop And Go Signal;Tuesday;Intersection;19;0;Two-Way, Divided, Unprotected Median;3 lanes;0;#NULL!;#NULL!;Smooth Asphalt;#NULL!;No Special Feature;Motorist Right Turn / Merge;Local Street;B: Evident Injury;Mecklenburg;21;Clear;#NULL!;21-25 mph;30 - 35  MPH;2011;Daylight;20-24
34.9996068392, -80.6868031827;"{""type"": ""Point"", ""coordinates"": [-80.68680318274758, 34.999606839235575]}";White;Wesley Chapel;Travel Lane;2;18;Urban (>70% Developed);Male;Sport Utility;0;#NULL!;0;0;White;No;0;11-15;Bicyclist Overtaking - Passing on Left;None;No;No;Dry;0;Rural;No;17OCT2011;0;18:52;Female;No;Residential;B: Evident Injury;Yes;O: No Injury;3471;October;0;Straight - Level;Piedmont;With Traffic;Stop Sign;Monday;Intersection;15;0;Two-Way, Not Divided;2 lanes;0;#NULL!;#NULL!;Smooth Asphalt;#NULL!;T-Intersection;Bicyclist Overtaking Motorist;State Secondary Route;B: Evident Injury;Union;44;Clear;#NULL!;0-5 mph;30 - 35  MPH;2011;Daylight;40-49
35.2270968819, -80.8431032414;"{""type"": ""Point"", ""coordinates"": [-80.84310324139133, 35.22709688189618]}";Black;Charlotte;Travel Lane;2;11;Urban (>70% Developed);Male;Truck/Trailer;0;#NULL!;0;0;Black;No;0;40-49;Head-On - Bicyclist;None;No;No;Dry;0;Urban;No;30SEP2011;0;11:53;Female;No;Commercial;C: Possible Injury;Yes;O: No Injury;3473;September;0;Straight - Level;Piedmont;Facing Traffic;Stop And Go Signal;Friday;Non-Intersection;44;0;Two-Way, Divided, Unprotected Median;4 lanes;0;#NULL!;#NULL!;Smooth Asphalt;#NULL!;No Special Feature;Head-On;Local Street;C: Possible Injury;Mecklenburg;50;Clear;#NULL!;0-5 mph;5 - 15 MPH;2011;Daylight;50-59
35.0203969067, -78.8981026478;"{""type"": ""Point"", ""coordinates"": [-78.89810264777874, 35.0203969066596]}";Black;Fayetteville;Non-Roadway;2;14;Mixed (30% To 70% Developed);Male;Passenger Car;0;#NULL!;0;0;Black;No;0;50-59;Crossing Paths - Uncontrolled Intersection;None;No;No;Dry;0;Urban;No;05OCT2011;0;14:06;Male;No;Commercial;C: Possible Injury;Yes;O: No Injury;3474;October;0;Straight - Level;Coastal;Not Applicable;No Control Present;Wednesday;Intersection-Related;58;0;Two-Way, Divided, Unprotected Median;2 lanes;0;#NULL!;#NULL!;Smooth Asphalt;#NULL!;No Special Feature;Crossing Paths - Other Circumstances;Local Street;C: Possible Injury;Cumberland;35;Clear;#NULL!;0-5 mph;20 - 25  MPH;2011;Daylight;30-39
35.908867092, -79.0593027431;"{""type"": ""Point"", ""coordinates"": [-79.05930274311169, 35.90886709204747]}";White;Chapel Hill;Bike Lane / Paved Shoulder;2;20;Urban (>70% Developed);Female;Passenger Car;0;#NULL!;0;0;White;No;0;20-24;Motorist Right Turn - Same Direction;None;No;No;Dry;0;Urban;No;09OCT2011;0;20:06;Female;No;Residential;B: Evident Injury;Yes;O: No Injury;3482;October;0;Straight - Level;Piedmont;With Traffic;No Control Present;Sunday;Intersection;23;0;Two-Way, Not Divided;2 lanes;0;#NULL!;#NULL!;Smooth Asphalt;#NULL!;T-Intersection;Motorist Right Turn / Merge;Local Street;B: Evident Injury;Orange;21;Clear;#NULL!;0-5 mph;30 - 35  MPH;2011;Dark - Lighted Roadway;20-24
35.7846770787, -78.688002624;"{""type"": ""Point"", ""coordinates"": [-78.68800262397363, 35.784677078713514]}";Black;Raleigh;Sidewalk / Crosswalk / Driveway Crossing;2;18;Mixed (30% To 70% Developed);Male;Passenger Car;0;#NULL!;0;0;White;No;0;11-15;Motorist Drive Out - Sign-Controlled Intersection;None;No;No;Dry;0;Urban;No;20OCT2011;0;18:51;Female;No;Commercial;C: Possible Injury;Yes;O: No Injury;3488;October;0;Straight - Level;Piedmont;Facing Traffic;Stop Sign;Thursday;Intersection;14;0;Two-Way, Not Divided;2 lanes;0;#NULL!;#NULL!;Smooth Asphalt;#NULL!;Driveway, Private;Motorist Failed to Yield - Sign-Controlled Intersection;Public Vehicular Area;C: Possible Injury;Wake;19;Clear;#NULL!;0-5 mph;20 - 25  MPH;2011;Dark - Lighted Roadway;0-19
35.793467081, -78.6843026228;"{""type"": ""Point"", ""coordinates"": [-78.68430262283867, 35.793467080994006]}";White;Raleigh;Travel Lane;2;5;Urban (>70% Developed);Female;Passenger Car;0;#NULL!;0;0;Unknown/Missing;No;0;30-39;Motorist Overtaking - Other / Unknown;None;No;No;Dry;0;Urban;Yes;01OCT2011;0;5:58;Unknown;Missing;Commercial;O: No Injury;Yes;Unknown Injury;3489;October;0;Straight - Level;Piedmont;With Traffic;No Control Present;Saturday;Non-Intersection;38;0;Two-Way, Not Divided;2 lanes;0;#NULL!;#NULL!;Concrete;#NULL!;Bridge;Motorist Overtaking Bicyclist;Local Street;O: No Injury;Wake;Unknown;Cloudy;#NULL!;16-20 mph;30 - 35  MPH;2011;Dark - Lighted Roadway;Unknown
35.3778769965, -78.5420025584;"{""type"": ""Point"", ""coordinates"": [-78.54200255838961, 35.37787699652939]}";Black;Benson;Sidewalk / Crosswalk / Driveway Crossing;2;15;Urban (>70% Developed);Male;Pickup;0;#NULL!;0;0;Hispanic;No;0;50-59;Motorist Drive Out - Commercial Driveway / Alley;None;No;No;Dry;0;Rural;No;15MAY2011;0;15:55;Female;No;Commercial;C: Possible Injury;Yes;O: No Injury;3491;May;0;Straight - Level;Coastal;Facing Traffic;Stop And Go Signal;Sunday;Non-Intersection;59;0;Two-Way, Divided, Unprotected Median;4 lanes;0;#NULL!;#NULL!;Smooth Asphalt;#NULL!;T-Intersection;Motorist Failed to Yield - Midblock;Local Street;C: Possible Injury;Johnston;20;Clear;#NULL!;6-10 mph;30 - 35  MPH;2011;Daylight;20-24
36.1785071047, -80.2827031266;"{""type"": ""Point"", ""coordinates"": [-80.28270312656645, 36.178507104672484]}";White;Winston-Salem;Travel Lane;2;14;Urban (>70% Developed);Male;Sport Utility;0;#NULL!;0;0;Black;No;0;11-15;Bicyclist Turning Error - Right Turn;None;Yes;No;Dry;0;Urban;No;04OCT2011;0;14:57;Male;Yes;Residential;B: Evident Injury;Yes;O: No Injury;3492;October;0;Straight - Grade;Piedmont;With Traffic;Stop Sign;Tuesday;Intersection;11;0;Two-Way, Not Divided;2 lanes;0;#NULL!;#NULL!;Smooth Asphalt;#NULL!;Related To Intersection;Loss of Control / Turning Error;Local Street;B: Evident Injury;Forsyth;44;Clear;#NULL!;Unknown;5 - 15 MPH;2011;Daylight;40-49
35.3893070201, -77.9222023712;"{""type"": ""Point"", ""coordinates"": [-77.92220237119241, 35.389307020122935]}";White;Goldsboro;Travel Lane;2;17;Urban (>70% Developed);Female;Passenger Car;0;#NULL!;0;0;White;No;0;40-49;Motorist Drive Out - Sign-Controlled Intersection;None;No;No;Dry;0;Urban;No;13OCT2011;0;17:35;Male;No;Residential;B: Evident Injury;Yes;O: No Injury;3496;October;0;Straight - Level;Coastal;Facing Traffic;Stop Sign;Thursday;Intersection;40;0;Two-Way, Not Divided;3 lanes;0;#NULL!;#NULL!;Smooth Asphalt;#NULL!;No Special Feature;Motorist Failed to Yield - Sign-Controlled Intersection;Local Street;B: Evident Injury;Wayne;32;Clear;#NULL!;0-5 mph;30 - 35  MPH;2011;Daylight;30-39
35.9776671513, -77.803502365;"{""type"": ""Point"", ""coordinates"": [-77.8035023649735, 35.977667151281864]}";Unknown/Missing;Rocky Mount;Non-Roadway;2;2;Urban (>70% Developed);Unknown;Passenger Car;0;#NULL!;0;0;White;No;0;Unknown;Non-Roadway;None;No;Missing;Dry;0;Urban;No;31JUL2011;0;2:57;Male;No;Commercial;O: No Injury;No;O: No Injury;3499;July;0;Straight - Level;Coastal;Not Applicable;No Control Present;Sunday;Non-Roadway;Unknown;0;Two-Way, Not Divided;Unknown;0;#NULL!;#NULL!;Coarse Asphalt;#NULL!;No Special Feature;Non-Roadway;Public Vehicular Area;Unknown Injury;Nash;22;Clear;#NULL!;0-5 mph;5 - 15 MPH;2011;Dark - Lighted Roadway;20-24
34.7683969024, -77.3788021755;"{""type"": ""Point"", ""coordinates"": [-77.37880217551637, 34.7683969023728]}";White;Jacksonville;Travel Lane;2;17;Urban (>70% Developed);Female;Passenger Car;0;#NULL!;0;0;White;No;0;50-59;Motorist Overtaking - Misjudged Space;None;No;No;Dry;0;Urban;No;02OCT2011;0;17:40;Female;No;Residential;C: Possible Injury;Yes;O: No Injury;3500;October;0;Straight - Level;Coastal;With Traffic;No Control Present;Sunday;Non-Intersection;54;0;Two-Way, Not Divided;3 lanes;0;#NULL!;#NULL!;Smooth Asphalt;#NULL!;No Special Feature;Motorist Overtaking Bicyclist;Local Street;C: Possible Injury;Onslow;70+;Clear;#NULL!;21-25 mph;40 - 45  MPH;2011;Daylight;70+
35.9409971437, -77.7877023585;"{""type"": ""Point"", ""coordinates"": [-77.78770235848101, 35.94099714372577]}";Black;Rocky Mount;Travel Lane;2;13;Urban (>70% Developed);Male;Pickup;0;#NULL!;0;0;White;No;0;70+;Motorist Drive Out - Sign-Controlled Intersection;None;No;No;Dry;0;Urban;No;17OCT2011;0;13:25;Male;No;Residential;C: Possible Injury;No;O: No Injury;3504;October;0;Straight - Level;Coastal;Facing Traffic;Stop Sign;Monday;Intersection;70+;0;Two-Way, Not Divided;2 lanes;0;#NULL!;#NULL!;Coarse Asphalt;#NULL!;No Special Feature;Motorist Failed to Yield - Sign-Controlled Intersection;Local Street;C: Possible Injury;Edgecombe;27;Clear;#NULL!;31-35 mph;30 - 35  MPH;2011;Daylight;25-29
35.9160371901, -76.2498018871;"{""type"": ""Point"", ""coordinates"": [-76.24980188712829, 35.91603719011025]}";Unknown/Missing;Columbia;Travel Lane;2;18;Urban (>70% Developed);Female;Passenger Car;0;#NULL!;0;0;Black;No;0;50-59;Motorist Overtaking - Bicyclist Swerved;None;No;No;Dry;0;Rural;No;06OCT2011;0;18:08;Male;No;Residential;O: No Injury;No;O: No Injury;3511;October;0;Straight - Level;Coastal;With Traffic;No Control Present;Thursday;Non-Intersection;56;0;Two-Way, Not Divided;1 lane;0;#NULL!;#NULL!;Smooth Asphalt;#NULL!;No Special Feature;Motorist Overtaking Bicyclist;Local Street;Unknown Injury;Tyrrell;18;Clear;#NULL!;21-25 mph;30 - 35  MPH;2011;Daylight;0-19
34.9893368428, -80.5320031358;"{""type"": ""Point"", ""coordinates"": [-80.53200313576721, 34.98933684283813]}";White;Monroe;Travel Lane;2;14;Mixed (30% To 70% Developed);Male;Passenger Car;0;#NULL!;0;0;White;No;0;40-49;Bicyclist Ride Out - Other Midblock;None;No;No;Dry;0;Urban;No;14OCT2011;0;14:05;Female;No;Commercial;C: Possible Injury;Yes;O: No Injury;3517;October;0;Straight - Level;Piedmont;Not Applicable;No Control Present;Friday;Non-Intersection;47;0;Two-Way, Divided, Unprotected Median;3 lanes;0;#NULL!;#NULL!;Coarse Asphalt;#NULL!;No Special Feature;Bicyclist Failed to Yield - Midblock;US Route;C: Possible Injury;Union;41;Clear;#NULL!;31-35 mph;40 - 45  MPH;2011;Daylight;40-49