Geo Point;Geo Shape;BikeRace;City;BikePos;NumUnits;CrashHour;Locality;BikeSex;DrvrVehTyp;NumBikesNo;BikeAlcDrg;NumBikesBI;RteInvdCd;DrvrRace;Workzone;NumBikesCi;BikeAgeGrp;CrashType;RdDefects;CrashAlcoh;BikeAlcoho;RdConditio;DstncMiFrm;RuralUrban;HitRun;CrashDate;NumBikesUI;CrashTime;DrvrSex;DrvrAlcoho;Developmen;CrashSevr;AmbulanceR;DrvrInjury;OBJECTID;CrashMonth;NumBikesKi;RdCharacte;Region;BikeDir;TraffCntrl;CrashDay;CrashLoc;BikeAge;NumBikesTo;RdConfig;NumLanes;NumBikesAI;DrvrAlcDrg;OnRoad;RdSurface;Towrd_Rd;RdFeature;CrashGrp;RdClass;BikeInjury;County;DrvrAge;Weather;FrmRd;DrvrEstSpd;SpeedLimit;CrashYear;LightCond;DrvrAgeGrp
35.739187018, -80.1028030489;"{""type"": ""Point"", ""coordinates"": [-80.10280304885062, 35.73918701804561]}";White;None - Rural Crash;Travel Lane;2;19;Rural (<30% Developed);Male;Pickup;0;#NULL!;0;0;White;No;0;40-49;Motorist Overtaking - Misjudged Space;None;No;No;Dry;0;Rural;Yes;01NOV2011;0;19:11;Male;No;Residential;K: Killed;Yes;O: No Injury;3521;November;0;Straight - Level;Piedmont;With Traffic;Double Yellow Line, No Passing Zone;Tuesday;Non-Intersection;45;0;Two-Way, Not Divided;2 lanes;0;#NULL!;#NULL!;Smooth Asphalt;#NULL!;No Special Feature;Motorist Overtaking Bicyclist;State Secondary Route;K: Killed;Davidson;30;Clear;#NULL!;51-55 mph;50 - 55  MPH;2011;Dark - Roadway Not Lighted;30-39
34.8148068556, -79.0842326933;"{""type"": ""Point"", ""coordinates"": [-79.08423269332599, 34.81480685564969]}";Hispanic;None - Rural Crash;Travel Lane;2;18;Rural (<30% Developed);Male;Passenger Car;0;#NULL!;0;0;Black;No;0;20-24;Motorist Overtaking - Other / Unknown;None;Yes;Yes;Wet;0;Rural;No;30JUL2008;0;18:53;Female;No;Residential;B: Evident Injury;Yes;O: No Injury;6022;July;0;Straight - Level;Coastal;With Traffic;Double Yellow Line, No Passing Zone;Wednesday;Non-Intersection;22;0;Two-Way, Not Divided;2 lanes;0;#NULL!;#NULL!;Smooth Asphalt;#NULL!;No Special Feature;Motorist Overtaking Bicyclist;State Secondary Route;B: Evident Injury;Robeson;59;Cloudy;#NULL!;46-50 mph;50 - 55  MPH;2008;Daylight;50-59
35.0862799211, -78.9041926534;"{""type"": ""Point"", ""coordinates"": [-78.90419265338976, 35.08627992110516]}";Black;Fayetteville;Travel Lane;2;17;Urban (>70% Developed);Male;Police;0;#NULL!;0;0;White;No;0;30-39;Unknown Approach Paths;None;No;No;Dry;0;Urban;No;05AUG2008;0;17:51;Male;No;Residential;O: No Injury;No;O: No Injury;6046;August;0;Straight - Level;Coastal;Unknown;Missing;Tuesday;Non-Intersection;31;0;Two-Way, Not Divided;2 lanes;0;#NULL!;#NULL!;Coarse Asphalt;#NULL!;No Special Feature;Other / Unknown - Insufficient Details;Local Street;O: No Injury;Cumberland;42;Clear;#NULL!;6-10 mph;5 - 15 MPH;2008;Daylight;40-49
35.0569908483, -80.769893211;"{""type"": ""Point"", ""coordinates"": [-80.76989321095664, 35.05699084829059]}";White;Charlotte;Travel Lane;2;9;Urban (>70% Developed);Male;Passenger Car;0;#NULL!;0;0;Black;No;0;60-69;Motorist Right Turn - Same Direction;None;No;No;Dry;0;Urban;No;01SEP2008;0;9:28;Female;No;Commercial;B: Evident Injury;Yes;O: No Injury;6051;September;0;Straight - Grade;Piedmont;With Traffic;No Control Present;Monday;Intersection;66;0;Two-Way, Not Divided;2 lanes;0;#NULL!;#NULL!;Smooth Asphalt;#NULL!;No Special Feature;Motorist Right Turn / Merge;Local Street;B: Evident Injury;Mecklenburg;24;Clear;#NULL!;41-45 mph;40 - 45  MPH;2008;Daylight;20-24
35.5869768935, -82.5665137737;"{""type"": ""Point"", ""coordinates"": [-82.56651377373854, 35.5869768935193]}";White;Asheville;Travel Lane;2;13;Urban (>70% Developed);Female;Pickup;0;#NULL!;0;0;Unknown/Missing;No;0;20-24;Motorist Right Turn - Same Direction;Unknown;No;No;Dry;0;Urban;Yes;08AUG2008;0;13:38;Unknown;No;Commercial;B: Evident Injury;Yes;Unknown Injury;6054;August;0;Straight - Grade;Mountains;With Traffic;No Control Present;Friday;Intersection;20;0;Two-Way, Not Divided;5 lanes;0;#NULL!;#NULL!;Smooth Asphalt;#NULL!;Related To Intersection;Motorist Right Turn / Merge;Local Street;B: Evident Injury;Buncombe;Unknown;Clear;#NULL!;Unknown;30 - 35  MPH;2008;Daylight;Unknown
35.2814568681, -81.5460834534;"{""type"": ""Point"", ""coordinates"": [-81.54608345342585, 35.2814568680746]}";Black;Shelby;Travel Lane;2;14;Mixed (30% To 70% Developed);Male;Passenger Car;0;#NULL!;0;0;White;No;0;11-15;Motorist Overtaking - Bicyclist Swerved;None;No;No;Dry;0;Urban;No;12AUG2008;0;14:00;Female;No;Residential;C: Possible Injury;Yes;O: No Injury;6064;August;0;Straight - Grade;Mountains;With Traffic;No Control Present;Tuesday;Intersection;11;0;Two-Way, Not Divided;2 lanes;0;#NULL!;#NULL!;Smooth Asphalt;#NULL!;No Special Feature;Motorist Overtaking Bicyclist;Local Street;C: Possible Injury;Cleveland;60;Clear;#NULL!;16-20 mph;30 - 35  MPH;2008;Daylight;60-69
35.778369079, -78.6432526096;"{""type"": ""Point"", ""coordinates"": [-78.64325260956973, 35.778369078955805]}";White;Raleigh;Travel Lane;2;21;Urban (>70% Developed);Male;Sport Utility;0;#NULL!;0;0;Unknown/Missing;No;0;20-24;Backing Vehicle;None;No;No;Dry;0;Urban;No;10JUL2008;0;21:19;Unknown;Missing;Commercial;O: No Injury;No;Unknown Injury;6076;July;0;Straight - Level;Piedmont;With Traffic;No Control Present;Thursday;Non-Intersection;22;0;Two-Way, Not Divided;3 lanes;0;#NULL!;#NULL!;Smooth Asphalt;#NULL!;Four-Way Intersection;Backing Vehicle;Local Street;O: No Injury;Wake;Unknown;Clear;#NULL!;0-5 mph;5 - 15 MPH;2008;Dark - Lighted Roadway;Unknown
36.1646042604, -75.7527557459;"{""type"": ""Point"", ""coordinates"": [-75.75275574591252, 36.164604260357066]}";White;Duck;Multi-use Path;2;17;Urban (>70% Developed);Male;Sport Utility;0;#NULL!;0;0;White;No;0;30-39;Motorist Drive Out - Commercial Driveway / Alley;None;No;No;Dry;0;Rural;No;16AUG2008;0;17:29;Male;No;Commercial;B: Evident Injury;Yes;O: No Injury;6081;August;0;Curve - Level;Coastal;Facing Traffic;Missing;Saturday;Non-Intersection;37;0;Two-Way, Not Divided;1 lane;0;#NULL!;#NULL!;Smooth Asphalt;#NULL!;Shared-Use Paths Or Trails;Motorist Failed to Yield - Midblock;NC Route;C: Possible Injury;Dare;25;Clear;#NULL!;0-5 mph;20 - 25  MPH;2008;Daylight;25-29
35.6966549645, -81.3014034044;"{""type"": ""Point"", ""coordinates"": [-81.30140340438024, 35.69665496449931]}";White;Hickory;Non-Roadway;2;19;Urban (>70% Developed);Male;Unknown;0;#NULL!;0;0;Unknown/Missing;No;0;11-15;Non-Roadway;None;No;No;Dry;0;Urban;Yes;12AUG2008;0;19:30;Unknown;Missing;Residential;B: Evident Injury;Yes;Unknown Injury;6084;August;0;Straight - Level;Piedmont;Not Applicable;Missing;Tuesday;Non-Roadway;11;0;Two-Way, Not Divided;2 lanes;0;#NULL!;#NULL!;Coarse Asphalt;#NULL!;No Special Feature;Non-Roadway;Public Vehicular Area;B: Evident Injury;Catawba;Unknown;Clear;#NULL!;0-5 mph;Unknown;2008;Daylight;Unknown
35.5781398905, -82.5831537775;"{""type"": ""Point"", ""coordinates"": [-82.58315377754293, 35.57813989049201]}";White;Asheville;Travel Lane;2;19;Urban (>70% Developed);Male;Passenger Car;0;#NULL!;0;0;Black;No;0;30-39;Bicyclist Ride Through - Signalized Intersection;None;No;No;Dry;0;Urban;No;17AUG2008;0;19:26;Female;No;Commercial;C: Possible Injury;No;O: No Injury;6086;August;0;Straight - Level;Mountains;With Traffic;Stop And Go Signal;Sunday;Intersection;34;0;Two-Way, Not Divided;4 lanes;0;#NULL!;#NULL!;Smooth Asphalt;#NULL!;Bridge;Bicyclist Failed to Yield - Signalized Intersection;Local Street;C: Possible Injury;Buncombe;24;Clear;#NULL!;11-15 mph;30 - 35  MPH;2008;Daylight;20-24
35.8341071321, -77.4747422578;"{""type"": ""Point"", ""coordinates"": [-77.47474225778862, 35.83410713205422]}";Black;None - Rural Crash;Travel Lane;2;20;Rural (<30% Developed);Male;Passenger Car;0;#NULL!;0;0;Black;No;0;11-15;Bicyclist Ride Through - Sign-Controlled Intersection;None;No;No;Dry;0;Rural;No;18AUG2008;0;20:22;Female;No;Farms, Woods, Pastures;C: Possible Injury;Yes;O: No Injury;6088;August;0;Straight - Level;Coastal;With Traffic;Stop Sign;Monday;Intersection;13;0;Two-Way, Not Divided;2 lanes;0;#NULL!;#NULL!;Coarse Asphalt;#NULL!;Driveway, Private;Bicyclist Failed to Yield - Sign-Controlled Intersection;US Route;C: Possible Injury;Edgecombe;70+;Clear;#NULL!;51-55 mph;50 - 55  MPH;2008;Dark - Roadway Not Lighted;70+
35.1959298747, -80.8770732503;"{""type"": ""Point"", ""coordinates"": [-80.8770732503419, 35.19592987469445]}";White;Charlotte;Travel Lane;2;17;Urban (>70% Developed);Female;Passenger Car;0;#NULL!;0;0;Unknown/Missing;No;0;40-49;Motorist Left Turn - Opposite Direction;None;No;No;Dry;0;Urban;Yes;04SEP2008;0;17:00;Unknown;Missing;Commercial;C: Possible Injury;No;Unknown Injury;6095;September;0;Straight - Level;Piedmont;With Traffic;Stop And Go Signal;Thursday;Intersection;48;0;Two-Way, Not Divided;4 lanes;0;#NULL!;#NULL!;Smooth Asphalt;#NULL!;Four-Way Intersection;Motorist Left Turn / Merge;Local Street;C: Possible Injury;Mecklenburg;Unknown;Clear;#NULL!;Unknown;Unknown;2008;Daylight;Unknown
35.0534869152, -78.8659226398;"{""type"": ""Point"", ""coordinates"": [-78.86592263975209, 35.05348691517469]}";Black;Fayetteville;Unknown;2;16;Urban (>70% Developed);Female;Passenger Car;0;#NULL!;0;0;Black;No;0;40-49;Unknown Approach Paths;None;No;No;Dry;0;Urban;No;22AUG2008;0;16:33;Male;No;Commercial;O: No Injury;No;O: No Injury;6097;August;0;Straight - Level;Coastal;Not Applicable;No Control Present;Friday;Non-Intersection;43;0;Two-Way, Not Divided;5 lanes;0;#NULL!;#NULL!;Coarse Asphalt;#NULL!;No Special Feature;Other / Unknown - Insufficient Details;Local Street;O: No Injury;Cumberland;45;Clear;#NULL!;6-10 mph;30 - 35  MPH;2008;Daylight;40-49
35.3075749784, -78.6196825789;"{""type"": ""Point"", ""coordinates"": [-78.61968257887172, 35.30757497841505]}";White;Dunn;Unknown;2;19;Urban (>70% Developed);Male;Passenger Car;0;#NULL!;0;0;Black;No;0;11-15;Crossing Paths - Midblock - Other / Unknown;None;No;No;Dry;0;Urban;No;23AUG2008;0;19:46;Male;No;Residential;C: Possible Injury;No;O: No Injury;6103;August;0;Straight - Level;Coastal;Not Applicable;No Control Present;Saturday;Non-Intersection;11;0;Two-Way, Not Divided;2 lanes;0;#NULL!;#NULL!;Coarse Asphalt;#NULL!;No Special Feature;Crossing Paths - Other Circumstances;Local Street;C: Possible Injury;Harnett;27;Clear;#NULL!;31-35 mph;30 - 35  MPH;2008;Daylight;25-29
35.3111068393, -82.4697537289;"{""type"": ""Point"", ""coordinates"": [-82.46975372890941, 35.31110683927123]}";White;Hendersonville;Non-Roadway;2;20;Urban (>70% Developed);Female;Passenger Car;0;#NULL!;0;0;Hispanic;No;0;16-19;Bicyclist Lost Control - Mechanical Problems;None;No;No;Dry;0;Urban;No;08AUG2008;0;20:11;Male;No;Residential;C: Possible Injury;Yes;O: No Injury;6105;August;0;Straight - Hillcrest;Mountains;Not Applicable;Missing;Friday;Non-Intersection;19;0;Two-Way, Not Divided;2 lanes;0;#NULL!;#NULL!;Smooth Asphalt;#NULL!;No Special Feature;Loss of Control / Turning Error;Local Street;C: Possible Injury;Henderson;29;Clear;#NULL!;0-5 mph;30 - 35  MPH;2008;Dusk;25-29
35.1099920229, -75.9756717638;"{""type"": ""Point"", ""coordinates"": [-75.97567176383258, 35.10999202294699]}";White;None - Rural Crash;Travel Lane;2;17;Urban (>70% Developed);Male;Sport Utility;0;#NULL!;0;0;White;No;0;6-10;Bicyclist Ride Out - Sign-Controlled Intersection;None;No;No;Dry;0;Rural;No;20JUL2008;0;17:20;Male;No;Residential;B: Evident Injury;Yes;O: No Injury;6112;July;0;Straight - Level;Coastal;Facing Traffic;Stop Sign;Sunday;Intersection;10;0;Two-Way, Not Divided;2 lanes;0;#NULL!;#NULL!;Smooth Asphalt;#NULL!;Four-Way Intersection;Bicyclist Failed to Yield - Sign-Controlled Intersection;Local Street;B: Evident Injury;Hyde;16;Clear;#NULL!;11-15 mph;20 - 25  MPH;2008;Daylight;0-19
35.2708918611, -81.6690474895;"{""type"": ""Point"", ""coordinates"": [-81.66904748952982, 35.270891861135205]}";Black;None - Rural Crash;Travel Lane;2;11;Mixed (30% To 70% Developed);Male;Sport Utility;0;#NULL!;0;0;White;No;0;50-59;Motorist Overtaking - Misjudged Space;None;No;No;Wet;0;Rural;No;27AUG2008;0;11:52;Female;No;Residential;B: Evident Injury;Yes;O: No Injury;6117;August;0;Straight - Level;Mountains;With Traffic;Missing;Wednesday;Non-Intersection;52;0;Two-Way, Not Divided;2 lanes;0;#NULL!;#NULL!;Smooth Asphalt;#NULL!;No Special Feature;Motorist Overtaking Bicyclist;State Secondary Route;B: Evident Injury;Cleveland;62;Rain;#NULL!;31-35 mph;50 - 55  MPH;2008;Daylight;60-69
35.9300371402, -77.8141123664;"{""type"": ""Point"", ""coordinates"": [-77.81411236642772, 35.930037140186535]}";Black;Rocky Mount;Travel Lane;2;19;Urban (>70% Developed);Male;Passenger Car;0;#NULL!;0;0;Black;No;0;30-39;Motorist Drive Out - Commercial Driveway / Alley;None;No;No;Dry;0;Urban;No;27JUN2008;0;19:30;Male;No;Commercial;C: Possible Injury;No;O: No Injury;6121;June;0;Straight - Level;Coastal;Facing Traffic;Missing;Friday;Non-Intersection;31;0;Two-Way, Not Divided;3 lanes;0;#NULL!;#NULL!;Smooth Asphalt;#NULL!;No Special Feature;Motorist Failed to Yield - Midblock;Local Street;C: Possible Injury;Nash;26;Clear;#NULL!;0-5 mph;30 - 35  MPH;2008;Daylight;25-29
36.3500972837, -76.267205914;"{""type"": ""Point"", ""coordinates"": [-76.2672059139941, 36.35009728372077]}";White;None - Rural Crash;Non-Roadway;2;17;Mixed (30% To 70% Developed);Male;Passenger Car;0;#NULL!;0;0;Black;No;0;11-15;Bicyclist Ride Out - Other Midblock;None;No;No;Dry;0;Rural;No;02SEP2008;0;17:02;Male;No;Commercial;B: Evident Injury;No;O: No Injury;6131;September;0;Straight - Level;Coastal;Not Applicable;No Control Present;Tuesday;Non-Intersection;13;0;Two-Way, Divided, Unprotected Median;4 lanes;0;#NULL!;#NULL!;Coarse Asphalt;#NULL!;No Special Feature;Bicyclist Failed to Yield - Midblock;US Route;B: Evident Injury;Pasquotank;17;Clear;#NULL!;51-55 mph;50 - 55  MPH;2008;Daylight;0-19
35.5122289241, -81.341037406;"{""type"": ""Point"", ""coordinates"": [-81.34103740598992, 35.51222892412526]}";White;None - Rural Crash;Travel Lane;2;17;Rural (<30% Developed);Male;Passenger Car;0;#NULL!;0;0;White;No;0;40-49;Motorist Overtaking - Other / Unknown;None;No;No;Dry;0;Rural;No;22SEP2008;0;17:50;Male;No;Farms, Woods, Pastures;A: Disabling Injury;Yes;O: No Injury;6134;September;0;Straight - Grade;Piedmont;With Traffic;Double Yellow Line, No Passing Zone;Monday;Non-Intersection;45;0;Two-Way, Not Divided;2 lanes;0;#NULL!;#NULL!;Coarse Asphalt;#NULL!;No Special Feature;Motorist Overtaking Bicyclist;State Secondary Route;A: Disabling Injury;Lincoln;37;Clear;#NULL!;51-55 mph;50 - 55  MPH;2008;Daylight;30-39
34.8811469075, -77.9744423617;"{""type"": ""Point"", ""coordinates"": [-77.97444236172721, 34.881146907509276]}";Black;None - Rural Crash;Travel Lane;2;22;Rural (<30% Developed);Female;Pedalcycle;0;#NULL!;0;0;Black;No;0;30-39;Head-On - Bicyclist;None;Yes;No;Dry;0;Rural;No;21AUG2008;0;22:35;Male;Yes;Farms, Woods, Pastures;K: Killed;Yes;K: Killed;6135;August;0;Straight - Level;Coastal;With Traffic;No Control Present;Thursday;Non-Intersection;37;0;Two-Way, Not Divided;2 lanes;0;#NULL!;#NULL!;Coarse Asphalt;#NULL!;No Special Feature;Head-On;NC Route;B: Evident Injury;Duplin;57;Clear;#NULL!;Unknown;Unknown;2008;Dark - Roadway Not Lighted;50-59
35.2006598767, -80.8429982409;"{""type"": ""Point"", ""coordinates"": [-80.84299824093208, 35.200659876720316]}";White;Charlotte;Bike Lane / Paved Shoulder;2;18;Urban (>70% Developed);Male;Passenger Car;0;#NULL!;0;0;White;No;0;25-29;Motorist Left Turn - Opposite Direction;None;No;No;Dry;0;Urban;No;23SEP2008;0;18:30;Male;No;Commercial;B: Evident Injury;No;O: No Injury;6137;September;0;Straight - Grade;Piedmont;With Traffic;No Control Present;Tuesday;Intersection;28;0;Two-Way, Divided, Unprotected Median;3 lanes;0;#NULL!;#NULL!;Smooth Asphalt;#NULL!;No Special Feature;Motorist Left Turn / Merge;Local Street;B: Evident Injury;Mecklenburg;40;Clear;#NULL!;6-10 mph;30 - 35  MPH;2008;Daylight;40-49
35.0496869108, -78.9570126667;"{""type"": ""Point"", ""coordinates"": [-78.95701266671121, 35.04968691077216]}";Black;Fayetteville;Travel Lane;2;17;Urban (>70% Developed);Male;Pickup;0;#NULL!;0;0;Asian;No;0;11-15;Bicyclist Lost Control - Mechanical Problems;None;No;No;Dry;0;Urban;No;22MAY2008;0;17:32;Male;No;Residential;B: Evident Injury;Yes;O: No Injury;6139;May;0;Straight - Level;Coastal;Facing Traffic;Stop Sign;Thursday;Intersection;14;0;Two-Way, Not Divided;8 lanes;0;#NULL!;#NULL!;Coarse Asphalt;#NULL!;Four-Way Intersection;Loss of Control / Turning Error;Local Street;B: Evident Injury;Cumberland;49;Clear;#NULL!;0-5 mph;30 - 35  MPH;2008;Daylight;40-49
34.2377497676, -77.9192523139;"{""type"": ""Point"", ""coordinates"": [-77.91925231391974, 34.2377497675857]}";Black;Wilmington;Sidewalk / Crosswalk / Driveway Crossing;2;11;Urban (>70% Developed);Male;Van;0;#NULL!;0;0;White;No;0;16-19;Motorist Drive Out - Sign-Controlled Intersection;None;No;No;Dry;0;Urban;No;25AUG2008;0;11:19;Female;No;Residential;C: Possible Injury;No;Unknown Injury;6145;August;0;Straight - Level;Coastal;Facing Traffic;Missing;Monday;Intersection;16;0;One-Way, Not Divided;2 lanes;0;#NULL!;#NULL!;Coarse Asphalt;#NULL!;No Special Feature;Motorist Failed to Yield - Sign-Controlled Intersection;Local Street;C: Possible Injury;New Hanover;25;Cloudy;#NULL!;0-5 mph;20 - 25  MPH;2008;Daylight;25-29
35.8985020883, -79.1079227576;"{""type"": ""Point"", ""coordinates"": [-79.10792275758905, 35.89850208832716]}";White;None - Rural Crash;Travel Lane;2;13;Rural (<30% Developed);Female;Pickup;0;#NULL!;0;0;White;No;0;30-39;Motorist Overtaking - Other / Unknown;None;No;No;Dry;0;Rural;No;04SEP2008;0;13:43;Male;No;Farms, Woods, Pastures;C: Possible Injury;Yes;O: No Injury;6149;September;0;Curve - Grade;Piedmont;With Traffic;Double Yellow Line, No Passing Zone;Thursday;Non-Intersection;33;0;Two-Way, Not Divided;2 lanes;0;#NULL!;#NULL!;Smooth Asphalt;#NULL!;No Special Feature;Motorist Overtaking Bicyclist;State Secondary Route;C: Possible Injury;Orange;53;Clear;#NULL!;41-45 mph;40 - 45  MPH;2008;Daylight;50-59
35.0306869079, -78.924052656;"{""type"": ""Point"", ""coordinates"": [-78.92405265600395, 35.0306869078539]}";White;Fayetteville;Non-Roadway;2;21;Urban (>70% Developed);Male;Passenger Car;0;#NULL!;0;0;Black;No;0;20-24;Non-Roadway;None;No;No;Dry;0;Urban;No;08SEP2008;0;21:37;Male;No;Commercial;O: No Injury;No;O: No Injury;6154;September;0;Straight - Level;Coastal;Not Applicable;No Control Present;Monday;Non-Roadway;20;0;Two-Way, Not Divided;2 lanes;0;#NULL!;#NULL!;Coarse Asphalt;#NULL!;No Special Feature;Non-Roadway;Public Vehicular Area;O: No Injury;Cumberland;25;Clear;#NULL!;6-10 mph;30 - 35  MPH;2008;Dark - Lighted Roadway;25-29
36.0211770855, -79.9072630051;"{""type"": ""Point"", ""coordinates"": [-79.9072630051434, 36.02117708545495]}";Black;Greensboro;Travel Lane;2;16;Urban (>70% Developed);Male;Sport Utility;0;#NULL!;0;0;White;No;0;11-15;Non-Roadway;None;No;No;Wet;0;Urban;No;11SEP2008;0;16:33;Male;No;Residential;B: Evident Injury;Yes;O: No Injury;6168;September;0;Straight - Grade;Piedmont;Not Applicable;Missing;Thursday;Non-Roadway;14;0;Two-Way, Not Divided;Unknown;0;#NULL!;#NULL!;Smooth Asphalt;#NULL!;Driveway, Public;Non-Roadway;Public Vehicular Area;B: Evident Injury;Guilford;18;Cloudy;#NULL!;0-5 mph;Unknown;2008;Daylight;0-19
34.6945638241, -79.2499427375;"{""type"": ""Point"", ""coordinates"": [-79.24994273751656, 34.69456382413]}";Native American;None - Rural Crash;Travel Lane;2;23;Rural (<30% Developed);Male;Unknown;0;#NULL!;0;0;Unknown/Missing;No;0;30-39;Motorist Overtaking - Other / Unknown;None;No;No;Dry;0;Rural;Yes;11SEP2008;0;23:19;Unknown;Missing;Farms, Woods, Pastures;C: Possible Injury;Yes;Unknown Injury;6170;September;0;Straight - Level;Coastal;With Traffic;No Control Present;Thursday;Non-Intersection;31;0;Two-Way, Not Divided;2 lanes;0;#NULL!;#NULL!;Coarse Asphalt;#NULL!;No Special Feature;Motorist Overtaking Bicyclist;State Secondary Route;C: Possible Injury;Robeson;Unknown;Clear;#NULL!;51-55 mph;50 - 55  MPH;2008;Dark - Roadway Not Lighted;Unknown
36.0931311192, -79.3962028549;"{""type"": ""Point"", ""coordinates"": [-79.39620285485505, 36.093131119222654]}";White;Burlington;Travel Lane;2;20;Urban (>70% Developed);Male;Van;0;#NULL!;0;0;White;No;0;11-15;Motorist Overtaking - Undetected Bicyclist;None;No;No;Dry;0;Urban;No;12SEP2008;0;20:23;Female;No;Commercial;B: Evident Injury;Yes;O: No Injury;6171;September;0;Straight - Level;Piedmont;With Traffic;No Control Present;Friday;Non-Intersection;13;0;Two-Way, Not Divided;4 lanes;0;#NULL!;#NULL!;Smooth Asphalt;#NULL!;No Special Feature;Motorist Overtaking Bicyclist;Local Street;B: Evident Injury;Alamance;62;Clear;#NULL!;31-35 mph;40 - 45  MPH;2008;Dark - Roadway Not Lighted;60-69
35.9352790982, -79.0560177439;"{""type"": ""Point"", ""coordinates"": [-79.05601774388468, 35.93527909823597]}";White;Chapel Hill;Sidewalk / Crosswalk / Driveway Crossing;2;20;Urban (>70% Developed);Male;Passenger Car;0;#NULL!;0;0;White;No;0;30-39;Signalized Intersection - Other / Unknown;None;No;No;Water (Standing, Moving);0;Urban;No;12SEP2008;0;20:39;Female;No;Residential;B: Evident Injury;Yes;O: No Injury;6173;September;0;Straight - Level;Piedmont;Facing Traffic;Stop And Go Signal;Friday;Intersection;33;0;Two-Way, Divided, Unprotected Median;5 lanes;0;#NULL!;#NULL!;Smooth Asphalt;#NULL!;Four-Way Intersection;Crossing Paths - Other Circumstances;Local Street;B: Evident Injury;Orange;31;Rain;#NULL!;Unknown;30 - 35  MPH;2008;Dark - Roadway Not Lighted;30-39
35.3964000198, -77.9684123861;"{""type"": ""Point"", ""coordinates"": [-77.96841238605795, 35.39640001978446]}";Black;Goldsboro;Travel Lane;2;20;Urban (>70% Developed);Male;Passenger Car;0;#NULL!;0;0;Unknown/Missing;No;0;60-69;Motorist Overtaking - Other / Unknown;None;No;No;Dry;0;Urban;Yes;17SEP2008;0;20:27;Unknown;No;Commercial;B: Evident Injury;Yes;Unknown Injury;6180;September;0;Straight - Level;Coastal;With Traffic;No Control Present;Wednesday;Non-Intersection;62;0;Two-Way, Divided, Positive Median Barrier;5 lanes;0;#NULL!;#NULL!;Coarse Asphalt;#NULL!;Bridge;Motorist Overtaking Bicyclist;Local Street;B: Evident Injury;Wayne;Unknown;Clear;#NULL!;31-35 mph;30 - 35  MPH;2008;Dark - Roadway Not Lighted;Unknown
34.7753569042, -77.3901121794;"{""type"": ""Point"", ""coordinates"": [-77.39011217939068, 34.77535690420142]}";White;Jacksonville;Travel Lane;2;13;Urban (>70% Developed);Female;Unknown;0;#NULL!;0;0;Unknown/Missing;No;0;11-15;Bicyclist Ride Out - Other Midblock;None;No;No;Dry;0;Urban;Yes;13SEP2008;0;13:58;Unknown;Missing;Commercial;C: Possible Injury;No;Unknown Injury;6191;September;0;Straight - Level;Coastal;Not Applicable;No Control Present;Saturday;Non-Intersection;12;0;Two-Way, Divided, Unprotected Median;5 lanes;0;#NULL!;#NULL!;Smooth Asphalt;#NULL!;No Special Feature;Bicyclist Failed to Yield - Midblock;Local Street;C: Possible Injury;Onslow;Unknown;Clear;#NULL!;0-5 mph;40 - 45  MPH;2008;Daylight;Unknown
36.4595942591, -77.662032348;"{""type"": ""Point"", ""coordinates"": [-77.66203234797985, 36.45959425906836]}";Black;Roanoke Rapids;Travel Lane;2;17;Urban (>70% Developed);Male;Passenger Car;0;#NULL!;0;0;Black;No;0;16-19;Motorist Drive Out - Sign-Controlled Intersection;None;No;No;Dry;0;Urban;Yes;25SEP2008;0;17:44;Female;No;Residential;B: Evident Injury;Yes;O: No Injury;6198;September;0;Straight - Level;Coastal;With Traffic;Stop Sign;Thursday;Intersection;18;0;Two-Way, Not Divided;2 lanes;0;#NULL!;#NULL!;Concrete;#NULL!;No Special Feature;Motorist Failed to Yield - Sign-Controlled Intersection;Local Street;B: Evident Injury;Halifax;30;Clear;#NULL!;11-15 mph;20 - 25  MPH;2008;Daylight;30-39
35.4623469953, -79.099652731;"{""type"": ""Point"", ""coordinates"": [-79.09965273095672, 35.462346995262905]}";Black;None - Rural Crash;Travel Lane;2;17;Rural (<30% Developed);Male;Sport Utility;0;#NULL!;0;0;White;No;0;40-49;Motorist Overtaking - Undetected Bicyclist;None;No;No;Dry;0;Rural;No;24SEP2008;0;17:30;Female;No;Farms, Woods, Pastures;C: Possible Injury;Yes;O: No Injury;6200;September;0;Straight - Level;Piedmont;With Traffic;Missing;Wednesday;Non-Intersection;46;0;Two-Way, Not Divided;2 lanes;0;#NULL!;#NULL!;Smooth Asphalt;#NULL!;No Special Feature;Motorist Overtaking Bicyclist;State Secondary Route;C: Possible Injury;Lee;53;Cloudy;#NULL!;31-35 mph;50 - 55  MPH;2008;Daylight;50-59
36.2633572066, -77.9533124265;"{""type"": ""Point"", ""coordinates"": [-77.95331242654223, 36.2633572066181]}";Native American;None - Rural Crash;Travel Lane;2;19;Mixed (30% To 70% Developed);Female;Passenger Car;0;#NULL!;0;0;Native American;No;0;30-39;Motorist Overtaking - Other / Unknown;None;No;No;Dry;0;Rural;No;16SEP2008;0;19:59;Male;No;Residential;K: Killed;Yes;O: No Injury;6201;September;0;Straight - Level;Coastal;With Traffic;Double Yellow Line, No Passing Zone;Tuesday;Non-Intersection;39;0;Two-Way, Not Divided;2 lanes;0;#NULL!;#NULL!;Smooth Asphalt;#NULL!;No Special Feature;Motorist Overtaking Bicyclist;State Secondary Route;K: Killed;Halifax;16;Fog, Smog, Smoke;#NULL!;41-45 mph;40 - 45  MPH;2008;Dark - Roadway Not Lighted;0-19