Geo Point;Geo Shape;BikeRace;City;BikePos;NumUnits;CrashHour;Locality;BikeSex;DrvrVehTyp;NumBikesNo;BikeAlcDrg;NumBikesBI;RteInvdCd;DrvrRace;Workzone;NumBikesCi;BikeAgeGrp;CrashType;RdDefects;CrashAlcoh;BikeAlcoho;RdConditio;DstncMiFrm;RuralUrban;HitRun;CrashDate;NumBikesUI;CrashTime;DrvrSex;DrvrAlcoho;Developmen;CrashSevr;AmbulanceR;DrvrInjury;OBJECTID;CrashMonth;NumBikesKi;RdCharacte;Region;BikeDir;TraffCntrl;CrashDay;CrashLoc;BikeAge;NumBikesTo;RdConfig;NumLanes;NumBikesAI;DrvrAlcDrg;OnRoad;RdSurface;Towrd_Rd;RdFeature;CrashGrp;RdClass;BikeInjury;County;DrvrAge;Weather;FrmRd;DrvrEstSpd;SpeedLimit;CrashYear;LightCond;DrvrAgeGrp
35.9056011445, -77.5427122821;"{""type"": ""Point"", ""coordinates"": [-77.54271228209039, 35.90560114451006]}";Black;Tarboro;Travel Lane;2;17;Mixed (30% To 70% Developed);Male;Sport Utility;0;#NULL!;0;0;White;No;0;60-69;Motorist Drive Out - Sign-Controlled Intersection;None;No;No;Dry;0;Urban;No;29SEP2008;0;17:13;Male;No;Commercial;B: Evident Injury;Yes;O: No Injury;6206;September;0;Straight - Level;Coastal;Facing Traffic;Stop Sign;Monday;Intersection;60;0;Two-Way, Not Divided;2 lanes;0;#NULL!;#NULL!;Smooth Asphalt;#NULL!;No Special Feature;Motorist Failed to Yield - Sign-Controlled Intersection;Local Street;B: Evident Injury;Edgecombe;60;Clear;#NULL!;6-10 mph;30 - 35  MPH;2008;Daylight;60-69
35.8263370281, -80.3479731265;"{""type"": ""Point"", ""coordinates"": [-80.34797312647471, 35.82633702805401]}";White;None - Rural Crash;Travel Lane;2;23;Rural (<30% Developed);Male;Light Truck (Mini-Van, Panel);0;#NULL!;0;0;White;No;0;20-24;Motorist Overtaking - Undetected Bicyclist;None;Yes;Yes;Wet;0;Rural;No;26SEP2008;0;23:47;Female;No;Farms, Woods, Pastures;C: Possible Injury;Yes;O: No Injury;6210;September;0;Unknown;Piedmont;With Traffic;Missing;Friday;Non-Intersection;23;0;Unknown;Unknown;0;#NULL!;#NULL!;Unknown;#NULL!;No Special Feature;Motorist Overtaking Bicyclist;NC Route;C: Possible Injury;Davidson;62;Rain;#NULL!;41-45 mph;50 - 55  MPH;2008;Dark - Roadway Not Lighted;60-69
34.2150217649, -77.8516522919;"{""type"": ""Point"", ""coordinates"": [-77.85165229193528, 34.215021764851826]}";White;Wilmington;Travel Lane;2;21;Urban (>70% Developed);Male;Passenger Car;0;#NULL!;0;0;White;No;0;16-19;Motorist Left Turn - Opposite Direction;None;No;No;Dry;0;Urban;No;29SEP2008;0;21:35;Male;No;Residential;B: Evident Injury;Yes;O: No Injury;6211;September;0;Straight - Level;Coastal;With Traffic;Stop Sign;Monday;Intersection;18;0;Two-Way, Not Divided;3 lanes;0;#NULL!;#NULL!;Smooth Asphalt;#NULL!;T-Intersection;Motorist Left Turn / Merge;Local Street;B: Evident Injury;New Hanover;25;Clear;#NULL!;11-15 mph;40 - 45  MPH;2008;Dark - Lighted Roadway;25-29
35.2197028817, -80.8027432295;"{""type"": ""Point"", ""coordinates"": [-80.80274322951529, 35.21970288169098]}";Black;Charlotte;Sidewalk / Crosswalk / Driveway Crossing;2;17;Urban (>70% Developed);Male;Passenger Car;0;#NULL!;0;0;Black;No;0;40-49;Motorist Drive Out - Sign-Controlled Intersection;None;No;No;Dry;0;Urban;No;16OCT2008;0;17:12;Female;No;Commercial;C: Possible Injury;No;O: No Injury;6232;October;0;Straight - Level;Piedmont;Facing Traffic;Stop Sign;Thursday;Intersection;46;0;Two-Way, Not Divided;2 lanes;0;#NULL!;#NULL!;Smooth Asphalt;#NULL!;T-Intersection;Motorist Failed to Yield - Sign-Controlled Intersection;Local Street;C: Possible Injury;Mecklenburg;30;Clear;#NULL!;0-5 mph;20 - 25  MPH;2008;Daylight;30-39
35.062693915, -78.9357926609;"{""type"": ""Point"", ""coordinates"": [-78.93579266090588, 35.062693914978695]}";Black;Fayetteville;Travel Lane;2;23;Mixed (30% To 70% Developed);Male;Passenger Car;0;#NULL!;0;0;White;No;0;30-39;Motorist Overtaking - Undetected Bicyclist;None;No;No;Dry;0;Urban;No;07OCT2008;0;23:16;Female;No;Commercial;C: Possible Injury;Yes;O: No Injury;6234;October;0;Straight - Level;Coastal;With Traffic;No Control Present;Tuesday;Non-Intersection;37;0;Two-Way, Divided, Unprotected Median;2 lanes;0;#NULL!;#NULL!;Coarse Asphalt;#NULL!;No Special Feature;Motorist Overtaking Bicyclist;Local Street;C: Possible Injury;Cumberland;25;Clear;#NULL!;31-35 mph;30 - 35  MPH;2008;Dark - Lighted Roadway;25-29
34.2428317695, -77.8887623052;"{""type"": ""Point"", ""coordinates"": [-77.8887623051819, 34.24283176951762]}";Black;Wilmington;Sidewalk / Crosswalk / Driveway Crossing;2;14;Rural (<30% Developed);Male;Passenger Car;0;#NULL!;0;0;Black;No;0;30-39;Motorist Drive Out - Commercial Driveway / Alley;None;No;No;Water (Standing, Moving);0;Urban;No;06OCT2008;0;14:08;Female;No;Commercial;C: Possible Injury;Yes;O: No Injury;6238;October;0;Straight - Level;Coastal;Facing Traffic;No Control Present;Monday;Non-Intersection;35;0;Two-Way, Not Divided;3 lanes;0;#NULL!;#NULL!;Smooth Asphalt;#NULL!;Driveway, Public;Motorist Failed to Yield - Midblock;Private Road, Driveway;C: Possible Injury;New Hanover;37;Clear;#NULL!;0-5 mph;40 - 45  MPH;2008;Daylight;30-39
35.8019630792, -78.7954966578;"{""type"": ""Point"", ""coordinates"": [-78.79549665783455, 35.801963079235655]}";Black;Cary;Sidewalk / Crosswalk / Driveway Crossing;2;14;Urban (>70% Developed);Male;Passenger Car;0;#NULL!;0;0;White;No;0;30-39;Motorist Drive Out - Sign-Controlled Intersection;None;No;No;Dry;0;Urban;No;17OCT2008;0;14:00;Female;No;Residential;C: Possible Injury;No;O: No Injury;6242;October;0;Straight - Level;Piedmont;Facing Traffic;Stop Sign;Friday;Intersection;37;0;Two-Way, Divided, Unprotected Median;2 lanes;0;#NULL!;#NULL!;Smooth Asphalt;#NULL!;T-Intersection;Motorist Failed to Yield - Sign-Controlled Intersection;Local Street;C: Possible Injury;Wake;20;Clear;#NULL!;0-5 mph;30 - 35  MPH;2008;Daylight;20-24
35.4269250359, -77.6881623016;"{""type"": ""Point"", ""coordinates"": [-77.68816230156287, 35.42692503590426]}";Black;None - Rural Crash;Bike Lane / Paved Shoulder;2;7;Rural (<30% Developed);Male;Passenger Car;0;#NULL!;0;0;Black;No;0;30-39;Motorist Overtaking - Misjudged Space;None;No;No;Dry;0;Rural;No;13OCT2008;0;7:42;Female;No;Farms, Woods, Pastures;C: Possible Injury;Yes;O: No Injury;6243;October;0;Straight - Level;Coastal;With Traffic;Double Yellow Line, No Passing Zone;Monday;Non-Intersection;39;0;Two-Way, Not Divided;2 lanes;0;#NULL!;#NULL!;Coarse Asphalt;#NULL!;No Special Feature;Motorist Overtaking Bicyclist;State Secondary Route;C: Possible Injury;Greene;24;Clear;#NULL!;36-40 mph;50 - 55  MPH;2008;Daylight;20-24
35.2351788858, -80.790033226;"{""type"": ""Point"", ""coordinates"": [-80.79003322600076, 35.23517888582898]}";Black;Charlotte;Travel Lane;2;11;Urban (>70% Developed);Male;Passenger Car;0;#NULL!;0;0;White;No;0;30-39;Motorist Turning Error - Left Turn;None;No;No;Dry;0;Urban;No;23OCT2008;0;11:06;Male;No;Residential;B: Evident Injury;Yes;O: No Injury;6244;October;0;Straight - Level;Piedmont;With Traffic;Stop Sign;Thursday;Intersection;37;0;Two-Way, Not Divided;2 lanes;0;#NULL!;#NULL!;Smooth Asphalt;#NULL!;T-Intersection;Loss of Control / Turning Error;Local Street;B: Evident Injury;Mecklenburg;63;Clear;#NULL!;21-25 mph;20 - 25  MPH;2008;Daylight;60-69
35.0404268438, -80.7940032177;"{""type"": ""Point"", ""coordinates"": [-80.79400321767874, 35.040426843836656]}";White;Charlotte;Travel Lane;2;18;Urban (>70% Developed);Male;Pickup;0;#NULL!;0;0;White;No;0;20-24;Motorist Right Turn - Same Direction;None;No;No;Dry;0;Urban;No;21OCT2008;0;18:42;Male;No;Commercial;B: Evident Injury;Yes;O: No Injury;6248;October;0;Straight - Grade;Piedmont;With Traffic;Stop And Go Signal;Tuesday;Intersection;24;0;Two-Way, Not Divided;4 lanes;0;#NULL!;#NULL!;Coarse Asphalt;#NULL!;Four-Way Intersection;Motorist Right Turn / Merge;Local Street;B: Evident Injury;Mecklenburg;17;Clear;#NULL!;41-45 mph;40 - 45  MPH;2008;Dark - Roadway Not Lighted;0-19
35.0480369137, -78.8651026387;"{""type"": ""Point"", ""coordinates"": [-78.8651026387076, 35.04803691374246]}";White;Fayetteville;Travel Lane;2;7;Urban (>70% Developed);Male;Passenger Car;0;#NULL!;0;0;White;No;0;25-29;Motorist Drive Through - Signalized Intersection;None;No;No;Wet;0;Urban;No;16MAR2011;0;7:29;Male;No;Commercial;C: Possible Injury;No;O: No Injury;2877;March;0;Straight - Level;Coastal;With Traffic;Stop And Go Signal;Wednesday;Intersection;29;0;Two-Way, Not Divided;6 lanes;0;#NULL!;#NULL!;Coarse Asphalt;#NULL!;No Special Feature;Motorist Failed to Yield - Signalized Intersection;Local Street;C: Possible Injury;Cumberland;54;Clear;#NULL!;31-35 mph;30 - 35  MPH;2011;Dawn;50-59
36.0448070921, -79.8618029932;"{""type"": ""Point"", ""coordinates"": [-79.86180299315542, 36.044807092149]}";Black;Greensboro;Driveway / Alley;2;16;Urban (>70% Developed);Male;Passenger Car;0;#NULL!;0;0;Asian;No;0;0-5;Bicyclist Ride Out - Residential Driveway;None;No;No;Dry;0;Urban;No;08MAR2011;0;16:49;Female;No;Residential;C: Possible Injury;Yes;O: No Injury;2848;March;0;Straight - Grade;Piedmont;Not Applicable;No Control Present;Tuesday;Non-Intersection;5;0;Two-Way, Not Divided;2 lanes;0;#NULL!;#NULL!;Smooth Asphalt;#NULL!;No Special Feature;Bicyclist Failed to Yield - Midblock;Local Street;C: Possible Injury;Guilford;20;Clear;#NULL!;21-25 mph;30 - 35  MPH;2011;Daylight;20-24
35.2527668893, -80.8081032326;"{""type"": ""Point"", ""coordinates"": [-80.80810323256844, 35.25276688932385]}";Black;Charlotte;Sidewalk / Crosswalk / Driveway Crossing;2;15;Urban (>70% Developed);Male;Passenger Car;0;#NULL!;0;0;Black;No;0;11-15;Motorist Right Turn - Same Direction;None;No;No;Dry;0;Urban;No;19MAR2011;0;15:40;Male;No;Commercial;O: No Injury;No;O: No Injury;2870;March;0;Straight - Grade;Piedmont;With Traffic;No Control Present;Saturday;Non-Intersection;15;0;Two-Way, Not Divided;Unknown;0;#NULL!;#NULL!;Smooth Asphalt;#NULL!;No Special Feature;Motorist Right Turn / Merge;Local Street;O: No Injury;Mecklenburg;55;Clear;#NULL!;16-20 mph;40 - 45  MPH;2011;Daylight;50-59
35.0069068503, -80.4277031056;"{""type"": ""Point"", ""coordinates"": [-80.42770310558377, 35.00690685028483]}";Black;None - Rural Crash;Travel Lane;2;16;Urban (>70% Developed);Female;Passenger Car;0;#NULL!;0;0;Black;No;0;6-10;Backing Vehicle;None;No;No;Dry;0;Rural;Yes;24MAR2011;0;16:02;Female;No;Residential;C: Possible Injury;Yes;O: No Injury;2875;March;0;Straight - Level;Piedmont;With Traffic;No Control Present;Thursday;Non-Intersection;6;0;Two-Way, Not Divided;2 lanes;0;#NULL!;#NULL!;Coarse Asphalt;#NULL!;No Special Feature;Backing Vehicle;State Secondary Route;C: Possible Injury;Union;70+;Clear;#NULL!;0-5 mph;30 - 35  MPH;2011;Daylight;70+
35.0983169226, -78.9180026581;"{""type"": ""Point"", ""coordinates"": [-78.91800265814237, 35.09831692262521]}";Black;Fayetteville;Non-Roadway;2;16;Urban (>70% Developed);Male;Unknown;0;#NULL!;0;0;Unknown/Missing;No;0;11-15;Non-Roadway;None;No;No;Dry;0;Urban;Yes;11MAR2011;0;16:27;Unknown;Missing;Commercial;Unknown Injury;No;Unknown Injury;2857;March;0;Straight - Level;Coastal;Not Applicable;No Control Present;Friday;Non-Roadway;15;0;Unknown;Unknown;0;#NULL!;#NULL!;Coarse Asphalt;#NULL!;No Special Feature;Non-Roadway;Public Vehicular Area;Unknown Injury;Cumberland;Unknown;Clear;#NULL!;Unknown;20 - 25  MPH;2011;Daylight;Unknown
35.7911970755, -78.8254026663;"{""type"": ""Point"", ""coordinates"": [-78.82540266627038, 35.79119707552828]}";White;Cary;Sidewalk / Crosswalk / Driveway Crossing;2;17;Urban (>70% Developed);Female;Sport Utility;0;#NULL!;0;0;Black;No;0;50-59;Motorist Drive Out - Sign-Controlled Intersection;None;No;No;Dry;0;Urban;No;09MAY2011;0;17:46;Male;No;Residential;B: Evident Injury;Yes;O: No Injury;2985;May;0;Straight - Level;Piedmont;Facing Traffic;Stop Sign;Monday;Intersection;50;0;Two-Way, Divided, Unprotected Median;2 lanes;0;#NULL!;#NULL!;Smooth Asphalt;#NULL!;Four-Way Intersection;Motorist Failed to Yield - Sign-Controlled Intersection;Local Street;B: Evident Injury;Wake;26;Clear;#NULL!;0-5 mph;20 - 25  MPH;2011;Daylight;25-29
34.2315967679, -77.8760023002;"{""type"": ""Point"", ""coordinates"": [-77.876002300164, 34.23159676794296]}";White;None - Rural Crash;Travel Lane;2;16;Urban (>70% Developed);Male;Sport Utility;0;#NULL!;0;0;White;No;0;60-69;Motorist Drive Out - Sign-Controlled Intersection;None;No;No;Dry;0;Rural;No;03MAY2011;0;16:35;Male;No;Commercial;B: Evident Injury;Yes;O: No Injury;2987;May;0;Straight - Level;Coastal;Facing Traffic;Stop Sign;Tuesday;Intersection;64;0;Two-Way, Divided, Positive Median Barrier;9 or more lanes;0;#NULL!;#NULL!;Smooth Asphalt;#NULL!;T-Intersection;Motorist Failed to Yield - Sign-Controlled Intersection;NC Route;B: Evident Injury;New Hanover;61;Clear;#NULL!;6-10 mph;40 - 45  MPH;2011;Daylight;60-69
36.0095670864, -79.8052029738;"{""type"": ""Point"", ""coordinates"": [-79.80520297375135, 36.00956708640885]}";Black;None - Rural Crash;Sidewalk / Crosswalk / Driveway Crossing;2;9;Mixed (30% To 70% Developed);Male;Passenger Car;0;#NULL!;0;0;White;No;0;16-19;Motorist Drive Out - Commercial Driveway / Alley;None;No;No;Dry;0;Rural;No;29APR2011;0;9:12;Male;No;Commercial;C: Possible Injury;No;O: No Injury;2963;April;0;Straight - Level;Piedmont;With Traffic;No Control Present;Friday;Non-Intersection;19;0;Unknown;Unknown;0;#NULL!;#NULL!;Smooth Asphalt;#NULL!;Driveway, Private;Motorist Failed to Yield - Midblock;Public Vehicular Area;C: Possible Injury;Guilford;40;Clear;#NULL!;0-5 mph;Unknown;2011;Daylight;40-49
35.5362269451, -80.9190032817;"{""type"": ""Point"", ""coordinates"": [-80.9190032817199, 35.53622694506679]}";White;None - Rural Crash;Travel Lane;2;18;Urban (>70% Developed);Male;Passenger Car;0;#NULL!;0;0;White;No;0;40-49;Motorist Overtaking - Bicyclist Swerved;None;No;No;Dry;0;Rural;No;05MAY2011;0;18:48;Male;No;Residential;C: Possible Injury;Yes;O: No Injury;2965;May;0;Straight - Level;Piedmont;With Traffic;Double Yellow Line, No Passing Zone;Thursday;Non-Intersection;40;0;Two-Way, Not Divided;3 lanes;0;#NULL!;#NULL!;Smooth Asphalt;#NULL!;No Special Feature;Motorist Overtaking Bicyclist;State Secondary Route;C: Possible Injury;Iredell;17;Clear;#NULL!;26-30 mph;40 - 45  MPH;2011;Daylight;0-19
35.2454868857, -80.8442032434;"{""type"": ""Point"", ""coordinates"": [-80.84420324340319, 35.245486885735396]}";Black;Charlotte;Travel Lane;2;19;Urban (>70% Developed);Male;Unknown;0;#NULL!;0;0;Unknown/Missing;No;0;6-10;Parallel Paths - Other / Unknown;None;No;No;Dry;0;Urban;Yes;04MAY2011;0;19:22;Unknown;Missing;Residential;B: Evident Injury;Yes;Unknown Injury;2992;May;0;Curve - Level;Piedmont;Unknown;No Control Present;Wednesday;Non-Intersection;9;0;Two-Way, Not Divided;2 lanes;0;#NULL!;#NULL!;Smooth Asphalt;#NULL!;No Special Feature;Parallel Paths - Other Circumstances;Local Street;B: Evident Injury;Mecklenburg;Unknown;Clear;#NULL!;16-20 mph;20 - 25  MPH;2011;Daylight;Unknown
35.5414370826, -77.0536021145;"{""type"": ""Point"", ""coordinates"": [-77.05360211447625, 35.54143708256963]}";Black;Washington;Travel Lane;2;19;Urban (>70% Developed);Male;Passenger Car;0;#NULL!;0;0;White;No;0;11-15;Crossing Paths - Intersection - Other / Unknown;None;No;No;Dry;0;Urban;No;03MAY2011;0;19:04;Female;No;Residential;C: Possible Injury;Yes;O: No Injury;2994;May;0;Straight - Level;Coastal;Facing Traffic;No Control Present;Tuesday;Intersection;12;0;One-Way, Not Divided;2 lanes;0;#NULL!;#NULL!;Coarse Asphalt;#NULL!;Four-Way Intersection;Crossing Paths - Other Circumstances;Local Street;C: Possible Injury;Beaufort;70+;Clear;#NULL!;16-20 mph;20 - 25  MPH;2011;Daylight;70+
35.9174070924, -79.0941027536;"{""type"": ""Point"", ""coordinates"": [-79.09410275356178, 35.9174070923781]}";White;Carrboro;Travel Lane;2;7;Urban (>70% Developed);Male;Van;0;#NULL!;0;0;White;No;0;50-59;Crossing Paths - Intersection - Other / Unknown;None;No;No;Dry;0;Urban;No;25APR2011;0;7:58;Female;No;Commercial;A: Disabling Injury;Yes;O: No Injury;2996;April;0;Curve - Level;Piedmont;Unknown;Stop And Go Signal;Monday;Intersection-Related;54;0;Two-Way, Divided, Unprotected Median;4 lanes;0;#NULL!;#NULL!;Smooth Asphalt;#NULL!;Related To Intersection;Crossing Paths - Other Circumstances;NC Route;A: Disabling Injury;Orange;49;Cloudy;#NULL!;16-20 mph;40 - 45  MPH;2011;Daylight;40-49
35.2156768819, -80.7808032231;"{""type"": ""Point"", ""coordinates"": [-80.78080322309138, 35.21567688192062]}";White;Charlotte;Sidewalk / Crosswalk / Driveway Crossing;2;21;Urban (>70% Developed);Male;Unknown;0;#NULL!;0;0;Unknown/Missing;No;0;16-19;Motorist Overtaking - Other / Unknown;None;No;No;Dry;0;Urban;Yes;31MAR2011;0;21:26;Unknown;Missing;Commercial;B: Evident Injury;Yes;Unknown Injury;2892;March;0;Straight - Level;Piedmont;With Traffic;No Control Present;Thursday;Intersection-Related;16;0;Two-Way, Divided, Unprotected Median;5 lanes;0;#NULL!;#NULL!;Concrete;#NULL!;Driveway, Public;Motorist Overtaking Bicyclist;Local Street;B: Evident Injury;Mecklenburg;Unknown;Rain;#NULL!;11-15 mph;30 - 35  MPH;2011;Dark - Lighted Roadway;Unknown
35.2571870033, -77.5701022577;"{""type"": ""Point"", ""coordinates"": [-77.57010225767128, 35.25718700333083]}";Black;Kinston;Sidewalk / Crosswalk / Driveway Crossing;2;20;Urban (>70% Developed);Male;Passenger Car;0;#NULL!;0;0;Black;No;0;40-49;Bicyclist Ride Out - Sign-Controlled Intersection;None;Yes;Yes;Dry;0;Urban;No;19APR2011;0;20:58;Male;No;Residential;C: Possible Injury;Yes;O: No Injury;2914;April;0;Straight - Level;Coastal;With Traffic;Stop Sign;Tuesday;Intersection-Related;46;0;Two-Way, Not Divided;2 lanes;0;#NULL!;#NULL!;Coarse Asphalt;#NULL!;No Special Feature;Bicyclist Failed to Yield - Sign-Controlled Intersection;Local Street;C: Possible Injury;Lenoir;67;Clear;#NULL!;16-20 mph;20 - 25  MPH;2011;Dark - Lighted Roadway;60-69
35.2170468789, -80.8699032489;"{""type"": ""Point"", ""coordinates"": [-80.86990324889359, 35.21704687892693]}";Black;Charlotte;Travel Lane;2;16;Urban (>70% Developed);Male;Unknown;0;#NULL!;0;0;Unknown/Missing;No;0;40-49;Motorist Overtaking - Misjudged Space;Unknown;No;No;Dry;0;Urban;Yes;12APR2011;0;16:30;Unknown;Missing;Residential;C: Possible Injury;Yes;Unknown Injury;2917;April;0;Straight - Level;Piedmont;With Traffic;No Control Present;Tuesday;Non-Intersection;46;0;Two-Way, Divided, Unprotected Median;4 lanes;0;#NULL!;#NULL!;Smooth Asphalt;#NULL!;No Special Feature;Motorist Overtaking Bicyclist;Local Street;C: Possible Injury;Mecklenburg;Unknown;Cloudy;#NULL!;6-10 mph;30 - 35  MPH;2011;Daylight;Unknown
36.0922471174, -79.4293028649;"{""type"": ""Point"", ""coordinates"": [-79.42930286485284, 36.0922471173839]}";Hispanic;Burlington;Bike Lane / Paved Shoulder;2;19;Urban (>70% Developed);Male;Passenger Car;0;#NULL!;0;0;Black;No;0;50-59;Crossing Paths - Uncontrolled Intersection;None;No;No;Dry;0;Urban;No;04APR2011;0;19:10;Female;No;Residential;A: Disabling Injury;Yes;O: No Injury;2908;April;0;Curve - Bottom;Piedmont;Not Applicable;Stop And Go Signal;Monday;Intersection-Related;51;0;Two-Way, Not Divided;4 lanes;0;#NULL!;#NULL!;Smooth Asphalt;#NULL!;Related To Intersection;Crossing Paths - Other Circumstances;Local Street;A: Disabling Injury;Alamance;26;Cloudy;#NULL!;31-35 mph;30 - 35  MPH;2011;Daylight;25-29
35.9732770715, -80.0112030338;"{""type"": ""Point"", ""coordinates"": [-80.0112030338109, 35.97327707151648]}";White;High Point;Travel Lane;2;14;Urban (>70% Developed);Male;Passenger Car;0;#NULL!;0;0;Unknown/Missing;No;0;11-15;Bicyclist Ride Out - Sign-Controlled Intersection;None;No;No;Dry;0;Urban;Yes;03APR2011;0;14:45;Unknown;Missing;Residential;B: Evident Injury;Yes;Unknown Injury;2907;April;0;Straight - Grade;Piedmont;With Traffic;Stop Sign;Sunday;Intersection;13;0;Two-Way, Not Divided;2 lanes;0;#NULL!;#NULL!;Smooth Asphalt;#NULL!;T-Intersection;Bicyclist Failed to Yield - Sign-Controlled Intersection;Local Street;B: Evident Injury;Guilford;Unknown;Clear;#NULL!;Unknown;30 - 35  MPH;2011;Daylight;Unknown
35.7168269178, -82.6269037992;"{""type"": ""Point"", ""coordinates"": [-82.62690379922472, 35.71682691783391]}";White;None - Rural Crash;Travel Lane;2;17;Rural (<30% Developed);Male;Pickup;0;#NULL!;0;0;White;No;0;30-39;Motorist Overtaking - Misjudged Space;None;No;No;Dry;0;Rural;No;07APR2011;0;17:54;Male;No;Farms, Woods, Pastures;B: Evident Injury;Yes;O: No Injury;2902;April;0;Curve - Level;Mountains;With Traffic;Double Yellow Line, No Passing Zone;Thursday;Non-Intersection;35;0;Two-Way, Not Divided;2 lanes;0;#NULL!;#NULL!;Smooth Asphalt;#NULL!;T-Intersection;Motorist Overtaking Bicyclist;NC Route;B: Evident Injury;Buncombe;33;Clear;#NULL!;51-55 mph;50 - 55  MPH;2011;Daylight;30-39
35.2249268814, -80.8464032427;"{""type"": ""Point"", ""coordinates"": [-80.84640324271423, 35.22492688140117]}";White;Charlotte;Travel Lane;2;12;Urban (>70% Developed);Male;Passenger Car;0;#NULL!;0;0;Black;No;0;30-39;Motorist Left Turn - Opposite Direction;None;No;No;Dry;0;Urban;No;09APR2011;0;12:05;Female;No;Commercial;C: Possible Injury;Yes;O: No Injury;2916;April;0;Straight - Level;Piedmont;With Traffic;Stop And Go Signal;Saturday;Intersection;34;0;Two-Way, Not Divided;4 lanes;0;#NULL!;#NULL!;Smooth Asphalt;#NULL!;Four-Way Intersection;Motorist Left Turn / Merge;Local Street;C: Possible Injury;Mecklenburg;24;Clear;#NULL!;0-5 mph;30 - 35  MPH;2011;Daylight;20-24
35.7354670636, -78.8342026652;"{""type"": ""Point"", ""coordinates"": [-78.83420266516427, 35.735467063560236]}";White;Apex;Travel Lane;2;13;Urban (>70% Developed);Female;Passenger Car;0;#NULL!;0;0;Other;No;0;11-15;Bicyclist Left Turn - Same Direction;None;No;No;Dry;0;Urban;No;09APR2011;0;13:46;Female;No;Residential;C: Possible Injury;Yes;O: No Injury;2898;April;0;Straight - Level;Piedmont;With Traffic;No Control Present;Saturday;Intersection;13;0;Two-Way, Not Divided;4 lanes;0;#NULL!;#NULL!;Smooth Asphalt;#NULL!;T-Intersection;Bicyclist Left Turn / Merge;Local Street;C: Possible Injury;Wake;57;Cloudy;#NULL!;36-40 mph;40 - 45  MPH;2011;Daylight;50-59
35.782097081, -78.6256026052;"{""type"": ""Point"", ""coordinates"": [-78.62560260520479, 35.78209708100909]}";Black;Raleigh;Travel Lane;2;16;Urban (>70% Developed);Male;Passenger Car;0;#NULL!;0;0;Black;No;0;6-10;Bicyclist Lost Control - Mechanical Problems;None;No;No;Dry;0;Urban;No;19MAR2011;0;16:53;Female;No;Residential;O: No Injury;No;O: No Injury;2883;March;0;Straight - Level;Piedmont;With Traffic;Stop Sign;Saturday;Intersection;6;0;Two-Way, Not Divided;2 lanes;0;#NULL!;#NULL!;Smooth Asphalt;#NULL!;Four-Way Intersection;Loss of Control / Turning Error;Local Street;O: No Injury;Wake;51;Clear;#NULL!;31-35 mph;30 - 35  MPH;2011;Daylight;50-59
35.7917470812, -78.6628026167;"{""type"": ""Point"", ""coordinates"": [-78.66280261672625, 35.791747081209294]}";White;Raleigh;Sidewalk / Crosswalk / Driveway Crossing;2;14;Urban (>70% Developed);Male;Sport Utility;0;#NULL!;0;0;White;No;0;40-49;Backing Vehicle;None;No;No;Dry;0;Urban;No;06APR2011;0;14:32;Female;No;Commercial;O: No Injury;No;O: No Injury;2921;April;0;Straight - Level;Piedmont;Facing Traffic;No Control Present;Wednesday;Non-Intersection;41;0;Two-Way, Not Divided;1 lane;0;#NULL!;#NULL!;Concrete;#NULL!;Driveway, Public;Backing Vehicle;Public Vehicular Area;O: No Injury;Wake;46;Clear;#NULL!;0-5 mph;30 - 35  MPH;2011;Daylight;40-49
35.6624770976, -77.3897022231;"{""type"": ""Point"", ""coordinates"": [-77.38970222308333, 35.662477097569855]}";Black;None - Rural Crash;Travel Lane;2;15;Rural (<30% Developed);Male;Single Unit Truck (3 Or More Axles);0;#NULL!;0;0;Black;No;0;20-24;Bicyclist Ride Through - Sign-Controlled Intersection;None;No;No;Dry;0;Rural;No;03FEB2011;0;15:00;Male;No;Farms, Woods, Pastures;C: Possible Injury;Yes;O: No Injury;2783;February;0;Straight - Level;Coastal;With Traffic;Stop Sign;Thursday;Intersection;21;0;Two-Way, Not Divided;2 lanes;0;#NULL!;#NULL!;Coarse Asphalt;#NULL!;Four-Way Intersection;Bicyclist Failed to Yield - Sign-Controlled Intersection;State Secondary Route;C: Possible Injury;Pitt;54;Cloudy;#NULL!;51-55 mph;50 - 55  MPH;2011;Daylight;50-59
35.8720770982, -78.6582026197;"{""type"": ""Point"", ""coordinates"": [-78.65820261966566, 35.87207709822486]}";Black;Raleigh;Sidewalk / Crosswalk / Driveway Crossing;2;17;Urban (>70% Developed);Male;Passenger Car;0;#NULL!;0;0;Black;No;0;11-15;Motorist Drive Out - Sign-Controlled Intersection;None;No;No;Dry;0;Urban;No;06JAN2011;0;17:34;Female;No;Residential;C: Possible Injury;No;O: No Injury;2785;January;0;Straight - Level;Piedmont;Facing Traffic;Stop Sign;Thursday;Intersection;13;0;Two-Way, Not Divided;2 lanes;0;#NULL!;#NULL!;Smooth Asphalt;#NULL!;T-Intersection;Motorist Failed to Yield - Sign-Controlled Intersection;Local Street;C: Possible Injury;Wake;25;Clear;#NULL!;Unknown;30 - 35  MPH;2011;Dark - Lighted Roadway;25-29