Geo Point;Geo Shape;BikeRace;City;BikePos;NumUnits;CrashHour;Locality;BikeSex;DrvrVehTyp;NumBikesNo;BikeAlcDrg;NumBikesBI;RteInvdCd;DrvrRace;Workzone;NumBikesCi;BikeAgeGrp;CrashType;RdDefects;CrashAlcoh;BikeAlcoho;RdConditio;DstncMiFrm;RuralUrban;HitRun;CrashDate;NumBikesUI;CrashTime;DrvrSex;DrvrAlcoho;Developmen;CrashSevr;AmbulanceR;DrvrInjury;OBJECTID;CrashMonth;NumBikesKi;RdCharacte;Region;BikeDir;TraffCntrl;CrashDay;CrashLoc;BikeAge;NumBikesTo;RdConfig;NumLanes;NumBikesAI;DrvrAlcDrg;OnRoad;RdSurface;Towrd_Rd;RdFeature;CrashGrp;RdClass;BikeInjury;County;DrvrAge;Weather;FrmRd;DrvrEstSpd;SpeedLimit;CrashYear;LightCond;DrvrAgeGrp
35.799137086, -78.5684025883;"{""type"": ""Point"", ""coordinates"": [-78.56840258833887, 35.7991370859897]}";Black;Raleigh;Sidewalk / Crosswalk / Driveway Crossing;2;15;Urban (>70% Developed);Male;Passenger Car;0;#NULL!;0;0;White;No;0;40-49;Motorist Drive Out - Commercial Driveway / Alley;None;No;No;Dry;0;Urban;No;14JAN2011;0;15:30;Male;No;Commercial;C: Possible Injury;Yes;O: No Injury;2806;January;0;Straight - Level;Piedmont;Facing Traffic;No Control Present;Friday;Non-Intersection;40;0;Two-Way, Divided, Positive Median Barrier;7 lanes;0;#NULL!;#NULL!;Coarse Asphalt;#NULL!;T-Intersection;Motorist Failed to Yield - Midblock;Local Street;C: Possible Injury;Wake;32;Clear;#NULL!;0-5 mph;5 - 15 MPH;2011;Daylight;30-39
35.3461669095, -80.795603234;"{""type"": ""Point"", ""coordinates"": [-80.79560323402333, 35.346166909548714]}";Hispanic;Charlotte;Travel Lane;2;22;Rural (<30% Developed);Male;Sport Utility;0;#NULL!;0;0;Black;No;0;40-49;Motorist Overtaking - Undetected Bicyclist;None;No;No;Dry;0;Urban;No;06FEB2011;0;22:14;Male;No;Residential;C: Possible Injury;No;O: No Injury;2805;February;0;Straight - Hillcrest;Piedmont;With Traffic;No Control Present;Sunday;Non-Intersection;45;0;Two-Way, Not Divided;2 lanes;0;#NULL!;#NULL!;Smooth Asphalt;#NULL!;No Special Feature;Motorist Overtaking Bicyclist;Local Street;C: Possible Injury;Mecklenburg;31;Clear;#NULL!;21-25 mph;30 - 35  MPH;2011;Dark - Roadway Not Lighted;30-39
35.6299270924, -77.3296022034;"{""type"": ""Point"", ""coordinates"": [-77.32960220343813, 35.62992709239416]}";Black;None - Rural Crash;Travel Lane;2;7;Mixed (30% To 70% Developed);Male;Passenger Car;0;#NULL!;0;0;White;No;0;50-59;Motorist Drive Out - Sign-Controlled Intersection;None;No;No;Wet;0;Rural;No;25FEB2011;0;7:38;Female;No;Residential;B: Evident Injury;Yes;O: No Injury;2819;February;0;Straight - Level;Coastal;With Traffic;Stop Sign;Friday;Intersection;52;0;Two-Way, Not Divided;6 lanes;0;#NULL!;#NULL!;Smooth Asphalt;#NULL!;No Special Feature;Motorist Failed to Yield - Sign-Controlled Intersection;US Route;B: Evident Injury;Pitt;21;Clear;#NULL!;0-5 mph;50 - 55  MPH;2011;Daylight;20-24
35.5590970863, -77.0433021124;"{""type"": ""Point"", ""coordinates"": [-77.04330211240801, 35.55909708634471]}";Black;Washington;Travel Lane;2;18;Mixed (30% To 70% Developed);Male;Sport Utility;0;#NULL!;0;0;White;No;0;50-59;Motorist Overtaking - Misjudged Space;None;No;No;Dry;0;Urban;No;15JAN2011;0;18:08;Female;No;Residential;C: Possible Injury;Yes;O: No Injury;2788;January;0;Straight - Level;Coastal;With Traffic;No Control Present;Saturday;Non-Intersection;52;0;Two-Way, Not Divided;4 lanes;0;#NULL!;#NULL!;Smooth Asphalt;#NULL!;No Special Feature;Motorist Overtaking Bicyclist;Local Street;C: Possible Injury;Beaufort;70+;Clear;#NULL!;41-45 mph;40 - 45  MPH;2011;Dark - Lighted Roadway;70+
35.2262468827, -80.8332032389;"{""type"": ""Point"", ""coordinates"": [-80.83320323892912, 35.226246882652475]}";Black;Charlotte;Sidewalk / Crosswalk / Driveway Crossing;2;16;Urban (>70% Developed);Male;School Bus;0;#NULL!;0;0;Black;No;0;6-10;Motorist Right Turn - Same Direction;None;No;No;Dry;0;Urban;No;14FEB2011;0;16:50;Female;No;Residential;C: Possible Injury;No;O: No Injury;2824;February;0;Straight - Grade;Piedmont;With Traffic;No Control Present;Monday;Intersection;10;0;One-Way, Not Divided;1 lane;0;#NULL!;#NULL!;Smooth Asphalt;#NULL!;Traffic Circle/Roundabout;Motorist Right Turn / Merge;Local Street;C: Possible Injury;Mecklenburg;29;Clear;#NULL!;11-15 mph;20 - 25  MPH;2011;Dusk;25-29
35.1384568612, -80.8978032529;"{""type"": ""Point"", ""coordinates"": [-80.89780325290107, 35.1384568611954]}";Black;Charlotte;Driveway / Alley;2;17;Urban (>70% Developed);Male;Passenger Car;0;#NULL!;0;0;Black;No;0;6-10;Bicyclist Ride Out - Residential Driveway;None;No;No;Dry;0;Urban;No;16FEB2011;0;17:21;Female;No;Residential;C: Possible Injury;No;O: No Injury;2820;February;0;Straight - Level;Piedmont;Not Applicable;No Control Present;Wednesday;Non-Intersection;7;0;Two-Way, Not Divided;2 lanes;0;#NULL!;#NULL!;Smooth Asphalt;#NULL!;T-Intersection;Bicyclist Failed to Yield - Midblock;Local Street;C: Possible Injury;Mecklenburg;29;Clear;#NULL!;11-15 mph;20 - 25  MPH;2011;Daylight;25-29
35.0401068508, -80.60100316;"{""type"": ""Point"", ""coordinates"": [-80.60100316001802, 35.04010685084185]}";White;Monroe;Travel Lane;2;23;Urban (>70% Developed);Male;Passenger Car;0;#NULL!;0;0;White;No;0;40-49;Motorist Overtaking - Other / Unknown;None;Yes;No;Dry;0;Urban;No;27JAN2011;0;23:30;Male;Yes;Commercial;K: Killed;No;O: No Injury;2786;January;0;Straight - Level;Piedmont;With Traffic;No Control Present;Thursday;Non-Intersection;46;0;Two-Way, Not Divided;2 lanes;0;#NULL!;#NULL!;Smooth Asphalt;#NULL!;No Special Feature;Motorist Overtaking Bicyclist;Local Street;K: Killed;Union;31;Clear;#NULL!;41-45 mph;40 - 45  MPH;2011;Dark - Lighted Roadway;30-39
35.6915869942, -80.4822031599;"{""type"": ""Point"", ""coordinates"": [-80.48220315992673, 35.69158699415287]}";White;Salisbury;Non-Roadway;2;11;Urban (>70% Developed);Male;Pickup;0;#NULL!;0;0;White;No;0;20-24;Non-Roadway;None;No;No;Dry;0;Urban;No;03MAR2011;0;11:02;Male;Missing;Institutional;O: No Injury;No;O: No Injury;2829;March;0;Straight - Level;Piedmont;Not Applicable;No Control Present;Thursday;Non-Roadway;22;0;One-Way, Not Divided;Unknown;0;#NULL!;#NULL!;Other;#NULL!;Driveway, Public;Non-Roadway;Public Vehicular Area;O: No Injury;Rowan;28;Clear;#NULL!;0-5 mph;30 - 35  MPH;2011;Daylight;25-29
35.0559369147, -78.8931026482;"{""type"": ""Point"", ""coordinates"": [-78.8931026482467, 35.05593691470151]}";Black;Fayetteville;Travel Lane;2;19;Urban (>70% Developed);Male;Passenger Car;0;#NULL!;0;0;White;No;0;20-24;Motorist Drive Out - Right Turn on Red;None;No;No;Dry;0;Urban;No;14NOV2012;0;19:58;Female;No;Commercial;B: Evident Injury;Yes;O: No Injury;2660;November;0;Straight - Hillcrest;Coastal;With Traffic;Stop And Go Signal;Wednesday;Intersection;21;0;Two-Way, Not Divided;4 lanes;0;#NULL!;#NULL!;Smooth Asphalt;#NULL!;Four-Way Intersection;Motorist Failed to Yield - Signalized Intersection;Local Street;B: Evident Injury;Cumberland;28;Clear;#NULL!;6-10 mph;30 - 35  MPH;2012;Dark - Lighted Roadway;25-29
35.3564768701, -81.9175035685;"{""type"": ""Point"", ""coordinates"": [-81.91750356845628, 35.35647687014865]}";Unknown/Missing;Spindale;Non-Roadway;2;14;Urban (>70% Developed);Unknown;Passenger Car;0;#NULL!;0;0;White;No;0;Unknown;Bicyclist Ride Out - Other Midblock;None;No;No;Dry;0;Rural;No;10NOV2012;0;14:46;Female;No;Residential;B: Evident Injury;No;O: No Injury;2680;November;0;Straight - Bottom;Mountains;Not Applicable;No Control Present;Saturday;Non-Intersection;Unknown;0;Two-Way, Divided, Unprotected Median;2 lanes;0;#NULL!;#NULL!;Smooth Asphalt;#NULL!;T-Intersection;Bicyclist Failed to Yield - Midblock;Local Street;B: Evident Injury;Rutherford;67;Clear;#NULL!;31-35 mph;30 - 35  MPH;2012;Daylight;60-69
36.0570472391, -75.6874017206;"{""type"": ""Point"", ""coordinates"": [-75.68740172056638, 36.05704723906311]}";White;Kitty Hawk;Travel Lane;2;17;Urban (>70% Developed);Male;Passenger Car;0;#NULL!;0;0;Other;No;0;40-49;Crossing Paths - Intersection - Other / Unknown;None;No;No;Dry;0;Rural;No;20NOV2012;0;17:51;Female;No;Commercial;A: Disabling Injury;Yes;O: No Injury;2710;November;0;Straight - Level;Coastal;Facing Traffic;No Control Present;Tuesday;Intersection;43;0;Two-Way, Not Divided;5 lanes;0;#NULL!;#NULL!;Smooth Asphalt;#NULL!;No Special Feature;Crossing Paths - Other Circumstances;US Route;A: Disabling Injury;Dare;39;Cloudy;#NULL!;46-50 mph;50 - 55  MPH;2012;Dark - Roadway Not Lighted;30-39
34.2862667829, -77.7728022723;"{""type"": ""Point"", ""coordinates"": [-77.7728022723208, 34.28626678292779]}";White;None - Rural Crash;Travel Lane;2;15;Mixed (30% To 70% Developed);Male;Passenger Car;0;#NULL!;0;0;White;No;0;50-59;Motorist Overtaking - Other / Unknown;None;No;No;Dry;0;Rural;No;06DEC2012;0;15:02;Female;No;Residential;B: Evident Injury;No;O: No Injury;2696;December;0;Straight - Level;Coastal;With Traffic;No Control Present;Thursday;Non-Intersection;51;0;Two-Way, Not Divided;2 lanes;0;#NULL!;#NULL!;Coarse Asphalt;#NULL!;No Special Feature;Motorist Overtaking Bicyclist;State Secondary Route;B: Evident Injury;New Hanover;70+;Clear;#NULL!;41-45 mph;40 - 45  MPH;2012;Daylight;70+
35.8963671073, -78.5675025939;"{""type"": ""Point"", ""coordinates"": [-78.56750259386432, 35.89636710730348]}";White;Raleigh;Travel Lane;2;13;Urban (>70% Developed);Male;Sport Utility;0;#NULL!;0;0;Black;No;0;30-39;Motorist Drive Out - Sign-Controlled Intersection;None;No;No;Dry;0;Urban;No;16NOV2012;0;13:45;Male;No;Commercial;C: Possible Injury;Yes;O: No Injury;2675;November;0;Straight - Level;Piedmont;Facing Traffic;Stop Sign;Friday;Intersection;39;0;Two-Way, Divided, Unprotected Median;2 lanes;0;#NULL!;#NULL!;Smooth Asphalt;#NULL!;T-Intersection;Motorist Failed to Yield - Sign-Controlled Intersection;Unknown;C: Possible Injury;Wake;34;Clear;#NULL!;0-5 mph;40 - 45  MPH;2012;Daylight;30-39
35.789557081, -78.6654026178;"{""type"": ""Point"", ""coordinates"": [-78.66540261779755, 35.78955708104386]}";White;Raleigh;Travel Lane;2;20;Urban (>70% Developed);Male;Sport Utility;0;#NULL!;0;0;White;No;0;20-24;Motorist Overtaking - Undetected Bicyclist;None;No;No;Dry;0;Urban;No;25OCT2012;0;20:33;Female;No;Residential;B: Evident Injury;No;O: No Injury;2659;October;0;Straight - Level;Piedmont;With Traffic;No Control Present;Thursday;Intersection-Related;23;0;Two-Way, Not Divided;2 lanes;0;#NULL!;#NULL!;Smooth Asphalt;#NULL!;No Special Feature;Motorist Overtaking Bicyclist;Local Street;B: Evident Injury;Wake;62;Clear;#NULL!;16-20 mph;30 - 35  MPH;2012;Dark - Lighted Roadway;60-69
35.5922470838, -77.347302207;"{""type"": ""Point"", ""coordinates"": [-77.34730220695106, 35.59224708384393]}";Black;Greenville;Travel Lane;2;12;Urban (>70% Developed);Male;Passenger Car;0;#NULL!;0;0;White;No;0;50-59;Motorist Drive Out - Signalized Intersection;None;No;No;Dry;0;Urban;No;16NOV2012;0;12:46;Female;No;Residential;C: Possible Injury;Yes;O: No Injury;2674;November;0;Straight - Level;Coastal;With Traffic;No Control Present;Friday;Intersection;56;0;Two-Way, Not Divided;2 lanes;0;#NULL!;#NULL!;Smooth Asphalt;#NULL!;T-Intersection;Motorist Failed to Yield - Signalized Intersection;Local Street;C: Possible Injury;Pitt;47;Clear;#NULL!;0-5 mph;30 - 35  MPH;2012;Daylight;40-49
35.0606669145, -78.915702655;"{""type"": ""Point"", ""coordinates"": [-78.91570265497295, 35.06066691445507]}";White;Fayetteville;Travel Lane;2;7;Urban (>70% Developed);Male;Sport Utility;0;#NULL!;0;0;White;No;0;20-24;Motorist Overtaking - Undetected Bicyclist;None;No;No;Dry;0;Urban;No;08NOV2012;0;7:18;Female;No;Commercial;B: Evident Injury;Yes;O: No Injury;2673;November;0;Straight - Hillcrest;Coastal;With Traffic;No Control Present;Thursday;Non-Intersection;22;0;Two-Way, Not Divided;5 lanes;0;#NULL!;#NULL!;Concrete;#NULL!;No Special Feature;Motorist Overtaking Bicyclist;Local Street;B: Evident Injury;Cumberland;41;Clear;#NULL!;21-25 mph;30 - 35  MPH;2012;Daylight;40-49
35.5881369607, -80.7975032484;"{""type"": ""Point"", ""coordinates"": [-80.79750324844831, 35.588136960719574]}";White;Mooresville;Travel Lane;2;15;Rural (<30% Developed);Male;Passenger Car;0;#NULL!;0;0;White;No;0;50-59;Motorist Left Turn - Opposite Direction;None;No;No;Dry;0;Urban;No;16NOV2012;0;15:50;Female;No;Residential;C: Possible Injury;No;O: No Injury;2702;November;0;Straight - Level;Piedmont;With Traffic;No Control Present;Friday;Intersection;54;0;Two-Way, Not Divided;3 lanes;0;#NULL!;#NULL!;Smooth Asphalt;#NULL!;No Special Feature;Motorist Left Turn / Merge;NC Route;C: Possible Injury;Iredell;59;Clear;#NULL!;11-15 mph;30 - 35  MPH;2012;Daylight;50-59
34.9945369005, -78.9104026504;"{""type"": ""Point"", ""coordinates"": [-78.91040265035099, 34.994536900463544]}";Native American;Fayetteville;Unknown;2;16;Mixed (30% To 70% Developed);Male;Sport Utility;0;#NULL!;0;0;Black;No;0;6-10;Unknown Approach Paths;None;No;No;Dry;0;Urban;No;12NOV2012;0;16:33;Female;No;Residential;O: No Injury;No;O: No Injury;2686;November;0;Straight - Level;Coastal;Unknown;Stop Sign;Monday;Non-Intersection;6;0;Two-Way, Not Divided;1 lane;0;#NULL!;#NULL!;Concrete;#NULL!;Driveway, Public;Other / Unknown - Insufficient Details;Public Vehicular Area;O: No Injury;Cumberland;40;Clear;#NULL!;Unknown;5 - 15 MPH;2012;Daylight;40-49
34.3221867549, -78.8810026081;"{""type"": ""Point"", ""coordinates"": [-78.8810026081449, 34.32218675490008]}";Native American;None - Rural Crash;Travel Lane;2;20;Rural (<30% Developed);Male;Passenger Car;0;#NULL!;0;0;Unknown/Missing;No;0;40-49;Motorist Left Turn - Same Direction;None;No;No;Dry;0;Rural;Yes;28APR2011;0;20:24;Unknown;Missing;Farms, Woods, Pastures;B: Evident Injury;Yes;Unknown Injury;2957;April;0;Straight - Level;Coastal;Facing Traffic;No Control Present;Thursday;Non-Intersection;49;0;Two-Way, Not Divided;2 lanes;0;#NULL!;#NULL!;Coarse Asphalt;#NULL!;No Special Feature;Motorist Left Turn / Merge;State Secondary Route;B: Evident Injury;Columbus;Unknown;Cloudy;#NULL!;51-55 mph;50 - 55  MPH;2011;Dark - Roadway Not Lighted;Unknown
35.7847770791, -78.689502625;"{""type"": ""Point"", ""coordinates"": [-78.68950262498979, 35.784777079110576]}";Black;Raleigh;Sidewalk / Crosswalk / Driveway Crossing;2;19;Urban (>70% Developed);Male;Passenger Car;0;#NULL!;0;0;Hispanic;No;0;40-49;Motorist Drive Out - Commercial Driveway / Alley;None;No;No;Dry;0;Urban;No;06APR2011;0;19:53;Male;No;Commercial;C: Possible Injury;Yes;O: No Injury;2922;April;0;Straight - Level;Piedmont;Facing Traffic;No Control Present;Wednesday;Non-Intersection;44;0;Two-Way, Not Divided;1 lane;0;#NULL!;#NULL!;Smooth Asphalt;#NULL!;Driveway, Public;Motorist Failed to Yield - Midblock;Public Vehicular Area;C: Possible Injury;Wake;21;Clear;#NULL!;0-5 mph;5 - 15 MPH;2011;Daylight;20-24
34.9976069217, -78.3092024689;"{""type"": ""Point"", ""coordinates"": [-78.30920246888182, 34.99760692166925]}";Black;Clinton;Travel Lane;2;17;Urban (>70% Developed);Male;Passenger Car;0;#NULL!;0;0;White;No;0;50-59;Bicyclist Ride Out - Signalized  Intersection;None;Yes;Yes;Dry;0;Urban;No;13APR2011;0;17:10;Female;No;Residential;C: Possible Injury;Yes;O: No Injury;2925;April;0;Straight - Level;Coastal;With Traffic;Stop And Go Signal;Wednesday;Intersection;53;0;Two-Way, Divided, Unprotected Median;5 lanes;0;#NULL!;#NULL!;Coarse Asphalt;#NULL!;Four-Way Intersection;Bicyclist Failed to Yield - Signalized Intersection;Local Street;C: Possible Injury;Sampson;41;Clear;#NULL!;31-35 mph;30 - 35  MPH;2011;Daylight;40-49
34.2422467716, -77.827502286;"{""type"": ""Point"", ""coordinates"": [-77.82750228595714, 34.24224677164278]}";White;Wilmington;Travel Lane;2;9;Urban (>70% Developed);Male;Sport Utility;0;#NULL!;0;0;White;No;0;70+;Motorist Drive Out - Right Turn on Red;None;No;No;Dry;0;Urban;No;13APR2011;0;9:19;Female;No;Commercial;C: Possible Injury;No;O: No Injury;2943;April;0;Straight - Level;Coastal;Facing Traffic;Stop And Go Signal;Wednesday;Intersection;70+;0;Two-Way, Divided, Unprotected Median;3 lanes;0;#NULL!;#NULL!;Smooth Asphalt;#NULL!;Four-Way Intersection;Motorist Failed to Yield - Signalized Intersection;Local Street;C: Possible Injury;New Hanover;20;Clear;#NULL!;6-10 mph;40 - 45  MPH;2011;Daylight;20-24
35.1183368632, -80.7202031992;"{""type"": ""Point"", ""coordinates"": [-80.72020319922333, 35.11833686316497]}";White;Matthews;Travel Lane;2;10;Urban (>70% Developed);Male;Van;0;#NULL!;0;0;White;No;0;40-49;Motorist Drive Through - Signalized Intersection;None;No;No;Dry;0;Urban;No;20APR2011;0;10:38;Female;No;Commercial;C: Possible Injury;No;O: No Injury;2938;April;0;Straight - Level;Piedmont;With Traffic;Stop And Go Signal;Wednesday;Intersection;44;0;Two-Way, Not Divided;4 lanes;0;#NULL!;#NULL!;Smooth Asphalt;#NULL!;No Special Feature;Motorist Failed to Yield - Signalized Intersection;Local Street;C: Possible Injury;Mecklenburg;25;Cloudy;#NULL!;6-10 mph;20 - 25  MPH;2011;Daylight;25-29
35.5829769582, -80.8244032558;"{""type"": ""Point"", ""coordinates"": [-80.82440325582608, 35.58297695818372]}";Black;Mooresville;Travel Lane;2;16;Mixed (30% To 70% Developed);Male;Pickup;0;#NULL!;0;0;White;No;0;0-5;Crossing Paths - Intersection - Other / Unknown;None;No;No;Dry;0;Urban;No;19APR2011;0;16:47;Male;No;Residential;B: Evident Injury;No;O: No Injury;2955;April;0;Straight - Level;Piedmont;Facing Traffic;No Control Present;Tuesday;Intersection;4;0;Two-Way, Not Divided;2 lanes;0;#NULL!;#NULL!;Smooth Asphalt;#NULL!;No Special Feature;Crossing Paths - Other Circumstances;Local Street;B: Evident Injury;Iredell;34;Clear;#NULL!;11-15 mph;30 - 35  MPH;2011;Daylight;30-39
35.7891570805, -78.67440262;"{""type"": ""Point"", ""coordinates"": [-78.67440262002151, 35.78915708048766]}";White;Raleigh;Travel Lane;2;17;Urban (>70% Developed);Male;Passenger Car;0;#NULL!;0;0;Black;No;0;16-19;Motorist Left Turn - Opposite Direction;None;No;No;Dry;0;Urban;No;12APR2011;0;17:24;Male;No;Commercial;C: Possible Injury;Yes;O: No Injury;2944;April;0;Straight - Level;Piedmont;With Traffic;Stop And Go Signal;Tuesday;Intersection;18;0;Two-Way, Divided, Unprotected Median;6 lanes;0;#NULL!;#NULL!;Smooth Asphalt;#NULL!;T-Intersection;Motorist Left Turn / Merge;Local Street;C: Possible Injury;Wake;22;Cloudy;#NULL!;6-10 mph;30 - 35  MPH;2011;Daylight;20-24
36.0399170882, -79.9406030163;"{""type"": ""Point"", ""coordinates"": [-79.94060301628745, 36.03991708816879]}";White;High Point;Travel Lane;2;18;Urban (>70% Developed);Male;Passenger Car;0;#NULL!;0;0;White;No;0;40-49;Motorist Left Turn - Opposite Direction;None;No;No;Dry;0;Urban;No;07APR2011;0;18:47;Female;No;Residential;B: Evident Injury;Yes;O: No Injury;2935;April;0;Straight - Level;Piedmont;With Traffic;Stop And Go Signal;Thursday;Intersection;48;0;Two-Way, Not Divided;2 lanes;0;#NULL!;#NULL!;Coarse Asphalt;#NULL!;Four-Way Intersection;Motorist Left Turn / Merge;Local Street;B: Evident Injury;Guilford;17;Clear;#NULL!;16-20 mph;30 - 35  MPH;2011;Daylight;0-19
35.152276862, -80.9598032723;"{""type"": ""Point"", ""coordinates"": [-80.95980327228843, 35.15227686198223]}";White;Charlotte;Travel Lane;2;19;Urban (>70% Developed);Male;Passenger Car;0;#NULL!;0;0;Black;No;0;40-49;Motorist Left Turn - Opposite Direction;None;No;No;Dry;0;Urban;No;12APR2011;0;19:16;Male;No;Residential;B: Evident Injury;Yes;O: No Injury;2932;April;0;Straight - Bottom;Piedmont;With Traffic;No Control Present;Tuesday;Intersection;48;0;Two-Way, Not Divided;2 lanes;0;#NULL!;#NULL!;Smooth Asphalt;#NULL!;T-Intersection;Motorist Left Turn / Merge;Local Street;B: Evident Injury;Mecklenburg;26;Clear;#NULL!;41-45 mph;40 - 45  MPH;2011;Daylight;25-29
35.2792070077, -77.5755022605;"{""type"": ""Point"", ""coordinates"": [-77.57550226049986, 35.279207007660965]}";Black;Kinston;Non-Roadway;2;15;Urban (>70% Developed);Female;Passenger Car;0;#NULL!;0;0;Black;No;0;40-49;Non-Roadway;None;No;No;Dry;0;Urban;No;30APR2011;0;15:42;Female;No;Commercial;C: Possible Injury;Yes;O: No Injury;2960;April;0;Straight - Level;Coastal;Not Applicable;No Control Present;Saturday;Non-Roadway;49;0;One-Way, Not Divided;1 lane;0;#NULL!;#NULL!;Smooth Asphalt;#NULL!;Driveway, Public;Non-Roadway;Public Vehicular Area;C: Possible Injury;Lenoir;28;Clear;#NULL!;0-5 mph;20 - 25  MPH;2011;Daylight;25-29
34.6810408254, -79.1181426974;"{""type"": ""Point"", ""coordinates"": [-79.11814269740537, 34.681040825351175]}";Native American;None - Rural Crash;Travel Lane;2;18;Rural (<30% Developed);Male;Passenger Car;0;Yes-Alcohol,  impairment suspected;1;40001003;Native American;No;0;40-49;Motorist Overtaking - Undetected Bicyclist;None;Yes;#NULL!;Dry;0.2;Rural;No;04JAN2014;0;18:52;Female;#NULL!;Farms, Woods, Pastures;B: Evident Injury;Yes;O: No Injury;2;January;0;Straight - Level;Coastal;With Traffic;Double Yellow Line, No Passing Zone;Saturday;Non-Intersection;47;1;Two-Way, Not Divided;2 lanes;0;No;SR 1003;Coarse Asphalt;72;No Special Feature;Motorist Overtaking Bicyclist;State Secondary Route;B: Evident Injury;Robeson;28;Clear;1513;51-55 mph;50 - 55  MPH;2014;Dark - Roadway Not Lighted;25-29
35.2581268908, -80.7948232292;"{""type"": ""Point"", ""coordinates"": [-80.79482322924449, 35.25812689076183]}";Black;Charlotte;Sidewalk / Crosswalk / Driveway Crossing;2;12;Urban (>70% Developed);Male;Passenger Car;0;No;1;40002480;Black;No;0;60-69;Bicyclist Ride Out - Signalized  Intersection;None;No;#NULL!;Dry;0;Urban;No;13JAN2014;0;12:37;Male;#NULL!;Commercial;B: Evident Injury;Yes;O: No Injury;5;January;0;Straight - Level;Piedmont;Facing Traffic;Stop And Go Signal;Monday;Intersection;62;1;Two-Way, Not Divided;9 or more lanes;0;No;EAST SUGAR CREEK ROAD;Smooth Asphalt;PENNY WAY;No Special Feature;Bicyclist Failed to Yield - Signalized Intersection;Local Street;B: Evident Injury;Mecklenburg;19;Clear;NORTH TRYON STREET;26-30 mph;40 - 45  MPH;2014;Daylight;0-19
36.0067401176, -78.9240127071;"{""type"": ""Point"", ""coordinates"": [-78.92401270710369, 36.00674011762108]}";White;Durham;Sidewalk / Crosswalk / Driveway Crossing;2;9;Urban (>70% Developed);Male;Sport Utility;0;No;0;50018682;Black;No;1;30-39;Motorist Drive Out - Commercial Driveway / Alley;None;No;#NULL!;Dry;0.095;Urban;No;03JAN2014;0;9:07;Female;#NULL!;Commercial;C: Possible Injury;No;O: No Injury;1;January;0;Straight - Level;Piedmont;With Traffic;No Control Present;Friday;Non-Intersection;31;1;Two-Way, Not Divided;3 lanes;0;No;WEST MAIN STREET;Coarse Asphalt;RUTHERFORD STREET;T-Intersection;Motorist Failed to Yield - Midblock;Local Street;C: Possible Injury;Durham;58;Clear;NINTH STREET;11-15 mph;30 - 35  MPH;2014;Daylight;50-59
35.1493028632, -80.8978632536;"{""type"": ""Point"", ""coordinates"": [-80.89786325355267, 35.149302863193476]}";Hispanic;None - Rural Crash;Travel Lane;2;15;Urban (>70% Developed);Male;Passenger Car;0;No;1;50021061;Hispanic;No;0;20-24;Motorist Drive Out - Commercial Driveway / Alley;None;No;#NULL!;Wet;0;Rural;No;11JAN2014;0;15:19;Male;#NULL!;Residential;B: Evident Injury;Yes;O: No Injury;4;January;0;Straight - Level;Piedmont;Not Applicable;No Control Present;Saturday;Non-Intersection;20;1;Two-Way, Not Divided;2 lanes;0;No;ANN MARIE DR;Smooth Asphalt;ALLEGIANCE DR;No Special Feature;Motorist Failed to Yield - Midblock;Local Street;B: Evident Injury;Mecklenburg;51;Rain;NATIONS FORD RD;16-20 mph;30 - 35  MPH;2014;Daylight;50-59
35.6003639041, -82.3722437171;"{""type"": ""Point"", ""coordinates"": [-82.3722437170881, 35.60036390406145]}";White;None - Rural Crash;Travel Lane;2;16;Rural (<30% Developed);Male;Sport Utility;0;#NULL!;0;0;White;No;0;50-59;Motorist Overtaking - Other / Unknown;None;No;No;Dry;0;Rural;No;23SEP2009;0;16:29;Female;No;Farms, Woods, Pastures;B: Evident Injury;Yes;O: No Injury;5211;September;0;Straight - Level;Mountains;With Traffic;No Control Present;Wednesday;Non-Intersection;57;0;Two-Way, Not Divided;5 lanes;0;#NULL!;#NULL!;Smooth Asphalt;#NULL!;No Special Feature;Motorist Overtaking Bicyclist;US Route;B: Evident Injury;Buncombe;54;Clear;#NULL!;41-45 mph;40 - 45  MPH;2009;Daylight;50-59
35.9254301136, -78.5596875925;"{""type"": ""Point"", ""coordinates"": [-78.55968759245411, 35.925430113634754]}";White;Raleigh;Travel Lane;2;12;Urban (>70% Developed);Male;Truck/Trailer;0;#NULL!;0;0;Black;No;0;40-49;Crossing Paths - Uncontrolled Intersection;Traffic Control Device Inoperative, Not Visible Or Missing;No;No;Dry;0;Urban;No;05SEP2009;0;12:08;Male;No;Residential;O: No Injury;No;O: No Injury;5217;September;0;Straight - Level;Piedmont;With Traffic;No Control Present;Saturday;Intersection;43;0;Two-Way, Not Divided;4 lanes;0;#NULL!;#NULL!;Coarse Asphalt;#NULL!;No Special Feature;Crossing Paths - Other Circumstances;Local Street;O: No Injury;Wake;36;Clear;#NULL!;6-10 mph;20 - 25  MPH;2009;Daylight;30-39