Geo Point;Geo Shape;BikeRace;City;BikePos;NumUnits;CrashHour;Locality;BikeSex;DrvrVehTyp;NumBikesNo;BikeAlcDrg;NumBikesBI;RteInvdCd;DrvrRace;Workzone;NumBikesCi;BikeAgeGrp;CrashType;RdDefects;CrashAlcoh;BikeAlcoho;RdConditio;DstncMiFrm;RuralUrban;HitRun;CrashDate;NumBikesUI;CrashTime;DrvrSex;DrvrAlcoho;Developmen;CrashSevr;AmbulanceR;DrvrInjury;OBJECTID;CrashMonth;NumBikesKi;RdCharacte;Region;BikeDir;TraffCntrl;CrashDay;CrashLoc;BikeAge;NumBikesTo;RdConfig;NumLanes;NumBikesAI;DrvrAlcDrg;OnRoad;RdSurface;Towrd_Rd;RdFeature;CrashGrp;RdClass;BikeInjury;County;DrvrAge;Weather;FrmRd;DrvrEstSpd;SpeedLimit;CrashYear;LightCond;DrvrAgeGrp
35.7848810793, -78.6890976244;"{""type"": ""Point"", ""coordinates"": [-78.68909762441032, 35.7848810792874]}";Black;Raleigh;Sidewalk / Crosswalk / Driveway Crossing;2;8;Urban (>70% Developed);Male;Pickup;0;#NULL!;0;0;White;No;0;40-49;Motorist Drive Out - Other Midblock;None;No;No;Wet;0;Urban;No;31AUG2009;0;8:33;Female;No;Commercial;C: Possible Injury;Yes;O: No Injury;5223;August;0;Straight - Grade;Piedmont;Facing Traffic;No Control Present;Monday;Non-Intersection;49;0;Two-Way, Divided, Unprotected Median;6 lanes;0;#NULL!;#NULL!;Smooth Asphalt;#NULL!;Driveway, Public;Motorist Failed to Yield - Midblock;Local Street;C: Possible Injury;Wake;22;Rain;#NULL!;0-5 mph;40 - 45  MPH;2009;Daylight;20-24
35.9066920909, -79.0836667501;"{""type"": ""Point"", ""coordinates"": [-79.08366675012238, 35.90669209091097]}";White;Carrboro;Unknown;2;15;Urban (>70% Developed);Male;Passenger Car;0;#NULL!;0;0;Other;No;0;40-49;Bicyclist Ride Out - Midblock - Unknown;None;Yes;Yes;Dry;0;Urban;No;01OCT2009;0;15:08;Male;No;Residential;C: Possible Injury;Yes;O: No Injury;5233;October;0;Straight - Hillcrest;Piedmont;Not Applicable;No Control Present;Thursday;Non-Intersection;41;0;Two-Way, Not Divided;5 lanes;0;#NULL!;#NULL!;Coarse Asphalt;#NULL!;No Special Feature;Bicyclist Failed to Yield - Midblock;Local Street;C: Possible Injury;Orange;37;Clear;#NULL!;31-35 mph;30 - 35  MPH;2009;Daylight;30-39
35.2504528994, -80.5081931435;"{""type"": ""Point"", ""coordinates"": [-80.50819314353939, 35.25045289940103]}";White;Midland;Travel Lane;2;6;Mixed (30% To 70% Developed);Male;Unknown;0;#NULL!;0;0;Unknown/Missing;No;0;30-39;Motorist Overtaking - Other / Unknown;None;No;No;Wet;0;Rural;Yes;15OCT2009;0;6:45;Unknown;No;Residential;B: Evident Injury;Yes;Unknown Injury;5237;October;0;Straight - Level;Piedmont;With Traffic;No Control Present;Thursday;Non-Intersection;39;0;Two-Way, Not Divided;5 lanes;0;#NULL!;#NULL!;Smooth Asphalt;#NULL!;No Special Feature;Motorist Overtaking Bicyclist;NC Route;B: Evident Injury;Cabarrus;Unknown;Cloudy;#NULL!;51-55 mph;50 - 55  MPH;2009;Dark - Roadway Not Lighted;Unknown
35.9449421453, -77.7759223547;"{""type"": ""Point"", ""coordinates"": [-77.77592235472872, 35.94494214528646]}";Black;Rocky Mount;Non-Roadway;2;12;Urban (>70% Developed);Male;Sport Utility;0;#NULL!;0;0;Black;No;0;40-49;Non-Roadway;None;No;No;Dry;0;Urban;No;14SEP2009;0;12:49;Female;No;Commercial;C: Possible Injury;No;O: No Injury;5239;September;0;Straight - Level;Coastal;Not Applicable;No Control Present;Monday;Non-Roadway;43;0;Two-Way, Not Divided;Unknown;0;#NULL!;#NULL!;Coarse Asphalt;#NULL!;No Special Feature;Non-Roadway;Public Vehicular Area;C: Possible Injury;Edgecombe;53;Clear;#NULL!;6-10 mph;Unknown;2009;Daylight;50-59
35.944564144, -77.7961673613;"{""type"": ""Point"", ""coordinates"": [-77.79616736134814, 35.94456414402135]}";Black;Rocky Mount;Unknown;2;19;Urban (>70% Developed);Male;Pickup;0;#NULL!;0;0;White;No;0;16-19;Bicyclist Ride Through - Signalized Intersection;None;No;No;Dry;0;Urban;No;15SEP2009;0;19:32;Male;No;Commercial;B: Evident Injury;Yes;O: No Injury;5240;September;0;Straight - Level;Coastal;Facing Traffic;Stop And Go Signal;Tuesday;Intersection;18;0;One-Way, Not Divided;3 lanes;0;#NULL!;#NULL!;Coarse Asphalt;#NULL!;Four-Way Intersection;Bicyclist Failed to Yield - Signalized Intersection;Local Street;B: Evident Injury;Nash;70+;Clear;#NULL!;31-35 mph;30 - 35  MPH;2009;Dark - Lighted Roadway;70+
35.9633571471, -77.8449323778;"{""type"": ""Point"", ""coordinates"": [-77.84493237776242, 35.96335714713908]}";Black;Rocky Mount;Travel Lane;2;16;Urban (>70% Developed);Male;Pickup;0;#NULL!;0;0;White;No;0;16-19;Motorist Drive Out - Sign-Controlled Intersection;None;No;No;Dry;0;Urban;No;18SEP2009;0;16:04;Male;No;Commercial;O: No Injury;No;O: No Injury;5241;September;0;Straight - Level;Coastal;Facing Traffic;Stop Sign;Friday;Intersection;17;0;Two-Way, Not Divided;5 lanes;0;#NULL!;#NULL!;Smooth Asphalt;#NULL!;No Special Feature;Motorist Failed to Yield - Sign-Controlled Intersection;Local Street;O: No Injury;Nash;24;Clear;#NULL!;6-10 mph;30 - 35  MPH;2009;Daylight;20-24
34.7478268983, -77.3775021744;"{""type"": ""Point"", ""coordinates"": [-77.37750217442081, 34.747826898261685]}";White;Jacksonville;Non-Roadway;2;20;Urban (>70% Developed);Male;Passenger Car;0;#NULL!;0;0;Black;No;0;11-15;Non-Roadway;None;No;No;Dry;0;Urban;No;28SEP2009;0;20:02;Female;No;Residential;C: Possible Injury;Yes;O: No Injury;5244;September;0;Straight - Level;Coastal;Not Applicable;No Control Present;Monday;Non-Roadway;14;0;Two-Way, Not Divided;Unknown;0;#NULL!;#NULL!;Smooth Asphalt;#NULL!;Driveway, Public;Non-Roadway;Public Vehicular Area;C: Possible Injury;Onslow;40;Clear;#NULL!;0-5 mph;Unknown;2009;Dark - Roadway Not Lighted;40-49
35.6057670859, -77.3722922146;"{""type"": ""Point"", ""coordinates"": [-77.37229221459417, 35.6057670859354]}";White;Greenville;Travel Lane;2;14;Urban (>70% Developed);Male;Pickup;0;#NULL!;0;0;White;No;0;16-19;Bicyclist Failed to Clear - Multiple Threat;None;No;No;Dry;0;Urban;No;30SEP2009;0;14:34;Male;No;Commercial;O: No Injury;No;O: No Injury;5256;September;0;Straight - Level;Coastal;Facing Traffic;Stop And Go Signal;Wednesday;Intersection;18;0;Two-Way, Not Divided;4 lanes;0;#NULL!;#NULL!;Smooth Asphalt;#NULL!;No Special Feature;Bicyclist Failed to Yield - Signalized Intersection;Local Street;O: No Injury;Pitt;50;Clear;#NULL!;0-5 mph;30 - 35  MPH;2009;Daylight;50-59
34.7603968304, -79.4755628086;"{""type"": ""Point"", ""coordinates"": [-79.47556280859948, 34.760396830384856]}";White;Laurinburg;Non-Roadway;2;17;Urban (>70% Developed);Male;Passenger Car;0;#NULL!;0;0;Black;No;0;0-5;Non-Roadway;None;No;No;Dry;0;Urban;No;07OCT2009;0;17:32;Male;No;Residential;C: Possible Injury;No;O: No Injury;5258;October;0;Straight - Level;Coastal;Not Applicable;No Control Present;Wednesday;Non-Roadway;5;0;Two-Way, Not Divided;Unknown;0;#NULL!;#NULL!;Coarse Asphalt;#NULL!;Driveway, Public;Non-Roadway;Public Vehicular Area;C: Possible Injury;Scotland;28;Clear;#NULL!;0-5 mph;5 - 15 MPH;2009;Dusk;25-29
36.1128840927, -80.2252631059;"{""type"": ""Point"", ""coordinates"": [-80.22526310593166, 36.11288409268597]}";White;Winston-Salem;Sidewalk / Crosswalk / Driveway Crossing;2;15;Urban (>70% Developed);Male;Pickup;0;#NULL!;0;0;Black;No;0;20-24;Motorist Drive Out - Sign-Controlled Intersection;None;No;No;Dry;0;Urban;No;19OCT2009;0;15:45;Female;No;Residential;C: Possible Injury;Yes;O: No Injury;5274;October;0;Straight - Hillcrest;Piedmont;Facing Traffic;Stop Sign;Monday;Intersection;22;0;Two-Way, Divided, Unprotected Median;2 lanes;0;#NULL!;#NULL!;Smooth Asphalt;#NULL!;T-Intersection;Motorist Failed to Yield - Sign-Controlled Intersection;Local Street;C: Possible Injury;Forsyth;48;Clear;#NULL!;0-5 mph;20 - 25  MPH;2009;Daylight;40-49
35.3809499236, -80.6002381773;"{""type"": ""Point"", ""coordinates"": [-80.60023817726051, 35.38094992356561]}";White;Concord;Travel Lane;2;19;Urban (>70% Developed);Male;Passenger Car;0;#NULL!;0;0;Black;No;0;11-15;Bicyclist Lost Control - Mechanical Problems;None;No;No;Dry;0;Urban;No;22OCT2009;0;19:02;Female;No;Residential;B: Evident Injury;Yes;O: No Injury;5276;October;0;Straight - Grade;Piedmont;With Traffic;Double Yellow Line, No Passing Zone;Thursday;Non-Intersection;14;0;Two-Way, Divided, Unprotected Median;2 lanes;0;#NULL!;#NULL!;Smooth Asphalt;#NULL!;No Special Feature;Loss of Control / Turning Error;Local Street;B: Evident Injury;Cabarrus;70+;Clear;#NULL!;31-35 mph;30 - 35  MPH;2009;Dusk;70+
36.4167822521, -77.6051723286;"{""type"": ""Point"", ""coordinates"": [-77.60517232863002, 36.41678225205345]}";White;None - Rural Crash;Travel Lane;2;19;Rural (<30% Developed);Male;Sport Utility;0;#NULL!;0;0;Black;No;0;50-59;Motorist Drive Out - Sign-Controlled Intersection;None;No;No;Dry;0;Rural;No;23OCT2009;0;19:31;Female;No;Commercial;C: Possible Injury;Yes;O: No Injury;5279;October;0;Straight - Level;Coastal;Facing Traffic;Stop Sign;Friday;Intersection;50;0;Two-Way, Not Divided;2 lanes;0;#NULL!;#NULL!;Smooth Asphalt;#NULL!;Four-Way Intersection;Motorist Failed to Yield - Sign-Controlled Intersection;State Secondary Route;C: Possible Injury;Halifax;44;Clear;#NULL!;31-35 mph;30 - 35  MPH;2009;Dark - Lighted Roadway;40-49
35.248793888, -80.815653235;"{""type"": ""Point"", ""coordinates"": [-80.81565323496639, 35.24879388801834]}";Black;Charlotte;Sidewalk / Crosswalk / Driveway Crossing;2;15;Urban (>70% Developed);Male;Light Truck (Mini-Van, Panel);0;#NULL!;0;0;Black;No;0;50-59;Signalized Intersection - Other / Unknown;None;No;No;Dry;0;Urban;No;23OCT2009;0;15:26;Male;No;Commercial;C: Possible Injury;No;O: No Injury;5281;October;0;Straight - Grade;Piedmont;Facing Traffic;Stop And Go Signal;Friday;Intersection;54;0;Two-Way, Not Divided;6 lanes;0;#NULL!;#NULL!;Smooth Asphalt;#NULL!;Four-Way Intersection;Crossing Paths - Other Circumstances;Local Street;C: Possible Injury;Mecklenburg;25;Cloudy;#NULL!;Unknown;30 - 35  MPH;2009;Daylight;25-29
35.7879569857, -81.2604633973;"{""type"": ""Point"", ""coordinates"": [-81.26046339727507, 35.78795698568908]}";White;None - Rural Crash;Travel Lane;2;7;Rural (<30% Developed);Male;Van;0;#NULL!;0;0;White;No;0;40-49;Motorist Overtaking - Misjudged Space;None;No;No;Dry;0;Rural;No;26OCT2009;0;7:45;Male;No;Residential;C: Possible Injury;No;O: No Injury;5284;October;0;Straight - Level;Piedmont;With Traffic;Double Yellow Line, No Passing Zone;Monday;Non-Intersection;45;0;Two-Way, Not Divided;2 lanes;0;#NULL!;#NULL!;Smooth Asphalt;#NULL!;No Special Feature;Motorist Overtaking Bicyclist;State Secondary Route;C: Possible Injury;Catawba;70+;Clear;#NULL!;41-45 mph;40 - 45  MPH;2009;Daylight;70+
36.0912871355, -78.933092715;"{""type"": ""Point"", ""coordinates"": [-78.93309271500561, 36.091287135473564]}";White;Durham;Travel Lane;2;18;Rural (<30% Developed);Male;Light Truck (Mini-Van, Panel);0;#NULL!;0;0;White;No;0;11-15;Head-On - Bicyclist;None;No;No;Dry;0;Urban;No;06NOV2009;0;18:51;Male;No;Residential;B: Evident Injury;Yes;O: No Injury;5287;November;0;Straight - Level;Piedmont;Facing Traffic;No Control Present;Friday;Non-Intersection;14;0;Two-Way, Not Divided;2 lanes;0;#NULL!;#NULL!;Smooth Asphalt;#NULL!;No Special Feature;Head-On;Local Street;B: Evident Injury;Durham;22;Clear;#NULL!;41-45 mph;40 - 45  MPH;2009;Dark - Roadway Not Lighted;20-24
34.2009167601, -77.888472303;"{""type"": ""Point"", ""coordinates"": [-77.88847230296028, 34.200916760069894]}";White;Wilmington;Unknown;2;15;Urban (>70% Developed);Male;Van;0;#NULL!;0;0;Black;No;0;16-19;Bicyclist Ride Out - Signalized  Intersection;None;No;No;Wet;0;Urban;No;14OCT2009;0;15:16;Female;No;Commercial;C: Possible Injury;No;O: No Injury;5289;October;0;Straight - Level;Coastal;Not Applicable;Stop And Go Signal;Wednesday;Intersection-Related;19;0;Two-Way, Divided, Positive Median Barrier;3 lanes;0;#NULL!;#NULL!;Coarse Asphalt;#NULL!;No Special Feature;Bicyclist Failed to Yield - Signalized Intersection;Local Street;C: Possible Injury;New Hanover;23;Rain;#NULL!;0-5 mph;5 - 15 MPH;2009;Daylight;20-24
35.3222499837, -78.5695125645;"{""type"": ""Point"", ""coordinates"": [-78.56951256445146, 35.32224998372166]}";White;None - Rural Crash;Travel Lane;2;18;Rural (<30% Developed);Male;Pickup;0;#NULL!;0;0;White;No;0;16-19;Motorist Overtaking - Bicyclist Swerved;None;Yes;Yes;Dry;0;Rural;No;07NOV2009;0;18:05;Male;No;Farms, Woods, Pastures;K: Killed;Yes;O: No Injury;5295;November;0;Straight - Level;Coastal;With Traffic;Double Yellow Line, No Passing Zone;Saturday;Non-Intersection;16;0;Two-Way, Not Divided;2 lanes;0;#NULL!;#NULL!;Smooth Asphalt;#NULL!;No Special Feature;Motorist Overtaking Bicyclist;State Secondary Route;K: Killed;Harnett;17;Clear;#NULL!;41-45 mph;50 - 55  MPH;2009;Dark - Roadway Not Lighted;0-19
35.5908849706, -80.5513031751;"{""type"": ""Point"", ""coordinates"": [-80.55130317506087, 35.590884970642]}";White;None - Rural Crash;Travel Lane;2;12;Rural (<30% Developed);Male;Pickup;0;#NULL!;0;0;White;No;0;40-49;Motorist Drive Out - Sign-Controlled Intersection;None;No;No;Dry;0;Rural;No;14NOV2009;0;12:33;Male;No;Farms, Woods, Pastures;C: Possible Injury;No;O: No Injury;5298;November;0;Straight - Level;Piedmont;With Traffic;No Control Present;Saturday;Intersection;44;0;Two-Way, Not Divided;5 lanes;0;#NULL!;#NULL!;Smooth Asphalt;#NULL!;Four-Way Intersection;Motorist Failed to Yield - Sign-Controlled Intersection;US Route;C: Possible Injury;Rowan;22;Clear;#NULL!;0-5 mph;50 - 55  MPH;2009;Daylight;20-24
36.0687820985, -79.8291129844;"{""type"": ""Point"", ""coordinates"": [-79.82911298435017, 36.06878209845506]}";White;Greensboro;Travel Lane;2;4;Urban (>70% Developed);Male;Passenger Car;0;#NULL!;0;0;Unknown/Missing;No;0;50-59;Bicyclist Overtaking - Parked Vehicle;None;Yes;Yes;Dry;0;Urban;No;20OCT2009;0;4:25;Unknown;Missing;Residential;B: Evident Injury;Yes;Unknown Injury;5309;October;0;Straight - Grade;Piedmont;With Traffic;No Control Present;Tuesday;Non-Intersection;52;0;Two-Way, Not Divided;1 lane;0;#NULL!;#NULL!;Smooth Asphalt;#NULL!;No Special Feature;Bicyclist Overtaking Motorist;Local Street;B: Evident Injury;Guilford;Unknown;Clear;#NULL!;0-5 mph;30 - 35  MPH;2009;Dark - Roadway Not Lighted;Unknown
34.2167667636, -77.9076823094;"{""type"": ""Point"", ""coordinates"": [-77.90768230937158, 34.21676676362121]}";White;Wilmington;Travel Lane;2;22;Urban (>70% Developed);Male;Passenger Car;0;#NULL!;0;0;White;No;0;16-19;Motorist Overtaking - Undetected Bicyclist;None;No;No;Dry;0;Urban;No;17OCT2009;0;22:44;Female;No;Commercial;B: Evident Injury;Yes;O: No Injury;5311;October;0;Straight - Level;Coastal;With Traffic;No Control Present;Saturday;Non-Intersection;16;0;Two-Way, Divided, Positive Median Barrier;Unknown;0;#NULL!;#NULL!;Coarse Asphalt;#NULL!;No Special Feature;Motorist Overtaking Bicyclist;Local Street;B: Evident Injury;New Hanover;27;Clear;#NULL!;36-40 mph;40 - 45  MPH;2009;Dark - Roadway Not Lighted;25-29
35.9006610968, -78.8889876912;"{""type"": ""Point"", ""coordinates"": [-78.88898769118256, 35.90066109684234]}";White;Durham;Travel Lane;2;11;Urban (>70% Developed);Female;Passenger Car;0;#NULL!;0;0;Asian;No;0;40-49;Crossing Paths - Intersection - Other / Unknown;None;No;No;Dry;0;Urban;No;21NOV2009;0;11:11;Male;No;Commercial;B: Evident Injury;Yes;O: No Injury;5313;November;0;Straight - Level;Piedmont;With Traffic;Human Control;Saturday;Intersection;41;0;Two-Way, Not Divided;4 lanes;0;#NULL!;#NULL!;Smooth Asphalt;#NULL!;No Special Feature;Crossing Paths - Other Circumstances;NC Route;B: Evident Injury;Durham;31;Clear;#NULL!;36-40 mph;40 - 45  MPH;2009;Daylight;30-39
35.3728099174, -80.7228832142;"{""type"": ""Point"", ""coordinates"": [-80.72288321419853, 35.37280991744887]}";White;Concord;Sidewalk / Crosswalk / Driveway Crossing;2;15;Urban (>70% Developed);Male;Passenger Car;0;#NULL!;0;0;White;No;0;60-69;Motorist Left Turn - Opposite Direction;None;No;No;Dry;0;Urban;No;08NOV2009;0;15:13;Female;No;Commercial;B: Evident Injury;Yes;O: No Injury;5315;November;0;Straight - Level;Piedmont;Not Applicable;No Control Present;Sunday;Non-Intersection;66;0;Two-Way, Not Divided;Unknown;0;#NULL!;#NULL!;Smooth Asphalt;#NULL!;No Special Feature;Motorist Left Turn / Merge;Public Vehicular Area;B: Evident Injury;Cabarrus;22;Clear;#NULL!;6-10 mph;20 - 25  MPH;2009;Daylight;20-24
35.0849569206, -78.9051126535;"{""type"": ""Point"", ""coordinates"": [-78.90511265350983, 35.0849569205641]}";White;Fayetteville;Travel Lane;2;13;Urban (>70% Developed);Male;Passenger Car;0;#NULL!;0;0;Black;No;0;30-39;Bicyclist Overtaking - Other / Unknown;None;No;No;Dry;0;Urban;No;20OCT2009;0;13:01;Male;No;Commercial;B: Evident Injury;Yes;O: No Injury;5318;October;0;Straight - Level;Coastal;With Traffic;No Control Present;Tuesday;Non-Intersection;34;0;Two-Way, Not Divided;5 lanes;0;#NULL!;#NULL!;Coarse Asphalt;#NULL!;No Special Feature;Bicyclist Overtaking Motorist;Local Street;B: Evident Injury;Cumberland;21;Clear;#NULL!;0-5 mph;30 - 35  MPH;2009;Daylight;20-24
35.57167397, -80.4590231464;"{""type"": ""Point"", ""coordinates"": [-80.45902314641452, 35.57167397004823]}";White;None - Rural Crash;Travel Lane;2;17;Mixed (30% To 70% Developed);Male;Passenger Car;0;#NULL!;0;0;White;No;0;40-49;Motorist Overtaking - Misjudged Space;None;No;No;Wet;0;Rural;No;30NOV2009;0;17:28;Female;No;Residential;C: Possible Injury;Yes;O: No Injury;5326;November;0;Straight - Grade;Piedmont;With Traffic;Double Yellow Line, No Passing Zone;Monday;Non-Intersection;47;0;Two-Way, Not Divided;2 lanes;0;#NULL!;#NULL!;Smooth Asphalt;#NULL!;No Special Feature;Motorist Overtaking Bicyclist;State Secondary Route;C: Possible Injury;Rowan;70+;Rain;#NULL!;21-25 mph;40 - 45  MPH;2009;Dusk;70+
34.7330389042, -77.0857020848;"{""type"": ""Point"", ""coordinates"": [-77.08570208483236, 34.73303890416108]}";White;None - Rural Crash;Travel Lane;2;12;Mixed (30% To 70% Developed);Female;Passenger Car;0;#NULL!;0;0;White;No;0;11-15;Motorist Overtaking - Other / Unknown;None;No;No;Dry;0;Rural;No;29NOV2009;0;12:18;Male;No;Residential;B: Evident Injury;Yes;O: No Injury;5330;November;0;Straight - Level;Coastal;With Traffic;Double Yellow Line, No Passing Zone;Sunday;Non-Intersection;11;0;Two-Way, Not Divided;2 lanes;0;#NULL!;#NULL!;Coarse Asphalt;#NULL!;No Special Feature;Motorist Overtaking Bicyclist;State Secondary Route;B: Evident Injury;Carteret;70+;Clear;#NULL!;21-25 mph;40 - 45  MPH;2009;Daylight;70+
36.5123251959, -79.7017729705;"{""type"": ""Point"", ""coordinates"": [-79.70177297054424, 36.512325195920155]}";Black;Eden;Non-Roadway;2;18;Urban (>70% Developed);Female;Passenger Car;0;#NULL!;0;0;Unknown/Missing;No;0;0-5;Non-Roadway;None;No;No;Dry;0;Urban;Yes;15SEP2009;0;18:07;Unknown;No;Residential;C: Possible Injury;Yes;Unknown Injury;5337;September;0;Straight - Level;Piedmont;Not Applicable;No Control Present;Tuesday;Non-Roadway;3;0;Unknown;Unknown;0;#NULL!;#NULL!;Smooth Asphalt;#NULL!;Driveway, Public;Non-Roadway;Public Vehicular Area;C: Possible Injury;Rockingham;Unknown;Clear;#NULL!;16-20 mph;5 - 15 MPH;2009;Daylight;Unknown
34.2257037648, -77.9276323159;"{""type"": ""Point"", ""coordinates"": [-77.927632315918, 34.22570376477278]}";Black;Wilmington;Sidewalk / Crosswalk / Driveway Crossing;2;8;Urban (>70% Developed);Male;Passenger Car;0;#NULL!;0;0;White;No;0;40-49;Bicyclist Failed to Clear - Multiple Threat;None;No;No;Dry;0;Urban;No;28NOV2009;0;8:14;Male;No;Commercial;B: Evident Injury;Yes;O: No Injury;5347;November;0;Straight - Level;Coastal;Facing Traffic;Stop And Go Signal;Saturday;Intersection;47;0;One-Way, Not Divided;3 lanes;0;#NULL!;#NULL!;Coarse Asphalt;#NULL!;Related To Intersection;Bicyclist Failed to Yield - Signalized Intersection;US Route;B: Evident Injury;New Hanover;37;Clear;#NULL!;26-30 mph;30 - 35  MPH;2009;Daylight;30-39
35.9075230917, -79.062782744;"{""type"": ""Point"", ""coordinates"": [-79.06278274395893, 35.907523091704974]}";White;Chapel Hill;Bike Lane / Paved Shoulder;2;17;Urban (>70% Developed);Female;Passenger Car;0;#NULL!;0;0;Black;No;0;11-15;Motorist Left Turn - Opposite Direction;None;No;No;Wet;0;Urban;No;23NOV2009;0;17:42;Male;No;Residential;C: Possible Injury;Yes;O: No Injury;5348;November;0;Straight - Level;Piedmont;With Traffic;No Control Present;Monday;Intersection;13;0;Two-Way, Divided, Unprotected Median;2 lanes;0;#NULL!;#NULL!;Smooth Asphalt;#NULL!;No Special Feature;Motorist Left Turn / Merge;Local Street;C: Possible Injury;Orange;34;Cloudy;#NULL!;21-25 mph;20 - 25  MPH;2009;Dark - Lighted Roadway;30-39
35.9471871465, -77.7594123502;"{""type"": ""Point"", ""coordinates"": [-77.75941235023124, 35.94718714649774]}";White;Rocky Mount;Bike Lane / Paved Shoulder;2;9;Urban (>70% Developed);Male;Passenger Car;0;#NULL!;0;0;White;No;0;60-69;Motorist Overtaking - Bicyclist Swerved;None;No;No;Dry;0;Urban;No;31OCT2009;0;9:24;Male;No;Commercial;B: Evident Injury;Yes;O: No Injury;5354;October;0;Straight - Level;Coastal;With Traffic;No Control Present;Saturday;Non-Intersection;60;0;One-Way, Not Divided;1 lane;0;#NULL!;#NULL!;Smooth Asphalt;#NULL!;No Special Feature;Motorist Overtaking Bicyclist;US Route;B: Evident Injury;Edgecombe;49;Clear;#NULL!;11-15 mph;30 - 35  MPH;2009;Daylight;40-49
35.2783540075, -77.5881122636;"{""type"": ""Point"", ""coordinates"": [-77.58811226361928, 35.27835400745699]}";Black;Kinston;Travel Lane;2;18;Urban (>70% Developed);Male;Van;0;#NULL!;0;0;Black;No;0;16-19;Motorist Left Turn - Opposite Direction;None;No;No;Dry;0;Urban;No;09NOV2009;0;18:18;Female;No;Residential;C: Possible Injury;No;O: No Injury;5355;November;0;Straight - Level;Coastal;With Traffic;No Control Present;Monday;Non-Intersection;16;0;Two-Way, Not Divided;2 lanes;0;#NULL!;#NULL!;Coarse Asphalt;#NULL!;Driveway, Private;Motorist Left Turn / Merge;Local Street;C: Possible Injury;Lenoir;57;Clear;#NULL!;0-5 mph;20 - 25  MPH;2009;Dark - Unknown Lighting;50-59
35.9978771154, -78.9391927113;"{""type"": ""Point"", ""coordinates"": [-78.93919271133431, 35.997877115415655]}";White;Durham;Travel Lane;2;16;Urban (>70% Developed);Male;Passenger Car;0;#NULL!;0;0;Black;No;0;25-29;Motorist Right Turn - Same Direction;None;No;No;Dry;0;Urban;No;07DEC2009;0;16:17;Female;No;Institutional;C: Possible Injury;No;O: No Injury;5359;December;0;Straight - Level;Piedmont;With Traffic;No Control Present;Monday;Non-Intersection;27;0;One-Way, Not Divided;1 lane;0;#NULL!;#NULL!;Coarse Asphalt;#NULL!;Traffic Circle/Roundabout;Motorist Right Turn / Merge;Public Vehicular Area;C: Possible Injury;Durham;61;Clear;#NULL!;6-10 mph;20 - 25  MPH;2009;Daylight;60-69
34.2075717624, -77.8784283004;"{""type"": ""Point"", ""coordinates"": [-77.87842830039786, 34.20757176240309]}";White;Wilmington;Travel Lane;2;16;Urban (>70% Developed);Male;Passenger Car;0;#NULL!;0;0;Unknown/Missing;No;0;16-19;Motorist Right Turn - Same Direction;None;No;No;Dry;0;Urban;Yes;28SEP2009;0;16:31;Unknown;Missing;Residential;B: Evident Injury;No;Unknown Injury;5363;September;0;Straight - Level;Coastal;With Traffic;Stop And Go Signal;Monday;Intersection;18;0;Two-Way, Not Divided;5 lanes;0;#NULL!;#NULL!;Coarse Asphalt;#NULL!;T-Intersection;Motorist Right Turn / Merge;Local Street;B: Evident Injury;New Hanover;Unknown;Clear;#NULL!;11-15 mph;30 - 35  MPH;2009;Daylight;Unknown
35.5206600355, -78.3133224971;"{""type"": ""Point"", ""coordinates"": [-78.31332249707972, 35.52066003547686]}";Black;Smithfield;Non-Roadway;2;10;Urban (>70% Developed);Male;Unknown;0;#NULL!;0;0;Unknown/Missing;No;0;25-29;Non-Roadway;None;No;No;Dry;0;Urban;Yes;27NOV2009;0;10:21;Unknown;Missing;Commercial;B: Evident Injury;Yes;Unknown Injury;5372;November;0;Straight - Level;Coastal;Not Applicable;No Control Present;Friday;Non-Roadway;25;0;Two-Way, Not Divided;Unknown;0;#NULL!;#NULL!;Coarse Asphalt;#NULL!;No Special Feature;Non-Roadway;Public Vehicular Area;B: Evident Injury;Johnston;Unknown;Clear;#NULL!;16-20 mph;Unknown;2009;Daylight;Unknown
35.8907541015, -78.6985886325;"{""type"": ""Point"", ""coordinates"": [-78.69858863252432, 35.890754101514524]}";White;None - Rural Crash;Travel Lane;2;16;Mixed (30% To 70% Developed);Male;Unknown;0;#NULL!;0;0;Unknown/Missing;No;0;11-15;Motorist Overtaking - Misjudged Space;None;No;No;Dry;0;Rural;Yes;01DEC2009;0;16:26;Unknown;Missing;Residential;B: Evident Injury;Yes;Unknown Injury;5376;December;0;Straight - Grade;Piedmont;With Traffic;Double Yellow Line, No Passing Zone;Tuesday;Non-Intersection;15;0;Two-Way, Divided, Unprotected Median;2 lanes;0;#NULL!;#NULL!;Smooth Asphalt;#NULL!;No Special Feature;Motorist Overtaking Bicyclist;State Secondary Route;B: Evident Injury;Wake;Unknown;Clear;#NULL!;31-35 mph;40 - 45  MPH;2009;Daylight;Unknown