Geo Point;Geo Shape;BikeRace;City;BikePos;NumUnits;CrashHour;Locality;BikeSex;DrvrVehTyp;NumBikesNo;BikeAlcDrg;NumBikesBI;RteInvdCd;DrvrRace;Workzone;NumBikesCi;BikeAgeGrp;CrashType;RdDefects;CrashAlcoh;BikeAlcoho;RdConditio;DstncMiFrm;RuralUrban;HitRun;CrashDate;NumBikesUI;CrashTime;DrvrSex;DrvrAlcoho;Developmen;CrashSevr;AmbulanceR;DrvrInjury;OBJECTID;CrashMonth;NumBikesKi;RdCharacte;Region;BikeDir;TraffCntrl;CrashDay;CrashLoc;BikeAge;NumBikesTo;RdConfig;NumLanes;NumBikesAI;DrvrAlcDrg;OnRoad;RdSurface;Towrd_Rd;RdFeature;CrashGrp;RdClass;BikeInjury;County;DrvrAge;Weather;FrmRd;DrvrEstSpd;SpeedLimit;CrashYear;LightCond;DrvrAgeGrp
34.2445067704, -77.8803623021;"{""type"": ""Point"", ""coordinates"": [-77.88036230207477, 34.24450677041029]}";Black;Wilmington;Sidewalk / Crosswalk / Driveway Crossing;2;15;Urban (>70% Developed);Male;Unknown;0;#NULL!;0;0;Unknown/Missing;No;0;16-19;Motorist Drive Out - Commercial Driveway / Alley;None;No;No;Dry;0;Urban;Yes;01DEC2009;0;15:23;Unknown;Missing;Commercial;B: Evident Injury;No;Unknown Injury;5379;December;0;Straight - Level;Coastal;With Traffic;No Control Present;Tuesday;Non-Intersection;18;0;Two-Way, Not Divided;5 lanes;0;#NULL!;#NULL!;Smooth Asphalt;#NULL!;Driveway, Public;Motorist Failed to Yield - Midblock;NC Route;B: Evident Injury;New Hanover;Unknown;Clear;#NULL!;Unknown;Unknown;2009;Daylight;Unknown
34.6624408247, -79.0292726696;"{""type"": ""Point"", ""coordinates"": [-79.02927266960177, 34.66244082466958]}";Native American;None - Rural Crash;Travel Lane;2;17;Rural (<30% Developed);Male;Pickup;0;#NULL!;0;0;White;No;0;60-69;Motorist Overtaking - Other / Unknown;None;No;No;Wet;0;Rural;No;08DEC2009;0;17:39;Male;No;Farms, Woods, Pastures;B: Evident Injury;Yes;O: No Injury;5383;December;0;Straight - Level;Coastal;With Traffic;No Control Present;Tuesday;Non-Intersection;62;0;Two-Way, Not Divided;2 lanes;0;#NULL!;#NULL!;Coarse Asphalt;#NULL!;No Special Feature;Motorist Overtaking Bicyclist;NC Route;B: Evident Injury;Robeson;70+;Rain;#NULL!;51-55 mph;50 - 55  MPH;2009;Dark - Roadway Not Lighted;70+
34.7766949003, -77.4931022109;"{""type"": ""Point"", ""coordinates"": [-77.49310221094058, 34.77669490029985]}";White;None - Rural Crash;Travel Lane;2;17;Mixed (30% To 70% Developed);Male;Sport Utility;0;#NULL!;0;0;White;No;0;40-49;Bicyclist Left Turn - Same Direction;None;Yes;Yes;Dry;0;Rural;No;21DEC2009;0;17:35;Male;No;Commercial;B: Evident Injury;No;O: No Injury;5389;December;0;Straight - Level;Coastal;With Traffic;No Control Present;Monday;Non-Intersection;47;0;Two-Way, Not Divided;5 lanes;0;#NULL!;#NULL!;Smooth Asphalt;#NULL!;No Special Feature;Bicyclist Left Turn / Merge;US Route;B: Evident Injury;Onslow;18;Clear;#NULL!;51-55 mph;50 - 55  MPH;2009;Dusk;0-19
36.0786271028, -79.7525969618;"{""type"": ""Point"", ""coordinates"": [-79.75259696183575, 36.07862710283606]}";Black;Greensboro;Sidewalk / Crosswalk / Driveway Crossing;2;10;Urban (>70% Developed);Male;Passenger Car;0;#NULL!;0;0;White;No;0;60-69;Motorist Drive Out - Commercial Driveway / Alley;None;No;No;Dry;0;Urban;No;16DEC2009;0;10:53;Male;No;Commercial;C: Possible Injury;No;O: No Injury;5390;December;0;Straight - Level;Piedmont;Facing Traffic;No Control Present;Wednesday;Non-Intersection;62;0;Two-Way, Not Divided;5 lanes;0;#NULL!;#NULL!;Smooth Asphalt;#NULL!;No Special Feature;Motorist Failed to Yield - Midblock;Local Street;C: Possible Injury;Guilford;48;Clear;#NULL!;Unknown;30 - 35  MPH;2009;Daylight;40-49
35.1766849233, -79.3946528049;"{""type"": ""Point"", ""coordinates"": [-79.39465280488857, 35.17668492325144]}";Black;Southern Pines;Sidewalk / Crosswalk / Driveway Crossing;2;10;Urban (>70% Developed);Male;Passenger Car;0;#NULL!;0;0;White;No;0;25-29;Motorist Right Turn - Opposite Direction;None;No;No;Dry;0;Urban;No;04DEC2009;0;10:22;Male;No;Commercial;B: Evident Injury;Yes;O: No Injury;5391;December;0;Straight - Grade;Piedmont;Facing Traffic;No Control Present;Friday;Non-Intersection;27;0;Two-Way, Not Divided;2 lanes;0;#NULL!;#NULL!;Coarse Asphalt;#NULL!;Driveway, Public;Motorist Right Turn / Merge;Public Vehicular Area;B: Evident Injury;Moore;40;Clear;#NULL!;0-5 mph;30 - 35  MPH;2009;Daylight;40-49
35.3114048393, -82.4603737257;"{""type"": ""Point"", ""coordinates"": [-82.4603737256704, 35.311404839343595]}";White;Hendersonville;Unknown;2;13;Urban (>70% Developed);Male;Van;0;#NULL!;0;0;White;No;0;25-29;Bicyclist Ride Out - Signalized  Intersection;None;No;No;Dry;0;Urban;No;22DEC2009;0;13:43;Male;No;Commercial;C: Possible Injury;Yes;O: No Injury;5398;December;0;Straight - Level;Mountains;Not Applicable;Stop And Go Signal;Tuesday;Intersection-Related;29;0;One-Way, Not Divided;2 lanes;0;#NULL!;#NULL!;Coarse Asphalt;#NULL!;Four-Way Intersection;Bicyclist Failed to Yield - Signalized Intersection;Local Street;C: Possible Injury;Henderson;70+;Clear;#NULL!;16-20 mph;20 - 25  MPH;2009;Daylight;70+
35.2689430054, -77.5842522626;"{""type"": ""Point"", ""coordinates"": [-77.58425226256999, 35.26894300543953]}";Black;Kinston;Travel Lane;2;15;Urban (>70% Developed);Male;Pickup;0;#NULL!;0;0;White;No;0;60-69;Motorist Drive Out - Sign-Controlled Intersection;None;No;No;Dry;0;Urban;No;17DEC2009;0;15:44;Male;No;Commercial;C: Possible Injury;Yes;O: No Injury;5399;December;0;Straight - Level;Coastal;Facing Traffic;Stop Sign;Thursday;Intersection;69;0;Two-Way, Not Divided;5 lanes;0;#NULL!;#NULL!;Coarse Asphalt;#NULL!;Four-Way Intersection;Motorist Failed to Yield - Sign-Controlled Intersection;Local Street;C: Possible Injury;Lenoir;36;Clear;#NULL!;0-5 mph;30 - 35  MPH;2009;Daylight;30-39
35.8273770911, -78.5913875972;"{""type"": ""Point"", ""coordinates"": [-78.59138759719706, 35.82737709113318]}";White;Raleigh;Bike Lane / Paved Shoulder;2;19;Urban (>70% Developed);Male;Passenger Car;0;#NULL!;0;0;Unknown/Missing;No;0;16-19;Bicyclist Left Turn - Same Direction;None;No;No;Dry;0;Urban;Yes;24DEC2009;0;19:30;Unknown;No;Residential;B: Evident Injury;Yes;Unknown Injury;5402;December;0;Curve - Bottom;Piedmont;With Traffic;Double Yellow Line, No Passing Zone;Thursday;Intersection;16;0;Two-Way, Not Divided;2 lanes;0;#NULL!;#NULL!;Coarse Asphalt;#NULL!;T-Intersection;Bicyclist Left Turn / Merge;Local Street;B: Evident Injury;Wake;Unknown;Clear;#NULL!;31-35 mph;30 - 35  MPH;2009;Dark - Unknown Lighting;Unknown
35.0779599171, -78.9549966681;"{""type"": ""Point"", ""coordinates"": [-78.95499666805038, 35.07795991714148]}";Black;Fayetteville;Sidewalk / Crosswalk / Driveway Crossing;2;14;Urban (>70% Developed);Male;Pickup;0;#NULL!;0;0;White;No;0;20-24;Motorist Right Turn - Opposite Direction;None;No;No;Dry;0;Urban;No;14JUN2010;0;14:16;Male;No;Commercial;C: Possible Injury;No;O: No Injury;3998;June;0;Straight - Level;Coastal;Facing Traffic;No Control Present;Monday;Non-Intersection;20;0;Two-Way, Not Divided;Unknown;0;#NULL!;#NULL!;Coarse Asphalt;#NULL!;Driveway, Public;Motorist Right Turn / Merge;Public Vehicular Area;C: Possible Injury;Cumberland;32;Clear;#NULL!;6-10 mph;30 - 35  MPH;2010;Daylight;30-39
35.5542269395, -81.1647833558;"{""type"": ""Point"", ""coordinates"": [-81.16478335580322, 35.554226939473466]}";White;None - Rural Crash;Travel Lane;2;18;Rural (<30% Developed);Male;Pickup;0;#NULL!;0;0;White;No;0;40-49;Head-On - Motorist;None;No;No;Dry;0;Rural;Yes;10FEB2009;0;18:14;Male;No;Farms, Woods, Pastures;C: Possible Injury;Yes;O: No Injury;4659;February;0;Straight - Level;Piedmont;With Traffic;No Control Present;Tuesday;Non-Intersection;48;0;Two-Way, Not Divided;2 lanes;0;#NULL!;#NULL!;Smooth Asphalt;#NULL!;No Special Feature;Head-On;State Secondary Route;C: Possible Injury;Catawba;38;Clear;#NULL!;56-60 mph;40 - 45  MPH;2009;Dusk;30-39
34.9893468558, -80.1558790235;"{""type"": ""Point"", ""coordinates"": [-80.15587902353354, 34.98934685584346]}";Black;None - Rural Crash;Travel Lane;2;8;Rural (<30% Developed);Male;Tractor/Semi-Trailer;0;#NULL!;0;0;White;No;0;40-49;Motorist Overtaking - Undetected Bicyclist;None;No;No;Dry;0;Rural;No;23JAN2009;0;8:00;Male;No;Farms, Woods, Pastures;B: Evident Injury;Yes;O: No Injury;4666;January;0;Straight - Level;Piedmont;With Traffic;No Control Present;Friday;Non-Intersection;48;0;Two-Way, Divided, Unprotected Median;4 lanes;0;#NULL!;#NULL!;Smooth Asphalt;#NULL!;No Special Feature;Motorist Overtaking Bicyclist;US Route;B: Evident Injury;Anson;63;Clear;#NULL!;51-55 mph;50 - 55  MPH;2009;Daylight;60-69
35.7554569762, -81.3363684178;"{""type"": ""Point"", ""coordinates"": [-81.33636841781609, 35.755456976216635]}";White;Hickory;Sidewalk / Crosswalk / Driveway Crossing;2;16;Urban (>70% Developed);Male;Passenger Car;0;#NULL!;0;0;Asian;No;0;50-59;Motorist Drive Out - Sign-Controlled Intersection;None;Yes;Yes;Dry;0;Urban;No;24JAN2009;0;16:03;Male;No;Commercial;C: Possible Injury;Yes;O: No Injury;4667;January;0;Straight - Level;Piedmont;Facing Traffic;Stop Sign;Saturday;Intersection;50;0;Two-Way, Not Divided;2 lanes;0;#NULL!;#NULL!;Coarse Asphalt;#NULL!;T-Intersection;Motorist Failed to Yield - Sign-Controlled Intersection;Local Street;C: Possible Injury;Catawba;58;Cloudy;#NULL!;0-5 mph;30 - 35  MPH;2009;Daylight;50-59
35.1449349329, -78.9104526581;"{""type"": ""Point"", ""coordinates"": [-78.91045265811935, 35.14493493291252]}";Black;None - Rural Crash;Non-Roadway;2;17;Urban (>70% Developed);Male;Pickup;0;#NULL!;0;0;Black;No;0;16-19;Crossing Paths - Uncontrolled Intersection;None;No;No;Dry;0;Rural;No;19FEB2009;0;17:35;Female;Missing;Residential;B: Evident Injury;Yes;O: No Injury;4669;February;0;Straight - Level;Coastal;Not Applicable;Stop Sign;Thursday;Intersection;18;0;Two-Way, Not Divided;2 lanes;0;#NULL!;#NULL!;Coarse Asphalt;#NULL!;T-Intersection;Crossing Paths - Other Circumstances;State Secondary Route;B: Evident Injury;Cumberland;54;Clear;#NULL!;41-45 mph;40 - 45  MPH;2009;Dark - Roadway Not Lighted;50-59
35.3517790127, -77.9020323631;"{""type"": ""Point"", ""coordinates"": [-77.90203236305476, 35.35177901270189]}";White;None - Rural Crash;Driveway / Alley;2;16;Rural (<30% Developed);Male;Sport Utility;0;#NULL!;0;0;White;No;0;11-15;Bicyclist Ride Out - Residential Driveway;None;No;No;Dry;0;Rural;No;26JAN2009;0;16:24;Male;No;Farms, Woods, Pastures;A: Disabling Injury;Yes;O: No Injury;4676;January;0;Straight - Level;Coastal;With Traffic;No Control Present;Monday;Non-Intersection;12;0;Two-Way, Not Divided;2 lanes;0;#NULL!;#NULL!;Smooth Asphalt;#NULL!;Driveway, Public;Bicyclist Failed to Yield - Midblock;State Secondary Route;A: Disabling Injury;Wayne;62;Cloudy;#NULL!;46-50 mph;50 - 55  MPH;2009;Daylight;60-69
34.7357368752, -77.9981923615;"{""type"": ""Point"", ""coordinates"": [-77.9981923615049, 34.73573687515133]}";Black;Wallace;Travel Lane;2;12;Mixed (30% To 70% Developed);Male;Passenger Car;0;#NULL!;0;0;Black;No;0;20-24;Motorist Overtaking - Bicyclist Swerved;None;No;No;Dry;0;Rural;No;07FEB2009;0;12:40;Female;No;Commercial;C: Possible Injury;No;O: No Injury;4677;February;0;Straight - Level;Coastal;With Traffic;No Control Present;Saturday;Intersection;24;0;Two-Way, Divided, Unprotected Median;2 lanes;0;#NULL!;#NULL!;Coarse Asphalt;#NULL!;Four-Way Intersection;Motorist Overtaking Bicyclist;State Secondary Route;C: Possible Injury;Duplin;64;Clear;#NULL!;26-30 mph;30 - 35  MPH;2009;Daylight;60-69
35.88117213, -77.822662366;"{""type"": ""Point"", ""coordinates"": [-77.82266236598922, 35.88117212999869]}";Black;None - Rural Crash;Travel Lane;2;8;Mixed (30% To 70% Developed);Male;Sport Utility;0;#NULL!;0;0;White;No;0;25-29;Motorist Overtaking - Misjudged Space;None;No;No;Snow;0;Rural;No;02MAR2009;0;8:47;Female;No;Farms, Woods, Pastures;C: Possible Injury;Yes;O: No Injury;4679;March;0;Straight - Hillcrest;Coastal;With Traffic;No Control Present;Monday;Non-Intersection;28;0;Two-Way, Divided, Unprotected Median;4 lanes;0;#NULL!;#NULL!;Coarse Asphalt;#NULL!;No Special Feature;Motorist Overtaking Bicyclist;US Route;C: Possible Injury;Nash;34;Snow, Sleet, Hail, Freezing Rain/Drizzle;#NULL!;31-35 mph;50 - 55  MPH;2009;Daylight;30-39
35.6486999828, -80.5589781801;"{""type"": ""Point"", ""coordinates"": [-80.55897818009923, 35.64869998277409]}";White;None - Rural Crash;Travel Lane;2;15;Mixed (30% To 70% Developed);Male;Van;0;#NULL!;0;0;White;No;0;6-10;Bicyclist Overtaking - Other / Unknown;None;No;No;Dry;0;Rural;No;07MAR2009;0;15:39;Male;No;Residential;B: Evident Injury;Yes;O: No Injury;4686;March;0;Straight - Level;Piedmont;With Traffic;No Control Present;Saturday;Non-Intersection;9;0;Two-Way, Not Divided;2 lanes;0;#NULL!;#NULL!;Smooth Asphalt;#NULL!;No Special Feature;Bicyclist Overtaking Motorist;Local Street;B: Evident Injury;Rowan;38;Clear;#NULL!;0-5 mph;30 - 35  MPH;2009;Daylight;30-39
35.3916169114, -81.0099293002;"{""type"": ""Point"", ""coordinates"": [-81.00992930019568, 35.39161691141242]}";White;None - Rural Crash;Travel Lane;2;9;Urban (>70% Developed);Female;Sport Utility;0;#NULL!;0;0;White;No;0;50-59;Bicyclist Left Turn - Same Direction;None;No;No;Dry;0;Rural;No;22MAR2009;0;9:51;Female;No;Commercial;C: Possible Injury;Yes;O: No Injury;4699;March;0;Straight - Level;Piedmont;With Traffic;No Control Present;Sunday;Intersection-Related;55;0;Two-Way, Not Divided;2 lanes;0;#NULL!;#NULL!;Smooth Asphalt;#NULL!;No Special Feature;Bicyclist Left Turn / Merge;NC Route;C: Possible Injury;Gaston;60;Clear;#NULL!;31-35 mph;40 - 45  MPH;2009;Daylight;60-69
35.7790870786, -78.6673926177;"{""type"": ""Point"", ""coordinates"": [-78.66739261771657, 35.77908707859482]}";White;Raleigh;Sidewalk / Crosswalk / Driveway Crossing;2;13;Urban (>70% Developed);Male;Passenger Car;0;#NULL!;0;0;White;No;0;20-24;Motorist Drive Through - Signalized Intersection;None;No;No;Dry;0;Urban;No;19FEB2009;0;13:03;Male;No;Commercial;C: Possible Injury;No;O: No Injury;4701;February;0;Straight - Level;Piedmont;Facing Traffic;Stop And Go Signal;Thursday;Intersection;24;0;Two-Way, Divided, Unprotected Median;4 lanes;0;#NULL!;#NULL!;Smooth Asphalt;#NULL!;T-Intersection;Motorist Failed to Yield - Signalized Intersection;Local Street;C: Possible Injury;Wake;21;Clear;#NULL!;41-45 mph;40 - 45  MPH;2009;Daylight;20-24
35.2673468878, -80.9212832676;"{""type"": ""Point"", ""coordinates"": [-80.92128326756834, 35.267346887800045]}";Black;Charlotte;Travel Lane;2;16;Mixed (30% To 70% Developed);Male;Passenger Car;0;#NULL!;0;0;Black;No;0;6-10;Bicyclist Ride Out - Sign-Controlled Intersection;None;No;No;Dry;0;Urban;No;08MAR2009;0;16:14;Male;No;Residential;B: Evident Injury;No;O: No Injury;4704;March;0;Straight - Grade;Piedmont;With Traffic;Stop Sign;Sunday;Intersection;9;0;Two-Way, Not Divided;2 lanes;0;#NULL!;#NULL!;Smooth Asphalt;#NULL!;T-Intersection;Bicyclist Failed to Yield - Sign-Controlled Intersection;Local Street;B: Evident Injury;Mecklenburg;37;Clear;#NULL!;21-25 mph;20 - 25  MPH;2009;Daylight;30-39
35.7209370927, -77.9082323837;"{""type"": ""Point"", ""coordinates"": [-77.90823238372538, 35.72093709268925]}";Black;Wilson;Travel Lane;2;17;Urban (>70% Developed);Female;Unknown;0;#NULL!;0;0;Unknown/Missing;No;0;40-49;Motorist Left Turn - Opposite Direction;None;No;No;Dry;0;Urban;Yes;06MAR2009;0;17:57;Unknown;Missing;Commercial;C: Possible Injury;No;Unknown Injury;4707;March;0;Straight - Level;Coastal;With Traffic;No Control Present;Friday;Intersection;42;0;Two-Way, Not Divided;2 lanes;0;#NULL!;#NULL!;Smooth Asphalt;#NULL!;T-Intersection;Motorist Left Turn / Merge;Local Street;C: Possible Injury;Wilson;Unknown;Clear;#NULL!;Unknown;30 - 35  MPH;2009;Dusk;Unknown
36.2576371322, -79.9919430441;"{""type"": ""Point"", ""coordinates"": [-79.99194304405022, 36.25763713216363]}";White;None - Rural Crash;Travel Lane;2;9;Rural (<30% Developed);Male;Pickup;0;#NULL!;0;0;White;No;0;30-39;Motorist Overtaking - Misjudged Space;None;No;No;Wet;0;Rural;No;28MAR2009;0;9:52;Male;No;Farms, Woods, Pastures;O: No Injury;Yes;O: No Injury;4709;March;0;Straight - Level;Piedmont;With Traffic;No Control Present;Saturday;Non-Intersection;35;0;Two-Way, Not Divided;2 lanes;0;#NULL!;#NULL!;Smooth Asphalt;#NULL!;No Special Feature;Motorist Overtaking Bicyclist;State Secondary Route;O: No Injury;Rockingham;70+;Rain;#NULL!;16-20 mph;50 - 55  MPH;2009;Daylight;70+
35.2020469276, -79.4386928198;"{""type"": ""Point"", ""coordinates"": [-79.43869281983669, 35.20204692759331]}";White;Pinehurst;Travel Lane;2;15;Mixed (30% To 70% Developed);Male;Unknown;0;#NULL!;0;0;Unknown/Missing;No;0;40-49;Motorist Overtaking - Misjudged Space;None;No;No;Dry;0;Urban;Yes;17MAR2009;0;15:45;Unknown;Missing;Residential;O: No Injury;No;Unknown Injury;4718;March;0;Straight - Level;Piedmont;With Traffic;No Control Present;Tuesday;Non-Intersection;48;0;Two-Way, Divided, Unprotected Median;4 lanes;0;#NULL!;#NULL!;Coarse Asphalt;#NULL!;No Special Feature;Motorist Overtaking Bicyclist;NC Route;O: No Injury;Moore;Unknown;Cloudy;#NULL!;Unknown;30 - 35  MPH;2009;Daylight;Unknown
35.1555869185, -79.4145228107;"{""type"": ""Point"", ""coordinates"": [-79.41452281066078, 35.155586918451675]}";White;Aberdeen;Travel Lane;2;10;Urban (>70% Developed);Male;Pickup;0;#NULL!;0;0;Black;No;0;50-59;Motorist Overtaking - Misjudged Space;None;No;No;Dry;0;Rural;No;23MAR2009;0;10:45;Male;No;Commercial;C: Possible Injury;No;O: No Injury;4720;March;0;Straight - Level;Piedmont;With Traffic;Stop And Go Signal;Monday;Non-Intersection;53;0;Two-Way, Divided, Unprotected Median;5 lanes;0;#NULL!;#NULL!;Coarse Asphalt;#NULL!;Four-Way Intersection;Motorist Overtaking Bicyclist;US Route;C: Possible Injury;Moore;69;Cloudy;#NULL!;6-10 mph;40 - 45  MPH;2009;Daylight;60-69
36.0784371194, -79.3172428304;"{""type"": ""Point"", ""coordinates"": [-79.317242830413, 36.07843711935086]}";White;None - Rural Crash;Travel Lane;2;6;Rural (<30% Developed);Male;Pickup;0;#NULL!;0;0;White;No;0;30-39;Motorist Overtaking - Other / Unknown;None;No;No;Dry;0;Rural;No;23MAR2009;0;6:50;Male;No;Farms, Woods, Pastures;C: Possible Injury;Yes;O: No Injury;4734;March;0;Straight - Level;Piedmont;With Traffic;No Control Present;Monday;Non-Intersection;36;0;Two-Way, Not Divided;2 lanes;0;#NULL!;#NULL!;Smooth Asphalt;#NULL!;No Special Feature;Motorist Overtaking Bicyclist;State Secondary Route;C: Possible Injury;Alamance;35;Clear;#NULL!;36-40 mph;40 - 45  MPH;2009;Dawn;30-39
35.2341608842, -80.8191432355;"{""type"": ""Point"", ""coordinates"": [-80.81914323553083, 35.234160884167146]}";Black;Charlotte;Travel Lane;2;17;Urban (>70% Developed);Male;Passenger Car;0;#NULL!;0;0;Black;No;0;11-15;Bicyclist Ride Through - Sign-Controlled Intersection;None;No;No;Dry;0;Urban;No;03APR2009;0;17:18;Male;No;Residential;A: Disabling Injury;Yes;O: No Injury;4738;April;0;Straight - Bottom;Piedmont;With Traffic;Stop Sign;Friday;Intersection;14;0;Two-Way, Not Divided;2 lanes;0;#NULL!;#NULL!;Smooth Asphalt;#NULL!;T-Intersection;Bicyclist Failed to Yield - Sign-Controlled Intersection;Local Street;A: Disabling Injury;Mecklenburg;26;Clear;#NULL!;21-25 mph;20 - 25  MPH;2009;Daylight;25-29
35.8342701418, -77.1716621654;"{""type"": ""Point"", ""coordinates"": [-77.17166216535311, 35.83427014178686]}";Black;Everetts;Travel Lane;2;16;Urban (>70% Developed);Male;Passenger Car;0;#NULL!;0;0;White;No;0;11-15;Bicyclist Ride Out - Other Midblock;None;No;No;Dry;0;Rural;No;24APR2009;0;16:45;Female;No;Residential;B: Evident Injury;No;O: No Injury;4757;April;0;Straight - Level;Coastal;Not Applicable;Double Yellow Line, No Passing Zone;Friday;Non-Intersection;11;0;Two-Way, Not Divided;2 lanes;0;#NULL!;#NULL!;Coarse Asphalt;#NULL!;Driveway, Private;Bicyclist Failed to Yield - Midblock;US Route;B: Evident Injury;Martin;70+;Clear;#NULL!;21-25 mph;30 - 35  MPH;2009;Daylight;70+
35.6886699951, -80.4397031465;"{""type"": ""Point"", ""coordinates"": [-80.43970314645485, 35.68866999507512]}";Black;Spencer;Travel Lane;2;19;Urban (>70% Developed);Male;Passenger Car;0;#NULL!;0;0;White;No;0;6-10;Bicyclist Ride Through - Sign-Controlled Intersection;None;No;No;Dry;0;Rural;No;14APR2009;0;19:32;Male;No;Residential;B: Evident Injury;No;O: No Injury;4758;April;0;Straight - Grade;Piedmont;With Traffic;Stop Sign;Tuesday;Intersection;7;0;Two-Way, Not Divided;2 lanes;0;#NULL!;#NULL!;Coarse Asphalt;#NULL!;No Special Feature;Bicyclist Failed to Yield - Sign-Controlled Intersection;Local Street;B: Evident Injury;Rowan;46;Clear;#NULL!;16-20 mph;20 - 25  MPH;2009;Dusk;40-49
35.5777200764, -77.4603922406;"{""type"": ""Point"", ""coordinates"": [-77.4603922406262, 35.57772007641379]}";White;None - Rural Crash;Travel Lane;2;15;Rural (<30% Developed);Male;Passenger Car;0;#NULL!;0;0;White;No;0;20-24;Backing Vehicle;None;No;No;Dry;0;Rural;No;24APR2009;0;15:26;Female;No;Farms, Woods, Pastures;B: Evident Injury;Yes;O: No Injury;4760;April;0;Straight - Level;Coastal;With Traffic;No Control Present;Friday;Non-Intersection;21;0;Two-Way, Not Divided;2 lanes;0;#NULL!;#NULL!;Smooth Asphalt;#NULL!;Driveway, Private;Backing Vehicle;State Secondary Route;B: Evident Injury;Pitt;29;Clear;#NULL!;0-5 mph;50 - 55  MPH;2009;Daylight;25-29
36.4681812612, -77.6525023457;"{""type"": ""Point"", ""coordinates"": [-77.65250234569613, 36.46818126118651]}";Black;Roanoke Rapids;Travel Lane;2;13;Urban (>70% Developed);Male;Sport Utility;0;#NULL!;0;0;White;No;0;11-15;Bicyclist Lost Control - Mechanical Problems;None;No;No;Dry;0;Urban;No;18APR2009;0;13:45;Male;No;Residential;O: No Injury;No;O: No Injury;4767;April;0;Straight - Bottom;Coastal;With Traffic;Stop Sign;Saturday;Intersection;11;0;Two-Way, Not Divided;2 lanes;0;#NULL!;#NULL!;Smooth Asphalt;#NULL!;Four-Way Intersection;Loss of Control / Turning Error;Local Street;O: No Injury;Halifax;50;Clear;#NULL!;21-25 mph;20 - 25  MPH;2009;Daylight;50-59
35.798824081, -78.7172026334;"{""type"": ""Point"", ""coordinates"": [-78.71720263339668, 35.798824081004376]}";White;Raleigh;Travel Lane;2;12;Urban (>70% Developed);Male;Passenger Car;0;#NULL!;0;0;Black;No;0;40-49;Motorist Drive Out - Sign-Controlled Intersection;None;No;No;Dry;0;Urban;No;28MAR2009;0;12:31;Male;No;Commercial;C: Possible Injury;Yes;O: No Injury;4768;March;0;Straight - Grade;Piedmont;With Traffic;Stop Sign;Saturday;Intersection;41;0;Two-Way, Not Divided;5 lanes;0;#NULL!;#NULL!;Smooth Asphalt;#NULL!;Four-Way Intersection;Motorist Failed to Yield - Sign-Controlled Intersection;Local Street;C: Possible Injury;Wake;24;Clear;#NULL!;Unknown;40 - 45  MPH;2009;Daylight;20-24
35.5386120817, -77.0472721127;"{""type"": ""Point"", ""coordinates"": [-77.04727211271303, 35.538612081713126]}";White;Washington;Travel Lane;2;17;Urban (>70% Developed);Female;Motorcycle;0;#NULL!;0;0;Unknown/Missing;No;0;40-49;Bicyclist Lost Control - Other / Unknown;None;No;No;Dry;0;Urban;No;18APR2009;0;17:05;Unknown;Missing;Residential;B: Evident Injury;No;Unknown Injury;4771;April;0;Straight - Level;Coastal;With Traffic;No Control Present;Saturday;Non-Intersection;49;0;One-Way, Not Divided;2 lanes;0;#NULL!;#NULL!;Coarse Asphalt;#NULL!;No Special Feature;Loss of Control / Turning Error;Local Street;B: Evident Injury;Beaufort;Unknown;Clear;#NULL!;0-5 mph;20 - 25  MPH;2009;Daylight;Unknown
35.9123030691, -79.7077969394;"{""type"": ""Point"", ""coordinates"": [-79.70779693939153, 35.91230306909756]}";White;None - Rural Crash;Travel Lane;2;6;Mixed (30% To 70% Developed);Male;Passenger Car;0;#NULL!;0;0;White;No;0;30-39;Motorist Left Turn - Opposite Direction;None;No;No;Dry;0;Rural;No;29APR2009;0;6:24;Male;No;Commercial;A: Disabling Injury;Yes;O: No Injury;4772;April;0;Straight - Level;Piedmont;With Traffic;Double Yellow Line, No Passing Zone;Wednesday;Intersection;36;0;Two-Way, Not Divided;2 lanes;0;#NULL!;#NULL!;Smooth Asphalt;#NULL!;Driveway, Public;Motorist Left Turn / Merge;NC Route;A: Disabling Injury;Guilford;33;Clear;#NULL!;41-45 mph;50 - 55  MPH;2009;Dawn;30-39
35.7910420791, -78.7152586324;"{""type"": ""Point"", ""coordinates"": [-78.71525863240487, 35.791042079126946]}";White;Raleigh;Travel Lane;2;22;Urban (>70% Developed);Male;Passenger Car;0;#NULL!;0;0;White;No;0;25-29;Sign-Controlled Intersection - Other / Unknown;None;No;No;Wet;0;Urban;No;02APR2009;0;22:20;Male;No;Commercial;B: Evident Injury;Yes;O: No Injury;4784;April;0;Straight - Level;Piedmont;With Traffic;Stop Sign;Thursday;Intersection;25;0;Two-Way, Not Divided;2 lanes;0;#NULL!;#NULL!;Smooth Asphalt;#NULL!;T-Intersection;Crossing Paths - Other Circumstances;Local Street;B: Evident Injury;Wake;47;Rain;#NULL!;21-25 mph;30 - 35  MPH;2009;Dark - Lighted Roadway;40-49
36.080427101, -79.8271429843;"{""type"": ""Point"", ""coordinates"": [-79.82714298434193, 36.08042710103852]}";White;Greensboro;Travel Lane;2;17;Urban (>70% Developed);Female;Passenger Car;0;#NULL!;0;0;Black;No;0;25-29;Motorist Drive Out - Right Turn on Red;None;No;No;Dry;0;Urban;No;29APR2009;0;17:14;Female;No;Commercial;C: Possible Injury;Yes;O: No Injury;4787;April;0;Straight - Hillcrest;Piedmont;Facing Traffic;Stop And Go Signal;Wednesday;Intersection;25;0;Two-Way, Not Divided;Unknown;0;#NULL!;#NULL!;Smooth Asphalt;#NULL!;Four-Way Intersection;Motorist Failed to Yield - Signalized Intersection;Local Street;C: Possible Injury;Guilford;46;Clear;#NULL!;11-15 mph;30 - 35  MPH;2009;Daylight;40-49