Geo Point;Geo Shape;BikeRace;City;BikePos;NumUnits;CrashHour;Locality;BikeSex;DrvrVehTyp;NumBikesNo;BikeAlcDrg;NumBikesBI;RteInvdCd;DrvrRace;Workzone;NumBikesCi;BikeAgeGrp;CrashType;RdDefects;CrashAlcoh;BikeAlcoho;RdConditio;DstncMiFrm;RuralUrban;HitRun;CrashDate;NumBikesUI;CrashTime;DrvrSex;DrvrAlcoho;Developmen;CrashSevr;AmbulanceR;DrvrInjury;OBJECTID;CrashMonth;NumBikesKi;RdCharacte;Region;BikeDir;TraffCntrl;CrashDay;CrashLoc;BikeAge;NumBikesTo;RdConfig;NumLanes;NumBikesAI;DrvrAlcDrg;OnRoad;RdSurface;Towrd_Rd;RdFeature;CrashGrp;RdClass;BikeInjury;County;DrvrAge;Weather;FrmRd;DrvrEstSpd;SpeedLimit;CrashYear;LightCond;DrvrAgeGrp
36.0954471541, -78.4294765622;"{""type"": ""Point"", ""coordinates"": [-78.42947656219592, 36.09544715412277]}";White;Franklinton;Travel Lane;2;19;Rural (<30% Developed);Male;Sport Utility;0;#NULL!;0;0;Black;No;0;11-15;Motorist Overtaking - Bicyclist Swerved;None;Yes;Yes;Dry;0;Rural;No;01MAY2009;0;19:18;Male;No;Residential;B: Evident Injury;Yes;O: No Injury;4795;May;0;Straight - Level;Piedmont;With Traffic;No Control Present;Friday;Non-Intersection;15;0;Two-Way, Not Divided;2 lanes;0;#NULL!;#NULL!;Smooth Asphalt;#NULL!;No Special Feature;Motorist Overtaking Bicyclist;State Secondary Route;B: Evident Injury;Franklin;22;Cloudy;#NULL!;41-45 mph;40 - 45  MPH;2009;Daylight;20-24
35.3462589311, -80.1949830542;"{""type"": ""Point"", ""coordinates"": [-80.19498305418273, 35.34625893107251]}";Black;Albemarle;Non-Roadway;2;18;Urban (>70% Developed);Male;Passenger Car;0;#NULL!;0;0;Black;No;0;6-10;Bicyclist Ride Out - Other Midblock;None;No;No;Dry;0;Urban;No;08MAY2009;0;18:00;Male;No;Residential;B: Evident Injury;Yes;O: No Injury;4805;May;0;Straight - Hillcrest;Piedmont;Not Applicable;No Control Present;Friday;Non-Intersection;7;0;Two-Way, Not Divided;2 lanes;0;#NULL!;#NULL!;Smooth Asphalt;#NULL!;No Special Feature;Bicyclist Failed to Yield - Midblock;Local Street;B: Evident Injury;Stanly;23;Clear;#NULL!;21-25 mph;30 - 35  MPH;2009;Daylight;20-24
34.2194397664, -77.8326622871;"{""type"": ""Point"", ""coordinates"": [-77.83266228711621, 34.21943976642226]}";White;Wilmington;Travel Lane;2;22;Urban (>70% Developed);Male;Passenger Car;0;#NULL!;0;0;White;No;0;30-39;Motorist Left Turn - Opposite Direction;None;No;No;Dry;0;Urban;No;06MAY2009;0;22:29;Male;No;Commercial;B: Evident Injury;Yes;O: No Injury;4815;May;0;Straight - Level;Coastal;With Traffic;Stop And Go Signal;Wednesday;Intersection;32;0;Two-Way, Not Divided;6 lanes;0;#NULL!;#NULL!;Coarse Asphalt;#NULL!;Four-Way Intersection;Motorist Left Turn / Merge;US Route;B: Evident Injury;New Hanover;34;Clear;#NULL!;31-35 mph;40 - 45  MPH;2009;Dark - Roadway Not Lighted;30-39
35.7797969824, -81.2947234075;"{""type"": ""Point"", ""coordinates"": [-81.29472340754786, 35.77979698241743]}";White;Hickory;Travel Lane;2;21;Urban (>70% Developed);Male;Passenger Car;0;#NULL!;0;0;Unknown/Missing;No;0;16-19;Motorist Overtaking - Misjudged Space;None;No;No;Dry;0;Urban;Yes;12MAY2009;0;21:07;Unknown;No;Residential;B: Evident Injury;No;Unknown Injury;4820;May;0;Straight - Level;Piedmont;With Traffic;No Control Present;Tuesday;Non-Intersection;17;0;Two-Way, Not Divided;2 lanes;0;#NULL!;#NULL!;Coarse Asphalt;#NULL!;No Special Feature;Motorist Overtaking Bicyclist;Local Street;B: Evident Injury;Catawba;Unknown;Clear;#NULL!;41-45 mph;40 - 45  MPH;2009;Dark - Lighted Roadway;Unknown
35.586806893, -82.5867577798;"{""type"": ""Point"", ""coordinates"": [-82.58675777981257, 35.58680689302751]}";Black;Asheville;Non-Roadway;2;12;Urban (>70% Developed);Male;Passenger Car;0;#NULL!;0;0;White;No;0;50-59;Bicyclist Ride Out - Other Midblock;None;No;No;Wet;0;Urban;No;17MAY2009;0;12:01;Male;No;Commercial;C: Possible Injury;Yes;O: No Injury;4836;May;0;Straight - Level;Mountains;Facing Traffic;No Control Present;Sunday;Non-Intersection;58;0;Two-Way, Not Divided;2 lanes;0;#NULL!;#NULL!;Concrete;#NULL!;T-Intersection;Bicyclist Failed to Yield - Midblock;Local Street;C: Possible Injury;Buncombe;63;Rain;#NULL!;6-10 mph;20 - 25  MPH;2009;Daylight;60-69
33.9114866895, -78.100832353;"{""type"": ""Point"", ""coordinates"": [-78.10083235302885, 33.911486689484576]}";White;Oak Island;Non-Roadway;2;5;Urban (>70% Developed);Male;Sport Utility;0;#NULL!;0;0;White;No;0;6-10;Bicyclist Ride Out - Commercial Driveway / Alley;None;No;No;Dry;0;Urban;No;17MAY2009;0;5:23;Male;No;Commercial;A: Disabling Injury;Yes;O: No Injury;4847;May;0;Straight - Level;Coastal;Not Applicable;No Control Present;Sunday;Non-Intersection;10;0;Two-Way, Not Divided;3 lanes;0;#NULL!;#NULL!;Smooth Asphalt;#NULL!;No Special Feature;Bicyclist Failed to Yield - Midblock;Local Street;A: Disabling Injury;Brunswick;45;Cloudy;#NULL!;31-35 mph;30 - 35  MPH;2009;Daylight;40-49
35.9142830941, -79.0527067414;"{""type"": ""Point"", ""coordinates"": [-79.0527067413667, 35.91428309405347]}";Black;Chapel Hill;Travel Lane;2;15;Urban (>70% Developed);Male;Sport Utility;0;#NULL!;0;0;White;No;0;11-15;Bicyclist Overtaking - Passing on Right;None;No;No;Dry;0;Urban;No;16MAY2009;0;15:13;Female;No;Commercial;B: Evident Injury;Yes;O: No Injury;4850;May;0;Straight - Level;Piedmont;With Traffic;Stop And Go Signal;Saturday;Non-Intersection;13;0;Two-Way, Not Divided;4 lanes;0;#NULL!;#NULL!;Smooth Asphalt;#NULL!;No Special Feature;Bicyclist Overtaking Motorist;Local Street;B: Evident Injury;Orange;44;Clear;#NULL!;Unknown;20 - 25  MPH;2009;Daylight;40-49
36.0043271171, -78.9395727118;"{""type"": ""Point"", ""coordinates"": [-78.93957271177507, 36.0043271170548]}";White;Durham;Travel Lane;2;12;Urban (>70% Developed);Male;Passenger Car;0;#NULL!;0;0;White;No;0;40-49;Non-Roadway;None;No;No;Dry;0;Urban;No;22MAY2009;0;12:51;Female;No;Institutional;B: Evident Injury;Yes;O: No Injury;4854;May;0;Straight - Grade;Piedmont;Not Applicable;No Control Present;Friday;Non-Roadway;46;0;Two-Way, Not Divided;2 lanes;0;#NULL!;#NULL!;Coarse Asphalt;#NULL!;Driveway, Private;Non-Roadway;Public Vehicular Area;B: Evident Injury;Durham;41;Cloudy;#NULL!;0-5 mph;20 - 25  MPH;2009;Daylight;40-49
35.9110410921, -79.0661427454;"{""type"": ""Point"", ""coordinates"": [-79.06614274535302, 35.91104109212999]}";Black;Chapel Hill;Sidewalk / Crosswalk / Driveway Crossing;2;15;Urban (>70% Developed);Male;Passenger Car;0;#NULL!;0;0;White;No;0;50-59;Motorist Drive Out - Sign-Controlled Intersection;None;No;No;Dry;0;Urban;No;22MAY2009;0;15:32;Female;No;Commercial;C: Possible Injury;Yes;O: No Injury;4856;May;0;Straight - Level;Piedmont;Facing Traffic;Stop Sign;Friday;Intersection;51;0;Two-Way, Not Divided;2 lanes;0;#NULL!;#NULL!;Smooth Asphalt;#NULL!;T-Intersection;Motorist Failed to Yield - Sign-Controlled Intersection;Local Street;C: Possible Injury;Orange;61;Clear;#NULL!;0-5 mph;20 - 25  MPH;2009;Daylight;60-69
36.1578631025, -80.2275931088;"{""type"": ""Point"", ""coordinates"": [-80.22759310879051, 36.15786310248318]}";Hispanic;Winston-Salem;Non-Roadway;2;16;Urban (>70% Developed);Male;Van;0;#NULL!;0;0;White;No;0;30-39;Bicyclist Ride Out - Commercial Driveway / Alley;None;No;No;Dry;0;Urban;No;23MAY2009;0;16:39;Female;No;Commercial;B: Evident Injury;Yes;O: No Injury;4859;May;0;Straight - Level;Piedmont;Not Applicable;Double Yellow Line, No Passing Zone;Saturday;Non-Intersection;37;0;Two-Way, Not Divided;2 lanes;0;#NULL!;#NULL!;Smooth Asphalt;#NULL!;No Special Feature;Bicyclist Failed to Yield - Midblock;Local Street;B: Evident Injury;Forsyth;70+;Clear;#NULL!;16-20 mph;30 - 35  MPH;2009;Daylight;70+
35.7859530727, -78.8734726804;"{""type"": ""Point"", ""coordinates"": [-78.87347268042105, 35.78595307269091]}";White;Cary;Travel Lane;2;13;Urban (>70% Developed);Male;Sport Utility;0;#NULL!;0;0;White;No;0;20-24;Non-Roadway;None;No;No;Dry;0;Urban;No;06JUN2009;0;13:07;Male;No;Commercial;B: Evident Injury;Yes;O: No Injury;4863;June;0;Straight - Level;Piedmont;Not Applicable;No Control Present;Saturday;Non-Roadway;20;0;Two-Way, Not Divided;Unknown;0;#NULL!;#NULL!;Smooth Asphalt;#NULL!;Alley Intersection;Non-Roadway;Public Vehicular Area;B: Evident Injury;Wake;41;Clear;#NULL!;6-10 mph;5 - 15 MPH;2009;Daylight;40-49
35.7989300782, -78.7961626578;"{""type"": ""Point"", ""coordinates"": [-78.79616265783505, 35.79893007815895]}";White;Cary;Sidewalk / Crosswalk / Driveway Crossing;2;14;Urban (>70% Developed);Male;Light Truck (Mini-Van, Panel);0;#NULL!;0;0;Unknown/Missing;No;0;11-15;Motorist Right Turn - Same Direction;None;No;No;Dry;0;Urban;Yes;08JUN2009;0;14:18;Unknown;Missing;Commercial;B: Evident Injury;No;Unknown Injury;4867;June;0;Straight - Grade;Piedmont;Facing Traffic;Stop And Go Signal;Monday;Intersection;13;0;Two-Way, Divided, Unprotected Median;5 lanes;0;#NULL!;#NULL!;Smooth Asphalt;#NULL!;Four-Way Intersection;Motorist Right Turn / Merge;NC Route;B: Evident Injury;Wake;Unknown;Clear;#NULL!;0-5 mph;40 - 45  MPH;2009;Daylight;Unknown
35.3522640103, -77.9835763883;"{""type"": ""Point"", ""coordinates"": [-77.98357638832738, 35.352264010258985]}";Black;Goldsboro;Travel Lane;2;19;Urban (>70% Developed);Male;Sport Utility;0;#NULL!;0;0;Black;No;0;6-10;Unknown Approach Paths;None;No;No;Dry;0;Urban;No;22MAY2009;0;19:06;Male;No;Residential;C: Possible Injury;Yes;O: No Injury;4870;May;0;Straight - Level;Coastal;Unknown;Stop Sign;Friday;Intersection;8;0;Two-Way, Not Divided;2 lanes;0;#NULL!;#NULL!;Coarse Asphalt;#NULL!;T-Intersection;Other / Unknown - Insufficient Details;Local Street;C: Possible Injury;Wayne;48;Clear;#NULL!;16-20 mph;20 - 25  MPH;2009;Daylight;40-49
35.2635340049, -77.5725622581;"{""type"": ""Point"", ""coordinates"": [-77.57256225805223, 35.26353400491312]}";Unknown/Missing;Kinston;Travel Lane;2;16;Mixed (30% To 70% Developed);Female;Unknown;0;#NULL!;0;0;Unknown/Missing;No;0;6-10;Motorist Overtaking - Other / Unknown;None;No;No;Water (Standing, Moving);0;Urban;Yes;03MAY2009;0;16:18;Unknown;Missing;Farms, Woods, Pastures;O: No Injury;No;Unknown Injury;4888;May;0;Straight - Level;Coastal;With Traffic;Stop And Go Signal;Sunday;Intersection;8;0;Two-Way, Not Divided;Unknown;0;#NULL!;#NULL!;Smooth Asphalt;#NULL!;Four-Way Intersection;Motorist Overtaking Bicyclist;Local Street;O: No Injury;Lenoir;Unknown;Cloudy;#NULL!;6-10 mph;30 - 35  MPH;2009;Daylight;Unknown
35.9047850933, -79.0119027289;"{""type"": ""Point"", ""coordinates"": [-79.01190272891276, 35.90478509326124]}";White;Chapel Hill;Non-Roadway;2;7;Urban (>70% Developed);Male;Passenger Car;0;#NULL!;0;0;White;No;0;70+;Non-Roadway;None;No;No;Dry;0;Urban;No;02JUN2009;0;7:25;Female;No;Commercial;C: Possible Injury;Yes;O: No Injury;4889;June;0;Straight - Level;Piedmont;Not Applicable;No Control Present;Tuesday;Non-Roadway;70+;0;Two-Way, Not Divided;Unknown;0;#NULL!;#NULL!;Smooth Asphalt;#NULL!;No Special Feature;Non-Roadway;Public Vehicular Area;C: Possible Injury;Orange;25;Clear;#NULL!;0-5 mph;Unknown;2009;Daylight;25-29
35.1108370232, -75.9799217651;"{""type"": ""Point"", ""coordinates"": [-75.9799217651322, 35.110837023202095]}";White;None - Rural Crash;Travel Lane;2;22;Mixed (30% To 70% Developed);Female;Passenger Car;0;#NULL!;0;0;White;No;0;25-29;Motorist Left Turn - Opposite Direction;None;Yes;No;Dry;0;Rural;No;01JUN2009;0;22:07;Male;Yes;Residential;B: Evident Injury;No;O: No Injury;4909;June;0;Straight - Level;Coastal;With Traffic;Stop Sign;Monday;Intersection;25;0;Two-Way, Not Divided;2 lanes;0;#NULL!;#NULL!;Smooth Asphalt;#NULL!;T-Intersection;Motorist Left Turn / Merge;NC Route;B: Evident Injury;Hyde;39;Clear;#NULL!;6-10 mph;20 - 25  MPH;2009;Dark - Roadway Not Lighted;30-39
34.2282627653, -77.9266723154;"{""type"": ""Point"", ""coordinates"": [-77.92667231542268, 34.22826276525219]}";Black;Wilmington;Sidewalk / Crosswalk / Driveway Crossing;2;20;Urban (>70% Developed);Male;Unknown;0;#NULL!;0;0;Unknown/Missing;No;0;50-59;Motorist Drive Out - Sign-Controlled Intersection;None;No;No;Dry;0;Urban;Yes;16JUN2009;0;20:50;Unknown;Missing;Residential;C: Possible Injury;Yes;Unknown Injury;4910;June;0;Straight - Level;Coastal;Facing Traffic;Stop Sign;Tuesday;Intersection;52;0;One-Way, Not Divided;5 lanes;0;#NULL!;#NULL!;Smooth Asphalt;#NULL!;No Special Feature;Motorist Failed to Yield - Sign-Controlled Intersection;Local Street;C: Possible Injury;New Hanover;Unknown;Clear;#NULL!;11-15 mph;30 - 35  MPH;2009;Dark - Lighted Roadway;Unknown
35.5912320564, -78.139567448;"{""type"": ""Point"", ""coordinates"": [-78.13956744804993, 35.59123205635141]}";Black;None - Rural Crash;Travel Lane;2;23;Mixed (30% To 70% Developed);Male;Unknown;0;#NULL!;0;0;Unknown/Missing;No;0;50-59;Motorist Overtaking - Other / Unknown;None;No;No;Wet;0;Rural;Yes;10JUN2009;0;23:40;Unknown;No;Farms, Woods, Pastures;B: Evident Injury;Yes;Unknown Injury;4919;June;0;Straight - Level;Coastal;With Traffic;No Control Present;Wednesday;Non-Intersection;57;0;Two-Way, Not Divided;2 lanes;0;#NULL!;#NULL!;Coarse Asphalt;#NULL!;No Special Feature;Motorist Overtaking Bicyclist;US Route;B: Evident Injury;Johnston;Unknown;Cloudy;#NULL!;41-45 mph;50 - 55  MPH;2009;Dark - Roadway Not Lighted;Unknown
35.738937071, -78.634892605;"{""type"": ""Point"", ""coordinates"": [-78.63489260504443, 35.738937070957235]}";Hispanic;Raleigh;Non-Roadway;2;19;Urban (>70% Developed);Male;Passenger Car;0;#NULL!;0;0;White;No;0;6-10;Non-Roadway;None;No;No;Dry;0;Urban;No;14MAY2009;0;19:27;Male;No;Residential;O: No Injury;No;O: No Injury;4921;May;0;Straight - Level;Piedmont;Not Applicable;No Control Present;Thursday;Non-Roadway;6;0;Two-Way, Not Divided;Unknown;0;#NULL!;#NULL!;Smooth Asphalt;#NULL!;No Special Feature;Non-Roadway;Public Vehicular Area;O: No Injury;Wake;44;Clear;#NULL!;Unknown;Unknown;2009;Daylight;40-49
35.9032621081, -78.5837525984;"{""type"": ""Point"", ""coordinates"": [-78.58375259841283, 35.90326210811291]}";White;Raleigh;Sidewalk / Crosswalk / Driveway Crossing;2;17;Urban (>70% Developed);Male;Passenger Car;0;#NULL!;0;0;White;No;0;40-49;Motorist Drive Out - Sign-Controlled Intersection;None;Yes;Yes;Dry;0;Urban;No;27MAY2009;0;17:53;Female;No;Residential;O: No Injury;No;O: No Injury;4922;May;0;Straight - Level;Piedmont;With Traffic;Stop Sign;Wednesday;Intersection;49;0;Two-Way, Not Divided;2 lanes;0;#NULL!;#NULL!;Coarse Asphalt;#NULL!;T-Intersection;Motorist Failed to Yield - Sign-Controlled Intersection;Local Street;O: No Injury;Wake;50;Cloudy;#NULL!;11-15 mph;30 - 35  MPH;2009;Daylight;50-59
35.3384168815, -81.5129334468;"{""type"": ""Point"", ""coordinates"": [-81.51293344683604, 35.33841688153417]}";White;None - Rural Crash;Travel Lane;2;18;Mixed (30% To 70% Developed);Male;Passenger Car;0;#NULL!;0;0;White;No;0;11-15;Bicyclist Ride Through - Sign-Controlled Intersection;None;No;No;Dry;0;Rural;No;29JUN2009;0;18:19;Female;No;Residential;C: Possible Injury;Yes;O: No Injury;4924;June;0;Straight - Level;Mountains;With Traffic;Stop Sign;Monday;Intersection;15;0;Two-Way, Not Divided;2 lanes;0;#NULL!;#NULL!;Coarse Asphalt;#NULL!;T-Intersection;Bicyclist Failed to Yield - Sign-Controlled Intersection;State Secondary Route;C: Possible Injury;Cleveland;21;Clear;#NULL!;31-35 mph;30 - 35  MPH;2009;Daylight;20-24
35.1869838739, -80.8330532366;"{""type"": ""Point"", ""coordinates"": [-80.83305323662854, 35.18698387391469]}";White;Charlotte;Travel Lane;2;18;Urban (>70% Developed);Male;Passenger Car;0;#NULL!;0;0;White;No;0;30-39;Motorist Left Turn - Opposite Direction;None;No;No;Dry;0;Urban;No;08JUN2009;0;18:25;Female;No;Residential;B: Evident Injury;Yes;O: No Injury;4925;June;0;Straight - Level;Piedmont;With Traffic;Stop Sign;Monday;Intersection;35;0;Two-Way, Not Divided;4 lanes;0;#NULL!;#NULL!;Smooth Asphalt;#NULL!;Four-Way Intersection;Motorist Left Turn / Merge;Local Street;B: Evident Injury;Mecklenburg;70+;Clear;#NULL!;31-35 mph;30 - 35  MPH;2009;Daylight;70+
35.6409410564, -78.4502285444;"{""type"": ""Point"", ""coordinates"": [-78.45022854442553, 35.640941056384364]}";Black;Clayton;Non-Roadway;2;14;Urban (>70% Developed);Male;Passenger Car;0;#NULL!;0;0;Black;No;0;40-49;Non-Roadway;None;No;No;Dry;0;Urban;No;15JUN2009;0;14:04;Female;No;Commercial;C: Possible Injury;Yes;O: No Injury;4932;June;0;Curve - Level;Coastal;Not Applicable;No Control Present;Monday;Non-Roadway;48;0;One-Way, Not Divided;1 lane;0;#NULL!;#NULL!;Smooth Asphalt;#NULL!;Driveway, Public;Non-Roadway;Public Vehicular Area;C: Possible Injury;Johnston;38;Cloudy;#NULL!;6-10 mph;5 - 15 MPH;2009;Daylight;30-39
35.7580290648, -78.9186026923;"{""type"": ""Point"", ""coordinates"": [-78.91860269229484, 35.75802906479852]}";White;None - Rural Crash;Travel Lane;2;18;Rural (<30% Developed);Male;Pickup;0;#NULL!;0;0;White;No;0;16-19;Motorist Overtaking - Other / Unknown;None;No;No;Dry;0;Rural;No;04JUL2009;0;18:15;Male;No;Farms, Woods, Pastures;B: Evident Injury;No;O: No Injury;4944;July;0;Straight - Grade;Piedmont;With Traffic;Double Yellow Line, No Passing Zone;Saturday;Non-Intersection;18;0;Two-Way, Not Divided;2 lanes;0;#NULL!;#NULL!;Coarse Asphalt;#NULL!;No Special Feature;Motorist Overtaking Bicyclist;State Secondary Route;B: Evident Injury;Wake;26;Cloudy;#NULL!;51-55 mph;50 - 55  MPH;2009;Daylight;25-29
34.7359568898, -77.5659722304;"{""type"": ""Point"", ""coordinates"": [-77.5659722304257, 34.73595688975385]}";White;None - Rural Crash;Travel Lane;2;21;Rural (<30% Developed);Male;Unknown;0;#NULL!;0;0;Unknown/Missing;No;0;25-29;Motorist Overtaking - Other / Unknown;None;No;No;Dry;0;Rural;Yes;28JUN2009;0;21:14;Unknown;Missing;Farms, Woods, Pastures;A: Disabling Injury;Yes;Unknown Injury;4954;June;0;Straight - Level;Coastal;With Traffic;No Control Present;Sunday;Non-Intersection;25;0;Two-Way, Not Divided;3 lanes;0;#NULL!;#NULL!;Coarse Asphalt;#NULL!;Driveway, Private;Motorist Overtaking Bicyclist;NC Route;A: Disabling Injury;Onslow;Unknown;Clear;#NULL!;41-45 mph;40 - 45  MPH;2009;Dark - Roadway Not Lighted;Unknown
35.7791929969, -80.916963294;"{""type"": ""Point"", ""coordinates"": [-80.91696329396376, 35.779192996881285]}";Black;Statesville;Travel Lane;2;5;Urban (>70% Developed);Male;Unknown;0;#NULL!;0;0;Unknown/Missing;No;0;50-59;Motorist Overtaking - Other / Unknown;None;No;No;Dry;0;Urban;Yes;30JUN2009;0;5:22;Unknown;Missing;Residential;A: Disabling Injury;Yes;Unknown Injury;4966;June;0;Straight - Level;Piedmont;With Traffic;No Control Present;Tuesday;Non-Intersection;53;0;Two-Way, Not Divided;2 lanes;0;#NULL!;#NULL!;Smooth Asphalt;#NULL!;No Special Feature;Motorist Overtaking Bicyclist;Local Street;A: Disabling Injury;Iredell;Unknown;Clear;#NULL!;41-45 mph;30 - 35  MPH;2009;Dark - Roadway Not Lighted;Unknown
35.2294308581, -81.5143394412;"{""type"": ""Point"", ""coordinates"": [-81.5143394412068, 35.229430858090524]}";White;Patterson Springs;Travel Lane;2;5;Mixed (30% To 70% Developed);Male;Pickup;0;#NULL!;0;0;Black;No;0;16-19;Motorist Overtaking - Other / Unknown;None;No;No;Wet;0;Rural;No;13JUL2009;0;5:24;Male;No;Residential;A: Disabling Injury;Yes;O: No Injury;4970;July;0;Straight - Level;Mountains;With Traffic;Double Yellow Line, No Passing Zone;Monday;Non-Intersection;18;0;Two-Way, Not Divided;2 lanes;0;#NULL!;#NULL!;Smooth Asphalt;#NULL!;No Special Feature;Motorist Overtaking Bicyclist;NC Route;A: Disabling Injury;Cleveland;56;Cloudy;#NULL!;31-35 mph;40 - 45  MPH;2009;Dark - Roadway Not Lighted;50-59
36.0057441182, -78.9157727047;"{""type"": ""Point"", ""coordinates"": [-78.91577270466692, 36.00574411816729]}";White;Durham;Non-Roadway;2;13;Urban (>70% Developed);Female;Passenger Car;0;#NULL!;0;0;Unknown/Missing;No;0;16-19;Non-Roadway;None;No;No;Dry;0;Urban;No;15JUN2009;0;13:37;Female;No;Institutional;B: Evident Injury;Yes;O: No Injury;4972;June;0;Straight - Level;Piedmont;Not Applicable;No Control Present;Monday;Non-Roadway;19;0;Two-Way, Not Divided;Unknown;0;#NULL!;#NULL!;Smooth Asphalt;#NULL!;No Special Feature;Non-Roadway;Public Vehicular Area;B: Evident Injury;Durham;21;Clear;#NULL!;0-5 mph;20 - 25  MPH;2009;Daylight;20-24
34.6807668975, -76.9305320348;"{""type"": ""Point"", ""coordinates"": [-76.93053203475539, 34.68076689753714]}";Hispanic;Emerald Isle;Bike Lane / Paved Shoulder;2;9;Mixed (30% To 70% Developed);Male;Passenger Car;0;#NULL!;0;0;Black;No;0;40-49;Motorist Right Turn - Same Direction;None;No;No;Dry;0;Rural;No;01JUL2009;0;9:57;Male;No;Residential;O: No Injury;Yes;O: No Injury;4974;July;0;Straight - Level;Coastal;With Traffic;No Control Present;Wednesday;Intersection;49;0;Two-Way, Not Divided;2 lanes;0;#NULL!;#NULL!;Coarse Asphalt;#NULL!;T-Intersection;Motorist Right Turn / Merge;State Secondary Route;O: No Injury;Carteret;49;Clear;#NULL!;6-10 mph;40 - 45  MPH;2009;Daylight;40-49
34.2142627633, -77.8866063026;"{""type"": ""Point"", ""coordinates"": [-77.88660630259112, 34.21426276325463]}";White;Wilmington;Travel Lane;2;17;Urban (>70% Developed);Male;Passenger Car;0;#NULL!;0;0;White;No;0;40-49;Crossing Paths - Intersection - Other / Unknown;None;No;No;Dry;0;Urban;No;27JUN2009;0;17:06;Male;No;Commercial;C: Possible Injury;Yes;O: No Injury;4976;June;0;Straight - Level;Coastal;With Traffic;No Control Present;Saturday;Intersection;43;0;Two-Way, Not Divided;5 lanes;0;#NULL!;#NULL!;Smooth Asphalt;#NULL!;No Special Feature;Crossing Paths - Other Circumstances;Local Street;C: Possible Injury;New Hanover;28;Cloudy;#NULL!;21-25 mph;30 - 35  MPH;2009;Daylight;25-29
35.3574869004, -81.1086033278;"{""type"": ""Point"", ""coordinates"": [-81.10860332779728, 35.357486900427894]}";White;None - Rural Crash;Travel Lane;2;20;Mixed (30% To 70% Developed);Male;Passenger Car;0;#NULL!;0;0;Unknown/Missing;No;0;30-39;Motorist Overtaking - Other / Unknown;None;No;No;Dry;0;Rural;Yes;14JUL2009;0;20:30;Unknown;No;Residential;C: Possible Injury;No;Unknown Injury;4987;July;0;Straight - Level;Piedmont;With Traffic;Double Yellow Line, No Passing Zone;Tuesday;Non-Intersection;37;0;Two-Way, Not Divided;2 lanes;0;#NULL!;#NULL!;Smooth Asphalt;#NULL!;No Special Feature;Motorist Overtaking Bicyclist;State Secondary Route;C: Possible Injury;Gaston;Unknown;Clear;#NULL!;31-35 mph;30 - 35  MPH;2009;Daylight;Unknown
35.7723730799, -78.5872825923;"{""type"": ""Point"", ""coordinates"": [-78.58728259230855, 35.77237307988841]}";Black;Raleigh;Travel Lane;2;15;Urban (>70% Developed);Female;Passenger Car;0;#NULL!;0;0;Black;No;0;40-49;Parallel Paths - Other / Unknown;None;No;No;Dry;0;Urban;No;12APR2009;0;15:35;Female;No;Residential;C: Possible Injury;No;O: No Injury;4993;April;0;Straight - Level;Piedmont;With Traffic;No Control Present;Sunday;Intersection;49;0;Two-Way, Not Divided;2 lanes;0;#NULL!;#NULL!;Smooth Asphalt;#NULL!;No Special Feature;Parallel Paths - Other Circumstances;Local Street;C: Possible Injury;Wake;55;Clear;#NULL!;26-30 mph;30 - 35  MPH;2009;Daylight;50-59
35.2705968772, -81.2220873568;"{""type"": ""Point"", ""coordinates"": [-81.22208735682419, 35.27059687722784]}";Black;Gastonia;Unknown;2;23;Urban (>70% Developed);Male;Unknown;0;#NULL!;0;0;Unknown/Missing;No;0;25-29;Motorist Overtaking - Other / Unknown;Road Surface Condition;No;No;Dry;0;Urban;Yes;04JUL2009;0;23:26;Unknown;Missing;Commercial;B: Evident Injury;Yes;Unknown Injury;4996;July;0;Straight - Level;Piedmont;Unknown;No Control Present;Saturday;Non-Intersection;25;0;Two-Way, Not Divided;2 lanes;0;#NULL!;#NULL!;Coarse Asphalt;#NULL!;No Special Feature;Motorist Overtaking Bicyclist;Local Street;B: Evident Injury;Gaston;Unknown;Clear;#NULL!;Unknown;30 - 35  MPH;2009;Dark - Lighted Roadway;Unknown
34.6602668433, -78.457802497;"{""type"": ""Point"", ""coordinates"": [-78.45780249699752, 34.660266843312336]}";White;None - Rural Crash;Travel Lane;2;5;Rural (<30% Developed);Male;Pickup;0;#NULL!;0;0;White;No;0;40-49;Motorist Overtaking - Undetected Bicyclist;None;Yes;Yes;Dry;0;Rural;No;27MAY2010;0;5:10;Male;No;Farms, Woods, Pastures;A: Disabling Injury;Yes;O: No Injury;4001;May;0;Straight - Level;Coastal;With Traffic;Double Yellow Line, No Passing Zone;Thursday;Non-Intersection;44;0;Two-Way, Not Divided;2 lanes;0;#NULL!;#NULL!;Coarse Asphalt;#NULL!;No Special Feature;Motorist Overtaking Bicyclist;NC Route;A: Disabling Injury;Bladen;47;Clear;#NULL!;51-55 mph;50 - 55  MPH;2010;Dark - Roadway Not Lighted;40-49
35.4759319528, -80.3714171146;"{""type"": ""Point"", ""coordinates"": [-80.37141711461454, 35.47593195282735]}";White;None - Rural Crash;Travel Lane;7;19;Rural (<30% Developed);Male;Unknown;0;#NULL!;0;0;White;No;0;40-49;Head-On - Motorist;None;No;No;Dry;0;Rural;Yes;19MAY2010;0;19:32;Male;No;Residential;A: Disabling Injury;Yes;O: No Injury;4005;May;0;Straight - Grade;Piedmont;With Traffic;Double Yellow Line, No Passing Zone;Wednesday;Non-Intersection;47;0;Two-Way, Not Divided;2 lanes;0;#NULL!;#NULL!;Smooth Asphalt;#NULL!;Driveway, Private;Head-On;State Secondary Route;A: Disabling Injury;Cabarrus;21;Clear;#NULL!;51-55 mph;50 - 55  MPH;2010;Daylight;20-24