Geo Point;Geo Shape;BikeRace;City;BikePos;NumUnits;CrashHour;Locality;BikeSex;DrvrVehTyp;NumBikesNo;BikeAlcDrg;NumBikesBI;RteInvdCd;DrvrRace;Workzone;NumBikesCi;BikeAgeGrp;CrashType;RdDefects;CrashAlcoh;BikeAlcoho;RdConditio;DstncMiFrm;RuralUrban;HitRun;CrashDate;NumBikesUI;CrashTime;DrvrSex;DrvrAlcoho;Developmen;CrashSevr;AmbulanceR;DrvrInjury;OBJECTID;CrashMonth;NumBikesKi;RdCharacte;Region;BikeDir;TraffCntrl;CrashDay;CrashLoc;BikeAge;NumBikesTo;RdConfig;NumLanes;NumBikesAI;DrvrAlcDrg;OnRoad;RdSurface;Towrd_Rd;RdFeature;CrashGrp;RdClass;BikeInjury;County;DrvrAge;Weather;FrmRd;DrvrEstSpd;SpeedLimit;CrashYear;LightCond;DrvrAgeGrp
35.1269868605, -80.8490332378;"{""type"": ""Point"", ""coordinates"": [-80.84903323783453, 35.126986860459404]}";White;Charlotte;Bike Lane / Paved Shoulder;2;17;Urban (>70% Developed);Male;Passenger Car;0;#NULL!;0;0;White;No;0;50-59;Crossing Paths - Intersection - Other / Unknown;None;No;No;Dry;0;Urban;No;27MAY2010;0;17:58;Female;No;Residential;B: Evident Injury;Yes;O: No Injury;4006;May;0;Straight - Level;Piedmont;Not Applicable;No Control Present;Thursday;Intersection;53;0;Two-Way, Not Divided;2 lanes;0;#NULL!;#NULL!;Smooth Asphalt;#NULL!;No Special Feature;Crossing Paths - Other Circumstances;Local Street;B: Evident Injury;Mecklenburg;35;Clear;#NULL!;11-15 mph;30 - 35  MPH;2010;Daylight;30-39
36.1502341495, -78.9051527091;"{""type"": ""Point"", ""coordinates"": [-78.9051527090896, 36.15023414948759]}";White;None - Rural Crash;Travel Lane;2;15;Rural (<30% Developed);Female;Passenger Car;0;#NULL!;0;0;Black;No;0;50-59;Motorist Overtaking - Other / Unknown;None;No;No;Dry;0;Rural;No;20JUN2010;0;15:22;Female;No;Farms, Woods, Pastures;B: Evident Injury;Yes;O: No Injury;4016;June;0;Straight - Level;Piedmont;With Traffic;No Control Present;Sunday;Non-Intersection;52;0;Two-Way, Divided, Unprotected Median;2 lanes;0;#NULL!;#NULL!;Smooth Asphalt;#NULL!;No Special Feature;Motorist Overtaking Bicyclist;US Route;B: Evident Injury;Durham;51;Clear;#NULL!;51-55 mph;50 - 55  MPH;2010;Daylight;50-59
35.7639189945, -80.8824032836;"{""type"": ""Point"", ""coordinates"": [-80.8824032835713, 35.76391899453175]}";Black;Statesville;Travel Lane;2;19;Urban (>70% Developed);Male;Unknown;0;#NULL!;0;0;Unknown/Missing;No;0;11-15;Crossing Paths - Midblock - Other / Unknown;None;No;No;Wet;0;Urban;Yes;15JUN2010;0;19:30;Unknown;Missing;Residential;C: Possible Injury;No;Unknown Injury;4021;June;0;Straight - Level;Piedmont;Not Applicable;No Control Present;Tuesday;Non-Intersection;12;0;Two-Way, Not Divided;2 lanes;0;#NULL!;#NULL!;Smooth Asphalt;#NULL!;No Special Feature;Crossing Paths - Other Circumstances;Local Street;C: Possible Injury;Iredell;Unknown;Cloudy;#NULL!;11-15 mph;20 - 25  MPH;2010;Daylight;Unknown
34.226666765, -77.9302923172;"{""type"": ""Point"", ""coordinates"": [-77.93029231715975, 34.22666676500803]}";Black;Wilmington;Travel Lane;2;12;Urban (>70% Developed);Male;Sport Utility;0;#NULL!;0;0;White;No;0;16-19;Bicyclist Ride Through - Sign-Controlled Intersection;None;No;No;Dry;0;Urban;No;11JUN2010;0;12:53;Male;No;Residential;B: Evident Injury;Yes;O: No Injury;4024;June;0;Straight - Level;Coastal;With Traffic;Stop Sign;Friday;Intersection;17;0;One-Way, Not Divided;3 lanes;0;#NULL!;#NULL!;Smooth Asphalt;#NULL!;Four-Way Intersection;Bicyclist Failed to Yield - Sign-Controlled Intersection;Local Street;B: Evident Injury;New Hanover;39;Clear;#NULL!;31-35 mph;30 - 35  MPH;2010;Daylight;30-39
36.3296272056, -78.3991725653;"{""type"": ""Point"", ""coordinates"": [-78.3991725653091, 36.32962720557589]}";Black;Henderson;.;2;8;Mixed (30% To 70% Developed);Male;Pickup;0;#NULL!;0;0;White;No;0;16-19;.;None;No;No;Dry;0;Urban;No;06APR2010;0;8:50;Male;No;Commercial;B: Evident Injury;No;O: No Injury;4030;April;0;Straight - Level;Piedmont;.;Flashing Signal With Stop Sign;Tuesday;.;18;0;Two-Way, Not Divided;3 lanes;0;#NULL!;#NULL!;Coarse Asphalt;#NULL!;No Special Feature;.;Local Street;B: Evident Injury;Vance;65;Clear;#NULL!;31-35 mph;30 - 35  MPH;2010;Daylight;60-69
35.5093469507, -80.6239331915;"{""type"": ""Point"", ""coordinates"": [-80.62393319147652, 35.50934695068419]}";Unknown/Missing;Kannapolis;Travel Lane;2;17;Urban (>70% Developed);Unknown;Unknown;0;#NULL!;0;0;Unknown/Missing;No;0;Unknown;Bicyclist Overtaking - Parked Vehicle;None;No;Missing;Dry;0;Urban;Yes;05JUN2010;0;17:07;Unknown;Missing;Residential;Unknown Injury;No;Unknown Injury;4034;June;0;Straight - Grade;Piedmont;With Traffic;No Control Present;Saturday;Non-Intersection;Unknown;0;Two-Way, Not Divided;2 lanes;0;#NULL!;#NULL!;Smooth Asphalt;#NULL!;No Special Feature;Bicyclist Overtaking Motorist;Local Street;Unknown Injury;Rowan;Unknown;Cloudy;#NULL!;Unknown;30 - 35  MPH;2010;Daylight;Unknown
35.2332338842, -80.8213232352;"{""type"": ""Point"", ""coordinates"": [-80.82132323522703, 35.2332338842016]}";Black;Charlotte;Travel Lane;2;17;Urban (>70% Developed);Male;Passenger Car;0;#NULL!;0;0;White;No;0;20-24;Bicyclist Lost Control - Mechanical Problems;None;No;No;Dry;0;Urban;No;07JUN2010;0;17:10;Female;No;Residential;C: Possible Injury;No;O: No Injury;4045;June;0;Straight - Grade;Piedmont;Facing Traffic;No Control Present;Monday;Intersection;20;0;Two-Way, Not Divided;2 lanes;0;#NULL!;#NULL!;Smooth Asphalt;#NULL!;No Special Feature;Loss of Control / Turning Error;Local Street;C: Possible Injury;Mecklenburg;70+;Clear;#NULL!;0-5 mph;30 - 35  MPH;2010;Daylight;70+
35.7845340729, -78.8562326755;"{""type"": ""Point"", ""coordinates"": [-78.85623267546258, 35.784534072926014]}";White;Cary;Travel Lane;2;12;Urban (>70% Developed);Male;Passenger Car;0;#NULL!;0;0;White;No;0;50-59;Motorist Turning Error - Left Turn;None;No;No;Dry;0;Urban;No;28JUN2010;0;12:42;Male;No;Residential;B: Evident Injury;Yes;O: No Injury;4048;June;0;Straight - Level;Piedmont;With Traffic;Stop Sign;Monday;Non-Intersection;51;0;Two-Way, Not Divided;3 lanes;0;#NULL!;#NULL!;Smooth Asphalt;#NULL!;Related To Intersection;Loss of Control / Turning Error;NC Route;B: Evident Injury;Wake;44;Clear;#NULL!;11-15 mph;30 - 35  MPH;2010;Daylight;40-49
35.2280648861, -80.7389792103;"{""type"": ""Point"", ""coordinates"": [-80.73897921034239, 35.22806488611262]}";Unknown/Missing;Charlotte;Unknown;2;15;Urban (>70% Developed);Unknown;Passenger Car;0;#NULL!;0;0;Hispanic;No;0;Unknown;Crossing Paths - Uncontrolled Intersection;None;No;Missing;Dry;0;Urban;No;16JUN2010;0;15:50;Male;No;Residential;O: No Injury;No;O: No Injury;4053;June;0;Straight - Level;Piedmont;Facing Traffic;No Control Present;Wednesday;Intersection;Unknown;0;Two-Way, Not Divided;2 lanes;0;#NULL!;#NULL!;Smooth Asphalt;#NULL!;No Special Feature;Crossing Paths - Other Circumstances;Local Street;Unknown Injury;Mecklenburg;21;Clear;#NULL!;0-5 mph;20 - 25  MPH;2010;Daylight;20-24
34.6600598234, -79.0271226685;"{""type"": ""Point"", ""coordinates"": [-79.0271226684707, 34.66005982339071]}";Native American;Lumberton;Travel Lane;2;8;Mixed (30% To 70% Developed);Male;Pickup;0;#NULL!;0;0;White;No;0;60-69;Motorist Drive Out - Sign-Controlled Intersection;None;No;No;Dry;0;Urban;No;18JUN2010;0;8:48;Male;No;Commercial;B: Evident Injury;Yes;O: No Injury;4054;June;0;Straight - Level;Coastal;With Traffic;No Control Present;Friday;Intersection;62;0;Two-Way, Not Divided;2 lanes;0;#NULL!;#NULL!;Coarse Asphalt;#NULL!;No Special Feature;Motorist Failed to Yield - Sign-Controlled Intersection;NC Route;B: Evident Injury;Robeson;49;Clear;#NULL!;26-30 mph;40 - 45  MPH;2010;Daylight;40-49
36.0090591187, -78.9056577015;"{""type"": ""Point"", ""coordinates"": [-78.90565770146036, 36.00905911871866]}";Black;Durham;Driveway / Alley;3;17;Urban (>70% Developed);Male;Van;0;#NULL!;0;0;Black;No;0;0-5;Bicyclist Ride Out - Residential Driveway;None;No;No;Dry;0;Urban;No;01JUL2010;0;17:18;Male;No;Residential;B: Evident Injury;Yes;O: No Injury;4062;July;0;Straight - Hillcrest;Piedmont;Not Applicable;No Control Present;Thursday;Non-Intersection;2;0;One-Way, Not Divided;2 lanes;0;#NULL!;#NULL!;Smooth Asphalt;#NULL!;Driveway, Private;Bicyclist Failed to Yield - Midblock;Local Street;B: Evident Injury;Durham;44;Clear;#NULL!;26-30 mph;30 - 35  MPH;2010;Daylight;40-49
36.168319115, -79.9454680248;"{""type"": ""Point"", ""coordinates"": [-79.9454680247709, 36.16831911499087]}";White;Summerfield;Travel Lane;2;9;Rural (<30% Developed);Male;Passenger Car;0;#NULL!;0;0;White;No;0;25-29;Motorist Drive Out - Sign-Controlled Intersection;None;No;No;Dry;0;Urban;No;02JUL2010;0;9:35;Male;No;Farms, Woods, Pastures;B: Evident Injury;No;O: No Injury;4066;July;0;Straight - Grade;Piedmont;With Traffic;Stop Sign;Friday;Intersection;28;0;Two-Way, Not Divided;2 lanes;0;#NULL!;#NULL!;Smooth Asphalt;#NULL!;T-Intersection;Motorist Failed to Yield - Sign-Controlled Intersection;State Secondary Route;B: Evident Injury;Guilford;68;Clear;#NULL!;6-10 mph;40 - 45  MPH;2010;Daylight;60-69
35.9929541172, -78.8703626905;"{""type"": ""Point"", ""coordinates"": [-78.87036269046597, 35.992954117186414]}";Black;Durham;Travel Lane;2;16;Urban (>70% Developed);Male;Passenger Car;0;#NULL!;0;0;White;No;0;30-39;Bicyclist Overtaking - Other / Unknown;None;No;No;Dry;0;Urban;No;03JUL2010;0;16:00;Male;No;Commercial;B: Evident Injury;Yes;O: No Injury;4068;July;0;Straight - Level;Piedmont;With Traffic;No Control Present;Saturday;Non-Intersection;38;0;Two-Way, Not Divided;2 lanes;0;#NULL!;#NULL!;Coarse Asphalt;#NULL!;No Special Feature;Bicyclist Overtaking Motorist;Local Street;B: Evident Injury;Durham;47;Clear;#NULL!;0-5 mph;30 - 35  MPH;2010;Daylight;40-49
35.7886350812, -78.646752612;"{""type"": ""Point"", ""coordinates"": [-78.64675261198366, 35.78863508118979]}";Black;Raleigh;Bike Lane / Paved Shoulder;2;13;Urban (>70% Developed);Male;Passenger Car;0;#NULL!;0;0;White;No;0;50-59;Motorist Drive Out - Commercial Driveway / Alley;None;No;No;Dry;0;Urban;No;02JUN2010;0;13:24;Female;No;Commercial;O: No Injury;No;O: No Injury;4073;June;0;Straight - Level;Piedmont;With Traffic;No Control Present;Wednesday;Non-Intersection;54;0;Two-Way, Not Divided;4 lanes;0;#NULL!;#NULL!;Smooth Asphalt;#NULL!;No Special Feature;Motorist Failed to Yield - Midblock;Local Street;O: No Injury;Wake;29;Clear;#NULL!;16-20 mph;20 - 25  MPH;2010;Daylight;25-29
35.7883600743, -78.8297226666;"{""type"": ""Point"", ""coordinates"": [-78.8297226666052, 35.788360074281464]}";White;Cary;Sidewalk / Crosswalk / Driveway Crossing;2;14;Urban (>70% Developed);Male;Passenger Car;0;#NULL!;0;0;Unknown/Missing;No;0;11-15;Motorist Drive Out - Sign-Controlled Intersection;None;No;No;Dry;0;Urban;Yes;08JUL2010;0;14:15;Unknown;Missing;Commercial;O: No Injury;No;Unknown Injury;4077;July;0;Straight - Level;Piedmont;Facing Traffic;Stop Sign;Thursday;Intersection;12;0;Two-Way, Divided, Positive Median Barrier;4 lanes;0;#NULL!;#NULL!;Smooth Asphalt;#NULL!;No Special Feature;Motorist Failed to Yield - Sign-Controlled Intersection;Local Street;O: No Injury;Wake;Unknown;Clear;#NULL!;0-5 mph;40 - 45  MPH;2010;Daylight;Unknown
35.6921111019, -77.4491322425;"{""type"": ""Point"", ""coordinates"": [-77.44913224253246, 35.692111101919785]}";Black;None - Rural Crash;Travel Lane;2;13;Mixed (30% To 70% Developed);Male;Passenger Car;0;#NULL!;0;0;White;No;0;16-19;Bicyclist Left Turn - Same Direction;None;No;No;Dry;0;Rural;No;21JUN2010;0;13:39;Male;No;Farms, Woods, Pastures;K: Killed;Yes;O: No Injury;4081;June;0;Straight - Level;Coastal;With Traffic;No Control Present;Monday;Non-Intersection;16;0;Two-Way, Not Divided;2 lanes;0;#NULL!;#NULL!;Smooth Asphalt;#NULL!;No Special Feature;Bicyclist Left Turn / Merge;NC Route;K: Killed;Pitt;23;Clear;#NULL!;46-50 mph;50 - 55  MPH;2010;Daylight;20-24
36.0696630998, -79.7916929727;"{""type"": ""Point"", ""coordinates"": [-79.7916929727497, 36.06966309980509]}";White;Greensboro;Travel Lane;2;2;Urban (>70% Developed);Male;Sport Utility;0;#NULL!;0;0;Unknown/Missing;No;0;20-24;Bicyclist Overtaking - Parked Vehicle;None;Yes;Yes;Dry;0;Urban;No;26JUN2010;0;2:13;Unknown;Missing;Commercial;B: Evident Injury;Yes;Unknown Injury;4088;June;0;Straight - Level;Piedmont;With Traffic;No Control Present;Saturday;Non-Intersection;24;0;Two-Way, Divided, Unprotected Median;2 lanes;0;#NULL!;#NULL!;Smooth Asphalt;#NULL!;No Special Feature;Bicyclist Overtaking Motorist;Local Street;B: Evident Injury;Guilford;Unknown;Clear;#NULL!;Unknown;20 - 25  MPH;2010;Dark - Lighted Roadway;Unknown
36.1027901073, -79.7878629735;"{""type"": ""Point"", ""coordinates"": [-79.78786297352192, 36.10279010730521]}";White;Greensboro;Travel Lane;2;23;Urban (>70% Developed);Male;Passenger Car;0;#NULL!;0;0;Black;No;0;30-39;Bicyclist Ride Out - Signalized  Intersection;None;No;No;Dry;0;Urban;No;04JUL2010;0;23:39;Female;No;Commercial;B: Evident Injury;Yes;O: No Injury;4089;July;0;Straight - Level;Piedmont;With Traffic;Stop And Go Signal;Sunday;Intersection;35;0;Two-Way, Not Divided;3 lanes;0;#NULL!;#NULL!;Smooth Asphalt;#NULL!;Four-Way Intersection;Bicyclist Failed to Yield - Signalized Intersection;Local Street;B: Evident Injury;Guilford;43;Clear;#NULL!;31-35 mph;30 - 35  MPH;2010;Dark - Lighted Roadway;40-49
35.7200919691, -81.3161274097;"{""type"": ""Point"", ""coordinates"": [-81.31612740973654, 35.72009196914418]}";White;Hickory;Sidewalk / Crosswalk / Driveway Crossing;2;13;Urban (>70% Developed);Male;Sport Utility;0;#NULL!;0;0;White;No;0;30-39;Motorist Drive Out - Commercial Driveway / Alley;None;No;No;Dry;0;Urban;No;02JUL2010;0;13:43;Female;No;Commercial;O: No Injury;No;O: No Injury;4093;July;0;Straight - Level;Piedmont;Facing Traffic;No Control Present;Friday;Non-Intersection;32;0;One-Way, Not Divided;1 lane;0;#NULL!;#NULL!;Smooth Asphalt;#NULL!;No Special Feature;Motorist Failed to Yield - Midblock;Public Vehicular Area;O: No Injury;Catawba;49;Clear;#NULL!;0-5 mph;Unknown;2010;Daylight;40-49
35.0714789152, -78.965242671;"{""type"": ""Point"", ""coordinates"": [-78.96524267101968, 35.07147891517683]}";Black;Fayetteville;Sidewalk / Crosswalk / Driveway Crossing;2;15;Urban (>70% Developed);Male;Passenger Car;0;#NULL!;0;0;White;No;0;25-29;Motorist Drive Out - Commercial Driveway / Alley;None;No;No;Dry;0;Urban;No;14JUL2010;0;15:14;Female;No;Commercial;C: Possible Injury;Yes;O: No Injury;4094;July;0;Straight - Level;Coastal;Facing Traffic;No Control Present;Wednesday;Non-Intersection;29;0;Two-Way, Divided, Unprotected Median;6 lanes;0;#NULL!;#NULL!;Smooth Asphalt;#NULL!;Driveway, Public;Motorist Failed to Yield - Midblock;Local Street;C: Possible Injury;Cumberland;29;Clear;#NULL!;0-5 mph;30 - 35  MPH;2010;Daylight;25-29
36.0008122284, -75.6530777076;"{""type"": ""Point"", ""coordinates"": [-75.65307770759574, 36.000812228438]}";White;Kill Devil Hills;Travel Lane;2;21;Urban (>70% Developed);Male;Sport Utility;0;#NULL!;0;0;White;No;0;16-19;Bicyclist Right Turn - Same Direction;None;No;No;Dry;0;Urban;No;18JUN2010;0;21:51;Female;No;Commercial;O: No Injury;No;O: No Injury;4095;June;0;Straight - Level;Coastal;With Traffic;No Control Present;Friday;Non-Intersection;19;0;Two-Way, Not Divided;5 lanes;0;#NULL!;#NULL!;Coarse Asphalt;#NULL!;No Special Feature;Bicyclist Right Turn / Merge;US Route;O: No Injury;Dare;23;Clear;#NULL!;46-50 mph;50 - 55  MPH;2010;Dark - Lighted Roadway;20-24
35.778777132, -77.1141821452;"{""type"": ""Point"", ""coordinates"": [-77.11418214523691, 35.77877713199503]}";White;None - Rural Crash;Travel Lane;2;16;Rural (<30% Developed);Female;Van;0;#NULL!;0;0;White;No;0;16-19;Head-On - Bicyclist;None;No;No;Dry;0;Rural;No;16JUL2010;0;16:50;Female;No;Farms, Woods, Pastures;B: Evident Injury;Yes;O: No Injury;4098;July;0;Straight - Level;Coastal;Facing Traffic;Yield Sign;Friday;Non-Intersection;17;0;Two-Way, Not Divided;2 lanes;0;#NULL!;#NULL!;Smooth Asphalt;#NULL!;T-Intersection;Head-On;State Secondary Route;B: Evident Injury;Martin;61;Clear;#NULL!;16-20 mph;50 - 55  MPH;2010;Daylight;60-69
36.0563671235, -79.0497327486;"{""type"": ""Point"", ""coordinates"": [-79.04973274856816, 36.05636712353131]}";White;None - Rural Crash;Travel Lane;2;10;Rural (<30% Developed);Female;Passenger Car;0;#NULL!;0;0;White;No;0;50-59;Motorist Drive Out - Sign-Controlled Intersection;None;No;No;Dry;0;Rural;No;22JUN2010;0;10:57;Male;No;Farms, Woods, Pastures;C: Possible Injury;No;O: No Injury;4099;June;0;Straight - Level;Piedmont;With Traffic;Stop Sign;Tuesday;Intersection;51;0;Two-Way, Not Divided;2 lanes;0;#NULL!;#NULL!;Smooth Asphalt;#NULL!;Four-Way Intersection;Motorist Failed to Yield - Sign-Controlled Intersection;US Route;C: Possible Injury;Orange;70+;Clear;#NULL!;Unknown;50 - 55  MPH;2010;Daylight;70+
35.6034308971, -82.5531137707;"{""type"": ""Point"", ""coordinates"": [-82.55311377065752, 35.60343089705657]}";White;None - Rural Crash;Travel Lane;2;6;Urban (>70% Developed);Female;Passenger Car;0;#NULL!;0;0;White;No;0;40-49;Motorist Overtaking - Misjudged Space;None;No;No;Dry;0;Rural;No;07JUL2010;0;6:47;Female;No;Commercial;B: Evident Injury;Yes;O: No Injury;4109;July;0;Straight - Grade;Mountains;With Traffic;No Control Present;Wednesday;Non-Intersection;49;0;Two-Way, Not Divided;4 lanes;0;#NULL!;#NULL!;Smooth Asphalt;#NULL!;No Special Feature;Motorist Overtaking Bicyclist;US Route;B: Evident Injury;Buncombe;37;Clear;#NULL!;0-5 mph;30 - 35  MPH;2010;Daylight;30-39
34.2382167687, -77.8948423063;"{""type"": ""Point"", ""coordinates"": [-77.89484230629415, 34.23821676870055]}";White;Wilmington;Sidewalk / Crosswalk / Driveway Crossing;2;16;Urban (>70% Developed);Male;Passenger Car;0;#NULL!;0;0;White;No;0;25-29;Motorist Drive Out - Sign-Controlled Intersection;None;No;No;Dry;0;Urban;Yes;12JUL2010;0;16:34;Male;No;Commercial;C: Possible Injury;Yes;Unknown Injury;4110;July;0;Straight - Level;Coastal;Facing Traffic;No Control Present;Monday;Intersection;28;0;Two-Way, Not Divided;Unknown;0;#NULL!;#NULL!;Coarse Asphalt;#NULL!;No Special Feature;Motorist Failed to Yield - Sign-Controlled Intersection;Local Street;C: Possible Injury;New Hanover;28;Cloudy;#NULL!;0-5 mph;20 - 25  MPH;2010;Daylight;25-29
35.2653968888, -80.883873256;"{""type"": ""Point"", ""coordinates"": [-80.88387325597803, 35.26539688878983]}";Black;Charlotte;Travel Lane;2;8;Rural (<30% Developed);Male;Unknown;0;#NULL!;0;0;Unknown/Missing;No;0;50-59;Motorist Overtaking - Misjudged Space;None;Yes;Yes;Dry;0;Urban;Yes;11JUL2010;0;8:20;Unknown;Missing;Commercial;B: Evident Injury;Yes;Unknown Injury;4114;July;0;Straight - Level;Piedmont;With Traffic;No Control Present;Sunday;Non-Intersection;52;0;Two-Way, Not Divided;2 lanes;0;#NULL!;#NULL!;Smooth Asphalt;#NULL!;No Special Feature;Motorist Overtaking Bicyclist;Local Street;B: Evident Injury;Mecklenburg;Unknown;Clear;#NULL!;11-15 mph;30 - 35  MPH;2010;Daylight;Unknown
35.9861521143, -78.898682699;"{""type"": ""Point"", ""coordinates"": [-78.89868269904389, 35.986152114318145]}";Black;Durham;Travel Lane;2;20;Urban (>70% Developed);Male;Pickup;0;#NULL!;0;0;Hispanic;No;0;60-69;Motorist Drive Out - Right Turn on Red;None;No;No;Dry;0;Urban;No;23JUL2010;0;20:24;Male;No;Commercial;B: Evident Injury;Yes;O: No Injury;4117;July;0;Straight - Bottom;Piedmont;Facing Traffic;Stop And Go Signal;Friday;Intersection;61;0;Two-Way, Divided, Unprotected Median;4 lanes;0;#NULL!;#NULL!;Smooth Asphalt;#NULL!;Four-Way Intersection;Motorist Failed to Yield - Signalized Intersection;Local Street;B: Evident Injury;Durham;25;Clear;#NULL!;26-30 mph;30 - 35  MPH;2010;Dark - Roadway Not Lighted;25-29
35.8500250971, -78.5807525951;"{""type"": ""Point"", ""coordinates"": [-78.58075259510755, 35.85002509706626]}";Black;Raleigh;Sidewalk / Crosswalk / Driveway Crossing;2;17;Urban (>70% Developed);Female;Passenger Car;0;#NULL!;0;0;White;No;0;30-39;Crossing Paths - Intersection - Other / Unknown;None;No;No;Dry;0;Urban;No;28JUN2010;0;17:16;Female;No;Commercial;C: Possible Injury;Yes;O: No Injury;4121;June;0;Straight - Level;Piedmont;Facing Traffic;Stop And Go Signal;Monday;Intersection;30;0;Two-Way, Divided, Unprotected Median;5 lanes;0;#NULL!;#NULL!;Smooth Asphalt;#NULL!;Four-Way Intersection;Crossing Paths - Other Circumstances;Local Street;C: Possible Injury;Wake;33;Clear;#NULL!;0-5 mph;40 - 45  MPH;2010;Daylight;30-39
36.2799672686, -76.2601319081;"{""type"": ""Point"", ""coordinates"": [-76.26013190811638, 36.27996726864609]}";White;None - Rural Crash;Travel Lane;2;9;Mixed (30% To 70% Developed);Male;Passenger Car;0;#NULL!;0;0;White;No;0;11-15;Bicyclist Left Turn - Same Direction;None;No;No;Dry;0;Rural;No;27JUL2010;0;9:35;Male;No;Residential;B: Evident Injury;Yes;O: No Injury;4128;July;0;Straight - Level;Coastal;With Traffic;Double Yellow Line, No Passing Zone;Tuesday;Non-Intersection;15;0;Two-Way, Not Divided;2 lanes;0;#NULL!;#NULL!;Smooth Asphalt;#NULL!;No Special Feature;Bicyclist Left Turn / Merge;State Secondary Route;B: Evident Injury;Pasquotank;18;Clear;#NULL!;41-45 mph;40 - 45  MPH;2010;Daylight;0-19
36.1415021454, -78.9648927277;"{""type"": ""Point"", ""coordinates"": [-78.9648927277011, 36.14150214538831]}";Black;None - Rural Crash;Travel Lane;2;16;Mixed (30% To 70% Developed);Male;Sport Utility;0;#NULL!;0;0;White;No;0;11-15;Bicyclist Ride Through - Sign-Controlled Intersection;None;No;No;Dry;0;Rural;No;28JUL2010;0;16:50;Male;No;Residential;A: Disabling Injury;Yes;O: No Injury;4133;July;0;Straight - Level;Piedmont;With Traffic;Stop Sign;Wednesday;Intersection;14;0;Two-Way, Not Divided;2 lanes;0;#NULL!;#NULL!;Smooth Asphalt;#NULL!;Four-Way Intersection;Bicyclist Failed to Yield - Sign-Controlled Intersection;State Secondary Route;A: Disabling Injury;Durham;34;Clear;#NULL!;31-35 mph;30 - 35  MPH;2010;Daylight;30-39
35.5245320249, -78.6315225931;"{""type"": ""Point"", ""coordinates"": [-78.63152259313905, 35.52453202485943]}";White;None - Rural Crash;Travel Lane;2;19;Rural (<30% Developed);Male;Unknown;0;#NULL!;0;0;Unknown/Missing;No;0;40-49;Motorist Overtaking - Other / Unknown;None;No;No;Dry;0;Rural;Yes;30JUL2010;0;19:46;Unknown;Missing;Farms, Woods, Pastures;B: Evident Injury;Yes;Unknown Injury;4139;July;0;Straight - Level;Coastal;With Traffic;Double Yellow Line, No Passing Zone;Friday;Non-Intersection;47;0;Two-Way, Not Divided;2 lanes;0;#NULL!;#NULL!;Coarse Asphalt;#NULL!;No Special Feature;Motorist Overtaking Bicyclist;State Secondary Route;B: Evident Injury;Johnston;Unknown;Clear;#NULL!;46-50 mph;40 - 45  MPH;2010;Daylight;Unknown
35.4339570092, -78.5286425578;"{""type"": ""Point"", ""coordinates"": [-78.52864255776166, 35.433957009166846]}";White;None - Rural Crash;Travel Lane;2;18;Rural (<30% Developed);Male;Pickup;0;#NULL!;0;0;Black;No;0;6-10;Bicyclist Right Turn - Same Direction;None;No;No;Dry;0;Rural;No;29JUL2010;0;18:22;Male;No;Residential;B: Evident Injury;Yes;O: No Injury;4142;July;0;Straight - Level;Coastal;Facing Traffic;No Control Present;Thursday;Non-Intersection;7;0;Two-Way, Not Divided;2 lanes;0;#NULL!;#NULL!;Coarse Asphalt;#NULL!;Driveway, Private;Bicyclist Right Turn / Merge;State Secondary Route;B: Evident Injury;Johnston;37;Clear;#NULL!;31-35 mph;50 - 55  MPH;2010;Daylight;30-39
35.5460198832, -82.6024937811;"{""type"": ""Point"", ""coordinates"": [-82.60249378113551, 35.54601988324123]}";Unknown/Missing;Asheville;Travel Lane;2;13;Urban (>70% Developed);Male;Unknown;0;#NULL!;0;0;Unknown/Missing;No;0;25-29;Motorist Overtaking - Misjudged Space;None;No;No;Dry;0;Urban;Yes;24JUL2010;0;13:35;Unknown;Missing;Commercial;B: Evident Injury;Yes;Unknown Injury;4155;July;0;Curve - Level;Mountains;With Traffic;No Control Present;Saturday;Non-Intersection;25;0;Two-Way, Not Divided;2 lanes;0;#NULL!;#NULL!;Smooth Asphalt;#NULL!;No Special Feature;Motorist Overtaking Bicyclist;Local Street;B: Evident Injury;Buncombe;Unknown;Clear;#NULL!;36-40 mph;40 - 45  MPH;2010;Daylight;Unknown
35.7752110688, -78.919138694;"{""type"": ""Point"", ""coordinates"": [-78.9191386939639, 35.77521106878061]}";White;None - Rural Crash;Travel Lane;2;18;Mixed (30% To 70% Developed);Male;Passenger Car;0;#NULL!;0;0;Black;No;0;30-39;Motorist Right Turn - Same Direction;None;No;No;Dry;0;Rural;No;03AUG2010;0;18:25;Female;No;Farms, Woods, Pastures;B: Evident Injury;No;O: No Injury;4159;August;0;Straight - Hillcrest;Piedmont;With Traffic;Stop Sign;Tuesday;Intersection-Related;39;0;Two-Way, Not Divided;2 lanes;0;#NULL!;#NULL!;Smooth Asphalt;#NULL!;T-Intersection;Motorist Right Turn / Merge;State Secondary Route;B: Evident Injury;Wake;58;Clear;#NULL!;41-45 mph;40 - 45  MPH;2010;Daylight;50-59