Geo Point;Geo Shape;BikeRace;City;BikePos;NumUnits;CrashHour;Locality;BikeSex;DrvrVehTyp;NumBikesNo;BikeAlcDrg;NumBikesBI;RteInvdCd;DrvrRace;Workzone;NumBikesCi;BikeAgeGrp;CrashType;RdDefects;CrashAlcoh;BikeAlcoho;RdConditio;DstncMiFrm;RuralUrban;HitRun;CrashDate;NumBikesUI;CrashTime;DrvrSex;DrvrAlcoho;Developmen;CrashSevr;AmbulanceR;DrvrInjury;OBJECTID;CrashMonth;NumBikesKi;RdCharacte;Region;BikeDir;TraffCntrl;CrashDay;CrashLoc;BikeAge;NumBikesTo;RdConfig;NumLanes;NumBikesAI;DrvrAlcDrg;OnRoad;RdSurface;Towrd_Rd;RdFeature;CrashGrp;RdClass;BikeInjury;County;DrvrAge;Weather;FrmRd;DrvrEstSpd;SpeedLimit;CrashYear;LightCond;DrvrAgeGrp
35.4545929388, -80.6159771861;"{""type"": ""Point"", ""coordinates"": [-80.61597718605468, 35.45459293881537]}";Black;Kannapolis;Travel Lane;2;10;Rural (<30% Developed);Male;Passenger Car;0;#NULL!;0;0;White;No;0;40-49;Motorist Overtaking - Other / Unknown;None;No;No;Dry;0;Urban;No;16JUL2010;0;10:59;Female;No;Residential;C: Possible Injury;No;O: No Injury;4164;July;0;Straight - Level;Piedmont;With Traffic;No Control Present;Friday;Non-Intersection;42;0;Two-Way, Divided, Unprotected Median;2 lanes;0;#NULL!;#NULL!;Smooth Asphalt;#NULL!;No Special Feature;Motorist Overtaking Bicyclist;Local Street;C: Possible Injury;Cabarrus;20;Clear;#NULL!;21-25 mph;40 - 45  MPH;2010;Daylight;20-24
35.7373000774, -78.4443525479;"{""type"": ""Point"", ""coordinates"": [-78.44435254794774, 35.73730007736357]}";White;None - Rural Crash;Travel Lane;2;18;Rural (<30% Developed);Male;Passenger Car;0;#NULL!;0;0;White;No;0;40-49;Motorist Right Turn - Same Direction;None;No;No;Dry;0;Rural;Yes;05AUG2010;0;18:30;Male;No;Residential;C: Possible Injury;No;O: No Injury;4166;August;0;Straight - Level;Piedmont;With Traffic;Stop Sign;Thursday;Intersection;41;0;Two-Way, Not Divided;2 lanes;0;#NULL!;#NULL!;Smooth Asphalt;#NULL!;Four-Way Intersection;Motorist Right Turn / Merge;State Secondary Route;C: Possible Injury;Wake;25;Cloudy;#NULL!;16-20 mph;50 - 55  MPH;2010;Daylight;25-29
36.0885921044, -79.7741829686;"{""type"": ""Point"", ""coordinates"": [-79.77418296858728, 36.08859210438519]}";Black;Greensboro;Sidewalk / Crosswalk / Driveway Crossing;2;12;Urban (>70% Developed);Male;Sport Utility;0;#NULL!;0;0;Black;No;0;50-59;Bicyclist Ride Through - Sign-Controlled Intersection;None;No;No;Dry;0;Urban;No;27JUL2010;0;12:32;Male;No;Commercial;C: Possible Injury;Yes;C: Possible Injury;4168;July;0;Curve - Hillcrest;Piedmont;Facing Traffic;Yield Sign;Tuesday;Intersection;58;0;Two-Way, Divided, Unprotected Median;6 lanes;0;#NULL!;#NULL!;Smooth Asphalt;#NULL!;On or Off Ramp;Bicyclist Failed to Yield - Sign-Controlled Intersection;Local Street;C: Possible Injury;Guilford;21;Clear;#NULL!;16-20 mph;30 - 35  MPH;2010;Daylight;20-24
35.6093710872, -77.3668722134;"{""type"": ""Point"", ""coordinates"": [-77.36687221335328, 35.60937108718206]}";White;Greenville;Bike Lane / Paved Shoulder;2;19;Urban (>70% Developed);Male;Sport Utility;0;#NULL!;0;0;White;No;0;40-49;Motorist Left Turn - Opposite Direction;None;No;No;Dry;0;Urban;No;22APR2010;0;19:22;Male;No;Residential;C: Possible Injury;Yes;O: No Injury;4185;April;0;Straight - Level;Coastal;With Traffic;No Control Present;Thursday;Non-Intersection;42;0;Two-Way, Not Divided;2 lanes;0;#NULL!;#NULL!;Coarse Asphalt;#NULL!;Bridge;Motorist Left Turn / Merge;Local Street;C: Possible Injury;Pitt;24;Clear;#NULL!;6-10 mph;20 - 25  MPH;2010;Daylight;20-24
35.1253368565, -80.9435032663;"{""type"": ""Point"", ""coordinates"": [-80.9435032662686, 35.125336856485816]}";White;Charlotte;Sidewalk / Crosswalk / Driveway Crossing;2;16;Urban (>70% Developed);Male;Sport Utility;0;#NULL!;0;0;Black;No;0;25-29;Motorist Drive Out - Commercial Driveway / Alley;None;No;No;Dry;0;Urban;No;13SEP2007;0;16:37;Male;No;Commercial;C: Possible Injury;Yes;O: No Injury;6863;September;0;Straight - Level;Piedmont;Facing Traffic;Stop Sign;Thursday;Non-Intersection;28;0;Two-Way, Divided, Positive Median Barrier;4 lanes;0;#NULL!;#NULL!;Smooth Asphalt;#NULL!;No Special Feature;Motorist Failed to Yield - Midblock;NC Route;C: Possible Injury;Mecklenburg;43;Clear;#NULL!;0-5 mph;5 - 15 MPH;2007;Daylight;40-49
35.2094568821, -80.7447532113;"{""type"": ""Point"", ""coordinates"": [-80.74475321130521, 35.209456882058554]}";Black;Charlotte;Non-Roadway;2;16;Urban (>70% Developed);Male;Passenger Car;0;#NULL!;0;0;Black;No;0;0-5;Non-Roadway;None;No;No;Dry;0;Urban;No;28MAY2007;0;16:35;Female;No;Residential;C: Possible Injury;No;O: No Injury;6865;May;0;Straight - Level;Piedmont;Unknown;No Control Present;Monday;Non-Roadway;4;0;Two-Way, Not Divided;2 lanes;0;#NULL!;#NULL!;Smooth Asphalt;#NULL!;No Special Feature;Non-Roadway;Public Vehicular Area;C: Possible Injury;Mecklenburg;30;Clear;#NULL!;0-5 mph;5 - 15 MPH;2007;Daylight;30-39
35.5884268947, -82.5517937693;"{""type"": ""Point"", ""coordinates"": [-82.55179376933745, 35.5884268946798]}";White;Asheville;Travel Lane;2;18;Urban (>70% Developed);Male;Passenger Car;0;#NULL!;0;0;White;No;0;30-39;Motorist Left Turn - Opposite Direction;None;No;No;Dry;0;Urban;No;09JUN2007;0;18:44;Female;No;Commercial;B: Evident Injury;No;O: No Injury;6868;June;0;Straight - Grade;Mountains;With Traffic;Stop And Go Signal;Saturday;Intersection;38;0;Two-Way, Not Divided;4 lanes;0;#NULL!;#NULL!;Smooth Asphalt;#NULL!;Related To Intersection;Motorist Left Turn / Merge;US Route;B: Evident Injury;Buncombe;70+;Clear;#NULL!;0-5 mph;30 - 35  MPH;2007;Daylight;70+
35.9395471428, -77.8019823633;"{""type"": ""Point"", ""coordinates"": [-77.80198236334984, 35.93954714280914]}";Black;Rocky Mount;Travel Lane;2;15;Urban (>70% Developed);Male;Van;0;#NULL!;0;0;Unknown/Missing;No;0;40-49;Bicyclist Overtaking - Parked Vehicle;None;No;No;Dry;0;Urban;No;09JUN2007;0;15:04;Unknown;Missing;Residential;C: Possible Injury;Yes;Unknown Injury;6869;June;0;Straight - Level;Coastal;With Traffic;No Control Present;Saturday;Non-Intersection;47;0;Two-Way, Not Divided;2 lanes;0;#NULL!;#NULL!;Smooth Asphalt;#NULL!;No Special Feature;Bicyclist Overtaking Motorist;Local Street;C: Possible Injury;Nash;Unknown;Clear;#NULL!;Unknown;20 - 25  MPH;2007;Daylight;Unknown
35.3402889096, -80.7660482246;"{""type"": ""Point"", ""coordinates"": [-80.76604822456089, 35.340288909635895]}";White;Charlotte;Bike Lane / Paved Shoulder;2;15;Urban (>70% Developed);Male;Passenger Car;0;#NULL!;0;0;White;No;0;25-29;Motorist Turning Error - Right Turn;None;No;No;Dry;0;Urban;No;14SEP2007;0;15:45;Male;No;Commercial;B: Evident Injury;Yes;O: No Injury;6871;September;0;Straight - Level;Piedmont;Facing Traffic;No Control Present;Friday;Non-Intersection;29;0;Two-Way, Divided, Positive Median Barrier;3 lanes;0;#NULL!;#NULL!;Smooth Asphalt;#NULL!;Driveway, Public;Loss of Control / Turning Error;Local Street;B: Evident Injury;Mecklenburg;42;Cloudy;#NULL!;6-10 mph;40 - 45  MPH;2007;Daylight;40-49
35.7642970719, -78.7679426475;"{""type"": ""Point"", ""coordinates"": [-78.76794264749054, 35.76429707187576]}";White;Cary;Travel Lane;2;18;Urban (>70% Developed);Male;Passenger Car;0;#NULL!;0;0;Black;No;0;11-15;Crossing Paths - Intersection - Other / Unknown;None;No;No;Dry;0;Urban;No;16SEP2007;0;18:26;Female;No;Residential;B: Evident Injury;Yes;O: No Injury;6878;September;0;Curve - Hillcrest;Piedmont;Unknown;No Control Present;Sunday;Intersection;11;0;Two-Way, Not Divided;Unknown;0;#NULL!;#NULL!;Coarse Asphalt;#NULL!;T-Intersection;Crossing Paths - Other Circumstances;State Secondary Route;B: Evident Injury;Wake;51;Clear;#NULL!;16-20 mph;20 - 25  MPH;2007;Daylight;50-59
36.0869871138, -79.5120568901;"{""type"": ""Point"", ""coordinates"": [-79.5120568900866, 36.08698711379849]}";White;Elon College;Travel Lane;2;14;Mixed (30% To 70% Developed);Male;Passenger Car;0;#NULL!;0;0;White;No;0;11-15;Bicyclist Left Turn - Same Direction;Unknown;No;No;Unknown;0;Urban;No;11JUN2007;0;14:50;Female;No;Residential;B: Evident Injury;Yes;O: No Injury;6880;June;0;Straight - Level;Piedmont;With Traffic;Stop Sign;Monday;Intersection;13;0;Two-Way, Divided, Unprotected Median;2 lanes;0;#NULL!;#NULL!;Smooth Asphalt;#NULL!;No Special Feature;Bicyclist Left Turn / Merge;Local Street;B: Evident Injury;Alamance;16;Clear;#NULL!;36-40 mph;30 - 35  MPH;2007;Daylight;0-19
35.2841938949, -80.8355832422;"{""type"": ""Point"", ""coordinates"": [-80.83558324224805, 35.284193894899374]}";White;Charlotte;Travel Lane;2;6;Mixed (30% To 70% Developed);Male;Passenger Car;0;#NULL!;0;0;Black;Yes;0;50-59;Motorist Left Turn - Opposite Direction;Work Zone;No;No;Dry;0;Urban;No;17SEP2007;0;6:19;Male;No;Commercial;B: Evident Injury;Yes;O: No Injury;6887;September;0;Straight - Level;Piedmont;With Traffic;No Control Present;Monday;Intersection;56;0;Two-Way, Not Divided;2 lanes;0;#NULL!;#NULL!;Coarse Asphalt;#NULL!;T-Intersection;Motorist Left Turn / Merge;Local Street;B: Evident Injury;Mecklenburg;62;Clear;#NULL!;0-5 mph;40 - 45  MPH;2007;Dark - Lighted Roadway;60-69
35.2772588951, -80.7782092253;"{""type"": ""Point"", ""coordinates"": [-80.77820922533004, 35.27725889512636]}";Hispanic;Charlotte;Travel Lane;2;17;Urban (>70% Developed);Male;Passenger Car;0;#NULL!;0;0;Black;No;0;11-15;Motorist Drive Through - Sign-Controlled Intersection;None;No;No;Dry;0;Urban;No;18SEP2007;0;17:58;Female;No;Residential;B: Evident Injury;Yes;O: No Injury;6893;September;0;Straight - Level;Piedmont;Unknown;No Control Present;Tuesday;Intersection;14;0;Two-Way, Not Divided;1 lane;0;#NULL!;#NULL!;Smooth Asphalt;#NULL!;No Special Feature;Motorist Failed to Yield - Sign-Controlled Intersection;Local Street;B: Evident Injury;Mecklenburg;57;Clear;#NULL!;26-30 mph;30 - 35  MPH;2007;Daylight;50-59
35.7564770757, -78.6125426;"{""type"": ""Point"", ""coordinates"": [-78.61254260002349, 35.75647707569399]}";Unknown/Missing;Raleigh;Unknown;2;16;Urban (>70% Developed);Unknown;Light Truck (Mini-Van, Panel);0;#NULL!;0;0;White;No;0;11-15;Motorist Drive Out - Right Turn on Red;None;No;No;Dry;0;Urban;No;17JUN2007;0;16:47;Female;No;Commercial;O: No Injury;No;O: No Injury;6899;June;0;Straight - Hillcrest;Piedmont;Facing Traffic;Stop And Go Signal;Sunday;Intersection;15;0;One-Way, Not Divided;1 lane;0;#NULL!;#NULL!;Smooth Asphalt;#NULL!;On or Off Ramp;Motorist Failed to Yield - Signalized Intersection;Local Street;Unknown Injury;Wake;54;Clear;#NULL!;Unknown;40 - 45  MPH;2007;Daylight;50-59
35.7187269193, -82.6028337912;"{""type"": ""Point"", ""coordinates"": [-82.60283379116991, 35.71872691928494]}";Hispanic;None - Rural Crash;Travel Lane;2;19;Urban (>70% Developed);Female;Unknown;0;#NULL!;0;0;Unknown/Missing;No;0;11-15;Non-Roadway;None;No;No;Dry;0;Rural;Yes;22JUN2007;0;19:15;Unknown;No;Residential;B: Evident Injury;Yes;Unknown Injury;6906;June;0;Straight - Grade;Mountains;Unknown;No Control Present;Friday;Non-Roadway;11;0;Two-Way, Not Divided;2 lanes;0;#NULL!;#NULL!;Smooth Asphalt;#NULL!;Driveway, Public;Non-Roadway;Public Vehicular Area;B: Evident Injury;Buncombe;17;Clear;#NULL!;11-15 mph;5 - 15 MPH;2007;Daylight;0-19
35.6598499754, -80.8021132533;"{""type"": ""Point"", ""coordinates"": [-80.80211325334324, 35.65984997537519]}";White;None - Rural Crash;Travel Lane;2;21;Rural (<30% Developed);Male;Van;0;#NULL!;0;0;White;No;0;20-24;Motorist Overtaking - Undetected Bicyclist;None;No;No;Dry;0;Rural;No;23JUN2007;0;21:10;Female;No;Farms, Woods, Pastures;O: No Injury;No;O: No Injury;6914;June;0;Straight - Level;Piedmont;With Traffic;Double Yellow Line, No Passing Zone;Saturday;Non-Intersection;22;0;Two-Way, Not Divided;2 lanes;0;#NULL!;#NULL!;Coarse Asphalt;#NULL!;No Special Feature;Motorist Overtaking Bicyclist;State Secondary Route;O: No Injury;Iredell;50;Clear;#NULL!;51-55 mph;50 - 55  MPH;2007;Dark - Roadway Not Lighted;50-59
35.2097698776, -80.8740572507;"{""type"": ""Point"", ""coordinates"": [-80.87405725066394, 35.20976987756985]}";Black;Charlotte;Sidewalk / Crosswalk / Driveway Crossing;2;19;Urban (>70% Developed);Male;Passenger Car;0;#NULL!;0;0;Black;No;0;40-49;Motorist Drive Out - Sign-Controlled Intersection;None;No;No;Dry;0;Urban;No;26SEP2007;0;19:56;Male;No;Residential;B: Evident Injury;Yes;O: No Injury;6916;September;0;Straight - Level;Piedmont;With Traffic;No Control Present;Wednesday;Intersection;46;0;Two-Way, Not Divided;2 lanes;0;#NULL!;#NULL!;Concrete;#NULL!;No Special Feature;Motorist Failed to Yield - Sign-Controlled Intersection;Local Street;B: Evident Injury;Mecklenburg;56;Clear;#NULL!;26-30 mph;20 - 25  MPH;2007;Dark - Lighted Roadway;50-59
35.7241510928, -77.9114423853;"{""type"": ""Point"", ""coordinates"": [-77.91144238531216, 35.724151092832315]}";Hispanic;Wilson;Travel Lane;2;12;Urban (>70% Developed);Male;Taxicab;0;#NULL!;0;0;Black;No;0;20-24;Motorist Drive Out - Right Turn on Red;None;No;No;Dry;0;Urban;No;24JUN2007;0;12:30;Male;No;Commercial;B: Evident Injury;Yes;O: No Injury;6923;June;0;Straight - Level;Coastal;With Traffic;Stop And Go Signal;Sunday;Intersection;23;0;Two-Way, Not Divided;3 lanes;0;#NULL!;#NULL!;Coarse Asphalt;#NULL!;Four-Way Intersection;Motorist Failed to Yield - Signalized Intersection;Local Street;B: Evident Injury;Wilson;70+;Clear;#NULL!;0-5 mph;30 - 35  MPH;2007;Daylight;70+
35.7105069681, -81.2947934036;"{""type"": ""Point"", ""coordinates"": [-81.2947934036167, 35.71050696805486]}";White;Hickory;Travel Lane;2;19;Urban (>70% Developed);Male;Passenger Car;0;#NULL!;0;0;White;No;0;20-24;Motorist Drive Out - Sign-Controlled Intersection;None;No;No;Dry;0;Urban;No;25JUN2007;0;19:12;Female;No;Commercial;O: No Injury;Yes;O: No Injury;6927;June;0;Straight - Grade;Piedmont;Facing Traffic;Stop Sign;Monday;Intersection;24;0;Two-Way, Divided, Positive Median Barrier;6 lanes;0;#NULL!;#NULL!;Smooth Asphalt;#NULL!;No Special Feature;Motorist Failed to Yield - Sign-Controlled Intersection;Local Street;O: No Injury;Catawba;43;Cloudy;#NULL!;0-5 mph;40 - 45  MPH;2007;Daylight;40-49
35.3418039103, -80.7544232211;"{""type"": ""Point"", ""coordinates"": [-80.75442322111186, 35.34180391030289]}";Unknown/Missing;Charlotte;Travel Lane;2;18;Urban (>70% Developed);Unknown;Sport Utility;0;#NULL!;0;0;Black;No;0;Unknown;Motorist Drive Out - Sign-Controlled Intersection;None;No;No;Dry;0;Urban;No;02OCT2007;0;18:13;Female;No;Residential;O: No Injury;Yes;O: No Injury;6938;October;0;Straight - Level;Piedmont;Facing Traffic;Stop Sign;Tuesday;Intersection;Unknown;0;Two-Way, Divided, Unprotected Median;2 lanes;0;#NULL!;#NULL!;Smooth Asphalt;#NULL!;No Special Feature;Motorist Failed to Yield - Sign-Controlled Intersection;Local Street;Unknown Injury;Mecklenburg;49;Clear;#NULL!;0-5 mph;30 - 35  MPH;2007;Daylight;40-49
36.0493621281, -78.9050777038;"{""type"": ""Point"", ""coordinates"": [-78.90507770381778, 36.0493621280532]}";Black;Durham;Non-Roadway;2;16;Urban (>70% Developed);Male;Passenger Car;0;#NULL!;0;0;Black;No;0;11-15;Non-Roadway;Obstruction In Roadway;No;No;Dry;0;Urban;No;03OCT2007;0;16:20;Male;No;Commercial;C: Possible Injury;No;O: No Injury;6945;October;0;Straight - Level;Piedmont;Unknown;No Control Present;Wednesday;Non-Roadway;14;0;Two-Way, Not Divided;Unknown;0;#NULL!;#NULL!;Smooth Asphalt;#NULL!;Driveway, Public;Non-Roadway;Public Vehicular Area;C: Possible Injury;Durham;38;Clear;#NULL!;6-10 mph;5 - 15 MPH;2007;Daylight;30-39
35.5655670899, -76.9848320939;"{""type"": ""Point"", ""coordinates"": [-76.98483209394858, 35.56556708993124]}";White;None - Rural Crash;Travel Lane;2;11;Rural (<30% Developed);Male;Passenger Car;0;#NULL!;0;0;White;No;0;50-59;Motorist Overtaking - Other / Unknown;None;No;No;Dry;0;Rural;No;30JUN2007;0;11:24;Male;No;Residential;B: Evident Injury;Yes;O: No Injury;6947;June;0;Straight - Level;Coastal;With Traffic;Double Yellow Line, No Passing Zone;Saturday;Non-Intersection;51;0;Two-Way, Not Divided;2 lanes;0;#NULL!;#NULL!;Smooth Asphalt;#NULL!;No Special Feature;Motorist Overtaking Bicyclist;State Secondary Route;B: Evident Injury;Beaufort;70+;Clear;#NULL!;31-35 mph;50 - 55  MPH;2007;Daylight;70+
35.4106709213, -80.8428992515;"{""type"": ""Point"", ""coordinates"": [-80.84289925147294, 35.41067092134218]}";White;Huntersville;Travel Lane;2;7;Urban (>70% Developed);Male;Single Unit Truck (3 Or More Axles);0;#NULL!;0;0;White;No;0;30-39;Bicyclist Lost Control - Mechanical Problems;None;No;No;Dry;0;Urban;No;22AUG2007;0;7:44;Male;No;Commercial;B: Evident Injury;Yes;O: No Injury;6948;August;0;Straight - Level;Piedmont;With Traffic;Stop And Go Signal;Wednesday;Non-Intersection;37;0;Two-Way, Not Divided;2 lanes;0;#NULL!;#NULL!;Smooth Asphalt;#NULL!;Four-Way Intersection;Loss of Control / Turning Error;Local Street;B: Evident Injury;Mecklenburg;58;Clear;#NULL!;6-10 mph;20 - 25  MPH;2007;Daylight;50-59
35.0464669114, -78.9219626562;"{""type"": ""Point"", ""coordinates"": [-78.92196265618522, 35.046466911442145]}";Black;Fayetteville;Travel Lane;2;17;Urban (>70% Developed);Female;Passenger Car;0;#NULL!;0;0;Black;No;0;11-15;Motorist Drive Out - Commercial Driveway / Alley;None;No;No;Wet;0;Urban;No;30JUN2007;0;17:01;Female;No;Commercial;B: Evident Injury;Yes;O: No Injury;6950;June;0;Straight - Level;Coastal;Facing Traffic;Stop Sign;Saturday;Non-Intersection;13;0;Two-Way, Not Divided;2 lanes;0;#NULL!;#NULL!;Coarse Asphalt;#NULL!;No Special Feature;Motorist Failed to Yield - Midblock;Local Street;B: Evident Injury;Cumberland;26;Cloudy;#NULL!;0-5 mph;30 - 35  MPH;2007;Daylight;25-29
35.6617769881, -80.4794831576;"{""type"": ""Point"", ""coordinates"": [-80.47948315758326, 35.661776988081144]}";White;Salisbury;Travel Lane;2;17;Urban (>70% Developed);Male;Passenger Car;0;#NULL!;0;0;White;No;0;40-49;Bicyclist Ride Through - Sign-Controlled Intersection;None;No;No;Dry;0;Urban;No;04OCT2007;0;17:30;Female;No;Residential;B: Evident Injury;No;O: No Injury;6951;October;0;Straight - Level;Piedmont;With Traffic;Stop Sign;Thursday;Intersection;48;0;Two-Way, Not Divided;2 lanes;0;#NULL!;#NULL!;Smooth Asphalt;#NULL!;T-Intersection;Bicyclist Failed to Yield - Sign-Controlled Intersection;Local Street;B: Evident Injury;Rowan;32;Cloudy;#NULL!;11-15 mph;30 - 35  MPH;2007;Daylight;30-39
35.9512471073, -78.8897726936;"{""type"": ""Point"", ""coordinates"": [-78.8897726935862, 35.951247107313584]}";Black;Durham;Bike Lane / Paved Shoulder;2;7;Mixed (30% To 70% Developed);Male;Light Truck (Mini-Van, Panel);0;#NULL!;0;0;Black;No;0;11-15;Motorist Overtaking - Other / Unknown;None;No;No;Dry;0;Urban;No;04OCT2007;0;7:16;Male;No;Commercial;C: Possible Injury;Yes;O: No Injury;6953;October;0;Straight - Level;Piedmont;With Traffic;No Control Present;Thursday;Non-Intersection;13;0;Two-Way, Divided, Positive Median Barrier;4 lanes;0;#NULL!;#NULL!;Smooth Asphalt;#NULL!;No Special Feature;Motorist Overtaking Bicyclist;NC Route;C: Possible Injury;Durham;64;Clear;#NULL!;41-45 mph;40 - 45  MPH;2007;Dawn;60-69
35.9534791461, -77.7930423609;"{""type"": ""Point"", ""coordinates"": [-77.79304236091366, 35.95347914607181]}";Black;Rocky Mount;Travel Lane;2;4;Urban (>70% Developed);Male;Unknown;0;#NULL!;0;0;Unknown/Missing;No;0;40-49;Motorist Drive Out - Commercial Driveway / Alley;None;No;No;Dry;0;Urban;Yes;01JUL2007;0;4:42;Unknown;No;Residential;B: Evident Injury;No;Unknown Injury;6959;July;0;Straight - Level;Coastal;With Traffic;No Control Present;Sunday;Non-Intersection;44;0;Two-Way, Not Divided;2 lanes;0;#NULL!;#NULL!;Smooth Asphalt;#NULL!;No Special Feature;Motorist Failed to Yield - Midblock;Local Street;B: Evident Injury;Nash;Unknown;Cloudy;#NULL!;0-5 mph;30 - 35  MPH;2007;Daylight;Unknown
34.7245209135, -76.7367879777;"{""type"": ""Point"", ""coordinates"": [-76.73678797769851, 34.72452091354415]}";White;Morehead City;Travel Lane;2;15;Urban (>70% Developed);Male;Sport Utility;0;#NULL!;0;0;White;No;0;20-24;Motorist Drive Out - Sign-Controlled Intersection;None;No;No;Dry;0;Urban;No;02JUL2007;0;15:09;Male;No;Commercial;C: Possible Injury;Yes;O: No Injury;6962;July;0;Straight - Hillcrest;Coastal;Facing Traffic;No Control Present;Monday;Intersection;23;0;Two-Way, Not Divided;3 lanes;0;#NULL!;#NULL!;Coarse Asphalt;#NULL!;No Special Feature;Motorist Failed to Yield - Sign-Controlled Intersection;Local Street;C: Possible Injury;Carteret;70+;Clear;#NULL!;0-5 mph;30 - 35  MPH;2007;Daylight;70+
34.777293903, -77.426952191;"{""type"": ""Point"", ""coordinates"": [-77.42695219095447, 34.77729390303047]}";Hispanic;Jacksonville;Sidewalk / Crosswalk / Driveway Crossing;2;14;Urban (>70% Developed);Male;Passenger Car;0;#NULL!;0;0;Black;No;0;16-19;Bicyclist Failed to Clear - Trapped;None;No;No;Dry;0;Urban;No;03JUL2007;0;14:13;Female;No;Commercial;C: Possible Injury;No;O: No Injury;6966;July;0;Straight - Level;Coastal;With Traffic;Stop And Go Signal;Tuesday;Intersection;17;0;Two-Way, Not Divided;5 lanes;0;#NULL!;#NULL!;Smooth Asphalt;#NULL!;Four-Way Intersection;Bicyclist Failed to Yield - Signalized Intersection;Local Street;C: Possible Injury;Onslow;50;Cloudy;#NULL!;31-35 mph;30 - 35  MPH;2007;Daylight;50-59
35.5751301419, -75.4663256292;"{""type"": ""Point"", ""coordinates"": [-75.4663256292001, 35.575130141913505]}";White;None - Rural Crash;Non-Roadway;2;13;Urban (>70% Developed);Male;Sport Utility;0;#NULL!;0;0;White;No;0;0-5;Non-Roadway;None;No;No;Dry;0;Rural;No;06JUL2007;0;13:40;Male;No;Commercial;B: Evident Injury;Yes;O: No Injury;6973;July;0;Straight - Level;Coastal;Unknown;No Control Present;Friday;Non-Roadway;5;0;Two-Way, Not Divided;Unknown;0;#NULL!;#NULL!;Smooth Asphalt;#NULL!;Driveway, Public;Non-Roadway;Public Vehicular Area;B: Evident Injury;Dare;61;Clear;#NULL!;0-5 mph;Unknown;2007;Daylight;60-69
35.2349239491, -79.0197226954;"{""type"": ""Point"", ""coordinates"": [-79.01972269537485, 35.234923949113465]}";White;None - Rural Crash;Unknown;2;3;Rural (<30% Developed);Male;Sport Utility;0;#NULL!;0;0;White;No;0;16-19;Bicyclist Ride Out - Other Midblock;None;No;No;Dry;0;Rural;No;06JUL2007;0;3:32;Male;No;Farms, Woods, Pastures;K: Killed;Yes;O: No Injury;6974;July;0;Straight - Level;Coastal;Not Applicable;No Control Present;Friday;Non-Intersection;19;0;Two-Way, Divided, Unprotected Median;4 lanes;0;#NULL!;#NULL!;Coarse Asphalt;#NULL!;No Special Feature;Bicyclist Failed to Yield - Midblock;NC Route;K: Killed;Harnett;43;Clear;#NULL!;51-55 mph;50 - 55  MPH;2007;Dark - Roadway Not Lighted;40-49
35.8201441011, -78.2678424982;"{""type"": ""Point"", ""coordinates"": [-78.2678424981874, 35.820144101136904]}";White;Zebulon;Bike Lane / Paved Shoulder;2;8;Rural (<30% Developed);Male;Passenger Car;0;#NULL!;0;0;Unknown/Missing;No;0;30-39;Motorist Overtaking - Other / Unknown;None;No;No;Dry;0;Rural;No;23MAY2007;0;8:00;Male;No;Commercial;B: Evident Injury;No;Unknown Injury;6978;May;0;Straight - Level;Piedmont;With Traffic;No Control Present;Wednesday;Non-Intersection;35;0;Two-Way, Not Divided;2 lanes;0;#NULL!;#NULL!;Coarse Asphalt;#NULL!;No Special Feature;Motorist Overtaking Bicyclist;US Route;B: Evident Injury;Wake;25;Clear;#NULL!;Unknown;30 - 35  MPH;2007;Daylight;25-29
35.8124840452, -79.8034929623;"{""type"": ""Point"", ""coordinates"": [-79.80349296234081, 35.812484045181996]}";White;Randleman;Travel Lane;2;13;Urban (>70% Developed);Male;Passenger Car;0;#NULL!;0;0;White;No;0;30-39;Motorist Drive Out - Commercial Driveway / Alley;None;No;No;Dry;0;Rural;No;08OCT2007;0;13:07;Female;No;Commercial;B: Evident Injury;Yes;O: No Injury;6982;October;0;Straight - Level;Piedmont;With Traffic;No Control Present;Monday;Non-Intersection;36;0;Two-Way, Not Divided;3 lanes;0;#NULL!;#NULL!;Smooth Asphalt;#NULL!;Driveway, Public;Motorist Failed to Yield - Midblock;US Route;B: Evident Injury;Randolph;19;Clear;#NULL!;0-5 mph;30 - 35  MPH;2007;Daylight;0-19
33.9165166779, -78.4920324717;"{""type"": ""Point"", ""coordinates"": [-78.49203247172478, 33.91651667790788]}";White;None - Rural Crash;Travel Lane;2;12;Mixed (30% To 70% Developed);Male;Passenger Car;0;#NULL!;0;0;White;No;0;40-49;Motorist Right Turn - Same Direction;None;No;No;Dry;0;Rural;No;09JUL2007;0;12:00;Female;No;Commercial;O: No Injury;No;O: No Injury;6983;July;0;Straight - Level;Coastal;With Traffic;Stop And Go Signal;Monday;Intersection;49;0;Two-Way, Not Divided;2 lanes;0;#NULL!;#NULL!;Smooth Asphalt;#NULL!;Four-Way Intersection;Motorist Right Turn / Merge;NC Route;O: No Injury;Brunswick;69;Cloudy;#NULL!;11-15 mph;50 - 55  MPH;2007;Daylight;60-69
35.7385269719, -81.3356534172;"{""type"": ""Point"", ""coordinates"": [-81.33565341724923, 35.738526971922525]}";White;Hickory;Travel Lane;2;12;Urban (>70% Developed);Male;Passenger Car;0;#NULL!;0;0;White;No;0;30-39;Motorist Left Turn - Opposite Direction;None;No;No;Dry;0;Urban;No;10JUL2007;0;12:14;Female;No;Commercial;B: Evident Injury;Yes;O: No Injury;6986;July;0;Straight - Level;Piedmont;With Traffic;Stop And Go Signal;Tuesday;Intersection;33;0;Two-Way, Not Divided;3 lanes;0;#NULL!;#NULL!;Coarse Asphalt;#NULL!;Four-Way Intersection;Motorist Left Turn / Merge;Local Street;B: Evident Injury;Catawba;70+;Cloudy;#NULL!;0-5 mph;30 - 35  MPH;2007;Daylight;70+