Geo Point;Geo Shape;BikeRace;City;BikePos;NumUnits;CrashHour;Locality;BikeSex;DrvrVehTyp;NumBikesNo;BikeAlcDrg;NumBikesBI;RteInvdCd;DrvrRace;Workzone;NumBikesCi;BikeAgeGrp;CrashType;RdDefects;CrashAlcoh;BikeAlcoho;RdConditio;DstncMiFrm;RuralUrban;HitRun;CrashDate;NumBikesUI;CrashTime;DrvrSex;DrvrAlcoho;Developmen;CrashSevr;AmbulanceR;DrvrInjury;OBJECTID;CrashMonth;NumBikesKi;RdCharacte;Region;BikeDir;TraffCntrl;CrashDay;CrashLoc;BikeAge;NumBikesTo;RdConfig;NumLanes;NumBikesAI;DrvrAlcDrg;OnRoad;RdSurface;Towrd_Rd;RdFeature;CrashGrp;RdClass;BikeInjury;County;DrvrAge;Weather;FrmRd;DrvrEstSpd;SpeedLimit;CrashYear;LightCond;DrvrAgeGrp
36.0296242345, -75.6667017125;"{""type"": ""Point"", ""coordinates"": [-75.6667017124801, 36.02962423446397]}";White;Kill Devil Hills;Multi-use Path;2;12;Urban (>70% Developed);Female;Passenger Car;0;#NULL!;0;0;White;No;0;20-24;Motorist Drive Out - Sign-Controlled Intersection;None;No;No;Dry;0;Urban;No;11JUL2007;0;12:55;Male;No;Residential;C: Possible Injury;Yes;O: No Injury;6988;July;0;Straight - Level;Coastal;Facing Traffic;Stop Sign;Wednesday;Intersection;20;0;Two-Way, Not Divided;2 lanes;0;#NULL!;#NULL!;Coarse Asphalt;#NULL!;T-Intersection;Motorist Failed to Yield - Sign-Controlled Intersection;Local Street;C: Possible Injury;Dare;54;Clear;#NULL!;0-5 mph;30 - 35  MPH;2007;Daylight;50-59
35.77861708, -78.614602601;"{""type"": ""Point"", ""coordinates"": [-78.61460260096877, 35.77861707996731]}";Hispanic;Raleigh;Travel Lane;2;19;Urban (>70% Developed);Male;Passenger Car;0;#NULL!;0;0;Black;No;0;11-15;Bicyclist Ride Through - Sign-Controlled Intersection;None;No;No;Dry;0;Urban;No;13JUL2007;0;19:20;Male;No;Residential;O: No Injury;No;O: No Injury;6996;July;0;Straight - Grade;Piedmont;With Traffic;Stop Sign;Friday;Intersection;13;0;Two-Way, Not Divided;4 lanes;0;#NULL!;#NULL!;Smooth Asphalt;#NULL!;T-Intersection;Bicyclist Failed to Yield - Sign-Controlled Intersection;Local Street;O: No Injury;Wake;66;Clear;#NULL!;21-25 mph;30 - 35  MPH;2007;Daylight;60-69
35.2444868752, -81.1377033303;"{""type"": ""Point"", ""coordinates"": [-81.1377033303134, 35.24448687519335]}";Black;Gastonia;Travel Lane;2;17;Urban (>70% Developed);Male;Passenger Car;0;#NULL!;0;0;White;No;0;60-69;Motorist Drive Out - Residential Driveway;None;No;No;Dry;0;Urban;No;16OCT2011;0;17:36;Male;No;Residential;B: Evident Injury;No;O: No Injury;3536;October;0;Straight - Level;Piedmont;Facing Traffic;No Control Present;Sunday;Non-Intersection;63;0;Two-Way, Divided, Unprotected Median;4 lanes;0;#NULL!;#NULL!;Smooth Asphalt;#NULL!;Driveway, Private;Motorist Failed to Yield - Midblock;NC Route;B: Evident Injury;Gaston;70+;Clear;#NULL!;Unknown;40 - 45  MPH;2011;Daylight;70+
35.2139368817, -80.7713032195;"{""type"": ""Point"", ""coordinates"": [-80.77130321953128, 35.21393688165338]}";Black;Charlotte;Travel Lane;2;22;Urban (>70% Developed);Male;Unknown;0;#NULL!;0;0;Unknown/Missing;No;0;20-24;Motorist Turning Error - Right Turn;None;No;No;Dry;0;Urban;Yes;26OCT2011;0;22:38;Unknown;Missing;Residential;C: Possible Injury;Yes;Unknown Injury;3545;October;0;Straight - Level;Piedmont;Facing Traffic;No Control Present;Wednesday;Non-Intersection;24;0;Two-Way, Divided, Unprotected Median;6 lanes;0;#NULL!;#NULL!;Smooth Asphalt;#NULL!;No Special Feature;Loss of Control / Turning Error;Local Street;C: Possible Injury;Mecklenburg;Unknown;Clear;#NULL!;16-20 mph;30 - 35  MPH;2011;Dark - Lighted Roadway;Unknown
35.2179568821, -80.7944032263;"{""type"": ""Point"", ""coordinates"": [-80.79440322634227, 35.217956882116646]}";White;Charlotte;Bike Lane / Paved Shoulder;2;15;Urban (>70% Developed);Male;Sport Utility;0;#NULL!;0;0;Black;No;0;30-39;Bicyclist Ride Out - Other Midblock;None;Yes;Yes;Dry;0;Urban;No;11NOV2011;0;15:25;Male;No;Commercial;B: Evident Injury;No;O: No Injury;3549;November;0;Straight - Level;Piedmont;Not Applicable;No Control Present;Friday;Non-Intersection;30;0;Two-Way, Not Divided;4 lanes;0;#NULL!;#NULL!;Smooth Asphalt;#NULL!;T-Intersection;Bicyclist Failed to Yield - Midblock;Local Street;B: Evident Injury;Mecklenburg;57;Clear;#NULL!;31-35 mph;30 - 35  MPH;2011;Daylight;50-59
36.0685770979, -79.8481029902;"{""type"": ""Point"", ""coordinates"": [-79.84810299018187, 36.068577097892614]}";White;Greensboro;Travel Lane;2;21;Urban (>70% Developed);Male;Unknown;0;#NULL!;0;0;White;No;0;50-59;Motorist Overtaking - Misjudged Space;None;No;No;Dry;0;Urban;Yes;26OCT2011;0;21:16;Female;No;Residential;C: Possible Injury;Yes;O: No Injury;3559;October;0;Straight - Grade;Piedmont;With Traffic;No Control Present;Wednesday;Non-Intersection;50;0;Two-Way, Divided, Positive Median Barrier;4 lanes;0;#NULL!;#NULL!;Smooth Asphalt;#NULL!;No Special Feature;Motorist Overtaking Bicyclist;Local Street;C: Possible Injury;Guilford;70+;Clear;#NULL!;36-40 mph;40 - 45  MPH;2011;Dark - Lighted Roadway;70+
36.093167105, -79.7759029693;"{""type"": ""Point"", ""coordinates"": [-79.77590296925075, 36.09316710501579]}";Asian;Greensboro;Driveway / Alley;2;18;Urban (>70% Developed);Male;Passenger Car;0;#NULL!;0;0;White;No;0;6-10;Bicyclist Ride Out - Residential Driveway;None;No;No;Dry;0;Urban;No;25OCT2011;0;18:04;Male;No;Residential;B: Evident Injury;Yes;O: No Injury;3560;October;0;Straight - Hillcrest;Piedmont;Not Applicable;No Control Present;Tuesday;Non-Intersection;7;0;Two-Way, Not Divided;2 lanes;0;#NULL!;#NULL!;Coarse Asphalt;#NULL!;No Special Feature;Bicyclist Failed to Yield - Midblock;Local Street;B: Evident Injury;Guilford;51;Clear;#NULL!;16-20 mph;20 - 25  MPH;2011;Daylight;50-59
35.7904370783, -78.7401026403;"{""type"": ""Point"", ""coordinates"": [-78.74010264027245, 35.79043707826183]}";Unknown/Missing;Raleigh;Travel Lane;2;6;Urban (>70% Developed);Unknown;Passenger Car;0;#NULL!;0;0;Black;No;0;Unknown;Signalized Intersection - Other / Unknown;None;No;Missing;Wet;0;Urban;No;17NOV2011;0;6:45;Male;No;Commercial;O: No Injury;No;O: No Injury;3570;November;0;Straight - Level;Piedmont;Facing Traffic;Stop And Go Signal;Thursday;Intersection;Unknown;0;Two-Way, Divided, Unprotected Median;7 lanes;0;#NULL!;#NULL!;Smooth Asphalt;#NULL!;No Special Feature;Crossing Paths - Other Circumstances;Local Street;Unknown Injury;Wake;58;Rain;#NULL!;6-10 mph;20 - 25  MPH;2011;Daylight;50-59
35.7989670897, -78.4748025599;"{""type"": ""Point"", ""coordinates"": [-78.47480255989952, 35.79896708972292]}";White;Knightdale;Travel Lane;2;8;Mixed (30% To 70% Developed);Male;Passenger Car;0;#NULL!;0;0;Black;No;0;50-59;Motorist Drive Out - Sign-Controlled Intersection;None;No;No;Wet;0;Urban;No;17NOV2011;0;8:06;Female;No;Commercial;B: Evident Injury;Yes;O: No Injury;3571;November;0;Straight - Level;Piedmont;With Traffic;Stop Sign;Thursday;Intersection;55;0;Two-Way, Not Divided;2 lanes;0;#NULL!;#NULL!;Coarse Asphalt;#NULL!;Four-Way Intersection;Motorist Failed to Yield - Sign-Controlled Intersection;Local Street;B: Evident Injury;Wake;17;Rain;#NULL!;0-5 mph;40 - 45  MPH;2011;Daylight;0-19
35.248336887, -80.829203239;"{""type"": ""Point"", ""coordinates"": [-80.82920323897831, 35.24833688701256]}";Hispanic;Charlotte;Travel Lane;2;17;Urban (>70% Developed);Male;Sport Utility;0;#NULL!;0;0;Black;No;0;40-49;Bicyclist Ride Through - Signalized Intersection;None;Yes;Yes;Dry;0;Urban;No;26NOV2011;0;17:45;Female;No;Commercial;B: Evident Injury;Yes;O: No Injury;3582;November;0;Straight - Level;Piedmont;With Traffic;Stop And Go Signal;Saturday;Intersection-Related;46;0;Two-Way, Divided, Unprotected Median;4 lanes;0;#NULL!;#NULL!;Smooth Asphalt;#NULL!;No Special Feature;Bicyclist Failed to Yield - Signalized Intersection;Local Street;B: Evident Injury;Mecklenburg;44;Clear;#NULL!;31-35 mph;30 - 35  MPH;2011;Dark - Lighted Roadway;40-49
35.2156768819, -80.7808032231;"{""type"": ""Point"", ""coordinates"": [-80.78080322309138, 35.21567688192062]}";White;Charlotte;Unknown;2;0;Urban (>70% Developed);Male;Unknown;0;#NULL!;0;0;Unknown/Missing;No;0;40-49;Unknown Approach Paths;Road Surface Condition;Yes;Yes;Wet;0;Urban;Yes;04NOV2011;0;0:32;Unknown;Missing;Commercial;C: Possible Injury;Yes;Unknown Injury;3583;November;0;Straight - Level;Piedmont;Unknown;No Control Present;Friday;Non-Intersection;48;0;Two-Way, Divided, Unprotected Median;4 lanes;0;#NULL!;#NULL!;Smooth Asphalt;#NULL!;No Special Feature;Other / Unknown - Insufficient Details;Local Street;C: Possible Injury;Mecklenburg;Unknown;Rain;#NULL!;41-45 mph;40 - 45  MPH;2011;Dark - Lighted Roadway;Unknown
34.2366967691, -77.8726022996;"{""type"": ""Point"", ""coordinates"": [-77.87260229957617, 34.2366967690734]}";White;Wilmington;Travel Lane;2;10;Urban (>70% Developed);Male;Van;0;#NULL!;0;0;White;No;0;20-24;Bicyclist Ride Out - Signalized  Intersection;None;No;No;Dry;0;Urban;No;04NOV2011;0;10:49;Female;No;Commercial;C: Possible Injury;Yes;O: No Injury;3585;November;0;Straight - Level;Coastal;Not Applicable;Stop And Go Signal;Friday;Intersection-Related;23;0;Two-Way, Not Divided;9 or more lanes;0;#NULL!;#NULL!;Coarse Asphalt;#NULL!;No Special Feature;Bicyclist Failed to Yield - Signalized Intersection;NC Route;C: Possible Injury;New Hanover;29;Cloudy;#NULL!;41-45 mph;40 - 45  MPH;2011;Daylight;25-29
35.8015970742, -78.9133026935;"{""type"": ""Point"", ""coordinates"": [-78.91330269351359, 35.80159707415953]}";Black;Cary;Travel Lane;2;13;Mixed (30% To 70% Developed);Female;Passenger Car;0;#NULL!;0;0;Unknown/Missing;No;0;30-39;Motorist Drive Out - Sign-Controlled Intersection;None;No;No;Dry;0;Urban;No;05NOV2011;0;13:57;Male;No;Residential;B: Evident Injury;Yes;O: No Injury;3587;November;0;Straight - Level;Piedmont;With Traffic;Stop Sign;Saturday;Intersection;39;0;Two-Way, Divided, Unprotected Median;2 lanes;0;#NULL!;#NULL!;Smooth Asphalt;#NULL!;T-Intersection;Motorist Failed to Yield - Sign-Controlled Intersection;State Secondary Route;B: Evident Injury;Wake;17;Clear;#NULL!;16-20 mph;30 - 35  MPH;2011;Daylight;0-19
35.203136881, -80.7440032108;"{""type"": ""Point"", ""coordinates"": [-80.74400321076747, 35.203136881016775]}";Black;Charlotte;Sidewalk / Crosswalk / Driveway Crossing;2;16;Mixed (30% To 70% Developed);Male;Passenger Car;0;#NULL!;0;0;Black;No;0;50-59;Motorist Left Turn - Opposite Direction;None;No;No;Dry;0;Urban;No;30NOV2011;0;16:10;Female;No;Commercial;O: No Injury;No;O: No Injury;3589;November;0;Straight - Level;Piedmont;With Traffic;Stop And Go Signal;Wednesday;Intersection;54;0;Two-Way, Divided, Unprotected Median;6 lanes;0;#NULL!;#NULL!;Smooth Asphalt;#NULL!;Four-Way Intersection;Motorist Left Turn / Merge;Local Street;Unknown Injury;Mecklenburg;50;Clear;#NULL!;11-15 mph;40 - 45  MPH;2011;Daylight;50-59
35.353716933, -80.1826030513;"{""type"": ""Point"", ""coordinates"": [-80.18260305133035, 35.35371693301765]}";Black;Albemarle;Travel Lane;2;23;Urban (>70% Developed);Male;Passenger Car;0;#NULL!;0;0;White;No;0;50-59;Motorist Overtaking - Misjudged Space;None;No;No;Dry;0;Urban;Yes;26JUL2011;0;23:51;Female;No;Residential;O: No Injury;No;O: No Injury;3591;July;0;Straight - Level;Piedmont;With Traffic;No Control Present;Tuesday;Intersection;55;0;Two-Way, Not Divided;Unknown;0;#NULL!;#NULL!;Smooth Asphalt;#NULL!;No Special Feature;Motorist Overtaking Bicyclist;Local Street;O: No Injury;Stanly;26;Cloudy;#NULL!;41-45 mph;30 - 35  MPH;2011;Dark - Lighted Roadway;25-29
34.8634868498, -79.549002836;"{""type"": ""Point"", ""coordinates"": [-79.54900283600726, 34.86348684978464]}";White;None - Rural Crash;Travel Lane;2;15;Rural (<30% Developed);Male;Passenger Car;0;#NULL!;0;0;Black;No;0;40-49;Motorist Overtaking - Undetected Bicyclist;None;No;No;Dry;0;Rural;No;30NOV2011;0;15:41;Female;No;Farms, Woods, Pastures;B: Evident Injury;Yes;O: No Injury;3592;November;0;Straight - Level;Coastal;With Traffic;No Control Present;Wednesday;Non-Intersection;46;0;Two-Way, Not Divided;2 lanes;0;#NULL!;#NULL!;Smooth Asphalt;#NULL!;No Special Feature;Motorist Overtaking Bicyclist;State Secondary Route;B: Evident Injury;Scotland;49;Clear;#NULL!;41-45 mph;50 - 55  MPH;2011;Daylight;40-49
36.1011171206, -79.4122028601;"{""type"": ""Point"", ""coordinates"": [-79.4122028601381, 36.10111712055244]}";Black;Burlington;Travel Lane;2;18;Urban (>70% Developed);Male;Sport Utility;0;#NULL!;0;0;White;No;0;50-59;Motorist Left Turn - Opposite Direction;None;Yes;Yes;Dry;0;Urban;No;07NOV2011;0;18:45;Female;No;Commercial;C: Possible Injury;No;O: No Injury;3594;November;0;Straight - Level;Piedmont;With Traffic;Stop Sign;Monday;Intersection;55;0;Two-Way, Not Divided;4 lanes;0;#NULL!;#NULL!;Coarse Asphalt;#NULL!;Four-Way Intersection;Motorist Left Turn / Merge;Local Street;C: Possible Injury;Alamance;56;Clear;#NULL!;26-30 mph;30 - 35  MPH;2011;Dark - Roadway Not Lighted;50-59
35.9145870936, -79.0658027459;"{""type"": ""Point"", ""coordinates"": [-79.06580274589349, 35.914587093629585]}";Black;Chapel Hill;Travel Lane;2;15;Urban (>70% Developed);Male;Sport Utility;0;#NULL!;0;0;Black;No;0;6-10;Bicyclist Ride Through - Sign-Controlled Intersection;None;No;No;Dry;0;Urban;No;12NOV2011;0;15:55;Male;No;Residential;B: Evident Injury;Yes;O: No Injury;3600;November;0;Straight - Grade;Piedmont;With Traffic;Stop Sign;Saturday;Intersection;8;0;Two-Way, Not Divided;2 lanes;0;#NULL!;#NULL!;Smooth Asphalt;#NULL!;Four-Way Intersection;Bicyclist Failed to Yield - Sign-Controlled Intersection;Local Street;B: Evident Injury;Orange;46;Clear;#NULL!;Unknown;20 - 25  MPH;2011;Daylight;40-49
35.2049368769, -80.8485032421;"{""type"": ""Point"", ""coordinates"": [-80.8485032421336, 35.20493687693217]}";White;Charlotte;Bike Lane / Paved Shoulder;2;10;Urban (>70% Developed);Male;Passenger Car;0;#NULL!;0;0;Black;No;0;40-49;Motorist Right Turn - Same Direction;None;No;No;Dry;0;Urban;No;08NOV2011;0;10:47;Male;No;Commercial;B: Evident Injury;No;O: No Injury;3601;November;0;Straight - Level;Piedmont;With Traffic;Stop And Go Signal;Tuesday;Intersection;49;0;Two-Way, Not Divided;2 lanes;0;#NULL!;#NULL!;Smooth Asphalt;#NULL!;Four-Way Intersection;Motorist Right Turn / Merge;Local Street;B: Evident Injury;Mecklenburg;52;Clear;#NULL!;0-5 mph;30 - 35  MPH;2011;Daylight;50-59
34.7572268301, -79.4694028065;"{""type"": ""Point"", ""coordinates"": [-79.46940280652862, 34.757226830050115]}";Black;Laurinburg;Driveway / Alley;2;14;Mixed (30% To 70% Developed);Female;Van;0;#NULL!;0;0;Black;No;0;0-5;Non-Roadway;None;No;No;Other;0;Urban;No;16NOV2011;0;14:35;Female;No;Farms, Woods, Pastures;B: Evident Injury;No;O: No Injury;3608;November;0;Straight - Level;Coastal;Not Applicable;No Control Present;Wednesday;Non-Roadway;5;0;Unknown;Unknown;0;#NULL!;#NULL!;Sand;#NULL!;No Special Feature;Non-Roadway;Private Road, Driveway;B: Evident Injury;Scotland;21;Cloudy;#NULL!;Unknown;Unknown;2011;Daylight;20-24
35.7297570314, -79.6811029206;"{""type"": ""Point"", ""coordinates"": [-79.681102920617, 35.72975703140034]}";White;None - Rural Crash;Travel Lane;2;20;Mixed (30% To 70% Developed);Male;Passenger Car;0;#NULL!;0;0;White;No;0;50-59;Motorist Overtaking - Undetected Bicyclist;None;Yes;Yes;Dry;0;Rural;No;10DEC2011;0;20:31;Female;No;Commercial;B: Evident Injury;Yes;O: No Injury;3611;December;0;Straight - Grade;Piedmont;With Traffic;No Control Present;Saturday;Non-Intersection;53;0;Two-Way, Not Divided;5 lanes;0;#NULL!;#NULL!;Smooth Asphalt;#NULL!;No Special Feature;Motorist Overtaking Bicyclist;US Route;B: Evident Injury;Randolph;47;Clear;#NULL!;51-55 mph;50 - 55  MPH;2011;Dark - Roadway Not Lighted;40-49
35.6177969227, -81.9858036032;"{""type"": ""Point"", ""coordinates"": [-81.98580360319939, 35.61779692268332]}";White;None - Rural Crash;Travel Lane;2;6;Rural (<30% Developed);Male;Pickup;0;#NULL!;0;0;White;No;0;30-39;Motorist Overtaking - Other / Unknown;None;No;No;Dry;0;Rural;No;13DEC2011;0;6:32;Male;No;Farms, Woods, Pastures;B: Evident Injury;Yes;O: No Injury;3612;December;0;Straight - Grade;Mountains;With Traffic;Double Yellow Line, No Passing Zone;Tuesday;Non-Intersection;37;0;Two-Way, Not Divided;2 lanes;0;#NULL!;#NULL!;Smooth Asphalt;#NULL!;No Special Feature;Motorist Overtaking Bicyclist;US Route;B: Evident Injury;Mcdowell;42;Clear;#NULL!;46-50 mph;50 - 55  MPH;2011;Dark - Roadway Not Lighted;40-49
35.2249268814, -80.8464032427;"{""type"": ""Point"", ""coordinates"": [-80.84640324271423, 35.22492688140117]}";White;Charlotte;Sidewalk / Crosswalk / Driveway Crossing;2;7;Urban (>70% Developed);Male;Passenger Car;0;#NULL!;0;0;White;No;0;30-39;Motorist Right Turn - Opposite Direction;None;No;No;Wet;0;Urban;No;06DEC2011;0;7:27;Male;No;Commercial;C: Possible Injury;Yes;O: No Injury;3614;December;0;Straight - Level;Piedmont;Facing Traffic;Stop And Go Signal;Tuesday;Intersection;38;0;Two-Way, Not Divided;4 lanes;0;#NULL!;#NULL!;Smooth Asphalt;#NULL!;No Special Feature;Motorist Right Turn / Merge;Local Street;C: Possible Injury;Mecklenburg;49;Rain;#NULL!;6-10 mph;30 - 35  MPH;2011;Dusk;40-49
35.7831370802, -78.6560026146;"{""type"": ""Point"", ""coordinates"": [-78.65600261455434, 35.78313708016335]}";Black;Raleigh;Sidewalk / Crosswalk / Driveway Crossing;2;17;Urban (>70% Developed);Male;Police;0;#NULL!;0;0;White;No;0;11-15;Crossing Paths - Intersection - Other / Unknown;None;No;No;Dry;0;Urban;No;11DEC2011;0;17:22;Female;No;Residential;O: No Injury;Yes;O: No Injury;3620;December;0;Straight - Level;Piedmont;With Traffic;No Control Present;Sunday;Intersection;13;0;Two-Way, Divided, Unprotected Median;2 lanes;0;#NULL!;#NULL!;Smooth Asphalt;#NULL!;No Special Feature;Crossing Paths - Other Circumstances;Local Street;O: No Injury;Wake;24;Clear;#NULL!;0-5 mph;20 - 25  MPH;2011;Daylight;20-24
35.8348769876, -81.4596034593;"{""type"": ""Point"", ""coordinates"": [-81.45960345929772, 35.834876987586455]}";White;None - Rural Crash;Bike Lane / Paved Shoulder;2;7;Mixed (30% To 70% Developed);Male;Passenger Car;0;#NULL!;0;0;White;No;0;40-49;Bicyclist Overtaking - Passing on Left;None;No;No;Wet;0;Rural;No;06DEC2011;0;7:49;Male;No;Commercial;B: Evident Injury;No;O: No Injury;3632;December;0;Straight - Level;Mountains;With Traffic;No Control Present;Tuesday;Non-Intersection;44;0;Two-Way, Divided, Positive Median Barrier;5 lanes;0;#NULL!;#NULL!;Smooth Asphalt;#NULL!;Traffic Circle/Roundabout;Bicyclist Overtaking Motorist;US Route;B: Evident Injury;Caldwell;22;Cloudy;#NULL!;6-10 mph;50 - 55  MPH;2011;Dawn;20-24
34.915506871, -79.2634027521;"{""type"": ""Point"", ""coordinates"": [-79.26340275211373, 34.91550687097972]}";Black;None - Rural Crash;Travel Lane;2;20;Mixed (30% To 70% Developed);Male;Passenger Car;0;#NULL!;0;0;Unknown/Missing;No;0;40-49;Motorist Overtaking - Other / Unknown;None;Yes;Yes;Dry;0;Rural;Yes;24DEC2011;0;20:40;Unknown;No;Residential;Unknown Injury;Yes;Unknown Injury;3633;December;0;Straight - Level;Coastal;With Traffic;No Control Present;Saturday;Non-Intersection;43;0;Two-Way, Not Divided;2 lanes;0;#NULL!;#NULL!;Coarse Asphalt;#NULL!;No Special Feature;Motorist Overtaking Bicyclist;State Secondary Route;Unknown Injury;Hoke;Unknown;Clear;#NULL!;11-15 mph;50 - 55  MPH;2011;Dark - Roadway Not Lighted;Unknown
34.8276868552, -79.1740027213;"{""type"": ""Point"", ""coordinates"": [-79.17400272127227, 34.82768685519874]}";Native American;Red Springs;Unknown;2;17;Urban (>70% Developed);Male;Passenger Car;0;#NULL!;0;0;Other;No;0;6-10;Sign-Controlled Intersection - Other / Unknown;None;No;No;Wet;0;Rural;No;19NOV2011;0;17:45;Male;No;Residential;C: Possible Injury;Yes;O: No Injury;3636;November;0;Straight - Level;Coastal;Unknown;Stop Sign;Saturday;Intersection-Related;8;0;Two-Way, Not Divided;2 lanes;0;#NULL!;#NULL!;Coarse Asphalt;#NULL!;No Special Feature;Crossing Paths - Other Circumstances;Local Street;C: Possible Injury;Robeson;18;Rain;#NULL!;16-20 mph;30 - 35  MPH;2011;Daylight;0-19
34.6321668192, -78.9921026565;"{""type"": ""Point"", ""coordinates"": [-78.99210265652756, 34.632166819235024]}";Black;Lumberton;Travel Lane;2;10;Mixed (30% To 70% Developed);Male;Passenger Car;0;#NULL!;0;0;White;No;0;20-24;Bicyclist Ride Out - Other Midblock;None;No;No;Dry;0;Urban;No;31DEC2011;0;10:08;Female;No;Commercial;B: Evident Injury;No;O: No Injury;3638;December;0;Straight - Level;Coastal;Not Applicable;Stop And Go Signal;Saturday;Non-Intersection;20;0;Two-Way, Not Divided;6 lanes;0;#NULL!;#NULL!;Coarse Asphalt;#NULL!;No Special Feature;Bicyclist Failed to Yield - Midblock;Local Street;B: Evident Injury;Robeson;19;Cloudy;#NULL!;41-45 mph;40 - 45  MPH;2011;Daylight;0-19
34.9897168875, -79.2572027544;"{""type"": ""Point"", ""coordinates"": [-79.2572027543583, 34.989716887521794]}";Black;None - Rural Crash;Travel Lane;2;6;Mixed (30% To 70% Developed);Male;Unknown;0;#NULL!;0;0;Unknown/Missing;No;0;40-49;Motorist Overtaking - Misjudged Space;None;No;No;Dry;0;Rural;Yes;12DEC2011;0;6:30;Unknown;Missing;Residential;C: Possible Injury;No;Unknown Injury;3646;December;0;Straight - Level;Coastal;With Traffic;No Control Present;Monday;Non-Intersection;42;0;Two-Way, Not Divided;2 lanes;0;#NULL!;#NULL!;Smooth Asphalt;#NULL!;No Special Feature;Motorist Overtaking Bicyclist;NC Route;C: Possible Injury;Hoke;Unknown;Clear;#NULL!;41-45 mph;40 - 45  MPH;2011;Dark - Roadway Not Lighted;Unknown
34.2266667652, -77.9250023149;"{""type"": ""Point"", ""coordinates"": [-77.92500231492501, 34.22666676522014]}";Unknown/Missing;Wilmington;Sidewalk / Crosswalk / Driveway Crossing;2;11;Urban (>70% Developed);Unknown;Van;0;#NULL!;0;0;White;No;0;Unknown;Motorist Drive Out - Commercial Driveway / Alley;None;No;No;Dry;0;Urban;No;13DEC2011;0;11:47;Male;No;Commercial;O: No Injury;No;O: No Injury;3649;December;0;Straight - Level;Coastal;Facing Traffic;No Control Present;Tuesday;Non-Intersection;Unknown;0;One-Way, Not Divided;3 lanes;0;#NULL!;#NULL!;Coarse Asphalt;#NULL!;No Special Feature;Motorist Failed to Yield - Midblock;Local Street;Unknown Injury;New Hanover;47;Clear;#NULL!;6-10 mph;30 - 35  MPH;2011;Daylight;40-49
35.3827470167, -77.9856023906;"{""type"": ""Point"", ""coordinates"": [-77.98560239060117, 35.38274701668757]}";Black;Goldsboro;Travel Lane;2;17;Urban (>70% Developed);Male;Passenger Car;0;#NULL!;0;0;Black;No;0;50-59;Bicyclist Ride Out - Midblock - Unknown;None;Yes;Yes;Dry;0;Urban;No;14DEC2011;0;17:44;Male;No;Commercial;A: Disabling Injury;Yes;O: No Injury;3650;December;0;Straight - Level;Coastal;Not Applicable;No Control Present;Wednesday;Non-Intersection;50;0;Two-Way, Not Divided;4 lanes;0;#NULL!;#NULL!;Coarse Asphalt;#NULL!;No Special Feature;Bicyclist Failed to Yield - Midblock;Local Street;A: Disabling Injury;Wayne;48;Cloudy;#NULL!;31-35 mph;30 - 35  MPH;2011;Dark - Lighted Roadway;40-49
36.0602170977, -79.785202971;"{""type"": ""Point"", ""coordinates"": [-79.78520297102891, 36.060217097681466]}";Black;Greensboro;Travel Lane;2;21;Urban (>70% Developed);Male;Unknown;0;#NULL!;0;0;Unknown/Missing;No;0;20-24;Bicyclist Ride Out - Sign-Controlled Intersection;None;Yes;Yes;Dry;0;Urban;Yes;15DEC2011;0;21:58;Unknown;Missing;Residential;B: Evident Injury;Yes;Unknown Injury;3651;December;0;Straight - Level;Piedmont;With Traffic;Stop Sign;Thursday;Intersection;20;0;Two-Way, Not Divided;4 lanes;0;#NULL!;#NULL!;Smooth Asphalt;#NULL!;No Special Feature;Bicyclist Failed to Yield - Sign-Controlled Intersection;Local Street;B: Evident Injury;Guilford;Unknown;Clear;#NULL!;Unknown;30 - 35  MPH;2011;Dark - Lighted Roadway;Unknown
35.4814169966, -79.1715027539;"{""type"": ""Point"", ""coordinates"": [-79.17150275390011, 35.48141699657174]}";White;Sanford;Sidewalk / Crosswalk / Driveway Crossing;2;17;Urban (>70% Developed);Female;Passenger Car;0;#NULL!;0;0;White;No;0;40-49;Motorist Right Turn - Same Direction;None;No;No;Dry;0;Urban;No;15DEC2011;0;17:52;Female;No;Residential;C: Possible Injury;Yes;O: No Injury;3652;December;0;Straight - Bottom;Piedmont;With Traffic;Stop And Go Signal;Thursday;Intersection;40;0;Two-Way, Not Divided;4 lanes;0;#NULL!;#NULL!;Coarse Asphalt;#NULL!;No Special Feature;Motorist Right Turn / Merge;Local Street;C: Possible Injury;Lee;38;Clear;#NULL!;11-15 mph;30 - 35  MPH;2011;Dark - Lighted Roadway;30-39
35.0652669155, -78.9139026547;"{""type"": ""Point"", ""coordinates"": [-78.91390265470984, 35.06526691552465]}";White;Fayetteville;Travel Lane;2;13;Urban (>70% Developed);Male;Sport Utility;0;#NULL!;0;0;White;No;0;16-19;Bicyclist Ride Out - Midblock - Unknown;None;No;No;Dry;0;Urban;No;16DEC2011;0;13:46;Female;No;Residential;C: Possible Injury;Yes;O: No Injury;3653;December;0;Straight - Level;Coastal;Not Applicable;No Control Present;Friday;Non-Intersection;18;0;Two-Way, Divided, Unprotected Median;3 lanes;0;#NULL!;#NULL!;Coarse Asphalt;#NULL!;No Special Feature;Bicyclist Failed to Yield - Midblock;Local Street;C: Possible Injury;Cumberland;63;Clear;#NULL!;26-30 mph;30 - 35  MPH;2011;Daylight;60-69