Geo Point;Geo Shape;BikeRace;City;BikePos;NumUnits;CrashHour;Locality;BikeSex;DrvrVehTyp;NumBikesNo;BikeAlcDrg;NumBikesBI;RteInvdCd;DrvrRace;Workzone;NumBikesCi;BikeAgeGrp;CrashType;RdDefects;CrashAlcoh;BikeAlcoho;RdConditio;DstncMiFrm;RuralUrban;HitRun;CrashDate;NumBikesUI;CrashTime;DrvrSex;DrvrAlcoho;Developmen;CrashSevr;AmbulanceR;DrvrInjury;OBJECTID;CrashMonth;NumBikesKi;RdCharacte;Region;BikeDir;TraffCntrl;CrashDay;CrashLoc;BikeAge;NumBikesTo;RdConfig;NumLanes;NumBikesAI;DrvrAlcDrg;OnRoad;RdSurface;Towrd_Rd;RdFeature;CrashGrp;RdClass;BikeInjury;County;DrvrAge;Weather;FrmRd;DrvrEstSpd;SpeedLimit;CrashYear;LightCond;DrvrAgeGrp
35.9455171449, -77.7924023609;"{""type"": ""Point"", ""coordinates"": [-77.79240236086946, 35.94551714486836]}";Black;Rocky Mount;Travel Lane;2;22;Urban (>70% Developed);Male;Single Unit Truck (2-Axle, 6-Tire);0;#NULL!;0;0;White;No;0;25-29;Motorist Overtaking - Misjudged Space;None;No;No;Dry;0;Urban;No;14DEC2011;0;22:15;Male;No;Commercial;O: No Injury;No;O: No Injury;3656;December;0;Straight - Hillcrest;Coastal;With Traffic;No Control Present;Wednesday;Non-Intersection;26;0;Two-Way, Not Divided;2 lanes;0;#NULL!;#NULL!;Coarse Asphalt;#NULL!;No Special Feature;Motorist Overtaking Bicyclist;Local Street;O: No Injury;Edgecombe;41;Clear;#NULL!;11-15 mph;20 - 25  MPH;2011;Dark - Lighted Roadway;40-49
35.387666998, -78.5636025656;"{""type"": ""Point"", ""coordinates"": [-78.56360256559533, 35.38766699798602]}";White;Benson;Travel Lane;2;21;Mixed (30% To 70% Developed);Male;Pickup;0;#NULL!;0;0;White;No;0;20-24;Motorist Overtaking - Undetected Bicyclist;None;No;No;Dry;0;Rural;No;23OCT2011;0;21:22;Male;No;Residential;B: Evident Injury;Yes;O: No Injury;3662;October;0;Straight - Level;Coastal;With Traffic;No Control Present;Sunday;Intersection-Related;23;0;Two-Way, Not Divided;2 lanes;0;#NULL!;#NULL!;Coarse Asphalt;#NULL!;No Special Feature;Motorist Overtaking Bicyclist;NC Route;B: Evident Injury;Johnston;58;Clear;#NULL!;41-45 mph;40 - 45  MPH;2011;Dark - Roadway Not Lighted;50-59
34.2107267624, -77.8906023037;"{""type"": ""Point"", ""coordinates"": [-77.89060230373805, 34.210726762361645]}";Unknown/Missing;Wilmington;Travel Lane;2;18;Mixed (30% To 70% Developed);Unknown;Passenger Car;0;#NULL!;0;0;Native American;No;0;30-39;Bicyclist Ride Out - Other Midblock;None;No;No;Wet;0;Urban;No;22DEC2011;0;18:08;Female;No;Commercial;B: Evident Injury;Yes;C: Possible Injury;3663;December;0;Straight - Level;Coastal;Not Applicable;Flashing Stop And Go Signal;Thursday;Non-Intersection;30;0;Two-Way, Divided, Positive Median Barrier;8 lanes;0;#NULL!;#NULL!;Smooth Asphalt;#NULL!;No Special Feature;Bicyclist Failed to Yield - Midblock;US Route;B: Evident Injury;New Hanover;43;Rain;#NULL!;Unknown;40 - 45  MPH;2011;Daylight;40-49
35.8017970794, -78.7720026499;"{""type"": ""Point"", ""coordinates"": [-78.77200264989241, 35.801797079382844]}";White;None - Rural Crash;Travel Lane;2;21;Urban (>70% Developed);Male;Passenger Car;0;#NULL!;0;0;White;No;0;6-10;Motorist Left Turn - Opposite Direction;None;No;No;Dry;0;Rural;No;26DEC2011;0;21:14;Male;No;Residential;O: No Injury;No;O: No Injury;3664;December;0;Straight - Level;Piedmont;With Traffic;No Control Present;Monday;Intersection;8;0;Two-Way, Not Divided;2 lanes;0;#NULL!;#NULL!;Coarse Asphalt;#NULL!;No Special Feature;Motorist Left Turn / Merge;Local Street;O: No Injury;Wake;39;Clear;#NULL!;6-10 mph;5 - 15 MPH;2011;Dark - Lighted Roadway;30-39
36.0685870987, -79.8150029802;"{""type"": ""Point"", ""coordinates"": [-79.81500298023938, 36.06858709866594]}";White;Greensboro;Travel Lane;2;12;Rural (<30% Developed);Male;Passenger Car;0;#NULL!;0;0;White;No;0;20-24;Motorist Right Turn - Same Direction;None;No;No;Dry;0;Urban;No;17FEB2011;0;12:22;Male;No;Institutional;C: Possible Injury;No;O: No Injury;3667;February;0;Unknown;Piedmont;With Traffic;No Control Present;Thursday;Intersection;20;0;Unknown;Unknown;0;#NULL!;#NULL!;Unknown;#NULL!;No Special Feature;Motorist Right Turn / Merge;.;C: Possible Injury;Guilford;21;Clear;#NULL!;0-5 mph;20 - 25  MPH;2011;Daylight;20-24
35.9697871621, -77.4435222547;"{""type"": ""Point"", ""coordinates"": [-77.44352225465983, 35.969787162058594]}";Black;Speed;Travel Lane;2;12;Rural (<30% Developed);Female;Passenger Car;0;#NULL!;0;0;Black;No;0;40-49;Bicyclist Left Turn - Same Direction;None;No;No;Dry;0;Rural;No;15JAN2010;0;12:51;Female;No;Farms, Woods, Pastures;C: Possible Injury;Yes;O: No Injury;3672;January;0;Straight - Level;Coastal;With Traffic;Double Yellow Line, No Passing Zone;Friday;Non-Intersection;46;0;Two-Way, Not Divided;2 lanes;0;#NULL!;#NULL!;Coarse Asphalt;#NULL!;No Special Feature;Bicyclist Left Turn / Merge;NC Route;C: Possible Injury;Edgecombe;60;Clear;#NULL!;31-35 mph;30 - 35  MPH;2010;Daylight;60-69
34.0377366993, -78.6455825237;"{""type"": ""Point"", ""coordinates"": [-78.6455825236944, 34.03773669927486]}";White;None - Rural Crash;Travel Lane;2;11;Rural (<30% Developed);Male;Passenger Car;0;#NULL!;0;0;White;No;0;50-59;Motorist Overtaking - Undetected Bicyclist;None;No;No;Dry;0;Rural;No;18JAN2010;0;11:10;Female;No;Farms, Woods, Pastures;A: Disabling Injury;Yes;O: No Injury;3676;January;0;Straight - Level;Coastal;With Traffic;No Control Present;Monday;Non-Intersection;56;0;Two-Way, Not Divided;2 lanes;0;#NULL!;#NULL!;Smooth Asphalt;#NULL!;No Special Feature;Motorist Overtaking Bicyclist;NC Route;A: Disabling Injury;Columbus;70+;Clear;#NULL!;46-50 mph;50 - 55  MPH;2010;Daylight;70+
35.3520039108, -80.7785982292;"{""type"": ""Point"", ""coordinates"": [-80.77859822917546, 35.352003910811625]}";White;Charlotte;Bike Lane / Paved Shoulder;2;16;Urban (>70% Developed);Male;Passenger Car;0;#NULL!;0;0;White;No;0;30-39;Crossing Paths - Intersection - Other / Unknown;None;No;No;Dry;0;Urban;No;15JAN2010;0;16:04;Female;No;Residential;B: Evident Injury;Yes;O: No Injury;3688;January;0;Straight - Level;Piedmont;With Traffic;No Control Present;Friday;Intersection;36;0;Two-Way, Divided, Unprotected Median;5 lanes;0;#NULL!;#NULL!;Coarse Asphalt;#NULL!;No Special Feature;Crossing Paths - Other Circumstances;Local Street;B: Evident Injury;Mecklenburg;46;Clear;#NULL!;21-25 mph;30 - 35  MPH;2010;Daylight;40-49
35.8572191615, -76.7480260363;"{""type"": ""Point"", ""coordinates"": [-76.74802603627627, 35.85721916150626]}";Black;Plymouth;Travel Lane;2;18;Urban (>70% Developed);Female;Pickup;0;#NULL!;0;0;White;No;0;60-69;Bicyclist Left Turn - Same Direction;None;No;No;Dry;0;Rural;No;27JAN2010;0;18:09;Male;No;Commercial;K: Killed;Yes;O: No Injury;3697;January;0;Straight - Level;Coastal;With Traffic;No Control Present;Wednesday;Non-Intersection;68;0;Two-Way, Divided, Unprotected Median;5 lanes;0;#NULL!;#NULL!;Smooth Asphalt;#NULL!;No Special Feature;Bicyclist Left Turn / Merge;US Route;K: Killed;Washington;53;Clear;#NULL!;41-45 mph;40 - 45  MPH;2010;Dark - Lighted Roadway;50-59
35.5562620853, -77.0529921144;"{""type"": ""Point"", ""coordinates"": [-77.0529921144014, 35.55626208532472]}";White;Washington;Travel Lane;2;17;Urban (>70% Developed);Male;Van;0;#NULL!;0;0;Black;No;0;60-69;Bicyclist Ride Through - Sign-Controlled Intersection;None;No;No;Dry;0;Urban;No;20JAN2010;0;17:28;Female;No;Residential;B: Evident Injury;Yes;O: No Injury;3698;January;0;Straight - Level;Coastal;With Traffic;Stop Sign;Wednesday;Intersection;60;0;Two-Way, Not Divided;2 lanes;0;#NULL!;#NULL!;Coarse Asphalt;#NULL!;Four-Way Intersection;Bicyclist Failed to Yield - Sign-Controlled Intersection;Local Street;B: Evident Injury;Beaufort;57;Clear;#NULL!;21-25 mph;20 - 25  MPH;2010;Daylight;50-59
34.234190766, -77.9485223224;"{""type"": ""Point"", ""coordinates"": [-77.94852232237395, 34.23419076601382]}";White;Wilmington;Travel Lane;2;20;Urban (>70% Developed);Male;Passenger Car;0;#NULL!;0;0;White;No;0;25-29;Motorist Left Turn - Opposite Direction;Unknown;No;No;Dry;0;Urban;No;27JAN2010;0;20:41;Female;No;Commercial;B: Evident Injury;Yes;O: No Injury;3700;January;0;Straight - Level;Coastal;With Traffic;No Control Present;Wednesday;Intersection;26;0;Two-Way, Not Divided;4 lanes;0;#NULL!;#NULL!;Coarse Asphalt;#NULL!;No Special Feature;Motorist Left Turn / Merge;Local Street;B: Evident Injury;New Hanover;21;Clear;#NULL!;6-10 mph;20 - 25  MPH;2010;Dark - Lighted Roadway;20-24
35.7359769707, -81.3521334221;"{""type"": ""Point"", ""coordinates"": [-81.35213342213802, 35.735976970731976]}";Black;Hickory;Travel Lane;2;11;Mixed (30% To 70% Developed);Male;Van;0;#NULL!;0;0;White;No;0;11-15;Bicyclist Ride Out - Signalized  Intersection;None;No;No;Dry;0;Urban;No;25JAN2010;0;11:05;Male;No;Residential;B: Evident Injury;Yes;O: No Injury;3703;January;0;Straight - Grade;Piedmont;With Traffic;Stop And Go Signal;Monday;Intersection;15;0;Two-Way, Divided, Unprotected Median;4 lanes;0;#NULL!;#NULL!;Smooth Asphalt;#NULL!;Four-Way Intersection;Bicyclist Failed to Yield - Signalized Intersection;Local Street;B: Evident Injury;Catawba;57;Clear;#NULL!;6-10 mph;30 - 35  MPH;2010;Daylight;50-59
36.1779471987, -77.6656973335;"{""type"": ""Point"", ""coordinates"": [-77.665697333546, 36.17794719868586]}";Black;Enfield;Travel Lane;2;0;Urban (>70% Developed);Male;Unknown;0;#NULL!;0;0;Unknown/Missing;No;0;25-29;Motorist Left Turn - Same Direction;None;No;No;Dry;0;Rural;Yes;27JAN2010;0;0:11;Unknown;Missing;Residential;B: Evident Injury;Yes;Unknown Injury;3705;January;0;Straight - Level;Coastal;Facing Traffic;Stop Sign;Wednesday;Non-Intersection;29;0;Two-Way, Not Divided;2 lanes;0;#NULL!;#NULL!;Smooth Asphalt;#NULL!;No Special Feature;Motorist Left Turn / Merge;Local Street;B: Evident Injury;Halifax;Unknown;Clear;#NULL!;6-10 mph;20 - 25  MPH;2010;Dark - Lighted Roadway;Unknown
35.9304921422, -77.7835623572;"{""type"": ""Point"", ""coordinates"": [-77.78356235723253, 35.9304921421876]}";Black;Rocky Mount;Travel Lane;2;18;Urban (>70% Developed);Male;Passenger Car;0;#NULL!;0;0;Black;No;0;20-24;Motorist Left Turn - Same Direction;None;No;No;Dry;0;Urban;No;12JAN2010;0;18:01;Male;No;Residential;B: Evident Injury;Yes;O: No Injury;3707;January;0;Straight - Level;Coastal;Facing Traffic;No Control Present;Tuesday;Non-Intersection;20;0;Two-Way, Not Divided;2 lanes;0;#NULL!;#NULL!;Smooth Asphalt;#NULL!;No Special Feature;Motorist Left Turn / Merge;Local Street;B: Evident Injury;Nash;70+;Clear;#NULL!;26-30 mph;30 - 35  MPH;2010;Dark - Roadway Not Lighted;70+
35.8157990984, -78.315022512;"{""type"": ""Point"", ""coordinates"": [-78.31502251202728, 35.81579909842386]}";Hispanic;Zebulon;Travel Lane;2;16;Urban (>70% Developed);Male;Passenger Car;0;#NULL!;0;0;Black;No;0;20-24;Bicyclist Left Turn - Same Direction;None;No;No;Dry;0;Rural;No;08FEB2010;0;16:00;Female;No;Residential;O: No Injury;No;O: No Injury;3715;February;0;Straight - Level;Piedmont;With Traffic;No Control Present;Monday;Non-Intersection;21;0;Two-Way, Not Divided;2 lanes;0;#NULL!;#NULL!;Smooth Asphalt;#NULL!;No Special Feature;Bicyclist Left Turn / Merge;Local Street;O: No Injury;Wake;70+;Clear;#NULL!;31-35 mph;30 - 35  MPH;2010;Daylight;70+
35.4748069435, -80.6097931853;"{""type"": ""Point"", ""coordinates"": [-80.60979318533681, 35.47480694346335]}";Black;Kannapolis;Bike Lane / Paved Shoulder;2;16;Urban (>70% Developed);Male;Pickup;0;#NULL!;0;0;White;No;0;40-49;Bicyclist Left Turn - Same Direction;None;Yes;Yes;Wet;0;Urban;No;09FEB2010;0;16:20;Male;No;Commercial;C: Possible Injury;Yes;O: No Injury;3720;February;0;Straight - Grade;Piedmont;With Traffic;No Control Present;Tuesday;Non-Intersection;45;0;Two-Way, Divided, Unprotected Median;4 lanes;0;#NULL!;#NULL!;Smooth Asphalt;#NULL!;No Special Feature;Bicyclist Left Turn / Merge;US Route;C: Possible Injury;Cabarrus;20;Cloudy;#NULL!;36-40 mph;40 - 45  MPH;2010;Daylight;20-24
35.733051065, -78.7776526481;"{""type"": ""Point"", ""coordinates"": [-78.77765264813493, 35.733051064978525]}";White;Cary;Sidewalk / Crosswalk / Driveway Crossing;2;11;Urban (>70% Developed);Male;Pickup;0;#NULL!;0;0;White;No;0;60-69;Motorist Drive Out - Sign-Controlled Intersection;None;No;No;Dry;0;Urban;No;10MAR2010;0;11:51;Male;No;Residential;C: Possible Injury;Yes;O: No Injury;3732;March;0;Straight - Level;Piedmont;Facing Traffic;Stop Sign;Wednesday;Intersection;61;0;Two-Way, Not Divided;2 lanes;0;#NULL!;#NULL!;Smooth Asphalt;#NULL!;Four-Way Intersection;Motorist Failed to Yield - Sign-Controlled Intersection;Local Street;C: Possible Injury;Wake;65;Cloudy;#NULL!;0-5 mph;20 - 25  MPH;2010;Daylight;60-69
35.5879130871, -77.2308371712;"{""type"": ""Point"", ""coordinates"": [-77.23083717124052, 35.587913087113314]}";Black;None - Rural Crash;Driveway / Alley;2;18;Mixed (30% To 70% Developed);Male;Passenger Car;0;#NULL!;0;0;White;No;0;40-49;Bicyclist Ride Out - Residential Driveway;None;Yes;Yes;Dry;0;Rural;No;19MAR2010;0;18:15;Female;No;Residential;O: No Injury;No;O: No Injury;3747;March;0;Curve - Level;Coastal;Not Applicable;Double Yellow Line, No Passing Zone;Friday;Non-Intersection;48;0;Two-Way, Not Divided;2 lanes;0;#NULL!;#NULL!;Smooth Asphalt;#NULL!;Driveway, Private;Bicyclist Failed to Yield - Midblock;NC Route;O: No Injury;Pitt;68;Clear;#NULL!;51-55 mph;50 - 55  MPH;2010;Daylight;60-69
35.2309468874, -80.729443208;"{""type"": ""Point"", ""coordinates"": [-80.72944320803077, 35.230946887401025]}";Black;Charlotte;Travel Lane;2;16;Urban (>70% Developed);Male;Unknown;0;#NULL!;0;0;Unknown/Missing;No;0;16-19;Motorist Drive Out - Other Midblock;None;No;No;Dry;0;Urban;Yes;03MAR2010;0;16:40;Unknown;Missing;Commercial;C: Possible Injury;Yes;Unknown Injury;3750;March;0;Straight - Level;Piedmont;With Traffic;No Control Present;Wednesday;Non-Intersection;19;0;Two-Way, Divided, Positive Median Barrier;4 lanes;0;#NULL!;#NULL!;Smooth Asphalt;#NULL!;No Special Feature;Motorist Failed to Yield - Midblock;Local Street;C: Possible Injury;Mecklenburg;Unknown;Clear;#NULL!;6-10 mph;20 - 25  MPH;2010;Daylight;Unknown
35.9914201891, -76.7696720498;"{""type"": ""Point"", ""coordinates"": [-76.76967204975486, 35.991420189112524]}";Black;None - Rural Crash;Travel Lane;2;20;Rural (<30% Developed);Male;Pickup;0;#NULL!;0;0;Black;No;0;40-49;Motorist Overtaking - Misjudged Space;None;No;No;Dry;0;Rural;No;24MAR2010;0;20:04;Male;No;Farms, Woods, Pastures;B: Evident Injury;Yes;O: No Injury;3759;March;0;Straight - Level;Coastal;With Traffic;No Control Present;Wednesday;Non-Intersection;49;0;Two-Way, Not Divided;2 lanes;0;#NULL!;#NULL!;Coarse Asphalt;#NULL!;No Special Feature;Motorist Overtaking Bicyclist;NC Route;B: Evident Injury;Bertie;66;Clear;#NULL!;46-50 mph;50 - 55  MPH;2010;Dark - Roadway Not Lighted;60-69
35.9228870027, -81.5520894926;"{""type"": ""Point"", ""coordinates"": [-81.552089492584, 35.92288700271829]}";White;Lenoir;Travel Lane;2;18;Urban (>70% Developed);Male;Pickup;0;#NULL!;0;0;White;No;0;16-19;Bicyclist Ride Through - Sign-Controlled Intersection;None;No;No;Dry;0;Urban;No;23MAR2010;0;18:25;Male;No;Residential;K: Killed;Yes;O: No Injury;3760;March;0;Straight - Level;Mountains;With Traffic;Stop Sign;Tuesday;Intersection;16;0;Two-Way, Not Divided;2 lanes;0;#NULL!;#NULL!;Coarse Asphalt;#NULL!;T-Intersection;Bicyclist Failed to Yield - Sign-Controlled Intersection;Local Street;K: Killed;Caldwell;36;Clear;#NULL!;21-25 mph;30 - 35  MPH;2010;Daylight;30-39
35.7800320807, -78.613732601;"{""type"": ""Point"", ""coordinates"": [-78.61373260096336, 35.78003208066905]}";Black;Raleigh;Bike Lane / Paved Shoulder;2;5;Mixed (30% To 70% Developed);Male;Passenger Car;0;#NULL!;0;0;Black;No;0;40-49;Bicyclist Ride Out - Midblock - Unknown;None;No;No;Dry;0;Urban;No;14FEB2010;0;5:12;Male;No;Commercial;B: Evident Injury;Yes;O: No Injury;3764;February;0;Straight - Level;Piedmont;Not Applicable;No Control Present;Sunday;Non-Intersection;49;0;Two-Way, Divided, Unprotected Median;4 lanes;0;#NULL!;#NULL!;Smooth Asphalt;#NULL!;No Special Feature;Bicyclist Failed to Yield - Midblock;Local Street;B: Evident Injury;Wake;56;Clear;#NULL!;11-15 mph;30 - 35  MPH;2010;Dusk;50-59
34.2953787799, -77.9213283175;"{""type"": ""Point"", ""coordinates"": [-77.92132831750897, 34.295378779930346]}";White;None - Rural Crash;Travel Lane;2;10;Mixed (30% To 70% Developed);Male;Pickup;0;#NULL!;0;0;White;No;0;16-19;Bicyclist Left Turn - Same Direction;None;No;No;Dry;0;Rural;No;02APR2010;0;10:48;Female;No;Commercial;O: No Injury;No;O: No Injury;3773;April;0;Straight - Level;Coastal;With Traffic;No Control Present;Friday;Non-Intersection;17;0;Two-Way, Not Divided;2 lanes;0;#NULL!;#NULL!;Coarse Asphalt;#NULL!;No Special Feature;Bicyclist Left Turn / Merge;NC Route;O: No Injury;New Hanover;19;Clear;#NULL!;31-35 mph;40 - 45  MPH;2010;Daylight;0-19
36.0845871039, -79.7604229648;"{""type"": ""Point"", ""coordinates"": [-79.7604229648257, 36.08458710385446]}";Unknown/Missing;Greensboro;Non-Roadway;2;7;Urban (>70% Developed);Male;Pickup;0;#NULL!;0;0;Black;No;0;40-49;Crossing Paths - Uncontrolled Intersection;None;No;No;Dry;0;Urban;No;17MAR2010;0;7:55;Male;No;Commercial;B: Evident Injury;Yes;O: No Injury;3774;March;0;Straight - Level;Piedmont;Not Applicable;No Control Present;Wednesday;Intersection-Related;48;0;Two-Way, Not Divided;5 lanes;0;#NULL!;#NULL!;Smooth Asphalt;#NULL!;No Special Feature;Crossing Paths - Other Circumstances;Local Street;B: Evident Injury;Guilford;30;Clear;#NULL!;21-25 mph;30 - 35  MPH;2010;Daylight;30-39
35.8794671326, -77.740816341;"{""type"": ""Point"", ""coordinates"": [-77.7408163410104, 35.8794671325595]}";White;None - Rural Crash;Bike Lane / Paved Shoulder;2;15;Rural (<30% Developed);Male;Passenger Car;0;#NULL!;0;0;Black;No;0;20-24;Bicyclist Right Turn - Same Direction;None;No;No;Dry;0;Rural;No;30MAR2010;0;15:15;Male;No;Commercial;B: Evident Injury;Yes;O: No Injury;3775;March;0;Straight - Level;Coastal;Facing Traffic;No Control Present;Tuesday;Non-Intersection;20;0;Two-Way, Not Divided;2 lanes;0;#NULL!;#NULL!;Coarse Asphalt;#NULL!;Four-Way Intersection;Bicyclist Right Turn / Merge;State Secondary Route;B: Evident Injury;Edgecombe;44;Clear;#NULL!;16-20 mph;40 - 45  MPH;2010;Daylight;40-49
35.2291288851, -80.7745932216;"{""type"": ""Point"", ""coordinates"": [-80.77459322161648, 35.229128885100145]}";Hispanic;Charlotte;Sidewalk / Crosswalk / Driveway Crossing;2;18;Urban (>70% Developed);Male;Passenger Car;0;#NULL!;0;0;Black;No;0;25-29;Motorist Drive Out - Commercial Driveway / Alley;None;Yes;Yes;Dry;0;Urban;No;23MAR2010;0;18:57;Male;No;Residential;C: Possible Injury;Yes;O: No Injury;3777;March;0;Straight - Level;Piedmont;Not Applicable;No Control Present;Tuesday;Non-Intersection;25;0;Two-Way, Divided, Positive Median Barrier;6 lanes;0;#NULL!;#NULL!;Smooth Asphalt;#NULL!;Driveway, Private;Motorist Failed to Yield - Midblock;Private Road, Driveway;C: Possible Injury;Mecklenburg;21;Clear;#NULL!;0-5 mph;5 - 15 MPH;2010;Daylight;20-24
35.1869998736, -80.8330932372;"{""type"": ""Point"", ""coordinates"": [-80.83309323723014, 35.18699987356972]}";White;Charlotte;Travel Lane;2;17;Urban (>70% Developed);Female;Passenger Car;0;#NULL!;0;0;White;No;0;30-39;Motorist Left Turn - Opposite Direction;None;No;No;Dry;0;Urban;No;24MAR2010;0;17:34;Female;No;Commercial;B: Evident Injury;Yes;O: No Injury;3778;March;0;Straight - Level;Piedmont;With Traffic;Stop Sign;Wednesday;Intersection;35;0;Two-Way, Not Divided;2 lanes;0;#NULL!;#NULL!;Smooth Asphalt;#NULL!;Four-Way Intersection;Motorist Left Turn / Merge;Local Street;B: Evident Injury;Mecklenburg;19;Clear;#NULL!;6-10 mph;30 - 35  MPH;2010;Daylight;0-19
36.0681150996, -79.790022972;"{""type"": ""Point"", ""coordinates"": [-79.79002297201166, 36.0681150996169]}";Black;Greensboro;Travel Lane;2;20;Urban (>70% Developed);Male;Passenger Car;0;#NULL!;0;0;White;No;0;50-59;Motorist Left Turn - Opposite Direction;None;No;No;Dry;0;Urban;No;18MAR2010;0;20:11;Female;No;Commercial;C: Possible Injury;No;O: No Injury;3780;March;0;Curve - Bottom;Piedmont;With Traffic;Stop Sign;Thursday;Intersection;52;0;Two-Way, Not Divided;2 lanes;0;#NULL!;#NULL!;Coarse Asphalt;#NULL!;Four-Way Intersection;Motorist Left Turn / Merge;Local Street;C: Possible Injury;Guilford;29;Clear;#NULL!;16-20 mph;20 - 25  MPH;2010;Dark - Lighted Roadway;25-29
35.0909609199, -78.9543866683;"{""type"": ""Point"", ""coordinates"": [-78.95438666831261, 35.09096091985099]}";Black;Fayetteville;Travel Lane;2;18;Urban (>70% Developed);Male;Sport Utility;0;#NULL!;0;0;Black;No;0;50-59;Motorist Drive Out - Sign-Controlled Intersection;None;No;No;Dry;0;Urban;No;01APR2010;0;18:26;Female;No;Commercial;B: Evident Injury;No;O: No Injury;3786;April;0;Straight - Level;Coastal;Facing Traffic;Stop Sign;Thursday;Intersection;55;0;Two-Way, Not Divided;8 lanes;0;#NULL!;#NULL!;Coarse Asphalt;#NULL!;T-Intersection;Motorist Failed to Yield - Sign-Controlled Intersection;Local Street;B: Evident Injury;Cumberland;29;Clear;#NULL!;0-5 mph;20 - 25  MPH;2010;Daylight;25-29
35.1741138712, -80.8364972375;"{""type"": ""Point"", ""coordinates"": [-80.83649723750716, 35.17411387117227]}";White;Charlotte;Travel Lane;2;19;Urban (>70% Developed);Female;Sport Utility;0;#NULL!;0;0;White;No;0;40-49;Bicyclist Left Turn - Same Direction;None;No;No;Dry;0;Urban;No;01APR2010;0;19:42;Female;No;Residential;B: Evident Injury;No;O: No Injury;3791;April;0;Straight - Level;Piedmont;With Traffic;Stop Sign;Thursday;Intersection;44;0;Two-Way, Not Divided;2 lanes;0;#NULL!;#NULL!;Smooth Asphalt;#NULL!;No Special Feature;Bicyclist Left Turn / Merge;Local Street;B: Evident Injury;Mecklenburg;36;Clear;#NULL!;0-5 mph;20 - 25  MPH;2010;Daylight;30-39
34.2146027636, -77.8859923027;"{""type"": ""Point"", ""coordinates"": [-77.88599230271967, 34.2146027636381]}";White;Wilmington;Sidewalk / Crosswalk / Driveway Crossing;2;12;Urban (>70% Developed);Male;Passenger Car;0;#NULL!;0;0;Black;No;0;20-24;Motorist Drive Out - Commercial Driveway / Alley;None;No;No;Dry;0;Urban;No;02APR2010;0;12:21;Male;No;Commercial;C: Possible Injury;Yes;O: No Injury;3804;April;0;Straight - Level;Coastal;Facing Traffic;No Control Present;Friday;Non-Intersection;22;0;Two-Way, Not Divided;3 lanes;0;#NULL!;#NULL!;Smooth Asphalt;#NULL!;No Special Feature;Motorist Failed to Yield - Midblock;Local Street;C: Possible Injury;New Hanover;41;Clear;#NULL!;Unknown;Unknown;2010;Daylight;40-49
34.3055407814, -77.9458223248;"{""type"": ""Point"", ""coordinates"": [-77.94582232480838, 34.30554078136272]}";Black;None - Rural Crash;Travel Lane;2;18;Rural (<30% Developed);Male;Sport Utility;0;#NULL!;0;0;Black;No;0;6-10;Bicyclist Left Turn - Same Direction;None;No;No;Dry;0;Rural;No;08APR2010;0;18:34;Male;No;Residential;O: No Injury;No;O: No Injury;3806;April;0;Straight - Level;Coastal;With Traffic;No Control Present;Thursday;Non-Intersection;6;0;Two-Way, Not Divided;2 lanes;0;#NULL!;#NULL!;Coarse Asphalt;#NULL!;No Special Feature;Bicyclist Left Turn / Merge;Local Street;O: No Injury;New Hanover;62;Clear;#NULL!;0-5 mph;30 - 35  MPH;2010;Daylight;60-69
35.7837900797, -78.6684226183;"{""type"": ""Point"", ""coordinates"": [-78.66842261830513, 35.783790079715594]}";White;Raleigh;Sidewalk / Crosswalk / Driveway Crossing;2;18;Urban (>70% Developed);Male;Passenger Car;0;#NULL!;0;0;White;No;0;20-24;Motorist Left Turn - Opposite Direction;None;No;No;Dry;0;Urban;No;12APR2010;0;18:48;Female;No;Institutional;B: Evident Injury;No;O: No Injury;3815;April;0;Straight - Level;Piedmont;With Traffic;Yield Sign;Monday;Intersection;21;0;Two-Way, Not Divided;3 lanes;0;#NULL!;#NULL!;Coarse Asphalt;#NULL!;T-Intersection;Motorist Left Turn / Merge;Local Street;B: Evident Injury;Wake;19;Clear;#NULL!;16-20 mph;5 - 15 MPH;2010;Daylight;0-19
35.7023999661, -81.2942384025;"{""type"": ""Point"", ""coordinates"": [-81.29423840252275, 35.702399966107855]}";White;Hickory;Bike Lane / Paved Shoulder;2;19;Urban (>70% Developed);Male;Passenger Car;0;#NULL!;0;0;White;No;0;50-59;Bicyclist Left Turn - Same Direction;None;No;No;Dry;0;Urban;No;13APR2010;0;19:28;Male;No;Commercial;B: Evident Injury;No;O: No Injury;3817;April;0;Straight - Level;Piedmont;With Traffic;Stop And Go Signal;Tuesday;Intersection;54;0;Two-Way, Divided, Unprotected Median;7 lanes;0;#NULL!;#NULL!;Coarse Asphalt;#NULL!;Four-Way Intersection;Bicyclist Left Turn / Merge;Local Street;B: Evident Injury;Catawba;31;Clear;#NULL!;36-40 mph;40 - 45  MPH;2010;Daylight;30-39