Geo Point;Geo Shape;BikeRace;City;BikePos;NumUnits;CrashHour;Locality;BikeSex;DrvrVehTyp;NumBikesNo;BikeAlcDrg;NumBikesBI;RteInvdCd;DrvrRace;Workzone;NumBikesCi;BikeAgeGrp;CrashType;RdDefects;CrashAlcoh;BikeAlcoho;RdConditio;DstncMiFrm;RuralUrban;HitRun;CrashDate;NumBikesUI;CrashTime;DrvrSex;DrvrAlcoho;Developmen;CrashSevr;AmbulanceR;DrvrInjury;OBJECTID;CrashMonth;NumBikesKi;RdCharacte;Region;BikeDir;TraffCntrl;CrashDay;CrashLoc;BikeAge;NumBikesTo;RdConfig;NumLanes;NumBikesAI;DrvrAlcDrg;OnRoad;RdSurface;Towrd_Rd;RdFeature;CrashGrp;RdClass;BikeInjury;County;DrvrAge;Weather;FrmRd;DrvrEstSpd;SpeedLimit;CrashYear;LightCond;DrvrAgeGrp
35.8501970961, -78.6104426037;"{""type"": ""Point"", ""coordinates"": [-78.61044260365634, 35.85019709610178]}";Black;Raleigh;Travel Lane;2;15;Urban (>70% Developed);Male;Sport Utility;0;#NULL!;0;0;Hispanic;No;0;50-59;Motorist Left Turn - Opposite Direction;None;No;No;Dry;0;Urban;No;16MAR2010;0;15:28;Male;No;Commercial;C: Possible Injury;Yes;O: No Injury;3818;March;0;Straight - Level;Piedmont;With Traffic;Stop And Go Signal;Tuesday;Intersection;54;0;Two-Way, Divided, Unprotected Median;9 or more lanes;0;#NULL!;#NULL!;Smooth Asphalt;#NULL!;Four-Way Intersection;Motorist Left Turn / Merge;US Route;C: Possible Injury;Wake;36;Cloudy;#NULL!;11-15 mph;5 - 15 MPH;2010;Daylight;30-39
34.9831669626, -76.9824020649;"{""type"": ""Point"", ""coordinates"": [-76.98240206490651, 34.98316696261712]}";White;None - Rural Crash;Travel Lane;2;12;Rural (<30% Developed);Male;Passenger Car;0;#NULL!;0;0;White;No;0;50-59;Backing Vehicle;None;No;No;Dry;0;Rural;No;05MAY2012;0;12:52;Male;No;Residential;B: Evident Injury;Yes;O: No Injury;1987;May;0;Straight - Level;Coastal;With Traffic;No Control Present;Saturday;Non-Intersection;54;0;Two-Way, Not Divided;2 lanes;0;#NULL!;#NULL!;Smooth Asphalt;#NULL!;Driveway, Private;Backing Vehicle;State Secondary Route;B: Evident Injury;Craven;55;Clear;#NULL!;0-5 mph;30 - 35  MPH;2012;Daylight;50-59
35.7793571066, -77.8576023719;"{""type"": ""Point"", ""coordinates"": [-77.85760237192845, 35.77935710659034]}";White;None - Rural Crash;Bike Lane / Paved Shoulder;2;11;Rural (<30% Developed);Male;Pickup;0;#NULL!;0;0;Hispanic;No;0;50-59;Motorist Lost Control - Other / Unknown;None;Yes;No;Dry;0;Rural;Yes;07MAY2012;0;11:10;Male;Yes;Farms, Woods, Pastures;B: Evident Injury;Yes;O: No Injury;1993;May;0;Straight - Grade;Coastal;With Traffic;No Control Present;Monday;Non-Intersection;50;0;Two-Way, Divided, Unprotected Median;4 lanes;0;#NULL!;#NULL!;Coarse Asphalt;#NULL!;No Special Feature;Loss of Control / Turning Error;US Route;B: Evident Injury;Wilson;33;Cloudy;#NULL!;51-55 mph;50 - 55  MPH;2012;Daylight;30-39
35.1221869292, -78.8795026474;"{""type"": ""Point"", ""coordinates"": [-78.87950264741437, 35.12218692923282]}";Black;Fayetteville;Bike Lane / Paved Shoulder;2;14;Urban (>70% Developed);Male;Passenger Car;0;#NULL!;0;0;Hispanic;No;0;50-59;Crossing Paths - Intersection - Other / Unknown;None;No;No;Dry;0;Urban;No;16APR2012;0;14:45;Female;No;Commercial;C: Possible Injury;Yes;O: No Injury;2002;April;0;Straight - Level;Coastal;Facing Traffic;Stop And Go Signal;Monday;Intersection;55;0;Two-Way, Divided, Positive Median Barrier;5 lanes;0;#NULL!;#NULL!;Coarse Asphalt;#NULL!;No Special Feature;Crossing Paths - Other Circumstances;Local Street;C: Possible Injury;Cumberland;24;Clear;#NULL!;0-5 mph;40 - 45  MPH;2012;Daylight;20-24
35.7982770891, -78.4920025657;"{""type"": ""Point"", ""coordinates"": [-78.49200256572867, 35.79827708905408]}";Black;Knightdale;Travel Lane;2;16;Mixed (30% To 70% Developed);Male;Passenger Car;0;#NULL!;0;0;White;No;0;40-49;Motorist Drive Out - Right Turn on Red;None;Yes;Yes;Dry;0;Urban;No;02MAY2012;0;16:23;Female;No;Commercial;C: Possible Injury;Yes;O: No Injury;2005;May;0;Straight - Level;Piedmont;Facing Traffic;Stop And Go Signal;Wednesday;Intersection;49;0;Two-Way, Divided, Unprotected Median;2 lanes;0;#NULL!;#NULL!;Coarse Asphalt;#NULL!;Four-Way Intersection;Motorist Failed to Yield - Signalized Intersection;Local Street;C: Possible Injury;Wake;57;Clear;#NULL!;0-5 mph;20 - 25  MPH;2012;Daylight;50-59
35.9356871423, -77.8047023631;"{""type"": ""Point"", ""coordinates"": [-77.80470236309694, 35.93568714230386]}";Black;Rocky Mount;Unknown;2;21;Urban (>70% Developed);Female;Passenger Car;0;#NULL!;0;0;Black;No;0;40-49;Signalized Intersection - Other / Unknown;None;Yes;Yes;Dry;0;Urban;No;13APR2012;0;21:15;Male;No;Residential;C: Possible Injury;No;O: No Injury;2018;April;0;Straight - Level;Coastal;Unknown;Stop And Go Signal;Friday;Intersection-Related;46;0;Two-Way, Not Divided;5 lanes;0;#NULL!;#NULL!;Coarse Asphalt;#NULL!;Four-Way Intersection;Crossing Paths - Other Circumstances;Local Street;C: Possible Injury;Nash;20;Clear;#NULL!;6-10 mph;30 - 35  MPH;2012;Dark - Lighted Roadway;20-24
35.774767077, -78.6798026207;"{""type"": ""Point"", ""coordinates"": [-78.67980262065306, 35.774767077032315]}";White;Raleigh;Travel Lane;2;10;Urban (>70% Developed);Male;Unknown;0;#NULL!;0;0;Unknown/Missing;No;0;20-24;Motorist Right Turn - Same Direction;None;No;No;Dry;0;Urban;Yes;24APR2012;0;10:16;Unknown;Missing;Institutional;B: Evident Injury;Yes;Unknown Injury;2021;April;0;Straight - Level;Piedmont;With Traffic;Stop Sign;Tuesday;Intersection;22;0;Two-Way, Divided, Unprotected Median;4 lanes;0;#NULL!;#NULL!;Coarse Asphalt;#NULL!;T-Intersection;Motorist Right Turn / Merge;Local Street;B: Evident Injury;Wake;Unknown;Clear;#NULL!;11-15 mph;20 - 25  MPH;2012;Daylight;Unknown
36.1241570952, -80.2197031046;"{""type"": ""Point"", ""coordinates"": [-80.2197031046105, 36.12415709524257]}";Hispanic;Winston-Salem;Travel Lane;2;9;Urban (>70% Developed);Male;Sport Utility;0;#NULL!;0;0;Black;No;0;0-5;Bicyclist Ride Through - Sign-Controlled Intersection;None;No;No;Dry;0;Urban;No;21APR2012;0;9:57;Female;No;Residential;A: Disabling Injury;Yes;O: No Injury;2033;April;0;Straight - Level;Piedmont;With Traffic;No Control Present;Saturday;Intersection;4;0;Two-Way, Not Divided;2 lanes;0;#NULL!;#NULL!;Smooth Asphalt;#NULL!;Four-Way Intersection;Bicyclist Failed to Yield - Sign-Controlled Intersection;Local Street;A: Disabling Injury;Forsyth;25;Clear;#NULL!;21-25 mph;30 - 35  MPH;2012;Daylight;25-29
35.2961470075, -77.6932022972;"{""type"": ""Point"", ""coordinates"": [-77.69320229717478, 35.296147007461265]}";White;None - Rural Crash;Travel Lane;2;17;Mixed (30% To 70% Developed);Male;Pickup;0;#NULL!;0;0;White;No;0;60-69;Motorist Turning Error - Left Turn;None;No;No;Dry;0;Rural;No;19MAY2012;0;17:40;Male;No;Residential;B: Evident Injury;Yes;O: No Injury;2042;May;0;Straight - Level;Coastal;With Traffic;Stop Sign;Saturday;Intersection;60;0;Two-Way, Not Divided;2 lanes;0;#NULL!;#NULL!;Coarse Asphalt;#NULL!;T-Intersection;Loss of Control / Turning Error;State Secondary Route;B: Evident Injury;Lenoir;16;Clear;#NULL!;21-25 mph;40 - 45  MPH;2012;Daylight;0-19
35.769487077, -78.6484026112;"{""type"": ""Point"", ""coordinates"": [-78.64840261120185, 35.769487076985854]}";Black;Raleigh;Travel Lane;2;9;Urban (>70% Developed);Male;Passenger Car;0;#NULL!;0;0;Hispanic;No;0;50-59;Motorist Drive Out - Right Turn on Red;None;No;No;Dry;0;Urban;No;14MAY2012;0;9:48;Female;No;Commercial;B: Evident Injury;Yes;O: No Injury;2046;May;0;Straight - Level;Piedmont;Facing Traffic;Stop And Go Signal;Monday;Intersection;52;0;One-Way, Not Divided;5 lanes;0;#NULL!;#NULL!;Smooth Asphalt;#NULL!;On or Off Ramp;Motorist Failed to Yield - Signalized Intersection;Interstate;B: Evident Injury;Wake;24;Clear;#NULL!;6-10 mph;20 - 25  MPH;2012;Daylight;20-24
35.9657670696, -80.0125030338;"{""type"": ""Point"", ""coordinates"": [-80.0125030338132, 35.96576706957296]}";Black;High Point;Travel Lane;2;14;Urban (>70% Developed);Male;Sport Utility;0;#NULL!;0;0;White;No;0;50-59;Bicyclist Ride Through - Signalized Intersection;None;No;No;Dry;0;Urban;No;16MAY2012;0;14:33;Male;No;Commercial;C: Possible Injury;Yes;C: Possible Injury;2051;May;0;Straight - Level;Piedmont;Facing Traffic;Stop And Go Signal;Wednesday;Intersection;56;0;Two-Way, Not Divided;5 lanes;0;#NULL!;#NULL!;Coarse Asphalt;#NULL!;Four-Way Intersection;Bicyclist Failed to Yield - Signalized Intersection;Local Street;C: Possible Injury;Guilford;26;Clear;#NULL!;6-10 mph;30 - 35  MPH;2012;Daylight;25-29
35.0857568533, -80.8178032267;"{""type"": ""Point"", ""coordinates"": [-80.81780322674524, 35.085756853278866]}";White;Charlotte;Sidewalk / Crosswalk / Driveway Crossing;2;13;Urban (>70% Developed);Male;Van;0;#NULL!;0;0;Asian;No;0;60-69;Motorist Drive Out - Commercial Driveway / Alley;None;No;No;Dry;0;Urban;No;18MAY2012;0;13:20;Female;No;Residential;C: Possible Injury;No;O: No Injury;2053;May;0;Straight - Level;Piedmont;With Traffic;Stop Sign;Friday;Non-Intersection;60;0;Two-Way, Divided, Positive Median Barrier;4 lanes;0;#NULL!;#NULL!;Smooth Asphalt;#NULL!;No Special Feature;Motorist Failed to Yield - Midblock;Local Street;C: Possible Injury;Mecklenburg;44;Clear;#NULL!;6-10 mph;40 - 45  MPH;2012;Daylight;40-49
35.9310871033, -78.888702693;"{""type"": ""Point"", ""coordinates"": [-78.88870269296031, 35.93108710331827]}";White;Durham;Travel Lane;2;10;Mixed (30% To 70% Developed);Female;Sport Utility;0;#NULL!;0;0;Black;No;0;25-29;Signalized Intersection - Other / Unknown;None;No;No;Dry;0;Urban;No;20MAY2012;0;10:51;Female;No;Residential;C: Possible Injury;No;O: No Injury;2059;May;0;Straight - Level;Piedmont;With Traffic;Stop And Go Signal;Sunday;Intersection;29;0;Two-Way, Divided, Unprotected Median;2 lanes;0;#NULL!;#NULL!;Smooth Asphalt;#NULL!;T-Intersection;Crossing Paths - Other Circumstances;NC Route;C: Possible Injury;Durham;38;Clear;#NULL!;6-10 mph;30 - 35  MPH;2012;Daylight;30-39
35.9831570676, -80.1617030801;"{""type"": ""Point"", ""coordinates"": [-80.161703080126, 35.98315706761484]}";White;None - Rural Crash;Travel Lane;2;17;Rural (<30% Developed);Male;Passenger Car;0;#NULL!;0;0;White;No;0;40-49;Parallel Paths - Other / Unknown;None;No;No;Unknown;0;Rural;No;29MAY2012;0;17:02;Male;No;Commercial;B: Evident Injury;Yes;O: No Injury;2073;May;0;Straight - Level;Piedmont;With Traffic;Double Yellow Line, No Passing Zone;Tuesday;Non-Intersection;48;0;Two-Way, Not Divided;2 lanes;0;#NULL!;#NULL!;Smooth Asphalt;#NULL!;No Special Feature;Parallel Paths - Other Circumstances;State Secondary Route;B: Evident Injury;Davidson;41;Other;#NULL!;16-20 mph;50 - 55  MPH;2012;Unknown;40-49
35.6107270858, -77.4014022238;"{""type"": ""Point"", ""coordinates"": [-77.40140222383548, 35.61072708583895]}";White;Greenville;Sidewalk / Crosswalk / Driveway Crossing;2;17;Mixed (30% To 70% Developed);Male;Passenger Car;0;#NULL!;0;0;Black;No;0;25-29;Motorist Drive Out - Sign-Controlled Intersection;None;No;No;Dry;0;Urban;No;14MAY2012;0;17:17;Female;No;Institutional;B: Evident Injury;Yes;O: No Injury;2074;May;0;Straight - Level;Coastal;Facing Traffic;Stop Sign;Monday;Intersection;28;0;One-Way, Not Divided;1 lane;0;#NULL!;#NULL!;Smooth Asphalt;#NULL!;T-Intersection;Motorist Failed to Yield - Sign-Controlled Intersection;Local Street;B: Evident Injury;Pitt;26;Cloudy;#NULL!;0-5 mph;Unknown;2012;Daylight;25-29
35.7770770776, -78.6829026226;"{""type"": ""Point"", ""coordinates"": [-78.68290262257439, 35.77707707759057]}";White;Raleigh;Travel Lane;2;13;Urban (>70% Developed);Male;Passenger Car;0;#NULL!;0;0;White;No;0;25-29;Motorist Overtaking - Other / Unknown;None;No;No;Dry;0;Urban;No;24MAY2012;0;13:42;Female;No;Residential;B: Evident Injury;No;O: No Injury;2081;May;0;Straight - Level;Piedmont;With Traffic;No Control Present;Thursday;Intersection-Related;25;0;Two-Way, Not Divided;2 lanes;0;#NULL!;#NULL!;Coarse Asphalt;#NULL!;No Special Feature;Motorist Overtaking Bicyclist;Local Street;B: Evident Injury;Wake;18;Clear;#NULL!;21-25 mph;30 - 35  MPH;2012;Daylight;0-19
35.7307870401, -79.4416028486;"{""type"": ""Point"", ""coordinates"": [-79.44160284863408, 35.730787040132775]}";Hispanic;Siler City;Driveway / Alley;2;18;Urban (>70% Developed);Male;Passenger Car;0;#NULL!;0;0;Black;No;0;11-15;Bicyclist Ride Out - Residential Driveway;None;No;No;Dry;0;Urban;No;25MAY2012;0;18:39;Female;No;Residential;B: Evident Injury;Yes;O: No Injury;2090;May;0;Straight - Level;Piedmont;Not Applicable;No Control Present;Friday;Non-Intersection;14;0;Two-Way, Not Divided;2 lanes;0;#NULL!;#NULL!;Coarse Asphalt;#NULL!;No Special Feature;Bicyclist Failed to Yield - Midblock;Local Street;B: Evident Injury;Chatham;70+;Clear;#NULL!;16-20 mph;5 - 15 MPH;2012;Daylight;70+
35.9247870935, -79.1196027626;"{""type"": ""Point"", ""coordinates"": [-79.11960276257409, 35.92478709351285]}";Black;None - Rural Crash;Travel Lane;2;0;Rural (<30% Developed);Male;Passenger Car;0;#NULL!;0;0;Black;No;0;50-59;Motorist Overtaking - Other / Unknown;None;Yes;Yes;Dry;0;Rural;No;03JUN2012;0;0:42;Female;No;Farms, Woods, Pastures;K: Killed;Yes;O: No Injury;2096;June;0;Curve - Level;Piedmont;With Traffic;Double Yellow Line, No Passing Zone;Sunday;Non-Intersection;51;0;Two-Way, Not Divided;2 lanes;0;#NULL!;#NULL!;Coarse Asphalt;#NULL!;No Special Feature;Motorist Overtaking Bicyclist;NC Route;K: Killed;Orange;27;Clear;#NULL!;51-55 mph;50 - 55  MPH;2012;Dark - Roadway Not Lighted;25-29
35.9552071464, -77.7999023632;"{""type"": ""Point"", ""coordinates"": [-77.79990236321953, 35.95520714637817]}";Black;Rocky Mount;Unknown;2;15;Urban (>70% Developed);Male;Passenger Car;0;#NULL!;0;0;Black;No;0;40-49;Signalized Intersection - Other / Unknown;None;No;No;Dry;0;Urban;No;02MAY2012;0;15:07;Male;No;Residential;O: No Injury;No;O: No Injury;2097;May;0;Straight - Level;Coastal;With Traffic;Stop And Go Signal;Wednesday;Intersection;47;0;One-Way, Not Divided;2 lanes;0;#NULL!;#NULL!;Smooth Asphalt;#NULL!;No Special Feature;Crossing Paths - Other Circumstances;Local Street;O: No Injury;Nash;22;Clear;#NULL!;0-5 mph;30 - 35  MPH;2012;Daylight;20-24
35.2630768893, -80.8546032474;"{""type"": ""Point"", ""coordinates"": [-80.85460324743136, 35.26307688932279]}";Black;Charlotte;Sidewalk / Crosswalk / Driveway Crossing;2;22;Rural (<30% Developed);Male;Sport Utility;0;#NULL!;0;0;Black;No;0;50-59;Bicyclist Ride Through - Signalized Intersection;None;No;No;Wet;0;Urban;No;12JUN2012;0;22:28;Female;No;Residential;C: Possible Injury;Yes;O: No Injury;2111;June;0;Straight - Level;Piedmont;Facing Traffic;Stop And Go Signal;Tuesday;Intersection;50;0;Two-Way, Not Divided;4 lanes;0;#NULL!;#NULL!;Smooth Asphalt;#NULL!;Four-Way Intersection;Bicyclist Failed to Yield - Signalized Intersection;Local Street;C: Possible Injury;Mecklenburg;44;Rain;#NULL!;0-5 mph;30 - 35  MPH;2012;Dark - Lighted Roadway;40-49
34.2309767678, -77.878102301;"{""type"": ""Point"", ""coordinates"": [-77.87810230100044, 34.23097676781321]}";Black;Wilmington;Sidewalk / Crosswalk / Driveway Crossing;2;17;Urban (>70% Developed);Male;Sport Utility;0;#NULL!;0;0;White;No;0;30-39;Motorist Drive Out - Commercial Driveway / Alley;None;No;No;Dry;0;Urban;No;29MAY2012;0;17:16;Female;No;Commercial;C: Possible Injury;Yes;O: No Injury;2113;May;0;Straight - Level;Coastal;Facing Traffic;No Control Present;Tuesday;Non-Intersection;39;0;Two-Way, Not Divided;3 lanes;0;#NULL!;#NULL!;Coarse Asphalt;#NULL!;No Special Feature;Motorist Failed to Yield - Midblock;Public Vehicular Area;C: Possible Injury;New Hanover;24;Clear;#NULL!;0-5 mph;20 - 25  MPH;2012;Daylight;20-24
36.0024271178, -78.9129027044;"{""type"": ""Point"", ""coordinates"": [-78.91290270435518, 36.00242711780114]}";White;Durham;Sidewalk / Crosswalk / Driveway Crossing;2;15;Urban (>70% Developed);Female;Passenger Car;0;#NULL!;0;0;Black;No;0;25-29;Signalized Intersection - Other / Unknown;None;No;No;Dry;0;Urban;No;12JUN2012;0;15:21;Male;No;Commercial;C: Possible Injury;Yes;O: No Injury;2115;June;0;Straight - Level;Piedmont;Facing Traffic;Stop And Go Signal;Tuesday;Intersection;27;0;Two-Way, Not Divided;4 lanes;0;#NULL!;#NULL!;Coarse Asphalt;#NULL!;No Special Feature;Crossing Paths - Other Circumstances;Local Street;C: Possible Injury;Durham;59;Cloudy;#NULL!;0-5 mph;30 - 35  MPH;2012;Daylight;50-59
35.5631271384, -75.4690016289;"{""type"": ""Point"", ""coordinates"": [-75.46900162894565, 35.56312713842988]}";White;None - Rural Crash;Bike Lane / Paved Shoulder;2;23;Urban (>70% Developed);Female;Sport Utility;0;#NULL!;0;0;White;No;0;30-39;Motorist Drive Out - Sign-Controlled Intersection;None;No;No;Dry;0;Rural;No;15JUN2012;0;23:05;Male;No;Residential;B: Evident Injury;Yes;O: No Injury;2124;June;0;Straight - Level;Coastal;With Traffic;Double Yellow Line, No Passing Zone;Friday;Intersection;37;0;Two-Way, Not Divided;2 lanes;0;#NULL!;#NULL!;Coarse Asphalt;#NULL!;T-Intersection;Motorist Failed to Yield - Sign-Controlled Intersection;NC Route;B: Evident Injury;Dare;60;Clear;#NULL!;0-5 mph;30 - 35  MPH;2012;Dark - Roadway Not Lighted;60-69
35.6732370111, -79.9274029924;"{""type"": ""Point"", ""coordinates"": [-79.9274029923799, 35.673237011089164]}";White;None - Rural Crash;Travel Lane;2;10;Rural (<30% Developed);Male;Passenger Car;0;#NULL!;0;0;White;No;0;60-69;Motorist Drive Out - Sign-Controlled Intersection;None;No;No;Dry;0;Rural;No;16JUN2012;0;10:34;Male;No;Farms, Woods, Pastures;B: Evident Injury;Yes;O: No Injury;2125;June;0;Straight - Grade;Piedmont;With Traffic;Stop Sign;Saturday;Intersection;67;0;Two-Way, Not Divided;2 lanes;0;#NULL!;#NULL!;Smooth Asphalt;#NULL!;T-Intersection;Motorist Failed to Yield - Sign-Controlled Intersection;State Secondary Route;B: Evident Injury;Randolph;54;Clear;#NULL!;0-5 mph;50 - 55  MPH;2012;Daylight;50-59
35.1184269891, -77.0918021045;"{""type"": ""Point"", ""coordinates"": [-77.09180210453862, 35.11842698907022]}";Black;New Bern;Travel Lane;2;21;Urban (>70% Developed);Male;Passenger Car;0;#NULL!;0;0;White;No;0;11-15;Motorist Drive Out - Sign-Controlled Intersection;None;No;No;Dry;0;Urban;No;10APR2012;0;21:18;Male;No;Residential;B: Evident Injury;No;O: No Injury;2128;April;0;Straight - Level;Coastal;Facing Traffic;Stop Sign;Tuesday;Intersection;11;0;Two-Way, Divided, Positive Median Barrier;2 lanes;0;#NULL!;#NULL!;Smooth Asphalt;#NULL!;T-Intersection;Motorist Failed to Yield - Sign-Controlled Intersection;Local Street;B: Evident Injury;Craven;22;Clear;#NULL!;0-5 mph;20 - 25  MPH;2012;Daylight;20-24
34.6647368912, -77.0349020665;"{""type"": ""Point"", ""coordinates"": [-77.03490206645641, 34.664736891237595]}";White;Emerald Isle;Travel Lane;2;18;Urban (>70% Developed);Male;Van;0;#NULL!;0;0;Black;No;0;Unknown;Crossing Paths - Uncontrolled Intersection;None;No;No;Dry;0;Rural;No;09JUN2012;0;18:20;Male;No;Commercial;C: Possible Injury;No;O: No Injury;2139;June;0;Straight - Level;Coastal;Unknown;No Control Present;Saturday;Intersection-Related;Unknown;0;Two-Way, Not Divided;2 lanes;0;#NULL!;#NULL!;Smooth Asphalt;#NULL!;No Special Feature;Crossing Paths - Other Circumstances;Local Street;C: Possible Injury;Carteret;40;Clear;#NULL!;0-5 mph;20 - 25  MPH;2012;Daylight;40-49
33.9102966884, -78.1170023585;"{""type"": ""Point"", ""coordinates"": [-78.11700235854006, 33.9102966883545]}";Black;Oak Island;Unknown;2;14;Urban (>70% Developed);Male;Passenger Car;0;#NULL!;0;0;White;No;0;11-15;Bicyclist Ride Out - Other Midblock;None;No;No;Dry;0;Urban;No;08JUN2012;0;14:00;Male;No;Residential;B: Evident Injury;Yes;O: No Injury;2144;June;0;Straight - Level;Coastal;Not Applicable;No Control Present;Friday;Non-Intersection;15;0;Two-Way, Not Divided;2 lanes;0;#NULL!;#NULL!;Smooth Asphalt;#NULL!;No Special Feature;Bicyclist Failed to Yield - Midblock;Local Street;B: Evident Injury;Brunswick;17;Clear;#NULL!;31-35 mph;30 - 35  MPH;2012;Daylight;0-19
36.305727084, -81.5097035017;"{""type"": ""Point"", ""coordinates"": [-81.50970350168167, 36.305727084004296]}";White;None - Rural Crash;Travel Lane;2;16;Rural (<30% Developed);Female;Pickup;0;#NULL!;0;0;White;No;0;50-59;Motorist Overtaking - Misjudged Space;None;No;No;Dry;0;Rural;No;20JUN2012;0;16:30;Male;No;Farms, Woods, Pastures;C: Possible Injury;No;O: No Injury;2146;June;0;Curve - Level;Mountains;With Traffic;Double Yellow Line, No Passing Zone;Wednesday;Non-Intersection;50;0;Two-Way, Not Divided;2 lanes;0;#NULL!;#NULL!;Smooth Asphalt;#NULL!;No Special Feature;Motorist Overtaking Bicyclist;State Secondary Route;C: Possible Injury;Ashe;40;Clear;#NULL!;11-15 mph;50 - 55  MPH;2012;Daylight;40-49
35.7700670781, -78.6134026005;"{""type"": ""Point"", ""coordinates"": [-78.61340260048352, 35.77006707814125]}";Black;Raleigh;Sidewalk / Crosswalk / Driveway Crossing;2;17;Urban (>70% Developed);Male;Passenger Car;0;#NULL!;0;0;Black;No;0;50-59;Motorist Drive Out - Commercial Driveway / Alley;Other;No;No;Wet;0;Urban;No;21JUN2012;0;17:28;Male;No;Commercial;C: Possible Injury;Yes;O: No Injury;2147;June;0;Straight - Level;Piedmont;Facing Traffic;Stop Sign;Thursday;Non-Intersection;51;0;Two-Way, Divided, Unprotected Median;3 lanes;0;#NULL!;#NULL!;Coarse Asphalt;#NULL!;Driveway, Public;Motorist Failed to Yield - Midblock;Local Street;C: Possible Injury;Wake;38;Rain;#NULL!;0-5 mph;40 - 45  MPH;2012;Daylight;30-39
36.330027204, -78.4299025755;"{""type"": ""Point"", ""coordinates"": [-78.42990257546487, 36.33002720400582]}";Black;Henderson;Travel Lane;2;16;Urban (>70% Developed);Male;Passenger Car;0;#NULL!;0;0;Black;No;0;11-15;Motorist Left Turn - Same Direction;None;No;No;Dry;0;Urban;No;15JUN2012;0;16:02;Female;No;Residential;B: Evident Injury;Yes;O: No Injury;2152;June;0;Straight - Hillcrest;Piedmont;Facing Traffic;Stop Sign;Friday;Intersection;15;0;Two-Way, Not Divided;2 lanes;0;#NULL!;#NULL!;Smooth Asphalt;#NULL!;T-Intersection;Motorist Left Turn / Merge;Local Street;B: Evident Injury;Vance;61;Clear;#NULL!;6-10 mph;30 - 35  MPH;2012;Daylight;60-69
35.5134070333, -78.3326025017;"{""type"": ""Point"", ""coordinates"": [-78.33260250170215, 35.513407033308496]}";Black;Smithfield;Unknown;2;14;Urban (>70% Developed);Male;Passenger Car;0;#NULL!;0;0;Hispanic;No;0;50-59;Unknown Approach Paths;None;No;No;Dry;0;Urban;No;16JUN2012;0;14:46;Female;No;Commercial;A: Disabling Injury;Yes;O: No Injury;2162;June;0;Straight - Level;Coastal;Unknown;No Control Present;Saturday;Intersection-Related;51;0;Two-Way, Not Divided;5 lanes;0;#NULL!;#NULL!;Coarse Asphalt;#NULL!;No Special Feature;Other / Unknown - Insufficient Details;US Route;A: Disabling Injury;Johnston;35;Clear;#NULL!;31-35 mph;30 - 35  MPH;2012;Daylight;30-39
36.0950971064, -79.761902965;"{""type"": ""Point"", ""coordinates"": [-79.761902964963, 36.09509710635093]}";Black;Greensboro;Non-Roadway;2;11;Urban (>70% Developed);Male;Passenger Car;0;#NULL!;0;0;Black;No;0;16-19;Bicyclist Ride Out - Commercial Driveway / Alley;None;No;No;Dry;0;Urban;No;29JUN2012;0;11:02;Female;No;Residential;C: Possible Injury;Yes;O: No Injury;2164;June;0;Straight - Level;Piedmont;Not Applicable;No Control Present;Friday;Non-Intersection;16;0;Two-Way, Not Divided;2 lanes;0;#NULL!;#NULL!;Smooth Asphalt;#NULL!;Driveway, Private;Bicyclist Failed to Yield - Midblock;Local Street;C: Possible Injury;Guilford;23;Clear;#NULL!;6-10 mph;30 - 35  MPH;2012;Daylight;20-24
35.2085768814, -80.757703215;"{""type"": ""Point"", ""coordinates"": [-80.75770321499068, 35.20857688137058]}";White;Charlotte;Sidewalk / Crosswalk / Driveway Crossing;2;20;Urban (>70% Developed);Male;Passenger Car;0;#NULL!;0;0;Black;No;0;50-59;Motorist Drive Out - Commercial Driveway / Alley;None;No;No;Dry;0;Urban;No;27JUN2012;0;20:23;Male;No;Residential;C: Possible Injury;Yes;O: No Injury;2168;June;0;Straight - Hillcrest;Piedmont;Facing Traffic;Stop Sign;Wednesday;Non-Intersection;54;0;Two-Way, Not Divided;2 lanes;0;#NULL!;#NULL!;Smooth Asphalt;#NULL!;No Special Feature;Motorist Failed to Yield - Midblock;Public Vehicular Area;C: Possible Injury;Mecklenburg;29;Clear;#NULL!;11-15 mph;5 - 15 MPH;2012;Dusk;25-29
35.1953368742, -80.8695032484;"{""type"": ""Point"", ""coordinates"": [-80.86950324836226, 35.195336874192535]}";White;Charlotte;Driveway / Alley;2;18;Urban (>70% Developed);Male;Sport Utility;0;#NULL!;0;0;White;No;0;6-10;Bicyclist Ride Out - Residential Driveway;None;No;No;Dry;0;Urban;No;27JUN2012;0;18:53;Male;No;Residential;C: Possible Injury;No;O: No Injury;2177;June;0;Straight - Hillcrest;Piedmont;Not Applicable;No Control Present;Wednesday;Non-Intersection;10;0;Two-Way, Not Divided;2 lanes;0;#NULL!;#NULL!;Smooth Asphalt;#NULL!;Driveway, Public;Bicyclist Failed to Yield - Midblock;Local Street;C: Possible Injury;Mecklenburg;30;Clear;#NULL!;16-20 mph;20 - 25  MPH;2012;Dusk;30-39
35.1148070242, -75.9841017667;"{""type"": ""Point"", ""coordinates"": [-75.98410176673748, 35.1148070241569]}";Hispanic;None - Rural Crash;Travel Lane;2;21;Urban (>70% Developed);Male;Pickup;0;#NULL!;0;0;White;No;0;30-39;Motorist Overtaking - Misjudged Space;None;No;No;Dry;0;Rural;No;04JUL2012;0;21:20;Male;No;Commercial;C: Possible Injury;Yes;O: No Injury;2180;July;0;Straight - Level;Coastal;With Traffic;Double Yellow Line, No Passing Zone;Wednesday;Non-Intersection;37;0;Two-Way, Not Divided;2 lanes;0;#NULL!;#NULL!;Coarse Asphalt;#NULL!;No Special Feature;Motorist Overtaking Bicyclist;NC Route;C: Possible Injury;Hyde;20;Clear;#NULL!;6-10 mph;20 - 25  MPH;2012;Dark - Lighted Roadway;20-24