Geo Point;Geo Shape;BikeRace;City;BikePos;NumUnits;CrashHour;Locality;BikeSex;DrvrVehTyp;NumBikesNo;BikeAlcDrg;NumBikesBI;RteInvdCd;DrvrRace;Workzone;NumBikesCi;BikeAgeGrp;CrashType;RdDefects;CrashAlcoh;BikeAlcoho;RdConditio;DstncMiFrm;RuralUrban;HitRun;CrashDate;NumBikesUI;CrashTime;DrvrSex;DrvrAlcoho;Developmen;CrashSevr;AmbulanceR;DrvrInjury;OBJECTID;CrashMonth;NumBikesKi;RdCharacte;Region;BikeDir;TraffCntrl;CrashDay;CrashLoc;BikeAge;NumBikesTo;RdConfig;NumLanes;NumBikesAI;DrvrAlcDrg;OnRoad;RdSurface;Towrd_Rd;RdFeature;CrashGrp;RdClass;BikeInjury;County;DrvrAge;Weather;FrmRd;DrvrEstSpd;SpeedLimit;CrashYear;LightCond;DrvrAgeGrp
35.7751670778, -78.6567026142;"{""type"": ""Point"", ""coordinates"": [-78.6567026141941, 35.775167077811716]}";White;Raleigh;Sidewalk / Crosswalk / Driveway Crossing;2;18;Urban (>70% Developed);Male;Pickup;0;#NULL!;0;0;White;No;0;20-24;Motorist Drive Out - Right Turn on Red;None;No;No;Dry;0;Urban;No;27JUN2012;0;18:49;Male;No;Institutional;C: Possible Injury;Yes;O: No Injury;2184;June;0;Straight - Level;Piedmont;Facing Traffic;Stop And Go Signal;Wednesday;Intersection;24;0;Two-Way, Not Divided;2 lanes;0;#NULL!;#NULL!;Smooth Asphalt;#NULL!;Four-Way Intersection;Motorist Failed to Yield - Signalized Intersection;Public Vehicular Area;C: Possible Injury;Wake;59;Clear;#NULL!;0-5 mph;5 - 15 MPH;2012;Daylight;50-59
35.3535970915, -75.50310163;"{""type"": ""Point"", ""coordinates"": [-75.50310163003209, 35.3535970914674]}";White;None - Rural Crash;Bike Lane / Paved Shoulder;2;9;Rural (<30% Developed);Male;Sport Utility;0;#NULL!;0;0;White;No;0;50-59;Motorist Lost Control - Other / Unknown;None;No;No;Dry;0;Rural;No;28JUN2012;0;9:49;Male;No;Farms, Woods, Pastures;C: Possible Injury;Yes;O: No Injury;2189;June;0;Straight - Level;Coastal;With Traffic;No Control Present;Thursday;Non-Intersection;57;0;Two-Way, Not Divided;2 lanes;0;#NULL!;#NULL!;Coarse Asphalt;#NULL!;No Special Feature;Loss of Control / Turning Error;NC Route;C: Possible Injury;Dare;33;Clear;#NULL!;51-55 mph;50 - 55  MPH;2012;Daylight;30-39
34.961586829, -80.744603198;"{""type"": ""Point"", ""coordinates"": [-80.74460319802895, 34.96158682904493]}";White;Waxhaw;Travel Lane;2;16;Mixed (30% To 70% Developed);Male;Sport Utility;0;#NULL!;0;0;White;No;0;16-19;Motorist Overtaking - Bicyclist Swerved;None;No;No;Dry;0;Rural;No;26JUN2012;0;16:52;Male;No;Commercial;C: Possible Injury;No;C: Possible Injury;2191;June;0;Curve - Grade;Piedmont;With Traffic;Double Yellow Line, No Passing Zone;Tuesday;Non-Intersection;17;0;Two-Way, Divided, Unprotected Median;2 lanes;0;#NULL!;#NULL!;Coarse Asphalt;#NULL!;No Special Feature;Motorist Overtaking Bicyclist;State Secondary Route;Unknown Injury;Union;25;Clear;#NULL!;41-45 mph;40 - 45  MPH;2012;Daylight;25-29
35.9840370739, -80.0135030346;"{""type"": ""Point"", ""coordinates"": [-80.01350303460053, 35.9840370738876]}";Black;High Point;Travel Lane;2;20;Urban (>70% Developed);Male;Sport Utility;0;#NULL!;0;0;White;No;0;50-59;Motorist Drive Out - Sign-Controlled Intersection;None;No;No;Dry;0;Urban;No;28JUN2012;0;20:26;Male;No;Commercial;C: Possible Injury;Yes;O: No Injury;2202;June;0;Straight - Level;Piedmont;Facing Traffic;Stop Sign;Thursday;Intersection;51;0;Two-Way, Not Divided;5 lanes;0;#NULL!;#NULL!;Smooth Asphalt;#NULL!;No Special Feature;Motorist Failed to Yield - Sign-Controlled Intersection;NC Route;C: Possible Injury;Guilford;19;Clear;#NULL!;0-5 mph;40 - 45  MPH;2012;Daylight;0-19
36.0172371204, -78.9216027077;"{""type"": ""Point"", ""coordinates"": [-78.92160270773415, 36.0172371204413]}";White;Durham;Travel Lane;2;17;Urban (>70% Developed);Male;Passenger Car;0;#NULL!;0;0;White;No;0;60-69;Motorist Left Turn - Opposite Direction;None;No;No;Dry;0;Urban;No;15JUL2012;0;17:47;Female;No;Residential;B: Evident Injury;Yes;O: No Injury;2206;July;0;Straight - Level;Piedmont;With Traffic;Stop And Go Signal;Sunday;Intersection;62;0;Two-Way, Not Divided;3 lanes;0;#NULL!;#NULL!;Smooth Asphalt;#NULL!;No Special Feature;Motorist Left Turn / Merge;Local Street;B: Evident Injury;Durham;70+;Clear;#NULL!;16-20 mph;30 - 35  MPH;2012;Daylight;70+
34.7175068934, -77.3203021553;"{""type"": ""Point"", ""coordinates"": [-77.32030215534179, 34.71750689344064]}";White;None - Rural Crash;Travel Lane;2;10;Mixed (30% To 70% Developed);Female;Sport Utility;0;#NULL!;0;0;White;No;0;40-49;Motorist Drive Out - Sign-Controlled Intersection;None;No;No;Water (Standing, Moving);0;Rural;No;08JUL2012;0;10:15;Male;No;Commercial;B: Evident Injury;Yes;O: No Injury;2207;July;0;Straight - Level;Coastal;With Traffic;Stop Sign;Sunday;Intersection;43;0;Two-Way, Not Divided;2 lanes;0;#NULL!;#NULL!;Smooth Asphalt;#NULL!;T-Intersection;Motorist Failed to Yield - Sign-Controlled Intersection;State Secondary Route;B: Evident Injury;Onslow;58;Clear;#NULL!;0-5 mph;40 - 45  MPH;2012;Daylight;50-59
35.2586168906, -80.8045032324;"{""type"": ""Point"", ""coordinates"": [-80.80450323244699, 35.258616890634244]}";Black;Charlotte;Non-Roadway;2;20;Urban (>70% Developed);Male;Passenger Car;0;#NULL!;0;0;White;No;0;6-10;Bicyclist Ride Out - Commercial Driveway / Alley;None;No;No;Dry;0;Urban;No;15JUL2012;0;20:00;Female;No;Residential;C: Possible Injury;Yes;O: No Injury;2208;July;0;Straight - Level;Piedmont;Not Applicable;No Control Present;Sunday;Non-Intersection;6;0;Two-Way, Not Divided;2 lanes;0;#NULL!;#NULL!;Smooth Asphalt;#NULL!;No Special Feature;Bicyclist Failed to Yield - Midblock;Local Street;C: Possible Injury;Mecklenburg;18;Clear;#NULL!;21-25 mph;20 - 25  MPH;2012;Daylight;0-19
35.2540168755, -81.1764033428;"{""type"": ""Point"", ""coordinates"": [-81.17640334277668, 35.25401687550403]}";Black;Gastonia;Travel Lane;2;16;Urban (>70% Developed);Female;Unknown;0;#NULL!;0;0;Unknown/Missing;No;0;11-15;Bicyclist Left Turn - Same Direction;None;No;No;Dry;0;Urban;Yes;21JUN2012;0;16:00;Unknown;Missing;Residential;C: Possible Injury;Yes;Unknown Injury;2211;June;0;Straight - Grade;Piedmont;With Traffic;No Control Present;Thursday;Non-Intersection;12;0;Two-Way, Not Divided;5 lanes;0;#NULL!;#NULL!;Smooth Asphalt;#NULL!;No Special Feature;Bicyclist Left Turn / Merge;NC Route;C: Possible Injury;Gaston;Unknown;Clear;#NULL!;31-35 mph;30 - 35  MPH;2012;Daylight;Unknown
35.8540669894, -81.5361034829;"{""type"": ""Point"", ""coordinates"": [-81.53610348285532, 35.85406698937076]}";White;None - Rural Crash;Travel Lane;2;10;Urban (>70% Developed);Female;Pickup;0;#NULL!;0;0;White;No;0;6-10;Bicyclist Ride Through - Sign-Controlled Intersection;None;No;No;Dry;0;Rural;No;17JUL2012;0;10:41;Female;No;Residential;C: Possible Injury;No;O: No Injury;2226;July;0;Straight - Level;Mountains;Facing Traffic;Stop Sign;Tuesday;Intersection;8;0;Two-Way, Not Divided;2 lanes;0;#NULL!;#NULL!;Smooth Asphalt;#NULL!;T-Intersection;Bicyclist Failed to Yield - Sign-Controlled Intersection;Local Street;C: Possible Injury;Caldwell;70+;Cloudy;#NULL!;11-15 mph;20 - 25  MPH;2012;Daylight;70+
36.3622771373, -80.4267031811;"{""type"": ""Point"", ""coordinates"": [-80.4267031810917, 36.36227713734777]}";White;None - Rural Crash;Travel Lane;2;8;Mixed (30% To 70% Developed);Male;Pickup;0;#NULL!;0;0;White;No;0;70+;Motorist Overtaking - Other / Unknown;None;No;No;Dry;0;Rural;No;22JUN2012;0;8:13;Male;No;Farms, Woods, Pastures;K: Killed;Yes;O: No Injury;2228;June;0;Straight - Level;Piedmont;With Traffic;Double Yellow Line, No Passing Zone;Friday;Non-Intersection;70+;0;Two-Way, Not Divided;2 lanes;0;#NULL!;#NULL!;Smooth Asphalt;#NULL!;No Special Feature;Motorist Overtaking Bicyclist;State Secondary Route;K: Killed;Stokes;58;Clear;#NULL!;51-55 mph;50 - 55  MPH;2012;Daylight;50-59
35.2349268937, -80.5692031603;"{""type"": ""Point"", ""coordinates"": [-80.5692031603381, 35.23492689365663]}";Hispanic;Midland;Driveway / Alley;2;18;Rural (<30% Developed);Male;Passenger Car;0;#NULL!;0;0;White;No;0;50-59;Motorist Drive Out - Residential Driveway;None;No;No;Dry;0;Rural;No;24JUL2012;0;18:57;Female;No;Residential;B: Evident Injury;Yes;O: No Injury;2242;July;0;Straight - Level;Piedmont;Not Applicable;No Control Present;Tuesday;Non-Intersection;51;0;Two-Way, Not Divided;2 lanes;0;#NULL!;#NULL!;Coarse Asphalt;#NULL!;Driveway, Private;Motorist Failed to Yield - Midblock;State Secondary Route;B: Evident Injury;Cabarrus;17;Cloudy;#NULL!;0-5 mph;40 - 45  MPH;2012;Daylight;0-19
35.0358569126, -78.8351026297;"{""type"": ""Point"", ""coordinates"": [-78.83510262969527, 35.03585691258092]}";White;None - Rural Crash;Travel Lane;2;2;Rural (<30% Developed);Female;Unknown;0;#NULL!;0;0;Unknown/Missing;No;0;25-29;Parallel Paths - Other / Unknown;None;No;No;Dry;0;Rural;Yes;13JUL2012;0;2:30;Unknown;Missing;Residential;B: Evident Injury;Yes;Unknown Injury;2245;July;0;Curve - Level;Coastal;Unknown;No Control Present;Friday;Non-Intersection;26;0;Two-Way, Not Divided;2 lanes;0;#NULL!;#NULL!;Smooth Asphalt;#NULL!;No Special Feature;Parallel Paths - Other Circumstances;Public Vehicular Area;B: Evident Injury;Cumberland;Unknown;Cloudy;#NULL!;Unknown;Unknown;2012;Dark - Roadway Not Lighted;Unknown
36.0461671269, -78.9026027028;"{""type"": ""Point"", ""coordinates"": [-78.9026027027632, 36.046167126940134]}";Hispanic;Durham;Travel Lane;2;18;Urban (>70% Developed);Male;Passenger Car;0;#NULL!;0;0;White;No;0;20-24;Signalized Intersection - Other / Unknown;None;No;No;Dry;0;Urban;No;25JUL2012;0;18:03;Male;No;Commercial;B: Evident Injury;No;O: No Injury;2246;July;0;Straight - Level;Piedmont;Facing Traffic;Stop And Go Signal;Wednesday;Intersection;22;0;Two-Way, Not Divided;3 lanes;0;#NULL!;#NULL!;Smooth Asphalt;#NULL!;No Special Feature;Crossing Paths - Other Circumstances;Local Street;B: Evident Injury;Durham;37;Clear;#NULL!;0-5 mph;30 - 35  MPH;2012;Daylight;30-39
34.7892169237, -76.8761020234;"{""type"": ""Point"", ""coordinates"": [-76.87610202335722, 34.78921692374255]}";White;None - Rural Crash;Travel Lane;2;14;Mixed (30% To 70% Developed);Male;Sport Utility;0;#NULL!;0;0;White;No;0;25-29;Bicyclist Ride Through - Signalized Intersection;None;No;No;Dry;0;Rural;No;25JUL2012;0;14:05;Female;No;Commercial;A: Disabling Injury;Yes;O: No Injury;2254;July;0;Straight - Level;Coastal;With Traffic;Stop And Go Signal;Wednesday;Intersection;28;0;Two-Way, Divided, Unprotected Median;4 lanes;0;#NULL!;#NULL!;Smooth Asphalt;#NULL!;Four-Way Intersection;Bicyclist Failed to Yield - Signalized Intersection;US Route;A: Disabling Injury;Carteret;52;Clear;#NULL!;51-55 mph;50 - 55  MPH;2012;Daylight;50-59
35.602727086, -77.3540022087;"{""type"": ""Point"", ""coordinates"": [-77.35400220872874, 35.60272708601659]}";White;Greenville;Unknown;2;18;Urban (>70% Developed);Male;Sport Utility;0;#NULL!;0;0;Black;No;0;40-49;Bicyclist Ride Through - Sign-Controlled Intersection;None;No;No;Dry;0;Urban;No;27JUL2012;0;18:33;Female;No;Residential;C: Possible Injury;Yes;O: No Injury;2271;July;0;Straight - Level;Coastal;Unknown;Other;Friday;Intersection-Related;43;0;Two-Way, Not Divided;5 lanes;0;#NULL!;#NULL!;Smooth Asphalt;#NULL!;Other;Bicyclist Failed to Yield - Sign-Controlled Intersection;Local Street;C: Possible Injury;Pitt;22;Clear;#NULL!;41-45 mph;40 - 45  MPH;2012;Daylight;20-24
34.2259367645, -77.9241023144;"{""type"": ""Point"", ""coordinates"": [-77.92410231443623, 34.225936764470724]}";Black;Wilmington;Travel Lane;2;1;Urban (>70% Developed);Male;Unknown;0;#NULL!;0;0;Unknown/Missing;No;0;20-24;Motorist Drive Through - Signalized Intersection;None;No;No;Dry;0;Urban;Yes;26JUL2012;0;1:13;Unknown;Missing;Commercial;B: Evident Injury;Yes;Unknown Injury;2274;July;0;Straight - Level;Coastal;With Traffic;Flashing Stop And Go Signal;Thursday;Intersection;21;0;Two-Way, Not Divided;3 lanes;0;#NULL!;#NULL!;Coarse Asphalt;#NULL!;No Special Feature;Motorist Failed to Yield - Signalized Intersection;NC Route;B: Evident Injury;New Hanover;Unknown;Clear;#NULL!;Unknown;Unknown;2012;Dark - Lighted Roadway;Unknown
36.1096870169, -82.1960036947;"{""type"": ""Point"", ""coordinates"": [-82.19600369470079, 36.10968701693237]}";White;None - Rural Crash;Travel Lane;2;20;Rural (<30% Developed);Male;Passenger Car;0;#NULL!;0;0;White;No;0;11-15;Motorist Overtaking - Other / Unknown;None;No;No;Dry;0;Rural;Yes;01AUG2012;0;20:00;Female;No;Farms, Woods, Pastures;C: Possible Injury;No;O: No Injury;2277;August;0;Straight - Level;Mountains;With Traffic;Double Yellow Line, No Passing Zone;Wednesday;Non-Intersection;15;0;Two-Way, Not Divided;2 lanes;0;#NULL!;#NULL!;Smooth Asphalt;#NULL!;No Special Feature;Motorist Overtaking Bicyclist;NC Route;C: Possible Injury;Mitchell;54;Clear;#NULL!;41-45 mph;40 - 45  MPH;2012;Dusk;50-59
35.6646169583, -81.2927034001;"{""type"": ""Point"", ""coordinates"": [-81.29270340012934, 35.66461695832467]}";White;None - Rural Crash;Travel Lane;2;8;Mixed (30% To 70% Developed);Male;Passenger Car;0;#NULL!;0;0;White;No;0;50-59;Motorist Overtaking - Other / Unknown;None;No;No;Dry;0;Rural;No;07AUG2012;0;8:55;Female;No;Farms, Woods, Pastures;C: Possible Injury;No;O: No Injury;2287;August;0;Curve - Grade;Piedmont;With Traffic;Double Yellow Line, No Passing Zone;Tuesday;Non-Intersection;55;0;Two-Way, Not Divided;2 lanes;0;#NULL!;#NULL!;Smooth Asphalt;#NULL!;No Special Feature;Motorist Overtaking Bicyclist;State Secondary Route;C: Possible Injury;Catawba;41;Cloudy;#NULL!;41-45 mph;40 - 45  MPH;2012;Daylight;40-49
35.5807069561, -80.8818032724;"{""type"": ""Point"", ""coordinates"": [-80.8818032723912, 35.58070695614424]}";White;Mooresville;Sidewalk / Crosswalk / Driveway Crossing;2;16;Urban (>70% Developed);Male;Light Truck (Mini-Van, Panel);0;#NULL!;0;0;White;No;0;Unknown;Motorist Drive Out - Commercial Driveway / Alley;None;No;No;Dry;0;Urban;No;01AUG2012;0;16:17;Male;No;Commercial;C: Possible Injury;Yes;O: No Injury;2289;August;0;Straight - Grade;Piedmont;Facing Traffic;No Control Present;Wednesday;Non-Intersection;Unknown;0;Two-Way, Divided, Positive Median Barrier;8 lanes;0;#NULL!;#NULL!;Coarse Asphalt;#NULL!;No Special Feature;Motorist Failed to Yield - Midblock;Local Street;C: Possible Injury;Iredell;39;Clear;#NULL!;Unknown;40 - 45  MPH;2012;Daylight;30-39
36.1807371991, -77.6661023337;"{""type"": ""Point"", ""coordinates"": [-77.6661023336738, 36.180737199066115]}";Black;Enfield;Travel Lane;2;15;Urban (>70% Developed);Male;Passenger Car;0;#NULL!;0;0;Black;No;0;30-39;Motorist Overtaking - Misjudged Space;None;No;No;Dry;0;Rural;No;27JUL2012;0;15:20;Female;No;Commercial;C: Possible Injury;Yes;O: No Injury;2291;July;0;Straight - Level;Coastal;With Traffic;No Control Present;Friday;Intersection;31;0;Two-Way, Not Divided;2 lanes;0;#NULL!;#NULL!;Smooth Asphalt;#NULL!;T-Intersection;Motorist Overtaking Bicyclist;Local Street;C: Possible Injury;Halifax;46;Clear;#NULL!;16-20 mph;20 - 25  MPH;2012;Daylight;40-49
34.9955368995, -78.9653026671;"{""type"": ""Point"", ""coordinates"": [-78.96530266711434, 34.99553689946909]}";Black;None - Rural Crash;Travel Lane;2;14;Mixed (30% To 70% Developed);Male;Passenger Car;0;#NULL!;0;0;White;No;0;11-15;Motorist Overtaking - Bicyclist Swerved;None;No;No;Dry;0;Rural;No;05AUG2012;0;14:54;Male;No;Residential;C: Possible Injury;Yes;O: No Injury;2293;August;0;Straight - Level;Coastal;With Traffic;Double Yellow Line, No Passing Zone;Sunday;Non-Intersection;12;0;Two-Way, Not Divided;2 lanes;0;#NULL!;#NULL!;Coarse Asphalt;#NULL!;No Special Feature;Motorist Overtaking Bicyclist;State Secondary Route;C: Possible Injury;Cumberland;17;Clear;#NULL!;41-45 mph;40 - 45  MPH;2012;Daylight;0-19
34.7718468335, -79.4514028014;"{""type"": ""Point"", ""coordinates"": [-79.45140280137501, 34.771846833537545]}";White;Laurinburg;Travel Lane;2;15;Urban (>70% Developed);Male;Passenger Car;0;#NULL!;0;0;Unknown/Missing;No;0;40-49;Bicyclist Overtaking - Parked Vehicle;None;Yes;Yes;Dry;0;Urban;No;06AUG2012;0;15:20;Unknown;Missing;Residential;B: Evident Injury;Yes;Unknown Injury;2302;August;0;Straight - Grade;Coastal;With Traffic;No Control Present;Monday;Intersection-Related;46;0;Two-Way, Not Divided;2 lanes;0;#NULL!;#NULL!;Coarse Asphalt;#NULL!;No Special Feature;Bicyclist Overtaking Motorist;Local Street;B: Evident Injury;Scotland;Unknown;Clear;#NULL!;Unknown;Unknown;2012;Daylight;Unknown
35.9943871354, -78.369702539;"{""type"": ""Point"", ""coordinates"": [-78.36970253902655, 35.99438713538218]}";Hispanic;None - Rural Crash;Travel Lane;3;10;Rural (<30% Developed);Male;Passenger Car;0;#NULL!;0;0;White;No;0;20-24;Motorist Overtaking - Other / Unknown;None;No;No;Dry;0;Rural;No;14AUG2012;0;10:29;Female;No;Residential;B: Evident Injury;Yes;O: No Injury;2309;August;0;Straight - Grade;Piedmont;With Traffic;Double Yellow Line, No Passing Zone;Tuesday;Non-Intersection;21;0;Two-Way, Not Divided;2 lanes;0;#NULL!;#NULL!;Smooth Asphalt;#NULL!;No Special Feature;Motorist Overtaking Bicyclist;US Route;C: Possible Injury;Franklin;19;Clear;#NULL!;51-55 mph;50 - 55  MPH;2012;Daylight;0-19
35.2359868868, -80.773703222;"{""type"": ""Point"", ""coordinates"": [-80.77370322204122, 35.235986886849474]}";Black;Charlotte;Travel Lane;2;11;Urban (>70% Developed);Male;Pickup;0;#NULL!;0;0;Black;No;0;20-24;Bicyclist Lost Control - Mechanical Problems;None;No;No;Dry;0;Urban;No;17AUG2012;0;11:23;Male;No;Commercial;C: Possible Injury;No;O: No Injury;2316;August;0;Straight - Level;Piedmont;With Traffic;Stop Sign;Friday;Intersection;20;0;Two-Way, Divided, Unprotected Median;4 lanes;0;#NULL!;#NULL!;Smooth Asphalt;#NULL!;No Special Feature;Loss of Control / Turning Error;Local Street;C: Possible Injury;Mecklenburg;64;Clear;#NULL!;0-5 mph;30 - 35  MPH;2012;Daylight;60-69
35.8188970805, -78.8464026737;"{""type"": ""Point"", ""coordinates"": [-78.84640267365275, 35.81889708048252]}";White;Morrisville;Travel Lane;2;16;Urban (>70% Developed);Female;Sport Utility;0;#NULL!;0;0;White;No;0;40-49;Non-Roadway;None;No;No;Dry;0;Urban;No;18AUG2012;0;16:00;Male;No;Commercial;C: Possible Injury;No;O: No Injury;2317;August;0;Straight - Level;Piedmont;Not Applicable;Stop Sign;Saturday;Non-Roadway;49;0;Two-Way, Not Divided;Unknown;0;#NULL!;#NULL!;Smooth Asphalt;#NULL!;Driveway, Public;Non-Roadway;Public Vehicular Area;C: Possible Injury;Wake;38;Clear;#NULL!;0-5 mph;5 - 15 MPH;2012;Daylight;30-39
35.6114770858, -77.4147022274;"{""type"": ""Point"", ""coordinates"": [-77.41470222743501, 35.61147708582391]}";Black;Greenville;Travel Lane;2;22;Urban (>70% Developed);Male;Commercial Bus;0;#NULL!;0;0;Asian;No;0;Unknown;Motorist Drive Out - Sign-Controlled Intersection;None;No;No;Dry;0;Urban;No;16JUL2012;0;22:00;Male;No;Institutional;O: No Injury;No;O: No Injury;2325;July;0;Straight - Level;Coastal;Facing Traffic;Stop Sign;Monday;Intersection-Related;Unknown;0;Two-Way, Divided, Unprotected Median;2 lanes;0;#NULL!;#NULL!;Smooth Asphalt;#NULL!;T-Intersection;Motorist Failed to Yield - Sign-Controlled Intersection;Local Street;O: No Injury;Pitt;70+;Clear;#NULL!;6-10 mph;40 - 45  MPH;2012;Dark - Roadway Not Lighted;70+
35.6727669911, -80.471903155;"{""type"": ""Point"", ""coordinates"": [-80.47190315498149, 35.67276699113794]}";Black;Salisbury;Travel Lane;2;16;Urban (>70% Developed);Male;Passenger Car;0;#NULL!;0;0;White;No;0;50-59;Crossing Paths - Intersection - Other / Unknown;None;No;No;Wet;0;Urban;No;17AUG2012;0;16:29;Male;No;Residential;O: No Injury;Yes;O: No Injury;2330;August;0;Straight - Level;Piedmont;With Traffic;Stop Sign;Friday;Intersection-Related;55;0;Two-Way, Not Divided;2 lanes;0;#NULL!;#NULL!;Smooth Asphalt;#NULL!;T-Intersection;Crossing Paths - Other Circumstances;Local Street;O: No Injury;Rowan;53;Rain;#NULL!;6-10 mph;30 - 35  MPH;2012;Daylight;50-59
35.5833568945, -82.5259037607;"{""type"": ""Point"", ""coordinates"": [-82.52590376065929, 35.58335689452906]}";Black;Asheville;Driveway / Alley;2;12;Urban (>70% Developed);Female;Single Unit Truck (2-Axle, 6-Tire);0;#NULL!;0;0;White;No;0;20-24;Crossing Paths - Uncontrolled Intersection;None;No;No;Dry;0;Urban;No;17AUG2012;0;12:53;Male;No;Commercial;B: Evident Injury;No;B: Evident Injury;2353;August;0;Straight - Bottom;Mountains;Not Applicable;Stop And Go Signal;Friday;Intersection;22;0;Two-Way, Not Divided;8 lanes;0;#NULL!;#NULL!;Coarse Asphalt;#NULL!;Four-Way Intersection;Crossing Paths - Other Circumstances;US Route;O: No Injury;Buncombe;62;Cloudy;#NULL!;31-35 mph;30 - 35  MPH;2012;Daylight;60-69
35.7439870965, -77.9434023961;"{""type"": ""Point"", ""coordinates"": [-77.9434023961205, 35.743987096515156]}";White;Wilson;Bike Lane / Paved Shoulder;2;19;Urban (>70% Developed);Male;Passenger Car;0;#NULL!;0;0;White;No;0;70+;Motorist Drive Out - Sign-Controlled Intersection;None;No;No;Dry;0;Urban;No;09AUG2012;0;19:41;Female;No;Residential;B: Evident Injury;Yes;O: No Injury;2360;August;0;Straight - Level;Coastal;With Traffic;Stop Sign;Thursday;Intersection;70+;0;Two-Way, Divided, Unprotected Median;2 lanes;0;#NULL!;#NULL!;Coarse Asphalt;#NULL!;No Special Feature;Motorist Failed to Yield - Sign-Controlled Intersection;Local Street;B: Evident Injury;Wilson;17;Clear;#NULL!;11-15 mph;30 - 35  MPH;2012;Dusk;0-19
35.8407470928, -78.6429026134;"{""type"": ""Point"", ""coordinates"": [-78.64290261335967, 35.84074709284636]}";Black;Raleigh;Sidewalk / Crosswalk / Driveway Crossing;2;19;Urban (>70% Developed);Male;Sport Utility;0;#NULL!;0;0;White;No;0;50-59;Motorist Drive Out - Commercial Driveway / Alley;None;No;No;Dry;0;Urban;No;26AUG2012;0;19:52;Male;No;Commercial;B: Evident Injury;Yes;O: No Injury;2364;August;0;Straight - Level;Piedmont;Facing Traffic;Stop Sign;Sunday;Non-Intersection;50;0;Two-Way, Not Divided;6 lanes;0;#NULL!;#NULL!;Smooth Asphalt;#NULL!;No Special Feature;Motorist Failed to Yield - Midblock;Local Street;B: Evident Injury;Wake;47;Clear;#NULL!;0-5 mph;30 - 35  MPH;2012;Daylight;40-49
35.3981570212, -77.9620023837;"{""type"": ""Point"", ""coordinates"": [-77.96200238367051, 35.39815702121218]}";White;Goldsboro;Travel Lane;2;12;Urban (>70% Developed);Male;Passenger Car;0;#NULL!;0;0;White;No;0;20-24;Bicyclist Ride Through - Signalized Intersection;None;No;No;Dry;0;Urban;No;29AUG2012;0;12:20;Female;No;Commercial;C: Possible Injury;Yes;O: No Injury;2386;August;0;Straight - Level;Coastal;With Traffic;Stop And Go Signal;Wednesday;Intersection;23;0;Two-Way, Not Divided;5 lanes;0;#NULL!;#NULL!;Smooth Asphalt;#NULL!;Four-Way Intersection;Bicyclist Failed to Yield - Signalized Intersection;Local Street;C: Possible Injury;Wayne;60;Clear;#NULL!;0-5 mph;30 - 35  MPH;2012;Daylight;60-69
35.7808370783, -78.6937026258;"{""type"": ""Point"", ""coordinates"": [-78.69370262582474, 35.78083707828769]}";Black;Raleigh;Sidewalk / Crosswalk / Driveway Crossing;2;12;Urban (>70% Developed);Male;Passenger Car;0;#NULL!;0;0;White;No;0;30-39;Motorist Drive Out - Sign-Controlled Intersection;None;No;No;Dry;0;Urban;No;07SEP2012;0;12:24;Female;No;Commercial;C: Possible Injury;Yes;O: No Injury;2402;September;0;Straight - Level;Piedmont;Facing Traffic;Stop Sign;Friday;Intersection;33;0;Two-Way, Not Divided;2 lanes;0;#NULL!;#NULL!;Smooth Asphalt;#NULL!;T-Intersection;Motorist Failed to Yield - Sign-Controlled Intersection;Local Street;C: Possible Injury;Wake;53;Clear;#NULL!;6-10 mph;20 - 25  MPH;2012;Daylight;50-59
35.902987093, -79.0108027277;"{""type"": ""Point"", ""coordinates"": [-79.01080272773507, 35.902987093035094]}";White;Chapel Hill;Travel Lane;2;16;Urban (>70% Developed);Male;Passenger Car;0;#NULL!;0;0;White;No;0;50-59;Bicyclist Right Turn - Same Direction;None;Yes;Yes;Dry;0;Urban;No;30AUG2012;0;16:06;Female;No;Commercial;B: Evident Injury;Yes;O: No Injury;2405;August;0;Straight - Level;Piedmont;With Traffic;No Control Present;Thursday;Intersection-Related;51;0;Two-Way, Divided, Unprotected Median;6 lanes;0;#NULL!;#NULL!;Smooth Asphalt;#NULL!;No Special Feature;Bicyclist Right Turn / Merge;NC Route;B: Evident Injury;Orange;24;Clear;#NULL!;0-5 mph;40 - 45  MPH;2012;Daylight;20-24
34.7858769063, -77.3942021805;"{""type"": ""Point"", ""coordinates"": [-77.39420218054205, 34.785876906329634]}";Hispanic;Jacksonville;Non-Roadway;2;11;Urban (>70% Developed);Male;Passenger Car;0;#NULL!;0;0;Hispanic;No;0;6-10;Non-Roadway;None;No;No;Dry;0;Urban;No;23AUG2012;0;11:11;Female;No;Residential;B: Evident Injury;Yes;O: No Injury;2411;August;0;Straight - Level;Coastal;Not Applicable;Stop Sign;Thursday;Non-Roadway;8;0;Two-Way, Not Divided;Unknown;0;#NULL!;#NULL!;Smooth Asphalt;#NULL!;Traffic Circle/Roundabout;Non-Roadway;Public Vehicular Area;B: Evident Injury;Onslow;25;Clear;#NULL!;0-5 mph;Unknown;2012;Daylight;25-29