Geo Point;Geo Shape;BikeRace;City;BikePos;NumUnits;CrashHour;Locality;BikeSex;DrvrVehTyp;NumBikesNo;BikeAlcDrg;NumBikesBI;RteInvdCd;DrvrRace;Workzone;NumBikesCi;BikeAgeGrp;CrashType;RdDefects;CrashAlcoh;BikeAlcoho;RdConditio;DstncMiFrm;RuralUrban;HitRun;CrashDate;NumBikesUI;CrashTime;DrvrSex;DrvrAlcoho;Developmen;CrashSevr;AmbulanceR;DrvrInjury;OBJECTID;CrashMonth;NumBikesKi;RdCharacte;Region;BikeDir;TraffCntrl;CrashDay;CrashLoc;BikeAge;NumBikesTo;RdConfig;NumLanes;NumBikesAI;DrvrAlcDrg;OnRoad;RdSurface;Towrd_Rd;RdFeature;CrashGrp;RdClass;BikeInjury;County;DrvrAge;Weather;FrmRd;DrvrEstSpd;SpeedLimit;CrashYear;LightCond;DrvrAgeGrp
35.7853770695, -78.9628027071;"{""type"": ""Point"", ""coordinates"": [-78.96280270705172, 35.78537706949059]}";White;None - Rural Crash;Travel Lane;2;9;Mixed (30% To 70% Developed);Male;Pickup;0;#NULL!;0;0;White;No;0;50-59;Motorist Overtaking - Other / Unknown;None;No;No;Dry;0;Rural;No;03SEP2012;0;9:53;Male;No;Residential;C: Possible Injury;No;O: No Injury;2412;September;0;Straight - Level;Piedmont;With Traffic;Double Yellow Line, No Passing Zone;Monday;Non-Intersection;58;0;Two-Way, Not Divided;2 lanes;0;#NULL!;#NULL!;Smooth Asphalt;#NULL!;No Special Feature;Motorist Overtaking Bicyclist;NC Route;C: Possible Injury;Chatham;70+;Cloudy;#NULL!;21-25 mph;50 - 55  MPH;2012;Daylight;70+
35.0641469126, -79.0139026854;"{""type"": ""Point"", ""coordinates"": [-79.01390268543575, 35.06414691259906]}";White;Fayetteville;Travel Lane;2;16;Urban (>70% Developed);Male;Passenger Car;0;#NULL!;0;0;Black;No;0;25-29;Bicyclist Ride Through - Sign-Controlled Intersection;None;No;No;Dry;0;Urban;No;07SEP2012;0;16:45;Male;No;Commercial;C: Possible Injury;No;O: No Injury;2426;September;0;Straight - Level;Coastal;Not Applicable;Stop Sign;Friday;Intersection;25;0;Two-Way, Not Divided;2 lanes;0;#NULL!;#NULL!;Coarse Asphalt;#NULL!;No Special Feature;Bicyclist Failed to Yield - Sign-Controlled Intersection;Local Street;C: Possible Injury;Cumberland;19;Clear;#NULL!;6-10 mph;5 - 15 MPH;2012;Daylight;0-19
35.9638571047, -79.0476027423;"{""type"": ""Point"", ""coordinates"": [-79.04760274234486, 35.96385710469286]}";Black;None - Rural Crash;Travel Lane;2;2;Urban (>70% Developed);Male;Van;0;#NULL!;0;0;Black;No;0;25-29;Bicyclist Ride Through - Sign-Controlled Intersection;None;Yes;Yes;Dry;0;Rural;No;14SEP2012;0;2:47;Male;No;Residential;C: Possible Injury;Yes;O: No Injury;2434;September;0;Straight - Level;Piedmont;With Traffic;Stop Sign;Friday;Intersection;25;0;Two-Way, Not Divided;2 lanes;0;#NULL!;#NULL!;Smooth Asphalt;#NULL!;No Special Feature;Bicyclist Failed to Yield - Sign-Controlled Intersection;Local Street;C: Possible Injury;Orange;49;Clear;#NULL!;31-35 mph;30 - 35  MPH;2012;Dark - Lighted Roadway;40-49
35.441896927, -80.8633032599;"{""type"": ""Point"", ""coordinates"": [-80.8633032598834, 35.44189692697809]}";White;Huntersville;Sidewalk / Crosswalk / Driveway Crossing;2;15;Urban (>70% Developed);Male;Unknown;0;#NULL!;0;0;Unknown/Missing;No;0;20-24;Motorist Right Turn - Same Direction;None;No;No;Dry;0;Urban;Yes;12SEP2012;0;15:30;Unknown;Missing;Commercial;C: Possible Injury;Yes;Unknown Injury;2446;September;0;Straight - Level;Piedmont;With Traffic;Stop And Go Signal;Wednesday;Intersection;24;0;Two-Way, Divided, Unprotected Median;3 lanes;0;#NULL!;#NULL!;Smooth Asphalt;#NULL!;Related To Intersection;Motorist Right Turn / Merge;Local Street;C: Possible Injury;Mecklenburg;Unknown;Clear;#NULL!;Unknown;40 - 45  MPH;2012;Daylight;Unknown
34.2332767688, -77.8598022961;"{""type"": ""Point"", ""coordinates"": [-77.85980229613843, 34.23327676876361]}";White;Wilmington;Travel Lane;2;9;Urban (>70% Developed);Male;Passenger Car;0;#NULL!;0;0;White;No;0;20-24;Motorist Left Turn - Opposite Direction;None;No;No;Dry;0;Urban;No;20SEP2012;0;9:24;Male;No;Residential;B: Evident Injury;Yes;O: No Injury;2458;September;0;Straight - Level;Coastal;With Traffic;No Control Present;Thursday;Intersection;21;0;Two-Way, Not Divided;2 lanes;0;#NULL!;#NULL!;Coarse Asphalt;#NULL!;T-Intersection;Motorist Left Turn / Merge;Local Street;B: Evident Injury;New Hanover;70+;Clear;#NULL!;6-10 mph;20 - 25  MPH;2012;Daylight;70+
35.7837570791, -78.6772026204;"{""type"": ""Point"", ""coordinates"": [-78.67720262037831, 35.78375707908688]}";White;Raleigh;Sidewalk / Crosswalk / Driveway Crossing;2;11;Urban (>70% Developed);Male;Pickup;0;#NULL!;0;0;White;No;0;16-19;Motorist Drive Out - Sign-Controlled Intersection;None;No;No;Wet;0;Urban;No;18SEP2012;0;11:14;Male;No;Institutional;B: Evident Injury;No;O: No Injury;2471;September;0;Straight - Grade;Piedmont;Facing Traffic;Stop Sign;Tuesday;Intersection;18;0;Two-Way, Not Divided;4 lanes;0;#NULL!;#NULL!;Smooth Asphalt;#NULL!;T-Intersection;Motorist Failed to Yield - Sign-Controlled Intersection;Local Street;B: Evident Injury;Wake;29;Rain;#NULL!;0-5 mph;20 - 25  MPH;2012;Daylight;25-29
34.7539668965, -77.4710022024;"{""type"": ""Point"", ""coordinates"": [-77.47100220236419, 34.753966896538806]}";Black;None - Rural Crash;Travel Lane;2;12;Urban (>70% Developed);Male;Pickup;0;#NULL!;0;0;Unknown/Missing;No;0;50-59;Motorist Overtaking - Misjudged Space;None;No;No;Wet;0;Rural;Yes;01OCT2012;0;12:30;Unknown;Missing;Commercial;B: Evident Injury;Yes;Unknown Injury;2473;October;0;Straight - Level;Coastal;With Traffic;No Control Present;Monday;Non-Intersection;55;0;Two-Way, Not Divided;5 lanes;0;#NULL!;#NULL!;Coarse Asphalt;#NULL!;Driveway, Public;Motorist Overtaking Bicyclist;US Route;B: Evident Injury;Onslow;Unknown;Rain;#NULL!;41-45 mph;40 - 45  MPH;2012;Dark - Roadway Not Lighted;Unknown
35.9207670937, -79.0860027521;"{""type"": ""Point"", ""coordinates"": [-79.08600275205308, 35.92076709371521]}";White;Carrboro;Travel Lane;2;17;Urban (>70% Developed);Female;Passenger Car;0;#NULL!;0;0;White;No;0;20-24;Motorist Left Turn - Opposite Direction;None;No;No;Dry;0;Urban;No;21SEP2012;0;17:45;Male;No;Residential;B: Evident Injury;Yes;O: No Injury;2474;September;0;Straight - Level;Piedmont;With Traffic;No Control Present;Friday;Intersection;22;0;Two-Way, Not Divided;2 lanes;0;#NULL!;#NULL!;Coarse Asphalt;#NULL!;Related To Intersection;Motorist Left Turn / Merge;Local Street;B: Evident Injury;Orange;20;Clear;#NULL!;16-20 mph;30 - 35  MPH;2012;Daylight;20-24
35.6619069888, -80.4638031524;"{""type"": ""Point"", ""coordinates"": [-80.46380315241635, 35.66190698882084]}";Black;Salisbury;Travel Lane;2;17;Urban (>70% Developed);Male;Pickup;0;#NULL!;0;0;White;No;0;30-39;Motorist Right Turn - Same Direction;None;No;No;Wet;0;Urban;No;01OCT2012;0;17:15;Male;No;Commercial;B: Evident Injury;Yes;O: No Injury;2481;October;0;Straight - Grade;Piedmont;With Traffic;Stop And Go Signal;Monday;Intersection;31;0;Two-Way, Not Divided;4 lanes;0;#NULL!;#NULL!;Smooth Asphalt;#NULL!;Four-Way Intersection;Motorist Right Turn / Merge;Local Street;B: Evident Injury;Rowan;37;Cloudy;#NULL!;26-30 mph;30 - 35  MPH;2012;Daylight;30-39
35.3274169111, -80.6479031886;"{""type"": ""Point"", ""coordinates"": [-80.6479031885921, 35.32741691107994]}";Black;Harrisburg;Non-Roadway;2;18;Mixed (30% To 70% Developed);Male;Passenger Car;0;#NULL!;0;0;White;No;0;11-15;Non-Roadway;None;No;No;Dry;0;Urban;No;14SEP2012;0;18:12;Male;No;Commercial;O: No Injury;No;O: No Injury;2482;September;0;Straight - Level;Piedmont;Not Applicable;No Control Present;Friday;Non-Roadway;13;0;One-Way, Not Divided;1 lane;0;#NULL!;#NULL!;Smooth Asphalt;#NULL!;No Special Feature;Non-Roadway;Public Vehicular Area;O: No Injury;Cabarrus;70+;Clear;#NULL!;0-5 mph;5 - 15 MPH;2012;Daylight;70+
36.2370271642, -78.9873027392;"{""type"": ""Point"", ""coordinates"": [-78.98730273921514, 36.23702716421076]}";White;None - Rural Crash;Travel Lane;2;20;Rural (<30% Developed);Male;Passenger Car;0;#NULL!;0;0;White;No;0;60-69;Motorist Overtaking - Other / Unknown;None;No;No;Dry;0;Rural;No;27SEP2012;0;20:11;Female;No;Farms, Woods, Pastures;C: Possible Injury;Yes;O: No Injury;2488;September;0;Straight - Hillcrest;Piedmont;With Traffic;Double Yellow Line, No Passing Zone;Thursday;Non-Intersection;65;0;Two-Way, Not Divided;2 lanes;0;#NULL!;#NULL!;Smooth Asphalt;#NULL!;No Special Feature;Motorist Overtaking Bicyclist;State Secondary Route;C: Possible Injury;Person;70+;Clear;#NULL!;41-45 mph;40 - 45  MPH;2012;Daylight;70+
35.78771708, -78.6746026197;"{""type"": ""Point"", ""coordinates"": [-78.67460261974742, 35.787717079973646]}";White;Raleigh;Multi-use Path;2;12;Urban (>70% Developed);Male;Passenger Car;0;#NULL!;0;0;White;No;0;16-19;Bicyclist Ride Out - Other Midblock;None;No;No;Dry;0;Urban;No;26SEP2012;0;12:25;Female;No;Institutional;C: Possible Injury;Yes;O: No Injury;2498;September;0;Straight - Grade;Piedmont;Not Applicable;No Control Present;Wednesday;Non-Intersection;19;0;Two-Way, Not Divided;2 lanes;0;#NULL!;#NULL!;Coarse Asphalt;#NULL!;Other;Bicyclist Failed to Yield - Midblock;Local Street;C: Possible Injury;Wake;27;Clear;#NULL!;0-5 mph;20 - 25  MPH;2012;Daylight;25-29
34.9057668707, -79.231902742;"{""type"": ""Point"", ""coordinates"": [-79.23190274203351, 34.90576687065216]}";Black;None - Rural Crash;Travel Lane;2;19;Rural (<30% Developed);Male;Passenger Car;0;#NULL!;0;0;Native American;No;0;40-49;Motorist Overtaking - Other / Unknown;None;No;No;Dry;0;Rural;No;07OCT2012;0;19:58;Male;No;Commercial;B: Evident Injury;Yes;C: Possible Injury;2499;October;0;Straight - Grade;Coastal;With Traffic;No Control Present;Sunday;Non-Intersection;44;0;Two-Way, Not Divided;2 lanes;0;#NULL!;#NULL!;Coarse Asphalt;#NULL!;No Special Feature;Motorist Overtaking Bicyclist;State Secondary Route;B: Evident Injury;Hoke;70+;Clear;#NULL!;51-55 mph;50 - 55  MPH;2012;Dark - Roadway Not Lighted;70+
35.7493740985, -77.9166523877;"{""type"": ""Point"", ""coordinates"": [-77.91665238774527, 35.74937409854099]}";White;Wilson;Travel Lane;2;16;Urban (>70% Developed);Male;Unknown;0;#NULL!;0;0;Unknown/Missing;No;0;16-19;Head-On - Motorist;None;No;No;Dry;0;Urban;Yes;25MAY2009;0;16:56;Unknown;Missing;Residential;C: Possible Injury;No;Unknown Injury;5411;May;0;Straight - Level;Coastal;With Traffic;No Control Present;Monday;Non-Intersection;17;0;Two-Way, Not Divided;2 lanes;0;#NULL!;#NULL!;Coarse Asphalt;#NULL!;No Special Feature;Head-On;Local Street;O: No Injury;Wilson;Unknown;Clear;#NULL!;Unknown;40 - 45  MPH;2009;Daylight;Unknown
35.1369548617, -80.8860272503;"{""type"": ""Point"", ""coordinates"": [-80.88602725028623, 35.13695486174973]}";Hispanic;Charlotte;Sidewalk / Crosswalk / Driveway Crossing;2;12;Urban (>70% Developed);Male;Sport Utility;0;#NULL!;0;0;Hispanic;No;0;30-39;Motorist Drive Out - Sign-Controlled Intersection;None;No;No;Dry;0;Urban;No;04OCT2009;0;12:29;Female;No;Residential;C: Possible Injury;Yes;O: No Injury;5419;October;0;Straight - Bottom;Piedmont;Facing Traffic;Stop Sign;Sunday;Intersection;30;0;Two-Way, Not Divided;2 lanes;0;#NULL!;#NULL!;Smooth Asphalt;#NULL!;Four-Way Intersection;Motorist Failed to Yield - Sign-Controlled Intersection;Local Street;C: Possible Injury;Mecklenburg;37;Cloudy;#NULL!;0-5 mph;30 - 35  MPH;2009;Daylight;30-39
35.2299768852, -80.7819132242;"{""type"": ""Point"", ""coordinates"": [-80.78191322415543, 35.2299768852325]}";White;Charlotte;Travel Lane;2;16;Urban (>70% Developed);Male;Passenger Car;0;#NULL!;0;0;White;No;0;50-59;Motorist Right Turn - Same Direction;None;No;No;Dry;0;Urban;No;15NOV2009;0;16:11;Female;No;Residential;B: Evident Injury;No;O: No Injury;5420;November;0;Straight - Grade;Piedmont;With Traffic;No Control Present;Sunday;Non-Intersection;59;0;Two-Way, Not Divided;2 lanes;0;#NULL!;#NULL!;Smooth Asphalt;#NULL!;No Special Feature;Motorist Right Turn / Merge;Local Street;B: Evident Injury;Mecklenburg;51;Clear;#NULL!;6-10 mph;20 - 25  MPH;2009;Daylight;50-59
36.2964772732, -76.2236818977;"{""type"": ""Point"", ""coordinates"": [-76.22368189773883, 36.2964772731588]}";Black;Elizabeth City;Travel Lane;2;17;Rural (<30% Developed);Male;Passenger Car;0;#NULL!;0;0;Unknown/Missing;No;0;50-59;Bicyclist Ride Out - Signalized  Intersection;None;No;No;Dry;0;Urban;No;09SEP2009;0;17:55;Unknown;No;Residential;B: Evident Injury;Yes;O: No Injury;5426;September;0;Straight - Level;Coastal;With Traffic;Stop And Go Signal;Wednesday;Intersection;51;0;Two-Way, Divided, Unprotected Median;4 lanes;0;#NULL!;#NULL!;Grooved Concrete;#NULL!;Four-Way Intersection;Bicyclist Failed to Yield - Signalized Intersection;Local Street;B: Evident Injury;Pasquotank;37;Clear;#NULL!;31-35 mph;30 - 35  MPH;2009;Daylight;30-39
35.2212208819, -80.8185932347;"{""type"": ""Point"", ""coordinates"": [-80.81859323468964, 35.22122088193633]}";Unknown/Missing;Charlotte;Travel Lane;2;14;Urban (>70% Developed);Male;Unknown;0;#NULL!;0;0;Unknown/Missing;No;0;30-39;Motorist Overtaking - Other / Unknown;None;No;No;Dry;0;Urban;Yes;05AUG2009;0;14:34;Unknown;Missing;Residential;O: No Injury;No;Unknown Injury;5431;August;0;Straight - Level;Piedmont;With Traffic;Stop And Go Signal;Wednesday;Intersection-Related;36;0;Two-Way, Not Divided;2 lanes;0;#NULL!;#NULL!;Smooth Asphalt;#NULL!;No Special Feature;Motorist Overtaking Bicyclist;Local Street;O: No Injury;Mecklenburg;Unknown;Clear;#NULL!;0-5 mph;30 - 35  MPH;2009;Daylight;Unknown
35.2134048801, -80.8282732369;"{""type"": ""Point"", ""coordinates"": [-80.82827323691791, 35.21340488014089]}";White;Charlotte;Non-Roadway;2;14;Urban (>70% Developed);Male;Passenger Car;0;#NULL!;0;0;Black;No;0;16-19;Non-Roadway;None;No;No;Dry;0;Urban;No;16JUN2009;0;14:08;Male;No;Commercial;B: Evident Injury;Yes;O: No Injury;5436;June;0;Straight - Level;Piedmont;Not Applicable;No Control Present;Tuesday;Non-Roadway;16;0;Two-Way, Divided, Unprotected Median;4 lanes;0;#NULL!;#NULL!;Concrete;#NULL!;No Special Feature;Non-Roadway;Local Street;B: Evident Injury;Mecklenburg;27;Clear;#NULL!;21-25 mph;20 - 25  MPH;2009;Daylight;25-29
35.2467228899, -80.7524032155;"{""type"": ""Point"", ""coordinates"": [-80.7524032155318, 35.246722889850844]}";Hispanic;Charlotte;Sidewalk / Crosswalk / Driveway Crossing;2;20;Urban (>70% Developed);Male;Passenger Car;0;#NULL!;0;0;Black;No;0;30-39;Motorist Overtaking - Bicyclist Swerved;None;Yes;Yes;Dry;0;Urban;No;22MAR2009;0;20:45;Male;No;Commercial;B: Evident Injury;No;O: No Injury;5445;March;0;Straight - Level;Piedmont;With Traffic;Stop Sign;Sunday;Intersection;35;0;Two-Way, Divided, Unprotected Median;3 lanes;0;#NULL!;#NULL!;Smooth Asphalt;#NULL!;No Special Feature;Motorist Overtaking Bicyclist;Local Street;B: Evident Injury;Mecklenburg;30;Clear;#NULL!;6-10 mph;30 - 35  MPH;2009;Dark - Lighted Roadway;30-39
36.0513071277, -78.9081227051;"{""type"": ""Point"", ""coordinates"": [-78.90812270512217, 36.05130712774173]}";Black;Durham;Travel Lane;2;18;Urban (>70% Developed);Male;Sport Utility;0;#NULL!;0;0;White;No;0;16-19;Motorist Drive Out - Sign-Controlled Intersection;None;No;No;Dry;0;Urban;No;05FEB2008;0;18:38;Female;No;Residential;C: Possible Injury;No;O: No Injury;5454;February;0;Straight - Level;Piedmont;With Traffic;Stop Sign;Tuesday;Intersection;17;0;Two-Way, Not Divided;2 lanes;0;#NULL!;#NULL!;Smooth Asphalt;#NULL!;Four-Way Intersection;Motorist Failed to Yield - Sign-Controlled Intersection;Local Street;C: Possible Injury;Durham;60;Clear;#NULL!;0-5 mph;30 - 35  MPH;2008;Dark - Lighted Roadway;60-69
35.2784038931, -80.855993248;"{""type"": ""Point"", ""coordinates"": [-80.85599324802423, 35.27840389310074]}";Black;Charlotte;Sidewalk / Crosswalk / Driveway Crossing;2;17;Urban (>70% Developed);Male;Passenger Car;0;#NULL!;0;0;Black;No;0;20-24;Motorist Drive Out - Sign-Controlled Intersection;None;No;No;Dry;0;Urban;No;11FEB2008;0;17:43;Male;No;Commercial;C: Possible Injury;No;O: No Injury;5456;February;0;Straight - Level;Piedmont;Facing Traffic;Stop Sign;Monday;Intersection;22;0;Two-Way, Divided, Positive Median Barrier;2 lanes;0;#NULL!;#NULL!;Smooth Asphalt;#NULL!;T-Intersection;Motorist Failed to Yield - Sign-Controlled Intersection;Local Street;C: Possible Injury;Mecklenburg;44;Clear;#NULL!;0-5 mph;20 - 25  MPH;2008;Daylight;40-49
35.2271368827, -80.8203732348;"{""type"": ""Point"", ""coordinates"": [-80.82037323481937, 35.22713688265116]}";Black;Charlotte;Travel Lane;2;20;Urban (>70% Developed);Male;Truck/Trailer;0;#NULL!;0;0;White;No;0;50-59;Motorist Turn / Merge - Other / Unknown;None;Yes;Yes;Dry;0;Urban;No;24FEB2008;0;20:08;Male;No;Residential;O: No Injury;No;O: No Injury;5461;February;0;Straight - Level;Piedmont;With Traffic;No Control Present;Sunday;Intersection;54;0;Two-Way, Not Divided;2 lanes;0;#NULL!;#NULL!;Smooth Asphalt;#NULL!;No Special Feature;Parallel Paths - Other Circumstances;Local Street;O: No Injury;Mecklenburg;25;Clear;#NULL!;0-5 mph;20 - 25  MPH;2008;Dark - Lighted Roadway;25-29
35.2615498869, -80.9135632645;"{""type"": ""Point"", ""coordinates"": [-80.91356326452997, 35.261549886873425]}";Black;Charlotte;Non-Roadway;2;16;Mixed (30% To 70% Developed);Male;Passenger Car;0;#NULL!;0;0;Other;No;0;6-10;Bicyclist Ride Through - Sign-Controlled Intersection;None;No;No;Dry;0;Urban;No;16MAR2008;0;16:54;Male;No;Residential;B: Evident Injury;Yes;O: No Injury;5470;March;0;Straight - Grade;Piedmont;Not Applicable;Stop Sign;Sunday;Intersection;9;0;Two-Way, Not Divided;2 lanes;0;#NULL!;#NULL!;Smooth Asphalt;#NULL!;T-Intersection;Bicyclist Failed to Yield - Sign-Controlled Intersection;Local Street;B: Evident Injury;Mecklenburg;20;Clear;#NULL!;31-35 mph;30 - 35  MPH;2008;Daylight;20-24
35.8077970808, -78.77099265;"{""type"": ""Point"", ""coordinates"": [-78.7709926499566, 35.80779708077089]}";Black;Cary;Unknown;2;14;Urban (>70% Developed);Male;Van;0;#NULL!;0;0;Black;No;0;11-15;Motorist Drive Out - Sign-Controlled Intersection;None;No;No;Dry;0;Urban;No;28MAR2008;0;14:50;Female;No;Residential;O: No Injury;No;O: No Injury;5473;March;0;Straight - Level;Piedmont;Facing Traffic;Stop Sign;Friday;Intersection;14;0;Two-Way, Not Divided;2 lanes;0;#NULL!;#NULL!;Smooth Asphalt;#NULL!;Related To Intersection;Motorist Failed to Yield - Sign-Controlled Intersection;State Secondary Route;O: No Injury;Wake;40;Clear;#NULL!;0-5 mph;20 - 25  MPH;2008;Daylight;40-49
35.8467131023, -78.410357543;"{""type"": ""Point"", ""coordinates"": [-78.41035754300059, 35.84671310230147]}";Black;None - Rural Crash;Driveway / Alley;2;13;Rural (<30% Developed);Male;Unknown;0;#NULL!;0;0;Unknown/Missing;No;0;0-5;Bicyclist Ride Out - Residential Driveway;None;No;No;Dry;0;Rural;Yes;06JAN2008;0;13:55;Unknown;No;Farms, Woods, Pastures;C: Possible Injury;No;Unknown Injury;5477;January;0;Straight - Level;Piedmont;Not Applicable;No Control Present;Sunday;Non-Intersection;5;0;Two-Way, Not Divided;2 lanes;0;#NULL!;#NULL!;Smooth Asphalt;#NULL!;No Special Feature;Bicyclist Failed to Yield - Midblock;Local Street;C: Possible Injury;Wake;Unknown;Clear;#NULL!;21-25 mph;40 - 45  MPH;2008;Daylight;Unknown
35.7119900648, -78.6343176036;"{""type"": ""Point"", ""coordinates"": [-78.6343176035671, 35.711990064816675]}";White;Garner;Travel Lane;2;11;Mixed (30% To 70% Developed);Male;Sport Utility;0;#NULL!;0;0;Black;No;0;25-29;Sign-Controlled Intersection - Other / Unknown;None;No;No;Dry;0;Urban;Yes;08JAN2008;0;11:20;Male;No;Institutional;O: No Injury;No;O: No Injury;5482;January;0;Straight - Level;Piedmont;With Traffic;No Control Present;Tuesday;Intersection;28;0;Two-Way, Not Divided;2 lanes;0;#NULL!;#NULL!;Smooth Asphalt;#NULL!;No Special Feature;Crossing Paths - Other Circumstances;Local Street;O: No Injury;Wake;17;Clear;#NULL!;11-15 mph;20 - 25  MPH;2008;Daylight;0-19
35.0341639054, -79.0221326853;"{""type"": ""Point"", ""coordinates"": [-79.02213268532311, 35.034163905388425]}";Black;Fayetteville;Bike Lane / Paved Shoulder;2;14;Urban (>70% Developed);Male;Sport Utility;0;#NULL!;0;0;White;No;0;40-49;Motorist Overtaking - Other / Unknown;None;No;No;Dry;0;Urban;No;21JAN2008;0;14:45;Male;No;Commercial;B: Evident Injury;Yes;O: No Injury;5503;January;0;Curve - Hillcrest;Coastal;With Traffic;No Control Present;Monday;Non-Intersection;40;0;Two-Way, Divided, Unprotected Median;4 lanes;0;#NULL!;#NULL!;Smooth Asphalt;#NULL!;No Special Feature;Motorist Overtaking Bicyclist;Local Street;B: Evident Injury;Cumberland;64;Clear;#NULL!;41-45 mph;50 - 55  MPH;2008;Daylight;60-69
36.244941089, -81.0548583627;"{""type"": ""Point"", ""coordinates"": [-81.05485836271988, 36.244941088950995]}";White;None - Rural Crash;Travel Lane;2;19;Mixed (30% To 70% Developed);Male;Van;0;#NULL!;0;0;White;No;0;40-49;Motorist Overtaking - Misjudged Space;None;No;No;Dry;0;Rural;No;26JAN2008;0;19:10;Female;No;Residential;B: Evident Injury;Yes;O: No Injury;5514;January;0;Straight - Grade;Mountains;With Traffic;Double Yellow Line, No Passing Zone;Saturday;Non-Intersection;42;0;Two-Way, Not Divided;2 lanes;0;#NULL!;#NULL!;Smooth Asphalt;#NULL!;No Special Feature;Motorist Overtaking Bicyclist;State Secondary Route;B: Evident Injury;Wilkes;27;Clear;#NULL!;31-35 mph;50 - 55  MPH;2008;Daylight;25-29
35.7380709585, -81.6922485233;"{""type"": ""Point"", ""coordinates"": [-81.69224852334116, 35.738070958476094]}";White;Morganton;Travel Lane;2;20;Urban (>70% Developed);Male;Passenger Car;0;#NULL!;0;0;Black;No;0;25-29;Motorist Drive Out - Midblock - Unknown;None;No;No;Wet;0;Urban;No;31JAN2008;0;20:44;Male;No;Residential;C: Possible Injury;Yes;O: No Injury;5525;January;0;Straight - Grade;Mountains;With Traffic;No Control Present;Thursday;Non-Intersection;29;0;Two-Way, Not Divided;2 lanes;0;#NULL!;#NULL!;Smooth Asphalt;#NULL!;No Special Feature;Motorist Failed to Yield - Midblock;Local Street;C: Possible Injury;Burke;37;Rain;#NULL!;6-10 mph;30 - 35  MPH;2008;Dark - Lighted Roadway;30-39
36.3682172141, -78.3727365597;"{""type"": ""Point"", ""coordinates"": [-78.37273655973236, 36.36821721407837]}";White;None - Rural Crash;Travel Lane;2;18;Mixed (30% To 70% Developed);Male;Pickup;0;#NULL!;0;0;White;No;0;50-59;Motorist Overtaking - Bicyclist Swerved;None;Yes;Yes;Dry;0;Rural;No;01FEB2008;0;18:15;Male;No;Residential;C: Possible Injury;Yes;O: No Injury;5526;February;0;Straight - Level;Piedmont;With Traffic;Missing;Friday;Non-Intersection;50;0;Two-Way, Not Divided;2 lanes;0;#NULL!;#NULL!;Smooth Asphalt;#NULL!;No Special Feature;Motorist Overtaking Bicyclist;State Secondary Route;C: Possible Injury;Vance;62;Clear;#NULL!;51-55 mph;50 - 55  MPH;2008;Dark - Roadway Not Lighted;60-69
35.2300068848, -80.796083228;"{""type"": ""Point"", ""coordinates"": [-80.79608322796568, 35.23000688479406]}";White;Charlotte;Travel Lane;2;16;Urban (>70% Developed);Male;Passenger Car;0;#NULL!;0;0;Unknown/Missing;No;0;30-39;Motorist Overtaking - Other / Unknown;None;No;No;Dry;0;Urban;Yes;16APR2008;0;16:23;Unknown;Missing;Residential;O: No Injury;No;Unknown Injury;5527;April;0;Straight - Level;Piedmont;With Traffic;No Control Present;Wednesday;Non-Intersection;33;0;Two-Way, Not Divided;2 lanes;0;#NULL!;#NULL!;Smooth Asphalt;#NULL!;No Special Feature;Motorist Overtaking Bicyclist;Local Street;O: No Injury;Mecklenburg;Unknown;Clear;#NULL!;21-25 mph;20 - 25  MPH;2008;Daylight;Unknown
35.7317230952, -77.8999323822;"{""type"": ""Point"", ""coordinates"": [-77.89993238222647, 35.73172309515134]}";White;Wilson;Travel Lane;2;0;Urban (>70% Developed);Male;Passenger Car;0;#NULL!;0;0;Black;No;0;40-49;Bicyclist Right Turn - Same Direction;None;Yes;Yes;Wet;0;Urban;No;18OCT2008;0;0:48;Male;No;Commercial;A: Disabling Injury;Yes;O: No Injury;6250;October;0;Straight - Grade;Coastal;With Traffic;Missing;Saturday;Non-Intersection;49;0;Two-Way, Not Divided;5 lanes;0;#NULL!;#NULL!;Smooth Asphalt;#NULL!;No Special Feature;Bicyclist Right Turn / Merge;Local Street;A: Disabling Injury;Wilson;24;Rain;#NULL!;31-35 mph;40 - 45  MPH;2008;Dark - Lighted Roadway;20-24
35.7198630924, -77.914172386;"{""type"": ""Point"", ""coordinates"": [-77.91417238597838, 35.719863092367376]}";Black;Wilson;Travel Lane;2;17;Mixed (30% To 70% Developed);Male;Passenger Car;0;#NULL!;0;0;Black;No;0;40-49;Bicyclist Left Turn - Same Direction;None;No;No;Dry;0;Urban;No;26MAY2008;0;17:59;Female;No;Commercial;C: Possible Injury;Yes;O: No Injury;6254;May;0;Straight - Hillcrest;Coastal;With Traffic;Stop And Go Signal;Monday;Intersection;45;0;Two-Way, Not Divided;5 lanes;0;#NULL!;#NULL!;Smooth Asphalt;#NULL!;No Special Feature;Bicyclist Left Turn / Merge;Local Street;C: Possible Injury;Wilson;19;Clear;#NULL!;46-50 mph;40 - 45  MPH;2008;Daylight;0-19