Geo Point;Geo Shape;BikeRace;City;BikePos;NumUnits;CrashHour;Locality;BikeSex;DrvrVehTyp;NumBikesNo;BikeAlcDrg;NumBikesBI;RteInvdCd;DrvrRace;Workzone;NumBikesCi;BikeAgeGrp;CrashType;RdDefects;CrashAlcoh;BikeAlcoho;RdConditio;DstncMiFrm;RuralUrban;HitRun;CrashDate;NumBikesUI;CrashTime;DrvrSex;DrvrAlcoho;Developmen;CrashSevr;AmbulanceR;DrvrInjury;OBJECTID;CrashMonth;NumBikesKi;RdCharacte;Region;BikeDir;TraffCntrl;CrashDay;CrashLoc;BikeAge;NumBikesTo;RdConfig;NumLanes;NumBikesAI;DrvrAlcDrg;OnRoad;RdSurface;Towrd_Rd;RdFeature;CrashGrp;RdClass;BikeInjury;County;DrvrAge;Weather;FrmRd;DrvrEstSpd;SpeedLimit;CrashYear;LightCond;DrvrAgeGrp
35.1026409247, -78.8991726519;"{""type"": ""Point"", ""coordinates"": [-78.89917265192864, 35.10264092469766]}";Black;Fayetteville;Travel Lane;2;13;Urban (>70% Developed);Male;Pickup;0;#NULL!;0;0;Black;No;0;30-39;Bicyclist Ride Out - Midblock - Unknown;None;No;No;Dry;0;Urban;No;18OCT2008;0;13:47;Male;No;Commercial;B: Evident Injury;Yes;O: No Injury;6257;October;0;Straight - Level;Coastal;Not Applicable;Double Yellow Line, No Passing Zone;Saturday;Non-Intersection;35;0;Two-Way, Divided, Unprotected Median;7 lanes;0;#NULL!;#NULL!;Smooth Asphalt;#NULL!;Related To Intersection;Bicyclist Failed to Yield - Midblock;Local Street;B: Evident Injury;Cumberland;25;Cloudy;#NULL!;31-35 mph;50 - 55  MPH;2008;Daylight;25-29
35.0754619174, -78.9319866609;"{""type"": ""Point"", ""coordinates"": [-78.93198666090494, 35.075461917359156]}";Unknown/Missing;Fayetteville;Sidewalk / Crosswalk / Driveway Crossing;2;15;Urban (>70% Developed);Unknown;Pickup;0;#NULL!;0;0;Black;No;0;50-59;Motorist Drive Out - Commercial Driveway / Alley;None;No;No;Dry;0;Urban;No;20OCT2008;0;15:05;Female;No;Commercial;O: No Injury;Yes;O: No Injury;6258;October;0;Straight - Level;Coastal;Facing Traffic;No Control Present;Monday;Non-Intersection;51;0;Unknown;Unknown;0;#NULL!;#NULL!;Coarse Asphalt;#NULL!;Driveway, Private;Motorist Failed to Yield - Midblock;Public Vehicular Area;Unknown Injury;Cumberland;36;Clear;#NULL!;6-10 mph;5 - 15 MPH;2008;Daylight;30-39
33.9580716897, -78.3995324456;"{""type"": ""Point"", ""coordinates"": [-78.39953244556709, 33.9580716897396]}";White;Shallotte;Travel Lane;2;15;Mixed (30% To 70% Developed);Male;Pickup;0;#NULL!;0;0;White;No;0;60-69;Motorist Right Turn - Same Direction;None;No;No;Dry;0;Rural;No;20OCT2008;0;15:00;Male;No;Residential;B: Evident Injury;No;O: No Injury;6261;October;0;Straight - Level;Coastal;With Traffic;No Control Present;Monday;Non-Intersection;64;0;Two-Way, Not Divided;3 lanes;0;#NULL!;#NULL!;Coarse Asphalt;#NULL!;No Special Feature;Motorist Right Turn / Merge;Local Street;B: Evident Injury;Brunswick;47;Clear;#NULL!;Unknown;Unknown;2008;Daylight;40-49
35.7946620785, -78.7508026432;"{""type"": ""Point"", ""coordinates"": [-78.7508026431788, 35.79466207852733]}";White;Cary;Travel Lane;4;8;Urban (>70% Developed);Female;Sport Utility;0;#NULL!;0;0;Black;No;0;40-49;Unusual Circumstances;None;No;No;Dry;0;Urban;No;16OCT2008;0;8:09;Female;No;Commercial;B: Evident Injury;Yes;C: Possible Injury;6269;October;0;Straight - Grade;Piedmont;With Traffic;Stop And Go Signal;Thursday;Intersection;47;0;Two-Way, Divided, Unprotected Median;4 lanes;0;#NULL!;#NULL!;Smooth Asphalt;#NULL!;Four-Way Intersection;Other / Unusual Circumstances;NC Route;B: Evident Injury;Wake;32;Clear;#NULL!;41-45 mph;40 - 45  MPH;2008;Daylight;30-39
35.9937091172, -78.8702726907;"{""type"": ""Point"", ""coordinates"": [-78.870272690673, 35.99370911721318]}";White;Durham;Travel Lane;2;17;Urban (>70% Developed);Male;Passenger Car;0;#NULL!;0;0;Black;No;0;25-29;Bicyclist Ride Through - Signalized Intersection;None;No;No;Dry;0;Urban;No;29OCT2008;0;17:17;Female;No;Commercial;B: Evident Injury;Yes;O: No Injury;6270;October;0;Straight - Level;Piedmont;With Traffic;Stop And Go Signal;Wednesday;Intersection;29;0;Two-Way, Not Divided;2 lanes;0;#NULL!;#NULL!;Coarse Asphalt;#NULL!;No Special Feature;Bicyclist Failed to Yield - Signalized Intersection;Local Street;B: Evident Injury;Durham;57;Clear;#NULL!;26-30 mph;30 - 35  MPH;2008;Daylight;50-59
34.7272289137, -76.7515719831;"{""type"": ""Point"", ""coordinates"": [-76.75157198311219, 34.727228913744206]}";Hispanic;Morehead City;Sidewalk / Crosswalk / Driveway Crossing;2;10;Urban (>70% Developed);Male;Passenger Car;0;#NULL!;0;0;White;No;0;20-24;Motorist Drive Out - Sign-Controlled Intersection;None;No;No;Dry;0;Urban;No;09OCT2008;0;10:59;Female;No;Commercial;C: Possible Injury;Yes;O: No Injury;6273;October;0;Straight - Level;Coastal;Facing Traffic;Stop Sign;Thursday;Intersection;20;0;Two-Way, Divided, Unprotected Median;5 lanes;0;#NULL!;#NULL!;Coarse Asphalt;#NULL!;T-Intersection;Motorist Failed to Yield - Sign-Controlled Intersection;Local Street;C: Possible Injury;Carteret;70+;Clear;#NULL!;6-10 mph;30 - 35  MPH;2008;Daylight;70+
34.9693328282, -80.7988732144;"{""type"": ""Point"", ""coordinates"": [-80.79887321444971, 34.96933282819844]}";White;Marvin;Travel Lane;2;17;Mixed (30% To 70% Developed);Male;Passenger Car;0;#NULL!;0;0;White;No;0;40-49;Motorist Overtaking - Other / Unknown;None;No;No;Dry;0;Rural;No;25OCT2008;0;17:05;Male;No;Institutional;B: Evident Injury;No;O: No Injury;6290;October;0;Straight - Grade;Piedmont;With Traffic;Double Yellow Line, No Passing Zone;Saturday;Non-Intersection;49;0;Two-Way, Not Divided;2 lanes;0;#NULL!;#NULL!;Smooth Asphalt;#NULL!;No Special Feature;Motorist Overtaking Bicyclist;State Secondary Route;B: Evident Injury;Union;37;Clear;#NULL!;56-60 mph;40 - 45  MPH;2008;Daylight;30-39
34.2174067632, -77.9069223095;"{""type"": ""Point"", ""coordinates"": [-77.90692230950255, 34.21740676324781]}";White;Wilmington;Travel Lane;2;15;Urban (>70% Developed);Male;Unknown;0;#NULL!;0;0;Unknown/Missing;No;0;40-49;Motorist Right Turn - Same Direction;None;No;No;Dry;0;Urban;Yes;21OCT2008;0;15:00;Unknown;Missing;Commercial;B: Evident Injury;Yes;Unknown Injury;6294;October;0;Straight - Level;Coastal;With Traffic;Stop And Go Signal;Tuesday;Intersection-Related;44;0;Two-Way, Divided, Positive Median Barrier;5 lanes;0;#NULL!;#NULL!;Smooth Asphalt;#NULL!;No Special Feature;Motorist Right Turn / Merge;Local Street;B: Evident Injury;New Hanover;Unknown;Clear;#NULL!;Unknown;Unknown;2008;Daylight;Unknown
34.2286137652, -77.9240023154;"{""type"": ""Point"", ""coordinates"": [-77.92400231544167, 34.228613765244994]}";Black;Wilmington;Travel Lane;2;21;Urban (>70% Developed);Female;Unknown;0;#NULL!;0;0;Unknown/Missing;No;0;11-15;Motorist Overtaking - Other / Unknown;None;No;No;Dry;0;Urban;Yes;22OCT2008;0;21:00;Unknown;Missing;Residential;B: Evident Injury;Yes;Unknown Injury;6297;October;0;Straight - Level;Coastal;With Traffic;No Control Present;Wednesday;Non-Intersection;14;0;Two-Way, Not Divided;2 lanes;0;#NULL!;#NULL!;Coarse Asphalt;#NULL!;No Special Feature;Motorist Overtaking Bicyclist;Local Street;B: Evident Injury;New Hanover;Unknown;Clear;#NULL!;36-40 mph;20 - 25  MPH;2008;Dark - Lighted Roadway;Unknown
35.497862948, -80.6240531911;"{""type"": ""Point"", ""coordinates"": [-80.62405319108447, 35.497862948030296]}";White;Kannapolis;Travel Lane;2;13;Urban (>70% Developed);Male;Light Truck (Mini-Van, Panel);0;#NULL!;0;0;Unknown/Missing;No;0;60-69;Motorist Overtaking - Other / Unknown;None;No;No;Dry;0;Urban;Yes;02NOV2008;0;13:20;Unknown;Missing;Commercial;A: Disabling Injury;No;Unknown Injury;6305;November;0;Straight - Level;Piedmont;With Traffic;Stop And Go Signal;Sunday;Non-Intersection;63;0;Two-Way, Divided, Unprotected Median;3 lanes;0;#NULL!;#NULL!;Smooth Asphalt;#NULL!;Related To Intersection;Motorist Overtaking Bicyclist;US Route;A: Disabling Injury;Cabarrus;Unknown;Clear;#NULL!;21-25 mph;20 - 25  MPH;2008;Daylight;Unknown
35.3085439392, -79.7559529211;"{""type"": ""Point"", ""coordinates"": [-79.75595292108459, 35.30854393922429]}";White;None - Rural Crash;Travel Lane;2;19;Rural (<30% Developed);Male;Sport Utility;0;#NULL!;0;0;White;No;0;50-59;Motorist Overtaking - Undetected Bicyclist;None;No;No;Dry;0;Rural;No;31OCT2008;0;19:07;Male;No;Farms, Woods, Pastures;B: Evident Injury;Yes;O: No Injury;6306;October;0;Straight - Level;Piedmont;With Traffic;Double Yellow Line, No Passing Zone;Friday;Non-Intersection;53;0;Two-Way, Not Divided;2 lanes;0;#NULL!;#NULL!;Coarse Asphalt;#NULL!;No Special Feature;Motorist Overtaking Bicyclist;US Route;B: Evident Injury;Montgomery;46;Clear;#NULL!;51-55 mph;50 - 55  MPH;2008;Dark - Roadway Not Lighted;40-49
35.9248991399, -77.8143123655;"{""type"": ""Point"", ""coordinates"": [-77.81431236549675, 35.92489913991363]}";Black;Rocky Mount;Non-Roadway;2;13;Urban (>70% Developed);Male;Passenger Car;0;#NULL!;0;0;Black;No;0;25-29;Motorist Intentionally Caused;None;No;No;Dry;0;Urban;No;11OCT2008;0;13:46;Male;No;Commercial;C: Possible Injury;Yes;O: No Injury;6311;October;0;Straight - Level;Coastal;Not Applicable;No Control Present;Saturday;Non-Intersection;27;0;Two-Way, Not Divided;2 lanes;0;#NULL!;#NULL!;Smooth Asphalt;#NULL!;No Special Feature;Other / Unusual Circumstances;Local Street;C: Possible Injury;Nash;32;Clear;#NULL!;6-10 mph;30 - 35  MPH;2008;Daylight;30-39
35.9504771457, -77.7853123583;"{""type"": ""Point"", ""coordinates"": [-77.78531235831205, 35.95047714569997]}";Black;Rocky Mount;Travel Lane;2;20;Urban (>70% Developed);Male;Unknown;0;#NULL!;0;0;Unknown/Missing;No;0;20-24;Motorist Drive Out - Sign-Controlled Intersection;None;No;No;Dry;0;Urban;Yes;02OCT2008;0;20:06;Unknown;Missing;Residential;C: Possible Injury;No;Unknown Injury;6313;October;0;Straight - Level;Coastal;Facing Traffic;Flashing Signal With Stop Sign;Thursday;Intersection;23;0;Two-Way, Not Divided;2 lanes;0;#NULL!;#NULL!;Smooth Asphalt;#NULL!;Four-Way Intersection;Motorist Failed to Yield - Sign-Controlled Intersection;Local Street;C: Possible Injury;Edgecombe;Unknown;Clear;#NULL!;0-5 mph;30 - 35  MPH;2008;Dark - Lighted Roadway;Unknown
34.9907298874, -79.2615027559;"{""type"": ""Point"", ""coordinates"": [-79.26150275590128, 34.9907298874235]}";Black;None - Rural Crash;Travel Lane;2;20;Rural (<30% Developed);Male;Unknown;0;#NULL!;0;0;Unknown/Missing;No;0;60-69;Head-On - Bicyclist;None;Yes;Yes;Dry;0;Rural;Yes;20NOV2008;0;20:25;Unknown;No;Farms, Woods, Pastures;B: Evident Injury;Yes;Unknown Injury;6315;November;0;Straight - Grade;Coastal;Facing Traffic;No Control Present;Thursday;Non-Intersection;64;0;Two-Way, Not Divided;2 lanes;0;#NULL!;#NULL!;Smooth Asphalt;#NULL!;No Special Feature;Head-On;NC Route;B: Evident Injury;Hoke;Unknown;Clear;#NULL!;51-55 mph;50 - 55  MPH;2008;Dark - Roadway Not Lighted;Unknown
35.8448670955, -78.5694985916;"{""type"": ""Point"", ""coordinates"": [-78.56949859160359, 35.84486709554043]}";Black;Raleigh;Sidewalk / Crosswalk / Driveway Crossing;2;22;Mixed (30% To 70% Developed);Male;Passenger Car;0;#NULL!;0;0;White;No;0;20-24;Bicyclist Failed to Clear - Trapped;None;No;No;Dry;0;Urban;No;03OCT2008;0;22:42;Male;No;Residential;B: Evident Injury;Yes;O: No Injury;6316;October;0;Straight - Level;Piedmont;Not Applicable;No Control Present;Friday;Intersection-Related;24;0;Two-Way, Divided, Unprotected Median;5 lanes;0;#NULL!;#NULL!;Coarse Asphalt;#NULL!;No Special Feature;Bicyclist Failed to Yield - Signalized Intersection;Local Street;B: Evident Injury;Wake;56;Clear;#NULL!;0-5 mph;40 - 45  MPH;2008;Dark - Lighted Roadway;50-59
34.8679669404, -76.8999720344;"{""type"": ""Point"", ""coordinates"": [-76.89997203441472, 34.867966940354194]}";White;Havelock;Travel Lane;2;13;Urban (>70% Developed);Male;Passenger Car;0;#NULL!;0;0;White;No;0;30-39;Motorist Drive Out - Commercial Driveway / Alley;None;No;No;Dry;0;Urban;No;17OCT2008;0;13:36;Female;No;Commercial;C: Possible Injury;Yes;O: No Injury;6318;October;0;Straight - Level;Coastal;Facing Traffic;No Control Present;Friday;Non-Intersection;31;0;Two-Way, Divided, Unprotected Median;4 lanes;0;#NULL!;#NULL!;Smooth Asphalt;#NULL!;Driveway, Public;Motorist Failed to Yield - Midblock;US Route;C: Possible Injury;Craven;24;Clear;#NULL!;0-5 mph;40 - 45  MPH;2008;Daylight;20-24
35.6079868986, -82.5461137681;"{""type"": ""Point"", ""coordinates"": [-82.54611376812983, 35.60798689860808]}";White;Asheville;Travel Lane;2;11;Urban (>70% Developed);Female;Passenger Car;0;#NULL!;0;0;White;No;0;40-49;Motorist Overtaking - Misjudged Space;None;No;No;Dry;0;Urban;No;05NOV2008;0;11:00;Male;No;Residential;B: Evident Injury;No;Unknown Injury;6321;November;0;Straight - Level;Mountains;With Traffic;Missing;Wednesday;Non-Intersection;45;0;Two-Way, Not Divided;4 lanes;0;#NULL!;#NULL!;Smooth Asphalt;#NULL!;T-Intersection;Motorist Overtaking Bicyclist;Local Street;B: Evident Injury;Buncombe;70+;Clear;#NULL!;Unknown;30 - 35  MPH;2008;Daylight;70+
35.2901610031, -77.7873923254;"{""type"": ""Point"", ""coordinates"": [-77.78739232542488, 35.290161003110136]}";White;None - Rural Crash;Bike Lane / Paved Shoulder;2;18;Mixed (30% To 70% Developed);Male;Passenger Car;0;#NULL!;0;0;Black;No;0;50-59;Bicyclist Left Turn - Same Direction;None;Yes;Yes;Dry;0;Rural;No;10NOV2008;0;18:00;Male;No;Farms, Woods, Pastures;C: Possible Injury;Yes;O: No Injury;6328;November;0;Straight - Level;Coastal;With Traffic;Double Yellow Line, No Passing Zone;Monday;Non-Intersection;50;0;Two-Way, Not Divided;2 lanes;0;#NULL!;#NULL!;Coarse Asphalt;#NULL!;No Special Feature;Bicyclist Left Turn / Merge;NC Route;C: Possible Injury;Lenoir;30;Clear;#NULL!;31-35 mph;40 - 45  MPH;2008;Dark - Roadway Not Lighted;30-39
35.8413611475, -77.0637521322;"{""type"": ""Point"", ""coordinates"": [-77.06375213222071, 35.84136114745053]}";Unknown/Missing;Williamston;Travel Lane;2;7;Mixed (30% To 70% Developed);Male;Passenger Car;0;#NULL!;0;0;White;No;0;20-24;Head-On - Bicyclist;None;No;No;Dry;0;Urban;No;15SEP2008;0;7:30;Female;No;Commercial;C: Possible Injury;No;O: No Injury;6332;September;0;Straight - Level;Coastal;Facing Traffic;Yield Sign;Monday;Intersection;22;0;Two-Way, Divided, Unprotected Median;6 lanes;0;#NULL!;#NULL!;Smooth Asphalt;#NULL!;Four-Way Intersection;Head-On;US Route;C: Possible Injury;Martin;40;Clear;#NULL!;16-20 mph;40 - 45  MPH;2008;Daylight;40-49
34.6712868943, -76.9861120519;"{""type"": ""Point"", ""coordinates"": [-76.98611205186644, 34.671286894315635]}";White;Emerald Isle;Travel Lane;2;6;Urban (>70% Developed);Male;Passenger Car;0;#NULL!;0;0;White;No;0;0-5;Motorist Left Turn - Opposite Direction;None;No;No;Dry;0;Rural;No;08OCT2008;0;6:56;Male;No;Residential;B: Evident Injury;Yes;O: No Injury;6335;October;0;Straight - Hillcrest;Coastal;With Traffic;No Control Present;Wednesday;Intersection;1;0;Two-Way, Not Divided;4 lanes;0;#NULL!;#NULL!;Coarse Asphalt;#NULL!;T-Intersection;Motorist Left Turn / Merge;Local Street;B: Evident Injury;Carteret;70+;Clear;#NULL!;0-5 mph;20 - 25  MPH;2008;Daylight;70+
35.0458569133, -78.8655266393;"{""type"": ""Point"", ""coordinates"": [-78.86552663930031, 35.045856913314566]}";White;Fayetteville;Travel Lane;2;18;Urban (>70% Developed);Male;Sport Utility;0;#NULL!;0;0;White;No;0;50-59;Bicyclist Ride Through - Signalized Intersection;None;No;No;Wet;0;Urban;No;24OCT2008;0;18:41;Male;No;Commercial;B: Evident Injury;Yes;O: No Injury;6338;October;0;Straight - Level;Coastal;With Traffic;Stop And Go Signal;Friday;Intersection;54;0;Two-Way, Not Divided;6 lanes;0;#NULL!;#NULL!;Smooth Asphalt;#NULL!;Four-Way Intersection;Bicyclist Failed to Yield - Signalized Intersection;Local Street;B: Evident Injury;Cumberland;25;Cloudy;#NULL!;31-35 mph;30 - 35  MPH;2008;Dark - Lighted Roadway;25-29
34.9222768553, -79.7730289057;"{""type"": ""Point"", ""coordinates"": [-79.77302890570142, 34.922276855328896]}";White;None - Rural Crash;Travel Lane;2;23;Urban (>70% Developed);Male;Van;0;#NULL!;0;0;Hispanic;No;0;50-59;Motorist Overtaking - Other / Unknown;None;Yes;No;Dry;0;Rural;Yes;15NOV2008;0;23:29;Male;Yes;Residential;B: Evident Injury;Yes;O: No Injury;6342;November;0;Straight - Grade;Piedmont;With Traffic;Double Yellow Line, No Passing Zone;Saturday;Non-Intersection;52;0;Two-Way, Not Divided;2 lanes;0;#NULL!;#NULL!;Coarse Asphalt;#NULL!;No Special Feature;Motorist Overtaking Bicyclist;State Secondary Route;B: Evident Injury;Richmond;24;Clear;#NULL!;51-55 mph;30 - 35  MPH;2008;Daylight;20-24
34.9078738504, -79.8139129172;"{""type"": ""Point"", ""coordinates"": [-79.81391291720341, 34.9078738504396]}";White;None - Rural Crash;Travel Lane;2;17;Mixed (30% To 70% Developed);Female;Passenger Car;0;#NULL!;0;0;White;No;0;30-39;Motorist Overtaking - Other / Unknown;None;Yes;Yes;Dry;0;Rural;No;12NOV2008;0;17:50;Male;No;Residential;K: Killed;Yes;O: No Injury;6343;November;0;Straight - Grade;Piedmont;With Traffic;Double Yellow Line, No Passing Zone;Wednesday;Non-Intersection;37;0;Two-Way, Not Divided;2 lanes;0;#NULL!;#NULL!;Smooth Asphalt;#NULL!;No Special Feature;Motorist Overtaking Bicyclist;State Secondary Route;K: Killed;Richmond;20;Cloudy;#NULL!;41-45 mph;40 - 45  MPH;2008;Dark - Roadway Not Lighted;20-24
35.0750989173, -78.9306666603;"{""type"": ""Point"", ""coordinates"": [-78.93066666034288, 35.07509891734327]}";Black;Fayetteville;Travel Lane;2;21;Urban (>70% Developed);Male;Passenger Car;0;#NULL!;0;0;Black;No;0;30-39;Head-On - Bicyclist;None;Yes;Yes;Dry;0;Urban;No;25OCT2008;0;21:45;Female;No;Commercial;B: Evident Injury;No;O: No Injury;6346;October;0;Straight - Level;Coastal;Facing Traffic;No Control Present;Saturday;Non-Intersection;31;0;Two-Way, Divided, Positive Median Barrier;8 lanes;0;#NULL!;#NULL!;Coarse Asphalt;#NULL!;No Special Feature;Head-On;Local Street;B: Evident Injury;Cumberland;23;Clear;#NULL!;11-15 mph;40 - 45  MPH;2008;Dark - Lighted Roadway;20-24
36.0751531018, -79.7702429666;"{""type"": ""Point"", ""coordinates"": [-79.77024296661209, 36.07515310179861]}";Black;Greensboro;Travel Lane;2;15;Urban (>70% Developed);Male;Passenger Car;0;#NULL!;0;0;Black;No;0;16-19;Bicyclist Ride Through - Signalized Intersection;None;No;No;Dry;0;Urban;No;22OCT2008;0;15:28;Female;No;Commercial;C: Possible Injury;Yes;O: No Injury;6361;October;0;Straight - Hillcrest;Piedmont;Facing Traffic;Stop And Go Signal;Wednesday;Intersection;18;0;Two-Way, Divided, Unprotected Median;2 lanes;0;#NULL!;#NULL!;Smooth Asphalt;#NULL!;No Special Feature;Bicyclist Failed to Yield - Signalized Intersection;Local Street;C: Possible Injury;Guilford;19;Clear;#NULL!;Unknown;5 - 15 MPH;2008;Daylight;0-19
35.2661128834, -81.0395693024;"{""type"": ""Point"", ""coordinates"": [-81.03956930241925, 35.26611288341994]}";White;Mount Holly;Travel Lane;2;7;Urban (>70% Developed);Male;Pickup;0;#NULL!;0;0;White;No;0;30-39;Motorist Overtaking - Other / Unknown;None;No;No;Wet;0;Urban;No;25NOV2008;0;7:55;Male;No;Residential;B: Evident Injury;No;O: No Injury;6362;November;0;Straight - Level;Piedmont;With Traffic;Double Yellow Line, No Passing Zone;Tuesday;Non-Intersection;32;0;Two-Way, Not Divided;2 lanes;0;#NULL!;#NULL!;Smooth Asphalt;#NULL!;No Special Feature;Motorist Overtaking Bicyclist;Local Street;B: Evident Injury;Gaston;37;Clear;#NULL!;21-25 mph;30 - 35  MPH;2008;Daylight;30-39
34.6774468892, -77.1879421128;"{""type"": ""Point"", ""coordinates"": [-77.18794211278143, 34.67744688916065]}";White;None - Rural Crash;Unknown;2;15;Rural (<30% Developed);Male;Unknown;0;#NULL!;0;0;Unknown/Missing;No;0;11-15;Parallel Paths - Other / Unknown;None;No;No;Dry;0;Rural;Yes;16NOV2008;0;15:30;Unknown;Missing;Farms, Woods, Pastures;C: Possible Injury;No;Unknown Injury;6363;November;0;Straight - Level;Coastal;Unknown;No Control Present;Sunday;Non-Intersection;13;0;Two-Way, Not Divided;2 lanes;0;#NULL!;#NULL!;Coarse Asphalt;#NULL!;No Special Feature;Parallel Paths - Other Circumstances;State Secondary Route;C: Possible Injury;Onslow;Unknown;Clear;#NULL!;41-45 mph;40 - 45  MPH;2008;Daylight;Unknown
35.110720988, -77.0638420967;"{""type"": ""Point"", ""coordinates"": [-77.06384209671742, 35.110720987952334]}";White;New Bern;Travel Lane;2;7;Urban (>70% Developed);Male;Passenger Car;0;#NULL!;0;0;Black;No;0;40-49;Motorist Right Turn - Same Direction;None;No;No;Dry;0;Urban;No;20NOV2008;0;7:27;Female;No;Residential;C: Possible Injury;No;O: No Injury;6364;November;0;Straight - Level;Coastal;With Traffic;Missing;Thursday;Intersection;40;0;Two-Way, Divided, Unprotected Median;4 lanes;0;#NULL!;#NULL!;Smooth Asphalt;#NULL!;T-Intersection;Motorist Right Turn / Merge;NC Route;C: Possible Injury;Craven;32;Clear;#NULL!;31-35 mph;30 - 35  MPH;2008;Daylight;30-39
35.9484901452, -77.8064223649;"{""type"": ""Point"", ""coordinates"": [-77.80642236486136, 35.948490145219296]}";Black;Rocky Mount;Travel Lane;2;13;Urban (>70% Developed);Male;Passenger Car;0;#NULL!;0;0;White;No;0;25-29;Backing Vehicle;None;No;No;Dry;0;Urban;No;06NOV2008;0;13:36;Male;No;Residential;C: Possible Injury;Yes;O: No Injury;6377;November;0;Straight - Level;Coastal;Facing Traffic;Stop Sign;Thursday;Intersection;29;0;Two-Way, Not Divided;2 lanes;0;#NULL!;#NULL!;Smooth Asphalt;#NULL!;No Special Feature;Backing Vehicle;Local Street;C: Possible Injury;Nash;51;Clear;#NULL!;0-5 mph;30 - 35  MPH;2008;Daylight;50-59
35.5587500427, -78.345072508;"{""type"": ""Point"", ""coordinates"": [-78.34507250803217, 35.558750042667974]}";Black;None - Rural Crash;Travel Lane;2;18;Rural (<30% Developed);Male;Passenger Car;0;#NULL!;0;0;Black;No;0;40-49;Motorist Overtaking - Undetected Bicyclist;None;Yes;Yes;Dry;0;Rural;No;03DEC2008;0;18:18;Female;No;Farms, Woods, Pastures;B: Evident Injury;No;O: No Injury;6382;December;0;Straight - Grade;Coastal;With Traffic;Double Yellow Line, No Passing Zone;Wednesday;Non-Intersection;41;0;Two-Way, Not Divided;2 lanes;0;#NULL!;#NULL!;Smooth Asphalt;#NULL!;No Special Feature;Motorist Overtaking Bicyclist;State Secondary Route;B: Evident Injury;Johnston;19;Clear;#NULL!;51-55 mph;50 - 55  MPH;2008;Dark - Roadway Not Lighted;0-19
34.8021919262, -76.8782920246;"{""type"": ""Point"", ""coordinates"": [-76.87829202459349, 34.802191926223635]}";White;None - Rural Crash;Bike Lane / Paved Shoulder;2;17;Mixed (30% To 70% Developed);Male;Passenger Car;0;#NULL!;0;0;Black;No;0;25-29;Motorist Overtaking - Other / Unknown;None;No;No;Dry;0;Rural;No;03DEC2008;0;17:19;Male;No;Commercial;K: Killed;Yes;O: No Injury;6386;December;0;Straight - Level;Coastal;With Traffic;No Control Present;Wednesday;Non-Intersection;28;0;Two-Way, Divided, Unprotected Median;4 lanes;0;#NULL!;#NULL!;Smooth Asphalt;#NULL!;No Special Feature;Motorist Overtaking Bicyclist;US Route;K: Killed;Carteret;21;Clear;#NULL!;51-55 mph;50 - 55  MPH;2008;Dark - Roadway Not Lighted;20-24
35.8730270998, -78.6222626083;"{""type"": ""Point"", ""coordinates"": [-78.62226260834436, 35.87302709978417]}";Asian;Raleigh;Sidewalk / Crosswalk / Driveway Crossing;2;21;Urban (>70% Developed);Male;Pickup;0;#NULL!;0;0;Black;No;0;30-39;Signalized Intersection - Other / Unknown;None;No;No;Dry;0;Urban;No;20OCT2008;0;21:56;Male;No;Commercial;O: No Injury;No;O: No Injury;6389;October;0;Straight - Level;Piedmont;Not Applicable;Stop And Go Signal;Monday;Intersection;36;0;Two-Way, Not Divided;5 lanes;0;#NULL!;#NULL!;Smooth Asphalt;#NULL!;T-Intersection;Crossing Paths - Other Circumstances;Local Street;O: No Injury;Wake;41;Clear;#NULL!;41-45 mph;40 - 45  MPH;2008;Dark - Lighted Roadway;40-49
36.3729172921, -76.1498618789;"{""type"": ""Point"", ""coordinates"": [-76.14986187886599, 36.372917292130865]}";Black;None - Rural Crash;Travel Lane;2;17;Rural (<30% Developed);Male;Passenger Car;0;#NULL!;0;0;White;No;0;30-39;Motorist Overtaking - Undetected Bicyclist;None;Yes;Yes;Dry;0;Rural;No;08DEC2008;0;17:30;Male;No;Farms, Woods, Pastures;O: No Injury;Yes;O: No Injury;6402;December;0;Straight - Level;Coastal;With Traffic;No Control Present;Monday;Non-Intersection;38;0;Two-Way, Not Divided;2 lanes;0;#NULL!;#NULL!;Coarse Asphalt;#NULL!;No Special Feature;Motorist Overtaking Bicyclist;NC Route;O: No Injury;Camden;64;Clear;#NULL!;51-55 mph;50 - 55  MPH;2008;Dark - Roadway Not Lighted;60-69
36.0685000995, -79.7907529725;"{""type"": ""Point"", ""coordinates"": [-79.79075297249754, 36.06850009948668]}";White;Greensboro;Travel Lane;2;23;Urban (>70% Developed);Male;Passenger Car;0;#NULL!;0;0;White;No;0;25-29;Motorist Overtaking - Other / Unknown;None;Yes;Yes;Wet;0;Urban;No;14NOV2008;0;23:10;Male;Yes;Commercial;C: Possible Injury;Yes;O: No Injury;6403;November;0;Straight - Level;Piedmont;With Traffic;Stop And Go Signal;Friday;Intersection-Related;27;0;Two-Way, Not Divided;3 lanes;0;#NULL!;#NULL!;Smooth Asphalt;#NULL!;No Special Feature;Motorist Overtaking Bicyclist;Local Street;C: Possible Injury;Guilford;23;Rain;#NULL!;6-10 mph;20 - 25  MPH;2008;Dark - Lighted Roadway;20-24