Geo Point;Geo Shape;BikeRace;City;BikePos;NumUnits;CrashHour;Locality;BikeSex;DrvrVehTyp;NumBikesNo;BikeAlcDrg;NumBikesBI;RteInvdCd;DrvrRace;Workzone;NumBikesCi;BikeAgeGrp;CrashType;RdDefects;CrashAlcoh;BikeAlcoho;RdConditio;DstncMiFrm;RuralUrban;HitRun;CrashDate;NumBikesUI;CrashTime;DrvrSex;DrvrAlcoho;Developmen;CrashSevr;AmbulanceR;DrvrInjury;OBJECTID;CrashMonth;NumBikesKi;RdCharacte;Region;BikeDir;TraffCntrl;CrashDay;CrashLoc;BikeAge;NumBikesTo;RdConfig;NumLanes;NumBikesAI;DrvrAlcDrg;OnRoad;RdSurface;Towrd_Rd;RdFeature;CrashGrp;RdClass;BikeInjury;County;DrvrAge;Weather;FrmRd;DrvrEstSpd;SpeedLimit;CrashYear;LightCond;DrvrAgeGrp
35.1616429196, -79.4103728098;"{""type"": ""Point"", ""coordinates"": [-79.4103728098115, 35.16164291958266]}";White;Southern Pines;Travel Lane;2;2;Mixed (30% To 70% Developed);Male;Passenger Car;0;#NULL!;0;0;White;No;0;40-49;Motorist Overtaking - Other / Unknown;None;No;No;Dry;0;Urban;Yes;03DEC2008;0;2:33;Female;No;Commercial;K: Killed;Yes;O: No Injury;6404;December;0;Straight - Level;Piedmont;With Traffic;No Control Present;Wednesday;Non-Intersection;41;0;Two-Way, Not Divided;5 lanes;0;#NULL!;#NULL!;Coarse Asphalt;#NULL!;No Special Feature;Motorist Overtaking Bicyclist;US Route;K: Killed;Moore;30;Clear;#NULL!;41-45 mph;40 - 45  MPH;2008;Dark - Lighted Roadway;30-39
35.621490081, -77.6160022894;"{""type"": ""Point"", ""coordinates"": [-77.61600228937141, 35.62149008099388]}";White;None - Rural Crash;Travel Lane;2;17;Rural (<30% Developed);Male;Sport Utility;0;#NULL!;0;0;Hispanic;No;0;40-49;Motorist Overtaking - Other / Unknown;None;Yes;Yes;Dry;0;Rural;Yes;09DEC2008;0;17:28;Male;No;Farms, Woods, Pastures;A: Disabling Injury;Yes;O: No Injury;6405;December;0;Straight - Level;Coastal;With Traffic;Missing;Tuesday;Non-Intersection;46;0;Two-Way, Not Divided;2 lanes;0;#NULL!;#NULL!;Coarse Asphalt;#NULL!;No Special Feature;Motorist Overtaking Bicyclist;State Secondary Route;A: Disabling Injury;Pitt;34;Cloudy;#NULL!;46-50 mph;50 - 55  MPH;2008;Dark - Roadway Not Lighted;30-39
35.249816889, -80.7796032242;"{""type"": ""Point"", ""coordinates"": [-80.77960322419548, 35.24981688895683]}";Black;Charlotte;Travel Lane;2;18;Urban (>70% Developed);Male;Unknown;0;#NULL!;0;0;Unknown/Missing;No;0;40-49;Motorist Right Turn - Same Direction;None;No;No;Dry;0;Urban;Yes;12DEC2008;0;18:26;Unknown;Missing;Commercial;C: Possible Injury;No;Unknown Injury;6406;December;0;Straight - Level;Piedmont;With Traffic;No Control Present;Friday;Non-Intersection;48;0;Two-Way, Divided, Unprotected Median;4 lanes;0;#NULL!;#NULL!;Smooth Asphalt;#NULL!;No Special Feature;Motorist Right Turn / Merge;Local Street;C: Possible Injury;Mecklenburg;Unknown;Clear;#NULL!;31-35 mph;30 - 35  MPH;2008;Dark - Lighted Roadway;Unknown
35.0402869304, -78.3274924763;"{""type"": ""Point"", ""coordinates"": [-78.32749247626127, 35.04028693039513]}";Black;None - Rural Crash;Bike Lane / Paved Shoulder;2;12;Rural (<30% Developed);Male;Pickup;0;#NULL!;0;0;White;No;0;50-59;Motorist Overtaking - Other / Unknown;None;No;No;Dry;0;Rural;No;15DEC2008;0;12:30;Male;No;Farms, Woods, Pastures;C: Possible Injury;Yes;O: No Injury;6411;December;0;Straight - Level;Coastal;With Traffic;No Control Present;Monday;Non-Intersection;51;0;Two-Way, Not Divided;2 lanes;0;#NULL!;#NULL!;Coarse Asphalt;#NULL!;No Special Feature;Motorist Overtaking Bicyclist;US Route;C: Possible Injury;Sampson;33;Clear;#NULL!;51-55 mph;50 - 55  MPH;2008;Daylight;30-39
35.2518528748, -81.1902193468;"{""type"": ""Point"", ""coordinates"": [-81.19021934682029, 35.25185287475828]}";Black;Gastonia;Sidewalk / Crosswalk / Driveway Crossing;2;13;Urban (>70% Developed);Male;Passenger Car;0;#NULL!;0;0;White;No;0;16-19;Motorist Right Turn - Same Direction;None;No;No;Dry;0;Urban;No;16DEC2008;0;13:03;Female;No;Residential;C: Possible Injury;No;O: No Injury;6412;December;0;Straight - Grade;Piedmont;Facing Traffic;Missing;Tuesday;Non-Intersection;19;0;One-Way, Not Divided;2 lanes;0;#NULL!;#NULL!;Smooth Asphalt;#NULL!;Driveway, Public;Motorist Right Turn / Merge;Local Street;C: Possible Injury;Gaston;19;Cloudy;#NULL!;16-20 mph;30 - 35  MPH;2008;Daylight;0-19
35.0506739108, -78.9617026679;"{""type"": ""Point"", ""coordinates"": [-78.96170266794239, 35.05067391083644]}";White;Fayetteville;Unknown;2;17;Urban (>70% Developed);Male;Sport Utility;0;#NULL!;0;0;Unknown/Missing;No;0;40-49;Motorist Right Turn - Opposite Direction;None;No;No;Wet;0;Urban;Yes;10DEC2008;0;17:52;Unknown;Missing;Residential;B: Evident Injury;Yes;Unknown Injury;6422;December;0;Straight - Level;Coastal;Facing Traffic;Stop Sign;Wednesday;Intersection;40;0;Two-Way, Not Divided;2 lanes;0;#NULL!;#NULL!;Concrete;#NULL!;Four-Way Intersection;Motorist Right Turn / Merge;Local Street;B: Evident Injury;Cumberland;Unknown;Cloudy;#NULL!;6-10 mph;40 - 45  MPH;2008;Dark - Lighted Roadway;Unknown
35.1808428709, -80.8891832534;"{""type"": ""Point"", ""coordinates"": [-80.88918325339814, 35.180842870909444]}";White;Charlotte;Travel Lane;2;11;Urban (>70% Developed);Female;Sport Utility;0;#NULL!;0;0;Hispanic;No;0;20-24;Bicyclist Overtaking - Other / Unknown;None;No;No;Dry;0;Urban;No;16OCT2008;0;11:55;Male;No;Commercial;B: Evident Injury;Yes;O: No Injury;6423;October;0;Straight - Level;Piedmont;With Traffic;Flashing Signal Without Stop Sign;Thursday;Intersection;24;0;Two-Way, Divided, Positive Median Barrier;4 lanes;0;#NULL!;#NULL!;Concrete;#NULL!;T-Intersection;Bicyclist Overtaking Motorist;Local Street;B: Evident Injury;Mecklenburg;31;Clear;#NULL!;0-5 mph;30 - 35  MPH;2008;Daylight;30-39
35.9227900944, -79.0888327525;"{""type"": ""Point"", ""coordinates"": [-79.08883275249663, 35.92279009440234]}";White;Carrboro;Travel Lane;2;12;Urban (>70% Developed);Female;Passenger Car;0;#NULL!;0;0;White;No;0;30-39;Motorist Left Turn - Opposite Direction;None;No;No;Dry;0;Urban;No;28DEC2008;0;12:09;Female;No;Residential;B: Evident Injury;Yes;O: No Injury;6435;December;0;Straight - Level;Piedmont;With Traffic;Missing;Sunday;Intersection;33;0;Two-Way, Not Divided;2 lanes;0;#NULL!;#NULL!;Smooth Asphalt;#NULL!;T-Intersection;Motorist Left Turn / Merge;Local Street;B: Evident Injury;Orange;70+;Clear;#NULL!;16-20 mph;30 - 35  MPH;2008;Daylight;70+
36.086429106, -79.7162579517;"{""type"": ""Point"", ""coordinates"": [-79.71625795173725, 36.08642910596232]}";Black;Greensboro;Travel Lane;2;16;Urban (>70% Developed);Male;Passenger Car;0;#NULL!;0;0;White;No;0;16-19;Bicyclist Ride Out - Sign-Controlled Intersection;None;No;No;Dry;0;Urban;No;29DEC2008;0;16:46;Male;No;Commercial;C: Possible Injury;Yes;O: No Injury;6445;December;0;Straight - Level;Piedmont;With Traffic;Stop Sign;Monday;Intersection;18;0;Two-Way, Divided, Unprotected Median;5 lanes;0;#NULL!;#NULL!;Smooth Asphalt;#NULL!;T-Intersection;Bicyclist Failed to Yield - Sign-Controlled Intersection;Local Street;C: Possible Injury;Guilford;17;Clear;#NULL!;46-50 mph;40 - 45  MPH;2008;Daylight;0-19
35.4653369319, -80.8714482638;"{""type"": ""Point"", ""coordinates"": [-80.87144826376343, 35.465336931893695]}";White;Cornelius;Travel Lane;2;13;Urban (>70% Developed);Male;Passenger Car;0;#NULL!;0;0;White;No;0;40-49;Parallel Paths - Other / Unknown;None;No;No;Dry;0;Urban;No;19AUG2008;0;13:08;Male;No;Commercial;K: Killed;No;O: No Injury;6460;August;0;Straight - Level;Piedmont;With Traffic;No Control Present;Tuesday;Non-Intersection;47;0;Two-Way, Not Divided;2 lanes;0;#NULL!;#NULL!;Smooth Asphalt;#NULL!;No Special Feature;Parallel Paths - Other Circumstances;Local Street;K: Killed;Mecklenburg;51;Clear;#NULL!;36-40 mph;40 - 45  MPH;2008;Daylight;50-59
36.0579870978, -79.7807189687;"{""type"": ""Point"", ""coordinates"": [-79.78071896873833, 36.05798709783905]}";Black;Greensboro;Travel Lane;2;14;Urban (>70% Developed);Male;Passenger Car;0;#NULL!;0;0;Black;No;0;11-15;Bicyclist Lost Control - Mechanical Problems;None;No;No;Dry;0;Urban;No;22AUG2008;0;14:48;Female;No;Residential;B: Evident Injury;Yes;O: No Injury;6463;August;0;Straight - Grade;Piedmont;With Traffic;Stop Sign;Friday;Intersection;11;0;Two-Way, Not Divided;2 lanes;0;#NULL!;#NULL!;Smooth Asphalt;#NULL!;Related To Intersection;Loss of Control / Turning Error;Local Street;B: Evident Injury;Guilford;34;Clear;#NULL!;16-20 mph;20 - 25  MPH;2008;Daylight;30-39
35.9310111404, -77.8129123663;"{""type"": ""Point"", ""coordinates"": [-77.81291236628742, 35.93101114042488]}";Black;Rocky Mount;Sidewalk / Crosswalk / Driveway Crossing;2;10;Urban (>70% Developed);Male;Unknown;0;#NULL!;0;0;Unknown/Missing;No;0;50-59;Motorist Drive Out - Other Midblock;None;No;No;Dry;0;Urban;Yes;10OCT2008;0;10:33;Unknown;Missing;Commercial;O: No Injury;No;Unknown Injury;6466;October;0;Straight - Level;Coastal;Facing Traffic;No Control Present;Friday;Non-Intersection;55;0;Two-Way, Divided, Unprotected Median;2 lanes;0;#NULL!;#NULL!;Coarse Asphalt;#NULL!;No Special Feature;Motorist Failed to Yield - Midblock;Local Street;O: No Injury;Nash;Unknown;Clear;#NULL!;0-5 mph;30 - 35  MPH;2008;Daylight;Unknown
35.6844069931, -80.479323158;"{""type"": ""Point"", ""coordinates"": [-80.47932315801816, 35.68440699307496]}";White;Salisbury;Travel Lane;2;17;Urban (>70% Developed);Male;Sport Utility;0;#NULL!;0;0;Unknown/Missing;No;0;30-39;Motorist Left Turn - Opposite Direction;None;No;No;Dry;0;Urban;Yes;19JAN2007;0;17:25;Unknown;No;Commercial;C: Possible Injury;Yes;Unknown Injury;6470;January;0;Straight - Grade;Piedmont;With Traffic;No Control Present;Friday;Intersection;30;0;Two-Way, Not Divided;2 lanes;0;#NULL!;#NULL!;Smooth Asphalt;#NULL!;Four-Way Intersection;Motorist Left Turn / Merge;Local Street;C: Possible Injury;Rowan;Unknown;Cloudy;#NULL!;31-35 mph;30 - 35  MPH;2007;Daylight;Unknown
36.070427111, -79.4947928835;"{""type"": ""Point"", ""coordinates"": [-79.49479288351692, 36.07042711096265]}";Black;Burlington;Travel Lane;2;17;Urban (>70% Developed);Male;Passenger Car;0;#NULL!;0;0;White;No;0;40-49;Motorist Drive Out - Commercial Driveway / Alley;None;No;No;Dry;0;Urban;No;12JAN2007;0;17:46;Male;No;Commercial;B: Evident Injury;Yes;O: No Injury;6489;January;0;Straight - Grade;Piedmont;Facing Traffic;No Control Present;Friday;Non-Intersection;40;0;Two-Way, Not Divided;5 lanes;0;#NULL!;#NULL!;Smooth Asphalt;#NULL!;No Special Feature;Motorist Failed to Yield - Midblock;Local Street;B: Evident Injury;Alamance;67;Clear;#NULL!;0-5 mph;30 - 35  MPH;2007;Dark - Lighted Roadway;60-69
35.5156699297, -81.2070733664;"{""type"": ""Point"", ""coordinates"": [-81.20707336637771, 35.51566992971671]}";Black;None - Rural Crash;Travel Lane;2;17;Rural (<30% Developed);Male;Passenger Car;0;#NULL!;0;0;Black;No;0;6-10;Motorist Overtaking - Bicyclist Swerved;None;No;No;Dry;0;Rural;No;16JAN2007;0;17:40;Female;No;Farms, Woods, Pastures;B: Evident Injury;Yes;O: No Injury;6491;January;0;Straight - Bottom;Piedmont;With Traffic;No Control Present;Tuesday;Non-Intersection;8;0;Two-Way, Not Divided;2 lanes;0;#NULL!;#NULL!;Smooth Asphalt;#NULL!;No Special Feature;Motorist Overtaking Bicyclist;State Secondary Route;B: Evident Injury;Lincoln;25;Clear;#NULL!;31-35 mph;30 - 35  MPH;2007;Dusk;25-29
36.0947140805, -80.4514881732;"{""type"": ""Point"", ""coordinates"": [-80.45148817321433, 36.094714080486106]}";White;Lewisville;Travel Lane;2;16;Rural (<30% Developed);Female;Pickup;0;#NULL!;0;0;White;No;0;60-69;Motorist Left Turn - Opposite Direction;None;No;No;Dry;0;Urban;No;09JAN2007;0;16:36;Female;No;Residential;A: Disabling Injury;Yes;O: No Injury;6493;January;0;Straight - Level;Piedmont;With Traffic;Double Yellow Line, No Passing Zone;Tuesday;Non-Intersection;60;0;Two-Way, Not Divided;2 lanes;0;#NULL!;#NULL!;Smooth Asphalt;#NULL!;No Special Feature;Motorist Left Turn / Merge;State Secondary Route;A: Disabling Injury;Forsyth;46;Clear;#NULL!;11-15 mph;50 - 55  MPH;2007;Daylight;40-49
36.0816870864, -80.2282231057;"{""type"": ""Point"", ""coordinates"": [-80.22822310567406, 36.08168708638859]}";Black;Winston-Salem;Driveway / Alley;2;19;Urban (>70% Developed);Male;Unknown;0;#NULL!;0;0;Hispanic;No;0;11-15;Bicyclist Ride Out - Commercial Driveway / Alley;None;No;No;Dry;0;Urban;Yes;12JAN2007;0;19:19;Male;No;Residential;A: Disabling Injury;Yes;O: No Injury;6498;January;0;Straight - Grade;Piedmont;Not Applicable;No Control Present;Friday;Non-Intersection;12;0;Two-Way, Not Divided;2 lanes;0;#NULL!;#NULL!;Smooth Asphalt;#NULL!;No Special Feature;Bicyclist Failed to Yield - Midblock;Local Street;A: Disabling Injury;Forsyth;28;Clear;#NULL!;21-25 mph;20 - 25  MPH;2007;Dark - Lighted Roadway;25-29
35.0453899099, -78.9534326652;"{""type"": ""Point"", ""coordinates"": [-78.95343266523567, 35.045389909932794]}";Black;Fayetteville;Driveway / Alley;2;16;Urban (>70% Developed);Female;Passenger Car;0;#NULL!;0;0;White;No;0;11-15;Bicyclist Ride Out - Residential Driveway;None;No;No;Dry;0;Urban;No;15JAN2007;0;16:35;Female;No;Commercial;B: Evident Injury;Yes;O: No Injury;6501;January;0;Straight - Level;Coastal;Not Applicable;No Control Present;Monday;Non-Intersection;14;0;Two-Way, Not Divided;2 lanes;0;#NULL!;#NULL!;Coarse Asphalt;#NULL!;No Special Feature;Bicyclist Failed to Yield - Midblock;Local Street;B: Evident Injury;Cumberland;35;Clear;#NULL!;21-25 mph;20 - 25  MPH;2007;Daylight;30-39
35.6176708998, -82.5637537742;"{""type"": ""Point"", ""coordinates"": [-82.56375377419118, 35.61767089983127]}";White;Asheville;Travel Lane;2;23;Urban (>70% Developed);Female;Sport Utility;0;#NULL!;0;0;Black;No;0;20-24;Motorist Overtaking - Bicyclist Swerved;None;No;No;Dry;0;Urban;No;26MAR2007;0;23:04;Male;No;Institutional;B: Evident Injury;Yes;O: No Injury;6509;March;0;Straight - Level;Mountains;With Traffic;No Control Present;Monday;Non-Intersection;21;0;Two-Way, Not Divided;2 lanes;0;#NULL!;#NULL!;Smooth Asphalt;#NULL!;No Special Feature;Motorist Overtaking Bicyclist;Local Street;B: Evident Injury;Buncombe;39;Clear;#NULL!;16-20 mph;20 - 25  MPH;2007;Dark - Lighted Roadway;30-39
34.7436968966, -77.3837421757;"{""type"": ""Point"", ""coordinates"": [-77.38374217573993, 34.743696896558646]}";White;Jacksonville;Travel Lane;2;13;Urban (>70% Developed);Male;Pickup;0;#NULL!;0;0;White;No;0;20-24;Motorist Drive Out - Commercial Driveway / Alley;None;No;No;Dry;0;Urban;No;19JAN2007;0;13:26;Male;No;Commercial;C: Possible Injury;Yes;O: No Injury;6510;January;0;Straight - Level;Coastal;Facing Traffic;No Control Present;Friday;Non-Intersection;22;0;Two-Way, Divided, Unprotected Median;6 lanes;0;#NULL!;#NULL!;Smooth Asphalt;#NULL!;No Special Feature;Motorist Failed to Yield - Midblock;NC Route;C: Possible Injury;Onslow;37;Clear;#NULL!;0-5 mph;40 - 45  MPH;2007;Daylight;30-39
34.7091768308, -79.1382727039;"{""type"": ""Point"", ""coordinates"": [-79.13827270391967, 34.70917683078411]}";Native American;None - Rural Crash;Other;2;18;Rural (<30% Developed);Male;Pickup;0;#NULL!;0;0;Native American;No;0;30-39;Bicyclist Left Turn - Same Direction;None;No;No;Wet;0;Rural;No;21JAN2007;0;18:16;Male;No;Residential;B: Evident Injury;Yes;O: No Injury;6512;January;0;Straight - Level;Coastal;With Traffic;Double Yellow Line, No Passing Zone;Sunday;Non-Intersection;36;0;Two-Way, Not Divided;2 lanes;0;#NULL!;#NULL!;Smooth Asphalt;#NULL!;No Special Feature;Bicyclist Left Turn / Merge;State Secondary Route;B: Evident Injury;Robeson;40;Cloudy;#NULL!;51-55 mph;50 - 55  MPH;2007;Dark - Roadway Not Lighted;40-49
34.7568169098, -77.0939620881;"{""type"": ""Point"", ""coordinates"": [-77.09396208808342, 34.756816909752686]}";White;None - Rural Crash;Travel Lane;2;18;Mixed (30% To 70% Developed);Female;Truck/Trailer;0;#NULL!;0;0;Unknown/Missing;No;0;50-59;Motorist Overtaking - Other / Unknown;None;No;No;Dry;0;Rural;Yes;24JAN2007;0;18:13;Unknown;Missing;Commercial;B: Evident Injury;Yes;Unknown Injury;6519;January;0;Straight - Level;Coastal;With Traffic;No Control Present;Wednesday;Non-Intersection;52;0;Two-Way, Not Divided;2 lanes;0;#NULL!;#NULL!;Coarse Asphalt;#NULL!;No Special Feature;Motorist Overtaking Bicyclist;NC Route;B: Evident Injury;Carteret;Unknown;Clear;#NULL!;Unknown;50 - 55  MPH;2007;Dark - Roadway Not Lighted;Unknown
35.8259920874, -78.7049226314;"{""type"": ""Point"", ""coordinates"": [-78.70492263141247, 35.82599208739358]}";White;Raleigh;Travel Lane;2;13;Urban (>70% Developed);Male;Passenger Car;0;#NULL!;0;0;Asian;No;0;40-49;Motorist Left Turn - Opposite Direction;None;No;No;Dry;0;Urban;No;27JAN2007;0;13:45;Male;No;Commercial;C: Possible Injury;Yes;O: No Injury;6522;January;0;Straight - Level;Piedmont;With Traffic;Stop And Go Signal;Saturday;Intersection;46;0;Two-Way, Not Divided;5 lanes;0;#NULL!;#NULL!;Smooth Asphalt;#NULL!;Four-Way Intersection;Motorist Left Turn / Merge;Local Street;C: Possible Injury;Wake;53;Clear;#NULL!;11-15 mph;20 - 25  MPH;2007;Daylight;50-59
35.099256925, -78.8774666461;"{""type"": ""Point"", ""coordinates"": [-78.87746664609855, 35.0992569250024]}";Hispanic;Fayetteville;Sidewalk / Crosswalk / Driveway Crossing;2;14;Urban (>70% Developed);Male;Unknown;0;#NULL!;0;0;Unknown/Missing;No;0;40-49;Crossing Paths - Intersection - Other / Unknown;None;No;No;Dry;0;Urban;Yes;31JAN2007;0;14:45;Unknown;Missing;Commercial;B: Evident Injury;No;Unknown Injury;6527;January;0;Straight - Level;Coastal;Facing Traffic;No Control Present;Wednesday;Intersection;40;0;Two-Way, Not Divided;2 lanes;0;#NULL!;#NULL!;Smooth Asphalt;#NULL!;T-Intersection;Crossing Paths - Other Circumstances;Local Street;B: Evident Injury;Cumberland;Unknown;Clear;#NULL!;0-5 mph;20 - 25  MPH;2007;Daylight;Unknown
35.7694540725, -78.7824576517;"{""type"": ""Point"", ""coordinates"": [-78.78245765173374, 35.76945407253628]}";Black;Cary;Driveway / Alley;2;17;Urban (>70% Developed);Male;Pickup;0;#NULL!;0;0;White;No;0;16-19;Multiple Threat - Midblock;None;No;No;Dry;0;Urban;No;27APR2007;0;17:10;Male;No;Commercial;B: Evident Injury;Yes;O: No Injury;6546;April;0;Straight - Level;Piedmont;Not Applicable;No Control Present;Friday;Non-Intersection;17;0;Two-Way, Not Divided;2 lanes;0;#NULL!;#NULL!;Smooth Asphalt;#NULL!;Four-Way Intersection;Bicyclist Failed to Yield - Midblock;Local Street;B: Evident Injury;Wake;49;Cloudy;#NULL!;11-15 mph;20 - 25  MPH;2007;Daylight;40-49
35.721954093, -77.8996623809;"{""type"": ""Point"", ""coordinates"": [-77.89966238089488, 35.72195409295444]}";Black;None - Rural Crash;Travel Lane;2;10;Urban (>70% Developed);Male;Passenger Car;0;#NULL!;0;0;Black;No;0;16-19;Bicyclist Ride Out - Sign-Controlled Intersection;None;No;No;Dry;0;Rural;No;24FEB2007;0;10:06;Male;No;Residential;B: Evident Injury;No;O: No Injury;6556;February;0;Straight - Grade;Coastal;With Traffic;Stop Sign;Saturday;Intersection;19;0;Two-Way, Not Divided;1 lane;0;#NULL!;#NULL!;Smooth Asphalt;#NULL!;No Special Feature;Bicyclist Failed to Yield - Sign-Controlled Intersection;Local Street;B: Evident Injury;Wilson;24;Clear;#NULL!;16-20 mph;30 - 35  MPH;2007;Daylight;20-24
35.4892969472, -80.6046231846;"{""type"": ""Point"", ""coordinates"": [-80.60462318461519, 35.489296947193864]}";Black;Kannapolis;Travel Lane;2;18;Urban (>70% Developed);Male;Unknown;0;#NULL!;0;0;Unknown/Missing;No;0;11-15;Bicyclist Left Turn - Same Direction;None;No;No;Dry;0;Urban;Yes;28FEB2007;0;18:23;Unknown;Missing;Residential;C: Possible Injury;No;Unknown Injury;6558;February;0;Straight - Level;Piedmont;With Traffic;No Control Present;Wednesday;Intersection-Related;15;0;Two-Way, Divided, Unprotected Median;2 lanes;0;#NULL!;#NULL!;Smooth Asphalt;#NULL!;No Special Feature;Bicyclist Left Turn / Merge;Local Street;C: Possible Injury;Cabarrus;Unknown;Clear;#NULL!;31-35 mph;30 - 35  MPH;2007;Daylight;Unknown
35.6489290944, -77.3980722243;"{""type"": ""Point"", ""coordinates"": [-77.39807222426028, 35.64892909436657]}";Native American;Greenville;Travel Lane;2;16;Mixed (30% To 70% Developed);Male;Passenger Car;0;#NULL!;0;0;Black;No;0;11-15;Bicyclist Left Turn - Opposite Direction;None;No;No;Dry;0;Urban;No;10FEB2007;0;16:30;Male;No;Residential;C: Possible Injury;Yes;O: No Injury;6560;February;0;Straight - Level;Coastal;With Traffic;No Control Present;Saturday;Intersection-Related;11;0;Two-Way, Not Divided;2 lanes;0;#NULL!;#NULL!;Coarse Asphalt;#NULL!;No Special Feature;Bicyclist Left Turn / Merge;NC Route;C: Possible Injury;Pitt;36;Clear;#NULL!;31-35 mph;40 - 45  MPH;2007;Daylight;30-39
36.0351400674, -80.4738631767;"{""type"": ""Point"", ""coordinates"": [-80.47386317668604, 36.03514006738326]}";White;None - Rural Crash;Travel Lane;2;17;Rural (<30% Developed);Male;Pickup;0;#NULL!;0;0;White;No;0;20-24;Motorist Overtaking - Undetected Bicyclist;None;No;No;Dry;0;Rural;No;27FEB2007;0;17:50;Male;No;Farms, Woods, Pastures;C: Possible Injury;Yes;O: No Injury;6562;February;0;Straight - Level;Piedmont;With Traffic;Double Yellow Line, No Passing Zone;Tuesday;Intersection;20;0;Two-Way, Not Divided;2 lanes;0;#NULL!;#NULL!;Coarse Asphalt;#NULL!;T-Intersection;Motorist Overtaking Bicyclist;State Secondary Route;C: Possible Injury;Davie;63;Clear;#NULL!;31-35 mph;40 - 45  MPH;2007;Daylight;60-69
36.1717601022, -80.304797133;"{""type"": ""Point"", ""coordinates"": [-80.30479713301713, 36.1717601022241]}";Black;Winston-Salem;Travel Lane;2;18;Urban (>70% Developed);Male;Pickup;0;#NULL!;0;0;White;No;0;11-15;Bicyclist Left Turn - Same Direction;None;No;No;Dry;0;Urban;No;05MAR2007;0;18:19;Male;No;Residential;C: Possible Injury;Yes;O: No Injury;6567;March;0;Straight - Grade;Piedmont;With Traffic;No Control Present;Monday;Non-Intersection;15;0;Two-Way, Not Divided;2 lanes;0;#NULL!;#NULL!;Smooth Asphalt;#NULL!;No Special Feature;Bicyclist Left Turn / Merge;Local Street;C: Possible Injury;Forsyth;34;Clear;#NULL!;41-45 mph;40 - 45  MPH;2007;Daylight;30-39
35.8132470306, -80.1930330797;"{""type"": ""Point"", ""coordinates"": [-80.19303307966085, 35.81324703059225]}";White;None - Rural Crash;Travel Lane;2;14;Mixed (30% To 70% Developed);Male;Passenger Car;0;#NULL!;0;0;White;No;0;60-69;Motorist Overtaking - Other / Unknown;None;No;No;Dry;0;Rural;No;06MAR2007;0;14:09;Female;No;Residential;A: Disabling Injury;Yes;O: No Injury;6568;March;0;Straight - Grade;Piedmont;With Traffic;No Control Present;Tuesday;Non-Intersection;65;0;Two-Way, Not Divided;5 lanes;0;#NULL!;#NULL!;Smooth Asphalt;#NULL!;No Special Feature;Motorist Overtaking Bicyclist;US Route;A: Disabling Injury;Davidson;19;Clear;#NULL!;56-60 mph;50 - 55  MPH;2007;Daylight;0-19
35.6959299381, -81.9874136081;"{""type"": ""Point"", ""coordinates"": [-81.987413608136, 35.6959299381243]}";Hispanic;None - Rural Crash;Travel Lane;2;18;Rural (<30% Developed);Male;Pickup;0;#NULL!;0;0;White;No;0;50-59;Motorist Overtaking - Undetected Bicyclist;None;No;No;Dry;0;Rural;No;07MAR2007;0;18:36;Female;No;Farms, Woods, Pastures;B: Evident Injury;Yes;O: No Injury;6572;March;0;Straight - Hillcrest;Mountains;With Traffic;Double Yellow Line, No Passing Zone;Wednesday;Non-Intersection;56;0;Two-Way, Not Divided;2 lanes;0;#NULL!;#NULL!;Smooth Asphalt;#NULL!;No Special Feature;Motorist Overtaking Bicyclist;US Route;B: Evident Injury;Mcdowell;56;Clear;#NULL!;26-30 mph;40 - 45  MPH;2007;Daylight;50-59
35.2919968976, -80.7966192312;"{""type"": ""Point"", ""coordinates"": [-80.79661923117337, 35.291996897620365]}";Black;Charlotte;Travel Lane;2;12;Urban (>70% Developed);Male;Passenger Car;0;#NULL!;0;0;Black;No;0;16-19;Bicyclist Failed to Clear - Trapped;None;No;No;Dry;0;Urban;No;09MAR2007;0;12:00;Male;No;Commercial;B: Evident Injury;No;O: No Injury;6574;March;0;Straight - Level;Piedmont;With Traffic;Stop And Go Signal;Friday;Intersection;16;0;Two-Way, Not Divided;4 lanes;0;#NULL!;#NULL!;Smooth Asphalt;#NULL!;Four-Way Intersection;Bicyclist Failed to Yield - Signalized Intersection;Local Street;B: Evident Injury;Mecklenburg;48;Clear;#NULL!;0-5 mph;30 - 35  MPH;2007;Daylight;40-49
35.361362014, -77.933352373;"{""type"": ""Point"", ""coordinates"": [-77.93335237301973, 35.3613620139932]}";White;Goldsboro;Travel Lane;2;18;Urban (>70% Developed);Male;Passenger Car;0;#NULL!;0;0;White;No;0;20-24;Bicyclist Left Turn - Opposite Direction;None;No;No;Dry;0;Urban;No;13MAR2007;0;18:05;Female;No;Residential;B: Evident Injury;Yes;O: No Injury;6581;March;0;Straight - Level;Coastal;With Traffic;No Control Present;Tuesday;Intersection;23;0;Two-Way, Not Divided;3 lanes;0;#NULL!;#NULL!;Smooth Asphalt;#NULL!;No Special Feature;Bicyclist Left Turn / Merge;Local Street;B: Evident Injury;Wayne;18;Clear;#NULL!;31-35 mph;30 - 35  MPH;2007;Daylight;0-19
35.8295930323, -80.2464480963;"{""type"": ""Point"", ""coordinates"": [-80.24644809625256, 35.82959303230161]}";White;Lexington;Sidewalk / Crosswalk / Driveway Crossing;2;16;Urban (>70% Developed);Male;Sport Utility;0;#NULL!;0;0;White;No;0;11-15;Bicyclist Left Turn - Same Direction;None;No;No;Dry;0;Urban;No;14MAR2007;0;16:59;Female;No;Commercial;C: Possible Injury;Yes;O: No Injury;6583;March;0;Straight - Level;Piedmont;With Traffic;Stop Sign;Wednesday;Intersection;12;0;Two-Way, Not Divided;4 lanes;0;#NULL!;#NULL!;Smooth Asphalt;#NULL!;T-Intersection;Bicyclist Left Turn / Merge;Local Street;C: Possible Injury;Davidson;49;Clear;#NULL!;16-20 mph;30 - 35  MPH;2007;Daylight;40-49