Geo Point;Geo Shape;BikeRace;City;BikePos;NumUnits;CrashHour;Locality;BikeSex;DrvrVehTyp;NumBikesNo;BikeAlcDrg;NumBikesBI;RteInvdCd;DrvrRace;Workzone;NumBikesCi;BikeAgeGrp;CrashType;RdDefects;CrashAlcoh;BikeAlcoho;RdConditio;DstncMiFrm;RuralUrban;HitRun;CrashDate;NumBikesUI;CrashTime;DrvrSex;DrvrAlcoho;Developmen;CrashSevr;AmbulanceR;DrvrInjury;OBJECTID;CrashMonth;NumBikesKi;RdCharacte;Region;BikeDir;TraffCntrl;CrashDay;CrashLoc;BikeAge;NumBikesTo;RdConfig;NumLanes;NumBikesAI;DrvrAlcDrg;OnRoad;RdSurface;Towrd_Rd;RdFeature;CrashGrp;RdClass;BikeInjury;County;DrvrAge;Weather;FrmRd;DrvrEstSpd;SpeedLimit;CrashYear;LightCond;DrvrAgeGrp
36.0326531213, -78.9825627263;"{""type"": ""Point"", ""coordinates"": [-78.9825627262728, 36.03265312134441]}";White;Durham;Travel Lane;2;19;Urban (>70% Developed);Male;Van;0;#NULL!;0;0;White;No;0;40-49;Motorist Overtaking - Misjudged Space;None;No;No;Dry;0;Urban;No;23MAY2007;0;19:23;Female;No;Commercial;B: Evident Injury;Yes;O: No Injury;6588;May;0;Straight - Level;Piedmont;With Traffic;No Control Present;Wednesday;Non-Intersection;41;0;Two-Way, Not Divided;2 lanes;0;#NULL!;#NULL!;Coarse Asphalt;#NULL!;No Special Feature;Motorist Overtaking Bicyclist;Local Street;B: Evident Injury;Durham;41;Clear;#NULL!;41-45 mph;40 - 45  MPH;2007;Daylight;40-49
35.476610921, -81.2391393734;"{""type"": ""Point"", ""coordinates"": [-81.23913937339563, 35.476610920983056]}";Black;Lincolnton;Non-Roadway;2;14;Urban (>70% Developed);Male;Passenger Car;0;#NULL!;0;0;Hispanic;No;0;40-49;Bicyclist Ride Out - Commercial Driveway / Alley;None;Yes;Yes;Dry;0;Urban;No;09MAR2007;0;14:15;Male;No;Commercial;A: Disabling Injury;Yes;O: No Injury;6592;March;0;Straight - Level;Piedmont;Not Applicable;No Control Present;Friday;Non-Intersection;46;0;Two-Way, Divided, Unprotected Median;5 lanes;0;#NULL!;#NULL!;Smooth Asphalt;#NULL!;No Special Feature;Bicyclist Failed to Yield - Midblock;Local Street;A: Disabling Injury;Lincoln;32;Clear;#NULL!;41-45 mph;40 - 45  MPH;2007;Daylight;30-39
35.2614820047, -77.572662259;"{""type"": ""Point"", ""coordinates"": [-77.57266225895425, 35.26148200470946]}";Black;Kinston;Travel Lane;2;17;Urban (>70% Developed);Female;Passenger Car;0;#NULL!;0;0;Black;No;0;11-15;Bicyclist Ride Out - Sign-Controlled Intersection;None;No;No;Dry;0;Urban;No;06JUN2007;0;17:33;Male;No;Residential;C: Possible Injury;Yes;O: No Injury;6604;June;0;Straight - Level;Coastal;With Traffic;Stop Sign;Wednesday;Intersection;12;0;Two-Way, Not Divided;4 lanes;0;#NULL!;#NULL!;Coarse Asphalt;#NULL!;Four-Way Intersection;Bicyclist Failed to Yield - Sign-Controlled Intersection;NC Route;C: Possible Injury;Lenoir;27;Clear;#NULL!;31-35 mph;30 - 35  MPH;2007;Daylight;25-29
35.7763590797, -78.6208426035;"{""type"": ""Point"", ""coordinates"": [-78.62084260347653, 35.776359079683914]}";Black;Raleigh;Unknown;2;19;Urban (>70% Developed);Female;Passenger Car;0;#NULL!;0;0;White;No;0;11-15;Motorist Left Turn - Same Direction;None;No;No;Dry;0;Urban;No;20MAR2007;0;19:00;Male;No;Residential;B: Evident Injury;No;O: No Injury;6605;March;0;Straight - Level;Piedmont;Facing Traffic;Flashing Signal With Stop Sign;Tuesday;Intersection;13;0;Two-Way, Not Divided;2 lanes;0;#NULL!;#NULL!;Smooth Asphalt;#NULL!;No Special Feature;Motorist Left Turn / Merge;Local Street;B: Evident Injury;Wake;56;Clear;#NULL!;16-20 mph;20 - 25  MPH;2007;Daylight;50-59
35.7796009975, -80.8876132853;"{""type"": ""Point"", ""coordinates"": [-80.8876132853193, 35.77960099747721]}";Black;Statesville;Travel Lane;2;18;Urban (>70% Developed);Female;Passenger Car;0;#NULL!;0;0;Black;No;0;11-15;Bicyclist Ride Through - Sign-Controlled Intersection;None;Yes;No;Dry;0;Urban;No;25MAR2007;0;18:40;Female;Yes;Residential;A: Disabling Injury;Yes;O: No Injury;6613;March;0;Straight - Grade;Piedmont;With Traffic;Stop Sign;Sunday;Intersection;13;0;Two-Way, Not Divided;2 lanes;0;#NULL!;#NULL!;Coarse Asphalt;#NULL!;Four-Way Intersection;Bicyclist Failed to Yield - Sign-Controlled Intersection;Local Street;A: Disabling Injury;Iredell;19;Clear;#NULL!;41-45 mph;30 - 35  MPH;2007;Daylight;0-19
35.2642868764, -81.2163833546;"{""type"": ""Point"", ""coordinates"": [-81.21638335458006, 35.26428687638244]}";White;Gastonia;Unknown;2;16;Urban (>70% Developed);Male;Passenger Car;0;#NULL!;0;0;Black;No;0;6-10;Bicyclist Ride Out - Midblock - Unknown;None;No;No;Dry;0;Urban;No;26MAR2007;0;16:52;Female;No;Residential;C: Possible Injury;No;O: No Injury;6618;March;0;Straight - Level;Piedmont;Not Applicable;No Control Present;Monday;Non-Intersection;6;0;Two-Way, Not Divided;2 lanes;0;#NULL!;#NULL!;Coarse Asphalt;#NULL!;No Special Feature;Bicyclist Failed to Yield - Midblock;Local Street;C: Possible Injury;Gaston;26;Clear;#NULL!;26-30 mph;30 - 35  MPH;2007;Daylight;25-29
34.7068888283, -79.1884227195;"{""type"": ""Point"", ""coordinates"": [-79.18842271947281, 34.706888828335636]}";Native American;None - Rural Crash;Travel Lane;2;14;Mixed (30% To 70% Developed);Male;Passenger Car;0;#NULL!;0;0;Native American;No;0;60-69;Bicyclist Left Turn - Same Direction;None;Yes;Yes;Dry;0;Rural;No;27MAR2007;0;14:45;Female;No;Residential;C: Possible Injury;Yes;O: No Injury;6622;March;0;Straight - Level;Coastal;With Traffic;Double Yellow Line, No Passing Zone;Tuesday;Non-Intersection;62;0;Two-Way, Not Divided;2 lanes;0;#NULL!;#NULL!;Smooth Asphalt;#NULL!;No Special Feature;Bicyclist Left Turn / Merge;State Secondary Route;C: Possible Injury;Robeson;32;Clear;#NULL!;51-55 mph;50 - 55  MPH;2007;Daylight;30-39
35.3772610334, -77.4558022285;"{""type"": ""Point"", ""coordinates"": [-77.45580222848494, 35.377261033379135]}";Black;None - Rural Crash;Unknown;2;21;Rural (<30% Developed);Male;Unknown;0;#NULL!;0;0;Unknown/Missing;No;0;16-19;Bicylist Lost Control - Alcohol / Drug Impairment;None;No;No;Dry;0;Rural;Yes;22MAR2007;0;21:30;Unknown;Missing;Farms, Woods, Pastures;C: Possible Injury;Yes;Unknown Injury;6623;March;0;Straight - Level;Coastal;Not Applicable;No Control Present;Thursday;Non-Intersection;17;0;Two-Way, Not Divided;2 lanes;0;#NULL!;#NULL!;Smooth Asphalt;#NULL!;No Special Feature;Loss of Control / Turning Error;State Secondary Route;C: Possible Injury;Lenoir;Unknown;Clear;#NULL!;Unknown;50 - 55  MPH;2007;Dark - Roadway Not Lighted;Unknown
36.1459120647, -81.1611633884;"{""type"": ""Point"", ""coordinates"": [-81.16116338841228, 36.14591206468563]}";White;Wilkesboro;Unknown;2;1;Mixed (30% To 70% Developed);Male;Unknown;0;#NULL!;0;0;Unknown/Missing;No;0;20-24;Signalized Intersection - Other / Unknown;None;No;No;Dry;0;Rural;Yes;28MAR2007;0;1:30;Unknown;Missing;Commercial;B: Evident Injury;No;Unknown Injury;6627;March;0;Straight - Level;Mountains;With Traffic;Stop And Go Signal;Wednesday;Intersection-Related;21;0;Two-Way, Divided, Unprotected Median;3 lanes;0;#NULL!;#NULL!;Smooth Asphalt;#NULL!;Four-Way Intersection;Crossing Paths - Other Circumstances;Local Street;B: Evident Injury;Wilkes;Unknown;Clear;#NULL!;Unknown;30 - 35  MPH;2007;Dark - Lighted Roadway;Unknown
34.1994237609, -77.8706022971;"{""type"": ""Point"", ""coordinates"": [-77.87060229714378, 34.19942376094054]}";Black;Wilmington;Non-Roadway;2;17;Urban (>70% Developed);Male;Passenger Car;0;#NULL!;0;0;White;No;0;40-49;Bicyclist Ride Out - Commercial Driveway / Alley;None;Yes;Yes;Dry;0;Urban;No;29MAR2007;0;17:14;Female;No;Commercial;A: Disabling Injury;Yes;O: No Injury;6629;March;0;Straight - Level;Coastal;Not Applicable;No Control Present;Thursday;Non-Intersection;46;0;Two-Way, Not Divided;3 lanes;0;#NULL!;#NULL!;Coarse Asphalt;#NULL!;Driveway, Public;Bicyclist Failed to Yield - Midblock;Local Street;A: Disabling Injury;New Hanover;23;Clear;#NULL!;26-30 mph;40 - 45  MPH;2007;Daylight;20-24
35.3539610919, -75.5030316296;"{""type"": ""Point"", ""coordinates"": [-75.50303162959298, 35.35396109194109]}";White;None - Rural Crash;Bike Lane / Paved Shoulder;2;11;Urban (>70% Developed);Male;Passenger Car;0;#NULL!;0;0;White;No;0;30-39;Motorist Drive Out - Commercial Driveway / Alley;None;No;No;Dry;0;Rural;No;30MAR2007;0;11:15;Male;No;Residential;C: Possible Injury;Yes;O: No Injury;6631;March;0;Straight - Level;Coastal;Facing Traffic;No Control Present;Friday;Non-Intersection;35;0;Two-Way, Not Divided;2 lanes;0;#NULL!;#NULL!;Coarse Asphalt;#NULL!;Driveway, Public;Motorist Failed to Yield - Midblock;NC Route;C: Possible Injury;Dare;49;Clear;#NULL!;0-5 mph;Unknown;2007;Daylight;40-49
34.7172009148, -76.6625459554;"{""type"": ""Point"", ""coordinates"": [-76.6625459554343, 34.71720091481473]}";White;Beaufort;Travel Lane;2;23;Urban (>70% Developed);Male;Sport Utility;0;#NULL!;0;0;White;No;0;16-19;Crossing Paths - Intersection - Other / Unknown;None;No;No;Dry;0;Rural;No;18JUN2007;0;23:30;Female;No;Residential;O: No Injury;No;O: No Injury;6637;June;0;Straight - Level;Coastal;With Traffic;No Control Present;Monday;Intersection;18;0;Two-Way, Not Divided;2 lanes;0;#NULL!;#NULL!;Smooth Asphalt;#NULL!;Four-Way Intersection;Crossing Paths - Other Circumstances;Local Street;O: No Injury;Carteret;18;Clear;#NULL!;0-5 mph;20 - 25  MPH;2007;Dark - Unknown Lighting;0-19
35.2451808894, -80.7518632158;"{""type"": ""Point"", ""coordinates"": [-80.75186321581165, 35.24518088942978]}";Black;Charlotte;Non-Roadway;2;19;Urban (>70% Developed);Male;Passenger Car;0;#NULL!;0;0;Unknown/Missing;No;0;30-39;Non-Roadway;None;No;No;Dry;0;Urban;Yes;31MAR2007;0;19:15;Unknown;Missing;Residential;A: Disabling Injury;Yes;Unknown Injury;6639;March;0;Straight - Level;Piedmont;Unknown;No Control Present;Saturday;Non-Roadway;38;0;Unknown;Unknown;0;#NULL!;#NULL!;Smooth Asphalt;#NULL!;Driveway, Public;Non-Roadway;Public Vehicular Area;A: Disabling Injury;Mecklenburg;Unknown;Clear;#NULL!;6-10 mph;5 - 15 MPH;2007;Daylight;Unknown
34.7801049033, -77.4257921904;"{""type"": ""Point"", ""coordinates"": [-77.42579219037138, 34.78010490325823]}";Black;Jacksonville;Sidewalk / Crosswalk / Driveway Crossing;2;14;Urban (>70% Developed);Male;Pickup;0;#NULL!;0;0;White;No;0;50-59;Motorist Drive Out - Sign-Controlled Intersection;None;Yes;Yes;Dry;0;Urban;No;02APR2007;0;14:17;Female;No;Commercial;C: Possible Injury;No;O: No Injury;6644;April;0;Straight - Level;Coastal;Facing Traffic;Stop Sign;Monday;Intersection;51;0;Two-Way, Not Divided;5 lanes;0;#NULL!;#NULL!;Smooth Asphalt;#NULL!;Driveway, Public;Motorist Failed to Yield - Sign-Controlled Intersection;Local Street;C: Possible Injury;Onslow;22;Cloudy;#NULL!;0-5 mph;30 - 35  MPH;2007;Daylight;20-24
36.4618602584, -77.6879623559;"{""type"": ""Point"", ""coordinates"": [-77.68796235592315, 36.461860258443686]}";Black;None - Rural Crash;Travel Lane;2;17;Mixed (30% To 70% Developed);Male;Van;0;#NULL!;0;0;Hispanic;No;0;6-10;Backing Vehicle;None;No;No;Dry;0;Rural;No;04APR2007;0;17:51;Male;No;Residential;C: Possible Injury;Yes;O: No Injury;6648;April;0;Straight - Level;Coastal;Unknown;No Control Present;Wednesday;Non-Intersection;7;0;Two-Way, Not Divided;2 lanes;0;#NULL!;#NULL!;Coarse Asphalt;#NULL!;Driveway, Private;Backing Vehicle;Local Street;C: Possible Injury;Halifax;22;Clear;#NULL!;0-5 mph;Unknown;2007;Daylight;20-24
35.0698468878, -79.7611429097;"{""type"": ""Point"", ""coordinates"": [-79.76114290965316, 35.06984688778488]}";Black;Ellerbe;Unknown;2;15;Urban (>70% Developed);Male;Pickup;0;#NULL!;0;0;White;No;0;16-19;Bicyclist Ride Out - Midblock - Unknown;None;No;No;Dry;0;Rural;No;04APR2007;0;15:39;Male;No;Commercial;C: Possible Injury;Yes;O: No Injury;6650;April;0;Straight - Level;Piedmont;Not Applicable;No Control Present;Wednesday;Non-Intersection;16;0;Two-Way, Not Divided;2 lanes;0;#NULL!;#NULL!;Smooth Asphalt;#NULL!;No Special Feature;Bicyclist Failed to Yield - Midblock;US Route;C: Possible Injury;Richmond;59;Clear;#NULL!;21-25 mph;20 - 25  MPH;2007;Daylight;50-59
36.4903711883, -79.7804289938;"{""type"": ""Point"", ""coordinates"": [-79.78042899383416, 36.49037118829128]}";Black;Eden;Travel Lane;2;15;Urban (>70% Developed);Male;Passenger Car;0;#NULL!;0;0;Black;No;0;Unknown;Motorist Overtaking - Bicyclist Swerved;None;No;No;Dry;0;Urban;No;31MAY2007;0;15:14;Female;No;Residential;O: No Injury;No;O: No Injury;6652;May;0;Straight - Bottom;Piedmont;Unknown;No Control Present;Thursday;Non-Intersection;Unknown;0;Two-Way, Not Divided;2 lanes;0;#NULL!;#NULL!;Coarse Asphalt;#NULL!;No Special Feature;Motorist Overtaking Bicyclist;Local Street;Unknown Injury;Rockingham;55;Clear;#NULL!;31-35 mph;20 - 25  MPH;2007;Daylight;50-59
34.7361169165, -76.730641977;"{""type"": ""Point"", ""coordinates"": [-76.73064197702875, 34.73611691652048]}";Unknown/Missing;Morehead City;Unknown;2;18;Urban (>70% Developed);Unknown;Passenger Car;0;#NULL!;0;0;White;No;0;11-15;Unknown Approach Paths;None;No;No;Dry;0;Urban;No;06APR2007;0;18:18;Female;No;Residential;O: No Injury;Yes;O: No Injury;6656;April;0;Straight - Level;Coastal;Unknown;No Control Present;Friday;Non-Intersection;12;0;Two-Way, Not Divided;2 lanes;0;#NULL!;#NULL!;Smooth Asphalt;#NULL!;No Special Feature;Other / Unknown - Insufficient Details;Local Street;Unknown Injury;Carteret;39;Clear;#NULL!;31-35 mph;30 - 35  MPH;2007;Daylight;30-39
36.3249471574, -79.6867329561;"{""type"": ""Point"", ""coordinates"": [-79.68673295607636, 36.324947157440306]}";White;Reidsville;Travel Lane;2;12;Urban (>70% Developed);Male;Passenger Car;0;#NULL!;0;0;White;No;0;40-49;Motorist Drive Through - Signalized Intersection;None;No;No;Dry;0;Urban;No;10MAR2007;0;12:45;Male;No;Commercial;Unknown Injury;No;Unknown Injury;6665;March;0;Straight - Level;Piedmont;With Traffic;Stop And Go Signal;Saturday;Intersection;43;0;Two-Way, Not Divided;3 lanes;0;#NULL!;#NULL!;Smooth Asphalt;#NULL!;Four-Way Intersection;Motorist Failed to Yield - Signalized Intersection;Local Street;Unknown Injury;Rockingham;38;Clear;#NULL!;16-20 mph;40 - 45  MPH;2007;Daylight;30-39
35.3414529089, -80.7679432261;"{""type"": ""Point"", ""coordinates"": [-80.76794322612908, 35.34145290892914]}";Black;Charlotte;Sidewalk / Crosswalk / Driveway Crossing;2;14;Mixed (30% To 70% Developed);Male;Pickup;0;#NULL!;0;0;White;No;0;11-15;Bicyclist Ride Out - Signalized  Intersection;None;No;No;Dry;0;Urban;No;09APR2007;0;14:16;Male;No;Commercial;A: Disabling Injury;Yes;O: No Injury;6666;April;0;Straight - Level;Piedmont;With Traffic;Stop And Go Signal;Monday;Intersection;15;0;Two-Way, Divided, Unprotected Median;7 lanes;0;#NULL!;#NULL!;Coarse Asphalt;#NULL!;Four-Way Intersection;Bicyclist Failed to Yield - Signalized Intersection;Local Street;A: Disabling Injury;Mecklenburg;53;Clear;#NULL!;41-45 mph;40 - 45  MPH;2007;Daylight;50-59
36.0073571193, -78.885546696;"{""type"": ""Point"", ""coordinates"": [-78.88554669596675, 36.00735711933807]}";Black;Durham;Unknown;2;22;Urban (>70% Developed);Female;Passenger Car;0;#NULL!;0;0;Unknown/Missing;No;0;16-19;Motorist Left Turn - Opposite Direction;None;No;No;Dry;0;Urban;Yes;03JUL2007;0;22:50;Unknown;Missing;Commercial;B: Evident Injury;Yes;Unknown Injury;6670;July;0;Straight - Grade;Piedmont;Not Applicable;Stop And Go Signal;Tuesday;Intersection-Related;18;0;Two-Way, Not Divided;2 lanes;0;#NULL!;#NULL!;Smooth Asphalt;#NULL!;Four-Way Intersection;Motorist Left Turn / Merge;Local Street;B: Evident Injury;Durham;Unknown;Clear;#NULL!;31-35 mph;30 - 35  MPH;2007;Dark - Roadway Not Lighted;Unknown
34.7778369032, -77.4144081864;"{""type"": ""Point"", ""coordinates"": [-77.41440818637533, 34.77783690318515]}";White;Jacksonville;Travel Lane;2;17;Urban (>70% Developed);Male;Van;0;#NULL!;0;0;White;No;0;16-19;Motorist Drive Out - Commercial Driveway / Alley;None;No;No;Dry;0;Urban;No;13APR2007;0;17:35;Male;No;Commercial;C: Possible Injury;Yes;O: No Injury;6678;April;0;Straight - Level;Coastal;Facing Traffic;No Control Present;Friday;Non-Intersection;16;0;Two-Way, Not Divided;5 lanes;0;#NULL!;#NULL!;Smooth Asphalt;#NULL!;Driveway, Public;Motorist Failed to Yield - Midblock;Local Street;C: Possible Injury;Onslow;53;Clear;#NULL!;0-5 mph;40 - 45  MPH;2007;Daylight;50-59
34.8185798531, -79.1908827255;"{""type"": ""Point"", ""coordinates"": [-79.19088272552776, 34.81857985307488]}";Native American;Red Springs;Non-Roadway;2;17;Urban (>70% Developed);Male;Passenger Car;0;#NULL!;0;0;Black;No;0;0-5;Non-Roadway;None;No;No;Dry;0;Rural;No;13APR2007;0;17:39;Female;No;Residential;B: Evident Injury;No;O: No Injury;6679;April;0;Straight - Level;Coastal;Unknown;No Control Present;Friday;Non-Roadway;5;0;Two-Way, Not Divided;2 lanes;0;#NULL!;#NULL!;Coarse Asphalt;#NULL!;No Special Feature;Non-Roadway;Public Vehicular Area;B: Evident Injury;Robeson;23;Clear;#NULL!;0-5 mph;5 - 15 MPH;2007;Daylight;20-24
34.1630007521, -77.8918323021;"{""type"": ""Point"", ""coordinates"": [-77.89183230210976, 34.163000752118315]}";Black;None - Rural Crash;Travel Lane;2;9;Mixed (30% To 70% Developed);Male;Passenger Car;0;#NULL!;0;0;White;No;0;30-39;Motorist Drive Out - Sign-Controlled Intersection;None;No;No;Dry;0;Rural;No;17APR2007;0;9:50;Male;No;Residential;C: Possible Injury;Yes;O: No Injury;6690;April;0;Straight - Level;Coastal;Facing Traffic;Stop Sign;Tuesday;Intersection;39;0;Two-Way, Divided, Unprotected Median;4 lanes;0;#NULL!;#NULL!;Coarse Asphalt;#NULL!;T-Intersection;Motorist Failed to Yield - Sign-Controlled Intersection;NC Route;C: Possible Injury;New Hanover;24;Clear;#NULL!;6-10 mph;40 - 45  MPH;2007;Daylight;20-24
35.1729669374, -78.9710426776;"{""type"": ""Point"", ""coordinates"": [-78.97104267757359, 35.17296693738813]}";Black;Spring Lake;Non-Roadway;2;17;Urban (>70% Developed);Male;Sport Utility;0;#NULL!;0;0;Black;No;0;11-15;Non-Roadway;None;No;No;Dry;0;Urban;No;14JUL2007;0;17:33;Male;No;Commercial;C: Possible Injury;Yes;O: No Injury;6696;July;0;Straight - Level;Coastal;Unknown;No Control Present;Saturday;Non-Roadway;11;0;Two-Way, Not Divided;Unknown;0;#NULL!;#NULL!;Coarse Asphalt;#NULL!;No Special Feature;Non-Roadway;Public Vehicular Area;C: Possible Injury;Cumberland;41;Clear;#NULL!;16-20 mph;20 - 25  MPH;2007;Daylight;40-49
35.7886970799, -78.6843726227;"{""type"": ""Point"", ""coordinates"": [-78.68437262272977, 35.78869707986153]}";White;Raleigh;Travel Lane;2;21;Urban (>70% Developed);Male;Passenger Car;0;#NULL!;0;0;White;No;0;20-24;Motorist Left Turn - Opposite Direction;None;No;No;Wet;0;Urban;No;19APR2007;0;21:52;Male;No;Institutional;B: Evident Injury;Yes;O: No Injury;6699;April;0;Straight - Grade;Piedmont;With Traffic;No Control Present;Thursday;Intersection;21;0;Two-Way, Divided, Unprotected Median;2 lanes;0;#NULL!;#NULL!;Smooth Asphalt;#NULL!;Four-Way Intersection;Motorist Left Turn / Merge;Local Street;B: Evident Injury;Wake;20;Rain;#NULL!;16-20 mph;20 - 25  MPH;2007;Dark - Lighted Roadway;20-24
35.2101428756, -80.9211032643;"{""type"": ""Point"", ""coordinates"": [-80.92110326432106, 35.21014287559058]}";Black;Charlotte;Travel Lane;2;19;Urban (>70% Developed);Female;Pickup;0;#NULL!;0;0;Black;No;0;6-10;Backing Vehicle;None;No;No;Dry;0;Urban;No;23APR2007;0;19:49;Male;No;Residential;C: Possible Injury;No;O: No Injury;6708;April;0;Straight - Grade;Piedmont;Facing Traffic;No Control Present;Monday;Non-Intersection;9;0;Two-Way, Not Divided;Unknown;0;#NULL!;#NULL!;Smooth Asphalt;#NULL!;No Special Feature;Backing Vehicle;Local Street;C: Possible Injury;Mecklenburg;45;Clear;#NULL!;Unknown;Unknown;2007;Daylight;40-49
35.0098669335, -78.0475723901;"{""type"": ""Point"", ""coordinates"": [-78.04757239006956, 35.009866933544956]}";Black;None - Rural Crash;Travel Lane;2;21;Rural (<30% Developed);Male;Pickup;0;#NULL!;0;0;White;No;0;40-49;Motorist Turn / Merge - Other / Unknown;None;Yes;Yes;Dry;0;Rural;No;24APR2007;0;21:05;Male;No;Farms, Woods, Pastures;B: Evident Injury;Yes;O: No Injury;6709;April;0;Straight - Level;Coastal;Facing Traffic;No Control Present;Tuesday;Non-Intersection;48;0;Two-Way, Not Divided;2 lanes;0;#NULL!;#NULL!;Coarse Asphalt;#NULL!;No Special Feature;Parallel Paths - Other Circumstances;State Secondary Route;B: Evident Injury;Duplin;21;Clear;#NULL!;51-55 mph;50 - 55  MPH;2007;Dark - Roadway Not Lighted;20-24
35.7100820889, -77.9429323936;"{""type"": ""Point"", ""coordinates"": [-77.94293239363502, 35.71008208890852]}";White;Wilson;Travel Lane;2;8;Urban (>70% Developed);Male;Passenger Car;0;#NULL!;0;0;Black;No;0;40-49;Motorist Drive Out - Sign-Controlled Intersection;None;No;No;Dry;0;Urban;No;25APR2007;0;8:43;Female;No;Residential;B: Evident Injury;No;O: No Injury;6716;April;0;Straight - Hillcrest;Coastal;Facing Traffic;Stop Sign;Wednesday;Intersection;45;0;Two-Way, Not Divided;4 lanes;0;#NULL!;#NULL!;Coarse Asphalt;#NULL!;No Special Feature;Motorist Failed to Yield - Sign-Controlled Intersection;Local Street;B: Evident Injury;Wilson;22;Clear;#NULL!;6-10 mph;40 - 45  MPH;2007;Daylight;20-24
34.7011599086, -76.7385319773;"{""type"": ""Point"", ""coordinates"": [-76.73853197726618, 34.70115990857364]}";White;Atlantic Beach;Travel Lane;2;8;Urban (>70% Developed);Male;Single Unit Truck (2-Axle, 6-Tire);0;#NULL!;0;0;White;No;0;50-59;Parallel Paths - Other / Unknown;None;No;No;Dry;0;Rural;No;29DEC2009;0;8:44;Male;No;Commercial;O: No Injury;No;O: No Injury;5403;December;0;Straight - Level;Coastal;Facing Traffic;No Control Present;Tuesday;Non-Intersection;55;0;Two-Way, Divided, Unprotected Median;6 lanes;0;#NULL!;#NULL!;Smooth Asphalt;#NULL!;Driveway, Public;Parallel Paths - Other Circumstances;NC Route;O: No Injury;Carteret;60;Clear;#NULL!;0-5 mph;30 - 35  MPH;2009;Daylight;60-69
35.1366530005, -76.8617020357;"{""type"": ""Point"", ""coordinates"": [-76.861702035659, 35.13665300051669]}";Black;None - Rural Crash;Travel Lane;3;18;Rural (<30% Developed);Male;Sport Utility;0;#NULL!;0;0;Asian;No;0;50-59;Motorist Overtaking - Other / Unknown;None;No;No;Dry;0;Rural;No;01FEB2009;0;18:44;Female;No;Farms, Woods, Pastures;K: Killed;Yes;C: Possible Injury;5417;February;0;Straight - Level;Coastal;With Traffic;No Control Present;Sunday;Non-Intersection;52;0;Two-Way, Not Divided;5 lanes;0;#NULL!;#NULL!;Smooth Asphalt;#NULL!;No Special Feature;Motorist Overtaking Bicyclist;US Route;K: Killed;Pamlico;36;Clear;#NULL!;51-55 mph;50 - 55  MPH;2009;Dark - Roadway Not Lighted;30-39
35.3016428999, -80.8024432342;"{""type"": ""Point"", ""coordinates"": [-80.80244323424647, 35.30164289987607]}";Hispanic;Charlotte;Travel Lane;2;20;Mixed (30% To 70% Developed);Male;Sport Utility;0;#NULL!;0;0;Black;No;0;20-24;Motorist Left Turn - Same Direction;None;No;No;Dry;0;Urban;No;27AUG2009;0;20:27;Male;No;Commercial;C: Possible Injury;No;O: No Injury;5425;August;0;Straight - Level;Piedmont;Facing Traffic;No Control Present;Thursday;Non-Intersection;23;0;Two-Way, Not Divided;2 lanes;0;#NULL!;#NULL!;Smooth Asphalt;#NULL!;No Special Feature;Motorist Left Turn / Merge;Local Street;C: Possible Injury;Mecklenburg;42;Clear;#NULL!;0-5 mph;30 - 35  MPH;2009;Dark - Lighted Roadway;40-49
35.215316879, -80.8581932455;"{""type"": ""Point"", ""coordinates"": [-80.85819324551434, 35.21531687895844]}";White;Charlotte;Travel Lane;2;14;Urban (>70% Developed);Male;Sport Utility;0;#NULL!;0;0;White;No;0;20-24;Unknown Approach Paths;None;No;No;Dry;0;Urban;No;08AUG2009;0;14:14;Male;No;Residential;B: Evident Injury;No;O: No Injury;5430;August;0;Straight - Grade;Piedmont;Unknown;Stop And Go Signal;Saturday;Intersection-Related;24;0;Two-Way, Not Divided;6 lanes;0;#NULL!;#NULL!;Smooth Asphalt;#NULL!;Four-Way Intersection;Other / Unknown - Insufficient Details;Local Street;B: Evident Injury;Mecklenburg;34;Clear;#NULL!;0-5 mph;30 - 35  MPH;2009;Daylight;30-39
35.1469068692, -80.7243632018;"{""type"": ""Point"", ""coordinates"": [-80.72436320183644, 35.14690686919153]}";Hispanic;Charlotte;Travel Lane;2;22;Urban (>70% Developed);Male;Pickup;0;#NULL!;0;0;White;No;0;20-24;Motorist Drive Out - Signalized Intersection;None;No;No;Wet;0;Urban;No;02JUL2009;0;22:14;Male;No;Commercial;B: Evident Injury;Yes;O: No Injury;5432;July;0;Straight - Level;Piedmont;Facing Traffic;Stop And Go Signal;Thursday;Intersection;21;0;Two-Way, Divided, Unprotected Median;5 lanes;0;#NULL!;#NULL!;Smooth Asphalt;#NULL!;T-Intersection;Motorist Failed to Yield - Signalized Intersection;Local Street;B: Evident Injury;Mecklenburg;47;Clear;#NULL!;0-5 mph;30 - 35  MPH;2009;Dark - Lighted Roadway;40-49
35.216063878, -80.883823253;"{""type"": ""Point"", ""coordinates"": [-80.88382325297052, 35.21606387795142]}";Black;Charlotte;Unknown;2;19;Urban (>70% Developed);Male;Passenger Car;0;#NULL!;0;0;Black;No;0;Unknown;Unknown Approach Paths;None;No;No;Dry;0;Urban;No;14MAY2009;0;19:51;Male;No;Commercial;C: Possible Injury;Yes;O: No Injury;5438;May;0;Straight - Level;Piedmont;Unknown;Stop And Go Signal;Thursday;Intersection;Unknown;0;Two-Way, Divided, Positive Median Barrier;4 lanes;0;#NULL!;#NULL!;Concrete;#NULL!;No Special Feature;Other / Unknown - Insufficient Details;Local Street;C: Possible Injury;Mecklenburg;44;Clear;#NULL!;0-5 mph;5 - 15 MPH;2009;Daylight;40-49