Geo Point;Geo Shape;BikeRace;City;BikePos;NumUnits;CrashHour;Locality;BikeSex;DrvrVehTyp;NumBikesNo;BikeAlcDrg;NumBikesBI;RteInvdCd;DrvrRace;Workzone;NumBikesCi;BikeAgeGrp;CrashType;RdDefects;CrashAlcoh;BikeAlcoho;RdConditio;DstncMiFrm;RuralUrban;HitRun;CrashDate;NumBikesUI;CrashTime;DrvrSex;DrvrAlcoho;Developmen;CrashSevr;AmbulanceR;DrvrInjury;OBJECTID;CrashMonth;NumBikesKi;RdCharacte;Region;BikeDir;TraffCntrl;CrashDay;CrashLoc;BikeAge;NumBikesTo;RdConfig;NumLanes;NumBikesAI;DrvrAlcDrg;OnRoad;RdSurface;Towrd_Rd;RdFeature;CrashGrp;RdClass;BikeInjury;County;DrvrAge;Weather;FrmRd;DrvrEstSpd;SpeedLimit;CrashYear;LightCond;DrvrAgeGrp
35.2106368789, -80.8343932388;"{""type"": ""Point"", ""coordinates"": [-80.83439323883454, 35.210636878894334]}";White;Charlotte;Travel Lane;2;10;Urban (>70% Developed);Male;Unknown;0;#NULL!;0;0;Unknown/Missing;No;0;30-39;Motorist Left Turn - Opposite Direction;Road Surface Condition;No;No;Dry;0;Urban;Yes;07MAR2009;0;10:30;Unknown;Missing;Residential;B: Evident Injury;Yes;Unknown Injury;5446;March;0;Straight - Level;Piedmont;With Traffic;Stop Sign;Saturday;Intersection;35;0;Two-Way, Divided, Unprotected Median;4 lanes;0;#NULL!;#NULL!;Smooth Asphalt;#NULL!;No Special Feature;Motorist Left Turn / Merge;Local Street;B: Evident Injury;Mecklenburg;Unknown;Clear;#NULL!;0-5 mph;30 - 35  MPH;2009;Daylight;Unknown
35.2626968898, -80.8547932474;"{""type"": ""Point"", ""coordinates"": [-80.85479324740805, 35.2626968898242]}";Black;Charlotte;Travel Lane;2;14;Urban (>70% Developed);Male;Passenger Car;0;#NULL!;0;0;Black;No;0;60-69;Bicyclist Ride Out - Other Midblock;None;No;No;Dry;0;Urban;No;09FEB2009;0;14:48;Female;No;Commercial;C: Possible Injury;Yes;O: No Injury;5447;February;0;Straight - Level;Piedmont;With Traffic;Stop And Go Signal;Monday;Non-Intersection;60;0;Two-Way, Divided, Unprotected Median;5 lanes;0;#NULL!;#NULL!;Smooth Asphalt;#NULL!;Four-Way Intersection;Bicyclist Failed to Yield - Midblock;Local Street;C: Possible Injury;Mecklenburg;69;Clear;#NULL!;0-5 mph;30 - 35  MPH;2009;Daylight;60-69
35.2612568912, -80.8019832316;"{""type"": ""Point"", ""coordinates"": [-80.80198323158895, 35.26125689123053]}";Black;Charlotte;Sidewalk / Crosswalk / Driveway Crossing;2;8;Urban (>70% Developed);Female;Pedestrian;0;#NULL!;0;0;Black;No;0;40-49;Bicyclist Ride Out - Parallel Path;None;No;No;Dry;0;Urban;No;27JAN2008;0;8:41;Male;No;Commercial;C: Possible Injury;Yes;C: Possible Injury;5450;January;0;Curve - Grade;Piedmont;With Traffic;No Control Present;Sunday;Non-Intersection;49;0;Two-Way, Not Divided;2 lanes;0;#NULL!;#NULL!;Smooth Asphalt;#NULL!;T-Intersection;Parallel Paths - Other Circumstances;Local Street;O: No Injury;Mecklenburg;16;Clear;#NULL!;Unknown;Unknown;2008;Daylight;0-19
35.228720883, -80.8407632411;"{""type"": ""Point"", ""coordinates"": [-80.84076324113839, 35.22872088298459]}";White;Charlotte;Sidewalk / Crosswalk / Driveway Crossing;2;23;Urban (>70% Developed);Male;Passenger Car;0;#NULL!;0;0;Black;No;0;40-49;Bicyclist Ride Through - Signalized Intersection;None;No;No;Dry;0;Urban;No;03FEB2008;0;23:34;Female;No;Commercial;O: No Injury;Yes;O: No Injury;5452;February;0;Straight - Level;Piedmont;With Traffic;Stop And Go Signal;Sunday;Intersection;43;0;Two-Way, Divided, Unprotected Median;3 lanes;0;#NULL!;#NULL!;Smooth Asphalt;#NULL!;No Special Feature;Bicyclist Failed to Yield - Signalized Intersection;Local Street;O: No Injury;Mecklenburg;25;Clear;#NULL!;26-30 mph;20 - 25  MPH;2008;Dark - Lighted Roadway;25-29
36.01520112, -78.9156027058;"{""type"": ""Point"", ""coordinates"": [-78.91560270583928, 36.015201119956956]}";White;Durham;Travel Lane;2;13;Urban (>70% Developed);Male;Passenger Car;0;#NULL!;0;0;White;No;0;70+;Bicyclist Ride Through - Sign-Controlled Intersection;None;Yes;Yes;Dry;0;Urban;No;06FEB2008;0;13:25;Female;No;Residential;B: Evident Injury;Yes;O: No Injury;5455;February;0;Straight - Level;Piedmont;With Traffic;Stop Sign;Wednesday;Intersection;70+;0;Two-Way, Not Divided;2 lanes;0;#NULL!;#NULL!;Smooth Asphalt;#NULL!;Four-Way Intersection;Bicyclist Failed to Yield - Sign-Controlled Intersection;Local Street;B: Evident Injury;Durham;70+;Cloudy;#NULL!;21-25 mph;30 - 35  MPH;2008;Daylight;70+
35.8173020784, -78.9056926919;"{""type"": ""Point"", ""coordinates"": [-78.90569269188865, 35.81730207843723]}";White;Cary;Multi-use Path;2;13;Urban (>70% Developed);Male;Passenger Car;0;#NULL!;0;0;White;No;0;11-15;Bicyclist Ride Through - Sign-Controlled Intersection;None;No;No;Dry;0;Urban;No;14MAR2008;0;13:10;Female;No;Residential;B: Evident Injury;Yes;O: No Injury;5468;March;0;Straight - Grade;Piedmont;Not Applicable;Stop Sign;Friday;Intersection;11;0;Two-Way, Not Divided;2 lanes;0;#NULL!;#NULL!;Smooth Asphalt;#NULL!;Shared-Use Paths Or Trails;Bicyclist Failed to Yield - Sign-Controlled Intersection;Local Street;B: Evident Injury;Wake;29;Clear;#NULL!;26-30 mph;30 - 35  MPH;2008;Daylight;25-29
35.9442471056, -78.9007426968;"{""type"": ""Point"", ""coordinates"": [-78.90074269681088, 35.94424710561739]}";Black;Durham;Travel Lane;2;7;Urban (>70% Developed);Male;Passenger Car;0;#NULL!;0;0;Black;No;0;30-39;Motorist Right Turn - Same Direction;None;No;No;Dry;0;Urban;No;18MAR2008;0;7:02;Female;No;Residential;B: Evident Injury;Yes;O: No Injury;5471;March;0;Straight - Grade;Piedmont;With Traffic;No Control Present;Tuesday;Intersection;38;0;Two-Way, Not Divided;2 lanes;0;#NULL!;#NULL!;Coarse Asphalt;#NULL!;T-Intersection;Motorist Right Turn / Merge;Local Street;B: Evident Injury;Durham;21;Clear;#NULL!;11-15 mph;40 - 45  MPH;2008;Daylight;20-24
36.2980571596, -79.4745328903;"{""type"": ""Point"", ""coordinates"": [-79.47453289032444, 36.29805715955617]}";White;None - Rural Crash;Travel Lane;2;17;Rural (<30% Developed);Male;Passenger Car;0;#NULL!;0;0;White;No;0;30-39;Motorist Overtaking - Misjudged Space;None;No;No;Dry;0;Rural;No;04JAN2008;0;17:18;Female;No;Farms, Woods, Pastures;B: Evident Injury;No;O: No Injury;5475;January;0;Straight - Level;Piedmont;With Traffic;Double Yellow Line, No Passing Zone;Friday;Non-Intersection;35;0;Two-Way, Not Divided;2 lanes;0;#NULL!;#NULL!;Coarse Asphalt;#NULL!;No Special Feature;Motorist Overtaking Bicyclist;State Secondary Route;B: Evident Injury;Caswell;70+;Clear;#NULL!;46-50 mph;50 - 55  MPH;2008;Dusk;70+
35.0385198431, -80.8056432205;"{""type"": ""Point"", ""coordinates"": [-80.8056432204961, 35.038519843146105]}";White;Charlotte;Travel Lane;2;15;Urban (>70% Developed);Male;Passenger Car;0;#NULL!;0;0;White;No;0;11-15;Motorist Left Turn - Opposite Direction;None;No;No;Dry;0;Urban;No;02APR2008;0;15:42;Female;No;Commercial;C: Possible Injury;No;O: No Injury;5480;April;0;Straight - Level;Piedmont;With Traffic;Stop And Go Signal;Wednesday;Intersection;14;0;Two-Way, Divided, Unprotected Median;2 lanes;0;#NULL!;#NULL!;Smooth Asphalt;#NULL!;Four-Way Intersection;Motorist Left Turn / Merge;Local Street;C: Possible Injury;Mecklenburg;24;Clear;#NULL!;11-15 mph;30 - 35  MPH;2008;Daylight;20-24
36.4624872587, -77.6865023551;"{""type"": ""Point"", ""coordinates"": [-77.68650235505443, 36.4624872587061]}";White;None - Rural Crash;Bike Lane / Paved Shoulder;2;15;Mixed (30% To 70% Developed);Female;Passenger Car;0;#NULL!;0;0;Black;No;0;11-15;Bicyclist Ride Out - Parallel Path;None;No;No;Dry;0;Rural;No;08JAN2008;0;15:58;Male;No;Residential;B: Evident Injury;Yes;O: No Injury;5481;January;0;Curve - Level;Coastal;With Traffic;Double Yellow Line, No Passing Zone;Tuesday;Non-Intersection;13;0;Two-Way, Not Divided;2 lanes;0;#NULL!;#NULL!;Smooth Asphalt;#NULL!;Four-Way Intersection;Parallel Paths - Other Circumstances;State Secondary Route;B: Evident Injury;Halifax;26;Cloudy;#NULL!;31-35 mph;40 - 45  MPH;2008;Daylight;25-29
35.837597091, -78.6789886244;"{""type"": ""Point"", ""coordinates"": [-78.67898862438282, 35.83759709101011]}";White;Raleigh;Multi-use Path;2;17;Mixed (30% To 70% Developed);Male;Passenger Car;0;#NULL!;0;0;White;No;0;40-49;Non-Roadway;None;No;No;Dry;0;Urban;No;14JAN2008;0;17:33;Female;No;Commercial;O: No Injury;No;O: No Injury;5495;January;0;Straight - Level;Piedmont;Not Applicable;Flashing Signal With Stop Sign;Monday;Non-Roadway;41;0;Two-Way, Not Divided;2 lanes;0;#NULL!;#NULL!;Smooth Asphalt;#NULL!;Driveway, Public;Non-Roadway;Public Vehicular Area;O: No Injury;Wake;22;Clear;#NULL!;0-5 mph;5 - 15 MPH;2008;Dark - Lighted Roadway;20-24
35.0649219116, -79.0339226911;"{""type"": ""Point"", ""coordinates"": [-79.03392269105825, 35.06492191162136]}";Other;Fayetteville;Travel Lane;2;6;Rural (<30% Developed);Female;Single Unit Truck (2-Axle, 6-Tire);0;#NULL!;0;0;White;No;0;40-49;Motorist Overtaking - Bicyclist Swerved;None;No;No;Dry;0;Urban;No;25MAR2008;0;6:46;Male;No;Farms, Woods, Pastures;A: Disabling Injury;Yes;O: No Injury;5501;March;0;Straight - Grade;Coastal;With Traffic;No Control Present;Tuesday;Non-Intersection;46;0;Two-Way, Divided, Unprotected Median;4 lanes;0;#NULL!;#NULL!;Coarse Asphalt;#NULL!;No Special Feature;Motorist Overtaking Bicyclist;Local Street;A: Disabling Injury;Cumberland;47;Clear;#NULL!;46-50 mph;50 - 55  MPH;2008;Dark - Roadway Not Lighted;40-49
36.0716771005, -79.7780429689;"{""type"": ""Point"", ""coordinates"": [-79.7780429688678, 36.071677100511145]}";Black;Greensboro;Sidewalk / Crosswalk / Driveway Crossing;2;12;Urban (>70% Developed);Male;Unknown;0;#NULL!;0;0;Unknown/Missing;No;0;16-19;Bicyclist Failed to Clear - Trapped;None;No;No;Dry;0;Urban;Yes;20JAN2008;0;12:30;Unknown;Missing;Institutional;C: Possible Injury;Yes;Unknown Injury;5502;January;0;Straight - Grade;Piedmont;With Traffic;Stop And Go Signal;Sunday;Intersection;16;0;Two-Way, Divided, Unprotected Median;5 lanes;0;#NULL!;#NULL!;Smooth Asphalt;#NULL!;Related To Intersection;Bicyclist Failed to Yield - Signalized Intersection;Local Street;C: Possible Injury;Guilford;Unknown;Clear;#NULL!;Unknown;Unknown;2008;Daylight;Unknown
35.1079869242, -78.9406626656;"{""type"": ""Point"", ""coordinates"": [-78.94066266559113, 35.10798692419852]}";Black;None - Rural Crash;Travel Lane;2;19;Urban (>70% Developed);Male;Passenger Car;0;#NULL!;0;0;Black;No;0;50-59;Bicylist Lost Control - Alcohol / Drug Impairment;None;Yes;Yes;Dry;0;Rural;No;20JAN2008;0;19:27;Male;No;Residential;B: Evident Injury;Yes;O: No Injury;5505;January;0;Straight - Grade;Coastal;With Traffic;Double Yellow Line, No Passing Zone;Sunday;Intersection-Related;52;0;Two-Way, Not Divided;2 lanes;0;#NULL!;#NULL!;Coarse Asphalt;#NULL!;No Special Feature;Loss of Control / Turning Error;State Secondary Route;B: Evident Injury;Cumberland;56;Clear;#NULL!;31-35 mph;30 - 35  MPH;2008;Dark - Lighted Roadway;50-59
35.9686170797, -79.7644829597;"{""type"": ""Point"", ""coordinates"": [-79.76448295971797, 35.96861707973741]}";White;Pleasant Garden;Travel Lane;2;18;Mixed (30% To 70% Developed);Male;Passenger Car;0;#NULL!;0;0;White;No;0;60-69;Motorist Overtaking - Undetected Bicyclist;None;No;No;Wet;0;Urban;No;22JAN2008;0;18:19;Male;No;Commercial;B: Evident Injury;No;O: No Injury;5507;January;0;Straight - Level;Piedmont;With Traffic;Double Yellow Line, No Passing Zone;Tuesday;Non-Intersection;67;0;Two-Way, Not Divided;2 lanes;0;#NULL!;#NULL!;Coarse Asphalt;#NULL!;No Special Feature;Motorist Overtaking Bicyclist;State Secondary Route;B: Evident Injury;Guilford;51;Rain;#NULL!;21-25 mph;30 - 35  MPH;2008;Dark - Roadway Not Lighted;50-59
36.0327601212, -78.9815527261;"{""type"": ""Point"", ""coordinates"": [-78.98155272614136, 36.032760121214324]}";White;Durham;Travel Lane;2;15;Urban (>70% Developed);Male;Sport Utility;0;#NULL!;0;0;White;No;0;11-15;Bicyclist Lost Control - Oversteering, Improper Braking, Speed;None;No;No;Dry;0;Urban;No;11APR2008;0;15:26;Female;No;Commercial;B: Evident Injury;Yes;O: No Injury;5511;April;0;Straight - Level;Piedmont;With Traffic;Stop And Go Signal;Friday;Intersection;13;0;Two-Way, Not Divided;8 lanes;0;#NULL!;#NULL!;Smooth Asphalt;#NULL!;Four-Way Intersection;Loss of Control / Turning Error;Local Street;B: Evident Injury;Durham;16;Clear;#NULL!;6-10 mph;30 - 35  MPH;2008;Daylight;0-19
35.8103570889, -78.5497725832;"{""type"": ""Point"", ""coordinates"": [-78.54977258321492, 35.81035708891182]}";Black;Raleigh;Sidewalk / Crosswalk / Driveway Crossing;2;20;Urban (>70% Developed);Male;Sport Utility;0;#NULL!;0;0;White;No;0;11-15;Motorist Drive Out - Sign-Controlled Intersection;None;No;No;Dry;0;Urban;No;01FEB2008;0;20:08;Male;No;Residential;C: Possible Injury;No;O: No Injury;5528;February;0;Straight - Level;Piedmont;Facing Traffic;Stop Sign;Friday;Intersection-Related;13;0;Two-Way, Not Divided;2 lanes;0;#NULL!;#NULL!;Smooth Asphalt;#NULL!;No Special Feature;Motorist Failed to Yield - Sign-Controlled Intersection;Local Street;C: Possible Injury;Wake;39;Clear;#NULL!;0-5 mph;20 - 25  MPH;2008;Dusk;30-39
35.0600369109, -79.0162026858;"{""type"": ""Point"", ""coordinates"": [-79.01620268583706, 35.06003691088176]}";Black;Fayetteville;Travel Lane;2;7;Rural (<30% Developed);Male;Passenger Car;0;#NULL!;0;0;White;No;0;16-19;Bicyclist Left Turn - Same Direction;None;No;No;Dry;0;Urban;No;06FEB2008;0;7:20;Female;No;Industrial;C: Possible Injury;No;O: No Injury;5543;February;0;Straight - Level;Coastal;With Traffic;Missing;Wednesday;Non-Intersection;19;0;Two-Way, Not Divided;2 lanes;0;#NULL!;#NULL!;Grooved Concrete;#NULL!;No Special Feature;Bicyclist Left Turn / Merge;Local Street;C: Possible Injury;Cumberland;27;Clear;#NULL!;41-45 mph;40 - 45  MPH;2008;Daylight;25-29
36.1233320946, -80.2449731129;"{""type"": ""Point"", ""coordinates"": [-80.24497311292549, 36.12333209456096]}";Black;Winston-Salem;Sidewalk / Crosswalk / Driveway Crossing;2;19;Urban (>70% Developed);Male;Passenger Car;0;#NULL!;0;0;White;No;0;16-19;Bicyclist Ride Out - Sign-Controlled Intersection;Road Surface Condition;No;No;Water (Standing, Moving);0;Urban;No;06FEB2008;0;19:12;Female;No;Residential;A: Disabling Injury;No;O: No Injury;5544;February;0;Straight - Grade;Piedmont;Facing Traffic;Stop Sign;Wednesday;Intersection;16;0;One-Way, Not Divided;2 lanes;0;#NULL!;#NULL!;Smooth Asphalt;#NULL!;No Special Feature;Bicyclist Failed to Yield - Sign-Controlled Intersection;Local Street;A: Disabling Injury;Forsyth;43;Rain;#NULL!;26-30 mph;30 - 35  MPH;2008;Dark - Lighted Roadway;40-49
35.953907068, -79.9929630274;"{""type"": ""Point"", ""coordinates"": [-79.9929630273953, 35.953907067998834]}";Black;High Point;Travel Lane;2;17;Urban (>70% Developed);Male;Sport Utility;0;#NULL!;0;0;White;No;0;16-19;Motorist Drive Out - Sign-Controlled Intersection;None;No;No;Dry;0;Urban;No;10FEB2008;0;17:57;Male;No;Residential;C: Possible Injury;Yes;O: No Injury;5554;February;0;Straight - Level;Piedmont;Facing Traffic;Stop Sign;Sunday;Intersection;16;0;Two-Way, Not Divided;4 lanes;0;#NULL!;#NULL!;Coarse Asphalt;#NULL!;Related To Intersection;Motorist Failed to Yield - Sign-Controlled Intersection;Local Street;C: Possible Injury;Guilford;24;Clear;#NULL!;0-5 mph;30 - 35  MPH;2008;Daylight;20-24
36.2797472702, -76.2173918952;"{""type"": ""Point"", ""coordinates"": [-76.21739189520187, 36.279747270238325]}";Black;Elizabeth City;Travel Lane;2;14;Urban (>70% Developed);Male;Passenger Car;0;#NULL!;0;0;White;No;0;40-49;Bicyclist Left Turn - Opposite Direction;None;No;No;Wet;0;Urban;No;15FEB2008;0;14:23;Female;No;Residential;C: Possible Injury;Yes;O: No Injury;5558;February;0;Straight - Level;Coastal;With Traffic;Stop And Go Signal;Friday;Intersection;49;0;Two-Way, Not Divided;8 lanes;0;#NULL!;#NULL!;Smooth Asphalt;#NULL!;No Special Feature;Bicyclist Left Turn / Merge;Local Street;C: Possible Injury;Pasquotank;31;Cloudy;#NULL!;6-10 mph;50 - 55  MPH;2008;Daylight;30-39
35.272253891, -80.8545032477;"{""type"": ""Point"", ""coordinates"": [-80.85450324765968, 35.27225389103539]}";Black;Charlotte;Sidewalk / Crosswalk / Driveway Crossing;2;19;Mixed (30% To 70% Developed);Male;Passenger Car;0;#NULL!;0;0;Black;No;0;30-39;Motorist Right Turn - Same Direction;None;No;No;Dry;0;Urban;Yes;16APR2008;0;19:02;Male;No;Commercial;O: No Injury;No;Unknown Injury;5561;April;0;Straight - Level;Piedmont;With Traffic;Stop And Go Signal;Wednesday;Intersection;37;0;Two-Way, Divided, Positive Median Barrier;2 lanes;0;#NULL!;#NULL!;Smooth Asphalt;#NULL!;No Special Feature;Motorist Right Turn / Merge;Local Street;O: No Injury;Mecklenburg;Unknown;Clear;#NULL!;Unknown;Unknown;2008;Daylight;Unknown
34.0113267099, -78.1338023684;"{""type"": ""Point"", ""coordinates"": [-78.13380236835923, 34.0113267098604]}";White;None - Rural Crash;Bike Lane / Paved Shoulder;2;18;Rural (<30% Developed);Male;Passenger Car;0;#NULL!;0;0;White;No;0;6-10;Bicyclist Left Turn - Same Direction;None;No;No;Dry;0;Rural;No;19FEB2008;0;18:15;Female;No;Farms, Woods, Pastures;O: No Injury;No;O: No Injury;5568;February;0;Straight - Level;Coastal;With Traffic;Missing;Tuesday;Non-Intersection;10;0;Two-Way, Not Divided;2 lanes;0;#NULL!;#NULL!;Coarse Asphalt;#NULL!;No Special Feature;Bicyclist Left Turn / Merge;State Secondary Route;O: No Injury;Brunswick;62;Clear;#NULL!;Unknown;Unknown;2008;Daylight;60-69
35.0842469813, -77.0862521012;"{""type"": ""Point"", ""coordinates"": [-77.08625210121127, 35.084246981263945]}";White;Trent Woods;Travel Lane;2;17;Urban (>70% Developed);Female;Passenger Car;0;#NULL!;0;0;White;No;0;11-15;Bicyclist Left Turn - Same Direction;None;No;No;Dry;0;Rural;No;19FEB2008;0;17:35;Male;No;Residential;C: Possible Injury;No;O: No Injury;5569;February;0;Straight - Level;Coastal;With Traffic;No Control Present;Tuesday;Non-Intersection;11;0;Two-Way, Not Divided;2 lanes;0;#NULL!;#NULL!;Smooth Asphalt;#NULL!;No Special Feature;Bicyclist Left Turn / Merge;Local Street;C: Possible Injury;Craven;70+;Clear;#NULL!;Unknown;20 - 25  MPH;2008;Daylight;70+
35.0941419818, -77.133352117;"{""type"": ""Point"", ""coordinates"": [-77.13335211701083, 35.094141981835556]}";Black;None - Rural Crash;Travel Lane;2;16;Rural (<30% Developed);Male;Passenger Car;0;#NULL!;0;0;Black;No;0;30-39;Bicyclist Left Turn - Same Direction;None;No;No;Dry;0;Rural;No;22FEB2008;0;16:33;Female;No;Residential;B: Evident Injury;Yes;O: No Injury;5570;February;0;Straight - Level;Coastal;With Traffic;Missing;Friday;Non-Intersection;30;0;Two-Way, Not Divided;2 lanes;0;#NULL!;#NULL!;Smooth Asphalt;#NULL!;No Special Feature;Bicyclist Left Turn / Merge;State Secondary Route;B: Evident Injury;Craven;70+;Cloudy;#NULL!;36-40 mph;40 - 45  MPH;2008;Daylight;70+
36.0335070915, -79.8010589743;"{""type"": ""Point"", ""coordinates"": [-79.80105897426488, 36.033507091474675]}";Black;Greensboro;Travel Lane;2;1;Urban (>70% Developed);Male;Passenger Car;0;#NULL!;0;0;Black;No;0;50-59;Bicyclist Ride Through - Signalized Intersection;None;No;No;Wet;0;Urban;No;22FEB2008;0;1:50;Male;No;Commercial;B: Evident Injury;No;O: No Injury;5572;February;0;Straight - Level;Piedmont;Facing Traffic;Stop And Go Signal;Friday;Intersection;55;0;Two-Way, Divided, Unprotected Median;5 lanes;0;#NULL!;#NULL!;Smooth Asphalt;#NULL!;Bridge;Bicyclist Failed to Yield - Signalized Intersection;Local Street;B: Evident Injury;Guilford;25;Rain;#NULL!;6-10 mph;30 - 35  MPH;2008;Dark - Lighted Roadway;25-29
35.1165538584, -80.85624324;"{""type"": ""Point"", ""coordinates"": [-80.85624324001994, 35.11655385842508]}";White;Charlotte;Bike Lane / Paved Shoulder;2;17;Urban (>70% Developed);Male;Van;0;#NULL!;0;0;White;No;0;30-39;Motorist Right Turn - Same Direction;None;No;No;Dry;0;Urban;No;30APR2008;0;17:53;Male;No;Commercial;C: Possible Injury;Yes;O: No Injury;5577;April;0;Straight - Level;Piedmont;With Traffic;No Control Present;Wednesday;Non-Intersection;38;0;Two-Way, Divided, Unprotected Median;6 lanes;0;#NULL!;#NULL!;Smooth Asphalt;#NULL!;No Special Feature;Motorist Right Turn / Merge;Local Street;C: Possible Injury;Mecklenburg;43;Clear;#NULL!;31-35 mph;30 - 35  MPH;2008;Daylight;40-49
35.2885998835, -81.1544533374;"{""type"": ""Point"", ""coordinates"": [-81.15445333740573, 35.2885998834972]}";White;Gastonia;Sidewalk / Crosswalk / Driveway Crossing;2;14;Urban (>70% Developed);Male;Passenger Car;0;#NULL!;0;0;White;No;0;25-29;Motorist Drive Out - Commercial Driveway / Alley;None;No;No;Dry;0;Urban;No;25FEB2008;0;14:44;Female;No;Commercial;C: Possible Injury;No;O: No Injury;5578;February;0;Straight - Grade;Piedmont;Facing Traffic;Missing;Monday;Non-Intersection;28;0;Two-Way, Not Divided;Unknown;0;#NULL!;#NULL!;Smooth Asphalt;#NULL!;Driveway, Public;Motorist Failed to Yield - Midblock;Public Vehicular Area;C: Possible Injury;Gaston;52;Clear;#NULL!;Unknown;Unknown;2008;Daylight;50-59
34.7509228336, -79.3118427585;"{""type"": ""Point"", ""coordinates"": [-79.31184275852915, 34.750922833585726]}";Native American;None - Rural Crash;Travel Lane;2;15;Rural (<30% Developed);Male;Passenger Car;0;#NULL!;0;0;Native American;No;0;11-15;Bicyclist Right Turn - Same Direction;None;No;No;Dry;0;Rural;No;29FEB2008;0;15:50;Male;No;Residential;C: Possible Injury;No;O: No Injury;5583;February;0;Straight - Level;Coastal;Facing Traffic;No Control Present;Friday;Non-Intersection;13;0;Two-Way, Not Divided;2 lanes;0;#NULL!;#NULL!;Coarse Asphalt;#NULL!;Driveway, Private;Bicyclist Right Turn / Merge;State Secondary Route;C: Possible Injury;Robeson;21;Clear;#NULL!;51-55 mph;50 - 55  MPH;2008;Daylight;20-24
36.1203031094, -79.8193129848;"{""type"": ""Point"", ""coordinates"": [-79.81931298477124, 36.120303109371925]}";White;Greensboro;Non-Roadway;2;18;Urban (>70% Developed);Female;Unknown;0;#NULL!;0;0;Unknown/Missing;No;0;6-10;Non-Roadway;None;No;No;Dry;0;Urban;Yes;03MAR2008;0;18:57;Unknown;No;Residential;C: Possible Injury;Yes;Unknown Injury;5593;March;0;Curve - Hillcrest;Piedmont;Not Applicable;Missing;Monday;Non-Roadway;8;0;Two-Way, Not Divided;Unknown;0;#NULL!;#NULL!;Coarse Asphalt;#NULL!;Driveway, Public;Non-Roadway;Public Vehicular Area;C: Possible Injury;Guilford;Unknown;Clear;#NULL!;Unknown;Unknown;2008;Dusk;Unknown
34.2377617678, -77.919252314;"{""type"": ""Point"", ""coordinates"": [-77.91925231400495, 34.23776176778364]}";Black;Wilmington;Sidewalk / Crosswalk / Driveway Crossing;2;16;Urban (>70% Developed);Male;Van;0;#NULL!;0;0;White;No;0;50-59;Motorist Drive Out - Sign-Controlled Intersection;None;No;No;Dry;0;Urban;No;04MAR2008;0;16:49;Male;No;Residential;C: Possible Injury;No;O: No Injury;5594;March;0;Straight - Level;Coastal;Facing Traffic;Stop Sign;Tuesday;Intersection;51;0;Two-Way, Not Divided;4 lanes;0;#NULL!;#NULL!;Smooth Asphalt;#NULL!;T-Intersection;Motorist Failed to Yield - Sign-Controlled Intersection;Local Street;C: Possible Injury;New Hanover;47;Cloudy;#NULL!;0-5 mph;30 - 35  MPH;2008;Daylight;40-49
35.7182989726, -81.2246333824;"{""type"": ""Point"", ""coordinates"": [-81.22463338237854, 35.71829897264208]}";White;Conover;Travel Lane;2;15;Mixed (30% To 70% Developed);Male;Pickup;0;#NULL!;0;0;White;No;0;70+;Motorist Left Turn - Opposite Direction;None;No;No;Dry;0;Urban;No;07MAY2008;0;15:22;Male;No;Commercial;B: Evident Injury;Yes;O: No Injury;5602;May;0;Straight - Level;Piedmont;With Traffic;Stop And Go Signal;Wednesday;Intersection;70+;0;Two-Way, Divided, Unprotected Median;2 lanes;0;#NULL!;#NULL!;Smooth Asphalt;#NULL!;Four-Way Intersection;Motorist Left Turn / Merge;Local Street;B: Evident Injury;Catawba;44;Clear;#NULL!;6-10 mph;40 - 45  MPH;2008;Daylight;40-49
36.4544752549, -77.7358573697;"{""type"": ""Point"", ""coordinates"": [-77.7358573697412, 36.45447525488836]}";Black;None - Rural Crash;Travel Lane;2;12;Mixed (30% To 70% Developed);Male;Sport Utility;0;#NULL!;0;0;Black;No;0;16-19;Bicyclist Left Turn - Same Direction;None;No;No;Dry;0;Rural;No;09MAR2008;0;12:09;Male;No;Residential;B: Evident Injury;No;O: No Injury;5604;March;0;Straight - Level;Coastal;With Traffic;Double Yellow Line, No Passing Zone;Sunday;Non-Intersection;18;0;Two-Way, Not Divided;2 lanes;0;#NULL!;#NULL!;Smooth Asphalt;#NULL!;No Special Feature;Bicyclist Left Turn / Merge;State Secondary Route;B: Evident Injury;Halifax;28;Clear;#NULL!;Unknown;Unknown;2008;Daylight;25-29
36.1466630988, -80.2587531182;"{""type"": ""Point"", ""coordinates"": [-80.25875311824015, 36.14666309881799]}";White;Winston-Salem;Sidewalk / Crosswalk / Driveway Crossing;2;7;Urban (>70% Developed);Male;Sport Utility;0;#NULL!;0;0;White;No;0;40-49;Motorist Drive Out - Sign-Controlled Intersection;None;No;No;Dry;0;Urban;No;06MAR2008;0;7:47;Female;No;Residential;B: Evident Injury;No;O: No Injury;5612;March;0;Straight - Level;Piedmont;Facing Traffic;Stop Sign;Thursday;Intersection;49;0;Two-Way, Not Divided;2 lanes;0;#NULL!;#NULL!;Smooth Asphalt;#NULL!;T-Intersection;Motorist Failed to Yield - Sign-Controlled Intersection;Local Street;B: Evident Injury;Forsyth;45;Clear;#NULL!;6-10 mph;30 - 35  MPH;2008;Daylight;40-49