Geo Point;Geo Shape;BikeRace;City;BikePos;NumUnits;CrashHour;Locality;BikeSex;DrvrVehTyp;NumBikesNo;BikeAlcDrg;NumBikesBI;RteInvdCd;DrvrRace;Workzone;NumBikesCi;BikeAgeGrp;CrashType;RdDefects;CrashAlcoh;BikeAlcoho;RdConditio;DstncMiFrm;RuralUrban;HitRun;CrashDate;NumBikesUI;CrashTime;DrvrSex;DrvrAlcoho;Developmen;CrashSevr;AmbulanceR;DrvrInjury;OBJECTID;CrashMonth;NumBikesKi;RdCharacte;Region;BikeDir;TraffCntrl;CrashDay;CrashLoc;BikeAge;NumBikesTo;RdConfig;NumLanes;NumBikesAI;DrvrAlcDrg;OnRoad;RdSurface;Towrd_Rd;RdFeature;CrashGrp;RdClass;BikeInjury;County;DrvrAge;Weather;FrmRd;DrvrEstSpd;SpeedLimit;CrashYear;LightCond;DrvrAgeGrp
35.7526050748, -78.6204526021;"{""type"": ""Point"", ""coordinates"": [-78.62045260213638, 35.75260507477825]}";Black;Raleigh;Travel Lane;2;23;Urban (>70% Developed);Male;Passenger Car;0;#NULL!;0;0;Black;No;0;16-19;Bicyclist Ride Through - Sign-Controlled Intersection;None;No;No;Dry;0;Urban;No;12JAN2008;0;23:25;Female;No;Residential;B: Evident Injury;Yes;O: No Injury;5613;January;0;Straight - Bottom;Piedmont;With Traffic;Stop Sign;Saturday;Intersection;17;0;Two-Way, Not Divided;2 lanes;0;#NULL!;#NULL!;Smooth Asphalt;#NULL!;Four-Way Intersection;Bicyclist Failed to Yield - Sign-Controlled Intersection;Local Street;B: Evident Injury;Wake;50;Clear;#NULL!;21-25 mph;30 - 35  MPH;2008;Dark - Lighted Roadway;50-59
36.1206470295, -81.9336236173;"{""type"": ""Point"", ""coordinates"": [-81.93362361731312, 36.12064702945828]}";White;None - Rural Crash;Travel Lane;2;17;Mixed (30% To 70% Developed);Female;Pickup;0;#NULL!;0;0;White;No;0;20-24;Motorist Overtaking - Misjudged Space;None;No;No;Dry;0;Rural;No;13MAR2008;0;17:01;Male;No;Residential;B: Evident Injury;Yes;O: No Injury;5618;March;0;Straight - Level;Mountains;With Traffic;Double Yellow Line, No Passing Zone;Thursday;Non-Intersection;21;0;One-Way, Not Divided;2 lanes;0;#NULL!;#NULL!;Smooth Asphalt;#NULL!;No Special Feature;Motorist Overtaking Bicyclist;NC Route;B: Evident Injury;Avery;70+;Clear;#NULL!;41-45 mph;50 - 55  MPH;2008;Daylight;70+
34.8972998492, -79.7801729064;"{""type"": ""Point"", ""coordinates"": [-79.78017290639414, 34.89729984924762]}";White;None - Rural Crash;Travel Lane;2;20;Mixed (30% To 70% Developed);Male;Pedalcycle;0;#NULL!;0;0;Black;No;0;60-69;Bicyclist Right Turn - Same Direction;None;Yes;No;Dry;0;Rural;No;12MAR2008;0;20:25;Female;Yes;Institutional;A: Disabling Injury;Yes;A: Disabling Injury;5622;March;0;Straight - Level;Piedmont;Facing Traffic;Double Yellow Line, No Passing Zone;Wednesday;Non-Intersection;64;0;Two-Way, Not Divided;2 lanes;0;#NULL!;#NULL!;Smooth Asphalt;#NULL!;No Special Feature;Bicyclist Right Turn / Merge;State Secondary Route;O: No Injury;Richmond;49;Clear;#NULL!;Unknown;Unknown;2008;Dark - Roadway Not Lighted;40-49
35.8347870923, -78.605282602;"{""type"": ""Point"", ""coordinates"": [-78.60528260198465, 35.83478709228247]}";Hispanic;Raleigh;Sidewalk / Crosswalk / Driveway Crossing;2;18;Urban (>70% Developed);Male;Pickup;0;#NULL!;0;0;Hispanic;No;0;25-29;Motorist Drive Out - Commercial Driveway / Alley;None;No;No;Dry;0;Urban;No;17MAR2008;0;18:33;Male;No;Commercial;C: Possible Injury;Yes;O: No Injury;5624;March;0;Straight - Grade;Piedmont;Facing Traffic;No Control Present;Monday;Non-Intersection;28;0;Two-Way, Not Divided;4 lanes;0;#NULL!;#NULL!;Concrete;#NULL!;No Special Feature;Motorist Failed to Yield - Midblock;Public Vehicular Area;C: Possible Injury;Wake;24;Cloudy;#NULL!;Unknown;Unknown;2008;Daylight;20-24
36.4077572002, -78.9964227518;"{""type"": ""Point"", ""coordinates"": [-78.9964227517901, 36.407757200202234]}";White;None - Rural Crash;Driveway / Alley;2;18;Mixed (30% To 70% Developed);Male;Sport Utility;0;#NULL!;0;0;White;No;0;6-10;Bicyclist Ride Out - Residential Driveway;None;No;No;Dry;0;Rural;No;20MAR2008;0;18:36;Female;No;Residential;A: Disabling Injury;Yes;O: No Injury;5632;March;0;Straight - Level;Piedmont;Not Applicable;Double Yellow Line, No Passing Zone;Thursday;Non-Intersection;8;0;Two-Way, Not Divided;2 lanes;0;#NULL!;#NULL!;Smooth Asphalt;#NULL!;Driveway, Private;Bicyclist Failed to Yield - Midblock;State Secondary Route;A: Disabling Injury;Person;42;Clear;#NULL!;31-35 mph;30 - 35  MPH;2008;Daylight;40-49
36.296307273, -76.2263118984;"{""type"": ""Point"", ""coordinates"": [-76.22631189844876, 36.296307272976506]}";White;Elizabeth City;Non-Roadway;2;14;Urban (>70% Developed);Male;Passenger Car;0;#NULL!;0;0;White;No;0;11-15;Bicyclist Ride Out - Other Midblock;None;No;No;Dry;0;Urban;No;22MAR2008;0;14:31;Male;No;Commercial;B: Evident Injury;Yes;O: No Injury;5634;March;0;Straight - Level;Coastal;Not Applicable;No Control Present;Saturday;Non-Intersection;14;0;Two-Way, Not Divided;5 lanes;0;#NULL!;#NULL!;Smooth Asphalt;#NULL!;No Special Feature;Bicyclist Failed to Yield - Midblock;Local Street;B: Evident Injury;Pasquotank;18;Clear;#NULL!;31-35 mph;30 - 35  MPH;2008;Daylight;0-19
34.3306067626, -78.7071025554;"{""type"": ""Point"", ""coordinates"": [-78.70710255544172, 34.33060676259165]}";Black;Whiteville;Non-Roadway;2;18;Urban (>70% Developed);Male;Passenger Car;0;#NULL!;0;0;Black;No;0;11-15;Bicyclist Ride Out - Commercial Driveway / Alley;None;No;No;Dry;0;Urban;No;27MAR2008;0;18:09;Female;No;Commercial;C: Possible Injury;Yes;O: No Injury;5644;March;0;Straight - Level;Coastal;Not Applicable;No Control Present;Thursday;Non-Intersection;13;0;Two-Way, Not Divided;2 lanes;0;#NULL!;#NULL!;Smooth Asphalt;#NULL!;No Special Feature;Bicyclist Failed to Yield - Midblock;Local Street;C: Possible Injury;Columbus;35;Clear;#NULL!;31-35 mph;30 - 35  MPH;2008;Daylight;30-39
35.6551069907, -80.3657131224;"{""type"": ""Point"", ""coordinates"": [-80.36571312238186, 35.655106990715886]}";White;None - Rural Crash;Travel Lane;2;15;Rural (<30% Developed);Male;Single Unit Truck (2-Axle, 6-Tire);0;#NULL!;0;0;White;No;0;25-29;Motorist Turning Error - Left Turn;None;No;No;Dry;0;Rural;No;27MAR2008;0;15:10;Male;No;Farms, Woods, Pastures;B: Evident Injury;Yes;O: No Injury;5646;March;0;Straight - Grade;Piedmont;With Traffic;Stop Sign;Thursday;Intersection;28;0;Two-Way, Not Divided;2 lanes;0;#NULL!;#NULL!;Smooth Asphalt;#NULL!;T-Intersection;Loss of Control / Turning Error;State Secondary Route;B: Evident Injury;Rowan;61;Clear;#NULL!;31-35 mph;40 - 45  MPH;2008;Daylight;60-69
35.77863208, -78.6145726014;"{""type"": ""Point"", ""coordinates"": [-78.61457260137661, 35.77863207997954]}";Black;Raleigh;Travel Lane;2;19;Urban (>70% Developed);Female;Van;0;#NULL!;0;0;Black;No;0;11-15;Bicyclist Ride Through - Sign-Controlled Intersection;None;No;No;Wet;0;Urban;No;29MAR2008;0;19:06;Male;No;Residential;B: Evident Injury;Yes;O: No Injury;5652;March;0;Straight - Bottom;Piedmont;Facing Traffic;Stop Sign;Saturday;Intersection;13;0;Two-Way, Not Divided;4 lanes;0;#NULL!;#NULL!;Smooth Asphalt;#NULL!;T-Intersection;Bicyclist Failed to Yield - Sign-Controlled Intersection;Local Street;B: Evident Injury;Wake;35;Cloudy;#NULL!;11-15 mph;20 - 25  MPH;2008;Daylight;30-39
34.7519768969, -77.4477821955;"{""type"": ""Point"", ""coordinates"": [-77.44778219549151, 34.751976896878546]}";Black;Jacksonville;Travel Lane;2;4;Urban (>70% Developed);Male;Pickup;0;#NULL!;0;0;White;No;0;40-49;Motorist Overtaking - Other / Unknown;None;No;No;Wet;0;Urban;No;30MAR2008;0;4:49;Male;No;Commercial;C: Possible Injury;Yes;O: No Injury;5654;March;0;Straight - Level;Coastal;With Traffic;Missing;Sunday;Non-Intersection;48;0;Two-Way, Not Divided;6 lanes;0;#NULL!;#NULL!;Smooth Asphalt;#NULL!;No Special Feature;Motorist Overtaking Bicyclist;US Route;C: Possible Injury;Onslow;35;Cloudy;#NULL!;31-35 mph;40 - 45  MPH;2008;Dark - Lighted Roadway;30-39
35.3245498648, -81.8627885504;"{""type"": ""Point"", ""coordinates"": [-81.86278855037835, 35.32454986483139]}";White;Forest City;Travel Lane;2;19;Urban (>70% Developed);Male;Passenger Car;0;#NULL!;0;0;Unknown/Missing;No;0;6-10;Bicyclist Ride Out - Sign-Controlled Intersection;None;No;No;Dry;0;Urban;Yes;10APR2008;0;19:28;Unknown;No;Residential;C: Possible Injury;Yes;Unknown Injury;5661;April;0;Straight - Level;Mountains;With Traffic;Stop Sign;Thursday;Intersection;7;0;Two-Way, Divided, Unprotected Median;2 lanes;0;#NULL!;#NULL!;Smooth Asphalt;#NULL!;T-Intersection;Bicyclist Failed to Yield - Sign-Controlled Intersection;Local Street;C: Possible Injury;Rutherford;Unknown;Clear;#NULL!;Unknown;30 - 35  MPH;2008;Daylight;Unknown
35.7390870293, -79.8084229595;"{""type"": ""Point"", ""coordinates"": [-79.80842295946184, 35.73908702931564]}";White;Asheboro;Travel Lane;2;5;Urban (>70% Developed);Male;Pickup;0;#NULL!;0;0;White;No;0;30-39;Motorist Drive Out - Commercial Driveway / Alley;None;No;No;Wet;0;Urban;No;22APR2008;0;5:57;Male;No;Commercial;A: Disabling Injury;Yes;O: No Injury;5672;April;0;Straight - Level;Piedmont;With Traffic;No Control Present;Tuesday;Non-Intersection;37;0;Two-Way, Not Divided;4 lanes;0;#NULL!;#NULL!;Smooth Asphalt;#NULL!;No Special Feature;Motorist Failed to Yield - Midblock;US Route;A: Disabling Injury;Randolph;70+;Rain;#NULL!;0-5 mph;30 - 35  MPH;2008;Dark - Lighted Roadway;70+
35.7721870761, -78.685236622;"{""type"": ""Point"", ""coordinates"": [-78.68523662198, 35.77218707609262]}";White;Raleigh;Travel Lane;2;10;Urban (>70% Developed);Male;Motorcycle;0;#NULL!;0;0;White;No;0;20-24;Bicyclist Left Turn - Same Direction;None;No;No;Dry;0;Urban;No;10APR2008;0;10:07;Male;No;Residential;B: Evident Injury;Yes;O: No Injury;5675;April;0;Straight - Level;Piedmont;With Traffic;Missing;Thursday;Intersection;20;0;Two-Way, Not Divided;2 lanes;0;#NULL!;#NULL!;Coarse Asphalt;#NULL!;T-Intersection;Bicyclist Left Turn / Merge;Local Street;B: Evident Injury;Wake;23;Clear;#NULL!;6-10 mph;40 - 45  MPH;2008;Daylight;20-24
34.6178268146, -79.0160826629;"{""type"": ""Point"", ""coordinates"": [-79.01608266291178, 34.6178268146305]}";Black;Lumber Bridge;Bike Lane / Paved Shoulder;2;11;Urban (>70% Developed);Male;Police;0;#NULL!;0;0;Black;No;0;50-59;Non-Roadway;None;No;No;Dry;0;Rural;No;12APR2008;0;11:25;Male;No;Residential;B: Evident Injury;Yes;O: No Injury;5681;April;0;Straight - Level;Coastal;Not Applicable;Missing;Saturday;Non-Roadway;51;0;Unknown;Unknown;0;#NULL!;#NULL!;Other;#NULL!;Other;Non-Roadway;Public Vehicular Area;B: Evident Injury;Robeson;36;Clear;#NULL!;16-20 mph;20 - 25  MPH;2008;Daylight;30-39
35.3588819088, -80.8954632643;"{""type"": ""Point"", ""coordinates"": [-80.89546326430434, 35.358881908763024]}";White;Huntersville;Travel Lane;2;10;Urban (>70% Developed);Female;Single Unit Truck (2-Axle, 6-Tire);0;#NULL!;0;0;Black;No;0;50-59;Bicyclist Lost Control - Other / Unknown;None;No;No;Dry;0;Urban;No;31MAY2008;0;10:17;Male;No;Residential;B: Evident Injury;Yes;O: No Injury;5683;May;0;Straight - Level;Piedmont;With Traffic;No Control Present;Saturday;Non-Intersection;53;0;Two-Way, Not Divided;2 lanes;0;#NULL!;#NULL!;Smooth Asphalt;#NULL!;No Special Feature;Loss of Control / Turning Error;Local Street;B: Evident Injury;Mecklenburg;40;Clear;#NULL!;21-25 mph;40 - 45  MPH;2008;Daylight;40-49
35.0478089141, -78.8638426383;"{""type"": ""Point"", ""coordinates"": [-78.86384263833176, 35.047808914076384]}";Hispanic;Fayetteville;Travel Lane;2;15;Urban (>70% Developed);Male;Passenger Car;0;#NULL!;0;0;White;No;0;50-59;Bicyclist Ride Through - Sign-Controlled Intersection;None;No;No;Dry;0;Urban;No;14APR2008;0;15:32;Female;No;Commercial;B: Evident Injury;No;O: No Injury;5686;April;0;Straight - Level;Coastal;With Traffic;Stop Sign;Monday;Intersection;52;0;Two-Way, Divided, Unprotected Median;4 lanes;0;#NULL!;#NULL!;Coarse Asphalt;#NULL!;Four-Way Intersection;Bicyclist Failed to Yield - Sign-Controlled Intersection;Local Street;B: Evident Injury;Cumberland;62;Clear;#NULL!;31-35 mph;30 - 35  MPH;2008;Daylight;60-69
35.1656138723, -80.7418472087;"{""type"": ""Point"", ""coordinates"": [-80.74184720872307, 35.165613872345205]}";Black;Charlotte;Travel Lane;2;18;Urban (>70% Developed);Male;Passenger Car;0;#NULL!;0;0;White;No;0;11-15;Multiple Threat - Midblock;None;No;No;Dry;0;Urban;No;02JUN2008;0;18:08;Female;No;Commercial;C: Possible Injury;Yes;O: No Injury;5688;June;0;Straight - Level;Piedmont;Unknown;No Control Present;Monday;Non-Intersection;13;0;Two-Way, Divided, Unprotected Median;7 lanes;0;#NULL!;#NULL!;Smooth Asphalt;#NULL!;No Special Feature;Bicyclist Failed to Yield - Midblock;Local Street;C: Possible Injury;Mecklenburg;29;Clear;#NULL!;0-5 mph;40 - 45  MPH;2008;Daylight;25-29
35.9086970922, -79.0499327405;"{""type"": ""Point"", ""coordinates"": [-79.04993274050088, 35.9086970921558]}";White;Chapel Hill;Travel Lane;2;17;Urban (>70% Developed);Male;Passenger Car;0;#NULL!;0;0;White;No;0;20-24;Motorist Left Turn - Opposite Direction;None;No;No;Dry;0;Urban;No;16APR2008;0;17:28;Female;No;Institutional;C: Possible Injury;No;O: No Injury;5689;April;0;Straight - Level;Piedmont;With Traffic;Missing;Wednesday;Intersection;21;0;Two-Way, Divided, Unprotected Median;2 lanes;0;#NULL!;#NULL!;Smooth Asphalt;#NULL!;No Special Feature;Motorist Left Turn / Merge;Local Street;C: Possible Injury;Orange;24;Clear;#NULL!;Unknown;Unknown;2008;Daylight;20-24
35.9392311448, -77.7614123502;"{""type"": ""Point"", ""coordinates"": [-77.76141235021751, 35.939231144770886]}";Black;Rocky Mount;Travel Lane;2;16;Urban (>70% Developed);Female;Light Truck (Mini-Van, Panel);0;#NULL!;0;0;Black;No;0;6-10;Bicyclist Ride Through - Sign-Controlled Intersection;None;No;No;Dry;0;Urban;No;26APR2008;0;16:33;Male;No;Residential;O: No Injury;No;O: No Injury;5700;April;0;Straight - Level;Coastal;With Traffic;Stop Sign;Saturday;Intersection;7;0;Two-Way, Not Divided;4 lanes;0;#NULL!;#NULL!;Smooth Asphalt;#NULL!;No Special Feature;Bicyclist Failed to Yield - Sign-Controlled Intersection;Local Street;O: No Injury;Edgecombe;45;Clear;#NULL!;31-35 mph;30 - 35  MPH;2008;Daylight;40-49
34.2148267664, -77.7907962738;"{""type"": ""Point"", ""coordinates"": [-77.79079627380524, 34.21482676644245]}";White;Wrightsville Beach;Travel Lane;2;10;Urban (>70% Developed);Female;Passenger Car;0;#NULL!;0;0;White;No;0;30-39;Motorist Drive Out - Right Turn on Red;None;No;No;Wet;0;Rural;No;20APR2008;0;10:16;Male;No;Commercial;B: Evident Injury;No;B: Evident Injury;5707;April;0;Straight - Level;Coastal;With Traffic;Stop And Go Signal;Sunday;Intersection;35;0;Two-Way, Divided, Positive Median Barrier;2 lanes;0;#NULL!;#NULL!;Coarse Asphalt;#NULL!;Four-Way Intersection;Motorist Failed to Yield - Signalized Intersection;Local Street;B: Evident Injury;New Hanover;29;Clear;#NULL!;0-5 mph;20 - 25  MPH;2008;Daylight;25-29
35.176169873, -80.7978032254;"{""type"": ""Point"", ""coordinates"": [-80.79780322538915, 35.17616987295069]}";Hispanic;Charlotte;Travel Lane;2;7;Urban (>70% Developed);Male;Light Truck (Mini-Van, Panel);0;#NULL!;0;0;Hispanic;No;0;20-24;Motorist Right Turn - Same Direction;None;No;No;Dry;0;Urban;No;05JUN2008;0;7:35;Male;No;Commercial;O: No Injury;No;O: No Injury;5708;June;0;Straight - Level;Piedmont;With Traffic;No Control Present;Thursday;Non-Intersection;24;0;Two-Way, Not Divided;4 lanes;0;#NULL!;#NULL!;Smooth Asphalt;#NULL!;No Special Feature;Motorist Right Turn / Merge;Local Street;O: No Injury;Mecklenburg;31;Clear;#NULL!;21-25 mph;40 - 45  MPH;2008;Daylight;30-39
35.6709129385, -81.8478335656;"{""type"": ""Point"", ""coordinates"": [-81.84783356556292, 35.67091293847795]}";Asian;None - Rural Crash;Driveway / Alley;2;19;Mixed (30% To 70% Developed);Male;Passenger Car;0;#NULL!;0;0;Unknown/Missing;No;0;11-15;Non-Roadway;None;No;No;Dry;0;Rural;No;23APR2008;0;19:20;Unknown;Missing;Residential;C: Possible Injury;Yes;Unknown Injury;5709;April;0;Straight - Grade;Mountains;Not Applicable;No Control Present;Wednesday;Non-Roadway;14;0;Two-Way, Not Divided;Unknown;0;#NULL!;#NULL!;Concrete;#NULL!;Driveway, Private;Non-Roadway;Private Road, Driveway;C: Possible Injury;Burke;Unknown;Clear;#NULL!;0-5 mph;Unknown;2008;Daylight;Unknown
35.4881389979, -79.1800227575;"{""type"": ""Point"", ""coordinates"": [-79.1800227574638, 35.488138997858414]}";Hispanic;Sanford;Travel Lane;2;11;Urban (>70% Developed);Male;Police;0;#NULL!;0;0;White;No;0;60-69;Signalized Intersection - Other / Unknown;None;No;No;Dry;0;Urban;No;24APR2008;0;11:21;Male;No;Residential;C: Possible Injury;Yes;O: No Injury;5722;April;0;Straight - Level;Piedmont;Facing Traffic;Stop And Go Signal;Thursday;Intersection;61;0;Two-Way, Not Divided;2 lanes;0;#NULL!;#NULL!;Smooth Asphalt;#NULL!;Four-Way Intersection;Crossing Paths - Other Circumstances;Local Street;C: Possible Injury;Lee;44;Clear;#NULL!;0-5 mph;30 - 35  MPH;2008;Daylight;40-49
35.7250270638, -78.7605926428;"{""type"": ""Point"", ""coordinates"": [-78.76059264284451, 35.72502706383411]}";White;Cary;Driveway / Alley;2;14;Urban (>70% Developed);Male;Passenger Car;0;#NULL!;0;0;White;No;0;6-10;Bicyclist Ride Out - Residential Driveway;None;No;No;Dry;0;Urban;No;08JUN2008;0;14:54;Male;No;Residential;A: Disabling Injury;Yes;O: No Injury;5725;June;0;Straight - Level;Piedmont;Not Applicable;No Control Present;Sunday;Non-Intersection;10;0;Two-Way, Not Divided;2 lanes;0;#NULL!;#NULL!;Smooth Asphalt;#NULL!;No Special Feature;Bicyclist Failed to Yield - Midblock;Local Street;A: Disabling Injury;Wake;54;Clear;#NULL!;21-25 mph;20 - 25  MPH;2008;Daylight;50-59
34.1583927506, -77.9115163082;"{""type"": ""Point"", ""coordinates"": [-77.91151630823956, 34.15839275061488]}";White;Wilmington;Travel Lane;2;22;Urban (>70% Developed);Male;Unknown;0;#NULL!;0;0;Unknown/Missing;No;0;40-49;Motorist Overtaking - Other / Unknown;None;No;No;Dry;0;Urban;Yes;27APR2008;0;22:15;Unknown;Missing;Commercial;C: Possible Injury;No;Unknown Injury;5728;April;0;Straight - Level;Coastal;With Traffic;Missing;Sunday;Non-Intersection;45;0;Two-Way, Divided, Unprotected Median;4 lanes;0;#NULL!;#NULL!;Smooth Asphalt;#NULL!;No Special Feature;Motorist Overtaking Bicyclist;Local Street;C: Possible Injury;New Hanover;Unknown;Clear;#NULL!;Unknown;Unknown;2008;Dark - Lighted Roadway;Unknown
35.1939228769, -80.7944732254;"{""type"": ""Point"", ""coordinates"": [-80.79447322538262, 35.193922876931495]}";Hispanic;Charlotte;Travel Lane;2;9;Urban (>70% Developed);Male;Pickup;0;#NULL!;0;0;White;No;0;40-49;Motorist Right Turn - Same Direction;None;No;No;Dry;0;Urban;No;11JUN2008;0;9:07;Male;No;Commercial;C: Possible Injury;Yes;O: No Injury;5735;June;0;Straight - Level;Piedmont;With Traffic;Stop And Go Signal;Wednesday;Non-Intersection;46;0;Two-Way, Divided, Unprotected Median;4 lanes;0;#NULL!;#NULL!;Smooth Asphalt;#NULL!;No Special Feature;Motorist Right Turn / Merge;Local Street;C: Possible Injury;Mecklenburg;48;Clear;#NULL!;6-10 mph;30 - 35  MPH;2008;Daylight;40-49
36.4928121902, -79.741982982;"{""type"": ""Point"", ""coordinates"": [-79.74198298203403, 36.49281219020333]}";White;Eden;Travel Lane;2;16;Urban (>70% Developed);Female;Passenger Car;0;#NULL!;0;0;White;No;0;16-19;Motorist Drive Out - Sign-Controlled Intersection;None;No;No;Dry;0;Urban;No;12JUN2008;0;16:15;Female;No;Commercial;C: Possible Injury;Yes;O: No Injury;5741;June;0;Straight - Level;Piedmont;Facing Traffic;Stop Sign;Thursday;Intersection;17;0;Two-Way, Not Divided;5 lanes;0;#NULL!;#NULL!;Smooth Asphalt;#NULL!;Four-Way Intersection;Motorist Failed to Yield - Sign-Controlled Intersection;Local Street;C: Possible Injury;Rockingham;58;Cloudy;#NULL!;6-10 mph;40 - 45  MPH;2008;Daylight;50-59
36.0016371179, -78.8904976971;"{""type"": ""Point"", ""coordinates"": [-78.8904976970979, 36.001637117914996]}";Black;Durham;Travel Lane;2;18;Urban (>70% Developed);Male;Passenger Car;0;#NULL!;0;0;Black;No;0;30-39;Bicyclist Ride Out - Sign-Controlled Intersection;None;No;No;Dry;0;Urban;No;11JUN2008;0;18:12;Male;No;Residential;B: Evident Injury;No;O: No Injury;5744;June;0;Straight - Level;Piedmont;With Traffic;No Control Present;Wednesday;Intersection;32;0;Two-Way, Not Divided;2 lanes;0;#NULL!;#NULL!;Smooth Asphalt;#NULL!;No Special Feature;Bicyclist Failed to Yield - Sign-Controlled Intersection;Local Street;B: Evident Injury;Durham;50;Clear;#NULL!;31-35 mph;30 - 35  MPH;2008;Daylight;50-59
35.9116930924, -79.0622527444;"{""type"": ""Point"", ""coordinates"": [-79.06225274442508, 35.91169309240622]}";White;Chapel Hill;Sidewalk / Crosswalk / Driveway Crossing;2;20;Urban (>70% Developed);Female;Sport Utility;0;#NULL!;0;0;White;No;0;25-29;Motorist Right Turn - Same Direction;None;No;No;Dry;0;Urban;No;06MAY2008;0;20:34;Female;No;Commercial;B: Evident Injury;No;O: No Injury;5746;May;0;Straight - Hillcrest;Piedmont;With Traffic;Missing;Tuesday;Non-Intersection;27;0;Two-Way, Not Divided;2 lanes;0;#NULL!;#NULL!;Smooth Asphalt;#NULL!;Driveway, Private;Motorist Right Turn / Merge;Public Vehicular Area;B: Evident Injury;Orange;21;Clear;#NULL!;11-15 mph;5 - 15 MPH;2008;Dusk;20-24
35.6733869915, -80.4622731523;"{""type"": ""Point"", ""coordinates"": [-80.4622731523053, 35.673386991508956]}";Black;Salisbury;Travel Lane;2;15;Urban (>70% Developed);Male;Passenger Car;0;#NULL!;0;0;Unknown/Missing;No;0;30-39;Signalized Intersection - Other / Unknown;None;Yes;Yes;Dry;0;Urban;Yes;09JUN2008;0;15:26;Unknown;Missing;Residential;C: Possible Injury;Yes;Unknown Injury;5764;June;0;Straight - Level;Piedmont;With Traffic;Stop And Go Signal;Monday;Intersection;38;0;Two-Way, Not Divided;4 lanes;0;#NULL!;#NULL!;Smooth Asphalt;#NULL!;Four-Way Intersection;Crossing Paths - Other Circumstances;Local Street;C: Possible Injury;Rowan;Unknown;Clear;#NULL!;21-25 mph;20 - 25  MPH;2008;Daylight;Unknown
35.7953330804, -78.7034026291;"{""type"": ""Point"", ""coordinates"": [-78.70340262905597, 35.795333080400866]}";Asian;Raleigh;Travel Lane;2;20;Urban (>70% Developed);Male;Passenger Car;0;#NULL!;0;0;White;No;0;40-49;Motorist Overtaking - Misjudged Space;None;No;No;Dry;0;Urban;No;13MAY2008;0;20:45;Male;No;Commercial;B: Evident Injury;Yes;O: No Injury;5767;May;0;Straight - Level;Piedmont;With Traffic;No Control Present;Tuesday;Non-Intersection;43;0;Two-Way, Not Divided;5 lanes;0;#NULL!;#NULL!;Smooth Asphalt;#NULL!;No Special Feature;Motorist Overtaking Bicyclist;Local Street;B: Evident Injury;Wake;66;Clear;#NULL!;31-35 mph;40 - 45  MPH;2008;Dark - Roadway Not Lighted;60-69
35.8395530919, -78.6424726136;"{""type"": ""Point"", ""coordinates"": [-78.6424726136403, 35.83955309192441]}";White;Raleigh;Sidewalk / Crosswalk / Driveway Crossing;2;19;Urban (>70% Developed);Male;Unknown;0;#NULL!;0;0;Unknown/Missing;No;0;16-19;Motorist Right Turn - Same Direction;None;No;No;Dry;0;Urban;Yes;01MAY2008;0;19:40;Unknown;Missing;Commercial;O: No Injury;No;Unknown Injury;5769;May;0;Unknown;Piedmont;With Traffic;Missing;Thursday;Intersection;18;0;Unknown;Unknown;0;#NULL!;#NULL!;Unknown;#NULL!;No Special Feature;Motorist Right Turn / Merge;Local Street;O: No Injury;Wake;Unknown;Clear;#NULL!;Unknown;Unknown;2008;Daylight;Unknown
35.0119889253, -78.295112465;"{""type"": ""Point"", ""coordinates"": [-78.29511246499762, 35.01198892532815]}";White;None - Rural Crash;Bike Lane / Paved Shoulder;2;5;Rural (<30% Developed);Male;Unknown;0;#NULL!;0;0;Unknown/Missing;No;0;50-59;Motorist Right Turn - Same Direction;None;No;No;Dry;0;Rural;Yes;21MAY2008;0;5:30;Unknown;Missing;Farms, Woods, Pastures;C: Possible Injury;No;Unknown Injury;5797;May;0;Straight - Level;Coastal;With Traffic;Double Yellow Line, No Passing Zone;Wednesday;Non-Intersection;57;0;Two-Way, Not Divided;2 lanes;0;#NULL!;#NULL!;Coarse Asphalt;#NULL!;No Special Feature;Motorist Right Turn / Merge;NC Route;C: Possible Injury;Sampson;Unknown;Clear;#NULL!;51-55 mph;50 - 55  MPH;2008;Dawn;Unknown
35.0194238435, -80.6942931863;"{""type"": ""Point"", ""coordinates"": [-80.69429318628808, 35.01942384345607]}";White;Wesley Chapel;Travel Lane;2;10;Rural (<30% Developed);Male;Sport Utility;0;#NULL!;0;0;White;No;0;50-59;Motorist Drive Out - Sign-Controlled Intersection;None;No;No;Dry;0;Rural;No;21MAY2008;0;10:25;Male;No;Farms, Woods, Pastures;C: Possible Injury;No;C: Possible Injury;5798;May;0;Straight - Level;Piedmont;With Traffic;Stop Sign;Wednesday;Intersection;54;0;Two-Way, Not Divided;2 lanes;0;#NULL!;#NULL!;Smooth Asphalt;#NULL!;Four-Way Intersection;Motorist Failed to Yield - Sign-Controlled Intersection;State Secondary Route;O: No Injury;Union;69;Clear;#NULL!;0-5 mph;40 - 45  MPH;2008;Daylight;60-69