Geo Point;Geo Shape;BikeRace;City;BikePos;NumUnits;CrashHour;Locality;BikeSex;DrvrVehTyp;NumBikesNo;BikeAlcDrg;NumBikesBI;RteInvdCd;DrvrRace;Workzone;NumBikesCi;BikeAgeGrp;CrashType;RdDefects;CrashAlcoh;BikeAlcoho;RdConditio;DstncMiFrm;RuralUrban;HitRun;CrashDate;NumBikesUI;CrashTime;DrvrSex;DrvrAlcoho;Developmen;CrashSevr;AmbulanceR;DrvrInjury;OBJECTID;CrashMonth;NumBikesKi;RdCharacte;Region;BikeDir;TraffCntrl;CrashDay;CrashLoc;BikeAge;NumBikesTo;RdConfig;NumLanes;NumBikesAI;DrvrAlcDrg;OnRoad;RdSurface;Towrd_Rd;RdFeature;CrashGrp;RdClass;BikeInjury;County;DrvrAge;Weather;FrmRd;DrvrEstSpd;SpeedLimit;CrashYear;LightCond;DrvrAgeGrp
35.9874911123, -78.9646527188;"{""type"": ""Point"", ""coordinates"": [-78.96465271876772, 35.98749111225901]}";White;Durham;Travel Lane;2;18;Urban (>70% Developed);Male;Motorcycle;0;#NULL!;0;0;Black;No;0;50-59;Motorist Overtaking - Other / Unknown;None;No;No;Dry;0;Urban;No;18JUN2008;0;18:14;Male;No;Residential;B: Evident Injury;Yes;B: Evident Injury;5799;June;0;Straight - Grade;Piedmont;With Traffic;No Control Present;Wednesday;Intersection;53;0;Two-Way, Not Divided;2 lanes;0;#NULL!;#NULL!;Smooth Asphalt;#NULL!;No Special Feature;Motorist Overtaking Bicyclist;Local Street;B: Evident Injury;Durham;33;Clear;#NULL!;Unknown;30 - 35  MPH;2008;Daylight;30-39
36.0984222473, -75.7231467334;"{""type"": ""Point"", ""coordinates"": [-75.72314673336301, 36.098422247286145]}";White;Kitty Hawk;Multi-use Path;2;12;Mixed (30% To 70% Developed);Male;Passenger Car;0;#NULL!;0;0;White;No;0;11-15;Bicyclist Ride Through - Signalized Intersection;None;Yes;Yes;Dry;0;Rural;No;21MAY2008;0;12:59;Female;No;Commercial;B: Evident Injury;Yes;O: No Injury;5800;May;0;Straight - Level;Coastal;Facing Traffic;Stop And Go Signal;Wednesday;Intersection;15;0;Two-Way, Not Divided;3 lanes;0;#NULL!;#NULL!;Coarse Asphalt;#NULL!;Four-Way Intersection;Bicyclist Failed to Yield - Signalized Intersection;Local Street;B: Evident Injury;Dare;64;Clear;#NULL!;0-5 mph;30 - 35  MPH;2008;Daylight;60-69
36.0370320874, -79.933398014;"{""type"": ""Point"", ""coordinates"": [-79.93339801398555, 36.037032087446526]}";White;High Point;Travel Lane;2;7;Urban (>70% Developed);Female;Passenger Car;0;#NULL!;0;0;White;No;0;60-69;Head-On - Bicyclist;None;No;No;Dry;0;Urban;No;22MAY2008;0;7:37;Female;No;Residential;B: Evident Injury;Yes;O: No Injury;5802;May;0;Straight - Grade;Piedmont;Facing Traffic;Missing;Thursday;Intersection-Related;60;0;Two-Way, Not Divided;2 lanes;0;#NULL!;#NULL!;Smooth Asphalt;#NULL!;No Special Feature;Head-On;Local Street;B: Evident Injury;Guilford;16;Clear;#NULL!;16-20 mph;20 - 25  MPH;2008;Daylight;0-19
35.9527120676, -79.9896630263;"{""type"": ""Point"", ""coordinates"": [-79.98966302625318, 35.952712067567404]}";Black;High Point;Travel Lane;2;19;Mixed (30% To 70% Developed);Male;Passenger Car;0;#NULL!;0;0;Black;No;0;6-10;Bicyclist Ride Through - Sign-Controlled Intersection;None;No;No;Dry;0;Urban;No;25MAY2008;0;19:30;Female;No;Residential;C: Possible Injury;Yes;O: No Injury;5813;May;0;Straight - Level;Piedmont;With Traffic;Stop Sign;Sunday;Intersection;8;0;Two-Way, Not Divided;2 lanes;0;#NULL!;#NULL!;Coarse Asphalt;#NULL!;No Special Feature;Bicyclist Failed to Yield - Sign-Controlled Intersection;Local Street;C: Possible Injury;Guilford;24;Clear;#NULL!;6-10 mph;20 - 25  MPH;2008;Daylight;20-24
35.0855268594, -80.6326781716;"{""type"": ""Point"", ""coordinates"": [-80.63267817158965, 35.08552685940025]}";White;Indian Trail;Sidewalk / Crosswalk / Driveway Crossing;2;19;Urban (>70% Developed);Female;Pickup;0;#NULL!;0;0;White;No;0;16-19;Motorist Left Turn - Opposite Direction;None;No;No;Dry;0;Urban;No;26MAY2008;0;19:06;Male;No;Residential;C: Possible Injury;No;O: No Injury;5814;May;0;Straight - Grade;Piedmont;With Traffic;Double Yellow Line, No Passing Zone;Monday;Intersection;18;0;Two-Way, Not Divided;2 lanes;0;#NULL!;#NULL!;Smooth Asphalt;#NULL!;Four-Way Intersection;Motorist Left Turn / Merge;State Secondary Route;C: Possible Injury;Union;32;Clear;#NULL!;16-20 mph;30 - 35  MPH;2008;Daylight;30-39
35.9484091453, -77.7848383584;"{""type"": ""Point"", ""coordinates"": [-77.78483835840102, 35.94840914527799]}";Black;Rocky Mount;Travel Lane;2;15;Urban (>70% Developed);Female;Passenger Car;0;#NULL!;0;0;Black;No;0;16-19;Bicyclist Ride Through - Sign-Controlled Intersection;None;No;No;Dry;0;Urban;No;30MAY2008;0;15:18;Male;No;Residential;B: Evident Injury;No;O: No Injury;5823;May;0;Straight - Level;Coastal;With Traffic;Stop Sign;Friday;Intersection;16;0;Two-Way, Divided, Unprotected Median;4 lanes;0;#NULL!;#NULL!;Smooth Asphalt;#NULL!;Four-Way Intersection;Bicyclist Failed to Yield - Sign-Controlled Intersection;Local Street;B: Evident Injury;Edgecombe;36;Clear;#NULL!;31-35 mph;30 - 35  MPH;2008;Daylight;30-39
35.5182150323, -78.3724025143;"{""type"": ""Point"", ""coordinates"": [-78.37240251427309, 35.518215032276586]}";White;Smithfield;Travel Lane;2;14;Rural (<30% Developed);Male;Pickup;0;#NULL!;0;0;Unknown/Missing;No;0;40-49;Motorist Overtaking - Other / Unknown;None;No;No;Dry;0;Urban;Yes;31MAY2008;0;14:56;Unknown;Missing;Residential;B: Evident Injury;No;Unknown Injury;5830;May;0;Straight - Level;Coastal;With Traffic;Missing;Saturday;Non-Intersection;45;0;Two-Way, Not Divided;2 lanes;0;#NULL!;#NULL!;Coarse Asphalt;#NULL!;No Special Feature;Motorist Overtaking Bicyclist;NC Route;B: Evident Injury;Johnston;Unknown;Clear;#NULL!;16-20 mph;40 - 45  MPH;2008;Daylight;Unknown
35.642359917, -82.2569236854;"{""type"": ""Point"", ""coordinates"": [-82.25692368536257, 35.642359917010005]}";White;None - Rural Crash;Travel Lane;2;11;Rural (<30% Developed);Male;Sport Utility;0;#NULL!;0;0;Unknown/Missing;No;0;16-19;Motorist Lost Control - Other / Unknown;None;No;No;Sand, Mud, Dirt, Gravel;0;Rural;Yes;01JUL2008;0;11:00;Unknown;Missing;Farms, Woods, Pastures;B: Evident Injury;No;Unknown Injury;5842;July;0;Curve - Grade;Mountains;Facing Traffic;No Control Present;Tuesday;Non-Intersection;17;0;Two-Way, Not Divided;2 lanes;0;#NULL!;#NULL!;Gravel;#NULL!;No Special Feature;Loss of Control / Turning Error;State Secondary Route;B: Evident Injury;Mcdowell;Unknown;Clear;#NULL!;31-35 mph;50 - 55  MPH;2008;Daylight;Unknown
35.9140811065, -78.6818526288;"{""type"": ""Point"", ""coordinates"": [-78.68185262880098, 35.914081106526574]}";White;None - Rural Crash;Travel Lane;2;10;Rural (<30% Developed);Male;Truck/Trailer;0;#NULL!;0;0;White;No;0;60-69;Motorist Left Turn - Same Direction;None;No;No;Dry;0;Rural;No;26JUN2008;0;10:08;Male;No;Residential;B: Evident Injury;No;O: No Injury;5846;June;0;Straight - Level;Piedmont;With Traffic;Stop And Go Signal;Thursday;Intersection;67;0;Two-Way, Divided, Unprotected Median;4 lanes;0;#NULL!;#NULL!;Coarse Asphalt;#NULL!;Four-Way Intersection;Motorist Left Turn / Merge;NC Route;B: Evident Injury;Wake;46;Clear;#NULL!;0-5 mph;40 - 45  MPH;2008;Daylight;40-49
35.2161518822, -80.7871932241;"{""type"": ""Point"", ""coordinates"": [-80.7871932240877, 35.216151882242066]}";Black;Charlotte;Sidewalk / Crosswalk / Driveway Crossing;2;9;Urban (>70% Developed);Male;Passenger Car;0;#NULL!;0;0;Black;No;0;30-39;Motorist Drive Out - Sign-Controlled Intersection;None;No;No;Dry;0;Urban;No;11JUL2008;0;9:22;Male;No;Residential;O: No Injury;No;O: No Injury;5862;July;0;Straight - Level;Piedmont;Facing Traffic;No Control Present;Friday;Intersection;30;0;Two-Way, Not Divided;4 lanes;0;#NULL!;#NULL!;Smooth Asphalt;#NULL!;No Special Feature;Motorist Failed to Yield - Sign-Controlled Intersection;Local Street;Unknown Injury;Mecklenburg;41;Cloudy;#NULL!;0-5 mph;30 - 35  MPH;2008;Daylight;40-49
36.0591670972, -79.799842975;"{""type"": ""Point"", ""coordinates"": [-79.79984297496752, 36.059167097213844]}";Black;Greensboro;Non-Roadway;2;9;Urban (>70% Developed);Male;Passenger Car;0;#NULL!;0;0;Black;No;0;11-15;Bicyclist Ride Through - Sign-Controlled Intersection;None;No;No;Dry;0;Urban;No;09JUN2008;0;9:49;Male;No;Residential;A: Disabling Injury;Yes;O: No Injury;5863;June;0;Straight - Level;Piedmont;Not Applicable;Stop Sign;Monday;Intersection;13;0;Two-Way, Not Divided;1 lane;0;#NULL!;#NULL!;Coarse Asphalt;#NULL!;Four-Way Intersection;Bicyclist Failed to Yield - Sign-Controlled Intersection;Local Street;A: Disabling Injury;Guilford;61;Clear;#NULL!;21-25 mph;20 - 25  MPH;2008;Daylight;60-69
35.7909840818, -78.6569226146;"{""type"": ""Point"", ""coordinates"": [-78.65692261455244, 35.790984081811914]}";White;Raleigh;Travel Lane;2;7;Urban (>70% Developed);Male;Van;0;#NULL!;0;0;White;No;0;16-19;Bicyclist Ride Through - Sign-Controlled Intersection;None;No;No;Dry;0;Urban;No;22MAY2008;0;7:43;Female;No;Commercial;B: Evident Injury;Yes;O: No Injury;5868;May;0;Straight - Bottom;Piedmont;With Traffic;Stop Sign;Thursday;Intersection;16;0;Two-Way, Not Divided;2 lanes;0;#NULL!;#NULL!;Grooved Concrete;#NULL!;Four-Way Intersection;Bicyclist Failed to Yield - Sign-Controlled Intersection;Local Street;B: Evident Injury;Wake;61;Clear;#NULL!;21-25 mph;20 - 25  MPH;2008;Daylight;60-69
35.3159329798, -78.6289165813;"{""type"": ""Point"", ""coordinates"": [-78.62891658127904, 35.315932979755445]}";Hispanic;Dunn;Non-Roadway;2;21;Urban (>70% Developed);Male;Passenger Car;0;#NULL!;0;0;White;No;0;20-24;Non-Roadway;None;No;No;Dry;0;Urban;No;19JUN2008;0;21:57;Female;No;Commercial;B: Evident Injury;Yes;O: No Injury;5873;June;0;Straight - Level;Coastal;Not Applicable;No Control Present;Thursday;Non-Roadway;23;0;Two-Way, Not Divided;Unknown;0;#NULL!;#NULL!;Coarse Asphalt;#NULL!;No Special Feature;Non-Roadway;Public Vehicular Area;B: Evident Injury;Harnett;54;Clear;#NULL!;6-10 mph;30 - 35  MPH;2008;Dark - Lighted Roadway;50-59
35.2381808831, -80.8754232523;"{""type"": ""Point"", ""coordinates"": [-80.87542325231259, 35.23818088310737]}";Black;Charlotte;Sidewalk / Crosswalk / Driveway Crossing;2;17;Urban (>70% Developed);Male;Passenger Car;0;#NULL!;0;0;Black;No;0;40-49;Motorist Right Turn - Same Direction;None;No;No;Dry;0;Urban;No;15JUL2008;0;17:43;Female;No;Residential;B: Evident Injury;Yes;O: No Injury;5877;July;0;Straight - Level;Piedmont;With Traffic;No Control Present;Tuesday;Non-Intersection;46;0;Two-Way, Not Divided;2 lanes;0;#NULL!;#NULL!;Smooth Asphalt;#NULL!;Driveway, Public;Motorist Right Turn / Merge;Public Vehicular Area;B: Evident Injury;Mecklenburg;23;Clear;#NULL!;0-5 mph;5 - 15 MPH;2008;Daylight;20-24
35.1308968742, -80.5027331347;"{""type"": ""Point"", ""coordinates"": [-80.50273313467216, 35.13089687423897]}";White;None - Rural Crash;Driveway / Alley;2;8;Rural (<30% Developed);Male;Passenger Car;0;#NULL!;0;0;White;No;0;50-59;Bicyclist Ride Out - Residential Driveway;None;No;No;Dry;0;Rural;No;16JUN2008;0;8:28;Female;No;Farms, Woods, Pastures;B: Evident Injury;No;O: No Injury;5882;June;0;Straight - Level;Piedmont;Not Applicable;No Control Present;Monday;Non-Intersection;58;0;Two-Way, Not Divided;2 lanes;0;#NULL!;#NULL!;Smooth Asphalt;#NULL!;Driveway, Private;Bicyclist Failed to Yield - Midblock;State Secondary Route;B: Evident Injury;Union;44;Clear;#NULL!;0-5 mph;50 - 55  MPH;2008;Daylight;40-49
34.6204898166, -78.9811226525;"{""type"": ""Point"", ""coordinates"": [-78.98112265247569, 34.620489816648046]}";Black;Lumberton;Travel Lane;2;18;Urban (>70% Developed);Male;Passenger Car;0;#NULL!;0;0;White;No;0;50-59;Bicyclist Left Turn - Same Direction;None;No;No;Dry;0;Urban;No;19JUN2008;0;18:01;Female;No;Commercial;B: Evident Injury;No;O: No Injury;5888;June;0;Straight - Level;Coastal;With Traffic;No Control Present;Thursday;Non-Intersection;51;0;Two-Way, Not Divided;5 lanes;0;#NULL!;#NULL!;Smooth Asphalt;#NULL!;No Special Feature;Bicyclist Left Turn / Merge;NC Route;B: Evident Injury;Robeson;36;Clear;#NULL!;41-45 mph;40 - 45  MPH;2008;Daylight;30-39
35.8452220778, -79.0903127495;"{""type"": ""Point"", ""coordinates"": [-79.09031274951568, 35.84522207781904]}";White;None - Rural Crash;Non-Roadway;2;17;Rural (<30% Developed);Male;Van;0;#NULL!;0;0;White;No;0;16-19;Non-Roadway;None;No;No;Dry;0;Rural;No;17JUL2008;0;17:35;Female;No;Commercial;O: No Injury;No;O: No Injury;5891;July;0;Straight - Level;Piedmont;Not Applicable;No Control Present;Thursday;Non-Roadway;18;0;Two-Way, Not Divided;Unknown;0;#NULL!;#NULL!;Smooth Asphalt;#NULL!;No Special Feature;Non-Roadway;Public Vehicular Area;O: No Injury;Chatham;36;Clear;#NULL!;11-15 mph;5 - 15 MPH;2008;Daylight;30-39
35.7881540811, -78.6342926077;"{""type"": ""Point"", ""coordinates"": [-78.63429260769792, 35.78815408114118]}";Black;Raleigh;Sidewalk / Crosswalk / Driveway Crossing;2;11;Urban (>70% Developed);Male;Sport Utility;0;#NULL!;0;0;White;No;0;40-49;Motorist Drive Out - Sign-Controlled Intersection;None;No;No;Dry;0;Urban;No;30JUN2008;0;11:18;Female;No;Commercial;O: No Injury;No;O: No Injury;5893;June;0;Straight - Level;Piedmont;Facing Traffic;Stop Sign;Monday;Intersection;47;0;Two-Way, Not Divided;2 lanes;0;#NULL!;#NULL!;Coarse Asphalt;#NULL!;T-Intersection;Motorist Failed to Yield - Sign-Controlled Intersection;Local Street;O: No Injury;Wake;20;Clear;#NULL!;26-30 mph;30 - 35  MPH;2008;Daylight;20-24
35.0454439112, -78.9242826564;"{""type"": ""Point"", ""coordinates"": [-78.92428265643485, 35.04544391124309]}";Black;Fayetteville;Sidewalk / Crosswalk / Driveway Crossing;2;14;Urban (>70% Developed);Male;Pickup;0;#NULL!;0;0;White;No;0;50-59;Motorist Drive Out - Sign-Controlled Intersection;None;No;No;Dry;0;Urban;No;23JUN2008;0;14:40;Male;No;Commercial;C: Possible Injury;Yes;O: No Injury;5902;June;0;Straight - Level;Coastal;Facing Traffic;Stop And Go Signal;Monday;Intersection;55;0;Two-Way, Not Divided;3 lanes;0;#NULL!;#NULL!;Smooth Asphalt;#NULL!;T-Intersection;Motorist Failed to Yield - Sign-Controlled Intersection;Local Street;C: Possible Injury;Cumberland;41;Clear;#NULL!;0-5 mph;30 - 35  MPH;2008;Daylight;40-49
34.7318598959, -77.3495621648;"{""type"": ""Point"", ""coordinates"": [-77.34956216484275, 34.73185989586577]}";White;Jacksonville;Travel Lane;3;23;Urban (>70% Developed);Male;Passenger Car;0;#NULL!;0;0;Hispanic;No;0;16-19;Motorist Overtaking - Undetected Bicyclist;None;Yes;No;Dry;0;Urban;Yes;21JUN2008;0;23:32;Male;Yes;Commercial;K: Killed;Yes;O: No Injury;5903;June;0;Straight - Level;Coastal;With Traffic;No Control Present;Saturday;Non-Intersection;18;0;Two-Way, Divided, Positive Median Barrier;6 lanes;0;#NULL!;#NULL!;Coarse Asphalt;#NULL!;Bridge Approach;Motorist Overtaking Bicyclist;NC Route;K: Killed;Onslow;23;Clear;#NULL!;56-60 mph;50 - 55  MPH;2008;Dark - Roadway Not Lighted;20-24
35.093336921, -78.9549726691;"{""type"": ""Point"", ""coordinates"": [-78.95497266907256, 35.093336920992165]}";Black;Fayetteville;Travel Lane;2;22;Urban (>70% Developed);Male;Sport Utility;0;#NULL!;0;0;Black;No;0;50-59;Bicyclist Failed to Clear - Trapped;None;Yes;Yes;Wet;0;Urban;No;06JUL2008;0;22:07;Female;No;Commercial;B: Evident Injury;Yes;O: No Injury;5907;July;0;Straight - Level;Coastal;Facing Traffic;Stop And Go Signal;Sunday;Intersection;50;0;Two-Way, Divided, Positive Median Barrier;7 lanes;0;#NULL!;#NULL!;Coarse Asphalt;#NULL!;Four-Way Intersection;Bicyclist Failed to Yield - Signalized Intersection;Local Street;B: Evident Injury;Cumberland;29;Rain;#NULL!;11-15 mph;40 - 45  MPH;2008;Dark - Lighted Roadway;25-29
35.2701068785, -81.1849333462;"{""type"": ""Point"", ""coordinates"": [-81.18493334621637, 35.27010687849095]}";Black;None - Rural Crash;Driveway / Alley;2;17;Urban (>70% Developed);Female;Pickup;0;#NULL!;0;0;White;No;0;6-10;Bicyclist Ride Out - Commercial Driveway / Alley;None;No;No;Dry;0;Rural;No;26JUN2008;0;17:37;Male;No;Residential;C: Possible Injury;Yes;O: No Injury;5909;June;0;Straight - Level;Piedmont;Not Applicable;No Control Present;Thursday;Non-Intersection;7;0;Two-Way, Not Divided;2 lanes;0;#NULL!;#NULL!;Smooth Asphalt;#NULL!;Driveway, Public;Bicyclist Failed to Yield - Midblock;Local Street;C: Possible Injury;Gaston;16;Cloudy;#NULL!;0-5 mph;20 - 25  MPH;2008;Daylight;0-19
36.0783800951, -79.9710730271;"{""type"": ""Point"", ""coordinates"": [-79.97107302713525, 36.078380095144425]}";White;None - Rural Crash;Travel Lane;2;11;Urban (>70% Developed);Female;Passenger Car;0;#NULL!;0;0;White;No;0;40-49;Motorist Drive Out - Sign-Controlled Intersection;None;No;No;Dry;0;Rural;No;30JUN2008;0;11:35;Male;No;Commercial;C: Possible Injury;No;O: No Injury;5917;June;0;Straight - Grade;Piedmont;With Traffic;Stop Sign;Monday;Intersection;45;0;Two-Way, Divided, Unprotected Median;4 lanes;0;#NULL!;#NULL!;Smooth Asphalt;#NULL!;Four-Way Intersection;Motorist Failed to Yield - Sign-Controlled Intersection;Local Street;C: Possible Injury;Guilford;39;Clear;#NULL!;11-15 mph;30 - 35  MPH;2008;Daylight;30-39
35.1141168637, -80.6848781887;"{""type"": ""Point"", ""coordinates"": [-80.68487818870344, 35.114116863698264]}";White;Matthews;Travel Lane;2;18;Mixed (30% To 70% Developed);Male;Passenger Car;0;#NULL!;0;0;White;No;0;40-49;Motorist Left Turn - Opposite Direction;None;No;No;Dry;0;Urban;No;30JUN2008;0;18:58;Male;No;Residential;B: Evident Injury;Yes;O: No Injury;5918;June;0;Straight - Level;Piedmont;With Traffic;No Control Present;Monday;Non-Intersection;41;0;Two-Way, Not Divided;3 lanes;0;#NULL!;#NULL!;Smooth Asphalt;#NULL!;T-Intersection;Motorist Left Turn / Merge;Local Street;B: Evident Injury;Mecklenburg;19;Clear;#NULL!;0-5 mph;30 - 35  MPH;2008;Daylight;0-19
35.2652468771, -81.1976733494;"{""type"": ""Point"", ""coordinates"": [-81.19767334938325, 35.265246877122415]}";Black;Gastonia;Sidewalk / Crosswalk / Driveway Crossing;2;8;Urban (>70% Developed);Male;Passenger Car;0;#NULL!;0;0;Black;No;0;40-49;Motorist Drive Out - Signalized Intersection;None;No;No;Dry;0;Urban;No;27JUN2008;0;8:32;Female;No;Commercial;C: Possible Injury;Yes;O: No Injury;5925;June;0;Straight - Level;Piedmont;Facing Traffic;Stop And Go Signal;Friday;Intersection;46;0;Two-Way, Not Divided;2 lanes;0;#NULL!;#NULL!;Smooth Asphalt;#NULL!;Four-Way Intersection;Motorist Failed to Yield - Signalized Intersection;Local Street;C: Possible Injury;Gaston;30;Clear;#NULL!;Unknown;30 - 35  MPH;2008;Daylight;30-39
35.7370870282, -79.8081769595;"{""type"": ""Point"", ""coordinates"": [-79.80817695954474, 35.73708702824707]}";Black;Asheboro;Travel Lane;2;20;Urban (>70% Developed);Male;Sport Utility;0;#NULL!;0;0;Black;No;0;50-59;Signalized Intersection - Other / Unknown;None;Yes;Yes;Dry;0;Urban;No;03JUL2008;0;20:57;Female;No;Commercial;B: Evident Injury;Yes;O: No Injury;5929;July;0;Straight - Level;Piedmont;With Traffic;Stop And Go Signal;Thursday;Intersection;53;0;Two-Way, Divided, Unprotected Median;6 lanes;0;#NULL!;#NULL!;Smooth Asphalt;#NULL!;Four-Way Intersection;Crossing Paths - Other Circumstances;US Route;B: Evident Injury;Randolph;43;Clear;#NULL!;11-15 mph;30 - 35  MPH;2008;Dark - Lighted Roadway;40-49
35.0270169072, -78.9288726576;"{""type"": ""Point"", ""coordinates"": [-78.92887265755407, 35.027016907190934]}";Black;Fayetteville;Travel Lane;2;22;Urban (>70% Developed);Male;Unknown;0;#NULL!;0;0;Unknown/Missing;No;0;40-49;Motorist Overtaking - Other / Unknown;None;No;No;Dry;0;Urban;Yes;02AUG2010;0;22:45;Unknown;Missing;Commercial;C: Possible Injury;No;Unknown Injury;4191;August;0;Straight - Level;Coastal;With Traffic;No Control Present;Monday;Non-Intersection;41;0;Two-Way, Divided, Unprotected Median;3 lanes;0;#NULL!;#NULL!;Coarse Asphalt;#NULL!;No Special Feature;Motorist Overtaking Bicyclist;Local Street;C: Possible Injury;Cumberland;Unknown;Clear;#NULL!;21-25 mph;20 - 25  MPH;2010;Dark - Lighted Roadway;Unknown
36.0907011016, -79.8555329934;"{""type"": ""Point"", ""coordinates"": [-79.85553299335572, 36.09070110155699]}";White;Greensboro;Sidewalk / Crosswalk / Driveway Crossing;2;10;Urban (>70% Developed);Male;Passenger Car;0;#NULL!;0;0;White;No;0;30-39;Motorist Drive Out - Residential Driveway;None;No;No;Dry;0;Urban;No;02AUG2010;0;10:00;Female;No;Residential;B: Evident Injury;No;O: No Injury;4192;August;0;Straight - Level;Piedmont;Facing Traffic;No Control Present;Monday;Non-Intersection;36;0;Two-Way, Divided, Unprotected Median;4 lanes;0;#NULL!;#NULL!;Concrete;#NULL!;Driveway, Private;Motorist Failed to Yield - Midblock;Private Road, Driveway;B: Evident Injury;Guilford;70+;Cloudy;#NULL!;6-10 mph;Unknown;2010;Daylight;70+
36.0703500845, -80.2192871013;"{""type"": ""Point"", ""coordinates"": [-80.21928710134729, 36.07035008447976]}";Hispanic;Winston-Salem;Travel Lane;2;19;Urban (>70% Developed);Male;Unknown;0;#NULL!;0;0;Unknown/Missing;No;0;16-19;Motorist Intentionally Caused;None;No;No;Dry;0;Urban;Yes;26JUL2010;0;19:18;Unknown;No;Residential;B: Evident Injury;Yes;Unknown Injury;4194;July;0;Straight - Level;Piedmont;Facing Traffic;No Control Present;Monday;Intersection-Related;19;0;Two-Way, Not Divided;2 lanes;0;#NULL!;#NULL!;Smooth Asphalt;#NULL!;No Special Feature;Other / Unusual Circumstances;Local Street;B: Evident Injury;Forsyth;Unknown;Clear;#NULL!;11-15 mph;20 - 25  MPH;2010;Daylight;Unknown
36.011237064, -80.4211731591;"{""type"": ""Point"", ""coordinates"": [-80.42117315906681, 36.011237063963804]}";White;Bermuda Run;Travel Lane;2;13;Urban (>70% Developed);Male;Passenger Car;0;#NULL!;0;0;Unknown/Missing;No;0;11-15;Motorist Overtaking - Other / Unknown;None;No;No;Dry;0;Rural;Yes;01JUL2010;0;13:29;Unknown;No;Residential;C: Possible Injury;No;Unknown Injury;4203;July;0;Straight - Level;Piedmont;With Traffic;No Control Present;Thursday;Non-Intersection;11;0;Two-Way, Not Divided;2 lanes;0;#NULL!;#NULL!;Coarse Asphalt;#NULL!;No Special Feature;Motorist Overtaking Bicyclist;Local Street;C: Possible Injury;Davie;Unknown;Clear;#NULL!;31-35 mph;30 - 35  MPH;2010;Daylight;Unknown
35.5552769654, -80.4865331535;"{""type"": ""Point"", ""coordinates"": [-80.48653315354312, 35.55527696544287]}";White;None - Rural Crash;Unknown;2;19;Rural (<30% Developed);Male;Passenger Car;0;#NULL!;0;0;White;No;0;6-10;Backing Vehicle;None;No;No;Dry;0;Rural;No;12AUG2010;0;19:52;Female;No;Residential;C: Possible Injury;Yes;O: No Injury;4204;August;0;Straight - Grade;Piedmont;Unknown;No Control Present;Thursday;Non-Intersection;6;0;Two-Way, Not Divided;2 lanes;0;#NULL!;#NULL!;Smooth Asphalt;#NULL!;Driveway, Private;Backing Vehicle;Local Street;C: Possible Injury;Rowan;53;Clear;#NULL!;0-5 mph;20 - 25  MPH;2010;Dusk;50-59
33.912106689, -78.1059823553;"{""type"": ""Point"", ""coordinates"": [-78.10598235529262, 33.91210668898132]}";White;Oak Island;Travel Lane;2;11;Urban (>70% Developed);Female;Van;0;#NULL!;0;0;White;No;0;40-49;Motorist Drive Out - Signalized Intersection;None;No;No;Dry;0;Urban;No;28JUL2010;0;11:30;Male;No;Commercial;C: Possible Injury;No;O: No Injury;4205;July;0;Straight - Level;Coastal;Facing Traffic;Stop And Go Signal;Wednesday;Intersection;49;0;Two-Way, Not Divided;3 lanes;0;#NULL!;#NULL!;Smooth Asphalt;#NULL!;Four-Way Intersection;Motorist Failed to Yield - Signalized Intersection;Local Street;C: Possible Injury;Brunswick;70+;Clear;#NULL!;0-5 mph;30 - 35  MPH;2010;Daylight;70+
35.3423069096, -80.7688132263;"{""type"": ""Point"", ""coordinates"": [-80.76881322629839, 35.342306909601994]}";Black;Charlotte;Sidewalk / Crosswalk / Driveway Crossing;2;15;Urban (>70% Developed);Male;Unknown;0;#NULL!;0;0;Unknown/Missing;No;0;16-19;Motorist Drive Out - Sign-Controlled Intersection;None;No;No;Dry;0;Urban;Yes;04AUG2010;0;15:18;Unknown;Missing;Commercial;O: No Injury;No;Unknown Injury;4207;August;0;Straight - Level;Piedmont;Facing Traffic;Stop Sign;Wednesday;Intersection;19;0;Two-Way, Divided, Unprotected Median;2 lanes;0;#NULL!;#NULL!;Concrete;#NULL!;Four-Way Intersection;Motorist Failed to Yield - Sign-Controlled Intersection;Local Street;O: No Injury;Mecklenburg;Unknown;Clear;#NULL!;6-10 mph;5 - 15 MPH;2010;Daylight;Unknown
35.2282098824, -80.8392832403;"{""type"": ""Point"", ""coordinates"": [-80.83928324033914, 35.22820988240414]}";White;Charlotte;Bike Lane / Paved Shoulder;2;23;Urban (>70% Developed);Male;Passenger Car;0;#NULL!;0;0;White;No;0;25-29;Motorist Left Turn - Same Direction;None;No;No;Dry;0;Urban;No;05AUG2010;0;23:56;Female;No;Commercial;B: Evident Injury;No;O: No Injury;4208;August;0;Straight - Level;Piedmont;With Traffic;Other;Thursday;Non-Intersection;25;0;One-Way, Not Divided;3 lanes;0;#NULL!;#NULL!;Smooth Asphalt;#NULL!;No Special Feature;Motorist Left Turn / Merge;Local Street;B: Evident Injury;Mecklenburg;22;Clear;#NULL!;21-25 mph;30 - 35  MPH;2010;Dark - Lighted Roadway;20-24
35.7857850796, -78.672152619;"{""type"": ""Point"", ""coordinates"": [-78.672152619009, 35.785785079646104]}";White;Raleigh;Non-Roadway;2;12;Urban (>70% Developed);Male;Sport Utility;0;#NULL!;0;0;White;No;0;20-24;Non-Roadway;None;No;No;Dry;0;Urban;No;30JUL2010;0;12:16;Female;No;Institutional;B: Evident Injury;Yes;O: No Injury;4227;July;0;Straight - Level;Piedmont;Not Applicable;No Control Present;Friday;Non-Roadway;23;0;Two-Way, Divided, Unprotected Median;2 lanes;0;#NULL!;#NULL!;Smooth Asphalt;#NULL!;No Special Feature;Non-Roadway;Local Street;B: Evident Injury;Wake;42;Clear;#NULL!;0-5 mph;20 - 25  MPH;2010;Daylight;40-49