Geo Point;Geo Shape;BikeRace;City;BikePos;NumUnits;CrashHour;Locality;BikeSex;DrvrVehTyp;NumBikesNo;BikeAlcDrg;NumBikesBI;RteInvdCd;DrvrRace;Workzone;NumBikesCi;BikeAgeGrp;CrashType;RdDefects;CrashAlcoh;BikeAlcoho;RdConditio;DstncMiFrm;RuralUrban;HitRun;CrashDate;NumBikesUI;CrashTime;DrvrSex;DrvrAlcoho;Developmen;CrashSevr;AmbulanceR;DrvrInjury;OBJECTID;CrashMonth;NumBikesKi;RdCharacte;Region;BikeDir;TraffCntrl;CrashDay;CrashLoc;BikeAge;NumBikesTo;RdConfig;NumLanes;NumBikesAI;DrvrAlcDrg;OnRoad;RdSurface;Towrd_Rd;RdFeature;CrashGrp;RdClass;BikeInjury;County;DrvrAge;Weather;FrmRd;DrvrEstSpd;SpeedLimit;CrashYear;LightCond;DrvrAgeGrp
35.2236628814, -80.853863245;"{""type"": ""Point"", ""coordinates"": [-80.85386324495963, 35.22366288137367]}";Unknown/Missing;Charlotte;Travel Lane;2;13;Urban (>70% Developed);Male;Sport Utility;0;#NULL!;0;0;Other;No;0;25-29;Motorist Left Turn - Opposite Direction;None;No;No;Dry;0;Urban;No;07AUG2010;0;13:24;Male;No;Commercial;B: Evident Injury;Yes;O: No Injury;4229;August;0;Straight - Level;Piedmont;With Traffic;Stop And Go Signal;Saturday;Intersection;28;0;Two-Way, Not Divided;5 lanes;0;#NULL!;#NULL!;Concrete;#NULL!;No Special Feature;Motorist Left Turn / Merge;Local Street;B: Evident Injury;Mecklenburg;43;Clear;#NULL!;6-10 mph;30 - 35  MPH;2010;Daylight;40-49
35.8549800977, -78.5859175967;"{""type"": ""Point"", ""coordinates"": [-78.58591759665187, 35.85498009771124]}";Hispanic;Raleigh;Sidewalk / Crosswalk / Driveway Crossing;2;14;Urban (>70% Developed);Male;Passenger Car;0;#NULL!;0;0;White;No;0;40-49;Motorist Drive Out - Signalized Intersection;None;No;No;Dry;0;Urban;No;03AUG2010;0;14:10;Female;No;Commercial;C: Possible Injury;Yes;O: No Injury;4236;August;0;Straight - Level;Piedmont;Facing Traffic;Stop And Go Signal;Tuesday;Intersection;46;0;Two-Way, Divided, Unprotected Median;2 lanes;0;#NULL!;#NULL!;Coarse Asphalt;#NULL!;T-Intersection;Motorist Failed to Yield - Signalized Intersection;Local Street;C: Possible Injury;Wake;26;Clear;#NULL!;Unknown;40 - 45  MPH;2010;Daylight;25-29
35.771705077, -78.6527626127;"{""type"": ""Point"", ""coordinates"": [-78.65276261266304, 35.77170507695089]}";White;None - Rural Crash;Travel Lane;2;9;Urban (>70% Developed);Male;Light Truck (Mini-Van, Panel);0;#NULL!;0;0;White;No;0;40-49;Motorist Lost Control - Other / Unknown;None;No;No;Dry;0;Rural;No;16AUG2010;0;9:45;Male;No;Commercial;B: Evident Injury;No;O: No Injury;4250;August;0;Curve - Hillcrest;Piedmont;With Traffic;Stop And Go Signal;Monday;Intersection-Related;40;0;Two-Way, Not Divided;Unknown;0;#NULL!;#NULL!;Smooth Asphalt;#NULL!;No Special Feature;Loss of Control / Turning Error;Local Street;B: Evident Injury;Wake;39;Clear;#NULL!;26-30 mph;20 - 25  MPH;2010;Daylight;30-39
35.7235639687, -81.3385334171;"{""type"": ""Point"", ""coordinates"": [-81.338533417069, 35.72356396865809]}";Black;Hickory;Travel Lane;2;18;Urban (>70% Developed);Male;Sport Utility;0;#NULL!;0;0;Black;No;0;20-24;Signalized Intersection - Other / Unknown;None;No;No;Dry;0;Urban;No;18AUG2010;0;18:58;Male;No;Residential;C: Possible Injury;Yes;O: No Injury;4253;August;0;Straight - Grade;Piedmont;With Traffic;Stop And Go Signal;Wednesday;Intersection;20;0;Two-Way, Not Divided;2 lanes;0;#NULL!;#NULL!;Coarse Asphalt;#NULL!;Four-Way Intersection;Crossing Paths - Other Circumstances;Local Street;C: Possible Injury;Catawba;49;Cloudy;#NULL!;16-20 mph;20 - 25  MPH;2010;Daylight;40-49
35.1560769198, -79.3571027932;"{""type"": ""Point"", ""coordinates"": [-79.35710279323918, 35.15607691982435]}";White;None - Rural Crash;Travel Lane;2;19;Rural (<30% Developed);Male;Sport Utility;0;#NULL!;0;0;White;No;0;50-59;Motorist Overtaking - Other / Unknown;None;No;No;Dry;0;Rural;No;25AUG2010;0;19:25;Female;No;Farms, Woods, Pastures;A: Disabling Injury;Yes;O: No Injury;4260;August;0;Curve - Level;Piedmont;With Traffic;Double Yellow Line, No Passing Zone;Wednesday;Non-Intersection;59;0;Two-Way, Not Divided;2 lanes;0;#NULL!;#NULL!;Smooth Asphalt;#NULL!;No Special Feature;Motorist Overtaking Bicyclist;State Secondary Route;A: Disabling Injury;Moore;53;Clear;#NULL!;41-45 mph;40 - 45  MPH;2010;Daylight;50-59
35.2163500564, -75.6711716747;"{""type"": ""Point"", ""coordinates"": [-75.67117167471436, 35.21635005641125]}";White;None - Rural Crash;Travel Lane;2;11;Rural (<30% Developed);Male;Passenger Car;0;#NULL!;0;0;White;No;0;16-19;Bicyclist Left Turn - Opposite Direction;None;No;No;Dry;0;Rural;No;27AUG2010;0;11:50;Male;No;Residential;O: No Injury;No;O: No Injury;4262;August;0;Curve - Level;Coastal;With Traffic;Double Yellow Line, No Passing Zone;Friday;Intersection-Related;16;0;Two-Way, Not Divided;2 lanes;0;#NULL!;#NULL!;Smooth Asphalt;#NULL!;T-Intersection;Bicyclist Left Turn / Merge;NC Route;O: No Injury;Dare;60;Cloudy;#NULL!;26-30 mph;30 - 35  MPH;2010;Daylight;60-69
35.6071200866, -77.3617272117;"{""type"": ""Point"", ""coordinates"": [-77.36172721170207, 35.607120086587216]}";White;Greenville;Bike Lane / Paved Shoulder;2;3;Urban (>70% Developed);Male;Police;0;#NULL!;0;0;Unknown/Missing;No;0;25-29;Bicyclist Overtaking - Parked Vehicle;None;Yes;Yes;Dry;0;Urban;No;17AUG2010;0;3:00;Unknown;Missing;Residential;O: No Injury;No;Unknown Injury;4271;August;0;Straight - Level;Coastal;With Traffic;No Control Present;Tuesday;Non-Intersection;25;0;Two-Way, Divided, Unprotected Median;2 lanes;0;#NULL!;#NULL!;Smooth Asphalt;#NULL!;No Special Feature;Bicyclist Overtaking Motorist;Local Street;O: No Injury;Pitt;Unknown;Clear;#NULL!;Unknown;20 - 25  MPH;2010;Dark - Lighted Roadway;Unknown
35.1685369208, -79.4071528087;"{""type"": ""Point"", ""coordinates"": [-79.40715280871105, 35.168536920831144]}";Black;Southern Pines;Travel Lane;2;12;Urban (>70% Developed);Male;Passenger Car;0;#NULL!;0;0;Black;No;0;16-19;Motorist Overtaking - Misjudged Space;None;No;No;Dry;0;Urban;No;13AUG2010;0;12:46;Female;No;Commercial;C: Possible Injury;Yes;O: No Injury;4277;August;0;Straight - Level;Piedmont;With Traffic;No Control Present;Friday;Non-Intersection;18;0;Two-Way, Not Divided;2 lanes;0;#NULL!;#NULL!;Smooth Asphalt;#NULL!;No Special Feature;Motorist Overtaking Bicyclist;Local Street;C: Possible Injury;Moore;20;Clear;#NULL!;16-20 mph;30 - 35  MPH;2010;Daylight;20-24
35.5918570818, -77.3920772197;"{""type"": ""Point"", ""coordinates"": [-77.39207721969238, 35.59185708181275]}";Black;Greenville;Sidewalk / Crosswalk / Driveway Crossing;2;12;Urban (>70% Developed);Male;Passenger Car;0;#NULL!;0;0;Black;No;0;40-49;Bicyclist Ride Out - Parallel Path;None;No;Missing;Dry;0;Urban;No;04MAY2010;0;12:39;Female;No;Residential;C: Possible Injury;No;O: No Injury;4278;May;0;Straight - Level;Coastal;With Traffic;No Control Present;Tuesday;Non-Intersection;49;0;Two-Way, Not Divided;5 lanes;0;#NULL!;#NULL!;Smooth Asphalt;#NULL!;No Special Feature;Parallel Paths - Other Circumstances;State Secondary Route;C: Possible Injury;Pitt;49;Cloudy;#NULL!;31-35 mph;30 - 35  MPH;2010;Daylight;40-49
35.5675270834, -77.1998161599;"{""type"": ""Point"", ""coordinates"": [-77.19981615991303, 35.5675270833976]}";White;Grimesland;Bike Lane / Paved Shoulder;2;8;Mixed (30% To 70% Developed);Male;Passenger Car;0;#NULL!;0;0;White;No;0;25-29;Bicyclist Ride Out - Parallel Path;None;No;No;Dry;0;Rural;No;01SEP2010;0;8:02;Male;No;Residential;B: Evident Injury;Yes;O: No Injury;4285;September;0;Straight - Level;Coastal;With Traffic;Double Yellow Line, No Passing Zone;Wednesday;Non-Intersection;29;0;Two-Way, Not Divided;2 lanes;0;#NULL!;#NULL!;Smooth Asphalt;#NULL!;No Special Feature;Parallel Paths - Other Circumstances;NC Route;B: Evident Injury;Pitt;36;Clear;#NULL!;56-60 mph;30 - 35  MPH;2010;Daylight;30-39
35.2268748842, -80.7763332221;"{""type"": ""Point"", ""coordinates"": [-80.77633322214687, 35.22687488422727]}";Hispanic;Charlotte;Travel Lane;2;10;Urban (>70% Developed);Male;Passenger Car;0;#NULL!;0;0;White;No;0;16-19;Sign-Controlled Intersection - Other / Unknown;None;No;No;Dry;0;Urban;No;29AUG2010;0;10:44;Female;No;Residential;C: Possible Injury;Yes;O: No Injury;4289;August;0;Straight - Level;Piedmont;Facing Traffic;Stop Sign;Sunday;Intersection;16;0;Two-Way, Not Divided;2 lanes;0;#NULL!;#NULL!;Smooth Asphalt;#NULL!;No Special Feature;Crossing Paths - Other Circumstances;Local Street;C: Possible Injury;Mecklenburg;25;Clear;#NULL!;16-20 mph;20 - 25  MPH;2010;Daylight;25-29
36.0637320973, -79.8238479827;"{""type"": ""Point"", ""coordinates"": [-79.82384798272797, 36.063732097349764]}";White;Greensboro;Travel Lane;2;17;Urban (>70% Developed);Female;Passenger Car;0;#NULL!;0;0;White;No;0;20-24;Motorist Right Turn - Same Direction;None;No;No;Dry;0;Urban;No;23AUG2010;0;17:02;Female;No;Commercial;C: Possible Injury;Yes;O: No Injury;4290;August;0;Straight - Level;Piedmont;With Traffic;Stop And Go Signal;Monday;Intersection;24;0;Two-Way, Not Divided;Unknown;0;#NULL!;#NULL!;Smooth Asphalt;#NULL!;Four-Way Intersection;Motorist Right Turn / Merge;Local Street;C: Possible Injury;Guilford;25;Clear;#NULL!;11-15 mph;30 - 35  MPH;2010;Daylight;25-29
35.7017240572, -78.7969126525;"{""type"": ""Point"", ""coordinates"": [-78.79691265251762, 35.70172405724913]}";White;Cary;Travel Lane;2;18;Urban (>70% Developed);Male;Motorcycle;0;#NULL!;0;0;White;No;0;6-10;Non-Roadway;None;No;No;Dry;0;Urban;No;02SEP2010;0;18:30;Male;No;Residential;C: Possible Injury;No;O: No Injury;4292;September;0;Straight - Level;Piedmont;Not Applicable;No Control Present;Thursday;Non-Roadway;8;0;Two-Way, Not Divided;2 lanes;0;#NULL!;#NULL!;Smooth Asphalt;#NULL!;Driveway, Public;Non-Roadway;Local Street;C: Possible Injury;Wake;31;Clear;#NULL!;0-5 mph;20 - 25  MPH;2010;Daylight;30-39
35.7320130948, -77.8952723807;"{""type"": ""Point"", ""coordinates"": [-77.89527238066478, 35.732013094848945]}";Black;Wilson;Non-Roadway;2;17;Urban (>70% Developed);Male;Passenger Car;0;#NULL!;0;0;Black;No;0;11-15;Bicyclist Lost Control - Mechanical Problems;None;No;No;Dry;0;Urban;No;25AUG2010;0;17:30;Male;No;Residential;O: No Injury;No;O: No Injury;4297;August;0;Straight - Level;Coastal;Not Applicable;No Control Present;Wednesday;Intersection-Related;11;0;Two-Way, Not Divided;2 lanes;0;#NULL!;#NULL!;Coarse Asphalt;#NULL!;No Special Feature;Loss of Control / Turning Error;Local Street;O: No Injury;Wilson;56;Cloudy;#NULL!;26-30 mph;30 - 35  MPH;2010;Daylight;50-59
35.2460968556, -81.6654334874;"{""type"": ""Point"", ""coordinates"": [-81.66543348740268, 35.24609685558892]}";White;Boiling Springs;Non-Roadway;2;15;Mixed (30% To 70% Developed);Male;Pickup;0;#NULL!;0;0;White;No;0;11-15;Non-Roadway;None;No;No;Dry;0;Rural;No;07AUG2010;0;15:40;Male;No;Commercial;O: No Injury;No;O: No Injury;4301;August;0;Straight - Grade;Mountains;Not Applicable;No Control Present;Saturday;Non-Roadway;15;0;One-Way, Not Divided;Unknown;0;#NULL!;#NULL!;Concrete;#NULL!;No Special Feature;Non-Roadway;Private Road, Driveway;O: No Injury;Cleveland;49;Clear;#NULL!;0-5 mph;5 - 15 MPH;2010;Daylight;40-49
35.9126920935, -79.0489927399;"{""type"": ""Point"", ""coordinates"": [-79.04899273988224, 35.912692093451746]}";White;Chapel Hill;Travel Lane;2;19;Urban (>70% Developed);Male;Sport Utility;0;#NULL!;0;0;White;No;0;16-19;Motorist Left Turn - Opposite Direction;None;No;No;Dry;0;Urban;No;25AUG2010;0;19:25;Male;No;Institutional;B: Evident Injury;No;O: No Injury;4305;August;0;Straight - Grade;Piedmont;With Traffic;No Control Present;Wednesday;Intersection;19;0;Two-Way, Not Divided;2 lanes;0;#NULL!;#NULL!;Smooth Asphalt;#NULL!;No Special Feature;Motorist Left Turn / Merge;Local Street;B: Evident Injury;Orange;21;Clear;#NULL!;0-5 mph;20 - 25  MPH;2010;Daylight;20-24
35.791541077, -78.7813526532;"{""type"": ""Point"", ""coordinates"": [-78.7813526531741, 35.791541077013726]}";Hispanic;Cary;Travel Lane;2;21;Urban (>70% Developed);Male;Passenger Car;0;#NULL!;0;0;White;No;0;25-29;Motorist Overtaking - Other / Unknown;None;Yes;No;Dry;0;Urban;Yes;04SEP2010;0;21:43;Female;Yes;Commercial;A: Disabling Injury;Yes;O: No Injury;4306;September;0;Straight - Level;Piedmont;With Traffic;No Control Present;Saturday;Non-Intersection;26;0;Two-Way, Not Divided;2 lanes;0;#NULL!;#NULL!;Coarse Asphalt;#NULL!;No Special Feature;Motorist Overtaking Bicyclist;State Secondary Route;A: Disabling Injury;Wake;26;Clear;#NULL!;31-35 mph;30 - 35  MPH;2010;Daylight;25-29
36.0705221729, -77.7488423539;"{""type"": ""Point"", ""coordinates"": [-77.74884235386209, 36.070522172868415]}";Black;None - Rural Crash;Travel Lane;2;20;Rural (<30% Developed);Male;Sport Utility;0;#NULL!;0;0;White;No;0;50-59;Motorist Overtaking - Other / Unknown;None;Yes;Yes;Dry;0;Rural;No;08SEP2010;0;20:02;Male;No;Farms, Woods, Pastures;K: Killed;Yes;O: No Injury;4308;September;0;Straight - Level;Coastal;With Traffic;No Control Present;Wednesday;Non-Intersection;53;0;Two-Way, Not Divided;2 lanes;0;#NULL!;#NULL!;Coarse Asphalt;#NULL!;No Special Feature;Motorist Overtaking Bicyclist;US Route;K: Killed;Nash;16;Cloudy;#NULL!;51-55 mph;50 - 55  MPH;2010;Dark - Roadway Not Lighted;0-19
35.0672299169, -78.8891126471;"{""type"": ""Point"", ""coordinates"": [-78.88911264712635, 35.067229916924774]}";White;Fayetteville;Travel Lane;2;21;Mixed (30% To 70% Developed);Male;Unknown;0;#NULL!;0;0;Unknown/Missing;No;0;40-49;Motorist Overtaking - Other / Unknown;None;Yes;Yes;Dry;0;Urban;Yes;01SEP2010;0;21:26;Unknown;Missing;Residential;B: Evident Injury;No;Unknown Injury;4311;September;0;Straight - Level;Coastal;With Traffic;No Control Present;Wednesday;Intersection;48;0;Two-Way, Divided, Unprotected Median;2 lanes;0;#NULL!;#NULL!;Smooth Asphalt;#NULL!;No Special Feature;Motorist Overtaking Bicyclist;Local Street;B: Evident Injury;Cumberland;Unknown;Clear;#NULL!;26-30 mph;30 - 35  MPH;2010;Dark - Lighted Roadway;Unknown
33.8874266731, -78.4363124534;"{""type"": ""Point"", ""coordinates"": [-78.43631245337434, 33.887426673064226]}";White;Ocean Isle Beach;Non-Roadway;2;14;Urban (>70% Developed);Male;Passenger Car;0;#NULL!;0;0;White;No;0;11-15;Non-Roadway;None;Yes;Yes;Dry;0;Rural;No;04SEP2010;0;14:50;Male;No;Commercial;O: No Injury;No;O: No Injury;4315;September;0;Straight - Level;Coastal;Not Applicable;No Control Present;Saturday;Non-Roadway;11;0;Two-Way, Not Divided;Unknown;0;#NULL!;#NULL!;Smooth Asphalt;#NULL!;Driveway, Public;Non-Roadway;Public Vehicular Area;O: No Injury;Brunswick;25;Clear;#NULL!;Unknown;Unknown;2010;Daylight;25-29
36.1004670894, -80.2545631141;"{""type"": ""Point"", ""coordinates"": [-80.25456311412252, 36.10046708944982]}";Black;Winston-Salem;Travel Lane;2;11;Urban (>70% Developed);Male;Passenger Car;0;#NULL!;0;0;White;No;0;20-24;Motorist Right Turn - Same Direction;None;No;No;Dry;0;Urban;No;03SEP2010;0;11:58;Female;No;Residential;B: Evident Injury;Yes;O: No Injury;4318;September;0;Straight - Grade;Piedmont;With Traffic;No Control Present;Friday;Non-Intersection;20;0;Two-Way, Not Divided;3 lanes;0;#NULL!;#NULL!;Coarse Asphalt;#NULL!;No Special Feature;Motorist Right Turn / Merge;Local Street;B: Evident Injury;Forsyth;34;Clear;#NULL!;0-5 mph;30 - 35  MPH;2010;Daylight;30-39
36.0686370837, -80.226977104;"{""type"": ""Point"", ""coordinates"": [-80.22697710397918, 36.068637083658494]}";White;Winston-Salem;Travel Lane;2;11;Urban (>70% Developed);Male;Unknown;0;#NULL!;0;0;Unknown/Missing;No;0;25-29;Motorist Right Turn on Red - Same Direction;None;No;No;Dry;0;Urban;Yes;02SEP2010;0;11:39;Unknown;Missing;Commercial;C: Possible Injury;No;Unknown Injury;4322;September;0;Straight - Level;Piedmont;With Traffic;Stop And Go Signal;Thursday;Intersection;29;0;Two-Way, Not Divided;4 lanes;0;#NULL!;#NULL!;Coarse Asphalt;#NULL!;Four-Way Intersection;Motorist Right Turn / Merge;Local Street;C: Possible Injury;Forsyth;Unknown;Clear;#NULL!;6-10 mph;30 - 35  MPH;2010;Daylight;Unknown
35.9119940927, -79.0589527435;"{""type"": ""Point"", ""coordinates"": [-79.05895274351568, 35.911994092654524]}";White;Chapel Hill;Travel Lane;2;17;Urban (>70% Developed);Male;Passenger Car;0;#NULL!;0;0;White;No;0;50-59;Bicyclist Overtaking - Extended Door;None;No;No;Dry;0;Urban;No;08SEP2010;0;17:39;Female;No;Commercial;C: Possible Injury;No;O: No Injury;4324;September;0;Straight - Level;Piedmont;With Traffic;Double Yellow Line, No Passing Zone;Wednesday;Non-Intersection;53;0;Two-Way, Not Divided;4 lanes;0;#NULL!;#NULL!;Smooth Asphalt;#NULL!;No Special Feature;Bicyclist Overtaking Motorist;Local Street;C: Possible Injury;Orange;42;Cloudy;#NULL!;Unknown;20 - 25  MPH;2010;Daylight;40-49
35.5174019337, -81.1330673444;"{""type"": ""Point"", ""coordinates"": [-81.13306734439456, 35.517401933677064]}";White;None - Rural Crash;Travel Lane;2;16;Mixed (30% To 70% Developed);Male;Passenger Car;0;#NULL!;0;0;Black;No;0;11-15;Bicyclist Left Turn - Same Direction;None;No;No;Dry;0;Rural;No;15AUG2010;0;16:32;Male;No;Residential;B: Evident Injury;Yes;O: No Injury;4325;August;0;Straight - Grade;Piedmont;With Traffic;Double Yellow Line, No Passing Zone;Sunday;Non-Intersection;15;0;Two-Way, Not Divided;2 lanes;0;#NULL!;#NULL!;Smooth Asphalt;#NULL!;No Special Feature;Bicyclist Left Turn / Merge;State Secondary Route;B: Evident Injury;Lincoln;54;Clear;#NULL!;41-45 mph;40 - 45  MPH;2010;Daylight;50-59
35.7531470754, -78.6038625965;"{""type"": ""Point"", ""coordinates"": [-78.60386259654064, 35.75314707536827]}";Hispanic;Raleigh;Travel Lane;2;18;Urban (>70% Developed);Male;Passenger Car;0;#NULL!;0;0;Black;No;0;11-15;Head-On - Unknown;None;No;No;Dry;0;Urban;No;01AUG2010;0;18:22;Female;No;Residential;C: Possible Injury;Yes;O: No Injury;4329;August;0;Straight - Hillcrest;Piedmont;With Traffic;No Control Present;Sunday;Non-Intersection;11;0;Two-Way, Not Divided;2 lanes;0;#NULL!;#NULL!;Smooth Asphalt;#NULL!;No Special Feature;Head-On;Local Street;C: Possible Injury;Wake;40;Clear;#NULL!;6-10 mph;20 - 25  MPH;2010;Daylight;40-49
35.2183218095, -82.735373802;"{""type"": ""Point"", ""coordinates"": [-82.7353738020332, 35.21832180948563]}";White;Brevard;Non-Roadway;2;15;Urban (>70% Developed);Male;Sport Utility;0;#NULL!;0;0;Other;No;0;16-19;Non-Roadway;None;No;No;Dry;0;Urban;No;03SEP2010;0;15:10;Male;No;Institutional;O: No Injury;No;O: No Injury;4331;September;0;Straight - Level;Mountains;Not Applicable;No Control Present;Friday;Non-Roadway;16;0;Two-Way, Not Divided;2 lanes;0;#NULL!;#NULL!;Smooth Asphalt;#NULL!;No Special Feature;Non-Roadway;Public Vehicular Area;O: No Injury;Transylvania;18;Clear;#NULL!;6-10 mph;5 - 15 MPH;2010;Daylight;0-19
35.8754110969, -78.7204226382;"{""type"": ""Point"", ""coordinates"": [-78.72042263824953, 35.87541109685349]}";White;Raleigh;Sidewalk / Crosswalk / Driveway Crossing;2;1;Urban (>70% Developed);Male;Passenger Car;0;#NULL!;0;0;Black;No;0;25-29;Motorist Left Turn - Opposite Direction;None;No;No;Dry;0;Urban;No;21AUG2010;0;1:13;Male;No;Residential;B: Evident Injury;No;O: No Injury;4332;August;0;Straight - Level;Piedmont;With Traffic;Stop Sign;Saturday;Intersection;29;0;Two-Way, Not Divided;2 lanes;0;#NULL!;#NULL!;Coarse Asphalt;#NULL!;No Special Feature;Motorist Left Turn / Merge;Local Street;B: Evident Injury;Wake;24;Clear;#NULL!;6-10 mph;30 - 35  MPH;2010;Dark - Lighted Roadway;20-24
35.4212869229, -80.8743772614;"{""type"": ""Point"", ""coordinates"": [-80.87437726141695, 35.421286922858776]}";White;Huntersville;Travel Lane;2;16;Urban (>70% Developed);Male;Passenger Car;0;#NULL!;0;0;White;No;0;6-10;Bicyclist Lost Control - Mechanical Problems;None;No;No;Dry;0;Urban;No;03SEP2010;0;16:57;Male;No;Residential;C: Possible Injury;Yes;O: No Injury;4335;September;0;Straight - Level;Piedmont;With Traffic;Stop Sign;Friday;Intersection;8;0;Two-Way, Not Divided;2 lanes;0;#NULL!;#NULL!;Smooth Asphalt;#NULL!;Four-Way Intersection;Loss of Control / Turning Error;Local Street;C: Possible Injury;Mecklenburg;70+;Clear;#NULL!;26-30 mph;30 - 35  MPH;2010;Daylight;70+
35.7865940792, -78.6809226219;"{""type"": ""Point"", ""coordinates"": [-78.680922621853, 35.786594079165106]}";White;Raleigh;Multi-use Path;2;17;Urban (>70% Developed);Male;Passenger Car;0;#NULL!;0;0;Hispanic;No;0;20-24;Unknown Approach Paths;None;No;No;Dry;0;Urban;No;09SEP2010;0;17:57;Female;No;Institutional;B: Evident Injury;No;B: Evident Injury;4336;September;0;Straight - Grade;Piedmont;Unknown;Stop Sign;Thursday;Intersection-Related;20;0;Two-Way, Not Divided;4 lanes;0;#NULL!;#NULL!;Smooth Asphalt;#NULL!;Four-Way Intersection;Other / Unknown - Insufficient Details;Local Street;B: Evident Injury;Wake;21;Clear;#NULL!;6-10 mph;20 - 25  MPH;2010;Daylight;20-24
34.7807669311, -76.5732319309;"{""type"": ""Point"", ""coordinates"": [-76.57323193093447, 34.78076693110471]}";White;None - Rural Crash;Travel Lane;2;21;Rural (<30% Developed);Male;Motorcycle;0;#NULL!;0;0;White;No;0;20-24;Motorist Overtaking - Other / Unknown;None;No;No;Dry;0;Rural;No;17SEP2010;0;21:09;Male;Missing;Residential;B: Evident Injury;Yes;C: Possible Injury;4339;September;0;Straight - Level;Coastal;With Traffic;Double Yellow Line, No Passing Zone;Friday;Non-Intersection;24;0;Two-Way, Not Divided;2 lanes;0;#NULL!;#NULL!;Smooth Asphalt;#NULL!;No Special Feature;Motorist Overtaking Bicyclist;US Route;B: Evident Injury;Carteret;21;Clear;#NULL!;26-30 mph;50 - 55  MPH;2010;Dark - Roadway Not Lighted;20-24
35.2292068819, -80.8612832474;"{""type"": ""Point"", ""coordinates"": [-80.86128324743828, 35.229206881925755]}";Black;Charlotte;Bike Lane / Paved Shoulder;2;15;Rural (<30% Developed);Male;Passenger Car;0;#NULL!;0;0;Black;No;0;50-59;Motorist Drive Out - Right Turn on Red;None;No;No;Dry;0;Urban;No;15SEP2010;0;15:35;Male;No;Residential;O: No Injury;Yes;O: No Injury;4356;September;0;Straight - Grade;Piedmont;Facing Traffic;Stop And Go Signal;Wednesday;Intersection;52;0;One-Way, Not Divided;2 lanes;0;#NULL!;#NULL!;Concrete;#NULL!;On or Off Ramp;Motorist Failed to Yield - Signalized Intersection;Interstate;O: No Injury;Mecklenburg;31;Clear;#NULL!;0-5 mph;30 - 35  MPH;2010;Daylight;30-39
35.7857620749, -78.8214026649;"{""type"": ""Point"", ""coordinates"": [-78.82140266487788, 35.78576207486586]}";White;Cary;Travel Lane;2;17;Urban (>70% Developed);Male;Passenger Car;0;#NULL!;0;0;Asian;No;0;30-39;Motorist Left Turn - Opposite Direction;None;No;No;Dry;0;Urban;No;23SEP2010;0;17:52;Female;No;Commercial;B: Evident Injury;Yes;O: No Injury;4363;September;0;Straight - Level;Piedmont;With Traffic;No Control Present;Thursday;Intersection;38;0;Two-Way, Not Divided;5 lanes;0;#NULL!;#NULL!;Smooth Asphalt;#NULL!;Driveway, Private;Motorist Left Turn / Merge;State Secondary Route;B: Evident Injury;Wake;42;Clear;#NULL!;0-5 mph;40 - 45  MPH;2010;Daylight;40-49
35.5853340911, -77.0954021297;"{""type"": ""Point"", ""coordinates"": [-77.09540212967815, 35.58533409109414]}";Black;None - Rural Crash;Travel Lane;2;22;Urban (>70% Developed);Male;Passenger Car;0;#NULL!;0;0;Black;No;0;11-15;Motorist Overtaking - Misjudged Space;None;No;No;Dry;0;Rural;No;24SEP2010;0;22:20;Male;No;Commercial;C: Possible Injury;Yes;O: No Injury;4366;September;0;Straight - Level;Coastal;With Traffic;No Control Present;Friday;Non-Intersection;15;0;Two-Way, Not Divided;5 lanes;0;#NULL!;#NULL!;Coarse Asphalt;#NULL!;No Special Feature;Motorist Overtaking Bicyclist;US Route;C: Possible Injury;Beaufort;25;Clear;#NULL!;46-50 mph;50 - 55  MPH;2010;Dark - Roadway Not Lighted;25-29
35.9082771367, -77.8055673621;"{""type"": ""Point"", ""coordinates"": [-77.80556736211643, 35.90827713665682]}";Black;Rocky Mount;Travel Lane;2;5;Mixed (30% To 70% Developed);Male;Passenger Car;0;#NULL!;0;0;Black;No;0;70+;Bicyclist Left Turn - Same Direction;None;No;No;Dry;0;Urban;No;20AUG2010;0;5:28;Female;No;Residential;A: Disabling Injury;Yes;O: No Injury;4370;August;0;Straight - Level;Coastal;With Traffic;No Control Present;Friday;Non-Intersection;70+;0;Two-Way, Not Divided;2 lanes;0;#NULL!;#NULL!;Smooth Asphalt;#NULL!;No Special Feature;Bicyclist Left Turn / Merge;Local Street;A: Disabling Injury;Edgecombe;33;Cloudy;#NULL!;41-45 mph;40 - 45  MPH;2010;Dark - Lighted Roadway;30-39
35.586617074, -77.6062572854;"{""type"": ""Point"", ""coordinates"": [-77.606257285418, 35.586617073991604]}";Black;Farmville;Travel Lane;2;7;Mixed (30% To 70% Developed);Male;Pickup;0;#NULL!;0;0;White;No;0;50-59;Motorist Overtaking - Misjudged Space;None;No;No;Dry;0;Rural;No;24SEP2010;0;7:15;Male;No;Farms, Woods, Pastures;C: Possible Injury;Yes;O: No Injury;4385;September;0;Straight - Level;Coastal;With Traffic;No Control Present;Friday;Non-Intersection;52;0;Two-Way, Not Divided;2 lanes;0;#NULL!;#NULL!;Smooth Asphalt;#NULL!;No Special Feature;Motorist Overtaking Bicyclist;NC Route;C: Possible Injury;Pitt;63;Clear;#NULL!;36-40 mph;40 - 45  MPH;2010;Daylight;60-69