Geo Point;Geo Shape;BikeRace;City;BikePos;NumUnits;CrashHour;Locality;BikeSex;DrvrVehTyp;NumBikesNo;BikeAlcDrg;NumBikesBI;RteInvdCd;DrvrRace;Workzone;NumBikesCi;BikeAgeGrp;CrashType;RdDefects;CrashAlcoh;BikeAlcoho;RdConditio;DstncMiFrm;RuralUrban;HitRun;CrashDate;NumBikesUI;CrashTime;DrvrSex;DrvrAlcoho;Developmen;CrashSevr;AmbulanceR;DrvrInjury;OBJECTID;CrashMonth;NumBikesKi;RdCharacte;Region;BikeDir;TraffCntrl;CrashDay;CrashLoc;BikeAge;NumBikesTo;RdConfig;NumLanes;NumBikesAI;DrvrAlcDrg;OnRoad;RdSurface;Towrd_Rd;RdFeature;CrashGrp;RdClass;BikeInjury;County;DrvrAge;Weather;FrmRd;DrvrEstSpd;SpeedLimit;CrashYear;LightCond;DrvrAgeGrp
35.9703272221, -75.6360877007;"{""type"": ""Point"", ""coordinates"": [-75.63608770073651, 35.970327222121846]}";White;None - Rural Crash;Travel Lane;2;16;Mixed (30% To 70% Developed);Male;Sport Utility;0;#NULL!;0;0;White;No;0;6-10;Bicyclist Left Turn - Same Direction;None;No;No;Dry;0;Rural;No;29SEP2010;0;16:22;Female;No;Residential;C: Possible Injury;Yes;O: No Injury;4388;September;0;Straight - Level;Coastal;With Traffic;Double Yellow Line, No Passing Zone;Wednesday;Non-Intersection;10;0;Two-Way, Not Divided;2 lanes;0;#NULL!;#NULL!;Coarse Asphalt;#NULL!;No Special Feature;Bicyclist Left Turn / Merge;NC Route;C: Possible Injury;Dare;65;Cloudy;#NULL!;31-35 mph;30 - 35  MPH;2010;Daylight;60-69
35.7825349942, -81.0041993203;"{""type"": ""Point"", ""coordinates"": [-81.00419932031228, 35.78253499424574]}";White;None - Rural Crash;Sidewalk / Crosswalk / Driveway Crossing;2;19;Urban (>70% Developed);Male;Pickup;0;#NULL!;0;0;White;No;0;40-49;Motorist Drive Out - Other Midblock;None;No;No;Dry;0;Rural;No;02OCT2010;0;19:41;Male;No;Commercial;B: Evident Injury;Yes;O: No Injury;4397;October;0;Straight - Level;Piedmont;With Traffic;Double Yellow Line, No Passing Zone;Saturday;Non-Intersection;49;0;Two-Way, Not Divided;2 lanes;0;#NULL!;#NULL!;Smooth Asphalt;#NULL!;No Special Feature;Motorist Failed to Yield - Midblock;State Secondary Route;B: Evident Injury;Iredell;43;Clear;#NULL!;0-5 mph;40 - 45  MPH;2010;Dusk;40-49
35.2123028822, -80.7627232175;"{""type"": ""Point"", ""coordinates"": [-80.76272321754792, 35.2123028822483]}";White;Charlotte;Sidewalk / Crosswalk / Driveway Crossing;2;16;Urban (>70% Developed);Male;Sport Utility;0;#NULL!;0;0;White;No;0;50-59;Motorist Drive Out - Right Turn on Red;None;No;No;Dry;0;Urban;No;01OCT2010;0;16:55;Male;No;Commercial;B: Evident Injury;Yes;O: No Injury;4405;October;0;Straight - Level;Piedmont;Facing Traffic;Stop And Go Signal;Friday;Intersection;57;0;Two-Way, Not Divided;2 lanes;0;#NULL!;#NULL!;Smooth Asphalt;#NULL!;No Special Feature;Motorist Failed to Yield - Signalized Intersection;Local Street;B: Evident Injury;Mecklenburg;37;Clear;#NULL!;0-5 mph;30 - 35  MPH;2010;Daylight;30-39
35.9724771099, -78.9375827092;"{""type"": ""Point"", ""coordinates"": [-78.93758270921198, 35.97247710989295]}";White;Durham;Travel Lane;2;7;Urban (>70% Developed);Male;Passenger Car;0;#NULL!;0;0;Hispanic;No;0;30-39;Crossing Paths - Intersection - Other / Unknown;None;No;No;Dry;0;Urban;No;08OCT2010;0;7:05;Male;No;Residential;C: Possible Injury;No;O: No Injury;4406;October;0;Straight - Level;Piedmont;With Traffic;No Control Present;Friday;Intersection;36;0;Two-Way, Not Divided;2 lanes;0;#NULL!;#NULL!;Smooth Asphalt;#NULL!;No Special Feature;Crossing Paths - Other Circumstances;Local Street;C: Possible Injury;Durham;23;Clear;#NULL!;0-5 mph;20 - 25  MPH;2010;Dawn;20-24
35.2220868809, -80.8411432411;"{""type"": ""Point"", ""coordinates"": [-80.84114324107125, 35.22208688092767]}";White;Charlotte;Sidewalk / Crosswalk / Driveway Crossing;2;15;Urban (>70% Developed);Female;Passenger Car;0;#NULL!;0;0;White;No;0;25-29;Motorist Left Turn - Opposite Direction;None;No;No;Dry;0;Urban;No;01OCT2010;0;15:41;Male;No;Commercial;B: Evident Injury;Yes;O: No Injury;4410;October;0;Straight - Level;Piedmont;With Traffic;Stop And Go Signal;Friday;Intersection;25;0;One-Way, Not Divided;4 lanes;0;#NULL!;#NULL!;Smooth Asphalt;#NULL!;No Special Feature;Motorist Left Turn / Merge;Local Street;B: Evident Injury;Mecklenburg;70+;Clear;#NULL!;0-5 mph;30 - 35  MPH;2010;Daylight;70+
34.6847528926, -77.1146520911;"{""type"": ""Point"", ""coordinates"": [-77.114652091083, 34.68475289255297]}";White;Swansboro;Sidewalk / Crosswalk / Driveway Crossing;2;12;Mixed (30% To 70% Developed);Female;Passenger Car;0;#NULL!;0;0;White;No;0;30-39;Motorist Drive Out - Commercial Driveway / Alley;None;Yes;No;Dry;0;Rural;No;09OCT2010;0;12:30;Female;Yes;Commercial;B: Evident Injury;Yes;O: No Injury;4412;October;0;Straight - Level;Coastal;Facing Traffic;No Control Present;Saturday;Non-Intersection;39;0;Two-Way, Not Divided;5 lanes;0;#NULL!;#NULL!;Coarse Asphalt;#NULL!;Driveway, Public;Motorist Failed to Yield - Midblock;NC Route;B: Evident Injury;Onslow;43;Clear;#NULL!;0-5 mph;50 - 55  MPH;2010;Daylight;40-49
35.3409648433, -82.5300237484;"{""type"": ""Point"", ""coordinates"": [-82.53002374839375, 35.340964843347756]}";White;None - Rural Crash;Travel Lane;2;15;Rural (<30% Developed);Male;Passenger Car;0;#NULL!;0;0;White;No;0;40-49;Motorist Left Turn - Opposite Direction;None;No;No;Dry;0;Rural;No;10OCT2010;0;15:42;Female;No;Farms, Woods, Pastures;B: Evident Injury;Yes;O: No Injury;4413;October;0;Curve - Grade;Mountains;With Traffic;Double Yellow Line, No Passing Zone;Sunday;Intersection;48;0;Two-Way, Not Divided;2 lanes;0;#NULL!;#NULL!;Coarse Asphalt;#NULL!;T-Intersection;Motorist Left Turn / Merge;State Secondary Route;B: Evident Injury;Henderson;70+;Clear;#NULL!;0-5 mph;30 - 35  MPH;2010;Daylight;70+
34.6206668172, -78.9547426451;"{""type"": ""Point"", ""coordinates"": [-78.95474264510966, 34.62066681723442]}";White;None - Rural Crash;Travel Lane;3;11;Rural (<30% Developed);Female;Passenger Car;0;#NULL!;0;0;Native American;No;0;50-59;Motorist Overtaking - Misjudged Space;None;No;No;Dry;0;Rural;No;01OCT2010;0;11:47;Female;No;Farms, Woods, Pastures;B: Evident Injury;Yes;O: No Injury;4417;October;0;Curve - Level;Coastal;With Traffic;Double Yellow Line, No Passing Zone;Friday;Non-Intersection;58;0;Two-Way, Not Divided;2 lanes;0;#NULL!;#NULL!;Smooth Asphalt;#NULL!;No Special Feature;Motorist Overtaking Bicyclist;State Secondary Route;B: Evident Injury;Robeson;57;Clear;#NULL!;36-40 mph;50 - 55  MPH;2010;Daylight;50-59
35.7915910823, -78.6301986074;"{""type"": ""Point"", ""coordinates"": [-78.63019860740705, 35.791591082272]}";Black;Raleigh;Travel Lane;2;9;Urban (>70% Developed);Female;Sport Utility;0;#NULL!;0;0;White;No;0;30-39;Bicyclist Turning Error - Right Turn;None;No;No;Dry;0;Urban;No;02SEP2010;0;9:47;Female;No;Residential;O: No Injury;Yes;O: No Injury;4420;September;0;Straight - Level;Piedmont;With Traffic;Stop Sign;Thursday;Intersection;39;0;Two-Way, Divided, Unprotected Median;2 lanes;0;#NULL!;#NULL!;Smooth Asphalt;#NULL!;Four-Way Intersection;Loss of Control / Turning Error;Local Street;O: No Injury;Wake;23;Clear;#NULL!;21-25 mph;30 - 35  MPH;2010;Daylight;20-24
35.7892140807, -78.6743726201;"{""type"": ""Point"", ""coordinates"": [-78.67437262009823, 35.789214080740436]}";White;Raleigh;Sidewalk / Crosswalk / Driveway Crossing;2;14;Urban (>70% Developed);Male;Light Truck (Mini-Van, Panel);0;#NULL!;0;0;White;No;0;25-29;Signalized Intersection - Other / Unknown;None;No;No;Dry;0;Urban;No;01SEP2010;0;14:44;Male;No;Commercial;O: No Injury;No;O: No Injury;4421;September;0;Straight - Level;Piedmont;Facing Traffic;Stop And Go Signal;Wednesday;Intersection-Related;29;0;Two-Way, Divided, Unprotected Median;5 lanes;0;#NULL!;#NULL!;Smooth Asphalt;#NULL!;No Special Feature;Crossing Paths - Other Circumstances;Local Street;O: No Injury;Wake;51;Clear;#NULL!;0-5 mph;30 - 35  MPH;2010;Daylight;50-59
36.0600312396, -75.6892257216;"{""type"": ""Point"", ""coordinates"": [-75.68922572162717, 36.06003123958904]}";White;Kitty Hawk;Bike Lane / Paved Shoulder;2;15;Urban (>70% Developed);Male;Sport Utility;0;#NULL!;0;0;White;No;0;20-24;Motorist Drive Out - Sign-Controlled Intersection;None;No;No;Dry;0;Rural;No;21SEP2010;0;15:04;Male;No;Commercial;O: No Injury;Yes;O: No Injury;4425;September;0;Straight - Level;Coastal;Facing Traffic;Stop Sign;Tuesday;Intersection;20;0;Two-Way, Not Divided;5 lanes;0;#NULL!;#NULL!;Coarse Asphalt;#NULL!;T-Intersection;Motorist Failed to Yield - Sign-Controlled Intersection;US Route;O: No Injury;Dare;16;Clear;#NULL!;0-5 mph;20 - 25  MPH;2010;Daylight;0-19
35.9059209998, -81.5286734843;"{""type"": ""Point"", ""coordinates"": [-81.52867348426452, 35.90592099980481]}";White;Lenoir;Travel Lane;2;9;Urban (>70% Developed);Male;Sport Utility;0;#NULL!;0;0;White;No;0;50-59;Motorist Left Turn - Opposite Direction;None;No;No;Dry;0;Urban;No;11OCT2010;0;9:07;Male;No;Commercial;A: Disabling Injury;Yes;O: No Injury;4432;October;0;Straight - Grade;Mountains;With Traffic;No Control Present;Monday;Intersection;50;0;Two-Way, Not Divided;2 lanes;0;#NULL!;#NULL!;Smooth Asphalt;#NULL!;No Special Feature;Motorist Left Turn / Merge;US Route;A: Disabling Injury;Caldwell;70+;Clear;#NULL!;6-10 mph;30 - 35  MPH;2010;Daylight;70+
35.1978568788, -80.7614782156;"{""type"": ""Point"", ""coordinates"": [-80.76147821561624, 35.19785687875269]}";Unknown/Missing;Charlotte;Sidewalk / Crosswalk / Driveway Crossing;2;16;Urban (>70% Developed);Female;Light Truck (Mini-Van, Panel);0;#NULL!;0;0;Hispanic;No;0;40-49;Motorist Drive Out - Commercial Driveway / Alley;None;No;No;Dry;0;Urban;No;06OCT2010;0;16:52;Male;No;Residential;C: Possible Injury;Yes;O: No Injury;4441;October;0;Straight - Grade;Piedmont;Facing Traffic;No Control Present;Wednesday;Non-Intersection;46;0;Two-Way, Divided, Positive Median Barrier;4 lanes;0;#NULL!;#NULL!;Smooth Asphalt;#NULL!;No Special Feature;Motorist Failed to Yield - Midblock;Local Street;C: Possible Injury;Mecklenburg;59;Clear;#NULL!;0-5 mph;30 - 35  MPH;2010;Daylight;50-59
35.260279976, -78.4072975121;"{""type"": ""Point"", ""coordinates"": [-78.40729751211292, 35.26027997601229]}";White;None - Rural Crash;Travel Lane;2;10;Rural (<30% Developed);Male;Pickup;0;#NULL!;0;0;White;No;0;50-59;Bicyclist Left Turn - Same Direction;None;No;No;Dry;0;Rural;No;21OCT2010;0;10:58;Male;No;Farms, Woods, Pastures;B: Evident Injury;Yes;O: No Injury;4453;October;0;Straight - Level;Coastal;With Traffic;Double Yellow Line, No Passing Zone;Thursday;Non-Intersection;53;0;Two-Way, Not Divided;2 lanes;0;#NULL!;#NULL!;Coarse Asphalt;#NULL!;No Special Feature;Bicyclist Left Turn / Merge;State Secondary Route;B: Evident Injury;Johnston;34;Clear;#NULL!;51-55 mph;50 - 55  MPH;2010;Daylight;30-39
35.333430865, -81.9106535652;"{""type"": ""Point"", ""coordinates"": [-81.9106535651744, 35.3334308649539]}";White;None - Rural Crash;Travel Lane;2;20;Urban (>70% Developed);Male;Passenger Car;0;#NULL!;0;0;Black;No;0;25-29;Motorist Overtaking - Misjudged Space;None;No;No;Dry;0;Rural;No;19OCT2010;0;20:15;Female;No;Residential;B: Evident Injury;Yes;O: No Injury;4458;October;0;Straight - Level;Mountains;With Traffic;Double Yellow Line, No Passing Zone;Tuesday;Non-Intersection;25;0;Two-Way, Not Divided;2 lanes;0;#NULL!;#NULL!;Coarse Asphalt;#NULL!;No Special Feature;Motorist Overtaking Bicyclist;State Secondary Route;B: Evident Injury;Rutherford;36;Clear;#NULL!;36-40 mph;40 - 45  MPH;2010;Dark - Roadway Not Lighted;30-39
35.5799369579, -80.8165832537;"{""type"": ""Point"", ""coordinates"": [-80.81658325368814, 35.579936957893274]}";White;Mooresville;Travel Lane;2;17;Urban (>70% Developed);Male;Sport Utility;0;#NULL!;0;0;White;No;0;11-15;Crossing Paths - Uncontrolled Intersection;None;No;No;Dry;0;Urban;No;06OCT2010;0;17:06;Female;No;Commercial;B: Evident Injury;Yes;O: No Injury;4470;October;0;Straight - Level;Piedmont;With Traffic;No Control Present;Wednesday;Intersection;15;0;Two-Way, Not Divided;2 lanes;0;#NULL!;#NULL!;Smooth Asphalt;#NULL!;T-Intersection;Crossing Paths - Other Circumstances;Local Street;B: Evident Injury;Iredell;62;Clear;#NULL!;31-35 mph;30 - 35  MPH;2010;Daylight;60-69
35.0296739095, -78.8718126398;"{""type"": ""Point"", ""coordinates"": [-78.87181263977511, 35.02967390950569]}";Black;Fayetteville;Travel Lane;2;20;Urban (>70% Developed);Male;Passenger Car;0;#NULL!;0;0;Native American;No;0;40-49;Bicyclist Ride Through - Sign-Controlled Intersection;None;No;No;Dry;0;Urban;No;20OCT2010;0;20:36;Female;No;Industrial;A: Disabling Injury;Yes;O: No Injury;4472;October;0;Curve - Level;Coastal;With Traffic;Stop Sign;Wednesday;Intersection;47;0;Two-Way, Not Divided;4 lanes;0;#NULL!;#NULL!;Coarse Asphalt;#NULL!;Four-Way Intersection;Bicyclist Failed to Yield - Sign-Controlled Intersection;Local Street;A: Disabling Injury;Cumberland;66;Clear;#NULL!;51-55 mph;50 - 55  MPH;2010;Dark - Lighted Roadway;60-69
34.6143788146, -78.992342656;"{""type"": ""Point"", ""coordinates"": [-78.99234265601731, 34.61437881457778]}";Hispanic;Lumberton;Travel Lane;2;17;Urban (>70% Developed);Male;Passenger Car;0;#NULL!;0;0;Black;No;0;11-15;Bicyclist Ride Through - Sign-Controlled Intersection;None;No;No;Dry;0;Urban;No;29OCT2010;0;17:18;Male;No;Residential;B: Evident Injury;No;O: No Injury;4481;October;0;Straight - Level;Coastal;With Traffic;Stop Sign;Friday;Intersection;12;0;Two-Way, Not Divided;2 lanes;0;#NULL!;#NULL!;Coarse Asphalt;#NULL!;Four-Way Intersection;Bicyclist Failed to Yield - Sign-Controlled Intersection;Local Street;B: Evident Injury;Robeson;38;Clear;#NULL!;11-15 mph;20 - 25  MPH;2010;Daylight;30-39
35.7960570754, -78.8548726757;"{""type"": ""Point"", ""coordinates"": [-78.85487267567395, 35.79605707536666]}";White;Cary;Driveway / Alley;2;12;Urban (>70% Developed);Male;Pickup;0;#NULL!;0;0;Black;No;0;6-10;Bicyclist Ride Out - Residential Driveway;None;No;No;Dry;0;Urban;No;31OCT2010;0;12:54;Male;No;Residential;B: Evident Injury;Yes;O: No Injury;4484;October;0;Straight - Level;Piedmont;Not Applicable;No Control Present;Sunday;Non-Intersection;10;0;Two-Way, Not Divided;2 lanes;0;#NULL!;#NULL!;Smooth Asphalt;#NULL!;No Special Feature;Bicyclist Failed to Yield - Midblock;Local Street;B: Evident Injury;Wake;42;Clear;#NULL!;16-20 mph;20 - 25  MPH;2010;Daylight;40-49
35.2294418832, -80.839908241;"{""type"": ""Point"", ""coordinates"": [-80.83990824102027, 35.22944188317756]}";White;Charlotte;Travel Lane;2;21;Urban (>70% Developed);Male;Unknown;0;#NULL!;0;0;Unknown/Missing;No;0;20-24;Head-On - Motorist;None;No;No;Dry;0;Urban;Yes;22OCT2010;0;21:43;Unknown;Missing;Industrial;O: No Injury;No;Unknown Injury;4485;October;0;Straight - Level;Piedmont;With Traffic;Stop And Go Signal;Friday;Intersection;21;0;Two-Way, Not Divided;4 lanes;0;#NULL!;#NULL!;Smooth Asphalt;#NULL!;No Special Feature;Head-On;Local Street;O: No Injury;Mecklenburg;Unknown;Clear;#NULL!;0-5 mph;20 - 25  MPH;2010;Dark - Lighted Roadway;Unknown
35.8448371477, -77.060938132;"{""type"": ""Point"", ""coordinates"": [-77.06093813198508, 35.84483714768194]}";Unknown/Missing;Williamston;Bike Lane / Paved Shoulder;2;15;Mixed (30% To 70% Developed);Male;Passenger Car;0;#NULL!;0;0;White;No;0;40-49;Motorist Drive Out - Commercial Driveway / Alley;None;No;No;Dry;0;Urban;No;05OCT2010;0;15:30;Male;No;Commercial;O: No Injury;No;O: No Injury;4490;October;0;Straight - Level;Coastal;Facing Traffic;Stop Sign;Tuesday;Non-Intersection;42;0;Two-Way, Divided, Positive Median Barrier;Unknown;0;#NULL!;#NULL!;Smooth Asphalt;#NULL!;T-Intersection;Motorist Failed to Yield - Midblock;Local Street;Unknown Injury;Martin;23;Clear;#NULL!;Unknown;Unknown;2010;Daylight;20-24
35.7077070892, -77.9263483891;"{""type"": ""Point"", ""coordinates"": [-77.92634838914394, 35.70770708916183]}";White;Wilson;Travel Lane;2;19;Urban (>70% Developed);Male;Passenger Car;0;#NULL!;0;0;White;No;0;40-49;Motorist Overtaking - Bicyclist Swerved;None;No;No;Dry;0;Urban;No;22OCT2010;0;19:15;Male;No;Commercial;A: Disabling Injury;Yes;O: No Injury;4496;October;0;Straight - Level;Coastal;With Traffic;No Control Present;Friday;Non-Intersection;43;0;Two-Way, Not Divided;3 lanes;0;#NULL!;#NULL!;Smooth Asphalt;#NULL!;No Special Feature;Motorist Overtaking Bicyclist;Local Street;A: Disabling Injury;Wilson;44;Clear;#NULL!;31-35 mph;40 - 45  MPH;2010;Dark - Lighted Roadway;40-49
36.0630470985, -79.7909829726;"{""type"": ""Point"", ""coordinates"": [-79.79098297264173, 36.06304709848251]}";Black;Greensboro;Travel Lane;2;12;Urban (>70% Developed);Male;Passenger Car;0;#NULL!;0;0;Native American;No;0;11-15;Bicyclist Ride Through - Sign-Controlled Intersection;None;No;No;Dry;0;Urban;No;24OCT2010;0;12:36;Male;No;Residential;B: Evident Injury;Yes;O: No Injury;4500;October;0;Straight - Hillcrest;Piedmont;Facing Traffic;Stop Sign;Sunday;Intersection;14;0;Two-Way, Not Divided;2 lanes;0;#NULL!;#NULL!;Coarse Asphalt;#NULL!;No Special Feature;Bicyclist Failed to Yield - Sign-Controlled Intersection;Local Street;B: Evident Injury;Guilford;70+;Clear;#NULL!;21-25 mph;30 - 35  MPH;2010;Daylight;70+
34.7562569169, -76.8473320135;"{""type"": ""Point"", ""coordinates"": [-76.84733201350441, 34.75625691690275]}";White;None - Rural Crash;Bike Lane / Paved Shoulder;2;9;Mixed (30% To 70% Developed);Male;Pickup;0;#NULL!;0;0;White;No;0;60-69;Motorist Lost Control - Other / Unknown;None;No;No;Dry;0;Rural;No;04NOV2010;0;9:44;Male;No;Farms, Woods, Pastures;K: Killed;Yes;O: No Injury;4504;November;0;Straight - Level;Coastal;With Traffic;No Control Present;Thursday;Non-Intersection;69;0;Two-Way, Divided, Unprotected Median;4 lanes;0;#NULL!;#NULL!;Smooth Asphalt;#NULL!;No Special Feature;Loss of Control / Turning Error;US Route;K: Killed;Carteret;42;Clear;#NULL!;51-55 mph;50 - 55  MPH;2010;Daylight;40-49
35.2933868727, -81.4869834371;"{""type"": ""Point"", ""coordinates"": [-81.48698343707892, 35.29338687272127]}";Unknown/Missing;None - Rural Crash;Driveway / Alley;2;19;Rural (<30% Developed);Unknown;Passenger Car;0;#NULL!;0;0;White;No;0;Unknown;Non-Roadway;None;No;No;Dry;0;Rural;No;09NOV2010;0;19:57;Male;No;Farms, Woods, Pastures;O: No Injury;Yes;O: No Injury;4511;November;0;Straight - Level;Mountains;Not Applicable;No Control Present;Tuesday;Non-Roadway;Unknown;0;Two-Way, Not Divided;Unknown;0;#NULL!;#NULL!;Concrete;#NULL!;Driveway, Private;Non-Roadway;Private Road, Driveway;Unknown Injury;Cleveland;66;Clear;#NULL!;0-5 mph;5 - 15 MPH;2010;Dark - Roadway Not Lighted;60-69
34.2546417697, -77.9571023261;"{""type"": ""Point"", ""coordinates"": [-77.95710232610493, 34.25464176968327]}";White;None - Rural Crash;Travel Lane;2;13;Mixed (30% To 70% Developed);Male;Passenger Car;0;#NULL!;0;0;Black;No;0;50-59;Motorist Left Turn - Same Direction;None;No;No;Dry;0;Rural;No;13NOV2010;0;13:24;Female;No;Farms, Woods, Pastures;B: Evident Injury;Yes;O: No Injury;4521;November;0;Straight - Level;Coastal;With Traffic;Other;Saturday;Non-Intersection;59;0;Two-Way, Not Divided;5 lanes;0;#NULL!;#NULL!;Coarse Asphalt;#NULL!;No Special Feature;Motorist Left Turn / Merge;US Route;B: Evident Injury;New Hanover;32;Clear;#NULL!;11-15 mph;50 - 55  MPH;2010;Daylight;30-39
35.2204008818, -80.8133532324;"{""type"": ""Point"", ""coordinates"": [-80.81335323236117, 35.22040088181401]}";White;Charlotte;Travel Lane;2;6;Urban (>70% Developed);Male;Pickup;0;#NULL!;0;0;Black;No;0;20-24;Motorist Turning Error - Right Turn;None;No;No;Dry;0;Urban;No;05OCT2010;0;6:15;Male;No;Commercial;B: Evident Injury;No;O: No Injury;4522;October;0;Straight - Level;Piedmont;With Traffic;Stop And Go Signal;Tuesday;Intersection;23;0;Two-Way, Not Divided;4 lanes;0;#NULL!;#NULL!;Smooth Asphalt;#NULL!;Four-Way Intersection;Loss of Control / Turning Error;Local Street;B: Evident Injury;Mecklenburg;48;Clear;#NULL!;Unknown;30 - 35  MPH;2010;Dark - Lighted Roadway;40-49
35.1957808743, -80.8772692502;"{""type"": ""Point"", ""coordinates"": [-80.8772692501657, 35.19578087427188]}";White;Charlotte;Travel Lane;2;12;Urban (>70% Developed);Male;Pickup;0;#NULL!;0;0;White;No;0;11-15;Bicyclist Ride Through - Signalized Intersection;None;No;No;Dry;0;Urban;No;09NOV2010;0;12:43;Male;No;Commercial;B: Evident Injury;Yes;O: No Injury;4524;November;0;Straight - Level;Piedmont;With Traffic;Stop And Go Signal;Tuesday;Intersection-Related;12;0;Two-Way, Divided, Positive Median Barrier;5 lanes;0;#NULL!;#NULL!;Smooth Asphalt;#NULL!;No Special Feature;Bicyclist Failed to Yield - Signalized Intersection;Local Street;B: Evident Injury;Mecklenburg;55;Clear;#NULL!;26-30 mph;40 - 45  MPH;2010;Daylight;50-59
35.2624728781, -81.168368341;"{""type"": ""Point"", ""coordinates"": [-81.16836834096905, 35.26247287805306]}";Black;Gastonia;Sidewalk / Crosswalk / Driveway Crossing;2;13;Urban (>70% Developed);Male;Pickup;0;#NULL!;0;0;White;No;0;50-59;Motorist Drive Out - Right Turn on Red;None;Yes;Yes;Dry;0;Urban;No;09NOV2010;0;13:33;Male;No;Commercial;C: Possible Injury;Yes;O: No Injury;4530;November;0;Straight - Grade;Piedmont;Facing Traffic;Stop And Go Signal;Tuesday;Intersection;55;0;Two-Way, Not Divided;2 lanes;0;#NULL!;#NULL!;Smooth Asphalt;#NULL!;Four-Way Intersection;Motorist Failed to Yield - Signalized Intersection;Local Street;C: Possible Injury;Gaston;52;Clear;#NULL!;0-5 mph;30 - 35  MPH;2010;Daylight;50-59
35.7798490798, -78.6446326103;"{""type"": ""Point"", ""coordinates"": [-78.64463261029361, 35.779849079776916]}";White;Raleigh;Travel Lane;2;23;Urban (>70% Developed);Male;Passenger Car;0;#NULL!;0;0;Black;No;0;20-24;Motorist Left Turn - Opposite Direction;None;Yes;Yes;Dry;0;Urban;No;21OCT2010;0;23:35;Male;No;Commercial;C: Possible Injury;Yes;O: No Injury;4534;October;0;Straight - Level;Piedmont;With Traffic;No Control Present;Thursday;Non-Intersection;22;0;Two-Way, Not Divided;3 lanes;0;#NULL!;#NULL!;Smooth Asphalt;#NULL!;No Special Feature;Motorist Left Turn / Merge;Local Street;C: Possible Injury;Wake;20;Clear;#NULL!;0-5 mph;30 - 35  MPH;2010;Dark - Lighted Roadway;20-24
34.1104617397, -77.9048023035;"{""type"": ""Point"", ""coordinates"": [-77.90480230354049, 34.110461739663585]}";White;None - Rural Crash;Travel Lane;2;14;Urban (>70% Developed);Male;Pickup;0;#NULL!;0;0;White;No;0;11-15;Bicyclist Ride Through - Sign-Controlled Intersection;None;No;No;Dry;0;Rural;No;24NOV2010;0;14:55;Male;No;Residential;C: Possible Injury;Yes;O: No Injury;4547;November;0;Curve - Level;Coastal;With Traffic;Stop Sign;Wednesday;Intersection;12;0;Two-Way, Not Divided;2 lanes;0;#NULL!;#NULL!;Coarse Asphalt;#NULL!;Four-Way Intersection;Bicyclist Failed to Yield - Sign-Controlled Intersection;State Secondary Route;C: Possible Injury;New Hanover;31;Clear;#NULL!;26-30 mph;30 - 35  MPH;2010;Daylight;30-39
35.608226945, -81.3193634054;"{""type"": ""Point"", ""coordinates"": [-81.31936340536731, 35.6082269450465]}";Black;None - Rural Crash;Travel Lane;2;13;Rural (<30% Developed);Male;Van;0;#NULL!;0;0;White;No;0;6-10;Bicyclist Ride Out - Residential Driveway;None;No;No;Dry;0;Rural;No;27NOV2010;0;13:04;Male;No;Residential;C: Possible Injury;Yes;O: No Injury;4549;November;0;Straight - Level;Piedmont;Not Applicable;Double Yellow Line, No Passing Zone;Saturday;Non-Intersection;7;0;Two-Way, Not Divided;2 lanes;0;#NULL!;#NULL!;Smooth Asphalt;#NULL!;No Special Feature;Bicyclist Failed to Yield - Midblock;State Secondary Route;C: Possible Injury;Catawba;41;Clear;#NULL!;41-45 mph;40 - 45  MPH;2010;Daylight;40-49
34.2379637676, -77.917932314;"{""type"": ""Point"", ""coordinates"": [-77.91793231404175, 34.23796376756889]}";White;Wilmington;Sidewalk / Crosswalk / Driveway Crossing;2;8;Urban (>70% Developed);Female;Passenger Car;0;#NULL!;0;0;White;No;0;16-19;Crossing Paths - Intersection - Other / Unknown;None;No;No;Dry;0;Urban;No;11NOV2010;0;8:39;Male;No;Commercial;B: Evident Injury;Yes;O: No Injury;4553;November;0;Straight - Level;Coastal;Facing Traffic;No Control Present;Thursday;Intersection;19;0;Two-Way, Not Divided;4 lanes;0;#NULL!;#NULL!;Smooth Asphalt;#NULL!;No Special Feature;Crossing Paths - Other Circumstances;Local Street;B: Evident Injury;New Hanover;58;Clear;#NULL!;16-20 mph;30 - 35  MPH;2010;Daylight;50-59
34.2166867619, -77.9436673204;"{""type"": ""Point"", ""coordinates"": [-77.94366732043017, 34.21668676188553]}";Black;Wilmington;Travel Lane;2;12;Urban (>70% Developed);Male;Passenger Car;0;#NULL!;0;0;White;No;0;40-49;Bicyclist Turning Error - Other;None;No;No;Dry;0;Urban;No;15NOV2010;0;12:56;Female;No;Residential;C: Possible Injury;No;O: No Injury;4567;November;0;Straight - Grade;Coastal;Facing Traffic;Stop And Go Signal;Monday;Intersection;47;0;Two-Way, Divided, Positive Median Barrier;4 lanes;0;#NULL!;#NULL!;Smooth Asphalt;#NULL!;No Special Feature;Loss of Control / Turning Error;Local Street;C: Possible Injury;New Hanover;25;Clear;#NULL!;Unknown;30 - 35  MPH;2010;Daylight;25-29