Geo Point;Geo Shape;BikeRace;City;BikePos;NumUnits;CrashHour;Locality;BikeSex;DrvrVehTyp;NumBikesNo;BikeAlcDrg;NumBikesBI;RteInvdCd;DrvrRace;Workzone;NumBikesCi;BikeAgeGrp;CrashType;RdDefects;CrashAlcoh;BikeAlcoho;RdConditio;DstncMiFrm;RuralUrban;HitRun;CrashDate;NumBikesUI;CrashTime;DrvrSex;DrvrAlcoho;Developmen;CrashSevr;AmbulanceR;DrvrInjury;OBJECTID;CrashMonth;NumBikesKi;RdCharacte;Region;BikeDir;TraffCntrl;CrashDay;CrashLoc;BikeAge;NumBikesTo;RdConfig;NumLanes;NumBikesAI;DrvrAlcDrg;OnRoad;RdSurface;Towrd_Rd;RdFeature;CrashGrp;RdClass;BikeInjury;County;DrvrAge;Weather;FrmRd;DrvrEstSpd;SpeedLimit;CrashYear;LightCond;DrvrAgeGrp
35.2996069018, -80.7351832134;"{""type"": ""Point"", ""coordinates"": [-80.7351832134342, 35.299606901849764]}";Black;Charlotte;Travel Lane;2;16;Mixed (30% To 70% Developed);Female;Sport Utility;0;#NULL!;0;0;White;No;0;25-29;Bicyclist Ride Out - Midblock - Unknown;None;No;No;Water (Standing, Moving);0;Urban;No;01DEC2010;0;16:55;Male;No;Commercial;B: Evident Injury;Yes;O: No Injury;4589;December;0;Straight - Level;Piedmont;Not Applicable;No Control Present;Wednesday;Non-Intersection;29;0;Two-Way, Divided, Unprotected Median;4 lanes;0;#NULL!;#NULL!;Coarse Asphalt;#NULL!;No Special Feature;Bicyclist Failed to Yield - Midblock;Local Street;B: Evident Injury;Mecklenburg;23;Clear;#NULL!;36-40 mph;50 - 55  MPH;2010;Daylight;20-24
35.6003138975, -82.5315637638;"{""type"": ""Point"", ""coordinates"": [-82.53156376379707, 35.600313897477044]}";White;Asheville;Travel Lane;3;18;Urban (>70% Developed);Female;Passenger Car;0;#NULL!;0;0;White;No;0;30-39;Motorist Overtaking - Undetected Bicyclist;None;No;No;Dry;0;Urban;No;26NOV2010;0;18:32;Female;No;Farms, Woods, Pastures;K: Killed;Yes;O: No Injury;4597;November;0;Curve - Bottom;Mountains;With Traffic;Double Yellow Line, No Passing Zone;Friday;Non-Intersection;35;0;Two-Way, Not Divided;2 lanes;0;#NULL!;#NULL!;Smooth Asphalt;#NULL!;No Special Feature;Motorist Overtaking Bicyclist;Local Street;K: Killed;Buncombe;48;Cloudy;#NULL!;31-35 mph;30 - 35  MPH;2010;Dark - Roadway Not Lighted;40-49
35.8829471004, -78.679888627;"{""type"": ""Point"", ""coordinates"": [-78.67988862697027, 35.882947100398276]}";White;Raleigh;Travel Lane;2;17;Urban (>70% Developed);Female;Passenger Car;0;#NULL!;0;0;White;No;0;50-59;Bicyclist Left Turn - Same Direction;None;No;No;Wet;0;Urban;No;30NOV2010;0;17:41;Male;No;Residential;C: Possible Injury;Yes;O: No Injury;4598;November;0;Straight - Level;Piedmont;With Traffic;No Control Present;Tuesday;Non-Intersection;53;0;Two-Way, Not Divided;2 lanes;0;#NULL!;#NULL!;Coarse Asphalt;#NULL!;No Special Feature;Bicyclist Left Turn / Merge;Local Street;C: Possible Injury;Wake;20;Rain;#NULL!;16-20 mph;40 - 45  MPH;2010;Dark - Lighted Roadway;20-24
35.8552050961, -78.6154586053;"{""type"": ""Point"", ""coordinates"": [-78.61545860530023, 35.85520509612746]}";Hispanic;Raleigh;Sidewalk / Crosswalk / Driveway Crossing;2;16;Urban (>70% Developed);Male;Pickup;0;#NULL!;0;0;White;No;0;30-39;Motorist Drive Out - Sign-Controlled Intersection;None;No;No;Dry;0;Urban;No;27NOV2010;0;16:49;Male;No;Residential;C: Possible Injury;Yes;O: No Injury;4601;November;0;Straight - Level;Piedmont;Facing Traffic;Stop Sign;Saturday;Intersection;30;0;Two-Way, Not Divided;2 lanes;0;#NULL!;#NULL!;Coarse Asphalt;#NULL!;No Special Feature;Motorist Failed to Yield - Sign-Controlled Intersection;Local Street;C: Possible Injury;Wake;45;Clear;#NULL!;0-5 mph;20 - 25  MPH;2010;Daylight;40-49
34.2670697742, -77.9217123158;"{""type"": ""Point"", ""coordinates"": [-77.9217123157709, 34.26706977415661]}";White;None - Rural Crash;Bike Lane / Paved Shoulder;2;13;Mixed (30% To 70% Developed);Male;Passenger Car;0;#NULL!;0;0;White;No;0;60-69;Bicyclist Ride Through - Signalized Intersection;None;No;No;Dry;0;Rural;No;24DEC2010;0;13:15;Male;No;Commercial;C: Possible Injury;No;O: No Injury;4610;December;0;Straight - Level;Coastal;With Traffic;Stop And Go Signal;Friday;Intersection;61;0;Two-Way, Not Divided;3 lanes;0;#NULL!;#NULL!;Coarse Asphalt;#NULL!;Driveway, Public;Bicyclist Failed to Yield - Signalized Intersection;State Secondary Route;C: Possible Injury;New Hanover;70+;Clear;#NULL!;6-10 mph;40 - 45  MPH;2010;Daylight;70+
34.5630528016, -79.0596876737;"{""type"": ""Point"", ""coordinates"": [-79.05968767366218, 34.56305280162276]}";Native American;None - Rural Crash;Travel Lane;2;20;Rural (<30% Developed);Male;Unknown;0;#NULL!;0;0;Unknown/Missing;No;0;40-49;Motorist Overtaking - Other / Unknown;None;No;No;Dry;0;Rural;Yes;12NOV2010;0;20:30;Unknown;Missing;Farms, Woods, Pastures;C: Possible Injury;Yes;Unknown Injury;4612;November;0;Straight - Level;Coastal;With Traffic;No Control Present;Friday;Non-Intersection;48;0;Two-Way, Not Divided;2 lanes;0;#NULL!;#NULL!;Coarse Asphalt;#NULL!;No Special Feature;Motorist Overtaking Bicyclist;NC Route;C: Possible Injury;Robeson;Unknown;Clear;#NULL!;46-50 mph;50 - 55  MPH;2010;Dark - Roadway Not Lighted;Unknown
35.545992959, -80.61109319;"{""type"": ""Point"", ""coordinates"": [-80.61109319001626, 35.54599295902667]}";White;Landis;Travel Lane;2;18;Urban (>70% Developed);Male;Sport Utility;0;#NULL!;0;0;Black;No;0;40-49;Bicylist Lost Control - Alcohol / Drug Impairment;None;Yes;Yes;Dry;0;Rural;No;23JUL2010;0;18:18;Female;No;Commercial;B: Evident Injury;Yes;O: No Injury;4614;July;0;Straight - Level;Piedmont;With Traffic;Stop Sign;Friday;Intersection;42;0;Two-Way, Not Divided;2 lanes;0;#NULL!;#NULL!;Smooth Asphalt;#NULL!;T-Intersection;Loss of Control / Turning Error;Local Street;B: Evident Injury;Rowan;44;Clear;#NULL!;0-5 mph;30 - 35  MPH;2010;Daylight;40-49
35.1817738725, -80.8382432378;"{""type"": ""Point"", ""coordinates"": [-80.83824323776012, 35.1817738725231]}";White;Charlotte;Travel Lane;2;14;Urban (>70% Developed);Male;Passenger Car;0;#NULL!;0;0;White;No;0;40-49;Motorist Drive Out - Sign-Controlled Intersection;None;No;No;Dry;0;Urban;No;11DEC2010;0;14:03;Male;No;Residential;C: Possible Injury;No;O: No Injury;4615;December;0;Straight - Level;Piedmont;With Traffic;Stop Sign;Saturday;Intersection;43;0;Two-Way, Divided, Positive Median Barrier;4 lanes;0;#NULL!;#NULL!;Smooth Asphalt;#NULL!;T-Intersection;Motorist Failed to Yield - Sign-Controlled Intersection;Local Street;C: Possible Injury;Mecklenburg;61;Clear;#NULL!;6-10 mph;30 - 35  MPH;2010;Daylight;60-69
34.2390817685, -77.9110223117;"{""type"": ""Point"", ""coordinates"": [-77.91102231172698, 34.2390817684531]}";White;Wilmington;Sidewalk / Crosswalk / Driveway Crossing;2;16;Urban (>70% Developed);Male;Motorcycle;0;#NULL!;0;0;Black;No;0;60-69;Motorist Drive Out - Commercial Driveway / Alley;None;No;No;Dry;0;Urban;No;15DEC2010;0;16:11;Female;No;Commercial;O: No Injury;No;O: No Injury;4618;December;0;Straight - Grade;Coastal;Facing Traffic;No Control Present;Wednesday;Non-Intersection;60;0;Two-Way, Not Divided;Unknown;0;#NULL!;#NULL!;Concrete;#NULL!;T-Intersection;Motorist Failed to Yield - Midblock;US Route;O: No Injury;New Hanover;23;Clear;#NULL!;6-10 mph;30 - 35  MPH;2010;Daylight;20-24
36.0884320991, -79.9231670137;"{""type"": ""Point"", ""coordinates"": [-79.9231670136973, 36.0884320990609]}";Black;Greensboro;Bike Lane / Paved Shoulder;2;5;Urban (>70% Developed);Male;Passenger Car;0;#NULL!;0;0;Black;No;0;50-59;Motorist Overtaking - Misjudged Space;Obstruction In Roadway;No;No;Dry;0;Urban;No;30DEC2010;0;5:46;Male;No;Commercial;C: Possible Injury;Yes;O: No Injury;4627;December;0;Straight - Level;Piedmont;With Traffic;No Control Present;Thursday;Non-Intersection;56;0;Two-Way, Not Divided;4 lanes;0;#NULL!;#NULL!;Smooth Asphalt;#NULL!;No Special Feature;Motorist Overtaking Bicyclist;Local Street;O: No Injury;Guilford;56;Clear;#NULL!;36-40 mph;40 - 45  MPH;2010;Dawn;50-59
35.9974740798, -79.9163530063;"{""type"": ""Point"", ""coordinates"": [-79.91635300634901, 35.997474079779685]}";White;Jamestown;Travel Lane;2;9;Urban (>70% Developed);Male;Sport Utility;0;#NULL!;0;0;Black;No;0;20-24;Motorist Left Turn - Opposite Direction;None;No;No;Dry;0;Rural;No;06FEB2010;0;9:40;Female;No;Institutional;B: Evident Injury;Yes;O: No Injury;4633;February;0;Straight - Hillcrest;Piedmont;With Traffic;Stop Sign;Saturday;Intersection;21;0;Two-Way, Not Divided;2 lanes;0;#NULL!;#NULL!;Smooth Asphalt;#NULL!;T-Intersection;Motorist Left Turn / Merge;Local Street;B: Evident Injury;Guilford;21;Clear;#NULL!;6-10 mph;20 - 25  MPH;2010;Daylight;20-24
36.1035171177, -79.4973168857;"{""type"": ""Point"", ""coordinates"": [-79.49731688569133, 36.10351711765082]}";White;None - Rural Crash;Travel Lane;2;14;Urban (>70% Developed);Male;Single Unit Truck (2-Axle, 6-Tire);0;#NULL!;0;0;White;No;0;20-24;Motorist Right Turn - Same Direction;None;No;No;Dry;0;Rural;No;26APR2010;0;14:09;Female;No;Institutional;C: Possible Injury;Yes;O: No Injury;4636;April;0;Straight - Grade;Piedmont;With Traffic;Stop And Go Signal;Monday;Intersection;22;0;Two-Way, Not Divided;2 lanes;0;#NULL!;#NULL!;Smooth Asphalt;#NULL!;Four-Way Intersection;Motorist Right Turn / Merge;State Secondary Route;C: Possible Injury;Alamance;39;Clear;#NULL!;21-25 mph;20 - 25  MPH;2010;Daylight;30-39
35.9842971126, -78.9335527093;"{""type"": ""Point"", ""coordinates"": [-78.93355270926669, 35.98429711260954]}";White;Durham;Travel Lane;2;16;Urban (>70% Developed);Female;Passenger Car;0;#NULL!;0;0;Black;No;0;25-29;Motorist Overtaking - Undetected Bicyclist;None;No;No;Dry;0;Urban;No;22JAN2009;0;16:39;Female;No;Residential;C: Possible Injury;Yes;O: No Injury;4643;January;0;Straight - Grade;Piedmont;With Traffic;No Control Present;Thursday;Non-Intersection;26;0;Two-Way, Not Divided;2 lanes;0;#NULL!;#NULL!;Smooth Asphalt;#NULL!;No Special Feature;Motorist Overtaking Bicyclist;Local Street;C: Possible Injury;Durham;23;Clear;#NULL!;31-35 mph;30 - 35  MPH;2009;Daylight;20-24
36.1006371206, -79.3913128544;"{""type"": ""Point"", ""coordinates"": [-79.39131285442369, 36.100637120602364]}";White;Burlington;Travel Lane;2;12;Urban (>70% Developed);Male;Sport Utility;0;#NULL!;0;0;Black;No;0;40-49;Bicyclist Lost Control - Other / Unknown;None;Yes;Yes;Dry;0;Urban;No;03JAN2009;0;12:16;Female;No;Residential;B: Evident Injury;Yes;O: No Injury;4649;January;0;Straight - Grade;Piedmont;With Traffic;No Control Present;Saturday;Non-Intersection;47;0;Two-Way, Not Divided;2 lanes;0;#NULL!;#NULL!;Smooth Asphalt;#NULL!;No Special Feature;Loss of Control / Turning Error;Local Street;B: Evident Injury;Alamance;23;Clear;#NULL!;21-25 mph;20 - 25  MPH;2009;Daylight;20-24
34.7570468969, -77.4802882058;"{""type"": ""Point"", ""coordinates"": [-77.48028820577643, 34.75704689690499]}";Black;None - Rural Crash;Travel Lane;2;19;Rural (<30% Developed);Male;Passenger Car;0;#NULL!;0;0;White;No;0;50-59;Motorist Left Turn - Same Direction;None;No;No;Wet;0;Rural;No;08JAN2009;0;19:15;Female;No;Farms, Woods, Pastures;C: Possible Injury;No;O: No Injury;4650;January;0;Straight - Level;Coastal;With Traffic;No Control Present;Thursday;Intersection;53;0;Two-Way, Not Divided;5 lanes;0;#NULL!;#NULL!;Coarse Asphalt;#NULL!;T-Intersection;Motorist Left Turn / Merge;US Route;C: Possible Injury;Onslow;55;Cloudy;#NULL!;16-20 mph;40 - 45  MPH;2009;Dark - Roadway Not Lighted;50-59
36.1775241984, -77.6724573362;"{""type"": ""Point"", ""coordinates"": [-77.67245733623398, 36.17752419838092]}";Black;Enfield;Travel Lane;2;18;Urban (>70% Developed);Male;Passenger Car;0;#NULL!;0;0;Black;No;0;40-49;Motorist Overtaking - Undetected Bicyclist;None;No;No;Wet;0;Rural;No;13JAN2009;0;18:15;Female;No;Residential;C: Possible Injury;Yes;O: No Injury;4653;January;0;Straight - Level;Coastal;With Traffic;No Control Present;Tuesday;Intersection;48;0;Two-Way, Not Divided;2 lanes;0;#NULL!;#NULL!;Smooth Asphalt;#NULL!;Four-Way Intersection;Motorist Overtaking Bicyclist;Local Street;C: Possible Injury;Halifax;27;Cloudy;#NULL!;21-25 mph;20 - 25  MPH;2009;Dark - Roadway Not Lighted;25-29
36.0237421755, -77.3791982385;"{""type"": ""Point"", ""coordinates"": [-77.37919823851183, 36.02374217554125]}";Black;None - Rural Crash;Travel Lane;2;17;Rural (<30% Developed);Male;Passenger Car;0;#NULL!;0;0;Black;No;0;40-49;Motorist Overtaking - Bicyclist Swerved;None;No;No;Wet;0;Rural;No;09JAN2009;0;17:58;Female;No;Farms, Woods, Pastures;C: Possible Injury;Yes;O: No Injury;4654;January;0;Straight - Level;Coastal;With Traffic;Double Yellow Line, No Passing Zone;Friday;Non-Intersection;44;0;Two-Way, Not Divided;2 lanes;0;#NULL!;#NULL!;Coarse Asphalt;#NULL!;No Special Feature;Motorist Overtaking Bicyclist;NC Route;C: Possible Injury;Martin;58;Cloudy;#NULL!;41-45 mph;50 - 55  MPH;2009;Dark - Roadway Not Lighted;50-59
35.5461470842, -77.0304021074;"{""type"": ""Point"", ""coordinates"": [-77.03040210737989, 35.54614708423247]}";White;Washington;Sidewalk / Crosswalk / Driveway Crossing;2;16;Urban (>70% Developed);Female;Passenger Car;0;#NULL!;0;0;White;No;0;40-49;Motorist Drive Out - Commercial Driveway / Alley;None;No;No;Dry;0;Urban;No;23APR2012;0;16:46;Male;No;Commercial;C: Possible Injury;No;O: No Injury;2006;April;0;Straight - Level;Coastal;Facing Traffic;No Control Present;Monday;Non-Intersection;40;0;Two-Way, Not Divided;Unknown;0;#NULL!;#NULL!;Coarse Asphalt;#NULL!;Driveway, Public;Motorist Failed to Yield - Midblock;Public Vehicular Area;C: Possible Injury;Beaufort;23;Clear;#NULL!;0-5 mph;30 - 35  MPH;2012;Daylight;20-24
35.8009370798, -78.7741026512;"{""type"": ""Point"", ""coordinates"": [-78.77410265115459, 35.800937079782855]}";Black;Cary;Non-Roadway;2;14;Urban (>70% Developed);Male;Pickup;0;#NULL!;0;0;Unknown/Missing;No;0;6-10;Non-Roadway;None;No;No;Dry;0;Urban;No;28APR2012;0;14:50;Unknown;Missing;Residential;O: No Injury;No;Unknown Injury;2010;April;0;Straight - Grade;Piedmont;Not Applicable;No Control Present;Saturday;Non-Roadway;10;0;Two-Way, Not Divided;Unknown;0;#NULL!;#NULL!;Smooth Asphalt;#NULL!;Driveway, Public;Non-Roadway;Public Vehicular Area;O: No Injury;Wake;Unknown;Cloudy;#NULL!;0-5 mph;Unknown;2012;Daylight;Unknown
35.2842070089, -77.5890022651;"{""type"": ""Point"", ""coordinates"": [-77.58900226509964, 35.28420700890825]}";Black;Kinston;Sidewalk / Crosswalk / Driveway Crossing;2;14;Urban (>70% Developed);Male;Passenger Car;0;#NULL!;0;0;White;No;0;50-59;Motorist Drive Out - Commercial Driveway / Alley;None;No;No;Dry;0;Urban;No;08MAY2012;0;14:20;Female;No;Commercial;C: Possible Injury;Yes;O: No Injury;2013;May;0;Straight - Level;Coastal;Facing Traffic;Stop Sign;Tuesday;Non-Intersection;59;0;Two-Way, Not Divided;4 lanes;0;#NULL!;#NULL!;Smooth Asphalt;#NULL!;Four-Way Intersection;Motorist Failed to Yield - Midblock;Local Street;C: Possible Injury;Lenoir;46;Clear;#NULL!;0-5 mph;30 - 35  MPH;2012;Daylight;40-49
36.112267249, -75.7463017414;"{""type"": ""Point"", ""coordinates"": [-75.74630174135036, 36.11226724903261]}";White;None - Rural Crash;Travel Lane;2;7;Urban (>70% Developed);Male;Passenger Car;0;#NULL!;0;0;White;No;0;70+;Bicyclist Turning Error - Left Turn;None;No;No;Dry;0;Rural;No;11MAY2012;0;7:30;Male;No;Residential;B: Evident Injury;Yes;O: No Injury;2014;May;0;Straight - Level;Coastal;With Traffic;Yield Sign;Friday;Intersection;70+;0;Two-Way, Not Divided;2 lanes;0;#NULL!;#NULL!;Coarse Asphalt;#NULL!;T-Intersection;Loss of Control / Turning Error;Public Vehicular Area;B: Evident Injury;Dare;58;Clear;#NULL!;21-25 mph;20 - 25  MPH;2012;Daylight;50-59
34.2140767664, -77.7914022743;"{""type"": ""Point"", ""coordinates"": [-77.79140227426217, 34.21407676641218]}";White;Wrightsville Beach;Travel Lane;2;16;Urban (>70% Developed);Male;Passenger Car;0;#NULL!;0;0;White;No;0;60-69;Motorist Left Turn - Opposite Direction;None;No;No;Dry;0;Rural;No;06MAY2012;0;16:47;Male;No;Residential;C: Possible Injury;No;O: No Injury;2023;May;0;Straight - Level;Coastal;With Traffic;Stop Sign;Sunday;Intersection;69;0;Two-Way, Not Divided;2 lanes;0;#NULL!;#NULL!;Grooved Concrete;#NULL!;Four-Way Intersection;Motorist Left Turn / Merge;Local Street;C: Possible Injury;New Hanover;20;Cloudy;#NULL!;0-5 mph;20 - 25  MPH;2012;Daylight;20-24
36.1002191072, -79.7651029667;"{""type"": ""Point"", ""coordinates"": [-79.76510296673922, 36.10021910721277]}";Black;Greensboro;Travel Lane;2;16;Urban (>70% Developed);Male;Passenger Car;0;#NULL!;0;0;White;No;0;16-19;Bicyclist Ride Through - Sign-Controlled Intersection;None;No;No;Dry;0;Urban;No;09APR2010;0;16:55;Female;No;Residential;B: Evident Injury;Yes;O: No Injury;3822;April;0;Straight - Level;Piedmont;With Traffic;No Control Present;Friday;Intersection;18;0;Two-Way, Divided, Unprotected Median;4 lanes;0;#NULL!;#NULL!;Smooth Asphalt;#NULL!;T-Intersection;Bicyclist Failed to Yield - Sign-Controlled Intersection;Local Street;B: Evident Injury;Guilford;50;Clear;#NULL!;31-35 mph;30 - 35  MPH;2010;Daylight;50-59
35.176653923, -79.4092128101;"{""type"": ""Point"", ""coordinates"": [-79.40921281006625, 35.17665392298457]}";White;Southern Pines;Travel Lane;2;19;Urban (>70% Developed);Female;Unknown;0;#NULL!;0;0;Unknown/Missing;No;0;30-39;Motorist Overtaking - Other / Unknown;None;No;No;Dry;0;Urban;Yes;12APR2010;0;19:25;Unknown;No;Residential;B: Evident Injury;Yes;Unknown Injury;3823;April;0;Straight - Level;Piedmont;With Traffic;No Control Present;Monday;Non-Intersection;36;0;Two-Way, Not Divided;2 lanes;0;#NULL!;#NULL!;Coarse Asphalt;#NULL!;No Special Feature;Motorist Overtaking Bicyclist;Local Street;B: Evident Injury;Moore;Unknown;Clear;#NULL!;Unknown;30 - 35  MPH;2010;Daylight;Unknown
35.2516929826, -78.1371824297;"{""type"": ""Point"", ""coordinates"": [-78.13718242966961, 35.25169298264892]}";Black;Dudley;Travel Lane;2;19;Mixed (30% To 70% Developed);Male;Passenger Car;0;#NULL!;0;0;White;No;0;60-69;Motorist Overtaking - Misjudged Space;None;No;No;Dry;0;Rural;No;09APR2010;0;19:34;Female;No;Residential;C: Possible Injury;Yes;O: No Injury;3829;April;0;Straight - Level;Coastal;With Traffic;Double Yellow Line, No Passing Zone;Friday;Non-Intersection;62;0;Two-Way, Not Divided;2 lanes;0;#NULL!;#NULL!;Coarse Asphalt;#NULL!;No Special Feature;Motorist Overtaking Bicyclist;State Secondary Route;C: Possible Injury;Wayne;63;Clear;#NULL!;41-45 mph;40 - 45  MPH;2010;Dusk;60-69
35.7235870826, -78.2122424764;"{""type"": ""Point"", ""coordinates"": [-78.2122424764136, 35.72358708260064]}";Hispanic;None - Rural Crash;Driveway / Alley;2;18;Urban (>70% Developed);Male;Sport Utility;0;#NULL!;0;0;Hispanic;No;0;6-10;Bicyclist Ride Out - Residential Driveway;None;No;No;Dry;0;Rural;No;22APR2010;0;18:35;Female;No;Residential;B: Evident Injury;No;O: No Injury;3834;April;0;Straight - Grade;Coastal;Not Applicable;No Control Present;Thursday;Non-Intersection;8;0;Two-Way, Not Divided;2 lanes;0;#NULL!;#NULL!;Coarse Asphalt;#NULL!;Driveway, Private;Bicyclist Failed to Yield - Midblock;State Secondary Route;B: Evident Injury;Johnston;26;Clear;#NULL!;21-25 mph;30 - 35  MPH;2010;Daylight;25-29
35.9006371189, -78.2660725024;"{""type"": ""Point"", ""coordinates"": [-78.26607250236991, 35.900637118868595]}";Black;None - Rural Crash;Travel Lane;2;23;Rural (<30% Developed);Male;Passenger Car;0;#NULL!;0;0;Black;No;0;50-59;Bicyclist Turning Error - Left Turn;None;Yes;Yes;Dry;0;Rural;No;23APR2010;0;23:35;Female;No;Farms, Woods, Pastures;K: Killed;Yes;O: No Injury;3839;April;0;Straight - Level;Piedmont;With Traffic;Double Yellow Line, No Passing Zone;Friday;Intersection;55;0;Two-Way, Not Divided;2 lanes;0;#NULL!;#NULL!;Smooth Asphalt;#NULL!;T-Intersection;Loss of Control / Turning Error;NC Route;K: Killed;Franklin;31;Cloudy;#NULL!;41-45 mph;50 - 55  MPH;2010;Dark - Roadway Not Lighted;30-39
35.0975299226, -78.9159126573;"{""type"": ""Point"", ""coordinates"": [-78.91591265730307, 35.09752992256447]}";Black;Fayetteville;Travel Lane;2;19;Urban (>70% Developed);Male;Passenger Car;0;#NULL!;0;0;Unknown/Missing;No;0;25-29;Motorist Turning Error - Other;None;No;No;Dry;0;Urban;Yes;19APR2010;0;19:10;Unknown;Missing;Commercial;Unknown Injury;No;Unknown Injury;3846;April;0;Straight - Level;Coastal;With Traffic;No Control Present;Monday;Intersection-Related;27;0;Two-Way, Divided, Unprotected Median;2 lanes;0;#NULL!;#NULL!;Coarse Asphalt;#NULL!;No Special Feature;Loss of Control / Turning Error;Local Street;Unknown Injury;Cumberland;Unknown;Clear;#NULL!;6-10 mph;40 - 45  MPH;2010;Daylight;Unknown
35.4259029244, -80.8469532536;"{""type"": ""Point"", ""coordinates"": [-80.84695325357247, 35.42590292437126]}";White;Huntersville;Travel Lane;2;19;Mixed (30% To 70% Developed);Male;Sport Utility;0;#NULL!;0;0;White;No;0;40-49;Motorist Drive Out - Sign-Controlled Intersection;None;No;No;Dry;0;Urban;No;18APR2010;0;19:30;Male;No;Residential;A: Disabling Injury;Yes;O: No Injury;3851;April;0;Straight - Grade;Piedmont;With Traffic;Stop Sign;Sunday;Intersection;41;0;Two-Way, Not Divided;2 lanes;0;#NULL!;#NULL!;Smooth Asphalt;#NULL!;No Special Feature;Motorist Failed to Yield - Sign-Controlled Intersection;Local Street;A: Disabling Injury;Mecklenburg;33;Clear;#NULL!;0-5 mph;20 - 25  MPH;2010;Dusk;30-39
36.0963401047, -79.8224329837;"{""type"": ""Point"", ""coordinates"": [-79.8224329837237, 36.09634010471188]}";White;Greensboro;Travel Lane;2;18;Urban (>70% Developed);Male;Passenger Car;0;#NULL!;0;0;White;No;0;30-39;Motorist Left Turn - Opposite Direction;None;No;No;Dry;0;Urban;No;16APR2010;0;18:00;Male;No;Residential;B: Evident Injury;Yes;O: No Injury;3853;April;0;Straight - Grade;Piedmont;With Traffic;No Control Present;Friday;Intersection;39;0;Two-Way, Not Divided;2 lanes;0;#NULL!;#NULL!;Smooth Asphalt;#NULL!;T-Intersection;Motorist Left Turn / Merge;Local Street;B: Evident Injury;Guilford;70+;Clear;#NULL!;16-20 mph;30 - 35  MPH;2010;Daylight;70+
35.2352098851, -80.8207332354;"{""type"": ""Point"", ""coordinates"": [-80.82073323535239, 35.23520988509056]}";Hispanic;Charlotte;Travel Lane;2;17;Urban (>70% Developed);Male;Commercial Bus;0;#NULL!;0;0;Black;Yes;0;25-29;Parallel Paths - Other / Unknown;None;No;No;Dry;0;Urban;No;21APR2010;0;17:56;Female;No;Commercial;O: No Injury;No;O: No Injury;3854;April;0;Straight - Level;Piedmont;With Traffic;No Control Present;Wednesday;Non-Intersection;29;0;One-Way, Not Divided;2 lanes;0;#NULL!;#NULL!;Smooth Asphalt;#NULL!;No Special Feature;Parallel Paths - Other Circumstances;Local Street;O: No Injury;Mecklenburg;55;Cloudy;#NULL!;31-35 mph;30 - 35  MPH;2010;Daylight;50-59
36.1083971141, -79.6325479274;"{""type"": ""Point"", ""coordinates"": [-79.63254792740057, 36.10839711406006]}";Black;None - Rural Crash;Travel Lane;2;20;Rural (<30% Developed);Male;Passenger Car;0;#NULL!;0;0;Unknown/Missing;No;0;11-15;Bicyclist Left Turn - Same Direction;None;No;No;Dry;0;Rural;Yes;28APR2010;0;20:00;Unknown;No;Farms, Woods, Pastures;C: Possible Injury;No;Unknown Injury;3861;April;0;Straight - Level;Piedmont;With Traffic;Double Yellow Line, No Passing Zone;Wednesday;Non-Intersection;14;0;Two-Way, Not Divided;2 lanes;0;#NULL!;#NULL!;Smooth Asphalt;#NULL!;No Special Feature;Bicyclist Left Turn / Merge;State Secondary Route;C: Possible Injury;Guilford;Unknown;Clear;#NULL!;0-5 mph;50 - 55  MPH;2010;Dusk;Unknown
35.5991618934, -82.6219837908;"{""type"": ""Point"", ""coordinates"": [-82.62198379082243, 35.59916189338078]}";White;Asheville;Travel Lane;2;16;Urban (>70% Developed);Male;Passenger Car;0;#NULL!;0;0;White;No;0;40-49;Motorist Left Turn - Opposite Direction;None;No;No;Dry;0;Urban;No;23APR2010;0;16:57;Male;No;Commercial;C: Possible Injury;Yes;O: No Injury;3868;April;0;Straight - Grade;Mountains;With Traffic;No Control Present;Friday;Non-Intersection;46;0;Two-Way, Divided, Unprotected Median;5 lanes;0;#NULL!;#NULL!;Smooth Asphalt;#NULL!;Driveway, Public;Motorist Left Turn / Merge;NC Route;C: Possible Injury;Buncombe;63;Clear;#NULL!;6-10 mph;40 - 45  MPH;2010;Daylight;60-69
34.3835598083, -77.6703522456;"{""type"": ""Point"", ""coordinates"": [-77.6703522455601, 34.383559808328855]}";White;None - Rural Crash;Travel Lane;2;17;Mixed (30% To 70% Developed);Male;Passenger Car;0;#NULL!;0;0;White;No;0;11-15;Bicyclist Right Turn - Same Direction;None;No;No;Dry;0;Rural;No;05MAY2010;0;17:10;Male;No;Residential;C: Possible Injury;Yes;O: No Injury;3871;May;0;Straight - Level;Coastal;Facing Traffic;Double Yellow Line, No Passing Zone;Wednesday;Non-Intersection;12;0;Two-Way, Not Divided;3 lanes;0;#NULL!;#NULL!;Coarse Asphalt;#NULL!;No Special Feature;Bicyclist Right Turn / Merge;State Secondary Route;C: Possible Injury;Pender;31;Clear;#NULL!;31-35 mph;40 - 45  MPH;2010;Daylight;30-39