Geo Point;Geo Shape;BikeRace;City;BikePos;NumUnits;CrashHour;Locality;BikeSex;DrvrVehTyp;NumBikesNo;BikeAlcDrg;NumBikesBI;RteInvdCd;DrvrRace;Workzone;NumBikesCi;BikeAgeGrp;CrashType;RdDefects;CrashAlcoh;BikeAlcoho;RdConditio;DstncMiFrm;RuralUrban;HitRun;CrashDate;NumBikesUI;CrashTime;DrvrSex;DrvrAlcoho;Developmen;CrashSevr;AmbulanceR;DrvrInjury;OBJECTID;CrashMonth;NumBikesKi;RdCharacte;Region;BikeDir;TraffCntrl;CrashDay;CrashLoc;BikeAge;NumBikesTo;RdConfig;NumLanes;NumBikesAI;DrvrAlcDrg;OnRoad;RdSurface;Towrd_Rd;RdFeature;CrashGrp;RdClass;BikeInjury;County;DrvrAge;Weather;FrmRd;DrvrEstSpd;SpeedLimit;CrashYear;LightCond;DrvrAgeGrp
35.7820870728, -78.8474326721;"{""type"": ""Point"", ""coordinates"": [-78.84743267205928, 35.782087072752155]}";White;Cary;Sidewalk / Crosswalk / Driveway Crossing;2;7;Urban (>70% Developed);Male;Sport Utility;0;#NULL!;0;0;White;No;0;11-15;Motorist Drive Out - Sign-Controlled Intersection;None;No;No;Dry;0;Urban;No;06MAY2010;0;7:55;Male;No;Commercial;B: Evident Injury;No;O: No Injury;3875;May;0;Straight - Level;Piedmont;Facing Traffic;Stop Sign;Thursday;Intersection;12;0;Two-Way, Not Divided;2 lanes;0;#NULL!;#NULL!;Smooth Asphalt;#NULL!;T-Intersection;Motorist Failed to Yield - Sign-Controlled Intersection;Local Street;B: Evident Injury;Wake;53;Clear;#NULL!;0-5 mph;20 - 25  MPH;2010;Daylight;50-59
35.8351210933, -78.5992425994;"{""type"": ""Point"", ""coordinates"": [-78.59924259944755, 35.8351210932844]}";White;Raleigh;Travel Lane;2;15;Urban (>70% Developed);Male;Van;0;#NULL!;0;0;White;No;0;25-29;Bicyclist Ride Out - Signalized  Intersection;None;No;No;Dry;0;Urban;No;05APR2010;0;15:51;Female;No;Commercial;C: Possible Injury;Yes;O: No Injury;3880;April;0;Straight - Level;Piedmont;Facing Traffic;Stop And Go Signal;Monday;Intersection-Related;28;0;Two-Way, Not Divided;4 lanes;0;#NULL!;#NULL!;Smooth Asphalt;#NULL!;No Special Feature;Bicyclist Failed to Yield - Signalized Intersection;Local Street;C: Possible Injury;Wake;55;Clear;#NULL!;16-20 mph;40 - 45  MPH;2010;Dark - Lighted Roadway;50-59
35.851507097, -78.5754875936;"{""type"": ""Point"", ""coordinates"": [-78.57548759355728, 35.85150709697252]}";White;Raleigh;Sidewalk / Crosswalk / Driveway Crossing;2;15;Urban (>70% Developed);Male;Passenger Car;0;#NULL!;0;0;White;No;0;16-19;Bicyclist Ride Out - Parallel Path;None;No;No;Dry;0;Urban;No;14APR2010;0;15:00;Male;No;Residential;B: Evident Injury;Yes;O: No Injury;3886;April;0;Straight - Level;Piedmont;With Traffic;No Control Present;Wednesday;Intersection-Related;16;0;Two-Way, Not Divided;2 lanes;0;#NULL!;#NULL!;Concrete;#NULL!;No Special Feature;Parallel Paths - Other Circumstances;Local Street;B: Evident Injury;Wake;62;Cloudy;#NULL!;21-25 mph;30 - 35  MPH;2010;Daylight;60-69
34.0319887229, -77.894962297;"{""type"": ""Point"", ""coordinates"": [-77.89496229695857, 34.0319887228983]}";White;Carolina Beach;Bike Lane / Paved Shoulder;2;5;Urban (>70% Developed);Male;Passenger Car;0;#NULL!;0;0;White;No;0;20-24;Motorist Left Turn - Opposite Direction;None;No;No;Dry;0;Urban;No;22APR2010;0;5:32;Female;No;Residential;Unknown Injury;Yes;Unknown Injury;3890;April;0;Straight - Level;Coastal;With Traffic;No Control Present;Thursday;Intersection;22;0;Two-Way, Divided, Unprotected Median;2 lanes;0;#NULL!;#NULL!;Smooth Asphalt;#NULL!;No Special Feature;Motorist Left Turn / Merge;State Secondary Route;Unknown Injury;New Hanover;70+;Clear;#NULL!;21-25 mph;20 - 25  MPH;2010;Daylight;70+
34.7595568309, -79.4591778029;"{""type"": ""Point"", ""coordinates"": [-79.45917780294532, 34.759556830882765]}";Black;Laurinburg;Travel Lane;2;18;Urban (>70% Developed);Male;Van;0;#NULL!;0;0;White;No;0;16-19;Bicyclist Left Turn - Same Direction;None;No;No;Water (Standing, Moving);0;Urban;No;30APR2010;0;18:09;Male;No;Residential;C: Possible Injury;Yes;O: No Injury;3896;April;0;Straight - Level;Coastal;With Traffic;No Control Present;Friday;Non-Intersection;17;0;Two-Way, Not Divided;2 lanes;0;#NULL!;#NULL!;Coarse Asphalt;#NULL!;No Special Feature;Bicyclist Left Turn / Merge;Local Street;C: Possible Injury;Scotland;40;Clear;#NULL!;26-30 mph;30 - 35  MPH;2010;Daylight;40-49
35.9721371015, -79.1631877776;"{""type"": ""Point"", ""coordinates"": [-79.1631877776067, 35.972137101533214]}";White;None - Rural Crash;Travel Lane;2;16;Rural (<30% Developed);Male;Unknown;0;#NULL!;0;0;Unknown/Missing;No;0;20-24;Motorist Overtaking - Other / Unknown;None;No;No;Dry;0;Rural;Yes;29APR2010;0;16:38;Unknown;No;Farms, Woods, Pastures;C: Possible Injury;Yes;Unknown Injury;3898;April;0;Straight - Level;Piedmont;With Traffic;Double Yellow Line, No Passing Zone;Thursday;Intersection;22;0;Two-Way, Divided, Unprotected Median;2 lanes;0;#NULL!;#NULL!;Smooth Asphalt;#NULL!;Four-Way Intersection;Motorist Overtaking Bicyclist;State Secondary Route;C: Possible Injury;Orange;Unknown;Clear;#NULL!;41-45 mph;40 - 45  MPH;2010;Daylight;Unknown
34.7769068334, -79.5006328162;"{""type"": ""Point"", ""coordinates"": [-79.50063281620878, 34.77690683341258]}";White;None - Rural Crash;Travel Lane;2;14;Rural (<30% Developed);Male;Passenger Car;0;#NULL!;0;0;White;No;0;11-15;Motorist Overtaking - Other / Unknown;None;No;No;Dry;0;Rural;No;13MAY2010;0;14:47;Female;No;Farms, Woods, Pastures;B: Evident Injury;Yes;O: No Injury;3902;May;0;Straight - Level;Coastal;With Traffic;No Control Present;Thursday;Non-Intersection;15;0;Two-Way, Not Divided;2 lanes;0;#NULL!;#NULL!;Smooth Asphalt;#NULL!;No Special Feature;Motorist Overtaking Bicyclist;NC Route;B: Evident Injury;Scotland;26;Clear;#NULL!;51-55 mph;50 - 55  MPH;2010;Daylight;25-29
36.0398320914, -79.8495029892;"{""type"": ""Point"", ""coordinates"": [-79.84950298922534, 36.03983209136492]}";White;Greensboro;Travel Lane;2;8;Urban (>70% Developed);Male;Passenger Car;0;#NULL!;0;0;White;No;0;11-15;Bicyclist Ride Out - Signalized  Intersection;None;No;No;Dry;0;Urban;No;07MAY2010;0;8:42;Male;No;Commercial;B: Evident Injury;Yes;O: No Injury;3921;May;0;Straight - Level;Piedmont;Facing Traffic;Stop And Go Signal;Friday;Intersection;15;0;Two-Way, Divided, Unprotected Median;8 lanes;0;#NULL!;#NULL!;Coarse Asphalt;#NULL!;Four-Way Intersection;Bicyclist Failed to Yield - Signalized Intersection;Local Street;B: Evident Injury;Guilford;28;Clear;#NULL!;11-15 mph;30 - 35  MPH;2010;Daylight;25-29
36.0948071182, -79.4272228645;"{""type"": ""Point"", ""coordinates"": [-79.42722286449387, 36.09480711816173]}";Hispanic;Burlington;Travel Lane;2;18;Urban (>70% Developed);Female;Passenger Car;0;#NULL!;0;0;Black;No;0;6-10;Bicyclist Right Turn - Same Direction;None;No;No;Dry;0;Urban;No;07MAY2010;0;18:15;Female;No;Residential;B: Evident Injury;No;O: No Injury;3923;May;0;Straight - Level;Piedmont;Facing Traffic;No Control Present;Friday;Non-Intersection;7;0;Two-Way, Not Divided;1 lane;0;#NULL!;#NULL!;Smooth Asphalt;#NULL!;No Special Feature;Bicyclist Right Turn / Merge;Local Street;B: Evident Injury;Alamance;17;Clear;#NULL!;16-20 mph;30 - 35  MPH;2010;Daylight;0-19
35.2528298862, -80.878263254;"{""type"": ""Point"", ""coordinates"": [-80.87826325395365, 35.252829886186]}";Black;Charlotte;Travel Lane;2;18;Urban (>70% Developed);Male;Sport Utility;0;#NULL!;0;0;Black;No;0;11-15;Bicyclist Ride Through - Sign-Controlled Intersection;None;No;No;Dry;0;Urban;No;06MAY2010;0;18:05;Male;No;Residential;B: Evident Injury;No;O: No Injury;3926;May;0;Curve - Grade;Piedmont;With Traffic;No Control Present;Thursday;Intersection;13;0;Two-Way, Not Divided;2 lanes;0;#NULL!;#NULL!;Smooth Asphalt;#NULL!;No Special Feature;Bicyclist Failed to Yield - Sign-Controlled Intersection;Local Street;B: Evident Injury;Mecklenburg;61;Clear;#NULL!;21-25 mph;20 - 25  MPH;2010;Daylight;60-69
35.111336857, -80.8575632398;"{""type"": ""Point"", ""coordinates"": [-80.85756323982469, 35.11133685698423]}";White;Charlotte;Travel Lane;2;9;Urban (>70% Developed);Male;Sport Utility;0;#NULL!;0;0;White;No;0;40-49;Motorist Right Turn - Same Direction;None;No;No;Dry;0;Urban;No;02MAY2010;0;9:52;Female;No;Residential;B: Evident Injury;No;O: No Injury;3930;May;0;Straight - Level;Piedmont;With Traffic;No Control Present;Sunday;Non-Intersection;48;0;Two-Way, Divided, Positive Median Barrier;6 lanes;0;#NULL!;#NULL!;Smooth Asphalt;#NULL!;No Special Feature;Motorist Right Turn / Merge;Local Street;B: Evident Injury;Mecklenburg;43;Clear;#NULL!;6-10 mph;30 - 35  MPH;2010;Daylight;40-49
35.7199931148, -77.2422921813;"{""type"": ""Point"", ""coordinates"": [-77.24229218129804, 35.71999311477964]}";Black;None - Rural Crash;Travel Lane;2;17;Rural (<30% Developed);Male;Passenger Car;0;#NULL!;0;0;White;No;0;40-49;Bicyclist Left Turn - Same Direction;None;No;No;Dry;0;Rural;No;21MAY2010;0;17:29;Female;No;Farms, Woods, Pastures;C: Possible Injury;Yes;O: No Injury;3931;May;0;Straight - Grade;Coastal;With Traffic;Double Yellow Line, No Passing Zone;Friday;Non-Intersection;41;0;Two-Way, Not Divided;2 lanes;0;#NULL!;#NULL!;Coarse Asphalt;#NULL!;Related To Intersection;Bicyclist Left Turn / Merge;NC Route;C: Possible Injury;Pitt;51;Clear;#NULL!;46-50 mph;50 - 55  MPH;2010;Daylight;50-59
34.2236247676, -77.8170822822;"{""type"": ""Point"", ""coordinates"": [-77.8170822821609, 34.22362476762142]}";White;Wilmington;Travel Lane;2;18;Urban (>70% Developed);Male;Sport Utility;0;#NULL!;0;0;White;No;0;6-10;Parallel Paths - Other / Unknown;None;No;No;Dry;0;Urban;No;03MAY2010;0;18:05;Female;No;Residential;A: Disabling Injury;No;O: No Injury;3934;May;0;Straight - Level;Coastal;With Traffic;No Control Present;Monday;Non-Intersection;7;0;One-Way, Not Divided;1 lane;0;#NULL!;#NULL!;Other;#NULL!;Bridge;Parallel Paths - Other Circumstances;Private Road, Driveway;A: Disabling Injury;New Hanover;47;Clear;#NULL!;0-5 mph;20 - 25  MPH;2010;Daylight;40-49
35.6025119637, -80.7949482476;"{""type"": ""Point"", ""coordinates"": [-80.79494824758467, 35.602511963668405]}";Black;Mooresville;Travel Lane;2;12;Urban (>70% Developed);Male;Sport Utility;0;#NULL!;0;0;White;No;0;16-19;Motorist Overtaking - Bicyclist Swerved;None;No;No;Dry;0;Urban;No;07MAY2010;0;12:18;Male;No;Residential;B: Evident Injury;Yes;O: No Injury;3936;May;0;Straight - Grade;Piedmont;With Traffic;Double Yellow Line, No Passing Zone;Friday;Non-Intersection;19;0;Two-Way, Not Divided;3 lanes;0;#NULL!;#NULL!;Coarse Asphalt;#NULL!;No Special Feature;Motorist Overtaking Bicyclist;Local Street;B: Evident Injury;Iredell;34;Clear;#NULL!;31-35 mph;30 - 35  MPH;2010;Daylight;30-39
35.1947927622, -83.8356941232;"{""type"": ""Point"", ""coordinates"": [-83.83569412324883, 35.194792762208806]}";White;Andrews;Non-Roadway;2;17;Rural (<30% Developed);Male;Motorcycle;0;#NULL!;0;0;White;No;0;0-5;Non-Roadway;None;No;No;Dry;0;Rural;No;01MAY2010;0;17:48;Male;No;Residential;B: Evident Injury;No;O: No Injury;3949;May;0;Straight - Level;Mountains;Not Applicable;No Control Present;Saturday;Non-Roadway;3;0;One-Way, Not Divided;Unknown;0;#NULL!;#NULL!;Smooth Asphalt;#NULL!;No Special Feature;Non-Roadway;Public Vehicular Area;B: Evident Injury;Cherokee;13;Clear;#NULL!;6-10 mph;Unknown;2010;Daylight;0-19
35.3998828756, -82.0039475966;"{""type"": ""Point"", ""coordinates"": [-82.00394759655889, 35.39988287562927]}";White;None - Rural Crash;Travel Lane;2;8;Mixed (30% To 70% Developed);Male;Passenger Car;0;#NULL!;0;0;White;No;0;40-49;Motorist Drive Out - Residential Driveway;None;No;No;Dry;0;Rural;No;05JUN2010;0;8:57;Male;No;Residential;B: Evident Injury;Yes;O: No Injury;3966;June;0;Straight - Grade;Mountains;With Traffic;No Control Present;Saturday;Non-Intersection;48;0;Two-Way, Not Divided;2 lanes;0;#NULL!;#NULL!;Smooth Asphalt;#NULL!;Driveway, Private;Motorist Failed to Yield - Midblock;State Secondary Route;B: Evident Injury;Rutherford;17;Clear;#NULL!;0-5 mph;50 - 55  MPH;2010;Daylight;0-19
35.7322529872, -80.8973432857;"{""type"": ""Point"", ""coordinates"": [-80.89734328571029, 35.732252987242134]}";White;None - Rural Crash;Travel Lane;2;11;Rural (<30% Developed);Male;Sport Utility;0;#NULL!;0;0;Black;No;0;16-19;Bicyclist Left Turn - Same Direction;None;No;No;Dry;0;Rural;No;12JUN2010;0;11:17;Female;No;Residential;C: Possible Injury;Yes;O: No Injury;3987;June;0;Straight - Grade;Piedmont;With Traffic;Double Yellow Line, No Passing Zone;Saturday;Intersection;16;0;Two-Way, Not Divided;2 lanes;0;#NULL!;#NULL!;Smooth Asphalt;#NULL!;T-Intersection;Bicyclist Left Turn / Merge;US Route;C: Possible Injury;Iredell;22;Clear;#NULL!;31-35 mph;40 - 45  MPH;2010;Daylight;20-24
35.823337081, -78.8741726821;"{""type"": ""Point"", ""coordinates"": [-78.87417268207594, 35.82333708104461]}";White;None - Rural Crash;Travel Lane;2;15;Mixed (30% To 70% Developed);Female;Passenger Car;0;#NULL!;0;0;White;No;0;40-49;Motorist Left Turn - Opposite Direction;None;No;No;Dry;0;Rural;No;15JUN2010;0;15:52;Female;No;Farms, Woods, Pastures;B: Evident Injury;No;O: No Injury;3995;June;0;Straight - Level;Piedmont;With Traffic;Stop And Go Signal;Tuesday;Intersection;44;0;Two-Way, Not Divided;2 lanes;0;#NULL!;#NULL!;Smooth Asphalt;#NULL!;Four-Way Intersection;Motorist Left Turn / Merge;State Secondary Route;B: Evident Injury;Wake;43;Clear;#NULL!;6-10 mph;40 - 45  MPH;2010;Daylight;40-49
35.9271500975, -79.0274077347;"{""type"": ""Point"", ""coordinates"": [-79.02740773469563, 35.92715009747199]}";White;Chapel Hill;Non-Roadway;2;22;Urban (>70% Developed);Male;Passenger Car;0;#NULL!;0;0;White;No;0;20-24;Non-Roadway;None;No;No;Dry;0;Urban;No;05JUN2010;0;22:54;Male;No;Commercial;B: Evident Injury;Yes;Unknown Injury;3996;June;0;Straight - Level;Piedmont;Not Applicable;Stop Sign;Saturday;Non-Roadway;21;0;Two-Way, Not Divided;Unknown;0;#NULL!;#NULL!;Smooth Asphalt;#NULL!;Driveway, Public;Non-Roadway;Public Vehicular Area;B: Evident Injury;Orange;55;Clear;#NULL!;Unknown;20 - 25  MPH;2010;Dark - Lighted Roadway;50-59
35.7201170661, -78.6539026107;"{""type"": ""Point"", ""coordinates"": [-78.65390261074984, 35.72011706606648]}";Hispanic;Garner;Travel Lane;2;7;Urban (>70% Developed);Male;Sport Utility;0;#NULL!;0;0;Black;No;0;50-59;Crossing Paths - Midblock - Other / Unknown;None;No;No;Dry;0;Urban;No;26MAY2010;0;7:21;Female;No;Commercial;C: Possible Injury;Yes;O: No Injury;4000;May;0;Straight - Level;Piedmont;Facing Traffic;No Control Present;Wednesday;Non-Intersection;55;0;Two-Way, Divided, Unprotected Median;4 lanes;0;#NULL!;#NULL!;Coarse Asphalt;#NULL!;T-Intersection;Crossing Paths - Other Circumstances;Local Street;C: Possible Injury;Wake;59;Clear;#NULL!;41-45 mph;40 - 45  MPH;2010;Daylight;50-59
35.5882669587, -80.8559032653;"{""type"": ""Point"", ""coordinates"": [-80.85590326532817, 35.588266958650046]}";White;Mooresville;Non-Roadway;2;20;Urban (>70% Developed);Male;Passenger Car;0;#NULL!;0;0;White;No;0;11-15;Bicyclist Ride Out - Commercial Driveway / Alley;None;No;No;Dry;0;Urban;No;05APR2013;0;20:46;Female;No;Commercial;B: Evident Injury;Yes;O: No Injury;1025;April;0;Straight - Level;Piedmont;Not Applicable;Double Yellow Line, No Passing Zone;Friday;Non-Intersection;14;0;Two-Way, Not Divided;2 lanes;0;#NULL!;TERRACE RD;Smooth Asphalt;#NULL!;T-Intersection;Bicyclist Failed to Yield - Midblock;Local Street;B: Evident Injury;Iredell;25;Clear;#NULL!;16-20 mph;20 - 25  MPH;2013;Dark - Roadway Not Lighted;25-29
36.0652970977, -79.8127029796;"{""type"": ""Point"", ""coordinates"": [-79.81270297955969, 36.06529709773535]}";White;Greensboro;Sidewalk / Crosswalk / Driveway Crossing;2;9;Urban (>70% Developed);Male;Passenger Car;0;#NULL!;0;0;White;No;0;16-19;Motorist Right Turn - Same Direction;None;No;No;Dry;0;Urban;No;09APR2013;0;9:27;Female;No;Institutional;B: Evident Injury;Yes;O: No Injury;1016;April;0;Straight - Level;Piedmont;With Traffic;Stop And Go Signal;Tuesday;Intersection;18;0;Two-Way, Divided, Unprotected Median;1 lane;0;#NULL!;SPRING GARDEN ST;Coarse Asphalt;#NULL!;Four-Way Intersection;Motorist Right Turn / Merge;Local Street;B: Evident Injury;Guilford;21;Clear;#NULL!;6-10 mph;20 - 25  MPH;2013;Daylight;20-24
35.9581671476, -77.7841023583;"{""type"": ""Point"", ""coordinates"": [-77.78410235833964, 35.95816714760225]}";White;Rocky Mount;Travel Lane;2;22;Rural (<30% Developed);Male;Sport Utility;0;#NULL!;0;0;Black;No;0;40-49;Motorist Overtaking - Undetected Bicyclist;None;No;No;Dry;0;Urban;No;18APR2013;0;22:21;Male;No;Farms, Woods, Pastures;K: Killed;Yes;O: No Injury;1020;April;0;Straight - Grade;Coastal;With Traffic;No Control Present;Thursday;Non-Intersection;45;0;Two-Way, Divided, Positive Median Barrier;4 lanes;0;#NULL!;US 64;Coarse Asphalt;#NULL!;No Special Feature;Motorist Overtaking Bicyclist;US Route;K: Killed;Edgecombe;41;Cloudy;#NULL!;66-70 mph;60 - 75 MPH;2013;Dark - Roadway Not Lighted;40-49
35.9470570976, -79.1303027663;"{""type"": ""Point"", ""coordinates"": [-79.13030276634804, 35.947057097647985]}";White;None - Rural Crash;Travel Lane;2;16;Rural (<30% Developed);Male;Passenger Car;0;#NULL!;0;0;Black;No;0;50-59;Motorist Left Turn - Opposite Direction;None;No;No;Dry;0;Rural;No;20APR2013;0;16:42;Male;No;Farms, Woods, Pastures;B: Evident Injury;Yes;O: No Injury;1021;April;0;Straight - Level;Piedmont;With Traffic;Double Yellow Line, No Passing Zone;Saturday;Intersection;56;0;Two-Way, Not Divided;2 lanes;0;#NULL!;SR 1112;Smooth Asphalt;#NULL!;T-Intersection;Motorist Left Turn / Merge;State Secondary Route;B: Evident Injury;Orange;70+;Clear;#NULL!;41-45 mph;40 - 45  MPH;2013;Daylight;70+
35.2062268752, -80.9221032648;"{""type"": ""Point"", ""coordinates"": [-80.92210326479184, 35.20622687521689]}";White;Charlotte;Travel Lane;2;9;Urban (>70% Developed);Male;Pickup;0;#NULL!;0;0;Black;No;0;25-29;Motorist Left Turn - Opposite Direction;None;No;Missing;Dry;0;Urban;No;13APR2013;0;9:43;Male;No;Commercial;B: Evident Injury;Yes;O: No Injury;1005;April;0;Straight - Level;Piedmont;With Traffic;Stop And Go Signal;Saturday;Intersection;28;0;Two-Way, Divided, Positive Median Barrier;4 lanes;0;#NULL!;US 521;Smooth Asphalt;#NULL!;No Special Feature;Motorist Left Turn / Merge;US Route;B: Evident Injury;Mecklenburg;59;Clear;#NULL!;21-25 mph;40 - 45  MPH;2013;Daylight;50-59
36.1096670844, -80.4255031663;"{""type"": ""Point"", ""coordinates"": [-80.42550316632114, 36.109667084361874]}";White;Lewisville;Travel Lane;2;18;Rural (<30% Developed);Male;Passenger Car;0;#NULL!;0;0;White;No;0;50-59;Motorist Left Turn - Opposite Direction;None;No;No;Dry;0;Urban;No;08APR2013;0;18:27;Male;No;Residential;C: Possible Injury;Yes;O: No Injury;1008;April;0;Straight - Grade;Piedmont;With Traffic;Stop Sign;Monday;Intersection;57;0;Two-Way, Not Divided;Unknown;0;#NULL!;SR 1307;Coarse Asphalt;#NULL!;T-Intersection;Motorist Left Turn / Merge;State Secondary Route;C: Possible Injury;Forsyth;47;Clear;#NULL!;41-45 mph;40 - 45  MPH;2013;Daylight;40-49
35.9999841176, -78.9014827005;"{""type"": ""Point"", ""coordinates"": [-78.90148270054424, 35.999984117574584]}";White;Durham;Travel Lane;2;18;Urban (>70% Developed);Male;Passenger Car;0;No;1;50010924;White;No;0;30-39;Motorist Drive Out - Sign-Controlled Intersection;None;No;#NULL!;Dry;0;Urban;No;11JUL2014;0;18:01;Male;#NULL!;Commercial;B: Evident Injury;Yes;O: No Injury;315;July;0;Straight - Grade;Piedmont;With Traffic;Stop Sign;Friday;Intersection;33;1;Two-Way, Not Divided;2 lanes;0;No;FOSTER ST;Smooth Asphalt;W CORPORATION ST;Four-Way Intersection;Motorist Failed to Yield - Sign-Controlled Intersection;Local Street;B: Evident Injury;Durham;40;Cloudy;HUNT ST;11-15 mph;20 - 25  MPH;2014;Daylight;40-49
36.0514770942, -79.8474069889;"{""type"": ""Point"", ""coordinates"": [-79.84740698887879, 36.05147709415134]}";White;Greensboro;Driveway / Alley;2;19;Urban (>70% Developed);Male;Passenger Car;0;No;0;0;Black;No;1;6-10;Bicyclist Ride Out - Residential Driveway;None;No;#NULL!;Dry;0.025;Urban;No;22JUN2014;0;19:16;Female;#NULL!;Residential;C: Possible Injury;Yes;O: No Injury;305;June;0;Straight - Level;Piedmont;Not Applicable;No Control Present;Sunday;Non-Intersection;6;1;Two-Way, Not Divided;2 lanes;0;No;CENTER ST;Smooth Asphalt;DORSEY ST;No Special Feature;Bicyclist Failed to Yield - Midblock;Local Street;C: Possible Injury;Guilford;27;Clear;VICTORY ST;26-30 mph;30 - 35  MPH;2014;Daylight;25-29
36.332195254, -77.0242621455;"{""type"": ""Point"", ""coordinates"": [-77.02426214547744, 36.3321952539536]}";Black;None - Rural Crash;Travel Lane;2;11;Rural (<30% Developed);Male;Sport Utility;0;No;1;40001108;White;No;0;50-59;Motorist Overtaking - Bicyclist Swerved;None;No;#NULL!;Dry;0.1;Rural;No;01JUL2014;0;11:45;Female;#NULL!;Farms, Woods, Pastures;B: Evident Injury;Yes;O: No Injury;329;July;0;Straight - Level;Coastal;With Traffic;No Control Present;Tuesday;Non-Intersection;59;1;Two-Way, Not Divided;2 lanes;0;No;SR 1108;Smooth Asphalt;1108;No Special Feature;Motorist Overtaking Bicyclist;State Secondary Route;B: Evident Injury;Hertford;70+;Clear;461;31-35 mph;40 - 45  MPH;2014;Daylight;70+
35.2151669946, -77.5702322559;"{""type"": ""Point"", ""coordinates"": [-77.57023225585513, 35.21516699460136]}";White;None - Rural Crash;Travel Lane;2;14;Rural (<30% Developed);Female;Pickup;0;No;1;40001905;White;No;0;50-59;Motorist Turning Error - Left Turn;None;No;#NULL!;Dry;0;Rural;No;15JUL2014;0;14:00;Male;#NULL!;Farms, Woods, Pastures;B: Evident Injury;Yes;O: No Injury;330;July;0;Straight - Level;Coastal;With Traffic;Double Yellow Line, No Passing Zone;Tuesday;Intersection;57;1;Two-Way, Not Divided;2 lanes;0;No;SR 1905;Smooth Asphalt;1929;T-Intersection;Loss of Control / Turning Error;State Secondary Route;B: Evident Injury;Lenoir;68;Cloudy;58;11-15 mph;50 - 55  MPH;2014;Daylight;60-69
35.5478699594, -80.6111531902;"{""type"": ""Point"", ""coordinates"": [-80.61115319016777, 35.54786995938681]}";White;Landis;Travel Lane;2;18;Urban (>70% Developed);Male;Pickup;0;No;1;40001210;White;No;0;16-19;Bicyclist Ride Through - Sign-Controlled Intersection;None;No;#NULL!;Wet;0;Rural;No;03APR2014;0;18:28;Male;#NULL!;Commercial;B: Evident Injury;Yes;O: No Injury;324;April;0;Straight - Level;Piedmont;With Traffic;Stop Sign;Thursday;Intersection;17;1;Two-Way, Not Divided;2 lanes;0;No;RYDER AVE;Smooth Asphalt;#NULL!;Related To Intersection;Bicyclist Failed to Yield - Sign-Controlled Intersection;Local Street;B: Evident Injury;Rowan;52;Clear;ZION ST;21-25 mph;30 - 35  MPH;2014;Daylight;50-59
35.7889440811, -78.6602326161;"{""type"": ""Point"", ""coordinates"": [-78.66023261607424, 35.78894408114376]}";White;Raleigh;Bike Lane / Paved Shoulder;2;18;Urban (>70% Developed);Male;Sport Utility;0;No;1;50006173;White;No;0;25-29;Motorist Right Turn - Same Direction;None;No;#NULL!;Dry;0.051;Urban;No;20JUN2014;0;18:06;Male;#NULL!;Commercial;B: Evident Injury;Yes;O: No Injury;291;June;0;Straight - Level;Piedmont;With Traffic;No Control Present;Friday;Non-Intersection;29;1;Two-Way, Not Divided;3 lanes;0;No;CLARK AVE;Smooth Asphalt;OBERLIN RD;No Special Feature;Motorist Right Turn / Merge;Local Street;B: Evident Injury;Wake;37;Cloudy;WOODBURN RD;0-5 mph;30 - 35  MPH;2014;Daylight;30-39
35.8489570549, -79.7286929421;"{""type"": ""Point"", ""coordinates"": [-79.72869294213943, 35.848957054884565]}";White;None - Rural Crash;Travel Lane;2;14;Mixed (30% To 70% Developed);Male;Sport Utility;0;No;1;40002106;White;No;0;40-49;Motorist Left Turn - Opposite Direction;None;No;#NULL!;Dry;0;Rural;No;09JUN2014;0;14:05;Male;#NULL!;Farms, Woods, Pastures;B: Evident Injury;No;O: No Injury;303;June;0;Straight - Level;Piedmont;With Traffic;No Control Present;Monday;Intersection;43;1;Two-Way, Not Divided;2 lanes;0;No;SR 2106;Coarse Asphalt;2138;T-Intersection;Motorist Left Turn / Merge;State Secondary Route;B: Evident Injury;Randolph;41;Clear;2391;51-55 mph;50 - 55  MPH;2014;Daylight;40-49
35.7584720669, -78.8760226801;"{""type"": ""Point"", ""coordinates"": [-78.87602268010244, 35.7584720669231]}";White;Apex;Travel Lane;2;16;Mixed (30% To 70% Developed);Male;Pickup;0;No;1;30000055;White;No;0;50-59;Motorist Right Turn - Same Direction;None;No;#NULL!;Dry;0.085;Urban;No;13JUL2014;0;16:24;Male;#NULL!;Residential;B: Evident Injury;No;O: No Injury;317;July;0;Straight - Grade;Piedmont;With Traffic;No Control Present;Sunday;Non-Intersection;52;1;Two-Way, Not Divided;5 lanes;0;No;W WILLIAMS ST;Smooth Asphalt;CAMERON WOODS DR;No Special Feature;Motorist Right Turn / Merge;Local Street;B: Evident Injury;Wake;49;Clear;COLONY WOODS DR;41-45 mph;40 - 45  MPH;2014;Daylight;40-49
35.6684449903, -80.4707831546;"{""type"": ""Point"", ""coordinates"": [-80.4707831545808, 35.6684449902536]}";Black;Salisbury;Travel Lane;2;15;Urban (>70% Developed);Male;Passenger Car;1;No;0;50006074;Black;No;0;11-15;Bicyclist Ride Out - Midblock - Unknown;None;No;#NULL!;Dry;0.009;Urban;No;07JUL2014;0;15:10;Female;#NULL!;Residential;O: No Injury;No;O: No Injury;304;July;0;Straight - Level;Piedmont;Not Applicable;Stop Sign;Monday;Non-Intersection;13;1;Two-Way, Not Divided;2 lanes;0;No;N CHURCH ST;Smooth Asphalt;N MAIN ST;No Special Feature;Bicyclist Failed to Yield - Midblock;Local Street;O: No Injury;Rowan;21;Clear;N CHURCH ST;11-15 mph;30 - 35  MPH;2014;Daylight;20-24