Geo Point;Geo Shape;BikeRace;City;BikePos;NumUnits;CrashHour;Locality;BikeSex;DrvrVehTyp;NumBikesNo;BikeAlcDrg;NumBikesBI;RteInvdCd;DrvrRace;Workzone;NumBikesCi;BikeAgeGrp;CrashType;RdDefects;CrashAlcoh;BikeAlcoho;RdConditio;DstncMiFrm;RuralUrban;HitRun;CrashDate;NumBikesUI;CrashTime;DrvrSex;DrvrAlcoho;Developmen;CrashSevr;AmbulanceR;DrvrInjury;OBJECTID;CrashMonth;NumBikesKi;RdCharacte;Region;BikeDir;TraffCntrl;CrashDay;CrashLoc;BikeAge;NumBikesTo;RdConfig;NumLanes;NumBikesAI;DrvrAlcDrg;OnRoad;RdSurface;Towrd_Rd;RdFeature;CrashGrp;RdClass;BikeInjury;County;DrvrAge;Weather;FrmRd;DrvrEstSpd;SpeedLimit;CrashYear;LightCond;DrvrAgeGrp
33.898669672, -78.5522864886;"{""type"": ""Point"", ""coordinates"": [-78.55228648860981, 33.898669671965784]}";Black;Calabash;Non-Roadway;2;17;Urban (>70% Developed);Male;Van;0;No;0;39000179;White;No;1;25-29;Bicyclist Ride Out - Commercial Driveway / Alley;None;No;#NULL!;Dry;0.019;Rural;No;23JUN2014;0;17:23;Female;#NULL!;Commercial;C: Possible Injury;Yes;O: No Injury;306;June;0;Straight - Level;Coastal;Not Applicable;No Control Present;Monday;Non-Intersection;27;1;Two-Way, Not Divided;2 lanes;0;No;179;Coarse Asphalt;1810;Driveway, Public;Bicyclist Failed to Yield - Midblock;NC Route;C: Possible Injury;Brunswick;39;Clear;179;16-20 mph;40 - 45  MPH;2014;Daylight;30-39
35.8719020993, -78.6421726145;"{""type"": ""Point"", ""coordinates"": [-78.64217261451903, 35.87190209931695]}";Black;Raleigh;Sidewalk / Crosswalk / Driveway Crossing;2;18;Mixed (30% To 70% Developed);Male;Passenger Car;0;No;0;0;White;No;1;11-15;Motorist Drive Out - Residential Driveway;None;No;#NULL!;Dry;0.028;Urban;No;22JUL2014;0;18:15;Female;#NULL!;Commercial;C: Possible Injury;Yes;O: No Injury;358;July;0;Straight - Level;Piedmont;Facing Traffic;Stop Sign;Tuesday;Non-Intersection;14;1;Two-Way, Not Divided;Unknown;0;No;6701 SIX FORKS RD;Coarse Asphalt;WOODBEND DR;No Special Feature;Motorist Failed to Yield - Midblock;Public Vehicular Area;C: Possible Injury;Wake;59;Clear;WESTBROOK DR;0-5 mph;30 - 35  MPH;2014;Daylight;50-59
35.803291086, -78.6083326008;"{""type"": ""Point"", ""coordinates"": [-78.6083326008378, 35.80329108596314]}";White;Raleigh;Sidewalk / Crosswalk / Driveway Crossing;2;14;Urban (>70% Developed);Male;Pickup;1;Unknown;0;50007223;Black;No;0;60-69;Motorist Drive Out - Right Turn on Red;None;No;#NULL!;Dry;0;Urban;No;11AUG2014;0;14:17;Female;#NULL!;Residential;O: No Injury;Yes;O: No Injury;395;August;0;Straight - Level;Piedmont;Facing Traffic;Stop And Go Signal;Monday;Intersection;63;1;Two-Way, Not Divided;3 lanes;0;No;CRABTREE BLVD;Smooth Asphalt;BARKSDALE DR;T-Intersection;Motorist Failed to Yield - Signalized Intersection;Local Street;O: No Injury;Wake;59;Cloudy;RALEIGH BLVD;6-10 mph;40 - 45  MPH;2014;Daylight;50-59
36.3072072485, -77.038447149;"{""type"": ""Point"", ""coordinates"": [-77.03844714896135, 36.30720724853063]}";White;None - Rural Crash;Travel Lane;2;15;Rural (<30% Developed);Male;Unknown;0;Unknown;1;30000561;Unknown/Missing;No;0;30-39;Motorist Overtaking - Other / Unknown;None;No;#NULL!;Dry;0.6;Rural;Yes;20JUL2014;0;15:30;Unknown;#NULL!;Farms, Woods, Pastures;B: Evident Injury;Yes;Unknown Injury;361;July;0;Straight - Level;Coastal;With Traffic;Double Yellow Line, No Passing Zone;Sunday;Non-Intersection;35;1;Two-Way, Not Divided;2 lanes;0;No;NC 561;Coarse Asphalt;1108;No Special Feature;Motorist Overtaking Bicyclist;NC Route;B: Evident Injury;Hertford;Unknown;Clear;1221;Unknown;50 - 55  MPH;2014;Daylight;Unknown
35.6784869755, -80.9055632849;"{""type"": ""Point"", ""coordinates"": [-80.90556328494506, 35.678486975471166]}";White;None - Rural Crash;Travel Lane;2;18;Mixed (30% To 70% Developed);Male;Passenger Car;0;No;0;40001321;White;No;1;40-49;Motorist Right Turn - Same Direction;None;No;#NULL!;Dry;0.5;Rural;No;11JUL2014;0;18:11;Female;#NULL!;Residential;C: Possible Injury;No;O: No Injury;351;July;0;Straight - Grade;Piedmont;With Traffic;Double Yellow Line, No Passing Zone;Friday;Non-Intersection;43;1;Two-Way, Not Divided;2 lanes;0;No;SR 1321;Coarse Asphalt;2792;Driveway, Private;Motorist Right Turn / Merge;State Secondary Route;C: Possible Injury;Iredell;51;Clear;1303;16-20 mph;40 - 45  MPH;2014;Daylight;50-59
34.494959837, -77.5482522133;"{""type"": ""Point"", ""coordinates"": [-77.54825221328358, 34.49495983697168]}";White;Holly Ridge;Travel Lane;2;16;Urban (>70% Developed);Male;Sport Utility;1;No;0;40001538;White;No;0;25-29;Bicyclist Ride Through - Sign-Controlled Intersection;None;No;#NULL!;Wet;0;Rural;No;01AUG2014;0;16:45;Female;#NULL!;Commercial;O: No Injury;No;O: No Injury;369;August;0;Straight - Level;Coastal;With Traffic;No Control Present;Friday;Intersection;28;1;Two-Way, Not Divided;2 lanes;0;No;SR 1538;Smooth Asphalt;#NULL!;No Special Feature;Bicyclist Failed to Yield - Sign-Controlled Intersection;State Secondary Route;O: No Injury;Onslow;36;Cloudy;N HINES ST;26-30 mph;30 - 35  MPH;2014;Daylight;30-39
35.7859410801, -78.6618826157;"{""type"": ""Point"", ""coordinates"": [-78.6618826157227, 35.78594108014408]}";Hispanic;Raleigh;Travel Lane;2;13;Urban (>70% Developed);Male;Passenger Car;0;No;1;50014055;White;No;0;20-24;Bicyclist Overtaking - Extended Door;None;No;#NULL!;Dry;0.019;Urban;No;11JUL2014;0;13:07;Male;#NULL!;Commercial;B: Evident Injury;Yes;O: No Injury;360;July;0;Straight - Level;Piedmont;With Traffic;No Control Present;Friday;Non-Intersection;21;1;Two-Way, Divided, Unprotected Median;2 lanes;0;Missing;HILLSBOROUGH ST;Smooth Asphalt;OBERLIN RD;No Special Feature;Bicyclist Overtaking Motorist;Local Street;B: Evident Injury;Wake;59;Cloudy;PULLEN RD;0-5 mph;30 - 35  MPH;2014;Daylight;50-59
35.7850970826, -78.580052591;"{""type"": ""Point"", ""coordinates"": [-78.58005259101552, 35.785097082568846]}";Hispanic;Raleigh;Travel Lane;2;18;Urban (>70% Developed);Male;Sport Utility;0;No;1;50019867;Black;No;0;0-5;Bicyclist Ride Through - Sign-Controlled Intersection;None;No;#NULL!;Dry;0;Urban;No;16JUL2014;0;18:49;Female;#NULL!;Residential;B: Evident Injury;Yes;O: No Injury;331;July;0;Straight - Level;Piedmont;With Traffic;Stop Sign;Wednesday;Intersection;5;1;Two-Way, Not Divided;2 lanes;0;No;MERRELL DR;Smooth Asphalt;#NULL!;T-Intersection;Bicyclist Failed to Yield - Sign-Controlled Intersection;Local Street;B: Evident Injury;Wake;43;Clear;BUNNALLEY CT;16-20 mph;30 - 35  MPH;2014;Daylight;40-49
35.220331882, -80.8121672321;"{""type"": ""Point"", ""coordinates"": [-80.81216723211341, 35.22033188196564]}";White;Charlotte;Travel Lane;2;12;Urban (>70% Developed);Male;Passenger Car;0;No;0;50005515;Black;No;1;20-24;Bicyclist Lost Control - Mechanical Problems;None;No;#NULL!;Wet;0;Urban;No;19JUL2014;0;12:39;Female;#NULL!;Commercial;C: Possible Injury;Yes;O: No Injury;347;July;0;Straight - Level;Piedmont;With Traffic;Stop And Go Signal;Saturday;Intersection;21;1;Two-Way, Not Divided;1 lane;0;No;CENTRAL AVE;Smooth Asphalt;HAMORTON PL;No Special Feature;Loss of Control / Turning Error;Local Street;C: Possible Injury;Mecklenburg;23;Rain;THOMAS AVE;Unknown;5 - 15 MPH;2014;Daylight;20-24
35.5063570306, -78.3454225061;"{""type"": ""Point"", ""coordinates"": [-78.34542250612176, 35.506357030633446]}";Black;Smithfield;Travel Lane;2;8;Urban (>70% Developed);Male;EMS Vehicle, Ambulance, Rescue Squad;0;No;0;50010479;Black;No;1;40-49;Head-On - Motorist;Obstruction In Roadway;No;#NULL!;Dry;0.004;Urban;No;14JUL2014;0;8:40;Male;#NULL!;Residential;C: Possible Injury;Yes;O: No Injury;376;July;0;Straight - Level;Coastal;With Traffic;No Control Present;Monday;Non-Intersection;42;1;Two-Way, Not Divided;2 lanes;0;No;FIFTH ST;Smooth Asphalt;DAVIS ST;No Special Feature;Head-On;Local Street;C: Possible Injury;Johnston;29;Clear;WOODALL ST;0-5 mph;20 - 25  MPH;2014;Daylight;25-29
35.8268310908, -78.6049226011;"{""type"": ""Point"", ""coordinates"": [-78.60492260109424, 35.82683109078862]}";Black;Raleigh;Sidewalk / Crosswalk / Driveway Crossing;2;17;Urban (>70% Developed);Male;Passenger Car;0;No;0;50001196;Unknown/Missing;No;1;20-24;Motorist Drive Out - Sign-Controlled Intersection;None;No;#NULL!;Dry;0;Urban;Yes;27AUG2014;0;17:08;Unknown;#NULL!;Commercial;C: Possible Injury;Yes;Unknown Injury;479;August;0;Straight - Grade;Piedmont;With Traffic;Stop Sign;Wednesday;Intersection;23;1;Two-Way, Not Divided;2 lanes;0;Missing;BRAMER DR;Smooth Asphalt;WOLFPACK LN;No Special Feature;Motorist Failed to Yield - Sign-Controlled Intersection;Local Street;C: Possible Injury;Wake;Unknown;Clear;ATLANTIC AVE;0-5 mph;20 - 25  MPH;2014;Daylight;Unknown
34.328154759, -78.7875525798;"{""type"": ""Point"", ""coordinates"": [-78.78755257978142, 34.32815475896587]}";White;None - Rural Crash;Travel Lane;2;22;Rural (<30% Developed);Male;Passenger Car;0;Yes-Alcohol,  impairment suspected;1;29000074;Unknown/Missing;No;0;50-59;Motorist Overtaking - Other / Unknown;None;Yes;#NULL!;Dry;0.1;Rural;Yes;30AUG2014;0;22:22;Unknown;#NULL!;Farms, Woods, Pastures;B: Evident Injury;Yes;Unknown Injury;476;August;0;Straight - Level;Coastal;With Traffic;No Control Present;Saturday;Non-Intersection;51;1;Two-Way, Not Divided;2 lanes;0;Unknown;US 74;Coarse Asphalt;1585;No Special Feature;Motorist Overtaking Bicyclist;US Route;B: Evident Injury;Columbus;Unknown;Clear;1436;51-55 mph;50 - 55  MPH;2014;Dark - Roadway Not Lighted;Unknown
35.6128340871, -77.3758522166;"{""type"": ""Point"", ""coordinates"": [-77.37585221659609, 35.612834087148755]}";Black;Greenville;Sidewalk / Crosswalk / Driveway Crossing;2;17;Urban (>70% Developed);Male;Passenger Car;0;No;1;50024334;Black;No;0;25-29;Bicyclist Ride Out - Sign-Controlled Intersection;None;No;#NULL!;Dry;0.001;Urban;No;27AUG2014;0;17:27;Male;#NULL!;Commercial;B: Evident Injury;Yes;O: No Injury;465;August;0;Straight - Level;Coastal;Facing Traffic;Stop Sign;Wednesday;Intersection;26;1;One-Way, Not Divided;2 lanes;0;No;S PITT ST;Smooth Asphalt;W 3RD ST;Four-Way Intersection;Bicyclist Failed to Yield - Sign-Controlled Intersection;Local Street;B: Evident Injury;Pitt;40;Clear;W 4TH ST;6-10 mph;30 - 35  MPH;2014;Daylight;40-49
35.4557768598, -82.7341198148;"{""type"": ""Point"", ""coordinates"": [-82.73411981475539, 35.455776859779824]}";White;None - Rural Crash;Travel Lane;2;13;Rural (<30% Developed);Male;Passenger Car;0;No;0;30000151;White;No;1;60-69;Motorist Overtaking - Undetected Bicyclist;None;No;#NULL!;Dry;0.1;Rural;No;27AUG2014;0;13:47;Male;#NULL!;Farms, Woods, Pastures;C: Possible Injury;No;O: No Injury;472;August;0;Curve - Grade;Mountains;With Traffic;Double Yellow Line, No Passing Zone;Wednesday;Non-Intersection;65;1;Two-Way, Not Divided;2 lanes;0;No;NC 151;Coarse Asphalt;TRILLIUM COVE LANE;No Special Feature;Motorist Overtaking Bicyclist;NC Route;C: Possible Injury;Buncombe;70+;Clear;3464;26-30 mph;30 - 35  MPH;2014;Daylight;70+
34.7175818933, -77.3204521549;"{""type"": ""Point"", ""coordinates"": [-77.3204521548868, 34.71758189330307]}";White;None - Rural Crash;Travel Lane;2;6;Urban (>70% Developed);Male;Passenger Car;0;No;1;40001406;White;No;0;50-59;Bicyclist Ride Out - Sign-Controlled Intersection;None;No;#NULL!;Wet;0;Rural;No;12AUG2014;0;6:19;Male;#NULL!;Commercial;B: Evident Injury;Yes;O: No Injury;471;August;0;Straight - Level;Coastal;With Traffic;Stop Sign;Tuesday;Intersection;57;1;Two-Way, Not Divided;4 lanes;0;No;SR 1406;Smooth Asphalt;24;Four-Way Intersection;Bicyclist Failed to Yield - Sign-Controlled Intersection;State Secondary Route;B: Evident Injury;Onslow;57;Fog, Smog, Smoke;1452;6-10 mph;40 - 45  MPH;2014;Dark - Roadway Not Lighted;50-59
34.9070049269, -77.5621022382;"{""type"": ""Point"", ""coordinates"": [-77.56210223817163, 34.90700492690079]}";Black;None - Rural Crash;Travel Lane;2;22;Mixed (30% To 70% Developed);Male;Pickup;1;No;0;20000258;Hispanic;No;0;40-49;Motorist Left Turn - Opposite Direction;None;Yes;#NULL!;Dry;0.066;Rural;No;18JUL2014;0;22:14;Male;#NULL!;Commercial;B: Evident Injury;No;O: No Injury;456;July;0;Straight - Level;Coastal;Unknown;No Control Present;Friday;Non-Intersection;45;1;Two-Way, Not Divided;5 lanes;0;Yes-Alcohol,  impairment suspected;258;Coarse Asphalt;ML RICHLANDS;Driveway, Public;Motorist Left Turn / Merge;US Route;B: Evident Injury;Onslow;24;Clear;1239;31-35 mph;40 - 45  MPH;2014;Dark - Roadway Not Lighted;20-24
35.642146947, -81.4744734534;"{""type"": ""Point"", ""coordinates"": [-81.47447345339476, 35.64214694700931]}";White;None - Rural Crash;Driveway / Alley;2;17;Rural (<30% Developed);Female;Passenger Car;0;No;1;40002525;White;No;0;11-15;Bicyclist Ride Out - Residential Driveway;None;No;#NULL!;Dry;0.036;Rural;No;26AUG2014;0;17:45;Male;#NULL!;Farms, Woods, Pastures;B: Evident Injury;Yes;O: No Injury;467;August;0;Straight - Level;Mountains;Not Applicable;No Control Present;Tuesday;Non-Intersection;11;1;Two-Way, Not Divided;2 lanes;0;No;2525;Coarse Asphalt;1796;Driveway, Private;Bicyclist Failed to Yield - Midblock;State Secondary Route;B: Evident Injury;Burke;52;Clear;1736;6-10 mph;30 - 35  MPH;2014;Daylight;50-59
35.8261271089, -78.0849224432;"{""type"": ""Point"", ""coordinates"": [-78.08492244321963, 35.826127108917596]}";Black;None - Rural Crash;Travel Lane;2;8;Rural (<30% Developed);Male;Sport Utility;0;Unknown;0;40001134;White;No;0;50-59;Motorist Overtaking - Other / Unknown;None;No;#NULL!;Dry;0.5;Rural;No;08MAY2014;0;8:43;Female;#NULL!;Farms, Woods, Pastures;K: Killed;Yes;O: No Injury;451;May;1;Straight - Level;Coastal;With Traffic;No Control Present;Thursday;Non-Intersection;59;1;Two-Way, Not Divided;2 lanes;0;Unknown;SR 1134;Coarse Asphalt;1941;No Special Feature;Motorist Overtaking Bicyclist;State Secondary Route;K: Killed;Nash;70+;Clear;1949;31-35 mph;50 - 55  MPH;2014;Daylight;70+
34.7666468815, -78.0021623642;"{""type"": ""Point"", ""coordinates"": [-78.00216236421981, 34.76664688148815]}";Black;Teachey;Travel Lane;2;13;Mixed (30% To 70% Developed);Female;Passenger Car;0;No;1;20000117;White;No;0;30-39;Bicyclist Left Turn - Same Direction;None;No;#NULL!;Wet;0.2;Rural;No;03AUG2014;0;13:30;Male;#NULL!;Residential;B: Evident Injury;Yes;O: No Injury;460;August;0;Straight - Level;Coastal;With Traffic;No Control Present;Sunday;Non-Intersection;30;1;Two-Way, Not Divided;2 lanes;0;No;US 117;Coarse Asphalt;1993;No Special Feature;Bicyclist Left Turn / Merge;US Route;B: Evident Injury;Duplin;59;Cloudy;1150;41-45 mph;40 - 45  MPH;2014;Daylight;50-59
35.2026588807, -80.7307232069;"{""type"": ""Point"", ""coordinates"": [-80.73072320689803, 35.2026588807474]}";Hispanic;Charlotte;Sidewalk / Crosswalk / Driveway Crossing;2;23;Urban (>70% Developed);Male;Passenger Car;0;Yes-Alcohol,  impairment suspected;1;30000027;Hispanic;No;0;20-24;Motorist Left Turn - Opposite Direction;None;Yes;#NULL!;Dry;0;Urban;No;06SEP2014;0;23:28;Female;#NULL!;Commercial;B: Evident Injury;No;O: No Injury;485;September;0;Straight - Level;Piedmont;With Traffic;Stop And Go Signal;Saturday;Intersection;22;1;Two-Way, Divided, Unprotected Median;7 lanes;0;No;ALBEMARLE RD;Smooth Asphalt;#NULL!;No Special Feature;Motorist Left Turn / Merge;Local Street;B: Evident Injury;Mecklenburg;29;Clear;REGAL OAKS DR;16-20 mph;40 - 45  MPH;2014;Dark - Lighted Roadway;25-29
35.0261269054, -78.9609826673;"{""type"": ""Point"", ""coordinates"": [-78.96098266729746, 35.02612690542259]}";Black;Fayetteville;Travel Lane;2;23;Urban (>70% Developed);Male;Unknown;1;Yes-Alcohol,  impairment suspected;0;50014398;Unknown/Missing;No;0;30-39;Bicyclist Right Turn - Opposite Direction;None;Yes;#NULL!;Dry;0.032;Urban;Yes;23AUG2014;0;23:42;Unknown;#NULL!;Commercial;O: No Injury;No;Unknown Injury;510;August;0;Straight - Level;Coastal;Facing Traffic;No Control Present;Saturday;Non-Intersection;32;1;Two-Way, Divided, Unprotected Median;5 lanes;0;Missing;HOPE MILLS RD;Coarse Asphalt;S SUMAC CIR;No Special Feature;Bicyclist Right Turn / Merge;Local Street;O: No Injury;Cumberland;Unknown;Cloudy;N SUMAC CIR;26-30 mph;40 - 45  MPH;2014;Dark - Lighted Roadway;Unknown
35.7334669748, -81.2327683859;"{""type"": ""Point"", ""coordinates"": [-81.23276838589423, 35.73346697476317]}";White;Conover;Travel Lane;2;12;Urban (>70% Developed);Male;Passenger Car;0;No;1;0;Black;No;0;6-10;Bicyclist Ride Through - Sign-Controlled Intersection;None;No;#NULL!;Dry;0;Urban;No;06SEP2014;0;12:22;Male;#NULL!;Residential;B: Evident Injury;Yes;O: No Injury;484;September;0;Straight - Hillcrest;Piedmont;Unknown;Stop Sign;Saturday;Intersection;10;1;Two-Way, Not Divided;2 lanes;0;No;INDIAN SPRINGS DR NW;Smooth Asphalt;#NULL!;T-Intersection;Bicyclist Failed to Yield - Sign-Controlled Intersection;Local Street;B: Evident Injury;Catawba;26;Clear;PAINTED FEATHER LN NW;16-20 mph;30 - 35  MPH;2014;Daylight;25-29
36.0662342416, -75.6934757231;"{""type"": ""Point"", ""coordinates"": [-75.69347572310949, 36.066234241634355]}";White;Kitty Hawk;Travel Lane;2;13;Urban (>70% Developed);Male;Sport Utility;0;No;1;20000158;White;No;0;16-19;Bicyclist Lost Control - Surface Conditions;Rut, Holes, Bumps;No;#NULL!;Dry;0.006;Rural;No;31JUL2014;0;13:30;Female;#NULL!;Commercial;B: Evident Injury;Yes;O: No Injury;496;July;0;Straight - Level;Coastal;With Traffic;No Control Present;Thursday;Intersection-Related;16;1;Two-Way, Not Divided;5 lanes;0;No;CROATAN HWY;Coarse Asphalt;BEACON DR;No Special Feature;Loss of Control / Turning Error;US Route;B: Evident Injury;Dare;45;Cloudy;KITTY HAWK RD;41-45 mph;50 - 55  MPH;2014;Daylight;40-49
35.7806870791, -78.6475776116;"{""type"": ""Point"", ""coordinates"": [-78.64757761163781, 35.780687079080536]}";White;Raleigh;Travel Lane;2;18;Urban (>70% Developed);Male;Pickup;0;No;1;50011977;Black;No;0;16-19;Motorist Left Turn - Opposite Direction;None;No;#NULL!;Dry;0;Urban;No;05SEP2014;0;18:54;Female;#NULL!;Commercial;B: Evident Injury;Yes;O: No Injury;505;September;0;Straight - Level;Piedmont;With Traffic;Stop And Go Signal;Friday;Intersection;19;1;Two-Way, Not Divided;2 lanes;0;No;GLENWOOD AVE;Smooth Asphalt;MORGAN ST;No Special Feature;Motorist Left Turn / Merge;Local Street;B: Evident Injury;Wake;61;Clear;HILLSBOROGH ST;16-20 mph;30 - 35  MPH;2014;Daylight;60-69
35.3921729266, -80.5994981784;"{""type"": ""Point"", ""coordinates"": [-80.59949817842856, 35.392172926599436]}";White;Concord;Travel Lane;2;16;Urban (>70% Developed);Male;Unknown;0;No;0;0;Unknown/Missing;No;1;20-24;Head-On - Motorist;None;No;#NULL!;Dry;0.01;Urban;Yes;26JUL2014;0;16:17;Unknown;#NULL!;Residential;C: Possible Injury;Yes;Unknown Injury;502;July;0;Straight - Level;Piedmont;With Traffic;No Control Present;Saturday;Non-Intersection;22;1;Two-Way, Not Divided;2 lanes;0;Unknown;SUNDERLAND RD;Coarse Asphalt;WARREN C COLEMAN;No Special Feature;Head-On;Local Street;C: Possible Injury;Cabarrus;Unknown;Clear;JOHNSON ST SW;26-30 mph;30 - 35  MPH;2014;Daylight;Unknown
34.275036779, -77.8161262849;"{""type"": ""Point"", ""coordinates"": [-77.81612628493043, 34.27503677902823]}";Hispanic;None - Rural Crash;Travel Lane;2;9;Urban (>70% Developed);Female;Pickup;0;No;1;29000017;White;No;0;25-29;Motorist Drive Out - Commercial Driveway / Alley;None;No;#NULL!;Dry;0.06;Rural;No;23AUG2014;0;9:22;Male;#NULL!;Commercial;B: Evident Injury;Yes;O: No Injury;491;August;0;Straight - Level;Coastal;Facing Traffic;No Control Present;Saturday;Non-Intersection;28;1;Two-Way, Not Divided;5 lanes;0;No;17;Coarse Asphalt;2717;Driveway, Public;Motorist Failed to Yield - Midblock;US Route;B: Evident Injury;.;43;Cloudy;1403;6-10 mph;40 - 45  MPH;2014;Daylight;40-49
36.0995131058, -79.7988129766;"{""type"": ""Point"", ""coordinates"": [-79.7988129765918, 36.099513105849816]}";White;Greensboro;Travel Lane;2;6;Urban (>70% Developed);Male;Passenger Car;0;No;0;0;White;No;0;50-59;Motorist Left Turn - Opposite Direction;None;No;#NULL!;Dry;0;Urban;No;04SEP2014;0;6:17;Male;#NULL!;Residential;K: Killed;Yes;C: Possible Injury;483;September;1;Straight - Grade;Piedmont;With Traffic;Stop Sign;Thursday;Intersection;51;1;Two-Way, Not Divided;2 lanes;0;No;COUNTRY CLUB DR;Smooth Asphalt;CARLISLE RD;T-Intersection;Motorist Left Turn / Merge;Local Street;K: Killed;Guilford;67;Cloudy;CARLISLE RD;21-25 mph;20 - 25  MPH;2014;Dawn;60-69
35.0746369158, -78.9788026749;"{""type"": ""Point"", ""coordinates"": [-78.9788026748576, 35.074636915805264]}";Black;Fayetteville;Sidewalk / Crosswalk / Driveway Crossing;2;18;Urban (>70% Developed);Male;Passenger Car;0;#NULL!;0;0;White;No;0;20-24;Bicyclist Ride Through - Signalized Intersection;None;No;No;Dry;0;Urban;No;09MAY2013;0;18:31;Female;No;Commercial;B: Evident Injury;Yes;O: No Injury;1116;May;0;Straight - Grade;Coastal;Facing Traffic;Stop And Go Signal;Thursday;Intersection;23;0;Two-Way, Not Divided;5 lanes;0;#NULL!;WESTLAKE RD;Coarse Asphalt;#NULL!;Four-Way Intersection;Bicyclist Failed to Yield - Signalized Intersection;Local Street;B: Evident Injury;Cumberland;37;Clear;#NULL!;0-5 mph;20 - 25  MPH;2013;Daylight;30-39
35.6601169727, -80.8888032788;"{""type"": ""Point"", ""coordinates"": [-80.888803278831, 35.66011697267404]}";White;None - Rural Crash;Travel Lane;2;13;Rural (<30% Developed);Male;Pickup;0;#NULL!;0;0;Unknown/Missing;No;0;16-19;Motorist Overtaking - Bicyclist Swerved;None;No;No;Dry;0;Rural;Yes;26MAY2013;0;13:39;Unknown;No;Farms, Woods, Pastures;C: Possible Injury;No;Unknown Injury;1139;May;0;Straight - Bottom;Piedmont;With Traffic;Double Yellow Line, No Passing Zone;Sunday;Non-Intersection;17;0;Two-Way, Not Divided;2 lanes;0;#NULL!;SR 1314;Coarse Asphalt;#NULL!;No Special Feature;Motorist Overtaking Bicyclist;State Secondary Route;C: Possible Injury;Iredell;Unknown;Clear;#NULL!;31-35 mph;50 - 55  MPH;2013;Daylight;Unknown
34.228196765, -77.9278023158;"{""type"": ""Point"", ""coordinates"": [-77.92780231577757, 34.22819676501299]}";Hispanic;Wilmington;Sidewalk / Crosswalk / Driveway Crossing;2;16;Urban (>70% Developed);Female;Van;0;#NULL!;0;0;Black;No;0;25-29;Motorist Drive Out - Sign-Controlled Intersection;None;No;No;Dry;0;Urban;No;10MAY2013;0;16:16;Male;No;Residential;C: Possible Injury;Yes;O: No Injury;1145;May;0;Straight - Level;Coastal;Facing Traffic;Stop Sign;Friday;Intersection;28;0;Two-Way, Not Divided;2 lanes;0;#NULL!;QUEEN ST;Smooth Asphalt;#NULL!;No Special Feature;Motorist Failed to Yield - Sign-Controlled Intersection;Local Street;C: Possible Injury;New Hanover;50;Clear;#NULL!;0-5 mph;30 - 35  MPH;2013;Daylight;50-59
36.0962270874, -80.2692031181;"{""type"": ""Point"", ""coordinates"": [-80.26920311811742, 36.096227087419265]}";White;Winston-Salem;Travel Lane;2;7;Urban (>70% Developed);Male;Van;0;#NULL!;0;0;Hispanic;No;0;20-24;Motorist Overtaking - Other / Unknown;None;No;No;Dry;0;Urban;No;10MAY2013;0;7:26;Male;No;Residential;B: Evident Injury;Yes;O: No Injury;1121;May;0;Straight - Level;Piedmont;With Traffic;Double Yellow Line, No Passing Zone;Friday;Non-Intersection;24;0;Two-Way, Not Divided;2 lanes;0;#NULL!;NORTHWEST BVD (1500BLK;Smooth Asphalt;#NULL!;No Special Feature;Motorist Overtaking Bicyclist;Local Street;B: Evident Injury;Forsyth;40;Clear;#NULL!;11-15 mph;30 - 35  MPH;2013;Daylight;40-49
35.9991471173, -78.8999027003;"{""type"": ""Point"", ""coordinates"": [-78.89990270026051, 35.999147117327674]}";White;Durham;Travel Lane;2;17;Urban (>70% Developed);Male;Passenger Car;0;#NULL!;0;0;Black;No;0;30-39;Motorist Drive Out - Sign-Controlled Intersection;None;No;No;Dry;0;Urban;No;28MAY2013;0;17:37;Female;No;Commercial;B: Evident Injury;No;O: No Injury;1149;May;0;Straight - Grade;Piedmont;With Traffic;Stop Sign;Tuesday;Intersection;32;0;Two-Way, Not Divided;2 lanes;0;#NULL!;RIGSBEE AVE;Smooth Asphalt;#NULL!;Four-Way Intersection;Motorist Failed to Yield - Sign-Controlled Intersection;Local Street;B: Evident Injury;Durham;51;Clear;#NULL!;0-5 mph;20 - 25  MPH;2013;Daylight;50-59
35.6809170479, -78.9356026929;"{""type"": ""Point"", ""coordinates"": [-78.93560269290343, 35.68091704791834]}";White;None - Rural Crash;Travel Lane;2;10;Rural (<30% Developed);Male;Sport Utility;0;#NULL!;0;0;White;No;0;25-29;Bicyclist Turning Error - Right Turn;Rut, Holes, Bumps;No;No;Dry;0;Rural;No;02JUN2013;0;10:29;Male;No;Farms, Woods, Pastures;O: No Injury;No;O: No Injury;1142;June;0;Straight - Level;Piedmont;With Traffic;Stop Sign;Sunday;Intersection-Related;28;0;Two-Way, Not Divided;2 lanes;0;#NULL!;SR 1127;Coarse Asphalt;#NULL!;No Special Feature;Loss of Control / Turning Error;State Secondary Route;O: No Injury;Wake;28;Clear;#NULL!;0-5 mph;40 - 45  MPH;2013;Daylight;25-29