Geo Point;Geo Shape;BikeRace;City;BikePos;NumUnits;CrashHour;Locality;BikeSex;DrvrVehTyp;NumBikesNo;BikeAlcDrg;NumBikesBI;RteInvdCd;DrvrRace;Workzone;NumBikesCi;BikeAgeGrp;CrashType;RdDefects;CrashAlcoh;BikeAlcoho;RdConditio;DstncMiFrm;RuralUrban;HitRun;CrashDate;NumBikesUI;CrashTime;DrvrSex;DrvrAlcoho;Developmen;CrashSevr;AmbulanceR;DrvrInjury;OBJECTID;CrashMonth;NumBikesKi;RdCharacte;Region;BikeDir;TraffCntrl;CrashDay;CrashLoc;BikeAge;NumBikesTo;RdConfig;NumLanes;NumBikesAI;DrvrAlcDrg;OnRoad;RdSurface;Towrd_Rd;RdFeature;CrashGrp;RdClass;BikeInjury;County;DrvrAge;Weather;FrmRd;DrvrEstSpd;SpeedLimit;CrashYear;LightCond;DrvrAgeGrp
35.6640570517, -78.7270026293;"{""type"": ""Point"", ""coordinates"": [-78.72700262933718, 35.66405705166154]}";Hispanic;None - Rural Crash;Non-Roadway;2;12;Rural (<30% Developed);Male;Passenger Car;0;#NULL!;0;0;Black;No;0;0-5;Bicyclist Ride Out - Other Midblock;None;No;No;Dry;0;Rural;No;27MAY2013;0;12:19;Male;No;Residential;C: Possible Injury;Yes;O: No Injury;1131;May;0;Straight - Level;Piedmont;Not Applicable;No Control Present;Monday;Non-Intersection;3;0;Two-Way, Not Divided;2 lanes;0;#NULL!;OAK PARK DR;Smooth Asphalt;#NULL!;No Special Feature;Bicyclist Failed to Yield - Midblock;Local Street;C: Possible Injury;Wake;39;Clear;#NULL!;6-10 mph;5 - 15 MPH;2013;Daylight;30-39
35.306536888, -81.1574033403;"{""type"": ""Point"", ""coordinates"": [-81.15740334029587, 35.3065368880111]}";Black;None - Rural Crash;Travel Lane;2;20;Mixed (30% To 70% Developed);Male;Pickup;0;#NULL!;0;0;White;No;0;11-15;Motorist Overtaking - Bicyclist Swerved;None;No;No;Dry;0;Rural;No;21MAY2013;0;20:43;Female;No;Residential;B: Evident Injury;Yes;O: No Injury;1117;May;0;Straight - Grade;Piedmont;With Traffic;No Control Present;Tuesday;Non-Intersection;14;0;Two-Way, Not Divided;2 lanes;0;#NULL!;NC 279;Smooth Asphalt;#NULL!;No Special Feature;Motorist Overtaking Bicyclist;NC Route;B: Evident Injury;Gaston;25;Clear;#NULL!;41-45 mph;40 - 45  MPH;2013;Dusk;25-29
35.7906870768, -78.7861026538;"{""type"": ""Point"", ""coordinates"": [-78.78610265384478, 35.79068707682159]}";Hispanic;Cary;Non-Roadway;2;19;Urban (>70% Developed);Female;Light Truck (Mini-Van, Panel);0;#NULL!;0;0;Hispanic;No;0;6-10;Non-Roadway;None;No;No;Dry;0;Urban;No;08MAY2013;0;19:10;Male;No;Residential;B: Evident Injury;Yes;O: No Injury;1120;May;0;Straight - Level;Piedmont;Not Applicable;No Control Present;Wednesday;Non-Roadway;7;0;Two-Way, Not Divided;2 lanes;0;#NULL!;GALVESTON CT;Smooth Asphalt;#NULL!;No Special Feature;Non-Roadway;Public Vehicular Area;B: Evident Injury;Wake;41;Clear;#NULL!;Unknown;Unknown;2013;Daylight;40-49
36.4237672045, -78.9720027445;"{""type"": ""Point"", ""coordinates"": [-78.97200274446519, 36.423767204511314]}";White;Roxboro;Non-Roadway;2;14;Mixed (30% To 70% Developed);Female;Passenger Car;0;#NULL!;0;0;Black;No;0;20-24;Non-Roadway;None;No;No;Dry;0;Urban;No;07APR2013;0;14:30;Female;No;Residential;C: Possible Injury;Yes;O: No Injury;1118;April;0;Straight - Hillcrest;Piedmont;Not Applicable;Stop Sign;Sunday;Non-Roadway;23;0;Two-Way, Not Divided;2 lanes;0;#NULL!;PINE RIDGE CT;Smooth Asphalt;#NULL!;T-Intersection;Non-Roadway;Local Street;C: Possible Injury;Person;33;Clear;#NULL!;0-5 mph;5 - 15 MPH;2013;Daylight;30-39
33.9190966751, -78.5781024973;"{""type"": ""Point"", ""coordinates"": [-78.57810249727665, 33.919096675115185]}";Black;None - Rural Crash;Travel Lane;2;0;Rural (<30% Developed);Male;Unknown;0;#NULL!;0;0;Unknown/Missing;No;0;25-29;Bicyclist Ride Out - Sign-Controlled Intersection;None;No;No;Dry;0;Rural;Yes;11MAY2013;0;0:01;Unknown;No;Farms, Woods, Pastures;C: Possible Injury;Yes;Unknown Injury;1088;May;0;Straight - Level;Coastal;With Traffic;Stop Sign;Saturday;Intersection;26;0;Two-Way, Divided, Unprotected Median;4 lanes;0;#NULL!;US 17;Coarse Asphalt;#NULL!;T-Intersection;Bicyclist Failed to Yield - Sign-Controlled Intersection;US Route;C: Possible Injury;Brunswick;Unknown;Clear;#NULL!;51-55 mph;50 - 55  MPH;2013;Dark - Roadway Not Lighted;Unknown
35.2467869538, -78.9507026754;"{""type"": ""Point"", ""coordinates"": [-78.95070267540508, 35.24678695383356]}";White;None - Rural Crash;Travel Lane;2;17;Rural (<30% Developed);Male;Sport Utility;0;#NULL!;0;0;Black;No;0;6-10;Bicyclist Ride Through - Sign-Controlled Intersection;None;No;No;Dry;0;Rural;No;24APR2013;0;17:08;Female;No;Residential;A: Disabling Injury;Yes;O: No Injury;1055;April;0;Straight - Hillcrest;Coastal;With Traffic;Stop Sign;Wednesday;Intersection;8;0;Two-Way, Not Divided;2 lanes;0;#NULL!;SR 2485;Coarse Asphalt;#NULL!;T-Intersection;Bicyclist Failed to Yield - Sign-Controlled Intersection;State Secondary Route;A: Disabling Injury;Harnett;31;Clear;#NULL!;21-25 mph;20 - 25  MPH;2013;Daylight;30-39
36.294397273, -76.2143018945;"{""type"": ""Point"", ""coordinates"": [-76.21430189449056, 36.29439727303459]}";Black;Elizabeth City;Travel Lane;2;18;Urban (>70% Developed);Male;Passenger Car;0;#NULL!;0;0;Black;No;0;0-5;Bicyclist Ride Through - Sign-Controlled Intersection;None;No;No;Dry;0;Urban;No;10APR2013;0;18:40;Male;No;Residential;B: Evident Injury;Yes;O: No Injury;1062;April;0;Straight - Level;Coastal;With Traffic;Stop Sign;Wednesday;Intersection;5;0;Two-Way, Not Divided;2 lanes;0;#NULL!;HUNTER ST;Smooth Asphalt;#NULL!;Four-Way Intersection;Bicyclist Failed to Yield - Sign-Controlled Intersection;Local Street;B: Evident Injury;Pasquotank;19;Clear;#NULL!;16-20 mph;20 - 25  MPH;2013;Daylight;0-19
34.9910068959, -79.0316026866;"{""type"": ""Point"", ""coordinates"": [-79.03160268655478, 34.99100689592613]}";Black;Fayetteville;Travel Lane;2;22;Urban (>70% Developed);Male;Pickup;0;#NULL!;0;0;White;No;0;20-24;Motorist Overtaking - Undetected Bicyclist;None;No;No;Dry;0;Urban;No;30APR2013;0;22:33;Male;No;Residential;C: Possible Injury;No;O: No Injury;1106;April;0;Straight - Level;Coastal;With Traffic;No Control Present;Tuesday;Non-Intersection;20;0;Two-Way, Not Divided;2 lanes;0;#NULL!;STONEY POINT RD;Coarse Asphalt;#NULL!;No Special Feature;Motorist Overtaking Bicyclist;Local Street;C: Possible Injury;Cumberland;58;Clear;#NULL!;31-35 mph;40 - 45  MPH;2013;Dark - Roadway Not Lighted;50-59
35.599207084, -77.3830022172;"{""type"": ""Point"", ""coordinates"": [-77.38300221720938, 35.59920708398504]}";Black;Greenville;Travel Lane;2;13;Urban (>70% Developed);Male;Unknown;0;#NULL!;0;0;Unknown/Missing;No;0;50-59;Motorist Drive Out - Sign-Controlled Intersection;None;No;No;Dry;0;Urban;Yes;18MAY2013;0;13:50;Unknown;Missing;Residential;O: No Injury;Yes;Unknown Injury;1105;May;0;Straight - Level;Coastal;Facing Traffic;Stop Sign;Saturday;Intersection;51;0;Two-Way, Not Divided;2 lanes;0;#NULL!;HOWELL ST;Coarse Asphalt;#NULL!;T-Intersection;Motorist Failed to Yield - Sign-Controlled Intersection;Local Street;O: No Injury;Pitt;Unknown;Cloudy;#NULL!;6-10 mph;30 - 35  MPH;2013;Daylight;Unknown
35.6103670802, -77.5634022736;"{""type"": ""Point"", ""coordinates"": [-77.56340227356218, 35.61036708015649]}";White;None - Rural Crash;Travel Lane;2;19;Rural (<30% Developed);Male;Sport Utility;0;#NULL!;0;0;White;No;0;40-49;Motorist Overtaking - Misjudged Space;None;No;No;Dry;0;Rural;No;09MAY2013;0;19:53;Female;No;Farms, Woods, Pastures;B: Evident Injury;Yes;O: No Injury;1083;May;0;Straight - Level;Coastal;With Traffic;No Control Present;Thursday;Non-Intersection;46;0;Two-Way, Not Divided;2 lanes;0;#NULL!;SR 1200;Coarse Asphalt;#NULL!;No Special Feature;Motorist Overtaking Bicyclist;State Secondary Route;B: Evident Injury;Pitt;20;Clear;#NULL!;51-55 mph;50 - 55  MPH;2013;Daylight;20-24
35.4102769206, -80.8536032549;"{""type"": ""Point"", ""coordinates"": [-80.85360325491595, 35.410276920573494]}";White;Huntersville;Travel Lane;2;17;Urban (>70% Developed);Male;Passenger Car;0;#NULL!;0;0;White;No;0;30-39;Motorist Left Turn - Opposite Direction;None;No;Missing;Dry;0;Urban;No;09MAY2013;0;17:52;Male;No;Commercial;B: Evident Injury;Yes;O: No Injury;1090;May;0;Straight - Level;Piedmont;With Traffic;No Control Present;Thursday;Non-Intersection;38;0;Two-Way, Not Divided;4 lanes;0;#NULL!;GILEAD RD;Smooth Asphalt;#NULL!;Driveway, Public;Motorist Left Turn / Merge;Local Street;B: Evident Injury;Mecklenburg;59;Clear;#NULL!;6-10 mph;30 - 35  MPH;2013;Daylight;50-59
35.6377870553, -78.4739025512;"{""type"": ""Point"", ""coordinates"": [-78.47390255124407, 35.63778705526161]}";Black;Clayton;Travel Lane;5;19;Urban (>70% Developed);Male;Sport Utility;0;#NULL!;0;0;White;No;0;11-15;Parallel Paths - Other / Unknown;None;No;No;Dry;0;Urban;No;29APR2013;0;19:21;Female;No;Commercial;O: No Injury;No;O: No Injury;1095;April;0;Straight - Grade;Coastal;Facing Traffic;No Control Present;Monday;Intersection;13;0;Two-Way, Not Divided;2 lanes;0;#NULL!;BARBERMILL RD;Smooth Asphalt;#NULL!;T-Intersection;Parallel Paths - Other Circumstances;Local Street;Unknown Injury;Johnston;45;Cloudy;#NULL!;41-45 mph;40 - 45  MPH;2013;Daylight;40-49
35.8632470988, -78.5899025986;"{""type"": ""Point"", ""coordinates"": [-78.58990259855808, 35.863247098770074]}";Black;Raleigh;Travel Lane;2;13;Urban (>70% Developed);Male;Pickup;0;#NULL!;0;0;White;No;0;50-59;Motorist Left Turn - Opposite Direction;None;No;No;Dry;0;Urban;No;24APR2013;0;13:00;Male;No;Commercial;B: Evident Injury;Yes;O: No Injury;1101;April;0;Straight - Level;Piedmont;With Traffic;Stop Sign;Wednesday;Intersection;52;0;Two-Way, Not Divided;2 lanes;0;#NULL!;OAK FOREST RD;Smooth Asphalt;#NULL!;T-Intersection;Motorist Left Turn / Merge;Local Street;B: Evident Injury;Wake;49;Clear;#NULL!;21-25 mph;30 - 35  MPH;2013;Daylight;40-49
35.0860469218, -78.8832026462;"{""type"": ""Point"", ""coordinates"": [-78.88320264619048, 35.08604692177536]}";Black;Fayetteville;Travel Lane;2;12;Urban (>70% Developed);Male;Passenger Car;0;#NULL!;0;0;Black;No;0;40-49;Head-On - Motorist;None;No;No;Dry;0;Urban;No;16APR2013;0;12:54;Female;No;Residential;K: Killed;Yes;O: No Injury;1079;April;0;Straight - Level;Coastal;With Traffic;Stop Sign;Tuesday;Intersection;40;0;Two-Way, Not Divided;4 lanes;0;#NULL!;ROSEHILL RD;Coarse Asphalt;#NULL!;T-Intersection;Head-On;Local Street;K: Killed;Cumberland;68;Clear;#NULL!;36-40 mph;40 - 45  MPH;2013;Daylight;60-69
34.6433668204, -79.0102026622;"{""type"": ""Point"", ""coordinates"": [-79.0102026621808, 34.643366820368364]}";Native American;Lumberton;Sidewalk / Crosswalk / Driveway Crossing;2;9;Urban (>70% Developed);Male;Sport Utility;0;#NULL!;0;0;Native American;No;0;25-29;Motorist Drive Out - Commercial Driveway / Alley;None;No;No;Dry;0;Urban;No;30APR2013;0;9:49;Female;No;Commercial;C: Possible Injury;Yes;O: No Injury;1051;April;0;Straight - Level;Coastal;Facing Traffic;No Control Present;Tuesday;Non-Intersection;27;0;Unknown;Unknown;0;#NULL!;PVA 2680 ROBERTS AVE PVA;Coarse Asphalt;#NULL!;Driveway, Public;Motorist Failed to Yield - Midblock;Public Vehicular Area;C: Possible Injury;Robeson;44;Clear;#NULL!;0-5 mph;5 - 15 MPH;2013;Daylight;40-49
35.2603168768, -81.1933033475;"{""type"": ""Point"", ""coordinates"": [-81.19330334751434, 35.260316876803664]}";Black;Gastonia;Travel Lane;2;15;Urban (>70% Developed);Male;Passenger Car;0;#NULL!;0;0;Hispanic;No;0;16-19;Motorist Drive Out - Sign-Controlled Intersection;None;No;No;Dry;0;Urban;No;17APR2013;0;15:26;Female;No;Residential;C: Possible Injury;Yes;O: No Injury;1046;April;0;Straight - Grade;Piedmont;Facing Traffic;Stop Sign;Wednesday;Intersection;16;0;Two-Way, Not Divided;2 lanes;0;#NULL!;S TRENTON ST;Smooth Asphalt;#NULL!;Four-Way Intersection;Motorist Failed to Yield - Sign-Controlled Intersection;Local Street;C: Possible Injury;Gaston;23;Clear;#NULL!;0-5 mph;30 - 35  MPH;2013;Daylight;20-24
35.7784770787, -78.6451026111;"{""type"": ""Point"", ""coordinates"": [-78.64510261114201, 35.77847707869291]}";White;Raleigh;Travel Lane;2;2;Urban (>70% Developed);Male;Passenger Car;0;#NULL!;0;0;Black;No;0;25-29;Motorist Drive Out - Sign-Controlled Intersection;None;No;No;Dry;0;Urban;No;27APR2013;0;2:28;Female;No;Commercial;C: Possible Injury;No;O: No Injury;1047;April;0;Straight - Level;Piedmont;With Traffic;Stop Sign;Saturday;Intersection;26;0;Two-Way, Not Divided;4 lanes;0;#NULL!;HARRINGTON ST;Smooth Asphalt;#NULL!;Four-Way Intersection;Motorist Failed to Yield - Sign-Controlled Intersection;Local Street;C: Possible Injury;Wake;21;Clear;#NULL!;6-10 mph;30 - 35  MPH;2013;Dark - Lighted Roadway;20-24
36.2085070577, -81.6739035447;"{""type"": ""Point"", ""coordinates"": [-81.67390354474834, 36.2085070577421]}";White;Boone;Travel Lane;2;19;Urban (>70% Developed);Male;Passenger Car;0;#NULL!;0;0;White;No;0;20-24;Bicyclist Ride Through - Sign-Controlled Intersection;None;No;No;Dry;0;Urban;No;14APR2013;0;19:29;Male;No;Commercial;O: No Injury;No;O: No Injury;1041;April;0;Straight - Level;Mountains;With Traffic;Stop Sign;Sunday;Intersection;20;0;Two-Way, Not Divided;2 lanes;0;#NULL!;HIGHLAND AVE;Smooth Asphalt;#NULL!;No Special Feature;Bicyclist Failed to Yield - Sign-Controlled Intersection;Local Street;O: No Injury;Watauga;23;Cloudy;#NULL!;0-5 mph;20 - 25  MPH;2013;Daylight;20-24
34.2361067692, -77.8718022997;"{""type"": ""Point"", ""coordinates"": [-77.87180229966145, 34.2361067691835]}";White;Wilmington;Travel Lane;2;13;Urban (>70% Developed);Male;Passenger Car;0;#NULL!;0;0;Black;No;0;16-19;Motorist Overtaking - Other / Unknown;None;No;No;Dry;0;Urban;No;11APR2013;0;13:07;Male;No;Commercial;B: Evident Injury;Yes;O: No Injury;1040;April;0;Straight - Level;Coastal;With Traffic;No Control Present;Thursday;Non-Intersection;19;0;Two-Way, Not Divided;3 lanes;0;#NULL!;NEW CENTRE DR;Smooth Asphalt;#NULL!;No Special Feature;Motorist Overtaking Bicyclist;Local Street;B: Evident Injury;New Hanover;38;Clear;#NULL!;26-30 mph;30 - 35  MPH;2013;Daylight;30-39
36.3405271619, -79.6533029471;"{""type"": ""Point"", ""coordinates"": [-79.6533029470722, 36.34052716189339]}";Black;Reidsville;Travel Lane;2;14;Urban (>70% Developed);Male;Passenger Car;0;#NULL!;0;0;White;No;0;50-59;Motorist Overtaking - Other / Unknown;None;No;No;Dry;0;Urban;No;22MAR2013;0;14:00;Male;No;Residential;K: Killed;Yes;O: No Injury;1028;March;0;Straight - Level;Piedmont;With Traffic;Double Yellow Line, No Passing Zone;Friday;Non-Intersection;50;0;Two-Way, Not Divided;2 lanes;0;#NULL!;BARNES ST;Smooth Asphalt;#NULL!;No Special Feature;Motorist Overtaking Bicyclist;Local Street;K: Killed;Rockingham;39;Clear;#NULL!;41-45 mph;40 - 45  MPH;2013;Daylight;30-39
35.6965069973, -80.420413141;"{""type"": ""Point"", ""coordinates"": [-80.42041314096765, 35.69650699730457]}";Black;Spencer;Bike Lane / Paved Shoulder;2;12;Mixed (30% To 70% Developed);Male;Passenger Car;0;#NULL!;0;0;White;No;0;50-59;Motorist Drive Out - Commercial Driveway / Alley;None;Yes;Yes;Dry;0;Rural;No;02FEB2008;0;12:19;Female;No;Commercial;C: Possible Injury;No;O: No Injury;5530;February;0;Straight - Level;Piedmont;With Traffic;Missing;Saturday;Non-Intersection;51;0;Two-Way, Not Divided;4 lanes;0;#NULL!;#NULL!;Smooth Asphalt;#NULL!;Driveway, Public;Motorist Failed to Yield - Midblock;Public Vehicular Area;C: Possible Injury;Rowan;69;Clear;#NULL!;Unknown;Unknown;2008;Daylight;60-69
35.2268568822, -80.8347332394;"{""type"": ""Point"", ""coordinates"": [-80.83473323936936, 35.226856882156746]}";White;Charlotte;Sidewalk / Crosswalk / Driveway Crossing;2;20;Urban (>70% Developed);Male;Passenger Car;0;#NULL!;0;0;White;No;0;30-39;Motorist Drive Out - Sign-Controlled Intersection;None;No;No;Dry;0;Urban;No;22APR2008;0;20:21;Male;No;Residential;O: No Injury;No;O: No Injury;5551;April;0;Straight - Level;Piedmont;Facing Traffic;Stop Sign;Tuesday;Intersection;31;0;Two-Way, Not Divided;3 lanes;0;#NULL!;#NULL!;Smooth Asphalt;#NULL!;Four-Way Intersection;Motorist Failed to Yield - Sign-Controlled Intersection;Local Street;O: No Injury;Mecklenburg;41;Clear;#NULL!;6-10 mph;20 - 25  MPH;2008;Dark - Lighted Roadway;40-49
35.211466884, -80.6914931963;"{""type"": ""Point"", ""coordinates"": [-80.69149319625159, 35.21146688398443]}";White;Charlotte;Sidewalk / Crosswalk / Driveway Crossing;2;20;Mixed (30% To 70% Developed);Male;Sport Utility;0;#NULL!;0;0;Unknown/Missing;No;0;40-49;Signalized Intersection - Other / Unknown;None;No;No;Dry;0;Urban;Yes;22APR2008;0;20:38;Unknown;No;Commercial;C: Possible Injury;Yes;Unknown Injury;5552;April;0;Straight - Level;Piedmont;Facing Traffic;Stop And Go Signal;Tuesday;Intersection;40;0;Two-Way, Divided, Positive Median Barrier;5 lanes;0;#NULL!;#NULL!;Coarse Asphalt;#NULL!;Four-Way Intersection;Crossing Paths - Other Circumstances;Local Street;C: Possible Injury;Mecklenburg;40;Cloudy;#NULL!;6-10 mph;40 - 45  MPH;2008;Dark - Lighted Roadway;40-49
35.5798070821, -77.3162921963;"{""type"": ""Point"", ""coordinates"": [-77.31629219630126, 35.57980708208558]}";White;None - Rural Crash;Travel Lane;2;21;Mixed (30% To 70% Developed);Male;Unknown;0;#NULL!;0;0;Unknown/Missing;No;0;30-39;Motorist Overtaking - Other / Unknown;None;Yes;Yes;Dry;0;Rural;Yes;22APR2008;0;21:40;Unknown;Missing;Residential;C: Possible Injury;Yes;Unknown Injury;5553;April;0;Straight - Level;Coastal;With Traffic;Double Yellow Line, No Passing Zone;Tuesday;Non-Intersection;30;0;Two-Way, Not Divided;2 lanes;0;#NULL!;#NULL!;Smooth Asphalt;#NULL!;No Special Feature;Motorist Overtaking Bicyclist;State Secondary Route;C: Possible Injury;Pitt;Unknown;Cloudy;#NULL!;Unknown;40 - 45  MPH;2008;Dark - Roadway Not Lighted;Unknown
35.2396418668, -81.3443483918;"{""type"": ""Point"", ""coordinates"": [-81.3443483918265, 35.23964186676082]}";White;Kings Mountain;Sidewalk / Crosswalk / Driveway Crossing;2;17;Urban (>70% Developed);Male;Sport Utility;0;#NULL!;0;0;White;No;0;16-19;Motorist Left Turn - Same Direction;None;No;No;Dry;0;Urban;No;15FEB2008;0;17:02;Male;No;Commercial;C: Possible Injury;No;O: No Injury;5555;February;0;Straight - Grade;Mountains;Facing Traffic;No Control Present;Friday;Non-Intersection;19;0;One-Way, Not Divided;Unknown;0;#NULL!;#NULL!;Smooth Asphalt;#NULL!;Driveway, Public;Motorist Left Turn / Merge;Local Street;C: Possible Injury;Cleveland;49;Clear;#NULL!;0-5 mph;30 - 35  MPH;2008;Daylight;40-49
33.9800067062, -78.0318023356;"{""type"": ""Point"", ""coordinates"": [-78.03180233559462, 33.980006706172354]}";White;None - Rural Crash;Travel Lane;2;16;Mixed (30% To 70% Developed);Male;Pickup;0;#NULL!;0;0;White;No;0;25-29;Motorist Overtaking - Misjudged Space;None;No;No;Dry;0;Rural;No;24APR2008;0;16:29;Male;No;Commercial;A: Disabling Injury;Yes;O: No Injury;5556;April;0;Straight - Level;Coastal;With Traffic;Double Yellow Line, No Passing Zone;Thursday;Non-Intersection;29;0;Two-Way, Not Divided;2 lanes;0;#NULL!;#NULL!;Smooth Asphalt;#NULL!;No Special Feature;Motorist Overtaking Bicyclist;NC Route;A: Disabling Injury;Brunswick;48;Clear;#NULL!;41-45 mph;50 - 55  MPH;2008;Daylight;40-49
36.0589941118, -79.400377854;"{""type"": ""Point"", ""coordinates"": [-79.40037785400308, 36.05899411175342]}";White;Graham;Travel Lane;2;12;Urban (>70% Developed);Male;Sport Utility;0;#NULL!;0;0;White;No;0;70+;Motorist Drive Out - Signalized Intersection;None;No;No;Dry;0;Urban;No;18FEB2008;0;12:35;Female;No;Commercial;B: Evident Injury;Yes;O: No Injury;5564;February;0;Straight - Grade;Piedmont;Facing Traffic;Stop And Go Signal;Monday;Intersection;70+;0;Two-Way, Not Divided;5 lanes;0;#NULL!;#NULL!;Smooth Asphalt;#NULL!;On or Off Ramp;Motorist Failed to Yield - Signalized Intersection;NC Route;B: Evident Injury;Alamance;28;Clear;#NULL!;0-5 mph;30 - 35  MPH;2008;Daylight;25-29
34.3893668087, -77.6814022494;"{""type"": ""Point"", ""coordinates"": [-77.68140224941682, 34.38936680866302]}";White;None - Rural Crash;Travel Lane;2;11;Rural (<30% Developed);Female;Passenger Car;0;#NULL!;0;0;White;No;0;11-15;Motorist Overtaking - Misjudged Space;None;No;No;Dry;0;Rural;No;17FEB2008;0;11:30;Male;No;Residential;C: Possible Injury;Yes;O: No Injury;5576;February;0;Straight - Level;Coastal;With Traffic;No Control Present;Sunday;Non-Intersection;14;0;Two-Way, Not Divided;2 lanes;0;#NULL!;#NULL!;Smooth Asphalt;#NULL!;No Special Feature;Motorist Overtaking Bicyclist;State Secondary Route;C: Possible Injury;Pender;70+;Clear;#NULL!;31-35 mph;40 - 45  MPH;2008;Daylight;70+
34.7624769002, -77.4009821819;"{""type"": ""Point"", ""coordinates"": [-77.40098218192134, 34.762476900164216]}";Black;Jacksonville;Non-Roadway;2;16;Urban (>70% Developed);Male;Sport Utility;0;#NULL!;0;0;White;No;0;20-24;Bicyclist Ride Out - Other Midblock;None;No;No;Dry;0;Urban;No;27FEB2008;0;16:59;Female;No;Commercial;C: Possible Injury;Yes;O: No Injury;5580;February;0;Straight - Level;Coastal;Not Applicable;No Control Present;Wednesday;Non-Intersection;23;0;Two-Way, Divided, Unprotected Median;4 lanes;0;#NULL!;#NULL!;Smooth Asphalt;#NULL!;No Special Feature;Bicyclist Failed to Yield - Midblock;Local Street;C: Possible Injury;Onslow;47;Clear;#NULL!;31-35 mph;30 - 35  MPH;2008;Daylight;40-49
36.111727122, -79.4187268623;"{""type"": ""Point"", ""coordinates"": [-79.41872686231916, 36.111727122001305]}";Black;Burlington;Non-Roadway;2;16;Urban (>70% Developed);Male;Passenger Car;0;#NULL!;0;0;Black;No;0;6-10;Non-Roadway;None;No;No;Dry;0;Urban;No;03MAR2008;0;16:20;Male;No;Residential;B: Evident Injury;No;O: No Injury;5588;March;0;Straight - Level;Piedmont;Not Applicable;No Control Present;Monday;Non-Roadway;9;0;Two-Way, Not Divided;Unknown;0;#NULL!;#NULL!;Coarse Asphalt;#NULL!;Driveway, Public;Non-Roadway;Public Vehicular Area;B: Evident Injury;Alamance;43;Clear;#NULL!;0-5 mph;5 - 15 MPH;2008;Daylight;40-49
35.7882610741, -78.8538826748;"{""type"": ""Point"", ""coordinates"": [-78.85388267477637, 35.788261074084076]}";Asian;Cary;Non-Roadway;2;17;Urban (>70% Developed);Male;Passenger Car;0;#NULL!;0;0;Unknown/Missing;No;0;6-10;Non-Roadway;None;No;No;Dry;0;Urban;No;03MAY2008;0;17:00;Unknown;Missing;Residential;C: Possible Injury;No;Unknown Injury;5589;May;0;Curve - Grade;Piedmont;Not Applicable;No Control Present;Saturday;Non-Roadway;9;0;Two-Way, Not Divided;2 lanes;0;#NULL!;#NULL!;Smooth Asphalt;#NULL!;No Special Feature;Non-Roadway;Local Street;C: Possible Injury;Wake;Unknown;Clear;#NULL!;0-5 mph;5 - 15 MPH;2008;Daylight;Unknown
35.9557830679, -79.996843028;"{""type"": ""Point"", ""coordinates"": [-79.99684302801323, 35.955783067875245]}";Black;High Point;Non-Roadway;2;13;Urban (>70% Developed);Male;Van;0;#NULL!;0;0;White;No;0;60-69;Non-Roadway;None;No;No;Dry;0;Urban;No;06MAR2008;0;13:08;Male;No;Residential;B: Evident Injury;Yes;O: No Injury;5600;March;0;Straight - Level;Piedmont;Not Applicable;Missing;Thursday;Non-Roadway;65;0;One-Way, Not Divided;Unknown;0;#NULL!;#NULL!;Coarse Asphalt;#NULL!;Driveway, Public;Non-Roadway;Public Vehicular Area;B: Evident Injury;Guilford;45;Clear;#NULL!;0-5 mph;Unknown;2008;Daylight;40-49
35.726203096, -77.841172364;"{""type"": ""Point"", ""coordinates"": [-77.8411723639727, 35.72620309603099]}";Black;None - Rural Crash;Travel Lane;2;18;Mixed (30% To 70% Developed);Male;Passenger Car;0;#NULL!;0;0;Black;No;0;11-15;Bicyclist Turning Error - Left Turn;None;No;No;Dry;0;Rural;No;09MAR2008;0;18:30;Male;No;Residential;B: Evident Injury;Yes;O: No Injury;5605;March;0;Straight - Level;Coastal;With Traffic;Stop Sign;Sunday;Intersection;14;0;Two-Way, Not Divided;2 lanes;0;#NULL!;#NULL!;Coarse Asphalt;#NULL!;T-Intersection;Loss of Control / Turning Error;State Secondary Route;B: Evident Injury;Wilson;20;Cloudy;#NULL!;6-10 mph;20 - 25  MPH;2008;Daylight;20-24
35.2529898912, -80.7500832152;"{""type"": ""Point"", ""coordinates"": [-80.75008321519218, 35.252989891239736]}";Hispanic;Charlotte;Non-Roadway;2;17;Urban (>70% Developed);Male;Passenger Car;0;#NULL!;0;0;Black;No;0;11-15;Bicyclist Ride Out - Other Midblock;None;No;No;Dry;0;Urban;No;07MAY2008;0;17:28;Female;No;Residential;B: Evident Injury;Yes;O: No Injury;5614;May;0;Straight - Hillcrest;Piedmont;Not Applicable;No Control Present;Wednesday;Non-Intersection;13;0;Two-Way, Not Divided;2 lanes;0;#NULL!;#NULL!;Smooth Asphalt;#NULL!;No Special Feature;Bicyclist Failed to Yield - Midblock;Local Street;B: Evident Injury;Mecklenburg;21;Clear;#NULL!;36-40 mph;20 - 25  MPH;2008;Daylight;20-24
35.260378889, -80.8552732469;"{""type"": ""Point"", ""coordinates"": [-80.8552732469328, 35.26037888896947]}";Black;Charlotte;Sidewalk / Crosswalk / Driveway Crossing;2;11;Urban (>70% Developed);Male;Van;0;#NULL!;0;0;White;No;0;30-39;Motorist Drive Out - Sign-Controlled Intersection;None;No;No;Dry;0;Urban;No;10MAY2008;0;11:54;Female;No;Residential;C: Possible Injury;Yes;O: No Injury;5616;May;0;Straight - Level;Piedmont;Facing Traffic;Stop Sign;Saturday;Intersection;30;0;Two-Way, Divided, Unprotected Median;4 lanes;0;#NULL!;#NULL!;Smooth Asphalt;#NULL!;T-Intersection;Motorist Failed to Yield - Sign-Controlled Intersection;Local Street;C: Possible Injury;Mecklenburg;42;Clear;#NULL!;0-5 mph;20 - 25  MPH;2008;Daylight;40-49