Geo Point;Geo Shape;BikeRace;City;BikePos;NumUnits;CrashHour;Locality;BikeSex;DrvrVehTyp;NumBikesNo;BikeAlcDrg;NumBikesBI;RteInvdCd;DrvrRace;Workzone;NumBikesCi;BikeAgeGrp;CrashType;RdDefects;CrashAlcoh;BikeAlcoho;RdConditio;DstncMiFrm;RuralUrban;HitRun;CrashDate;NumBikesUI;CrashTime;DrvrSex;DrvrAlcoho;Developmen;CrashSevr;AmbulanceR;DrvrInjury;OBJECTID;CrashMonth;NumBikesKi;RdCharacte;Region;BikeDir;TraffCntrl;CrashDay;CrashLoc;BikeAge;NumBikesTo;RdConfig;NumLanes;NumBikesAI;DrvrAlcDrg;OnRoad;RdSurface;Towrd_Rd;RdFeature;CrashGrp;RdClass;BikeInjury;County;DrvrAge;Weather;FrmRd;DrvrEstSpd;SpeedLimit;CrashYear;LightCond;DrvrAgeGrp
35.8198500891, -78.6238526069;"{""type"": ""Point"", ""coordinates"": [-78.62385260691703, 35.819850089101024]}";White;Raleigh;Sidewalk / Crosswalk / Driveway Crossing;2;18;Urban (>70% Developed);Male;Passenger Car;0;#NULL!;0;0;White;No;0;20-24;Signalized Intersection - Other / Unknown;None;No;No;Dry;0;Urban;No;14MAR2008;0;18:20;Male;No;Commercial;B: Evident Injury;Yes;B: Evident Injury;5620;March;0;Straight - Level;Piedmont;Facing Traffic;Stop And Go Signal;Friday;Intersection;24;0;Two-Way, Not Divided;4 lanes;0;#NULL!;#NULL!;Smooth Asphalt;#NULL!;Four-Way Intersection;Crossing Paths - Other Circumstances;Local Street;B: Evident Injury;Wake;48;Clear;#NULL!;41-45 mph;40 - 45  MPH;2008;Daylight;40-49
35.3732169116, -80.904233268;"{""type"": ""Point"", ""coordinates"": [-80.90423326800116, 35.37321691156945]}";Black;Huntersville;Travel Lane;2;6;Rural (<30% Developed);Male;Unknown;0;#NULL!;0;0;Unknown/Missing;No;0;25-29;Motorist Overtaking - Undetected Bicyclist;No Shoulders;No;No;Wet;0;Urban;Yes;16MAR2008;0;6:20;Unknown;Missing;Residential;C: Possible Injury;Yes;Unknown Injury;5623;March;0;Curve - Level;Piedmont;With Traffic;Double Yellow Line, No Passing Zone;Sunday;Non-Intersection;25;0;Two-Way, Divided, Unprotected Median;2 lanes;0;#NULL!;#NULL!;Smooth Asphalt;#NULL!;No Special Feature;Motorist Overtaking Bicyclist;Local Street;C: Possible Injury;Mecklenburg;Unknown;Cloudy;#NULL!;41-45 mph;40 - 45  MPH;2008;Dark - Roadway Not Lighted;Unknown
34.0989637366, -77.9114123056;"{""type"": ""Point"", ""coordinates"": [-77.9114123055874, 34.098963736577694]}";Hispanic;None - Rural Crash;Sidewalk / Crosswalk / Driveway Crossing;2;7;Urban (>70% Developed);Female;Sport Utility;0;#NULL!;0;0;Native American;No;0;6-10;Bicyclist Ride Out - Other Midblock;None;No;No;Dry;0;Rural;No;19MAR2008;0;7:35;Female;No;Institutional;C: Possible Injury;Yes;O: No Injury;5628;March;0;Straight - Level;Coastal;Not Applicable;No Control Present;Wednesday;Non-Intersection;7;0;Two-Way, Not Divided;2 lanes;0;#NULL!;#NULL!;Smooth Asphalt;#NULL!;Other;Bicyclist Failed to Yield - Midblock;State Secondary Route;C: Possible Injury;New Hanover;29;Clear;#NULL!;0-5 mph;30 - 35  MPH;2008;Daylight;25-29
34.6943169043, -76.8251670038;"{""type"": ""Point"", ""coordinates"": [-76.82516700378741, 34.69431690432295]}";White;Pine Knoll Shores;Bike Lane / Paved Shoulder;2;19;Urban (>70% Developed);Male;Passenger Car;0;#NULL!;0;0;White;No;0;50-59;Motorist Drive Out - Commercial Driveway / Alley;None;No;No;Dry;0;Rural;No;21MAR2008;0;19:15;Female;No;Commercial;C: Possible Injury;No;O: No Injury;5633;March;0;Straight - Level;Coastal;With Traffic;Yield Sign;Friday;Non-Intersection;55;0;Two-Way, Not Divided;2 lanes;0;#NULL!;#NULL!;Smooth Asphalt;#NULL!;Driveway, Private;Motorist Failed to Yield - Midblock;NC Route;C: Possible Injury;Carteret;30;Clear;#NULL!;Unknown;Unknown;2008;Dusk;30-39
35.7782090775, -78.6774626204;"{""type"": ""Point"", ""coordinates"": [-78.67746262044521, 35.77820907750009]}";White;Raleigh;Sidewalk / Crosswalk / Driveway Crossing;2;16;Urban (>70% Developed);Male;Pickup;0;#NULL!;0;0;White;No;0;20-24;Motorist Drive Out - Commercial Driveway / Alley;None;No;No;Dry;0;Urban;No;28MAR2008;0;16:56;Male;No;Commercial;B: Evident Injury;Yes;O: No Injury;5650;March;0;Straight - Grade;Piedmont;Facing Traffic;No Control Present;Friday;Non-Intersection;22;0;Two-Way, Divided, Unprotected Median;2 lanes;0;#NULL!;#NULL!;Smooth Asphalt;#NULL!;No Special Feature;Motorist Failed to Yield - Midblock;Local Street;B: Evident Injury;Wake;26;Clear;#NULL!;Unknown;30 - 35  MPH;2008;Daylight;25-29
34.7699428331, -79.4649128052;"{""type"": ""Point"", ""coordinates"": [-79.46491280515494, 34.76994283312394]}";Native American;Laurinburg;Travel Lane;2;22;Urban (>70% Developed);Male;Passenger Car;0;#NULL!;0;0;Black;No;0;40-49;Bicyclist Ride Through - Signalized Intersection;Unknown;Yes;Yes;Dry;0;Urban;No;01APR2008;0;22:56;Female;No;Residential;O: No Injury;Yes;O: No Injury;5656;April;0;Straight - Level;Coastal;With Traffic;Flashing Signal With Stop Sign;Tuesday;Intersection;49;0;Two-Way, Not Divided;2 lanes;0;#NULL!;#NULL!;Smooth Asphalt;#NULL!;No Special Feature;Bicyclist Failed to Yield - Signalized Intersection;US Route;Unknown Injury;Scotland;35;Clear;#NULL!;26-30 mph;30 - 35  MPH;2008;Dark - Lighted Roadway;30-39
35.7819550793, -78.6715726191;"{""type"": ""Point"", ""coordinates"": [-78.67157261905554, 35.78195507927409]}";Unknown/Missing;Raleigh;Sidewalk / Crosswalk / Driveway Crossing;2;8;Urban (>70% Developed);Male;Passenger Car;0;#NULL!;0;0;Unknown/Missing;No;0;25-29;Motorist Drive Out - Sign-Controlled Intersection;None;No;No;Dry;0;Urban;No;03APR2008;0;8:40;Female;No;Commercial;C: Possible Injury;No;O: No Injury;5660;April;0;Straight - Hillcrest;Piedmont;With Traffic;Stop Sign;Thursday;Intersection;29;0;One-Way, Not Divided;Unknown;0;#NULL!;#NULL!;Coarse Asphalt;#NULL!;No Special Feature;Motorist Failed to Yield - Sign-Controlled Intersection;Local Street;C: Possible Injury;Wake;27;Clear;#NULL!;0-5 mph;5 - 15 MPH;2008;Daylight;25-29
33.9247866906, -78.1417223667;"{""type"": ""Point"", ""coordinates"": [-78.14172236665904, 33.924786690578365]}";White;Oak Island;Travel Lane;2;18;Urban (>70% Developed);Male;Pickup;0;#NULL!;0;0;White;No;0;6-10;Bicyclist Ride Out - Sign-Controlled Intersection;None;Yes;Yes;Dry;0;Urban;No;16APR2008;0;18:00;Male;No;Residential;C: Possible Injury;Yes;O: No Injury;5662;April;0;Straight - Level;Coastal;With Traffic;Stop Sign;Wednesday;Intersection;9;0;Two-Way, Not Divided;2 lanes;0;#NULL!;#NULL!;Smooth Asphalt;#NULL!;No Special Feature;Bicyclist Failed to Yield - Sign-Controlled Intersection;Local Street;C: Possible Injury;Brunswick;55;Clear;#NULL!;31-35 mph;30 - 35  MPH;2008;Daylight;50-59
35.9279551397, -77.8234023684;"{""type"": ""Point"", ""coordinates"": [-77.82340236842029, 35.92795513974057]}";Unknown/Missing;Rocky Mount;Travel Lane;2;16;Urban (>70% Developed);Unknown;Passenger Car;0;#NULL!;0;0;Black;No;0;6-10;Bicyclist Lost Control - Mechanical Problems;None;No;No;Dry;0;Urban;No;09APR2008;0;16:47;Female;No;Commercial;O: No Injury;No;O: No Injury;5664;April;0;Straight - Level;Coastal;With Traffic;No Control Present;Wednesday;Intersection;10;0;Two-Way, Not Divided;2 lanes;0;#NULL!;#NULL!;Coarse Asphalt;#NULL!;No Special Feature;Loss of Control / Turning Error;Local Street;Unknown Injury;Nash;25;Clear;#NULL!;16-20 mph;30 - 35  MPH;2008;Daylight;25-29
35.20270088, -80.7605932154;"{""type"": ""Point"", ""coordinates"": [-80.7605932154046, 35.20270087996687]}";White;Charlotte;Travel Lane;2;15;Urban (>70% Developed);Male;Passenger Car;0;#NULL!;0;0;Black;No;0;16-19;Multiple Threat - Midblock;None;No;No;Dry;0;Urban;No;23MAY2008;0;15:46;Female;No;Commercial;B: Evident Injury;Yes;O: No Injury;5667;May;0;Straight - Level;Piedmont;Unknown;Stop And Go Signal;Friday;Non-Intersection;16;0;Two-Way, Divided, Unprotected Median;4 lanes;0;#NULL!;#NULL!;Smooth Asphalt;#NULL!;No Special Feature;Bicyclist Failed to Yield - Midblock;Local Street;B: Evident Injury;Mecklenburg;25;Clear;#NULL!;21-25 mph;30 - 35  MPH;2008;Daylight;25-29
35.8632231258, -77.8321483679;"{""type"": ""Point"", ""coordinates"": [-77.83214836789621, 35.86322312579604]}";Black;Sharpsburg;Non-Roadway;2;18;Urban (>70% Developed);Male;Passenger Car;0;#NULL!;0;0;Black;No;0;30-39;Bicyclist Ride Out - Other Midblock;None;Yes;Yes;Wet;0;Rural;No;05APR2008;0;18:39;Male;No;Commercial;A: Disabling Injury;Yes;O: No Injury;5668;April;0;Straight - Level;Coastal;Not Applicable;No Control Present;Saturday;Non-Intersection;34;0;Two-Way, Not Divided;5 lanes;0;#NULL!;#NULL!;Smooth Asphalt;#NULL!;No Special Feature;Bicyclist Failed to Yield - Midblock;US Route;A: Disabling Injury;Nash;39;Cloudy;#NULL!;36-40 mph;40 - 45  MPH;2008;Daylight;30-39
35.5577540777, -77.3092121926;"{""type"": ""Point"", ""coordinates"": [-77.30921219258546, 35.55775407772305]}";White;None - Rural Crash;Travel Lane;2;21;Mixed (30% To 70% Developed);Male;Unknown;0;#NULL!;0;0;Unknown/Missing;No;0;30-39;Motorist Overtaking - Misjudged Space;None;No;No;Dry;0;Rural;Yes;08APR2008;0;21:14;Unknown;Missing;Residential;B: Evident Injury;No;Unknown Injury;5669;April;0;Straight - Level;Coastal;With Traffic;Missing;Tuesday;Non-Intersection;30;0;Two-Way, Not Divided;2 lanes;0;#NULL!;#NULL!;Smooth Asphalt;#NULL!;No Special Feature;Motorist Overtaking Bicyclist;State Secondary Route;B: Evident Injury;Pitt;Unknown;Clear;#NULL!;36-40 mph;40 - 45  MPH;2008;Dark - Roadway Not Lighted;Unknown
34.5879868068, -79.0664226766;"{""type"": ""Point"", ""coordinates"": [-79.06642267662035, 34.58798680677342]}";Native American;None - Rural Crash;Travel Lane;2;15;Rural (<30% Developed);Male;Pickup;0;#NULL!;0;0;Black;No;0;50-59;Motorist Overtaking - Bicyclist Swerved;None;No;No;Dry;0;Rural;No;11APR2008;0;15:50;Male;No;Farms, Woods, Pastures;C: Possible Injury;Yes;O: No Injury;5676;April;0;Straight - Level;Coastal;With Traffic;No Control Present;Friday;Non-Intersection;52;0;Two-Way, Not Divided;2 lanes;0;#NULL!;#NULL!;Smooth Asphalt;#NULL!;No Special Feature;Motorist Overtaking Bicyclist;State Secondary Route;C: Possible Injury;Robeson;24;Clear;#NULL!;41-45 mph;40 - 45  MPH;2008;Daylight;20-24
35.2475808845, -80.9050532618;"{""type"": ""Point"", ""coordinates"": [-80.90505326179836, 35.247580884468945]}";Black;Charlotte;Travel Lane;3;19;Urban (>70% Developed);Male;Passenger Car;0;#NULL!;0;0;Black;No;0;50-59;Bicyclist Ride Through - Sign-Controlled Intersection;None;Yes;Yes;Dry;0;Urban;No;31MAY2008;0;19:24;Female;No;Residential;A: Disabling Injury;Yes;O: No Injury;5682;May;0;Straight - Bottom;Piedmont;With Traffic;Stop Sign;Saturday;Intersection;53;0;Two-Way, Not Divided;2 lanes;0;#NULL!;#NULL!;Coarse Asphalt;#NULL!;T-Intersection;Bicyclist Failed to Yield - Sign-Controlled Intersection;Local Street;A: Disabling Injury;Mecklenburg;26;Clear;#NULL!;41-45 mph;30 - 35  MPH;2008;Daylight;25-29
35.7208269773, -81.0967733454;"{""type"": ""Point"", ""coordinates"": [-81.09677334536583, 35.72082697730603]}";White;None - Rural Crash;Travel Lane;2;13;Rural (<30% Developed);Male;Pickup;0;#NULL!;0;0;White;No;0;30-39;Bicyclist Left Turn - Same Direction;None;No;No;Water (Standing, Moving);0;Rural;No;28MAY2008;0;13:22;Male;No;Farms, Woods, Pastures;B: Evident Injury;Yes;O: No Injury;5685;May;0;Straight - Grade;Piedmont;With Traffic;No Control Present;Wednesday;Non-Intersection;35;0;Two-Way, Not Divided;2 lanes;0;#NULL!;#NULL!;Smooth Asphalt;#NULL!;No Special Feature;Bicyclist Left Turn / Merge;US Route;B: Evident Injury;Catawba;53;Rain;#NULL!;41-45 mph;50 - 55  MPH;2008;Daylight;50-59
35.8782490988, -78.6790566262;"{""type"": ""Point"", ""coordinates"": [-78.67905662621246, 35.87824909880438]}";Black;Raleigh;Sidewalk / Crosswalk / Driveway Crossing;2;11;Mixed (30% To 70% Developed);Male;Sport Utility;0;#NULL!;0;0;White;No;0;11-15;Motorist Drive Out - Sign-Controlled Intersection;None;No;No;Dry;0;Urban;No;31MAY2008;0;11:54;Female;No;Residential;O: No Injury;No;O: No Injury;5698;May;0;Straight - Level;Piedmont;Facing Traffic;Stop Sign;Saturday;Intersection;15;0;Two-Way, Not Divided;2 lanes;0;#NULL!;#NULL!;Coarse Asphalt;#NULL!;Driveway, Private;Motorist Failed to Yield - Sign-Controlled Intersection;Private Road, Driveway;O: No Injury;Wake;29;Clear;#NULL!;0-5 mph;20 - 25  MPH;2008;Daylight;25-29
35.8152730794, -78.8476666738;"{""type"": ""Point"", ""coordinates"": [-78.84766667377106, 35.8152730793873]}";White;Cary;Sidewalk / Crosswalk / Driveway Crossing;2;13;Urban (>70% Developed);Male;Passenger Car;0;#NULL!;0;0;White;No;0;16-19;Motorist Drive Out - Sign-Controlled Intersection;None;No;No;Dry;0;Urban;No;03JUN2008;0;13:19;Female;No;Residential;B: Evident Injury;Yes;O: No Injury;5704;June;0;Straight - Level;Piedmont;Facing Traffic;Stop Sign;Tuesday;Intersection;18;0;Two-Way, Not Divided;2 lanes;0;#NULL!;#NULL!;Smooth Asphalt;#NULL!;T-Intersection;Motorist Failed to Yield - Sign-Controlled Intersection;Local Street;B: Evident Injury;Wake;47;Clear;#NULL!;6-10 mph;20 - 25  MPH;2008;Daylight;40-49
35.8489670956, -78.6148626055;"{""type"": ""Point"", ""coordinates"": [-78.61486260550063, 35.84896709559886]}";Black;Raleigh;Travel Lane;2;17;Urban (>70% Developed);Male;Passenger Car;0;#NULL!;0;0;White;No;0;50-59;Bicyclist Ride Out - Sign-Controlled Intersection;None;No;No;Dry;0;Urban;No;30APR2008;0;17:15;Female;No;Commercial;B: Evident Injury;Yes;O: No Injury;5705;April;0;Straight - Level;Piedmont;With Traffic;No Control Present;Wednesday;Intersection;54;0;Two-Way, Not Divided;6 lanes;0;#NULL!;#NULL!;Smooth Asphalt;#NULL!;No Special Feature;Bicyclist Failed to Yield - Sign-Controlled Intersection;Local Street;B: Evident Injury;Wake;49;Clear;#NULL!;41-45 mph;40 - 45  MPH;2008;Daylight;40-49
36.1768141985, -77.6732923362;"{""type"": ""Point"", ""coordinates"": [-77.67329233616879, 36.17681419846435]}";Black;Enfield;Travel Lane;2;16;Urban (>70% Developed);Male;Passenger Car;0;#NULL!;0;0;Black;No;0;6-10;Bicyclist Ride Through - Sign-Controlled Intersection;None;No;No;Dry;0;Rural;No;19APR2008;0;16:32;Male;No;Residential;B: Evident Injury;Yes;O: No Injury;5706;April;0;Curve - Grade;Coastal;With Traffic;Stop Sign;Saturday;Intersection;6;0;Two-Way, Not Divided;2 lanes;0;#NULL!;#NULL!;Smooth Asphalt;#NULL!;No Special Feature;Bicyclist Failed to Yield - Sign-Controlled Intersection;Local Street;B: Evident Injury;Halifax;24;Clear;#NULL!;21-25 mph;20 - 25  MPH;2008;Daylight;20-24
36.0100891165, -78.9899527275;"{""type"": ""Point"", ""coordinates"": [-78.98995272751158, 36.010089116519204]}";White;None - Rural Crash;Travel Lane;2;17;Rural (<30% Developed);Male;Passenger Car;0;#NULL!;0;0;White;No;0;40-49;Motorist Drive Out - Sign-Controlled Intersection;None;No;No;Dry;0;Rural;No;24APR2008;0;17:25;Female;No;Farms, Woods, Pastures;B: Evident Injury;No;O: No Injury;5714;April;0;Curve - Bottom;Piedmont;With Traffic;Stop Sign;Thursday;Intersection;49;0;Two-Way, Not Divided;2 lanes;0;#NULL!;#NULL!;Smooth Asphalt;#NULL!;Four-Way Intersection;Motorist Failed to Yield - Sign-Controlled Intersection;State Secondary Route;B: Evident Injury;Durham;40;Clear;#NULL!;Unknown;Unknown;2008;Daylight;40-49
35.3711669036, -81.0990633257;"{""type"": ""Point"", ""coordinates"": [-81.0990633256776, 35.371166903557416]}";White;Stanley;Unknown;2;19;Mixed (30% To 70% Developed);Male;Unknown;0;#NULL!;0;0;Unknown/Missing;No;0;16-19;Unknown Location;None;No;No;Dry;0;Rural;Yes;29APR2008;0;19:27;Unknown;No;Commercial;C: Possible Injury;Yes;Unknown Injury;5719;April;0;Straight - Level;Piedmont;Unknown;No Control Present;Tuesday;Unknown Location;17;0;Two-Way, Divided, Unprotected Median;2 lanes;0;#NULL!;#NULL!;Smooth Asphalt;#NULL!;No Special Feature;Other / Unknown - Insufficient Details;Local Street;C: Possible Injury;Gaston;Unknown;Clear;#NULL!;Unknown;40 - 45  MPH;2008;Daylight;Unknown
35.1841568717, -80.8737132487;"{""type"": ""Point"", ""coordinates"": [-80.87371324874897, 35.184156871727836]}";Hispanic;Charlotte;Travel Lane;2;19;Urban (>70% Developed);Male;Passenger Car;0;#NULL!;0;0;Hispanic;No;0;30-39;Motorist Drive Out - Commercial Driveway / Alley;None;No;No;Dry;0;Urban;No;07JUN2008;0;19:36;Male;No;Residential;O: No Injury;No;O: No Injury;5720;June;0;Straight - Level;Piedmont;With Traffic;No Control Present;Saturday;Non-Intersection;34;0;Two-Way, Not Divided;2 lanes;0;#NULL!;#NULL!;Concrete;#NULL!;No Special Feature;Motorist Failed to Yield - Midblock;Local Street;O: No Injury;Mecklenburg;22;Clear;#NULL!;36-40 mph;20 - 25  MPH;2008;Daylight;20-24
35.5347819531, -80.7048632178;"{""type"": ""Point"", ""coordinates"": [-80.70486321781992, 35.534781953069775]}";White;None - Rural Crash;Travel Lane;2;17;Mixed (30% To 70% Developed);Male;Pedalcycle;0;#NULL!;0;0;White;No;0;60-69;Head-On - Bicyclist;None;No;No;Dry;0;Rural;No;25APR2008;0;17:07;Female;No;Residential;B: Evident Injury;No;O: No Injury;5723;April;0;Straight - Level;Piedmont;Facing Traffic;Double Yellow Line, No Passing Zone;Friday;Non-Intersection;63;0;Two-Way, Not Divided;2 lanes;0;#NULL!;#NULL!;Smooth Asphalt;#NULL!;No Special Feature;Head-On;State Secondary Route;B: Evident Injury;Rowan;9;Clear;#NULL!;Unknown;Unknown;2008;Daylight;0-19
35.1333119131, -79.4238628119;"{""type"": ""Point"", ""coordinates"": [-79.42386281190949, 35.133311913144226]}";White;Aberdeen;Travel Lane;2;13;Rural (<30% Developed);Male;Passenger Car;0;#NULL!;0;0;White;No;0;25-29;Motorist Drive Out - Sign-Controlled Intersection;None;No;No;Wet;0;Rural;No;27APR2008;0;13:40;Male;No;Residential;C: Possible Injury;Yes;C: Possible Injury;5727;April;0;Straight - Level;Piedmont;With Traffic;Missing;Sunday;Intersection;29;0;Two-Way, Not Divided;2 lanes;0;#NULL!;#NULL!;Coarse Asphalt;#NULL!;No Special Feature;Motorist Failed to Yield - Sign-Controlled Intersection;Local Street;C: Possible Injury;Moore;34;Rain;#NULL!;0-5 mph;30 - 35  MPH;2008;Daylight;30-39
35.2023999747, -78.0783624086;"{""type"": ""Point"", ""coordinates"": [-78.07836240859217, 35.2023999746652]}";White;Mount Olive;Travel Lane;2;15;Rural (<30% Developed);Female;Passenger Car;0;#NULL!;0;0;Hispanic;No;0;30-39;Motorist Drive Out - Sign-Controlled Intersection;None;No;No;Dry;0;Rural;No;28APR2008;0;15:21;Female;No;Residential;B: Evident Injury;Yes;O: No Injury;5729;April;0;Straight - Level;Coastal;Facing Traffic;Stop Sign;Monday;Intersection;36;0;Two-Way, Divided, Unprotected Median;6 lanes;0;#NULL!;#NULL!;Smooth Asphalt;#NULL!;Four-Way Intersection;Motorist Failed to Yield - Sign-Controlled Intersection;US Route;B: Evident Injury;Wayne;18;Clear;#NULL!;51-55 mph;50 - 55  MPH;2008;Daylight;0-19
35.5724139561, -80.8251532556;"{""type"": ""Point"", ""coordinates"": [-80.82515325563304, 35.57241395613952]}";White;Mooresville;Travel Lane;2;15;Urban (>70% Developed);Male;Passenger Car;0;#NULL!;0;0;Black;No;0;16-19;Bicyclist Left Turn - Same Direction;None;No;No;Dry;0;Urban;No;29APR2008;0;15:58;Female;No;Residential;C: Possible Injury;Yes;O: No Injury;5731;April;0;Straight - Level;Piedmont;With Traffic;Missing;Tuesday;Intersection;19;0;Two-Way, Not Divided;4 lanes;0;#NULL!;#NULL!;Smooth Asphalt;#NULL!;Four-Way Intersection;Bicyclist Left Turn / Merge;Local Street;C: Possible Injury;Iredell;70+;Clear;#NULL!;31-35 mph;30 - 35  MPH;2008;Daylight;70+
35.4379768283, -83.4385940208;"{""type"": ""Point"", ""coordinates"": [-83.43859402076156, 35.43797682826548]}";White;None - Rural Crash;Travel Lane;2;15;Rural (<30% Developed);Male;School Bus;0;#NULL!;0;0;White;No;0;16-19;Head-On - Bicyclist;None;No;No;Dry;0;Rural;No;06JUN2008;0;15:32;Female;No;Farms, Woods, Pastures;B: Evident Injury;Yes;O: No Injury;5732;June;0;Straight - Grade;Mountains;With Traffic;No Control Present;Friday;Non-Intersection;17;0;Two-Way, Not Divided;2 lanes;0;#NULL!;#NULL!;Coarse Asphalt;#NULL!;No Special Feature;Head-On;State Secondary Route;B: Evident Injury;Swain;48;Clear;#NULL!;16-20 mph;30 - 35  MPH;2008;Daylight;40-49
35.9337271082, -78.7619576541;"{""type"": ""Point"", ""coordinates"": [-78.76195765415, 35.93372710822627]}";White;None - Rural Crash;Travel Lane;2;12;Rural (<30% Developed);Female;Light Truck (Mini-Van, Panel);0;#NULL!;0;0;White;No;0;40-49;Motorist Overtaking - Other / Unknown;None;No;No;Dry;0;Rural;No;04MAY2008;0;12:33;Female;No;Residential;B: Evident Injury;No;O: No Injury;5740;May;0;Straight - Level;Piedmont;With Traffic;Missing;Sunday;Non-Intersection;48;0;Two-Way, Not Divided;2 lanes;0;#NULL!;#NULL!;Coarse Asphalt;#NULL!;No Special Feature;Motorist Overtaking Bicyclist;State Secondary Route;B: Evident Injury;Durham;70+;Other;#NULL!;41-45 mph;40 - 45  MPH;2008;Daylight;70+
35.115591858, -80.8584632404;"{""type"": ""Point"", ""coordinates"": [-80.85846324041466, 35.11559185796752]}";White;Charlotte;Travel Lane;2;7;Urban (>70% Developed);Male;Passenger Car;0;#NULL!;0;0;Black;No;0;40-49;Motorist Drive Through - Sign-Controlled Intersection;None;No;No;Dry;0;Urban;No;12JUN2008;0;7:04;Male;No;Residential;B: Evident Injury;No;O: No Injury;5742;June;0;Straight - Level;Piedmont;With Traffic;Stop Sign;Thursday;Intersection;45;0;Two-Way, Not Divided;2 lanes;0;#NULL!;#NULL!;Smooth Asphalt;#NULL!;T-Intersection;Motorist Failed to Yield - Sign-Controlled Intersection;Local Street;B: Evident Injury;Mecklenburg;39;Clear;#NULL!;21-25 mph;20 - 25  MPH;2008;Daylight;30-39
35.8933101066, -78.573882595;"{""type"": ""Point"", ""coordinates"": [-78.57388259495445, 35.89331010655038]}";White;Raleigh;Travel Lane;2;18;Urban (>70% Developed);Female;Pickup;0;#NULL!;0;0;White;No;0;11-15;Bicyclist Ride Through - Sign-Controlled Intersection;None;No;No;Dry;0;Urban;No;05MAY2008;0;18:40;Male;No;Residential;O: No Injury;No;O: No Injury;5745;May;0;Straight - Grade;Piedmont;With Traffic;Stop Sign;Monday;Intersection;11;0;Two-Way, Not Divided;2 lanes;0;#NULL!;#NULL!;Smooth Asphalt;#NULL!;Four-Way Intersection;Bicyclist Failed to Yield - Sign-Controlled Intersection;Local Street;O: No Injury;Wake;28;Clear;#NULL!;21-25 mph;20 - 25  MPH;2008;Daylight;25-29
35.8524430954, -78.6429426137;"{""type"": ""Point"", ""coordinates"": [-78.64294261368799, 35.852443095363434]}";White;Raleigh;Travel Lane;2;7;Urban (>70% Developed);Male;Sport Utility;0;#NULL!;0;0;Black;No;0;20-24;Bicyclist Left Turn - Same Direction;None;No;No;Dry;0;Urban;No;06MAY2008;0;7:19;Female;No;Commercial;B: Evident Injury;Yes;O: No Injury;5747;May;0;Straight - Level;Piedmont;With Traffic;School Zone Signs;Tuesday;Non-Intersection;24;0;Two-Way, Not Divided;5 lanes;0;#NULL!;#NULL!;Smooth Asphalt;#NULL!;No Special Feature;Bicyclist Left Turn / Merge;Local Street;B: Evident Injury;Wake;40;Clear;#NULL!;31-35 mph;20 - 25  MPH;2008;Daylight;40-49
35.2514968807, -81.0285032979;"{""type"": ""Point"", ""coordinates"": [-81.02850329790822, 35.251496880702724]}";Unknown/Missing;Belmont;Bike Lane / Paved Shoulder;2;16;Urban (>70% Developed);Unknown;Passenger Car;0;#NULL!;0;0;White;No;0;16-19;Motorist Left Turn - Opposite Direction;None;No;No;Dry;0;Urban;No;07MAY2008;0;16:49;Male;No;Commercial;O: No Injury;Yes;O: No Injury;5755;May;0;Straight - Level;Piedmont;With Traffic;Stop And Go Signal;Wednesday;Intersection;16;0;Two-Way, Divided, Positive Median Barrier;7 lanes;0;#NULL!;#NULL!;Coarse Asphalt;#NULL!;Four-Way Intersection;Motorist Left Turn / Merge;US Route;Unknown Injury;Gaston;24;Clear;#NULL!;6-10 mph;40 - 45  MPH;2008;Daylight;20-24
34.2375137673, -77.9216623144;"{""type"": ""Point"", ""coordinates"": [-77.9216623143859, 34.237513767326995]}";White;Wilmington;Sidewalk / Crosswalk / Driveway Crossing;2;12;Urban (>70% Developed);Female;Van;0;#NULL!;0;0;White;No;0;20-24;Motorist Drive Out - Sign-Controlled Intersection;None;No;No;Dry;0;Urban;No;07MAY2008;0;12:20;Male;No;Commercial;C: Possible Injury;No;O: No Injury;5756;May;0;Straight - Level;Coastal;Facing Traffic;Stop Sign;Wednesday;Intersection;23;0;Two-Way, Not Divided;4 lanes;0;#NULL!;#NULL!;Smooth Asphalt;#NULL!;T-Intersection;Motorist Failed to Yield - Sign-Controlled Intersection;Local Street;C: Possible Injury;New Hanover;49;Clear;#NULL!;0-5 mph;30 - 35  MPH;2008;Daylight;40-49
35.745742072, -78.6490026098;"{""type"": ""Point"", ""coordinates"": [-78.64900260980683, 35.74574207203992]}";Hispanic;Raleigh;Sidewalk / Crosswalk / Driveway Crossing;2;1;Urban (>70% Developed);Male;Tractor/Semi-Trailer;0;#NULL!;0;0;White;No;0;30-39;Bicyclist Ride Out - Parallel Path;None;No;No;Dry;0;Urban;No;28MAR2008;0;1:38;Male;No;Commercial;C: Possible Injury;Yes;O: No Injury;5757;March;0;Straight - Level;Piedmont;Facing Traffic;Missing;Friday;Non-Intersection;33;0;Two-Way, Divided, Unprotected Median;8 lanes;0;#NULL!;#NULL!;Grooved Concrete;#NULL!;No Special Feature;Parallel Paths - Other Circumstances;Local Street;C: Possible Injury;Wake;45;Clear;#NULL!;31-35 mph;40 - 45  MPH;2008;Dark - Lighted Roadway;40-49