Geo Point;Geo Shape;BikeRace;City;BikePos;NumUnits;CrashHour;Locality;BikeSex;DrvrVehTyp;NumBikesNo;BikeAlcDrg;NumBikesBI;RteInvdCd;DrvrRace;Workzone;NumBikesCi;BikeAgeGrp;CrashType;RdDefects;CrashAlcoh;BikeAlcoho;RdConditio;DstncMiFrm;RuralUrban;HitRun;CrashDate;NumBikesUI;CrashTime;DrvrSex;DrvrAlcoho;Developmen;CrashSevr;AmbulanceR;DrvrInjury;OBJECTID;CrashMonth;NumBikesKi;RdCharacte;Region;BikeDir;TraffCntrl;CrashDay;CrashLoc;BikeAge;NumBikesTo;RdConfig;NumLanes;NumBikesAI;DrvrAlcDrg;OnRoad;RdSurface;Towrd_Rd;RdFeature;CrashGrp;RdClass;BikeInjury;County;DrvrAge;Weather;FrmRd;DrvrEstSpd;SpeedLimit;CrashYear;LightCond;DrvrAgeGrp
36.3989941988, -78.9865327478;"{""type"": ""Point"", ""coordinates"": [-78.9865327477515, 36.39899419882165]}";Unknown/Missing;Roxboro;Travel Lane;2;20;Urban (>70% Developed);Male;Passenger Car;0;#NULL!;0;0;Black;No;0;50-59;Bicyclist Ride Through - Sign-Controlled Intersection;None;No;No;Dry;0;Urban;No;08MAY2008;0;20:32;Female;No;Residential;C: Possible Injury;Yes;C: Possible Injury;5759;May;0;Straight - Level;Piedmont;With Traffic;Stop Sign;Thursday;Intersection;51;0;Two-Way, Not Divided;2 lanes;0;#NULL!;#NULL!;Smooth Asphalt;#NULL!;Four-Way Intersection;Bicyclist Failed to Yield - Sign-Controlled Intersection;Local Street;Unknown Injury;Person;24;Clear;#NULL!;31-35 mph;30 - 35  MPH;2008;Dark - Lighted Roadway;20-24
36.1828271996, -77.6712363354;"{""type"": ""Point"", ""coordinates"": [-77.67123633535749, 36.18282719956507]}";Black;Enfield;Travel Lane;2;18;Mixed (30% To 70% Developed);Female;Passenger Car;0;#NULL!;0;0;Black;No;0;16-19;Bicyclist Turning Error - Right Turn;None;No;No;Dry;0;Rural;No;10MAY2008;0;18:00;Female;No;Residential;C: Possible Injury;No;O: No Injury;5761;May;0;Straight - Level;Coastal;With Traffic;Stop And Go Signal;Saturday;Intersection;18;0;Two-Way, Not Divided;2 lanes;0;#NULL!;#NULL!;Coarse Asphalt;#NULL!;No Special Feature;Loss of Control / Turning Error;Local Street;C: Possible Injury;Halifax;28;Clear;#NULL!;Unknown;20 - 25  MPH;2008;Daylight;25-29
35.7886120811, -78.6436526104;"{""type"": ""Point"", ""coordinates"": [-78.64365261038014, 35.788612081117634]}";White;Raleigh;Travel Lane;2;2;Urban (>70% Developed);Male;Passenger Car;0;#NULL!;0;0;White;No;0;20-24;Motorist Left Turn - Opposite Direction;None;Yes;No;Dry;0;Urban;No;19APR2008;0;2:35;Female;Yes;Residential;C: Possible Injury;Yes;O: No Injury;5775;April;0;Straight - Level;Piedmont;With Traffic;Stop And Go Signal;Saturday;Intersection;23;0;Two-Way, Not Divided;5 lanes;0;#NULL!;#NULL!;Smooth Asphalt;#NULL!;T-Intersection;Motorist Left Turn / Merge;Local Street;C: Possible Injury;Wake;23;Clear;#NULL!;16-20 mph;30 - 35  MPH;2008;Dark - Lighted Roadway;20-24
34.2082247623, -77.8872023031;"{""type"": ""Point"", ""coordinates"": [-77.88720230309862, 34.20822476233608]}";Black;Wilmington;Travel Lane;2;16;Urban (>70% Developed);Male;Sport Utility;0;#NULL!;0;0;White;No;0;16-19;Motorist Drive Out - Other Midblock;None;No;No;Dry;0;Urban;No;13MAY2008;0;16:36;Female;No;Commercial;C: Possible Injury;Yes;O: No Injury;5778;May;0;Straight - Level;Coastal;Facing Traffic;No Control Present;Tuesday;Non-Intersection;16;0;Two-Way, Divided, Unprotected Median;6 lanes;0;#NULL!;#NULL!;Smooth Asphalt;#NULL!;No Special Feature;Motorist Failed to Yield - Midblock;Local Street;C: Possible Injury;New Hanover;27;Clear;#NULL!;Unknown;Unknown;2008;Daylight;25-29
35.5915330336, -78.792672646;"{""type"": ""Point"", ""coordinates"": [-78.79267264599098, 35.591533033554335]}";Black;Fuquay-Varina;Unknown;2;11;Urban (>70% Developed);Male;Pickup;0;#NULL!;0;0;Hispanic;No;0;11-15;Bicyclist Ride Out - Midblock - Unknown;None;No;No;Dry;0;Urban;No;03MAY2008;0;11:56;Male;No;Commercial;O: No Injury;No;O: No Injury;5780;May;0;Straight - Grade;Piedmont;Unknown;No Control Present;Saturday;Non-Intersection;13;0;Two-Way, Not Divided;5 lanes;0;#NULL!;#NULL!;Smooth Asphalt;#NULL!;No Special Feature;Bicyclist Failed to Yield - Midblock;US Route;O: No Injury;Wake;39;Clear;#NULL!;16-20 mph;30 - 35  MPH;2008;Daylight;30-39
35.7024770214, -79.8064679577;"{""type"": ""Point"", ""coordinates"": [-79.80646795766145, 35.702477021361865]}";Black;Asheboro;Unknown;2;14;Urban (>70% Developed);Female;Passenger Car;0;#NULL!;0;0;White;No;0;11-15;Bicyclist Ride Out - Midblock - Unknown;None;No;No;Dry;0;Urban;No;15MAY2008;0;14:42;Female;No;Commercial;B: Evident Injury;Yes;O: No Injury;5782;May;0;Straight - Grade;Piedmont;Unknown;Missing;Thursday;Non-Intersection;11;0;Two-Way, Not Divided;2 lanes;0;#NULL!;#NULL!;Coarse Asphalt;#NULL!;No Special Feature;Bicyclist Failed to Yield - Midblock;Local Street;B: Evident Injury;Randolph;70+;Cloudy;#NULL!;0-5 mph;20 - 25  MPH;2008;Daylight;70+
34.2339697695, -77.8413422905;"{""type"": ""Point"", ""coordinates"": [-77.84134229047874, 34.23396976947615]}";Unknown/Missing;Wilmington;Travel Lane;3;23;Urban (>70% Developed);Unknown;Unknown;0;#NULL!;0;0;Unknown/Missing;No;0;Unknown;Motorist Overtaking - Misjudged Space;None;No;Missing;Dry;0;Urban;Yes;15MAY2008;0;23:50;Unknown;Missing;Residential;B: Evident Injury;Yes;Unknown Injury;5783;May;0;Straight - Level;Coastal;With Traffic;Missing;Thursday;Non-Intersection;Unknown;0;Two-Way, Divided, Unprotected Median;4 lanes;0;#NULL!;#NULL!;Coarse Asphalt;#NULL!;No Special Feature;Motorist Overtaking Bicyclist;Local Street;Unknown Injury;New Hanover;Unknown;Cloudy;#NULL!;Unknown;Unknown;2008;Dark - Lighted Roadway;Unknown
35.8417730916, -78.6831926258;"{""type"": ""Point"", ""coordinates"": [-78.68319262583479, 35.84177309157393]}";White;Raleigh;Sidewalk / Crosswalk / Driveway Crossing;2;16;Urban (>70% Developed);Male;Passenger Car;0;#NULL!;0;0;White;No;0;11-15;Motorist Drive Out - Right Turn on Red;None;No;No;Wet;0;Urban;No;16MAY2008;0;16:23;Female;No;Commercial;B: Evident Injury;Yes;O: No Injury;5784;May;0;Straight - Level;Piedmont;Facing Traffic;Stop And Go Signal;Friday;Intersection;14;0;Two-Way, Not Divided;5 lanes;0;#NULL!;#NULL!;Coarse Asphalt;#NULL!;Driveway, Public;Motorist Failed to Yield - Signalized Intersection;Local Street;B: Evident Injury;Wake;40;Cloudy;#NULL!;0-5 mph;20 - 25  MPH;2008;Daylight;40-49
34.075676732, -77.8949522988;"{""type"": ""Point"", ""coordinates"": [-77.8949522988406, 34.07567673199301]}";Black;None - Rural Crash;Travel Lane;2;15;Rural (<30% Developed);Male;Unknown;0;#NULL!;0;0;Unknown/Missing;No;0;50-59;Motorist Overtaking - Other / Unknown;None;No;No;Dry;0;Rural;Yes;18MAY2008;0;15:31;Unknown;Missing;Farms, Woods, Pastures;C: Possible Injury;Yes;Unknown Injury;5788;May;0;Straight - Level;Coastal;With Traffic;Missing;Sunday;Non-Intersection;51;0;Two-Way, Divided, Unprotected Median;4 lanes;0;#NULL!;#NULL!;Coarse Asphalt;#NULL!;No Special Feature;Motorist Overtaking Bicyclist;US Route;C: Possible Injury;New Hanover;Unknown;Clear;#NULL!;Unknown;Unknown;2008;Daylight;Unknown
36.0739270978, -79.8661989959;"{""type"": ""Point"", ""coordinates"": [-79.86619899594382, 36.07392709776841]}";White;Greensboro;Travel Lane;2;18;Urban (>70% Developed);Male;Passenger Car;0;#NULL!;0;0;White;No;0;0-5;Bicyclist Ride Through - Sign-Controlled Intersection;None;No;No;Dry;0;Urban;No;19MAY2008;0;18:45;Male;No;Residential;B: Evident Injury;Yes;O: No Injury;5793;May;0;Straight - Level;Piedmont;With Traffic;Stop Sign;Monday;Intersection;5;0;Two-Way, Not Divided;4 lanes;0;#NULL!;#NULL!;Smooth Asphalt;#NULL!;T-Intersection;Bicyclist Failed to Yield - Sign-Controlled Intersection;Local Street;B: Evident Injury;Guilford;29;Clear;#NULL!;21-25 mph;20 - 25  MPH;2008;Daylight;25-29
35.8048130866, -78.5922025961;"{""type"": ""Point"", ""coordinates"": [-78.59220259607409, 35.80481308659177]}";Black;Raleigh;Travel Lane;2;15;Urban (>70% Developed);Male;Van;0;#NULL!;0;0;White;No;0;40-49;Bicyclist Overtaking - Other / Unknown;None;No;No;Dry;0;Urban;No;13JAN2008;0;15:08;Male;No;Residential;C: Possible Injury;Yes;O: No Injury;5795;January;0;Straight - Grade;Piedmont;Facing Traffic;Missing;Sunday;Intersection-Related;43;0;Two-Way, Not Divided;2 lanes;0;#NULL!;#NULL!;Smooth Asphalt;#NULL!;T-Intersection;Bicyclist Overtaking Motorist;Local Street;C: Possible Injury;Wake;51;Cloudy;#NULL!;Unknown;30 - 35  MPH;2008;Daylight;50-59
35.8921921007, -78.7180526389;"{""type"": ""Point"", ""coordinates"": [-78.71805263889986, 35.89219210067017]}";Asian;Raleigh;Sidewalk / Crosswalk / Driveway Crossing;2;14;Urban (>70% Developed);Male;Sport Utility;0;#NULL!;0;0;White;No;0;11-15;Motorist Drive Out - Sign-Controlled Intersection;None;No;No;Dry;0;Urban;No;19MAY2008;0;14:40;Male;No;Institutional;C: Possible Injury;No;O: No Injury;5796;May;0;Straight - Level;Piedmont;Facing Traffic;Stop Sign;Monday;Intersection;15;0;Two-Way, Not Divided;2 lanes;0;#NULL!;#NULL!;Coarse Asphalt;#NULL!;Driveway, Public;Motorist Failed to Yield - Sign-Controlled Intersection;Public Vehicular Area;C: Possible Injury;Wake;16;Clear;#NULL!;0-5 mph;30 - 35  MPH;2008;Daylight;0-19
35.9904071163, -78.8805826931;"{""type"": ""Point"", ""coordinates"": [-78.8805826930729, 35.99040711628559]}";Hispanic;Durham;Travel Lane;2;16;Mixed (30% To 70% Developed);Male;Passenger Car;0;#NULL!;0;0;Unknown/Missing;No;0;6-10;Motorist Drive Out - Sign-Controlled Intersection;None;No;No;Dry;0;Urban;Yes;24JUN2008;0;16:50;Unknown;No;Residential;B: Evident Injury;Yes;Unknown Injury;5810;June;0;Straight - Level;Piedmont;With Traffic;Stop Sign;Tuesday;Intersection;9;0;Two-Way, Not Divided;2 lanes;0;#NULL!;#NULL!;Smooth Asphalt;#NULL!;No Special Feature;Motorist Failed to Yield - Sign-Controlled Intersection;Local Street;B: Evident Injury;Durham;Unknown;Clear;#NULL!;Unknown;Unknown;2008;Daylight;Unknown
35.1652368692, -80.8293432347;"{""type"": ""Point"", ""coordinates"": [-80.82934323465551, 35.165236869187495]}";White;Charlotte;Bike Lane / Paved Shoulder;2;17;Mixed (30% To 70% Developed);Male;Sport Utility;0;#NULL!;0;0;White;No;0;40-49;Motorist Drive Out - Sign-Controlled Intersection;None;No;No;Dry;0;Urban;No;25JUN2008;0;17:35;Male;No;Residential;C: Possible Injury;No;O: No Injury;5811;June;0;Straight - Level;Piedmont;With Traffic;Stop Sign;Wednesday;Intersection;40;0;Two-Way, Divided, Positive Median Barrier;4 lanes;0;#NULL!;#NULL!;Smooth Asphalt;#NULL!;No Special Feature;Motorist Failed to Yield - Sign-Controlled Intersection;Local Street;C: Possible Injury;Mecklenburg;50;Clear;#NULL!;21-25 mph;20 - 25  MPH;2008;Daylight;50-59
35.9529031461, -77.7967623624;"{""type"": ""Point"", ""coordinates"": [-77.7967623623932, 35.9529031461431]}";Black;Rocky Mount;Driveway / Alley;2;21;Urban (>70% Developed);Male;Passenger Car;0;#NULL!;0;0;Black;No;0;6-10;Bicyclist Ride Out - Residential Driveway;None;No;No;Dry;0;Urban;No;25MAY2008;0;21:11;Female;No;Residential;C: Possible Injury;Yes;O: No Injury;5816;May;0;Straight - Level;Coastal;Not Applicable;No Control Present;Sunday;Non-Intersection;6;0;Two-Way, Not Divided;2 lanes;0;#NULL!;#NULL!;Coarse Asphalt;#NULL!;No Special Feature;Bicyclist Failed to Yield - Midblock;Local Street;C: Possible Injury;Nash;33;Clear;#NULL!;26-30 mph;30 - 35  MPH;2008;Daylight;30-39
35.5342169543, -80.6657672054;"{""type"": ""Point"", ""coordinates"": [-80.66576720544649, 35.53421695434198]}";Hispanic;None - Rural Crash;Non-Roadway;2;15;Mixed (30% To 70% Developed);Male;Passenger Car;0;#NULL!;0;0;White;No;0;20-24;Motorist Drive Out - Sign-Controlled Intersection;None;No;No;Dry;0;Rural;No;29MAY2008;0;15:30;Female;No;Commercial;B: Evident Injury;Yes;O: No Injury;5820;May;0;Straight - Grade;Piedmont;Facing Traffic;Stop Sign;Thursday;Intersection;20;0;Two-Way, Not Divided;2 lanes;0;#NULL!;#NULL!;Coarse Asphalt;#NULL!;T-Intersection;Motorist Failed to Yield - Sign-Controlled Intersection;State Secondary Route;B: Evident Injury;Rowan;22;Clear;#NULL!;0-5 mph;40 - 45  MPH;2008;Daylight;20-24
35.6109540375, -78.8149426533;"{""type"": ""Point"", ""coordinates"": [-78.81494265325378, 35.61095403748833]}";Black;Fuquay-Varina;Travel Lane;2;20;Rural (<30% Developed);Male;Passenger Car;0;#NULL!;0;0;White;No;0;16-19;Bicyclist Ride Through - Sign-Controlled Intersection;None;No;No;Dry;0;Urban;No;29MAY2008;0;20:28;Male;No;Residential;A: Disabling Injury;No;O: No Injury;5821;May;0;Straight - Level;Piedmont;With Traffic;Stop Sign;Thursday;Intersection;16;0;Two-Way, Not Divided;2 lanes;0;#NULL!;#NULL!;Smooth Asphalt;#NULL!;No Special Feature;Bicyclist Failed to Yield - Sign-Controlled Intersection;Local Street;A: Disabling Injury;Wake;50;Clear;#NULL!;41-45 mph;40 - 45  MPH;2008;Daylight;50-59
34.2393597683, -77.9094923114;"{""type"": ""Point"", ""coordinates"": [-77.90949231142977, 34.239359768323666]}";White;Wilmington;Travel Lane;2;7;Urban (>70% Developed);Male;Passenger Car;0;#NULL!;0;0;White;No;0;30-39;Motorist Drive Out - Commercial Driveway / Alley;None;No;No;Dry;0;Urban;No;30MAY2008;0;7:17;Female;No;Commercial;C: Possible Injury;Yes;O: No Injury;5828;May;0;Straight - Level;Coastal;Facing Traffic;No Control Present;Friday;Non-Intersection;30;0;Two-Way, Not Divided;5 lanes;0;#NULL!;#NULL!;Coarse Asphalt;#NULL!;Driveway, Public;Motorist Failed to Yield - Midblock;Local Street;C: Possible Injury;New Hanover;29;Clear;#NULL!;0-5 mph;30 - 35  MPH;2008;Daylight;25-29
35.2242428744, -81.0384833004;"{""type"": ""Point"", ""coordinates"": [-81.03848330040958, 35.22424287442098]}";White;Belmont;Unknown;2;7;Mixed (30% To 70% Developed);Male;Pickup;0;#NULL!;0;0;White;No;0;16-19;Bicyclist Ride Out - Midblock - Unknown;None;No;No;Dry;0;Urban;No;04JUN2008;0;7:58;Male;No;Residential;B: Evident Injury;No;O: No Injury;5847;June;0;Straight - Grade;Piedmont;Unknown;No Control Present;Wednesday;Non-Intersection;16;0;Two-Way, Not Divided;2 lanes;0;#NULL!;#NULL!;Coarse Asphalt;#NULL!;No Special Feature;Bicyclist Failed to Yield - Midblock;Local Street;B: Evident Injury;Gaston;42;Clear;#NULL!;21-25 mph;20 - 25  MPH;2008;Daylight;40-49
35.5615720867, -77.059462117;"{""type"": ""Point"", ""coordinates"": [-77.05946211699465, 35.56157208673578]}";Black;Washington;Unknown;2;19;Mixed (30% To 70% Developed);Male;Sport Utility;0;#NULL!;0;0;White;No;0;0-5;Bicyclist Ride Out - Midblock - Unknown;None;No;No;Dry;0;Urban;No;18JUN2008;0;19:00;Male;No;Commercial;C: Possible Injury;No;O: No Injury;5853;June;0;Straight - Level;Coastal;Not Applicable;No Control Present;Wednesday;Non-Intersection;4;0;Two-Way, Not Divided;4 lanes;0;#NULL!;#NULL!;Coarse Asphalt;#NULL!;No Special Feature;Bicyclist Failed to Yield - Midblock;Local Street;C: Possible Injury;Beaufort;67;Clear;#NULL!;21-25 mph;30 - 35  MPH;2008;Daylight;60-69
35.9442441447, -77.7964523615;"{""type"": ""Point"", ""coordinates"": [-77.79645236152975, 35.944244144697095]}";Black;Rocky Mount;Sidewalk / Crosswalk / Driveway Crossing;2;8;Urban (>70% Developed);Female;Light Truck (Mini-Van, Panel);0;#NULL!;0;0;White;No;0;40-49;Motorist Drive Out - Commercial Driveway / Alley;None;No;No;Dry;0;Urban;No;10JUN2008;0;8:10;Female;No;Commercial;O: No Injury;Yes;O: No Injury;5855;June;0;Straight - Level;Coastal;Facing Traffic;No Control Present;Tuesday;Non-Intersection;47;0;One-Way, Not Divided;Unknown;0;#NULL!;#NULL!;Concrete;#NULL!;T-Intersection;Motorist Failed to Yield - Midblock;Public Vehicular Area;O: No Injury;Nash;35;Clear;#NULL!;0-5 mph;20 - 25  MPH;2008;Daylight;30-39
36.3085472049, -78.2812025286;"{""type"": ""Point"", ""coordinates"": [-78.28120252860461, 36.30854720491853]}";Black;None - Rural Crash;Driveway / Alley;2;19;Rural (<30% Developed);Male;Light Truck (Mini-Van, Panel);0;#NULL!;0;0;White;No;0;16-19;Bicyclist Ride Out - Residential Driveway;None;No;No;Dry;0;Rural;No;11JUN2008;0;19:43;Female;No;Residential;B: Evident Injury;No;O: No Injury;5857;June;0;Straight - Level;Piedmont;Not Applicable;Double Yellow Line, No Passing Zone;Wednesday;Non-Intersection;16;0;Two-Way, Not Divided;2 lanes;0;#NULL!;#NULL!;Smooth Asphalt;#NULL!;No Special Feature;Bicyclist Failed to Yield - Midblock;State Secondary Route;B: Evident Injury;Vance;42;Clear;#NULL!;36-40 mph;40 - 45  MPH;2008;Daylight;40-49
35.5939740351, -78.7810526417;"{""type"": ""Point"", ""coordinates"": [-78.7810526417287, 35.59397403506602]}";White;Fuquay-Varina;Non-Roadway;2;20;Urban (>70% Developed);Male;Passenger Car;0;#NULL!;0;0;Black;No;0;16-19;Non-Roadway;None;No;No;Dry;0;Urban;No;04JUN2008;0;20:03;Female;No;Commercial;O: No Injury;No;O: No Injury;5859;June;0;Straight - Level;Piedmont;Not Applicable;No Control Present;Wednesday;Non-Roadway;17;0;Two-Way, Not Divided;Unknown;0;#NULL!;#NULL!;Smooth Asphalt;#NULL!;No Special Feature;Non-Roadway;Public Vehicular Area;O: No Injury;Wake;25;Clear;#NULL!;6-10 mph;20 - 25  MPH;2008;Daylight;25-29
35.2491668883, -80.8155432345;"{""type"": ""Point"", ""coordinates"": [-80.81554323454638, 35.249166888293566]}";Black;Charlotte;Non-Roadway;2;16;Urban (>70% Developed);Male;Single Unit Truck (2-Axle, 6-Tire);0;#NULL!;0;0;White;No;0;50-59;Non-Roadway;None;No;No;Dry;0;Urban;No;12JUL2008;0;16:00;Male;No;Commercial;B: Evident Injury;Yes;Unknown Injury;5864;July;0;Straight - Level;Piedmont;Not Applicable;No Control Present;Saturday;Non-Roadway;55;0;Two-Way, Not Divided;2 lanes;0;#NULL!;#NULL!;Smooth Asphalt;#NULL!;Driveway, Public;Non-Roadway;Public Vehicular Area;B: Evident Injury;Mecklenburg;50;Clear;#NULL!;0-5 mph;5 - 15 MPH;2008;Daylight;50-59
35.7783270796, -78.6435226101;"{""type"": ""Point"", ""coordinates"": [-78.64352261009448, 35.778327079551104]}";Black;Raleigh;Travel Lane;2;16;Urban (>70% Developed);Male;Unknown;0;#NULL!;0;0;Unknown/Missing;No;0;20-24;Motorist Right Turn - Same Direction;None;No;No;Dry;0;Urban;Yes;04JUN2008;0;16:08;Unknown;Missing;Commercial;C: Possible Injury;No;Unknown Injury;5867;June;0;Straight - Level;Piedmont;With Traffic;Stop And Go Signal;Wednesday;Intersection;20;0;Two-Way, Not Divided;2 lanes;0;#NULL!;#NULL!;Smooth Asphalt;#NULL!;Four-Way Intersection;Motorist Right Turn / Merge;Local Street;C: Possible Injury;Wake;Unknown;Clear;#NULL!;31-35 mph;30 - 35  MPH;2008;Daylight;Unknown
35.727417071, -78.5633725833;"{""type"": ""Point"", ""coordinates"": [-78.56337258328188, 35.72741707103137]}";White;Raleigh;Travel Lane;2;17;Urban (>70% Developed);Male;Passenger Car;0;#NULL!;0;0;Black;No;0;6-10;Bicyclist Ride Through - Sign-Controlled Intersection;None;No;No;Dry;0;Urban;No;17MAY2008;0;17:53;Female;No;Residential;B: Evident Injury;Yes;O: No Injury;5869;May;0;Curve - Grade;Piedmont;With Traffic;Stop Sign;Saturday;Intersection;7;0;Two-Way, Not Divided;2 lanes;0;#NULL!;#NULL!;Smooth Asphalt;#NULL!;Four-Way Intersection;Bicyclist Failed to Yield - Sign-Controlled Intersection;Local Street;B: Evident Injury;Wake;43;Clear;#NULL!;31-35 mph;30 - 35  MPH;2008;Daylight;40-49
35.6203609012, -82.5574037729;"{""type"": ""Point"", ""coordinates"": [-82.55740377286041, 35.62036090119012]}";White;Asheville;Travel Lane;2;21;Urban (>70% Developed);Male;Passenger Car;0;#NULL!;0;0;Black;No;0;20-24;Motorist Right Turn - Same Direction;None;No;No;Dry;0;Urban;No;15JUN2008;0;21:40;Male;No;Residential;B: Evident Injury;Yes;O: No Injury;5881;June;0;Straight - Level;Mountains;With Traffic;No Control Present;Sunday;Non-Intersection;20;0;Two-Way, Not Divided;2 lanes;0;#NULL!;#NULL!;Smooth Asphalt;#NULL!;No Special Feature;Motorist Right Turn / Merge;Local Street;B: Evident Injury;Buncombe;21;Clear;#NULL!;0-5 mph;30 - 35  MPH;2008;Dark - Lighted Roadway;20-24
35.4578769403, -80.6085531846;"{""type"": ""Point"", ""coordinates"": [-80.60855318462743, 35.45787694030543]}";White;Kannapolis;Travel Lane;2;5;Urban (>70% Developed);Male;Sport Utility;0;#NULL!;0;0;White;No;0;50-59;Motorist Overtaking - Misjudged Space;None;No;No;Dry;0;Urban;No;18JUN2008;0;5:05;Male;No;Commercial;C: Possible Injury;No;O: No Injury;5885;June;0;Straight - Level;Piedmont;With Traffic;No Control Present;Wednesday;Non-Intersection;56;0;Unknown;4 lanes;0;#NULL!;#NULL!;Smooth Asphalt;#NULL!;No Special Feature;Motorist Overtaking Bicyclist;US Route;C: Possible Injury;Cabarrus;70+;Clear;#NULL!;41-45 mph;40 - 45  MPH;2008;Dark - Lighted Roadway;70+
35.9857770808, -79.8278629792;"{""type"": ""Point"", ""coordinates"": [-79.82786297921237, 35.985777080769765]}";Black;None - Rural Crash;Travel Lane;2;20;Rural (<30% Developed);Male;Passenger Car;0;#NULL!;0;0;White;No;0;50-59;Motorist Drive Out - Sign-Controlled Intersection;None;No;No;Dry;0;Rural;No;30JUN2008;0;20:54;Male;No;Farms, Woods, Pastures;C: Possible Injury;No;O: No Injury;5890;June;0;Straight - Grade;Piedmont;With Traffic;Stop Sign;Monday;Intersection;54;0;Two-Way, Not Divided;2 lanes;0;#NULL!;#NULL!;Smooth Asphalt;#NULL!;Y-Intersection;Motorist Failed to Yield - Sign-Controlled Intersection;State Secondary Route;C: Possible Injury;Guilford;40;Clear;#NULL!;0-5 mph;30 - 35  MPH;2008;Dusk;40-49
36.0645330978, -79.8052469774;"{""type"": ""Point"", ""coordinates"": [-79.80524697742219, 36.06453309776561]}";Black;Greensboro;Sidewalk / Crosswalk / Driveway Crossing;2;13;Urban (>70% Developed);Female;Passenger Car;0;#NULL!;0;0;Black;No;0;20-24;Motorist Drive Out - Sign-Controlled Intersection;None;No;No;Dry;0;Urban;No;12MAY2008;0;13:54;Female;No;Institutional;B: Evident Injury;Yes;O: No Injury;5897;May;0;Straight - Level;Piedmont;Facing Traffic;Stop Sign;Monday;Intersection;23;0;Two-Way, Not Divided;2 lanes;0;#NULL!;#NULL!;Smooth Asphalt;#NULL!;Four-Way Intersection;Motorist Failed to Yield - Sign-Controlled Intersection;Local Street;B: Evident Injury;Guilford;47;Clear;#NULL!;0-5 mph;20 - 25  MPH;2008;Daylight;40-49
35.6906429943, -80.4707981558;"{""type"": ""Point"", ""coordinates"": [-80.47079815575158, 35.69064299432324]}";White;Salisbury;Travel Lane;2;19;Urban (>70% Developed);Male;Passenger Car;0;#NULL!;0;0;White;No;0;16-19;Bicyclist Left Turn - Same Direction;None;No;No;Dry;0;Urban;No;24JUN2008;0;19:00;Male;No;Commercial;O: No Injury;No;O: No Injury;5904;June;0;Straight - Level;Piedmont;With Traffic;No Control Present;Tuesday;Intersection;18;0;Two-Way, Not Divided;2 lanes;0;#NULL!;#NULL!;Coarse Asphalt;#NULL!;No Special Feature;Bicyclist Left Turn / Merge;Local Street;O: No Injury;Rowan;52;Clear;#NULL!;41-45 mph;40 - 45  MPH;2008;Daylight;50-59
35.5784028903, -82.5945437814;"{""type"": ""Point"", ""coordinates"": [-82.5945437814084, 35.57840289031199]}";White;Asheville;Travel Lane;2;16;Urban (>70% Developed);Female;Passenger Car;0;#NULL!;0;0;White;No;0;40-49;Bicyclist Turning Error - Right Turn;None;No;No;Dry;0;Urban;No;24JUN2008;0;16:09;Male;No;Commercial;B: Evident Injury;No;O: No Injury;5905;June;0;Straight - Grade;Mountains;With Traffic;Stop And Go Signal;Tuesday;Intersection;46;0;Two-Way, Not Divided;2 lanes;0;#NULL!;#NULL!;Coarse Asphalt;#NULL!;T-Intersection;Loss of Control / Turning Error;Local Street;B: Evident Injury;Buncombe;47;Clear;#NULL!;0-5 mph;30 - 35  MPH;2008;Daylight;40-49
35.7292819569, -81.6941485227;"{""type"": ""Point"", ""coordinates"": [-81.69414852270474, 35.729281956860106]}";White;Morganton;Travel Lane;2;7;Urban (>70% Developed);Male;Passenger Car;0;#NULL!;0;0;Black;No;0;50-59;Motorist Overtaking - Misjudged Space;None;No;No;Dry;0;Urban;No;27JUN2008;0;7:59;Female;No;Commercial;C: Possible Injury;No;O: No Injury;5910;June;0;Straight - Level;Mountains;With Traffic;Stop And Go Signal;Friday;Intersection;51;0;Two-Way, Divided, Unprotected Median;5 lanes;0;#NULL!;#NULL!;Smooth Asphalt;#NULL!;No Special Feature;Motorist Overtaking Bicyclist;Local Street;C: Possible Injury;Burke;50;Clear;#NULL!;0-5 mph;30 - 35  MPH;2008;Daylight;50-59
35.3218718641, -81.8633075503;"{""type"": ""Point"", ""coordinates"": [-81.86330755031005, 35.32187186409656]}";Black;Forest City;Travel Lane;2;14;Urban (>70% Developed);Male;Passenger Car;0;#NULL!;0;0;White;No;0;11-15;Motorist Drive Out - Sign-Controlled Intersection;None;No;No;Dry;0;Urban;No;30JUN2008;0;14:31;Female;No;Residential;B: Evident Injury;Yes;O: No Injury;5916;June;0;Straight - Grade;Mountains;With Traffic;Missing;Monday;Intersection;13;0;Two-Way, Not Divided;2 lanes;0;#NULL!;#NULL!;Smooth Asphalt;#NULL!;No Special Feature;Motorist Failed to Yield - Sign-Controlled Intersection;Local Street;B: Evident Injury;Rutherford;40;Clear;#NULL!;Unknown;30 - 35  MPH;2008;Daylight;40-49
35.7795629796, -81.3660134287;"{""type"": ""Point"", ""coordinates"": [-81.3660134287116, 35.779562979595106]}";White;None - Rural Crash;Travel Lane;2;18;Mixed (30% To 70% Developed);Male;Passenger Car;0;#NULL!;0;0;White;No;0;6-10;Bicyclist Ride Through - Sign-Controlled Intersection;None;No;No;Dry;0;Rural;No;01JUL2008;0;18:21;Female;No;Residential;C: Possible Injury;No;O: No Injury;5919;July;0;Straight - Grade;Mountains;With Traffic;Stop Sign;Tuesday;Intersection;10;0;Two-Way, Not Divided;2 lanes;0;#NULL!;#NULL!;Smooth Asphalt;#NULL!;Four-Way Intersection;Bicyclist Failed to Yield - Sign-Controlled Intersection;State Secondary Route;C: Possible Injury;Caldwell;23;Clear;#NULL!;11-15 mph;20 - 25  MPH;2008;Daylight;20-24