Geo Point;Geo Shape;BikeRace;City;BikePos;NumUnits;CrashHour;Locality;BikeSex;DrvrVehTyp;NumBikesNo;BikeAlcDrg;NumBikesBI;RteInvdCd;DrvrRace;Workzone;NumBikesCi;BikeAgeGrp;CrashType;RdDefects;CrashAlcoh;BikeAlcoho;RdConditio;DstncMiFrm;RuralUrban;HitRun;CrashDate;NumBikesUI;CrashTime;DrvrSex;DrvrAlcoho;Developmen;CrashSevr;AmbulanceR;DrvrInjury;OBJECTID;CrashMonth;NumBikesKi;RdCharacte;Region;BikeDir;TraffCntrl;CrashDay;CrashLoc;BikeAge;NumBikesTo;RdConfig;NumLanes;NumBikesAI;DrvrAlcDrg;OnRoad;RdSurface;Towrd_Rd;RdFeature;CrashGrp;RdClass;BikeInjury;County;DrvrAge;Weather;FrmRd;DrvrEstSpd;SpeedLimit;CrashYear;LightCond;DrvrAgeGrp
35.0020399017, -78.9263726549;"{""type"": ""Point"", ""coordinates"": [-78.92637265490424, 35.0020399016896]}";White;None - Rural Crash;Travel Lane;2;21;Mixed (30% To 70% Developed);Female;Passenger Car;0;#NULL!;0;0;White;No;0;50-59;Head-On - Bicyclist;None;No;No;Dry;0;Rural;No;26MAY2008;0;21:10;Female;No;Residential;C: Possible Injury;Yes;O: No Injury;5922;May;0;Straight - Level;Coastal;Facing Traffic;Double Yellow Line, No Passing Zone;Monday;Non-Intersection;59;0;Two-Way, Not Divided;2 lanes;0;#NULL!;#NULL!;Smooth Asphalt;#NULL!;No Special Feature;Head-On;State Secondary Route;C: Possible Injury;Cumberland;25;Clear;#NULL!;41-45 mph;40 - 45  MPH;2008;Dark - Roadway Not Lighted;25-29
35.6769899116, -82.576123781;"{""type"": ""Point"", ""coordinates"": [-82.57612378098696, 35.67698991155113]}";White;Weaverville;Travel Lane;2;14;Urban (>70% Developed);Male;Passenger Car;0;#NULL!;0;0;White;No;0;16-19;Motorist Overtaking - Bicyclist Swerved;None;No;No;Dry;0;Rural;No;31MAY2008;0;14:47;Female;No;Commercial;B: Evident Injury;No;O: No Injury;5924;May;0;Straight - Level;Mountains;With Traffic;No Control Present;Saturday;Non-Intersection;18;0;Two-Way, Not Divided;2 lanes;0;#NULL!;#NULL!;Smooth Asphalt;#NULL!;No Special Feature;Motorist Overtaking Bicyclist;Local Street;B: Evident Injury;Buncombe;35;Clear;#NULL!;41-45 mph;40 - 45  MPH;2008;Daylight;30-39
35.021719905, -78.9618826665;"{""type"": ""Point"", ""coordinates"": [-78.96188266651282, 35.02171990503231]}";White;Fayetteville;Multi-use Path;2;12;Urban (>70% Developed);Male;Single Unit Truck (2-Axle, 6-Tire);0;#NULL!;0;0;Black;No;0;20-24;Motorist Drive Out - Sign-Controlled Intersection;None;No;No;Dry;0;Urban;No;21JUN2008;0;12:50;Male;No;Residential;B: Evident Injury;No;O: No Injury;5933;June;0;Straight - Level;Coastal;Facing Traffic;Stop Sign;Saturday;Intersection;22;0;Two-Way, Not Divided;2 lanes;0;#NULL!;#NULL!;Smooth Asphalt;#NULL!;No Special Feature;Motorist Failed to Yield - Sign-Controlled Intersection;Local Street;B: Evident Injury;Cumberland;26;Cloudy;#NULL!;0-5 mph;20 - 25  MPH;2008;Daylight;25-29
35.3096868991, -80.8675032532;"{""type"": ""Point"", ""coordinates"": [-80.8675032532237, 35.3096868991188]}";Hispanic;Charlotte;Sidewalk / Crosswalk / Driveway Crossing;2;19;Urban (>70% Developed);Male;Passenger Car;0;#NULL!;0;0;Black;No;0;6-10;Sign-Controlled Intersection - Other / Unknown;None;No;No;Dry;0;Urban;No;02AUG2008;0;19:11;Male;No;Residential;O: No Injury;Yes;O: No Injury;5939;August;0;Straight - Level;Piedmont;Facing Traffic;No Control Present;Saturday;Intersection;7;0;Two-Way, Not Divided;2 lanes;0;#NULL!;#NULL!;Smooth Asphalt;#NULL!;No Special Feature;Crossing Paths - Other Circumstances;Local Street;Unknown Injury;Mecklenburg;54;Clear;#NULL!;26-30 mph;30 - 35  MPH;2008;Dawn;50-59
35.8720200991, -78.6583726194;"{""type"": ""Point"", ""coordinates"": [-78.65837261935843, 35.872020099093405]}";White;Raleigh;Sidewalk / Crosswalk / Driveway Crossing;2;10;Mixed (30% To 70% Developed);Male;Passenger Car;0;#NULL!;0;0;White;No;0;20-24;Motorist Drive Out - Residential Driveway;None;No;No;Dry;0;Urban;No;10JUN2008;0;10:44;Female;No;Residential;B: Evident Injury;Yes;O: No Injury;5950;June;0;Straight - Level;Piedmont;With Traffic;No Control Present;Tuesday;Non-Intersection;23;0;Two-Way, Not Divided;Unknown;0;#NULL!;#NULL!;Smooth Asphalt;#NULL!;No Special Feature;Motorist Failed to Yield - Midblock;Public Vehicular Area;B: Evident Injury;Wake;61;Clear;#NULL!;0-5 mph;20 - 25  MPH;2008;Daylight;60-69
35.2245128797, -80.8925582567;"{""type"": ""Point"", ""coordinates"": [-80.89255825671084, 35.224512879735954]}";Black;Charlotte;Sidewalk / Crosswalk / Driveway Crossing;2;15;Mixed (30% To 70% Developed);Male;Passenger Car;0;#NULL!;0;0;Black;No;0;16-19;Motorist Right Turn - Opposite Direction;None;No;No;Dry;0;Urban;No;01AUG2008;0;15:53;Female;No;Commercial;C: Possible Injury;Yes;O: No Injury;5951;August;0;Straight - Level;Piedmont;Facing Traffic;No Control Present;Friday;Non-Intersection;17;0;Two-Way, Not Divided;2 lanes;0;#NULL!;#NULL!;Smooth Asphalt;#NULL!;No Special Feature;Motorist Right Turn / Merge;Public Vehicular Area;C: Possible Injury;Mecklenburg;47;Clear;#NULL!;11-15 mph;5 - 15 MPH;2008;Daylight;40-49
34.2150637658, -77.8062082791;"{""type"": ""Point"", ""coordinates"": [-77.80620827912894, 34.21506376582633]}";White;Wrightsville Beach;Travel Lane;2;11;Urban (>70% Developed);Male;Police;0;#NULL!;0;0;White;No;0;50-59;Bicyclist Ride Through - Sign-Controlled Intersection;None;No;No;Dry;0;Rural;No;10JUL2008;0;11:42;Male;No;Commercial;B: Evident Injury;No;O: No Injury;5955;July;0;Straight - Level;Coastal;With Traffic;Stop Sign;Thursday;Intersection;53;0;Two-Way, Not Divided;2 lanes;0;#NULL!;#NULL!;Smooth Asphalt;#NULL!;Four-Way Intersection;Bicyclist Failed to Yield - Sign-Controlled Intersection;State Secondary Route;B: Evident Injury;New Hanover;27;Cloudy;#NULL!;6-10 mph;20 - 25  MPH;2008;Daylight;25-29
35.0838368459, -81.0044532818;"{""type"": ""Point"", ""coordinates"": [-81.00445328178284, 35.08383684590367]}";White;Charlotte;Travel Lane;2;16;Rural (<30% Developed);Male;Passenger Car;0;#NULL!;0;0;White;No;0;20-24;Motorist Drive Out - Sign-Controlled Intersection;None;No;No;Dry;0;Urban;No;09AUG2008;0;16:30;Female;No;Farms, Woods, Pastures;B: Evident Injury;No;O: No Injury;5956;August;0;Straight - Level;Piedmont;With Traffic;Stop Sign;Saturday;Intersection;23;0;Two-Way, Not Divided;2 lanes;0;#NULL!;#NULL!;Smooth Asphalt;#NULL!;No Special Feature;Motorist Failed to Yield - Sign-Controlled Intersection;Local Street;B: Evident Injury;Mecklenburg;18;Clear;#NULL!;11-15 mph;40 - 45  MPH;2008;Daylight;0-19
35.2421909991, -77.5885822619;"{""type"": ""Point"", ""coordinates"": [-77.58858226185075, 35.24219099913827]}";Black;Kinston;Travel Lane;2;6;Urban (>70% Developed);Male;Passenger Car;0;#NULL!;0;0;White;No;0;50-59;Motorist Overtaking - Undetected Bicyclist;None;No;No;Dry;0;Urban;No;12AUG2008;0;6:47;Male;No;Commercial;C: Possible Injury;Yes;O: No Injury;5960;August;0;Straight - Level;Coastal;With Traffic;No Control Present;Tuesday;Non-Intersection;50;0;Two-Way, Not Divided;2 lanes;0;#NULL!;#NULL!;Coarse Asphalt;#NULL!;No Special Feature;Motorist Overtaking Bicyclist;US Route;C: Possible Injury;Lenoir;21;Clear;#NULL!;46-50 mph;40 - 45  MPH;2008;Daylight;20-24
34.6444118164, -79.1408427022;"{""type"": ""Point"", ""coordinates"": [-79.1408427021685, 34.64441181636281]}";Native American;None - Rural Crash;Travel Lane;2;21;Rural (<30% Developed);Male;Passenger Car;0;#NULL!;0;0;White;No;0;50-59;Motorist Overtaking - Misjudged Space;None;Yes;No;Dry;0;Rural;No;13JUL2008;0;21:45;Male;Yes;Farms, Woods, Pastures;C: Possible Injury;Yes;O: No Injury;5961;July;0;Straight - Level;Coastal;With Traffic;No Control Present;Sunday;Non-Intersection;53;0;Two-Way, Not Divided;2 lanes;0;#NULL!;#NULL!;Smooth Asphalt;#NULL!;No Special Feature;Motorist Overtaking Bicyclist;NC Route;C: Possible Injury;Robeson;22;Clear;#NULL!;51-55 mph;50 - 55  MPH;2008;Daylight;20-24
35.7824010752, -78.7804326518;"{""type"": ""Point"", ""coordinates"": [-78.7804326517876, 35.782401075225735]}";Black;Cary;Travel Lane;2;19;Urban (>70% Developed);Male;Passenger Car;0;#NULL!;0;0;Unknown/Missing;No;0;20-24;Motorist Overtaking - Other / Unknown;None;No;No;Wet;0;Urban;Yes;13AUG2008;0;19:30;Unknown;Missing;Residential;A: Disabling Injury;Yes;Unknown Injury;5966;August;0;Straight - Level;Piedmont;With Traffic;Stop And Go Signal;Wednesday;Intersection-Related;23;0;Two-Way, Not Divided;2 lanes;0;#NULL!;#NULL!;Smooth Asphalt;#NULL!;Related To Intersection;Motorist Overtaking Bicyclist;State Secondary Route;A: Disabling Injury;Wake;Unknown;Cloudy;#NULL!;0-5 mph;30 - 35  MPH;2008;Daylight;Unknown
34.7011669081, -76.7387179776;"{""type"": ""Point"", ""coordinates"": [-76.73871797759007, 34.70116690812831]}";White;Atlantic Beach;Unknown;2;20;Urban (>70% Developed);Male;Passenger Car;0;#NULL!;0;0;White;No;0;11-15;Bicyclist Ride Out - Midblock - Unknown;None;No;No;Dry;0;Rural;No;17JUL2008;0;20:58;Male;No;Commercial;B: Evident Injury;Yes;O: No Injury;5971;July;0;Straight - Level;Coastal;Not Applicable;No Control Present;Thursday;Non-Intersection;14;0;Two-Way, Divided, Unprotected Median;5 lanes;0;#NULL!;#NULL!;Smooth Asphalt;#NULL!;No Special Feature;Bicyclist Failed to Yield - Midblock;NC Route;B: Evident Injury;Carteret;48;Clear;#NULL!;21-25 mph;30 - 35  MPH;2008;Dark - Lighted Roadway;40-49
35.4133069229, -80.8200132454;"{""type"": ""Point"", ""coordinates"": [-80.82001324540252, 35.41330692287357]}";White;Charlotte;Travel Lane;2;19;Rural (<30% Developed);Male;Passenger Car;0;#NULL!;0;0;Black;No;0;50-59;Motorist Overtaking - Undetected Bicyclist;None;No;No;Dry;0;Urban;No;15AUG2008;0;19:04;Male;No;Farms, Woods, Pastures;B: Evident Injury;Yes;O: No Injury;5976;August;0;Straight - Level;Piedmont;With Traffic;No Control Present;Friday;Non-Intersection;54;0;Two-Way, Not Divided;2 lanes;0;#NULL!;#NULL!;Coarse Asphalt;#NULL!;No Special Feature;Motorist Overtaking Bicyclist;Local Street;B: Evident Injury;Mecklenburg;38;Cloudy;#NULL!;36-40 mph;40 - 45  MPH;2008;Daylight;30-39
35.2141788818, -80.77125822;"{""type"": ""Point"", ""coordinates"": [-80.77125821998072, 35.21417888181966]}";Black;Charlotte;Bike Lane / Paved Shoulder;2;17;Urban (>70% Developed);Male;Passenger Car;0;#NULL!;0;0;White;No;0;11-15;Motorist Drive Out - Right Turn on Red;None;No;No;Dry;0;Urban;Yes;26JUN2008;0;17:03;Male;No;Commercial;C: Possible Injury;Yes;O: No Injury;5985;June;0;Straight - Level;Piedmont;Facing Traffic;Stop And Go Signal;Thursday;Intersection;15;0;Two-Way, Divided, Unprotected Median;5 lanes;0;#NULL!;#NULL!;Smooth Asphalt;#NULL!;No Special Feature;Motorist Failed to Yield - Signalized Intersection;Local Street;C: Possible Injury;Mecklenburg;20;Cloudy;#NULL!;11-15 mph;30 - 35  MPH;2008;Daylight;20-24
36.1049670895, -80.2794531217;"{""type"": ""Point"", ""coordinates"": [-80.27945312169284, 36.10496708950541]}";White;Winston-Salem;Travel Lane;2;15;Urban (>70% Developed);Male;Sport Utility;0;#NULL!;0;0;Unknown/Missing;No;0;60-69;Motorist Drive Out - Sign-Controlled Intersection;None;No;No;Dry;0;Urban;Yes;20JUL2008;0;15:24;Unknown;Missing;Residential;B: Evident Injury;Yes;Unknown Injury;5992;July;0;Straight - Level;Piedmont;With Traffic;Stop Sign;Sunday;Intersection;67;0;Two-Way, Not Divided;Unknown;0;#NULL!;#NULL!;Smooth Asphalt;#NULL!;Four-Way Intersection;Motorist Failed to Yield - Sign-Controlled Intersection;Local Street;B: Evident Injury;Forsyth;Unknown;Clear;#NULL!;26-30 mph;30 - 35  MPH;2008;Daylight;Unknown
36.0730621082, -79.5865889117;"{""type"": ""Point"", ""coordinates"": [-79.58658891172628, 36.07306210818409]}";White;Whitsett;Travel Lane;2;16;Urban (>70% Developed);Male;Sport Utility;0;#NULL!;0;0;Black;No;0;30-39;Non-Roadway;None;No;No;Dry;0;Rural;No;25JUL2008;0;16:50;Female;No;Residential;B: Evident Injury;No;O: No Injury;5993;July;0;Straight - Level;Piedmont;Not Applicable;Yield Sign;Friday;Non-Roadway;36;0;One-Way, Not Divided;1 lane;0;#NULL!;#NULL!;Coarse Asphalt;#NULL!;Traffic Circle/Roundabout;Non-Roadway;Public Vehicular Area;B: Evident Injury;Guilford;39;Clear;#NULL!;41-45 mph;5 - 15 MPH;2008;Daylight;30-39
35.1880598798, -80.6916431948;"{""type"": ""Point"", ""coordinates"": [-80.69164319480015, 35.1880598798007]}";White;Mint Hill;Sidewalk / Crosswalk / Driveway Crossing;2;20;Urban (>70% Developed);Male;Passenger Car;0;#NULL!;0;0;White;No;0;20-24;Motorist Drive Out - Commercial Driveway / Alley;None;No;No;Dry;0;Urban;No;27APR2007;0;20:30;Male;No;Commercial;B: Evident Injury;No;O: No Injury;6723;April;0;Straight - Level;Piedmont;With Traffic;Stop Sign;Friday;Non-Intersection;24;0;Two-Way, Not Divided;3 lanes;0;#NULL!;#NULL!;Smooth Asphalt;#NULL!;Driveway, Public;Motorist Failed to Yield - Midblock;Local Street;B: Evident Injury;Mecklenburg;34;Clear;#NULL!;0-5 mph;40 - 45  MPH;2007;Dusk;30-39
35.2212328818, -80.8185632339;"{""type"": ""Point"", ""coordinates"": [-80.8185632339427, 35.22123288179909]}";White;Charlotte;Travel Lane;2;17;Urban (>70% Developed);Male;Unknown;0;#NULL!;0;0;Black;No;0;20-24;Motorist Left Turn - Opposite Direction;None;No;No;Dry;0;Urban;Yes;27APR2007;0;17:46;Male;No;Commercial;B: Evident Injury;No;O: No Injury;6726;April;0;Straight - Level;Piedmont;With Traffic;Stop And Go Signal;Friday;Intersection;23;0;Two-Way, Not Divided;5 lanes;0;#NULL!;#NULL!;Smooth Asphalt;#NULL!;No Special Feature;Motorist Left Turn / Merge;Local Street;B: Evident Injury;Mecklenburg;27;Clear;#NULL!;Unknown;Unknown;2007;Daylight;25-29
34.7241009136, -76.7252369749;"{""type"": ""Point"", ""coordinates"": [-76.72523697493416, 34.72410091363917]}";Black;Morehead City;Travel Lane;2;13;Urban (>70% Developed);Male;Van;0;#NULL!;0;0;Black;No;0;70+;Motorist Drive Out - Sign-Controlled Intersection;None;No;No;Dry;0;Urban;No;28APR2007;0;13:24;Male;No;Residential;C: Possible Injury;Yes;O: No Injury;6728;April;0;Straight - Level;Coastal;With Traffic;Stop Sign;Saturday;Intersection;70+;0;Two-Way, Not Divided;2 lanes;0;#NULL!;#NULL!;Smooth Asphalt;#NULL!;No Special Feature;Motorist Failed to Yield - Sign-Controlled Intersection;Local Street;C: Possible Injury;Carteret;57;Clear;#NULL!;0-5 mph;20 - 25  MPH;2007;Daylight;50-59
36.1061401213, -79.4113878608;"{""type"": ""Point"", ""coordinates"": [-79.4113878608034, 36.10614012133379]}";Black;Burlington;Travel Lane;2;9;Urban (>70% Developed);Male;Passenger Car;0;#NULL!;0;0;Unknown/Missing;No;0;30-39;Bicyclist Lost Control - Other / Unknown;None;No;No;Dry;0;Urban;No;29APR2007;0;9:38;Unknown;Missing;Residential;C: Possible Injury;Yes;Unknown Injury;6729;April;0;Straight - Level;Piedmont;Unknown;No Control Present;Sunday;Non-Intersection;30;0;Two-Way, Not Divided;2 lanes;0;#NULL!;#NULL!;Smooth Asphalt;#NULL!;No Special Feature;Loss of Control / Turning Error;Local Street;C: Possible Injury;Alamance;Unknown;Clear;#NULL!;0-5 mph;30 - 35  MPH;2007;Daylight;Unknown
34.9877068422, -80.5208231326;"{""type"": ""Point"", ""coordinates"": [-80.5208231325534, 34.987706842154815]}";Hispanic;Monroe;Unknown;2;18;Urban (>70% Developed);Male;Passenger Car;0;#NULL!;0;0;Black;No;0;6-10;Bicyclist Ride Through - Sign-Controlled Intersection;None;No;No;Dry;0;Urban;No;29APR2007;0;18:01;Female;No;Residential;A: Disabling Injury;Yes;O: No Injury;6730;April;0;Straight - Level;Piedmont;Facing Traffic;Stop Sign;Sunday;Intersection;9;0;Two-Way, Not Divided;2 lanes;0;#NULL!;#NULL!;Smooth Asphalt;#NULL!;Four-Way Intersection;Bicyclist Failed to Yield - Sign-Controlled Intersection;Local Street;A: Disabling Injury;Union;17;Clear;#NULL!;31-35 mph;30 - 35  MPH;2007;Daylight;0-19
34.2364837662, -77.9432523207;"{""type"": ""Point"", ""coordinates"": [-77.94325232073008, 34.2364837662156]}";White;Wilmington;Unknown;2;17;Urban (>70% Developed);Male;Passenger Car;0;#NULL!;0;0;White;No;0;16-19;Backing Vehicle;None;No;No;Dry;0;Urban;No;30APR2007;0;17:44;Female;No;Residential;O: No Injury;Yes;O: No Injury;6735;April;0;Straight - Level;Coastal;With Traffic;No Control Present;Monday;Non-Intersection;18;0;Two-Way, Divided, Positive Median Barrier;2 lanes;0;#NULL!;#NULL!;Smooth Asphalt;#NULL!;Driveway, Public;Backing Vehicle;Private Road, Driveway;O: No Injury;New Hanover;54;Clear;#NULL!;0-5 mph;5 - 15 MPH;2007;Daylight;50-59
35.7676870792, -78.5776425894;"{""type"": ""Point"", ""coordinates"": [-78.5776425893936, 35.76768707921188]}";Black;Raleigh;Sidewalk / Crosswalk / Driveway Crossing;2;16;Urban (>70% Developed);Male;Passenger Car;0;#NULL!;0;0;White;No;0;40-49;Motorist Drive Out - Right Turn on Red;None;No;No;Dry;0;Urban;No;01MAY2007;0;16:00;Male;No;Commercial;C: Possible Injury;Yes;O: No Injury;6740;May;0;Straight - Grade;Piedmont;Facing Traffic;Stop And Go Signal;Tuesday;Intersection;45;0;Two-Way, Not Divided;5 lanes;0;#NULL!;#NULL!;Smooth Asphalt;#NULL!;No Special Feature;Motorist Failed to Yield - Signalized Intersection;Local Street;C: Possible Injury;Wake;32;Clear;#NULL!;0-5 mph;30 - 35  MPH;2007;Daylight;30-39
35.2130308801, -80.8256632359;"{""type"": ""Point"", ""coordinates"": [-80.82566323587874, 35.21303088011784]}";White;Charlotte;Travel Lane;2;9;Urban (>70% Developed);Male;Single Unit Truck (2-Axle, 6-Tire);0;#NULL!;0;0;Black;No;0;25-29;Motorist Left Turn - Opposite Direction;None;No;No;Dry;0;Urban;No;02MAY2007;0;9:56;Male;No;Commercial;C: Possible Injury;No;O: No Injury;6741;May;0;Straight - Level;Piedmont;With Traffic;Stop And Go Signal;Wednesday;Intersection;28;0;Two-Way, Not Divided;7 lanes;0;#NULL!;#NULL!;Smooth Asphalt;#NULL!;Four-Way Intersection;Motorist Left Turn / Merge;Local Street;C: Possible Injury;Mecklenburg;36;Clear;#NULL!;0-5 mph;30 - 35  MPH;2007;Daylight;30-39
35.918262094, -79.0589777438;"{""type"": ""Point"", ""coordinates"": [-79.05897774380423, 35.91826209400781]}";Black;Chapel Hill;Travel Lane;2;16;Urban (>70% Developed);Male;Passenger Car;0;#NULL!;0;0;White;No;0;11-15;Bicyclist Ride Through - Sign-Controlled Intersection;None;No;No;Dry;0;Urban;No;05MAY2007;0;16:04;Male;No;Residential;B: Evident Injury;Yes;O: No Injury;6750;May;0;Straight - Grade;Piedmont;Unknown;Stop Sign;Saturday;Intersection;12;0;Two-Way, Not Divided;2 lanes;0;#NULL!;#NULL!;Smooth Asphalt;#NULL!;T-Intersection;Bicyclist Failed to Yield - Sign-Controlled Intersection;Local Street;B: Evident Injury;Orange;22;Cloudy;#NULL!;21-25 mph;20 - 25  MPH;2007;Daylight;20-24
36.488033238, -78.4270025828;"{""type"": ""Point"", ""coordinates"": [-78.42700258282613, 36.48803323799359]}";Black;None - Rural Crash;Travel Lane;2;22;Rural (<30% Developed);Male;Unknown;0;#NULL!;0;0;Unknown/Missing;No;0;30-39;Motorist Overtaking - Undetected Bicyclist;None;Yes;Yes;Dry;0;Rural;Yes;08MAY2007;0;22:30;Unknown;Missing;Farms, Woods, Pastures;A: Disabling Injury;Yes;Unknown Injury;6756;May;0;Straight - Level;Piedmont;With Traffic;Double Yellow Line, No Passing Zone;Tuesday;Non-Intersection;35;0;Two-Way, Not Divided;2 lanes;0;#NULL!;#NULL!;Smooth Asphalt;#NULL!;No Special Feature;Motorist Overtaking Bicyclist;NC Route;A: Disabling Injury;Vance;Unknown;Clear;#NULL!;51-55 mph;50 - 55  MPH;2007;Dark - Roadway Not Lighted;Unknown
35.2285418825, -80.8387182408;"{""type"": ""Point"", ""coordinates"": [-80.83871824081848, 35.22854188247162]}";Black;Charlotte;Travel Lane;2;19;Urban (>70% Developed);Male;Sport Utility;0;#NULL!;0;0;White;No;0;25-29;Motorist Drive Out - Right Turn on Red;None;No;No;Dry;0;Urban;No;09MAY2007;0;19:01;Female;No;Commercial;C: Possible Injury;Yes;O: No Injury;6759;May;0;Straight - Level;Piedmont;Facing Traffic;Stop And Go Signal;Wednesday;Intersection;26;0;Two-Way, Not Divided;4 lanes;0;#NULL!;#NULL!;Smooth Asphalt;#NULL!;No Special Feature;Motorist Failed to Yield - Signalized Intersection;Local Street;C: Possible Injury;Mecklenburg;50;Clear;#NULL!;0-5 mph;20 - 25  MPH;2007;Daylight;50-59
35.7742840767, -78.6862286235;"{""type"": ""Point"", ""coordinates"": [-78.68622862345045, 35.7742840766573]}";White;Raleigh;Non-Roadway;2;15;Mixed (30% To 70% Developed);Male;Pickup;0;#NULL!;0;0;Hispanic;No;0;20-24;Non-Roadway;None;No;No;Dry;0;Urban;No;10MAY2007;0;15:38;Female;No;Residential;O: No Injury;No;O: No Injury;6762;May;0;Straight - Level;Piedmont;Unknown;No Control Present;Thursday;Non-Roadway;22;0;Two-Way, Not Divided;2 lanes;0;#NULL!;#NULL!;Grooved Concrete;#NULL!;No Special Feature;Non-Roadway;Local Street;O: No Injury;Wake;22;Clear;#NULL!;11-15 mph;30 - 35  MPH;2007;Daylight;20-24
35.6650419893, -80.4546631496;"{""type"": ""Point"", ""coordinates"": [-80.45466314955156, 35.665041989323065]}";Black;Salisbury;Sidewalk / Crosswalk / Driveway Crossing;2;17;Urban (>70% Developed);Male;Pickup;0;#NULL!;0;0;White;No;0;16-19;Motorist Right Turn - Same Direction;None;No;No;Dry;0;Urban;No;03AUG2007;0;17:03;Male;No;Commercial;C: Possible Injury;No;O: No Injury;6763;August;0;Straight - Level;Piedmont;With Traffic;No Control Present;Friday;Intersection;18;0;Two-Way, Not Divided;2 lanes;0;#NULL!;#NULL!;Coarse Asphalt;#NULL!;No Special Feature;Motorist Right Turn / Merge;Local Street;C: Possible Injury;Rowan;21;Clear;#NULL!;11-15 mph;20 - 25  MPH;2007;Daylight;20-24
35.2649170052, -77.5559222536;"{""type"": ""Point"", ""coordinates"": [-77.55592225357161, 35.26491700520999]}";Black;Kinston;Travel Lane;2;17;Urban (>70% Developed);Male;Sport Utility;0;#NULL!;0;0;Black;No;0;40-49;Bicyclist Left Turn - Opposite Direction;None;Yes;Yes;Dry;0;Urban;No;12JUL2007;0;17:44;Male;No;Residential;C: Possible Injury;Yes;O: No Injury;6768;July;0;Straight - Level;Coastal;With Traffic;No Control Present;Thursday;Non-Intersection;47;0;Two-Way, Not Divided;2 lanes;0;#NULL!;#NULL!;Smooth Asphalt;#NULL!;Driveway, Private;Bicyclist Left Turn / Merge;Local Street;C: Possible Injury;Lenoir;24;Clear;#NULL!;31-35 mph;30 - 35  MPH;2007;Daylight;20-24
35.5673628917, -82.5081737546;"{""type"": ""Point"", ""coordinates"": [-82.50817375456256, 35.56736289171554]}";White;Asheville;Travel Lane;2;18;Urban (>70% Developed);Male;Unknown;0;#NULL!;0;0;White;No;0;25-29;Motorist Overtaking - Other / Unknown;None;No;No;Dry;0;Urban;Yes;10MAY2007;0;18:06;Female;No;Commercial;B: Evident Injury;Yes;O: No Injury;6777;May;0;Straight - Level;Mountains;With Traffic;Double Yellow Line, No Passing Zone;Thursday;Non-Intersection;28;0;Two-Way, Not Divided;2 lanes;0;#NULL!;#NULL!;Concrete;#NULL!;Bridge;Motorist Overtaking Bicyclist;Local Street;B: Evident Injury;Buncombe;16;Clear;#NULL!;26-30 mph;30 - 35  MPH;2007;Daylight;0-19
36.1265521018, -80.0675690596;"{""type"": ""Point"", ""coordinates"": [-80.06756905958142, 36.12655210182148]}";White;Kernersville;Travel Lane;2;16;Urban (>70% Developed);Male;Passenger Car;0;#NULL!;0;0;White;No;0;40-49;Motorist Left Turn - Opposite Direction;None;No;No;Dry;0;Urban;No;17MAY2007;0;16:48;Female;No;Commercial;B: Evident Injury;Yes;O: No Injury;6785;May;0;Straight - Level;Piedmont;With Traffic;No Control Present;Thursday;Non-Intersection;45;0;Two-Way, Divided, Unprotected Median;3 lanes;0;#NULL!;#NULL!;Coarse Asphalt;#NULL!;T-Intersection;Motorist Left Turn / Merge;Local Street;B: Evident Injury;Forsyth;31;Clear;#NULL!;0-5 mph;30 - 35  MPH;2007;Daylight;30-39
35.1882698728, -80.8832632517;"{""type"": ""Point"", ""coordinates"": [-80.88326325166308, 35.18826987277228]}";Black;Charlotte;Unknown;2;18;Urban (>70% Developed);Male;Van;0;#NULL!;0;0;Black;No;0;0-5;Bicyclist Ride Out - Midblock - Unknown;None;No;No;Dry;0;Urban;No;17MAY2007;0;18:31;Female;No;Residential;A: Disabling Injury;Yes;O: No Injury;6786;May;0;Straight - Level;Piedmont;Not Applicable;No Control Present;Thursday;Non-Intersection;5;0;Two-Way, Divided, Unprotected Median;4 lanes;0;#NULL!;#NULL!;Smooth Asphalt;#NULL!;No Special Feature;Bicyclist Failed to Yield - Midblock;Local Street;A: Disabling Injury;Mecklenburg;32;Clear;#NULL!;6-10 mph;40 - 45  MPH;2007;Daylight;30-39
34.9962069293, -78.0929424028;"{""type"": ""Point"", ""coordinates"": [-78.09294240280614, 34.99620692928343]}";Black;Warsaw;Travel Lane;2;15;Urban (>70% Developed);Female;Passenger Car;0;#NULL!;0;0;Black;No;0;6-10;Bicyclist Ride Through - Sign-Controlled Intersection;None;No;No;Dry;0;Rural;No;22JUL2007;0;15:46;Female;No;Residential;C: Possible Injury;Yes;O: No Injury;6799;July;0;Straight - Level;Coastal;Facing Traffic;No Control Present;Sunday;Intersection;9;0;Two-Way, Not Divided;2 lanes;0;#NULL!;#NULL!;Smooth Asphalt;#NULL!;Four-Way Intersection;Bicyclist Failed to Yield - Sign-Controlled Intersection;State Secondary Route;C: Possible Injury;Duplin;70+;Clear;#NULL!;21-25 mph;30 - 35  MPH;2007;Daylight;70+