Geo Point;Geo Shape;BikeRace;City;BikePos;NumUnits;CrashHour;Locality;BikeSex;DrvrVehTyp;NumBikesNo;BikeAlcDrg;NumBikesBI;RteInvdCd;DrvrRace;Workzone;NumBikesCi;BikeAgeGrp;CrashType;RdDefects;CrashAlcoh;BikeAlcoho;RdConditio;DstncMiFrm;RuralUrban;HitRun;CrashDate;NumBikesUI;CrashTime;DrvrSex;DrvrAlcoho;Developmen;CrashSevr;AmbulanceR;DrvrInjury;OBJECTID;CrashMonth;NumBikesKi;RdCharacte;Region;BikeDir;TraffCntrl;CrashDay;CrashLoc;BikeAge;NumBikesTo;RdConfig;NumLanes;NumBikesAI;DrvrAlcDrg;OnRoad;RdSurface;Towrd_Rd;RdFeature;CrashGrp;RdClass;BikeInjury;County;DrvrAge;Weather;FrmRd;DrvrEstSpd;SpeedLimit;CrashYear;LightCond;DrvrAgeGrp
35.8969421427, -77.5427822816;"{""type"": ""Point"", ""coordinates"": [-77.54278228155589, 35.896942142655554]}";White;Tarboro;Travel Lane;2;12;Urban (>70% Developed);Male;Pickup;0;#NULL!;0;0;White;No;0;60-69;Motorist Right Turn - Same Direction;None;No;No;Dry;0;Urban;No;22MAY2007;0;12:49;Female;No;Commercial;B: Evident Injury;Yes;Unknown Injury;6801;May;0;Straight - Level;Coastal;With Traffic;No Control Present;Tuesday;Non-Intersection;68;0;Two-Way, Not Divided;3 lanes;0;#NULL!;#NULL!;Smooth Asphalt;#NULL!;Driveway, Public;Motorist Right Turn / Merge;Local Street;B: Evident Injury;Edgecombe;57;Clear;#NULL!;16-20 mph;30 - 35  MPH;2007;Daylight;50-59
35.9253191132, -78.5705825958;"{""type"": ""Point"", ""coordinates"": [-78.57058259576078, 35.92531911321942]}";White;Raleigh;Travel Lane;2;12;Urban (>70% Developed);Male;Passenger Car;0;#NULL!;0;0;White;No;0;16-19;Bicyclist Overtaking - Other / Unknown;None;No;No;Dry;0;Urban;No;19MAY2007;0;12:35;Female;No;Residential;O: No Injury;No;O: No Injury;6804;May;0;Straight - Level;Piedmont;With Traffic;No Control Present;Saturday;Non-Intersection;16;0;Two-Way, Divided, Unprotected Median;2 lanes;0;#NULL!;#NULL!;Smooth Asphalt;#NULL!;No Special Feature;Bicyclist Overtaking Motorist;Local Street;O: No Injury;Wake;53;Clear;#NULL!;Unknown;20 - 25  MPH;2007;Daylight;50-59
34.2438367705, -77.8829983036;"{""type"": ""Point"", ""coordinates"": [-77.88299830357155, 34.24383677050811]}";Black;Wilmington;Sidewalk / Crosswalk / Driveway Crossing;2;11;Urban (>70% Developed);Female;Pickup;0;#NULL!;0;0;White;No;0;25-29;Motorist Drive Out - Commercial Driveway / Alley;None;No;No;Dry;0;Urban;No;22MAY2007;0;11:32;Male;No;Commercial;C: Possible Injury;Yes;O: No Injury;6805;May;0;Straight - Level;Coastal;Facing Traffic;No Control Present;Tuesday;Non-Intersection;28;0;Two-Way, Not Divided;5 lanes;0;#NULL!;#NULL!;Smooth Asphalt;#NULL!;No Special Feature;Motorist Failed to Yield - Midblock;Local Street;C: Possible Injury;New Hanover;52;Clear;#NULL!;0-5 mph;40 - 45  MPH;2007;Daylight;50-59
36.2991142741, -76.225451899;"{""type"": ""Point"", ""coordinates"": [-76.2254518989946, 36.29911427411235]}";White;Elizabeth City;Travel Lane;2;7;Urban (>70% Developed);Male;Passenger Car;0;#NULL!;0;0;Black;No;0;70+;Motorist Left Turn - Opposite Direction;None;No;No;Dry;0;Urban;No;23MAY2007;0;7:15;Male;No;Commercial;B: Evident Injury;No;O: No Injury;6807;May;0;Straight - Grade;Coastal;With Traffic;Stop Sign;Wednesday;Intersection;70+;0;Two-Way, Not Divided;2 lanes;0;#NULL!;#NULL!;Smooth Asphalt;#NULL!;No Special Feature;Motorist Left Turn / Merge;Local Street;B: Evident Injury;Pasquotank;22;Clear;#NULL!;31-35 mph;20 - 25  MPH;2007;Daylight;20-24
35.269057005, -77.5866822628;"{""type"": ""Point"", ""coordinates"": [-77.58668226281993, 35.26905700498264]}";White;Kinston;Travel Lane;2;16;Urban (>70% Developed);Male;Pickup;0;#NULL!;0;0;White;No;0;50-59;Bicyclist Right Turn - Same Direction;None;Yes;Yes;Dry;0;Urban;No;25AUG2007;0;16:49;Female;No;Commercial;B: Evident Injury;Yes;O: No Injury;6811;August;0;Straight - Level;Coastal;Facing Traffic;No Control Present;Saturday;Non-Intersection;51;0;Two-Way, Divided, Unprotected Median;5 lanes;0;#NULL!;#NULL!;Smooth Asphalt;#NULL!;No Special Feature;Bicyclist Right Turn / Merge;US Route;B: Evident Injury;Lenoir;17;Clear;#NULL!;31-35 mph;30 - 35  MPH;2007;Daylight;0-19
36.3002432742, -76.2238118984;"{""type"": ""Point"", ""coordinates"": [-76.22381189841764, 36.30024327418668]}";White;Elizabeth City;Travel Lane;2;21;Urban (>70% Developed);Male;Unknown;0;#NULL!;0;0;Unknown/Missing;No;0;50-59;Motorist Drive Through - Signalized Intersection;None;No;No;Dry;0;Urban;Yes;25MAY2007;0;21:12;Unknown;No;Commercial;C: Possible Injury;Yes;Unknown Injury;6819;May;0;Straight - Level;Coastal;With Traffic;Stop And Go Signal;Friday;Intersection;57;0;Two-Way, Divided, Unprotected Median;5 lanes;0;#NULL!;#NULL!;Smooth Asphalt;#NULL!;Four-Way Intersection;Motorist Failed to Yield - Signalized Intersection;US Route;C: Possible Injury;Pasquotank;Unknown;Clear;#NULL!;41-45 mph;40 - 45  MPH;2007;Dark - Lighted Roadway;Unknown
35.8827621043, -78.5603925908;"{""type"": ""Point"", ""coordinates"": [-78.5603925908016, 35.88276210428413]}";Unknown/Missing;Raleigh;Non-Roadway;2;21;Urban (>70% Developed);Unknown;Passenger Car;0;#NULL!;0;0;Unknown/Missing;No;0;Unknown;Non-Roadway;None;No;Missing;Dry;0;Urban;No;30MAY2007;0;21:42;Unknown;Missing;Residential;Unknown Injury;No;Unknown Injury;6833;May;0;Curve - Grade;Piedmont;Unknown;No Control Present;Wednesday;Non-Roadway;Unknown;0;Two-Way, Not Divided;2 lanes;0;#NULL!;#NULL!;Coarse Asphalt;#NULL!;Driveway, Public;Non-Roadway;Local Street;Unknown Injury;Wake;Unknown;Clear;#NULL!;Unknown;5 - 15 MPH;2007;Dusk;Unknown
35.2505468878, -80.8293732391;"{""type"": ""Point"", ""coordinates"": [-80.82937323911207, 35.250546887756116]}";Black;Charlotte;Driveway / Alley;2;17;Urban (>70% Developed);Female;Passenger Car;0;#NULL!;0;0;Black;No;0;11-15;Bicyclist Ride Out - Residential Driveway;None;No;No;Dry;0;Urban;No;31MAY2007;0;17:00;Female;No;Residential;B: Evident Injury;Yes;O: No Injury;6842;May;0;Straight - Level;Piedmont;Not Applicable;No Control Present;Thursday;Non-Intersection;15;0;Two-Way, Not Divided;2 lanes;0;#NULL!;#NULL!;Smooth Asphalt;#NULL!;No Special Feature;Bicyclist Failed to Yield - Midblock;Local Street;B: Evident Injury;Mecklenburg;41;Clear;#NULL!;26-30 mph;30 - 35  MPH;2007;Daylight;40-49
36.1124910864, -80.4032471596;"{""type"": ""Point"", ""coordinates"": [-80.40324715955515, 36.11249108644798]}";White;Lewisville;Travel Lane;2;16;Mixed (30% To 70% Developed);Male;Passenger Car;0;#NULL!;0;0;White;No;0;40-49;Motorist Drive Out - Sign-Controlled Intersection;None;No;No;Dry;0;Urban;No;01JUN2007;0;16:08;Male;No;Residential;B: Evident Injury;Yes;O: No Injury;6844;June;0;Straight - Level;Piedmont;With Traffic;Stop Sign;Friday;Intersection;48;0;Two-Way, Not Divided;2 lanes;0;#NULL!;#NULL!;Smooth Asphalt;#NULL!;T-Intersection;Motorist Failed to Yield - Sign-Controlled Intersection;State Secondary Route;B: Evident Injury;Forsyth;17;Clear;#NULL!;0-5 mph;40 - 45  MPH;2007;Daylight;0-19
35.087191918, -78.9863226772;"{""type"": ""Point"", ""coordinates"": [-78.98632267722242, 35.087191918005665]}";Black;Fayetteville;Travel Lane;2;8;Mixed (30% To 70% Developed);Male;Sport Utility;0;#NULL!;0;0;Black;No;0;25-29;Bicyclist Turning Error - Left Turn;None;No;No;Dry;0;Urban;No;06AUG2007;0;8:00;Female;No;Residential;C: Possible Injury;Yes;O: No Injury;6846;August;0;Straight - Level;Coastal;With Traffic;Stop Sign;Monday;Intersection;25;0;Two-Way, Not Divided;5 lanes;0;#NULL!;#NULL!;Coarse Asphalt;#NULL!;No Special Feature;Loss of Control / Turning Error;Local Street;C: Possible Injury;Cumberland;52;Cloudy;#NULL!;6-10 mph;20 - 25  MPH;2007;Daylight;50-59
35.1835238734, -80.8397832384;"{""type"": ""Point"", ""coordinates"": [-80.83978323842864, 35.183523873392694]}";White;Charlotte;Travel Lane;2;16;Urban (>70% Developed);Male;Passenger Car;0;#NULL!;0;0;White;No;0;50-59;Motorist Drive Out - Sign-Controlled Intersection;None;No;No;Dry;0;Urban;No;09SEP2007;0;16:57;Male;No;Residential;B: Evident Injury;Yes;O: No Injury;6848;September;0;Straight - Level;Piedmont;With Traffic;Stop Sign;Sunday;Intersection;52;0;Two-Way, Divided, Unprotected Median;4 lanes;0;#NULL!;#NULL!;Smooth Asphalt;#NULL!;No Special Feature;Motorist Failed to Yield - Sign-Controlled Intersection;Local Street;B: Evident Injury;Mecklenburg;55;Clear;#NULL!;16-20 mph;30 - 35  MPH;2007;Daylight;50-59
35.987995117, -78.8269676769;"{""type"": ""Point"", ""coordinates"": [-78.82696767693643, 35.98799511696841]}";Black;Durham;Bike Lane / Paved Shoulder;2;19;Urban (>70% Developed);Male;Passenger Car;0;#NULL!;0;0;Black;No;0;6-10;Bicyclist Left Turn - Same Direction;None;No;No;Dry;0;Urban;No;08SEP2007;0;19:27;Female;No;Residential;O: No Injury;No;O: No Injury;6849;September;0;Straight - Level;Piedmont;With Traffic;No Control Present;Saturday;Non-Intersection;10;0;Two-Way, Not Divided;2 lanes;0;#NULL!;#NULL!;Smooth Asphalt;#NULL!;No Special Feature;Bicyclist Left Turn / Merge;Local Street;O: No Injury;Durham;35;Clear;#NULL!;0-5 mph;5 - 15 MPH;2007;Daylight;30-39
35.2421528836, -80.8832732547;"{""type"": ""Point"", ""coordinates"": [-80.88327325473598, 35.24215288364393]}";Black;Charlotte;Travel Lane;2;19;Urban (>70% Developed);Male;Unknown;0;#NULL!;0;0;Unknown/Missing;No;0;16-19;Motorist Overtaking - Other / Unknown;None;No;No;Dry;0;Urban;Yes;01AUG2007;0;19:17;Unknown;Missing;Residential;C: Possible Injury;Yes;Unknown Injury;6856;August;0;Curve - Level;Piedmont;With Traffic;No Control Present;Wednesday;Non-Intersection;19;0;Two-Way, Not Divided;2 lanes;0;#NULL!;#NULL!;Smooth Asphalt;#NULL!;No Special Feature;Motorist Overtaking Bicyclist;Local Street;C: Possible Injury;Mecklenburg;Unknown;Clear;#NULL!;Unknown;Unknown;2007;Dusk;Unknown
35.584334893, -82.5665337737;"{""type"": ""Point"", ""coordinates"": [-82.56653377372966, 35.58433489298764]}";White;Asheville;Travel Lane;2;13;Urban (>70% Developed);Male;Passenger Car;0;#NULL!;0;0;White;No;0;25-29;Bicyclist Overtaking - Passing on Left;None;No;No;Dry;0;Urban;No;08JUN2007;0;13:11;Female;No;Commercial;B: Evident Injury;Yes;O: No Injury;6862;June;0;Straight - Level;Mountains;With Traffic;Double Yellow Line, No Passing Zone;Friday;Non-Intersection;26;0;Two-Way, Not Divided;2 lanes;0;#NULL!;#NULL!;Coarse Asphalt;#NULL!;T-Intersection;Bicyclist Overtaking Motorist;Local Street;B: Evident Injury;Buncombe;60;Clear;#NULL!;6-10 mph;20 - 25  MPH;2007;Daylight;60-69
35.7972410851, -78.5775825916;"{""type"": ""Point"", ""coordinates"": [-78.57758259164373, 35.79724108508181]}";Black;Raleigh;Unknown;2;22;Urban (>70% Developed);Male;Pickup;0;#NULL!;0;0;Unknown/Missing;No;0;50-59;Non-Roadway;None;No;No;Dry;0;Urban;Yes;09JUN2007;0;22:00;Unknown;Missing;Commercial;C: Possible Injury;No;Unknown Injury;6867;June;0;Straight - Level;Piedmont;Unknown;No Control Present;Saturday;Non-Roadway;51;0;Two-Way, Not Divided;2 lanes;0;#NULL!;#NULL!;Grooved Concrete;#NULL!;Driveway, Public;Non-Roadway;Public Vehicular Area;C: Possible Injury;Wake;Unknown;Cloudy;#NULL!;0-5 mph;5 - 15 MPH;2007;Dark - Unknown Lighting;Unknown
36.1207920943, -80.2269771067;"{""type"": ""Point"", ""coordinates"": [-80.22697710671709, 36.120792094271586]}";Black;Winston-Salem;Travel Lane;2;19;Urban (>70% Developed);Male;Passenger Car;0;#NULL!;0;0;Black;No;0;6-10;Bicyclist Ride Through - Sign-Controlled Intersection;None;No;No;Dry;0;Urban;No;09JUN2007;0;19:32;Female;No;Residential;A: Disabling Injury;Yes;A: Disabling Injury;6873;June;0;Straight - Level;Piedmont;Facing Traffic;Stop Sign;Saturday;Intersection;9;0;Two-Way, Not Divided;2 lanes;0;#NULL!;#NULL!;Smooth Asphalt;#NULL!;No Special Feature;Bicyclist Failed to Yield - Sign-Controlled Intersection;Local Street;A: Disabling Injury;Forsyth;37;Clear;#NULL!;16-20 mph;30 - 35  MPH;2007;Daylight;30-39
35.6727019904, -80.4698331552;"{""type"": ""Point"", ""coordinates"": [-80.46983315524284, 35.672701990410744]}";White;Salisbury;Unknown;2;10;Urban (>70% Developed);Male;Passenger Car;0;#NULL!;0;0;Black;No;0;50-59;Motorist Left Turn - Opposite Direction;None;No;No;Dry;0;Urban;No;17SEP2007;0;10:57;Female;No;Residential;C: Possible Injury;Yes;O: No Injury;6875;September;0;Straight - Hillcrest;Piedmont;With Traffic;Stop And Go Signal;Monday;Intersection;51;0;Two-Way, Not Divided;2 lanes;0;#NULL!;#NULL!;Smooth Asphalt;#NULL!;Four-Way Intersection;Motorist Left Turn / Merge;Local Street;C: Possible Injury;Rowan;64;Clear;#NULL!;0-5 mph;30 - 35  MPH;2007;Daylight;60-69
35.1987908797, -80.7419932106;"{""type"": ""Point"", ""coordinates"": [-80.74199321063686, 35.19879087967861]}";Hispanic;Charlotte;Unknown;2;16;Urban (>70% Developed);Male;Passenger Car;0;#NULL!;0;0;Black;No;0;20-24;Crossing Paths - Midblock - Other / Unknown;None;No;No;Dry;0;Urban;No;17SEP2007;0;16:13;Female;No;Commercial;O: No Injury;No;O: No Injury;6879;September;0;Straight - Level;Piedmont;Facing Traffic;No Control Present;Monday;Non-Intersection;20;0;Two-Way, Not Divided;2 lanes;0;#NULL!;#NULL!;Smooth Asphalt;#NULL!;No Special Feature;Crossing Paths - Other Circumstances;Public Vehicular Area;O: No Injury;Mecklenburg;55;Clear;#NULL!;0-5 mph;5 - 15 MPH;2007;Daylight;50-59
35.3015089779, -78.6050225733;"{""type"": ""Point"", ""coordinates"": [-78.60502257325857, 35.30150897789681]}";Black;Dunn;Travel Lane;2;19;Urban (>70% Developed);Female;Van;0;#NULL!;0;0;Black;No;0;6-10;Bicyclist Ride Through - Sign-Controlled Intersection;None;No;No;Dry;0;Urban;No;14JUN2007;0;19:10;Male;No;Residential;B: Evident Injury;Yes;O: No Injury;6891;June;0;Straight - Level;Coastal;With Traffic;Stop Sign;Thursday;Intersection;8;0;Two-Way, Not Divided;2 lanes;0;#NULL!;#NULL!;Coarse Asphalt;#NULL!;Four-Way Intersection;Bicyclist Failed to Yield - Sign-Controlled Intersection;Local Street;B: Evident Injury;Harnett;22;Cloudy;#NULL!;21-25 mph;30 - 35  MPH;2007;Daylight;20-24
35.3744839152, -80.8030432384;"{""type"": ""Point"", ""coordinates"": [-80.80304323839833, 35.37448391524937]}";Hispanic;Charlotte;Travel Lane;3;23;Mixed (30% To 70% Developed);Female;Sport Utility;0;#NULL!;0;0;White;No;0;30-39;Motorist Overtaking - Other / Unknown;None;Yes;No;Dry;0;Urban;No;04MAY2007;0;23:54;Male;Yes;Residential;A: Disabling Injury;Yes;O: No Injury;6898;May;0;Straight - Level;Piedmont;With Traffic;Double Yellow Line, No Passing Zone;Friday;Non-Intersection;31;0;Two-Way, Not Divided;2 lanes;0;#NULL!;#NULL!;Coarse Asphalt;#NULL!;No Special Feature;Motorist Overtaking Bicyclist;Local Street;A: Disabling Injury;Mecklenburg;35;Cloudy;#NULL!;0-5 mph;40 - 45  MPH;2007;Dark - Roadway Not Lighted;30-39
35.8831571065, -78.510062575;"{""type"": ""Point"", ""coordinates"": [-78.51006257497345, 35.883157106527946]}";Black;None - Rural Crash;Travel Lane;2;19;Mixed (30% To 70% Developed);Female;Sport Utility;0;#NULL!;0;0;White;No;0;11-15;Bicyclist Ride Through - Signalized Intersection;None;No;No;Dry;0;Rural;No;19JUN2007;0;19:19;Female;No;Residential;K: Killed;Yes;O: No Injury;6903;June;0;Straight - Level;Piedmont;With Traffic;Stop And Go Signal;Tuesday;Intersection;15;0;Two-Way, Not Divided;2 lanes;0;#NULL!;#NULL!;Smooth Asphalt;#NULL!;Four-Way Intersection;Bicyclist Failed to Yield - Signalized Intersection;State Secondary Route;K: Killed;Wake;60;Clear;#NULL!;6-10 mph;40 - 45  MPH;2007;Daylight;60-69
35.0957168562, -80.7886382186;"{""type"": ""Point"", ""coordinates"": [-80.78863821864975, 35.09571685615502]}";White;Charlotte;Unknown;2;18;Urban (>70% Developed);Female;Pickup;0;#NULL!;0;0;White;No;0;11-15;Motorist Right Turn - Opposite Direction;None;No;No;Dry;0;Urban;No;25SEP2007;0;18:06;Female;No;Residential;B: Evident Injury;No;O: No Injury;6908;September;0;Straight - Level;Piedmont;Unknown;Stop And Go Signal;Tuesday;Intersection;13;0;Two-Way, Divided, Unprotected Median;4 lanes;0;#NULL!;#NULL!;Smooth Asphalt;#NULL!;T-Intersection;Motorist Right Turn / Merge;NC Route;B: Evident Injury;Mecklenburg;48;Clear;#NULL!;6-10 mph;40 - 45  MPH;2007;Daylight;40-49
36.0281871227, -78.9151527056;"{""type"": ""Point"", ""coordinates"": [-78.91515270558524, 36.02818712269996]}";White;Durham;Travel Lane;2;16;Urban (>70% Developed);Male;Passenger Car;0;#NULL!;0;0;Black;No;0;30-39;Motorist Drive Out - Commercial Driveway / Alley;None;Yes;Yes;Dry;0;Urban;No;26SEP2007;0;16:19;Female;No;Commercial;C: Possible Injury;Yes;O: No Injury;6915;September;0;Straight - Level;Piedmont;With Traffic;Stop Sign;Wednesday;Non-Intersection;37;0;Two-Way, Divided, Unprotected Median;2 lanes;0;#NULL!;#NULL!;Coarse Asphalt;#NULL!;T-Intersection;Motorist Failed to Yield - Midblock;Local Street;C: Possible Injury;Durham;55;Clear;#NULL!;0-5 mph;30 - 35  MPH;2007;Daylight;50-59
36.2534572786, -75.7842517606;"{""type"": ""Point"", ""coordinates"": [-75.78425176060568, 36.25345727857886]}";White;None - Rural Crash;Multi-use Path;2;14;Mixed (30% To 70% Developed);Male;Sport Utility;0;#NULL!;0;0;White;No;0;11-15;Bicyclist Ride Out - Other Midblock;None;No;No;Dry;0;Rural;No;23JUN2007;0;14:08;Female;No;Residential;B: Evident Injury;Yes;O: No Injury;6917;June;0;Straight - Level;Coastal;Not Applicable;No Control Present;Saturday;Non-Intersection;11;0;Two-Way, Not Divided;2 lanes;0;#NULL!;#NULL!;Coarse Asphalt;#NULL!;No Special Feature;Bicyclist Failed to Yield - Midblock;Public Vehicular Area;B: Evident Injury;Currituck;46;Clear;#NULL!;6-10 mph;20 - 25  MPH;2007;Daylight;40-49
35.7825370811, -78.6206126035;"{""type"": ""Point"", ""coordinates"": [-78.62061260350933, 35.782537081121994]}";Black;Raleigh;Travel Lane;2;15;Urban (>70% Developed);Female;Passenger Car;0;#NULL!;0;0;Black;No;0;11-15;Bicyclist Ride Out - Sign-Controlled Intersection;None;No;No;Dry;0;Urban;No;25JUN2007;0;15:42;Female;No;Residential;B: Evident Injury;No;O: No Injury;6925;June;0;Straight - Level;Piedmont;With Traffic;Stop Sign;Monday;Intersection;12;0;Two-Way, Not Divided;8 lanes;0;#NULL!;#NULL!;Concrete;#NULL!;Four-Way Intersection;Bicyclist Failed to Yield - Sign-Controlled Intersection;Local Street;B: Evident Injury;Wake;21;Clear;#NULL!;31-35 mph;30 - 35  MPH;2007;Daylight;20-24
35.8005370847, -78.6158526033;"{""type"": ""Point"", ""coordinates"": [-78.61585260330698, 35.80053708465809]}";White;Raleigh;Travel Lane;2;8;Urban (>70% Developed);Male;Van;0;#NULL!;0;0;Black;No;0;70+;Bicyclist Ride Out - Sign-Controlled Intersection;None;No;No;Dry;0;Urban;No;26JUN2007;0;8:02;Male;No;Residential;B: Evident Injury;No;O: No Injury;6934;June;0;Straight - Grade;Piedmont;With Traffic;Stop Sign;Tuesday;Intersection;70+;0;Two-Way, Not Divided;2 lanes;0;#NULL!;#NULL!;Smooth Asphalt;#NULL!;Four-Way Intersection;Bicyclist Failed to Yield - Sign-Controlled Intersection;Local Street;B: Evident Injury;Wake;22;Clear;#NULL!;21-25 mph;30 - 35  MPH;2007;Daylight;20-24
35.1603229188, -79.4112028097;"{""type"": ""Point"", ""coordinates"": [-79.41120280969837, 35.16032291875613]}";White;Southern Pines;Travel Lane;2;17;Urban (>70% Developed);Male;Passenger Car;0;#NULL!;0;0;White;No;0;20-24;Motorist Right Turn - Opposite Direction;None;No;No;Dry;0;Urban;No;27JUN2007;0;17:40;Female;No;Commercial;B: Evident Injury;Yes;O: No Injury;6937;June;0;Straight - Hillcrest;Piedmont;Facing Traffic;Stop Sign;Wednesday;Intersection;22;0;Two-Way, Not Divided;2 lanes;0;#NULL!;#NULL!;Coarse Asphalt;#NULL!;Four-Way Intersection;Motorist Right Turn / Merge;Local Street;B: Evident Injury;Moore;25;Clear;#NULL!;6-10 mph;40 - 45  MPH;2007;Daylight;25-29
35.1154970246, -75.9819617662;"{""type"": ""Point"", ""coordinates"": [-75.98196176620395, 35.11549702460726]}";White;None - Rural Crash;Travel Lane;2;22;Urban (>70% Developed);Male;Passenger Car;0;#NULL!;0;0;White;No;0;40-49;Motorist Overtaking - Bicyclist Swerved;None;Yes;Yes;Dry;0;Rural;No;03JUL2009;0;22:04;Female;No;Residential;B: Evident Injury;Yes;O: No Injury;5008;July;0;Straight - Grade;Coastal;With Traffic;Double Yellow Line, No Passing Zone;Friday;Non-Intersection;46;0;Two-Way, Not Divided;2 lanes;0;#NULL!;#NULL!;Smooth Asphalt;#NULL!;No Special Feature;Motorist Overtaking Bicyclist;NC Route;B: Evident Injury;Hyde;20;Clear;#NULL!;6-10 mph;20 - 25  MPH;2009;Dark - Roadway Not Lighted;20-24
35.7881570864, -78.4892725634;"{""type"": ""Point"", ""coordinates"": [-78.48927256340642, 35.7881570864316]}";Black;Knightdale;Travel Lane;3;15;Mixed (30% To 70% Developed);Male;Passenger Car;0;#NULL!;0;0;White;No;0;11-15;Bicyclist Ride Through - Sign-Controlled Intersection;None;No;No;Dry;0;Urban;No;28JUL2009;0;15:54;Male;No;Residential;B: Evident Injury;Yes;O: No Injury;5013;July;0;Straight - Level;Piedmont;With Traffic;Stop Sign;Tuesday;Intersection;13;0;Two-Way, Not Divided;8 lanes;0;#NULL!;#NULL!;Coarse Asphalt;#NULL!;Four-Way Intersection;Bicyclist Failed to Yield - Sign-Controlled Intersection;Local Street;B: Evident Injury;Wake;36;Clear;#NULL!;21-25 mph;20 - 25  MPH;2009;Daylight;30-39
35.2396668866, -80.80109723;"{""type"": ""Point"", ""coordinates"": [-80.80109722997634, 35.239666886643825]}";Black;Charlotte;Travel Lane;2;18;Urban (>70% Developed);Male;Passenger Car;0;#NULL!;0;0;Unknown/Missing;No;0;16-19;Motorist Drive Out - Sign-Controlled Intersection;None;No;No;Dry;0;Urban;Yes;20JUL2009;0;18:01;Unknown;Missing;Residential;C: Possible Injury;No;Unknown Injury;5020;July;0;Straight - Level;Piedmont;Facing Traffic;Stop Sign;Monday;Intersection;18;0;Two-Way, Not Divided;2 lanes;0;#NULL!;#NULL!;Smooth Asphalt;#NULL!;No Special Feature;Motorist Failed to Yield - Sign-Controlled Intersection;Local Street;C: Possible Injury;Mecklenburg;Unknown;Clear;#NULL!;11-15 mph;30 - 35  MPH;2009;Daylight;Unknown
35.9433071444, -77.7957323609;"{""type"": ""Point"", ""coordinates"": [-77.79573236088265, 35.94330714444092]}";Unknown/Missing;Rocky Mount;Driveway / Alley;2;18;Urban (>70% Developed);Male;Passenger Car;0;#NULL!;0;0;Unknown/Missing;No;0;50-59;Motorist Overtaking - Other / Unknown;None;No;No;Dry;0;Urban;Yes;13JUL2009;0;18:49;Unknown;Missing;Commercial;O: No Injury;No;Unknown Injury;5021;July;0;Straight - Level;Coastal;Unknown;No Control Present;Monday;Non-Intersection;59;0;Two-Way, Not Divided;2 lanes;0;#NULL!;#NULL!;Coarse Asphalt;#NULL!;Alley Intersection;Motorist Overtaking Bicyclist;Local Street;O: No Injury;Nash;Unknown;Clear;#NULL!;Unknown;5 - 15 MPH;2009;Daylight;Unknown
35.8731670978, -78.6916426304;"{""type"": ""Point"", ""coordinates"": [-78.6916426303816, 35.87316709775082]}";White;Raleigh;Sidewalk / Crosswalk / Driveway Crossing;2;17;Urban (>70% Developed);Male;Passenger Car;0;#NULL!;0;0;White;No;0;30-39;Motorist Drive Out - Signalized Intersection;None;Yes;Yes;Dry;0;Urban;No;25JUN2009;0;17:30;Male;No;Residential;O: No Injury;No;O: No Injury;5041;June;0;Straight - Level;Piedmont;With Traffic;Stop And Go Signal;Thursday;Intersection;30;0;Two-Way, Not Divided;4 lanes;0;#NULL!;#NULL!;Coarse Asphalt;#NULL!;Four-Way Intersection;Motorist Failed to Yield - Signalized Intersection;Local Street;O: No Injury;Wake;70+;Clear;#NULL!;Unknown;40 - 45  MPH;2009;Daylight;70+
34.1596217506, -77.8993123048;"{""type"": ""Point"", ""coordinates"": [-77.89931230477511, 34.159621750629185]}";White;None - Rural Crash;Travel Lane;2;22;Urban (>70% Developed);Male;Sport Utility;0;#NULL!;0;0;White;No;0;16-19;Motorist Turning Error - Left Turn;None;No;No;Dry;0;Rural;No;03AUG2009;0;22:45;Male;No;Residential;C: Possible Injury;No;O: No Injury;5055;August;0;Straight - Level;Coastal;With Traffic;Stop Sign;Monday;Intersection;16;0;Two-Way, Not Divided;2 lanes;0;#NULL!;#NULL!;Coarse Asphalt;#NULL!;T-Intersection;Loss of Control / Turning Error;State Secondary Route;C: Possible Injury;New Hanover;17;Clear;#NULL!;6-10 mph;20 - 25  MPH;2009;Dark - Lighted Roadway;0-19
36.0224671199, -78.9535827177;"{""type"": ""Point"", ""coordinates"": [-78.95358271772825, 36.02246711990325]}";White;Durham;Travel Lane;2;21;Urban (>70% Developed);Male;Passenger Car;0;#NULL!;0;0;Black;No;0;20-24;Bicyclist Failed to Clear - Unknown;None;No;No;Dry;0;Urban;No;03AUG2009;0;21:50;Male;No;Industrial;O: No Injury;Yes;O: No Injury;5059;August;0;Straight - Level;Piedmont;With Traffic;Stop And Go Signal;Monday;Intersection;20;0;Two-Way, Not Divided;4 lanes;0;#NULL!;#NULL!;Smooth Asphalt;#NULL!;T-Intersection;Bicyclist Failed to Yield - Signalized Intersection;Local Street;O: No Injury;Durham;32;Clear;#NULL!;0-5 mph;30 - 35  MPH;2009;Dark - Lighted Roadway;30-39
34.2270867697, -77.7825822719;"{""type"": ""Point"", ""coordinates"": [-77.7825822719385, 34.227086769655685]}";White;Wrightsville Beach;Travel Lane;2;9;Urban (>70% Developed);Male;Van;0;#NULL!;0;0;White;No;0;40-49;Motorist Right Turn - Same Direction;None;No;No;Dry;0;Rural;No;06AUG2009;0;9:57;Female;No;Residential;B: Evident Injury;No;O: No Injury;5062;August;0;Straight - Level;Coastal;With Traffic;No Control Present;Thursday;Non-Intersection;48;0;Two-Way, Not Divided;2 lanes;0;#NULL!;#NULL!;Coarse Asphalt;#NULL!;Driveway, Public;Motorist Right Turn / Merge;NC Route;B: Evident Injury;New Hanover;34;Clear;#NULL!;11-15 mph;20 - 25  MPH;2009;Daylight;30-39