Geo Point;Geo Shape;BikeRace;City;BikePos;NumUnits;CrashHour;Locality;BikeSex;DrvrVehTyp;NumBikesNo;BikeAlcDrg;NumBikesBI;RteInvdCd;DrvrRace;Workzone;NumBikesCi;BikeAgeGrp;CrashType;RdDefects;CrashAlcoh;BikeAlcoho;RdConditio;DstncMiFrm;RuralUrban;HitRun;CrashDate;NumBikesUI;CrashTime;DrvrSex;DrvrAlcoho;Developmen;CrashSevr;AmbulanceR;DrvrInjury;OBJECTID;CrashMonth;NumBikesKi;RdCharacte;Region;BikeDir;TraffCntrl;CrashDay;CrashLoc;BikeAge;NumBikesTo;RdConfig;NumLanes;NumBikesAI;DrvrAlcDrg;OnRoad;RdSurface;Towrd_Rd;RdFeature;CrashGrp;RdClass;BikeInjury;County;DrvrAge;Weather;FrmRd;DrvrEstSpd;SpeedLimit;CrashYear;LightCond;DrvrAgeGrp
35.8349569775, -81.7326235403;"{""type"": ""Point"", ""coordinates"": [-81.7326235402947, 35.83495697749819]}";White;None - Rural Crash;Travel Lane;2;10;Rural (<30% Developed);Male;Pickup;0;#NULL!;0;0;White;No;0;60-69;Motorist Overtaking - Other / Unknown;None;No;No;Dry;0;Rural;No;01AUG2009;0;10:49;Male;No;Farms, Woods, Pastures;B: Evident Injury;Yes;O: No Injury;5066;August;0;Straight - Grade;Mountains;With Traffic;Double Yellow Line, No Passing Zone;Saturday;Non-Intersection;64;0;Two-Way, Not Divided;2 lanes;0;#NULL!;#NULL!;Smooth Asphalt;#NULL!;No Special Feature;Motorist Overtaking Bicyclist;State Secondary Route;B: Evident Injury;Burke;66;Clear;#NULL!;26-30 mph;50 - 55  MPH;2009;Daylight;60-69
36.04550513, -78.8110826752;"{""type"": ""Point"", ""coordinates"": [-78.81108267515856, 36.04550512998919]}";Black;None - Rural Crash;Travel Lane;2;14;Mixed (30% To 70% Developed);Male;Sport Utility;0;#NULL!;0;0;White;No;0;50-59;Motorist Overtaking - Other / Unknown;None;No;No;Dry;0;Rural;Yes;22JUL2009;0;14:10;Female;No;Residential;B: Evident Injury;Yes;O: No Injury;5068;July;0;Straight - Level;Piedmont;With Traffic;Double Yellow Line, No Passing Zone;Wednesday;Non-Intersection;58;0;Two-Way, Not Divided;2 lanes;0;#NULL!;#NULL!;Smooth Asphalt;#NULL!;No Special Feature;Motorist Overtaking Bicyclist;State Secondary Route;B: Evident Injury;Durham;70+;Clear;#NULL!;36-40 mph;40 - 45  MPH;2009;Daylight;70+
36.3890472686, -76.9373321217;"{""type"": ""Point"", ""coordinates"": [-76.93733212170633, 36.38904726859909]}";Black;Winton;Travel Lane;2;19;Mixed (30% To 70% Developed);Male;Unknown;0;#NULL!;0;0;Unknown/Missing;No;0;11-15;Motorist Left Turn - Same Direction;None;No;No;Dry;0;Rural;Yes;05AUG2009;0;19:40;Unknown;Missing;Residential;C: Possible Injury;No;Unknown Injury;5071;August;0;Straight - Level;Coastal;Facing Traffic;Double Yellow Line, No Passing Zone;Wednesday;Intersection;11;0;Two-Way, Not Divided;2 lanes;0;#NULL!;#NULL!;Coarse Asphalt;#NULL!;T-Intersection;Motorist Left Turn / Merge;NC Route;C: Possible Injury;Hertford;Unknown;Clear;#NULL!;31-35 mph;30 - 35  MPH;2009;Dark - Roadway Not Lighted;Unknown
34.8910269444, -76.9226520423;"{""type"": ""Point"", ""coordinates"": [-76.92265204225082, 34.89102694443911]}";White;Havelock;Travel Lane;2;13;Urban (>70% Developed);Male;Pickup;0;#NULL!;0;0;White;No;0;40-49;Bicyclist Lost Control - Other / Unknown;None;No;No;Dry;0;Urban;No;31JUL2009;0;13:10;Male;No;Commercial;C: Possible Injury;No;O: No Injury;5073;July;0;Straight - Level;Coastal;With Traffic;No Control Present;Friday;Non-Intersection;44;0;Two-Way, Divided, Positive Median Barrier;2 lanes;0;#NULL!;#NULL!;Smooth Asphalt;#NULL!;Bridge;Loss of Control / Turning Error;US Route;C: Possible Injury;Craven;65;Clear;#NULL!;36-40 mph;40 - 45  MPH;2009;Daylight;60-69
35.9106740925, -79.0542627417;"{""type"": ""Point"", ""coordinates"": [-79.0542627416502, 35.9106740924864]}";White;Chapel Hill;Travel Lane;2;16;Urban (>70% Developed);Female;Passenger Car;0;#NULL!;0;0;White;No;0;20-24;Motorist Drive Through - Signalized Intersection;None;Yes;No;Dry;0;Urban;No;06AUG2009;0;16:15;Male;Yes;Institutional;B: Evident Injury;Yes;O: No Injury;5084;August;0;Straight - Grade;Piedmont;With Traffic;Stop And Go Signal;Thursday;Intersection;21;0;One-Way, Not Divided;Unknown;0;#NULL!;#NULL!;Coarse Asphalt;#NULL!;No Special Feature;Motorist Failed to Yield - Signalized Intersection;Local Street;B: Evident Injury;Orange;22;Clear;#NULL!;11-15 mph;20 - 25  MPH;2009;Daylight;20-24
35.42546405, -77.2609271716;"{""type"": ""Point"", ""coordinates"": [-77.26092717163695, 35.42546405002477]}";White;None - Rural Crash;Bike Lane / Paved Shoulder;2;15;Rural (<30% Developed);Male;Passenger Car;0;#NULL!;0;0;Black;No;0;11-15;Motorist Overtaking - Bicyclist Swerved;None;No;No;Wet;0;Rural;No;17JUL2009;0;15:30;Male;No;Farms, Woods, Pastures;C: Possible Injury;Yes;O: No Injury;5092;July;0;Straight - Grade;Coastal;With Traffic;Double Yellow Line, No Passing Zone;Friday;Non-Intersection;15;0;Two-Way, Not Divided;2 lanes;0;#NULL!;#NULL!;Coarse Asphalt;#NULL!;No Special Feature;Motorist Overtaking Bicyclist;NC Route;C: Possible Injury;Pitt;39;Rain;#NULL!;51-55 mph;50 - 55  MPH;2009;Daylight;30-39
35.2441248844, -80.8758932522;"{""type"": ""Point"", ""coordinates"": [-80.87589325222604, 35.24412488439456]}";Black;Charlotte;Travel Lane;2;12;Urban (>70% Developed);Male;Passenger Car;0;#NULL!;0;0;Black;No;0;40-49;Bicyclist Ride Through - Sign-Controlled Intersection;None;No;No;Dry;0;Urban;No;29JUL2009;0;12:46;Female;No;Residential;K: Killed;Yes;O: No Injury;5095;July;0;Straight - Grade;Piedmont;With Traffic;Stop Sign;Wednesday;Intersection;46;0;Two-Way, Not Divided;2 lanes;0;#NULL!;#NULL!;Smooth Asphalt;#NULL!;Four-Way Intersection;Bicyclist Failed to Yield - Sign-Controlled Intersection;Local Street;K: Killed;Mecklenburg;20;Clear;#NULL!;21-25 mph;20 - 25  MPH;2009;Daylight;20-24
35.1132918538, -80.9677432728;"{""type"": ""Point"", ""coordinates"": [-80.9677432728266, 35.11329185377028]}";White;Charlotte;Travel Lane;2;17;Urban (>70% Developed);Male;Sport Utility;0;#NULL!;0;0;White;No;0;16-19;Crossing Paths - Intersection - Other / Unknown;None;No;No;Dry;0;Urban;No;25AUG2009;0;17:41;Male;No;Residential;C: Possible Injury;Yes;O: No Injury;5106;August;0;Straight - Level;Piedmont;Facing Traffic;No Control Present;Tuesday;Intersection;18;0;Two-Way, Divided, Positive Median Barrier;4 lanes;0;#NULL!;#NULL!;Smooth Asphalt;#NULL!;T-Intersection;Crossing Paths - Other Circumstances;NC Route;C: Possible Injury;Mecklenburg;35;Clear;#NULL!;0-5 mph;40 - 45  MPH;2009;Daylight;30-39
36.0735970972, -79.8869630024;"{""type"": ""Point"", ""coordinates"": [-79.88696300238456, 36.07359709723282]}";White;Greensboro;Sidewalk / Crosswalk / Driveway Crossing;2;20;Urban (>70% Developed);Male;Unknown;0;#NULL!;0;0;Unknown/Missing;No;0;20-24;Motorist Drive Out - Other Midblock;None;No;No;Dry;0;Urban;Yes;12AUG2009;0;20:42;Unknown;Missing;Commercial;C: Possible Injury;No;Unknown Injury;5111;August;0;Straight - Level;Piedmont;Facing Traffic;No Control Present;Wednesday;Non-Intersection;20;0;Two-Way, Not Divided;5 lanes;0;#NULL!;#NULL!;Coarse Asphalt;#NULL!;Driveway, Public;Motorist Failed to Yield - Midblock;Local Street;C: Possible Injury;Guilford;Unknown;Clear;#NULL!;6-10 mph;30 - 35  MPH;2009;Dusk;Unknown
34.8468698413, -79.6962828792;"{""type"": ""Point"", ""coordinates"": [-79.69628287922559, 34.84686984125259]}";White;None - Rural Crash;Travel Lane;2;20;Rural (<30% Developed);Male;Pickup;0;#NULL!;0;0;Unknown/Missing;No;0;50-59;Motorist Overtaking - Other / Unknown;None;No;No;Dry;0;Rural;Yes;02SEP2009;0;20:15;Unknown;No;Farms, Woods, Pastures;A: Disabling Injury;Yes;Unknown Injury;5116;September;0;Straight - Grade;Piedmont;With Traffic;No Control Present;Wednesday;Non-Intersection;52;0;Two-Way, Not Divided;2 lanes;0;#NULL!;#NULL!;Smooth Asphalt;#NULL!;No Special Feature;Motorist Overtaking Bicyclist;NC Route;A: Disabling Injury;Richmond;Unknown;Clear;#NULL!;51-55 mph;50 - 55  MPH;2009;Dark - Roadway Not Lighted;Unknown
35.2350668632, -81.4061694099;"{""type"": ""Point"", ""coordinates"": [-81.40616940989969, 35.23506686321946]}";White;None - Rural Crash;Travel Lane;2;16;Rural (<30% Developed);Male;Pickup;0;#NULL!;0;0;White;No;0;6-10;Bicyclist Left Turn - Same Direction;None;No;No;Dry;0;Rural;No;04AUG2009;0;16:53;Male;No;Residential;C: Possible Injury;Yes;O: No Injury;5133;August;0;Straight - Level;Mountains;With Traffic;Double Yellow Line, No Passing Zone;Tuesday;Intersection-Related;10;0;Two-Way, Not Divided;2 lanes;0;#NULL!;#NULL!;Coarse Asphalt;#NULL!;No Special Feature;Bicyclist Left Turn / Merge;State Secondary Route;C: Possible Injury;Cleveland;38;Cloudy;#NULL!;41-45 mph;40 - 45  MPH;2009;Daylight;30-39
35.7327650625, -78.8501126699;"{""type"": ""Point"", ""coordinates"": [-78.85011266990377, 35.73276506245195]}";Black;Apex;Non-Roadway;2;16;Urban (>70% Developed);Male;Sport Utility;0;#NULL!;0;0;White;No;0;25-29;Bicyclist Ride Out - Other Midblock;None;No;No;Dry;0;Urban;No;27AUG2009;0;16:36;Female;No;Commercial;B: Evident Injury;Yes;O: No Injury;5135;August;0;Straight - Grade;Piedmont;Not Applicable;No Control Present;Thursday;Non-Intersection;29;0;Two-Way, Not Divided;Unknown;0;#NULL!;#NULL!;Coarse Asphalt;#NULL!;No Special Feature;Bicyclist Failed to Yield - Midblock;Local Street;B: Evident Injury;Wake;54;Clear;#NULL!;16-20 mph;20 - 25  MPH;2009;Daylight;50-59
35.2428619886, -77.9044423583;"{""type"": ""Point"", ""coordinates"": [-77.90444235829264, 35.24286198863194]}";Unknown/Missing;None - Rural Crash;Travel Lane;2;16;Rural (<30% Developed);Unknown;Passenger Car;0;#NULL!;0;0;Hispanic;No;0;6-10;Bicyclist Left Turn - Same Direction;None;No;No;Dry;0;Rural;No;15SEP2009;0;16:58;Female;No;Farms, Woods, Pastures;O: No Injury;No;O: No Injury;5145;September;0;Straight - Level;Coastal;With Traffic;Double Yellow Line, No Passing Zone;Tuesday;Non-Intersection;10;0;Two-Way, Not Divided;2 lanes;0;#NULL!;#NULL!;Smooth Asphalt;#NULL!;Driveway, Private;Bicyclist Left Turn / Merge;NC Route;Unknown Injury;Wayne;25;Clear;#NULL!;51-55 mph;50 - 55  MPH;2009;Daylight;25-29
34.2022807611, -77.886512302;"{""type"": ""Point"", ""coordinates"": [-77.88651230198424, 34.20228076106207]}";White;Wilmington;Sidewalk / Crosswalk / Driveway Crossing;2;14;Urban (>70% Developed);Female;Passenger Car;0;#NULL!;0;0;Black;No;0;20-24;Motorist Drive Out - Residential Driveway;None;No;No;Dry;0;Urban;No;01SEP2009;0;14:30;Male;No;Residential;C: Possible Injury;No;O: No Injury;5146;September;0;Straight - Level;Coastal;With Traffic;No Control Present;Tuesday;Non-Intersection;24;0;Two-Way, Not Divided;2 lanes;0;#NULL!;#NULL!;Smooth Asphalt;#NULL!;No Special Feature;Motorist Failed to Yield - Midblock;Local Street;C: Possible Injury;New Hanover;33;Clear;#NULL!;0-5 mph;20 - 25  MPH;2009;Daylight;30-39
35.9976232276, -75.6513767071;"{""type"": ""Point"", ""coordinates"": [-75.65137670711547, 35.997623227563786]}";Hispanic;Kill Devil Hills;Sidewalk / Crosswalk / Driveway Crossing;2;8;Urban (>70% Developed);Male;Pickup;0;#NULL!;0;0;White;No;0;20-24;Motorist Left Turn - Opposite Direction;None;No;No;Dry;0;Urban;No;06SEP2009;0;8:30;Male;No;Commercial;A: Disabling Injury;Yes;O: No Injury;5151;September;0;Straight - Grade;Coastal;With Traffic;Stop And Go Signal;Sunday;Intersection;24;0;Two-Way, Not Divided;5 lanes;0;#NULL!;#NULL!;Coarse Asphalt;#NULL!;Four-Way Intersection;Motorist Left Turn / Merge;US Route;A: Disabling Injury;Dare;44;Cloudy;#NULL!;16-20 mph;50 - 55  MPH;2009;Daylight;40-49
35.9837642248, -75.6438217038;"{""type"": ""Point"", ""coordinates"": [-75.64382170379463, 35.98376422478425]}";White;Nags Head;Travel Lane;2;21;Urban (>70% Developed);Female;Van;0;#NULL!;0;0;White;No;0;16-19;Bicyclist Ride Out - Midblock - Unknown;None;No;No;Dry;0;Rural;No;14JUN2009;0;21:44;Male;No;Commercial;B: Evident Injury;Yes;O: No Injury;5162;June;0;Straight - Level;Coastal;Not Applicable;No Control Present;Sunday;Non-Intersection;19;0;Two-Way, Divided, Unprotected Median;5 lanes;0;#NULL!;#NULL!;Smooth Asphalt;#NULL!;No Special Feature;Bicyclist Failed to Yield - Midblock;US Route;B: Evident Injury;Dare;68;Clear;#NULL!;46-50 mph;50 - 55  MPH;2009;Dark - Roadway Not Lighted;60-69
35.4231329333, -80.5918231774;"{""type"": ""Point"", ""coordinates"": [-80.59182317743114, 35.42313293329988]}";Black;Concord;Non-Roadway;2;20;Urban (>70% Developed);Male;Pickup;0;#NULL!;0;0;White;No;0;11-15;Non-Roadway;None;No;No;Dry;0;Urban;No;04SEP2009;0;20:53;Male;No;Commercial;C: Possible Injury;Yes;O: No Injury;5167;September;0;Straight - Level;Piedmont;Not Applicable;No Control Present;Friday;Non-Roadway;11;0;One-Way, Not Divided;1 lane;0;#NULL!;#NULL!;Smooth Asphalt;#NULL!;Driveway, Public;Non-Roadway;Public Vehicular Area;C: Possible Injury;Cabarrus;18;Clear;#NULL!;0-5 mph;5 - 15 MPH;2009;Other;0-19
34.2387987669, -77.9491023232;"{""type"": ""Point"", ""coordinates"": [-77.94910232324013, 34.238798766922365]}";White;Wilmington;Travel Lane;2;10;Urban (>70% Developed);Male;Passenger Car;0;#NULL!;0;0;Black;No;0;40-49;Motorist Left Turn - Opposite Direction;None;No;No;Dry;0;Urban;No;10SEP2009;0;10:51;Female;No;Commercial;C: Possible Injury;Yes;O: No Injury;5169;September;0;Straight - Level;Coastal;With Traffic;Stop And Go Signal;Thursday;Intersection;41;0;Two-Way, Not Divided;2 lanes;0;#NULL!;#NULL!;Smooth Asphalt;#NULL!;No Special Feature;Motorist Left Turn / Merge;Local Street;C: Possible Injury;New Hanover;67;Cloudy;#NULL!;16-20 mph;20 - 25  MPH;2009;Daylight;60-69
35.7636219907, -80.9864433143;"{""type"": ""Point"", ""coordinates"": [-80.98644331433175, 35.76362199074148]}";White;None - Rural Crash;Travel Lane;2;13;Rural (<30% Developed);Male;Pickup;0;#NULL!;0;0;White;No;0;50-59;Motorist Overtaking - Misjudged Space;None;No;No;Dry;0;Rural;No;25SEP2009;0;13:17;Male;No;Residential;A: Disabling Injury;Yes;O: No Injury;5186;September;0;Straight - Level;Piedmont;With Traffic;Double Yellow Line, No Passing Zone;Friday;Non-Intersection;56;0;Two-Way, Not Divided;2 lanes;0;#NULL!;#NULL!;Smooth Asphalt;#NULL!;No Special Feature;Motorist Overtaking Bicyclist;State Secondary Route;A: Disabling Injury;Iredell;70+;Clear;#NULL!;41-45 mph;40 - 45  MPH;2009;Daylight;70+
35.1867208761, -80.7657732165;"{""type"": ""Point"", ""coordinates"": [-80.76577321650183, 35.18672087611267]}";White;Charlotte;Travel Lane;2;17;Urban (>70% Developed);Male;Sport Utility;0;#NULL!;0;0;White;No;0;20-24;Motorist Right Turn - Same Direction;None;No;No;Dry;0;Urban;No;17SEP2009;0;17:03;Female;No;Commercial;B: Evident Injury;No;C: Possible Injury;5187;September;0;Straight - Level;Piedmont;With Traffic;No Control Present;Thursday;Intersection;24;0;Two-Way, Not Divided;4 lanes;0;#NULL!;#NULL!;Smooth Asphalt;#NULL!;No Special Feature;Motorist Right Turn / Merge;Local Street;B: Evident Injury;Mecklenburg;30;Cloudy;#NULL!;31-35 mph;30 - 35  MPH;2009;Daylight;30-39
35.3969370203, -77.9667383847;"{""type"": ""Point"", ""coordinates"": [-77.96673838469123, 35.3969370203055]}";Black;Goldsboro;Travel Lane;2;12;Urban (>70% Developed);Male;Passenger Car;0;#NULL!;0;0;Black;No;0;16-19;Signalized Intersection - Other / Unknown;None;No;No;Dry;0;Urban;No;19SEP2009;0;12:45;Female;No;Commercial;C: Possible Injury;No;O: No Injury;5191;September;0;Straight - Hillcrest;Coastal;Facing Traffic;Stop And Go Signal;Saturday;Intersection;18;0;Two-Way, Not Divided;8 lanes;0;#NULL!;#NULL!;Coarse Asphalt;#NULL!;Four-Way Intersection;Crossing Paths - Other Circumstances;Local Street;C: Possible Injury;Wayne;65;Clear;#NULL!;6-10 mph;30 - 35  MPH;2009;Dark - Lighted Roadway;60-69
36.1834271623, -78.7451226628;"{""type"": ""Point"", ""coordinates"": [-78.74512266280288, 36.18342716230976]}";White;None - Rural Crash;Travel Lane;2;9;Rural (<30% Developed);Female;Passenger Car;0;#NULL!;0;0;White;No;0;16-19;Motorist Right Turn - Same Direction;None;No;No;Dry;0;Rural;No;20SEP2009;0;9:50;Female;No;Farms, Woods, Pastures;C: Possible Injury;No;O: No Injury;5195;September;0;Straight - Level;Piedmont;With Traffic;Double Yellow Line, No Passing Zone;Sunday;Non-Intersection;19;0;Two-Way, Not Divided;2 lanes;0;#NULL!;#NULL!;Coarse Asphalt;#NULL!;Driveway, Private;Motorist Right Turn / Merge;State Secondary Route;C: Possible Injury;Granville;65;Cloudy;#NULL!;31-35 mph;50 - 55  MPH;2009;Daylight;60-69
35.930660142, -77.7744773538;"{""type"": ""Point"", ""coordinates"": [-77.77447735381455, 35.930660141975075]}";Black;Rocky Mount;Travel Lane;2;9;Urban (>70% Developed);Female;Sport Utility;0;#NULL!;0;0;White;No;0;40-49;Motorist Drive Out - Sign-Controlled Intersection;None;No;No;Dry;0;Urban;No;14AUG2009;0;9:39;Female;No;Commercial;B: Evident Injury;Yes;O: No Injury;5198;August;0;Straight - Level;Coastal;Facing Traffic;Stop Sign;Friday;Intersection;47;0;Two-Way, Not Divided;3 lanes;0;#NULL!;#NULL!;Smooth Asphalt;#NULL!;No Special Feature;Motorist Failed to Yield - Sign-Controlled Intersection;Local Street;B: Evident Injury;Edgecombe;62;Clear;#NULL!;0-5 mph;30 - 35  MPH;2009;Daylight;60-69
35.1170869282, -78.8800426474;"{""type"": ""Point"", ""coordinates"": [-78.88004264737623, 35.11708692822766]}";Unknown/Missing;Fayetteville;Travel Lane;2;10;Urban (>70% Developed);Unknown;Unknown;0;#NULL!;0;0;Unknown/Missing;No;0;20-24;Motorist Drive Out - Right Turn on Red;None;No;No;Dry;0;Urban;Yes;23SEP2009;0;10:32;Unknown;Missing;Commercial;Unknown Injury;Yes;Unknown Injury;5207;September;0;Straight - Level;Coastal;Facing Traffic;Stop And Go Signal;Wednesday;Intersection;20;0;Two-Way, Not Divided;4 lanes;0;#NULL!;#NULL!;Coarse Asphalt;#NULL!;No Special Feature;Motorist Failed to Yield - Signalized Intersection;Local Street;Unknown Injury;Cumberland;Unknown;Cloudy;#NULL!;0-5 mph;30 - 35  MPH;2009;Daylight;Unknown
35.2812418965, -80.7715332236;"{""type"": ""Point"", ""coordinates"": [-80.77153322356794, 35.28124189648415]}";Hispanic;Charlotte;Unknown;2;19;Urban (>70% Developed);Male;Passenger Car;0;#NULL!;0;0;Black;No;0;11-15;Bicyclist Ride Out - Midblock - Unknown;None;No;No;Dry;0;Urban;No;24SEP2009;0;19:08;Female;No;Residential;C: Possible Injury;No;O: No Injury;5208;September;0;Straight - Grade;Piedmont;Not Applicable;No Control Present;Thursday;Non-Intersection;11;0;Two-Way, Not Divided;2 lanes;0;#NULL!;#NULL!;Smooth Asphalt;#NULL!;No Special Feature;Bicyclist Failed to Yield - Midblock;Local Street;C: Possible Injury;Mecklenburg;23;Clear;#NULL!;16-20 mph;20 - 25  MPH;2009;Dusk;20-24
35.8447220935, -78.6439526134;"{""type"": ""Point"", ""coordinates"": [-78.64395261340049, 35.84472209350508]}";White;Raleigh;Sidewalk / Crosswalk / Driveway Crossing;2;19;Urban (>70% Developed);Male;Sport Utility;0;#NULL!;0;0;White;No;0;20-24;Motorist Drive Out - Sign-Controlled Intersection;None;No;No;Dry;0;Urban;No;04SEP2009;0;19:01;Female;No;Commercial;B: Evident Injury;Yes;O: No Injury;5216;September;0;Straight - Level;Piedmont;Facing Traffic;Stop Sign;Friday;Intersection;22;0;Two-Way, Divided, Unprotected Median;4 lanes;0;#NULL!;#NULL!;Smooth Asphalt;#NULL!;Driveway, Public;Motorist Failed to Yield - Sign-Controlled Intersection;Local Street;B: Evident Injury;Wake;46;Clear;#NULL!;0-5 mph;5 - 15 MPH;2009;Daylight;40-49
35.7990470832, -78.6460026123;"{""type"": ""Point"", ""coordinates"": [-78.64600261233281, 35.799047083157696]}";White;Raleigh;Sidewalk / Crosswalk / Driveway Crossing;2;21;Urban (>70% Developed);Male;Unknown;0;#NULL!;0;0;Unknown/Missing;No;0;30-39;Motorist Drive Through - Signalized Intersection;None;No;No;Dry;0;Urban;Yes;02SEP2009;0;21:55;Unknown;Missing;Commercial;B: Evident Injury;Yes;Unknown Injury;5224;September;0;Straight - Level;Piedmont;Facing Traffic;Stop And Go Signal;Wednesday;Intersection;34;0;Two-Way, Divided, Positive Median Barrier;4 lanes;0;#NULL!;#NULL!;Smooth Asphalt;#NULL!;Y-Intersection;Motorist Failed to Yield - Signalized Intersection;Local Street;B: Evident Injury;Wake;Unknown;Clear;#NULL!;31-35 mph;30 - 35  MPH;2009;Dark - Lighted Roadway;Unknown
36.4105641064, -81.4892935022;"{""type"": ""Point"", ""coordinates"": [-81.48929350217728, 36.41056410639439]}";White;None - Rural Crash;Non-Roadway;2;15;Mixed (30% To 70% Developed);Male;Passenger Car;0;#NULL!;0;0;White;No;0;11-15;Bicyclist Ride Out - Other Midblock;None;No;No;Dry;0;Rural;No;24SEP2009;0;15:55;Female;No;Residential;B: Evident Injury;Yes;O: No Injury;5225;September;0;Straight - Hillcrest;Mountains;Not Applicable;Double Yellow Line, No Passing Zone;Thursday;Non-Intersection;11;0;Two-Way, Not Divided;2 lanes;0;#NULL!;#NULL!;Smooth Asphalt;#NULL!;No Special Feature;Bicyclist Failed to Yield - Midblock;State Secondary Route;B: Evident Injury;Ashe;16;Cloudy;#NULL!;21-25 mph;30 - 35  MPH;2009;Daylight;0-19
36.3303601341, -80.336368152;"{""type"": ""Point"", ""coordinates"": [-80.3363681520116, 36.33036013407055]}";White;None - Rural Crash;Travel Lane;2;20;Mixed (30% To 70% Developed);Male;Unknown;0;#NULL!;0;0;Unknown/Missing;No;0;16-19;Motorist Lost Control - Other / Unknown;None;No;No;Dry;0;Rural;Yes;28SEP2009;0;20:00;Unknown;Missing;Farms, Woods, Pastures;C: Possible Injury;Yes;Unknown Injury;5231;September;0;Curve - Level;Piedmont;With Traffic;Double Yellow Line, No Passing Zone;Monday;Non-Intersection;18;0;Two-Way, Not Divided;2 lanes;0;#NULL!;#NULL!;Smooth Asphalt;#NULL!;No Special Feature;Loss of Control / Turning Error;NC Route;C: Possible Injury;Stokes;Unknown;Clear;#NULL!;41-45 mph;40 - 45  MPH;2009;Dark - Roadway Not Lighted;Unknown
35.7809519985, -80.8837232851;"{""type"": ""Point"", ""coordinates"": [-80.88372328514282, 35.780951998533645]}";Black;Statesville;Travel Lane;2;16;Urban (>70% Developed);Male;Passenger Car;0;#NULL!;0;0;Black;No;0;16-19;Bicyclist Ride Through - Sign-Controlled Intersection;None;No;No;Dry;0;Urban;No;02OCT2009;0;16:15;Female;No;Residential;B: Evident Injury;Yes;O: No Injury;5235;October;0;Straight - Grade;Piedmont;With Traffic;Stop Sign;Friday;Intersection;16;0;Two-Way, Not Divided;2 lanes;0;#NULL!;#NULL!;Smooth Asphalt;#NULL!;No Special Feature;Bicyclist Failed to Yield - Sign-Controlled Intersection;Local Street;B: Evident Injury;Iredell;43;Clear;#NULL!;26-30 mph;30 - 35  MPH;2009;Daylight;40-49
34.7691269022, -77.3900621784;"{""type"": ""Point"", ""coordinates"": [-77.3900621784006, 34.76912690220246]}";Black;Jacksonville;Travel Lane;2;15;Rural (<30% Developed);Male;Passenger Car;0;#NULL!;0;0;Black;No;0;16-19;Motorist Drive Out - Sign-Controlled Intersection;None;No;No;Dry;0;Urban;No;18SEP2009;0;15:58;Female;No;Residential;C: Possible Injury;Yes;O: No Injury;5243;September;0;Straight - Level;Coastal;Facing Traffic;Stop Sign;Friday;Intersection;16;0;Two-Way, Not Divided;Unknown;0;#NULL!;#NULL!;Smooth Asphalt;#NULL!;T-Intersection;Motorist Failed to Yield - Sign-Controlled Intersection;Local Street;C: Possible Injury;Onslow;38;Clear;#NULL!;0-5 mph;30 - 35  MPH;2009;Daylight;30-39
35.8482870916, -78.7087276333;"{""type"": ""Point"", ""coordinates"": [-78.708727633253, 35.848287091587856]}";White;Raleigh;Travel Lane;2;15;Urban (>70% Developed);Male;Sport Utility;0;#NULL!;0;0;White;No;0;11-15;Bicyclist Ride Through - Sign-Controlled Intersection;None;No;No;Dry;0;Urban;No;20SEP2009;0;15:10;Male;No;Residential;B: Evident Injury;Yes;O: No Injury;5246;September;0;Straight - Grade;Piedmont;With Traffic;Stop Sign;Sunday;Intersection;14;0;Two-Way, Not Divided;2 lanes;0;#NULL!;#NULL!;Coarse Asphalt;#NULL!;No Special Feature;Bicyclist Failed to Yield - Sign-Controlled Intersection;Local Street;B: Evident Injury;Wake;52;Clear;#NULL!;26-30 mph;30 - 35  MPH;2009;Daylight;50-59
35.837459094, -78.5704375915;"{""type"": ""Point"", ""coordinates"": [-78.57043759147842, 35.83745909403707]}";Black;Raleigh;Sidewalk / Crosswalk / Driveway Crossing;2;15;Urban (>70% Developed);Male;Sport Utility;0;#NULL!;0;0;White;No;0;25-29;Motorist Drive Out - Sign-Controlled Intersection;None;No;No;Dry;0;Urban;No;25SEP2009;0;15:15;Female;No;Residential;C: Possible Injury;No;O: No Injury;5251;September;0;Straight - Level;Piedmont;Facing Traffic;Stop Sign;Friday;Intersection;25;0;Two-Way, Not Divided;2 lanes;0;#NULL!;#NULL!;Smooth Asphalt;#NULL!;T-Intersection;Motorist Failed to Yield - Sign-Controlled Intersection;Local Street;C: Possible Injury;Wake;32;Clear;#NULL!;Unknown;30 - 35  MPH;2009;Daylight;30-39
35.2418668924, -80.6617031888;"{""type"": ""Point"", ""coordinates"": [-80.66170318876466, 35.241866892404516]}";Black;Charlotte;Travel Lane;2;19;Mixed (30% To 70% Developed);Male;Pedestrian;0;#NULL!;0;0;Black;No;0;40-49;Motorist Overtaking - Bicyclist Swerved;None;No;No;Water (Standing, Moving);0;Urban;No;30SEP2009;0;19:22;Male;No;Residential;C: Possible Injury;No;C: Possible Injury;5254;September;0;Straight - Grade;Piedmont;With Traffic;No Control Present;Wednesday;Non-Intersection;44;0;Two-Way, Not Divided;2 lanes;0;#NULL!;#NULL!;Smooth Asphalt;#NULL!;No Special Feature;Motorist Overtaking Bicyclist;Local Street;Unknown Injury;Mecklenburg;17;Clear;#NULL!;Unknown;Unknown;2009;Dawn;0-19