Geo Point;Geo Shape;BikeRace;City;BikePos;NumUnits;CrashHour;Locality;BikeSex;DrvrVehTyp;NumBikesNo;BikeAlcDrg;NumBikesBI;RteInvdCd;DrvrRace;Workzone;NumBikesCi;BikeAgeGrp;CrashType;RdDefects;CrashAlcoh;BikeAlcoho;RdConditio;DstncMiFrm;RuralUrban;HitRun;CrashDate;NumBikesUI;CrashTime;DrvrSex;DrvrAlcoho;Developmen;CrashSevr;AmbulanceR;DrvrInjury;OBJECTID;CrashMonth;NumBikesKi;RdCharacte;Region;BikeDir;TraffCntrl;CrashDay;CrashLoc;BikeAge;NumBikesTo;RdConfig;NumLanes;NumBikesAI;DrvrAlcDrg;OnRoad;RdSurface;Towrd_Rd;RdFeature;CrashGrp;RdClass;BikeInjury;County;DrvrAge;Weather;FrmRd;DrvrEstSpd;SpeedLimit;CrashYear;LightCond;DrvrAgeGrp
36.0735071007, -79.790217973;"{""type"": ""Point"", ""coordinates"": [-79.79021797296994, 36.07350710068132]}";White;Greensboro;Travel Lane;2;21;Urban (>70% Developed);Male;Passenger Car;0;#NULL!;0;0;Black;No;0;16-19;Bicyclist Failed to Clear - Trapped;None;No;No;Dry;0;Urban;No;07OCT2009;0;21:27;Female;No;Commercial;B: Evident Injury;Yes;C: Possible Injury;5263;October;0;Straight - Level;Piedmont;With Traffic;Stop And Go Signal;Wednesday;Intersection;17;0;One-Way, Not Divided;4 lanes;0;#NULL!;#NULL!;Smooth Asphalt;#NULL!;Related To Intersection;Bicyclist Failed to Yield - Signalized Intersection;Local Street;B: Evident Injury;Guilford;21;Clear;#NULL!;16-20 mph;20 - 25  MPH;2009;Dark - Lighted Roadway;20-24
36.1089570973, -80.0778630615;"{""type"": ""Point"", ""coordinates"": [-80.0778630615171, 36.10895709734078]}";White;Kernersville;Travel Lane;2;21;Urban (>70% Developed);Male;Passenger Car;0;#NULL!;0;0;White;No;0;16-19;Motorist Drive Out - Sign-Controlled Intersection;None;No;No;Dry;0;Urban;No;10OCT2009;0;21:04;Female;No;Residential;C: Possible Injury;No;O: No Injury;5265;October;0;Straight - Level;Piedmont;Facing Traffic;Stop Sign;Saturday;Intersection;17;0;Two-Way, Not Divided;4 lanes;0;#NULL!;#NULL!;Smooth Asphalt;#NULL!;T-Intersection;Motorist Failed to Yield - Sign-Controlled Intersection;Local Street;C: Possible Injury;Forsyth;66;Cloudy;#NULL!;0-5 mph;30 - 35  MPH;2009;Dark - Roadway Not Lighted;60-69
35.3090429538, -79.3409027962;"{""type"": ""Point"", ""coordinates"": [-79.34090279619309, 35.30904295377547]}";Black;None - Rural Crash;Travel Lane;2;17;Rural (<30% Developed);Male;Sport Utility;0;#NULL!;0;0;Hispanic;No;0;16-19;Bicyclist Ride Through - Sign-Controlled Intersection;None;No;No;Dry;0;Rural;No;06OCT2009;0;17:15;Female;No;Farms, Woods, Pastures;A: Disabling Injury;Yes;C: Possible Injury;5266;October;0;Straight - Grade;Piedmont;With Traffic;Stop Sign;Tuesday;Intersection;17;0;Two-Way, Not Divided;2 lanes;0;#NULL!;#NULL!;Coarse Asphalt;#NULL!;T-Intersection;Bicyclist Failed to Yield - Sign-Controlled Intersection;State Secondary Route;A: Disabling Injury;Moore;40;Cloudy;#NULL!;51-55 mph;50 - 55  MPH;2009;Daylight;40-49
35.2699498908, -80.854253247;"{""type"": ""Point"", ""coordinates"": [-80.85425324704151, 35.26994989077526]}";Black;Charlotte;Travel Lane;2;8;Urban (>70% Developed);Male;Passenger Car;0;#NULL!;0;0;Black;No;0;40-49;Bicyclist Ride Through - Signalized Intersection;None;No;No;Wet;0;Urban;No;14OCT2009;0;8:30;Female;No;Commercial;C: Possible Injury;Yes;O: No Injury;5269;October;0;Straight - Level;Piedmont;Facing Traffic;Stop And Go Signal;Wednesday;Intersection;46;0;Two-Way, Not Divided;6 lanes;0;#NULL!;#NULL!;Smooth Asphalt;#NULL!;T-Intersection;Bicyclist Failed to Yield - Signalized Intersection;Local Street;C: Possible Injury;Mecklenburg;54;Rain;#NULL!;0-5 mph;40 - 45  MPH;2009;Daylight;50-59
35.0929639222, -78.9191726581;"{""type"": ""Point"", ""coordinates"": [-78.91917265809603, 35.09296392221531]}";Hispanic;Fayetteville;Travel Lane;2;18;Rural (<30% Developed);Male;Passenger Car;0;#NULL!;0;0;Black;No;0;30-39;Bicyclist Left Turn - Same Direction;None;No;No;Dry;0;Urban;No;16OCT2009;0;18:15;Female;No;Residential;B: Evident Injury;Yes;O: No Injury;5270;October;0;Straight - Level;Coastal;With Traffic;No Control Present;Friday;Non-Intersection;38;0;Two-Way, Not Divided;5 lanes;0;#NULL!;#NULL!;Coarse Asphalt;#NULL!;No Special Feature;Bicyclist Left Turn / Merge;Local Street;B: Evident Injury;Cumberland;63;Clear;#NULL!;21-25 mph;40 - 45  MPH;2009;Daylight;60-69
34.7206969157, -76.659721954;"{""type"": ""Point"", ""coordinates"": [-76.65972195395084, 34.720696915658024]}";White;Beaufort;Travel Lane;2;20;Urban (>70% Developed);Male;Passenger Car;0;#NULL!;0;0;Black;No;0;50-59;Motorist Left Turn - Opposite Direction;None;Yes;No;Dry;0;Rural;Yes;27OCT2009;0;20:45;Male;Yes;Residential;B: Evident Injury;Yes;O: No Injury;5277;October;0;Straight - Level;Coastal;With Traffic;No Control Present;Tuesday;Intersection;50;0;Two-Way, Not Divided;2 lanes;0;#NULL!;#NULL!;Smooth Asphalt;#NULL!;Four-Way Intersection;Motorist Left Turn / Merge;Local Street;B: Evident Injury;Carteret;36;Clear;#NULL!;21-25 mph;20 - 25  MPH;2009;Dark - Lighted Roadway;30-39
35.0454269114, -78.9244486567;"{""type"": ""Point"", ""coordinates"": [-78.9244486566706, 35.04542691135661]}";White;Fayetteville;Sidewalk / Crosswalk / Driveway Crossing;2;22;Urban (>70% Developed);Male;Passenger Car;0;#NULL!;0;0;Black;No;0;11-15;Motorist Left Turn - Opposite Direction;None;No;No;Dry;0;Urban;No;28OCT2009;0;22:53;Female;No;Commercial;C: Possible Injury;No;O: No Injury;5288;October;0;Straight - Level;Coastal;With Traffic;Stop And Go Signal;Wednesday;Intersection;14;0;Two-Way, Divided, Unprotected Median;5 lanes;0;#NULL!;#NULL!;Coarse Asphalt;#NULL!;Four-Way Intersection;Motorist Left Turn / Merge;Local Street;C: Possible Injury;Cumberland;20;Clear;#NULL!;21-25 mph;30 - 35  MPH;2009;Dark - Lighted Roadway;20-24
35.6320950402, -78.8518026659;"{""type"": ""Point"", ""coordinates"": [-78.85180266588345, 35.63209504016722]}";White;Holly Springs;Travel Lane;2;16;Urban (>70% Developed);Male;Passenger Car;0;#NULL!;0;0;Black;No;0;40-49;Motorist Left Turn - Opposite Direction;None;No;No;Dry;0;Urban;No;31OCT2009;0;16:12;Female;No;Residential;B: Evident Injury;Yes;O: No Injury;5297;October;0;Straight - Level;Piedmont;With Traffic;Stop And Go Signal;Saturday;Intersection;41;0;Two-Way, Not Divided;3 lanes;0;#NULL!;#NULL!;Smooth Asphalt;#NULL!;No Special Feature;Motorist Left Turn / Merge;Local Street;B: Evident Injury;Wake;28;Clear;#NULL!;0-5 mph;30 - 35  MPH;2009;Daylight;25-29
35.7723420782, -78.6459626106;"{""type"": ""Point"", ""coordinates"": [-78.64596261055775, 35.77234207817985]}";Black;Raleigh;Unknown;2;20;Urban (>70% Developed);Male;Passenger Car;0;#NULL!;0;0;Black;No;0;30-39;Bicyclist Ride Out - Midblock - Unknown;None;Yes;Yes;Dry;0;Urban;No;08OCT2009;0;20:12;Male;No;Residential;C: Possible Injury;Yes;O: No Injury;5300;October;0;Straight - Hillcrest;Piedmont;Not Applicable;No Control Present;Thursday;Non-Intersection;30;0;One-Way, Not Divided;3 lanes;0;#NULL!;#NULL!;Smooth Asphalt;#NULL!;No Special Feature;Bicyclist Failed to Yield - Midblock;Local Street;C: Possible Injury;Wake;49;Clear;#NULL!;31-35 mph;30 - 35  MPH;2009;Dark - Lighted Roadway;40-49
35.9034171433, -77.5620822881;"{""type"": ""Point"", ""coordinates"": [-77.5620822881189, 35.90341714331668]}";Black;Tarboro;Travel Lane;2;16;Urban (>70% Developed);Male;Passenger Car;0;#NULL!;0;0;Black;No;0;40-49;Motorist Drive Out - Sign-Controlled Intersection;Unknown;No;No;Wet;0;Urban;No;01NOV2009;0;16:39;Male;No;Commercial;C: Possible Injury;Yes;O: No Injury;5307;November;0;Straight - Level;Coastal;With Traffic;Stop Sign;Sunday;Intersection;48;0;Two-Way, Divided, Unprotected Median;1 lane;0;#NULL!;#NULL!;Smooth Asphalt;#NULL!;Driveway, Private;Motorist Failed to Yield - Sign-Controlled Intersection;Local Street;C: Possible Injury;Edgecombe;18;Rain;#NULL!;0-5 mph;40 - 45  MPH;2009;Daylight;0-19
36.3120911946, -78.5922266237;"{""type"": ""Point"", ""coordinates"": [-78.59222662366322, 36.31209119464733]}";Black;Oxford;Unknown;3;16;Urban (>70% Developed);Male;Passenger Car;0;#NULL!;0;0;Black;No;0;40-49;Crossing Paths - Intersection - Other / Unknown;None;No;No;Dry;0;Urban;No;28APR2009;0;16:56;Male;No;Commercial;C: Possible Injury;Yes;O: No Injury;5308;April;0;Straight - Level;Piedmont;Unknown;Stop And Go Signal;Tuesday;Intersection-Related;45;0;Two-Way, Not Divided;9 or more lanes;0;#NULL!;#NULL!;Smooth Asphalt;#NULL!;No Special Feature;Crossing Paths - Other Circumstances;Local Street;C: Possible Injury;Granville;53;Clear;#NULL!;11-15 mph;30 - 35  MPH;2009;Daylight;50-59
36.0886491026, -79.8329569863;"{""type"": ""Point"", ""coordinates"": [-79.83295698631275, 36.08864910257357]}";White;Greensboro;Sidewalk / Crosswalk / Driveway Crossing;2;13;Urban (>70% Developed);Female;Passenger Car;0;#NULL!;0;0;White;No;0;50-59;Motorist Drive Out - Commercial Driveway / Alley;None;No;No;Dry;0;Urban;No;08NOV2009;0;13:50;Male;No;Commercial;A: Disabling Injury;Yes;O: No Injury;5316;November;0;Straight - Grade;Piedmont;With Traffic;No Control Present;Sunday;Non-Intersection;52;0;Two-Way, Not Divided;4 lanes;0;#NULL!;#NULL!;Concrete;#NULL!;No Special Feature;Motorist Failed to Yield - Midblock;Unknown;A: Disabling Injury;Guilford;17;Clear;#NULL!;0-5 mph;30 - 35  MPH;2009;Daylight;0-19
36.2196801318, -79.7879929808;"{""type"": ""Point"", ""coordinates"": [-79.78799298083959, 36.21968013182559]}";White;None - Rural Crash;Travel Lane;2;17;Rural (<30% Developed);Male;Sport Utility;0;#NULL!;0;0;White;No;0;50-59;Motorist Lost Control - Other / Unknown;None;No;No;Dry;0;Rural;No;24OCT2009;0;17:41;Female;No;Farms, Woods, Pastures;K: Killed;Yes;O: No Injury;5327;October;0;Straight - Grade;Piedmont;With Traffic;No Control Present;Saturday;Non-Intersection;55;0;Two-Way, Not Divided;2 lanes;0;#NULL!;#NULL!;Smooth Asphalt;#NULL!;No Special Feature;Loss of Control / Turning Error;State Secondary Route;K: Killed;Guilford;48;Clear;#NULL!;46-50 mph;50 - 55  MPH;2009;Daylight;40-49
36.2956802737, -76.2145218946;"{""type"": ""Point"", ""coordinates"": [-76.2145218946032, 36.29568027367842]}";Black;Elizabeth City;Travel Lane;2;12;Urban (>70% Developed);Male;Passenger Car;0;#NULL!;0;0;White;No;0;30-39;Head-On - Bicyclist;None;No;No;Dry;0;Urban;No;04JUL2008;0;12:05;Male;No;Residential;C: Possible Injury;Yes;O: No Injury;5937;July;0;Straight - Level;Coastal;Facing Traffic;Double Yellow Line, No Passing Zone;Friday;Non-Intersection;35;0;Two-Way, Not Divided;2 lanes;0;#NULL!;#NULL!;Smooth Asphalt;#NULL!;No Special Feature;Head-On;Local Street;C: Possible Injury;Pasquotank;66;Clear;#NULL!;16-20 mph;20 - 25  MPH;2008;Daylight;60-69
35.5600729669, -80.4756831503;"{""type"": ""Point"", ""coordinates"": [-80.47568315031864, 35.56007296686836]}";White;None - Rural Crash;Travel Lane;2;9;Mixed (30% To 70% Developed);Male;Pickup;0;#NULL!;0;0;White;No;0;40-49;Motorist Overtaking - Undetected Bicyclist;None;No;No;Dry;0;Rural;No;07JUL2008;0;9:58;Male;No;Residential;C: Possible Injury;No;O: No Injury;5940;July;0;Straight - Grade;Piedmont;With Traffic;Double Yellow Line, No Passing Zone;Monday;Non-Intersection;49;0;Two-Way, Not Divided;2 lanes;0;#NULL!;#NULL!;Smooth Asphalt;#NULL!;No Special Feature;Motorist Overtaking Bicyclist;State Secondary Route;C: Possible Injury;Rowan;41;Cloudy;#NULL!;51-55 mph;50 - 55  MPH;2008;Daylight;40-49
35.2931319965, -78.016138395;"{""type"": ""Point"", ""coordinates"": [-78.01613839499666, 35.29313199648315]}";Black;None - Rural Crash;Non-Roadway;2;18;Mixed (30% To 70% Developed);Female;Pickup;0;#NULL!;0;0;Black;No;0;16-19;Non-Roadway;None;No;No;Dry;0;Rural;No;07JUL2008;0;18:53;Male;No;Residential;C: Possible Injury;Yes;O: No Injury;5943;July;0;Straight - Level;Coastal;Not Applicable;No Control Present;Monday;Non-Roadway;17;0;Two-Way, Not Divided;2 lanes;0;#NULL!;#NULL!;Coarse Asphalt;#NULL!;Driveway, Public;Non-Roadway;Public Vehicular Area;C: Possible Injury;Wayne;33;Clear;#NULL!;6-10 mph;Unknown;2008;Daylight;30-39
35.5383570375, -78.3524325092;"{""type"": ""Point"", ""coordinates"": [-78.35243250917233, 35.538357037467414]}";Black;Smithfield;Travel Lane;2;14;Urban (>70% Developed);Male;Passenger Car;0;#NULL!;0;0;Unknown/Missing;No;0;11-15;Bicyclist Ride Through - Sign-Controlled Intersection;None;No;No;Wet;0;Urban;Yes;11JUL2008;0;14:38;Unknown;Missing;Residential;A: Disabling Injury;Yes;Unknown Injury;5957;July;0;Curve - Grade;Coastal;With Traffic;Stop Sign;Friday;Intersection;13;0;Two-Way, Not Divided;2 lanes;0;#NULL!;#NULL!;Coarse Asphalt;#NULL!;T-Intersection;Bicyclist Failed to Yield - Sign-Controlled Intersection;Local Street;A: Disabling Injury;Johnston;Unknown;Clear;#NULL!;21-25 mph;20 - 25  MPH;2008;Daylight;Unknown
35.1107929883, -77.0639320964;"{""type"": ""Point"", ""coordinates"": [-77.06393209639872, 35.110792988305555]}";Black;New Bern;Other;2;13;Urban (>70% Developed);Male;Unknown;0;#NULL!;0;0;Unknown/Missing;No;0;11-15;Motorist Drive Out - Sign-Controlled Intersection;None;No;No;Dry;0;Urban;Yes;19JUN2008;0;13:00;Unknown;Missing;Residential;B: Evident Injury;No;Unknown Injury;5958;June;0;Straight - Level;Coastal;Facing Traffic;Stop Sign;Thursday;Intersection;15;0;Two-Way, Divided, Unprotected Median;5 lanes;0;#NULL!;#NULL!;Smooth Asphalt;#NULL!;T-Intersection;Motorist Failed to Yield - Sign-Controlled Intersection;NC Route;B: Evident Injury;Craven;Unknown;Clear;#NULL!;0-5 mph;20 - 25  MPH;2008;Daylight;Unknown
35.3492068994, -81.0942533235;"{""type"": ""Point"", ""coordinates"": [-81.0942533234576, 35.34920689943809]}";White;Stanley;Unknown;2;18;Urban (>70% Developed);Male;Sport Utility;0;#NULL!;0;0;White;No;0;11-15;Unknown Approach Paths;None;No;No;Dry;0;Rural;No;02JUL2008;0;18:51;Female;No;Residential;C: Possible Injury;No;O: No Injury;5964;July;0;Straight - Level;Piedmont;Unknown;Stop And Go Signal;Wednesday;Intersection;12;0;Two-Way, Not Divided;2 lanes;0;#NULL!;#NULL!;Smooth Asphalt;#NULL!;T-Intersection;Other / Unknown - Insufficient Details;Local Street;C: Possible Injury;Gaston;38;Clear;#NULL!;6-10 mph;30 - 35  MPH;2008;Daylight;30-39
35.9620371091, -78.9088427006;"{""type"": ""Point"", ""coordinates"": [-78.90884270057056, 35.96203710910283]}";Black;Durham;Travel Lane;2;19;Urban (>70% Developed);Male;Passenger Car;0;#NULL!;0;0;Black;No;0;40-49;Bicyclist Left Turn - Same Direction;None;No;No;Dry;0;Urban;No;11AUG2008;0;19:06;Female;No;Commercial;O: No Injury;Yes;O: No Injury;5967;August;0;Straight - Level;Piedmont;With Traffic;No Control Present;Monday;Non-Intersection;46;0;Two-Way, Not Divided;2 lanes;0;#NULL!;#NULL!;Smooth Asphalt;#NULL!;No Special Feature;Bicyclist Left Turn / Merge;Local Street;O: No Injury;Durham;64;Clear;#NULL!;26-30 mph;30 - 35  MPH;2008;Daylight;60-69
36.0133512309, -75.6609217099;"{""type"": ""Point"", ""coordinates"": [-75.6609217099389, 36.01335123090057]}";White;Kill Devil Hills;Travel Lane;2;7;Mixed (30% To 70% Developed);Female;Passenger Car;0;#NULL!;0;0;White;No;0;16-19;Bicyclist Ride Out - Signalized  Intersection;None;No;No;Dry;0;Urban;No;14JUL2008;0;7:50;Female;No;Commercial;C: Possible Injury;Yes;O: No Injury;5968;July;0;Straight - Level;Coastal;Facing Traffic;Stop And Go Signal;Monday;Intersection;19;0;Two-Way, Divided, Positive Median Barrier;4 lanes;0;#NULL!;#NULL!;Concrete;#NULL!;Four-Way Intersection;Bicyclist Failed to Yield - Signalized Intersection;Local Street;C: Possible Injury;Dare;50;Clear;#NULL!;0-5 mph;30 - 35  MPH;2008;Daylight;50-59
36.1991301211, -79.953643029;"{""type"": ""Point"", ""coordinates"": [-79.95364302899958, 36.199130121147384]}";White;None - Rural Crash;Travel Lane;2;10;Mixed (30% To 70% Developed);Male;Passenger Car;0;#NULL!;0;0;Other;No;0;40-49;Bicyclist Left Turn - Same Direction;None;No;No;Dry;0;Rural;No;17JUL2008;0;10:20;Male;No;Farms, Woods, Pastures;A: Disabling Injury;Yes;O: No Injury;5970;July;0;Straight - Level;Piedmont;With Traffic;Double Yellow Line, No Passing Zone;Thursday;Intersection;45;0;Two-Way, Not Divided;2 lanes;0;#NULL!;#NULL!;Smooth Asphalt;#NULL!;T-Intersection;Bicyclist Left Turn / Merge;NC Route;A: Disabling Injury;Guilford;23;Clear;#NULL!;41-45 mph;40 - 45  MPH;2008;Daylight;20-24
35.210932882, -80.7590532164;"{""type"": ""Point"", ""coordinates"": [-80.7590532163538, 35.21093288195849]}";Hispanic;Charlotte;Travel Lane;2;23;Urban (>70% Developed);Male;Passenger Car;0;#NULL!;0;0;Black;No;0;40-49;Bicyclist Ride Out - Sign-Controlled Intersection;None;Yes;Yes;Dry;0;Urban;No;08AUG2008;0;23:06;Male;Yes;Commercial;K: Killed;Yes;O: No Injury;5974;August;0;Straight - Level;Piedmont;With Traffic;No Control Present;Friday;Intersection;44;0;Two-Way, Divided, Unprotected Median;4 lanes;0;#NULL!;#NULL!;Coarse Asphalt;#NULL!;T-Intersection;Bicyclist Failed to Yield - Sign-Controlled Intersection;Local Street;K: Killed;Mecklenburg;24;Clear;#NULL!;31-35 mph;30 - 35  MPH;2008;Dark - Lighted Roadway;20-24
35.2195468806, -80.8361232396;"{""type"": ""Point"", ""coordinates"": [-80.83612323962925, 35.21954688059609]}";White;Charlotte;Travel Lane;2;19;Urban (>70% Developed);Male;Passenger Car;0;#NULL!;0;0;Black;No;0;40-49;Signalized Intersection - Other / Unknown;None;No;No;Wet;0;Urban;No;15AUG2008;0;19:34;Female;No;Commercial;A: Disabling Injury;Yes;O: No Injury;5975;August;0;Straight - Level;Piedmont;With Traffic;Stop And Go Signal;Friday;Intersection;44;0;Two-Way, Divided, Unprotected Median;4 lanes;0;#NULL!;#NULL!;Smooth Asphalt;#NULL!;No Special Feature;Crossing Paths - Other Circumstances;Local Street;A: Disabling Injury;Mecklenburg;19;Cloudy;#NULL!;31-35 mph;30 - 35  MPH;2008;Daylight;0-19
35.1697309364, -78.9777326798;"{""type"": ""Point"", ""coordinates"": [-78.9777326798305, 35.16973093643751]}";Black;Spring Lake;Travel Lane;2;11;Urban (>70% Developed);Male;Passenger Car;0;#NULL!;0;0;White;No;0;40-49;Motorist Drive Out - Sign-Controlled Intersection;Road Surface Condition;No;No;Dry;0;Urban;No;05AUG2008;0;11:39;Male;No;Commercial;C: Possible Injury;No;O: No Injury;5980;August;0;Straight - Level;Coastal;With Traffic;Stop Sign;Tuesday;Intersection;44;0;Unknown;4 lanes;0;#NULL!;#NULL!;Coarse Asphalt;#NULL!;T-Intersection;Motorist Failed to Yield - Sign-Controlled Intersection;Local Street;C: Possible Injury;Cumberland;46;Clear;#NULL!;11-15 mph;20 - 25  MPH;2008;Daylight;40-49
35.9661941273, -78.4048025482;"{""type"": ""Point"", ""coordinates"": [-78.40480254816909, 35.96619412732583]}";White;None - Rural Crash;Travel Lane;2;19;Rural (<30% Developed);Male;Pickup;0;#NULL!;0;0;White;No;0;11-15;Bicyclist Left Turn - Same Direction;None;No;No;Dry;0;Rural;No;20JUL2008;0;19:49;Male;No;Farms, Woods, Pastures;B: Evident Injury;Yes;O: No Injury;5987;July;0;Straight - Grade;Piedmont;With Traffic;Double Yellow Line, No Passing Zone;Sunday;Non-Intersection;13;0;Two-Way, Not Divided;2 lanes;0;#NULL!;#NULL!;Coarse Asphalt;#NULL!;No Special Feature;Bicyclist Left Turn / Merge;State Secondary Route;B: Evident Injury;Franklin;18;Clear;#NULL!;46-50 mph;50 - 55  MPH;2008;Dusk;0-19
36.0977740878, -80.2793081214;"{""type"": ""Point"", ""coordinates"": [-80.27930812142574, 36.097774087803366]}";White;Winston-Salem;Travel Lane;2;10;Urban (>70% Developed);Male;Passenger Car;0;#NULL!;0;0;White;No;0;60-69;Motorist Drive Out - Sign-Controlled Intersection;None;No;No;Dry;0;Urban;No;21JUL2008;0;10:16;Female;No;Commercial;B: Evident Injury;Yes;O: No Injury;5988;July;0;Straight - Level;Piedmont;With Traffic;Stop Sign;Monday;Intersection;69;0;Two-Way, Not Divided;4 lanes;0;#NULL!;#NULL!;Smooth Asphalt;#NULL!;T-Intersection;Motorist Failed to Yield - Sign-Controlled Intersection;Local Street;B: Evident Injury;Forsyth;28;Clear;#NULL!;0-5 mph;30 - 35  MPH;2008;Daylight;25-29
33.8713786676, -78.4944024703;"{""type"": ""Point"", ""coordinates"": [-78.49440247025149, 33.87137866757939]}";White;Sunset Beach;Travel Lane;2;8;Rural (<30% Developed);Female;Van;0;#NULL!;0;0;White;No;0;60-69;Motorist Left Turn - Opposite Direction;None;No;No;Wet;0;Rural;No;24JUL2008;0;8:30;Female;No;Residential;B: Evident Injury;Yes;O: No Injury;5998;July;0;Straight - Level;Coastal;With Traffic;Missing;Thursday;Non-Intersection;64;0;Two-Way, Not Divided;2 lanes;0;#NULL!;#NULL!;Coarse Asphalt;#NULL!;No Special Feature;Motorist Left Turn / Merge;Local Street;B: Evident Injury;Brunswick;57;Cloudy;#NULL!;0-5 mph;30 - 35  MPH;2008;Daylight;50-59
36.0768311013, -79.7937129736;"{""type"": ""Point"", ""coordinates"": [-79.79371297361313, 36.076831101338826]}";Black;Greensboro;Sidewalk / Crosswalk / Driveway Crossing;2;7;Urban (>70% Developed);Female;Passenger Car;0;#NULL!;0;0;White;No;0;20-24;Motorist Drive Out - Right Turn on Red;None;No;No;Dry;0;Urban;No;08JUL2008;0;7:28;Male;No;Commercial;C: Possible Injury;No;O: No Injury;5999;July;0;Straight - Grade;Piedmont;Facing Traffic;Stop And Go Signal;Tuesday;Intersection;24;0;Two-Way, Not Divided;2 lanes;0;#NULL!;#NULL!;Smooth Asphalt;#NULL!;T-Intersection;Motorist Failed to Yield - Signalized Intersection;Local Street;C: Possible Injury;Guilford;56;Clear;#NULL!;6-10 mph;20 - 25  MPH;2008;Daylight;50-59
36.0693390839, -80.2207131021;"{""type"": ""Point"", ""coordinates"": [-80.22071310205607, 36.069339083919076]}";Hispanic;Winston-Salem;Sidewalk / Crosswalk / Driveway Crossing;2;11;Urban (>70% Developed);Male;Sport Utility;0;#NULL!;0;0;Black;No;0;30-39;Motorist Drive Through - Signalized Intersection;None;Yes;Yes;Dry;0;Urban;No;28JUL2008;0;11:16;Female;No;Commercial;A: Disabling Injury;Yes;O: No Injury;6009;July;0;Straight - Level;Piedmont;With Traffic;Stop And Go Signal;Monday;Intersection;37;0;Two-Way, Not Divided;3 lanes;0;#NULL!;#NULL!;Smooth Asphalt;#NULL!;No Special Feature;Motorist Failed to Yield - Signalized Intersection;Local Street;A: Disabling Injury;Forsyth;42;Clear;#NULL!;31-35 mph;30 - 35  MPH;2008;Daylight;40-49
35.1582469971, -77.1170061143;"{""type"": ""Point"", ""coordinates"": [-77.11700611425738, 35.15824699713759]}";Black;New Bern;Travel Lane;2;19;Urban (>70% Developed);Male;Passenger Car;0;#NULL!;0;0;White;No;0;11-15;Bicyclist Overtaking - Other / Unknown;None;No;No;Dry;0;Urban;No;25JUL2008;0;19:06;Female;No;Residential;C: Possible Injury;No;O: No Injury;6010;July;0;Straight - Level;Coastal;With Traffic;Missing;Friday;Non-Intersection;11;0;Two-Way, Not Divided;2 lanes;0;#NULL!;#NULL!;Smooth Asphalt;#NULL!;No Special Feature;Bicyclist Overtaking Motorist;Local Street;C: Possible Injury;Craven;33;Clear;#NULL!;6-10 mph;5 - 15 MPH;2008;Daylight;30-39
35.0580128475, -80.8126832242;"{""type"": ""Point"", ""coordinates"": [-80.812683224195, 35.05801284748581]}";White;Charlotte;Sidewalk / Crosswalk / Driveway Crossing;2;17;Urban (>70% Developed);Male;Sport Utility;0;#NULL!;0;0;White;No;0;11-15;Bicyclist Ride Out - Signalized  Intersection;None;No;No;Dry;0;Urban;No;22AUG2008;0;17:29;Male;No;Commercial;O: No Injury;No;O: No Injury;6013;August;0;Straight - Level;Piedmont;Facing Traffic;Stop And Go Signal;Friday;Intersection;14;0;Two-Way, Divided, Positive Median Barrier;Unknown;0;#NULL!;#NULL!;Smooth Asphalt;#NULL!;Four-Way Intersection;Bicyclist Failed to Yield - Signalized Intersection;Local Street;O: No Injury;Mecklenburg;38;Clear;#NULL!;6-10 mph;40 - 45  MPH;2008;Daylight;30-39
35.0774268542, -80.7359882024;"{""type"": ""Point"", ""coordinates"": [-80.73598820237238, 35.07742685423082]}";White;Charlotte;Sidewalk / Crosswalk / Driveway Crossing;2;17;Urban (>70% Developed);Male;Sport Utility;0;#NULL!;0;0;White;No;0;11-15;Motorist Drive Out - Sign-Controlled Intersection;None;No;No;Dry;0;Urban;No;23AUG2008;0;17:30;Male;No;Residential;O: No Injury;No;O: No Injury;6015;August;0;Straight - Level;Piedmont;Facing Traffic;Stop Sign;Saturday;Intersection;15;0;Two-Way, Not Divided;2 lanes;0;#NULL!;#NULL!;Smooth Asphalt;#NULL!;T-Intersection;Motorist Failed to Yield - Sign-Controlled Intersection;Local Street;O: No Injury;Mecklenburg;18;Clear;#NULL!;21-25 mph;20 - 25  MPH;2008;Daylight;0-19
34.0232037204, -77.9021922988;"{""type"": ""Point"", ""coordinates"": [-77.90219229876914, 34.02320372040764]}";White;Carolina Beach;Travel Lane;2;2;Urban (>70% Developed);Male;Unknown;0;#NULL!;0;0;Unknown/Missing;No;0;11-15;Motorist Drive Out - Sign-Controlled Intersection;None;No;No;Dry;0;Urban;Yes;29JUL2008;0;2:25;Unknown;Missing;Residential;Unknown Injury;No;Unknown Injury;6020;July;0;Straight - Level;Coastal;With Traffic;Stop Sign;Tuesday;Intersection;14;0;Two-Way, Not Divided;4 lanes;0;#NULL!;#NULL!;Smooth Asphalt;#NULL!;No Special Feature;Motorist Failed to Yield - Sign-Controlled Intersection;Local Street;Unknown Injury;New Hanover;Unknown;Clear;#NULL!;0-5 mph;20 - 25  MPH;2008;Daylight;Unknown