Geo Point;Geo Shape;BikeRace;City;BikePos;NumUnits;CrashHour;Locality;BikeSex;DrvrVehTyp;NumBikesNo;BikeAlcDrg;NumBikesBI;RteInvdCd;DrvrRace;Workzone;NumBikesCi;BikeAgeGrp;CrashType;RdDefects;CrashAlcoh;BikeAlcoho;RdConditio;DstncMiFrm;RuralUrban;HitRun;CrashDate;NumBikesUI;CrashTime;DrvrSex;DrvrAlcoho;Developmen;CrashSevr;AmbulanceR;DrvrInjury;OBJECTID;CrashMonth;NumBikesKi;RdCharacte;Region;BikeDir;TraffCntrl;CrashDay;CrashLoc;BikeAge;NumBikesTo;RdConfig;NumLanes;NumBikesAI;DrvrAlcDrg;OnRoad;RdSurface;Towrd_Rd;RdFeature;CrashGrp;RdClass;BikeInjury;County;DrvrAge;Weather;FrmRd;DrvrEstSpd;SpeedLimit;CrashYear;LightCond;DrvrAgeGrp
34.2251667641, -77.9341323173;"{""type"": ""Point"", ""coordinates"": [-77.93413231734931, 34.22516676411997]}";Black;Wilmington;Sidewalk / Crosswalk / Driveway Crossing;2;17;Urban (>70% Developed);Male;Sport Utility;0;#NULL!;0;0;Black;No;0;50-59;Motorist Drive Out - Sign-Controlled Intersection;None;Yes;Yes;Dry;0;Urban;No;30JUL2008;0;17:19;Male;No;Residential;A: Disabling Injury;Yes;O: No Injury;6023;July;0;Straight - Level;Coastal;With Traffic;Stop Sign;Wednesday;Intersection;53;0;One-Way, Not Divided;4 lanes;0;#NULL!;#NULL!;Smooth Asphalt;#NULL!;Four-Way Intersection;Motorist Failed to Yield - Sign-Controlled Intersection;Local Street;A: Disabling Injury;New Hanover;44;Clear;#NULL!;0-5 mph;30 - 35  MPH;2008;Daylight;40-49
35.1774209235, -79.4053228089;"{""type"": ""Point"", ""coordinates"": [-79.40532280892789, 35.177420923456516]}";Black;Southern Pines;Travel Lane;2;15;Urban (>70% Developed);Male;Passenger Car;0;#NULL!;0;0;Black;No;0;6-10;Bicyclist Ride Through - Sign-Controlled Intersection;None;No;No;Dry;0;Urban;No;25JUL2008;0;15:43;Male;No;Residential;C: Possible Injury;Yes;O: No Injury;6027;July;0;Straight - Grade;Piedmont;With Traffic;Stop Sign;Friday;Intersection;7;0;Two-Way, Not Divided;2 lanes;0;#NULL!;#NULL!;Smooth Asphalt;#NULL!;Four-Way Intersection;Bicyclist Failed to Yield - Sign-Controlled Intersection;Local Street;C: Possible Injury;Moore;68;Clear;#NULL!;31-35 mph;30 - 35  MPH;2008;Daylight;60-69
35.7883030749, -78.8283926662;"{""type"": ""Point"", ""coordinates"": [-78.82839266621401, 35.788303074926695]}";White;Cary;Sidewalk / Crosswalk / Driveway Crossing;2;8;Urban (>70% Developed);Female;Passenger Car;0;#NULL!;0;0;White;No;0;11-15;Non-Roadway;None;No;No;Dry;0;Urban;No;22AUG2008;0;8:30;Male;No;Commercial;C: Possible Injury;No;O: No Injury;6033;August;0;Straight - Level;Piedmont;Not Applicable;No Control Present;Friday;Non-Roadway;15;0;Two-Way, Not Divided;Unknown;0;#NULL!;#NULL!;Concrete;#NULL!;Driveway, Public;Non-Roadway;Public Vehicular Area;C: Possible Injury;Wake;45;Clear;#NULL!;0-5 mph;5 - 15 MPH;2008;Daylight;40-49
34.879671943, -76.9059520369;"{""type"": ""Point"", ""coordinates"": [-76.90595203694808, 34.87967194297929]}";White;Havelock;Travel Lane;2;10;Urban (>70% Developed);Female;Pedalcycle;0;#NULL!;0;0;Black;No;0;30-39;Motorist Drive Out - Sign-Controlled Intersection;Other;No;No;Dry;0;Urban;No;02JUL2008;0;10:13;Female;No;Commercial;B: Evident Injury;Yes;B: Evident Injury;6037;July;0;Straight - Level;Coastal;Facing Traffic;Stop Sign;Wednesday;Intersection;36;0;Two-Way, Not Divided;2 lanes;0;#NULL!;#NULL!;Smooth Asphalt;#NULL!;No Special Feature;Motorist Failed to Yield - Sign-Controlled Intersection;Local Street;O: No Injury;Craven;16;Clear;#NULL!;Unknown;Unknown;2008;Daylight;0-19
36.0677471007, -79.757162963;"{""type"": ""Point"", ""coordinates"": [-79.75716296298214, 36.06774710065747]}";Black;Greensboro;Unknown;2;17;Urban (>70% Developed);Male;Unknown;0;#NULL!;0;0;Unknown/Missing;No;0;11-15;Crossing Paths - Uncontrolled Intersection;None;No;No;Dry;0;Urban;Yes;23JUL2008;0;17:05;Unknown;Missing;Residential;C: Possible Injury;Yes;Unknown Injury;6038;July;0;Straight - Level;Piedmont;Unknown;No Control Present;Wednesday;Intersection;15;0;Two-Way, Not Divided;4 lanes;0;#NULL!;#NULL!;Concrete;#NULL!;No Special Feature;Crossing Paths - Other Circumstances;Local Street;C: Possible Injury;Guilford;Unknown;Clear;#NULL!;Unknown;Unknown;2008;Daylight;Unknown
35.9729470342, -80.9955833291;"{""type"": ""Point"", ""coordinates"": [-80.99558332906976, 35.97294703422535]}";White;None - Rural Crash;Travel Lane;2;14;Mixed (30% To 70% Developed);Male;Pickup;0;#NULL!;0;0;White;No;0;11-15;Bicyclist Left Turn - Opposite Direction;None;No;No;Dry;0;Rural;No;04AUG2008;0;14:49;Male;No;Residential;B: Evident Injury;Yes;O: No Injury;6042;August;0;Straight - Level;Piedmont;With Traffic;Double Yellow Line, No Passing Zone;Monday;Non-Intersection;15;0;Two-Way, Not Divided;2 lanes;0;#NULL!;#NULL!;Smooth Asphalt;#NULL!;No Special Feature;Bicyclist Left Turn / Merge;State Secondary Route;B: Evident Injury;Iredell;25;Clear;#NULL!;51-55 mph;50 - 55  MPH;2008;Daylight;25-29
34.3242637605, -78.72034756;"{""type"": ""Point"", ""coordinates"": [-78.7203475600005, 34.324263760544135]}";Black;None - Rural Crash;Travel Lane;2;21;Mixed (30% To 70% Developed);Male;Pickup;0;#NULL!;0;0;White;No;0;50-59;Motorist Overtaking - Bicyclist Swerved;None;No;No;Wet;0;Rural;No;07AUG2008;0;21:27;Male;No;Commercial;B: Evident Injury;Yes;O: No Injury;6048;August;0;Straight - Level;Coastal;With Traffic;No Control Present;Thursday;Non-Intersection;55;0;Two-Way, Not Divided;2 lanes;0;#NULL!;#NULL!;Coarse Asphalt;#NULL!;No Special Feature;Motorist Overtaking Bicyclist;State Secondary Route;B: Evident Injury;Columbus;63;Rain;#NULL!;36-40 mph;50 - 55  MPH;2008;Dark - Roadway Not Lighted;60-69
35.9237440391, -80.5912732053;"{""type"": ""Point"", ""coordinates"": [-80.5912732052573, 35.92374403911609]}";White;None - Rural Crash;Travel Lane;3;11;Mixed (30% To 70% Developed);Male;Passenger Car;0;#NULL!;0;0;White;No;0;50-59;Motorist Overtaking - Misjudged Space;None;No;No;Dry;0;Rural;No;10AUG2008;0;11:50;Female;No;Commercial;B: Evident Injury;No;O: No Injury;6059;August;0;Straight - Level;Piedmont;With Traffic;Double Yellow Line, No Passing Zone;Sunday;Non-Intersection;54;0;Two-Way, Not Divided;4 lanes;0;#NULL!;#NULL!;Coarse Asphalt;#NULL!;On or Off Ramp;Motorist Overtaking Bicyclist;US Route;B: Evident Injury;Davie;59;Clear;#NULL!;16-20 mph;40 - 45  MPH;2008;Daylight;50-59
35.201639832, -82.0520895989;"{""type"": ""Point"", ""coordinates"": [-82.05208959891117, 35.201639831950516]}";White;None - Rural Crash;Travel Lane;2;16;Mixed (30% To 70% Developed);Male;Passenger Car;0;#NULL!;0;0;White;No;0;60-69;Bicyclist Left Turn - Same Direction;None;No;No;Dry;0;Rural;No;11AUG2008;0;16:37;Female;No;Residential;B: Evident Injury;Yes;O: No Injury;6060;August;0;Straight - Level;Mountains;With Traffic;Double Yellow Line, No Passing Zone;Monday;Intersection-Related;64;0;Two-Way, Not Divided;2 lanes;0;#NULL!;#NULL!;Smooth Asphalt;#NULL!;T-Intersection;Bicyclist Left Turn / Merge;NC Route;B: Evident Injury;Polk;27;Clear;#NULL!;51-55 mph;50 - 55  MPH;2008;Daylight;25-29
34.2387537707, -77.828282286;"{""type"": ""Point"", ""coordinates"": [-77.82828228595739, 34.23875377065569]}";White;Wilmington;Travel Lane;2;18;Urban (>70% Developed);Female;Pickup;0;#NULL!;0;0;White;No;0;40-49;Bicyclist Failed to Clear - Multiple Threat;None;No;No;Dry;0;Urban;No;12AUG2008;0;18:59;Male;No;Commercial;B: Evident Injury;No;O: No Injury;6065;August;0;Straight - Level;Coastal;With Traffic;Stop And Go Signal;Tuesday;Intersection;43;0;Two-Way, Divided, Unprotected Median;5 lanes;0;#NULL!;#NULL!;Smooth Asphalt;#NULL!;Four-Way Intersection;Bicyclist Failed to Yield - Signalized Intersection;Local Street;B: Evident Injury;New Hanover;23;Clear;#NULL!;11-15 mph;40 - 45  MPH;2008;Daylight;20-24
34.3209967585, -78.7426825665;"{""type"": ""Point"", ""coordinates"": [-78.74268256654078, 34.32099675847677]}";White;None - Rural Crash;Travel Lane;2;20;Rural (<30% Developed);Male;Passenger Car;0;#NULL!;0;0;Black;No;0;6-10;Bicyclist Left Turn - Same Direction;None;No;No;Dry;0;Rural;No;14AUG2008;0;20:02;Female;No;Farms, Woods, Pastures;B: Evident Injury;Yes;O: No Injury;6069;August;0;Straight - Level;Coastal;With Traffic;Double Yellow Line, No Passing Zone;Thursday;Non-Intersection;10;0;Two-Way, Not Divided;2 lanes;0;#NULL!;#NULL!;Smooth Asphalt;#NULL!;Driveway, Private;Bicyclist Left Turn / Merge;State Secondary Route;B: Evident Injury;Columbus;40;Clear;#NULL!;26-30 mph;50 - 55  MPH;2008;Dark - Roadway Not Lighted;40-49
35.0480339112, -78.9373886605;"{""type"": ""Point"", ""coordinates"": [-78.93738866054535, 35.04803391120611]}";Other;Fayetteville;Sidewalk / Crosswalk / Driveway Crossing;2;9;Mixed (30% To 70% Developed);Male;Light Truck (Mini-Van, Panel);0;#NULL!;0;0;Other;No;0;30-39;Motorist Drive Out - Commercial Driveway / Alley;None;No;No;Dry;0;Urban;No;03SEP2008;0;9:57;Female;No;Commercial;C: Possible Injury;Yes;O: No Injury;6074;September;0;Straight - Level;Coastal;Facing Traffic;No Control Present;Wednesday;Non-Intersection;33;0;Two-Way, Not Divided;Unknown;0;#NULL!;#NULL!;Concrete;#NULL!;Driveway, Public;Motorist Failed to Yield - Midblock;Public Vehicular Area;C: Possible Injury;Cumberland;38;Clear;#NULL!;0-5 mph;5 - 15 MPH;2008;Daylight;30-39
35.7840230802, -78.6577786148;"{""type"": ""Point"", ""coordinates"": [-78.65777861477412, 35.784023080202694]}";White;Raleigh;Sidewalk / Crosswalk / Driveway Crossing;2;20;Urban (>70% Developed);Male;Unknown;0;#NULL!;0;0;Unknown/Missing;No;0;25-29;Motorist Drive Out - Commercial Driveway / Alley;None;No;No;Dry;0;Urban;Yes;21JUL2008;0;20:00;Unknown;Missing;Commercial;B: Evident Injury;No;Unknown Injury;6075;July;0;Straight - Level;Piedmont;Facing Traffic;Missing;Monday;Non-Intersection;26;0;Two-Way, Divided, Unprotected Median;2 lanes;0;#NULL!;#NULL!;Concrete;#NULL!;Driveway, Private;Motorist Failed to Yield - Midblock;Local Street;B: Evident Injury;Wake;Unknown;Clear;#NULL!;0-5 mph;30 - 35  MPH;2008;Daylight;Unknown
35.9404171431, -77.7991663617;"{""type"": ""Point"", ""coordinates"": [-77.799166361717, 35.940417143107304]}";Black;Rocky Mount;Sidewalk / Crosswalk / Driveway Crossing;2;14;Urban (>70% Developed);Male;Sport Utility;0;#NULL!;0;0;Black;No;0;30-39;Motorist Drive Out - Sign-Controlled Intersection;None;No;No;Dry;0;Urban;No;08AUG2008;0;14:21;Female;No;Commercial;O: No Injury;No;O: No Injury;6082;August;0;Straight - Level;Coastal;Facing Traffic;Stop Sign;Friday;Intersection;30;0;One-Way, Not Divided;3 lanes;0;#NULL!;#NULL!;Coarse Asphalt;#NULL!;Driveway, Public;Motorist Failed to Yield - Sign-Controlled Intersection;Local Street;O: No Injury;Nash;51;Clear;#NULL!;0-5 mph;30 - 35  MPH;2008;Daylight;50-59
35.140436862, -80.8941032525;"{""type"": ""Point"", ""coordinates"": [-80.89410325247788, 35.1404368619801]}";White;Charlotte;Sidewalk / Crosswalk / Driveway Crossing;2;12;Urban (>70% Developed);Male;Pickup;0;#NULL!;0;0;Black;No;0;50-59;Motorist Drive Out - Sign-Controlled Intersection;None;No;No;Dry;0;Urban;No;11SEP2008;0;12:45;Female;No;Residential;C: Possible Injury;No;O: No Injury;6091;September;0;Straight - Hillcrest;Piedmont;Facing Traffic;Stop Sign;Thursday;Intersection;57;0;Two-Way, Divided, Positive Median Barrier;2 lanes;0;#NULL!;#NULL!;Smooth Asphalt;#NULL!;T-Intersection;Motorist Failed to Yield - Sign-Controlled Intersection;Local Street;C: Possible Injury;Mecklenburg;29;Cloudy;#NULL!;0-5 mph;5 - 15 MPH;2008;Daylight;25-29
35.401484929, -80.5832781734;"{""type"": ""Point"", ""coordinates"": [-80.58327817340164, 35.40148492901631]}";Black;Concord;Travel Lane;2;23;Urban (>70% Developed);Male;Pickup;0;#NULL!;0;0;Unknown/Missing;No;0;40-49;Motorist Turning Error - Right Turn;None;No;No;Dry;0;Urban;Yes;22AUG2008;0;23:07;Unknown;No;Residential;B: Evident Injury;Yes;Unknown Injury;6096;August;0;Straight - Hillcrest;Piedmont;With Traffic;Stop Sign;Friday;Intersection;48;0;Two-Way, Not Divided;2 lanes;0;#NULL!;#NULL!;Smooth Asphalt;#NULL!;T-Intersection;Loss of Control / Turning Error;Local Street;B: Evident Injury;Cabarrus;Unknown;Clear;#NULL!;6-10 mph;30 - 35  MPH;2008;Dark - Lighted Roadway;Unknown
35.3127369043, -80.7456932179;"{""type"": ""Point"", ""coordinates"": [-80.74569321788672, 35.3127369042873]}";White;Charlotte;Travel Lane;2;12;Urban (>70% Developed);Male;Light Truck (Mini-Van, Panel);0;#NULL!;0;0;White;No;0;20-24;Non-Roadway;None;No;No;Dry;0;Urban;No;15SEP2008;0;12:04;Female;No;Commercial;C: Possible Injury;No;O: No Injury;6106;September;0;Straight - Level;Piedmont;Not Applicable;No Control Present;Monday;Non-Roadway;21;0;Two-Way, Not Divided;2 lanes;0;#NULL!;#NULL!;Grooved Concrete;#NULL!;No Special Feature;Non-Roadway;Public Vehicular Area;C: Possible Injury;Mecklenburg;54;Cloudy;#NULL!;6-10 mph;Unknown;2008;Daylight;50-59
35.5879209605, -80.7977782484;"{""type"": ""Point"", ""coordinates"": [-80.79777824841749, 35.587920960457545]}";White;Mooresville;Travel Lane;2;16;Urban (>70% Developed);Male;Passenger Car;0;#NULL!;0;0;White;No;0;11-15;Non-Roadway;None;No;No;Dry;0;Urban;No;24AUG2008;0;16:50;Female;No;Commercial;B: Evident Injury;Yes;O: No Injury;6108;August;0;Straight - Grade;Piedmont;Not Applicable;No Control Present;Sunday;Non-Roadway;15;0;Two-Way, Not Divided;Unknown;0;#NULL!;#NULL!;Smooth Asphalt;#NULL!;No Special Feature;Non-Roadway;Public Vehicular Area;B: Evident Injury;Iredell;34;Clear;#NULL!;16-20 mph;30 - 35  MPH;2008;Daylight;30-39
36.2321271126, -80.3630931538;"{""type"": ""Point"", ""coordinates"": [-80.36309315375408, 36.23212711258881]}";White;Tobaccoville;Travel Lane;2;12;Mixed (30% To 70% Developed);Male;Sport Utility;0;#NULL!;0;0;White;No;0;30-39;Motorist Overtaking - Other / Unknown;None;No;No;Dry;0;Rural;No;20AUG2008;0;12:32;Male;No;Residential;K: Killed;Yes;O: No Injury;6109;August;0;Curve - Level;Piedmont;With Traffic;Double Yellow Line, No Passing Zone;Wednesday;Non-Intersection;31;0;Two-Way, Not Divided;2 lanes;0;#NULL!;#NULL!;Coarse Asphalt;#NULL!;Driveway, Private;Motorist Overtaking Bicyclist;State Secondary Route;K: Killed;Forsyth;39;Clear;#NULL!;36-40 mph;40 - 45  MPH;2008;Daylight;30-39
35.6904210191, -79.8044729558;"{""type"": ""Point"", ""coordinates"": [-79.80447295581911, 35.690421019133204]}";White;Asheboro;Other;2;13;Urban (>70% Developed);Female;Pickup;0;#NULL!;0;0;White;No;0;50-59;Motorist Drive Out - Commercial Driveway / Alley;None;Yes;Yes;Dry;0;Urban;No;25AUG2008;0;13:28;Male;No;Commercial;C: Possible Injury;Yes;O: No Injury;6110;August;0;Straight - Grade;Piedmont;Facing Traffic;No Control Present;Monday;Non-Intersection;53;0;Two-Way, Not Divided;Unknown;0;#NULL!;#NULL!;Smooth Asphalt;#NULL!;Driveway, Public;Motorist Failed to Yield - Midblock;Public Vehicular Area;C: Possible Injury;Randolph;55;Cloudy;#NULL!;0-5 mph;Unknown;2008;Daylight;50-59
35.4044110215, -77.98331239;"{""type"": ""Point"", ""coordinates"": [-77.98331239002923, 35.40441102150718]}";Black;Goldsboro;Travel Lane;2;23;Urban (>70% Developed);Male;Passenger Car;0;#NULL!;0;0;Unknown/Missing;No;0;30-39;Motorist Drive Through - Sign-Controlled Intersection;None;No;No;Dry;0;Urban;Yes;20AUG2008;0;23:26;Unknown;No;Commercial;A: Disabling Injury;Yes;Unknown Injury;6111;August;0;Straight - Level;Coastal;Facing Traffic;Stop Sign;Wednesday;Intersection;37;0;Two-Way, Divided, Unprotected Median;4 lanes;0;#NULL!;#NULL!;Coarse Asphalt;#NULL!;T-Intersection;Motorist Failed to Yield - Sign-Controlled Intersection;Local Street;A: Disabling Injury;Wayne;19;Clear;#NULL!;Unknown;30 - 35  MPH;2008;Dark - Lighted Roadway;0-19
35.238692886, -80.8003332298;"{""type"": ""Point"", ""coordinates"": [-80.80033322981552, 35.23869288604744]}";Black;Charlotte;Non-Roadway;2;16;Urban (>70% Developed);Male;Passenger Car;0;#NULL!;0;0;Hispanic;No;0;16-19;Bicyclist Ride Out - Commercial Driveway / Alley;None;No;No;Dry;0;Urban;No;17SEP2008;0;16:08;Male;No;Commercial;B: Evident Injury;Yes;O: No Injury;6118;September;0;Straight - Level;Piedmont;Not Applicable;No Control Present;Wednesday;Non-Intersection;18;0;Two-Way, Divided, Unprotected Median;4 lanes;0;#NULL!;#NULL!;Smooth Asphalt;#NULL!;No Special Feature;Bicyclist Failed to Yield - Midblock;Local Street;B: Evident Injury;Mecklenburg;21;Cloudy;#NULL!;16-20 mph;30 - 35  MPH;2008;Daylight;20-24
36.2025270571, -81.6642635421;"{""type"": ""Point"", ""coordinates"": [-81.6642635421073, 36.20252705710677]}";White;Boone;Sidewalk / Crosswalk / Driveway Crossing;2;19;Urban (>70% Developed);Female;Passenger Car;0;#NULL!;0;0;White;No;0;16-19;Motorist Drive Out - Sign-Controlled Intersection;None;No;No;Dry;0;Urban;No;28AUG2008;0;19:45;Male;No;Commercial;C: Possible Injury;Yes;O: No Injury;6124;August;0;Straight - Level;Mountains;Facing Traffic;Stop Sign;Thursday;Intersection;18;0;Two-Way, Not Divided;2 lanes;0;#NULL!;#NULL!;Smooth Asphalt;#NULL!;T-Intersection;Motorist Failed to Yield - Sign-Controlled Intersection;Local Street;C: Possible Injury;Watauga;21;Clear;#NULL!;Unknown;20 - 25  MPH;2008;Daylight;20-24
35.8536410557, -79.7471829481;"{""type"": ""Point"", ""coordinates"": [-79.74718294814775, 35.853641055737555]}";White;None - Rural Crash;Travel Lane;2;10;Mixed (30% To 70% Developed);Male;Motorcycle;0;#NULL!;0;0;White;No;0;50-59;Motorist Overtaking - Other / Unknown;None;No;No;Dry;0;Rural;No;30AUG2008;0;10:57;Male;No;Farms, Woods, Pastures;C: Possible Injury;Yes;C: Possible Injury;6125;August;0;Straight - Level;Piedmont;With Traffic;Double Yellow Line, No Passing Zone;Saturday;Non-Intersection;57;0;Two-Way, Not Divided;2 lanes;0;#NULL!;#NULL!;Coarse Asphalt;#NULL!;No Special Feature;Motorist Overtaking Bicyclist;State Secondary Route;C: Possible Injury;Randolph;41;Clear;#NULL!;16-20 mph;50 - 55  MPH;2008;Daylight;40-49
34.2396267689, -77.9044923092;"{""type"": ""Point"", ""coordinates"": [-77.90449230923643, 34.23962676889148]}";White;Wilmington;Unknown;2;15;Urban (>70% Developed);Male;Passenger Car;0;#NULL!;0;0;White;No;0;20-24;Multiple Threat - Midblock;None;No;No;Dry;0;Urban;No;29AUG2008;0;15:21;Female;No;Commercial;C: Possible Injury;No;O: No Injury;6127;August;0;Straight - Level;Coastal;Not Applicable;Missing;Friday;Non-Intersection;21;0;Two-Way, Not Divided;2 lanes;0;#NULL!;#NULL!;Coarse Asphalt;#NULL!;No Special Feature;Bicyclist Failed to Yield - Midblock;Local Street;C: Possible Injury;New Hanover;54;Clear;#NULL!;6-10 mph;30 - 35  MPH;2008;Daylight;50-59
35.2641140023, -77.6396722789;"{""type"": ""Point"", ""coordinates"": [-77.63967227893482, 35.26411400229922]}";Black;Kinston;Bike Lane / Paved Shoulder;2;5;Urban (>70% Developed);Male;Tractor/Semi-Trailer;0;#NULL!;0;0;Unknown/Missing;No;0;30-39;Motorist Overtaking - Undetected Bicyclist;None;No;No;Dry;0;Urban;Yes;22SEP2008;0;5:54;Unknown;Missing;Commercial;C: Possible Injury;Yes;Unknown Injury;6133;September;0;Straight - Level;Coastal;With Traffic;No Control Present;Monday;Non-Intersection;37;0;Two-Way, Divided, Unprotected Median;6 lanes;0;#NULL!;#NULL!;Smooth Asphalt;#NULL!;No Special Feature;Motorist Overtaking Bicyclist;US Route;C: Possible Injury;Lenoir;Unknown;Clear;#NULL!;Unknown;40 - 45  MPH;2008;Dark - Lighted Roadway;Unknown
35.6022288971, -82.5533487699;"{""type"": ""Point"", ""coordinates"": [-82.55334876986875, 35.602228897107516]}";Black;Asheville;Sidewalk / Crosswalk / Driveway Crossing;2;13;Urban (>70% Developed);Male;Passenger Car;0;#NULL!;0;0;White;No;0;40-49;Motorist Drive Out - Commercial Driveway / Alley;None;No;No;Dry;0;Urban;No;31AUG2008;0;13:37;Female;No;Commercial;C: Possible Injury;No;O: No Injury;6140;August;0;Straight - Grade;Mountains;Facing Traffic;No Control Present;Sunday;Non-Intersection;44;0;Two-Way, Divided, Positive Median Barrier;Unknown;0;#NULL!;#NULL!;Concrete;#NULL!;No Special Feature;Motorist Failed to Yield - Midblock;Public Vehicular Area;C: Possible Injury;Buncombe;61;Clear;#NULL!;0-5 mph;5 - 15 MPH;2008;Daylight;60-69
35.935097099, -79.0294127358;"{""type"": ""Point"", ""coordinates"": [-79.0294127357993, 35.93509709903247]}";Black;Chapel Hill;Sidewalk / Crosswalk / Driveway Crossing;2;17;Urban (>70% Developed);Male;Passenger Car;0;#NULL!;0;0;White;No;0;11-15;Bicyclist Failed to Clear - Trapped;None;No;No;Dry;0;Urban;No;03SEP2008;0;17:16;Female;No;Commercial;C: Possible Injury;Yes;O: No Injury;6143;September;0;Straight - Level;Piedmont;With Traffic;Stop And Go Signal;Wednesday;Intersection;12;0;Two-Way, Divided, Unprotected Median;4 lanes;0;#NULL!;#NULL!;Smooth Asphalt;#NULL!;Four-Way Intersection;Bicyclist Failed to Yield - Signalized Intersection;Local Street;C: Possible Injury;Orange;22;Clear;#NULL!;0-5 mph;30 - 35  MPH;2008;Daylight;20-24
35.9336201037, -78.8882426924;"{""type"": ""Point"", ""coordinates"": [-78.88824269243119, 35.93362010372539]}";White;Durham;Bike Lane / Paved Shoulder;2;8;Urban (>70% Developed);Male;Sport Utility;0;#NULL!;0;0;Black;No;0;40-49;Motorist Right Turn - Same Direction;None;No;No;Dry;0;Urban;No;15SEP2008;0;8:14;Female;No;Commercial;B: Evident Injury;Yes;O: No Injury;6146;September;0;Straight - Level;Piedmont;With Traffic;Stop And Go Signal;Monday;Intersection;47;0;Two-Way, Not Divided;3 lanes;0;#NULL!;#NULL!;Smooth Asphalt;#NULL!;No Special Feature;Motorist Right Turn / Merge;Local Street;B: Evident Injury;Durham;32;Clear;#NULL!;0-5 mph;40 - 45  MPH;2008;Daylight;30-39
35.2285038821, -80.8435132423;"{""type"": ""Point"", ""coordinates"": [-80.84351324227256, 35.228503882062746]}";White;Charlotte;Sidewalk / Crosswalk / Driveway Crossing;2;14;Urban (>70% Developed);Female;Passenger Car;0;#NULL!;0;0;White;No;0;25-29;Motorist Drive Out - Commercial Driveway / Alley;None;No;No;Dry;0;Urban;No;10AUG2008;0;14:36;Female;No;Commercial;B: Evident Injury;No;O: No Injury;6147;August;0;Straight - Hillcrest;Piedmont;With Traffic;Stop Sign;Sunday;Non-Intersection;25;0;One-Way, Not Divided;3 lanes;0;#NULL!;#NULL!;Smooth Asphalt;#NULL!;Driveway, Public;Motorist Failed to Yield - Midblock;Local Street;B: Evident Injury;Mecklenburg;22;Clear;#NULL!;6-10 mph;20 - 25  MPH;2008;Daylight;20-24
35.0362729149, -78.7710326104;"{""type"": ""Point"", ""coordinates"": [-78.77103261040834, 35.03627291493116]}";White;None - Rural Crash;Bike Lane / Paved Shoulder;2;23;Mixed (30% To 70% Developed);Male;Motorcycle;0;#NULL!;0;0;White;No;0;50-59;Bicyclist Ride Out - Parallel Path;None;No;No;Dry;0;Rural;No;12SEP2008;0;23:20;Male;No;Residential;B: Evident Injury;Yes;B: Evident Injury;6172;September;0;Straight - Level;Coastal;With Traffic;Double Yellow Line, No Passing Zone;Friday;Non-Intersection;51;0;Two-Way, Not Divided;2 lanes;0;#NULL!;#NULL!;Smooth Asphalt;#NULL!;No Special Feature;Parallel Paths - Other Circumstances;State Secondary Route;B: Evident Injury;Cumberland;51;Clear;#NULL!;31-35 mph;30 - 35  MPH;2008;Dark - Roadway Not Lighted;50-59
34.207751765, -77.7964272753;"{""type"": ""Point"", ""coordinates"": [-77.79642727527416, 34.2077517650145]}";White;Wrightsville Beach;Travel Lane;2;18;Urban (>70% Developed);Male;Passenger Car;0;#NULL!;0;0;White;No;0;40-49;Motorist Left Turn - Opposite Direction;None;No;No;Dry;0;Rural;No;12SEP2008;0;18:58;Female;No;Commercial;B: Evident Injury;Yes;O: No Injury;6174;September;0;Straight - Level;Coastal;With Traffic;Missing;Friday;Non-Intersection;46;0;Two-Way, Not Divided;4 lanes;0;#NULL!;#NULL!;Smooth Asphalt;#NULL!;No Special Feature;Motorist Left Turn / Merge;Local Street;B: Evident Injury;New Hanover;16;Clear;#NULL!;6-10 mph;30 - 35  MPH;2008;Daylight;0-19
35.7773430197, -80.2823731045;"{""type"": ""Point"", ""coordinates"": [-80.28237310445246, 35.77734301967191]}";Black;Lexington;Travel Lane;2;19;Mixed (30% To 70% Developed);Male;Passenger Car;0;#NULL!;0;0;Black;No;0;50-59;Motorist Overtaking - Undetected Bicyclist;None;No;No;Dry;0;Urban;No;13SEP2008;0;19:02;Female;No;Residential;B: Evident Injury;Yes;O: No Injury;6175;September;0;Straight - Level;Piedmont;With Traffic;No Control Present;Saturday;Non-Intersection;51;0;Two-Way, Not Divided;2 lanes;0;#NULL!;#NULL!;Coarse Asphalt;#NULL!;No Special Feature;Motorist Overtaking Bicyclist;Local Street;B: Evident Injury;Davidson;23;Clear;#NULL!;31-35 mph;30 - 35  MPH;2008;Dusk;20-24
35.8440850929, -78.6438026135;"{""type"": ""Point"", ""coordinates"": [-78.64380261352755, 35.84408509293311]}";Black;Raleigh;Non-Roadway;2;7;Urban (>70% Developed);Male;Sport Utility;0;#NULL!;0;0;White;No;0;11-15;Bicyclist Ride Out - Other Midblock;None;No;No;Dry;0;Urban;No;08MAY2008;0;7:46;Female;No;Commercial;B: Evident Injury;Yes;O: No Injury;6177;May;0;Straight - Level;Piedmont;Not Applicable;Stop And Go Signal;Thursday;Non-Intersection;12;0;Two-Way, Divided, Unprotected Median;2 lanes;0;#NULL!;#NULL!;Smooth Asphalt;#NULL!;T-Intersection;Bicyclist Failed to Yield - Midblock;Local Street;B: Evident Injury;Wake;37;Cloudy;#NULL!;11-15 mph;30 - 35  MPH;2008;Daylight;30-39