Geo Point;Geo Shape;BikeRace;City;BikePos;NumUnits;CrashHour;Locality;BikeSex;DrvrVehTyp;NumBikesNo;BikeAlcDrg;NumBikesBI;RteInvdCd;DrvrRace;Workzone;NumBikesCi;BikeAgeGrp;CrashType;RdDefects;CrashAlcoh;BikeAlcoho;RdConditio;DstncMiFrm;RuralUrban;HitRun;CrashDate;NumBikesUI;CrashTime;DrvrSex;DrvrAlcoho;Developmen;CrashSevr;AmbulanceR;DrvrInjury;OBJECTID;CrashMonth;NumBikesKi;RdCharacte;Region;BikeDir;TraffCntrl;CrashDay;CrashLoc;BikeAge;NumBikesTo;RdConfig;NumLanes;NumBikesAI;DrvrAlcDrg;OnRoad;RdSurface;Towrd_Rd;RdFeature;CrashGrp;RdClass;BikeInjury;County;DrvrAge;Weather;FrmRd;DrvrEstSpd;SpeedLimit;CrashYear;LightCond;DrvrAgeGrp
36.2965271593, -79.4862628937;"{""type"": ""Point"", ""coordinates"": [-79.48626289367381, 36.29652715928307]}";White;None - Rural Crash;Travel Lane;2;6;Rural (<30% Developed);Male;Pickup;0;#NULL!;0;0;White;No;0;50-59;Head-On - Bicyclist;None;No;No;Dry;0;Rural;No;20SEP2008;0;6:55;Female;No;Farms, Woods, Pastures;K: Killed;Yes;O: No Injury;6185;September;0;Straight - Level;Piedmont;Facing Traffic;Double Yellow Line, No Passing Zone;Saturday;Non-Intersection;55;0;Two-Way, Not Divided;2 lanes;0;#NULL!;#NULL!;Smooth Asphalt;#NULL!;No Special Feature;Head-On;State Secondary Route;K: Killed;Caswell;31;Clear;#NULL!;46-50 mph;50 - 55  MPH;2008;Dark - Roadway Not Lighted;30-39
35.7690869963, -80.8817532839;"{""type"": ""Point"", ""coordinates"": [-80.88175328385945, 35.76908699627337]}";Black;Statesville;Travel Lane;2;16;Urban (>70% Developed);Female;Pedalcycle;0;#NULL!;0;0;Hispanic;No;0;40-49;Bicyclist Ride Through - Sign-Controlled Intersection;None;No;No;Dry;0;Urban;No;20SEP2008;0;16:15;Male;No;Residential;B: Evident Injury;Yes;B: Evident Injury;6186;September;0;Straight - Hillcrest;Piedmont;With Traffic;Stop Sign;Saturday;Intersection;48;0;Two-Way, Not Divided;2 lanes;0;#NULL!;#NULL!;Coarse Asphalt;#NULL!;No Special Feature;Bicyclist Failed to Yield - Sign-Controlled Intersection;Local Street;O: No Injury;Iredell;20;Clear;#NULL!;Unknown;Unknown;2008;Daylight;20-24
36.3651501664, -79.6726489536;"{""type"": ""Point"", ""coordinates"": [-79.67264895356588, 36.36515016637117]}";Black;Reidsville;Travel Lane;2;18;Urban (>70% Developed);Male;Passenger Car;0;#NULL!;0;0;White;No;0;40-49;Backing Vehicle;None;No;No;Dry;0;Urban;No;04SEP2008;0;18:03;Male;No;Residential;B: Evident Injury;Yes;O: No Injury;6189;September;0;Straight - Hillcrest;Piedmont;With Traffic;Stop Sign;Thursday;Intersection-Related;45;0;Two-Way, Not Divided;2 lanes;0;#NULL!;#NULL!;Smooth Asphalt;#NULL!;T-Intersection;Backing Vehicle;Local Street;B: Evident Injury;Rockingham;31;Clear;#NULL!;0-5 mph;5 - 15 MPH;2008;Daylight;30-39
34.748324897, -77.4142481854;"{""type"": ""Point"", ""coordinates"": [-77.41424818535003, 34.74832489702297]}";White;Jacksonville;Bike Lane / Paved Shoulder;2;12;Urban (>70% Developed);Male;Pedalcycle;0;#NULL!;0;0;Black;No;0;30-39;Motorist Drive Out - Commercial Driveway / Alley;None;No;No;Dry;0;Urban;No;17SEP2008;0;12:56;Female;No;Commercial;C: Possible Injury;No;O: No Injury;6192;September;0;Straight - Grade;Coastal;Facing Traffic;Missing;Wednesday;Non-Intersection;30;0;Two-Way, Divided, Unprotected Median;6 lanes;0;#NULL!;#NULL!;Smooth Asphalt;#NULL!;No Special Feature;Motorist Failed to Yield - Midblock;NC Route;C: Possible Injury;Onslow;50;Cloudy;#NULL!;Unknown;Unknown;2008;Daylight;50-59
35.5777468909, -82.59275378;"{""type"": ""Point"", ""coordinates"": [-82.59275378002125, 35.57774689089043]}";Black;Asheville;Travel Lane;2;14;Urban (>70% Developed);Male;Passenger Car;0;#NULL!;0;0;White;No;0;40-49;Motorist Drive Out - Right Turn on Red;None;No;No;Dry;0;Urban;No;05SEP2008;0;14:50;Male;No;Commercial;C: Possible Injury;Yes;O: No Injury;6194;September;0;Straight - Level;Mountains;Facing Traffic;Stop And Go Signal;Friday;Intersection;40;0;Two-Way, Not Divided;3 lanes;0;#NULL!;#NULL!;Smooth Asphalt;#NULL!;Four-Way Intersection;Motorist Failed to Yield - Signalized Intersection;Local Street;C: Possible Injury;Buncombe;69;Clear;#NULL!;0-5 mph;20 - 25  MPH;2008;Daylight;60-69
35.2959369007, -80.7331132133;"{""type"": ""Point"", ""coordinates"": [-80.733113213258, 35.295936900689256]}";White;Charlotte;Travel Lane;2;11;Urban (>70% Developed);Female;Pickup;0;#NULL!;0;0;White;No;0;30-39;Motorist Drive Through - Sign-Controlled Intersection;None;No;No;Dry;0;Urban;No;11OCT2008;0;11:13;Male;No;Residential;C: Possible Injury;Yes;O: No Injury;6208;October;0;Straight - Level;Piedmont;With Traffic;Stop Sign;Saturday;Intersection;38;0;Two-Way, Not Divided;2 lanes;0;#NULL!;#NULL!;Concrete;#NULL!;No Special Feature;Motorist Failed to Yield - Sign-Controlled Intersection;Local Street;C: Possible Injury;Mecklenburg;51;Clear;#NULL!;6-10 mph;20 - 25  MPH;2008;Daylight;50-59
35.4671669425, -80.589093179;"{""type"": ""Point"", ""coordinates"": [-80.58909317903876, 35.46716694250482]}";Black;Kannapolis;Travel Lane;2;16;Urban (>70% Developed);Male;Pickup;0;#NULL!;0;0;White;No;0;40-49;Motorist Left Turn - Same Direction;None;Yes;Yes;Dry;0;Urban;No;03OCT2008;0;16:13;Male;No;Commercial;O: No Injury;No;O: No Injury;6214;October;0;Straight - Level;Piedmont;Facing Traffic;No Control Present;Friday;Non-Intersection;47;0;Two-Way, Not Divided;4 lanes;0;#NULL!;#NULL!;Smooth Asphalt;#NULL!;No Special Feature;Motorist Left Turn / Merge;Local Street;O: No Injury;Cabarrus;51;Clear;#NULL!;6-10 mph;40 - 45  MPH;2008;Daylight;50-59
35.8000870032, -80.8651632807;"{""type"": ""Point"", ""coordinates"": [-80.86516328070975, 35.8000870031787]}";Black;Statesville;Travel Lane;2;20;Urban (>70% Developed);Male;Van;0;#NULL!;0;0;White;No;0;16-19;Motorist Overtaking - Undetected Bicyclist;None;No;No;Dry;0;Urban;No;04OCT2008;0;20:03;Male;No;Institutional;C: Possible Injury;No;O: No Injury;6216;October;0;Straight - Level;Piedmont;With Traffic;No Control Present;Saturday;Non-Intersection;16;0;Two-Way, Not Divided;2 lanes;0;#NULL!;#NULL!;Smooth Asphalt;#NULL!;No Special Feature;Motorist Overtaking Bicyclist;Local Street;C: Possible Injury;Iredell;65;Clear;#NULL!;26-30 mph;30 - 35  MPH;2008;Dark - Lighted Roadway;60-69
35.6357529808, -80.5154831669;"{""type"": ""Point"", ""coordinates"": [-80.51548316690749, 35.63575298083615]}";White;Salisbury;Travel Lane;2;18;Mixed (30% To 70% Developed);Male;Pickup;0;#NULL!;0;0;White;No;0;40-49;Head-On - Bicyclist;None;No;No;Dry;0;Urban;No;13OCT2008;0;18:46;Male;No;Commercial;K: Killed;Yes;O: No Injury;6218;October;0;Straight - Level;Piedmont;Facing Traffic;No Control Present;Monday;Non-Intersection;47;0;Two-Way, Not Divided;5 lanes;0;#NULL!;#NULL!;Coarse Asphalt;#NULL!;No Special Feature;Head-On;US Route;K: Killed;Rowan;20;Clear;#NULL!;46-50 mph;50 - 55  MPH;2008;Daylight;20-24
35.3841770185, -77.9271023719;"{""type"": ""Point"", ""coordinates"": [-77.92710237194902, 35.38417701851563]}";Black;Goldsboro;Travel Lane;2;20;Urban (>70% Developed);Male;Pickup;0;#NULL!;0;0;White;No;0;16-19;Motorist Drive Out - Sign-Controlled Intersection;None;No;No;Dry;0;Urban;No;01OCT2008;0;20:00;Male;No;Residential;C: Possible Injury;No;O: No Injury;6224;October;0;Straight - Level;Coastal;Facing Traffic;Stop Sign;Wednesday;Intersection;16;0;Two-Way, Not Divided;3 lanes;0;#NULL!;#NULL!;Coarse Asphalt;#NULL!;T-Intersection;Motorist Failed to Yield - Sign-Controlled Intersection;Local Street;C: Possible Injury;Wayne;24;Clear;#NULL!;6-10 mph;40 - 45  MPH;2008;Dark - Lighted Roadway;20-24
35.2297318798, -80.9231632662;"{""type"": ""Point"", ""coordinates"": [-80.92316326619235, 35.22973187984294]}";Black;Charlotte;Non-Roadway;2;17;Urban (>70% Developed);Male;Passenger Car;0;#NULL!;0;0;White;No;0;50-59;Non-Roadway;None;No;No;Dry;0;Urban;No;15OCT2008;0;17:24;Female;No;Commercial;C: Possible Injury;No;O: No Injury;6233;October;0;Curve - Level;Piedmont;Not Applicable;No Control Present;Wednesday;Non-Roadway;52;0;One-Way, Not Divided;1 lane;0;#NULL!;#NULL!;Smooth Asphalt;#NULL!;No Special Feature;Non-Roadway;Public Vehicular Area;C: Possible Injury;Mecklenburg;42;Clear;#NULL!;Unknown;Unknown;2008;Daylight;40-49
35.9818721143, -78.877972692;"{""type"": ""Point"", ""coordinates"": [-78.87797269204589, 35.98187211429363]}";Black;Durham;Travel Lane;2;20;Urban (>70% Developed);Male;Passenger Car;0;#NULL!;0;0;Black;No;0;40-49;Parallel Paths - Other / Unknown;None;No;No;Wet;0;Urban;No;17OCT2008;0;20:28;Female;No;Commercial;O: No Injury;No;O: No Injury;6235;October;0;Straight - Level;Piedmont;With Traffic;Stop And Go Signal;Friday;Intersection-Related;40;0;Two-Way, Not Divided;2 lanes;0;#NULL!;#NULL!;Smooth Asphalt;#NULL!;No Special Feature;Parallel Paths - Other Circumstances;Local Street;O: No Injury;Durham;33;Rain;#NULL!;11-15 mph;30 - 35  MPH;2008;Dark - Lighted Roadway;30-39
36.2136150586, -81.6821935484;"{""type"": ""Point"", ""coordinates"": [-81.68219354840699, 36.21361505856068]}";White;Boone;Travel Lane;2;14;Urban (>70% Developed);Male;Passenger Car;0;#NULL!;0;0;Asian;No;0;20-24;Motorist Right Turn - Same Direction;None;No;No;Dry;0;Urban;No;11OCT2008;0;14:35;Female;No;Institutional;C: Possible Injury;No;O: No Injury;6237;October;0;Straight - Bottom;Mountains;With Traffic;Stop And Go Signal;Saturday;Intersection;24;0;Two-Way, Not Divided;4 lanes;0;#NULL!;#NULL!;Smooth Asphalt;#NULL!;T-Intersection;Motorist Right Turn / Merge;Local Street;C: Possible Injury;Watauga;19;Clear;#NULL!;0-5 mph;20 - 25  MPH;2008;Daylight;0-19
35.2146668789, -80.8570132449;"{""type"": ""Point"", ""coordinates"": [-80.85701324490655, 35.21466687885433]}";Black;Charlotte;Travel Lane;2;16;Urban (>70% Developed);Male;Passenger Car;0;#NULL!;0;0;White;No;0;40-49;Sign-Controlled Intersection - Other / Unknown;None;No;No;Dry;0;Urban;No;07OCT2008;0;16:00;Female;No;Commercial;C: Possible Injury;Yes;O: No Injury;6241;October;0;Straight - Level;Piedmont;With Traffic;Stop Sign;Tuesday;Intersection;47;0;Two-Way, Not Divided;2 lanes;0;#NULL!;#NULL!;Smooth Asphalt;#NULL!;No Special Feature;Crossing Paths - Other Circumstances;Local Street;C: Possible Injury;Mecklenburg;22;Clear;#NULL!;16-20 mph;30 - 35  MPH;2008;Daylight;20-24
36.2136970587, -81.6823035475;"{""type"": ""Point"", ""coordinates"": [-81.68230354752141, 36.21369705866742]}";White;Boone;Sidewalk / Crosswalk / Driveway Crossing;2;10;Urban (>70% Developed);Male;Sport Utility;0;#NULL!;0;0;White;No;0;16-19;Motorist Left Turn - Opposite Direction;None;No;No;Dry;0;Urban;No;23OCT2008;0;10:56;Male;No;Institutional;C: Possible Injury;Yes;O: No Injury;6247;October;0;Straight - Grade;Mountains;With Traffic;Stop And Go Signal;Thursday;Intersection;18;0;Two-Way, Not Divided;3 lanes;0;#NULL!;#NULL!;Smooth Asphalt;#NULL!;T-Intersection;Motorist Left Turn / Merge;Local Street;C: Possible Injury;Watauga;19;Clear;#NULL!;0-5 mph;20 - 25  MPH;2008;Daylight;0-19
35.7280720939, -77.9200083882;"{""type"": ""Point"", ""coordinates"": [-77.92000838822594, 35.72807209388112]}";Black;Wilson;Travel Lane;2;20;Urban (>70% Developed);Female;Sport Utility;0;#NULL!;0;0;Black;No;0;Unknown;Sign-Controlled Intersection - Other / Unknown;None;No;No;Dry;0;Urban;No;02OCT2008;0;20:40;Male;No;Residential;C: Possible Injury;Yes;O: No Injury;6251;October;0;Straight - Hillcrest;Coastal;With Traffic;Stop Sign;Thursday;Intersection;Unknown;0;Two-Way, Divided, Unprotected Median;3 lanes;0;#NULL!;#NULL!;Coarse Asphalt;#NULL!;No Special Feature;Crossing Paths - Other Circumstances;Local Street;C: Possible Injury;Wilson;57;Clear;#NULL!;21-25 mph;40 - 45  MPH;2008;Dusk;50-59
35.5976099622, -80.8087832516;"{""type"": ""Point"", ""coordinates"": [-80.80878325155763, 35.597609962225214]}";Black;Mooresville;Bike Lane / Paved Shoulder;2;16;Urban (>70% Developed);Male;Passenger Car;0;#NULL!;0;0;White;No;0;16-19;Motorist Drive Out - Sign-Controlled Intersection;None;No;No;Dry;0;Urban;No;02OCT2008;0;16:50;Female;No;Commercial;C: Possible Injury;Yes;O: No Injury;6259;October;0;Straight - Bottom;Piedmont;Facing Traffic;Stop Sign;Thursday;Intersection;17;0;Two-Way, Not Divided;2 lanes;0;#NULL!;#NULL!;Smooth Asphalt;#NULL!;T-Intersection;Motorist Failed to Yield - Sign-Controlled Intersection;Local Street;C: Possible Injury;Iredell;40;Clear;#NULL!;Unknown;30 - 35  MPH;2008;Daylight;40-49
35.1330938638, -80.8032232249;"{""type"": ""Point"", ""coordinates"": [-80.80322322492506, 35.133093863752656]}";White;Charlotte;Travel Lane;2;14;Urban (>70% Developed);Male;Sport Utility;0;#NULL!;0;0;White;No;0;60-69;Motorist Turning Error - Left Turn;None;No;No;Dry;0;Urban;No;01NOV2008;0;14:35;Male;No;Residential;B: Evident Injury;Yes;O: No Injury;6264;November;0;Straight - Grade;Piedmont;With Traffic;Stop Sign;Saturday;Intersection;69;0;Two-Way, Not Divided;2 lanes;0;#NULL!;#NULL!;Smooth Asphalt;#NULL!;T-Intersection;Loss of Control / Turning Error;Local Street;B: Evident Injury;Mecklenburg;17;Clear;#NULL!;21-25 mph;20 - 25  MPH;2008;Daylight;0-19
35.7887570817, -78.6448726114;"{""type"": ""Point"", ""coordinates"": [-78.64487261143016, 35.788757081698506]}";Black;Raleigh;Sidewalk / Crosswalk / Driveway Crossing;2;11;Urban (>70% Developed);Male;Sport Utility;0;#NULL!;0;0;White;No;0;30-39;Motorist Drive Out - Commercial Driveway / Alley;None;No;No;Dry;0;Urban;No;25AUG2008;0;11:06;Male;No;Commercial;C: Possible Injury;Yes;O: No Injury;6265;August;0;Straight - Level;Piedmont;Facing Traffic;Missing;Monday;Non-Intersection;39;0;Two-Way, Not Divided;2 lanes;0;#NULL!;#NULL!;Smooth Asphalt;#NULL!;Driveway, Public;Motorist Failed to Yield - Midblock;Local Street;C: Possible Injury;Wake;46;Clear;#NULL!;Unknown;5 - 15 MPH;2008;Daylight;40-49
35.7035270209, -79.8170829608;"{""type"": ""Point"", ""coordinates"": [-79.8170829608419, 35.70352702088205]}";Black;Asheboro;Sidewalk / Crosswalk / Driveway Crossing;2;7;Urban (>70% Developed);Male;Passenger Car;0;#NULL!;0;0;White;No;0;30-39;Motorist Drive Out - Sign-Controlled Intersection;None;No;No;Dry;0;Urban;No;08OCT2008;0;7:55;Female;No;Commercial;C: Possible Injury;Yes;O: No Injury;6268;October;0;Straight - Level;Piedmont;Facing Traffic;Stop Sign;Wednesday;Intersection;37;0;Two-Way, Not Divided;2 lanes;0;#NULL!;#NULL!;Smooth Asphalt;#NULL!;T-Intersection;Motorist Failed to Yield - Sign-Controlled Intersection;State Secondary Route;C: Possible Injury;Randolph;39;Clear;#NULL!;Unknown;30 - 35  MPH;2008;Daylight;30-39
35.1444620036, -76.8076820192;"{""type"": ""Point"", ""coordinates"": [-76.80768201921991, 35.144462003640484]}";White;Alliance;Bike Lane / Paved Shoulder;2;20;Mixed (30% To 70% Developed);Male;Passenger Car;0;#NULL!;0;0;Black;Yes;0;11-15;Bicyclist Ride Out - Parallel Path;None;No;No;Dry;0;Rural;No;25OCT2008;0;20:50;Male;No;Commercial;B: Evident Injury;Yes;O: No Injury;6287;October;0;Straight - Level;Coastal;With Traffic;Missing;Saturday;Non-Intersection;15;0;Two-Way, Not Divided;2 lanes;0;#NULL!;#NULL!;Smooth Asphalt;#NULL!;No Special Feature;Parallel Paths - Other Circumstances;NC Route;B: Evident Injury;Pamlico;27;Cloudy;#NULL!;41-45 mph;40 - 45  MPH;2008;Daylight;25-29
34.1664067506, -77.9417673169;"{""type"": ""Point"", ""coordinates"": [-77.94176731689255, 34.166406750564306]}";White;Wilmington;Non-Roadway;2;6;Urban (>70% Developed);Male;Passenger Car;0;#NULL!;0;0;Black;No;0;70+;Non-Roadway;None;No;No;Dry;0;Urban;No;21OCT2008;0;6:51;Male;No;Commercial;B: Evident Injury;Yes;O: No Injury;6295;October;0;Curve - Level;Coastal;Not Applicable;No Control Present;Tuesday;Non-Roadway;70+;0;Two-Way, Not Divided;2 lanes;0;#NULL!;#NULL!;Coarse Asphalt;#NULL!;T-Intersection;Non-Roadway;Private Road, Driveway;B: Evident Injury;New Hanover;44;Clear;#NULL!;6-10 mph;Unknown;2008;Dark - Lighted Roadway;40-49
34.5818468063, -79.0470726702;"{""type"": ""Point"", ""coordinates"": [-79.04707267017496, 34.58184680631858]}";Black;Lumberton;Travel Lane;2;19;Urban (>70% Developed);Male;Passenger Car;0;#NULL!;0;0;Black;No;0;50-59;Motorist Overtaking - Undetected Bicyclist;None;Yes;Yes;Dry;0;Urban;No;26OCT2008;0;19:01;Male;No;Farms, Woods, Pastures;C: Possible Injury;Yes;O: No Injury;6299;October;0;Straight - Level;Coastal;With Traffic;No Control Present;Sunday;Non-Intersection;51;0;Two-Way, Divided, Unprotected Median;2 lanes;0;#NULL!;#NULL!;Smooth Asphalt;#NULL!;No Special Feature;Motorist Overtaking Bicyclist;Local Street;C: Possible Injury;Robeson;54;Clear;#NULL!;36-40 mph;40 - 45  MPH;2008;Dark - Unknown Lighting;50-59
36.333225248, -77.2107122034;"{""type"": ""Point"", ""coordinates"": [-77.21071220339071, 36.333225248022934]}";Black;Woodland;Travel Lane;2;8;Urban (>70% Developed);Male;Passenger Car;0;#NULL!;0;0;Black;No;0;60-69;Motorist Drive Out - Sign-Controlled Intersection;None;No;No;Dry;0;Rural;No;27OCT2008;0;8:30;Male;No;Residential;B: Evident Injury;Yes;O: No Injury;6301;October;0;Straight - Level;Coastal;With Traffic;Stop And Go Signal;Monday;Intersection;60;0;Two-Way, Not Divided;2 lanes;0;#NULL!;#NULL!;Smooth Asphalt;#NULL!;T-Intersection;Motorist Failed to Yield - Sign-Controlled Intersection;US Route;B: Evident Injury;Northampton;42;Clear;#NULL!;0-5 mph;20 - 25  MPH;2008;Daylight;40-49
35.1999847631, -83.8360101233;"{""type"": ""Point"", ""coordinates"": [-83.83601012329885, 35.19998476313982]}";Hispanic;Andrews;Non-Roadway;2;16;Urban (>70% Developed);Male;Light Truck (Mini-Van, Panel);0;#NULL!;0;0;White;No;0;6-10;Bicyclist Ride Out - Commercial Driveway / Alley;None;No;No;Dry;0;Rural;No;27OCT2008;0;16:22;Female;No;Residential;O: No Injury;No;O: No Injury;6307;October;0;Straight - Level;Mountains;Not Applicable;Missing;Monday;Non-Intersection;8;0;Two-Way, Not Divided;2 lanes;0;#NULL!;#NULL!;Smooth Asphalt;#NULL!;No Special Feature;Bicyclist Failed to Yield - Midblock;Local Street;Unknown Injury;Cherokee;28;Clear;#NULL!;26-30 mph;30 - 35  MPH;2008;Daylight;25-29
35.4683568518, -83.0046438951;"{""type"": ""Point"", ""coordinates"": [-83.00464389509315, 35.468356851844305]}";White;Waynesville;Travel Lane;2;20;Urban (>70% Developed);Male;Passenger Car;0;#NULL!;0;0;White;No;0;11-15;Motorist Left Turn - Opposite Direction;Other;No;No;Dry;0;Urban;No;02OCT2008;0;20:10;Male;No;Commercial;C: Possible Injury;Yes;O: No Injury;6308;October;0;Straight - Level;Mountains;With Traffic;No Control Present;Thursday;Non-Intersection;14;0;One-Way, Not Divided;2 lanes;0;#NULL!;#NULL!;Smooth Asphalt;#NULL!;Driveway, Public;Motorist Left Turn / Merge;Local Street;C: Possible Injury;Haywood;46;Clear;#NULL!;21-25 mph;30 - 35  MPH;2008;Dark - Lighted Roadway;40-49
36.1173771082, -79.8463029927;"{""type"": ""Point"", ""coordinates"": [-79.84630299269723, 36.11737710824175]}";White;Greensboro;Bike Lane / Paved Shoulder;2;17;Urban (>70% Developed);Male;Passenger Car;0;#NULL!;0;0;Other;No;0;50-59;Motorist Left Turn - Opposite Direction;None;No;No;Dry;0;Urban;No;13OCT2008;0;17:33;Male;No;Residential;B: Evident Injury;Yes;O: No Injury;6309;October;0;Straight - Level;Piedmont;With Traffic;No Control Present;Monday;Intersection;56;0;Two-Way, Not Divided;4 lanes;0;#NULL!;#NULL!;Smooth Asphalt;#NULL!;Four-Way Intersection;Motorist Left Turn / Merge;Local Street;B: Evident Injury;Guilford;46;Clear;#NULL!;6-10 mph;30 - 35  MPH;2008;Daylight;40-49
36.1820971991, -77.6786373375;"{""type"": ""Point"", ""coordinates"": [-77.67863733753856, 36.18209719905369]}";Black;Enfield;Travel Lane;2;19;Mixed (30% To 70% Developed);Male;Pedalcycle;0;#NULL!;0;0;Black;No;0;60-69;Motorist Overtaking - Bicyclist Swerved;None;No;No;Dry;0;Rural;No;07NOV2008;0;19:01;Male;No;Residential;C: Possible Injury;Yes;O: No Injury;6322;November;0;Straight - Level;Coastal;With Traffic;No Control Present;Friday;Non-Intersection;65;0;Two-Way, Not Divided;2 lanes;0;#NULL!;#NULL!;Smooth Asphalt;#NULL!;No Special Feature;Motorist Overtaking Bicyclist;Local Street;C: Possible Injury;Halifax;57;Clear;#NULL!;Unknown;Unknown;2008;Dark - Lighted Roadway;50-59
34.3198347555, -78.8264825915;"{""type"": ""Point"", ""coordinates"": [-78.82648259154902, 34.31983475548043]}";Black;Chadbourn;Travel Lane;2;16;Mixed (30% To 70% Developed);Male;Pickup;0;#NULL!;0;0;White;No;0;50-59;Head-On - Bicyclist;None;Yes;Yes;Dry;0;Rural;No;23OCT2008;0;16:31;Male;No;Residential;B: Evident Injury;Yes;O: No Injury;6349;October;0;Straight - Level;Coastal;Facing Traffic;Stop Sign;Thursday;Intersection;54;0;Two-Way, Not Divided;3 lanes;0;#NULL!;#NULL!;Smooth Asphalt;#NULL!;Four-Way Intersection;Head-On;Local Street;B: Evident Injury;Columbus;33;Clear;#NULL!;26-30 mph;30 - 35  MPH;2008;Daylight;30-39
35.9904021159, -78.8805926938;"{""type"": ""Point"", ""coordinates"": [-78.88059269376264, 35.99040211586801]}";Black;Durham;Travel Lane;2;16;Urban (>70% Developed);Male;Unknown;0;#NULL!;0;0;Unknown/Missing;No;0;20-24;Bicyclist Ride Out - Sign-Controlled Intersection;None;No;No;Dry;0;Urban;Yes;30SEP2008;0;16:07;Unknown;Missing;Residential;B: Evident Injury;Yes;Unknown Injury;6350;September;0;Straight - Level;Piedmont;With Traffic;Stop Sign;Tuesday;Intersection;22;0;Two-Way, Not Divided;2 lanes;0;#NULL!;#NULL!;Smooth Asphalt;#NULL!;Four-Way Intersection;Bicyclist Failed to Yield - Sign-Controlled Intersection;Local Street;B: Evident Injury;Durham;Unknown;Clear;#NULL!;11-15 mph;20 - 25  MPH;2008;Daylight;Unknown
36.1156371078, -79.8415529903;"{""type"": ""Point"", ""coordinates"": [-79.84155299029197, 36.11563710782461]}";White;Greensboro;Unknown;2;13;Urban (>70% Developed);Female;Sport Utility;0;#NULL!;0;0;White;No;0;16-19;Motorist Overtaking - Other / Unknown;None;No;No;Dry;0;Urban;No;05SEP2008;0;13:03;Female;No;Residential;B: Evident Injury;No;O: No Injury;6354;September;0;Straight - Level;Piedmont;With Traffic;No Control Present;Friday;Non-Intersection;18;0;Two-Way, Not Divided;2 lanes;0;#NULL!;#NULL!;Smooth Asphalt;#NULL!;No Special Feature;Motorist Overtaking Bicyclist;Local Street;B: Evident Injury;Guilford;43;Cloudy;#NULL!;Unknown;20 - 25  MPH;2008;Daylight;40-49
35.5053250311, -78.3460875057;"{""type"": ""Point"", ""coordinates"": [-78.34608750573263, 35.50532503105172]}";Hispanic;Smithfield;Travel Lane;2;23;Urban (>70% Developed);Male;Passenger Car;0;#NULL!;0;0;Black;No;0;40-49;Bicyclist Ride Through - Sign-Controlled Intersection;None;Yes;Yes;Wet;0;Urban;No;14NOV2008;0;23:45;Male;No;Residential;B: Evident Injury;Yes;O: No Injury;6365;November;0;Straight - Level;Coastal;Facing Traffic;Stop Sign;Friday;Intersection;46;0;Two-Way, Not Divided;2 lanes;0;#NULL!;#NULL!;Coarse Asphalt;#NULL!;Four-Way Intersection;Bicyclist Failed to Yield - Sign-Controlled Intersection;Local Street;B: Evident Injury;Johnston;22;Cloudy;#NULL!;21-25 mph;20 - 25  MPH;2008;Dark - Lighted Roadway;20-24
35.9613570684, -80.0089680329;"{""type"": ""Point"", ""coordinates"": [-80.00896803286744, 35.96135706842288]}";Black;High Point;Sidewalk / Crosswalk / Driveway Crossing;2;16;Urban (>70% Developed);Male;Pickup;0;#NULL!;0;0;White;No;0;30-39;Motorist Drive Out - Commercial Driveway / Alley;None;No;No;Dry;0;Urban;No;01DEC2008;0;16:20;Male;No;Institutional;C: Possible Injury;No;O: No Injury;6371;December;0;Straight - Level;Piedmont;Facing Traffic;No Control Present;Monday;Non-Intersection;39;0;Two-Way, Not Divided;5 lanes;0;#NULL!;#NULL!;Smooth Asphalt;#NULL!;Driveway, Public;Motorist Failed to Yield - Midblock;Public Vehicular Area;C: Possible Injury;Guilford;49;Cloudy;#NULL!;6-10 mph;Unknown;2008;Daylight;40-49
35.9633631464, -77.8449523773;"{""type"": ""Point"", ""coordinates"": [-77.84495237733113, 35.96336314640449]}";White;Rocky Mount;Travel Lane;2;15;Urban (>70% Developed);Male;Van;0;#NULL!;0;0;Black;No;0;40-49;Motorist Drive Out - Sign-Controlled Intersection;None;No;No;Dry;0;Urban;No;31OCT2008;0;15:26;Female;No;Commercial;C: Possible Injury;Yes;O: No Injury;6374;October;0;Straight - Level;Coastal;Facing Traffic;Stop Sign;Friday;Intersection;45;0;Two-Way, Not Divided;4 lanes;0;#NULL!;#NULL!;Smooth Asphalt;#NULL!;No Special Feature;Motorist Failed to Yield - Sign-Controlled Intersection;Public Vehicular Area;C: Possible Injury;Nash;36;Clear;#NULL!;0-5 mph;40 - 45  MPH;2008;Daylight;30-39
35.8345970929, -78.6042126009;"{""type"": ""Point"", ""coordinates"": [-78.60421260093915, 35.83459709288872]}";Hispanic;Raleigh;Sidewalk / Crosswalk / Driveway Crossing;2;14;Urban (>70% Developed);Female;Passenger Car;0;#NULL!;0;0;Black;No;0;16-19;Motorist Drive Out - Commercial Driveway / Alley;Other;No;No;Dry;0;Urban;No;17SEP2008;0;14:23;Female;No;Commercial;B: Evident Injury;Yes;O: No Injury;6387;September;0;Straight - Hillcrest;Piedmont;Facing Traffic;No Control Present;Wednesday;Non-Intersection;18;0;Two-Way, Divided, Unprotected Median;5 lanes;0;#NULL!;#NULL!;Smooth Asphalt;#NULL!;Driveway, Public;Motorist Failed to Yield - Midblock;Public Vehicular Area;B: Evident Injury;Wake;51;Clear;#NULL!;0-5 mph;30 - 35  MPH;2008;Daylight;50-59