Geo Point;Geo Shape;BikeRace;City;BikePos;NumUnits;CrashHour;Locality;BikeSex;DrvrVehTyp;NumBikesNo;BikeAlcDrg;NumBikesBI;RteInvdCd;DrvrRace;Workzone;NumBikesCi;BikeAgeGrp;CrashType;RdDefects;CrashAlcoh;BikeAlcoho;RdConditio;DstncMiFrm;RuralUrban;HitRun;CrashDate;NumBikesUI;CrashTime;DrvrSex;DrvrAlcoho;Developmen;CrashSevr;AmbulanceR;DrvrInjury;OBJECTID;CrashMonth;NumBikesKi;RdCharacte;Region;BikeDir;TraffCntrl;CrashDay;CrashLoc;BikeAge;NumBikesTo;RdConfig;NumLanes;NumBikesAI;DrvrAlcDrg;OnRoad;RdSurface;Towrd_Rd;RdFeature;CrashGrp;RdClass;BikeInjury;County;DrvrAge;Weather;FrmRd;DrvrEstSpd;SpeedLimit;CrashYear;LightCond;DrvrAgeGrp
35.8549990975, -78.585892597;"{""type"": ""Point"", ""coordinates"": [-78.58589259704412, 35.8549990975473]}";Black;Raleigh;Travel Lane;2;7;Urban (>70% Developed);Male;Sport Utility;0;#NULL!;0;0;Black;No;0;11-15;Motorist Drive Out - Right Turn on Red;None;No;No;Dry;0;Urban;No;04DEC2008;0;7:09;Female;No;Commercial;C: Possible Injury;Yes;O: No Injury;6394;December;0;Straight - Level;Piedmont;Facing Traffic;Stop And Go Signal;Thursday;Intersection;15;0;Two-Way, Divided, Unprotected Median;2 lanes;0;#NULL!;#NULL!;Smooth Asphalt;#NULL!;No Special Feature;Motorist Failed to Yield - Signalized Intersection;Local Street;C: Possible Injury;Wake;59;Clear;#NULL!;0-5 mph;30 - 35  MPH;2008;Daylight;50-59
35.8392820925, -78.6423326129;"{""type"": ""Point"", ""coordinates"": [-78.64233261289496, 35.83928209254887]}";White;Raleigh;Sidewalk / Crosswalk / Driveway Crossing;2;8;Urban (>70% Developed);Female;Pickup;0;#NULL!;0;0;White;No;0;40-49;Motorist Drive Out - Commercial Driveway / Alley;None;No;No;Dry;0;Urban;No;03DEC2008;0;8:13;Male;No;Commercial;C: Possible Injury;No;O: No Injury;6395;December;0;Straight - Level;Piedmont;Facing Traffic;Missing;Wednesday;Non-Intersection;48;0;Two-Way, Not Divided;7 lanes;0;#NULL!;#NULL!;Smooth Asphalt;#NULL!;No Special Feature;Motorist Failed to Yield - Midblock;Local Street;C: Possible Injury;Wake;27;Clear;#NULL!;0-5 mph;30 - 35  MPH;2008;Daylight;25-29
35.7858540809, -78.6473566114;"{""type"": ""Point"", ""coordinates"": [-78.64735661136255, 35.78585408087175]}";White;Raleigh;Travel Lane;2;22;Urban (>70% Developed);Male;Passenger Car;0;#NULL!;0;0;Black;No;0;25-29;Unusual Circumstances;None;No;No;Dry;0;Urban;No;07NOV2008;0;22:15;Male;No;Commercial;O: No Injury;No;O: No Injury;6398;November;0;Straight - Grade;Piedmont;With Traffic;Missing;Friday;Non-Intersection;29;0;Two-Way, Not Divided;4 lanes;0;#NULL!;#NULL!;Coarse Asphalt;#NULL!;No Special Feature;Other / Unusual Circumstances;Local Street;O: No Injury;Wake;64;Clear;#NULL!;Unknown;30 - 35  MPH;2008;Dark - Lighted Roadway;60-69
35.9108000926, -79.0682027458;"{""type"": ""Point"", ""coordinates"": [-79.06820274581187, 35.91080009258448]}";White;Carrboro;Travel Lane;2;20;Urban (>70% Developed);Male;Passenger Car;0;#NULL!;0;0;White;No;0;25-29;Bicyclist Left Turn - Opposite Direction;None;No;No;Wet;0;Urban;No;04DEC2008;0;20:35;Male;No;Commercial;C: Possible Injury;Yes;O: No Injury;6401;December;0;Straight - Level;Piedmont;Facing Traffic;No Control Present;Thursday;Non-Intersection;28;0;Two-Way, Not Divided;4 lanes;0;#NULL!;#NULL!;Smooth Asphalt;#NULL!;No Special Feature;Bicyclist Left Turn / Merge;Local Street;C: Possible Injury;Orange;23;Cloudy;#NULL!;16-20 mph;20 - 25  MPH;2008;Dark - Lighted Roadway;20-24
34.8756249305, -77.243258139;"{""type"": ""Point"", ""coordinates"": [-77.2432581389545, 34.87562493048236]}";White;None - Rural Crash;Travel Lane;2;19;Rural (<30% Developed);Female;Pedalcycle;0;#NULL!;0;0;Black;No;0;16-19;Motorist Overtaking - Other / Unknown;None;No;No;Dry;0;Rural;No;13DEC2008;0;19:24;Male;No;Farms, Woods, Pastures;B: Evident Injury;Yes;B: Evident Injury;6407;December;0;Straight - Level;Coastal;With Traffic;No Control Present;Saturday;Non-Intersection;17;0;Two-Way, Not Divided;2 lanes;0;#NULL!;#NULL!;Coarse Asphalt;#NULL!;No Special Feature;Motorist Overtaking Bicyclist;US Route;O: No Injury;Onslow;23;Clear;#NULL!;Unknown;Unknown;2008;Dark - Roadway Not Lighted;20-24
34.2542527681, -78.0037023404;"{""type"": ""Point"", ""coordinates"": [-78.00370234039742, 34.25425276806066]}";Black;Navassa;Travel Lane;3;13;Mixed (30% To 70% Developed);Male;Motorcycle;0;#NULL!;0;0;Black;No;0;Unknown;Head-On - Unknown;None;No;No;Dry;0;Rural;No;14DEC2008;0;13:26;Male;No;Residential;B: Evident Injury;Yes;B: Evident Injury;6413;December;0;Straight - Level;Coastal;With Traffic;No Control Present;Sunday;Non-Intersection;Unknown;0;Two-Way, Not Divided;2 lanes;0;#NULL!;#NULL!;Coarse Asphalt;#NULL!;No Special Feature;Head-On;Local Street;B: Evident Injury;Brunswick;42;Clear;#NULL!;31-35 mph;Unknown;2008;Daylight;40-49
35.5878468965, -82.48799375;"{""type"": ""Point"", ""coordinates"": [-82.48799374998515, 35.58784689650984]}";White;Asheville;Travel Lane;2;17;Urban (>70% Developed);Male;Passenger Car;0;#NULL!;0;0;White;No;0;30-39;Motorist Drive Out - Commercial Driveway / Alley;None;No;No;Wet;0;Urban;No;15DEC2008;0;17:48;Female;No;Commercial;B: Evident Injury;Yes;O: No Injury;6414;December;0;Straight - Grade;Mountains;With Traffic;Double Yellow Line, No Passing Zone;Monday;Non-Intersection;30;0;Two-Way, Not Divided;3 lanes;0;#NULL!;#NULL!;Smooth Asphalt;#NULL!;No Special Feature;Motorist Failed to Yield - Midblock;Local Street;B: Evident Injury;Buncombe;70+;Clear;#NULL!;0-5 mph;30 - 35  MPH;2008;Dark - Roadway Not Lighted;70+
33.9414246891, -78.2995924147;"{""type"": ""Point"", ""coordinates"": [-78.29959241470623, 33.941424689062146]}";White;None - Rural Crash;Travel Lane;2;13;Mixed (30% To 70% Developed);Male;Passenger Car;0;#NULL!;0;0;White;No;0;20-24;Head-On - Bicyclist;None;No;No;Dry;0;Rural;No;18DEC2008;0;13:49;Male;No;Residential;C: Possible Injury;Yes;O: No Injury;6417;December;0;Straight - Level;Coastal;Facing Traffic;Missing;Thursday;Non-Intersection;22;0;Two-Way, Not Divided;2 lanes;0;#NULL!;#NULL!;Smooth Asphalt;#NULL!;No Special Feature;Head-On;NC Route;C: Possible Injury;Brunswick;58;Clear;#NULL!;51-55 mph;50 - 55  MPH;2008;Daylight;50-59
35.4816769968, -79.1621427512;"{""type"": ""Point"", ""coordinates"": [-79.16214275119724, 35.48167699684622]}";Black;Sanford;Travel Lane;2;18;Urban (>70% Developed);Male;Passenger Car;0;#NULL!;0;0;Hispanic;No;0;40-49;Signalized Intersection - Other / Unknown;None;No;No;Wet;0;Urban;No;18DEC2008;0;18:02;Female;No;Commercial;O: No Injury;Yes;O: No Injury;6418;December;0;Straight - Level;Piedmont;With Traffic;Stop And Go Signal;Thursday;Intersection;44;0;Two-Way, Not Divided;4 lanes;0;#NULL!;#NULL!;Coarse Asphalt;#NULL!;Four-Way Intersection;Crossing Paths - Other Circumstances;Local Street;O: No Injury;Lee;32;Cloudy;#NULL!;11-15 mph;30 - 35  MPH;2008;Dark - Roadway Not Lighted;30-39
35.8849140869, -79.0670877444;"{""type"": ""Point"", ""coordinates"": [-79.06708774440912, 35.884914086911785]}";White;Chapel Hill;Driveway / Alley;2;15;Urban (>70% Developed);Male;Passenger Car;0;#NULL!;0;0;White;No;0;6-10;Bicyclist Ride Out - Residential Driveway;None;No;No;Dry;0;Urban;No;19DEC2008;0;15:42;Female;No;Residential;C: Possible Injury;No;O: No Injury;6419;December;0;Straight - Hillcrest;Piedmont;Not Applicable;Missing;Friday;Non-Intersection;8;0;Two-Way, Not Divided;2 lanes;0;#NULL!;#NULL!;Smooth Asphalt;#NULL!;No Special Feature;Bicyclist Failed to Yield - Midblock;Local Street;C: Possible Injury;Orange;48;Clear;#NULL!;16-20 mph;20 - 25  MPH;2008;Daylight;40-49
35.5698369704, -80.4264031362;"{""type"": ""Point"", ""coordinates"": [-80.42640313618483, 35.56983697042266]}";Hispanic;None - Rural Crash;Unknown;2;20;Urban (>70% Developed);Male;Passenger Car;0;#NULL!;0;0;White;No;0;30-39;Motorist Overtaking - Misjudged Space;None;No;No;Dry;0;Rural;No;14MAY2012;0;20:24;Female;No;Commercial;C: Possible Injury;Yes;O: No Injury;2025;May;0;Straight - Hillcrest;Piedmont;With Traffic;Double Yellow Line, No Passing Zone;Monday;Non-Intersection;33;0;Two-Way, Not Divided;2 lanes;0;#NULL!;#NULL!;Smooth Asphalt;#NULL!;No Special Feature;Motorist Overtaking Bicyclist;State Secondary Route;C: Possible Injury;Rowan;43;Cloudy;#NULL!;31-35 mph;40 - 45  MPH;2012;Dusk;40-49
36.4897471887, -79.7825029938;"{""type"": ""Point"", ""coordinates"": [-79.78250299379386, 36.489747188654704]}";Black;Eden;Driveway / Alley;2;17;Urban (>70% Developed);Male;Passenger Car;0;#NULL!;0;0;White;No;0;11-15;Bicyclist Ride Out - Residential Driveway;None;No;No;Dry;0;Urban;No;06MAY2012;0;17:05;Male;No;Residential;B: Evident Injury;Yes;O: No Injury;2032;May;0;Straight - Level;Piedmont;Not Applicable;No Control Present;Sunday;Non-Intersection;11;0;Two-Way, Not Divided;2 lanes;0;#NULL!;#NULL!;Coarse Asphalt;#NULL!;No Special Feature;Bicyclist Failed to Yield - Midblock;Local Street;B: Evident Injury;Rockingham;17;Clear;#NULL!;21-25 mph;20 - 25  MPH;2012;Daylight;0-19
35.2497968191, -82.6712037848;"{""type"": ""Point"", ""coordinates"": [-82.67120378478609, 35.24979681908293]}";White;None - Rural Crash;Unknown;2;12;Rural (<30% Developed);Male;Sport Utility;0;#NULL!;0;0;White;No;0;60-69;Non-Roadway;None;No;No;Dry;0;Rural;No;17MAR2012;0;12:20;Male;No;Farms, Woods, Pastures;B: Evident Injury;Yes;O: No Injury;2034;March;0;Curve - Level;Mountains;Not Applicable;No Control Present;Saturday;Non-Roadway;64;0;Two-Way, Not Divided;2 lanes;0;#NULL!;#NULL!;Gravel;#NULL!;Driveway, Private;Non-Roadway;Private Road, Driveway;B: Evident Injury;Transylvania;49;Clear;#NULL!;11-15 mph;Unknown;2012;Daylight;40-49
36.0535170953, -79.8324029849;"{""type"": ""Point"", ""coordinates"": [-79.83240298494286, 36.05351709525234]}";Black;Greensboro;Unknown;2;16;Mixed (30% To 70% Developed);Male;Passenger Car;0;#NULL!;0;0;Black;No;0;20-24;Bicyclist Ride Out - Other Midblock;None;No;No;Dry;0;Urban;No;16MAY2012;0;16:49;Male;No;Commercial;C: Possible Injury;Yes;O: No Injury;2038;May;0;Straight - Level;Piedmont;Unknown;Stop And Go Signal;Wednesday;Non-Intersection;21;0;Two-Way, Divided, Unprotected Median;6 lanes;0;#NULL!;#NULL!;Smooth Asphalt;#NULL!;Four-Way Intersection;Bicyclist Failed to Yield - Midblock;Local Street;C: Possible Injury;Guilford;33;Clear;#NULL!;0-5 mph;30 - 35  MPH;2012;Daylight;30-39
35.5384468722, -82.8635038581;"{""type"": ""Point"", ""coordinates"": [-82.86350385814481, 35.53844687217215]}";White;None - Rural Crash;Travel Lane;2;15;Urban (>70% Developed);Male;Sport Utility;0;#NULL!;0;0;White;No;0;6-10;Bicyclist Ride Through - Sign-Controlled Intersection;None;No;No;Dry;0;Rural;No;14MAY2012;0;15:30;Female;No;Residential;B: Evident Injury;Yes;O: No Injury;2040;May;0;Straight - Grade;Mountains;With Traffic;Stop Sign;Monday;Intersection;9;0;Two-Way, Not Divided;2 lanes;0;#NULL!;#NULL!;Coarse Asphalt;#NULL!;Alley Intersection;Bicyclist Failed to Yield - Sign-Controlled Intersection;State Secondary Route;B: Evident Injury;Haywood;51;Clear;#NULL!;0-5 mph;20 - 25  MPH;2012;Daylight;50-59
34.3357967634, -78.7084025565;"{""type"": ""Point"", ""coordinates"": [-78.70840255651731, 34.33579676339548]}";Hispanic;Whiteville;Sidewalk / Crosswalk / Driveway Crossing;2;15;Urban (>70% Developed);Male;Pickup;0;#NULL!;0;0;White;No;0;30-39;Motorist Drive Out - Commercial Driveway / Alley;None;Yes;Yes;Dry;0;Urban;No;14MAY2012;0;15:58;Male;No;Commercial;B: Evident Injury;No;O: No Injury;2049;May;0;Straight - Level;Coastal;Facing Traffic;No Control Present;Monday;Non-Intersection;39;0;Two-Way, Not Divided;5 lanes;0;#NULL!;#NULL!;Smooth Asphalt;#NULL!;Driveway, Public;Motorist Failed to Yield - Midblock;Public Vehicular Area;B: Evident Injury;Columbus;41;Cloudy;#NULL!;Unknown;5 - 15 MPH;2012;Daylight;40-49
35.4885369373, -80.866803263;"{""type"": ""Point"", ""coordinates"": [-80.86680326300454, 35.488536937298605]}";White;Cornelius;Travel Lane;2;16;Urban (>70% Developed);Male;Passenger Car;0;#NULL!;0;0;Unknown/Missing;No;0;30-39;Bicyclist Lost Control - Other / Unknown;None;Yes;Yes;Dry;0;Urban;No;15MAY2012;0;16:00;Unknown;Missing;Residential;C: Possible Injury;No;Unknown Injury;2052;May;0;Straight - Level;Piedmont;With Traffic;No Control Present;Tuesday;Non-Intersection;36;0;Two-Way, Not Divided;2 lanes;0;#NULL!;#NULL!;Smooth Asphalt;#NULL!;No Special Feature;Loss of Control / Turning Error;Local Street;C: Possible Injury;Mecklenburg;Unknown;Clear;#NULL!;Unknown;20 - 25  MPH;2012;Daylight;Unknown
36.0865470854, -80.2649031169;"{""type"": ""Point"", ""coordinates"": [-80.26490311687337, 36.08654708536071]}";White;Winston-Salem;Sidewalk / Crosswalk / Driveway Crossing;2;10;Urban (>70% Developed);Female;Sport Utility;0;#NULL!;0;0;White;No;0;16-19;Motorist Drive Out - Sign-Controlled Intersection;None;No;No;Dry;0;Urban;No;12MAY2012;0;10:03;Female;No;Residential;B: Evident Injury;Yes;O: No Injury;2054;May;0;Straight - Grade;Piedmont;Facing Traffic;Stop Sign;Saturday;Intersection;19;0;Two-Way, Not Divided;2 lanes;0;#NULL!;#NULL!;Smooth Asphalt;#NULL!;Four-Way Intersection;Motorist Failed to Yield - Sign-Controlled Intersection;Local Street;B: Evident Injury;Forsyth;23;Cloudy;#NULL!;6-10 mph;30 - 35  MPH;2012;Daylight;20-24
34.9878568419, -80.5309031356;"{""type"": ""Point"", ""coordinates"": [-80.53090313564556, 34.98785684185983]}";Hispanic;Monroe;Unknown;2;15;Urban (>70% Developed);Male;Passenger Car;0;#NULL!;0;0;Black;No;0;11-15;Crossing Paths - Intersection - Other / Unknown;None;No;No;Dry;0;Urban;No;20MAY2012;0;15:45;Female;No;Commercial;B: Evident Injury;No;O: No Injury;2057;May;0;Straight - Level;Piedmont;Unknown;No Control Present;Sunday;Intersection-Related;13;0;Two-Way, Divided, Unprotected Median;6 lanes;0;#NULL!;#NULL!;Smooth Asphalt;#NULL!;No Special Feature;Crossing Paths - Other Circumstances;US Route;B: Evident Injury;Union;40;Clear;#NULL!;31-35 mph;40 - 45  MPH;2012;Daylight;40-49
33.9099266888, -78.0957023521;"{""type"": ""Point"", ""coordinates"": [-78.09570235212962, 33.909926688778675]}";White;Oak Island;Sidewalk / Crosswalk / Driveway Crossing;3;10;Urban (>70% Developed);Male;Sport Utility;0;#NULL!;0;0;White;No;0;50-59;Motorist Lost Control - Other / Unknown;None;No;No;Dry;0;Urban;No;12MAY2012;0;10:20;Male;No;Residential;C: Possible Injury;Yes;O: No Injury;2058;May;0;Straight - Level;Coastal;Facing Traffic;No Control Present;Saturday;Non-Intersection;58;0;Two-Way, Not Divided;3 lanes;0;#NULL!;#NULL!;Smooth Asphalt;#NULL!;No Special Feature;Loss of Control / Turning Error;Local Street;C: Possible Injury;Brunswick;17;Clear;#NULL!;26-30 mph;30 - 35  MPH;2012;Daylight;0-19
35.8314770978, -78.4423025521;"{""type"": ""Point"", ""coordinates"": [-78.44230255206413, 35.8314770978131]}";White;None - Rural Crash;Travel Lane;2;16;Mixed (30% To 70% Developed);Male;Single Unit Truck (3 Or More Axles);0;#NULL!;0;0;White;No;0;20-24;Motorist Overtaking - Bicyclist Swerved;None;No;No;Dry;0;Rural;No;17MAY2012;0;16:56;Male;No;Residential;B: Evident Injury;Yes;O: No Injury;2064;May;0;Straight - Level;Piedmont;With Traffic;Double Yellow Line, No Passing Zone;Thursday;Non-Intersection;20;0;Two-Way, Not Divided;2 lanes;0;#NULL!;#NULL!;Smooth Asphalt;#NULL!;No Special Feature;Motorist Overtaking Bicyclist;State Secondary Route;B: Evident Injury;Wake;28;Clear;#NULL!;31-35 mph;40 - 45  MPH;2012;Daylight;25-29
35.1381368668, -80.7388032059;"{""type"": ""Point"", ""coordinates"": [-80.73880320594358, 35.13813686680092]}";Black;Charlotte;Sidewalk / Crosswalk / Driveway Crossing;2;14;Urban (>70% Developed);Male;Passenger Car;0;#NULL!;0;0;White;No;0;25-29;Motorist Drive Out - Commercial Driveway / Alley;None;No;No;Dry;0;Urban;Yes;29MAY2012;0;14:00;Female;No;Commercial;C: Possible Injury;Yes;O: No Injury;2072;May;0;Straight - Level;Piedmont;Facing Traffic;Stop Sign;Tuesday;Non-Intersection;28;0;Two-Way, Not Divided;2 lanes;0;#NULL!;#NULL!;Smooth Asphalt;#NULL!;No Special Feature;Motorist Failed to Yield - Midblock;Local Street;C: Possible Injury;Mecklenburg;70+;Clear;#NULL!;16-20 mph;40 - 45  MPH;2012;Daylight;70+
35.279327008, -77.5663022569;"{""type"": ""Point"", ""coordinates"": [-77.56630225691549, 35.27932700803794]}";Black;Kinston;Non-Roadway;2;18;Urban (>70% Developed);Male;Passenger Car;0;#NULL!;0;0;Black;No;0;0-5;Non-Roadway;None;No;No;Dry;0;Urban;No;25MAY2012;0;18:20;Male;No;Residential;O: No Injury;No;O: No Injury;2076;May;0;Straight - Level;Coastal;Not Applicable;No Control Present;Friday;Non-Roadway;3;0;Two-Way, Not Divided;Unknown;0;#NULL!;#NULL!;Smooth Asphalt;#NULL!;No Special Feature;Non-Roadway;Public Vehicular Area;O: No Injury;Lenoir;34;Clear;#NULL!;6-10 mph;5 - 15 MPH;2012;Daylight;30-39
35.0965568541, -80.8597032397;"{""type"": ""Point"", ""coordinates"": [-80.85970323970277, 35.09655685414211]}";Hispanic;Charlotte;Sidewalk / Crosswalk / Driveway Crossing;2;11;Urban (>70% Developed);Male;Passenger Car;0;#NULL!;0;0;White;No;0;40-49;Head-On - Bicyclist;None;No;No;Dry;0;Urban;No;31MAY2012;0;11:25;Male;No;Residential;B: Evident Injury;Yes;O: No Injury;2077;May;0;Straight - Grade;Piedmont;Facing Traffic;Stop And Go Signal;Thursday;Intersection;44;0;Two-Way, Divided, Positive Median Barrier;5 lanes;0;#NULL!;#NULL!;Smooth Asphalt;#NULL!;Four-Way Intersection;Head-On;Local Street;B: Evident Injury;Mecklenburg;70+;Clear;#NULL!;31-35 mph;30 - 35  MPH;2012;Daylight;70+
35.7838070786, -78.6822026223;"{""type"": ""Point"", ""coordinates"": [-78.6822026223275, 35.78380707864911]}";Asian;Raleigh;Sidewalk / Crosswalk / Driveway Crossing;2;11;Urban (>70% Developed);Male;Passenger Car;0;#NULL!;0;0;White;No;0;20-24;Motorist Left Turn - Opposite Direction;None;No;No;Dry;0;Urban;No;17APR2012;0;11:31;Female;No;Institutional;C: Possible Injury;No;O: No Injury;2078;April;0;Straight - Level;Piedmont;With Traffic;Stop And Go Signal;Tuesday;Intersection;20;0;Two-Way, Divided, Positive Median Barrier;2 lanes;0;#NULL!;#NULL!;Coarse Asphalt;#NULL!;Four-Way Intersection;Motorist Left Turn / Merge;Local Street;C: Possible Injury;Wake;20;Clear;#NULL!;16-20 mph;40 - 45  MPH;2012;Daylight;20-24
36.4531472613, -77.5579023155;"{""type"": ""Point"", ""coordinates"": [-77.55790231554339, 36.45314726127734]}";Black;Garysburg;Travel Lane;2;1;Mixed (30% To 70% Developed);Male;Unknown;0;#NULL!;0;0;Unknown/Missing;No;0;40-49;Motorist Overtaking - Misjudged Space;None;No;No;Wet;0;Rural;Yes;02JUN2012;0;1:06;Unknown;No;Residential;C: Possible Injury;Yes;Unknown Injury;2080;June;0;Straight - Level;Coastal;With Traffic;No Control Present;Saturday;Non-Intersection;46;0;Two-Way, Not Divided;2 lanes;0;#NULL!;#NULL!;Smooth Asphalt;#NULL!;No Special Feature;Motorist Overtaking Bicyclist;US Route;C: Possible Injury;Northampton;Unknown;Rain;#NULL!;Unknown;40 - 45  MPH;2012;Dark - Roadway Not Lighted;Unknown
36.1631072598, -75.7527017456;"{""type"": ""Point"", ""coordinates"": [-75.75270174560868, 36.16310725977885]}";White;Duck;Travel Lane;2;16;Urban (>70% Developed);Male;Van;0;#NULL!;0;0;White;No;0;40-49;Motorist Right Turn - Same Direction;None;No;No;Dry;0;Rural;No;27MAY2012;0;16:35;Male;No;Commercial;B: Evident Injury;Yes;O: No Injury;2083;May;0;Straight - Level;Coastal;With Traffic;No Control Present;Sunday;Intersection;47;0;Two-Way, Not Divided;3 lanes;0;#NULL!;#NULL!;Smooth Asphalt;#NULL!;No Special Feature;Motorist Right Turn / Merge;NC Route;B: Evident Injury;Dare;70+;Clear;#NULL!;21-25 mph;Unknown;2012;Daylight;70+
35.5697069515, -80.9342032881;"{""type"": ""Point"", ""coordinates"": [-80.93420328808622, 35.569706951507435]}";White;None - Rural Crash;Travel Lane;2;18;Rural (<30% Developed);Female;Passenger Car;0;#NULL!;0;0;White;No;0;50-59;Bicyclist Left Turn - Same Direction;None;No;No;Dry;0;Rural;No;04JUN2012;0;18:29;Female;No;Residential;C: Possible Injury;Yes;O: No Injury;2086;June;0;Straight - Level;Piedmont;With Traffic;Double Yellow Line, No Passing Zone;Monday;Intersection;54;0;Two-Way, Not Divided;2 lanes;0;#NULL!;#NULL!;Smooth Asphalt;#NULL!;T-Intersection;Bicyclist Left Turn / Merge;State Secondary Route;C: Possible Injury;Iredell;28;Cloudy;#NULL!;26-30 mph;40 - 45  MPH;2012;Daylight;25-29
35.8555669867, -81.6080035044;"{""type"": ""Point"", ""coordinates"": [-81.60800350436061, 35.855566986686505]}";White;None - Rural Crash;Bike Lane / Paved Shoulder;2;15;Mixed (30% To 70% Developed);Male;Sport Utility;0;#NULL!;0;0;White;No;0;50-59;Motorist Drive Out - Sign-Controlled Intersection;None;No;No;Dry;0;Rural;No;01JUN2012;0;15:20;Female;No;Commercial;B: Evident Injury;No;O: No Injury;2103;June;0;Straight - Grade;Mountains;Facing Traffic;Stop Sign;Friday;Intersection;53;0;Two-Way, Not Divided;2 lanes;0;#NULL!;#NULL!;Smooth Asphalt;#NULL!;Four-Way Intersection;Motorist Failed to Yield - Sign-Controlled Intersection;US Route;B: Evident Injury;Caldwell;56;Clear;#NULL!;6-10 mph;50 - 55  MPH;2012;Daylight;50-59
35.7913570749, -78.8475026728;"{""type"": ""Point"", ""coordinates"": [-78.84750267284166, 35.791357074949694]}";White;Cary;Sidewalk / Crosswalk / Driveway Crossing;2;13;Urban (>70% Developed);Male;Sport Utility;0;#NULL!;0;0;White;No;0;11-15;Signalized Intersection - Other / Unknown;None;No;No;Dry;0;Urban;No;19MAY2012;0;13:32;Female;No;Commercial;C: Possible Injury;Yes;O: No Injury;2104;May;0;Straight - Level;Piedmont;Facing Traffic;Stop And Go Signal;Saturday;Intersection;13;0;Two-Way, Not Divided;5 lanes;0;#NULL!;#NULL!;Smooth Asphalt;#NULL!;Related To Intersection;Crossing Paths - Other Circumstances;State Secondary Route;C: Possible Injury;Wake;18;Clear;#NULL!;0-5 mph;40 - 45  MPH;2012;Daylight;0-19
35.0246869045, -78.9878026748;"{""type"": ""Point"", ""coordinates"": [-78.98780267477233, 35.024686904520486]}";White;Fayetteville;Travel Lane;2;16;Urban (>70% Developed);Male;Sport Utility;0;#NULL!;0;0;Black;No;0;6-10;Bicyclist Ride Through - Sign-Controlled Intersection;None;No;No;Dry;0;Urban;No;24MAY2012;0;16:23;Female;No;Residential;B: Evident Injury;Yes;O: No Injury;2108;May;0;Straight - Level;Coastal;Facing Traffic;Stop Sign;Thursday;Intersection;9;0;Two-Way, Not Divided;2 lanes;0;#NULL!;#NULL!;Coarse Asphalt;#NULL!;T-Intersection;Bicyclist Failed to Yield - Sign-Controlled Intersection;Local Street;B: Evident Injury;Cumberland;45;Clear;#NULL!;0-5 mph;20 - 25  MPH;2012;Daylight;40-49
36.0759370932, -79.9952030345;"{""type"": ""Point"", ""coordinates"": [-79.99520303450346, 36.075937093161876]}";White;None - Rural Crash;Travel Lane;2;13;Rural (<30% Developed);Male;Passenger Car;0;#NULL!;0;0;White;No;0;60-69;Bicyclist Turning Error - Left Turn;None;No;No;Dry;0;Rural;No;08JUN2012;0;13:50;Female;No;Farms, Woods, Pastures;C: Possible Injury;No;O: No Injury;2109;June;0;Straight - Grade;Piedmont;With Traffic;Stop Sign;Friday;Intersection;66;0;Two-Way, Not Divided;2 lanes;0;#NULL!;#NULL!;Coarse Asphalt;#NULL!;T-Intersection;Loss of Control / Turning Error;State Secondary Route;C: Possible Injury;Guilford;51;Clear;#NULL!;0-5 mph;40 - 45  MPH;2012;Daylight;50-59
35.3308669127, -80.61830318;"{""type"": ""Point"", ""coordinates"": [-80.61830318001876, 35.33086691273867]}";White;Harrisburg;Travel Lane;2;11;Rural (<30% Developed);Male;Passenger Car;0;#NULL!;0;0;White;No;0;40-49;Motorist Overtaking - Misjudged Space;None;No;No;Dry;0;Urban;No;26MAY2012;0;11:57;Female;No;Residential;B: Evident Injury;No;O: No Injury;2112;May;0;Straight - Grade;Piedmont;With Traffic;No Control Present;Saturday;Non-Intersection;45;0;Two-Way, Not Divided;2 lanes;0;#NULL!;#NULL!;Smooth Asphalt;#NULL!;No Special Feature;Motorist Overtaking Bicyclist;Local Street;B: Evident Injury;Cabarrus;46;Clear;#NULL!;36-40 mph;40 - 45  MPH;2012;Daylight;40-49
35.6131669786, -80.4465031443;"{""type"": ""Point"", ""coordinates"": [-80.44650314432215, 35.613166978580566]}";White;Granite Quarry;Travel Lane;2;18;Urban (>70% Developed);Male;Sport Utility;0;#NULL!;0;0;White;No;0;11-15;Bicyclist Ride Through - Sign-Controlled Intersection;None;No;No;Dry;0;Rural;No;06JUN2012;0;18:07;Female;No;Residential;O: No Injury;No;O: No Injury;2122;June;0;Straight - Level;Piedmont;With Traffic;Stop Sign;Wednesday;Intersection;13;0;Two-Way, Not Divided;2 lanes;0;#NULL!;#NULL!;Smooth Asphalt;#NULL!;Four-Way Intersection;Bicyclist Failed to Yield - Sign-Controlled Intersection;Local Street;O: No Injury;Rowan;56;Clear;#NULL!;31-35 mph;30 - 35  MPH;2012;Daylight;50-59
35.7145070919, -77.8952023791;"{""type"": ""Point"", ""coordinates"": [-77.89520237910939, 35.71450709186189]}";Black;Wilson;Travel Lane;2;17;Mixed (30% To 70% Developed);Female;Unknown;0;#NULL!;0;0;Unknown/Missing;No;0;6-10;Motorist Drive Out - Sign-Controlled Intersection;None;No;No;Wet;0;Urban;Yes;27MAY2012;0;17:01;Unknown;Missing;Residential;C: Possible Injury;Yes;Unknown Injury;2133;May;0;Straight - Level;Coastal;With Traffic;Stop Sign;Sunday;Intersection;7;0;Two-Way, Not Divided;2 lanes;0;#NULL!;#NULL!;Coarse Asphalt;#NULL!;No Special Feature;Motorist Failed to Yield - Sign-Controlled Intersection;Local Street;C: Possible Injury;Wilson;Unknown;Cloudy;#NULL!;0-5 mph;30 - 35  MPH;2012;Daylight;Unknown