Geo Point;Geo Shape;BikeRace;City;BikePos;NumUnits;CrashHour;Locality;BikeSex;DrvrVehTyp;NumBikesNo;BikeAlcDrg;NumBikesBI;RteInvdCd;DrvrRace;Workzone;NumBikesCi;BikeAgeGrp;CrashType;RdDefects;CrashAlcoh;BikeAlcoho;RdConditio;DstncMiFrm;RuralUrban;HitRun;CrashDate;NumBikesUI;CrashTime;DrvrSex;DrvrAlcoho;Developmen;CrashSevr;AmbulanceR;DrvrInjury;OBJECTID;CrashMonth;NumBikesKi;RdCharacte;Region;BikeDir;TraffCntrl;CrashDay;CrashLoc;BikeAge;NumBikesTo;RdConfig;NumLanes;NumBikesAI;DrvrAlcDrg;OnRoad;RdSurface;Towrd_Rd;RdFeature;CrashGrp;RdClass;BikeInjury;County;DrvrAge;Weather;FrmRd;DrvrEstSpd;SpeedLimit;CrashYear;LightCond;DrvrAgeGrp
34.7752268728, -78.332902465;"{""type"": ""Point"", ""coordinates"": [-78.3329024650391, 34.77522687276656]}";Black;None - Rural Crash;Travel Lane;2;16;Rural (<30% Developed);Male;Sport Utility;0;#NULL!;0;0;Black;No;0;11-15;Motorist Overtaking - Bicyclist Swerved;None;No;No;Dry;0;Rural;No;26MAY2012;0;16:57;Female;No;Farms, Woods, Pastures;B: Evident Injury;Yes;O: No Injury;2134;May;0;Straight - Level;Coastal;With Traffic;Double Yellow Line, No Passing Zone;Saturday;Non-Intersection;12;0;Two-Way, Not Divided;2 lanes;0;#NULL!;#NULL!;Coarse Asphalt;#NULL!;Driveway, Private;Motorist Overtaking Bicyclist;State Secondary Route;B: Evident Injury;Sampson;36;Clear;#NULL!;31-35 mph;50 - 55  MPH;2012;Daylight;30-39
36.0886871045, -79.7746029691;"{""type"": ""Point"", ""coordinates"": [-79.77460296914309, 36.08868710449018]}";Black;Greensboro;Sidewalk / Crosswalk / Driveway Crossing;2;8;Urban (>70% Developed);Male;Van;0;#NULL!;0;0;Black;No;0;20-24;Motorist Drive Out - Sign-Controlled Intersection;None;No;No;Dry;0;Urban;No;20JUN2012;0;8:49;Female;No;Commercial;C: Possible Injury;Yes;O: No Injury;2145;June;0;Straight - Level;Piedmont;With Traffic;Stop Sign;Wednesday;Intersection;22;0;Two-Way, Divided, Positive Median Barrier;4 lanes;0;#NULL!;#NULL!;Smooth Asphalt;#NULL!;T-Intersection;Motorist Failed to Yield - Sign-Controlled Intersection;Local Street;C: Possible Injury;Guilford;60;Clear;#NULL!;0-5 mph;30 - 35  MPH;2012;Daylight;60-69
35.0874269199, -78.9517026674;"{""type"": ""Point"", ""coordinates"": [-78.95170266736766, 35.0874269198738]}";Black;Fayetteville;Travel Lane;2;7;Urban (>70% Developed);Male;Passenger Car;0;#NULL!;0;0;White;Yes;0;60-69;Motorist Drive Out - Sign-Controlled Intersection;None;No;No;Wet;0;Urban;No;25JUN2012;0;7:28;Male;No;Commercial;O: No Injury;No;O: No Injury;2149;June;0;Curve - Hillcrest;Coastal;Facing Traffic;Stop Sign;Monday;Intersection;66;0;Two-Way, Divided, Positive Median Barrier;5 lanes;0;#NULL!;#NULL!;Coarse Asphalt;#NULL!;T-Intersection;Motorist Failed to Yield - Sign-Controlled Intersection;Local Street;O: No Injury;Cumberland;29;Cloudy;#NULL!;0-5 mph;40 - 45  MPH;2012;Daylight;25-29
35.6014968994, -82.4855037505;"{""type"": ""Point"", ""coordinates"": [-82.48550375051985, 35.60149689939334]}";White;None - Rural Crash;Travel Lane;2;10;Urban (>70% Developed);Male;Single Unit Truck (3 Or More Axles);0;#NULL!;0;0;White;No;0;50-59;Motorist Drive Out - Sign-Controlled Intersection;None;No;No;Dry;0;Rural;No;14JUN2012;0;10:10;Male;No;Residential;B: Evident Injury;Yes;O: No Injury;2153;June;0;Curve - Bottom;Mountains;With Traffic;Stop Sign;Thursday;Intersection;54;0;Two-Way, Not Divided;2 lanes;0;#NULL!;#NULL!;Smooth Asphalt;#NULL!;T-Intersection;Motorist Failed to Yield - Sign-Controlled Intersection;State Secondary Route;B: Evident Injury;Buncombe;45;Clear;#NULL!;0-5 mph;30 - 35  MPH;2012;Daylight;40-49
35.5902470315, -78.8384026588;"{""type"": ""Point"", ""coordinates"": [-78.83840265881582, 35.59024703154862]}";White;None - Rural Crash;Travel Lane;2;7;Rural (<30% Developed);Male;Pickup;0;#NULL!;0;0;Hispanic;No;0;40-49;Motorist Drive Out - Sign-Controlled Intersection;None;No;No;Dry;0;Rural;No;27JUN2012;0;7:10;Male;No;Farms, Woods, Pastures;B: Evident Injury;Yes;O: No Injury;2156;June;0;Straight - Level;Piedmont;With Traffic;Stop Sign;Wednesday;Intersection;43;0;Two-Way, Not Divided;4 lanes;0;#NULL!;#NULL!;Coarse Asphalt;#NULL!;T-Intersection;Motorist Failed to Yield - Sign-Controlled Intersection;State Secondary Route;B: Evident Injury;Wake;35;Clear;#NULL!;0-5 mph;50 - 55  MPH;2012;Daylight;30-39
34.2273367648, -77.9304023164;"{""type"": ""Point"", ""coordinates"": [-77.93040231644298, 34.227336764784496]}";Black;Wilmington;Unknown;2;12;Urban (>70% Developed);Male;Unknown;0;#NULL!;0;0;Unknown/Missing;No;0;11-15;Bicyclist Ride Out - Midblock - Unknown;None;No;No;Dry;0;Urban;Yes;16JUN2012;0;12:24;Unknown;Missing;Residential;B: Evident Injury;Yes;Unknown Injury;2157;June;0;Straight - Level;Coastal;Unknown;No Control Present;Saturday;Non-Intersection;12;0;Two-Way, Not Divided;2 lanes;0;#NULL!;#NULL!;Smooth Asphalt;#NULL!;No Special Feature;Bicyclist Failed to Yield - Midblock;Local Street;B: Evident Injury;New Hanover;Unknown;Clear;#NULL!;Unknown;Unknown;2012;Daylight;Unknown
35.5826969591, -80.8101032515;"{""type"": ""Point"", ""coordinates"": [-80.81010325147446, 35.582696959116454]}";White;Mooresville;Travel Lane;2;14;Urban (>70% Developed);Male;Sport Utility;0;#NULL!;0;0;White;No;0;16-19;Bicyclist Ride Through - Sign-Controlled Intersection;None;No;No;Dry;0;Urban;No;19JUN2012;0;14:31;Female;No;Commercial;B: Evident Injury;Yes;O: No Injury;2159;June;0;Straight - Grade;Piedmont;With Traffic;Stop Sign;Tuesday;Intersection;17;0;Two-Way, Not Divided;2 lanes;0;#NULL!;#NULL!;Smooth Asphalt;#NULL!;T-Intersection;Bicyclist Failed to Yield - Sign-Controlled Intersection;Local Street;B: Evident Injury;Iredell;70+;Clear;#NULL!;16-20 mph;30 - 35  MPH;2012;Daylight;70+
35.9057771075, -78.6023026045;"{""type"": ""Point"", ""coordinates"": [-78.60230260449633, 35.905777107479246]}";White;Raleigh;Travel Lane;2;14;Urban (>70% Developed);Male;Sport Utility;0;#NULL!;0;0;Black;No;0;30-39;Motorist Overtaking - Other / Unknown;None;Yes;No;Dry;0;Urban;Yes;02JUN2012;0;14:58;Female;Yes;Commercial;B: Evident Injury;No;O: No Injury;2161;June;0;Curve - Level;Piedmont;With Traffic;No Control Present;Saturday;Non-Intersection;38;0;Two-Way, Divided, Unprotected Median;5 lanes;0;#NULL!;#NULL!;Coarse Asphalt;#NULL!;No Special Feature;Motorist Overtaking Bicyclist;Local Street;B: Evident Injury;Wake;48;Clear;#NULL!;41-45 mph;40 - 45  MPH;2012;Daylight;40-49
36.0418870931, -79.8158029788;"{""type"": ""Point"", ""coordinates"": [-79.81580297881074, 36.04188709310971]}";Black;Greensboro;Travel Lane;2;14;Urban (>70% Developed);Male;Passenger Car;0;#NULL!;0;0;Black;No;0;11-15;Bicyclist Ride Through - Sign-Controlled Intersection;None;No;No;Dry;0;Urban;No;28JUN2012;0;14:39;Female;No;Commercial;C: Possible Injury;Yes;O: No Injury;2167;June;0;Straight - Level;Piedmont;With Traffic;No Control Present;Thursday;Intersection;15;0;Two-Way, Not Divided;2 lanes;0;#NULL!;#NULL!;Smooth Asphalt;#NULL!;No Special Feature;Bicyclist Failed to Yield - Sign-Controlled Intersection;Local Street;C: Possible Injury;Guilford;21;Clear;#NULL!;21-25 mph;30 - 35  MPH;2012;Daylight;20-24
35.0934269217, -78.9246026599;"{""type"": ""Point"", ""coordinates"": [-78.9246026598919, 35.0934269217319]}";Black;Fayetteville;Travel Lane;2;14;Urban (>70% Developed);Male;Passenger Car;0;#NULL!;0;0;Black;No;0;11-15;Bicyclist Ride Through - Sign-Controlled Intersection;None;No;No;Dry;0;Urban;No;21JUN2012;0;14:22;Female;No;Residential;A: Disabling Injury;Yes;O: No Injury;2171;June;0;Straight - Level;Coastal;With Traffic;Stop Sign;Thursday;Intersection;11;0;Two-Way, Not Divided;2 lanes;0;#NULL!;#NULL!;Coarse Asphalt;#NULL!;T-Intersection;Bicyclist Failed to Yield - Sign-Controlled Intersection;Local Street;A: Disabling Injury;Cumberland;60;Clear;#NULL!;21-25 mph;20 - 25  MPH;2012;Daylight;60-69
34.7290669094, -76.8997020282;"{""type"": ""Point"", ""coordinates"": [-76.89970202821468, 34.72906690942459]}";Hispanic;Newport;Travel Lane;2;23;Mixed (30% To 70% Developed);Male;Unknown;0;#NULL!;0;0;Unknown/Missing;No;0;30-39;Motorist Overtaking - Other / Unknown;None;No;No;Dry;0;Rural;Yes;24JUN2012;0;23:11;Unknown;Missing;Residential;B: Evident Injury;Yes;Unknown Injury;2174;June;0;Straight - Level;Coastal;With Traffic;No Control Present;Sunday;Non-Intersection;33;0;Two-Way, Not Divided;5 lanes;0;#NULL!;#NULL!;Smooth Asphalt;#NULL!;Bridge Approach;Motorist Overtaking Bicyclist;NC Route;B: Evident Injury;Carteret;Unknown;Clear;#NULL!;Unknown;50 - 55  MPH;2012;Dark - Roadway Not Lighted;Unknown
35.6619470843, -77.7871023441;"{""type"": ""Point"", ""coordinates"": [-77.78710234405366, 35.66194708426323]}";White;None - Rural Crash;Travel Lane;2;5;Urban (>70% Developed);Male;Van;0;#NULL!;0;0;White;No;0;20-24;Head-On - Bicyclist;None;No;No;Dry;0;Rural;No;28JUN2012;0;5:28;Male;No;Residential;B: Evident Injury;Yes;O: No Injury;2181;June;0;Straight - Level;Coastal;Facing Traffic;No Control Present;Thursday;Non-Intersection;20;0;Two-Way, Not Divided;2 lanes;0;#NULL!;#NULL!;Coarse Asphalt;#NULL!;No Special Feature;Head-On;US Route;B: Evident Injury;Wilson;53;Clear;#NULL!;36-40 mph;40 - 45  MPH;2012;Dark - Roadway Not Lighted;50-59
35.4718969329, -80.89170327;"{""type"": ""Point"", ""coordinates"": [-80.89170326997053, 35.47189693285267]}";White;Cornelius;Travel Lane;2;12;Urban (>70% Developed);Male;Passenger Car;0;#NULL!;0;0;White;No;0;30-39;Bicyclist Lost Control - Mechanical Problems;None;No;No;Dry;0;Urban;No;17JUN2012;0;12:09;Male;No;Commercial;O: No Injury;No;O: No Injury;2182;June;0;Straight - Level;Piedmont;With Traffic;Stop Sign;Sunday;Intersection;30;0;Two-Way, Not Divided;2 lanes;0;#NULL!;#NULL!;Coarse Asphalt;#NULL!;T-Intersection;Loss of Control / Turning Error;Private Road, Driveway;O: No Injury;Mecklenburg;62;Clear;#NULL!;Unknown;30 - 35  MPH;2012;Daylight;60-69
34.2232867657, -77.8822023016;"{""type"": ""Point"", ""coordinates"": [-77.88220230160618, 34.223286765670466]}";White;Wilmington;Travel Lane;2;14;Urban (>70% Developed);Male;Passenger Car;0;#NULL!;0;0;White;No;0;30-39;Motorist Left Turn - Opposite Direction;None;No;No;Dry;0;Urban;No;29JUN2012;0;14:52;Male;No;Commercial;B: Evident Injury;No;O: No Injury;2192;June;0;Straight - Level;Coastal;With Traffic;Stop And Go Signal;Friday;Intersection;39;0;Two-Way, Not Divided;2 lanes;0;#NULL!;#NULL!;Smooth Asphalt;#NULL!;No Special Feature;Motorist Left Turn / Merge;Local Street;B: Evident Injury;New Hanover;18;Clear;#NULL!;Unknown;Unknown;2012;Daylight;0-19
35.8514071499, -77.0524021295;"{""type"": ""Point"", ""coordinates"": [-77.05240212953636, 35.851407149862176]}";Unknown/Missing;Williamston;Travel Lane;2;15;Urban (>70% Developed);Female;Passenger Car;0;#NULL!;0;0;Black;No;0;6-10;Bicyclist Ride Through - Sign-Controlled Intersection;None;No;No;Dry;0;Urban;No;26JUN2012;0;15:10;Female;No;Residential;B: Evident Injury;No;O: No Injury;2194;June;0;Straight - Grade;Coastal;With Traffic;Stop Sign;Tuesday;Intersection;8;0;Two-Way, Not Divided;1 lane;0;#NULL!;#NULL!;Grooved Concrete;#NULL!;Four-Way Intersection;Bicyclist Failed to Yield - Sign-Controlled Intersection;Local Street;B: Evident Injury;Martin;61;Clear;#NULL!;21-25 mph;20 - 25  MPH;2012;Daylight;60-69
35.2162968798, -80.8520032442;"{""type"": ""Point"", ""coordinates"": [-80.85200324417326, 35.216296879799074]}";Black;Charlotte;Sidewalk / Crosswalk / Driveway Crossing;2;12;Urban (>70% Developed);Male;Sport Utility;0;#NULL!;0;0;White;No;0;40-49;Motorist Drive Out - Sign-Controlled Intersection;None;No;Missing;Dry;0;Urban;No;11JUL2012;0;12:03;Male;No;Commercial;C: Possible Injury;Yes;O: No Injury;2197;July;0;Curve - Grade;Piedmont;Facing Traffic;Stop Sign;Wednesday;Intersection;43;0;Two-Way, Not Divided;4 lanes;0;#NULL!;#NULL!;Smooth Asphalt;#NULL!;Four-Way Intersection;Motorist Failed to Yield - Sign-Controlled Intersection;Local Street;C: Possible Injury;Mecklenburg;33;Cloudy;#NULL!;Unknown;30 - 35  MPH;2012;Daylight;30-39
35.6770170578, -78.6249025992;"{""type"": ""Point"", ""coordinates"": [-78.62490259917435, 35.67701705777996]}";White;Garner;Travel Lane;2;10;Urban (>70% Developed);Male;Passenger Car;0;#NULL!;0;0;White;No;0;60-69;Motorist Drive Out - Sign-Controlled Intersection;None;No;No;Dry;0;Urban;No;29JUN2012;0;10:06;Female;No;Residential;C: Possible Injury;Yes;O: No Injury;2203;June;0;Straight - Grade;Piedmont;Facing Traffic;Stop Sign;Friday;Intersection;64;0;Two-Way, Not Divided;5 lanes;0;#NULL!;#NULL!;Smooth Asphalt;#NULL!;No Special Feature;Motorist Failed to Yield - Sign-Controlled Intersection;Local Street;C: Possible Injury;Wake;21;Clear;#NULL!;6-10 mph;30 - 35  MPH;2012;Daylight;20-24
35.2971568905, -81.0127032968;"{""type"": ""Point"", ""coordinates"": [-81.01270329675476, 35.29715689048042]}";White;Mount Holly;Travel Lane;2;11;Urban (>70% Developed);Male;Pickup;0;#NULL!;0;0;Hispanic;No;0;20-24;Motorist Right Turn - Same Direction;Work Zone;No;No;Dry;0;Urban;No;28JUN2012;0;11:16;Male;No;Residential;C: Possible Injury;Yes;O: No Injury;2214;June;0;Straight - Level;Piedmont;With Traffic;Stop And Go Signal;Thursday;Intersection;23;0;Two-Way, Not Divided;4 lanes;0;#NULL!;#NULL!;Smooth Asphalt;#NULL!;Four-Way Intersection;Motorist Right Turn / Merge;NC Route;C: Possible Injury;Gaston;35;Clear;#NULL!;Unknown;30 - 35  MPH;2012;Daylight;30-39
36.118467099, -80.085903064;"{""type"": ""Point"", ""coordinates"": [-80.08590306397936, 36.1184670990265]}";White;Kernersville;Non-Roadway;2;12;Urban (>70% Developed);Male;Van;0;#NULL!;0;0;White;No;0;40-49;Non-Roadway;None;No;No;Dry;0;Urban;No;08JUL2012;0;12:59;Female;No;Residential;C: Possible Injury;No;O: No Injury;2219;July;0;Curve - Level;Piedmont;Not Applicable;No Control Present;Sunday;Non-Roadway;47;0;Two-Way, Not Divided;Unknown;0;#NULL!;#NULL!;Coarse Asphalt;#NULL!;Driveway, Public;Non-Roadway;Public Vehicular Area;C: Possible Injury;Forsyth;62;Clear;#NULL!;0-5 mph;5 - 15 MPH;2012;Daylight;60-69
34.2425567697, -77.8920023059;"{""type"": ""Point"", ""coordinates"": [-77.8920023059428, 34.24255676973769]}";Black;Wilmington;Travel Lane;2;9;Urban (>70% Developed);Male;Passenger Car;0;#NULL!;0;0;Black;No;0;50-59;Bicyclist Left Turn - Opposite Direction;None;No;No;Dry;0;Urban;No;02JUL2012;0;9:23;Male;No;Commercial;O: No Injury;No;O: No Injury;2224;July;0;Straight - Level;Coastal;With Traffic;No Control Present;Monday;Non-Intersection;58;0;Two-Way, Not Divided;2 lanes;0;#NULL!;#NULL!;Coarse Asphalt;#NULL!;No Special Feature;Bicyclist Left Turn / Merge;Local Street;O: No Injury;New Hanover;22;Clear;#NULL!;26-30 mph;30 - 35  MPH;2012;Daylight;20-24
35.2363968842, -80.8306032389;"{""type"": ""Point"", ""coordinates"": [-80.83060323885002, 35.236396884228945]}";Black;None - Rural Crash;Travel Lane;2;5;Urban (>70% Developed);Male;Passenger Car;0;#NULL!;0;0;White;No;0;40-49;Motorist Overtaking - Other / Unknown;None;No;No;Dry;0;Rural;No;20JUL2012;0;5:28;Male;No;Residential;B: Evident Injury;Yes;O: No Injury;2227;July;0;Straight - Level;Piedmont;With Traffic;No Control Present;Friday;Intersection;41;0;Two-Way, Not Divided;4 lanes;0;#NULL!;#NULL!;Smooth Asphalt;#NULL!;No Special Feature;Motorist Overtaking Bicyclist;Local Street;B: Evident Injury;Mecklenburg;63;Clear;#NULL!;26-30 mph;30 - 35  MPH;2012;Dark - Lighted Roadway;60-69
36.5550571587, -80.9153033389;"{""type"": ""Point"", ""coordinates"": [-80.91530333893373, 36.55505715870105]}";White;None - Rural Crash;Travel Lane;2;8;Rural (<30% Developed);Female;Pickup;0;#NULL!;0;0;White;No;0;60-69;Motorist Overtaking - Other / Unknown;None;No;No;Dry;0;Rural;No;23JUL2012;0;8:10;Male;No;Farms, Woods, Pastures;C: Possible Injury;Yes;O: No Injury;2233;July;0;Curve - Level;Mountains;With Traffic;Double Yellow Line, No Passing Zone;Monday;Non-Intersection;62;0;Two-Way, Not Divided;2 lanes;0;#NULL!;#NULL!;Smooth Asphalt;#NULL!;No Special Feature;Motorist Overtaking Bicyclist;NC Route;C: Possible Injury;Alleghany;37;Clear;#NULL!;46-50 mph;50 - 55  MPH;2012;Daylight;30-39
36.2339671128, -80.3805031595;"{""type"": ""Point"", ""coordinates"": [-80.38050315948063, 36.23396711284825]}";White;Tobaccoville;Travel Lane;2;20;Rural (<30% Developed);Male;Pickup;0;#NULL!;0;0;Black;No;0;40-49;Motorist Overtaking - Bicyclist Swerved;None;Yes;Yes;Dry;0;Rural;No;23JUL2012;0;20:04;Male;No;Farms, Woods, Pastures;B: Evident Injury;Yes;O: No Injury;2234;July;0;Curve - Level;Piedmont;With Traffic;Double Yellow Line, No Passing Zone;Monday;Intersection-Related;44;0;Two-Way, Not Divided;2 lanes;0;#NULL!;#NULL!;Coarse Asphalt;#NULL!;No Special Feature;Motorist Overtaking Bicyclist;State Secondary Route;B: Evident Injury;Forsyth;29;Clear;#NULL!;41-45 mph;40 - 45  MPH;2012;Dusk;25-29
34.6952669042, -76.8218020024;"{""type"": ""Point"", ""coordinates"": [-76.82180200240397, 34.69526690419268]}";White;Pine Knoll Shores;Travel Lane;2;7;Urban (>70% Developed);Male;Pickup;0;#NULL!;0;0;White;No;0;50-59;Motorist Left Turn - Opposite Direction;None;No;No;Dry;0;Rural;No;24JUL2012;0;7:33;Male;No;Residential;B: Evident Injury;Yes;O: No Injury;2239;July;0;Straight - Level;Coastal;With Traffic;Stop And Go Signal;Tuesday;Intersection;58;0;Two-Way, Not Divided;2 lanes;0;#NULL!;#NULL!;Smooth Asphalt;#NULL!;T-Intersection;Motorist Left Turn / Merge;Local Street;B: Evident Injury;Carteret;61;Clear;#NULL!;11-15 mph;40 - 45  MPH;2012;Daylight;60-69
35.4656170536, -77.4205022225;"{""type"": ""Point"", ""coordinates"": [-77.42050222245992, 35.46561705356211]}";Black;Ayden;Travel Lane;2;21;Urban (>70% Developed);Male;Passenger Car;0;#NULL!;0;0;Black;No;0;60-69;Backing Vehicle;None;No;No;Dry;0;Rural;No;24JUN2012;0;21:51;Male;No;Residential;C: Possible Injury;Yes;O: No Injury;2255;June;0;Straight - Level;Coastal;Facing Traffic;No Control Present;Sunday;Non-Intersection;60;0;Two-Way, Not Divided;2 lanes;0;#NULL!;#NULL!;Smooth Asphalt;#NULL!;No Special Feature;Backing Vehicle;Local Street;C: Possible Injury;Pitt;55;Clear;#NULL!;16-20 mph;20 - 25  MPH;2012;Dark - Lighted Roadway;50-59
34.8616669384, -76.8976020332;"{""type"": ""Point"", ""coordinates"": [-76.89760203316176, 34.8616669383903]}";White;Havelock;Bike Lane / Paved Shoulder;2;11;Mixed (30% To 70% Developed);Male;Passenger Car;0;#NULL!;0;0;White;No;0;60-69;Motorist Drive Out - Commercial Driveway / Alley;None;No;No;Dry;0;Urban;No;30JUN2012;0;11:23;Female;No;Commercial;O: No Injury;No;O: No Injury;2266;June;0;Straight - Level;Coastal;Facing Traffic;No Control Present;Saturday;Non-Intersection;65;0;Two-Way, Divided, Unprotected Median;4 lanes;0;#NULL!;#NULL!;Smooth Asphalt;#NULL!;Driveway, Public;Motorist Failed to Yield - Midblock;US Route;O: No Injury;Craven;26;Clear;#NULL!;0-5 mph;40 - 45  MPH;2012;Daylight;25-29
35.5858569599, -80.8038032498;"{""type"": ""Point"", ""coordinates"": [-80.80380324979582, 35.58585695987257]}";White;Mooresville;Travel Lane;2;11;Urban (>70% Developed);Female;Sport Utility;0;#NULL!;0;0;White;No;0;11-15;Bicyclist Overtaking - Other / Unknown;None;No;No;Dry;0;Urban;No;15JUN2012;0;11:01;Male;No;Commercial;O: No Injury;No;O: No Injury;2267;June;0;Straight - Grade;Piedmont;With Traffic;Stop And Go Signal;Friday;Intersection;15;0;Two-Way, Not Divided;2 lanes;0;#NULL!;#NULL!;Coarse Asphalt;#NULL!;Four-Way Intersection;Bicyclist Overtaking Motorist;Local Street;O: No Injury;Iredell;67;Clear;#NULL!;16-20 mph;30 - 35  MPH;2012;Daylight;60-69
33.9035466878, -78.0774023461;"{""type"": ""Point"", ""coordinates"": [-78.07740234614327, 33.90354668776888]}";White;Oak Island;Driveway / Alley;2;19;Urban (>70% Developed);Male;Pickup;0;#NULL!;0;0;White;No;0;11-15;Crossing Paths - Uncontrolled Intersection;None;Yes;No;Dry;0;Urban;Yes;26JUN2012;0;19:40;Male;Yes;Residential;B: Evident Injury;Yes;O: No Injury;2268;June;0;Straight - Level;Coastal;Not Applicable;No Control Present;Tuesday;Intersection-Related;13;0;Two-Way, Not Divided;2 lanes;0;#NULL!;#NULL!;Smooth Asphalt;#NULL!;No Special Feature;Crossing Paths - Other Circumstances;Local Street;B: Evident Injury;Brunswick;36;Clear;#NULL!;16-20 mph;20 - 25  MPH;2012;Daylight;30-39
35.7747170776, -78.6567026137;"{""type"": ""Point"", ""coordinates"": [-78.65670261365766, 35.77471707764076]}";White;Raleigh;Multi-use Path;2;15;Urban (>70% Developed);Male;Taxicab;0;#NULL!;0;0;White;No;0;50-59;Bicyclist Ride Through - Signalized Intersection;None;No;No;Dry;0;Urban;No;31JUL2012;0;15:52;Female;No;Institutional;B: Evident Injury;Yes;B: Evident Injury;2269;July;0;Straight - Grade;Piedmont;With Traffic;Stop And Go Signal;Tuesday;Intersection;50;0;Two-Way, Not Divided;2 lanes;0;#NULL!;#NULL!;Smooth Asphalt;#NULL!;Related To Intersection;Bicyclist Failed to Yield - Signalized Intersection;Local Street;B: Evident Injury;Wake;63;Clear;#NULL!;0-5 mph;30 - 35  MPH;2012;Daylight;60-69
35.7407870665, -78.7799026497;"{""type"": ""Point"", ""coordinates"": [-78.77990264969385, 35.74078706645234]}";White;Cary;Travel Lane;2;21;Urban (>70% Developed);Male;Pickup;0;#NULL!;0;0;Black;No;0;50-59;Motorist Drive Out - Sign-Controlled Intersection;None;No;No;Dry;0;Urban;No;18JUL2012;0;21:10;Male;No;Commercial;C: Possible Injury;Yes;O: No Injury;2270;July;0;Straight - Level;Piedmont;Facing Traffic;Stop Sign;Wednesday;Intersection;54;0;Two-Way, Not Divided;5 lanes;0;#NULL!;#NULL!;Smooth Asphalt;#NULL!;T-Intersection;Motorist Failed to Yield - Sign-Controlled Intersection;State Secondary Route;C: Possible Injury;Wake;54;Clear;#NULL!;0-5 mph;30 - 35  MPH;2012;Dark - Lighted Roadway;50-59
36.0984971192, -79.4344028672;"{""type"": ""Point"", ""coordinates"": [-79.43440286715665, 36.09849711916085]}";Black;Alamance;Unknown;2;22;Urban (>70% Developed);Male;Passenger Car;0;#NULL!;0;0;White;No;0;11-15;Bicyclist Ride Out - Midblock - Unknown;None;No;No;Dry;0;Rural;No;25JUL2012;0;22:33;Male;No;Commercial;B: Evident Injury;Yes;O: No Injury;2272;July;0;Straight - Level;Piedmont;Unknown;Stop And Go Signal;Wednesday;Non-Intersection;12;0;One-Way, Not Divided;3 lanes;0;#NULL!;#NULL!;Smooth Asphalt;#NULL!;No Special Feature;Bicyclist Failed to Yield - Midblock;US Route;B: Evident Injury;Alamance;70+;Clear;#NULL!;31-35 mph;30 - 35  MPH;2012;Daylight;70+
36.0328570721, -80.3371031354;"{""type"": ""Point"", ""coordinates"": [-80.33710313544779, 36.032857072128]}";White;Winston-Salem;Travel Lane;2;9;Urban (>70% Developed);Male;Passenger Car;0;#NULL!;0;0;White;No;0;40-49;Motorist Left Turn - Opposite Direction;None;No;No;Dry;0;Urban;No;27JUL2012;0;9:44;Female;No;Commercial;B: Evident Injury;Yes;O: No Injury;2273;July;0;Straight - Grade;Piedmont;With Traffic;No Control Present;Friday;Intersection;41;0;Two-Way, Not Divided;5 lanes;0;#NULL!;#NULL!;Smooth Asphalt;#NULL!;T-Intersection;Motorist Left Turn / Merge;Local Street;B: Evident Injury;Forsyth;70+;Cloudy;#NULL!;Unknown;50 - 55  MPH;2012;Daylight;70+
35.234046898, -80.4505031246;"{""type"": ""Point"", ""coordinates"": [-80.45050312461457, 35.234046897959814]}";White;Stanfield;Travel Lane;2;3;Mixed (30% To 70% Developed);Female;Unknown;0;#NULL!;0;0;Unknown/Missing;No;0;40-49;Bicyclist Left Turn - Same Direction;None;No;No;Dry;0;Rural;Yes;26JUL2012;0;3:04;Unknown;Missing;Commercial;B: Evident Injury;Yes;Unknown Injury;2275;July;0;Straight - Hillcrest;Piedmont;With Traffic;Stop Sign;Thursday;Intersection;44;0;Two-Way, Not Divided;2 lanes;0;#NULL!;#NULL!;Smooth Asphalt;#NULL!;T-Intersection;Bicyclist Left Turn / Merge;State Secondary Route;B: Evident Injury;Stanly;Unknown;Clear;#NULL!;36-40 mph;40 - 45  MPH;2012;Daylight;Unknown
34.6410168277, -78.792602597;"{""type"": ""Point"", ""coordinates"": [-78.7926025970107, 34.64101682768123]}";White;None - Rural Crash;Travel Lane;2;21;Rural (<30% Developed);Female;Passenger Car;0;#NULL!;0;0;White;No;0;30-39;Motorist Turning Error - Left Turn;None;No;No;Dry;0;Rural;No;03AUG2012;0;21:18;Male;No;Farms, Woods, Pastures;C: Possible Injury;No;O: No Injury;2278;August;0;Straight - Level;Coastal;With Traffic;Stop Sign;Friday;Intersection;36;0;Two-Way, Not Divided;2 lanes;0;#NULL!;#NULL!;Smooth Asphalt;#NULL!;T-Intersection;Loss of Control / Turning Error;State Secondary Route;C: Possible Injury;Bladen;17;Clear;#NULL!;21-25 mph;50 - 55  MPH;2012;Dark - Roadway Not Lighted;0-19
36.1662772606, -75.7539017463;"{""type"": ""Point"", ""coordinates"": [-75.75390174627384, 36.16627726062538]}";White;Duck;Bike Lane / Paved Shoulder;2;19;Urban (>70% Developed);Male;Passenger Car;0;#NULL!;0;0;White;No;0;16-19;Crossing Paths - Uncontrolled Intersection;None;No;No;Dry;0;Rural;No;26JUL2012;0;19:43;Male;No;Commercial;O: No Injury;Yes;O: No Injury;2280;July;0;Straight - Level;Coastal;Facing Traffic;No Control Present;Thursday;Intersection;17;0;Two-Way, Not Divided;Unknown;0;#NULL!;#NULL!;Smooth Asphalt;#NULL!;No Special Feature;Crossing Paths - Other Circumstances;NC Route;Unknown Injury;Dare;22;Clear;#NULL!;0-5 mph;5 - 15 MPH;2012;Daylight;20-24