Geo Point;Geo Shape;BikeRace;City;BikePos;NumUnits;CrashHour;Locality;BikeSex;DrvrVehTyp;NumBikesNo;BikeAlcDrg;NumBikesBI;RteInvdCd;DrvrRace;Workzone;NumBikesCi;BikeAgeGrp;CrashType;RdDefects;CrashAlcoh;BikeAlcoho;RdConditio;DstncMiFrm;RuralUrban;HitRun;CrashDate;NumBikesUI;CrashTime;DrvrSex;DrvrAlcoho;Developmen;CrashSevr;AmbulanceR;DrvrInjury;OBJECTID;CrashMonth;NumBikesKi;RdCharacte;Region;BikeDir;TraffCntrl;CrashDay;CrashLoc;BikeAge;NumBikesTo;RdConfig;NumLanes;NumBikesAI;DrvrAlcDrg;OnRoad;RdSurface;Towrd_Rd;RdFeature;CrashGrp;RdClass;BikeInjury;County;DrvrAge;Weather;FrmRd;DrvrEstSpd;SpeedLimit;CrashYear;LightCond;DrvrAgeGrp
34.5017368214, -78.0564023675;"{""type"": ""Point"", ""coordinates"": [-78.05640236746476, 34.50173682136581]}";Black;None - Rural Crash;Travel Lane;2;15;Rural (<30% Developed);Male;Sport Utility;0;#NULL!;0;0;White;No;0;50-59;Motorist Overtaking - Bicyclist Swerved;None;No;No;Dry;0;Rural;No;29JUL2012;0;15:30;Male;No;Farms, Woods, Pastures;A: Disabling Injury;Yes;O: No Injury;2290;July;0;Straight - Level;Coastal;With Traffic;Double Yellow Line, No Passing Zone;Sunday;Non-Intersection;57;0;Two-Way, Not Divided;2 lanes;0;#NULL!;#NULL!;Coarse Asphalt;#NULL!;No Special Feature;Motorist Overtaking Bicyclist;State Secondary Route;A: Disabling Injury;Pender;43;Clear;#NULL!;51-55 mph;50 - 55  MPH;2012;Daylight;40-49
35.2181068814, -80.8144032324;"{""type"": ""Point"", ""coordinates"": [-80.8144032324305, 35.21810688138471]}";White;Charlotte;Travel Lane;2;20;Urban (>70% Developed);Male;Sport Utility;0;#NULL!;0;0;White;No;0;16-19;Parallel Paths - Other / Unknown;None;No;No;Dry;0;Urban;No;13AUG2012;0;20:06;Male;No;Commercial;C: Possible Injury;No;O: No Injury;2303;August;0;Straight - Level;Piedmont;With Traffic;No Control Present;Monday;Non-Intersection;19;0;Two-Way, Not Divided;2 lanes;0;#NULL!;#NULL!;Smooth Asphalt;#NULL!;No Special Feature;Parallel Paths - Other Circumstances;Local Street;C: Possible Injury;Mecklenburg;51;Clear;#NULL!;11-15 mph;30 - 35  MPH;2012;Dusk;50-59
35.7810069995, -80.8403032712;"{""type"": ""Point"", ""coordinates"": [-80.84030327118772, 35.78100699950871]}";Black;None - Rural Crash;Travel Lane;2;18;Rural (<30% Developed);Female;Motorcycle;0;#NULL!;0;0;Unknown/Missing;No;0;6-10;Head-On - Motorist;None;No;No;Dry;0;Rural;Yes;13AUG2012;0;18:30;Unknown;No;Residential;B: Evident Injury;Yes;Unknown Injury;2304;August;0;Straight - Grade;Piedmont;With Traffic;No Control Present;Monday;Non-Intersection;9;0;Two-Way, Not Divided;2 lanes;0;#NULL!;#NULL!;Smooth Asphalt;#NULL!;No Special Feature;Head-On;State Secondary Route;B: Evident Injury;Iredell;Unknown;Clear;#NULL!;16-20 mph;30 - 35  MPH;2012;Daylight;Unknown
34.677856888, -77.2106021196;"{""type"": ""Point"", ""coordinates"": [-77.21060211962329, 34.67785688804887]}";White;None - Rural Crash;Non-Roadway;2;22;Urban (>70% Developed);Female;Passenger Car;0;#NULL!;0;0;Unknown/Missing;No;0;6-10;Non-Roadway;None;No;No;Dry;0;Rural;No;13AUG2012;0;22:49;Unknown;Missing;Commercial;O: No Injury;No;Unknown Injury;2313;August;0;Straight - Level;Coastal;Not Applicable;No Control Present;Monday;Non-Roadway;9;0;Two-Way, Not Divided;Unknown;0;#NULL!;#NULL!;Smooth Asphalt;#NULL!;Driveway, Public;Non-Roadway;Public Vehicular Area;O: No Injury;Onslow;Unknown;Clear;#NULL!;0-5 mph;5 - 15 MPH;2012;Daylight;Unknown
36.01718712, -78.9216027075;"{""type"": ""Point"", ""coordinates"": [-78.92160270752571, 36.017187119996464]}";White;Durham;Sidewalk / Crosswalk / Driveway Crossing;2;14;Urban (>70% Developed);Male;Passenger Car;0;#NULL!;0;0;White;No;0;25-29;Motorist Left Turn - Opposite Direction;None;No;No;Dry;0;Urban;No;16AUG2012;0;14:18;Female;No;Residential;C: Possible Injury;Yes;O: No Injury;2315;August;0;Straight - Level;Piedmont;With Traffic;Stop And Go Signal;Thursday;Intersection;29;0;Two-Way, Not Divided;3 lanes;0;#NULL!;#NULL!;Coarse Asphalt;#NULL!;No Special Feature;Motorist Left Turn / Merge;Local Street;C: Possible Injury;Durham;48;Clear;#NULL!;6-10 mph;30 - 35  MPH;2012;Daylight;40-49
35.9932471173, -78.8688026902;"{""type"": ""Point"", ""coordinates"": [-78.86880269022996, 35.99324711733805]}";Unknown/Missing;Durham;Non-Roadway;2;15;Urban (>70% Developed);Unknown;Sport Utility;0;#NULL!;0;0;Black;No;0;Unknown;Non-Roadway;None;No;Missing;Dry;0;Urban;No;15AUG2012;0;15:23;Female;No;Commercial;O: No Injury;No;O: No Injury;2318;August;0;Straight - Level;Piedmont;Not Applicable;No Control Present;Wednesday;Non-Roadway;Unknown;0;Two-Way, Not Divided;Unknown;0;#NULL!;#NULL!;Smooth Asphalt;#NULL!;No Special Feature;Non-Roadway;Public Vehicular Area;Unknown Injury;Durham;34;Clear;#NULL!;0-5 mph;5 - 15 MPH;2012;Daylight;30-39
36.212417058, -81.6808035475;"{""type"": ""Point"", ""coordinates"": [-81.68080354746286, 36.21241705795162]}";White;Boone;Bike Lane / Paved Shoulder;2;13;Urban (>70% Developed);Male;Passenger Car;0;#NULL!;0;0;White;No;0;20-24;Motorist Right Turn - Same Direction;None;No;No;Dry;0;Urban;No;20AUG2012;0;13:30;Male;No;Institutional;O: No Injury;No;O: No Injury;2323;August;0;Straight - Level;Mountains;With Traffic;No Control Present;Monday;Non-Intersection;20;0;Two-Way, Not Divided;6 lanes;0;#NULL!;#NULL!;Smooth Asphalt;#NULL!;No Special Feature;Motorist Right Turn / Merge;Local Street;O: No Injury;Watauga;30;Clear;#NULL!;0-5 mph;20 - 25  MPH;2012;Daylight;30-39
36.1271071012, -80.0691030604;"{""type"": ""Point"", ""coordinates"": [-80.06910306037224, 36.12710710124627]}";White;Kernersville;Non-Roadway;2;7;Urban (>70% Developed);Male;Passenger Car;0;#NULL!;0;0;White;No;0;16-19;Bicyclist Ride Out - Commercial Driveway / Alley;None;No;No;Dry;0;Urban;No;13AUG2012;0;7:16;Female;No;Commercial;B: Evident Injury;Yes;O: No Injury;2327;August;0;Straight - Level;Piedmont;Not Applicable;No Control Present;Monday;Non-Intersection;16;0;Two-Way, Not Divided;2 lanes;0;#NULL!;#NULL!;Smooth Asphalt;#NULL!;No Special Feature;Bicyclist Failed to Yield - Midblock;Local Street;B: Evident Injury;Forsyth;18;Clear;#NULL!;26-30 mph;20 - 25  MPH;2012;Dark - Lighted Roadway;0-19
36.043767094, -79.8040029749;"{""type"": ""Point"", ""coordinates"": [-79.80400297485474, 36.04376709403946]}";Black;Greensboro;Travel Lane;2;12;Urban (>70% Developed);Male;Passenger Car;0;#NULL!;0;0;Black;No;0;11-15;Bicyclist Ride Through - Sign-Controlled Intersection;None;No;No;Dry;0;Urban;No;17AUG2012;0;12:15;Male;No;Residential;B: Evident Injury;Yes;O: No Injury;2331;August;0;Straight - Grade;Piedmont;With Traffic;Stop Sign;Friday;Intersection;11;0;Two-Way, Not Divided;1 lane;0;#NULL!;#NULL!;Smooth Asphalt;#NULL!;Four-Way Intersection;Bicyclist Failed to Yield - Sign-Controlled Intersection;Local Street;B: Evident Injury;Guilford;56;Clear;#NULL!;26-30 mph;30 - 35  MPH;2012;Daylight;50-59
36.0701870998, -79.7916029733;"{""type"": ""Point"", ""coordinates"": [-79.7916029733383, 36.070187099843835]}";Black;Greensboro;Sidewalk / Crosswalk / Driveway Crossing;2;12;Urban (>70% Developed);Male;Sport Utility;0;#NULL!;0;0;Black;No;0;20-24;Motorist Drive Out - Right Turn on Red;None;No;No;Dry;0;Urban;No;22AUG2012;0;12:54;Male;No;Commercial;C: Possible Injury;Yes;O: No Injury;2333;August;0;Straight - Level;Piedmont;Facing Traffic;Stop And Go Signal;Wednesday;Intersection;20;0;Two-Way, Not Divided;2 lanes;0;#NULL!;#NULL!;Smooth Asphalt;#NULL!;Four-Way Intersection;Motorist Failed to Yield - Signalized Intersection;Local Street;C: Possible Injury;Guilford;22;Cloudy;#NULL!;0-5 mph;20 - 25  MPH;2012;Daylight;20-24
35.7569870714, -78.7217026328;"{""type"": ""Point"", ""coordinates"": [-78.7217026328066, 35.756987071394676]}";Black;Raleigh;Travel Lane;2;3;Urban (>70% Developed);Male;Single Unit Truck (2-Axle, 6-Tire);0;#NULL!;0;0;Black;No;0;40-49;Motorist Overtaking - Other / Unknown;None;Yes;Yes;Wet;0;Urban;No;20AUG2012;0;3:36;Male;No;Residential;K: Killed;Yes;O: No Injury;2338;August;0;Curve - Level;Piedmont;With Traffic;No Control Present;Monday;Non-Intersection;44;0;Two-Way, Divided, Positive Median Barrier;6 lanes;0;#NULL!;#NULL!;Smooth Asphalt;#NULL!;No Special Feature;Motorist Overtaking Bicyclist;Interstate;K: Killed;Wake;33;Cloudy;#NULL!;61-65 mph;60 - 75 MPH;2012;Dark - Roadway Not Lighted;30-39
35.7786070804, -78.614602601;"{""type"": ""Point"", ""coordinates"": [-78.61460260104658, 35.77860708038083]}";Black;Raleigh;Travel Lane;2;15;Urban (>70% Developed);Male;Sport Utility;0;#NULL!;0;0;Black;No;0;6-10;Sign-Controlled Intersection - Other / Unknown;Other;No;No;Dry;0;Urban;No;23AUG2012;0;15:55;Female;No;Residential;C: Possible Injury;Yes;O: No Injury;2340;August;0;Straight - Level;Piedmont;With Traffic;Stop Sign;Thursday;Intersection;10;0;Two-Way, Not Divided;4 lanes;0;#NULL!;#NULL!;Coarse Asphalt;#NULL!;T-Intersection;Crossing Paths - Other Circumstances;Local Street;C: Possible Injury;Wake;34;Clear;#NULL!;0-5 mph;20 - 25  MPH;2012;Daylight;30-39
36.0508470941, -79.8441029876;"{""type"": ""Point"", ""coordinates"": [-79.8441029876131, 36.05084709413318]}";Black;Greensboro;Sidewalk / Crosswalk / Driveway Crossing;2;20;Urban (>70% Developed);Male;Passenger Car;0;#NULL!;0;0;White;No;0;20-24;Motorist Drive Out - Right Turn on Red;None;No;No;Dry;0;Urban;No;23AUG2012;0;20:59;Male;No;Residential;C: Possible Injury;Yes;O: No Injury;2342;August;0;Straight - Level;Piedmont;Facing Traffic;Stop And Go Signal;Thursday;Intersection;21;0;Two-Way, Divided, Unprotected Median;8 lanes;0;#NULL!;#NULL!;Coarse Asphalt;#NULL!;Four-Way Intersection;Motorist Failed to Yield - Signalized Intersection;Local Street;C: Possible Injury;Guilford;25;Clear;#NULL!;0-5 mph;40 - 45  MPH;2012;Dark - Lighted Roadway;25-29
35.9654871082, -78.9568027146;"{""type"": ""Point"", ""coordinates"": [-78.95680271461342, 35.96548710817646]}";Black;Durham;Sidewalk / Crosswalk / Driveway Crossing;2;11;Urban (>70% Developed);Male;Passenger Car;0;#NULL!;0;0;White;No;0;30-39;Motorist Drive Out - Commercial Driveway / Alley;None;No;No;Dry;0;Urban;No;24AUG2012;0;11:11;Female;No;Residential;O: No Injury;No;O: No Injury;2344;August;0;Straight - Level;Piedmont;Facing Traffic;No Control Present;Friday;Non-Intersection;35;0;Two-Way, Not Divided;2 lanes;0;#NULL!;#NULL!;Coarse Asphalt;#NULL!;Driveway, Public;Motorist Failed to Yield - Midblock;Public Vehicular Area;O: No Injury;Durham;51;Clear;#NULL!;0-5 mph;5 - 15 MPH;2012;Daylight;50-59
35.7550370993, -77.9254023904;"{""type"": ""Point"", ""coordinates"": [-77.9254023904357, 35.7550370993446]}";Black;Wilson;Travel Lane;2;19;Urban (>70% Developed);Male;Passenger Car;0;#NULL!;0;0;Black;No;0;16-19;Bicyclist Ride Out - Signalized  Intersection;None;No;No;Dry;0;Urban;No;28JUL2012;0;19:37;Male;No;Commercial;C: Possible Injury;Yes;O: No Injury;2359;July;0;Straight - Level;Coastal;Facing Traffic;Stop And Go Signal;Saturday;Intersection;16;0;Two-Way, Not Divided;5 lanes;0;#NULL!;#NULL!;Coarse Asphalt;#NULL!;Four-Way Intersection;Bicyclist Failed to Yield - Signalized Intersection;Local Street;C: Possible Injury;Wilson;66;Clear;#NULL!;36-40 mph;40 - 45  MPH;2012;Daylight;60-69
35.7172770912, -77.9217023877;"{""type"": ""Point"", ""coordinates"": [-77.92170238769215, 35.717277091235324]}";Unknown/Missing;Wilson;Travel Lane;2;13;Urban (>70% Developed);Unknown;Passenger Car;0;#NULL!;0;0;Black;No;0;Unknown;Motorist Drive Out - Sign-Controlled Intersection;None;No;Missing;Dry;0;Urban;No;18AUG2012;0;13:56;Male;No;Commercial;O: No Injury;No;O: No Injury;2361;August;0;Straight - Level;Coastal;Facing Traffic;Stop Sign;Saturday;Intersection-Related;Unknown;0;Two-Way, Not Divided;2 lanes;0;#NULL!;#NULL!;Smooth Asphalt;#NULL!;No Special Feature;Motorist Failed to Yield - Sign-Controlled Intersection;Local Street;Unknown Injury;Wilson;69;Clear;#NULL!;0-5 mph;30 - 35  MPH;2012;Daylight;60-69
35.7751070779, -78.6566026141;"{""type"": ""Point"", ""coordinates"": [-78.65660261405237, 35.775107077878474]}";White;Raleigh;Sidewalk / Crosswalk / Driveway Crossing;2;8;Urban (>70% Developed);Female;Van;0;#NULL!;0;0;White;No;0;20-24;Motorist Drive Out - Signalized Intersection;None;No;No;Dry;0;Urban;No;24AUG2012;0;8:40;Male;Missing;Commercial;C: Possible Injury;Yes;O: No Injury;2368;August;0;Straight - Level;Piedmont;Facing Traffic;Stop And Go Signal;Friday;Intersection;20;0;Two-Way, Not Divided;2 lanes;0;#NULL!;#NULL!;Coarse Asphalt;#NULL!;No Special Feature;Motorist Failed to Yield - Signalized Intersection;Local Street;C: Possible Injury;Wake;31;Clear;#NULL!;0-5 mph;40 - 45  MPH;2012;Dark - Lighted Roadway;30-39
35.5911768949, -82.559003771;"{""type"": ""Point"", ""coordinates"": [-82.55900377098627, 35.591176894930584]}";White;Asheville;Travel Lane;2;23;Urban (>70% Developed);Male;Sport Utility;0;#NULL!;0;0;White;No;0;20-24;Bicyclist Lost Control - Other / Unknown;None;No;No;Wet;0;Urban;No;22AUG2012;0;23:26;Male;No;Commercial;B: Evident Injury;Yes;O: No Injury;2370;August;0;Straight - Grade;Mountains;With Traffic;Stop And Go Signal;Wednesday;Intersection;21;0;Two-Way, Not Divided;3 lanes;0;#NULL!;#NULL!;Smooth Asphalt;#NULL!;Four-Way Intersection;Loss of Control / Turning Error;Local Street;B: Evident Injury;Buncombe;62;Rain;#NULL!;16-20 mph;30 - 35  MPH;2012;Dark - Lighted Roadway;60-69
35.8731970982, -78.6857026284;"{""type"": ""Point"", ""coordinates"": [-78.68570262844304, 35.873197098169555]}";White;Raleigh;Travel Lane;2;5;Urban (>70% Developed);Female;Sport Utility;0;#NULL!;0;0;White;No;0;40-49;Motorist Overtaking - Misjudged Space;None;No;No;Dry;0;Urban;No;24AUG2012;0;5:27;Male;No;Residential;C: Possible Injury;No;O: No Injury;2376;August;0;Straight - Hillcrest;Piedmont;With Traffic;No Control Present;Friday;Non-Intersection;47;0;Two-Way, Not Divided;5 lanes;0;#NULL!;#NULL!;Coarse Asphalt;#NULL!;No Special Feature;Motorist Overtaking Bicyclist;Local Street;C: Possible Injury;Wake;35;Clear;#NULL!;36-40 mph;40 - 45  MPH;2012;Dark - Lighted Roadway;30-39
36.0364071928, -76.962102111;"{""type"": ""Point"", ""coordinates"": [-76.96210211095251, 36.036407192798876]}";Black;None - Rural Crash;Travel Lane;2;15;Rural (<30% Developed);Male;Passenger Car;0;#NULL!;0;0;Black;No;0;16-19;Motorist Overtaking - Bicyclist Swerved;None;No;No;Dry;0;Rural;No;03SEP2012;0;15:41;Male;No;Residential;B: Evident Injury;Yes;O: No Injury;2377;September;0;Straight - Level;Coastal;With Traffic;Double Yellow Line, No Passing Zone;Monday;Non-Intersection;16;0;Two-Way, Not Divided;2 lanes;0;#NULL!;#NULL!;Coarse Asphalt;#NULL!;No Special Feature;Motorist Overtaking Bicyclist;US Route;B: Evident Injury;Bertie;17;Clear;#NULL!;41-45 mph;50 - 55  MPH;2012;Daylight;0-19
36.138217112, -79.8473029936;"{""type"": ""Point"", ""coordinates"": [-79.84730299360359, 36.13821711200574]}";White;Greensboro;Sidewalk / Crosswalk / Driveway Crossing;2;18;Urban (>70% Developed);Female;Passenger Car;0;#NULL!;0;0;Black;No;0;6-10;Motorist Drive Out - Right Turn on Red;None;No;No;Dry;0;Urban;No;06MAY2012;0;18:22;Female;No;Residential;B: Evident Injury;Yes;O: No Injury;2378;May;0;Straight - Level;Piedmont;With Traffic;Stop And Go Signal;Sunday;Intersection;10;0;Two-Way, Not Divided;3 lanes;0;#NULL!;#NULL!;Smooth Asphalt;#NULL!;Four-Way Intersection;Motorist Failed to Yield - Signalized Intersection;Local Street;B: Evident Injury;Guilford;29;Clear;#NULL!;6-10 mph;30 - 35  MPH;2012;Daylight;25-29
35.3123568868, -81.2061033544;"{""type"": ""Point"", ""coordinates"": [-81.20610335439366, 35.312356886808885]}";White;None - Rural Crash;Travel Lane;2;21;Mixed (30% To 70% Developed);Male;Passenger Car;0;#NULL!;0;0;White;No;0;40-49;Motorist Overtaking - Other / Unknown;None;Yes;Yes;Dry;0;Rural;No;05SEP2012;0;21:45;Female;No;Residential;B: Evident Injury;Yes;O: No Injury;2382;September;0;Straight - Level;Piedmont;With Traffic;Double Yellow Line, No Passing Zone;Wednesday;Intersection-Related;43;0;Two-Way, Not Divided;2 lanes;0;#NULL!;#NULL!;Coarse Asphalt;#NULL!;T-Intersection;Motorist Overtaking Bicyclist;NC Route;B: Evident Injury;Gaston;23;Clear;#NULL!;31-35 mph;40 - 45  MPH;2012;Dark - Lighted Roadway;20-24
35.5910968944, -82.5589037714;"{""type"": ""Point"", ""coordinates"": [-82.55890377142588, 35.591096894351224]}";White;Asheville;Travel Lane;2;12;Urban (>70% Developed);Female;Passenger Car;0;#NULL!;0;0;White;No;0;16-19;Signalized Intersection - Other / Unknown;None;No;No;Dry;0;Urban;No;29AUG2012;0;12:21;Male;No;Commercial;C: Possible Injury;Yes;O: No Injury;2383;August;0;Straight - Level;Mountains;With Traffic;Stop And Go Signal;Wednesday;Intersection;19;0;Two-Way, Not Divided;3 lanes;0;#NULL!;#NULL!;Coarse Asphalt;#NULL!;T-Intersection;Crossing Paths - Other Circumstances;Local Street;C: Possible Injury;Buncombe;70+;Cloudy;#NULL!;6-10 mph;20 - 25  MPH;2012;Daylight;70+
35.1766369239, -79.3905028042;"{""type"": ""Point"", ""coordinates"": [-79.39050280417082, 35.176636923891614]}";White;Southern Pines;Sidewalk / Crosswalk / Driveway Crossing;2;14;Mixed (30% To 70% Developed);Male;Passenger Car;0;#NULL!;0;0;White;No;0;11-15;Bicyclist Ride Through - Sign-Controlled Intersection;None;No;No;Wet;0;Urban;No;19AUG2012;0;14:32;Female;No;Commercial;C: Possible Injury;Yes;O: No Injury;2385;August;0;Straight - Grade;Piedmont;With Traffic;Stop Sign;Sunday;Intersection;12;0;Two-Way, Not Divided;2 lanes;0;#NULL!;#NULL!;Coarse Asphalt;#NULL!;Four-Way Intersection;Bicyclist Failed to Yield - Sign-Controlled Intersection;Local Street;C: Possible Injury;Moore;70+;Rain;#NULL!;31-35 mph;30 - 35  MPH;2012;Daylight;70+
35.5107670636, -77.4094022216;"{""type"": ""Point"", ""coordinates"": [-77.40940222161913, 35.51076706362744]}";Black;Winterville;Bike Lane / Paved Shoulder;2;21;Rural (<30% Developed);Male;Unknown;0;#NULL!;0;0;Unknown/Missing;No;0;16-19;Motorist Overtaking - Other / Unknown;None;No;No;Dry;0;Urban;Yes;30JUL2012;0;21:55;Unknown;Missing;Farms, Woods, Pastures;C: Possible Injury;Yes;Unknown Injury;2387;July;0;Straight - Level;Coastal;With Traffic;No Control Present;Monday;Non-Intersection;18;0;Two-Way, Not Divided;2 lanes;0;#NULL!;#NULL!;Smooth Asphalt;#NULL!;No Special Feature;Motorist Overtaking Bicyclist;NC Route;C: Possible Injury;Pitt;Unknown;Clear;#NULL!;51-55 mph;50 - 55  MPH;2012;Dark - Roadway Not Lighted;Unknown
35.948997145, -77.8178023688;"{""type"": ""Point"", ""coordinates"": [-77.81780236879337, 35.94899714499725]}";Black;Rocky Mount;Travel Lane;2;19;Urban (>70% Developed);Male;Truck/Trailer;0;#NULL!;0;0;Black;No;0;11-15;Bicyclist Ride Through - Sign-Controlled Intersection;None;No;No;Dry;0;Urban;No;15AUG2012;0;19:45;Male;No;Residential;B: Evident Injury;Yes;O: No Injury;2389;August;0;Curve - Grade;Coastal;With Traffic;Stop Sign;Wednesday;Intersection-Related;14;0;One-Way, Not Divided;2 lanes;0;#NULL!;#NULL!;Smooth Asphalt;#NULL!;T-Intersection;Bicyclist Failed to Yield - Sign-Controlled Intersection;Local Street;B: Evident Injury;Nash;58;Clear;#NULL!;31-35 mph;30 - 35  MPH;2012;Daylight;50-59
35.9319671413, -77.8118023653;"{""type"": ""Point"", ""coordinates"": [-77.81180236533774, 35.9319671413026]}";Black;Rocky Mount;Non-Roadway;2;12;Urban (>70% Developed);Male;Passenger Car;0;#NULL!;0;0;White;No;0;11-15;Motorist Left Turn - Opposite Direction;None;No;No;Dry;0;Urban;No;22AUG2012;0;12:21;Male;No;Commercial;B: Evident Injury;Yes;O: No Injury;2394;August;0;Straight - Level;Coastal;Not Applicable;Stop Sign;Wednesday;Intersection;14;0;Two-Way, Divided, Unprotected Median;3 lanes;0;#NULL!;#NULL!;Smooth Asphalt;#NULL!;T-Intersection;Motorist Left Turn / Merge;Local Street;B: Evident Injury;Nash;39;Clear;#NULL!;11-15 mph;30 - 35  MPH;2012;Daylight;30-39
35.0081768357, -80.8249032242;"{""type"": ""Point"", ""coordinates"": [-80.82490322423114, 35.008176835727895]}";White;Marvin;Travel Lane;2;18;Rural (<30% Developed);Female;Pickup;0;#NULL!;0;0;Hispanic;No;0;40-49;Bicyclist Lost Control - Other / Unknown;None;No;No;Dry;0;Rural;No;07SEP2012;0;18:02;Female;No;Farms, Woods, Pastures;B: Evident Injury;Yes;O: No Injury;2396;September;0;Curve - Grade;Piedmont;With Traffic;Double Yellow Line, No Passing Zone;Friday;Non-Intersection;46;0;Two-Way, Not Divided;2 lanes;0;#NULL!;#NULL!;Smooth Asphalt;#NULL!;No Special Feature;Loss of Control / Turning Error;State Secondary Route;B: Evident Injury;Union;39;Clear;#NULL!;36-40 mph;40 - 45  MPH;2012;Daylight;30-39
35.571687077, -77.4031022219;"{""type"": ""Point"", ""coordinates"": [-77.40310222190716, 35.57168707699975]}";White;Greenville;Sidewalk / Crosswalk / Driveway Crossing;2;18;Urban (>70% Developed);Male;Passenger Car;0;#NULL!;0;0;Black;No;0;40-49;Motorist Drive Out - Commercial Driveway / Alley;None;No;No;Dry;0;Urban;No;14AUG2012;0;18:42;Male;No;Commercial;O: No Injury;No;O: No Injury;2408;August;0;Straight - Level;Coastal;Facing Traffic;Stop And Go Signal;Tuesday;Non-Intersection;48;0;Two-Way, Divided, Unprotected Median;3 lanes;0;#NULL!;#NULL!;Coarse Asphalt;#NULL!;No Special Feature;Motorist Failed to Yield - Midblock;Local Street;O: No Injury;Pitt;41;Clear;#NULL!;0-5 mph;5 - 15 MPH;2012;Daylight;40-49
35.5411270291, -78.6295025937;"{""type"": ""Point"", ""coordinates"": [-78.62950259374844, 35.541127029073806]}";White;None - Rural Crash;Travel Lane;2;17;Rural (<30% Developed);Male;Motorcycle;0;#NULL!;0;0;Black;No;0;11-15;Motorist Overtaking - Bicyclist Swerved;None;No;No;Dry;0;Rural;No;04SEP2012;0;17:21;Male;No;Residential;B: Evident Injury;Yes;B: Evident Injury;2413;September;0;Straight - Level;Coastal;With Traffic;Double Yellow Line, No Passing Zone;Tuesday;Non-Intersection;14;0;Two-Way, Not Divided;2 lanes;0;#NULL!;#NULL!;Gravel;#NULL!;No Special Feature;Motorist Overtaking Bicyclist;State Secondary Route;B: Evident Injury;Johnston;30;Clear;#NULL!;51-55 mph;40 - 45  MPH;2012;Daylight;30-39
34.0778767265, -78.0972023602;"{""type"": ""Point"", ""coordinates"": [-78.0972023601805, 34.07787672646571]}";White;None - Rural Crash;Travel Lane;2;20;Rural (<30% Developed);Male;Passenger Car;0;#NULL!;0;0;White;No;0;20-24;Motorist Overtaking - Other / Unknown;None;No;No;Dry;0;Rural;No;08SEP2012;0;20:25;Male;No;Farms, Woods, Pastures;B: Evident Injury;Yes;O: No Injury;2414;September;0;Straight - Level;Coastal;With Traffic;Double Yellow Line, No Passing Zone;Saturday;Non-Intersection;24;0;Two-Way, Not Divided;2 lanes;0;#NULL!;#NULL!;Smooth Asphalt;#NULL!;No Special Feature;Motorist Overtaking Bicyclist;NC Route;B: Evident Injury;Brunswick;32;Clear;#NULL!;51-55 mph;50 - 55  MPH;2012;Dark - Roadway Not Lighted;30-39
34.7693369026, -77.3941021802;"{""type"": ""Point"", ""coordinates"": [-77.39410218018239, 34.769336902599136]}";White;Jacksonville;Travel Lane;2;18;Urban (>70% Developed);Male;Passenger Car;0;#NULL!;0;0;White;No;0;50-59;Motorist Overtaking - Other / Unknown;None;No;No;Dry;0;Urban;No;30AUG2012;0;18:16;Female;No;Commercial;B: Evident Injury;Yes;O: No Injury;2415;August;0;Straight - Level;Coastal;With Traffic;No Control Present;Thursday;Non-Intersection;57;0;Two-Way, Divided, Unprotected Median;3 lanes;0;#NULL!;#NULL!;Smooth Asphalt;#NULL!;No Special Feature;Motorist Overtaking Bicyclist;Local Street;B: Evident Injury;Onslow;24;Clear;#NULL!;31-35 mph;30 - 35  MPH;2012;Daylight;20-24
35.9794671133, -78.8918026966;"{""type"": ""Point"", ""coordinates"": [-78.89180269663086, 35.979467113275675]}";Black;Durham;Travel Lane;2;1;Urban (>70% Developed);Male;Passenger Car;0;#NULL!;0;0;Unknown/Missing;No;0;30-39;Signalized Intersection - Other / Unknown;None;Yes;Yes;Wet;0;Urban;Yes;09SEP2012;0;1:40;Unknown;Missing;Residential;A: Disabling Injury;Yes;Unknown Injury;2417;September;0;Straight - Level;Piedmont;With Traffic;Other;Sunday;Intersection;36;0;Two-Way, Divided, Unprotected Median;4 lanes;0;#NULL!;#NULL!;Coarse Asphalt;#NULL!;No Special Feature;Crossing Paths - Other Circumstances;Local Street;A: Disabling Injury;Durham;Unknown;Rain;#NULL!;31-35 mph;40 - 45  MPH;2012;Dark - Unknown Lighting;Unknown
36.0642170981, -79.8001029756;"{""type"": ""Point"", ""coordinates"": [-79.80010297558415, 36.06421709805388]}";White;Greensboro;Travel Lane;2;13;Urban (>70% Developed);Male;Passenger Car;0;#NULL!;0;0;Unknown/Missing;No;0;40-49;Motorist Drive Out - Sign-Controlled Intersection;None;No;No;Dry;0;Urban;No;14SEP2012;0;13:24;Male;No;Residential;C: Possible Injury;Yes;O: No Injury;2418;September;0;Straight - Level;Piedmont;Facing Traffic;Stop Sign;Friday;Intersection;41;0;Two-Way, Not Divided;5 lanes;0;#NULL!;#NULL!;Smooth Asphalt;#NULL!;T-Intersection;Motorist Failed to Yield - Sign-Controlled Intersection;Local Street;C: Possible Injury;Guilford;56;Clear;#NULL!;6-10 mph;30 - 35  MPH;2012;Daylight;50-59