Geo Point;Geo Shape;BikeRace;City;BikePos;NumUnits;CrashHour;Locality;BikeSex;DrvrVehTyp;NumBikesNo;BikeAlcDrg;NumBikesBI;RteInvdCd;DrvrRace;Workzone;NumBikesCi;BikeAgeGrp;CrashType;RdDefects;CrashAlcoh;BikeAlcoho;RdConditio;DstncMiFrm;RuralUrban;HitRun;CrashDate;NumBikesUI;CrashTime;DrvrSex;DrvrAlcoho;Developmen;CrashSevr;AmbulanceR;DrvrInjury;OBJECTID;CrashMonth;NumBikesKi;RdCharacte;Region;BikeDir;TraffCntrl;CrashDay;CrashLoc;BikeAge;NumBikesTo;RdConfig;NumLanes;NumBikesAI;DrvrAlcDrg;OnRoad;RdSurface;Towrd_Rd;RdFeature;CrashGrp;RdClass;BikeInjury;County;DrvrAge;Weather;FrmRd;DrvrEstSpd;SpeedLimit;CrashYear;LightCond;DrvrAgeGrp
35.6187570874, -77.4191022297;"{""type"": ""Point"", ""coordinates"": [-77.41910222973621, 35.61875708739981]}";Black;Greenville;Non-Roadway;2;17;Urban (>70% Developed);Male;Passenger Car;0;#NULL!;0;0;Black;No;0;11-15;Non-Roadway;None;No;No;Dry;0;Urban;No;03SEP2012;0;17:20;Female;No;Residential;C: Possible Injury;Yes;O: No Injury;2425;September;0;Curve - Bottom;Coastal;Not Applicable;No Control Present;Monday;Non-Roadway;11;0;Two-Way, Not Divided;2 lanes;0;#NULL!;#NULL!;Coarse Asphalt;#NULL!;No Special Feature;Non-Roadway;Public Vehicular Area;C: Possible Injury;Pitt;23;Clear;#NULL!;11-15 mph;20 - 25  MPH;2012;Daylight;20-24
35.9297270993, -78.9894027232;"{""type"": ""Point"", ""coordinates"": [-78.98940272323895, 35.929727099295626]}";White;None - Rural Crash;Travel Lane;2;9;Rural (<30% Developed);Male;Passenger Car;0;#NULL!;0;0;Black;No;0;40-49;Motorist Turning Error - Left Turn;None;No;No;Dry;0;Rural;No;19SEP2012;0;9:58;Female;No;Farms, Woods, Pastures;C: Possible Injury;Yes;O: No Injury;2428;September;0;Straight - Level;Piedmont;With Traffic;Stop And Go Signal;Wednesday;Intersection;49;0;Two-Way, Not Divided;3 lanes;0;#NULL!;#NULL!;Coarse Asphalt;#NULL!;No Special Feature;Loss of Control / Turning Error;State Secondary Route;C: Possible Injury;Durham;29;Clear;#NULL!;21-25 mph;40 - 45  MPH;2012;Daylight;25-29
35.7146470661, -78.6155025986;"{""type"": ""Point"", ""coordinates"": [-78.61550259857297, 35.71464706606052]}";Black;Garner;Travel Lane;2;23;Urban (>70% Developed);Male;Passenger Car;0;#NULL!;0;0;White;No;0;16-19;Backing Vehicle;None;Yes;Yes;Dry;0;Urban;No;25AUG2012;0;23:28;Male;No;Residential;C: Possible Injury;Yes;O: No Injury;2435;August;0;Straight - Level;Piedmont;With Traffic;Double Yellow Line, No Passing Zone;Saturday;Non-Intersection;19;0;Two-Way, Not Divided;2 lanes;0;#NULL!;#NULL!;Coarse Asphalt;#NULL!;No Special Feature;Backing Vehicle;Local Street;C: Possible Injury;Wake;52;Clear;#NULL!;0-5 mph;20 - 25  MPH;2012;Dark - Roadway Not Lighted;50-59
35.4805069965, -79.1810027564;"{""type"": ""Point"", ""coordinates"": [-79.18100275639112, 35.480506996463475]}";White;Sanford;Travel Lane;2;9;Urban (>70% Developed);Male;Van;0;#NULL!;0;0;White;No;0;60-69;Motorist Left Turn - Opposite Direction;None;No;No;Dry;0;Urban;No;12SEP2012;0;9:40;Female;No;Commercial;B: Evident Injury;Yes;O: No Injury;2436;September;0;Straight - Hillcrest;Piedmont;With Traffic;Stop Sign;Wednesday;Intersection;65;0;Two-Way, Not Divided;5 lanes;0;#NULL!;#NULL!;Coarse Asphalt;#NULL!;No Special Feature;Motorist Left Turn / Merge;Local Street;B: Evident Injury;Lee;70+;Clear;#NULL!;11-15 mph;30 - 35  MPH;2012;Daylight;70+
34.2079267618, -77.887302303;"{""type"": ""Point"", ""coordinates"": [-77.88730230296807, 34.207926761777316]}";White;Wilmington;Sidewalk / Crosswalk / Driveway Crossing;2;15;Urban (>70% Developed);Male;Sport Utility;0;#NULL!;0;0;White;No;0;20-24;Head-On - Bicyclist;None;No;No;Dry;0;Urban;No;14SEP2012;0;15:02;Female;No;Commercial;C: Possible Injury;Yes;O: No Injury;2442;September;0;Straight - Grade;Coastal;Facing Traffic;No Control Present;Friday;Non-Intersection;21;0;Two-Way, Not Divided;6 lanes;0;#NULL!;#NULL!;Smooth Asphalt;#NULL!;No Special Feature;Head-On;US Route;C: Possible Injury;New Hanover;51;Clear;#NULL!;0-5 mph;40 - 45  MPH;2012;Daylight;50-59
35.1929968747, -80.8368032378;"{""type"": ""Point"", ""coordinates"": [-80.83680323779114, 35.1929968747378]}";White;Charlotte;Travel Lane;2;13;Urban (>70% Developed);Male;Passenger Car;0;#NULL!;0;0;White;No;0;25-29;Motorist Left Turn - Opposite Direction;None;No;Missing;Dry;0;Urban;No;21SEP2012;0;13:25;Male;No;Residential;B: Evident Injury;Yes;O: No Injury;2445;September;0;Straight - Hillcrest;Piedmont;With Traffic;Stop Sign;Friday;Intersection;26;0;Two-Way, Divided, Unprotected Median;4 lanes;0;#NULL!;#NULL!;Smooth Asphalt;#NULL!;T-Intersection;Motorist Left Turn / Merge;Local Street;B: Evident Injury;Mecklenburg;70+;Clear;#NULL!;6-10 mph;30 - 35  MPH;2012;Daylight;70+
35.6581269099, -82.5330037675;"{""type"": ""Point"", ""coordinates"": [-82.53300376754767, 35.658126909926274]}";White;None - Rural Crash;Travel Lane;2;18;Rural (<30% Developed);Male;Sport Utility;0;#NULL!;0;0;White;No;0;50-59;Head-On - Bicyclist;None;No;No;Dry;0;Rural;No;29APR2013;0;18:34;Male;No;Residential;C: Possible Injury;Yes;O: No Injury;1048;April;0;Curve - Grade;Mountains;With Traffic;Double Yellow Line, No Passing Zone;Monday;Non-Intersection;55;0;Two-Way, Not Divided;2 lanes;0;#NULL!;SR 2230;Smooth Asphalt;#NULL!;No Special Feature;Head-On;State Secondary Route;C: Possible Injury;Buncombe;60;Clear;#NULL!;21-25 mph;30 - 35  MPH;2013;Daylight;60-69
35.2362468868, -80.7698032203;"{""type"": ""Point"", ""coordinates"": [-80.76980322031677, 35.236246886799776]}";Black;Charlotte;Non-Roadway;2;19;Urban (>70% Developed);Male;Passenger Car;0;#NULL!;0;0;Black;No;0;6-10;Non-Roadway;None;No;No;Dry;0;Urban;No;29APR2013;0;19:40;Male;No;Residential;C: Possible Injury;Yes;O: No Injury;1049;April;0;Straight - Level;Piedmont;Not Applicable;No Control Present;Monday;Non-Roadway;6;0;Two-Way, Not Divided;2 lanes;0;#NULL!;PVA 3249 SHAMROCK DRIVE;Smooth Asphalt;#NULL!;No Special Feature;Non-Roadway;Public Vehicular Area;C: Possible Injury;Mecklenburg;53;Clear;#NULL!;6-10 mph;5 - 15 MPH;2013;Daylight;50-59
36.1582671024, -80.2364031114;"{""type"": ""Point"", ""coordinates"": [-80.23640311140288, 36.15826710241161]}";Black;Winston-Salem;Non-Roadway;2;11;Urban (>70% Developed);Male;Passenger Car;0;#NULL!;0;0;Hispanic;No;0;16-19;Non-Roadway;None;No;No;Dry;0;Urban;Yes;20APR2013;0;11:40;Male;No;Commercial;C: Possible Injury;No;O: No Injury;1050;April;0;Straight - Level;Piedmont;Not Applicable;No Control Present;Saturday;Non-Roadway;18;0;Two-Way, Not Divided;2 lanes;0;#NULL!;PVA 1199 MOTOR RD;Smooth Asphalt;#NULL!;Driveway, Public;Non-Roadway;Public Vehicular Area;C: Possible Injury;Forsyth;36;Clear;#NULL!;0-5 mph;5 - 15 MPH;2013;Daylight;30-39
35.9343170634, -79.9976030272;"{""type"": ""Point"", ""coordinates"": [-79.99760302724569, 35.93431706343711]}";Asian;High Point;Travel Lane;2;18;Urban (>70% Developed);Male;Passenger Car;0;#NULL!;0;0;Asian;No;0;6-10;Backing Vehicle;None;No;No;Dry;0;Urban;No;23APR2013;0;18:19;Female;No;Residential;C: Possible Injury;Yes;O: No Injury;1053;April;0;Straight - Grade;Piedmont;With Traffic;No Control Present;Tuesday;Non-Intersection;9;0;Two-Way, Not Divided;2 lanes;0;#NULL!;KENILWORTH DR;Smooth Asphalt;#NULL!;No Special Feature;Backing Vehicle;Local Street;C: Possible Injury;Guilford;45;Clear;#NULL!;0-5 mph;Unknown;2013;Daylight;40-49
35.775727079, -78.6419026093;"{""type"": ""Point"", ""coordinates"": [-78.64190260933312, 35.77572707901746]}";Black;Raleigh;Sidewalk / Crosswalk / Driveway Crossing;2;1;Urban (>70% Developed);Male;Passenger Car;0;#NULL!;0;0;Black;No;0;25-29;Motorist Drive Out - Signalized Intersection;None;No;No;Dry;0;Urban;No;15JUN2013;0;1:44;Male;No;Commercial;O: No Injury;Yes;O: No Injury;1175;June;0;Straight - Level;Piedmont;Facing Traffic;Stop And Go Signal;Saturday;Intersection;27;0;Two-Way, Not Divided;8 lanes;0;#NULL!;W DAVIE ST;Smooth Asphalt;#NULL!;No Special Feature;Motorist Failed to Yield - Signalized Intersection;Local Street;O: No Injury;Wake;48;Clear;#NULL!;0-5 mph;30 - 35  MPH;2013;Dark - Lighted Roadway;40-49
35.319186883, -81.3654034021;"{""type"": ""Point"", ""coordinates"": [-81.36540340209181, 35.31918688297276]}";White;None - Rural Crash;Travel Lane;2;9;Mixed (30% To 70% Developed);Male;Passenger Car;0;#NULL!;0;0;White;No;0;16-19;Bicyclist Left Turn - Same Direction;None;No;No;Dry;0;Rural;No;20JUN2013;0;9:35;Male;No;Farms, Woods, Pastures;B: Evident Injury;Yes;O: No Injury;1182;June;0;Straight - Level;Piedmont;With Traffic;Double Yellow Line, No Passing Zone;Thursday;Non-Intersection;17;0;Two-Way, Not Divided;2 lanes;0;#NULL!;NC 216;Smooth Asphalt;#NULL!;No Special Feature;Bicyclist Left Turn / Merge;NC Route;B: Evident Injury;Gaston;51;Clear;#NULL!;41-45 mph;50 - 55  MPH;2013;Daylight;50-59
35.8984271436, -77.5296022779;"{""type"": ""Point"", ""coordinates"": [-77.52960227787675, 35.89842714357886]}";Black;Tarboro;Travel Lane;2;12;Urban (>70% Developed);Male;Sport Utility;0;#NULL!;0;0;Black;No;0;6-10;Bicyclist Ride Through - Sign-Controlled Intersection;None;No;No;Dry;0;Urban;No;10JUN2013;0;12:59;Female;No;Residential;B: Evident Injury;Yes;O: No Injury;1183;June;0;Straight - Level;Coastal;With Traffic;Stop Sign;Monday;Intersection;7;0;Two-Way, Not Divided;2 lanes;0;#NULL!;PANOLA ST;Coarse Asphalt;#NULL!;Four-Way Intersection;Bicyclist Failed to Yield - Sign-Controlled Intersection;Local Street;B: Evident Injury;Edgecombe;33;Cloudy;#NULL!;21-25 mph;20 - 25  MPH;2013;Daylight;30-39
35.9605071483, -77.7898023599;"{""type"": ""Point"", ""coordinates"": [-77.78980235992155, 35.96050714829008]}";Black;Rocky Mount;Travel Lane;2;13;Urban (>70% Developed);Male;Motorcycle;0;#NULL!;0;0;White;No;0;20-24;Motorist Drive Out - Sign-Controlled Intersection;None;No;No;Dry;0;Urban;No;09MAY2013;0;13:26;Male;No;Commercial;B: Evident Injury;No;B: Evident Injury;1174;May;0;Curve - Grade;Coastal;Facing Traffic;Yield Sign;Thursday;Intersection;20;0;Two-Way, Divided, Unprotected Median;4 lanes;0;#NULL!;US 64;Smooth Asphalt;#NULL!;Four-Way Intersection;Motorist Failed to Yield - Sign-Controlled Intersection;US Route;B: Evident Injury;Nash;52;Clear;#NULL!;16-20 mph;30 - 35  MPH;2013;Daylight;50-59
35.5068369506, -80.6034031859;"{""type"": ""Point"", ""coordinates"": [-80.60340318593498, 35.50683695057166]}";Black;Kannapolis;Travel Lane;2;20;Urban (>70% Developed);Male;Passenger Car;0;#NULL!;0;0;Hispanic;No;0;6-10;Bicyclist Ride Through - Sign-Controlled Intersection;None;No;No;Dry;0;Urban;No;26MAY2013;0;20:38;Male;No;Residential;C: Possible Injury;No;O: No Injury;1154;May;0;Straight - Level;Piedmont;With Traffic;Stop Sign;Sunday;Intersection;7;0;Two-Way, Not Divided;2 lanes;0;#NULL!;RUTH AVE;Smooth Asphalt;#NULL!;T-Intersection;Bicyclist Failed to Yield - Sign-Controlled Intersection;Local Street;C: Possible Injury;Rowan;33;Clear;#NULL!;6-10 mph;30 - 35  MPH;2013;Dusk;30-39
35.9736970703, -80.0412030431;"{""type"": ""Point"", ""coordinates"": [-80.0412030430686, 35.97369707029887]}";Hispanic;High Point;Travel Lane;2;7;Urban (>70% Developed);Male;Sport Utility;0;#NULL!;0;0;White;No;0;16-19;Motorist Overtaking - Undetected Bicyclist;None;No;No;Dry;0;Urban;No;13MAY2013;0;7:26;Male;No;Residential;C: Possible Injury;Yes;O: No Injury;1151;May;0;Straight - Level;Piedmont;With Traffic;No Control Present;Monday;Non-Intersection;18;0;Two-Way, Not Divided;2 lanes;0;#NULL!;W LEXINGTON AVE;Smooth Asphalt;#NULL!;No Special Feature;Motorist Overtaking Bicyclist;Local Street;C: Possible Injury;Guilford;47;Clear;#NULL!;31-35 mph;30 - 35  MPH;2013;Dawn;40-49
35.2705770058, -77.5986022671;"{""type"": ""Point"", ""coordinates"": [-77.59860226714312, 35.27057700576906]}";Black;Kinston;Travel Lane;2;19;Mixed (30% To 70% Developed);Male;Sport Utility;0;#NULL!;0;0;Black;No;0;16-19;Bicyclist Left Turn - Same Direction;None;No;No;Dry;0;Urban;No;18JUN2013;0;19:52;Female;No;Commercial;B: Evident Injury;Yes;O: No Injury;1178;June;0;Straight - Level;Coastal;With Traffic;Stop And Go Signal;Tuesday;Intersection;18;0;Two-Way, Not Divided;5 lanes;0;#NULL!;US 70;Smooth Asphalt;#NULL!;Four-Way Intersection;Bicyclist Left Turn / Merge;US Route;B: Evident Injury;Lenoir;28;Clear;#NULL!;31-35 mph;30 - 35  MPH;2013;Daylight;25-29
35.7733970739, -78.7655026469;"{""type"": ""Point"", ""coordinates"": [-78.76550264694882, 35.77339707390189]}";Black;Cary;Sidewalk / Crosswalk / Driveway Crossing;2;15;Urban (>70% Developed);Male;Passenger Car;0;#NULL!;0;0;Black;No;0;16-19;Crossing Paths - Midblock - Other / Unknown;None;No;No;Dry;0;Urban;No;28MAY2013;0;15:05;Female;No;Commercial;C: Possible Injury;Yes;O: No Injury;1190;May;0;Straight - Level;Piedmont;Not Applicable;No Control Present;Tuesday;Non-Intersection;17;0;Two-Way, Divided, Unprotected Median;4 lanes;0;#NULL!;WALNUT ST;Smooth Asphalt;#NULL!;No Special Feature;Crossing Paths - Other Circumstances;State Secondary Route;C: Possible Injury;Wake;42;Cloudy;#NULL!;16-20 mph;30 - 35  MPH;2013;Daylight;40-49
36.0978872473, -75.7253017346;"{""type"": ""Point"", ""coordinates"": [-75.72530173461375, 36.09788724726699]}";White;Kitty Hawk;Multi-use Path;2;14;Mixed (30% To 70% Developed);Female;Unknown;0;#NULL!;0;0;Unknown/Missing;No;0;20-24;Motorist Drive Out - Commercial Driveway / Alley;None;No;No;Dry;0;Rural;Yes;02JUN2013;0;14:30;Unknown;Missing;Commercial;C: Possible Injury;Yes;Unknown Injury;1195;June;0;Straight - Level;Coastal;Facing Traffic;Stop Sign;Sunday;Non-Intersection;23;0;Two-Way, Not Divided;2 lanes;0;#NULL!;PVA CROATAN HWY BIKE PATH;Smooth Asphalt;#NULL!;Driveway, Public;Motorist Failed to Yield - Midblock;Public Vehicular Area;C: Possible Injury;Dare;Unknown;Clear;#NULL!;Unknown;5 - 15 MPH;2013;Daylight;Unknown
35.7365270541, -79.0866027418;"{""type"": ""Point"", ""coordinates"": [-79.08660274182365, 35.736527054061156]}";White;None - Rural Crash;Travel Lane;2;14;Rural (<30% Developed);Male;Light Truck (Mini-Van, Panel);0;#NULL!;0;0;White;No;0;40-49;Motorist Overtaking - Undetected Bicyclist;None;No;No;Dry;0;Rural;No;28MAY2013;0;14:46;Male;No;Farms, Woods, Pastures;B: Evident Injury;Yes;O: No Injury;1199;May;0;Straight - Grade;Piedmont;With Traffic;No Control Present;Tuesday;Non-Intersection;46;0;Two-Way, Divided, Unprotected Median;4 lanes;0;#NULL!;US 64;Smooth Asphalt;#NULL!;No Special Feature;Motorist Overtaking Bicyclist;US Route;B: Evident Injury;Chatham;58;Clear;#NULL!;51-55 mph;50 - 55  MPH;2013;Daylight;50-59
35.1075869857, -77.1125021108;"{""type"": ""Point"", ""coordinates"": [-77.11250211083946, 35.10758698570409]}";White;New Bern;Travel Lane;2;18;Urban (>70% Developed);Female;Sport Utility;0;#NULL!;0;0;White;No;0;6-10;Bicyclist Ride Through - Sign-Controlled Intersection;None;No;No;Dry;0;Urban;No;15JUN2013;0;18:10;Female;No;Residential;B: Evident Injury;Yes;O: No Injury;1198;June;0;Straight - Level;Coastal;With Traffic;Stop Sign;Saturday;Intersection;8;0;Two-Way, Not Divided;2 lanes;0;#NULL!;GREENBRIER PKWY;Concrete;#NULL!;Four-Way Intersection;Bicyclist Failed to Yield - Sign-Controlled Intersection;Local Street;B: Evident Injury;Craven;55;Clear;#NULL!;36-40 mph;30 - 35  MPH;2013;Daylight;50-59
34.6095768129, -79.0334026679;"{""type"": ""Point"", ""coordinates"": [-79.0334026678823, 34.6095768129348]}";Black;Lumberton;Travel Lane;2;21;Rural (<30% Developed);Male;Sport Utility;0;#NULL!;0;0;Black;No;0;60-69;Motorist Overtaking - Bicyclist Swerved;None;Yes;Yes;Dry;0;Urban;No;11JUN2013;0;21:32;Female;No;Residential;B: Evident Injury;Yes;O: No Injury;1220;June;0;Straight - Level;Coastal;With Traffic;No Control Present;Tuesday;Non-Intersection;61;0;Two-Way, Not Divided;2 lanes;0;#NULL!;CRANDLEMIRE;Coarse Asphalt;#NULL!;No Special Feature;Motorist Overtaking Bicyclist;Local Street;B: Evident Injury;Robeson;35;Clear;#NULL!;31-35 mph;50 - 55  MPH;2013;Dark - Lighted Roadway;30-39
35.0658269797, -77.0335020851;"{""type"": ""Point"", ""coordinates"": [-77.03350208506755, 35.065826979726104]}";White;None - Rural Crash;Travel Lane;2;16;Rural (<30% Developed);Male;Passenger Car;0;#NULL!;0;0;White;No;0;20-24;Motorist Left Turn - Opposite Direction;None;No;No;Dry;0;Rural;No;19JUN2013;0;16:55;Male;No;Farms, Woods, Pastures;O: No Injury;No;O: No Injury;1187;June;0;Straight - Level;Coastal;With Traffic;No Control Present;Wednesday;Non-Intersection;23;0;Two-Way, Not Divided;2 lanes;0;#NULL!;SR 1964;Smooth Asphalt;#NULL!;No Special Feature;Motorist Left Turn / Merge;State Secondary Route;O: No Injury;Craven;64;Clear;#NULL!;16-20 mph;40 - 45  MPH;2013;Daylight;60-69
35.2251968844, -80.7813032235;"{""type"": ""Point"", ""coordinates"": [-80.78130322347346, 35.225196884431455]}";Black;Charlotte;Non-Roadway;2;19;Urban (>70% Developed);Male;Light Truck (Mini-Van, Panel);0;#NULL!;0;0;Hispanic;No;0;6-10;Non-Roadway;None;No;No;Dry;0;Urban;No;19JUN2013;0;19:51;Male;No;Residential;C: Possible Injury;Yes;O: No Injury;1184;June;0;Straight - Level;Piedmont;Not Applicable;No Control Present;Wednesday;Non-Roadway;9;0;Two-Way, Not Divided;2 lanes;0;#NULL!;PVA 2442 DUNLAVIN WAY;Smooth Asphalt;#NULL!;No Special Feature;Non-Roadway;Public Vehicular Area;C: Possible Injury;Mecklenburg;40;Clear;#NULL!;0-5 mph;20 - 25  MPH;2013;Daylight;40-49
35.8217570466, -79.8033029632;"{""type"": ""Point"", ""coordinates"": [-79.80330296322538, 35.82175704662963]}";White;Randleman;Travel Lane;2;12;Urban (>70% Developed);Male;Passenger Car;0;#NULL!;0;0;Black;No;0;60-69;Motorist Right Turn - Same Direction;None;No;No;Dry;0;Rural;No;25JUN2013;0;12:38;Female;No;Commercial;B: Evident Injury;No;O: No Injury;1193;June;0;Straight - Level;Piedmont;With Traffic;No Control Present;Tuesday;Non-Intersection;69;0;Two-Way, Not Divided;2 lanes;0;#NULL!;US 220;Smooth Asphalt;#NULL!;No Special Feature;Motorist Right Turn / Merge;US Route;B: Evident Injury;Randolph;68;Clear;#NULL!;16-20 mph;30 - 35  MPH;2013;Daylight;60-69
35.568946953, -80.9025032779;"{""type"": ""Point"", ""coordinates"": [-80.90250327788047, 35.56894695295841]}";White;None - Rural Crash;Sidewalk / Crosswalk / Driveway Crossing;2;20;Urban (>70% Developed);Male;Van;0;#NULL!;0;0;White;No;0;11-15;Bicyclist Ride Through - Signalized Intersection;None;No;No;Dry;0;Rural;No;16MAY2012;0;20:32;Female;No;Commercial;B: Evident Injury;Yes;O: No Injury;2075;May;0;Straight - Level;Piedmont;Facing Traffic;Stop And Go Signal;Wednesday;Intersection;13;0;Two-Way, Divided, Positive Median Barrier;9 or more lanes;0;#NULL!;#NULL!;Smooth Asphalt;#NULL!;Four-Way Intersection;Bicyclist Failed to Yield - Signalized Intersection;Local Street;B: Evident Injury;Iredell;44;Cloudy;#NULL!;26-30 mph;40 - 45  MPH;2012;Dark - Roadway Not Lighted;40-49
36.205617059, -81.6142035277;"{""type"": ""Point"", ""coordinates"": [-81.61420352766474, 36.205617058969814]}";White;None - Rural Crash;Travel Lane;2;7;Rural (<30% Developed);Male;Passenger Car;0;#NULL!;0;0;Unknown/Missing;No;0;20-24;Motorist Overtaking - Misjudged Space;None;No;No;Dry;0;Rural;Yes;15JUN2012;0;7:30;Unknown;Missing;Farms, Woods, Pastures;B: Evident Injury;Yes;Unknown Injury;2121;June;0;Straight - Grade;Mountains;With Traffic;Double Yellow Line, No Passing Zone;Friday;Non-Intersection;21;0;Two-Way, Not Divided;2 lanes;0;#NULL!;#NULL!;Coarse Asphalt;#NULL!;No Special Feature;Motorist Overtaking Bicyclist;State Secondary Route;B: Evident Injury;Watauga;Unknown;Cloudy;#NULL!;16-20 mph;50 - 55  MPH;2012;Daylight;Unknown
35.7885769867, -81.2355033904;"{""type"": ""Point"", ""coordinates"": [-81.23550339040081, 35.78857698673832]}";White;None - Rural Crash;Travel Lane;2;9;Mixed (30% To 70% Developed);Female;Single Unit Truck (3 Or More Axles);0;#NULL!;0;0;White;No;0;60-69;Bicyclist Overtaking - Other / Unknown;None;No;No;Dry;0;Rural;No;28MAY2012;0;9:05;Male;No;Farms, Woods, Pastures;B: Evident Injury;Yes;O: No Injury;2071;May;0;Straight - Level;Piedmont;With Traffic;Double Yellow Line, No Passing Zone;Monday;Non-Intersection;60;0;Two-Way, Not Divided;2 lanes;0;#NULL!;#NULL!;Coarse Asphalt;#NULL!;Driveway, Private;Bicyclist Overtaking Motorist;State Secondary Route;B: Evident Injury;Catawba;46;Cloudy;#NULL!;0-5 mph;40 - 45  MPH;2012;Daylight;40-49
35.7635970726, -78.747002641;"{""type"": ""Point"", ""coordinates"": [-78.74700264097976, 35.763597072577824]}";Unknown/Missing;Cary;Sidewalk / Crosswalk / Driveway Crossing;2;11;Urban (>70% Developed);Unknown;Passenger Car;0;#NULL!;0;0;White;No;0;Unknown;Motorist Drive Out - Commercial Driveway / Alley;None;No;Missing;Dry;0;Urban;No;25MAY2012;0;11:40;Male;No;Commercial;O: No Injury;No;O: No Injury;2106;May;0;Straight - Level;Piedmont;Facing Traffic;Stop Sign;Friday;Non-Intersection;Unknown;0;Two-Way, Divided, Unprotected Median;2 lanes;0;#NULL!;#NULL!;Smooth Asphalt;#NULL!;Driveway, Private;Motorist Failed to Yield - Midblock;Public Vehicular Area;Unknown Injury;Wake;49;Clear;#NULL!;0-5 mph;40 - 45  MPH;2012;Daylight;40-49
35.8189170787, -78.9023026903;"{""type"": ""Point"", ""coordinates"": [-78.9023026903343, 35.818917078704416]}";White;Cary;Travel Lane;2;19;Urban (>70% Developed);Male;Passenger Car;0;#NULL!;0;0;Unknown/Missing;No;0;20-24;Bicyclist Overtaking - Passing on Right;None;No;No;Dry;0;Urban;Yes;24MAY2012;0;19:00;Unknown;Missing;Residential;B: Evident Injury;No;Unknown Injury;2105;May;0;Straight - Level;Piedmont;With Traffic;Stop And Go Signal;Thursday;Intersection;23;0;Two-Way, Divided, Unprotected Median;4 lanes;0;#NULL!;#NULL!;Smooth Asphalt;#NULL!;Four-Way Intersection;Bicyclist Overtaking Motorist;State Secondary Route;B: Evident Injury;Wake;Unknown;Other;#NULL!;6-10 mph;40 - 45  MPH;2012;Daylight;Unknown
35.4159969222, -80.8568032558;"{""type"": ""Point"", ""coordinates"": [-80.8568032557646, 35.41599692218895]}";White;Huntersville;Travel Lane;2;22;Urban (>70% Developed);Male;Passenger Car;0;#NULL!;0;0;White;No;0;40-49;Motorist Overtaking - Undetected Bicyclist;None;No;No;Dry;0;Urban;No;25MAY2012;0;22:31;Male;No;Commercial;B: Evident Injury;Yes;O: No Injury;2093;May;0;Straight - Grade;Piedmont;With Traffic;Double Yellow Line, No Passing Zone;Friday;Intersection-Related;49;0;Two-Way, Not Divided;2 lanes;0;#NULL!;#NULL!;Smooth Asphalt;#NULL!;No Special Feature;Motorist Overtaking Bicyclist;NC Route;B: Evident Injury;Mecklenburg;30;Clear;#NULL!;41-45 mph;40 - 45  MPH;2012;Dark - Lighted Roadway;30-39
34.6820768984, -76.9217020329;"{""type"": ""Point"", ""coordinates"": [-76.92170203288498, 34.682076898366525]}";White;Emerald Isle;Travel Lane;2;23;Urban (>70% Developed);Female;Sport Utility;0;#NULL!;0;0;White;No;0;20-24;Motorist Overtaking - Other / Unknown;None;Yes;Yes;Wet;0;Rural;No;26MAY2012;0;23:11;Male;No;Residential;O: No Injury;No;O: No Injury;2116;May;0;Straight - Level;Coastal;With Traffic;No Control Present;Saturday;Non-Intersection;22;0;Two-Way, Divided, Unprotected Median;2 lanes;0;#NULL!;#NULL!;Smooth Asphalt;#NULL!;No Special Feature;Motorist Overtaking Bicyclist;NC Route;O: No Injury;Carteret;25;Rain;#NULL!;41-45 mph;40 - 45  MPH;2012;Dark - Roadway Not Lighted;25-29
34.688776901, -76.8817020202;"{""type"": ""Point"", ""coordinates"": [-76.88170202016006, 34.68877690102142]}";White;Salter Path;Travel Lane;2;18;Mixed (30% To 70% Developed);Female;Single Unit Truck (3 Or More Axles);0;#NULL!;0;0;White;No;0;50-59;Motorist Overtaking - Misjudged Space;None;No;No;Dry;0;Rural;No;29MAY2012;0;18:45;Male;No;Commercial;B: Evident Injury;Yes;O: No Injury;2100;May;0;Straight - Level;Coastal;With Traffic;No Control Present;Tuesday;Non-Intersection;51;0;Two-Way, Not Divided;3 lanes;0;#NULL!;#NULL!;Smooth Asphalt;#NULL!;Driveway, Public;Motorist Overtaking Bicyclist;NC Route;B: Evident Injury;Carteret;43;Clear;#NULL!;0-5 mph;30 - 35  MPH;2012;Daylight;40-49
34.2094967656, -77.7948022752;"{""type"": ""Point"", ""coordinates"": [-77.79480227517651, 34.20949676563247]}";Unknown/Missing;Wrightsville Beach;Travel Lane;2;12;Mixed (30% To 70% Developed);Unknown;Sport Utility;0;#NULL!;0;0;White;No;0;30-39;Motorist Left Turn - Same Direction;None;No;No;Dry;0;Rural;No;27MAY2012;0;12:27;Female;No;Residential;B: Evident Injury;Yes;O: No Injury;2092;May;0;Straight - Level;Coastal;With Traffic;No Control Present;Sunday;Intersection;30;0;Two-Way, Not Divided;2 lanes;0;#NULL!;#NULL!;Smooth Asphalt;#NULL!;No Special Feature;Motorist Left Turn / Merge;Local Street;B: Evident Injury;New Hanover;40;Clear;#NULL!;6-10 mph;20 - 25  MPH;2012;Daylight;40-49