Geo Point;Geo Shape;BikeRace;City;BikePos;NumUnits;CrashHour;Locality;BikeSex;DrvrVehTyp;NumBikesNo;BikeAlcDrg;NumBikesBI;RteInvdCd;DrvrRace;Workzone;NumBikesCi;BikeAgeGrp;CrashType;RdDefects;CrashAlcoh;BikeAlcoho;RdConditio;DstncMiFrm;RuralUrban;HitRun;CrashDate;NumBikesUI;CrashTime;DrvrSex;DrvrAlcoho;Developmen;CrashSevr;AmbulanceR;DrvrInjury;OBJECTID;CrashMonth;NumBikesKi;RdCharacte;Region;BikeDir;TraffCntrl;CrashDay;CrashLoc;BikeAge;NumBikesTo;RdConfig;NumLanes;NumBikesAI;DrvrAlcDrg;OnRoad;RdSurface;Towrd_Rd;RdFeature;CrashGrp;RdClass;BikeInjury;County;DrvrAge;Weather;FrmRd;DrvrEstSpd;SpeedLimit;CrashYear;LightCond;DrvrAgeGrp
35.7374370348, -79.6510029122;"{""type"": ""Point"", ""coordinates"": [-79.6510029122003, 35.73743703484163]}";Black;Ramseur;Driveway / Alley;2;18;Urban (>70% Developed);Female;Pickup;0;#NULL!;0;0;White;No;0;6-10;Bicyclist Ride Out - Residential Driveway;None;No;No;Dry;0;Rural;No;10JUN2012;0;18:00;Male;No;Residential;C: Possible Injury;Yes;O: No Injury;2119;June;0;Straight - Grade;Piedmont;Not Applicable;No Control Present;Sunday;Non-Intersection;8;0;Two-Way, Not Divided;2 lanes;0;#NULL!;#NULL!;Coarse Asphalt;#NULL!;No Special Feature;Bicyclist Failed to Yield - Midblock;Local Street;C: Possible Injury;Randolph;64;Clear;#NULL!;11-15 mph;30 - 35  MPH;2012;Daylight;60-69
35.7798370803, -78.6222026039;"{""type"": ""Point"", ""coordinates"": [-78.62220260394041, 35.779837080300254]}";Black;Raleigh;Sidewalk / Crosswalk / Driveway Crossing;2;21;Mixed (30% To 70% Developed);Male;Taxicab;0;#NULL!;0;0;Other;No;0;20-24;Bicyclist Failed to Clear - Trapped;None;No;No;Dry;0;Urban;Yes;23JUN2012;0;21:38;Male;No;Commercial;C: Possible Injury;Yes;O: No Injury;2178;June;0;Straight - Level;Piedmont;Facing Traffic;Stop And Go Signal;Saturday;Intersection;21;0;One-Way, Not Divided;4 lanes;0;#NULL!;#NULL!;Smooth Asphalt;#NULL!;Four-Way Intersection;Bicyclist Failed to Yield - Signalized Intersection;Local Street;C: Possible Injury;Wake;48;Clear;#NULL!;11-15 mph;30 - 35  MPH;2012;Dark - Lighted Roadway;40-49
35.7312070695, -78.627402603;"{""type"": ""Point"", ""coordinates"": [-78.62740260304648, 35.73120706951589]}";Hispanic;Raleigh;Travel Lane;2;21;Urban (>70% Developed);Male;Pickup;0;#NULL!;0;0;White;No;0;16-19;Bicyclist Ride Through - Signalized Intersection;None;No;No;Water (Standing, Moving);0;Urban;No;22JUN2012;0;21:36;Male;No;Commercial;B: Evident Injury;Yes;C: Possible Injury;2183;June;0;Straight - Level;Piedmont;With Traffic;Stop And Go Signal;Friday;Intersection;19;0;Two-Way, Not Divided;8 lanes;0;#NULL!;#NULL!;Coarse Asphalt;#NULL!;No Special Feature;Bicyclist Failed to Yield - Signalized Intersection;Local Street;B: Evident Injury;Wake;54;Rain;#NULL!;26-30 mph;40 - 45  MPH;2012;Dark - Roadway Not Lighted;50-59
35.2269868823, -80.8430032421;"{""type"": ""Point"", ""coordinates"": [-80.8430032420981, 35.2269868823102]}";Black;Charlotte;Sidewalk / Crosswalk / Driveway Crossing;2;0;Urban (>70% Developed);Male;Other Bus;0;#NULL!;0;0;Black;No;0;60-69;Bicyclist Ride Out - Parallel Path;None;No;No;Dry;0;Urban;No;23JUN2012;0;0:25;Female;No;Commercial;C: Possible Injury;No;O: No Injury;2155;June;0;Straight - Level;Piedmont;With Traffic;Stop And Go Signal;Saturday;Intersection-Related;66;0;Two-Way, Not Divided;4 lanes;0;#NULL!;#NULL!;Smooth Asphalt;#NULL!;No Special Feature;Parallel Paths - Other Circumstances;Local Street;C: Possible Injury;Mecklenburg;64;Clear;#NULL!;16-20 mph;20 - 25  MPH;2012;Dark - Lighted Roadway;60-69
35.4153369844, -79.1102027318;"{""type"": ""Point"", ""coordinates"": [-79.11020273175426, 35.41533698437754]}";White;None - Rural Crash;Travel Lane;2;18;Mixed (30% To 70% Developed);Male;Passenger Car;0;#NULL!;0;0;Unknown/Missing;No;0;30-39;Motorist Overtaking - Other / Unknown;None;No;No;Dry;0;Rural;Yes;01JUL2012;0;18:10;Unknown;Missing;Farms, Woods, Pastures;B: Evident Injury;Yes;Unknown Injury;2179;July;0;Straight - Grade;Piedmont;With Traffic;No Control Present;Sunday;Non-Intersection;32;0;One-Way, Not Divided;1 lane;0;#NULL!;#NULL!;Smooth Asphalt;#NULL!;No Special Feature;Motorist Overtaking Bicyclist;Local Street;B: Evident Injury;Lee;Unknown;Clear;#NULL!;21-25 mph;20 - 25  MPH;2012;Daylight;Unknown
35.2185668825, -80.7807032229;"{""type"": ""Point"", ""coordinates"": [-80.78070322286302, 35.21856688253991]}";Hispanic;Charlotte;Travel Lane;2;13;Urban (>70% Developed);Male;Passenger Car;0;#NULL!;0;0;White;No;0;20-24;Bicylist Lost Control - Alcohol / Drug Impairment;None;Yes;Yes;Dry;0;Urban;No;23JUN2012;0;13:07;Male;No;Commercial;B: Evident Injury;Yes;O: No Injury;2148;June;0;Straight - Level;Piedmont;With Traffic;No Control Present;Saturday;Non-Intersection;24;0;Two-Way, Divided, Unprotected Median;4 lanes;0;#NULL!;#NULL!;Smooth Asphalt;#NULL!;No Special Feature;Loss of Control / Turning Error;Local Street;B: Evident Injury;Mecklenburg;51;Clear;#NULL!;11-15 mph;40 - 45  MPH;2012;Daylight;50-59
35.9755471097, -78.9738027211;"{""type"": ""Point"", ""coordinates"": [-78.97380272109503, 35.97554710974765]}";White;Durham;Travel Lane;2;12;Urban (>70% Developed);Male;Unknown Heavy Truck;0;#NULL!;0;0;Unknown/Missing;No;0;16-19;Motorist Overtaking - Other / Unknown;None;No;No;Dry;0;Urban;Yes;30JUN2012;0;12:09;Unknown;Missing;Residential;C: Possible Injury;Yes;Unknown Injury;2172;June;0;Straight - Level;Piedmont;With Traffic;No Control Present;Saturday;Non-Intersection;16;0;One-Way, Not Divided;2 lanes;0;#NULL!;#NULL!;Smooth Asphalt;#NULL!;No Special Feature;Motorist Overtaking Bicyclist;Local Street;C: Possible Injury;Durham;Unknown;Clear;#NULL!;0-5 mph;30 - 35  MPH;2012;Daylight;Unknown
35.9838071131, -78.9121027025;"{""type"": ""Point"", ""coordinates"": [-78.91210270248028, 35.98380711305016]}";White;Durham;Sidewalk / Crosswalk / Driveway Crossing;2;16;Urban (>70% Developed);Female;Passenger Car;0;#NULL!;0;0;Black;No;0;25-29;Signalized Intersection - Other / Unknown;None;No;No;Dry;0;Urban;No;28JUN2012;0;16:11;Male;No;Commercial;O: No Injury;No;O: No Injury;2160;June;0;Straight - Level;Piedmont;With Traffic;Stop And Go Signal;Thursday;Intersection;29;0;Two-Way, Not Divided;2 lanes;0;#NULL!;#NULL!;Coarse Asphalt;#NULL!;No Special Feature;Crossing Paths - Other Circumstances;Local Street;O: No Injury;Durham;70+;Clear;#NULL!;16-20 mph;30 - 35  MPH;2012;Daylight;70+
35.7307970408, -79.441602849;"{""type"": ""Point"", ""coordinates"": [-79.44160284902826, 35.73079704079589]}";Hispanic;Siler City;Driveway / Alley;2;18;Urban (>70% Developed);Male;Passenger Car;0;#NULL!;0;0;Black;No;0;11-15;Bicyclist Ride Out - Residential Driveway;None;No;No;Dry;0;Urban;No;26MAY2012;0;18:39;Female;No;Residential;B: Evident Injury;No;O: No Injury;2131;May;0;Straight - Level;Piedmont;Not Applicable;No Control Present;Saturday;Non-Intersection;14;0;Two-Way, Not Divided;2 lanes;0;#NULL!;#NULL!;Coarse Asphalt;#NULL!;No Special Feature;Bicyclist Failed to Yield - Midblock;Local Street;B: Evident Injury;Chatham;70+;Clear;#NULL!;16-20 mph;5 - 15 MPH;2012;Daylight;70+
35.1107569884, -77.0640020957;"{""type"": ""Point"", ""coordinates"": [-77.06400209571981, 35.11075698838766]}";Black;New Bern;Travel Lane;2;15;Urban (>70% Developed);Male;Passenger Car;0;#NULL!;0;0;Black;No;0;40-49;Motorist Drive Out - Sign-Controlled Intersection;None;No;No;Dry;0;Urban;No;15JUN2012;0;15:57;Female;No;Residential;C: Possible Injury;Yes;O: No Injury;2129;June;0;Curve - Level;Coastal;Facing Traffic;Stop Sign;Friday;Intersection;41;0;Two-Way, Not Divided;2 lanes;0;#NULL!;#NULL!;Smooth Asphalt;#NULL!;T-Intersection;Motorist Failed to Yield - Sign-Controlled Intersection;Local Street;C: Possible Injury;Craven;58;Cloudy;#NULL!;0-5 mph;20 - 25  MPH;2012;Daylight;50-59
35.8161270872, -78.6571026169;"{""type"": ""Point"", ""coordinates"": [-78.65710261686371, 35.81612708717817]}";White;Raleigh;Travel Lane;2;9;Urban (>70% Developed);Male;Unknown;0;#NULL!;0;0;Unknown/Missing;No;0;30-39;Motorist Overtaking - Other / Unknown;None;No;No;Dry;0;Urban;Yes;19JUN2012;0;9:36;Unknown;Missing;Commercial;B: Evident Injury;Yes;Unknown Injury;2185;June;0;Straight - Level;Piedmont;With Traffic;No Control Present;Tuesday;Non-Intersection;30;0;Two-Way, Not Divided;5 lanes;0;#NULL!;#NULL!;Coarse Asphalt;#NULL!;No Special Feature;Motorist Overtaking Bicyclist;Local Street;B: Evident Injury;Wake;Unknown;Clear;#NULL!;31-35 mph;40 - 45  MPH;2012;Daylight;Unknown
35.7355469714, -81.3355034164;"{""type"": ""Point"", ""coordinates"": [-81.33550341642241, 35.73554697142815]}";Black;Hickory;Sidewalk / Crosswalk / Driveway Crossing;2;13;Urban (>70% Developed);Male;Sport Utility;0;#NULL!;0;0;White;No;0;11-15;Bicyclist Failed to Clear - Multiple Threat;None;No;No;Dry;0;Urban;No;03MAY2012;0;13:55;Female;No;Commercial;C: Possible Injury;Yes;O: No Injury;2036;May;0;Straight - Level;Piedmont;Facing Traffic;Stop And Go Signal;Thursday;Intersection;15;0;One-Way, Not Divided;2 lanes;0;#NULL!;#NULL!;Coarse Asphalt;#NULL!;Four-Way Intersection;Bicyclist Failed to Yield - Signalized Intersection;Local Street;C: Possible Injury;Catawba;26;Clear;#NULL!;0-5 mph;30 - 35  MPH;2012;Daylight;25-29
35.8437770318, -80.3332031234;"{""type"": ""Point"", ""coordinates"": [-80.33320312342389, 35.843777031779084]}";White;None - Rural Crash;Bike Lane / Paved Shoulder;2;6;Mixed (30% To 70% Developed);Male;Passenger Car;0;#NULL!;0;0;White;No;0;40-49;Motorist Overtaking - Misjudged Space;None;No;No;Wet;0;Rural;No;15MAY2012;0;6:01;Female;No;Residential;C: Possible Injury;No;O: No Injury;2026;May;0;Straight - Level;Piedmont;With Traffic;Double Yellow Line, No Passing Zone;Tuesday;Non-Intersection;49;0;Two-Way, Not Divided;2 lanes;0;#NULL!;#NULL!;Smooth Asphalt;#NULL!;No Special Feature;Motorist Overtaking Bicyclist;NC Route;C: Possible Injury;Davidson;58;Cloudy;#NULL!;41-45 mph;50 - 55  MPH;2012;Daylight;50-59
35.5950368953, -82.5708037748;"{""type"": ""Point"", ""coordinates"": [-82.57080377479089, 35.595036895280316]}";Black;Asheville;Sidewalk / Crosswalk / Driveway Crossing;2;16;Urban (>70% Developed);Female;Passenger Car;0;#NULL!;0;0;White;No;0;6-10;Bicyclist Ride Out - Other Midblock;None;No;No;Dry;0;Urban;No;24APR2012;0;16:21;Male;No;Residential;C: Possible Injury;Yes;O: No Injury;2039;April;0;Straight - Level;Mountains;Not Applicable;No Control Present;Tuesday;Non-Intersection;9;0;Two-Way, Not Divided;2 lanes;0;#NULL!;#NULL!;Coarse Asphalt;#NULL!;No Special Feature;Bicyclist Failed to Yield - Midblock;Local Street;C: Possible Injury;Buncombe;27;Clear;#NULL!;11-15 mph;20 - 25  MPH;2012;Daylight;25-29
35.9228770955, -79.055002742;"{""type"": ""Point"", ""coordinates"": [-79.05500274200449, 35.92287709553583]}";White;Chapel Hill;Bike Lane / Paved Shoulder;2;16;Urban (>70% Developed);Male;Unknown;0;#NULL!;0;0;White;No;0;30-39;Motorist Right Turn - Same Direction;None;Yes;No;Dry;0;Urban;Yes;18MAY2012;0;16:03;Male;Yes;Residential;C: Possible Injury;Yes;O: No Injury;2055;May;0;Straight - Grade;Piedmont;With Traffic;Double Yellow Line, No Passing Zone;Friday;Non-Intersection;35;0;Two-Way, Divided, Unprotected Median;4 lanes;0;#NULL!;#NULL!;Smooth Asphalt;#NULL!;No Special Feature;Motorist Right Turn / Merge;NC Route;C: Possible Injury;Orange;22;Cloudy;#NULL!;16-20 mph;30 - 35  MPH;2012;Daylight;20-24
35.39594686, -82.3931037112;"{""type"": ""Point"", ""coordinates"": [-82.3931037112225, 35.39594685997633]}";White;None - Rural Crash;Travel Lane;2;13;Rural (<30% Developed);Female;Passenger Car;0;#NULL!;0;0;White;No;0;40-49;Motorist Overtaking - Misjudged Space;None;No;No;Dry;0;Rural;No;26MAY2012;0;13:45;Female;No;Residential;C: Possible Injury;No;O: No Injury;2063;May;0;Straight - Grade;Mountains;With Traffic;Double Yellow Line, No Passing Zone;Saturday;Non-Intersection;45;0;Two-Way, Not Divided;2 lanes;0;#NULL!;#NULL!;Coarse Asphalt;#NULL!;No Special Feature;Motorist Overtaking Bicyclist;State Secondary Route;C: Possible Injury;Henderson;70+;Clear;#NULL!;16-20 mph;30 - 35  MPH;2012;Daylight;70+
34.2179867622, -77.9426023205;"{""type"": ""Point"", ""coordinates"": [-77.94260232052609, 34.21798676221504]}";Black;Wilmington;Travel Lane;2;10;Urban (>70% Developed);Male;Passenger Car;0;#NULL!;0;0;White;No;0;60-69;Motorist Drive Out - Sign-Controlled Intersection;None;No;No;Dry;0;Urban;No;16MAY2012;0;10:18;Male;No;Residential;C: Possible Injury;Yes;O: No Injury;2069;May;0;Straight - Level;Coastal;With Traffic;Stop Sign;Wednesday;Intersection;60;0;Two-Way, Not Divided;4 lanes;0;#NULL!;#NULL!;Smooth Asphalt;#NULL!;No Special Feature;Motorist Failed to Yield - Sign-Controlled Intersection;Local Street;C: Possible Injury;New Hanover;44;Clear;#NULL!;0-5 mph;30 - 35  MPH;2012;Daylight;40-49
35.9735171112, -78.902802699;"{""type"": ""Point"", ""coordinates"": [-78.90280269904194, 35.97351711116543]}";Black;Durham;Travel Lane;2;11;Mixed (30% To 70% Developed);Male;Van;0;#NULL!;0;0;Black;No;0;20-24;Motorist Drive Out - Sign-Controlled Intersection;None;No;No;Dry;0;Urban;No;29MAR2012;0;11:40;Male;No;Residential;O: No Injury;No;O: No Injury;2024;March;0;Curve - Grade;Piedmont;Facing Traffic;No Control Present;Thursday;Intersection;20;0;Two-Way, Not Divided;2 lanes;0;#NULL!;#NULL!;Coarse Asphalt;#NULL!;No Special Feature;Motorist Failed to Yield - Sign-Controlled Intersection;Local Street;Unknown Injury;Durham;39;Clear;#NULL!;0-5 mph;30 - 35  MPH;2012;Daylight;30-39
35.9702871503, -77.7861023599;"{""type"": ""Point"", ""coordinates"": [-77.78610235991977, 35.970287150287255]}";Black;Rocky Mount;Travel Lane;2;17;Urban (>70% Developed);Male;Passenger Car;0;#NULL!;0;0;Black;No;0;50-59;Motorist Overtaking - Misjudged Space;None;No;No;Dry;0;Urban;No;25APR2012;0;17:00;Female;No;Commercial;B: Evident Injury;No;O: No Injury;2020;April;0;Straight - Level;Coastal;With Traffic;No Control Present;Wednesday;Non-Intersection;59;0;Two-Way, Not Divided;5 lanes;0;#NULL!;#NULL!;Coarse Asphalt;#NULL!;No Special Feature;Motorist Overtaking Bicyclist;Local Street;B: Evident Injury;Nash;21;Clear;#NULL!;26-30 mph;40 - 45  MPH;2012;Daylight;20-24
35.853677089, -78.825202669;"{""type"": ""Point"", ""coordinates"": [-78.8252026690427, 35.8536770890261]}";White;Morrisville;Travel Lane;2;9;Urban (>70% Developed);Male;Passenger Car;0;#NULL!;0;0;Black;No;0;30-39;Motorist Right Turn - Same Direction;None;No;No;Dry;0;Urban;No;17MAY2012;0;9:42;Female;No;Commercial;B: Evident Injury;No;O: No Injury;2037;May;0;Straight - Level;Piedmont;With Traffic;Stop And Go Signal;Thursday;Intersection;32;0;Two-Way, Not Divided;5 lanes;0;#NULL!;#NULL!;Coarse Asphalt;#NULL!;No Special Feature;Motorist Right Turn / Merge;State Secondary Route;B: Evident Injury;Wake;21;Cloudy;#NULL!;41-45 mph;40 - 45  MPH;2012;Daylight;20-24
35.6655269898, -80.4634031524;"{""type"": ""Point"", ""coordinates"": [-80.46340315243151, 35.66552698978548]}";Black;Salisbury;Travel Lane;2;18;Urban (>70% Developed);Male;Passenger Car;0;#NULL!;0;0;Black;No;0;30-39;Bicyclist Lost Control - Mechanical Problems;None;No;No;Dry;0;Urban;No;20MAY2012;0;18:32;Male;No;Residential;B: Evident Injury;Yes;O: No Injury;2043;May;0;Straight - Level;Piedmont;With Traffic;Stop Sign;Sunday;Intersection;31;0;Two-Way, Not Divided;2 lanes;0;#NULL!;#NULL!;Coarse Asphalt;#NULL!;No Special Feature;Loss of Control / Turning Error;Local Street;B: Evident Injury;Rowan;47;Clear;#NULL!;26-30 mph;30 - 35  MPH;2012;Daylight;40-49
35.7362170619, -78.8665026759;"{""type"": ""Point"", ""coordinates"": [-78.86650267594011, 35.73621706186685]}";White;Apex;Sidewalk / Crosswalk / Driveway Crossing;2;20;Urban (>70% Developed);Male;Pickup;0;#NULL!;0;0;White;No;0;60-69;Motorist Drive Out - Commercial Driveway / Alley;None;Yes;Yes;Wet;0;Urban;No;20JUL2012;0;20:43;Male;No;Commercial;B: Evident Injury;Yes;O: No Injury;2230;July;0;Straight - Grade;Piedmont;With Traffic;Stop Sign;Friday;Non-Intersection;61;0;Two-Way, Divided, Unprotected Median;3 lanes;0;#NULL!;#NULL!;Smooth Asphalt;#NULL!;No Special Feature;Motorist Failed to Yield - Midblock;Local Street;B: Evident Injury;Wake;39;Cloudy;#NULL!;0-5 mph;40 - 45  MPH;2012;Dark - Lighted Roadway;30-39
35.2130868819, -80.7661032181;"{""type"": ""Point"", ""coordinates"": [-80.76610321806224, 35.213086881929044]}";Black;Charlotte;Sidewalk / Crosswalk / Driveway Crossing;2;14;Urban (>70% Developed);Male;Passenger Car;0;#NULL!;0;0;White;No;0;20-24;Sign-Controlled Intersection - Other / Unknown;None;No;No;Dry;0;Urban;No;17JUL2012;0;14:28;Female;No;Residential;C: Possible Injury;Yes;O: No Injury;2253;July;0;Straight - Level;Piedmont;Facing Traffic;Stop Sign;Tuesday;Intersection;23;0;Two-Way, Not Divided;2 lanes;0;#NULL!;#NULL!;Smooth Asphalt;#NULL!;Four-Way Intersection;Crossing Paths - Other Circumstances;Local Street;C: Possible Injury;Mecklenburg;70+;Clear;#NULL!;Unknown;20 - 25  MPH;2012;Daylight;70+
35.5686470836, -77.186202156;"{""type"": ""Point"", ""coordinates"": [-77.18620215595543, 35.568647083633444]}";Black;None - Rural Crash;Travel Lane;2;21;Mixed (30% To 70% Developed);Male;Van;0;#NULL!;0;0;Hispanic;No;0;11-15;Bicyclist Left Turn - Same Direction;None;No;No;Dry;0;Rural;No;16JUL2012;0;21:43;Female;No;Residential;B: Evident Injury;Yes;O: No Injury;2216;July;0;Curve - Level;Coastal;With Traffic;Double Yellow Line, No Passing Zone;Monday;Intersection;14;0;Two-Way, Not Divided;2 lanes;0;#NULL!;#NULL!;Smooth Asphalt;#NULL!;T-Intersection;Bicyclist Left Turn / Merge;State Secondary Route;B: Evident Injury;Pitt;24;Clear;#NULL!;36-40 mph;40 - 45  MPH;2012;Dark - Roadway Not Lighted;20-24
35.5319568537, -83.2851039818;"{""type"": ""Point"", ""coordinates"": [-83.28510398180013, 35.531956853667175]}";White;Cherokee Reservation;Travel Lane;2;18;Mixed (30% To 70% Developed);Male;Passenger Car;0;#NULL!;0;0;Native American;No;0;11-15;Motorist Overtaking - Bicyclist Swerved;None;No;No;Dry;0;Rural;No;24JUL2012;0;18:39;Female;No;Commercial;C: Possible Injury;Yes;O: No Injury;2244;July;0;Straight - Level;Mountains;With Traffic;No Control Present;Tuesday;Non-Intersection;15;0;Two-Way, Not Divided;2 lanes;0;#NULL!;#NULL!;Smooth Asphalt;#NULL!;No Special Feature;Motorist Overtaking Bicyclist;Local Street;C: Possible Injury;Swain;18;Clear;#NULL!;31-35 mph;30 - 35  MPH;2012;Daylight;0-19
35.5914269599, -80.8480032636;"{""type"": ""Point"", ""coordinates"": [-80.84800326361444, 35.59142695992629]}";White;Mooresville;Travel Lane;2;7;Urban (>70% Developed);Female;Passenger Car;0;#NULL!;0;0;White;No;0;20-24;Motorist Drive Out - Signalized Intersection;None;No;No;Dry;0;Urban;No;13JUL2012;0;7:49;Male;No;Residential;C: Possible Injury;Yes;O: No Injury;2257;July;0;Straight - Hillcrest;Piedmont;Facing Traffic;Stop And Go Signal;Friday;Intersection;20;0;Two-Way, Not Divided;5 lanes;0;#NULL!;#NULL!;Coarse Asphalt;#NULL!;Four-Way Intersection;Motorist Failed to Yield - Signalized Intersection;NC Route;C: Possible Injury;Iredell;27;Cloudy;#NULL!;6-10 mph;30 - 35  MPH;2012;Daylight;25-29
35.1930268763, -80.7952032256;"{""type"": ""Point"", ""coordinates"": [-80.79520322561046, 35.193026876317276]}";Hispanic;Charlotte;Unknown;2;13;Urban (>70% Developed);Male;Unknown;0;#NULL!;0;0;Black;No;0;25-29;Crossing Paths - Uncontrolled Intersection;None;No;No;Dry;0;Urban;Yes;21MAR2012;0;13:17;Male;Missing;Commercial;O: No Injury;Yes;O: No Injury;2248;March;0;Straight - Level;Piedmont;Unknown;Stop And Go Signal;Wednesday;Intersection;27;0;Two-Way, Divided, Unprotected Median;5 lanes;0;#NULL!;#NULL!;Smooth Asphalt;#NULL!;No Special Feature;Crossing Paths - Other Circumstances;Local Street;Unknown Injury;Mecklenburg;Unknown;Clear;#NULL!;16-20 mph;30 - 35  MPH;2012;Daylight;Unknown
35.5886669597, -80.8269032573;"{""type"": ""Point"", ""coordinates"": [-80.82690325726104, 35.58866695965409]}";Hispanic;Mooresville;Travel Lane;2;17;Urban (>70% Developed);Male;Pickup;0;#NULL!;0;0;White;No;0;25-29;Motorist Drive Out - Commercial Driveway / Alley;None;No;No;Dry;0;Urban;No;10JUL2012;0;17:42;Male;No;Commercial;B: Evident Injury;Yes;O: No Injury;2237;July;0;Straight - Level;Piedmont;Facing Traffic;Stop Sign;Tuesday;Non-Intersection;25;0;Two-Way, Not Divided;5 lanes;0;#NULL!;#NULL!;Smooth Asphalt;#NULL!;Driveway, Public;Motorist Failed to Yield - Midblock;NC Route;B: Evident Injury;Iredell;47;Clear;#NULL!;6-10 mph;40 - 45  MPH;2012;Daylight;40-49
35.8633371622, -76.7444020358;"{""type"": ""Point"", ""coordinates"": [-76.74440203580289, 35.863337162195705]}";Black;None - Rural Crash;Travel Lane;2;22;Rural (<30% Developed);Female;Pickup;0;#NULL!;0;0;White;No;0;40-49;Motorist Overtaking - Bicyclist Swerved;None;Yes;Yes;Dry;0;Rural;No;08JUL2012;0;22:36;Male;No;Residential;K: Killed;Yes;O: No Injury;2199;July;0;Straight - Level;Coastal;With Traffic;Double Yellow Line, No Passing Zone;Sunday;Non-Intersection;45;0;Two-Way, Not Divided;2 lanes;0;#NULL!;#NULL!;Smooth Asphalt;#NULL!;No Special Feature;Motorist Overtaking Bicyclist;State Secondary Route;K: Killed;Washington;30;Clear;#NULL!;41-45 mph;40 - 45  MPH;2012;Dark - Roadway Not Lighted;30-39
35.1957568761, -80.8272032354;"{""type"": ""Point"", ""coordinates"": [-80.82720323540613, 35.195756876081774]}";White;Charlotte;Travel Lane;2;8;Urban (>70% Developed);Male;Passenger Car;0;#NULL!;0;0;Other;No;0;60-69;Bicyclist Ride Through - Signalized Intersection;None;No;Missing;Dry;0;Urban;No;08JUL2012;0;8:51;Male;No;Commercial;B: Evident Injury;Yes;O: No Injury;2196;July;0;Straight - Level;Piedmont;With Traffic;Stop And Go Signal;Sunday;Intersection;66;0;Two-Way, Not Divided;6 lanes;0;#NULL!;#NULL!;Smooth Asphalt;#NULL!;Four-Way Intersection;Bicyclist Failed to Yield - Signalized Intersection;Local Street;B: Evident Injury;Mecklenburg;52;Clear;#NULL!;Unknown;30 - 35  MPH;2012;Daylight;50-59
34.229966767, -77.8710022985;"{""type"": ""Point"", ""coordinates"": [-77.87100229852017, 34.22996676698855]}";White;Wilmington;Travel Lane;2;17;Urban (>70% Developed);Male;Passenger Car;0;#NULL!;0;0;White;No;0;20-24;Motorist Drive Out - Sign-Controlled Intersection;None;No;No;Dry;0;Urban;No;10JUN2012;0;17:08;Male;No;Residential;C: Possible Injury;Yes;O: No Injury;2200;June;0;Straight - Level;Coastal;With Traffic;Stop Sign;Sunday;Intersection;22;0;Two-Way, Not Divided;4 lanes;0;#NULL!;#NULL!;Smooth Asphalt;#NULL!;Four-Way Intersection;Motorist Failed to Yield - Sign-Controlled Intersection;Local Street;C: Possible Injury;New Hanover;19;Clear;#NULL!;11-15 mph;20 - 25  MPH;2012;Daylight;0-19
35.263436877, -81.1998033506;"{""type"": ""Point"", ""coordinates"": [-81.1998033506013, 35.2634368770428]}";Black;Gastonia;Non-Roadway;2;14;Rural (<30% Developed);Male;Passenger Car;0;#NULL!;0;0;Black;No;0;11-15;Bicyclist Ride Out - Signalized  Intersection;None;No;No;Dry;0;Urban;No;10JUN2012;0;14:56;Female;No;Residential;B: Evident Injury;Yes;C: Possible Injury;2209;June;0;Straight - Grade;Piedmont;Not Applicable;Stop And Go Signal;Sunday;Intersection;11;0;Two-Way, Not Divided;3 lanes;0;#NULL!;#NULL!;Smooth Asphalt;#NULL!;Four-Way Intersection;Bicyclist Failed to Yield - Signalized Intersection;NC Route;B: Evident Injury;Gaston;27;Clear;#NULL!;31-35 mph;30 - 35  MPH;2012;Daylight;25-29
35.3491568682, -81.9178035678;"{""type"": ""Point"", ""coordinates"": [-81.91780356784008, 35.349156868198165]}";White;Spindale;Travel Lane;2;17;Mixed (30% To 70% Developed);Male;Passenger Car;0;#NULL!;0;0;White;No;0;11-15;Bicyclist Ride Out - Parallel Path;None;No;No;Dry;0;Rural;No;16JUN2012;0;17:28;Female;No;Commercial;B: Evident Injury;Yes;O: No Injury;2215;June;0;Straight - Hillcrest;Mountains;Facing Traffic;Stop And Go Signal;Saturday;Intersection;14;0;Two-Way, Not Divided;2 lanes;0;#NULL!;#NULL!;Smooth Asphalt;#NULL!;No Special Feature;Parallel Paths - Other Circumstances;Local Street;B: Evident Injury;Rutherford;52;Clear;#NULL!;16-20 mph;30 - 35  MPH;2012;Daylight;50-59
34.7219269152, -76.6620019554;"{""type"": ""Point"", ""coordinates"": [-76.6620019553684, 34.72192691515223]}";White;Beaufort;Sidewalk / Crosswalk / Driveway Crossing;2;15;Urban (>70% Developed);Male;Sport Utility;0;#NULL!;0;0;Black;No;0;30-39;Bicyclist Ride Out - Parallel Path;None;No;No;Dry;0;Rural;No;09JUL2012;0;15:55;Male;No;Residential;B: Evident Injury;Yes;O: No Injury;2210;July;0;Straight - Level;Coastal;Unknown;Stop Sign;Monday;Intersection-Related;30;0;Two-Way, Not Divided;2 lanes;0;#NULL!;#NULL!;Smooth Asphalt;#NULL!;No Special Feature;Parallel Paths - Other Circumstances;Local Street;B: Evident Injury;Carteret;27;Clear;#NULL!;6-10 mph;20 - 25  MPH;2012;Daylight;25-29
35.5891370746, -77.5928022809;"{""type"": ""Point"", ""coordinates"": [-77.5928022808769, 35.58913707459857]}";Black;Farmville;Travel Lane;2;16;Urban (>70% Developed);Male;Passenger Car;0;#NULL!;0;0;Black;No;0;6-10;Bicyclist Ride Through - Sign-Controlled Intersection;None;No;No;Dry;0;Rural;No;10JUL2012;0;16:35;Female;No;Residential;C: Possible Injury;No;O: No Injury;2212;July;0;Straight - Level;Coastal;With Traffic;Stop Sign;Tuesday;Intersection;6;0;Two-Way, Not Divided;2 lanes;0;#NULL!;#NULL!;Smooth Asphalt;#NULL!;No Special Feature;Bicyclist Failed to Yield - Sign-Controlled Intersection;Local Street;O: No Injury;Pitt;70+;Clear;#NULL!;26-30 mph;30 - 35  MPH;2012;Daylight;70+