Geo Point;Geo Shape;BikeRace;City;BikePos;NumUnits;CrashHour;Locality;BikeSex;DrvrVehTyp;NumBikesNo;BikeAlcDrg;NumBikesBI;RteInvdCd;DrvrRace;Workzone;NumBikesCi;BikeAgeGrp;CrashType;RdDefects;CrashAlcoh;BikeAlcoho;RdConditio;DstncMiFrm;RuralUrban;HitRun;CrashDate;NumBikesUI;CrashTime;DrvrSex;DrvrAlcoho;Developmen;CrashSevr;AmbulanceR;DrvrInjury;OBJECTID;CrashMonth;NumBikesKi;RdCharacte;Region;BikeDir;TraffCntrl;CrashDay;CrashLoc;BikeAge;NumBikesTo;RdConfig;NumLanes;NumBikesAI;DrvrAlcDrg;OnRoad;RdSurface;Towrd_Rd;RdFeature;CrashGrp;RdClass;BikeInjury;County;DrvrAge;Weather;FrmRd;DrvrEstSpd;SpeedLimit;CrashYear;LightCond;DrvrAgeGrp
35.8219670817, -78.8287026682;"{""type"": ""Point"", ""coordinates"": [-78.82870266822528, 35.821967081722704]}";White;Morrisville;Travel Lane;2;13;Urban (>70% Developed);Male;Activity Bus;0;#NULL!;0;0;White;No;0;50-59;Motorist Overtaking - Other / Unknown;None;No;No;Wet;0;Urban;No;10JUL2012;0;13:55;Male;No;Residential;B: Evident Injury;Yes;O: No Injury;2198;July;0;Straight - Level;Piedmont;With Traffic;No Control Present;Tuesday;Non-Intersection;56;0;Two-Way, Divided, Unprotected Median;4 lanes;0;#NULL!;#NULL!;Smooth Asphalt;#NULL!;No Special Feature;Motorist Overtaking Bicyclist;Local Street;B: Evident Injury;Wake;65;Rain;#NULL!;26-30 mph;30 - 35  MPH;2012;Daylight;60-69
35.2491468973, -80.5694031619;"{""type"": ""Point"", ""coordinates"": [-80.56940316188243, 35.24914689728542]}";White;None - Rural Crash;Travel Lane;2;15;Rural (<30% Developed);Male;Van;0;#NULL!;0;0;White;No;0;30-39;Motorist Overtaking - Other / Unknown;None;No;No;Dry;0;Rural;No;09JUL2012;0;15:16;Male;No;Residential;B: Evident Injury;No;O: No Injury;2187;July;0;Straight - Hillcrest;Piedmont;With Traffic;No Control Present;Monday;Non-Intersection;34;0;Two-Way, Divided, Unprotected Median;4 lanes;0;#NULL!;#NULL!;Smooth Asphalt;#NULL!;No Special Feature;Motorist Overtaking Bicyclist;NC Route;B: Evident Injury;Cabarrus;61;Clear;#NULL!;36-40 mph;50 - 55  MPH;2012;Daylight;60-69
34.1898967609, -77.809402279;"{""type"": ""Point"", ""coordinates"": [-77.80940227902633, 34.18989676086495]}";White;Wrightsville Beach;Travel Lane;2;7;Urban (>70% Developed);Male;Passenger Car;0;#NULL!;0;0;White;No;0;Unknown;Bicyclist Overtaking - Extended Door;None;No;No;Dry;0;Rural;No;22JUN2012;0;7:48;Male;No;Residential;B: Evident Injury;Yes;O: No Injury;2201;June;0;Unknown;Coastal;With Traffic;No Control Present;Friday;Non-Intersection;Unknown;0;Unknown;Unknown;0;#NULL!;#NULL!;Unknown;#NULL!;No Special Feature;Bicyclist Overtaking Motorist;.;B: Evident Injury;New Hanover;47;Clear;#NULL!;Unknown;20 - 25  MPH;2012;Daylight;40-49
36.1422171012, -80.1602030883;"{""type"": ""Point"", ""coordinates"": [-80.16020308833045, 36.142217101209184]}";Black;None - Rural Crash;Travel Lane;2;0;Rural (<30% Developed);Male;Passenger Car;0;#NULL!;0;0;Unknown/Missing;No;0;11-15;Motorist Overtaking - Misjudged Space;None;No;No;Dry;0;Rural;Yes;27JUL2012;0;0:20;Unknown;Missing;Farms, Woods, Pastures;C: Possible Injury;Yes;Unknown Injury;2262;July;0;Straight - Bottom;Piedmont;With Traffic;Double Yellow Line, No Passing Zone;Friday;Non-Intersection;14;0;Two-Way, Not Divided;2 lanes;0;#NULL!;#NULL!;Smooth Asphalt;#NULL!;Related To Intersection;Motorist Overtaking Bicyclist;US Route;C: Possible Injury;Forsyth;Unknown;Clear;#NULL!;51-55 mph;50 - 55  MPH;2012;Dark - Roadway Not Lighted;Unknown
35.041606913, -78.8491026339;"{""type"": ""Point"", ""coordinates"": [-78.84910263393985, 35.04160691303658]}";Unknown/Missing;Fayetteville;Travel Lane;2;15;Urban (>70% Developed);Unknown;Passenger Car;0;#NULL!;0;0;Native American;No;0;Unknown;Bicyclist Ride Out - Sign-Controlled Intersection;None;No;Missing;Dry;0;Urban;No;30JUL2012;0;15:06;Female;No;Commercial;O: No Injury;Yes;O: No Injury;2301;July;0;Straight - Level;Coastal;With Traffic;Stop Sign;Monday;Intersection;Unknown;0;Two-Way, Divided, Unprotected Median;4 lanes;0;#NULL!;#NULL!;Smooth Asphalt;#NULL!;No Special Feature;Bicyclist Failed to Yield - Sign-Controlled Intersection;Local Street;Unknown Injury;Cumberland;60;Clear;#NULL!;21-25 mph;30 - 35  MPH;2012;Daylight;60-69
35.3191168411, -82.4722037296;"{""type"": ""Point"", ""coordinates"": [-82.47220372961286, 35.31911684111673]}";Black;Hendersonville;Travel Lane;2;23;Urban (>70% Developed);Male;Sport Utility;0;#NULL!;0;0;White;No;0;50-59;Bicyclist Ride Through - Sign-Controlled Intersection;None;No;No;Dry;0;Urban;No;05JUL2012;0;23:32;Male;No;Residential;B: Evident Injury;Yes;O: No Injury;2296;July;0;Straight - Level;Mountains;With Traffic;Stop Sign;Thursday;Intersection;58;0;Two-Way, Not Divided;2 lanes;0;#NULL!;#NULL!;Coarse Asphalt;#NULL!;No Special Feature;Bicyclist Failed to Yield - Sign-Controlled Intersection;Local Street;B: Evident Injury;Henderson;19;Clear;#NULL!;16-20 mph;20 - 25  MPH;2012;Dark - Lighted Roadway;0-19
35.9543170681, -80.0008030294;"{""type"": ""Point"", ""coordinates"": [-80.00080302939433, 35.954317068064505]}";Black;High Point;Sidewalk / Crosswalk / Driveway Crossing;2;9;Urban (>70% Developed);Male;Sport Utility;0;#NULL!;0;0;White;No;0;40-49;Motorist Drive Out - Commercial Driveway / Alley;None;No;No;Dry;0;Urban;No;12JUL2012;0;9:50;Male;No;Commercial;C: Possible Injury;No;O: No Injury;2265;July;0;Straight - Level;Piedmont;Facing Traffic;Stop Sign;Thursday;Non-Intersection;49;0;One-Way, Not Divided;3 lanes;0;#NULL!;#NULL!;Smooth Asphalt;#NULL!;Driveway, Public;Motorist Failed to Yield - Midblock;Public Vehicular Area;C: Possible Injury;Guilford;47;Cloudy;#NULL!;6-10 mph;Unknown;2012;Daylight;40-49
35.7890869952, -81.0088033226;"{""type"": ""Point"", ""coordinates"": [-81.00880332255986, 35.78908699523831]}";White;None - Rural Crash;Travel Lane;2;12;Mixed (30% To 70% Developed);Male;Passenger Car;0;#NULL!;0;0;White;No;0;50-59;Motorist Overtaking - Other / Unknown;None;No;No;Dry;0;Rural;No;12AUG2012;0;12:16;Male;No;Residential;B: Evident Injury;Yes;O: No Injury;2299;August;0;Curve - Level;Piedmont;With Traffic;Double Yellow Line, No Passing Zone;Sunday;Non-Intersection;51;0;Two-Way, Not Divided;2 lanes;0;#NULL!;#NULL!;Coarse Asphalt;#NULL!;No Special Feature;Motorist Overtaking Bicyclist;State Secondary Route;B: Evident Injury;Iredell;70+;Clear;#NULL!;26-30 mph;50 - 55  MPH;2012;Daylight;70+
34.124576743, -77.900002303;"{""type"": ""Point"", ""coordinates"": [-77.90000230302098, 34.124576742999444]}";White;None - Rural Crash;Travel Lane;2;17;Urban (>70% Developed);Female;Unknown;0;#NULL!;0;0;Unknown/Missing;No;0;40-49;Motorist Overtaking - Misjudged Space;None;No;No;Dry;0;Rural;Yes;12AUG2012;0;17:57;Unknown;Missing;Commercial;C: Possible Injury;Yes;Unknown Injury;2294;August;0;Straight - Level;Coastal;With Traffic;No Control Present;Sunday;Non-Intersection;44;0;Two-Way, Not Divided;4 lanes;0;#NULL!;#NULL!;Smooth Asphalt;#NULL!;No Special Feature;Motorist Overtaking Bicyclist;US Route;C: Possible Injury;New Hanover;Unknown;Clear;#NULL!;36-40 mph;50 - 55  MPH;2012;Daylight;Unknown
34.2378067702, -77.8282022863;"{""type"": ""Point"", ""coordinates"": [-77.82820228626538, 34.23780677024309]}";White;Wilmington;Multi-use Path;2;11;Urban (>70% Developed);Female;Unknown;0;#NULL!;0;0;White;No;0;25-29;Motorist Drive Out - Other Midblock;None;No;No;Dry;0;Urban;Yes;12JUL2012;0;11:07;Female;No;Commercial;C: Possible Injury;No;O: No Injury;2264;July;0;Straight - Level;Coastal;Facing Traffic;Stop Sign;Thursday;Non-Intersection;25;0;Two-Way, Divided, Unprotected Median;6 lanes;0;#NULL!;#NULL!;Smooth Asphalt;#NULL!;Driveway, Public;Motorist Failed to Yield - Midblock;Local Street;C: Possible Injury;New Hanover;24;Clear;#NULL!;Unknown;Unknown;2012;Daylight;20-24
34.1931967573, -77.9353023166;"{""type"": ""Point"", ""coordinates"": [-77.93530231661809, 34.19319675733172]}";Black;Wilmington;Travel Lane;2;7;Urban (>70% Developed);Male;Passenger Car;0;#NULL!;0;0;White;No;0;50-59;Motorist Left Turn - Opposite Direction;None;No;No;Dry;0;Urban;No;17JUL2012;0;7:10;Female;No;Commercial;B: Evident Injury;No;O: No Injury;2263;July;0;Straight - Level;Coastal;With Traffic;Stop And Go Signal;Tuesday;Intersection;59;0;Two-Way, Not Divided;5 lanes;0;#NULL!;#NULL!;Smooth Asphalt;#NULL!;No Special Feature;Motorist Left Turn / Merge;Local Street;B: Evident Injury;New Hanover;41;Clear;#NULL!;11-15 mph;20 - 25  MPH;2012;Daylight;40-49
35.9937470754, -80.0150030355;"{""type"": ""Point"", ""coordinates"": [-80.01500303552982, 35.993747075421595]}";White;High Point;Sidewalk / Crosswalk / Driveway Crossing;2;10;Urban (>70% Developed);Male;Sport Utility;0;#NULL!;0;0;White;No;0;50-59;Motorist Drive Out - Sign-Controlled Intersection;None;No;No;Dry;0;Urban;No;06AUG2012;0;10:25;Male;No;Residential;C: Possible Injury;No;O: No Injury;2321;August;0;Straight - Grade;Piedmont;Facing Traffic;Stop Sign;Monday;Intersection;52;0;Two-Way, Divided, Unprotected Median;4 lanes;0;#NULL!;#NULL!;Smooth Asphalt;#NULL!;T-Intersection;Motorist Failed to Yield - Sign-Controlled Intersection;Local Street;C: Possible Injury;Guilford;22;Clear;#NULL!;6-10 mph;40 - 45  MPH;2012;Daylight;20-24
34.8763969416, -76.9037020359;"{""type"": ""Point"", ""coordinates"": [-76.90370203585609, 34.876396941599836]}";Black;Havelock;Sidewalk / Crosswalk / Driveway Crossing;2;13;Urban (>70% Developed);Male;Passenger Car;0;#NULL!;0;0;White;No;0;25-29;Motorist Drive Out - Commercial Driveway / Alley;None;No;No;Dry;0;Urban;No;01JUL2012;0;13:35;Male;No;Commercial;C: Possible Injury;No;O: No Injury;2314;July;0;Straight - Level;Coastal;Facing Traffic;No Control Present;Sunday;Non-Intersection;25;0;Two-Way, Divided, Unprotected Median;4 lanes;0;#NULL!;#NULL!;Smooth Asphalt;#NULL!;Driveway, Public;Motorist Failed to Yield - Midblock;US Route;C: Possible Injury;Craven;42;Clear;#NULL!;6-10 mph;Unknown;2012;Daylight;40-49
35.4716469947, -79.174302754;"{""type"": ""Point"", ""coordinates"": [-79.17430275402113, 35.47164699472367]}";Black;Sanford;Travel Lane;2;14;Urban (>70% Developed);Male;Passenger Car;0;#NULL!;0;0;White;No;0;30-39;Crossing Paths - Uncontrolled Intersection;None;No;No;Dry;0;Urban;No;31JUL2012;0;14:22;Female;No;Commercial;C: Possible Injury;Yes;O: No Injury;2305;July;0;Straight - Hillcrest;Piedmont;Facing Traffic;Flashing Signal Without Stop Sign;Tuesday;Intersection;30;0;Two-Way, Divided, Unprotected Median;2 lanes;0;#NULL!;#NULL!;Smooth Asphalt;#NULL!;No Special Feature;Crossing Paths - Other Circumstances;Local Street;C: Possible Injury;Lee;69;Clear;#NULL!;0-5 mph;30 - 35  MPH;2012;Daylight;60-69
35.6095170856, -77.3907022201;"{""type"": ""Point"", ""coordinates"": [-77.39070222010834, 35.609517085612765]}";Black;Greenville;Travel Lane;2;22;Urban (>70% Developed);Male;Police;0;#NULL!;0;0;White;No;0;11-15;Bicyclist Ride Through - Sign-Controlled Intersection;None;No;No;Dry;0;Urban;No;17AUG2012;0;22:02;Male;No;Residential;C: Possible Injury;Yes;O: No Injury;2319;August;0;Straight - Level;Coastal;With Traffic;Stop Sign;Friday;Intersection;13;0;Two-Way, Not Divided;2 lanes;0;#NULL!;#NULL!;Coarse Asphalt;#NULL!;Four-Way Intersection;Bicyclist Failed to Yield - Sign-Controlled Intersection;Local Street;C: Possible Injury;Pitt;38;Clear;#NULL!;0-5 mph;30 - 35  MPH;2012;Dark - Lighted Roadway;30-39
34.9500968968, -78.7521026005;"{""type"": ""Point"", ""coordinates"": [-78.75210260049985, 34.95009689681595]}";Black;None - Rural Crash;Travel Lane;2;20;Mixed (30% To 70% Developed);Male;Pickup;0;#NULL!;0;0;White;No;0;50-59;Motorist Overtaking - Other / Unknown;None;Yes;Yes;Dry;0;Rural;No;13AUG2012;0;20:21;Male;No;Residential;C: Possible Injury;Yes;O: No Injury;2308;August;0;Straight - Level;Coastal;With Traffic;Double Yellow Line, No Passing Zone;Monday;Non-Intersection;51;0;Two-Way, Not Divided;2 lanes;0;#NULL!;#NULL!;Coarse Asphalt;#NULL!;No Special Feature;Motorist Overtaking Bicyclist;NC Route;C: Possible Injury;Cumberland;18;Clear;#NULL!;46-50 mph;50 - 55  MPH;2012;Dusk;0-19
35.9946671165, -78.9009026995;"{""type"": ""Point"", ""coordinates"": [-78.90090269953042, 35.99466711654801]}";White;Durham;Sidewalk / Crosswalk / Driveway Crossing;2;17;Urban (>70% Developed);Male;Passenger Car;0;#NULL!;0;0;White;No;0;40-49;Motorist Drive Out - Commercial Driveway / Alley;None;No;No;Dry;0;Urban;No;03AUG2012;0;17:56;Male;No;Commercial;O: No Injury;No;O: No Injury;2334;August;0;Straight - Level;Piedmont;With Traffic;No Control Present;Friday;Non-Intersection;49;0;One-Way, Not Divided;3 lanes;0;#NULL!;#NULL!;Smooth Asphalt;#NULL!;Driveway, Public;Motorist Failed to Yield - Midblock;Local Street;O: No Injury;Durham;37;Clear;#NULL!;0-5 mph;20 - 25  MPH;2012;Daylight;30-39
35.5558469496, -80.9231032843;"{""type"": ""Point"", ""coordinates"": [-80.92310328431762, 35.55584694963474]}";White;None - Rural Crash;Travel Lane;2;12;Urban (>70% Developed);Male;Pickup;0;#NULL!;0;0;White;No;0;50-59;Motorist Overtaking - Other / Unknown;None;No;No;Dry;0;Rural;No;13AUG2012;0;12:24;Male;No;Residential;B: Evident Injury;Yes;O: No Injury;2307;August;0;Straight - Level;Piedmont;With Traffic;No Control Present;Monday;Non-Intersection;52;0;Two-Way, Not Divided;2 lanes;0;#NULL!;#NULL!;Smooth Asphalt;#NULL!;No Special Feature;Motorist Overtaking Bicyclist;State Secondary Route;B: Evident Injury;Iredell;23;Clear;#NULL!;31-35 mph;40 - 45  MPH;2012;Daylight;20-24
35.9987472284, -75.6481017051;"{""type"": ""Point"", ""coordinates"": [-75.64810170511267, 35.99874722837808]}";White;Kill Devil Hills;Travel Lane;2;1;Urban (>70% Developed);Male;Sport Utility;0;#NULL!;0;0;White;No;0;20-24;Motorist Overtaking - Other / Unknown;None;Yes;No;Wet;0;Urban;No;07AUG2012;0;1:55;Male;Yes;Commercial;K: Killed;Yes;O: No Injury;2328;August;0;Straight - Level;Coastal;With Traffic;No Control Present;Tuesday;Non-Intersection;20;0;Two-Way, Not Divided;3 lanes;0;#NULL!;#NULL!;Coarse Asphalt;#NULL!;No Special Feature;Motorist Overtaking Bicyclist;NC Route;K: Killed;Dare;23;Cloudy;#NULL!;41-45 mph;30 - 35  MPH;2012;Dark - Lighted Roadway;20-24
35.7911270759, -78.8097326617;"{""type"": ""Point"", ""coordinates"": [-78.80973266166747, 35.79112707587537]}";Black;Cary;Sidewalk / Crosswalk / Driveway Crossing;2;19;Urban (>70% Developed);Female;Sport Utility;0;No;0;40003073;White;No;1;6-10;Bicyclist Ride Through - Sign-Controlled Intersection;None;No;#NULL!;Dry;0;Urban;No;08MAY2014;0;19:00;Female;#NULL!;Commercial;C: Possible Injury;No;O: No Injury;249;May;0;Curve - Grade;Piedmont;Facing Traffic;Stop Sign;Thursday;Intersection;8;1;Two-Way, Divided, Unprotected Median;4 lanes;0;No;MAYNARD RD;Smooth Asphalt;COLE VALLEY DR;T-Intersection;Bicyclist Failed to Yield - Sign-Controlled Intersection;State Secondary Route;C: Possible Injury;Wake;64;Clear;OLDE WEATHERSTONE WAY;41-45 mph;40 - 45  MPH;2014;Daylight;60-69
35.1008327356, -84.0131191692;"{""type"": ""Point"", ""coordinates"": [-84.0131191692287, 35.100832735563536]}";Asian;None - Rural Crash;Travel Lane;2;23;Mixed (30% To 70% Developed);Male;Passenger Car;0;No;0;20000019;White;No;0;20-24;Motorist Overtaking - Undetected Bicyclist;None;No;#NULL!;Wet;0.2;Rural;No;05JUN2014;0;23:10;Male;#NULL!;Farms, Woods, Pastures;A: Disabling Injury;Yes;O: No Injury;246;June;0;Straight - Level;Mountains;With Traffic;No Control Present;Thursday;Non-Intersection;21;1;Two-Way, Divided, Unprotected Median;4 lanes;1;No;US 19;Smooth Asphalt;1456;No Special Feature;Motorist Overtaking Bicyclist;US Route;A: Disabling Injury;Cherokee;33;Cloudy;1649;51-55 mph;50 - 55  MPH;2014;Dark - Roadway Not Lighted;30-39
35.6799770524, -78.8135176563;"{""type"": ""Point"", ""coordinates"": [-78.81351765633667, 35.679977052436854]}";Black;Holly Springs;Travel Lane;2;16;Urban (>70% Developed);Male;Passenger Car;0;Unknown;0;40001301;Black;No;1;60-69;Motorist Overtaking - Bicyclist Swerved;None;No;#NULL!;Dry;0.06;Urban;No;03JUN2014;0;16:20;Male;#NULL!;Residential;C: Possible Injury;Yes;O: No Injury;219;June;0;Straight - Level;Piedmont;With Traffic;No Control Present;Tuesday;Non-Intersection;68;1;Two-Way, Not Divided;2 lanes;0;No;SUNSET LAKE ROAD;Smooth Asphalt;COLONIAL OAKS DR;No Special Feature;Motorist Overtaking Bicyclist;State Secondary Route;C: Possible Injury;Wake;26;Clear;HERITAGE MEADOWS LN;31-35 mph;40 - 45  MPH;2014;Daylight;25-29
35.2295108836, -80.8117632325;"{""type"": ""Point"", ""coordinates"": [-80.81176323248118, 35.22951088359767]}";Black;Charlotte;Travel Lane;2;12;Urban (>70% Developed);Male;Unknown;0;Unknown;1;0;Unknown/Missing;No;0;25-29;Motorist Drive Out - Commercial Driveway / Alley;None;No;#NULL!;Dry;0.006;Urban;Yes;09JUN2014;0;12:43;Unknown;#NULL!;Commercial;B: Evident Injury;No;Unknown Injury;234;June;0;Straight - Level;Piedmont;With Traffic;Stop Sign;Monday;Non-Intersection;27;1;Two-Way, Not Divided;2 lanes;0;Missing;KENNON ST;Smooth Asphalt;PARKWOOD AVE;No Special Feature;Motorist Failed to Yield - Midblock;Local Street;B: Evident Injury;Mecklenburg;Unknown;Clear;HAWTHORNE LN;Unknown;20 - 25  MPH;2014;Dark - Lighted Roadway;Unknown
34.4888967984, -78.6680125519;"{""type"": ""Point"", ""coordinates"": [-78.66801255191602, 34.48889679837743]}";Black;Clarkton;Driveway / Alley;2;13;Mixed (30% To 70% Developed);Male;Unknown;0;No;0;40001166;Unknown/Missing;No;1;0-5;Bicyclist Ride Out - Residential Driveway;None;No;#NULL!;Dry;0.27;Rural;Yes;12APR2014;0;13:55;Unknown;#NULL!;Residential;C: Possible Injury;No;Unknown Injury;222;April;0;Straight - Level;Coastal;Not Applicable;No Control Present;Saturday;Non-Intersection;4;1;Two-Way, Not Divided;2 lanes;0;Missing;1166;Smooth Asphalt;1167;Driveway, Private;Bicyclist Failed to Yield - Midblock;State Secondary Route;C: Possible Injury;Bladen;Unknown;Clear;211;Unknown;30 - 35  MPH;2014;Daylight;Unknown
36.1561541018, -80.2284631096;"{""type"": ""Point"", ""coordinates"": [-80.22846310964314, 36.156154101831]}";Hispanic;Winston-Salem;Driveway / Alley;2;17;Urban (>70% Developed);Male;Passenger Car;0;No;0;0;Black;No;1;11-15;Bicyclist Ride Out - Residential Driveway;None;No;#NULL!;Dry;0.12;Urban;No;09MAY2014;0;17:26;Female;#NULL!;Residential;C: Possible Injury;Yes;O: No Injury;232;May;0;Straight - Level;Piedmont;Not Applicable;No Control Present;Friday;Non-Intersection;15;1;Two-Way, Not Divided;2 lanes;0;No;WOODED AVE;Smooth Asphalt;TISE AVE;No Special Feature;Bicyclist Failed to Yield - Midblock;Local Street;C: Possible Injury;Forsyth;30;Cloudy;OLD RURAL HALL RD;21-25 mph;20 - 25  MPH;2014;Daylight;30-39
35.78139408, -78.6449226108;"{""type"": ""Point"", ""coordinates"": [-78.64492261075767, 35.78139407998827]}";White;Raleigh;Travel Lane;2;19;Urban (>70% Developed);Male;Passenger Car;0;No;0;50013238;White;No;1;40-49;Motorist Drive Out - Sign-Controlled Intersection;None;No;#NULL!;Dry;0;Urban;No;24MAY2014;0;19:28;Male;#NULL!;Commercial;C: Possible Injury;No;O: No Injury;230;May;0;Straight - Grade;Piedmont;With Traffic;Stop Sign;Saturday;Intersection;47;1;Two-Way, Not Divided;5 lanes;0;No;N HARRINGTON ST;Smooth Asphalt;W JONES ST;Four-Way Intersection;Motorist Failed to Yield - Sign-Controlled Intersection;Local Street;C: Possible Injury;Wake;30;Clear;W EDENTON ST;11-15 mph;30 - 35  MPH;2014;Daylight;30-39
35.7753670789, -78.6300826057;"{""type"": ""Point"", ""coordinates"": [-78.63008260568105, 35.77536707890025]}";Black;Raleigh;Driveway / Alley;2;17;Urban (>70% Developed);Male;Pickup;0;No;0;50007951;Black;No;1;6-10;Bicyclist Ride Out - Residential Driveway;None;No;#NULL!;Dry;0.042;Urban;Yes;05JUN2014;0;17:31;Male;#NULL!;Residential;C: Possible Injury;Yes;O: No Injury;254;June;0;Straight - Level;Piedmont;Not Applicable;No Control Present;Thursday;Non-Intersection;7;1;Two-Way, Not Divided;2 lanes;0;No;DAVIE ST;Smooth Asphalt;CHAVIS WAY;No Special Feature;Bicyclist Failed to Yield - Midblock;Local Street;C: Possible Injury;Wake;51;Clear;SWAIN ST;31-35 mph;30 - 35  MPH;2014;Daylight;50-59
34.8589668058, -80.7745392014;"{""type"": ""Point"", ""coordinates"": [-80.77453920143797, 34.85896680581295]}";Other;None - Rural Crash;Travel Lane;2;8;Rural (<30% Developed);Female;Passenger Car;0;No;1;40001104;White;No;0;50-59;Motorist Overtaking - Other / Unknown;None;No;#NULL!;Dry;0.32;Rural;No;08JUN2014;0;8:30;Male;#NULL!;Farms, Woods, Pastures;B: Evident Injury;Yes;O: No Injury;240;June;0;Straight - Grade;Piedmont;With Traffic;No Control Present;Sunday;Non-Intersection;53;1;Two-Way, Not Divided;2 lanes;0;No;1104;Smooth Asphalt;1106;No Special Feature;Motorist Overtaking Bicyclist;State Secondary Route;B: Evident Injury;Union;18;Cloudy;1107;51-55 mph;50 - 55  MPH;2014;Daylight;0-19
35.6277309027, -82.5438837688;"{""type"": ""Point"", ""coordinates"": [-82.54388376879658, 35.627730902662734]}";White;Asheville;Travel Lane;2;17;Urban (>70% Developed);Male;Passenger Car;0;No;1;0;White;No;0;60-69;Backing Vehicle;None;No;#NULL!;Dry;0.12;Urban;No;08MAY2014;0;17:56;Female;#NULL!;Residential;B: Evident Injury;Yes;C: Possible Injury;252;May;0;Straight - Level;Mountains;With Traffic;No Control Present;Thursday;Non-Intersection;62;1;One-Way, Not Divided;1 lane;0;No;GRIFFING BLVD;Smooth Asphalt;BLACKWOOD RD;No Special Feature;Backing Vehicle;Local Street;B: Evident Injury;Buncombe;66;Clear;LYNNWOOD DR;0-5 mph;20 - 25  MPH;2014;Daylight;60-69
36.141673099, -80.2115281036;"{""type"": ""Point"", ""coordinates"": [-80.21152810359537, 36.14167309900488]}";Black;Winston-Salem;Sidewalk / Crosswalk / Driveway Crossing;2;21;Urban (>70% Developed);Male;Passenger Car;0;No;1;50005207;Black;No;0;16-19;Motorist Drive Out - Sign-Controlled Intersection;None;No;#NULL!;Wet;0;Urban;No;11JUN2014;0;21:45;Male;#NULL!;Residential;B: Evident Injury;Yes;O: No Injury;262;June;0;Straight - Level;Piedmont;Facing Traffic;No Control Present;Wednesday;Intersection;19;1;Two-Way, Not Divided;8 lanes;0;No;BUTTERFIELD DR;Smooth Asphalt;#NULL!;Four-Way Intersection;Motorist Failed to Yield - Sign-Controlled Intersection;Local Street;B: Evident Injury;Forsyth;70+;Rain;CARVER SCHOOL RD;6-10 mph;30 - 35  MPH;2014;Dark - Roadway Not Lighted;70+
34.0637847297, -77.8983862999;"{""type"": ""Point"", ""coordinates"": [-77.89838629991408, 34.06378472967019]}";White;None - Rural Crash;Bike Lane / Paved Shoulder;2;15;Urban (>70% Developed);Female;Unknown;0;Unknown;0;20000421;Unknown/Missing;No;0;20-24;Motorist Lost Control - Other / Unknown;None;No;#NULL!;Dry;0.057;Rural;Yes;19JUN2014;1;15:00;Unknown;#NULL!;Residential;Unknown Injury;Yes;Unknown Injury;267;June;0;Straight - Level;Coastal;With Traffic;No Control Present;Thursday;Non-Intersection;20;1;Two-Way, Divided, Unprotected Median;4 lanes;0;Unknown;US 421;Coarse Asphalt;1573;No Special Feature;Loss of Control / Turning Error;US Route;Unknown Injury;New Hanover;Unknown;Clear;1531;41-45 mph;40 - 45  MPH;2014;Daylight;Unknown
34.2372427694, -77.867592298;"{""type"": ""Point"", ""coordinates"": [-77.86759229796967, 34.23724276943222]}";White;Wilmington;Sidewalk / Crosswalk / Driveway Crossing;2;18;Urban (>70% Developed);Female;Sport Utility;0;No;1;50025162;White;No;0;20-24;Motorist Drive Out - Right Turn on Red;None;No;#NULL!;Dry;0;Urban;No;29MAY2014;0;18:22;Male;#NULL!;Residential;B: Evident Injury;No;O: No Injury;268;May;0;Straight - Level;Coastal;Facing Traffic;Stop And Go Signal;Thursday;Intersection;22;1;Two-Way, Not Divided;2 lanes;0;No;RACINE DR;Smooth Asphalt;S COLLEGE RD;Four-Way Intersection;Motorist Failed to Yield - Signalized Intersection;Local Street;B: Evident Injury;New Hanover;35;Cloudy;ORIOLE DR;6-10 mph;20 - 25  MPH;2014;Daylight;30-39
34.2099067657, -77.7944622754;"{""type"": ""Point"", ""coordinates"": [-77.7944622754392, 34.20990676567137]}";Black;Wrightsville Beach;Travel Lane;2;8;Urban (>70% Developed);Male;Passenger Car;0;No;0;40001452;White;No;1;60-69;Bicyclist Overtaking - Extended Door;None;No;#NULL!;Dry;0.01;Rural;No;19JUN2014;0;8:19;Male;#NULL!;Residential;C: Possible Injury;Yes;O: No Injury;284;June;0;Straight - Level;Coastal;With Traffic;No Control Present;Thursday;Non-Intersection;63;1;Two-Way, Divided, Unprotected Median;2 lanes;0;No;NORTH LUMINA AVE;Smooth Asphalt;EAST COLUMBIA ST;No Special Feature;Bicyclist Overtaking Motorist;Local Street;C: Possible Injury;New Hanover;44;Clear;EAST ATLANTA ST;Unknown;Unknown;2014;Daylight;40-49