Geo Point;Geo Shape;BikeRace;City;BikePos;NumUnits;CrashHour;Locality;BikeSex;DrvrVehTyp;NumBikesNo;BikeAlcDrg;NumBikesBI;RteInvdCd;DrvrRace;Workzone;NumBikesCi;BikeAgeGrp;CrashType;RdDefects;CrashAlcoh;BikeAlcoho;RdConditio;DstncMiFrm;RuralUrban;HitRun;CrashDate;NumBikesUI;CrashTime;DrvrSex;DrvrAlcoho;Developmen;CrashSevr;AmbulanceR;DrvrInjury;OBJECTID;CrashMonth;NumBikesKi;RdCharacte;Region;BikeDir;TraffCntrl;CrashDay;CrashLoc;BikeAge;NumBikesTo;RdConfig;NumLanes;NumBikesAI;DrvrAlcDrg;OnRoad;RdSurface;Towrd_Rd;RdFeature;CrashGrp;RdClass;BikeInjury;County;DrvrAge;Weather;FrmRd;DrvrEstSpd;SpeedLimit;CrashYear;LightCond;DrvrAgeGrp
36.0220710816, -80.0157930381;"{""type"": ""Point"", ""coordinates"": [-80.01579303805835, 36.02207108160532]}";White;High Point;Travel Lane;2;16;Urban (>70% Developed);Male;Passenger Car;0;No;1;50022386;White;No;0;60-69;Motorist Overtaking - Misjudged Space;None;No;#NULL!;Dry;0.1;Urban;No;21MAY2014;0;16:07;Female;#NULL!;Residential;B: Evident Injury;Yes;O: No Injury;287;May;0;Straight - Grade;Piedmont;With Traffic;No Control Present;Wednesday;Non-Intersection;68;1;Two-Way, Not Divided;2 lanes;0;No;OLD MILL RD;Smooth Asphalt;JOHNSON ST;No Special Feature;Motorist Overtaking Bicyclist;Local Street;B: Evident Injury;Guilford;20;Clear;MILLSTONE CT;41-45 mph;40 - 45  MPH;2014;Daylight;20-24
34.6872469002, -76.8896520229;"{""type"": ""Point"", ""coordinates"": [-76.8896520228821, 34.68724690017986]}";White;Indian Beach;Travel Lane;2;10;Mixed (30% To 70% Developed);Male;Police;1;No;0;30000058;White;No;0;50-59;Bicyclist Overtaking - Parked Vehicle;None;No;#NULL!;Dry;0.1;Rural;No;12JUN2014;0;10:06;Male;#NULL!;Residential;O: No Injury;No;O: No Injury;285;June;0;Straight - Level;Coastal;With Traffic;Double Yellow Line, No Passing Zone;Thursday;Non-Intersection;54;1;Two-Way, Not Divided;3 lanes;0;Missing;NC 58;Smooth Asphalt;INDIAN BEACH;No Special Feature;Bicyclist Overtaking Motorist;NC Route;O: No Injury;Carteret;55;Clear;1192;0-5 mph;30 - 35  MPH;2014;Daylight;50-59
35.3189198409, -82.4589137258;"{""type"": ""Point"", ""coordinates"": [-82.458913725816, 35.31891984093733]}";White;Hendersonville;Travel Lane;2;15;Urban (>70% Developed);Male;Passenger Car;0;No;1;0;White;No;0;30-39;Motorist Right Turn - Same Direction;None;No;#NULL!;Dry;0;Urban;No;23JUN2014;0;15:34;Male;#NULL!;Commercial;B: Evident Injury;No;O: No Injury;270;June;0;Straight - Level;Mountains;With Traffic;No Control Present;Monday;Non-Intersection;35;1;One-Way, Not Divided;2 lanes;0;No;US 64;Coarse Asphalt;GROVE ST;No Special Feature;Motorist Right Turn / Merge;US Route;B: Evident Injury;Henderson;40;Clear;228 6TH AVE;0-5 mph;30 - 35  MPH;2014;Daylight;40-49
35.7848970905, -78.3660625264;"{""type"": ""Point"", ""coordinates"": [-78.36606252640888, 35.784897090458394]}";White;Wendell;Travel Lane;2;13;Urban (>70% Developed);Male;Sport Utility;0;No;0;50014270;White;No;0;0-5;Play Vehicle-Related;None;No;#NULL!;Dry;0;Urban;No;30JUN2014;0;13:35;Male;#NULL!;Residential;A: Disabling Injury;Yes;O: No Injury;289;June;0;Straight - Level;Piedmont;With Traffic;Stop Sign;Monday;Intersection-Related;5;1;Two-Way, Not Divided;2 lanes;1;No;MATTOX ST;Coarse Asphalt;WENDELL BLVD;T-Intersection;Other / Unusual Circumstances;Local Street;A: Disabling Injury;Wake;70+;Clear;HOLLYBROOK RD;6-10 mph;30 - 35  MPH;2014;Daylight;70+
35.3266749833, -78.6078365753;"{""type"": ""Point"", ""coordinates"": [-78.607836575338, 35.32667498329972]}";Black;Dunn;Non-Roadway;2;14;Mixed (30% To 70% Developed);Male;Sport Utility;0;#NULL!;0;0;White;No;0;6-10;Bicyclist Ride Out - Other Midblock;None;No;No;Wet;0;Urban;No;18JUL2008;0;14:54;Female;No;Residential;C: Possible Injury;No;O: No Injury;5994;July;0;Straight - Level;Coastal;Not Applicable;Missing;Friday;Non-Intersection;8;0;Two-Way, Not Divided;2 lanes;0;#NULL!;#NULL!;Coarse Asphalt;#NULL!;No Special Feature;Bicyclist Failed to Yield - Midblock;State Secondary Route;C: Possible Injury;Harnett;45;Rain;#NULL!;26-30 mph;40 - 45  MPH;2008;Daylight;40-49
35.0330839087, -78.9222626559;"{""type"": ""Point"", ""coordinates"": [-78.92226265593813, 35.03308390869484]}";Black;Fayetteville;Travel Lane;2;15;Urban (>70% Developed);Male;Sport Utility;0;#NULL!;0;0;White;No;0;30-39;Motorist Drive Out - Sign-Controlled Intersection;None;No;No;Dry;0;Urban;No;20JUN2008;0;15:52;Female;No;Commercial;O: No Injury;No;O: No Injury;5996;June;0;Straight - Level;Coastal;With Traffic;Stop Sign;Friday;Intersection;34;0;Two-Way, Divided, Unprotected Median;4 lanes;0;#NULL!;#NULL!;Coarse Asphalt;#NULL!;T-Intersection;Motorist Failed to Yield - Sign-Controlled Intersection;Local Street;O: No Injury;Cumberland;16;Clear;#NULL!;0-5 mph;20 - 25  MPH;2008;Daylight;0-19
35.9915801168, -78.8747586916;"{""type"": ""Point"", ""coordinates"": [-78.8747586915887, 35.99158011677282]}";Black;Durham;Travel Lane;2;20;Urban (>70% Developed);Male;Passenger Car;0;#NULL!;0;0;Unknown/Missing;No;0;25-29;Motorist Drive Out - Sign-Controlled Intersection;None;No;No;Dry;0;Urban;Yes;24MAR2007;0;20:41;Unknown;Missing;Residential;B: Evident Injury;Yes;Unknown Injury;6504;March;0;Straight - Grade;Piedmont;With Traffic;Stop Sign;Saturday;Intersection;28;0;Two-Way, Not Divided;4 lanes;0;#NULL!;#NULL!;Coarse Asphalt;#NULL!;Four-Way Intersection;Motorist Failed to Yield - Sign-Controlled Intersection;Local Street;B: Evident Injury;Durham;Unknown;Clear;#NULL!;6-10 mph;30 - 35  MPH;2007;Dark - Roadway Not Lighted;Unknown
35.2358238855, -80.8049032309;"{""type"": ""Point"", ""coordinates"": [-80.80490323092482, 35.23582388546067]}";Black;Charlotte;Sidewalk / Crosswalk / Driveway Crossing;2;17;Urban (>70% Developed);Male;Unknown;0;#NULL!;0;0;Unknown/Missing;No;0;40-49;Motorist Right Turn - Same Direction;None;No;No;Dry;0;Urban;Yes;15JAN2007;0;17:25;Unknown;Missing;Commercial;B: Evident Injury;Yes;Unknown Injury;6505;January;0;Straight - Grade;Piedmont;With Traffic;No Control Present;Monday;Non-Intersection;47;0;Unknown;Unknown;0;#NULL!;#NULL!;Smooth Asphalt;#NULL!;No Special Feature;Motorist Right Turn / Merge;Local Street;B: Evident Injury;Mecklenburg;Unknown;Clear;#NULL!;Unknown;Unknown;2007;Daylight;Unknown
35.6256670922, -77.2988721934;"{""type"": ""Point"", ""coordinates"": [-77.29887219340587, 35.62566709222854]}";White;None - Rural Crash;Travel Lane;2;15;Rural (<30% Developed);Male;Van;0;#NULL!;0;0;Black;No;0;20-24;Bicyclist Ride Out - Sign-Controlled Intersection;None;No;No;Dry;0;Rural;No;12JAN2007;0;15:45;Female;No;Farms, Woods, Pastures;B: Evident Injury;Yes;O: No Injury;6507;January;0;Straight - Level;Coastal;With Traffic;Stop Sign;Friday;Intersection;22;0;Two-Way, Divided, Unprotected Median;4 lanes;0;#NULL!;#NULL!;Coarse Asphalt;#NULL!;T-Intersection;Bicyclist Failed to Yield - Sign-Controlled Intersection;US Route;B: Evident Injury;Pitt;33;Clear;#NULL!;46-50 mph;50 - 55  MPH;2007;Daylight;30-39
36.0106121178, -78.9548227169;"{""type"": ""Point"", ""coordinates"": [-78.95482271686065, 36.010612117780376]}";White;Durham;Travel Lane;2;23;Urban (>70% Developed);Male;Passenger Car;0;#NULL!;0;0;Black;No;0;30-39;Bicylist Lost Control - Alcohol / Drug Impairment;None;Yes;Yes;Dry;0;Urban;No;30MAR2007;0;23:36;Male;Missing;Residential;C: Possible Injury;Yes;O: No Injury;6515;March;0;Straight - Hillcrest;Piedmont;With Traffic;Stop Sign;Friday;Intersection;31;0;Two-Way, Not Divided;2 lanes;0;#NULL!;#NULL!;Smooth Asphalt;#NULL!;T-Intersection;Loss of Control / Turning Error;Local Street;C: Possible Injury;Durham;Unknown;Clear;#NULL!;0-5 mph;5 - 15 MPH;2007;Dark - Roadway Not Lighted;Unknown
35.1999968794, -80.7571332147;"{""type"": ""Point"", ""coordinates"": [-80.75713321473762, 35.19999687944678]}";Black;Charlotte;Travel Lane;2;12;Urban (>70% Developed);Male;Unknown;0;#NULL!;0;0;Unknown/Missing;No;0;6-10;Bicyclist Turning Error - Left Turn;None;No;No;Dry;0;Urban;Yes;15JAN2007;0;12:57;Unknown;Missing;Residential;O: No Injury;No;Unknown Injury;6516;January;0;Straight - Hillcrest;Piedmont;Facing Traffic;Stop Sign;Monday;Intersection;6;0;Two-Way, Not Divided;2 lanes;0;#NULL!;#NULL!;Smooth Asphalt;#NULL!;Driveway, Public;Loss of Control / Turning Error;Local Street;O: No Injury;Mecklenburg;Unknown;Clear;#NULL!;16-20 mph;20 - 25  MPH;2007;Daylight;Unknown
34.1285047443, -77.8981823025;"{""type"": ""Point"", ""coordinates"": [-77.89818230248896, 34.12850474425791]}";White;None - Rural Crash;Bike Lane / Paved Shoulder;2;11;Mixed (30% To 70% Developed);Male;Unknown;0;#NULL!;0;0;Unknown/Missing;No;0;30-39;Motorist Overtaking - Other / Unknown;None;No;No;Dry;0;Rural;Yes;24JAN2007;0;11:58;Unknown;No;Commercial;B: Evident Injury;Yes;Unknown Injury;6517;January;0;Straight - Level;Coastal;With Traffic;No Control Present;Wednesday;Non-Intersection;36;0;Two-Way, Divided, Unprotected Median;4 lanes;0;#NULL!;#NULL!;Smooth Asphalt;#NULL!;No Special Feature;Motorist Overtaking Bicyclist;US Route;B: Evident Injury;New Hanover;Unknown;Clear;#NULL!;31-35 mph;50 - 55  MPH;2007;Dark - Roadway Not Lighted;Unknown
35.2540010025, -77.5746482582;"{""type"": ""Point"", ""coordinates"": [-77.57464825823196, 35.2540010024532]}";Black;Kinston;Travel Lane;2;0;Urban (>70% Developed);Male;Unknown;0;#NULL!;0;0;Unknown/Missing;No;0;16-19;Motorist Overtaking - Undetected Bicyclist;None;No;No;Dry;0;Urban;Yes;27JAN2007;0;0:22;Unknown;Missing;Residential;C: Possible Injury;Yes;Unknown Injury;6521;January;0;Straight - Level;Coastal;With Traffic;Stop Sign;Saturday;Intersection;16;0;Two-Way, Not Divided;4 lanes;0;#NULL!;#NULL!;Coarse Asphalt;#NULL!;Four-Way Intersection;Motorist Overtaking Bicyclist;Local Street;C: Possible Injury;Lenoir;Unknown;Clear;#NULL!;0-5 mph;20 - 25  MPH;2007;Dark - Roadway Not Lighted;Unknown
35.9963111175, -78.880072694;"{""type"": ""Point"", ""coordinates"": [-78.88007269403963, 35.996311117517884]}";Black;Durham;Travel Lane;2;19;Urban (>70% Developed);Female;Passenger Car;0;#NULL!;0;0;Black;No;0;16-19;Bicyclist Ride Through - Sign-Controlled Intersection;None;No;No;Dry;0;Urban;No;02APR2007;0;19:19;Male;No;Residential;C: Possible Injury;Yes;O: No Injury;6523;April;0;Straight - Level;Piedmont;Unknown;Stop Sign;Monday;Intersection;18;0;Two-Way, Not Divided;2 lanes;0;#NULL!;#NULL!;Smooth Asphalt;#NULL!;No Special Feature;Bicyclist Failed to Yield - Sign-Controlled Intersection;Local Street;C: Possible Injury;Durham;40;Clear;#NULL!;31-35 mph;30 - 35  MPH;2007;Daylight;40-49
34.9438469461, -77.239792142;"{""type"": ""Point"", ""coordinates"": [-77.23979214195691, 34.94384694614731]}";White;None - Rural Crash;Travel Lane;2;15;Rural (<30% Developed);Male;Pickup;0;#NULL!;0;0;White;No;0;30-39;Motorist Overtaking - Other / Unknown;None;No;No;Dry;0;Rural;No;29JAN2007;0;15:45;Male;No;Farms, Woods, Pastures;C: Possible Injury;Yes;O: No Injury;6524;January;0;Straight - Level;Coastal;With Traffic;No Control Present;Monday;Non-Intersection;38;0;Two-Way, Not Divided;2 lanes;0;#NULL!;#NULL!;Smooth Asphalt;#NULL!;No Special Feature;Motorist Overtaking Bicyclist;US Route;C: Possible Injury;Jones;38;Clear;#NULL!;51-55 mph;50 - 55  MPH;2007;Daylight;30-39
36.4998811909, -79.7694529903;"{""type"": ""Point"", ""coordinates"": [-79.76945299033405, 36.49988119088723]}";Black;Eden;Travel Lane;2;18;Urban (>70% Developed);Female;Passenger Car;0;#NULL!;0;0;White;No;0;11-15;Bicyclist Ride Through - Sign-Controlled Intersection;None;No;No;Dry;0;Urban;No;05APR2007;0;18:17;Female;No;Commercial;A: Disabling Injury;Yes;O: No Injury;6526;April;0;Straight - Level;Piedmont;Unknown;Stop Sign;Thursday;Intersection;11;0;Two-Way, Not Divided;2 lanes;0;#NULL!;#NULL!;Smooth Asphalt;#NULL!;Four-Way Intersection;Bicyclist Failed to Yield - Sign-Controlled Intersection;Local Street;A: Disabling Injury;Rockingham;45;Clear;#NULL!;21-25 mph;20 - 25  MPH;2007;Daylight;40-49
36.0038601187, -78.8960926988;"{""type"": ""Point"", ""coordinates"": [-78.89609269877114, 36.00386011871331]}";Black;Durham;Travel Lane;2;19;Urban (>70% Developed);Male;Passenger Car;0;#NULL!;0;0;Unknown/Missing;No;0;6-10;Motorist Right Turn - Same Direction;None;No;No;Dry;0;Urban;Yes;14APR2007;0;19:04;Unknown;Missing;Residential;C: Possible Injury;Yes;Unknown Injury;6529;April;0;Straight - Grade;Piedmont;With Traffic;Stop Sign;Saturday;Intersection;7;0;Two-Way, Not Divided;2 lanes;0;#NULL!;#NULL!;Smooth Asphalt;#NULL!;Four-Way Intersection;Motorist Right Turn / Merge;Local Street;C: Possible Injury;Durham;Unknown;Cloudy;#NULL!;Unknown;Unknown;2007;Daylight;Unknown
35.7446369602, -81.6922535238;"{""type"": ""Point"", ""coordinates"": [-81.69225352384703, 35.74463696024141]}";White;Morganton;Travel Lane;2;16;Mixed (30% To 70% Developed);Male;Passenger Car;0;#NULL!;0;0;White;No;0;6-10;Bicyclist Ride Out - Sign-Controlled Intersection;None;No;No;Dry;0;Urban;No;07FEB2007;0;16:52;Female;No;Residential;B: Evident Injury;Yes;O: No Injury;6530;February;0;Straight - Level;Mountains;Facing Traffic;Stop Sign;Wednesday;Intersection;6;0;Two-Way, Not Divided;6 lanes;0;#NULL!;#NULL!;Smooth Asphalt;#NULL!;No Special Feature;Bicyclist Failed to Yield - Sign-Controlled Intersection;Local Street;B: Evident Injury;Burke;17;Clear;#NULL!;26-30 mph;30 - 35  MPH;2007;Daylight;0-19
34.3337887913, -77.8416422946;"{""type"": ""Point"", ""coordinates"": [-77.84164229455021, 34.33378879132349]}";White;None - Rural Crash;Travel Lane;2;7;Rural (<30% Developed);Male;Light Truck (Mini-Van, Panel);0;#NULL!;0;0;White;No;0;16-19;Motorist Overtaking - Other / Unknown;None;No;No;Dry;0;Rural;No;20FEB2007;0;7:50;Female;No;Farms, Woods, Pastures;B: Evident Injury;Yes;O: No Injury;6543;February;0;Straight - Level;Coastal;With Traffic;No Control Present;Tuesday;Non-Intersection;19;0;Two-Way, Not Divided;2 lanes;0;#NULL!;#NULL!;Coarse Asphalt;#NULL!;No Special Feature;Motorist Overtaking Bicyclist;State Secondary Route;B: Evident Injury;New Hanover;36;Clear;#NULL!;46-50 mph;50 - 55  MPH;2007;Daylight;30-39
35.6548339198, -82.2458336827;"{""type"": ""Point"", ""coordinates"": [-82.24583368267164, 35.65483391983075]}";White;None - Rural Crash;Travel Lane;2;16;Rural (<30% Developed);Male;Single Unit Truck (2-Axle, 6-Tire);0;#NULL!;0;0;White;No;0;50-59;Head-On - Motorist;None;Yes;No;Sand, Mud, Dirt, Gravel;0;Rural;No;22JAN2007;0;16:10;Male;Yes;Farms, Woods, Pastures;B: Evident Injury;Yes;O: No Injury;6547;January;0;Curve - Grade;Mountains;With Traffic;No Control Present;Monday;Non-Intersection;53;0;Two-Way, Not Divided;2 lanes;0;#NULL!;#NULL!;Gravel;#NULL!;Y-Intersection;Head-On;State Secondary Route;B: Evident Injury;Mcdowell;28;Clear;#NULL!;21-25 mph;50 - 55  MPH;2007;Daylight;25-29
35.855331093, -78.7115886352;"{""type"": ""Point"", ""coordinates"": [-78.7115886352076, 35.855331092960434]}";Black;Raleigh;Sidewalk / Crosswalk / Driveway Crossing;2;19;Mixed (30% To 70% Developed);Male;Sport Utility;0;#NULL!;0;0;White;No;0;11-15;Crossing Paths - Intersection - Other / Unknown;None;No;No;Dry;0;Urban;No;20FEB2007;0;19:43;Male;No;Residential;B: Evident Injury;No;O: No Injury;6548;February;0;Straight - Level;Piedmont;Facing Traffic;No Control Present;Tuesday;Intersection;12;0;Two-Way, Not Divided;2 lanes;0;#NULL!;#NULL!;Coarse Asphalt;#NULL!;T-Intersection;Crossing Paths - Other Circumstances;Local Street;B: Evident Injury;Wake;58;Clear;#NULL!;0-5 mph;30 - 35  MPH;2007;Dark - Lighted Roadway;50-59
35.9888831542, -77.7968163637;"{""type"": ""Point"", ""coordinates"": [-77.79681636372048, 35.98888315421833]}";White;Rocky Mount;Travel Lane;2;14;Urban (>70% Developed);Male;Passenger Car;0;#NULL!;0;0;Black;No;0;16-19;Bicyclist Ride Through - Sign-Controlled Intersection;None;No;No;Dry;0;Urban;No;22FEB2007;0;14:35;Female;No;Residential;B: Evident Injury;Yes;O: No Injury;6549;February;0;Straight - Grade;Coastal;With Traffic;Stop Sign;Thursday;Intersection;17;0;Two-Way, Not Divided;2 lanes;0;#NULL!;#NULL!;Coarse Asphalt;#NULL!;T-Intersection;Bicyclist Failed to Yield - Sign-Controlled Intersection;Local Street;B: Evident Injury;Nash;50;Clear;#NULL!;21-25 mph;30 - 35  MPH;2007;Daylight;50-59
35.5483240843, -77.0507721143;"{""type"": ""Point"", ""coordinates"": [-77.05077211425144, 35.54832408426936]}";Black;Washington;Sidewalk / Crosswalk / Driveway Crossing;2;14;Urban (>70% Developed);Male;Passenger Car;0;#NULL!;0;0;White;No;0;11-15;Bicyclist Ride Out - Parallel Path;None;No;No;Dry;0;Urban;No;23FEB2007;0;14:42;Female;No;Residential;C: Possible Injury;Yes;O: No Injury;6553;February;0;Straight - Level;Coastal;With Traffic;No Control Present;Friday;Intersection-Related;15;0;Two-Way, Not Divided;2 lanes;0;#NULL!;#NULL!;Coarse Asphalt;#NULL!;No Special Feature;Parallel Paths - Other Circumstances;Local Street;C: Possible Injury;Beaufort;54;Clear;#NULL!;21-25 mph;30 - 35  MPH;2007;Daylight;50-59
35.0375739066, -79.0069686817;"{""type"": ""Point"", ""coordinates"": [-79.00696868167554, 35.0375739065604]}";Black;Fayetteville;Unknown;2;16;Urban (>70% Developed);Male;Pickup;0;#NULL!;0;0;White;No;0;11-15;Crossing Paths - Intersection - Other / Unknown;None;No;No;Dry;0;Urban;No;24FEB2007;0;16:19;Male;No;Commercial;C: Possible Injury;No;O: No Injury;6555;February;0;Straight - Level;Coastal;Not Applicable;Stop And Go Signal;Saturday;Intersection-Related;15;0;Two-Way, Divided, Unprotected Median;4 lanes;0;#NULL!;#NULL!;Smooth Asphalt;#NULL!;Four-Way Intersection;Crossing Paths - Other Circumstances;Local Street;C: Possible Injury;Cumberland;34;Clear;#NULL!;31-35 mph;50 - 55  MPH;2007;Daylight;30-39
35.0654709125, -79.0135526849;"{""type"": ""Point"", ""coordinates"": [-79.01355268492391, 35.065470912531836]}";Black;Fayetteville;Travel Lane;2;18;Urban (>70% Developed);Male;Unknown;0;#NULL!;0;0;Unknown/Missing;No;0;40-49;Bicyclist Ride Out - Commercial Driveway / Alley;None;No;No;Dry;0;Urban;Yes;23FEB2007;0;18:36;Unknown;Missing;Commercial;C: Possible Injury;No;Unknown Injury;6561;February;0;Straight - Level;Coastal;With Traffic;No Control Present;Friday;Non-Intersection;46;0;Two-Way, Not Divided;4 lanes;0;#NULL!;#NULL!;Coarse Asphalt;#NULL!;No Special Feature;Bicyclist Failed to Yield - Midblock;Local Street;C: Possible Injury;Cumberland;Unknown;Clear;#NULL!;Unknown;Unknown;2007;Daylight;Unknown
35.719487092, -77.9137063853;"{""type"": ""Point"", ""coordinates"": [-77.91370638529942, 35.71948709195846]}";Black;Wilson;Sidewalk / Crosswalk / Driveway Crossing;2;7;Urban (>70% Developed);Female;Pickup;0;#NULL!;0;0;Black;No;0;50-59;Motorist Drive Through - Signalized Intersection;None;No;No;Dry;0;Urban;No;27FEB2007;0;7:21;Male;No;Residential;B: Evident Injury;Yes;C: Possible Injury;6563;February;0;Straight - Level;Coastal;With Traffic;Stop And Go Signal;Tuesday;Intersection;53;0;Two-Way, Divided, Unprotected Median;4 lanes;0;#NULL!;#NULL!;Coarse Asphalt;#NULL!;Four-Way Intersection;Motorist Failed to Yield - Signalized Intersection;Local Street;B: Evident Injury;Wilson;61;Clear;#NULL!;0-5 mph;30 - 35  MPH;2007;Dawn;60-69
35.2614568892, -80.8469232446;"{""type"": ""Point"", ""coordinates"": [-80.8469232446414, 35.261456889166524]}";Black;Charlotte;Travel Lane;2;16;Urban (>70% Developed);Male;Passenger Car;0;#NULL!;0;0;Black;No;0;60-69;Motorist Right Turn - Same Direction;None;No;No;Wet;0;Urban;No;01MAR2007;0;16:55;Male;No;Residential;A: Disabling Injury;Yes;O: No Injury;6564;March;0;Straight - Grade;Piedmont;With Traffic;No Control Present;Thursday;Non-Intersection;61;0;Two-Way, Not Divided;2 lanes;0;#NULL!;#NULL!;Smooth Asphalt;#NULL!;No Special Feature;Motorist Right Turn / Merge;Local Street;A: Disabling Injury;Mecklenburg;64;Cloudy;#NULL!;11-15 mph;30 - 35  MPH;2007;Daylight;60-69
35.1776868714, -80.8454932401;"{""type"": ""Point"", ""coordinates"": [-80.84549324010395, 35.1776868713835]}";White;Charlotte;Travel Lane;2;7;Urban (>70% Developed);Male;Passenger Car;0;#NULL!;0;0;White;No;0;30-39;Head-On - Motorist;None;No;No;Dry;0;Urban;No;06MAR2007;0;7:59;Female;No;Residential;B: Evident Injury;Yes;O: No Injury;6570;March;0;Straight - Level;Piedmont;With Traffic;Stop Sign;Tuesday;Intersection;37;0;Two-Way, Not Divided;2 lanes;0;#NULL!;#NULL!;Smooth Asphalt;#NULL!;T-Intersection;Head-On;Local Street;B: Evident Injury;Mecklenburg;27;Clear;#NULL!;11-15 mph;20 - 25  MPH;2007;Daylight;25-29
34.7207829151, -76.662927955;"{""type"": ""Point"", ""coordinates"": [-76.66292795503026, 34.72078291510835]}";White;Beaufort;Sidewalk / Crosswalk / Driveway Crossing;2;15;Urban (>70% Developed);Male;Pickup;0;#NULL!;0;0;White;No;0;40-49;Bicylist Lost Control - Alcohol / Drug Impairment;None;Yes;Yes;Wet;0;Rural;No;17MAY2007;0;15:50;Male;No;Commercial;B: Evident Injury;Yes;O: No Injury;6571;May;0;Straight - Level;Coastal;With Traffic;Stop And Go Signal;Thursday;Intersection;45;0;Two-Way, Not Divided;4 lanes;0;#NULL!;#NULL!;Smooth Asphalt;#NULL!;Four-Way Intersection;Loss of Control / Turning Error;US Route;B: Evident Injury;Carteret;66;Cloudy;#NULL!;31-35 mph;30 - 35  MPH;2007;Daylight;60-69
35.1994268746, -80.8940082556;"{""type"": ""Point"", ""coordinates"": [-80.89400825563388, 35.19942687461549]}";Black;Charlotte;Travel Lane;2;17;Urban (>70% Developed);Male;Passenger Car;0;#NULL!;0;0;Black;No;0;6-10;Bicyclist Ride Through - Sign-Controlled Intersection;None;No;No;Dry;0;Urban;No;07MAR2007;0;17:17;Female;No;Residential;B: Evident Injury;Yes;O: No Injury;6573;March;0;Curve - Grade;Piedmont;With Traffic;Stop Sign;Wednesday;Intersection;6;0;Two-Way, Divided, Unprotected Median;2 lanes;0;#NULL!;#NULL!;Smooth Asphalt;#NULL!;T-Intersection;Bicyclist Failed to Yield - Sign-Controlled Intersection;Local Street;B: Evident Injury;Mecklenburg;32;Clear;#NULL!;11-15 mph;30 - 35  MPH;2007;Daylight;30-39
35.7699120733, -78.7609426453;"{""type"": ""Point"", ""coordinates"": [-78.76094264532396, 35.76991207327849]}";Black;Cary;Sidewalk / Crosswalk / Driveway Crossing;2;15;Urban (>70% Developed);Male;Passenger Car;0;#NULL!;0;0;White;No;0;11-15;Motorist Drive Out - Right Turn on Red;None;No;No;Dry;0;Urban;No;11MAY2007;0;15:17;Female;No;Commercial;B: Evident Injury;Yes;O: No Injury;6594;May;0;Straight - Level;Piedmont;Unknown;Stop And Go Signal;Friday;Intersection;15;0;Two-Way, Divided, Unprotected Median;4 lanes;0;#NULL!;#NULL!;Smooth Asphalt;#NULL!;Four-Way Intersection;Motorist Failed to Yield - Signalized Intersection;State Secondary Route;B: Evident Injury;Wake;22;Clear;#NULL!;0-5 mph;40 - 45  MPH;2007;Daylight;20-24
35.1806668708, -80.8895532527;"{""type"": ""Point"", ""coordinates"": [-80.88955325270584, 35.1806668708406]}";White;Charlotte;Travel Lane;2;22;Urban (>70% Developed);Male;Passenger Car;0;#NULL!;0;0;Black;No;0;40-49;Motorist Drive Out - Right Turn on Red;None;No;No;Dry;0;Urban;No;01JUN2007;0;22:51;Female;No;Commercial;O: No Injury;No;O: No Injury;6595;June;0;Straight - Level;Piedmont;With Traffic;Flashing Signal Without Stop Sign;Friday;Intersection;46;0;Two-Way, Divided, Unprotected Median;4 lanes;0;#NULL!;#NULL!;Smooth Asphalt;#NULL!;No Special Feature;Motorist Failed to Yield - Signalized Intersection;Local Street;O: No Injury;Mecklenburg;29;Clear;#NULL!;11-15 mph;30 - 35  MPH;2007;Dark - Lighted Roadway;25-29
35.7804870799, -78.6434726099;"{""type"": ""Point"", ""coordinates"": [-78.64347260993591, 35.78048707990937]}";White;Raleigh;Sidewalk / Crosswalk / Driveway Crossing;2;12;Urban (>70% Developed);Male;Passenger Car;0;#NULL!;0;0;White;No;0;60-69;Motorist Drive Out - Right Turn on Red;None;No;No;Dry;0;Urban;No;18MAR2007;0;12:09;Female;No;Commercial;O: No Injury;No;O: No Injury;6600;March;0;Straight - Level;Piedmont;Facing Traffic;Stop And Go Signal;Sunday;Intersection;65;0;Two-Way, Not Divided;9 or more lanes;0;#NULL!;#NULL!;Smooth Asphalt;#NULL!;Four-Way Intersection;Motorist Failed to Yield - Signalized Intersection;Local Street;O: No Injury;Wake;41;Clear;#NULL!;0-5 mph;30 - 35  MPH;2007;Daylight;40-49
35.096666859, -80.7110931952;"{""type"": ""Point"", ""coordinates"": [-80.71109319516668, 35.09666685904541]}";White;Matthews;Travel Lane;2;16;Urban (>70% Developed);Male;Passenger Car;0;#NULL!;0;0;White;No;0;6-10;Bicyclist Ride Through - Sign-Controlled Intersection;None;No;No;Dry;0;Urban;No;20MAR2007;0;16:34;Male;No;Residential;B: Evident Injury;Yes;O: No Injury;6606;March;0;Straight - Bottom;Piedmont;Unknown;Stop Sign;Tuesday;Intersection;10;0;Two-Way, Not Divided;2 lanes;0;#NULL!;#NULL!;Coarse Asphalt;#NULL!;T-Intersection;Bicyclist Failed to Yield - Sign-Controlled Intersection;Local Street;B: Evident Injury;Mecklenburg;18;Clear;#NULL!;21-25 mph;20 - 25  MPH;2007;Daylight;0-19
34.7477528967, -77.4083221833;"{""type"": ""Point"", ""coordinates"": [-77.40832218325822, 34.7477528967142]}";White;Jacksonville;Travel Lane;2;0;Urban (>70% Developed);Male;Pickup;0;#NULL!;0;0;White;No;0;16-19;Motorist Overtaking - Undetected Bicyclist;None;No;No;Dry;0;Urban;No;22MAR2007;0;0:15;Male;No;Commercial;K: Killed;Yes;O: No Injury;6608;March;0;Straight - Level;Coastal;With Traffic;No Control Present;Thursday;Non-Intersection;19;0;One-Way, Not Divided;2 lanes;0;#NULL!;#NULL!;Smooth Asphalt;#NULL!;Bridge;Motorist Overtaking Bicyclist;US Route;K: Killed;Onslow;36;Clear;#NULL!;51-55 mph;50 - 55  MPH;2007;Dark - Roadway Not Lighted;30-39