Geo Point;Geo Shape;BikeRace;City;BikePos;NumUnits;CrashHour;Locality;BikeSex;DrvrVehTyp;NumBikesNo;BikeAlcDrg;NumBikesBI;RteInvdCd;DrvrRace;Workzone;NumBikesCi;BikeAgeGrp;CrashType;RdDefects;CrashAlcoh;BikeAlcoho;RdConditio;DstncMiFrm;RuralUrban;HitRun;CrashDate;NumBikesUI;CrashTime;DrvrSex;DrvrAlcoho;Developmen;CrashSevr;AmbulanceR;DrvrInjury;OBJECTID;CrashMonth;NumBikesKi;RdCharacte;Region;BikeDir;TraffCntrl;CrashDay;CrashLoc;BikeAge;NumBikesTo;RdConfig;NumLanes;NumBikesAI;DrvrAlcDrg;OnRoad;RdSurface;Towrd_Rd;RdFeature;CrashGrp;RdClass;BikeInjury;County;DrvrAge;Weather;FrmRd;DrvrEstSpd;SpeedLimit;CrashYear;LightCond;DrvrAgeGrp
35.7204739597, -81.5724294865;"{""type"": ""Point"", ""coordinates"": [-81.57242948645609, 35.72047395967068]}";White;None - Rural Crash;Travel Lane;2;16;Rural (<30% Developed);Male;Pickup;0;#NULL!;0;0;White;No;0;16-19;Head-On - Bicyclist;None;No;No;Dry;0;Rural;No;23MAR2007;0;16:37;Male;No;Residential;K: Killed;Yes;O: No Injury;6609;March;0;Curve - Grade;Mountains;With Traffic;Double Yellow Line, No Passing Zone;Friday;Non-Intersection;16;0;Two-Way, Not Divided;2 lanes;0;#NULL!;#NULL!;Smooth Asphalt;#NULL!;No Special Feature;Head-On;State Secondary Route;K: Killed;Burke;50;Clear;#NULL!;26-30 mph;30 - 35  MPH;2007;Daylight;50-59
34.2136337634, -77.8809073013;"{""type"": ""Point"", ""coordinates"": [-77.8809073013328, 34.213633763383235]}";White;Wilmington;Travel Lane;2;15;Urban (>70% Developed);Male;Sport Utility;0;#NULL!;0;0;White;No;0;30-39;Head-On - Bicyclist;None;No;No;Dry;0;Urban;No;25MAR2007;0;15:58;Male;No;Residential;B: Evident Injury;No;O: No Injury;6617;March;0;Straight - Level;Coastal;Facing Traffic;No Control Present;Sunday;Non-Intersection;33;0;Two-Way, Not Divided;2 lanes;0;#NULL!;#NULL!;Smooth Asphalt;#NULL!;No Special Feature;Head-On;Local Street;B: Evident Injury;New Hanover;48;Clear;#NULL!;26-30 mph;30 - 35  MPH;2007;Daylight;40-49
35.8777570931, -78.8589826803;"{""type"": ""Point"", ""coordinates"": [-78.85898268025132, 35.87775709310878]}";White;None - Rural Crash;Travel Lane;2;12;Mixed (30% To 70% Developed);Male;Passenger Car;0;#NULL!;0;0;Black;No;0;50-59;Bicyclist Left Turn - Same Direction;None;No;No;Dry;0;Rural;No;27MAR2007;0;12:35;Male;No;Commercial;B: Evident Injury;Yes;O: No Injury;6620;March;0;Curve - Grade;Piedmont;With Traffic;Double Yellow Line, No Passing Zone;Tuesday;Intersection-Related;51;0;Two-Way, Not Divided;2 lanes;0;#NULL!;#NULL!;Smooth Asphalt;#NULL!;T-Intersection;Bicyclist Left Turn / Merge;State Secondary Route;B: Evident Injury;Durham;37;Cloudy;#NULL!;21-25 mph;40 - 45  MPH;2007;Daylight;30-39
36.0932310681, -80.77570327;"{""type"": ""Point"", ""coordinates"": [-80.77570327002307, 36.09323106814249]}";White;None - Rural Crash;Travel Lane;2;16;Rural (<30% Developed);Male;Passenger Car;0;#NULL!;0;0;White;No;0;30-39;Motorist Overtaking - Other / Unknown;None;No;No;Dry;0;Rural;No;27MAR2007;0;16:35;Female;No;Farms, Woods, Pastures;B: Evident Injury;Yes;O: No Injury;6626;March;0;Straight - Level;Mountains;With Traffic;No Control Present;Tuesday;Non-Intersection;37;0;Two-Way, Not Divided;2 lanes;0;#NULL!;#NULL!;Smooth Asphalt;#NULL!;No Special Feature;Motorist Overtaking Bicyclist;State Secondary Route;B: Evident Injury;Yadkin;33;Clear;#NULL!;41-45 mph;50 - 55  MPH;2007;Daylight;30-39
35.8497970966, -78.580902595;"{""type"": ""Point"", ""coordinates"": [-78.58090259503156, 35.84979709662774]}";Black;Raleigh;Unknown;2;19;Urban (>70% Developed);Male;Sport Utility;0;#NULL!;0;0;White;No;0;11-15;Bicyclist Ride Out - Signalized  Intersection;None;No;No;Dry;0;Urban;No;29MAR2007;0;19:34;Female;No;Commercial;O: No Injury;No;O: No Injury;6632;March;0;Straight - Level;Piedmont;Facing Traffic;Stop And Go Signal;Thursday;Intersection-Related;14;0;Two-Way, Divided, Unprotected Median;7 lanes;0;#NULL!;#NULL!;Coarse Asphalt;#NULL!;No Special Feature;Bicyclist Failed to Yield - Signalized Intersection;Local Street;O: No Injury;Wake;33;Clear;#NULL!;0-5 mph;40 - 45  MPH;2007;Dusk;30-39
35.0992039234, -78.8989126522;"{""type"": ""Point"", ""coordinates"": [-78.89891265220399, 35.09920392341256]}";White;Fayetteville;Travel Lane;2;16;Urban (>70% Developed);Female;Passenger Car;0;#NULL!;0;0;Black;No;0;11-15;Bicyclist Ride Through - Sign-Controlled Intersection;None;No;No;Dry;0;Urban;No;01APR2007;0;16:42;Male;No;Residential;B: Evident Injury;Yes;O: No Injury;6640;April;0;Straight - Bottom;Coastal;Facing Traffic;Stop Sign;Sunday;Intersection;13;0;Two-Way, Not Divided;2 lanes;0;#NULL!;#NULL!;Grooved Concrete;#NULL!;T-Intersection;Bicyclist Failed to Yield - Sign-Controlled Intersection;Local Street;B: Evident Injury;Cumberland;69;Clear;#NULL!;Unknown;30 - 35  MPH;2007;Daylight;60-69
35.2159568806, -80.8223032348;"{""type"": ""Point"", ""coordinates"": [-80.82230323475885, 35.21595688058391]}";Black;Charlotte;Travel Lane;2;8;Urban (>70% Developed);Male;Pickup;0;#NULL!;0;0;Black;No;0;50-59;Motorist Overtaking - Misjudged Space;None;No;No;Dry;0;Urban;No;25JUN2007;0;8:38;Male;No;Commercial;B: Evident Injury;Yes;O: No Injury;6645;June;0;Straight - Level;Piedmont;With Traffic;No Control Present;Monday;Non-Intersection;51;0;Two-Way, Not Divided;3 lanes;0;#NULL!;#NULL!;Smooth Asphalt;#NULL!;No Special Feature;Motorist Overtaking Bicyclist;Local Street;B: Evident Injury;Mecklenburg;55;Clear;#NULL!;16-20 mph;30 - 35  MPH;2007;Daylight;50-59
36.1229810947, -80.2226331056;"{""type"": ""Point"", ""coordinates"": [-80.22263310556322, 36.122981094744524]}";Black;Winston-Salem;Non-Roadway;2;18;Urban (>70% Developed);Male;Passenger Car;0;#NULL!;0;0;Black;No;0;6-10;Bicyclist Ride Out - Other Midblock;None;No;No;Dry;0;Urban;No;04APR2007;0;18:09;Female;No;Residential;C: Possible Injury;Yes;O: No Injury;6653;April;0;Straight - Level;Piedmont;Not Applicable;No Control Present;Wednesday;Non-Intersection;7;0;Two-Way, Divided, Unprotected Median;Unknown;0;#NULL!;#NULL!;Smooth Asphalt;#NULL!;No Special Feature;Bicyclist Failed to Yield - Midblock;Local Street;C: Possible Injury;Forsyth;30;Clear;#NULL!;21-25 mph;20 - 25  MPH;2007;Daylight;30-39
35.7891970006, -80.8735032816;"{""type"": ""Point"", ""coordinates"": [-80.87350328164848, 35.78919700061496]}";Black;Statesville;Unknown;2;12;Urban (>70% Developed);Male;Pickup;0;#NULL!;0;0;White;No;0;60-69;Bicyclist Ride Out - Sign-Controlled Intersection;None;Yes;Yes;Dry;0;Urban;No;05APR2007;0;12:26;Male;No;Residential;C: Possible Injury;Yes;O: No Injury;6655;April;0;Straight - Hillcrest;Piedmont;Unknown;No Control Present;Thursday;Intersection-Related;65;0;Two-Way, Not Divided;4 lanes;0;#NULL!;#NULL!;Smooth Asphalt;#NULL!;No Special Feature;Bicyclist Failed to Yield - Sign-Controlled Intersection;Local Street;C: Possible Injury;Iredell;70+;Clear;#NULL!;26-30 mph;30 - 35  MPH;2007;Daylight;70+
35.9638931076, -78.9594427158;"{""type"": ""Point"", ""coordinates"": [-78.95944271583703, 35.96389310760477]}";White;Durham;Sidewalk / Crosswalk / Driveway Crossing;2;10;Urban (>70% Developed);Male;Passenger Car;0;#NULL!;0;0;Unknown/Missing;No;0;30-39;Motorist Right Turn - Opposite Direction;None;No;No;Dry;0;Urban;Yes;27JUN2007;0;10:50;Unknown;No;Commercial;C: Possible Injury;No;Unknown Injury;6663;June;0;Straight - Level;Piedmont;Facing Traffic;Stop And Go Signal;Wednesday;Intersection;30;0;Two-Way, Not Divided;5 lanes;0;#NULL!;#NULL!;Smooth Asphalt;#NULL!;Four-Way Intersection;Motorist Right Turn / Merge;Local Street;C: Possible Injury;Durham;Unknown;Clear;#NULL!;0-5 mph;30 - 35  MPH;2007;Daylight;Unknown
35.2669170037, -77.630402276;"{""type"": ""Point"", ""coordinates"": [-77.63040227603086, 35.26691700372763]}";Black;Kinston;Travel Lane;2;20;Urban (>70% Developed);Male;Passenger Car;0;#NULL!;0;0;White;No;0;11-15;Bicyclist Right Turn - Same Direction;None;No;No;Dry;0;Urban;No;02JUL2007;0;20:23;Female;No;Commercial;B: Evident Injury;Yes;O: No Injury;6667;July;0;Straight - Level;Coastal;With Traffic;No Control Present;Monday;Non-Intersection;12;0;Two-Way, Divided, Unprotected Median;5 lanes;0;#NULL!;#NULL!;Smooth Asphalt;#NULL!;No Special Feature;Bicyclist Right Turn / Merge;US Route;B: Evident Injury;Lenoir;40;Clear;#NULL!;26-30 mph;40 - 45  MPH;2007;Dusk;40-49
35.846454096, -78.5714675919;"{""type"": ""Point"", ""coordinates"": [-78.57146759189492, 35.84645409601286]}";Hispanic;Raleigh;Travel Lane;2;17;Urban (>70% Developed);Male;Passenger Car;0;#NULL!;0;0;Black;No;0;6-10;Bicyclist Left Turn - Opposite Direction;None;No;No;Dry;0;Urban;No;10APR2007;0;17:44;Female;No;Residential;B: Evident Injury;Yes;O: No Injury;6668;April;0;Straight - Level;Piedmont;With Traffic;Stop Sign;Tuesday;Intersection-Related;8;0;Two-Way, Not Divided;2 lanes;0;#NULL!;#NULL!;Coarse Asphalt;#NULL!;Four-Way Intersection;Bicyclist Left Turn / Merge;Local Street;B: Evident Injury;Wake;41;Clear;#NULL!;26-30 mph;30 - 35  MPH;2007;Daylight;40-49
36.0745811139, -79.4278528637;"{""type"": ""Point"", ""coordinates"": [-79.42785286372295, 36.07458111394196]}";White;Burlington;Travel Lane;2;13;Urban (>70% Developed);Female;Sport Utility;0;#NULL!;0;0;Black;No;0;30-39;Motorist Drive Out - Sign-Controlled Intersection;None;No;No;Dry;0;Urban;No;12APR2007;0;13:45;Female;No;Commercial;C: Possible Injury;Yes;O: No Injury;6672;April;0;Straight - Grade;Piedmont;Facing Traffic;Stop Sign;Thursday;Intersection;35;0;Two-Way, Not Divided;5 lanes;0;#NULL!;#NULL!;Smooth Asphalt;#NULL!;T-Intersection;Motorist Failed to Yield - Sign-Controlled Intersection;Local Street;C: Possible Injury;Alamance;32;Clear;#NULL!;0-5 mph;40 - 45  MPH;2007;Daylight;30-39
35.7196920924, -77.8933623794;"{""type"": ""Point"", ""coordinates"": [-77.89336237940697, 35.7196920924406]}";Black;Wilson;Unknown;2;10;Urban (>70% Developed);Female;Passenger Car;0;#NULL!;0;0;Black;No;0;20-24;Bicyclist Ride Out - Midblock - Unknown;None;No;No;Wet;0;Urban;No;11APR2007;0;10:50;Male;No;Commercial;C: Possible Injury;No;O: No Injury;6674;April;0;Straight - Level;Coastal;Not Applicable;No Control Present;Wednesday;Non-Intersection;20;0;Two-Way, Divided, Unprotected Median;2 lanes;0;#NULL!;#NULL!;Coarse Asphalt;#NULL!;No Special Feature;Bicyclist Failed to Yield - Midblock;US Route;C: Possible Injury;Wilson;60;Cloudy;#NULL!;26-30 mph;40 - 45  MPH;2007;Daylight;60-69
35.8105499842, -81.4316834493;"{""type"": ""Point"", ""coordinates"": [-81.43168344925425, 35.81054998416134]}";White;None - Rural Crash;Travel Lane;2;5;Rural (<30% Developed);Male;Sport Utility;0;#NULL!;0;0;White;No;0;40-49;Motorist Overtaking - Undetected Bicyclist;None;No;No;Wet;0;Rural;No;12APR2007;0;5:30;Male;No;Farms, Woods, Pastures;K: Killed;Yes;O: No Injury;6675;April;0;Straight - Level;Mountains;With Traffic;No Control Present;Thursday;Non-Intersection;46;0;Two-Way, Divided, Unprotected Median;4 lanes;0;#NULL!;#NULL!;Smooth Asphalt;#NULL!;No Special Feature;Motorist Overtaking Bicyclist;US Route;K: Killed;Caldwell;19;Fog, Smog, Smoke;#NULL!;56-60 mph;50 - 55  MPH;2007;Dark - Roadway Not Lighted;0-19
34.6728088943, -76.9776480488;"{""type"": ""Point"", ""coordinates"": [-76.97764804875901, 34.672808894319324]}";White;Emerald Isle;Travel Lane;2;14;Urban (>70% Developed);Female;Van;0;#NULL!;0;0;White;No;0;11-15;Bicyclist Ride Through - Sign-Controlled Intersection;None;No;No;Dry;0;Rural;No;13APR2007;0;14:20;Male;No;Residential;B: Evident Injury;No;O: No Injury;6677;April;0;Straight - Grade;Coastal;Unknown;Stop Sign;Friday;Intersection;11;0;Two-Way, Not Divided;4 lanes;0;#NULL!;#NULL!;Coarse Asphalt;#NULL!;T-Intersection;Bicyclist Failed to Yield - Sign-Controlled Intersection;Local Street;B: Evident Injury;Carteret;33;Clear;#NULL!;21-25 mph;20 - 25  MPH;2007;Daylight;30-39
36.1766470715, -81.144233385;"{""type"": ""Point"", ""coordinates"": [-81.14423338502155, 36.17664707147126]}";White;North Wilkesboro;Travel Lane;2;1;Urban (>70% Developed);Male;Passenger Car;0;#NULL!;0;0;White;No;0;40-49;Signalized Intersection - Other / Unknown;None;No;No;Dry;0;Rural;No;13APR2007;0;1:26;Female;No;Farms, Woods, Pastures;C: Possible Injury;Yes;O: No Injury;6681;April;0;Curve - Level;Mountains;With Traffic;Stop And Go Signal;Friday;Intersection;45;0;Two-Way, Not Divided;4 lanes;0;#NULL!;#NULL!;Smooth Asphalt;#NULL!;Four-Way Intersection;Crossing Paths - Other Circumstances;NC Route;C: Possible Injury;Wilkes;70+;Clear;#NULL!;0-5 mph;30 - 35  MPH;2007;Dark - Roadway Not Lighted;70+
35.910713092, -79.0694927463;"{""type"": ""Point"", ""coordinates"": [-79.069492746296, 35.91071309202723]}";White;Carrboro;Unknown;2;15;Urban (>70% Developed);Male;Unknown;0;#NULL!;0;0;Black;No;0;25-29;Motorist Right Turn - Same Direction;None;No;No;Dry;0;Urban;Yes;10APR2007;0;15:09;Male;No;Commercial;O: No Injury;No;O: No Injury;6682;April;0;Straight - Level;Piedmont;With Traffic;No Control Present;Tuesday;Intersection;29;0;Two-Way, Not Divided;4 lanes;0;#NULL!;#NULL!;Coarse Asphalt;#NULL!;No Special Feature;Motorist Right Turn / Merge;Local Street;O: No Injury;Orange;22;Clear;#NULL!;31-35 mph;20 - 25  MPH;2007;Daylight;20-24
35.0302689235, -78.4831565226;"{""type"": ""Point"", ""coordinates"": [-78.48315652262767, 35.0302689235394]}";Unknown/Missing;None - Rural Crash;Travel Lane;2;17;Rural (<30% Developed);Unknown;Passenger Car;0;#NULL!;0;0;White;No;0;Unknown;Bicyclist Right Turn - Same Direction;None;No;Missing;Dry;0;Rural;No;21APR2007;0;17:45;Female;No;Farms, Woods, Pastures;O: No Injury;No;O: No Injury;6701;April;0;Straight - Level;Coastal;Facing Traffic;Double Yellow Line, No Passing Zone;Saturday;Non-Intersection;Unknown;0;Two-Way, Not Divided;2 lanes;0;#NULL!;#NULL!;Coarse Asphalt;#NULL!;No Special Feature;Bicyclist Right Turn / Merge;State Secondary Route;Unknown Injury;Sampson;35;Clear;#NULL!;51-55 mph;50 - 55  MPH;2007;Daylight;30-39
36.0199041208, -78.9125327051;"{""type"": ""Point"", ""coordinates"": [-78.91253270508282, 36.01990412076711]}";White;Durham;Non-Roadway;2;12;Urban (>70% Developed);Male;Passenger Car;0;#NULL!;0;0;White;No;0;16-19;Non-Roadway;None;No;No;Dry;0;Urban;No;09JUL2007;0;12:09;Female;No;Commercial;B: Evident Injury;Yes;O: No Injury;6705;July;0;Curve - Level;Piedmont;Unknown;No Control Present;Monday;Non-Roadway;18;0;Two-Way, Divided, Unprotected Median;2 lanes;0;#NULL!;#NULL!;Smooth Asphalt;#NULL!;Driveway, Public;Non-Roadway;Public Vehicular Area;B: Evident Injury;Durham;32;Clear;#NULL!;6-10 mph;5 - 15 MPH;2007;Daylight;30-39
35.6892240605, -78.6169625973;"{""type"": ""Point"", ""coordinates"": [-78.61696259728478, 35.68922406051395]}";White;Garner;Driveway / Alley;2;17;Urban (>70% Developed);Male;Passenger Car;0;#NULL!;0;0;White;No;0;6-10;Bicyclist Ride Out - Commercial Driveway / Alley;None;No;No;Dry;0;Urban;No;23APR2007;0;17:35;Female;No;Institutional;B: Evident Injury;Yes;O: No Injury;6707;April;0;Straight - Level;Piedmont;Unknown;No Control Present;Monday;Non-Intersection;9;0;Two-Way, Divided, Unprotected Median;2 lanes;0;#NULL!;#NULL!;Smooth Asphalt;#NULL!;T-Intersection;Bicyclist Failed to Yield - Midblock;Local Street;B: Evident Injury;Wake;36;Clear;#NULL!;26-30 mph;30 - 35  MPH;2007;Daylight;30-39
35.3069768385, -82.4646937274;"{""type"": ""Point"", ""coordinates"": [-82.46469372743785, 35.30697683846441]}";White;Hendersonville;Non-Roadway;2;17;Urban (>70% Developed);Male;Pickup;0;#NULL!;0;0;Black;No;0;20-24;Bicyclist Ride Out - Commercial Driveway / Alley;None;No;No;Dry;0;Urban;No;24APR2007;0;17:03;Male;No;Residential;O: No Injury;No;O: No Injury;6710;April;0;Straight - Level;Mountains;Not Applicable;No Control Present;Tuesday;Non-Intersection;24;0;Two-Way, Not Divided;2 lanes;0;#NULL!;#NULL!;Coarse Asphalt;#NULL!;No Special Feature;Bicyclist Failed to Yield - Midblock;Local Street;O: No Injury;Henderson;54;Clear;#NULL!;11-15 mph;30 - 35  MPH;2007;Daylight;50-59
35.3094508963, -80.9392532746;"{""type"": ""Point"", ""coordinates"": [-80.93925327463002, 35.30945089629036]}";White;Charlotte;Travel Lane;2;21;Urban (>70% Developed);Male;Passenger Car;0;#NULL!;0;0;Hispanic;No;0;70+;Bicyclist Left Turn - Same Direction;None;No;No;Dry;0;Urban;No;07JUL2007;0;21:30;Female;No;Residential;C: Possible Injury;No;O: No Injury;6714;July;0;Straight - Hillcrest;Piedmont;With Traffic;No Control Present;Saturday;Non-Intersection;70+;0;Two-Way, Not Divided;2 lanes;0;#NULL!;#NULL!;Smooth Asphalt;#NULL!;No Special Feature;Bicyclist Left Turn / Merge;Local Street;C: Possible Injury;Mecklenburg;21;Clear;#NULL!;36-40 mph;40 - 45  MPH;2007;Daylight;20-24
36.2069171693, -78.6854726455;"{""type"": ""Point"", ""coordinates"": [-78.68547264547537, 36.20691716930506]}";White;None - Rural Crash;Driveway / Alley;2;20;Rural (<30% Developed);Male;Unknown;0;#NULL!;0;0;Unknown/Missing;No;0;11-15;Bicyclist Ride Out - Residential Driveway;None;No;No;Dry;0;Rural;Yes;25APR2007;0;20:10;Unknown;Missing;Farms, Woods, Pastures;C: Possible Injury;Yes;Unknown Injury;6715;April;0;Straight - Level;Piedmont;Not Applicable;No Control Present;Wednesday;Non-Intersection;11;0;Two-Way, Not Divided;2 lanes;0;#NULL!;#NULL!;Smooth Asphalt;#NULL!;Driveway, Private;Bicyclist Failed to Yield - Midblock;State Secondary Route;C: Possible Injury;Granville;Unknown;Clear;#NULL!;Unknown;40 - 45  MPH;2007;Dusk;Unknown
35.7339619576, -81.6954075243;"{""type"": ""Point"", ""coordinates"": [-81.69540752429815, 35.73396195756711]}";White;Morganton;Non-Roadway;2;16;Mixed (30% To 70% Developed);Male;Passenger Car;0;#NULL!;0;0;White;No;0;6-10;Non-Roadway;None;No;No;Dry;0;Urban;No;25APR2007;0;16:57;Female;No;Commercial;C: Possible Injury;Yes;O: No Injury;6717;April;0;Curve - Level;Mountains;Unknown;No Control Present;Wednesday;Non-Roadway;10;0;Two-Way, Not Divided;2 lanes;0;#NULL!;#NULL!;Smooth Asphalt;#NULL!;No Special Feature;Non-Roadway;Public Vehicular Area;C: Possible Injury;Burke;67;Clear;#NULL!;6-10 mph;5 - 15 MPH;2007;Daylight;60-69
35.1306468582, -80.9451832676;"{""type"": ""Point"", ""coordinates"": [-80.94518326760192, 35.13064685820527]}";Black;Charlotte;Travel Lane;2;15;Urban (>70% Developed);Female;Van;0;#NULL!;0;0;White;No;0;16-19;Motorist Drive Out - Commercial Driveway / Alley;None;No;No;Dry;0;Urban;No;25APR2007;0;15:39;Male;No;Commercial;C: Possible Injury;Yes;O: No Injury;6718;April;0;Straight - Level;Piedmont;Facing Traffic;No Control Present;Wednesday;Non-Intersection;18;0;Two-Way, Divided, Unprotected Median;4 lanes;0;#NULL!;#NULL!;Smooth Asphalt;#NULL!;No Special Feature;Motorist Failed to Yield - Midblock;Local Street;C: Possible Injury;Mecklenburg;46;Clear;#NULL!;0-5 mph;40 - 45  MPH;2007;Daylight;40-49
35.2230168862, -80.7095672022;"{""type"": ""Point"", ""coordinates"": [-80.70956720221831, 35.22301688616749]}";Black;Charlotte;Travel Lane;2;17;Urban (>70% Developed);Female;Pickup;0;#NULL!;0;0;White;No;0;6-10;Head-On - Bicyclist;None;No;No;Dry;0;Urban;No;26APR2007;0;17:45;Male;No;Residential;C: Possible Injury;No;O: No Injury;6722;April;0;Curve - Level;Piedmont;Facing Traffic;No Control Present;Thursday;Non-Intersection;7;0;Two-Way, Not Divided;2 lanes;0;#NULL!;#NULL!;Smooth Asphalt;#NULL!;No Special Feature;Head-On;Local Street;C: Possible Injury;Mecklenburg;41;Clear;#NULL!;16-20 mph;30 - 35  MPH;2007;Daylight;40-49
35.215632881, -80.8149532325;"{""type"": ""Point"", ""coordinates"": [-80.81495323252501, 35.21563288103497]}";White;Charlotte;Travel Lane;2;21;Urban (>70% Developed);Male;Passenger Car;0;#NULL!;0;0;Black;No;0;25-29;Motorist Left Turn - Opposite Direction;None;No;No;Dry;0;Urban;No;26JUL2007;0;21:03;Male;No;Residential;C: Possible Injury;Yes;O: No Injury;6725;July;0;Curve - Level;Piedmont;With Traffic;Stop Sign;Thursday;Intersection;26;0;Two-Way, Not Divided;2 lanes;0;#NULL!;#NULL!;Smooth Asphalt;#NULL!;T-Intersection;Motorist Left Turn / Merge;Local Street;C: Possible Injury;Mecklenburg;57;Clear;#NULL!;11-15 mph;20 - 25  MPH;2007;Dark - Lighted Roadway;50-59
35.8943401039, -78.6354226141;"{""type"": ""Point"", ""coordinates"": [-78.63542261408341, 35.89434010388312]}";White;Raleigh;Sidewalk / Crosswalk / Driveway Crossing;2;9;Urban (>70% Developed);Male;Sport Utility;0;#NULL!;0;0;Other;No;0;70+;Motorist Drive Out - Sign-Controlled Intersection;None;No;No;Dry;0;Urban;No;30APR2007;0;9:21;Male;No;Residential;C: Possible Injury;Yes;O: No Injury;6736;April;0;Straight - Level;Piedmont;Facing Traffic;Stop Sign;Monday;Intersection;70+;0;Two-Way, Not Divided;5 lanes;0;#NULL!;#NULL!;Smooth Asphalt;#NULL!;T-Intersection;Motorist Failed to Yield - Sign-Controlled Intersection;Local Street;C: Possible Injury;Wake;43;Clear;#NULL!;Unknown;40 - 45  MPH;2007;Daylight;40-49
35.1651368675, -80.88187725;"{""type"": ""Point"", ""coordinates"": [-80.88187724999298, 35.16513686752055]}";White;Charlotte;Sidewalk / Crosswalk / Driveway Crossing;2;15;Urban (>70% Developed);Male;Passenger Car;0;#NULL!;0;0;White;No;0;40-49;Motorist Drive Out - Commercial Driveway / Alley;None;No;No;Dry;0;Urban;No;27APR2007;0;15:02;Female;No;Commercial;O: No Injury;No;O: No Injury;6742;April;0;Straight - Level;Piedmont;Facing Traffic;Stop Sign;Friday;Non-Intersection;47;0;Two-Way, Divided, Unprotected Median;8 lanes;0;#NULL!;#NULL!;Smooth Asphalt;#NULL!;No Special Feature;Motorist Failed to Yield - Midblock;Local Street;O: No Injury;Mecklenburg;66;Clear;#NULL!;0-5 mph;40 - 45  MPH;2007;Daylight;60-69
34.3122087789, -78.0883583689;"{""type"": ""Point"", ""coordinates"": [-78.08835836888025, 34.31220877889909]}";Black;None - Rural Crash;Travel Lane;2;22;Mixed (30% To 70% Developed);Male;Passenger Car;0;#NULL!;0;0;White;No;0;11-15;Motorist Overtaking - Undetected Bicyclist;None;No;No;Wet;0;Rural;No;05MAY2007;0;22:30;Female;No;Residential;B: Evident Injury;Yes;O: No Injury;6743;May;0;Straight - Level;Coastal;With Traffic;No Control Present;Saturday;Non-Intersection;15;0;Two-Way, Not Divided;2 lanes;0;#NULL!;#NULL!;Coarse Asphalt;#NULL!;No Special Feature;Motorist Overtaking Bicyclist;State Secondary Route;B: Evident Injury;Brunswick;51;Cloudy;#NULL!;41-45 mph;40 - 45  MPH;2007;Dark - Roadway Not Lighted;50-59
35.8998291037, -78.6807326279;"{""type"": ""Point"", ""coordinates"": [-78.68073262789304, 35.89982910370012]}";White;Raleigh;Travel Lane;2;5;Urban (>70% Developed);Male;Unknown;0;#NULL!;0;0;Unknown/Missing;No;0;20-24;Motorist Intentionally Caused;None;No;No;Dry;0;Urban;Yes;04MAY2007;0;5:17;Unknown;Missing;Commercial;C: Possible Injury;No;Unknown Injury;6747;May;0;Straight - Level;Piedmont;With Traffic;No Control Present;Friday;Non-Intersection;20;0;Two-Way, Divided, Unprotected Median;4 lanes;0;#NULL!;#NULL!;Smooth Asphalt;#NULL!;No Special Feature;Other / Unusual Circumstances;Local Street;C: Possible Injury;Wake;Unknown;Clear;#NULL!;21-25 mph;40 - 45  MPH;2007;Dawn;Unknown
36.0095741174, -78.948632715;"{""type"": ""Point"", ""coordinates"": [-78.94863271499185, 36.00957411740704]}";Asian;Durham;Travel Lane;2;10;Urban (>70% Developed);Male;Passenger Car;0;#NULL!;0;0;Asian;No;0;20-24;Motorist Drive Out - Sign-Controlled Intersection;None;No;No;Dry;0;Urban;No;01AUG2007;0;10:49;Female;No;Residential;B: Evident Injury;Yes;O: No Injury;6749;August;0;Straight - Grade;Piedmont;With Traffic;Stop Sign;Wednesday;Intersection;20;0;Two-Way, Divided, Unprotected Median;2 lanes;0;#NULL!;#NULL!;Coarse Asphalt;#NULL!;T-Intersection;Motorist Failed to Yield - Sign-Controlled Intersection;Local Street;B: Evident Injury;Durham;26;Clear;#NULL!;0-5 mph;30 - 35  MPH;2007;Daylight;25-29
35.2430028844, -80.8763532526;"{""type"": ""Point"", ""coordinates"": [-80.87635325262237, 35.24300288444119]}";Black;Charlotte;Travel Lane;2;20;Urban (>70% Developed);Female;Passenger Car;0;#NULL!;0;0;Black;No;0;6-10;Bicyclist Ride Through - Sign-Controlled Intersection;None;No;No;Dry;0;Urban;No;06AUG2007;0;20:58;Male;No;Residential;B: Evident Injury;Yes;O: No Injury;6751;August;0;Straight - Bottom;Piedmont;With Traffic;Stop Sign;Monday;Intersection;8;0;Two-Way, Not Divided;2 lanes;0;#NULL!;#NULL!;Smooth Asphalt;#NULL!;No Special Feature;Bicyclist Failed to Yield - Sign-Controlled Intersection;Local Street;B: Evident Injury;Mecklenburg;67;Clear;#NULL!;16-20 mph;20 - 25  MPH;2007;Dark - Lighted Roadway;60-69