Geo Point;Geo Shape;BikeRace;City;BikePos;NumUnits;CrashHour;Locality;BikeSex;DrvrVehTyp;NumBikesNo;BikeAlcDrg;NumBikesBI;RteInvdCd;DrvrRace;Workzone;NumBikesCi;BikeAgeGrp;CrashType;RdDefects;CrashAlcoh;BikeAlcoho;RdConditio;DstncMiFrm;RuralUrban;HitRun;CrashDate;NumBikesUI;CrashTime;DrvrSex;DrvrAlcoho;Developmen;CrashSevr;AmbulanceR;DrvrInjury;OBJECTID;CrashMonth;NumBikesKi;RdCharacte;Region;BikeDir;TraffCntrl;CrashDay;CrashLoc;BikeAge;NumBikesTo;RdConfig;NumLanes;NumBikesAI;DrvrAlcDrg;OnRoad;RdSurface;Towrd_Rd;RdFeature;CrashGrp;RdClass;BikeInjury;County;DrvrAge;Weather;FrmRd;DrvrEstSpd;SpeedLimit;CrashYear;LightCond;DrvrAgeGrp
35.2920639504, -79.3359027932;"{""type"": ""Point"", ""coordinates"": [-79.33590279316992, 35.292063950424826]}";White;None - Rural Crash;Bike Lane / Paved Shoulder;2;20;Mixed (30% To 70% Developed);Male;Passenger Car;0;#NULL!;0;0;White;No;0;6-10;Motorist Overtaking - Bicyclist Swerved;None;No;No;Dry;0;Rural;No;10MAY2007;0;20:34;Male;No;Residential;B: Evident Injury;Yes;O: No Injury;6760;May;0;Straight - Level;Piedmont;With Traffic;Double Yellow Line, No Passing Zone;Thursday;Intersection;8;0;Two-Way, Not Divided;2 lanes;0;#NULL!;#NULL!;Smooth Asphalt;#NULL!;Driveway, Private;Motorist Overtaking Bicyclist;State Secondary Route;B: Evident Injury;Moore;29;Clear;#NULL!;46-50 mph;50 - 55  MPH;2007;Dusk;25-29
35.003519844, -80.5729331497;"{""type"": ""Point"", ""coordinates"": [-80.57293314967114, 35.00351984404566]}";Hispanic;Monroe;Travel Lane;2;23;Mixed (30% To 70% Developed);Male;Passenger Car;0;#NULL!;0;0;White;No;0;20-24;Motorist Left Turn - Opposite Direction;None;No;No;Dry;0;Urban;No;09AUG2007;0;23:34;Female;No;Commercial;B: Evident Injury;Yes;O: No Injury;6765;August;0;Straight - Level;Piedmont;With Traffic;No Control Present;Thursday;Intersection;24;0;Two-Way, Not Divided;2 lanes;0;#NULL!;#NULL!;Smooth Asphalt;#NULL!;T-Intersection;Motorist Left Turn / Merge;Local Street;B: Evident Injury;Union;43;Clear;#NULL!;16-20 mph;40 - 45  MPH;2007;Dark - Lighted Roadway;40-49
34.3960598117, -77.6546022419;"{""type"": ""Point"", ""coordinates"": [-77.65460224187119, 34.39605981172806]}";White;None - Rural Crash;Travel Lane;2;16;Mixed (30% To 70% Developed);Male;Passenger Car;0;#NULL!;0;0;White;No;0;11-15;Bicyclist Left Turn - Opposite Direction;None;No;No;Dry;0;Rural;No;11MAY2007;0;16:25;Male;No;Residential;C: Possible Injury;Yes;O: No Injury;6766;May;0;Straight - Level;Coastal;With Traffic;No Control Present;Friday;Intersection;13;0;Two-Way, Not Divided;2 lanes;0;#NULL!;#NULL!;Smooth Asphalt;#NULL!;Four-Way Intersection;Bicyclist Left Turn / Merge;State Secondary Route;C: Possible Injury;Pender;20;Clear;#NULL!;41-45 mph;40 - 45  MPH;2007;Daylight;20-24
35.9357790637, -79.9921980262;"{""type"": ""Point"", ""coordinates"": [-79.99219802618059, 35.93577906368877]}";White;High Point;Sidewalk / Crosswalk / Driveway Crossing;2;22;Urban (>70% Developed);Male;Sport Utility;0;#NULL!;0;0;White;No;0;20-24;Crossing Paths - Intersection - Other / Unknown;None;No;No;Dry;0;Urban;No;11MAY2007;0;22:20;Female;No;Commercial;A: Disabling Injury;Yes;O: No Injury;6769;May;0;Straight - Level;Piedmont;Facing Traffic;No Control Present;Friday;Intersection;21;0;Two-Way, Not Divided;4 lanes;0;#NULL!;#NULL!;Smooth Asphalt;#NULL!;On or Off Ramp;Crossing Paths - Other Circumstances;Local Street;A: Disabling Injury;Guilford;22;Clear;#NULL!;6-10 mph;30 - 35  MPH;2007;Dark - Lighted Roadway;20-24
35.2621370046, -77.5759422592;"{""type"": ""Point"", ""coordinates"": [-77.57594225919297, 35.26213700459618]}";Black;Kinston;Travel Lane;2;2;Urban (>70% Developed);Male;Passenger Car;0;#NULL!;0;0;Black;No;0;40-49;Motorist Overtaking - Undetected Bicyclist;None;No;No;Dry;0;Urban;No;12MAY2007;0;2:51;Male;No;Commercial;C: Possible Injury;Yes;O: No Injury;6770;May;0;Straight - Level;Coastal;With Traffic;No Control Present;Saturday;Non-Intersection;42;0;Two-Way, Not Divided;2 lanes;0;#NULL!;#NULL!;Smooth Asphalt;#NULL!;No Special Feature;Motorist Overtaking Bicyclist;Local Street;C: Possible Injury;Lenoir;42;Clear;#NULL!;11-15 mph;30 - 35  MPH;2007;Dark - Lighted Roadway;40-49
35.7470930726, -78.6446486085;"{""type"": ""Point"", ""coordinates"": [-78.64464860846395, 35.747093072553604]}";Black;Raleigh;Travel Lane;2;5;Urban (>70% Developed);Male;Unknown;0;#NULL!;0;0;Unknown/Missing;No;0;40-49;Motorist Overtaking - Other / Unknown;None;No;No;Dry;0;Urban;Yes;12MAY2007;0;5:00;Unknown;Missing;Commercial;B: Evident Injury;Yes;Unknown Injury;6771;May;0;Straight - Level;Piedmont;With Traffic;No Control Present;Saturday;Non-Intersection;44;0;Two-Way, Divided, Positive Median Barrier;4 lanes;0;#NULL!;#NULL!;Smooth Asphalt;#NULL!;No Special Feature;Motorist Overtaking Bicyclist;Local Street;B: Evident Injury;Wake;Unknown;Clear;#NULL!;16-20 mph;40 - 45  MPH;2007;Dark - Lighted Roadway;Unknown
35.749617073, -78.6491266108;"{""type"": ""Point"", ""coordinates"": [-78.64912661083704, 35.749617073030166]}";Hispanic;Raleigh;Travel Lane;2;20;Urban (>70% Developed);Male;Sport Utility;0;#NULL!;0;0;White;No;0;40-49;Motorist Drive Out - Commercial Driveway / Alley;None;No;No;Dry;0;Urban;No;13MAY2007;0;20:26;Male;No;Commercial;C: Possible Injury;Yes;O: No Injury;6774;May;0;Straight - Level;Piedmont;Facing Traffic;No Control Present;Sunday;Non-Intersection;42;0;One-Way, Not Divided;3 lanes;0;#NULL!;#NULL!;Smooth Asphalt;#NULL!;Driveway, Public;Motorist Failed to Yield - Midblock;Public Vehicular Area;C: Possible Injury;Wake;26;Clear;#NULL!;0-5 mph;40 - 45  MPH;2007;Dark - Lighted Roadway;25-29
35.1458269973, -77.0316320878;"{""type"": ""Point"", ""coordinates"": [-77.03163208782708, 35.145826997341935]}";White;None - Rural Crash;Bike Lane / Paved Shoulder;2;21;Rural (<30% Developed);Male;Unknown;0;#NULL!;0;0;Unknown/Missing;No;0;40-49;Head-On - Bicyclist;None;No;No;Dry;0;Rural;Yes;16MAY2007;0;21:00;Unknown;Missing;Farms, Woods, Pastures;B: Evident Injury;No;Unknown Injury;6779;May;0;Straight - Level;Coastal;Facing Traffic;No Control Present;Wednesday;Non-Intersection;47;0;Two-Way, Not Divided;2 lanes;0;#NULL!;#NULL!;Smooth Asphalt;#NULL!;No Special Feature;Head-On;US Route;B: Evident Injury;Craven;Unknown;Clear;#NULL!;Unknown;50 - 55  MPH;2007;Dark - Roadway Not Lighted;Unknown
35.2911068374, -82.4127137111;"{""type"": ""Point"", ""coordinates"": [-82.41271371108853, 35.29110683744458]}";Hispanic;None - Rural Crash;Travel Lane;2;18;Mixed (30% To 70% Developed);Male;Passenger Car;0;#NULL!;0;0;Hispanic;No;0;0-5;Non-Roadway;None;No;No;Dry;0;Rural;No;16MAY2007;0;18:30;Female;No;Residential;C: Possible Injury;Yes;O: No Injury;6780;May;0;Straight - Level;Mountains;Unknown;No Control Present;Wednesday;Non-Roadway;5;0;Two-Way, Not Divided;2 lanes;0;#NULL!;#NULL!;Coarse Asphalt;#NULL!;Driveway, Public;Non-Roadway;Public Vehicular Area;C: Possible Injury;Henderson;48;Clear;#NULL!;0-5 mph;Unknown;2007;Daylight;40-49
35.500082859, -82.9870738917;"{""type"": ""Point"", ""coordinates"": [-82.987073891738, 35.50008285897955]}";White;Waynesville;Sidewalk / Crosswalk / Driveway Crossing;2;13;Urban (>70% Developed);Male;Passenger Car;0;#NULL!;0;0;Unknown/Missing;No;0;16-19;Motorist Drive Out - Right Turn on Red;None;No;No;Dry;0;Urban;No;16MAY2007;0;13:15;Male;No;Commercial;B: Evident Injury;No;O: No Injury;6783;May;0;Straight - Level;Mountains;Facing Traffic;Stop And Go Signal;Wednesday;Intersection;17;0;Two-Way, Not Divided;2 lanes;0;#NULL!;#NULL!;Smooth Asphalt;#NULL!;T-Intersection;Motorist Failed to Yield - Signalized Intersection;Local Street;B: Evident Injury;Haywood;70+;Cloudy;#NULL!;Unknown;Unknown;2007;Daylight;70+
35.1974268747, -80.8817232513;"{""type"": ""Point"", ""coordinates"": [-80.8817232512706, 35.19742687467922]}";White;Charlotte;Unknown;2;22;Urban (>70% Developed);Male;Passenger Car;0;#NULL!;0;0;Black;No;0;40-49;Signalized Intersection - Other / Unknown;None;Yes;Yes;Dry;0;Urban;No;16MAY2007;0;22:51;Male;No;Commercial;B: Evident Injury;Yes;O: No Injury;6784;May;0;Straight - Level;Piedmont;Facing Traffic;Stop And Go Signal;Wednesday;Intersection;47;0;Two-Way, Divided, Unprotected Median;4 lanes;0;#NULL!;#NULL!;Smooth Asphalt;#NULL!;No Special Feature;Crossing Paths - Other Circumstances;Local Street;B: Evident Injury;Mecklenburg;32;Clear;#NULL!;31-35 mph;30 - 35  MPH;2007;Dark - Lighted Roadway;30-39
36.0102872303, -75.6588077097;"{""type"": ""Point"", ""coordinates"": [-75.65880770973041, 36.01028723026578]}";White;Kill Devil Hills;Travel Lane;2;16;Urban (>70% Developed);Female;Pickup;0;#NULL!;0;0;White;No;0;11-15;Motorist Drive Out - Sign-Controlled Intersection;None;No;No;Dry;0;Urban;No;19MAY2007;0;16:12;Male;No;Commercial;C: Possible Injury;Yes;O: No Injury;6791;May;0;Straight - Level;Coastal;Facing Traffic;Stop Sign;Saturday;Intersection;13;0;Two-Way, Divided, Unprotected Median;2 lanes;0;#NULL!;#NULL!;Coarse Asphalt;#NULL!;T-Intersection;Motorist Failed to Yield - Sign-Controlled Intersection;Local Street;C: Possible Injury;Dare;24;Clear;#NULL!;0-5 mph;20 - 25  MPH;2007;Daylight;20-24
35.9443570655, -79.9921130269;"{""type"": ""Point"", ""coordinates"": [-79.99211302685073, 35.944357065534774]}";Black;High Point;Non-Roadway;2;19;Urban (>70% Developed);Female;Passenger Car;0;#NULL!;0;0;Black;No;0;16-19;Bicyclist Ride Out - Other Midblock;None;No;No;Dry;0;Urban;No;19MAY2007;0;19:36;Female;No;Residential;C: Possible Injury;Yes;O: No Injury;6792;May;0;Straight - Level;Piedmont;Not Applicable;No Control Present;Saturday;Non-Intersection;18;0;Two-Way, Not Divided;2 lanes;0;#NULL!;#NULL!;Smooth Asphalt;#NULL!;No Special Feature;Bicyclist Failed to Yield - Midblock;Local Street;C: Possible Injury;Guilford;16;Clear;#NULL!;11-15 mph;20 - 25  MPH;2007;Daylight;0-19
35.2668909758, -78.4527125259;"{""type"": ""Point"", ""coordinates"": [-78.45271252594051, 35.26689097584531]}";Black;None - Rural Crash;Travel Lane;2;16;Rural (<30% Developed);Female;Passenger Car;0;#NULL!;0;0;White;No;0;6-10;Motorist Drive Out - Residential Driveway;None;No;No;Dry;0;Rural;No;22MAY2007;0;16:45;Female;No;Residential;C: Possible Injury;No;O: No Injury;6802;May;0;Straight - Level;Coastal;Unknown;No Control Present;Tuesday;Non-Intersection;7;0;Two-Way, Not Divided;2 lanes;0;#NULL!;#NULL!;Grooved Concrete;#NULL!;Driveway, Public;Motorist Failed to Yield - Midblock;Local Street;C: Possible Injury;Johnston;22;Clear;#NULL!;0-5 mph;5 - 15 MPH;2007;Daylight;20-24
35.7866010762, -78.7812676519;"{""type"": ""Point"", ""coordinates"": [-78.78126765193865, 35.78660107617966]}";Black;Cary;Travel Lane;2;16;Urban (>70% Developed);Male;Light Truck (Mini-Van, Panel);0;#NULL!;0;0;White;No;0;25-29;Crossing Paths - Intersection - Other / Unknown;None;No;No;Dry;0;Urban;No;22AUG2007;0;16:50;Female;No;Commercial;O: No Injury;Yes;O: No Injury;6809;August;0;Straight - Level;Piedmont;Facing Traffic;No Control Present;Wednesday;Intersection;25;0;Two-Way, Not Divided;2 lanes;0;#NULL!;#NULL!;Smooth Asphalt;#NULL!;T-Intersection;Crossing Paths - Other Circumstances;Local Street;O: No Injury;Wake;49;Clear;#NULL!;6-10 mph;5 - 15 MPH;2007;Daylight;40-49
35.0388287328, -83.7551080903;"{""type"": ""Point"", ""coordinates"": [-83.75510809031356, 35.03882873282105]}";White;None - Rural Crash;Bike Lane / Paved Shoulder;2;19;Mixed (30% To 70% Developed);Male;Sport Utility;0;#NULL!;0;0;White;No;0;6-10;Bicyclist Left Turn - Same Direction;None;No;No;Dry;0;Rural;No;25MAY2007;0;19:32;Female;No;Residential;B: Evident Injury;Yes;O: No Injury;6816;May;0;Curve - Grade;Mountains;With Traffic;Double Yellow Line, No Passing Zone;Friday;Non-Intersection;7;0;Two-Way, Not Divided;2 lanes;0;#NULL!;#NULL!;Smooth Asphalt;#NULL!;Driveway, Private;Bicyclist Left Turn / Merge;State Secondary Route;B: Evident Injury;Clay;24;Clear;#NULL!;21-25 mph;20 - 25  MPH;2007;Daylight;20-24
35.2047068815, -80.720063204;"{""type"": ""Point"", ""coordinates"": [-80.72006320401223, 35.20470688151201]}";Other;Charlotte;Travel Lane;2;18;Urban (>70% Developed);Male;Passenger Car;0;#NULL!;0;0;Black;No;0;11-15;Motorist Drive Out - Commercial Driveway / Alley;None;No;No;Wet;0;Urban;No;26AUG2007;0;18:38;Male;No;Commercial;O: No Injury;No;O: No Injury;6817;August;0;Straight - Level;Piedmont;Facing Traffic;No Control Present;Sunday;Non-Intersection;12;0;Two-Way, Divided, Positive Median Barrier;2 lanes;0;#NULL!;#NULL!;Coarse Asphalt;#NULL!;No Special Feature;Motorist Failed to Yield - Midblock;Local Street;O: No Injury;Mecklenburg;39;Rain;#NULL!;Unknown;5 - 15 MPH;2007;Dawn;30-39
35.4796519956, -79.2036727639;"{""type"": ""Point"", ""coordinates"": [-79.20367276389715, 35.479651995579616]}";Black;Sanford;Unknown;2;15;Rural (<30% Developed);Male;Passenger Car;0;#NULL!;0;0;White;No;0;16-19;Bicyclist Left Turn - Same Direction;None;No;No;Dry;0;Urban;No;26MAY2007;0;15:37;Male;No;Residential;A: Disabling Injury;Yes;O: No Injury;6821;May;0;Straight - Grade;Piedmont;With Traffic;Stop Sign;Saturday;Intersection;18;0;Two-Way, Not Divided;2 lanes;0;#NULL!;#NULL!;Coarse Asphalt;#NULL!;T-Intersection;Bicyclist Left Turn / Merge;Local Street;A: Disabling Injury;Lee;54;Clear;#NULL!;41-45 mph;40 - 45  MPH;2007;Daylight;50-59
35.1924128745, -80.8448432408;"{""type"": ""Point"", ""coordinates"": [-80.84484324083607, 35.19241287454762]}";White;Charlotte;Travel Lane;2;21;Urban (>70% Developed);Male;Passenger Car;0;#NULL!;0;0;White;No;0;16-19;Head-On - Motorist;None;No;No;Dry;0;Urban;No;28MAY2007;0;21:09;Male;No;Residential;O: No Injury;Yes;O: No Injury;6830;May;0;Straight - Level;Piedmont;With Traffic;No Control Present;Monday;Intersection;16;0;Two-Way, Not Divided;2 lanes;0;#NULL!;#NULL!;Smooth Asphalt;#NULL!;No Special Feature;Head-On;Public Vehicular Area;O: No Injury;Mecklenburg;65;Clear;#NULL!;6-10 mph;20 - 25  MPH;2007;Dark - Roadway Not Lighted;60-69
34.2388407671, -77.9357323194;"{""type"": ""Point"", ""coordinates"": [-77.93573231944315, 34.238840767120415]}";Black;Wilmington;Travel Lane;2;14;Urban (>70% Developed);Male;Passenger Car;0;#NULL!;0;0;White;No;0;16-19;Backing Vehicle;None;No;No;Dry;0;Urban;Yes;30MAY2007;0;14:49;Female;No;Residential;C: Possible Injury;Yes;C: Possible Injury;6835;May;0;Straight - Level;Coastal;With Traffic;Stop Sign;Wednesday;Non-Intersection;17;0;Two-Way, Not Divided;2 lanes;0;#NULL!;#NULL!;Smooth Asphalt;#NULL!;No Special Feature;Backing Vehicle;Local Street;C: Possible Injury;New Hanover;23;Clear;#NULL!;Unknown;Unknown;2007;Daylight;20-24
35.5119070321, -78.3478025062;"{""type"": ""Point"", ""coordinates"": [-78.34780250622448, 35.511907032126565]}";White;Smithfield;Unknown;2;17;Urban (>70% Developed);Male;Pickup;0;#NULL!;0;0;White;No;0;30-39;Unknown Location;None;No;No;Dry;0;Urban;Yes;29MAY2007;0;17:01;Male;No;Commercial;B: Evident Injury;Yes;O: No Injury;6837;May;0;Straight - Level;Coastal;Unknown;Stop And Go Signal;Tuesday;Unknown Location;33;0;Two-Way, Not Divided;4 lanes;0;#NULL!;#NULL!;Coarse Asphalt;#NULL!;No Special Feature;Other / Unknown - Insufficient Details;US Route;B: Evident Injury;Johnston;56;Clear;#NULL!;0-5 mph;20 - 25  MPH;2007;Daylight;50-59
36.1514371121, -79.9320480196;"{""type"": ""Point"", ""coordinates"": [-79.9320480196074, 36.15143711208649]}";White;None - Rural Crash;Travel Lane;2;6;Mixed (30% To 70% Developed);Male;Passenger Car;0;#NULL!;0;0;White;No;0;40-49;Motorist Drive Out - Sign-Controlled Intersection;None;No;No;Dry;0;Rural;No;04JUN2007;0;6:20;Male;No;Residential;B: Evident Injury;Yes;O: No Injury;6850;June;0;Straight - Level;Piedmont;With Traffic;Stop Sign;Monday;Intersection;44;0;Two-Way, Not Divided;2 lanes;0;#NULL!;#NULL!;Smooth Asphalt;#NULL!;T-Intersection;Motorist Failed to Yield - Sign-Controlled Intersection;State Secondary Route;B: Evident Injury;Guilford;50;Clear;#NULL!;11-15 mph;30 - 35  MPH;2007;Daylight;50-59
34.2022317593, -77.9231423133;"{""type"": ""Point"", ""coordinates"": [-77.92314231326868, 34.202231759292246]}";White;Wilmington;Travel Lane;2;17;Urban (>70% Developed);Male;Sport Utility;0;#NULL!;0;0;Black;No;0;40-49;Motorist Left Turn - Opposite Direction;None;No;No;Dry;0;Urban;No;06JUN2007;0;17:31;Male;No;Commercial;C: Possible Injury;Yes;O: No Injury;6857;June;0;Straight - Level;Coastal;With Traffic;Stop And Go Signal;Wednesday;Intersection;45;0;Two-Way, Divided, Unprotected Median;6 lanes;0;#NULL!;#NULL!;Smooth Asphalt;#NULL!;Four-Way Intersection;Motorist Left Turn / Merge;Local Street;C: Possible Injury;New Hanover;35;Clear;#NULL!;31-35 mph;30 - 35  MPH;2007;Daylight;30-39
35.5989568963, -82.5535087697;"{""type"": ""Point"", ""coordinates"": [-82.55350876972511, 35.598956896300386]}";White;Asheville;Travel Lane;2;1;Urban (>70% Developed);Female;Passenger Car;0;#NULL!;0;0;White;No;0;30-39;Motorist Left Turn - Opposite Direction;None;Yes;Yes;Dry;0;Urban;No;07JUN2007;0;1:55;Male;No;Commercial;B: Evident Injury;Yes;O: No Injury;6861;June;0;Curve - Grade;Mountains;With Traffic;Stop And Go Signal;Thursday;Intersection;32;0;Two-Way, Not Divided;3 lanes;0;#NULL!;#NULL!;Smooth Asphalt;#NULL!;On or Off Ramp;Motorist Left Turn / Merge;Interstate;B: Evident Injury;Buncombe;26;Clear;#NULL!;16-20 mph;30 - 35  MPH;2007;Dark - Lighted Roadway;25-29
35.196421876, -80.8386432394;"{""type"": ""Point"", ""coordinates"": [-80.83864323935506, 35.19642187602097]}";White;Charlotte;Travel Lane;2;18;Urban (>70% Developed);Male;Passenger Car;0;#NULL!;0;0;Hispanic;No;0;40-49;Motorist Drive Out - Sign-Controlled Intersection;None;No;No;Dry;0;Urban;No;13SEP2007;0;18:07;Female;No;Residential;O: No Injury;No;O: No Injury;6864;September;0;Straight - Level;Piedmont;With Traffic;Stop Sign;Thursday;Intersection;44;0;Two-Way, Not Divided;4 lanes;0;#NULL!;#NULL!;Smooth Asphalt;#NULL!;No Special Feature;Motorist Failed to Yield - Sign-Controlled Intersection;Local Street;O: No Injury;Mecklenburg;32;Cloudy;#NULL!;0-5 mph;30 - 35  MPH;2007;Daylight;30-39
34.7854529049, -77.4251121909;"{""type"": ""Point"", ""coordinates"": [-77.42511219087667, 34.78545290492689]}";White;Jacksonville;Travel Lane;2;16;Urban (>70% Developed);Male;Passenger Car;0;#NULL!;0;0;White;No;0;16-19;Motorist Drive Out - Commercial Driveway / Alley;None;No;No;Dry;0;Urban;No;11JUN2007;0;16:41;Male;No;Commercial;C: Possible Injury;Yes;O: No Injury;6876;June;0;Straight - Level;Coastal;Facing Traffic;Stop Sign;Monday;Non-Intersection;18;0;Two-Way, Not Divided;4 lanes;0;#NULL!;#NULL!;Smooth Asphalt;#NULL!;No Special Feature;Motorist Failed to Yield - Midblock;Local Street;C: Possible Injury;Onslow;23;Clear;#NULL!;0-5 mph;40 - 45  MPH;2007;Daylight;20-24
35.1705509221, -79.3969828057;"{""type"": ""Point"", ""coordinates"": [-79.39698280571552, 35.17055092213843]}";Black;Southern Pines;Travel Lane;2;10;Urban (>70% Developed);Male;Pickup;0;#NULL!;0;0;White;No;0;50-59;Motorist Drive Out - Sign-Controlled Intersection;None;No;No;Dry;0;Urban;No;09JUN2007;0;10:20;Female;No;Commercial;C: Possible Injury;Yes;O: No Injury;6877;June;0;Straight - Level;Piedmont;With Traffic;Stop Sign;Saturday;Intersection;55;0;Two-Way, Not Divided;2 lanes;0;#NULL!;#NULL!;Coarse Asphalt;#NULL!;Four-Way Intersection;Motorist Failed to Yield - Sign-Controlled Intersection;Local Street;C: Possible Injury;Moore;43;Clear;#NULL!;0-5 mph;30 - 35  MPH;2007;Daylight;40-49
36.4170871765, -79.6869429607;"{""type"": ""Point"", ""coordinates"": [-79.68694296068213, 36.417087176498924]}";White;None - Rural Crash;Bike Lane / Paved Shoulder;2;21;Rural (<30% Developed);Male;Unknown;0;#NULL!;0;0;Unknown/Missing;No;0;30-39;Motorist Overtaking - Misjudged Space;None;No;No;Dry;0;Rural;Yes;12JUN2007;0;21:00;Unknown;Missing;Farms, Woods, Pastures;C: Possible Injury;No;Unknown Injury;6882;June;0;Straight - Grade;Piedmont;With Traffic;No Control Present;Tuesday;Non-Intersection;32;0;Two-Way, Not Divided;5 lanes;0;#NULL!;#NULL!;Smooth Asphalt;#NULL!;No Special Feature;Motorist Overtaking Bicyclist;NC Route;C: Possible Injury;Rockingham;Unknown;Clear;#NULL!;Unknown;50 - 55  MPH;2007;Dark - Roadway Not Lighted;Unknown
35.996631116, -78.9211987061;"{""type"": ""Point"", ""coordinates"": [-78.92119870611114, 35.996631115958884]}";White;Durham;Travel Lane;2;19;Urban (>70% Developed);Female;Passenger Car;0;#NULL!;0;0;Hispanic;No;0;25-29;Motorist Left Turn - Opposite Direction;None;No;No;Dry;0;Urban;No;17SEP2007;0;19:15;Female;No;Residential;C: Possible Injury;No;O: No Injury;6883;September;0;Straight - Grade;Piedmont;With Traffic;Stop Sign;Monday;Intersection;29;0;Two-Way, Not Divided;2 lanes;0;#NULL!;#NULL!;Smooth Asphalt;#NULL!;Four-Way Intersection;Motorist Left Turn / Merge;Local Street;C: Possible Injury;Durham;23;Clear;#NULL!;26-30 mph;30 - 35  MPH;2007;Dusk;20-24
35.454771867, -82.5219637523;"{""type"": ""Point"", ""coordinates"": [-82.52196375231969, 35.45477186704916]}";White;None - Rural Crash;Travel Lane;2;21;Mixed (30% To 70% Developed);Male;Passenger Car;0;#NULL!;0;0;Black;No;0;40-49;Motorist Overtaking - Undetected Bicyclist;None;Yes;Yes;Wet;0;Rural;No;14JUN2007;0;21:45;Female;No;Commercial;A: Disabling Injury;Yes;O: No Injury;6888;June;0;Straight - Level;Mountains;With Traffic;No Control Present;Thursday;Non-Intersection;48;0;Two-Way, Not Divided;5 lanes;0;#NULL!;#NULL!;Coarse Asphalt;#NULL!;No Special Feature;Motorist Overtaking Bicyclist;NC Route;A: Disabling Injury;Buncombe;37;Cloudy;#NULL!;41-45 mph;40 - 45  MPH;2007;Dark - Roadway Not Lighted;30-39
35.0722169181, -78.8836026465;"{""type"": ""Point"", ""coordinates"": [-78.88360264652556, 35.072216918073714]}";White;Fayetteville;Sidewalk / Crosswalk / Driveway Crossing;2;14;Urban (>70% Developed);Female;Passenger Car;0;#NULL!;0;0;Black;No;0;25-29;Motorist Drive Out - Sign-Controlled Intersection;None;No;No;Dry;0;Urban;No;25SEP2007;0;14:08;Male;No;Residential;C: Possible Injury;No;O: No Injury;6907;September;0;Straight - Level;Coastal;Facing Traffic;Stop Sign;Tuesday;Intersection;27;0;Two-Way, Not Divided;2 lanes;0;#NULL!;#NULL!;Coarse Asphalt;#NULL!;T-Intersection;Motorist Failed to Yield - Sign-Controlled Intersection;Local Street;C: Possible Injury;Cumberland;59;Clear;#NULL!;Unknown;Unknown;2007;Daylight;50-59
35.3517720913, -75.5032976297;"{""type"": ""Point"", ""coordinates"": [-75.50329762967421, 35.35177209128706]}";White;None - Rural Crash;Bike Lane / Paved Shoulder;2;16;Urban (>70% Developed);Female;Light Truck (Mini-Van, Panel);0;#NULL!;0;0;Hispanic;No;0;50-59;Motorist Left Turn - Same Direction;None;No;No;Dry;0;Rural;No;25JUN2007;0;16:50;Female;No;Commercial;A: Disabling Injury;Yes;O: No Injury;6922;June;0;Straight - Level;Coastal;Facing Traffic;Double Yellow Line, No Passing Zone;Monday;Intersection;53;0;Two-Way, Not Divided;2 lanes;0;#NULL!;#NULL!;Smooth Asphalt;#NULL!;T-Intersection;Motorist Left Turn / Merge;NC Route;A: Disabling Injury;Dare;23;Clear;#NULL!;26-30 mph;30 - 35  MPH;2007;Daylight;20-24
34.7365029144, -76.8000819976;"{""type"": ""Point"", ""coordinates"": [-76.80008199758913, 34.73650291438285]}";White;Morehead City;Travel Lane;2;10;Urban (>70% Developed);Male;Passenger Car;0;#NULL!;0;0;White;No;0;60-69;Motorist Drive Out - Commercial Driveway / Alley;None;No;No;Dry;0;Urban;No;25JUN2007;0;10:55;Female;No;Commercial;A: Disabling Injury;Yes;O: No Injury;6924;June;0;Straight - Level;Coastal;With Traffic;No Control Present;Monday;Non-Intersection;60;0;Two-Way, Divided, Unprotected Median;4 lanes;0;#NULL!;#NULL!;Smooth Asphalt;#NULL!;No Special Feature;Motorist Failed to Yield - Midblock;US Route;A: Disabling Injury;Carteret;70+;Clear;#NULL!;0-5 mph;40 - 45  MPH;2007;Daylight;70+
34.6984318919, -77.2343921279;"{""type"": ""Point"", ""coordinates"": [-77.23439212788485, 34.69843189191428]}";White;None - Rural Crash;Travel Lane;2;17;Rural (<30% Developed);Male;Pickup;0;#NULL!;0;0;White;No;0;16-19;Bicyclist Left Turn - Opposite Direction;None;No;No;Dry;0;Rural;No;26JUN2007;0;17:15;Male;No;Farms, Woods, Pastures;B: Evident Injury;Yes;O: No Injury;6928;June;0;Straight - Level;Coastal;With Traffic;No Control Present;Tuesday;Non-Intersection;16;0;Two-Way, Not Divided;2 lanes;0;#NULL!;#NULL!;Smooth Asphalt;#NULL!;No Special Feature;Bicyclist Left Turn / Merge;NC Route;B: Evident Injury;Onslow;23;Clear;#NULL!;41-45 mph;50 - 55  MPH;2007;Daylight;20-24
35.0448139104, -78.9571226663;"{""type"": ""Point"", ""coordinates"": [-78.95712266632786, 35.0448139103618]}";Unknown/Missing;Fayetteville;Unknown;2;19;Urban (>70% Developed);Unknown;Sport Utility;0;#NULL!;0;0;White;No;0;Unknown;Bicyclist Ride Out - Midblock - Unknown;None;No;Missing;Dry;0;Urban;No;23JUN2007;0;19:11;Female;No;Commercial;O: No Injury;No;O: No Injury;6932;June;0;Straight - Level;Coastal;Unknown;Stop And Go Signal;Saturday;Non-Intersection;Unknown;0;Two-Way, Not Divided;3 lanes;0;#NULL!;#NULL!;Smooth Asphalt;#NULL!;No Special Feature;Bicyclist Failed to Yield - Midblock;Local Street;Unknown Injury;Cumberland;36;Clear;#NULL!;0-5 mph;20 - 25  MPH;2007;Daylight;30-39