Geo Point;Geo Shape;BikeRace;City;BikePos;NumUnits;CrashHour;Locality;BikeSex;DrvrVehTyp;NumBikesNo;BikeAlcDrg;NumBikesBI;RteInvdCd;DrvrRace;Workzone;NumBikesCi;BikeAgeGrp;CrashType;RdDefects;CrashAlcoh;BikeAlcoho;RdConditio;DstncMiFrm;RuralUrban;HitRun;CrashDate;NumBikesUI;CrashTime;DrvrSex;DrvrAlcoho;Developmen;CrashSevr;AmbulanceR;DrvrInjury;OBJECTID;CrashMonth;NumBikesKi;RdCharacte;Region;BikeDir;TraffCntrl;CrashDay;CrashLoc;BikeAge;NumBikesTo;RdConfig;NumLanes;NumBikesAI;DrvrAlcDrg;OnRoad;RdSurface;Towrd_Rd;RdFeature;CrashGrp;RdClass;BikeInjury;County;DrvrAge;Weather;FrmRd;DrvrEstSpd;SpeedLimit;CrashYear;LightCond;DrvrAgeGrp
35.7849570786, -78.6869026239;"{""type"": ""Point"", ""coordinates"": [-78.68690262393739, 35.78495707863813]}";White;Raleigh;Travel Lane;2;11;Urban (>70% Developed);Male;Passenger Car;0;#NULL!;0;0;Black;No;0;25-29;Motorist Right Turn on Red - Opposite Direction;None;No;No;Dry;0;Urban;No;16OCT2009;0;11:58;Male;No;Commercial;B: Evident Injury;Yes;O: No Injury;5331;October;0;Straight - Level;Piedmont;With Traffic;Stop And Go Signal;Friday;Intersection;25;0;Two-Way, Not Divided;6 lanes;0;#NULL!;#NULL!;Coarse Asphalt;#NULL!;Four-Way Intersection;Motorist Right Turn / Merge;Local Street;B: Evident Injury;Wake;34;Clear;#NULL!;16-20 mph;40 - 45  MPH;2009;Daylight;30-39
35.7860370802, -78.6627526163;"{""type"": ""Point"", ""coordinates"": [-78.66275261630088, 35.786037080179696]}";Black;Raleigh;Unknown;2;19;Urban (>70% Developed);Male;Commercial Bus;0;#NULL!;0;0;Black;No;0;30-39;Crossing Paths - Uncontrolled Intersection;None;No;No;Dry;0;Urban;No;30OCT2009;0;19:43;Male;No;Commercial;B: Evident Injury;Yes;O: No Injury;5340;October;0;Straight - Level;Piedmont;Not Applicable;No Control Present;Friday;Intersection-Related;33;0;Two-Way, Not Divided;2 lanes;0;#NULL!;#NULL!;Smooth Asphalt;#NULL!;No Special Feature;Crossing Paths - Other Circumstances;Local Street;B: Evident Injury;Wake;62;Clear;#NULL!;0-5 mph;20 - 25  MPH;2009;Dark - Lighted Roadway;60-69
35.8448440959, -78.579912594;"{""type"": ""Point"", ""coordinates"": [-78.57991259395546, 35.84484409590143]}";White;Raleigh;Unknown;2;18;Urban (>70% Developed);Male;Passenger Car;0;#NULL!;0;0;Black;No;0;11-15;Bicyclist Ride Out - Midblock - Unknown;None;No;No;Dry;0;Urban;No;02NOV2009;0;18:50;Male;No;Commercial;B: Evident Injury;Yes;O: No Injury;5341;November;0;Straight - Level;Piedmont;Not Applicable;Stop And Go Signal;Monday;Non-Intersection;14;0;Two-Way, Divided, Unprotected Median;8 lanes;0;#NULL!;#NULL!;Smooth Asphalt;#NULL!;No Special Feature;Bicyclist Failed to Yield - Midblock;Local Street;B: Evident Injury;Wake;23;Clear;#NULL!;41-45 mph;40 - 45  MPH;2009;Dark - Lighted Roadway;20-24
36.0647230985, -79.7937029738;"{""type"": ""Point"", ""coordinates"": [-79.7937029738248, 36.06472309853223]}";Black;Greensboro;Non-Roadway;2;11;Urban (>70% Developed);Male;Van;0;#NULL!;0;0;Black;No;0;40-49;Non-Roadway;None;No;No;Dry;0;Urban;No;22NOV2009;0;11:52;Male;No;Commercial;C: Possible Injury;Yes;O: No Injury;5357;November;0;Straight - Level;Piedmont;Not Applicable;No Control Present;Sunday;Non-Roadway;49;0;Unknown;Unknown;0;#NULL!;#NULL!;Smooth Asphalt;#NULL!;No Special Feature;Non-Roadway;Public Vehicular Area;C: Possible Injury;Guilford;51;Clear;#NULL!;Unknown;Unknown;2009;Daylight;50-59
35.9446211441, -77.7962673613;"{""type"": ""Point"", ""coordinates"": [-77.79626736130945, 35.944621144102726]}";Black;Rocky Mount;Travel Lane;2;21;Urban (>70% Developed);Male;Sport Utility;0;#NULL!;0;0;Black;No;0;40-49;Signalized Intersection - Other / Unknown;None;Yes;Yes;Wet;0;Urban;No;30OCT2009;0;21:48;Male;No;Commercial;O: No Injury;No;O: No Injury;5360;October;0;Straight - Level;Coastal;Facing Traffic;Stop And Go Signal;Friday;Intersection;44;0;One-Way, Not Divided;3 lanes;0;#NULL!;#NULL!;Smooth Asphalt;#NULL!;Four-Way Intersection;Crossing Paths - Other Circumstances;Local Street;O: No Injury;Nash;37;Cloudy;#NULL!;0-5 mph;20 - 25  MPH;2009;Dark - Lighted Roadway;30-39
35.7864070679, -79.009768721;"{""type"": ""Point"", ""coordinates"": [-79.00976872099027, 35.786407067911995]}";White;None - Rural Crash;Travel Lane;2;11;Rural (<30% Developed);Male;Sport Utility;0;#NULL!;0;0;White;No;0;70+;Motorist Overtaking - Misjudged Space;None;No;No;Dry;0;Rural;No;24DEC2009;0;11:25;Female;No;Farms, Woods, Pastures;B: Evident Injury;Yes;O: No Injury;5365;December;0;Straight - Level;Piedmont;With Traffic;No Control Present;Thursday;Non-Intersection;70+;0;Two-Way, Not Divided;2 lanes;0;#NULL!;#NULL!;Smooth Asphalt;#NULL!;No Special Feature;Motorist Overtaking Bicyclist;State Secondary Route;B: Evident Injury;Chatham;20;Clear;#NULL!;51-55 mph;50 - 55  MPH;2009;Daylight;20-24
36.0460071343, -78.6980826407;"{""type"": ""Point"", ""coordinates"": [-78.69808264074993, 36.046007134313626]}";White;None - Rural Crash;Travel Lane;2;15;Rural (<30% Developed);Male;Passenger Car;0;#NULL!;0;0;Unknown/Missing;No;0;40-49;Motorist Overtaking - Misjudged Space;None;No;No;Dry;0;Rural;Yes;23DEC2009;0;15:37;Unknown;No;Farms, Woods, Pastures;C: Possible Injury;No;Unknown Injury;5367;December;0;Straight - Grade;Piedmont;With Traffic;Double Yellow Line, No Passing Zone;Wednesday;Non-Intersection;43;0;Two-Way, Not Divided;2 lanes;0;#NULL!;#NULL!;Smooth Asphalt;#NULL!;No Special Feature;Motorist Overtaking Bicyclist;NC Route;C: Possible Injury;Wake;Unknown;Clear;#NULL!;51-55 mph;50 - 55  MPH;2009;Daylight;Unknown
36.2815572703, -76.2234418972;"{""type"": ""Point"", ""coordinates"": [-76.22344189718854, 36.281557270297135]}";Black;Elizabeth City;Travel Lane;2;20;Rural (<30% Developed);Male;Passenger Car;0;#NULL!;0;0;White;No;0;50-59;Bicyclist Ride Out - Signalized  Intersection;None;Yes;No;Dry;0;Urban;No;01DEC2009;0;20:23;Male;Yes;Residential;C: Possible Injury;Yes;O: No Injury;5378;December;0;Straight - Level;Coastal;With Traffic;Stop And Go Signal;Tuesday;Intersection;53;0;Two-Way, Divided, Unprotected Median;2 lanes;0;#NULL!;#NULL!;Grooved Concrete;#NULL!;Four-Way Intersection;Bicyclist Failed to Yield - Signalized Intersection;Local Street;C: Possible Injury;Pasquotank;38;Clear;#NULL!;6-10 mph;30 - 35  MPH;2009;Dark - Lighted Roadway;30-39
34.6289398182, -78.9881926553;"{""type"": ""Point"", ""coordinates"": [-78.98819265531255, 34.62893981816126]}";Black;Lumberton;Travel Lane;2;19;Urban (>70% Developed);Male;Unknown;0;#NULL!;0;0;Unknown/Missing;No;0;40-49;Head-On - Bicyclist;None;Yes;Yes;Dry;0;Urban;Yes;03DEC2009;0;19:39;Unknown;Missing;Commercial;C: Possible Injury;Yes;Unknown Injury;5381;December;0;Straight - Level;Coastal;Facing Traffic;No Control Present;Thursday;Non-Intersection;41;0;Two-Way, Not Divided;5 lanes;0;#NULL!;#NULL!;Coarse Asphalt;#NULL!;No Special Feature;Head-On;NC Route;C: Possible Injury;Robeson;Unknown;Clear;#NULL!;Unknown;Unknown;2009;Dark - Lighted Roadway;Unknown
35.9239650943, -79.0903527532;"{""type"": ""Point"", ""coordinates"": [-79.09035275315162, 35.92396509431089]}";White;Carrboro;Travel Lane;2;17;Urban (>70% Developed);Female;Passenger Car;0;#NULL!;0;0;White;No;0;25-29;Motorist Drive Out - Residential Driveway;None;No;No;Dry;0;Urban;No;08DEC2009;0;17:45;Male;No;Residential;B: Evident Injury;No;O: No Injury;5385;December;0;Straight - Level;Piedmont;With Traffic;No Control Present;Tuesday;Non-Intersection;29;0;Two-Way, Not Divided;Unknown;0;#NULL!;#NULL!;Coarse Asphalt;#NULL!;No Special Feature;Motorist Failed to Yield - Midblock;Local Street;B: Evident Injury;Orange;43;Clear;#NULL!;0-5 mph;30 - 35  MPH;2009;Dark - Roadway Not Lighted;40-49
34.6956898656, -78.0103223638;"{""type"": ""Point"", ""coordinates"": [-78.01032236380533, 34.69568986558881]}";White;None - Rural Crash;Travel Lane;2;17;Rural (<30% Developed);Male;Unknown;0;#NULL!;0;0;Unknown/Missing;No;0;40-49;Motorist Overtaking - Other / Unknown;None;No;No;Dry;0;Rural;Yes;17DEC2009;0;17:52;Unknown;Missing;Farms, Woods, Pastures;B: Evident Injury;Yes;Unknown Injury;5393;December;0;Straight - Level;Coastal;With Traffic;No Control Present;Thursday;Non-Intersection;40;0;Two-Way, Not Divided;2 lanes;0;#NULL!;#NULL!;Smooth Asphalt;#NULL!;No Special Feature;Motorist Overtaking Bicyclist;State Secondary Route;B: Evident Injury;Pender;Unknown;Clear;#NULL!;51-55 mph;50 - 55  MPH;2009;Dark - Roadway Not Lighted;Unknown
35.0705068478, -80.8808092442;"{""type"": ""Point"", ""coordinates"": [-80.88080924421591, 35.07050684780327]}";White;Pineville;Travel Lane;2;16;Urban (>70% Developed);Male;Passenger Car;0;#NULL!;0;0;White;No;0;60-69;Motorist Drive Out - Sign-Controlled Intersection;None;No;No;Dry;0;Rural;No;29DEC2009;0;16:08;Female;No;Commercial;C: Possible Injury;Yes;O: No Injury;5404;December;0;Curve - Level;Piedmont;With Traffic;Yield Sign;Tuesday;Intersection;60;0;Two-Way, Not Divided;1 lane;0;#NULL!;#NULL!;Smooth Asphalt;#NULL!;Traffic Circle/Roundabout;Motorist Failed to Yield - Sign-Controlled Intersection;Public Vehicular Area;C: Possible Injury;Mecklenburg;70+;Clear;#NULL!;6-10 mph;30 - 35  MPH;2009;Daylight;70+
35.7237620933, -77.9119023851;"{""type"": ""Point"", ""coordinates"": [-77.9119023850881, 35.72376209333765]}";Black;Wilson;Non-Roadway;2;13;Urban (>70% Developed);Male;Passenger Car;0;#NULL!;0;0;Black;No;0;30-39;Non-Roadway;None;No;No;Dry;0;Urban;No;28AUG2009;0;13:40;Female;No;Commercial;O: No Injury;No;O: No Injury;5414;August;0;Straight - Level;Coastal;Not Applicable;No Control Present;Friday;Non-Roadway;35;0;Two-Way, Not Divided;2 lanes;0;#NULL!;#NULL!;Gravel;#NULL!;No Special Feature;Non-Roadway;Private Road, Driveway;O: No Injury;Wilson;70+;Clear;#NULL!;11-15 mph;30 - 35  MPH;2009;Daylight;70+
35.2458948846, -80.8974872592;"{""type"": ""Point"", ""coordinates"": [-80.89748725921271, 35.24589488461526]}";Black;Charlotte;Unknown;2;20;Rural (<30% Developed);Male;Passenger Car;0;#NULL!;0;0;Black;No;0;60-69;Bicyclist Ride Out - Midblock - Unknown;None;Yes;No;Dry;0;Urban;No;28SEP2009;0;20:51;Male;Yes;Residential;B: Evident Injury;No;O: No Injury;5421;September;0;Straight - Level;Piedmont;Not Applicable;No Control Present;Monday;Non-Intersection;62;0;Two-Way, Not Divided;2 lanes;0;#NULL!;#NULL!;Coarse Asphalt;#NULL!;No Special Feature;Bicyclist Failed to Yield - Midblock;Local Street;B: Evident Injury;Mecklenburg;65;Clear;#NULL!;31-35 mph;30 - 35  MPH;2009;Dark - Lighted Roadway;60-69
35.1377168615, -80.8792372479;"{""type"": ""Point"", ""coordinates"": [-80.87923724792806, 35.13771686150922]}";Hispanic;Charlotte;Sidewalk / Crosswalk / Driveway Crossing;2;18;Urban (>70% Developed);Male;Passenger Car;0;#NULL!;0;0;Black;No;0;40-49;Motorist Drive Out - Signalized Intersection;None;No;No;Dry;0;Urban;No;22SEP2009;0;18:45;Male;No;Commercial;C: Possible Injury;No;O: No Injury;5423;September;0;Straight - Level;Piedmont;Facing Traffic;Stop And Go Signal;Tuesday;Intersection;49;0;Two-Way, Not Divided;3 lanes;0;#NULL!;#NULL!;Smooth Asphalt;#NULL!;Four-Way Intersection;Motorist Failed to Yield - Signalized Intersection;Local Street;C: Possible Injury;Mecklenburg;39;Cloudy;#NULL!;0-5 mph;20 - 25  MPH;2009;Daylight;30-39
35.1999568807, -80.7384132095;"{""type"": ""Point"", ""coordinates"": [-80.73841320954439, 35.19995688068629]}";Black;Charlotte;Non-Roadway;2;19;Urban (>70% Developed);Male;Passenger Car;0;#NULL!;0;0;Black;No;0;6-10;Non-Roadway;None;No;No;Dry;0;Urban;No;02JUL2009;0;19:39;Female;No;Residential;C: Possible Injury;Yes;O: No Injury;5433;July;0;Straight - Level;Piedmont;Not Applicable;No Control Present;Thursday;Non-Roadway;9;0;Two-Way, Not Divided;1 lane;0;#NULL!;#NULL!;Smooth Asphalt;#NULL!;No Special Feature;Non-Roadway;Public Vehicular Area;C: Possible Injury;Mecklenburg;32;Clear;#NULL!;0-5 mph;5 - 15 MPH;2009;Daylight;30-39
35.2406648878, -80.7587132179;"{""type"": ""Point"", ""coordinates"": [-80.75871321787073, 35.24066488777337]}";Black;Charlotte;Travel Lane;2;17;Urban (>70% Developed);Male;Sport Utility;0;#NULL!;0;0;Asian;No;0;6-10;Motorist Overtaking - Other / Unknown;None;No;No;Wet;0;Urban;Yes;09JUL2009;0;17:43;Male;No;Residential;C: Possible Injury;No;O: No Injury;5434;July;0;Straight - Level;Piedmont;With Traffic;No Control Present;Thursday;Non-Intersection;6;0;Two-Way, Not Divided;2 lanes;0;#NULL!;#NULL!;Smooth Asphalt;#NULL!;No Special Feature;Motorist Overtaking Bicyclist;Local Street;C: Possible Injury;Mecklenburg;18;Cloudy;#NULL!;21-25 mph;20 - 25  MPH;2009;Daylight;0-19
35.185873877, -80.7469132109;"{""type"": ""Point"", ""coordinates"": [-80.74691321091557, 35.185873876994464]}";Black;Charlotte;Unknown;2;21;Urban (>70% Developed);Male;Van;0;#NULL!;0;0;Black;No;0;6-10;Unknown Approach Paths;None;No;No;Dry;0;Urban;No;19JUN2009;0;21:25;Male;No;Residential;C: Possible Injury;Yes;O: No Injury;5435;June;0;Straight - Level;Piedmont;Not Applicable;No Control Present;Friday;Intersection-Related;10;0;Two-Way, Not Divided;4 lanes;0;#NULL!;#NULL!;Smooth Asphalt;#NULL!;Traffic Circle/Roundabout;Other / Unknown - Insufficient Details;Local Street;C: Possible Injury;Mecklenburg;39;Clear;#NULL!;6-10 mph;30 - 35  MPH;2009;Dark - Roadway Not Lighted;30-39
35.2006668765, -80.8430032401;"{""type"": ""Point"", ""coordinates"": [-80.84300324013698, 35.20066687647175]}";White;Charlotte;Travel Lane;2;13;Urban (>70% Developed);Male;Sport Utility;0;#NULL!;0;0;White;No;0;40-49;Motorist Right Turn - Same Direction;None;No;No;Dry;0;Urban;No;30MAY2009;0;13:36;Female;No;Commercial;B: Evident Injury;No;O: No Injury;5441;May;0;Straight - Level;Piedmont;With Traffic;No Control Present;Saturday;Intersection;44;0;Two-Way, Not Divided;2 lanes;0;#NULL!;#NULL!;Smooth Asphalt;#NULL!;T-Intersection;Motorist Right Turn / Merge;Local Street;B: Evident Injury;Mecklenburg;21;Clear;#NULL!;21-25 mph;30 - 35  MPH;2009;Daylight;20-24
35.2106868766, -80.9049332598;"{""type"": ""Point"", ""coordinates"": [-80.90493325983387, 35.210686876579935]}";White;Charlotte;Sidewalk / Crosswalk / Driveway Crossing;2;16;Urban (>70% Developed);Male;Passenger Car;0;#NULL!;0;0;Black;No;0;16-19;Motorist Left Turn - Opposite Direction;None;No;No;Dry;0;Urban;Yes;29MAR2009;0;16:44;Female;No;Commercial;C: Possible Injury;No;O: No Injury;5443;March;0;Straight - Level;Piedmont;With Traffic;No Control Present;Sunday;Non-Intersection;16;0;Two-Way, Divided, Unprotected Median;4 lanes;0;#NULL!;#NULL!;Smooth Asphalt;#NULL!;No Special Feature;Motorist Left Turn / Merge;Local Street;C: Possible Injury;Mecklenburg;44;Clear;#NULL!;31-35 mph;40 - 45  MPH;2009;Daylight;40-49
35.1554368708, -80.74819321;"{""type"": ""Point"", ""coordinates"": [-80.7481932099731, 35.15543687079092]}";Black;Charlotte;Sidewalk / Crosswalk / Driveway Crossing;2;12;Urban (>70% Developed);Male;Sport Utility;0;#NULL!;0;0;White;No;0;50-59;Motorist Right Turn - Same Direction;None;No;No;Wet;0;Urban;No;27MAR2009;0;12:22;Male;No;Commercial;A: Disabling Injury;Yes;O: No Injury;5444;March;0;Straight - Level;Piedmont;With Traffic;Stop Sign;Friday;Intersection;50;0;Two-Way, Not Divided;4 lanes;0;#NULL!;#NULL!;Smooth Asphalt;#NULL!;No Special Feature;Motorist Right Turn / Merge;Local Street;A: Disabling Injury;Mecklenburg;39;Rain;#NULL!;0-5 mph;40 - 45  MPH;2009;Daylight;30-39
35.2143168775, -80.9046832592;"{""type"": ""Point"", ""coordinates"": [-80.90468325924628, 35.214316877454245]}";Black;Charlotte;Travel Lane;2;15;Urban (>70% Developed);Male;Passenger Car;0;#NULL!;0;0;White;No;0;6-10;Bicyclist Right Turn - Same Direction;None;No;No;Dry;0;Urban;No;21JAN2008;0;15:33;Female;No;Residential;O: No Injury;Yes;O: No Injury;5451;January;0;Straight - Level;Piedmont;Facing Traffic;No Control Present;Monday;Non-Intersection;6;0;Two-Way, Not Divided;2 lanes;0;#NULL!;#NULL!;Concrete;#NULL!;No Special Feature;Bicyclist Right Turn / Merge;Local Street;O: No Injury;Mecklenburg;41;Clear;#NULL!;21-25 mph;20 - 25  MPH;2008;Daylight;40-49
35.2494348894, -80.7817232247;"{""type"": ""Point"", ""coordinates"": [-80.78172322466735, 35.2494348894245]}";Black;Charlotte;Sidewalk / Crosswalk / Driveway Crossing;2;8;Urban (>70% Developed);Male;Passenger Car;0;#NULL!;0;0;Black;No;0;50-59;Motorist Drive Out - Commercial Driveway / Alley;None;No;No;Dry;0;Urban;No;04FEB2008;0;8:35;Female;No;Commercial;C: Possible Injury;No;O: No Injury;5453;February;0;Straight - Level;Piedmont;Facing Traffic;No Control Present;Monday;Non-Intersection;57;0;Unknown;Unknown;0;#NULL!;#NULL!;Other;#NULL!;Driveway, Public;Motorist Failed to Yield - Midblock;Private Road, Driveway;C: Possible Injury;Mecklenburg;39;Cloudy;#NULL!;0-5 mph;20 - 25  MPH;2008;Daylight;30-39
35.9199270038, -81.5090634792;"{""type"": ""Point"", ""coordinates"": [-81.50906347916835, 35.9199270037736]}";White;Lenoir;Travel Lane;2;9;Urban (>70% Developed);Male;Passenger Car;0;#NULL!;0;0;White;No;0;30-39;Motorist Drive Out - Sign-Controlled Intersection;None;No;No;Dry;0;Urban;No;25FEB2008;0;9:42;Male;No;Commercial;C: Possible Injury;No;O: No Injury;5463;February;0;Straight - Level;Mountains;With Traffic;Stop Sign;Monday;Intersection;38;0;Two-Way, Not Divided;5 lanes;0;#NULL!;#NULL!;Smooth Asphalt;#NULL!;Four-Way Intersection;Motorist Failed to Yield - Sign-Controlled Intersection;Local Street;C: Possible Injury;Caldwell;70+;Clear;#NULL!;0-5 mph;40 - 45  MPH;2008;Daylight;70+
35.2598908911, -80.8020582315;"{""type"": ""Point"", ""coordinates"": [-80.80205823150686, 35.25989089106373]}";White;Charlotte;Travel Lane;2;7;Urban (>70% Developed);Male;Sport Utility;0;#NULL!;0;0;Black;No;0;60-69;Bicyclist Left Turn - Same Direction;None;No;No;Dry;0;Urban;No;25FEB2008;0;7:57;Female;No;Commercial;C: Possible Injury;Yes;O: No Injury;5464;February;0;Straight - Level;Piedmont;With Traffic;No Control Present;Monday;Non-Intersection;61;0;Two-Way, Not Divided;3 lanes;0;#NULL!;#NULL!;Smooth Asphalt;#NULL!;No Special Feature;Bicyclist Left Turn / Merge;Local Street;C: Possible Injury;Mecklenburg;35;Fog, Smog, Smoke;#NULL!;31-35 mph;30 - 35  MPH;2008;Daylight;30-39
35.2596390046, -77.5601672544;"{""type"": ""Point"", ""coordinates"": [-77.56016725437354, 35.25963900462867]}";Black;Kinston;Sidewalk / Crosswalk / Driveway Crossing;2;14;Urban (>70% Developed);Male;Passenger Car;0;#NULL!;0;0;Black;No;0;6-10;Bicyclist Ride Through - Sign-Controlled Intersection;None;No;No;Dry;0;Urban;No;02MAR2008;0;14:49;Female;No;Commercial;C: Possible Injury;No;O: No Injury;5465;March;0;Straight - Bottom;Coastal;With Traffic;Stop Sign;Sunday;Intersection;8;0;Two-Way, Not Divided;2 lanes;0;#NULL!;#NULL!;Coarse Asphalt;#NULL!;Four-Way Intersection;Bicyclist Failed to Yield - Sign-Controlled Intersection;Local Street;C: Possible Injury;Lenoir;70+;Clear;#NULL!;Unknown;Unknown;2008;Daylight;70+
35.1994048774, -80.8123582316;"{""type"": ""Point"", ""coordinates"": [-80.81235823163063, 35.19940487736185]}";White;Charlotte;Travel Lane;2;11;Urban (>70% Developed);Female;Sport Utility;0;#NULL!;0;0;White;No;0;50-59;Bicyclist Left Turn - Same Direction;None;No;No;Dry;0;Urban;No;03MAR2008;0;11:50;Female;No;Commercial;B: Evident Injury;No;O: No Injury;5466;March;0;Straight - Level;Piedmont;With Traffic;No Control Present;Monday;Non-Intersection;58;0;Two-Way, Not Divided;4 lanes;0;#NULL!;#NULL!;Smooth Asphalt;#NULL!;No Special Feature;Bicyclist Left Turn / Merge;Local Street;B: Evident Injury;Mecklenburg;65;Clear;#NULL!;31-35 mph;30 - 35  MPH;2008;Daylight;60-69
35.2100708818, -80.7572592151;"{""type"": ""Point"", ""coordinates"": [-80.75725921508513, 35.210070881785654]}";White;Charlotte;Travel Lane;2;12;Urban (>70% Developed);Male;Sport Utility;0;#NULL!;0;0;Hispanic;No;0;40-49;Signalized Intersection - Other / Unknown;None;No;No;Dry;0;Urban;No;09MAR2008;0;12:30;Male;No;Commercial;C: Possible Injury;No;O: No Injury;5467;March;0;Straight - Level;Piedmont;Facing Traffic;Stop And Go Signal;Sunday;Intersection;48;0;Two-Way, Divided, Positive Median Barrier;4 lanes;0;#NULL!;#NULL!;Smooth Asphalt;#NULL!;No Special Feature;Crossing Paths - Other Circumstances;Local Street;C: Possible Injury;Mecklenburg;39;Clear;#NULL!;0-5 mph;40 - 45  MPH;2008;Daylight;30-39
35.9697111464, -77.8873723903;"{""type"": ""Point"", ""coordinates"": [-77.88737239033985, 35.96971114641188]}";White;None - Rural Crash;Travel Lane;2;16;Mixed (30% To 70% Developed);Male;Passenger Car;0;#NULL!;0;0;White;No;0;16-19;Unusual Circumstances;None;No;No;Dry;0;Rural;No;05JAN2008;0;16:30;Female;No;Residential;C: Possible Injury;No;O: No Injury;5476;January;0;Unknown;Coastal;With Traffic;Missing;Saturday;Non-Intersection;19;0;Unknown;Unknown;0;#NULL!;#NULL!;Unknown;#NULL!;No Special Feature;Other / Unusual Circumstances;State Secondary Route;C: Possible Injury;Nash;41;Clear;#NULL!;Unknown;Unknown;2008;Daylight;40-49
35.2503269545, -78.9700126816;"{""type"": ""Point"", ""coordinates"": [-78.97001268156104, 35.250326954520375]}";White;None - Rural Crash;Travel Lane;2;17;Rural (<30% Developed);Female;Unknown;0;#NULL!;0;0;Unknown/Missing;No;0;6-10;Non-Roadway;None;No;No;Dry;0;Rural;Yes;06JAN2008;0;17:50;Unknown;Missing;Residential;C: Possible Injury;Yes;Unknown Injury;5478;January;0;Straight - Level;Coastal;Not Applicable;No Control Present;Sunday;Non-Roadway;8;0;Two-Way, Not Divided;2 lanes;0;#NULL!;#NULL!;Smooth Asphalt;#NULL!;No Special Feature;Non-Roadway;Public Vehicular Area;C: Possible Injury;Harnett;Unknown;Clear;#NULL!;26-30 mph;20 - 25  MPH;2008;Dark - Roadway Not Lighted;Unknown
36.3128472762, -76.2456919051;"{""type"": ""Point"", ""coordinates"": [-76.24569190507135, 36.31284727616175]}";White;None - Rural Crash;Travel Lane;2;16;Mixed (30% To 70% Developed);Male;Passenger Car;0;#NULL!;0;0;White;No;0;11-15;Head-On - Bicyclist;None;No;No;Dry;0;Rural;No;02APR2008;0;16:49;Female;No;Residential;B: Evident Injury;Yes;O: No Injury;5483;April;0;Straight - Level;Coastal;With Traffic;No Control Present;Wednesday;Non-Intersection;14;0;Two-Way, Not Divided;1 lane;0;#NULL!;#NULL!;Coarse Asphalt;#NULL!;No Special Feature;Head-On;State Secondary Route;B: Evident Injury;Pasquotank;18;Clear;#NULL!;16-20 mph;20 - 25  MPH;2008;Daylight;0-19
35.3655199138, -80.7876232331;"{""type"": ""Point"", ""coordinates"": [-80.78762323310491, 35.36551991381166]}";White;Charlotte;Travel Lane;3;10;Mixed (30% To 70% Developed);Male;Passenger Car;0;#NULL!;0;0;White;No;0;25-29;Motorist Lost Control - Other / Unknown;None;No;No;Dry;0;Urban;No;02APR2008;0;10:28;Male;No;Residential;B: Evident Injury;Yes;O: No Injury;5484;April;0;Straight - Level;Piedmont;With Traffic;Stop Sign;Wednesday;Intersection-Related;29;0;Two-Way, Not Divided;2 lanes;0;#NULL!;#NULL!;Smooth Asphalt;#NULL!;T-Intersection;Loss of Control / Turning Error;Local Street;B: Evident Injury;Mecklenburg;19;Clear;#NULL!;6-10 mph;40 - 45  MPH;2008;Daylight;0-19
35.6455830087, -79.8249129596;"{""type"": ""Point"", ""coordinates"": [-79.82491295956083, 35.64558300868071]}";Hispanic;None - Rural Crash;Bike Lane / Paved Shoulder;2;18;Rural (<30% Developed);Male;Pickup;0;#NULL!;0;0;White;No;0;60-69;Motorist Overtaking - Misjudged Space;None;No;No;Dry;0;Rural;No;09JAN2008;0;18:28;Male;No;Farms, Woods, Pastures;C: Possible Injury;Yes;O: No Injury;5487;January;0;Straight - Level;Piedmont;With Traffic;Double Yellow Line, No Passing Zone;Wednesday;Non-Intersection;67;0;Two-Way, Not Divided;2 lanes;0;#NULL!;#NULL!;Smooth Asphalt;#NULL!;No Special Feature;Motorist Overtaking Bicyclist;US Route;C: Possible Injury;Randolph;20;Clear;#NULL!;51-55 mph;50 - 55  MPH;2008;Dark - Roadway Not Lighted;20-24
35.7885470814, -78.649576612;"{""type"": ""Point"", ""coordinates"": [-78.6495766120238, 35.78854708142185]}";Black;Raleigh;Non-Roadway;2;22;Urban (>70% Developed);Male;Light Truck (Mini-Van, Panel);0;#NULL!;0;0;White;No;0;30-39;Non-Roadway;None;No;No;Dry;0;Urban;No;10JAN2008;0;22:03;Male;No;Commercial;O: No Injury;No;O: No Injury;5489;January;0;Straight - Level;Piedmont;Not Applicable;No Control Present;Thursday;Non-Roadway;31;0;Two-Way, Not Divided;Unknown;0;#NULL!;#NULL!;Smooth Asphalt;#NULL!;Driveway, Public;Non-Roadway;Public Vehicular Area;O: No Injury;Wake;40;Clear;#NULL!;0-5 mph;30 - 35  MPH;2008;Dark - Lighted Roadway;40-49
36.0852071041, -79.7517029613;"{""type"": ""Point"", ""coordinates"": [-79.75170296133608, 36.085207104132316]}";White;Greensboro;Travel Lane;2;23;Urban (>70% Developed);Male;Unknown;0;#NULL!;0;0;Unknown/Missing;No;0;25-29;Motorist Turn / Merge - Other / Unknown;None;Yes;Yes;Wet;0;Urban;Yes;10JAN2008;0;23:12;Unknown;Missing;Residential;C: Possible Injury;Yes;Unknown Injury;5490;January;0;Straight - Level;Piedmont;With Traffic;Missing;Thursday;Intersection;27;0;Two-Way, Divided, Unprotected Median;2 lanes;0;#NULL!;#NULL!;Smooth Asphalt;#NULL!;T-Intersection;Parallel Paths - Other Circumstances;Local Street;C: Possible Injury;Guilford;Unknown;Cloudy;#NULL!;21-25 mph;30 - 35  MPH;2008;Dark - Lighted Roadway;Unknown