Geo Point;Geo Shape;BikeRace;City;BikePos;NumUnits;CrashHour;Locality;BikeSex;DrvrVehTyp;NumBikesNo;BikeAlcDrg;NumBikesBI;RteInvdCd;DrvrRace;Workzone;NumBikesCi;BikeAgeGrp;CrashType;RdDefects;CrashAlcoh;BikeAlcoho;RdConditio;DstncMiFrm;RuralUrban;HitRun;CrashDate;NumBikesUI;CrashTime;DrvrSex;DrvrAlcoho;Developmen;CrashSevr;AmbulanceR;DrvrInjury;OBJECTID;CrashMonth;NumBikesKi;RdCharacte;Region;BikeDir;TraffCntrl;CrashDay;CrashLoc;BikeAge;NumBikesTo;RdConfig;NumLanes;NumBikesAI;DrvrAlcDrg;OnRoad;RdSurface;Towrd_Rd;RdFeature;CrashGrp;RdClass;BikeInjury;County;DrvrAge;Weather;FrmRd;DrvrEstSpd;SpeedLimit;CrashYear;LightCond;DrvrAgeGrp
36.4131921636, -80.0129430587;"{""type"": ""Point"", ""coordinates"": [-80.0129430586964, 36.41319216364243]}";White;None - Rural Crash;Travel Lane;2;20;Urban (>70% Developed);Male;Passenger Car;0;#NULL!;0;0;White;No;0;20-24;Bicyclist Left Turn - Same Direction;None;Yes;Yes;Wet;0;Rural;No;04APR2008;0;20:38;Female;No;Farms, Woods, Pastures;A: Disabling Injury;Yes;O: No Injury;5492;April;0;Curve - Level;Piedmont;With Traffic;Double Yellow Line, No Passing Zone;Friday;Intersection;21;0;Two-Way, Not Divided;2 lanes;0;#NULL!;#NULL!;Coarse Asphalt;#NULL!;No Special Feature;Bicyclist Left Turn / Merge;NC Route;A: Disabling Injury;Rockingham;38;Rain;#NULL!;26-30 mph;50 - 55  MPH;2008;Dark - Roadway Not Lighted;30-39
35.4791439443, -80.6242331899;"{""type"": ""Point"", ""coordinates"": [-80.62423318990243, 35.47914394430296]}";Black;Kannapolis;Travel Lane;2;22;Urban (>70% Developed);Male;Sport Utility;0;#NULL!;0;0;White;No;0;60-69;Sign-Controlled Intersection - Other / Unknown;None;Yes;Yes;Dry;0;Urban;No;11JAN2008;0;22:01;Male;No;Residential;B: Evident Injury;No;O: No Injury;5494;January;0;Straight - Level;Piedmont;With Traffic;Stop Sign;Friday;Intersection;64;0;Two-Way, Not Divided;2 lanes;0;#NULL!;#NULL!;Smooth Asphalt;#NULL!;No Special Feature;Crossing Paths - Other Circumstances;Local Street;B: Evident Injury;Cabarrus;70+;Clear;#NULL!;6-10 mph;40 - 45  MPH;2008;Dark - Lighted Roadway;70+
34.1948117577, -77.9361623166;"{""type"": ""Point"", ""coordinates"": [-77.9361623166288, 34.194811757729305]}";White;Wilmington;Unknown;2;7;Urban (>70% Developed);Male;Passenger Car;0;#NULL!;0;0;Black;No;0;40-49;Motorist Left Turn - Opposite Direction;None;No;No;Dry;0;Urban;No;14JAN2008;0;7:40;Female;No;Commercial;B: Evident Injury;Yes;O: No Injury;5497;January;0;Straight - Level;Coastal;With Traffic;Stop And Go Signal;Monday;Intersection;40;0;Two-Way, Not Divided;5 lanes;0;#NULL!;#NULL!;Smooth Asphalt;#NULL!;Four-Way Intersection;Motorist Left Turn / Merge;Local Street;B: Evident Injury;New Hanover;59;Clear;#NULL!;11-15 mph;40 - 45  MPH;2008;Daylight;50-59
35.4016910211, -77.9852123911;"{""type"": ""Point"", ""coordinates"": [-77.9852123911475, 35.40169102108246]}";Black;Goldsboro;Sidewalk / Crosswalk / Driveway Crossing;2;17;Urban (>70% Developed);Male;Sport Utility;0;#NULL!;0;0;White;No;0;25-29;Signalized Intersection - Other / Unknown;None;No;No;Dry;0;Urban;No;21JAN2008;0;17:10;Female;No;Commercial;C: Possible Injury;Yes;O: No Injury;5504;January;0;Straight - Level;Coastal;Facing Traffic;Stop And Go Signal;Monday;Intersection;28;0;Two-Way, Not Divided;4 lanes;0;#NULL!;#NULL!;Coarse Asphalt;#NULL!;Four-Way Intersection;Crossing Paths - Other Circumstances;Local Street;C: Possible Injury;Wayne;34;Clear;#NULL!;0-5 mph;30 - 35  MPH;2008;Dusk;30-39
35.2536768862, -80.8790032541;"{""type"": ""Point"", ""coordinates"": [-80.87900325409157, 35.253676886160946]}";Black;Charlotte;Unknown;2;17;Urban (>70% Developed);Male;Passenger Car;0;#NULL!;0;0;Hispanic;No;0;6-10;Bicyclist Lost Control - Mechanical Problems;None;No;No;Dry;0;Urban;No;09APR2008;0;17:36;Female;No;Residential;B: Evident Injury;No;O: No Injury;5506;April;0;Straight - Level;Piedmont;Unknown;No Control Present;Wednesday;Intersection;9;0;Two-Way, Not Divided;1 lane;0;#NULL!;#NULL!;Smooth Asphalt;#NULL!;Four-Way Intersection;Loss of Control / Turning Error;Local Street;B: Evident Injury;Mecklenburg;43;Clear;#NULL!;21-25 mph;20 - 25  MPH;2008;Daylight;40-49
35.2005988745, -80.8902332545;"{""type"": ""Point"", ""coordinates"": [-80.89023325447583, 35.20059887451466]}";Black;Charlotte;Travel Lane;2;18;Urban (>70% Developed);Male;Sport Utility;0;#NULL!;0;0;Black;No;0;6-10;Sign-Controlled Intersection - Other / Unknown;None;No;No;Dry;0;Urban;No;22MAR2008;0;18:51;Female;No;Residential;A: Disabling Injury;Yes;O: No Injury;5508;March;0;Straight - Level;Piedmont;With Traffic;No Control Present;Saturday;Intersection;9;0;Two-Way, Not Divided;2 lanes;0;#NULL!;#NULL!;Concrete;#NULL!;No Special Feature;Crossing Paths - Other Circumstances;Local Street;A: Disabling Injury;Mecklenburg;24;Clear;#NULL!;21-25 mph;30 - 35  MPH;2008;Daylight;20-24
35.2668268905, -80.8540332474;"{""type"": ""Point"", ""coordinates"": [-80.8540332474095, 35.266826890511375]}";Black;Charlotte;Travel Lane;2;15;Urban (>70% Developed);Male;Passenger Car;0;#NULL!;0;0;Black;No;0;16-19;Bicyclist Right Turn - Same Direction;None;No;No;Dry;0;Urban;No;11APR2008;0;15:35;Female;No;Commercial;C: Possible Injury;Yes;O: No Injury;5509;April;0;Straight - Level;Piedmont;With Traffic;No Control Present;Friday;Non-Intersection;18;0;Two-Way, Not Divided;5 lanes;0;#NULL!;#NULL!;Coarse Asphalt;#NULL!;No Special Feature;Bicyclist Right Turn / Merge;Local Street;C: Possible Injury;Mecklenburg;43;Cloudy;#NULL!;26-30 mph;40 - 45  MPH;2008;Daylight;40-49
35.3045668794, -81.3612473999;"{""type"": ""Point"", ""coordinates"": [-81.36124739991126, 35.304566879361865]}";White;None - Rural Crash;Travel Lane;2;10;Rural (<30% Developed);Male;Pickup;0;#NULL!;0;0;White;No;0;50-59;Motorist Overtaking - Misjudged Space;None;No;No;Wet;0;Rural;No;12APR2008;0;10:49;Male;No;Farms, Woods, Pastures;B: Evident Injury;Yes;O: No Injury;5510;April;0;Straight - Level;Mountains;With Traffic;No Control Present;Saturday;Non-Intersection;53;0;Two-Way, Not Divided;2 lanes;0;#NULL!;#NULL!;Smooth Asphalt;#NULL!;No Special Feature;Motorist Overtaking Bicyclist;NC Route;B: Evident Injury;Cleveland;50;Rain;#NULL!;41-45 mph;50 - 55  MPH;2008;Daylight;50-59
35.0040429019, -78.9236426548;"{""type"": ""Point"", ""coordinates"": [-78.92364265484336, 35.00404290191529]}";White;None - Rural Crash;Travel Lane;2;10;Mixed (30% To 70% Developed);Male;Sport Utility;0;#NULL!;0;0;White;No;0;40-49;Motorist Overtaking - Misjudged Space;None;No;No;Dry;0;Rural;No;25JAN2008;0;10:20;Female;No;Residential;C: Possible Injury;Yes;O: No Injury;5512;January;0;Straight - Level;Coastal;With Traffic;Double Yellow Line, No Passing Zone;Friday;Non-Intersection;41;0;Two-Way, Not Divided;2 lanes;0;#NULL!;#NULL!;Smooth Asphalt;#NULL!;No Special Feature;Motorist Overtaking Bicyclist;State Secondary Route;C: Possible Injury;Cumberland;33;Clear;#NULL!;31-35 mph;40 - 45  MPH;2008;Daylight;30-39
35.5056668778, -82.5247737561;"{""type"": ""Point"", ""coordinates"": [-82.52477375605042, 35.5056668777528]}";White;Asheville;Travel Lane;2;13;Urban (>70% Developed);Male;Passenger Car;0;#NULL!;0;0;White;No;0;30-39;Motorist Right Turn - Same Direction;None;No;No;Dry;0;Urban;No;26JAN2008;0;13:59;Female;No;Commercial;C: Possible Injury;No;O: No Injury;5515;January;0;Straight - Hillcrest;Mountains;With Traffic;Stop And Go Signal;Saturday;Intersection;33;0;Two-Way, Not Divided;5 lanes;0;#NULL!;#NULL!;Smooth Asphalt;#NULL!;Four-Way Intersection;Motorist Right Turn / Merge;Local Street;C: Possible Injury;Buncombe;39;Clear;#NULL!;11-15 mph;40 - 45  MPH;2008;Daylight;30-39
35.7380630945, -77.9542523984;"{""type"": ""Point"", ""coordinates"": [-77.95425239841208, 35.73806309445944]}";White;Wilson;Non-Roadway;2;17;Urban (>70% Developed);Male;Passenger Car;0;#NULL!;0;0;White;No;0;11-15;Non-Roadway;None;No;No;Wet;0;Urban;No;01FEB2008;0;17:09;Female;No;Commercial;B: Evident Injury;No;O: No Injury;5529;February;0;Straight - Level;Coastal;Not Applicable;Stop And Go Signal;Friday;Non-Roadway;12;0;Unknown;Unknown;0;#NULL!;#NULL!;Smooth Asphalt;#NULL!;No Special Feature;Non-Roadway;Public Vehicular Area;B: Evident Injury;Wilson;36;Clear;#NULL!;16-20 mph;30 - 35  MPH;2008;Daylight;30-39
35.9123220924, -79.0779427486;"{""type"": ""Point"", ""coordinates"": [-79.0779427486449, 35.912322092417504]}";White;Carrboro;Travel Lane;2;22;Urban (>70% Developed);Male;Passenger Car;0;#NULL!;0;0;Asian;No;0;30-39;Motorist Left Turn - Opposite Direction;None;Yes;Yes;Dry;0;Urban;No;01FEB2008;0;22:47;Male;No;Residential;B: Evident Injury;Yes;O: No Injury;5531;February;0;Straight - Level;Piedmont;With Traffic;Stop Sign;Friday;Intersection;30;0;Two-Way, Not Divided;3 lanes;0;#NULL!;#NULL!;Coarse Asphalt;#NULL!;T-Intersection;Motorist Left Turn / Merge;Local Street;B: Evident Injury;Orange;43;Clear;#NULL!;16-20 mph;20 - 25  MPH;2008;Dark - Lighted Roadway;40-49
34.2100937654, -77.7943522749;"{""type"": ""Point"", ""coordinates"": [-77.7943522749064, 34.21009376537919]}";White;Wrightsville Beach;Travel Lane;2;10;Urban (>70% Developed);Male;Passenger Car;0;#NULL!;0;0;White;No;0;40-49;Sign-Controlled Intersection - Other / Unknown;None;No;No;Dry;0;Rural;No;02FEB2008;0;10:29;Male;No;Residential;C: Possible Injury;Yes;O: No Injury;5532;February;0;Straight - Level;Coastal;With Traffic;No Control Present;Saturday;Intersection;41;0;Two-Way, Not Divided;2 lanes;0;#NULL!;#NULL!;Coarse Asphalt;#NULL!;Four-Way Intersection;Crossing Paths - Other Circumstances;Local Street;C: Possible Injury;New Hanover;18;Clear;#NULL!;0-5 mph;20 - 25  MPH;2008;Daylight;0-19
35.8915970884, -79.0644427439;"{""type"": ""Point"", ""coordinates"": [-79.06444274385065, 35.891597088447774]}";White;Chapel Hill;Travel Lane;2;13;Urban (>70% Developed);Male;Passenger Car;0;#NULL!;0;0;White;No;0;40-49;Motorist Right Turn - Same Direction;None;No;No;Dry;0;Urban;No;04FEB2008;0;13:27;Male;No;Residential;B: Evident Injury;No;O: No Injury;5536;February;0;Curve - Grade;Piedmont;With Traffic;Stop Sign;Monday;Intersection;43;0;Two-Way, Not Divided;2 lanes;0;#NULL!;#NULL!;Smooth Asphalt;#NULL!;T-Intersection;Motorist Right Turn / Merge;Local Street;B: Evident Injury;Orange;19;Clear;#NULL!;26-30 mph;30 - 35  MPH;2008;Daylight;0-19
34.9078518521, -79.7646729024;"{""type"": ""Point"", ""coordinates"": [-79.76467290244057, 34.907851852138386]}";White;None - Rural Crash;Travel Lane;2;14;Urban (>70% Developed);Male;Unknown;0;#NULL!;0;0;Unknown/Missing;No;0;16-19;Motorist Overtaking - Other / Unknown;None;No;No;Wet;0;Rural;Yes;04FEB2008;0;14:00;Unknown;Missing;Commercial;B: Evident Injury;Yes;Unknown Injury;5537;February;0;Straight - Grade;Piedmont;With Traffic;Double Yellow Line, No Passing Zone;Monday;Non-Intersection;17;0;Two-Way, Not Divided;2 lanes;0;#NULL!;#NULL!;Smooth Asphalt;#NULL!;No Special Feature;Motorist Overtaking Bicyclist;State Secondary Route;B: Evident Injury;Richmond;Unknown;Cloudy;#NULL!;41-45 mph;40 - 45  MPH;2008;Daylight;Unknown
35.1439620044, -76.7864920128;"{""type"": ""Point"", ""coordinates"": [-76.78649201277172, 35.143962004447594]}";White;Bayboro;Travel Lane;2;20;Mixed (30% To 70% Developed);Male;Van;0;#NULL!;0;0;White;No;0;30-39;Bicyclist Left Turn - Opposite Direction;None;Yes;Yes;Dry;0;Rural;No;09APR2008;0;20:18;Male;No;Farms, Woods, Pastures;C: Possible Injury;No;O: No Injury;5540;April;0;Straight - Level;Coastal;With Traffic;No Control Present;Wednesday;Non-Intersection;38;0;Two-Way, Divided, Unprotected Median;3 lanes;0;#NULL!;#NULL!;Smooth Asphalt;#NULL!;No Special Feature;Bicyclist Left Turn / Merge;NC Route;C: Possible Injury;Pamlico;64;Clear;#NULL!;21-25 mph;30 - 35  MPH;2008;Dark - Roadway Not Lighted;60-69
36.0700830999, -79.7870729722;"{""type"": ""Point"", ""coordinates"": [-79.78707297215341, 36.07008309991672]}";Black;Greensboro;Unknown;2;17;Urban (>70% Developed);Male;Passenger Car;0;#NULL!;0;0;Black;No;0;30-39;Unknown Approach Paths;None;No;No;Dry;0;Urban;No;07FEB2008;0;17:15;Female;No;Commercial;C: Possible Injury;No;O: No Injury;5542;February;0;Straight - Level;Piedmont;Unknown;Stop Sign;Thursday;Intersection;33;0;Two-Way, Divided, Unprotected Median;3 lanes;0;#NULL!;#NULL!;Smooth Asphalt;#NULL!;T-Intersection;Other / Unknown - Insufficient Details;Local Street;C: Possible Injury;Guilford;22;Clear;#NULL!;11-15 mph;20 - 25  MPH;2008;Dusk;20-24
35.6778290817, -77.953612395;"{""type"": ""Point"", ""coordinates"": [-77.9536123949933, 35.67782908171735]}";Black;None - Rural Crash;Travel Lane;2;6;Rural (<30% Developed);Male;Pickup;0;#NULL!;0;0;White;No;0;50-59;Motorist Overtaking - Undetected Bicyclist;None;No;No;Dry;0;Rural;No;15FEB2008;0;6:03;Male;No;Farms, Woods, Pastures;B: Evident Injury;Yes;O: No Injury;5559;February;0;Straight - Level;Coastal;With Traffic;No Control Present;Friday;Non-Intersection;52;0;Two-Way, Divided, Unprotected Median;8 lanes;0;#NULL!;#NULL!;Smooth Asphalt;#NULL!;No Special Feature;Motorist Overtaking Bicyclist;US Route;B: Evident Injury;Wilson;41;Clear;#NULL!;36-40 mph;40 - 45  MPH;2008;Dark - Roadway Not Lighted;40-49
34.238396768, -77.9151723126;"{""type"": ""Point"", ""coordinates"": [-77.91517231259063, 34.23839676798578]}";White;Wilmington;Sidewalk / Crosswalk / Driveway Crossing;2;8;Urban (>70% Developed);Male;Passenger Car;0;#NULL!;0;0;White;No;0;30-39;Bicyclist Ride Through - Signalized Intersection;None;No;No;Dry;0;Urban;No;16FEB2008;0;8:37;Female;No;Residential;B: Evident Injury;No;O: No Injury;5562;February;0;Straight - Level;Coastal;Facing Traffic;Stop And Go Signal;Saturday;Intersection;32;0;Two-Way, Not Divided;2 lanes;0;#NULL!;#NULL!;Smooth Asphalt;#NULL!;Related To Intersection;Bicyclist Failed to Yield - Signalized Intersection;Local Street;B: Evident Injury;New Hanover;46;Clear;#NULL!;0-5 mph;30 - 35  MPH;2008;Daylight;40-49
35.7690420753, -78.6912226246;"{""type"": ""Point"", ""coordinates"": [-78.69122262455522, 35.76904207532047]}";Other;Raleigh;Sidewalk / Crosswalk / Driveway Crossing;2;21;Urban (>70% Developed);Male;Sport Utility;0;#NULL!;0;0;White;No;0;25-29;Bicyclist Ride Through - Signalized Intersection;None;No;No;Wet;0;Urban;No;13FEB2008;0;21:14;Female;No;Residential;C: Possible Injury;No;O: No Injury;5563;February;0;Straight - Level;Piedmont;Facing Traffic;Stop And Go Signal;Wednesday;Intersection;29;0;Two-Way, Divided, Unprotected Median;5 lanes;0;#NULL!;#NULL!;Smooth Asphalt;#NULL!;Four-Way Intersection;Bicyclist Failed to Yield - Signalized Intersection;Local Street;C: Possible Injury;Wake;19;Rain;#NULL!;6-10 mph;30 - 35  MPH;2008;Dark - Lighted Roadway;0-19
35.535774083, -77.0117921007;"{""type"": ""Point"", ""coordinates"": [-77.01179210071219, 35.535774082976076]}";Black;None - Rural Crash;Travel Lane;2;18;Rural (<30% Developed);Male;Passenger Car;0;#NULL!;0;0;White;No;0;50-59;Motorist Overtaking - Misjudged Space;None;Yes;Yes;Dry;0;Rural;No;18FEB2008;0;18:41;Male;No;Farms, Woods, Pastures;C: Possible Injury;Yes;O: No Injury;5565;February;0;Straight - Level;Coastal;Facing Traffic;No Control Present;Monday;Non-Intersection;57;0;Two-Way, Not Divided;2 lanes;0;#NULL!;#NULL!;Smooth Asphalt;#NULL!;No Special Feature;Motorist Overtaking Bicyclist;State Secondary Route;C: Possible Injury;Beaufort;70+;Clear;#NULL!;51-55 mph;50 - 55  MPH;2008;Dark - Roadway Not Lighted;70+
35.9889631116, -78.9887827261;"{""type"": ""Point"", ""coordinates"": [-78.98878272606501, 35.98896311163845]}";Black;Durham;Travel Lane;2;19;Mixed (30% To 70% Developed);Male;Unknown;0;#NULL!;0;0;Unknown/Missing;No;0;25-29;Motorist Overtaking - Other / Unknown;None;No;No;Dry;0;Urban;Yes;19FEB2008;0;19:15;Unknown;Missing;Residential;B: Evident Injury;Yes;Unknown Injury;5567;February;0;Straight - Level;Piedmont;With Traffic;Double Yellow Line, No Passing Zone;Tuesday;Non-Intersection;26;0;Two-Way, Not Divided;2 lanes;0;#NULL!;#NULL!;Smooth Asphalt;#NULL!;No Special Feature;Motorist Overtaking Bicyclist;State Secondary Route;B: Evident Injury;Durham;Unknown;Clear;#NULL!;41-45 mph;40 - 45  MPH;2008;Dark - Roadway Not Lighted;Unknown
35.2709340061, -77.5757222596;"{""type"": ""Point"", ""coordinates"": [-77.57572225959636, 35.27093400614362]}";Black;Kinston;Travel Lane;2;23;Urban (>70% Developed);Female;Van;0;#NULL!;0;0;Black;No;0;20-24;Bicyclist Ride Through - Sign-Controlled Intersection;None;Yes;Yes;Dry;0;Urban;No;29APR2008;0;23:28;Female;No;Residential;B: Evident Injury;Yes;O: No Injury;5574;April;0;Straight - Grade;Coastal;With Traffic;Stop Sign;Tuesday;Intersection;22;0;Two-Way, Not Divided;2 lanes;0;#NULL!;#NULL!;Smooth Asphalt;#NULL!;Four-Way Intersection;Bicyclist Failed to Yield - Sign-Controlled Intersection;Local Street;B: Evident Injury;Lenoir;57;Clear;#NULL!;11-15 mph;30 - 35  MPH;2008;Dark - Lighted Roadway;50-59
35.4998470354, -78.1662224507;"{""type"": ""Point"", ""coordinates"": [-78.16622245070103, 35.49984703541739]}";White;None - Rural Crash;Travel Lane;2;17;Rural (<30% Developed);Male;Passenger Car;0;#NULL!;0;0;White;No;0;11-15;Bicyclist Left Turn - Same Direction;None;No;No;Dry;0;Rural;No;27FEB2008;0;17:21;Male;No;Residential;B: Evident Injury;No;O: No Injury;5582;February;0;Straight - Level;Coastal;With Traffic;Double Yellow Line, No Passing Zone;Wednesday;Intersection;13;0;Two-Way, Not Divided;2 lanes;0;#NULL!;#NULL!;Coarse Asphalt;#NULL!;T-Intersection;Bicyclist Left Turn / Merge;State Secondary Route;B: Evident Injury;Johnston;62;Clear;#NULL!;51-55 mph;50 - 55  MPH;2008;Daylight;60-69
36.1235541068, -79.9108130116;"{""type"": ""Point"", ""coordinates"": [-79.91081301162208, 36.12355410682928]}";White;None - Rural Crash;Travel Lane;2;13;Rural (<30% Developed);Male;Sport Utility;0;#NULL!;0;0;White;No;0;70+;Motorist Overtaking - Misjudged Space;None;No;No;Dry;0;Rural;No;06MAR2008;0;13:30;Male;No;Farms, Woods, Pastures;C: Possible Injury;No;O: No Injury;5598;March;0;Straight - Grade;Piedmont;With Traffic;Double Yellow Line, No Passing Zone;Thursday;Non-Intersection;70+;0;Two-Way, Not Divided;2 lanes;0;#NULL!;#NULL!;Coarse Asphalt;#NULL!;No Special Feature;Motorist Overtaking Bicyclist;State Secondary Route;C: Possible Injury;Guilford;55;Clear;#NULL!;36-40 mph;40 - 45  MPH;2008;Daylight;50-59
35.2726068221, -82.7004137949;"{""type"": ""Point"", ""coordinates"": [-82.70041379492133, 35.27260682213688]}";White;None - Rural Crash;Travel Lane;2;17;Rural (<30% Developed);Male;Sport Utility;0;#NULL!;0;0;White;No;0;11-15;Bicyclist Left Turn - Opposite Direction;None;No;No;Dry;0;Rural;No;11MAR2008;0;17:56;Female;No;Farms, Woods, Pastures;C: Possible Injury;No;O: No Injury;5609;March;0;Straight - Level;Mountains;With Traffic;Double Yellow Line, No Passing Zone;Tuesday;Non-Intersection;15;0;Two-Way, Not Divided;3 lanes;0;#NULL!;#NULL!;Smooth Asphalt;#NULL!;No Special Feature;Bicyclist Left Turn / Merge;US Route;C: Possible Injury;Transylvania;52;Clear;#NULL!;41-45 mph;40 - 45  MPH;2008;Daylight;50-59
35.1172438546, -80.9573732701;"{""type"": ""Point"", ""coordinates"": [-80.95737327007903, 35.11724385455603]}";White;Charlotte;Sidewalk / Crosswalk / Driveway Crossing;2;15;Urban (>70% Developed);Female;Passenger Car;0;#NULL!;0;0;White;No;0;6-10;Motorist Drive Out - Right Turn on Red;Other;No;No;Dry;0;Urban;No;09MAY2008;0;15:55;Male;No;Commercial;B: Evident Injury;No;O: No Injury;5615;May;0;Straight - Grade;Piedmont;Facing Traffic;Stop And Go Signal;Friday;Intersection;10;0;Two-Way, Divided, Positive Median Barrier;2 lanes;0;#NULL!;#NULL!;Coarse Asphalt;#NULL!;Four-Way Intersection;Motorist Failed to Yield - Signalized Intersection;Local Street;B: Evident Injury;Mecklenburg;28;Clear;#NULL!;0-5 mph;30 - 35  MPH;2008;Daylight;25-29
35.7793770787, -78.6664376173;"{""type"": ""Point"", ""coordinates"": [-78.66643761731021, 35.77937707868639]}";Hispanic;Raleigh;Bike Lane / Paved Shoulder;2;7;Urban (>70% Developed);Male;Passenger Car;0;#NULL!;0;0;White;No;0;40-49;Bicyclist Ride Out - Parallel Path;None;No;No;Dry;0;Urban;No;11MAR2008;0;7:29;Female;No;Commercial;A: Disabling Injury;Yes;C: Possible Injury;5617;March;0;Curve - Level;Piedmont;Facing Traffic;No Control Present;Tuesday;Intersection;42;0;One-Way, Not Divided;1 lane;0;#NULL!;#NULL!;Smooth Asphalt;#NULL!;On or Off Ramp;Parallel Paths - Other Circumstances;Local Street;A: Disabling Injury;Wake;41;Clear;#NULL!;31-35 mph;30 - 35  MPH;2008;Daylight;40-49
35.9326740986, -79.0112527299;"{""type"": ""Point"", ""coordinates"": [-79.0112527298633, 35.93267409858913]}";White;Chapel Hill;Travel Lane;2;18;Urban (>70% Developed);Female;Passenger Car;0;#NULL!;0;0;White;No;0;40-49;Motorist Left Turn - Opposite Direction;None;No;No;Dry;0;Urban;No;16MAR2008;0;18:01;Female;No;Residential;C: Possible Injury;Yes;O: No Injury;5621;March;0;Straight - Level;Piedmont;With Traffic;No Control Present;Sunday;Intersection;48;0;Two-Way, Not Divided;2 lanes;0;#NULL!;#NULL!;Smooth Asphalt;#NULL!;Four-Way Intersection;Motorist Left Turn / Merge;Local Street;C: Possible Injury;Orange;70+;Clear;#NULL!;16-20 mph;30 - 35  MPH;2008;Daylight;70+
35.3235468408, -82.5013387392;"{""type"": ""Point"", ""coordinates"": [-82.50133873921847, 35.323546840808]}";White;None - Rural Crash;Travel Lane;2;7;Urban (>70% Developed);Male;Unknown;0;#NULL!;0;0;Unknown/Missing;No;0;40-49;Motorist Overtaking - Misjudged Space;None;No;No;Dry;0;Rural;Yes;18MAR2008;0;7:32;Unknown;No;Residential;C: Possible Injury;Yes;Unknown Injury;5625;March;0;Straight - Level;Mountains;With Traffic;Double Yellow Line, No Passing Zone;Tuesday;Non-Intersection;43;0;Two-Way, Not Divided;2 lanes;0;#NULL!;#NULL!;Smooth Asphalt;#NULL!;No Special Feature;Motorist Overtaking Bicyclist;US Route;C: Possible Injury;Henderson;Unknown;Clear;#NULL!;36-40 mph;40 - 45  MPH;2008;Daylight;Unknown
35.8419071939, -75.6509876989;"{""type"": ""Point"", ""coordinates"": [-75.65098769892782, 35.841907193913606]}";Hispanic;None - Rural Crash;Non-Roadway;2;18;Urban (>70% Developed);Male;Passenger Car;0;#NULL!;0;0;White;No;0;0-5;Bicyclist Ride Out - Commercial Driveway / Alley;None;No;No;Dry;0;Rural;No;20MAR2008;0;18:49;Female;No;Residential;B: Evident Injury;Yes;O: No Injury;5629;March;0;Straight - Level;Coastal;Not Applicable;Double Yellow Line, No Passing Zone;Thursday;Non-Intersection;5;0;Two-Way, Not Divided;2 lanes;0;#NULL!;#NULL!;Coarse Asphalt;#NULL!;Driveway, Public;Bicyclist Failed to Yield - Midblock;State Secondary Route;B: Evident Injury;Dare;22;Cloudy;#NULL!;31-35 mph;30 - 35  MPH;2008;Dusk;20-24
35.2021268815, -80.7235232054;"{""type"": ""Point"", ""coordinates"": [-80.72352320536697, 35.20212688145849]}";Black;Charlotte;Unknown;2;18;Urban (>70% Developed);Male;Passenger Car;0;#NULL!;0;0;Black;No;0;11-15;Unknown Approach Paths;None;No;No;Dry;0;Urban;No;09MAY2008;0;18:47;Female;No;Commercial;B: Evident Injury;Yes;O: No Injury;5630;May;0;Straight - Level;Piedmont;Unknown;No Control Present;Friday;Non-Intersection;13;0;Two-Way, Not Divided;1 lane;0;#NULL!;#NULL!;Coarse Asphalt;#NULL!;No Special Feature;Other / Unknown - Insufficient Details;Local Street;B: Evident Injury;Mecklenburg;36;Clear;#NULL!;26-30 mph;30 - 35  MPH;2008;Daylight;30-39
35.0442769092, -78.9766526726;"{""type"": ""Point"", ""coordinates"": [-78.9766526726343, 35.044276909208456]}";Black;Fayetteville;Unknown;2;7;Urban (>70% Developed);Male;Sport Utility;0;#NULL!;0;0;Black;No;0;40-49;Unknown Approach Paths;None;No;No;Dry;0;Urban;No;25MAR2008;0;7:00;Female;No;Commercial;B: Evident Injury;Yes;C: Possible Injury;5637;March;0;Straight - Level;Coastal;Unknown;Stop And Go Signal;Tuesday;Non-Intersection;47;0;Two-Way, Divided, Unprotected Median;7 lanes;0;#NULL!;#NULL!;Coarse Asphalt;#NULL!;No Special Feature;Other / Unknown - Insufficient Details;Local Street;B: Evident Injury;Cumberland;58;Clear;#NULL!;41-45 mph;40 - 45  MPH;2008;Dawn;50-59
36.303642193, -78.5973626244;"{""type"": ""Point"", ""coordinates"": [-78.59736262442149, 36.30364219303889]}";Hispanic;Oxford;Bike Lane / Paved Shoulder;2;16;Urban (>70% Developed);Male;Unknown;0;#NULL!;0;0;Unknown/Missing;No;0;25-29;Motorist Overtaking - Misjudged Space;None;Yes;Yes;Dry;0;Urban;Yes;04FEB2008;0;16:53;Unknown;Missing;Commercial;B: Evident Injury;Yes;Unknown Injury;5639;February;0;Straight - Grade;Piedmont;With Traffic;Missing;Monday;Non-Intersection;29;0;Two-Way, Not Divided;2 lanes;0;#NULL!;#NULL!;Smooth Asphalt;#NULL!;No Special Feature;Motorist Overtaking Bicyclist;Local Street;B: Evident Injury;Granville;Unknown;Clear;#NULL!;Unknown;Unknown;2008;Daylight;Unknown