Geo Point;Geo Shape;BikeRace;City;BikePos;NumUnits;CrashHour;Locality;BikeSex;DrvrVehTyp;NumBikesNo;BikeAlcDrg;NumBikesBI;RteInvdCd;DrvrRace;Workzone;NumBikesCi;BikeAgeGrp;CrashType;RdDefects;CrashAlcoh;BikeAlcoho;RdConditio;DstncMiFrm;RuralUrban;HitRun;CrashDate;NumBikesUI;CrashTime;DrvrSex;DrvrAlcoho;Developmen;CrashSevr;AmbulanceR;DrvrInjury;OBJECTID;CrashMonth;NumBikesKi;RdCharacte;Region;BikeDir;TraffCntrl;CrashDay;CrashLoc;BikeAge;NumBikesTo;RdConfig;NumLanes;NumBikesAI;DrvrAlcDrg;OnRoad;RdSurface;Towrd_Rd;RdFeature;CrashGrp;RdClass;BikeInjury;County;DrvrAge;Weather;FrmRd;DrvrEstSpd;SpeedLimit;CrashYear;LightCond;DrvrAgeGrp
35.9863571218, -78.6976266377;"{""type"": ""Point"", ""coordinates"": [-78.697626637737, 35.98635712177055]}";Black;None - Rural Crash;Travel Lane;2;23;Rural (<30% Developed);Male;Unknown;0;#NULL!;0;0;Unknown/Missing;No;0;40-49;Motorist Overtaking - Other / Unknown;None;Yes;Yes;Wet;0;Rural;Yes;18MAY2008;0;23:28;Unknown;Missing;Farms, Woods, Pastures;C: Possible Injury;Yes;Unknown Injury;5642;May;0;Straight - Level;Piedmont;With Traffic;No Control Present;Sunday;Non-Intersection;44;0;Two-Way, Not Divided;2 lanes;0;#NULL!;#NULL!;Smooth Asphalt;#NULL!;No Special Feature;Motorist Overtaking Bicyclist;State Secondary Route;C: Possible Injury;Wake;Unknown;Cloudy;#NULL!;41-45 mph;40 - 45  MPH;2008;Dark - Roadway Not Lighted;Unknown
35.8559830985, -78.573557593;"{""type"": ""Point"", ""coordinates"": [-78.5735575930378, 35.85598309849702]}";Black;Raleigh;Sidewalk / Crosswalk / Driveway Crossing;2;18;Urban (>70% Developed);Male;Unknown;0;#NULL!;0;0;Unknown/Missing;No;0;11-15;Motorist Drive Out - Commercial Driveway / Alley;None;No;No;Dry;0;Urban;Yes;27MAR2008;0;18:45;Unknown;Missing;Residential;C: Possible Injury;No;Unknown Injury;5647;March;0;Straight - Level;Piedmont;Facing Traffic;Missing;Thursday;Non-Intersection;14;0;Two-Way, Not Divided;Unknown;0;#NULL!;#NULL!;Smooth Asphalt;#NULL!;Driveway, Public;Motorist Failed to Yield - Midblock;Public Vehicular Area;C: Possible Injury;Wake;Unknown;Clear;#NULL!;Unknown;30 - 35  MPH;2008;Daylight;Unknown
34.2440637712, -77.8376922897;"{""type"": ""Point"", ""coordinates"": [-77.8376922897203, 34.24406377119495]}";White;Wilmington;Travel Lane;2;16;Urban (>70% Developed);Male;Passenger Car;0;#NULL!;0;0;White;No;0;60-69;Motorist Drive Out - Sign-Controlled Intersection;None;No;No;Dry;0;Urban;No;28MAR2008;0;16:32;Male;No;Residential;B: Evident Injury;Yes;O: No Injury;5651;March;0;Straight - Level;Coastal;With Traffic;Stop Sign;Friday;Intersection;69;0;Two-Way, Not Divided;2 lanes;0;#NULL!;#NULL!;Smooth Asphalt;#NULL!;Four-Way Intersection;Motorist Failed to Yield - Sign-Controlled Intersection;Local Street;B: Evident Injury;New Hanover;18;Clear;#NULL!;0-5 mph;20 - 25  MPH;2008;Daylight;0-19
35.7857700791, -78.6897326248;"{""type"": ""Point"", ""coordinates"": [-78.68973262476302, 35.785770079138466]}";White;Raleigh;Travel Lane;2;19;Urban (>70% Developed);Male;Passenger Car;0;#NULL!;0;0;White;No;0;25-29;Bicyclist Ride Through - Sign-Controlled Intersection;None;No;No;Dry;0;Urban;No;02APR2008;0;19:10;Female;No;Residential;B: Evident Injury;Yes;O: No Injury;5657;April;0;Straight - Bottom;Piedmont;With Traffic;Stop Sign;Wednesday;Intersection;27;0;Two-Way, Not Divided;2 lanes;0;#NULL!;#NULL!;Smooth Asphalt;#NULL!;Four-Way Intersection;Bicyclist Failed to Yield - Sign-Controlled Intersection;Local Street;B: Evident Injury;Wake;28;Clear;#NULL!;21-25 mph;20 - 25  MPH;2008;Daylight;25-29
35.9565730684, -79.997253029;"{""type"": ""Point"", ""coordinates"": [-79.99725302901845, 35.95657306836135]}";Black;High Point;Travel Lane;2;9;Urban (>70% Developed);Male;Passenger Car;0;#NULL!;0;0;Black;No;0;25-29;Bicyclist Ride Through - Sign-Controlled Intersection;None;No;No;Dry;0;Urban;No;03APR2008;0;9:32;Female;No;Residential;B: Evident Injury;Yes;O: No Injury;5659;April;0;Straight - Level;Piedmont;With Traffic;Stop Sign;Thursday;Intersection;26;0;Two-Way, Not Divided;2 lanes;0;#NULL!;#NULL!;Smooth Asphalt;#NULL!;Four-Way Intersection;Bicyclist Failed to Yield - Sign-Controlled Intersection;Public Vehicular Area;B: Evident Injury;Guilford;57;Clear;#NULL!;26-30 mph;30 - 35  MPH;2008;Daylight;50-59
35.2563548874, -80.8613932486;"{""type"": ""Point"", ""coordinates"": [-80.86139324862036, 35.25635488743813]}";Black;Charlotte;Travel Lane;2;19;Mixed (30% To 70% Developed);Male;Van;0;#NULL!;0;0;Black;No;0;6-10;Bicyclist Ride Out - Sign-Controlled Intersection;None;No;No;Dry;0;Urban;No;22MAY2008;0;19:42;Male;No;Residential;C: Possible Injury;Yes;O: No Injury;5663;May;0;Straight - Grade;Piedmont;With Traffic;No Control Present;Thursday;Intersection;7;0;Two-Way, Not Divided;2 lanes;0;#NULL!;#NULL!;Smooth Asphalt;#NULL!;No Special Feature;Bicyclist Failed to Yield - Sign-Controlled Intersection;Local Street;C: Possible Injury;Mecklenburg;59;Clear;#NULL!;21-25 mph;30 - 35  MPH;2008;Daylight;50-59
35.2557748779, -81.1297433293;"{""type"": ""Point"", ""coordinates"": [-81.12974332929869, 35.25577487791133]}";Asian;Gastonia;Driveway / Alley;2;13;Urban (>70% Developed);Female;Passenger Car;0;#NULL!;0;0;White;No;0;6-10;Bicyclist Ride Out - Residential Driveway;None;No;No;Dry;0;Urban;No;07APR2008;0;13:49;Female;No;Residential;C: Possible Injury;No;O: No Injury;5673;April;0;Straight - Level;Piedmont;Not Applicable;Missing;Monday;Non-Intersection;7;0;Two-Way, Not Divided;2 lanes;0;#NULL!;#NULL!;Smooth Asphalt;#NULL!;Driveway, Public;Bicyclist Failed to Yield - Midblock;Local Street;C: Possible Injury;Gaston;23;Clear;#NULL!;21-25 mph;30 - 35  MPH;2008;Daylight;20-24
36.0657230986, -79.811112979;"{""type"": ""Point"", ""coordinates"": [-79.81111297902649, 36.06572309861857]}";White;Greensboro;Bike Lane / Paved Shoulder;3;19;Urban (>70% Developed);Male;Passenger Car;0;#NULL!;0;0;White;No;0;20-24;Motorist Right Turn - Same Direction;None;No;No;Dry;0;Urban;No;17APR2008;0;19:16;Male;No;Institutional;O: No Injury;No;O: No Injury;5696;April;0;Straight - Level;Piedmont;With Traffic;No Control Present;Thursday;Non-Intersection;20;0;Two-Way, Not Divided;3 lanes;0;#NULL!;#NULL!;Smooth Asphalt;#NULL!;Shared-Use Paths Or Trails;Motorist Right Turn / Merge;Local Street;Unknown Injury;Guilford;70+;Clear;#NULL!;Unknown;20 - 25  MPH;2008;Daylight;70+
34.8100048506, -79.2055627294;"{""type"": ""Point"", ""coordinates"": [-79.20556272941356, 34.81000485062278]}";Native American;None - Rural Crash;Travel Lane;2;4;Rural (<30% Developed);Female;Tractor/Semi-Trailer;0;#NULL!;0;0;White;No;0;20-24;Motorist Overtaking - Undetected Bicyclist;None;No;No;Dry;0;Rural;No;23MAY2008;0;4:24;Male;No;Farms, Woods, Pastures;B: Evident Injury;No;O: No Injury;5697;May;0;Straight - Level;Coastal;With Traffic;No Control Present;Friday;Non-Intersection;20;0;Two-Way, Not Divided;2 lanes;0;#NULL!;#NULL!;Coarse Asphalt;#NULL!;No Special Feature;Motorist Overtaking Bicyclist;NC Route;B: Evident Injury;Robeson;63;Clear;#NULL!;51-55 mph;50 - 55  MPH;2008;Dark - Roadway Not Lighted;60-69
35.7857810801, -78.6614126155;"{""type"": ""Point"", ""coordinates"": [-78.66141261546495, 35.78578108007752]}";White;Raleigh;Travel Lane;2;20;Urban (>70% Developed);Female;Passenger Car;0;#NULL!;0;0;White;No;0;20-24;Motorist Drive Out - Right Turn on Red;None;No;No;Wet;0;Urban;No;27APR2008;0;20:10;Female;No;Commercial;C: Possible Injury;No;O: No Injury;5701;April;0;Straight - Level;Piedmont;With Traffic;Stop And Go Signal;Sunday;Intersection;22;0;Two-Way, Not Divided;4 lanes;0;#NULL!;#NULL!;Concrete;#NULL!;No Special Feature;Motorist Failed to Yield - Signalized Intersection;Local Street;C: Possible Injury;Wake;36;Cloudy;#NULL!;6-10 mph;20 - 25  MPH;2008;Dusk;30-39
35.9278670923, -79.1747427788;"{""type"": ""Point"", ""coordinates"": [-79.1747427788063, 35.92786709233098]}";White;None - Rural Crash;Travel Lane;2;20;Mixed (30% To 70% Developed);Male;Sport Utility;0;#NULL!;0;0;Black;No;0;50-59;Motorist Overtaking - Undetected Bicyclist;None;No;No;Dry;0;Rural;No;17APR2008;0;20:38;Male;No;Farms, Woods, Pastures;B: Evident Injury;No;O: No Injury;5703;April;0;Straight - Level;Piedmont;With Traffic;Double Yellow Line, No Passing Zone;Thursday;Non-Intersection;51;0;Two-Way, Not Divided;2 lanes;0;#NULL!;#NULL!;Smooth Asphalt;#NULL!;No Special Feature;Motorist Overtaking Bicyclist;State Secondary Route;B: Evident Injury;Orange;49;Clear;#NULL!;41-45 mph;40 - 45  MPH;2008;Dark - Roadway Not Lighted;40-49
35.7780570781, -78.6632626159;"{""type"": ""Point"", ""coordinates"": [-78.66326261592434, 35.7780570781109]}";White;Raleigh;Unknown;2;16;Urban (>70% Developed);Female;Passenger Car;0;#NULL!;0;0;Black;No;0;16-19;Crossing Paths - Midblock - Other / Unknown;None;No;No;Wet;0;Urban;No;22APR2008;0;16:05;Female;No;Commercial;C: Possible Injury;No;O: No Injury;5712;April;0;Straight - Grade;Piedmont;Unknown;Missing;Tuesday;Non-Intersection;18;0;Two-Way, Divided, Positive Median Barrier;4 lanes;0;#NULL!;#NULL!;Smooth Asphalt;#NULL!;No Special Feature;Crossing Paths - Other Circumstances;Local Street;C: Possible Injury;Wake;34;Cloudy;#NULL!;31-35 mph;40 - 45  MPH;2008;Daylight;30-39
35.7785870783, -78.6729726187;"{""type"": ""Point"", ""coordinates"": [-78.67297261872342, 35.77858707826973]}";White;Raleigh;Travel Lane;2;10;Urban (>70% Developed);Female;Pickup;0;#NULL!;0;0;White;No;0;60-69;Motorist Overtaking - Other / Unknown;None;Yes;No;Dry;0;Urban;No;23APR2008;0;10:57;Male;Yes;Residential;K: Killed;Yes;O: No Injury;5713;April;0;Straight - Grade;Piedmont;With Traffic;No Control Present;Wednesday;Non-Intersection;60;0;Two-Way, Not Divided;2 lanes;0;#NULL!;#NULL!;Smooth Asphalt;#NULL!;No Special Feature;Motorist Overtaking Bicyclist;Local Street;K: Killed;Wake;21;Cloudy;#NULL!;31-35 mph;20 - 25  MPH;2008;Daylight;20-24
35.6203339013, -82.554433772;"{""type"": ""Point"", ""coordinates"": [-82.55443377201014, 35.62033390125015]}";White;Asheville;Travel Lane;2;13;Urban (>70% Developed);Male;Pickup;0;#NULL!;0;0;White;No;0;20-24;Bicyclist Left Turn - Opposite Direction;None;No;No;Dry;0;Urban;No;24APR2008;0;13:33;Male;No;Commercial;A: Disabling Injury;Yes;O: No Injury;5716;April;0;Straight - Grade;Mountains;With Traffic;Stop And Go Signal;Thursday;Intersection;20;0;Two-Way, Not Divided;4 lanes;0;#NULL!;#NULL!;Coarse Asphalt;#NULL!;Four-Way Intersection;Bicyclist Left Turn / Merge;Local Street;A: Disabling Injury;Buncombe;52;Clear;#NULL!;31-35 mph;30 - 35  MPH;2008;Daylight;50-59
35.0402769107, -78.905582651;"{""type"": ""Point"", ""coordinates"": [-78.90558265100228, 35.040276910663984]}";White;Fayetteville;Sidewalk / Crosswalk / Driveway Crossing;2;13;Urban (>70% Developed);Male;Passenger Car;0;#NULL!;0;0;Black;No;0;16-19;Motorist Drive Out - Commercial Driveway / Alley;None;No;No;Dry;0;Urban;No;02MAY2008;0;13:22;Male;No;Commercial;B: Evident Injury;Yes;O: No Injury;5736;May;0;Straight - Grade;Coastal;With Traffic;No Control Present;Friday;Non-Intersection;18;0;Two-Way, Not Divided;Unknown;0;#NULL!;#NULL!;Concrete;#NULL!;No Special Feature;Motorist Failed to Yield - Midblock;Local Street;B: Evident Injury;Cumberland;20;Cloudy;#NULL!;0-5 mph;Unknown;2008;Daylight;20-24
35.2636140048, -77.5724022585;"{""type"": ""Point"", ""coordinates"": [-77.57240225850887, 35.263614004824916]}";Black;Kinston;Travel Lane;2;19;Urban (>70% Developed);Male;Pickup;0;#NULL!;0;0;Black;No;0;6-10;Bicyclist Ride Through - Sign-Controlled Intersection;None;No;No;Dry;0;Urban;No;14JUN2008;0;19:36;Male;No;Residential;C: Possible Injury;Yes;O: No Injury;5750;June;0;Straight - Level;Coastal;With Traffic;Stop Sign;Saturday;Intersection;7;0;Two-Way, Divided, Unprotected Median;4 lanes;0;#NULL!;#NULL!;Coarse Asphalt;#NULL!;Four-Way Intersection;Bicyclist Failed to Yield - Sign-Controlled Intersection;NC Route;C: Possible Injury;Lenoir;48;Clear;#NULL!;31-35 mph;30 - 35  MPH;2008;Daylight;40-49
36.0768121347, -78.8602226915;"{""type"": ""Point"", ""coordinates"": [-78.86022269146326, 36.07681213466907]}";Hispanic;None - Rural Crash;Travel Lane;2;15;Rural (<30% Developed);Male;Passenger Car;0;#NULL!;0;0;Black;No;0;11-15;Motorist Overtaking - Bicyclist Swerved;None;No;No;Dry;0;Rural;No;07MAY2008;0;15:17;Female;No;Farms, Woods, Pastures;B: Evident Injury;No;O: No Injury;5752;May;0;Straight - Level;Piedmont;With Traffic;Double Yellow Line, No Passing Zone;Wednesday;Non-Intersection;14;0;Two-Way, Not Divided;2 lanes;0;#NULL!;#NULL!;Coarse Asphalt;#NULL!;No Special Feature;Motorist Overtaking Bicyclist;State Secondary Route;B: Evident Injury;Durham;50;Clear;#NULL!;41-45 mph;40 - 45  MPH;2008;Daylight;50-59
35.2853168881, -81.0207332975;"{""type"": ""Point"", ""coordinates"": [-81.0207332974659, 35.28531688809637]}";White;Mount Holly;Non-Roadway;2;21;Urban (>70% Developed);Male;Sport Utility;0;#NULL!;0;0;White;No;0;25-29;Non-Roadway;None;Yes;Yes;Dry;0;Urban;No;07MAY2008;0;21:24;Male;No;Residential;B: Evident Injury;Yes;O: No Injury;5753;May;0;Straight - Level;Piedmont;Not Applicable;No Control Present;Wednesday;Non-Roadway;27;0;Two-Way, Not Divided;Unknown;0;#NULL!;#NULL!;Smooth Asphalt;#NULL!;No Special Feature;Non-Roadway;Local Street;B: Evident Injury;Gaston;21;Clear;#NULL!;0-5 mph;Unknown;2008;Dark - Roadway Not Lighted;20-24
36.0661001123, -79.4205028611;"{""type"": ""Point"", ""coordinates"": [-79.42050286107516, 36.06610011229091]}";Black;Burlington;Non-Roadway;2;15;Urban (>70% Developed);Male;Passenger Car;0;#NULL!;0;0;White;No;0;0-5;Non-Roadway;None;No;No;Dry;0;Urban;No;08MAY2008;0;15:17;Female;No;Residential;C: Possible Injury;Yes;O: No Injury;5758;May;0;Straight - Level;Piedmont;Not Applicable;No Control Present;Thursday;Non-Roadway;4;0;Two-Way, Not Divided;Unknown;0;#NULL!;#NULL!;Smooth Asphalt;#NULL!;No Special Feature;Non-Roadway;Public Vehicular Area;C: Possible Injury;Alamance;27;Clear;#NULL!;0-5 mph;Unknown;2008;Daylight;25-29
35.7822720808, -78.6321926066;"{""type"": ""Point"", ""coordinates"": [-78.63219260662537, 35.78227208078675]}";Black;Raleigh;Travel Lane;2;18;Urban (>70% Developed);Male;Light Truck (Mini-Van, Panel);0;#NULL!;0;0;Black;No;0;30-39;Bicyclist Ride Through - Sign-Controlled Intersection;None;No;No;Dry;0;Urban;No;13MAY2008;0;18:13;Male;No;Residential;O: No Injury;No;O: No Injury;5766;May;0;Straight - Grade;Piedmont;With Traffic;Stop Sign;Tuesday;Intersection;37;0;Two-Way, Not Divided;2 lanes;0;#NULL!;#NULL!;Smooth Asphalt;#NULL!;Four-Way Intersection;Bicyclist Failed to Yield - Sign-Controlled Intersection;Local Street;O: No Injury;Wake;65;Clear;#NULL!;11-15 mph;20 - 25  MPH;2008;Daylight;60-69
35.8155890854, -78.695932628;"{""type"": ""Point"", ""coordinates"": [-78.69593262801513, 35.8155890853997]}";White;Raleigh;Travel Lane;2;7;Urban (>70% Developed);Male;Passenger Car;0;#NULL!;0;0;Other;No;0;40-49;Motorist Drive Out - Sign-Controlled Intersection;None;No;No;Dry;0;Urban;No;01MAY2008;0;7:05;Male;No;Residential;B: Evident Injury;Yes;O: No Injury;5768;May;0;Straight - Grade;Piedmont;With Traffic;Stop Sign;Thursday;Intersection;46;0;Two-Way, Not Divided;5 lanes;0;#NULL!;#NULL!;Smooth Asphalt;#NULL!;Four-Way Intersection;Motorist Failed to Yield - Sign-Controlled Intersection;Local Street;B: Evident Injury;Wake;50;Clear;#NULL!;Unknown;30 - 35  MPH;2008;Daylight;50-59
35.8155570846, -78.7050576308;"{""type"": ""Point"", ""coordinates"": [-78.7050576307537, 35.815557084566166]}";White;Raleigh;Sidewalk / Crosswalk / Driveway Crossing;2;14;Rural (<30% Developed);Female;Passenger Car;0;#NULL!;0;0;White;No;0;25-29;Motorist Drive Out - Right Turn on Red;None;No;No;Dry;0;Urban;No;07MAY2008;0;14:48;Female;No;Commercial;B: Evident Injury;Yes;O: No Injury;5770;May;0;Straight - Level;Piedmont;Facing Traffic;Stop And Go Signal;Wednesday;Intersection;29;0;Two-Way, Not Divided;5 lanes;0;#NULL!;#NULL!;Smooth Asphalt;#NULL!;No Special Feature;Motorist Failed to Yield - Signalized Intersection;Local Street;B: Evident Injury;Wake;18;Clear;#NULL!;0-5 mph;40 - 45  MPH;2008;Daylight;0-19
35.7800170801, -78.6145276017;"{""type"": ""Point"", ""coordinates"": [-78.6145276017203, 35.78001708014054]}";Black;Raleigh;Unknown;2;22;Urban (>70% Developed);Male;Passenger Car;0;#NULL!;0;0;Black;No;0;40-49;Bicyclist Ride Out - Midblock - Unknown;None;Yes;Yes;Dry;0;Urban;No;30APR2008;0;22:00;Female;No;Commercial;C: Possible Injury;No;O: No Injury;5771;April;0;Unknown;Piedmont;Unknown;Missing;Wednesday;Non-Intersection;48;0;Unknown;Unknown;0;#NULL!;#NULL!;Unknown;#NULL!;No Special Feature;Bicyclist Failed to Yield - Midblock;Local Street;C: Possible Injury;Wake;38;Clear;#NULL!;41-45 mph;40 - 45  MPH;2008;Dark - Lighted Roadway;30-39
36.0742301007, -79.8026229765;"{""type"": ""Point"", ""coordinates"": [-79.80262297653418, 36.07423010066239]}";White;Greensboro;Sidewalk / Crosswalk / Driveway Crossing;2;16;Urban (>70% Developed);Female;Passenger Car;0;#NULL!;0;0;White;No;0;0-5;Signalized Intersection - Other / Unknown;None;No;No;Dry;0;Urban;No;12MAY2008;0;16:32;Male;No;Commercial;B: Evident Injury;No;O: No Injury;5774;May;0;Straight - Level;Piedmont;Facing Traffic;Stop And Go Signal;Monday;Intersection;1;0;Two-Way, Not Divided;2 lanes;0;#NULL!;#NULL!;Smooth Asphalt;#NULL!;Four-Way Intersection;Crossing Paths - Other Circumstances;Local Street;B: Evident Injury;Guilford;61;Cloudy;#NULL!;0-5 mph;30 - 35  MPH;2008;Daylight;60-69
35.390266927, -80.5627431668;"{""type"": ""Point"", ""coordinates"": [-80.56274316677808, 35.39026692698471]}";White;Concord;Travel Lane;2;22;Urban (>70% Developed);Male;Pickup;0;#NULL!;0;0;White;No;0;30-39;Motorist Drive Through - Sign-Controlled Intersection;None;No;No;Dry;0;Urban;No;13MAY2008;0;22:41;Male;No;Residential;C: Possible Injury;No;O: No Injury;5776;May;0;Straight - Level;Piedmont;With Traffic;Missing;Tuesday;Intersection;31;0;Two-Way, Not Divided;2 lanes;0;#NULL!;#NULL!;Smooth Asphalt;#NULL!;T-Intersection;Motorist Failed to Yield - Sign-Controlled Intersection;Local Street;C: Possible Injury;Cabarrus;20;Clear;#NULL!;0-5 mph;30 - 35  MPH;2008;Dark - Lighted Roadway;20-24
35.6904170192, -79.7963429539;"{""type"": ""Point"", ""coordinates"": [-79.79634295393764, 35.69041701918777]}";White;Asheboro;Non-Roadway;2;11;Urban (>70% Developed);Male;Sport Utility;0;#NULL!;0;0;Black;No;0;6-10;Bicyclist Ride Out - Other Midblock;None;No;No;Dry;0;Urban;No;17MAY2008;0;11:26;Male;No;Residential;C: Possible Injury;Yes;O: No Injury;5785;May;0;Straight - Level;Piedmont;Not Applicable;Missing;Saturday;Non-Intersection;7;0;Two-Way, Not Divided;2 lanes;0;#NULL!;#NULL!;Smooth Asphalt;#NULL!;Driveway, Public;Bicyclist Failed to Yield - Midblock;Local Street;C: Possible Injury;Randolph;36;Clear;#NULL!;21-25 mph;30 - 35  MPH;2008;Daylight;30-39
35.0417869135, -78.8496426342;"{""type"": ""Point"", ""coordinates"": [-78.84964263423647, 35.041786913470176]}";White;Fayetteville;Unknown;2;19;Urban (>70% Developed);Female;Pickup;0;#NULL!;0;0;Black;No;0;30-39;Motorist Drive Out - Sign-Controlled Intersection;None;No;No;Dry;0;Urban;No;19MAY2008;0;19:07;Male;No;Residential;B: Evident Injury;Yes;O: No Injury;5791;May;0;Straight - Level;Coastal;Unknown;Stop Sign;Monday;Intersection;32;0;Two-Way, Divided, Unprotected Median;6 lanes;0;#NULL!;#NULL!;Smooth Asphalt;#NULL!;Four-Way Intersection;Motorist Failed to Yield - Sign-Controlled Intersection;Local Street;B: Evident Injury;Cumberland;70+;Clear;#NULL!;0-5 mph;40 - 45  MPH;2008;Daylight;70+
35.5556020856, -77.0592981169;"{""type"": ""Point"", ""coordinates"": [-77.05929811694493, 35.55560208560978]}";Other;Washington;Unknown;2;20;Urban (>70% Developed);Male;Pickup;0;#NULL!;0;0;White;No;0;Unknown;Crossing Paths - Midblock - Other / Unknown;None;No;No;Wet;0;Urban;No;18MAY2008;0;20:38;Male;No;Commercial;O: No Injury;No;O: No Injury;5792;May;0;Unknown;Coastal;Not Applicable;Missing;Sunday;Non-Intersection;Unknown;0;Unknown;Unknown;0;#NULL!;#NULL!;Unknown;#NULL!;No Special Feature;Crossing Paths - Other Circumstances;Local Street;O: No Injury;Beaufort;70+;Rain;#NULL!;Unknown;Unknown;2008;Dusk;70+
35.9709541494, -77.8100623667;"{""type"": ""Point"", ""coordinates"": [-77.81006236665813, 35.970954149359954]}";Black;Rocky Mount;Non-Roadway;2;17;Urban (>70% Developed);Male;Sport Utility;0;#NULL!;0;0;White;No;0;40-49;Non-Roadway;None;No;No;Dry;0;Urban;No;21MAY2008;0;17:08;Male;No;Commercial;C: Possible Injury;Yes;O: No Injury;5801;May;0;Curve - Level;Coastal;Not Applicable;No Control Present;Wednesday;Non-Roadway;47;0;Two-Way, Not Divided;2 lanes;0;#NULL!;#NULL!;Smooth Asphalt;#NULL!;Driveway, Public;Non-Roadway;Public Vehicular Area;C: Possible Injury;Nash;15;Cloudy;#NULL!;0-5 mph;30 - 35  MPH;2008;Daylight;0-19
35.1928319271, -79.3870628042;"{""type"": ""Point"", ""coordinates"": [-79.38706280415713, 35.192831927104756]}";White;Southern Pines;Travel Lane;2;13;Urban (>70% Developed);Male;Passenger Car;0;#NULL!;0;0;White;No;0;60-69;Motorist Right Turn - Same Direction;None;No;No;Dry;0;Urban;No;22MAY2008;0;13:13;Female;No;Residential;B: Evident Injury;Yes;O: No Injury;5804;May;0;Straight - Grade;Piedmont;With Traffic;Missing;Thursday;Intersection;67;0;Two-Way, Divided, Unprotected Median;4 lanes;0;#NULL!;#NULL!;Coarse Asphalt;#NULL!;T-Intersection;Motorist Right Turn / Merge;NC Route;B: Evident Injury;Moore;70+;Clear;#NULL!;41-45 mph;40 - 45  MPH;2008;Daylight;70+
35.1835438726, -80.8397532386;"{""type"": ""Point"", ""coordinates"": [-80.83975323857437, 35.18354387263407]}";White;Charlotte;Travel Lane;2;19;Urban (>70% Developed);Male;Passenger Car;0;#NULL!;0;0;White;No;0;30-39;Motorist Right Turn - Same Direction;None;No;No;Dry;0;Urban;No;24JUN2008;0;19:45;Male;No;Residential;C: Possible Injury;No;O: No Injury;5806;June;0;Straight - Level;Piedmont;With Traffic;No Control Present;Tuesday;Intersection;30;0;Two-Way, Divided, Unprotected Median;4 lanes;0;#NULL!;#NULL!;Smooth Asphalt;#NULL!;No Special Feature;Motorist Right Turn / Merge;Local Street;C: Possible Injury;Mecklenburg;32;Clear;#NULL!;16-20 mph;30 - 35  MPH;2008;Daylight;30-39
35.8375170902, -78.6789576241;"{""type"": ""Point"", ""coordinates"": [-78.67895762407915, 35.837517090165804]}";White;Raleigh;Travel Lane;2;18;Urban (>70% Developed);Male;Passenger Car;0;#NULL!;0;0;Black;No;0;30-39;Bicyclist Ride Through - Sign-Controlled Intersection;None;Yes;Yes;Dry;0;Urban;No;23SEP2008;0;18:21;Female;No;Commercial;O: No Injury;Yes;O: No Injury;6426;September;0;Straight - Level;Piedmont;With Traffic;Flashing Signal With Stop Sign;Tuesday;Intersection;39;0;Two-Way, Not Divided;2 lanes;0;#NULL!;#NULL!;Coarse Asphalt;#NULL!;Four-Way Intersection;Bicyclist Failed to Yield - Sign-Controlled Intersection;Local Street;O: No Injury;Wake;22;Clear;#NULL!;31-35 mph;30 - 35  MPH;2008;Daylight;20-24
35.5871120551, -78.1523324516;"{""type"": ""Point"", ""coordinates"": [-78.15233245159655, 35.58711205507007]}";White;None - Rural Crash;Bike Lane / Paved Shoulder;2;18;Rural (<30% Developed);Male;Passenger Car;0;#NULL!;0;0;White;No;0;16-19;Bicyclist Left Turn - Same Direction;None;No;No;Wet;0;Rural;No;26DEC2008;0;18:18;Female;No;Farms, Woods, Pastures;A: Disabling Injury;Yes;O: No Injury;6431;December;0;Straight - Level;Coastal;With Traffic;Double Yellow Line, No Passing Zone;Friday;Non-Intersection;19;0;Two-Way, Not Divided;2 lanes;0;#NULL!;#NULL!;Smooth Asphalt;#NULL!;No Special Feature;Bicyclist Left Turn / Merge;US Route;A: Disabling Injury;Johnston;35;Cloudy;#NULL!;51-55 mph;50 - 55  MPH;2008;Dark - Roadway Not Lighted;30-39
35.2279918821, -80.8420292414;"{""type"": ""Point"", ""coordinates"": [-80.8420292413691, 35.22799188214999]}";White;Charlotte;Sidewalk / Crosswalk / Driveway Crossing;2;19;Urban (>70% Developed);Male;Passenger Car;0;#NULL!;0;0;Hispanic;No;0;20-24;Motorist Right Turn - Same Direction;None;No;No;Dry;0;Urban;No;29DEC2008;0;19:57;Male;No;Commercial;B: Evident Injury;No;O: No Injury;6436;December;0;Straight - Level;Piedmont;With Traffic;Stop And Go Signal;Monday;Intersection;22;0;Two-Way, Not Divided;4 lanes;0;#NULL!;#NULL!;Smooth Asphalt;#NULL!;Four-Way Intersection;Motorist Right Turn / Merge;Local Street;B: Evident Injury;Mecklenburg;19;Clear;#NULL!;6-10 mph;20 - 25  MPH;2008;Dark - Lighted Roadway;0-19
35.7519969772, -81.2714333987;"{""type"": ""Point"", ""coordinates"": [-81.27143339871986, 35.75199697720931]}";Hispanic;None - Rural Crash;Travel Lane;2;17;Mixed (30% To 70% Developed);Male;Passenger Car;0;#NULL!;0;0;White;No;0;11-15;Bicyclist Right Turn - Same Direction;None;No;No;Dry;0;Rural;No;31DEC2008;0;17:39;Female;No;Residential;C: Possible Injury;No;O: No Injury;6438;December;0;Straight - Level;Piedmont;Facing Traffic;No Control Present;Wednesday;Non-Intersection;13;0;Two-Way, Not Divided;2 lanes;0;#NULL!;#NULL!;Smooth Asphalt;#NULL!;No Special Feature;Bicyclist Right Turn / Merge;State Secondary Route;C: Possible Injury;Catawba;19;Clear;#NULL!;16-20 mph;30 - 35  MPH;2008;Dusk;0-19