Geo Point;Geo Shape;BikeRace;City;BikePos;NumUnits;CrashHour;Locality;BikeSex;DrvrVehTyp;NumBikesNo;BikeAlcDrg;NumBikesBI;RteInvdCd;DrvrRace;Workzone;NumBikesCi;BikeAgeGrp;CrashType;RdDefects;CrashAlcoh;BikeAlcoho;RdConditio;DstncMiFrm;RuralUrban;HitRun;CrashDate;NumBikesUI;CrashTime;DrvrSex;DrvrAlcoho;Developmen;CrashSevr;AmbulanceR;DrvrInjury;OBJECTID;CrashMonth;NumBikesKi;RdCharacte;Region;BikeDir;TraffCntrl;CrashDay;CrashLoc;BikeAge;NumBikesTo;RdConfig;NumLanes;NumBikesAI;DrvrAlcDrg;OnRoad;RdSurface;Towrd_Rd;RdFeature;CrashGrp;RdClass;BikeInjury;County;DrvrAge;Weather;FrmRd;DrvrEstSpd;SpeedLimit;CrashYear;LightCond;DrvrAgeGrp
35.5693869572, -80.7923532458;"{""type"": ""Point"", ""coordinates"": [-80.79235324578957, 35.569386957231536]}";Black;Mooresville;Bike Lane / Paved Shoulder;2;7;Mixed (30% To 70% Developed);Male;Single Unit Truck (2-Axle, 6-Tire);0;#NULL!;0;0;White;No;0;20-24;Motorist Overtaking - Undetected Bicyclist;None;Yes;Yes;Dry;0;Urban;No;24NOV2008;0;7:17;Male;No;Residential;B: Evident Injury;No;O: No Injury;6448;November;0;Straight - Level;Piedmont;With Traffic;Double Yellow Line, No Passing Zone;Monday;Non-Intersection;21;0;Two-Way, Not Divided;2 lanes;0;#NULL!;#NULL!;Smooth Asphalt;#NULL!;No Special Feature;Motorist Overtaking Bicyclist;Local Street;B: Evident Injury;Iredell;45;Cloudy;#NULL!;41-45 mph;40 - 45  MPH;2008;Dawn;40-49
34.7536538995, -77.3809521754;"{""type"": ""Point"", ""coordinates"": [-77.3809521754319, 34.753653899454015]}";Black;Jacksonville;Travel Lane;3;21;Urban (>70% Developed);Male;Passenger Car;0;#NULL!;0;0;White;No;0;50-59;Bicyclist Ride Out - Other Midblock;None;No;No;Dry;0;Urban;No;28NOV2008;0;21:56;Male;No;Commercial;K: Killed;Yes;O: No Injury;6449;November;0;Straight - Level;Coastal;Not Applicable;Missing;Friday;Non-Intersection;58;0;Two-Way, Not Divided;7 lanes;0;#NULL!;#NULL!;Coarse Asphalt;#NULL!;No Special Feature;Bicyclist Failed to Yield - Midblock;Local Street;K: Killed;Onslow;19;Clear;#NULL!;41-45 mph;40 - 45  MPH;2008;Dark - Roadway Not Lighted;0-19
35.8452570963, -78.5563025878;"{""type"": ""Point"", ""coordinates"": [-78.55630258779196, 35.845257096334485]}";Black;Raleigh;Non-Roadway;2;19;Urban (>70% Developed);Female;Light Truck (Mini-Van, Panel);0;#NULL!;0;0;Black;No;0;6-10;Bicyclist Ride Out - Other Midblock;None;No;No;Dry;0;Urban;No;06AUG2008;0;19:14;Male;No;Residential;C: Possible Injury;No;O: No Injury;6458;August;0;Straight - Hillcrest;Piedmont;Not Applicable;Missing;Wednesday;Non-Intersection;8;0;Two-Way, Not Divided;2 lanes;0;#NULL!;#NULL!;Smooth Asphalt;#NULL!;No Special Feature;Bicyclist Failed to Yield - Midblock;Local Street;C: Possible Injury;Wake;43;Clear;#NULL!;11-15 mph;20 - 25  MPH;2008;Daylight;40-49
35.8540910974, -78.5809885951;"{""type"": ""Point"", ""coordinates"": [-78.58098859506448, 35.854091097360964]}";Black;Raleigh;Travel Lane;2;11;Urban (>70% Developed);Male;Pickup;0;#NULL!;0;0;White;No;0;30-39;Motorist Overtaking - Other / Unknown;None;No;No;Dry;0;Urban;No;02JAN2007;0;11:32;Male;No;Commercial;B: Evident Injury;Yes;O: No Injury;6478;January;0;Straight - Level;Piedmont;With Traffic;No Control Present;Tuesday;Non-Intersection;35;0;Two-Way, Divided, Unprotected Median;6 lanes;0;#NULL!;#NULL!;Coarse Asphalt;#NULL!;No Special Feature;Motorist Overtaking Bicyclist;Local Street;B: Evident Injury;Wake;27;Clear;#NULL!;31-35 mph;40 - 45  MPH;2007;Dark - Lighted Roadway;25-29
35.4911839386, -80.8314432528;"{""type"": ""Point"", ""coordinates"": [-80.831443252819, 35.49118393859386]}";White;Davidson;Travel Lane;2;15;Urban (>70% Developed);Male;Passenger Car;0;#NULL!;0;0;White;No;0;30-39;Motorist Right Turn - Same Direction;None;No;No;Dry;0;Urban;No;03JAN2007;0;15:01;Female;No;Residential;B: Evident Injury;Yes;O: No Injury;6480;January;0;Straight - Level;Piedmont;With Traffic;Double Yellow Line, No Passing Zone;Wednesday;Intersection;31;0;Two-Way, Not Divided;2 lanes;0;#NULL!;#NULL!;Concrete;#NULL!;No Special Feature;Motorist Right Turn / Merge;Local Street;B: Evident Injury;Mecklenburg;17;Clear;#NULL!;11-15 mph;30 - 35  MPH;2007;Daylight;0-19
35.5050270308, -78.3512065068;"{""type"": ""Point"", ""coordinates"": [-78.35120650677976, 35.505027030812656]}";White;Smithfield;Sidewalk / Crosswalk / Driveway Crossing;2;14;Urban (>70% Developed);Female;Passenger Car;0;#NULL!;0;0;White;No;0;6-10;Bicyclist Ride Out - Other Midblock;None;No;No;Dry;0;Urban;No;05JAN2007;0;14:48;Female;No;Residential;C: Possible Injury;Yes;O: No Injury;6481;January;0;Straight - Level;Coastal;Not Applicable;No Control Present;Friday;Non-Intersection;10;0;Two-Way, Not Divided;2 lanes;0;#NULL!;#NULL!;Smooth Asphalt;#NULL!;No Special Feature;Bicyclist Failed to Yield - Midblock;Local Street;C: Possible Injury;Johnston;66;Clear;#NULL!;16-20 mph;20 - 25  MPH;2007;Daylight;60-69
35.4923620278, -78.3579125083;"{""type"": ""Point"", ""coordinates"": [-78.3579125083362, 35.492362027754695]}";Black;Smithfield;Travel Lane;2;8;Mixed (30% To 70% Developed);Female;Pickup;0;#NULL!;0;0;White;No;0;30-39;Motorist Drive Out - Sign-Controlled Intersection;None;No;No;Wet;0;Urban;No;05JAN2007;0;8:08;Male;No;Commercial;C: Possible Injury;Yes;O: No Injury;6482;January;0;Straight - Level;Coastal;Facing Traffic;No Control Present;Friday;Intersection;31;0;Two-Way, Divided, Unprotected Median;5 lanes;0;#NULL!;#NULL!;Coarse Asphalt;#NULL!;No Special Feature;Motorist Failed to Yield - Sign-Controlled Intersection;US Route;C: Possible Injury;Johnston;47;Rain;#NULL!;0-5 mph;30 - 35  MPH;2007;Daylight;40-49
36.0136470638, -80.4382031649;"{""type"": ""Point"", ""coordinates"": [-80.4382031648781, 36.01364706376487]}";White;None - Rural Crash;Non-Roadway;2;13;Urban (>70% Developed);Male;Passenger Car;0;#NULL!;0;0;White;No;0;6-10;Bicyclist Ride Out - Other Midblock;None;No;No;Dry;0;Rural;No;06JAN2007;0;13:58;Female;No;Residential;A: Disabling Injury;Yes;O: No Injury;6483;January;0;Straight - Level;Piedmont;Not Applicable;No Control Present;Saturday;Non-Intersection;10;0;Two-Way, Not Divided;2 lanes;0;#NULL!;#NULL!;Smooth Asphalt;#NULL!;No Special Feature;Bicyclist Failed to Yield - Midblock;Public Vehicular Area;A: Disabling Injury;Davie;26;Clear;#NULL!;16-20 mph;50 - 55  MPH;2007;Daylight;25-29
34.7111268354, -79.0251626701;"{""type"": ""Point"", ""coordinates"": [-79.0251626700796, 34.71112683540297]}";Native American;None - Rural Crash;Other;2;6;Rural (<30% Developed);Female;Pickup;0;#NULL!;0;0;Native American;No;0;40-49;Bicyclist Lost Control - Oversteering, Improper Braking, Speed;None;Yes;Yes;Wet;0;Rural;No;06JAN2007;0;6:43;Male;No;Farms, Woods, Pastures;C: Possible Injury;No;O: No Injury;6484;January;0;Straight - Level;Coastal;With Traffic;No Control Present;Saturday;Non-Intersection;49;0;Two-Way, Not Divided;2 lanes;0;#NULL!;#NULL!;Smooth Asphalt;#NULL!;No Special Feature;Loss of Control / Turning Error;State Secondary Route;C: Possible Injury;Robeson;61;Cloudy;#NULL!;41-45 mph;50 - 55  MPH;2007;Dark - Roadway Not Lighted;60-69
34.792822924, -76.8881220273;"{""type"": ""Point"", ""coordinates"": [-76.8881220272929, 34.79282292403131]}";White;None - Rural Crash;Travel Lane;2;19;Mixed (30% To 70% Developed);Male;Passenger Car;0;#NULL!;0;0;White;No;0;30-39;Motorist Overtaking - Undetected Bicyclist;None;Yes;Yes;Dry;0;Rural;No;08JAN2007;0;19:25;Female;No;Residential;B: Evident Injury;Yes;O: No Injury;6487;January;0;Straight - Level;Coastal;With Traffic;No Control Present;Monday;Non-Intersection;30;0;Two-Way, Not Divided;2 lanes;0;#NULL!;#NULL!;Smooth Asphalt;#NULL!;No Special Feature;Motorist Overtaking Bicyclist;State Secondary Route;B: Evident Injury;Carteret;19;Clear;#NULL!;41-45 mph;40 - 45  MPH;2007;Dark - Roadway Not Lighted;0-19
35.8079570015, -80.9464633045;"{""type"": ""Point"", ""coordinates"": [-80.94646330448602, 35.8079570015074]}";Black;None - Rural Crash;Travel Lane;2;17;Rural (<30% Developed);Male;Unknown;0;#NULL!;0;0;Unknown/Missing;No;0;11-15;Head-On - Bicyclist;None;Yes;Yes;Dry;0;Rural;Yes;16JAN2007;0;17:45;Unknown;Missing;Farms, Woods, Pastures;C: Possible Injury;Yes;Unknown Injury;6492;January;0;Straight - Grade;Piedmont;Facing Traffic;Double Yellow Line, No Passing Zone;Tuesday;Non-Intersection;13;0;Two-Way, Not Divided;2 lanes;0;#NULL!;#NULL!;Smooth Asphalt;#NULL!;No Special Feature;Head-On;NC Route;C: Possible Injury;Iredell;Unknown;Clear;#NULL!;Unknown;40 - 45  MPH;2007;Dusk;Unknown
35.245512884, -80.8931032583;"{""type"": ""Point"", ""coordinates"": [-80.89310325829281, 35.245512883961226]}";White;Charlotte;Travel Lane;2;11;Urban (>70% Developed);Male;Unknown;0;#NULL!;0;0;Unknown/Missing;No;0;50-59;Bicyclist Ride Out - Signalized  Intersection;None;No;No;Dry;0;Urban;Yes;11JAN2007;0;11:00;Unknown;Missing;Commercial;C: Possible Injury;No;Unknown Injury;6497;January;0;Straight - Level;Piedmont;With Traffic;Stop And Go Signal;Thursday;Intersection;50;0;Two-Way, Not Divided;3 lanes;0;#NULL!;#NULL!;Smooth Asphalt;#NULL!;No Special Feature;Bicyclist Failed to Yield - Signalized Intersection;Local Street;C: Possible Injury;Mecklenburg;Unknown;Clear;#NULL!;26-30 mph;40 - 45  MPH;2007;Daylight;Unknown
35.2467228648, -81.4257234163;"{""type"": ""Point"", ""coordinates"": [-81.42572341631508, 35.2467228647536]}";White;None - Rural Crash;Bike Lane / Paved Shoulder;2;12;Rural (<30% Developed);Male;Tractor/Semi-Trailer;0;#NULL!;0;0;White;No;0;40-49;Parallel Paths - Other / Unknown;None;No;No;Dry;0;Rural;No;19JAN2007;0;12:06;Male;No;Farms, Woods, Pastures;K: Killed;Yes;O: No Injury;6508;January;0;Straight - Level;Mountains;With Traffic;No Control Present;Friday;Non-Intersection;46;0;Two-Way, Divided, Positive Median Barrier;4 lanes;0;#NULL!;#NULL!;Smooth Asphalt;#NULL!;No Special Feature;Parallel Paths - Other Circumstances;US Route;K: Killed;Cleveland;35;Clear;#NULL!;56-60 mph;60 - 75 MPH;2007;Daylight;30-39
36.0170091201, -78.9143127048;"{""type"": ""Point"", ""coordinates"": [-78.91431270475918, 36.01700912014781]}";Black;Durham;Travel Lane;2;15;Urban (>70% Developed);Male;Passenger Car;0;#NULL!;0;0;White;No;0;30-39;Bicyclist Left Turn - Same Direction;None;No;No;Dry;0;Urban;No;30MAR2007;0;15:24;Male;No;Residential;C: Possible Injury;Yes;O: No Injury;6514;March;0;Straight - Grade;Piedmont;With Traffic;No Control Present;Friday;Intersection;36;0;Two-Way, Not Divided;2 lanes;0;#NULL!;#NULL!;Smooth Asphalt;#NULL!;Four-Way Intersection;Bicyclist Left Turn / Merge;Local Street;C: Possible Injury;Durham;16;Clear;#NULL!;31-35 mph;30 - 35  MPH;2007;Daylight;0-19
35.7507970721, -78.6696026166;"{""type"": ""Point"", ""coordinates"": [-78.66960261658504, 35.7507970720989]}";Unknown/Missing;Raleigh;Travel Lane;2;18;Urban (>70% Developed);Unknown;Passenger Car;0;#NULL!;0;0;White;No;0;Unknown;Head-On - Bicyclist;None;No;Missing;Dry;0;Urban;No;24JAN2007;0;18:46;Female;No;Commercial;O: No Injury;No;O: No Injury;6518;January;0;Straight - Level;Piedmont;Facing Traffic;No Control Present;Wednesday;Non-Intersection;Unknown;0;Two-Way, Divided, Unprotected Median;2 lanes;0;#NULL!;#NULL!;Smooth Asphalt;#NULL!;No Special Feature;Head-On;Local Street;Unknown Injury;Wake;49;Clear;#NULL!;26-30 mph;30 - 35  MPH;2007;Dark - Lighted Roadway;40-49
35.6993270044, -80.2463830896;"{""type"": ""Point"", ""coordinates"": [-80.24638308959977, 35.69932700441412]}";White;None - Rural Crash;Driveway / Alley;2;13;Rural (<30% Developed);Male;Passenger Car;0;#NULL!;0;0;White;No;0;11-15;Bicyclist Ride Out - Commercial Driveway / Alley;None;No;No;Dry;0;Rural;No;04FEB2007;0;13:52;Female;No;Residential;A: Disabling Injury;Yes;C: Possible Injury;6528;February;0;Curve - Grade;Piedmont;Not Applicable;Double Yellow Line, No Passing Zone;Sunday;Non-Intersection;15;0;Two-Way, Not Divided;2 lanes;0;#NULL!;#NULL!;Smooth Asphalt;#NULL!;Driveway, Private;Bicyclist Failed to Yield - Midblock;State Secondary Route;A: Disabling Injury;Davidson;17;Clear;#NULL!;51-55 mph;50 - 55  MPH;2007;Daylight;0-19
34.8827049433, -76.910642039;"{""type"": ""Point"", ""coordinates"": [-76.91064203898043, 34.88270494331215]}";Unknown/Missing;Havelock;Sidewalk / Crosswalk / Driveway Crossing;2;7;Urban (>70% Developed);Male;Pickup;0;#NULL!;0;0;White;No;0;11-15;Motorist Right Turn - Same Direction;None;No;No;Dry;0;Urban;No;07FEB2007;0;7:36;Female;No;Commercial;O: No Injury;No;O: No Injury;6531;February;0;Straight - Level;Coastal;With Traffic;No Control Present;Wednesday;Non-Intersection;13;0;Two-Way, Not Divided;4 lanes;0;#NULL!;#NULL!;Smooth Asphalt;#NULL!;Driveway, Public;Motorist Right Turn / Merge;Public Vehicular Area;Unknown Injury;Craven;17;Clear;#NULL!;6-10 mph;30 - 35  MPH;2007;Daylight;0-19
35.2754068796, -81.1995733507;"{""type"": ""Point"", ""coordinates"": [-81.1995733506513, 35.27540687961076]}";Black;Gastonia;Non-Roadway;2;15;Urban (>70% Developed);Female;Sport Utility;0;#NULL!;0;0;Black;No;0;0-5;Bicyclist Ride Out - Commercial Driveway / Alley;None;No;No;Dry;0;Urban;No;07FEB2007;0;15:46;Male;No;Residential;C: Possible Injury;No;O: No Injury;6532;February;0;Straight - Grade;Piedmont;Not Applicable;No Control Present;Wednesday;Non-Intersection;5;0;Two-Way, Not Divided;2 lanes;0;#NULL!;#NULL!;Coarse Asphalt;#NULL!;Driveway, Public;Bicyclist Failed to Yield - Midblock;Public Vehicular Area;C: Possible Injury;Gaston;43;Clear;#NULL!;11-15 mph;30 - 35  MPH;2007;Daylight;40-49
34.9745738387, -80.5574831427;"{""type"": ""Point"", ""coordinates"": [-80.55748314272388, 34.9745738386544]}";Hispanic;Monroe;Travel Lane;2;19;Urban (>70% Developed);Male;Passenger Car;0;#NULL!;0;0;White;No;0;20-24;Bicyclist Ride Out - Sign-Controlled Intersection;None;Yes;Yes;Dry;0;Urban;No;12FEB2007;0;19:44;Female;No;Commercial;B: Evident Injury;Yes;O: No Injury;6535;February;0;Straight - Level;Piedmont;Unknown;Stop Sign;Monday;Intersection;20;0;Two-Way, Not Divided;2 lanes;0;#NULL!;#NULL!;Coarse Asphalt;#NULL!;Four-Way Intersection;Bicyclist Failed to Yield - Sign-Controlled Intersection;NC Route;B: Evident Injury;Union;32;Clear;#NULL!;31-35 mph;30 - 35  MPH;2007;Dark - Roadway Not Lighted;30-39
35.7670930725, -78.7677866472;"{""type"": ""Point"", ""coordinates"": [-78.76778664720372, 35.76709307248337]}";White;Cary;Unknown;2;16;Urban (>70% Developed);Female;Passenger Car;0;#NULL!;0;0;White;No;0;11-15;Crossing Paths - Intersection - Other / Unknown;None;No;No;Dry;0;Urban;No;22APR2007;0;16:40;Male;No;Residential;C: Possible Injury;Yes;O: No Injury;6537;April;0;Curve - Grade;Piedmont;With Traffic;No Control Present;Sunday;Intersection;11;0;Two-Way, Divided, Unprotected Median;4 lanes;0;#NULL!;#NULL!;Smooth Asphalt;#NULL!;No Special Feature;Crossing Paths - Other Circumstances;State Secondary Route;C: Possible Injury;Wake;20;Clear;#NULL!;46-50 mph;30 - 35  MPH;2007;Daylight;20-24
35.7319570939, -77.9226823892;"{""type"": ""Point"", ""coordinates"": [-77.9226823891776, 35.731957093948886]}";Black;Wilson;Travel Lane;2;22;Urban (>70% Developed);Male;Passenger Car;0;#NULL!;0;0;White;No;0;20-24;Motorist Left Turn - Opposite Direction;Road Surface Condition;No;No;Wet;0;Urban;No;13FEB2007;0;22:47;Female;No;Residential;B: Evident Injury;Yes;O: No Injury;6538;February;0;Straight - Level;Coastal;With Traffic;Stop And Go Signal;Tuesday;Intersection;20;0;Two-Way, Not Divided;5 lanes;0;#NULL!;#NULL!;Coarse Asphalt;#NULL!;No Special Feature;Motorist Left Turn / Merge;Local Street;B: Evident Injury;Wilson;36;Rain;#NULL!;11-15 mph;40 - 45  MPH;2007;Dark - Lighted Roadway;30-39
34.6423448133, -79.2069227216;"{""type"": ""Point"", ""coordinates"": [-79.20692272160471, 34.6423448133326]}";Native American;None - Rural Crash;Travel Lane;2;18;Rural (<30% Developed);Male;Passenger Car;0;#NULL!;0;0;Native American;No;0;30-39;Motorist Overtaking - Other / Unknown;None;Yes;Yes;Dry;0;Rural;No;16FEB2007;0;18:44;Female;No;Farms, Woods, Pastures;C: Possible Injury;Yes;O: No Injury;6540;February;0;Straight - Level;Coastal;With Traffic;No Control Present;Friday;Non-Intersection;34;0;Two-Way, Not Divided;2 lanes;0;#NULL!;#NULL!;Coarse Asphalt;#NULL!;No Special Feature;Motorist Overtaking Bicyclist;State Secondary Route;C: Possible Injury;Robeson;33;Clear;#NULL!;51-55 mph;50 - 55  MPH;2007;Dark - Roadway Not Lighted;30-39
36.4205011097, -81.4739434984;"{""type"": ""Point"", ""coordinates"": [-81.47394349835652, 36.420501109652264]}";White;Jefferson;Travel Lane;2;7;Urban (>70% Developed);Male;Passenger Car;0;#NULL!;0;0;White;No;0;30-39;Bicyclist Failed to Clear - Trapped;None;No;No;Dry;0;Rural;No;27APR2007;0;7:37;Female;No;Commercial;O: No Injury;No;O: No Injury;6541;April;0;Straight - Level;Mountains;With Traffic;Stop And Go Signal;Friday;Intersection;38;0;Two-Way, Not Divided;4 lanes;0;#NULL!;#NULL!;Smooth Asphalt;#NULL!;Four-Way Intersection;Bicyclist Failed to Yield - Signalized Intersection;US Route;O: No Injury;Ashe;64;Clear;#NULL!;6-10 mph;30 - 35  MPH;2007;Daylight;60-69
35.186366872, -80.8905332537;"{""type"": ""Point"", ""coordinates"": [-80.89053325368903, 35.1863668719774]}";Black;Charlotte;Travel Lane;2;18;Urban (>70% Developed);Male;Passenger Car;0;#NULL!;0;0;White;No;0;30-39;Motorist Drive Out - Sign-Controlled Intersection;None;No;No;Dry;0;Urban;No;18FEB2007;0;18:57;Male;No;Commercial;A: Disabling Injury;Yes;O: No Injury;6542;February;0;Straight - Level;Piedmont;With Traffic;Stop Sign;Sunday;Intersection;30;0;Two-Way, Divided, Unprotected Median;2 lanes;0;#NULL!;#NULL!;Smooth Asphalt;#NULL!;No Special Feature;Motorist Failed to Yield - Sign-Controlled Intersection;Local Street;A: Disabling Injury;Mecklenburg;64;Clear;#NULL!;6-10 mph;30 - 35  MPH;2007;Dark - Lighted Roadway;60-69
35.7677950726, -78.7654926462;"{""type"": ""Point"", ""coordinates"": [-78.7654926461802, 35.76779507261303]}";White;Cary;Travel Lane;2;14;Urban (>70% Developed);Male;Single Unit Truck (2-Axle, 6-Tire);0;#NULL!;0;0;Black;No;0;40-49;Motorist Left Turn - Opposite Direction;None;No;No;Dry;0;Urban;No;01MAY2007;0;14:47;Male;No;Residential;B: Evident Injury;Yes;O: No Injury;6545;May;0;Straight - Level;Piedmont;With Traffic;No Control Present;Tuesday;Intersection;48;0;Two-Way, Not Divided;5 lanes;0;#NULL!;#NULL!;Smooth Asphalt;#NULL!;T-Intersection;Motorist Left Turn / Merge;State Secondary Route;B: Evident Injury;Wake;37;Clear;#NULL!;21-25 mph;20 - 25  MPH;2007;Daylight;30-39
35.7875370803, -78.6669926173;"{""type"": ""Point"", ""coordinates"": [-78.66699261725861, 35.78753708025988]}";White;Raleigh;Travel Lane;2;18;Urban (>70% Developed);Male;Passenger Car;0;#NULL!;0;0;White;No;0;40-49;Bicyclist Left Turn - Opposite Direction;None;No;No;Dry;0;Urban;No;22FEB2007;0;18:19;Female;No;Commercial;O: No Injury;No;O: No Injury;6550;February;0;Straight - Level;Piedmont;With Traffic;No Control Present;Thursday;Intersection;42;0;Two-Way, Not Divided;4 lanes;0;#NULL!;#NULL!;Smooth Asphalt;#NULL!;No Special Feature;Bicyclist Left Turn / Merge;Local Street;O: No Injury;Wake;34;Clear;#NULL!;21-25 mph;30 - 35  MPH;2007;Dusk;30-39
35.2026568809, -80.7341932079;"{""type"": ""Point"", ""coordinates"": [-80.7341932078876, 35.20265688086181]}";Black;Charlotte;Sidewalk / Crosswalk / Driveway Crossing;2;13;Urban (>70% Developed);Male;Sport Utility;0;#NULL!;0;0;White;No;0;20-24;Motorist Drive Out - Commercial Driveway / Alley;None;No;No;Dry;0;Urban;No;27FEB2007;0;13:25;Female;No;Commercial;C: Possible Injury;Yes;O: No Injury;6557;February;0;Straight - Level;Piedmont;Facing Traffic;No Control Present;Tuesday;Non-Intersection;23;0;Two-Way, Not Divided;2 lanes;0;#NULL!;#NULL!;Concrete;#NULL!;Driveway, Public;Motorist Failed to Yield - Midblock;Local Street;C: Possible Injury;Mecklenburg;19;Clear;#NULL!;0-5 mph;40 - 45  MPH;2007;Daylight;0-19
35.2218168807, -80.8502632436;"{""type"": ""Point"", ""coordinates"": [-80.85026324359818, 35.22181688068356]}";Black;Charlotte;Travel Lane;2;9;Urban (>70% Developed);Male;Passenger Car;0;#NULL!;0;0;Black;No;0;50-59;Motorist Left Turn - Opposite Direction;None;No;No;Dry;0;Urban;No;01MAR2007;0;9:08;Female;No;Commercial;B: Evident Injury;Yes;O: No Injury;6565;March;0;Straight - Level;Piedmont;With Traffic;No Control Present;Thursday;Non-Intersection;54;0;Two-Way, Not Divided;4 lanes;0;#NULL!;#NULL!;Smooth Asphalt;#NULL!;No Special Feature;Motorist Left Turn / Merge;Local Street;B: Evident Injury;Mecklenburg;64;Cloudy;#NULL!;11-15 mph;30 - 35  MPH;2007;Daylight;60-69
35.0130069621, -77.2179661385;"{""type"": ""Point"", ""coordinates"": [-77.21796613848454, 35.013006962074975]}";Black;None - Rural Crash;Travel Lane;2;19;Rural (<30% Developed);Male;Sport Utility;0;#NULL!;0;0;Black;No;0;40-49;Head-On - Bicyclist;None;No;No;Dry;0;Rural;No;03MAR2007;0;19:23;Female;No;Farms, Woods, Pastures;O: No Injury;No;O: No Injury;6566;March;0;Straight - Level;Coastal;Facing Traffic;Double Yellow Line, No Passing Zone;Saturday;Non-Intersection;46;0;Two-Way, Not Divided;2 lanes;0;#NULL!;#NULL!;Smooth Asphalt;#NULL!;No Special Feature;Head-On;US Route;O: No Injury;Jones;43;Clear;#NULL!;51-55 mph;50 - 55  MPH;2007;Dark - Roadway Not Lighted;40-49
35.9027400945, -78.9531327105;"{""type"": ""Point"", ""coordinates"": [-78.95313271052565, 35.90274009446844]}";Black;Durham;Sidewalk / Crosswalk / Driveway Crossing;2;19;Urban (>70% Developed);Male;Passenger Car;0;#NULL!;0;0;White;No;0;40-49;Bicyclist Ride Through - Signalized Intersection;None;No;No;Dry;0;Urban;No;17MAY2007;0;19:20;Female;No;Commercial;B: Evident Injury;Yes;O: No Injury;6569;May;0;Straight - Level;Piedmont;Facing Traffic;Stop And Go Signal;Thursday;Intersection;49;0;Two-Way, Not Divided;8 lanes;0;#NULL!;#NULL!;Smooth Asphalt;#NULL!;Four-Way Intersection;Bicyclist Failed to Yield - Signalized Intersection;Local Street;B: Evident Injury;Durham;25;Clear;#NULL!;0-5 mph;30 - 35  MPH;2007;Dusk;25-29
34.8146068601, -78.9604666566;"{""type"": ""Point"", ""coordinates"": [-78.96046665659848, 34.81460686008356]}";Black;None - Rural Crash;Travel Lane;2;13;Rural (<30% Developed);Male;Passenger Car;0;#NULL!;0;0;Black;No;0;0-5;Bicyclist Right Turn - Same Direction;None;No;No;Dry;0;Rural;No;10MAR2007;0;13:00;Male;No;Residential;C: Possible Injury;Yes;O: No Injury;6577;March;0;Straight - Level;Coastal;Facing Traffic;Double Yellow Line, No Passing Zone;Saturday;Non-Intersection;5;0;Two-Way, Not Divided;2 lanes;0;#NULL!;#NULL!;Coarse Asphalt;#NULL!;No Special Feature;Bicyclist Right Turn / Merge;State Secondary Route;C: Possible Injury;Robeson;24;Clear;#NULL!;16-20 mph;30 - 35  MPH;2007;Daylight;20-24
35.2424838848, -80.8609132475;"{""type"": ""Point"", ""coordinates"": [-80.86091324752046, 35.24248388484549]}";Black;Charlotte;Travel Lane;2;0;Urban (>70% Developed);Male;Passenger Car;0;#NULL!;0;0;Black;No;0;30-39;Motorist Overtaking - Other / Unknown;None;No;No;Dry;0;Urban;Yes;13MAR2007;0;0:15;Female;No;Commercial;B: Evident Injury;No;O: No Injury;6580;March;0;Straight - Hillcrest;Piedmont;With Traffic;Stop Sign;Tuesday;Intersection;34;0;Two-Way, Not Divided;2 lanes;0;#NULL!;#NULL!;Smooth Asphalt;#NULL!;T-Intersection;Motorist Overtaking Bicyclist;Local Street;B: Evident Injury;Mecklenburg;38;Clear;#NULL!;21-25 mph;20 - 25  MPH;2007;Dark - Roadway Not Lighted;30-39
35.3964170198, -77.9876923913;"{""type"": ""Point"", ""coordinates"": [-77.98769239126739, 35.39641701980852]}";Black;Goldsboro;Travel Lane;2;11;Urban (>70% Developed);Male;Passenger Car;0;#NULL!;0;0;White;No;0;50-59;Bicyclist Turning Error - Left Turn;None;Yes;Yes;Dry;0;Urban;No;09MAR2007;0;11:43;Male;No;Commercial;C: Possible Injury;Yes;O: No Injury;6589;March;0;Straight - Level;Coastal;Facing Traffic;Stop And Go Signal;Friday;Intersection;53;0;Two-Way, Not Divided;2 lanes;0;#NULL!;#NULL!;Coarse Asphalt;#NULL!;Four-Way Intersection;Loss of Control / Turning Error;Local Street;C: Possible Injury;Wayne;51;Clear;#NULL!;21-25 mph;20 - 25  MPH;2007;Daylight;50-59
34.2071637606, -77.9137023104;"{""type"": ""Point"", ""coordinates"": [-77.91370231044155, 34.20716376061192]}";White;Wilmington;Sidewalk / Crosswalk / Driveway Crossing;2;7;Urban (>70% Developed);Male;Passenger Car;0;#NULL!;0;0;White;No;0;6-10;Motorist Drive Out - Residential Driveway;None;No;No;Dry;0;Urban;No;15MAR2007;0;7:50;Female;No;Residential;B: Evident Injury;No;O: No Injury;6590;March;0;Straight - Level;Coastal;With Traffic;No Control Present;Thursday;Non-Intersection;8;0;Two-Way, Not Divided;2 lanes;0;#NULL!;#NULL!;Concrete;#NULL!;Driveway, Private;Motorist Failed to Yield - Midblock;Local Street;B: Evident Injury;New Hanover;56;Clear;#NULL!;0-5 mph;5 - 15 MPH;2007;Daylight;50-59