Geo Point;Geo Shape;BikeRace;City;BikePos;NumUnits;CrashHour;Locality;BikeSex;DrvrVehTyp;NumBikesNo;BikeAlcDrg;NumBikesBI;RteInvdCd;DrvrRace;Workzone;NumBikesCi;BikeAgeGrp;CrashType;RdDefects;CrashAlcoh;BikeAlcoho;RdConditio;DstncMiFrm;RuralUrban;HitRun;CrashDate;NumBikesUI;CrashTime;DrvrSex;DrvrAlcoho;Developmen;CrashSevr;AmbulanceR;DrvrInjury;OBJECTID;CrashMonth;NumBikesKi;RdCharacte;Region;BikeDir;TraffCntrl;CrashDay;CrashLoc;BikeAge;NumBikesTo;RdConfig;NumLanes;NumBikesAI;DrvrAlcDrg;OnRoad;RdSurface;Towrd_Rd;RdFeature;CrashGrp;RdClass;BikeInjury;County;DrvrAge;Weather;FrmRd;DrvrEstSpd;SpeedLimit;CrashYear;LightCond;DrvrAgeGrp
36.3258571842, -78.9747127406;"{""type"": ""Point"", ""coordinates"": [-78.97471274064644, 36.325857184168605]}";White;None - Rural Crash;Bike Lane / Paved Shoulder;2;8;Rural (<30% Developed);Male;Passenger Car;0;#NULL!;0;0;White;No;0;16-19;Bicyclist Left Turn - Same Direction;None;No;No;Wet;0;Rural;No;16MAR2007;0;8:45;Male;No;Farms, Woods, Pastures;C: Possible Injury;No;O: No Injury;6593;March;0;Straight - Level;Piedmont;With Traffic;Stop And Go Signal;Friday;Intersection;18;0;Two-Way, Divided, Unprotected Median;3 lanes;0;#NULL!;#NULL!;Smooth Asphalt;#NULL!;Four-Way Intersection;Bicyclist Left Turn / Merge;US Route;C: Possible Injury;Person;70+;Cloudy;#NULL!;0-5 mph;50 - 55  MPH;2007;Daylight;70+
35.9863849715, -82.6899938338;"{""type"": ""Point"", ""coordinates"": [-82.68999383380607, 35.98638497147765]}";White;None - Rural Crash;Travel Lane;2;13;Rural (<30% Developed);Male;Pickup;0;#NULL!;0;0;White;No;0;60-69;Motorist Overtaking - Misjudged Space;None;No;No;Dry;0;Rural;No;11MAR2007;0;13:22;Male;No;Farms, Woods, Pastures;K: Killed;Yes;O: No Injury;6597;March;0;Straight - Level;Mountains;With Traffic;Double Yellow Line, No Passing Zone;Sunday;Non-Intersection;64;0;Two-Way, Not Divided;2 lanes;0;#NULL!;#NULL!;Smooth Asphalt;#NULL!;No Special Feature;Motorist Overtaking Bicyclist;NC Route;K: Killed;Madison;20;Clear;#NULL!;31-35 mph;50 - 55  MPH;2007;Daylight;20-24
36.0592911102, -79.4474228688;"{""type"": ""Point"", ""coordinates"": [-79.44742286881579, 36.05929111019398]}";Black;Burlington;Travel Lane;2;11;Urban (>70% Developed);Male;Passenger Car;0;#NULL!;0;0;White;No;0;50-59;Motorist Overtaking - Misjudged Space;None;No;No;Dry;0;Urban;No;19MAR2007;0;11:52;Male;No;Commercial;B: Evident Injury;Yes;O: No Injury;6601;March;0;Straight - Level;Piedmont;With Traffic;No Control Present;Monday;Non-Intersection;53;0;Two-Way, Not Divided;2 lanes;0;#NULL!;#NULL!;Smooth Asphalt;#NULL!;No Special Feature;Motorist Overtaking Bicyclist;Local Street;B: Evident Injury;Alamance;70+;Clear;#NULL!;31-35 mph;40 - 45  MPH;2007;Daylight;70+
34.608919813, -79.0226086649;"{""type"": ""Point"", ""coordinates"": [-79.02260866489308, 34.60891981303503]}";Black;Lumberton;Sidewalk / Crosswalk / Driveway Crossing;2;19;Urban (>70% Developed);Male;Passenger Car;0;#NULL!;0;0;White;No;0;40-49;Motorist Drive Out - Sign-Controlled Intersection;None;Yes;No;Dry;0;Urban;Yes;19MAR2007;0;19:37;Female;Yes;Residential;C: Possible Injury;Yes;O: No Injury;6602;March;0;Straight - Level;Coastal;Facing Traffic;Stop Sign;Monday;Intersection;45;0;Two-Way, Not Divided;6 lanes;0;#NULL!;#NULL!;Smooth Asphalt;#NULL!;T-Intersection;Motorist Failed to Yield - Sign-Controlled Intersection;Local Street;C: Possible Injury;Robeson;22;Clear;#NULL!;0-5 mph;20 - 25  MPH;2007;Daylight;20-24
35.7809750796, -78.6510226125;"{""type"": ""Point"", ""coordinates"": [-78.65102261252405, 35.780975079564286]}";White;Raleigh;Travel Lane;2;23;Urban (>70% Developed);Male;Unknown;0;#NULL!;0;0;Unknown/Missing;No;0;25-29;Motorist Overtaking - Other / Unknown;None;No;No;Dry;0;Urban;Yes;21MAR2007;0;23:37;Unknown;Missing;Commercial;C: Possible Injury;No;Unknown Injury;6607;March;0;Straight - Level;Piedmont;With Traffic;No Control Present;Wednesday;Non-Intersection;28;0;Two-Way, Not Divided;5 lanes;0;#NULL!;#NULL!;Coarse Asphalt;#NULL!;No Special Feature;Motorist Overtaking Bicyclist;Local Street;C: Possible Injury;Wake;Unknown;Clear;#NULL!;36-40 mph;30 - 35  MPH;2007;Dark - Lighted Roadway;Unknown
34.0334667229, -77.8940922968;"{""type"": ""Point"", ""coordinates"": [-77.89409229679204, 34.03346672286855]}";White;Carolina Beach;Travel Lane;2;12;Urban (>70% Developed);Male;Unknown;0;#NULL!;0;0;Unknown/Missing;No;0;60-69;Motorist Right Turn - Same Direction;None;No;No;Dry;0;Urban;Yes;25MAR2007;0;12:08;Unknown;Missing;Commercial;O: No Injury;Yes;Unknown Injury;6615;March;0;Straight - Level;Coastal;With Traffic;Stop And Go Signal;Sunday;Intersection;61;0;Two-Way, Not Divided;4 lanes;0;#NULL!;#NULL!;Smooth Asphalt;#NULL!;Four-Way Intersection;Motorist Right Turn / Merge;Local Street;O: No Injury;New Hanover;Unknown;Clear;#NULL!;Unknown;Unknown;2007;Daylight;Unknown
34.9765468554, -80.0858490028;"{""type"": ""Point"", ""coordinates"": [-80.08584900276503, 34.97654685535172]}";Black;Wadesboro;Non-Roadway;2;17;Mixed (30% To 70% Developed);Male;Pickup;0;#NULL!;0;0;Black;No;0;50-59;Bicyclist Ride Out - Midblock - Unknown;None;No;No;Dry;0;Urban;No;22FEB2007;0;17:36;Male;No;Residential;C: Possible Injury;Yes;O: No Injury;6616;February;0;Straight - Level;Piedmont;Not Applicable;No Control Present;Thursday;Non-Intersection;54;0;Two-Way, Not Divided;2 lanes;0;#NULL!;#NULL!;Coarse Asphalt;#NULL!;No Special Feature;Bicyclist Failed to Yield - Midblock;Local Street;C: Possible Injury;Anson;65;Clear;#NULL!;6-10 mph;30 - 35  MPH;2007;Daylight;60-69
35.6630509882, -80.4854531586;"{""type"": ""Point"", ""coordinates"": [-80.48545315856785, 35.66305098815637]}";Black;Salisbury;Travel Lane;2;13;Urban (>70% Developed);Male;Van;0;#NULL!;0;0;White;No;0;11-15;Bicyclist Ride Out - Sign-Controlled Intersection;None;No;No;Dry;0;Urban;No;20JUN2007;0;13:42;Male;No;Residential;C: Possible Injury;No;O: No Injury;6635;June;0;Straight - Level;Piedmont;With Traffic;Stop Sign;Wednesday;Intersection;12;0;One-Way, Not Divided;1 lane;0;#NULL!;#NULL!;Smooth Asphalt;#NULL!;T-Intersection;Bicyclist Failed to Yield - Sign-Controlled Intersection;Local Street;C: Possible Injury;Rowan;65;Clear;#NULL!;16-20 mph;20 - 25  MPH;2007;Daylight;60-69
36.0306670701, -80.3818131481;"{""type"": ""Point"", ""coordinates"": [-80.38181314812066, 36.03066707010589]}";White;Clemmons;Sidewalk / Crosswalk / Driveway Crossing;2;18;Urban (>70% Developed);Male;Passenger Car;0;#NULL!;0;0;White;No;0;16-19;Sign-Controlled Intersection - Other / Unknown;None;No;No;Dry;0;Urban;No;02APR2007;0;18:45;Female;No;Commercial;B: Evident Injury;No;O: No Injury;6642;April;0;Straight - Level;Piedmont;Facing Traffic;Stop Sign;Monday;Intersection;17;0;Two-Way, Not Divided;3 lanes;0;#NULL!;#NULL!;Smooth Asphalt;#NULL!;Four-Way Intersection;Crossing Paths - Other Circumstances;State Secondary Route;B: Evident Injury;Forsyth;39;Clear;#NULL!;6-10 mph;30 - 35  MPH;2007;Daylight;30-39
36.1053230918, -80.2045030997;"{""type"": ""Point"", ""coordinates"": [-80.20450309971685, 36.10532309179519]}";Black;Winston-Salem;Travel Lane;2;17;Rural (<30% Developed);Male;Sport Utility;0;#NULL!;0;0;Black;No;0;11-15;Bicyclist Ride Through - Sign-Controlled Intersection;None;No;No;Dry;0;Urban;No;02APR2007;0;17:50;Female;No;Residential;B: Evident Injury;Yes;O: No Injury;6643;April;0;Straight - Level;Piedmont;Unknown;No Control Present;Monday;Intersection;15;0;Two-Way, Not Divided;2 lanes;0;#NULL!;#NULL!;Smooth Asphalt;#NULL!;No Special Feature;Bicyclist Failed to Yield - Sign-Controlled Intersection;Local Street;B: Evident Injury;Forsyth;45;Clear;#NULL!;26-30 mph;30 - 35  MPH;2007;Daylight;40-49
35.727797093, -77.9227473884;"{""type"": ""Point"", ""coordinates"": [-77.92274738839282, 35.727797093033594]}";Black;Wilson;Travel Lane;2;16;Urban (>70% Developed);Male;Passenger Car;0;#NULL!;0;0;Black;No;0;30-39;Motorist Drive Out - Sign-Controlled Intersection;None;No;No;Dry;0;Urban;No;06APR2007;0;16:36;Male;No;Residential;B: Evident Injury;Yes;O: No Injury;6657;April;0;Straight - Level;Coastal;With Traffic;Stop Sign;Friday;Intersection;36;0;Two-Way, Not Divided;2 lanes;0;#NULL!;#NULL!;Coarse Asphalt;#NULL!;No Special Feature;Motorist Failed to Yield - Sign-Controlled Intersection;Local Street;B: Evident Injury;Wilson;52;Clear;#NULL!;21-25 mph;30 - 35  MPH;2007;Daylight;50-59
35.2096628814, -80.7570332149;"{""type"": ""Point"", ""coordinates"": [-80.75703321491801, 35.20966288137213]}";White;Charlotte;Sidewalk / Crosswalk / Driveway Crossing;2;17;Urban (>70% Developed);Female;Passenger Car;0;#NULL!;0;0;Black;No;0;40-49;Motorist Right Turn - Same Direction;None;No;No;Dry;0;Urban;No;29JUN2007;0;17:19;Female;No;Commercial;B: Evident Injury;Yes;O: No Injury;6661;June;0;Straight - Level;Piedmont;With Traffic;Stop And Go Signal;Friday;Intersection;47;0;Two-Way, Divided, Positive Median Barrier;4 lanes;0;#NULL!;#NULL!;Smooth Asphalt;#NULL!;Four-Way Intersection;Motorist Right Turn / Merge;Local Street;B: Evident Injury;Mecklenburg;58;Clear;#NULL!;11-15 mph;30 - 35  MPH;2007;Daylight;50-59
36.0224451215, -78.9176927066;"{""type"": ""Point"", ""coordinates"": [-78.91769270660595, 36.02244512154964]}";Black;Durham;Unknown;2;19;Urban (>70% Developed);Male;Passenger Car;0;#NULL!;0;0;White;No;0;16-19;Motorist Drive Out - Sign-Controlled Intersection;None;No;No;Dry;0;Urban;No;12APR2007;0;19:24;Male;No;Residential;C: Possible Injury;No;O: No Injury;6676;April;0;Straight - Level;Piedmont;Facing Traffic;Stop Sign;Thursday;Intersection;16;0;Two-Way, Not Divided;4 lanes;0;#NULL!;#NULL!;Smooth Asphalt;#NULL!;T-Intersection;Motorist Failed to Yield - Sign-Controlled Intersection;Local Street;C: Possible Injury;Durham;59;Clear;#NULL!;0-5 mph;30 - 35  MPH;2007;Daylight;50-59
35.6666869895, -80.4754291561;"{""type"": ""Point"", ""coordinates"": [-80.47542915607927, 35.66668698951161]}";White;Salisbury;Travel Lane;2;17;Urban (>70% Developed);Male;Passenger Car;0;#NULL!;0;0;White;No;0;11-15;Bicyclist Ride Through - Sign-Controlled Intersection;None;No;No;Dry;0;Urban;No;06JUL2007;0;17:17;Female;No;Residential;B: Evident Injury;Yes;O: No Injury;6680;July;0;Straight - Grade;Piedmont;With Traffic;Stop Sign;Friday;Intersection;14;0;Two-Way, Not Divided;2 lanes;0;#NULL!;#NULL!;Smooth Asphalt;#NULL!;Four-Way Intersection;Bicyclist Failed to Yield - Sign-Controlled Intersection;Local Street;B: Evident Injury;Rowan;58;Clear;#NULL!;21-25 mph;20 - 25  MPH;2007;Daylight;50-59
35.7665820763, -78.6411926085;"{""type"": ""Point"", ""coordinates"": [-78.6411926085188, 35.76658207630546]}";Black;Raleigh;Driveway / Alley;2;18;Urban (>70% Developed);Male;Passenger Car;0;#NULL!;0;0;Black;No;0;6-10;Bicyclist Ride Out - Commercial Driveway / Alley;None;No;No;Dry;0;Urban;No;10APR2007;0;18:44;Female;No;Residential;O: No Injury;No;O: No Injury;6686;April;0;Straight - Grade;Piedmont;Not Applicable;No Control Present;Tuesday;Non-Intersection;8;0;Two-Way, Not Divided;1 lane;0;#NULL!;#NULL!;Smooth Asphalt;#NULL!;No Special Feature;Bicyclist Failed to Yield - Midblock;Local Street;O: No Injury;Wake;29;Clear;#NULL!;16-20 mph;20 - 25  MPH;2007;Daylight;25-29
35.2925638819, -81.2369533632;"{""type"": ""Point"", ""coordinates"": [-81.236953363172, 35.29256388190221]}";White;None - Rural Crash;Travel Lane;2;17;Urban (>70% Developed);Male;Pickup;0;#NULL!;0;0;White;No;0;30-39;Motorist Overtaking - Undetected Bicyclist;None;No;No;Dry;0;Rural;No;17APR2007;0;17:05;Male;No;Residential;A: Disabling Injury;Yes;O: No Injury;6689;April;0;Straight - Level;Piedmont;With Traffic;No Control Present;Tuesday;Non-Intersection;39;0;Two-Way, Not Divided;2 lanes;0;#NULL!;#NULL!;Smooth Asphalt;#NULL!;No Special Feature;Motorist Overtaking Bicyclist;NC Route;A: Disabling Injury;Gaston;27;Clear;#NULL!;46-50 mph;40 - 45  MPH;2007;Daylight;25-29
36.0935970868, -80.2791471213;"{""type"": ""Point"", ""coordinates"": [-80.27914712132798, 36.093597086753384]}";White;Winston-Salem;Sidewalk / Crosswalk / Driveway Crossing;2;16;Urban (>70% Developed);Male;Passenger Car;0;#NULL!;0;0;White;No;0;30-39;Motorist Right Turn - Same Direction;None;No;No;Dry;0;Urban;No;14APR2007;0;16:11;Female;No;Commercial;B: Evident Injury;Yes;O: No Injury;6698;April;0;Straight - Level;Piedmont;With Traffic;No Control Present;Saturday;Intersection;35;0;One-Way, Not Divided;1 lane;0;#NULL!;#NULL!;Smooth Asphalt;#NULL!;On or Off Ramp;Motorist Right Turn / Merge;US Route;B: Evident Injury;Forsyth;37;Clear;#NULL!;21-25 mph;40 - 45  MPH;2007;Daylight;30-39
35.1035868574, -80.8092072247;"{""type"": ""Point"", ""coordinates"": [-80.80920722467555, 35.10358685742722]}";White;Charlotte;Driveway / Alley;2;19;Urban (>70% Developed);Male;Sport Utility;0;#NULL!;0;0;White;No;0;6-10;Bicyclist Lost Control - Mechanical Problems;None;No;No;Dry;0;Urban;No;20APR2007;0;19:55;Female;No;Residential;C: Possible Injury;Yes;O: No Injury;6700;April;0;Straight - Level;Piedmont;Not Applicable;No Control Present;Friday;Non-Intersection;7;0;Two-Way, Not Divided;2 lanes;0;#NULL!;#NULL!;Smooth Asphalt;#NULL!;No Special Feature;Loss of Control / Turning Error;Local Street;C: Possible Injury;Mecklenburg;41;Clear;#NULL!;11-15 mph;30 - 35  MPH;2007;Daylight;40-49
35.2177998728, -81.0471073016;"{""type"": ""Point"", ""coordinates"": [-81.04710730162972, 35.217799872803575]}";Hispanic;Belmont;Travel Lane;2;13;Urban (>70% Developed);Male;Passenger Car;0;#NULL!;0;0;White;No;0;6-10;Bicyclist Ride Through - Sign-Controlled Intersection;None;No;No;Dry;0;Urban;No;21APR2007;0;13:54;Male;No;Residential;B: Evident Injury;Yes;O: No Injury;6703;April;0;Straight - Level;Piedmont;With Traffic;Stop Sign;Saturday;Intersection;6;0;Two-Way, Not Divided;2 lanes;0;#NULL!;#NULL!;Coarse Asphalt;#NULL!;T-Intersection;Bicyclist Failed to Yield - Sign-Controlled Intersection;Local Street;B: Evident Injury;Gaston;35;Clear;#NULL!;11-15 mph;30 - 35  MPH;2007;Daylight;30-39
36.037433126, -78.8930126999;"{""type"": ""Point"", ""coordinates"": [-78.8930126998623, 36.03743312599476]}";Black;Durham;Travel Lane;2;12;Urban (>70% Developed);Male;Passenger Car;0;#NULL!;0;0;Black;No;0;40-49;Motorist Drive Out - Commercial Driveway / Alley;None;No;No;Dry;0;Urban;No;23JUL2007;0;12:28;Female;No;Commercial;O: No Injury;Yes;O: No Injury;6712;July;0;Straight - Level;Piedmont;Facing Traffic;Stop Sign;Monday;Non-Intersection;46;0;Two-Way, Not Divided;Unknown;0;#NULL!;#NULL!;Coarse Asphalt;#NULL!;Driveway, Public;Motorist Failed to Yield - Midblock;Public Vehicular Area;O: No Injury;Durham;57;Clear;#NULL!;0-5 mph;5 - 15 MPH;2007;Daylight;50-59
35.2193468821, -80.7988032282;"{""type"": ""Point"", ""coordinates"": [-80.79880322822851, 35.219346882142695]}";Black;Charlotte;Sidewalk / Crosswalk / Driveway Crossing;2;16;Urban (>70% Developed);Male;Van;0;#NULL!;0;0;Black;No;0;30-39;Motorist Right Turn - Same Direction;None;No;No;Dry;0;Urban;No;26JUL2007;0;16:04;Male;No;Commercial;B: Evident Injury;Yes;O: No Injury;6724;July;0;Straight - Grade;Piedmont;With Traffic;No Control Present;Thursday;Non-Intersection;37;0;Two-Way, Not Divided;4 lanes;0;#NULL!;#NULL!;Smooth Asphalt;#NULL!;Driveway, Public;Motorist Right Turn / Merge;Local Street;B: Evident Injury;Mecklenburg;45;Clear;#NULL!;0-5 mph;30 - 35  MPH;2007;Daylight;40-49
36.1003790905, -80.2269331062;"{""type"": ""Point"", ""coordinates"": [-80.22693310618472, 36.10037909052314]}";Black;Winston-Salem;Travel Lane;2;20;Urban (>70% Developed);Male;Passenger Car;0;#NULL!;0;0;Black;No;0;50-59;Bicyclist Ride Through - Sign-Controlled Intersection;None;No;No;Dry;0;Urban;No;29APR2007;0;20:35;Male;No;Residential;A: Disabling Injury;Yes;B: Evident Injury;6727;April;0;Straight - Level;Piedmont;Facing Traffic;Stop Sign;Sunday;Intersection;53;0;Two-Way, Not Divided;3 lanes;0;#NULL!;#NULL!;Smooth Asphalt;#NULL!;T-Intersection;Bicyclist Failed to Yield - Sign-Controlled Intersection;Local Street;A: Disabling Injury;Forsyth;70+;Clear;#NULL!;31-35 mph;30 - 35  MPH;2007;Dark - Lighted Roadway;70+
34.9815738404, -80.5432771389;"{""type"": ""Point"", ""coordinates"": [-80.54327713887415, 34.98157384044797]}";Black;Monroe;Unknown;2;8;Mixed (30% To 70% Developed);Male;Pickup;0;#NULL!;0;0;White;No;0;40-49;Motorist Right Turn - Same Direction;None;No;No;Dry;0;Urban;No;30JUL2007;0;8:20;Male;No;Commercial;C: Possible Injury;Yes;O: No Injury;6734;July;0;Straight - Grade;Piedmont;With Traffic;No Control Present;Monday;Intersection;44;0;One-Way, Not Divided;1 lane;0;#NULL!;#NULL!;Smooth Asphalt;#NULL!;T-Intersection;Motorist Right Turn / Merge;Local Street;C: Possible Injury;Union;36;Cloudy;#NULL!;0-5 mph;5 - 15 MPH;2007;Daylight;30-39
35.0304328411, -80.8206432249;"{""type"": ""Point"", ""coordinates"": [-80.8206432249116, 35.030432841111846]}";White;Charlotte;Sidewalk / Crosswalk / Driveway Crossing;2;16;Urban (>70% Developed);Male;Pickup;0;#NULL!;0;0;Black;No;0;11-15;Bicyclist Ride Out - Signalized  Intersection;None;No;No;Dry;0;Urban;No;30APR2007;0;16:34;Male;No;Residential;O: No Injury;No;O: No Injury;6737;April;0;Straight - Level;Piedmont;Facing Traffic;Stop And Go Signal;Monday;Intersection;13;0;Two-Way, Divided, Unprotected Median;4 lanes;0;#NULL!;#NULL!;Smooth Asphalt;#NULL!;No Special Feature;Bicyclist Failed to Yield - Signalized Intersection;Local Street;O: No Injury;Mecklenburg;57;Clear;#NULL!;16-20 mph;30 - 35  MPH;2007;Daylight;50-59
34.2467297652, -78.0568223555;"{""type"": ""Point"", ""coordinates"": [-78.05682235554903, 34.246729765211626]}";White;None - Rural Crash;Travel Lane;2;22;Rural (<30% Developed);Male;Pickup;0;#NULL!;0;0;Black;No;0;50-59;Motorist Overtaking - Undetected Bicyclist;None;No;No;Dry;0;Rural;No;04MAY2007;0;22:17;Female;No;Residential;B: Evident Injury;Yes;O: No Injury;6745;May;0;Straight - Level;Coastal;With Traffic;No Control Present;Friday;Non-Intersection;54;0;Two-Way, Not Divided;2 lanes;0;#NULL!;#NULL!;Coarse Asphalt;#NULL!;No Special Feature;Motorist Overtaking Bicyclist;State Secondary Route;B: Evident Injury;Brunswick;16;Clear;#NULL!;41-45 mph;40 - 45  MPH;2007;Dark - Roadway Not Lighted;0-19
35.4874268761, -82.4775137416;"{""type"": ""Point"", ""coordinates"": [-82.47751374159864, 35.487426876114505]}";White;None - Rural Crash;Travel Lane;2;17;Rural (<30% Developed);Male;Pickup;0;#NULL!;0;0;White;No;0;20-24;Bicyclist Left Turn - Same Direction;None;No;No;Dry;0;Rural;No;04MAY2007;0;17:30;Male;No;Farms, Woods, Pastures;A: Disabling Injury;Yes;O: No Injury;6746;May;0;Straight - Grade;Mountains;With Traffic;Double Yellow Line, No Passing Zone;Friday;Intersection;20;0;Two-Way, Not Divided;2 lanes;0;#NULL!;#NULL!;Smooth Asphalt;#NULL!;T-Intersection;Bicyclist Left Turn / Merge;State Secondary Route;A: Disabling Injury;Buncombe;40;Cloudy;#NULL!;41-45 mph;40 - 45  MPH;2007;Daylight;40-49
35.1968368648, -81.1523533328;"{""type"": ""Point"", ""coordinates"": [-81.15235333276192, 35.19683686481284]}";White;None - Rural Crash;Travel Lane;2;20;Mixed (30% To 70% Developed);Male;Passenger Car;0;#NULL!;0;0;White;No;0;50-59;Motorist Overtaking - Misjudged Space;None;No;No;Dry;0;Rural;No;07MAY2007;0;20:06;Male;No;Commercial;C: Possible Injury;Yes;O: No Injury;6752;May;0;Curve - Level;Piedmont;With Traffic;Double Yellow Line, No Passing Zone;Monday;Non-Intersection;52;0;Two-Way, Not Divided;2 lanes;0;#NULL!;#NULL!;Smooth Asphalt;#NULL!;No Special Feature;Motorist Overtaking Bicyclist;NC Route;C: Possible Injury;Gaston;70+;Clear;#NULL!;41-45 mph;40 - 45  MPH;2007;Daylight;70+
35.9173571379, -77.8075583638;"{""type"": ""Point"", ""coordinates"": [-77.80755836380803, 35.917357137854744]}";Black;Rocky Mount;Travel Lane;2;15;Urban (>70% Developed);Male;Passenger Car;0;#NULL!;0;0;Black;No;0;30-39;Bicyclist Right Turn - Same Direction;None;No;No;Dry;0;Urban;No;07MAY2007;0;15:37;Female;No;Residential;O: No Injury;No;O: No Injury;6753;May;0;Straight - Grade;Coastal;Facing Traffic;No Control Present;Monday;Non-Intersection;32;0;Two-Way, Not Divided;3 lanes;0;#NULL!;#NULL!;Coarse Asphalt;#NULL!;No Special Feature;Bicyclist Right Turn / Merge;Local Street;O: No Injury;Nash;35;Clear;#NULL!;0-5 mph;30 - 35  MPH;2007;Daylight;30-39
36.2815622703, -76.2234358966;"{""type"": ""Point"", ""coordinates"": [-76.22343589655726, 36.28156227029529]}";White;Elizabeth City;Unknown;2;20;Urban (>70% Developed);Male;Passenger Car;0;#NULL!;0;0;White;No;0;40-49;Motorist Left Turn - Opposite Direction;None;No;No;Wet;0;Urban;No;08MAY2007;0;20:56;Male;No;Residential;B: Evident Injury;Yes;O: No Injury;6755;May;0;Straight - Level;Coastal;With Traffic;Stop And Go Signal;Tuesday;Intersection;49;0;Two-Way, Divided, Unprotected Median;5 lanes;0;#NULL!;#NULL!;Coarse Asphalt;#NULL!;Four-Way Intersection;Motorist Left Turn / Merge;Local Street;B: Evident Injury;Pasquotank;20;Cloudy;#NULL!;21-25 mph;50 - 55  MPH;2007;Dark - Lighted Roadway;20-24
36.0615610779, -80.323813133;"{""type"": ""Point"", ""coordinates"": [-80.32381313304654, 36.06156107794445]}";Black;Winston-Salem;Travel Lane;2;17;Urban (>70% Developed);Male;Passenger Car;0;#NULL!;0;0;Black;No;0;6-10;Unknown Approach Paths;None;No;No;Dry;0;Urban;Yes;08MAY2007;0;17:06;Female;No;Residential;A: Disabling Injury;Yes;O: No Injury;6757;May;0;Straight - Level;Piedmont;Unknown;No Control Present;Tuesday;Non-Intersection;6;0;Two-Way, Not Divided;2 lanes;0;#NULL!;#NULL!;Smooth Asphalt;#NULL!;No Special Feature;Other / Unknown - Insufficient Details;Local Street;A: Disabling Injury;Forsyth;18;Clear;#NULL!;36-40 mph;30 - 35  MPH;2007;Daylight;0-19
35.2133398786, -80.8557772447;"{""type"": ""Point"", ""coordinates"": [-80.85577724470177, 35.213339878561754]}";Hispanic;Charlotte;Sidewalk / Crosswalk / Driveway Crossing;2;12;Urban (>70% Developed);Male;Passenger Car;0;#NULL!;0;0;Black;No;0;25-29;Motorist Right Turn - Same Direction;None;No;No;Dry;0;Urban;No;04AUG2007;0;12:29;Female;No;Commercial;O: No Injury;No;O: No Injury;6764;August;0;Straight - Level;Piedmont;With Traffic;No Control Present;Saturday;Non-Intersection;29;0;Two-Way, Not Divided;Unknown;0;#NULL!;#NULL!;Smooth Asphalt;#NULL!;No Special Feature;Motorist Right Turn / Merge;Public Vehicular Area;O: No Injury;Mecklenburg;23;Clear;#NULL!;0-5 mph;30 - 35  MPH;2007;Daylight;20-24
35.1640768675, -80.873623247;"{""type"": ""Point"", ""coordinates"": [-80.8736232469996, 35.1640768674831]}";Other;Charlotte;Travel Lane;2;16;Urban (>70% Developed);Male;Unknown;0;#NULL!;0;0;Unknown/Missing;No;0;40-49;Motorist Right Turn - Same Direction;None;No;No;Dry;0;Urban;Yes;13MAY2007;0;16:44;Unknown;Missing;Residential;A: Disabling Injury;Yes;Unknown Injury;6772;May;0;Straight - Hillcrest;Piedmont;With Traffic;No Control Present;Sunday;Non-Intersection;48;0;Two-Way, Divided, Unprotected Median;4 lanes;0;#NULL!;#NULL!;Smooth Asphalt;#NULL!;No Special Feature;Motorist Right Turn / Merge;Local Street;A: Disabling Injury;Mecklenburg;Unknown;Clear;#NULL!;21-25 mph;30 - 35  MPH;2007;Daylight;Unknown
35.2203938807, -80.8350232395;"{""type"": ""Point"", ""coordinates"": [-80.83502323945832, 35.22039388071715]}";White;Charlotte;Travel Lane;2;14;Urban (>70% Developed);Female;Unknown;0;#NULL!;0;0;Unknown/Missing;No;0;25-29;Bicyclist Ride Through - Signalized Intersection;None;No;No;Dry;0;Urban;Yes;17AUG2007;0;14:27;Unknown;Missing;Commercial;B: Evident Injury;Yes;Unknown Injury;6787;August;0;Straight - Level;Piedmont;Facing Traffic;Stop And Go Signal;Friday;Intersection;25;0;Two-Way, Not Divided;3 lanes;0;#NULL!;#NULL!;Smooth Asphalt;#NULL!;Four-Way Intersection;Bicyclist Failed to Yield - Signalized Intersection;Local Street;B: Evident Injury;Mecklenburg;Unknown;Clear;#NULL!;Unknown;Unknown;2007;Daylight;Unknown
35.2506098902, -80.7750732226;"{""type"": ""Point"", ""coordinates"": [-80.77507322259306, 35.25060989017694]}";Black;Charlotte;Sidewalk / Crosswalk / Driveway Crossing;2;11;Urban (>70% Developed);Female;Passenger Car;0;#NULL!;0;0;Black;No;0;30-39;Motorist Drive Out - Residential Driveway;None;No;No;Dry;0;Urban;No;18AUG2007;0;11:09;Female;No;Residential;B: Evident Injury;Yes;O: No Injury;6789;August;0;Straight - Level;Piedmont;Facing Traffic;No Control Present;Saturday;Non-Intersection;30;0;Unknown;Unknown;0;#NULL!;#NULL!;Grooved Concrete;#NULL!;No Special Feature;Motorist Failed to Yield - Midblock;Public Vehicular Area;B: Evident Injury;Mecklenburg;28;Clear;#NULL!;0-5 mph;40 - 45  MPH;2007;Daylight;25-29
35.7817870759, -78.7675726476;"{""type"": ""Point"", ""coordinates"": [-78.76757264758821, 35.78178707590932]}";White;Cary;Travel Lane;2;18;Urban (>70% Developed);Male;Passenger Car;0;#NULL!;0;0;White;No;0;40-49;Bicyclist Left Turn - Same Direction;None;No;No;Wet;0;Urban;No;21AUG2007;0;18:51;Female;No;Residential;B: Evident Injury;Yes;O: No Injury;6795;August;0;Straight - Level;Piedmont;With Traffic;No Control Present;Tuesday;Intersection;40;0;Two-Way, Not Divided;4 lanes;0;#NULL!;#NULL!;Coarse Asphalt;#NULL!;No Special Feature;Bicyclist Left Turn / Merge;Local Street;B: Evident Injury;Wake;44;Cloudy;#NULL!;16-20 mph;20 - 25  MPH;2007;Daylight;40-49