Geo Point;Geo Shape;BikeRace;City;BikePos;NumUnits;CrashHour;Locality;BikeSex;DrvrVehTyp;NumBikesNo;BikeAlcDrg;NumBikesBI;RteInvdCd;DrvrRace;Workzone;NumBikesCi;BikeAgeGrp;CrashType;RdDefects;CrashAlcoh;BikeAlcoho;RdConditio;DstncMiFrm;RuralUrban;HitRun;CrashDate;NumBikesUI;CrashTime;DrvrSex;DrvrAlcoho;Developmen;CrashSevr;AmbulanceR;DrvrInjury;OBJECTID;CrashMonth;NumBikesKi;RdCharacte;Region;BikeDir;TraffCntrl;CrashDay;CrashLoc;BikeAge;NumBikesTo;RdConfig;NumLanes;NumBikesAI;DrvrAlcDrg;OnRoad;RdSurface;Towrd_Rd;RdFeature;CrashGrp;RdClass;BikeInjury;County;DrvrAge;Weather;FrmRd;DrvrEstSpd;SpeedLimit;CrashYear;LightCond;DrvrAgeGrp
34.9242318209, -80.7472231968;"{""type"": ""Point"", ""coordinates"": [-80.7472231968251, 34.92423182093082]}";Black;Waxhaw;Sidewalk / Crosswalk / Driveway Crossing;2;19;Urban (>70% Developed);Male;Passenger Car;0;#NULL!;0;0;Native American;No;0;11-15;Motorist Left Turn - Opposite Direction;None;No;No;Dry;0;Rural;No;06MAY2007;0;19:14;Female;No;Residential;O: No Injury;No;O: No Injury;6797;May;0;Straight - Level;Piedmont;With Traffic;No Control Present;Sunday;Intersection;11;0;Two-Way, Not Divided;2 lanes;0;#NULL!;#NULL!;Coarse Asphalt;#NULL!;No Special Feature;Motorist Left Turn / Merge;Local Street;O: No Injury;Union;36;Clear;#NULL!;0-5 mph;Unknown;2007;Daylight;30-39
34.7218549065, -76.9375920388;"{""type"": ""Point"", ""coordinates"": [-76.93759203877487, 34.72185490645774]}";White;None - Rural Crash;Travel Lane;2;22;Mixed (30% To 70% Developed);Male;Van;0;#NULL!;0;0;Unknown/Missing;No;0;16-19;Motorist Overtaking - Other / Unknown;None;No;No;Dry;0;Rural;Yes;21MAY2007;0;22:15;Unknown;Missing;Residential;B: Evident Injury;Yes;Unknown Injury;6798;May;0;Curve - Level;Coastal;Facing Traffic;Double Yellow Line, No Passing Zone;Monday;Non-Intersection;18;0;Two-Way, Not Divided;2 lanes;0;#NULL!;#NULL!;Coarse Asphalt;#NULL!;No Special Feature;Motorist Overtaking Bicyclist;State Secondary Route;B: Evident Injury;Carteret;Unknown;Clear;#NULL!;Unknown;30 - 35  MPH;2007;Dark - Roadway Not Lighted;Unknown
35.986827115, -78.8977426982;"{""type"": ""Point"", ""coordinates"": [-78.89774269821726, 35.98682711503933]}";Black;Durham;Non-Roadway;2;14;Urban (>70% Developed);Male;Sport Utility;0;#NULL!;0;0;Unknown/Missing;No;0;40-49;Non-Roadway;None;No;No;Dry;0;Urban;No;25AUG2007;0;14:12;Unknown;Missing;Commercial;B: Evident Injury;Yes;Unknown Injury;6810;August;0;Curve - Hillcrest;Piedmont;Unknown;No Control Present;Saturday;Non-Roadway;48;0;Two-Way, Not Divided;Unknown;0;#NULL!;#NULL!;Smooth Asphalt;#NULL!;No Special Feature;Non-Roadway;Public Vehicular Area;B: Evident Injury;Durham;Unknown;Clear;#NULL!;0-5 mph;30 - 35  MPH;2007;Daylight;Unknown
36.1450070929, -80.4126731646;"{""type"": ""Point"", ""coordinates"": [-80.41267316464182, 36.14500709287891]}";White;Lewisville;Travel Lane;2;16;Rural (<30% Developed);Male;Passenger Car;0;#NULL!;0;0;White;No;0;50-59;Motorist Overtaking - Other / Unknown;None;No;No;Dry;0;Urban;No;24MAY2007;0;16:29;Male;No;Residential;C: Possible Injury;No;O: No Injury;6812;May;0;Straight - Level;Piedmont;With Traffic;Double Yellow Line, No Passing Zone;Thursday;Non-Intersection;56;0;Two-Way, Not Divided;2 lanes;0;#NULL!;#NULL!;Smooth Asphalt;#NULL!;No Special Feature;Motorist Overtaking Bicyclist;State Secondary Route;C: Possible Injury;Forsyth;26;Clear;#NULL!;21-25 mph;40 - 45  MPH;2007;Daylight;25-29
36.0829231157, -79.4311778651;"{""type"": ""Point"", ""coordinates"": [-79.43117786505218, 36.08292311573361]}";Black;Burlington;Travel Lane;2;16;Urban (>70% Developed);Male;Passenger Car;0;#NULL!;0;0;Black;No;0;6-10;Bicyclist Right Turn - Opposite Direction;None;No;No;Dry;0;Urban;No;25MAY2007;0;16:42;Male;No;Residential;B: Evident Injury;Yes;O: No Injury;6815;May;0;Straight - Grade;Piedmont;Unknown;No Control Present;Friday;Non-Intersection;7;0;Two-Way, Not Divided;2 lanes;0;#NULL!;#NULL!;Smooth Asphalt;#NULL!;No Special Feature;Bicyclist Right Turn / Merge;Local Street;B: Evident Injury;Alamance;70+;Clear;#NULL!;11-15 mph;30 - 35  MPH;2007;Daylight;70+
34.2775027792, -77.8389322912;"{""type"": ""Point"", ""coordinates"": [-77.83893229123836, 34.277502779242475]}";Hispanic;None - Rural Crash;Driveway / Alley;2;20;Urban (>70% Developed);Male;Sport Utility;0;#NULL!;0;0;White;No;0;6-10;Bicyclist Ride Out - Residential Driveway;None;No;No;Dry;0;Rural;No;26MAY2007;0;20:20;Female;No;Residential;C: Possible Injury;Yes;O: No Injury;6822;May;0;Straight - Grade;Coastal;Not Applicable;No Control Present;Saturday;Non-Intersection;7;0;Two-Way, Not Divided;2 lanes;0;#NULL!;#NULL!;Smooth Asphalt;#NULL!;Driveway, Private;Bicyclist Failed to Yield - Midblock;State Secondary Route;C: Possible Injury;New Hanover;28;Clear;#NULL!;26-30 mph;30 - 35  MPH;2007;Dark - Roadway Not Lighted;25-29
35.8308569831, -81.5546984871;"{""type"": ""Point"", ""coordinates"": [-81.55469848707914, 35.8308569830989]}";White;None - Rural Crash;Travel Lane;2;11;Mixed (30% To 70% Developed);Male;Passenger Car;0;#NULL!;0;0;White;No;0;40-49;Motorist Overtaking - Other / Unknown;None;Yes;Yes;Dry;0;Rural;No;27MAY2007;0;11:49;Male;No;Residential;B: Evident Injury;Yes;O: No Injury;6825;May;0;Straight - Level;Mountains;With Traffic;Double Yellow Line, No Passing Zone;Sunday;Non-Intersection;40;0;Two-Way, Not Divided;2 lanes;0;#NULL!;#NULL!;Smooth Asphalt;#NULL!;No Special Feature;Motorist Overtaking Bicyclist;State Secondary Route;B: Evident Injury;Caldwell;19;Clear;#NULL!;41-45 mph;40 - 45  MPH;2007;Dark - Roadway Not Lighted;0-19
35.5940668955, -82.5569837711;"{""type"": ""Point"", ""coordinates"": [-82.55698377108484, 35.594066895466966]}";White;Asheville;Sidewalk / Crosswalk / Driveway Crossing;2;17;Urban (>70% Developed);Male;Unknown;0;#NULL!;0;0;Unknown/Missing;No;0;25-29;Signalized Intersection - Other / Unknown;None;No;No;Dry;0;Urban;Yes;02MAY2007;0;17:15;Unknown;Missing;Commercial;C: Possible Injury;No;Unknown Injury;6828;May;0;Straight - Level;Mountains;Facing Traffic;Stop And Go Signal;Wednesday;Intersection;27;0;Two-Way, Not Divided;2 lanes;0;#NULL!;#NULL!;Smooth Asphalt;#NULL!;Related To Intersection;Crossing Paths - Other Circumstances;Local Street;C: Possible Injury;Buncombe;Unknown;Clear;#NULL!;Unknown;Unknown;2007;Daylight;Unknown
34.7040319091, -76.7379479777;"{""type"": ""Point"", ""coordinates"": [-76.73794797772695, 34.70403190912372]}";White;Atlantic Beach;Travel Lane;2;22;Urban (>70% Developed);Male;Passenger Car;0;#NULL!;0;0;White;No;0;25-29;Motorist Overtaking - Misjudged Space;None;Yes;Yes;Dry;0;Rural;No;30MAY2007;0;22:05;Male;No;Commercial;O: No Injury;Yes;O: No Injury;6834;May;0;Straight - Level;Coastal;With Traffic;No Control Present;Wednesday;Non-Intersection;26;0;Two-Way, Divided, Unprotected Median;5 lanes;0;#NULL!;#NULL!;Smooth Asphalt;#NULL!;No Special Feature;Motorist Overtaking Bicyclist;Local Street;O: No Injury;Carteret;44;Clear;#NULL!;26-30 mph;30 - 35  MPH;2007;Dark - Lighted Roadway;40-49
35.2550368863, -80.8975632599;"{""type"": ""Point"", ""coordinates"": [-80.8975632599254, 35.25503688632407]}";Black;Charlotte;Travel Lane;2;20;Mixed (30% To 70% Developed);Female;Unknown;0;#NULL!;0;0;Unknown/Missing;No;0;16-19;Motorist Overtaking - Misjudged Space;None;No;No;Dry;0;Urban;Yes;02SEP2007;0;20:04;Unknown;Missing;Commercial;C: Possible Injury;No;Unknown Injury;6840;September;0;Straight - Level;Piedmont;With Traffic;No Control Present;Sunday;Non-Intersection;16;0;Two-Way, Not Divided;2 lanes;0;#NULL!;#NULL!;Concrete;#NULL!;No Special Feature;Motorist Overtaking Bicyclist;Local Street;C: Possible Injury;Mecklenburg;Unknown;Clear;#NULL!;Unknown;Unknown;2007;Daylight;Unknown
35.2488868894, -80.7809832247;"{""type"": ""Point"", ""coordinates"": [-80.78098322473267, 35.24888688940259]}";Black;Charlotte;Sidewalk / Crosswalk / Driveway Crossing;2;7;Urban (>70% Developed);Male;Passenger Car;0;#NULL!;0;0;White;No;0;20-24;Motorist Drive Out - Commercial Driveway / Alley;None;No;No;Dry;0;Urban;No;30MAY2007;0;7:57;Female;No;Commercial;C: Possible Injury;Yes;O: No Injury;6845;May;0;Straight - Level;Piedmont;Facing Traffic;Stop Sign;Wednesday;Non-Intersection;22;0;Two-Way, Divided, Positive Median Barrier;4 lanes;0;#NULL!;#NULL!;Smooth Asphalt;#NULL!;Driveway, Public;Motorist Failed to Yield - Midblock;Local Street;C: Possible Injury;Mecklenburg;28;Clear;#NULL!;Unknown;30 - 35  MPH;2007;Daylight;25-29
35.8000630865, -78.5624725871;"{""type"": ""Point"", ""coordinates"": [-78.56247258708889, 35.80006308647211]}";Black;Raleigh;Travel Lane;2;13;Urban (>70% Developed);Male;Passenger Car;0;#NULL!;0;0;White;No;0;25-29;Motorist Drive Out - Sign-Controlled Intersection;None;No;No;Dry;0;Urban;No;05JUN2007;0;13:26;Female;No;Commercial;C: Possible Injury;No;O: No Injury;6853;June;0;Straight - Level;Piedmont;Facing Traffic;Stop Sign;Tuesday;Intersection;26;0;Two-Way, Not Divided;2 lanes;0;#NULL!;#NULL!;Smooth Asphalt;#NULL!;No Special Feature;Motorist Failed to Yield - Sign-Controlled Intersection;Public Vehicular Area;C: Possible Injury;Wake;41;Clear;#NULL!;0-5 mph;5 - 15 MPH;2007;Daylight;40-49
35.0598939117, -79.010582684;"{""type"": ""Point"", ""coordinates"": [-79.01058268403081, 35.059893911661]}";Black;Fayetteville;Sidewalk / Crosswalk / Driveway Crossing;2;12;Urban (>70% Developed);Male;Passenger Car;0;#NULL!;0;0;Black;No;0;11-15;Motorist Drive Out - Sign-Controlled Intersection;None;No;No;Dry;0;Urban;No;06JUN2007;0;12:54;Male;No;Commercial;C: Possible Injury;Yes;O: No Injury;6855;June;0;Straight - Level;Coastal;Facing Traffic;Stop Sign;Wednesday;Intersection;14;0;Two-Way, Divided, Positive Median Barrier;2 lanes;0;#NULL!;#NULL!;Concrete;#NULL!;No Special Feature;Motorist Failed to Yield - Sign-Controlled Intersection;Local Street;C: Possible Injury;Cumberland;20;Clear;#NULL!;6-10 mph;5 - 15 MPH;2007;Daylight;20-24
36.4529671519, -80.5412232206;"{""type"": ""Point"", ""coordinates"": [-80.5412232205913, 36.45296715190134]}";White;None - Rural Crash;Travel Lane;2;16;Mixed (30% To 70% Developed);Male;Pickup;0;#NULL!;0;0;White;No;0;11-15;Bicyclist Ride Through - Sign-Controlled Intersection;None;No;No;Dry;0;Rural;No;06JUN2007;0;16:20;Male;No;Residential;B: Evident Injury;Yes;O: No Injury;6858;June;0;Straight - Grade;Mountains;Facing Traffic;Stop Sign;Wednesday;Intersection;13;0;Two-Way, Not Divided;2 lanes;0;#NULL!;#NULL!;Smooth Asphalt;#NULL!;T-Intersection;Bicyclist Failed to Yield - Sign-Controlled Intersection;State Secondary Route;B: Evident Injury;Surry;20;Clear;#NULL!;41-45 mph;50 - 55  MPH;2007;Daylight;20-24
34.9229728561, -79.755198901;"{""type"": ""Point"", ""coordinates"": [-79.75519890096632, 34.92297285612384]}";White;Rockingham;Travel Lane;2;20;Urban (>70% Developed);Male;Passenger Car;0;#NULL!;0;0;Unknown/Missing;No;0;30-39;Motorist Overtaking - Other / Unknown;None;No;No;Dry;0;Urban;Yes;07JUN2007;0;20:49;Unknown;Missing;Residential;B: Evident Injury;Yes;Unknown Injury;6860;June;0;Straight - Level;Piedmont;With Traffic;No Control Present;Thursday;Non-Intersection;36;0;Two-Way, Not Divided;2 lanes;0;#NULL!;#NULL!;Smooth Asphalt;#NULL!;No Special Feature;Motorist Overtaking Bicyclist;Local Street;B: Evident Injury;Richmond;Unknown;Clear;#NULL!;Unknown;30 - 35  MPH;2007;Dark - Lighted Roadway;Unknown
35.1645428741, -80.6915081927;"{""type"": ""Point"", ""coordinates"": [-80.69150819274351, 35.16454287411958]}";White;Mint Hill;Travel Lane;2;18;Mixed (30% To 70% Developed);Male;Passenger Car;0;#NULL!;0;0;White;No;0;11-15;Bicyclist Ride Through - Sign-Controlled Intersection;None;No;No;Wet;0;Urban;No;08JUN2007;0;18:45;Female;No;Residential;B: Evident Injury;Yes;O: No Injury;6866;June;0;Straight - Grade;Piedmont;With Traffic;Stop Sign;Friday;Intersection;15;0;Two-Way, Not Divided;2 lanes;0;#NULL!;#NULL!;Smooth Asphalt;#NULL!;T-Intersection;Bicyclist Failed to Yield - Sign-Controlled Intersection;Local Street;B: Evident Injury;Mecklenburg;51;Rain;#NULL!;26-30 mph;30 - 35  MPH;2007;Dark - Lighted Roadway;50-59
35.8325300936, -78.5600825873;"{""type"": ""Point"", ""coordinates"": [-78.56008258732192, 35.83253009361532]}";Black;Raleigh;Sidewalk / Crosswalk / Driveway Crossing;2;14;Urban (>70% Developed);Male;Pickup;0;#NULL!;0;0;White;No;0;20-24;Bicyclist Ride Through - Signalized Intersection;None;No;No;Dry;0;Urban;No;11JUN2007;0;14:13;Male;No;Commercial;O: No Injury;Yes;O: No Injury;6881;June;0;Straight - Level;Piedmont;Facing Traffic;Stop And Go Signal;Monday;Intersection;20;0;Two-Way, Not Divided;8 lanes;0;#NULL!;#NULL!;Smooth Asphalt;#NULL!;Four-Way Intersection;Bicyclist Failed to Yield - Signalized Intersection;Local Street;Unknown Injury;Wake;70+;Clear;#NULL!;11-15 mph;30 - 35  MPH;2007;Daylight;70+
36.0264570688, -80.3813231475;"{""type"": ""Point"", ""coordinates"": [-80.38132314749372, 36.02645706876629]}";Hispanic;Clemmons;Driveway / Alley;2;14;Mixed (30% To 70% Developed);Male;Pickup;0;#NULL!;0;0;White;No;0;0-5;Bicyclist Ride Out - Residential Driveway;None;No;No;Dry;0;Urban;No;13JUN2007;0;14:10;Male;No;Commercial;B: Evident Injury;No;O: No Injury;6885;June;0;Straight - Level;Piedmont;Not Applicable;No Control Present;Wednesday;Non-Intersection;4;0;Two-Way, Not Divided;2 lanes;0;#NULL!;#NULL!;Smooth Asphalt;#NULL!;Driveway, Private;Bicyclist Failed to Yield - Midblock;State Secondary Route;B: Evident Injury;Forsyth;62;Clear;#NULL!;21-25 mph;30 - 35  MPH;2007;Daylight;60-69
36.0871771045, -79.753232962;"{""type"": ""Point"", ""coordinates"": [-79.7532329619516, 36.08717710451669]}";Black;Greensboro;Non-Roadway;2;17;Urban (>70% Developed);Male;Passenger Car;0;#NULL!;0;0;Black;No;0;6-10;Non-Roadway;None;No;No;Dry;0;Urban;No;12JUN2007;0;17:44;Female;No;Residential;C: Possible Injury;Yes;O: No Injury;6886;June;0;Straight - Level;Piedmont;Unknown;No Control Present;Tuesday;Non-Roadway;9;0;Two-Way, Not Divided;2 lanes;0;#NULL!;#NULL!;Smooth Asphalt;#NULL!;No Special Feature;Non-Roadway;Local Street;C: Possible Injury;Guilford;24;Clear;#NULL!;Unknown;Unknown;2007;Daylight;20-24
35.2164669092, -80.0251929965;"{""type"": ""Point"", ""coordinates"": [-80.02519299650056, 35.216466909246115]}";White;None - Rural Crash;Non-Roadway;2;17;Rural (<30% Developed);Male;Sport Utility;0;#NULL!;0;0;White;No;0;16-19;Bicyclist Ride Out - Other Midblock;None;No;No;Dry;0;Rural;No;15JUN2007;0;17:56;Female;No;Farms, Woods, Pastures;B: Evident Injury;Yes;O: No Injury;6894;June;0;Curve - Level;Piedmont;Not Applicable;Double Yellow Line, No Passing Zone;Friday;Non-Intersection;19;0;Two-Way, Not Divided;2 lanes;0;#NULL!;#NULL!;Smooth Asphalt;#NULL!;No Special Feature;Bicyclist Failed to Yield - Midblock;State Secondary Route;B: Evident Injury;Montgomery;20;Clear;#NULL!;36-40 mph;50 - 55  MPH;2007;Daylight;20-24
34.7011829087, -76.7422579784;"{""type"": ""Point"", ""coordinates"": [-76.74225797842841, 34.701182908705654]}";White;Atlantic Beach;Travel Lane;2;8;Urban (>70% Developed);Female;Passenger Car;0;#NULL!;0;0;White;No;0;20-24;Motorist Drive Out - Commercial Driveway / Alley;None;No;No;Dry;0;Rural;No;16JUN2007;0;8:55;Female;No;Commercial;O: No Injury;No;O: No Injury;6896;June;0;Straight - Level;Coastal;Facing Traffic;No Control Present;Saturday;Non-Intersection;20;0;Two-Way, Not Divided;Unknown;0;#NULL!;#NULL!;Smooth Asphalt;#NULL!;No Special Feature;Motorist Failed to Yield - Midblock;NC Route;O: No Injury;Carteret;41;Clear;#NULL!;0-5 mph;30 - 35  MPH;2007;Daylight;40-49
35.1893038747, -80.8304032362;"{""type"": ""Point"", ""coordinates"": [-80.83040323622959, 35.18930387472249]}";White;Charlotte;Travel Lane;2;14;Urban (>70% Developed);Male;Sport Utility;0;#NULL!;0;0;White;No;0;40-49;Motorist Right Turn - Same Direction;None;No;No;Wet;0;Urban;No;14SEP2007;0;14:50;Female;No;Residential;O: No Injury;Yes;O: No Injury;6897;September;0;Straight - Level;Piedmont;With Traffic;Stop And Go Signal;Friday;Intersection;41;0;Two-Way, Divided, Positive Median Barrier;4 lanes;0;#NULL!;#NULL!;Smooth Asphalt;#NULL!;Four-Way Intersection;Motorist Right Turn / Merge;Local Street;O: No Injury;Mecklenburg;45;Rain;#NULL!;11-15 mph;30 - 35  MPH;2007;Daylight;40-49
36.0824121349, -78.8915277021;"{""type"": ""Point"", ""coordinates"": [-78.8915277020761, 36.08241213486387]}";White;Durham;Travel Lane;2;12;Mixed (30% To 70% Developed);Male;Van;0;#NULL!;0;0;Black;No;0;11-15;Bicyclist Ride Through - Sign-Controlled Intersection;None;No;No;Dry;0;Urban;No;20SEP2007;0;12:11;Female;No;Residential;B: Evident Injury;Yes;O: No Injury;6901;September;0;Straight - Grade;Piedmont;With Traffic;Stop Sign;Thursday;Intersection;13;0;Two-Way, Not Divided;2 lanes;0;#NULL!;#NULL!;Smooth Asphalt;#NULL!;Four-Way Intersection;Bicyclist Failed to Yield - Sign-Controlled Intersection;Local Street;B: Evident Injury;Durham;21;Clear;#NULL!;41-45 mph;40 - 45  MPH;2007;Daylight;20-24
35.6758069419, -81.7972735505;"{""type"": ""Point"", ""coordinates"": [-81.79727355051372, 35.67580694186984]}";White;None - Rural Crash;Driveway / Alley;3;16;Mixed (30% To 70% Developed);Male;Pickup;0;#NULL!;0;0;White;No;0;11-15;Bicyclist Ride Out - Residential Driveway;None;No;No;Dry;0;Rural;No;21JUN2007;0;16:37;Male;No;Residential;B: Evident Injury;Yes;O: No Injury;6911;June;0;Straight - Grade;Mountains;Not Applicable;Double Yellow Line, No Passing Zone;Thursday;Non-Intersection;14;0;Two-Way, Not Divided;2 lanes;0;#NULL!;#NULL!;Smooth Asphalt;#NULL!;Driveway, Private;Bicyclist Failed to Yield - Midblock;State Secondary Route;B: Evident Injury;Burke;21;Clear;#NULL!;36-40 mph;40 - 45  MPH;2007;Daylight;20-24
35.8257251168, -77.8568673735;"{""type"": ""Point"", ""coordinates"": [-77.85686737353588, 35.82572511681112]}";Hispanic;None - Rural Crash;Travel Lane;2;12;Rural (<30% Developed);Male;Passenger Car;0;#NULL!;0;0;Black;No;0;16-19;Bicyclist Left Turn - Same Direction;None;No;No;Dry;0;Rural;No;22JUN2007;0;12:12;Male;No;Farms, Woods, Pastures;A: Disabling Injury;Yes;O: No Injury;6913;June;0;Straight - Level;Coastal;With Traffic;No Control Present;Friday;Non-Intersection;17;0;One-Way, Not Divided;1 lane;0;#NULL!;#NULL!;Coarse Asphalt;#NULL!;No Special Feature;Bicyclist Left Turn / Merge;State Secondary Route;A: Disabling Injury;Wilson;34;Clear;#NULL!;41-45 mph;50 - 55  MPH;2007;Daylight;30-39
35.4071000772, -76.3301818863;"{""type"": ""Point"", ""coordinates"": [-76.33018188630228, 35.40710007722457]}";White;None - Rural Crash;Travel Lane;2;0;Mixed (30% To 70% Developed);Male;Passenger Car;0;#NULL!;0;0;White;No;0;30-39;Motorist Lost Control - Other / Unknown;None;Yes;Yes;Dry;0;Rural;No;24JUN2007;0;0:49;Male;Yes;Commercial;B: Evident Injury;No;O: No Injury;6918;June;0;Straight - Level;Coastal;Facing Traffic;Double Yellow Line, No Passing Zone;Sunday;Non-Intersection;30;0;Two-Way, Not Divided;2 lanes;0;#NULL!;#NULL!;Smooth Asphalt;#NULL!;No Special Feature;Loss of Control / Turning Error;NC Route;B: Evident Injury;Hyde;48;Clear;#NULL!;31-35 mph;30 - 35  MPH;2007;Dark - Roadway Not Lighted;40-49
36.1292972537, -75.7402717406;"{""type"": ""Point"", ""coordinates"": [-75.74027174055281, 36.129297253650535]}";White;Southern Shores;Travel Lane;2;21;Urban (>70% Developed);Male;Unknown;0;#NULL!;0;0;Unknown/Missing;No;0;11-15;Motorist Left Turn - Opposite Direction;None;No;No;Dry;0;Rural;Yes;24JUN2007;0;21:50;Unknown;Missing;Residential;B: Evident Injury;Yes;Unknown Injury;6920;June;0;Straight - Level;Coastal;With Traffic;Stop Sign;Sunday;Intersection;14;0;Two-Way, Not Divided;2 lanes;0;#NULL!;#NULL!;Grooved Concrete;#NULL!;T-Intersection;Motorist Left Turn / Merge;Local Street;B: Evident Injury;Dare;Unknown;Clear;#NULL!;0-5 mph;20 - 25  MPH;2007;Dark - Roadway Not Lighted;Unknown
35.3503469319, -80.2009030569;"{""type"": ""Point"", ""coordinates"": [-80.20090305692699, 35.35034693190545]}";White;Albemarle;Travel Lane;2;19;Urban (>70% Developed);Male;Unknown;0;#NULL!;0;0;Unknown/Missing;No;0;11-15;Motorist Right Turn - Opposite Direction;None;No;No;Dry;0;Urban;Yes;13SEP2012;0;19:50;Unknown;No;Commercial;B: Evident Injury;Yes;Unknown Injury;2448;September;0;Straight - Grade;Piedmont;Facing Traffic;Stop And Go Signal;Thursday;Intersection;12;0;Two-Way, Not Divided;3 lanes;0;#NULL!;#NULL!;Smooth Asphalt;#NULL!;Four-Way Intersection;Motorist Right Turn / Merge;Local Street;B: Evident Injury;Stanly;Unknown;Clear;#NULL!;11-15 mph;20 - 25  MPH;2012;Dark - Lighted Roadway;Unknown
35.3330168951, -81.1090033271;"{""type"": ""Point"", ""coordinates"": [-81.1090033270866, 35.33301689506649]}";White;None - Rural Crash;Travel Lane;2;10;Mixed (30% To 70% Developed);Male;Passenger Car;0;#NULL!;0;0;White;No;0;0-5;Backing Vehicle;None;No;No;Dry;0;Rural;No;23SEP2012;0;10:40;Female;No;Residential;C: Possible Injury;Yes;O: No Injury;2450;September;0;Straight - Level;Piedmont;With Traffic;No Control Present;Sunday;Non-Intersection;3;0;Two-Way, Not Divided;2 lanes;0;#NULL!;#NULL!;Coarse Asphalt;#NULL!;No Special Feature;Backing Vehicle;Private Road, Driveway;C: Possible Injury;Gaston;17;Clear;#NULL!;0-5 mph;5 - 15 MPH;2012;Daylight;0-19
35.7795970799, -78.6394026092;"{""type"": ""Point"", ""coordinates"": [-78.63940260917308, 35.77959707992142]}";White;Raleigh;Travel Lane;2;21;Urban (>70% Developed);Male;Taxicab;0;#NULL!;0;0;Black;No;0;40-49;Motorist Overtaking - Other / Unknown;None;No;No;Dry;0;Urban;No;02SEP2012;0;21:54;Male;No;Commercial;O: No Injury;No;O: No Injury;2454;September;0;Straight - Level;Piedmont;With Traffic;Stop And Go Signal;Sunday;Intersection-Related;47;0;One-Way, Not Divided;3 lanes;0;#NULL!;#NULL!;Smooth Asphalt;#NULL!;T-Intersection;Motorist Overtaking Bicyclist;Interstate;O: No Injury;Wake;50;Clear;#NULL!;16-20 mph;30 - 35  MPH;2012;Dark - Lighted Roadway;50-59
36.0525170951, -79.8136029783;"{""type"": ""Point"", ""coordinates"": [-79.81360297828472, 36.05251709513491]}";Black;Greensboro;Travel Lane;2;17;Mixed (30% To 70% Developed);Male;Sport Utility;0;#NULL!;0;0;Black;No;0;6-10;Bicyclist Ride Through - Sign-Controlled Intersection;None;No;No;Dry;0;Urban;No;22SEP2012;0;17:49;Male;No;Residential;C: Possible Injury;Yes;O: No Injury;2459;September;0;Straight - Level;Piedmont;With Traffic;Stop Sign;Saturday;Intersection;10;0;Two-Way, Not Divided;2 lanes;0;#NULL!;#NULL!;Coarse Asphalt;#NULL!;T-Intersection;Bicyclist Failed to Yield - Sign-Controlled Intersection;Local Street;C: Possible Injury;Guilford;19;Clear;#NULL!;31-35 mph;30 - 35  MPH;2012;Daylight;0-19
35.3521670913, -75.5105016317;"{""type"": ""Point"", ""coordinates"": [-75.51050163173817, 35.35216709125117]}";White;None - Rural Crash;Travel Lane;2;16;Urban (>70% Developed);Male;Sport Utility;0;#NULL!;0;0;White;No;0;25-29;Crossing Paths - Intersection - Other / Unknown;None;No;No;Wet;0;Rural;No;29SEP2012;0;16:30;Female;No;Residential;C: Possible Injury;No;O: No Injury;2465;September;0;Straight - Level;Coastal;With Traffic;Stop Sign;Saturday;Intersection;26;0;Two-Way, Not Divided;2 lanes;0;#NULL!;#NULL!;Smooth Asphalt;#NULL!;T-Intersection;Crossing Paths - Other Circumstances;State Secondary Route;C: Possible Injury;Dare;70+;Rain;#NULL!;11-15 mph;30 - 35  MPH;2012;Daylight;70+
35.7098370885, -77.9439023944;"{""type"": ""Point"", ""coordinates"": [-77.94390239439201, 35.709837088502624]}";Black;Wilson;Travel Lane;2;18;Urban (>70% Developed);Male;Pickup;0;#NULL!;0;0;White;No;0;11-15;Signalized Intersection - Other / Unknown;None;No;No;Dry;0;Urban;No;14SEP2012;0;18:47;Male;No;Residential;B: Evident Injury;Yes;O: No Injury;2470;September;0;Straight - Level;Coastal;With Traffic;Stop And Go Signal;Friday;Intersection;15;0;Two-Way, Not Divided;5 lanes;0;#NULL!;#NULL!;Coarse Asphalt;#NULL!;Four-Way Intersection;Crossing Paths - Other Circumstances;Local Street;B: Evident Injury;Wilson;63;Clear;#NULL!;41-45 mph;40 - 45  MPH;2012;Daylight;60-69
36.100497119, -79.436702868;"{""type"": ""Point"", ""coordinates"": [-79.43670286801456, 36.10049711900871]}";White;Burlington;Travel Lane;2;10;Urban (>70% Developed);Male;Pickup;0;#NULL!;0;0;Unknown/Missing;No;0;20-24;Bicyclist Overtaking - Parked Vehicle;None;No;No;Dry;0;Urban;No;28SEP2012;0;10:15;Unknown;Missing;Residential;O: No Injury;No;Unknown Injury;2472;September;0;Straight - Level;Piedmont;With Traffic;No Control Present;Friday;Non-Intersection;22;0;Two-Way, Not Divided;2 lanes;0;#NULL!;#NULL!;Smooth Asphalt;#NULL!;No Special Feature;Bicyclist Overtaking Motorist;Local Street;O: No Injury;Alamance;Unknown;Clear;#NULL!;0-5 mph;30 - 35  MPH;2012;Daylight;Unknown