Geo Point;Geo Shape;BikeRace;City;BikePos;NumUnits;CrashHour;Locality;BikeSex;DrvrVehTyp;NumBikesNo;BikeAlcDrg;NumBikesBI;RteInvdCd;DrvrRace;Workzone;NumBikesCi;BikeAgeGrp;CrashType;RdDefects;CrashAlcoh;BikeAlcoho;RdConditio;DstncMiFrm;RuralUrban;HitRun;CrashDate;NumBikesUI;CrashTime;DrvrSex;DrvrAlcoho;Developmen;CrashSevr;AmbulanceR;DrvrInjury;OBJECTID;CrashMonth;NumBikesKi;RdCharacte;Region;BikeDir;TraffCntrl;CrashDay;CrashLoc;BikeAge;NumBikesTo;RdConfig;NumLanes;NumBikesAI;DrvrAlcDrg;OnRoad;RdSurface;Towrd_Rd;RdFeature;CrashGrp;RdClass;BikeInjury;County;DrvrAge;Weather;FrmRd;DrvrEstSpd;SpeedLimit;CrashYear;LightCond;DrvrAgeGrp
35.6038870856, -77.3619022117;"{""type"": ""Point"", ""coordinates"": [-77.36190221165752, 35.60388708563026]}";White;Greenville;Sidewalk / Crosswalk / Driveway Crossing;2;20;Urban (>70% Developed);Male;Van;0;#NULL!;0;0;Black;No;0;16-19;Bicyclist Ride Out - Sign-Controlled Intersection;None;No;No;Dry;0;Urban;No;21SEP2012;0;20:15;Male;No;Commercial;C: Possible Injury;Yes;O: No Injury;2477;September;0;Straight - Level;Coastal;With Traffic;Stop And Go Signal;Friday;Intersection;18;0;Two-Way, Not Divided;5 lanes;0;#NULL!;#NULL!;Smooth Asphalt;#NULL!;Four-Way Intersection;Bicyclist Failed to Yield - Sign-Controlled Intersection;Local Street;C: Possible Injury;Pitt;42;Clear;#NULL!;31-35 mph;30 - 35  MPH;2012;Daylight;40-49
35.2051269048, -80.0875030153;"{""type"": ""Point"", ""coordinates"": [-80.08750301526558, 35.20512690475028]}";Hispanic;None - Rural Crash;Travel Lane;2;6;Rural (<30% Developed);Male;Passenger Car;0;#NULL!;0;0;White;No;0;25-29;Motorist Overtaking - Bicyclist Swerved;None;No;No;Dry;0;Rural;No;25SEP2012;0;6:14;Male;No;Farms, Woods, Pastures;O: No Injury;No;O: No Injury;2495;September;0;Straight - Level;Piedmont;With Traffic;Double Yellow Line, No Passing Zone;Tuesday;Non-Intersection;27;0;Two-Way, Not Divided;2 lanes;0;#NULL!;#NULL!;Smooth Asphalt;#NULL!;No Special Feature;Motorist Overtaking Bicyclist;NC Route;O: No Injury;Stanly;38;Fog, Smog, Smoke;#NULL!;51-55 mph;50 - 55  MPH;2012;Dark - Roadway Not Lighted;30-39
36.0631770975, -79.8154029803;"{""type"": ""Point"", ""coordinates"": [-79.81540298028399, 36.06317709753135]}";White;Greensboro;Sidewalk / Crosswalk / Driveway Crossing;2;10;Urban (>70% Developed);Male;Commercial Bus;0;#NULL!;0;0;White;No;0;16-19;Motorist Left Turn - Opposite Direction;None;No;No;Dry;0;Urban;No;21SEP2012;0;10:56;Male;No;Institutional;C: Possible Injury;No;O: No Injury;2500;September;0;Straight - Grade;Piedmont;With Traffic;No Control Present;Friday;Intersection;18;0;Two-Way, Not Divided;2 lanes;0;#NULL!;#NULL!;Smooth Asphalt;#NULL!;No Special Feature;Motorist Left Turn / Merge;Local Street;C: Possible Injury;Guilford;70+;Clear;#NULL!;Unknown;30 - 35  MPH;2012;Daylight;70+
35.1244668652, -80.7171031985;"{""type"": ""Point"", ""coordinates"": [-80.7171031984683, 35.124466865180565]}";Hispanic;Matthews;Non-Roadway;2;12;Urban (>70% Developed);Male;Sport Utility;0;#NULL!;0;0;White;No;0;6-10;Bicyclist Ride Out - Commercial Driveway / Alley;None;No;No;Dry;0;Urban;No;01APR2013;0;12:52;Female;No;Residential;O: No Injury;No;O: No Injury;1007;April;0;Straight - Grade;Piedmont;Not Applicable;No Control Present;Monday;Non-Intersection;8;0;Two-Way, Not Divided;Unknown;0;#NULL!;PVA COLONIAL VILAGE APTS;Smooth Asphalt;#NULL!;No Special Feature;Bicyclist Failed to Yield - Midblock;Public Vehicular Area;O: No Injury;Mecklenburg;64;Clear;#NULL!;6-10 mph;5 - 15 MPH;2013;Daylight;60-69
35.2742768927, -80.8358032422;"{""type"": ""Point"", ""coordinates"": [-80.83580324222541, 35.27427689267937]}";Black;Charlotte;Travel Lane;2;6;Urban (>70% Developed);Male;Sport Utility;0;#NULL!;0;0;White;No;0;40-49;Motorist Drive Out - Signalized Intersection;None;No;No;Dry;0;Urban;No;17APR2013;0;6:35;Female;No;Residential;C: Possible Injury;No;O: No Injury;1012;April;0;Straight - Level;Piedmont;With Traffic;Stop And Go Signal;Wednesday;Intersection;45;0;Two-Way, Divided, Positive Median Barrier;2 lanes;0;#NULL!;I 85;Smooth Asphalt;#NULL!;On or Off Ramp;Motorist Failed to Yield - Signalized Intersection;Interstate;C: Possible Injury;Mecklenburg;40;Clear;#NULL!;0-5 mph;60 - 75 MPH;2013;Dark - Lighted Roadway;40-49
36.0890771005, -79.8845030021;"{""type"": ""Point"", ""coordinates"": [-79.88450300213783, 36.089077100459775]}";White;Greensboro;Sidewalk / Crosswalk / Driveway Crossing;2;17;Urban (>70% Developed);Male;Passenger Car;0;#NULL!;0;0;White;No;0;40-49;Motorist Left Turn - Opposite Direction;None;No;No;Dry;0;Urban;No;07MAR2013;0;17:38;Female;No;Commercial;C: Possible Injury;Yes;O: No Injury;1013;March;0;Straight - Level;Piedmont;With Traffic;Stop And Go Signal;Thursday;Intersection;42;0;Two-Way, Not Divided;8 lanes;0;#NULL!;FRIENDLY AVE;Smooth Asphalt;#NULL!;No Special Feature;Motorist Left Turn / Merge;Local Street;C: Possible Injury;Guilford;29;Clear;#NULL!;21-25 mph;30 - 35  MPH;2013;Daylight;25-29
36.4610772593, -77.6546023452;"{""type"": ""Point"", ""coordinates"": [-77.654602345189, 36.46107725926536]}";Black;Roanoke Rapids;Sidewalk / Crosswalk / Driveway Crossing;2;15;Urban (>70% Developed);Male;Light Truck (Mini-Van, Panel);0;#NULL!;0;0;Black;No;0;11-15;Motorist Left Turn - Opposite Direction;None;No;No;Dry;0;Urban;No;18APR2013;0;15:45;Female;No;Commercial;C: Possible Injury;Yes;O: No Injury;1024;April;0;Straight - Grade;Coastal;With Traffic;Stop And Go Signal;Thursday;Intersection;13;0;Two-Way, Not Divided;2 lanes;0;#NULL!;7TH ST;Coarse Asphalt;#NULL!;Four-Way Intersection;Motorist Left Turn / Merge;Local Street;C: Possible Injury;Halifax;38;Clear;#NULL!;6-10 mph;30 - 35  MPH;2013;Daylight;30-39
35.31399684, -82.4622037264;"{""type"": ""Point"", ""coordinates"": [-82.46220372637117, 35.313996839968624]}";White;Hendersonville;Travel Lane;2;20;Urban (>70% Developed);Male;Passenger Car;0;#NULL!;0;0;White;No;0;40-49;Motorist Drive Through - Sign-Controlled Intersection;None;No;No;Dry;0;Urban;No;25APR2013;0;20:05;Female;No;Commercial;C: Possible Injury;No;O: No Injury;1035;April;0;Straight - Level;Mountains;With Traffic;Stop Sign;Thursday;Intersection;45;0;Two-Way, Not Divided;2 lanes;0;#NULL!;WASHINGTON STREET;Coarse Asphalt;#NULL!;No Special Feature;Motorist Failed to Yield - Sign-Controlled Intersection;Local Street;C: Possible Injury;Henderson;31;Clear;#NULL!;26-30 mph;30 - 35  MPH;2013;Dusk;30-39
36.490447189, -79.7770029926;"{""type"": ""Point"", ""coordinates"": [-79.77700299264811, 36.490447188987574]}";White;Eden;Travel Lane;2;19;Urban (>70% Developed);Male;Passenger Car;0;#NULL!;0;0;Unknown/Missing;No;0;16-19;Motorist Overtaking - Other / Unknown;None;No;No;Dry;0;Urban;Yes;15APR2013;0;19:33;Unknown;No;Residential;C: Possible Injury;No;Unknown Injury;1036;April;0;Straight - Level;Piedmont;With Traffic;Stop Sign;Monday;Intersection;16;0;Two-Way, Not Divided;2 lanes;0;#NULL!;LAWSON STREET;Smooth Asphalt;#NULL!;Four-Way Intersection;Motorist Overtaking Bicyclist;Local Street;C: Possible Injury;Rockingham;Unknown;Cloudy;#NULL!;16-20 mph;30 - 35  MPH;2013;Daylight;Unknown
33.9919467088, -78.0390023387;"{""type"": ""Point"", ""coordinates"": [-78.03900233866305, 33.99194670880648]}";White;None - Rural Crash;Travel Lane;2;13;Rural (<30% Developed);Male;Pickup;0;#NULL!;0;0;White;No;0;50-59;Motorist Overtaking - Other / Unknown;None;No;No;Dry;0;Rural;No;02APR2013;0;13:05;Female;No;Farms, Woods, Pastures;B: Evident Injury;No;O: No Injury;1037;April;0;Straight - Level;Coastal;With Traffic;No Control Present;Tuesday;Non-Intersection;56;0;Two-Way, Not Divided;2 lanes;0;#NULL!;NC 87;Coarse Asphalt;#NULL!;No Special Feature;Motorist Overtaking Bicyclist;NC Route;B: Evident Injury;Brunswick;21;Clear;#NULL!;51-55 mph;50 - 55  MPH;2013;Daylight;20-24
34.2138267637, -77.8863023034;"{""type"": ""Point"", ""coordinates"": [-77.8863023033724, 34.21382676367712]}";White;Wilmington;Travel Lane;2;12;Urban (>70% Developed);Male;Passenger Car;0;#NULL!;0;0;Hispanic;No;0;16-19;Bicyclist Overtaking - Passing on Right;None;No;No;Dry;0;Urban;No;09APR2013;0;12:09;Male;No;Commercial;B: Evident Injury;Yes;O: No Injury;1039;April;0;Straight - Level;Coastal;With Traffic;No Control Present;Tuesday;Non-Intersection;19;0;Two-Way, Not Divided;6 lanes;0;#NULL!;S COLLEGE RD;Smooth Asphalt;#NULL!;No Special Feature;Bicyclist Overtaking Motorist;Local Street;B: Evident Injury;New Hanover;25;Clear;#NULL!;11-15 mph;40 - 45  MPH;2013;Daylight;25-29
35.6560070715, -78.1085024409;"{""type"": ""Point"", ""coordinates"": [-78.10850244089578, 35.65600707154181]}";Black;None - Rural Crash;Travel Lane;2;10;Rural (<30% Developed);Male;Passenger Car;0;#NULL!;0;0;Black;No;0;60-69;Motorist Overtaking - Bicyclist Swerved;None;Yes;Yes;Dry;0;Rural;No;28APR2013;0;10:40;Female;No;Farms, Woods, Pastures;B: Evident Injury;Yes;O: No Injury;1043;April;0;Straight - Level;Coastal;With Traffic;No Control Present;Sunday;Non-Intersection;64;0;Two-Way, Not Divided;2 lanes;0;#NULL!;NC 581;Coarse Asphalt;#NULL!;No Special Feature;Motorist Overtaking Bicyclist;NC Route;B: Evident Injury;Wilson;35;Cloudy;#NULL!;41-45 mph;50 - 55  MPH;2013;Daylight;30-39
35.1555568712, -80.7283032037;"{""type"": ""Point"", ""coordinates"": [-80.72830320370791, 35.155556871218074]}";Black;Charlotte;Non-Roadway;2;18;Mixed (30% To 70% Developed);Male;Van;0;#NULL!;0;0;White;No;0;6-10;Non-Roadway;None;No;No;Dry;0;Urban;No;30APR2013;0;18:35;Male;No;Residential;C: Possible Injury;No;O: No Injury;1052;April;0;Straight - Level;Piedmont;Not Applicable;No Control Present;Tuesday;Non-Roadway;6;0;Two-Way, Not Divided;1 lane;0;#NULL!;PVA 2301 CROSS POINT CR;Smooth Asphalt;#NULL!;No Special Feature;Non-Roadway;Public Vehicular Area;C: Possible Injury;Mecklenburg;24;Clear;#NULL!;6-10 mph;20 - 25  MPH;2013;Daylight;20-24
35.8903471032, -78.6273026116;"{""type"": ""Point"", ""coordinates"": [-78.62730261163873, 35.8903471032224]}";White;Raleigh;Travel Lane;2;14;Urban (>70% Developed);Male;Passenger Car;0;#NULL!;0;0;Unknown/Missing;No;0;20-24;Motorist Left Turn - Same Direction;None;No;No;Dry;0;Urban;Yes;25APR2013;0;14:57;Unknown;Missing;Commercial;B: Evident Injury;No;Unknown Injury;1063;April;0;Straight - Level;Piedmont;Facing Traffic;No Control Present;Thursday;Intersection;24;0;Two-Way, Not Divided;6 lanes;0;#NULL!;FALLS OF NEUSE RD;Smooth Asphalt;#NULL!;No Special Feature;Motorist Left Turn / Merge;Local Street;B: Evident Injury;Wake;Unknown;Clear;#NULL!;11-15 mph;40 - 45  MPH;2013;Daylight;Unknown
35.3239368425, -82.4531037247;"{""type"": ""Point"", ""coordinates"": [-82.45310372467259, 35.32393684247657]}";Hispanic;Hendersonville;Travel Lane;2;19;Urban (>70% Developed);Male;Passenger Car;0;#NULL!;0;0;White;No;0;0-5;Bicyclist Turning Error - Right Turn;None;No;No;Dry;0;Urban;No;29APR2013;0;19:06;Female;No;Residential;O: No Injury;No;O: No Injury;1064;April;0;Straight - Bottom;Mountains;With Traffic;Stop Sign;Monday;Intersection;4;0;Two-Way, Not Divided;2 lanes;0;#NULL!;ELM STREET;Smooth Asphalt;#NULL!;T-Intersection;Loss of Control / Turning Error;Local Street;O: No Injury;Henderson;50;Clear;#NULL!;0-5 mph;30 - 35  MPH;2013;Daylight;50-59
35.1490367788, -83.14930392;"{""type"": ""Point"", ""coordinates"": [-83.14930392003708, 35.14903677881826]}";White;None - Rural Crash;Travel Lane;2;16;Rural (<30% Developed);Male;Passenger Car;0;#NULL!;0;0;White;No;0;50-59;Motorist Left Turn - Opposite Direction;None;No;No;Wet;0;Rural;No;04MAY2013;0;16:45;Male;No;Farms, Woods, Pastures;B: Evident Injury;Yes;O: No Injury;1066;May;0;Curve - Level;Mountains;With Traffic;Double Yellow Line, No Passing Zone;Saturday;Non-Intersection;58;0;Two-Way, Not Divided;2 lanes;0;#NULL!;SR 1143;Smooth Asphalt;#NULL!;No Special Feature;Motorist Left Turn / Merge;State Secondary Route;B: Evident Injury;Jackson;49;Rain;#NULL!;0-5 mph;30 - 35  MPH;2013;Daylight;40-49
36.341237132, -80.4630031906;"{""type"": ""Point"", ""coordinates"": [-80.4630031906182, 36.34123713196215]}";White;None - Rural Crash;Travel Lane;2;16;Rural (<30% Developed);Male;Passenger Car;0;#NULL!;0;0;White;No;0;50-59;Non-Roadway;None;No;No;Dry;0;Rural;No;05APR2013;0;16:15;Male;No;Farms, Woods, Pastures;B: Evident Injury;Yes;O: No Injury;1067;April;0;Curve - Grade;Mountains;Not Applicable;No Control Present;Friday;Non-Roadway;50;0;Two-Way, Not Divided;2 lanes;0;#NULL!;PILOT KNOB PARK RD;Smooth Asphalt;#NULL!;No Special Feature;Non-Roadway;Public Vehicular Area;B: Evident Injury;Surry;41;Clear;#NULL!;Unknown;20 - 25  MPH;2013;Daylight;40-49
35.7339470885, -78.1012024429;"{""type"": ""Point"", ""coordinates"": [-78.10120244293692, 35.73394708850635]}";White;None - Rural Crash;Driveway / Alley;2;16;Mixed (30% To 70% Developed);Male;Passenger Car;0;#NULL!;0;0;White;No;0;11-15;Bicyclist Ride Out - Residential Driveway;None;No;No;Dry;0;Rural;No;03MAY2013;0;16:45;Male;No;Residential;B: Evident Injury;Yes;O: No Injury;1074;May;0;Straight - Level;Coastal;Not Applicable;No Control Present;Friday;Non-Intersection;13;0;Two-Way, Not Divided;2 lanes;0;#NULL!;SR 1148;Smooth Asphalt;#NULL!;No Special Feature;Bicyclist Failed to Yield - Midblock;State Secondary Route;B: Evident Injury;Wilson;39;Clear;#NULL!;41-45 mph;50 - 55  MPH;2013;Daylight;30-39
35.1885868761, -80.7912032244;"{""type"": ""Point"", ""coordinates"": [-80.79120322437886, 35.18858687608399]}";Hispanic;Charlotte;Non-Roadway;2;18;Urban (>70% Developed);Female;Passenger Car;0;#NULL!;0;0;Black;No;0;16-19;Non-Roadway;None;No;No;Dry;0;Urban;No;08MAY2013;0;18:56;Female;No;Residential;B: Evident Injury;No;O: No Injury;1075;May;0;Straight - Level;Piedmont;Not Applicable;No Control Present;Wednesday;Non-Roadway;19;0;Two-Way, Not Divided;2 lanes;0;#NULL!;CHURCHILL DOWNS CT;Smooth Asphalt;#NULL!;No Special Feature;Non-Roadway;Local Street;B: Evident Injury;Mecklenburg;33;Clear;#NULL!;6-10 mph;20 - 25  MPH;2013;Daylight;30-39
36.0091270868, -79.7938029702;"{""type"": ""Point"", ""coordinates"": [-79.79380297016303, 36.0091270867735]}";White;Greensboro;Travel Lane;2;19;Urban (>70% Developed);Male;Van;0;#NULL!;0;0;Hispanic;No;0;6-10;Non-Roadway;None;No;No;Dry;0;Urban;No;09MAY2013;0;19:30;Male;No;Residential;C: Possible Injury;Yes;O: No Injury;1081;May;0;Straight - Level;Piedmont;Not Applicable;No Control Present;Thursday;Non-Roadway;8;0;Two-Way, Not Divided;2 lanes;0;#NULL!;WEBSTER RD;Coarse Asphalt;#NULL!;No Special Feature;Non-Roadway;Local Street;C: Possible Injury;Guilford;44;Clear;#NULL!;11-15 mph;5 - 15 MPH;2013;Dusk;40-49
34.5827168099, -78.9413026391;"{""type"": ""Point"", ""coordinates"": [-78.94130263914705, 34.58271680994454]}";Unknown/Missing;None - Rural Crash;Driveway / Alley;2;17;Rural (<30% Developed);Unknown;Sport Utility;0;#NULL!;0;0;White;No;0;Unknown;Bicyclist Ride Out - Residential Driveway;None;No;Missing;Dry;0;Rural;No;11MAY2013;0;17:15;Male;No;Farms, Woods, Pastures;B: Evident Injury;Yes;O: No Injury;1084;May;0;Straight - Level;Coastal;Not Applicable;Double Yellow Line, No Passing Zone;Saturday;Non-Intersection;Unknown;0;Two-Way, Not Divided;2 lanes;0;#NULL!;SR 2115;Coarse Asphalt;#NULL!;Driveway, Private;Bicyclist Failed to Yield - Midblock;State Secondary Route;Unknown Injury;Robeson;39;Clear;#NULL!;31-35 mph;50 - 55  MPH;2013;Daylight;30-39
35.6009470844, -77.372202214;"{""type"": ""Point"", ""coordinates"": [-77.3722022139772, 35.60094708435141]}";Black;Greenville;Non-Roadway;2;17;Urban (>70% Developed);Male;Passenger Car;0;#NULL!;0;0;White;No;0;11-15;Non-Roadway;None;No;No;Dry;0;Urban;No;11MAY2013;0;17:13;Female;No;Commercial;B: Evident Injury;Yes;O: No Injury;1085;May;0;Straight - Level;Coastal;Not Applicable;No Control Present;Saturday;Non-Roadway;11;0;Two-Way, Not Divided;Unknown;0;#NULL!;PVA 1400 CHARLES BV;Coarse Asphalt;#NULL!;No Special Feature;Non-Roadway;Public Vehicular Area;B: Evident Injury;Pitt;48;Cloudy;#NULL!;0-5 mph;Unknown;2013;Daylight;40-49
34.1694367531, -77.9024023059;"{""type"": ""Point"", ""coordinates"": [-77.90240230586953, 34.16943675310365]}";White;Wilmington;Sidewalk / Crosswalk / Driveway Crossing;2;18;Urban (>70% Developed);Female;Sport Utility;0;#NULL!;0;0;White;No;0;6-10;Bicyclist Ride Out - Parallel Path;None;No;No;Dry;0;Urban;No;24APR2013;0;18:28;Female;No;Residential;B: Evident Injury;Yes;O: No Injury;1086;April;0;Straight - Level;Coastal;With Traffic;No Control Present;Wednesday;Non-Intersection;8;0;Two-Way, Divided, Unprotected Median;2 lanes;0;#NULL!;ST ANDREW DR;Coarse Asphalt;#NULL!;No Special Feature;Parallel Paths - Other Circumstances;Local Street;B: Evident Injury;New Hanover;25;Clear;#NULL!;36-40 mph;30 - 35  MPH;2013;Daylight;25-29
35.2155668817, -80.7809032223;"{""type"": ""Point"", ""coordinates"": [-80.78090322229478, 35.21556688169544]}";White;Charlotte;Sidewalk / Crosswalk / Driveway Crossing;2;20;Urban (>70% Developed);Male;Passenger Car;0;#NULL!;0;0;Hispanic;No;0;25-29;Signalized Intersection - Other / Unknown;None;Yes;Yes;Dry;0;Urban;No;13MAY2013;0;20:26;Male;No;Commercial;B: Evident Injury;No;O: No Injury;1091;May;0;Straight - Level;Piedmont;With Traffic;Stop And Go Signal;Monday;Intersection;28;0;Two-Way, Divided, Positive Median Barrier;6 lanes;0;#NULL!;CENTRAL AV;Smooth Asphalt;#NULL!;No Special Feature;Crossing Paths - Other Circumstances;Local Street;B: Evident Injury;Mecklenburg;45;Clear;#NULL!;21-25 mph;30 - 35  MPH;2013;Daylight;40-49
35.961017119, -78.6258026143;"{""type"": ""Point"", ""coordinates"": [-78.62580261433037, 35.96101711901657]}";White;None - Rural Crash;Travel Lane;2;18;Mixed (30% To 70% Developed);Male;Passenger Car;0;#NULL!;0;0;White;No;0;50-59;Motorist Left Turn - Opposite Direction;None;No;No;Dry;0;Rural;No;15MAY2013;0;18:20;Male;No;Residential;B: Evident Injury;Yes;O: No Injury;1098;May;0;Curve - Grade;Piedmont;With Traffic;No Control Present;Wednesday;Non-Intersection;53;0;Two-Way, Not Divided;2 lanes;0;#NULL!;SR 3533;Smooth Asphalt;#NULL!;No Special Feature;Motorist Left Turn / Merge;State Secondary Route;B: Evident Injury;Wake;40;Clear;#NULL!;21-25 mph;20 - 25  MPH;2013;Daylight;40-49
35.7337369418, -82.1024036448;"{""type"": ""Point"", ""coordinates"": [-82.10240364478017, 35.733736941816275]}";White;None - Rural Crash;Travel Lane;4;17;Rural (<30% Developed);Male;Motorcycle;0;#NULL!;0;0;White;No;0;40-49;Motorist Lost Control - Oversteering, Improper Braking, Speed;None;No;No;Dry;0;Rural;No;20APR2013;0;17:18;Male;No;Farms, Woods, Pastures;A: Disabling Injury;Yes;A: Disabling Injury;1099;April;0;Curve - Level;Mountains;With Traffic;Double Yellow Line, No Passing Zone;Saturday;Non-Intersection;41;0;Two-Way, Not Divided;2 lanes;0;#NULL!;NC 80;Smooth Asphalt;#NULL!;No Special Feature;Loss of Control / Turning Error;NC Route;B: Evident Injury;Mcdowell;20;Clear;#NULL!;51-55 mph;50 - 55  MPH;2013;Dusk;20-24
35.9273271042, -78.8279026735;"{""type"": ""Point"", ""coordinates"": [-78.82790267352246, 35.927327104243254]}";White;Durham;Travel Lane;2;8;Urban (>70% Developed);Male;Passenger Car;0;#NULL!;0;0;Black;No;0;40-49;Motorist Overtaking - Other / Unknown;None;No;No;Dry;0;Urban;No;19MAY2013;0;8:40;Female;No;Residential;C: Possible Injury;Yes;O: No Injury;1104;May;0;Straight - Hillcrest;Piedmont;With Traffic;No Control Present;Sunday;Non-Intersection;46;0;Two-Way, Not Divided;2 lanes;0;#NULL!;LUMLEY RD;Smooth Asphalt;#NULL!;No Special Feature;Motorist Overtaking Bicyclist;Local Street;C: Possible Injury;Durham;47;Cloudy;#NULL!;26-30 mph;40 - 45  MPH;2013;Daylight;40-49
35.7315270779, -78.3888025305;"{""type"": ""Point"", ""coordinates"": [-78.38880253054286, 35.73152707793528]}";White;None - Rural Crash;Travel Lane;2;16;Rural (<30% Developed);Male;Pickup;0;#NULL!;0;0;Black;No;0;70+;Motorist Overtaking - Other / Unknown;None;No;No;Dry;0;Rural;No;16MAY2013;0;16:15;Male;No;Farms, Woods, Pastures;A: Disabling Injury;Yes;O: No Injury;1108;May;0;Straight - Level;Coastal;With Traffic;Double Yellow Line, No Passing Zone;Thursday;Non-Intersection;70+;0;Two-Way, Not Divided;2 lanes;0;#NULL!;SR 1003;Coarse Asphalt;#NULL!;No Special Feature;Motorist Overtaking Bicyclist;State Secondary Route;A: Disabling Injury;Johnston;64;Clear;#NULL!;46-50 mph;50 - 55  MPH;2013;Daylight;60-69
35.3339268679, -81.8368035432;"{""type"": ""Point"", ""coordinates"": [-81.836803543197, 35.33392686788164]}";White;None - Rural Crash;Travel Lane;2;17;Mixed (30% To 70% Developed);Male;Sport Utility;0;#NULL!;0;0;Black;No;0;20-24;Motorist Left Turn - Opposite Direction;None;No;No;Dry;0;Rural;No;16MAY2013;0;17:09;Male;No;Commercial;C: Possible Injury;No;O: No Injury;1111;May;0;Straight - Grade;Mountains;With Traffic;Double Yellow Line, No Passing Zone;Thursday;Non-Intersection;22;0;Two-Way, Not Divided;2 lanes;0;#NULL!;SR 1006;Smooth Asphalt;#NULL!;Driveway, Public;Motorist Left Turn / Merge;State Secondary Route;C: Possible Injury;Rutherford;66;Clear;#NULL!;6-10 mph;50 - 55  MPH;2013;Daylight;60-69
34.2034867634, -77.7993022761;"{""type"": ""Point"", ""coordinates"": [-77.79930227606161, 34.2034867634405]}";White;Wrightsville Beach;Travel Lane;2;18;Urban (>70% Developed);Male;Passenger Car;0;#NULL!;0;0;White;No;0;50-59;Motorist Left Turn - Opposite Direction;None;No;No;Wet;0;Rural;No;18APR2013;0;18:28;Female;No;Residential;C: Possible Injury;Yes;O: No Injury;1113;April;0;Straight - Level;Coastal;With Traffic;No Control Present;Thursday;Intersection-Related;51;0;Two-Way, Not Divided;4 lanes;0;#NULL!;WAYNICK BLVD;Smooth Asphalt;#NULL!;Driveway, Private;Motorist Left Turn / Merge;Local Street;C: Possible Injury;New Hanover;59;Rain;#NULL!;16-20 mph;30 - 35  MPH;2013;Daylight;50-59
34.3081267778, -78.0826023662;"{""type"": ""Point"", ""coordinates"": [-78.08260236617801, 34.30812677782758]}";White;None - Rural Crash;Travel Lane;2;19;Rural (<30% Developed);Male;Van;0;#NULL!;0;0;Black;No;0;6-10;Crossing Paths - Uncontrolled Intersection;None;No;No;Dry;0;Rural;No;13MAY2013;0;19:31;Female;No;Farms, Woods, Pastures;C: Possible Injury;Yes;O: No Injury;1114;May;0;Straight - Level;Coastal;With Traffic;Double Yellow Line, No Passing Zone;Monday;Intersection;7;0;Two-Way, Not Divided;2 lanes;0;#NULL!;SR 1426;Coarse Asphalt;#NULL!;No Special Feature;Crossing Paths - Other Circumstances;State Secondary Route;C: Possible Injury;Brunswick;35;Clear;#NULL!;41-45 mph;50 - 55  MPH;2013;Daylight;30-39
35.7856170766, -78.761802646;"{""type"": ""Point"", ""coordinates"": [-78.7618026460323, 35.78561707660606]}";White;Cary;Non-Roadway;2;20;Urban (>70% Developed);Female;Sport Utility;0;#NULL!;0;0;White;No;0;0-5;Non-Roadway;None;No;No;Dry;0;Urban;No;08MAY2013;0;20:06;Male;No;Commercial;C: Possible Injury;Yes;O: No Injury;1119;May;0;Curve - Grade;Piedmont;Not Applicable;No Control Present;Wednesday;Non-Roadway;5;0;Two-Way, Not Divided;2 lanes;0;#NULL!;YORK ST;Coarse Asphalt;#NULL!;Driveway, Public;Non-Roadway;Public Vehicular Area;C: Possible Injury;Wake;46;Clear;#NULL!;6-10 mph;Unknown;2013;Daylight;40-49
33.9850566961, -78.3919024446;"{""type"": ""Point"", ""coordinates"": [-78.39190244456688, 33.98505669609808]}";Black;None - Rural Crash;Travel Lane;2;11;Mixed (30% To 70% Developed);Male;Motorcycle;0;#NULL!;0;0;Black;No;0;40-49;Motorist Overtaking - Other / Unknown;None;No;No;Dry;0;Rural;No;22MAY2013;0;11:30;Male;No;Residential;A: Disabling Injury;Yes;A: Disabling Injury;1122;May;0;Straight - Level;Coastal;With Traffic;Double Yellow Line, No Passing Zone;Wednesday;Non-Intersection;48;0;Two-Way, Not Divided;2 lanes;0;#NULL!;SR 1348;Coarse Asphalt;#NULL!;No Special Feature;Motorist Overtaking Bicyclist;State Secondary Route;C: Possible Injury;Brunswick;27;Clear;#NULL!;Unknown;50 - 55  MPH;2013;Dark - Roadway Not Lighted;25-29
35.8137970285, -80.2522030976;"{""type"": ""Point"", ""coordinates"": [-80.2522030975807, 35.81379702849799]}";Black;Lexington;Travel Lane;2;13;Urban (>70% Developed);Male;Passenger Car;0;#NULL!;0;0;White;No;0;11-15;Bicyclist Ride Through - Sign-Controlled Intersection;None;No;No;Dry;0;Urban;No;19MAY2013;0;13:38;Male;No;Commercial;A: Disabling Injury;Yes;O: No Injury;1127;May;0;Straight - Level;Piedmont;With Traffic;Stop And Go Signal;Sunday;Intersection;12;0;Two-Way, Not Divided;2 lanes;0;#NULL!;MYERS PARK DR;Coarse Asphalt;#NULL!;T-Intersection;Bicyclist Failed to Yield - Sign-Controlled Intersection;Local Street;A: Disabling Injury;Davidson;46;Cloudy;#NULL!;21-25 mph;30 - 35  MPH;2013;Daylight;40-49
35.2246768819, -80.8281032371;"{""type"": ""Point"", ""coordinates"": [-80.82810323714209, 35.224676881854855]}";White;Charlotte;Travel Lane;2;19;Urban (>70% Developed);Male;Sport Utility;0;#NULL!;0;0;White;No;0;25-29;Motorist Right Turn - Same Direction;None;Yes;Yes;Dry;0;Urban;No;30MAY2013;0;19:42;Female;Yes;Commercial;C: Possible Injury;Yes;O: No Injury;1135;May;0;Straight - Level;Piedmont;With Traffic;No Control Present;Thursday;Intersection;26;0;Two-Way, Not Divided;4 lanes;0;#NULL!;10TH ST;Grooved Concrete;#NULL!;No Special Feature;Motorist Right Turn / Merge;Local Street;C: Possible Injury;Mecklenburg;32;Clear;#NULL!;31-35 mph;30 - 35  MPH;2013;Daylight;30-39