Geo Point;Geo Shape;BikeRace;City;BikePos;NumUnits;CrashHour;Locality;BikeSex;DrvrVehTyp;NumBikesNo;BikeAlcDrg;NumBikesBI;RteInvdCd;DrvrRace;Workzone;NumBikesCi;BikeAgeGrp;CrashType;RdDefects;CrashAlcoh;BikeAlcoho;RdConditio;DstncMiFrm;RuralUrban;HitRun;CrashDate;NumBikesUI;CrashTime;DrvrSex;DrvrAlcoho;Developmen;CrashSevr;AmbulanceR;DrvrInjury;OBJECTID;CrashMonth;NumBikesKi;RdCharacte;Region;BikeDir;TraffCntrl;CrashDay;CrashLoc;BikeAge;NumBikesTo;RdConfig;NumLanes;NumBikesAI;DrvrAlcDrg;OnRoad;RdSurface;Towrd_Rd;RdFeature;CrashGrp;RdClass;BikeInjury;County;DrvrAge;Weather;FrmRd;DrvrEstSpd;SpeedLimit;CrashYear;LightCond;DrvrAgeGrp
35.5774068921, -82.5514037684;"{""type"": ""Point"", ""coordinates"": [-82.55140376843649, 35.57740689207236]}";White;Asheville;Travel Lane;2;14;Urban (>70% Developed);Female;Unknown;0;#NULL!;0;0;Unknown/Missing;No;0;25-29;Motorist Overtaking - Other / Unknown;None;No;No;Dry;0;Urban;Yes;23MAY2013;0;14:00;Unknown;Missing;Commercial;B: Evident Injury;Yes;Unknown Injury;1148;May;0;Straight - Hillcrest;Mountains;With Traffic;No Control Present;Thursday;Non-Intersection;25;0;Two-Way, Divided, Unprotected Median;4 lanes;0;#NULL!;MCDOWELL ST;Smooth Asphalt;#NULL!;Tunnel;Motorist Overtaking Bicyclist;Local Street;B: Evident Injury;Buncombe;Unknown;Clear;#NULL!;46-50 mph;30 - 35  MPH;2013;Other;Unknown
34.6795068224, -79.193302719;"{""type"": ""Point"", ""coordinates"": [-79.19330271902548, 34.67950682235736]}";Native American;Pembroke;Unknown;2;12;Urban (>70% Developed);Male;Truck/Trailer;0;#NULL!;0;0;Native American;No;0;60-69;Motorist Drive Out - Sign-Controlled Intersection;Work Zone;No;No;Dry;0;Rural;No;05JUN2013;0;12:33;Female;No;Commercial;C: Possible Injury;Yes;O: No Injury;1157;June;0;Straight - Level;Coastal;Facing Traffic;Stop Sign;Wednesday;Intersection;60;0;Two-Way, Divided, Unprotected Median;2 lanes;0;#NULL!;EAST THIRD STREET;Smooth Asphalt;#NULL!;T-Intersection;Motorist Failed to Yield - Sign-Controlled Intersection;Local Street;C: Possible Injury;Robeson;64;Clear;#NULL!;0-5 mph;30 - 35  MPH;2013;Daylight;60-69
35.1691769215, -79.393802805;"{""type"": ""Point"", ""coordinates"": [-79.39380280501472, 35.16917692150348]}";White;Southern Pines;Travel Lane;3;11;Urban (>70% Developed);Male;Passenger Car;0;#NULL!;0;0;White;No;0;30-39;Motorist Left Turn - Opposite Direction;None;No;No;Dry;0;Urban;No;27MAY2013;0;11:02;Male;No;Residential;C: Possible Injury;Yes;O: No Injury;1160;May;0;Straight - Level;Piedmont;With Traffic;Stop And Go Signal;Monday;Intersection;32;0;Two-Way, Not Divided;2 lanes;0;#NULL!;S MAY ST;Coarse Asphalt;#NULL!;Four-Way Intersection;Motorist Left Turn / Merge;Local Street;C: Possible Injury;Moore;34;Clear;#NULL!;6-10 mph;30 - 35  MPH;2013;Daylight;30-39
36.1106471193, -79.5031028883;"{""type"": ""Point"", ""coordinates"": [-79.5031028882987, 36.11064711934729]}";White;Elon College;Travel Lane;2;17;Mixed (30% To 70% Developed);Male;Passenger Car;0;#NULL!;0;0;Unknown/Missing;No;0;50-59;Bicyclist Overtaking - Parked Vehicle;None;No;No;Dry;0;Urban;No;25MAY2013;0;17:21;Unknown;Missing;Farms, Woods, Pastures;B: Evident Injury;Yes;Unknown Injury;1161;May;0;Straight - Level;Piedmont;With Traffic;No Control Present;Saturday;Non-Intersection;54;0;Two-Way, Not Divided;2 lanes;0;#NULL!;UNIVERSITY DR;Smooth Asphalt;#NULL!;No Special Feature;Bicyclist Overtaking Motorist;Local Street;B: Evident Injury;Alamance;Unknown;Clear;#NULL!;Unknown;50 - 55  MPH;2013;Daylight;Unknown
36.0673170987, -79.8114029785;"{""type"": ""Point"", ""coordinates"": [-79.81140297846632, 36.067317098676725]}";Black;Greensboro;Sidewalk / Crosswalk / Driveway Crossing;2;9;Urban (>70% Developed);Male;Passenger Car;0;#NULL!;0;0;Black;No;0;16-19;Motorist Left Turn - Same Direction;None;No;No;Dry;0;Urban;No;19MAY2013;0;9:58;Female;No;Institutional;O: No Injury;No;O: No Injury;1169;May;0;Straight - Level;Piedmont;Facing Traffic;Stop Sign;Sunday;Non-Intersection;19;0;One-Way, Not Divided;2 lanes;0;#NULL!;STIRLING ST;Smooth Asphalt;#NULL!;No Special Feature;Motorist Left Turn / Merge;Local Street;O: No Injury;Guilford;25;Clear;#NULL!;Unknown;Unknown;2013;Daylight;25-29
35.8203470811, -78.8297026685;"{""type"": ""Point"", ""coordinates"": [-78.82970266849203, 35.820347081106135]}";White;Morrisville;Travel Lane;2;7;Urban (>70% Developed);Male;Passenger Car;0;#NULL!;0;0;Asian;No;0;40-49;Motorist Right Turn - Same Direction;None;No;No;Dry;0;Urban;No;14JUN2013;0;7:35;Female;No;Commercial;B: Evident Injury;Yes;O: No Injury;1171;June;0;Straight - Hillcrest;Piedmont;With Traffic;No Control Present;Friday;Intersection;43;0;Two-Way, Not Divided;2 lanes;0;#NULL!;SR 3014;Coarse Asphalt;#NULL!;No Special Feature;Motorist Right Turn / Merge;State Secondary Route;B: Evident Injury;Wake;38;Clear;#NULL!;11-15 mph;30 - 35  MPH;2013;Daylight;30-39
36.0564970941, -79.8697029954;"{""type"": ""Point"", ""coordinates"": [-79.86970299544303, 36.056497094125895]}";White;Greensboro;Travel Lane;2;22;Urban (>70% Developed);Male;Passenger Car;0;#NULL!;0;0;Black;No;0;70+;Motorist Left Turn - Opposite Direction;None;No;No;Dry;0;Urban;No;11JUN2013;0;22:37;Male;No;Residential;B: Evident Injury;Yes;O: No Injury;1173;June;0;Straight - Level;Piedmont;With Traffic;No Control Present;Tuesday;Intersection;70+;0;Two-Way, Not Divided;2 lanes;0;#NULL!;HEWITT ST;Smooth Asphalt;#NULL!;No Special Feature;Motorist Left Turn / Merge;Local Street;B: Evident Injury;Guilford;22;Clear;#NULL!;6-10 mph;30 - 35  MPH;2013;Dark - Lighted Roadway;20-24
35.9074870591, -79.9696030174;"{""type"": ""Point"", ""coordinates"": [-79.96960301740611, 35.90748705912888]}";Hispanic;Archdale;Travel Lane;2;8;Urban (>70% Developed);Male;Sport Utility;0;#NULL!;0;0;White;No;0;11-15;Bicyclist Lost Control - Mechanical Problems;None;No;No;Wet;0;Urban;No;03JUN2013;0;8:01;Female;No;Residential;C: Possible Injury;No;O: No Injury;1176;June;0;Straight - Grade;Piedmont;With Traffic;Stop Sign;Monday;Intersection;11;0;Two-Way, Not Divided;2 lanes;0;#NULL!;GOODMAN ST;Smooth Asphalt;#NULL!;T-Intersection;Loss of Control / Turning Error;Local Street;C: Possible Injury;Randolph;29;Cloudy;#NULL!;16-20 mph;30 - 35  MPH;2013;Daylight;25-29
35.3232568423, -82.4628037277;"{""type"": ""Point"", ""coordinates"": [-82.46280372773359, 35.32325684226267]}";White;Hendersonville;Travel Lane;2;17;Urban (>70% Developed);Male;Passenger Car;0;#NULL!;0;0;Black;No;0;40-49;Bicyclist Ride Through - Signalized Intersection;None;No;No;Dry;0;Urban;Yes;08JUN2013;0;17:37;Male;No;Commercial;O: No Injury;No;O: No Injury;1177;June;0;Straight - Level;Mountains;With Traffic;Stop And Go Signal;Saturday;Intersection;45;0;Two-Way, Not Divided;2 lanes;0;#NULL!;N MAIN;Coarse Asphalt;#NULL!;Four-Way Intersection;Bicyclist Failed to Yield - Signalized Intersection;Local Street;O: No Injury;Henderson;34;Clear;#NULL!;16-20 mph;20 - 25  MPH;2013;Daylight;30-39
34.2121767632, -77.8669022965;"{""type"": ""Point"", ""coordinates"": [-77.86690229647255, 34.21217676315606]}";White;Wilmington;Travel Lane;2;16;Urban (>70% Developed);Male;Pickup;0;#NULL!;0;0;White;No;0;60-69;Motorist Drive Out - Sign-Controlled Intersection;None;No;No;Dry;0;Urban;No;04JUN2013;0;16:58;Male;No;Residential;C: Possible Injury;Yes;O: No Injury;1180;June;0;Straight - Level;Coastal;Facing Traffic;Stop Sign;Tuesday;Intersection;60;0;Two-Way, Not Divided;2 lanes;0;#NULL!;WRIGHTSVILLE AVE;Smooth Asphalt;#NULL!;Related To Intersection;Motorist Failed to Yield - Sign-Controlled Intersection;Local Street;C: Possible Injury;New Hanover;31;Clear;#NULL!;0-5 mph;30 - 35  MPH;2013;Daylight;30-39
35.6645769887, -80.4813031579;"{""type"": ""Point"", ""coordinates"": [-80.4813031579038, 35.664576988706564]}";Black;Salisbury;Driveway / Alley;2;20;Urban (>70% Developed);Male;Passenger Car;0;#NULL!;0;0;Black;No;0;6-10;Bicyclist Ride Out - Residential Driveway;None;No;No;Dry;0;Urban;No;20JUN2013;0;20:14;Female;No;Residential;A: Disabling Injury;No;O: No Injury;1185;June;0;Straight - Grade;Piedmont;Not Applicable;No Control Present;Thursday;Non-Intersection;10;0;Two-Way, Not Divided;2 lanes;0;#NULL!;W MCCUBBINS ST;Coarse Asphalt;#NULL!;Driveway, Private;Bicyclist Failed to Yield - Midblock;Local Street;A: Disabling Injury;Rowan;32;Clear;#NULL!;16-20 mph;20 - 25  MPH;2013;Daylight;30-39
35.4532771147, -75.484901629;"{""type"": ""Point"", ""coordinates"": [-75.48490162898044, 35.453277114697094]}";Asian;None - Rural Crash;Sidewalk / Crosswalk / Driveway Crossing;2;7;Rural (<30% Developed);Male;Passenger Car;0;#NULL!;0;0;White;No;0;50-59;Bicyclist Ride Out - Parallel Path;None;No;No;Dry;0;Rural;No;23JUN2013;0;7:54;Female;No;Farms, Woods, Pastures;C: Possible Injury;No;O: No Injury;1189;June;0;Straight - Level;Coastal;With Traffic;No Control Present;Sunday;Non-Intersection;55;0;Two-Way, Not Divided;2 lanes;0;#NULL!;NC 12;Smooth Asphalt;#NULL!;No Special Feature;Parallel Paths - Other Circumstances;NC Route;C: Possible Injury;Dare;29;Clear;#NULL!;51-55 mph;50 - 55  MPH;2013;Daylight;25-29
36.090337105, -79.7731029691;"{""type"": ""Point"", ""coordinates"": [-79.77310296908037, 36.090337105029114]}";Black;Greensboro;Sidewalk / Crosswalk / Driveway Crossing;2;15;Urban (>70% Developed);Male;Passenger Car;0;#NULL!;0;0;Asian;No;0;30-39;Signalized Intersection - Other / Unknown;None;No;No;Dry;0;Urban;Yes;04JUN2013;0;15:52;Male;No;Commercial;C: Possible Injury;Yes;O: No Injury;1191;June;0;Straight - Level;Piedmont;Facing Traffic;Stop And Go Signal;Tuesday;Intersection;34;0;Two-Way, Not Divided;3 lanes;0;#NULL!;FOURTH ST;Coarse Asphalt;#NULL!;T-Intersection;Crossing Paths - Other Circumstances;Local Street;C: Possible Injury;Guilford;47;Clear;#NULL!;0-5 mph;30 - 35  MPH;2013;Daylight;40-49
35.5835168906, -82.6218037895;"{""type"": ""Point"", ""coordinates"": [-82.62180378953708, 35.5835168905958]}";White;Asheville;Non-Roadway;2;17;Urban (>70% Developed);Male;Passenger Car;0;#NULL!;0;0;Black;No;0;6-10;Non-Roadway;None;No;No;Dry;0;Urban;No;06JUN2013;0;17:34;Male;No;Residential;C: Possible Injury;No;O: No Injury;1192;June;0;Straight - Level;Mountains;Not Applicable;No Control Present;Thursday;Non-Roadway;7;0;Two-Way, Not Divided;Unknown;0;#NULL!;PVA 42 WESTMORE DR;Smooth Asphalt;#NULL!;No Special Feature;Non-Roadway;Public Vehicular Area;C: Possible Injury;Buncombe;54;Cloudy;#NULL!;6-10 mph;Unknown;2013;Daylight;50-59
35.0436969096, -78.949202664;"{""type"": ""Point"", ""coordinates"": [-78.94920266398421, 35.04369690961471]}";White;Fayetteville;Unknown;2;19;Urban (>70% Developed);Male;Passenger Car;0;#NULL!;0;0;White;No;0;Unknown;Bicyclist Ride Out - Parallel Path;None;No;No;Dry;0;Urban;No;12JAN2013;0;19:03;Male;No;Commercial;K: Killed;Yes;C: Possible Injury;1205;January;0;Straight - Level;Coastal;Unknown;No Control Present;Saturday;Non-Intersection;Unknown;0;Two-Way, Not Divided;7 lanes;0;#NULL!;RAEFORD RD;Coarse Asphalt;#NULL!;Driveway, Public;Parallel Paths - Other Circumstances;Local Street;K: Killed;Cumberland;26;Clear;#NULL!;16-20 mph;40 - 45  MPH;2013;Dark - Lighted Roadway;25-29
35.4618569172, -81.2540033766;"{""type"": ""Point"", ""coordinates"": [-81.2540033766385, 35.461856917238464]}";Black;Lincolnton;Travel Lane;2;16;Mixed (30% To 70% Developed);Male;Light Truck (Mini-Van, Panel);0;#NULL!;0;0;White;No;0;50-59;Bicyclist Ride Through - Sign-Controlled Intersection;None;No;No;Dry;0;Urban;No;25JUN2013;0;16:25;Male;No;Residential;A: Disabling Injury;Yes;O: No Injury;1207;June;0;Straight - Hillcrest;Piedmont;Facing Traffic;Stop Sign;Tuesday;Intersection;55;0;Two-Way, Not Divided;2 lanes;0;#NULL!;SOUTH ASPEN STREET;Smooth Asphalt;#NULL!;Y-Intersection;Bicyclist Failed to Yield - Sign-Controlled Intersection;Local Street;A: Disabling Injury;Lincoln;69;Clear;#NULL!;16-20 mph;40 - 45  MPH;2013;Daylight;60-69
35.1930068795, -80.7161032017;"{""type"": ""Point"", ""coordinates"": [-80.71610320170436, 35.19300687949271]}";White;Charlotte;Travel Lane;2;18;Mixed (30% To 70% Developed);Male;Unknown;0;#NULL!;0;0;Unknown/Missing;No;0;16-19;Motorist Overtaking - Other / Unknown;None;No;No;Dry;0;Urban;Yes;01JUL2013;0;18:50;Unknown;Missing;Residential;O: No Injury;No;Unknown Injury;1217;July;0;Straight - Level;Piedmont;With Traffic;Stop Sign;Monday;Intersection-Related;16;0;Two-Way, Divided, Unprotected Median;2 lanes;0;#NULL!;CHESTNUT LAKE DR;Smooth Asphalt;#NULL!;No Special Feature;Motorist Overtaking Bicyclist;Local Street;O: No Injury;Mecklenburg;Unknown;Clear;#NULL!;0-5 mph;30 - 35  MPH;2013;Daylight;Unknown
35.788167081, -78.6396026096;"{""type"": ""Point"", ""coordinates"": [-78.63960260959452, 35.78816708104269]}";White;Raleigh;Travel Lane;2;21;Urban (>70% Developed);Female;Sport Utility;0;#NULL!;0;0;White;No;0;20-24;Motorist Left Turn - Opposite Direction;None;No;No;Dry;0;Urban;No;02JUL2013;0;21:13;Male;No;Commercial;B: Evident Injury;Yes;O: No Injury;1218;July;0;Straight - Grade;Piedmont;With Traffic;Stop Sign;Tuesday;Intersection;24;0;Two-Way, Not Divided;4 lanes;0;#NULL!;PEACE ST;Smooth Asphalt;#NULL!;T-Intersection;Motorist Left Turn / Merge;Local Street;B: Evident Injury;Wake;46;Cloudy;#NULL!;0-5 mph;30 - 35  MPH;2013;Dark - Roadway Not Lighted;40-49
36.1207671089, -79.8304029874;"{""type"": ""Point"", ""coordinates"": [-79.8304029873937, 36.120767108883946]}";White;Greensboro;Sidewalk / Crosswalk / Driveway Crossing;2;10;Urban (>70% Developed);Male;Passenger Car;0;#NULL!;0;0;White;No;0;60-69;Motorist Drive Out - Sign-Controlled Intersection;None;No;No;Dry;0;Urban;No;07JUL2013;0;10:37;Male;No;Commercial;B: Evident Injury;Yes;O: No Injury;1236;July;0;Straight - Level;Piedmont;Facing Traffic;Stop Sign;Sunday;Intersection;64;0;Two-Way, Not Divided;5 lanes;0;#NULL!;ASHWOOD CT;Smooth Asphalt;#NULL!;T-Intersection;Motorist Failed to Yield - Sign-Controlled Intersection;Local Street;B: Evident Injury;Guilford;19;Cloudy;#NULL!;11-15 mph;30 - 35  MPH;2013;Daylight;0-19
35.4958569992, -79.1822027582;"{""type"": ""Point"", ""coordinates"": [-79.18220275821994, 35.495856999241404]}";White;Sanford;Driveway / Alley;2;18;Urban (>70% Developed);Male;Passenger Car;0;#NULL!;0;0;Black;No;0;6-10;Bicyclist Ride Out - Residential Driveway;None;No;No;Dry;0;Urban;No;14JUN2013;0;18:43;Female;No;Residential;C: Possible Injury;No;O: No Injury;1237;June;0;Straight - Hillcrest;Piedmont;Not Applicable;No Control Present;Friday;Non-Intersection;8;0;Two-Way, Not Divided;1 lane;0;#NULL!;FORREST DR;Coarse Asphalt;#NULL!;No Special Feature;Bicyclist Failed to Yield - Midblock;Local Street;C: Possible Injury;Lee;33;Clear;#NULL!;6-10 mph;30 - 35  MPH;2013;Daylight;30-39
35.507976872, -82.6982038073;"{""type"": ""Point"", ""coordinates"": [-82.69820380726287, 35.50797687198172]}";White;None - Rural Crash;Travel Lane;2;10;Rural (<30% Developed);Male;Passenger Car;0;#NULL!;0;0;White;No;0;20-24;Motorist Drive Out - Residential Driveway;None;No;No;Dry;0;Rural;No;09JUL2013;0;10:00;Male;No;Farms, Woods, Pastures;B: Evident Injury;Yes;O: No Injury;1238;July;0;Curve - Grade;Mountains;With Traffic;Double Yellow Line, No Passing Zone;Tuesday;Non-Intersection;23;0;Two-Way, Not Divided;2 lanes;0;#NULL!;SR 3446;Smooth Asphalt;#NULL!;Driveway, Private;Motorist Failed to Yield - Midblock;State Secondary Route;B: Evident Injury;Buncombe;36;Clear;#NULL!;0-5 mph;40 - 45  MPH;2013;Daylight;30-39
35.2452868842, -80.8931032575;"{""type"": ""Point"", ""coordinates"": [-80.89310325754053, 35.245286884230886]}";White;Charlotte;Travel Lane;2;12;Urban (>70% Developed);Male;Light Truck (Mini-Van, Panel);0;#NULL!;0;0;White;No;0;40-49;Motorist Right Turn - Opposite Direction;None;No;No;Dry;0;Urban;No;09JUL2013;0;12:08;Male;No;Commercial;B: Evident Injury;Yes;O: No Injury;1243;July;0;Straight - Level;Piedmont;With Traffic;Stop And Go Signal;Tuesday;Intersection;48;0;Two-Way, Divided, Unprotected Median;4 lanes;0;#NULL!;FREEDOM DR;Smooth Asphalt;#NULL!;No Special Feature;Motorist Right Turn / Merge;Local Street;B: Evident Injury;Mecklenburg;59;Clear;#NULL!;16-20 mph;30 - 35  MPH;2013;Daylight;50-59
35.7880969848, -81.2933034069;"{""type"": ""Point"", ""coordinates"": [-81.29330340688362, 35.788096984807886]}";White;None - Rural Crash;Travel Lane;2;16;Mixed (30% To 70% Developed);Female;Pickup;0;#NULL!;0;0;White;No;0;60-69;Motorist Drive Out - Sign-Controlled Intersection;None;No;No;Dry;0;Rural;No;10JUL2013;0;16:07;Male;No;Residential;B: Evident Injury;Yes;O: No Injury;1245;July;0;Straight - Level;Piedmont;With Traffic;Stop Sign;Wednesday;Intersection;61;0;Two-Way, Not Divided;2 lanes;0;#NULL!;SR 1401;Smooth Asphalt;#NULL!;T-Intersection;Motorist Failed to Yield - Sign-Controlled Intersection;State Secondary Route;B: Evident Injury;Catawba;70+;Cloudy;#NULL!;0-5 mph;40 - 45  MPH;2013;Daylight;70+
35.7356269712, -81.3424034189;"{""type"": ""Point"", ""coordinates"": [-81.34240341887235, 35.735626971224285]}";White;Hickory;Sidewalk / Crosswalk / Driveway Crossing;2;21;Mixed (30% To 70% Developed);Male;Pickup;0;#NULL!;0;0;White;No;0;20-24;Bicyclist Ride Out - Parallel Path;None;No;No;Dry;0;Urban;No;15JUN2013;0;21:14;Male;No;Residential;B: Evident Injury;Yes;O: No Injury;1252;June;0;Straight - Grade;Piedmont;Facing Traffic;Other;Saturday;Intersection-Related;23;0;One-Way, Not Divided;2 lanes;0;#NULL!;3RD AVE;Smooth Asphalt;#NULL!;No Special Feature;Parallel Paths - Other Circumstances;Local Street;B: Evident Injury;Catawba;70+;Clear;#NULL!;21-25 mph;20 - 25  MPH;2013;Dark - Lighted Roadway;70+
36.0580251408, -78.5952476105;"{""type"": ""Point"", ""coordinates"": [-78.59524761054152, 36.058025140805675]}";White;None - Rural Crash;Travel Lane;3;8;Rural (<30% Developed);Female;Passenger Car;0;#NULL!;0;0;White;No;0;11-15;Motorist Overtaking - Other / Unknown;None;No;No;Wet;0;Rural;No;13JUL2013;0;8:00;Male;No;Farms, Woods, Pastures;B: Evident Injury;Yes;O: No Injury;1253;July;0;Curve - Level;Piedmont;With Traffic;Double Yellow Line, No Passing Zone;Saturday;Non-Intersection;15;0;Two-Way, Not Divided;2 lanes;0;#NULL!;SR 1710;Smooth Asphalt;#NULL!;No Special Feature;Motorist Overtaking Bicyclist;State Secondary Route;B: Evident Injury;Granville;44;Cloudy;#NULL!;51-55 mph;50 - 55  MPH;2013;Daylight;40-49
35.2481568872, -80.8294032385;"{""type"": ""Point"", ""coordinates"": [-80.82940323853266, 35.24815688721789]}";Hispanic;Charlotte;Non-Roadway;2;17;Urban (>70% Developed);Male;Passenger Car;0;#NULL!;0;0;Black;No;0;40-49;Bicyclist Ride Out - Parallel Path;None;No;No;Dry;0;Urban;No;01JUL2013;0;17:08;Female;No;Residential;C: Possible Injury;Yes;O: No Injury;1269;July;0;Straight - Level;Piedmont;With Traffic;Stop Sign;Monday;Non-Intersection;48;0;Two-Way, Not Divided;4 lanes;0;#NULL!;2600 N GRAHAM ST;Coarse Asphalt;#NULL!;No Special Feature;Parallel Paths - Other Circumstances;Local Street;C: Possible Injury;Mecklenburg;48;Clear;#NULL!;21-25 mph;30 - 35  MPH;2013;Daylight;40-49
35.9943771156, -78.9151027044;"{""type"": ""Point"", ""coordinates"": [-78.91510270436132, 35.99437711558113]}";Black;Durham;Sidewalk / Crosswalk / Driveway Crossing;2;18;Urban (>70% Developed);Male;Passenger Car;0;#NULL!;0;0;Black;No;0;6-10;Bicyclist Ride Out - Residential Driveway;None;No;No;Dry;0;Urban;No;20JUL2013;0;18:53;Female;No;Residential;O: No Injury;Yes;O: No Injury;1271;July;0;Straight - Grade;Piedmont;Not Applicable;No Control Present;Saturday;Non-Intersection;7;0;Two-Way, Not Divided;2 lanes;0;#NULL!;S BUCHANAN BLVD;Coarse Asphalt;#NULL!;No Special Feature;Bicyclist Failed to Yield - Midblock;Local Street;O: No Injury;Durham;57;Clear;#NULL!;0-5 mph;20 - 25  MPH;2013;Daylight;50-59
34.779086829, -79.6184028524;"{""type"": ""Point"", ""coordinates"": [-79.61840285235725, 34.7790868290263]}";Black;None - Rural Crash;Travel Lane;2;21;Rural (<30% Developed);Male;Passenger Car;0;#NULL!;0;0;White;No;0;20-24;Motorist Overtaking - Bicyclist Swerved;None;Yes;Yes;Dry;0;Rural;No;17JUL2013;0;21:12;Male;No;Farms, Woods, Pastures;A: Disabling Injury;Yes;O: No Injury;1272;July;0;Straight - Level;Coastal;With Traffic;No Control Present;Wednesday;Non-Intersection;22;0;Two-Way, Not Divided;2 lanes;0;#NULL!;NC 381;Smooth Asphalt;#NULL!;No Special Feature;Motorist Overtaking Bicyclist;NC Route;A: Disabling Injury;Scotland;50;Cloudy;#NULL!;51-55 mph;50 - 55  MPH;2013;Dark - Roadway Not Lighted;50-59
34.6618068897, -77.0490020702;"{""type"": ""Point"", ""coordinates"": [-77.04900207017202, 34.6618068896539]}";White;Emerald Isle;Sidewalk / Crosswalk / Driveway Crossing;2;18;Urban (>70% Developed);Female;Pickup;0;#NULL!;0;0;White;No;0;11-15;Bicyclist Ride Out - Signalized  Intersection;None;No;No;Dry;0;Rural;No;06JUL2013;0;18:32;Female;No;Commercial;C: Possible Injury;Yes;O: No Injury;1273;July;0;Straight - Level;Coastal;Facing Traffic;Stop And Go Signal;Saturday;Intersection;13;0;Two-Way, Not Divided;9 or more lanes;0;#NULL!;NC 58;Smooth Asphalt;#NULL!;Four-Way Intersection;Bicyclist Failed to Yield - Signalized Intersection;NC Route;C: Possible Injury;Carteret;20;Clear;#NULL!;31-35 mph;40 - 45  MPH;2013;Daylight;20-24
35.7523169225, -82.7064038248;"{""type"": ""Point"", ""coordinates"": [-82.7064038247555, 35.752316922537176]}";White;None - Rural Crash;Travel Lane;3;15;Rural (<30% Developed);Male;Passenger Car;0;#NULL!;0;0;White;No;0;16-19;Motorist Overtaking - Bicyclist Swerved;None;No;No;Dry;0;Rural;No;24JUL2013;0;15:52;Male;No;Farms, Woods, Pastures;O: No Injury;No;O: No Injury;1281;July;0;Straight - Grade;Mountains;With Traffic;Double Yellow Line, No Passing Zone;Wednesday;Non-Intersection;17;0;Two-Way, Not Divided;2 lanes;0;#NULL!;SR 1001;Smooth Asphalt;#NULL!;No Special Feature;Motorist Overtaking Bicyclist;State Secondary Route;O: No Injury;Madison;62;Clear;#NULL!;21-25 mph;50 - 55  MPH;2013;Daylight;60-69
35.7722769959, -80.90360329;"{""type"": ""Point"", ""coordinates"": [-80.90360329002112, 35.77227699594265]}";Black;Statesville;Travel Lane;2;15;Urban (>70% Developed);Female;Sport Utility;0;#NULL!;0;0;Black;No;0;6-10;Bicyclist Ride Through - Sign-Controlled Intersection;None;No;No;Dry;0;Urban;No;10JUL2013;0;15:40;Female;No;Residential;C: Possible Injury;Yes;O: No Injury;1282;July;0;Straight - Grade;Piedmont;With Traffic;Stop Sign;Wednesday;Intersection;10;0;Two-Way, Not Divided;2 lanes;0;#NULL!;GROVE ST;Smooth Asphalt;#NULL!;T-Intersection;Bicyclist Failed to Yield - Sign-Controlled Intersection;Local Street;C: Possible Injury;Iredell;57;Clear;#NULL!;16-20 mph;30 - 35  MPH;2013;Daylight;50-59
36.0076971184, -78.9222027065;"{""type"": ""Point"", ""coordinates"": [-78.92220270650621, 36.007697118394255]}";Black;Durham;Travel Lane;2;9;Urban (>70% Developed);Female;Van;0;#NULL!;0;0;White;No;0;25-29;Backing Vehicle;None;No;No;Dry;0;Urban;No;23JUL2013;0;9:57;Female;No;Commercial;B: Evident Injury;Yes;O: No Injury;1284;July;0;Straight - Level;Piedmont;With Traffic;No Control Present;Tuesday;Non-Intersection;26;0;Two-Way, Not Divided;2 lanes;0;#NULL!;NINTH ST;Coarse Asphalt;#NULL!;No Special Feature;Backing Vehicle;Local Street;B: Evident Injury;Durham;55;Clear;#NULL!;21-25 mph;20 - 25  MPH;2013;Daylight;50-59
35.9266570621, -79.9860030241;"{""type"": ""Point"", ""coordinates"": [-79.98600302405671, 35.926657062082526]}";Hispanic;High Point;Travel Lane;2;12;Urban (>70% Developed);Male;Pickup;0;#NULL!;0;0;White;No;0;40-49;Motorist Drive Out - Right Turn on Red;None;Yes;Yes;Dry;0;Urban;No;28JUN2013;0;12:26;Female;No;Commercial;B: Evident Injury;No;O: No Injury;1288;June;0;Straight - Level;Piedmont;Facing Traffic;Stop And Go Signal;Friday;Intersection;40;0;Two-Way, Not Divided;5 lanes;0;#NULL!;S MAIN ST;Coarse Asphalt;#NULL!;T-Intersection;Motorist Failed to Yield - Signalized Intersection;Local Street;B: Evident Injury;Guilford;34;Clear;#NULL!;0-5 mph;30 - 35  MPH;2013;Daylight;30-39
35.2423169999, -77.5792022598;"{""type"": ""Point"", ""coordinates"": [-77.57920225975869, 35.24231699988062]}";White;Kinston;Travel Lane;2;12;Urban (>70% Developed);Male;Passenger Car;0;#NULL!;0;0;White;No;0;25-29;Motorist Right Turn - Same Direction;None;No;No;Dry;0;Urban;No;29JUL2013;0;12:55;Female;No;Commercial;B: Evident Injury;Yes;O: No Injury;1294;July;0;Straight - Level;Coastal;With Traffic;Stop And Go Signal;Monday;Intersection;28;0;Two-Way, Not Divided;7 lanes;0;#NULL!;US 70;Grooved Concrete;#NULL!;T-Intersection;Motorist Right Turn / Merge;US Route;B: Evident Injury;Lenoir;70+;Clear;#NULL!;26-30 mph;40 - 45  MPH;2013;Daylight;70+