Geo Point;Geo Shape;BikeRace;City;BikePos;NumUnits;CrashHour;Locality;BikeSex;DrvrVehTyp;NumBikesNo;BikeAlcDrg;NumBikesBI;RteInvdCd;DrvrRace;Workzone;NumBikesCi;BikeAgeGrp;CrashType;RdDefects;CrashAlcoh;BikeAlcoho;RdConditio;DstncMiFrm;RuralUrban;HitRun;CrashDate;NumBikesUI;CrashTime;DrvrSex;DrvrAlcoho;Developmen;CrashSevr;AmbulanceR;DrvrInjury;OBJECTID;CrashMonth;NumBikesKi;RdCharacte;Region;BikeDir;TraffCntrl;CrashDay;CrashLoc;BikeAge;NumBikesTo;RdConfig;NumLanes;NumBikesAI;DrvrAlcDrg;OnRoad;RdSurface;Towrd_Rd;RdFeature;CrashGrp;RdClass;BikeInjury;County;DrvrAge;Weather;FrmRd;DrvrEstSpd;SpeedLimit;CrashYear;LightCond;DrvrAgeGrp
33.9122066893, -78.1010023538;"{""type"": ""Point"", ""coordinates"": [-78.10100235379485, 33.91220668932728]}";Hispanic;Oak Island;Driveway / Alley;2;17;Urban (>70% Developed);Male;Sport Utility;0;#NULL!;0;0;White;No;0;6-10;Bicyclist Ride Out - Commercial Driveway / Alley;None;No;No;Dry;0;Urban;No;27JUN2013;0;17:28;Female;No;Commercial;B: Evident Injury;No;O: No Injury;1299;June;0;Straight - Level;Coastal;Facing Traffic;No Control Present;Thursday;Non-Intersection;10;0;Two-Way, Not Divided;2 lanes;0;#NULL!;NE 63RD ST;Smooth Asphalt;#NULL!;Alley Intersection;Bicyclist Failed to Yield - Midblock;Local Street;B: Evident Injury;Brunswick;65;Cloudy;#NULL!;16-20 mph;30 - 35  MPH;2013;Daylight;60-69
36.1147170927, -80.2364031089;"{""type"": ""Point"", ""coordinates"": [-80.23640310892952, 36.11471709270424]}";Black;Winston-Salem;Travel Lane;2;7;Urban (>70% Developed);Male;Passenger Car;0;#NULL!;0;0;Black;No;0;20-24;Motorist Overtaking - Bicyclist Swerved;None;No;No;Dry;0;Urban;No;24JUL2013;0;7:45;Female;No;Residential;B: Evident Injury;Yes;O: No Injury;1320;July;0;Straight - Level;Piedmont;With Traffic;No Control Present;Wednesday;Non-Intersection;21;0;Two-Way, Not Divided;2 lanes;0;#NULL!;E 16TH ST;Coarse Asphalt;#NULL!;No Special Feature;Motorist Overtaking Bicyclist;Local Street;B: Evident Injury;Forsyth;65;Clear;#NULL!;16-20 mph;20 - 25  MPH;2013;Daylight;60-69
35.7740170789, -78.6326026064;"{""type"": ""Point"", ""coordinates"": [-78.63260260642379, 35.77401707893157]}";White;Raleigh;Travel Lane;2;13;Urban (>70% Developed);Male;Pickup;0;#NULL!;0;0;White;No;0;30-39;Bicyclist Turning Error - Right Turn;None;No;No;Dry;0;Urban;No;30JUL2013;0;13:58;Male;No;Commercial;B: Evident Injury;Yes;O: No Injury;1325;July;0;Straight - Grade;Piedmont;Facing Traffic;Stop Sign;Tuesday;Intersection;34;0;Two-Way, Not Divided;2 lanes;0;#NULL!;E CABARRUS;Smooth Asphalt;#NULL!;No Special Feature;Loss of Control / Turning Error;Local Street;B: Evident Injury;Wake;34;Clear;#NULL!;26-30 mph;30 - 35  MPH;2013;Daylight;30-39
34.2013567601, -77.8881023028;"{""type"": ""Point"", ""coordinates"": [-77.88810230284096, 34.20135676007409]}";White;Wilmington;Bike Lane / Paved Shoulder;2;7;Urban (>70% Developed);Male;Pickup;0;#NULL!;0;0;White;No;0;30-39;Motorist Overtaking - Other / Unknown;None;No;No;Dry;0;Urban;No;03JUL2013;0;7:39;Male;No;Residential;B: Evident Injury;Yes;O: No Injury;1329;July;0;Straight - Level;Coastal;With Traffic;Stop And Go Signal;Wednesday;Intersection;31;0;Two-Way, Divided, Positive Median Barrier;5 lanes;0;#NULL!;SOUTH COLLEGE RD;Smooth Asphalt;#NULL!;Four-Way Intersection;Motorist Overtaking Bicyclist;Local Street;B: Evident Injury;New Hanover;48;Clear;#NULL!;31-35 mph;40 - 45  MPH;2013;Daylight;40-49
36.1004270897, -80.2284031058;"{""type"": ""Point"", ""coordinates"": [-80.22840310575538, 36.10042708971114]}";Black;Winston-Salem;Travel Lane;2;21;Urban (>70% Developed);Male;Unknown;0;#NULL!;0;0;Unknown/Missing;No;0;40-49;Signalized Intersection - Other / Unknown;None;No;No;Dry;0;Urban;Yes;25JUL2013;0;21:51;Unknown;Missing;Residential;B: Evident Injury;Yes;Unknown Injury;1331;July;0;Straight - Level;Piedmont;Facing Traffic;Double Yellow Line, No Passing Zone;Thursday;Intersection-Related;47;0;Two-Way, Divided, Unprotected Median;2 lanes;0;#NULL!;E FIFTH ST;Smooth Asphalt;#NULL!;No Special Feature;Crossing Paths - Other Circumstances;Local Street;B: Evident Injury;Forsyth;Unknown;Clear;#NULL!;11-15 mph;30 - 35  MPH;2013;Dark - Lighted Roadway;Unknown
34.24664677, -77.8989023085;"{""type"": ""Point"", ""coordinates"": [-77.89890230847917, 34.246646770042595]}";Black;Wilmington;Travel Lane;2;20;Urban (>70% Developed);Female;Passenger Car;0;#NULL!;0;0;Unknown/Missing;No;0;6-10;Crossing Paths - Midblock - Other / Unknown;None;No;No;Dry;0;Urban;Yes;28JUN2013;0;20:35;Unknown;Missing;Residential;C: Possible Injury;Yes;Unknown Injury;1336;June;0;Straight - Level;Coastal;Facing Traffic;No Control Present;Friday;Non-Intersection;6;0;Two-Way, Not Divided;2 lanes;0;#NULL!;PRICES LN;Smooth Asphalt;#NULL!;No Special Feature;Crossing Paths - Other Circumstances;Local Street;C: Possible Injury;New Hanover;Unknown;Clear;#NULL!;26-30 mph;30 - 35  MPH;2013;Daylight;Unknown
36.4368072465, -77.8761024116;"{""type"": ""Point"", ""coordinates"": [-77.87610241164407, 36.436807246486616]}";Black;None - Rural Crash;Travel Lane;2;21;Rural (<30% Developed);Male;Unknown;0;#NULL!;0;0;Unknown/Missing;No;0;50-59;Motorist Overtaking - Other / Unknown;None;Yes;Yes;Dry;0;Rural;Yes;06AUG2013;0;21:00;Unknown;No;Farms, Woods, Pastures;K: Killed;Yes;Unknown Injury;1341;August;0;Straight - Level;Coastal;Unknown;Double Yellow Line, No Passing Zone;Tuesday;Non-Intersection;58;0;Two-Way, Not Divided;2 lanes;0;#NULL!;SR 1409;Smooth Asphalt;#NULL!;No Special Feature;Motorist Overtaking Bicyclist;State Secondary Route;K: Killed;Halifax;Unknown;Cloudy;#NULL!;51-55 mph;50 - 55  MPH;2013;Dark - Roadway Not Lighted;Unknown
35.1648068581, -81.1478033289;"{""type"": ""Point"", ""coordinates"": [-81.14780332890163, 35.1648068580872]}";White;None - Rural Crash;Travel Lane;2;9;Rural (<30% Developed);Male;Passenger Car;0;#NULL!;0;0;White;No;0;50-59;Motorist Overtaking - Misjudged Space;None;No;No;Wet;0;Rural;No;07AUG2013;0;9:50;Male;No;Farms, Woods, Pastures;O: No Injury;No;O: No Injury;1343;August;0;Straight - Grade;Piedmont;With Traffic;Double Yellow Line, No Passing Zone;Wednesday;Non-Intersection;52;0;Two-Way, Not Divided;2 lanes;0;#NULL!;SR 2426;Smooth Asphalt;#NULL!;No Special Feature;Motorist Overtaking Bicyclist;State Secondary Route;O: No Injury;Gaston;70+;Cloudy;#NULL!;21-25 mph;40 - 45  MPH;2013;Daylight;70+
36.1613272596, -75.7522017456;"{""type"": ""Point"", ""coordinates"": [-75.75220174562796, 36.16132725962667]}";Black;Duck;Bike Lane / Paved Shoulder;2;8;Mixed (30% To 70% Developed);Male;Unknown;0;#NULL!;0;0;Unknown/Missing;No;0;30-39;Motorist Overtaking - Other / Unknown;None;No;No;Dry;0;Rural;Yes;29JUL2013;0;8:40;Unknown;Missing;Commercial;C: Possible Injury;No;Unknown Injury;1350;July;0;Straight - Level;Coastal;With Traffic;No Control Present;Monday;Non-Intersection;31;0;Two-Way, Divided, Unprotected Median;3 lanes;0;#NULL!;DUCK RD;Coarse Asphalt;#NULL!;No Special Feature;Motorist Overtaking Bicyclist;NC Route;C: Possible Injury;Dare;Unknown;Clear;#NULL!;Unknown;Unknown;2013;Daylight;Unknown
34.767296901, -77.4065021842;"{""type"": ""Point"", ""coordinates"": [-77.40650218416627, 34.76729690103925]}";Black;Jacksonville;Travel Lane;2;14;Urban (>70% Developed);Female;Passenger Car;0;#NULL!;0;0;White;No;0;40-49;Crossing Paths - Uncontrolled Intersection;None;No;No;Water (Standing, Moving);0;Urban;No;30JUN2013;0;14:17;Female;No;Commercial;B: Evident Injury;Yes;O: No Injury;1351;June;0;Straight - Level;Coastal;Facing Traffic;No Control Present;Sunday;Intersection;43;0;Two-Way, Not Divided;5 lanes;0;#NULL!;US 17;Smooth Asphalt;#NULL!;No Special Feature;Crossing Paths - Other Circumstances;NC Route;B: Evident Injury;Onslow;37;Rain;#NULL!;41-45 mph;40 - 45  MPH;2013;Daylight;30-39
33.9209466897, -78.1350023643;"{""type"": ""Point"", ""coordinates"": [-78.13500236429473, 33.92094668973532]}";White;Oak Island;Sidewalk / Crosswalk / Driveway Crossing;2;12;Urban (>70% Developed);Male;Passenger Car;0;#NULL!;0;0;White;No;0;16-19;Backing Vehicle;None;No;No;Dry;0;Urban;No;15JUL2013;0;12:16;Male;No;Residential;B: Evident Injury;Yes;O: No Injury;1352;July;0;Straight - Level;Coastal;With Traffic;No Control Present;Monday;Non-Intersection;16;0;Two-Way, Not Divided;3 lanes;0;#NULL!;E OAK ISLAND DR;Concrete;#NULL!;No Special Feature;Backing Vehicle;Local Street;B: Evident Injury;Brunswick;59;Clear;#NULL!;Unknown;40 - 45  MPH;2013;Daylight;50-59
36.0009971166, -78.9137027037;"{""type"": ""Point"", ""coordinates"": [-78.91370270367086, 36.000997116621775]}";White;Durham;Sidewalk / Crosswalk / Driveway Crossing;2;17;Urban (>70% Developed);Female;Van;0;#NULL!;0;0;White;No;0;50-59;Motorist Drive Out - Commercial Driveway / Alley;None;No;No;Dry;0;Urban;No;14AUG2013;0;17:05;Female;No;Commercial;C: Possible Injury;Yes;O: No Injury;1358;August;0;Straight - Level;Piedmont;Facing Traffic;Stop Sign;Wednesday;Non-Intersection;52;0;Two-Way, Not Divided;2 lanes;0;#NULL!;PVA 114 S BUCHANAN BLVD;Coarse Asphalt;#NULL!;No Special Feature;Motorist Failed to Yield - Midblock;Public Vehicular Area;C: Possible Injury;Durham;30;Cloudy;#NULL!;0-5 mph;30 - 35  MPH;2013;Daylight;30-39
35.5891170331, -78.7996026477;"{""type"": ""Point"", ""coordinates"": [-78.79960264767395, 35.58911703309123]}";Unknown/Missing;Fuquay-Varina;Travel Lane;2;0;Urban (>70% Developed);Unknown;Single Unit Truck (2-Axle, 6-Tire);0;#NULL!;0;0;White;No;0;Unknown;Motorist Turning Error - Left Turn;None;No;No;Wet;0;Urban;No;02JUL2013;0;0:38;Male;No;Commercial;C: Possible Injury;No;O: No Injury;1359;July;0;Straight - Level;Piedmont;With Traffic;Stop And Go Signal;Tuesday;Intersection;Unknown;0;Two-Way, Not Divided;2 lanes;0;#NULL!;WAKE CHAPEL RD;Coarse Asphalt;#NULL!;Y-Intersection;Loss of Control / Turning Error;Local Street;Unknown Injury;Wake;40;Cloudy;#NULL!;0-5 mph;30 - 35  MPH;2013;Dark - Lighted Roadway;40-49
35.7960670785, -78.7605026469;"{""type"": ""Point"", ""coordinates"": [-78.76050264687812, 35.79606707845665]}";Black;Cary;Sidewalk / Crosswalk / Driveway Crossing;2;18;Urban (>70% Developed);Female;Passenger Car;0;#NULL!;0;0;Black;No;0;30-39;Motorist Right Turn - Same Direction;None;No;No;Wet;0;Urban;No;27JUL2013;0;18:15;Female;No;Commercial;C: Possible Injury;No;O: No Injury;1364;July;0;Straight - Level;Piedmont;With Traffic;No Control Present;Saturday;Non-Intersection;35;0;Two-Way, Divided, Unprotected Median;4 lanes;0;#NULL!;CHAPEL HILL RD;Smooth Asphalt;#NULL!;Driveway, Public;Motorist Right Turn / Merge;NC Route;C: Possible Injury;Wake;53;Rain;#NULL!;36-40 mph;40 - 45  MPH;2013;Daylight;50-59
35.7768470774, -78.6940026258;"{""type"": ""Point"", ""coordinates"": [-78.69400262584665, 35.7768470774079]}";Black;Raleigh;Travel Lane;2;19;Urban (>70% Developed);Male;Sport Utility;0;#NULL!;0;0;Black;No;0;16-19;Bicyclist Ride Through - Sign-Controlled Intersection;None;No;No;Dry;0;Urban;No;15AUG2013;0;19:09;Female;No;Residential;B: Evident Injury;Yes;O: No Injury;1368;August;0;Straight - Level;Piedmont;With Traffic;Stop Sign;Thursday;Intersection;18;0;Two-Way, Not Divided;2 lanes;0;#NULL!;KAPLAN DR;Smooth Asphalt;#NULL!;No Special Feature;Bicyclist Failed to Yield - Sign-Controlled Intersection;Local Street;B: Evident Injury;Wake;24;Clear;#NULL!;31-35 mph;30 - 35  MPH;2013;Daylight;20-24
36.1643072601, -75.7527017464;"{""type"": ""Point"", ""coordinates"": [-75.75270174640173, 36.1643072600519]}";White;Duck;Bike Lane / Paved Shoulder;2;9;Urban (>70% Developed);Male;Passenger Car;0;#NULL!;0;0;White;No;0;40-49;Motorist Right Turn - Same Direction;None;No;No;Dry;0;Rural;No;19JUL2013;0;9:04;Female;No;Residential;B: Evident Injury;No;O: No Injury;1376;July;0;Straight - Level;Coastal;With Traffic;No Control Present;Friday;Non-Intersection;41;0;Two-Way, Divided, Unprotected Median;3 lanes;0;#NULL!;DUCK RD;Smooth Asphalt;#NULL!;No Special Feature;Motorist Right Turn / Merge;NC Route;B: Evident Injury;Dare;32;Clear;#NULL!;0-5 mph;20 - 25  MPH;2013;Daylight;30-39
35.0751969165, -78.9597026691;"{""type"": ""Point"", ""coordinates"": [-78.95970266907835, 35.07519691652389]}";Black;Fayetteville;Travel Lane;2;9;Urban (>70% Developed);Male;Passenger Car;0;#NULL!;0;0;White;No;0;20-24;Crossing Paths - Midblock - Other / Unknown;None;No;No;Dry;0;Urban;No;23JUL2013;0;9:14;Female;No;Commercial;B: Evident Injury;No;O: No Injury;1378;July;0;Curve - Grade;Coastal;With Traffic;Stop And Go Signal;Tuesday;Non-Intersection;23;0;Two-Way, Divided, Positive Median Barrier;6 lanes;0;#NULL!;ALL AMERICAN EXP ON R;Coarse Asphalt;#NULL!;On or Off Ramp;Crossing Paths - Other Circumstances;Local Street;B: Evident Injury;Cumberland;31;Clear;#NULL!;31-35 mph;40 - 45  MPH;2013;Daylight;30-39
35.0620768558, -80.6079031629;"{""type"": ""Point"", ""coordinates"": [-80.60790316294423, 35.0620768557687]}";White;None - Rural Crash;Unknown;2;14;Rural (<30% Developed);Male;Passenger Car;0;#NULL!;0;0;Unknown/Missing;No;0;11-15;Non-Roadway;None;No;No;Dry;0;Rural;No;18AUG2013;0;14:30;Unknown;Missing;Residential;O: No Injury;No;Unknown Injury;1381;August;0;Straight - Level;Piedmont;Not Applicable;No Control Present;Sunday;Non-Roadway;13;0;Two-Way, Not Divided;2 lanes;0;#NULL!;PVA OAKSTONE SUBDIVISION;Smooth Asphalt;#NULL!;Driveway, Public;Non-Roadway;Public Vehicular Area;O: No Injury;Union;Unknown;Cloudy;#NULL!;0-5 mph;50 - 55  MPH;2013;Daylight;Unknown
34.7792269036, -77.4162021869;"{""type"": ""Point"", ""coordinates"": [-77.41620218692911, 34.77922690361031]}";Hispanic;Jacksonville;Travel Lane;2;10;Urban (>70% Developed);Male;Passenger Car;0;#NULL!;0;0;Black;No;0;25-29;Bicyclist Ride Through - Signalized Intersection;None;Yes;Yes;Wet;0;Urban;No;02AUG2013;0;10:11;Female;No;Commercial;C: Possible Injury;Yes;O: No Injury;1384;August;0;Straight - Level;Coastal;With Traffic;Stop And Go Signal;Friday;Intersection;27;0;Two-Way, Not Divided;4 lanes;0;#NULL!;GUM BRANCH RD;Smooth Asphalt;#NULL!;Four-Way Intersection;Bicyclist Failed to Yield - Signalized Intersection;Local Street;C: Possible Injury;Onslow;27;Cloudy;#NULL!;41-45 mph;40 - 45  MPH;2013;Daylight;25-29
35.9628470714, -79.9508030152;"{""type"": ""Point"", ""coordinates"": [-79.950803015214, 35.962847071410344]}";Black;High Point;Sidewalk / Crosswalk / Driveway Crossing;2;12;Urban (>70% Developed);Male;Sport Utility;0;#NULL!;0;0;White;No;0;11-15;Motorist Drive Out - Commercial Driveway / Alley;None;No;No;Dry;0;Urban;No;02AUG2013;0;12:53;Female;No;Commercial;B: Evident Injury;No;O: No Injury;1387;August;0;Straight - Level;Piedmont;Facing Traffic;No Control Present;Friday;Non-Intersection;13;0;Two-Way, Not Divided;Unknown;0;#NULL!;3102 E KIVETT DR;Smooth Asphalt;#NULL!;Driveway, Public;Motorist Failed to Yield - Midblock;Public Vehicular Area;B: Evident Injury;Guilford;41;Clear;#NULL!;Unknown;Unknown;2013;Daylight;40-49
35.2023868814, -80.7307032072;"{""type"": ""Point"", ""coordinates"": [-80.73070320717173, 35.20238688135067]}";White;None - Rural Crash;Sidewalk / Crosswalk / Driveway Crossing;2;20;Urban (>70% Developed);Male;Unknown;0;#NULL!;0;0;Unknown/Missing;No;0;50-59;Motorist Drive Out - Signalized Intersection;None;Yes;Yes;Wet;0;Rural;Yes;01SEP2013;0;20:00;Unknown;Missing;Residential;B: Evident Injury;Yes;Unknown Injury;1401;September;0;Straight - Level;Piedmont;Facing Traffic;Stop And Go Signal;Sunday;Intersection;56;0;Two-Way, Not Divided;2 lanes;0;#NULL!;REGAL OAKS RD;Smooth Asphalt;#NULL!;No Special Feature;Motorist Failed to Yield - Signalized Intersection;Local Street;B: Evident Injury;Mecklenburg;Unknown;Cloudy;#NULL!;6-10 mph;40 - 45  MPH;2013;Dark - Lighted Roadway;Unknown
35.1085169881, -77.0524020924;"{""type"": ""Point"", ""coordinates"": [-77.05240209244621, 35.10851698806508]}";Black;New Bern;Sidewalk / Crosswalk / Driveway Crossing;2;16;Urban (>70% Developed);Male;Passenger Car;0;#NULL!;0;0;White;No;0;11-15;Motorist Left Turn - Same Direction;None;No;No;Dry;0;Urban;No;21AUG2013;0;16:09;Male;No;Residential;C: Possible Injury;Yes;O: No Injury;1406;August;0;Straight - Level;Coastal;Facing Traffic;No Control Present;Wednesday;Intersection-Related;12;0;Two-Way, Not Divided;2 lanes;0;#NULL!;MILLER ST;Smooth Asphalt;#NULL!;No Special Feature;Motorist Left Turn / Merge;Local Street;C: Possible Injury;Craven;70+;Clear;#NULL!;16-20 mph;30 - 35  MPH;2013;Daylight;70+
35.5479069368, -81.2060033679;"{""type"": ""Point"", ""coordinates"": [-81.20600336791108, 35.5479069367757]}";White;None - Rural Crash;Travel Lane;2;5;Mixed (30% To 70% Developed);Male;Passenger Car;0;#NULL!;0;0;White;No;0;25-29;Motorist Overtaking - Undetected Bicyclist;None;No;No;Dry;0;Rural;No;06SEP2013;0;5:49;Male;No;Farms, Woods, Pastures;B: Evident Injury;Yes;O: No Injury;1422;September;0;Straight - Level;Piedmont;With Traffic;Double Yellow Line, No Passing Zone;Friday;Non-Intersection;28;0;Two-Way, Not Divided;2 lanes;0;#NULL!;US 321;Smooth Asphalt;#NULL!;No Special Feature;Motorist Overtaking Bicyclist;US Route;B: Evident Injury;Lincoln;20;Clear;#NULL!;41-45 mph;40 - 45  MPH;2013;Dark - Roadway Not Lighted;20-24
35.9526870675, -79.9897030264;"{""type"": ""Point"", ""coordinates"": [-79.98970302644071, 35.95268706750873]}";White;High Point;Travel Lane;2;20;Urban (>70% Developed);Female;Sport Utility;0;#NULL!;0;0;Black;No;0;40-49;Bicyclist Turning Error - Right Turn;None;Yes;Yes;Dry;0;Urban;No;20AUG2013;0;20:12;Female;No;Residential;A: Disabling Injury;Yes;O: No Injury;1426;August;0;Straight - Hillcrest;Piedmont;With Traffic;Stop Sign;Tuesday;Intersection;43;0;Two-Way, Not Divided;2 lanes;0;#NULL!;RAGAN AVE;Smooth Asphalt;#NULL!;Related To Intersection;Loss of Control / Turning Error;Local Street;A: Disabling Injury;Guilford;43;Clear;#NULL!;31-35 mph;30 - 35  MPH;2013;Dusk;40-49
36.0879271, -79.8970030058;"{""type"": ""Point"", ""coordinates"": [-79.89700300581151, 36.08792709995159]}";White;Greensboro;Sidewalk / Crosswalk / Driveway Crossing;2;15;Urban (>70% Developed);Male;Passenger Car;0;No;1;0;Other;No;0;25-29;Motorist Drive Out - Commercial Driveway / Alley;None;No;#NULL!;Dry;0;Urban;No;25AUG2014;0;15:58;Male;#NULL!;Residential;B: Evident Injury;Yes;O: No Injury;442;August;0;Straight - Level;Piedmont;Facing Traffic;No Control Present;Monday;Non-Intersection;27;1;Two-Way, Not Divided;5 lanes;0;No;PVA 6010 W FRIENDLY AV;Smooth Asphalt;LINDLEY RD;Driveway, Private;Motorist Failed to Yield - Midblock;Public Vehicular Area;B: Evident Injury;Guilford;32;Clear;W FRIENDLY AV;0-5 mph;5 - 15 MPH;2014;Daylight;30-39
36.1368021187, -79.6564829362;"{""type"": ""Point"", ""coordinates"": [-79.65648293618074, 36.136802118659524]}";White;None - Rural Crash;Driveway / Alley;2;18;Mixed (30% To 70% Developed);Male;Sport Utility;0;No;0;40002770;White;No;1;6-10;Bicyclist Ride Out - Residential Driveway;None;No;#NULL!;Dry;0.014;Rural;No;22AUG2014;0;18:15;Female;#NULL!;Residential;C: Possible Injury;Yes;O: No Injury;441;August;0;Straight - Grade;Piedmont;Not Applicable;Double Yellow Line, No Passing Zone;Friday;Non-Intersection;8;1;Two-Way, Not Divided;2 lanes;0;No;SR 2770;Smooth Asphalt;2991;Driveway, Private;Bicyclist Failed to Yield - Midblock;State Secondary Route;C: Possible Injury;Guilford;62;Clear;2992;31-35 mph;50 - 55  MPH;2014;Daylight;60-69
34.9130508519, -79.7986929129;"{""type"": ""Point"", ""coordinates"": [-79.79869291288853, 34.91305085190817]}";Black;None - Rural Crash;Travel Lane;2;17;Mixed (30% To 70% Developed);Male;Passenger Car;0;No;0;40001103;White;No;1;16-19;Bicyclist Left Turn - Same Direction;None;No;#NULL!;Dry;0.08;Rural;No;08AUG2014;0;17:48;Female;#NULL!;Residential;C: Possible Injury;Yes;O: No Injury;438;August;0;Straight - Bottom;Piedmont;With Traffic;Double Yellow Line, No Passing Zone;Friday;Intersection-Related;19;1;Two-Way, Not Divided;2 lanes;0;No;1103;Coarse Asphalt;1234;No Special Feature;Bicyclist Left Turn / Merge;State Secondary Route;C: Possible Injury;Richmond;57;Cloudy;SPRING ST;26-30 mph;40 - 45  MPH;2014;Daylight;50-59
33.9764866945, -78.3808424407;"{""type"": ""Point"", ""coordinates"": [-78.38084244070895, 33.97648669447158]}";Unknown/Missing;Shallotte;Unknown;2;19;Urban (>70% Developed);Male;Pickup;0;No;0;50018682;White;No;1;50-59;Motorist Drive Out - Commercial Driveway / Alley;None;No;#NULL!;Dry;0;Rural;No;17JUL2014;0;19:02;Male;#NULL!;Commercial;C: Possible Injury;Yes;O: No Injury;433;July;0;Straight - Level;Coastal;Facing Traffic;No Control Present;Thursday;Non-Intersection;51;1;Two-Way, Divided, Unprotected Median;3 lanes;0;No;MAIN ST;Smooth Asphalt;AL STREET;Driveway, Public;Motorist Failed to Yield - Midblock;Local Street;C: Possible Injury;Brunswick;42;Clear;UNKNOWN;0-5 mph;30 - 35  MPH;2014;Daylight;40-49
34.6615168896, -77.0490420698;"{""type"": ""Point"", ""coordinates"": [-77.04904206978031, 34.66151688963156]}";White;Emerald Isle;Multi-use Path;2;13;Urban (>70% Developed);Male;Sport Utility;0;No;0;30000058;White;No;1;16-19;Bicyclist Ride Out - Other Midblock;None;No;#NULL!;Dry;0.016;Rural;No;26JUL2014;0;13:04;Female;#NULL!;Commercial;C: Possible Injury;No;O: No Injury;445;July;0;Straight - Level;Coastal;Not Applicable;Stop Sign;Saturday;Non-Intersection;16;1;Two-Way, Not Divided;9 or more lanes;0;No;LOON DRIVE;Coarse Asphalt;#NULL!;Four-Way Intersection;Bicyclist Failed to Yield - Midblock;Local Street;C: Possible Injury;Carteret;61;Clear;58;6-10 mph;20 - 25  MPH;2014;Daylight;60-69
35.9330871416, -77.8104223647;"{""type"": ""Point"", ""coordinates"": [-77.81042236470233, 35.9330871415611]}";Black;Rocky Mount;Travel Lane;2;21;Urban (>70% Developed);Female;Pickup;0;No;1;30000097;Black;No;0;40-49;Motorist Left Turn - Opposite Direction;None;No;#NULL!;Dry;0;Urban;No;04AUG2014;0;21:44;Male;#NULL!;Residential;B: Evident Injury;No;Unknown Injury;417;August;0;Straight - Level;Coastal;Facing Traffic;No Control Present;Monday;Intersection;46;1;Two-Way, Not Divided;2 lanes;0;Unknown;W RALEIGH BLVD;Smooth Asphalt;HENRY ST;Four-Way Intersection;Motorist Left Turn / Merge;Local Street;B: Evident Injury;Nash;22;Clear;WEST HAVEN BLVD;0-5 mph;30 - 35  MPH;2014;Dusk;20-24
36.2137640583, -81.6822775481;"{""type"": ""Point"", ""coordinates"": [-81.68227754808134, 36.213764058296626]}";White;Boone;Travel Lane;2;12;Urban (>70% Developed);Female;Pickup;0;No;1;40001163;White;No;0;20-24;Motorist Right Turn - Same Direction;None;No;#NULL!;Wet;0;Urban;No;18AUG2014;0;12:30;Female;#NULL!;Institutional;B: Evident Injury;Yes;O: No Injury;430;August;0;Straight - Level;Mountains;With Traffic;Stop And Go Signal;Monday;Intersection;22;1;Two-Way, Not Divided;4 lanes;0;No;STADIUM DRIVE;Smooth Asphalt;CENTER ST;T-Intersection;Motorist Right Turn / Merge;Local Street;B: Evident Injury;Watauga;47;Rain;RIVERS STREET;6-10 mph;20 - 25  MPH;2014;Daylight;40-49
36.0499491278, -78.9114927062;"{""type"": ""Point"", ""coordinates"": [-78.91149270622599, 36.04994912783228]}";Black;Durham;Driveway / Alley;2;13;Urban (>70% Developed);Female;Passenger Car;0;No;0;0;Black;No;1;0-5;Non-Roadway;None;No;#NULL!;Wet;0;Urban;No;13AUG2014;0;13:01;Male;#NULL!;Residential;C: Possible Injury;Yes;O: No Injury;414;August;0;Straight - Level;Piedmont;Not Applicable;No Control Present;Wednesday;Non-Roadway;5;1;Two-Way, Not Divided;Unknown;0;No;PVA 901 CHALK LEVEL RD;Coarse Asphalt;CHALK LEVEL RD;No Special Feature;Non-Roadway;Public Vehicular Area;C: Possible Injury;Durham;22;Cloudy;901 CHALK LEVEL RD;0-5 mph;5 - 15 MPH;2014;Daylight;20-24
35.7657770768, -78.633997607;"{""type"": ""Point"", ""coordinates"": [-78.63399760695695, 35.76577707679188]}";Black;Raleigh;Travel Lane;2;16;Urban (>70% Developed);Male;Pickup;0;No;0;50003469;Black;No;1;6-10;Motorist Right Turn - Same Direction;None;No;#NULL!;Dry;0;Urban;No;17AUG2014;0;16:27;Male;#NULL!;Residential;C: Possible Injury;Yes;O: No Injury;426;August;0;Straight - Level;Piedmont;With Traffic;Stop Sign;Sunday;Intersection;10;1;Two-Way, Not Divided;2 lanes;0;No;BRAGG ST;Coarse Asphalt;E LEE ST;Four-Way Intersection;Motorist Right Turn / Merge;Local Street;C: Possible Injury;Wake;58;Clear;S BLOODWORTH ST;0-5 mph;30 - 35  MPH;2014;Daylight;50-59
34.7568568947, -77.5483022265;"{""type"": ""Point"", ""coordinates"": [-77.54830222647769, 34.756856894662874]}";White;None - Rural Crash;Bike Lane / Paved Shoulder;2;13;Mixed (30% To 70% Developed);Male;Passenger Car;0;#NULL!;0;0;Unknown/Missing;No;0;20-24;Motorist Lost Control - Other / Unknown;None;No;No;Dry;0;Rural;Yes;14JAN2013;0;13:48;Unknown;No;Residential;B: Evident Injury;No;Unknown Injury;861;January;0;Curve - Level;Coastal;With Traffic;Double Yellow Line, No Passing Zone;Monday;Non-Intersection;20;0;Two-Way, Not Divided;2 lanes;0;#NULL!;SR 1213;Coarse Asphalt;#NULL!;No Special Feature;Loss of Control / Turning Error;State Secondary Route;B: Evident Injury;Onslow;Unknown;Clear;#NULL!;51-55 mph;50 - 55  MPH;2013;Daylight;Unknown