Geo Point;Geo Shape;BikeRace;City;BikePos;NumUnits;CrashHour;Locality;BikeSex;DrvrVehTyp;NumBikesNo;BikeAlcDrg;NumBikesBI;RteInvdCd;DrvrRace;Workzone;NumBikesCi;BikeAgeGrp;CrashType;RdDefects;CrashAlcoh;BikeAlcoho;RdConditio;DstncMiFrm;RuralUrban;HitRun;CrashDate;NumBikesUI;CrashTime;DrvrSex;DrvrAlcoho;Developmen;CrashSevr;AmbulanceR;DrvrInjury;OBJECTID;CrashMonth;NumBikesKi;RdCharacte;Region;BikeDir;TraffCntrl;CrashDay;CrashLoc;BikeAge;NumBikesTo;RdConfig;NumLanes;NumBikesAI;DrvrAlcDrg;OnRoad;RdSurface;Towrd_Rd;RdFeature;CrashGrp;RdClass;BikeInjury;County;DrvrAge;Weather;FrmRd;DrvrEstSpd;SpeedLimit;CrashYear;LightCond;DrvrAgeGrp
34.1914967564, -77.9343023164;"{""type"": ""Point"", ""coordinates"": [-77.93430231639572, 34.19149675643505]}";White;Wilmington;Travel Lane;2;20;Urban (>70% Developed);Male;Van;0;#NULL!;0;0;Black;No;0;16-19;Bicyclist Ride Out - Signalized  Intersection;None;No;No;Dry;0;Urban;No;09JAN2013;0;20:21;Female;No;Commercial;C: Possible Injury;Yes;O: No Injury;871;January;0;Straight - Level;Coastal;With Traffic;Stop And Go Signal;Wednesday;Intersection;19;0;Two-Way, Divided, Positive Median Barrier;9 or more lanes;0;#NULL!;SHIPYARD BLVD;Smooth Asphalt;#NULL!;Four-Way Intersection;Bicyclist Failed to Yield - Signalized Intersection;Local Street;C: Possible Injury;New Hanover;62;Clear;#NULL!;11-15 mph;40 - 45  MPH;2013;Dark - Lighted Roadway;60-69
34.7059168338, -79.0213026689;"{""type"": ""Point"", ""coordinates"": [-79.02130266887266, 34.70591683375228]}";Native American;None - Rural Crash;Travel Lane;2;18;Rural (<30% Developed);Male;Van;0;#NULL!;0;0;Native American;No;0;40-49;Motorist Overtaking - Other / Unknown;None;No;No;Dry;0;Rural;No;13JAN2013;0;18:34;Female;No;Farms, Woods, Pastures;B: Evident Injury;Yes;O: No Injury;864;January;0;Straight - Level;Coastal;With Traffic;Double Yellow Line, No Passing Zone;Sunday;Non-Intersection;49;0;Two-Way, Not Divided;2 lanes;0;#NULL!;SR 1752;Coarse Asphalt;#NULL!;No Special Feature;Motorist Overtaking Bicyclist;State Secondary Route;B: Evident Injury;Robeson;42;Clear;#NULL!;51-55 mph;50 - 55  MPH;2013;Dark - Roadway Not Lighted;40-49
35.836627117, -77.9155023924;"{""type"": ""Point"", ""coordinates"": [-77.91550239236511, 35.83662711696761]}";White;None - Rural Crash;Travel Lane;2;18;Mixed (30% To 70% Developed);Male;Passenger Car;0;#NULL!;0;0;Black;No;0;25-29;Motorist Overtaking - Other / Unknown;None;No;No;Dry;0;Rural;No;07JAN2013;0;18:40;Male;No;Residential;B: Evident Injury;Yes;O: No Injury;854;January;0;Straight - Grade;Coastal;With Traffic;Double Yellow Line, No Passing Zone;Monday;Non-Intersection;29;0;Two-Way, Not Divided;2 lanes;0;#NULL!;SR 1743;Smooth Asphalt;#NULL!;No Special Feature;Motorist Overtaking Bicyclist;State Secondary Route;B: Evident Injury;Nash;45;Clear;#NULL!;41-45 mph;50 - 55  MPH;2013;Dark - Roadway Not Lighted;40-49
35.9080610922, -79.0528527416;"{""type"": ""Point"", ""coordinates"": [-79.05285274159505, 35.90806109216428]}";White;Chapel Hill;Travel Lane;2;17;Urban (>70% Developed);Male;Passenger Car;0;No;1;30000086;White;No;0;25-29;Bicyclist Lost Control - Mechanical Problems;None;No;#NULL!;Dry;0.038;Urban;No;11NOV2014;0;17:50;Female;#NULL!;Institutional;B: Evident Injury;No;Unknown Injury;850;November;0;Straight - Grade;Piedmont;With Traffic;No Control Present;Tuesday;Non-Intersection;26;1;Unknown;3 lanes;0;No;S COLUMBIA ST;Coarse Asphalt;SOUTH RD;No Special Feature;Loss of Control / Turning Error;Local Street;B: Evident Injury;Orange;21;Clear;SOUTH RD;0-5 mph;20 - 25  MPH;2014;Dark - Lighted Roadway;20-24
35.9130270984, -78.9172027001;"{""type"": ""Point"", ""coordinates"": [-78.91720270014707, 35.913027098374606]}";Black;Durham;Travel Lane;2;17;Urban (>70% Developed);Male;Passenger Car;0;#NULL!;0;0;White;No;0;40-49;Motorist Overtaking - Undetected Bicyclist;None;No;No;Dry;0;Urban;No;29JAN2013;0;17:56;Female;No;Residential;B: Evident Injury;Yes;O: No Injury;877;January;0;Straight - Level;Piedmont;With Traffic;No Control Present;Tuesday;Non-Intersection;41;0;Two-Way, Not Divided;2 lanes;0;#NULL!;BARBEE RD;Smooth Asphalt;#NULL!;No Special Feature;Motorist Overtaking Bicyclist;Local Street;B: Evident Injury;Durham;20;Clear;#NULL!;31-35 mph;30 - 35  MPH;2013;Dark - Lighted Roadway;20-24
35.1184269898, -77.0782021011;"{""type"": ""Point"", ""coordinates"": [-77.07820210105834, 35.118426989822964]}";Black;New Bern;Travel Lane;2;8;Urban (>70% Developed);Male;Unknown;0;#NULL!;0;0;Unknown/Missing;No;0;60-69;Motorist Overtaking - Other / Unknown;None;No;No;Dry;0;Urban;Yes;07JAN2013;0;8:17;Unknown;Missing;Commercial;C: Possible Injury;No;Unknown Injury;870;January;0;Straight - Level;Coastal;With Traffic;No Control Present;Monday;Intersection-Related;61;0;Two-Way, Not Divided;4 lanes;0;#NULL!;NEUSE BLVD;Concrete;#NULL!;No Special Feature;Motorist Overtaking Bicyclist;Local Street;C: Possible Injury;Craven;Unknown;Clear;#NULL!;31-35 mph;30 - 35  MPH;2013;Daylight;Unknown
35.5562970741, -77.4064022232;"{""type"": ""Point"", ""coordinates"": [-77.40640222316402, 35.556297074129624]}";Hispanic;Greenville;Travel Lane;2;16;Urban (>70% Developed);Female;Passenger Car;0;#NULL!;0;0;White;No;0;20-24;Motorist Left Turn - Opposite Direction;None;Yes;Yes;Dry;0;Urban;No;18JAN2013;0;16:06;Female;No;Commercial;B: Evident Injury;Yes;O: No Injury;872;January;0;Straight - Level;Coastal;With Traffic;Stop And Go Signal;Friday;Intersection;23;0;Two-Way, Divided, Unprotected Median;6 lanes;0;#NULL!;NC 11;Smooth Asphalt;#NULL!;Four-Way Intersection;Motorist Left Turn / Merge;NC Route;B: Evident Injury;Pitt;65;Clear;#NULL!;16-20 mph;40 - 45  MPH;2013;Daylight;60-69
36.1173371076, -79.8463029923;"{""type"": ""Point"", ""coordinates"": [-79.8463029922684, 36.11733710757275]}";White;Greensboro;Travel Lane;2;17;Urban (>70% Developed);Male;Passenger Car;0;#NULL!;0;0;White;No;0;40-49;Motorist Left Turn - Opposite Direction;None;No;No;Dry;0;Urban;No;07JAN2013;0;17:52;Female;No;Residential;C: Possible Injury;Yes;O: No Injury;855;January;0;Straight - Level;Piedmont;With Traffic;No Control Present;Monday;Intersection;47;0;Two-Way, Not Divided;2 lanes;0;#NULL!;WESTRIDGE RD;Coarse Asphalt;#NULL!;No Special Feature;Motorist Left Turn / Merge;Local Street;C: Possible Injury;Guilford;70+;Clear;#NULL!;11-15 mph;40 - 45  MPH;2013;Dusk;70+
35.9426471436, -77.8020883631;"{""type"": ""Point"", ""coordinates"": [-77.80208836313122, 35.94264714355732]}";White;Rocky Mount;Travel Lane;2;16;Urban (>70% Developed);Female;Passenger Car;0;#NULL!;0;0;Black;No;0;11-15;Bicyclist Ride Out - Signalized  Intersection;None;Yes;Yes;Dry;0;Urban;No;26APR2010;0;16:22;Female;No;Commercial;O: No Injury;No;O: No Injury;4004;April;0;Straight - Level;Coastal;Facing Traffic;Stop And Go Signal;Monday;Intersection;13;0;Two-Way, Divided, Unprotected Median;4 lanes;0;#NULL!;#NULL!;Coarse Asphalt;#NULL!;Four-Way Intersection;Bicyclist Failed to Yield - Signalized Intersection;Local Street;O: No Injury;Nash;27;Cloudy;#NULL!;0-5 mph;30 - 35  MPH;2010;Daylight;25-29
35.231046882, -80.8784332531;"{""type"": ""Point"", ""coordinates"": [-80.87843325313455, 35.231046881966435]}";Black;Charlotte;Travel Lane;3;12;Urban (>70% Developed);Male;Passenger Car;0;#NULL!;0;0;Unknown/Missing;No;0;6-10;Motorist Lost Control - Oversteering, Improper Braking, Speed;None;No;No;Dry;0;Urban;Yes;29MAY2010;0;12:52;Unknown;Missing;Residential;O: No Injury;No;Unknown Injury;4009;May;0;Curve - Grade;Piedmont;With Traffic;No Control Present;Saturday;Non-Intersection;7;0;Two-Way, Not Divided;2 lanes;0;#NULL!;#NULL!;Smooth Asphalt;#NULL!;No Special Feature;Loss of Control / Turning Error;Local Street;O: No Injury;Mecklenburg;Unknown;Cloudy;#NULL!;46-50 mph;30 - 35  MPH;2010;Daylight;Unknown
35.2216098825, -80.8105832319;"{""type"": ""Point"", ""coordinates"": [-80.81058323185187, 35.221609882548606]}";White;Charlotte;Travel Lane;2;18;Urban (>70% Developed);Male;Unknown;0;#NULL!;0;0;Unknown/Missing;No;0;50-59;Sign-Controlled Intersection - Other / Unknown;None;No;No;Dry;0;Urban;Yes;01JUN2010;0;18:20;Unknown;Missing;Residential;B: Evident Injury;Yes;Unknown Injury;4019;June;0;Straight - Level;Piedmont;With Traffic;Stop Sign;Tuesday;Intersection;59;0;Two-Way, Not Divided;4 lanes;0;#NULL!;#NULL!;Smooth Asphalt;#NULL!;Four-Way Intersection;Crossing Paths - Other Circumstances;Local Street;B: Evident Injury;Mecklenburg;Unknown;Cloudy;#NULL!;16-20 mph;30 - 35  MPH;2010;Daylight;Unknown
35.1952508749, -80.8514332426;"{""type"": ""Point"", ""coordinates"": [-80.85143324264166, 35.19525087486938]}";White;Charlotte;Travel Lane;2;18;Urban (>70% Developed);Male;Passenger Car;0;#NULL!;0;0;Black;No;0;60-69;Bicyclist Left Turn - Same Direction;None;No;No;Dry;0;Urban;No;07JUN2010;0;18:23;Male;No;Residential;B: Evident Injury;Yes;O: No Injury;4037;June;0;Straight - Level;Piedmont;With Traffic;Stop And Go Signal;Monday;Non-Intersection;69;0;Two-Way, Divided, Unprotected Median;4 lanes;0;#NULL!;#NULL!;Smooth Asphalt;#NULL!;No Special Feature;Bicyclist Left Turn / Merge;Local Street;B: Evident Injury;Mecklenburg;21;Clear;#NULL!;31-35 mph;30 - 35  MPH;2010;Daylight;20-24
35.9441570649, -80.0234480354;"{""type"": ""Point"", ""coordinates"": [-80.02344803544507, 35.94415706490884]}";White;High Point;Travel Lane;2;17;Urban (>70% Developed);Male;Passenger Car;0;#NULL!;0;0;Unknown/Missing;No;0;30-39;Motorist Overtaking - Other / Unknown;None;No;No;Dry;0;Urban;Yes;17JUN2010;0;17:01;Unknown;Missing;Commercial;B: Evident Injury;Yes;Unknown Injury;4038;June;0;Straight - Grade;Piedmont;With Traffic;No Control Present;Thursday;Intersection-Related;32;0;Two-Way, Not Divided;4 lanes;0;#NULL!;#NULL!;Smooth Asphalt;#NULL!;No Special Feature;Motorist Overtaking Bicyclist;Local Street;B: Evident Injury;Guilford;Unknown;Clear;#NULL!;31-35 mph;30 - 35  MPH;2010;Daylight;Unknown
35.6549100459, -78.8303226599;"{""type"": ""Point"", ""coordinates"": [-78.8303226599217, 35.654910045927906]}";Asian;Holly Springs;Travel Lane;2;10;Urban (>70% Developed);Male;Passenger Car;0;#NULL!;0;0;White;No;0;20-24;Motorist Left Turn - Opposite Direction;None;No;No;Dry;0;Urban;No;26JUN2010;0;10:28;Male;No;Residential;O: No Injury;Yes;O: No Injury;4041;June;0;Straight - Level;Piedmont;With Traffic;No Control Present;Saturday;Intersection;22;0;Two-Way, Not Divided;2 lanes;0;#NULL!;#NULL!;Coarse Asphalt;#NULL!;T-Intersection;Motorist Left Turn / Merge;Local Street;Unknown Injury;Wake;18;Clear;#NULL!;31-35 mph;20 - 25  MPH;2010;Daylight;0-19
35.2451619121, -80.1256530285;"{""type"": ""Point"", ""coordinates"": [-80.12565302848157, 35.24516191211374]}";White;Norwood;Travel Lane;2;12;Rural (<30% Developed);Male;Pickup;0;#NULL!;0;0;White;No;0;20-24;Bicyclist Right Turn - Same Direction;None;No;No;Dry;0;Rural;No;08JUN2010;0;12:00;Male;No;Commercial;B: Evident Injury;Yes;O: No Injury;4047;June;0;Straight - Grade;Piedmont;With Traffic;No Control Present;Tuesday;Non-Intersection;23;0;Two-Way, Not Divided;2 lanes;0;#NULL!;#NULL!;Smooth Asphalt;#NULL!;No Special Feature;Bicyclist Right Turn / Merge;Local Street;B: Evident Injury;Stanly;66;Clear;#NULL!;26-30 mph;40 - 45  MPH;2010;Daylight;60-69
36.1360471124, -79.8210329861;"{""type"": ""Point"", ""coordinates"": [-79.82103298612263, 36.13604711237031]}";White;Greensboro;Travel Lane;2;12;Urban (>70% Developed);Male;Passenger Car;0;#NULL!;0;0;Black;No;0;50-59;Motorist Drive Out - Sign-Controlled Intersection;None;No;No;Dry;0;Urban;No;13JUN2010;0;12:46;Male;No;Residential;B: Evident Injury;Yes;O: No Injury;4049;June;0;Straight - Level;Piedmont;With Traffic;Stop Sign;Sunday;Intersection;54;0;Two-Way, Not Divided;2 lanes;0;#NULL!;#NULL!;Smooth Asphalt;#NULL!;T-Intersection;Motorist Failed to Yield - Sign-Controlled Intersection;Local Street;B: Evident Injury;Guilford;27;Clear;#NULL!;16-20 mph;30 - 35  MPH;2010;Daylight;25-29
35.9905471154, -78.8960526979;"{""type"": ""Point"", ""coordinates"": [-78.8960526979223, 35.99054711535558]}";Black;Durham;Travel Lane;2;17;Urban (>70% Developed);Male;Passenger Car;0;#NULL!;0;0;White;No;0;50-59;Bicyclist Ride Out - Sign-Controlled Intersection;None;No;No;Dry;0;Urban;No;28JUN2010;0;17:49;Male;No;Commercial;B: Evident Injury;Yes;O: No Injury;4057;June;0;Straight - Grade;Piedmont;Facing Traffic;Stop Sign;Monday;Intersection;53;0;Two-Way, Not Divided;2 lanes;0;#NULL!;#NULL!;Coarse Asphalt;#NULL!;T-Intersection;Bicyclist Failed to Yield - Sign-Controlled Intersection;Local Street;B: Evident Injury;Durham;55;Clear;#NULL!;6-10 mph;30 - 35  MPH;2010;Daylight;50-59
35.7282169703, -81.3377794168;"{""type"": ""Point"", ""coordinates"": [-81.33777941677518, 35.72821697033602]}";Black;Hickory;Travel Lane;2;19;Mixed (30% To 70% Developed);Male;Van;0;#NULL!;0;0;White;No;0;11-15;Bicyclist Overtaking - Other / Unknown;None;No;No;Dry;0;Urban;No;20JUN2010;0;19:27;Male;No;Residential;O: No Injury;No;O: No Injury;4061;June;0;Straight - Bottom;Piedmont;With Traffic;No Control Present;Sunday;Non-Intersection;14;0;Two-Way, Not Divided;2 lanes;0;#NULL!;#NULL!;Coarse Asphalt;#NULL!;No Special Feature;Bicyclist Overtaking Motorist;Local Street;O: No Injury;Catawba;64;Clear;#NULL!;Unknown;30 - 35  MPH;2010;Dusk;60-69
35.6521140517, -78.6587626085;"{""type"": ""Point"", ""coordinates"": [-78.65876260853219, 35.65211405165155]}";White;None - Rural Crash;Travel Lane;2;19;Rural (<30% Developed);Male;Van;0;#NULL!;0;0;White;No;0;30-39;Motorist Overtaking - Undetected Bicyclist;None;No;No;Dry;0;Rural;No;05JUL2010;0;19:45;Male;No;Farms, Woods, Pastures;B: Evident Injury;Yes;O: No Injury;4070;July;0;Straight - Grade;Piedmont;With Traffic;No Control Present;Monday;Non-Intersection;39;0;Two-Way, Not Divided;2 lanes;0;#NULL!;#NULL!;Coarse Asphalt;#NULL!;No Special Feature;Motorist Overtaking Bicyclist;State Secondary Route;B: Evident Injury;Wake;27;Clear;#NULL!;41-45 mph;40 - 45  MPH;2010;Daylight;25-29
35.7770650788, -78.6442976105;"{""type"": ""Point"", ""coordinates"": [-78.64429761053236, 35.777065078750326]}";White;Raleigh;Travel Lane;2;20;Urban (>70% Developed);Male;Passenger Car;0;#NULL!;0;0;White;No;0;30-39;Bicyclist Overtaking - Extended Door;None;No;No;Dry;0;Urban;No;04JUN2010;0;20:30;Male;No;Commercial;B: Evident Injury;Yes;O: No Injury;4072;June;0;Straight - Level;Piedmont;With Traffic;No Control Present;Friday;Non-Intersection;39;0;Two-Way, Not Divided;2 lanes;0;#NULL!;#NULL!;Smooth Asphalt;#NULL!;No Special Feature;Bicyclist Overtaking Motorist;Local Street;B: Evident Injury;Wake;58;Clear;#NULL!;Unknown;30 - 35  MPH;2010;Dawn;50-59
35.826145087, -78.7049226319;"{""type"": ""Point"", ""coordinates"": [-78.7049226318893, 35.82614508700081]}";White;Raleigh;Travel Lane;2;18;Urban (>70% Developed);Male;Unknown;0;#NULL!;0;0;Unknown/Missing;No;0;30-39;Motorist Overtaking - Misjudged Space;None;No;No;Dry;0;Urban;Yes;08JUN2010;0;18:51;Unknown;Missing;Commercial;B: Evident Injury;No;Unknown Injury;4075;June;0;Straight - Level;Piedmont;With Traffic;Stop And Go Signal;Tuesday;Intersection-Related;36;0;Two-Way, Not Divided;3 lanes;0;#NULL!;#NULL!;Smooth Asphalt;#NULL!;No Special Feature;Motorist Overtaking Bicyclist;Local Street;B: Evident Injury;Wake;Unknown;Clear;#NULL!;26-30 mph;40 - 45  MPH;2010;Daylight;Unknown
35.2572820033, -77.5702222572;"{""type"": ""Point"", ""coordinates"": [-77.57022225715967, 35.25728200331293]}";Black;Kinston;Travel Lane;2;21;Urban (>70% Developed);Male;Passenger Car;0;#NULL!;0;0;Black;No;0;50-59;Motorist Drive Out - Sign-Controlled Intersection;None;No;No;Dry;0;Urban;No;11JUL2010;0;21:10;Female;No;Residential;B: Evident Injury;Yes;O: No Injury;4080;July;0;Straight - Level;Coastal;With Traffic;Stop Sign;Sunday;Intersection;59;0;Two-Way, Not Divided;4 lanes;0;#NULL!;#NULL!;Smooth Asphalt;#NULL!;T-Intersection;Motorist Failed to Yield - Sign-Controlled Intersection;Local Street;B: Evident Injury;Lenoir;64;Clear;#NULL!;0-5 mph;30 - 35  MPH;2010;Dark - Roadway Not Lighted;60-69
34.2332767686, -77.8703482988;"{""type"": ""Point"", ""coordinates"": [-77.87034829876939, 34.233276768580296]}";White;Wilmington;Sidewalk / Crosswalk / Driveway Crossing;2;8;Urban (>70% Developed);Male;Passenger Car;0;#NULL!;0;0;White;No;0;20-24;Motorist Drive Out - Commercial Driveway / Alley;None;No;No;Dry;0;Urban;No;24JUN2010;0;8:45;Female;No;Residential;C: Possible Injury;Yes;O: No Injury;4083;June;0;Straight - Level;Coastal;Facing Traffic;No Control Present;Thursday;Non-Intersection;22;0;Two-Way, Not Divided;5 lanes;0;#NULL!;#NULL!;Coarse Asphalt;#NULL!;No Special Feature;Motorist Failed to Yield - Midblock;Local Street;C: Possible Injury;New Hanover;21;Clear;#NULL!;0-5 mph;20 - 25  MPH;2010;Daylight;20-24
35.1197308583, -80.8811732471;"{""type"": ""Point"", ""coordinates"": [-80.88117324714423, 35.119730858321404]}";White;Charlotte;Sidewalk / Crosswalk / Driveway Crossing;2;9;Urban (>70% Developed);Male;Van;0;#NULL!;0;0;Hispanic;No;0;20-24;Bicyclist Ride Out - Sign-Controlled Intersection;None;No;No;Dry;0;Urban;No;29JUN2010;0;9:54;Male;No;Commercial;B: Evident Injury;Yes;O: No Injury;4101;June;0;Straight - Level;Piedmont;Not Applicable;Stop And Go Signal;Tuesday;Intersection;21;0;Two-Way, Divided, Unprotected Median;4 lanes;0;#NULL!;#NULL!;Coarse Asphalt;#NULL!;T-Intersection;Bicyclist Failed to Yield - Sign-Controlled Intersection;Local Street;B: Evident Injury;Mecklenburg;53;Clear;#NULL!;31-35 mph;40 - 45  MPH;2010;Daylight;50-59
35.2464968894, -80.7523932159;"{""type"": ""Point"", ""coordinates"": [-80.75239321591732, 35.24649688939047]}";Black;Charlotte;Travel Lane;2;23;Urban (>70% Developed);Male;Unknown;0;#NULL!;0;0;Unknown/Missing;No;0;40-49;Unknown Approach Paths;None;No;No;Dry;0;Urban;Yes;10JUL2010;0;23:08;Unknown;Missing;Residential;B: Evident Injury;Yes;Unknown Injury;4104;July;0;Straight - Level;Piedmont;Unknown;No Control Present;Saturday;Non-Intersection;47;0;Two-Way, Divided, Positive Median Barrier;5 lanes;0;#NULL!;#NULL!;Smooth Asphalt;#NULL!;Related To Intersection;Other / Unknown - Insufficient Details;Local Street;B: Evident Injury;Mecklenburg;Unknown;Clear;#NULL!;31-35 mph;30 - 35  MPH;2010;Dark - Lighted Roadway;Unknown
35.5165210346, -78.296772491;"{""type"": ""Point"", ""coordinates"": [-78.29677249101373, 35.516521034588536]}";Black;Selma;Travel Lane;2;8;Urban (>70% Developed);Male;Sport Utility;0;#NULL!;0;0;White;No;0;40-49;Motorist Overtaking - Misjudged Space;None;No;No;Dry;0;Urban;No;01JUL2010;0;8:42;Female;No;Commercial;B: Evident Injury;Yes;O: No Injury;4112;July;0;Straight - Level;Coastal;With Traffic;No Control Present;Thursday;Non-Intersection;49;0;Two-Way, Not Divided;2 lanes;0;#NULL!;#NULL!;Smooth Asphalt;#NULL!;Underpass;Motorist Overtaking Bicyclist;State Secondary Route;B: Evident Injury;Johnston;24;Clear;#NULL!;41-45 mph;40 - 45  MPH;2010;Daylight;20-24
35.7890620803, -78.6623626167;"{""type"": ""Point"", ""coordinates"": [-78.6623626166717, 35.78906208032515]}";White;Raleigh;Travel Lane;2;16;Urban (>70% Developed);Male;Passenger Car;0;#NULL!;0;0;Black;No;0;20-24;Motorist Left Turn - Opposite Direction;None;No;No;Dry;0;Urban;No;30JUN2010;0;16:49;Female;No;Commercial;O: No Injury;No;O: No Injury;4122;June;0;Straight - Grade;Piedmont;With Traffic;No Control Present;Wednesday;Intersection-Related;24;0;Two-Way, Not Divided;3 lanes;0;#NULL!;#NULL!;Smooth Asphalt;#NULL!;No Special Feature;Motorist Left Turn / Merge;Local Street;O: No Injury;Wake;60;Clear;#NULL!;16-20 mph;30 - 35  MPH;2010;Daylight;60-69
36.0592472389, -75.7308977337;"{""type"": ""Point"", ""coordinates"": [-75.73089773372584, 36.05924723888182]}";White;Kitty Hawk;Driveway / Alley;2;18;Urban (>70% Developed);Male;Pickup;0;#NULL!;0;0;White;No;0;6-10;Bicyclist Ride Out - Residential Driveway;None;No;No;Dry;0;Rural;No;20JUN2010;0;18:05;Female;No;Residential;B: Evident Injury;No;O: No Injury;4126;June;0;Straight - Level;Coastal;Not Applicable;No Control Present;Sunday;Non-Intersection;7;0;Two-Way, Not Divided;2 lanes;0;#NULL!;#NULL!;Coarse Asphalt;#NULL!;No Special Feature;Bicyclist Failed to Yield - Midblock;Local Street;B: Evident Injury;Dare;21;Clear;#NULL!;>100 mph;20 - 25  MPH;2010;Daylight;20-24
36.2843671226, -80.3906431654;"{""type"": ""Point"", ""coordinates"": [-80.39064316542927, 36.284367122613055]}";White;None - Rural Crash;Travel Lane;3;7;Rural (<30% Developed);Male;Sport Utility;0;#NULL!;0;0;White;No;0;40-49;Motorist Overtaking - Other / Unknown;None;No;No;Dry;0;Rural;No;23JUL2010;0;7:42;Female;No;Farms, Woods, Pastures;K: Killed;Yes;O: No Injury;4129;July;0;Curve - Grade;Piedmont;With Traffic;Double Yellow Line, No Passing Zone;Friday;Non-Intersection;49;0;Two-Way, Not Divided;2 lanes;0;#NULL!;#NULL!;Smooth Asphalt;#NULL!;No Special Feature;Motorist Overtaking Bicyclist;State Secondary Route;B: Evident Injury;Stokes;51;Clear;#NULL!;41-45 mph;40 - 45  MPH;2010;Daylight;50-59
35.7952650804, -78.7067826306;"{""type"": ""Point"", ""coordinates"": [-78.7067826306403, 35.795265080374634]}";White;Raleigh;Travel Lane;3;0;Urban (>70% Developed);Male;Sport Utility;0;#NULL!;0;0;Other;No;0;30-39;Motorist Overtaking - Other / Unknown;None;No;No;Water (Standing, Moving);0;Urban;No;29MAY2010;0;0:07;Male;No;Commercial;C: Possible Injury;No;O: No Injury;4130;May;0;Straight - Grade;Piedmont;With Traffic;No Control Present;Saturday;Non-Intersection;32;0;Two-Way, Divided, Unprotected Median;5 lanes;0;#NULL!;#NULL!;Coarse Asphalt;#NULL!;No Special Feature;Motorist Overtaking Bicyclist;Local Street;C: Possible Injury;Wake;31;Rain;#NULL!;21-25 mph;30 - 35  MPH;2010;Dark - Roadway Not Lighted;30-39
35.0971328564, -80.7778882151;"{""type"": ""Point"", ""coordinates"": [-80.77788821512266, 35.09713285635613]}";White;Charlotte;Travel Lane;2;18;Urban (>70% Developed);Male;Van;0;#NULL!;0;0;White;No;0;50-59;Parallel Paths - Other / Unknown;None;No;No;Dry;0;Urban;No;15JUL2010;0;18:43;Female;No;Commercial;B: Evident Injury;Yes;O: No Injury;4131;July;0;Straight - Level;Piedmont;Not Applicable;No Control Present;Thursday;Intersection;51;0;Two-Way, Divided, Positive Median Barrier;4 lanes;0;#NULL!;#NULL!;Smooth Asphalt;#NULL!;T-Intersection;Parallel Paths - Other Circumstances;Local Street;B: Evident Injury;Mecklenburg;37;Clear;#NULL!;0-5 mph;40 - 45  MPH;2010;Daylight;30-39
35.6014318966, -82.5547837704;"{""type"": ""Point"", ""coordinates"": [-82.5547837703969, 35.60143189662776]}";White;Asheville;Travel Lane;2;15;Urban (>70% Developed);Female;Passenger Car;0;#NULL!;0;0;Unknown/Missing;No;0;25-29;Motorist Left Turn - Opposite Direction;None;No;No;Unknown;0;Urban;Yes;21JUL2010;0;15:08;Unknown;No;Commercial;B: Evident Injury;Yes;Unknown Injury;4135;July;0;Straight - Level;Mountains;Unknown;Stop Sign;Wednesday;Non-Intersection;25;0;Two-Way, Not Divided;2 lanes;0;#NULL!;#NULL!;Smooth Asphalt;#NULL!;Four-Way Intersection;Motorist Left Turn / Merge;Local Street;B: Evident Injury;Buncombe;Unknown;Other;#NULL!;Unknown;20 - 25  MPH;2010;Unknown;Unknown
35.9521440446, -80.6087332122;"{""type"": ""Point"", ""coordinates"": [-80.6087332122148, 35.95214404459524]}";White;None - Rural Crash;Travel Lane;2;18;Rural (<30% Developed);Male;Pickup;0;#NULL!;0;0;White;No;0;50-59;Motorist Overtaking - Other / Unknown;None;No;No;Dry;0;Rural;No;31JUL2010;0;18:21;Male;No;Farms, Woods, Pastures;K: Killed;Yes;O: No Injury;4143;July;0;Curve - Level;Piedmont;Facing Traffic;Double Yellow Line, No Passing Zone;Saturday;Non-Intersection;59;0;Two-Way, Not Divided;2 lanes;0;#NULL!;#NULL!;Smooth Asphalt;#NULL!;No Special Feature;Motorist Overtaking Bicyclist;US Route;K: Killed;Davie;30;Cloudy;#NULL!;46-50 mph;50 - 55  MPH;2010;Daylight;30-39
35.6202839012, -82.5544397717;"{""type"": ""Point"", ""coordinates"": [-82.55443977168878, 35.62028390120113]}";White;Asheville;Travel Lane;2;18;Urban (>70% Developed);Female;Passenger Car;0;#NULL!;0;0;White;No;0;16-19;Motorist Left Turn - Opposite Direction;None;No;No;Water (Standing, Moving);0;Urban;No;28MAY2010;0;18:16;Male;No;Commercial;A: Disabling Injury;Yes;O: No Injury;4146;May;0;Straight - Grade;Mountains;With Traffic;Stop And Go Signal;Friday;Intersection;19;0;Two-Way, Divided, Unprotected Median;2 lanes;0;#NULL!;#NULL!;Smooth Asphalt;#NULL!;No Special Feature;Motorist Left Turn / Merge;US Route;A: Disabling Injury;Buncombe;32;Rain;#NULL!;6-10 mph;30 - 35  MPH;2010;Other;30-39