Geo Point;Geo Shape;BikeRace;City;BikePos;NumUnits;CrashHour;Locality;BikeSex;DrvrVehTyp;NumBikesNo;BikeAlcDrg;NumBikesBI;RteInvdCd;DrvrRace;Workzone;NumBikesCi;BikeAgeGrp;CrashType;RdDefects;CrashAlcoh;BikeAlcoho;RdConditio;DstncMiFrm;RuralUrban;HitRun;CrashDate;NumBikesUI;CrashTime;DrvrSex;DrvrAlcoho;Developmen;CrashSevr;AmbulanceR;DrvrInjury;OBJECTID;CrashMonth;NumBikesKi;RdCharacte;Region;BikeDir;TraffCntrl;CrashDay;CrashLoc;BikeAge;NumBikesTo;RdConfig;NumLanes;NumBikesAI;DrvrAlcDrg;OnRoad;RdSurface;Towrd_Rd;RdFeature;CrashGrp;RdClass;BikeInjury;County;DrvrAge;Weather;FrmRd;DrvrEstSpd;SpeedLimit;CrashYear;LightCond;DrvrAgeGrp
34.9556468636, -79.7291828939;"{""type"": ""Point"", ""coordinates"": [-79.72918289394516, 34.95564686360626]}";Black;None - Rural Crash;Travel Lane;2;19;Rural (<30% Developed);Male;Passenger Car;0;#NULL!;0;0;Black;No;0;6-10;Bicyclist Ride Through - Sign-Controlled Intersection;None;No;No;Dry;0;Rural;No;14JUL2010;0;19:00;Male;No;Residential;B: Evident Injury;Yes;O: No Injury;4150;July;0;Straight - Level;Piedmont;With Traffic;Stop Sign;Wednesday;Intersection;7;0;Two-Way, Not Divided;2 lanes;0;#NULL!;#NULL!;Coarse Asphalt;#NULL!;Four-Way Intersection;Bicyclist Failed to Yield - Sign-Controlled Intersection;State Secondary Route;B: Evident Injury;Richmond;51;Clear;#NULL!;21-25 mph;30 - 35  MPH;2010;Daylight;50-59
36.2542302755, -75.8819067904;"{""type"": ""Point"", ""coordinates"": [-75.8819067903769, 36.25423027546684]}";White;None - Rural Crash;Travel Lane;2;20;Rural (<30% Developed);Male;Passenger Car;0;#NULL!;0;0;Black;No;0;50-59;Bicyclist Left Turn - Same Direction;None;Yes;Yes;Dry;0;Rural;No;02AUG2010;0;20:45;Female;No;Residential;O: No Injury;No;O: No Injury;4153;August;0;Straight - Level;Coastal;With Traffic;Double Yellow Line, No Passing Zone;Monday;Non-Intersection;52;0;Two-Way, Not Divided;2 lanes;0;#NULL!;#NULL!;Smooth Asphalt;#NULL!;No Special Feature;Bicyclist Left Turn / Merge;State Secondary Route;O: No Injury;Currituck;30;Clear;#NULL!;41-45 mph;50 - 55  MPH;2010;Dark - Roadway Not Lighted;30-39
34.2257987666, -77.8748322995;"{""type"": ""Point"", ""coordinates"": [-77.87483229946434, 34.22579876655145]}";Unknown/Missing;Wilmington;Non-Roadway;3;17;Urban (>70% Developed);Female;Sport Utility;0;#NULL!;0;0;Unknown/Missing;No;0;25-29;Non-Roadway;None;No;No;Dry;0;Urban;No;22JUL2010;0;17:04;Male;No;Institutional;B: Evident Injury;No;O: No Injury;4157;July;0;Straight - Level;Coastal;Not Applicable;No Control Present;Thursday;Non-Roadway;26;0;Two-Way, Not Divided;9 or more lanes;0;#NULL!;#NULL!;Coarse Asphalt;#NULL!;No Special Feature;Non-Roadway;Public Vehicular Area;B: Evident Injury;New Hanover;25;Clear;#NULL!;Unknown;5 - 15 MPH;2010;Daylight;25-29
35.2652508911, -80.8165772366;"{""type"": ""Point"", ""coordinates"": [-80.81657723655799, 35.26525089114623]}";Black;Charlotte;Sidewalk / Crosswalk / Driveway Crossing;2;17;Urban (>70% Developed);Male;Van;0;#NULL!;0;0;White;No;0;40-49;Motorist Drive Out - Commercial Driveway / Alley;None;No;No;Wet;0;Urban;No;27JUL2010;0;17:10;Male;No;Commercial;C: Possible Injury;No;O: No Injury;4169;July;0;Straight - Level;Piedmont;Facing Traffic;No Control Present;Tuesday;Non-Intersection;43;0;Two-Way, Not Divided;Unknown;0;#NULL!;#NULL!;Smooth Asphalt;#NULL!;No Special Feature;Motorist Failed to Yield - Midblock;Public Vehicular Area;C: Possible Injury;Mecklenburg;50;Cloudy;#NULL!;6-10 mph;5 - 15 MPH;2010;Daylight;50-59
35.9327201409, -77.810982365;"{""type"": ""Point"", ""coordinates"": [-77.81098236504334, 35.93272014087509]}";Unknown/Missing;Rocky Mount;Sidewalk / Crosswalk / Driveway Crossing;2;10;Urban (>70% Developed);Unknown;Unknown;0;#NULL!;0;0;Unknown/Missing;No;0;60-69;Motorist Right Turn - Opposite Direction;None;No;No;Dry;0;Urban;Yes;07JUL2010;0;10:31;Unknown;Missing;Commercial;O: No Injury;No;Unknown Injury;4170;July;0;Straight - Level;Coastal;Facing Traffic;No Control Present;Wednesday;Non-Intersection;68;0;Two-Way, Not Divided;5 lanes;0;#NULL!;#NULL!;Smooth Asphalt;#NULL!;Driveway, Public;Motorist Right Turn / Merge;Local Street;O: No Injury;Nash;Unknown;Clear;#NULL!;6-10 mph;5 - 15 MPH;2010;Daylight;Unknown
35.9728010562, -80.4256471587;"{""type"": ""Point"", ""coordinates"": [-80.42564715865807, 35.972801056162574]}";White;None - Rural Crash;Travel Lane;2;8;Rural (<30% Developed);Male;Sport Utility;0;#NULL!;0;0;White;No;0;30-39;Motorist Right Turn - Same Direction;None;No;No;Dry;0;Rural;No;29JUL2010;0;8:05;Male;No;Farms, Woods, Pastures;B: Evident Injury;Yes;B: Evident Injury;4172;July;0;Straight - Grade;Piedmont;With Traffic;No Control Present;Thursday;Intersection-Related;31;0;Two-Way, Not Divided;2 lanes;0;#NULL!;#NULL!;Coarse Asphalt;#NULL!;T-Intersection;Motorist Right Turn / Merge;NC Route;B: Evident Injury;Davie;Unknown;Clear;#NULL!;41-45 mph;40 - 45  MPH;2010;Daylight;Unknown
35.547232956, -80.7018082168;"{""type"": ""Point"", ""coordinates"": [-80.70180821684163, 35.54723295596073]}";Asian;None - Rural Crash;Travel Lane;2;8;Mixed (30% To 70% Developed);Male;Passenger Car;0;#NULL!;0;0;White;No;0;30-39;Motorist Right Turn - Same Direction;None;No;No;Dry;0;Rural;No;17JUL2010;0;8:35;Male;No;Residential;C: Possible Injury;No;O: No Injury;4182;July;0;Straight - Level;Piedmont;With Traffic;Double Yellow Line, No Passing Zone;Saturday;Intersection;34;0;Two-Way, Not Divided;2 lanes;0;#NULL!;#NULL!;Coarse Asphalt;#NULL!;T-Intersection;Motorist Right Turn / Merge;State Secondary Route;C: Possible Injury;Rowan;29;Clear;#NULL!;6-10 mph;40 - 45  MPH;2010;Daylight;25-29
35.4981869399, -80.8489032585;"{""type"": ""Point"", ""coordinates"": [-80.84890325853353, 35.498186939946294]}";White;Davidson;Travel Lane;2;9;Urban (>70% Developed);Male;Sport Utility;0;#NULL!;0;0;White;No;0;30-39;Motorist Right Turn - Same Direction;None;No;No;Dry;0;Urban;No;04JUN2010;0;9:30;Female;No;Commercial;O: No Injury;No;O: No Injury;4183;June;0;Straight - Level;Piedmont;With Traffic;No Control Present;Friday;Non-Intersection;33;0;Two-Way, Not Divided;2 lanes;0;#NULL!;#NULL!;Smooth Asphalt;#NULL!;No Special Feature;Motorist Right Turn / Merge;US Route;O: No Injury;Mecklenburg;62;Clear;#NULL!;0-5 mph;20 - 25  MPH;2010;Daylight;60-69
36.428871225, -78.4348225822;"{""type"": ""Point"", ""coordinates"": [-78.43482258220362, 36.42887122504739]}";Black;None - Rural Crash;Travel Lane;2;21;Rural (<30% Developed);Male;Passenger Car;0;#NULL!;0;0;Black;No;0;40-49;Head-On - Bicyclist;None;No;No;Dry;0;Rural;No;10AUG2010;0;21:05;Female;No;Residential;K: Killed;Yes;O: No Injury;4189;August;0;Straight - Level;Piedmont;Facing Traffic;No Control Present;Tuesday;Non-Intersection;48;0;Two-Way, Not Divided;2 lanes;0;#NULL!;#NULL!;Smooth Asphalt;#NULL!;No Special Feature;Head-On;State Secondary Route;K: Killed;Vance;42;Clear;#NULL!;36-40 mph;40 - 45  MPH;2010;Dark - Roadway Not Lighted;40-49
34.0376767243, -77.8939722974;"{""type"": ""Point"", ""coordinates"": [-77.89397229736234, 34.03767672426682]}";White;Carolina Beach;Travel Lane;2;15;Urban (>70% Developed);Male;Van;0;#NULL!;0;0;White;No;0;40-49;Crossing Paths - Intersection - Other / Unknown;None;No;No;Dry;0;Urban;No;10JUL2010;0;15:57;Female;No;Commercial;B: Evident Injury;Yes;O: No Injury;4195;July;0;Straight - Level;Coastal;Unknown;No Control Present;Saturday;Intersection;49;0;Two-Way, Not Divided;4 lanes;0;#NULL!;#NULL!;Smooth Asphalt;#NULL!;No Special Feature;Crossing Paths - Other Circumstances;US Route;B: Evident Injury;New Hanover;57;Cloudy;#NULL!;16-20 mph;20 - 25  MPH;2010;Daylight;50-59
35.7889470799, -78.6863226238;"{""type"": ""Point"", ""coordinates"": [-78.68632262382854, 35.78894707994416]}";White;Raleigh;Travel Lane;2;17;Urban (>70% Developed);Male;Passenger Car;0;#NULL!;0;0;Black;No;0;40-49;Motorist Left Turn - Opposite Direction;None;No;No;Dry;0;Urban;No;28JUL2010;0;17:35;Female;No;Commercial;B: Evident Injury;No;O: No Injury;4200;July;0;Straight - Level;Piedmont;With Traffic;Stop And Go Signal;Wednesday;Intersection;42;0;Two-Way, Not Divided;2 lanes;0;#NULL!;#NULL!;Smooth Asphalt;#NULL!;No Special Feature;Motorist Left Turn / Merge;Local Street;B: Evident Injury;Wake;47;Clear;#NULL!;31-35 mph;30 - 35  MPH;2010;Daylight;40-49
36.2002771319, -79.6592969407;"{""type"": ""Point"", ""coordinates"": [-79.65929694066334, 36.20027713191804]}";White;None - Rural Crash;Driveway / Alley;2;14;Mixed (30% To 70% Developed);Male;Passenger Car;0;#NULL!;0;0;Black;No;0;11-15;Bicyclist Ride Out - Residential Driveway;None;No;No;Dry;0;Rural;No;16AUG2010;0;14:04;Male;No;Residential;B: Evident Injury;Yes;O: No Injury;4209;August;0;Straight - Level;Piedmont;Not Applicable;No Control Present;Monday;Non-Intersection;12;0;Two-Way, Not Divided;2 lanes;0;#NULL!;#NULL!;Smooth Asphalt;#NULL!;Driveway, Private;Bicyclist Failed to Yield - Midblock;State Secondary Route;B: Evident Injury;Guilford;40;Clear;#NULL!;31-35 mph;30 - 35  MPH;2010;Daylight;40-49
34.2003737589, -77.9395163186;"{""type"": ""Point"", ""coordinates"": [-77.93951631864611, 34.20037375889732]}";White;Wilmington;Travel Lane;2;15;Urban (>70% Developed);Male;Passenger Car;0;#NULL!;0;0;Black;No;0;60-69;Bicyclist Ride Out - Other Midblock;None;Yes;Yes;Wet;0;Urban;No;06AUG2010;0;15:20;Male;No;Commercial;B: Evident Injury;Yes;C: Possible Injury;4223;August;0;Straight - Level;Coastal;Not Applicable;No Control Present;Friday;Non-Intersection;65;0;Two-Way, Not Divided;5 lanes;0;#NULL!;#NULL!;Coarse Asphalt;#NULL!;No Special Feature;Bicyclist Failed to Yield - Midblock;US Route;B: Evident Injury;New Hanover;25;Cloudy;#NULL!;36-40 mph;40 - 45  MPH;2010;Daylight;25-29
36.0925441255, -79.2142968002;"{""type"": ""Point"", ""coordinates"": [-79.21429680019135, 36.09254412545345]}";White;None - Rural Crash;Travel Lane;2;17;Rural (<30% Developed);Male;Van;0;#NULL!;0;0;Black;No;0;16-19;Bicyclist Left Turn - Same Direction;None;No;No;Dry;0;Rural;No;02AUG2010;0;17:45;Female;No;Residential;O: No Injury;No;O: No Injury;4228;August;0;Curve - Level;Piedmont;With Traffic;Double Yellow Line, No Passing Zone;Monday;Non-Intersection;17;0;Two-Way, Not Divided;2 lanes;0;#NULL!;#NULL!;Coarse Asphalt;#NULL!;No Special Feature;Bicyclist Left Turn / Merge;State Secondary Route;O: No Injury;Orange;26;Clear;#NULL!;36-40 mph;40 - 45  MPH;2010;Daylight;25-29
35.4606010058, -78.7784826343;"{""type"": ""Point"", ""coordinates"": [-78.77848263430027, 35.46060100577282]}";White;None - Rural Crash;Travel Lane;3;8;Rural (<30% Developed);Male;Passenger Car;0;#NULL!;0;0;White;No;0;40-49;Motorist Drive Out - Sign-Controlled Intersection;None;No;No;Dry;0;Rural;No;17AUG2010;0;8:39;Female;No;Institutional;B: Evident Injury;No;O: No Injury;4232;August;0;Straight - Level;Coastal;With Traffic;Stop Sign;Tuesday;Intersection;44;0;Two-Way, Not Divided;2 lanes;0;#NULL!;#NULL!;Smooth Asphalt;#NULL!;No Special Feature;Motorist Failed to Yield - Sign-Controlled Intersection;State Secondary Route;B: Evident Injury;Harnett;17;Clear;#NULL!;11-15 mph;50 - 55  MPH;2010;Daylight;0-19
35.7809870798, -78.6505326127;"{""type"": ""Point"", ""coordinates"": [-78.65053261273299, 35.78098707980241]}";White;Raleigh;Sidewalk / Crosswalk / Driveway Crossing;2;22;Urban (>70% Developed);Male;Unknown;0;#NULL!;0;0;Black;No;0;30-39;Motorist Left Turn - Same Direction;None;No;No;Dry;0;Urban;Yes;06AUG2010;0;22:04;Male;No;Commercial;O: No Injury;No;O: No Injury;4234;August;0;Straight - Level;Piedmont;Facing Traffic;Stop And Go Signal;Friday;Intersection;31;0;Two-Way, Not Divided;4 lanes;0;#NULL!;#NULL!;Smooth Asphalt;#NULL!;No Special Feature;Motorist Left Turn / Merge;Local Street;O: No Injury;Wake;27;Clear;#NULL!;16-20 mph;30 - 35  MPH;2010;Daylight;25-29
35.7186040906, -77.9344423915;"{""type"": ""Point"", ""coordinates"": [-77.93444239150301, 35.71860409061104]}";Black;Wilson;Travel Lane;2;11;Urban (>70% Developed);Male;Passenger Car;0;#NULL!;0;0;Black;No;0;11-15;Bicyclist Ride Through - Signalized Intersection;None;No;No;Dry;0;Urban;No;03AUG2010;0;11:49;Female;No;Commercial;C: Possible Injury;No;O: No Injury;4237;August;0;Straight - Level;Coastal;Facing Traffic;Stop And Go Signal;Tuesday;Intersection;14;0;Two-Way, Not Divided;3 lanes;0;#NULL!;#NULL!;Smooth Asphalt;#NULL!;Four-Way Intersection;Bicyclist Failed to Yield - Signalized Intersection;Local Street;C: Possible Injury;Wilson;56;Clear;#NULL!;11-15 mph;30 - 35  MPH;2010;Daylight;50-59
36.0652350996, -79.7619529637;"{""type"": ""Point"", ""coordinates"": [-79.76195296372164, 36.0652350996326]}";Black;Greensboro;Non-Roadway;2;19;Urban (>70% Developed);Female;Passenger Car;0;#NULL!;0;0;Black;No;0;0-5;Non-Roadway;None;No;No;Dry;0;Urban;No;09AUG2010;0;19:00;Female;No;Residential;C: Possible Injury;No;O: No Injury;4240;August;0;Straight - Level;Piedmont;Not Applicable;No Control Present;Monday;Non-Roadway;4;0;Unknown;Unknown;0;#NULL!;#NULL!;Coarse Asphalt;#NULL!;Driveway, Public;Non-Roadway;Public Vehicular Area;C: Possible Injury;Guilford;62;Clear;#NULL!;6-10 mph;5 - 15 MPH;2010;Daylight;60-69
34.2341067681, -77.8688822981;"{""type"": ""Point"", ""coordinates"": [-77.86888229808713, 34.23410676807236]}";Black;Wilmington;Sidewalk / Crosswalk / Driveway Crossing;2;19;Urban (>70% Developed);Male;Passenger Car;0;#NULL!;0;0;White;No;0;25-29;Motorist Drive Out - Commercial Driveway / Alley;None;No;No;Dry;0;Urban;No;16AUG2010;0;19:31;Male;No;Residential;C: Possible Injury;Yes;O: No Injury;4242;August;0;Straight - Level;Coastal;Not Applicable;No Control Present;Monday;Non-Intersection;26;0;Two-Way, Not Divided;2 lanes;0;#NULL!;#NULL!;Smooth Asphalt;#NULL!;T-Intersection;Motorist Failed to Yield - Midblock;Local Street;C: Possible Injury;New Hanover;25;Clear;#NULL!;0-5 mph;30 - 35  MPH;2010;Daylight;25-29
35.2363238849, -80.8307832385;"{""type"": ""Point"", ""coordinates"": [-80.8307832384895, 35.236323884853896]}";Black;Charlotte;Travel Lane;2;21;Urban (>70% Developed);Male;Unknown;0;#NULL!;0;0;Unknown/Missing;No;0;40-49;Motorist Overtaking - Misjudged Space;None;No;No;Wet;0;Urban;Yes;14AUG2010;0;21:30;Unknown;Missing;Commercial;B: Evident Injury;Yes;Unknown Injury;4243;August;0;Straight - Level;Piedmont;With Traffic;Stop And Go Signal;Saturday;Non-Intersection;48;0;Two-Way, Not Divided;4 lanes;0;#NULL!;#NULL!;Smooth Asphalt;#NULL!;Bridge;Motorist Overtaking Bicyclist;Local Street;B: Evident Injury;Mecklenburg;Unknown;Rain;#NULL!;51-55 mph;30 - 35  MPH;2010;Dark - Roadway Not Lighted;Unknown
35.5603820413, -78.3906585222;"{""type"": ""Point"", ""coordinates"": [-78.39065852218091, 35.56038204125759]}";Hispanic;None - Rural Crash;Travel Lane;2;16;Rural (<30% Developed);Male;Passenger Car;0;#NULL!;0;0;White;No;0;11-15;Bicyclist Ride Out - Other Midblock;None;No;No;Dry;0;Rural;No;21AUG2010;0;16:41;Male;No;Farms, Woods, Pastures;B: Evident Injury;Yes;C: Possible Injury;4247;August;0;Straight - Level;Coastal;With Traffic;No Control Present;Saturday;Non-Intersection;14;0;Two-Way, Divided, Unprotected Median;4 lanes;0;#NULL!;#NULL!;Coarse Asphalt;#NULL!;No Special Feature;Bicyclist Failed to Yield - Midblock;US Route;B: Evident Injury;Johnston;70+;Clear;#NULL!;36-40 mph;50 - 55  MPH;2010;Daylight;70+
35.5048870312, -78.3249384996;"{""type"": ""Point"", ""coordinates"": [-78.3249384995503, 35.504887031162305]}";White;Smithfield;Non-Roadway;2;17;Urban (>70% Developed);Male;Passenger Car;0;#NULL!;0;0;Black;No;0;40-49;Non-Roadway;None;Yes;Yes;Dry;0;Urban;No;07AUG2010;0;17:15;Female;No;Commercial;B: Evident Injury;Yes;O: No Injury;4249;August;0;Straight - Level;Coastal;Not Applicable;No Control Present;Saturday;Non-Roadway;44;0;Two-Way, Not Divided;Unknown;0;#NULL!;#NULL!;Coarse Asphalt;#NULL!;No Special Feature;Non-Roadway;Public Vehicular Area;B: Evident Injury;Johnston;58;Clear;#NULL!;6-10 mph;5 - 15 MPH;2010;Daylight;50-59
35.5841629582, -80.8395832601;"{""type"": ""Point"", ""coordinates"": [-80.8395832600643, 35.584162958222315]}";White;Mooresville;Travel Lane;2;6;Urban (>70% Developed);Male;Single Unit Truck (3 Or More Axles);0;#NULL!;0;0;White;No;0;30-39;Motorist Overtaking - Undetected Bicyclist;No Shoulders;No;No;Dry;0;Urban;No;03AUG2010;0;6:07;Male;No;Commercial;C: Possible Injury;Yes;O: No Injury;4257;August;0;Straight - Level;Piedmont;With Traffic;Double Yellow Line, No Passing Zone;Tuesday;Non-Intersection;36;0;Two-Way, Not Divided;2 lanes;0;#NULL!;#NULL!;Smooth Asphalt;#NULL!;No Special Feature;Motorist Overtaking Bicyclist;US Route;C: Possible Injury;Iredell;44;Cloudy;#NULL!;41-45 mph;40 - 45  MPH;2010;Dark - Lighted Roadway;40-49
36.039073126, -78.8849976973;"{""type"": ""Point"", ""coordinates"": [-78.88499769731673, 36.03907312604264]}";Black;Durham;Travel Lane;2;20;Urban (>70% Developed);Female;Passenger Car;0;#NULL!;0;0;Black;No;0;6-10;Backing Vehicle;None;No;No;Dry;0;Urban;No;27AUG2010;0;20:17;Female;No;Residential;C: Possible Injury;Yes;O: No Injury;4263;August;0;Straight - Level;Piedmont;With Traffic;No Control Present;Friday;Non-Intersection;10;0;Two-Way, Not Divided;2 lanes;0;#NULL!;#NULL!;Smooth Asphalt;#NULL!;No Special Feature;Backing Vehicle;Local Street;C: Possible Injury;Durham;40;Clear;#NULL!;0-5 mph;20 - 25  MPH;2010;Dark - Lighted Roadway;40-49
34.660196825, -78.9999926608;"{""type"": ""Point"", ""coordinates"": [-78.99999266075409, 34.66019682496657]}";White;Lumberton;Travel Lane;2;19;Urban (>70% Developed);Male;Passenger Car;0;#NULL!;0;0;White;No;0;50-59;Signalized Intersection - Other / Unknown;None;No;No;Dry;0;Urban;No;28AUG2010;0;19:01;Male;No;Commercial;O: No Injury;No;O: No Injury;4264;August;0;Straight - Level;Coastal;Facing Traffic;Stop And Go Signal;Saturday;Intersection;51;0;Two-Way, Not Divided;7 lanes;0;#NULL!;#NULL!;Coarse Asphalt;#NULL!;No Special Feature;Crossing Paths - Other Circumstances;Local Street;O: No Injury;Robeson;52;Clear;#NULL!;0-5 mph;40 - 45  MPH;2010;Daylight;50-59
35.5479420722, -77.4028022216;"{""type"": ""Point"", ""coordinates"": [-77.40280222158341, 35.54794207216197]}";Unknown/Missing;Winterville;Sidewalk / Crosswalk / Driveway Crossing;2;19;Urban (>70% Developed);Male;Van;0;#NULL!;0;0;White;No;0;40-49;Motorist Drive Out - Sign-Controlled Intersection;None;No;No;Dry;0;Urban;No;15AUG2010;0;19:48;Female;No;Commercial;B: Evident Injury;No;O: No Injury;4266;August;0;Straight - Level;Coastal;Facing Traffic;Stop Sign;Sunday;Intersection;48;0;Two-Way, Not Divided;2 lanes;0;#NULL!;#NULL!;Smooth Asphalt;#NULL!;T-Intersection;Motorist Failed to Yield - Sign-Controlled Intersection;Local Street;B: Evident Injury;Pitt;59;Cloudy;#NULL!;Unknown;40 - 45  MPH;2010;Dusk;50-59
35.0446169111, -78.9340086603;"{""type"": ""Point"", ""coordinates"": [-78.934008660309, 35.04461691105863]}";Hispanic;Fayetteville;Travel Lane;2;14;Urban (>70% Developed);Male;Pickup;0;#NULL!;0;0;White;No;0;16-19;Signalized Intersection - Other / Unknown;None;No;No;Dry;0;Urban;No;19AUG2010;0;14:15;Female;No;Farms, Woods, Pastures;B: Evident Injury;Yes;O: No Injury;4270;August;0;Straight - Level;Coastal;Unknown;Stop And Go Signal;Thursday;Intersection;19;0;Two-Way, Divided, Positive Median Barrier;7 lanes;0;#NULL!;#NULL!;Smooth Asphalt;#NULL!;No Special Feature;Crossing Paths - Other Circumstances;Local Street;B: Evident Injury;Cumberland;31;Clear;#NULL!;36-40 mph;40 - 45  MPH;2010;Daylight;30-39
36.1458201209, -79.6523329354;"{""type"": ""Point"", ""coordinates"": [-79.65233293535421, 36.14582012093372]}";White;None - Rural Crash;Travel Lane;2;14;Mixed (30% To 70% Developed);Female;Passenger Car;0;#NULL!;0;0;White;No;0;6-10;Backing Vehicle;None;No;No;Dry;0;Rural;No;16AUG2010;0;14:21;Female;No;Farms, Woods, Pastures;C: Possible Injury;Yes;O: No Injury;4276;August;0;Straight - Level;Piedmont;With Traffic;Other;Monday;Intersection-Related;8;0;Two-Way, Not Divided;2 lanes;0;#NULL!;#NULL!;Coarse Asphalt;#NULL!;No Special Feature;Backing Vehicle;State Secondary Route;C: Possible Injury;Guilford;18;Clear;#NULL!;0-5 mph;30 - 35  MPH;2010;Daylight;0-19
35.2492938975, -80.5462981542;"{""type"": ""Point"", ""coordinates"": [-80.54629815420456, 35.24929389748717]}";White;Midland;Travel Lane;2;10;Mixed (30% To 70% Developed);Female;Passenger Car;0;#NULL!;0;0;White;No;0;40-49;Motorist Overtaking - Misjudged Space;None;No;No;Dry;0;Rural;No;01SEP2010;0;10:26;Female;No;Commercial;B: Evident Injury;Yes;O: No Injury;4282;September;0;Straight - Level;Piedmont;With Traffic;No Control Present;Wednesday;Non-Intersection;45;0;Two-Way, Divided, Unprotected Median;4 lanes;0;#NULL!;#NULL!;Smooth Asphalt;#NULL!;No Special Feature;Motorist Overtaking Bicyclist;NC Route;B: Evident Injury;Cabarrus;22;Clear;#NULL!;51-55 mph;50 - 55  MPH;2010;Daylight;20-24
35.3285209818, -78.6603825918;"{""type"": ""Point"", ""coordinates"": [-78.66038259184234, 35.32852098181678]}";Unknown/Missing;Erwin;Travel Lane;2;21;Rural (<30% Developed);Unknown;Unknown;0;#NULL!;0;0;Unknown/Missing;No;0;25-29;Crossing Paths - Intersection - Other / Unknown;None;No;No;Dry;0;Rural;Yes;28AUG2010;0;21:51;Unknown;Missing;Residential;Unknown Injury;No;Unknown Injury;4295;August;0;Straight - Grade;Coastal;With Traffic;Stop And Go Signal;Saturday;Intersection;28;0;Two-Way, Not Divided;3 lanes;0;#NULL!;#NULL!;Coarse Asphalt;#NULL!;Four-Way Intersection;Crossing Paths - Other Circumstances;Local Street;Unknown Injury;Harnett;Unknown;Clear;#NULL!;21-25 mph;30 - 35  MPH;2010;Dark - Lighted Roadway;Unknown
34.9256429383, -77.3355121699;"{""type"": ""Point"", ""coordinates"": [-77.33551216987664, 34.925642938319406]}";White;None - Rural Crash;Travel Lane;2;14;Rural (<30% Developed);Female;Motorcycle;0;#NULL!;0;0;White;No;0;11-15;Bicyclist Left Turn - Same Direction;None;No;No;Dry;0;Rural;No;05SEP2010;0;14:26;Male;No;Farms, Woods, Pastures;B: Evident Injury;Yes;B: Evident Injury;4313;September;0;Straight - Level;Coastal;With Traffic;No Control Present;Sunday;Non-Intersection;11;0;Two-Way, Not Divided;2 lanes;0;#NULL!;#NULL!;Coarse Asphalt;#NULL!;No Special Feature;Bicyclist Left Turn / Merge;State Secondary Route;C: Possible Injury;Onslow;58;Clear;#NULL!;31-35 mph;50 - 55  MPH;2010;Daylight;50-59
35.8291170854, -78.7714186516;"{""type"": ""Point"", ""coordinates"": [-78.77141865157724, 35.82911708543534]}";Black;Cary;Travel Lane;2;18;Urban (>70% Developed);Male;Van;0;#NULL!;0;0;White;No;0;6-10;Non-Roadway;None;No;No;Dry;0;Urban;No;07SEP2010;0;18:53;Male;No;Commercial;C: Possible Injury;Yes;O: No Injury;4314;September;0;Curve - Level;Piedmont;Not Applicable;No Control Present;Tuesday;Non-Roadway;9;0;Two-Way, Not Divided;Unknown;0;#NULL!;#NULL!;Smooth Asphalt;#NULL!;Driveway, Public;Non-Roadway;Public Vehicular Area;C: Possible Injury;Wake;57;Clear;#NULL!;0-5 mph;5 - 15 MPH;2010;Daylight;50-59
35.6583269877, -80.4598931505;"{""type"": ""Point"", ""coordinates"": [-80.45989315050586, 35.65832698769193]}";Black;Salisbury;Travel Lane;2;11;Urban (>70% Developed);Male;Van;0;#NULL!;0;0;White;No;0;20-24;Motorist Overtaking - Other / Unknown;None;No;No;Dry;0;Urban;No;13SEP2010;0;11:17;Male;No;Commercial;C: Possible Injury;Yes;O: No Injury;4319;September;0;Straight - Level;Piedmont;With Traffic;Yield Sign;Monday;Non-Intersection;24;0;One-Way, Not Divided;1 lane;0;#NULL!;#NULL!;Concrete;#NULL!;On or Off Ramp;Motorist Overtaking Bicyclist;Interstate;C: Possible Injury;Rowan;37;Clear;#NULL!;61-65 mph;60 - 75 MPH;2010;Daylight;30-39
35.7826270795, -78.6553986139;"{""type"": ""Point"", ""coordinates"": [-78.65539861386978, 35.78262707948126]}";Black;Raleigh;Travel Lane;2;16;Urban (>70% Developed);Male;Unknown;0;#NULL!;0;0;Unknown/Missing;No;0;40-49;Motorist Overtaking - Misjudged Space;None;No;No;Dry;0;Urban;Yes;21JUL2010;0;16:35;Unknown;Missing;Commercial;C: Possible Injury;No;Unknown Injury;4330;July;0;Straight - Level;Piedmont;With Traffic;Yield Sign;Wednesday;Intersection;46;0;One-Way, Not Divided;1 lane;0;#NULL!;#NULL!;Smooth Asphalt;#NULL!;Traffic Circle/Roundabout;Motorist Overtaking Bicyclist;Local Street;C: Possible Injury;Wake;Unknown;Clear;#NULL!;26-30 mph;30 - 35  MPH;2010;Daylight;Unknown
34.2426967697, -77.8921723062;"{""type"": ""Point"", ""coordinates"": [-77.8921723062053, 34.24269676969533]}";Asian;Wilmington;Travel Lane;2;18;Urban (>70% Developed);Female;Passenger Car;0;#NULL!;0;0;Black;No;0;25-29;Bicyclist Ride Out - Midblock - Unknown;None;No;No;Dry;0;Urban;No;13SEP2010;0;18:49;Male;No;Commercial;B: Evident Injury;Yes;O: No Injury;4337;September;0;Straight - Level;Coastal;Not Applicable;No Control Present;Monday;Non-Intersection;26;0;One-Way, Not Divided;1 lane;0;#NULL!;#NULL!;Smooth Asphalt;#NULL!;No Special Feature;Bicyclist Failed to Yield - Midblock;Local Street;B: Evident Injury;New Hanover;49;Clear;#NULL!;16-20 mph;30 - 35  MPH;2010;Daylight;40-49