Geo Point;Geo Shape;BikeRace;City;BikePos;NumUnits;CrashHour;Locality;BikeSex;DrvrVehTyp;NumBikesNo;BikeAlcDrg;NumBikesBI;RteInvdCd;DrvrRace;Workzone;NumBikesCi;BikeAgeGrp;CrashType;RdDefects;CrashAlcoh;BikeAlcoho;RdConditio;DstncMiFrm;RuralUrban;HitRun;CrashDate;NumBikesUI;CrashTime;DrvrSex;DrvrAlcoho;Developmen;CrashSevr;AmbulanceR;DrvrInjury;OBJECTID;CrashMonth;NumBikesKi;RdCharacte;Region;BikeDir;TraffCntrl;CrashDay;CrashLoc;BikeAge;NumBikesTo;RdConfig;NumLanes;NumBikesAI;DrvrAlcDrg;OnRoad;RdSurface;Towrd_Rd;RdFeature;CrashGrp;RdClass;BikeInjury;County;DrvrAge;Weather;FrmRd;DrvrEstSpd;SpeedLimit;CrashYear;LightCond;DrvrAgeGrp
34.3306417587, -78.8250025915;"{""type"": ""Point"", ""coordinates"": [-78.82500259154509, 34.330641758703244]}";Black;Chadbourn;Travel Lane;2;10;Urban (>70% Developed);Male;Passenger Car;0;#NULL!;0;0;Black;No;0;20-24;Motorist Right Turn - Same Direction;None;No;No;Dry;0;Rural;No;18AUG2010;0;10:26;Female;No;Commercial;B: Evident Injury;Yes;O: No Injury;4342;August;0;Straight - Level;Coastal;With Traffic;No Control Present;Wednesday;Intersection;24;0;Two-Way, Not Divided;4 lanes;0;#NULL!;#NULL!;Smooth Asphalt;#NULL!;T-Intersection;Motorist Right Turn / Merge;Local Street;B: Evident Injury;Columbus;31;Clear;#NULL!;26-30 mph;30 - 35  MPH;2010;Daylight;30-39
35.9070700915, -79.0638927439;"{""type"": ""Point"", ""coordinates"": [-79.0638927439405, 35.90707009152708]}";Asian;Carrboro;Sidewalk / Crosswalk / Driveway Crossing;2;7;Urban (>70% Developed);Female;Passenger Car;0;#NULL!;0;0;Black;No;0;20-24;Bicyclist Left Turn - Opposite Direction;None;No;No;Dry;0;Urban;No;09SEP2010;0;7:49;Female;No;Commercial;C: Possible Injury;No;O: No Injury;4345;September;0;Curve - Grade;Piedmont;With Traffic;Stop And Go Signal;Thursday;Intersection;21;0;Two-Way, Not Divided;2 lanes;0;#NULL!;#NULL!;Smooth Asphalt;#NULL!;T-Intersection;Bicyclist Left Turn / Merge;Local Street;C: Possible Injury;Orange;47;Clear;#NULL!;6-10 mph;20 - 25  MPH;2010;Daylight;40-49
35.0906208656, -80.4990131317;"{""type"": ""Point"", ""coordinates"": [-80.49901313166346, 35.090620865641945]}";White;None - Rural Crash;Travel Lane;2;19;Mixed (30% To 70% Developed);Male;Pickup;0;#NULL!;0;0;Asian;No;0;30-39;Motorist Overtaking - Undetected Bicyclist;None;No;No;Dry;0;Rural;No;20SEP2010;0;19:20;Male;No;Residential;C: Possible Injury;Yes;O: No Injury;4351;September;0;Straight - Level;Piedmont;With Traffic;Double Yellow Line, No Passing Zone;Monday;Non-Intersection;37;0;Two-Way, Not Divided;2 lanes;0;#NULL!;#NULL!;Coarse Asphalt;#NULL!;No Special Feature;Motorist Overtaking Bicyclist;State Secondary Route;C: Possible Injury;Union;55;Clear;#NULL!;41-45 mph;40 - 45  MPH;2010;Daylight;50-59
35.6600669603, -81.2216673785;"{""type"": ""Point"", ""coordinates"": [-81.22166737845141, 35.660066960311305]}";Black;Newton;Sidewalk / Crosswalk / Driveway Crossing;2;16;Urban (>70% Developed);Male;Passenger Car;0;#NULL!;0;0;White;No;0;50-59;Motorist Drive Out - Commercial Driveway / Alley;None;No;No;Dry;0;Urban;No;10SEP2010;0;16:12;Female;No;Residential;C: Possible Injury;Yes;O: No Injury;4352;September;0;Straight - Level;Piedmont;With Traffic;No Control Present;Friday;Non-Intersection;51;0;Two-Way, Not Divided;Unknown;0;#NULL!;#NULL!;Coarse Asphalt;#NULL!;Driveway, Public;Motorist Failed to Yield - Midblock;Public Vehicular Area;C: Possible Injury;Catawba;46;Clear;#NULL!;0-5 mph;Unknown;2010;Daylight;40-49
33.9947966921, -78.5805625016;"{""type"": ""Point"", ""coordinates"": [-78.5805625015554, 33.99479669214461]}";White;None - Rural Crash;Travel Lane;2;12;Rural (<30% Developed);Male;Passenger Car;0;#NULL!;0;0;White;No;0;60-69;Bicyclist Left Turn - Same Direction;None;No;No;Wet;0;Rural;No;26SEP2010;0;12:09;Female;No;Farms, Woods, Pastures;B: Evident Injury;Yes;O: No Injury;4376;September;0;Straight - Level;Coastal;With Traffic;No Control Present;Sunday;Non-Intersection;61;0;Two-Way, Not Divided;2 lanes;0;#NULL!;#NULL!;Smooth Asphalt;#NULL!;Driveway, Public;Bicyclist Left Turn / Merge;State Secondary Route;O: No Injury;Brunswick;40;Rain;#NULL!;31-35 mph;50 - 55  MPH;2010;Daylight;40-49
35.0548388448, -80.8533432351;"{""type"": ""Point"", ""coordinates"": [-80.85334323510975, 35.05483884484464]}";White;Charlotte;Travel Lane;2;16;Urban (>70% Developed);Male;Sport Utility;0;#NULL!;0;0;Other;No;0;30-39;Motorist Drive Out - Sign-Controlled Intersection;None;No;No;Dry;0;Urban;No;02SEP2010;0;16:00;Male;No;Residential;B: Evident Injury;No;O: No Injury;4378;September;0;Straight - Hillcrest;Piedmont;With Traffic;Stop Sign;Thursday;Intersection;38;0;Two-Way, Not Divided;2 lanes;0;#NULL!;#NULL!;Smooth Asphalt;#NULL!;No Special Feature;Motorist Failed to Yield - Sign-Controlled Intersection;Local Street;B: Evident Injury;Mecklenburg;17;Clear;#NULL!;11-15 mph;20 - 25  MPH;2010;Daylight;0-19
35.974357071, -80.0182130362;"{""type"": ""Point"", ""coordinates"": [-80.01821303616144, 35.97435707102292]}";Black;High Point;Travel Lane;2;12;Urban (>70% Developed);Male;Police;0;#NULL!;0;0;White;No;0;40-49;Bicyclist Overtaking - Passing on Left;None;No;No;Dry;0;Urban;No;23SEP2010;0;12:57;Male;No;Commercial;C: Possible Injury;No;O: No Injury;4384;September;0;Straight - Level;Piedmont;With Traffic;No Control Present;Thursday;Non-Intersection;40;0;Two-Way, Not Divided;5 lanes;0;#NULL!;#NULL!;Smooth Asphalt;#NULL!;Driveway, Public;Bicyclist Overtaking Motorist;US Route;C: Possible Injury;Guilford;35;Clear;#NULL!;Unknown;30 - 35  MPH;2010;Daylight;30-39
35.4062719072, -81.2099333614;"{""type"": ""Point"", ""coordinates"": [-81.20993336139676, 35.40627190715749]}";Black;High Shoals;Travel Lane;2;6;Rural (<30% Developed);Male;Truck/Trailer;0;#NULL!;0;0;Black;No;0;30-39;Motorist Overtaking - Undetected Bicyclist;None;No;No;Wet;0;Rural;No;30SEP2010;0;6:35;Male;No;Farms, Woods, Pastures;B: Evident Injury;Yes;O: No Injury;4386;September;0;Straight - Grade;Piedmont;With Traffic;No Control Present;Thursday;Non-Intersection;38;0;Two-Way, Divided, Positive Median Barrier;4 lanes;0;#NULL!;#NULL!;Smooth Asphalt;#NULL!;No Special Feature;Motorist Overtaking Bicyclist;US Route;B: Evident Injury;Gaston;33;Clear;#NULL!;56-60 mph;60 - 75 MPH;2010;Dark - Roadway Not Lighted;30-39
35.0865089185, -78.9781726756;"{""type"": ""Point"", ""coordinates"": [-78.97817267560187, 35.08650891854435]}";White;Fayetteville;Travel Lane;2;15;Urban (>70% Developed);Female;Passenger Car;0;#NULL!;0;0;Black;No;0;20-24;Motorist Drive Out - Other Midblock;None;No;No;Dry;0;Urban;No;04OCT2010;0;15:24;Male;No;Commercial;C: Possible Injury;No;O: No Injury;4401;October;0;Straight - Level;Coastal;Facing Traffic;No Control Present;Monday;Non-Intersection;22;0;Two-Way, Not Divided;5 lanes;0;#NULL!;#NULL!;Coarse Asphalt;#NULL!;No Special Feature;Motorist Failed to Yield - Midblock;Local Street;C: Possible Injury;Cumberland;56;Clear;#NULL!;6-10 mph;40 - 45  MPH;2010;Daylight;50-59
35.7290769691, -81.3609934237;"{""type"": ""Point"", ""coordinates"": [-81.36099342370842, 35.729076969125465]}";White;Hickory;Travel Lane;2;12;Urban (>70% Developed);Male;Passenger Car;0;#NULL!;0;0;White;No;0;60-69;Motorist Drive Out - Signalized Intersection;None;No;No;Wet;0;Urban;No;27SEP2010;0;12:54;Male;No;Commercial;B: Evident Injury;Yes;O: No Injury;4402;September;0;Straight - Hillcrest;Piedmont;With Traffic;Stop And Go Signal;Monday;Intersection;62;0;One-Way, Not Divided;2 lanes;0;#NULL!;#NULL!;Coarse Asphalt;#NULL!;Four-Way Intersection;Motorist Failed to Yield - Signalized Intersection;Local Street;B: Evident Injury;Catawba;56;Cloudy;#NULL!;16-20 mph;30 - 35  MPH;2010;Daylight;50-59
34.238996767, -77.9316323173;"{""type"": ""Point"", ""coordinates"": [-77.93163231727362, 34.23899676702799]}";Black;Wilmington;Travel Lane;2;16;Urban (>70% Developed);Male;Van;0;#NULL!;0;0;Black;No;0;20-24;Bicyclist Overtaking - Passing on Right;None;No;No;Dry;0;Urban;No;21SEP2010;0;16:00;Male;No;Commercial;B: Evident Injury;Yes;O: No Injury;4403;September;0;Straight - Level;Coastal;With Traffic;No Control Present;Tuesday;Intersection-Related;23;0;Two-Way, Not Divided;2 lanes;0;#NULL!;#NULL!;Smooth Asphalt;#NULL!;No Special Feature;Bicyclist Overtaking Motorist;Local Street;B: Evident Injury;New Hanover;60;Clear;#NULL!;0-5 mph;20 - 25  MPH;2010;Daylight;60-69
35.8428950952, -78.5733285923;"{""type"": ""Point"", ""coordinates"": [-78.57332859228472, 35.842895095186606]}";Black;Raleigh;Sidewalk / Crosswalk / Driveway Crossing;2;17;Urban (>70% Developed);Male;Passenger Car;0;#NULL!;0;0;Black;No;0;11-15;Motorist Right Turn - Opposite Direction;None;No;No;Dry;0;Urban;No;02SEP2010;0;17:40;Female;No;Commercial;B: Evident Injury;Yes;O: No Injury;4415;September;0;Straight - Level;Piedmont;Facing Traffic;Stop And Go Signal;Thursday;Intersection;12;0;Two-Way, Not Divided;6 lanes;0;#NULL!;#NULL!;Smooth Asphalt;#NULL!;No Special Feature;Motorist Right Turn / Merge;Local Street;B: Evident Injury;Wake;22;Cloudy;#NULL!;Unknown;40 - 45  MPH;2010;Daylight;20-24
34.2390817701, -77.8520422941;"{""type"": ""Point"", ""coordinates"": [-77.85204229411951, 34.23908177009576]}";White;Wilmington;Non-Roadway;2;14;Urban (>70% Developed);Male;Passenger Car;0;#NULL!;0;0;Black;No;0;25-29;Crossing Paths - Intersection - Other / Unknown;None;No;No;Dry;0;Urban;No;23SEP2010;0;14:08;Male;No;Residential;B: Evident Injury;Yes;O: No Injury;4418;September;0;Straight - Level;Coastal;Not Applicable;No Control Present;Thursday;Intersection;25;0;Two-Way, Divided, Unprotected Median;5 lanes;0;#NULL!;#NULL!;Coarse Asphalt;#NULL!;No Special Feature;Crossing Paths - Other Circumstances;NC Route;B: Evident Injury;New Hanover;29;Clear;#NULL!;41-45 mph;40 - 45  MPH;2010;Daylight;25-29
35.8564770953, -78.6506226161;"{""type"": ""Point"", ""coordinates"": [-78.65062261607727, 35.85647709532198]}";White;Raleigh;Sidewalk / Crosswalk / Driveway Crossing;2;15;Urban (>70% Developed);Male;Passenger Car;0;#NULL!;0;0;White;No;0;16-19;Motorist Right Turn - Same Direction;None;No;No;Dry;0;Urban;No;07SEP2010;0;15:25;Male;No;Commercial;C: Possible Injury;Yes;O: No Injury;4428;September;0;Straight - Level;Piedmont;With Traffic;Stop And Go Signal;Tuesday;Intersection;16;0;Two-Way, Not Divided;5 lanes;0;#NULL!;#NULL!;Smooth Asphalt;#NULL!;No Special Feature;Motorist Right Turn / Merge;Local Street;C: Possible Injury;Wake;17;Clear;#NULL!;Unknown;30 - 35  MPH;2010;Daylight;0-19
36.2124090582, -81.6807595472;"{""type"": ""Point"", ""coordinates"": [-81.68075954718974, 36.21240905818879]}";White;Boone;Bike Lane / Paved Shoulder;2;8;Urban (>70% Developed);Male;Passenger Car;0;#NULL!;0;0;White;No;0;16-19;Motorist Left Turn - Opposite Direction;None;No;No;Wet;0;Urban;No;14OCT2010;0;8:01;Male;No;Institutional;B: Evident Injury;No;O: No Injury;4437;October;0;Straight - Level;Mountains;With Traffic;No Control Present;Thursday;Non-Intersection;19;0;Two-Way, Not Divided;4 lanes;0;#NULL!;#NULL!;Coarse Asphalt;#NULL!;No Special Feature;Motorist Left Turn / Merge;Local Street;B: Evident Injury;Watauga;22;Cloudy;#NULL!;11-15 mph;20 - 25  MPH;2010;Daylight;20-24
36.1005971171, -79.5092028899;"{""type"": ""Point"", ""coordinates"": [-79.50920288990706, 36.10059711705005]}";Other;Elon College;Travel Lane;2;7;Urban (>70% Developed);Male;Unknown;0;#NULL!;0;0;Black;No;0;25-29;Motorist Overtaking - Other / Unknown;None;No;No;Dry;0;Urban;Yes;15SEP2010;0;7:49;Female;No;Residential;O: No Injury;Yes;O: No Injury;4438;September;0;Straight - Level;Piedmont;With Traffic;No Control Present;Wednesday;Non-Intersection;26;0;Two-Way, Not Divided;2 lanes;0;#NULL!;#NULL!;Smooth Asphalt;#NULL!;No Special Feature;Motorist Overtaking Bicyclist;Local Street;Unknown Injury;Alamance;35;Clear;#NULL!;21-25 mph;20 - 25  MPH;2010;Dawn;30-39
35.271994895, -80.7440632147;"{""type"": ""Point"", ""coordinates"": [-80.74406321473289, 35.271994895032584]}";Black;Charlotte;Travel Lane;2;17;Urban (>70% Developed);Female;Sport Utility;0;#NULL!;0;0;Black;No;0;6-10;Unknown Approach Paths;None;No;No;Dry;0;Urban;No;08OCT2010;0;17:00;Female;No;Residential;C: Possible Injury;Yes;O: No Injury;4440;October;0;Straight - Level;Piedmont;Unknown;No Control Present;Friday;Non-Intersection;9;0;Two-Way, Not Divided;Unknown;0;#NULL!;#NULL!;Smooth Asphalt;#NULL!;No Special Feature;Other / Unknown - Insufficient Details;Local Street;C: Possible Injury;Mecklenburg;17;Clear;#NULL!;6-10 mph;20 - 25  MPH;2010;Daylight;0-19
35.9374800989, -79.0503227415;"{""type"": ""Point"", ""coordinates"": [-79.05032274147086, 35.93748009889542]}";Black;Chapel Hill;Travel Lane;2;15;Rural (<30% Developed);Male;Single Unit Truck (2-Axle, 6-Tire);0;#NULL!;0;0;White;No;0;6-10;Bicyclist Ride Through - Sign-Controlled Intersection;None;No;No;Dry;0;Urban;No;07OCT2010;0;15:13;Male;No;Residential;B: Evident Injury;Yes;O: No Injury;4442;October;0;Straight - Level;Piedmont;With Traffic;Stop Sign;Thursday;Intersection;10;0;Two-Way, Not Divided;2 lanes;0;#NULL!;#NULL!;Coarse Asphalt;#NULL!;Four-Way Intersection;Bicyclist Failed to Yield - Sign-Controlled Intersection;Local Street;B: Evident Injury;Orange;21;Clear;#NULL!;16-20 mph;20 - 25  MPH;2010;Daylight;20-24
34.6951768315, -79.0134626658;"{""type"": ""Point"", ""coordinates"": [-79.01346266584441, 34.695176831529814]}";Native American;Lumberton;Travel Lane;2;19;Rural (<30% Developed);Male;Sport Utility;0;#NULL!;0;0;Native American;No;0;50-59;Motorist Overtaking - Misjudged Space;None;No;No;Dry;0;Urban;No;07OCT2010;0;19:31;Female;No;Farms, Woods, Pastures;C: Possible Injury;Yes;O: No Injury;4452;October;0;Straight - Level;Coastal;With Traffic;No Control Present;Thursday;Intersection-Related;52;0;Two-Way, Not Divided;Unknown;0;#NULL!;#NULL!;Coarse Asphalt;#NULL!;No Special Feature;Motorist Overtaking Bicyclist;State Secondary Route;C: Possible Injury;Robeson;38;Clear;#NULL!;31-35 mph;40 - 45  MPH;2010;Dark - Lighted Roadway;30-39
35.784477081, -78.6346826077;"{""type"": ""Point"", ""coordinates"": [-78.63468260772781, 35.78447708104581]}";Black;Raleigh;Sidewalk / Crosswalk / Driveway Crossing;2;9;Urban (>70% Developed);Male;Passenger Car;0;#NULL!;0;0;Black;No;0;30-39;Crossing Paths - Intersection - Other / Unknown;None;No;No;Dry;0;Urban;No;15SEP2010;0;9:49;Male;No;Residential;C: Possible Injury;Yes;O: No Injury;4457;September;0;Straight - Level;Piedmont;With Traffic;No Control Present;Wednesday;Intersection;31;0;Two-Way, Not Divided;2 lanes;0;#NULL!;#NULL!;Smooth Asphalt;#NULL!;T-Intersection;Crossing Paths - Other Circumstances;Local Street;C: Possible Injury;Wake;54;Clear;#NULL!;0-5 mph;30 - 35  MPH;2010;Daylight;50-59
35.560096969, -80.4151431317;"{""type"": ""Point"", ""coordinates"": [-80.41514313168898, 35.56009696896248]}";White;Rockwell;Non-Roadway;2;18;Urban (>70% Developed);Male;Passenger Car;0;#NULL!;0;0;White;No;0;16-19;Bicyclist Ride Out - Commercial Driveway / Alley;None;No;No;Dry;0;Rural;No;12OCT2010;0;18:50;Male;No;Commercial;B: Evident Injury;Yes;O: No Injury;4462;October;0;Straight - Level;Piedmont;Not Applicable;No Control Present;Tuesday;Non-Intersection;18;0;Two-Way, Not Divided;3 lanes;0;#NULL!;#NULL!;Smooth Asphalt;#NULL!;Driveway, Public;Bicyclist Failed to Yield - Midblock;US Route;B: Evident Injury;Rowan;70+;Clear;#NULL!;31-35 mph;30 - 35  MPH;2010;Dusk;70+
36.3238102926, -75.8167017736;"{""type"": ""Point"", ""coordinates"": [-75.8167017736244, 36.32381029255089]}";White;None - Rural Crash;Bike Lane / Paved Shoulder;2;11;Mixed (30% To 70% Developed);Male;Sport Utility;0;#NULL!;0;0;Asian;No;0;30-39;Motorist Overtaking - Bicyclist Swerved;None;No;No;Dry;0;Rural;No;18JUN2007;0;11:00;Male;No;Residential;B: Evident Injury;Yes;O: No Injury;6935;June;0;Straight - Level;Coastal;With Traffic;No Control Present;Monday;Non-Intersection;38;0;Two-Way, Not Divided;2 lanes;0;#NULL!;#NULL!;Smooth Asphalt;#NULL!;No Special Feature;Motorist Overtaking Bicyclist;NC Route;B: Evident Injury;Currituck;68;Clear;#NULL!;36-40 mph;40 - 45  MPH;2007;Daylight;60-69
35.0853108573, -80.6966331901;"{""type"": ""Point"", ""coordinates"": [-80.69663319009003, 35.085310857310894]}";White;Stallings;Travel Lane;2;8;Urban (>70% Developed);Male;Pickup;0;#NULL!;0;0;Unknown/Missing;No;0;30-39;Motorist Overtaking - Other / Unknown;None;No;No;Dry;0;Urban;Yes;03OCT2007;0;8:35;Unknown;Missing;Commercial;O: No Injury;No;Unknown Injury;6941;October;0;Straight - Level;Piedmont;With Traffic;No Control Present;Wednesday;Non-Intersection;35;0;Two-Way, Not Divided;2 lanes;0;#NULL!;#NULL!;Smooth Asphalt;#NULL!;No Special Feature;Motorist Overtaking Bicyclist;Local Street;O: No Injury;Union;Unknown;Clear;#NULL!;11-15 mph;30 - 35  MPH;2007;Daylight;Unknown
36.0917311194, -79.3902768532;"{""type"": ""Point"", ""coordinates"": [-79.39027685317923, 36.09173111938391]}";Black;Burlington;Non-Roadway;2;14;Urban (>70% Developed);Male;Passenger Car;0;#NULL!;0;0;White;No;0;11-15;Non-Roadway;None;No;No;Dry;0;Urban;No;29JUN2007;0;14:37;Female;No;Commercial;B: Evident Injury;No;O: No Injury;6943;June;0;Straight - Level;Piedmont;Unknown;No Control Present;Friday;Non-Roadway;14;0;One-Way, Not Divided;Unknown;0;#NULL!;#NULL!;Smooth Asphalt;#NULL!;No Special Feature;Non-Roadway;Public Vehicular Area;B: Evident Injury;Alamance;35;Clear;#NULL!;6-10 mph;Unknown;2007;Daylight;30-39
35.2476468868, -80.8434332431;"{""type"": ""Point"", ""coordinates"": [-80.84343324310329, 35.247646886810905]}";Black;Charlotte;Travel Lane;2;19;Urban (>70% Developed);Male;Passenger Car;0;#NULL!;0;0;Black;No;0;50-59;Crossing Paths - Intersection - Other / Unknown;None;No;No;Dry;0;Urban;No;06OCT2007;0;19:18;Male;No;Residential;B: Evident Injury;Yes;O: No Injury;6960;October;0;Straight - Level;Piedmont;With Traffic;No Control Present;Saturday;Intersection;50;0;Two-Way, Divided, Unprotected Median;5 lanes;0;#NULL!;#NULL!;Coarse Asphalt;#NULL!;No Special Feature;Crossing Paths - Other Circumstances;Local Street;B: Evident Injury;Mecklenburg;35;Clear;#NULL!;31-35 mph;30 - 35  MPH;2007;Dark - Lighted Roadway;30-39
35.2698398774, -81.2144633553;"{""type"": ""Point"", ""coordinates"": [-81.2144633552807, 35.269839877353625]}";Hispanic;Gastonia;Travel Lane;2;19;Urban (>70% Developed);Male;Passenger Car;0;#NULL!;0;0;White;No;0;6-10;Bicyclist Left Turn - Same Direction;None;No;No;Dry;0;Urban;No;02JUL2007;0;19:44;Female;No;Residential;C: Possible Injury;Yes;O: No Injury;6961;July;0;Straight - Level;Piedmont;With Traffic;No Control Present;Monday;Non-Intersection;7;0;Two-Way, Not Divided;2 lanes;0;#NULL!;#NULL!;Smooth Asphalt;#NULL!;No Special Feature;Bicyclist Left Turn / Merge;Local Street;C: Possible Injury;Gaston;20;Clear;#NULL!;26-30 mph;30 - 35  MPH;2007;Daylight;20-24
35.9927272264, -75.6485017058;"{""type"": ""Point"", ""coordinates"": [-75.64850170584674, 35.99272722644288]}";White;Kill Devil Hills;Travel Lane;2;11;Urban (>70% Developed);Female;Passenger Car;0;#NULL!;0;0;Asian;No;0;20-24;Motorist Drive Out - Commercial Driveway / Alley;None;No;No;Dry;0;Urban;No;02JUL2007;0;11:48;Male;No;Commercial;B: Evident Injury;Yes;O: No Injury;6963;July;0;Straight - Level;Coastal;Facing Traffic;No Control Present;Monday;Non-Intersection;20;0;Two-Way, Not Divided;5 lanes;0;#NULL!;#NULL!;Coarse Asphalt;#NULL!;No Special Feature;Motorist Failed to Yield - Midblock;US Route;B: Evident Injury;Dare;49;Clear;#NULL!;0-5 mph;Unknown;2007;Daylight;40-49
35.9379771435, -77.7840673573;"{""type"": ""Point"", ""coordinates"": [-77.78406735731409, 35.93797714353636]}";Black;Rocky Mount;Travel Lane;2;11;Urban (>70% Developed);Male;Passenger Car;0;#NULL!;0;0;White;No;0;16-19;Bicyclist Ride Through - Sign-Controlled Intersection;None;No;No;Dry;0;Urban;No;02JUL2007;0;11:04;Female;No;Residential;C: Possible Injury;Yes;O: No Injury;6964;July;0;Straight - Level;Coastal;With Traffic;Stop Sign;Monday;Intersection;17;0;Two-Way, Not Divided;2 lanes;0;#NULL!;#NULL!;Smooth Asphalt;#NULL!;Four-Way Intersection;Bicyclist Failed to Yield - Sign-Controlled Intersection;Local Street;C: Possible Injury;Edgecombe;70+;Clear;#NULL!;16-20 mph;30 - 35  MPH;2007;Daylight;70+
35.4213589327, -80.5907131767;"{""type"": ""Point"", ""coordinates"": [-80.59071317672486, 35.421358932658556]}";White;Concord;Sidewalk / Crosswalk / Driveway Crossing;2;17;Urban (>70% Developed);Male;Unknown;0;#NULL!;0;0;Unknown/Missing;No;0;11-15;Motorist Right Turn - Opposite Direction;None;No;No;Dry;0;Urban;Yes;03JUL2007;0;17:36;Unknown;Missing;Commercial;C: Possible Injury;Yes;Unknown Injury;6965;July;0;Straight - Level;Piedmont;Facing Traffic;Stop Sign;Tuesday;Intersection;15;0;Two-Way, Not Divided;2 lanes;0;#NULL!;#NULL!;Coarse Asphalt;#NULL!;T-Intersection;Motorist Right Turn / Merge;Local Street;C: Possible Injury;Cabarrus;Unknown;Clear;#NULL!;6-10 mph;30 - 35  MPH;2007;Daylight;Unknown
35.993091116, -78.8990326989;"{""type"": ""Point"", ""coordinates"": [-78.89903269893655, 35.99309111604529]}";Black;Durham;Sidewalk / Crosswalk / Driveway Crossing;2;11;Urban (>70% Developed);Male;Sport Utility;0;#NULL!;0;0;Black;No;0;16-19;Bicyclist Lost Control - Other / Unknown;None;No;No;Dry;0;Urban;No;08OCT2007;0;11:55;Male;No;Commercial;B: Evident Injury;Yes;O: No Injury;6968;October;0;Straight - Grade;Piedmont;Facing Traffic;No Control Present;Monday;Non-Intersection;17;0;One-Way, Not Divided;2 lanes;0;#NULL!;#NULL!;Smooth Asphalt;#NULL!;No Special Feature;Loss of Control / Turning Error;Local Street;B: Evident Injury;Durham;47;Clear;#NULL!;11-15 mph;30 - 35  MPH;2007;Daylight;40-49
36.301879288, -75.8045417687;"{""type"": ""Point"", ""coordinates"": [-75.80454176872253, 36.3018792879928]}";White;None - Rural Crash;Bike Lane / Paved Shoulder;2;12;Mixed (30% To 70% Developed);Male;Sport Utility;0;#NULL!;0;0;White;No;0;16-19;Motorist Drive Out - Sign-Controlled Intersection;None;No;No;Dry;0;Rural;No;05JUL2007;0;12:27;Male;No;Commercial;C: Possible Injury;Yes;O: No Injury;6970;July;0;Straight - Level;Coastal;With Traffic;Stop Sign;Thursday;Intersection;19;0;Two-Way, Not Divided;2 lanes;0;#NULL!;#NULL!;Smooth Asphalt;#NULL!;T-Intersection;Motorist Failed to Yield - Sign-Controlled Intersection;NC Route;C: Possible Injury;Currituck;53;Clear;#NULL!;6-10 mph;5 - 15 MPH;2007;Daylight;50-59
35.291466898, -80.7970432321;"{""type"": ""Point"", ""coordinates"": [-80.79704323214506, 35.29146689800329]}";Black;Charlotte;Travel Lane;2;14;Urban (>70% Developed);Male;Van;0;#NULL!;0;0;White;No;0;40-49;Motorist Drive Out - Midblock - Unknown;None;No;No;Dry;0;Urban;No;07OCT2007;0;14:53;Male;No;Commercial;B: Evident Injury;Yes;O: No Injury;6975;October;0;Straight - Level;Piedmont;Facing Traffic;No Control Present;Sunday;Non-Intersection;46;0;Two-Way, Not Divided;4 lanes;0;#NULL!;#NULL!;Smooth Asphalt;#NULL!;No Special Feature;Motorist Failed to Yield - Midblock;Local Street;B: Evident Injury;Mecklenburg;70+;Clear;#NULL!;0-5 mph;40 - 45  MPH;2007;Daylight;70+
33.9098386886, -78.0954763517;"{""type"": ""Point"", ""coordinates"": [-78.09547635174854, 33.90983868860804]}";White;Oak Island;Sidewalk / Crosswalk / Driveway Crossing;2;18;Urban (>70% Developed);Male;Sport Utility;0;#NULL!;0;0;White;No;0;16-19;Motorist Drive Out - Sign-Controlled Intersection;None;No;No;Dry;0;Urban;No;06JUL2007;0;18:14;Male;No;Residential;C: Possible Injury;No;O: No Injury;6976;July;0;Straight - Level;Coastal;Facing Traffic;Stop Sign;Friday;Intersection;16;0;Two-Way, Not Divided;2 lanes;0;#NULL!;#NULL!;Smooth Asphalt;#NULL!;Four-Way Intersection;Motorist Failed to Yield - Sign-Controlled Intersection;Local Street;C: Possible Injury;Brunswick;63;Clear;#NULL!;0-5 mph;20 - 25  MPH;2007;Daylight;60-69
35.8935851041, -78.624112611;"{""type"": ""Point"", ""coordinates"": [-78.62411261100138, 35.893585104074084]}";White;Raleigh;Sidewalk / Crosswalk / Driveway Crossing;2;18;Urban (>70% Developed);Male;Passenger Car;0;#NULL!;0;0;Black;No;0;60-69;Motorist Drive Out - Sign-Controlled Intersection;None;No;No;Dry;0;Urban;No;09JUL2007;0;18:34;Female;No;Commercial;B: Evident Injury;No;O: No Injury;6984;July;0;Straight - Level;Piedmont;Facing Traffic;Stop Sign;Monday;Intersection;60;0;Two-Way, Not Divided;2 lanes;0;#NULL!;#NULL!;Smooth Asphalt;#NULL!;T-Intersection;Motorist Failed to Yield - Sign-Controlled Intersection;Local Street;B: Evident Injury;Wake;30;Clear;#NULL!;16-20 mph;30 - 35  MPH;2007;Daylight;30-39
35.9052040917, -79.0551127419;"{""type"": ""Point"", ""coordinates"": [-79.05511274189364, 35.905204091726404]}";Asian;Chapel Hill;Travel Lane;2;17;Urban (>70% Developed);Male;Passenger Car;0;#NULL!;0;0;White;No;0;30-39;Bicyclist Turning Error - Left Turn;None;No;No;Wet;0;Urban;No;10JUL2007;0;17:24;Male;No;Residential;C: Possible Injury;Yes;O: No Injury;6985;July;0;Straight - Level;Piedmont;Facing Traffic;Stop Sign;Tuesday;Intersection;34;0;Two-Way, Not Divided;2 lanes;0;#NULL!;#NULL!;Smooth Asphalt;#NULL!;T-Intersection;Loss of Control / Turning Error;Local Street;C: Possible Injury;Orange;39;Rain;#NULL!;0-5 mph;20 - 25  MPH;2007;Daylight;30-39