Geo Point;Geo Shape;BikeRace;City;BikePos;NumUnits;CrashHour;Locality;BikeSex;DrvrVehTyp;NumBikesNo;BikeAlcDrg;NumBikesBI;RteInvdCd;DrvrRace;Workzone;NumBikesCi;BikeAgeGrp;CrashType;RdDefects;CrashAlcoh;BikeAlcoho;RdConditio;DstncMiFrm;RuralUrban;HitRun;CrashDate;NumBikesUI;CrashTime;DrvrSex;DrvrAlcoho;Developmen;CrashSevr;AmbulanceR;DrvrInjury;OBJECTID;CrashMonth;NumBikesKi;RdCharacte;Region;BikeDir;TraffCntrl;CrashDay;CrashLoc;BikeAge;NumBikesTo;RdConfig;NumLanes;NumBikesAI;DrvrAlcDrg;OnRoad;RdSurface;Towrd_Rd;RdFeature;CrashGrp;RdClass;BikeInjury;County;DrvrAge;Weather;FrmRd;DrvrEstSpd;SpeedLimit;CrashYear;LightCond;DrvrAgeGrp
35.7543710749, -78.6144326006;"{""type"": ""Point"", ""coordinates"": [-78.61443260055539, 35.75437107487158]}";Black;Raleigh;Non-Roadway;2;17;Urban (>70% Developed);Male;Passenger Car;0;#NULL!;0;0;White;No;0;11-15;Non-Roadway;None;No;No;Dry;0;Urban;No;12JUL2007;0;17:20;Male;No;Commercial;C: Possible Injury;Yes;O: No Injury;6993;July;0;Straight - Grade;Piedmont;Unknown;No Control Present;Thursday;Non-Roadway;12;0;Two-Way, Not Divided;Unknown;0;#NULL!;#NULL!;Coarse Asphalt;#NULL!;No Special Feature;Non-Roadway;Public Vehicular Area;C: Possible Injury;Wake;55;Clear;#NULL!;0-5 mph;5 - 15 MPH;2007;Daylight;50-59
35.1961238758, -80.8278692354;"{""type"": ""Point"", ""coordinates"": [-80.82786923535386, 35.19612387583512]}";White;Charlotte;Travel Lane;2;18;Urban (>70% Developed);Male;Sport Utility;0;#NULL!;0;0;White;No;0;30-39;Motorist Right Turn - Same Direction;None;No;No;Dry;0;Urban;No;17OCT2007;0;18:41;Male;No;Residential;C: Possible Injury;No;O: No Injury;6999;October;0;Curve - Grade;Piedmont;With Traffic;Stop Sign;Wednesday;Intersection;31;0;Two-Way, Divided, Unprotected Median;4 lanes;0;#NULL!;#NULL!;Smooth Asphalt;#NULL!;T-Intersection;Motorist Right Turn / Merge;Local Street;C: Possible Injury;Mecklenburg;51;Clear;#NULL!;0-5 mph;30 - 35  MPH;2007;Daylight;50-59
35.5740071418, -75.4635256282;"{""type"": ""Point"", ""coordinates"": [-75.46352562817212, 35.57400714180434]}";White;None - Rural Crash;Driveway / Alley;2;20;Urban (>70% Developed);Male;Passenger Car;0;#NULL!;0;0;Black;No;0;20-24;Bicyclist Ride Out - Commercial Driveway / Alley;None;Yes;No;Dry;0;Rural;No;01JUL2007;0;20:40;Male;Yes;Residential;C: Possible Injury;Yes;O: No Injury;7002;July;0;Straight - Level;Coastal;Not Applicable;No Control Present;Sunday;Non-Intersection;24;0;Two-Way, Not Divided;2 lanes;0;#NULL!;#NULL!;Coarse Asphalt;#NULL!;T-Intersection;Bicyclist Failed to Yield - Midblock;Public Vehicular Area;C: Possible Injury;Dare;24;Clear;#NULL!;0-5 mph;5 - 15 MPH;2007;Dusk;20-24
36.2879902455, -76.9867881317;"{""type"": ""Point"", ""coordinates"": [-76.98678813170378, 36.2879902454682]}";Black;Ahoskie;Non-Roadway;2;17;Urban (>70% Developed);Male;Passenger Car;0;#NULL!;0;0;Black;No;0;6-10;Bicyclist Ride Out - Other Midblock;None;No;No;Dry;0;Rural;No;02JUL2007;0;17:48;Female;No;Residential;B: Evident Injury;Yes;O: No Injury;7003;July;0;Straight - Level;Coastal;Not Applicable;No Control Present;Monday;Non-Intersection;10;0;Two-Way, Not Divided;2 lanes;0;#NULL!;#NULL!;Smooth Asphalt;#NULL!;No Special Feature;Bicyclist Failed to Yield - Midblock;Local Street;B: Evident Injury;Hertford;46;Clear;#NULL!;16-20 mph;20 - 25  MPH;2007;Daylight;40-49
34.3043627769, -78.0771723651;"{""type"": ""Point"", ""coordinates"": [-78.07717236512417, 34.30436277687465]}";Black;None - Rural Crash;Travel Lane;2;23;Rural (<30% Developed);Male;Unknown;0;#NULL!;0;0;Unknown/Missing;No;0;30-39;Motorist Overtaking - Undetected Bicyclist;None;No;No;Dry;0;Rural;Yes;03JUL2007;0;23:07;Unknown;Missing;Farms, Woods, Pastures;B: Evident Injury;Yes;Unknown Injury;7004;July;0;Straight - Level;Coastal;With Traffic;Double Yellow Line, No Passing Zone;Tuesday;Non-Intersection;36;0;Two-Way, Not Divided;2 lanes;0;#NULL!;#NULL!;Smooth Asphalt;#NULL!;No Special Feature;Motorist Overtaking Bicyclist;State Secondary Route;B: Evident Injury;Brunswick;Unknown;Clear;#NULL!;36-40 mph;50 - 55  MPH;2007;Dark - Roadway Not Lighted;Unknown
35.1875368738, -80.852809243;"{""type"": ""Point"", ""coordinates"": [-80.85280924298345, 35.187536873773766]}";White;Charlotte;Sidewalk / Crosswalk / Driveway Crossing;2;7;Urban (>70% Developed);Male;Van;0;#NULL!;0;0;White;No;0;40-49;Motorist Left Turn - Same Direction;None;No;No;Wet;0;Urban;No;24OCT2007;0;7:58;Female;No;Institutional;B: Evident Injury;Yes;O: No Injury;7019;October;0;Straight - Level;Piedmont;Facing Traffic;No Control Present;Wednesday;Intersection;46;0;Two-Way, Not Divided;4 lanes;0;#NULL!;#NULL!;Smooth Asphalt;#NULL!;No Special Feature;Motorist Left Turn / Merge;Local Street;B: Evident Injury;Mecklenburg;43;Cloudy;#NULL!;0-5 mph;30 - 35  MPH;2007;Daylight;40-49
36.017501085, -79.8931830005;"{""type"": ""Point"", ""coordinates"": [-79.89318300049084, 36.01750108495809]}";White;None - Rural Crash;Travel Lane;2;12;Urban (>70% Developed);Female;Passenger Car;0;#NULL!;0;0;White;No;0;20-24;Bicyclist Right Turn - Same Direction;None;No;No;Dry;0;Rural;No;20JUL2007;0;12:47;Male;No;Residential;C: Possible Injury;No;O: No Injury;7024;July;0;Straight - Level;Piedmont;Unknown;No Control Present;Friday;Non-Intersection;20;0;Two-Way, Not Divided;3 lanes;0;#NULL!;#NULL!;Smooth Asphalt;#NULL!;No Special Feature;Bicyclist Right Turn / Merge;State Secondary Route;C: Possible Injury;Guilford;36;Clear;#NULL!;41-45 mph;40 - 45  MPH;2007;Daylight;30-39
36.3794672127, -78.4881825955;"{""type"": ""Point"", ""coordinates"": [-78.48818259548584, 36.37946721266396]}";Black;None - Rural Crash;Travel Lane;2;18;Rural (<30% Developed);Female;Passenger Car;0;#NULL!;0;0;Black;No;0;6-10;Bicyclist Lost Control - Other / Unknown;None;No;No;Dry;0;Rural;No;24JUL2007;0;18:04;Male;No;Residential;B: Evident Injury;Yes;O: No Injury;7040;July;0;Straight - Level;Piedmont;With Traffic;Double Yellow Line, No Passing Zone;Tuesday;Non-Intersection;9;0;Two-Way, Not Divided;2 lanes;0;#NULL!;#NULL!;Coarse Asphalt;#NULL!;No Special Feature;Loss of Control / Turning Error;State Secondary Route;B: Evident Injury;Vance;16;Clear;#NULL!;0-5 mph;30 - 35  MPH;2007;Daylight;0-19
36.3972871794, -79.5029779044;"{""type"": ""Point"", ""coordinates"": [-79.50297790444856, 36.3972871793662]}";White;None - Rural Crash;Travel Lane;3;20;Rural (<30% Developed);Male;Unknown;0;#NULL!;0;0;Unknown/Missing;No;0;20-24;Head-On - Motorist;None;No;No;Dry;0;Rural;Yes;26JUL2007;0;20:19;Unknown;Missing;Farms, Woods, Pastures;B: Evident Injury;Yes;Unknown Injury;7051;July;0;Curve - Level;Piedmont;With Traffic;Double Yellow Line, No Passing Zone;Thursday;Intersection;20;0;Two-Way, Not Divided;2 lanes;0;#NULL!;#NULL!;Smooth Asphalt;#NULL!;No Special Feature;Head-On;State Secondary Route;B: Evident Injury;Caswell;Unknown;Clear;#NULL!;51-55 mph;50 - 55  MPH;2007;Dusk;Unknown
34.2367927667, -77.9289323167;"{""type"": ""Point"", ""coordinates"": [-77.92893231673936, 34.2367927666694]}";White;Wilmington;Sidewalk / Crosswalk / Driveway Crossing;2;1;Urban (>70% Developed);Male;Passenger Car;0;#NULL!;0;0;Black;No;0;11-15;Bicyclist Ride Out - Signalized  Intersection;None;Yes;Yes;Dry;0;Urban;No;28JUL2007;0;1:25;Male;No;Commercial;B: Evident Injury;Yes;O: No Injury;7061;July;0;Straight - Level;Coastal;Facing Traffic;Stop And Go Signal;Saturday;Intersection;15;0;Two-Way, Not Divided;2 lanes;0;#NULL!;#NULL!;Coarse Asphalt;#NULL!;Four-Way Intersection;Bicyclist Failed to Yield - Signalized Intersection;Local Street;B: Evident Injury;New Hanover;21;Clear;#NULL!;31-35 mph;30 - 35  MPH;2007;Dark - Lighted Roadway;20-24
35.8139670776, -78.9069466914;"{""type"": ""Point"", ""coordinates"": [-78.90694669141692, 35.813967077605675]}";White;Cary;Travel Lane;2;10;Urban (>70% Developed);Male;Passenger Car;0;#NULL!;0;0;White;Yes;0;16-19;Motorist Drive Out - Sign-Controlled Intersection;None;No;No;Dry;0;Urban;No;20OCT2007;0;10:30;Male;No;Residential;B: Evident Injury;Yes;O: No Injury;7064;October;0;Straight - Grade;Piedmont;With Traffic;Stop Sign;Saturday;Intersection;19;0;Two-Way, Not Divided;2 lanes;0;#NULL!;#NULL!;Coarse Asphalt;#NULL!;Four-Way Intersection;Motorist Failed to Yield - Sign-Controlled Intersection;Local Street;B: Evident Injury;Wake;47;Clear;#NULL!;16-20 mph;20 - 25  MPH;2007;Daylight;40-49
35.9651411225, -78.559032595;"{""type"": ""Point"", ""coordinates"": [-78.55903259498454, 35.96514112246621]}";White;Raleigh;Non-Roadway;2;20;Urban (>70% Developed);Female;Unknown;0;#NULL!;0;0;Unknown/Missing;No;0;40-49;Non-Roadway;None;No;No;Dry;0;Urban;Yes;30JUL2007;0;20:03;Unknown;Missing;Residential;C: Possible Injury;No;Unknown Injury;7070;July;0;Straight - Level;Piedmont;Unknown;No Control Present;Monday;Non-Roadway;47;0;Two-Way, Not Divided;Unknown;0;#NULL!;#NULL!;Smooth Asphalt;#NULL!;No Special Feature;Non-Roadway;Public Vehicular Area;C: Possible Injury;Wake;Unknown;Clear;#NULL!;6-10 mph;20 - 25  MPH;2007;Daylight;Unknown
36.0349842351, -75.6737517157;"{""type"": ""Point"", ""coordinates"": [-75.67375171568075, 36.03498423507898]}";White;Kill Devil Hills;Sidewalk / Crosswalk / Driveway Crossing;2;20;Urban (>70% Developed);Female;Sport Utility;0;#NULL!;0;0;White;No;0;20-24;Motorist Drive Out - Commercial Driveway / Alley;Unknown;No;No;Dry;0;Urban;No;29JUL2007;0;20:28;Female;No;Commercial;B: Evident Injury;Yes;O: No Injury;7071;July;0;Straight - Level;Coastal;Facing Traffic;No Control Present;Sunday;Non-Intersection;22;0;Two-Way, Not Divided;Unknown;0;#NULL!;#NULL!;Concrete;#NULL!;Driveway, Public;Motorist Failed to Yield - Midblock;Public Vehicular Area;B: Evident Injury;Dare;36;Clear;#NULL!;0-5 mph;5 - 15 MPH;2007;Other;30-39
35.8508071497, -77.044268127;"{""type"": ""Point"", ""coordinates"": [-77.04426812701519, 35.85080714971681]}";Black;None - Rural Crash;Travel Lane;2;21;Urban (>70% Developed);Male;Police;0;#NULL!;0;0;White;No;0;Unknown;Bicyclist Left Turn - Opposite Direction;None;No;No;Dry;0;Rural;No;31JUL2007;0;21:12;Male;No;Residential;C: Possible Injury;No;O: No Injury;7075;July;0;Straight - Level;Coastal;With Traffic;No Control Present;Tuesday;Non-Intersection;Unknown;0;Two-Way, Not Divided;2 lanes;0;#NULL!;#NULL!;Smooth Asphalt;#NULL!;Driveway, Private;Bicyclist Left Turn / Merge;Local Street;C: Possible Injury;Martin;25;Clear;#NULL!;6-10 mph;30 - 35  MPH;2007;Daylight;25-29
36.0517370962, -79.7977429743;"{""type"": ""Point"", ""coordinates"": [-79.79774297433757, 36.051737096166136]}";Black;Greensboro;Travel Lane;2;23;Urban (>70% Developed);Male;Sport Utility;0;#NULL!;0;0;Black;No;0;30-39;Bicyclist Failed to Clear - Trapped;None;No;No;Dry;0;Urban;No;31JUL2007;0;23:50;Male;No;Residential;C: Possible Injury;Yes;O: No Injury;7078;July;0;Straight - Level;Piedmont;With Traffic;Stop And Go Signal;Tuesday;Intersection;33;0;Two-Way, Divided, Positive Median Barrier;6 lanes;0;#NULL!;#NULL!;Coarse Asphalt;#NULL!;No Special Feature;Bicyclist Failed to Yield - Signalized Intersection;Local Street;C: Possible Injury;Guilford;54;Clear;#NULL!;6-10 mph;30 - 35  MPH;2007;Dark - Lighted Roadway;50-59
35.5903869017, -82.3645237134;"{""type"": ""Point"", ""coordinates"": [-82.36452371337695, 35.59038690174641]}";White;None - Rural Crash;Travel Lane;2;19;Urban (>70% Developed);Male;Passenger Car;0;#NULL!;0;0;White;No;0;11-15;Bicyclist Ride Through - Sign-Controlled Intersection;None;No;No;Dry;0;Rural;No;01AUG2007;0;19:31;Male;No;Residential;B: Evident Injury;No;O: No Injury;7079;August;0;Straight - Grade;Mountains;Facing Traffic;Stop Sign;Wednesday;Intersection;14;0;Two-Way, Not Divided;2 lanes;0;#NULL!;#NULL!;Coarse Asphalt;#NULL!;T-Intersection;Bicyclist Failed to Yield - Sign-Controlled Intersection;Public Vehicular Area;B: Evident Injury;Buncombe;19;Clear;#NULL!;16-20 mph;Unknown;2007;Daylight;0-19
35.8171970299, -80.2426530949;"{""type"": ""Point"", ""coordinates"": [-80.2426530948665, 35.81719702987843]}";Black;Lexington;Sidewalk / Crosswalk / Driveway Crossing;2;0;Urban (>70% Developed);Male;Sport Utility;0;#NULL!;0;0;White;No;0;30-39;Motorist Drive Out - Commercial Driveway / Alley;None;No;No;Dry;0;Urban;No;09JUL2007;0;0:01;Female;No;Commercial;A: Disabling Injury;Yes;O: No Injury;7083;July;0;Straight - Level;Piedmont;Facing Traffic;No Control Present;Monday;Non-Intersection;30;0;Two-Way, Divided, Unprotected Median;Unknown;0;#NULL!;#NULL!;Smooth Asphalt;#NULL!;No Special Feature;Motorist Failed to Yield - Midblock;Public Vehicular Area;A: Disabling Injury;Davidson;53;Clear;#NULL!;0-5 mph;5 - 15 MPH;2007;Daylight;50-59
36.2902292717, -76.2242918976;"{""type"": ""Point"", ""coordinates"": [-76.2242918975708, 36.29022927167463]}";Black;Elizabeth City;Unknown;2;17;Urban (>70% Developed);Female;Pickup;0;#NULL!;0;0;Black;No;0;11-15;Bicyclist Ride Out - Sign-Controlled Intersection;None;No;No;Dry;0;Urban;No;02AUG2007;0;17:00;Female;No;Residential;C: Possible Injury;No;O: No Injury;7084;August;0;Straight - Level;Coastal;Unknown;Stop Sign;Thursday;Intersection;13;0;Two-Way, Not Divided;2 lanes;0;#NULL!;#NULL!;Concrete;#NULL!;Four-Way Intersection;Bicyclist Failed to Yield - Sign-Controlled Intersection;Local Street;C: Possible Injury;Pasquotank;34;Clear;#NULL!;21-25 mph;20 - 25  MPH;2007;Daylight;30-39
35.5143849386, -80.9755532975;"{""type"": ""Point"", ""coordinates"": [-80.97555329745605, 35.51438493860474]}";White;None - Rural Crash;Travel Lane;2;20;Urban (>70% Developed);Female;Passenger Car;0;#NULL!;0;0;White;No;0;6-10;Motorist Overtaking - Bicyclist Swerved;None;No;No;Dry;0;Rural;No;05AUG2007;0;20:03;Male;No;Residential;B: Evident Injury;Yes;O: No Injury;7091;August;0;Straight - Level;Piedmont;With Traffic;No Control Present;Sunday;Non-Intersection;7;0;Two-Way, Not Divided;2 lanes;0;#NULL!;#NULL!;Coarse Asphalt;#NULL!;No Special Feature;Motorist Overtaking Bicyclist;State Secondary Route;B: Evident Injury;Lincoln;19;Clear;#NULL!;6-10 mph;40 - 45  MPH;2007;Daylight;0-19
35.7673570771, -78.6404126092;"{""type"": ""Point"", ""coordinates"": [-78.64041260919643, 35.767357077136616]}";Black;Raleigh;Travel Lane;2;20;Urban (>70% Developed);Male;Passenger Car;0;#NULL!;0;0;Black;No;0;11-15;Bicyclist Overtaking - Passing on Right;None;No;No;Dry;0;Urban;No;06AUG2007;0;20:37;Female;No;Residential;C: Possible Injury;Yes;O: No Injury;7094;August;0;Straight - Level;Piedmont;With Traffic;No Control Present;Monday;Non-Intersection;11;0;Two-Way, Not Divided;2 lanes;0;#NULL!;#NULL!;Smooth Asphalt;#NULL!;No Special Feature;Bicyclist Overtaking Motorist;Local Street;C: Possible Injury;Wake;25;Clear;#NULL!;11-15 mph;20 - 25  MPH;2007;Dark - Lighted Roadway;25-29
36.0550420964, -79.7961069736;"{""type"": ""Point"", ""coordinates"": [-79.79610697356487, 36.05504209637127]}";Black;Greensboro;Travel Lane;2;22;Urban (>70% Developed);Male;Unknown;0;#NULL!;0;0;Unknown/Missing;No;0;16-19;Crossing Paths - Intersection - Other / Unknown;None;No;No;Dry;0;Urban;Yes;08AUG2007;0;22:31;Unknown;Missing;Residential;C: Possible Injury;No;Unknown Injury;7102;August;0;Straight - Level;Piedmont;With Traffic;No Control Present;Wednesday;Intersection;16;0;Two-Way, Not Divided;2 lanes;0;#NULL!;#NULL!;Smooth Asphalt;#NULL!;No Special Feature;Crossing Paths - Other Circumstances;Local Street;C: Possible Injury;Guilford;Unknown;Clear;#NULL!;0-5 mph;30 - 35  MPH;2007;Dark - Lighted Roadway;Unknown
35.8414670841, -78.8929126895;"{""type"": ""Point"", ""coordinates"": [-78.89291268950504, 35.84146708414078]}";White;None - Rural Crash;Travel Lane;2;6;Rural (<30% Developed);Male;Pickup;0;#NULL!;0;0;White;Yes;0;50-59;Motorist Left Turn - Opposite Direction;None;No;No;Dry;0;Rural;No;09AUG2007;0;6:48;Male;No;Farms, Woods, Pastures;B: Evident Injury;Yes;O: No Injury;7105;August;0;Curve - Grade;Piedmont;With Traffic;Double Yellow Line, No Passing Zone;Thursday;Non-Intersection;57;0;Two-Way, Not Divided;2 lanes;0;#NULL!;#NULL!;Smooth Asphalt;#NULL!;T-Intersection;Motorist Left Turn / Merge;State Secondary Route;B: Evident Injury;Wake;47;Clear;#NULL!;6-10 mph;40 - 45  MPH;2007;Dusk;40-49
34.9644309235, -78.0505323883;"{""type"": ""Point"", ""coordinates"": [-78.050532388272, 34.964430923517014]}";Black;None - Rural Crash;Travel Lane;2;8;Rural (<30% Developed);Male;Passenger Car;0;#NULL!;0;0;Black;No;0;40-49;Bicyclist Right Turn - Same Direction;None;No;No;Dry;0;Rural;No;09AUG2007;0;8:16;Male;No;Farms, Woods, Pastures;C: Possible Injury;Yes;O: No Injury;7107;August;0;Straight - Level;Coastal;Facing Traffic;No Control Present;Thursday;Non-Intersection;41;0;Two-Way, Not Divided;2 lanes;0;#NULL!;#NULL!;Coarse Asphalt;#NULL!;No Special Feature;Bicyclist Right Turn / Merge;State Secondary Route;C: Possible Injury;Duplin;24;Clear;#NULL!;51-55 mph;50 - 55  MPH;2007;Daylight;20-24
35.0594769164, -78.8514926355;"{""type"": ""Point"", ""coordinates"": [-78.85149263548976, 35.05947691639852]}";Black;Fayetteville;Bike Lane / Paved Shoulder;2;5;Urban (>70% Developed);Male;Pickup;0;#NULL!;0;0;White;No;0;50-59;Motorist Overtaking - Other / Unknown;None;No;No;Dry;0;Urban;No;10AUG2007;0;5:03;Male;No;Commercial;B: Evident Injury;Yes;O: No Injury;7109;August;0;Straight - Level;Coastal;With Traffic;No Control Present;Friday;Non-Intersection;50;0;Two-Way, Divided, Positive Median Barrier;4 lanes;0;#NULL!;#NULL!;Coarse Asphalt;#NULL!;No Special Feature;Motorist Overtaking Bicyclist;Local Street;B: Evident Injury;Cumberland;45;Clear;#NULL!;41-45 mph;40 - 45  MPH;2007;Dark - Roadway Not Lighted;40-49
35.2966838752, -81.4383334231;"{""type"": ""Point"", ""coordinates"": [-81.4383334231209, 35.29668387515305]}";White;None - Rural Crash;Travel Lane;2;7;Rural (<30% Developed);Female;Pickup;0;#NULL!;0;0;White;No;0;30-39;Motorist Overtaking - Misjudged Space;None;No;No;Dry;0;Rural;No;13AUG2007;0;7:20;Male;No;Farms, Woods, Pastures;C: Possible Injury;No;O: No Injury;7115;August;0;Straight - Level;Mountains;With Traffic;Double Yellow Line, No Passing Zone;Monday;Non-Intersection;33;0;Two-Way, Not Divided;2 lanes;0;#NULL!;#NULL!;Smooth Asphalt;#NULL!;No Special Feature;Motorist Overtaking Bicyclist;State Secondary Route;C: Possible Injury;Cleveland;22;Clear;#NULL!;36-40 mph;40 - 45  MPH;2007;Daylight;20-24
35.855507098, -78.5809225955;"{""type"": ""Point"", ""coordinates"": [-78.58092259553351, 35.85550709795829]}";Black;Raleigh;Driveway / Alley;2;12;Urban (>70% Developed);Male;Passenger Car;0;#NULL!;0;0;White;No;0;11-15;Bicyclist Ride Through - Signalized Intersection;None;No;No;Dry;0;Urban;No;10AUG2007;0;12:10;Female;No;Commercial;B: Evident Injury;Yes;O: No Injury;7125;August;0;Straight - Level;Piedmont;Facing Traffic;Stop And Go Signal;Friday;Intersection;12;0;Two-Way, Divided, Unprotected Median;8 lanes;0;#NULL!;#NULL!;Smooth Asphalt;#NULL!;Driveway, Public;Bicyclist Failed to Yield - Signalized Intersection;Local Street;B: Evident Injury;Wake;70+;Clear;#NULL!;0-5 mph;40 - 45  MPH;2007;Daylight;70+
35.2633368896, -80.8632832496;"{""type"": ""Point"", ""coordinates"": [-80.86328324962628, 35.263336889568805]}";Black;Charlotte;Travel Lane;2;10;Urban (>70% Developed);Male;Passenger Car;0;#NULL!;0;0;Black;No;0;30-39;Head-On - Bicyclist;None;No;No;Dry;0;Urban;No;20NOV2007;0;10:26;Male;No;Residential;B: Evident Injury;Yes;O: No Injury;7127;November;0;Straight - Level;Piedmont;Facing Traffic;No Control Present;Tuesday;Non-Intersection;39;0;Two-Way, Not Divided;2 lanes;0;#NULL!;#NULL!;Smooth Asphalt;#NULL!;No Special Feature;Head-On;Local Street;B: Evident Injury;Mecklenburg;25;Clear;#NULL!;31-35 mph;20 - 25  MPH;2007;Daylight;25-29
35.7230640933, -77.9043923827;"{""type"": ""Point"", ""coordinates"": [-77.9043923827386, 35.72306409326035]}";Black;Wilson;Unknown;2;16;Urban (>70% Developed);Male;Unknown;0;#NULL!;0;0;Unknown/Missing;No;0;25-29;Signalized Intersection - Other / Unknown;None;No;No;Dry;0;Urban;Yes;14AUG2007;0;16:18;Unknown;Missing;Residential;B: Evident Injury;Yes;Unknown Injury;7128;August;0;Straight - Level;Coastal;Facing Traffic;Stop And Go Signal;Tuesday;Intersection;26;0;Two-Way, Not Divided;3 lanes;0;#NULL!;#NULL!;Coarse Asphalt;#NULL!;Four-Way Intersection;Crossing Paths - Other Circumstances;Local Street;B: Evident Injury;Wilson;Unknown;Clear;#NULL!;31-35 mph;30 - 35  MPH;2007;Daylight;Unknown
35.9562300684, -79.9999030293;"{""type"": ""Point"", ""coordinates"": [-79.99990302925961, 35.956230068443745]}";Black;High Point;Travel Lane;2;12;Urban (>70% Developed);Male;Passenger Car;0;#NULL!;0;0;Black;No;0;30-39;Crossing Paths - Intersection - Other / Unknown;None;No;No;Dry;0;Urban;No;15AUG2007;0;12:50;Female;No;Commercial;C: Possible Injury;Yes;O: No Injury;7133;August;0;Straight - Grade;Piedmont;Facing Traffic;Stop And Go Signal;Wednesday;Intersection-Related;32;0;Two-Way, Not Divided;4 lanes;0;#NULL!;#NULL!;Smooth Asphalt;#NULL!;Four-Way Intersection;Crossing Paths - Other Circumstances;Local Street;C: Possible Injury;Guilford;48;Clear;#NULL!;11-15 mph;30 - 35  MPH;2007;Daylight;40-49
35.4649689938, -79.1532527482;"{""type"": ""Point"", ""coordinates"": [-79.15325274823734, 35.46496899375637]}";White;Sanford;Sidewalk / Crosswalk / Driveway Crossing;2;15;Urban (>70% Developed);Female;Passenger Car;0;#NULL!;0;0;Black;No;0;11-15;Motorist Left Turn - Same Direction;None;No;No;Dry;0;Urban;No;20AUG2007;0;15:58;Male;No;Commercial;C: Possible Injury;No;C: Possible Injury;7147;August;0;Straight - Grade;Piedmont;Facing Traffic;No Control Present;Monday;Intersection;14;0;Two-Way, Not Divided;5 lanes;0;#NULL!;#NULL!;Coarse Asphalt;#NULL!;Driveway, Public;Motorist Left Turn / Merge;US Route;O: No Injury;Lee;18;Clear;#NULL!;31-35 mph;30 - 35  MPH;2007;Daylight;0-19
34.6297668183, -79.0057426604;"{""type"": ""Point"", ""coordinates"": [-79.005742660428, 34.629766818255575]}";Black;Lumberton;Travel Lane;2;21;Urban (>70% Developed);Male;Passenger Car;0;#NULL!;0;0;White;No;0;16-19;Motorist Drive Out - Sign-Controlled Intersection;None;No;No;Dry;0;Urban;No;20AUG2007;0;21:14;Female;No;Residential;O: No Injury;No;O: No Injury;7148;August;0;Straight - Level;Coastal;Facing Traffic;Stop Sign;Monday;Intersection;16;0;Two-Way, Not Divided;4 lanes;0;#NULL!;#NULL!;Smooth Asphalt;#NULL!;Four-Way Intersection;Motorist Failed to Yield - Sign-Controlled Intersection;Local Street;O: No Injury;Robeson;62;Clear;#NULL!;0-5 mph;30 - 35  MPH;2007;Dark - Roadway Not Lighted;60-69
34.8611218339, -79.9994379705;"{""type"": ""Point"", ""coordinates"": [-79.99943797045763, 34.86112183385846]}";Black;Morven;Travel Lane;2;7;Urban (>70% Developed);Male;Passenger Car;0;#NULL!;0;0;Black;No;0;30-39;Bicyclist Ride Out - Sign-Controlled Intersection;None;No;No;Dry;0;Rural;No;22AUG2007;0;7:35;Female;No;Commercial;C: Possible Injury;Yes;O: No Injury;7151;August;0;Straight - Level;Piedmont;With Traffic;Double Yellow Line, No Passing Zone;Wednesday;Intersection;39;0;Two-Way, Not Divided;2 lanes;0;#NULL!;#NULL!;Smooth Asphalt;#NULL!;T-Intersection;Bicyclist Failed to Yield - Sign-Controlled Intersection;US Route;C: Possible Injury;Anson;26;Clear;#NULL!;26-30 mph;30 - 35  MPH;2007;Daylight;25-29
35.8109699807, -81.5102634736;"{""type"": ""Point"", ""coordinates"": [-81.51026347361078, 35.81096998072647]}";White;None - Rural Crash;Travel Lane;2;22;Urban (>70% Developed);Male;Unknown;0;#NULL!;0;0;Unknown/Missing;No;0;16-19;Head-On - Motorist;None;No;No;Dry;0;Rural;Yes;22AUG2007;0;22:10;Unknown;Missing;Residential;C: Possible Injury;No;Unknown Injury;7152;August;0;Curve - Level;Mountains;With Traffic;Double Yellow Line, No Passing Zone;Wednesday;Non-Intersection;17;0;Two-Way, Not Divided;2 lanes;0;#NULL!;#NULL!;Smooth Asphalt;#NULL!;No Special Feature;Head-On;State Secondary Route;C: Possible Injury;Caldwell;Unknown;Clear;#NULL!;41-45 mph;40 - 45  MPH;2007;Dark - Roadway Not Lighted;Unknown
35.8025470798, -78.7829386538;"{""type"": ""Point"", ""coordinates"": [-78.7829386537574, 35.802547079765645]}";White;Cary;Travel Lane;2;18;Urban (>70% Developed);Male;Sport Utility;0;#NULL!;0;0;Hispanic;No;0;16-19;Bicyclist Ride Through - Signalized Intersection;None;No;No;Dry;0;Urban;No;29NOV2007;0;18:22;Female;No;Commercial;C: Possible Injury;Yes;O: No Injury;7158;November;0;Straight - Grade;Piedmont;With Traffic;Stop And Go Signal;Thursday;Intersection;17;0;Two-Way, Divided, Unprotected Median;4 lanes;0;#NULL!;#NULL!;Smooth Asphalt;#NULL!;Four-Way Intersection;Bicyclist Failed to Yield - Signalized Intersection;State Secondary Route;C: Possible Injury;Wake;27;Clear;#NULL!;31-35 mph;40 - 45  MPH;2007;Dark - Lighted Roadway;25-29