Geo Point;Geo Shape;BikeRace;City;BikePos;NumUnits;CrashHour;Locality;BikeSex;DrvrVehTyp;NumBikesNo;BikeAlcDrg;NumBikesBI;RteInvdCd;DrvrRace;Workzone;NumBikesCi;BikeAgeGrp;CrashType;RdDefects;CrashAlcoh;BikeAlcoho;RdConditio;DstncMiFrm;RuralUrban;HitRun;CrashDate;NumBikesUI;CrashTime;DrvrSex;DrvrAlcoho;Developmen;CrashSevr;AmbulanceR;DrvrInjury;OBJECTID;CrashMonth;NumBikesKi;RdCharacte;Region;BikeDir;TraffCntrl;CrashDay;CrashLoc;BikeAge;NumBikesTo;RdConfig;NumLanes;NumBikesAI;DrvrAlcDrg;OnRoad;RdSurface;Towrd_Rd;RdFeature;CrashGrp;RdClass;BikeInjury;County;DrvrAge;Weather;FrmRd;DrvrEstSpd;SpeedLimit;CrashYear;LightCond;DrvrAgeGrp
35.2299868874, -80.7198532058;"{""type"": ""Point"", ""coordinates"": [-80.71985320578463, 35.229986887407115]}";White;Charlotte;Travel Lane;2;7;Urban (>70% Developed);Male;School Bus;0;#NULL!;0;0;Black;No;0;20-24;Motorist Left Turn - Same Direction;None;No;No;Dry;0;Urban;No;17SEP2007;0;7:58;Male;No;Residential;B: Evident Injury;Yes;O: No Injury;7159;September;0;Straight - Level;Piedmont;Unknown;Stop Sign;Monday;Intersection;24;0;Two-Way, Not Divided;2 lanes;0;#NULL!;#NULL!;Smooth Asphalt;#NULL!;Four-Way Intersection;Motorist Left Turn / Merge;Local Street;B: Evident Injury;Mecklenburg;48;Clear;#NULL!;0-5 mph;30 - 35  MPH;2007;Daylight;40-49
35.2405848735, -81.1504473344;"{""type"": ""Point"", ""coordinates"": [-81.15044733437512, 35.24058487349162]}";White;Gastonia;Unknown;2;10;Urban (>70% Developed);Male;Pickup;0;#NULL!;0;0;White;No;0;25-29;Crossing Paths - Intersection - Other / Unknown;None;No;No;Dry;0;Urban;No;26AUG2007;0;10:39;Male;No;Residential;C: Possible Injury;No;O: No Injury;7169;August;0;Straight - Level;Piedmont;Unknown;Stop Sign;Sunday;Intersection;26;0;Two-Way, Not Divided;2 lanes;0;#NULL!;#NULL!;Smooth Asphalt;#NULL!;T-Intersection;Crossing Paths - Other Circumstances;Local Street;C: Possible Injury;Gaston;61;Clear;#NULL!;Unknown;30 - 35  MPH;2007;Daylight;60-69
35.7600210622, -79.0092827201;"{""type"": ""Point"", ""coordinates"": [-79.00928272013496, 35.76002106215598]}";White;None - Rural Crash;Travel Lane;3;15;Rural (<30% Developed);Male;Passenger Car;0;#NULL!;0;0;Asian;No;0;20-24;Motorist Lost Control - Mechanical Problems;None;No;No;Dry;0;Rural;No;26AUG2007;0;15:38;Male;No;Farms, Woods, Pastures;B: Evident Injury;Yes;O: No Injury;7171;August;0;Curve - Level;Piedmont;With Traffic;Double Yellow Line, No Passing Zone;Sunday;Non-Intersection;22;0;Two-Way, Not Divided;2 lanes;0;#NULL!;#NULL!;Smooth Asphalt;#NULL!;No Special Feature;Loss of Control / Turning Error;State Secondary Route;B: Evident Injury;Chatham;44;Cloudy;#NULL!;61-65 mph;50 - 55  MPH;2007;Daylight;40-49
34.2682527774, -77.8371822901;"{""type"": ""Point"", ""coordinates"": [-77.83718229005774, 34.26825277743955]}";White;None - Rural Crash;Travel Lane;2;13;Urban (>70% Developed);Male;Passenger Car;0;#NULL!;0;0;White;No;0;50-59;Bicyclist Ride Through - Sign-Controlled Intersection;None;No;No;Dry;0;Rural;No;27AUG2007;0;13:00;Male;No;Residential;B: Evident Injury;Yes;O: No Injury;7172;August;0;Straight - Level;Coastal;Unknown;Stop Sign;Monday;Intersection;56;0;Two-Way, Not Divided;2 lanes;0;#NULL!;#NULL!;Smooth Asphalt;#NULL!;Four-Way Intersection;Bicyclist Failed to Yield - Sign-Controlled Intersection;State Secondary Route;B: Evident Injury;New Hanover;70+;Clear;#NULL!;21-25 mph;30 - 35  MPH;2007;Daylight;70+
34.2214167659, -77.8693562982;"{""type"": ""Point"", ""coordinates"": [-77.8693562982428, 34.22141676585719]}";White;Wilmington;Sidewalk / Crosswalk / Driveway Crossing;2;13;Urban (>70% Developed);Female;Unknown;0;#NULL!;0;0;Unknown/Missing;No;0;16-19;Non-Roadway;None;No;No;Dry;0;Urban;Yes;28AUG2007;0;13:50;Unknown;Missing;Institutional;O: No Injury;No;Unknown Injury;7173;August;0;Straight - Level;Coastal;Unknown;Double Yellow Line, No Passing Zone;Tuesday;Non-Roadway;18;0;Two-Way, Not Divided;2 lanes;0;#NULL!;#NULL!;Smooth Asphalt;#NULL!;No Special Feature;Non-Roadway;Public Vehicular Area;O: No Injury;New Hanover;Unknown;Clear;#NULL!;0-5 mph;20 - 25  MPH;2007;Daylight;Unknown
35.7112870575, -78.838752666;"{""type"": ""Point"", ""coordinates"": [-78.83875266599405, 35.7112870575383]}";Black;Apex;Sidewalk / Crosswalk / Driveway Crossing;2;16;Urban (>70% Developed);Male;Pickup;0;#NULL!;0;0;White;No;0;60-69;Motorist Drive Out - Commercial Driveway / Alley;None;No;No;Dry;0;Urban;No;30AUG2007;0;16:51;Male;No;Commercial;C: Possible Injury;No;O: No Injury;7177;August;0;Straight - Level;Piedmont;Facing Traffic;No Control Present;Thursday;Non-Intersection;61;0;Two-Way, Not Divided;2 lanes;0;#NULL!;#NULL!;Gravel;#NULL!;No Special Feature;Motorist Failed to Yield - Midblock;Local Street;C: Possible Injury;Wake;31;Clear;#NULL!;Unknown;Unknown;2007;Daylight;30-39
35.7751570782, -78.6567026135;"{""type"": ""Point"", ""coordinates"": [-78.65670261349219, 35.775157078227316]}";Black;Raleigh;Sidewalk / Crosswalk / Driveway Crossing;2;17;Urban (>70% Developed);Male;Sport Utility;0;#NULL!;0;0;White;No;0;30-39;Motorist Drive Out - Right Turn on Red;None;No;No;Dry;0;Urban;No;31AUG2007;0;17:10;Female;No;Commercial;C: Possible Injury;No;O: No Injury;7180;August;0;Straight - Hillcrest;Piedmont;Facing Traffic;Stop And Go Signal;Friday;Intersection;35;0;Two-Way, Not Divided;9 or more lanes;0;#NULL!;#NULL!;Smooth Asphalt;#NULL!;Four-Way Intersection;Motorist Failed to Yield - Signalized Intersection;Local Street;C: Possible Injury;Wake;30;Clear;#NULL!;0-5 mph;30 - 35  MPH;2007;Daylight;30-39
36.2194932553, -76.27497191;"{""type"": ""Point"", ""coordinates"": [-76.27497190998943, 36.21949325527963]}";White;None - Rural Crash;Travel Lane;2;11;Rural (<30% Developed);Male;Sport Utility;0;#NULL!;0;0;White;No;0;40-49;Head-On - Unknown;None;No;No;Dry;0;Rural;No;05SEP2007;0;11:29;Female;No;Farms, Woods, Pastures;C: Possible Injury;Yes;O: No Injury;7195;September;0;Straight - Level;Coastal;With Traffic;No Control Present;Wednesday;Non-Intersection;43;0;Two-Way, Not Divided;2 lanes;0;#NULL!;#NULL!;Smooth Asphalt;#NULL!;No Special Feature;Head-On;State Secondary Route;C: Possible Injury;Pasquotank;17;Clear;#NULL!;11-15 mph;50 - 55  MPH;2007;Daylight;0-19
36.5072971557, -80.734773282;"{""type"": ""Point"", ""coordinates"": [-80.7347732819817, 36.50729715565275]}";White;None - Rural Crash;Travel Lane;2;17;Mixed (30% To 70% Developed);Male;Pickup;0;#NULL!;0;0;White;No;0;11-15;Motorist Left Turn - Opposite Direction;None;No;No;Dry;0;Rural;No;05SEP2007;0;17:15;Male;No;Residential;C: Possible Injury;Yes;O: No Injury;7196;September;0;Straight - Level;Mountains;With Traffic;No Control Present;Wednesday;Intersection;15;0;Two-Way, Not Divided;2 lanes;0;#NULL!;#NULL!;Coarse Asphalt;#NULL!;Four-Way Intersection;Motorist Left Turn / Merge;State Secondary Route;C: Possible Injury;Surry;70+;Clear;#NULL!;41-45 mph;40 - 45  MPH;2007;Daylight;70+
34.7346668888, -77.5729472327;"{""type"": ""Point"", ""coordinates"": [-77.57294723271484, 34.73466688876405]}";White;None - Rural Crash;Travel Lane;2;6;Rural (<30% Developed);Male;Passenger Car;0;#NULL!;0;0;White;No;0;20-24;Motorist Overtaking - Undetected Bicyclist;None;No;No;Dry;0;Rural;No;06SEP2007;0;6:20;Male;No;Residential;K: Killed;No;O: No Injury;7210;September;0;Straight - Level;Coastal;With Traffic;Double Yellow Line, No Passing Zone;Thursday;Non-Intersection;20;0;Two-Way, Not Divided;3 lanes;0;#NULL!;#NULL!;Coarse Asphalt;#NULL!;Driveway, Private;Motorist Overtaking Bicyclist;NC Route;K: Killed;Onslow;19;Clear;#NULL!;41-45 mph;40 - 45  MPH;2007;Dark - Roadway Not Lighted;0-19
35.7030749697, -81.2111133785;"{""type"": ""Point"", ""coordinates"": [-81.21111337846736, 35.703074969671974]}";White;Conover;Travel Lane;2;19;Urban (>70% Developed);Male;Passenger Car;0;#NULL!;0;0;White;No;0;20-24;Bicyclist Ride Through - Signalized Intersection;None;No;No;Dry;0;Urban;No;12DEC2007;0;19:58;Female;No;Commercial;C: Possible Injury;Yes;O: No Injury;7213;December;0;Straight - Level;Piedmont;Unknown;Stop And Go Signal;Wednesday;Intersection;20;0;Two-Way, Not Divided;2 lanes;0;#NULL!;#NULL!;Smooth Asphalt;#NULL!;Four-Way Intersection;Bicyclist Failed to Yield - Signalized Intersection;Local Street;C: Possible Injury;Catawba;32;Clear;#NULL!;16-20 mph;40 - 45  MPH;2007;Dark - Lighted Roadway;30-39
35.117468863, -80.724943201;"{""type"": ""Point"", ""coordinates"": [-80.7249432010226, 35.11746886301958]}";White;Matthews;Unknown;2;10;Urban (>70% Developed);Male;Passenger Car;0;#NULL!;0;0;White;No;0;40-49;Motorist Drive Out - Sign-Controlled Intersection;None;No;No;Dry;0;Urban;No;07SEP2007;0;10:11;Male;No;Commercial;C: Possible Injury;No;O: No Injury;7216;September;0;Straight - Level;Piedmont;Facing Traffic;Stop Sign;Friday;Intersection;47;0;Two-Way, Not Divided;2 lanes;0;#NULL!;#NULL!;Smooth Asphalt;#NULL!;T-Intersection;Motorist Failed to Yield - Sign-Controlled Intersection;Local Street;C: Possible Injury;Mecklenburg;50;Clear;#NULL!;11-15 mph;20 - 25  MPH;2007;Daylight;50-59
35.6082300354, -78.8400626602;"{""type"": ""Point"", ""coordinates"": [-78.84006266018058, 35.608230035427745]}";Black;None - Rural Crash;Unknown;2;7;Rural (<30% Developed);Male;Sport Utility;0;#NULL!;0;0;White;No;0;40-49;Motorist Overtaking - Bicyclist Swerved;None;No;No;Dry;0;Rural;No;12SEP2007;0;7:46;Male;No;Farms, Woods, Pastures;B: Evident Injury;Yes;O: No Injury;7230;September;0;Straight - Level;Piedmont;With Traffic;Double Yellow Line, No Passing Zone;Wednesday;Non-Intersection;41;0;Two-Way, Not Divided;2 lanes;0;#NULL!;#NULL!;Smooth Asphalt;#NULL!;Related To Intersection;Motorist Overtaking Bicyclist;State Secondary Route;B: Evident Injury;Wake;47;Clear;#NULL!;51-55 mph;50 - 55  MPH;2007;Daylight;40-49
35.2710790049, -77.605222269;"{""type"": ""Point"", ""coordinates"": [-77.60522226896875, 35.27107900491912]}";White;Kinston;Unknown;2;19;Urban (>70% Developed);Male;Passenger Car;0;#NULL!;0;0;White;No;0;30-39;Motorist Left Turn - Same Direction;None;No;No;Dry;0;Urban;No;19DEC2007;0;19:31;Female;No;Commercial;C: Possible Injury;Yes;O: No Injury;7233;December;0;Straight - Level;Coastal;Facing Traffic;No Control Present;Wednesday;Intersection;30;0;Two-Way, Not Divided;5 lanes;0;#NULL!;#NULL!;Coarse Asphalt;#NULL!;T-Intersection;Motorist Left Turn / Merge;US Route;C: Possible Injury;Lenoir;48;Clear;#NULL!;11-15 mph;30 - 35  MPH;2007;Dark - Lighted Roadway;40-49
35.2553630022, -77.6032322679;"{""type"": ""Point"", ""coordinates"": [-77.6032322678596, 35.25536300215652]}";Hispanic;None - Rural Crash;Bike Lane / Paved Shoulder;2;0;Urban (>70% Developed);Male;Passenger Car;0;#NULL!;0;0;White;No;0;50-59;Bicyclist Right Turn - Opposite Direction;None;No;No;Dry;0;Rural;No;12SEP2007;0;0:05;Female;No;Commercial;A: Disabling Injury;Yes;O: No Injury;7238;September;0;Straight - Level;Coastal;Facing Traffic;No Control Present;Wednesday;Non-Intersection;51;0;Two-Way, Not Divided;4 lanes;0;#NULL!;#NULL!;Smooth Asphalt;#NULL!;No Special Feature;Bicyclist Right Turn / Merge;US Route;A: Disabling Injury;Lenoir;36;Clear;#NULL!;36-40 mph;40 - 45  MPH;2007;Dark - Roadway Not Lighted;30-39
36.0702810998, -79.7904129724;"{""type"": ""Point"", ""coordinates"": [-79.79041297244615, 36.070281099784445]}";Black;Greensboro;Travel Lane;2;15;Urban (>70% Developed);Male;Passenger Car;0;#NULL!;0;0;White;No;0;40-49;Bicyclist Left Turn - Opposite Direction;None;No;No;Dry;0;Urban;No;15SEP2007;0;15:23;Female;No;Commercial;B: Evident Injury;Yes;O: No Injury;7246;September;0;Straight - Level;Piedmont;With Traffic;Stop And Go Signal;Saturday;Intersection;43;0;Two-Way, Not Divided;2 lanes;0;#NULL!;#NULL!;Smooth Asphalt;#NULL!;Four-Way Intersection;Bicyclist Left Turn / Merge;Local Street;B: Evident Injury;Guilford;41;Clear;#NULL!;16-20 mph;20 - 25  MPH;2007;Daylight;40-49
35.1635738665, -80.8954532535;"{""type"": ""Point"", ""coordinates"": [-80.89545325352913, 35.16357386649364]}";Black;Charlotte;Sidewalk / Crosswalk / Driveway Crossing;2;14;Urban (>70% Developed);Male;School Bus;0;#NULL!;0;0;Black;No;0;40-49;Motorist Left Turn - Opposite Direction;None;No;No;Dry;0;Urban;No;31OCT2007;0;14:55;Female;No;Residential;C: Possible Injury;Yes;O: No Injury;7247;October;0;Straight - Level;Piedmont;With Traffic;Stop And Go Signal;Wednesday;Intersection;47;0;Two-Way, Not Divided;3 lanes;0;#NULL!;#NULL!;Smooth Asphalt;#NULL!;No Special Feature;Motorist Left Turn / Merge;Local Street;C: Possible Injury;Mecklenburg;20;Clear;#NULL!;11-15 mph;30 - 35  MPH;2007;Daylight;20-24
35.5220898811, -82.5293387581;"{""type"": ""Point"", ""coordinates"": [-82.52933875810898, 35.522089881114134]}";White;Asheville;Travel Lane;2;16;Urban (>70% Developed);Male;Sport Utility;0;#NULL!;0;0;White;No;0;30-39;Motorist Drive Out - Commercial Driveway / Alley;None;No;No;Dry;0;Urban;No;18SEP2007;0;16:27;Female;No;Commercial;B: Evident Injury;No;O: No Injury;7261;September;0;Straight - Grade;Mountains;With Traffic;No Control Present;Tuesday;Non-Intersection;36;0;Two-Way, Not Divided;5 lanes;0;#NULL!;#NULL!;Smooth Asphalt;#NULL!;Driveway, Private;Motorist Failed to Yield - Midblock;US Route;B: Evident Injury;Buncombe;41;Clear;#NULL!;16-20 mph;40 - 45  MPH;2007;Daylight;40-49
36.0210220895, -79.7916929699;"{""type"": ""Point"", ""coordinates"": [-79.79169296994654, 36.021022089548595]}";White;Greensboro;Sidewalk / Crosswalk / Driveway Crossing;2;13;Urban (>70% Developed);Male;Unknown;0;#NULL!;0;0;Unknown/Missing;No;0;40-49;Bicyclist Ride Through - Signalized Intersection;None;No;No;Dry;0;Urban;Yes;20SEP2007;0;13:30;Unknown;Missing;Commercial;B: Evident Injury;Yes;Unknown Injury;7268;September;0;Straight - Level;Piedmont;Facing Traffic;Stop And Go Signal;Thursday;Intersection;42;0;Two-Way, Not Divided;5 lanes;0;#NULL!;#NULL!;Smooth Asphalt;#NULL!;Four-Way Intersection;Bicyclist Failed to Yield - Signalized Intersection;Local Street;B: Evident Injury;Guilford;Unknown;Clear;#NULL!;6-10 mph;30 - 35  MPH;2007;Daylight;Unknown
34.7744018336, -79.4535928021;"{""type"": ""Point"", ""coordinates"": [-79.45359280211154, 34.77440183364443]}";Black;Laurinburg;Travel Lane;2;16;Urban (>70% Developed);Male;Sport Utility;0;#NULL!;0;0;Black;No;0;50-59;Motorist Overtaking - Bicyclist Swerved;None;Yes;Yes;Dry;0;Urban;No;21SEP2007;0;16:52;Male;No;Residential;C: Possible Injury;Yes;O: No Injury;7271;September;0;Straight - Level;Coastal;With Traffic;No Control Present;Friday;Non-Intersection;50;0;Two-Way, Not Divided;2 lanes;0;#NULL!;#NULL!;Smooth Asphalt;#NULL!;No Special Feature;Motorist Overtaking Bicyclist;Local Street;C: Possible Injury;Scotland;35;Clear;#NULL!;26-30 mph;30 - 35  MPH;2007;Daylight;30-39
35.7379950959, -77.9116763861;"{""type"": ""Point"", ""coordinates"": [-77.91167638610577, 35.73799509585181]}";Black;Wilson;Driveway / Alley;2;15;Urban (>70% Developed);Male;Passenger Car;0;#NULL!;0;0;Black;No;0;11-15;Bicyclist Ride Out - Commercial Driveway / Alley;None;No;No;Dry;0;Urban;No;24SEP2007;0;15:14;Female;No;Commercial;B: Evident Injury;Yes;O: No Injury;7278;September;0;Straight - Grade;Coastal;Not Applicable;No Control Present;Monday;Non-Intersection;12;0;One-Way, Not Divided;2 lanes;0;#NULL!;#NULL!;Smooth Asphalt;#NULL!;No Special Feature;Bicyclist Failed to Yield - Midblock;Local Street;B: Evident Injury;Wilson;24;Clear;#NULL!;36-40 mph;30 - 35  MPH;2007;Daylight;20-24
35.7683570772, -78.6416026093;"{""type"": ""Point"", ""coordinates"": [-78.64160260931405, 35.768357077153446]}";Black;Raleigh;Driveway / Alley;2;19;Urban (>70% Developed);Male;Passenger Car;0;#NULL!;0;0;Black;No;0;6-10;Bicyclist Ride Out - Commercial Driveway / Alley;None;No;No;Dry;0;Urban;No;25SEP2007;0;19:18;Male;No;Residential;C: Possible Injury;No;O: No Injury;7280;September;0;Straight - Level;Piedmont;Not Applicable;No Control Present;Tuesday;Non-Intersection;6;0;Unknown;1 lane;0;#NULL!;#NULL!;Smooth Asphalt;#NULL!;Driveway, Public;Bicyclist Failed to Yield - Midblock;Local Street;C: Possible Injury;Wake;53;Clear;#NULL!;6-10 mph;30 - 35  MPH;2007;Daylight;50-59
35.0792539198, -78.8817926455;"{""type"": ""Point"", ""coordinates"": [-78.8817926454918, 35.07925391980277]}";Black;Fayetteville;Travel Lane;2;1;Urban (>70% Developed);Male;Passenger Car;0;#NULL!;0;0;Black;No;0;50-59;Bicyclist Left Turn - Same Direction;None;No;No;Wet;0;Urban;No;29SEP2007;0;1:04;Male;No;Commercial;B: Evident Injury;Yes;O: No Injury;7287;September;0;Straight - Level;Coastal;With Traffic;No Control Present;Saturday;Non-Intersection;53;0;Two-Way, Divided, Unprotected Median;6 lanes;0;#NULL!;#NULL!;Coarse Asphalt;#NULL!;No Special Feature;Bicyclist Left Turn / Merge;Local Street;B: Evident Injury;Cumberland;17;Clear;#NULL!;41-45 mph;40 - 45  MPH;2007;Dark - Lighted Roadway;0-19
35.8852171304, -77.8209423658;"{""type"": ""Point"", ""coordinates"": [-77.82094236583534, 35.885217130351506]}";Black;None - Rural Crash;Bike Lane / Paved Shoulder;2;21;Mixed (30% To 70% Developed);Male;Unknown;0;#NULL!;0;0;Unknown/Missing;No;0;30-39;Motorist Overtaking - Other / Unknown;None;No;No;Dry;0;Rural;Yes;01OCT2007;0;21:30;Unknown;Missing;Commercial;B: Evident Injury;Yes;Unknown Injury;7293;October;0;Curve - Level;Coastal;With Traffic;No Control Present;Monday;Non-Intersection;36;0;Two-Way, Divided, Unprotected Median;4 lanes;0;#NULL!;#NULL!;Coarse Asphalt;#NULL!;No Special Feature;Motorist Overtaking Bicyclist;US Route;B: Evident Injury;Nash;Unknown;Cloudy;#NULL!;51-55 mph;50 - 55  MPH;2007;Dark - Roadway Not Lighted;Unknown
36.1315950965, -80.2316731091;"{""type"": ""Point"", ""coordinates"": [-80.23167310908563, 36.13159509646597]}";Black;Winston-Salem;Unknown;2;17;Urban (>70% Developed);Male;Pickup;0;#NULL!;0;0;Black;No;0;11-15;Bicyclist Ride Out - Signalized  Intersection;None;No;No;Dry;0;Urban;No;03OCT2007;0;17:35;Male;No;Industrial;B: Evident Injury;Yes;O: No Injury;7301;October;0;Straight - Level;Piedmont;Not Applicable;Stop And Go Signal;Wednesday;Intersection-Related;14;0;Two-Way, Not Divided;3 lanes;0;#NULL!;#NULL!;Smooth Asphalt;#NULL!;T-Intersection;Bicyclist Failed to Yield - Signalized Intersection;Local Street;B: Evident Injury;Forsyth;36;Clear;#NULL!;0-5 mph;30 - 35  MPH;2007;Daylight;30-39
34.2219187638, -77.9403483198;"{""type"": ""Point"", ""coordinates"": [-77.9403483198351, 34.221918763762645]}";Black;None - Rural Crash;Travel Lane;2;16;Urban (>70% Developed);Male;Passenger Car;0;#NULL!;0;0;Black;No;0;16-19;Bicyclist Right Turn - Opposite Direction;None;No;No;Dry;0;Rural;No;05OCT2007;0;16:36;Male;No;Residential;C: Possible Injury;No;O: No Injury;7303;October;0;Straight - Level;Coastal;Facing Traffic;No Control Present;Friday;Intersection-Related;16;0;Two-Way, Not Divided;2 lanes;0;#NULL!;#NULL!;Smooth Asphalt;#NULL!;No Special Feature;Bicyclist Right Turn / Merge;Local Street;C: Possible Injury;New Hanover;61;Cloudy;#NULL!;11-15 mph;20 - 25  MPH;2007;Daylight;60-69
35.3318249083, -80.7425192174;"{""type"": ""Point"", ""coordinates"": [-80.74251921742734, 35.33182490829074]}";Black;Charlotte;Travel Lane;2;6;Urban (>70% Developed);Male;Passenger Car;0;#NULL!;0;0;Unknown/Missing;No;0;40-49;Motorist Left Turn - Opposite Direction;None;No;No;Dry;0;Urban;Yes;12SEP2007;0;6:26;Unknown;Missing;Residential;A: Disabling Injury;Yes;Unknown Injury;7305;September;0;Straight - Grade;Piedmont;With Traffic;No Control Present;Wednesday;Intersection;44;0;Two-Way, Divided, Positive Median Barrier;4 lanes;0;#NULL!;#NULL!;Coarse Asphalt;#NULL!;Bridge;Motorist Left Turn / Merge;Local Street;A: Disabling Injury;Mecklenburg;Unknown;Clear;#NULL!;11-15 mph;40 - 45  MPH;2007;Dark - Lighted Roadway;Unknown
34.6039608133, -78.9650726467;"{""type"": ""Point"", ""coordinates"": [-78.96507264669634, 34.60396081326615]}";White;None - Rural Crash;Driveway / Alley;2;21;Rural (<30% Developed);Male;Sport Utility;0;#NULL!;0;0;White;No;0;30-39;Bicyclist Ride Out - Residential Driveway;None;No;No;Dry;0;Rural;No;08OCT2007;0;21:00;Female;No;Farms, Woods, Pastures;C: Possible Injury;No;O: No Injury;7309;October;0;Straight - Level;Coastal;Not Applicable;Double Yellow Line, No Passing Zone;Monday;Non-Intersection;38;0;Two-Way, Not Divided;2 lanes;0;#NULL!;#NULL!;Smooth Asphalt;#NULL!;Driveway, Private;Bicyclist Failed to Yield - Midblock;NC Route;C: Possible Injury;Robeson;30;Clear;#NULL!;16-20 mph;50 - 55  MPH;2007;Dark - Roadway Not Lighted;30-39
35.8544610935, -78.700426632;"{""type"": ""Point"", ""coordinates"": [-78.70042663203651, 35.85446109349799]}";Black;Raleigh;Sidewalk / Crosswalk / Driveway Crossing;2;12;Urban (>70% Developed);Male;Passenger Car;0;#NULL!;0;0;White;No;0;30-39;Bicyclist Ride Through - Signalized Intersection;None;No;No;Dry;0;Urban;No;10OCT2007;0;12:39;Male;No;Commercial;C: Possible Injury;Yes;O: No Injury;7313;October;0;Straight - Level;Piedmont;Facing Traffic;Stop And Go Signal;Wednesday;Intersection;30;0;Two-Way, Not Divided;3 lanes;0;#NULL!;#NULL!;Smooth Asphalt;#NULL!;Four-Way Intersection;Bicyclist Failed to Yield - Signalized Intersection;Local Street;C: Possible Injury;Wake;27;Clear;#NULL!;0-5 mph;20 - 25  MPH;2007;Daylight;25-29
35.7720100752, -78.7144126315;"{""type"": ""Point"", ""coordinates"": [-78.71441263147194, 35.772010075229595]}";White;Raleigh;Travel Lane;2;15;Urban (>70% Developed);Female;Unknown;0;#NULL!;0;0;Unknown/Missing;No;0;16-19;Motorist Left Turn - Same Direction;None;No;No;Dry;0;Urban;Yes;10OCT2007;0;15:47;Unknown;Missing;Commercial;C: Possible Injury;Yes;Unknown Injury;7314;October;0;Straight - Level;Piedmont;Facing Traffic;Stop Sign;Wednesday;Intersection;19;0;Two-Way, Not Divided;2 lanes;0;#NULL!;#NULL!;Smooth Asphalt;#NULL!;No Special Feature;Motorist Left Turn / Merge;Local Street;C: Possible Injury;Wake;Unknown;Clear;#NULL!;26-30 mph;30 - 35  MPH;2007;Daylight;Unknown
36.1184800908, -80.3189631345;"{""type"": ""Point"", ""coordinates"": [-80.31896313451105, 36.11848009083163]}";White;Winston-Salem;Travel Lane;2;16;Urban (>70% Developed);Male;Sport Utility;0;#NULL!;0;0;White;No;0;30-39;Motorist Left Turn - Opposite Direction;None;No;No;Dry;0;Urban;No;15OCT2007;0;16:54;Female;No;Commercial;B: Evident Injury;Yes;O: No Injury;7327;October;0;Curve - Level;Piedmont;With Traffic;No Control Present;Monday;Non-Intersection;38;0;Two-Way, Not Divided;2 lanes;0;#NULL!;#NULL!;Smooth Asphalt;#NULL!;No Special Feature;Motorist Left Turn / Merge;Local Street;B: Evident Injury;Forsyth;59;Clear;#NULL!;0-5 mph;30 - 35  MPH;2007;Daylight;50-59
35.2677169895, -78.0422324011;"{""type"": ""Point"", ""coordinates"": [-78.04223240108101, 35.26771698948529]}";White;Dudley;Non-Roadway;2;13;Mixed (30% To 70% Developed);Male;Passenger Car;0;#NULL!;0;0;White;No;0;16-19;Bicyclist Ride Out - Commercial Driveway / Alley;None;No;No;Dry;0;Rural;No;19OCT2007;0;13:53;Female;No;Commercial;B: Evident Injury;No;O: No Injury;7334;October;0;Straight - Level;Coastal;Not Applicable;Double Yellow Line, No Passing Zone;Friday;Non-Intersection;19;0;Two-Way, Not Divided;2 lanes;0;#NULL!;#NULL!;Smooth Asphalt;#NULL!;No Special Feature;Bicyclist Failed to Yield - Midblock;US Route;B: Evident Injury;Wayne;54;Cloudy;#NULL!;41-45 mph;40 - 45  MPH;2007;Daylight;50-59
36.0644070999, -79.762222964;"{""type"": ""Point"", ""coordinates"": [-79.76222296400113, 36.06440709987508]}";Black;Greensboro;Unknown;2;19;Urban (>70% Developed);Male;Passenger Car;0;#NULL!;0;0;Black;No;0;16-19;Bicyclist Ride Out - Midblock - Unknown;None;No;No;Dry;0;Urban;No;19OCT2007;0;19:08;Female;No;Residential;B: Evident Injury;Yes;O: No Injury;7335;October;0;Straight - Level;Piedmont;Not Applicable;No Control Present;Friday;Non-Intersection;16;0;Two-Way, Divided, Unprotected Median;2 lanes;0;#NULL!;#NULL!;Smooth Asphalt;#NULL!;No Special Feature;Bicyclist Failed to Yield - Midblock;Local Street;B: Evident Injury;Guilford;31;Clear;#NULL!;Unknown;30 - 35  MPH;2007;Other;30-39
35.6113240852, -77.4377022354;"{""type"": ""Point"", ""coordinates"": [-77.43770223535711, 35.61132408520696]}";Other;None - Rural Crash;Travel Lane;2;18;Rural (<30% Developed);Female;Passenger Car;0;#NULL!;0;0;White;No;0;30-39;Motorist Overtaking - Undetected Bicyclist;None;No;No;Dry;0;Rural;No;19OCT2007;0;18:22;Female;No;Farms, Woods, Pastures;A: Disabling Injury;Yes;O: No Injury;7337;October;0;Straight - Level;Coastal;With Traffic;Double Yellow Line, No Passing Zone;Friday;Non-Intersection;37;0;Two-Way, Not Divided;2 lanes;0;#NULL!;#NULL!;Grooved Concrete;#NULL!;Bridge;Motorist Overtaking Bicyclist;State Secondary Route;A: Disabling Injury;Pitt;70+;Clear;#NULL!;46-50 mph;50 - 55  MPH;2007;Daylight;70+