Geo Point;Geo Shape;BikeRace;City;BikePos;NumUnits;CrashHour;Locality;BikeSex;DrvrVehTyp;NumBikesNo;BikeAlcDrg;NumBikesBI;RteInvdCd;DrvrRace;Workzone;NumBikesCi;BikeAgeGrp;CrashType;RdDefects;CrashAlcoh;BikeAlcoho;RdConditio;DstncMiFrm;RuralUrban;HitRun;CrashDate;NumBikesUI;CrashTime;DrvrSex;DrvrAlcoho;Developmen;CrashSevr;AmbulanceR;DrvrInjury;OBJECTID;CrashMonth;NumBikesKi;RdCharacte;Region;BikeDir;TraffCntrl;CrashDay;CrashLoc;BikeAge;NumBikesTo;RdConfig;NumLanes;NumBikesAI;DrvrAlcDrg;OnRoad;RdSurface;Towrd_Rd;RdFeature;CrashGrp;RdClass;BikeInjury;County;DrvrAge;Weather;FrmRd;DrvrEstSpd;SpeedLimit;CrashYear;LightCond;DrvrAgeGrp
35.9970731168, -78.9103427023;"{""type"": ""Point"", ""coordinates"": [-78.91034270231701, 35.99707311677212]}";Black;Durham;Sidewalk / Crosswalk / Driveway Crossing;2;14;Mixed (30% To 70% Developed);Male;Passenger Car;0;#NULL!;0;0;White;No;0;20-24;Motorist Drive Out - Right Turn on Red;None;No;No;Dry;0;Urban;No;30OCT2007;0;14:07;Male;No;Commercial;C: Possible Injury;Yes;O: No Injury;7340;October;0;Straight - Level;Piedmont;Facing Traffic;Stop And Go Signal;Tuesday;Intersection;20;0;One-Way, Not Divided;3 lanes;0;#NULL!;#NULL!;Coarse Asphalt;#NULL!;No Special Feature;Motorist Failed to Yield - Signalized Intersection;Local Street;C: Possible Injury;Durham;22;Clear;#NULL!;0-5 mph;30 - 35  MPH;2007;Daylight;20-24
35.2438348483, -81.8464635414;"{""type"": ""Point"", ""coordinates"": [-81.846463541417, 35.24383484832831]}";White;None - Rural Crash;Unknown;2;14;Mixed (30% To 70% Developed);Male;Passenger Car;0;#NULL!;0;0;White;No;0;11-15;Bicyclist Right Turn - Opposite Direction;None;No;No;Wet;0;Rural;No;22OCT2007;0;14:30;Female;No;Residential;C: Possible Injury;Yes;O: No Injury;7341;October;0;Straight - Level;Mountains;Facing Traffic;Double Yellow Line, No Passing Zone;Monday;Non-Intersection;12;0;Two-Way, Not Divided;2 lanes;0;#NULL!;#NULL!;Smooth Asphalt;#NULL!;No Special Feature;Bicyclist Right Turn / Merge;State Secondary Route;C: Possible Injury;Rutherford;19;Cloudy;#NULL!;26-30 mph;30 - 35  MPH;2007;Dark - Roadway Not Lighted;0-19
34.8602589382, -76.8970920338;"{""type"": ""Point"", ""coordinates"": [-76.8970920337983, 34.86025893815646]}";Hispanic;Havelock;Travel Lane;2;13;Urban (>70% Developed);Male;Sport Utility;0;#NULL!;0;0;White;No;0;40-49;Motorist Drive Out - Commercial Driveway / Alley;None;No;No;Dry;0;Urban;No;23OCT2007;0;13:30;Female;No;Commercial;B: Evident Injury;No;O: No Injury;7344;October;0;Straight - Level;Coastal;Facing Traffic;No Control Present;Tuesday;Non-Intersection;49;0;Two-Way, Divided, Unprotected Median;5 lanes;0;#NULL!;#NULL!;Smooth Asphalt;#NULL!;T-Intersection;Motorist Failed to Yield - Midblock;Public Vehicular Area;B: Evident Injury;Craven;19;Clear;#NULL!;0-5 mph;Unknown;2007;Daylight;0-19
35.6006230597, -78.1156324411;"{""type"": ""Point"", ""coordinates"": [-78.11563244107187, 35.600623059654275]}";White;None - Rural Crash;Travel Lane;2;20;Rural (<30% Developed);Male;Passenger Car;0;#NULL!;0;0;White;No;0;16-19;Head-On - Bicyclist;None;No;No;Dry;0;Rural;Yes;19OCT2007;0;20:03;Female;No;Farms, Woods, Pastures;A: Disabling Injury;Yes;O: No Injury;7352;October;0;Straight - Level;Coastal;Facing Traffic;No Control Present;Friday;Non-Intersection;18;0;Two-Way, Divided, Unprotected Median;4 lanes;0;#NULL!;#NULL!;Smooth Asphalt;#NULL!;No Special Feature;Head-On;US Route;A: Disabling Injury;Wilson;29;Clear;#NULL!;41-45 mph;50 - 55  MPH;2007;Dark - Roadway Not Lighted;25-29
36.093685119, -79.3985778558;"{""type"": ""Point"", ""coordinates"": [-79.39857785580445, 36.09368511895323]}";Black;Burlington;Unknown;2;15;Urban (>70% Developed);Male;Passenger Car;0;#NULL!;0;0;Black;No;0;11-15;Bicyclist Ride Out - Midblock - Unknown;None;No;No;Dry;0;Urban;No;29OCT2007;0;15:04;Male;No;Commercial;B: Evident Injury;No;O: No Injury;7355;October;0;Straight - Level;Piedmont;Not Applicable;No Control Present;Monday;Non-Intersection;12;0;Two-Way, Not Divided;5 lanes;0;#NULL!;#NULL!;Smooth Asphalt;#NULL!;No Special Feature;Bicyclist Failed to Yield - Midblock;US Route;B: Evident Injury;Alamance;17;Clear;#NULL!;6-10 mph;40 - 45  MPH;2007;Daylight;0-19
34.2299367676, -77.8709622988;"{""type"": ""Point"", ""coordinates"": [-77.87096229877481, 34.229936767585684]}";White;Wilmington;Sidewalk / Crosswalk / Driveway Crossing;2;10;Urban (>70% Developed);Male;Passenger Car;0;#NULL!;0;0;Black;No;0;20-24;Motorist Drive Out - Sign-Controlled Intersection;None;No;No;Dry;0;Urban;No;30OCT2007;0;10:59;Female;No;Residential;B: Evident Injury;Yes;O: No Injury;7362;October;0;Straight - Level;Coastal;Facing Traffic;Stop Sign;Tuesday;Intersection;21;0;Two-Way, Not Divided;2 lanes;0;#NULL!;#NULL!;Smooth Asphalt;#NULL!;Four-Way Intersection;Motorist Failed to Yield - Sign-Controlled Intersection;Local Street;B: Evident Injury;New Hanover;23;Clear;#NULL!;11-15 mph;30 - 35  MPH;2007;Daylight;20-24
35.3995549178, -80.8641332575;"{""type"": ""Point"", ""coordinates"": [-80.8641332575309, 35.39955491782806]}";White;Huntersville;Travel Lane;2;10;Mixed (30% To 70% Developed);Male;Passenger Car;0;#NULL!;0;0;White;No;0;60-69;Bicyclist Overtaking - Other / Unknown;None;No;No;Dry;0;Urban;No;31OCT2007;0;10:05;Female;No;Commercial;B: Evident Injury;Yes;O: No Injury;7363;October;0;Straight - Level;Piedmont;With Traffic;No Control Present;Wednesday;Non-Intersection;60;0;Two-Way, Not Divided;2 lanes;0;#NULL!;#NULL!;Smooth Asphalt;#NULL!;No Special Feature;Bicyclist Overtaking Motorist;Local Street;B: Evident Injury;Mecklenburg;24;Clear;#NULL!;Unknown;30 - 35  MPH;2007;Daylight;20-24
35.9846301819, -76.9575421078;"{""type"": ""Point"", ""coordinates"": [-76.95754210775937, 35.98463018194894]}";Black;None - Rural Crash;Travel Lane;2;14;Mixed (30% To 70% Developed);Male;Van;0;#NULL!;0;0;White;No;0;30-39;Bicyclist Left Turn - Same Direction;None;Yes;Yes;Dry;0;Rural;No;01NOV2007;0;14:54;Female;No;Residential;B: Evident Injury;Yes;O: No Injury;7364;November;0;Straight - Level;Coastal;With Traffic;Double Yellow Line, No Passing Zone;Thursday;Non-Intersection;37;0;Two-Way, Not Divided;2 lanes;0;#NULL!;#NULL!;Coarse Asphalt;#NULL!;No Special Feature;Bicyclist Left Turn / Merge;US Route;B: Evident Injury;Bertie;53;Clear;#NULL!;>100 mph;40 - 45  MPH;2007;Daylight;50-59
34.898086926, -77.5276122274;"{""type"": ""Point"", ""coordinates"": [-77.52761222742954, 34.898086925990434]}";White;None - Rural Crash;Travel Lane;2;16;Urban (>70% Developed);Male;Passenger Car;0;#NULL!;0;0;Black;No;0;16-19;Motorist Overtaking - Misjudged Space;None;No;No;Dry;0;Rural;No;08NOV2007;0;16:50;Male;No;Residential;B: Evident Injury;Yes;O: No Injury;7378;November;0;Straight - Level;Coastal;With Traffic;No Control Present;Thursday;Non-Intersection;17;0;Two-Way, Not Divided;2 lanes;0;#NULL!;#NULL!;Smooth Asphalt;#NULL!;No Special Feature;Motorist Overtaking Bicyclist;State Secondary Route;B: Evident Injury;Onslow;21;Clear;#NULL!;41-45 mph;40 - 45  MPH;2007;Daylight;20-24
35.6850970599, -78.6179625975;"{""type"": ""Point"", ""coordinates"": [-78.61796259748857, 35.68509705986292]}";White;Garner;Travel Lane;2;16;Urban (>70% Developed);Male;Passenger Car;0;#NULL!;0;0;White;No;0;30-39;Motorist Drive Out - Commercial Driveway / Alley;None;Yes;Yes;Dry;0;Urban;No;08NOV2007;0;16:24;Male;No;Commercial;C: Possible Injury;Yes;O: No Injury;7380;November;0;Straight - Grade;Piedmont;With Traffic;Stop Sign;Thursday;Non-Intersection;39;0;Two-Way, Not Divided;2 lanes;0;#NULL!;#NULL!;Coarse Asphalt;#NULL!;T-Intersection;Motorist Failed to Yield - Midblock;Local Street;C: Possible Injury;Wake;48;Clear;#NULL!;21-25 mph;Unknown;2007;Daylight;40-49
34.8189729298, -76.8732420236;"{""type"": ""Point"", ""coordinates"": [-76.87324202356842, 34.81897292981104]}";Unknown/Missing;None - Rural Crash;Other;2;21;Mixed (30% To 70% Developed);Unknown;Passenger Car;0;#NULL!;0;0;White;No;0;Unknown;Bicyclist Left Turn - Same Direction;None;No;Missing;Dry;0;Rural;No;10NOV2007;0;21:56;Female;No;Residential;O: No Injury;No;O: No Injury;7385;November;0;Straight - Level;Coastal;With Traffic;No Control Present;Saturday;Non-Intersection;Unknown;0;Two-Way, Not Divided;2 lanes;0;#NULL!;#NULL!;Smooth Asphalt;#NULL!;No Special Feature;Bicyclist Left Turn / Merge;State Secondary Route;Unknown Injury;Carteret;18;Clear;#NULL!;51-55 mph;50 - 55  MPH;2007;Dark - Roadway Not Lighted;0-19
34.1259667442, -77.8786122963;"{""type"": ""Point"", ""coordinates"": [-77.87861229630334, 34.1259667442251]}";White;None - Rural Crash;Travel Lane;2;21;Mixed (30% To 70% Developed);Male;Unknown;0;#NULL!;0;0;Unknown/Missing;No;0;20-24;Motorist Overtaking - Misjudged Space;None;No;No;Dry;0;Rural;Yes;10NOV2007;0;21:40;Unknown;Missing;Residential;B: Evident Injury;Yes;Unknown Injury;7386;November;0;Straight - Level;Coastal;With Traffic;Double Yellow Line, No Passing Zone;Saturday;Non-Intersection;22;0;Two-Way, Not Divided;2 lanes;0;#NULL!;#NULL!;Smooth Asphalt;#NULL!;No Special Feature;Motorist Overtaking Bicyclist;State Secondary Route;B: Evident Injury;New Hanover;Unknown;Clear;#NULL!;41-45 mph;40 - 45  MPH;2007;Dark - Roadway Not Lighted;Unknown
35.5989598966, -82.5536037704;"{""type"": ""Point"", ""coordinates"": [-82.55360377038723, 35.59895989655029]}";White;Asheville;Travel Lane;2;6;Urban (>70% Developed);Male;Sport Utility;0;#NULL!;0;0;Black;No;0;40-49;Motorist Left Turn - Opposite Direction;None;No;No;Dry;0;Urban;No;18NOV2007;0;6:13;Male;No;Commercial;B: Evident Injury;Yes;O: No Injury;7395;November;0;Straight - Level;Mountains;With Traffic;Stop And Go Signal;Sunday;Intersection;46;0;Two-Way, Not Divided;3 lanes;0;#NULL!;#NULL!;Smooth Asphalt;#NULL!;On or Off Ramp;Motorist Left Turn / Merge;Local Street;B: Evident Injury;Buncombe;70+;Clear;#NULL!;16-20 mph;30 - 35  MPH;2007;Dark - Lighted Roadway;70+
35.8557200082, -81.0287433324;"{""type"": ""Point"", ""coordinates"": [-81.02874333240243, 35.85572000822206]}";White;None - Rural Crash;Travel Lane;2;8;Mixed (30% To 70% Developed);Male;Pickup;0;#NULL!;0;0;White;No;0;40-49;Motorist Overtaking - Misjudged Space;None;No;No;Dry;0;Rural;No;19NOV2007;0;8:30;Male;No;Commercial;C: Possible Injury;Yes;O: No Injury;7397;November;0;Straight - Level;Piedmont;With Traffic;Double Yellow Line, No Passing Zone;Monday;Non-Intersection;48;0;Two-Way, Not Divided;2 lanes;0;#NULL!;#NULL!;Smooth Asphalt;#NULL!;No Special Feature;Motorist Overtaking Bicyclist;NC Route;C: Possible Injury;Iredell;33;Clear;#NULL!;41-45 mph;50 - 55  MPH;2007;Daylight;30-39
35.3557969435, -79.9001029665;"{""type"": ""Point"", ""coordinates"": [-79.90010296646872, 35.355796943541634]}";Black;Troy;Sidewalk / Crosswalk / Driveway Crossing;2;18;Urban (>70% Developed);Female;Van;0;#NULL!;0;0;Black;No;0;20-24;Motorist Drive Out - Sign-Controlled Intersection;None;Yes;No;Dry;0;Rural;No;19NOV2007;0;18:00;Female;Yes;Commercial;C: Possible Injury;No;O: No Injury;7398;November;0;Straight - Level;Piedmont;With Traffic;Stop Sign;Monday;Intersection;23;0;Two-Way, Not Divided;2 lanes;0;#NULL!;#NULL!;Smooth Asphalt;#NULL!;No Special Feature;Motorist Failed to Yield - Sign-Controlled Intersection;Local Street;C: Possible Injury;Montgomery;43;Clear;#NULL!;0-5 mph;30 - 35  MPH;2007;Daylight;40-49
35.7385630626, -78.865372675;"{""type"": ""Point"", ""coordinates"": [-78.86537267501733, 35.73856306263326]}";White;Apex;Travel Lane;2;18;Urban (>70% Developed);Male;Sport Utility;0;#NULL!;0;0;White;No;0;16-19;Bicyclist Left Turn - Opposite Direction;None;No;No;Dry;0;Urban;No;20NOV2007;0;18:21;Female;No;Commercial;B: Evident Injury;Yes;O: No Injury;7400;November;0;Straight - Grade;Piedmont;With Traffic;Stop And Go Signal;Tuesday;Intersection;17;0;Two-Way, Not Divided;6 lanes;0;#NULL!;#NULL!;Smooth Asphalt;#NULL!;Four-Way Intersection;Bicyclist Left Turn / Merge;Local Street;B: Evident Injury;Wake;28;Clear;#NULL!;26-30 mph;40 - 45  MPH;2007;Dark - Lighted Roadway;25-29
35.3250269814, -78.6505325889;"{""type"": ""Point"", ""coordinates"": [-78.65053258885507, 35.32502698135208]}";Unknown/Missing;Erwin;Travel Lane;2;1;Urban (>70% Developed);Male;Unknown;0;#NULL!;0;0;Unknown/Missing;No;0;11-15;Motorist Overtaking - Undetected Bicyclist;None;No;No;Dry;0;Rural;Yes;22NOV2007;0;1:01;Unknown;Missing;Commercial;Unknown Injury;No;Unknown Injury;7402;November;0;Straight - Level;Coastal;With Traffic;No Control Present;Thursday;Non-Intersection;15;0;Two-Way, Divided, Unprotected Median;4 lanes;0;#NULL!;#NULL!;Smooth Asphalt;#NULL!;No Special Feature;Motorist Overtaking Bicyclist;Local Street;Unknown Injury;Harnett;Unknown;Clear;#NULL!;51-55 mph;50 - 55  MPH;2007;Dark - Roadway Not Lighted;Unknown
35.9086972079, -75.6760577093;"{""type"": ""Point"", ""coordinates"": [-75.67605770934757, 35.9086972078838]}";Unknown/Missing;Manteo;Sidewalk / Crosswalk / Driveway Crossing;2;12;Urban (>70% Developed);Unknown;Passenger Car;0;#NULL!;0;0;Unknown/Missing;No;0;50-59;Motorist Drive Out - Right Turn on Red;None;No;No;Dry;0;Rural;No;20NOV2007;0;12:30;Male;No;Residential;Unknown Injury;No;Unknown Injury;7405;November;0;Straight - Level;Coastal;Facing Traffic;Stop And Go Signal;Tuesday;Intersection;52;0;Two-Way, Divided, Unprotected Median;3 lanes;0;#NULL!;#NULL!;Smooth Asphalt;#NULL!;T-Intersection;Motorist Failed to Yield - Signalized Intersection;Local Street;Unknown Injury;Dare;40;Clear;#NULL!;0-5 mph;20 - 25  MPH;2007;Daylight;40-49
35.195476876, -80.8275232353;"{""type"": ""Point"", ""coordinates"": [-80.82752323531197, 35.19547687604863]}";White;Charlotte;Travel Lane;2;16;Urban (>70% Developed);Male;Passenger Car;0;#NULL!;0;0;Other;No;0;50-59;Motorist Right Turn - Same Direction;None;No;No;Dry;0;Urban;No;24JUN2008;0;16:42;Male;No;Commercial;B: Evident Injury;No;O: No Injury;5807;June;0;Straight - Level;Piedmont;With Traffic;No Control Present;Tuesday;Non-Intersection;54;0;Two-Way, Divided, Unprotected Median;4 lanes;0;#NULL!;#NULL!;Smooth Asphalt;#NULL!;Related To Intersection;Motorist Right Turn / Merge;Local Street;B: Evident Injury;Mecklenburg;30;Clear;#NULL!;21-25 mph;30 - 35  MPH;2008;Daylight;30-39
35.2637740042, -77.5826972621;"{""type"": ""Point"", ""coordinates"": [-77.5826972620854, 35.26377400421171]}";Black;Kinston;Unknown;2;14;Urban (>70% Developed);Female;Sport Utility;0;#NULL!;0;0;White;No;0;25-29;Signalized Intersection - Other / Unknown;None;No;No;Dry;0;Urban;No;27JUN2008;0;14:21;Female;No;Commercial;C: Possible Injury;Yes;O: No Injury;5824;June;0;Straight - Level;Coastal;Facing Traffic;Stop And Go Signal;Friday;Intersection;29;0;Two-Way, Not Divided;2 lanes;0;#NULL!;#NULL!;Smooth Asphalt;#NULL!;Four-Way Intersection;Crossing Paths - Other Circumstances;Local Street;C: Possible Injury;Lenoir;22;Clear;#NULL!;0-5 mph;30 - 35  MPH;2008;Daylight;20-24
36.1001620832, -80.4104531607;"{""type"": ""Point"", ""coordinates"": [-80.41045316069732, 36.100162083173906]}";White;Lewisville;Travel Lane;3;9;Mixed (30% To 70% Developed);Male;Passenger Car;0;#NULL!;0;0;White;No;0;50-59;Motorist Drive Out - Residential Driveway;None;No;No;Dry;0;Urban;Yes;31MAY2008;0;9:57;Female;No;Residential;B: Evident Injury;No;O: No Injury;5829;May;0;Curve - Level;Piedmont;With Traffic;Double Yellow Line, No Passing Zone;Saturday;Non-Intersection;50;0;Two-Way, Not Divided;2 lanes;0;#NULL!;#NULL!;Smooth Asphalt;#NULL!;No Special Feature;Motorist Failed to Yield - Midblock;State Secondary Route;B: Evident Injury;Forsyth;70+;Clear;#NULL!;0-5 mph;30 - 35  MPH;2008;Daylight;70+
36.196947056, -81.65826354;"{""type"": ""Point"", ""coordinates"": [-81.6582635399536, 36.19694705596739]}";White;Boone;Non-Roadway;2;10;Urban (>70% Developed);Male;Passenger Car;0;#NULL!;0;0;White;No;0;50-59;Non-Roadway;None;Yes;Yes;Dry;0;Urban;No;03JUN2008;0;10:43;Female;No;Commercial;O: No Injury;No;O: No Injury;5835;June;0;Straight - Level;Mountains;Not Applicable;Missing;Tuesday;Non-Roadway;57;0;Two-Way, Not Divided;Unknown;0;#NULL!;#NULL!;Smooth Asphalt;#NULL!;No Special Feature;Non-Roadway;Public Vehicular Area;Unknown Injury;Watauga;70+;Clear;#NULL!;16-20 mph;Unknown;2008;Daylight;70+
36.0403440918, -79.8420029865;"{""type"": ""Point"", ""coordinates"": [-79.8420029865244, 36.04034409182805]}";White;Greensboro;Travel Lane;2;23;Urban (>70% Developed);Male;Unknown;0;#NULL!;0;0;Unknown/Missing;No;0;20-24;Motorist Overtaking - Other / Unknown;Unknown;No;No;Dry;0;Urban;Yes;12JUN2008;0;23:11;Unknown;Missing;Commercial;B: Evident Injury;Yes;Unknown Injury;5838;June;0;Straight - Level;Piedmont;With Traffic;Stop And Go Signal;Thursday;Intersection;20;0;Two-Way, Divided, Unprotected Median;4 lanes;0;#NULL!;#NULL!;Smooth Asphalt;#NULL!;Four-Way Intersection;Motorist Overtaking Bicyclist;Local Street;B: Evident Injury;Guilford;Unknown;Clear;#NULL!;Unknown;30 - 35  MPH;2008;Dark - Lighted Roadway;Unknown
35.6596470622, -78.3902525269;"{""type"": ""Point"", ""coordinates"": [-78.39025252694681, 35.65964706221868]}";White;None - Rural Crash;Travel Lane;2;17;Mixed (30% To 70% Developed);Female;Passenger Car;0;#NULL!;0;0;White;No;0;11-15;Bicyclist Ride Through - Sign-Controlled Intersection;None;No;No;Dry;0;Rural;No;12MAY2008;0;17:37;Female;No;Residential;B: Evident Injury;Yes;O: No Injury;5844;May;0;Straight - Grade;Coastal;With Traffic;Stop Sign;Monday;Intersection;12;0;Two-Way, Not Divided;2 lanes;0;#NULL!;#NULL!;Smooth Asphalt;#NULL!;T-Intersection;Bicyclist Failed to Yield - Sign-Controlled Intersection;Local Street;B: Evident Injury;Johnston;44;Cloudy;#NULL!;16-20 mph;20 - 25  MPH;2008;Daylight;40-49
35.7964370773, -78.8027426593;"{""type"": ""Point"", ""coordinates"": [-78.8027426593323, 35.79643707729414]}";White;Cary;Travel Lane;2;6;Urban (>70% Developed);Male;Passenger Car;0;#NULL!;0;0;Black;No;0;40-49;Motorist Left Turn - Opposite Direction;None;No;No;Dry;0;Urban;No;02JUL2008;0;6:48;Male;No;Commercial;B: Evident Injury;Yes;O: No Injury;5845;July;0;Straight - Grade;Piedmont;With Traffic;No Control Present;Wednesday;Non-Intersection;42;0;Two-Way, Not Divided;2 lanes;0;#NULL!;#NULL!;Smooth Asphalt;#NULL!;No Special Feature;Motorist Left Turn / Merge;Local Street;B: Evident Injury;Wake;54;Clear;#NULL!;0-5 mph;30 - 35  MPH;2008;Daylight;50-59
35.473116943, -80.6095531853;"{""type"": ""Point"", ""coordinates"": [-80.60955318531323, 35.473116943025]}";White;Kannapolis;Travel Lane;2;16;Urban (>70% Developed);Male;Sport Utility;0;#NULL!;0;0;White;No;0;50-59;Motorist Drive Out - Sign-Controlled Intersection;None;No;No;Dry;0;Urban;No;15MAY2008;0;16:09;Female;No;Commercial;B: Evident Injury;No;O: No Injury;5850;May;0;Straight - Level;Piedmont;With Traffic;Stop Sign;Thursday;Intersection;59;0;Two-Way, Not Divided;2 lanes;0;#NULL!;#NULL!;Smooth Asphalt;#NULL!;Four-Way Intersection;Motorist Failed to Yield - Sign-Controlled Intersection;Local Street;B: Evident Injury;Cabarrus;58;Clear;#NULL!;11-15 mph;30 - 35  MPH;2008;Daylight;50-59
35.1082028608, -80.7290932016;"{""type"": ""Point"", ""coordinates"": [-80.72909320155907, 35.10820286082379]}";White;Matthews;Travel Lane;2;20;Rural (<30% Developed);Male;Sport Utility;0;#NULL!;0;0;White;No;0;30-39;Motorist Left Turn - Opposite Direction;None;No;No;Dry;0;Urban;No;10JUN2008;0;20:06;Female;No;Commercial;C: Possible Injury;No;O: No Injury;5854;June;0;Straight - Level;Piedmont;With Traffic;Stop And Go Signal;Tuesday;Intersection;36;0;Two-Way, Not Divided;2 lanes;0;#NULL!;#NULL!;Smooth Asphalt;#NULL!;No Special Feature;Motorist Left Turn / Merge;Local Street;C: Possible Injury;Mecklenburg;46;Clear;#NULL!;6-10 mph;30 - 35  MPH;2008;Daylight;40-49
35.618208909, -82.3212137024;"{""type"": ""Point"", ""coordinates"": [-82.32121370237257, 35.61820890902854]}";White;Black Mountain;Unknown;2;16;Mixed (30% To 70% Developed);Female;Sport Utility;0;#NULL!;0;0;White;No;0;11-15;Multiple Threat - Midblock;None;No;No;Dry;0;Urban;No;11JUN2008;0;16:48;Male;No;Commercial;C: Possible Injury;Yes;O: No Injury;5861;June;0;Straight - Level;Mountains;Unknown;Missing;Wednesday;Non-Intersection;13;0;Two-Way, Not Divided;2 lanes;0;#NULL!;#NULL!;Other;#NULL!;No Special Feature;Bicyclist Failed to Yield - Midblock;Local Street;C: Possible Injury;Buncombe;35;Clear;#NULL!;6-10 mph;20 - 25  MPH;2008;Daylight;30-39
35.6720769899, -80.4839891586;"{""type"": ""Point"", ""coordinates"": [-80.48398915855763, 35.672076989930126]}";Black;Salisbury;Travel Lane;2;13;Urban (>70% Developed);Male;Passenger Car;0;#NULL!;0;0;Black;No;0;60-69;Head-On - Bicyclist;None;No;No;Dry;0;Urban;No;12JUL2008;0;13:52;Female;No;Residential;B: Evident Injury;Yes;O: No Injury;5865;July;0;Straight - Level;Piedmont;Facing Traffic;No Control Present;Saturday;Non-Intersection;62;0;Two-Way, Not Divided;2 lanes;0;#NULL!;#NULL!;Smooth Asphalt;#NULL!;No Special Feature;Head-On;Local Street;B: Evident Injury;Rowan;38;Clear;#NULL!;21-25 mph;20 - 25  MPH;2008;Daylight;30-39
35.2199168818, -80.8057832303;"{""type"": ""Point"", ""coordinates"": [-80.80578323025777, 35.21991688176455]}";Black;Charlotte;Unknown;2;15;Urban (>70% Developed);Male;Passenger Car;0;#NULL!;0;0;White;No;0;20-24;Bicyclist Ride Out - Midblock - Unknown;None;No;No;Dry;0;Urban;No;15JUL2008;0;15:10;Male;No;Commercial;B: Evident Injury;Yes;O: No Injury;5870;July;0;Straight - Hillcrest;Piedmont;Unknown;No Control Present;Tuesday;Non-Intersection;24;0;Two-Way, Not Divided;4 lanes;0;#NULL!;#NULL!;Smooth Asphalt;#NULL!;No Special Feature;Bicyclist Failed to Yield - Midblock;Local Street;B: Evident Injury;Mecklenburg;25;Clear;#NULL!;31-35 mph;30 - 35  MPH;2008;Daylight;25-29
35.2559808871, -80.890933258;"{""type"": ""Point"", ""coordinates"": [-80.89093325801929, 35.255980887052]}";Hispanic;Charlotte;Non-Roadway;2;21;Urban (>70% Developed);Male;Passenger Car;0;#NULL!;0;0;Black;No;0;20-24;Non-Roadway;None;No;No;Dry;0;Urban;No;15JUL2008;0;21:44;Male;No;Residential;C: Possible Injury;No;O: No Injury;5871;July;0;Straight - Level;Piedmont;Not Applicable;No Control Present;Tuesday;Non-Roadway;22;0;Two-Way, Not Divided;Unknown;0;#NULL!;#NULL!;Coarse Asphalt;#NULL!;Driveway, Public;Non-Roadway;Public Vehicular Area;C: Possible Injury;Mecklenburg;47;Clear;#NULL!;0-5 mph;5 - 15 MPH;2008;Dark - Lighted Roadway;40-49
36.0943072471, -75.7107217297;"{""type"": ""Point"", ""coordinates"": [-75.7107217296815, 36.09430724710336]}";White;Kitty Hawk;Bike Lane / Paved Shoulder;2;8;Mixed (30% To 70% Developed);Male;Sport Utility;0;#NULL!;0;0;White;No;0;20-24;Motorist Drive Out - Sign-Controlled Intersection;None;No;No;Dry;0;Rural;No;14JUN2008;0;8:22;Male;No;Commercial;B: Evident Injury;No;O: No Injury;5872;June;0;Straight - Level;Coastal;Facing Traffic;Stop Sign;Saturday;Intersection;21;0;Two-Way, Not Divided;5 lanes;0;#NULL!;#NULL!;Coarse Asphalt;#NULL!;T-Intersection;Motorist Failed to Yield - Sign-Controlled Intersection;Local Street;B: Evident Injury;Dare;21;Fog, Smog, Smoke;#NULL!;0-5 mph;20 - 25  MPH;2008;Daylight;20-24
36.0334311216, -78.973302724;"{""type"": ""Point"", ""coordinates"": [-78.9733027240247, 36.03343112156712]}";Hispanic;Durham;Travel Lane;2;15;Urban (>70% Developed);Male;Pickup;0;#NULL!;0;0;White;No;0;30-39;Bicyclist Left Turn - Same Direction;None;No;No;Dry;0;Urban;No;15JUL2008;0;15:18;Male;No;Commercial;B: Evident Injury;Yes;O: No Injury;5876;July;0;Straight - Level;Piedmont;With Traffic;No Control Present;Tuesday;Non-Intersection;33;0;Two-Way, Not Divided;2 lanes;0;#NULL!;#NULL!;Coarse Asphalt;#NULL!;No Special Feature;Bicyclist Left Turn / Merge;Local Street;B: Evident Injury;Durham;58;Clear;#NULL!;31-35 mph;30 - 35  MPH;2008;Daylight;50-59
34.2391307681, -77.9106773116;"{""type"": ""Point"", ""coordinates"": [-77.91067731158456, 34.239130768062964]}";Black;Wilmington;Sidewalk / Crosswalk / Driveway Crossing;2;21;Urban (>70% Developed);Male;Passenger Car;0;#NULL!;0;0;Unknown/Missing;No;0;16-19;Motorist Drive Out - Commercial Driveway / Alley;None;No;No;Dry;0;Urban;Yes;16JUN2008;0;21:21;Unknown;Missing;Commercial;C: Possible Injury;Yes;Unknown Injury;5883;June;0;Straight - Level;Coastal;With Traffic;No Control Present;Monday;Non-Intersection;19;0;Two-Way, Divided, Unprotected Median;4 lanes;0;#NULL!;#NULL!;Smooth Asphalt;#NULL!;No Special Feature;Motorist Failed to Yield - Midblock;Local Street;C: Possible Injury;New Hanover;Unknown;Clear;#NULL!;6-10 mph;40 - 45  MPH;2008;Dark - Lighted Roadway;Unknown
34.2436767701, -77.8838623033;"{""type"": ""Point"", ""coordinates"": [-77.88386230331692, 34.2436767701129]}";White;Wilmington;Travel Lane;2;15;Urban (>70% Developed);Female;Sport Utility;0;#NULL!;0;0;White;No;0;50-59;Motorist Drive Out - Right Turn on Red;None;No;No;Dry;0;Urban;No;14JUN2008;0;15:18;Female;No;Commercial;C: Possible Injury;Yes;O: No Injury;5884;June;0;Straight - Level;Coastal;Facing Traffic;Stop And Go Signal;Saturday;Intersection;55;0;Two-Way, Divided, Unprotected Median;8 lanes;0;#NULL!;#NULL!;Coarse Asphalt;#NULL!;Four-Way Intersection;Motorist Failed to Yield - Signalized Intersection;Local Street;C: Possible Injury;New Hanover;23;Clear;#NULL!;0-5 mph;40 - 45  MPH;2008;Daylight;20-24