Geo Point;Geo Shape;BikeRace;City;BikePos;NumUnits;CrashHour;Locality;BikeSex;DrvrVehTyp;NumBikesNo;BikeAlcDrg;NumBikesBI;RteInvdCd;DrvrRace;Workzone;NumBikesCi;BikeAgeGrp;CrashType;RdDefects;CrashAlcoh;BikeAlcoho;RdConditio;DstncMiFrm;RuralUrban;HitRun;CrashDate;NumBikesUI;CrashTime;DrvrSex;DrvrAlcoho;Developmen;CrashSevr;AmbulanceR;DrvrInjury;OBJECTID;CrashMonth;NumBikesKi;RdCharacte;Region;BikeDir;TraffCntrl;CrashDay;CrashLoc;BikeAge;NumBikesTo;RdConfig;NumLanes;NumBikesAI;DrvrAlcDrg;OnRoad;RdSurface;Towrd_Rd;RdFeature;CrashGrp;RdClass;BikeInjury;County;DrvrAge;Weather;FrmRd;DrvrEstSpd;SpeedLimit;CrashYear;LightCond;DrvrAgeGrp
35.2632128924, -80.7716732224;"{""type"": ""Point"", ""coordinates"": [-80.77167322235424, 35.26321289238436]}";White;Charlotte;Unknown;2;14;Rural (<30% Developed);Male;Passenger Car;0;#NULL!;0;0;Black;No;0;50-59;Bicyclist Ride Out - Midblock - Unknown;None;No;No;Dry;0;Urban;No;18JUL2008;0;14:11;Female;No;Commercial;C: Possible Injury;Yes;O: No Injury;5886;July;0;Straight - Level;Piedmont;Unknown;No Control Present;Friday;Non-Intersection;56;0;Two-Way, Not Divided;4 lanes;0;#NULL!;#NULL!;Smooth Asphalt;#NULL!;No Special Feature;Bicyclist Failed to Yield - Midblock;Local Street;C: Possible Injury;Mecklenburg;38;Clear;#NULL!;0-5 mph;40 - 45  MPH;2008;Daylight;30-39
33.9120866887, -78.1059923552;"{""type"": ""Point"", ""coordinates"": [-78.10599235516709, 33.91208668873649]}";White;Oak Island;Sidewalk / Crosswalk / Driveway Crossing;2;16;Urban (>70% Developed);Male;Sport Utility;0;#NULL!;0;0;White;No;0;16-19;Bicyclist Ride Through - Signalized Intersection;None;No;No;Dry;0;Urban;No;16JUN2008;0;16:50;Male;No;Commercial;C: Possible Injury;No;O: No Injury;5887;June;0;Straight - Level;Coastal;Facing Traffic;Stop And Go Signal;Monday;Intersection;17;0;Two-Way, Not Divided;3 lanes;0;#NULL!;#NULL!;Smooth Asphalt;#NULL!;Four-Way Intersection;Bicyclist Failed to Yield - Signalized Intersection;Local Street;C: Possible Injury;Brunswick;52;Clear;#NULL!;Unknown;30 - 35  MPH;2008;Daylight;50-59
35.2587620033, -77.5745872586;"{""type"": ""Point"", ""coordinates"": [-77.5745872586398, 35.258762003338504]}";Black;Kinston;Travel Lane;2;7;Urban (>70% Developed);Female;Pickup;0;#NULL!;0;0;White;No;0;6-10;Bicyclist Ride Out - Sign-Controlled Intersection;None;No;No;Dry;0;Urban;No;22JUL2008;0;7:21;Female;No;Commercial;O: No Injury;Yes;O: No Injury;5892;July;0;Straight - Level;Coastal;With Traffic;Stop Sign;Tuesday;Intersection;10;0;Two-Way, Not Divided;4 lanes;0;#NULL!;#NULL!;Smooth Asphalt;#NULL!;T-Intersection;Bicyclist Failed to Yield - Sign-Controlled Intersection;Local Street;O: No Injury;Lenoir;57;Clear;#NULL!;31-35 mph;30 - 35  MPH;2008;Daylight;50-59
35.5335110393, -78.2868424888;"{""type"": ""Point"", ""coordinates"": [-78.28684248875426, 35.53351103927801]}";Black;Selma;Travel Lane;2;13;Urban (>70% Developed);Male;Van;0;#NULL!;0;0;White;No;0;6-10;Bicyclist Ride Out - Sign-Controlled Intersection;None;No;No;Dry;0;Urban;No;24JUN2008;0;13:22;Male;No;Commercial;A: Disabling Injury;Yes;O: No Injury;5895;June;0;Straight - Level;Coastal;With Traffic;Stop Sign;Tuesday;Intersection;8;0;Two-Way, Divided, Unprotected Median;5 lanes;0;#NULL!;#NULL!;Smooth Asphalt;#NULL!;Four-Way Intersection;Bicyclist Failed to Yield - Sign-Controlled Intersection;US Route;A: Disabling Injury;Johnston;60;Clear;#NULL!;31-35 mph;30 - 35  MPH;2008;Daylight;60-69
35.275053895, -80.7743932239;"{""type"": ""Point"", ""coordinates"": [-80.77439322391756, 35.27505389501536]}";Black;Charlotte;Travel Lane;2;20;Urban (>70% Developed);Female;Passenger Car;0;#NULL!;0;0;Black;No;0;6-10;Bicyclist Lost Control - Mechanical Problems;None;No;No;Dry;0;Urban;No;22JUL2008;0;20:23;Female;No;Residential;O: No Injury;Yes;O: No Injury;5899;July;0;Straight - Level;Piedmont;With Traffic;Stop Sign;Tuesday;Intersection;9;0;Two-Way, Not Divided;2 lanes;0;#NULL!;#NULL!;Smooth Asphalt;#NULL!;No Special Feature;Loss of Control / Turning Error;Local Street;Unknown Injury;Mecklenburg;36;Cloudy;#NULL!;31-35 mph;30 - 35  MPH;2008;Daylight;30-39
35.2516548869, -80.8709982513;"{""type"": ""Point"", ""coordinates"": [-80.87099825125601, 35.25165488685373]}";White;Charlotte;Bike Lane / Paved Shoulder;2;7;Urban (>70% Developed);Male;Passenger Car;0;#NULL!;0;0;Black;No;0;25-29;Motorist Right Turn - Same Direction;None;No;No;Dry;0;Urban;No;07JUL2008;0;7:24;Male;No;Commercial;B: Evident Injury;No;O: No Injury;5913;July;0;Straight - Level;Piedmont;With Traffic;No Control Present;Monday;Non-Intersection;28;0;Two-Way, Divided, Unprotected Median;2 lanes;0;#NULL!;#NULL!;Smooth Asphalt;#NULL!;No Special Feature;Motorist Right Turn / Merge;Local Street;B: Evident Injury;Mecklenburg;46;Cloudy;#NULL!;31-35 mph;30 - 35  MPH;2008;Daylight;40-49
35.9485670617, -80.121853066;"{""type"": ""Point"", ""coordinates"": [-80.12185306600854, 35.94856706173782]}";White;None - Rural Crash;Travel Lane;2;10;Mixed (30% To 70% Developed);Male;Passenger Car;0;#NULL!;0;0;Hispanic;No;0;60-69;Motorist Drive Through - Signalized Intersection;None;No;No;Dry;0;Rural;No;30JUN2008;0;10:11;Female;No;Institutional;C: Possible Injury;No;O: No Injury;5915;June;0;Straight - Level;Piedmont;With Traffic;Stop And Go Signal;Monday;Intersection;66;0;Two-Way, Divided, Unprotected Median;4 lanes;0;#NULL!;#NULL!;Smooth Asphalt;#NULL!;Four-Way Intersection;Motorist Failed to Yield - Signalized Intersection;NC Route;C: Possible Injury;Davidson;32;Clear;#NULL!;11-15 mph;50 - 55  MPH;2008;Daylight;30-39
36.1745031978, -77.6682523343;"{""type"": ""Point"", ""coordinates"": [-77.66825233431193, 36.174503197843634]}";Black;Enfield;Non-Roadway;2;2;Rural (<30% Developed);Male;Passenger Car;0;#NULL!;0;0;Black;No;0;40-49;Non-Roadway;None;No;No;Wet;0;Rural;No;02JUL2008;0;2:20;Male;No;Residential;O: No Injury;Yes;O: No Injury;5920;July;0;Unknown;Coastal;Not Applicable;Missing;Wednesday;Non-Roadway;42;0;Unknown;Unknown;0;#NULL!;#NULL!;Soil;#NULL!;No Special Feature;Non-Roadway;Private Road, Driveway;Unknown Injury;Halifax;31;Clear;#NULL!;11-15 mph;Unknown;2008;Dark - Unknown Lighting;30-39
36.0463970935, -79.8221129813;"{""type"": ""Point"", ""coordinates"": [-79.82211298130595, 36.04639709351236]}";Black;Greensboro;Travel Lane;2;17;Urban (>70% Developed);Male;Passenger Car;0;#NULL!;0;0;White;No;0;40-49;Motorist Drive Out - Sign-Controlled Intersection;None;No;No;Dry;0;Urban;No;28JUN2008;0;17:00;Female;No;Residential;C: Possible Injury;Yes;O: No Injury;5921;June;0;Straight - Level;Piedmont;With Traffic;No Control Present;Saturday;Intersection;47;0;Two-Way, Not Divided;5 lanes;0;#NULL!;#NULL!;Smooth Asphalt;#NULL!;No Special Feature;Motorist Failed to Yield - Sign-Controlled Intersection;Local Street;C: Possible Injury;Guilford;70+;Clear;#NULL!;16-20 mph;30 - 35  MPH;2008;Daylight;70+
35.4457869279, -80.8664132607;"{""type"": ""Point"", ""coordinates"": [-80.86641326067297, 35.445786927947665]}";White;Huntersville;Travel Lane;2;15;Urban (>70% Developed);Male;Passenger Car;0;#NULL!;0;0;White;No;0;40-49;Motorist Left Turn - Opposite Direction;None;No;No;Dry;0;Urban;No;03JUL2008;0;15:52;Female;No;Commercial;C: Possible Injury;Yes;O: No Injury;5931;July;0;Straight - Grade;Piedmont;With Traffic;Stop Sign;Thursday;Intersection;45;0;Two-Way, Not Divided;2 lanes;0;#NULL!;#NULL!;Smooth Asphalt;#NULL!;T-Intersection;Motorist Left Turn / Merge;Local Street;C: Possible Injury;Mecklenburg;37;Clear;#NULL!;0-5 mph;40 - 45  MPH;2008;Daylight;30-39
36.2075470579, -81.6723335446;"{""type"": ""Point"", ""coordinates"": [-81.67233354464106, 36.207547057927705]}";Black;Boone;Non-Roadway;2;21;Urban (>70% Developed);Male;Passenger Car;0;#NULL!;0;0;White;No;0;11-15;Non-Roadway;None;Yes;No;Dry;0;Urban;No;07JUL2008;0;21:09;Male;Yes;Commercial;B: Evident Injury;Yes;O: No Injury;5942;July;0;Straight - Grade;Mountains;Not Applicable;No Control Present;Monday;Non-Roadway;13;0;Two-Way, Not Divided;Unknown;0;#NULL!;#NULL!;Smooth Asphalt;#NULL!;No Special Feature;Non-Roadway;Public Vehicular Area;B: Evident Injury;Watauga;48;Clear;#NULL!;16-20 mph;Unknown;2008;Dusk;40-49
35.013936904, -78.9363126584;"{""type"": ""Point"", ""coordinates"": [-78.93631265842372, 35.01393690403994]}";Black;None - Rural Crash;Travel Lane;2;23;Mixed (30% To 70% Developed);Male;Unknown;0;#NULL!;0;0;Unknown/Missing;No;0;30-39;Motorist Overtaking - Other / Unknown;None;No;No;Wet;0;Rural;Yes;08JUL2008;0;23:05;Unknown;Missing;Commercial;C: Possible Injury;Yes;Unknown Injury;5944;July;0;Straight - Level;Coastal;With Traffic;Missing;Tuesday;Non-Intersection;34;0;Two-Way, Not Divided;5 lanes;0;#NULL!;#NULL!;Coarse Asphalt;#NULL!;No Special Feature;Motorist Overtaking Bicyclist;State Secondary Route;C: Possible Injury;Cumberland;Unknown;Cloudy;#NULL!;31-35 mph;40 - 45  MPH;2008;Dark - Roadway Not Lighted;Unknown
34.9778129031, -78.7466376004;"{""type"": ""Point"", ""coordinates"": [-78.74663760035315, 34.97781290310423]}";White;None - Rural Crash;Travel Lane;2;22;Rural (<30% Developed);Male;Unknown;0;#NULL!;0;0;Unknown/Missing;No;0;11-15;Motorist Overtaking - Undetected Bicyclist;None;No;No;Dry;0;Rural;Yes;09JUL2008;0;22:49;Unknown;Missing;Farms, Woods, Pastures;C: Possible Injury;Yes;Unknown Injury;5947;July;0;Straight - Level;Coastal;With Traffic;Double Yellow Line, No Passing Zone;Wednesday;Non-Intersection;15;0;Two-Way, Not Divided;2 lanes;0;#NULL!;#NULL!;Coarse Asphalt;#NULL!;T-Intersection;Motorist Overtaking Bicyclist;State Secondary Route;C: Possible Injury;Cumberland;Unknown;Clear;#NULL!;51-55 mph;50 - 55  MPH;2008;Dark - Roadway Not Lighted;Unknown
36.2540242627, -76.2716519102;"{""type"": ""Point"", ""coordinates"": [-76.27165191016061, 36.25402426267004]}";Black;None - Rural Crash;Travel Lane;2;20;Rural (<30% Developed);Male;Passenger Car;0;#NULL!;0;0;White;No;0;11-15;Bicyclist Left Turn - Same Direction;None;No;No;Dry;0;Rural;No;03AUG2008;0;20:05;Male;No;Farms, Woods, Pastures;A: Disabling Injury;Yes;O: No Injury;5948;August;0;Straight - Level;Coastal;With Traffic;No Control Present;Sunday;Non-Intersection;15;0;Two-Way, Not Divided;2 lanes;0;#NULL!;#NULL!;Coarse Asphalt;#NULL!;No Special Feature;Bicyclist Left Turn / Merge;State Secondary Route;A: Disabling Injury;Pasquotank;21;Clear;#NULL!;41-45 mph;40 - 45  MPH;2008;Dark - Roadway Not Lighted;20-24
35.9447131179, -78.5448225895;"{""type"": ""Point"", ""coordinates"": [-78.54482258951175, 35.944713117900264]}";White;Raleigh;Travel Lane;2;16;Urban (>70% Developed);Male;Pickup;0;#NULL!;0;0;White;No;0;40-49;Motorist Drive Out - Sign-Controlled Intersection;None;No;No;Dry;0;Urban;No;14JUL2008;0;16:43;Male;No;Commercial;C: Possible Injury;No;O: No Injury;5949;July;0;Straight - Level;Piedmont;With Traffic;Stop Sign;Monday;Intersection;49;0;Two-Way, Not Divided;2 lanes;0;#NULL!;#NULL!;Smooth Asphalt;#NULL!;No Special Feature;Motorist Failed to Yield - Sign-Controlled Intersection;Local Street;C: Possible Injury;Wake;66;Clear;#NULL!;6-10 mph;30 - 35  MPH;2008;Daylight;60-69
35.1670828727, -80.7423892088;"{""type"": ""Point"", ""coordinates"": [-80.74238920882803, 35.16708287267948]}";Black;Charlotte;Sidewalk / Crosswalk / Driveway Crossing;2;12;Urban (>70% Developed);Male;Sport Utility;0;#NULL!;0;0;White;No;0;25-29;Bicyclist Ride Through - Signalized Intersection;None;No;No;Dry;0;Urban;No;08AUG2008;0;12:22;Male;No;Commercial;B: Evident Injury;Yes;O: No Injury;5959;August;0;Straight - Grade;Piedmont;Facing Traffic;Missing;Friday;Intersection;25;0;Two-Way, Divided, Unprotected Median;4 lanes;0;#NULL!;#NULL!;Smooth Asphalt;#NULL!;No Special Feature;Bicyclist Failed to Yield - Signalized Intersection;Local Street;B: Evident Injury;Mecklenburg;23;Clear;#NULL!;0-5 mph;40 - 45  MPH;2008;Daylight;20-24
34.3925968023, -77.9172763212;"{""type"": ""Point"", ""coordinates"": [-77.91727632120696, 34.392596802274205]}";White;None - Rural Crash;Travel Lane;2;0;Rural (<30% Developed);Female;Passenger Car;0;#NULL!;0;0;Black;No;0;11-15;Bicyclist Left Turn - Same Direction;None;No;No;Dry;0;Rural;No;10AUG2008;0;0:25;Female;No;Farms, Woods, Pastures;A: Disabling Injury;Yes;O: No Injury;5962;August;0;Straight - Level;Coastal;With Traffic;No Control Present;Sunday;Non-Intersection;14;0;Two-Way, Not Divided;2 lanes;0;#NULL!;#NULL!;Coarse Asphalt;#NULL!;No Special Feature;Bicyclist Left Turn / Merge;State Secondary Route;A: Disabling Injury;Pender;24;Clear;#NULL!;51-55 mph;50 - 55  MPH;2008;Dark - Roadway Not Lighted;20-24
35.3025849025, -80.7291032116;"{""type"": ""Point"", ""coordinates"": [-80.7291032116008, 35.30258490245952]}";White;Charlotte;Sidewalk / Crosswalk / Driveway Crossing;2;14;Mixed (30% To 70% Developed);Male;Pickup;0;#NULL!;0;0;White;No;0;20-24;Bicyclist Failed to Clear - Trapped;None;No;No;Dry;0;Urban;No;12AUG2008;0;14:15;Male;No;Commercial;C: Possible Injury;Yes;O: No Injury;5963;August;0;Straight - Level;Piedmont;With Traffic;Stop And Go Signal;Tuesday;Intersection;20;0;Two-Way, Divided, Unprotected Median;3 lanes;0;#NULL!;#NULL!;Smooth Asphalt;#NULL!;No Special Feature;Bicyclist Failed to Yield - Signalized Intersection;Local Street;C: Possible Injury;Mecklenburg;20;Clear;#NULL!;0-5 mph;40 - 45  MPH;2008;Daylight;20-24
35.078562916, -78.9889476778;"{""type"": ""Point"", ""coordinates"": [-78.98894767779997, 35.078562916034166]}";Black;Fayetteville;Travel Lane;2;16;Urban (>70% Developed);Male;Passenger Car;0;#NULL!;0;0;Black;No;0;11-15;Motorist Overtaking - Bicyclist Swerved;None;No;No;Dry;0;Urban;No;15AUG2008;0;16:41;Female;No;Residential;O: No Injury;No;O: No Injury;5973;August;0;Straight - Level;Coastal;With Traffic;No Control Present;Friday;Non-Intersection;12;0;Two-Way, Not Divided;2 lanes;0;#NULL!;#NULL!;Smooth Asphalt;#NULL!;No Special Feature;Motorist Overtaking Bicyclist;Local Street;O: No Injury;Cumberland;25;Clear;#NULL!;21-25 mph;20 - 25  MPH;2008;Daylight;25-29
35.905347099, -78.8606426825;"{""type"": ""Point"", ""coordinates"": [-78.86064268245737, 35.90534709901457]}";Unknown/Missing;None - Rural Crash;Bike Lane / Paved Shoulder;2;15;Rural (<30% Developed);Unknown;Pedalcycle;0;#NULL!;0;0;Unknown/Missing;No;0;Unknown;Motorist Drive Out - Sign-Controlled Intersection;None;No;Missing;Dry;0;Rural;Yes;18JUL2008;0;15:45;Unknown;No;Commercial;Unknown Injury;No;Unknown Injury;5983;July;0;Curve - Bottom;Piedmont;With Traffic;Stop Sign;Friday;Intersection;Unknown;0;Two-Way, Divided, Unprotected Median;2 lanes;0;#NULL!;#NULL!;Smooth Asphalt;#NULL!;T-Intersection;Motorist Failed to Yield - Sign-Controlled Intersection;State Secondary Route;Unknown Injury;Durham;43;Cloudy;#NULL!;Unknown;Unknown;2008;Daylight;40-49
35.9352790982, -79.0560177439;"{""type"": ""Point"", ""coordinates"": [-79.05601774388468, 35.93527909823597]}";White;Chapel Hill;Sidewalk / Crosswalk / Driveway Crossing;2;13;Urban (>70% Developed);Male;Passenger Car;0;#NULL!;0;0;Black;No;0;60-69;Motorist Drive Out - Right Turn on Red;None;No;No;Dry;0;Urban;No;21JUL2008;0;13:56;Male;No;Residential;C: Possible Injury;Yes;O: No Injury;5989;July;0;Straight - Level;Piedmont;Facing Traffic;Stop And Go Signal;Monday;Intersection;63;0;Two-Way, Not Divided;2 lanes;0;#NULL!;#NULL!;Smooth Asphalt;#NULL!;Related To Intersection;Motorist Failed to Yield - Signalized Intersection;Local Street;C: Possible Injury;Orange;62;Clear;#NULL!;0-5 mph;30 - 35  MPH;2008;Daylight;60-69
35.1296768575, -80.9419732657;"{""type"": ""Point"", ""coordinates"": [-80.94197326573081, 35.129676857451734]}";White;Charlotte;Sidewalk / Crosswalk / Driveway Crossing;2;23;Urban (>70% Developed);Male;Passenger Car;0;#NULL!;0;0;White;No;0;50-59;Signalized Intersection - Other / Unknown;None;Yes;Yes;Dry;0;Urban;No;18AUG2008;0;23:55;Male;No;Commercial;B: Evident Injury;Yes;O: No Injury;5991;August;0;Straight - Level;Piedmont;Facing Traffic;Stop And Go Signal;Monday;Intersection;57;0;Two-Way, Divided, Unprotected Median;7 lanes;0;#NULL!;#NULL!;Smooth Asphalt;#NULL!;Four-Way Intersection;Crossing Paths - Other Circumstances;NC Route;B: Evident Injury;Mecklenburg;24;Clear;#NULL!;0-5 mph;40 - 45  MPH;2008;Dark - Lighted Roadway;20-24
34.6318668187, -78.9918326566;"{""type"": ""Point"", ""coordinates"": [-78.99183265664259, 34.63186681868041]}";Black;Lumberton;Travel Lane;2;12;Urban (>70% Developed);Male;Unknown;0;#NULL!;0;0;Unknown/Missing;No;0;25-29;Motorist Drive Out - Commercial Driveway / Alley;None;No;No;Wet;0;Urban;Yes;26JUL2008;0;12:50;Unknown;Missing;Commercial;B: Evident Injury;Yes;Unknown Injury;5995;July;0;Straight - Level;Coastal;Facing Traffic;Missing;Saturday;Non-Intersection;27;0;Two-Way, Not Divided;5 lanes;0;#NULL!;#NULL!;Smooth Asphalt;#NULL!;No Special Feature;Motorist Failed to Yield - Midblock;NC Route;B: Evident Injury;Robeson;Unknown;Cloudy;#NULL!;16-20 mph;40 - 45  MPH;2008;Daylight;Unknown
35.5867608959, -82.5136987573;"{""type"": ""Point"", ""coordinates"": [-82.51369875725378, 35.58676089587947]}";White;Asheville;Travel Lane;2;22;Urban (>70% Developed);Male;Sport Utility;0;#NULL!;0;0;White;No;0;16-19;Signalized Intersection - Other / Unknown;None;No;No;Dry;0;Urban;No;23JUL2008;0;22:40;Male;No;Commercial;K: Killed;Yes;O: No Injury;5997;July;0;Straight - Level;Mountains;With Traffic;Stop And Go Signal;Wednesday;Intersection;19;0;Two-Way, Not Divided;5 lanes;0;#NULL!;#NULL!;Coarse Asphalt;#NULL!;Four-Way Intersection;Crossing Paths - Other Circumstances;US Route;K: Killed;Buncombe;70+;Cloudy;#NULL!;41-45 mph;40 - 45  MPH;2008;Dark - Lighted Roadway;70+
35.1056269215, -78.9951526816;"{""type"": ""Point"", ""coordinates"": [-78.99515268158355, 35.105626921534665]}";Black;Fayetteville;Non-Roadway;2;17;Urban (>70% Developed);Male;Passenger Car;0;#NULL!;0;0;White;No;0;Unknown;Motorist Left Turn - Opposite Direction;None;No;No;Dry;0;Urban;No;22JUL2008;0;17:57;Male;No;Commercial;O: No Injury;No;O: No Injury;6000;July;0;Straight - Level;Coastal;With Traffic;Stop And Go Signal;Tuesday;Intersection;Unknown;0;Two-Way, Not Divided;5 lanes;0;#NULL!;#NULL!;Smooth Asphalt;#NULL!;T-Intersection;Motorist Left Turn / Merge;Local Street;O: No Injury;Cumberland;19;Cloudy;#NULL!;0-5 mph;40 - 45  MPH;2008;Daylight;0-19
36.1052370906, -80.235003109;"{""type"": ""Point"", ""coordinates"": [-80.23500310900337, 36.10523709055818]}";Black;Winston-Salem;Travel Lane;2;7;Urban (>70% Developed);Male;Passenger Car;0;#NULL!;0;0;White;No;0;60-69;Motorist Drive Out - Sign-Controlled Intersection;None;No;No;Dry;0;Urban;No;17OCT2011;0;7:07;Female;No;Commercial;B: Evident Injury;Yes;O: No Injury;3534;October;0;Straight - Grade;Piedmont;With Traffic;Stop Sign;Monday;Intersection;64;0;Two-Way, Divided, Unprotected Median;4 lanes;0;#NULL!;#NULL!;Coarse Asphalt;#NULL!;Related To Intersection;Motorist Failed to Yield - Sign-Controlled Intersection;Local Street;B: Evident Injury;Forsyth;52;Clear;#NULL!;6-10 mph;30 - 35  MPH;2011;Dark - Roadway Not Lighted;50-59
36.2116471117, -80.2832031285;"{""type"": ""Point"", ""coordinates"": [-80.28320312850731, 36.21164711166992]}";White;None - Rural Crash;Travel Lane;2;13;Mixed (30% To 70% Developed);Female;Sport Utility;0;#NULL!;0;0;White;No;0;40-49;Bicyclist Left Turn - Same Direction;None;No;No;Dry;0;Rural;No;03NOV2011;0;13:40;Male;No;Residential;A: Disabling Injury;Yes;O: No Injury;3535;November;0;Straight - Level;Piedmont;With Traffic;No Control Present;Thursday;Non-Intersection;48;0;Two-Way, Not Divided;2 lanes;0;#NULL!;#NULL!;Smooth Asphalt;#NULL!;No Special Feature;Bicyclist Left Turn / Merge;State Secondary Route;A: Disabling Injury;Forsyth;67;Clear;#NULL!;41-45 mph;50 - 55  MPH;2011;Daylight;60-69
35.9790770733, -79.9963030302;"{""type"": ""Point"", ""coordinates"": [-79.99630303018012, 35.979077073349906]}";White;High Point;Sidewalk / Crosswalk / Driveway Crossing;2;16;Urban (>70% Developed);Female;Sport Utility;0;#NULL!;0;0;Black;No;0;16-19;Bicyclist Ride Out - Signalized  Intersection;None;No;No;Dry;0;Urban;No;27OCT2011;0;16:48;Male;No;Institutional;B: Evident Injury;No;O: No Injury;3557;October;0;Straight - Level;Piedmont;With Traffic;Stop And Go Signal;Thursday;Intersection;18;0;Two-Way, Not Divided;5 lanes;0;#NULL!;#NULL!;Smooth Asphalt;#NULL!;Four-Way Intersection;Bicyclist Failed to Yield - Signalized Intersection;Local Street;B: Evident Injury;Guilford;26;Clear;#NULL!;26-30 mph;30 - 35  MPH;2011;Daylight;25-29
34.5648568405, -77.9146023286;"{""type"": ""Point"", ""coordinates"": [-77.91460232858789, 34.56485684052585]}";Black;Burgaw;Bike Lane / Paved Shoulder;2;22;Mixed (30% To 70% Developed);Male;Pickup;0;#NULL!;0;0;White;No;0;50-59;Motorist Overtaking - Misjudged Space;None;No;No;Dry;0;Rural;No;21OCT2011;0;22:03;Male;No;Residential;B: Evident Injury;Yes;O: No Injury;3563;October;0;Straight - Level;Coastal;With Traffic;No Control Present;Friday;Non-Intersection;53;0;Two-Way, Not Divided;2 lanes;0;#NULL!;#NULL!;Coarse Asphalt;#NULL!;No Special Feature;Motorist Overtaking Bicyclist;NC Route;B: Evident Injury;Pender;31;Clear;#NULL!;31-35 mph;30 - 35  MPH;2011;Dark - Roadway Not Lighted;30-39
34.8275968557, -79.1740027213;"{""type"": ""Point"", ""coordinates"": [-79.1740027212822, 34.82759685565108]}";Native American;Red Springs;Travel Lane;2;17;Urban (>70% Developed);Male;Passenger Car;0;#NULL!;0;0;Other;No;0;6-10;Crossing Paths - Intersection - Other / Unknown;None;No;No;Wet;0;Rural;No;19OCT2011;0;17:45;Male;No;Residential;C: Possible Injury;Yes;O: No Injury;3564;October;0;Straight - Level;Coastal;Not Applicable;Stop Sign;Wednesday;Intersection-Related;8;0;Two-Way, Not Divided;2 lanes;0;#NULL!;#NULL!;Coarse Asphalt;#NULL!;No Special Feature;Crossing Paths - Other Circumstances;Local Street;C: Possible Injury;Robeson;18;Rain;#NULL!;16-20 mph;30 - 35  MPH;2011;Daylight;0-19
33.899736672, -78.5509024882;"{""type"": ""Point"", ""coordinates"": [-78.5509024882031, 33.89973667202459]}";Black;None - Rural Crash;Bike Lane / Paved Shoulder;2;20;Rural (<30% Developed);Male;Unknown;0;#NULL!;0;0;Unknown/Missing;No;0;20-24;Motorist Lost Control - Other / Unknown;None;No;No;Dry;0;Rural;Yes;30OCT2011;0;20:42;Unknown;Missing;Farms, Woods, Pastures;B: Evident Injury;Yes;Unknown Injury;3566;October;0;Straight - Level;Coastal;Facing Traffic;No Control Present;Sunday;Non-Intersection;21;0;Two-Way, Not Divided;2 lanes;0;#NULL!;#NULL!;Coarse Asphalt;#NULL!;No Special Feature;Loss of Control / Turning Error;NC Route;B: Evident Injury;Brunswick;Unknown;Clear;#NULL!;Unknown;50 - 55  MPH;2011;Dark - Roadway Not Lighted;Unknown
36.2025970575, -81.6537035383;"{""type"": ""Point"", ""coordinates"": [-81.65370353828459, 36.20259705750852]}";White;Boone;Non-Roadway;2;11;Urban (>70% Developed);Male;Passenger Car;0;#NULL!;0;0;White;No;0;20-24;Crossing Paths - Uncontrolled Intersection;None;No;No;Dry;0;Urban;No;01NOV2011;0;11:27;Female;No;Commercial;B: Evident Injury;No;O: No Injury;3573;November;0;Straight - Level;Mountains;Not Applicable;Double Yellow Line, No Passing Zone;Tuesday;Intersection-Related;20;0;Two-Way, Not Divided;2 lanes;0;#NULL!;#NULL!;Smooth Asphalt;#NULL!;No Special Feature;Crossing Paths - Other Circumstances;Local Street;B: Evident Injury;Watauga;36;Clear;#NULL!;16-20 mph;20 - 25  MPH;2011;Daylight;30-39
35.9089871085, -78.5926026016;"{""type"": ""Point"", ""coordinates"": [-78.59260260161645, 35.90898710849757]}";Black;Raleigh;Travel Lane;2;18;Urban (>70% Developed);Male;Passenger Car;0;#NULL!;0;0;White;No;0;40-49;Motorist Drive Out - Sign-Controlled Intersection;None;No;No;Dry;0;Urban;No;11NOV2011;0;18:13;Male;No;Residential;C: Possible Injury;Yes;O: No Injury;3574;November;0;Straight - Level;Piedmont;With Traffic;Stop Sign;Friday;Intersection;46;0;Two-Way, Divided, Unprotected Median;2 lanes;0;#NULL!;#NULL!;Smooth Asphalt;#NULL!;No Special Feature;Motorist Failed to Yield - Sign-Controlled Intersection;Local Street;C: Possible Injury;Wake;23;Clear;#NULL!;6-10 mph;20 - 25  MPH;2011;Dark - Lighted Roadway;20-24
35.9131669664, -82.4356037534;"{""type"": ""Point"", ""coordinates"": [-82.43560375338815, 35.9131669664006]}";White;None - Rural Crash;Travel Lane;2;14;Rural (<30% Developed);Male;Passenger Car;0;#NULL!;0;0;White;Yes;0;40-49;Motorist Overtaking - Misjudged Space;None;No;No;Dry;0;Rural;No;26NOV2011;0;14:40;Male;No;Farms, Woods, Pastures;C: Possible Injury;No;O: No Injury;3584;November;0;Straight - Level;Mountains;With Traffic;Double Yellow Line, No Passing Zone;Saturday;Non-Intersection;47;0;Two-Way, Not Divided;2 lanes;0;#NULL!;#NULL!;Smooth Asphalt;#NULL!;No Special Feature;Motorist Overtaking Bicyclist;US Route;C: Possible Injury;Yancey;25;Clear;#NULL!;51-55 mph;50 - 55  MPH;2011;Daylight;25-29