Geo Point;Geo Shape;BikeRace;City;BikePos;NumUnits;CrashHour;Locality;BikeSex;DrvrVehTyp;NumBikesNo;BikeAlcDrg;NumBikesBI;RteInvdCd;DrvrRace;Workzone;NumBikesCi;BikeAgeGrp;CrashType;RdDefects;CrashAlcoh;BikeAlcoho;RdConditio;DstncMiFrm;RuralUrban;HitRun;CrashDate;NumBikesUI;CrashTime;DrvrSex;DrvrAlcoho;Developmen;CrashSevr;AmbulanceR;DrvrInjury;OBJECTID;CrashMonth;NumBikesKi;RdCharacte;Region;BikeDir;TraffCntrl;CrashDay;CrashLoc;BikeAge;NumBikesTo;RdConfig;NumLanes;NumBikesAI;DrvrAlcDrg;OnRoad;RdSurface;Towrd_Rd;RdFeature;CrashGrp;RdClass;BikeInjury;County;DrvrAge;Weather;FrmRd;DrvrEstSpd;SpeedLimit;CrashYear;LightCond;DrvrAgeGrp
34.2321067682, -77.8711022994;"{""type"": ""Point"", ""coordinates"": [-77.87110229938067, 34.23210676820834]}";White;Wilmington;Sidewalk / Crosswalk / Driveway Crossing;3;13;Urban (>70% Developed);Female;Sport Utility;0;#NULL!;0;0;White;No;0;16-19;Motorist Drive Out - Commercial Driveway / Alley;None;No;No;Dry;0;Urban;No;12NOV2011;0;13:19;Male;No;Commercial;B: Evident Injury;Yes;O: No Injury;3602;November;0;Straight - Level;Coastal;Facing Traffic;No Control Present;Saturday;Non-Intersection;19;0;Two-Way, Not Divided;2 lanes;0;#NULL!;#NULL!;Smooth Asphalt;#NULL!;No Special Feature;Motorist Failed to Yield - Midblock;Local Street;B: Evident Injury;New Hanover;23;Clear;#NULL!;0-5 mph;20 - 25  MPH;2011;Daylight;20-24
35.2629968891, -80.8547032469;"{""type"": ""Point"", ""coordinates"": [-80.85470324687198, 35.26299688912374]}";Black;Charlotte;Sidewalk / Crosswalk / Driveway Crossing;2;23;Urban (>70% Developed);Male;Passenger Car;0;#NULL!;0;0;Black;No;0;40-49;Motorist Right Turn on Red - Same Direction;None;No;No;Dry;0;Urban;No;09DEC2011;0;23:22;Female;No;Residential;B: Evident Injury;Yes;O: No Injury;3610;December;0;Straight - Level;Piedmont;With Traffic;Stop And Go Signal;Friday;Intersection;42;0;Two-Way, Not Divided;4 lanes;0;#NULL!;#NULL!;Concrete;#NULL!;No Special Feature;Motorist Right Turn / Merge;Local Street;B: Evident Injury;Mecklenburg;26;Clear;#NULL!;6-10 mph;30 - 35  MPH;2011;Dark - Lighted Roadway;25-29
36.2084271272, -79.8437029968;"{""type"": ""Point"", ""coordinates"": [-79.84370299684113, 36.20842712716061]}";White;None - Rural Crash;Travel Lane;2;10;Mixed (30% To 70% Developed);Male;Sport Utility;0;#NULL!;0;0;White;No;0;30-39;Motorist Overtaking - Other / Unknown;None;No;No;Dry;0;Rural;No;10DEC2011;0;10:58;Female;No;Residential;A: Disabling Injury;Yes;O: No Injury;3619;December;0;Straight - Hillcrest;Piedmont;With Traffic;No Control Present;Saturday;Non-Intersection;39;0;Two-Way, Not Divided;2 lanes;0;#NULL!;#NULL!;Smooth Asphalt;#NULL!;No Special Feature;Motorist Overtaking Bicyclist;State Secondary Route;A: Disabling Injury;Guilford;38;Clear;#NULL!;46-50 mph;50 - 55  MPH;2011;Daylight;30-39
35.9876570011, -81.9480036133;"{""type"": ""Point"", ""coordinates"": [-81.9480036132637, 35.987657001063326]}";White;None - Rural Crash;Travel Lane;2;14;Mixed (30% To 70% Developed);Female;Pickup;0;#NULL!;0;0;White;No;0;16-19;Head-On - Motorist;None;No;No;Dry;0;Rural;No;15DEC2011;0;14:26;Male;No;Farms, Woods, Pastures;K: Killed;Yes;O: No Injury;3622;December;0;Straight - Grade;Mountains;With Traffic;Double Yellow Line, No Passing Zone;Thursday;Non-Intersection;19;0;Two-Way, Not Divided;2 lanes;0;#NULL!;#NULL!;Smooth Asphalt;#NULL!;No Special Feature;Head-On;US Route;K: Killed;Avery;19;Cloudy;#NULL!;41-45 mph;40 - 45  MPH;2011;Daylight;0-19
34.3973668117, -77.6493022395;"{""type"": ""Point"", ""coordinates"": [-77.64930223952707, 34.397366811706696]}";White;None - Rural Crash;Travel Lane;2;9;Mixed (30% To 70% Developed);Male;Passenger Car;0;#NULL!;0;0;White;No;0;70+;Bicyclist Left Turn - Same Direction;None;No;No;Dry;0;Rural;No;16NOV2011;0;9:56;Male;No;Residential;B: Evident Injury;Yes;O: No Injury;3628;November;0;Straight - Level;Coastal;With Traffic;No Control Present;Wednesday;Intersection;70+;0;Two-Way, Not Divided;2 lanes;0;#NULL!;#NULL!;Smooth Asphalt;#NULL!;T-Intersection;Bicyclist Left Turn / Merge;State Secondary Route;B: Evident Injury;Pender;70+;Clear;#NULL!;21-25 mph;20 - 25  MPH;2011;Daylight;70+
35.055466915, -78.8869026457;"{""type"": ""Point"", ""coordinates"": [-78.88690264567167, 35.05546691496295]}";White;Fayetteville;Travel Lane;2;21;Urban (>70% Developed);Male;Passenger Car;0;#NULL!;0;0;White;No;0;50-59;Motorist Left Turn - Opposite Direction;None;No;No;Dry;0;Urban;No;01DEC2011;0;21:12;Male;No;Commercial;B: Evident Injury;Yes;O: No Injury;3629;December;0;Straight - Level;Coastal;With Traffic;Stop And Go Signal;Thursday;Intersection;51;0;Two-Way, Not Divided;6 lanes;0;#NULL!;#NULL!;Coarse Asphalt;#NULL!;No Special Feature;Motorist Left Turn / Merge;Local Street;B: Evident Injury;Cumberland;42;Clear;#NULL!;6-10 mph;30 - 35  MPH;2011;Dark - Lighted Roadway;40-49
34.9030869254, -77.5832022445;"{""type"": ""Point"", ""coordinates"": [-77.58320224447951, 34.903086925448186]}";White;None - Rural Crash;Travel Lane;2;11;Rural (<30% Developed);Male;Passenger Car;0;#NULL!;0;0;White;No;0;11-15;Bicyclist Right Turn - Same Direction;None;No;No;Dry;0;Rural;No;23DEC2011;0;11:55;Female;No;Farms, Woods, Pastures;O: No Injury;No;O: No Injury;3634;December;0;Curve - Level;Coastal;With Traffic;Double Yellow Line, No Passing Zone;Friday;Non-Intersection;15;0;Two-Way, Not Divided;2 lanes;0;#NULL!;#NULL!;Coarse Asphalt;#NULL!;No Special Feature;Bicyclist Right Turn / Merge;State Secondary Route;O: No Injury;Onslow;70+;Clear;#NULL!;31-35 mph;50 - 55  MPH;2011;Daylight;70+
34.7684369028, -77.3852021777;"{""type"": ""Point"", ""coordinates"": [-77.38520217771702, 34.76843690277975]}";White;Jacksonville;Travel Lane;2;13;Urban (>70% Developed);Male;Passenger Car;0;#NULL!;0;0;White;No;0;16-19;Bicyclist Ride Out - Other Midblock;None;No;No;Dry;0;Urban;No;06DEC2011;0;13:34;Male;No;Commercial;B: Evident Injury;Yes;O: No Injury;3637;December;0;Straight - Level;Coastal;Not Applicable;No Control Present;Tuesday;Non-Intersection;17;0;Two-Way, Divided, Unprotected Median;7 lanes;0;#NULL!;#NULL!;Grooved Concrete;#NULL!;No Special Feature;Bicyclist Failed to Yield - Midblock;NC Route;B: Evident Injury;Onslow;50;Clear;#NULL!;26-30 mph;40 - 45  MPH;2011;Daylight;50-59
35.7523970974, -77.9602024015;"{""type"": ""Point"", ""coordinates"": [-77.96020240146095, 35.75239709743718]}";Black;Wilson;Travel Lane;2;19;Urban (>70% Developed);Male;Light Truck (Mini-Van, Panel);0;#NULL!;0;0;White;No;0;50-59;Motorist Overtaking - Undetected Bicyclist;None;No;No;Dry;0;Urban;No;22NOV2011;0;19:48;Male;No;Commercial;B: Evident Injury;Yes;O: No Injury;3641;November;0;Straight - Bottom;Coastal;With Traffic;No Control Present;Tuesday;Non-Intersection;50;0;Two-Way, Not Divided;5 lanes;0;#NULL!;#NULL!;Smooth Asphalt;#NULL!;No Special Feature;Motorist Overtaking Bicyclist;Local Street;B: Evident Injury;Wilson;69;Cloudy;#NULL!;41-45 mph;40 - 45  MPH;2011;Dark - Lighted Roadway;60-69
35.664657049, -78.8006026515;"{""type"": ""Point"", ""coordinates"": [-78.80060265147512, 35.66465704896846]}";White;Holly Springs;Travel Lane;2;14;Urban (>70% Developed);Male;Passenger Car;0;#NULL!;0;0;White;No;0;20-24;Motorist Left Turn - Opposite Direction;None;No;No;Dry;0;Urban;No;14DEC2011;0;14:41;Male;No;Residential;C: Possible Injury;No;O: No Injury;3642;December;0;Straight - Level;Piedmont;With Traffic;No Control Present;Wednesday;Intersection;23;0;Two-Way, Not Divided;2 lanes;0;#NULL!;#NULL!;Coarse Asphalt;#NULL!;Driveway, Private;Motorist Left Turn / Merge;Local Street;C: Possible Injury;Wake;65;Clear;#NULL!;0-5 mph;30 - 35  MPH;2011;Daylight;60-69
34.215336764, -77.887202303;"{""type"": ""Point"", ""coordinates"": [-77.8872023030408, 34.21533676396708]}";Black;Wilmington;Travel Lane;2;11;Urban (>70% Developed);Male;Passenger Car;0;#NULL!;0;0;White;No;0;50-59;Motorist Left Turn - Opposite Direction;None;No;No;Dry;0;Urban;No;02DEC2011;0;11:31;Female;No;Commercial;B: Evident Injury;Yes;O: No Injury;3648;December;0;Straight - Level;Coastal;With Traffic;Stop Sign;Friday;Intersection;55;0;Two-Way, Not Divided;5 lanes;0;#NULL!;#NULL!;Grooved Concrete;#NULL!;Four-Way Intersection;Motorist Left Turn / Merge;Local Street;B: Evident Injury;New Hanover;22;Clear;#NULL!;6-10 mph;30 - 35  MPH;2011;Daylight;20-24
36.0677971008, -79.7572029625;"{""type"": ""Point"", ""coordinates"": [-79.75720296249997, 36.067797100751086]}";Black;Greensboro;Travel Lane;2;17;Urban (>70% Developed);Male;Pickup;0;#NULL!;0;0;Black;No;0;40-49;Bicyclist Ride Through - Sign-Controlled Intersection;None;No;No;Dry;0;Urban;No;31DEC2011;0;17:59;Male;No;Residential;A: Disabling Injury;Yes;O: No Injury;3660;December;0;Straight - Grade;Piedmont;With Traffic;Stop Sign;Saturday;Intersection;45;0;Two-Way, Divided, Unprotected Median;4 lanes;0;#NULL!;#NULL!;Smooth Asphalt;#NULL!;Four-Way Intersection;Bicyclist Failed to Yield - Sign-Controlled Intersection;Local Street;A: Disabling Injury;Guilford;48;Clear;#NULL!;31-35 mph;30 - 35  MPH;2011;Dark - Lighted Roadway;40-49
35.6552539346, -81.8670635698;"{""type"": ""Point"", ""coordinates"": [-81.86706356977615, 35.655253934629776]}";Asian;None - Rural Crash;Travel Lane;2;16;Mixed (30% To 70% Developed);Male;Pickup;0;#NULL!;0;0;White;No;0;11-15;Crossing Paths - Midblock - Other / Unknown;None;No;No;Dry;0;Rural;No;15JAN2010;0;16:50;Male;No;Residential;B: Evident Injury;Yes;O: No Injury;3673;January;0;Straight - Grade;Mountains;With Traffic;No Control Present;Friday;Non-Intersection;12;0;Two-Way, Not Divided;2 lanes;0;#NULL!;#NULL!;Smooth Asphalt;#NULL!;No Special Feature;Crossing Paths - Other Circumstances;State Secondary Route;B: Evident Injury;Mcdowell;45;Clear;#NULL!;36-40 mph;50 - 55  MPH;2010;Daylight;40-49
35.957557109, -78.8787126908;"{""type"": ""Point"", ""coordinates"": [-78.87871269080405, 35.957557108969596]}";White;Durham;Travel Lane;2;13;Urban (>70% Developed);Female;Sport Utility;0;#NULL!;0;0;Black;No;0;60-69;Bicyclist Left Turn - Same Direction;None;No;No;Dry;0;Urban;No;18JAN2010;0;13:38;Male;No;Commercial;C: Possible Injury;No;O: No Injury;3678;January;0;Straight - Level;Piedmont;With Traffic;Stop Sign;Monday;Intersection-Related;63;0;Two-Way, Not Divided;2 lanes;0;#NULL!;#NULL!;Smooth Asphalt;#NULL!;No Special Feature;Bicyclist Left Turn / Merge;Local Street;C: Possible Injury;Durham;64;Clear;#NULL!;11-15 mph;30 - 35  MPH;2010;Daylight;60-69
35.7610510766, -78.6138866001;"{""type"": ""Point"", ""coordinates"": [-78.61388660006688, 35.76105107658365]}";Black;Raleigh;Travel Lane;2;16;Mixed (30% To 70% Developed);Male;Unknown;0;#NULL!;0;0;Unknown/Missing;No;0;16-19;Signalized Intersection - Other / Unknown;None;No;No;Dry;0;Urban;Yes;13JAN2010;0;16:58;Unknown;Missing;Commercial;O: No Injury;No;Unknown Injury;3692;January;0;Straight - Grade;Piedmont;With Traffic;Stop And Go Signal;Wednesday;Intersection;18;0;Two-Way, Not Divided;4 lanes;0;#NULL!;#NULL!;Smooth Asphalt;#NULL!;No Special Feature;Crossing Paths - Other Circumstances;Local Street;O: No Injury;Wake;Unknown;Clear;#NULL!;16-20 mph;30 - 35  MPH;2010;Dusk;Unknown
35.2158348839, -80.7218582054;"{""type"": ""Point"", ""coordinates"": [-80.72185820542344, 35.21583488387525]}";Black;Charlotte;Travel Lane;2;17;Urban (>70% Developed);Male;Passenger Car;0;#NULL!;0;0;Black;No;0;6-10;Bicyclist Ride Through - Sign-Controlled Intersection;None;No;No;Dry;0;Urban;No;19JAN2010;0;17:24;Female;No;Commercial;B: Evident Injury;No;O: No Injury;3695;January;0;Straight - Grade;Piedmont;With Traffic;Stop Sign;Tuesday;Intersection;6;0;Two-Way, Not Divided;Unknown;0;#NULL!;#NULL!;Smooth Asphalt;#NULL!;Four-Way Intersection;Bicyclist Failed to Yield - Sign-Controlled Intersection;Public Vehicular Area;B: Evident Injury;Mecklenburg;23;Cloudy;#NULL!;6-10 mph;Unknown;2010;Dusk;20-24
35.3134609031, -80.7861732293;"{""type"": ""Point"", ""coordinates"": [-80.78617322934967, 35.31346090308441]}";Black;Charlotte;Travel Lane;2;21;Urban (>70% Developed);Male;Passenger Car;0;#NULL!;0;0;Black;No;0;40-49;Motorist Lost Control - Surface Conditions;Road Surface Condition;No;No;Ice;0;Urban;No;31JAN2010;0;21:20;Female;No;Commercial;C: Possible Injury;Yes;O: No Injury;3712;January;0;Straight - Level;Piedmont;With Traffic;No Control Present;Sunday;Non-Intersection;42;0;Two-Way, Not Divided;2 lanes;0;#NULL!;#NULL!;Smooth Asphalt;#NULL!;No Special Feature;Loss of Control / Turning Error;Local Street;C: Possible Injury;Mecklenburg;34;Clear;#NULL!;16-20 mph;40 - 45  MPH;2010;Dark - Roadway Not Lighted;30-39
35.9988551187, -78.8643626886;"{""type"": ""Point"", ""coordinates"": [-78.86436268857882, 35.9988551187247]}";Black;Durham;Non-Roadway;2;8;Urban (>70% Developed);Male;Sport Utility;0;#NULL!;0;0;Hispanic;No;0;6-10;Non-Roadway;None;No;No;Dry;0;Urban;No;28FEB2010;0;8:49;Male;No;Residential;O: No Injury;No;O: No Injury;3717;February;0;Straight - Level;Piedmont;Not Applicable;No Control Present;Sunday;Non-Roadway;9;0;Two-Way, Not Divided;1 lane;0;#NULL!;#NULL!;Smooth Asphalt;#NULL!;No Special Feature;Non-Roadway;Private Road, Driveway;O: No Injury;Durham;25;Clear;#NULL!;11-15 mph;20 - 25  MPH;2010;Daylight;25-29
36.1991720562, -81.6703035436;"{""type"": ""Point"", ""coordinates"": [-81.67030354355735, 36.19917205620101]}";White;Boone;Travel Lane;2;12;Urban (>70% Developed);Male;Unknown;0;#NULL!;0;0;Unknown/Missing;No;0;60-69;Bicyclist Left Turn - Same Direction;Unknown;No;No;Wet;0;Urban;Yes;21FEB2010;0;12:06;Unknown;Missing;Commercial;O: No Injury;No;Unknown Injury;3725;February;0;Straight - Level;Mountains;With Traffic;No Control Present;Sunday;Non-Intersection;63;0;Two-Way, Not Divided;2 lanes;0;#NULL!;#NULL!;Smooth Asphalt;#NULL!;No Special Feature;Bicyclist Left Turn / Merge;Local Street;O: No Injury;Watauga;Unknown;Clear;#NULL!;Unknown;20 - 25  MPH;2010;Dark - Roadway Not Lighted;Unknown
35.9561370684, -80.0001830299;"{""type"": ""Point"", ""coordinates"": [-80.00018302994107, 35.95613706844615]}";Black;High Point;Sidewalk / Crosswalk / Driveway Crossing;2;19;Urban (>70% Developed);Male;Unknown;0;#NULL!;0;0;Unknown/Missing;No;0;11-15;Motorist Right Turn - Same Direction;None;No;No;Wet;0;Urban;Yes;23FEB2010;0;19:12;Unknown;Missing;Commercial;B: Evident Injury;Yes;Unknown Injury;3731;February;0;Straight - Level;Piedmont;With Traffic;Stop And Go Signal;Tuesday;Intersection;11;0;Two-Way, Not Divided;2 lanes;0;#NULL!;#NULL!;Smooth Asphalt;#NULL!;Four-Way Intersection;Motorist Right Turn / Merge;Local Street;B: Evident Injury;Guilford;Unknown;Clear;#NULL!;Unknown;Unknown;2010;Dark - Lighted Roadway;Unknown
35.8075330779, -78.8605626778;"{""type"": ""Point"", ""coordinates"": [-78.86056267776627, 35.80753307791846]}";White;Cary;Bike Lane / Paved Shoulder;2;17;Urban (>70% Developed);Male;Sport Utility;0;#NULL!;0;0;Asian;No;0;11-15;Motorist Overtaking - Bicyclist Swerved;None;No;No;Dry;0;Urban;No;17MAR2010;0;17:10;Male;No;Residential;B: Evident Injury;Yes;O: No Injury;3736;March;0;Straight - Level;Piedmont;With Traffic;No Control Present;Wednesday;Non-Intersection;11;0;Two-Way, Not Divided;2 lanes;0;#NULL!;#NULL!;Smooth Asphalt;#NULL!;No Special Feature;Motorist Overtaking Bicyclist;Local Street;B: Evident Injury;Wake;36;Cloudy;#NULL!;6-10 mph;20 - 25  MPH;2010;Daylight;30-39
36.3024902795, -76.0717318518;"{""type"": ""Point"", ""coordinates"": [-76.07173185183511, 36.30249027955]}";Black;None - Rural Crash;.;2;18;Rural (<30% Developed);Male;Passenger Car;0;#NULL!;0;0;White;No;0;6-10;.;None;No;No;Dry;0;Rural;No;09MAR2010;0;18:24;Male;No;Farms, Woods, Pastures;B: Evident Injury;Yes;O: No Injury;3744;March;0;Straight - Level;Coastal;.;No Control Present;Tuesday;.;6;0;Two-Way, Not Divided;2 lanes;0;#NULL!;#NULL!;Smooth Asphalt;#NULL!;No Special Feature;.;State Secondary Route;B: Evident Injury;Camden;63;Clear;#NULL!;6-10 mph;50 - 55  MPH;2010;Dark - Roadway Not Lighted;60-69
35.9185021029, -78.8094426675;"{""type"": ""Point"", ""coordinates"": [-78.809442667516, 35.91850210285745]}";Black;Durham;Travel Lane;2;18;Urban (>70% Developed);Male;Passenger Car;0;#NULL!;0;0;White;No;0;6-10;Bicyclist Turning Error - Right Turn;None;No;No;Dry;0;Urban;No;21MAR2010;0;18:41;Male;No;Residential;C: Possible Injury;Yes;O: No Injury;3748;March;0;Straight - Level;Piedmont;With Traffic;Stop Sign;Sunday;Intersection;7;0;Two-Way, Not Divided;2 lanes;0;#NULL!;#NULL!;Smooth Asphalt;#NULL!;No Special Feature;Loss of Control / Turning Error;Local Street;C: Possible Injury;Durham;27;Cloudy;#NULL!;11-15 mph;5 - 15 MPH;2010;Daylight;25-29
35.0487019137, -78.8671326397;"{""type"": ""Point"", ""coordinates"": [-78.86713263969976, 35.04870191371741]}";Black;Fayetteville;Unknown;2;13;Mixed (30% To 70% Developed);Male;Van;0;#NULL!;0;0;Black;No;0;50-59;Bicyclist Ride Out - Other Midblock;None;No;No;Dry;0;Urban;No;05MAR2010;0;13:06;Female;No;Commercial;C: Possible Injury;Yes;O: No Injury;3749;March;0;Straight - Level;Coastal;Not Applicable;No Control Present;Friday;Non-Intersection;57;0;Two-Way, Divided, Unprotected Median;5 lanes;0;#NULL!;#NULL!;Smooth Asphalt;#NULL!;No Special Feature;Bicyclist Failed to Yield - Midblock;Local Street;C: Possible Injury;Cumberland;62;Clear;#NULL!;21-25 mph;30 - 35  MPH;2010;Daylight;60-69
34.6571838836, -77.2012221162;"{""type"": ""Point"", ""coordinates"": [-77.20122211617795, 34.65718388363155]}";White;None - Rural Crash;Travel Lane;2;19;Rural (<30% Developed);Male;Pickup;0;#NULL!;0;0;White;No;0;11-15;Bicyclist Left Turn - Same Direction;None;No;No;Dry;0;Rural;No;05MAR2010;0;19:14;Male;No;Farms, Woods, Pastures;B: Evident Injury;Yes;O: No Injury;3758;March;0;Straight - Level;Coastal;With Traffic;Double Yellow Line, No Passing Zone;Friday;Non-Intersection;13;0;Two-Way, Not Divided;2 lanes;0;#NULL!;#NULL!;Coarse Asphalt;#NULL!;No Special Feature;Bicyclist Left Turn / Merge;State Secondary Route;B: Evident Injury;Onslow;25;Clear;#NULL!;51-55 mph;50 - 55  MPH;2010;Dark - Roadway Not Lighted;25-29
35.7151750009, -80.4354231472;"{""type"": ""Point"", ""coordinates"": [-80.43542314722713, 35.71517500089752]}";White;None - Rural Crash;Travel Lane;2;15;Rural (<30% Developed);Male;Passenger Car;0;#NULL!;0;0;Black;No;0;16-19;Bicyclist Left Turn - Same Direction;None;No;No;Dry;0;Rural;No;31MAR2010;0;15:55;Male;No;Farms, Woods, Pastures;B: Evident Injury;Yes;O: No Injury;3767;March;0;Straight - Grade;Piedmont;With Traffic;Double Yellow Line, No Passing Zone;Wednesday;Non-Intersection;16;0;Two-Way, Not Divided;2 lanes;0;#NULL!;#NULL!;Coarse Asphalt;#NULL!;No Special Feature;Bicyclist Left Turn / Merge;State Secondary Route;B: Evident Injury;Rowan;24;Clear;#NULL!;46-50 mph;50 - 55  MPH;2010;Daylight;20-24
35.7545999757, -81.3291434163;"{""type"": ""Point"", ""coordinates"": [-81.32914341627907, 35.75459997569671]}";Black;Hickory;Non-Roadway;2;19;Urban (>70% Developed);Male;Passenger Car;0;#NULL!;0;0;White;No;0;11-15;Bicyclist Lost Control - Mechanical Problems;None;No;No;Dry;0;Urban;No;19MAR2010;0;19:24;Female;No;Residential;C: Possible Injury;Yes;O: No Injury;3768;March;0;Straight - Hillcrest;Piedmont;Not Applicable;No Control Present;Friday;Intersection;12;0;Two-Way, Not Divided;2 lanes;0;#NULL!;#NULL!;Coarse Asphalt;#NULL!;No Special Feature;Loss of Control / Turning Error;Local Street;C: Possible Injury;Catawba;46;Clear;#NULL!;21-25 mph;20 - 25  MPH;2010;Dusk;40-49
36.068763098, -79.8318429855;"{""type"": ""Point"", ""coordinates"": [-79.83184298551176, 36.068763098042005]}";Black;Greensboro;Travel Lane;2;17;Urban (>70% Developed);Male;Passenger Car;0;#NULL!;0;0;White;No;0;30-39;Motorist Right Turn - Same Direction;None;No;No;Dry;0;Urban;No;04MAR2010;0;17:08;Female;No;Residential;C: Possible Injury;Yes;O: No Injury;3770;March;0;Straight - Level;Piedmont;With Traffic;No Control Present;Thursday;Intersection;30;0;Two-Way, Not Divided;2 lanes;0;#NULL!;#NULL!;Coarse Asphalt;#NULL!;Four-Way Intersection;Motorist Right Turn / Merge;Local Street;C: Possible Injury;Guilford;18;Clear;#NULL!;11-15 mph;30 - 35  MPH;2010;Daylight;0-19
36.211723058, -81.6784035461;"{""type"": ""Point"", ""coordinates"": [-81.67840354613567, 36.21172305798767]}";White;Boone;Travel Lane;2;16;Urban (>70% Developed);Female;Unknown;0;#NULL!;0;0;Unknown/Missing;No;0;20-24;Motorist Right Turn - Same Direction;None;No;No;Dry;0;Urban;Yes;08APR2010;0;16:17;Unknown;Missing;Institutional;C: Possible Injury;No;Unknown Injury;3784;April;0;Straight - Level;Mountains;With Traffic;Stop And Go Signal;Thursday;Intersection;20;0;Two-Way, Not Divided;4 lanes;0;#NULL!;#NULL!;Coarse Asphalt;#NULL!;No Special Feature;Motorist Right Turn / Merge;Local Street;C: Possible Injury;Watauga;Unknown;Cloudy;#NULL!;0-5 mph;20 - 25  MPH;2010;Daylight;Unknown
35.7183410721, -78.4676325538;"{""type"": ""Point"", ""coordinates"": [-78.46763255380057, 35.718341072059005]}";Hispanic;None - Rural Crash;Travel Lane;2;20;Rural (<30% Developed);Male;Pickup;0;#NULL!;0;0;Hispanic;No;0;25-29;Motorist Overtaking - Misjudged Space;None;No;No;Dry;0;Rural;No;11APR2010;0;20:38;Male;No;Farms, Woods, Pastures;B: Evident Injury;Yes;O: No Injury;3789;April;0;Straight - Level;Piedmont;With Traffic;Double Yellow Line, No Passing Zone;Sunday;Non-Intersection;29;0;Two-Way, Not Divided;2 lanes;0;#NULL!;#NULL!;Smooth Asphalt;#NULL!;No Special Feature;Motorist Overtaking Bicyclist;State Secondary Route;B: Evident Injury;Wake;29;Clear;#NULL!;46-50 mph;50 - 55  MPH;2010;Dark - Roadway Not Lighted;25-29
35.5671368905, -82.5442537656;"{""type"": ""Point"", ""coordinates"": [-82.54425376560533, 35.56713689053054]}";White;Asheville;Travel Lane;2;8;Urban (>70% Developed);Male;Passenger Car;0;#NULL!;0;0;White;No;0;25-29;Crossing Paths - Uncontrolled Intersection;None;No;No;Dry;0;Urban;No;02APR2010;0;8:16;Female;No;Commercial;C: Possible Injury;No;O: No Injury;3793;April;0;Straight - Level;Mountains;With Traffic;Stop And Go Signal;Friday;Intersection-Related;26;0;Two-Way, Divided, Unprotected Median;5 lanes;0;#NULL!;#NULL!;Smooth Asphalt;#NULL!;Related To Intersection;Crossing Paths - Other Circumstances;US Route;C: Possible Injury;Buncombe;45;Clear;#NULL!;6-10 mph;20 - 25  MPH;2010;Daylight;40-49
34.2243717635, -77.9432123211;"{""type"": ""Point"", ""coordinates"": [-77.94321232107973, 34.224371763519535]}";Black;Wilmington;Travel Lane;2;11;Urban (>70% Developed);Male;Unknown;0;#NULL!;0;0;Unknown/Missing;No;0;16-19;Crossing Paths - Midblock - Other / Unknown;None;No;No;Dry;0;Urban;Yes;30MAR2010;0;11:04;Unknown;Missing;Commercial;C: Possible Injury;Yes;Unknown Injury;3797;March;0;Straight - Grade;Coastal;Not Applicable;No Control Present;Tuesday;Non-Intersection;19;0;One-Way, Not Divided;5 lanes;0;#NULL!;#NULL!;Smooth Asphalt;#NULL!;No Special Feature;Crossing Paths - Other Circumstances;Local Street;C: Possible Injury;New Hanover;Unknown;Clear;#NULL!;Unknown;30 - 35  MPH;2010;Daylight;Unknown
35.7121190906, -77.9025723814;"{""type"": ""Point"", ""coordinates"": [-77.90257238137141, 35.712119090624036]}";Black;Wilson;Travel Lane;2;18;Urban (>70% Developed);Male;Passenger Car;0;#NULL!;0;0;Black;No;0;30-39;Motorist Overtaking - Other / Unknown;None;No;No;Dry;0;Urban;No;21FEB2010;0;18:54;Female;No;Residential;B: Evident Injury;Yes;O: No Injury;3800;February;0;Straight - Level;Coastal;With Traffic;No Control Present;Sunday;Non-Intersection;37;0;Two-Way, Not Divided;2 lanes;0;#NULL!;#NULL!;Coarse Asphalt;#NULL!;No Special Feature;Motorist Overtaking Bicyclist;Local Street;B: Evident Injury;Wilson;48;Clear;#NULL!;16-20 mph;30 - 35  MPH;2010;Dark - Lighted Roadway;40-49
34.7679089018, -77.4056571841;"{""type"": ""Point"", ""coordinates"": [-77.40565718408875, 34.767908901833636]}";Black;Jacksonville;Travel Lane;2;12;Urban (>70% Developed);Male;Sport Utility;0;#NULL!;0;0;Black;No;0;11-15;Multiple Threat - Midblock;None;No;No;Dry;0;Urban;No;02APR2010;0;12:34;Female;No;Commercial;B: Evident Injury;Yes;O: No Injury;3803;April;0;Straight - Level;Coastal;Not Applicable;Stop And Go Signal;Friday;Non-Intersection;13;0;Two-Way, Divided, Unprotected Median;6 lanes;0;#NULL!;#NULL!;Smooth Asphalt;#NULL!;No Special Feature;Bicyclist Failed to Yield - Midblock;US Route;B: Evident Injury;Onslow;22;Clear;#NULL!;26-30 mph;40 - 45  MPH;2010;Daylight;20-24
36.0523070945, -79.8226729809;"{""type"": ""Point"", ""coordinates"": [-79.8226729809114, 36.052307094518255]}";White;Greensboro;Sidewalk / Crosswalk / Driveway Crossing;2;18;Urban (>70% Developed);Female;Passenger Car;0;#NULL!;0;0;White;No;0;11-15;Bicyclist Ride Out - Sign-Controlled Intersection;None;No;No;Dry;0;Urban;No;30MAR2010;0;18:38;Male;No;Commercial;B: Evident Injury;Yes;O: No Injury;3807;March;0;Straight - Level;Piedmont;Facing Traffic;Stop And Go Signal;Tuesday;Intersection;14;0;Two-Way, Not Divided;2 lanes;0;#NULL!;#NULL!;Coarse Asphalt;#NULL!;Four-Way Intersection;Bicyclist Failed to Yield - Sign-Controlled Intersection;Local Street;B: Evident Injury;Guilford;20;Clear;#NULL!;26-30 mph;30 - 35  MPH;2010;Daylight;20-24