Geo Point;Geo Shape;BikeRace;City;BikePos;NumUnits;CrashHour;Locality;BikeSex;DrvrVehTyp;NumBikesNo;BikeAlcDrg;NumBikesBI;RteInvdCd;DrvrRace;Workzone;NumBikesCi;BikeAgeGrp;CrashType;RdDefects;CrashAlcoh;BikeAlcoho;RdConditio;DstncMiFrm;RuralUrban;HitRun;CrashDate;NumBikesUI;CrashTime;DrvrSex;DrvrAlcoho;Developmen;CrashSevr;AmbulanceR;DrvrInjury;OBJECTID;CrashMonth;NumBikesKi;RdCharacte;Region;BikeDir;TraffCntrl;CrashDay;CrashLoc;BikeAge;NumBikesTo;RdConfig;NumLanes;NumBikesAI;DrvrAlcDrg;OnRoad;RdSurface;Towrd_Rd;RdFeature;CrashGrp;RdClass;BikeInjury;County;DrvrAge;Weather;FrmRd;DrvrEstSpd;SpeedLimit;CrashYear;LightCond;DrvrAgeGrp
36.0652990981, -79.8128029788;"{""type"": ""Point"", ""coordinates"": [-79.81280297880137, 36.06529909807374]}";White;Greensboro;Sidewalk / Crosswalk / Driveway Crossing;2;12;Urban (>70% Developed);Male;Passenger Car;0;#NULL!;0;0;Asian;No;0;60-69;Motorist Right Turn - Same Direction;None;No;No;Dry;0;Urban;No;16APR2010;0;12:50;Female;No;Institutional;C: Possible Injury;Yes;O: No Injury;3809;April;0;Straight - Level;Piedmont;With Traffic;Stop And Go Signal;Friday;Intersection;65;0;Two-Way, Divided, Unprotected Median;2 lanes;0;#NULL!;#NULL!;Smooth Asphalt;#NULL!;Four-Way Intersection;Motorist Right Turn / Merge;Local Street;C: Possible Injury;Guilford;21;Clear;#NULL!;11-15 mph;20 - 25  MPH;2010;Daylight;20-24
35.9303621404, -77.8133223657;"{""type"": ""Point"", ""coordinates"": [-77.81332236567233, 35.93036214041545]}";Black;Rocky Mount;Travel Lane;2;18;Urban (>70% Developed);Male;Passenger Car;0;#NULL!;0;0;Black;No;0;11-15;Bicyclist Ride Out - Midblock - Unknown;None;No;No;Dry;0;Urban;No;31MAR2010;0;18:25;Male;No;Residential;C: Possible Injury;Yes;O: No Injury;3820;March;0;Straight - Level;Coastal;Not Applicable;No Control Present;Wednesday;Non-Intersection;14;0;Two-Way, Not Divided;2 lanes;0;#NULL!;#NULL!;Smooth Asphalt;#NULL!;No Special Feature;Bicyclist Failed to Yield - Midblock;Local Street;C: Possible Injury;Nash;66;Clear;#NULL!;26-30 mph;30 - 35  MPH;2010;Daylight;60-69
35.0258129063, -78.942572662;"{""type"": ""Point"", ""coordinates"": [-78.94257266198706, 35.02581290631796]}";White;Fayetteville;Bike Lane / Paved Shoulder;2;15;Urban (>70% Developed);Male;School Bus;0;#NULL!;0;0;White;No;0;16-19;Bicyclist Left Turn - Same Direction;None;No;No;Dry;0;Urban;No;20APR2010;0;15:42;Female;No;Residential;C: Possible Injury;Yes;O: No Injury;3821;April;0;Straight - Level;Coastal;With Traffic;Stop And Go Signal;Tuesday;Non-Intersection;16;0;Two-Way, Not Divided;2 lanes;0;#NULL!;#NULL!;Coarse Asphalt;#NULL!;No Special Feature;Bicyclist Left Turn / Merge;Local Street;C: Possible Injury;Cumberland;51;Clear;#NULL!;16-20 mph;20 - 25  MPH;2010;Daylight;50-59
35.70791697, -81.2263633824;"{""type"": ""Point"", ""coordinates"": [-81.22636338240729, 35.70791696997514]}";Hispanic;Conover;Travel Lane;2;20;Urban (>70% Developed);Male;Sport Utility;0;#NULL!;0;0;Unknown/Missing;No;0;30-39;Bicyclist Overtaking - Parked Vehicle;None;Yes;Yes;Wet;0;Urban;No;24APR2010;0;20:09;Unknown;Missing;Residential;B: Evident Injury;Yes;Unknown Injury;3837;April;0;Straight - Level;Piedmont;With Traffic;No Control Present;Saturday;Non-Intersection;35;0;Two-Way, Not Divided;2 lanes;0;#NULL!;#NULL!;Smooth Asphalt;#NULL!;No Special Feature;Bicyclist Overtaking Motorist;Local Street;B: Evident Injury;Catawba;Unknown;Rain;#NULL!;0-5 mph;30 - 35  MPH;2010;Dark - Roadway Not Lighted;Unknown
35.5118209522, -80.5945391836;"{""type"": ""Point"", ""coordinates"": [-80.59453918359436, 35.51182095218053]}";White;Kannapolis;Driveway / Alley;2;14;Urban (>70% Developed);Female;Passenger Car;0;#NULL!;0;0;White;No;0;6-10;Bicyclist Ride Out - Residential Driveway;None;No;No;Dry;0;Urban;No;09APR2010;0;14:44;Female;No;Residential;A: Disabling Injury;Yes;O: No Injury;3840;April;0;Straight - Grade;Piedmont;Not Applicable;No Control Present;Friday;Non-Intersection;7;0;Two-Way, Not Divided;2 lanes;0;#NULL!;#NULL!;Coarse Asphalt;#NULL!;No Special Feature;Bicyclist Failed to Yield - Midblock;Local Street;A: Disabling Injury;Cabarrus;63;Clear;#NULL!;31-35 mph;30 - 35  MPH;2010;Daylight;60-69
35.8773911027, -78.5746925947;"{""type"": ""Point"", ""coordinates"": [-78.57469259467456, 35.877391102742784]}";Hispanic;None - Rural Crash;Bike Lane / Paved Shoulder;2;14;Urban (>70% Developed);Male;Passenger Car;0;#NULL!;0;0;White;No;0;30-39;Motorist Drive Out - Signalized Intersection;None;No;No;Dry;0;Rural;No;22APR2010;0;14:18;Male;No;Commercial;B: Evident Injury;Yes;O: No Injury;3844;April;0;Straight - Level;Piedmont;Facing Traffic;Stop And Go Signal;Thursday;Intersection;34;0;Two-Way, Divided, Unprotected Median;8 lanes;0;#NULL!;#NULL!;Smooth Asphalt;#NULL!;T-Intersection;Motorist Failed to Yield - Signalized Intersection;US Route;B: Evident Injury;Wake;42;Clear;#NULL!;0-5 mph;40 - 45  MPH;2010;Daylight;40-49
35.3011969018, -80.7312932121;"{""type"": ""Point"", ""coordinates"": [-80.73129321207136, 35.30119690176038]}";White;Charlotte;Sidewalk / Crosswalk / Driveway Crossing;2;17;Urban (>70% Developed);Male;Pickup;0;#NULL!;0;0;Hispanic;No;0;20-24;Signalized Intersection - Other / Unknown;None;No;No;Dry;0;Urban;No;19APR2010;0;17:00;Male;No;Institutional;B: Evident Injury;Yes;O: No Injury;3847;April;0;Straight - Level;Piedmont;With Traffic;Stop And Go Signal;Monday;Intersection;24;0;Two-Way, Divided, Positive Median Barrier;4 lanes;0;#NULL!;#NULL!;Smooth Asphalt;#NULL!;No Special Feature;Crossing Paths - Other Circumstances;Local Street;B: Evident Injury;Mecklenburg;36;Clear;#NULL!;26-30 mph;50 - 55  MPH;2010;Daylight;30-39
35.2695190062, -77.5776722609;"{""type"": ""Point"", ""coordinates"": [-77.5776722608826, 35.2695190062283]}";Black;Kinston;Unknown;2;13;Urban (>70% Developed);Male;Van;0;#NULL!;0;0;White;No;0;30-39;Unknown Approach Paths;Unknown;No;No;Dry;0;Urban;No;27APR2010;0;13:04;Male;No;Residential;C: Possible Injury;No;O: No Injury;3848;April;0;Straight - Level;Coastal;Unknown;No Control Present;Tuesday;Non-Intersection;31;0;Two-Way, Not Divided;2 lanes;0;#NULL!;#NULL!;Smooth Asphalt;#NULL!;No Special Feature;Other / Unknown - Insufficient Details;Local Street;C: Possible Injury;Lenoir;70+;Clear;#NULL!;31-35 mph;30 - 35  MPH;2010;Daylight;70+
34.8378068509, -79.3644927791;"{""type"": ""Point"", ""coordinates"": [-79.36449277913377, 34.83780685093209]}";Black;None - Rural Crash;Driveway / Alley;2;20;Mixed (30% To 70% Developed);Male;Passenger Car;0;#NULL!;0;0;Native American;No;0;16-19;Bicyclist Ride Out - Commercial Driveway / Alley;None;No;No;Dry;0;Rural;No;19APR2010;0;20:34;Male;No;Residential;B: Evident Injury;Yes;O: No Injury;3852;April;0;Straight - Level;Coastal;Not Applicable;Double Yellow Line, No Passing Zone;Monday;Non-Intersection;17;0;Two-Way, Not Divided;2 lanes;0;#NULL!;#NULL!;Smooth Asphalt;#NULL!;Driveway, Public;Bicyclist Failed to Yield - Midblock;State Secondary Route;B: Evident Injury;Scotland;70+;Clear;#NULL!;41-45 mph;40 - 45  MPH;2010;Dark - Roadway Not Lighted;70+
36.0004911191, -78.8659086899;"{""type"": ""Point"", ""coordinates"": [-78.86590868989043, 36.00049111908061]}";Hispanic;Durham;Travel Lane;2;15;Urban (>70% Developed);Male;Passenger Car;0;#NULL!;0;0;Black;No;0;16-19;Motorist Overtaking - Bicyclist Swerved;None;No;No;Dry;0;Urban;No;30APR2010;0;15:39;Female;No;Residential;B: Evident Injury;Yes;O: No Injury;3859;April;0;Straight - Level;Piedmont;With Traffic;No Control Present;Friday;Non-Intersection;18;0;Two-Way, Not Divided;2 lanes;0;#NULL!;#NULL!;Coarse Asphalt;#NULL!;No Special Feature;Motorist Overtaking Bicyclist;Local Street;B: Evident Injury;Durham;21;Clear;#NULL!;26-30 mph;30 - 35  MPH;2010;Daylight;20-24
36.1735971255, -79.6989829506;"{""type"": ""Point"", ""coordinates"": [-79.6989829505922, 36.173597125455316]}";Black;Greensboro;Travel Lane;2;18;Urban (>70% Developed);Male;Passenger Car;0;#NULL!;0;0;White;No;0;11-15;Bicyclist Ride Out - Sign-Controlled Intersection;None;No;No;Dry;0;Urban;No;30APR2010;0;18:01;Female;No;Residential;B: Evident Injury;Yes;O: No Injury;3889;April;0;Straight - Hillcrest;Piedmont;Facing Traffic;Stop Sign;Friday;Intersection;13;0;Two-Way, Not Divided;2 lanes;0;#NULL!;#NULL!;Coarse Asphalt;#NULL!;T-Intersection;Bicyclist Failed to Yield - Sign-Controlled Intersection;Local Street;B: Evident Injury;Guilford;36;Clear;#NULL!;36-40 mph;30 - 35  MPH;2010;Daylight;30-39
36.3927951971, -78.9879427477;"{""type"": ""Point"", ""coordinates"": [-78.98794274770903, 36.39279519711467]}";White;Roxboro;Travel Lane;2;19;Urban (>70% Developed);Male;Unknown;0;#NULL!;0;0;Unknown/Missing;No;0;20-24;Head-On - Motorist;None;No;No;Dry;0;Urban;Yes;18APR2010;0;19:30;Unknown;Missing;Commercial;O: No Injury;Yes;Unknown Injury;3899;April;0;Straight - Level;Piedmont;With Traffic;No Control Present;Sunday;Intersection-Related;22;0;Two-Way, Not Divided;5 lanes;0;#NULL!;#NULL!;Smooth Asphalt;#NULL!;No Special Feature;Head-On;US Route;O: No Injury;Person;Unknown;Clear;#NULL!;Unknown;Unknown;2010;Dark - Lighted Roadway;Unknown
35.8122870305, -80.2015030815;"{""type"": ""Point"", ""coordinates"": [-80.20150308149852, 35.81228703054191]}";White;None - Rural Crash;Travel Lane;2;13;Rural (<30% Developed);Male;Passenger Car;0;#NULL!;0;0;White;No;0;40-49;Motorist Drive Out - Sign-Controlled Intersection;None;No;No;Dry;0;Rural;No;14MAY2010;0;13:16;Female;No;Residential;B: Evident Injury;Yes;O: No Injury;3900;May;0;Straight - Grade;Piedmont;With Traffic;Stop Sign;Friday;Intersection;40;0;Two-Way, Not Divided;2 lanes;0;#NULL!;#NULL!;Smooth Asphalt;#NULL!;Four-Way Intersection;Motorist Failed to Yield - Sign-Controlled Intersection;State Secondary Route;B: Evident Injury;Davidson;21;Clear;#NULL!;0-5 mph;50 - 55  MPH;2010;Daylight;20-24
36.0151971202, -78.915636705;"{""type"": ""Point"", ""coordinates"": [-78.91563670495991, 36.01519712017958]}";Black;Durham;Travel Lane;2;19;Urban (>70% Developed);Female;Sport Utility;0;#NULL!;0;0;White;No;0;6-10;Sign-Controlled Intersection - Other / Unknown;None;No;No;Dry;0;Urban;No;15MAY2010;0;19:07;Female;No;Residential;C: Possible Injury;Yes;O: No Injury;3901;May;0;Straight - Level;Piedmont;With Traffic;Stop Sign;Saturday;Intersection;8;0;Two-Way, Not Divided;2 lanes;0;#NULL!;#NULL!;Coarse Asphalt;#NULL!;Four-Way Intersection;Crossing Paths - Other Circumstances;Local Street;C: Possible Injury;Durham;31;Clear;#NULL!;21-25 mph;20 - 25  MPH;2010;Daylight;30-39
36.2164800595, -81.674739546;"{""type"": ""Point"", ""coordinates"": [-81.67473954601728, 36.21648005945781]}";White;Boone;Travel Lane;2;19;Urban (>70% Developed);Male;Sport Utility;0;#NULL!;0;0;White;No;0;20-24;Bicyclist Ride Through - Signalized Intersection;None;No;No;Dry;0;Urban;No;25JUN2007;0;19:55;Female;No;Commercial;B: Evident Injury;No;O: No Injury;6926;June;0;Straight - Grade;Mountains;With Traffic;Stop And Go Signal;Monday;Intersection;22;0;Two-Way, Not Divided;2 lanes;0;#NULL!;#NULL!;Smooth Asphalt;#NULL!;Four-Way Intersection;Bicyclist Failed to Yield - Signalized Intersection;Local Street;B: Evident Injury;Watauga;70+;Clear;#NULL!;6-10 mph;30 - 35  MPH;2007;Daylight;70+
35.7734600752, -78.736262638;"{""type"": ""Point"", ""coordinates"": [-78.73626263795154, 35.77346007515488]}";White;Raleigh;Travel Lane;2;16;Urban (>70% Developed);Female;Passenger Car;0;#NULL!;0;0;White;No;0;40-49;Motorist Drive Out - Sign-Controlled Intersection;None;No;No;Dry;0;Urban;No;25JUN2007;0;16:54;Female;No;Residential;K: Killed;Yes;O: No Injury;6933;June;0;Straight - Grade;Piedmont;With Traffic;Stop Sign;Monday;Intersection;49;0;Two-Way, Not Divided;2 lanes;0;#NULL!;#NULL!;Coarse Asphalt;#NULL!;T-Intersection;Motorist Failed to Yield - Sign-Controlled Intersection;Local Street;K: Killed;Wake;65;Clear;#NULL!;0-5 mph;30 - 35  MPH;2007;Daylight;60-69
35.7456999754, -81.2996834066;"{""type"": ""Point"", ""coordinates"": [-81.29968340657418, 35.745699975408975]}";White;Hickory;Travel Lane;2;21;Urban (>70% Developed);Male;Passenger Car;0;#NULL!;0;0;White;No;0;20-24;Bicyclist Ride Through - Sign-Controlled Intersection;None;No;No;Dry;0;Urban;No;26JUN2007;0;21:19;Female;No;Residential;B: Evident Injury;Yes;O: No Injury;6936;June;0;Straight - Bottom;Piedmont;Unknown;Stop Sign;Tuesday;Intersection;22;0;Two-Way, Not Divided;2 lanes;0;#NULL!;#NULL!;Smooth Asphalt;#NULL!;T-Intersection;Bicyclist Failed to Yield - Sign-Controlled Intersection;Local Street;B: Evident Injury;Catawba;21;Clear;#NULL!;6-10 mph;30 - 35  MPH;2007;Dark - Lighted Roadway;20-24
34.2613967762, -77.8300882885;"{""type"": ""Point"", ""coordinates"": [-77.83008828850576, 34.261396776153966]}";White;Wilmington;Non-Roadway;2;12;Urban (>70% Developed);Male;Passenger Car;0;#NULL!;0;0;White;No;0;11-15;Bicyclist Ride Out - Commercial Driveway / Alley;None;No;No;Dry;0;Urban;No;27JUN2007;0;12:51;Female;No;Commercial;B: Evident Injury;Yes;O: No Injury;6939;June;0;Straight - Level;Coastal;Not Applicable;No Control Present;Wednesday;Non-Intersection;13;0;Two-Way, Not Divided;5 lanes;0;#NULL!;#NULL!;Coarse Asphalt;#NULL!;No Special Feature;Bicyclist Failed to Yield - Midblock;Local Street;B: Evident Injury;New Hanover;20;Clear;#NULL!;16-20 mph;40 - 45  MPH;2007;Daylight;20-24
35.2256468819, -80.845409242;"{""type"": ""Point"", ""coordinates"": [-80.84540924200456, 35.2256468819148]}";Black;Charlotte;Travel Lane;2;2;Urban (>70% Developed);Male;Passenger Car;0;#NULL!;0;0;Unknown/Missing;No;0;40-49;Bicyclist Ride Through - Signalized Intersection;None;Yes;Yes;Dry;0;Urban;Yes;06OCT2007;0;2:02;Unknown;Missing;Commercial;B: Evident Injury;Yes;Unknown Injury;6954;October;0;Straight - Level;Piedmont;With Traffic;Stop And Go Signal;Saturday;Intersection;42;0;Two-Way, Not Divided;4 lanes;0;#NULL!;#NULL!;Concrete;#NULL!;No Special Feature;Bicyclist Failed to Yield - Signalized Intersection;Local Street;B: Evident Injury;Mecklenburg;Unknown;Clear;#NULL!;Unknown;Unknown;2007;Dark - Lighted Roadway;Unknown
35.6853769909, -80.531723174;"{""type"": ""Point"", ""coordinates"": [-80.5317231740142, 35.68537699088685]}";White;None - Rural Crash;Unknown;2;13;Urban (>70% Developed);Female;Passenger Car;0;#NULL!;0;0;Hispanic;No;0;6-10;Parallel Paths - Other / Unknown;None;No;No;Dry;0;Rural;No;01JUL2007;0;13:00;Male;No;Residential;C: Possible Injury;No;O: No Injury;6956;July;0;Straight - Grade;Piedmont;Unknown;No Control Present;Sunday;Non-Intersection;6;0;Two-Way, Not Divided;2 lanes;0;#NULL!;#NULL!;Smooth Asphalt;#NULL!;No Special Feature;Parallel Paths - Other Circumstances;Local Street;C: Possible Injury;Rowan;18;Clear;#NULL!;0-5 mph;Unknown;2007;Daylight;0-19
34.6759708951, -76.9672520458;"{""type"": ""Point"", ""coordinates"": [-76.9672520457728, 34.67597089511569]}";White;Emerald Isle;Travel Lane;2;12;Urban (>70% Developed);Male;Pickup;0;#NULL!;0;0;White;No;0;50-59;Motorist Right Turn - Same Direction;None;No;No;Dry;0;Rural;No;04JUL2007;0;12:30;Male;No;Commercial;B: Evident Injury;Yes;O: No Injury;6967;July;0;Straight - Level;Coastal;With Traffic;No Control Present;Wednesday;Non-Intersection;58;0;Two-Way, Not Divided;2 lanes;0;#NULL!;#NULL!;Smooth Asphalt;#NULL!;Driveway, Public;Motorist Right Turn / Merge;NC Route;B: Evident Injury;Carteret;16;Clear;#NULL!;0-5 mph;40 - 45  MPH;2007;Daylight;0-19
35.7803030782, -78.6872586235;"{""type"": ""Point"", ""coordinates"": [-78.6872586234923, 35.7803030782091]}";Black;Raleigh;Travel Lane;2;12;Urban (>70% Developed);Male;Sport Utility;0;#NULL!;0;0;Hispanic;No;0;40-49;Motorist Drive Out - Sign-Controlled Intersection;None;No;No;Dry;0;Urban;No;04JUL2007;0;12:47;Female;No;Residential;O: No Injury;No;O: No Injury;6969;July;0;Straight - Level;Piedmont;Facing Traffic;Stop Sign;Wednesday;Intersection;46;0;Two-Way, Not Divided;2 lanes;0;#NULL!;#NULL!;Coarse Asphalt;#NULL!;T-Intersection;Motorist Failed to Yield - Sign-Controlled Intersection;Local Street;O: No Injury;Wake;45;Clear;#NULL!;0-5 mph;30 - 35  MPH;2007;Daylight;40-49
34.6704588938, -76.991412053;"{""type"": ""Point"", ""coordinates"": [-76.99141205300083, 34.670458893833285]}";White;Emerald Isle;Travel Lane;2;16;Urban (>70% Developed);Female;Passenger Car;0;#NULL!;0;0;White;No;0;6-10;Parallel Paths - Other / Unknown;None;No;No;Dry;0;Rural;No;04JUL2007;0;16:50;Female;No;Residential;B: Evident Injury;No;O: No Injury;6972;July;0;Straight - Hillcrest;Coastal;Facing Traffic;No Control Present;Wednesday;Non-Intersection;8;0;Two-Way, Not Divided;2 lanes;0;#NULL!;#NULL!;Coarse Asphalt;#NULL!;Driveway, Public;Parallel Paths - Other Circumstances;Local Street;B: Evident Injury;Carteret;59;Clear;#NULL!;0-5 mph;20 - 25  MPH;2007;Daylight;50-59
35.40713692, -80.8628192576;"{""type"": ""Point"", ""coordinates"": [-80.86281925755091, 35.4071369200309]}";White;Huntersville;Travel Lane;2;12;Urban (>70% Developed);Male;Passenger Car;0;#NULL!;0;0;White;No;0;20-24;Bicyclist Lost Control - Mechanical Problems;None;No;No;Dry;0;Urban;No;11JUL2007;0;12:47;Female;No;Commercial;C: Possible Injury;Yes;O: No Injury;6990;July;0;Straight - Level;Piedmont;With Traffic;Stop And Go Signal;Wednesday;Intersection;20;0;Two-Way, Divided, Unprotected Median;4 lanes;0;#NULL!;#NULL!;Smooth Asphalt;#NULL!;Four-Way Intersection;Loss of Control / Turning Error;Local Street;C: Possible Injury;Mecklenburg;55;Clear;#NULL!;6-10 mph;30 - 35  MPH;2007;Daylight;50-59
35.6620570471, -78.8405426634;"{""type"": ""Point"", ""coordinates"": [-78.84054266344577, 35.66205704708889]}";White;Holly Springs;Travel Lane;2;13;Urban (>70% Developed);Male;Passenger Car;0;#NULL!;0;0;Black;No;0;6-10;Bicyclist Ride Through - Sign-Controlled Intersection;None;No;No;Dry;0;Urban;No;12JUL2007;0;13:00;Male;No;Residential;B: Evident Injury;Yes;O: No Injury;6992;July;0;Straight - Level;Piedmont;With Traffic;Stop Sign;Thursday;Intersection;7;0;Two-Way, Not Divided;2 lanes;0;#NULL!;#NULL!;Coarse Asphalt;#NULL!;Four-Way Intersection;Bicyclist Failed to Yield - Sign-Controlled Intersection;Local Street;B: Evident Injury;Wake;18;Clear;#NULL!;11-15 mph;20 - 25  MPH;2007;Daylight;0-19
35.7649219941, -80.896098288;"{""type"": ""Point"", ""coordinates"": [-80.89609828796426, 35.76492199412728]}";Black;Statesville;Travel Lane;2;20;Urban (>70% Developed);Female;Unknown;0;#NULL!;0;0;Black;No;0;30-39;Motorist Overtaking - Other / Unknown;None;No;No;Dry;0;Urban;Yes;12JUL2007;0;20:30;Male;No;Residential;C: Possible Injury;No;Unknown Injury;6994;July;0;Straight - Level;Piedmont;With Traffic;No Control Present;Thursday;Intersection-Related;35;0;Two-Way, Not Divided;2 lanes;0;#NULL!;#NULL!;Smooth Asphalt;#NULL!;No Special Feature;Motorist Overtaking Bicyclist;Local Street;C: Possible Injury;Iredell;41;Clear;#NULL!;6-10 mph;30 - 35  MPH;2007;Dark - Unknown Lighting;40-49
35.5753211415, -75.4671116293;"{""type"": ""Point"", ""coordinates"": [-75.46711162928854, 35.57532114151146]}";White;None - Rural Crash;Bike Lane / Paved Shoulder;2;20;Urban (>70% Developed);Female;Passenger Car;0;#NULL!;0;0;White;No;0;30-39;Motorist Overtaking - Bicyclist Swerved;None;No;No;Dry;0;Rural;No;04JUL2007;0;20:30;Female;No;Commercial;B: Evident Injury;Yes;O: No Injury;7005;July;0;Straight - Level;Coastal;With Traffic;Double Yellow Line, No Passing Zone;Wednesday;Non-Intersection;34;0;Two-Way, Not Divided;2 lanes;0;#NULL!;#NULL!;Smooth Asphalt;#NULL!;No Special Feature;Motorist Overtaking Bicyclist;NC Route;B: Evident Injury;Dare;66;Clear;#NULL!;26-30 mph;30 - 35  MPH;2007;Daylight;60-69
35.6872869903, -80.5715031861;"{""type"": ""Point"", ""coordinates"": [-80.57150318607546, 35.687286990312145]}";White;None - Rural Crash;Travel Lane;2;9;Urban (>70% Developed);Male;Passenger Car;0;#NULL!;0;0;White;No;0;50-59;Motorist Overtaking - Misjudged Space;None;No;No;Dry;0;Rural;No;14JUL2007;0;9:14;Female;No;Residential;C: Possible Injury;Yes;O: No Injury;7006;July;0;Straight - Level;Piedmont;With Traffic;No Control Present;Saturday;Non-Intersection;58;0;Two-Way, Not Divided;2 lanes;0;#NULL!;#NULL!;Smooth Asphalt;#NULL!;No Special Feature;Motorist Overtaking Bicyclist;State Secondary Route;C: Possible Injury;Rowan;70+;Clear;#NULL!;41-45 mph;50 - 55  MPH;2007;Daylight;70+
35.2209918818, -80.8172432342;"{""type"": ""Point"", ""coordinates"": [-80.81724323415267, 35.220991881756895]}";Black;Charlotte;Travel Lane;2;9;Urban (>70% Developed);Male;Passenger Car;0;#NULL!;0;0;Black;No;0;20-24;Motorist Left Turn - Opposite Direction;None;No;No;Wet;0;Urban;No;19OCT2007;0;9:42;Female;No;Commercial;O: No Injury;No;O: No Injury;7008;October;0;Straight - Grade;Piedmont;With Traffic;No Control Present;Friday;Non-Intersection;20;0;Two-Way, Divided, Unprotected Median;4 lanes;0;#NULL!;#NULL!;Coarse Asphalt;#NULL!;No Special Feature;Motorist Left Turn / Merge;Local Street;O: No Injury;Mecklenburg;42;Rain;#NULL!;0-5 mph;30 - 35  MPH;2007;Daylight;40-49
36.0730930999, -79.8026429763;"{""type"": ""Point"", ""coordinates"": [-79.80264297631194, 36.07309309987986]}";White;Greensboro;Travel Lane;2;23;Urban (>70% Developed);Male;Passenger Car;0;#NULL!;0;0;White;No;0;50-59;Bicyclist Left Turn - Opposite Direction;None;No;No;Wet;0;Urban;No;17JUL2007;0;23:43;Male;No;Residential;B: Evident Injury;No;O: No Injury;7015;July;0;Straight - Grade;Piedmont;With Traffic;Stop And Go Signal;Tuesday;Intersection;56;0;Two-Way, Divided, Unprotected Median;7 lanes;0;#NULL!;#NULL!;Coarse Asphalt;#NULL!;No Special Feature;Bicyclist Left Turn / Merge;Local Street;B: Evident Injury;Guilford;41;Rain;#NULL!;26-30 mph;30 - 35  MPH;2007;Dark - Lighted Roadway;40-49
35.5503468871, -82.5244437584;"{""type"": ""Point"", ""coordinates"": [-82.52444375840213, 35.55034688712038]}";Black;Asheville;Travel Lane;2;16;Urban (>70% Developed);Male;Passenger Car;0;#NULL!;0;0;Black;No;0;11-15;Parallel Paths - Other / Unknown;None;No;No;Dry;0;Urban;Yes;20JUL2007;0;16:40;Male;No;Residential;C: Possible Injury;No;O: No Injury;7026;July;0;Straight - Level;Mountains;With Traffic;No Control Present;Friday;Non-Intersection;12;0;Two-Way, Not Divided;2 lanes;0;#NULL!;#NULL!;Coarse Asphalt;#NULL!;No Special Feature;Parallel Paths - Other Circumstances;Local Street;C: Possible Injury;Buncombe;53;Clear;#NULL!;Unknown;20 - 25  MPH;2007;Daylight;50-59
35.7712970725, -78.7823626514;"{""type"": ""Point"", ""coordinates"": [-78.78236265139623, 35.77129707254546]}";Hispanic;Cary;Travel Lane;2;12;Urban (>70% Developed);Male;Passenger Car;0;#NULL!;0;0;White;No;0;16-19;Multiple Threat - Midblock;None;Yes;Yes;Dry;0;Urban;No;27OCT2007;0;12:55;Male;No;Commercial;B: Evident Injury;Yes;O: No Injury;7030;October;0;Straight - Level;Piedmont;Not Applicable;Stop And Go Signal;Saturday;Non-Intersection;16;0;Two-Way, Not Divided;5 lanes;0;#NULL!;#NULL!;Smooth Asphalt;#NULL!;Related To Intersection;Bicyclist Failed to Yield - Midblock;State Secondary Route;B: Evident Injury;Wake;26;Clear;#NULL!;26-30 mph;30 - 35  MPH;2007;Daylight;25-29
34.3922068016, -77.9207863219;"{""type"": ""Point"", ""coordinates"": [-77.92078632190919, 34.39220680162596]}";White;None - Rural Crash;Travel Lane;2;20;Mixed (30% To 70% Developed);Male;Passenger Car;0;#NULL!;0;0;White;No;0;25-29;Motorist Overtaking - Other / Unknown;None;Yes;No;Dry;0;Rural;No;23JUL2007;0;20:00;Male;Yes;Residential;B: Evident Injury;Yes;O: No Injury;7035;July;0;Straight - Level;Coastal;With Traffic;No Control Present;Monday;Non-Intersection;25;0;Two-Way, Not Divided;2 lanes;0;#NULL!;#NULL!;Smooth Asphalt;#NULL!;No Special Feature;Motorist Overtaking Bicyclist;State Secondary Route;B: Evident Injury;Pender;24;Clear;#NULL!;46-50 mph;Unknown;2007;Dusk;20-24
35.4911569387, -80.8313532531;"{""type"": ""Point"", ""coordinates"": [-80.8313532530656, 35.491156938664325]}";White;Davidson;Sidewalk / Crosswalk / Driveway Crossing;2;13;Urban (>70% Developed);Male;Pickup;0;#NULL!;0;0;Hispanic;No;0;6-10;Bicyclist Ride Out - Sign-Controlled Intersection;None;No;No;Dry;0;Urban;No;24JUL2007;0;13:45;Male;No;Residential;B: Evident Injury;Yes;O: No Injury;7041;July;0;Straight - Level;Piedmont;With Traffic;Stop Sign;Tuesday;Intersection;8;0;Two-Way, Not Divided;2 lanes;0;#NULL!;#NULL!;Coarse Asphalt;#NULL!;Four-Way Intersection;Bicyclist Failed to Yield - Sign-Controlled Intersection;Local Street;B: Evident Injury;Mecklenburg;33;Clear;#NULL!;31-35 mph;30 - 35  MPH;2007;Daylight;30-39