Geo Point;Geo Shape;BikeRace;City;BikePos;NumUnits;CrashHour;Locality;BikeSex;DrvrVehTyp;NumBikesNo;BikeAlcDrg;NumBikesBI;RteInvdCd;DrvrRace;Workzone;NumBikesCi;BikeAgeGrp;CrashType;RdDefects;CrashAlcoh;BikeAlcoho;RdConditio;DstncMiFrm;RuralUrban;HitRun;CrashDate;NumBikesUI;CrashTime;DrvrSex;DrvrAlcoho;Developmen;CrashSevr;AmbulanceR;DrvrInjury;OBJECTID;CrashMonth;NumBikesKi;RdCharacte;Region;BikeDir;TraffCntrl;CrashDay;CrashLoc;BikeAge;NumBikesTo;RdConfig;NumLanes;NumBikesAI;DrvrAlcDrg;OnRoad;RdSurface;Towrd_Rd;RdFeature;CrashGrp;RdClass;BikeInjury;County;DrvrAge;Weather;FrmRd;DrvrEstSpd;SpeedLimit;CrashYear;LightCond;DrvrAgeGrp
35.3163519051, -80.7391732159;"{""type"": ""Point"", ""coordinates"": [-80.7391732159193, 35.31635190508783]}";Asian;Charlotte;Bike Lane / Paved Shoulder;2;23;Urban (>70% Developed);Male;Commercial Bus;0;#NULL!;0;0;White;No;0;40-49;Motorist Overtaking - Bicyclist Swerved;None;No;No;Dry;0;Urban;No;12OCT2007;0;23:35;Male;No;Commercial;B: Evident Injury;Yes;O: No Injury;7042;October;0;Straight - Grade;Piedmont;With Traffic;No Control Present;Friday;Non-Intersection;43;0;Two-Way, Divided, Positive Median Barrier;4 lanes;0;#NULL!;#NULL!;Smooth Asphalt;#NULL!;No Special Feature;Motorist Overtaking Bicyclist;Local Street;B: Evident Injury;Mecklenburg;56;Clear;#NULL!;41-45 mph;40 - 45  MPH;2007;Dark - Roadway Not Lighted;50-59
35.7587870957, -78.0600724315;"{""type"": ""Point"", ""coordinates"": [-78.06007243152416, 35.7587870957286]}";Black;Sims;Travel Lane;2;18;Urban (>70% Developed);Male;Pickup;0;#NULL!;0;0;White;No;0;60-69;Bicyclist Ride Through - Sign-Controlled Intersection;None;Yes;Yes;Dry;0;Rural;No;27JUL2007;0;18:48;Male;No;Residential;C: Possible Injury;No;O: No Injury;7055;July;0;Straight - Level;Coastal;Facing Traffic;Stop Sign;Friday;Intersection;65;0;Two-Way, Not Divided;2 lanes;0;#NULL!;#NULL!;Smooth Asphalt;#NULL!;Four-Way Intersection;Bicyclist Failed to Yield - Sign-Controlled Intersection;Local Street;C: Possible Injury;Wilson;58;Clear;#NULL!;0-5 mph;30 - 35  MPH;2007;Daylight;50-59
34.209841764, -77.8391522885;"{""type"": ""Point"", ""coordinates"": [-77.83915228853934, 34.20984176397511]}";White;Wilmington;Travel Lane;2;18;Urban (>70% Developed);Male;Passenger Car;0;#NULL!;0;0;White;No;0;40-49;Bicyclist Lost Control - Mechanical Problems;None;No;No;Wet;0;Urban;No;28JUL2007;0;18:31;Male;No;Commercial;C: Possible Injury;Yes;O: No Injury;7063;July;0;Straight - Level;Coastal;With Traffic;Stop Sign;Saturday;Intersection;43;0;Two-Way, Not Divided;6 lanes;0;#NULL!;#NULL!;Smooth Asphalt;#NULL!;T-Intersection;Loss of Control / Turning Error;Local Street;C: Possible Injury;New Hanover;19;Cloudy;#NULL!;0-5 mph;40 - 45  MPH;2007;Daylight;0-19
33.9111966892, -78.0849723489;"{""type"": ""Point"", ""coordinates"": [-78.08497234892263, 33.9111966891914]}";White;Oak Island;Travel Lane;2;19;Urban (>70% Developed);Male;Passenger Car;0;#NULL!;0;0;White;No;0;16-19;Bicyclist Left Turn - Same Direction;None;No;No;Dry;0;Urban;No;29JUL2007;0;19:20;Male;No;Residential;O: No Injury;No;O: No Injury;7066;July;0;Straight - Level;Coastal;With Traffic;No Control Present;Sunday;Intersection;17;0;Two-Way, Not Divided;2 lanes;0;#NULL!;#NULL!;Smooth Asphalt;#NULL!;T-Intersection;Bicyclist Left Turn / Merge;Local Street;O: No Injury;Brunswick;65;Clear;#NULL!;21-25 mph;20 - 25  MPH;2007;Daylight;60-69
35.0665069691, -77.3505521812;"{""type"": ""Point"", ""coordinates"": [-77.3505521811631, 35.066506969060654]}";Black;None - Rural Crash;Travel Lane;2;21;Rural (<30% Developed);Male;Passenger Car;0;#NULL!;0;0;White;No;0;40-49;Motorist Drive Out - Sign-Controlled Intersection;None;Yes;Yes;Dry;0;Rural;No;31JUL2007;0;21:30;Male;No;Farms, Woods, Pastures;C: Possible Injury;No;O: No Injury;7074;July;0;Straight - Level;Coastal;With Traffic;Stop Sign;Tuesday;Intersection;44;0;Two-Way, Not Divided;2 lanes;0;#NULL!;#NULL!;Smooth Asphalt;#NULL!;Y-Intersection;Motorist Failed to Yield - Sign-Controlled Intersection;NC Route;C: Possible Injury;Jones;65;Clear;#NULL!;0-5 mph;50 - 55  MPH;2007;Dark - Roadway Not Lighted;60-69
35.9495470661, -80.0204230347;"{""type"": ""Point"", ""coordinates"": [-80.0204230347108, 35.94954706606512]}";White;High Point;Driveway / Alley;2;13;Urban (>70% Developed);Male;Passenger Car;0;#NULL!;0;0;Black;No;0;6-10;Bicyclist Ride Out - Residential Driveway;None;No;No;Dry;0;Urban;No;01AUG2007;0;13:57;Female;No;Residential;A: Disabling Injury;Yes;O: No Injury;7081;August;0;Straight - Grade;Piedmont;Not Applicable;No Control Present;Wednesday;Non-Intersection;7;0;Two-Way, Not Divided;2 lanes;0;#NULL!;#NULL!;Smooth Asphalt;#NULL!;No Special Feature;Bicyclist Failed to Yield - Midblock;Local Street;A: Disabling Injury;Guilford;33;Clear;#NULL!;36-40 mph;30 - 35  MPH;2007;Daylight;30-39
35.6299239121, -82.3183477026;"{""type"": ""Point"", ""coordinates"": [-82.31834770259788, 35.629923912089524]}";Black;Black Mountain;Travel Lane;2;13;Mixed (30% To 70% Developed);Male;Passenger Car;0;#NULL!;0;0;Unknown/Missing;No;0;11-15;Bicyclist Lost Control - Other / Unknown;None;No;No;Dry;0;Urban;No;02AUG2007;0;13:40;Unknown;Missing;Residential;B: Evident Injury;No;Unknown Injury;7082;August;0;Straight - Level;Mountains;With Traffic;No Control Present;Thursday;Non-Intersection;12;0;Two-Way, Not Divided;2 lanes;0;#NULL!;#NULL!;Smooth Asphalt;#NULL!;Driveway, Public;Loss of Control / Turning Error;Local Street;B: Evident Injury;Buncombe;Unknown;Clear;#NULL!;Unknown;20 - 25  MPH;2007;Daylight;Unknown
35.9451471448, -77.7977323618;"{""type"": ""Point"", ""coordinates"": [-77.79773236176656, 35.945147144833264]}";Black;Rocky Mount;Sidewalk / Crosswalk / Driveway Crossing;2;14;Urban (>70% Developed);Male;Passenger Car;0;#NULL!;0;0;Black;No;0;16-19;Bicyclist Ride Out - Signalized  Intersection;None;No;No;Dry;0;Urban;No;03AUG2007;0;14:38;Male;No;Commercial;C: Possible Injury;No;O: No Injury;7085;August;0;Straight - Level;Coastal;With Traffic;Stop And Go Signal;Friday;Intersection;18;0;One-Way, Not Divided;3 lanes;0;#NULL!;#NULL!;Coarse Asphalt;#NULL!;Four-Way Intersection;Bicyclist Failed to Yield - Signalized Intersection;Local Street;C: Possible Injury;Nash;30;Clear;#NULL!;26-30 mph;20 - 25  MPH;2007;Daylight;30-39
35.8009830778, -78.817698664;"{""type"": ""Point"", ""coordinates"": [-78.81769866401352, 35.800983077829166]}";White;Morrisville;Travel Lane;2;6;Mixed (30% To 70% Developed);Male;Passenger Car;0;#NULL!;0;0;White;No;0;40-49;Bicyclist Ride Through - Signalized Intersection;None;No;No;Dry;0;Urban;No;03AUG2007;0;6:20;Male;No;Commercial;A: Disabling Injury;Yes;A: Disabling Injury;7086;August;0;Straight - Grade;Piedmont;With Traffic;Stop And Go Signal;Friday;Intersection;41;0;Two-Way, Divided, Unprotected Median;4 lanes;0;#NULL!;#NULL!;Smooth Asphalt;#NULL!;Four-Way Intersection;Bicyclist Failed to Yield - Signalized Intersection;Local Street;A: Disabling Injury;Wake;48;Clear;#NULL!;31-35 mph;30 - 35  MPH;2007;Daylight;40-49
35.9699970703, -80.0155230351;"{""type"": ""Point"", ""coordinates"": [-80.01552303507545, 35.96999707028737]}";Black;High Point;Sidewalk / Crosswalk / Driveway Crossing;2;19;Urban (>70% Developed);Male;Van;0;#NULL!;0;0;White;No;0;16-19;Motorist Drive Out - Right Turn on Red;None;No;No;Dry;0;Urban;No;04AUG2007;0;19:32;Female;No;Commercial;C: Possible Injury;Yes;O: No Injury;7088;August;0;Straight - Level;Piedmont;Facing Traffic;Stop And Go Signal;Saturday;Intersection;16;0;Two-Way, Not Divided;2 lanes;0;#NULL!;#NULL!;Smooth Asphalt;#NULL!;No Special Feature;Motorist Failed to Yield - Signalized Intersection;Local Street;C: Possible Injury;Guilford;30;Clear;#NULL!;0-5 mph;30 - 35  MPH;2007;Daylight;30-39
35.0791469174, -78.956722668;"{""type"": ""Point"", ""coordinates"": [-78.95672266795006, 35.07914691744282]}";Black;Fayetteville;Travel Lane;2;20;Urban (>70% Developed);Male;Passenger Car;0;#NULL!;0;0;Black;No;0;30-39;Signalized Intersection - Other / Unknown;None;No;No;Dry;0;Urban;No;07AUG2007;0;20:41;Male;No;Commercial;O: No Injury;No;O: No Injury;7095;August;0;Straight - Level;Coastal;With Traffic;Stop And Go Signal;Tuesday;Intersection;31;0;Two-Way, Divided, Unprotected Median;4 lanes;0;#NULL!;#NULL!;Smooth Asphalt;#NULL!;Four-Way Intersection;Crossing Paths - Other Circumstances;Local Street;Unknown Injury;Cumberland;39;Clear;#NULL!;41-45 mph;40 - 45  MPH;2007;Dark - Lighted Roadway;30-39
35.4044408325, -83.145549933;"{""type"": ""Point"", ""coordinates"": [-83.14554993303877, 35.40444083254808]}";White;None - Rural Crash;Travel Lane;2;19;Rural (<30% Developed);Male;Pickup;0;#NULL!;0;0;White;No;0;20-24;Head-On - Bicyclist;None;No;No;Dry;0;Rural;No;07AUG2007;0;19:18;Male;No;Farms, Woods, Pastures;A: Disabling Injury;Yes;O: No Injury;7098;August;0;Curve - Grade;Mountains;With Traffic;Double Yellow Line, No Passing Zone;Tuesday;Non-Intersection;20;0;Two-Way, Not Divided;2 lanes;0;#NULL!;#NULL!;Coarse Asphalt;#NULL!;No Special Feature;Head-On;State Secondary Route;A: Disabling Injury;Jackson;38;Cloudy;#NULL!;31-35 mph;40 - 45  MPH;2007;Daylight;30-39
35.0620229162, -78.8902076471;"{""type"": ""Point"", ""coordinates"": [-78.89020764705278, 35.06202291622441]}";Unknown/Missing;Fayetteville;Unknown;2;17;Urban (>70% Developed);Unknown;Sport Utility;0;#NULL!;0;0;White;No;0;Unknown;Unknown Approach Paths;None;No;No;Dry;0;Urban;No;08JUL2007;0;17:14;Female;No;Commercial;O: No Injury;No;O: No Injury;7100;July;0;Straight - Grade;Coastal;Unknown;Stop And Go Signal;Sunday;Intersection;Unknown;0;One-Way, Not Divided;2 lanes;0;#NULL!;#NULL!;Coarse Asphalt;#NULL!;On or Off Ramp;Other / Unknown - Insufficient Details;Local Street;Unknown Injury;Cumberland;64;Clear;#NULL!;Unknown;40 - 45  MPH;2007;Daylight;60-69
35.6329839029, -82.562483775;"{""type"": ""Point"", ""coordinates"": [-82.56248377497063, 35.63298390285987]}";White;Asheville;Travel Lane;2;15;Urban (>70% Developed);Male;Passenger Car;0;#NULL!;0;0;White;No;0;11-15;Head-On - Bicyclist;None;No;No;Dry;0;Urban;No;08AUG2007;0;15:07;Male;No;Residential;A: Disabling Injury;Yes;O: No Injury;7101;August;0;Curve - Level;Mountains;With Traffic;No Control Present;Wednesday;Non-Intersection;14;0;Two-Way, Not Divided;2 lanes;0;#NULL!;#NULL!;Coarse Asphalt;#NULL!;No Special Feature;Head-On;Local Street;A: Disabling Injury;Buncombe;26;Clear;#NULL!;26-30 mph;30 - 35  MPH;2007;Daylight;25-29
36.2968212738, -76.2213118973;"{""type"": ""Point"", ""coordinates"": [-76.22131189729703, 36.29682127379957]}";Black;Elizabeth City;Sidewalk / Crosswalk / Driveway Crossing;2;0;Urban (>70% Developed);Male;Passenger Car;0;#NULL!;0;0;Black;No;0;Unknown;Bicyclist Ride Out - Parallel Path;None;No;No;Dry;0;Urban;No;09AUG2007;0;0:00;Male;No;Commercial;C: Possible Injury;No;O: No Injury;7104;August;0;Straight - Level;Coastal;With Traffic;No Control Present;Thursday;Non-Intersection;Unknown;0;Two-Way, Divided, Unprotected Median;5 lanes;0;#NULL!;#NULL!;Smooth Asphalt;#NULL!;No Special Feature;Parallel Paths - Other Circumstances;Local Street;C: Possible Injury;Pasquotank;34;Cloudy;#NULL!;21-25 mph;30 - 35  MPH;2007;Daylight;30-39
35.2445289319, -79.5692128615;"{""type"": ""Point"", ""coordinates"": [-79.56921286149209, 35.24452893190012]}";Black;None - Rural Crash;Travel Lane;2;17;Mixed (30% To 70% Developed);Male;Passenger Car;0;#NULL!;0;0;White;No;0;40-49;Bicyclist Turning Error - Left Turn;None;Yes;Yes;Dry;0;Rural;No;10AUG2007;0;17:18;Female;No;Commercial;C: Possible Injury;Yes;O: No Injury;7110;August;0;Straight - Level;Piedmont;Facing Traffic;Stop Sign;Friday;Intersection;47;0;Two-Way, Not Divided;2 lanes;0;#NULL!;#NULL!;Coarse Asphalt;#NULL!;T-Intersection;Loss of Control / Turning Error;State Secondary Route;C: Possible Injury;Moore;53;Cloudy;#NULL!;0-5 mph;30 - 35  MPH;2007;Daylight;50-59
36.3207732316, -77.5935723197;"{""type"": ""Point"", ""coordinates"": [-77.59357231971134, 36.32077323162288]}";Black;Halifax;Travel Lane;2;15;Mixed (30% To 70% Developed);Male;Sport Utility;0;#NULL!;0;0;Black;No;0;40-49;Head-On - Bicyclist;None;No;No;Dry;0;Rural;No;13AUG2007;0;15:10;Male;No;Commercial;C: Possible Injury;Yes;O: No Injury;7116;August;0;Straight - Level;Coastal;Facing Traffic;Double Yellow Line, No Passing Zone;Monday;Non-Intersection;48;0;Two-Way, Not Divided;2 lanes;0;#NULL!;#NULL!;Smooth Asphalt;#NULL!;No Special Feature;Head-On;US Route;C: Possible Injury;Halifax;23;Clear;#NULL!;16-20 mph;40 - 45  MPH;2007;Daylight;20-24
35.5951168956, -82.5542637702;"{""type"": ""Point"", ""coordinates"": [-82.55426377023174, 35.59511689562489]}";Unknown/Missing;Asheville;Non-Roadway;2;13;Urban (>70% Developed);Unknown;Other Bus;0;#NULL!;0;0;Black;No;0;Unknown;Non-Roadway;None;No;Missing;Dry;0;Urban;No;05NOV2007;0;13:45;Female;No;Commercial;O: No Injury;No;O: No Injury;7118;November;0;Straight - Level;Mountains;Unknown;Stop And Go Signal;Monday;Non-Roadway;Unknown;0;Two-Way, Not Divided;3 lanes;0;#NULL!;#NULL!;Smooth Asphalt;#NULL!;Four-Way Intersection;Non-Roadway;Local Street;Unknown Injury;Buncombe;55;Clear;#NULL!;6-10 mph;20 - 25  MPH;2007;Daylight;50-59
36.3819671733, -79.577097926;"{""type"": ""Point"", ""coordinates"": [-79.5770979259994, 36.3819671733047]}";Black;None - Rural Crash;Multi-use Path;2;9;Rural (<30% Developed);Male;Pickup;0;#NULL!;0;0;White;No;0;11-15;Bicyclist Ride Out - Other Midblock;None;No;No;Dry;0;Rural;No;13AUG2007;0;9:09;Male;No;Farms, Woods, Pastures;O: No Injury;Yes;O: No Injury;7120;August;0;Straight - Level;Piedmont;Not Applicable;Double Yellow Line, No Passing Zone;Monday;Non-Intersection;12;0;Two-Way, Not Divided;2 lanes;0;#NULL!;#NULL!;Smooth Asphalt;#NULL!;No Special Feature;Bicyclist Failed to Yield - Midblock;US Route;O: No Injury;Rockingham;42;Clear;#NULL!;41-45 mph;50 - 55  MPH;2007;Daylight;40-49
36.056867097, -79.7848429708;"{""type"": ""Point"", ""coordinates"": [-79.78484297075369, 36.05686709696946]}";Black;Greensboro;Travel Lane;2;18;Urban (>70% Developed);Male;Passenger Car;0;#NULL!;0;0;Black;No;0;20-24;Backing Vehicle;None;No;No;Dry;0;Urban;No;13AUG2007;0;18:57;Female;No;Residential;B: Evident Injury;Yes;O: No Injury;7122;August;0;Straight - Level;Piedmont;With Traffic;No Control Present;Monday;Non-Intersection;24;0;Two-Way, Not Divided;3 lanes;0;#NULL!;#NULL!;Smooth Asphalt;#NULL!;No Special Feature;Backing Vehicle;Local Street;B: Evident Injury;Guilford;37;Clear;#NULL!;11-15 mph;20 - 25  MPH;2007;Daylight;30-39
35.3274369871, -78.4886125395;"{""type"": ""Point"", ""coordinates"": [-78.48861253952686, 35.32743698712463]}";Black;None - Rural Crash;Travel Lane;2;23;Rural (<30% Developed);Male;Pickup;0;#NULL!;0;0;White;No;0;40-49;Parallel Paths - Other / Unknown;None;No;No;Dry;0;Rural;No;15AUG2007;0;23:07;Male;No;Farms, Woods, Pastures;C: Possible Injury;Yes;O: No Injury;7131;August;0;Straight - Grade;Coastal;Unknown;Double Yellow Line, No Passing Zone;Wednesday;Non-Intersection;47;0;Two-Way, Not Divided;2 lanes;0;#NULL!;#NULL!;Smooth Asphalt;#NULL!;No Special Feature;Parallel Paths - Other Circumstances;State Secondary Route;C: Possible Injury;Johnston;17;Clear;#NULL!;51-55 mph;50 - 55  MPH;2007;Dark - Roadway Not Lighted;0-19
35.2846368834, -81.1493333363;"{""type"": ""Point"", ""coordinates"": [-81.14933333628385, 35.28463688339908]}";White;Gastonia;Travel Lane;2;11;Urban (>70% Developed);Male;Light Truck (Mini-Van, Panel);0;#NULL!;0;0;White;No;0;11-15;Bicyclist Ride Out - Sign-Controlled Intersection;None;No;No;Dry;0;Urban;No;16AUG2007;0;11:44;Male;No;Residential;A: Disabling Injury;Yes;O: No Injury;7135;August;0;Straight - Grade;Piedmont;With Traffic;Stop Sign;Thursday;Intersection;15;0;Two-Way, Not Divided;5 lanes;0;#NULL!;#NULL!;Smooth Asphalt;#NULL!;T-Intersection;Bicyclist Failed to Yield - Sign-Controlled Intersection;Local Street;A: Disabling Injury;Gaston;26;Clear;#NULL!;36-40 mph;40 - 45  MPH;2007;Daylight;25-29
35.3898870184, -77.990342392;"{""type"": ""Point"", ""coordinates"": [-77.99034239197624, 35.38988701836712]}";Black;Goldsboro;Sidewalk / Crosswalk / Driveway Crossing;2;9;Urban (>70% Developed);Male;Pickup;0;#NULL!;0;0;White;No;0;16-19;Bicyclist Ride Through - Signalized Intersection;None;No;No;Dry;0;Urban;No;16AUG2007;0;9:30;Male;No;Residential;C: Possible Injury;Yes;O: No Injury;7137;August;0;Straight - Level;Coastal;Facing Traffic;Stop And Go Signal;Thursday;Intersection;17;0;Two-Way, Not Divided;2 lanes;0;#NULL!;#NULL!;Coarse Asphalt;#NULL!;Four-Way Intersection;Bicyclist Failed to Yield - Signalized Intersection;Local Street;C: Possible Injury;Wayne;66;Clear;#NULL!;26-30 mph;30 - 35  MPH;2007;Daylight;60-69
35.1169008632, -80.7214931998;"{""type"": ""Point"", ""coordinates"": [-80.7214931997691, 35.1169008632442]}";White;Matthews;Sidewalk / Crosswalk / Driveway Crossing;2;16;Urban (>70% Developed);Male;Sport Utility;0;#NULL!;0;0;White;No;0;11-15;Crossing Paths - Intersection - Other / Unknown;None;No;No;Dry;0;Urban;No;16AUG2007;0;16:21;Male;No;Commercial;C: Possible Injury;No;O: No Injury;7138;August;0;Straight - Level;Piedmont;With Traffic;Other;Thursday;Intersection;15;0;Two-Way, Divided, Unprotected Median;2 lanes;0;#NULL!;#NULL!;Smooth Asphalt;#NULL!;Other;Crossing Paths - Other Circumstances;Local Street;C: Possible Injury;Mecklenburg;43;Clear;#NULL!;16-20 mph;20 - 25  MPH;2007;Daylight;40-49
35.9273171401, -77.8148673666;"{""type"": ""Point"", ""coordinates"": [-77.81486736656012, 35.92731714012284]}";Black;Rocky Mount;Travel Lane;2;18;Urban (>70% Developed);Male;Sport Utility;0;#NULL!;0;0;Black;No;0;16-19;Motorist Overtaking - Bicyclist Swerved;None;No;No;Dry;0;Urban;No;17AUG2007;0;18:37;Male;No;Residential;B: Evident Injury;Yes;O: No Injury;7139;August;0;Straight - Level;Coastal;With Traffic;No Control Present;Friday;Non-Intersection;16;0;Two-Way, Not Divided;2 lanes;0;#NULL!;#NULL!;Coarse Asphalt;#NULL!;No Special Feature;Motorist Overtaking Bicyclist;Local Street;B: Evident Injury;Nash;28;Clear;#NULL!;31-35 mph;30 - 35  MPH;2007;Daylight;25-29
35.1841067999, -82.7950738178;"{""type"": ""Point"", ""coordinates"": [-82.79507381775478, 35.18410679991905]}";White;None - Rural Crash;Travel Lane;2;16;Mixed (30% To 70% Developed);Male;Passenger Car;0;#NULL!;0;0;White;No;0;50-59;Motorist Overtaking - Bicyclist Swerved;None;No;No;Dry;0;Rural;No;18AUG2007;0;16:10;Male;No;Residential;C: Possible Injury;Yes;O: No Injury;7141;August;0;Straight - Grade;Mountains;With Traffic;Double Yellow Line, No Passing Zone;Saturday;Non-Intersection;56;0;Two-Way, Not Divided;2 lanes;0;#NULL!;#NULL!;Smooth Asphalt;#NULL!;No Special Feature;Motorist Overtaking Bicyclist;State Secondary Route;C: Possible Injury;Transylvania;25;Clear;#NULL!;36-40 mph;40 - 45  MPH;2007;Daylight;25-29
35.5953868956, -82.5527737692;"{""type"": ""Point"", ""coordinates"": [-82.55277376924725, 35.59538689558593]}";White;Asheville;Travel Lane;2;11;Urban (>70% Developed);Female;Sport Utility;0;#NULL!;0;0;White;No;0;30-39;Signalized Intersection - Other / Unknown;None;No;No;Dry;0;Urban;No;19AUG2007;0;11:27;Female;No;Commercial;B: Evident Injury;Yes;O: No Injury;7146;August;0;Straight - Level;Mountains;With Traffic;Stop And Go Signal;Sunday;Intersection;36;0;Two-Way, Not Divided;2 lanes;0;#NULL!;#NULL!;Coarse Asphalt;#NULL!;Four-Way Intersection;Crossing Paths - Other Circumstances;Local Street;B: Evident Injury;Buncombe;29;Clear;#NULL!;21-25 mph;20 - 25  MPH;2007;Daylight;25-29
35.0453789121, -78.8920826473;"{""type"": ""Point"", ""coordinates"": [-78.8920826472797, 35.04537891211009]}";Asian;Fayetteville;Travel Lane;2;9;Urban (>70% Developed);Male;Sport Utility;0;#NULL!;0;0;White;No;0;30-39;Motorist Drive Out - Right Turn on Red;None;No;No;Dry;0;Urban;No;22AUG2007;0;9:40;Male;No;Commercial;B: Evident Injury;No;O: No Injury;7153;August;0;Straight - Level;Coastal;Facing Traffic;Stop And Go Signal;Wednesday;Intersection;31;0;Two-Way, Not Divided;7 lanes;0;#NULL!;#NULL!;Coarse Asphalt;#NULL!;Related To Intersection;Motorist Failed to Yield - Signalized Intersection;Local Street;B: Evident Injury;Cumberland;Unknown;Clear;#NULL!;Unknown;30 - 35  MPH;2007;Daylight;Unknown
35.7206800929, -77.9058023826;"{""type"": ""Point"", ""coordinates"": [-77.90580238261487, 35.72068009286972]}";Black;Wilson;Travel Lane;2;8;Urban (>70% Developed);Male;Sport Utility;0;#NULL!;0;0;Black;No;0;30-39;Motorist Drive Out - Sign-Controlled Intersection;None;No;No;Dry;0;Urban;No;22AUG2007;0;8:52;Female;No;Commercial;C: Possible Injury;Yes;O: No Injury;7154;August;0;Straight - Level;Coastal;Unknown;Stop Sign;Wednesday;Intersection;32;0;Two-Way, Not Divided;3 lanes;0;#NULL!;#NULL!;Coarse Asphalt;#NULL!;Related To Intersection;Motorist Failed to Yield - Sign-Controlled Intersection;Local Street;C: Possible Injury;Wilson;45;Clear;#NULL!;6-10 mph;5 - 15 MPH;2007;Daylight;40-49
36.2173530597, -81.6649035429;"{""type"": ""Point"", ""coordinates"": [-81.66490354294552, 36.21735305969071]}";White;Boone;Sidewalk / Crosswalk / Driveway Crossing;2;16;Urban (>70% Developed);Male;Van;0;#NULL!;0;0;White;No;0;16-19;Motorist Drive Out - Commercial Driveway / Alley;None;No;No;Dry;0;Urban;No;29AUG2007;0;16:23;Male;No;Commercial;B: Evident Injury;Yes;O: No Injury;7175;August;0;Straight - Grade;Mountains;Facing Traffic;No Control Present;Wednesday;Non-Intersection;19;0;Two-Way, Divided, Unprotected Median;4 lanes;0;#NULL!;#NULL!;Smooth Asphalt;#NULL!;Driveway, Public;Motorist Failed to Yield - Midblock;Local Street;B: Evident Injury;Watauga;35;Clear;#NULL!;16-20 mph;30 - 35  MPH;2007;Daylight;30-39
35.9501531192, -78.5592325941;"{""type"": ""Point"", ""coordinates"": [-78.55923259407075, 35.95015311916708]}";White;Raleigh;Travel Lane;2;13;Urban (>70% Developed);Male;Passenger Car;0;#NULL!;0;0;Black;No;0;40-49;Bicyclist Overtaking - Passing on Right;None;No;No;Dry;0;Urban;No;08OCT2007;0;13:43;Male;No;Residential;O: No Injury;No;O: No Injury;7203;October;0;Straight - Level;Piedmont;With Traffic;Stop Sign;Monday;Intersection-Related;45;0;Two-Way, Not Divided;2 lanes;0;#NULL!;#NULL!;Smooth Asphalt;#NULL!;No Special Feature;Bicyclist Overtaking Motorist;Local Street;O: No Injury;Wake;54;Clear;#NULL!;0-5 mph;20 - 25  MPH;2007;Daylight;50-59
35.3280770417, -76.8788720498;"{""type"": ""Point"", ""coordinates"": [-76.87887204983187, 35.3280770416741]}";Other;None - Rural Crash;Travel Lane;2;16;Mixed (30% To 70% Developed);Male;Passenger Car;0;#NULL!;0;0;Black;No;0;0-5;Bicyclist Ride Through - Sign-Controlled Intersection;None;No;No;Wet;0;Rural;No;09SEP2007;0;16:10;Female;No;Residential;C: Possible Injury;No;O: No Injury;7221;September;0;Straight - Level;Coastal;With Traffic;Double Yellow Line, No Passing Zone;Sunday;Intersection;4;0;Two-Way, Not Divided;2 lanes;0;#NULL!;#NULL!;Coarse Asphalt;#NULL!;T-Intersection;Bicyclist Failed to Yield - Sign-Controlled Intersection;State Secondary Route;C: Possible Injury;Beaufort;70+;Cloudy;#NULL!;16-20 mph;30 - 35  MPH;2007;Daylight;70+
35.6670970975, -77.4191082321;"{""type"": ""Point"", ""coordinates"": [-77.41910823205687, 35.6670970975271]}";Hispanic;None - Rural Crash;Driveway / Alley;2;0;Mixed (30% To 70% Developed);Male;Passenger Car;0;#NULL!;0;0;Black;No;0;20-24;Bicyclist Ride Through - Sign-Controlled Intersection;None;Yes;Yes;Dry;0;Rural;No;09SEP2007;0;0:00;Male;No;Institutional;A: Disabling Injury;Yes;O: No Injury;7223;September;0;Straight - Level;Coastal;With Traffic;Stop Sign;Sunday;Intersection;20;0;Two-Way, Not Divided;2 lanes;0;#NULL!;#NULL!;Coarse Asphalt;#NULL!;Driveway, Public;Bicyclist Failed to Yield - Sign-Controlled Intersection;NC Route;A: Disabling Injury;Pitt;68;Clear;#NULL!;46-50 mph;50 - 55  MPH;2007;Dark - Roadway Not Lighted;60-69
35.3260109821, -78.6305125825;"{""type"": ""Point"", ""coordinates"": [-78.63051258251225, 35.32601098205566]}";White;Dunn;Travel Lane;2;20;Mixed (30% To 70% Developed);Male;Pickup;0;#NULL!;0;0;White;No;0;30-39;Bicyclist Ride Through - Sign-Controlled Intersection;None;Yes;Yes;Dry;0;Urban;No;11SEP2007;0;20:10;Male;No;Industrial;C: Possible Injury;No;O: No Injury;7225;September;0;Straight - Level;Coastal;Unknown;Stop Sign;Tuesday;Intersection;38;0;Two-Way, Not Divided;2 lanes;0;#NULL!;#NULL!;Coarse Asphalt;#NULL!;Four-Way Intersection;Bicyclist Failed to Yield - Sign-Controlled Intersection;Local Street;C: Possible Injury;Harnett;70+;Clear;#NULL!;6-10 mph;30 - 35  MPH;2007;Dark - Roadway Not Lighted;70+
35.9099230922, -79.056212742;"{""type"": ""Point"", ""coordinates"": [-79.0562127420342, 35.909923092196586]}";White;Chapel Hill;Unknown;2;8;Urban (>70% Developed);Male;Passenger Car;0;#NULL!;0;0;White;No;0;50-59;Motorist Left Turn - Opposite Direction;None;No;No;Dry;0;Urban;No;12SEP2007;0;8:04;Male;No;Residential;C: Possible Injury;No;O: No Injury;7229;September;0;Straight - Level;Piedmont;With Traffic;No Control Present;Wednesday;Non-Intersection;53;0;Two-Way, Not Divided;2 lanes;0;#NULL!;#NULL!;Smooth Asphalt;#NULL!;No Special Feature;Motorist Left Turn / Merge;Local Street;C: Possible Injury;Orange;34;Clear;#NULL!;6-10 mph;20 - 25  MPH;2007;Daylight;30-39