Geo Point;Geo Shape;BikeRace;City;BikePos;NumUnits;CrashHour;Locality;BikeSex;DrvrVehTyp;NumBikesNo;BikeAlcDrg;NumBikesBI;RteInvdCd;DrvrRace;Workzone;NumBikesCi;BikeAgeGrp;CrashType;RdDefects;CrashAlcoh;BikeAlcoho;RdConditio;DstncMiFrm;RuralUrban;HitRun;CrashDate;NumBikesUI;CrashTime;DrvrSex;DrvrAlcoho;Developmen;CrashSevr;AmbulanceR;DrvrInjury;OBJECTID;CrashMonth;NumBikesKi;RdCharacte;Region;BikeDir;TraffCntrl;CrashDay;CrashLoc;BikeAge;NumBikesTo;RdConfig;NumLanes;NumBikesAI;DrvrAlcDrg;OnRoad;RdSurface;Towrd_Rd;RdFeature;CrashGrp;RdClass;BikeInjury;County;DrvrAge;Weather;FrmRd;DrvrEstSpd;SpeedLimit;CrashYear;LightCond;DrvrAgeGrp
36.1031951076, -79.7629529668;"{""type"": ""Point"", ""coordinates"": [-79.76295296678543, 36.10319510756687]}";Black;Greensboro;Travel Lane;2;5;Mixed (30% To 70% Developed);Male;Unknown;0;#NULL!;0;0;Black;No;0;40-49;Parallel Paths - Other / Unknown;None;No;No;Dry;0;Urban;Yes;12SEP2007;0;5:30;Female;No;Commercial;B: Evident Injury;Yes;O: No Injury;7231;September;0;Straight - Hillcrest;Piedmont;With Traffic;No Control Present;Wednesday;Non-Intersection;44;0;One-Way, Not Divided;1 lane;0;#NULL!;#NULL!;Smooth Asphalt;#NULL!;On or Off Ramp;Parallel Paths - Other Circumstances;Interstate;B: Evident Injury;Guilford;35;Clear;#NULL!;36-40 mph;50 - 55  MPH;2007;Dark - Lighted Roadway;30-39
35.1355389725, -77.7119322943;"{""type"": ""Point"", ""coordinates"": [-77.71193229430546, 35.13553897254762]}";White;None - Rural Crash;Travel Lane;2;19;Rural (<30% Developed);Female;Passenger Car;0;#NULL!;0;0;White;No;0;16-19;Head-On - Bicyclist;None;No;No;Dry;0;Rural;No;14SEP2007;0;19:11;Male;No;Farms, Woods, Pastures;A: Disabling Injury;Yes;O: No Injury;7236;September;0;Straight - Level;Coastal;With Traffic;No Control Present;Friday;Non-Intersection;17;0;Two-Way, Not Divided;2 lanes;0;#NULL!;#NULL!;Coarse Asphalt;#NULL!;No Special Feature;Head-On;State Secondary Route;A: Disabling Injury;Lenoir;35;Cloudy;#NULL!;41-45 mph;50 - 55  MPH;2007;Daylight;30-39
35.1379268615, -80.8793432482;"{""type"": ""Point"", ""coordinates"": [-80.87934324822746, 35.13792686154735]}";Hispanic;Charlotte;Travel Lane;2;12;Urban (>70% Developed);Male;Passenger Car;0;#NULL!;0;0;Unknown/Missing;No;0;30-39;Motorist Overtaking - Other / Unknown;None;No;No;Dry;0;Urban;Yes;20DEC2007;0;12:24;Unknown;Missing;Commercial;B: Evident Injury;No;Unknown Injury;7237;December;0;Straight - Grade;Piedmont;With Traffic;Stop And Go Signal;Thursday;Intersection;36;0;Two-Way, Not Divided;4 lanes;0;#NULL!;#NULL!;Smooth Asphalt;#NULL!;Four-Way Intersection;Motorist Overtaking Bicyclist;Local Street;B: Evident Injury;Mecklenburg;Unknown;Clear;#NULL!;Unknown;Unknown;2007;Daylight;Unknown
36.0980642467, -75.7244657345;"{""type"": ""Point"", ""coordinates"": [-75.7244657345262, 36.09806424670961]}";White;Southern Shores;Multi-use Path;2;9;Urban (>70% Developed);Female;Unknown Heavy Truck;0;#NULL!;0;0;White;No;0;40-49;Motorist Right Turn - Opposite Direction;None;No;No;Dry;0;Rural;No;11OCT2007;0;9:04;Male;No;Commercial;B: Evident Injury;Yes;O: No Injury;7241;October;0;Straight - Level;Coastal;Facing Traffic;No Control Present;Thursday;Non-Intersection;45;0;Two-Way, Not Divided;Unknown;0;#NULL!;#NULL!;Smooth Asphalt;#NULL!;Driveway, Public;Motorist Right Turn / Merge;US Route;B: Evident Injury;Dare;44;Clear;#NULL!;6-10 mph;50 - 55  MPH;2007;Daylight;40-49
35.9497830671, -79.9863080246;"{""type"": ""Point"", ""coordinates"": [-79.98630802456336, 35.94978306706646]}";Black;High Point;Unknown;2;17;Urban (>70% Developed);Male;Passenger Car;0;#NULL!;0;0;Black;No;0;6-10;Bicyclist Ride Out - Midblock - Unknown;None;No;No;Dry;0;Urban;No;17SEP2007;0;17:14;Male;No;Residential;O: No Injury;No;O: No Injury;7255;September;0;Straight - Level;Piedmont;Not Applicable;No Control Present;Monday;Non-Intersection;6;0;Two-Way, Divided, Unprotected Median;2 lanes;0;#NULL!;#NULL!;Coarse Asphalt;#NULL!;No Special Feature;Bicyclist Failed to Yield - Midblock;Local Street;O: No Injury;Guilford;21;Clear;#NULL!;31-35 mph;30 - 35  MPH;2007;Daylight;20-24
35.6186519107, -82.2922236938;"{""type"": ""Point"", ""coordinates"": [-82.29222369383251, 35.6186519106951]}";White;None - Rural Crash;Driveway / Alley;2;17;Rural (<30% Developed);Female;Pickup;0;#NULL!;0;0;White;No;0;11-15;Bicyclist Ride Out - Residential Driveway;None;No;No;Dry;0;Rural;No;18SEP2007;0;17:20;Male;No;Farms, Woods, Pastures;B: Evident Injury;Yes;O: No Injury;7257;September;0;Straight - Level;Mountains;Not Applicable;Double Yellow Line, No Passing Zone;Tuesday;Non-Intersection;11;0;Two-Way, Not Divided;2 lanes;0;#NULL!;#NULL!;Coarse Asphalt;#NULL!;No Special Feature;Bicyclist Failed to Yield - Midblock;State Secondary Route;B: Evident Injury;Buncombe;48;Clear;#NULL!;26-30 mph;30 - 35  MPH;2007;Daylight;40-49
35.8626550281, -80.5494431891;"{""type"": ""Point"", ""coordinates"": [-80.54944318909033, 35.862655028061745]}";Hispanic;None - Rural Crash;Unknown;2;5;Rural (<30% Developed);Male;Passenger Car;0;#NULL!;0;0;White;No;0;40-49;Bicyclist Ride Out - Midblock - Unknown;None;No;No;Dry;0;Rural;No;21SEP2007;0;5:55;Male;No;Residential;B: Evident Injury;Yes;O: No Injury;7269;September;0;Straight - Level;Piedmont;Not Applicable;Double Yellow Line, No Passing Zone;Friday;Non-Intersection;47;0;Two-Way, Not Divided;2 lanes;0;#NULL!;#NULL!;Smooth Asphalt;#NULL!;Driveway, Private;Bicyclist Failed to Yield - Midblock;US Route;B: Evident Injury;Davie;39;Cloudy;#NULL!;41-45 mph;40 - 45  MPH;2007;Dark - Roadway Not Lighted;30-39
35.9999971164, -78.9234327069;"{""type"": ""Point"", ""coordinates"": [-78.92343270691075, 35.99999711639568]}";White;Durham;Travel Lane;2;15;Mixed (30% To 70% Developed);Female;Unknown;0;#NULL!;0;0;Unknown/Missing;No;0;25-29;Sign-Controlled Intersection - Other / Unknown;None;No;No;Dry;0;Urban;Yes;02OCT2007;0;15:15;Unknown;Missing;Institutional;C: Possible Injury;No;Unknown Injury;7295;October;0;Straight - Level;Piedmont;With Traffic;Stop Sign;Tuesday;Intersection;28;0;Two-Way, Divided, Unprotected Median;4 lanes;0;#NULL!;#NULL!;Concrete;#NULL!;Four-Way Intersection;Crossing Paths - Other Circumstances;Local Street;C: Possible Injury;Durham;Unknown;Clear;#NULL!;6-10 mph;20 - 25  MPH;2007;Daylight;Unknown
35.7463470649, -78.8641526753;"{""type"": ""Point"", ""coordinates"": [-78.86415267532885, 35.74634706491297]}";Other;Apex;Travel Lane;2;14;Urban (>70% Developed);Male;Passenger Car;0;#NULL!;0;0;White;No;0;6-10;Bicyclist Ride Out - Sign-Controlled Intersection;None;No;No;Dry;0;Urban;No;03OCT2007;0;14:43;Male;No;Residential;B: Evident Injury;Yes;O: No Injury;7299;October;0;Straight - Level;Piedmont;Facing Traffic;No Control Present;Wednesday;Intersection;10;0;Two-Way, Divided, Unprotected Median;2 lanes;0;#NULL!;#NULL!;Smooth Asphalt;#NULL!;No Special Feature;Bicyclist Failed to Yield - Sign-Controlled Intersection;Local Street;B: Evident Injury;Wake;16;Clear;#NULL!;21-25 mph;20 - 25  MPH;2007;Dusk;0-19
36.1744471984, -77.661702333;"{""type"": ""Point"", ""coordinates"": [-77.66170233300346, 36.17444719840146]}";Black;Enfield;Travel Lane;2;18;Mixed (30% To 70% Developed);Male;Passenger Car;0;#NULL!;0;0;Black;No;0;60-69;Motorist Turning Error - Left Turn;None;No;No;Dry;0;Rural;No;07OCT2007;0;18:50;Female;No;Residential;B: Evident Injury;No;O: No Injury;7306;October;0;Straight - Level;Coastal;With Traffic;No Control Present;Sunday;Intersection;65;0;Two-Way, Not Divided;2 lanes;0;#NULL!;#NULL!;Smooth Asphalt;#NULL!;No Special Feature;Loss of Control / Turning Error;Local Street;B: Evident Injury;Halifax;20;Clear;#NULL!;6-10 mph;20 - 25  MPH;2007;Dark - Lighted Roadway;20-24
35.9247171394, -77.8217723683;"{""type"": ""Point"", ""coordinates"": [-77.8217723683058, 35.92471713936521]}";Black;Rocky Mount;Unknown;2;19;Urban (>70% Developed);Male;Passenger Car;0;#NULL!;0;0;Unknown/Missing;No;0;0-5;Unknown Approach Paths;None;No;No;Dry;0;Urban;Yes;08OCT2007;0;19:38;Unknown;No;Residential;B: Evident Injury;Yes;Unknown Injury;7308;October;0;Straight - Level;Coastal;Unknown;No Control Present;Monday;Non-Intersection;3;0;Two-Way, Not Divided;2 lanes;0;#NULL!;#NULL!;Smooth Asphalt;#NULL!;No Special Feature;Other / Unknown - Insufficient Details;Local Street;B: Evident Injury;Nash;Unknown;Clear;#NULL!;26-30 mph;30 - 35  MPH;2007;Dusk;Unknown
35.2415538726, -81.1873933456;"{""type"": ""Point"", ""coordinates"": [-81.18739334560829, 35.24155387258247]}";Black;Gastonia;Travel Lane;2;20;Urban (>70% Developed);Male;Passenger Car;0;#NULL!;0;0;White;No;0;16-19;Motorist Left Turn - Same Direction;None;No;No;Wet;0;Urban;No;09OCT2007;0;20:29;Male;No;Residential;C: Possible Injury;Yes;O: No Injury;7310;October;0;Straight - Grade;Piedmont;Unknown;No Control Present;Tuesday;Non-Intersection;16;0;Two-Way, Not Divided;2 lanes;0;#NULL!;#NULL!;Smooth Asphalt;#NULL!;No Special Feature;Motorist Left Turn / Merge;Local Street;C: Possible Injury;Gaston;26;Cloudy;#NULL!;26-30 mph;30 - 35  MPH;2007;Dark - Lighted Roadway;25-29
35.7809820755, -78.7643076471;"{""type"": ""Point"", ""coordinates"": [-78.76430764707581, 35.78098207545144]}";Hispanic;Cary;Unknown;2;7;Urban (>70% Developed);Male;Passenger Car;0;#NULL!;0;0;Unknown/Missing;No;0;40-49;Unknown Location;None;No;No;Dry;0;Urban;Yes;09OCT2007;0;7:10;Unknown;Missing;Commercial;B: Evident Injury;Yes;Unknown Injury;7312;October;0;Straight - Grade;Piedmont;Unknown;No Control Present;Tuesday;Unknown Location;41;0;Two-Way, Not Divided;5 lanes;0;#NULL!;#NULL!;Smooth Asphalt;#NULL!;No Special Feature;Other / Unknown - Insufficient Details;State Secondary Route;B: Evident Injury;Wake;Unknown;Clear;#NULL!;41-45 mph;40 - 45  MPH;2007;Dawn;Unknown
34.227986765, -77.9450023211;"{""type"": ""Point"", ""coordinates"": [-77.94500232111808, 34.22798676498358]}";White;Wilmington;Sidewalk / Crosswalk / Driveway Crossing;2;8;Urban (>70% Developed);Female;Passenger Car;0;#NULL!;0;0;White;No;0;40-49;Motorist Left Turn - Opposite Direction;None;No;No;Dry;0;Urban;No;11OCT2007;0;8:34;Male;No;Residential;C: Possible Injury;Yes;O: No Injury;7316;October;0;Straight - Level;Coastal;With Traffic;Stop And Go Signal;Thursday;Intersection;44;0;Two-Way, Not Divided;2 lanes;0;#NULL!;#NULL!;Smooth Asphalt;#NULL!;Four-Way Intersection;Motorist Left Turn / Merge;Local Street;C: Possible Injury;New Hanover;26;Clear;#NULL!;6-10 mph;20 - 25  MPH;2007;Daylight;25-29
36.0741651152, -79.4090528584;"{""type"": ""Point"", ""coordinates"": [-79.40905285836438, 36.07416511515941]}";Black;Graham;Travel Lane;2;20;Urban (>70% Developed);Male;Passenger Car;0;#NULL!;0;0;Black;No;0;30-39;Head-On - Motorist;None;No;No;Dry;0;Urban;No;04JUN2007;0;20:24;Male;No;Residential;A: Disabling Injury;Yes;O: No Injury;7322;June;0;Straight - Grade;Piedmont;With Traffic;No Control Present;Monday;Non-Intersection;30;0;Two-Way, Not Divided;2 lanes;0;#NULL!;#NULL!;Smooth Asphalt;#NULL!;No Special Feature;Head-On;Local Street;A: Disabling Injury;Alamance;20;Cloudy;#NULL!;26-30 mph;30 - 35  MPH;2007;Dusk;20-24
34.9790368862, -79.2240427443;"{""type"": ""Point"", ""coordinates"": [-79.22404274427419, 34.979036886214885]}";Black;Raeford;Travel Lane;2;16;Mixed (30% To 70% Developed);Male;Pickup;0;#NULL!;0;0;White;No;0;40-49;Head-On - Bicyclist;None;No;No;Dry;0;Rural;No;14OCT2007;0;16:53;Male;No;Commercial;O: No Injury;Yes;O: No Injury;7326;October;0;Straight - Level;Coastal;Facing Traffic;Flashing Stop And Go Signal;Sunday;Non-Intersection;41;0;Two-Way, Not Divided;2 lanes;0;#NULL!;#NULL!;Smooth Asphalt;#NULL!;Four-Way Intersection;Head-On;NC Route;Unknown Injury;Hoke;70+;Clear;#NULL!;16-20 mph;20 - 25  MPH;2007;Daylight;70+
35.6097438986, -82.565257774;"{""type"": ""Point"", ""coordinates"": [-82.56525777399176, 35.609743898589954]}";White;Asheville;Travel Lane;2;8;Urban (>70% Developed);Female;Unknown;0;#NULL!;0;0;Unknown/Missing;No;0;25-29;Parallel Paths - Other / Unknown;None;No;No;Wet;0;Urban;Yes;24OCT2007;0;8:04;Unknown;Missing;Commercial;C: Possible Injury;Yes;Unknown Injury;7346;October;0;Straight - Grade;Mountains;With Traffic;No Control Present;Wednesday;Non-Intersection;28;0;One-Way, Not Divided;2 lanes;0;#NULL!;#NULL!;Smooth Asphalt;#NULL!;No Special Feature;Parallel Paths - Other Circumstances;Local Street;C: Possible Injury;Buncombe;Unknown;Rain;#NULL!;21-25 mph;30 - 35  MPH;2007;Daylight;Unknown
35.0077869016, -78.966992668;"{""type"": ""Point"", ""coordinates"": [-78.96699266800474, 35.00778690162635]}";Asian;Hope Mills;Travel Lane;2;18;Urban (>70% Developed);Male;Pickup;0;#NULL!;0;0;White;No;0;Unknown;Motorist Overtaking - Undetected Bicyclist;None;No;No;Wet;0;Urban;No;25OCT2007;0;18:51;Male;No;Commercial;B: Evident Injury;Yes;O: No Injury;7347;October;0;Straight - Level;Coastal;With Traffic;No Control Present;Thursday;Non-Intersection;Unknown;0;Two-Way, Not Divided;5 lanes;0;#NULL!;#NULL!;Smooth Asphalt;#NULL!;No Special Feature;Motorist Overtaking Bicyclist;NC Route;B: Evident Injury;Cumberland;50;Cloudy;#NULL!;41-45 mph;40 - 45  MPH;2007;Dark - Lighted Roadway;50-59
35.0930319201, -78.955512669;"{""type"": ""Point"", ""coordinates"": [-78.95551266900821, 35.09303192008886]}";Black;Fayetteville;Unknown;3;23;Rural (<30% Developed);Male;Unknown;0;#NULL!;0;0;Unknown/Missing;No;0;25-29;Unknown Approach Paths;None;No;No;Wet;0;Urban;Yes;26OCT2007;0;23:34;Unknown;Missing;Commercial;B: Evident Injury;Yes;Unknown Injury;7350;October;0;Straight - Level;Coastal;Unknown;No Control Present;Friday;Non-Intersection;25;0;Two-Way, Not Divided;1 lane;0;#NULL!;#NULL!;Coarse Asphalt;#NULL!;No Special Feature;Other / Unknown - Insufficient Details;Local Street;B: Evident Injury;Cumberland;Unknown;Rain;#NULL!;16-20 mph;20 - 25  MPH;2007;Dark - Lighted Roadway;Unknown
34.1950367591, -77.8891523025;"{""type"": ""Point"", ""coordinates"": [-77.88915230251938, 34.19503675913526]}";White;Wilmington;Unknown;2;12;Urban (>70% Developed);Male;Passenger Car;0;#NULL!;0;0;White;No;0;11-15;Bicyclist Ride Out - Midblock - Unknown;Unknown;No;No;Dry;0;Urban;No;29OCT2007;0;12:34;Male;No;Commercial;A: Disabling Injury;Yes;O: No Injury;7360;October;0;Straight - Level;Coastal;Not Applicable;No Control Present;Monday;Non-Intersection;13;0;Two-Way, Divided, Unprotected Median;4 lanes;0;#NULL!;#NULL!;Smooth Asphalt;#NULL!;No Special Feature;Bicyclist Failed to Yield - Midblock;Local Street;A: Disabling Injury;New Hanover;70+;Clear;#NULL!;31-35 mph;40 - 45  MPH;2007;Daylight;70+
34.9266618561, -79.7763429066;"{""type"": ""Point"", ""coordinates"": [-79.7763429066243, 34.926661856090234]}";Black;Rockingham;Travel Lane;2;11;Urban (>70% Developed);Male;Passenger Car;0;#NULL!;0;0;White;No;0;50-59;Motorist Overtaking - Other / Unknown;None;No;No;Dry;0;Urban;No;04NOV2007;0;11:10;Female;No;Commercial;B: Evident Injury;Yes;O: No Injury;7371;November;0;Straight - Level;Piedmont;With Traffic;No Control Present;Sunday;Non-Intersection;54;0;Two-Way, Not Divided;2 lanes;0;#NULL!;#NULL!;Smooth Asphalt;#NULL!;No Special Feature;Motorist Overtaking Bicyclist;Local Street;B: Evident Injury;Richmond;39;Clear;#NULL!;31-35 mph;30 - 35  MPH;2007;Daylight;30-39
36.2742671226, -80.3368631493;"{""type"": ""Point"", ""coordinates"": [-80.3368631492938, 36.27426712255057]}";White;None - Rural Crash;Travel Lane;2;18;Rural (<30% Developed);Male;Van;0;#NULL!;0;0;White;No;0;40-49;Motorist Overtaking - Undetected Bicyclist;None;No;No;Dry;0;Rural;No;07NOV2007;0;18:08;Male;No;Farms, Woods, Pastures;B: Evident Injury;Yes;O: No Injury;7377;November;0;Straight - Level;Piedmont;With Traffic;Double Yellow Line, No Passing Zone;Wednesday;Non-Intersection;46;0;Two-Way, Not Divided;2 lanes;0;#NULL!;#NULL!;Smooth Asphalt;#NULL!;No Special Feature;Motorist Overtaking Bicyclist;State Secondary Route;B: Evident Injury;Stokes;64;Clear;#NULL!;41-45 mph;50 - 55  MPH;2007;Dark - Roadway Not Lighted;60-69
35.794902081, -78.7004126282;"{""type"": ""Point"", ""coordinates"": [-78.70041262819007, 35.7949020810415]}";White;Raleigh;Travel Lane;2;12;Urban (>70% Developed);Female;Sport Utility;0;#NULL!;0;0;Unknown/Missing;No;0;25-29;Bicyclist Overtaking - Parked Vehicle;None;No;No;Dry;0;Urban;No;06NOV2007;0;12:29;Unknown;Missing;Commercial;O: No Injury;No;Unknown Injury;7379;November;0;Straight - Level;Piedmont;With Traffic;No Control Present;Tuesday;Non-Intersection;25;0;Two-Way, Not Divided;2 lanes;0;#NULL!;#NULL!;Coarse Asphalt;#NULL!;No Special Feature;Bicyclist Overtaking Motorist;Local Street;O: No Injury;Wake;Unknown;Clear;#NULL!;Unknown;30 - 35  MPH;2007;Daylight;Unknown
36.0556750958, -79.8307129842;"{""type"": ""Point"", ""coordinates"": [-79.83071298417987, 36.055675095773246]}";White;Greensboro;Unknown;2;12;Urban (>70% Developed);Male;Sport Utility;0;#NULL!;0;0;White;No;0;40-49;Motorist Drive Out - Signalized Intersection;None;No;No;Dry;0;Urban;No;08NOV2007;0;12:57;Male;No;Commercial;C: Possible Injury;No;O: No Injury;7381;November;0;Straight - Level;Piedmont;Facing Traffic;Stop And Go Signal;Thursday;Intersection;47;0;Two-Way, Not Divided;4 lanes;0;#NULL!;#NULL!;Smooth Asphalt;#NULL!;Four-Way Intersection;Motorist Failed to Yield - Signalized Intersection;Local Street;C: Possible Injury;Guilford;26;Clear;#NULL!;0-5 mph;30 - 35  MPH;2007;Daylight;25-29
35.3650469349, -80.2036530585;"{""type"": ""Point"", ""coordinates"": [-80.20365305847969, 35.365046934904065]}";Black;Albemarle;Travel Lane;2;16;Urban (>70% Developed);Male;Pickup;0;#NULL!;0;0;White;No;0;11-15;Bicyclist Ride Through - Sign-Controlled Intersection;None;No;No;Dry;0;Urban;No;09NOV2007;0;16:03;Male;No;Residential;C: Possible Injury;Yes;O: No Injury;7384;November;0;Straight - Level;Piedmont;With Traffic;Stop Sign;Friday;Intersection;12;0;Two-Way, Not Divided;2 lanes;0;#NULL!;#NULL!;Coarse Asphalt;#NULL!;Four-Way Intersection;Bicyclist Failed to Yield - Sign-Controlled Intersection;Local Street;C: Possible Injury;Stanly;18;Clear;#NULL!;26-30 mph;30 - 35  MPH;2007;Daylight;0-19
35.7862240799, -78.6622876164;"{""type"": ""Point"", ""coordinates"": [-78.66228761642013, 35.78622407992442]}";White;Raleigh;Travel Lane;2;18;Urban (>70% Developed);Male;Passenger Car;0;#NULL!;0;0;Asian;No;0;30-39;Head-On - Bicyclist;None;No;No;Dry;0;Urban;No;13NOV2007;0;18:10;Male;No;Residential;O: No Injury;Yes;O: No Injury;7389;November;0;Straight - Level;Piedmont;Facing Traffic;No Control Present;Tuesday;Non-Intersection;34;0;Two-Way, Divided, Unprotected Median;2 lanes;0;#NULL!;#NULL!;Concrete;#NULL!;No Special Feature;Head-On;Local Street;O: No Injury;Wake;47;Clear;#NULL!;6-10 mph;20 - 25  MPH;2007;Dark - Lighted Roadway;40-49
35.6032398975, -82.5525137707;"{""type"": ""Point"", ""coordinates"": [-82.55251377069035, 35.603239897546075]}";White;Asheville;Travel Lane;2;20;Urban (>70% Developed);Male;Passenger Car;0;#NULL!;0;0;Black;No;0;30-39;Motorist Left Turn - Opposite Direction;None;No;No;Dry;0;Urban;No;14NOV2007;0;20:14;Male;No;Residential;C: Possible Injury;No;O: No Injury;7392;November;0;Straight - Level;Mountains;With Traffic;No Control Present;Wednesday;Non-Intersection;36;0;Two-Way, Not Divided;2 lanes;0;#NULL!;#NULL!;Smooth Asphalt;#NULL!;No Special Feature;Motorist Left Turn / Merge;Local Street;C: Possible Injury;Buncombe;44;Clear;#NULL!;Unknown;20 - 25  MPH;2007;Dark - Lighted Roadway;40-49
35.3321570026, -78.0782424159;"{""type"": ""Point"", ""coordinates"": [-78.078242415873, 35.33215700257361]}";White;None - Rural Crash;Travel Lane;2;17;Urban (>70% Developed);Male;Passenger Car;0;#NULL!;0;0;White;No;0;40-49;Motorist Overtaking - Misjudged Space;None;Yes;Yes;Wet;0;Rural;No;26NOV2007;0;17:42;Female;No;Residential;C: Possible Injury;Yes;O: No Injury;7406;November;0;Straight - Level;Coastal;With Traffic;No Control Present;Monday;Non-Intersection;40;0;Two-Way, Not Divided;2 lanes;0;#NULL!;#NULL!;Coarse Asphalt;#NULL!;No Special Feature;Motorist Overtaking Bicyclist;State Secondary Route;C: Possible Injury;Wayne;70+;Cloudy;#NULL!;36-40 mph;40 - 45  MPH;2007;Dark - Roadway Not Lighted;70+
35.1293439994, -76.8408070287;"{""type"": ""Point"", ""coordinates"": [-76.84080702873867, 35.12934399944444]}";Hispanic;Grantsboro;Travel Lane;2;17;Rural (<30% Developed);Male;Sport Utility;0;#NULL!;0;0;Black;No;0;40-49;Bicyclist Right Turn - Same Direction;None;No;No;Dry;0;Rural;No;28NOV2007;0;17:52;Female;No;Farms, Woods, Pastures;O: No Injury;No;O: No Injury;7410;November;0;Straight - Level;Coastal;Facing Traffic;Double Yellow Line, No Passing Zone;Wednesday;Non-Intersection;45;0;Two-Way, Not Divided;2 lanes;0;#NULL!;#NULL!;Smooth Asphalt;#NULL!;No Special Feature;Bicyclist Right Turn / Merge;NC Route;O: No Injury;Pamlico;63;Clear;#NULL!;46-50 mph;50 - 55  MPH;2007;Dark - Roadway Not Lighted;60-69
36.0382990929, -79.7999979742;"{""type"": ""Point"", ""coordinates"": [-79.79999797421351, 36.03829909285672]}";Black;Greensboro;Travel Lane;2;6;Urban (>70% Developed);Male;Pickup;0;#NULL!;0;0;White;No;0;50-59;Motorist Drive Out - Commercial Driveway / Alley;None;No;No;Dry;0;Urban;No;28NOV2007;0;6:39;Male;No;Commercial;C: Possible Injury;Yes;O: No Injury;7413;November;0;Straight - Level;Piedmont;With Traffic;No Control Present;Wednesday;Non-Intersection;51;0;Two-Way, Divided, Unprotected Median;1 lane;0;#NULL!;#NULL!;Smooth Asphalt;#NULL!;No Special Feature;Motorist Failed to Yield - Midblock;Local Street;C: Possible Injury;Guilford;50;Clear;#NULL!;0-5 mph;30 - 35  MPH;2007;Dark - Lighted Roadway;50-59
35.4929730618, -77.3538122035;"{""type"": ""Point"", ""coordinates"": [-77.353812203534, 35.49297306183465]}";Unknown/Missing;None - Rural Crash;Travel Lane;2;18;Rural (<30% Developed);Unknown;Passenger Car;0;#NULL!;0;0;White;No;0;Unknown;Motorist Overtaking - Other / Unknown;None;No;Missing;Dry;0;Rural;No;29NOV2007;0;18:35;Female;No;Farms, Woods, Pastures;O: No Injury;No;O: No Injury;7414;November;0;Straight - Level;Coastal;With Traffic;Double Yellow Line, No Passing Zone;Thursday;Non-Intersection;Unknown;0;Two-Way, Not Divided;2 lanes;0;#NULL!;#NULL!;Smooth Asphalt;#NULL!;No Special Feature;Motorist Overtaking Bicyclist;State Secondary Route;Unknown Injury;Pitt;41;Clear;#NULL!;51-55 mph;50 - 55  MPH;2007;Dark - Roadway Not Lighted;40-49
35.6073950862, -77.3849822189;"{""type"": ""Point"", ""coordinates"": [-77.38498221893407, 35.60739508616451]}";Black;Greenville;Unknown;2;16;Urban (>70% Developed);Male;Light Truck (Mini-Van, Panel);0;#NULL!;0;0;Hispanic;No;0;11-15;Bicyclist Ride Out - Midblock - Unknown;None;No;No;Dry;0;Urban;No;03DEC2007;0;16:34;Unknown;No;Commercial;B: Evident Injury;Yes;O: No Injury;7424;December;0;Straight - Level;Coastal;Unknown;No Control Present;Monday;Non-Intersection;15;0;Two-Way, Not Divided;4 lanes;0;#NULL!;#NULL!;Smooth Asphalt;#NULL!;No Special Feature;Bicyclist Failed to Yield - Midblock;Local Street;B: Evident Injury;Pitt;64;Clear;#NULL!;31-35 mph;30 - 35  MPH;2007;Daylight;60-69
35.585304037, -78.6625626056;"{""type"": ""Point"", ""coordinates"": [-78.66256260558521, 35.585304036967855]}";White;None - Rural Crash;Travel Lane;2;17;Rural (<30% Developed);Male;Unknown;0;#NULL!;0;0;White;No;0;20-24;Motorist Overtaking - Misjudged Space;None;No;No;Dry;0;Rural;Yes;09DEC2007;0;17:43;Male;No;Farms, Woods, Pastures;B: Evident Injury;Yes;Unknown Injury;7434;December;0;Straight - Grade;Piedmont;With Traffic;Double Yellow Line, No Passing Zone;Sunday;Non-Intersection;22;0;Two-Way, Not Divided;2 lanes;0;#NULL!;#NULL!;Coarse Asphalt;#NULL!;No Special Feature;Motorist Overtaking Bicyclist;NC Route;B: Evident Injury;Wake;33;Clear;#NULL!;46-50 mph;50 - 55  MPH;2007;Dark - Roadway Not Lighted;30-39
36.4647872603, -77.6541323455;"{""type"": ""Point"", ""coordinates"": [-77.65413234553021, 36.464787260310764]}";White;Roanoke Rapids;Travel Lane;2;15;Urban (>70% Developed);Male;Passenger Car;0;#NULL!;0;0;White;No;0;11-15;Bicyclist Left Turn - Same Direction;None;No;No;Dry;0;Urban;No;20DEC2007;0;15:34;Male;No;Commercial;C: Possible Injury;No;O: No Injury;7437;December;0;Straight - Level;Coastal;With Traffic;Stop And Go Signal;Thursday;Intersection;14;0;Two-Way, Not Divided;4 lanes;0;#NULL!;#NULL!;Smooth Asphalt;#NULL!;Four-Way Intersection;Bicyclist Left Turn / Merge;Local Street;C: Possible Injury;Halifax;67;Clear;#NULL!;16-20 mph;20 - 25  MPH;2007;Daylight;60-69