Geo Point;Geo Shape;BikeRace;City;BikePos;NumUnits;CrashHour;Locality;BikeSex;DrvrVehTyp;NumBikesNo;BikeAlcDrg;NumBikesBI;RteInvdCd;DrvrRace;Workzone;NumBikesCi;BikeAgeGrp;CrashType;RdDefects;CrashAlcoh;BikeAlcoho;RdConditio;DstncMiFrm;RuralUrban;HitRun;CrashDate;NumBikesUI;CrashTime;DrvrSex;DrvrAlcoho;Developmen;CrashSevr;AmbulanceR;DrvrInjury;OBJECTID;CrashMonth;NumBikesKi;RdCharacte;Region;BikeDir;TraffCntrl;CrashDay;CrashLoc;BikeAge;NumBikesTo;RdConfig;NumLanes;NumBikesAI;DrvrAlcDrg;OnRoad;RdSurface;Towrd_Rd;RdFeature;CrashGrp;RdClass;BikeInjury;County;DrvrAge;Weather;FrmRd;DrvrEstSpd;SpeedLimit;CrashYear;LightCond;DrvrAgeGrp
35.7828520802, -78.6490426123;"{""type"": ""Point"", ""coordinates"": [-78.64904261231717, 35.782852080225666]}";White;Raleigh;Travel Lane;2;17;Urban (>70% Developed);Male;Pickup;0;#NULL!;0;0;Black;No;0;20-24;Motorist Drive Out - Sign-Controlled Intersection;None;No;No;Dry;0;Urban;No;14DEC2007;0;17:42;Female;No;Commercial;C: Possible Injury;Yes;O: No Injury;7443;December;0;Straight - Grade;Piedmont;With Traffic;Stop Sign;Friday;Intersection;23;0;Two-Way, Not Divided;2 lanes;0;#NULL!;#NULL!;Coarse Asphalt;#NULL!;No Special Feature;Motorist Failed to Yield - Sign-Controlled Intersection;Local Street;C: Possible Injury;Wake;27;Clear;#NULL!;21-25 mph;30 - 35  MPH;2007;Dark - Lighted Roadway;25-29
34.8959608514, -79.7035478835;"{""type"": ""Point"", ""coordinates"": [-79.70354788349849, 34.89596085142077]}";Black;Hamlet;Bike Lane / Paved Shoulder;2;1;Mixed (30% To 70% Developed);Male;Passenger Car;0;#NULL!;0;0;White;No;0;50-59;Motorist Overtaking - Undetected Bicyclist;None;No;No;Dry;0;Urban;No;17DEC2007;0;1:34;Female;No;Residential;C: Possible Injury;Yes;O: No Injury;7448;December;0;Straight - Level;Piedmont;With Traffic;No Control Present;Monday;Non-Intersection;53;0;Two-Way, Not Divided;2 lanes;0;#NULL!;#NULL!;Smooth Asphalt;#NULL!;No Special Feature;Motorist Overtaking Bicyclist;Local Street;C: Possible Injury;Richmond;65;Clear;#NULL!;21-25 mph;30 - 35  MPH;2007;Dark - Unknown Lighting;60-69
35.0277819066, -78.9608866672;"{""type"": ""Point"", ""coordinates"": [-78.96088666724218, 35.02778190656734]}";Black;Fayetteville;Travel Lane;2;11;Urban (>70% Developed);Male;Passenger Car;0;#NULL!;0;0;Black;No;0;16-19;Signalized Intersection - Other / Unknown;None;No;No;Wet;0;Urban;No;26DEC2007;0;11:44;Male;No;Residential;C: Possible Injury;Yes;C: Possible Injury;7453;December;0;Straight - Level;Coastal;Facing Traffic;Stop And Go Signal;Wednesday;Intersection;17;0;Two-Way, Not Divided;2 lanes;0;#NULL!;#NULL!;Smooth Asphalt;#NULL!;Four-Way Intersection;Crossing Paths - Other Circumstances;Local Street;C: Possible Injury;Cumberland;52;Rain;#NULL!;0-5 mph;20 - 25  MPH;2007;Daylight;50-59
36.359844165, -79.6744329545;"{""type"": ""Point"", ""coordinates"": [-79.67443295451794, 36.35984416495302]}";Unknown/Missing;Reidsville;Travel Lane;2;12;Rural (<30% Developed);Unknown;Passenger Car;0;#NULL!;0;0;Black;No;0;Unknown;Bicyclist Ride Out - Sign-Controlled Intersection;None;No;Missing;Wet;0;Urban;No;15DEC2007;0;12:11;Female;No;Residential;O: No Injury;No;O: No Injury;7456;December;0;Straight - Level;Piedmont;Unknown;Stop Sign;Saturday;Intersection;Unknown;0;Two-Way, Not Divided;2 lanes;0;#NULL!;#NULL!;Smooth Asphalt;#NULL!;Four-Way Intersection;Bicyclist Failed to Yield - Sign-Controlled Intersection;Local Street;Unknown Injury;Rockingham;70+;Rain;#NULL!;11-15 mph;20 - 25  MPH;2007;Daylight;70+
34.1193067109, -78.8447125872;"{""type"": ""Point"", ""coordinates"": [-78.84471258722435, 34.11930671085914]}";Hispanic;None - Rural Crash;Travel Lane;2;9;Rural (<30% Developed);Female;Pickup;0;#NULL!;0;0;White;No;0;25-29;Head-On - Bicyclist;None;No;No;Dry;0;Rural;No;29DEC2007;0;9:58;Male;No;Farms, Woods, Pastures;B: Evident Injury;Yes;O: No Injury;7458;December;0;Straight - Level;Coastal;Facing Traffic;Double Yellow Line, No Passing Zone;Saturday;Non-Intersection;27;0;Two-Way, Not Divided;2 lanes;0;#NULL!;#NULL!;Coarse Asphalt;#NULL!;No Special Feature;Head-On;NC Route;B: Evident Injury;Columbus;41;Clear;#NULL!;56-60 mph;50 - 55  MPH;2007;Daylight;40-49
36.498439191, -79.7679929901;"{""type"": ""Point"", ""coordinates"": [-79.76799299009585, 36.49843919102465]}";Unknown/Missing;Eden;Travel Lane;2;15;Urban (>70% Developed);Unknown;Passenger Car;0;#NULL!;0;0;White;No;0;Unknown;Bicyclist Ride Through - Sign-Controlled Intersection;None;No;No;Dry;0;Urban;No;14AUG2007;0;15:42;Male;No;Residential;O: No Injury;No;O: No Injury;7460;August;0;Straight - Level;Piedmont;With Traffic;Stop Sign;Tuesday;Intersection;Unknown;0;Two-Way, Divided, Unprotected Median;2 lanes;0;#NULL!;#NULL!;Coarse Asphalt;#NULL!;Four-Way Intersection;Bicyclist Failed to Yield - Sign-Controlled Intersection;Local Street;Unknown Injury;Rockingham;65;Clear;#NULL!;31-35 mph;30 - 35  MPH;2007;Daylight;60-69
36.0681220992, -79.7977429744;"{""type"": ""Point"", ""coordinates"": [-79.79774297444754, 36.068122099156234]}";White;Greensboro;Travel Lane;2;16;Urban (>70% Developed);Male;Passenger Car;0;#NULL!;0;0;White;No;0;30-39;Bicyclist Turning Error - Left Turn;None;No;No;Dry;0;Urban;No;04SEP2007;0;16:00;Female;No;Commercial;C: Possible Injury;No;O: No Injury;7463;September;0;Straight - Level;Piedmont;With Traffic;Stop Sign;Tuesday;Intersection;38;0;Two-Way, Divided, Positive Median Barrier;3 lanes;0;#NULL!;#NULL!;Smooth Asphalt;#NULL!;T-Intersection;Loss of Control / Turning Error;Local Street;C: Possible Injury;Guilford;16;Clear;#NULL!;6-10 mph;30 - 35  MPH;2007;Daylight;0-19
34.1983967592, -77.8942823042;"{""type"": ""Point"", ""coordinates"": [-77.89428230417315, 34.19839675921424]}";White;Wilmington;Unknown;2;8;Urban (>70% Developed);Male;Sport Utility;0;#NULL!;0;0;White;No;0;0-5;Bicyclist Ride Out - Midblock - Unknown;None;No;No;Dry;0;Urban;No;19OCT2007;0;8:08;Male;No;Commercial;C: Possible Injury;Yes;O: No Injury;7467;October;0;Straight - Level;Coastal;Unknown;Stop And Go Signal;Friday;Non-Intersection;0;0;Two-Way, Divided, Unprotected Median;5 lanes;0;#NULL!;#NULL!;Smooth Asphalt;#NULL!;Four-Way Intersection;Bicyclist Failed to Yield - Midblock;Local Street;C: Possible Injury;New Hanover;47;Clear;#NULL!;26-30 mph;30 - 35  MPH;2007;Daylight;40-49
34.2050167611, -77.8959023054;"{""type"": ""Point"", ""coordinates"": [-77.89590230535362, 34.20501676106046]}";White;Wilmington;Travel Lane;2;23;Urban (>70% Developed);Male;Passenger Car;0;#NULL!;0;0;White;No;0;6-10;Unknown Approach Paths;None;No;No;Dry;0;Urban;No;20APR2011;0;23:19;Female;No;Residential;C: Possible Injury;Yes;O: No Injury;3002;April;0;Straight - Level;Coastal;Not Applicable;No Control Present;Wednesday;Non-Intersection;7;0;Two-Way, Not Divided;2 lanes;0;#NULL!;#NULL!;Coarse Asphalt;#NULL!;No Special Feature;Other / Unknown - Insufficient Details;Local Street;C: Possible Injury;New Hanover;58;Clear;#NULL!;Unknown;Unknown;2011;Daylight;50-59
35.2495268165, -82.7218037996;"{""type"": ""Point"", ""coordinates"": [-82.7218037995916, 35.24952681652179]}";White;Brevard;Bike Lane / Paved Shoulder;2;14;Urban (>70% Developed);Male;Passenger Car;0;#NULL!;0;0;Black;No;0;16-19;Bicyclist Ride Through - Signalized Intersection;None;No;No;Dry;0;Urban;No;21MAY2011;0;14:49;Male;No;Commercial;B: Evident Injury;Yes;O: No Injury;3005;May;0;Straight - Grade;Mountains;Not Applicable;Stop And Go Signal;Saturday;Intersection;17;0;Two-Way, Not Divided;5 lanes;0;#NULL!;#NULL!;Smooth Asphalt;#NULL!;Four-Way Intersection;Bicyclist Failed to Yield - Signalized Intersection;Local Street;B: Evident Injury;Transylvania;33;Clear;#NULL!;31-35 mph;40 - 45  MPH;2011;Daylight;30-39
34.7740968343, -79.4449027993;"{""type"": ""Point"", ""coordinates"": [-79.44490279927095, 34.77409683431272]}";Black;Laurinburg;Travel Lane;2;18;Urban (>70% Developed);Male;Pickup;0;#NULL!;0;0;White;No;0;11-15;Bicyclist Ride Through - Sign-Controlled Intersection;None;No;No;Dry;0;Urban;No;30APR2011;0;18:00;Male;No;Residential;C: Possible Injury;No;O: No Injury;3007;April;0;Straight - Level;Coastal;Facing Traffic;Stop Sign;Saturday;Intersection;14;0;Two-Way, Not Divided;2 lanes;0;#NULL!;#NULL!;Coarse Asphalt;#NULL!;No Special Feature;Bicyclist Failed to Yield - Sign-Controlled Intersection;Local Street;C: Possible Injury;Scotland;70+;Clear;#NULL!;21-25 mph;20 - 25  MPH;2011;Daylight;70+
34.657666888, -77.075002078;"{""type"": ""Point"", ""coordinates"": [-77.0750020780265, 34.65766688797206]}";White;Emerald Isle;Bike Lane / Paved Shoulder;2;12;Urban (>70% Developed);Male;Passenger Car;0;#NULL!;0;0;White;No;0;40-49;Motorist Overtaking - Other / Unknown;None;No;No;Dry;0;Rural;No;24JUL2013;0;12:07;Male;No;Residential;C: Possible Injury;No;O: No Injury;1433;July;0;Straight - Hillcrest;Coastal;With Traffic;No Control Present;Wednesday;Non-Intersection;48;0;Two-Way, Divided, Unprotected Median;2 lanes;0;#NULL!;COAST GUARD RD;Coarse Asphalt;#NULL!;No Special Feature;Motorist Overtaking Bicyclist;Local Street;C: Possible Injury;Carteret;70+;Clear;#NULL!;31-35 mph;30 - 35  MPH;2013;Daylight;70+
35.6698469907, -80.4601031519;"{""type"": ""Point"", ""coordinates"": [-80.46010315188468, 35.66984699068604]}";Black;Salisbury;Travel Lane;2;16;Urban (>70% Developed);Male;Sport Utility;0;#NULL!;0;0;Black;No;0;40-49;Bicyclist Left Turn - Same Direction;None;No;No;Dry;0;Urban;No;10SEP2013;0;16:14;Female;No;Commercial;O: No Injury;No;O: No Injury;1439;September;0;Straight - Grade;Piedmont;With Traffic;No Control Present;Tuesday;Intersection;43;0;Two-Way, Not Divided;2 lanes;0;#NULL!;N LONG ST;Smooth Asphalt;#NULL!;No Special Feature;Bicyclist Left Turn / Merge;Local Street;O: No Injury;Rowan;35;Clear;#NULL!;16-20 mph;30 - 35  MPH;2013;Daylight;30-39
35.3728568097, -83.5634040538;"{""type"": ""Point"", ""coordinates"": [-83.56340405376658, 35.372856809702334]}";White;None - Rural Crash;Travel Lane;2;17;Rural (<30% Developed);Male;Passenger Car;0;#NULL!;0;0;White;No;0;70+;Motorist Overtaking - Other / Unknown;None;No;No;Dry;0;Rural;No;06SEP2013;0;17:02;Female;No;Farms, Woods, Pastures;K: Killed;Yes;O: No Injury;1450;September;0;Straight - Grade;Mountains;With Traffic;No Control Present;Friday;Non-Intersection;70+;0;Two-Way, Divided, Positive Median Barrier;4 lanes;0;#NULL!;NC 28;Smooth Asphalt;#NULL!;Bridge;Motorist Overtaking Bicyclist;NC Route;K: Killed;Swain;53;Clear;#NULL!;51-55 mph;50 - 55  MPH;2013;Daylight;50-59
35.8247970865, -78.7084026326;"{""type"": ""Point"", ""coordinates"": [-78.70840263264536, 35.82479708652403]}";White;Raleigh;Travel Lane;2;15;Urban (>70% Developed);Male;Passenger Car;0;#NULL!;0;0;Unknown/Missing;No;0;30-39;Motorist Right Turn - Same Direction;None;No;No;Dry;0;Urban;Yes;09SEP2013;0;15:08;Unknown;Missing;Commercial;B: Evident Injury;Yes;Unknown Injury;1455;September;0;Straight - Level;Piedmont;With Traffic;No Control Present;Monday;Intersection;30;0;Two-Way, Divided, Unprotected Median;2 lanes;0;#NULL!;DURALEGH RD;Smooth Asphalt;#NULL!;No Special Feature;Motorist Right Turn / Merge;Local Street;B: Evident Injury;Wake;Unknown;Clear;#NULL!;16-20 mph;40 - 45  MPH;2013;Daylight;Unknown
36.012367083, -79.9276030109;"{""type"": ""Point"", ""coordinates"": [-79.92760301086174, 36.012367083020926]}";White;Jamestown;Travel Lane;2;7;Mixed (30% To 70% Developed);Male;Passenger Car;0;#NULL!;0;0;White;No;0;50-59;Bicyclist Ride Through - Signalized Intersection;None;No;No;Dry;0;Rural;No;11SEP2013;0;7:39;Female;No;Farms, Woods, Pastures;B: Evident Injury;Yes;O: No Injury;1457;September;0;Straight - Level;Piedmont;Facing Traffic;Stop And Go Signal;Wednesday;Intersection;53;0;Two-Way, Not Divided;2 lanes;0;#NULL!;SR 1546;Smooth Asphalt;#NULL!;Four-Way Intersection;Bicyclist Failed to Yield - Signalized Intersection;State Secondary Route;B: Evident Injury;Guilford;29;Clear;#NULL!;0-5 mph;40 - 45  MPH;2013;Daylight;25-29
36.4253372441, -77.8641024082;"{""type"": ""Point"", ""coordinates"": [-77.86410240824249, 36.42533724414772]}";Black;None - Rural Crash;Travel Lane;2;19;Rural (<30% Developed);Male;Passenger Car;0;#NULL!;0;0;Black;No;0;11-15;Bicyclist Right Turn - Same Direction;None;No;No;Dry;0;Rural;No;02SEP2013;0;19:58;Female;No;Residential;B: Evident Injury;Yes;O: No Injury;1459;September;0;Curve - Level;Coastal;Facing Traffic;Double Yellow Line, No Passing Zone;Monday;Non-Intersection;15;0;Two-Way, Not Divided;2 lanes;0;#NULL!;SR 1520;Smooth Asphalt;#NULL!;No Special Feature;Bicyclist Right Turn / Merge;State Secondary Route;B: Evident Injury;Halifax;31;Clear;#NULL!;41-45 mph;50 - 55  MPH;2013;Daylight;30-39
36.2710672682, -76.2074018917;"{""type"": ""Point"", ""coordinates"": [-76.20740189167601, 36.27106726818253]}";Black;Elizabeth City;Travel Lane;2;23;Urban (>70% Developed);Male;Passenger Car;0;#NULL!;0;0;Black;No;0;30-39;Motorist Overtaking - Undetected Bicyclist;None;No;No;Dry;0;Urban;No;16SEP2013;0;23:40;Male;No;Commercial;B: Evident Injury;Yes;O: No Injury;1462;September;0;Straight - Level;Coastal;With Traffic;Stop And Go Signal;Monday;Intersection;39;0;Two-Way, Not Divided;5 lanes;0;#NULL!;WEEKSVILLE ROAD;Smooth Asphalt;#NULL!;No Special Feature;Motorist Overtaking Bicyclist;Local Street;B: Evident Injury;Pasquotank;32;Cloudy;#NULL!;46-50 mph;50 - 55  MPH;2013;Dark - Lighted Roadway;30-39
36.0991072474, -75.7205017332;"{""type"": ""Point"", ""coordinates"": [-75.72050173320825, 36.09910724741696]}";Asian;Kitty Hawk;Sidewalk / Crosswalk / Driveway Crossing;2;13;Urban (>70% Developed);Female;Sport Utility;0;#NULL!;0;0;White;No;0;20-24;Motorist Drive Out - Right Turn on Red;None;No;No;Dry;0;Rural;No;22AUG2013;0;13:34;Female;No;Commercial;C: Possible Injury;Yes;O: No Injury;1466;August;0;Straight - Level;Coastal;Facing Traffic;Stop And Go Signal;Thursday;Intersection;20;0;Two-Way, Not Divided;6 lanes;0;#NULL!;CROATAN HWY;Coarse Asphalt;#NULL!;Four-Way Intersection;Motorist Failed to Yield - Signalized Intersection;US Route;C: Possible Injury;Dare;36;Clear;#NULL!;0-5 mph;50 - 55  MPH;2013;Daylight;30-39
36.1391271351, -79.2203028048;"{""type"": ""Point"", ""coordinates"": [-79.22030280478145, 36.13912713510071]}";White;None - Rural Crash;Unknown;2;17;Rural (<30% Developed);Female;Pickup;0;#NULL!;0;0;White;No;0;50-59;Parallel Paths - Other / Unknown;None;No;No;Dry;0;Rural;No;18SEP2013;0;17:34;Male;No;Farms, Woods, Pastures;A: Disabling Injury;Yes;O: No Injury;1470;September;0;Straight - Hillcrest;Piedmont;With Traffic;Double Yellow Line, No Passing Zone;Wednesday;Non-Intersection;56;0;Two-Way, Not Divided;3 lanes;0;#NULL!;SR 1343;Smooth Asphalt;#NULL!;No Special Feature;Parallel Paths - Other Circumstances;State Secondary Route;A: Disabling Injury;Orange;35;Clear;#NULL!;51-55 mph;50 - 55  MPH;2013;Daylight;30-39
35.9877671138, -78.9257027064;"{""type"": ""Point"", ""coordinates"": [-78.92570270638471, 35.98776711377622]}";White;Durham;Travel Lane;2;21;Urban (>70% Developed);Female;Passenger Car;0;#NULL!;0;0;Black;No;0;25-29;Motorist Left Turn - Opposite Direction;None;No;No;Dry;0;Urban;No;19SEP2013;0;21:17;Male;No;Commercial;O: No Injury;No;O: No Injury;1474;September;0;Straight - Level;Piedmont;With Traffic;No Control Present;Thursday;Intersection;26;0;Two-Way, Divided, Unprotected Median;2 lanes;0;#NULL!;CHAPEL HILL RD;Smooth Asphalt;#NULL!;No Special Feature;Motorist Left Turn / Merge;Local Street;O: No Injury;Durham;31;Clear;#NULL!;6-10 mph;30 - 35  MPH;2013;Dark - Lighted Roadway;30-39
35.3677169779, -79.0017026969;"{""type"": ""Point"", ""coordinates"": [-79.00170269686053, 35.367716977904]}";White;None - Rural Crash;Driveway / Alley;2;20;Rural (<30% Developed);Male;Sport Utility;0;#NULL!;0;0;White;No;0;6-10;Bicyclist Ride Out - Residential Driveway;None;No;No;Dry;0;Rural;No;15SEP2013;0;20:10;Female;No;Farms, Woods, Pastures;O: No Injury;No;O: No Injury;1476;September;0;Straight - Level;Coastal;Not Applicable;Double Yellow Line, No Passing Zone;Sunday;Non-Intersection;8;0;Two-Way, Not Divided;2 lanes;0;#NULL!;SR 1229;Coarse Asphalt;#NULL!;No Special Feature;Bicyclist Failed to Yield - Midblock;State Secondary Route;O: No Injury;Harnett;29;Clear;#NULL!;36-40 mph;50 - 55  MPH;2013;Dusk;25-29
35.1861969739, -77.9757023776;"{""type"": ""Point"", ""coordinates"": [-77.97570237761357, 35.18619697392547]}";White;None - Rural Crash;Travel Lane;2;2;Mixed (30% To 70% Developed);Female;Pickup;0;#NULL!;0;0;White;No;0;20-24;Head-On - Bicyclist;None;Yes;Yes;Wet;0;Rural;No;22SEP2013;0;2:54;Male;No;Residential;B: Evident Injury;Yes;O: No Injury;1483;September;0;Straight - Level;Coastal;Facing Traffic;No Control Present;Sunday;Non-Intersection;20;0;Two-Way, Not Divided;2 lanes;0;#NULL!;NC 55;Smooth Asphalt;#NULL!;No Special Feature;Head-On;NC Route;B: Evident Injury;Wayne;25;Rain;#NULL!;41-45 mph;50 - 55  MPH;2013;Dark - Roadway Not Lighted;25-29
36.0891271028, -79.80980298;"{""type"": ""Point"", ""coordinates"": [-79.80980297999032, 36.08912710276884]}";White;Greensboro;Travel Lane;2;10;Urban (>70% Developed);Male;Passenger Car;0;#NULL!;0;0;White;No;0;25-29;Motorist Overtaking - Misjudged Space;None;No;No;Dry;0;Urban;No;23SEP2013;0;10:31;Female;No;Commercial;C: Possible Injury;Yes;O: No Injury;1485;September;0;Curve - Grade;Piedmont;With Traffic;No Control Present;Monday;Intersection-Related;28;0;Two-Way, Divided, Positive Median Barrier;6 lanes;0;#NULL!;BATTLEGROUND AV;Smooth Asphalt;#NULL!;No Special Feature;Motorist Overtaking Bicyclist;Local Street;C: Possible Injury;Guilford;70+;Clear;#NULL!;21-25 mph;30 - 35  MPH;2013;Daylight;70+
35.7919870774, -78.7851026535;"{""type"": ""Point"", ""coordinates"": [-78.78510265346678, 35.79198707737634]}";White;Cary;Travel Lane;2;8;Urban (>70% Developed);Male;Passenger Car;0;#NULL!;0;0;Black;No;0;60-69;Motorist Right Turn - Same Direction;None;No;No;Dry;0;Urban;No;01SEP2013;0;8:24;Female;No;Residential;C: Possible Injury;Yes;O: No Injury;1489;September;0;Straight - Level;Piedmont;With Traffic;No Control Present;Sunday;Non-Intersection;64;0;Two-Way, Not Divided;2 lanes;0;#NULL!;8622 CHAPEL HILL RD;Coarse Asphalt;#NULL!;No Special Feature;Motorist Right Turn / Merge;State Secondary Route;C: Possible Injury;Wake;46;Clear;#NULL!;6-10 mph;20 - 25  MPH;2013;Daylight;40-49
35.579656892, -82.5534037693;"{""type"": ""Point"", ""coordinates"": [-82.55340376930621, 35.57965689199021]}";White;Asheville;Travel Lane;2;18;Urban (>70% Developed);Male;Passenger Car;0;#NULL!;0;0;Black;No;0;25-29;Motorist Turning Error - Right Turn;None;No;No;Dry;0;Urban;No;28AUG2013;0;18:09;Female;No;Commercial;C: Possible Injury;No;O: No Injury;1493;August;0;Straight - Hillcrest;Mountains;With Traffic;Stop Sign;Wednesday;Intersection;27;0;Two-Way, Not Divided;5 lanes;0;#NULL!;US 25;Unknown;#NULL!;T-Intersection;Loss of Control / Turning Error;US Route;C: Possible Injury;Buncombe;61;Clear;#NULL!;6-10 mph;40 - 45  MPH;2013;Daylight;60-69
34.3390267648, -78.6913025513;"{""type"": ""Point"", ""coordinates"": [-78.69130255132127, 34.33902676479906]}";White;Whiteville;Unknown;2;22;Urban (>70% Developed);Male;Passenger Car;0;#NULL!;0;0;Black;No;0;40-49;Parallel Paths - Other / Unknown;None;No;No;Wet;0;Urban;No;25SEP2013;0;22:00;Male;No;Commercial;B: Evident Injury;No;O: No Injury;1495;September;0;Straight - Level;Coastal;Unknown;No Control Present;Wednesday;Intersection;40;0;Two-Way, Not Divided;1 lane;0;#NULL!;JEFFERSON ST;Coarse Asphalt;#NULL!;No Special Feature;Parallel Paths - Other Circumstances;Local Street;B: Evident Injury;Columbus;Unknown;Cloudy;#NULL!;31-35 mph;40 - 45  MPH;2013;Dark - Lighted Roadway;Unknown
35.8709370842, -79.0686027442;"{""type"": ""Point"", ""coordinates"": [-79.06860274417133, 35.870937084219335]}";Black;None - Rural Crash;Travel Lane;3;23;Rural (<30% Developed);Male;Unknown;0;#NULL!;0;0;Unknown/Missing;No;0;40-49;Motorist Overtaking - Other / Unknown;None;Yes;Yes;Dry;0;Rural;Yes;19SEP2013;0;23:35;Unknown;No;Farms, Woods, Pastures;K: Killed;Yes;Unknown Injury;1498;September;0;Straight - Level;Piedmont;With Traffic;No Control Present;Thursday;Non-Intersection;41;0;Two-Way, Divided, Unprotected Median;4 lanes;0;#NULL!;US 15;Smooth Asphalt;#NULL!;No Special Feature;Motorist Overtaking Bicyclist;US Route;K: Killed;Orange;Unknown;Clear;#NULL!;61-65 mph;40 - 45  MPH;2013;Dark - Roadway Not Lighted;Unknown
35.7712570729, -78.7852326527;"{""type"": ""Point"", ""coordinates"": [-78.78523265272366, 35.77125707294886]}";Hispanic;Cary;Travel Lane;2;12;Urban (>70% Developed);Male;Unknown;0;No;0;0;Unknown/Missing;No;1;20-24;Motorist Drive Out - Signalized Intersection;None;No;#NULL!;Dry;0;Urban;Yes;25JUL2014;0;12:19;Unknown;#NULL!;Commercial;C: Possible Injury;Yes;Unknown Injury;501;July;0;Straight - Level;Piedmont;Facing Traffic;Stop And Go Signal;Friday;Intersection;23;1;Two-Way, Not Divided;5 lanes;0;Missing;SR 1747 (SW MAYNARD RD;Smooth Asphalt;POND ST;T-Intersection;Motorist Failed to Yield - Signalized Intersection;State Secondary Route;C: Possible Injury;Wake;Unknown;Clear;KILMAYNE RD;6-10 mph;5 - 15 MPH;2014;Daylight;Unknown
36.0054121179, -78.9056127023;"{""type"": ""Point"", ""coordinates"": [-78.90561270231464, 36.0054121179096]}";Black;Durham;Sidewalk / Crosswalk / Driveway Crossing;2;16;Urban (>70% Developed);Male;Passenger Car;0;No;0;40001445;Black;No;1;11-15;Bicyclist Ride Out - Signalized  Intersection;None;No;#NULL!;Wet;0;Urban;No;08SEP2014;0;16:00;Female;#NULL!;Residential;C: Possible Injury;Yes;O: No Injury;504;September;0;Straight - Level;Piedmont;With Traffic;Stop And Go Signal;Monday;Intersection;13;1;One-Way, Not Divided;2 lanes;0;No;N DUKE ST;Smooth Asphalt;MONMOUTH AVE;No Special Feature;Bicyclist Failed to Yield - Signalized Intersection;Local Street;C: Possible Injury;Durham;36;Rain;W TRINITY AVE;31-35 mph;30 - 35  MPH;2014;Daylight;30-39
35.7786520793, -78.6504776121;"{""type"": ""Point"", ""coordinates"": [-78.65047761206792, 35.7786520793469]}";White;Raleigh;Travel Lane;2;18;Urban (>70% Developed);Male;Passenger Car;1;No;0;50013157;White;No;0;25-29;Motorist Left Turn - Opposite Direction;None;No;#NULL!;Dry;0.066;Urban;No;05SEP2014;0;18:00;Female;#NULL!;Residential;O: No Injury;No;O: No Injury;506;September;0;Straight - Level;Piedmont;With Traffic;No Control Present;Friday;Intersection;29;1;Two-Way, Not Divided;2 lanes;0;No;HARGETT ST;Smooth Asphalt;ST MARY ST;No Special Feature;Motorist Left Turn / Merge;Local Street;O: No Injury;Wake;58;Clear;BOYLAN AVE;11-15 mph;20 - 25  MPH;2014;Daylight;50-59
34.1819907561, -77.8985623051;"{""type"": ""Point"", ""coordinates"": [-77.89856230506051, 34.18199075610155]}";White;Wilmington;Travel Lane;2;19;Urban (>70% Developed);Male;Passenger Car;0;No;1;0;White;No;0;40-49;Motorist Left Turn - Opposite Direction;None;No;#NULL!;Dry;0.024;Urban;No;21AUG2014;0;19:53;Female;#NULL!;Residential;B: Evident Injury;Yes;O: No Injury;518;August;0;Straight - Level;Coastal;With Traffic;No Control Present;Thursday;Non-Intersection;40;1;Two-Way, Not Divided;2 lanes;0;No;ROBERT E LEE DR;Smooth Asphalt;BURNEY ST;No Special Feature;Motorist Left Turn / Merge;Local Street;B: Evident Injury;.;33;Clear;JOHN D BARRY DR;6-10 mph;20 - 25  MPH;2014;Dark - Roadway Not Lighted;30-39
35.7962530777, -78.7830376539;"{""type"": ""Point"", ""coordinates"": [-78.78303765388733, 35.7962530776584]}";Black;Cary;Travel Lane;2;21;Urban (>70% Developed);Male;Unknown;0;No;0;40001652;Unknown/Missing;No;0;16-19;Motorist Overtaking - Other / Unknown;None;No;#NULL!;Dry;0.006;Urban;Yes;31JUL2014;1;21:14;Unknown;#NULL!;Residential;Unknown Injury;Yes;Unknown Injury;519;July;0;Straight - Grade;Piedmont;With Traffic;No Control Present;Thursday;Non-Intersection;17;1;Two-Way, Not Divided;Unknown;0;Missing;HARRISON AVE;Smooth Asphalt;KINGSWOOD DR;No Special Feature;Motorist Overtaking Bicyclist;State Secondary Route;Unknown Injury;Wake;Unknown;Clear;QUEEN ELIZABETH DR;Unknown;40 - 45  MPH;2014;Dark - Roadway Not Lighted;Unknown
35.9958532276, -75.6504517061;"{""type"": ""Point"", ""coordinates"": [-75.65045170609969, 35.99585322757281]}";Asian;Kill Devil Hills;Sidewalk / Crosswalk / Driveway Crossing;2;12;Urban (>70% Developed);Female;Van;0;No;1;20000158;White;No;0;20-24;Motorist Drive Out - Sign-Controlled Intersection;None;No;#NULL!;Dry;0;Urban;No;31JUL2014;0;12:54;Male;#NULL!;Commercial;B: Evident Injury;Yes;O: No Injury;524;July;0;Straight - Level;Coastal;Facing Traffic;Stop Sign;Thursday;Intersection;20;1;Two-Way, Not Divided;2 lanes;0;No;W LAKE DR;Coarse Asphalt;#NULL!;T-Intersection;Motorist Failed to Yield - Sign-Controlled Intersection;Local Street;B: Evident Injury;Dare;53;Clear;158;0-5 mph;20 - 25  MPH;2014;Daylight;50-59