Geo Point;Geo Shape;BikeRace;City;BikePos;NumUnits;CrashHour;Locality;BikeSex;DrvrVehTyp;NumBikesNo;BikeAlcDrg;NumBikesBI;RteInvdCd;DrvrRace;Workzone;NumBikesCi;BikeAgeGrp;CrashType;RdDefects;CrashAlcoh;BikeAlcoho;RdConditio;DstncMiFrm;RuralUrban;HitRun;CrashDate;NumBikesUI;CrashTime;DrvrSex;DrvrAlcoho;Developmen;CrashSevr;AmbulanceR;DrvrInjury;OBJECTID;CrashMonth;NumBikesKi;RdCharacte;Region;BikeDir;TraffCntrl;CrashDay;CrashLoc;BikeAge;NumBikesTo;RdConfig;NumLanes;NumBikesAI;DrvrAlcDrg;OnRoad;RdSurface;Towrd_Rd;RdFeature;CrashGrp;RdClass;BikeInjury;County;DrvrAge;Weather;FrmRd;DrvrEstSpd;SpeedLimit;CrashYear;LightCond;DrvrAgeGrp
35.0434969064, -79.0473586943;"{""type"": ""Point"", ""coordinates"": [-79.0473586942786, 35.043496906386714]}";White;Fayetteville;Travel Lane;2;20;Mixed (30% To 70% Developed);Male;Pickup;0;No;0;40001402;White;No;0;25-29;Motorist Overtaking - Misjudged Space;None;No;#NULL!;Dry;0.005;Urban;No;14AUG2014;1;20:25;Female;#NULL!;Residential;O: No Injury;No;O: No Injury;525;August;0;Straight - Level;Coastal;With Traffic;No Control Present;Thursday;Non-Intersection;29;1;Two-Way, Not Divided;2 lanes;0;No;RIM RD;Coarse Asphalt;MTN HOME DR;No Special Feature;Motorist Overtaking Bicyclist;Local Street;Unknown Injury;Cumberland;42;Clear;GOODEN DR;21-25 mph;40 - 45  MPH;2014;Dark - Roadway Not Lighted;40-49
35.087856922, -78.8791986452;"{""type"": ""Point"", ""coordinates"": [-78.87919864522145, 35.08785692195177]}";Black;Fayetteville;Sidewalk / Crosswalk / Driveway Crossing;2;14;Urban (>70% Developed);Male;Sport Utility;0;No;0;29000401;Black;No;1;40-49;Motorist Drive Out - Sign-Controlled Intersection;None;No;#NULL!;Dry;0;Urban;No;03AUG2014;0;14:36;Female;#NULL!;Institutional;C: Possible Injury;Yes;O: No Injury;528;August;0;Straight - Grade;Coastal;Facing Traffic;Stop Sign;Sunday;Intersection;41;1;Two-Way, Divided, Unprotected Median;6 lanes;0;No;RAMSEY ST;Smooth Asphalt;COCHRAN AVE;T-Intersection;Motorist Failed to Yield - Sign-Controlled Intersection;Local Street;C: Possible Injury;Cumberland;59;Cloudy;COURTNEY ST;0-5 mph;30 - 35  MPH;2014;Daylight;50-59
34.2354467682, -77.8731523001;"{""type"": ""Point"", ""coordinates"": [-77.87315230011728, 34.23544676824016]}";White;Wilmington;Sidewalk / Crosswalk / Driveway Crossing;2;15;Urban (>70% Developed);Male;Sport Utility;0;Yes-Alcohol, no impairment detected;0;0;White;No;1;25-29;Motorist Drive Out - Sign-Controlled Intersection;None;Yes;#NULL!;Dry;0.2;Urban;No;11AUG2014;0;15:14;Female;#NULL!;Commercial;C: Possible Injury;Yes;O: No Injury;529;August;0;Straight - Level;Coastal;Facing Traffic;Stop Sign;Monday;Intersection;28;1;Two-Way, Not Divided;Unknown;0;No;PVA 351 S COLLEGE RD;Smooth Asphalt;DAPPLE CT;No Special Feature;Motorist Failed to Yield - Sign-Controlled Intersection;Public Vehicular Area;C: Possible Injury;New Hanover;42;Cloudy;RACINE DR;0-5 mph;5 - 15 MPH;2014;Daylight;40-49
34.7768739208, -76.884737026;"{""type"": ""Point"", ""coordinates"": [-76.88473702601874, 34.77687392076037]}";White;None - Rural Crash;Travel Lane;2;15;Mixed (30% To 70% Developed);Male;Passenger Car;1;No;0;40001140;White;No;0;11-15;Head-On - Bicyclist;None;No;#NULL!;Dry;0;Rural;No;17AUG2014;0;15:52;Female;#NULL!;Residential;O: No Injury;Yes;O: No Injury;532;August;0;Curve - Level;Coastal;Facing Traffic;Double Yellow Line, No Passing Zone;Sunday;Intersection;12;1;Two-Way, Not Divided;2 lanes;0;No;SR 1140;Coarse Asphalt;1282;No Special Feature;Head-On;State Secondary Route;O: No Injury;Carteret;67;Clear;OSCAR HILL RD;21-25 mph;40 - 45  MPH;2014;Daylight;60-69
35.5752140781, -77.4091022246;"{""type"": ""Point"", ""coordinates"": [-77.40910222457002, 35.5752140781378]}";Black;Greenville;Travel Lane;2;19;Urban (>70% Developed);Male;Unknown;0;No;0;0;Unknown/Missing;No;1;16-19;Motorist Overtaking - Other / Unknown;None;No;#NULL!;Wet;0.034;Urban;Yes;08SEP2014;0;19:59;Unknown;#NULL!;Residential;C: Possible Injury;Yes;Unknown Injury;536;September;0;Straight - Level;Coastal;With Traffic;No Control Present;Monday;Intersection-Related;16;1;Two-Way, Not Divided;2 lanes;0;Missing;CALDWELL CT;Coarse Asphalt;CUL-DE-SAC;No Special Feature;Motorist Overtaking Bicyclist;Local Street;C: Possible Injury;Pitt;Unknown;Rain;KRISTIN DR;6-10 mph;30 - 35  MPH;2014;Dark - Lighted Roadway;Unknown
36.1000272479, -75.7120617304;"{""type"": ""Point"", ""coordinates"": [-75.71206173042792, 36.1000272478873]}";White;Kitty Hawk;Travel Lane;2;5;Urban (>70% Developed);Male;Sport Utility;0;No;0;40001418;White;No;1;50-59;Motorist Left Turn - Opposite Direction;None;No;#NULL!;Dry;0.128;Rural;No;07AUG2014;0;5:25;Female;#NULL!;Commercial;C: Possible Injury;Yes;O: No Injury;537;August;0;Straight - Grade;Coastal;With Traffic;No Control Present;Thursday;Non-Intersection;52;1;Two-Way, Not Divided;3 lanes;0;No;VIRGINIA DARE TRL;Coarse Asphalt;2 BYRD ST;No Special Feature;Motorist Left Turn / Merge;NC Route;C: Possible Injury;Dare;57;Clear;OCEAN BLVD;6-10 mph;30 - 35  MPH;2014;Dark - Lighted Roadway;50-59
35.7592270782, -78.5607925843;"{""type"": ""Point"", ""coordinates"": [-78.56079258431579, 35.75922707817648]}";Black;Raleigh;Travel Lane;2;7;Mixed (30% To 70% Developed);Male;Sport Utility;0;No;0;40002697;White;No;1;20-24;Bicyclist Ride Out - Other Midblock;None;No;#NULL!;Dry;0.057;Urban;No;16SEP2014;0;7:54;Female;#NULL!;Residential;C: Possible Injury;Yes;O: No Injury;538;September;0;Straight - Level;Piedmont;Not Applicable;Stop And Go Signal;Tuesday;Non-Intersection;20;1;Two-Way, Divided, Unprotected Median;2 lanes;0;No;NEW HOPE RD;Smooth Asphalt;OLD POOLE RD;No Special Feature;Bicyclist Failed to Yield - Midblock;Local Street;C: Possible Injury;Wake;46;Clear;EVA MAE DR;31-35 mph;40 - 45  MPH;2014;Daylight;40-49
34.7485228273, -79.4966528142;"{""type"": ""Point"", ""coordinates"": [-79.49665281421008, 34.7485228273092]}";Black;Laurinburg;Travel Lane;2;22;Urban (>70% Developed);Male;Passenger Car;0;No;0;0;White;No;0;30-39;Motorist Overtaking - Undetected Bicyclist;None;Yes;#NULL!;Dry;0.01;Urban;No;17JUL2014;0;22:33;Male;#NULL!;Residential;K: Killed;Yes;O: No Injury;541;July;1;Straight - Level;Coastal;With Traffic;No Control Present;Thursday;Non-Intersection;38;1;Two-Way, Not Divided;2 lanes;0;Yes-Alcohol, no impairment detected;TURNPIKE ROAD;Smooth Asphalt;WEST BOULEVARD;No Special Feature;Motorist Overtaking Bicyclist;Local Street;K: Killed;Scotland;22;Clear;MEADOW BROOK DRIVE;41-45 mph;40 - 45  MPH;2014;Dark - Roadway Not Lighted;20-24
35.3185608366, -82.5877137643;"{""type"": ""Point"", ""coordinates"": [-82.5877137643387, 35.318560836610864]}";White;None - Rural Crash;Travel Lane;2;9;Rural (<30% Developed);Male;Pickup;1;No;0;40001401;White;No;0;20-24;Head-On - Bicyclist;None;No;#NULL!;Dry;6;Rural;No;22JUN2014;0;9:01;Male;#NULL!;Farms, Woods, Pastures;O: No Injury;No;O: No Injury;545;June;0;Curve - Level;Mountains;Facing Traffic;No Control Present;Sunday;Non-Intersection;23;1;Two-Way, Not Divided;2 lanes;0;No;SR 1401;Gravel;F S 475;No Special Feature;Head-On;State Secondary Route;O: No Injury;Transylvania;57;Clear;64;21-25 mph;30 - 35  MPH;2014;Daylight;50-59
35.7195670922, -77.9010623817;"{""type"": ""Point"", ""coordinates"": [-77.90106238166497, 35.71956709222357]}";Black;Wilson;Travel Lane;2;22;Urban (>70% Developed);Female;Passenger Car;0;Yes-Alcohol,  impairment suspected;1;0;Black;No;0;40-49;Motorist Drive Out - Sign-Controlled Intersection;None;Yes;#NULL!;Dry;0.002;Urban;No;16AUG2014;0;22:24;Female;#NULL!;Residential;B: Evident Injury;Yes;O: No Injury;553;August;0;Straight - Level;Coastal;With Traffic;Stop Sign;Saturday;Intersection;41;1;Two-Way, Not Divided;2 lanes;0;No;VICK ST E;Coarse Asphalt;ATLANTIC ST;No Special Feature;Motorist Failed to Yield - Sign-Controlled Intersection;Local Street;B: Evident Injury;Wilson;29;Clear;WASHINGTON ST E;0-5 mph;30 - 35  MPH;2014;Dark - Lighted Roadway;25-29
36.0381622357, -75.6743517152;"{""type"": ""Point"", ""coordinates"": [-75.67435171522989, 36.03816223565575]}";White;Kill Devil Hills;Sidewalk / Crosswalk / Driveway Crossing;2;18;Urban (>70% Developed);Female;Passenger Car;0;No;1;0;Black;No;0;30-39;Motorist Drive Out - Commercial Driveway / Alley;None;No;#NULL!;Dry;0.049;Urban;No;24AUG2014;0;18:30;Female;#NULL!;Commercial;B: Evident Injury;No;O: No Injury;556;August;0;Straight - Level;Coastal;Facing Traffic;Stop Sign;Sunday;Non-Intersection;30;1;Two-Way, Not Divided;2 lanes;0;No;E FIFTH ST;Coarse Asphalt;NEW BERN ST;T-Intersection;Motorist Failed to Yield - Midblock;Local Street;B: Evident Injury;Dare;44;Clear;158;0-5 mph;Unknown;2014;Daylight;40-49
35.0770069181, -78.936542662;"{""type"": ""Point"", ""coordinates"": [-78.93654266204732, 35.07700691809259]}";White;Fayetteville;Sidewalk / Crosswalk / Driveway Crossing;3;10;Urban (>70% Developed);Male;Pickup;1;No;0;30000024;White;No;0;50-59;Motorist Lost Control - Oversteering, Improper Braking, Speed;None;No;#NULL!;Dry;0;Urban;No;31MAY2014;0;10:22;Female;#NULL!;Commercial;C: Possible Injury;No;O: No Injury;564;May;0;Straight - Level;Coastal;Facing Traffic;Stop And Go Signal;Saturday;Intersection;55;1;Two-Way, Divided, Positive Median Barrier;7 lanes;0;No;BRAGG BLVD;Coarse Asphalt;WILLIAM CLARK RD;No Special Feature;Loss of Control / Turning Error;Local Street;O: No Injury;Cumberland;39;Clear;SHANNON DR;6-10 mph;40 - 45  MPH;2014;Daylight;30-39
35.7295789708, -81.3332474157;"{""type"": ""Point"", ""coordinates"": [-81.33324741571015, 35.729578970784466]}";White;Hickory;Sidewalk / Crosswalk / Driveway Crossing;2;12;Urban (>70% Developed);Male;Sport Utility;0;No;0;30000127;White;No;1;50-59;Motorist Drive Out - Commercial Driveway / Alley;None;No;#NULL!;Dry;0.116;Urban;No;12AUG2014;0;12:15;Female;#NULL!;Commercial;C: Possible Injury;Yes;O: No Injury;565;August;0;Straight - Level;Piedmont;Facing Traffic;No Control Present;Tuesday;Non-Intersection;54;1;Two-Way, Not Divided;Unknown;0;No;127;Coarse Asphalt;2ND AVE;No Special Feature;Motorist Failed to Yield - Midblock;Public Vehicular Area;C: Possible Injury;Catawba;23;Clear;3RD AVE;0-5 mph;Unknown;2014;Daylight;20-24
35.5189428851, -82.4037237211;"{""type"": ""Point"", ""coordinates"": [-82.40372372105826, 35.51894288506834]}";White;None - Rural Crash;Travel Lane;2;18;Mixed (30% To 70% Developed);Male;Passenger Car;0;No;1;21000074;White;No;0;16-19;Motorist Overtaking - Misjudged Space;None;No;#NULL!;Dry;0.1;Rural;No;13SEP2014;0;18:25;Female;#NULL!;Commercial;B: Evident Injury;Yes;O: No Injury;567;September;0;Straight - Level;Mountains;With Traffic;Double Yellow Line, No Passing Zone;Saturday;Non-Intersection;18;1;Two-Way, Not Divided;2 lanes;0;No;US 74;Smooth Asphalt;2800;No Special Feature;Motorist Overtaking Bicyclist;US Route;B: Evident Injury;Buncombe;46;Clear;3136;31-35 mph;40 - 45  MPH;2014;Daylight;40-49
35.9216611116, -78.5910126019;"{""type"": ""Point"", ""coordinates"": [-78.5910126018568, 35.92166111162925]}";White;None - Rural Crash;Sidewalk / Crosswalk / Driveway Crossing;2;13;Mixed (30% To 70% Developed);Female;Passenger Car;0;No;0;40003568;White;No;1;40-49;Motorist Drive Through - Sign-Controlled Intersection;None;No;#NULL!;Dry;0;Rural;No;31AUG2014;0;13:40;Male;#NULL!;Residential;C: Possible Injury;Yes;O: No Injury;568;August;0;Straight - Level;Piedmont;Facing Traffic;Stop Sign;Sunday;Intersection;44;1;Two-Way, Not Divided;2 lanes;0;No;SR 3568;Smooth Asphalt;4496;T-Intersection;Motorist Failed to Yield - Sign-Controlled Intersection;State Secondary Route;C: Possible Injury;Wake;18;Clear;2000;6-10 mph;30 - 35  MPH;2014;Daylight;0-19
36.1467171174, -79.7487829649;"{""type"": ""Point"", ""coordinates"": [-79.74878296490941, 36.14671711743045]}";White;Greensboro;Travel Lane;2;21;Urban (>70% Developed);Male;Passenger Car;0;No;1;50003754;White;No;0;40-49;Motorist Overtaking - Undetected Bicyclist;None;No;#NULL!;Wet;0.1;Urban;No;18AUG2014;0;21:47;Male;#NULL!;Residential;B: Evident Injury;Yes;O: No Injury;570;August;0;Straight - Level;Piedmont;With Traffic;No Control Present;Monday;Non-Intersection;43;1;Two-Way, Not Divided;2 lanes;0;No;BRIGHTWOOD SCHOOL RD;Smooth Asphalt;HOLDERS RD;No Special Feature;Motorist Overtaking Bicyclist;Local Street;B: Evident Injury;Guilford;24;Rain;MOONLIGHT LANE;31-35 mph;30 - 35  MPH;2014;Dark - Roadway Not Lighted;20-24
35.8518590502, -79.8864829891;"{""type"": ""Point"", ""coordinates"": [-79.88648298909695, 35.85185905024355]}";Black;None - Rural Crash;Travel Lane;2;8;Rural (<30% Developed);Male;Pickup;0;No;1;20000311;Unknown/Missing;No;0;30-39;Motorist Overtaking - Other / Unknown;None;No;#NULL!;Dry;0.2;Rural;Yes;22SEP2014;0;8:09;Unknown;#NULL!;Farms, Woods, Pastures;B: Evident Injury;Yes;Unknown Injury;575;September;0;Straight - Grade;Piedmont;With Traffic;No Control Present;Monday;Non-Intersection;38;1;Two-Way, Not Divided;2 lanes;0;Unknown;311;Smooth Asphalt;1946;No Special Feature;Motorist Overtaking Bicyclist;US Route;B: Evident Injury;Randolph;Unknown;Clear;1529;51-55 mph;50 - 55  MPH;2014;Daylight;Unknown
35.0299939121, -78.7935926164;"{""type"": ""Point"", ""coordinates"": [-78.79359261641856, 35.029993912108814]}";White;None - Rural Crash;Travel Lane;2;7;Mixed (30% To 70% Developed);Male;Sport Utility;0;No;1;40002000;White;No;0;20-24;Bicyclist Left Turn - Opposite Direction;None;No;#NULL!;Dry;0.012;Rural;No;05SEP2014;0;7:52;Female;#NULL!;Residential;B: Evident Injury;Yes;O: No Injury;581;September;0;Straight - Level;Coastal;With Traffic;Double Yellow Line, No Passing Zone;Friday;Non-Intersection;20;1;Two-Way, Not Divided;2 lanes;0;No;SR 2000;Coarse Asphalt;2010;No Special Feature;Bicyclist Left Turn / Merge;State Secondary Route;B: Evident Injury;Cumberland;20;Clear;1835;31-35 mph;30 - 35  MPH;2014;Daylight;20-24
36.4026142925, -76.3254219348;"{""type"": ""Point"", ""coordinates"": [-76.32542193478228, 36.40261429245745]}";White;None - Rural Crash;Travel Lane;2;23;Rural (<30% Developed);Male;Pickup;0;No;0;40001416;Black;No;0;16-19;Motorist Overtaking - Bicyclist Swerved;None;No;#NULL!;Dry;1.2;Rural;No;19SEP2014;0;23:04;Male;#NULL!;Farms, Woods, Pastures;A: Disabling Injury;Yes;O: No Injury;583;September;0;Straight - Level;Coastal;With Traffic;No Control Present;Friday;Non-Intersection;19;1;Two-Way, Not Divided;2 lanes;1;No;SR 1416;Coarse Asphalt;1388;No Special Feature;Motorist Overtaking Bicyclist;State Secondary Route;A: Disabling Injury;Pasquotank;37;Clear;17;51-55 mph;50 - 55  MPH;2014;Dark - Roadway Not Lighted;30-39
35.1656768689, -80.8356532364;"{""type"": ""Point"", ""coordinates"": [-80.83565323639297, 35.16567686892555]}";White;Charlotte;Travel Lane;2;6;Urban (>70% Developed);Male;Sport Utility;0;No;1;40003814;White;No;0;40-49;Head-On - Bicyclist;None;No;#NULL!;Dry;0;Urban;No;10SEP2014;0;6:55;Male;#NULL!;Residential;B: Evident Injury;No;O: No Injury;597;September;0;Curve - Level;Piedmont;With Traffic;Stop And Go Signal;Wednesday;Intersection;47;1;Two-Way, Not Divided;4 lanes;0;No;RUNNYMEDE LN;Smooth Asphalt;MICHAEL BAKER;Four-Way Intersection;Head-On;Local Street;B: Evident Injury;Mecklenburg;24;Cloudy;BARCLAY DOWNS;11-15 mph;30 - 35  MPH;2014;Dawn;20-24
36.1381601123, -79.8473029938;"{""type"": ""Point"", ""coordinates"": [-79.8473029937917, 36.138160112256344]}";White;Greensboro;Sidewalk / Crosswalk / Driveway Crossing;2;11;Urban (>70% Developed);Male;Passenger Car;0;No;0;50007028;White;Yes;1;70+;Motorist Left Turn - Same Direction;None;No;#NULL!;Wet;0;Urban;No;26SEP2014;0;11:21;Male;#NULL!;Residential;C: Possible Injury;Yes;O: No Injury;605;September;0;Straight - Level;Piedmont;Facing Traffic;Stop And Go Signal;Friday;Intersection;70+;1;Two-Way, Not Divided;3 lanes;0;No;COTSWOLD AV;Smooth Asphalt;COTSWOLD TER;Four-Way Intersection;Motorist Left Turn / Merge;Local Street;C: Possible Injury;Guilford;70+;Cloudy;OLD BATTLEGROUND RD;6-10 mph;30 - 35  MPH;2014;Daylight;70+
35.9907111554, -77.7565483516;"{""type"": ""Point"", ""coordinates"": [-77.75654835164515, 35.99071115539432]}";Black;Rocky Mount;Travel Lane;2;17;Mixed (30% To 70% Developed);Male;Pickup;0;Yes-Alcohol, no impairment detected;0;40001400;White;No;1;50-59;Motorist Overtaking - Bicyclist Swerved;None;Yes;#NULL!;Dry;0.038;Urban;No;04OCT2014;0;17:51;Male;#NULL!;Residential;C: Possible Injury;Yes;O: No Injury;606;October;0;Straight - Level;Coastal;With Traffic;No Control Present;Saturday;Non-Intersection;58;1;Two-Way, Not Divided;2 lanes;0;No;OLD BATTLEBORO RD;Smooth Asphalt;COOL VALLEY LN;No Special Feature;Motorist Overtaking Bicyclist;Local Street;C: Possible Injury;Edgecombe;50;Clear;DEER HUNTER LN;31-35 mph;40 - 45  MPH;2014;Daylight;50-59
34.2092927635, -77.8449722906;"{""type"": ""Point"", ""coordinates"": [-77.84497229063557, 34.20929276347781]}";Hispanic;Wilmington;Travel Lane;2;23;Urban (>70% Developed);Male;Taxicab;0;Yes-Alcohol,  impairment suspected;0;20000076;Black;No;0;30-39;Motorist Overtaking - Undetected Bicyclist;None;Yes;#NULL!;Dry;0;Urban;No;30AUG2014;0;23:54;Male;#NULL!;Commercial;K: Killed;Yes;O: No Injury;609;August;1;Straight - Level;Coastal;With Traffic;No Control Present;Saturday;Intersection;38;1;Two-Way, Not Divided;5 lanes;0;No;OLEANDER DR;Smooth Asphalt;PEIFFER AVE;No Special Feature;Motorist Overtaking Bicyclist;US Route;K: Killed;New Hanover;47;Clear;VICTORY GARDENS DR;46-50 mph;40 - 45  MPH;2014;Dark - Lighted Roadway;40-49
35.8699221011, -78.5819025968;"{""type"": ""Point"", ""coordinates"": [-78.58190259677671, 35.86992210114536]}";White;Raleigh;Non-Roadway;2;20;Urban (>70% Developed);Male;Passenger Car;0;Yes-Alcohol,  impairment suspected;0;0;Asian;No;1;50-59;Non-Roadway;None;Yes;#NULL!;Dry;0.038;Urban;No;30SEP2014;0;20:58;Female;#NULL!;Commercial;C: Possible Injury;Yes;O: No Injury;610;September;0;Straight - Level;Piedmont;Not Applicable;No Control Present;Tuesday;Non-Roadway;51;1;Two-Way, Not Divided;Unknown;0;No;PVA 6201 CAPITAL BLVD;Smooth Asphalt;SUMNER BLVD;No Special Feature;Non-Roadway;Public Vehicular Area;C: Possible Injury;Wake;50;Clear;OLD WAKE FOREST RD;0-5 mph;5 - 15 MPH;2014;Dark - Lighted Roadway;50-59
36.3331522047, -78.4358625766;"{""type"": ""Point"", ""coordinates"": [-78.43586257661423, 36.3331522047441]}";Black;Henderson;Travel Lane;2;19;Urban (>70% Developed);Male;Passenger Car;1;No;0;40001304;White;No;1;30-39;Bicyclist Ride Through - Signalized Intersection;None;No;#NULL!;Dry;25;Urban;No;06SEP2014;0;19:04;Male;#NULL!;Commercial;C: Possible Injury;No;O: No Injury;612;September;0;Straight - Level;Piedmont;Not Applicable;No Control Present;Saturday;Intersection-Related;34;2;Two-Way, Divided, Unprotected Median;5 lanes;0;No;DABNEY DR;Smooth Asphalt;GRAHAM AVE;No Special Feature;Bicyclist Failed to Yield - Signalized Intersection;Local Street;C: Possible Injury;Vance;34;Clear;S COOPER DR;16-20 mph;30 - 35  MPH;2014;Dusk;30-39
35.6103470858, -77.3907262204;"{""type"": ""Point"", ""coordinates"": [-77.39072622041472, 35.610347085816116]}";Black;Greenville;Travel Lane;2;16;Urban (>70% Developed);Male;Sport Utility;0;No;1;50001563;Black;No;0;50-59;Bicyclist Turning Error - Other;None;No;#NULL!;Dry;0.003;Urban;No;03OCT2014;0;16:50;Female;#NULL!;Residential;B: Evident Injury;Yes;O: No Injury;613;October;0;Straight - Level;Coastal;With Traffic;No Control Present;Friday;Intersection-Related;55;1;Two-Way, Not Divided;2 lanes;0;No;BANCROFT AV;Coarse Asphalt;VANDERBILT LN;No Special Feature;Loss of Control / Turning Error;Local Street;B: Evident Injury;Pitt;26;Clear;FLEMING STREET;21-25 mph;20 - 25  MPH;2014;Daylight;25-29
35.2536368181, -82.7008397936;"{""type"": ""Point"", ""coordinates"": [-82.7008397935938, 35.253636818137025]}";White;Brevard;Travel Lane;2;11;Mixed (30% To 70% Developed);Female;Passenger Car;0;No;1;40001504;White;No;0;60-69;Motorist Drive Out - Sign-Controlled Intersection;None;No;#NULL!;Dry;0;Urban;No;08OCT2014;0;11:19;Female;#NULL!;Commercial;B: Evident Injury;Yes;O: No Injury;618;October;0;Straight - Level;Mountains;With Traffic;Stop Sign;Wednesday;Intersection;62;1;Two-Way, Not Divided;2 lanes;0;No;OLD HENDERSONVILLE HWY;Smooth Asphalt;HELEN LN;T-Intersection;Motorist Failed to Yield - Sign-Controlled Intersection;Local Street;B: Evident Injury;Transylvania;70+;Clear;WILSON RD;11-15 mph;30 - 35  MPH;2014;Daylight;70+
35.9794341133, -78.891718696;"{""type"": ""Point"", ""coordinates"": [-78.89171869602264, 35.979434113276774]}";Black;Durham;Travel Lane;2;17;Urban (>70% Developed);Male;Passenger Car;0;Yes-Alcohol,  impairment suspected;1;30000055;Other;No;0;40-49;Bicyclist Ride Through - Signalized Intersection;None;Yes;#NULL!;Dry;0;Urban;No;08OCT2014;0;17:10;Female;#NULL!;Commercial;B: Evident Injury;Yes;O: No Injury;623;October;0;Straight - Level;Piedmont;Facing Traffic;Stop And Go Signal;Wednesday;Intersection;45;1;Two-Way, Not Divided;4 lanes;0;No;NC 55;Smooth Asphalt;147;No Special Feature;Bicyclist Failed to Yield - Signalized Intersection;Local Street;B: Evident Injury;Durham;58;Clear;LINWOOD DR;21-25 mph;40 - 45  MPH;2014;Daylight;50-59
35.7760229976, -80.8847632849;"{""type"": ""Point"", ""coordinates"": [-80.88476328492878, 35.77602299763189]}";White;Statesville;Travel Lane;2;12;Urban (>70% Developed);Male;Pickup;0;No;1;20000021;Black;No;0;20-24;Head-On - Bicyclist;None;No;#NULL!;Dry;0.065;Urban;No;01OCT2014;0;12:26;Male;#NULL!;Commercial;B: Evident Injury;Yes;O: No Injury;625;October;0;Straight - Bottom;Piedmont;With Traffic;No Control Present;Wednesday;Non-Intersection;23;1;Two-Way, Not Divided;3 lanes;0;No;SHELTON AVE;Smooth Asphalt;MCELWEE ST;No Special Feature;Head-On;NC Route;B: Evident Injury;Iredell;41;Clear;DEPOT LN;26-30 mph;30 - 35  MPH;2014;Daylight;40-49
34.1918367575, -77.927442314;"{""type"": ""Point"", ""coordinates"": [-77.9274423140282, 34.191836757501676]}";White;Wilmington;Travel Lane;2;11;Urban (>70% Developed);Female;Passenger Car;0;No;1;20000117;Black;No;0;20-24;Motorist Drive Through - Sign-Controlled Intersection;None;No;#NULL!;Dry;0;Urban;No;12SEP2014;0;11:39;Male;#NULL!;Commercial;B: Evident Injury;Yes;O: No Injury;632;September;0;Straight - Level;Coastal;Facing Traffic;Stop Sign;Friday;Intersection;21;1;Two-Way, Divided, Positive Median Barrier;5 lanes;0;No;SHIPYARD BLVD;Coarse Asphalt;HOLBROOK AVE;No Special Feature;Motorist Failed to Yield - Sign-Controlled Intersection;Local Street;B: Evident Injury;New Hanover;56;Clear;CONSTITUTION BLV;0-5 mph;50 - 55  MPH;2014;Daylight;50-59
35.5375250494, -77.9954524007;"{""type"": ""Point"", ""coordinates"": [-77.9954524006817, 35.53752504939321]}";Hispanic;None - Rural Crash;Travel Lane;2;18;Rural (<30% Developed);Female;Passenger Car;0;No;1;40001342;White;No;0;40-49;Motorist Overtaking - Bicyclist Swerved;None;No;#NULL!;Dry;0.4;Rural;No;02OCT2014;0;18:21;Male;#NULL!;Farms, Woods, Pastures;B: Evident Injury;Yes;O: No Injury;637;October;0;Straight - Level;Coastal;With Traffic;No Control Present;Thursday;Non-Intersection;42;1;Two-Way, Not Divided;2 lanes;0;No;SR 1342;Coarse Asphalt;BRANCH STREET;No Special Feature;Motorist Overtaking Bicyclist;State Secondary Route;B: Evident Injury;Wayne;60;Clear;1353;51-55 mph;50 - 55  MPH;2014;Daylight;60-69
35.1210869285, -78.9125826573;"{""type"": ""Point"", ""coordinates"": [-78.9125826572813, 35.12108692854126]}";Black;Fayetteville;Travel Lane;2;11;Mixed (30% To 70% Developed);Male;Pickup;0;Unknown;1;40001615;Unknown/Missing;No;0;30-39;Motorist Overtaking - Other / Unknown;Unknown;No;#NULL!;Unknown;0.009;Urban;Yes;01OCT2014;0;11:35;Unknown;#NULL!;Residential;B: Evident Injury;No;Unknown Injury;644;October;0;Straight - Level;Coastal;With Traffic;No Control Present;Wednesday;Non-Intersection;37;1;Two-Way, Not Divided;3 lanes;0;Missing;ROSEHILL ROAD;Coarse Asphalt;CLYNE STREET;No Special Feature;Motorist Overtaking Bicyclist;Local Street;B: Evident Injury;Cumberland;Unknown;Other;GOLDEN RD;0-5 mph;30 - 35  MPH;2014;Dark - Lighted Roadway;Unknown
35.9420671445, -77.7754773552;"{""type"": ""Point"", ""coordinates"": [-77.77547735522187, 35.94206714446729]}";Black;Rocky Mount;Travel Lane;2;14;Urban (>70% Developed);Male;Passenger Car;0;No;0;39000043;Unknown/Missing;No;1;50-59;Motorist Drive Out - Sign-Controlled Intersection;None;No;#NULL!;Dry;0;Urban;Yes;14OCT2014;0;14:02;Unknown;#NULL!;Commercial;C: Possible Injury;Yes;Unknown Injury;646;October;0;Straight - Level;Coastal;Facing Traffic;Stop Sign;Tuesday;Intersection;58;1;Two-Way, Not Divided;2 lanes;0;Missing;EDGECOMBE MEADOWS DR;Coarse Asphalt;LIGUSTRUM CT;Driveway, Public;Motorist Failed to Yield - Sign-Controlled Intersection;Local Street;C: Possible Injury;Edgecombe;Unknown;Clear;N FAIRVIEW RD;0-5 mph;30 - 35  MPH;2014;Daylight;Unknown
36.1462740975, -80.2975881299;"{""type"": ""Point"", ""coordinates"": [-80.29758812987055, 36.14627409752546]}";Black;Winston-Salem;Travel Lane;2;12;Urban (>70% Developed);Male;Pickup;0;No;1;0;White;No;0;11-15;Bicyclist Lost Control - Surface Conditions;None;No;#NULL!;Wet;0;Urban;No;29SEP2014;0;12:15;Male;#NULL!;Residential;B: Evident Injury;Yes;O: No Injury;650;September;0;Straight - Level;Piedmont;Unknown;Stop Sign;Monday;Intersection;12;1;Two-Way, Not Divided;2 lanes;0;No;WOODS RD;Coarse Asphalt;REYNOLDA RD;T-Intersection;Loss of Control / Turning Error;Local Street;B: Evident Injury;Forsyth;33;Cloudy;COLUMBINE DR;31-35 mph;30 - 35  MPH;2014;Daylight;30-39