Geo Point;Geo Shape;BikeRace;City;BikePos;NumUnits;CrashHour;Locality;BikeSex;DrvrVehTyp;NumBikesNo;BikeAlcDrg;NumBikesBI;RteInvdCd;DrvrRace;Workzone;NumBikesCi;BikeAgeGrp;CrashType;RdDefects;CrashAlcoh;BikeAlcoho;RdConditio;DstncMiFrm;RuralUrban;HitRun;CrashDate;NumBikesUI;CrashTime;DrvrSex;DrvrAlcoho;Developmen;CrashSevr;AmbulanceR;DrvrInjury;OBJECTID;CrashMonth;NumBikesKi;RdCharacte;Region;BikeDir;TraffCntrl;CrashDay;CrashLoc;BikeAge;NumBikesTo;RdConfig;NumLanes;NumBikesAI;DrvrAlcDrg;OnRoad;RdSurface;Towrd_Rd;RdFeature;CrashGrp;RdClass;BikeInjury;County;DrvrAge;Weather;FrmRd;DrvrEstSpd;SpeedLimit;CrashYear;LightCond;DrvrAgeGrp
35.9612270689, -80.0151780348;"{""type"": ""Point"", ""coordinates"": [-80.01517803477371, 35.96122706892914]}";White;High Point;Travel Lane;2;19;Urban (>70% Developed);Male;Passenger Car;0;No;0;0;White;No;0;20-24;Motorist Drive Through - Sign-Controlled Intersection;None;No;#NULL!;Dry;0;Urban;No;01OCT2014;0;19:34;Male;#NULL!;Commercial;A: Disabling Injury;Yes;O: No Injury;654;October;0;Straight - Grade;Piedmont;With Traffic;Stop Sign;Wednesday;Intersection;22;1;Two-Way, Not Divided;2 lanes;1;No;N LINDSAY ST;Smooth Asphalt;BLVD ST;Four-Way Intersection;Motorist Failed to Yield - Sign-Controlled Intersection;Local Street;A: Disabling Injury;Guilford;68;Clear;QUAKER LN;11-15 mph;30 - 35  MPH;2014;Dark - Lighted Roadway;60-69
34.7232549137, -76.7345819769;"{""type"": ""Point"", ""coordinates"": [-76.73458197694687, 34.723254913734856]}";White;Morehead City;Sidewalk / Crosswalk / Driveway Crossing;2;14;Rural (<30% Developed);Male;Sport Utility;1;No;0;0;White;No;0;16-19;Motorist Drive Out - Commercial Driveway / Alley;None;No;#NULL!;Dry;0;Urban;No;26SEP2014;0;14:58;Female;#NULL!;Commercial;O: No Injury;Yes;O: No Injury;676;September;0;Straight - Grade;Coastal;Unknown;No Control Present;Friday;Non-Intersection;18;1;Two-Way, Not Divided;Unknown;0;No;PVA PNC PLAZA;Concrete;#NULL!;No Special Feature;Motorist Failed to Yield - Midblock;Public Vehicular Area;O: No Injury;Carteret;48;Clear;#NULL!;Unknown;30 - 35  MPH;2014;Daylight;40-49
35.7890470803, -78.6744866204;"{""type"": ""Point"", ""coordinates"": [-78.6744866204172, 35.789047080258904]}";White;Raleigh;Sidewalk / Crosswalk / Driveway Crossing;2;18;Urban (>70% Developed);Male;Sport Utility;1;No;0;50007788;White;No;0;16-19;Bicyclist Ride Through - Signalized Intersection;None;No;#NULL!;Dry;0.004;Urban;No;09OCT2014;0;18:00;Male;#NULL!;Institutional;O: No Injury;No;O: No Injury;688;October;0;Straight - Level;Piedmont;With Traffic;Stop And Go Signal;Thursday;Intersection;18;1;Two-Way, Not Divided;2 lanes;0;No;DAN ALLEN DR;Smooth Asphalt;FOUNDERS DR;Related To Intersection;Bicyclist Failed to Yield - Signalized Intersection;Local Street;O: No Injury;Wake;21;Clear;HILLSBOROUGH ST;0-5 mph;5 - 15 MPH;2014;Daylight;20-24
35.2282098825, -80.8303832386;"{""type"": ""Point"", ""coordinates"": [-80.83038323859668, 35.22820988250816]}";White;Charlotte;Sidewalk / Crosswalk / Driveway Crossing;2;15;Urban (>70% Developed);Male;Sport Utility;0;No;0;50009511;White;No;1;50-59;Motorist Left Turn - Opposite Direction;None;No;#NULL!;Dry;0;Urban;No;03NOV2014;0;15:37;Male;#NULL!;Residential;C: Possible Injury;Yes;O: No Injury;700;November;0;Straight - Level;Piedmont;With Traffic;Stop And Go Signal;Monday;Intersection;54;1;Two-Way, Divided, Unprotected Median;4 lanes;0;No;E 11TH ST;Concrete;#NULL!;Four-Way Intersection;Motorist Left Turn / Merge;Local Street;C: Possible Injury;Mecklenburg;47;Clear;N DAVIDSON ST;11-15 mph;30 - 35  MPH;2014;Daylight;40-49
35.946800119, -78.5369425873;"{""type"": ""Point"", ""coordinates"": [-78.53694258727673, 35.94680011900449]}";White;Wake Forest;Unknown;2;3;Urban (>70% Developed);Male;Passenger Car;0;Yes-Alcohol,  impairment suspected;1;21000001;Hispanic;No;0;30-39;Bicyclist Ride Out - Midblock - Unknown;None;Yes;#NULL!;Dry;0.047;Urban;No;20OCT2014;0;3:36;Male;#NULL!;Commercial;B: Evident Injury;No;O: No Injury;709;October;0;Straight - Level;Piedmont;Not Applicable;No Control Present;Monday;Non-Intersection;37;1;Two-Way, Divided, Unprotected Median;4 lanes;0;No;SOUTH MAIN ST;Smooth Asphalt;1;No Special Feature;Bicyclist Failed to Yield - Midblock;Local Street;B: Evident Injury;Wake;30;Clear;WAKE DR;6-10 mph;30 - 35  MPH;2014;Daylight;30-39
36.0939820985, -79.965213027;"{""type"": ""Point"", ""coordinates"": [-79.96521302697492, 36.093982098547094]}";Black;Greensboro;Travel Lane;2;17;Urban (>70% Developed);Male;Van;0;No;1;40001008;Other;Yes;0;25-29;Motorist Drive Out - Right Turn on Red;None;No;#NULL!;Wet;0.002;Urban;No;17NOV2014;0;17:58;Male;#NULL!;Commercial;B: Evident Injury;Yes;O: No Injury;722;November;0;Straight - Level;Piedmont;With Traffic;Stop And Go Signal;Monday;Intersection-Related;25;1;Two-Way, Not Divided;4 lanes;0;No;W MARKET ST;Smooth Asphalt;BURGESS RD;On or Off Ramp;Motorist Failed to Yield - Signalized Intersection;Local Street;B: Evident Injury;Guilford;59;Cloudy;68;11-15 mph;30 - 35  MPH;2014;Dark - Roadway Not Lighted;50-59
34.7969319247, -76.8974480305;"{""type"": ""Point"", ""coordinates"": [-76.89744803054327, 34.79693192468207]}";Black;None - Rural Crash;Travel Lane;2;17;Mixed (30% To 70% Developed);Male;Passenger Car;0;No;1;40001124;White;No;0;16-19;Bicyclist Ride Through - Sign-Controlled Intersection;None;No;#NULL!;Dry;0;Rural;No;11OCT2014;0;17:13;Female;#NULL!;Residential;B: Evident Injury;Yes;O: No Injury;732;October;0;Straight - Level;Coastal;With Traffic;Stop Sign;Saturday;Intersection;18;1;Two-Way, Not Divided;2 lanes;0;No;SR 1124;Smooth Asphalt;1637;T-Intersection;Bicyclist Failed to Yield - Sign-Controlled Intersection;State Secondary Route;B: Evident Injury;Carteret;32;Clear;1127;41-45 mph;40 - 45  MPH;2014;Daylight;30-39
35.7869900795, -78.6870726244;"{""type"": ""Point"", ""coordinates"": [-78.68707262439783, 35.78699007946639]}";White;Raleigh;Bike Lane / Paved Shoulder;3;17;Urban (>70% Developed);Male;Unknown;0;No;1;50012171;Unknown/Missing;No;0;20-24;Motorist Drive Out - Sign-Controlled Intersection;None;No;#NULL!;Dry;0;Urban;Yes;04NOV2014;0;17:36;Unknown;#NULL!;Residential;B: Evident Injury;Yes;Unknown Injury;735;November;0;Straight - Level;Piedmont;With Traffic;Stop Sign;Tuesday;Intersection;23;1;Two-Way, Not Divided;4 lanes;0;Missing;GORMAN ST;Smooth Asphalt;LEXINGTON DR;Four-Way Intersection;Motorist Failed to Yield - Sign-Controlled Intersection;Local Street;B: Evident Injury;Wake;Unknown;Clear;JACKSON ST;Unknown;20 - 25  MPH;2014;Dusk;Unknown
35.981193073, -80.0067230326;"{""type"": ""Point"", ""coordinates"": [-80.00672303258037, 35.98119307304435]}";Black;High Point;Travel Lane;2;17;Urban (>70% Developed);Male;Sport Utility;0;No;0;0;White;No;1;6-10;Bicyclist Right Turn - Same Direction;None;No;#NULL!;Dry;0.038;Urban;No;09NOV2014;0;17:21;Male;#NULL!;Residential;C: Possible Injury;No;O: No Injury;736;November;0;Straight - Level;Piedmont;Facing Traffic;Double Yellow Line, No Passing Zone;Sunday;Non-Intersection;10;1;Two-Way, Not Divided;2 lanes;0;No;BRIDGES DR;Smooth Asphalt;E DAYTON AVE;No Special Feature;Bicyclist Right Turn / Merge;Local Street;C: Possible Injury;Guilford;22;Clear;GLENWOOD AVE;31-35 mph;30 - 35  MPH;2014;Daylight;20-24
35.7035330646, -78.5899375897;"{""type"": ""Point"", ""coordinates"": [-78.58993758971206, 35.70353306460487]}";Black;Garner;Travel Lane;2;9;Mixed (30% To 70% Developed);Male;Passenger Car;0;No;0;40001004;White;No;1;16-19;Motorist Overtaking - Bicyclist Swerved;None;No;#NULL!;Wet;0.057;Urban;No;14NOV2014;0;9:19;Male;#NULL!;Commercial;C: Possible Injury;Yes;O: No Injury;772;November;0;Straight - Level;Piedmont;With Traffic;No Control Present;Friday;Non-Intersection;16;1;Two-Way, Divided, Unprotected Median;2 lanes;0;No;W GARNER RD;Smooth Asphalt;#NULL!;No Special Feature;Motorist Overtaking Bicyclist;Local Street;C: Possible Injury;Wake;29;Rain;JONES SAUSAGE RD;21-25 mph;30 - 35  MPH;2014;Daylight;25-29
35.8204910892, -78.6234766061;"{""type"": ""Point"", ""coordinates"": [-78.62347660614303, 35.820491089181665]}";White;Raleigh;Sidewalk / Crosswalk / Driveway Crossing;2;16;Urban (>70% Developed);Male;Passenger Car;0;No;1;40002000;White;No;0;16-19;Motorist Drive Out - Commercial Driveway / Alley;None;No;#NULL!;Dry;0.05;Urban;No;10DEC2014;0;16:56;Male;#NULL!;Commercial;B: Evident Injury;Yes;O: No Injury;775;December;0;Straight - Level;Piedmont;Facing Traffic;Stop Sign;Wednesday;Non-Intersection;17;1;One-Way, Not Divided;7 lanes;0;No;WAKE FOREST RD;Smooth Asphalt;WAKE TOWNE DR;T-Intersection;Motorist Failed to Yield - Midblock;Local Street;B: Evident Injury;Wake;33;Clear;SIX FORKS RD;0-5 mph;30 - 35  MPH;2014;Daylight;30-39
35.5828969587, -80.8151832527;"{""type"": ""Point"", ""coordinates"": [-80.81518325272464, 35.58289695865714]}";White;Mooresville;Sidewalk / Crosswalk / Driveway Crossing;2;15;Urban (>70% Developed);Male;Sport Utility;1;No;0;30000152;White;No;0;16-19;Bicyclist Left Turn - Same Direction;None;No;#NULL!;Dry;0.008;Urban;No;07DEC2014;0;15:03;Male;#NULL!;Residential;O: No Injury;Yes;O: No Injury;779;December;0;Straight - Level;Piedmont;With Traffic;No Control Present;Sunday;Non-Intersection;16;1;Two-Way, Not Divided;2 lanes;0;No;E MCLELLAND AVE;Smooth Asphalt;S BROAD ST;No Special Feature;Bicyclist Left Turn / Merge;Local Street;O: No Injury;Iredell;26;Clear;N ACADEMY ST;21-25 mph;30 - 35  MPH;2014;Daylight;25-29
35.7371130733, -78.5657725847;"{""type"": ""Point"", ""coordinates"": [-78.5657725846616, 35.73711307331441]}";Black;Raleigh;Other;2;20;Rural (<30% Developed);Male;Sport Utility;0;No;1;40002542;Black;No;0;16-19;Motorist Overtaking - Bicyclist Swerved;None;No;#NULL!;Dry;0.006;Urban;No;07DEC2014;0;20:35;Male;#NULL!;Residential;B: Evident Injury;Yes;O: No Injury;784;December;0;Straight - Level;Piedmont;With Traffic;No Control Present;Sunday;Non-Intersection;17;1;Two-Way, Not Divided;2 lanes;0;No;ROCK QUARRY RD;Smooth Asphalt;CHELMSHIRE CT;No Special Feature;Motorist Overtaking Bicyclist;Local Street;B: Evident Injury;Wake;36;Clear;HURMAX LN;41-45 mph;40 - 45  MPH;2014;Dark - Roadway Not Lighted;30-39
36.5326651616, -80.7386282846;"{""type"": ""Point"", ""coordinates"": [-80.73862828456296, 36.53266516158078]}";White;None - Rural Crash;Travel Lane;2;16;Rural (<30% Developed);Male;Light Truck (Mini-Van, Panel);0;No;0;40001618;White;No;0;50-59;Motorist Overtaking - Undetected Bicyclist;None;No;#NULL!;Dry;0.1;Rural;Yes;12DEC2014;0;16:00;Male;#NULL!;Farms, Woods, Pastures;A: Disabling Injury;Yes;O: No Injury;785;December;0;Straight - Grade;Mountains;With Traffic;Double Yellow Line, No Passing Zone;Friday;Non-Intersection;51;1;Two-Way, Not Divided;2 lanes;1;Unknown;SR 1618;Coarse Asphalt;2404;No Special Feature;Motorist Overtaking Bicyclist;State Secondary Route;A: Disabling Injury;Surry;40;Clear;1672;41-45 mph;50 - 55  MPH;2014;Daylight;40-49
34.2252267664, -77.8662222975;"{""type"": ""Point"", ""coordinates"": [-77.86622229745814, 34.22522676636385]}";White;Wilmington;Sidewalk / Crosswalk / Driveway Crossing;2;15;Urban (>70% Developed);Male;Unknown;0;No;0;0;Unknown/Missing;No;0;16-19;Bicyclist Ride Out - Other Midblock;None;No;#NULL!;Dry;0.059;Urban;Yes;14NOV2014;1;15:59;Unknown;#NULL!;Institutional;Unknown Injury;No;Unknown Injury;790;November;0;Straight - Level;Coastal;Not Applicable;No Control Present;Friday;Non-Intersection;19;1;Two-Way, Not Divided;2 lanes;0;Missing;CAHILL DRIVE;Smooth Asphalt;#NULL!;No Special Feature;Bicyclist Failed to Yield - Midblock;Local Street;Unknown Injury;.;Unknown;Cloudy;WALTON DR;Unknown;Unknown;2014;Daylight;Unknown
35.3950039904, -78.8367526485;"{""type"": ""Point"", ""coordinates"": [-78.83675264850386, 35.39500399035688]}";Black;Lillington;Travel Lane;2;20;Rural (<30% Developed);Male;Pickup;0;Yes-Alcohol,  impairment suspected;1;0;White;No;0;50-59;Motorist Overtaking - Bicyclist Swerved;None;Yes;#NULL!;Dry;0;Rural;No;19DEC2014;0;20:15;Male;#NULL!;Residential;B: Evident Injury;No;O: No Injury;792;December;0;Straight - Level;Coastal;With Traffic;No Control Present;Friday;Intersection;50;1;Two-Way, Not Divided;2 lanes;0;No;SUMMERVILLE MAMMERS RD;Smooth Asphalt;OLD 421;No Special Feature;Motorist Overtaking Bicyclist;Local Street;B: Evident Injury;Harnett;27;Clear;W OLD RD;31-35 mph;30 - 35  MPH;2014;Dark - Roadway Not Lighted;25-29
35.8409340946, -78.5844225961;"{""type"": ""Point"", ""coordinates"": [-78.58442259613842, 35.84093409458107]}";White;Raleigh;Travel Lane;2;4;Urban (>70% Developed);Male;Unknown;0;No;0;0;Unknown/Missing;No;1;40-49;Motorist Turning Error - Left Turn;None;No;#NULL!;Wet;0.005;Urban;Yes;24DEC2014;0;4:17;Unknown;#NULL!;Residential;C: Possible Injury;No;Unknown Injury;808;December;0;Straight - Level;Piedmont;With Traffic;No Control Present;Wednesday;Intersection-Related;46;1;Two-Way, Not Divided;2 lanes;0;Missing;COMSTOCK RD;Smooth Asphalt;ROLLER CT;Four-Way Intersection;Loss of Control / Turning Error;Local Street;C: Possible Injury;Wake;Unknown;Rain;WATERBURY RD;11-15 mph;30 - 35  MPH;2014;Dark - Lighted Roadway;Unknown
34.7182229149, -76.6638219558;"{""type"": ""Point"", ""coordinates"": [-76.66382195582723, 34.71822291491197]}";White;None - Rural Crash;Travel Lane;2;17;Rural (<30% Developed);Male;Passenger Car;0;No;1;40001335;White;No;0;11-15;Motorist Overtaking - Undetected Bicyclist;None;No;#NULL!;Wet;0.056;Rural;No;29DEC2014;0;17:11;Female;#NULL!;Farms, Woods, Pastures;B: Evident Injury;No;O: No Injury;809;December;0;Curve - Level;Coastal;With Traffic;Double Yellow Line, No Passing Zone;Monday;Non-Intersection;14;1;Two-Way, Not Divided;2 lanes;0;Yes-Drugs, impairment suspected;SR 1335;Coarse Asphalt;1337;No Special Feature;Motorist Overtaking Bicyclist;State Secondary Route;B: Evident Injury;Carteret;33;Rain;1333;41-45 mph;50 - 55  MPH;2014;Dusk;30-39
36.064620098, -79.8159589803;"{""type"": ""Point"", ""coordinates"": [-79.81595898034584, 36.064620098039754]}";White;Greensboro;Bike Lane / Paved Shoulder;2;15;Urban (>70% Developed);Female;Passenger Car;0;No;0;50028840;White;No;1;20-24;Motorist Drive Out - Commercial Driveway / Alley;None;No;#NULL!;Dry;0.051;Urban;No;17DEC2014;0;15:39;Male;#NULL!;Commercial;C: Possible Injury;Yes;O: No Injury;811;December;0;Straight - Level;Piedmont;Facing Traffic;No Control Present;Wednesday;Non-Intersection;23;1;Two-Way, Not Divided;2 lanes;0;No;SPRING GARDEN ST;Smooth Asphalt;S AYCOCK ST;No Special Feature;Motorist Failed to Yield - Midblock;Local Street;C: Possible Injury;Guilford;21;Clear;MAYFLOWER DR;0-5 mph;30 - 35  MPH;2014;Daylight;20-24
34.6222368153, -79.0203926646;"{""type"": ""Point"", ""coordinates"": [-79.02039266460608, 34.62223681533397]}";Hispanic;Lumberton;Travel Lane;2;9;Urban (>70% Developed);Male;Unknown;0;Missing;0;30000072;Unknown/Missing;No;1;50-59;Crossing Paths - Intersection - Other / Unknown;None;No;#NULL!;Dry;0;Urban;Yes;03DEC2014;0;9:09;Unknown;#NULL!;Commercial;C: Possible Injury;No;Unknown Injury;816;December;0;Straight - Level;Coastal;With Traffic;No Control Present;Wednesday;Intersection;50;1;Two-Way, Not Divided;4 lanes;0;No;W 5TH ST/NC 72;Coarse Asphalt;JONES ST;T-Intersection;Crossing Paths - Other Circumstances;NC Route;B: Evident Injury;Robeson;Unknown;Clear;KING ST;0-5 mph;30 - 35  MPH;2014;Daylight;Unknown
34.1868867574, -77.8888123023;"{""type"": ""Point"", ""coordinates"": [-77.8888123023211, 34.18688675737229]}";White;Wilmington;Travel Lane;2;17;Urban (>70% Developed);Male;Passenger Car;0;No;0;0;White;No;1;25-29;Motorist Drive Out - Sign-Controlled Intersection;None;No;#NULL!;Dry;0;Urban;No;10DEC2014;0;17:45;Female;#NULL!;Residential;C: Possible Injury;No;O: No Injury;817;December;0;Straight - Level;Coastal;With Traffic;Stop Sign;Wednesday;Intersection;25;1;Two-Way, Not Divided;8 lanes;0;No;CHALMERS DR;Smooth Asphalt;EWELL DR;Four-Way Intersection;Motorist Failed to Yield - Sign-Controlled Intersection;Local Street;C: Possible Injury;New Hanover;55;Clear;PINE VALLEY DR;Unknown;20 - 25  MPH;2014;Dusk;50-59
36.0954011181, -79.4285928653;"{""type"": ""Point"", ""coordinates"": [-79.42859286533674, 36.09540111807578]}";Black;Burlington;Sidewalk / Crosswalk / Driveway Crossing;2;17;Urban (>70% Developed);Male;Light Truck (Mini-Van, Panel);1;No;0;0;Unknown/Missing;No;0;6-10;Bicyclist Overtaking - Parked Vehicle;None;No;#NULL!;Dry;0.033;Urban;No;13AUG2014;0;17:05;Unknown;#NULL!;Residential;O: No Injury;No;Unknown Injury;821;August;0;Straight - Level;Piedmont;With Traffic;No Control Present;Wednesday;Non-Intersection;8;1;Two-Way, Not Divided;2 lanes;0;Missing;RAINEY ST (600 BLK);Smooth Asphalt;GILMER ST;No Special Feature;Bicyclist Overtaking Motorist;Local Street;O: No Injury;Alamance;Unknown;Clear;S IRELAND ST (300 BLK);0-5 mph;30 - 35  MPH;2014;Daylight;Unknown
34.9521469055, -78.5128585283;"{""type"": ""Point"", ""coordinates"": [-78.51285852825487, 34.952146905507306]}";Black;Roseboro;Travel Lane;2;15;Urban (>70% Developed);Male;Passenger Car;0;No;1;30000242;White;No;0;6-10;Bicyclist Ride Through - Sign-Controlled Intersection;None;No;#NULL!;Dry;0.004;Rural;No;27DEC2014;0;15:43;Female;#NULL!;Residential;B: Evident Injury;Yes;O: No Injury;825;December;0;Straight - Level;Coastal;With Traffic;Stop Sign;Saturday;Intersection-Related;7;1;Two-Way, Not Divided;2 lanes;0;No;NC 242;Smooth Asphalt;NORTH BROAD STREET;T-Intersection;Bicyclist Failed to Yield - Sign-Controlled Intersection;NC Route;B: Evident Injury;Sampson;18;Clear;NORTH CHURCH STREET;11-15 mph;20 - 25  MPH;2014;Daylight;0-19
34.7237009137, -76.7196369732;"{""type"": ""Point"", ""coordinates"": [-76.71963697319836, 34.72370091370026]}";White;Morehead City;Travel Lane;2;21;Urban (>70% Developed);Male;Sport Utility;0;No;1;0;Black;No;0;16-19;Motorist Turning Error - Right Turn;None;No;#NULL!;Dry;0;Urban;No;17DEC2014;0;21:03;Female;#NULL!;Residential;B: Evident Injury;Yes;O: No Injury;831;December;0;Straight - Level;Coastal;Facing Traffic;Stop Sign;Wednesday;Intersection;19;1;Two-Way, Divided, Unprotected Median;2 lanes;0;No;FISHER ST;Smooth Asphalt;#NULL!;Four-Way Intersection;Loss of Control / Turning Error;Local Street;B: Evident Injury;Carteret;70+;Clear;N 13TH ST;0-5 mph;20 - 25  MPH;2014;Dark - Lighted Roadway;70+
34.2256667643, -77.9420523207;"{""type"": ""Point"", ""coordinates"": [-77.94205232069471, 34.2256667643248]}";White;Wilmington;Travel Lane;3;16;Urban (>70% Developed);Male;Van;0;No;0;20600076;White;No;0;25-29;Bicyclist Ride Through - Signalized Intersection;None;No;#NULL!;Dry;0;Urban;Yes;31DEC2014;0;16:46;Male;#NULL!;Residential;A: Disabling Injury;Yes;O: No Injury;836;December;0;Straight - Level;Coastal;Facing Traffic;No Control Present;Wednesday;Intersection;25;1;Two-Way, Divided, Unprotected Median;3 lanes;1;No;WOOSTER ST;Smooth Asphalt;DAWSON ST;No Special Feature;Bicyclist Failed to Yield - Signalized Intersection;Local Street;A: Disabling Injury;New Hanover;50;Clear;S 6TH AVE;6-10 mph;30 - 35  MPH;2014;Dusk;50-59
35.4170529321, -80.5907431765;"{""type"": ""Point"", ""coordinates"": [-80.59074317646517, 35.417052932095054]}";White;Concord;Travel Lane;2;22;Urban (>70% Developed);Male;Passenger Car;0;No;0;50004182;White;No;1;16-19;Motorist Right Turn - Same Direction;None;No;#NULL!;Dry;0;Urban;No;19SEP2014;0;22:43;Female;#NULL!;Residential;C: Possible Injury;No;O: No Injury;837;September;0;Straight - Level;Piedmont;With Traffic;No Control Present;Friday;Intersection;16;1;Two-Way, Divided, Unprotected Median;2 lanes;0;No;BUFFALO AVE;Smooth Asphalt;PEACHTREE AVE;No Special Feature;Motorist Right Turn / Merge;Local Street;C: Possible Injury;Cabarrus;24;Clear;LOCUST AVE;11-15 mph;30 - 35  MPH;2014;Dark - Lighted Roadway;20-24
35.3031369779, -78.6035865734;"{""type"": ""Point"", ""coordinates"": [-78.60358657339697, 35.30313697789857]}";Black;Dunn;Travel Lane;2;15;Mixed (30% To 70% Developed);Male;Passenger Car;0;No;0;20000421;White;No;1;11-15;Bicyclist Ride Through - Sign-Controlled Intersection;None;No;#NULL!;Wet;0;Urban;No;04FEB2014;0;15:28;Female;#NULL!;Commercial;C: Possible Injury;Yes;O: No Injury;841;February;0;Straight - Level;Coastal;With Traffic;No Control Present;Tuesday;Intersection;13;1;Two-Way, Not Divided;4 lanes;0;No;US 421;Coarse Asphalt;S SAMPSON AVE;No Special Feature;Bicyclist Failed to Yield - Sign-Controlled Intersection;US Route;C: Possible Injury;Harnett;32;Rain;S LITTLE AVE;Unknown;30 - 35  MPH;2014;Daylight;30-39
36.0559771005, -79.6831029391;"{""type"": ""Point"", ""coordinates"": [-79.68310293909205, 36.05597710049092]}";Black;Greensboro;Travel Lane;2;16;Urban (>70% Developed);Male;Passenger Car;0;#NULL!;0;0;White;No;0;11-15;Unknown Approach Paths;None;No;No;Dry;0;Urban;No;02JAN2013;0;16:40;Male;No;Commercial;C: Possible Injury;Yes;O: No Injury;853;January;0;Straight - Level;Piedmont;Not Applicable;No Control Present;Wednesday;Non-Intersection;12;0;Two-Way, Divided, Positive Median Barrier;9 or more lanes;0;#NULL!;I 85;Smooth Asphalt;#NULL!;No Special Feature;Other/Unknown - Insufficient Details;Interstate;C: Possible Injury;Guilford;60;Clear;#NULL!;66-70 mph;60 - 75 MPH;2013;Daylight;60-69
35.9211870622, -79.9528030138;"{""type"": ""Point"", ""coordinates"": [-79.95280301380143, 35.92118706224028]}";White;None - Rural Crash;Travel Lane;2;16;Rural (<30% Developed);Male;Sport Utility;0;#NULL!;0;0;White;No;0;60-69;Bicyclist Left Turn - Same Direction;None;Yes;Yes;Dry;0;Rural;No;03JAN2013;0;16:50;Male;No;Residential;A: Disabling Injury;Yes;O: No Injury;856;January;0;Straight - Level;Piedmont;With Traffic;Double Yellow Line, No Passing Zone;Thursday;Non-Intersection;61;0;Two-Way, Not Divided;2 lanes;0;#NULL!;NC 62;Smooth Asphalt;#NULL!;No Special Feature;Bicyclist Left Turn / Merge;NC Route;A: Disabling Injury;Guilford;37;Clear;#NULL!;31-35 mph;40 - 45  MPH;2013;Daylight;30-39
35.7882070799, -78.6698026184;"{""type"": ""Point"", ""coordinates"": [-78.6698026183662, 35.788207079944215]}";White;Raleigh;Bike Lane / Paved Shoulder;2;12;Urban (>70% Developed);Male;Sport Utility;0;#NULL!;0;0;Black;No;0;20-24;Motorist Left Turn - Opposite Direction;None;No;No;Dry;0;Urban;No;09JAN2013;0;12:44;Male;No;Commercial;O: No Injury;No;O: No Injury;858;January;0;Straight - Level;Piedmont;With Traffic;Stop And Go Signal;Wednesday;Intersection-Related;22;0;Two-Way, Divided, Unprotected Median;4 lanes;0;#NULL!;HILLSBOROUGH ST;Coarse Asphalt;#NULL!;No Special Feature;Motorist Left Turn / Merge;Local Street;O: No Injury;Wake;21;Clear;#NULL!;0-5 mph;30 - 35  MPH;2013;Daylight;20-24
34.2346967682, -77.8748023004;"{""type"": ""Point"", ""coordinates"": [-77.87480230040887, 34.23469676821132]}";White;Wilmington;Non-Roadway;2;16;Urban (>70% Developed);Male;Sport Utility;0;#NULL!;0;0;White;No;0;30-39;Non-Roadway;None;No;No;Wet;0;Urban;No;03JAN2013;0;16:36;Male;No;Commercial;C: Possible Injury;Yes;O: No Injury;874;January;0;Straight - Level;Coastal;Not Applicable;No Control Present;Thursday;Non-Roadway;36;0;Two-Way, Not Divided;2 lanes;0;#NULL!;PVA S COLLEGE RD;Concrete;#NULL!;No Special Feature;Non-Roadway;Public Vehicular Area;C: Possible Injury;New Hanover;70+;Cloudy;#NULL!;6-10 mph;5 - 15 MPH;2013;Daylight;70+
35.084266994, -76.7148019881;"{""type"": ""Point"", ""coordinates"": [-76.71480198809309, 35.08426699404052]}";Black;None - Rural Crash;Travel Lane;2;19;Rural (<30% Developed);Male;Pickup;0;#NULL!;0;0;White;No;0;40-49;Motorist Overtaking - Other / Unknown;None;No;No;Dry;0;Rural;No;21JAN2013;0;19:30;Male;No;Farms, Woods, Pastures;C: Possible Injury;Yes;O: No Injury;875;January;0;Straight - Level;Coastal;With Traffic;No Control Present;Monday;Non-Intersection;40;0;Two-Way, Not Divided;2 lanes;0;#NULL!;NC 55;Smooth Asphalt;#NULL!;No Special Feature;Motorist Overtaking Bicyclist;NC Route;C: Possible Injury;Pamlico;34;Clear;#NULL!;51-55 mph;50 - 55  MPH;2013;Dark - Roadway Not Lighted;30-39
35.9473470668, -79.9965030278;"{""type"": ""Point"", ""coordinates"": [-79.99650302779814, 35.947347066805634]}";Black;High Point;Travel Lane;2;21;Urban (>70% Developed);Male;Passenger Car;0;#NULL!;0;0;Black;No;0;11-15;Motorist Left Turn - Same Direction;None;No;No;Dry;0;Urban;No;08JAN2013;0;21:26;Female;No;Residential;C: Possible Injury;No;O: No Injury;880;January;0;Straight - Grade;Piedmont;Facing Traffic;No Control Present;Tuesday;Non-Intersection;12;0;Two-Way, Not Divided;2 lanes;0;#NULL!;SHARON RD;Coarse Asphalt;#NULL!;No Special Feature;Motorist Left Turn / Merge;Local Street;C: Possible Injury;Guilford;26;Clear;#NULL!;0-5 mph;30 - 35  MPH;2013;Daylight;25-29