Geo Point;Geo Shape;BikeRace;City;BikePos;NumUnits;CrashHour;Locality;BikeSex;DrvrVehTyp;NumBikesNo;BikeAlcDrg;NumBikesBI;RteInvdCd;DrvrRace;Workzone;NumBikesCi;BikeAgeGrp;CrashType;RdDefects;CrashAlcoh;BikeAlcoho;RdConditio;DstncMiFrm;RuralUrban;HitRun;CrashDate;NumBikesUI;CrashTime;DrvrSex;DrvrAlcoho;Developmen;CrashSevr;AmbulanceR;DrvrInjury;OBJECTID;CrashMonth;NumBikesKi;RdCharacte;Region;BikeDir;TraffCntrl;CrashDay;CrashLoc;BikeAge;NumBikesTo;RdConfig;NumLanes;NumBikesAI;DrvrAlcDrg;OnRoad;RdSurface;Towrd_Rd;RdFeature;CrashGrp;RdClass;BikeInjury;County;DrvrAge;Weather;FrmRd;DrvrEstSpd;SpeedLimit;CrashYear;LightCond;DrvrAgeGrp
34.6904768135, -79.5309028216;"{""type"": ""Point"", ""coordinates"": [-79.53090282156896, 34.69047681354322]}";Black;None - Rural Crash;Travel Lane;2;5;Rural (<30% Developed);Male;Pickup;0;#NULL!;0;0;White;No;0;40-49;Motorist Overtaking - Other / Unknown;None;No;No;Dry;0;Rural;No;17JAN2013;0;5:55;Male;No;Residential;B: Evident Injury;Yes;O: No Injury;883;January;0;Straight - Level;Coastal;With Traffic;No Control Present;Thursday;Non-Intersection;48;0;Two-Way, Not Divided;2 lanes;0;#NULL!;US 401;Coarse Asphalt;#NULL!;No Special Feature;Motorist Overtaking Bicyclist;US Route;B: Evident Injury;Scotland;67;Clear;#NULL!;51-55 mph;50 - 55  MPH;2013;Dark - Roadway Not Lighted;60-69
35.518926953, -80.5999031854;"{""type"": ""Point"", ""coordinates"": [-80.599903185398, 35.518926952984906]}";White;None - Rural Crash;Driveway / Alley;2;10;Mixed (30% To 70% Developed);Male;Passenger Car;0;#NULL!;0;0;White;No;0;11-15;Bicyclist Ride Out - Residential Driveway;None;No;No;Dry;0;Rural;No;04FEB2013;0;10:44;Female;No;Residential;C: Possible Injury;No;O: No Injury;884;February;0;Curve - Grade;Piedmont;Not Applicable;Double Yellow Line, No Passing Zone;Monday;Non-Intersection;15;0;Two-Way, Not Divided;2 lanes;0;#NULL!;SR 1322;Smooth Asphalt;#NULL!;No Special Feature;Bicyclist Failed to Yield - Midblock;State Secondary Route;C: Possible Injury;Rowan;70+;Clear;#NULL!;41-45 mph;50 - 55  MPH;2013;Daylight;70+
35.9557970681, -80.004003031;"{""type"": ""Point"", ""coordinates"": [-80.00400303097481, 35.95579706805434]}";Black;High Point;Travel Lane;2;18;Urban (>70% Developed);Male;Passenger Car;0;#NULL!;0;0;Hispanic;No;0;25-29;Bicyclist Ride Out - Other Midblock;None;No;No;Dry;0;Urban;No;28JAN2013;0;18:16;Female;No;Commercial;C: Possible Injury;Yes;O: No Injury;898;January;0;Straight - Level;Piedmont;Not Applicable;Stop And Go Signal;Monday;Non-Intersection;26;0;Two-Way, Divided, Unprotected Median;4 lanes;0;#NULL!;UNKNOWN;Coarse Asphalt;#NULL!;No Special Feature;Bicyclist Failed to Yield - Midblock;Local Street;C: Possible Injury;Guilford;40;Clear;#NULL!;11-15 mph;30 - 35  MPH;2013;Dark - Lighted Roadway;40-49
34.9953068434, -80.5423031402;"{""type"": ""Point"", ""coordinates"": [-80.54230314022014, 34.995306843441604]}";Black;Monroe;Travel Lane;2;10;Urban (>70% Developed);Male;Passenger Car;0;#NULL!;0;0;White;No;0;50-59;Crossing Paths - Uncontrolled Intersection;None;No;No;Dry;0;Urban;No;08JAN2013;0;10:30;Female;No;Commercial;C: Possible Injury;Yes;C: Possible Injury;901;January;0;Straight - Level;Piedmont;Facing Traffic;No Control Present;Tuesday;Intersection-Related;54;0;Two-Way, Divided, Unprotected Median;6 lanes;0;#NULL!;US 74;Smooth Asphalt;#NULL!;No Special Feature;Crossing Paths - Other Circumstances;US Route;O: No Injury;Union;22;Clear;#NULL!;6-10 mph;40 - 45  MPH;2013;Daylight;20-24
35.137336933, -78.8752026473;"{""type"": ""Point"", ""coordinates"": [-78.87520264728298, 35.1373369330452]}";Black;Fayetteville;Travel Lane;2;17;Urban (>70% Developed);Male;Passenger Car;0;#NULL!;0;0;White;No;0;50-59;Motorist Drive Out - Sign-Controlled Intersection;None;No;No;Dry;0;Urban;No;08FEB2013;0;17:10;Female;No;Commercial;C: Possible Injury;Yes;O: No Injury;904;February;0;Unknown;Coastal;Facing Traffic;Stop Sign;Friday;Intersection;56;0;Two-Way, Divided, Positive Median Barrier;4 lanes;0;#NULL!;US 401;Smooth Asphalt;#NULL!;No Special Feature;Motorist Failed to Yield - Sign-Controlled Intersection;missing;C: Possible Injury;Cumberland;62;Clear;#NULL!;0-5 mph;50 - 55  MPH;2013;Daylight;60-69
34.2510667724, -77.8553022957;"{""type"": ""Point"", ""coordinates"": [-77.8553022957038, 34.25106677241634]}";White;Wilmington;Travel Lane;2;20;Urban (>70% Developed);Male;Sport Utility;0;#NULL!;0;0;White;No;0;40-49;Motorist Overtaking - Bicyclist Swerved;None;Yes;Yes;Dry;0;Urban;Yes;02FEB2013;0;20:51;Female;No;Commercial;C: Possible Injury;No;O: No Injury;909;February;0;Straight - Level;Coastal;With Traffic;No Control Present;Saturday;Non-Intersection;45;0;Two-Way, Not Divided;7 lanes;0;#NULL!;MARKET ST;Smooth Asphalt;#NULL!;No Special Feature;Motorist Overtaking Bicyclist;Local Street;C: Possible Injury;New Hanover;47;Clear;#NULL!;41-45 mph;40 - 45  MPH;2013;Dark - Unknown Lighting;40-49
35.2018268758, -80.8656032477;"{""type"": ""Point"", ""coordinates"": [-80.86560324766712, 35.20182687582671]}";White;Charlotte;Sidewalk / Crosswalk / Driveway Crossing;2;8;Urban (>70% Developed);Male;Passenger Car;0;#NULL!;0;0;White;No;0;50-59;Motorist Drive Out - Commercial Driveway / Alley;None;No;No;Dry;0;Urban;No;20FEB2013;0;8:20;Female;No;Commercial;C: Possible Injury;Yes;O: No Injury;910;February;0;Straight - Level;Piedmont;Facing Traffic;No Control Present;Wednesday;Non-Intersection;59;0;Two-Way, Not Divided;4 lanes;0;#NULL!;SOUTH BV;Coarse Asphalt;#NULL!;Driveway, Public;Motorist Failed to Yield - Midblock;Public Vehicular Area;C: Possible Injury;Mecklenburg;55;Clear;#NULL!;Unknown;30 - 35  MPH;2013;Daylight;50-59
35.8439970939, -78.6142026047;"{""type"": ""Point"", ""coordinates"": [-78.61420260467409, 35.84399709391628]}";Hispanic;Raleigh;Sidewalk / Crosswalk / Driveway Crossing;2;17;Urban (>70% Developed);Male;Sport Utility;0;#NULL!;0;0;White;No;0;25-29;Motorist Drive Out - Signalized Intersection;None;No;No;Wet;0;Urban;No;19FEB2013;0;17:57;Male;No;Commercial;O: No Injury;Yes;O: No Injury;912;February;0;Straight - Level;Piedmont;Facing Traffic;Stop And Go Signal;Tuesday;Intersection;26;0;Two-Way, Not Divided;2 lanes;0;#NULL!;BLAND RD;Smooth Asphalt;#NULL!;No Special Feature;Motorist Failed to Yield - Signalized Intersection;Local Street;O: No Injury;Wake;47;Cloudy;#NULL!;0-5 mph;30 - 35  MPH;2013;Dusk;40-49
35.2760070071, -77.585702263;"{""type"": ""Point"", ""coordinates"": [-77.58570226301723, 35.276007007066355]}";Black;Kinston;Travel Lane;2;16;Urban (>70% Developed);Male;Passenger Car;0;#NULL!;0;0;White;No;0;16-19;Bicyclist Right Turn - Same Direction;None;No;No;Dry;0;Urban;No;04MAR2013;0;16:27;Male;No;Residential;C: Possible Injury;Yes;O: No Injury;927;March;0;Straight - Level;Coastal;With Traffic;No Control Present;Monday;Non-Intersection;17;0;Two-Way, Not Divided;2 lanes;0;#NULL!;HIGHLAND AVE;Smooth Asphalt;#NULL!;Driveway, Private;Bicyclist Right Turn / Merge;Local Street;C: Possible Injury;Lenoir;61;Clear;#NULL!;21-25 mph;20 - 25  MPH;2013;Daylight;60-69
35.1084969881, -77.0441020902;"{""type"": ""Point"", ""coordinates"": [-77.04410209020531, 35.10849698806744]}";Asian;New Bern;Travel Lane;2;15;Urban (>70% Developed);Male;Pickup;0;#NULL!;0;0;Black;No;0;11-15;Motorist Overtaking - Bicyclist Swerved;None;No;No;Dry;0;Urban;No;01MAR2013;0;15:53;Male;No;Residential;B: Evident Injury;Yes;O: No Injury;931;March;0;Straight - Level;Coastal;With Traffic;No Control Present;Friday;Non-Intersection;11;0;Two-Way, Not Divided;4 lanes;0;#NULL!;NC 55;Smooth Asphalt;#NULL!;No Special Feature;Motorist Overtaking Bicyclist;NC Route;B: Evident Injury;Craven;35;Cloudy;#NULL!;36-40 mph;40 - 45  MPH;2013;Daylight;30-39
35.9073940943, -78.9819667192;"{""type"": ""Point"", ""coordinates"": [-78.98196671916098, 35.90739409433066]}";Black;Durham;Travel Lane;2;16;Urban (>70% Developed);Female;Passenger Car;0;#NULL!;0;0;White;No;0;11-15;Non-Roadway;None;No;No;Dry;0;Urban;No;22OCT2010;0;16:47;Female;No;Residential;B: Evident Injury;No;O: No Injury;4468;October;0;Straight - Level;Piedmont;Not Applicable;No Control Present;Friday;Non-Roadway;11;0;Two-Way, Not Divided;Unknown;0;#NULL!;#NULL!;Smooth Asphalt;#NULL!;No Special Feature;Non-Roadway;Public Vehicular Area;B: Evident Injury;Durham;24;Clear;#NULL!;11-15 mph;5 - 15 MPH;2010;Daylight;20-24
36.0990711046, -79.8194379827;"{""type"": ""Point"", ""coordinates"": [-79.8194379827265, 36.09907110464192]}";Black;Greensboro;Sidewalk / Crosswalk / Driveway Crossing;2;15;Urban (>70% Developed);Male;Unknown;0;#NULL!;0;0;Unknown/Missing;No;0;20-24;Motorist Right Turn - Same Direction;None;No;No;Dry;0;Urban;Yes;20OCT2010;0;15:28;Unknown;Missing;Residential;B: Evident Injury;No;Unknown Injury;4473;October;0;Straight - Level;Piedmont;With Traffic;Stop Sign;Wednesday;Intersection;21;0;Two-Way, Not Divided;2 lanes;0;#NULL!;#NULL!;Smooth Asphalt;#NULL!;T-Intersection;Motorist Right Turn / Merge;Local Street;B: Evident Injury;Guilford;Unknown;Clear;#NULL!;Unknown;30 - 35  MPH;2010;Daylight;Unknown
35.9418600649, -80.0043230302;"{""type"": ""Point"", ""coordinates"": [-80.0043230302098, 35.941860064892616]}";Black;High Point;Travel Lane;2;17;Urban (>70% Developed);Male;Unknown;0;#NULL!;0;0;Unknown/Missing;No;0;16-19;Motorist Overtaking - Other / Unknown;None;No;No;Dry;0;Urban;Yes;22OCT2010;0;17:30;Unknown;Missing;Residential;B: Evident Injury;Yes;Unknown Injury;4477;October;0;Straight - Level;Piedmont;With Traffic;No Control Present;Friday;Non-Intersection;18;0;Two-Way, Not Divided;5 lanes;0;#NULL!;#NULL!;Coarse Asphalt;#NULL!;No Special Feature;Motorist Overtaking Bicyclist;Local Street;B: Evident Injury;Guilford;Unknown;Clear;#NULL!;31-35 mph;30 - 35  MPH;2010;Dusk;Unknown
34.7100818234, -79.3513127679;"{""type"": ""Point"", ""coordinates"": [-79.35131276789136, 34.710081823446686]}";Black;None - Rural Crash;Travel Lane;2;21;Rural (<30% Developed);Male;Pickup;0;#NULL!;0;0;Native American;No;0;20-24;Head-On - Bicyclist;None;No;No;Dry;0;Rural;No;26OCT2010;0;21:32;Male;No;Farms, Woods, Pastures;C: Possible Injury;Yes;O: No Injury;4479;October;0;Straight - Level;Coastal;Facing Traffic;Double Yellow Line, No Passing Zone;Tuesday;Non-Intersection;22;0;Two-Way, Not Divided;2 lanes;0;#NULL!;#NULL!;Coarse Asphalt;#NULL!;No Special Feature;Head-On;NC Route;C: Possible Injury;Robeson;53;Clear;#NULL!;51-55 mph;50 - 55  MPH;2010;Dark - Roadway Not Lighted;50-59
36.1628831851, -77.9758784273;"{""type"": ""Point"", ""coordinates"": [-77.97587842729092, 36.162883185133204]}";White;None - Rural Crash;Travel Lane;2;17;Rural (<30% Developed);Male;Passenger Car;0;#NULL!;0;0;Black;No;0;50-59;Motorist Overtaking - Other / Unknown;None;No;No;Dry;0;Rural;No;29OCT2010;0;17:15;Male;No;Farms, Woods, Pastures;K: Killed;Yes;O: No Injury;4486;October;0;Curve - Grade;Coastal;With Traffic;Double Yellow Line, No Passing Zone;Friday;Non-Intersection;56;0;Two-Way, Not Divided;2 lanes;0;#NULL!;#NULL!;Coarse Asphalt;#NULL!;No Special Feature;Motorist Overtaking Bicyclist;State Secondary Route;K: Killed;Nash;21;Clear;#NULL!;51-55 mph;50 - 55  MPH;2010;Daylight;20-24
35.2652668777, -81.1976273495;"{""type"": ""Point"", ""coordinates"": [-81.19762734952909, 35.26526687767048]}";Black;Gastonia;Sidewalk / Crosswalk / Driveway Crossing;2;13;Urban (>70% Developed);Male;Passenger Car;0;#NULL!;0;0;Black;No;0;20-24;Motorist Drive Out - Signalized Intersection;None;No;No;Dry;0;Urban;No;16OCT2010;0;13:15;Male;No;Commercial;C: Possible Injury;Yes;O: No Injury;4491;October;0;Straight - Grade;Piedmont;Facing Traffic;Stop And Go Signal;Saturday;Intersection;20;0;Two-Way, Not Divided;3 lanes;0;#NULL!;#NULL!;Smooth Asphalt;#NULL!;Four-Way Intersection;Motorist Failed to Yield - Signalized Intersection;NC Route;C: Possible Injury;Gaston;49;Clear;#NULL!;0-5 mph;30 - 35  MPH;2010;Daylight;40-49
35.9118110932, -79.0620377441;"{""type"": ""Point"", ""coordinates"": [-79.06203774407223, 35.91181109318083]}";White;Chapel Hill;Travel Lane;2;23;Urban (>70% Developed);Male;Passenger Car;0;#NULL!;0;0;White;No;0;20-24;Motorist Drive Out - Commercial Driveway / Alley;None;No;No;Dry;0;Urban;No;28OCT2010;0;23:50;Male;No;Commercial;B: Evident Injury;Yes;O: No Injury;4492;October;0;Straight - Grade;Piedmont;Facing Traffic;No Control Present;Thursday;Non-Intersection;21;0;Two-Way, Not Divided;4 lanes;0;#NULL!;#NULL!;Smooth Asphalt;#NULL!;No Special Feature;Motorist Failed to Yield - Midblock;Local Street;B: Evident Injury;Orange;23;Clear;#NULL!;0-5 mph;20 - 25  MPH;2010;Dark - Lighted Roadway;20-24
36.0878371018, -79.8330529862;"{""type"": ""Point"", ""coordinates"": [-79.83305298623957, 36.08783710176088]}";White;Greensboro;Travel Lane;2;19;Urban (>70% Developed);Female;Passenger Car;0;#NULL!;0;0;Unknown/Missing;No;0;20-24;Motorist Right Turn - Same Direction;None;No;No;Dry;0;Urban;Yes;28OCT2010;0;19:27;Unknown;Missing;Commercial;C: Possible Injury;No;Unknown Injury;4493;October;0;Straight - Hillcrest;Piedmont;With Traffic;Flashing Stop And Go Signal;Thursday;Intersection;23;0;Two-Way, Not Divided;Unknown;0;#NULL!;#NULL!;Smooth Asphalt;#NULL!;No Special Feature;Motorist Right Turn / Merge;Local Street;C: Possible Injury;Guilford;Unknown;Clear;#NULL!;Unknown;30 - 35  MPH;2010;Daylight;Unknown
36.0428840921, -79.8425729874;"{""type"": ""Point"", ""coordinates"": [-79.84257298739396, 36.04288409208655]}";White;Greensboro;Sidewalk / Crosswalk / Driveway Crossing;2;8;Urban (>70% Developed);Male;Passenger Car;0;#NULL!;0;0;White;No;0;25-29;Bicyclist Ride Through - Signalized Intersection;None;No;No;Dry;0;Urban;No;28OCT2010;0;8:22;Male;No;Commercial;C: Possible Injury;Yes;O: No Injury;4494;October;0;Straight - Level;Piedmont;Facing Traffic;Stop And Go Signal;Thursday;Intersection;26;0;Two-Way, Not Divided;5 lanes;0;#NULL!;#NULL!;Smooth Asphalt;#NULL!;Four-Way Intersection;Bicyclist Failed to Yield - Signalized Intersection;Local Street;C: Possible Injury;Guilford;37;Cloudy;#NULL!;0-5 mph;30 - 35  MPH;2010;Daylight;30-39
35.738357096, -77.9112323862;"{""type"": ""Point"", ""coordinates"": [-77.91123238616528, 35.738357096020444]}";Black;Wilson;Travel Lane;2;15;Urban (>70% Developed);Male;Sport Utility;0;#NULL!;0;0;White;No;0;40-49;Bicyclist Ride Out - Other Midblock;None;No;No;Dry;0;Urban;No;15OCT2010;0;15:49;Female;No;Residential;O: No Injury;No;Unknown Injury;4495;October;0;Straight - Level;Coastal;Not Applicable;No Control Present;Friday;Non-Intersection;45;0;Two-Way, Not Divided;3 lanes;0;#NULL!;#NULL!;Coarse Asphalt;#NULL!;No Special Feature;Bicyclist Failed to Yield - Midblock;Local Street;O: No Injury;Wilson;32;Clear;#NULL!;Unknown;30 - 35  MPH;2010;Daylight;30-39
36.3655012064, -78.5915126256;"{""type"": ""Point"", ""coordinates"": [-78.59151262562756, 36.36550120636275]}";Black;None - Rural Crash;Travel Lane;2;7;Rural (<30% Developed);Male;Pickup;0;#NULL!;0;0;White;No;0;40-49;Motorist Overtaking - Misjudged Space;None;No;No;Wet;0;Rural;No;28OCT2010;0;7:20;Male;No;Farms, Woods, Pastures;C: Possible Injury;Yes;O: No Injury;4501;October;0;Curve - Grade;Piedmont;With Traffic;Double Yellow Line, No Passing Zone;Thursday;Non-Intersection;41;0;Two-Way, Not Divided;2 lanes;0;#NULL!;#NULL!;Coarse Asphalt;#NULL!;No Special Feature;Motorist Overtaking Bicyclist;US Route;C: Possible Injury;Granville;70+;Cloudy;#NULL!;31-35 mph;50 - 55  MPH;2010;Daylight;70+
35.7841270782, -78.6953326261;"{""type"": ""Point"", ""coordinates"": [-78.69533262610085, 35.78412707815599]}";Black;Raleigh;Sidewalk / Crosswalk / Driveway Crossing;2;19;Urban (>70% Developed);Male;Sport Utility;0;#NULL!;0;0;White;No;0;50-59;Motorist Drive Out - Sign-Controlled Intersection;None;No;No;Dry;0;Urban;No;07OCT2010;0;19:53;Male;No;Commercial;C: Possible Injury;Yes;O: No Injury;4507;October;0;Straight - Level;Piedmont;Facing Traffic;Stop Sign;Thursday;Intersection;51;0;Two-Way, Divided, Unprotected Median;2 lanes;0;#NULL!;#NULL!;Smooth Asphalt;#NULL!;T-Intersection;Motorist Failed to Yield - Sign-Controlled Intersection;Local Street;C: Possible Injury;Wake;28;Clear;#NULL!;0-5 mph;30 - 35  MPH;2010;Dark - Lighted Roadway;25-29
35.432323013, -78.4101425214;"{""type"": ""Point"", ""coordinates"": [-78.41014252139297, 35.4323230129765]}";White;None - Rural Crash;Travel Lane;2;18;Rural (<30% Developed);Male;Passenger Car;0;#NULL!;0;0;White;No;0;16-19;Motorist Overtaking - Other / Unknown;None;No;No;Dry;0;Rural;No;12NOV2010;0;18:25;Female;No;Farms, Woods, Pastures;B: Evident Injury;Yes;O: No Injury;4520;November;0;Straight - Level;Coastal;With Traffic;Double Yellow Line, No Passing Zone;Friday;Non-Intersection;17;0;Two-Way, Not Divided;2 lanes;0;#NULL!;#NULL!;Coarse Asphalt;#NULL!;No Special Feature;Motorist Overtaking Bicyclist;NC Route;B: Evident Injury;Johnston;37;Clear;#NULL!;41-45 mph;50 - 55  MPH;2010;Dark - Roadway Not Lighted;30-39
35.5190350352, -78.315922497;"{""type"": ""Point"", ""coordinates"": [-78.31592249699099, 35.51903503523567]}";Black;Smithfield;Sidewalk / Crosswalk / Driveway Crossing;2;15;Urban (>70% Developed);Male;Unknown;0;#NULL!;0;0;Unknown/Missing;No;0;60-69;Motorist Drive Out - Commercial Driveway / Alley;None;No;No;Dry;0;Urban;Yes;01NOV2010;0;15:41;Unknown;Missing;Commercial;O: No Injury;No;Unknown Injury;4523;November;0;Straight - Level;Coastal;Facing Traffic;No Control Present;Monday;Non-Intersection;65;0;One-Way, Not Divided;Unknown;0;#NULL!;#NULL!;Coarse Asphalt;#NULL!;Driveway, Public;Motorist Failed to Yield - Midblock;Public Vehicular Area;O: No Injury;Johnston;Unknown;Clear;#NULL!;0-5 mph;Unknown;2010;Daylight;Unknown
34.4935028196, -78.0542123667;"{""type"": ""Point"", ""coordinates"": [-78.05421236671793, 34.493502819644476]}";White;None - Rural Crash;Travel Lane;2;12;Rural (<30% Developed);Male;Pickup;0;#NULL!;0;0;White;No;0;40-49;Motorist Overtaking - Other / Unknown;None;No;No;Dry;0;Rural;No;13NOV2010;0;12:40;Male;No;Farms, Woods, Pastures;A: Disabling Injury;Yes;O: No Injury;4527;November;0;Straight - Level;Coastal;With Traffic;Double Yellow Line, No Passing Zone;Saturday;Non-Intersection;40;0;Two-Way, Not Divided;2 lanes;0;#NULL!;#NULL!;Coarse Asphalt;#NULL!;No Special Feature;Motorist Overtaking Bicyclist;US Route;A: Disabling Injury;Pender;30;Clear;#NULL!;46-50 mph;50 - 55  MPH;2010;Daylight;30-39
36.0270651558, -77.9642824166;"{""type"": ""Point"", ""coordinates"": [-77.96428241664086, 36.027065155795455]}";Black;None - Rural Crash;Travel Lane;2;13;Rural (<30% Developed);Male;Light Truck (Mini-Van, Panel);0;#NULL!;0;0;Black;No;0;50-59;Motorist Overtaking - Other / Unknown;None;No;No;Dry;0;Rural;No;19NOV2010;0;13:58;Female;No;Farms, Woods, Pastures;K: Killed;Yes;O: No Injury;4532;November;0;Straight - Level;Coastal;With Traffic;No Control Present;Friday;Non-Intersection;55;0;Two-Way, Not Divided;2 lanes;0;#NULL!;#NULL!;Coarse Asphalt;#NULL!;No Special Feature;Motorist Overtaking Bicyclist;State Secondary Route;K: Killed;Nash;32;Clear;#NULL!;41-45 mph;40 - 45  MPH;2010;Daylight;30-39
35.7885010791, -78.7109026313;"{""type"": ""Point"", ""coordinates"": [-78.710902631341, 35.78850107912816]}";Other;Raleigh;Travel Lane;2;17;Urban (>70% Developed);Female;Unknown;0;#NULL!;0;0;Unknown/Missing;No;0;0-5;Backing Vehicle;None;No;No;Dry;0;Urban;Yes;01NOV2010;0;17:30;Unknown;Missing;Residential;B: Evident Injury;No;Unknown Injury;4533;November;0;Straight - Level;Piedmont;Unknown;No Control Present;Monday;Non-Intersection;2;0;Two-Way, Not Divided;2 lanes;0;#NULL!;#NULL!;Smooth Asphalt;#NULL!;Other;Backing Vehicle;Local Street;B: Evident Injury;Wake;Unknown;Clear;#NULL!;0-5 mph;30 - 35  MPH;2010;Daylight;Unknown
35.7919990812, -78.6621886168;"{""type"": ""Point"", ""coordinates"": [-78.66218861676931, 35.79199908120356]}";White;Raleigh;Travel Lane;2;16;Urban (>70% Developed);Female;Passenger Car;0;#NULL!;0;0;White;No;0;20-24;Motorist Drive Out - Commercial Driveway / Alley;None;No;No;Dry;0;Urban;No;29OCT2010;0;16:45;Female;No;Commercial;O: No Injury;No;O: No Injury;4535;October;0;Straight - Grade;Piedmont;With Traffic;No Control Present;Friday;Non-Intersection;23;0;Two-Way, Not Divided;2 lanes;0;#NULL!;#NULL!;Smooth Asphalt;#NULL!;No Special Feature;Motorist Failed to Yield - Midblock;Local Street;O: No Injury;Wake;68;Clear;#NULL!;0-5 mph;5 - 15 MPH;2010;Daylight;60-69
34.7760308341, -79.468122807;"{""type"": ""Point"", ""coordinates"": [-79.46812280697708, 34.776030834069815]}";White;Laurinburg;Travel Lane;2;11;Urban (>70% Developed);Male;Unknown;0;#NULL!;0;0;Unknown/Missing;No;0;40-49;Motorist Drive Out - Sign-Controlled Intersection;None;No;No;Dry;0;Urban;Yes;11NOV2010;0;11:08;Unknown;Missing;Residential;C: Possible Injury;No;Unknown Injury;4542;November;0;Straight - Grade;Coastal;Facing Traffic;Stop Sign;Thursday;Intersection;42;0;Two-Way, Not Divided;2 lanes;0;#NULL!;#NULL!;Coarse Asphalt;#NULL!;No Special Feature;Motorist Failed to Yield - Sign-Controlled Intersection;US Route;C: Possible Injury;Scotland;Unknown;Clear;#NULL!;0-5 mph;30 - 35  MPH;2010;Daylight;Unknown
35.4392430433, -77.5587022632;"{""type"": ""Point"", ""coordinates"": [-77.55870226315501, 35.43924304328319]}";Black;None - Rural Crash;Travel Lane;2;21;Rural (<30% Developed);Male;Sport Utility;0;#NULL!;0;0;White;No;0;50-59;Motorist Overtaking - Other / Unknown;None;Yes;Yes;Dry;0;Rural;No;23NOV2010;0;21:29;Female;No;Farms, Woods, Pastures;B: Evident Injury;Yes;O: No Injury;4548;November;0;Straight - Level;Coastal;With Traffic;No Control Present;Tuesday;Non-Intersection;55;0;Two-Way, Not Divided;2 lanes;0;#NULL!;#NULL!;Smooth Asphalt;#NULL!;No Special Feature;Motorist Overtaking Bicyclist;State Secondary Route;B: Evident Injury;Greene;20;Clear;#NULL!;51-55 mph;50 - 55  MPH;2010;Dark - Roadway Not Lighted;20-24
35.7219270704, -78.5542325796;"{""type"": ""Point"", ""coordinates"": [-78.55423257964667, 35.72192707044429]}";White;None - Rural Crash;Travel Lane;2;16;Mixed (30% To 70% Developed);Male;Passenger Car;0;#NULL!;0;0;Black;No;0;11-15;Motorist Overtaking - Misjudged Space;None;No;No;Dry;0;Rural;No;27NOV2010;0;16:38;Female;No;Residential;B: Evident Injury;Yes;O: No Injury;4551;November;0;Straight - Grade;Piedmont;With Traffic;No Control Present;Saturday;Non-Intersection;13;0;Two-Way, Not Divided;2 lanes;0;#NULL!;#NULL!;Smooth Asphalt;#NULL!;No Special Feature;Motorist Overtaking Bicyclist;State Secondary Route;B: Evident Injury;Wake;32;Clear;#NULL!;26-30 mph;30 - 35  MPH;2010;Daylight;30-39
35.8428030916, -78.6790426249;"{""type"": ""Point"", ""coordinates"": [-78.67904262487805, 35.842803091578695]}";White;Raleigh;Travel Lane;2;1;Urban (>70% Developed);Male;Passenger Car;0;#NULL!;0;0;Other;No;0;16-19;Bicyclist Ride Out - Commercial Driveway / Alley;None;No;No;Dry;0;Urban;No;24OCT2010;0;1:52;Female;No;Commercial;B: Evident Injury;Yes;O: No Injury;4556;October;0;Straight - Level;Piedmont;Facing Traffic;No Control Present;Sunday;Non-Intersection;17;0;Two-Way, Not Divided;2 lanes;0;#NULL!;#NULL!;Smooth Asphalt;#NULL!;No Special Feature;Bicyclist Failed to Yield - Midblock;Local Street;B: Evident Injury;Wake;27;Clear;#NULL!;16-20 mph;30 - 35  MPH;2010;Dark - Lighted Roadway;25-29
35.5765598897, -82.6092487857;"{""type"": ""Point"", ""coordinates"": [-82.60924878571463, 35.57655988972555]}";White;Asheville;Travel Lane;2;17;Urban (>70% Developed);Male;Sport Utility;0;#NULL!;0;0;Black;No;0;40-49;Motorist Drive Out - Sign-Controlled Intersection;None;No;No;Dry;0;Urban;No;12NOV2010;0;17:20;Female;No;Residential;B: Evident Injury;No;O: No Injury;4558;November;0;Curve - Grade;Mountains;With Traffic;Stop Sign;Friday;Intersection;47;0;Two-Way, Divided, Unprotected Median;2 lanes;0;#NULL!;#NULL!;Smooth Asphalt;#NULL!;Related To Intersection;Motorist Failed to Yield - Sign-Controlled Intersection;Local Street;B: Evident Injury;Buncombe;35;Clear;#NULL!;6-10 mph;30 - 35  MPH;2010;Dusk;30-39
35.201338876, -80.8730332492;"{""type"": ""Point"", ""coordinates"": [-80.87303324918463, 35.20133887600613]}";Black;Charlotte;Travel Lane;2;14;Rural (<30% Developed);Male;Pickup;0;#NULL!;0;0;White;No;0;50-59;Motorist Intentionally Caused;None;No;No;Dry;0;Urban;No;17NOV2010;0;14:35;Male;No;Commercial;B: Evident Injury;No;O: No Injury;4561;November;0;Straight - Level;Piedmont;Not Applicable;No Control Present;Wednesday;Non-Intersection;53;0;Two-Way, Divided, Unprotected Median;4 lanes;0;#NULL!;#NULL!;Smooth Asphalt;#NULL!;No Special Feature;Other / Unusual Circumstances;Local Street;B: Evident Injury;Mecklenburg;42;Clear;#NULL!;16-20 mph;30 - 35  MPH;2010;Daylight;40-49