Geo Point;Geo Shape;BikeRace;City;BikePos;NumUnits;CrashHour;Locality;BikeSex;DrvrVehTyp;NumBikesNo;BikeAlcDrg;NumBikesBI;RteInvdCd;DrvrRace;Workzone;NumBikesCi;BikeAgeGrp;CrashType;RdDefects;CrashAlcoh;BikeAlcoho;RdConditio;DstncMiFrm;RuralUrban;HitRun;CrashDate;NumBikesUI;CrashTime;DrvrSex;DrvrAlcoho;Developmen;CrashSevr;AmbulanceR;DrvrInjury;OBJECTID;CrashMonth;NumBikesKi;RdCharacte;Region;BikeDir;TraffCntrl;CrashDay;CrashLoc;BikeAge;NumBikesTo;RdConfig;NumLanes;NumBikesAI;DrvrAlcDrg;OnRoad;RdSurface;Towrd_Rd;RdFeature;CrashGrp;RdClass;BikeInjury;County;DrvrAge;Weather;FrmRd;DrvrEstSpd;SpeedLimit;CrashYear;LightCond;DrvrAgeGrp
35.9173730985, -78.9309827052;"{""type"": ""Point"", ""coordinates"": [-78.93098270515215, 35.917373098482436]}";White;Durham;Sidewalk / Crosswalk / Driveway Crossing;2;11;Urban (>70% Developed);Male;Passenger Car;0;#NULL!;0;0;Unknown/Missing;No;0;20-24;Crossing Paths - Intersection - Other / Unknown;None;No;No;Dry;0;Urban;Yes;29NOV2010;0;11:00;Unknown;No;Residential;C: Possible Injury;No;Unknown Injury;4563;November;0;Straight - Level;Piedmont;Facing Traffic;No Control Present;Monday;Intersection;20;0;Two-Way, Not Divided;1 lane;0;#NULL!;#NULL!;Smooth Asphalt;#NULL!;No Special Feature;Crossing Paths - Other Circumstances;Local Street;C: Possible Injury;Durham;Unknown;Clear;#NULL!;6-10 mph;5 - 15 MPH;2010;Daylight;Unknown
35.2638848894, -80.8546432473;"{""type"": ""Point"", ""coordinates"": [-80.85464324727855, 35.263884889359645]}";Black;Charlotte;Travel Lane;2;17;Urban (>70% Developed);Male;Passenger Car;0;#NULL!;0;0;Black;No;0;50-59;Non-Roadway;None;No;No;Dry;0;Urban;No;21NOV2010;0;17:19;Male;No;Commercial;B: Evident Injury;No;O: No Injury;4565;November;0;Straight - Level;Piedmont;Not Applicable;No Control Present;Sunday;Non-Roadway;51;0;Two-Way, Divided, Unprotected Median;2 lanes;0;#NULL!;#NULL!;Smooth Asphalt;#NULL!;No Special Feature;Non-Roadway;Public Vehicular Area;B: Evident Injury;Mecklenburg;36;Clear;#NULL!;0-5 mph;5 - 15 MPH;2010;Dark - Lighted Roadway;30-39
36.0832970841, -80.2952331254;"{""type"": ""Point"", ""coordinates"": [-80.29523312541869, 36.083297084127786]}";Black;Winston-Salem;Travel Lane;2;7;Urban (>70% Developed);Male;Passenger Car;0;#NULL!;0;0;Black;No;0;40-49;Motorist Drive Out - Signalized Intersection;None;No;No;Dry;0;Urban;No;17NOV2010;0;7:32;Male;No;Commercial;C: Possible Injury;Yes;O: No Injury;4568;November;0;Straight - Level;Piedmont;With Traffic;Stop And Go Signal;Wednesday;Intersection;45;0;Two-Way, Not Divided;4 lanes;0;#NULL!;#NULL!;Smooth Asphalt;#NULL!;Four-Way Intersection;Motorist Failed to Yield - Signalized Intersection;Local Street;C: Possible Injury;Forsyth;70+;Clear;#NULL!;0-5 mph;20 - 25  MPH;2010;Daylight;70+
35.7696300758, -78.6904926237;"{""type"": ""Point"", ""coordinates"": [-78.69049262366562, 35.76963007583915]}";White;Raleigh;Sidewalk / Crosswalk / Driveway Crossing;2;11;Urban (>70% Developed);Male;Passenger Car;0;#NULL!;0;0;White;No;0;20-24;Motorist Drive Out - Commercial Driveway / Alley;None;No;No;Dry;0;Urban;No;23NOV2010;0;11:57;Male;No;Residential;O: No Injury;No;O: No Injury;4577;November;0;Straight - Level;Piedmont;Facing Traffic;No Control Present;Tuesday;Non-Intersection;21;0;Two-Way, Not Divided;4 lanes;0;#NULL!;#NULL!;Coarse Asphalt;#NULL!;No Special Feature;Motorist Failed to Yield - Midblock;Local Street;O: No Injury;Wake;24;Clear;#NULL!;0-5 mph;5 - 15 MPH;2010;Daylight;20-24
35.4781220572, -77.4097622193;"{""type"": ""Point"", ""coordinates"": [-77.40976221928702, 35.47812205718426]}";Black;Ayden;Travel Lane;2;17;Urban (>70% Developed);Male;Pickup;0;#NULL!;0;0;White;No;0;6-10;Motorist Overtaking - Bicyclist Swerved;None;No;No;Dry;0;Rural;No;15OCT2010;0;17:15;Male;No;Residential;C: Possible Injury;No;O: No Injury;4580;October;0;Straight - Level;Coastal;With Traffic;No Control Present;Friday;Intersection;8;0;Two-Way, Not Divided;2 lanes;0;#NULL!;#NULL!;Smooth Asphalt;#NULL!;No Special Feature;Motorist Overtaking Bicyclist;Local Street;C: Possible Injury;Pitt;31;Clear;#NULL!;21-25 mph;30 - 35  MPH;2010;Daylight;30-39
35.9426490648, -80.0125080329;"{""type"": ""Point"", ""coordinates"": [-80.01250803287348, 35.942649064756594]}";Black;High Point;Travel Lane;2;23;Urban (>70% Developed);Male;Passenger Car;0;#NULL!;0;0;White;No;0;40-49;Crossing Paths - Intersection - Other / Unknown;None;Yes;Yes;Dry;0;Urban;No;27NOV2010;0;23:07;Male;No;Residential;C: Possible Injury;Yes;O: No Injury;4581;November;0;Straight - Grade;Piedmont;With Traffic;Yield Sign;Saturday;Intersection;44;0;Two-Way, Not Divided;4 lanes;0;#NULL!;#NULL!;Smooth Asphalt;#NULL!;Related To Intersection;Crossing Paths - Other Circumstances;Local Street;C: Possible Injury;Guilford;38;Clear;#NULL!;Unknown;30 - 35  MPH;2010;Dark - Lighted Roadway;30-39
35.2404088825, -80.9197192659;"{""type"": ""Point"", ""coordinates"": [-80.91971926586456, 35.24040888250464]}";Hispanic;Charlotte;Travel Lane;2;16;Urban (>70% Developed);Male;Passenger Car;0;#NULL!;0;0;Black;No;0;40-49;Signalized Intersection - Other / Unknown;None;No;No;Wet;0;Urban;No;27SEP2010;0;16:53;Female;No;Commercial;C: Possible Injury;Yes;O: No Injury;4588;September;0;Straight - Level;Piedmont;Unknown;Stop And Go Signal;Monday;Intersection;43;0;Two-Way, Not Divided;2 lanes;0;#NULL!;#NULL!;Smooth Asphalt;#NULL!;No Special Feature;Crossing Paths - Other Circumstances;Local Street;C: Possible Injury;Mecklenburg;46;Rain;#NULL!;31-35 mph;30 - 35  MPH;2010;Daylight;40-49
34.8773489427, -76.8969020343;"{""type"": ""Point"", ""coordinates"": [-76.89690203433139, 34.87734894265977]}";Black;Havelock;Sidewalk / Crosswalk / Driveway Crossing;2;15;Urban (>70% Developed);Male;Passenger Car;0;#NULL!;0;0;Black;No;0;11-15;Motorist Left Turn - Opposite Direction;None;No;No;Dry;0;Urban;No;12NOV2010;0;15:07;Male;No;Commercial;B: Evident Injury;Yes;O: No Injury;4607;November;0;Straight - Level;Coastal;With Traffic;No Control Present;Friday;Non-Intersection;11;0;Two-Way, Not Divided;Unknown;0;#NULL!;#NULL!;Smooth Asphalt;#NULL!;Driveway, Public;Motorist Left Turn / Merge;Public Vehicular Area;B: Evident Injury;Craven;42;Clear;#NULL!;0-5 mph;5 - 15 MPH;2010;Daylight;40-49
35.7778011064, -77.8577123713;"{""type"": ""Point"", ""coordinates"": [-77.85771237129048, 35.777801106402556]}";Black;None - Rural Crash;Travel Lane;2;6;Rural (<30% Developed);Male;Sport Utility;0;#NULL!;0;0;Black;No;0;50-59;Motorist Overtaking - Other / Unknown;None;No;No;Dry;0;Rural;No;18DEC2010;0;6:18;Female;No;Farms, Woods, Pastures;B: Evident Injury;Yes;Unknown Injury;4608;December;0;Straight - Level;Coastal;With Traffic;No Control Present;Saturday;Non-Intersection;50;0;Two-Way, Divided, Unprotected Median;4 lanes;0;#NULL!;#NULL!;Coarse Asphalt;#NULL!;No Special Feature;Motorist Overtaking Bicyclist;US Route;B: Evident Injury;Wilson;28;Clear;#NULL!;51-55 mph;50 - 55  MPH;2010;Dark - Roadway Not Lighted;25-29
35.5953899619, -80.8167932542;"{""type"": ""Point"", ""coordinates"": [-80.81679325422871, 35.595389961937904]}";White;Mooresville;Travel Lane;2;15;Urban (>70% Developed);Male;Passenger Car;0;#NULL!;0;0;White;No;0;6-10;Motorist Right Turn - Opposite Direction;None;No;No;Dry;0;Urban;No;20DEC2010;0;15:48;Male;No;Commercial;B: Evident Injury;Yes;O: No Injury;4620;December;0;Straight - Level;Piedmont;Facing Traffic;Stop And Go Signal;Monday;Intersection;10;0;Two-Way, Not Divided;5 lanes;0;#NULL!;#NULL!;Smooth Asphalt;#NULL!;Four-Way Intersection;Motorist Right Turn / Merge;NC Route;B: Evident Injury;Iredell;66;Clear;#NULL!;11-15 mph;40 - 45  MPH;2010;Daylight;60-69
35.6204789003, -82.5766937783;"{""type"": ""Point"", ""coordinates"": [-82.57669377832731, 35.62047890033357]}";White;None - Rural Crash;Travel Lane;2;10;Mixed (30% To 70% Developed);Male;Passenger Car;0;#NULL!;0;0;White;No;0;40-49;Motorist Left Turn - Opposite Direction;None;No;No;Dry;0;Rural;No;25SEP2010;0;10:52;Male;No;Commercial;B: Evident Injury;Yes;O: No Injury;4622;September;0;Straight - Hillcrest;Mountains;With Traffic;No Control Present;Saturday;Intersection-Related;49;0;Two-Way, Not Divided;2 lanes;0;#NULL!;#NULL!;Smooth Asphalt;#NULL!;No Special Feature;Motorist Left Turn / Merge;Local Street;B: Evident Injury;Buncombe;55;Clear;#NULL!;21-25 mph;30 - 35  MPH;2010;Daylight;50-59
34.2375267691, -77.8748273001;"{""type"": ""Point"", ""coordinates"": [-77.87482730014013, 34.23752676912491]}";White;Wilmington;Sidewalk / Crosswalk / Driveway Crossing;2;12;Rural (<30% Developed);Male;Passenger Car;0;#NULL!;0;0;White;No;0;16-19;Motorist Drive Out - Other Midblock;None;No;No;Dry;0;Urban;No;17NOV2010;0;12:03;Male;No;Commercial;C: Possible Injury;No;O: No Injury;4625;November;0;Straight - Level;Coastal;Facing Traffic;No Control Present;Wednesday;Non-Intersection;19;0;Two-Way, Divided, Unprotected Median;2 lanes;0;#NULL!;#NULL!;Smooth Asphalt;#NULL!;No Special Feature;Motorist Failed to Yield - Midblock;Local Street;C: Possible Injury;New Hanover;62;Clear;#NULL!;0-5 mph;5 - 15 MPH;2010;Daylight;60-69
35.978317151, -77.8061423663;"{""type"": ""Point"", ""coordinates"": [-77.80614236627525, 35.97831715103056]}";Black;Rocky Mount;Travel Lane;2;15;Urban (>70% Developed);Male;Passenger Car;0;#NULL!;0;0;White;No;0;40-49;Motorist Right Turn - Same Direction;None;No;No;Dry;0;Urban;No;18DEC2010;0;15:19;Male;No;Commercial;B: Evident Injury;Yes;B: Evident Injury;4628;December;0;Straight - Level;Coastal;With Traffic;Stop And Go Signal;Saturday;Intersection-Related;47;0;Two-Way, Divided, Unprotected Median;5 lanes;0;#NULL!;#NULL!;Smooth Asphalt;#NULL!;Four-Way Intersection;Motorist Right Turn / Merge;Local Street;O: No Injury;Nash;19;Clear;#NULL!;11-15 mph;30 - 35  MPH;2010;Daylight;0-19
35.358469901, -81.0952433244;"{""type"": ""Point"", ""coordinates"": [-81.09524332441133, 35.358469901012825]}";White;Stanley;Sidewalk / Crosswalk / Driveway Crossing;2;16;Mixed (30% To 70% Developed);Male;Passenger Car;0;#NULL!;0;0;White;No;0;11-15;Bicyclist Lost Control - Mechanical Problems;None;No;No;Dry;0;Rural;No;08JUL2010;0;16:00;Female;No;Commercial;B: Evident Injury;No;O: No Injury;4629;July;0;Straight - Level;Piedmont;Facing Traffic;Stop Sign;Thursday;Intersection;14;0;Two-Way, Not Divided;2 lanes;0;#NULL!;#NULL!;Smooth Asphalt;#NULL!;T-Intersection;Loss of Control / Turning Error;Local Street;B: Evident Injury;Gaston;30;Clear;#NULL!;Unknown;20 - 25  MPH;2010;Daylight;30-39
35.9922021188, -78.8137386736;"{""type"": ""Point"", ""coordinates"": [-78.81373867361101, 35.99220211880649]}";Hispanic;Durham;Travel Lane;2;7;Urban (>70% Developed);Male;Sport Utility;0;#NULL!;0;0;Black;No;0;30-39;Motorist Drive Through - Sign-Controlled Intersection;None;No;No;Dry;0;Urban;No;24JAN2009;0;7:27;Female;No;Residential;B: Evident Injury;No;O: No Injury;4642;January;0;Straight - Level;Piedmont;With Traffic;Stop Sign;Saturday;Intersection;36;0;Two-Way, Not Divided;2 lanes;0;#NULL!;#NULL!;Coarse Asphalt;#NULL!;Four-Way Intersection;Motorist Failed to Yield - Sign-Controlled Intersection;Local Street;B: Evident Injury;Durham;41;Clear;#NULL!;11-15 mph;30 - 35  MPH;2009;Dark - Roadway Not Lighted;40-49
36.0488431598, -78.0036524303;"{""type"": ""Point"", ""coordinates"": [-78.00365243028546, 36.04884315978917]}";Black;None - Rural Crash;Travel Lane;2;18;Rural (<30% Developed);Male;Passenger Car;0;#NULL!;0;0;Unknown/Missing;No;0;25-29;Motorist Overtaking - Other / Unknown;None;No;No;Wet;0;Rural;Yes;04JAN2009;0;18:24;Unknown;Missing;Residential;C: Possible Injury;Yes;Unknown Injury;4645;January;0;Straight - Grade;Coastal;With Traffic;Double Yellow Line, No Passing Zone;Sunday;Non-Intersection;26;0;Two-Way, Not Divided;2 lanes;0;#NULL!;#NULL!;Smooth Asphalt;#NULL!;No Special Feature;Motorist Overtaking Bicyclist;State Secondary Route;C: Possible Injury;Nash;Unknown;Cloudy;#NULL!;41-45 mph;40 - 45  MPH;2009;Dark - Roadway Not Lighted;Unknown
34.9011338804, -78.9010026427;"{""type"": ""Point"", ""coordinates"": [-78.90100264269354, 34.90113388037383]}";White;None - Rural Crash;Travel Lane;2;20;Rural (<30% Developed);Male;Passenger Car;0;#NULL!;0;0;White;No;0;25-29;Head-On - Bicyclist;None;Yes;Yes;Dry;0;Rural;No;18JAN2009;0;20:20;Male;No;Farms, Woods, Pastures;B: Evident Injury;Yes;O: No Injury;4647;January;0;Straight - Level;Coastal;Facing Traffic;No Control Present;Sunday;Non-Intersection;27;0;Two-Way, Not Divided;2 lanes;0;#NULL!;#NULL!;Coarse Asphalt;#NULL!;No Special Feature;Head-On;State Secondary Route;B: Evident Injury;Cumberland;33;Fog, Smog, Smoke;#NULL!;36-40 mph;50 - 55  MPH;2009;Dark - Roadway Not Lighted;30-39
35.7021330636, -78.6181285987;"{""type"": ""Point"", ""coordinates"": [-78.61812859866458, 35.70213306363434]}";White;Garner;Travel Lane;2;8;Urban (>70% Developed);Male;Passenger Car;0;#NULL!;0;0;Unknown/Missing;No;0;20-24;Bicyclist Left Turn - Same Direction;None;No;No;Dry;0;Urban;Yes;09JAN2009;0;8:59;Unknown;Missing;Residential;C: Possible Injury;Yes;Unknown Injury;4651;January;0;Straight - Level;Piedmont;With Traffic;No Control Present;Friday;Non-Intersection;23;0;Two-Way, Divided, Unprotected Median;4 lanes;0;#NULL!;#NULL!;Smooth Asphalt;#NULL!;No Special Feature;Bicyclist Left Turn / Merge;Local Street;C: Possible Injury;Wake;Unknown;Clear;#NULL!;Unknown;Unknown;2009;Daylight;Unknown
35.7725570759, -78.6934926254;"{""type"": ""Point"", ""coordinates"": [-78.69349262540506, 35.77255707591757]}";White;Raleigh;Sidewalk / Crosswalk / Driveway Crossing;2;18;Urban (>70% Developed);Female;Passenger Car;0;#NULL!;0;0;White;No;0;20-24;Motorist Drive Out - Sign-Controlled Intersection;None;No;No;Dry;0;Urban;No;12JAN2009;0;18:07;Female;No;Residential;B: Evident Injury;No;O: No Injury;4658;January;0;Straight - Level;Piedmont;With Traffic;Stop Sign;Monday;Intersection;22;0;Two-Way, Not Divided;4 lanes;0;#NULL!;#NULL!;Smooth Asphalt;#NULL!;T-Intersection;Motorist Failed to Yield - Sign-Controlled Intersection;Local Street;B: Evident Injury;Wake;20;Clear;#NULL!;0-5 mph;30 - 35  MPH;2009;Dark - Roadway Not Lighted;20-24
34.6390968201, -79.0010626598;"{""type"": ""Point"", ""coordinates"": [-79.00106265984326, 34.63909682010145]}";Black;Lumberton;Sidewalk / Crosswalk / Driveway Crossing;2;9;Urban (>70% Developed);Male;Unknown;0;#NULL!;0;0;Unknown/Missing;No;0;30-39;Motorist Drive Out - Signalized Intersection;None;No;No;Wet;0;Urban;Yes;19JAN2009;0;9:19;Unknown;Missing;Commercial;C: Possible Injury;Yes;Unknown Injury;4661;January;0;Straight - Level;Coastal;With Traffic;Stop And Go Signal;Monday;Intersection;35;0;Two-Way, Divided, Unprotected Median;4 lanes;0;#NULL!;#NULL!;Coarse Asphalt;#NULL!;No Special Feature;Motorist Failed to Yield - Signalized Intersection;NC Route;C: Possible Injury;Robeson;Unknown;Cloudy;#NULL!;0-5 mph;30 - 35  MPH;2009;Daylight;Unknown
35.199599876, -80.8415732398;"{""type"": ""Point"", ""coordinates"": [-80.84157323977074, 35.199599876037226]}";White;Charlotte;Travel Lane;2;12;Urban (>70% Developed);Male;Sport Utility;0;#NULL!;0;0;White;No;0;20-24;Motorist Left Turn - Opposite Direction;None;No;No;Dry;0;Urban;No;23JAN2009;0;12:05;Male;No;Commercial;C: Possible Injury;Yes;O: No Injury;4665;January;0;Straight - Level;Piedmont;With Traffic;No Control Present;Friday;Non-Intersection;21;0;Two-Way, Not Divided;2 lanes;0;#NULL!;#NULL!;Coarse Asphalt;#NULL!;No Special Feature;Motorist Left Turn / Merge;Local Street;C: Possible Injury;Mecklenburg;38;Clear;#NULL!;0-5 mph;30 - 35  MPH;2009;Daylight;30-39
35.230866884, -80.8170632342;"{""type"": ""Point"", ""coordinates"": [-80.81706323418373, 35.23086688401568]}";Black;Charlotte;Travel Lane;2;10;Urban (>70% Developed);Male;Unknown;0;#NULL!;0;0;Unknown/Missing;No;0;40-49;Motorist Drive Through - Sign-Controlled Intersection;None;No;No;Dry;0;Urban;Yes;29JAN2009;0;10:21;Unknown;Missing;Residential;B: Evident Injury;Yes;Unknown Injury;4670;January;0;Straight - Level;Piedmont;With Traffic;Stop Sign;Thursday;Intersection;49;0;Two-Way, Not Divided;2 lanes;0;#NULL!;#NULL!;Smooth Asphalt;#NULL!;No Special Feature;Motorist Failed to Yield - Sign-Controlled Intersection;Local Street;B: Evident Injury;Mecklenburg;Unknown;Clear;#NULL!;21-25 mph;20 - 25  MPH;2009;Daylight;Unknown
35.8218670796, -78.8870726864;"{""type"": ""Point"", ""coordinates"": [-78.88707268643931, 35.82186707962043]}";White;Cary;Travel Lane;2;16;Mixed (30% To 70% Developed);Female;Passenger Car;0;#NULL!;0;0;Black;No;0;6-10;Bicyclist Ride Through - Sign-Controlled Intersection;None;No;No;Dry;0;Urban;No;26FEB2009;0;16:58;Male;No;Residential;B: Evident Injury;Yes;O: No Injury;4673;February;0;Straight - Level;Piedmont;With Traffic;Stop Sign;Thursday;Intersection;9;0;Two-Way, Not Divided;1 lane;0;#NULL!;#NULL!;Smooth Asphalt;#NULL!;T-Intersection;Bicyclist Failed to Yield - Sign-Controlled Intersection;Local Street;B: Evident Injury;Wake;22;Clear;#NULL!;21-25 mph;20 - 25  MPH;2009;Daylight;20-24
35.8980670991, -78.8076276664;"{""type"": ""Point"", ""coordinates"": [-78.80762766635517, 35.898067099127495]}";Black;Raleigh;Non-Roadway;2;16;Urban (>70% Developed);Male;Passenger Car;0;#NULL!;0;0;Black;No;0;20-24;Non-Roadway;None;No;No;Dry;0;Urban;No;24JAN2009;0;16:46;Male;No;Residential;B: Evident Injury;Yes;O: No Injury;4674;January;0;Straight - Level;Piedmont;Not Applicable;No Control Present;Saturday;Non-Roadway;20;0;Two-Way, Not Divided;Unknown;0;#NULL!;#NULL!;Smooth Asphalt;#NULL!;No Special Feature;Non-Roadway;Public Vehicular Area;B: Evident Injury;Wake;35;Clear;#NULL!;16-20 mph;5 - 15 MPH;2009;Daylight;30-39
35.0869069212, -78.8986626511;"{""type"": ""Point"", ""coordinates"": [-78.8986626510696, 35.086906921219764]}";Black;Fayetteville;Travel Lane;2;14;Urban (>70% Developed);Male;Passenger Car;0;#NULL!;0;0;Black;No;0;6-10;Motorist Overtaking - Bicyclist Swerved;None;No;No;Dry;0;Urban;No;05FEB2009;0;14:56;Female;No;Residential;O: No Injury;No;O: No Injury;4675;February;0;Straight - Level;Coastal;With Traffic;No Control Present;Thursday;Non-Intersection;8;0;Two-Way, Not Divided;2 lanes;0;#NULL!;#NULL!;Smooth Asphalt;#NULL!;No Special Feature;Motorist Overtaking Bicyclist;Local Street;O: No Injury;Cumberland;68;Clear;#NULL!;16-20 mph;20 - 25  MPH;2009;Daylight;60-69
35.9099370924, -79.056182742;"{""type"": ""Point"", ""coordinates"": [-79.05618274197653, 35.909937092435584]}";White;Chapel Hill;Bike Lane / Paved Shoulder;2;12;Urban (>70% Developed);Male;Passenger Car;0;#NULL!;0;0;White;No;0;30-39;Motorist Right Turn - Same Direction;None;No;No;Dry;0;Urban;No;10FEB2009;0;12:02;Male;No;Residential;C: Possible Injury;No;O: No Injury;4678;February;0;Straight - Grade;Piedmont;With Traffic;Double Yellow Line, No Passing Zone;Tuesday;Non-Intersection;33;0;Two-Way, Not Divided;2 lanes;0;#NULL!;#NULL!;Smooth Asphalt;#NULL!;Driveway, Public;Motorist Right Turn / Merge;Local Street;C: Possible Injury;Orange;33;Clear;#NULL!;0-5 mph;20 - 25  MPH;2009;Daylight;30-39
35.2625040037, -77.5828522616;"{""type"": ""Point"", ""coordinates"": [-77.58285226155681, 35.26250400373503]}";Black;Kinston;Travel Lane;2;15;Urban (>70% Developed);Male;Sport Utility;0;#NULL!;0;0;White;No;0;40-49;Motorist Overtaking - Misjudged Space;None;No;No;Dry;0;Urban;No;04MAR2009;0;15:08;Male;No;Commercial;B: Evident Injury;Yes;O: No Injury;4681;March;0;Straight - Grade;Coastal;With Traffic;Stop And Go Signal;Wednesday;Intersection-Related;49;0;Two-Way, Not Divided;2 lanes;0;#NULL!;#NULL!;Coarse Asphalt;#NULL!;Four-Way Intersection;Motorist Overtaking Bicyclist;Local Street;B: Evident Injury;Lenoir;70+;Clear;#NULL!;11-15 mph;30 - 35  MPH;2009;Daylight;70+
35.9141340939, -79.045082739;"{""type"": ""Point"", ""coordinates"": [-79.04508273895368, 35.91413409387207]}";White;Chapel Hill;Travel Lane;2;12;Urban (>70% Developed);Male;Passenger Car;0;#NULL!;0;0;White;No;0;25-29;Bicyclist Overtaking - Passing on Right;None;No;No;Dry;0;Urban;No;21FEB2009;0;12:07;Female;No;Institutional;C: Possible Injury;Yes;O: No Injury;4690;February;0;Curve - Grade;Piedmont;With Traffic;Double Yellow Line, No Passing Zone;Saturday;Intersection-Related;27;0;Two-Way, Divided, Unprotected Median;2 lanes;0;#NULL!;#NULL!;Smooth Asphalt;#NULL!;No Special Feature;Bicyclist Overtaking Motorist;Local Street;C: Possible Injury;Orange;22;Clear;#NULL!;0-5 mph;20 - 25  MPH;2009;Daylight;20-24
34.242224769, -77.8921323055;"{""type"": ""Point"", ""coordinates"": [-77.89213230549367, 34.24222476900734]}";White;Wilmington;Sidewalk / Crosswalk / Driveway Crossing;2;17;Urban (>70% Developed);Male;Pickup;0;#NULL!;0;0;White;No;0;20-24;Motorist Drive Out - Commercial Driveway / Alley;None;No;No;Dry;0;Urban;No;07FEB2009;0;17:29;Female;No;Commercial;B: Evident Injury;Yes;O: No Injury;4695;February;0;Straight - Level;Coastal;With Traffic;No Control Present;Saturday;Non-Intersection;20;0;Two-Way, Not Divided;5 lanes;0;#NULL!;#NULL!;Smooth Asphalt;#NULL!;Driveway, Private;Motorist Failed to Yield - Midblock;US Route;B: Evident Injury;New Hanover;37;Clear;#NULL!;0-5 mph;Unknown;2009;Daylight;30-39
35.7841270784, -78.6953226262;"{""type"": ""Point"", ""coordinates"": [-78.6953226261779, 35.78412707838597]}";White;Raleigh;Sidewalk / Crosswalk / Driveway Crossing;2;7;Urban (>70% Developed);Male;Unknown;0;#NULL!;0;0;Unknown/Missing;No;0;25-29;Motorist Drive Out - Sign-Controlled Intersection;None;No;No;Dry;0;Urban;Yes;20FEB2009;0;7:00;Unknown;Missing;Farms, Woods, Pastures;B: Evident Injury;No;Unknown Injury;4700;February;0;Straight - Level;Piedmont;Facing Traffic;Stop Sign;Friday;Intersection;26;0;Two-Way, Not Divided;2 lanes;0;#NULL!;#NULL!;Coarse Asphalt;#NULL!;T-Intersection;Motorist Failed to Yield - Sign-Controlled Intersection;Local Street;B: Evident Injury;Wake;Unknown;Clear;#NULL!;6-10 mph;30 - 35  MPH;2009;Daylight;Unknown
35.7647930713, -78.7836226525;"{""type"": ""Point"", ""coordinates"": [-78.78362265247179, 35.764793071313385]}";White;Cary;Sidewalk / Crosswalk / Driveway Crossing;2;14;Urban (>70% Developed);Female;Passenger Car;0;#NULL!;0;0;Unknown/Missing;No;0;11-15;Signalized Intersection - Other / Unknown;None;No;No;Dry;0;Urban;Yes;22MAR2009;0;14:30;Unknown;Missing;Commercial;B: Evident Injury;Yes;Unknown Injury;4702;March;0;Straight - Hillcrest;Piedmont;Facing Traffic;Stop And Go Signal;Sunday;Intersection;12;0;Two-Way, Not Divided;3 lanes;0;#NULL!;#NULL!;Smooth Asphalt;#NULL!;Four-Way Intersection;Crossing Paths - Other Circumstances;Local Street;B: Evident Injury;Wake;Unknown;Clear;#NULL!;6-10 mph;20 - 25  MPH;2009;Daylight;Unknown
35.9771231114, -78.9359827097;"{""type"": ""Point"", ""coordinates"": [-78.93598270970642, 35.977123111438466]}";Black;Durham;Bike Lane / Paved Shoulder;2;9;Mixed (30% To 70% Developed);Female;Sport Utility;0;#NULL!;0;0;Black;No;0;40-49;Motorist Right Turn - Same Direction;None;No;No;Dry;0;Urban;No;11MAR2009;0;9:08;Female;No;Commercial;C: Possible Injury;Yes;O: No Injury;4710;March;0;Straight - Level;Piedmont;With Traffic;No Control Present;Wednesday;Non-Intersection;41;0;Two-Way, Divided, Unprotected Median;3 lanes;0;#NULL!;#NULL!;Smooth Asphalt;#NULL!;No Special Feature;Motorist Right Turn / Merge;Local Street;C: Possible Injury;Durham;41;Clear;#NULL!;16-20 mph;30 - 35  MPH;2009;Daylight;40-49
35.2641168906, -80.8372832422;"{""type"": ""Point"", ""coordinates"": [-80.83728324220435, 35.26411689059443]}";Black;Charlotte;Sidewalk / Crosswalk / Driveway Crossing;2;16;Urban (>70% Developed);Male;Passenger Car;0;#NULL!;0;0;Black;No;0;50-59;Bicyclist Ride Out - Parallel Path;None;Yes;Yes;Dry;0;Urban;No;19MAR2009;0;16:02;Male;No;Commercial;A: Disabling Injury;No;O: No Injury;4713;March;0;Straight - Grade;Piedmont;With Traffic;No Control Present;Thursday;Intersection;50;0;Two-Way, Divided, Unprotected Median;5 lanes;0;#NULL!;#NULL!;Smooth Asphalt;#NULL!;T-Intersection;Parallel Paths - Other Circumstances;Local Street;A: Disabling Injury;Mecklenburg;21;Clear;#NULL!;26-30 mph;40 - 45  MPH;2009;Daylight;20-24
36.0951491226, -79.3274228341;"{""type"": ""Point"", ""coordinates"": [-79.3274228340761, 36.095149122560784]}";White;None - Rural Crash;Travel Lane;2;20;Rural (<30% Developed);Male;Unknown;0;#NULL!;0;0;Unknown/Missing;No;0;11-15;Bicyclist Ride Out - Other Midblock;None;No;No;Dry;0;Rural;Yes;05MAR2009;0;20:00;Unknown;Missing;Residential;C: Possible Injury;Yes;Unknown Injury;4719;March;0;Straight - Level;Piedmont;Not Applicable;No Control Present;Thursday;Non-Intersection;13;0;Two-Way, Not Divided;2 lanes;0;#NULL!;#NULL!;Smooth Asphalt;#NULL!;No Special Feature;Bicyclist Failed to Yield - Midblock;State Secondary Route;C: Possible Injury;Alamance;Unknown;Clear;#NULL!;46-50 mph;50 - 55  MPH;2009;Dark - Roadway Not Lighted;Unknown