Geo Point;Geo Shape;BikeRace;City;BikePos;NumUnits;CrashHour;Locality;BikeSex;DrvrVehTyp;NumBikesNo;BikeAlcDrg;NumBikesBI;RteInvdCd;DrvrRace;Workzone;NumBikesCi;BikeAgeGrp;CrashType;RdDefects;CrashAlcoh;BikeAlcoho;RdConditio;DstncMiFrm;RuralUrban;HitRun;CrashDate;NumBikesUI;CrashTime;DrvrSex;DrvrAlcoho;Developmen;CrashSevr;AmbulanceR;DrvrInjury;OBJECTID;CrashMonth;NumBikesKi;RdCharacte;Region;BikeDir;TraffCntrl;CrashDay;CrashLoc;BikeAge;NumBikesTo;RdConfig;NumLanes;NumBikesAI;DrvrAlcDrg;OnRoad;RdSurface;Towrd_Rd;RdFeature;CrashGrp;RdClass;BikeInjury;County;DrvrAge;Weather;FrmRd;DrvrEstSpd;SpeedLimit;CrashYear;LightCond;DrvrAgeGrp
36.2965072732, -76.2235618978;"{""type"": ""Point"", ""coordinates"": [-76.22356189777736, 36.29650727316107]}";Black;Elizabeth City;Bike Lane / Paved Shoulder;2;20;Urban (>70% Developed);Female;Pickup;0;#NULL!;0;0;Black;No;0;20-24;Signalized Intersection - Other / Unknown;None;Yes;Yes;Wet;0;Urban;No;28MAR2009;0;20:15;Male;No;Commercial;A: Disabling Injury;Yes;O: No Injury;4726;March;0;Straight - Level;Coastal;Facing Traffic;Stop And Go Signal;Saturday;Intersection-Related;20;0;Two-Way, Divided, Unprotected Median;5 lanes;0;#NULL!;#NULL!;Smooth Asphalt;#NULL!;Four-Way Intersection;Crossing Paths - Other Circumstances;US Route;A: Disabling Injury;Pasquotank;27;Rain;#NULL!;31-35 mph;30 - 35  MPH;2009;Dark - Lighted Roadway;25-29
35.1639128771, -80.6144631705;"{""type"": ""Point"", ""coordinates"": [-80.6144631704774, 35.16391287713149]}";White;Mint Hill;Driveway / Alley;2;17;Mixed (30% To 70% Developed);Male;Van;0;#NULL!;0;0;White;No;0;6-10;Bicyclist Ride Out - Residential Driveway;None;No;No;Dry;0;Urban;No;31MAR2009;0;17:39;Female;No;Residential;C: Possible Injury;No;O: No Injury;4729;March;0;Unknown;Piedmont;Not Applicable;No Control Present;Tuesday;Non-Intersection;10;0;Unknown;Unknown;0;#NULL!;#NULL!;Unknown;#NULL!;No Special Feature;Bicyclist Failed to Yield - Midblock;.;C: Possible Injury;Mecklenburg;37;Clear;#NULL!;16-20 mph;20 - 25  MPH;2009;Daylight;30-39
35.7717390734, -78.7612726456;"{""type"": ""Point"", ""coordinates"": [-78.76127264559308, 35.77173907344993]}";Other;Cary;Non-Roadway;2;16;Urban (>70% Developed);Male;Sport Utility;0;#NULL!;0;0;White;No;0;20-24;Non-Roadway;None;No;No;Dry;0;Urban;No;18APR2009;0;16:49;Female;No;Commercial;O: No Injury;Yes;O: No Injury;4743;April;0;Straight - Grade;Piedmont;Not Applicable;No Control Present;Saturday;Non-Roadway;21;0;Two-Way, Not Divided;Unknown;0;#NULL!;#NULL!;Smooth Asphalt;#NULL!;Driveway, Public;Non-Roadway;Public Vehicular Area;O: No Injury;Wake;45;Clear;#NULL!;0-5 mph;5 - 15 MPH;2009;Daylight;40-49
36.2382311133, -80.3711431575;"{""type"": ""Point"", ""coordinates"": [-80.37114315747624, 36.238231113277735]}";White;Tobaccoville;Travel Lane;2;14;Rural (<30% Developed);Male;Passenger Car;0;#NULL!;0;0;Hispanic;No;0;50-59;Motorist Drive Through - Sign-Controlled Intersection;None;No;No;Dry;0;Rural;No;11APR2009;0;14:00;Female;No;Residential;C: Possible Injury;No;O: No Injury;4745;April;0;Straight - Level;Piedmont;With Traffic;Stop Sign;Saturday;Intersection;55;0;Two-Way, Not Divided;2 lanes;0;#NULL!;#NULL!;Smooth Asphalt;#NULL!;Four-Way Intersection;Motorist Failed to Yield - Sign-Controlled Intersection;State Secondary Route;C: Possible Injury;Forsyth;25;Clear;#NULL!;31-35 mph;40 - 45  MPH;2009;Daylight;25-29
34.2389867668, -77.9466123221;"{""type"": ""Point"", ""coordinates"": [-77.94661232209792, 34.23898676679441]}";White;Wilmington;Sidewalk / Crosswalk / Driveway Crossing;2;17;Urban (>70% Developed);Female;Passenger Car;0;#NULL!;0;0;White;No;0;40-49;Bicyclist Ride Through - Sign-Controlled Intersection;None;No;No;Dry;0;Urban;No;06APR2009;0;17:06;Female;No;Commercial;B: Evident Injury;Yes;O: No Injury;4747;April;0;Straight - Level;Coastal;Facing Traffic;Stop And Go Signal;Monday;Intersection;44;0;Two-Way, Not Divided;4 lanes;0;#NULL!;#NULL!;Smooth Asphalt;#NULL!;Four-Way Intersection;Bicyclist Failed to Yield - Sign-Controlled Intersection;Local Street;B: Evident Injury;New Hanover;44;Clear;#NULL!;Unknown;30 - 35  MPH;2009;Daylight;40-49
35.2011368803, -80.7332532077;"{""type"": ""Point"", ""coordinates"": [-80.73325320771441, 35.20113688025922]}";Hispanic;Charlotte;Non-Roadway;2;13;Urban (>70% Developed);Male;Pickup;0;#NULL!;0;0;Black;No;0;11-15;Non-Roadway;None;No;No;Dry;0;Urban;No;06APR2009;0;13:12;Male;No;Residential;O: No Injury;No;O: No Injury;4748;April;0;Straight - Level;Piedmont;Not Applicable;No Control Present;Monday;Non-Roadway;11;0;Two-Way, Not Divided;Unknown;0;#NULL!;#NULL!;Smooth Asphalt;#NULL!;No Special Feature;Non-Roadway;Public Vehicular Area;O: No Injury;Mecklenburg;50;Cloudy;#NULL!;0-5 mph;20 - 25  MPH;2009;Daylight;50-59
35.4331070382, -77.6612922938;"{""type"": ""Point"", ""coordinates"": [-77.66129229378302, 35.43310703823203]}";Black;None - Rural Crash;Travel Lane;2;21;Mixed (30% To 70% Developed);Male;Police;0;#NULL!;0;0;White;No;0;50-59;Motorist Overtaking - Undetected Bicyclist;None;No;No;Dry;0;Rural;No;08APR2009;0;21:22;Male;No;Farms, Woods, Pastures;C: Possible Injury;Yes;O: No Injury;4751;April;0;Straight - Level;Coastal;With Traffic;No Control Present;Wednesday;Non-Intersection;51;0;Two-Way, Not Divided;2 lanes;0;#NULL!;#NULL!;Coarse Asphalt;#NULL!;No Special Feature;Motorist Overtaking Bicyclist;Interstate;C: Possible Injury;Greene;40;Clear;#NULL!;31-35 mph;40 - 45  MPH;2009;Dark - Roadway Not Lighted;40-49
35.4148099988, -78.7030286091;"{""type"": ""Point"", ""coordinates"": [-78.70302860911245, 35.41480999883414]}";Other;None - Rural Crash;Travel Lane;2;15;Rural (<30% Developed);Male;Passenger Car;0;#NULL!;0;0;White;No;0;40-49;Motorist Overtaking - Other / Unknown;None;No;No;Dry;0;Rural;No;17APR2009;0;15:30;Female;No;Farms, Woods, Pastures;A: Disabling Injury;Yes;O: No Injury;4752;April;0;Straight - Grade;Coastal;With Traffic;Double Yellow Line, No Passing Zone;Friday;Non-Intersection;48;0;Two-Way, Not Divided;2 lanes;0;#NULL!;#NULL!;Coarse Asphalt;#NULL!;No Special Feature;Motorist Overtaking Bicyclist;NC Route;A: Disabling Injury;Harnett;18;Clear;#NULL!;41-45 mph;50 - 55  MPH;2009;Daylight;0-19
35.7793530752, -78.7607926461;"{""type"": ""Point"", ""coordinates"": [-78.76079264611553, 35.77935307515216]}";Hispanic;Cary;Non-Roadway;2;16;Urban (>70% Developed);Male;Passenger Car;0;#NULL!;0;0;Black;No;0;11-15;Non-Roadway;None;No;No;Dry;0;Urban;No;23APR2009;0;16:57;Female;No;Residential;C: Possible Injury;No;O: No Injury;4755;April;0;Curve - Grade;Piedmont;Not Applicable;No Control Present;Thursday;Non-Roadway;15;0;Two-Way, Not Divided;2 lanes;0;#NULL!;#NULL!;Coarse Asphalt;#NULL!;No Special Feature;Non-Roadway;Local Street;C: Possible Injury;Wake;24;Clear;#NULL!;21-25 mph;30 - 35  MPH;2009;Daylight;20-24
35.7857699874, -81.1970633788;"{""type"": ""Point"", ""coordinates"": [-81.197063378847, 35.785769987360496]}";Black;None - Rural Crash;Travel Lane;2;19;Rural (<30% Developed);Female;Passenger Car;0;#NULL!;0;0;White;No;0;6-10;Non-Roadway;None;No;No;Dry;0;Rural;No;01MAY2009;0;19:42;Male;No;Residential;C: Possible Injury;Yes;O: No Injury;4773;May;0;Straight - Grade;Piedmont;Not Applicable;No Control Present;Friday;Non-Roadway;10;0;Two-Way, Not Divided;2 lanes;0;#NULL!;#NULL!;Coarse Asphalt;#NULL!;T-Intersection;Non-Roadway;Public Vehicular Area;C: Possible Injury;Catawba;51;Clear;#NULL!;11-15 mph;20 - 25  MPH;2009;Daylight;50-59
35.7932570811, -78.6843126238;"{""type"": ""Point"", ""coordinates"": [-78.6843126238207, 35.793257081071395]}";Black;Raleigh;Sidewalk / Crosswalk / Driveway Crossing;2;7;Urban (>70% Developed);Male;Pickup;0;#NULL!;0;0;White;No;0;40-49;Signalized Intersection - Other / Unknown;None;No;No;Dry;0;Urban;No;27MAR2009;0;7:55;Male;No;Commercial;B: Evident Injury;No;O: No Injury;4777;March;0;Straight - Level;Piedmont;Facing Traffic;Stop And Go Signal;Friday;Intersection;48;0;Two-Way, Not Divided;4 lanes;0;#NULL!;#NULL!;Smooth Asphalt;#NULL!;Four-Way Intersection;Crossing Paths - Other Circumstances;Local Street;B: Evident Injury;Wake;57;Cloudy;#NULL!;0-5 mph;30 - 35  MPH;2009;Daylight;50-59
34.6652438917, -77.01650206;"{""type"": ""Point"", ""coordinates"": [-77.01650206002675, 34.66524389165114]}";White;Emerald Isle;Driveway / Alley;2;8;Urban (>70% Developed);Female;Passenger Car;0;#NULL!;0;0;White;No;0;11-15;Bicyclist Ride Out - Residential Driveway;None;No;No;Dry;0;Rural;No;25APR2009;0;8:57;Female;No;Commercial;B: Evident Injury;Yes;O: No Injury;4781;April;0;Straight - Level;Coastal;Not Applicable;No Control Present;Saturday;Non-Intersection;11;0;Two-Way, Not Divided;2 lanes;0;#NULL!;#NULL!;Coarse Asphalt;#NULL!;Driveway, Public;Bicyclist Failed to Yield - Midblock;Local Street;B: Evident Injury;Carteret;46;Clear;#NULL!;11-15 mph;20 - 25  MPH;2009;Daylight;40-49
34.1246167434, -77.9000223023;"{""type"": ""Point"", ""coordinates"": [-77.90002230230135, 34.12461674341786]}";White;None - Rural Crash;Bike Lane / Paved Shoulder;2;0;Urban (>70% Developed);Male;Passenger Car;0;#NULL!;0;0;White;No;0;30-39;Bicyclist Right Turn - Opposite Direction;None;Yes;Yes;Dry;0;Rural;No;30APR2009;0;0:00;Male;No;Commercial;B: Evident Injury;Yes;O: No Injury;4788;April;0;Straight - Level;Coastal;Facing Traffic;No Control Present;Thursday;Non-Intersection;35;0;Two-Way, Divided, Unprotected Median;4 lanes;0;#NULL!;#NULL!;Smooth Asphalt;#NULL!;No Special Feature;Bicyclist Right Turn / Merge;US Route;B: Evident Injury;New Hanover;23;Clear;#NULL!;46-50 mph;50 - 55  MPH;2009;Dark - Roadway Not Lighted;20-24
34.6803388228, -79.1945977195;"{""type"": ""Point"", ""coordinates"": [-79.19459771950436, 34.68033882280333]}";Native American;Pembroke;Travel Lane;2;19;Mixed (30% To 70% Developed);Male;Passenger Car;0;#NULL!;0;0;White;No;0;16-19;Bicyclist Lost Control - Mechanical Problems;None;No;No;Wet;0;Rural;No;05MAY2009;0;19:30;Female;No;Commercial;B: Evident Injury;No;O: No Injury;4793;May;0;Curve - Grade;Coastal;With Traffic;No Control Present;Tuesday;Intersection;16;0;Two-Way, Not Divided;2 lanes;0;#NULL!;#NULL!;Smooth Asphalt;#NULL!;No Special Feature;Loss of Control / Turning Error;Local Street;B: Evident Injury;Robeson;48;Cloudy;#NULL!;21-25 mph;20 - 25  MPH;2009;Dark - Lighted Roadway;40-49
35.7710150711, -78.8208926636;"{""type"": ""Point"", ""coordinates"": [-78.82089266358238, 35.77101507113123]}";Black;Cary;Sidewalk / Crosswalk / Driveway Crossing;2;15;Urban (>70% Developed);Male;Passenger Car;0;#NULL!;0;0;White;No;0;11-15;Motorist Right Turn - Same Direction;None;No;No;Dry;0;Urban;No;12MAY2009;0;15:30;Female;No;Residential;B: Evident Injury;Yes;O: No Injury;4796;May;0;Straight - Grade;Piedmont;With Traffic;Stop And Go Signal;Tuesday;Intersection;12;0;Two-Way, Not Divided;2 lanes;0;#NULL!;#NULL!;Smooth Asphalt;#NULL!;T-Intersection;Motorist Right Turn / Merge;Local Street;B: Evident Injury;Wake;70+;Clear;#NULL!;0-5 mph;20 - 25  MPH;2009;Daylight;70+
34.2230667654, -77.882128302;"{""type"": ""Point"", ""coordinates"": [-77.88212830196385, 34.223066765388026]}";White;Wilmington;Travel Lane;2;3;Urban (>70% Developed);Male;Passenger Car;0;#NULL!;0;0;White;No;0;20-24;Signalized Intersection - Other / Unknown;None;Yes;No;Dry;0;Urban;No;03MAY2009;0;3:38;Male;Yes;Commercial;B: Evident Injury;Yes;O: No Injury;4809;May;0;Straight - Level;Coastal;With Traffic;Stop And Go Signal;Sunday;Intersection;24;0;Two-Way, Divided, Unprotected Median;Unknown;0;#NULL!;#NULL!;Coarse Asphalt;#NULL!;No Special Feature;Crossing Paths - Other Circumstances;US Route;B: Evident Injury;New Hanover;24;Cloudy;#NULL!;36-40 mph;40 - 45  MPH;2009;Dark - Roadway Not Lighted;20-24
35.16829687, -80.8223982328;"{""type"": ""Point"", ""coordinates"": [-80.82239823279961, 35.16829687003074]}";White;Charlotte;Travel Lane;2;10;Urban (>70% Developed);Female;Passenger Car;0;#NULL!;0;0;Asian;No;0;30-39;Signalized Intersection - Other / Unknown;None;No;No;Dry;0;Urban;No;30APR2009;0;10:17;Male;No;Residential;C: Possible Injury;Yes;O: No Injury;4810;April;0;Straight - Level;Piedmont;With Traffic;Stop And Go Signal;Thursday;Intersection;36;0;Two-Way, Not Divided;4 lanes;0;#NULL!;#NULL!;Coarse Asphalt;#NULL!;Four-Way Intersection;Crossing Paths - Other Circumstances;Local Street;C: Possible Injury;Mecklenburg;27;Cloudy;#NULL!;6-10 mph;30 - 35  MPH;2009;Daylight;25-29
34.1039467387, -77.8994523021;"{""type"": ""Point"", ""coordinates"": [-77.8994523021499, 34.10394673871389]}";Black;None - Rural Crash;Travel Lane;2;20;Mixed (30% To 70% Developed);Female;Sport Utility;0;#NULL!;0;0;White;No;0;16-19;Motorist Left Turn - Same Direction;None;No;No;Dry;0;Rural;No;06MAY2009;0;20:44;Male;No;Commercial;B: Evident Injury;Yes;O: No Injury;4814;May;0;Straight - Level;Coastal;Facing Traffic;Stop And Go Signal;Wednesday;Intersection;18;0;Two-Way, Divided, Unprotected Median;2 lanes;0;#NULL!;#NULL!;Coarse Asphalt;#NULL!;T-Intersection;Motorist Left Turn / Merge;State Secondary Route;B: Evident Injury;New Hanover;63;Clear;#NULL!;11-15 mph;30 - 35  MPH;2009;Dark - Roadway Not Lighted;60-69
34.1454497471, -77.915567308;"{""type"": ""Point"", ""coordinates"": [-77.91556730804575, 34.145449747112664]}";White;None - Rural Crash;Travel Lane;2;18;Urban (>70% Developed);Male;Unknown;0;#NULL!;0;0;Unknown/Missing;No;0;11-15;Motorist Overtaking - Other / Unknown;None;No;No;Dry;0;Rural;Yes;12MAY2009;0;18:50;Unknown;Missing;Residential;B: Evident Injury;Yes;Unknown Injury;4819;May;0;Straight - Level;Coastal;With Traffic;No Control Present;Tuesday;Intersection;12;0;Two-Way, Not Divided;2 lanes;0;#NULL!;#NULL!;Smooth Asphalt;#NULL!;T-Intersection;Motorist Overtaking Bicyclist;State Secondary Route;B: Evident Injury;New Hanover;Unknown;Clear;#NULL!;11-15 mph;30 - 35  MPH;2009;Daylight;Unknown
36.0559610813, -80.2167530999;"{""type"": ""Point"", ""coordinates"": [-80.21675309988, 36.05596108131488]}";Black;Winston-Salem;Travel Lane;2;22;Urban (>70% Developed);Male;Unknown;0;#NULL!;0;0;Unknown/Missing;No;0;40-49;Motorist Intentionally Caused;None;No;No;Dry;0;Urban;Yes;16JUL2009;0;22:10;Unknown;Missing;Residential;B: Evident Injury;No;Unknown Injury;5003;July;0;Straight - Grade;Piedmont;With Traffic;No Control Present;Thursday;Non-Intersection;46;0;Two-Way, Not Divided;2 lanes;0;#NULL!;#NULL!;Coarse Asphalt;#NULL!;No Special Feature;Other / Unusual Circumstances;Local Street;B: Evident Injury;Forsyth;Unknown;Clear;#NULL!;16-20 mph;30 - 35  MPH;2009;Dark - Lighted Roadway;Unknown
36.0964270878, -80.2564231147;"{""type"": ""Point"", ""coordinates"": [-80.25642311465471, 36.096427087760155]}";Black;Winston-Salem;Travel Lane;2;0;Urban (>70% Developed);Male;Passenger Car;0;#NULL!;0;0;Black;No;0;40-49;Motorist Left Turn - Opposite Direction;None;Yes;No;Dry;0;Urban;No;10JUL2009;0;0:48;Male;Yes;Commercial;B: Evident Injury;Yes;O: No Injury;5004;July;0;Straight - Grade;Piedmont;With Traffic;Stop And Go Signal;Friday;Intersection;40;0;Two-Way, Not Divided;2 lanes;0;#NULL!;#NULL!;Coarse Asphalt;#NULL!;Four-Way Intersection;Motorist Left Turn / Merge;Local Street;B: Evident Injury;Forsyth;19;Clear;#NULL!;0-5 mph;30 - 35  MPH;2009;Dark - Lighted Roadway;0-19
35.186053878, -80.7299132057;"{""type"": ""Point"", ""coordinates"": [-80.72991320572443, 35.18605387802207]}";White;Charlotte;Sidewalk / Crosswalk / Driveway Crossing;2;18;Rural (<30% Developed);Male;Passenger Car;0;#NULL!;0;0;Black;No;0;40-49;Motorist Left Turn - Opposite Direction;None;No;No;Dry;0;Urban;No;01MAY2009;0;18:48;Male;No;Residential;B: Evident Injury;No;O: No Injury;5005;May;0;Straight - Level;Piedmont;With Traffic;Stop And Go Signal;Friday;Intersection;45;0;Two-Way, Divided, Unprotected Median;5 lanes;0;#NULL!;#NULL!;Smooth Asphalt;#NULL!;Four-Way Intersection;Motorist Left Turn / Merge;Local Street;B: Evident Injury;Mecklenburg;14;Clear;#NULL!;31-35 mph;30 - 35  MPH;2009;Daylight;0-19
34.7879269062, -77.3923121801;"{""type"": ""Point"", ""coordinates"": [-77.39231218011444, 34.78792690619621]}";White;Jacksonville;Bike Lane / Paved Shoulder;2;17;Urban (>70% Developed);Male;Sport Utility;0;#NULL!;0;0;White;No;0;6-10;Crossing Paths - Midblock - Other / Unknown;None;No;No;Wet;0;Urban;No;13JUL2009;0;17:07;Female;No;Residential;B: Evident Injury;Yes;O: No Injury;5017;July;0;Straight - Level;Coastal;With Traffic;No Control Present;Monday;Non-Intersection;7;0;Unknown;Unknown;0;#NULL!;#NULL!;Smooth Asphalt;#NULL!;Driveway, Private;Crossing Paths - Other Circumstances;Private Road, Driveway;B: Evident Injury;Onslow;33;Rain;#NULL!;0-5 mph;5 - 15 MPH;2009;Daylight;30-39
35.2147438801, -80.8320732381;"{""type"": ""Point"", ""coordinates"": [-80.83207323805736, 35.214743880106475]}";White;Charlotte;Sidewalk / Crosswalk / Driveway Crossing;2;20;Urban (>70% Developed);Male;Passenger Car;0;#NULL!;0;0;White;No;0;40-49;Motorist Right Turn - Opposite Direction;None;Yes;Yes;Dry;0;Urban;No;24JUL2009;0;20:51;Male;No;Commercial;C: Possible Injury;No;O: No Injury;5025;July;0;Straight - Grade;Piedmont;Facing Traffic;No Control Present;Friday;Intersection;44;0;One-Way, Not Divided;2 lanes;0;#NULL!;#NULL!;Smooth Asphalt;#NULL!;No Special Feature;Motorist Right Turn / Merge;Local Street;C: Possible Injury;Mecklenburg;68;Clear;#NULL!;11-15 mph;30 - 35  MPH;2009;Dusk;60-69
36.1384540957, -80.2947331281;"{""type"": ""Point"", ""coordinates"": [-80.29473312811331, 36.13845409566202]}";Asian;Winston-Salem;Sidewalk / Crosswalk / Driveway Crossing;2;10;Urban (>70% Developed);Female;Passenger Car;0;#NULL!;0;0;White;No;0;40-49;Crossing Paths - Intersection - Other / Unknown;None;No;No;Dry;0;Urban;No;27JUL2009;0;10:17;Female;No;Residential;C: Possible Injury;No;O: No Injury;5030;July;0;Straight - Level;Piedmont;Facing Traffic;No Control Present;Monday;Intersection;43;0;Two-Way, Not Divided;2 lanes;0;#NULL!;#NULL!;Smooth Asphalt;#NULL!;No Special Feature;Crossing Paths - Other Circumstances;Local Street;C: Possible Injury;Forsyth;37;Clear;#NULL!;0-5 mph;30 - 35  MPH;2009;Daylight;30-39
36.5354871992, -79.7599329893;"{""type"": ""Point"", ""coordinates"": [-79.75993298932988, 36.53548719917762]}";Other;None - Rural Crash;Driveway / Alley;2;19;Rural (<30% Developed);Male;Van;0;#NULL!;0;0;White;No;0;11-15;Bicyclist Ride Out - Residential Driveway;None;No;No;Dry;0;Rural;No;03AUG2009;0;19:24;Female;No;Farms, Woods, Pastures;B: Evident Injury;Yes;O: No Injury;5032;August;0;Straight - Level;Piedmont;Not Applicable;No Control Present;Monday;Non-Intersection;14;0;Two-Way, Not Divided;2 lanes;0;#NULL!;#NULL!;Smooth Asphalt;#NULL!;Driveway, Private;Bicyclist Failed to Yield - Midblock;State Secondary Route;B: Evident Injury;Rockingham;58;Clear;#NULL!;11-15 mph;30 - 35  MPH;2009;Daylight;50-59
35.7668220778, -78.6019765968;"{""type"": ""Point"", ""coordinates"": [-78.60197659677205, 35.766822077833524]}";Black;Raleigh;Driveway / Alley;2;20;Urban (>70% Developed);Male;Sport Utility;0;#NULL!;0;0;Black;No;0;6-10;Bicyclist Ride Out - Residential Driveway;None;No;No;Dry;0;Urban;No;19JUN2009;0;20:45;Male;No;Residential;O: No Injury;Yes;O: No Injury;5037;June;0;Straight - Level;Piedmont;Not Applicable;No Control Present;Friday;Non-Intersection;7;0;Two-Way, Not Divided;2 lanes;0;#NULL!;#NULL!;Smooth Asphalt;#NULL!;No Special Feature;Bicyclist Failed to Yield - Midblock;Local Street;O: No Injury;Wake;38;Clear;#NULL!;31-35 mph;30 - 35  MPH;2009;Dark - Lighted Roadway;30-39
36.3021872749, -76.2231618982;"{""type"": ""Point"", ""coordinates"": [-76.2231618981615, 36.30218727486322]}";White;Elizabeth City;Travel Lane;2;4;Urban (>70% Developed);Male;Passenger Car;0;#NULL!;0;0;White;No;0;40-49;Bicyclist Failed to Clear - Unknown;None;No;No;Dry;0;Urban;No;31JUL2009;0;4:36;Female;No;Residential;B: Evident Injury;Yes;O: No Injury;5040;July;0;Straight - Grade;Coastal;With Traffic;Stop And Go Signal;Friday;Intersection;48;0;Two-Way, Divided, Unprotected Median;5 lanes;0;#NULL!;#NULL!;Smooth Asphalt;#NULL!;No Special Feature;Bicyclist Failed to Yield - Signalized Intersection;Local Street;B: Evident Injury;Pasquotank;53;Clear;#NULL!;0-5 mph;30 - 35  MPH;2009;Daylight;50-59
35.943357102, -78.9831927216;"{""type"": ""Point"", ""coordinates"": [-78.98319272161638, 35.943357102037396]}";White;Durham;Travel Lane;2;23;Urban (>70% Developed);Male;Passenger Car;0;#NULL!;0;0;Black;No;0;20-24;Motorist Left Turn - Opposite Direction;None;Yes;Yes;Dry;0;Urban;Yes;08AUG2009;0;23:51;Female;No;Residential;A: Disabling Injury;Yes;O: No Injury;5047;August;0;Straight - Grade;Piedmont;With Traffic;Stop And Go Signal;Saturday;Intersection;22;0;Two-Way, Not Divided;2 lanes;0;#NULL!;#NULL!;Smooth Asphalt;#NULL!;Four-Way Intersection;Motorist Left Turn / Merge;Local Street;A: Disabling Injury;Durham;26;Clear;#NULL!;31-35 mph;30 - 35  MPH;2009;Dark - Roadway Not Lighted;25-29
34.1926947574, -77.9351423168;"{""type"": ""Point"", ""coordinates"": [-77.9351423168082, 34.19269475743891]}";White;Wilmington;Travel Lane;2;14;Urban (>70% Developed);Male;Light Truck (Mini-Van, Panel);0;#NULL!;0;0;White;No;0;25-29;Motorist Drive Out - Commercial Driveway / Alley;None;No;No;Dry;0;Urban;No;27JUN2009;0;14:58;Female;No;Commercial;C: Possible Injury;No;O: No Injury;5051;June;0;Straight - Grade;Coastal;Facing Traffic;No Control Present;Saturday;Non-Intersection;26;0;Two-Way, Not Divided;4 lanes;0;#NULL!;#NULL!;Smooth Asphalt;#NULL!;No Special Feature;Motorist Failed to Yield - Midblock;NC Route;C: Possible Injury;New Hanover;47;Cloudy;#NULL!;0-5 mph;40 - 45  MPH;2009;Daylight;40-49
36.4690173163, -76.034421848;"{""type"": ""Point"", ""coordinates"": [-76.0344218480019, 36.46901731633702]}";White;None - Rural Crash;Travel Lane;2;15;Mixed (30% To 70% Developed);Female;Sport Utility;0;#NULL!;0;0;White;No;0;11-15;Sign-Controlled Intersection - Other / Unknown;None;No;No;Dry;0;Rural;No;23JUL2009;0;15:26;Female;No;Farms, Woods, Pastures;A: Disabling Injury;Yes;O: No Injury;5070;July;0;Straight - Level;Coastal;With Traffic;Stop Sign;Thursday;Intersection;14;0;Two-Way, Not Divided;3 lanes;0;#NULL!;#NULL!;Smooth Asphalt;#NULL!;T-Intersection;Crossing Paths - Other Circumstances;State Secondary Route;A: Disabling Injury;Currituck;39;Clear;#NULL!;41-45 mph;50 - 55  MPH;2009;Daylight;30-39
35.8721371001, -78.6260476096;"{""type"": ""Point"", ""coordinates"": [-78.62604760955686, 35.872137100114124]}";White;Raleigh;Driveway / Alley;2;18;Urban (>70% Developed);Male;Passenger Car;0;#NULL!;0;0;Other;No;0;6-10;Bicyclist Ride Out - Residential Driveway;None;No;No;Dry;0;Urban;No;05AUG2009;0;18:39;Female;No;Residential;B: Evident Injury;Yes;O: No Injury;5076;August;0;Curve - Level;Piedmont;Not Applicable;No Control Present;Wednesday;Non-Intersection;7;0;Two-Way, Not Divided;2 lanes;0;#NULL!;#NULL!;Coarse Asphalt;#NULL!;No Special Feature;Bicyclist Failed to Yield - Midblock;Local Street;B: Evident Injury;Wake;58;Clear;#NULL!;31-35 mph;30 - 35  MPH;2009;Daylight;50-59
36.08964708, -80.4309131669;"{""type"": ""Point"", ""coordinates"": [-80.43091316687439, 36.08964707999018]}";White;Lewisville;Travel Lane;2;19;Rural (<30% Developed);Male;Passenger Car;0;#NULL!;0;0;Black;No;0;30-39;Parallel Paths - Other / Unknown;None;No;No;Dry;0;Urban;No;21AUG2009;0;19:29;Male;No;Farms, Woods, Pastures;C: Possible Injury;No;O: No Injury;5077;August;0;Curve - Level;Piedmont;With Traffic;Yield Sign;Friday;Intersection;32;0;One-Way, Not Divided;1 lane;0;#NULL!;#NULL!;Smooth Asphalt;#NULL!;Traffic Circle/Roundabout;Parallel Paths - Other Circumstances;State Secondary Route;C: Possible Injury;Forsyth;25;Clear;#NULL!;31-35 mph;30 - 35  MPH;2009;Dusk;25-29
35.4652768366, -83.3636940003;"{""type"": ""Point"", ""coordinates"": [-83.3636940003035, 35.46527683662012]}";Native American;Cherokee;Travel Lane;2;17;Rural (<30% Developed);Male;Van;0;#NULL!;0;0;Native American;No;0;11-15;Bicyclist Ride Through - Sign-Controlled Intersection;None;No;No;Dry;0;Rural;No;21AUG2009;0;17:55;Female;No;Farms, Woods, Pastures;B: Evident Injury;Yes;O: No Injury;5086;August;0;Straight - Level;Mountains;With Traffic;Stop Sign;Friday;Intersection;13;0;Two-Way, Not Divided;2 lanes;0;#NULL!;#NULL!;Smooth Asphalt;#NULL!;T-Intersection;Bicyclist Failed to Yield - Sign-Controlled Intersection;Local Street;B: Evident Injury;Swain;57;Clear;#NULL!;26-30 mph;30 - 35  MPH;2009;Daylight;50-59
35.6823340547, -78.7429426355;"{""type"": ""Point"", ""coordinates"": [-78.74294263554441, 35.682334054748324]}";White;None - Rural Crash;Travel Lane;2;18;Mixed (30% To 70% Developed);Female;Motorcycle;0;#NULL!;0;0;White;No;0;40-49;Crossing Paths - Intersection - Other / Unknown;None;No;No;Dry;0;Rural;No;18AUG2009;0;18:41;Male;No;Residential;B: Evident Injury;Yes;B: Evident Injury;5088;August;0;Straight - Level;Piedmont;With Traffic;Stop And Go Signal;Tuesday;Intersection;49;0;Two-Way, Not Divided;2 lanes;0;#NULL!;#NULL!;Coarse Asphalt;#NULL!;Four-Way Intersection;Crossing Paths - Other Circumstances;State Secondary Route;O: No Injury;Wake;56;Clear;#NULL!;31-35 mph;40 - 45  MPH;2009;Daylight;50-59