Geo Point;Geo Shape;BikeRace;City;BikePos;NumUnits;CrashHour;Locality;BikeSex;DrvrVehTyp;NumBikesNo;BikeAlcDrg;NumBikesBI;RteInvdCd;DrvrRace;Workzone;NumBikesCi;BikeAgeGrp;CrashType;RdDefects;CrashAlcoh;BikeAlcoho;RdConditio;DstncMiFrm;RuralUrban;HitRun;CrashDate;NumBikesUI;CrashTime;DrvrSex;DrvrAlcoho;Developmen;CrashSevr;AmbulanceR;DrvrInjury;OBJECTID;CrashMonth;NumBikesKi;RdCharacte;Region;BikeDir;TraffCntrl;CrashDay;CrashLoc;BikeAge;NumBikesTo;RdConfig;NumLanes;NumBikesAI;DrvrAlcDrg;OnRoad;RdSurface;Towrd_Rd;RdFeature;CrashGrp;RdClass;BikeInjury;County;DrvrAge;Weather;FrmRd;DrvrEstSpd;SpeedLimit;CrashYear;LightCond;DrvrAgeGrp
36.0351591333, -78.6640526305;"{""type"": ""Point"", ""coordinates"": [-78.6640526304638, 36.03515913328962]}";White;None - Rural Crash;Travel Lane;2;19;Rural (<30% Developed);Male;Passenger Car;0;#NULL!;0;0;White;No;0;30-39;Motorist Right Turn - Same Direction;None;No;No;Dry;0;Rural;No;15MAY2009;0;19:00;Female;No;Farms, Woods, Pastures;C: Possible Injury;No;O: No Injury;5091;May;0;Straight - Level;Piedmont;With Traffic;Double Yellow Line, No Passing Zone;Friday;Intersection-Related;38;0;Two-Way, Not Divided;2 lanes;0;#NULL!;#NULL!;Smooth Asphalt;#NULL!;No Special Feature;Motorist Right Turn / Merge;State Secondary Route;C: Possible Injury;Wake;17;Clear;#NULL!;41-45 mph;40 - 45  MPH;2009;Daylight;0-19
35.3658470125, -77.9917823915;"{""type"": ""Point"", ""coordinates"": [-77.99178239151433, 35.36584701250941]}";Black;Goldsboro;Travel Lane;2;14;Urban (>70% Developed);Male;Pickup;0;#NULL!;0;0;Black;No;0;40-49;Bicyclist Failed to Clear - Trapped;None;No;No;Dry;0;Urban;No;25AUG2009;0;14:20;Male;No;Residential;C: Possible Injury;Yes;O: No Injury;5098;August;0;Straight - Level;Coastal;With Traffic;Stop And Go Signal;Tuesday;Intersection;43;0;Two-Way, Not Divided;4 lanes;0;#NULL!;#NULL!;Smooth Asphalt;#NULL!;Four-Way Intersection;Bicyclist Failed to Yield - Signalized Intersection;Local Street;C: Possible Injury;Wayne;39;Cloudy;#NULL!;Unknown;30 - 35  MPH;2009;Daylight;30-39
35.2295298838, -80.8121132331;"{""type"": ""Point"", ""coordinates"": [-80.81211323307265, 35.229529883787784]}";Black;Charlotte;Sidewalk / Crosswalk / Driveway Crossing;2;18;Urban (>70% Developed);Male;Light Truck (Mini-Van, Panel);0;#NULL!;0;0;Hispanic;No;0;11-15;Bicyclist Lost Control - Mechanical Problems;None;No;No;Dry;0;Urban;No;17AUG2009;0;18:16;Female;No;Residential;B: Evident Injury;Yes;O: No Injury;5102;August;0;Straight - Grade;Piedmont;With Traffic;Stop Sign;Monday;Intersection;13;0;Two-Way, Not Divided;2 lanes;0;#NULL!;#NULL!;Smooth Asphalt;#NULL!;Four-Way Intersection;Loss of Control / Turning Error;Local Street;B: Evident Injury;Mecklenburg;21;Clear;#NULL!;0-5 mph;30 - 35  MPH;2009;Daylight;20-24
35.9848400737, -80.0068770332;"{""type"": ""Point"", ""coordinates"": [-80.00687703317578, 35.98484007369386]}";White;High Point;Travel Lane;2;17;Urban (>70% Developed);Female;Pickup;0;#NULL!;0;0;White;No;0;50-59;Sign-Controlled Intersection - Other / Unknown;None;No;No;Dry;0;Urban;No;12AUG2009;0;17:13;Male;No;Commercial;B: Evident Injury;Yes;O: No Injury;5120;August;0;Straight - Grade;Piedmont;With Traffic;Stop Sign;Wednesday;Intersection;53;0;Two-Way, Not Divided;5 lanes;0;#NULL!;#NULL!;Smooth Asphalt;#NULL!;Four-Way Intersection;Crossing Paths - Other Circumstances;NC Route;B: Evident Injury;Guilford;22;Clear;#NULL!;41-45 mph;40 - 45  MPH;2009;Daylight;20-24
35.071112917, -78.9206526575;"{""type"": ""Point"", ""coordinates"": [-78.92065265748268, 35.07111291703144]}";White;Fayetteville;Sidewalk / Crosswalk / Driveway Crossing;2;12;Urban (>70% Developed);Male;Passenger Car;0;#NULL!;0;0;Black;No;0;50-59;Motorist Drive Out - Sign-Controlled Intersection;None;No;No;Dry;0;Urban;No;25AUG2009;0;12:36;Female;No;Residential;B: Evident Injury;Yes;O: No Injury;5123;August;0;Straight - Level;Coastal;Facing Traffic;Stop Sign;Tuesday;Intersection;57;0;Two-Way, Not Divided;3 lanes;0;#NULL!;#NULL!;Coarse Asphalt;#NULL!;T-Intersection;Motorist Failed to Yield - Sign-Controlled Intersection;Local Street;B: Evident Injury;Cumberland;18;Clear;#NULL!;21-25 mph;20 - 25  MPH;2009;Daylight;0-19
35.2464468841, -80.8942232587;"{""type"": ""Point"", ""coordinates"": [-80.89422325868415, 35.24644688409861]}";Black;Charlotte;Travel Lane;2;16;Urban (>70% Developed);Male;Sport Utility;0;#NULL!;0;0;White;No;0;16-19;Motorist Drive Out - Sign-Controlled Intersection;None;No;No;Dry;0;Urban;No;21AUG2009;0;16:28;Male;No;Commercial;C: Possible Injury;No;O: No Injury;5127;August;0;Straight - Level;Piedmont;Facing Traffic;Stop Sign;Friday;Intersection;18;0;Two-Way, Not Divided;2 lanes;0;#NULL!;#NULL!;Smooth Asphalt;#NULL!;T-Intersection;Motorist Failed to Yield - Sign-Controlled Intersection;Local Street;C: Possible Injury;Mecklenburg;51;Clear;#NULL!;21-25 mph;20 - 25  MPH;2009;Daylight;50-59
35.976767112, -78.9068477006;"{""type"": ""Point"", ""coordinates"": [-78.90684770058847, 35.976767111965884]}";White;Durham;Travel Lane;2;18;Urban (>70% Developed);Male;Sport Utility;0;#NULL!;0;0;Black;No;0;11-15;Bicyclist Lost Control - Surface Conditions;None;No;No;Wet;0;Urban;No;07SEP2009;0;18:07;Male;No;Residential;C: Possible Injury;Yes;O: No Injury;5129;September;0;Straight - Hillcrest;Piedmont;With Traffic;Stop Sign;Monday;Intersection;15;0;Two-Way, Not Divided;2 lanes;0;#NULL!;#NULL!;Coarse Asphalt;#NULL!;No Special Feature;Loss of Control / Turning Error;Local Street;C: Possible Injury;Durham;52;Rain;#NULL!;31-35 mph;30 - 35  MPH;2009;Daylight;50-59
35.5077969513, -80.5905731819;"{""type"": ""Point"", ""coordinates"": [-80.590573181853, 35.50779695126057]}";White;Kannapolis;Travel Lane;2;20;Urban (>70% Developed);Male;Unknown;0;#NULL!;0;0;Unknown/Missing;No;0;11-15;Motorist Turning Error - Right Turn;None;No;No;Dry;0;Urban;Yes;30NOV2007;0;20:30;Unknown;Missing;Residential;C: Possible Injury;No;Unknown Injury;7416;November;0;Straight - Grade;Piedmont;With Traffic;No Control Present;Friday;Intersection-Related;13;0;Two-Way, Not Divided;2 lanes;0;#NULL!;#NULL!;Smooth Asphalt;#NULL!;No Special Feature;Loss of Control / Turning Error;Local Street;C: Possible Injury;Rowan;Unknown;Clear;#NULL!;6-10 mph;30 - 35  MPH;2007;Dark - Roadway Not Lighted;Unknown
33.9515066992, -78.0494023396;"{""type"": ""Point"", ""coordinates"": [-78.04940233962931, 33.95150669918566]}";White;None - Rural Crash;Travel Lane;2;19;Urban (>70% Developed);Male;Sport Utility;0;#NULL!;0;0;White;No;0;40-49;Non-Roadway;None;No;No;Dry;0;Rural;No;01DEC2007;0;19:42;Male;No;Commercial;B: Evident Injury;Yes;O: No Injury;7420;December;0;Straight - Level;Coastal;Unknown;No Control Present;Saturday;Non-Roadway;45;0;Two-Way, Not Divided;Unknown;0;#NULL!;#NULL!;Smooth Asphalt;#NULL!;Driveway, Public;Non-Roadway;Public Vehicular Area;B: Evident Injury;Brunswick;39;Clear;#NULL!;0-5 mph;5 - 15 MPH;2007;Dark - Lighted Roadway;30-39
35.979277072, -80.0302230403;"{""type"": ""Point"", ""coordinates"": [-80.030223040272, 35.97927707195898]}";White;High Point;Travel Lane;2;16;Urban (>70% Developed);Male;Passenger Car;0;#NULL!;0;0;White;No;0;6-10;Bicyclist Ride Through - Sign-Controlled Intersection;None;No;No;Dry;0;Urban;No;02DEC2007;0;16:00;Male;No;Residential;O: No Injury;No;O: No Injury;7422;December;0;Straight - Grade;Piedmont;With Traffic;Stop Sign;Sunday;Intersection;6;0;Two-Way, Not Divided;2 lanes;0;#NULL!;#NULL!;Smooth Asphalt;#NULL!;T-Intersection;Bicyclist Failed to Yield - Sign-Controlled Intersection;Public Vehicular Area;O: No Injury;Guilford;59;Clear;#NULL!;11-15 mph;30 - 35  MPH;2007;Daylight;50-59
35.8822321712, -76.6104719956;"{""type"": ""Point"", ""coordinates"": [-76.6104719956412, 35.88223217116528]}";White;Roper;Bike Lane / Paved Shoulder;2;17;Rural (<30% Developed);Male;Pickup;0;#NULL!;0;0;Black;No;0;70+;Bicyclist Left Turn - Same Direction;None;No;No;Dry;0;Rural;No;05DEC2007;0;17:10;Male;No;Farms, Woods, Pastures;B: Evident Injury;Yes;O: No Injury;7429;December;0;Straight - Level;Coastal;With Traffic;Double Yellow Line, No Passing Zone;Wednesday;Non-Intersection;70+;0;Two-Way, Not Divided;2 lanes;0;#NULL!;#NULL!;Smooth Asphalt;#NULL!;No Special Feature;Bicyclist Left Turn / Merge;NC Route;B: Evident Injury;Washington;43;Clear;#NULL!;31-35 mph;40 - 45  MPH;2007;Dawn;40-49
35.8440370953, -78.5735325926;"{""type"": ""Point"", ""coordinates"": [-78.57353259256044, 35.84403709534252]}";White;Raleigh;Non-Roadway;2;9;Urban (>70% Developed);Male;Passenger Car;0;#NULL!;0;0;Black;No;0;6-10;Non-Roadway;None;No;No;Dry;0;Urban;No;11DEC2007;0;9:46;Female;No;Residential;C: Possible Injury;No;O: No Injury;7440;December;0;Straight - Level;Piedmont;Unknown;No Control Present;Tuesday;Non-Roadway;8;0;Two-Way, Not Divided;Unknown;0;#NULL!;#NULL!;Smooth Asphalt;#NULL!;No Special Feature;Non-Roadway;Public Vehicular Area;C: Possible Injury;Wake;22;Clear;#NULL!;0-5 mph;5 - 15 MPH;2007;Daylight;20-24
35.713210091, -77.8982263801;"{""type"": ""Point"", ""coordinates"": [-77.89822638011366, 35.713210090989946]}";Black;Wilson;Non-Roadway;2;18;Urban (>70% Developed);Male;Passenger Car;0;#NULL!;0;0;Black;No;0;60-69;Bicyclist Ride Out - Commercial Driveway / Alley;None;No;No;Dry;0;Urban;No;14DEC2007;0;18:17;Male;No;Commercial;B: Evident Injury;No;B: Evident Injury;7444;December;0;Straight - Level;Coastal;Not Applicable;No Control Present;Friday;Non-Intersection;65;0;Two-Way, Not Divided;2 lanes;0;#NULL!;#NULL!;Smooth Asphalt;#NULL!;No Special Feature;Bicyclist Failed to Yield - Midblock;Public Vehicular Area;B: Evident Injury;Wilson;51;Clear;#NULL!;21-25 mph;30 - 35  MPH;2007;Dark - Lighted Roadway;50-59
35.7228620917, -77.9354123923;"{""type"": ""Point"", ""coordinates"": [-77.93541239232374, 35.722862091690914]}";Black;Wilson;Unknown;2;16;Urban (>70% Developed);Male;Passenger Car;0;#NULL!;0;0;Black;No;0;11-15;Unknown Approach Paths;None;No;No;Wet;0;Urban;No;25DEC2007;0;16:51;Female;No;Commercial;C: Possible Injury;No;O: No Injury;7451;December;0;Straight - Level;Coastal;Unknown;Stop And Go Signal;Tuesday;Non-Intersection;14;0;Two-Way, Not Divided;4 lanes;0;#NULL!;#NULL!;Concrete;#NULL!;No Special Feature;Other / Unknown - Insufficient Details;Local Street;C: Possible Injury;Wilson;37;Rain;#NULL!;6-10 mph;30 - 35  MPH;2007;Dark - Lighted Roadway;30-39
34.1338067449, -77.8952223013;"{""type"": ""Point"", ""coordinates"": [-77.89522230131779, 34.13380674486084]}";Black;None - Rural Crash;Travel Lane;2;9;Urban (>70% Developed);Male;Passenger Car;0;#NULL!;0;0;White;No;0;20-24;Motorist Drive Out - Commercial Driveway / Alley;None;No;No;Dry;0;Rural;No;27DEC2007;0;9:00;Male;No;Commercial;O: No Injury;No;O: No Injury;7454;December;0;Straight - Level;Coastal;Facing Traffic;No Control Present;Thursday;Non-Intersection;24;0;Two-Way, Divided, Unprotected Median;4 lanes;0;#NULL!;#NULL!;Coarse Asphalt;#NULL!;Driveway, Public;Motorist Failed to Yield - Midblock;US Route;O: No Injury;New Hanover;58;Cloudy;#NULL!;0-5 mph;40 - 45  MPH;2007;Daylight;50-59
36.0620670974, -79.8157029794;"{""type"": ""Point"", ""coordinates"": [-79.81570297942466, 36.06206709742449]}";Black;Greensboro;Bike Lane / Paved Shoulder;2;0;Urban (>70% Developed);Male;Unknown;0;#NULL!;0;0;Unknown/Missing;No;0;40-49;Motorist Overtaking - Bicyclist Swerved;None;No;No;Dry;0;Urban;Yes;25NOV2007;0;0:10;Unknown;Missing;Commercial;C: Possible Injury;Yes;Unknown Injury;7462;November;0;Straight - Level;Piedmont;With Traffic;No Control Present;Sunday;Non-Intersection;40;0;Two-Way, Divided, Unprotected Median;7 lanes;0;#NULL!;#NULL!;Smooth Asphalt;#NULL!;No Special Feature;Motorist Overtaking Bicyclist;Local Street;C: Possible Injury;Guilford;Unknown;Cloudy;#NULL!;Unknown;Unknown;2007;Dark - Lighted Roadway;Unknown
34.2160767628, -77.9042763086;"{""type"": ""Point"", ""coordinates"": [-77.90427630862631, 34.21607676280719]}";Black;Wilmington;Travel Lane;2;13;Urban (>70% Developed);Male;Sport Utility;0;#NULL!;0;0;White;No;0;40-49;Bicyclist Left Turn - Opposite Direction;Unknown;No;No;Dry;0;Urban;No;25JAN2007;0;13:39;Female;No;Commercial;K: Killed;Yes;O: No Injury;7465;January;0;Straight - Level;Coastal;With Traffic;Stop And Go Signal;Thursday;Intersection;49;0;Two-Way, Divided, Unprotected Median;8 lanes;0;#NULL!;#NULL!;Smooth Asphalt;#NULL!;Driveway, Public;Bicyclist Left Turn / Merge;Local Street;K: Killed;New Hanover;26;Clear;#NULL!;36-40 mph;40 - 45  MPH;2007;Daylight;25-29
36.0050122291, -75.6556817087;"{""type"": ""Point"", ""coordinates"": [-75.65568170870314, 36.005012229068875]}";White;Kill Devil Hills;Travel Lane;2;2;Urban (>70% Developed);Female;Sport Utility;0;#NULL!;0;0;White;No;0;20-24;Parallel Paths - Other / Unknown;None;No;No;Dry;0;Urban;Yes;24JUN2007;0;2:58;Male;No;Commercial;B: Evident Injury;Yes;O: No Injury;7466;June;0;Straight - Level;Coastal;With Traffic;No Control Present;Sunday;Non-Intersection;20;0;Two-Way, Divided, Unprotected Median;4 lanes;0;#NULL!;#NULL!;Coarse Asphalt;#NULL!;No Special Feature;Parallel Paths - Other Circumstances;US Route;B: Evident Injury;Dare;16;Clear;#NULL!;Unknown;50 - 55  MPH;2007;Dark - Lighted Roadway;0-19
35.3414170071, -78.0014023932;"{""type"": ""Point"", ""coordinates"": [-78.00140239323763, 35.341417007122374]}";White;None - Rural Crash;Travel Lane;2;8;Rural (<30% Developed);Male;Passenger Car;0;#NULL!;0;0;Black;No;0;25-29;Motorist Turning Error - Left Turn;None;No;No;Dry;0;Rural;No;20MAY2011;0;8:02;Male;No;Commercial;O: No Injury;No;O: No Injury;3003;May;0;Straight - Level;Coastal;With Traffic;Stop And Go Signal;Friday;Intersection;26;0;Two-Way, Not Divided;2 lanes;0;#NULL!;#NULL!;Coarse Asphalt;#NULL!;T-Intersection;Loss of Control / Turning Error;State Secondary Route;O: No Injury;Wayne;32;Clear;#NULL!;16-20 mph;40 - 45  MPH;2011;Daylight;30-39
35.5974068955, -82.5602037721;"{""type"": ""Point"", ""coordinates"": [-82.56020377210235, 35.59740689547668]}";White;Asheville;Travel Lane;2;20;Urban (>70% Developed);Female;Passenger Car;0;#NULL!;0;0;Unknown/Missing;No;0;50-59;Motorist Overtaking - Misjudged Space;None;No;No;Dry;0;Urban;Yes;12MAY2011;0;20:14;Unknown;Missing;Residential;B: Evident Injury;Yes;Unknown Injury;3009;May;0;Straight - Hillcrest;Mountains;With Traffic;No Control Present;Thursday;Non-Intersection;51;0;Two-Way, Divided, Unprotected Median;2 lanes;0;#NULL!;#NULL!;Smooth Asphalt;#NULL!;No Special Feature;Motorist Overtaking Bicyclist;Local Street;B: Evident Injury;Buncombe;Unknown;Clear;#NULL!;21-25 mph;30 - 35  MPH;2011;Daylight;Unknown
35.9610271091, -78.9087027003;"{""type"": ""Point"", ""coordinates"": [-78.90870270029576, 35.96102710911392]}";Hispanic;Durham;Driveway / Alley;2;19;Urban (>70% Developed);Male;Passenger Car;0;#NULL!;0;0;Black;No;0;0-5;Bicyclist Ride Out - Residential Driveway;None;No;No;Dry;0;Urban;No;24MAY2011;0;19:09;Female;No;Residential;O: No Injury;No;O: No Injury;3016;May;0;Straight - Level;Piedmont;Not Applicable;No Control Present;Tuesday;Non-Intersection;4;0;Two-Way, Not Divided;2 lanes;0;#NULL!;#NULL!;Coarse Asphalt;#NULL!;Driveway, Private;Bicyclist Failed to Yield - Midblock;Local Street;O: No Injury;Durham;38;Clear;#NULL!;21-25 mph;20 - 25  MPH;2011;Daylight;30-39
36.0153270882, -79.8006029729;"{""type"": ""Point"", ""coordinates"": [-79.80060297291222, 36.01532708822899]}";Black;Greensboro;Travel Lane;2;16;Urban (>70% Developed);Male;Passenger Car;0;#NULL!;0;0;White;No;0;50-59;Motorist Drive Out - Sign-Controlled Intersection;None;No;No;Wet;0;Urban;No;17MAY2011;0;16:01;Female;No;Residential;C: Possible Injury;Yes;O: No Injury;3026;May;0;Straight - Level;Piedmont;With Traffic;Stop Sign;Tuesday;Intersection;54;0;Two-Way, Not Divided;4 lanes;0;#NULL!;#NULL!;Smooth Asphalt;#NULL!;Four-Way Intersection;Motorist Failed to Yield - Sign-Controlled Intersection;Local Street;C: Possible Injury;Guilford;16;Rain;#NULL!;11-15 mph;30 - 35  MPH;2011;Daylight;0-19
36.3303972055, -78.3946025638;"{""type"": ""Point"", ""coordinates"": [-78.39460256383349, 36.33039720545383]}";Black;Henderson;Travel Lane;2;18;Urban (>70% Developed);Female;Pickup;0;#NULL!;0;0;Black;No;0;6-10;Bicyclist Ride Through - Sign-Controlled Intersection;None;Yes;No;Dry;0;Urban;No;09MAY2011;0;18:12;Male;Yes;Residential;C: Possible Injury;Yes;O: No Injury;3028;May;0;Straight - Level;Piedmont;With Traffic;Stop Sign;Monday;Intersection;8;0;Two-Way, Not Divided;Unknown;0;#NULL!;#NULL!;Coarse Asphalt;#NULL!;Four-Way Intersection;Bicyclist Failed to Yield - Sign-Controlled Intersection;Local Street;C: Possible Injury;Vance;19;Clear;#NULL!;31-35 mph;30 - 35  MPH;2011;Daylight;0-19
35.5354040694, -77.4072522214;"{""type"": ""Point"", ""coordinates"": [-77.40725222142808, 35.53540406935384]}";Black;Winterville;Travel Lane;2;12;Mixed (30% To 70% Developed);Male;Sport Utility;0;#NULL!;0;0;White;No;0;16-19;Bicyclist Ride Through - Signalized Intersection;None;No;No;Dry;0;Urban;No;28OCT2010;0;12:40;Female;No;Commercial;C: Possible Injury;Yes;O: No Injury;4514;October;0;Straight - Level;Coastal;With Traffic;Stop And Go Signal;Thursday;Intersection;17;0;Two-Way, Divided, Unprotected Median;4 lanes;0;#NULL!;#NULL!;Smooth Asphalt;#NULL!;Four-Way Intersection;Bicyclist Failed to Yield - Signalized Intersection;NC Route;C: Possible Injury;Pitt;29;Clear;#NULL!;16-20 mph;50 - 55  MPH;2010;Daylight;25-29
36.4789922955, -76.7139070583;"{""type"": ""Point"", ""coordinates"": [-76.71390705825907, 36.47899229546595]}";Black;None - Rural Crash;Travel Lane;2;16;Rural (<30% Developed);Male;Van;0;#NULL!;0;0;White;No;0;60-69;Head-On - Bicyclist;None;No;No;Dry;0;Rural;No;10NOV2010;0;16:50;Male;No;Farms, Woods, Pastures;B: Evident Injury;Yes;O: No Injury;4515;November;0;Straight - Level;Coastal;Facing Traffic;No Control Present;Wednesday;Non-Intersection;60;0;Two-Way, Not Divided;2 lanes;0;#NULL!;#NULL!;Coarse Asphalt;#NULL!;No Special Feature;Head-On;State Secondary Route;B: Evident Injury;Gates;30;Clear;#NULL!;51-55 mph;50 - 55  MPH;2010;Daylight;30-39
34.526171847, -77.4315971795;"{""type"": ""Point"", ""coordinates"": [-77.43159717946828, 34.52617184701388]}";White;None - Rural Crash;Travel Lane;2;22;Rural (<30% Developed);Male;Passenger Car;0;#NULL!;0;0;Unknown/Missing;No;0;60-69;Motorist Overtaking - Misjudged Space;None;No;No;Dry;0;Rural;Yes;08NOV2010;0;22:22;Unknown;No;Farms, Woods, Pastures;B: Evident Injury;Yes;Unknown Injury;4516;November;0;Straight - Level;Coastal;With Traffic;Double Yellow Line, No Passing Zone;Monday;Non-Intersection;63;0;Two-Way, Not Divided;2 lanes;0;#NULL!;#NULL!;Coarse Asphalt;#NULL!;No Special Feature;Motorist Overtaking Bicyclist;State Secondary Route;B: Evident Injury;Onslow;Unknown;Clear;#NULL!;41-45 mph;40 - 45  MPH;2010;Dark - Roadway Not Lighted;Unknown
35.199900763, -83.8303041212;"{""type"": ""Point"", ""coordinates"": [-83.83030412121879, 35.19990076301971]}";Hispanic;Andrews;Sidewalk / Crosswalk / Driveway Crossing;2;20;Mixed (30% To 70% Developed);Male;Pickup;0;#NULL!;0;0;White;No;0;30-39;Motorist Drive Out - Commercial Driveway / Alley;Other;No;No;Dry;0;Rural;No;14SEP2010;0;20:35;Male;No;Commercial;O: No Injury;No;O: No Injury;4528;September;0;Straight - Level;Mountains;Unknown;No Control Present;Tuesday;Non-Intersection;36;0;Two-Way, Divided, Unprotected Median;2 lanes;0;#NULL!;#NULL!;Smooth Asphalt;#NULL!;Other;Motorist Failed to Yield - Midblock;.;Unknown Injury;Cherokee;19;Cloudy;#NULL!;Unknown;30 - 35  MPH;2010;Dark - Lighted Roadway;0-19
36.0976470882, -80.2670031174;"{""type"": ""Point"", ""coordinates"": [-80.26700311741907, 36.097647088234105]}";Black;Winston-Salem;Travel Lane;2;21;Rural (<30% Developed);Male;Passenger Car;0;#NULL!;0;0;White;No;0;25-29;Motorist Left Turn - Opposite Direction;None;Yes;Yes;Dry;0;Urban;No;03NOV2010;0;21:11;Male;No;Residential;A: Disabling Injury;Yes;O: No Injury;4529;November;0;Straight - Hillcrest;Piedmont;With Traffic;Stop And Go Signal;Wednesday;Intersection;28;0;Two-Way, Not Divided;2 lanes;0;#NULL!;#NULL!;Smooth Asphalt;#NULL!;Four-Way Intersection;Motorist Left Turn / Merge;Local Street;A: Disabling Injury;Forsyth;36;Clear;#NULL!;Unknown;30 - 35  MPH;2010;Dark - Lighted Roadway;30-39
36.2966342735, -76.2227918979;"{""type"": ""Point"", ""coordinates"": [-76.22279189792805, 36.296634273531474]}";Black;Elizabeth City;Travel Lane;2;15;Urban (>70% Developed);Male;Police;0;#NULL!;0;0;Black;No;0;20-24;Crossing Paths - Intersection - Other / Unknown;None;No;No;Dry;0;Urban;No;21NOV2010;0;15:49;Male;No;Commercial;O: No Injury;No;O: No Injury;4544;November;0;Straight - Level;Coastal;Facing Traffic;No Control Present;Sunday;Intersection;24;0;Two-Way, Not Divided;5 lanes;0;#NULL!;#NULL!;Smooth Asphalt;#NULL!;T-Intersection;Crossing Paths - Other Circumstances;Local Street;O: No Injury;Pasquotank;40;Clear;#NULL!;0-5 mph;20 - 25  MPH;2010;Daylight;40-49
35.6009018967, -82.5554237709;"{""type"": ""Point"", ""coordinates"": [-82.55542377093518, 35.600901896732985]}";White;Asheville;Travel Lane;2;13;Urban (>70% Developed);Male;Sport Utility;0;#NULL!;0;0;White;No;0;30-39;Motorist Drive Out - Sign-Controlled Intersection;None;No;No;Dry;0;Urban;No;12NOV2010;0;13:48;Female;No;Commercial;C: Possible Injury;No;O: No Injury;4545;November;0;Straight - Grade;Mountains;With Traffic;Stop Sign;Friday;Intersection;33;0;Two-Way, Not Divided;4 lanes;0;#NULL!;#NULL!;Smooth Asphalt;#NULL!;T-Intersection;Motorist Failed to Yield - Sign-Controlled Intersection;Local Street;C: Possible Injury;Buncombe;35;Clear;#NULL!;0-5 mph;30 - 35  MPH;2010;Daylight;30-39
36.0995171187, -79.4381928679;"{""type"": ""Point"", ""coordinates"": [-79.43819286789044, 36.099517118685924]}";Black;Burlington;Travel Lane;2;8;Urban (>70% Developed);Male;Passenger Car;0;#NULL!;0;0;Black;No;0;25-29;Bicyclist Ride Out - Sign-Controlled Intersection;None;No;No;Dry;0;Urban;No;11NOV2010;0;8:12;Male;No;Commercial;B: Evident Injury;Yes;O: No Injury;4552;November;0;Straight - Level;Piedmont;With Traffic;Stop Sign;Thursday;Intersection;26;0;Two-Way, Not Divided;2 lanes;0;#NULL!;#NULL!;Smooth Asphalt;#NULL!;Four-Way Intersection;Bicyclist Failed to Yield - Sign-Controlled Intersection;Local Street;B: Evident Injury;Alamance;36;Clear;#NULL!;6-10 mph;30 - 35  MPH;2010;Daylight;30-39
34.2163467634, -77.8912623047;"{""type"": ""Point"", ""coordinates"": [-77.89126230465689, 34.21634676341089]}";White;Wilmington;Travel Lane;2;17;Rural (<30% Developed);Male;Sport Utility;0;#NULL!;0;0;White;No;0;25-29;Motorist Left Turn - Opposite Direction;None;No;No;Dry;0;Urban;No;07NOV2010;0;17:37;Female;No;Residential;B: Evident Injury;Yes;O: No Injury;4555;November;0;Straight - Level;Coastal;With Traffic;No Control Present;Sunday;Intersection;25;0;Two-Way, Not Divided;2 lanes;0;#NULL!;#NULL!;Smooth Asphalt;#NULL!;No Special Feature;Motorist Left Turn / Merge;Local Street;B: Evident Injury;New Hanover;57;Clear;#NULL!;26-30 mph;40 - 45  MPH;2010;Dusk;50-59
36.0141632292, -75.7126617258;"{""type"": ""Point"", ""coordinates"": [-75.71266172584242, 36.0141632291866]}";White;None - Rural Crash;Travel Lane;2;16;Mixed (30% To 70% Developed);Male;Van;0;#NULL!;0;0;White;No;0;6-10;Bicyclist Ride Through - Sign-Controlled Intersection;None;No;No;Dry;0;Rural;No;30NOV2010;0;16:22;Male;No;Residential;A: Disabling Injury;Yes;O: No Injury;4559;November;0;Straight - Level;Coastal;With Traffic;Double Yellow Line, No Passing Zone;Tuesday;Intersection;10;0;Two-Way, Not Divided;2 lanes;0;#NULL!;#NULL!;Coarse Asphalt;#NULL!;Four-Way Intersection;Bicyclist Failed to Yield - Sign-Controlled Intersection;Public Vehicular Area;A: Disabling Injury;Dare;46;Cloudy;#NULL!;16-20 mph;20 - 25  MPH;2010;Daylight;40-49
34.2838197818, -77.7957172792;"{""type"": ""Point"", ""coordinates"": [-77.7957172791826, 34.28381978183575]}";White;None - Rural Crash;Travel Lane;2;16;Urban (>70% Developed);Male;Passenger Car;0;#NULL!;0;0;White;No;0;11-15;Head-On - Bicyclist;None;No;No;Dry;0;Rural;No;29NOV2010;0;16:00;Female;No;Residential;C: Possible Injury;No;O: No Injury;4564;November;0;Curve - Level;Coastal;Facing Traffic;No Control Present;Monday;Non-Intersection;15;0;Two-Way, Not Divided;2 lanes;0;#NULL!;#NULL!;Smooth Asphalt;#NULL!;No Special Feature;Head-On;State Secondary Route;C: Possible Injury;New Hanover;70+;Cloudy;#NULL!;11-15 mph;30 - 35  MPH;2010;Daylight;70+