Geo Point;Geo Shape;BikeRace;City;BikePos;NumUnits;CrashHour;Locality;BikeSex;DrvrVehTyp;NumBikesNo;BikeAlcDrg;NumBikesBI;RteInvdCd;DrvrRace;Workzone;NumBikesCi;BikeAgeGrp;CrashType;RdDefects;CrashAlcoh;BikeAlcoho;RdConditio;DstncMiFrm;RuralUrban;HitRun;CrashDate;NumBikesUI;CrashTime;DrvrSex;DrvrAlcoho;Developmen;CrashSevr;AmbulanceR;DrvrInjury;OBJECTID;CrashMonth;NumBikesKi;RdCharacte;Region;BikeDir;TraffCntrl;CrashDay;CrashLoc;BikeAge;NumBikesTo;RdConfig;NumLanes;NumBikesAI;DrvrAlcDrg;OnRoad;RdSurface;Towrd_Rd;RdFeature;CrashGrp;RdClass;BikeInjury;County;DrvrAge;Weather;FrmRd;DrvrEstSpd;SpeedLimit;CrashYear;LightCond;DrvrAgeGrp
35.5989568965, -82.5535387697;"{""type"": ""Point"", ""coordinates"": [-82.55353876972285, 35.598956896455626]}";White;Asheville;Travel Lane;2;18;Urban (>70% Developed);Male;Van;0;#NULL!;0;0;White;No;0;30-39;Motorist Left Turn - Opposite Direction;None;No;No;Dry;0;Urban;No;21NOV2010;0;18:13;Male;No;Commercial;B: Evident Injury;Yes;O: No Injury;4570;November;0;Unknown;Mountains;With Traffic;Flashing Stop And Go Signal;Sunday;Intersection;39;0;Two-Way, Not Divided;5 lanes;0;#NULL!;#NULL!;Smooth Asphalt;#NULL!;Related To Intersection;Motorist Left Turn / Merge;Local Street;B: Evident Injury;Buncombe;57;Clear;#NULL!;21-25 mph;30 - 35  MPH;2010;Dark - Lighted Roadway;50-59
36.3233972031, -78.4126525699;"{""type"": ""Point"", ""coordinates"": [-78.41265256992529, 36.32339720310297]}";Black;Henderson;Travel Lane;2;12;Mixed (30% To 70% Developed);Male;Passenger Car;0;#NULL!;0;0;White;No;0;Unknown;Motorist Drive Out - Sign-Controlled Intersection;None;No;No;Dry;0;Urban;No;14NOV2010;0;12:23;Female;No;Residential;O: No Injury;No;O: No Injury;4572;November;0;Straight - Grade;Piedmont;Facing Traffic;Stop Sign;Sunday;Intersection;Unknown;0;Two-Way, Not Divided;2 lanes;0;#NULL!;#NULL!;Smooth Asphalt;#NULL!;No Special Feature;Motorist Failed to Yield - Sign-Controlled Intersection;Local Street;O: No Injury;Vance;68;Clear;#NULL!;26-30 mph;20 - 25  MPH;2010;Daylight;60-69
35.3195948416, -82.4616537273;"{""type"": ""Point"", ""coordinates"": [-82.46165372730657, 35.319594841618645]}";White;Hendersonville;Sidewalk / Crosswalk / Driveway Crossing;2;11;Urban (>70% Developed);Male;Passenger Car;0;#NULL!;0;0;White;No;0;40-49;Motorist Drive Out - Commercial Driveway / Alley;None;No;No;Dry;0;Urban;No;23NOV2010;0;11:49;Male;No;Commercial;C: Possible Injury;Yes;O: No Injury;4590;November;0;Straight - Level;Mountains;Facing Traffic;No Control Present;Tuesday;Non-Intersection;47;0;One-Way, Not Divided;3 lanes;0;#NULL!;#NULL!;Coarse Asphalt;#NULL!;No Special Feature;Motorist Failed to Yield - Midblock;Local Street;C: Possible Injury;Henderson;63;Clear;#NULL!;Unknown;30 - 35  MPH;2010;Daylight;60-69
34.2101737645, -77.8369222873;"{""type"": ""Point"", ""coordinates"": [-77.83692228733733, 34.210173764543676]}";White;Wilmington;Travel Lane;2;16;Urban (>70% Developed);Male;Sport Utility;0;#NULL!;0;0;White;No;0;30-39;Motorist Left Turn - Opposite Direction;None;No;No;Dry;0;Urban;No;03DEC2010;0;16:24;Male;No;Commercial;C: Possible Injury;Yes;O: No Injury;4591;December;0;Straight - Level;Coastal;With Traffic;Stop And Go Signal;Friday;Intersection;32;0;Two-Way, Not Divided;9 or more lanes;0;#NULL!;#NULL!;Smooth Asphalt;#NULL!;No Special Feature;Motorist Left Turn / Merge;Local Street;C: Possible Injury;New Hanover;68;Clear;#NULL!;41-45 mph;40 - 45  MPH;2010;Daylight;60-69
35.4628569337, -80.8072392438;"{""type"": ""Point"", ""coordinates"": [-80.80723924378401, 35.462856933701175]}";White;Davidson;Travel Lane;3;12;Urban (>70% Developed);Male;Sport Utility;0;#NULL!;0;0;White;No;0;30-39;Motorist Overtaking - Misjudged Space;None;No;No;Dry;0;Urban;No;02DEC2010;0;12:24;Male;No;Residential;B: Evident Injury;No;O: No Injury;4592;December;0;Straight - Hillcrest;Piedmont;With Traffic;No Control Present;Thursday;Non-Intersection;34;0;Two-Way, Not Divided;2 lanes;0;#NULL!;#NULL!;Smooth Asphalt;#NULL!;No Special Feature;Motorist Overtaking Bicyclist;Local Street;B: Evident Injury;Mecklenburg;52;Clear;#NULL!;21-25 mph;20 - 25  MPH;2010;Daylight;50-59
35.7964130786, -78.7592026465;"{""type"": ""Point"", ""coordinates"": [-78.75920264647006, 35.796413078624205]}";Black;Cary;Sidewalk / Crosswalk / Driveway Crossing;2;10;Urban (>70% Developed);Male;Passenger Car;0;#NULL!;0;0;Asian;No;0;40-49;Motorist Drive Out - Sign-Controlled Intersection;None;Yes;Yes;Dry;0;Urban;No;14DEC2010;0;10:04;Male;No;Residential;C: Possible Injury;Yes;O: No Injury;4595;December;0;Straight - Grade;Piedmont;Facing Traffic;Stop Sign;Tuesday;Intersection;44;0;Two-Way, Divided, Unprotected Median;4 lanes;0;#NULL!;#NULL!;Smooth Asphalt;#NULL!;T-Intersection;Motorist Failed to Yield - Sign-Controlled Intersection;NC Route;C: Possible Injury;Wake;43;Clear;#NULL!;0-5 mph;20 - 25  MPH;2010;Daylight;40-49
35.6125409029, -82.4526937416;"{""type"": ""Point"", ""coordinates"": [-82.45269374162302, 35.612540902864446]}";White;None - Rural Crash;Travel Lane;2;14;Rural (<30% Developed);Male;Passenger Car;0;#NULL!;0;0;Unknown/Missing;No;0;20-24;Bicyclist Left Turn - Same Direction;None;No;No;Dry;0;Rural;Yes;19DEC2010;0;14:04;Unknown;No;Commercial;C: Possible Injury;No;Unknown Injury;4600;December;0;Straight - Grade;Mountains;With Traffic;Double Yellow Line, No Passing Zone;Sunday;Non-Intersection;22;0;Two-Way, Not Divided;2 lanes;0;#NULL!;#NULL!;Smooth Asphalt;#NULL!;Driveway, Public;Bicyclist Left Turn / Merge;State Secondary Route;C: Possible Injury;Buncombe;Unknown;Clear;#NULL!;21-25 mph;20 - 25  MPH;2010;Daylight;Unknown
35.9306021409, -77.8200783675;"{""type"": ""Point"", ""coordinates"": [-77.82007836754924, 35.93060214092658]}";Black;Rocky Mount;Travel Lane;2;15;Urban (>70% Developed);Male;Sport Utility;0;#NULL!;0;0;White;No;0;20-24;Motorist Drive Out - Sign-Controlled Intersection;None;No;No;Wet;0;Urban;No;16NOV2010;0;15:54;Female;No;Residential;B: Evident Injury;Yes;O: No Injury;4605;November;0;Straight - Level;Coastal;Facing Traffic;Stop Sign;Tuesday;Intersection;21;0;Two-Way, Not Divided;2 lanes;0;#NULL!;#NULL!;Smooth Asphalt;#NULL!;Four-Way Intersection;Motorist Failed to Yield - Sign-Controlled Intersection;Local Street;B: Evident Injury;Nash;38;Rain;#NULL!;Unknown;30 - 35  MPH;2010;Daylight;30-39
36.1752311108, -80.0886430682;"{""type"": ""Point"", ""coordinates"": [-80.08864306817128, 36.175231110818345]}";White;None - Rural Crash;Bike Lane / Paved Shoulder;2;18;Rural (<30% Developed);Male;Passenger Car;0;#NULL!;0;0;White;No;0;11-15;Motorist Overtaking - Other / Unknown;None;No;No;Dry;0;Rural;No;23DEC2010;0;18:19;Male;No;Farms, Woods, Pastures;B: Evident Injury;Yes;O: No Injury;4609;December;0;Straight - Level;Piedmont;With Traffic;Double Yellow Line, No Passing Zone;Thursday;Non-Intersection;15;0;Two-Way, Not Divided;2 lanes;0;#NULL!;#NULL!;Coarse Asphalt;#NULL!;No Special Feature;Motorist Overtaking Bicyclist;State Secondary Route;B: Evident Injury;Forsyth;25;Clear;#NULL!;36-40 mph;40 - 45  MPH;2010;Dark - Roadway Not Lighted;25-29
35.7151170909, -77.9241283879;"{""type"": ""Point"", ""coordinates"": [-77.92412838789792, 35.71511709087936]}";Black;Wilson;Travel Lane;2;13;Urban (>70% Developed);Male;Passenger Car;0;#NULL!;0;0;White;No;0;40-49;Motorist Drive Out - Other Midblock;None;No;No;Dry;0;Urban;No;30NOV2010;0;13:53;Male;No;Commercial;B: Evident Injury;No;O: No Injury;4623;November;0;Curve - Level;Coastal;Facing Traffic;No Control Present;Tuesday;Non-Intersection;41;0;Two-Way, Not Divided;2 lanes;0;#NULL!;#NULL!;Coarse Asphalt;#NULL!;Driveway, Public;Motorist Failed to Yield - Midblock;Public Vehicular Area;B: Evident Injury;Wilson;54;Clear;#NULL!;0-5 mph;30 - 35  MPH;2010;Daylight;50-59
35.7143970912, -77.8977323806;"{""type"": ""Point"", ""coordinates"": [-77.89773238062395, 35.714397091216554]}";White;Wilson;Travel Lane;2;11;Urban (>70% Developed);Male;Unknown;0;#NULL!;0;0;Unknown/Missing;No;0;40-49;Motorist Overtaking - Other / Unknown;None;No;No;Dry;0;Urban;Yes;24NOV2010;0;11:42;Unknown;Missing;Residential;B: Evident Injury;Yes;Unknown Injury;4624;November;0;Straight - Level;Coastal;With Traffic;No Control Present;Wednesday;Non-Intersection;42;0;Two-Way, Not Divided;2 lanes;0;#NULL!;#NULL!;Coarse Asphalt;#NULL!;No Special Feature;Motorist Overtaking Bicyclist;Local Street;B: Evident Injury;Wilson;Unknown;Clear;#NULL!;36-40 mph;30 - 35  MPH;2010;Daylight;Unknown
36.4128472508, -77.6160023314;"{""type"": ""Point"", ""coordinates"": [-77.61600233135078, 36.412847250815446]}";Black;Weldon;Bike Lane / Paved Shoulder;2;11;Mixed (30% To 70% Developed);Male;Passenger Car;0;#NULL!;0;0;Black;No;0;40-49;Motorist Lost Control - Mechanical Problems;None;No;No;Dry;0;Rural;No;28OCT2010;0;11:37;Female;No;Residential;C: Possible Injury;No;O: No Injury;4631;October;0;Straight - Level;Coastal;Facing Traffic;No Control Present;Thursday;Non-Intersection;47;0;Two-Way, Not Divided;2 lanes;0;#NULL!;#NULL!;Smooth Asphalt;#NULL!;Driveway, Public;Loss of Control / Turning Error;Local Street;C: Possible Injury;Halifax;70+;Clear;#NULL!;41-45 mph;40 - 45  MPH;2010;Daylight;70+
35.4119169309, -80.5830131741;"{""type"": ""Point"", ""coordinates"": [-80.58301317410522, 35.411916930919936]}";White;Concord;Travel Lane;2;16;Urban (>70% Developed);Male;Light Truck (Mini-Van, Panel);0;#NULL!;0;0;Unknown/Missing;No;0;30-39;Motorist Drive Out - Sign-Controlled Intersection;None;No;No;Dry;0;Urban;Yes;20JAN2010;0;16:47;Unknown;No;Commercial;C: Possible Injury;No;Unknown Injury;4632;January;0;Straight - Level;Piedmont;Facing Traffic;Stop Sign;Wednesday;Intersection;35;0;Two-Way, Not Divided;2 lanes;0;#NULL!;#NULL!;Smooth Asphalt;#NULL!;T-Intersection;Motorist Failed to Yield - Sign-Controlled Intersection;Local Street;C: Possible Injury;Cabarrus;Unknown;Clear;#NULL!;0-5 mph;20 - 25  MPH;2010;Daylight;Unknown
35.0507069139, -78.8790726435;"{""type"": ""Point"", ""coordinates"": [-78.87907264353291, 35.050706913854]}";Black;Fayetteville;Sidewalk / Crosswalk / Driveway Crossing;2;13;Urban (>70% Developed);Male;Pickup;0;#NULL!;0;0;Native American;No;0;50-59;Bicyclist Ride Through - Signalized Intersection;None;No;No;Snow;0;Urban;No;21JAN2009;0;13:32;Male;No;Commercial;C: Possible Injury;Yes;O: No Injury;4646;January;0;Straight - Level;Coastal;Facing Traffic;Stop And Go Signal;Wednesday;Intersection;53;0;Two-Way, Divided, Unprotected Median;3 lanes;0;#NULL!;#NULL!;Coarse Asphalt;#NULL!;Four-Way Intersection;Bicyclist Failed to Yield - Signalized Intersection;Local Street;C: Possible Injury;Cumberland;70+;Clear;#NULL!;31-35 mph;30 - 35  MPH;2009;Daylight;70+
36.2768472427, -77.0113921384;"{""type"": ""Point"", ""coordinates"": [-77.01139213843814, 36.27684724269056]}";Black;None - Rural Crash;Bike Lane / Paved Shoulder;2;18;Rural (<30% Developed);Male;Sport Utility;0;#NULL!;0;0;White;No;0;20-24;Motorist Overtaking - Misjudged Space;None;No;No;Dry;0;Rural;No;09FEB2009;0;18:58;Male;No;Commercial;C: Possible Injury;Yes;O: No Injury;4656;February;0;Curve - Level;Coastal;With Traffic;Double Yellow Line, No Passing Zone;Monday;Non-Intersection;21;0;Two-Way, Not Divided;2 lanes;0;#NULL!;#NULL!;Coarse Asphalt;#NULL!;No Special Feature;Motorist Overtaking Bicyclist;NC Route;C: Possible Injury;Hertford;70+;Clear;#NULL!;51-55 mph;50 - 55  MPH;2009;Dark - Roadway Not Lighted;70+
34.796176908, -77.3992621825;"{""type"": ""Point"", ""coordinates"": [-77.3992621825058, 34.79617690798475]}";White;Jacksonville;Travel Lane;2;22;Mixed (30% To 70% Developed);Male;Unknown;0;#NULL!;0;0;Unknown/Missing;No;0;16-19;Parallel Paths - Other / Unknown;None;No;No;Dry;0;Urban;Yes;25JAN2009;0;22:22;Unknown;No;Commercial;C: Possible Injury;Yes;Unknown Injury;4668;January;0;Curve - Level;Coastal;With Traffic;No Control Present;Sunday;Non-Intersection;18;0;Two-Way, Divided, Unprotected Median;2 lanes;0;#NULL!;#NULL!;Smooth Asphalt;#NULL!;No Special Feature;Parallel Paths - Other Circumstances;Local Street;C: Possible Injury;Onslow;Unknown;Clear;#NULL!;Unknown;20 - 25  MPH;2009;Dark - Lighted Roadway;Unknown
35.7808450797, -78.6476086121;"{""type"": ""Point"", ""coordinates"": [-78.64760861205163, 35.78084507971702]}";Black;Raleigh;Sidewalk / Crosswalk / Driveway Crossing;2;20;Urban (>70% Developed);Male;Passenger Car;0;#NULL!;0;0;White;No;0;40-49;Motorist Drive Out - Signalized Intersection;None;Yes;Yes;Dry;0;Urban;No;09JAN2009;0;20:29;Male;No;Commercial;O: No Injury;Yes;O: No Injury;4672;January;0;Straight - Level;Piedmont;Facing Traffic;Stop And Go Signal;Friday;Intersection;49;0;Two-Way, Not Divided;2 lanes;0;#NULL!;#NULL!;Smooth Asphalt;#NULL!;No Special Feature;Motorist Failed to Yield - Signalized Intersection;Local Street;O: No Injury;Wake;24;Clear;#NULL!;31-35 mph;30 - 35  MPH;2009;Dark - Lighted Roadway;20-24
35.3844470167, -77.9967023931;"{""type"": ""Point"", ""coordinates"": [-77.99670239312921, 35.38444701670933]}";White;Goldsboro;Bike Lane / Paved Shoulder;2;17;Urban (>70% Developed);Male;Passenger Car;0;#NULL!;0;0;White;No;0;40-49;Bicyclist Ride Out - Signalized  Intersection;None;No;No;Dry;0;Urban;No;11FEB2009;0;17:10;Female;No;Commercial;C: Possible Injury;Yes;O: No Injury;4680;February;0;Straight - Level;Coastal;Facing Traffic;Stop And Go Signal;Wednesday;Intersection;43;0;Two-Way, Not Divided;6 lanes;0;#NULL!;#NULL!;Coarse Asphalt;#NULL!;No Special Feature;Bicyclist Failed to Yield - Signalized Intersection;Local Street;C: Possible Injury;Wayne;70+;Clear;#NULL!;21-25 mph;20 - 25  MPH;2009;Daylight;70+
34.2578187733, -77.8719323003;"{""type"": ""Point"", ""coordinates"": [-77.87193230032643, 34.257818773325646]}";White;None - Rural Crash;Travel Lane;2;16;Urban (>70% Developed);Female;Pickup;0;#NULL!;0;0;White;No;0;60-69;Motorist Drive Out - Sign-Controlled Intersection;None;No;No;Dry;0;Rural;No;13FEB2009;0;16:10;Male;No;Residential;C: Possible Injury;Yes;O: No Injury;4682;February;0;Straight - Level;Coastal;With Traffic;No Control Present;Friday;Intersection;66;0;Two-Way, Divided, Positive Median Barrier;2 lanes;0;#NULL!;#NULL!;Coarse Asphalt;#NULL!;No Special Feature;Motorist Failed to Yield - Sign-Controlled Intersection;State Secondary Route;C: Possible Injury;New Hanover;70+;Clear;#NULL!;11-15 mph;30 - 35  MPH;2009;Daylight;70+
35.3021568855, -81.1878233483;"{""type"": ""Point"", ""coordinates"": [-81.1878233483051, 35.30215688553704]}";White;Gastonia;Travel Lane;3;20;Urban (>70% Developed);Male;Pedestrian;0;#NULL!;0;0;White;No;0;50-59;Motorist Overtaking - Other / Unknown;None;Yes;No;Dry;0;Urban;No;09JAN2009;0;20:15;Male;Yes;Commercial;B: Evident Injury;Yes;B: Evident Injury;4683;January;0;Straight - Level;Piedmont;With Traffic;No Control Present;Friday;Non-Intersection;53;0;Two-Way, Divided, Positive Median Barrier;4 lanes;0;#NULL!;#NULL!;Smooth Asphalt;#NULL!;No Special Feature;Motorist Overtaking Bicyclist;US Route;O: No Injury;Gaston;34;Clear;#NULL!;Unknown;Unknown;2009;Dark - Roadway Not Lighted;30-39
35.2706220061, -77.5828022618;"{""type"": ""Point"", ""coordinates"": [-77.58280226177625, 35.27062200614355]}";Black;Kinston;Travel Lane;2;12;Urban (>70% Developed);Female;Motorcycle;0;#NULL!;0;0;Black;No;0;6-10;Motorist Overtaking - Other / Unknown;None;No;No;Dry;0;Urban;No;07MAR2009;0;12:53;Female;No;Commercial;B: Evident Injury;Yes;B: Evident Injury;4685;March;0;Curve - Level;Coastal;With Traffic;No Control Present;Saturday;Non-Intersection;10;0;Two-Way, Not Divided;2 lanes;0;#NULL!;#NULL!;Smooth Asphalt;#NULL!;T-Intersection;Motorist Overtaking Bicyclist;Local Street;O: No Injury;Lenoir;29;Clear;#NULL!;31-35 mph;30 - 35  MPH;2009;Daylight;25-29
35.3951069263, -80.614947183;"{""type"": ""Point"", ""coordinates"": [-80.6149471830403, 35.39510692625825]}";Black;Concord;Sidewalk / Crosswalk / Driveway Crossing;2;15;Urban (>70% Developed);Male;Pickup;0;#NULL!;0;0;White;No;0;20-24;Motorist Drive Out - Commercial Driveway / Alley;None;No;No;Dry;0;Urban;No;17FEB2009;0;15:25;Male;No;Commercial;C: Possible Injury;Yes;O: No Injury;4688;February;0;Straight - Level;Piedmont;Facing Traffic;No Control Present;Tuesday;Non-Intersection;24;0;Two-Way, Divided, Unprotected Median;4 lanes;0;#NULL!;#NULL!;Coarse Asphalt;#NULL!;T-Intersection;Motorist Failed to Yield - Midblock;US Route;C: Possible Injury;Cabarrus;70+;Clear;#NULL!;0-5 mph;40 - 45  MPH;2009;Daylight;70+
36.0798450818, -80.3357631378;"{""type"": ""Point"", ""coordinates"": [-80.33576313778592, 36.079845081775574]}";White;Winston-Salem;Travel Lane;2;19;Urban (>70% Developed);Male;Passenger Car;0;#NULL!;0;0;White;No;0;50-59;Motorist Overtaking - Other / Unknown;None;No;No;Dry;0;Urban;No;21FEB2009;0;19:39;Female;No;Commercial;A: Disabling Injury;Yes;O: No Injury;4689;February;0;Straight - Level;Piedmont;With Traffic;No Control Present;Saturday;Non-Intersection;58;0;Two-Way, Not Divided;4 lanes;0;#NULL!;#NULL!;Smooth Asphalt;#NULL!;No Special Feature;Motorist Overtaking Bicyclist;Local Street;A: Disabling Injury;Forsyth;51;Clear;#NULL!;31-35 mph;30 - 35  MPH;2009;Dark - Lighted Roadway;50-59
36.0417440827, -80.0940130624;"{""type"": ""Point"", ""coordinates"": [-80.0940130623755, 36.041744082738006]}";White;None - Rural Crash;Travel Lane;2;17;Rural (<30% Developed);Male;Passenger Car;0;#NULL!;0;0;White;No;0;40-49;Motorist Drive Out - Sign-Controlled Intersection;None;No;No;Dry;0;Rural;No;23MAR2009;0;17:00;Male;No;Farms, Woods, Pastures;B: Evident Injury;No;O: No Injury;4703;March;0;Straight - Level;Piedmont;With Traffic;Stop Sign;Monday;Intersection;43;0;Two-Way, Not Divided;2 lanes;0;#NULL!;#NULL!;Smooth Asphalt;#NULL!;T-Intersection;Motorist Failed to Yield - Sign-Controlled Intersection;State Secondary Route;B: Evident Injury;Forsyth;33;Clear;#NULL!;0-5 mph;40 - 45  MPH;2009;Daylight;30-39
35.7611171005, -77.9340723942;"{""type"": ""Point"", ""coordinates"": [-77.93407239417957, 35.761117100507114]}";Black;Wilson;Travel Lane;2;9;Urban (>70% Developed);Male;Passenger Car;0;#NULL!;0;0;White;No;0;60-69;Motorist Drive Out - Sign-Controlled Intersection;None;No;No;Ice;0;Urban;No;02MAR2009;0;9:50;Male;No;Residential;O: No Injury;No;O: No Injury;4708;March;0;Straight - Level;Coastal;Facing Traffic;Stop Sign;Monday;Intersection;63;0;Two-Way, Not Divided;5 lanes;0;#NULL!;#NULL!;Coarse Asphalt;#NULL!;T-Intersection;Motorist Failed to Yield - Sign-Controlled Intersection;Local Street;O: No Injury;Wilson;16;Snow, Sleet, Hail, Freezing Rain/Drizzle;#NULL!;Unknown;30 - 35  MPH;2009;Daylight;0-19
35.962187147, -77.8200423696;"{""type"": ""Point"", ""coordinates"": [-77.82004236961569, 35.96218714704124]}";White;Rocky Mount;Bike Lane / Paved Shoulder;2;8;Urban (>70% Developed);Male;Unknown;0;#NULL!;0;0;Unknown/Missing;No;0;40-49;Motorist Overtaking - Other / Unknown;None;No;No;Dry;0;Urban;Yes;07FEB2009;0;8:52;Unknown;Missing;Commercial;B: Evident Injury;No;Unknown Injury;4711;February;0;Straight - Level;Coastal;With Traffic;No Control Present;Saturday;Non-Intersection;45;0;Two-Way, Divided, Unprotected Median;2 lanes;0;#NULL!;#NULL!;Coarse Asphalt;#NULL!;No Special Feature;Motorist Overtaking Bicyclist;US Route;B: Evident Injury;Nash;Unknown;Clear;#NULL!;31-35 mph;40 - 45  MPH;2009;Dark - Lighted Roadway;Unknown
34.2424967682, -77.9426623217;"{""type"": ""Point"", ""coordinates"": [-77.94266232165744, 34.24249676815516]}";Black;Wilmington;Sidewalk / Crosswalk / Driveway Crossing;2;20;Urban (>70% Developed);Male;Passenger Car;0;#NULL!;0;0;White;No;0;25-29;Bicyclist Overtaking - Other / Unknown;None;No;No;Dry;0;Urban;No;14MAR2009;0;20:43;Male;No;Residential;O: No Injury;No;O: No Injury;4715;March;0;Straight - Level;Coastal;With Traffic;No Control Present;Saturday;Intersection-Related;27;0;Two-Way, Divided, Unprotected Median;2 lanes;0;#NULL!;#NULL!;Coarse Asphalt;#NULL!;No Special Feature;Bicyclist Overtaking Motorist;Local Street;O: No Injury;New Hanover;23;Cloudy;#NULL!;0-5 mph;20 - 25  MPH;2009;Dark - Lighted Roadway;20-24
36.0471110948, -79.7996429743;"{""type"": ""Point"", ""coordinates"": [-79.7996429742775, 36.04711109478937]}";Black;Greensboro;Non-Roadway;2;19;Urban (>70% Developed);Female;Passenger Car;0;#NULL!;0;0;Black;No;0;20-24;Non-Roadway;None;No;No;Dry;0;Urban;Yes;22MAR2009;0;19:15;Female;No;Commercial;C: Possible Injury;Yes;C: Possible Injury;4716;March;0;Straight - Level;Piedmont;Not Applicable;No Control Present;Sunday;Non-Roadway;20;0;Unknown;Unknown;0;#NULL!;#NULL!;Smooth Asphalt;#NULL!;Driveway, Public;Non-Roadway;Public Vehicular Area;C: Possible Injury;Guilford;20;Clear;#NULL!;Unknown;20 - 25  MPH;2009;Daylight;20-24
36.0533900949, -79.8424529873;"{""type"": ""Point"", ""coordinates"": [-79.84245298728368, 36.05339009488538]}";White;Greensboro;Travel Lane;2;15;Urban (>70% Developed);Male;Single Unit Truck (2-Axle, 6-Tire);0;#NULL!;0;0;White;No;0;20-24;Motorist Left Turn - Opposite Direction;None;No;No;Wet;0;Urban;No;25MAR2009;0;15:21;Male;No;Residential;B: Evident Injury;No;O: No Injury;4724;March;0;Straight - Level;Piedmont;With Traffic;Stop And Go Signal;Wednesday;Intersection;24;0;Two-Way, Not Divided;7 lanes;0;#NULL!;#NULL!;Smooth Asphalt;#NULL!;T-Intersection;Motorist Left Turn / Merge;Local Street;B: Evident Injury;Guilford;60;Rain;#NULL!;11-15 mph;30 - 35  MPH;2009;Daylight;60-69
34.7269739128, -76.7692519877;"{""type"": ""Point"", ""coordinates"": [-76.76925198765433, 34.72697391283091]}";White;Morehead City;Sidewalk / Crosswalk / Driveway Crossing;2;11;Rural (<30% Developed);Male;Van;0;#NULL!;0;0;White;No;0;11-15;Motorist Drive Out - Commercial Driveway / Alley;None;No;No;Dry;0;Urban;No;21MAR2009;0;11:32;Female;No;Commercial;O: No Injury;No;O: No Injury;4725;March;0;Straight - Level;Coastal;Facing Traffic;No Control Present;Saturday;Non-Intersection;12;0;Two-Way, Divided, Unprotected Median;Unknown;0;#NULL!;#NULL!;Smooth Asphalt;#NULL!;No Special Feature;Motorist Failed to Yield - Midblock;Unknown;O: No Injury;Carteret;63;Clear;#NULL!;6-10 mph;5 - 15 MPH;2009;Daylight;60-69
35.8278499822, -81.5807234949;"{""type"": ""Point"", ""coordinates"": [-81.58072349486534, 35.827849982222325]}";White;None - Rural Crash;Driveway / Alley;2;18;Rural (<30% Developed);Male;Van;0;#NULL!;0;0;White;No;0;6-10;Non-Roadway;None;No;No;Dry;0;Rural;No;03APR2009;0;18:02;Female;No;Residential;C: Possible Injury;No;O: No Injury;4728;April;0;Straight - Grade;Mountains;Not Applicable;No Control Present;Friday;Non-Roadway;10;0;One-Way, Not Divided;1 lane;0;#NULL!;#NULL!;Gravel;#NULL!;Driveway, Public;Non-Roadway;Private Road, Driveway;C: Possible Injury;Caldwell;33;Clear;#NULL!;0-5 mph;5 - 15 MPH;2009;Daylight;30-39
36.1027601073, -79.787832974;"{""type"": ""Point"", ""coordinates"": [-79.78783297403565, 36.10276010733087]}";White;Greensboro;Sidewalk / Crosswalk / Driveway Crossing;2;17;Urban (>70% Developed);Male;Passenger Car;0;#NULL!;0;0;White;No;0;11-15;Bicyclist Ride Through - Signalized Intersection;None;No;No;Dry;0;Urban;No;31MAR2009;0;17:19;Male;No;Commercial;C: Possible Injury;Yes;O: No Injury;4730;March;0;Straight - Level;Piedmont;Facing Traffic;Stop And Go Signal;Tuesday;Intersection;13;0;Two-Way, Not Divided;3 lanes;0;#NULL!;#NULL!;Smooth Asphalt;#NULL!;Four-Way Intersection;Bicyclist Failed to Yield - Signalized Intersection;Local Street;C: Possible Injury;Guilford;39;Clear;#NULL!;0-5 mph;30 - 35  MPH;2009;Daylight;30-39
35.8075940891, -78.5505475838;"{""type"": ""Point"", ""coordinates"": [-78.55054758384755, 35.807594089068104]}";White;Raleigh;Travel Lane;2;17;Urban (>70% Developed);Male;Passenger Car;0;#NULL!;0;0;Black;No;0;11-15;Sign-Controlled Intersection - Other / Unknown;Other;No;No;Dry;0;Urban;No;27FEB2009;0;17:41;Female;No;Residential;C: Possible Injury;Yes;O: No Injury;4732;February;0;Curve - Grade;Piedmont;Facing Traffic;Stop Sign;Friday;Intersection;12;0;Two-Way, Not Divided;2 lanes;0;#NULL!;#NULL!;Coarse Asphalt;#NULL!;T-Intersection;Crossing Paths - Other Circumstances;Local Street;C: Possible Injury;Wake;56;Cloudy;#NULL!;21-25 mph;20 - 25  MPH;2009;Dusk;50-59
35.5500970845, -77.0555671157;"{""type"": ""Point"", ""coordinates"": [-77.05556711574322, 35.5500970845305]}";Black;Washington;Travel Lane;2;16;Urban (>70% Developed);Male;Passenger Car;0;#NULL!;0;0;Black;No;0;20-24;Motorist Overtaking - Other / Unknown;None;No;No;Dry;0;Urban;No;19MAR2009;0;16:31;Female;No;Residential;O: No Injury;No;O: No Injury;4735;March;0;Straight - Level;Coastal;Facing Traffic;No Control Present;Thursday;Non-Intersection;21;0;Two-Way, Not Divided;1 lane;0;#NULL!;#NULL!;Coarse Asphalt;#NULL!;No Special Feature;Motorist Overtaking Bicyclist;Local Street;O: No Injury;Beaufort;53;Clear;#NULL!;6-10 mph;30 - 35  MPH;2009;Daylight;50-59