Geo Point;Geo Shape;BikeRace;City;BikePos;NumUnits;CrashHour;Locality;BikeSex;DrvrVehTyp;NumBikesNo;BikeAlcDrg;NumBikesBI;RteInvdCd;DrvrRace;Workzone;NumBikesCi;BikeAgeGrp;CrashType;RdDefects;CrashAlcoh;BikeAlcoho;RdConditio;DstncMiFrm;RuralUrban;HitRun;CrashDate;NumBikesUI;CrashTime;DrvrSex;DrvrAlcoho;Developmen;CrashSevr;AmbulanceR;DrvrInjury;OBJECTID;CrashMonth;NumBikesKi;RdCharacte;Region;BikeDir;TraffCntrl;CrashDay;CrashLoc;BikeAge;NumBikesTo;RdConfig;NumLanes;NumBikesAI;DrvrAlcDrg;OnRoad;RdSurface;Towrd_Rd;RdFeature;CrashGrp;RdClass;BikeInjury;County;DrvrAge;Weather;FrmRd;DrvrEstSpd;SpeedLimit;CrashYear;LightCond;DrvrAgeGrp
35.5620229602, -80.6585632052;"{""type"": ""Point"", ""coordinates"": [-80.65856320521429, 35.56202296016925]}";White;None - Rural Crash;Travel Lane;2;11;Rural (<30% Developed);Male;Light Truck (Mini-Van, Panel);0;#NULL!;0;0;White;No;0;20-24;Motorist Overtaking - Bicyclist Swerved;None;No;No;Dry;0;Rural;No;04APR2009;0;11:35;Male;No;Farms, Woods, Pastures;A: Disabling Injury;Yes;O: No Injury;4739;April;0;Straight - Level;Piedmont;With Traffic;No Control Present;Saturday;Non-Intersection;22;0;Two-Way, Not Divided;2 lanes;0;#NULL!;#NULL!;Smooth Asphalt;#NULL!;No Special Feature;Motorist Overtaking Bicyclist;State Secondary Route;A: Disabling Injury;Rowan;21;Clear;#NULL!;51-55 mph;50 - 55  MPH;2009;Daylight;20-24
36.2173871122, -80.2851671295;"{""type"": ""Point"", ""coordinates"": [-80.28516712951578, 36.217387112192235]}";White;None - Rural Crash;Travel Lane;2;20;Mixed (30% To 70% Developed);Male;Passenger Car;0;#NULL!;0;0;White;No;0;30-39;Motorist Overtaking - Other / Unknown;None;No;No;Dry;0;Rural;No;20MAR2009;0;20:10;Male;No;Farms, Woods, Pastures;A: Disabling Injury;Yes;O: No Injury;4740;March;0;Straight - Level;Piedmont;With Traffic;Double Yellow Line, No Passing Zone;Friday;Non-Intersection;38;0;Two-Way, Not Divided;2 lanes;0;#NULL!;#NULL!;Smooth Asphalt;#NULL!;No Special Feature;Motorist Overtaking Bicyclist;NC Route;A: Disabling Injury;Forsyth;38;Clear;#NULL!;41-45 mph;50 - 55  MPH;2009;Dusk;30-39
35.78615108, -78.6749826199;"{""type"": ""Point"", ""coordinates"": [-78.67498261992097, 35.78615108002086]}";White;Raleigh;Travel Lane;2;9;Urban (>70% Developed);Female;Unknown;0;#NULL!;0;0;Unknown/Missing;No;0;25-29;Bicyclist Overtaking - Passing on Right;None;No;No;Wet;0;Urban;Yes;03APR2009;0;9:27;Unknown;Missing;Institutional;A: Disabling Injury;No;Unknown Injury;4744;April;0;Straight - Level;Piedmont;With Traffic;Other;Friday;Intersection;27;0;Two-Way, Not Divided;2 lanes;0;#NULL!;#NULL!;Smooth Asphalt;#NULL!;No Special Feature;Bicyclist Overtaking Motorist;Local Street;A: Disabling Injury;Wake;Unknown;Clear;#NULL!;6-10 mph;20 - 25  MPH;2009;Daylight;Unknown
35.9272721397, -77.8148673666;"{""type"": ""Point"", ""coordinates"": [-77.81486736662099, 35.9272721396531]}";Black;Rocky Mount;Unknown;3;19;Urban (>70% Developed);Male;Passenger Car;0;#NULL!;0;0;Unknown/Missing;No;0;11-15;Unknown Location;None;No;No;Dry;0;Urban;Yes;20MAR2009;0;19:55;Unknown;No;Residential;B: Evident Injury;Yes;Unknown Injury;4750;March;0;Straight - Level;Coastal;Unknown;No Control Present;Friday;Unknown Location;14;0;Two-Way, Not Divided;2 lanes;0;#NULL!;#NULL!;Coarse Asphalt;#NULL!;No Special Feature;Other / Unknown - Insufficient Details;Local Street;B: Evident Injury;Nash;Unknown;Clear;#NULL!;11-15 mph;30 - 35  MPH;2009;Dark - Roadway Not Lighted;Unknown
35.8499900957, -78.6047526025;"{""type"": ""Point"", ""coordinates"": [-78.60475260251698, 35.84999009574621]}";Asian;Raleigh;Sidewalk / Crosswalk / Driveway Crossing;2;16;Urban (>70% Developed);Male;Passenger Car;0;#NULL!;0;0;White;No;0;16-19;Motorist Drive Out - Sign-Controlled Intersection;None;No;No;Dry;0;Urban;No;04MAR2009;0;16:48;Female;No;Commercial;O: No Injury;No;O: No Injury;4753;March;0;Straight - Level;Piedmont;Facing Traffic;Stop Sign;Wednesday;Intersection;17;0;Two-Way, Not Divided;2 lanes;0;#NULL!;#NULL!;Smooth Asphalt;#NULL!;T-Intersection;Motorist Failed to Yield - Sign-Controlled Intersection;Local Street;O: No Injury;Wake;24;Clear;#NULL!;Unknown;20 - 25  MPH;2009;Daylight;20-24
35.7996770826, -78.6837226235;"{""type"": ""Point"", ""coordinates"": [-78.6837226234692, 35.799677082553025]}";Asian;Raleigh;Travel Lane;2;7;Urban (>70% Developed);Male;Passenger Car;0;#NULL!;0;0;White;No;0;30-39;Motorist Drive Out - Sign-Controlled Intersection;None;No;No;Dry;0;Urban;No;23MAR2009;0;7:38;Female;No;Residential;C: Possible Injury;No;O: No Injury;4762;March;0;Straight - Level;Piedmont;Facing Traffic;Stop Sign;Monday;Intersection;36;0;Two-Way, Not Divided;3 lanes;0;#NULL!;#NULL!;Smooth Asphalt;#NULL!;Four-Way Intersection;Motorist Failed to Yield - Sign-Controlled Intersection;Local Street;C: Possible Injury;Wake;28;Clear;#NULL!;0-5 mph;20 - 25  MPH;2009;Daylight;25-29
35.7670570766, -78.6355026073;"{""type"": ""Point"", ""coordinates"": [-78.63550260731508, 35.767057076619714]}";Black;Raleigh;Travel Lane;2;23;Urban (>70% Developed);Male;Passenger Car;0;#NULL!;0;0;Black;No;0;40-49;Parallel Paths - Other / Unknown;None;Yes;Yes;Dry;0;Urban;No;20MAR2009;0;23:49;Male;Yes;Residential;C: Possible Injury;Yes;O: No Injury;4763;March;0;Straight - Level;Piedmont;With Traffic;Stop And Go Signal;Friday;Intersection;43;0;One-Way, Not Divided;3 lanes;0;#NULL!;#NULL!;Concrete;#NULL!;Four-Way Intersection;Parallel Paths - Other Circumstances;Local Street;C: Possible Injury;Wake;49;Clear;#NULL!;0-5 mph;30 - 35  MPH;2009;Dark - Lighted Roadway;40-49
35.7575409767, -81.3355534182;"{""type"": ""Point"", ""coordinates"": [-81.33555341820373, 35.757540976715745]}";White;Hickory;Sidewalk / Crosswalk / Driveway Crossing;2;13;Urban (>70% Developed);Male;Pickup;0;#NULL!;0;0;White;No;0;11-15;Motorist Drive Out - Sign-Controlled Intersection;None;No;No;Dry;0;Urban;No;15APR2009;0;13:06;Male;No;Commercial;C: Possible Injury;Yes;O: No Injury;4766;April;0;Straight - Level;Piedmont;Facing Traffic;Stop And Go Signal;Wednesday;Intersection;12;0;Two-Way, Not Divided;5 lanes;0;#NULL!;#NULL!;Smooth Asphalt;#NULL!;T-Intersection;Motorist Failed to Yield - Sign-Controlled Intersection;NC Route;C: Possible Injury;Catawba;31;Clear;#NULL!;0-5 mph;30 - 35  MPH;2009;Daylight;30-39
35.7855830797, -78.6612626163;"{""type"": ""Point"", ""coordinates"": [-78.66126261625381, 35.78558307969118]}";Black;Raleigh;Sidewalk / Crosswalk / Driveway Crossing;2;15;Urban (>70% Developed);Male;Van;0;#NULL!;0;0;Black;No;0;40-49;Bicyclist Lost Control - Surface Conditions;None;Yes;Yes;Dry;0;Urban;No;03APR2009;0;15:00;Male;No;Commercial;B: Evident Injury;Yes;O: No Injury;4778;April;0;Straight - Level;Piedmont;Facing Traffic;Stop And Go Signal;Friday;Non-Intersection;45;0;Two-Way, Divided, Unprotected Median;6 lanes;0;#NULL!;#NULL!;Concrete;#NULL!;No Special Feature;Loss of Control / Turning Error;Local Street;B: Evident Injury;Wake;51;Clear;#NULL!;11-15 mph;30 - 35  MPH;2009;Daylight;50-59
35.6082869529, -81.1173433443;"{""type"": ""Point"", ""coordinates"": [-81.11734334430226, 35.60828695293236]}";White;None - Rural Crash;Travel Lane;3;22;Urban (>70% Developed);Male;Sport Utility;0;#NULL!;0;0;White;No;0;40-49;Bicyclist Left Turn - Same Direction;None;Yes;Yes;Dry;0;Rural;No;18APR2009;0;22:47;Female;No;Residential;K: Killed;Yes;O: No Injury;4782;April;0;Straight - Level;Piedmont;With Traffic;Double Yellow Line, No Passing Zone;Saturday;Non-Intersection;42;0;Two-Way, Not Divided;2 lanes;0;#NULL!;#NULL!;Smooth Asphalt;#NULL!;No Special Feature;Bicyclist Left Turn / Merge;NC Route;K: Killed;Catawba;24;Clear;#NULL!;51-55 mph;50 - 55  MPH;2009;Dark - Roadway Not Lighted;20-24
35.2831169731, -78.6360575824;"{""type"": ""Point"", ""coordinates"": [-78.63605758237395, 35.28311697311166]}";Black;None - Rural Crash;Travel Lane;2;14;Rural (<30% Developed);Male;Passenger Car;0;#NULL!;0;0;Black;No;0;40-49;Bicyclist Overtaking - Other / Unknown;None;No;No;Dry;0;Rural;No;23APR2009;0;14:25;Female;No;Farms, Woods, Pastures;C: Possible Injury;Yes;O: No Injury;4786;April;0;Straight - Level;Coastal;With Traffic;No Control Present;Thursday;Intersection;47;0;Two-Way, Not Divided;2 lanes;0;#NULL!;#NULL!;Coarse Asphalt;#NULL!;T-Intersection;Bicyclist Overtaking Motorist;State Secondary Route;C: Possible Injury;Harnett;58;Clear;#NULL!;41-45 mph;50 - 55  MPH;2009;Daylight;50-59
35.6532210112, -79.796076952;"{""type"": ""Point"", ""coordinates"": [-79.79607695198509, 35.65322101118929]}";White;None - Rural Crash;Driveway / Alley;2;14;Mixed (30% To 70% Developed);Male;Passenger Car;0;#NULL!;0;0;White;No;0;11-15;Crossing Paths - Uncontrolled Intersection;None;No;No;Dry;0;Rural;No;09MAY2009;0;14:25;Female;No;Residential;B: Evident Injury;Yes;O: No Injury;4799;May;0;Curve - Level;Piedmont;Not Applicable;Double Yellow Line, No Passing Zone;Saturday;Intersection;15;0;Two-Way, Not Divided;2 lanes;0;#NULL!;#NULL!;Smooth Asphalt;#NULL!;Driveway, Private;Crossing Paths - Other Circumstances;State Secondary Route;B: Evident Injury;Randolph;31;Clear;#NULL!;51-55 mph;50 - 55  MPH;2009;Daylight;30-39
35.8962551315, -77.8605623786;"{""type"": ""Point"", ""coordinates"": [-77.86056237860461, 35.89625513152703]}";White;None - Rural Crash;Travel Lane;2;21;Urban (>70% Developed);Male;Van;0;#NULL!;0;0;Hispanic;No;0;11-15;Backing Vehicle;None;No;No;Dry;0;Rural;No;01MAY2009;0;21:10;Male;No;Residential;C: Possible Injury;Yes;O: No Injury;4803;May;0;Straight - Level;Coastal;With Traffic;No Control Present;Friday;Non-Intersection;12;0;Two-Way, Not Divided;2 lanes;0;#NULL!;#NULL!;Coarse Asphalt;#NULL!;Driveway, Private;Backing Vehicle;Private Road, Driveway;C: Possible Injury;Nash;31;Clear;#NULL!;0-5 mph;5 - 15 MPH;2009;Dark - Unknown Lighting;30-39
35.284701868, -81.5620684589;"{""type"": ""Point"", ""coordinates"": [-81.562068458922, 35.28470186800963]}";White;Shelby;Travel Lane;2;10;Urban (>70% Developed);Female;Passenger Car;0;#NULL!;0;0;White;No;0;40-49;Motorist Drive Out - Sign-Controlled Intersection;None;No;No;Dry;0;Urban;No;09MAY2009;0;10:17;Male;No;Residential;O: No Injury;Yes;O: No Injury;4812;May;0;Straight - Level;Mountains;With Traffic;Stop Sign;Saturday;Intersection;41;0;Two-Way, Not Divided;5 lanes;0;#NULL!;#NULL!;Coarse Asphalt;#NULL!;Four-Way Intersection;Motorist Failed to Yield - Sign-Controlled Intersection;Local Street;Unknown Injury;Cleveland;70+;Clear;#NULL!;11-15 mph;30 - 35  MPH;2009;Daylight;70+
35.5821639558, -80.8972232775;"{""type"": ""Point"", ""coordinates"": [-80.89722327746408, 35.5821639557768]}";White;Mooresville;Sidewalk / Crosswalk / Driveway Crossing;2;7;Urban (>70% Developed);Female;School Bus;0;#NULL!;0;0;Black;No;0;6-10;Motorist Drive Out - Commercial Driveway / Alley;None;No;No;Dry;0;Urban;No;07MAY2009;0;7:59;Female;No;Institutional;C: Possible Injury;No;O: No Injury;4813;May;0;Straight - Level;Piedmont;With Traffic;No Control Present;Thursday;Non-Intersection;7;0;Two-Way, Not Divided;2 lanes;0;#NULL!;#NULL!;Smooth Asphalt;#NULL!;Driveway, Public;Motorist Failed to Yield - Midblock;Public Vehicular Area;C: Possible Injury;Iredell;42;Clear;#NULL!;0-5 mph;Unknown;2009;Daylight;40-49
34.2034637635, -77.7993222765;"{""type"": ""Point"", ""coordinates"": [-77.79932227654383, 34.20346376349554]}";White;Wrightsville Beach;Travel Lane;2;12;Urban (>70% Developed);Male;Passenger Car;0;#NULL!;0;0;White;No;0;20-24;Motorist Left Turn - Opposite Direction;None;No;No;Dry;0;Rural;No;08MAY2009;0;12:03;Male;No;Residential;B: Evident Injury;Yes;O: No Injury;4816;May;0;Straight - Level;Coastal;With Traffic;No Control Present;Friday;Non-Intersection;23;0;Two-Way, Not Divided;4 lanes;0;#NULL!;#NULL!;Coarse Asphalt;#NULL!;No Special Feature;Motorist Left Turn / Merge;NC Route;B: Evident Injury;New Hanover;19;Clear;#NULL!;Unknown;30 - 35  MPH;2009;Daylight;0-19
34.7463068981, -77.379302175;"{""type"": ""Point"", ""coordinates"": [-77.37930217498854, 34.746306898062095]}";White;Jacksonville;Travel Lane;2;5;Urban (>70% Developed);Male;Unknown;0;#NULL!;0;0;Unknown/Missing;No;0;25-29;Unknown Approach Paths;None;No;No;Dry;0;Urban;Yes;04MAY2009;0;5:23;Unknown;Missing;Commercial;B: Evident Injury;Yes;Unknown Injury;4818;May;0;Straight - Level;Coastal;With Traffic;No Control Present;Monday;Non-Intersection;25;0;Two-Way, Not Divided;7 lanes;0;#NULL!;#NULL!;Smooth Asphalt;#NULL!;No Special Feature;Other / Unknown - Insufficient Details;Local Street;B: Evident Injury;Onslow;Unknown;Clear;#NULL!;31-35 mph;30 - 35  MPH;2009;Dark - Lighted Roadway;Unknown
35.92428914, -77.7899223583;"{""type"": ""Point"", ""coordinates"": [-77.78992235833553, 35.924289140022815]}";Unknown/Missing;Rocky Mount;Travel Lane;2;20;Urban (>70% Developed);Unknown;Sport Utility;0;#NULL!;0;0;Asian;No;0;16-19;Motorist Intentionally Caused;None;No;No;Wet;0;Urban;Yes;21APR2009;0;20:06;Male;No;Residential;C: Possible Injury;Yes;C: Possible Injury;4826;April;0;Straight - Level;Coastal;With Traffic;No Control Present;Tuesday;Non-Intersection;19;0;Two-Way, Not Divided;2 lanes;0;#NULL!;#NULL!;Coarse Asphalt;#NULL!;No Special Feature;Other / Unusual Circumstances;Local Street;Unknown Injury;Edgecombe;19;Rain;#NULL!;31-35 mph;30 - 35  MPH;2009;Dark - Lighted Roadway;0-19
35.5099869512, -80.6155931889;"{""type"": ""Point"", ""coordinates"": [-80.61559318887328, 35.5099869512072]}";White;Kannapolis;Sidewalk / Crosswalk / Driveway Crossing;2;13;Urban (>70% Developed);Male;Passenger Car;0;#NULL!;0;0;Black;No;0;20-24;Motorist Drive Out - Residential Driveway;None;No;No;Dry;0;Urban;No;18MAY2009;0;13:42;Male;No;Commercial;C: Possible Injury;Yes;O: No Injury;4831;May;0;Straight - Level;Piedmont;Not Applicable;No Control Present;Monday;Non-Intersection;21;0;Unknown;2 lanes;0;#NULL!;#NULL!;Smooth Asphalt;#NULL!;Driveway, Public;Motorist Failed to Yield - Midblock;NC Route;C: Possible Injury;Rowan;43;Clear;#NULL!;0-5 mph;30 - 35  MPH;2009;Daylight;40-49
36.0214570878, -79.8304129822;"{""type"": ""Point"", ""coordinates"": [-79.83041298218411, 36.0214570878412]}";Black;Greensboro;Sidewalk / Crosswalk / Driveway Crossing;2;16;Urban (>70% Developed);Male;Passenger Car;0;#NULL!;0;0;Black;No;0;11-15;Signalized Intersection - Other / Unknown;None;No;No;Dry;0;Urban;No;20MAY2009;0;16:01;Female;No;Residential;C: Possible Injury;No;O: No Injury;4852;May;0;Straight - Level;Piedmont;Facing Traffic;Stop And Go Signal;Wednesday;Intersection;15;0;Two-Way, Not Divided;3 lanes;0;#NULL!;#NULL!;Smooth Asphalt;#NULL!;T-Intersection;Crossing Paths - Other Circumstances;Local Street;C: Possible Injury;Guilford;32;Clear;#NULL!;0-5 mph;30 - 35  MPH;2009;Daylight;30-39
35.2065919279, -79.4510028241;"{""type"": ""Point"", ""coordinates"": [-79.45100282413449, 35.20659192787611]}";White;Pinehurst;Travel Lane;3;19;Mixed (30% To 70% Developed);Female;Passenger Car;0;#NULL!;0;0;White;No;0;50-59;Parallel Paths - Other / Unknown;None;No;No;Dry;0;Urban;No;22MAY2009;0;19:06;Female;No;Residential;B: Evident Injury;Yes;O: No Injury;4858;May;0;Straight - Level;Piedmont;With Traffic;Stop And Go Signal;Friday;Intersection;50;0;Two-Way, Not Divided;4 lanes;0;#NULL!;#NULL!;Smooth Asphalt;#NULL!;Four-Way Intersection;Parallel Paths - Other Circumstances;US Route;B: Evident Injury;Moore;50;Clear;#NULL!;16-20 mph;30 - 35  MPH;2009;Daylight;50-59
35.1010169224, -78.95688267;"{""type"": ""Point"", ""coordinates"": [-78.95688266998681, 35.10101692243191]}";White;Fayetteville;Travel Lane;2;3;Urban (>70% Developed);Male;Unknown;0;#NULL!;0;0;Unknown/Missing;No;0;50-59;Motorist Overtaking - Misjudged Space;None;No;No;Dry;0;Urban;Yes;25MAY2009;0;3:32;Unknown;Missing;Residential;O: No Injury;Yes;Unknown Injury;4866;May;0;Straight - Level;Coastal;With Traffic;No Control Present;Monday;Non-Intersection;51;0;Two-Way, Not Divided;2 lanes;0;#NULL!;#NULL!;Coarse Asphalt;#NULL!;No Special Feature;Motorist Overtaking Bicyclist;Local Street;O: No Injury;Cumberland;Unknown;Clear;#NULL!;16-20 mph;20 - 25  MPH;2009;Dark - Lighted Roadway;Unknown
35.0883708556, -80.7556132084;"{""type"": ""Point"", ""coordinates"": [-80.75561320839238, 35.088370855629016]}";White;Charlotte;Travel Lane;2;16;Urban (>70% Developed);Male;Passenger Car;0;#NULL!;0;0;White;No;0;50-59;Motorist Drive Out - Midblock - Unknown;None;No;No;Dry;0;Urban;No;02JUN2009;0;16:36;Female;No;Residential;B: Evident Injury;Yes;C: Possible Injury;4872;June;0;Straight - Grade;Piedmont;With Traffic;Stop Sign;Tuesday;Non-Intersection;54;0;Two-Way, Not Divided;2 lanes;0;#NULL!;#NULL!;Smooth Asphalt;#NULL!;No Special Feature;Motorist Failed to Yield - Midblock;Local Street;B: Evident Injury;Mecklenburg;42;Clear;#NULL!;0-5 mph;30 - 35  MPH;2009;Daylight;40-49
35.5969369764, -80.4261581377;"{""type"": ""Point"", ""coordinates"": [-80.42615813774071, 35.59693697640472]}";White;None - Rural Crash;Travel Lane;2;16;Mixed (30% To 70% Developed);Male;Light Truck (Mini-Van, Panel);0;#NULL!;0;0;White;No;0;11-15;Bicyclist Ride Through - Sign-Controlled Intersection;None;No;No;Dry;0;Rural;No;11JUN2009;0;16:08;Female;No;Farms, Woods, Pastures;C: Possible Injury;No;O: No Injury;4880;June;0;Straight - Grade;Piedmont;With Traffic;Stop Sign;Thursday;Intersection;15;0;Two-Way, Not Divided;5 lanes;0;#NULL!;#NULL!;Smooth Asphalt;#NULL!;T-Intersection;Bicyclist Failed to Yield - Sign-Controlled Intersection;US Route;C: Possible Injury;Rowan;27;Cloudy;#NULL!;41-45 mph;50 - 55  MPH;2009;Daylight;25-29
35.8773471006, -78.6454426158;"{""type"": ""Point"", ""coordinates"": [-78.64544261579333, 35.87734710062306]}";White;Raleigh;Sidewalk / Crosswalk / Driveway Crossing;2;7;Urban (>70% Developed);Male;Passenger Car;0;#NULL!;0;0;Black;No;0;20-24;Motorist Drive Out - Commercial Driveway / Alley;None;No;No;Dry;0;Urban;No;22MAY2009;0;7:02;Male;No;Commercial;C: Possible Injury;Yes;O: No Injury;4882;May;0;Straight - Level;Piedmont;With Traffic;No Control Present;Friday;Non-Intersection;23;0;Two-Way, Not Divided;2 lanes;0;#NULL!;#NULL!;Coarse Asphalt;#NULL!;Driveway, Public;Motorist Failed to Yield - Midblock;Public Vehicular Area;C: Possible Injury;Wake;28;Clear;#NULL!;0-5 mph;Unknown;2009;Daylight;25-29
35.6646069895, -80.4602231511;"{""type"": ""Point"", ""coordinates"": [-80.46022315109519, 35.66460698951797]}";Black;Salisbury;Travel Lane;2;17;Urban (>70% Developed);Male;Passenger Car;0;#NULL!;0;0;White;No;0;20-24;Bicyclist Ride Through - Sign-Controlled Intersection;None;No;No;Wet;0;Urban;No;11JUN2009;0;17:25;Male;No;Residential;B: Evident Injury;Yes;O: No Injury;4884;June;0;Straight - Level;Piedmont;With Traffic;Stop Sign;Thursday;Intersection;24;0;Two-Way, Not Divided;2 lanes;0;#NULL!;#NULL!;Coarse Asphalt;#NULL!;Four-Way Intersection;Bicyclist Failed to Yield - Sign-Controlled Intersection;Local Street;B: Evident Injury;Rowan;19;Cloudy;#NULL!;21-25 mph;20 - 25  MPH;2009;Daylight;0-19
35.9999771167, -78.9093027027;"{""type"": ""Point"", ""coordinates"": [-78.90930270272428, 35.999977116682054]}";White;Durham;Travel Lane;2;23;Urban (>70% Developed);Male;Sport Utility;0;#NULL!;0;0;White;No;0;25-29;Motorist Left Turn - Opposite Direction;None;Yes;Yes;Dry;0;Urban;No;10JUN2009;0;23:48;Male;No;Commercial;B: Evident Injury;No;O: No Injury;4885;June;0;Straight - Level;Piedmont;With Traffic;Stop And Go Signal;Wednesday;Intersection;29;0;Two-Way, Divided, Unprotected Median;3 lanes;0;#NULL!;#NULL!;Coarse Asphalt;#NULL!;T-Intersection;Motorist Left Turn / Merge;Local Street;B: Evident Injury;Durham;45;Clear;#NULL!;0-5 mph;20 - 25  MPH;2009;Dark - Lighted Roadway;40-49
35.8304670905, -78.6274326078;"{""type"": ""Point"", ""coordinates"": [-78.62743260782314, 35.830467090499454]}";Black;Raleigh;Non-Roadway;2;21;Urban (>70% Developed);Male;Passenger Car;0;#NULL!;0;0;Hispanic;No;0;11-15;Non-Roadway;None;Yes;No;Dry;0;Urban;No;25MAY2009;0;21:59;Male;Yes;Residential;C: Possible Injury;Yes;O: No Injury;4887;May;0;Straight - Level;Piedmont;Not Applicable;No Control Present;Monday;Non-Roadway;12;0;Two-Way, Not Divided;2 lanes;0;#NULL!;#NULL!;Smooth Asphalt;#NULL!;No Special Feature;Non-Roadway;Local Street;C: Possible Injury;Wake;27;Cloudy;#NULL!;6-10 mph;20 - 25  MPH;2009;Daylight;25-29
34.7706408421, -79.2044427269;"{""type"": ""Point"", ""coordinates"": [-79.20444272689407, 34.77064084205994]}";Native American;None - Rural Crash;Travel Lane;2;22;Rural (<30% Developed);Male;Pickup;0;#NULL!;0;0;White;No;0;30-39;Motorist Overtaking - Misjudged Space;None;No;No;Dry;0;Rural;No;20JUN2009;0;22:17;Male;No;Farms, Woods, Pastures;B: Evident Injury;Yes;O: No Injury;4906;June;0;Straight - Level;Coastal;With Traffic;No Control Present;Saturday;Non-Intersection;38;0;Two-Way, Not Divided;2 lanes;0;#NULL!;#NULL!;Coarse Asphalt;#NULL!;No Special Feature;Motorist Overtaking Bicyclist;NC Route;B: Evident Injury;Robeson;40;Clear;#NULL!;51-55 mph;50 - 55  MPH;2009;Dark - Roadway Not Lighted;40-49
35.4930299383, -80.8468432572;"{""type"": ""Point"", ""coordinates"": [-80.84684325717953, 35.49302993826956]}";White;Davidson;Travel Lane;2;6;Rural (<30% Developed);Male;Van;0;#NULL!;0;0;Unknown/Missing;No;0;50-59;Bicyclist Overtaking - Parked Vehicle;Road Surface Condition;No;No;Wet;0;Urban;No;05JUN2009;0;6:29;Unknown;Missing;Residential;B: Evident Injury;Yes;Unknown Injury;4908;June;0;Straight - Grade;Piedmont;With Traffic;No Control Present;Friday;Non-Intersection;55;0;Two-Way, Not Divided;2 lanes;0;#NULL!;#NULL!;Smooth Asphalt;#NULL!;No Special Feature;Bicyclist Overtaking Motorist;Local Street;B: Evident Injury;Mecklenburg;Unknown;Clear;#NULL!;Unknown;Unknown;2009;Daylight;Unknown
35.2912128587, -81.8501435449;"{""type"": ""Point"", ""coordinates"": [-81.85014354492073, 35.29121285873927]}";White;None - Rural Crash;Travel Lane;2;16;Mixed (30% To 70% Developed);Male;Passenger Car;0;#NULL!;0;0;White;No;0;6-10;Bicyclist Ride Through - Sign-Controlled Intersection;None;No;No;Dry;0;Rural;No;25JUN2009;0;16:10;Female;No;Residential;B: Evident Injury;No;O: No Injury;4916;June;0;Straight - Level;Mountains;With Traffic;Stop Sign;Thursday;Intersection;10;0;Two-Way, Not Divided;2 lanes;0;#NULL!;#NULL!;Smooth Asphalt;#NULL!;No Special Feature;Bicyclist Failed to Yield - Sign-Controlled Intersection;State Secondary Route;B: Evident Injury;Rutherford;55;Clear;#NULL!;16-20 mph;30 - 35  MPH;2009;Daylight;50-59
35.6739229911, -80.4781231578;"{""type"": ""Point"", ""coordinates"": [-80.47812315780085, 35.67392299110059]}";White;Salisbury;Sidewalk / Crosswalk / Driveway Crossing;2;16;Mixed (30% To 70% Developed);Male;Van;0;#NULL!;0;0;White;No;0;30-39;Motorist Drive Out - Commercial Driveway / Alley;None;No;No;Dry;0;Urban;No;25JUN2009;0;16:47;Male;No;Commercial;O: No Injury;No;O: No Injury;4918;June;0;Straight - Level;Piedmont;Facing Traffic;No Control Present;Thursday;Non-Intersection;33;0;Two-Way, Not Divided;2 lanes;0;#NULL!;#NULL!;Coarse Asphalt;#NULL!;No Special Feature;Motorist Failed to Yield - Midblock;Local Street;O: No Injury;Rowan;51;Clear;#NULL!;6-10 mph;30 - 35  MPH;2009;Daylight;50-59
35.9321271419, -77.7907323587;"{""type"": ""Point"", ""coordinates"": [-77.7907323587164, 35.932127141928575]}";Black;Rocky Mount;Travel Lane;2;15;Mixed (30% To 70% Developed);Male;Pickup;0;#NULL!;0;0;White;No;0;11-15;Motorist Drive Through - Signalized Intersection;None;No;No;Dry;0;Urban;No;13MAY2009;0;15:19;Male;No;Farms, Woods, Pastures;C: Possible Injury;No;O: No Injury;4927;May;0;Straight - Level;Coastal;With Traffic;Flashing Signal Without Stop Sign;Wednesday;Intersection;12;0;Two-Way, Not Divided;6 lanes;0;#NULL!;#NULL!;Coarse Asphalt;#NULL!;No Special Feature;Motorist Failed to Yield - Signalized Intersection;Local Street;C: Possible Injury;Edgecombe;70+;Clear;#NULL!;6-10 mph;30 - 35  MPH;2009;Daylight;70+
35.4832829354, -80.8932432707;"{""type"": ""Point"", ""coordinates"": [-80.89324327067405, 35.483282935358595]}";White;Cornelius;Travel Lane;2;20;Rural (<30% Developed);Male;Sport Utility;0;#NULL!;0;0;White;No;0;40-49;Motorist Drive Out - Sign-Controlled Intersection;None;No;No;Dry;0;Urban;No;18JUN2009;0;20:11;Male;No;Residential;C: Possible Injury;No;O: No Injury;4931;June;0;Straight - Level;Piedmont;Facing Traffic;No Control Present;Thursday;Intersection;46;0;Two-Way, Divided, Unprotected Median;2 lanes;0;#NULL!;#NULL!;Smooth Asphalt;#NULL!;No Special Feature;Motorist Failed to Yield - Sign-Controlled Intersection;Local Street;C: Possible Injury;Mecklenburg;49;Clear;#NULL!;11-15 mph;40 - 45  MPH;2009;Dusk;40-49
34.2315897675, -77.8796523018;"{""type"": ""Point"", ""coordinates"": [-77.8796523017575, 34.23158976747465]}";White;Wilmington;Sidewalk / Crosswalk / Driveway Crossing;2;15;Urban (>70% Developed);Female;Sport Utility;0;#NULL!;0;0;White;No;0;50-59;Motorist Drive Out - Right Turn on Red;None;No;No;Dry;0;Urban;No;17JUN2009;0;15:52;Female;No;Commercial;C: Possible Injury;Yes;O: No Injury;4933;June;0;Straight - Level;Coastal;Facing Traffic;Stop And Go Signal;Wednesday;Intersection;51;0;Two-Way, Not Divided;3 lanes;0;#NULL!;#NULL!;Smooth Asphalt;#NULL!;T-Intersection;Motorist Failed to Yield - Signalized Intersection;Local Street;C: Possible Injury;New Hanover;50;Clear;#NULL!;0-5 mph;30 - 35  MPH;2009;Daylight;50-59