Geo Point;Geo Shape;BikeRace;City;BikePos;NumUnits;CrashHour;Locality;BikeSex;DrvrVehTyp;NumBikesNo;BikeAlcDrg;NumBikesBI;RteInvdCd;DrvrRace;Workzone;NumBikesCi;BikeAgeGrp;CrashType;RdDefects;CrashAlcoh;BikeAlcoho;RdConditio;DstncMiFrm;RuralUrban;HitRun;CrashDate;NumBikesUI;CrashTime;DrvrSex;DrvrAlcoho;Developmen;CrashSevr;AmbulanceR;DrvrInjury;OBJECTID;CrashMonth;NumBikesKi;RdCharacte;Region;BikeDir;TraffCntrl;CrashDay;CrashLoc;BikeAge;NumBikesTo;RdConfig;NumLanes;NumBikesAI;DrvrAlcDrg;OnRoad;RdSurface;Towrd_Rd;RdFeature;CrashGrp;RdClass;BikeInjury;County;DrvrAge;Weather;FrmRd;DrvrEstSpd;SpeedLimit;CrashYear;LightCond;DrvrAgeGrp
36.0674241137, -79.3885728512;"{""type"": ""Point"", ""coordinates"": [-79.38857285119478, 36.06742411365244]}";White;Graham;Travel Lane;2;21;Mixed (30% To 70% Developed);Male;Sport Utility;0;#NULL!;0;0;White;No;0;11-15;Bicyclist Ride Through - Signalized Intersection;None;No;No;Dry;0;Urban;No;21JUN2009;0;21:41;Male;No;Residential;B: Evident Injury;Yes;O: No Injury;4935;June;0;Straight - Grade;Piedmont;With Traffic;Stop And Go Signal;Sunday;Intersection;13;0;Two-Way, Not Divided;4 lanes;0;#NULL!;#NULL!;Smooth Asphalt;#NULL!;T-Intersection;Bicyclist Failed to Yield - Signalized Intersection;NC Route;B: Evident Injury;Alamance;26;Clear;#NULL!;6-10 mph;30 - 35  MPH;2009;Dark - Lighted Roadway;25-29
34.9444839018, -78.5662725434;"{""type"": ""Point"", ""coordinates"": [-78.56627254337825, 34.944483901834595]}";White;None - Rural Crash;Travel Lane;2;21;Rural (<30% Developed);Male;Passenger Car;0;#NULL!;0;0;White;No;0;25-29;Motorist Overtaking - Other / Unknown;None;No;No;Dry;0;Rural;No;30JUN2009;0;21:45;Male;No;Farms, Woods, Pastures;B: Evident Injury;Yes;O: No Injury;4941;June;0;Curve - Level;Coastal;With Traffic;Double Yellow Line, No Passing Zone;Tuesday;Non-Intersection;26;0;Two-Way, Not Divided;2 lanes;0;#NULL!;#NULL!;Smooth Asphalt;#NULL!;No Special Feature;Motorist Overtaking Bicyclist;State Secondary Route;B: Evident Injury;Sampson;69;Clear;#NULL!;51-55 mph;50 - 55  MPH;2009;Dark - Roadway Not Lighted;60-69
34.2422247692, -77.8921223064;"{""type"": ""Point"", ""coordinates"": [-77.89212230640483, 34.24222476918716]}";White;Wilmington;Sidewalk / Crosswalk / Driveway Crossing;2;14;Urban (>70% Developed);Male;Passenger Car;0;#NULL!;0;0;White;No;0;40-49;Motorist Drive Out - Sign-Controlled Intersection;None;No;No;Dry;0;Urban;No;17JUN2009;0;14:24;Male;No;Commercial;C: Possible Injury;Yes;O: No Injury;4951;June;0;Straight - Level;Coastal;Facing Traffic;Stop And Go Signal;Wednesday;Intersection;49;0;Two-Way, Divided, Unprotected Median;5 lanes;0;#NULL!;#NULL!;Smooth Asphalt;#NULL!;T-Intersection;Motorist Failed to Yield - Sign-Controlled Intersection;Local Street;C: Possible Injury;New Hanover;45;Cloudy;#NULL!;Unknown;5 - 15 MPH;2009;Daylight;40-49
35.5841898784, -82.9431138845;"{""type"": ""Point"", ""coordinates"": [-82.94311388454254, 35.58418987842911]}";White;None - Rural Crash;Travel Lane;2;16;Rural (<30% Developed);Male;Unknown;0;#NULL!;0;0;Unknown/Missing;No;0;20-24;Motorist Overtaking - Other / Unknown;None;No;No;Dry;0;Rural;Yes;22JUN2009;0;16:48;Unknown;Missing;Farms, Woods, Pastures;B: Evident Injury;Yes;Unknown Injury;4955;June;0;Straight - Level;Mountains;With Traffic;No Control Present;Monday;Non-Intersection;21;0;Two-Way, Not Divided;3 lanes;0;#NULL!;#NULL!;Coarse Asphalt;#NULL!;No Special Feature;Motorist Overtaking Bicyclist;NC Route;B: Evident Injury;Haywood;Unknown;Clear;#NULL!;36-40 mph;50 - 55  MPH;2009;Daylight;Unknown
35.2135868793, -80.855609245;"{""type"": ""Point"", ""coordinates"": [-80.85560924495519, 35.213586879274075]}";White;Charlotte;Sidewalk / Crosswalk / Driveway Crossing;2;0;Urban (>70% Developed);Male;Passenger Car;0;#NULL!;0;0;Black;No;0;25-29;Signalized Intersection - Other / Unknown;None;No;No;Dry;0;Urban;No;08MAY2010;0;0:27;Female;No;Commercial;B: Evident Injury;Yes;O: No Injury;3905;May;0;Straight - Level;Piedmont;With Traffic;Stop And Go Signal;Saturday;Intersection;29;0;Two-Way, Divided, Unprotected Median;4 lanes;0;#NULL!;#NULL!;Smooth Asphalt;#NULL!;No Special Feature;Crossing Paths - Other Circumstances;Local Street;B: Evident Injury;Mecklenburg;34;Clear;#NULL!;36-40 mph;30 - 35  MPH;2010;Dark - Lighted Roadway;30-39
34.9710228386, -80.5343331358;"{""type"": ""Point"", ""coordinates"": [-80.53433313578539, 34.97102283855006]}";Black;Monroe;Sidewalk / Crosswalk / Driveway Crossing;2;14;Urban (>70% Developed);Male;Passenger Car;0;#NULL!;0;0;White;No;0;40-49;Motorist Left Turn - Same Direction;None;No;No;Dry;0;Urban;No;07MAY2010;0;14:40;Female;No;Residential;C: Possible Injury;Yes;O: No Injury;3908;May;0;Straight - Grade;Piedmont;Facing Traffic;No Control Present;Friday;Non-Intersection;42;0;Two-Way, Not Divided;2 lanes;0;#NULL!;#NULL!;Smooth Asphalt;#NULL!;T-Intersection;Motorist Left Turn / Merge;Local Street;C: Possible Injury;Union;30;Clear;#NULL!;Unknown;30 - 35  MPH;2010;Daylight;30-39
35.2430718855, -80.8416532424;"{""type"": ""Point"", ""coordinates"": [-80.84165324243736, 35.24307188549501]}";Black;Charlotte;Driveway / Alley;2;15;Mixed (30% To 70% Developed);Female;Passenger Car;0;#NULL!;0;0;White;No;0;6-10;Bicyclist Lost Control - Other / Unknown;None;No;No;Dry;0;Urban;No;06MAY2010;0;15:32;Male;No;Institutional;B: Evident Injury;Yes;O: No Injury;3911;May;0;Straight - Grade;Piedmont;Not Applicable;No Control Present;Thursday;Non-Intersection;9;0;Two-Way, Not Divided;2 lanes;0;#NULL!;#NULL!;Smooth Asphalt;#NULL!;No Special Feature;Loss of Control / Turning Error;Local Street;B: Evident Injury;Mecklenburg;24;Clear;#NULL!;21-25 mph;20 - 25  MPH;2010;Daylight;20-24
34.6326368192, -78.9925226569;"{""type"": ""Point"", ""coordinates"": [-78.99252265693954, 34.63263681921153]}";White;Lumberton;Travel Lane;2;13;Urban (>70% Developed);Male;Tractor/Semi-Trailer;0;#NULL!;0;0;White;No;0;30-39;Crossing Paths - Intersection - Other / Unknown;None;No;No;Dry;0;Urban;No;23APR2010;0;13:39;Male;No;Commercial;C: Possible Injury;Yes;O: No Injury;3912;April;0;Straight - Level;Coastal;Facing Traffic;Stop And Go Signal;Friday;Intersection-Related;35;0;Two-Way, Divided, Unprotected Median;5 lanes;0;#NULL!;#NULL!;Coarse Asphalt;#NULL!;No Special Feature;Crossing Paths - Other Circumstances;Local Street;C: Possible Injury;Robeson;39;Cloudy;#NULL!;11-15 mph;30 - 35  MPH;2010;Daylight;30-39
35.9565970707, -79.9297230083;"{""type"": ""Point"", ""coordinates"": [-79.92972300825089, 35.956597070735974]}";White;High Point;Travel Lane;2;17;Mixed (30% To 70% Developed);Male;Pickup;0;#NULL!;0;0;White;No;0;30-39;Motorist Left Turn - Opposite Direction;None;No;No;Dry;0;Urban;No;26APR2010;0;17:17;Male;No;Residential;B: Evident Injury;Yes;O: No Injury;3915;April;0;Straight - Level;Piedmont;With Traffic;Stop Sign;Monday;Intersection;37;0;Two-Way, Not Divided;2 lanes;0;#NULL!;#NULL!;Coarse Asphalt;#NULL!;Four-Way Intersection;Motorist Left Turn / Merge;Local Street;B: Evident Injury;Guilford;60;Cloudy;#NULL!;6-10 mph;40 - 45  MPH;2010;Daylight;60-69
35.9551170687, -79.9695770197;"{""type"": ""Point"", ""coordinates"": [-79.96957701971444, 35.95511706866234]}";Black;High Point;Travel Lane;2;22;Urban (>70% Developed);Male;Van;0;#NULL!;0;0;Black;No;0;40-49;Motorist Left Turn - Opposite Direction;None;No;No;Dry;0;Urban;No;05MAY2010;0;22:22;Male;No;Residential;B: Evident Injury;Yes;O: No Injury;3916;May;0;Straight - Grade;Piedmont;With Traffic;No Control Present;Wednesday;Intersection;44;0;Two-Way, Not Divided;4 lanes;0;#NULL!;#NULL!;Coarse Asphalt;#NULL!;T-Intersection;Motorist Left Turn / Merge;Local Street;B: Evident Injury;Guilford;64;Clear;#NULL!;11-15 mph;30 - 35  MPH;2010;Dark - Lighted Roadway;60-69
35.369546913, -80.8410232494;"{""type"": ""Point"", ""coordinates"": [-80.84102324943261, 35.36954691298269]}";White;Charlotte;Travel Lane;2;11;Urban (>70% Developed);Male;Passenger Car;0;#NULL!;0;0;White;No;0;30-39;Motorist Overtaking - Undetected Bicyclist;None;No;No;Dry;0;Urban;No;09MAY2010;0;11:46;Male;No;Residential;B: Evident Injury;No;O: No Injury;3917;May;0;Straight - Level;Piedmont;With Traffic;Stop And Go Signal;Sunday;Non-Intersection;37;0;Two-Way, Divided, Unprotected Median;2 lanes;0;#NULL!;#NULL!;Smooth Asphalt;#NULL!;No Special Feature;Motorist Overtaking Bicyclist;Local Street;B: Evident Injury;Mecklenburg;53;Clear;#NULL!;21-25 mph;40 - 45  MPH;2010;Daylight;50-59
34.5798328095, -78.9378766377;"{""type"": ""Point"", ""coordinates"": [-78.93787663773688, 34.579832809462616]}";Asian;Lumberton;Travel Lane;3;21;Mixed (30% To 70% Developed);Male;Passenger Car;0;#NULL!;0;0;White;No;0;25-29;Motorist Overtaking - Other / Unknown;None;No;No;Wet;0;Urban;No;24APR2010;0;21:12;Female;No;Residential;K: Killed;Yes;Unknown Injury;3922;April;0;Straight - Level;Coastal;With Traffic;No Control Present;Saturday;Non-Intersection;25;0;Two-Way, Not Divided;2 lanes;0;#NULL!;#NULL!;Coarse Asphalt;#NULL!;No Special Feature;Motorist Overtaking Bicyclist;Local Street;B: Evident Injury;Robeson;57;Rain;#NULL!;51-55 mph;50 - 55  MPH;2010;Dark - Roadway Not Lighted;50-59
35.6973300882, -77.8930123779;"{""type"": ""Point"", ""coordinates"": [-77.89301237786621, 35.697330088246574]}";White;Wilson;Travel Lane;2;16;Urban (>70% Developed);Male;Pickup;0;#NULL!;0;0;White;No;0;50-59;Bicyclist Left Turn - Same Direction;None;No;No;Dry;0;Urban;No;01MAY2010;0;16:42;Male;No;Commercial;C: Possible Injury;Yes;O: No Injury;3929;May;0;Straight - Level;Coastal;With Traffic;No Control Present;Saturday;Non-Intersection;54;0;Two-Way, Not Divided;2 lanes;0;#NULL!;#NULL!;Smooth Asphalt;#NULL!;No Special Feature;Bicyclist Left Turn / Merge;Local Street;C: Possible Injury;Wilson;66;Clear;#NULL!;21-25 mph;30 - 35  MPH;2010;Daylight;60-69
36.4417472745, -77.1182721807;"{""type"": ""Point"", ""coordinates"": [-77.11827218074399, 36.44174727446035]}";Black;None - Rural Crash;Non-Roadway;2;15;Rural (<30% Developed);Male;Pickup;0;#NULL!;0;0;White;No;0;11-15;Bicyclist Ride Out - Commercial Driveway / Alley;None;No;No;Dry;0;Rural;No;15MAY2010;0;15:00;Male;No;Commercial;C: Possible Injury;Yes;O: No Injury;3932;May;0;Straight - Level;Coastal;Not Applicable;Double Yellow Line, No Passing Zone;Saturday;Non-Intersection;13;0;Two-Way, Not Divided;3 lanes;0;#NULL!;#NULL!;Coarse Asphalt;#NULL!;Driveway, Public;Bicyclist Failed to Yield - Midblock;US Route;C: Possible Injury;Hertford;45;Clear;#NULL!;21-25 mph;40 - 45  MPH;2010;Daylight;40-49
35.7914170714, -78.947107703;"{""type"": ""Point"", ""coordinates"": [-78.94710770297333, 35.7914170714275]}";White;None - Rural Crash;Travel Lane;5;18;Rural (<30% Developed);Female;Light Truck (Mini-Van, Panel);0;#NULL!;0;0;White;No;0;25-29;Motorist Overtaking - Other / Unknown;None;No;No;Dry;0;Rural;No;18MAY2010;0;18:45;Female;No;Farms, Woods, Pastures;C: Possible Injury;No;O: No Injury;3937;May;0;Curve - Level;Piedmont;With Traffic;Double Yellow Line, No Passing Zone;Tuesday;Non-Intersection;26;0;Two-Way, Not Divided;2 lanes;0;#NULL!;#NULL!;Smooth Asphalt;#NULL!;Related To Intersection;Motorist Overtaking Bicyclist;State Secondary Route;C: Possible Injury;Chatham;50;Cloudy;#NULL!;26-30 mph;40 - 45  MPH;2010;Daylight;50-59
36.307547115, -80.7165432651;"{""type"": ""Point"", ""coordinates"": [-80.7165432651356, 36.307547114984416]}";White;None - Rural Crash;Other;2;17;Mixed (30% To 70% Developed);Male;Pickup;0;#NULL!;0;0;White;No;0;11-15;Motorist Lost Control - Other / Unknown;None;No;No;Dry;0;Rural;No;25MAY2010;0;17:57;Male;No;Residential;K: Killed;Yes;K: Killed;3941;May;0;Straight - Level;Mountains;Unknown;No Control Present;Tuesday;Non-Intersection;14;0;Two-Way, Not Divided;2 lanes;0;#NULL!;#NULL!;Smooth Asphalt;#NULL!;No Special Feature;Loss of Control / Turning Error;US Route;B: Evident Injury;Surry;62;Clear;#NULL!;41-45 mph;40 - 45  MPH;2010;Daylight;60-69
34.1914507566, -77.9359123173;"{""type"": ""Point"", ""coordinates"": [-77.93591231731993, 34.191450756593895]}";White;Wilmington;Travel Lane;2;19;Mixed (30% To 70% Developed);Male;Pickup;0;#NULL!;0;0;White;No;0;30-39;Motorist Drive Out - Sign-Controlled Intersection;None;No;No;Dry;0;Urban;No;11MAY2010;0;19:32;Male;No;Residential;C: Possible Injury;No;O: No Injury;3944;May;0;Straight - Level;Coastal;Facing Traffic;Stop Sign;Tuesday;Intersection;38;0;Two-Way, Divided, Positive Median Barrier;6 lanes;0;#NULL!;#NULL!;Coarse Asphalt;#NULL!;T-Intersection;Motorist Failed to Yield - Sign-Controlled Intersection;Local Street;C: Possible Injury;New Hanover;37;Clear;#NULL!;Unknown;40 - 45  MPH;2010;Daylight;30-39
34.7227869134, -76.7260819746;"{""type"": ""Point"", ""coordinates"": [-76.72608197456076, 34.72278691344973]}";White;Morehead City;Non-Roadway;2;18;Urban (>70% Developed);Male;Passenger Car;0;#NULL!;0;0;White;No;0;11-15;Non-Roadway;None;No;No;Dry;0;Urban;No;19MAY2010;0;18:02;Female;No;Commercial;C: Possible Injury;Yes;O: No Injury;3948;May;0;Straight - Level;Coastal;Not Applicable;No Control Present;Wednesday;Non-Roadway;14;0;Two-Way, Not Divided;Unknown;0;#NULL!;#NULL!;Smooth Asphalt;#NULL!;No Special Feature;Non-Roadway;Public Vehicular Area;C: Possible Injury;Carteret;70+;Cloudy;#NULL!;Unknown;Unknown;2010;Daylight;70+
35.7618709727, -81.4543834538;"{""type"": ""Point"", ""coordinates"": [-81.45438345383829, 35.761870972693124]}";White;None - Rural Crash;Travel Lane;2;18;Rural (<30% Developed);Male;Van;0;#NULL!;0;0;White;No;0;30-39;Motorist Overtaking - Other / Unknown;None;No;No;Dry;0;Rural;No;19MAY2010;0;18:35;Female;No;Residential;C: Possible Injury;No;O: No Injury;3950;May;0;Straight - Grade;Mountains;With Traffic;Double Yellow Line, No Passing Zone;Wednesday;Non-Intersection;31;0;Two-Way, Not Divided;2 lanes;0;#NULL!;#NULL!;Smooth Asphalt;#NULL!;Driveway, Private;Motorist Overtaking Bicyclist;State Secondary Route;C: Possible Injury;Burke;70+;Clear;#NULL!;36-40 mph;40 - 45  MPH;2010;Daylight;70+
35.5781401419, -75.4669816294;"{""type"": ""Point"", ""coordinates"": [-75.4669816293636, 35.578140141921644]}";White;None - Rural Crash;Non-Roadway;2;16;Mixed (30% To 70% Developed);Female;Pickup;0;#NULL!;0;0;White;No;0;6-10;Non-Roadway;None;No;No;Dry;0;Rural;No;28MAY2010;0;16:45;Male;No;Residential;C: Possible Injury;Yes;O: No Injury;3955;May;0;Straight - Level;Coastal;Not Applicable;No Control Present;Friday;Non-Roadway;9;0;Two-Way, Not Divided;2 lanes;0;#NULL!;#NULL!;Coarse Asphalt;#NULL!;T-Intersection;Non-Roadway;Private Road, Driveway;C: Possible Injury;Dare;53;Clear;#NULL!;0-5 mph;5 - 15 MPH;2010;Daylight;50-59
34.2351217687, -77.8759523007;"{""type"": ""Point"", ""coordinates"": [-77.87595230074925, 34.235121768730814]}";White;Wilmington;Non-Roadway;2;14;Urban (>70% Developed);Male;Passenger Car;0;#NULL!;0;0;White;No;0;20-24;Non-Roadway;None;No;No;Dry;0;Urban;No;20MAY2010;0;14:17;Male;No;Commercial;C: Possible Injury;No;O: No Injury;3960;May;0;Straight - Level;Coastal;Not Applicable;No Control Present;Thursday;Non-Roadway;21;0;Two-Way, Not Divided;2 lanes;0;#NULL!;#NULL!;Smooth Asphalt;#NULL!;Driveway, Public;Non-Roadway;Public Vehicular Area;C: Possible Injury;New Hanover;70+;Clear;#NULL!;11-15 mph;Unknown;2010;Daylight;70+
35.2280648849, -80.7752632216;"{""type"": ""Point"", ""coordinates"": [-80.77526322159173, 35.228064884870115]}";Black;Charlotte;Travel Lane;2;21;Urban (>70% Developed);Male;Unknown;0;#NULL!;0;0;Unknown/Missing;No;0;25-29;Motorist Left Turn - Opposite Direction;None;No;No;Dry;0;Urban;Yes;20MAY2010;0;21:00;Unknown;Missing;Residential;B: Evident Injury;Yes;Unknown Injury;3969;May;0;Straight - Level;Piedmont;With Traffic;Stop And Go Signal;Thursday;Intersection;26;0;Two-Way, Not Divided;4 lanes;0;#NULL!;#NULL!;Smooth Asphalt;#NULL!;Four-Way Intersection;Motorist Left Turn / Merge;Local Street;B: Evident Injury;Mecklenburg;Unknown;Clear;#NULL!;11-15 mph;30 - 35  MPH;2010;Dark - Lighted Roadway;Unknown
35.8958850984, -78.8003826643;"{""type"": ""Point"", ""coordinates"": [-78.8003826643462, 35.89588509844673]}";White;Raleigh;Non-Roadway;2;18;Urban (>70% Developed);Male;Sport Utility;0;#NULL!;0;0;White;No;0;11-15;Non-Roadway;None;No;No;Dry;0;Urban;No;04MAY2010;0;18:39;Female;No;Residential;B: Evident Injury;Yes;O: No Injury;3970;May;0;Straight - Level;Piedmont;Not Applicable;No Control Present;Tuesday;Non-Roadway;12;0;Two-Way, Not Divided;2 lanes;0;#NULL!;#NULL!;Smooth Asphalt;#NULL!;No Special Feature;Non-Roadway;Public Vehicular Area;B: Evident Injury;Wake;43;Clear;#NULL!;0-5 mph;20 - 25  MPH;2010;Daylight;40-49
35.8945991038, -78.6494726178;"{""type"": ""Point"", ""coordinates"": [-78.64947261775144, 35.89459910382433]}";White;Raleigh;Sidewalk / Crosswalk / Driveway Crossing;2;13;Urban (>70% Developed);Male;Passenger Car;0;#NULL!;0;0;White;No;0;16-19;Motorist Drive Out - Sign-Controlled Intersection;None;No;No;Dry;0;Urban;No;18MAY2010;0;13:23;Female;No;Commercial;C: Possible Injury;Yes;O: No Injury;3973;May;0;Straight - Level;Piedmont;Facing Traffic;Stop Sign;Tuesday;Intersection;18;0;Two-Way, Divided, Positive Median Barrier;2 lanes;0;#NULL!;#NULL!;Smooth Asphalt;#NULL!;Driveway, Public;Motorist Failed to Yield - Sign-Controlled Intersection;Public Vehicular Area;C: Possible Injury;Wake;55;Cloudy;#NULL!;21-25 mph;20 - 25  MPH;2010;Daylight;50-59
35.5877369705, -80.53754717;"{""type"": ""Point"", ""coordinates"": [-80.53754717001594, 35.58773697054671]}";White;None - Rural Crash;Travel Lane;2;8;Rural (<30% Developed);Male;Passenger Car;0;#NULL!;0;0;White;No;0;50-59;Motorist Drive Out - Sign-Controlled Intersection;None;No;No;Dry;0;Rural;No;08JUN2010;0;8:27;Male;No;Residential;C: Possible Injury;Yes;O: No Injury;3979;June;0;Curve - Level;Piedmont;With Traffic;Stop Sign;Tuesday;Intersection;50;0;Two-Way, Not Divided;4 lanes;0;#NULL!;#NULL!;Smooth Asphalt;#NULL!;T-Intersection;Motorist Failed to Yield - Sign-Controlled Intersection;State Secondary Route;C: Possible Injury;Rowan;36;Clear;#NULL!;0-5 mph;30 - 35  MPH;2010;Daylight;30-39
34.6225068147, -79.051182674;"{""type"": ""Point"", ""coordinates"": [-79.0511826740183, 34.62250681471333]}";White;Lumberton;Sidewalk / Crosswalk / Driveway Crossing;2;11;Urban (>70% Developed);Female;Passenger Car;0;#NULL!;0;0;White;No;0;40-49;Motorist Drive Out - Sign-Controlled Intersection;None;No;No;Dry;0;Urban;No;07MAY2010;0;11:03;Male;No;Commercial;O: No Injury;No;O: No Injury;3982;May;0;Straight - Level;Coastal;Facing Traffic;No Control Present;Friday;Intersection;42;0;Two-Way, Not Divided;4 lanes;0;#NULL!;#NULL!;Coarse Asphalt;#NULL!;No Special Feature;Motorist Failed to Yield - Sign-Controlled Intersection;Local Street;O: No Injury;Robeson;60;Clear;#NULL!;0-5 mph;30 - 35  MPH;2010;Daylight;60-69
34.2096967622, -77.8811423015;"{""type"": ""Point"", ""coordinates"": [-77.88114230153431, 34.20969676218244]}";White;Wilmington;Travel Lane;2;18;Urban (>70% Developed);Male;Passenger Car;0;#NULL!;0;0;White;No;0;50-59;Motorist Right Turn - Same Direction;None;No;No;Dry;0;Urban;No;20MAY2010;0;18:04;Male;No;Commercial;C: Possible Injury;Yes;O: No Injury;3983;May;0;Straight - Level;Coastal;With Traffic;Stop And Go Signal;Thursday;Intersection;54;0;Two-Way, Divided, Unprotected Median;6 lanes;0;#NULL!;#NULL!;Coarse Asphalt;#NULL!;Four-Way Intersection;Motorist Right Turn / Merge;Local Street;C: Possible Injury;New Hanover;50;Clear;#NULL!;21-25 mph;40 - 45  MPH;2010;Daylight;50-59
35.6647519895, -80.4668331536;"{""type"": ""Point"", ""coordinates"": [-80.46683315356194, 35.664751989497105]}";White;Salisbury;Sidewalk / Crosswalk / Driveway Crossing;2;13;Urban (>70% Developed);Male;Pickup;0;#NULL!;0;0;White;No;0;40-49;Bicyclist Ride Out - Signalized  Intersection;None;No;No;Dry;0;Urban;No;10JUN2010;0;13:05;Male;No;Commercial;O: No Injury;No;O: No Injury;3986;June;0;Straight - Level;Piedmont;Facing Traffic;Stop And Go Signal;Thursday;Intersection;42;0;Two-Way, Not Divided;4 lanes;0;#NULL!;#NULL!;Smooth Asphalt;#NULL!;Four-Way Intersection;Bicyclist Failed to Yield - Signalized Intersection;Local Street;O: No Injury;Rowan;54;Clear;#NULL!;11-15 mph;30 - 35  MPH;2010;Daylight;50-59
34.2373967672, -77.936932319;"{""type"": ""Point"", ""coordinates"": [-77.93693231899718, 34.237396767217724]}";Black;Wilmington;Travel Lane;2;22;Urban (>70% Developed);Male;Passenger Car;0;#NULL!;0;0;White;No;0;20-24;Bicyclist Ride Through - Sign-Controlled Intersection;None;No;No;Dry;0;Urban;No;10APR2009;0;22:45;Male;No;Residential;C: Possible Injury;Yes;O: No Injury;4746;April;0;Straight - Level;Coastal;Facing Traffic;No Control Present;Friday;Intersection;22;0;Two-Way, Not Divided;2 lanes;0;#NULL!;#NULL!;Coarse Asphalt;#NULL!;No Special Feature;Bicyclist Failed to Yield - Sign-Controlled Intersection;Local Street;C: Possible Injury;New Hanover;24;Cloudy;#NULL!;Unknown;Unknown;2009;Dark - Lighted Roadway;20-24
35.5584019729, -80.2833030921;"{""type"": ""Point"", ""coordinates"": [-80.28330309205911, 35.558401972936984]}";White;None - Rural Crash;Travel Lane;2;11;Rural (<30% Developed);Male;Sport Utility;0;#NULL!;0;0;White;No;0;30-39;Motorist Turning Error - Left Turn;None;No;No;Dry;0;Rural;No;08MAR2009;0;11:19;Female;No;Farms, Woods, Pastures;B: Evident Injury;Yes;O: No Injury;4749;March;0;Straight - Level;Piedmont;With Traffic;Double Yellow Line, No Passing Zone;Sunday;Intersection-Related;38;0;Two-Way, Not Divided;2 lanes;0;#NULL!;#NULL!;Smooth Asphalt;#NULL!;No Special Feature;Loss of Control / Turning Error;State Secondary Route;B: Evident Injury;Rowan;57;Clear;#NULL!;0-5 mph;50 - 55  MPH;2009;Daylight;50-59
35.2807418675, -81.5493634545;"{""type"": ""Point"", ""coordinates"": [-81.54936345453585, 35.28074186749847]}";Black;Shelby;Travel Lane;2;21;Urban (>70% Developed);Male;Passenger Car;0;#NULL!;0;0;White;No;0;50-59;Bicyclist Ride Out - Other Midblock;None;Yes;No;Dry;0;Urban;No;17APR2009;0;21:11;Male;Yes;Commercial;K: Killed;Yes;C: Possible Injury;4764;April;0;Straight - Level;Mountains;Not Applicable;No Control Present;Friday;Non-Intersection;51;0;Two-Way, Divided, Unprotected Median;Unknown;0;#NULL!;#NULL!;Smooth Asphalt;#NULL!;No Special Feature;Bicyclist Failed to Yield - Midblock;US Route;K: Killed;Cleveland;55;Clear;#NULL!;36-40 mph;40 - 45  MPH;2009;Dark - Roadway Not Lighted;50-59
35.2335118852, -80.792833227;"{""type"": ""Point"", ""coordinates"": [-80.79283322704049, 35.23351188516334]}";White;Charlotte;Travel Lane;2;8;Urban (>70% Developed);Female;Passenger Car;0;#NULL!;0;0;White;No;0;25-29;Motorist Right Turn - Same Direction;None;No;No;Dry;0;Urban;No;24APR2009;0;8:20;Male;No;Residential;C: Possible Injury;No;O: No Injury;4770;April;0;Straight - Grade;Piedmont;With Traffic;No Control Present;Friday;Non-Intersection;26;0;Two-Way, Not Divided;2 lanes;0;#NULL!;#NULL!;Smooth Asphalt;#NULL!;No Special Feature;Motorist Right Turn / Merge;Local Street;C: Possible Injury;Mecklenburg;44;Clear;#NULL!;0-5 mph;20 - 25  MPH;2009;Daylight;40-49
35.7045130211, -79.8250989629;"{""type"": ""Point"", ""coordinates"": [-79.82509896286905, 35.7045130211067]}";Hispanic;Asheboro;Travel Lane;2;15;Mixed (30% To 70% Developed);Female;Sport Utility;0;#NULL!;0;0;White;No;0;11-15;Bicyclist Lost Control - Mechanical Problems;None;No;No;Dry;0;Urban;No;22APR2009;0;15:55;Male;No;Residential;B: Evident Injury;No;O: No Injury;4775;April;0;Straight - Level;Piedmont;With Traffic;No Control Present;Wednesday;Intersection;11;0;Two-Way, Not Divided;2 lanes;0;#NULL!;#NULL!;Coarse Asphalt;#NULL!;Alley Intersection;Loss of Control / Turning Error;State Secondary Route;B: Evident Injury;Randolph;30;Clear;#NULL!;21-25 mph;30 - 35  MPH;2009;Daylight;30-39
36.1010272477, -75.7139417309;"{""type"": ""Point"", ""coordinates"": [-75.71394173091974, 36.10102724765698]}";White;Southern Shores;Non-Roadway;2;13;Urban (>70% Developed);Male;Pickup;0;#NULL!;0;0;White;No;0;70+;Bicyclist Ride Out - Commercial Driveway / Alley;None;No;No;Dry;0;Rural;No;28MAR2009;0;13:27;Male;No;Commercial;K: Killed;Yes;O: No Injury;4776;March;0;Curve - Hillcrest;Coastal;Not Applicable;No Control Present;Saturday;Non-Intersection;70+;0;Two-Way, Not Divided;4 lanes;0;#NULL!;#NULL!;Coarse Asphalt;#NULL!;No Special Feature;Bicyclist Failed to Yield - Midblock;NC Route;K: Killed;Dare;26;Clear;#NULL!;26-30 mph;30 - 35  MPH;2009;Daylight;25-29