Geo Point;Geo Shape;BikeRace;City;BikePos;NumUnits;CrashHour;Locality;BikeSex;DrvrVehTyp;NumBikesNo;BikeAlcDrg;NumBikesBI;RteInvdCd;DrvrRace;Workzone;NumBikesCi;BikeAgeGrp;CrashType;RdDefects;CrashAlcoh;BikeAlcoho;RdConditio;DstncMiFrm;RuralUrban;HitRun;CrashDate;NumBikesUI;CrashTime;DrvrSex;DrvrAlcoho;Developmen;CrashSevr;AmbulanceR;DrvrInjury;OBJECTID;CrashMonth;NumBikesKi;RdCharacte;Region;BikeDir;TraffCntrl;CrashDay;CrashLoc;BikeAge;NumBikesTo;RdConfig;NumLanes;NumBikesAI;DrvrAlcDrg;OnRoad;RdSurface;Towrd_Rd;RdFeature;CrashGrp;RdClass;BikeInjury;County;DrvrAge;Weather;FrmRd;DrvrEstSpd;SpeedLimit;CrashYear;LightCond;DrvrAgeGrp
36.0914000872, -80.2652131173;"{""type"": ""Point"", ""coordinates"": [-80.26521311733902, 36.09140008717516]}";White;Winston-Salem;Travel Lane;2;15;Urban (>70% Developed);Male;Passenger Car;0;#NULL!;0;0;Black;No;0;25-29;Motorist Left Turn - Opposite Direction;None;No;No;Dry;0;Urban;No;21APR2009;0;15:35;Female;No;Institutional;B: Evident Injury;Yes;O: No Injury;4779;April;0;Straight - Grade;Piedmont;With Traffic;No Control Present;Tuesday;Intersection;28;0;Two-Way, Not Divided;2 lanes;0;#NULL!;#NULL!;Smooth Asphalt;#NULL!;T-Intersection;Motorist Left Turn / Merge;Local Street;B: Evident Injury;Forsyth;44;Clear;#NULL!;0-5 mph;30 - 35  MPH;2009;Daylight;40-49
35.600130897, -82.5540237702;"{""type"": ""Point"", ""coordinates"": [-82.55402377022467, 35.60013089704621]}";White;Asheville;Travel Lane;2;9;Urban (>70% Developed);Male;Passenger Car;0;#NULL!;0;0;White;No;0;20-24;Motorist Right Turn - Same Direction;None;No;No;Dry;0;Urban;No;22APR2009;0;9:59;Male;No;Commercial;B: Evident Injury;No;Unknown Injury;4780;April;0;Straight - Level;Mountains;With Traffic;No Control Present;Wednesday;Intersection;22;0;Two-Way, Not Divided;4 lanes;0;#NULL!;#NULL!;Coarse Asphalt;#NULL!;Other;Motorist Right Turn / Merge;US Route;B: Evident Injury;Buncombe;49;Clear;#NULL!;21-25 mph;30 - 35  MPH;2009;Daylight;40-49
35.7362400728, -78.5645825842;"{""type"": ""Point"", ""coordinates"": [-78.56458258417159, 35.73624007276452]}";Black;Raleigh;Other;2;17;Mixed (30% To 70% Developed);Male;Unknown;0;#NULL!;0;0;Unknown/Missing;No;0;40-49;Motorist Overtaking - Misjudged Space;None;No;No;Dry;0;Urban;Yes;04APR2009;0;17:04;Unknown;Missing;Residential;C: Possible Injury;No;Unknown Injury;4785;April;0;Straight - Level;Piedmont;With Traffic;No Control Present;Saturday;Non-Intersection;43;0;Two-Way, Not Divided;2 lanes;0;#NULL!;#NULL!;Smooth Asphalt;#NULL!;No Special Feature;Motorist Overtaking Bicyclist;Local Street;C: Possible Injury;Wake;Unknown;Clear;#NULL!;41-45 mph;40 - 45  MPH;2009;Dusk;Unknown
34.3900448086, -77.6833222501;"{""type"": ""Point"", ""coordinates"": [-77.68332225009416, 34.39004480863619]}";White;None - Rural Crash;Non-Roadway;2;15;Urban (>70% Developed);Male;Pickup;0;#NULL!;0;0;White;No;0;25-29;Bicyclist Ride Out - Commercial Driveway / Alley;None;No;No;Dry;0;Rural;No;08MAY2009;0;15:30;Male;No;Commercial;C: Possible Injury;Yes;O: No Injury;4792;May;0;Straight - Level;Coastal;Not Applicable;No Control Present;Friday;Non-Intersection;26;0;Two-Way, Not Divided;5 lanes;0;#NULL!;#NULL!;Coarse Asphalt;#NULL!;Driveway, Public;Bicyclist Failed to Yield - Midblock;US Route;C: Possible Injury;Pender;20;Clear;#NULL!;41-45 mph;40 - 45  MPH;2009;Daylight;20-24
35.8732770921, -78.845902677;"{""type"": ""Point"", ""coordinates"": [-78.84590267695955, 35.873277092147]}";White;Durham;Travel Lane;2;12;Urban (>70% Developed);Female;Pickup;0;#NULL!;0;0;White;No;0;30-39;Motorist Drive Out - Sign-Controlled Intersection;None;No;No;Dry;0;Urban;No;13MAY2009;0;12:08;Male;No;Commercial;C: Possible Injury;Yes;O: No Injury;4797;May;0;Straight - Level;Piedmont;With Traffic;Stop Sign;Wednesday;Intersection;31;0;Two-Way, Not Divided;4 lanes;0;#NULL!;#NULL!;Smooth Asphalt;#NULL!;Four-Way Intersection;Motorist Failed to Yield - Sign-Controlled Intersection;Local Street;C: Possible Injury;Durham;27;Clear;#NULL!;0-5 mph;30 - 35  MPH;2009;Daylight;25-29
36.0685071186, -79.2700378161;"{""type"": ""Point"", ""coordinates"": [-79.2700378160808, 36.06850711863725]}";White;Mebane;Unknown;2;19;Urban (>70% Developed);Male;Pickup;0;#NULL!;0;0;White;No;0;30-39;Bicyclist Ride Out - Residential Driveway;None;No;No;Dry;0;Urban;No;08MAY2009;0;19:16;Male;No;Commercial;C: Possible Injury;Yes;O: No Injury;4801;May;0;Straight - Level;Piedmont;Not Applicable;Stop And Go Signal;Friday;Non-Intersection;35;0;Two-Way, Not Divided;3 lanes;0;#NULL!;#NULL!;Smooth Asphalt;#NULL!;No Special Feature;Bicyclist Failed to Yield - Midblock;Local Street;C: Possible Injury;Alamance;38;Clear;#NULL!;31-35 mph;30 - 35  MPH;2009;Daylight;30-39
34.0509027176, -78.1880023867;"{""type"": ""Point"", ""coordinates"": [-78.18800238666937, 34.05090271760799]}";Black;None - Rural Crash;Travel Lane;2;15;Rural (<30% Developed);Male;Passenger Car;0;#NULL!;0;0;White;No;0;6-10;Bicyclist Right Turn - Same Direction;None;No;No;Dry;0;Rural;No;09MAY2009;0;15:50;Female;No;Residential;C: Possible Injury;No;O: No Injury;4804;May;0;Curve - Level;Coastal;Facing Traffic;No Control Present;Saturday;Non-Intersection;8;0;Two-Way, Not Divided;2 lanes;0;#NULL!;#NULL!;Coarse Asphalt;#NULL!;No Special Feature;Bicyclist Right Turn / Merge;State Secondary Route;C: Possible Injury;Brunswick;21;Clear;#NULL!;6-10 mph;40 - 45  MPH;2009;Daylight;20-24
34.7587998249, -79.6153628504;"{""type"": ""Point"", ""coordinates"": [-79.61536285041393, 34.75879982494818]}";Black;Gibson;Travel Lane;2;15;Rural (<30% Developed);Male;Pickup;0;#NULL!;0;0;White;No;0;40-49;Bicyclist Ride Through - Sign-Controlled Intersection;None;No;No;Dry;0;Rural;No;30APR2009;0;15:16;Male;No;Residential;A: Disabling Injury;Yes;C: Possible Injury;4808;April;0;Curve - Level;Coastal;With Traffic;Stop Sign;Thursday;Intersection;45;0;Two-Way, Not Divided;2 lanes;0;#NULL!;#NULL!;Smooth Asphalt;#NULL!;T-Intersection;Bicyclist Failed to Yield - Sign-Controlled Intersection;NC Route;A: Disabling Injury;Scotland;30;Clear;#NULL!;31-35 mph;30 - 35  MPH;2009;Daylight;30-39
35.0813969199, -78.8973426508;"{""type"": ""Point"", ""coordinates"": [-78.8973426507507, 35.08139691992537]}";Black;Fayetteville;Non-Roadway;2;18;Urban (>70% Developed);Male;Van;0;#NULL!;0;0;Black;No;0;11-15;Bicyclist Ride Out - Other Midblock;None;No;No;Dry;0;Urban;No;10MAY2009;0;18:40;Female;No;Residential;B: Evident Injury;Yes;O: No Injury;4817;May;0;Straight - Level;Coastal;Not Applicable;No Control Present;Sunday;Non-Intersection;12;0;Two-Way, Not Divided;2 lanes;0;#NULL!;#NULL!;Coarse Asphalt;#NULL!;No Special Feature;Bicyclist Failed to Yield - Midblock;Local Street;B: Evident Injury;Cumberland;54;Clear;#NULL!;21-25 mph;20 - 25  MPH;2009;Daylight;50-59
35.9443171443, -77.7916723604;"{""type"": ""Point"", ""coordinates"": [-77.79167236037728, 35.94431714433361]}";Black;Rocky Mount;Travel Lane;2;14;Urban (>70% Developed);Male;Pickup;0;#NULL!;0;0;Black;No;0;60-69;Bicyclist Left Turn - Same Direction;None;No;No;Dry;0;Urban;No;09APR2009;0;14:00;Male;No;Commercial;C: Possible Injury;No;O: No Injury;4825;April;0;Straight - Level;Coastal;With Traffic;No Control Present;Thursday;Non-Intersection;62;0;Two-Way, Divided, Unprotected Median;4 lanes;0;#NULL!;#NULL!;Smooth Asphalt;#NULL!;No Special Feature;Bicyclist Left Turn / Merge;Local Street;C: Possible Injury;Edgecombe;70+;Clear;#NULL!;26-30 mph;30 - 35  MPH;2009;Daylight;70+
36.0168641204, -78.9118377048;"{""type"": ""Point"", ""coordinates"": [-78.91183770475892, 36.01686412036243]}";White;Durham;Travel Lane;2;18;Urban (>70% Developed);Male;Passenger Car;0;#NULL!;0;0;Black;No;0;20-24;Motorist Left Turn - Opposite Direction;None;No;No;Dry;0;Urban;No;25MAY2009;0;18:14;Male;No;Residential;C: Possible Injury;Yes;O: No Injury;4828;May;0;Straight - Level;Piedmont;With Traffic;Stop And Go Signal;Monday;Intersection;24;0;Two-Way, Not Divided;5 lanes;0;#NULL!;#NULL!;Smooth Asphalt;#NULL!;No Special Feature;Motorist Left Turn / Merge;Local Street;C: Possible Injury;Durham;46;Clear;#NULL!;6-10 mph;30 - 35  MPH;2009;Daylight;40-49
35.6194218964, -82.6527638005;"{""type"": ""Point"", ""coordinates"": [-82.65276380049922, 35.61942189642226]}";White;None - Rural Crash;Bike Lane / Paved Shoulder;2;21;Rural (<30% Developed);Male;Passenger Car;0;#NULL!;0;0;White;No;0;40-49;Motorist Overtaking - Other / Unknown;None;No;No;Dry;0;Rural;No;28MAY2009;0;21:06;Male;No;Farms, Woods, Pastures;B: Evident Injury;Yes;O: No Injury;4829;May;0;Straight - Level;Mountains;With Traffic;No Control Present;Thursday;Non-Intersection;49;0;Two-Way, Not Divided;5 lanes;0;#NULL!;#NULL!;Smooth Asphalt;#NULL!;No Special Feature;Motorist Overtaking Bicyclist;NC Route;B: Evident Injury;Buncombe;28;Clear;#NULL!;36-40 mph;50 - 55  MPH;2009;Dark - Roadway Not Lighted;25-29
35.2915599032, -80.6352131831;"{""type"": ""Point"", ""coordinates"": [-80.63521318310066, 35.29155990316687]}";Black;None - Rural Crash;Driveway / Alley;2;19;Mixed (30% To 70% Developed);Male;Passenger Car;0;#NULL!;0;0;Black;No;0;6-10;Bicyclist Lost Control - Other / Unknown;None;No;No;Dry;0;Rural;No;16MAY2009;0;19:30;Male;No;Residential;B: Evident Injury;Yes;O: No Injury;4833;May;0;Curve - Grade;Piedmont;Not Applicable;No Control Present;Saturday;Non-Intersection;10;0;Two-Way, Not Divided;2 lanes;0;#NULL!;#NULL!;Coarse Asphalt;#NULL!;No Special Feature;Loss of Control / Turning Error;State Secondary Route;B: Evident Injury;Cabarrus;22;Clear;#NULL!;31-35 mph;30 - 35  MPH;2009;Daylight;20-24
35.9230951396, -77.8052323633;"{""type"": ""Point"", ""coordinates"": [-77.80523236329064, 35.92309513958094]}";Black;Rocky Mount;Sidewalk / Crosswalk / Driveway Crossing;2;15;Urban (>70% Developed);Male;Passenger Car;0;#NULL!;0;0;Black;No;0;50-59;Motorist Drive Out - Sign-Controlled Intersection;None;No;No;Dry;0;Urban;No;01APR2009;0;15:41;Female;No;Residential;C: Possible Injury;Yes;O: No Injury;4835;April;0;Straight - Level;Coastal;Not Applicable;No Control Present;Wednesday;Intersection;50;0;Two-Way, Not Divided;5 lanes;0;#NULL!;#NULL!;Smooth Asphalt;#NULL!;No Special Feature;Motorist Failed to Yield - Sign-Controlled Intersection;Local Street;C: Possible Injury;Nash;19;Cloudy;#NULL!;0-5 mph;30 - 35  MPH;2009;Daylight;0-19
34.6423068223, -78.9416376413;"{""type"": ""Point"", ""coordinates"": [-78.94163764132817, 34.64230682234794]}";White;None - Rural Crash;Travel Lane;2;21;Rural (<30% Developed);Male;Passenger Car;0;#NULL!;0;0;White;No;0;20-24;Motorist Overtaking - Misjudged Space;None;No;No;Dry;0;Rural;No;30MAY2009;0;21:28;Male;No;Farms, Woods, Pastures;O: No Injury;No;O: No Injury;4838;May;0;Straight - Level;Coastal;With Traffic;No Control Present;Saturday;Non-Intersection;24;0;Two-Way, Not Divided;2 lanes;0;#NULL!;#NULL!;Coarse Asphalt;#NULL!;No Special Feature;Motorist Overtaking Bicyclist;NC Route;O: No Injury;Robeson;29;Clear;#NULL!;51-55 mph;50 - 55  MPH;2009;Dark - Roadway Not Lighted;25-29
35.6896199566, -81.4919134613;"{""type"": ""Point"", ""coordinates"": [-81.49191346127343, 35.68961995655578]}";White;None - Rural Crash;Travel Lane;2;15;Mixed (30% To 70% Developed);Female;School Bus;0;#NULL!;0;0;White;No;0;30-39;Bicyclist Intentionally Caused;None;No;No;Dry;0;Rural;No;08MAY2009;0;15:45;Female;No;Residential;B: Evident Injury;No;O: No Injury;4839;May;0;Straight - Level;Mountains;With Traffic;Stop Sign;Friday;Intersection;33;0;Two-Way, Not Divided;2 lanes;0;#NULL!;#NULL!;Smooth Asphalt;#NULL!;Related To Intersection;Other / Unusual Circumstances;State Secondary Route;B: Evident Injury;Burke;65;Clear;#NULL!;0-5 mph;50 - 55  MPH;2009;Daylight;60-69
35.097609922, -78.9528826678;"{""type"": ""Point"", ""coordinates"": [-78.9528826677887, 35.097609922046445]}";Black;Fayetteville;Travel Lane;2;12;Urban (>70% Developed);Male;Passenger Car;0;#NULL!;0;0;White;No;0;25-29;Bicyclist Ride Out - Sign-Controlled Intersection;None;No;No;Dry;0;Urban;No;31MAY2009;0;12:32;Male;No;Residential;B: Evident Injury;Yes;O: No Injury;4840;May;0;Straight - Level;Coastal;With Traffic;Stop Sign;Sunday;Intersection;25;0;Two-Way, Not Divided;2 lanes;0;#NULL!;#NULL!;Concrete;#NULL!;Four-Way Intersection;Bicyclist Failed to Yield - Sign-Controlled Intersection;Local Street;B: Evident Injury;Cumberland;30;Clear;#NULL!;21-25 mph;20 - 25  MPH;2009;Daylight;30-39
35.2576138758, -81.2075133518;"{""type"": ""Point"", ""coordinates"": [-81.20751335177113, 35.257613875773814]}";White;Gastonia;Travel Lane;2;16;Urban (>70% Developed);Male;Passenger Car;0;#NULL!;0;0;White;No;0;16-19;Crossing Paths - Intersection - Other / Unknown;None;No;No;Dry;0;Urban;No;13MAY2009;0;16:22;Male;No;Commercial;C: Possible Injury;Yes;O: No Injury;4844;May;0;Straight - Level;Piedmont;With Traffic;Stop And Go Signal;Wednesday;Intersection;18;0;Two-Way, Not Divided;5 lanes;0;#NULL!;#NULL!;Smooth Asphalt;#NULL!;Four-Way Intersection;Crossing Paths - Other Circumstances;State Secondary Route;C: Possible Injury;Gaston;43;Cloudy;#NULL!;36-40 mph;40 - 45  MPH;2009;Daylight;40-49
35.0537709148, -78.8665026404;"{""type"": ""Point"", ""coordinates"": [-78.8665026404006, 35.05377091482878]}";Black;Fayetteville;Other;2;21;Urban (>70% Developed);Male;Passenger Car;0;#NULL!;0;0;Black;No;0;20-24;Bicyclist Ride Out - Midblock - Unknown;None;No;No;Dry;0;Urban;No;20MAY2009;0;21:46;Male;No;Commercial;O: No Injury;No;O: No Injury;4845;May;0;Straight - Level;Coastal;Not Applicable;No Control Present;Wednesday;Non-Intersection;21;0;Two-Way, Not Divided;4 lanes;0;#NULL!;#NULL!;Concrete;#NULL!;No Special Feature;Bicyclist Failed to Yield - Midblock;Local Street;O: No Injury;Cumberland;70+;Clear;#NULL!;16-20 mph;30 - 35  MPH;2009;Dark - Lighted Roadway;70+
35.5969420578, -78.1253824431;"{""type"": ""Point"", ""coordinates"": [-78.12538244309057, 35.59694205784099]}";Black;Kenly;Travel Lane;2;13;Urban (>70% Developed);Male;Pickup;0;#NULL!;0;0;White;No;0;16-19;Motorist Left Turn - Opposite Direction;None;No;No;Dry;0;Rural;No;06JUN2009;0;13:25;Male;No;Residential;C: Possible Injury;Yes;O: No Injury;4862;June;0;Straight - Level;Coastal;With Traffic;Stop Sign;Saturday;Intersection;16;0;Two-Way, Divided, Unprotected Median;2 lanes;0;#NULL!;#NULL!;Coarse Asphalt;#NULL!;No Special Feature;Motorist Left Turn / Merge;Local Street;C: Possible Injury;Johnston;70+;Cloudy;#NULL!;0-5 mph;30 - 35  MPH;2009;Daylight;70+
35.0875048519, -80.8528132371;"{""type"": ""Point"", ""coordinates"": [-80.85281323709057, 35.08750485193548]}";Black;Charlotte;Travel Lane;2;19;Urban (>70% Developed);Female;Sport Utility;0;#NULL!;0;0;White;No;0;20-24;Signalized Intersection - Other / Unknown;None;No;No;Dry;0;Urban;No;21MAY2009;0;19:09;Male;No;Commercial;C: Possible Injury;No;O: No Injury;4864;May;0;Straight - Level;Piedmont;Facing Traffic;Stop And Go Signal;Thursday;Intersection;21;0;Two-Way, Divided, Unprotected Median;4 lanes;0;#NULL!;#NULL!;Smooth Asphalt;#NULL!;No Special Feature;Crossing Paths - Other Circumstances;Local Street;C: Possible Injury;Mecklenburg;24;Clear;#NULL!;0-5 mph;40 - 45  MPH;2009;Daylight;20-24
35.2242808814, -80.8497032437;"{""type"": ""Point"", ""coordinates"": [-80.84970324371659, 35.22428088144269]}";White;Charlotte;Travel Lane;4;1;Urban (>70% Developed);Female;Passenger Car;0;#NULL!;0;0;Unknown/Missing;No;0;30-39;Motorist Overtaking - Other / Unknown;None;No;No;Dry;0;Urban;Yes;23MAY2009;0;1:28;Unknown;Missing;Commercial;C: Possible Injury;No;Unknown Injury;4869;May;0;Straight - Grade;Piedmont;With Traffic;No Control Present;Saturday;Non-Intersection;30;0;One-Way, Not Divided;2 lanes;0;#NULL!;#NULL!;Smooth Asphalt;#NULL!;No Special Feature;Motorist Overtaking Bicyclist;Local Street;C: Possible Injury;Mecklenburg;Unknown;Clear;#NULL!;31-35 mph;30 - 35  MPH;2009;Dark - Lighted Roadway;Unknown
35.5493230842, -77.0542521151;"{""type"": ""Point"", ""coordinates"": [-77.05425211512882, 35.54932308420244]}";Black;Washington;Travel Lane;2;10;Urban (>70% Developed);Male;Van;0;#NULL!;0;0;Black;No;0;6-10;Bicyclist Ride Through - Sign-Controlled Intersection;None;No;No;Dry;0;Urban;No;27MAY2009;0;10:57;Male;No;Residential;B: Evident Injury;Yes;O: No Injury;4871;May;0;Straight - Level;Coastal;With Traffic;Stop Sign;Wednesday;Intersection;10;0;Two-Way, Not Divided;2 lanes;0;#NULL!;#NULL!;Coarse Asphalt;#NULL!;Four-Way Intersection;Bicyclist Failed to Yield - Sign-Controlled Intersection;Local Street;B: Evident Injury;Beaufort;30;Clear;#NULL!;21-25 mph;20 - 25  MPH;2009;Daylight;30-39
34.2115237655, -77.7933122748;"{""type"": ""Point"", ""coordinates"": [-77.7933122748021, 34.21152376547841]}";White;Wrightsville Beach;Travel Lane;2;17;Urban (>70% Developed);Male;Unknown;0;#NULL!;0;0;Unknown/Missing;No;0;30-39;Motorist Overtaking - Misjudged Space;None;No;No;Dry;0;Rural;Yes;25MAY2009;0;17:00;Unknown;Missing;Residential;Unknown Injury;No;Unknown Injury;4878;May;0;Straight - Level;Coastal;With Traffic;No Control Present;Monday;Non-Intersection;32;0;Two-Way, Not Divided;2 lanes;0;#NULL!;#NULL!;Smooth Asphalt;#NULL!;No Special Feature;Motorist Overtaking Bicyclist;Local Street;Unknown Injury;New Hanover;Unknown;Clear;#NULL!;21-25 mph;20 - 25  MPH;2009;Daylight;Unknown
35.7878270803, -78.6682226183;"{""type"": ""Point"", ""coordinates"": [-78.66822261825212, 35.78782708034507]}";White;Raleigh;Travel Lane;2;2;Urban (>70% Developed);Male;Unknown;0;#NULL!;0;0;Unknown/Missing;Yes;0;20-24;Motorist Overtaking - Other / Unknown;None;No;No;Dry;0;Urban;Yes;21MAY2009;0;2:54;Unknown;Missing;Commercial;C: Possible Injury;No;Unknown Injury;4881;May;0;Straight - Level;Piedmont;With Traffic;No Control Present;Thursday;Non-Intersection;22;0;Two-Way, Not Divided;2 lanes;0;#NULL!;#NULL!;Smooth Asphalt;#NULL!;No Special Feature;Motorist Overtaking Bicyclist;Local Street;C: Possible Injury;Wake;Unknown;Clear;#NULL!;31-35 mph;30 - 35  MPH;2009;Dark - Lighted Roadway;Unknown
35.7808070805, -78.6282626063;"{""type"": ""Point"", ""coordinates"": [-78.62826260625333, 35.7808070804628]}";Black;Raleigh;Travel Lane;2;17;Urban (>70% Developed);Male;Passenger Car;0;#NULL!;0;0;Black;No;0;50-59;Signalized Intersection - Other / Unknown;None;No;No;Dry;0;Urban;No;23APR2009;0;17:16;Female;No;Residential;C: Possible Injury;Yes;O: No Injury;4883;April;0;Straight - Level;Piedmont;With Traffic;Stop And Go Signal;Thursday;Intersection;53;0;One-Way, Not Divided;3 lanes;0;#NULL!;#NULL!;Concrete;#NULL!;No Special Feature;Crossing Paths - Other Circumstances;Local Street;C: Possible Injury;Wake;22;Clear;#NULL!;16-20 mph;30 - 35  MPH;2009;Daylight;20-24
34.3012467767, -78.0696523628;"{""type"": ""Point"", ""coordinates"": [-78.0696523627945, 34.30124677666039]}";White;None - Rural Crash;Travel Lane;2;20;Rural (<30% Developed);Male;Unknown;0;#NULL!;0;0;Unknown/Missing;No;0;40-49;Motorist Overtaking - Misjudged Space;None;Yes;Yes;Dry;0;Rural;Yes;11JUN2009;0;20:39;Unknown;Missing;Farms, Woods, Pastures;B: Evident Injury;Yes;Unknown Injury;4886;June;0;Curve - Level;Coastal;With Traffic;Double Yellow Line, No Passing Zone;Thursday;Non-Intersection;44;0;Two-Way, Not Divided;2 lanes;0;#NULL!;#NULL!;Coarse Asphalt;#NULL!;No Special Feature;Motorist Overtaking Bicyclist;State Secondary Route;B: Evident Injury;Brunswick;Unknown;Clear;#NULL!;Unknown;50 - 55  MPH;2009;Dark - Roadway Not Lighted;Unknown
36.0631442106, -76.6034620024;"{""type"": ""Point"", ""coordinates"": [-76.60346200242167, 36.063144210622]}";Black;Edenton;Sidewalk / Crosswalk / Driveway Crossing;2;14;Mixed (30% To 70% Developed);Male;Van;0;#NULL!;0;0;Black;No;0;0-5;Motorist Drive Out - Commercial Driveway / Alley;None;No;No;Dry;0;Urban;No;31MAY2009;0;14:35;Female;No;Residential;B: Evident Injury;No;O: No Injury;4890;May;0;Straight - Level;Coastal;Facing Traffic;Stop Sign;Sunday;Non-Intersection;5;0;Two-Way, Divided, Unprotected Median;2 lanes;0;#NULL!;#NULL!;Coarse Asphalt;#NULL!;No Special Feature;Motorist Failed to Yield - Midblock;Local Street;B: Evident Injury;Chowan;24;Clear;#NULL!;Unknown;20 - 25  MPH;2009;Daylight;20-24
35.6095670872, -77.367462214;"{""type"": ""Point"", ""coordinates"": [-77.36746221400169, 35.60956708719981]}";Black;Greenville;Sidewalk / Crosswalk / Driveway Crossing;2;16;Urban (>70% Developed);Male;Passenger Car;0;#NULL!;0;0;Hispanic;No;0;40-49;Bicyclist Ride Out - Parallel Path;None;No;No;Dry;0;Urban;No;03JUN2009;0;16:30;Male;No;Residential;B: Evident Injury;Yes;O: No Injury;4894;June;0;Straight - Level;Coastal;Unknown;Stop Sign;Wednesday;Non-Intersection;44;0;Two-Way, Not Divided;2 lanes;0;#NULL!;#NULL!;Coarse Asphalt;#NULL!;Four-Way Intersection;Parallel Paths - Other Circumstances;Local Street;B: Evident Injury;Pitt;38;Clear;#NULL!;21-25 mph;20 - 25  MPH;2009;Daylight;30-39
35.599310897, -82.5411237666;"{""type"": ""Point"", ""coordinates"": [-82.5411237666124, 35.59931089701487]}";White;Asheville;Travel Lane;2;10;Urban (>70% Developed);Male;Pickup;0;#NULL!;0;0;White;No;0;40-49;Motorist Overtaking - Undetected Bicyclist;None;No;No;Dry;0;Urban;No;04JUN2009;0;10:32;Female;No;Commercial;C: Possible Injury;No;O: No Injury;4895;June;0;Straight - Level;Mountains;With Traffic;No Control Present;Thursday;Non-Intersection;49;0;Two-Way, Not Divided;2 lanes;0;#NULL!;#NULL!;Smooth Asphalt;#NULL!;Tunnel;Motorist Overtaking Bicyclist;US Route;C: Possible Injury;Buncombe;70+;Cloudy;#NULL!;21-25 mph;30 - 35  MPH;2009;Daylight;70+
36.1103371085, -79.7885089748;"{""type"": ""Point"", ""coordinates"": [-79.78850897482988, 36.11033710851675]}";White;Greensboro;Travel Lane;2;15;Urban (>70% Developed);Male;Passenger Car;0;#NULL!;0;0;Black;No;0;16-19;Bicyclist Ride Through - Signalized Intersection;None;No;No;Wet;0;Urban;No;04JUN2009;0;15:47;Female;No;Commercial;C: Possible Injury;Yes;O: No Injury;4896;June;0;Straight - Level;Piedmont;Facing Traffic;Stop And Go Signal;Thursday;Intersection;17;0;Two-Way, Divided, Unprotected Median;Unknown;0;#NULL!;#NULL!;Coarse Asphalt;#NULL!;T-Intersection;Bicyclist Failed to Yield - Signalized Intersection;Local Street;C: Possible Injury;Guilford;34;Cloudy;#NULL!;21-25 mph;30 - 35  MPH;2009;Daylight;30-39
35.9292600975, -79.0340327369;"{""type"": ""Point"", ""coordinates"": [-79.03403273690125, 35.92926009746506]}";Black;Chapel Hill;Sidewalk / Crosswalk / Driveway Crossing;2;14;Urban (>70% Developed);Female;Van;0;#NULL!;0;0;White;No;0;6-10;Motorist Drive Out - Residential Driveway;None;No;No;Dry;0;Urban;No;12JUN2009;0;14:42;Male;No;Commercial;B: Evident Injury;Yes;O: No Injury;4902;June;0;Straight - Grade;Piedmont;Unknown;No Control Present;Friday;Non-Intersection;8;0;Two-Way, Not Divided;2 lanes;0;#NULL!;#NULL!;Smooth Asphalt;#NULL!;Driveway, Public;Motorist Failed to Yield - Midblock;Local Street;B: Evident Injury;Orange;32;Clear;#NULL!;0-5 mph;30 - 35  MPH;2009;Daylight;30-39
35.4973269397, -80.8506932588;"{""type"": ""Point"", ""coordinates"": [-80.85069325875361, 35.49732693973985]}";White;Davidson;Sidewalk / Crosswalk / Driveway Crossing;2;17;Rural (<30% Developed);Female;Passenger Car;0;#NULL!;0;0;White;No;0;20-24;Motorist Drive Out - Sign-Controlled Intersection;None;No;No;Dry;0;Urban;No;09JUN2009;0;17:12;Female;No;Commercial;B: Evident Injury;Yes;O: No Injury;4907;June;0;Straight - Level;Piedmont;Facing Traffic;Stop Sign;Tuesday;Intersection;20;0;Two-Way, Divided, Unprotected Median;2 lanes;0;#NULL!;#NULL!;Smooth Asphalt;#NULL!;T-Intersection;Motorist Failed to Yield - Sign-Controlled Intersection;Local Street;B: Evident Injury;Mecklenburg;50;Clear;#NULL!;0-5 mph;20 - 25  MPH;2009;Daylight;50-59
35.9753111124, -78.8884026948;"{""type"": ""Point"", ""coordinates"": [-78.88840269480319, 35.975311112434326]}";Black;Durham;Travel Lane;2;14;Urban (>70% Developed);Male;Passenger Car;0;#NULL!;0;0;Black;No;0;6-10;Bicyclist Ride Out - Sign-Controlled Intersection;None;No;No;Dry;0;Urban;No;23JUN2009;0;14:04;Male;No;Residential;C: Possible Injury;Yes;O: No Injury;4911;June;0;Straight - Grade;Piedmont;Facing Traffic;Stop Sign;Tuesday;Intersection;7;0;Two-Way, Not Divided;2 lanes;0;#NULL!;#NULL!;Smooth Asphalt;#NULL!;Four-Way Intersection;Bicyclist Failed to Yield - Sign-Controlled Intersection;Local Street;C: Possible Injury;Durham;22;Clear;#NULL!;26-30 mph;30 - 35  MPH;2009;Daylight;20-24
35.8678071996, -75.6497216994;"{""type"": ""Point"", ""coordinates"": [-75.64972169941656, 35.8678071995888]}";White;None - Rural Crash;Travel Lane;2;17;Rural (<30% Developed);Male;Pickup;0;#NULL!;0;0;White;No;0;25-29;Motorist Overtaking - Other / Unknown;None;No;No;Dry;0;Rural;No;04JUN2009;0;17:55;Male;No;Farms, Woods, Pastures;B: Evident Injury;Yes;O: No Injury;4912;June;0;Curve - Grade;Coastal;With Traffic;Double Yellow Line, No Passing Zone;Thursday;Non-Intersection;29;0;Two-Way, Not Divided;2 lanes;0;#NULL!;#NULL!;Smooth Asphalt;#NULL!;No Special Feature;Motorist Overtaking Bicyclist;NC Route;B: Evident Injury;Dare;22;Clear;#NULL!;31-35 mph;40 - 45  MPH;2009;Daylight;20-24