Geo Point;Geo Shape;BikeRace;City;BikePos;NumUnits;CrashHour;Locality;BikeSex;DrvrVehTyp;NumBikesNo;BikeAlcDrg;NumBikesBI;RteInvdCd;DrvrRace;Workzone;NumBikesCi;BikeAgeGrp;CrashType;RdDefects;CrashAlcoh;BikeAlcoho;RdConditio;DstncMiFrm;RuralUrban;HitRun;CrashDate;NumBikesUI;CrashTime;DrvrSex;DrvrAlcoho;Developmen;CrashSevr;AmbulanceR;DrvrInjury;OBJECTID;CrashMonth;NumBikesKi;RdCharacte;Region;BikeDir;TraffCntrl;CrashDay;CrashLoc;BikeAge;NumBikesTo;RdConfig;NumLanes;NumBikesAI;DrvrAlcDrg;OnRoad;RdSurface;Towrd_Rd;RdFeature;CrashGrp;RdClass;BikeInjury;County;DrvrAge;Weather;FrmRd;DrvrEstSpd;SpeedLimit;CrashYear;LightCond;DrvrAgeGrp
35.9696111226, -78.5612625957;"{""type"": ""Point"", ""coordinates"": [-78.56126259569562, 35.96961112263623]}";White;None - Rural Crash;Travel Lane;2;8;Mixed (30% To 70% Developed);Male;Passenger Car;0;#NULL!;0;0;White;No;0;30-39;Bicyclist Left Turn - Same Direction;None;No;No;Dry;0;Rural;No;21JUN2009;0;8:19;Female;No;Residential;C: Possible Injury;No;O: No Injury;4915;June;0;Straight - Level;Piedmont;With Traffic;Double Yellow Line, No Passing Zone;Sunday;Intersection;33;0;Two-Way, Not Divided;2 lanes;0;#NULL!;#NULL!;Smooth Asphalt;#NULL!;Y-Intersection;Bicyclist Left Turn / Merge;NC Route;C: Possible Injury;Wake;18;Clear;#NULL!;41-45 mph;40 - 45  MPH;2009;Daylight;0-19
35.9084772073, -75.6807017111;"{""type"": ""Point"", ""coordinates"": [-75.68070171111574, 35.908477207341505]}";Black;None - Rural Crash;Travel Lane;2;13;Mixed (30% To 70% Developed);Male;Van;0;#NULL!;0;0;Black;No;0;11-15;Bicyclist Ride Through - Sign-Controlled Intersection;None;No;No;Dry;0;Rural;No;28MAY2012;0;13:12;Female;No;Residential;A: Disabling Injury;Yes;O: No Injury;2065;May;0;Straight - Level;Coastal;With Traffic;Double Yellow Line, No Passing Zone;Monday;Intersection;13;0;Two-Way, Not Divided;2 lanes;0;#NULL!;#NULL!;Coarse Asphalt;#NULL!;T-Intersection;Bicyclist Failed to Yield - Sign-Controlled Intersection;State Secondary Route;A: Disabling Injury;Dare;44;Cloudy;#NULL!;21-25 mph;20 - 25  MPH;2012;Daylight;40-49
34.2431967676, -77.9497023239;"{""type"": ""Point"", ""coordinates"": [-77.94970232392029, 34.24319676762954]}";White;Wilmington;Travel Lane;2;12;Mixed (30% To 70% Developed);Male;Passenger Car;0;#NULL!;0;0;White;No;0;20-24;Motorist Drive Out - Sign-Controlled Intersection;None;No;No;Wet;0;Urban;No;16MAY2012;0;12:41;Male;No;Commercial;B: Evident Injury;Yes;O: No Injury;2070;May;0;Straight - Level;Coastal;With Traffic;Stop Sign;Wednesday;Intersection;20;0;Two-Way, Divided, Positive Median Barrier;6 lanes;0;#NULL!;#NULL!;Smooth Asphalt;#NULL!;No Special Feature;Motorist Failed to Yield - Sign-Controlled Intersection;Local Street;B: Evident Injury;New Hanover;50;Cloudy;#NULL!;0-5 mph;20 - 25  MPH;2012;Daylight;50-59
35.3758070263, -77.6670022934;"{""type"": ""Point"", ""coordinates"": [-77.66700229341818, 35.37580702625785]}";White;None - Rural Crash;Travel Lane;2;13;Rural (<30% Developed);Male;Van;0;#NULL!;0;0;Unknown/Missing;No;0;50-59;Motorist Overtaking - Misjudged Space;None;No;No;Dry;0;Rural;Yes;02JUN2012;0;13:46;Unknown;Missing;Farms, Woods, Pastures;C: Possible Injury;Yes;Unknown Injury;2079;June;0;Straight - Level;Coastal;With Traffic;Double Yellow Line, No Passing Zone;Saturday;Non-Intersection;50;0;Two-Way, Not Divided;2 lanes;0;#NULL!;#NULL!;Coarse Asphalt;#NULL!;No Special Feature;Motorist Overtaking Bicyclist;US Route;C: Possible Injury;Greene;Unknown;Clear;#NULL!;Unknown;50 - 55  MPH;2012;Daylight;Unknown
35.7161370909, -77.919402387;"{""type"": ""Point"", ""coordinates"": [-77.91940238704358, 35.71613709091073]}";Black;Wilson;Travel Lane;2;23;Mixed (30% To 70% Developed);Male;Passenger Car;0;#NULL!;0;0;White;No;0;50-59;Motorist Drive Out - Sign-Controlled Intersection;None;No;No;Dry;0;Urban;No;07MAY2012;0;23:14;Female;No;Residential;B: Evident Injury;Yes;O: No Injury;2061;May;0;Straight - Level;Coastal;With Traffic;Stop Sign;Monday;Intersection;54;0;Two-Way, Not Divided;2 lanes;0;#NULL!;#NULL!;Coarse Asphalt;#NULL!;No Special Feature;Motorist Failed to Yield - Sign-Controlled Intersection;Local Street;B: Evident Injury;Wilson;18;Cloudy;#NULL!;31-35 mph;30 - 35  MPH;2012;Dark - Roadway Not Lighted;0-19
36.1079670914, -80.247703112;"{""type"": ""Point"", ""coordinates"": [-80.24770311196983, 36.107967091403935]}";Black;Winston-Salem;Travel Lane;2;23;Urban (>70% Developed);Male;Unknown;0;#NULL!;0;0;Unknown/Missing;No;0;25-29;Motorist Overtaking - Other / Unknown;None;No;No;Dry;0;Urban;Yes;02JUN2012;0;23:05;Unknown;No;Commercial;C: Possible Injury;No;Unknown Injury;2095;June;0;Straight - Level;Piedmont;With Traffic;No Control Present;Saturday;Non-Intersection;25;0;Two-Way, Divided, Unprotected Median;2 lanes;0;#NULL!;#NULL!;Smooth Asphalt;#NULL!;No Special Feature;Motorist Overtaking Bicyclist;Local Street;C: Possible Injury;Forsyth;Unknown;Clear;#NULL!;6-10 mph;30 - 35  MPH;2012;Daylight;Unknown
36.2182271293, -79.8460029975;"{""type"": ""Point"", ""coordinates"": [-79.84600299751182, 36.21822712925816]}";White;None - Rural Crash;Travel Lane;2;18;Rural (<30% Developed);Male;Passenger Car;0;#NULL!;0;0;White;No;0;40-49;Motorist Overtaking - Other / Unknown;None;No;No;Dry;0;Rural;No;03JUN2012;0;18:26;Female;No;Farms, Woods, Pastures;B: Evident Injury;Yes;O: No Injury;2089;June;0;Curve - Grade;Piedmont;With Traffic;Double Yellow Line, No Passing Zone;Sunday;Non-Intersection;43;0;Two-Way, Not Divided;2 lanes;0;#NULL!;#NULL!;Smooth Asphalt;#NULL!;No Special Feature;Motorist Overtaking Bicyclist;State Secondary Route;B: Evident Injury;Guilford;41;Clear;#NULL!;Unknown;Unknown;2012;Daylight;40-49
36.108087119, -79.4842028822;"{""type"": ""Point"", ""coordinates"": [-79.48420288216607, 36.108087119017426]}";Unknown/Missing;None - Rural Crash;Travel Lane;2;7;Urban (>70% Developed);Unknown;Other Bus;0;#NULL!;0;0;White;No;0;20-24;Crossing Paths - Uncontrolled Intersection;None;No;No;Dry;0;Rural;No;14MAY2012;0;7:44;Male;No;Residential;O: No Injury;No;O: No Injury;2084;May;0;Straight - Level;Piedmont;With Traffic;Double Yellow Line, No Passing Zone;Monday;Intersection-Related;21;0;Two-Way, Not Divided;2 lanes;0;#NULL!;#NULL!;Smooth Asphalt;#NULL!;Driveway, Public;Crossing Paths - Other Circumstances;Local Street;O: No Injury;Alamance;70+;Cloudy;#NULL!;0-5 mph;30 - 35  MPH;2012;Daylight;70+
35.7200870914, -77.9458023958;"{""type"": ""Point"", ""coordinates"": [-77.94580239579804, 35.72008709138098]}";Black;Wilson;Travel Lane;2;14;Urban (>70% Developed);Male;Passenger Car;0;#NULL!;0;0;White;No;0;50-59;Signalized Intersection - Other / Unknown;None;No;No;Dry;0;Urban;No;02MAY2012;0;14:58;Female;No;Residential;C: Possible Injury;Yes;O: No Injury;2062;May;0;Straight - Level;Coastal;With Traffic;Stop And Go Signal;Wednesday;Intersection;58;0;Two-Way, Not Divided;5 lanes;0;#NULL!;#NULL!;Smooth Asphalt;#NULL!;Four-Way Intersection;Crossing Paths - Other Circumstances;Local Street;C: Possible Injury;Wilson;70+;Clear;#NULL!;0-5 mph;40 - 45  MPH;2012;Daylight;70+
35.7760870792, -78.6404026095;"{""type"": ""Point"", ""coordinates"": [-78.6404026094622, 35.77608707917501]}";White;Raleigh;Travel Lane;2;15;Urban (>70% Developed);Male;Police;0;#NULL!;0;0;White;Yes;0;25-29;Bicyclist Overtaking - Extended Door;None;No;No;Dry;0;Urban;No;30MAY2012;0;15:51;Male;Missing;Industrial;C: Possible Injury;Yes;O: No Injury;2088;May;0;Straight - Level;Piedmont;With Traffic;Stop And Go Signal;Wednesday;Non-Intersection;29;0;One-Way, Not Divided;2 lanes;0;#NULL!;#NULL!;Smooth Asphalt;#NULL!;No Special Feature;Bicyclist Overtaking Motorist;Local Street;C: Possible Injury;Wake;39;Clear;#NULL!;0-5 mph;30 - 35  MPH;2012;Daylight;30-39
36.0758171006, -79.7970029748;"{""type"": ""Point"", ""coordinates"": [-79.79700297476671, 36.07581710058153]}";White;Greensboro;Sidewalk / Crosswalk / Driveway Crossing;2;17;Urban (>70% Developed);Male;Passenger Car;0;#NULL!;0;0;White;No;0;40-49;Motorist Drive Out - Sign-Controlled Intersection;None;No;No;Dry;0;Urban;No;14DEC2012;0;17:50;Male;No;Commercial;C: Possible Injury;Yes;O: No Injury;2711;December;0;Straight - Bottom;Piedmont;Facing Traffic;Stop Sign;Friday;Intersection;40;0;One-Way, Not Divided;4 lanes;0;#NULL!;#NULL!;Coarse Asphalt;#NULL!;Four-Way Intersection;Motorist Failed to Yield - Sign-Controlled Intersection;Local Street;C: Possible Injury;Guilford;44;Clear;#NULL!;0-5 mph;20 - 25  MPH;2012;Dark - Lighted Roadway;40-49
35.8733370889, -78.9484027073;"{""type"": ""Point"", ""coordinates"": [-78.94840270731395, 35.873337088924096]}";White;None - Rural Crash;Bike Lane / Paved Shoulder;2;16;Rural (<30% Developed);Male;Pickup;0;#NULL!;0;0;White;No;0;30-39;Motorist Lost Control - Oversteering, Improper Braking, Speed;None;No;No;Dry;0;Rural;No;02DEC2012;0;16:22;Male;No;Farms, Woods, Pastures;C: Possible Injury;Yes;O: No Injury;2689;December;0;Straight - Grade;Piedmont;With Traffic;Double Yellow Line, No Passing Zone;Sunday;Non-Intersection;36;0;Two-Way, Not Divided;2 lanes;0;#NULL!;#NULL!;Smooth Asphalt;#NULL!;No Special Feature;Loss of Control / Turning Error;NC Route;C: Possible Injury;Durham;70+;Clear;#NULL!;41-45 mph;50 - 55  MPH;2012;Daylight;70+
35.9116570929, -79.0626027443;"{""type"": ""Point"", ""coordinates"": [-79.06260274433824, 35.91165709287731]}";White;Chapel Hill;Travel Lane;2;17;Urban (>70% Developed);Male;Passenger Car;0;#NULL!;0;0;White;No;0;50-59;Bicyclist Overtaking - Extended Door;None;No;No;Wet;0;Urban;No;27NOV2012;0;17:25;Female;No;Residential;C: Possible Injury;Yes;O: No Injury;2688;November;0;Straight - Level;Piedmont;With Traffic;Double Yellow Line, No Passing Zone;Tuesday;Intersection-Related;54;0;Two-Way, Divided, Unprotected Median;2 lanes;0;#NULL!;#NULL!;Smooth Asphalt;#NULL!;No Special Feature;Bicyclist Overtaking Motorist;Local Street;C: Possible Injury;Orange;31;Rain;#NULL!;0-5 mph;20 - 25  MPH;2012;Dark - Lighted Roadway;30-39
35.0238768444, -80.6915031858;"{""type"": ""Point"", ""coordinates"": [-80.69150318577502, 35.023876844427434]}";White;Weddington;Travel Lane;2;16;Rural (<30% Developed);Female;Passenger Car;0;#NULL!;0;0;Black;No;0;50-59;Motorist Drive Out - Sign-Controlled Intersection;None;No;No;Dry;0;Urban;No;15DEC2012;0;16:49;Female;No;Farms, Woods, Pastures;A: Disabling Injury;Yes;O: No Injury;2713;December;0;Curve - Level;Piedmont;With Traffic;Yield Sign;Saturday;Intersection;56;0;One-Way, Not Divided;1 lane;0;#NULL!;#NULL!;Smooth Asphalt;#NULL!;Traffic Circle/Roundabout;Motorist Failed to Yield - Sign-Controlled Intersection;State Secondary Route;A: Disabling Injury;Union;32;Clear;#NULL!;6-10 mph;40 - 45  MPH;2012;Daylight;30-39
36.0980270888, -80.2486031119;"{""type"": ""Point"", ""coordinates"": [-80.24860311189201, 36.09802708881967]}";White;Winston-Salem;Travel Lane;2;1;Urban (>70% Developed);Male;Passenger Car;0;#NULL!;0;0;Unknown/Missing;No;0;20-24;Bicyclist Overtaking - Parked Vehicle;None;Yes;Yes;Dry;0;Urban;No;25NOV2012;0;1:43;Unknown;Missing;Commercial;B: Evident Injury;Yes;Unknown Injury;2721;November;0;Straight - Level;Piedmont;With Traffic;No Control Present;Sunday;Non-Intersection;24;0;Two-Way, Not Divided;2 lanes;0;#NULL!;#NULL!;Coarse Asphalt;#NULL!;No Special Feature;Bicyclist Overtaking Motorist;Local Street;B: Evident Injury;Forsyth;Unknown;Cloudy;#NULL!;6-10 mph;30 - 35  MPH;2012;Dark - Lighted Roadway;Unknown
35.0489768509, -80.6482031736;"{""type"": ""Point"", ""coordinates"": [-80.64820317361513, 35.0489768508596]}";White;Indian Trail;Travel Lane;2;15;Urban (>70% Developed);Male;Passenger Car;0;#NULL!;0;0;White;No;0;16-19;Bicyclist Ride Through - Signalized Intersection;None;No;No;Dry;0;Urban;No;11DEC2012;0;15:40;Female;No;Commercial;C: Possible Injury;Yes;O: No Injury;2703;December;0;Straight - Level;Piedmont;With Traffic;Stop And Go Signal;Tuesday;Intersection;19;0;Two-Way, Not Divided;2 lanes;0;#NULL!;#NULL!;Smooth Asphalt;#NULL!;Four-Way Intersection;Bicyclist Failed to Yield - Signalized Intersection;Local Street;C: Possible Injury;Union;38;Clear;#NULL!;21-25 mph;30 - 35  MPH;2012;Daylight;30-39
35.0089968366, -80.821303224;"{""type"": ""Point"", ""coordinates"": [-80.82130322402467, 35.00899683664147]}";White;Marvin;Travel Lane;3;14;Mixed (30% To 70% Developed);Male;Sport Utility;0;#NULL!;0;0;White;No;0;25-29;Bicyclist Left Turn - Same Direction;None;No;No;Dry;0;Rural;No;15DEC2012;0;14:56;Male;No;Farms, Woods, Pastures;C: Possible Injury;Yes;O: No Injury;2714;December;0;Straight - Bottom;Piedmont;With Traffic;Double Yellow Line, No Passing Zone;Saturday;Intersection;27;0;Two-Way, Not Divided;2 lanes;0;#NULL!;#NULL!;Smooth Asphalt;#NULL!;T-Intersection;Bicyclist Left Turn / Merge;State Secondary Route;C: Possible Injury;Union;17;Clear;#NULL!;31-35 mph;30 - 35  MPH;2012;Daylight;0-19
35.6087170854, -77.3946022222;"{""type"": ""Point"", ""coordinates"": [-77.39460222219071, 35.60871708537475]}";Black;Greenville;Travel Lane;2;13;Urban (>70% Developed);Male;Passenger Car;0;#NULL!;0;0;White;No;0;50-59;Bicyclist Ride Out - Sign-Controlled Intersection;None;No;No;Dry;0;Urban;No;04DEC2012;0;13:46;Female;No;Commercial;C: Possible Injury;Yes;O: No Injury;2693;December;0;Straight - Level;Coastal;With Traffic;No Control Present;Tuesday;Intersection;56;0;Two-Way, Not Divided;7 lanes;0;#NULL!;#NULL!;Smooth Asphalt;#NULL!;T-Intersection;Bicyclist Failed to Yield - Sign-Controlled Intersection;NC Route;C: Possible Injury;Pitt;21;Clear;#NULL!;41-45 mph;40 - 45  MPH;2012;Daylight;20-24
34.2485567422, -78.754302566;"{""type"": ""Point"", ""coordinates"": [-78.75430256603424, 34.24855674217514]}";White;None - Rural Crash;Travel Lane;2;17;Rural (<30% Developed);Male;Passenger Car;0;#NULL!;0;0;Black;No;0;16-19;Motorist Overtaking - Other / Unknown;None;No;No;Wet;0;Rural;No;11DEC2012;0;17:38;Male;No;Farms, Woods, Pastures;O: No Injury;No;O: No Injury;2704;December;0;Curve - Level;Coastal;With Traffic;No Control Present;Tuesday;Intersection;16;0;Two-Way, Not Divided;2 lanes;0;#NULL!;#NULL!;Coarse Asphalt;#NULL!;No Special Feature;Motorist Overtaking Bicyclist;US Route;O: No Injury;Columbus;45;Rain;#NULL!;41-45 mph;50 - 55  MPH;2012;Dark - Roadway Not Lighted;40-49
36.5036271605, -80.6072032429;"{""type"": ""Point"", ""coordinates"": [-80.60720324286953, 36.50362716049596]}";Black;Mount Airy;Travel Lane;2;16;Urban (>70% Developed);Male;Passenger Car;0;#NULL!;0;0;White;No;0;25-29;Signalized Intersection - Other / Unknown;None;No;No;Dry;0;Urban;No;23NOV2012;0;16:55;Female;No;Commercial;C: Possible Injury;Yes;O: No Injury;2691;November;0;Straight - Grade;Mountains;Facing Traffic;Stop And Go Signal;Friday;Intersection;26;0;Two-Way, Not Divided;4 lanes;0;#NULL!;#NULL!;Smooth Asphalt;#NULL!;Four-Way Intersection;Crossing Paths - Other Circumstances;US Route;C: Possible Injury;Surry;20;Clear;#NULL!;6-10 mph;30 - 35  MPH;2012;Dusk;20-24
35.1318169308, -78.9005026547;"{""type"": ""Point"", ""coordinates"": [-78.90050265468984, 35.13181693081084]}";Black;Fayetteville;Travel Lane;2;18;Urban (>70% Developed);Male;Unknown;0;#NULL!;0;0;Unknown/Missing;No;0;30-39;Motorist Drive Out - Sign-Controlled Intersection;None;No;No;Wet;0;Urban;Yes;04FEB2011;0;18:32;Unknown;Missing;Residential;C: Possible Injury;Yes;Unknown Injury;2798;February;0;Straight - Level;Coastal;Facing Traffic;Stop Sign;Friday;Intersection;37;0;Two-Way, Divided, Unprotected Median;2 lanes;0;#NULL!;#NULL!;Coarse Asphalt;#NULL!;No Special Feature;Motorist Failed to Yield - Sign-Controlled Intersection;Local Street;C: Possible Injury;Cumberland;Unknown;Rain;#NULL!;0-5 mph;40 - 45  MPH;2011;Dark - Roadway Not Lighted;Unknown
36.0620870975, -79.8160029795;"{""type"": ""Point"", ""coordinates"": [-79.81600297951829, 36.062087097537606]}";White;Greensboro;Travel Lane;2;18;Urban (>70% Developed);Male;Sport Utility;0;#NULL!;0;0;White;No;0;16-19;Bicyclist Ride Out - Other Midblock;None;Yes;Yes;Wet;0;Urban;No;24FEB2011;0;18:29;Male;No;Commercial;C: Possible Injury;No;O: No Injury;2835;February;0;Straight - Level;Piedmont;Not Applicable;Stop And Go Signal;Thursday;Non-Intersection;18;0;Two-Way, Divided, Unprotected Median;6 lanes;0;#NULL!;#NULL!;Coarse Asphalt;#NULL!;Related To Intersection;Bicyclist Failed to Yield - Midblock;Local Street;C: Possible Injury;Guilford;53;Cloudy;#NULL!;16-20 mph;30 - 35  MPH;2011;Dark - Lighted Roadway;50-59
35.246296884, -80.8995032593;"{""type"": ""Point"", ""coordinates"": [-80.89950325930565, 35.24629688398592]}";White;Charlotte;Non-Roadway;2;18;Urban (>70% Developed);Male;Passenger Car;0;#NULL!;0;0;Black;No;0;40-49;Bicylist Lost Control - Alcohol / Drug Impairment;None;Yes;Yes;Dry;0;Urban;No;14FEB2011;0;18:35;Female;No;Commercial;C: Possible Injury;No;O: No Injury;2812;February;0;Straight - Level;Piedmont;Not Applicable;No Control Present;Monday;Non-Intersection;48;0;Two-Way, Not Divided;4 lanes;0;#NULL!;#NULL!;Smooth Asphalt;#NULL!;No Special Feature;Loss of Control / Turning Error;Local Street;C: Possible Injury;Mecklenburg;20;Clear;#NULL!;21-25 mph;30 - 35  MPH;2011;Dark - Lighted Roadway;20-24
34.166986746, -78.0890023614;"{""type"": ""Point"", ""coordinates"": [-78.08900236139398, 34.16698674600887]}";White;None - Rural Crash;Travel Lane;4;18;Rural (<30% Developed);Male;Passenger Car;0;#NULL!;0;0;White;No;0;40-49;Motorist Overtaking - Other / Unknown;None;No;No;Dry;0;Rural;No;03MAR2011;0;18:54;Male;No;Farms, Woods, Pastures;K: Killed;Yes;O: No Injury;2830;March;0;Straight - Level;Coastal;With Traffic;No Control Present;Thursday;Non-Intersection;40;0;Two-Way, Divided, Unprotected Median;4 lanes;0;#NULL!;#NULL!;Smooth Asphalt;#NULL!;No Special Feature;Motorist Overtaking Bicyclist;US Route;K: Killed;Brunswick;53;Clear;#NULL!;51-55 mph;50 - 55  MPH;2011;Dark - Roadway Not Lighted;50-59
34.7828668359, -79.4601028049;"{""type"": ""Point"", ""coordinates"": [-79.4601028048546, 34.78286683594109]}";Black;Laurinburg;Travel Lane;2;16;Urban (>70% Developed);Male;Passenger Car;0;#NULL!;0;0;Black;No;0;11-15;Motorist Drive Out - Sign-Controlled Intersection;None;No;No;Dry;0;Urban;No;13FEB2011;0;16:11;Female;No;Residential;C: Possible Injury;Yes;O: No Injury;2821;February;0;Straight - Level;Coastal;Facing Traffic;Stop Sign;Sunday;Intersection;14;0;Two-Way, Not Divided;2 lanes;0;#NULL!;#NULL!;Coarse Asphalt;#NULL!;No Special Feature;Motorist Failed to Yield - Sign-Controlled Intersection;Local Street;C: Possible Injury;Scotland;63;Clear;#NULL!;0-5 mph;30 - 35  MPH;2011;Daylight;60-69
36.0050271196, -78.8669026904;"{""type"": ""Point"", ""coordinates"": [-78.86690269040734, 36.00502711957942]}";Black;Durham;Travel Lane;2;23;Urban (>70% Developed);Male;Van;0;#NULL!;0;0;Unknown/Missing;No;0;11-15;Crossing Paths - Intersection - Other / Unknown;None;No;No;Dry;0;Urban;Yes;02FEB2011;0;23:21;Unknown;No;Commercial;C: Possible Injury;No;Unknown Injury;2823;February;0;Straight - Level;Piedmont;Not Applicable;No Control Present;Wednesday;Intersection-Related;15;0;Two-Way, Not Divided;2 lanes;0;#NULL!;#NULL!;Coarse Asphalt;#NULL!;No Special Feature;Crossing Paths - Other Circumstances;Local Street;C: Possible Injury;Durham;Unknown;Clear;#NULL!;Unknown;Unknown;2011;Daylight;Unknown
35.9979671161, -78.9272027079;"{""type"": ""Point"", ""coordinates"": [-78.92720270785547, 35.9979671160516]}";White;Durham;Travel Lane;2;9;Urban (>70% Developed);Female;Passenger Car;0;#NULL!;0;0;White;No;0;25-29;Motorist Left Turn - Opposite Direction;None;No;No;Dry;0;Urban;No;15FEB2011;0;9:30;Male;No;Residential;B: Evident Injury;Yes;O: No Injury;2804;February;0;Straight - Grade;Piedmont;With Traffic;No Control Present;Tuesday;Intersection;26;0;Two-Way, Divided, Unprotected Median;2 lanes;0;#NULL!;#NULL!;Smooth Asphalt;#NULL!;No Special Feature;Motorist Left Turn / Merge;Local Street;B: Evident Injury;Durham;21;Clear;#NULL!;11-15 mph;30 - 35  MPH;2011;Daylight;20-24
35.1518368653, -80.868403245;"{""type"": ""Point"", ""coordinates"": [-80.86840324495711, 35.15183686527073]}";White;Charlotte;Travel Lane;2;7;Urban (>70% Developed);Male;Passenger Car;0;#NULL!;0;0;White;No;0;50-59;Motorist Left Turn - Opposite Direction;None;No;No;Dry;0;Urban;No;22FEB2011;0;7:22;Female;No;Residential;B: Evident Injury;No;O: No Injury;2827;February;0;Straight - Level;Piedmont;With Traffic;No Control Present;Tuesday;Intersection;52;0;Two-Way, Not Divided;2 lanes;0;#NULL!;#NULL!;Coarse Asphalt;#NULL!;T-Intersection;Motorist Left Turn / Merge;Local Street;B: Evident Injury;Mecklenburg;38;Clear;#NULL!;11-15 mph;20 - 25  MPH;2011;Daylight;30-39
35.7808170792, -78.6492026124;"{""type"": ""Point"", ""coordinates"": [-78.6492026124202, 35.78081707919692]}";White;Raleigh;Travel Lane;2;2;Urban (>70% Developed);Male;Passenger Car;0;#NULL!;0;0;White;No;0;25-29;Head-On - Motorist;None;Yes;No;Dry;0;Urban;No;24JAN2011;0;2:35;Male;Yes;Commercial;B: Evident Injury;Yes;O: No Injury;2808;January;0;Straight - Level;Piedmont;Facing Traffic;No Control Present;Monday;Intersection-Related;29;0;Two-Way, Not Divided;3 lanes;0;#NULL!;#NULL!;Smooth Asphalt;#NULL!;No Special Feature;Head-On;Local Street;B: Evident Injury;Wake;24;Clear;#NULL!;11-15 mph;30 - 35  MPH;2011;Dark - Lighted Roadway;20-24
36.4984772991, -76.7303020647;"{""type"": ""Point"", ""coordinates"": [-76.73030206471218, 36.498477299088705]}";White;None - Rural Crash;Travel Lane;2;16;Mixed (30% To 70% Developed);Male;Passenger Car;0;#NULL!;0;0;Black;No;0;40-49;Bicyclist Ride Through - Sign-Controlled Intersection;None;No;No;Dry;0;Rural;No;09MAR2011;0;16:20;Female;No;Residential;A: Disabling Injury;Yes;B: Evident Injury;2853;March;0;Straight - Level;Coastal;With Traffic;Stop Sign;Wednesday;Intersection;48;0;Two-Way, Not Divided;2 lanes;0;#NULL!;#NULL!;Coarse Asphalt;#NULL!;T-Intersection;Bicyclist Failed to Yield - Sign-Controlled Intersection;State Secondary Route;A: Disabling Injury;Gates;22;Clear;#NULL!;51-55 mph;50 - 55  MPH;2011;Daylight;20-24
35.7538869823, -81.1481033622;"{""type"": ""Point"", ""coordinates"": [-81.14810336215099, 35.75388698234016]}";White;None - Rural Crash;Travel Lane;2;13;Mixed (30% To 70% Developed);Male;Van;0;#NULL!;0;0;Unknown/Missing;No;0;11-15;Bicyclist Left Turn - Same Direction;None;No;No;Dry;0;Rural;Yes;21MAR2011;0;13:33;Unknown;Missing;Residential;C: Possible Injury;Yes;Unknown Injury;2878;March;0;Straight - Level;Piedmont;With Traffic;Double Yellow Line, No Passing Zone;Monday;Intersection;15;0;Two-Way, Not Divided;2 lanes;0;#NULL!;#NULL!;Coarse Asphalt;#NULL!;No Special Feature;Bicyclist Left Turn / Merge;State Secondary Route;C: Possible Injury;Catawba;Unknown;Clear;#NULL!;36-40 mph;50 - 55  MPH;2011;Daylight;Unknown
34.2126167665, -77.7923022741;"{""type"": ""Point"", ""coordinates"": [-77.79230227414409, 34.212616766480465]}";White;Wrightsville Beach;Travel Lane;2;12;Urban (>70% Developed);Male;Passenger Car;0;#NULL!;0;0;Unknown/Missing;No;0;50-59;Crossing Paths - Midblock - Other / Unknown;None;No;No;Dry;0;Rural;No;12FEB2011;0;12:26;Unknown;Missing;Residential;A: Disabling Injury;Yes;Unknown Injury;2864;February;0;Straight - Level;Coastal;With Traffic;No Control Present;Saturday;Non-Intersection;52;0;Two-Way, Not Divided;2 lanes;0;#NULL!;#NULL!;Smooth Asphalt;#NULL!;No Special Feature;Crossing Paths - Other Circumstances;US Route;A: Disabling Injury;New Hanover;Unknown;Clear;#NULL!;Unknown;20 - 25  MPH;2011;Daylight;Unknown
35.9255470942, -79.0920027537;"{""type"": ""Point"", ""coordinates"": [-79.09200275372434, 35.92554709420367]}";White;Carrboro;Travel Lane;2;12;Urban (>70% Developed);Male;Commercial Bus;0;#NULL!;0;0;Unknown/Missing;No;0;30-39;Bicyclist Overtaking - Parked Vehicle;None;No;No;Dry;0;Urban;No;15MAR2011;0;12:28;Unknown;Missing;Residential;B: Evident Injury;Yes;Unknown Injury;2880;March;0;Straight - Level;Piedmont;With Traffic;Double Yellow Line, No Passing Zone;Tuesday;Non-Intersection;31;0;Two-Way, Not Divided;2 lanes;0;#NULL!;#NULL!;Smooth Asphalt;#NULL!;No Special Feature;Bicyclist Overtaking Motorist;State Secondary Route;B: Evident Injury;Orange;Unknown;Clear;#NULL!;Unknown;30 - 35  MPH;2011;Daylight;Unknown
35.2238868104, -82.7470038051;"{""type"": ""Point"", ""coordinates"": [-82.74700380514297, 35.22388681039473]}";White;None - Rural Crash;Travel Lane;2;13;Rural (<30% Developed);Female;Passenger Car;0;#NULL!;0;0;White;No;0;11-15;Bicyclist Ride Through - Sign-Controlled Intersection;None;No;No;Dry;0;Rural;No;13MAR2011;0;13:19;Female;No;Farms, Woods, Pastures;B: Evident Injury;No;O: No Injury;2845;March;0;Curve - Level;Mountains;With Traffic;Stop Sign;Sunday;Intersection;12;0;Two-Way, Not Divided;2 lanes;0;#NULL!;#NULL!;Coarse Asphalt;#NULL!;T-Intersection;Bicyclist Failed to Yield - Sign-Controlled Intersection;State Secondary Route;B: Evident Injury;Transylvania;70+;Clear;#NULL!;21-25 mph;20 - 25  MPH;2011;Daylight;70+