Geo Point;Geo Shape;BikeRace;City;BikePos;NumUnits;CrashHour;Locality;BikeSex;DrvrVehTyp;NumBikesNo;BikeAlcDrg;NumBikesBI;RteInvdCd;DrvrRace;Workzone;NumBikesCi;BikeAgeGrp;CrashType;RdDefects;CrashAlcoh;BikeAlcoho;RdConditio;DstncMiFrm;RuralUrban;HitRun;CrashDate;NumBikesUI;CrashTime;DrvrSex;DrvrAlcoho;Developmen;CrashSevr;AmbulanceR;DrvrInjury;OBJECTID;CrashMonth;NumBikesKi;RdCharacte;Region;BikeDir;TraffCntrl;CrashDay;CrashLoc;BikeAge;NumBikesTo;RdConfig;NumLanes;NumBikesAI;DrvrAlcDrg;OnRoad;RdSurface;Towrd_Rd;RdFeature;CrashGrp;RdClass;BikeInjury;County;DrvrAge;Weather;FrmRd;DrvrEstSpd;SpeedLimit;CrashYear;LightCond;DrvrAgeGrp
35.7712270727, -78.7817026519;"{""type"": ""Point"", ""coordinates"": [-78.78170265187768, 35.77122707269618]}";Black;Cary;Sidewalk / Crosswalk / Driveway Crossing;2;15;Urban (>70% Developed);Male;Passenger Car;0;#NULL!;0;0;White;No;0;20-24;Motorist Drive Out - Commercial Driveway / Alley;None;No;No;Dry;0;Urban;No;04APR2011;0;15:14;Female;No;Commercial;C: Possible Injury;Yes;O: No Injury;2888;April;0;Straight - Level;Piedmont;Facing Traffic;No Control Present;Monday;Non-Intersection;20;0;Two-Way, Not Divided;4 lanes;0;#NULL!;#NULL!;Coarse Asphalt;#NULL!;No Special Feature;Motorist Failed to Yield - Midblock;State Secondary Route;C: Possible Injury;Wake;49;Clear;#NULL!;6-10 mph;30 - 35  MPH;2011;Daylight;40-49
35.9801971132, -78.9052027006;"{""type"": ""Point"", ""coordinates"": [-78.90520270059957, 35.98019711316838]}";Black;Durham;Travel Lane;2;18;Urban (>70% Developed);Male;Passenger Car;0;#NULL!;0;0;Black;No;0;11-15;Bicyclist Left Turn - Same Direction;None;No;No;Dry;0;Urban;No;26MAY2011;0;18:25;Female;No;Residential;B: Evident Injury;Yes;O: No Injury;3020;May;0;Straight - Level;Piedmont;With Traffic;No Control Present;Thursday;Intersection-Related;12;0;Two-Way, Divided, Unprotected Median;2 lanes;0;#NULL!;#NULL!;Smooth Asphalt;#NULL!;No Special Feature;Bicyclist Left Turn / Merge;Local Street;B: Evident Injury;Durham;21;Clear;#NULL!;21-25 mph;30 - 35  MPH;2011;Daylight;20-24
36.3785573039, -75.8302017808;"{""type"": ""Point"", ""coordinates"": [-75.83020178082558, 36.37855730393836]}";White;None - Rural Crash;Multi-use Path;2;10;Rural (<30% Developed);Female;Passenger Car;0;#NULL!;0;0;White;No;0;60-69;Bicyclist Ride Through - Sign-Controlled Intersection;None;No;No;Dry;0;Rural;No;28MAY2011;0;10:07;Female;No;Residential;B: Evident Injury;Yes;O: No Injury;3023;May;0;Straight - Level;Coastal;Facing Traffic;Stop Sign;Saturday;Intersection;69;0;Two-Way, Not Divided;2 lanes;0;#NULL!;#NULL!;Coarse Asphalt;#NULL!;Four-Way Intersection;Bicyclist Failed to Yield - Sign-Controlled Intersection;NC Route;B: Evident Injury;Currituck;33;Clear;#NULL!;0-5 mph;30 - 35  MPH;2011;Daylight;30-39
35.1342669318, -78.8767026471;"{""type"": ""Point"", ""coordinates"": [-78.87670264713032, 35.13426693184425]}";Black;Fayetteville;Sidewalk / Crosswalk / Driveway Crossing;2;18;Rural (<30% Developed);Male;Passenger Car;0;#NULL!;0;0;White;No;0;30-39;Motorist Drive Out - Commercial Driveway / Alley;None;No;No;Dry;0;Urban;No;02MAY2011;0;18:31;Female;No;Commercial;C: Possible Injury;No;O: No Injury;3024;May;0;Straight - Level;Coastal;Facing Traffic;No Control Present;Monday;Non-Intersection;33;0;Two-Way, Divided, Unprotected Median;5 lanes;0;#NULL!;#NULL!;Coarse Asphalt;#NULL!;Driveway, Public;Motorist Failed to Yield - Midblock;Local Street;C: Possible Injury;Cumberland;28;Clear;#NULL!;0-5 mph;40 - 45  MPH;2011;Daylight;25-29
36.0883571002, -79.8882030032;"{""type"": ""Point"", ""coordinates"": [-79.88820300319345, 36.088357100214225]}";White;Greensboro;Sidewalk / Crosswalk / Driveway Crossing;2;14;Urban (>70% Developed);Female;Pickup;0;#NULL!;0;0;Black;No;0;20-24;Motorist Drive Out - Commercial Driveway / Alley;Other;No;No;Dry;0;Urban;No;19MAY2011;0;14:43;Male;No;Commercial;C: Possible Injury;Yes;O: No Injury;3033;May;0;Straight - Level;Piedmont;Facing Traffic;No Control Present;Thursday;Non-Intersection;21;0;Two-Way, Not Divided;2 lanes;0;#NULL!;#NULL!;Smooth Asphalt;#NULL!;Driveway, Public;Motorist Failed to Yield - Midblock;Public Vehicular Area;C: Possible Injury;Guilford;57;Clear;#NULL!;0-5 mph;Unknown;2011;Daylight;50-59
35.5717668899, -82.5826037777;"{""type"": ""Point"", ""coordinates"": [-82.58260377772109, 35.571766889854956]}";White;Asheville;Travel Lane;2;12;Urban (>70% Developed);Male;Passenger Car;0;#NULL!;0;0;White;No;0;16-19;Bicyclist Lost Control - Mechanical Problems;None;No;No;Dry;0;Urban;No;22MAY2011;0;12:37;Female;No;Residential;C: Possible Injury;Yes;O: No Injury;3035;May;0;Straight - Level;Mountains;Facing Traffic;Flashing Stop And Go Signal;Sunday;Intersection;18;0;Two-Way, Not Divided;4 lanes;0;#NULL!;#NULL!;Smooth Asphalt;#NULL!;Four-Way Intersection;Loss of Control / Turning Error;Local Street;C: Possible Injury;Buncombe;68;Clear;#NULL!;31-35 mph;30 - 35  MPH;2011;Daylight;60-69
35.8048570031, -80.8821032852;"{""type"": ""Point"", ""coordinates"": [-80.88210328516598, 35.804857003057535]}";White;Statesville;Travel Lane;2;8;Urban (>70% Developed);Male;Pickup;0;#NULL!;0;0;White;No;0;50-59;Crossing Paths - Intersection - Other / Unknown;None;No;No;Dry;0;Urban;No;14MAY2011;0;8:13;Male;No;Residential;B: Evident Injury;Yes;O: No Injury;3045;May;0;Curve - Level;Piedmont;With Traffic;No Control Present;Saturday;Intersection-Related;50;0;Two-Way, Not Divided;2 lanes;0;#NULL!;#NULL!;Smooth Asphalt;#NULL!;No Special Feature;Crossing Paths - Other Circumstances;Local Street;B: Evident Injury;Iredell;70+;Cloudy;#NULL!;26-30 mph;30 - 35  MPH;2011;Daylight;70+
34.6250068131, -79.1275026971;"{""type"": ""Point"", ""coordinates"": [-79.12750269710835, 34.62500681313566]}";White;None - Rural Crash;Travel Lane;2;18;Rural (<30% Developed);Male;Pickup;0;#NULL!;0;0;Native American;No;0;16-19;Bicyclist Left Turn - Same Direction;None;No;No;Dry;0;Rural;No;06JUN2011;0;18:28;Male;No;Farms, Woods, Pastures;B: Evident Injury;No;O: No Injury;3050;June;0;Straight - Level;Coastal;With Traffic;Double Yellow Line, No Passing Zone;Monday;Non-Intersection;17;0;Two-Way, Not Divided;2 lanes;0;#NULL!;#NULL!;Smooth Asphalt;#NULL!;No Special Feature;Bicyclist Left Turn / Merge;State Secondary Route;B: Evident Injury;Robeson;25;Clear;#NULL!;51-55 mph;50 - 55  MPH;2011;Daylight;25-29
35.9954771161, -78.9195027059;"{""type"": ""Point"", ""coordinates"": [-78.9195027059155, 35.99547711610873]}";White;Durham;Travel Lane;2;19;Urban (>70% Developed);Female;Passenger Car;0;#NULL!;0;0;Unknown/Missing;No;0;11-15;Bicyclist Lost Control - Oversteering, Improper Braking, Speed;None;No;No;Dry;0;Urban;No;10JUN2011;0;19:18;Unknown;Missing;Residential;B: Evident Injury;No;Unknown Injury;3058;June;0;Straight - Level;Piedmont;With Traffic;No Control Present;Friday;Intersection;13;0;Two-Way, Not Divided;2 lanes;0;#NULL!;#NULL!;Smooth Asphalt;#NULL!;No Special Feature;Loss of Control / Turning Error;Local Street;B: Evident Injury;Durham;Unknown;Clear;#NULL!;0-5 mph;30 - 35  MPH;2011;Daylight;Unknown
35.1989668765, -80.8406032393;"{""type"": ""Point"", ""coordinates"": [-80.8406032393075, 35.19896687654225]}";White;Charlotte;Travel Lane;2;18;Urban (>70% Developed);Male;Passenger Car;0;#NULL!;0;0;Black;No;0;30-39;Motorist Drive Out - Sign-Controlled Intersection;None;No;No;Dry;0;Urban;No;20MAY2011;0;18:06;Female;No;Residential;B: Evident Injury;No;O: No Injury;3062;May;0;Straight - Level;Piedmont;With Traffic;Stop Sign;Friday;Intersection;34;0;Two-Way, Divided, Unprotected Median;2 lanes;0;#NULL!;#NULL!;Smooth Asphalt;#NULL!;No Special Feature;Motorist Failed to Yield - Sign-Controlled Intersection;Local Street;B: Evident Injury;Mecklenburg;36;Clear;#NULL!;0-5 mph;30 - 35  MPH;2011;Daylight;30-39
35.5882369609, -80.7976032479;"{""type"": ""Point"", ""coordinates"": [-80.79760324789054, 35.5882369609289]}";Black;Mooresville;Sidewalk / Crosswalk / Driveway Crossing;2;12;Urban (>70% Developed);Male;Passenger Car;0;#NULL!;0;0;White;No;0;40-49;Motorist Drive Out - Sign-Controlled Intersection;None;No;No;Dry;0;Urban;No;27MAY2011;0;12:00;Female;No;Residential;C: Possible Injury;Yes;O: No Injury;3071;May;0;Straight - Level;Piedmont;Facing Traffic;Stop Sign;Friday;Intersection;45;0;Two-Way, Divided, Unprotected Median;3 lanes;0;#NULL!;#NULL!;Coarse Asphalt;#NULL!;Four-Way Intersection;Motorist Failed to Yield - Sign-Controlled Intersection;NC Route;C: Possible Injury;Iredell;42;Clear;#NULL!;0-5 mph;30 - 35  MPH;2011;Daylight;40-49
35.5583868883, -82.5386037637;"{""type"": ""Point"", ""coordinates"": [-82.53860376368543, 35.55838688833208]}";Unknown/Missing;Asheville;Travel Lane;2;13;Urban (>70% Developed);Unknown;Passenger Car;0;#NULL!;0;0;White;No;0;Unknown;Motorist Overtaking - Other / Unknown;None;No;Missing;Dry;0;Urban;No;27MAY2011;0;13:04;Female;No;Commercial;O: No Injury;No;O: No Injury;3076;May;0;Straight - Grade;Mountains;With Traffic;No Control Present;Friday;Non-Intersection;Unknown;0;Two-Way, Divided, Unprotected Median;5 lanes;0;#NULL!;#NULL!;Coarse Asphalt;#NULL!;No Special Feature;Motorist Overtaking Bicyclist;US Route;Unknown Injury;Buncombe;59;Clear;#NULL!;21-25 mph;40 - 45  MPH;2011;Daylight;50-59
35.2929168366, -82.427803715;"{""type"": ""Point"", ""coordinates"": [-82.42780371504936, 35.292916836640586]}";White;Hendersonville;Non-Roadway;2;12;Urban (>70% Developed);Male;Unknown;0;#NULL!;0;0;Unknown/Missing;No;0;50-59;Non-Roadway;None;No;No;Dry;0;Urban;Yes;03MAY2011;0;12:00;Unknown;Missing;Institutional;B: Evident Injury;No;Unknown Injury;3079;May;0;Straight - Level;Mountains;Not Applicable;No Control Present;Tuesday;Non-Roadway;55;0;Two-Way, Not Divided;2 lanes;0;#NULL!;#NULL!;Coarse Asphalt;#NULL!;Driveway, Public;Non-Roadway;Public Vehicular Area;B: Evident Injury;Henderson;Unknown;Cloudy;#NULL!;6-10 mph;20 - 25  MPH;2011;Daylight;Unknown
36.4644972599, -77.6528023455;"{""type"": ""Point"", ""coordinates"": [-77.65280234553386, 36.46449725986572]}";Black;Roanoke Rapids;Sidewalk / Crosswalk / Driveway Crossing;2;10;Mixed (30% To 70% Developed);Male;Pickup;0;#NULL!;0;0;White;No;0;30-39;Motorist Drive Out - Right Turn on Red;None;No;No;Dry;0;Urban;No;30MAY2011;0;10:26;Male;No;Residential;O: No Injury;No;O: No Injury;3089;May;0;Straight - Level;Coastal;Facing Traffic;Stop And Go Signal;Monday;Intersection;37;0;Two-Way, Not Divided;2 lanes;0;#NULL!;#NULL!;Coarse Asphalt;#NULL!;Four-Way Intersection;Motorist Failed to Yield - Signalized Intersection;Local Street;O: No Injury;Halifax;63;Clear;#NULL!;0-5 mph;20 - 25  MPH;2011;Daylight;60-69
35.7741370783, -78.6375026084;"{""type"": ""Point"", ""coordinates"": [-78.63750260836856, 35.77413707827804]}";Black;Raleigh;Sidewalk / Crosswalk / Driveway Crossing;2;16;Urban (>70% Developed);Male;Unknown;0;#NULL!;0;0;Unknown/Missing;No;0;20-24;Non-Roadway;None;No;No;Dry;0;Urban;Yes;16JUN2011;0;16:11;Unknown;Missing;Commercial;O: No Injury;No;Unknown Injury;3093;June;0;Straight - Level;Piedmont;Not Applicable;No Control Present;Thursday;Non-Roadway;21;0;Two-Way, Not Divided;2 lanes;0;#NULL!;#NULL!;Smooth Asphalt;#NULL!;No Special Feature;Non-Roadway;Local Street;O: No Injury;Wake;Unknown;Clear;#NULL!;0-5 mph;30 - 35  MPH;2011;Daylight;Unknown
35.2766870076, -77.5820022617;"{""type"": ""Point"", ""coordinates"": [-77.58200226165087, 35.276687007596436]}";Black;Kinston;Travel Lane;2;20;Urban (>70% Developed);Male;Unknown;0;#NULL!;0;0;Unknown/Missing;No;0;16-19;Motorist Drive Out - Commercial Driveway / Alley;None;No;No;Dry;0;Urban;Yes;21MAY2011;0;20:19;Unknown;Missing;Commercial;O: No Injury;No;Unknown Injury;3097;May;0;Straight - Level;Coastal;With Traffic;No Control Present;Saturday;Non-Intersection;17;0;Two-Way, Not Divided;2 lanes;0;#NULL!;#NULL!;Coarse Asphalt;#NULL!;Driveway, Public;Motorist Failed to Yield - Midblock;Local Street;O: No Injury;Lenoir;Unknown;Clear;#NULL!;16-20 mph;20 - 25  MPH;2011;Daylight;Unknown
36.1145970907, -80.2825031234;"{""type"": ""Point"", ""coordinates"": [-80.28250312342215, 36.11459709065684]}";White;Winston-Salem;Travel Lane;2;8;Urban (>70% Developed);Male;Passenger Car;0;#NULL!;0;0;White;No;0;40-49;Motorist Left Turn - Opposite Direction;None;No;No;Dry;0;Urban;No;06JUN2011;0;8:39;Female;No;Residential;B: Evident Injury;Yes;O: No Injury;3103;June;0;Straight - Level;Piedmont;With Traffic;No Control Present;Monday;Intersection;45;0;Two-Way, Not Divided;2 lanes;0;#NULL!;#NULL!;Smooth Asphalt;#NULL!;T-Intersection;Motorist Left Turn / Merge;Local Street;B: Evident Injury;Forsyth;70+;Clear;#NULL!;16-20 mph;30 - 35  MPH;2011;Daylight;70+
35.9515371149, -78.6815026307;"{""type"": ""Point"", ""coordinates"": [-78.68150263072562, 35.95153711488335]}";White;None - Rural Crash;Travel Lane;2;18;Rural (<30% Developed);Male;Passenger Car;0;#NULL!;0;0;White;No;0;50-59;Bicyclist Left Turn - Same Direction;None;No;No;Dry;0;Rural;No;22JUN2011;0;18:31;Female;No;Farms, Woods, Pastures;B: Evident Injury;Yes;O: No Injury;3106;June;0;Straight - Level;Piedmont;With Traffic;No Control Present;Wednesday;Non-Intersection;52;0;Two-Way, Not Divided;2 lanes;0;#NULL!;#NULL!;Coarse Asphalt;#NULL!;No Special Feature;Bicyclist Left Turn / Merge;NC Route;B: Evident Injury;Wake;49;Clear;#NULL!;46-50 mph;50 - 55  MPH;2011;Daylight;40-49
35.2195068809, -80.8361032392;"{""type"": ""Point"", ""coordinates"": [-80.83610323923588, 35.219506880893036]}";White;Charlotte;Sidewalk / Crosswalk / Driveway Crossing;2;10;Urban (>70% Developed);Male;Passenger Car;0;#NULL!;0;0;White;No;0;30-39;Motorist Drive Out - Commercial Driveway / Alley;None;No;No;Dry;0;Urban;No;06JUN2011;0;10:37;Female;No;Commercial;B: Evident Injury;Yes;O: No Injury;3110;June;0;Straight - Level;Piedmont;Facing Traffic;Stop Sign;Monday;Non-Intersection;35;0;Two-Way, Divided, Unprotected Median;6 lanes;0;#NULL!;#NULL!;Coarse Asphalt;#NULL!;No Special Feature;Motorist Failed to Yield - Midblock;Local Street;B: Evident Injury;Mecklenburg;39;Clear;#NULL!;6-10 mph;30 - 35  MPH;2011;Daylight;30-39
35.2031569275, -79.4458028217;"{""type"": ""Point"", ""coordinates"": [-79.44580282174003, 35.20315692751845]}";White;Pinehurst;Travel Lane;2;7;Urban (>70% Developed);Male;Passenger Car;0;#NULL!;0;0;White;No;0;20-24;Motorist Left Turn - Opposite Direction;None;No;No;Dry;0;Urban;No;07JUN2011;0;7:29;Female;No;Commercial;O: No Injury;No;O: No Injury;3121;June;0;Straight - Level;Piedmont;With Traffic;Yield Sign;Tuesday;Intersection;24;0;Two-Way, Divided, Unprotected Median;4 lanes;0;#NULL!;#NULL!;Smooth Asphalt;#NULL!;No Special Feature;Motorist Left Turn / Merge;Local Street;O: No Injury;Moore;19;Clear;#NULL!;21-25 mph;40 - 45  MPH;2011;Daylight;0-19
34.7668469022, -77.3697021722;"{""type"": ""Point"", ""coordinates"": [-77.36970217219707, 34.76684690222651]}";Black;Jacksonville;Travel Lane;2;17;Urban (>70% Developed);Female;Motorcycle;0;#NULL!;0;0;Hispanic;No;0;11-15;Head-On - Motorist;None;No;No;Dry;0;Urban;No;13JUN2011;0;17:04;Male;No;Residential;B: Evident Injury;Yes;C: Possible Injury;3126;June;0;Straight - Level;Coastal;With Traffic;No Control Present;Monday;Non-Intersection;11;0;Two-Way, Not Divided;2 lanes;0;#NULL!;#NULL!;Smooth Asphalt;#NULL!;No Special Feature;Head-On;Local Street;B: Evident Injury;Onslow;23;Clear;#NULL!;16-20 mph;20 - 25  MPH;2011;Daylight;20-24
35.6900870692, -78.380702526;"{""type"": ""Point"", ""coordinates"": [-78.3807025260481, 35.69008706924814]}";White;None - Rural Crash;Travel Lane;3;15;Rural (<30% Developed);Male;Passenger Car;0;#NULL!;0;0;White;No;0;50-59;Motorist Overtaking - Misjudged Space;None;No;No;Dry;0;Rural;No;29JUN2011;0;15:04;Male;No;Farms, Woods, Pastures;A: Disabling Injury;Yes;O: No Injury;3127;June;0;Curve - Level;Coastal;With Traffic;Double Yellow Line, No Passing Zone;Wednesday;Non-Intersection;52;0;Two-Way, Not Divided;2 lanes;0;#NULL!;#NULL!;Smooth Asphalt;#NULL!;No Special Feature;Motorist Overtaking Bicyclist;State Secondary Route;A: Disabling Injury;Johnston;21;Clear;#NULL!;46-50 mph;40 - 45  MPH;2011;Daylight;20-24
34.1310067379, -78.0991023635;"{""type"": ""Point"", ""coordinates"": [-78.09910236350478, 34.13100673793869]}";White;None - Rural Crash;Travel Lane;2;14;Rural (<30% Developed);Male;Single Unit Truck (2-Axle, 6-Tire);0;#NULL!;0;0;White;No;0;60-69;Bicyclist Left Turn - Same Direction;None;No;No;Dry;0;Rural;No;20JUN2011;0;14:02;Male;No;Farms, Woods, Pastures;K: Killed;Yes;O: No Injury;3128;June;0;Straight - Level;Coastal;With Traffic;No Control Present;Monday;Non-Intersection;60;0;Two-Way, Divided, Unprotected Median;4 lanes;0;#NULL!;#NULL!;Coarse Asphalt;#NULL!;No Special Feature;Bicyclist Left Turn / Merge;US Route;K: Killed;Brunswick;51;Clear;#NULL!;51-55 mph;50 - 55  MPH;2011;Daylight;50-59
36.2220570594, -81.6956035526;"{""type"": ""Point"", ""coordinates"": [-81.69560355257352, 36.22205705935872]}";White;Boone;Travel Lane;2;21;Urban (>70% Developed);Male;Unknown;0;#NULL!;0;0;Unknown/Missing;No;0;20-24;Motorist Overtaking - Misjudged Space;None;No;No;Unknown;0;Urban;Yes;05JUN2011;0;21:10;Unknown;Missing;Commercial;B: Evident Injury;No;Unknown Injury;3132;June;0;Curve - Grade;Mountains;With Traffic;Double Yellow Line, No Passing Zone;Sunday;Non-Intersection;22;0;Two-Way, Not Divided;2 lanes;0;#NULL!;#NULL!;Smooth Asphalt;#NULL!;No Special Feature;Motorist Overtaking Bicyclist;US Route;B: Evident Injury;Watauga;Unknown;Other;#NULL!;Unknown;30 - 35  MPH;2011;Dawn;Unknown
34.716536819, -79.5138028177;"{""type"": ""Point"", ""coordinates"": [-79.51380281766235, 34.71653681900099]}";Black;None - Rural Crash;Travel Lane;2;1;Rural (<30% Developed);Male;Passenger Car;0;#NULL!;0;0;Black;No;0;16-19;Motorist Overtaking - Bicyclist Swerved;None;No;No;Dry;0;Rural;No;02JUL2011;0;1:25;Male;No;Farms, Woods, Pastures;C: Possible Injury;Yes;O: No Injury;3144;July;0;Straight - Level;Coastal;With Traffic;No Control Present;Saturday;Non-Intersection;17;0;Two-Way, Not Divided;2 lanes;0;#NULL!;#NULL!;Smooth Asphalt;#NULL!;No Special Feature;Motorist Overtaking Bicyclist;US Route;C: Possible Injury;Scotland;70+;Clear;#NULL!;46-50 mph;50 - 55  MPH;2011;Dark - Roadway Not Lighted;70+
35.7262670384, -79.4640028554;"{""type"": ""Point"", ""coordinates"": [-79.46400285543841, 35.726267038429064]}";Hispanic;Siler City;Travel Lane;2;20;Urban (>70% Developed);Male;Passenger Car;0;#NULL!;0;0;Black;No;0;30-39;Bicyclist Ride Out - Sign-Controlled Intersection;None;No;No;Dry;0;Urban;No;15JUN2011;0;20:10;Female;No;Commercial;O: No Injury;No;O: No Injury;3151;June;0;Straight - Level;Piedmont;With Traffic;Stop Sign;Wednesday;Intersection;38;0;Two-Way, Not Divided;5 lanes;0;#NULL!;#NULL!;Smooth Asphalt;#NULL!;Four-Way Intersection;Bicyclist Failed to Yield - Sign-Controlled Intersection;Local Street;O: No Injury;Chatham;65;Clear;#NULL!;31-35 mph;30 - 35  MPH;2011;Daylight;60-69
35.1316268683, -80.6739031865;"{""type"": ""Point"", ""coordinates"": [-80.6739031864977, 35.131626868316985]}";White;Matthews;Travel Lane;2;20;Urban (>70% Developed);Male;Passenger Car;0;#NULL!;0;0;White;No;0;40-49;Motorist Left Turn - Opposite Direction;None;No;No;Dry;0;Urban;No;21JUN2011;0;20:06;Female;No;Residential;B: Evident Injury;No;O: No Injury;3160;June;0;Curve - Grade;Piedmont;With Traffic;No Control Present;Tuesday;Non-Intersection;41;0;Two-Way, Not Divided;2 lanes;0;#NULL!;#NULL!;Smooth Asphalt;#NULL!;No Special Feature;Motorist Left Turn / Merge;Local Street;B: Evident Injury;Mecklenburg;36;Clear;#NULL!;21-25 mph;20 - 25  MPH;2011;Daylight;30-39
36.1443772568, -75.7397017415;"{""type"": ""Point"", ""coordinates"": [-75.73970174147348, 36.14437725675032]}";White;Southern Shores;Multi-use Path;2;13;Urban (>70% Developed);Female;Passenger Car;0;#NULL!;0;0;White;No;0;30-39;Sign-Controlled Intersection - Other / Unknown;None;No;No;Dry;0;Rural;No;21JUN2011;0;13:31;Female;No;Residential;B: Evident Injury;No;O: No Injury;3163;June;0;Straight - Level;Coastal;With Traffic;Stop Sign;Tuesday;Intersection-Related;38;0;Two-Way, Not Divided;2 lanes;0;#NULL!;#NULL!;Coarse Asphalt;#NULL!;Driveway, Public;Crossing Paths - Other Circumstances;Private Road, Driveway;B: Evident Injury;Dare;43;Clear;#NULL!;0-5 mph;Unknown;2011;Daylight;40-49
35.4190568933, -81.6441034906;"{""type"": ""Point"", ""coordinates"": [-81.64410349062176, 35.41905689328308]}";Hispanic;None - Rural Crash;Travel Lane;2;21;Rural (<30% Developed);Male;Passenger Car;0;#NULL!;0;0;White;No;0;16-19;Bicyclist Ride Through - Sign-Controlled Intersection;None;Yes;Yes;Dry;0;Rural;No;11JUL2011;0;21:14;Male;No;Farms, Woods, Pastures;C: Possible Injury;Yes;O: No Injury;3164;July;0;Straight - Level;Mountains;With Traffic;Stop Sign;Monday;Intersection;17;0;Two-Way, Not Divided;2 lanes;0;#NULL!;#NULL!;Coarse Asphalt;#NULL!;T-Intersection;Bicyclist Failed to Yield - Sign-Controlled Intersection;NC Route;C: Possible Injury;Cleveland;36;Clear;#NULL!;51-55 mph;50 - 55  MPH;2011;Dark - Roadway Not Lighted;30-39
34.2187967666, -77.8137022813;"{""type"": ""Point"", ""coordinates"": [-77.81370228128498, 34.2187967666155]}";White;Wilmington;Travel Lane;2;17;Urban (>70% Developed);Male;Passenger Car;0;#NULL!;0;0;White;No;0;20-24;Motorist Drive Out - Sign-Controlled Intersection;None;No;No;Dry;0;Urban;No;22MAY2011;0;17:32;Male;No;Commercial;C: Possible Injury;Yes;O: No Injury;3173;May;0;Straight - Grade;Coastal;Facing Traffic;Stop Sign;Sunday;Intersection;21;0;Two-Way, Not Divided;Unknown;0;#NULL!;#NULL!;Coarse Asphalt;#NULL!;Related To Intersection;Motorist Failed to Yield - Sign-Controlled Intersection;Local Street;C: Possible Injury;New Hanover;20;Clear;#NULL!;0-5 mph;30 - 35  MPH;2011;Daylight;20-24
35.7476170746, -78.5915025929;"{""type"": ""Point"", ""coordinates"": [-78.59150259285525, 35.747617074622426]}";Black;None - Rural Crash;Travel Lane;2;17;Mixed (30% To 70% Developed);Male;Passenger Car;0;#NULL!;0;0;Black;No;0;16-19;Bicyclist Left Turn - Same Direction;None;No;No;Dry;0;Rural;No;10JUL2011;0;17:46;Female;No;Residential;O: No Injury;Yes;O: No Injury;3179;July;0;Straight - Level;Piedmont;With Traffic;No Control Present;Sunday;Non-Intersection;19;0;Two-Way, Not Divided;3 lanes;0;#NULL!;#NULL!;Smooth Asphalt;#NULL!;No Special Feature;Bicyclist Left Turn / Merge;State Secondary Route;O: No Injury;Wake;39;Clear;#NULL!;41-45 mph;40 - 45  MPH;2011;Daylight;30-39
35.8395570922, -78.6422026128;"{""type"": ""Point"", ""coordinates"": [-78.6422026127759, 35.839557092208565]}";Black;Raleigh;Travel Lane;2;0;Mixed (30% To 70% Developed);Male;Sport Utility;0;#NULL!;0;0;Black;No;0;25-29;Bicyclist Failed to Clear - Trapped;None;No;No;Dry;0;Urban;No;15JUL2011;0;0:37;Female;No;Commercial;C: Possible Injury;Yes;O: No Injury;3182;July;0;Straight - Level;Piedmont;With Traffic;Stop And Go Signal;Friday;Intersection;25;0;Two-Way, Divided, Unprotected Median;9 or more lanes;0;#NULL!;#NULL!;Smooth Asphalt;#NULL!;Four-Way Intersection;Bicyclist Failed to Yield - Signalized Intersection;Local Street;C: Possible Injury;Wake;28;Clear;#NULL!;0-5 mph;40 - 45  MPH;2011;Dark - Lighted Roadway;25-29
35.0624469126, -79.0000026803;"{""type"": ""Point"", ""coordinates"": [-79.00000268030199, 35.06244691262371]}";Black;Fayetteville;Travel Lane;2;13;Urban (>70% Developed);Male;Passenger Car;0;#NULL!;0;0;Black;No;0;11-15;Head-On - Bicyclist;None;No;No;Dry;0;Urban;No;09APR2011;0;13:27;Female;No;Residential;B: Evident Injury;Yes;O: No Injury;3184;April;0;Curve - Grade;Coastal;With Traffic;No Control Present;Saturday;Non-Intersection;15;0;Two-Way, Not Divided;2 lanes;0;#NULL!;#NULL!;Coarse Asphalt;#NULL!;No Special Feature;Head-On;Local Street;B: Evident Injury;Cumberland;38;Clear;#NULL!;21-25 mph;20 - 25  MPH;2011;Daylight;30-39
36.4702972616, -77.6467023433;"{""type"": ""Point"", ""coordinates"": [-77.64670234325442, 36.47029726155248]}";White;Roanoke Rapids;Driveway / Alley;2;20;Urban (>70% Developed);Male;Sport Utility;0;#NULL!;0;0;White;No;0;11-15;Bicyclist Lost Control - Mechanical Problems;None;No;No;Dry;0;Urban;No;27JUN2011;0;20:09;Male;No;Residential;C: Possible Injury;Yes;Unknown Injury;3189;June;0;Straight - Level;Coastal;Not Applicable;No Control Present;Monday;Intersection-Related;13;0;Two-Way, Not Divided;2 lanes;0;#NULL!;#NULL!;Smooth Asphalt;#NULL!;No Special Feature;Loss of Control / Turning Error;Local Street;C: Possible Injury;Halifax;41;Clear;#NULL!;11-15 mph;20 - 25  MPH;2011;Daylight;40-49