Geo Point;Geo Shape;BikeRace;City;BikePos;NumUnits;CrashHour;Locality;BikeSex;DrvrVehTyp;NumBikesNo;BikeAlcDrg;NumBikesBI;RteInvdCd;DrvrRace;Workzone;NumBikesCi;BikeAgeGrp;CrashType;RdDefects;CrashAlcoh;BikeAlcoho;RdConditio;DstncMiFrm;RuralUrban;HitRun;CrashDate;NumBikesUI;CrashTime;DrvrSex;DrvrAlcoho;Developmen;CrashSevr;AmbulanceR;DrvrInjury;OBJECTID;CrashMonth;NumBikesKi;RdCharacte;Region;BikeDir;TraffCntrl;CrashDay;CrashLoc;BikeAge;NumBikesTo;RdConfig;NumLanes;NumBikesAI;DrvrAlcDrg;OnRoad;RdSurface;Towrd_Rd;RdFeature;CrashGrp;RdClass;BikeInjury;County;DrvrAge;Weather;FrmRd;DrvrEstSpd;SpeedLimit;CrashYear;LightCond;DrvrAgeGrp
35.2002168748, -80.8892032539;"{""type"": ""Point"", ""coordinates"": [-80.8892032539281, 35.200216874795714]}";Black;Charlotte;Sidewalk / Crosswalk / Driveway Crossing;2;19;Urban (>70% Developed);Male;Passenger Car;0;#NULL!;0;0;Black;No;0;60-69;Motorist Left Turn - Same Direction;None;No;No;Dry;0;Urban;No;29JUN2011;0;19:21;Male;No;Residential;B: Evident Injury;No;O: No Injury;3192;June;0;Straight - Level;Piedmont;Facing Traffic;No Control Present;Wednesday;Intersection;60;0;Two-Way, Divided, Unprotected Median;2 lanes;0;#NULL!;#NULL!;Smooth Asphalt;#NULL!;No Special Feature;Motorist Left Turn / Merge;Local Street;B: Evident Injury;Mecklenburg;61;Clear;#NULL!;6-10 mph;30 - 35  MPH;2011;Daylight;60-69
35.7862470799, -78.6749026198;"{""type"": ""Point"", ""coordinates"": [-78.67490261982083, 35.78624707992719]}";Other;Raleigh;Travel Lane;2;9;Urban (>70% Developed);Male;Passenger Car;0;#NULL!;0;0;Other;No;0;25-29;Bicyclist Overtaking - Passing on Right;None;No;No;Dry;0;Urban;No;01JUL2011;0;9:35;Female;No;Institutional;B: Evident Injury;Yes;O: No Injury;3198;July;0;Straight - Level;Piedmont;With Traffic;Stop And Go Signal;Friday;Intersection-Related;26;0;Two-Way, Not Divided;2 lanes;0;#NULL!;#NULL!;Coarse Asphalt;#NULL!;No Special Feature;Bicyclist Overtaking Motorist;Local Street;B: Evident Injury;Wake;20;Clear;#NULL!;0-5 mph;20 - 25  MPH;2011;Daylight;20-24
34.7887669058, -77.4269021909;"{""type"": ""Point"", ""coordinates"": [-77.42690219087075, 34.78876690578699]}";Other;Jacksonville;Non-Roadway;2;17;Urban (>70% Developed);Male;Passenger Car;0;#NULL!;0;0;Black;No;0;0-5;Non-Roadway;None;No;No;Dry;0;Urban;No;02JUL2011;0;17:34;Female;No;Residential;B: Evident Injury;Yes;O: No Injury;3201;July;0;Straight - Level;Coastal;Not Applicable;No Control Present;Saturday;Non-Roadway;3;0;Two-Way, Not Divided;Unknown;0;#NULL!;#NULL!;Coarse Asphalt;#NULL!;Driveway, Public;Non-Roadway;Public Vehicular Area;B: Evident Injury;Onslow;59;Clear;#NULL!;6-10 mph;5 - 15 MPH;2011;Daylight;50-59
34.7442068935, -77.4895022079;"{""type"": ""Point"", ""coordinates"": [-77.48950220794623, 34.74420689354011]}";Black;None - Rural Crash;Travel Lane;2;20;Rural (<30% Developed);Male;Passenger Car;0;#NULL!;0;0;White;No;0;11-15;Bicyclist Right Turn - Same Direction;None;No;No;Dry;0;Rural;No;24JUL2011;0;20:50;Female;No;Farms, Woods, Pastures;A: Disabling Injury;Yes;O: No Injury;3210;July;0;Straight - Level;Coastal;With Traffic;No Control Present;Sunday;Non-Intersection;14;0;Two-Way, Not Divided;3 lanes;0;#NULL!;#NULL!;Coarse Asphalt;#NULL!;No Special Feature;Bicyclist Right Turn / Merge;NC Route;A: Disabling Injury;Onslow;46;Clear;#NULL!;41-45 mph;40 - 45  MPH;2011;Dark - Roadway Not Lighted;40-49
33.9405866984, -78.024502332;"{""type"": ""Point"", ""coordinates"": [-78.02450233201789, 33.94058669836595]}";White;None - Rural Crash;Travel Lane;2;9;Rural (<30% Developed);Male;Van;0;#NULL!;0;0;White;No;0;60-69;Motorist Overtaking - Misjudged Space;None;No;No;Dry;0;Rural;No;25JUL2011;0;9:05;Male;No;Farms, Woods, Pastures;B: Evident Injury;Yes;O: No Injury;3214;July;0;Straight - Level;Coastal;With Traffic;Double Yellow Line, No Passing Zone;Monday;Non-Intersection;67;0;Two-Way, Not Divided;2 lanes;0;#NULL!;#NULL!;Smooth Asphalt;#NULL!;No Special Feature;Motorist Overtaking Bicyclist;NC Route;B: Evident Injury;Brunswick;27;Cloudy;#NULL!;41-45 mph;40 - 45  MPH;2011;Daylight;25-29
35.7632970341, -79.8065029609;"{""type"": ""Point"", ""coordinates"": [-79.80650296086702, 35.76329703410916]}";White;Asheboro;Travel Lane;2;20;Urban (>70% Developed);Male;Unknown;0;#NULL!;0;0;Unknown/Missing;No;0;20-24;Motorist Overtaking - Other / Unknown;None;No;No;Water (Standing, Moving);0;Urban;Yes;10JUL2011;0;20:40;Unknown;Missing;Residential;A: Disabling Injury;Yes;Unknown Injury;3219;July;0;Straight - Grade;Piedmont;With Traffic;No Control Present;Sunday;Non-Intersection;22;0;Two-Way, Not Divided;2 lanes;0;#NULL!;#NULL!;Smooth Asphalt;#NULL!;No Special Feature;Motorist Overtaking Bicyclist;US Route;A: Disabling Injury;Randolph;Unknown;Clear;#NULL!;Unknown;40 - 45  MPH;2011;Dusk;Unknown
34.7551468937, -77.5517022274;"{""type"": ""Point"", ""coordinates"": [-77.551702227401, 34.75514689367757]}";White;None - Rural Crash;Travel Lane;2;16;Urban (>70% Developed);Male;Motorcycle;0;#NULL!;0;0;White;No;0;50-59;Motorist Overtaking - Bicyclist Swerved;None;No;No;Dry;0;Rural;No;27JUL2011;0;16:52;Male;No;Residential;K: Killed;Yes;O: No Injury;3225;July;0;Straight - Level;Coastal;With Traffic;No Control Present;Wednesday;Non-Intersection;57;0;Two-Way, Not Divided;2 lanes;0;#NULL!;#NULL!;Smooth Asphalt;#NULL!;No Special Feature;Motorist Overtaking Bicyclist;State Secondary Route;K: Killed;Onslow;52;Clear;#NULL!;51-55 mph;50 - 55  MPH;2011;Daylight;50-59
35.2151268808, -80.8155032329;"{""type"": ""Point"", ""coordinates"": [-80.81550323293756, 35.21512688077388]}";Black;Charlotte;Travel Lane;2;0;Urban (>70% Developed);Male;Passenger Car;0;#NULL!;0;0;White;No;0;50-59;Motorist Overtaking - Undetected Bicyclist;None;Yes;No;Dry;0;Urban;No;16JUL2011;0;0:48;Male;Yes;Residential;C: Possible Injury;Yes;O: No Injury;3237;July;0;Curve - Grade;Piedmont;With Traffic;No Control Present;Saturday;Intersection-Related;52;0;Two-Way, Not Divided;2 lanes;0;#NULL!;#NULL!;Smooth Asphalt;#NULL!;No Special Feature;Motorist Overtaking Bicyclist;Local Street;C: Possible Injury;Mecklenburg;22;Cloudy;#NULL!;31-35 mph;30 - 35  MPH;2011;Dark - Roadway Not Lighted;20-24
35.2729968946, -80.7721032233;"{""type"": ""Point"", ""coordinates"": [-80.77210322327672, 35.272996894619816]}";Black;Charlotte;Non-Roadway;2;20;Urban (>70% Developed);Male;Pickup;0;#NULL!;0;0;Hispanic;No;0;6-10;Non-Roadway;None;No;No;Dry;0;Urban;No;16JUL2011;0;20:13;Male;No;Residential;B: Evident Injury;Yes;O: No Injury;3238;July;0;Straight - Level;Piedmont;Not Applicable;No Control Present;Saturday;Non-Roadway;10;0;Two-Way, Not Divided;Unknown;0;#NULL!;#NULL!;Smooth Asphalt;#NULL!;No Special Feature;Non-Roadway;Public Vehicular Area;B: Evident Injury;Mecklenburg;40;Clear;#NULL!;6-10 mph;5 - 15 MPH;2011;Daylight;40-49
35.020666905, -78.9401026609;"{""type"": ""Point"", ""coordinates"": [-78.94010266090842, 35.0206669049868]}";Black;Fayetteville;Travel Lane;2;6;Urban (>70% Developed);Male;Passenger Car;0;#NULL!;0;0;Black;No;0;40-49;Motorist Drive Out - Sign-Controlled Intersection;None;No;No;Dry;0;Urban;No;06JUL2011;0;6:40;Male;No;Residential;C: Possible Injury;No;O: No Injury;3244;July;0;Straight - Level;Coastal;With Traffic;Stop Sign;Wednesday;Intersection-Related;40;0;Two-Way, Not Divided;2 lanes;0;#NULL!;#NULL!;Coarse Asphalt;#NULL!;No Special Feature;Motorist Failed to Yield - Sign-Controlled Intersection;Local Street;C: Possible Injury;Cumberland;22;Cloudy;#NULL!;6-10 mph;30 - 35  MPH;2011;Daylight;20-24
36.267457268, -76.1991018884;"{""type"": ""Point"", ""coordinates"": [-76.19910188843231, 36.26745726798853]}";White;Elizabeth City;Travel Lane;2;15;Urban (>70% Developed);Male;Passenger Car;0;#NULL!;0;0;White;No;0;25-29;Motorist Drive Out - Sign-Controlled Intersection;None;No;No;Dry;0;Urban;Yes;18JUL2011;0;15:57;Male;No;Residential;B: Evident Injury;Yes;O: No Injury;3246;July;0;Straight - Level;Coastal;With Traffic;Stop Sign;Monday;Intersection;26;0;Two-Way, Not Divided;2 lanes;0;#NULL!;#NULL!;Smooth Asphalt;#NULL!;No Special Feature;Motorist Failed to Yield - Sign-Controlled Intersection;Local Street;B: Evident Injury;Pasquotank;27;Clear;#NULL!;21-25 mph;40 - 45  MPH;2011;Daylight;25-29
35.2011368809, -80.731403207;"{""type"": ""Point"", ""coordinates"": [-80.73140320696085, 35.201136880885315]}";Black;Charlotte;Travel Lane;2;13;Urban (>70% Developed);Male;Passenger Car;0;#NULL!;0;0;White;No;0;11-15;Bicyclist Left Turn - Opposite Direction;None;No;No;Dry;0;Urban;No;19JUL2011;0;13:04;Male;No;Commercial;B: Evident Injury;Yes;O: No Injury;3248;July;0;Curve - Bottom;Piedmont;With Traffic;No Control Present;Tuesday;Non-Intersection;12;0;Two-Way, Divided, Unprotected Median;2 lanes;0;#NULL!;#NULL!;Smooth Asphalt;#NULL!;No Special Feature;Bicyclist Left Turn / Merge;Local Street;B: Evident Injury;Mecklenburg;70+;Clear;#NULL!;11-15 mph;30 - 35  MPH;2011;Daylight;70+
35.3962469287, -80.5678031694;"{""type"": ""Point"", ""coordinates"": [-80.56780316936995, 35.396246928706205]}";White;Concord;Bike Lane / Paved Shoulder;2;18;Urban (>70% Developed);Male;Passenger Car;0;#NULL!;0;0;White;No;0;60-69;Motorist Drive Out - Sign-Controlled Intersection;None;No;No;Dry;0;Urban;No;21JUL2011;0;18:35;Female;No;Residential;B: Evident Injury;Yes;O: No Injury;3249;July;0;Straight - Level;Piedmont;With Traffic;Stop Sign;Thursday;Intersection;61;0;Two-Way, Not Divided;2 lanes;0;#NULL!;#NULL!;Smooth Asphalt;#NULL!;T-Intersection;Motorist Failed to Yield - Sign-Controlled Intersection;Local Street;B: Evident Injury;Cabarrus;68;Clear;#NULL!;0-5 mph;30 - 35  MPH;2011;Daylight;60-69
35.2788368953, -80.7759032245;"{""type"": ""Point"", ""coordinates"": [-80.77590322447554, 35.27883689533578]}";Black;Charlotte;Sidewalk / Crosswalk / Driveway Crossing;2;17;Urban (>70% Developed);Male;Van;0;#NULL!;0;0;Black;No;0;20-24;Motorist Drive Out - Sign-Controlled Intersection;Obstruction In Roadway;No;No;Dry;0;Urban;No;22JUL2011;0;17:21;Male;No;Residential;B: Evident Injury;Yes;O: No Injury;3250;July;0;Straight - Level;Piedmont;Facing Traffic;No Control Present;Friday;Intersection;22;0;Two-Way, Not Divided;2 lanes;0;#NULL!;#NULL!;Smooth Asphalt;#NULL!;T-Intersection;Motorist Failed to Yield - Sign-Controlled Intersection;Local Street;B: Evident Injury;Mecklenburg;64;Clear;#NULL!;0-5 mph;20 - 25  MPH;2011;Daylight;60-69
34.1929967573, -77.9198023121;"{""type"": ""Point"", ""coordinates"": [-77.9198023121089, 34.19299675731587]}";Unknown/Missing;Wilmington;Travel Lane;2;12;Urban (>70% Developed);Unknown;Passenger Car;0;#NULL!;0;0;White;No;0;Unknown;Bicyclist Left Turn - Same Direction;None;No;Missing;Dry;0;Urban;No;20JUL2011;0;12:48;Female;No;Residential;O: No Injury;Yes;O: No Injury;3253;July;0;Straight - Level;Coastal;With Traffic;No Control Present;Wednesday;Non-Intersection;Unknown;0;Two-Way, Divided, Positive Median Barrier;5 lanes;0;#NULL!;#NULL!;Smooth Asphalt;#NULL!;No Special Feature;Bicyclist Left Turn / Merge;Local Street;Unknown Injury;New Hanover;38;Clear;#NULL!;31-35 mph;40 - 45  MPH;2011;Daylight;30-39
34.1398167148, -78.8693025958;"{""type"": ""Point"", ""coordinates"": [-78.86930259582263, 34.13981671477253]}";Hispanic;Tabor City;Travel Lane;2;0;Mixed (30% To 70% Developed);Male;Pickup;0;#NULL!;0;0;White;No;0;40-49;Motorist Overtaking - Other / Unknown;None;Yes;Yes;Dry;0;Rural;No;23JUL2011;0;0:24;Male;No;Commercial;B: Evident Injury;Yes;O: No Injury;3254;July;0;Straight - Level;Coastal;With Traffic;No Control Present;Saturday;Non-Intersection;42;0;Two-Way, Divided, Unprotected Median;2 lanes;0;#NULL!;#NULL!;Coarse Asphalt;#NULL!;No Special Feature;Motorist Overtaking Bicyclist;US Route;B: Evident Injury;Columbus;44;Clear;#NULL!;41-45 mph;50 - 55  MPH;2011;Dark - Roadway Not Lighted;40-49
36.0825270857, -80.2576031144;"{""type"": ""Point"", ""coordinates"": [-80.25760311443507, 36.082527085655734]}";Black;Winston-Salem;Sidewalk / Crosswalk / Driveway Crossing;2;12;Urban (>70% Developed);Male;Pickup;0;#NULL!;0;0;White;No;0;40-49;Motorist Drive Out - Commercial Driveway / Alley;None;No;No;Dry;0;Urban;No;21JUL2011;0;12:22;Female;No;Commercial;C: Possible Injury;No;O: No Injury;3257;July;0;Straight - Level;Piedmont;Facing Traffic;No Control Present;Thursday;Non-Intersection;48;0;Two-Way, Not Divided;Unknown;0;#NULL!;#NULL!;Smooth Asphalt;#NULL!;Driveway, Public;Motorist Failed to Yield - Midblock;Local Street;C: Possible Injury;Forsyth;22;Clear;#NULL!;0-5 mph;Unknown;2011;Daylight;20-24
35.8901571009, -78.6976026322;"{""type"": ""Point"", ""coordinates"": [-78.6976026322069, 35.89015710093071]}";White;Raleigh;Travel Lane;2;20;Urban (>70% Developed);Male;Unknown;0;#NULL!;0;0;Unknown/Missing;No;0;30-39;Parallel Paths - Other / Unknown;None;No;No;Dry;0;Urban;Yes;01AUG2011;0;20:50;Unknown;Missing;Residential;B: Evident Injury;Yes;Unknown Injury;3261;August;0;Straight - Grade;Piedmont;With Traffic;No Control Present;Monday;Non-Intersection;33;0;Two-Way, Not Divided;2 lanes;0;#NULL!;#NULL!;Smooth Asphalt;#NULL!;No Special Feature;Parallel Paths - Other Circumstances;Local Street;B: Evident Injury;Wake;Unknown;Clear;#NULL!;41-45 mph;40 - 45  MPH;2011;Daylight;Unknown
35.2645768857, -80.9753032828;"{""type"": ""Point"", ""coordinates"": [-80.97530328278475, 35.26457688572058]}";White;Charlotte;Travel Lane;2;2;Urban (>70% Developed);Male;Unknown;0;#NULL!;0;0;Unknown/Missing;No;0;20-24;Motorist Overtaking - Other / Unknown;None;Yes;Yes;Dry;0;Urban;Yes;03AUG2011;0;2:16;Unknown;Missing;Commercial;B: Evident Injury;Yes;Unknown Injury;3274;August;0;Straight - Level;Piedmont;With Traffic;No Control Present;Wednesday;Non-Intersection;20;0;Two-Way, Divided, Unprotected Median;2 lanes;0;#NULL!;#NULL!;Smooth Asphalt;#NULL!;No Special Feature;Motorist Overtaking Bicyclist;Local Street;B: Evident Injury;Mecklenburg;Unknown;Clear;#NULL!;41-45 mph;40 - 45  MPH;2011;Dark - Lighted Roadway;Unknown
35.2006868766, -80.8429032405;"{""type"": ""Point"", ""coordinates"": [-80.84290324049132, 35.20068687655993]}";White;Charlotte;Travel Lane;2;18;Urban (>70% Developed);Male;Light Truck (Mini-Van, Panel);0;#NULL!;0;0;White;No;0;30-39;Motorist Left Turn - Opposite Direction;None;No;No;Dry;0;Urban;No;10AUG2011;0;18:37;Male;No;Commercial;C: Possible Injury;Yes;O: No Injury;3299;August;0;Straight - Level;Piedmont;With Traffic;No Control Present;Wednesday;Non-Intersection;34;0;Two-Way, Divided, Unprotected Median;3 lanes;0;#NULL!;#NULL!;Smooth Asphalt;#NULL!;No Special Feature;Motorist Left Turn / Merge;Local Street;C: Possible Injury;Mecklenburg;53;Clear;#NULL!;6-10 mph;30 - 35  MPH;2011;Daylight;50-59
35.1477768627, -80.925603262;"{""type"": ""Point"", ""coordinates"": [-80.92560326202886, 35.147776862683365]}";Black;Charlotte;Sidewalk / Crosswalk / Driveway Crossing;2;8;Urban (>70% Developed);Male;Passenger Car;0;#NULL!;0;0;White;No;0;40-49;Motorist Right Turn - Same Direction;None;No;No;Dry;0;Urban;No;11AUG2011;0;8:19;Male;No;Commercial;C: Possible Injury;No;O: No Injury;3300;August;0;Straight - Grade;Piedmont;With Traffic;No Control Present;Thursday;Non-Intersection;41;0;Two-Way, Divided, Positive Median Barrier;4 lanes;0;#NULL!;#NULL!;Coarse Asphalt;#NULL!;Driveway, Public;Motorist Right Turn / Merge;Local Street;C: Possible Injury;Mecklenburg;66;Cloudy;#NULL!;26-30 mph;40 - 45  MPH;2011;Daylight;60-69
36.5056671611, -80.6021032422;"{""type"": ""Point"", ""coordinates"": [-80.6021032421635, 36.50566716109763]}";Unknown/Missing;Mount Airy;Non-Roadway;2;14;Urban (>70% Developed);Unknown;Passenger Car;0;#NULL!;0;0;Black;No;0;0-5;Non-Roadway;None;No;No;Dry;0;Urban;No;13AUG2011;0;14:59;Female;No;Commercial;O: No Injury;No;O: No Injury;3304;August;0;Straight - Level;Mountains;Not Applicable;No Control Present;Saturday;Non-Roadway;3;0;Two-Way, Not Divided;Unknown;0;#NULL!;#NULL!;Smooth Asphalt;#NULL!;Driveway, Public;Non-Roadway;Public Vehicular Area;O: No Injury;Surry;66;Clear;#NULL!;6-10 mph;Unknown;2011;Daylight;60-69
36.0548370807, -80.2209031013;"{""type"": ""Point"", ""coordinates"": [-80.22090310133312, 36.05483708072326]}";White;Winston-Salem;Travel Lane;2;20;Urban (>70% Developed);Female;Passenger Car;0;#NULL!;0;0;White;No;0;6-10;Bicyclist Ride Out - Sign-Controlled Intersection;None;No;No;Dry;0;Urban;No;11AUG2011;0;20:08;Male;No;Residential;B: Evident Injury;Yes;O: No Injury;3306;August;0;Straight - Level;Piedmont;With Traffic;Stop Sign;Thursday;Intersection;7;0;Two-Way, Not Divided;4 lanes;0;#NULL!;#NULL!;Smooth Asphalt;#NULL!;T-Intersection;Bicyclist Failed to Yield - Sign-Controlled Intersection;Local Street;B: Evident Injury;Forsyth;47;Clear;#NULL!;6-10 mph;30 - 35  MPH;2011;Dusk;40-49
35.9184870991, -78.9253027031;"{""type"": ""Point"", ""coordinates"": [-78.92530270307279, 35.918487099144755]}";Hispanic;Durham;Travel Lane;2;14;Urban (>70% Developed);Male;Passenger Car;0;#NULL!;0;0;Black;No;0;11-15;Motorist Drive Out - Sign-Controlled Intersection;None;No;No;Dry;0;Urban;No;22AUG2011;0;14:31;Female;No;Residential;B: Evident Injury;Yes;O: No Injury;3316;August;0;Straight - Hillcrest;Piedmont;Facing Traffic;Stop Sign;Monday;Intersection;14;0;Two-Way, Not Divided;2 lanes;0;#NULL!;#NULL!;Smooth Asphalt;#NULL!;No Special Feature;Motorist Failed to Yield - Sign-Controlled Intersection;Public Vehicular Area;B: Evident Injury;Durham;18;Clear;#NULL!;11-15 mph;5 - 15 MPH;2011;Daylight;0-19
34.7826268409, -79.3189027623;"{""type"": ""Point"", ""coordinates"": [-79.31890276231195, 34.782626840910304]}";Native American;None - Rural Crash;Travel Lane;2;21;Rural (<30% Developed);Male;Unknown;0;#NULL!;0;0;Unknown/Missing;No;0;50-59;Motorist Overtaking - Other / Unknown;None;No;No;Dry;0;Rural;Yes;26AUG2011;0;21:05;Unknown;No;Farms, Woods, Pastures;K: Killed;Yes;Unknown Injury;3323;August;0;Straight - Level;Coastal;With Traffic;No Control Present;Friday;Non-Intersection;53;0;Two-Way, Not Divided;2 lanes;0;#NULL!;#NULL!;Coarse Asphalt;#NULL!;No Special Feature;Motorist Overtaking Bicyclist;State Secondary Route;K: Killed;Robeson;Unknown;Cloudy;#NULL!;51-55 mph;50 - 55  MPH;2011;Dark - Roadway Not Lighted;Unknown
36.1998270567, -81.6598035407;"{""type"": ""Point"", ""coordinates"": [-81.65980354066815, 36.19982705667161]}";White;Boone;Travel Lane;2;13;Urban (>70% Developed);Female;Unknown;0;#NULL!;0;0;Unknown/Missing;No;0;16-19;Motorist Drive Out - Sign-Controlled Intersection;None;No;No;Wet;0;Urban;Yes;20AUG2011;0;13:11;Unknown;Missing;Commercial;B: Evident Injury;Yes;Unknown Injury;3344;August;0;Straight - Level;Mountains;With Traffic;Stop Sign;Saturday;Intersection;19;0;Two-Way, Not Divided;4 lanes;0;#NULL!;#NULL!;Coarse Asphalt;#NULL!;T-Intersection;Motorist Failed to Yield - Sign-Controlled Intersection;US Route;B: Evident Injury;Watauga;Unknown;Rain;#NULL!;0-5 mph;30 - 35  MPH;2011;Daylight;Unknown
35.908867092, -79.0593027431;"{""type"": ""Point"", ""coordinates"": [-79.05930274311169, 35.90886709204747]}";White;Chapel Hill;Travel Lane;2;12;Urban (>70% Developed);Female;Pickup;0;#NULL!;0;0;White;No;0;20-24;Motorist Right Turn - Same Direction;None;No;No;Dry;0;Urban;No;26AUG2011;0;12:23;Female;No;Residential;B: Evident Injury;No;O: No Injury;3345;August;0;Straight - Level;Piedmont;With Traffic;No Control Present;Friday;Intersection;21;0;Two-Way, Not Divided;3 lanes;0;#NULL!;#NULL!;Smooth Asphalt;#NULL!;T-Intersection;Motorist Right Turn / Merge;Local Street;B: Evident Injury;Orange;52;Clear;#NULL!;16-20 mph;20 - 25  MPH;2011;Daylight;50-59
35.1696268674, -80.9047032568;"{""type"": ""Point"", ""coordinates"": [-80.90470325679014, 35.16962686735758]}";Black;Charlotte;Sidewalk / Crosswalk / Driveway Crossing;2;17;Mixed (30% To 70% Developed);Male;Van;0;#NULL!;0;0;White;No;0;40-49;Motorist Turning Error - Right Turn;None;No;No;Dry;0;Urban;No;27AUG2011;0;17:43;Male;No;Commercial;C: Possible Injury;No;O: No Injury;3351;August;0;Straight - Level;Piedmont;Facing Traffic;Stop And Go Signal;Saturday;Intersection;43;0;Two-Way, Not Divided;4 lanes;0;#NULL!;#NULL!;Smooth Asphalt;#NULL!;No Special Feature;Loss of Control / Turning Error;Local Street;C: Possible Injury;Mecklenburg;54;Clear;#NULL!;0-5 mph;40 - 45  MPH;2011;Daylight;50-59
36.0974971191, -79.4141028604;"{""type"": ""Point"", ""coordinates"": [-79.4141028604496, 36.09749711911998]}";White;Burlington;Travel Lane;2;19;Urban (>70% Developed);Male;Passenger Car;0;#NULL!;0;0;Black;No;0;40-49;Motorist Left Turn - Opposite Direction;None;No;No;Dry;0;Urban;No;29AUG2011;0;19:58;Male;No;Commercial;C: Possible Injury;No;O: No Injury;3352;August;0;Straight - Level;Piedmont;With Traffic;No Control Present;Monday;Non-Intersection;45;0;Two-Way, Not Divided;3 lanes;0;#NULL!;#NULL!;Smooth Asphalt;#NULL!;No Special Feature;Motorist Left Turn / Merge;Local Street;C: Possible Injury;Alamance;70+;Cloudy;#NULL!;0-5 mph;30 - 35  MPH;2011;Dark - Lighted Roadway;70+
33.9472166812, -78.5758024981;"{""type"": ""Point"", ""coordinates"": [-78.57580249811139, 33.94721668124642]}";White;None - Rural Crash;Non-Roadway;2;2;Mixed (30% To 70% Developed);Male;Pickup;0;#NULL!;0;0;White;No;0;40-49;Non-Roadway;None;No;No;Dry;0;Rural;No;29AUG2011;0;2:02;Male;No;Residential;C: Possible Injury;Yes;O: No Injury;3353;August;0;Straight - Level;Coastal;Not Applicable;No Control Present;Monday;Non-Roadway;40;0;Two-Way, Divided, Unprotected Median;2 lanes;0;#NULL!;#NULL!;Coarse Asphalt;#NULL!;Driveway, Private;Non-Roadway;Public Vehicular Area;C: Possible Injury;Brunswick;61;Clear;#NULL!;0-5 mph;Unknown;2011;Dark - Roadway Not Lighted;60-69
36.1328471974, -77.4292022598;"{""type"": ""Point"", ""coordinates"": [-77.4292022597564, 36.13284719740196]}";Black;None - Rural Crash;Travel Lane;2;10;Rural (<30% Developed);Male;Passenger Car;0;#NULL!;0;0;Black;No;0;70+;Bicyclist Left Turn - Same Direction;None;No;No;Dry;0;Rural;No;06SEP2011;0;10:02;Female;No;Farms, Woods, Pastures;C: Possible Injury;Yes;O: No Injury;3356;September;0;Straight - Level;Coastal;With Traffic;Stop Sign;Tuesday;Intersection;70+;0;Two-Way, Not Divided;2 lanes;0;#NULL!;#NULL!;Smooth Asphalt;#NULL!;No Special Feature;Bicyclist Left Turn / Merge;NC Route;C: Possible Injury;Halifax;54;Cloudy;#NULL!;21-25 mph;30 - 35  MPH;2011;Daylight;50-59
35.7888870802, -78.6732026193;"{""type"": ""Point"", ""coordinates"": [-78.6732026193258, 35.788887080156925]}";White;Raleigh;Travel Lane;2;13;Urban (>70% Developed);Male;Passenger Car;0;#NULL!;0;0;White;No;0;25-29;Bicyclist Overtaking - Passing on Right;None;No;No;Dry;0;Urban;No;02SEP2011;0;13:23;Male;No;Commercial;B: Evident Injury;Yes;O: No Injury;3363;September;0;Straight - Level;Piedmont;With Traffic;No Control Present;Friday;Non-Intersection;27;0;Two-Way, Not Divided;2 lanes;0;#NULL!;#NULL!;Smooth Asphalt;#NULL!;No Special Feature;Bicyclist Overtaking Motorist;Local Street;B: Evident Injury;Wake;21;Clear;#NULL!;0-5 mph;30 - 35  MPH;2011;Daylight;20-24
36.0523071199, -79.1323027731;"{""type"": ""Point"", ""coordinates"": [-79.13230277314179, 36.05230711990415]}";White;None - Rural Crash;Travel Lane;2;19;Rural (<30% Developed);Male;Passenger Car;0;#NULL!;0;0;Black;No;0;50-59;Bicyclist Left Turn - Same Direction;None;No;No;Dry;0;Rural;No;07SEP2011;0;19:05;Male;No;Farms, Woods, Pastures;B: Evident Injury;No;O: No Injury;3365;September;0;Straight - Hillcrest;Piedmont;With Traffic;Double Yellow Line, No Passing Zone;Wednesday;Non-Intersection;57;0;Two-Way, Not Divided;2 lanes;0;#NULL!;#NULL!;Smooth Asphalt;#NULL!;Driveway, Private;Bicyclist Left Turn / Merge;State Secondary Route;B: Evident Injury;Orange;59;Clear;#NULL!;31-35 mph;30 - 35  MPH;2011;Daylight;50-59
35.0486969132, -78.890102647;"{""type"": ""Point"", ""coordinates"": [-78.89010264702709, 35.048696913206385]}";White;Fayetteville;Travel Lane;3;7;Urban (>70% Developed);Male;Passenger Car;0;#NULL!;0;0;Black;No;0;25-29;Motorist Left Turn - Opposite Direction;None;No;No;Dry;0;Urban;No;08SEP2011;0;7:00;Male;No;Commercial;O: No Injury;No;O: No Injury;3366;September;0;Straight - Level;Coastal;With Traffic;Stop And Go Signal;Thursday;Intersection;26;0;Two-Way, Not Divided;5 lanes;0;#NULL!;#NULL!;Coarse Asphalt;#NULL!;T-Intersection;Motorist Left Turn / Merge;Local Street;O: No Injury;Cumberland;56;Cloudy;#NULL!;0-5 mph;30 - 35  MPH;2011;Daylight;50-59
36.0926170868, -80.2651031163;"{""type"": ""Point"", ""coordinates"": [-80.26510311631385, 36.09261708683463]}";White;Winston-Salem;Travel Lane;2;22;Urban (>70% Developed);Male;Sport Utility;0;#NULL!;0;0;Black;No;0;25-29;Motorist Left Turn - Opposite Direction;None;No;No;Dry;0;Urban;No;29AUG2011;0;22:39;Male;No;Commercial;B: Evident Injury;Yes;O: No Injury;3367;August;0;Straight - Level;Piedmont;With Traffic;No Control Present;Monday;Intersection-Related;29;0;Two-Way, Not Divided;4 lanes;0;#NULL!;#NULL!;Coarse Asphalt;#NULL!;No Special Feature;Motorist Left Turn / Merge;Local Street;B: Evident Injury;Forsyth;46;Clear;#NULL!;6-10 mph;30 - 35  MPH;2011;Dark - Lighted Roadway;40-49