Geo Point;Geo Shape;BikeRace;City;BikePos;NumUnits;CrashHour;Locality;BikeSex;DrvrVehTyp;NumBikesNo;BikeAlcDrg;NumBikesBI;RteInvdCd;DrvrRace;Workzone;NumBikesCi;BikeAgeGrp;CrashType;RdDefects;CrashAlcoh;BikeAlcoho;RdConditio;DstncMiFrm;RuralUrban;HitRun;CrashDate;NumBikesUI;CrashTime;DrvrSex;DrvrAlcoho;Developmen;CrashSevr;AmbulanceR;DrvrInjury;OBJECTID;CrashMonth;NumBikesKi;RdCharacte;Region;BikeDir;TraffCntrl;CrashDay;CrashLoc;BikeAge;NumBikesTo;RdConfig;NumLanes;NumBikesAI;DrvrAlcDrg;OnRoad;RdSurface;Towrd_Rd;RdFeature;CrashGrp;RdClass;BikeInjury;County;DrvrAge;Weather;FrmRd;DrvrEstSpd;SpeedLimit;CrashYear;LightCond;DrvrAgeGrp
35.6601570955, -77.4315022353;"{""type"": ""Point"", ""coordinates"": [-77.43150223529217, 35.66015709554998]}";Black;None - Rural Crash;Travel Lane;2;16;Rural (<30% Developed);Male;Passenger Car;0;#NULL!;0;0;Black;No;0;16-19;Motorist Overtaking - Misjudged Space;None;No;No;Dry;0;Rural;No;11SEP2011;0;16:39;Female;No;Residential;B: Evident Injury;Yes;O: No Injury;3379;September;0;Straight - Level;Coastal;With Traffic;Double Yellow Line, No Passing Zone;Sunday;Non-Intersection;16;0;Two-Way, Not Divided;2 lanes;0;#NULL!;#NULL!;Coarse Asphalt;#NULL!;No Special Feature;Motorist Overtaking Bicyclist;State Secondary Route;B: Evident Injury;Pitt;19;Clear;#NULL!;46-50 mph;50 - 55  MPH;2011;Daylight;0-19
34.0272467219, -77.8954022972;"{""type"": ""Point"", ""coordinates"": [-77.89540229723637, 34.02724672190546]}";White;Carolina Beach;Travel Lane;2;17;Urban (>70% Developed);Male;Passenger Car;0;#NULL!;0;0;White;No;0;40-49;Bicyclist Left Turn - Same Direction;None;Yes;Yes;Wet;0;Urban;No;22AUG2011;0;17:34;Male;No;Commercial;B: Evident Injury;Yes;O: No Injury;3386;August;0;Straight - Level;Coastal;With Traffic;Stop Sign;Monday;Intersection-Related;45;0;Two-Way, Not Divided;2 lanes;0;#NULL!;#NULL!;Smooth Asphalt;#NULL!;Four-Way Intersection;Bicyclist Left Turn / Merge;Local Street;B: Evident Injury;New Hanover;44;Rain;#NULL!;16-20 mph;20 - 25  MPH;2011;Daylight;40-49
35.9954970626, -80.3667031421;"{""type"": ""Point"", ""coordinates"": [-80.36670314208351, 35.99549706259237]}";White;None - Rural Crash;Travel Lane;2;9;Mixed (30% To 70% Developed);Male;Passenger Car;0;#NULL!;0;0;White;No;0;70+;Motorist Overtaking - Other / Unknown;None;No;No;Dry;0;Rural;No;15SEP2011;0;9:00;Male;No;Residential;A: Disabling Injury;Yes;O: No Injury;3388;September;0;Straight - Level;Piedmont;With Traffic;Double Yellow Line, No Passing Zone;Thursday;Non-Intersection;70+;0;Two-Way, Not Divided;2 lanes;0;#NULL!;#NULL!;Smooth Asphalt;#NULL!;No Special Feature;Motorist Overtaking Bicyclist;State Secondary Route;A: Disabling Injury;Forsyth;70+;Clear;#NULL!;31-35 mph;40 - 45  MPH;2011;Daylight;70+
34.1053967384, -77.8998023021;"{""type"": ""Point"", ""coordinates"": [-77.89980230205624, 34.10539673838254]}";Hispanic;None - Rural Crash;Travel Lane;2;17;Urban (>70% Developed);Male;Passenger Car;0;#NULL!;0;0;White;No;0;40-49;Motorist Overtaking - Misjudged Space;None;No;No;Dry;0;Rural;No;16SEP2011;0;17:49;Female;No;Commercial;O: No Injury;No;O: No Injury;3391;September;0;Straight - Level;Coastal;With Traffic;No Control Present;Friday;Non-Intersection;48;0;Two-Way, Divided, Unprotected Median;4 lanes;0;#NULL!;#NULL!;Smooth Asphalt;#NULL!;No Special Feature;Motorist Overtaking Bicyclist;US Route;O: No Injury;New Hanover;55;Clear;#NULL!;41-45 mph;50 - 55  MPH;2011;Daylight;50-59
35.5946468954, -82.55400377;"{""type"": ""Point"", ""coordinates"": [-82.5540037700077, 35.59464689541658]}";White;Asheville;Travel Lane;2;19;Urban (>70% Developed);Male;Sport Utility;0;#NULL!;0;0;Black;No;0;40-49;Motorist Left Turn - Opposite Direction;None;No;No;Wet;0;Urban;No;07SEP2011;0;19:14;Female;No;Commercial;C: Possible Injury;No;O: No Injury;3402;September;0;Straight - Level;Mountains;With Traffic;Stop And Go Signal;Wednesday;Intersection;45;0;One-Way, Not Divided;2 lanes;0;#NULL!;#NULL!;Smooth Asphalt;#NULL!;No Special Feature;Motorist Left Turn / Merge;Local Street;C: Possible Injury;Buncombe;57;Rain;#NULL!;0-5 mph;20 - 25  MPH;2011;Daylight;50-59
36.3064672754, -76.2189018971;"{""type"": ""Point"", ""coordinates"": [-76.21890189713118, 36.306467275422214]}";Black;Elizabeth City;Travel Lane;2;15;Urban (>70% Developed);Male;Passenger Car;0;#NULL!;0;0;Black;No;0;30-39;Bicyclist Ride Out - Sign-Controlled Intersection;None;No;No;Dry;0;Urban;No;19SEP2011;0;15:36;Female;No;Residential;O: No Injury;No;O: No Injury;3418;September;0;Straight - Level;Coastal;Facing Traffic;Stop Sign;Monday;Intersection;31;0;Two-Way, Not Divided;2 lanes;0;#NULL!;#NULL!;Coarse Asphalt;#NULL!;No Special Feature;Bicyclist Failed to Yield - Sign-Controlled Intersection;Local Street;O: No Injury;Pasquotank;50;Clear;#NULL!;0-5 mph;20 - 25  MPH;2011;Daylight;50-59
35.2954568996, -80.7552032192;"{""type"": ""Point"", ""coordinates"": [-80.75520321919524, 35.29545689958977]}";Black;Charlotte;Sidewalk / Crosswalk / Driveway Crossing;2;16;Urban (>70% Developed);Male;Pickup;0;#NULL!;0;0;Black;No;0;30-39;Motorist Drive Out - Right Turn on Red;None;No;No;Dry;0;Urban;No;20SEP2011;0;16:08;Female;No;Commercial;C: Possible Injury;Yes;O: No Injury;3422;September;0;Straight - Level;Piedmont;With Traffic;Stop And Go Signal;Tuesday;Intersection;39;0;Two-Way, Divided, Positive Median Barrier;5 lanes;0;#NULL!;#NULL!;Concrete;#NULL!;Four-Way Intersection;Motorist Failed to Yield - Signalized Intersection;NC Route;C: Possible Injury;Mecklenburg;33;Clear;#NULL!;0-5 mph;40 - 45  MPH;2011;Daylight;30-39
35.7691170758, -78.6913026237;"{""type"": ""Point"", ""coordinates"": [-78.69130262367774, 35.76911707582133]}";Other;Raleigh;Sidewalk / Crosswalk / Driveway Crossing;2;9;Urban (>70% Developed);Male;Unknown;0;#NULL!;0;0;Unknown/Missing;No;0;20-24;Motorist Drive Out - Signalized Intersection;None;No;No;Dry;0;Urban;Yes;26SEP2011;0;9:46;Unknown;Missing;Residential;C: Possible Injury;Yes;Unknown Injury;3423;September;0;Straight - Level;Piedmont;Facing Traffic;Stop And Go Signal;Monday;Intersection;23;0;Two-Way, Not Divided;5 lanes;0;#NULL!;#NULL!;Concrete;#NULL!;No Special Feature;Motorist Failed to Yield - Signalized Intersection;Local Street;C: Possible Injury;Wake;Unknown;Clear;#NULL!;41-45 mph;40 - 45  MPH;2011;Daylight;Unknown
35.3037869786, -78.6068025745;"{""type"": ""Point"", ""coordinates"": [-78.60680257447808, 35.30378697855045]}";Black;Dunn;Travel Lane;2;11;Urban (>70% Developed);Male;Passenger Car;0;#NULL!;0;0;Black;No;0;40-49;Motorist Drive Out - Sign-Controlled Intersection;None;No;No;Dry;0;Urban;No;03SEP2011;0;11:57;Female;No;Residential;B: Evident Injury;Yes;O: No Injury;3427;September;0;Straight - Level;Coastal;Facing Traffic;Stop Sign;Saturday;Intersection;45;0;Two-Way, Not Divided;2 lanes;0;#NULL!;#NULL!;Coarse Asphalt;#NULL!;No Special Feature;Motorist Failed to Yield - Sign-Controlled Intersection;Local Street;B: Evident Injury;Harnett;46;Clear;#NULL!;6-10 mph;30 - 35  MPH;2011;Daylight;40-49
35.3423969093, -80.7658032255;"{""type"": ""Point"", ""coordinates"": [-80.76580322548337, 35.34239690926946]}";Black;Charlotte;Travel Lane;2;19;Urban (>70% Developed);Male;Passenger Car;0;#NULL!;0;0;Black;No;0;50-59;Motorist Drive Out - Commercial Driveway / Alley;None;No;No;Dry;0;Urban;No;17SEP2011;0;19:08;Female;No;Commercial;C: Possible Injury;No;O: No Injury;3429;September;0;Straight - Grade;Piedmont;Facing Traffic;No Control Present;Saturday;Non-Intersection;51;0;Two-Way, Divided, Positive Median Barrier;4 lanes;0;#NULL!;#NULL!;Smooth Asphalt;#NULL!;No Special Feature;Motorist Failed to Yield - Midblock;Local Street;C: Possible Injury;Mecklenburg;42;Cloudy;#NULL!;6-10 mph;40 - 45  MPH;2011;Dawn;40-49
35.9442371447, -77.796502362;"{""type"": ""Point"", ""coordinates"": [-77.79650236195492, 35.944237144666644]}";Black;Rocky Mount;Sidewalk / Crosswalk / Driveway Crossing;2;14;Urban (>70% Developed);Male;Passenger Car;0;#NULL!;0;0;White;No;0;16-19;Motorist Drive Out - Commercial Driveway / Alley;None;No;No;Dry;0;Urban;No;10AUG2011;0;14:22;Female;No;Commercial;C: Possible Injury;No;O: No Injury;3444;August;0;Straight - Level;Coastal;With Traffic;No Control Present;Wednesday;Non-Intersection;18;0;Two-Way, Not Divided;2 lanes;0;#NULL!;#NULL!;Smooth Asphalt;#NULL!;Driveway, Private;Motorist Failed to Yield - Midblock;Public Vehicular Area;C: Possible Injury;Nash;30;Clear;#NULL!;0-5 mph;30 - 35  MPH;2011;Daylight;30-39
34.2331867665, -77.928402316;"{""type"": ""Point"", ""coordinates"": [-77.92840231595495, 34.23318676647529]}";Black;Wilmington;Sidewalk / Crosswalk / Driveway Crossing;2;8;Urban (>70% Developed);Male;Sport Utility;0;#NULL!;0;0;White;No;0;11-15;Bicyclist Lost Control - Other / Unknown;Debris;No;No;Dry;0;Urban;No;22SEP2011;0;8:02;Female;No;Residential;C: Possible Injury;Yes;O: No Injury;3451;September;0;Straight - Level;Coastal;With Traffic;No Control Present;Thursday;Intersection;15;0;One-Way, Not Divided;2 lanes;0;#NULL!;#NULL!;Smooth Asphalt;#NULL!;No Special Feature;Loss of Control / Turning Error;Local Street;C: Possible Injury;New Hanover;47;Clear;#NULL!;16-20 mph;30 - 35  MPH;2011;Daylight;40-49
35.2002168748, -80.8892032539;"{""type"": ""Point"", ""coordinates"": [-80.8892032539281, 35.200216874795714]}";Black;Charlotte;Travel Lane;2;8;Urban (>70% Developed);Male;Passenger Car;0;#NULL!;0;0;White;No;0;40-49;Bicyclist Left Turn - Same Direction;None;No;No;Dry;0;Urban;No;28SEP2011;0;8:03;Male;No;Residential;O: No Injury;No;O: No Injury;3461;September;0;Straight - Level;Piedmont;With Traffic;No Control Present;Wednesday;Intersection;42;0;Two-Way, Not Divided;2 lanes;0;#NULL!;#NULL!;Smooth Asphalt;#NULL!;No Special Feature;Bicyclist Left Turn / Merge;Local Street;O: No Injury;Mecklenburg;29;Clear;#NULL!;26-30 mph;30 - 35  MPH;2011;Daylight;25-29
35.8497270969, -78.5767025938;"{""type"": ""Point"", ""coordinates"": [-78.57670259382445, 35.849727096937706]}";Hispanic;Raleigh;Travel Lane;2;19;Urban (>70% Developed);Male;Passenger Car;0;#NULL!;0;0;Black;No;0;30-39;Bicyclist Ride Out - Midblock - Unknown;None;Yes;Yes;Dry;0;Urban;No;09OCT2011;0;19:10;Male;Yes;Residential;A: Disabling Injury;Yes;O: No Injury;3462;October;0;Curve - Level;Piedmont;Not Applicable;No Control Present;Sunday;Non-Intersection;36;0;Two-Way, Not Divided;5 lanes;0;#NULL!;#NULL!;Smooth Asphalt;#NULL!;No Special Feature;Bicyclist Failed to Yield - Midblock;Local Street;A: Disabling Injury;Wake;38;Clear;#NULL!;36-40 mph;40 - 45  MPH;2011;Dusk;30-39
35.2523868902, -80.7803032246;"{""type"": ""Point"", ""coordinates"": [-80.78030322457886, 35.252386890198146]}";Black;Charlotte;Sidewalk / Crosswalk / Driveway Crossing;2;21;Urban (>70% Developed);Male;Unknown;0;#NULL!;0;0;Unknown/Missing;No;0;16-19;Motorist Drive Out - Commercial Driveway / Alley;None;No;No;Dry;0;Urban;Yes;07OCT2011;0;21:00;Unknown;Missing;Residential;C: Possible Injury;No;Unknown Injury;3477;October;0;Straight - Grade;Piedmont;Facing Traffic;No Control Present;Friday;Non-Intersection;16;0;Two-Way, Not Divided;2 lanes;0;#NULL!;#NULL!;Concrete;#NULL!;Driveway, Public;Motorist Failed to Yield - Midblock;Local Street;C: Possible Injury;Mecklenburg;Unknown;Clear;#NULL!;6-10 mph;5 - 15 MPH;2011;Dark - Unknown Lighting;Unknown
35.7857270802, -78.6613026155;"{""type"": ""Point"", ""coordinates"": [-78.66130261550606, 35.785727080169885]}";White;Raleigh;Travel Lane;2;17;Urban (>70% Developed);Male;Commercial Bus;0;#NULL!;0;0;Unknown/Missing;No;0;25-29;Motorist Left Turn - Same Direction;None;No;No;Dry;0;Urban;Yes;22OCT2011;0;17:23;Unknown;Missing;Residential;C: Possible Injury;No;Unknown Injury;3493;October;0;Straight - Level;Piedmont;With Traffic;No Control Present;Saturday;Non-Intersection;26;0;Two-Way, Not Divided;5 lanes;0;#NULL!;#NULL!;Smooth Asphalt;#NULL!;No Special Feature;Motorist Left Turn / Merge;Local Street;C: Possible Injury;Wake;Unknown;Clear;#NULL!;0-5 mph;30 - 35  MPH;2011;Daylight;Unknown
35.1127768573, -80.85720324;"{""type"": ""Point"", ""coordinates"": [-80.85720324003461, 35.11277685728459]}";White;Charlotte;Travel Lane;2;4;Urban (>70% Developed);Female;Unknown;0;#NULL!;0;0;Unknown/Missing;No;0;20-24;Motorist Overtaking - Other / Unknown;None;No;No;Dry;0;Urban;Yes;18OCT2011;0;4:48;Unknown;Missing;Residential;B: Evident Injury;No;Unknown Injury;3505;October;0;Straight - Level;Piedmont;With Traffic;No Control Present;Tuesday;Non-Intersection;22;0;Two-Way, Divided, Positive Median Barrier;5 lanes;0;#NULL!;#NULL!;Smooth Asphalt;#NULL!;No Special Feature;Motorist Overtaking Bicyclist;Local Street;B: Evident Injury;Mecklenburg;Unknown;Clear;#NULL!;21-25 mph;40 - 45  MPH;2011;Daylight;Unknown
36.0884471025, -79.8258029845;"{""type"": ""Point"", ""coordinates"": [-79.82580298451941, 36.088447102480046]}";White;Greensboro;Travel Lane;2;12;Urban (>70% Developed);Male;Passenger Car;0;#NULL!;0;0;White;No;0;50-59;Bicyclist Right Turn - Same Direction;None;No;No;Dry;0;Urban;No;10OCT2011;0;12:17;Male;No;Commercial;C: Possible Injury;Yes;O: No Injury;3518;October;0;Straight - Level;Piedmont;With Traffic;Stop And Go Signal;Monday;Intersection;57;0;Two-Way, Divided, Unprotected Median;6 lanes;0;#NULL!;#NULL!;Smooth Asphalt;#NULL!;Four-Way Intersection;Bicyclist Right Turn / Merge;Local Street;C: Possible Injury;Guilford;52;Cloudy;#NULL!;0-5 mph;40 - 45  MPH;2011;Daylight;50-59
34.7239168896, -77.4835022049;"{""type"": ""Point"", ""coordinates"": [-77.4835022049054, 34.72391688957968]}";Black;None - Rural Crash;Travel Lane;2;8;Rural (<30% Developed);Male;Passenger Car;0;#NULL!;0;0;Other;No;0;20-24;Motorist Overtaking - Other / Unknown;None;No;No;Dry;0;Rural;Yes;28OCT2011;0;8:30;Male;No;Farms, Woods, Pastures;C: Possible Injury;Yes;O: No Injury;3519;October;0;Curve - Level;Coastal;With Traffic;Double Yellow Line, No Passing Zone;Friday;Non-Intersection;24;0;Two-Way, Not Divided;2 lanes;0;#NULL!;#NULL!;Coarse Asphalt;#NULL!;No Special Feature;Motorist Overtaking Bicyclist;State Secondary Route;C: Possible Injury;Onslow;61;Cloudy;#NULL!;26-30 mph;40 - 45  MPH;2011;Daylight;60-69
35.9454371448, -77.7992023629;"{""type"": ""Point"", ""coordinates"": [-77.79920236286664, 35.94543714483735]}";Black;Rocky Mount;Travel Lane;2;15;Urban (>70% Developed);Male;Passenger Car;0;#NULL!;0;0;Black;No;0;50-59;Motorist Drive Through - Sign-Controlled Intersection;None;No;No;Dry;0;Urban;No;11SEP2011;0;15:37;Female;No;Residential;C: Possible Injury;No;O: No Injury;3525;September;0;Straight - Level;Coastal;With Traffic;Stop Sign;Sunday;Intersection;57;0;Two-Way, Divided, Unprotected Median;2 lanes;0;#NULL!;#NULL!;Coarse Asphalt;#NULL!;No Special Feature;Motorist Failed to Yield - Sign-Controlled Intersection;Local Street;C: Possible Injury;Nash;70+;Clear;#NULL!;6-10 mph;20 - 25  MPH;2011;Daylight;70+
35.962474122, -78.5527925923;"{""type"": ""Point"", ""coordinates"": [-78.55279259233527, 35.96247412200339]}";White;Raleigh;Travel Lane;2;16;Urban (>70% Developed);Male;Passenger Car;0;#NULL!;0;0;White;No;0;16-19;Bicyclist Lost Control - Mechanical Problems;None;No;No;Dry;0;Urban;No;06DEC2010;0;16:17;Male;No;Residential;B: Evident Injury;Yes;O: No Injury;4602;December;0;Straight - Hillcrest;Piedmont;With Traffic;Stop Sign;Monday;Intersection;18;0;Two-Way, Divided, Unprotected Median;4 lanes;0;#NULL!;#NULL!;Coarse Asphalt;#NULL!;Four-Way Intersection;Loss of Control / Turning Error;Local Street;B: Evident Injury;Wake;70+;Clear;#NULL!;31-35 mph;30 - 35  MPH;2010;Daylight;70+
35.7645030763, -78.6323526063;"{""type"": ""Point"", ""coordinates"": [-78.63235260633228, 35.76450307627037]}";Black;Raleigh;Driveway / Alley;2;18;Urban (>70% Developed);Male;Sport Utility;0;#NULL!;0;0;Black;No;0;16-19;Crossing Paths - Uncontrolled Intersection;None;No;No;Dry;0;Urban;No;03DEC2010;0;18:43;Male;No;Residential;C: Possible Injury;Yes;O: No Injury;4603;December;0;Straight - Level;Piedmont;Not Applicable;No Control Present;Friday;Intersection-Related;19;0;Two-Way, Divided, Unprotected Median;2 lanes;0;#NULL!;#NULL!;Smooth Asphalt;#NULL!;T-Intersection;Crossing Paths - Other Circumstances;Local Street;C: Possible Injury;Wake;63;Clear;#NULL!;6-10 mph;20 - 25  MPH;2010;Dark - Lighted Roadway;60-69
34.2617767762, -77.8281022872;"{""type"": ""Point"", ""coordinates"": [-77.82810228723433, 34.26177677618701]}";White;Wilmington;Travel Lane;2;11;Urban (>70% Developed);Male;Passenger Car;0;#NULL!;0;0;White;No;0;40-49;Bicyclist Ride Out - Other Midblock;None;No;No;Dry;0;Urban;No;14DEC2010;0;11:35;Female;No;Commercial;B: Evident Injury;Yes;O: No Injury;4613;December;0;Straight - Level;Coastal;Not Applicable;No Control Present;Tuesday;Non-Intersection;40;0;One-Way, Not Divided;Unknown;0;#NULL!;#NULL!;Smooth Asphalt;#NULL!;No Special Feature;Bicyclist Failed to Yield - Midblock;Public Vehicular Area;B: Evident Injury;New Hanover;49;Clear;#NULL!;6-10 mph;Unknown;2010;Daylight;40-49
35.8359270939, -78.5820425946;"{""type"": ""Point"", ""coordinates"": [-78.58204259460184, 35.835927093888166]}";Black;Raleigh;Travel Lane;2;8;Urban (>70% Developed);Male;Passenger Car;0;#NULL!;0;0;Black;No;0;30-39;Motorist Overtaking - Bicyclist Swerved;None;No;No;Dry;0;Urban;No;18DEC2010;0;8:59;Male;No;Commercial;O: No Injury;No;O: No Injury;4616;December;0;Straight - Level;Piedmont;With Traffic;No Control Present;Saturday;Non-Intersection;32;0;Two-Way, Divided, Positive Median Barrier;9 or more lanes;0;#NULL!;#NULL!;Smooth Asphalt;#NULL!;No Special Feature;Motorist Overtaking Bicyclist;Local Street;O: No Injury;Wake;35;Cloudy;#NULL!;36-40 mph;40 - 45  MPH;2010;Daylight;30-39
35.9628210696, -79.9928130274;"{""type"": ""Point"", ""coordinates"": [-79.99281302736482, 35.962821069616126]}";Black;High Point;Travel Lane;2;13;Urban (>70% Developed);Male;Unknown;0;#NULL!;0;0;Unknown/Missing;No;0;40-49;Motorist Overtaking - Misjudged Space;None;No;No;Dry;0;Urban;Yes;24DEC2010;0;13:44;Unknown;Missing;Commercial;C: Possible Injury;Yes;Unknown Injury;4619;December;0;Straight - Grade;Piedmont;With Traffic;Stop Sign;Friday;Intersection-Related;43;0;Two-Way, Not Divided;2 lanes;0;#NULL!;#NULL!;Grooved Concrete;#NULL!;No Special Feature;Motorist Overtaking Bicyclist;Local Street;C: Possible Injury;Guilford;Unknown;Clear;#NULL!;Unknown;Unknown;2010;Daylight;Unknown
36.0932841049, -79.7885629732;"{""type"": ""Point"", ""coordinates"": [-79.78856297320107, 36.09328410488711]}";White;Greensboro;Travel Lane;2;3;Urban (>70% Developed);Male;Van;0;#NULL!;0;0;White;No;0;20-24;Motorist Overtaking - Undetected Bicyclist;None;No;No;Dry;0;Urban;No;28DEC2010;0;3:02;Male;No;Commercial;A: Disabling Injury;Yes;O: No Injury;4621;December;0;Straight - Level;Piedmont;With Traffic;No Control Present;Tuesday;Non-Intersection;23;0;Two-Way, Not Divided;2 lanes;0;#NULL!;#NULL!;Coarse Asphalt;#NULL!;No Special Feature;Motorist Overtaking Bicyclist;Local Street;A: Disabling Injury;Guilford;54;Clear;#NULL!;36-40 mph;30 - 35  MPH;2010;Dark - Roadway Not Lighted;50-59
36.1030611172, -79.5024978882;"{""type"": ""Point"", ""coordinates"": [-79.50249788822043, 36.1030611171847]}";White;None - Rural Crash;Sidewalk / Crosswalk / Driveway Crossing;2;18;Urban (>70% Developed);Male;Sport Utility;0;#NULL!;0;0;White;No;0;16-19;Bicyclist Ride Through - Signalized Intersection;None;No;No;Dry;0;Rural;No;01APR2010;0;18:00;Female;No;Institutional;C: Possible Injury;Yes;O: No Injury;4637;April;0;Straight - Grade;Piedmont;Not Applicable;Stop And Go Signal;Thursday;Intersection;19;0;Two-Way, Not Divided;2 lanes;0;#NULL!;#NULL!;Smooth Asphalt;#NULL!;T-Intersection;Bicyclist Failed to Yield - Signalized Intersection;Local Street;C: Possible Injury;Alamance;39;Clear;#NULL!;21-25 mph;20 - 25  MPH;2010;Daylight;30-39
35.7874370732, -78.8722226798;"{""type"": ""Point"", ""coordinates"": [-78.87222267984636, 35.787437073225725]}";White;Cary;Travel Lane;2;12;Urban (>70% Developed);Male;Passenger Car;0;#NULL!;0;0;White;No;0;40-49;Motorist Drive Out - Sign-Controlled Intersection;None;No;No;Dry;0;Urban;No;10JAN2009;0;12:18;Male;No;Commercial;C: Possible Injury;Yes;O: No Injury;4639;January;0;Straight - Level;Piedmont;With Traffic;Stop Sign;Saturday;Intersection;49;0;Two-Way, Not Divided;3 lanes;0;#NULL!;#NULL!;Smooth Asphalt;#NULL!;Four-Way Intersection;Motorist Failed to Yield - Sign-Controlled Intersection;State Secondary Route;C: Possible Injury;Wake;17;Clear;#NULL!;11-15 mph;40 - 45  MPH;2009;Daylight;0-19
35.7887870703, -78.9637627078;"{""type"": ""Point"", ""coordinates"": [-78.96376270777773, 35.78878707025132]}";White;None - Rural Crash;Travel Lane;2;16;Mixed (30% To 70% Developed);Male;Pickup;0;#NULL!;0;0;Black;No;0;20-24;Motorist Overtaking - Other / Unknown;None;No;No;Dry;0;Rural;No;29JAN2009;0;16:14;Male;No;Residential;B: Evident Injury;Yes;O: No Injury;4648;January;0;Straight - Grade;Piedmont;With Traffic;Double Yellow Line, No Passing Zone;Thursday;Non-Intersection;21;0;Two-Way, Not Divided;2 lanes;0;#NULL!;#NULL!;Smooth Asphalt;#NULL!;No Special Feature;Motorist Overtaking Bicyclist;NC Route;B: Evident Injury;Chatham;39;Clear;#NULL!;51-55 mph;50 - 55  MPH;2009;Daylight;30-39
35.7702630776, -78.6486126112;"{""type"": ""Point"", ""coordinates"": [-78.6486126112244, 35.77026307759769]}";White;Raleigh;Travel Lane;2;7;Urban (>70% Developed);Male;Unknown;0;#NULL!;0;0;Unknown/Missing;No;0;20-24;Motorist Overtaking - Other / Unknown;None;No;No;Dry;0;Urban;Yes;09JAN2009;0;7:11;Unknown;Missing;Commercial;B: Evident Injury;Yes;Unknown Injury;4652;January;0;Straight - Level;Piedmont;With Traffic;No Control Present;Friday;Non-Intersection;23;0;Two-Way, Divided, Positive Median Barrier;4 lanes;0;#NULL!;#NULL!;Grooved Concrete;#NULL!;No Special Feature;Motorist Overtaking Bicyclist;Local Street;B: Evident Injury;Wake;Unknown;Clear;#NULL!;41-45 mph;40 - 45  MPH;2009;Daylight;Unknown
35.981189113, -78.8994026991;"{""type"": ""Point"", ""coordinates"": [-78.89940269911718, 35.98118911295518]}";Black;Durham;Sidewalk / Crosswalk / Driveway Crossing;2;17;Urban (>70% Developed);Male;Van;0;#NULL!;0;0;Black;No;0;50-59;Motorist Drive Out - Sign-Controlled Intersection;None;No;No;Dry;0;Urban;No;13FEB2009;0;17:54;Male;No;Residential;C: Possible Injury;Yes;O: No Injury;4660;February;0;Straight - Grade;Piedmont;Facing Traffic;Stop Sign;Friday;Intersection;51;0;Two-Way, Not Divided;8 lanes;0;#NULL!;#NULL!;Smooth Asphalt;#NULL!;Four-Way Intersection;Motorist Failed to Yield - Sign-Controlled Intersection;Local Street;C: Possible Injury;Durham;33;Clear;#NULL!;0-5 mph;30 - 35  MPH;2009;Daylight;30-39
35.3410969582, -79.4062328179;"{""type"": ""Point"", ""coordinates"": [-79.40623281793724, 35.341096958178234]}";Black;Carthage;Travel Lane;2;18;Urban (>70% Developed);Male;Passenger Car;0;#NULL!;0;0;White;No;0;50-59;Head-On - Bicyclist;None;No;No;Dry;0;Rural;No;23JAN2009;0;18:24;Female;No;Commercial;B: Evident Injury;Yes;O: No Injury;4663;January;0;Straight - Grade;Piedmont;Facing Traffic;No Control Present;Friday;Non-Intersection;54;0;Two-Way, Divided, Unprotected Median;2 lanes;0;#NULL!;#NULL!;Coarse Asphalt;#NULL!;No Special Feature;Head-On;Local Street;B: Evident Injury;Moore;37;Clear;#NULL!;0-5 mph;30 - 35  MPH;2009;Dark - Lighted Roadway;30-39
36.1179871497, -78.6868026411;"{""type"": ""Point"", ""coordinates"": [-78.68680264111735, 36.117987149735555]}";Black;Creedmoor;Non-Roadway;2;16;Urban (>70% Developed);Male;Passenger Car;0;#NULL!;0;0;White;No;0;11-15;Crossing Paths - Intersection - Other / Unknown;None;No;No;Dry;0;Rural;No;31JAN2013;0;16:50;Male;No;Commercial;C: Possible Injury;No;O: No Injury;933;January;0;Straight - Level;Piedmont;Not Applicable;Double Yellow Line, No Passing Zone;Thursday;Intersection-Related;12;0;Two-Way, Not Divided;2 lanes;0;#NULL!;NC 50;Smooth Asphalt;#NULL!;No Special Feature;Crossing Paths - Other Circumstances;NC Route;C: Possible Injury;Granville;26;Clear;#NULL!;16-20 mph;20 - 25  MPH;2013;Daylight;25-29
35.8207270841, -78.7712026507;"{""type"": ""Point"", ""coordinates"": [-78.77120265074234, 35.82072708412445]}";White;Cary;Driveway / Alley;2;14;Urban (>70% Developed);Male;Pickup;0;#NULL!;0;0;White;No;0;30-39;Non-Roadway;None;No;No;Dry;0;Urban;No;14FEB2013;0;14:15;Male;No;Institutional;O: No Injury;No;O: No Injury;936;February;0;Curve - Grade;Piedmont;Not Applicable;No Control Present;Thursday;Non-Roadway;37;0;Two-Way, Divided, Positive Median Barrier;4 lanes;0;#NULL!;PVA 1510 N HARRISON AVE;Smooth Asphalt;#NULL!;T-Intersection;Non-Roadway;Public Vehicular Area;O: No Injury;Wake;41;Clear;#NULL!;16-20 mph;Unknown;2013;Daylight;40-49