Geo Point;Geo Shape;BikeRace;City;BikePos;NumUnits;CrashHour;Locality;BikeSex;DrvrVehTyp;NumBikesNo;BikeAlcDrg;NumBikesBI;RteInvdCd;DrvrRace;Workzone;NumBikesCi;BikeAgeGrp;CrashType;RdDefects;CrashAlcoh;BikeAlcoho;RdConditio;DstncMiFrm;RuralUrban;HitRun;CrashDate;NumBikesUI;CrashTime;DrvrSex;DrvrAlcoho;Developmen;CrashSevr;AmbulanceR;DrvrInjury;OBJECTID;CrashMonth;NumBikesKi;RdCharacte;Region;BikeDir;TraffCntrl;CrashDay;CrashLoc;BikeAge;NumBikesTo;RdConfig;NumLanes;NumBikesAI;DrvrAlcDrg;OnRoad;RdSurface;Towrd_Rd;RdFeature;CrashGrp;RdClass;BikeInjury;County;DrvrAge;Weather;FrmRd;DrvrEstSpd;SpeedLimit;CrashYear;LightCond;DrvrAgeGrp
34.269346778, -77.819602285;"{""type"": ""Point"", ""coordinates"": [-77.81960228498612, 34.269346777960656]}";White;None - Rural Crash;Travel Lane;2;15;Urban (>70% Developed);Female;Van;0;#NULL!;0;0;Black;No;0;30-39;Motorist Drive Out - Residential Driveway;None;No;No;Dry;0;Rural;No;08MAR2013;0;15:17;Female;No;Residential;B: Evident Injury;No;O: No Injury;940;March;0;Curve - Level;Coastal;With Traffic;No Control Present;Friday;Non-Intersection;35;0;Two-Way, Not Divided;2 lanes;0;#NULL!;SR 1828;Coarse Asphalt;#NULL!;No Special Feature;Motorist Failed to Yield - Midblock;State Secondary Route;B: Evident Injury;New Hanover;61;Clear;#NULL!;0-5 mph;30 - 35  MPH;2013;Daylight;60-69
35.2586768709, -81.3317033894;"{""type"": ""Point"", ""coordinates"": [-81.33170338938052, 35.25867687094403]}";White;Kings Mountain;Travel Lane;2;18;Urban (>70% Developed);Male;Passenger Car;0;#NULL!;0;0;Black;No;0;6-10;Bicyclist Ride Through - Sign-Controlled Intersection;None;No;No;Dry;0;Urban;No;10MAR2013;0;18:02;Female;No;Residential;O: No Injury;Yes;O: No Injury;941;March;0;Straight - Level;Mountains;With Traffic;Stop Sign;Sunday;Intersection;8;0;Two-Way, Divided, Unprotected Median;2 lanes;0;#NULL!;2ND STREET;Coarse Asphalt;#NULL!;No Special Feature;Bicyclist Failed to Yield - Sign-Controlled Intersection;Local Street;O: No Injury;Cleveland;21;Clear;#NULL!;31-35 mph;30 - 35  MPH;2013;Daylight;20-24
35.3214968362, -82.6173037734;"{""type"": ""Point"", ""coordinates"": [-82.6173037734303, 35.32149683619622]}";White;None - Rural Crash;Travel Lane;2;13;Rural (<30% Developed);Male;Sport Utility;0;#NULL!;0;0;White;No;0;25-29;Motorist Turning Error - Left Turn;None;No;No;Dry;0;Rural;No;14MAR2013;0;13:35;Female;No;Farms, Woods, Pastures;B: Evident Injury;No;O: No Injury;947;March;0;Straight - Level;Mountains;With Traffic;Stop Sign;Thursday;Intersection-Related;27;0;Two-Way, Not Divided;2 lanes;0;#NULL!;SR 1325;Coarse Asphalt;#NULL!;Four-Way Intersection;Loss of Control / Turning Error;State Secondary Route;B: Evident Injury;Henderson;63;Clear;#NULL!;31-35 mph;30 - 35  MPH;2013;Daylight;60-69
35.0762068569, -80.6463031754;"{""type"": ""Point"", ""coordinates"": [-80.64630317544359, 35.07620685688585]}";White;Indian Trail;Travel Lane;2;22;Urban (>70% Developed);Male;Pickup;0;#NULL!;0;0;White;No;0;30-39;Motorist Overtaking - Other / Unknown;None;Yes;No;Dry;0;Urban;Yes;16MAR2013;0;22:16;Male;Yes;Residential;K: Killed;Yes;O: No Injury;960;March;0;Straight - Level;Piedmont;With Traffic;Double Yellow Line, No Passing Zone;Saturday;Non-Intersection;31;0;Two-Way, Not Divided;2 lanes;0;#NULL!;SR 1367;Smooth Asphalt;#NULL!;No Special Feature;Motorist Overtaking Bicyclist;State Secondary Route;K: Killed;Union;29;Clear;#NULL!;46-50 mph;40 - 45  MPH;2013;Dark - Roadway Not Lighted;25-29
35.5351970389, -78.2854024884;"{""type"": ""Point"", ""coordinates"": [-78.28540248839498, 35.53519703891132]}";Black;Selma;Travel Lane;2;4;Urban (>70% Developed);Male;Sport Utility;0;#NULL!;0;0;White;No;0;40-49;Motorist Left Turn - Opposite Direction;None;No;No;Wet;0;Urban;No;18MAR2013;0;4:35;Female;No;Commercial;B: Evident Injury;Yes;O: No Injury;966;March;0;Straight - Level;Coastal;With Traffic;No Control Present;Monday;Intersection;48;0;Two-Way, Not Divided;5 lanes;0;#NULL!;US 301;Smooth Asphalt;#NULL!;Four-Way Intersection;Motorist Left Turn / Merge;US Route;B: Evident Injury;Johnston;59;Rain;#NULL!;0-5 mph;30 - 35  MPH;2013;Dark - Lighted Roadway;50-59
35.2563969591, -78.872602652;"{""type"": ""Point"", ""coordinates"": [-78.87260265200027, 35.256396959092584]}";White;None - Rural Crash;Travel Lane;2;16;Rural (<30% Developed);Male;Pickup;0;#NULL!;0;0;White;No;0;30-39;Motorist Overtaking - Other / Unknown;None;No;No;Dry;0;Rural;No;02APR2013;0;16:52;Male;No;Residential;C: Possible Injury;No;O: No Injury;971;April;0;Straight - Level;Coastal;With Traffic;Double Yellow Line, No Passing Zone;Tuesday;Non-Intersection;36;0;Two-Way, Not Divided;2 lanes;0;#NULL!;SR 2045;Coarse Asphalt;#NULL!;No Special Feature;Motorist Overtaking Bicyclist;State Secondary Route;C: Possible Injury;Harnett;69;Clear;#NULL!;41-45 mph;50 - 55  MPH;2013;Daylight;60-69
35.0411169106, -78.9143026539;"{""type"": ""Point"", ""coordinates"": [-78.91430265386683, 35.041116910611535]}";Black;Fayetteville;Sidewalk / Crosswalk / Driveway Crossing;2;18;Urban (>70% Developed);Male;Passenger Car;0;#NULL!;0;0;Black;No;0;50-59;Bicyclist Ride Through - Signalized Intersection;None;No;No;Dry;0;Urban;No;23MAR2013;0;18:46;Female;No;Commercial;C: Possible Injury;Yes;O: No Injury;974;March;0;Straight - Level;Coastal;Facing Traffic;Flashing Stop And Go Signal;Saturday;Intersection;57;0;Two-Way, Not Divided;5 lanes;0;#NULL!;VILLAGE DR;Smooth Asphalt;#NULL!;T-Intersection;Bicyclist Failed to Yield - Signalized Intersection;Local Street;C: Possible Injury;Cumberland;32;Clear;#NULL!;0-5 mph;30 - 35  MPH;2013;Daylight;30-39
34.7785369048, -77.3912021795;"{""type"": ""Point"", ""coordinates"": [-77.3912021795416, 34.778536904769645]}";Other;Jacksonville;Unknown;2;16;Urban (>70% Developed);Male;Sport Utility;0;#NULL!;0;0;White;No;0;60-69;Bicyclist Ride Out - Midblock - Unknown;None;No;No;Dry;0;Urban;No;25MAR2013;0;16:58;Male;No;Commercial;C: Possible Injury;Yes;O: No Injury;988;March;0;Straight - Level;Coastal;Unknown;No Control Present;Monday;Non-Intersection;60;0;Two-Way, Not Divided;4 lanes;0;#NULL!;US 17;Smooth Asphalt;#NULL!;No Special Feature;Bicyclist Failed to Yield - Midblock;US Route;C: Possible Injury;Onslow;66;Clear;#NULL!;21-25 mph;40 - 45  MPH;2013;Daylight;60-69
36.0141671207, -78.8904026975;"{""type"": ""Point"", ""coordinates"": [-78.8904026975349, 36.01416712068613]}";Black;Durham;Sidewalk / Crosswalk / Driveway Crossing;2;14;Urban (>70% Developed);Male;Passenger Car;0;#NULL!;0;0;White;No;0;16-19;Motorist Left Turn - Opposite Direction;None;No;No;Dry;0;Urban;No;10APR2013;0;14:22;Female;No;Commercial;C: Possible Injury;Yes;O: No Injury;993;April;0;Straight - Bottom;Piedmont;With Traffic;Stop And Go Signal;Wednesday;Intersection;18;0;One-Way, Not Divided;2 lanes;0;#NULL!;I85 N ACCESS RD;Smooth Asphalt;#NULL!;On or Off Ramp;Motorist Left Turn / Merge;Local Street;C: Possible Injury;Durham;65;Clear;#NULL!;11-15 mph;30 - 35  MPH;2013;Daylight;60-69
35.6948169787, -80.9236032913;"{""type"": ""Point"", ""coordinates"": [-80.92360329128351, 35.694816978723594]}";White;None - Rural Crash;Travel Lane;2;13;Rural (<30% Developed);Male;Motorcycle;0;#NULL!;0;0;Unknown/Missing;No;0;50-59;Motorist Overtaking - Misjudged Space;None;No;No;Dry;0;Rural;Yes;13APR2013;0;13:29;Unknown;Missing;Farms, Woods, Pastures;B: Evident Injury;No;Unknown Injury;995;April;0;Straight - Level;Piedmont;With Traffic;Double Yellow Line, No Passing Zone;Saturday;Intersection;54;0;Two-Way, Not Divided;2 lanes;0;#NULL!;SR 1328;Smooth Asphalt;#NULL!;T-Intersection;Motorist Overtaking Bicyclist;State Secondary Route;B: Evident Injury;Iredell;Unknown;Clear;#NULL!;56-60 mph;40 - 45  MPH;2013;Daylight;Unknown
35.9925271163, -78.8800026938;"{""type"": ""Point"", ""coordinates"": [-78.88000269381718, 35.99252711634073]}";Black;Durham;Travel Lane;2;20;Urban (>70% Developed);Male;Pickup;0;#NULL!;0;0;Black;No;0;40-49;Bicyclist Ride Through - Sign-Controlled Intersection;None;No;No;Dry;0;Urban;No;13APR2013;0;20:36;Male;No;Residential;C: Possible Injury;Yes;O: No Injury;997;April;0;Straight - Level;Piedmont;With Traffic;Stop Sign;Saturday;Intersection;48;0;Two-Way, Not Divided;2 lanes;0;#NULL!;LIBERTY ST;Smooth Asphalt;#NULL!;Four-Way Intersection;Bicyclist Failed to Yield - Sign-Controlled Intersection;Local Street;C: Possible Injury;Durham;68;Clear;#NULL!;6-10 mph;30 - 35  MPH;2013;Dusk;60-69
36.3021572252, -77.6600023384;"{""type"": ""Point"", ""coordinates"": [-77.66000233844898, 36.30215722521201]}";White;None - Rural Crash;Unknown;2;19;Rural (<30% Developed);Male;Pickup;0;#NULL!;0;0;White;No;0;6-10;Crossing Paths - Midblock - Other / Unknown;None;No;No;Dry;0;Rural;No;11APR2013;0;19:05;Female;No;Farms, Woods, Pastures;K: Killed;Yes;O: No Injury;998;April;0;Straight - Level;Coastal;Unknown;No Control Present;Thursday;Non-Intersection;7;0;Two-Way, Not Divided;2 lanes;0;#NULL!;NC 561;Smooth Asphalt;#NULL!;No Special Feature;Crossing Paths - Other Circumstances;NC Route;K: Killed;Halifax;61;Clear;#NULL!;51-55 mph;50 - 55  MPH;2013;Daylight;60-69
35.631067091, -77.3713022156;"{""type"": ""Point"", ""coordinates"": [-77.37130221560464, 35.631067090959874]}";Black;Greenville;Travel Lane;2;6;Urban (>70% Developed);Male;Passenger Car;0;#NULL!;0;0;White;No;0;25-29;Crossing Paths - Intersection - Other / Unknown;None;No;No;Wet;0;Urban;No;15APR2013;0;6:25;Male;No;Residential;B: Evident Injury;Yes;O: No Injury;1000;April;0;Straight - Level;Coastal;With Traffic;Stop Sign;Monday;Intersection;28;0;Two-Way, Not Divided;3 lanes;0;#NULL!;MUMFORD RD;Coarse Asphalt;#NULL!;Four-Way Intersection;Crossing Paths - Other Circumstances;Local Street;B: Evident Injury;Pitt;29;Cloudy;#NULL!;26-30 mph;30 - 35  MPH;2013;Dark - Lighted Roadway;25-29
35.301956955, -79.2515027691;"{""type"": ""Point"", ""coordinates"": [-79.25150276909811, 35.30195695495569]}";White;None - Rural Crash;Travel Lane;2;17;Rural (<30% Developed);Male;Sport Utility;0;#NULL!;0;0;Unknown/Missing;No;0;50-59;Motorist Overtaking - Other / Unknown;None;No;No;Dry;0;Rural;Yes;13OCT2012;0;17:28;Unknown;Missing;Commercial;B: Evident Injury;Yes;Unknown Injury;2511;October;0;Straight - Grade;Piedmont;With Traffic;Double Yellow Line, No Passing Zone;Saturday;Non-Intersection;51;0;Two-Way, Not Divided;2 lanes;0;#NULL!;#NULL!;Smooth Asphalt;#NULL!;No Special Feature;Motorist Overtaking Bicyclist;US Route;B: Evident Injury;Moore;Unknown;Clear;#NULL!;Unknown;Unknown;2012;Daylight;Unknown
34.2307567677, -77.8771023008;"{""type"": ""Point"", ""coordinates"": [-77.87710230077336, 34.230756767704754]}";Black;Wilmington;Unknown;2;16;Urban (>70% Developed);Female;Passenger Car;0;#NULL!;0;0;White;No;0;16-19;Bicyclist Ride Out - Signalized  Intersection;Other;No;No;Dry;0;Urban;No;26SEP2012;0;16:45;Female;No;Commercial;B: Evident Injury;Yes;O: No Injury;2513;September;0;Straight - Level;Coastal;Facing Traffic;Stop And Go Signal;Wednesday;Intersection-Related;18;0;Two-Way, Not Divided;9 or more lanes;0;#NULL!;#NULL!;Concrete;#NULL!;No Special Feature;Bicyclist Failed to Yield - Signalized Intersection;Local Street;B: Evident Injury;New Hanover;21;Clear;#NULL!;41-45 mph;40 - 45  MPH;2012;Daylight;20-24
35.2203668822, -80.8121032321;"{""type"": ""Point"", ""coordinates"": [-80.8121032320613, 35.22036688219723]}";White;Charlotte;Travel Lane;2;17;Urban (>70% Developed);Male;Sport Utility;0;#NULL!;0;0;Black;No;0;20-24;Bicyclist Ride Out - Signalized  Intersection;None;No;No;Dry;0;Urban;No;15OCT2012;0;17:30;Female;No;Commercial;B: Evident Injury;Yes;O: No Injury;2518;October;0;Straight - Level;Piedmont;With Traffic;Stop And Go Signal;Monday;Intersection;21;0;Two-Way, Not Divided;4 lanes;0;#NULL!;#NULL!;Smooth Asphalt;#NULL!;T-Intersection;Bicyclist Failed to Yield - Signalized Intersection;Local Street;B: Evident Injury;Mecklenburg;33;Clear;#NULL!;26-30 mph;30 - 35  MPH;2012;Daylight;30-39
34.5314267932, -79.0976026831;"{""type"": ""Point"", ""coordinates"": [-79.09760268310845, 34.53142679320565]}";Native American;None - Rural Crash;Travel Lane;2;20;Rural (<30% Developed);Male;Van;0;#NULL!;0;0;Black;No;0;50-59;Motorist Overtaking - Other / Unknown;None;Yes;Yes;Dry;0;Rural;No;11OCT2012;0;20:23;Male;No;Farms, Woods, Pastures;K: Killed;Yes;O: No Injury;2530;October;0;Straight - Level;Coastal;With Traffic;No Control Present;Thursday;Non-Intersection;50;0;Two-Way, Not Divided;2 lanes;0;#NULL!;#NULL!;Coarse Asphalt;#NULL!;No Special Feature;Motorist Overtaking Bicyclist;NC Route;K: Killed;Robeson;56;Clear;#NULL!;46-50 mph;50 - 55  MPH;2012;Dark - Roadway Not Lighted;50-59
33.9531666997, -78.051402341;"{""type"": ""Point"", ""coordinates"": [-78.05140234098673, 33.95316669965186]}";White;None - Rural Crash;Travel Lane;2;18;Urban (>70% Developed);Male;Pickup;0;#NULL!;0;0;White;No;0;50-59;Motorist Overtaking - Other / Unknown;None;No;No;Dry;0;Rural;No;18OCT2012;0;18:11;Male;No;Commercial;C: Possible Injury;No;O: No Injury;2535;October;0;Straight - Level;Coastal;With Traffic;No Control Present;Thursday;Non-Intersection;54;0;Two-Way, Not Divided;2 lanes;0;#NULL!;#NULL!;Coarse Asphalt;#NULL!;No Special Feature;Motorist Overtaking Bicyclist;NC Route;C: Possible Injury;Brunswick;32;Clear;#NULL!;41-45 mph;40 - 45  MPH;2012;Daylight;30-39
36.0136771194, -78.921802707;"{""type"": ""Point"", ""coordinates"": [-78.92180270696282, 36.01367711944316]}";White;Durham;Travel Lane;2;15;Urban (>70% Developed);Female;Passenger Car;0;#NULL!;0;0;White;No;0;16-19;Bicyclist Overtaking - Extended Door;None;No;No;Dry;0;Urban;No;20OCT2012;0;15:16;Female;Missing;Commercial;B: Evident Injury;Yes;O: No Injury;2545;October;0;Straight - Grade;Piedmont;With Traffic;No Control Present;Saturday;Intersection;17;0;Two-Way, Not Divided;4 lanes;0;#NULL!;#NULL!;Smooth Asphalt;#NULL!;No Special Feature;Bicyclist Overtaking Motorist;Local Street;B: Evident Injury;Durham;62;Clear;#NULL!;0-5 mph;30 - 35  MPH;2012;Daylight;60-69
35.8600169977, -81.3446034266;"{""type"": ""Point"", ""coordinates"": [-81.34460342664772, 35.86001699773093]}";White;None - Rural Crash;Travel Lane;2;11;Rural (<30% Developed);Male;Passenger Car;0;#NULL!;0;0;White;No;0;60-69;Motorist Right Turn - Same Direction;None;No;No;Dry;0;Rural;No;19OCT2012;0;11:44;Female;No;Farms, Woods, Pastures;B: Evident Injury;Yes;O: No Injury;2551;October;0;Straight - Level;Mountains;With Traffic;Double Yellow Line, No Passing Zone;Friday;Intersection;62;0;Two-Way, Not Divided;2 lanes;0;#NULL!;#NULL!;Smooth Asphalt;#NULL!;T-Intersection;Motorist Right Turn / Merge;State Secondary Route;B: Evident Injury;Caldwell;57;Clear;#NULL!;26-30 mph;50 - 55  MPH;2012;Daylight;50-59
34.2255067644, -77.9276023158;"{""type"": ""Point"", ""coordinates"": [-77.9276023157962, 34.225506764439736]}";White;Wilmington;Travel Lane;2;17;Urban (>70% Developed);Male;Pickup;0;#NULL!;0;0;Unknown/Missing;No;0;25-29;Motorist Right Turn - Same Direction;None;No;No;Dry;0;Urban;Yes;10OCT2012;0;17:15;Unknown;Missing;Commercial;B: Evident Injury;Yes;Unknown Injury;2556;October;0;Straight - Level;Coastal;With Traffic;Stop And Go Signal;Wednesday;Intersection;27;0;One-Way, Not Divided;4 lanes;0;#NULL!;#NULL!;Coarse Asphalt;#NULL!;No Special Feature;Motorist Right Turn / Merge;Local Street;B: Evident Injury;New Hanover;Unknown;Clear;#NULL!;21-25 mph;30 - 35  MPH;2012;Daylight;Unknown
34.231656765, -77.9470023216;"{""type"": ""Point"", ""coordinates"": [-77.94700232160477, 34.23165676499713]}";White;Wilmington;Travel Lane;2;11;Urban (>70% Developed);Male;Passenger Car;0;#NULL!;0;0;Black;No;0;30-39;Bicyclist Ride Through - Sign-Controlled Intersection;None;No;No;Dry;0;Urban;No;15OCT2012;0;11:33;Female;No;Residential;B: Evident Injury;Yes;O: No Injury;2557;October;0;Straight - Level;Coastal;Facing Traffic;Stop Sign;Monday;Intersection;33;0;Two-Way, Not Divided;8 lanes;0;#NULL!;#NULL!;Other;#NULL!;Four-Way Intersection;Bicyclist Failed to Yield - Sign-Controlled Intersection;Local Street;B: Evident Injury;New Hanover;24;Clear;#NULL!;11-15 mph;20 - 25  MPH;2012;Daylight;20-24
36.0673670996, -79.7906029721;"{""type"": ""Point"", ""coordinates"": [-79.79060297208848, 36.06736709957985]}";White;Greensboro;Travel Lane;2;16;Urban (>70% Developed);Male;Passenger Car;0;#NULL!;0;0;Black;No;0;25-29;Motorist Left Turn - Opposite Direction;None;No;No;Dry;0;Urban;No;24OCT2012;0;16:59;Female;No;Commercial;C: Possible Injury;Yes;O: No Injury;2570;October;0;Straight - Hillcrest;Piedmont;With Traffic;Double Yellow Line, No Passing Zone;Wednesday;Intersection;28;0;Two-Way, Divided, Unprotected Median;3 lanes;0;#NULL!;#NULL!;Coarse Asphalt;#NULL!;No Special Feature;Motorist Left Turn / Merge;Local Street;C: Possible Injury;Guilford;68;Clear;#NULL!;0-5 mph;30 - 35  MPH;2012;Daylight;60-69
35.916887094, -79.0459027398;"{""type"": ""Point"", ""coordinates"": [-79.04590273975349, 35.916887094043595]}";White;Chapel Hill;Travel Lane;2;16;Urban (>70% Developed);Female;Passenger Car;0;#NULL!;0;0;White;No;0;20-24;Motorist Left Turn - Opposite Direction;None;No;No;Dry;0;Urban;No;22OCT2012;0;16:39;Female;No;Residential;B: Evident Injury;Yes;O: No Injury;2573;October;0;Straight - Grade;Piedmont;With Traffic;Stop And Go Signal;Monday;Intersection;24;0;Two-Way, Not Divided;4 lanes;0;#NULL!;#NULL!;Smooth Asphalt;#NULL!;Four-Way Intersection;Motorist Left Turn / Merge;Local Street;B: Evident Injury;Orange;70+;Clear;#NULL!;6-10 mph;30 - 35  MPH;2012;Daylight;70+
35.0649369169, -78.8898026474;"{""type"": ""Point"", ""coordinates"": [-78.88980264740633, 35.064936916859004]}";Black;Fayetteville;Sidewalk / Crosswalk / Driveway Crossing;2;11;Urban (>70% Developed);Male;Police;0;#NULL!;0;0;Unknown/Missing;No;0;60-69;Motorist Drive Out - Sign-Controlled Intersection;None;No;No;Dry;0;Urban;No;23OCT2012;0;11:58;Male;No;Commercial;C: Possible Injury;Yes;O: No Injury;2578;October;0;Straight - Level;Coastal;Facing Traffic;Stop Sign;Tuesday;Intersection;67;0;Two-Way, Not Divided;2 lanes;0;#NULL!;#NULL!;Coarse Asphalt;#NULL!;T-Intersection;Motorist Failed to Yield - Sign-Controlled Intersection;Local Street;C: Possible Injury;Cumberland;25;Clear;#NULL!;0-5 mph;30 - 35  MPH;2012;Daylight;25-29
35.5762669432, -81.2060033693;"{""type"": ""Point"", ""coordinates"": [-81.20600336926017, 35.57626694320143]}";Hispanic;Maiden;Travel Lane;2;11;Urban (>70% Developed);Male;Passenger Car;0;#NULL!;0;0;White;No;0;11-15;Bicyclist Ride Through - Sign-Controlled Intersection;None;No;No;Dry;0;Rural;No;06AUG2012;0;11:25;Female;No;Residential;B: Evident Injury;Yes;O: No Injury;2584;August;0;Straight - Hillcrest;Piedmont;With Traffic;Stop Sign;Monday;Intersection;11;0;Two-Way, Not Divided;2 lanes;0;#NULL!;#NULL!;Smooth Asphalt;#NULL!;T-Intersection;Bicyclist Failed to Yield - Sign-Controlled Intersection;Local Street;B: Evident Injury;Catawba;42;Cloudy;#NULL!;31-35 mph;30 - 35  MPH;2012;Daylight;40-49
35.7521769772, -81.2864034028;"{""type"": ""Point"", ""coordinates"": [-81.28640340275176, 35.752176977178]}";White;Hickory;Travel Lane;2;13;Urban (>70% Developed);Male;Sport Utility;0;#NULL!;0;0;Asian;No;0;50-59;Motorist Right Turn - Same Direction;None;No;No;Dry;0;Urban;No;25OCT2012;0;13:58;Female;No;Commercial;B: Evident Injury;No;O: No Injury;2586;October;0;Straight - Grade;Piedmont;With Traffic;No Control Present;Thursday;Non-Intersection;56;0;Two-Way, Not Divided;5 lanes;0;#NULL!;#NULL!;Coarse Asphalt;#NULL!;No Special Feature;Motorist Right Turn / Merge;Local Street;B: Evident Injury;Catawba;55;Clear;#NULL!;6-10 mph;40 - 45  MPH;2012;Daylight;50-59
36.45796721, -79.0062027572;"{""type"": ""Point"", ""coordinates"": [-79.0062027571566, 36.45796721004447]}";Black;None - Rural Crash;Travel Lane;2;19;Rural (<30% Developed);Male;Unknown;0;#NULL!;0;0;Unknown/Missing;No;0;50-59;Motorist Overtaking - Other / Unknown;None;No;No;Dry;0;Rural;Yes;03NOV2012;0;19:17;Unknown;Missing;Farms, Woods, Pastures;A: Disabling Injury;Yes;Unknown Injury;2588;November;0;Curve - Grade;Piedmont;With Traffic;Double Yellow Line, No Passing Zone;Saturday;Non-Intersection;53;0;Two-Way, Not Divided;2 lanes;0;#NULL!;#NULL!;Smooth Asphalt;#NULL!;No Special Feature;Motorist Overtaking Bicyclist;State Secondary Route;A: Disabling Injury;Person;Unknown;Clear;#NULL!;41-45 mph;40 - 45  MPH;2012;Dark - Roadway Not Lighted;Unknown
35.2689370054, -77.5843022627;"{""type"": ""Point"", ""coordinates"": [-77.58430226269195, 35.26893700535654]}";Black;Kinston;Travel Lane;2;16;Urban (>70% Developed);Male;Passenger Car;0;#NULL!;0;0;White;No;0;40-49;Motorist Right Turn - Same Direction;None;No;No;Dry;0;Urban;No;05NOV2012;0;16:30;Female;No;Commercial;B: Evident Injury;Yes;O: No Injury;2595;November;0;Straight - Level;Coastal;With Traffic;Stop Sign;Monday;Intersection;41;0;Two-Way, Not Divided;9 or more lanes;0;#NULL!;#NULL!;Smooth Asphalt;#NULL!;Four-Way Intersection;Motorist Right Turn / Merge;Local Street;B: Evident Injury;Lenoir;34;Clear;#NULL!;0-5 mph;30 - 35  MPH;2012;Daylight;30-39
34.2245267676, -77.8238022846;"{""type"": ""Point"", ""coordinates"": [-77.82380228459716, 34.22452676758343]}";White;Wilmington;Sidewalk / Crosswalk / Driveway Crossing;2;14;Urban (>70% Developed);Female;Passenger Car;0;#NULL!;0;0;White;No;0;25-29;Bicyclist Failed to Clear - Trapped;Other;No;No;Dry;0;Urban;No;23OCT2012;0;14:30;Female;No;Residential;B: Evident Injury;Yes;O: No Injury;2601;October;0;Straight - Level;Coastal;With Traffic;Stop And Go Signal;Tuesday;Intersection;26;0;Two-Way, Divided, Unprotected Median;4 lanes;0;#NULL!;#NULL!;Coarse Asphalt;#NULL!;Four-Way Intersection;Bicyclist Failed to Yield - Signalized Intersection;Local Street;B: Evident Injury;New Hanover;47;Clear;#NULL!;11-15 mph;20 - 25  MPH;2012;Daylight;40-49
35.0544868449, -80.8501032343;"{""type"": ""Point"", ""coordinates"": [-80.85010323434427, 35.054486844904694]}";White;Charlotte;Bike Lane / Paved Shoulder;2;11;Urban (>70% Developed);Male;Sport Utility;0;#NULL!;0;0;White;No;0;40-49;Motorist Right Turn - Same Direction;None;No;No;Dry;0;Urban;No;02NOV2012;0;11:56;Female;No;Commercial;C: Possible Injury;Yes;O: No Injury;2608;November;0;Straight - Level;Piedmont;With Traffic;Stop And Go Signal;Friday;Intersection;47;0;Two-Way, Divided, Unprotected Median;6 lanes;0;#NULL!;#NULL!;Smooth Asphalt;#NULL!;Four-Way Intersection;Motorist Right Turn / Merge;Local Street;C: Possible Injury;Mecklenburg;24;Clear;#NULL!;41-45 mph;40 - 45  MPH;2012;Daylight;20-24
35.4130669827, -79.1492027441;"{""type"": ""Point"", ""coordinates"": [-79.14920274412019, 35.41306698270764]}";Black;None - Rural Crash;Travel Lane;2;20;Rural (<30% Developed);Male;Passenger Car;0;#NULL!;0;0;White;No;0;40-49;Motorist Overtaking - Other / Unknown;None;Yes;Yes;Dry;0;Rural;No;06NOV2012;0;20:29;Male;No;Farms, Woods, Pastures;K: Killed;Yes;O: No Injury;2610;November;0;Curve - Level;Piedmont;With Traffic;Double Yellow Line, No Passing Zone;Tuesday;Non-Intersection;48;0;Two-Way, Not Divided;2 lanes;0;#NULL!;#NULL!;Smooth Asphalt;#NULL!;No Special Feature;Motorist Overtaking Bicyclist;State Secondary Route;K: Killed;Lee;36;Clear;#NULL!;51-55 mph;50 - 55  MPH;2012;Dark - Roadway Not Lighted;30-39
36.1368971126, -79.8238029867;"{""type"": ""Point"", ""coordinates"": [-79.82380298670306, 36.13689711259753]}";White;Greensboro;Travel Lane;3;10;Urban (>70% Developed);Male;Passenger Car;0;#NULL!;0;0;Black;No;0;60-69;Motorist Overtaking - Undetected Bicyclist;None;No;No;Dry;0;Urban;No;11NOV2012;0;10:55;Female;No;Residential;C: Possible Injury;Yes;O: No Injury;2620;November;0;Straight - Level;Piedmont;With Traffic;No Control Present;Sunday;Non-Intersection;68;0;Two-Way, Not Divided;2 lanes;0;#NULL!;#NULL!;Smooth Asphalt;#NULL!;No Special Feature;Motorist Overtaking Bicyclist;Local Street;C: Possible Injury;Guilford;28;Clear;#NULL!;21-25 mph;30 - 35  MPH;2012;Daylight;25-29
35.3628469217, -80.5600031649;"{""type"": ""Point"", ""coordinates"": [-80.56000316487452, 35.36284692167856]}";White;None - Rural Crash;Travel Lane;2;17;Mixed (30% To 70% Developed);Male;Passenger Car;0;#NULL!;0;0;Black;No;0;11-15;Bicyclist Ride Through - Sign-Controlled Intersection;None;No;No;Dry;0;Rural;No;13NOV2012;0;17:02;Male;No;Residential;B: Evident Injury;Yes;O: No Injury;2624;November;0;Straight - Grade;Piedmont;With Traffic;Stop Sign;Tuesday;Intersection;14;0;Two-Way, Not Divided;2 lanes;0;#NULL!;#NULL!;Coarse Asphalt;#NULL!;Four-Way Intersection;Bicyclist Failed to Yield - Sign-Controlled Intersection;State Secondary Route;B: Evident Injury;Cabarrus;17;Clear;#NULL!;41-45 mph;40 - 45  MPH;2012;Daylight;0-19