Geo Point;Geo Shape;BikeRace;City;BikePos;NumUnits;CrashHour;Locality;BikeSex;DrvrVehTyp;NumBikesNo;BikeAlcDrg;NumBikesBI;RteInvdCd;DrvrRace;Workzone;NumBikesCi;BikeAgeGrp;CrashType;RdDefects;CrashAlcoh;BikeAlcoho;RdConditio;DstncMiFrm;RuralUrban;HitRun;CrashDate;NumBikesUI;CrashTime;DrvrSex;DrvrAlcoho;Developmen;CrashSevr;AmbulanceR;DrvrInjury;OBJECTID;CrashMonth;NumBikesKi;RdCharacte;Region;BikeDir;TraffCntrl;CrashDay;CrashLoc;BikeAge;NumBikesTo;RdConfig;NumLanes;NumBikesAI;DrvrAlcDrg;OnRoad;RdSurface;Towrd_Rd;RdFeature;CrashGrp;RdClass;BikeInjury;County;DrvrAge;Weather;FrmRd;DrvrEstSpd;SpeedLimit;CrashYear;LightCond;DrvrAgeGrp
35.8883569942, -81.5801034988;"{""type"": ""Point"", ""coordinates"": [-81.58010349881614, 35.88835699423051]}";White;Lenoir;Travel Lane;2;18;Urban (>70% Developed);Male;Passenger Car;0;#NULL!;0;0;White;No;0;30-39;Motorist Overtaking - Undetected Bicyclist;None;No;No;Dry;0;Urban;No;15NOV2012;0;18:04;Female;No;Commercial;B: Evident Injury;Yes;O: No Injury;2628;November;0;Straight - Grade;Mountains;With Traffic;No Control Present;Thursday;Non-Intersection;35;0;Two-Way, Divided, Unprotected Median;5 lanes;0;#NULL!;#NULL!;Coarse Asphalt;#NULL!;No Special Feature;Motorist Overtaking Bicyclist;Local Street;B: Evident Injury;Caldwell;63;Clear;#NULL!;46-50 mph;50 - 55  MPH;2012;Dark - Roadway Not Lighted;60-69
36.0871271039, -79.7756029694;"{""type"": ""Point"", ""coordinates"": [-79.77560296941816, 36.087127103895924]}";White;Greensboro;Sidewalk / Crosswalk / Driveway Crossing;2;15;Urban (>70% Developed);Male;Passenger Car;0;#NULL!;0;0;White;No;0;20-24;Motorist Drive Out - Sign-Controlled Intersection;None;No;No;Dry;0;Urban;No;05OCT2012;0;15:46;Female;No;Commercial;B: Evident Injury;Yes;O: No Injury;2630;October;0;Curve - Hillcrest;Piedmont;Facing Traffic;Stop Sign;Friday;Intersection;20;0;Two-Way, Divided, Unprotected Median;3 lanes;0;#NULL!;#NULL!;Smooth Asphalt;#NULL!;On or Off Ramp;Motorist Failed to Yield - Sign-Controlled Intersection;Local Street;B: Evident Injury;Guilford;24;Clear;#NULL!;0-5 mph;30 - 35  MPH;2012;Daylight;20-24
35.9949771161, -78.8973026984;"{""type"": ""Point"", ""coordinates"": [-78.8973026984092, 35.99497711607247]}";Black;Durham;Travel Lane;2;22;Urban (>70% Developed);Male;Passenger Car;0;#NULL!;0;0;Black;No;0;50-59;Motorist Overtaking - Undetected Bicyclist;None;Yes;Yes;Dry;0;Urban;No;18NOV2012;0;22:27;Male;No;Commercial;B: Evident Injury;Yes;O: No Injury;2635;November;0;Straight - Grade;Piedmont;With Traffic;No Control Present;Sunday;Non-Intersection;53;0;One-Way, Not Divided;3 lanes;0;#NULL!;#NULL!;Smooth Asphalt;#NULL!;No Special Feature;Motorist Overtaking Bicyclist;Local Street;B: Evident Injury;Durham;69;Clear;#NULL!;21-25 mph;20 - 25  MPH;2012;Dark - Lighted Roadway;60-69
36.0845271031, -79.7771029692;"{""type"": ""Point"", ""coordinates"": [-79.77710296919541, 36.08452710311706]}";Black;Greensboro;Travel Lane;2;18;Urban (>70% Developed);Male;Passenger Car;0;#NULL!;0;0;Unknown/Missing;No;0;50-59;Motorist Left Turn - Opposite Direction;None;No;No;Dry;0;Urban;Yes;10SEP2012;0;18:38;Unknown;Missing;Commercial;B: Evident Injury;Yes;Unknown Injury;2641;September;0;Straight - Level;Piedmont;With Traffic;No Control Present;Monday;Non-Intersection;53;0;Two-Way, Divided, Unprotected Median;5 lanes;0;#NULL!;#NULL!;Smooth Asphalt;#NULL!;Driveway, Public;Motorist Left Turn / Merge;Local Street;B: Evident Injury;Guilford;Unknown;Clear;#NULL!;6-10 mph;30 - 35  MPH;2012;Daylight;Unknown
35.1966769276, -79.4025028088;"{""type"": ""Point"", ""coordinates"": [-79.40250280883207, 35.19667692758474]}";White;Southern Pines;Travel Lane;2;16;Urban (>70% Developed);Male;Passenger Car;0;#NULL!;0;0;Black;No;0;70+;Motorist Overtaking - Bicyclist Swerved;None;No;No;Dry;0;Urban;No;07NOV2012;0;16:18;Female;No;Residential;B: Evident Injury;Yes;O: No Injury;2647;November;0;Straight - Grade;Piedmont;With Traffic;Stop And Go Signal;Wednesday;Non-Intersection;70+;0;Two-Way, Divided, Unprotected Median;4 lanes;0;#NULL!;#NULL!;Coarse Asphalt;#NULL!;No Special Feature;Motorist Overtaking Bicyclist;NC Route;B: Evident Injury;Moore;40;Clear;#NULL!;41-45 mph;40 - 45  MPH;2012;Daylight;40-49
36.0850871042, -79.7486029607;"{""type"": ""Point"", ""coordinates"": [-79.74860296073108, 36.08508710423552]}";Black;Greensboro;Travel Lane;2;0;Urban (>70% Developed);Male;Passenger Car;0;#NULL!;0;0;Black;No;0;50-59;Motorist Overtaking - Other / Unknown;None;No;No;Unknown;0;Urban;No;12JUN2012;0;0:50;Male;No;Residential;C: Possible Injury;Yes;O: No Injury;2655;June;0;Straight - Level;Piedmont;With Traffic;No Control Present;Tuesday;Non-Intersection;51;0;Two-Way, Not Divided;2 lanes;0;#NULL!;#NULL!;Smooth Asphalt;#NULL!;No Special Feature;Motorist Overtaking Bicyclist;Local Street;C: Possible Injury;Guilford;20;Other;#NULL!;0-5 mph;30 - 35  MPH;2012;Dark - Lighted Roadway;20-24
34.5931968057, -79.119602693;"{""type"": ""Point"", ""coordinates"": [-79.11960269299992, 34.59319680567975]}";Black;Lumberton;Travel Lane;2;12;Rural (<30% Developed);Male;Passenger Car;0;#NULL!;0;0;Native American;No;0;50-59;Motorist Overtaking - Bicyclist Swerved;None;No;No;Dry;0;Urban;No;06NOV2012;0;12:30;Female;No;Farms, Woods, Pastures;C: Possible Injury;Yes;O: No Injury;2658;November;0;Straight - Level;Coastal;With Traffic;Double Yellow Line, No Passing Zone;Tuesday;Non-Intersection;52;0;Two-Way, Not Divided;2 lanes;0;#NULL!;#NULL!;Coarse Asphalt;#NULL!;No Special Feature;Motorist Overtaking Bicyclist;Local Street;C: Possible Injury;Robeson;70+;Clear;#NULL!;41-45 mph;50 - 55  MPH;2012;Daylight;70+
34.6202268154, -79.0086026608;"{""type"": ""Point"", ""coordinates"": [-79.00860266076275, 34.62022681535901]}";Unknown/Missing;Lumberton;Travel Lane;2;17;Urban (>70% Developed);Unknown;Sport Utility;0;#NULL!;0;0;White;No;0;Unknown;Bicyclist Ride Through - Sign-Controlled Intersection;None;No;Missing;Dry;0;Urban;No;20OCT2012;0;17:18;Female;No;Commercial;O: No Injury;No;O: No Injury;2663;October;0;Straight - Level;Coastal;Facing Traffic;No Control Present;Saturday;Intersection;Unknown;0;Two-Way, Not Divided;4 lanes;0;#NULL!;#NULL!;Concrete;#NULL!;No Special Feature;Bicyclist Failed to Yield - Sign-Controlled Intersection;Local Street;Unknown Injury;Robeson;62;Clear;#NULL!;11-15 mph;20 - 25  MPH;2012;Daylight;60-69
35.8324170887, -78.6911026271;"{""type"": ""Point"", ""coordinates"": [-78.69110262705316, 35.83241708867742]}";White;Raleigh;Travel Lane;2;16;Urban (>70% Developed);Male;Unknown;0;#NULL!;0;0;Unknown/Missing;No;0;50-59;Motorist Overtaking - Other / Unknown;None;No;No;Dry;0;Urban;Yes;24NOV2012;0;16:02;Unknown;Missing;Residential;B: Evident Injury;Yes;Unknown Injury;2664;November;0;Straight - Level;Piedmont;With Traffic;No Control Present;Saturday;Non-Intersection;55;0;Two-Way, Not Divided;2 lanes;0;#NULL!;#NULL!;Smooth Asphalt;#NULL!;No Special Feature;Motorist Overtaking Bicyclist;Local Street;B: Evident Injury;Wake;Unknown;Clear;#NULL!;31-35 mph;30 - 35  MPH;2012;Daylight;Unknown
36.0653270977, -79.812702979;"{""type"": ""Point"", ""coordinates"": [-79.81270297901776, 36.0653270976923]}";White;Greensboro;Bike Lane / Paved Shoulder;2;13;Urban (>70% Developed);Female;Van;0;#NULL!;0;0;White;No;0;16-19;Motorist Left Turn - Opposite Direction;None;No;No;Dry;0;Urban;No;06NOV2012;0;13:52;Male;No;Institutional;O: No Injury;No;O: No Injury;2668;November;0;Straight - Level;Piedmont;With Traffic;Stop And Go Signal;Tuesday;Intersection;19;0;Two-Way, Not Divided;2 lanes;0;#NULL!;#NULL!;Smooth Asphalt;#NULL!;Four-Way Intersection;Motorist Left Turn / Merge;Local Street;Unknown Injury;Guilford;49;Clear;#NULL!;0-5 mph;20 - 25  MPH;2012;Daylight;40-49
36.1821171532, -78.9761027332;"{""type"": ""Point"", ""coordinates"": [-78.97610273322447, 36.18211715322149]}";White;None - Rural Crash;Travel Lane;2;15;Rural (<30% Developed);Male;Passenger Car;0;#NULL!;0;0;White;No;0;60-69;Bicyclist Left Turn - Same Direction;None;No;No;Dry;0;Rural;No;23NOV2012;0;15:01;Female;No;Farms, Woods, Pastures;B: Evident Injury;Yes;O: No Injury;2671;November;0;Straight - Grade;Piedmont;With Traffic;Double Yellow Line, No Passing Zone;Friday;Intersection;62;0;Two-Way, Not Divided;2 lanes;0;#NULL!;#NULL!;Coarse Asphalt;#NULL!;T-Intersection;Bicyclist Left Turn / Merge;State Secondary Route;B: Evident Injury;Orange;48;Clear;#NULL!;36-40 mph;40 - 45  MPH;2012;Daylight;40-49
36.1303471099, -79.8572029961;"{""type"": ""Point"", ""coordinates"": [-79.85720299609962, 36.1303471098864]}";White;Greensboro;Sidewalk / Crosswalk / Driveway Crossing;2;13;Urban (>70% Developed);Female;Passenger Car;0;#NULL!;0;0;White;No;0;20-24;Motorist Drive Out - Commercial Driveway / Alley;None;No;No;Dry;0;Urban;No;01DEC2012;0;13:02;Female;No;Commercial;B: Evident Injury;Yes;O: No Injury;2678;December;0;Straight - Bottom;Piedmont;Not Applicable;Stop Sign;Saturday;Non-Intersection;23;0;Two-Way, Divided, Unprotected Median;Unknown;0;#NULL!;#NULL!;Smooth Asphalt;#NULL!;Related To Intersection;Motorist Failed to Yield - Midblock;Local Street;B: Evident Injury;Guilford;48;Clear;#NULL!;0-5 mph;5 - 15 MPH;2012;Daylight;40-49
35.157116865, -80.8970032539;"{""type"": ""Point"", ""coordinates"": [-80.8970032539187, 35.157116865046454]}";White;Charlotte;Travel Lane;2;8;Urban (>70% Developed);Male;Unknown;0;#NULL!;0;0;Unknown/Missing;No;0;40-49;Motorist Drive Through - Sign-Controlled Intersection;None;No;No;Dry;0;Urban;Yes;24OCT2012;0;8:46;Unknown;Missing;Residential;B: Evident Injury;Yes;Unknown Injury;2683;October;0;Straight - Level;Piedmont;With Traffic;Stop Sign;Wednesday;Intersection;48;0;Two-Way, Not Divided;2 lanes;0;#NULL!;#NULL!;Concrete;#NULL!;No Special Feature;Motorist Failed to Yield - Sign-Controlled Intersection;Local Street;B: Evident Injury;Mecklenburg;Unknown;Clear;#NULL!;16-20 mph;30 - 35  MPH;2012;Daylight;Unknown
35.1863068773, -80.7443032098;"{""type"": ""Point"", ""coordinates"": [-80.74430320983919, 35.18630687728295]}";Hispanic;Charlotte;Sidewalk / Crosswalk / Driveway Crossing;2;9;Urban (>70% Developed);Male;Passenger Car;0;#NULL!;0;0;White;No;0;30-39;Motorist Drive Out - Residential Driveway;None;No;No;Dry;0;Urban;No;12DEC2012;0;9:11;Male;No;Residential;B: Evident Injury;Yes;O: No Injury;2707;December;0;Straight - Level;Piedmont;Facing Traffic;Stop Sign;Wednesday;Non-Intersection;35;0;Two-Way, Divided, Unprotected Median;2 lanes;0;#NULL!;#NULL!;Concrete;#NULL!;Driveway, Public;Motorist Failed to Yield - Midblock;Local Street;O: No Injury;Mecklenburg;49;Cloudy;#NULL!;0-5 mph;20 - 25  MPH;2012;Daylight;40-49
35.9143470969, -78.9610027137;"{""type"": ""Point"", ""coordinates"": [-78.96100271372654, 35.914347096927784]}";Black;Durham;Travel Lane;2;15;Urban (>70% Developed);Female;Pickup;0;#NULL!;0;0;White;No;0;11-15;Bicyclist Turning Error - Left Turn;None;No;No;Dry;0;Urban;No;10DEC2012;0;15:09;Male;No;Residential;K: Killed;Yes;O: No Injury;2708;December;0;Straight - Hillcrest;Piedmont;Facing Traffic;Stop Sign;Monday;Intersection;12;0;Two-Way, Not Divided;3 lanes;0;#NULL!;#NULL!;Smooth Asphalt;#NULL!;Four-Way Intersection;Loss of Control / Turning Error;NC Route;K: Killed;Durham;59;Cloudy;#NULL!;41-45 mph;40 - 45  MPH;2012;Daylight;50-59
36.2258972439, -76.6610020285;"{""type"": ""Point"", ""coordinates"": [-76.66100202854751, 36.22589724389311]}";Black;None - Rural Crash;Travel Lane;2;16;Rural (<30% Developed);Male;Tractor/Semi-Trailer;0;#NULL!;0;0;White;No;0;60-69;Motorist Overtaking - Other / Unknown;None;No;No;Dry;0;Rural;No;03DEC2012;0;16:32;Male;No;Farms, Woods, Pastures;B: Evident Injury;Yes;O: No Injury;2715;December;0;Curve - Level;Coastal;With Traffic;No Control Present;Monday;Non-Intersection;64;0;Two-Way, Not Divided;2 lanes;0;#NULL!;#NULL!;Smooth Asphalt;#NULL!;No Special Feature;Motorist Overtaking Bicyclist;State Secondary Route;B: Evident Injury;Chowan;28;Clear;#NULL!;26-30 mph;50 - 55  MPH;2012;Daylight;25-29
35.7285270934, -77.9284023909;"{""type"": ""Point"", ""coordinates"": [-77.92840239090908, 35.72852709344079]}";Black;Wilson;Travel Lane;2;12;Urban (>70% Developed);Male;Other Bus;0;#NULL!;0;0;Black;No;0;20-24;Motorist Drive Out - Sign-Controlled Intersection;None;No;No;Dry;0;Urban;No;07NOV2012;0;12:01;Female;No;Residential;C: Possible Injury;Yes;O: No Injury;2716;November;0;Straight - Level;Coastal;With Traffic;Yield Sign;Wednesday;Intersection-Related;20;0;Two-Way, Not Divided;2 lanes;0;#NULL!;#NULL!;Coarse Asphalt;#NULL!;T-Intersection;Motorist Failed to Yield - Sign-Controlled Intersection;Local Street;C: Possible Injury;Wilson;40;Clear;#NULL!;6-10 mph;30 - 35  MPH;2012;Daylight;40-49
36.031287234, -75.6715017148;"{""type"": ""Point"", ""coordinates"": [-75.67150171482021, 36.03128723397964]}";Black;Kill Devil Hills;Non-Roadway;2;16;Urban (>70% Developed);Male;Passenger Car;0;#NULL!;0;0;White;No;0;20-24;Bicyclist Ride Out - Other Midblock;None;No;No;Dry;0;Urban;No;20NOV2012;0;16:18;Female;No;Commercial;B: Evident Injury;Yes;C: Possible Injury;2720;November;0;Straight - Level;Coastal;Not Applicable;No Control Present;Tuesday;Non-Intersection;24;0;Two-Way, Not Divided;5 lanes;0;#NULL!;#NULL!;Coarse Asphalt;#NULL!;No Special Feature;Bicyclist Failed to Yield - Midblock;US Route;B: Evident Injury;Dare;27;Cloudy;#NULL!;46-50 mph;50 - 55  MPH;2012;Daylight;25-29
35.3514068706, -81.8710035545;"{""type"": ""Point"", ""coordinates"": [-81.8710035544652, 35.35140687064561]}";Black;None - Rural Crash;Travel Lane;2;13;Mixed (30% To 70% Developed);Male;Passenger Car;0;#NULL!;0;0;Unknown/Missing;No;0;16-19;Motorist Overtaking - Other / Unknown;None;No;No;Dry;0;Rural;Yes;14DEC2012;0;13:15;Unknown;Missing;Residential;C: Possible Injury;Yes;Unknown Injury;2722;December;0;Straight - Level;Mountains;With Traffic;No Control Present;Friday;Intersection;18;0;Two-Way, Not Divided;2 lanes;0;#NULL!;#NULL!;Smooth Asphalt;#NULL!;Four-Way Intersection;Motorist Overtaking Bicyclist;State Secondary Route;C: Possible Injury;Rutherford;Unknown;Clear;#NULL!;16-20 mph;50 - 55  MPH;2012;Daylight;Unknown
34.2323867674, -77.8832023031;"{""type"": ""Point"", ""coordinates"": [-77.8832023031215, 34.23238676736177]}";White;Wilmington;Travel Lane;2;7;Urban (>70% Developed);Male;Passenger Car;0;#NULL!;0;0;White;No;0;50-59;Motorist Drive Out - Sign-Controlled Intersection;None;No;No;Dry;0;Urban;No;03DEC2012;0;7:06;Male;No;Commercial;C: Possible Injury;Yes;O: No Injury;2724;December;0;Straight - Level;Coastal;With Traffic;Stop Sign;Monday;Intersection;59;0;Two-Way, Not Divided;3 lanes;0;#NULL!;#NULL!;Coarse Asphalt;#NULL!;No Special Feature;Motorist Failed to Yield - Sign-Controlled Intersection;Local Street;C: Possible Injury;New Hanover;31;Clear;#NULL!;0-5 mph;20 - 25  MPH;2012;Daylight;30-39
35.0303469094, -78.8947026473;"{""type"": ""Point"", ""coordinates"": [-78.89470264727713, 35.03034690942729]}";Black;Fayetteville;Non-Roadway;2;9;Urban (>70% Developed);Male;Passenger Car;0;#NULL!;0;0;White;No;0;50-59;Bicyclist Ride Out - Other Midblock;None;No;No;Dry;0;Urban;No;01DEC2012;0;9:55;Male;No;Commercial;B: Evident Injury;Yes;O: No Injury;2728;December;0;Straight - Hillcrest;Coastal;Not Applicable;No Control Present;Saturday;Non-Intersection;54;0;Two-Way, Divided, Unprotected Median;3 lanes;0;#NULL!;#NULL!;Smooth Asphalt;#NULL!;No Special Feature;Bicyclist Failed to Yield - Midblock;Local Street;B: Evident Injury;Cumberland;70+;Clear;#NULL!;36-40 mph;30 - 35  MPH;2012;Daylight;70+
35.9123270009, -81.5429034889;"{""type"": ""Point"", ""coordinates"": [-81.542903488857, 35.91232700088357]}";Asian;Lenoir;Travel Lane;2;20;Urban (>70% Developed);Male;Sport Utility;0;#NULL!;0;0;Black;No;0;11-15;Bicyclist Ride Out - Signalized  Intersection;None;No;No;Dry;0;Urban;No;23DEC2012;0;20:38;Female;No;Commercial;C: Possible Injury;Yes;O: No Injury;2733;December;0;Straight - Level;Mountains;With Traffic;Stop And Go Signal;Sunday;Intersection;12;0;One-Way, Not Divided;2 lanes;0;#NULL!;#NULL!;Coarse Asphalt;#NULL!;No Special Feature;Bicyclist Failed to Yield - Signalized Intersection;Local Street;C: Possible Injury;Caldwell;50;Clear;#NULL!;6-10 mph;20 - 25  MPH;2012;Dark - Lighted Roadway;50-59
36.10043709, -80.224003105;"{""type"": ""Point"", ""coordinates"": [-80.2240031050419, 36.10043708998056]}";White;Winston-Salem;Sidewalk / Crosswalk / Driveway Crossing;2;23;Urban (>70% Developed);Male;Unknown;0;#NULL!;0;0;Unknown/Missing;No;0;30-39;Motorist Drive Out - Sign-Controlled Intersection;None;No;No;Dry;0;Urban;Yes;10DEC2012;0;23:05;Unknown;No;Residential;C: Possible Injury;Yes;Unknown Injury;2745;December;0;Straight - Level;Piedmont;Facing Traffic;Stop Sign;Monday;Intersection;36;0;Two-Way, Not Divided;4 lanes;0;#NULL!;#NULL!;Smooth Asphalt;#NULL!;T-Intersection;Motorist Failed to Yield - Sign-Controlled Intersection;Local Street;C: Possible Injury;Forsyth;Unknown;Cloudy;#NULL!;0-5 mph;30 - 35  MPH;2012;Dark - Lighted Roadway;Unknown
34.226286765, -77.9343023175;"{""type"": ""Point"", ""coordinates"": [-77.93430231745052, 34.226286764970055]}";Black;Wilmington;Travel Lane;2;17;Urban (>70% Developed);Male;Passenger Car;0;#NULL!;0;0;Black;No;0;16-19;Bicyclist Ride Through - Sign-Controlled Intersection;None;No;No;Dry;0;Urban;No;14DEC2012;0;17:34;Female;No;Residential;C: Possible Injury;No;O: No Injury;2748;December;0;Straight - Level;Coastal;With Traffic;Stop Sign;Friday;Intersection;16;0;Two-Way, Not Divided;2 lanes;0;#NULL!;#NULL!;Coarse Asphalt;#NULL!;Four-Way Intersection;Bicyclist Failed to Yield - Sign-Controlled Intersection;Local Street;C: Possible Injury;New Hanover;42;Clear;#NULL!;11-15 mph;30 - 35  MPH;2012;Dark - Lighted Roadway;40-49
36.0695970828, -80.2391031077;"{""type"": ""Point"", ""coordinates"": [-80.23910310770249, 36.06959708280417]}";Black;Winston-Salem;Unknown;2;17;Urban (>70% Developed);Male;Light Truck (Mini-Van, Panel);0;#NULL!;0;0;White;No;0;30-39;Bicyclist Ride Out - Signalized  Intersection;None;No;No;Dry;0;Urban;No;21DEC2012;0;17:14;Female;No;Residential;B: Evident Injury;Yes;O: No Injury;2750;December;0;Straight - Level;Piedmont;Facing Traffic;Stop And Go Signal;Friday;Intersection-Related;36;0;Two-Way, Not Divided;2 lanes;0;#NULL!;#NULL!;Smooth Asphalt;#NULL!;Related To Intersection;Bicyclist Failed to Yield - Signalized Intersection;Local Street;B: Evident Injury;Forsyth;34;Clear;#NULL!;26-30 mph;30 - 35  MPH;2012;Daylight;30-39
35.9313671406, -77.8165023673;"{""type"": ""Point"", ""coordinates"": [-77.81650236729942, 35.931367140631124]}";Black;Rocky Mount;Travel Lane;2;10;Urban (>70% Developed);Male;Pickup;0;#NULL!;0;0;Black;No;0;30-39;Bicyclist Overtaking - Parked Vehicle;None;No;No;Dry;0;Urban;No;16DEC2012;0;10:15;Male;No;Residential;C: Possible Injury;Yes;O: No Injury;2751;December;0;Straight - Level;Coastal;With Traffic;No Control Present;Sunday;Intersection-Related;38;0;Two-Way, Not Divided;2 lanes;0;#NULL!;#NULL!;Smooth Asphalt;#NULL!;No Special Feature;Bicyclist Overtaking Motorist;Local Street;C: Possible Injury;Nash;51;Cloudy;#NULL!;Unknown;30 - 35  MPH;2012;Daylight;50-59
35.3040769775, -78.6273025807;"{""type"": ""Point"", ""coordinates"": [-78.62730258068933, 35.30407697754406]}";Unknown/Missing;Dunn;Travel Lane;2;19;Mixed (30% To 70% Developed);Male;Passenger Car;0;#NULL!;0;0;Black;No;0;60-69;Motorist Overtaking - Undetected Bicyclist;None;No;No;Dry;0;Urban;No;26OCT2012;0;19:15;Male;No;Residential;O: No Injury;No;O: No Injury;2755;October;0;Straight - Level;Coastal;With Traffic;No Control Present;Friday;Non-Intersection;63;0;Two-Way, Not Divided;2 lanes;0;#NULL!;#NULL!;Coarse Asphalt;#NULL!;No Special Feature;Motorist Overtaking Bicyclist;Local Street;Unknown Injury;Harnett;70+;Clear;#NULL!;31-35 mph;30 - 35  MPH;2012;Dark - Roadway Not Lighted;70+
34.2242467665, -77.8741022994;"{""type"": ""Point"", ""coordinates"": [-77.8741022994243, 34.2242467664584]}";White;Wilmington;Sidewalk / Crosswalk / Driveway Crossing;2;14;Urban (>70% Developed);Male;Passenger Car;0;#NULL!;0;0;Black;No;0;16-19;Crossing Paths - Uncontrolled Intersection;None;No;No;Dry;0;Urban;No;26SEP2012;0;14:04;Male;No;Commercial;O: No Injury;No;O: No Injury;2760;September;0;Straight - Level;Coastal;With Traffic;No Control Present;Wednesday;Intersection-Related;18;0;Two-Way, Divided, Unprotected Median;2 lanes;0;#NULL!;#NULL!;Smooth Asphalt;#NULL!;No Special Feature;Crossing Paths - Other Circumstances;Local Street;O: No Injury;New Hanover;20;Clear;#NULL!;6-10 mph;20 - 25  MPH;2012;Daylight;20-24
35.922087095, -79.0517027419;"{""type"": ""Point"", ""coordinates"": [-79.05170274194364, 35.92208709496409]}";White;Chapel Hill;Travel Lane;2;13;Urban (>70% Developed);Female;Passenger Car;0;#NULL!;0;0;White;No;0;25-29;Motorist Drive Out - Residential Driveway;None;No;No;Dry;0;Urban;No;11DEC2012;0;13:30;Male;No;Farms, Woods, Pastures;C: Possible Injury;No;O: No Injury;2761;December;0;Straight - Grade;Piedmont;With Traffic;Double Yellow Line, No Passing Zone;Tuesday;Non-Intersection;27;0;Two-Way, Not Divided;2 lanes;0;#NULL!;#NULL!;Smooth Asphalt;#NULL!;No Special Feature;Motorist Failed to Yield - Midblock;Local Street;C: Possible Injury;Orange;21;Clear;#NULL!;0-5 mph;20 - 25  MPH;2012;Daylight;20-24
35.8525270533, -79.7944029617;"{""type"": ""Point"", ""coordinates"": [-79.79440296170203, 35.85252705334843]}";White;None - Rural Crash;Non-Roadway;2;12;Rural (<30% Developed);Female;Passenger Car;0;#NULL!;0;0;White;No;0;11-15;Bicyclist Ride Out - Other Midblock;None;No;No;Dry;0;Rural;No;30JAN2011;0;12:42;Female;No;Residential;B: Evident Injury;Yes;O: No Injury;2780;January;0;Straight - Level;Piedmont;Not Applicable;No Control Present;Sunday;Non-Intersection;12;0;Two-Way, Not Divided;2 lanes;0;#NULL!;#NULL!;Smooth Asphalt;#NULL!;No Special Feature;Bicyclist Failed to Yield - Midblock;State Secondary Route;B: Evident Injury;Randolph;33;Clear;#NULL!;21-25 mph;30 - 35  MPH;2011;Daylight;30-39
36.0757870971, -79.8939030037;"{""type"": ""Point"", ""coordinates"": [-79.89390300373623, 36.07578709705744]}";White;Greensboro;Sidewalk / Crosswalk / Driveway Crossing;2;13;Urban (>70% Developed);Male;Passenger Car;0;#NULL!;0;0;Black;No;0;50-59;Sign-Controlled Intersection - Other / Unknown;No Shoulders;No;No;Dry;0;Urban;No;28JAN2011;0;13:07;Male;No;Residential;C: Possible Injury;Yes;O: No Injury;2787;January;0;Straight - Hillcrest;Piedmont;Facing Traffic;Stop Sign;Friday;Intersection;51;0;Two-Way, Not Divided;2 lanes;0;#NULL!;#NULL!;Smooth Asphalt;#NULL!;T-Intersection;Crossing Paths - Other Circumstances;Public Vehicular Area;C: Possible Injury;Guilford;21;Clear;#NULL!;6-10 mph;Unknown;2011;Daylight;20-24
34.5652868021, -79.0574026733;"{""type"": ""Point"", ""coordinates"": [-79.05740267332493, 34.56528680213155]}";Native American;None - Rural Crash;Travel Lane;2;18;Rural (<30% Developed);Male;EMS Vehicle, Ambulance, Rescue Squad;0;#NULL!;0;0;White;No;0;40-49;Head-On - Bicyclist;None;Yes;Yes;Dry;0;Rural;No;11FEB2011;0;18:45;Male;No;Farms, Woods, Pastures;O: No Injury;No;O: No Injury;2796;February;0;Straight - Level;Coastal;Facing Traffic;No Control Present;Friday;Non-Intersection;49;0;Two-Way, Not Divided;2 lanes;0;#NULL!;#NULL!;Coarse Asphalt;#NULL!;No Special Feature;Head-On;NC Route;O: No Injury;Robeson;70+;Clear;#NULL!;51-55 mph;50 - 55  MPH;2011;Dark - Roadway Not Lighted;70+
35.3665070145, -77.9337023736;"{""type"": ""Point"", ""coordinates"": [-77.93370237355438, 35.36650701446738]}";Hispanic;Goldsboro;Bike Lane / Paved Shoulder;2;6;Urban (>70% Developed);Male;Unknown;0;#NULL!;0;0;Unknown/Missing;No;0;30-39;Motorist Overtaking - Other / Unknown;None;No;No;Wet;0;Urban;Yes;04FEB2011;0;6:46;Unknown;Missing;Commercial;C: Possible Injury;No;Unknown Injury;2803;February;0;Straight - Level;Coastal;With Traffic;Double Yellow Line, No Passing Zone;Friday;Non-Intersection;33;0;Two-Way, Not Divided;2 lanes;0;#NULL!;#NULL!;Coarse Asphalt;#NULL!;No Special Feature;Motorist Overtaking Bicyclist;Local Street;C: Possible Injury;Wayne;Unknown;Rain;#NULL!;31-35 mph;40 - 45  MPH;2011;Dark - Lighted Roadway;Unknown
35.8602871149, -78.1347024598;"{""type"": ""Point"", ""coordinates"": [-78.13470245976235, 35.86028711492363]}";White;None - Rural Crash;Travel Lane;2;10;Rural (<30% Developed);Male;Pickup;0;#NULL!;0;0;White;No;0;50-59;Motorist Overtaking - Other / Unknown;None;No;No;Dry;0;Rural;No;19FEB2011;0;10:57;Male;No;Farms, Woods, Pastures;B: Evident Injury;Yes;O: No Injury;2809;February;0;Straight - Grade;Coastal;With Traffic;Double Yellow Line, No Passing Zone;Saturday;Non-Intersection;53;0;Two-Way, Not Divided;2 lanes;0;#NULL!;#NULL!;Coarse Asphalt;#NULL!;No Special Feature;Motorist Overtaking Bicyclist;NC Route;B: Evident Injury;Nash;55;Clear;#NULL!;51-55 mph;50 - 55  MPH;2011;Daylight;50-59