Geo Point;Geo Shape;BikeRace;City;BikePos;NumUnits;CrashHour;Locality;BikeSex;DrvrVehTyp;NumBikesNo;BikeAlcDrg;NumBikesBI;RteInvdCd;DrvrRace;Workzone;NumBikesCi;BikeAgeGrp;CrashType;RdDefects;CrashAlcoh;BikeAlcoho;RdConditio;DstncMiFrm;RuralUrban;HitRun;CrashDate;NumBikesUI;CrashTime;DrvrSex;DrvrAlcoho;Developmen;CrashSevr;AmbulanceR;DrvrInjury;OBJECTID;CrashMonth;NumBikesKi;RdCharacte;Region;BikeDir;TraffCntrl;CrashDay;CrashLoc;BikeAge;NumBikesTo;RdConfig;NumLanes;NumBikesAI;DrvrAlcDrg;OnRoad;RdSurface;Towrd_Rd;RdFeature;CrashGrp;RdClass;BikeInjury;County;DrvrAge;Weather;FrmRd;DrvrEstSpd;SpeedLimit;CrashYear;LightCond;DrvrAgeGrp
35.8222270411, -79.9503030072;"{""type"": ""Point"", ""coordinates"": [-79.95030300722921, 35.82222704111593]}";White;None - Rural Crash;Travel Lane;2;15;Rural (<30% Developed);Male;Passenger Car;0;#NULL!;0;0;White;No;0;30-39;Motorist Overtaking - Other / Unknown;None;No;No;Dry;0;Rural;No;17FEB2011;0;15:01;Male;No;Residential;O: No Injury;No;O: No Injury;2811;February;0;Straight - Grade;Piedmont;With Traffic;Double Yellow Line, No Passing Zone;Thursday;Non-Intersection;35;0;Two-Way, Not Divided;2 lanes;0;#NULL!;#NULL!;Smooth Asphalt;#NULL!;No Special Feature;Motorist Overtaking Bicyclist;State Secondary Route;O: No Injury;Randolph;70+;Clear;#NULL!;31-35 mph;40 - 45  MPH;2011;Daylight;70+
35.3425269311, -80.1817030508;"{""type"": ""Point"", ""coordinates"": [-80.18170305079366, 35.3425269311412]}";White;Albemarle;Travel Lane;2;19;Urban (>70% Developed);Female;Pickup;0;#NULL!;0;0;White;No;0;30-39;Motorist Overtaking - Undetected Bicyclist;None;No;No;Dry;0;Urban;No;16FEB2011;0;19:22;Male;No;Commercial;C: Possible Injury;Yes;O: No Injury;2816;February;0;Straight - Level;Piedmont;With Traffic;No Control Present;Wednesday;Non-Intersection;30;0;Two-Way, Not Divided;5 lanes;0;#NULL!;#NULL!;Smooth Asphalt;#NULL!;No Special Feature;Motorist Overtaking Bicyclist;NC Route;C: Possible Injury;Stanly;66;Clear;#NULL!;31-35 mph;40 - 45  MPH;2011;Dark - Roadway Not Lighted;60-69
34.2424067692, -77.8923023065;"{""type"": ""Point"", ""coordinates"": [-77.89230230651984, 34.24240676917749]}";Black;Wilmington;Travel Lane;2;17;Urban (>70% Developed);Male;Sport Utility;0;#NULL!;0;0;Black;No;0;Unknown;Bicyclist Ride Through - Signalized Intersection;None;No;No;Dry;0;Urban;No;08FEB2011;0;17:25;Male;No;Commercial;B: Evident Injury;Yes;Unknown Injury;2817;February;0;Straight - Level;Coastal;With Traffic;Stop And Go Signal;Tuesday;Intersection;Unknown;0;Two-Way, Not Divided;5 lanes;0;#NULL!;#NULL!;Coarse Asphalt;#NULL!;No Special Feature;Bicyclist Failed to Yield - Signalized Intersection;NC Route;B: Evident Injury;New Hanover;33;Clear;#NULL!;41-45 mph;40 - 45  MPH;2011;Daylight;30-39
34.2369367699, -77.828202286;"{""type"": ""Point"", ""coordinates"": [-77.8282022860028, 34.23693676992867]}";White;Wilmington;Sidewalk / Crosswalk / Driveway Crossing;3;14;Urban (>70% Developed);Female;Sport Utility;0;#NULL!;0;0;White;No;0;16-19;Motorist Drive Out - Commercial Driveway / Alley;None;No;No;Dry;0;Urban;No;18FEB2011;0;14:31;Male;No;Commercial;C: Possible Injury;Yes;O: No Injury;2826;February;0;Straight - Level;Coastal;Facing Traffic;Stop Sign;Friday;Non-Intersection;18;0;Two-Way, Not Divided;Unknown;0;#NULL!;#NULL!;Coarse Asphalt;#NULL!;Driveway, Public;Motorist Failed to Yield - Midblock;Public Vehicular Area;C: Possible Injury;New Hanover;23;Clear;#NULL!;0-5 mph;Unknown;2011;Daylight;20-24
35.9710071496, -77.8099023671;"{""type"": ""Point"", ""coordinates"": [-77.8099023670788, 35.97100714959008]}";Black;Rocky Mount;Non-Roadway;2;18;Urban (>70% Developed);Male;Pickup;0;#NULL!;0;0;White;No;0;50-59;Non-Roadway;None;Yes;Yes;Wet;0;Urban;No;25JAN2011;0;18:09;Male;No;Commercial;B: Evident Injury;Yes;O: No Injury;2831;January;0;Straight - Level;Coastal;Not Applicable;No Control Present;Tuesday;Non-Roadway;56;0;Two-Way, Not Divided;Unknown;0;#NULL!;#NULL!;Coarse Asphalt;#NULL!;Driveway, Public;Non-Roadway;Public Vehicular Area;B: Evident Injury;Nash;48;Cloudy;#NULL!;16-20 mph;5 - 15 MPH;2011;Dark - Lighted Roadway;40-49
35.7271870605, -78.8541026717;"{""type"": ""Point"", ""coordinates"": [-78.8541026716778, 35.72718706048167]}";White;Apex;Non-Roadway;2;6;Mixed (30% To 70% Developed);Male;Pickup;0;#NULL!;0;0;White;No;0;40-49;Motorist Left Turn - Opposite Direction;None;No;No;Dry;0;Urban;No;07MAR2011;0;6:38;Male;No;Commercial;B: Evident Injury;Yes;O: No Injury;2834;March;0;Straight - Grade;Piedmont;With Traffic;Stop And Go Signal;Monday;Intersection;49;0;One-Way, Not Divided;1 lane;0;#NULL!;#NULL!;Smooth Asphalt;#NULL!;Four-Way Intersection;Motorist Left Turn / Merge;US Route;B: Evident Injury;Wake;28;Clear;#NULL!;16-20 mph;50 - 55  MPH;2011;Daylight;25-29
34.957796909, -78.4286025032;"{""type"": ""Point"", ""coordinates"": [-78.42860250321802, 34.95779690904133]}";Unknown/Missing;None - Rural Crash;Travel Lane;2;15;Rural (<30% Developed);Unknown;Unknown;0;#NULL!;0;0;Unknown/Missing;No;0;Unknown;Bicyclist Left Turn - Same Direction;None;No;Missing;Dry;0;Rural;No;08MAR2011;0;15:32;Unknown;Missing;Farms, Woods, Pastures;C: Possible Injury;No;Unknown Injury;2837;March;0;Straight - Level;Coastal;With Traffic;Double Yellow Line, No Passing Zone;Tuesday;Non-Intersection;Unknown;0;Two-Way, Not Divided;2 lanes;0;#NULL!;#NULL!;Coarse Asphalt;#NULL!;No Special Feature;Bicyclist Left Turn / Merge;State Secondary Route;Unknown Injury;Sampson;Unknown;Clear;#NULL!;Unknown;Unknown;2011;Daylight;Unknown
35.9450071452, -77.7824023571;"{""type"": ""Point"", ""coordinates"": [-77.78240235705199, 35.9450071452211]}";Black;Rocky Mount;Travel Lane;2;7;Urban (>70% Developed);Male;Pickup;0;#NULL!;0;0;Black;No;0;25-29;Head-On - Bicyclist;None;No;No;Dry;0;Urban;No;15FEB2011;0;7:50;Male;No;Residential;A: Disabling Injury;Yes;O: No Injury;2838;February;0;Straight - Level;Coastal;Facing Traffic;Stop Sign;Tuesday;Intersection;27;0;Two-Way, Not Divided;2 lanes;0;#NULL!;#NULL!;Coarse Asphalt;#NULL!;T-Intersection;Head-On;Local Street;A: Disabling Injury;Edgecombe;42;Clear;#NULL!;11-15 mph;30 - 35  MPH;2011;Daylight;40-49
36.0638170976, -79.8220029816;"{""type"": ""Point"", ""coordinates"": [-79.82200298157946, 36.06381709755334]}";White;Greensboro;Bike Lane / Paved Shoulder;2;9;Urban (>70% Developed);Male;Commercial Bus;0;#NULL!;0;0;Black;No;0;16-19;Bicyclist Overtaking - Other / Unknown;None;No;No;Dry;0;Urban;No;18FEB2011;0;9:58;Male;No;Commercial;B: Evident Injury;Yes;O: No Injury;2840;February;0;Straight - Level;Piedmont;With Traffic;No Control Present;Friday;Non-Intersection;19;0;Two-Way, Not Divided;2 lanes;0;#NULL!;#NULL!;Smooth Asphalt;#NULL!;No Special Feature;Bicyclist Overtaking Motorist;Local Street;B: Evident Injury;Guilford;38;Cloudy;#NULL!;Unknown;30 - 35  MPH;2011;Daylight;30-39
35.2836970093, -77.5806022624;"{""type"": ""Point"", ""coordinates"": [-77.5806022623566, 35.28369700927797]}";Black;Kinston;Travel Lane;2;20;Urban (>70% Developed);Male;Unknown;0;#NULL!;0;0;Unknown/Missing;No;0;Unknown;Motorist Drive Out - Signalized Intersection;None;No;No;Dry;0;Urban;Yes;03FEB2011;0;20:09;Unknown;No;Commercial;B: Evident Injury;No;Unknown Injury;2841;February;0;Straight - Level;Coastal;With Traffic;Stop And Go Signal;Thursday;Intersection;Unknown;0;Two-Way, Not Divided;4 lanes;0;#NULL!;#NULL!;Coarse Asphalt;#NULL!;T-Intersection;Motorist Failed to Yield - Signalized Intersection;NC Route;B: Evident Injury;Lenoir;Unknown;Clear;#NULL!;Unknown;30 - 35  MPH;2011;Dark - Lighted Roadway;Unknown
34.1637867523, -77.8915023019;"{""type"": ""Point"", ""coordinates"": [-77.89150230194682, 34.16378675226749]}";White;None - Rural Crash;Travel Lane;2;13;Mixed (30% To 70% Developed);Male;Van;0;#NULL!;0;0;White;No;0;60-69;Motorist Drive Out - Sign-Controlled Intersection;None;No;No;Dry;0;Rural;No;09MAR2011;0;13:55;Female;No;Commercial;B: Evident Injury;No;O: No Injury;2842;March;0;Straight - Level;Coastal;With Traffic;Stop Sign;Wednesday;Intersection;68;0;Two-Way, Divided, Unprotected Median;4 lanes;0;#NULL!;#NULL!;Coarse Asphalt;#NULL!;T-Intersection;Motorist Failed to Yield - Sign-Controlled Intersection;NC Route;B: Evident Injury;New Hanover;61;Clear;#NULL!;6-10 mph;30 - 35  MPH;2011;Daylight;60-69
35.6749269905, -80.4935031625;"{""type"": ""Point"", ""coordinates"": [-80.49350316250627, 35.67492699054578]}";Black;Salisbury;Travel Lane;2;19;Urban (>70% Developed);Male;Pickup;0;#NULL!;0;0;Black;No;0;0-5;Play Vehicle-Related;None;No;No;Dry;0;Urban;No;17MAR2011;0;19:36;Female;No;Residential;C: Possible Injury;No;O: No Injury;2852;March;0;Straight - Level;Piedmont;Not Applicable;No Control Present;Thursday;Non-Intersection;2;0;Two-Way, Not Divided;2 lanes;0;#NULL!;#NULL!;Smooth Asphalt;#NULL!;No Special Feature;Other / Unusual Circumstances;Local Street;C: Possible Injury;Rowan;66;Clear;#NULL!;0-5 mph;30 - 35  MPH;2011;Dusk;60-69
35.3327969592, -79.3287027937;"{""type"": ""Point"", ""coordinates"": [-79.32870279371939, 35.33279695919175]}";White;None - Rural Crash;Bike Lane / Paved Shoulder;2;10;Rural (<30% Developed);Male;Pickup;0;#NULL!;0;0;Unknown/Missing;No;0;16-19;Motorist Overtaking - Other / Unknown;None;No;No;Dry;0;Rural;Yes;22MAR2011;0;10:15;Unknown;No;Farms, Woods, Pastures;C: Possible Injury;Yes;Unknown Injury;2860;March;0;Straight - Grade;Piedmont;With Traffic;No Control Present;Tuesday;Non-Intersection;16;0;Two-Way, Not Divided;2 lanes;0;#NULL!;#NULL!;Coarse Asphalt;#NULL!;No Special Feature;Motorist Overtaking Bicyclist;State Secondary Route;C: Possible Injury;Moore;Unknown;Clear;#NULL!;31-35 mph;50 - 55  MPH;2011;Daylight;Unknown
35.6502470609, -78.3842025252;"{""type"": ""Point"", ""coordinates"": [-78.38420252524575, 35.65024706092784]}";Hispanic;None - Rural Crash;Travel Lane;2;17;Mixed (30% To 70% Developed);Male;Passenger Car;0;#NULL!;0;0;White;No;0;6-10;Bicyclist Ride Through - Sign-Controlled Intersection;None;No;No;Dry;0;Rural;No;23MAR2011;0;17:27;Female;No;Residential;C: Possible Injury;Yes;O: No Injury;2861;March;0;Straight - Level;Coastal;With Traffic;Stop Sign;Wednesday;Intersection;7;0;One-Way, Not Divided;1 lane;0;#NULL!;#NULL!;Smooth Asphalt;#NULL!;No Special Feature;Bicyclist Failed to Yield - Sign-Controlled Intersection;State Secondary Route;C: Possible Injury;Johnston;58;Clear;#NULL!;0-5 mph;5 - 15 MPH;2011;Daylight;50-59
35.5594670759, -77.3654022102;"{""type"": ""Point"", ""coordinates"": [-77.36540221015794, 35.559467075940304]}";White;Greenville;Bike Lane / Paved Shoulder;2;12;Urban (>70% Developed);Male;Passenger Car;0;#NULL!;0;0;White;No;0;20-24;Bicyclist Failed to Clear - Trapped;Other;No;No;Dry;0;Urban;No;23FEB2011;0;12:33;Female;No;Residential;O: No Injury;No;O: No Injury;2865;February;0;Straight - Level;Coastal;With Traffic;Stop And Go Signal;Wednesday;Intersection;20;0;Two-Way, Divided, Positive Median Barrier;2 lanes;0;#NULL!;#NULL!;Coarse Asphalt;#NULL!;Driveway, Private;Bicyclist Failed to Yield - Signalized Intersection;Private Road, Driveway;O: No Injury;Pitt;27;Clear;#NULL!;0-5 mph;5 - 15 MPH;2011;Daylight;25-29
35.2264168822, -80.8442032424;"{""type"": ""Point"", ""coordinates"": [-80.84420324244294, 35.22641688222637]}";Black;Charlotte;Travel Lane;2;15;Urban (>70% Developed);Male;Passenger Car;0;#NULL!;0;0;Black;No;0;20-24;Motorist Turn / Merge - Other / Unknown;None;No;No;Dry;0;Urban;No;21MAR2011;0;15:05;Female;No;Commercial;B: Evident Injury;Yes;O: No Injury;2867;March;0;Straight - Level;Piedmont;Unknown;No Control Present;Monday;Non-Intersection;20;0;Two-Way, Not Divided;4 lanes;0;#NULL!;#NULL!;Smooth Asphalt;#NULL!;No Special Feature;Parallel Paths - Other Circumstances;Local Street;B: Evident Injury;Mecklenburg;22;Clear;#NULL!;0-5 mph;20 - 25  MPH;2011;Daylight;20-24
36.0100371183, -78.9220027071;"{""type"": ""Point"", ""coordinates"": [-78.92200270710138, 36.010037118258765]}";Black;Durham;Sidewalk / Crosswalk / Driveway Crossing;2;16;Urban (>70% Developed);Male;Passenger Car;0;#NULL!;0;0;Hispanic;No;0;50-59;Motorist Drive Out - Signalized Intersection;None;No;No;Dry;0;Urban;No;24MAR2011;0;16:01;Male;No;Commercial;C: Possible Injury;Yes;O: No Injury;2874;March;0;Straight - Level;Piedmont;With Traffic;Stop And Go Signal;Thursday;Intersection;55;0;Two-Way, Not Divided;3 lanes;0;#NULL!;#NULL!;Coarse Asphalt;#NULL!;Four-Way Intersection;Motorist Failed to Yield - Signalized Intersection;Local Street;C: Possible Injury;Durham;45;Cloudy;#NULL!;6-10 mph;30 - 35  MPH;2011;Daylight;40-49
35.1116669241, -78.9609026712;"{""type"": ""Point"", ""coordinates"": [-78.96090267118699, 35.11166692406327]}";White;Fayetteville;Travel Lane;2;1;Urban (>70% Developed);Female;Unknown;0;#NULL!;0;0;Unknown/Missing;Yes;0;30-39;Motorist Overtaking - Other / Unknown;None;No;No;Dry;0;Urban;Yes;18MAR2011;0;1:55;Unknown;Missing;Commercial;B: Evident Injury;Yes;Unknown Injury;2876;March;0;Straight - Level;Coastal;With Traffic;No Control Present;Friday;Non-Intersection;34;0;Two-Way, Divided, Unprotected Median;4 lanes;0;#NULL!;#NULL!;Coarse Asphalt;#NULL!;No Special Feature;Motorist Overtaking Bicyclist;Local Street;B: Evident Injury;Cumberland;Unknown;Clear;#NULL!;Unknown;Unknown;2011;Dark - Lighted Roadway;Unknown
35.0180368461, -80.6058031601;"{""type"": ""Point"", ""coordinates"": [-80.60580316011675, 35.018036846079454]}";White;Monroe;Travel Lane;2;20;Urban (>70% Developed);Female;Van;0;#NULL!;0;0;White;No;0;60-69;Bicyclist Ride Out - Sign-Controlled Intersection;None;No;No;Dry;0;Urban;No;24MAR2011;0;20:17;Male;No;Commercial;C: Possible Injury;Yes;O: No Injury;2881;March;0;Straight - Level;Piedmont;With Traffic;Stop Sign;Thursday;Intersection;60;0;Two-Way, Not Divided;2 lanes;0;#NULL!;#NULL!;Smooth Asphalt;#NULL!;No Special Feature;Bicyclist Failed to Yield - Sign-Controlled Intersection;State Secondary Route;C: Possible Injury;Union;70+;Clear;#NULL!;36-40 mph;40 - 45  MPH;2011;Dark - Lighted Roadway;70+
34.9004568243, -80.5073031246;"{""type"": ""Point"", ""coordinates"": [-80.5073031246473, 34.900456824287005]}";White;None - Rural Crash;Travel Lane;2;11;Rural (<30% Developed);Male;Pickup;0;#NULL!;0;0;White;No;0;40-49;Motorist Overtaking - Misjudged Space;None;No;No;Dry;0;Rural;No;19MAR2011;0;11:36;Male;No;Farms, Woods, Pastures;B: Evident Injury;No;O: No Injury;2885;March;0;Straight - Level;Piedmont;With Traffic;Double Yellow Line, No Passing Zone;Saturday;Non-Intersection;48;0;Two-Way, Not Divided;2 lanes;0;#NULL!;#NULL!;Coarse Asphalt;#NULL!;No Special Feature;Motorist Overtaking Bicyclist;State Secondary Route;B: Evident Injury;Union;39;Clear;#NULL!;41-45 mph;50 - 55  MPH;2011;Daylight;30-39
35.5039169538, -80.496603153;"{""type"": ""Point"", ""coordinates"": [-80.49660315301, 35.50391695381095]}";White;None - Rural Crash;Travel Lane;2;17;Mixed (30% To 70% Developed);Male;Sport Utility;0;#NULL!;0;0;White;No;0;11-15;Motorist Overtaking - Bicyclist Swerved;None;No;No;Dry;0;Rural;No;02APR2011;0;17:34;Female;No;Residential;B: Evident Injury;Yes;O: No Injury;2886;April;0;Straight - Hillcrest;Piedmont;With Traffic;Double Yellow Line, No Passing Zone;Saturday;Non-Intersection;11;0;Two-Way, Not Divided;2 lanes;0;#NULL!;#NULL!;Coarse Asphalt;#NULL!;No Special Feature;Motorist Overtaking Bicyclist;State Secondary Route;B: Evident Injury;Rowan;30;Clear;#NULL!;41-45 mph;50 - 55  MPH;2011;Daylight;30-39
35.7715671326, -77.0381021212;"{""type"": ""Point"", ""coordinates"": [-77.03810212118547, 35.77156713260159]}";White;None - Rural Crash;Travel Lane;2;8;Rural (<30% Developed);Male;Sport Utility;0;#NULL!;0;0;White;No;0;50-59;Bicyclist Left Turn - Same Direction;None;No;No;Dry;0;Rural;No;29MAR2011;0;8:22;Female;No;Farms, Woods, Pastures;A: Disabling Injury;Yes;O: No Injury;2893;March;0;Straight - Grade;Coastal;With Traffic;Double Yellow Line, No Passing Zone;Tuesday;Non-Intersection;50;0;Two-Way, Not Divided;2 lanes;0;#NULL!;#NULL!;Coarse Asphalt;#NULL!;Driveway, Private;Bicyclist Left Turn / Merge;State Secondary Route;A: Disabling Injury;Martin;44;Clear;#NULL!;51-55 mph;50 - 55  MPH;2011;Daylight;40-49
35.4364269352, -80.604403182;"{""type"": ""Point"", ""coordinates"": [-80.60440318198762, 35.43642693520641]}";White;Concord;Travel Lane;2;16;Urban (>70% Developed);Male;Passenger Car;0;#NULL!;0;0;White;No;0;60-69;Motorist Drive Out - Sign-Controlled Intersection;None;No;No;Dry;0;Urban;No;31MAR2011;0;16:13;Male;No;Commercial;C: Possible Injury;No;O: No Injury;2894;March;0;Straight - Level;Piedmont;Facing Traffic;Stop Sign;Thursday;Intersection;61;0;Two-Way, Not Divided;2 lanes;0;#NULL!;#NULL!;Smooth Asphalt;#NULL!;No Special Feature;Motorist Failed to Yield - Sign-Controlled Intersection;Local Street;C: Possible Injury;Cabarrus;64;Cloudy;#NULL!;0-5 mph;30 - 35  MPH;2011;Daylight;60-69
35.7942670773, -78.7989026584;"{""type"": ""Point"", ""coordinates"": [-78.79890265837838, 35.79426707731072]}";Black;Cary;Sidewalk / Crosswalk / Driveway Crossing;2;6;Urban (>70% Developed);Male;Passenger Car;0;#NULL!;0;0;Unknown/Missing;No;0;11-15;Bicyclist Ride Out - Signalized  Intersection;None;No;No;Dry;0;Urban;Yes;04APR2011;0;6:30;Unknown;No;Residential;O: No Injury;No;Unknown Injury;2901;April;0;Straight - Level;Piedmont;With Traffic;Stop And Go Signal;Monday;Intersection;11;0;Two-Way, Not Divided;4 lanes;0;#NULL!;#NULL!;Smooth Asphalt;#NULL!;Four-Way Intersection;Bicyclist Failed to Yield - Signalized Intersection;State Secondary Route;O: No Injury;Wake;Unknown;Clear;#NULL!;16-20 mph;30 - 35  MPH;2011;Dawn;Unknown
36.2786672442, -76.9793021291;"{""type"": ""Point"", ""coordinates"": [-76.97930212907391, 36.27866724422453]}";Black;Ahoskie;Travel Lane;2;12;Mixed (30% To 70% Developed);Male;Passenger Car;0;#NULL!;0;0;Black;No;0;11-15;Sign-Controlled Intersection - Other / Unknown;None;No;No;Dry;0;Rural;No;02MAR2011;0;12:17;Female;No;Residential;C: Possible Injury;No;O: No Injury;2905;March;0;Straight - Level;Coastal;Facing Traffic;Stop Sign;Wednesday;Intersection;14;0;Two-Way, Not Divided;2 lanes;0;#NULL!;#NULL!;Smooth Asphalt;#NULL!;T-Intersection;Crossing Paths - Other Circumstances;Local Street;C: Possible Injury;Hertford;40;Clear;#NULL!;0-5 mph;20 - 25  MPH;2011;Daylight;40-49
35.8022070791, -78.7866026544;"{""type"": ""Point"", ""coordinates"": [-78.78660265436517, 35.80220707911546]}";White;Cary;Travel Lane;2;13;Urban (>70% Developed);Male;Van;0;#NULL!;0;0;White;No;0;30-39;Motorist Left Turn - Opposite Direction;None;No;No;Dry;0;Urban;No;13APR2011;0;13:58;Male;No;Commercial;C: Possible Injury;Yes;O: No Injury;2906;April;0;Straight - Level;Piedmont;With Traffic;Stop And Go Signal;Wednesday;Intersection;37;0;Two-Way, Divided, Unprotected Median;4 lanes;0;#NULL!;#NULL!;Smooth Asphalt;#NULL!;Four-Way Intersection;Motorist Left Turn / Merge;State Secondary Route;C: Possible Injury;Wake;69;Clear;#NULL!;11-15 mph;40 - 45  MPH;2011;Daylight;60-69
35.9859071166, -78.8400026812;"{""type"": ""Point"", ""coordinates"": [-78.84000268120296, 35.98590711664347]}";Hispanic;Durham;Bike Lane / Paved Shoulder;2;17;Urban (>70% Developed);Male;Passenger Car;0;#NULL!;0;0;White;No;0;20-24;Motorist Overtaking - Other / Unknown;None;No;No;Dry;0;Urban;No;14APR2011;0;17:05;Male;No;Residential;C: Possible Injury;No;O: No Injury;2909;April;0;Straight - Level;Piedmont;With Traffic;No Control Present;Thursday;Non-Intersection;21;0;Two-Way, Not Divided;4 lanes;0;#NULL!;#NULL!;Coarse Asphalt;#NULL!;No Special Feature;Motorist Overtaking Bicyclist;Local Street;C: Possible Injury;Durham;66;Clear;#NULL!;31-35 mph;30 - 35  MPH;2011;Daylight;60-69
35.6596569869, -80.4925031603;"{""type"": ""Point"", ""coordinates"": [-80.49250316032061, 35.659656986891854]}";Black;Salisbury;Driveway / Alley;2;15;Urban (>70% Developed);Male;Passenger Car;0;#NULL!;0;0;White;No;0;0-5;Bicyclist Ride Out - Residential Driveway;None;No;No;Dry;0;Urban;No;17APR2011;0;15:08;Female;No;Residential;C: Possible Injury;No;O: No Injury;2910;April;0;Straight - Level;Piedmont;Not Applicable;No Control Present;Sunday;Non-Intersection;4;0;Two-Way, Not Divided;2 lanes;0;#NULL!;#NULL!;Smooth Asphalt;#NULL!;No Special Feature;Bicyclist Failed to Yield - Midblock;Local Street;C: Possible Injury;Rowan;39;Clear;#NULL!;26-30 mph;30 - 35  MPH;2011;Daylight;30-39
35.2058168785, -80.8104032309;"{""type"": ""Point"", ""coordinates"": [-80.81040323090097, 35.205816878476526]}";White;Charlotte;Travel Lane;2;6;Urban (>70% Developed);Male;Sport Utility;0;#NULL!;0;0;White;No;0;25-29;Motorist Turning Error - Other;None;No;No;Dry;0;Urban;No;13APR2011;0;6:43;Female;No;Residential;B: Evident Injury;Yes;O: No Injury;2915;April;0;Straight - Level;Piedmont;With Traffic;Stop And Go Signal;Wednesday;Intersection;26;0;Two-Way, Divided, Unprotected Median;4 lanes;0;#NULL!;#NULL!;Smooth Asphalt;#NULL!;Four-Way Intersection;Loss of Control / Turning Error;Local Street;B: Evident Injury;Mecklenburg;46;Clear;#NULL!;31-35 mph;30 - 35  MPH;2011;Daylight;40-49
35.7316170947, -77.918102387;"{""type"": ""Point"", ""coordinates"": [-77.91810238702467, 35.731617094738326]}";White;Wilson;Non-Roadway;2;13;Urban (>70% Developed);Male;Sport Utility;0;#NULL!;0;0;Black;No;0;0-5;Non-Roadway;None;No;No;Dry;0;Urban;No;23JAN2011;0;13:47;Male;No;Residential;C: Possible Injury;No;O: No Injury;2927;January;0;Straight - Level;Coastal;Not Applicable;No Control Present;Sunday;Non-Roadway;5;0;Two-Way, Not Divided;Unknown;0;#NULL!;#NULL!;Concrete;#NULL!;No Special Feature;Non-Roadway;Public Vehicular Area;C: Possible Injury;Wilson;25;Clear;#NULL!;0-5 mph;30 - 35  MPH;2011;Daylight;25-29
35.9637221468, -77.849462379;"{""type"": ""Point"", ""coordinates"": [-77.84946237896644, 35.963722146795945]}";White;Rocky Mount;Travel Lane;2;18;Urban (>70% Developed);Male;Passenger Car;0;#NULL!;0;0;White;No;0;40-49;Signalized Intersection - Other / Unknown;None;Yes;Yes;Dry;0;Urban;No;29JUL2009;0;18:00;Female;No;Commercial;C: Possible Injury;Yes;O: No Injury;5132;July;0;Straight - Level;Coastal;With Traffic;Stop And Go Signal;Wednesday;Intersection;46;0;Two-Way, Divided, Unprotected Median;7 lanes;0;#NULL!;#NULL!;Coarse Asphalt;#NULL!;Four-Way Intersection;Crossing Paths - Other Circumstances;Local Street;C: Possible Injury;Nash;38;Clear;#NULL!;Unknown;40 - 45  MPH;2009;Daylight;30-39
34.6765238961, -76.9614620447;"{""type"": ""Point"", ""coordinates"": [-76.96146204467362, 34.67652389614248]}";White;Emerald Isle;Travel Lane;2;11;Urban (>70% Developed);Female;Passenger Car;0;#NULL!;0;0;White;No;0;60-69;Motorist Right Turn - Same Direction;None;No;No;Dry;0;Rural;No;29AUG2009;0;11:46;Male;No;Residential;C: Possible Injury;Yes;O: No Injury;5137;August;0;Straight - Level;Coastal;With Traffic;No Control Present;Saturday;Non-Intersection;68;0;Two-Way, Divided, Unprotected Median;2 lanes;0;#NULL!;#NULL!;Smooth Asphalt;#NULL!;No Special Feature;Motorist Right Turn / Merge;NC Route;C: Possible Injury;Carteret;70+;Clear;#NULL!;31-35 mph;40 - 45  MPH;2009;Daylight;70+
35.6647449888, -80.4646031532;"{""type"": ""Point"", ""coordinates"": [-80.46460315318951, 35.664744988823706]}";Black;Salisbury;Sidewalk / Crosswalk / Driveway Crossing;2;23;Urban (>70% Developed);Male;Police;0;#NULL!;0;0;White;No;0;30-39;Motorist Left Turn - Same Direction;None;Yes;Yes;Dry;0;Urban;No;14SEP2009;0;23:21;Male;No;Commercial;O: No Injury;No;O: No Injury;5141;September;0;Straight - Grade;Piedmont;Facing Traffic;Stop Sign;Monday;Intersection;38;0;Two-Way, Not Divided;2 lanes;0;#NULL!;#NULL!;Smooth Asphalt;#NULL!;Four-Way Intersection;Motorist Left Turn / Merge;Local Street;O: No Injury;Rowan;39;Clear;#NULL!;21-25 mph;30 - 35  MPH;2009;Dark - Lighted Roadway;30-39
34.988764842, -80.5491031419;"{""type"": ""Point"", ""coordinates"": [-80.54910314187585, 34.98876484199582]}";White;Monroe;Travel Lane;2;6;Mixed (30% To 70% Developed);Male;Pickup;0;#NULL!;0;0;White;No;0;40-49;Motorist Overtaking - Other / Unknown;None;No;No;Wet;0;Urban;No;31AUG2009;0;6:32;Male;No;Commercial;C: Possible Injury;Yes;O: No Injury;5150;August;0;Straight - Level;Piedmont;With Traffic;No Control Present;Monday;Non-Intersection;46;0;Two-Way, Not Divided;4 lanes;0;#NULL!;#NULL!;Smooth Asphalt;#NULL!;No Special Feature;Motorist Overtaking Bicyclist;US Route;C: Possible Injury;Union;70+;Rain;#NULL!;26-30 mph;30 - 35  MPH;2009;Dark - Lighted Roadway;70+
35.6497640936, -77.4161922309;"{""type"": ""Point"", ""coordinates"": [-77.41619223088871, 35.64976409363599]}";Black;None - Rural Crash;Bike Lane / Paved Shoulder;2;13;Urban (>70% Developed);Male;Passenger Car;0;#NULL!;0;0;Black;No;0;16-19;Bicyclist Left Turn - Same Direction;None;No;No;Dry;0;Rural;No;08AUG2009;0;13:36;Female;No;Residential;A: Disabling Injury;Yes;O: No Injury;5153;August;0;Straight - Level;Coastal;With Traffic;Double Yellow Line, No Passing Zone;Saturday;Non-Intersection;16;0;Two-Way, Not Divided;2 lanes;0;#NULL!;#NULL!;Smooth Asphalt;#NULL!;No Special Feature;Bicyclist Left Turn / Merge;State Secondary Route;A: Disabling Injury;Pitt;40;Clear;#NULL!;46-50 mph;50 - 55  MPH;2009;Daylight;40-49