Geo Point;Geo Shape;BikeRace;City;BikePos;NumUnits;CrashHour;Locality;BikeSex;DrvrVehTyp;NumBikesNo;BikeAlcDrg;NumBikesBI;RteInvdCd;DrvrRace;Workzone;NumBikesCi;BikeAgeGrp;CrashType;RdDefects;CrashAlcoh;BikeAlcoho;RdConditio;DstncMiFrm;RuralUrban;HitRun;CrashDate;NumBikesUI;CrashTime;DrvrSex;DrvrAlcoho;Developmen;CrashSevr;AmbulanceR;DrvrInjury;OBJECTID;CrashMonth;NumBikesKi;RdCharacte;Region;BikeDir;TraffCntrl;CrashDay;CrashLoc;BikeAge;NumBikesTo;RdConfig;NumLanes;NumBikesAI;DrvrAlcDrg;OnRoad;RdSurface;Towrd_Rd;RdFeature;CrashGrp;RdClass;BikeInjury;County;DrvrAge;Weather;FrmRd;DrvrEstSpd;SpeedLimit;CrashYear;LightCond;DrvrAgeGrp
35.3369518455, -82.4458037234;"{""type"": ""Point"", ""coordinates"": [-82.44580372342713, 35.33695184553613]}";White;Hendersonville;Unknown;2;15;Urban (>70% Developed);Male;Passenger Car;0;#NULL!;0;0;White;No;0;20-24;Multiple Threat - Midblock;None;No;No;Dry;0;Urban;No;03AUG2009;0;15:53;Female;No;Commercial;B: Evident Injury;Yes;C: Possible Injury;5155;August;0;Straight - Level;Mountains;Not Applicable;Stop And Go Signal;Monday;Non-Intersection;23;0;Two-Way, Not Divided;3 lanes;0;#NULL!;#NULL!;Coarse Asphalt;#NULL!;No Special Feature;Bicyclist Failed to Yield - Midblock;Local Street;B: Evident Injury;Henderson;70+;Clear;#NULL!;6-10 mph;30 - 35  MPH;2009;Daylight;70+
35.7811370787, -78.6807326212;"{""type"": ""Point"", ""coordinates"": [-78.68073262120085, 35.781137078733565]}";White;Raleigh;Travel Lane;2;12;Urban (>70% Developed);Male;Pickup;0;#NULL!;0;0;White;No;0;20-24;Backing Vehicle;None;No;No;Dry;0;Urban;No;02SEP2009;0;12:21;Male;No;Institutional;B: Evident Injury;No;O: No Injury;5156;September;0;Straight - Hillcrest;Piedmont;With Traffic;No Control Present;Wednesday;Non-Intersection;21;0;Two-Way, Not Divided;2 lanes;0;#NULL!;#NULL!;Coarse Asphalt;#NULL!;Driveway, Private;Backing Vehicle;Local Street;B: Evident Injury;Wake;19;Clear;#NULL!;6-10 mph;20 - 25  MPH;2009;Daylight;0-19
35.2383868894, -80.7124932034;"{""type"": ""Point"", ""coordinates"": [-80.712493203373, 35.23838688936767]}";Black;Charlotte;Sidewalk / Crosswalk / Driveway Crossing;2;16;Mixed (30% To 70% Developed);Male;Passenger Car;0;#NULL!;0;0;Black;No;0;11-15;Motorist Right Turn - Same Direction;None;No;No;Dry;0;Urban;No;30AUG2009;0;16:56;Female;No;Residential;C: Possible Injury;No;O: No Injury;5157;August;0;Straight - Hillcrest;Piedmont;With Traffic;No Control Present;Sunday;Non-Intersection;13;0;Two-Way, Not Divided;2 lanes;0;#NULL!;#NULL!;Smooth Asphalt;#NULL!;Driveway, Private;Motorist Right Turn / Merge;Local Street;C: Possible Injury;Mecklenburg;63;Clear;#NULL!;6-10 mph;20 - 25  MPH;2009;Daylight;60-69
35.8653411744, -76.3965319288;"{""type"": ""Point"", ""coordinates"": [-76.3965319288133, 35.86534117437632]}";Black;None - Rural Crash;Driveway / Alley;2;18;Mixed (30% To 70% Developed);Male;Passenger Car;0;#NULL!;0;0;White;No;0;11-15;Bicyclist Ride Out - Residential Driveway;None;No;No;Dry;0;Rural;No;18SEP2009;0;18:35;Female;No;Residential;B: Evident Injury;Yes;O: No Injury;5158;September;0;Straight - Level;Coastal;Not Applicable;No Control Present;Friday;Non-Intersection;14;0;Two-Way, Not Divided;2 lanes;0;#NULL!;#NULL!;Smooth Asphalt;#NULL!;Driveway, Private;Bicyclist Failed to Yield - Midblock;State Secondary Route;B: Evident Injury;Washington;70+;Clear;#NULL!;26-30 mph;50 - 55  MPH;2009;Daylight;70+
35.3264498793, -81.502177443;"{""type"": ""Point"", ""coordinates"": [-81.50217744297822, 35.3264498793268]}";White;None - Rural Crash;Travel Lane;2;19;Mixed (30% To 70% Developed);Female;Passenger Car;0;#NULL!;0;0;Black;No;0;11-15;Bicyclist Ride Through - Sign-Controlled Intersection;None;No;No;Dry;0;Rural;No;21SEP2009;0;19:48;Male;No;Residential;C: Possible Injury;Yes;O: No Injury;5160;September;0;Straight - Level;Mountains;With Traffic;Stop Sign;Monday;Intersection;12;0;Two-Way, Not Divided;2 lanes;0;#NULL!;#NULL!;Coarse Asphalt;#NULL!;Four-Way Intersection;Bicyclist Failed to Yield - Sign-Controlled Intersection;State Secondary Route;C: Possible Injury;Cleveland;22;Cloudy;#NULL!;21-25 mph;20 - 25  MPH;2009;Dark - Roadway Not Lighted;20-24
35.0687249147, -78.9661326702;"{""type"": ""Point"", ""coordinates"": [-78.96613267024684, 35.068724914707715]}";White;Fayetteville;Sidewalk / Crosswalk / Driveway Crossing;2;15;Urban (>70% Developed);Male;Sport Utility;0;#NULL!;0;0;White;No;0;30-39;Motorist Drive Out - Sign-Controlled Intersection;None;No;No;Dry;0;Urban;No;15SEP2009;0;15:01;Female;No;Commercial;C: Possible Injury;Yes;O: No Injury;5163;September;0;Straight - Level;Coastal;Facing Traffic;Stop Sign;Tuesday;Intersection;36;0;Two-Way, Divided, Unprotected Median;2 lanes;0;#NULL!;#NULL!;Coarse Asphalt;#NULL!;T-Intersection;Motorist Failed to Yield - Sign-Controlled Intersection;Local Street;C: Possible Injury;Cumberland;41;Clear;#NULL!;0-5 mph;5 - 15 MPH;2009;Daylight;40-49
35.6147719092, -82.3190137022;"{""type"": ""Point"", ""coordinates"": [-82.31901370215508, 35.61477190920986]}";White;Black Mountain;Sidewalk / Crosswalk / Driveway Crossing;2;15;Mixed (30% To 70% Developed);Male;Pickup;0;#NULL!;0;0;White;No;0;16-19;Unknown Approach Paths;None;No;No;Dry;0;Urban;Yes;10SEP2009;0;15:53;Male;No;Commercial;B: Evident Injury;No;O: No Injury;5173;September;0;Straight - Grade;Mountains;Not Applicable;Stop And Go Signal;Thursday;Non-Intersection;18;0;Two-Way, Not Divided;4 lanes;0;#NULL!;#NULL!;Smooth Asphalt;#NULL!;Four-Way Intersection;Other / Unknown - Insufficient Details;NC Route;B: Evident Injury;Buncombe;42;Cloudy;#NULL!;Unknown;30 - 35  MPH;2009;Daylight;40-49
35.1904938783, -80.729083206;"{""type"": ""Point"", ""coordinates"": [-80.72908320601302, 35.19049387831625]}";Black;Charlotte;Travel Lane;2;17;Urban (>70% Developed);Female;Passenger Car;0;#NULL!;0;0;White;No;0;6-10;Motorist Turning Error - Left Turn;None;No;No;Dry;0;Urban;No;11SEP2009;0;17:45;Female;No;Residential;C: Possible Injury;No;O: No Injury;5179;September;0;Straight - Level;Piedmont;With Traffic;Stop Sign;Friday;Intersection;10;0;Two-Way, Not Divided;2 lanes;0;#NULL!;#NULL!;Smooth Asphalt;#NULL!;Four-Way Intersection;Loss of Control / Turning Error;Local Street;C: Possible Injury;Mecklenburg;67;Clear;#NULL!;11-15 mph;20 - 25  MPH;2009;Daylight;60-69
34.2778117496, -78.7290825595;"{""type"": ""Point"", ""coordinates"": [-78.72908255950891, 34.27781174963875]}";White;None - Rural Crash;Travel Lane;2;19;Rural (<30% Developed);Male;Pickup;0;#NULL!;0;0;White;No;0;30-39;Motorist Overtaking - Undetected Bicyclist;None;No;No;Dry;0;Rural;No;02OCT2009;0;19:29;Male;No;Farms, Woods, Pastures;C: Possible Injury;Yes;O: No Injury;5203;October;0;Straight - Level;Coastal;With Traffic;No Control Present;Friday;Non-Intersection;35;0;Two-Way, Not Divided;2 lanes;0;#NULL!;#NULL!;Coarse Asphalt;#NULL!;No Special Feature;Motorist Overtaking Bicyclist;State Secondary Route;C: Possible Injury;Columbus;70+;Clear;#NULL!;51-55 mph;50 - 55  MPH;2009;Dark - Roadway Not Lighted;70+
35.6505309587, -81.1974933704;"{""type"": ""Point"", ""coordinates"": [-81.19749337038407, 35.65053095865137]}";White;None - Rural Crash;Travel Lane;2;22;Urban (>70% Developed);Male;Sport Utility;0;#NULL!;0;0;White;No;0;16-19;Head-On - Bicyclist;None;Yes;Yes;Dry;0;Rural;No;21SEP2009;0;22:13;Male;No;Residential;C: Possible Injury;No;O: No Injury;5210;September;0;Straight - Level;Piedmont;Facing Traffic;Double Yellow Line, No Passing Zone;Monday;Non-Intersection;18;0;Two-Way, Not Divided;2 lanes;0;#NULL!;#NULL!;Smooth Asphalt;#NULL!;No Special Feature;Head-On;NC Route;C: Possible Injury;Catawba;25;Cloudy;#NULL!;36-40 mph;40 - 45  MPH;2009;Dark - Roadway Not Lighted;25-29
35.7447310716, -78.6537526112;"{""type"": ""Point"", ""coordinates"": [-78.65375261123678, 35.74473107157966]}";Black;Raleigh;Travel Lane;2;17;Urban (>70% Developed);Male;Passenger Car;0;#NULL!;0;0;Black;No;0;6-10;Bicyclist Ride Out - Other Midblock;None;No;No;Dry;0;Urban;No;12SEP2009;0;17:46;Female;No;Residential;C: Possible Injury;No;O: No Injury;5219;September;0;Straight - Hillcrest;Piedmont;With Traffic;No Control Present;Saturday;Non-Intersection;10;0;Two-Way, Not Divided;2 lanes;0;#NULL!;#NULL!;Smooth Asphalt;#NULL!;Driveway, Public;Bicyclist Failed to Yield - Midblock;Local Street;C: Possible Injury;Wake;33;Clear;#NULL!;26-30 mph;30 - 35  MPH;2009;Daylight;30-39
35.7908770815, -78.660262616;"{""type"": ""Point"", ""coordinates"": [-78.66026261603746, 35.790877081518914]}";White;Raleigh;Travel Lane;2;18;Urban (>70% Developed);Male;Unknown;0;#NULL!;0;0;Unknown/Missing;No;0;60-69;Motorist Right Turn - Same Direction;None;No;No;Dry;0;Urban;Yes;08SEP2009;0;18:23;Unknown;Missing;Commercial;B: Evident Injury;No;Unknown Injury;5221;September;0;Straight - Level;Piedmont;With Traffic;No Control Present;Tuesday;Non-Intersection;61;0;Two-Way, Not Divided;4 lanes;0;#NULL!;#NULL!;Coarse Asphalt;#NULL!;No Special Feature;Motorist Right Turn / Merge;Local Street;B: Evident Injury;Wake;Unknown;Clear;#NULL!;16-20 mph;30 - 35  MPH;2009;Daylight;Unknown
35.71185192, -82.5607437794;"{""type"": ""Point"", ""coordinates"": [-82.56074377939161, 35.71185191995797]}";White;Weaverville;Travel Lane;2;15;Urban (>70% Developed);Male;Passenger Car;0;#NULL!;0;0;White;No;0;60-69;Motorist Turning Error - Right Turn;None;No;No;Wet;0;Rural;No;17MAY2009;0;15:09;Female;No;Commercial;B: Evident Injury;Yes;O: No Injury;5226;May;0;Straight - Grade;Mountains;With Traffic;Stop And Go Signal;Sunday;Intersection;63;0;Two-Way, Not Divided;2 lanes;0;#NULL!;#NULL!;Smooth Asphalt;#NULL!;No Special Feature;Loss of Control / Turning Error;US Route;B: Evident Injury;Buncombe;36;Cloudy;#NULL!;11-15 mph;30 - 35  MPH;2009;Daylight;30-39
35.7057450219, -79.8154929607;"{""type"": ""Point"", ""coordinates"": [-79.8154929606891, 35.70574502187766]}";White;Asheboro;Sidewalk / Crosswalk / Driveway Crossing;2;18;Urban (>70% Developed);Male;Unknown;0;#NULL!;0;0;Unknown/Missing;No;0;25-29;Motorist Drive Out - Commercial Driveway / Alley;None;No;No;Dry;0;Urban;Yes;18AUG2009;0;18:00;Unknown;Missing;Commercial;C: Possible Injury;No;Unknown Injury;5234;August;0;Straight - Level;Piedmont;Facing Traffic;No Control Present;Tuesday;Non-Intersection;27;0;Two-Way, Not Divided;2 lanes;0;#NULL!;#NULL!;Smooth Asphalt;#NULL!;Driveway, Public;Motorist Failed to Yield - Midblock;Local Street;C: Possible Injury;Randolph;Unknown;Clear;#NULL!;0-5 mph;Unknown;2009;Daylight;Unknown
35.434406924, -80.9051932715;"{""type"": ""Point"", ""coordinates"": [-80.9051932715001, 35.43440692398796]}";White;Huntersville;Travel Lane;2;6;Mixed (30% To 70% Developed);Male;Sport Utility;0;#NULL!;0;0;White;No;0;40-49;Motorist Overtaking - Other / Unknown;None;No;No;Dry;0;Urban;No;03OCT2009;0;6:14;Female;No;Residential;C: Possible Injury;No;O: No Injury;5242;October;0;Straight - Level;Piedmont;With Traffic;Double Yellow Line, No Passing Zone;Saturday;Non-Intersection;48;0;Two-Way, Not Divided;2 lanes;0;#NULL!;#NULL!;Smooth Asphalt;#NULL!;No Special Feature;Motorist Overtaking Bicyclist;NC Route;C: Possible Injury;Mecklenburg;27;Clear;#NULL!;41-45 mph;40 - 45  MPH;2009;Dawn;25-29
35.5867608921, -82.5973937827;"{""type"": ""Point"", ""coordinates"": [-82.59739378266143, 35.586760892144596]}";White;Asheville;Travel Lane;2;12;Urban (>70% Developed);Male;Sport Utility;0;#NULL!;0;0;White;No;0;25-29;Motorist Drive Through - Signalized Intersection;None;No;No;Dry;0;Urban;No;07OCT2009;0;12:03;Male;No;Commercial;O: No Injury;No;O: No Injury;5245;October;0;Straight - Level;Mountains;With Traffic;Stop And Go Signal;Wednesday;Intersection;25;0;Two-Way, Divided, Positive Median Barrier;7 lanes;0;#NULL!;#NULL!;Smooth Asphalt;#NULL!;Four-Way Intersection;Motorist Failed to Yield - Signalized Intersection;US Route;O: No Injury;Buncombe;22;Clear;#NULL!;31-35 mph;40 - 45  MPH;2009;Daylight;20-24
35.849947097, -78.5813425946;"{""type"": ""Point"", ""coordinates"": [-78.581342594637, 35.849947096954395]}";Black;Raleigh;Sidewalk / Crosswalk / Driveway Crossing;2;17;Urban (>70% Developed);Male;Pickup;0;#NULL!;0;0;White;No;0;30-39;Motorist Drive Out - Midblock - Unknown;None;No;No;Dry;0;Urban;No;15SEP2009;0;17:13;Male;No;Commercial;B: Evident Injury;No;O: No Injury;5249;September;0;Straight - Grade;Piedmont;Facing Traffic;No Control Present;Tuesday;Non-Intersection;30;0;Two-Way, Divided, Unprotected Median;7 lanes;0;#NULL!;#NULL!;Coarse Asphalt;#NULL!;No Special Feature;Motorist Failed to Yield - Midblock;Local Street;B: Evident Injury;Wake;63;Clear;#NULL!;26-30 mph;40 - 45  MPH;2009;Daylight;60-69
34.7241069141, -76.7352319772;"{""type"": ""Point"", ""coordinates"": [-76.73523197722146, 34.72410691408414]}";Hispanic;Morehead City;Unknown;2;15;Urban (>70% Developed);Male;Passenger Car;0;#NULL!;0;0;White;No;0;25-29;Crossing Paths - Intersection - Other / Unknown;None;No;No;Dry;0;Urban;No;03OCT2009;0;15:05;Male;No;Commercial;B: Evident Injury;Yes;O: No Injury;5252;October;0;Straight - Level;Coastal;Facing Traffic;No Control Present;Saturday;Intersection;25;0;Two-Way, Not Divided;3 lanes;0;#NULL!;#NULL!;Smooth Asphalt;#NULL!;Four-Way Intersection;Crossing Paths - Other Circumstances;Local Street;B: Evident Injury;Carteret;43;Clear;#NULL!;11-15 mph;30 - 35  MPH;2009;Daylight;40-49
35.7468830735, -78.6068675973;"{""type"": ""Point"", ""coordinates"": [-78.60686759734206, 35.7468830735112]}";Black;Raleigh;Unknown;2;20;Mixed (30% To 70% Developed);Male;Sport Utility;0;#NULL!;0;0;Unknown/Missing;No;0;16-19;Bicyclist Ride Out - Midblock - Unknown;None;No;No;Dry;0;Urban;Yes;27SEP2009;0;20:49;Unknown;Missing;Residential;B: Evident Injury;Yes;Unknown Injury;5253;September;0;Straight - Level;Piedmont;Not Applicable;No Control Present;Sunday;Non-Intersection;19;0;Two-Way, Not Divided;2 lanes;0;#NULL!;#NULL!;Smooth Asphalt;#NULL!;No Special Feature;Bicyclist Failed to Yield - Midblock;Local Street;B: Evident Injury;Wake;Unknown;Clear;#NULL!;31-35 mph;30 - 35  MPH;2009;Dark - Lighted Roadway;Unknown
35.6302409032, -82.5530887717;"{""type"": ""Point"", ""coordinates"": [-82.55308877165243, 35.63024090323571]}";White;Asheville;Sidewalk / Crosswalk / Driveway Crossing;2;19;Urban (>70% Developed);Female;Pickup;0;#NULL!;0;0;Unknown/Missing;No;0;16-19;Motorist Drive Out - Sign-Controlled Intersection;None;No;No;Dry;0;Urban;Yes;22SEP2009;0;19:00;Unknown;Missing;Commercial;B: Evident Injury;No;Unknown Injury;5257;September;0;Straight - Level;Mountains;Facing Traffic;Stop Sign;Tuesday;Intersection;17;0;Unknown;2 lanes;0;#NULL!;#NULL!;Smooth Asphalt;#NULL!;T-Intersection;Motorist Failed to Yield - Sign-Controlled Intersection;Public Vehicular Area;B: Evident Injury;Buncombe;Unknown;Clear;#NULL!;6-10 mph;20 - 25  MPH;2009;Dusk;Unknown
35.268346884, -81.0379233026;"{""type"": ""Point"", ""coordinates"": [-81.03792330261079, 35.26834688401659]}";White;Mcadenville;Travel Lane;2;19;Urban (>70% Developed);Male;Passenger Car;0;#NULL!;0;0;White;No;0;50-59;Motorist Left Turn - Opposite Direction;None;No;No;Dry;0;Rural;No;27SEP2009;0;19:36;Male;No;Residential;C: Possible Injury;Yes;Unknown Injury;5268;September;0;Straight - Level;Piedmont;With Traffic;Double Yellow Line, No Passing Zone;Sunday;Intersection;54;0;Two-Way, Divided, Unprotected Median;2 lanes;0;#NULL!;#NULL!;Smooth Asphalt;#NULL!;T-Intersection;Motorist Left Turn / Merge;Local Street;C: Possible Injury;Gaston;24;Clear;#NULL!;6-10 mph;40 - 45  MPH;2009;Dusk;20-24
35.5964428964, -82.5486637691;"{""type"": ""Point"", ""coordinates"": [-82.5486637690596, 35.59644289641493]}";White;Asheville;Bike Lane / Paved Shoulder;2;11;Urban (>70% Developed);Female;Pickup;0;#NULL!;0;0;White;No;0;20-24;Motorist Right Turn - Same Direction;None;No;No;Dry;0;Urban;No;22OCT2009;0;11:21;Male;No;Commercial;B: Evident Injury;Yes;O: No Injury;5282;October;0;Straight - Grade;Mountains;With Traffic;Double Yellow Line, No Passing Zone;Thursday;Non-Intersection;20;0;Two-Way, Divided, Positive Median Barrier;2 lanes;0;#NULL!;#NULL!;Smooth Asphalt;#NULL!;No Special Feature;Motorist Right Turn / Merge;Local Street;B: Evident Injury;Buncombe;38;Clear;#NULL!;0-5 mph;20 - 25  MPH;2009;Daylight;30-39
34.8152609122, -77.4120621873;"{""type"": ""Point"", ""coordinates"": [-77.41206218734096, 34.815260912221525]}";White;None - Rural Crash;Travel Lane;2;7;Rural (<30% Developed);Male;Unknown;0;#NULL!;0;0;Unknown/Missing;No;0;20-24;Motorist Overtaking - Other / Unknown;None;No;No;Dry;0;Rural;Yes;07NOV2009;0;7:05;Unknown;Missing;Institutional;C: Possible Injury;Yes;Unknown Injury;5286;November;0;Straight - Level;Coastal;With Traffic;No Control Present;Saturday;Non-Intersection;22;0;Two-Way, Not Divided;2 lanes;0;#NULL!;#NULL!;Coarse Asphalt;#NULL!;No Special Feature;Motorist Overtaking Bicyclist;State Secondary Route;C: Possible Injury;Onslow;Unknown;Clear;#NULL!;31-35 mph;40 - 45  MPH;2009;Daylight;Unknown
34.2219307632, -77.9415383199;"{""type"": ""Point"", ""coordinates"": [-77.94153831988186, 34.221930763182804]}";White;Wilmington;Travel Lane;2;7;Urban (>70% Developed);Male;Passenger Car;0;#NULL!;0;0;Black;No;0;50-59;Motorist Drive Out - Sign-Controlled Intersection;None;No;No;Dry;0;Urban;No;23OCT2009;0;7:57;Female;No;Residential;B: Evident Injury;No;O: No Injury;5290;October;0;Straight - Grade;Coastal;With Traffic;Stop Sign;Friday;Intersection;53;0;Two-Way, Not Divided;2 lanes;0;#NULL!;#NULL!;Coarse Asphalt;#NULL!;Four-Way Intersection;Motorist Failed to Yield - Sign-Controlled Intersection;Local Street;B: Evident Injury;New Hanover;20;Clear;#NULL!;Unknown;30 - 35  MPH;2009;Daylight;20-24
36.1077231114, -79.6941729461;"{""type"": ""Point"", ""coordinates"": [-79.69417294612121, 36.10772311140587]}";White;None - Rural Crash;Travel Lane;2;21;Rural (<30% Developed);Male;Pickup;0;#NULL!;0;0;White;No;0;30-39;Bicyclist Lost Control - Other / Unknown;None;Yes;Yes;Dry;0;Rural;No;09NOV2009;0;21:31;Male;No;Farms, Woods, Pastures;C: Possible Injury;No;O: No Injury;5293;November;0;Straight - Level;Piedmont;With Traffic;Double Yellow Line, No Passing Zone;Monday;Non-Intersection;38;0;Two-Way, Not Divided;2 lanes;0;#NULL!;#NULL!;Coarse Asphalt;#NULL!;No Special Feature;Loss of Control / Turning Error;State Secondary Route;C: Possible Injury;Guilford;70+;Clear;#NULL!;31-35 mph;40 - 45  MPH;2009;Dark - Roadway Not Lighted;70+
34.9042568496, -79.8129829166;"{""type"": ""Point"", ""coordinates"": [-79.81298291661476, 34.90425684961258]}";White;None - Rural Crash;Travel Lane;2;17;Urban (>70% Developed);Female;Pickup;0;#NULL!;0;0;White;No;0;11-15;Bicyclist Left Turn - Same Direction;None;No;No;Dry;0;Rural;No;24OCT2009;0;17:07;Male;No;Residential;B: Evident Injury;Yes;O: No Injury;5296;October;0;Straight - Level;Piedmont;With Traffic;Double Yellow Line, No Passing Zone;Saturday;Non-Intersection;12;0;Two-Way, Not Divided;2 lanes;0;#NULL!;#NULL!;Smooth Asphalt;#NULL!;No Special Feature;Bicyclist Left Turn / Merge;State Secondary Route;B: Evident Injury;Richmond;44;Clear;#NULL!;41-45 mph;50 - 55  MPH;2009;Daylight;40-49
35.7877500825, -78.6136026011;"{""type"": ""Point"", ""coordinates"": [-78.61360260110345, 35.787750082521136]}";Black;Raleigh;Travel Lane;2;15;Urban (>70% Developed);Male;Pickup;0;#NULL!;0;0;White;No;0;50-59;Motorist Left Turn - Opposite Direction;None;Yes;Yes;Dry;0;Urban;No;13OCT2009;0;15:51;Male;No;Residential;B: Evident Injury;Yes;O: No Injury;5299;October;0;Straight - Level;Piedmont;With Traffic;No Control Present;Tuesday;Intersection-Related;56;0;One-Way, Not Divided;4 lanes;0;#NULL!;#NULL!;Smooth Asphalt;#NULL!;No Special Feature;Motorist Left Turn / Merge;Local Street;B: Evident Injury;Wake;57;Clear;#NULL!;6-10 mph;30 - 35  MPH;2009;Daylight;50-59
35.7557569796, -81.2470433917;"{""type"": ""Point"", ""coordinates"": [-81.24704339170884, 35.75575697959836]}";White;None - Rural Crash;Travel Lane;2;7;Mixed (30% To 70% Developed);Male;Sport Utility;0;#NULL!;0;0;White;No;0;40-49;Motorist Overtaking - Misjudged Space;None;No;No;Dry;0;Rural;No;16NOV2009;0;7:39;Female;No;Residential;C: Possible Injury;No;O: No Injury;5301;November;0;Straight - Grade;Piedmont;With Traffic;Double Yellow Line, No Passing Zone;Monday;Non-Intersection;45;0;Two-Way, Not Divided;2 lanes;0;#NULL!;#NULL!;Smooth Asphalt;#NULL!;No Special Feature;Motorist Overtaking Bicyclist;State Secondary Route;C: Possible Injury;Catawba;32;Clear;#NULL!;41-45 mph;40 - 45  MPH;2009;Daylight;30-39
36.0633570975, -79.8067529777;"{""type"": ""Point"", ""coordinates"": [-79.80675297769926, 36.063357097455636]}";White;Greensboro;Travel Lane;2;22;Urban (>70% Developed);Male;Unknown;0;#NULL!;0;0;Unknown/Missing;No;0;25-29;Bicyclist Ride Out - Midblock - Unknown;None;Yes;Yes;Dry;0;Urban;Yes;02NOV2009;0;22:53;Unknown;Missing;Commercial;B: Evident Injury;Yes;Unknown Injury;5303;November;0;Straight - Level;Piedmont;Not Applicable;No Control Present;Monday;Non-Intersection;28;0;Two-Way, Not Divided;5 lanes;0;#NULL!;#NULL!;Coarse Asphalt;#NULL!;No Special Feature;Bicyclist Failed to Yield - Midblock;Local Street;B: Evident Injury;Guilford;Unknown;Clear;#NULL!;Unknown;30 - 35  MPH;2009;Dark - Lighted Roadway;Unknown
34.8682169399, -76.9000920343;"{""type"": ""Point"", ""coordinates"": [-76.90009203428606, 34.868216939895525]}";Black;Havelock;Travel Lane;2;12;Urban (>70% Developed);Male;Passenger Car;0;#NULL!;0;0;White;No;0;20-24;Motorist Drive Out - Sign-Controlled Intersection;None;No;No;Water (Standing, Moving);0;Urban;No;02OCT2009;0;12:27;Male;No;Commercial;C: Possible Injury;Yes;O: No Injury;5306;October;0;Straight - Level;Coastal;Facing Traffic;Stop Sign;Friday;Intersection;22;0;Two-Way, Divided, Unprotected Median;2 lanes;0;#NULL!;#NULL!;Smooth Asphalt;#NULL!;No Special Feature;Motorist Failed to Yield - Sign-Controlled Intersection;Local Street;C: Possible Injury;Craven;62;Clear;#NULL!;0-5 mph;30 - 35  MPH;2009;Daylight;60-69
36.0597601009, -79.7128229493;"{""type"": ""Point"", ""coordinates"": [-79.7128229492604, 36.05976010087133]}";White;None - Rural Crash;Bike Lane / Paved Shoulder;3;12;Mixed (30% To 70% Developed);Male;Passenger Car;0;#NULL!;0;0;Black;No;0;40-49;Motorist Lost Control - Oversteering, Improper Braking, Speed;None;No;No;Dry;0;Rural;No;17OCT2009;0;12:25;Male;No;Residential;B: Evident Injury;Yes;B: Evident Injury;5314;October;0;Curve - Hillcrest;Piedmont;With Traffic;Double Yellow Line, No Passing Zone;Saturday;Intersection-Related;49;0;Two-Way, Not Divided;2 lanes;0;#NULL!;#NULL!;Smooth Asphalt;#NULL!;T-Intersection;Loss of Control / Turning Error;State Secondary Route;O: No Injury;Guilford;31;Cloudy;#NULL!;66-70 mph;40 - 45  MPH;2009;Daylight;30-39
36.4741071841, -79.8106530022;"{""type"": ""Point"", ""coordinates"": [-79.81065300218211, 36.47410718413763]}";White;None - Rural Crash;Travel Lane;2;14;Rural (<30% Developed);Male;Passenger Car;0;#NULL!;0;0;Unknown/Missing;No;0;16-19;Motorist Lost Control - Other / Unknown;None;No;No;Dry;0;Rural;Yes;26NOV2009;0;14:30;Male;No;Farms, Woods, Pastures;C: Possible Injury;Yes;Unknown Injury;5320;November;0;Curve - Grade;Piedmont;With Traffic;Double Yellow Line, No Passing Zone;Thursday;Non-Intersection;17;0;Two-Way, Not Divided;2 lanes;0;#NULL!;#NULL!;Smooth Asphalt;#NULL!;No Special Feature;Loss of Control / Turning Error;State Secondary Route;C: Possible Injury;Rockingham;70+;Clear;#NULL!;41-45 mph;40 - 45  MPH;2009;Daylight;70+
35.9165830977, -78.9511227105;"{""type"": ""Point"", ""coordinates"": [-78.9511227105104, 35.91658309772231]}";Asian;Durham;Travel Lane;2;21;Urban (>70% Developed);Male;Unknown;0;#NULL!;0;0;Unknown/Missing;No;0;50-59;Motorist Overtaking - Misjudged Space;None;No;No;Dry;0;Urban;Yes;30OCT2009;0;21:09;Unknown;Missing;Residential;B: Evident Injury;No;Unknown Injury;5322;October;0;Straight - Hillcrest;Piedmont;With Traffic;No Control Present;Friday;Intersection;57;0;Two-Way, Divided, Unprotected Median;2 lanes;0;#NULL!;#NULL!;Coarse Asphalt;#NULL!;T-Intersection;Motorist Overtaking Bicyclist;NC Route;B: Evident Injury;Durham;Unknown;Clear;#NULL!;41-45 mph;40 - 45  MPH;2009;Dark - Roadway Not Lighted;Unknown