Geo Point;Geo Shape;BikeRace;City;BikePos;NumUnits;CrashHour;Locality;BikeSex;DrvrVehTyp;NumBikesNo;BikeAlcDrg;NumBikesBI;RteInvdCd;DrvrRace;Workzone;NumBikesCi;BikeAgeGrp;CrashType;RdDefects;CrashAlcoh;BikeAlcoho;RdConditio;DstncMiFrm;RuralUrban;HitRun;CrashDate;NumBikesUI;CrashTime;DrvrSex;DrvrAlcoho;Developmen;CrashSevr;AmbulanceR;DrvrInjury;OBJECTID;CrashMonth;NumBikesKi;RdCharacte;Region;BikeDir;TraffCntrl;CrashDay;CrashLoc;BikeAge;NumBikesTo;RdConfig;NumLanes;NumBikesAI;DrvrAlcDrg;OnRoad;RdSurface;Towrd_Rd;RdFeature;CrashGrp;RdClass;BikeInjury;County;DrvrAge;Weather;FrmRd;DrvrEstSpd;SpeedLimit;CrashYear;LightCond;DrvrAgeGrp
35.5944400581, -78.1223324425;"{""type"": ""Point"", ""coordinates"": [-78.12233244246926, 35.594440058147704]}";Black;Kenly;Bike Lane / Paved Shoulder;2;16;Mixed (30% To 70% Developed);Female;Passenger Car;0;#NULL!;0;0;White;No;0;40-49;Bicyclist Left Turn - Same Direction;None;No;No;Dry;0;Rural;No;15APR2008;0;16:30;Female;No;Commercial;O: No Injury;Yes;O: No Injury;5539;April;0;Straight - Level;Coastal;With Traffic;No Control Present;Tuesday;Non-Intersection;46;0;Two-Way, Not Divided;2 lanes;0;#NULL!;#NULL!;Concrete;#NULL!;No Special Feature;Bicyclist Left Turn / Merge;Local Street;Unknown Injury;Johnston;31;Clear;#NULL!;31-35 mph;30 - 35  MPH;2008;Daylight;30-39
35.0932869204, -78.9552226683;"{""type"": ""Point"", ""coordinates"": [-78.95522266830201, 35.09328692041858]}";Black;Fayetteville;Travel Lane;2;21;Urban (>70% Developed);Male;Passenger Car;0;#NULL!;0;0;White;No;0;16-19;Bicyclist Failed to Clear - Trapped;None;No;No;Dry;0;Urban;No;07FEB2008;0;21:09;Female;No;Commercial;C: Possible Injury;No;Unknown Injury;5545;February;0;Straight - Level;Coastal;Facing Traffic;Stop And Go Signal;Thursday;Intersection;18;0;Two-Way, Divided, Positive Median Barrier;6 lanes;0;#NULL!;#NULL!;Coarse Asphalt;#NULL!;Four-Way Intersection;Bicyclist Failed to Yield - Signalized Intersection;Local Street;C: Possible Injury;Cumberland;57;Clear;#NULL!;0-5 mph;40 - 45  MPH;2008;Dark - Lighted Roadway;50-59
36.2038150567, -81.6669035424;"{""type"": ""Point"", ""coordinates"": [-81.6669035424309, 36.203815056699646]}";White;Boone;Travel Lane;2;16;Urban (>70% Developed);Male;Sport Utility;0;#NULL!;0;0;White;No;0;25-29;Bicyclist Ride Through - Signalized Intersection;None;No;No;Dry;0;Urban;No;05FEB2008;0;16:43;Female;No;Commercial;C: Possible Injury;No;O: No Injury;5546;February;0;Straight - Level;Mountains;With Traffic;Stop And Go Signal;Tuesday;Intersection;26;0;Two-Way, Not Divided;5 lanes;0;#NULL!;#NULL!;Smooth Asphalt;#NULL!;T-Intersection;Bicyclist Failed to Yield - Signalized Intersection;Local Street;C: Possible Injury;Watauga;43;Clear;#NULL!;0-5 mph;30 - 35  MPH;2008;Daylight;40-49
35.8529069916, -81.4699534639;"{""type"": ""Point"", ""coordinates"": [-81.46995346387422, 35.85290699155677]}";White;None - Rural Crash;Travel Lane;2;15;Rural (<30% Developed);Male;Unknown;0;#NULL!;0;0;Unknown/Missing;No;0;20-24;Motorist Overtaking - Other / Unknown;None;No;No;Dry;0;Rural;Yes;07FEB2008;0;15:15;Unknown;Missing;Farms, Woods, Pastures;B: Evident Injury;Yes;Unknown Injury;5547;February;0;Curve - Grade;Mountains;With Traffic;Double Yellow Line, No Passing Zone;Thursday;Non-Intersection;24;0;Two-Way, Not Divided;2 lanes;0;#NULL!;#NULL!;Smooth Asphalt;#NULL!;No Special Feature;Motorist Overtaking Bicyclist;State Secondary Route;B: Evident Injury;Caldwell;Unknown;Clear;#NULL!;31-35 mph;30 - 35  MPH;2008;Daylight;Unknown
35.7594099765, -81.3348194182;"{""type"": ""Point"", ""coordinates"": [-81.33481941821827, 35.75940997645462]}";White;Hickory;Sidewalk / Crosswalk / Driveway Crossing;2;7;Urban (>70% Developed);Male;Passenger Car;0;#NULL!;0;0;White;No;0;60-69;Motorist Drive Out - Sign-Controlled Intersection;None;No;No;Dry;0;Urban;No;07FEB2008;0;7:30;Male;No;Commercial;B: Evident Injury;Yes;O: No Injury;5548;February;0;Straight - Level;Piedmont;Facing Traffic;Stop Sign;Thursday;Intersection;67;0;Two-Way, Not Divided;2 lanes;0;#NULL!;#NULL!;Coarse Asphalt;#NULL!;No Special Feature;Motorist Failed to Yield - Sign-Controlled Intersection;Local Street;B: Evident Injury;Catawba;64;Clear;#NULL!;0-5 mph;30 - 35  MPH;2008;Daylight;60-69
35.2339168706, -81.1940033469;"{""type"": ""Point"", ""coordinates"": [-81.19400334687361, 35.23391687062139]}";Black;Gastonia;Sidewalk / Crosswalk / Driveway Crossing;2;16;Urban (>70% Developed);Male;Passenger Car;0;#NULL!;0;0;Unknown/Missing;No;0;50-59;Motorist Right Turn - Opposite Direction;None;Yes;Yes;Dry;0;Urban;Yes;08FEB2008;0;16:48;Unknown;Missing;Commercial;C: Possible Injury;Yes;Unknown Injury;5549;February;0;Straight - Grade;Piedmont;Facing Traffic;Stop And Go Signal;Friday;Intersection;51;0;Two-Way, Not Divided;6 lanes;0;#NULL!;#NULL!;Smooth Asphalt;#NULL!;Four-Way Intersection;Motorist Right Turn / Merge;Local Street;C: Possible Injury;Gaston;Unknown;Clear;#NULL!;0-5 mph;30 - 35  MPH;2008;Daylight;Unknown
35.9799040726, -80.0214870374;"{""type"": ""Point"", ""coordinates"": [-80.02148703740703, 35.97990407263785]}";White;High Point;Sidewalk / Crosswalk / Driveway Crossing;2;13;Urban (>70% Developed);Male;Passenger Car;0;#NULL!;0;0;White;No;0;50-59;Motorist Drive Out - Commercial Driveway / Alley;None;No;No;Dry;0;Urban;No;09FEB2008;0;13:44;Male;No;Commercial;B: Evident Injury;No;O: No Injury;5550;February;0;Straight - Level;Piedmont;Facing Traffic;No Control Present;Saturday;Non-Intersection;52;0;Two-Way, Not Divided;2 lanes;0;#NULL!;#NULL!;Concrete;#NULL!;Driveway, Public;Motorist Failed to Yield - Midblock;Private Road, Driveway;B: Evident Injury;Guilford;38;Clear;#NULL!;0-5 mph;5 - 15 MPH;2008;Daylight;30-39
35.0901329192, -78.9828226764;"{""type"": ""Point"", ""coordinates"": [-78.98282267638493, 35.090132919216764]}";Black;Fayetteville;Travel Lane;2;10;Urban (>70% Developed);Male;Sport Utility;0;#NULL!;0;0;Black;No;0;40-49;Head-On - Bicyclist;None;No;No;Dry;0;Urban;No;16FEB2008;0;10:22;Female;No;Commercial;C: Possible Injury;No;O: No Injury;5560;February;0;Straight - Level;Coastal;Facing Traffic;Stop And Go Signal;Saturday;Intersection;48;0;Two-Way, Not Divided;5 lanes;0;#NULL!;#NULL!;Coarse Asphalt;#NULL!;No Special Feature;Head-On;Local Street;C: Possible Injury;Cumberland;35;Clear;#NULL!;6-10 mph;40 - 45  MPH;2008;Daylight;30-39
35.0969069227, -78.9158326569;"{""type"": ""Point"", ""coordinates"": [-78.91583265690498, 35.09690692266327]}";Black;Fayetteville;Unknown;2;15;Urban (>70% Developed);Male;Unknown Heavy Truck;0;#NULL!;0;0;White;No;0;40-49;Unknown Approach Paths;None;No;No;Dry;0;Urban;No;22FEB2008;0;15:55;Male;No;Commercial;B: Evident Injury;No;O: No Injury;5571;February;0;Unknown;Coastal;Unknown;Missing;Friday;Intersection-Related;47;0;Unknown;Unknown;0;#NULL!;#NULL!;Unknown;#NULL!;No Special Feature;Other / Unknown - Insufficient Details;Local Street;B: Evident Injury;Cumberland;39;Cloudy;#NULL!;Unknown;Unknown;2008;Daylight;30-39
35.063994916, -78.9120026546;"{""type"": ""Point"", ""coordinates"": [-78.91200265460205, 35.06399491597747]}";White;Fayetteville;Travel Lane;2;16;Urban (>70% Developed);Female;Sport Utility;0;#NULL!;0;0;White;No;0;40-49;Motorist Drive Out - Sign-Controlled Intersection;None;No;No;Dry;0;Urban;No;09APR2008;0;16:35;Male;No;Residential;C: Possible Injury;No;O: No Injury;5573;April;0;Straight - Level;Coastal;With Traffic;Stop Sign;Wednesday;Intersection;42;0;Two-Way, Not Divided;3 lanes;0;#NULL!;#NULL!;Smooth Asphalt;#NULL!;No Special Feature;Motorist Failed to Yield - Sign-Controlled Intersection;Local Street;C: Possible Injury;Cumberland;18;Clear;#NULL!;0-5 mph;30 - 35  MPH;2008;Daylight;0-19
35.8423151284, -77.6157783007;"{""type"": ""Point"", ""coordinates"": [-77.61577830065396, 35.84231512837448]}";Black;None - Rural Crash;Travel Lane;2;11;Rural (<30% Developed);Male;Passenger Car;0;#NULL!;0;0;White;No;0;40-49;Motorist Overtaking - Misjudged Space;None;No;No;Wet;0;Rural;No;26FEB2008;0;11:47;Male;No;Farms, Woods, Pastures;B: Evident Injury;No;O: No Injury;5579;February;0;Straight - Grade;Coastal;With Traffic;Double Yellow Line, No Passing Zone;Tuesday;Non-Intersection;44;0;Two-Way, Not Divided;2 lanes;0;#NULL!;#NULL!;Smooth Asphalt;#NULL!;No Special Feature;Motorist Overtaking Bicyclist;NC Route;B: Evident Injury;Edgecombe;70+;Rain;#NULL!;41-45 mph;50 - 55  MPH;2008;Daylight;70+
35.0984608508, -80.9570572684;"{""type"": ""Point"", ""coordinates"": [-80.9570572683774, 35.0984608507634]}";Hispanic;Charlotte;Travel Lane;2;15;Mixed (30% To 70% Developed);Female;Passenger Car;0;#NULL!;0;0;Other;No;0;30-39;Head-On - Bicyclist;None;No;No;Dry;0;Urban;No;01MAY2008;0;15:55;Female;No;Institutional;B: Evident Injury;Yes;O: No Injury;5581;May;0;Unknown;Piedmont;Facing Traffic;No Control Present;Thursday;Intersection;30;0;Unknown;2 lanes;0;#NULL!;#NULL!;Unknown;#NULL!;No Special Feature;Head-On;Local Street;B: Evident Injury;Mecklenburg;36;Clear;#NULL!;11-15 mph;40 - 45  MPH;2008;Daylight;30-39
35.194769876, -80.8365232381;"{""type"": ""Point"", ""coordinates"": [-80.83652323811215, 35.19476987595373]}";White;Charlotte;Travel Lane;2;18;Urban (>70% Developed);Female;Van;0;#NULL!;0;0;White;No;0;20-24;Bicyclist Overtaking - Other / Unknown;None;No;No;Dry;0;Urban;No;02MAY2008;0;18:33;Female;No;Residential;C: Possible Injury;Yes;O: No Injury;5584;May;0;Straight - Level;Piedmont;With Traffic;Stop And Go Signal;Friday;Non-Intersection;21;0;Two-Way, Divided, Positive Median Barrier;2 lanes;0;#NULL!;#NULL!;Smooth Asphalt;#NULL!;No Special Feature;Bicyclist Overtaking Motorist;Local Street;C: Possible Injury;Mecklenburg;44;Clear;#NULL!;21-25 mph;20 - 25  MPH;2008;Daylight;40-49
35.12682991, -79.4655428242;"{""type"": ""Point"", ""coordinates"": [-79.46554282418042, 35.12682990997424]}";Black;None - Rural Crash;Bike Lane / Paved Shoulder;2;15;Mixed (30% To 70% Developed);Male;Sport Utility;0;#NULL!;0;0;Black;No;0;11-15;Unknown Approach Paths;None;No;No;Dry;0;Rural;No;04MAY2008;0;15:00;Female;No;Residential;C: Possible Injury;Yes;O: No Injury;5585;May;0;Straight - Grade;Piedmont;Unknown;No Control Present;Sunday;Non-Intersection;13;0;Two-Way, Not Divided;2 lanes;0;#NULL!;#NULL!;Smooth Asphalt;#NULL!;No Special Feature;Other / Unknown - Insufficient Details;State Secondary Route;C: Possible Injury;Moore;23;Clear;#NULL!;21-25 mph;20 - 25  MPH;2008;Daylight;20-24
35.3776510168, -77.9374423749;"{""type"": ""Point"", ""coordinates"": [-77.9374423748668, 35.37765101681527]}";White;Goldsboro;Travel Lane;2;15;Urban (>70% Developed);Male;Passenger Car;0;#NULL!;0;0;White;No;0;16-19;Bicyclist Overtaking - Passing on Right;None;No;No;Dry;0;Urban;No;01MAR2008;0;15:24;Female;No;Commercial;C: Possible Injury;No;O: No Injury;5586;March;0;Straight - Level;Coastal;With Traffic;Stop And Go Signal;Saturday;Intersection;19;0;Two-Way, Divided, Unprotected Median;4 lanes;0;#NULL!;#NULL!;Smooth Asphalt;#NULL!;On or Off Ramp;Bicyclist Overtaking Motorist;Local Street;C: Possible Injury;Wayne;61;Clear;#NULL!;0-5 mph;30 - 35  MPH;2008;Daylight;60-69
36.072685101, -79.7703889674;"{""type"": ""Point"", ""coordinates"": [-79.77038896735696, 36.07268510103853]}";Black;Greensboro;Sidewalk / Crosswalk / Driveway Crossing;2;13;Urban (>70% Developed);Male;Passenger Car;0;#NULL!;0;0;Black;No;0;25-29;Bicyclist Ride Through - Signalized Intersection;None;No;No;Dry;0;Urban;No;02MAR2008;0;13:49;Female;No;Commercial;C: Possible Injury;Yes;O: No Injury;5587;March;0;Straight - Level;Piedmont;Facing Traffic;Stop And Go Signal;Sunday;Intersection;25;0;Two-Way, Not Divided;3 lanes;0;#NULL!;#NULL!;Smooth Asphalt;#NULL!;Four-Way Intersection;Bicyclist Failed to Yield - Signalized Intersection;Local Street;C: Possible Injury;Guilford;21;Clear;#NULL!;11-15 mph;30 - 35  MPH;2008;Daylight;20-24
35.1404070023, -76.8433320298;"{""type"": ""Point"", ""coordinates"": [-76.84333202981753, 35.14040700231319]}";White;Grantsboro;Unknown;2;15;Urban (>70% Developed);Male;Passenger Car;0;#NULL!;0;0;Black;No;0;11-15;Unknown Approach Paths;None;No;No;Dry;0;Rural;No;02MAR2008;0;15:40;Female;No;Commercial;O: No Injury;No;O: No Injury;5590;March;0;Straight - Level;Coastal;Unknown;Double Yellow Line, No Passing Zone;Sunday;Non-Intersection;15;0;Two-Way, Not Divided;3 lanes;0;#NULL!;#NULL!;Coarse Asphalt;#NULL!;No Special Feature;Other / Unknown - Insufficient Details;NC Route;O: No Injury;Pamlico;49;Clear;#NULL!;16-20 mph;40 - 45  MPH;2008;Daylight;40-49
35.6133529003, -82.5379677661;"{""type"": ""Point"", ""coordinates"": [-82.53796776612144, 35.61335290026686]}";White;Asheville;Travel Lane;2;14;Rural (<30% Developed);Male;Passenger Car;0;#NULL!;0;0;White;No;0;Unknown;Head-On - Unknown;None;No;No;Dry;0;Urban;No;05MAR2008;0;14:41;Female;No;Residential;C: Possible Injury;Yes;O: No Injury;5595;March;0;Curve - Grade;Mountains;With Traffic;No Control Present;Wednesday;Non-Intersection;Unknown;0;Two-Way, Not Divided;2 lanes;0;#NULL!;#NULL!;Smooth Asphalt;#NULL!;No Special Feature;Head-On;Local Street;C: Possible Injury;Buncombe;53;Clear;#NULL!;16-20 mph;20 - 25  MPH;2008;Daylight;50-59
36.1315871131, -79.7964889778;"{""type"": ""Point"", ""coordinates"": [-79.79648897781739, 36.13158711307956]}";White;Greensboro;Sidewalk / Crosswalk / Driveway Crossing;2;17;Urban (>70% Developed);Male;Unknown;0;#NULL!;0;0;Unknown/Missing;No;0;25-29;Motorist Drive Out - Sign-Controlled Intersection;None;No;No;Dry;0;Urban;Yes;05MAR2008;0;17:56;Unknown;Missing;Commercial;B: Evident Injury;No;Unknown Injury;5596;March;0;Straight - Level;Piedmont;Facing Traffic;Stop Sign;Wednesday;Intersection;28;0;Two-Way, Not Divided;3 lanes;0;#NULL!;#NULL!;Coarse Asphalt;#NULL!;No Special Feature;Motorist Failed to Yield - Sign-Controlled Intersection;Public Vehicular Area;B: Evident Injury;Guilford;Unknown;Clear;#NULL!;Unknown;Unknown;2008;Daylight;Unknown
35.582616957, -80.864103268;"{""type"": ""Point"", ""coordinates"": [-80.8641032680197, 35.58261695703708]}";White;Mooresville;Bike Lane / Paved Shoulder;2;14;Rural (<30% Developed);Male;Light Truck (Mini-Van, Panel);0;#NULL!;0;0;White;No;0;20-24;Parallel Paths - Other / Unknown;None;No;No;Dry;0;Urban;No;01MAR2008;0;14:59;Female;No;Commercial;B: Evident Injury;Yes;O: No Injury;5597;March;0;Straight - Hillcrest;Piedmont;With Traffic;No Control Present;Saturday;Non-Intersection;24;0;Two-Way, Not Divided;2 lanes;0;#NULL!;#NULL!;Smooth Asphalt;#NULL!;No Special Feature;Parallel Paths - Other Circumstances;Local Street;B: Evident Injury;Iredell;70+;Clear;#NULL!;36-40 mph;40 - 45  MPH;2008;Daylight;70+
35.9376070989, -79.0565827433;"{""type"": ""Point"", ""coordinates"": [-79.05658274329302, 35.93760709886191]}";White;Chapel Hill;Travel Lane;2;17;Urban (>70% Developed);Male;Passenger Car;0;#NULL!;0;0;White;No;0;60-69;Bicyclist Left Turn - Same Direction;None;No;No;Dry;0;Urban;No;06MAR2008;0;17:25;Female;No;Residential;A: Disabling Injury;Yes;O: No Injury;5599;March;0;Straight - Level;Piedmont;With Traffic;No Control Present;Thursday;Non-Intersection;65;0;Two-Way, Not Divided;5 lanes;0;#NULL!;#NULL!;Smooth Asphalt;#NULL!;No Special Feature;Bicyclist Left Turn / Merge;Local Street;A: Disabling Injury;Orange;65;Clear;#NULL!;31-35 mph;30 - 35  MPH;2008;Daylight;60-69
35.2785328802, -81.2086633536;"{""type"": ""Point"", ""coordinates"": [-81.20866335362169, 35.27853288018258]}";White;Gastonia;Other;2;16;Urban (>70% Developed);Male;Passenger Car;0;#NULL!;0;0;Black;No;0;60-69;Motorist Lost Control - Oversteering, Improper Braking, Speed;None;No;No;Dry;0;Urban;No;11MAR2008;0;16:33;Male;No;Residential;B: Evident Injury;Yes;O: No Injury;5607;March;0;Curve - Grade;Piedmont;Facing Traffic;Missing;Tuesday;Intersection-Related;69;0;Two-Way, Not Divided;2 lanes;0;#NULL!;#NULL!;Coarse Asphalt;#NULL!;T-Intersection;Loss of Control / Turning Error;Local Street;B: Evident Injury;Gaston;16;Cloudy;#NULL!;26-30 mph;30 - 35  MPH;2008;Daylight;0-19
35.5321228837, -82.5185587556;"{""type"": ""Point"", ""coordinates"": [-82.51855875563177, 35.53212288374248]}";White;Asheville;Unknown;3;8;Urban (>70% Developed);Male;Pickup;0;#NULL!;0;0;White;No;0;60-69;Motorist Lost Control - Other / Unknown;None;No;No;Dry;0;Urban;No;05MAR2008;0;8:27;Male;No;Commercial;B: Evident Injury;Yes;B: Evident Injury;5611;March;0;Straight - Level;Mountains;With Traffic;Double Yellow Line, No Passing Zone;Wednesday;Non-Intersection;60;0;Two-Way, Not Divided;2 lanes;0;#NULL!;#NULL!;Coarse Asphalt;#NULL!;No Special Feature;Loss of Control / Turning Error;US Route;O: No Injury;Buncombe;45;Cloudy;#NULL!;41-45 mph;40 - 45  MPH;2008;Daylight;40-49
35.0751638553, -80.6857331862;"{""type"": ""Point"", ""coordinates"": [-80.68573318620945, 35.075163855270105]}";White;Indian Trail;Travel Lane;2;17;Urban (>70% Developed);Male;Sport Utility;0;#NULL!;0;0;White;No;0;11-15;Bicyclist Ride Through - Sign-Controlled Intersection;None;No;No;Dry;0;Urban;No;18MAR2008;0;17:07;Female;No;Residential;C: Possible Injury;No;O: No Injury;5626;March;0;Straight - Level;Piedmont;With Traffic;Stop Sign;Tuesday;Intersection;12;0;Two-Way, Not Divided;2 lanes;0;#NULL!;#NULL!;Smooth Asphalt;#NULL!;T-Intersection;Bicyclist Failed to Yield - Sign-Controlled Intersection;State Secondary Route;C: Possible Injury;Union;38;Cloudy;#NULL!;31-35 mph;40 - 45  MPH;2008;Daylight;30-39
35.9464471017, -79.0089027296;"{""type"": ""Point"", ""coordinates"": [-79.0089027295738, 35.94644710174162]}";White;Chapel Hill;Travel Lane;2;3;Urban (>70% Developed);Male;Passenger Car;0;#NULL!;0;0;White;No;0;25-29;Motorist Overtaking - Undetected Bicyclist;None;No;No;Wet;0;Urban;No;06APR2008;0;3:20;Male;No;Commercial;C: Possible Injury;No;O: No Injury;5631;April;0;Straight - Level;Piedmont;With Traffic;No Control Present;Sunday;Non-Intersection;26;0;Two-Way, Divided, Unprotected Median;4 lanes;0;#NULL!;#NULL!;Coarse Asphalt;#NULL!;No Special Feature;Motorist Overtaking Bicyclist;US Route;C: Possible Injury;Orange;34;Rain;#NULL!;36-40 mph;40 - 45  MPH;2008;Dark - Roadway Not Lighted;30-39
35.096626948, -78.1668624312;"{""type"": ""Point"", ""coordinates"": [-78.1668624311613, 35.096626947997684]}";Black;None - Rural Crash;Travel Lane;2;20;Rural (<30% Developed);Male;Passenger Car;0;#NULL!;0;0;Black;No;0;40-49;Motorist Overtaking - Other / Unknown;None;Yes;Yes;Dry;0;Rural;No;23MAR2008;0;20:00;Male;No;Farms, Woods, Pastures;B: Evident Injury;Yes;O: No Injury;5635;March;0;Straight - Level;Coastal;With Traffic;No Control Present;Sunday;Non-Intersection;45;0;Two-Way, Not Divided;2 lanes;0;#NULL!;#NULL!;Coarse Asphalt;#NULL!;No Special Feature;Motorist Overtaking Bicyclist;State Secondary Route;B: Evident Injury;Duplin;48;Clear;#NULL!;41-45 mph;50 - 55  MPH;2008;Dark - Roadway Not Lighted;40-49
35.5845640816, -77.3623022104;"{""type"": ""Point"", ""coordinates"": [-77.36230221040896, 35.58456408158301]}";White;Greenville;Travel Lane;2;12;Urban (>70% Developed);Male;Passenger Car;0;#NULL!;0;0;Hispanic;No;0;25-29;Bicyclist Ride Out - Sign-Controlled Intersection;None;No;No;Dry;0;Urban;No;22MAR2008;0;12:57;Male;No;Commercial;K: Killed;Yes;O: No Injury;5640;March;0;Straight - Level;Coastal;With Traffic;No Control Present;Saturday;Intersection;29;0;Two-Way, Not Divided;5 lanes;0;#NULL!;#NULL!;Smooth Asphalt;#NULL!;Four-Way Intersection;Bicyclist Failed to Yield - Sign-Controlled Intersection;NC Route;K: Killed;Pitt;19;Clear;#NULL!;56-60 mph;40 - 45  MPH;2008;Daylight;0-19
35.8622870971, -78.6362126122;"{""type"": ""Point"", ""coordinates"": [-78.6362126122386, 35.86228709711313]}";White;Raleigh;Travel Lane;2;10;Urban (>70% Developed);Female;Passenger Car;0;#NULL!;0;0;White;No;0;50-59;Bicyclist Ride Through - Sign-Controlled Intersection;None;No;No;Dry;0;Urban;No;14JUN2009;0;10:41;Female;No;Residential;B: Evident Injury;Yes;O: No Injury;4956;June;0;Straight - Level;Piedmont;With Traffic;Stop Sign;Sunday;Intersection;54;0;Two-Way, Not Divided;2 lanes;0;#NULL!;#NULL!;Coarse Asphalt;#NULL!;No Special Feature;Bicyclist Failed to Yield - Sign-Controlled Intersection;Local Street;B: Evident Injury;Wake;27;Clear;#NULL!;21-25 mph;40 - 45  MPH;2009;Daylight;25-29
35.77201708, -78.5930425943;"{""type"": ""Point"", ""coordinates"": [-78.59304259427412, 35.77201707997824]}";Black;Raleigh;Unknown;2;16;Urban (>70% Developed);Male;Sport Utility;0;#NULL!;0;0;Unknown/Missing;No;0;20-24;Bicyclist Ride Out - Midblock - Unknown;None;No;No;Dry;0;Urban;Yes;15JUN2009;0;16:23;Unknown;No;Residential;C: Possible Injury;Yes;Unknown Injury;4957;June;0;Straight - Level;Piedmont;Not Applicable;No Control Present;Monday;Non-Intersection;22;0;Two-Way, Not Divided;2 lanes;0;#NULL!;#NULL!;Smooth Asphalt;#NULL!;No Special Feature;Bicyclist Failed to Yield - Midblock;Local Street;C: Possible Injury;Wake;Unknown;Clear;#NULL!;41-45 mph;30 - 35  MPH;2009;Daylight;Unknown
35.7598870751, -78.6375686077;"{""type"": ""Point"", ""coordinates"": [-78.63756860765254, 35.75988707506707]}";Black;Raleigh;Travel Lane;2;18;Urban (>70% Developed);Male;Passenger Car;0;#NULL!;0;0;White;No;0;11-15;Motorist Overtaking - Misjudged Space;None;No;No;Dry;0;Urban;No;22JUN2009;0;18:00;Male;No;Commercial;B: Evident Injury;Yes;O: No Injury;4960;June;0;Straight - Level;Piedmont;With Traffic;No Control Present;Monday;Non-Intersection;15;0;Two-Way, Not Divided;2 lanes;0;#NULL!;#NULL!;Smooth Asphalt;#NULL!;No Special Feature;Motorist Overtaking Bicyclist;Local Street;B: Evident Injury;Wake;49;Clear;#NULL!;31-35 mph;30 - 35  MPH;2009;Daylight;40-49
35.4961270288, -78.3475225059;"{""type"": ""Point"", ""coordinates"": [-78.34752250589642, 35.49612702880005]}";Black;Smithfield;Unknown;2;11;Urban (>70% Developed);Female;Sport Utility;0;#NULL!;0;0;Black;No;0;6-10;Bicyclist Ride Out - Midblock - Unknown;None;No;No;Dry;0;Urban;No;20JUN2009;0;11:11;Female;No;Residential;C: Possible Injury;Yes;O: No Injury;4967;June;0;Straight - Level;Coastal;Not Applicable;No Control Present;Saturday;Non-Intersection;9;0;Two-Way, Not Divided;2 lanes;0;#NULL!;#NULL!;Smooth Asphalt;#NULL!;No Special Feature;Bicyclist Failed to Yield - Midblock;Local Street;C: Possible Injury;Johnston;70+;Clear;#NULL!;21-25 mph;20 - 25  MPH;2009;Daylight;70+
36.0637322104, -76.6032020025;"{""type"": ""Point"", ""coordinates"": [-76.60320200250263, 36.06373221035338]}";Black;Edenton;Sidewalk / Crosswalk / Driveway Crossing;2;17;Urban (>70% Developed);Male;Passenger Car;0;#NULL!;0;0;Black;No;0;11-15;Bicyclist Ride Out - Other Midblock;None;No;No;Dry;0;Urban;No;30JUN2009;0;17:29;Female;No;Residential;C: Possible Injury;Yes;O: No Injury;4971;June;0;Straight - Level;Coastal;Not Applicable;No Control Present;Tuesday;Non-Intersection;12;0;Two-Way, Not Divided;2 lanes;0;#NULL!;#NULL!;Coarse Asphalt;#NULL!;No Special Feature;Bicyclist Failed to Yield - Midblock;Local Street;C: Possible Injury;Chowan;51;Clear;#NULL!;Unknown;Unknown;2009;Daylight;50-59
34.223089766, -77.8664322975;"{""type"": ""Point"", ""coordinates"": [-77.86643229746879, 34.22308976602644]}";White;Wilmington;Sidewalk / Crosswalk / Driveway Crossing;2;16;Urban (>70% Developed);Female;Sport Utility;0;#NULL!;0;0;White;No;0;20-24;Bicyclist Ride Out - Parallel Path;None;No;No;Dry;0;Urban;No;02JUL2009;0;16:20;Male;No;Institutional;B: Evident Injury;No;O: No Injury;4975;July;0;Straight - Level;Coastal;Not Applicable;No Control Present;Thursday;Non-Intersection;21;0;Two-Way, Not Divided;2 lanes;0;#NULL!;#NULL!;Smooth Asphalt;#NULL!;No Special Feature;Parallel Paths - Other Circumstances;State Secondary Route;B: Evident Injury;New Hanover;42;Clear;#NULL!;11-15 mph;20 - 25  MPH;2009;Daylight;40-49
35.0582499121, -78.9928386785;"{""type"": ""Point"", ""coordinates"": [-78.99283867846249, 35.05824991207252]}";Black;Fayetteville;Bike Lane / Paved Shoulder;3;21;Urban (>70% Developed);Male;Passenger Car;0;#NULL!;0;0;Black;No;0;20-24;Sign-Controlled Intersection - Other / Unknown;None;Yes;Yes;Dry;0;Urban;No;03JUL2009;0;21:56;Female;No;Commercial;K: Killed;No;C: Possible Injury;4977;July;0;Straight - Level;Coastal;Unknown;Stop And Go Signal;Friday;Intersection-Related;23;0;Two-Way, Divided, Unprotected Median;4 lanes;0;#NULL!;#NULL!;Coarse Asphalt;#NULL!;Four-Way Intersection;Crossing Paths - Other Circumstances;Local Street;K: Killed;Cumberland;16;Clear;#NULL!;46-50 mph;50 - 55  MPH;2009;Dark - Lighted Roadway;0-19