Geo Point;Geo Shape;BikeRace;City;BikePos;NumUnits;CrashHour;Locality;BikeSex;DrvrVehTyp;NumBikesNo;BikeAlcDrg;NumBikesBI;RteInvdCd;DrvrRace;Workzone;NumBikesCi;BikeAgeGrp;CrashType;RdDefects;CrashAlcoh;BikeAlcoho;RdConditio;DstncMiFrm;RuralUrban;HitRun;CrashDate;NumBikesUI;CrashTime;DrvrSex;DrvrAlcoho;Developmen;CrashSevr;AmbulanceR;DrvrInjury;OBJECTID;CrashMonth;NumBikesKi;RdCharacte;Region;BikeDir;TraffCntrl;CrashDay;CrashLoc;BikeAge;NumBikesTo;RdConfig;NumLanes;NumBikesAI;DrvrAlcDrg;OnRoad;RdSurface;Towrd_Rd;RdFeature;CrashGrp;RdClass;BikeInjury;County;DrvrAge;Weather;FrmRd;DrvrEstSpd;SpeedLimit;CrashYear;LightCond;DrvrAgeGrp
36.0865171019, -79.8410229892;"{""type"": ""Point"", ""coordinates"": [-79.84102298921897, 36.0865171019167]}";White;Greensboro;Sidewalk / Crosswalk / Driveway Crossing;2;14;Urban (>70% Developed);Male;Passenger Car;0;#NULL!;0;0;Black;No;0;11-15;Motorist Drive Out - Right Turn on Red;None;No;No;Dry;0;Urban;No;03JUL2009;0;14:20;Female;No;Commercial;B: Evident Injury;Yes;O: No Injury;4978;July;0;Straight - Level;Piedmont;Facing Traffic;Stop And Go Signal;Friday;Intersection;14;0;Two-Way, Not Divided;4 lanes;0;#NULL!;#NULL!;Smooth Asphalt;#NULL!;Four-Way Intersection;Motorist Failed to Yield - Signalized Intersection;Local Street;B: Evident Injury;Guilford;32;Clear;#NULL!;6-10 mph;30 - 35  MPH;2009;Daylight;30-39
34.9746129126, -78.4258375031;"{""type"": ""Point"", ""coordinates"": [-78.42583750307585, 34.97461291260596]}";Black;None - Rural Crash;Bike Lane / Paved Shoulder;2;4;Rural (<30% Developed);Male;Passenger Car;0;#NULL!;0;0;Black;No;0;16-19;Bicyclist Left Turn - Same Direction;None;No;No;Dry;0;Rural;No;11JUN2009;0;4:20;Female;No;Farms, Woods, Pastures;A: Disabling Injury;Yes;C: Possible Injury;4982;June;0;Straight - Hillcrest;Coastal;With Traffic;Double Yellow Line, No Passing Zone;Thursday;Non-Intersection;16;0;Two-Way, Not Divided;2 lanes;0;#NULL!;#NULL!;Coarse Asphalt;#NULL!;No Special Feature;Bicyclist Left Turn / Merge;NC Route;A: Disabling Injury;Sampson;24;Clear;#NULL!;51-55 mph;50 - 55  MPH;2009;Dark - Roadway Not Lighted;20-24
36.1597872368, -76.4470319596;"{""type"": ""Point"", ""coordinates"": [-76.447031959587, 36.159787236785135]}";Other;None - Rural Crash;Travel Lane;2;16;Rural (<30% Developed);Male;Sport Utility;0;#NULL!;0;0;White;No;0;6-10;Motorist Overtaking - Bicyclist Swerved;None;No;No;Dry;0;Rural;No;16JUL2009;0;16:40;Male;No;Farms, Woods, Pastures;O: No Injury;Yes;O: No Injury;4984;July;0;Straight - Level;Coastal;With Traffic;Double Yellow Line, No Passing Zone;Thursday;Non-Intersection;10;0;Two-Way, Not Divided;2 lanes;0;#NULL!;#NULL!;Smooth Asphalt;#NULL!;No Special Feature;Motorist Overtaking Bicyclist;State Secondary Route;O: No Injury;Perquimans;17;Clear;#NULL!;51-55 mph;50 - 55  MPH;2009;Daylight;0-19
35.5844640499, -78.2912224934;"{""type"": ""Point"", ""coordinates"": [-78.29122249344287, 35.58446404992532]}";Black;None - Rural Crash;Travel Lane;2;14;Rural (<30% Developed);Male;Unknown;0;#NULL!;0;0;Unknown/Missing;No;0;40-49;Motorist Overtaking - Misjudged Space;None;No;No;Dry;0;Rural;Yes;04JUL2009;0;14:37;Unknown;No;Farms, Woods, Pastures;B: Evident Injury;No;Unknown Injury;4988;July;0;Curve - Level;Coastal;With Traffic;Double Yellow Line, No Passing Zone;Saturday;Non-Intersection;45;0;Two-Way, Not Divided;2 lanes;0;#NULL!;#NULL!;Coarse Asphalt;#NULL!;No Special Feature;Motorist Overtaking Bicyclist;NC Route;B: Evident Injury;Johnston;Unknown;Clear;#NULL!;51-55 mph;50 - 55  MPH;2009;Daylight;Unknown
36.0635640987, -79.7827229703;"{""type"": ""Point"", ""coordinates"": [-79.78272297032504, 36.0635640986705]}";Black;Greensboro;Sidewalk / Crosswalk / Driveway Crossing;2;14;Urban (>70% Developed);Male;Pickup;0;#NULL!;0;0;Black;No;0;6-10;Bicyclist Ride Through - Sign-Controlled Intersection;None;No;No;Dry;0;Urban;No;09JUL2009;0;14:32;Male;No;Residential;B: Evident Injury;Yes;O: No Injury;4989;July;0;Straight - Hillcrest;Piedmont;With Traffic;Stop Sign;Thursday;Intersection;8;0;Two-Way, Not Divided;2 lanes;0;#NULL!;#NULL!;Smooth Asphalt;#NULL!;T-Intersection;Bicyclist Failed to Yield - Sign-Controlled Intersection;Local Street;B: Evident Injury;Guilford;47;Clear;#NULL!;21-25 mph;20 - 25  MPH;2009;Daylight;40-49
35.2004428768, -80.8426932401;"{""type"": ""Point"", ""coordinates"": [-80.8426932401171, 35.20044287679326]}";White;Charlotte;Travel Lane;2;12;Urban (>70% Developed);Female;Sport Utility;0;#NULL!;0;0;White;No;0;20-24;Motorist Right Turn - Same Direction;None;No;No;Dry;0;Urban;No;07JUL2009;0;12:18;Female;No;Commercial;C: Possible Injury;Yes;O: No Injury;4991;July;0;Straight - Level;Piedmont;With Traffic;No Control Present;Tuesday;Non-Intersection;23;0;Two-Way, Not Divided;3 lanes;0;#NULL!;#NULL!;Smooth Asphalt;#NULL!;No Special Feature;Motorist Right Turn / Merge;Local Street;C: Possible Injury;Mecklenburg;40;Cloudy;#NULL!;31-35 mph;30 - 35  MPH;2009;Daylight;40-49
35.2199068805, -80.8359182397;"{""type"": ""Point"", ""coordinates"": [-80.83591823966673, 35.21990688053305]}";White;Charlotte;Sidewalk / Crosswalk / Driveway Crossing;2;15;Urban (>70% Developed);Male;Van;0;#NULL!;0;0;White;No;0;16-19;Motorist Drive Out - Commercial Driveway / Alley;None;No;No;Dry;0;Urban;No;04AUG2008;0;15:29;Male;No;Commercial;B: Evident Injury;No;O: No Injury;6002;August;0;Straight - Level;Piedmont;With Traffic;Missing;Monday;Non-Intersection;17;0;One-Way, Not Divided;Unknown;0;#NULL!;#NULL!;Concrete;#NULL!;No Special Feature;Motorist Failed to Yield - Midblock;Local Street;B: Evident Injury;Mecklenburg;28;Clear;#NULL!;0-5 mph;5 - 15 MPH;2008;Daylight;25-29
35.584399897, -82.4616137418;"{""type"": ""Point"", ""coordinates"": [-82.46161374176758, 35.58439989699783]}";White;Asheville;Travel Lane;2;6;Urban (>70% Developed);Female;Passenger Car;0;#NULL!;0;0;White;No;0;20-24;Motorist Overtaking - Undetected Bicyclist;None;No;No;Dry;0;Urban;No;24JUL2008;0;6:55;Male;No;Commercial;B: Evident Injury;Yes;O: No Injury;6006;July;0;Straight - Grade;Mountains;With Traffic;No Control Present;Thursday;Non-Intersection;22;0;Two-Way, Not Divided;5 lanes;0;#NULL!;#NULL!;Smooth Asphalt;#NULL!;No Special Feature;Motorist Overtaking Bicyclist;US Route;B: Evident Injury;Buncombe;25;Clear;#NULL!;41-45 mph;40 - 45  MPH;2008;Daylight;25-29
35.2650598783, -81.1748233427;"{""type"": ""Point"", ""coordinates"": [-81.17482334269111, 35.26505987825163]}";Black;Gastonia;Sidewalk / Crosswalk / Driveway Crossing;2;17;Urban (>70% Developed);Male;Passenger Car;0;#NULL!;0;0;White;No;0;11-15;Motorist Drive Out - Commercial Driveway / Alley;None;No;No;Dry;0;Urban;No;31JUL2008;0;17:43;Female;No;Commercial;B: Evident Injury;Yes;O: No Injury;6024;July;0;Unknown;Piedmont;Facing Traffic;Missing;Thursday;Non-Intersection;12;0;Unknown;Unknown;0;#NULL!;#NULL!;Smooth Asphalt;#NULL!;No Special Feature;Motorist Failed to Yield - Midblock;Local Street;B: Evident Injury;Gaston;28;Clear;#NULL!;Unknown;Unknown;2008;Daylight;25-29
35.9583270685, -80.0087390319;"{""type"": ""Point"", ""coordinates"": [-80.00873903187959, 35.95832706851868]}";White;High Point;Sidewalk / Crosswalk / Driveway Crossing;2;6;Urban (>70% Developed);Female;Passenger Car;0;#NULL!;0;0;Black;No;0;40-49;Signalized Intersection - Other / Unknown;None;No;No;Dry;0;Urban;No;01AUG2008;0;6:48;Female;No;Commercial;B: Evident Injury;Yes;O: No Injury;6029;August;0;Straight - Level;Piedmont;Facing Traffic;Stop And Go Signal;Friday;Intersection;47;0;Two-Way, Not Divided;7 lanes;0;#NULL!;#NULL!;Coarse Asphalt;#NULL!;Four-Way Intersection;Crossing Paths - Other Circumstances;Local Street;B: Evident Injury;Guilford;28;Clear;#NULL!;16-20 mph;30 - 35  MPH;2008;Daylight;25-29
36.0917731058, -79.7416629592;"{""type"": ""Point"", ""coordinates"": [-79.74166295918849, 36.09177310584916]}";Black;Greensboro;Travel Lane;2;20;Urban (>70% Developed);Female;Unknown;0;#NULL!;0;0;Black;No;0;6-10;Motorist Drive Out - Sign-Controlled Intersection;None;No;No;Dry;0;Urban;Yes;11JUL2008;0;20:00;Male;No;Residential;B: Evident Injury;Yes;O: No Injury;6039;July;0;Straight - Level;Piedmont;With Traffic;Stop Sign;Friday;Intersection;8;0;Two-Way, Not Divided;2 lanes;0;#NULL!;#NULL!;Coarse Asphalt;#NULL!;T-Intersection;Motorist Failed to Yield - Sign-Controlled Intersection;Local Street;B: Evident Injury;Guilford;51;Clear;#NULL!;0-5 mph;20 - 25  MPH;2008;Dark - Lighted Roadway;50-59
35.2500718895, -80.7735532224;"{""type"": ""Point"", ""coordinates"": [-80.77355322240935, 35.2500718895401]}";Black;Charlotte;Travel Lane;2;16;Urban (>70% Developed);Male;Passenger Car;0;#NULL!;0;0;Black;No;0;6-10;Motorist Drive Out - Residential Driveway;None;No;No;Dry;0;Urban;No;30AUG2008;0;16:30;Female;No;Residential;B: Evident Injury;Yes;O: No Injury;6047;August;0;Straight - Level;Piedmont;Facing Traffic;No Control Present;Saturday;Non-Intersection;10;0;Two-Way, Divided, Unprotected Median;4 lanes;0;#NULL!;#NULL!;Smooth Asphalt;#NULL!;No Special Feature;Motorist Failed to Yield - Midblock;Local Street;B: Evident Injury;Mecklenburg;30;Clear;#NULL!;Unknown;Unknown;2008;Daylight;30-39
35.8380170917, -78.6439826134;"{""type"": ""Point"", ""coordinates"": [-78.64398261339409, 35.83801709169107]}";White;Raleigh;Travel Lane;2;18;Urban (>70% Developed);Female;Passenger Car;0;#NULL!;0;0;White;No;0;30-39;Motorist Drive Out - Sign-Controlled Intersection;None;No;No;Dry;0;Urban;No;11AUG2008;0;18:27;Female;No;Commercial;B: Evident Injury;Yes;O: No Injury;6050;August;0;Straight - Grade;Piedmont;With Traffic;Stop Sign;Monday;Intersection;30;0;Two-Way, Not Divided;Unknown;0;#NULL!;#NULL!;Smooth Asphalt;#NULL!;Four-Way Intersection;Motorist Failed to Yield - Sign-Controlled Intersection;Public Vehicular Area;B: Evident Injury;Wake;17;Clear;#NULL!;0-5 mph;5 - 15 MPH;2008;Daylight;0-19
35.1999168762, -80.8417132403;"{""type"": ""Point"", ""coordinates"": [-80.84171324026111, 35.19991687624983]}";Black;Charlotte;Sidewalk / Crosswalk / Driveway Crossing;2;17;Urban (>70% Developed);Female;Passenger Car;0;#NULL!;0;0;White;No;0;40-49;Motorist Drive Out - Sign-Controlled Intersection;None;No;No;Dry;0;Urban;No;01SEP2008;0;17:30;Female;Missing;Commercial;B: Evident Injury;Yes;O: No Injury;6062;September;0;Straight - Level;Piedmont;Facing Traffic;Stop Sign;Monday;Intersection;47;0;Two-Way, Not Divided;3 lanes;0;#NULL!;#NULL!;Smooth Asphalt;#NULL!;No Special Feature;Motorist Failed to Yield - Sign-Controlled Intersection;Public Vehicular Area;B: Evident Injury;Mecklenburg;24;Clear;#NULL!;0-5 mph;30 - 35  MPH;2008;Daylight;20-24
35.2245568803, -80.8941132571;"{""type"": ""Point"", ""coordinates"": [-80.89411325713853, 35.22455688025004]}";Black;Charlotte;Sidewalk / Crosswalk / Driveway Crossing;2;21;Urban (>70% Developed);Male;Passenger Car;0;#NULL!;0;0;White;No;0;40-49;Motorist Drive Out - Commercial Driveway / Alley;None;No;No;Dry;0;Urban;No;06SEP2008;0;21:47;Female;No;Commercial;O: No Injury;No;O: No Injury;6068;September;0;Straight - Level;Piedmont;With Traffic;Stop Sign;Saturday;Non-Intersection;40;0;Two-Way, Divided, Positive Median Barrier;6 lanes;0;#NULL!;#NULL!;Smooth Asphalt;#NULL!;No Special Feature;Motorist Failed to Yield - Midblock;Local Street;O: No Injury;Mecklenburg;33;Clear;#NULL!;6-10 mph;40 - 45  MPH;2008;Dark - Lighted Roadway;30-39
35.4525749915, -79.1476777458;"{""type"": ""Point"", ""coordinates"": [-79.1476777457963, 35.45257499150804]}";Black;Sanford;Travel Lane;3;23;Mixed (30% To 70% Developed);Male;Pedalcycle;0;#NULL!;0;0;White;No;0;16-19;Sign-Controlled Intersection - Other / Unknown;None;No;No;Dry;0;Urban;No;14AUG2008;0;23:47;Male;No;Commercial;O: No Injury;Yes;O: No Injury;6071;August;0;Straight - Level;Piedmont;Facing Traffic;Stop Sign;Thursday;Intersection;18;0;Two-Way, Not Divided;6 lanes;0;#NULL!;#NULL!;Smooth Asphalt;#NULL!;Y-Intersection;Crossing Paths - Other Circumstances;Local Street;Unknown Injury;Lee;18;Clear;#NULL!;Unknown;Unknown;2008;Dark - Lighted Roadway;0-19
35.3316418828, -81.4215884195;"{""type"": ""Point"", ""coordinates"": [-81.42158841953065, 35.33164188277365]}";Black;None - Rural Crash;Unknown;2;17;Urban (>70% Developed);Male;Passenger Car;0;#NULL!;0;0;Black;No;0;6-10;Bicyclist Ride Out - Other Midblock;None;No;No;Dry;0;Rural;No;14AUG2008;0;17:34;Female;No;Residential;C: Possible Injury;Yes;O: No Injury;6073;August;0;Straight - Level;Mountains;Not Applicable;Double Yellow Line, No Passing Zone;Thursday;Non-Intersection;9;0;Two-Way, Not Divided;2 lanes;0;#NULL!;#NULL!;Smooth Asphalt;#NULL!;No Special Feature;Bicyclist Failed to Yield - Midblock;State Secondary Route;C: Possible Injury;Cleveland;41;Cloudy;#NULL!;41-45 mph;40 - 45  MPH;2008;Daylight;40-49
35.9254911403, -77.8071423638;"{""type"": ""Point"", ""coordinates"": [-77.8071423638274, 35.92549114029826]}";Black;Rocky Mount;Travel Lane;2;14;Urban (>70% Developed);Male;Passenger Car;0;#NULL!;0;0;Black;No;0;11-15;Bicyclist Ride Out - Sign-Controlled Intersection;None;No;No;Dry;0;Urban;No;09AUG2008;0;14:28;Female;No;Residential;B: Evident Injury;No;O: No Injury;6077;August;0;Straight - Level;Coastal;With Traffic;Stop Sign;Saturday;Intersection;13;0;Two-Way, Not Divided;2 lanes;0;#NULL!;#NULL!;Coarse Asphalt;#NULL!;Four-Way Intersection;Bicyclist Failed to Yield - Sign-Controlled Intersection;Local Street;B: Evident Injury;Nash;38;Clear;#NULL!;31-35 mph;30 - 35  MPH;2008;Daylight;30-39
35.9132570933, -79.0557277422;"{""type"": ""Point"", ""coordinates"": [-79.0557277422188, 35.91325709326712]}";White;Chapel Hill;Travel Lane;2;14;Urban (>70% Developed);Female;Sport Utility;0;#NULL!;0;0;White;No;0;20-24;Bicyclist Overtaking - Passing on Right;None;No;No;Dry;0;Urban;No;18AUG2008;0;14:46;Male;No;Commercial;B: Evident Injury;No;O: No Injury;6093;August;0;Straight - Level;Piedmont;With Traffic;Stop And Go Signal;Monday;Intersection;21;0;Two-Way, Not Divided;4 lanes;0;#NULL!;#NULL!;Smooth Asphalt;#NULL!;Four-Way Intersection;Bicyclist Overtaking Motorist;Local Street;B: Evident Injury;Orange;54;Clear;#NULL!;Unknown;20 - 25  MPH;2008;Daylight;50-59
36.2057720575, -81.6697135438;"{""type"": ""Point"", ""coordinates"": [-81.66971354376152, 36.20577205749261]}";White;Boone;Sidewalk / Crosswalk / Driveway Crossing;2;17;Urban (>70% Developed);Male;Unknown;0;#NULL!;0;0;Unknown/Missing;No;0;16-19;Signalized Intersection - Other / Unknown;None;Yes;Yes;Wet;0;Urban;Yes;26AUG2008;0;17:11;Unknown;Missing;Commercial;B: Evident Injury;Yes;Unknown Injury;6104;August;0;Straight - Level;Mountains;Facing Traffic;Stop And Go Signal;Tuesday;Intersection;19;0;Two-Way, Divided, Unprotected Median;5 lanes;0;#NULL!;#NULL!;Smooth Asphalt;#NULL!;Four-Way Intersection;Crossing Paths - Other Circumstances;Local Street;B: Evident Injury;Watauga;Unknown;Rain;#NULL!;26-30 mph;30 - 35  MPH;2008;Daylight;Unknown
35.376478824, -83.2289239561;"{""type"": ""Point"", ""coordinates"": [-83.22892395606546, 35.37647882401562]}";White;Sylva;Travel Lane;3;14;Mixed (30% To 70% Developed);Male;Pickup;0;#NULL!;0;0;White;No;0;30-39;Head-On - Bicyclist;None;No;No;Dry;0;Rural;No;20AUG2008;0;14:37;Female;No;Residential;B: Evident Injury;Yes;O: No Injury;6113;August;0;Curve - Grade;Mountains;Facing Traffic;No Control Present;Wednesday;Non-Intersection;38;0;Two-Way, Not Divided;2 lanes;0;#NULL!;#NULL!;Smooth Asphalt;#NULL!;No Special Feature;Head-On;Local Street;B: Evident Injury;Jackson;23;Cloudy;#NULL!;21-25 mph;20 - 25  MPH;2008;Daylight;20-24
35.966529146, -77.8906223913;"{""type"": ""Point"", ""coordinates"": [-77.8906223912525, 35.96652914600912]}";White;Rocky Mount;Travel Lane;2;12;Urban (>70% Developed);Male;Unknown;0;#NULL!;0;0;Unknown/Missing;No;0;30-39;Motorist Turning Error - Left Turn;None;No;No;Dry;0;Urban;Yes;13JUL2008;0;12:10;Unknown;Missing;Residential;O: No Injury;No;Unknown Injury;6119;July;0;Straight - Level;Coastal;With Traffic;Stop Sign;Sunday;Intersection;35;0;Two-Way, Not Divided;2 lanes;0;#NULL!;#NULL!;Smooth Asphalt;#NULL!;No Special Feature;Loss of Control / Turning Error;Local Street;O: No Injury;Nash;Unknown;Clear;#NULL!;0-5 mph;30 - 35  MPH;2008;Dark - Unknown Lighting;Unknown
35.6060630708, -77.8171863508;"{""type"": ""Point"", ""coordinates"": [-77.81718635080752, 35.60606307079814]}";Black;None - Rural Crash;Travel Lane;2;11;Mixed (30% To 70% Developed);Male;Passenger Car;0;#NULL!;0;0;White;No;0;11-15;Motorist Overtaking - Other / Unknown;None;No;No;Dry;0;Rural;No;31AUG2008;0;11:14;Male;No;Commercial;B: Evident Injury;Yes;O: No Injury;6128;August;0;Straight - Level;Coastal;With Traffic;Double Yellow Line, No Passing Zone;Sunday;Non-Intersection;15;0;Two-Way, Not Divided;2 lanes;0;#NULL!;#NULL!;Smooth Asphalt;#NULL!;No Special Feature;Motorist Overtaking Bicyclist;NC Route;B: Evident Injury;Wilson;39;Clear;#NULL!;41-45 mph;40 - 45  MPH;2008;Daylight;30-39
35.9766340717, -80.019613037;"{""type"": ""Point"", ""coordinates"": [-80.01961303700784, 35.976634071704545]}";Black;High Point;Sidewalk / Crosswalk / Driveway Crossing;2;18;Urban (>70% Developed);Male;Van;0;#NULL!;0;0;White;No;0;11-15;Bicyclist Lost Control - Other / Unknown;None;No;No;Dry;0;Urban;No;31AUG2008;0;18:20;Male;No;Commercial;C: Possible Injury;Yes;O: No Injury;6129;August;0;Straight - Level;Piedmont;Facing Traffic;Stop And Go Signal;Sunday;Intersection;14;0;Two-Way, Not Divided;5 lanes;0;#NULL!;#NULL!;Smooth Asphalt;#NULL!;Related To Intersection;Loss of Control / Turning Error;Public Vehicular Area;C: Possible Injury;Guilford;70+;Clear;#NULL!;0-5 mph;30 - 35  MPH;2008;Daylight;70+
35.2128208823, -80.7659632179;"{""type"": ""Point"", ""coordinates"": [-80.76596321793593, 35.212820882253865]}";White;Charlotte;Travel Lane;2;17;Urban (>70% Developed);Male;Passenger Car;0;#NULL!;0;0;Black;No;0;60-69;Motorist Drive Out - Sign-Controlled Intersection;None;No;No;Dry;0;Urban;No;23SEP2008;0;17:44;Male;No;Residential;B: Evident Injury;Yes;O: No Injury;6138;September;0;Straight - Level;Piedmont;With Traffic;Stop Sign;Tuesday;Intersection;65;0;Two-Way, Not Divided;2 lanes;0;#NULL!;#NULL!;Smooth Asphalt;#NULL!;No Special Feature;Motorist Failed to Yield - Sign-Controlled Intersection;Local Street;B: Evident Injury;Mecklenburg;32;Clear;#NULL!;6-10 mph;20 - 25  MPH;2008;Daylight;30-39
35.0315849032, -79.0809627039;"{""type"": ""Point"", ""coordinates"": [-79.0809627038827, 35.0315849032309]}";White;Fayetteville;Travel Lane;2;19;Urban (>70% Developed);Female;Sport Utility;0;#NULL!;0;0;Black;No;0;6-10;Bicyclist Ride Through - Sign-Controlled Intersection;None;No;No;Dry;0;Urban;No;03SEP2008;0;19:03;Male;No;Commercial;B: Evident Injury;No;O: No Injury;6142;September;0;Straight - Bottom;Coastal;With Traffic;Stop Sign;Wednesday;Intersection;8;0;Two-Way, Not Divided;2 lanes;0;#NULL!;#NULL!;Smooth Asphalt;#NULL!;T-Intersection;Bicyclist Failed to Yield - Sign-Controlled Intersection;Local Street;B: Evident Injury;Cumberland;39;Clear;#NULL!;21-25 mph;20 - 25  MPH;2008;Daylight;30-39
35.1326769312, -78.8942926527;"{""type"": ""Point"", ""coordinates"": [-78.89429265274751, 35.132676931177464]}";White;Fayetteville;Travel Lane;2;7;Urban (>70% Developed);Male;Passenger Car;0;#NULL!;0;0;Black;No;0;11-15;Bicyclist Ride Out - Sign-Controlled Intersection;None;No;No;Dry;0;Urban;No;10JUL2008;0;7:26;Female;No;Residential;B: Evident Injury;Yes;O: No Injury;6144;July;0;Straight - Level;Coastal;Facing Traffic;No Control Present;Thursday;Intersection;15;0;Two-Way, Not Divided;2 lanes;0;#NULL!;#NULL!;Coarse Asphalt;#NULL!;No Special Feature;Bicyclist Failed to Yield - Sign-Controlled Intersection;Local Street;B: Evident Injury;Cumberland;27;Cloudy;#NULL!;31-35 mph;30 - 35  MPH;2008;Daylight;25-29
34.7114628281, -79.2161967276;"{""type"": ""Point"", ""coordinates"": [-79.21619672755843, 34.7114628281336]}";Native American;None - Rural Crash;Travel Lane;2;22;Rural (<30% Developed);Male;Unknown;0;#NULL!;0;0;Unknown/Missing;No;0;50-59;Head-On - Bicyclist;None;No;No;Dry;0;Rural;Yes;07SEP2008;0;22:15;Unknown;Missing;Farms, Woods, Pastures;C: Possible Injury;Yes;Unknown Injury;6153;September;0;Straight - Level;Coastal;Facing Traffic;No Control Present;Sunday;Non-Intersection;55;0;Two-Way, Not Divided;2 lanes;0;#NULL!;#NULL!;Coarse Asphalt;#NULL!;No Special Feature;Head-On;NC Route;C: Possible Injury;Robeson;Unknown;Clear;#NULL!;51-55 mph;50 - 55  MPH;2008;Dark - Roadway Not Lighted;Unknown
35.6873320689, -78.3887225277;"{""type"": ""Point"", ""coordinates"": [-78.3887225277289, 35.68733206885586]}";White;None - Rural Crash;Travel Lane;2;6;Rural (<30% Developed);Male;Pickup;0;#NULL!;0;0;White;No;0;40-49;Motorist Left Turn - Opposite Direction;None;No;No;Dry;0;Rural;No;09SEP2008;0;6:31;Male;No;Residential;B: Evident Injury;Yes;O: No Injury;6158;September;0;Straight - Level;Coastal;With Traffic;Double Yellow Line, No Passing Zone;Tuesday;Intersection;42;0;Two-Way, Not Divided;2 lanes;0;#NULL!;#NULL!;Smooth Asphalt;#NULL!;T-Intersection;Motorist Left Turn / Merge;State Secondary Route;B: Evident Injury;Johnston;35;Cloudy;#NULL!;51-55 mph;50 - 55  MPH;2008;Dark - Roadway Not Lighted;30-39
35.2670399998, -77.7322123071;"{""type"": ""Point"", ""coordinates"": [-77.73221230708035, 35.267039999849004]}";White;None - Rural Crash;Travel Lane;2;8;Rural (<30% Developed);Male;Passenger Car;0;#NULL!;0;0;Black;No;0;70+;Motorist Overtaking - Other / Unknown;None;No;No;Dry;0;Rural;No;09SEP2008;0;8:10;Female;No;Farms, Woods, Pastures;B: Evident Injury;Yes;O: No Injury;6159;September;0;Straight - Level;Coastal;With Traffic;Missing;Tuesday;Non-Intersection;70+;0;Two-Way, Divided, Unprotected Median;4 lanes;0;#NULL!;#NULL!;Coarse Asphalt;#NULL!;No Special Feature;Motorist Overtaking Bicyclist;US Route;B: Evident Injury;Lenoir;70+;Fog, Smog, Smoke;#NULL!;51-55 mph;50 - 55  MPH;2008;Daylight;70+
36.2154070585, -81.6829185486;"{""type"": ""Point"", ""coordinates"": [-81.6829185486409, 36.21540705849861]}";White;Boone;Travel Lane;2;13;Rural (<30% Developed);Male;Sport Utility;0;#NULL!;0;0;White;No;0;20-24;Bicyclist Overtaking - Other / Unknown;None;No;No;Wet;0;Urban;No;09SEP2008;0;13:59;Female;No;Institutional;B: Evident Injury;No;O: No Injury;6160;September;0;Straight - Level;Mountains;With Traffic;Stop And Go Signal;Tuesday;Non-Intersection;23;0;Two-Way, Not Divided;4 lanes;0;#NULL!;#NULL!;Smooth Asphalt;#NULL!;No Special Feature;Bicyclist Overtaking Motorist;Local Street;B: Evident Injury;Watauga;30;Cloudy;#NULL!;16-20 mph;20 - 25  MPH;2008;Daylight;30-39
34.9943669214, -78.3127724696;"{""type"": ""Point"", ""coordinates"": [-78.31277246959452, 34.99436692136246]}";White;Clinton;Travel Lane;2;6;Urban (>70% Developed);Male;Passenger Car;0;#NULL!;0;0;Hispanic;No;0;20-24;Bicyclist Left Turn - Opposite Direction;None;No;No;Dry;0;Urban;No;10SEP2008;0;6:20;Male;No;Commercial;B: Evident Injury;Yes;O: No Injury;6162;September;0;Straight - Level;Coastal;With Traffic;No Control Present;Wednesday;Non-Intersection;22;0;Two-Way, Not Divided;3 lanes;0;#NULL!;#NULL!;Coarse Asphalt;#NULL!;No Special Feature;Bicyclist Left Turn / Merge;Local Street;B: Evident Injury;Sampson;20;Cloudy;#NULL!;31-35 mph;30 - 35  MPH;2008;Dark - Lighted Roadway;20-24
35.9964441167, -78.9031167001;"{""type"": ""Point"", ""coordinates"": [-78.903116700108, 35.99644411672227]}";Black;Durham;Travel Lane;2;14;Urban (>70% Developed);Female;Unknown;0;#NULL!;0;0;Unknown/Missing;No;0;60-69;Bicyclist Overtaking - Extended Door;None;No;No;Dry;0;Urban;Yes;14JUL2008;0;14:34;Unknown;Missing;Commercial;B: Evident Injury;No;Unknown Injury;6165;July;0;Straight - Grade;Piedmont;With Traffic;No Control Present;Monday;Non-Intersection;60;0;Two-Way, Not Divided;2 lanes;0;#NULL!;#NULL!;Smooth Asphalt;#NULL!;No Special Feature;Bicyclist Overtaking Motorist;Local Street;B: Evident Injury;Durham;Unknown;Clear;#NULL!;0-5 mph;20 - 25  MPH;2008;Daylight;Unknown
35.7850950794, -78.6795726216;"{""type"": ""Point"", ""coordinates"": [-78.67957262162659, 35.78509507943163]}";White;Raleigh;Non-Roadway;2;8;Urban (>70% Developed);Male;Passenger Car;0;#NULL!;0;0;White;No;0;20-24;Non-Roadway;None;No;No;Dry;0;Urban;No;16SEP2008;0;8:13;Male;No;Institutional;C: Possible Injury;No;O: No Injury;6181;September;0;Straight - Hillcrest;Piedmont;Not Applicable;No Control Present;Tuesday;Non-Roadway;20;0;Two-Way, Not Divided;Unknown;0;#NULL!;#NULL!;Smooth Asphalt;#NULL!;Driveway, Public;Non-Roadway;Local Street;C: Possible Injury;Wake;20;Cloudy;#NULL!;0-5 mph;5 - 15 MPH;2008;Daylight;20-24
35.3993970204, -77.9943183941;"{""type"": ""Point"", ""coordinates"": [-77.99431839405575, 35.399397020423145]}";Black;Goldsboro;Bike Lane / Paved Shoulder;2;14;Mixed (30% To 70% Developed);Male;Sport Utility;0;#NULL!;0;0;Black;No;0;30-39;Motorist Intentionally Caused;None;No;No;Dry;0;Urban;No;27SEP2008;0;14:30;Female;No;Residential;B: Evident Injury;No;C: Possible Injury;6193;September;0;Straight - Level;Coastal;With Traffic;No Control Present;Saturday;Non-Intersection;34;0;Two-Way, Not Divided;2 lanes;0;#NULL!;#NULL!;Coarse Asphalt;#NULL!;No Special Feature;Other / Unusual Circumstances;Local Street;B: Evident Injury;Wayne;35;Clear;#NULL!;31-35 mph;30 - 35  MPH;2008;Daylight;30-39