Geo Point;Geo Shape;BikeRace;City;BikePos;NumUnits;CrashHour;Locality;BikeSex;DrvrVehTyp;NumBikesNo;BikeAlcDrg;NumBikesBI;RteInvdCd;DrvrRace;Workzone;NumBikesCi;BikeAgeGrp;CrashType;RdDefects;CrashAlcoh;BikeAlcoho;RdConditio;DstncMiFrm;RuralUrban;HitRun;CrashDate;NumBikesUI;CrashTime;DrvrSex;DrvrAlcoho;Developmen;CrashSevr;AmbulanceR;DrvrInjury;OBJECTID;CrashMonth;NumBikesKi;RdCharacte;Region;BikeDir;TraffCntrl;CrashDay;CrashLoc;BikeAge;NumBikesTo;RdConfig;NumLanes;NumBikesAI;DrvrAlcDrg;OnRoad;RdSurface;Towrd_Rd;RdFeature;CrashGrp;RdClass;BikeInjury;County;DrvrAge;Weather;FrmRd;DrvrEstSpd;SpeedLimit;CrashYear;LightCond;DrvrAgeGrp
36.064960099, -79.7833969703;"{""type"": ""Point"", ""coordinates"": [-79.78339697025159, 36.06496009904077]}";Black;Greensboro;Travel Lane;2;21;Urban (>70% Developed);Male;Passenger Car;0;#NULL!;0;0;White;No;0;Unknown;Motorist Overtaking - Undetected Bicyclist;None;No;No;Dry;0;Urban;No;15SEP2008;0;21:13;Female;No;Residential;B: Evident Injury;Yes;O: No Injury;6202;September;0;Straight - Grade;Piedmont;With Traffic;Stop Sign;Monday;Non-Intersection;Unknown;0;Two-Way, Not Divided;4 lanes;0;#NULL!;#NULL!;Smooth Asphalt;#NULL!;No Special Feature;Motorist Overtaking Bicyclist;Local Street;B: Evident Injury;Guilford;25;Clear;#NULL!;21-25 mph;30 - 35  MPH;2008;Dusk;25-29
33.8876146702, -78.5107624761;"{""type"": ""Point"", ""coordinates"": [-78.51076247605079, 33.887614670179076]}";White;Sunset Beach;Travel Lane;2;11;Rural (<30% Developed);Male;Pickup;0;#NULL!;0;0;White;No;0;60-69;Motorist Drive Out - Sign-Controlled Intersection;None;No;No;Dry;0;Rural;No;28SEP2008;0;11:05;Male;No;Residential;C: Possible Injury;Yes;O: No Injury;6204;September;0;Straight - Level;Coastal;With Traffic;Stop Sign;Sunday;Intersection;67;0;Two-Way, Divided, Unprotected Median;2 lanes;0;#NULL!;#NULL!;Smooth Asphalt;#NULL!;T-Intersection;Motorist Failed to Yield - Sign-Controlled Intersection;Local Street;C: Possible Injury;Brunswick;58;Clear;#NULL!;Unknown;30 - 35  MPH;2008;Daylight;50-59
34.7290148895, -77.5051022117;"{""type"": ""Point"", ""coordinates"": [-77.50510221165241, 34.72901488954311]}";White;None - Rural Crash;Travel Lane;2;19;Rural (<30% Developed);Male;Passenger Car;0;#NULL!;0;0;White;No;0;16-19;Motorist Overtaking - Other / Unknown;None;No;No;Dry;0;Rural;No;28SEP2008;0;19:48;Male;No;Farms, Woods, Pastures;A: Disabling Injury;Yes;O: No Injury;6205;September;0;Straight - Level;Coastal;With Traffic;No Control Present;Sunday;Non-Intersection;17;0;Two-Way, Not Divided;2 lanes;0;#NULL!;#NULL!;Coarse Asphalt;#NULL!;No Special Feature;Motorist Overtaking Bicyclist;State Secondary Route;A: Disabling Injury;Onslow;22;Clear;#NULL!;46-50 mph;50 - 55  MPH;2008;Daylight;20-24
35.9742350718, -80.0067530329;"{""type"": ""Point"", ""coordinates"": [-80.00675303285888, 35.97423507181517]}";Black;High Point;Travel Lane;2;16;Urban (>70% Developed);Male;Pickup;0;#NULL!;0;0;White;No;0;11-15;Bicyclist Ride Out - Sign-Controlled Intersection;None;No;No;Dry;0;Urban;No;30SEP2008;0;16:16;Female;No;Residential;B: Evident Injury;Yes;O: No Injury;6212;September;0;Straight - Level;Piedmont;With Traffic;Yield Sign;Tuesday;Intersection;11;0;Two-Way, Not Divided;2 lanes;0;#NULL!;#NULL!;Smooth Asphalt;#NULL!;Related To Intersection;Bicyclist Failed to Yield - Sign-Controlled Intersection;Local Street;B: Evident Injury;Guilford;39;Clear;#NULL!;31-35 mph;30 - 35  MPH;2008;Daylight;30-39
35.5048019492, -80.6296631934;"{""type"": ""Point"", ""coordinates"": [-80.62966319341442, 35.50480194917455]}";White;Kannapolis;Travel Lane;2;18;Urban (>70% Developed);Female;Sport Utility;0;#NULL!;0;0;White;No;0;50-59;Motorist Overtaking - Undetected Bicyclist;None;No;No;Dry;0;Urban;No;04OCT2008;0;18:04;Male;No;Commercial;A: Disabling Injury;Yes;O: No Injury;6217;October;0;Straight - Grade;Piedmont;With Traffic;No Control Present;Saturday;Non-Intersection;53;0;Two-Way, Not Divided;5 lanes;0;#NULL!;#NULL!;Smooth Asphalt;#NULL!;No Special Feature;Motorist Overtaking Bicyclist;Local Street;A: Disabling Injury;Cabarrus;59;Clear;#NULL!;41-45 mph;40 - 45  MPH;2008;Daylight;50-59
36.2046350573, -81.6686895433;"{""type"": ""Point"", ""coordinates"": [-81.66868954330033, 36.20463505731342]}";White;Boone;Travel Lane;2;15;Urban (>70% Developed);Female;Passenger Car;0;#NULL!;0;0;White;No;0;20-24;Motorist Left Turn - Opposite Direction;None;No;No;Wet;0;Urban;No;09OCT2008;0;15:35;Male;No;Commercial;B: Evident Injury;Yes;O: No Injury;6228;October;0;Straight - Level;Mountains;With Traffic;Missing;Thursday;Non-Intersection;20;0;Two-Way, Not Divided;3 lanes;0;#NULL!;#NULL!;Smooth Asphalt;#NULL!;Driveway, Public;Motorist Left Turn / Merge;Local Street;B: Evident Injury;Watauga;61;Rain;#NULL!;Unknown;30 - 35  MPH;2008;Daylight;60-69
34.9758898945, -78.9758786693;"{""type"": ""Point"", ""coordinates"": [-78.97587866925878, 34.97588989451173]}";White;None - Rural Crash;Travel Lane;2;6;Mixed (30% To 70% Developed);Male;Pickup;0;#NULL!;0;0;White;No;0;25-29;Motorist Drive Out - Sign-Controlled Intersection;None;No;No;Dry;0;Rural;No;15OCT2008;0;6:30;Male;No;Residential;B: Evident Injury;Yes;O: No Injury;6229;October;0;Straight - Level;Coastal;With Traffic;Stop Sign;Wednesday;Intersection;28;0;Two-Way, Not Divided;2 lanes;0;#NULL!;#NULL!;Smooth Asphalt;#NULL!;T-Intersection;Motorist Failed to Yield - Sign-Controlled Intersection;State Secondary Route;B: Evident Injury;Cumberland;50;Clear;#NULL!;0-5 mph;40 - 45  MPH;2008;Dark - Roadway Not Lighted;50-59
36.3366872072, -78.394192564;"{""type"": ""Point"", ""coordinates"": [-78.39419256398496, 36.3366872071774]}";Black;Henderson;Travel Lane;2;16;Urban (>70% Developed);Male;Pickup;0;#NULL!;0;0;Unknown/Missing;No;0;20-24;Motorist Overtaking - Other / Unknown;None;No;No;Dry;0;Urban;Yes;15OCT2008;0;16:00;Unknown;No;Residential;C: Possible Injury;No;Unknown Injury;6230;October;0;Curve - Level;Piedmont;With Traffic;Double Yellow Line, No Passing Zone;Wednesday;Non-Intersection;21;0;Two-Way, Not Divided;2 lanes;0;#NULL!;#NULL!;Coarse Asphalt;#NULL!;No Special Feature;Motorist Overtaking Bicyclist;State Secondary Route;C: Possible Injury;Vance;Unknown;Clear;#NULL!;31-35 mph;30 - 35  MPH;2008;Daylight;Unknown
34.6756318218, -79.1877087177;"{""type"": ""Point"", ""coordinates"": [-79.18770871768835, 34.675631821794326]}";Native American;Pembroke;Bike Lane / Paved Shoulder;2;20;Urban (>70% Developed);Male;Passenger Car;0;#NULL!;0;0;Unknown/Missing;No;0;40-49;Head-On - Bicyclist;None;No;No;Wet;0;Rural;Yes;24OCT2008;0;20:45;Unknown;Missing;Commercial;O: No Injury;Yes;Unknown Injury;6252;October;0;Straight - Level;Coastal;Facing Traffic;Stop Sign;Friday;Intersection;42;0;Two-Way, Not Divided;4 lanes;0;#NULL!;#NULL!;Smooth Asphalt;#NULL!;T-Intersection;Head-On;Local Street;O: No Injury;Robeson;Unknown;Cloudy;#NULL!;Unknown;Unknown;2008;Dark - Lighted Roadway;Unknown
34.2080947629, -77.8607122952;"{""type"": ""Point"", ""coordinates"": [-77.86071229515139, 34.208094762881345]}";White;Wilmington;Travel Lane;2;10;Urban (>70% Developed);Female;Passenger Car;0;#NULL!;0;0;White;No;0;25-29;Motorist Drive Out - Sign-Controlled Intersection;None;No;No;Dry;0;Urban;No;13OCT2008;0;10:44;Male;No;Commercial;C: Possible Injury;Yes;O: No Injury;6253;October;0;Straight - Level;Coastal;Facing Traffic;Stop Sign;Monday;Intersection;25;0;Two-Way, Not Divided;5 lanes;0;#NULL!;#NULL!;Coarse Asphalt;#NULL!;T-Intersection;Motorist Failed to Yield - Sign-Controlled Intersection;Local Street;C: Possible Injury;New Hanover;61;Clear;#NULL!;0-5 mph;40 - 45  MPH;2008;Daylight;60-69
35.9098670932, -79.04728274;"{""type"": ""Point"", ""coordinates"": [-79.04728273999953, 35.90986709315616]}";Native American;Chapel Hill;Travel Lane;2;7;Mixed (30% To 70% Developed);Male;Sport Utility;0;#NULL!;0;0;White;No;0;30-39;Motorist Drive In / Out - Parking;None;No;No;Dry;0;Urban;No;08OCT2008;0;7:56;Male;No;Institutional;B: Evident Injury;Yes;O: No Injury;6260;October;0;Straight - Level;Piedmont;With Traffic;Missing;Wednesday;Non-Intersection;39;0;Two-Way, Not Divided;2 lanes;0;#NULL!;#NULL!;Smooth Asphalt;#NULL!;No Special Feature;Parking / Bus-Related;Local Street;B: Evident Injury;Orange;36;Clear;#NULL!;0-5 mph;20 - 25  MPH;2008;Daylight;30-39
36.2998371925, -78.5826126203;"{""type"": ""Point"", ""coordinates"": [-78.58261262030427, 36.29983719248751]}";Black;Oxford;Non-Roadway;2;17;Urban (>70% Developed);Male;Passenger Car;0;#NULL!;0;0;Black;No;0;16-19;Non-Roadway;None;No;No;Dry;0;Urban;No;26AUG2008;0;17:20;Female;No;Commercial;C: Possible Injury;Yes;O: No Injury;6262;August;0;Straight - Level;Piedmont;Not Applicable;No Control Present;Tuesday;Non-Roadway;18;0;One-Way, Not Divided;Unknown;0;#NULL!;#NULL!;Smooth Asphalt;#NULL!;Driveway, Public;Non-Roadway;Public Vehicular Area;C: Possible Injury;Granville;50;Clear;#NULL!;6-10 mph;5 - 15 MPH;2008;Daylight;50-59
35.7447690708, -78.6782176195;"{""type"": ""Point"", ""coordinates"": [-78.67821761945025, 35.74476907081965]}";Black;Raleigh;Bike Lane / Paved Shoulder;2;1;Urban (>70% Developed);Male;Pickup;0;#NULL!;0;0;Hispanic;No;0;16-19;Head-On - Bicyclist;None;Yes;No;Dry;0;Urban;No;25AUG2008;0;1:44;Male;Yes;Commercial;B: Evident Injury;No;O: No Injury;6266;August;0;Straight - Level;Piedmont;Facing Traffic;No Control Present;Monday;Non-Intersection;16;0;Two-Way, Not Divided;1 lane;0;#NULL!;#NULL!;Coarse Asphalt;#NULL!;No Special Feature;Head-On;Local Street;B: Evident Injury;Wake;34;Clear;#NULL!;56-60 mph;30 - 35  MPH;2008;Dark - Lighted Roadway;30-39
35.9662391484, -77.816912369;"{""type"": ""Point"", ""coordinates"": [-77.8169123689506, 35.96623914843226]}";White;Rocky Mount;Travel Lane;2;20;Urban (>70% Developed);Male;Van;0;#NULL!;0;0;Hispanic;No;0;40-49;Head-On - Bicyclist;None;No;No;Dry;0;Urban;No;30SEP2008;0;20:08;Male;No;Commercial;K: Killed;Yes;O: No Injury;6274;September;0;Straight - Level;Coastal;Facing Traffic;Stop And Go Signal;Tuesday;Non-Intersection;45;0;Two-Way, Divided, Unprotected Median;4 lanes;0;#NULL!;#NULL!;Concrete;#NULL!;No Special Feature;Head-On;Local Street;K: Killed;Nash;52;Clear;#NULL!;36-40 mph;40 - 45  MPH;2008;Dark - Lighted Roadway;50-59
35.1440418631, -80.8904032516;"{""type"": ""Point"", ""coordinates"": [-80.89040325162547, 35.14404186310588]}";Hispanic;Charlotte;Travel Lane;2;8;Urban (>70% Developed);Male;Passenger Car;0;#NULL!;0;0;Hispanic;No;0;20-24;Head-On - Bicyclist;None;No;No;Dry;0;Urban;Yes;06NOV2008;0;8:17;Male;No;Residential;C: Possible Injury;Yes;O: No Injury;6276;November;0;Straight - Level;Piedmont;Facing Traffic;No Control Present;Thursday;Intersection-Related;22;0;Two-Way, Not Divided;2 lanes;0;#NULL!;#NULL!;Smooth Asphalt;#NULL!;T-Intersection;Head-On;Local Street;C: Possible Injury;Mecklenburg;16;Clear;#NULL!;31-35 mph;20 - 25  MPH;2008;Daylight;0-19
35.677277054, -78.7370176329;"{""type"": ""Point"", ""coordinates"": [-78.737017632898, 35.67727705395887]}";White;None - Rural Crash;Travel Lane;2;10;Mixed (30% To 70% Developed);Male;Passenger Car;0;#NULL!;0;0;White;No;0;40-49;Motorist Right Turn - Same Direction;None;No;No;Dry;0;Rural;No;11OCT2008;0;10:31;Female;No;Residential;B: Evident Injury;Yes;O: No Injury;6277;October;0;Straight - Level;Piedmont;With Traffic;Double Yellow Line, No Passing Zone;Saturday;Intersection;41;0;Two-Way, Not Divided;2 lanes;0;#NULL!;#NULL!;Smooth Asphalt;#NULL!;T-Intersection;Motorist Right Turn / Merge;State Secondary Route;B: Evident Injury;Wake;70+;Cloudy;#NULL!;36-40 mph;40 - 45  MPH;2008;Daylight;70+
35.0317529028, -79.0952827073;"{""type"": ""Point"", ""coordinates"": [-79.09528270730661, 35.03175290279888]}";White;None - Rural Crash;Travel Lane;2;13;Mixed (30% To 70% Developed);Male;Passenger Car;0;#NULL!;0;0;White;No;0;40-49;Signalized Intersection - Other / Unknown;None;No;No;Dry;0;Rural;No;13OCT2008;0;13:36;Female;No;Commercial;C: Possible Injury;Yes;O: No Injury;6278;October;0;Straight - Level;Coastal;With Traffic;Stop And Go Signal;Monday;Intersection;45;0;Two-Way, Divided, Unprotected Median;4 lanes;0;#NULL!;#NULL!;Smooth Asphalt;#NULL!;Four-Way Intersection;Crossing Paths - Other Circumstances;US Route;C: Possible Injury;Hoke;53;Clear;#NULL!;11-15 mph;50 - 55  MPH;2008;Daylight;50-59
36.4331372493, -77.7716523795;"{""type"": ""Point"", ""coordinates"": [-77.77165237950494, 36.43313724933393]}";Black;None - Rural Crash;Bike Lane / Paved Shoulder;2;19;Rural (<30% Developed);Male;Unknown;0;#NULL!;0;0;Unknown/Missing;No;0;20-24;Head-On - Motorist;None;No;No;Dry;0;Rural;Yes;07OCT2008;0;19:07;Unknown;Missing;Farms, Woods, Pastures;C: Possible Injury;Yes;Unknown Injury;6279;October;0;Straight - Bottom;Coastal;With Traffic;Double Yellow Line, No Passing Zone;Tuesday;Non-Intersection;20;0;Two-Way, Not Divided;2 lanes;0;#NULL!;#NULL!;Smooth Asphalt;#NULL!;No Special Feature;Head-On;State Secondary Route;C: Possible Injury;Halifax;Unknown;Clear;#NULL!;41-45 mph;50 - 55  MPH;2008;Dusk;Unknown
34.7470538981, -77.3684521709;"{""type"": ""Point"", ""coordinates"": [-77.36845217093793, 34.747053898125905]}";White;Jacksonville;Travel Lane;2;12;Urban (>70% Developed);Male;Pickup;0;#NULL!;0;0;White;No;0;50-59;Motorist Left Turn - Same Direction;None;No;No;Dry;0;Urban;No;26OCT2008;0;12:41;Male;No;Residential;C: Possible Injury;No;O: No Injury;6281;October;0;Straight - Level;Coastal;Facing Traffic;Stop Sign;Sunday;Intersection;57;0;Two-Way, Not Divided;2 lanes;0;#NULL!;#NULL!;Smooth Asphalt;#NULL!;Four-Way Intersection;Motorist Left Turn / Merge;Local Street;C: Possible Injury;Onslow;35;Clear;#NULL!;21-25 mph;20 - 25  MPH;2008;Daylight;30-39
35.6752729995, -80.2427630872;"{""type"": ""Point"", ""coordinates"": [-80.24276308721781, 35.67527299949026]}";White;None - Rural Crash;Travel Lane;2;14;Rural (<30% Developed);Male;Passenger Car;0;#NULL!;0;0;White;No;0;25-29;Motorist Right Turn - Same Direction;None;No;No;Dry;0;Rural;No;25OCT2008;0;14:28;Male;No;Residential;O: No Injury;No;O: No Injury;6284;October;0;Curve - Grade;Piedmont;With Traffic;No Control Present;Saturday;Non-Intersection;27;0;Two-Way, Not Divided;2 lanes;0;#NULL!;#NULL!;Smooth Asphalt;#NULL!;Driveway, Private;Motorist Right Turn / Merge;State Secondary Route;O: No Injury;Davidson;20;Clear;#NULL!;0-5 mph;20 - 25  MPH;2008;Dark - Roadway Not Lighted;20-24
34.7486969157, -76.8369770095;"{""type"": ""Point"", ""coordinates"": [-76.83697700949875, 34.748696915733646]}";White;None - Rural Crash;Travel Lane;2;18;Rural (<30% Developed);Female;Pickup;0;#NULL!;0;0;White;No;0;40-49;Motorist Overtaking - Misjudged Space;None;No;No;Wet;0;Rural;No;13NOV2008;0;18:26;Female;No;Farms, Woods, Pastures;C: Possible Injury;Yes;O: No Injury;6298;November;0;Straight - Level;Coastal;With Traffic;No Control Present;Thursday;Non-Intersection;46;0;Two-Way, Divided, Unprotected Median;4 lanes;0;#NULL!;#NULL!;Coarse Asphalt;#NULL!;No Special Feature;Motorist Overtaking Bicyclist;US Route;C: Possible Injury;Carteret;26;Cloudy;#NULL!;51-55 mph;50 - 55  MPH;2008;Dark - Roadway Not Lighted;25-29
36.5021471595, -80.6141392455;"{""type"": ""Point"", ""coordinates"": [-80.61413924548465, 36.50214715953406]}";White;Mount Airy;Sidewalk / Crosswalk / Driveway Crossing;2;11;Urban (>70% Developed);Male;Pickup;0;#NULL!;0;0;White;No;0;20-24;Motorist Right Turn - Opposite Direction;None;No;No;Dry;0;Urban;No;27OCT2008;0;11:40;Male;No;Commercial;C: Possible Injury;No;O: No Injury;6302;October;0;Straight - Grade;Mountains;Facing Traffic;Missing;Monday;Non-Intersection;20;0;Two-Way, Not Divided;2 lanes;0;#NULL!;#NULL!;Smooth Asphalt;#NULL!;Driveway, Public;Motorist Right Turn / Merge;NC Route;C: Possible Injury;Surry;60;Clear;#NULL!;0-5 mph;30 - 35  MPH;2008;Daylight;60-69
35.0710289172, -78.9239226585;"{""type"": ""Point"", ""coordinates"": [-78.92392265854483, 35.071028917235125]}";Black;Fayetteville;Travel Lane;2;17;Urban (>70% Developed);Male;Passenger Car;0;#NULL!;0;0;Black;No;0;40-49;Signalized Intersection - Other / Unknown;None;No;No;Dry;0;Urban;No;30OCT2008;0;17:06;Female;No;Commercial;C: Possible Injury;Yes;O: No Injury;6303;October;0;Straight - Level;Coastal;Facing Traffic;Stop And Go Signal;Thursday;Intersection;44;0;Two-Way, Divided, Unprotected Median;6 lanes;0;#NULL!;#NULL!;Coarse Asphalt;#NULL!;T-Intersection;Crossing Paths - Other Circumstances;Local Street;C: Possible Injury;Cumberland;20;Clear;#NULL!;6-10 mph;20 - 25  MPH;2008;Daylight;20-24
34.7283739173, -76.648477951;"{""type"": ""Point"", ""coordinates"": [-76.64847795099111, 34.728373917278304]}";White;Beaufort;Travel Lane;2;22;Urban (>70% Developed);Male;Pickup;0;#NULL!;0;0;Unknown/Missing;No;0;25-29;Motorist Overtaking - Misjudged Space;None;Yes;Yes;Wet;0;Rural;Yes;15NOV2008;0;22:30;Unknown;Missing;Institutional;C: Possible Injury;Yes;Unknown Injury;6304;November;0;Straight - Level;Coastal;With Traffic;No Control Present;Saturday;Non-Intersection;29;0;Two-Way, Divided, Unprotected Median;2 lanes;0;#NULL!;#NULL!;Smooth Asphalt;#NULL!;No Special Feature;Motorist Overtaking Bicyclist;NC Route;C: Possible Injury;Carteret;Unknown;Rain;#NULL!;31-35 mph;30 - 35  MPH;2008;Dark - Lighted Roadway;Unknown
36.084357099, -79.8910480039;"{""type"": ""Point"", ""coordinates"": [-79.89104800391269, 36.084357098963814]}";White;Greensboro;Sidewalk / Crosswalk / Driveway Crossing;2;16;Urban (>70% Developed);Male;Sport Utility;0;#NULL!;0;0;Black;No;0;25-29;Motorist Drive Out - Commercial Driveway / Alley;None;No;No;Dry;0;Urban;No;12OCT2008;0;16:36;Female;No;Commercial;C: Possible Injury;No;O: No Injury;6310;October;0;Straight - Level;Piedmont;With Traffic;No Control Present;Sunday;Non-Intersection;25;0;Two-Way, Not Divided;5 lanes;0;#NULL!;#NULL!;Smooth Asphalt;#NULL!;No Special Feature;Motorist Failed to Yield - Midblock;Local Street;C: Possible Injury;Guilford;33;Clear;#NULL!;0-5 mph;30 - 35  MPH;2008;Daylight;30-39
34.9621189228, -78.0476173881;"{""type"": ""Point"", ""coordinates"": [-78.04761738809928, 34.9621189227852]}";White;None - Rural Crash;Travel Lane;2;18;Mixed (30% To 70% Developed);Male;Light Truck (Mini-Van, Panel);0;#NULL!;0;0;Black;No;0;11-15;Bicyclist Left Turn - Same Direction;None;No;No;Dry;0;Rural;No;25NOV2008;0;18:30;Female;No;Farms, Woods, Pastures;B: Evident Injury;Yes;O: No Injury;6325;November;0;Straight - Level;Coastal;With Traffic;No Control Present;Tuesday;Non-Intersection;11;0;Two-Way, Not Divided;2 lanes;0;#NULL!;#NULL!;Coarse Asphalt;#NULL!;No Special Feature;Bicyclist Left Turn / Merge;State Secondary Route;B: Evident Injury;Duplin;37;Clear;#NULL!;51-55 mph;50 - 55  MPH;2008;Dark - Roadway Not Lighted;30-39
35.3281399088, -80.6988482043;"{""type"": ""Point"", ""coordinates"": [-80.69884820432256, 35.32813990883704]}";Hispanic;Charlotte;Travel Lane;2;14;Mixed (30% To 70% Developed);Male;Passenger Car;0;#NULL!;0;0;White;No;0;6-10;Bicyclist Lost Control - Other / Unknown;None;No;No;Dry;0;Urban;No;27NOV2008;0;14:27;Male;No;Residential;B: Evident Injury;Yes;O: No Injury;6326;November;0;Straight - Grade;Piedmont;With Traffic;No Control Present;Thursday;Non-Intersection;9;0;Two-Way, Not Divided;2 lanes;0;#NULL!;#NULL!;Smooth Asphalt;#NULL!;No Special Feature;Loss of Control / Turning Error;Local Street;B: Evident Injury;Mecklenburg;58;Clear;#NULL!;16-20 mph;20 - 25  MPH;2008;Daylight;50-59
35.2183868813, -80.8111032322;"{""type"": ""Point"", ""coordinates"": [-80.81110323220202, 35.21838688134828]}";Black;Charlotte;Sidewalk / Crosswalk / Driveway Crossing;2;20;Urban (>70% Developed);Male;Passenger Car;0;#NULL!;0;0;Unknown/Missing;No;0;40-49;Motorist Drive Out - Sign-Controlled Intersection;None;No;No;Dry;0;Urban;Yes;02DEC2008;0;20:05;Unknown;Missing;Commercial;C: Possible Injury;Yes;Unknown Injury;6336;December;0;Straight - Level;Piedmont;Facing Traffic;Stop Sign;Tuesday;Intersection;45;0;Two-Way, Not Divided;2 lanes;0;#NULL!;#NULL!;Smooth Asphalt;#NULL!;Four-Way Intersection;Motorist Failed to Yield - Sign-Controlled Intersection;Local Street;C: Possible Injury;Mecklenburg;Unknown;Clear;#NULL!;Unknown;Unknown;2008;Dark - Lighted Roadway;Unknown
36.0060071173, -78.9478787144;"{""type"": ""Point"", ""coordinates"": [-78.94787871442298, 36.006007117264495]}";White;Durham;Travel Lane;2;16;Urban (>70% Developed);Female;Passenger Car;0;#NULL!;0;0;White;No;0;25-29;Bicyclist Left Turn - Same Direction;None;No;No;Dry;0;Urban;No;02DEC2008;0;16:40;Male;No;Commercial;C: Possible Injury;Yes;O: No Injury;6339;December;0;Straight - Level;Piedmont;With Traffic;No Control Present;Tuesday;Non-Intersection;25;0;Two-Way, Not Divided;5 lanes;0;#NULL!;#NULL!;Concrete;#NULL!;No Special Feature;Bicyclist Left Turn / Merge;Local Street;C: Possible Injury;Durham;48;Clear;#NULL!;31-35 mph;30 - 35  MPH;2008;Daylight;40-49
35.3539670283, -77.466022231;"{""type"": ""Point"", ""coordinates"": [-77.46602223104787, 35.35396702826428]}";Black;None - Rural Crash;Bike Lane / Paved Shoulder;2;6;Mixed (30% To 70% Developed);Male;Single Unit Truck (2-Axle, 6-Tire);0;#NULL!;0;0;White;No;0;30-39;Motorist Overtaking - Other / Unknown;None;No;No;Wet;0;Rural;No;13NOV2008;0;6:15;Male;No;Farms, Woods, Pastures;K: Killed;Yes;O: No Injury;6341;November;0;Straight - Level;Coastal;With Traffic;No Control Present;Thursday;Non-Intersection;35;0;Two-Way, Divided, Unprotected Median;4 lanes;0;#NULL!;#NULL!;Smooth Asphalt;#NULL!;No Special Feature;Motorist Overtaking Bicyclist;NC Route;K: Killed;Lenoir;29;Cloudy;#NULL!;36-40 mph;60 - 75 MPH;2008;Dark - Roadway Not Lighted;25-29
35.606242898, -82.5531837702;"{""type"": ""Point"", ""coordinates"": [-82.55318377018408, 35.60624289804904]}";White;Asheville;Sidewalk / Crosswalk / Driveway Crossing;2;14;Urban (>70% Developed);Male;Passenger Car;0;#NULL!;0;0;White;No;0;20-24;Motorist Right Turn - Same Direction;None;No;No;Dry;0;Urban;No;12NOV2008;0;14:16;Female;No;Commercial;O: No Injury;No;O: No Injury;6344;November;0;Straight - Level;Mountains;With Traffic;No Control Present;Wednesday;Non-Intersection;24;0;Two-Way, Not Divided;4 lanes;0;#NULL!;#NULL!;Smooth Asphalt;#NULL!;Driveway, Public;Motorist Right Turn / Merge;Local Street;O: No Injury;Buncombe;Unknown;Clear;#NULL!;21-25 mph;30 - 35  MPH;2008;Daylight;Unknown
34.7030468272, -79.1931427202;"{""type"": ""Point"", ""coordinates"": [-79.1931427202317, 34.703046827229116]}";Native American;None - Rural Crash;Travel Lane;2;22;Rural (<30% Developed);Male;Light Truck (Mini-Van, Panel);0;#NULL!;0;0;Unknown/Missing;No;0;50-59;Motorist Left Turn - Opposite Direction;None;No;No;Dry;0;Rural;Yes;05DEC2008;0;22:20;Unknown;No;Farms, Woods, Pastures;A: Disabling Injury;Yes;Unknown Injury;6348;December;0;Straight - Level;Coastal;With Traffic;Double Yellow Line, No Passing Zone;Friday;Intersection;53;0;Two-Way, Not Divided;2 lanes;0;#NULL!;#NULL!;Coarse Asphalt;#NULL!;T-Intersection;Motorist Left Turn / Merge;State Secondary Route;A: Disabling Injury;Robeson;Unknown;Clear;#NULL!;31-35 mph;50 - 55  MPH;2008;Dark - Roadway Not Lighted;Unknown
34.2335197638, -77.9960523366;"{""type"": ""Point"", ""coordinates"": [-77.99605233661427, 34.2335197637583]}";Hispanic;Leland;Bike Lane / Paved Shoulder;2;16;Urban (>70% Developed);Female;Pickup;0;#NULL!;0;0;White;No;0;40-49;Motorist Drive Out - Commercial Driveway / Alley;None;No;No;Unknown;0;Rural;No;16NOV2008;0;16:50;Male;No;Farms, Woods, Pastures;B: Evident Injury;Yes;O: No Injury;6353;November;0;Straight - Level;Coastal;Facing Traffic;No Control Present;Sunday;Non-Intersection;47;0;Two-Way, Not Divided;5 lanes;0;#NULL!;#NULL!;Coarse Asphalt;#NULL!;Driveway, Public;Motorist Failed to Yield - Midblock;Local Street;B: Evident Injury;Brunswick;56;Clear;#NULL!;0-5 mph;40 - 45  MPH;2008;Daylight;50-59
36.0795870855, -80.238683108;"{""type"": ""Point"", ""coordinates"": [-80.23868310797104, 36.07958708547866]}";Black;Winston-Salem;Travel Lane;2;13;Urban (>70% Developed);Male;Sport Utility;0;#NULL!;0;0;Black;No;0;40-49;Motorist Right Turn - Same Direction;None;No;No;Dry;0;Urban;No;19NOV2008;0;13:00;Male;No;Commercial;C: Possible Injury;No;O: No Injury;6359;November;0;Curve - Bottom;Piedmont;With Traffic;Missing;Wednesday;Non-Intersection;46;0;Two-Way, Not Divided;3 lanes;0;#NULL!;#NULL!;Coarse Asphalt;#NULL!;No Special Feature;Motorist Right Turn / Merge;Local Street;C: Possible Injury;Forsyth;59;Clear;#NULL!;6-10 mph;30 - 35  MPH;2008;Daylight;50-59