Geo Point;Geo Shape;BikeRace;City;BikePos;NumUnits;CrashHour;Locality;BikeSex;DrvrVehTyp;NumBikesNo;BikeAlcDrg;NumBikesBI;RteInvdCd;DrvrRace;Workzone;NumBikesCi;BikeAgeGrp;CrashType;RdDefects;CrashAlcoh;BikeAlcoho;RdConditio;DstncMiFrm;RuralUrban;HitRun;CrashDate;NumBikesUI;CrashTime;DrvrSex;DrvrAlcoho;Developmen;CrashSevr;AmbulanceR;DrvrInjury;OBJECTID;CrashMonth;NumBikesKi;RdCharacte;Region;BikeDir;TraffCntrl;CrashDay;CrashLoc;BikeAge;NumBikesTo;RdConfig;NumLanes;NumBikesAI;DrvrAlcDrg;OnRoad;RdSurface;Towrd_Rd;RdFeature;CrashGrp;RdClass;BikeInjury;County;DrvrAge;Weather;FrmRd;DrvrEstSpd;SpeedLimit;CrashYear;LightCond;DrvrAgeGrp
35.7799370803, -78.6146226015;"{""type"": ""Point"", ""coordinates"": [-78.61462260146452, 35.7799370802867]}";Black;Raleigh;Unknown;2;17;Urban (>70% Developed);Male;Passenger Car;0;#NULL!;0;0;Black;No;0;6-10;Crossing Paths - Uncontrolled Intersection;None;No;No;Dry;0;Urban;No;03NOV2008;0;17:07;Male;No;Commercial;O: No Injury;Yes;O: No Injury;6366;November;0;Straight - Grade;Piedmont;Not Applicable;Missing;Monday;Intersection-Related;9;0;Two-Way, Divided, Unprotected Median;7 lanes;0;#NULL!;#NULL!;Smooth Asphalt;#NULL!;No Special Feature;Crossing Paths - Other Circumstances;Local Street;Unknown Injury;Wake;31;Cloudy;#NULL!;Unknown;Unknown;2008;Dark - Roadway Not Lighted;30-39
36.1643631032, -80.2338831117;"{""type"": ""Point"", ""coordinates"": [-80.23388311174271, 36.164363103166075]}";Hispanic;Winston-Salem;Travel Lane;3;8;Urban (>70% Developed);Male;Single Unit Truck (3 Or More Axles);0;#NULL!;0;0;White;No;0;20-24;Motorist Overtaking - Other / Unknown;None;No;No;Dry;0;Urban;No;19NOV2008;0;8:20;Male;No;Commercial;C: Possible Injury;Yes;O: No Injury;6367;November;0;Straight - Level;Piedmont;With Traffic;No Control Present;Wednesday;Non-Intersection;20;0;Two-Way, Not Divided;2 lanes;0;#NULL!;#NULL!;Smooth Asphalt;#NULL!;No Special Feature;Motorist Overtaking Bicyclist;Local Street;C: Possible Injury;Forsyth;39;Clear;#NULL!;26-30 mph;30 - 35  MPH;2008;Daylight;30-39
35.2724450058, -77.5858222627;"{""type"": ""Point"", ""coordinates"": [-77.5858222626914, 35.27244500575666]}";Black;Kinston;Travel Lane;2;16;Urban (>70% Developed);Male;Sport Utility;0;#NULL!;0;0;White;No;0;11-15;Bicyclist Ride Through - Sign-Controlled Intersection;None;No;No;Dry;0;Urban;No;15DEC2008;0;16:16;Female;No;Residential;B: Evident Injury;Yes;C: Possible Injury;6369;December;0;Straight - Hillcrest;Coastal;With Traffic;Stop Sign;Monday;Intersection;15;0;Two-Way, Not Divided;2 lanes;0;#NULL!;#NULL!;Coarse Asphalt;#NULL!;Four-Way Intersection;Bicyclist Failed to Yield - Sign-Controlled Intersection;Local Street;B: Evident Injury;Lenoir;67;Clear;#NULL!;16-20 mph;30 - 35  MPH;2008;Daylight;60-69
35.0209568471, -80.5913881556;"{""type"": ""Point"", ""coordinates"": [-80.59138815558923, 35.02095684705031]}";White;Monroe;Unknown;2;17;Urban (>70% Developed);Male;Passenger Car;0;#NULL!;0;0;White;No;0;16-19;Bicyclist Ride Out - Midblock - Unknown;None;No;No;Wet;0;Urban;No;24NOV2008;0;17:35;Male;No;Commercial;B: Evident Injury;No;O: No Injury;6372;November;0;Straight - Level;Piedmont;Not Applicable;Missing;Monday;Non-Intersection;16;0;Two-Way, Not Divided;2 lanes;0;#NULL!;#NULL!;Smooth Asphalt;#NULL!;No Special Feature;Bicyclist Failed to Yield - Midblock;Local Street;B: Evident Injury;Union;43;Cloudy;#NULL!;36-40 mph;40 - 45  MPH;2008;Dark - Lighted Roadway;40-49
36.098647208, -76.9079220974;"{""type"": ""Point"", ""coordinates"": [-76.90792209737427, 36.09864720797284]}";White;None - Rural Crash;Travel Lane;2;10;Rural (<30% Developed);Male;Passenger Car;0;#NULL!;0;0;White;No;0;50-59;Bicyclist Right Turn - Same Direction;None;No;No;Wet;0;Rural;No;20DEC2008;0;10:09;Male;No;Farms, Woods, Pastures;C: Possible Injury;Yes;O: No Injury;6376;December;0;Straight - Level;Coastal;Facing Traffic;Double Yellow Line, No Passing Zone;Saturday;Non-Intersection;57;0;Two-Way, Not Divided;2 lanes;0;#NULL!;#NULL!;Coarse Asphalt;#NULL!;No Special Feature;Bicyclist Right Turn / Merge;State Secondary Route;C: Possible Injury;Bertie;70+;Cloudy;#NULL!;51-55 mph;50 - 55  MPH;2008;Daylight;70+
35.3532769191, -80.5749231683;"{""type"": ""Point"", ""coordinates"": [-80.57492316831156, 35.353276919082965]}";White;None - Rural Crash;Travel Lane;2;16;Urban (>70% Developed);Female;Passenger Car;0;#NULL!;0;0;White;No;0;40-49;Motorist Overtaking - Other / Unknown;None;No;No;Dry;0;Rural;No;25DEC2008;0;16:54;Male;No;Residential;B: Evident Injury;Yes;O: No Injury;6380;December;0;Straight - Level;Piedmont;With Traffic;Double Yellow Line, No Passing Zone;Thursday;Non-Intersection;44;0;Two-Way, Not Divided;2 lanes;0;#NULL!;#NULL!;Smooth Asphalt;#NULL!;No Special Feature;Motorist Overtaking Bicyclist;State Secondary Route;B: Evident Injury;Cabarrus;28;Clear;#NULL!;36-40 mph;40 - 45  MPH;2008;Dusk;25-29
34.9824668986, -78.906817649;"{""type"": ""Point"", ""coordinates"": [-78.90681764896148, 34.982466898604486]}";Black;None - Rural Crash;Other;2;17;Mixed (30% To 70% Developed);Male;Passenger Car;0;#NULL!;0;0;White;No;0;11-15;Crossing Paths - Uncontrolled Intersection;None;No;No;Dry;0;Rural;No;22DEC2008;0;17:40;Female;No;Commercial;B: Evident Injury;Yes;O: No Injury;6381;December;0;Straight - Level;Coastal;Not Applicable;Double Yellow Line, No Passing Zone;Monday;Intersection;14;0;Two-Way, Not Divided;2 lanes;0;#NULL!;#NULL!;Coarse Asphalt;#NULL!;No Special Feature;Crossing Paths - Other Circumstances;State Secondary Route;B: Evident Injury;Cumberland;52;Clear;#NULL!;31-35 mph;40 - 45  MPH;2008;Dark - Roadway Not Lighted;50-59
35.7782700794, -78.6402386088;"{""type"": ""Point"", ""coordinates"": [-78.64023860882013, 35.77827007941731]}";White;Raleigh;Travel Lane;2;18;Urban (>70% Developed);Male;Passenger Car;0;#NULL!;0;0;White;No;0;25-29;Motorist Left Turn - Opposite Direction;None;No;No;Dry;0;Urban;No;04SEP2008;0;18:09;Female;No;Commercial;B: Evident Injury;No;O: No Injury;6383;September;0;Straight - Level;Piedmont;With Traffic;Stop And Go Signal;Thursday;Intersection;25;0;Two-Way, Not Divided;2 lanes;0;#NULL!;#NULL!;Smooth Asphalt;#NULL!;Four-Way Intersection;Motorist Left Turn / Merge;Local Street;B: Evident Injury;Wake;70+;Clear;#NULL!;16-20 mph;30 - 35  MPH;2008;Daylight;70+
35.760517076, -78.6313726056;"{""type"": ""Point"", ""coordinates"": [-78.63137260558294, 35.76051707599636]}";Black;Raleigh;Travel Lane;2;23;Mixed (30% To 70% Developed);Male;Passenger Car;0;#NULL!;0;0;Black;No;0;50-59;Bicyclist Ride Through - Sign-Controlled Intersection;None;No;No;Dry;0;Urban;No;21OCT2008;0;23:07;Female;No;Residential;B: Evident Injury;Yes;O: No Injury;6390;October;0;Straight - Level;Piedmont;With Traffic;Stop Sign;Tuesday;Intersection;55;0;Two-Way, Not Divided;3 lanes;0;#NULL!;#NULL!;Coarse Asphalt;#NULL!;T-Intersection;Bicyclist Failed to Yield - Sign-Controlled Intersection;Local Street;B: Evident Injury;Wake;37;Clear;#NULL!;41-45 mph;40 - 45  MPH;2008;Dark - Lighted Roadway;30-39
36.0875070991, -79.9117080104;"{""type"": ""Point"", ""coordinates"": [-79.91170801038913, 36.08750709914966]}";White;Greensboro;Driveway / Alley;3;17;Mixed (30% To 70% Developed);Female;Passenger Car;0;#NULL!;0;0;White;No;0;6-10;Bicyclist Ride Out - Residential Driveway;None;No;No;Dry;0;Urban;No;09NOV2008;0;17:36;Female;No;Residential;B: Evident Injury;Yes;O: No Injury;6393;November;0;Straight - Grade;Piedmont;Not Applicable;Missing;Sunday;Non-Intersection;9;0;Two-Way, Not Divided;2 lanes;0;#NULL!;#NULL!;Smooth Asphalt;#NULL!;No Special Feature;Bicyclist Failed to Yield - Midblock;Local Street;B: Evident Injury;Guilford;54;Clear;#NULL!;16-20 mph;20 - 25  MPH;2008;Dark - Roadway Not Lighted;50-59
35.8248739867, -81.425783449;"{""type"": ""Point"", ""coordinates"": [-81.42578344901807, 35.82487398668094]}";White;None - Rural Crash;Non-Roadway;2;14;Mixed (30% To 70% Developed);Female;Passenger Car;0;#NULL!;0;0;Unknown/Missing;No;0;11-15;Non-Roadway;None;No;No;Dry;0;Rural;No;30DEC2008;0;14:50;Unknown;Missing;Residential;C: Possible Injury;No;Unknown Injury;6396;December;0;Straight - Grade;Mountains;Not Applicable;No Control Present;Tuesday;Non-Roadway;14;0;Two-Way, Not Divided;Unknown;0;#NULL!;#NULL!;Gravel;#NULL!;Driveway, Private;Non-Roadway;Private Road, Driveway;C: Possible Injury;Caldwell;Unknown;Clear;#NULL!;0-5 mph;Unknown;2008;Daylight;Unknown
35.7870871156, -77.6385423054;"{""type"": ""Point"", ""coordinates"": [-77.63854230541646, 35.78708711555729]}";Black;Pinetops;Travel Lane;2;15;Urban (>70% Developed);Male;Passenger Car;0;#NULL!;0;0;Black;No;0;50-59;Motorist Drive Out - Sign-Controlled Intersection;None;No;No;Dry;0;Rural;No;17SEP2008;0;15:43;Female;No;Residential;C: Possible Injury;Yes;O: No Injury;6400;September;0;Straight - Level;Coastal;Facing Traffic;No Control Present;Wednesday;Intersection;52;0;Two-Way, Not Divided;2 lanes;0;#NULL!;#NULL!;Smooth Asphalt;#NULL!;No Special Feature;Motorist Failed to Yield - Sign-Controlled Intersection;Local Street;C: Possible Injury;Edgecombe;35;Cloudy;#NULL!;0-5 mph;5 - 15 MPH;2008;Daylight;30-39
35.7435070633, -78.8704726768;"{""type"": ""Point"", ""coordinates"": [-78.87047267676564, 35.7435070633178]}";White;Apex;Sidewalk / Crosswalk / Driveway Crossing;2;17;Urban (>70% Developed);Male;Van;0;#NULL!;0;0;White;No;0;11-15;Signalized Intersection - Other / Unknown;None;No;No;Dry;0;Urban;No;13DEC2008;0;17:33;Female;No;Commercial;C: Possible Injury;Yes;O: No Injury;6408;December;0;Straight - Level;Piedmont;Facing Traffic;Stop And Go Signal;Saturday;Intersection;12;0;Two-Way, Not Divided;5 lanes;0;#NULL!;#NULL!;Smooth Asphalt;#NULL!;Four-Way Intersection;Crossing Paths - Other Circumstances;Local Street;C: Possible Injury;Wake;34;Clear;#NULL!;41-45 mph;40 - 45  MPH;2008;Dark - Lighted Roadway;30-39
35.4043340018, -78.5410485596;"{""type"": ""Point"", ""coordinates"": [-78.54104855955565, 35.40433400182]}";Black;None - Rural Crash;Travel Lane;2;17;Rural (<30% Developed);Male;Police;0;#NULL!;0;0;White;No;0;40-49;Motorist Overtaking - Misjudged Space;None;No;No;Wet;0;Rural;No;15DEC2008;0;17:50;Male;No;Farms, Woods, Pastures;C: Possible Injury;No;O: No Injury;6410;December;0;Straight - Level;Coastal;With Traffic;Double Yellow Line, No Passing Zone;Monday;Non-Intersection;41;0;Two-Way, Not Divided;2 lanes;0;#NULL!;#NULL!;Smooth Asphalt;#NULL!;No Special Feature;Motorist Overtaking Bicyclist;NC Route;C: Possible Injury;Johnston;54;Fog, Smog, Smoke;#NULL!;51-55 mph;50 - 55  MPH;2008;Dark - Roadway Not Lighted;50-59
36.0703670997, -79.8055729778;"{""type"": ""Point"", ""coordinates"": [-79.80557297781459, 36.070367099725296]}";Black;Greensboro;Travel Lane;2;12;Urban (>70% Developed);Male;Passenger Car;0;#NULL!;0;0;Asian;No;0;25-29;Motorist Left Turn - Opposite Direction;None;No;No;Wet;0;Urban;No;24NOV2008;0;12:58;Male;No;Residential;B: Evident Injury;Yes;O: No Injury;6420;November;0;Straight - Level;Piedmont;With Traffic;Stop And Go Signal;Monday;Intersection;26;0;Two-Way, Not Divided;2 lanes;0;#NULL!;#NULL!;Smooth Asphalt;#NULL!;Related To Intersection;Motorist Left Turn / Merge;Local Street;B: Evident Injury;Guilford;24;Rain;#NULL!;11-15 mph;20 - 25  MPH;2008;Daylight;20-24
35.3037369781, -78.6067725743;"{""type"": ""Point"", ""coordinates"": [-78.60677257434178, 35.30373697811717]}";Black;Dunn;Travel Lane;2;19;Urban (>70% Developed);Male;Passenger Car;0;#NULL!;0;0;Unknown/Missing;No;0;50-59;Bicyclist Ride Through - Sign-Controlled Intersection;None;No;No;Dry;0;Urban;Yes;03DEC2008;0;19:20;Unknown;Missing;Residential;C: Possible Injury;No;Unknown Injury;6425;December;0;Straight - Level;Coastal;With Traffic;Stop Sign;Wednesday;Intersection;53;0;Two-Way, Not Divided;2 lanes;0;#NULL!;#NULL!;Coarse Asphalt;#NULL!;Four-Way Intersection;Bicyclist Failed to Yield - Sign-Controlled Intersection;Local Street;C: Possible Injury;Harnett;Unknown;Clear;#NULL!;Unknown;30 - 35  MPH;2008;Dark - Roadway Not Lighted;Unknown
34.2221897635, -77.9390323192;"{""type"": ""Point"", ""coordinates"": [-77.93903231920515, 34.22218976350623]}";Black;Wilmington;Sidewalk / Crosswalk / Driveway Crossing;2;20;Urban (>70% Developed);Female;Passenger Car;0;#NULL!;0;0;Black;No;0;11-15;Motorist Left Turn - Opposite Direction;None;No;No;Dry;0;Urban;No;24DEC2008;0;20:07;Male;No;Residential;B: Evident Injury;Yes;O: No Injury;6429;December;0;Straight - Level;Coastal;With Traffic;Stop Sign;Wednesday;Intersection;15;0;Two-Way, Not Divided;2 lanes;0;#NULL!;#NULL!;Smooth Asphalt;#NULL!;Four-Way Intersection;Motorist Left Turn / Merge;Local Street;B: Evident Injury;New Hanover;60;Clear;#NULL!;0-5 mph;20 - 25  MPH;2008;Dark - Lighted Roadway;60-69
35.7947650811, -78.691322625;"{""type"": ""Point"", ""coordinates"": [-78.69132262502954, 35.794765081148576]}";White;Raleigh;Travel Lane;2;8;Urban (>70% Developed);Male;Passenger Car;0;#NULL!;0;0;White;No;0;40-49;Motorist Overtaking - Undetected Bicyclist;None;No;No;Dry;0;Urban;No;16OCT2008;0;8:28;Male;No;Commercial;B: Evident Injury;No;O: No Injury;6433;October;0;Straight - Level;Piedmont;With Traffic;Missing;Thursday;Non-Intersection;43;0;Two-Way, Not Divided;4 lanes;0;#NULL!;#NULL!;Smooth Asphalt;#NULL!;No Special Feature;Motorist Overtaking Bicyclist;Local Street;B: Evident Injury;Wake;24;Clear;#NULL!;31-35 mph;30 - 35  MPH;2008;Daylight;20-24
36.2753172674, -76.26667191;"{""type"": ""Point"", ""coordinates"": [-76.26667190999163, 36.275317267432285]}";Black;None - Rural Crash;Travel Lane;2;17;Rural (<30% Developed);Male;Passenger Car;0;#NULL!;0;0;Black;No;0;20-24;Head-On - Bicyclist;None;Yes;Yes;Dry;0;Rural;No;30DEC2008;0;17:55;Female;No;Farms, Woods, Pastures;B: Evident Injury;Yes;O: No Injury;6437;December;0;Straight - Level;Coastal;Facing Traffic;Double Yellow Line, No Passing Zone;Tuesday;Non-Intersection;20;0;Two-Way, Not Divided;2 lanes;0;#NULL!;#NULL!;Coarse Asphalt;#NULL!;No Special Feature;Head-On;State Secondary Route;B: Evident Injury;Pasquotank;67;Clear;#NULL!;41-45 mph;40 - 45  MPH;2008;Dark - Roadway Not Lighted;60-69
35.77976708, -78.6147126019;"{""type"": ""Point"", ""coordinates"": [-78.61471260190726, 35.779767080019035]}";Black;Raleigh;Travel Lane;2;16;Urban (>70% Developed);Male;Unknown;0;#NULL!;0;0;Unknown/Missing;No;0;11-15;Head-On - Bicyclist;None;No;No;Dry;0;Urban;Yes;26DEC2008;0;16:46;Unknown;No;Residential;C: Possible Injury;Yes;Unknown Injury;6439;December;0;Straight - Level;Piedmont;Facing Traffic;No Control Present;Friday;Non-Intersection;12;0;Two-Way, Not Divided;2 lanes;0;#NULL!;#NULL!;Concrete;#NULL!;No Special Feature;Head-On;Local Street;C: Possible Injury;Wake;Unknown;Rain;#NULL!;0-5 mph;5 - 15 MPH;2008;Daylight;Unknown
35.7540010725, -78.6755226191;"{""type"": ""Point"", ""coordinates"": [-78.6755226190612, 35.75400107245703]}";White;Raleigh;Travel Lane;2;17;Urban (>70% Developed);Male;Unknown;0;#NULL!;0;0;Unknown/Missing;No;0;6-10;Motorist Overtaking - Other / Unknown;None;No;No;Dry;0;Urban;Yes;21OCT2008;0;17:35;Unknown;Missing;Residential;C: Possible Injury;No;Unknown Injury;6441;October;0;Straight - Grade;Piedmont;With Traffic;Missing;Tuesday;Non-Intersection;8;0;Two-Way, Not Divided;2 lanes;0;#NULL!;#NULL!;Smooth Asphalt;#NULL!;No Special Feature;Motorist Overtaking Bicyclist;Local Street;C: Possible Injury;Wake;Unknown;Clear;#NULL!;6-10 mph;20 - 25  MPH;2008;Daylight;Unknown
35.2017398795, -80.7607132156;"{""type"": ""Point"", ""coordinates"": [-80.76071321562468, 35.201739879469784]}";Hispanic;Charlotte;Travel Lane;2;5;Urban (>70% Developed);Male;Passenger Car;0;#NULL!;0;0;Black;No;0;30-39;Signalized Intersection - Other / Unknown;None;Yes;Yes;Dry;0;Urban;No;22DEC2008;0;5:55;Male;No;Commercial;B: Evident Injury;Yes;O: No Injury;6451;December;0;Straight - Level;Piedmont;Facing Traffic;Stop And Go Signal;Monday;Intersection;32;0;Two-Way, Divided, Positive Median Barrier;6 lanes;0;#NULL!;#NULL!;Smooth Asphalt;#NULL!;No Special Feature;Crossing Paths - Other Circumstances;Local Street;B: Evident Injury;Mecklenburg;50;Clear;#NULL!;41-45 mph;40 - 45  MPH;2008;Dusk;50-59
35.2507388941, -80.6568131878;"{""type"": ""Point"", ""coordinates"": [-80.65681318781222, 35.25073889413367]}";Black;Charlotte;Travel Lane;2;17;Mixed (30% To 70% Developed);Male;Pickup;0;#NULL!;0;0;Other;No;0;6-10;Sign-Controlled Intersection - Other / Unknown;None;No;No;Dry;0;Urban;No;13FEB2008;0;17:33;Male;No;Residential;C: Possible Injury;Yes;Unknown Injury;6452;February;0;Unknown;Piedmont;With Traffic;Missing;Wednesday;Intersection;7;0;Unknown;Unknown;0;#NULL!;#NULL!;Unknown;#NULL!;No Special Feature;Crossing Paths - Other Circumstances;Local Street;C: Possible Injury;Mecklenburg;44;Clear;#NULL!;41-45 mph;30 - 35  MPH;2008;Daylight;40-49
34.2212867656, -77.8693522984;"{""type"": ""Point"", ""coordinates"": [-77.86935229835832, 34.22128676557497]}";Black;Wilmington;Non-Roadway;2;9;Urban (>70% Developed);Female;Passenger Car;0;#NULL!;0;0;Unknown/Missing;No;0;16-19;Non-Roadway;None;No;No;Dry;0;Urban;Yes;17NOV2008;0;9:59;Male;No;Institutional;C: Possible Injury;No;O: No Injury;6455;November;0;Straight - Level;Coastal;Not Applicable;Missing;Monday;Non-Roadway;18;0;Two-Way, Not Divided;Unknown;0;#NULL!;#NULL!;Smooth Asphalt;#NULL!;No Special Feature;Non-Roadway;Public Vehicular Area;C: Possible Injury;New Hanover;24;Clear;#NULL!;0-5 mph;5 - 15 MPH;2008;Daylight;20-24
35.6131270869, -77.3929022214;"{""type"": ""Point"", ""coordinates"": [-77.39290222137394, 35.61312708693315]}";Black;Greenville;Travel Lane;2;11;Urban (>70% Developed);Male;Sport Utility;0;#NULL!;0;0;Black;No;0;30-39;Bicyclist Ride Out - Signalized  Intersection;None;No;No;Wet;0;Urban;No;06MAR2011;0;11:48;Male;No;Commercial;B: Evident Injury;Yes;O: No Injury;2859;March;0;Straight - Grade;Coastal;Facing Traffic;Stop And Go Signal;Sunday;Intersection;36;0;Two-Way, Divided, Unprotected Median;6 lanes;0;#NULL!;#NULL!;Coarse Asphalt;#NULL!;Four-Way Intersection;Bicyclist Failed to Yield - Signalized Intersection;Local Street;B: Evident Injury;Pitt;70+;Rain;#NULL!;41-45 mph;40 - 45  MPH;2011;Daylight;70+
35.2114668758, -80.9260032656;"{""type"": ""Point"", ""coordinates"": [-80.92600326558396, 35.211466875772786]}";White;Charlotte;Non-Roadway;2;15;Urban (>70% Developed);Male;Passenger Car;0;#NULL!;0;0;Black;No;0;25-29;Non-Roadway;None;No;No;Wet;0;Urban;No;05MAR2011;0;15:36;Male;No;Commercial;B: Evident Injury;Yes;O: No Injury;2846;March;0;Straight - Level;Piedmont;Not Applicable;No Control Present;Saturday;Non-Roadway;27;0;Two-Way, Not Divided;2 lanes;0;#NULL!;#NULL!;Smooth Asphalt;#NULL!;No Special Feature;Non-Roadway;Public Vehicular Area;B: Evident Injury;Mecklenburg;66;Rain;#NULL!;6-10 mph;20 - 25  MPH;2011;Daylight;60-69
34.2436707703, -77.8839123038;"{""type"": ""Point"", ""coordinates"": [-77.88391230383007, 34.243670770318346]}";Black;Wilmington;Sidewalk / Crosswalk / Driveway Crossing;2;14;Urban (>70% Developed);Male;Sport Utility;0;No;0;29000017;White;No;1;25-29;Motorist Drive Out - Signalized Intersection;None;No;#NULL!;Dry;0;Urban;No;18NOV2014;0;14:23;Female;#NULL!;Commercial;C: Possible Injury;Yes;O: No Injury;781;November;0;Straight - Level;Coastal;Facing Traffic;Stop And Go Signal;Tuesday;Intersection;25;1;Two-Way, Not Divided;5 lanes;0;No;MARKET ST;Smooth Asphalt;NEW BERN ST;No Special Feature;Motorist Failed to Yield - Signalized Intersection;Local Street;C: Possible Injury;New Hanover;47;Clear;LULLWATER DR;0-5 mph;30 - 35  MPH;2014;Daylight;40-49
34.2307727665, -77.9000263082;"{""type"": ""Point"", ""coordinates"": [-77.90002630821115, 34.23077276651998]}";White;Wilmington;Bike Lane / Paved Shoulder;2;15;Urban (>70% Developed);Female;Passenger Car;0;No;0;50025321;White;No;1;20-24;Motorist Drive Out - Sign-Controlled Intersection;None;No;#NULL!;Dry;0;Urban;No;24NOV2014;0;15:49;Male;#NULL!;Commercial;C: Possible Injury;No;O: No Injury;794;November;0;Straight - Level;Coastal;With Traffic;Stop Sign;Monday;Intersection;24;1;Two-Way, Divided, Positive Median Barrier;4 lanes;0;No;RANDALL PKY;Smooth Asphalt;COVIL AVE;No Special Feature;Motorist Failed to Yield - Sign-Controlled Intersection;Local Street;C: Possible Injury;New Hanover;70+;Clear;BRAILSFORD DR;0-5 mph;20 - 25  MPH;2014;Daylight;70+
35.7843809989, -80.8889192868;"{""type"": ""Point"", ""coordinates"": [-80.88891928683852, 35.78438099888127]}";Black;Statesville;Travel Lane;2;22;Urban (>70% Developed);Male;Sport Utility;0;No;1;50003816;Unknown/Missing;No;0;25-29;Bicyclist Lost Control - Other / Unknown;None;No;#NULL!;Dry;0.058;Urban;No;03DEC2014;0;22:25;Unknown;#NULL!;Commercial;B: Evident Injury;Yes;Unknown Injury;768;December;0;Straight - Grade;Piedmont;With Traffic;No Control Present;Wednesday;Non-Intersection;27;1;Two-Way, Not Divided;2 lanes;0;Missing;W BROAD ST;Coarse Asphalt;S CENTER ST;No Special Feature;Loss of Control / Turning Error;Local Street;B: Evident Injury;Iredell;Unknown;Clear;S MEETING ST;0-5 mph;20 - 25  MPH;2014;Dark - Lighted Roadway;Unknown
35.8860701018, -78.6467766169;"{""type"": ""Point"", ""coordinates"": [-78.64677661685701, 35.886070101777065]}";White;Raleigh;Travel Lane;2;20;Urban (>70% Developed);Male;Passenger Car;0;No;0;40001005;White;No;0;25-29;Bicyclist Ride Out - Commercial Driveway / Alley;None;No;#NULL!;Wet;0.041;Urban;No;06DEC2014;0;20:29;Female;#NULL!;Commercial;A: Disabling Injury;Yes;O: No Injury;782;December;0;Straight - Level;Piedmont;Not Applicable;No Control Present;Saturday;Non-Intersection;25;1;Two-Way, Not Divided;5 lanes;1;No;SIX FORKS RD;Smooth Asphalt;CROWN OAKS DRIVE;No Special Feature;Bicyclist Failed to Yield - Midblock;Local Street;A: Disabling Injury;Wake;67;Cloudy;YORKCHESTER WAY;41-45 mph;40 - 45  MPH;2014;Dark - Lighted Roadway;60-69
35.8751410976, -78.701868633;"{""type"": ""Point"", ""coordinates"": [-78.70186863300091, 35.875141097555]}";White;Raleigh;Travel Lane;2;8;Urban (>70% Developed);Male;Sport Utility;0;No;1;40001822;White;No;0;30-39;Motorist Drive Out - Sign-Controlled Intersection;None;No;#NULL!;Dry;0;Urban;No;17DEC2014;0;8:35;Female;#NULL!;Commercial;B: Evident Injury;Yes;O: No Injury;787;December;0;Straight - Level;Piedmont;With Traffic;Stop Sign;Wednesday;Intersection;37;1;Two-Way, Divided, Unprotected Median;3 lanes;0;No;LEESVILLE RD;Smooth Asphalt;LYNN POINT LN;T-Intersection;Motorist Failed to Yield - Sign-Controlled Intersection;Local Street;B: Evident Injury;Wake;44;Clear;LAKE FRONT DR;0-5 mph;20 - 25  MPH;2014;Daylight;40-49
34.9411808866, -78.9886426715;"{""type"": ""Point"", ""coordinates"": [-78.98864267145566, 34.941180886586025]}";Other;None - Rural Crash;Travel Lane;2;5;Urban (>70% Developed);Male;Pickup;0;No;1;40001115;White;No;0;50-59;Motorist Overtaking - Other / Unknown;None;No;#NULL!;Dry;0.1;Rural;No;01DEC2014;0;5:50;Male;#NULL!;Residential;B: Evident Injury;Yes;O: No Injury;763;December;0;Straight - Level;Coastal;With Traffic;Double Yellow Line, No Passing Zone;Monday;Non-Intersection;54;1;Two-Way, Not Divided;2 lanes;0;No;SR 1115;Coarse Asphalt;3659;No Special Feature;Motorist Overtaking Bicyclist;State Secondary Route;B: Evident Injury;Cumberland;70+;Clear;3728;31-35 mph;50 - 55  MPH;2014;Dark - Roadway Not Lighted;70+
34.7590868989, -77.4175621871;"{""type"": ""Point"", ""coordinates"": [-77.41756218714339, 34.759086898875886]}";White;Jacksonville;Multi-use Path;2;11;Mixed (30% To 70% Developed);Male;Sport Utility;0;No;0;50018915;Black;No;1;16-19;Motorist Left Turn - Same Direction;None;No;#NULL!;Dry;0.01;Urban;No;05DEC2014;0;11:14;Female;#NULL!;Commercial;C: Possible Injury;No;O: No Injury;778;December;0;Straight - Level;Coastal;Facing Traffic;No Control Present;Friday;Non-Intersection;19;1;Two-Way, Not Divided;2 lanes;0;No;PVA N MARINE BLVD;Smooth Asphalt;ROOSEVELT RD;No Special Feature;Motorist Left Turn / Merge;Unknown;C: Possible Injury;Onslow;23;Clear;RICHLANDS AVE;6-10 mph;40 - 45  MPH;2014;Daylight;20-24
36.1881171263, -79.76058297;"{""type"": ""Point"", ""coordinates"": [-79.76058297003514, 36.18811712631831]}";White;None - Rural Crash;Travel Lane;2;16;Rural (<30% Developed);Male;Pickup;0;No;1;40002630;Black;No;0;60-69;Motorist Overtaking - Undetected Bicyclist;None;No;#NULL!;Dry;0.051;Rural;No;17DEC2014;0;16:52;Male;#NULL!;Farms, Woods, Pastures;B: Evident Injury;Yes;O: No Injury;799;December;0;Straight - Grade;Piedmont;With Traffic;No Control Present;Wednesday;Non-Intersection;63;1;Two-Way, Not Divided;2 lanes;0;No;SR 2630;Smooth Asphalt;2699;No Special Feature;Motorist Overtaking Bicyclist;State Secondary Route;B: Evident Injury;Guilford;70+;Clear;2523;36-40 mph;40 - 45  MPH;2014;Daylight;70+