Geo Point;Geo Shape;BikeRace;City;BikePos;NumUnits;CrashHour;Locality;BikeSex;DrvrVehTyp;NumBikesNo;BikeAlcDrg;NumBikesBI;RteInvdCd;DrvrRace;Workzone;NumBikesCi;BikeAgeGrp;CrashType;RdDefects;CrashAlcoh;BikeAlcoho;RdConditio;DstncMiFrm;RuralUrban;HitRun;CrashDate;NumBikesUI;CrashTime;DrvrSex;DrvrAlcoho;Developmen;CrashSevr;AmbulanceR;DrvrInjury;OBJECTID;CrashMonth;NumBikesKi;RdCharacte;Region;BikeDir;TraffCntrl;CrashDay;CrashLoc;BikeAge;NumBikesTo;RdConfig;NumLanes;NumBikesAI;DrvrAlcDrg;OnRoad;RdSurface;Towrd_Rd;RdFeature;CrashGrp;RdClass;BikeInjury;County;DrvrAge;Weather;FrmRd;DrvrEstSpd;SpeedLimit;CrashYear;LightCond;DrvrAgeGrp
34.2367887672, -77.9301723173;"{""type"": ""Point"", ""coordinates"": [-77.93017231725509, 34.23678876715841]}";Black;Wilmington;Travel Lane;2;15;Urban (>70% Developed);Male;Passenger Car;0;No;0;50010478;White;No;1;30-39;Motorist Right Turn - Same Direction;None;No;#NULL!;Dry;0;Urban;No;04DEC2014;0;15:49;Male;#NULL!;Commercial;C: Possible Injury;No;O: No Injury;788;December;0;Straight - Level;Coastal;With Traffic;Stop Sign;Thursday;Intersection;34;1;Two-Way, Not Divided;2 lanes;0;No;S 15TH ST;Coarse Asphalt;PRINCESS ST;Four-Way Intersection;Motorist Right Turn / Merge;Local Street;C: Possible Injury;New Hanover;17;Clear;MARKET ST;11-15 mph;20 - 25  MPH;2014;Daylight;0-19
34.8636618346, -80.0004229713;"{""type"": ""Point"", ""coordinates"": [-80.00042297132967, 34.8636618346069]}";Black;Morven;Non-Roadway;2;14;Urban (>70% Developed);Male;Pickup;0;No;1;0;White;No;0;6-10;Non-Roadway;None;No;#NULL!;Dry;0.03;Rural;No;22NOV2014;0;14:50;Male;#NULL!;Commercial;B: Evident Injury;Yes;O: No Injury;760;November;0;Straight - Grade;Piedmont;Not Applicable;No Control Present;Saturday;Non-Roadway;10;1;Two-Way, Not Divided;2 lanes;0;No;PVA MORVEN POST OFFICE;Concrete;MORVEN POST OFFICE;Driveway, Public;Non-Roadway;Public Vehicular Area;B: Evident Injury;Anson;70+;Clear;145;0-5 mph;Unknown;2014;Daylight;70+
35.149006866, -80.8330032343;"{""type"": ""Point"", ""coordinates"": [-80.83300323425105, 35.14900686597489]}";White;Charlotte;Sidewalk / Crosswalk / Driveway Crossing;2;14;Urban (>70% Developed);Male;Passenger Car;0;#NULL!;0;0;Black;No;0;16-19;Motorist Drive Out - Commercial Driveway / Alley;None;No;Missing;Dry;0;Urban;No;25FEB2013;0;14:32;Female;No;Commercial;C: Possible Injury;Yes;O: No Injury;920;February;0;Straight - Level;Piedmont;Facing Traffic;Stop Sign;Monday;Non-Intersection;16;0;Two-Way, Divided, Unprotected Median;3 lanes;0;#NULL!;FAIRVIEW ROAD;Smooth Asphalt;#NULL!;No Special Feature;Motorist Failed to Yield - Midblock;Local Street;C: Possible Injury;Mecklenburg;32;Cloudy;#NULL!;Unknown;30 - 35  MPH;2013;Daylight;30-39
36.0971571538, -78.4690025743;"{""type"": ""Point"", ""coordinates"": [-78.46900257431231, 36.09715715377268]}";Black;Franklinton;Non-Roadway;2;20;Urban (>70% Developed);Male;Passenger Car;0;#NULL!;0;0;Black;No;0;50-59;Signalized Intersection - Other / Unknown;None;No;No;Dry;0;Rural;No;09MAR2013;0;20:01;Female;No;Commercial;B: Evident Injury;Yes;O: No Injury;942;March;0;Straight - Level;Piedmont;Not Applicable;Stop And Go Signal;Saturday;Intersection-Related;55;0;Two-Way, Divided, Positive Median Barrier;5 lanes;0;#NULL!;US 1;Smooth Asphalt;#NULL!;Four-Way Intersection;Crossing Paths - Other Circumstances;US Route;B: Evident Injury;Franklin;19;Clear;#NULL!;56-60 mph;50 - 55  MPH;2013;Dark - Roadway Not Lighted;0-19
35.9969871167, -78.9103027028;"{""type"": ""Point"", ""coordinates"": [-78.91030270282127, 35.99698711673425]}";Black;Durham;Sidewalk / Crosswalk / Driveway Crossing;2;14;Urban (>70% Developed);Male;Sport Utility;0;#NULL!;0;0;White;No;0;20-24;Bicyclist Lost Control - Mechanical Problems;None;No;No;Dry;0;Urban;No;06MAR2013;0;14:10;Female;No;Commercial;C: Possible Injury;Yes;O: No Injury;934;March;0;Straight - Hillcrest;Piedmont;Facing Traffic;Stop And Go Signal;Wednesday;Intersection;24;0;One-Way, Not Divided;3 lanes;0;#NULL!;S GREGSON ST;Smooth Asphalt;#NULL!;Four-Way Intersection;Loss of Control / Turning Error;Local Street;C: Possible Injury;Durham;48;Cloudy;#NULL!;0-5 mph;20 - 25  MPH;2013;Daylight;40-49
35.2118868068, -82.7614038092;"{""type"": ""Point"", ""coordinates"": [-82.76140380917701, 35.21188680680235]}";White;None - Rural Crash;Travel Lane;2;19;Rural (<30% Developed);Male;Passenger Car;0;#NULL!;0;0;White;No;0;20-24;Motorist Overtaking - Undetected Bicyclist;None;No;No;Dry;0;Rural;No;09MAR2013;0;19:33;Male;No;Farms, Woods, Pastures;C: Possible Injury;Yes;O: No Injury;938;March;0;Straight - Level;Mountains;With Traffic;No Control Present;Saturday;Non-Intersection;22;0;Two-Way, Not Divided;5 lanes;0;#NULL!;US 64;Smooth Asphalt;#NULL!;No Special Feature;Motorist Overtaking Bicyclist;US Route;C: Possible Injury;Transylvania;18;Clear;#NULL!;41-45 mph;40 - 45  MPH;2013;Dark - Roadway Not Lighted;0-19
35.9956671113, -79.054402746;"{""type"": ""Point"", ""coordinates"": [-79.05440274596161, 35.995667111264204]}";White;None - Rural Crash;Travel Lane;2;13;Rural (<30% Developed);Male;Van;0;#NULL!;0;0;White;No;0;50-59;Motorist Overtaking - Other / Unknown;None;No;No;Dry;0;Rural;No;24FEB2013;0;13:00;Female;No;Farms, Woods, Pastures;B: Evident Injury;No;O: No Injury;918;February;0;Straight - Level;Piedmont;With Traffic;Double Yellow Line, No Passing Zone;Sunday;Non-Intersection;58;0;Two-Way, Not Divided;2 lanes;0;#NULL!;SR 1718;Smooth Asphalt;#NULL!;No Special Feature;Motorist Overtaking Bicyclist;State Secondary Route;B: Evident Injury;Orange;70+;Clear;#NULL!;41-45 mph;40 - 45  MPH;2013;Daylight;70+
35.7293369683, -81.3824034303;"{""type"": ""Point"", ""coordinates"": [-81.38240343034731, 35.729336968325086]}";Hispanic;Long View;Travel Lane;2;13;Urban (>70% Developed);Male;Passenger Car;0;#NULL!;0;0;White;No;0;30-39;Motorist Drive Out - Sign-Controlled Intersection;None;No;No;Dry;0;Rural;No;25FEB2013;0;13:54;Male;No;Commercial;B: Evident Injury;Yes;O: No Injury;935;February;0;Straight - Grade;Piedmont;With Traffic;Stop Sign;Monday;Intersection;36;0;Two-Way, Not Divided;2 lanes;0;#NULL!;1ST AVE SW;Coarse Asphalt;#NULL!;T-Intersection;Motorist Failed to Yield - Sign-Controlled Intersection;State Secondary Route;B: Evident Injury;Catawba;52;Cloudy;#NULL!;6-10 mph;30 - 35  MPH;2013;Daylight;50-59
35.5625870867, -77.0618021177;"{""type"": ""Point"", ""coordinates"": [-77.06180211769065, 35.5625870867297]}";Black;Washington;Travel Lane;2;17;Urban (>70% Developed);Male;Light Truck (Mini-Van, Panel);0;#NULL!;0;0;Black;No;0;50-59;Bicyclist Right Turn - Same Direction;None;Yes;Yes;Dry;0;Urban;No;12FEB2013;0;17:15;Female;No;Commercial;C: Possible Injury;Yes;O: No Injury;929;February;0;Straight - Level;Coastal;Facing Traffic;No Control Present;Tuesday;Non-Intersection;59;0;Two-Way, Not Divided;5 lanes;0;#NULL!;CAROLINA AVE;Coarse Asphalt;#NULL!;No Special Feature;Bicyclist Right Turn / Merge;Local Street;C: Possible Injury;Beaufort;21;Clear;#NULL!;21-25 mph;40 - 45  MPH;2013;Daylight;20-24
36.013477229, -75.7125017264;"{""type"": ""Point"", ""coordinates"": [-75.71250172643191, 36.01347722902855]}";White;None - Rural Crash;Travel Lane;2;13;Urban (>70% Developed);Male;Passenger Car;0;#NULL!;0;0;White;No;0;60-69;Sign-Controlled Intersection - Other / Unknown;None;No;No;Dry;0;Rural;No;04MAR2013;0;13:05;Male;No;Residential;C: Possible Injury;No;O: No Injury;932;March;0;Straight - Level;Coastal;With Traffic;Stop Sign;Monday;Intersection;62;0;Two-Way, Not Divided;2 lanes;0;#NULL!;PVA COLINGTON DR;Smooth Asphalt;#NULL!;T-Intersection;Crossing Paths - Other Circumstances;Public Vehicular Area;C: Possible Injury;Dare;70+;Clear;#NULL!;16-20 mph;20 - 25  MPH;2013;Daylight;70+
34.2779367803, -77.8142022839;"{""type"": ""Point"", ""coordinates"": [-77.81420228391194, 34.277936780292094]}";White;None - Rural Crash;Travel Lane;2;15;Urban (>70% Developed);Male;Sport Utility;0;#NULL!;0;0;White;No;0;16-19;Motorist Drive Out - Commercial Driveway / Alley;None;No;No;Dry;0;Rural;No;09MAR2013;0;15:53;Male;No;Commercial;C: Possible Injury;Yes;O: No Injury;939;March;0;Straight - Level;Coastal;Facing Traffic;Stop Sign;Saturday;Non-Intersection;17;0;Two-Way, Not Divided;5 lanes;0;#NULL!;US 17;Smooth Asphalt;#NULL!;Driveway, Public;Motorist Failed to Yield - Midblock;US Route;C: Possible Injury;New Hanover;25;Clear;#NULL!;0-5 mph;40 - 45  MPH;2013;Daylight;25-29
36.1780732395, -76.4614719645;"{""type"": ""Point"", ""coordinates"": [-76.46147196445835, 36.1780732395309]}";Black;Hertford;Travel Lane;2;17;Mixed (30% To 70% Developed);Male;Van;0;No;0;20000017;Unknown/Missing;No;1;25-29;Motorist Drive Through - Signalized Intersection;None;No;#NULL!;Dry;0.006;Rural;Yes;01MAR2014;0;17:30;Unknown;#NULL!;Commercial;C: Possible Injury;No;Unknown Injury;845;March;0;Straight - Level;Coastal;Unknown;Stop And Go Signal;Saturday;Intersection;27;1;Two-Way, Not Divided;2 lanes;0;Missing;US 17;Concrete;HARVEY POINT RD;No Special Feature;Motorist Failed to Yield - Signalized Intersection;US Route;C: Possible Injury;Perquimans;Unknown;Clear;CHURCH ST;Unknown;50 - 55  MPH;2014;Daylight;Unknown
35.2186168804, -80.8353032388;"{""type"": ""Point"", ""coordinates"": [-80.8353032387523, 35.21861688040267]}";White;Charlotte;Sidewalk / Crosswalk / Driveway Crossing;2;19;Urban (>70% Developed);Male;Passenger Car;0;#NULL!;0;0;Black;No;0;40-49;Motorist Left Turn - Opposite Direction;None;No;Missing;Dry;0;Urban;No;09JAN2013;0;19:17;Male;No;Commercial;C: Possible Injury;No;O: No Injury;866;January;0;Straight - Grade;Piedmont;With Traffic;Stop And Go Signal;Wednesday;Intersection;44;0;One-Way, Not Divided;4 lanes;0;#NULL!;E 4TH ST;Smooth Asphalt;#NULL!;No Special Feature;Motorist Left Turn / Merge;Local Street;C: Possible Injury;Mecklenburg;41;Clear;#NULL!;0-5 mph;30 - 35  MPH;2013;Dark - Lighted Roadway;40-49
35.7724070777, -78.6494026116;"{""type"": ""Point"", ""coordinates"": [-78.64940261159948, 35.77240707774989]}";Black;Raleigh;Sidewalk / Crosswalk / Driveway Crossing;2;18;Mixed (30% To 70% Developed);Male;Passenger Car;0;#NULL!;0;0;Black;No;0;40-49;Motorist Left Turn - Opposite Direction;None;Yes;Yes;Dry;0;Urban;No;09JAN2013;0;18:56;Female;No;Commercial;B: Evident Injury;No;O: No Injury;857;January;0;Straight - Grade;Piedmont;With Traffic;No Control Present;Wednesday;Non-Intersection;48;0;Two-Way, Not Divided;2 lanes;0;#NULL!;W SOUTH ST;Smooth Asphalt;#NULL!;Driveway, Private;Motorist Left Turn / Merge;Local Street;B: Evident Injury;Wake;46;Clear;#NULL!;16-20 mph;20 - 25  MPH;2013;Dark - Lighted Roadway;40-49
34.2232197657, -77.8664422968;"{""type"": ""Point"", ""coordinates"": [-77.86644229679494, 34.22321976569466]}";White;Wilmington;Bike Lane / Paved Shoulder;2;20;Urban (>70% Developed);Male;Pickup;0;No;0;0;White;No;0;20-24;Motorist Left Turn - Same Direction;None;No;#NULL!;Dry;0.006;Urban;No;16SEP2014;0;20:29;Male;#NULL!;Institutional;A: Disabling Injury;Yes;O: No Injury;842;September;0;Straight - Level;Coastal;Facing Traffic;No Control Present;Tuesday;Non-Intersection;22;1;Two-Way, Not Divided;2 lanes;1;No;WALTON DR;Coarse Asphalt;CAHILL DR;No Special Feature;Motorist Left Turn / Merge;Local Street;A: Disabling Injury;New Hanover;21;Clear;PRICE DR;6-10 mph;20 - 25  MPH;2014;Dark - Lighted Roadway;20-24
36.0954271186, -79.4214728625;"{""type"": ""Point"", ""coordinates"": [-79.42147286252224, 36.095427118636785]}";White;Burlington;Driveway / Alley;2;16;Urban (>70% Developed);Male;Van;0;No;1;0;Hispanic;No;0;6-10;Bicyclist Ride Out - Residential Driveway;None;No;#NULL!;Dry;0.029;Urban;Yes;26DEC2014;0;16:35;Female;#NULL!;Residential;B: Evident Injury;Yes;O: No Injury;823;December;0;Straight - Level;Piedmont;Not Applicable;No Control Present;Friday;Non-Intersection;6;1;Two-Way, Not Divided;2 lanes;0;No;RAINEY ST;Smooth Asphalt;S ST JOHN ST;No Special Feature;Bicyclist Failed to Yield - Midblock;Local Street;B: Evident Injury;Alamance;52;Clear;MARYLAND AV;26-30 mph;30 - 35  MPH;2014;Daylight;50-59
35.9254910964, -79.053882742;"{""type"": ""Point"", ""coordinates"": [-79.05388274197296, 35.92549109641956]}";White;Chapel Hill;Travel Lane;2;9;Urban (>70% Developed);Female;Sport Utility;0;No;0;0;White;No;0;50-59;Motorist Drive Out - Commercial Driveway / Alley;None;No;#NULL!;Dry;0;Urban;No;03OCT2014;0;9:39;Female;#NULL!;Commercial;K: Killed;Yes;O: No Injury;835;October;1;Straight - Grade;Piedmont;Facing Traffic;No Control Present;Friday;Non-Intersection;57;1;Two-Way, Not Divided;5 lanes;0;No;NC 86;Smooth Asphalt;HILLSBOROUGH ST;Driveway, Private;Motorist Failed to Yield - Midblock;Private Road, Driveway;K: Killed;Orange;27;Clear;800 MLK JR BLVD;0-5 mph;Unknown;2014;Daylight;25-29
34.2357367689, -77.8710322991;"{""type"": ""Point"", ""coordinates"": [-77.87103229908571, 34.23573676891129]}";White;Wilmington;Travel Lane;2;14;Urban (>70% Developed);Male;Passenger Car;0;Unknown;1;50021215;White;No;0;30-39;Bicyclist Ride Out - Other Midblock;None;No;#NULL!;Dry;0.102;Urban;No;12DEC2014;0;14:58;Male;#NULL!;Commercial;B: Evident Injury;Yes;O: No Injury;818;December;0;Straight - Level;Coastal;Not Applicable;No Control Present;Friday;Non-Intersection;32;1;Two-Way, Not Divided;3 lanes;0;No;NEW CENTRE DR;Smooth Asphalt;RACINE DR;No Special Feature;Bicyclist Failed to Yield - Midblock;Local Street;B: Evident Injury;.;20;Clear;S COLLEGE RD;31-35 mph;30 - 35  MPH;2014;Daylight;20-24
35.6544570587, -78.4595025474;"{""type"": ""Point"", ""coordinates"": [-78.4595025473806, 35.65445705871832]}";Black;Clayton;Non-Roadway;2;20;Urban (>70% Developed);Male;Passenger Car;0;#NULL!;0;0;White;No;0;11-15;Motorist Left Turn - Opposite Direction;None;No;No;Wet;0;Urban;No;01JAN2013;0;20:19;Male;No;Residential;C: Possible Injury;Yes;O: No Injury;865;January;0;Straight - Level;Coastal;Not Applicable;Stop Sign;Tuesday;Intersection-Related;13;0;Two-Way, Not Divided;2 lanes;0;#NULL!;O NEIL ST;Coarse Asphalt;#NULL!;Four-Way Intersection;Motorist Left Turn / Merge;Local Street;C: Possible Injury;Johnston;22;Rain;#NULL!;21-25 mph;20 - 25  MPH;2013;Dark - Lighted Roadway;20-24
35.9750071094, -78.9633027177;"{""type"": ""Point"", ""coordinates"": [-78.96330271765609, 35.97500710941765]}";White;Durham;Travel Lane;2;5;Urban (>70% Developed);Male;Passenger Car;0;#NULL!;0;0;White;No;0;40-49;Motorist Overtaking - Other / Unknown;None;No;No;Dry;0;Urban;Yes;15JAN2013;0;5:34;Male;No;Commercial;B: Evident Injury;Yes;O: No Injury;862;January;0;Straight - Level;Piedmont;With Traffic;No Control Present;Tuesday;Non-Intersection;49;0;Two-Way, Not Divided;2 lanes;0;#NULL!;PICKETT RD;Smooth Asphalt;#NULL!;No Special Feature;Motorist Overtaking Bicyclist;Local Street;B: Evident Injury;Durham;35;Rain;#NULL!;26-30 mph;30 - 35  MPH;2013;Dawn;30-39
35.2778170075, -77.5774022609;"{""type"": ""Point"", ""coordinates"": [-77.57740226094077, 35.27781700749515]}";Black;Kinston;Travel Lane;2;22;Urban (>70% Developed);Male;Passenger Car;0;#NULL!;0;0;Black;No;0;11-15;Head-On - Bicyclist;None;No;No;Dry;0;Urban;No;13JAN2013;0;22:25;Female;No;Residential;C: Possible Injury;Yes;O: No Injury;859;January;0;Straight - Level;Coastal;With Traffic;No Control Present;Sunday;Non-Intersection;15;0;Two-Way, Not Divided;3 lanes;0;#NULL!;HIGHLAND AVE;Coarse Asphalt;#NULL!;No Special Feature;Head-On;Local Street;C: Possible Injury;Lenoir;53;Clear;#NULL!;31-35 mph;30 - 35  MPH;2013;Dark - Lighted Roadway;50-59
35.8947271424, -77.5329022784;"{""type"": ""Point"", ""coordinates"": [-77.53290227835069, 35.89472714242963]}";Black;Tarboro;Sidewalk / Crosswalk / Driveway Crossing;2;18;Mixed (30% To 70% Developed);Male;Passenger Car;0;#NULL!;0;0;White;No;0;50-59;Motorist Drive Out - Sign-Controlled Intersection;None;No;No;Dry;0;Urban;No;31JAN2013;0;18:08;Male;No;Commercial;B: Evident Injury;Yes;O: No Injury;897;January;0;Straight - Level;Coastal;Facing Traffic;No Control Present;Thursday;Intersection-Related;54;0;Two-Way, Divided, Unprotected Median;1 lane;0;#NULL!;ST ANDREW ST;Coarse Asphalt;#NULL!;Traffic Circle/Roundabout;Motorist Failed to Yield - Sign-Controlled Intersection;Local Street;B: Evident Injury;Edgecombe;22;Cloudy;#NULL!;11-15 mph;20 - 25  MPH;2013;Dark - Lighted Roadway;20-24
35.9411371442, -77.7879023588;"{""type"": ""Point"", ""coordinates"": [-77.7879023587718, 35.941137144236315]}";Unknown/Missing;Rocky Mount;Travel Lane;2;17;Urban (>70% Developed);Unknown;Passenger Car;0;#NULL!;0;0;Black;No;0;Unknown;Motorist Drive Out - Sign-Controlled Intersection;None;No;Missing;Dry;0;Urban;No;10JAN2013;0;17:47;Male;No;Commercial;C: Possible Injury;No;O: No Injury;887;January;0;Straight - Level;Coastal;With Traffic;Double Yellow Line, No Passing Zone;Thursday;Intersection;Unknown;0;Two-Way, Divided, Unprotected Median;4 lanes;0;#NULL!;E RALEIGH BLVD;Smooth Asphalt;#NULL!;No Special Feature;Motorist Failed to Yield - Sign-Controlled Intersection;Local Street;Unknown Injury;Edgecombe;43;Clear;#NULL!;26-30 mph;30 - 35  MPH;2013;Dark - Lighted Roadway;40-49
34.2354667668, -77.9327023182;"{""type"": ""Point"", ""coordinates"": [-77.93270231821663, 34.235466766775616]}";White;Wilmington;Travel Lane;2;14;Urban (>70% Developed);Male;Unknown;0;#NULL!;0;0;Unknown/Missing;No;0;25-29;Motorist Drive Out - Sign-Controlled Intersection;None;No;No;Dry;0;Urban;Yes;10JAN2013;0;14:07;Unknown;Missing;Residential;C: Possible Injury;Yes;Unknown Injury;882;January;0;Straight - Level;Coastal;With Traffic;Stop Sign;Thursday;Intersection;28;0;Two-Way, Divided, Unprotected Median;2 lanes;0;#NULL!;S 13TH ST;Smooth Asphalt;#NULL!;No Special Feature;Motorist Failed to Yield - Sign-Controlled Intersection;Local Street;C: Possible Injury;New Hanover;Unknown;Clear;#NULL!;Unknown;Unknown;2013;Daylight;Unknown
34.6252668201, -78.9216026354;"{""type"": ""Point"", ""coordinates"": [-78.92160263535284, 34.62526682013024]}";White;None - Rural Crash;Travel Lane;2;17;Rural (<30% Developed);Male;Pickup;0;#NULL!;0;0;White;No;0;50-59;Motorist Overtaking - Other / Unknown;None;No;No;Dry;0;Rural;No;09FEB2013;0;17:34;Male;No;Farms, Woods, Pastures;C: Possible Injury;Yes;O: No Injury;886;February;0;Straight - Level;Coastal;With Traffic;Double Yellow Line, No Passing Zone;Saturday;Non-Intersection;56;0;Two-Way, Not Divided;2 lanes;0;#NULL!;SR 2104;Coarse Asphalt;#NULL!;No Special Feature;Motorist Overtaking Bicyclist;State Secondary Route;C: Possible Injury;Robeson;34;Clear;#NULL!;51-55 mph;50 - 55  MPH;2013;Daylight;30-39
36.0058371194, -78.8851026959;"{""type"": ""Point"", ""coordinates"": [-78.8851026959297, 36.005837119406614]}";Black;Durham;Travel Lane;2;18;Urban (>70% Developed);Male;Passenger Car;0;#NULL!;0;0;Unknown/Missing;No;0;16-19;Motorist Left Turn - Opposite Direction;None;No;No;Dry;0;Urban;Yes;20FEB2013;0;18:41;Unknown;No;Commercial;C: Possible Injury;Yes;Unknown Injury;907;February;0;Straight - Grade;Piedmont;Unknown;No Control Present;Wednesday;Intersection-Related;19;0;Two-Way, Not Divided;4 lanes;0;#NULL!;AVONDALE DR;Smooth Asphalt;#NULL!;No Special Feature;Motorist Left Turn / Merge;Local Street;C: Possible Injury;Durham;Unknown;Clear;#NULL!;31-35 mph;30 - 35  MPH;2013;Dark - Lighted Roadway;Unknown
34.226796767, -77.8665022978;"{""type"": ""Point"", ""coordinates"": [-77.86650229781516, 34.22679676701603]}";White;Wilmington;Sidewalk / Crosswalk / Driveway Crossing;2;9;Urban (>70% Developed);Female;Passenger Car;0;#NULL!;0;0;White;No;0;20-24;Motorist Left Turn - Same Direction;None;No;No;Dry;0;Urban;No;21FEB2013;0;9:23;Male;No;Institutional;C: Possible Injury;Yes;O: No Injury;906;February;0;Straight - Level;Coastal;Facing Traffic;No Control Present;Thursday;Non-Intersection;20;0;Two-Way, Not Divided;2 lanes;0;#NULL!;REYNOLDS DR;Smooth Asphalt;#NULL!;Driveway, Public;Motorist Left Turn / Merge;Local Street;C: Possible Injury;New Hanover;28;Clear;#NULL!;0-5 mph;20 - 25  MPH;2013;Daylight;25-29
35.4301869344, -80.6078031831;"{""type"": ""Point"", ""coordinates"": [-80.6078031830624, 35.43018693440181]}";White;Concord;Travel Lane;2;14;Urban (>70% Developed);Male;Passenger Car;0;#NULL!;0;0;White;No;0;30-39;Motorist Drive Out - Sign-Controlled Intersection;None;No;No;Wet;0;Urban;No;14JAN2013;0;14:12;Male;No;Commercial;B: Evident Injury;Yes;O: No Injury;876;January;0;Straight - Grade;Piedmont;Facing Traffic;Stop Sign;Monday;Intersection;31;0;Two-Way, Divided, Unprotected Median;4 lanes;0;#NULL!;CONCORD PKWY;Smooth Asphalt;#NULL!;T-Intersection;Motorist Failed to Yield - Sign-Controlled Intersection;US Route;B: Evident Injury;Cabarrus;34;Cloudy;#NULL!;0-5 mph;30 - 35  MPH;2013;Daylight;30-39
34.7213369135, -76.7107019699;"{""type"": ""Point"", ""coordinates"": [-76.71070196989119, 34.72133691348231]}";Black;Morehead City;Sidewalk / Crosswalk / Driveway Crossing;2;7;Urban (>70% Developed);Male;Pickup;0;#NULL!;0;0;White;No;0;40-49;Motorist Drive Out - Commercial Driveway / Alley;None;No;No;Dry;0;Urban;No;30JAN2013;0;7:44;Male;No;Commercial;O: No Injury;Yes;O: No Injury;892;January;0;Straight - Level;Coastal;With Traffic;No Control Present;Wednesday;Non-Intersection;49;0;Unknown;Unknown;0;#NULL!;DOWNTOWN;Smooth Asphalt;#NULL!;Alley Intersection;Motorist Failed to Yield - Midblock;Public Vehicular Area;Unknown Injury;Carteret;36;Clear;#NULL!;0-5 mph;Unknown;2013;Daylight;30-39
34.2208267652, -77.8864023034;"{""type"": ""Point"", ""coordinates"": [-77.88640230342958, 34.22082676524517]}";White;Wilmington;Non-Roadway;2;15;Urban (>70% Developed);Male;Passenger Car;0;#NULL!;0;0;White;No;0;30-39;Bicyclist Ride Out - Other Midblock;None;No;No;Dry;0;Urban;No;12FEB2013;0;15:24;Female;No;Commercial;B: Evident Injury;Yes;O: No Injury;914;February;0;Straight - Level;Coastal;Unknown;Stop And Go Signal;Tuesday;Non-Intersection;33;0;Two-Way, Not Divided;2 lanes;0;#NULL!;S KERR AVE;Smooth Asphalt;#NULL!;No Special Feature;Bicyclist Failed to Yield - Midblock;Local Street;B: Evident Injury;New Hanover;27;Cloudy;#NULL!;16-20 mph;40 - 45  MPH;2013;Daylight;25-29
35.897567104, -78.6506026184;"{""type"": ""Point"", ""coordinates"": [-78.65060261842117, 35.89756710397076]}";White;Raleigh;Travel Lane;2;13;Urban (>70% Developed);Male;Passenger Car;0;#NULL!;0;0;White;No;0;50-59;Parallel Paths - Other / Unknown;None;No;No;Dry;0;Urban;No;15FEB2013;0;13:39;Male;No;Commercial;C: Possible Injury;Yes;Unknown Injury;896;February;0;Straight - Level;Piedmont;With Traffic;No Control Present;Friday;Intersection-Related;56;0;One-Way, Not Divided;5 lanes;0;#NULL!;SIX FORKS RD;Coarse Asphalt;#NULL!;No Special Feature;Parallel Paths - Other Circumstances;Local Street;C: Possible Injury;Wake;57;Clear;#NULL!;26-30 mph;40 - 45  MPH;2013;Daylight;50-59
35.0431969093, -78.9587026671;"{""type"": ""Point"", ""coordinates"": [-78.95870266705646, 35.043196909304704]}";Black;Fayetteville;Sidewalk / Crosswalk / Driveway Crossing;2;10;Mixed (30% To 70% Developed);Male;Passenger Car;0;#NULL!;0;0;White;No;0;50-59;Motorist Drive Out - Sign-Controlled Intersection;None;No;No;Dry;0;Urban;No;01MAR2013;0;10:38;Male;No;Commercial;C: Possible Injury;Yes;Unknown Injury;955;March;0;Straight - Level;Coastal;Facing Traffic;Stop Sign;Friday;Intersection;56;0;One-Way, Not Divided;6 lanes;0;#NULL!;RAEFORD RD;Coarse Asphalt;#NULL!;Driveway, Public;Motorist Failed to Yield - Sign-Controlled Intersection;Local Street;C: Possible Injury;Cumberland;70+;Clear;#NULL!;0-5 mph;40 - 45  MPH;2013;Daylight;70+
35.7828370799, -78.6379026083;"{""type"": ""Point"", ""coordinates"": [-78.63790260831585, 35.78283707992006]}";White;Raleigh;Travel Lane;2;13;Urban (>70% Developed);Female;Passenger Car;0;#NULL!;0;0;Unknown/Missing;No;0;20-24;Motorist Right Turn - Same Direction;None;No;No;Dry;0;Urban;Yes;14MAR2013;0;13:25;Unknown;Missing;Institutional;B: Evident Injury;No;Unknown Injury;964;March;0;Straight - Level;Piedmont;With Traffic;No Control Present;Thursday;Non-Intersection;23;0;One-Way, Not Divided;2 lanes;0;#NULL!;N WILMINGTON ST;Smooth Asphalt;#NULL!;No Special Feature;Motorist Right Turn / Merge;Local Street;B: Evident Injury;Wake;Unknown;Clear;#NULL!;0-5 mph;30 - 35  MPH;2013;Daylight;Unknown
35.6671469895, -80.4703031543;"{""type"": ""Point"", ""coordinates"": [-80.47030315426066, 35.66714698945005]}";White;Salisbury;Sidewalk / Crosswalk / Driveway Crossing;2;11;Urban (>70% Developed);Male;Passenger Car;0;#NULL!;0;0;White;No;0;16-19;Bicyclist Ride Out - Parallel Path;None;No;No;Dry;0;Urban;No;14MAR2013;0;11:48;Male;No;Commercial;C: Possible Injury;Yes;O: No Injury;946;March;0;Straight - Level;Piedmont;With Traffic;Stop And Go Signal;Thursday;Non-Intersection;18;0;Two-Way, Not Divided;4 lanes;0;#NULL!;US 29;Smooth Asphalt;#NULL!;Four-Way Intersection;Parallel Paths - Other Circumstances;US Route;C: Possible Injury;Rowan;57;Clear;#NULL!;16-20 mph;20 - 25  MPH;2013;Daylight;50-59