Geo Point;Geo Shape;BikeRace;City;BikePos;NumUnits;CrashHour;Locality;BikeSex;DrvrVehTyp;NumBikesNo;BikeAlcDrg;NumBikesBI;RteInvdCd;DrvrRace;Workzone;NumBikesCi;BikeAgeGrp;CrashType;RdDefects;CrashAlcoh;BikeAlcoho;RdConditio;DstncMiFrm;RuralUrban;HitRun;CrashDate;NumBikesUI;CrashTime;DrvrSex;DrvrAlcoho;Developmen;CrashSevr;AmbulanceR;DrvrInjury;OBJECTID;CrashMonth;NumBikesKi;RdCharacte;Region;BikeDir;TraffCntrl;CrashDay;CrashLoc;BikeAge;NumBikesTo;RdConfig;NumLanes;NumBikesAI;DrvrAlcDrg;OnRoad;RdSurface;Towrd_Rd;RdFeature;CrashGrp;RdClass;BikeInjury;County;DrvrAge;Weather;FrmRd;DrvrEstSpd;SpeedLimit;CrashYear;LightCond;DrvrAgeGrp
35.6162969085, -82.3341037065;"{""type"": ""Point"", ""coordinates"": [-82.33410370645238, 35.61629690854921]}";White;Black Mountain;Travel Lane;2;20;Mixed (30% To 70% Developed);Female;Passenger Car;0;#NULL!;0;0;Black;No;0;16-19;Motorist Left Turn - Opposite Direction;None;No;No;Dry;0;Urban;No;14MAR2013;0;20:28;Male;No;Residential;O: No Injury;No;O: No Injury;948;March;0;Straight - Grade;Mountains;With Traffic;No Control Present;Thursday;Intersection;17;0;Two-Way, Not Divided;2 lanes;0;#NULL!;WEST COLLEGE STREET;Smooth Asphalt;#NULL!;T-Intersection;Motorist Left Turn / Merge;Local Street;Unknown Injury;Buncombe;30;Clear;#NULL!;6-10 mph;20 - 25  MPH;2013;Daylight;30-39
35.7792370743, -78.7763026509;"{""type"": ""Point"", ""coordinates"": [-78.77630265089076, 35.77923707433472]}";White;Cary;Non-Roadway;2;17;Urban (>70% Developed);Male;Passenger Car;0;#NULL!;0;0;White;No;0;6-10;Bicyclist Ride Out - Other Midblock;None;No;No;Wet;0;Urban;No;20FEB2013;0;17:30;Male;No;Residential;C: Possible Injury;No;O: No Injury;958;February;0;Straight - Level;Piedmont;Not Applicable;No Control Present;Wednesday;Non-Intersection;7;0;Two-Way, Not Divided;2 lanes;0;#NULL!;FOREST GREEN DR;Gravel;#NULL!;No Special Feature;Bicyclist Failed to Yield - Midblock;Local Street;C: Possible Injury;Wake;22;Clear;#NULL!;6-10 mph;20 - 25  MPH;2013;Daylight;20-24
35.7876170822, -78.6144026022;"{""type"": ""Point"", ""coordinates"": [-78.61440260218615, 35.787617082239024]}";White;Raleigh;Travel Lane;2;16;Urban (>70% Developed);Female;Police;0;#NULL!;0;0;White;No;0;30-39;Motorist Left Turn - Opposite Direction;None;No;No;Dry;0;Urban;No;09MAR2013;0;16:16;Male;No;Residential;C: Possible Injury;No;O: No Injury;951;March;0;Straight - Level;Piedmont;With Traffic;No Control Present;Saturday;Intersection;30;0;Two-Way, Not Divided;2 lanes;0;#NULL!;MILBURNIE RD;Smooth Asphalt;#NULL!;T-Intersection;Motorist Left Turn / Merge;Local Street;C: Possible Injury;Wake;25;Clear;#NULL!;0-5 mph;30 - 35  MPH;2013;Daylight;25-29
35.2227168848, -80.7500032135;"{""type"": ""Point"", ""coordinates"": [-80.7500032134524, 35.222716884811526]}";Black;Charlotte;Sidewalk / Crosswalk / Driveway Crossing;2;18;Urban (>70% Developed);Male;Light Truck (Mini-Van, Panel);0;#NULL!;0;0;Hispanic;No;0;20-24;Motorist Drive Out - Commercial Driveway / Alley;None;No;No;Dry;0;Urban;Yes;12MAY2012;0;18:19;Female;Missing;Residential;C: Possible Injury;Yes;Unknown Injury;2056;May;0;Straight - Level;Piedmont;Facing Traffic;No Control Present;Saturday;Non-Intersection;23;0;Two-Way, Divided, Positive Median Barrier;2 lanes;0;#NULL!;#NULL!;Smooth Asphalt;#NULL!;Driveway, Public;Motorist Failed to Yield - Midblock;Local Street;C: Possible Injury;Mecklenburg;Unknown;Cloudy;#NULL!;6-10 mph;30 - 35  MPH;2012;Daylight;Unknown
35.7513971075, -77.6721023132;"{""type"": ""Point"", ""coordinates"": [-77.67210231316247, 35.751397107508396]}";White;Macclesfield;Bike Lane / Paved Shoulder;2;16;Urban (>70% Developed);Female;Passenger Car;0;#NULL!;0;0;Unknown/Missing;No;0;16-19;Motorist Overtaking - Misjudged Space;None;No;No;Dry;0;Rural;Yes;14MAR2012;0;16:57;Unknown;No;Residential;B: Evident Injury;No;Unknown Injury;2030;March;0;Straight - Level;Coastal;With Traffic;Double Yellow Line, No Passing Zone;Wednesday;Non-Intersection;18;0;Two-Way, Not Divided;2 lanes;0;#NULL!;#NULL!;Coarse Asphalt;#NULL!;No Special Feature;Motorist Overtaking Bicyclist;Local Street;B: Evident Injury;Edgecombe;Unknown;Clear;#NULL!;26-30 mph;30 - 35  MPH;2012;Daylight;Unknown
35.3273670028, -78.0320024011;"{""type"": ""Point"", ""coordinates"": [-78.03200240111329, 35.32736700281331]}";White;None - Rural Crash;Travel Lane;2;15;Urban (>70% Developed);Female;Passenger Car;0;#NULL!;0;0;Unknown/Missing;No;0;30-39;Motorist Overtaking - Other / Unknown;None;No;No;Dry;0;Rural;Yes;20MAY2012;0;15:35;Unknown;No;Farms, Woods, Pastures;C: Possible Injury;No;Unknown Injury;2047;May;0;Straight - Level;Coastal;With Traffic;Double Yellow Line, No Passing Zone;Sunday;Non-Intersection;31;0;Two-Way, Not Divided;2 lanes;0;#NULL!;#NULL!;Smooth Asphalt;#NULL!;No Special Feature;Motorist Overtaking Bicyclist;State Secondary Route;C: Possible Injury;Wayne;Unknown;Clear;#NULL!;41-45 mph;40 - 45  MPH;2012;Daylight;Unknown
35.0577569152, -78.8787026434;"{""type"": ""Point"", ""coordinates"": [-78.87870264338875, 35.05775691521102]}";White;Fayetteville;Sidewalk / Crosswalk / Driveway Crossing;2;10;Urban (>70% Developed);Male;Passenger Car;0;#NULL!;0;0;Black;No;0;20-24;Motorist Drive Out - Commercial Driveway / Alley;None;No;No;Dry;0;Urban;No;03MAY2012;0;10:27;Female;No;Commercial;C: Possible Injury;Yes;O: No Injury;2017;May;0;Straight - Level;Coastal;Facing Traffic;No Control Present;Thursday;Non-Intersection;23;0;Two-Way, Not Divided;Unknown;0;#NULL!;#NULL!;Coarse Asphalt;#NULL!;No Special Feature;Motorist Failed to Yield - Midblock;Public Vehicular Area;C: Possible Injury;Cumberland;32;Clear;#NULL!;0-5 mph;5 - 15 MPH;2012;Daylight;30-39
35.5513968871, -82.5371037626;"{""type"": ""Point"", ""coordinates"": [-82.5371037626, 35.551396887081786]}";White;Asheville;Sidewalk / Crosswalk / Driveway Crossing;2;13;Urban (>70% Developed);Male;Passenger Car;0;#NULL!;0;0;White;No;0;40-49;Motorist Drive Out - Commercial Driveway / Alley;None;No;No;Dry;0;Urban;No;23APR2012;0;13:06;Male;No;Commercial;C: Possible Injury;Yes;O: No Injury;2045;April;0;Straight - Level;Mountains;Facing Traffic;No Control Present;Monday;Non-Intersection;42;0;Two-Way, Not Divided;2 lanes;0;#NULL!;#NULL!;Smooth Asphalt;#NULL!;No Special Feature;Motorist Failed to Yield - Midblock;Public Vehicular Area;C: Possible Injury;Buncombe;60;Cloudy;#NULL!;0-5 mph;5 - 15 MPH;2012;Daylight;60-69
36.0589870816, -80.2141030995;"{""type"": ""Point"", ""coordinates"": [-80.21410309952415, 36.05898708163947]}";Black;Winston-Salem;Travel Lane;2;18;Mixed (30% To 70% Developed);Male;Passenger Car;0;#NULL!;0;0;Hispanic;No;0;11-15;Multiple Threat - Midblock;None;No;No;Dry;0;Urban;No;26APR2012;0;18:03;Male;No;Commercial;C: Possible Injury;Yes;O: No Injury;2011;April;0;Straight - Level;Piedmont;Not Applicable;Stop And Go Signal;Thursday;Non-Intersection;12;0;Two-Way, Divided, Unprotected Median;4 lanes;0;#NULL!;#NULL!;Smooth Asphalt;#NULL!;No Special Feature;Bicyclist Failed to Yield - Midblock;Local Street;C: Possible Injury;Forsyth;20;Clear;#NULL!;31-35 mph;30 - 35  MPH;2012;Daylight;20-24
35.6391270425, -78.8433026637;"{""type"": ""Point"", ""coordinates"": [-78.84330266367277, 35.639127042487246]}";White;Holly Springs;Travel Lane;2;6;Urban (>70% Developed);Male;Passenger Car;0;#NULL!;0;0;White;No;0;11-15;Signalized Intersection - Other / Unknown;None;No;No;Wet;0;Urban;No;16MAY2012;0;6:54;Female;No;Residential;C: Possible Injury;Yes;O: No Injury;2031;May;0;Straight - Level;Piedmont;Facing Traffic;Stop And Go Signal;Wednesday;Intersection;15;0;Two-Way, Not Divided;3 lanes;0;#NULL!;#NULL!;Smooth Asphalt;#NULL!;T-Intersection;Crossing Paths - Other Circumstances;Local Street;C: Possible Injury;Wake;60;Clear;#NULL!;0-5 mph;50 - 55  MPH;2012;Daylight;60-69
35.0720669162, -78.9520026661;"{""type"": ""Point"", ""coordinates"": [-78.95200266612804, 35.07206691620686]}";White;Fayetteville;Travel Lane;2;12;Urban (>70% Developed);Male;Passenger Car;0;#NULL!;0;0;White;No;0;30-39;Motorist Right Turn - Same Direction;None;No;No;Dry;0;Urban;No;27APR2012;0;12:07;Female;No;Commercial;B: Evident Injury;No;O: No Injury;2008;April;0;Straight - Level;Coastal;With Traffic;Stop Sign;Friday;Intersection;32;0;Two-Way, Not Divided;4 lanes;0;#NULL!;#NULL!;Coarse Asphalt;#NULL!;T-Intersection;Motorist Right Turn / Merge;State Secondary Route;B: Evident Injury;Cumberland;21;Clear;#NULL!;16-20 mph;30 - 35  MPH;2012;Daylight;20-24
35.452876989, -79.2263027693;"{""type"": ""Point"", ""coordinates"": [-79.22630276933552, 35.452876989012374]}";White;Sanford;Travel Lane;2;19;Urban (>70% Developed);Male;Pickup;0;#NULL!;0;0;White;No;0;60-69;Bicyclist Left Turn - Same Direction;None;No;No;Dry;0;Urban;No;30APR2012;0;19:02;Male;No;Residential;B: Evident Injury;Yes;O: No Injury;2022;April;0;Straight - Level;Piedmont;With Traffic;No Control Present;Monday;Intersection;64;0;Two-Way, Not Divided;2 lanes;0;#NULL!;#NULL!;Coarse Asphalt;#NULL!;Four-Way Intersection;Bicyclist Left Turn / Merge;Local Street;B: Evident Injury;Lee;18;Clear;#NULL!;41-45 mph;40 - 45  MPH;2012;Daylight;0-19
34.8604269388, -76.8972020332;"{""type"": ""Point"", ""coordinates"": [-76.89720203318375, 34.860426938842146]}";Hispanic;Havelock;Travel Lane;2;9;Urban (>70% Developed);Male;Passenger Car;0;#NULL!;0;0;White;No;0;40-49;Head-On - Bicyclist;None;No;No;Dry;0;Urban;No;16APR2012;0;9:38;Male;No;Commercial;B: Evident Injury;Yes;O: No Injury;2028;April;0;Straight - Level;Coastal;Facing Traffic;No Control Present;Monday;Non-Intersection;42;0;Two-Way, Divided, Unprotected Median;4 lanes;0;#NULL!;#NULL!;Smooth Asphalt;#NULL!;No Special Feature;Head-On;US Route;B: Evident Injury;Craven;60;Clear;#NULL!;6-10 mph;40 - 45  MPH;2012;Daylight;60-69
34.2231267648, -77.90920231;"{""type"": ""Point"", ""coordinates"": [-77.90920231001499, 34.223126764760316]}";White;Wilmington;Travel Lane;2;16;Urban (>70% Developed);Female;Unknown;0;#NULL!;0;0;Unknown/Missing;No;0;11-15;Motorist Overtaking - Other / Unknown;None;No;No;Dry;0;Urban;Yes;04JUN2012;0;16:45;Unknown;Missing;Residential;C: Possible Injury;No;Unknown Injury;2101;June;0;Straight - Level;Coastal;With Traffic;No Control Present;Monday;Intersection-Related;14;0;Two-Way, Divided, Unprotected Median;2 lanes;0;#NULL!;#NULL!;Coarse Asphalt;#NULL!;No Special Feature;Motorist Overtaking Bicyclist;Local Street;C: Possible Injury;New Hanover;Unknown;Clear;#NULL!;6-10 mph;20 - 25  MPH;2012;Daylight;Unknown
35.7831370802, -78.6560026146;"{""type"": ""Point"", ""coordinates"": [-78.65600261455434, 35.78313708016335]}";White;Raleigh;Travel Lane;2;1;Rural (<30% Developed);Male;Passenger Car;0;#NULL!;0;0;Unknown/Missing;No;0;20-24;Motorist Left Turn - Opposite Direction;None;No;No;Dry;0;Urban;Yes;03JUN2012;0;1:02;Unknown;Missing;Commercial;B: Evident Injury;Yes;Unknown Injury;2114;June;0;Straight - Level;Piedmont;With Traffic;No Control Present;Sunday;Intersection;23;0;Two-Way, Divided, Unprotected Median;3 lanes;0;#NULL!;#NULL!;Coarse Asphalt;#NULL!;T-Intersection;Motorist Left Turn / Merge;Local Street;B: Evident Injury;Wake;Unknown;Clear;#NULL!;21-25 mph;30 - 35  MPH;2012;Dark - Lighted Roadway;Unknown
35.7164270245, -79.8077029582;"{""type"": ""Point"", ""coordinates"": [-79.80770295817562, 35.71642702449882]}";White;Asheboro;Unknown;2;20;Urban (>70% Developed);Female;Passenger Car;0;#NULL!;0;0;Unknown/Missing;No;0;6-10;Bicyclist Ride Out - Midblock - Unknown;None;No;No;Dry;0;Urban;Yes;30MAY2012;0;20:35;Unknown;Missing;Residential;B: Evident Injury;Yes;Unknown Injury;2098;May;0;Straight - Bottom;Piedmont;Unknown;No Control Present;Wednesday;Non-Intersection;7;0;Two-Way, Not Divided;2 lanes;0;#NULL!;#NULL!;Smooth Asphalt;#NULL!;No Special Feature;Bicyclist Failed to Yield - Midblock;State Secondary Route;B: Evident Injury;Randolph;Unknown;Clear;#NULL!;Unknown;30 - 35  MPH;2012;Daylight;Unknown
35.5895668949, -82.5502037692;"{""type"": ""Point"", ""coordinates"": [-82.5502037692011, 35.589566894919436]}";White;Asheville;Travel Lane;2;20;Urban (>70% Developed);Male;Unknown;0;#NULL!;0;0;Unknown/Missing;No;0;30-39;Motorist Overtaking - Misjudged Space;None;No;No;Dry;0;Urban;Yes;07JUN2012;0;20:22;Unknown;Missing;Commercial;C: Possible Injury;Yes;Unknown Injury;2130;June;0;Straight - Level;Mountains;With Traffic;Stop Sign;Thursday;Intersection;34;0;Two-Way, Divided, Unprotected Median;5 lanes;0;#NULL!;#NULL!;Coarse Asphalt;#NULL!;No Special Feature;Motorist Overtaking Bicyclist;Local Street;C: Possible Injury;Buncombe;Unknown;Clear;#NULL!;36-40 mph;40 - 45  MPH;2012;Daylight;Unknown
35.9188570027, -81.530503485;"{""type"": ""Point"", ""coordinates"": [-81.53050348500946, 35.91885700267079]}";Black;Lenoir;Travel Lane;2;13;Urban (>70% Developed);Male;Passenger Car;0;#NULL!;0;0;White;No;0;11-15;Bicyclist Ride Through - Sign-Controlled Intersection;None;No;No;Dry;0;Urban;No;08JUN2012;0;13:30;Female;No;Residential;B: Evident Injury;Yes;O: No Injury;2102;June;0;Straight - Grade;Mountains;With Traffic;Stop Sign;Friday;Intersection;15;0;Two-Way, Not Divided;2 lanes;0;#NULL!;#NULL!;Coarse Asphalt;#NULL!;No Special Feature;Bicyclist Failed to Yield - Sign-Controlled Intersection;Local Street;B: Evident Injury;Caldwell;57;Clear;#NULL!;11-15 mph;20 - 25  MPH;2012;Daylight;50-59
34.8925369451, -76.9240020427;"{""type"": ""Point"", ""coordinates"": [-76.92400204266485, 34.892536945110145]}";White;Havelock;Unknown;2;22;Urban (>70% Developed);Male;Passenger Car;0;#NULL!;0;0;Black;No;0;50-59;Crossing Paths - Midblock - Other / Unknown;None;No;No;Dry;0;Urban;No;11MAY2012;0;22:28;Male;No;Commercial;K: Killed;Yes;C: Possible Injury;2127;May;0;Straight - Grade;Coastal;Not Applicable;No Control Present;Friday;Non-Intersection;50;0;Two-Way, Divided, Unprotected Median;4 lanes;0;#NULL!;#NULL!;Smooth Asphalt;#NULL!;No Special Feature;Crossing Paths - Other Circumstances;US Route;K: Killed;Craven;49;Clear;#NULL!;46-50 mph;50 - 55  MPH;2012;Dark - Roadway Not Lighted;40-49
34.5098868439, -77.4338021799;"{""type"": ""Point"", ""coordinates"": [-77.43380217986032, 34.50988684393446]}";White;None - Rural Crash;Travel Lane;2;10;Mixed (30% To 70% Developed);Male;Passenger Car;0;#NULL!;0;0;White;No;0;60-69;Motorist Left Turn - Opposite Direction;None;No;No;Dry;0;Rural;No;10JUN2012;0;10:47;Male;No;Residential;K: Killed;Yes;O: No Injury;2123;June;0;Straight - Level;Coastal;With Traffic;No Control Present;Sunday;Intersection;60;0;Two-Way, Not Divided;2 lanes;0;#NULL!;#NULL!;Coarse Asphalt;#NULL!;Driveway, Public;Motorist Left Turn / Merge;Public Vehicular Area;K: Killed;Onslow;65;Clear;#NULL!;11-15 mph;40 - 45  MPH;2012;Daylight;60-69
35.7692970724, -78.782002652;"{""type"": ""Point"", ""coordinates"": [-78.78200265203361, 35.769297072432]}";White;Cary;Travel Lane;2;15;Urban (>70% Developed);Male;Pickup;0;#NULL!;0;0;Black;No;0;20-24;Crossing Paths - Intersection - Other / Unknown;None;No;No;Dry;0;Urban;No;29MAY2012;0;15:13;Female;No;Commercial;O: No Injury;No;O: No Injury;2118;May;0;Straight - Level;Piedmont;Facing Traffic;Stop And Go Signal;Tuesday;Intersection;20;0;Two-Way, Not Divided;5 lanes;0;#NULL!;#NULL!;Smooth Asphalt;#NULL!;Four-Way Intersection;Crossing Paths - Other Circumstances;State Secondary Route;O: No Injury;Wake;61;Cloudy;#NULL!;6-10 mph;30 - 35  MPH;2012;Daylight;60-69
36.2815872699, -76.2237868967;"{""type"": ""Point"", ""coordinates"": [-76.22378689674743, 36.28158726992627]}";Black;Elizabeth City;Travel Lane;2;19;Mixed (30% To 70% Developed);Male;Passenger Car;0;Yes-Alcohol,  impairment suspected;0;30000344;Black;No;0;40-49;Signalized Intersection - Other / Unknown;None;Yes;#NULL!;Dry;0;Urban;No;16APR2014;0;19:25;Female;#NULL!;Residential;A: Disabling Injury;Yes;C: Possible Injury;162;April;0;Straight - Level;Coastal;With Traffic;Stop And Go Signal;Wednesday;Intersection;44;1;Two-Way, Divided, Unprotected Median;4 lanes;1;Yes-Alcohol, no impairment detected;HALSTEAD BLVD;Smooth Asphalt;DEALIRE ST;Four-Way Intersection;Crossing Paths - Other Circumstances;Local Street;A: Disabling Injury;Pasquotank;21;Clear;PEARTREE ROAD;36-40 mph;50 - 55  MPH;2014;Dusk;20-24
34.2131987622, -77.9260583151;"{""type"": ""Point"", ""coordinates"": [-77.92605831507971, 34.213198762215114]}";White;Wilmington;Travel Lane;2;5;Urban (>70% Developed);Male;Unknown;0;No;1;40001218;Unknown/Missing;No;0;30-39;Motorist Drive Through - Signalized Intersection;None;No;#NULL!;Dry;0.001;Urban;Yes;13APR2014;0;5:00;Unknown;#NULL!;Commercial;B: Evident Injury;No;Unknown Injury;166;April;0;Straight - Level;Coastal;With Traffic;Stop And Go Signal;Sunday;Intersection;32;1;One-Way, Not Divided;5 lanes;0;Unknown;S 16TH ST;Coarse Asphalt;LITTLE JOHN CIR;Four-Way Intersection;Motorist Failed to Yield - Signalized Intersection;Local Street;B: Evident Injury;New Hanover;Unknown;Clear;ROBIN HOOD DR;6-10 mph;30 - 35  MPH;2014;Dark - Lighted Roadway;Unknown
36.0516541339, -78.7338326523;"{""type"": ""Point"", ""coordinates"": [-78.73383265231007, 36.05165413386373]}";White;None - Rural Crash;Bike Lane / Paved Shoulder;2;14;Rural (<30% Developed);Male;Sport Utility;0;No;0;0;White;No;1;16-19;Motorist Lost Control - Other / Unknown;None;No;#NULL!;Dry;0.1;Rural;No;16MAY2014;0;14:23;Male;#NULL!;Residential;C: Possible Injury;Yes;O: No Injury;192;May;0;Curve - Grade;Piedmont;Facing Traffic;Double Yellow Line, No Passing Zone;Friday;Non-Intersection;17;1;Two-Way, Not Divided;2 lanes;0;No;SR 1903;Smooth Asphalt;1901;No Special Feature;Loss of Control / Turning Error;State Secondary Route;C: Possible Injury;Wake;67;Clear;OLIVE GROVE CHURCH RD;16-20 mph;40 - 45  MPH;2014;Daylight;60-69
36.1102901209, -79.4420828694;"{""type"": ""Point"", ""coordinates"": [-79.44208286937082, 36.110290120895776]}";Black;Burlington;Driveway / Alley;2;21;Urban (>70% Developed);Male;Passenger Car;0;No;1;0;Black;No;0;11-15;Bicyclist Lost Control - Other / Unknown;None;No;#NULL!;Dry;0.001;Urban;No;04MAY2014;0;21:10;Male;#NULL!;Residential;B: Evident Injury;Yes;O: No Injury;175;May;0;Straight - Level;Piedmont;Not Applicable;Stop Sign;Sunday;Non-Intersection;11;1;Two-Way, Not Divided;2 lanes;0;No;PVA 702 LAKESIDE AVE;Smooth Asphalt;LAKESIDE AVE;No Special Feature;Loss of Control / Turning Error;Public Vehicular Area;B: Evident Injury;Alamance;48;Clear;TILLMAN ST;0-5 mph;5 - 15 MPH;2014;Dark - Roadway Not Lighted;40-49
35.5749308732, -83.0155939047;"{""type"": ""Point"", ""coordinates"": [-83.01559390465762, 35.57493087315951]}";Hispanic;None - Rural Crash;Travel Lane;2;17;Mixed (30% To 70% Developed);Male;Pickup;0;No;0;20000276;White;No;0;30-39;Motorist Overtaking - Other / Unknown;None;No;#NULL!;Dry;0.9;Rural;No;20APR2014;0;17:07;Male;#NULL!;Farms, Woods, Pastures;A: Disabling Injury;Yes;O: No Injury;155;April;0;Straight - Grade;Mountains;With Traffic;No Control Present;Sunday;Non-Intersection;36;1;Two-Way, Divided, Positive Median Barrier;4 lanes;1;No;US 276;Smooth Asphalt;1364;No Special Feature;Motorist Overtaking Bicyclist;US Route;A: Disabling Injury;Haywood;21;Clear;1324;61-65 mph;50 - 55  MPH;2014;Daylight;20-24
35.6538670453, -78.8478026656;"{""type"": ""Point"", ""coordinates"": [-78.84780266559862, 35.653867045273266]}";White;Holly Springs;Travel Lane;2;18;Urban (>70% Developed);Male;Sport Utility;0;No;0;32000055;White;No;1;30-39;Motorist Overtaking - Other / Unknown;None;No;#NULL!;Dry;0.17;Urban;No;25MAY2014;0;18:56;Female;#NULL!;Commercial;C: Possible Injury;Yes;O: No Injury;201;May;0;Straight - Grade;Piedmont;With Traffic;Stop And Go Signal;Sunday;Non-Intersection;37;1;Two-Way, Divided, Unprotected Median;4 lanes;0;No;GB ALFORD HWY;Coarse Asphalt;W HOLLY SPRINGS RD;Other;Motorist Overtaking Bicyclist;Local Street;C: Possible Injury;Wake;70+;Clear;W BALLENTINE ST;46-50 mph;50 - 55  MPH;2014;Daylight;70+
35.6121589039, -82.4305637343;"{""type"": ""Point"", ""coordinates"": [-82.43056373425696, 35.61215890390284]}";White;None - Rural Crash;Travel Lane;2;17;Mixed (30% To 70% Developed);Male;Van;0;No;1;40002416;Hispanic;No;0;25-29;Motorist Left Turn - Opposite Direction;None;No;#NULL!;Dry;0.3;Rural;No;24APR2014;0;17:26;Female;#NULL!;Commercial;B: Evident Injury;No;O: No Injury;170;April;0;Straight - Level;Mountains;With Traffic;Double Yellow Line, No Passing Zone;Thursday;Non-Intersection;28;1;Two-Way, Not Divided;2 lanes;0;No;SR 2416;Smooth Asphalt;2427;Driveway, Public;Motorist Left Turn / Merge;State Secondary Route;B: Evident Injury;Buncombe;41;Clear;2430;26-30 mph;30 - 35  MPH;2014;Daylight;40-49
35.7987930748, -78.9003226889;"{""type"": ""Point"", ""coordinates"": [-78.90032268891332, 35.798793074821624]}";White;Cary;Travel Lane;2;19;Urban (>70% Developed);Male;Pickup;0;No;1;40001600;Hispanic;No;0;50-59;Motorist Turning Error - Left Turn;None;No;#NULL!;Dry;0;Urban;No;24APR2014;0;19:13;Male;#NULL!;Residential;B: Evident Injury;Yes;O: No Injury;202;April;0;Straight - Level;Piedmont;With Traffic;Stop Sign;Thursday;Intersection;58;1;Two-Way, Not Divided;2 lanes;0;No;GREEN LEVEL CH RD;Smooth Asphalt;MILLERCREST LN;No Special Feature;Loss of Control / Turning Error;State Secondary Route;B: Evident Injury;Wake;31;Clear;GREEN HOPE SCHOOL RD;31-35 mph;40 - 45  MPH;2014;Daylight;30-39
35.7710830645, -79.0028727187;"{""type"": ""Point"", ""coordinates"": [-79.00287271870596, 35.77108306445074]}";Other;None - Rural Crash;Travel Lane;2;14;Rural (<30% Developed);Male;Pickup;1;No;0;40001008;White;No;0;70+;Bicyclist Ride Out - Sign-Controlled Intersection;None;No;#NULL!;Dry;0;Rural;No;08APR2014;0;14:13;Male;#NULL!;Farms, Woods, Pastures;O: No Injury;No;O: No Injury;152;April;0;Curve - Grade;Piedmont;With Traffic;Stop Sign;Tuesday;Intersection;70+;1;Two-Way, Not Divided;2 lanes;0;No;SR 1008;Smooth Asphalt;1747;T-Intersection;Bicyclist Failed to Yield - Sign-Controlled Intersection;State Secondary Route;O: No Injury;Chatham;49;Cloudy;1750;51-55 mph;50 - 55  MPH;2014;Daylight;40-49
34.7257228729, -77.988282358;"{""type"": ""Point"", ""coordinates"": [-77.98828235803406, 34.72572287293923]}";Hispanic;Wallace;Driveway / Alley;2;16;Mixed (30% To 70% Developed);Male;Sport Utility;0;No;1;0;Hispanic;No;0;6-10;Non-Roadway;None;No;#NULL!;Dry;0;Rural;No;25APR2014;0;16:54;Male;#NULL!;Residential;B: Evident Injury;Yes;O: No Injury;154;April;0;Straight - Level;Coastal;Not Applicable;No Control Present;Friday;Non-Roadway;6;1;Two-Way, Not Divided;2 lanes;0;No;W CAROL C MHP;Coarse Asphalt;PRIVATE PROPERTY;No Special Feature;Non-Roadway;Local Street;B: Evident Injury;Duplin;55;Clear;117;6-10 mph;5 - 15 MPH;2014;Daylight;50-59
35.1937568777, -80.7827332221;"{""type"": ""Point"", ""coordinates"": [-80.78273322209024, 35.19375687766223]}";Black;Charlotte;Sidewalk / Crosswalk / Driveway Crossing;2;13;Urban (>70% Developed);Male;Unknown;0;No;0;40001009;Unknown/Missing;No;1;20-24;Motorist Drive Out - Commercial Driveway / Alley;None;No;#NULL!;Wet;0.017;Urban;Yes;03MAR2014;0;13:15;Unknown;#NULL!;Commercial;C: Possible Injury;Yes;Unknown Injury;48;March;0;Straight - Level;Piedmont;Facing Traffic;No Control Present;Monday;Non-Intersection;22;1;Two-Way, Not Divided;Unknown;0;Missing;MONROE RD;Concrete;RICHLAND DR;Driveway, Public;Motorist Failed to Yield - Midblock;Public Vehicular Area;C: Possible Injury;Mecklenburg;Unknown;Rain;CHIPPENDALE RD;Unknown;30 - 35  MPH;2014;Daylight;Unknown
34.2188097668, -77.8137122816;"{""type"": ""Point"", ""coordinates"": [-77.81371228160512, 34.21880976683559]}";White;Wrightsville Beach;Travel Lane;2;11;Urban (>70% Developed);Female;Sport Utility;0;No;0;50033735;White;Yes;0;60-69;Motorist Drive Out - Sign-Controlled Intersection;Work Zone;No;#NULL!;Dry;0;Rural;No;10JAN2014;0;11:44;Male;#NULL!;Commercial;A: Disabling Injury;Yes;O: No Injury;20;January;0;Straight - Hillcrest;Coastal;Facing Traffic;Stop Sign;Friday;Intersection;60;1;Two-Way, Divided, Unprotected Median;2 lanes;1;No;WRIGHTSVILLE AVE;Coarse Asphalt;SUMMER REST RD;Bridge Approach;Motorist Failed to Yield - Sign-Controlled Intersection;NC Route;A: Disabling Injury;New Hanover;65;Clear;AIRLIE ROAD;6-10 mph;40 - 45  MPH;2014;Daylight;60-69
35.4847599454, -80.6112931872;"{""type"": ""Point"", ""coordinates"": [-80.61129318721694, 35.484759945395965]}";Unknown/Missing;Kannapolis;Travel Lane;3;18;Urban (>70% Developed);Unknown;Passenger Car;0;No;0;20000029;White;No;0;Unknown;Motorist Lost Control - Oversteering, Improper Braking, Speed;None;No;#NULL!;Dry;0;Urban;No;18JAN2014;1;18:25;Female;#NULL!;Commercial;A: Disabling Injury;Yes;A: Disabling Injury;29;January;0;Straight - Grade;Piedmont;With Traffic;No Control Present;Saturday;Intersection;Unknown;1;Two-Way, Not Divided;4 lanes;0;No;S CANNON BVD;Smooth Asphalt;FAIRVIEW ST;T-Intersection;Loss of Control / Turning Error;US Route;Unknown Injury;Cabarrus;44;Clear;SWEET GUM ST;46-50 mph;40 - 45  MPH;2014;Dark - Lighted Roadway;40-49