Geo Point;Geo Shape;BikeRace;City;BikePos;NumUnits;CrashHour;Locality;BikeSex;DrvrVehTyp;NumBikesNo;BikeAlcDrg;NumBikesBI;RteInvdCd;DrvrRace;Workzone;NumBikesCi;BikeAgeGrp;CrashType;RdDefects;CrashAlcoh;BikeAlcoho;RdConditio;DstncMiFrm;RuralUrban;HitRun;CrashDate;NumBikesUI;CrashTime;DrvrSex;DrvrAlcoho;Developmen;CrashSevr;AmbulanceR;DrvrInjury;OBJECTID;CrashMonth;NumBikesKi;RdCharacte;Region;BikeDir;TraffCntrl;CrashDay;CrashLoc;BikeAge;NumBikesTo;RdConfig;NumLanes;NumBikesAI;DrvrAlcDrg;OnRoad;RdSurface;Towrd_Rd;RdFeature;CrashGrp;RdClass;BikeInjury;County;DrvrAge;Weather;FrmRd;DrvrEstSpd;SpeedLimit;CrashYear;LightCond;DrvrAgeGrp
35.0640709149, -78.9268026582;"{""type"": ""Point"", ""coordinates"": [-78.92680265820685, 35.064070914893136]}";Black;Fayetteville;Sidewalk / Crosswalk / Driveway Crossing;2;8;Urban (>70% Developed);Male;Passenger Car;0;No;0;50028328;Other;No;1;30-39;Signalized Intersection - Other / Unknown;None;No;#NULL!;Dry;0;Urban;No;03JAN2014;0;8:06;Male;#NULL!;Residential;C: Possible Injury;No;O: No Injury;30;January;0;Straight - Level;Coastal;Facing Traffic;Flashing Stop And Go Signal;Friday;Intersection;30;1;Two-Way, Divided, Unprotected Median;6 lanes;0;No;SKYE DR;Coarse Asphalt;CLIFFDALE RD;T-Intersection;Crossing Paths - Other Circumstances;Local Street;C: Possible Injury;Cumberland;51;Clear;MORGANTON RD;16-20 mph;20 - 25  MPH;2014;Daylight;50-59
35.2440638754, -81.1211333252;"{""type"": ""Point"", ""coordinates"": [-81.12113332519459, 35.24406387540965]}";White;Gastonia;Sidewalk / Crosswalk / Driveway Crossing;2;16;Urban (>70% Developed);Male;Sport Utility;0;No;0;0;White;No;1;11-15;Motorist Drive Out - Sign-Controlled Intersection;None;No;#NULL!;Dry;0;Urban;No;30JAN2014;0;16:53;Male;#NULL!;Residential;C: Possible Injury;Yes;O: No Injury;41;January;0;Straight - Level;Piedmont;Facing Traffic;Stop Sign;Thursday;Intersection;13;1;Two-Way, Not Divided;2 lanes;0;No;PVA 2400 PAMELA ST;Smooth Asphalt;CAROL DR;T-Intersection;Motorist Failed to Yield - Sign-Controlled Intersection;Local Street;C: Possible Injury;Gaston;63;Clear;REDBUD DR;Unknown;30 - 35  MPH;2014;Daylight;60-69
36.1083371073, -79.8076329799;"{""type"": ""Point"", ""coordinates"": [-79.80763297988254, 36.10833710726726]}";White;Greensboro;Travel Lane;2;18;Urban (>70% Developed);Male;Sport Utility;0;No;0;50006752;White;No;1;50-59;Motorist Drive Out - Sign-Controlled Intersection;None;No;#NULL!;Dry;0;Urban;No;26FEB2014;0;18:36;Female;#NULL!;Residential;C: Possible Injury;Yes;O: No Injury;42;February;0;Straight - Level;Piedmont;With Traffic;Stop Sign;Wednesday;Intersection;58;1;One-Way, Not Divided;4 lanes;0;No;W CONE BLVD;Coarse Asphalt;HOLLY DR;No Special Feature;Motorist Failed to Yield - Sign-Controlled Intersection;Local Street;C: Possible Injury;Guilford;44;Clear;LAFAYETTE AV;21-25 mph;30 - 35  MPH;2014;Daylight;40-49
35.6771369915, -80.4706831556;"{""type"": ""Point"", ""coordinates"": [-80.47068315559672, 35.67713699153686]}";Black;Salisbury;Travel Lane;2;15;Urban (>70% Developed);Male;Passenger Car;0;No;0;0;White;No;1;50-59;Motorist Turning Error - Other;None;No;#NULL!;Dry;0.005;Urban;No;23JAN2014;0;15:02;Female;#NULL!;Residential;C: Possible Injury;No;O: No Injury;11;January;0;Straight - Level;Piedmont;With Traffic;No Control Present;Thursday;Intersection-Related;58;1;Two-Way, Not Divided;2 lanes;0;No;NORTH CRAIGE STREET;Smooth Asphalt;WEST HENDERSON STREET;No Special Feature;Loss of Control / Turning Error;Local Street;C: Possible Injury;Rowan;70+;Clear;WEST FRANKLIN STREET;6-10 mph;30 - 35  MPH;2014;Daylight;70+
35.5222429318, -81.1968493631;"{""type"": ""Point"", ""coordinates"": [-81.19684936312102, 35.52224293175651]}";White;None - Rural Crash;Travel Lane;2;18;Mixed (30% To 70% Developed);Male;Pickup;0;No;0;40001003;White;No;0;40-49;Motorist Overtaking - Other / Unknown;None;No;#NULL!;Dry;0.25;Rural;No;23FEB2014;0;18:57;Male;#NULL!;Residential;A: Disabling Injury;Yes;O: No Injury;43;February;0;Straight - Level;Piedmont;With Traffic;No Control Present;Sunday;Non-Intersection;43;1;Two-Way, Not Divided;2 lanes;1;No;SR 1003;Smooth Asphalt;1341;No Special Feature;Motorist Overtaking Bicyclist;State Secondary Route;A: Disabling Injury;Lincoln;41;Clear;1340;36-40 mph;40 - 45  MPH;2014;Dark - Roadway Not Lighted;40-49
35.9358591721, -76.9244020942;"{""type"": ""Point"", ""coordinates"": [-76.92440209421665, 35.93585917209676]}";Black;None - Rural Crash;Travel Lane;2;1;Rural (<30% Developed);Male;Passenger Car;0;No;1;40001500;Black;No;0;20-24;Motorist Overtaking - Bicyclist Swerved;None;No;#NULL!;Dry;0;Rural;No;08FEB2014;0;1:04;Male;#NULL!;Farms, Woods, Pastures;B: Evident Injury;Yes;O: No Injury;47;February;0;Straight - Level;Coastal;With Traffic;No Control Present;Saturday;Non-Intersection;21;1;Two-Way, Not Divided;2 lanes;0;No;1500;Coarse Asphalt;1521;No Special Feature;Motorist Overtaking Bicyclist;State Secondary Route;B: Evident Injury;Bertie;37;Clear;1546;41-45 mph;40 - 45  MPH;2014;Dark - Roadway Not Lighted;30-39
35.9286531402, -77.8105223646;"{""type"": ""Point"", ""coordinates"": [-77.81052236459948, 35.92865314018077]}";Black;Rocky Mount;Travel Lane;2;18;Mixed (30% To 70% Developed);Male;Passenger Car;0;No;0;0;Black;No;1;11-15;Bicyclist Turning Error - Right Turn;None;No;#NULL!;Dry;0;Urban;No;24FEB2014;0;18:14;Male;#NULL!;Residential;C: Possible Injury;Yes;O: No Injury;34;February;0;Straight - Level;Coastal;With Traffic;Stop Sign;Monday;Intersection;12;1;Two-Way, Not Divided;2 lanes;0;No;PAUL ST;Smooth Asphalt;COCKRELL ST;No Special Feature;Loss of Control / Turning Error;Local Street;C: Possible Injury;Nash;41;Clear;BOONE ST;16-20 mph;20 - 25  MPH;2014;Dusk;40-49
35.6059719014, -82.4735837465;"{""type"": ""Point"", ""coordinates"": [-82.47358374654819, 35.60597190140088]}";White;None - Rural Crash;Travel Lane;2;19;Rural (<30% Developed);Male;Passenger Car;0;No;0;40002408;Unknown/Missing;No;1;16-19;Motorist Overtaking - Other / Unknown;None;No;#NULL!;Dry;0.1;Rural;Yes;06JUN2014;0;19:09;Unknown;#NULL!;Farms, Woods, Pastures;C: Possible Injury;Yes;Unknown Injury;265;June;0;Curve - Level;Mountains;With Traffic;Double Yellow Line, No Passing Zone;Friday;Non-Intersection;17;1;Two-Way, Not Divided;2 lanes;0;No;SR 2408;Coarse Asphalt;2002;No Special Feature;Motorist Overtaking Bicyclist;State Secondary Route;C: Possible Injury;Buncombe;Unknown;Clear;2444;31-35 mph;30 - 35  MPH;2014;Daylight;Unknown
34.3265567875, -77.9218023193;"{""type"": ""Point"", ""coordinates"": [-77.92180231931049, 34.32655678750773]}";White;None - Rural Crash;Travel Lane;2;22;Urban (>70% Developed);Male;Unknown;0;Yes-Alcohol,  impairment suspected;1;30000133;Unknown/Missing;No;0;50-59;Bicyclist Left Turn - Same Direction;None;Yes;#NULL!;Dry;0.23;Rural;Yes;25MAY2014;0;22:24;Unknown;#NULL!;Farms, Woods, Pastures;B: Evident Injury;Yes;Unknown Injury;206;May;0;Straight - Level;Coastal;With Traffic;Double Yellow Line, No Passing Zone;Sunday;Non-Intersection;50;1;Two-Way, Not Divided;2 lanes;0;Missing;133;Smooth Asphalt;2106;No Special Feature;Bicyclist Left Turn / Merge;NC Route;B: Evident Injury;.;Unknown;Clear;1333;46-50 mph;50 - 55  MPH;2014;Dark - Roadway Not Lighted;Unknown
34.2405167684, -77.9023323088;"{""type"": ""Point"", ""coordinates"": [-77.90233230875951, 34.24051676839141]}";Black;Wilmington;Sidewalk / Crosswalk / Driveway Crossing;2;11;Urban (>70% Developed);Male;Passenger Car;0;No;1;29000017;White;No;0;30-39;Motorist Drive Out - Sign-Controlled Intersection;None;No;#NULL!;Dry;0;Urban;No;22MAY2014;0;11:01;Female;#NULL!;Commercial;B: Evident Injury;Yes;O: No Injury;251;May;0;Straight - Level;Coastal;Facing Traffic;Stop Sign;Thursday;Intersection;38;1;Two-Way, Not Divided;5 lanes;0;No;MARKET ST;Coarse Asphalt;COVIL AVE;T-Intersection;Motorist Failed to Yield - Sign-Controlled Intersection;Local Street;B: Evident Injury;New Hanover;23;Clear;DARLINGTON AVE;0-5 mph;20 - 25  MPH;2014;Daylight;20-24
35.0499369138, -78.8704786414;"{""type"": ""Point"", ""coordinates"": [-78.87047864138107, 35.04993691384411]}";Black;Fayetteville;Travel Lane;2;11;Urban (>70% Developed);Male;Passenger Car;0;Yes- Alcohol and Drugs, impairment suspected;0;50023902;White;No;1;30-39;Motorist Overtaking - Bicyclist Swerved;None;Yes;#NULL!;Dry;0.06;Urban;No;07JUN2014;0;11:52;Male;#NULL!;Commercial;C: Possible Injury;Yes;O: No Injury;271;June;0;Straight - Level;Coastal;With Traffic;No Control Present;Saturday;Non-Intersection;34;1;Two-Way, Not Divided;5 lanes;0;No;PERSON ST;Smooth Asphalt;N KENNEDY ST;No Special Feature;Motorist Overtaking Bicyclist;Local Street;C: Possible Injury;Cumberland;70+;Clear;B ST;0-5 mph;30 - 35  MPH;2014;Daylight;70+
36.0089451175, -78.9427027128;"{""type"": ""Point"", ""coordinates"": [-78.94270271283513, 36.0089451175275]}";White;Durham;Sidewalk / Crosswalk / Driveway Crossing;2;13;Urban (>70% Developed);Male;Passenger Car;0;No;0;40001320;White;No;1;20-24;Motorist Drive Out - Signalized Intersection;None;No;#NULL!;Dry;0;Urban;No;23JUN2014;0;13:17;Female;#NULL!;Commercial;C: Possible Injury;Yes;O: No Injury;276;June;0;Straight - Level;Piedmont;With Traffic;Stop And Go Signal;Monday;Intersection;20;1;Two-Way, Not Divided;2 lanes;0;No;DOUGLAS ST;Coarse Asphalt;GENOME CT;No Special Feature;Motorist Failed to Yield - Signalized Intersection;Local Street;C: Possible Injury;Durham;61;Clear;ERWIN RD;0-5 mph;30 - 35  MPH;2014;Daylight;60-69
35.4127799299, -80.6127881832;"{""type"": ""Point"", ""coordinates"": [-80.61278818319232, 35.41277992994051]}";Black;Concord;Travel Lane;2;16;Urban (>70% Developed);Male;Light Truck (Mini-Van, Panel);0;No;0;20000029;White;No;0;40-49;Motorist Drive Out - Commercial Driveway / Alley;None;No;#NULL!;Dry;0.1;Urban;No;04JUN2014;0;16:20;Female;#NULL!;Commercial;A: Disabling Injury;Yes;O: No Injury;255;June;0;Straight - Grade;Piedmont;Facing Traffic;Stop Sign;Wednesday;Non-Intersection;47;1;Two-Way, Not Divided;4 lanes;1;No;CONCORD PKWY N;Coarse Asphalt;BARNHARDT AVE;Driveway, Public;Motorist Failed to Yield - Midblock;US Route;A: Disabling Injury;Cabarrus;45;Clear;POPLAR TENT RD;Unknown;40 - 45  MPH;2014;Daylight;40-49
35.7575790777, -78.5578865826;"{""type"": ""Point"", ""coordinates"": [-78.55788658263809, 35.757579077652224]}";Black;Raleigh;Travel Lane;2;19;Urban (>70% Developed);Male;Passenger Car;0;No;1;50009959;Black;No;0;11-15;Bicyclist Ride Through - Sign-Controlled Intersection;None;No;#NULL!;Dry;0;Urban;No;10JUN2014;0;19:46;Female;#NULL!;Residential;B: Evident Injury;Yes;O: No Injury;250;June;0;Straight - Level;Piedmont;Facing Traffic;Stop Sign;Tuesday;Intersection;14;1;Two-Way, Not Divided;2 lanes;0;No;EVA MAE DR;Smooth Asphalt;NEW HOPE RD;Four-Way Intersection;Bicyclist Failed to Yield - Sign-Controlled Intersection;Local Street;B: Evident Injury;Wake;24;Clear;HERITAGE MANOR DR;21-25 mph;20 - 25  MPH;2014;Daylight;20-24
34.7123328318, -79.1327027028;"{""type"": ""Point"", ""coordinates"": [-79.13270270281657, 34.71233283175481]}";Native American;None - Rural Crash;Travel Lane;2;16;Rural (<30% Developed);Male;Unknown;0;No;0;40001515;Unknown/Missing;No;1;50-59;Head-On - Bicyclist;None;No;#NULL!;Dry;0.1;Rural;Yes;03JUN2014;0;16:32;Unknown;#NULL!;Residential;C: Possible Injury;Yes;Unknown Injury;224;June;0;Straight - Level;Coastal;Facing Traffic;Double Yellow Line, No Passing Zone;Tuesday;Non-Intersection;50;1;Two-Way, Not Divided;2 lanes;0;Unknown;SR 1515;Coarse Asphalt;1522;No Special Feature;Head-On;State Secondary Route;C: Possible Injury;Robeson;Unknown;Clear;1513;41-45 mph;50 - 55  MPH;2014;Daylight;Unknown
35.0804699955, -76.6476719681;"{""type"": ""Point"", ""coordinates"": [-76.64767196811317, 35.08046999552297]}";White;None - Rural Crash;Travel Lane;2;13;Rural (<30% Developed);Male;Truck/Trailer;0;No;0;40001320;White;No;0;40-49;Bicyclist Overtaking - Parked Vehicle;None;No;#NULL!;Dry;0.9;Rural;No;03APR2014;0;13:30;Male;#NULL!;Farms, Woods, Pastures;A: Disabling Injury;Yes;O: No Injury;266;April;0;Straight - Level;Coastal;With Traffic;Human Control;Thursday;Non-Intersection;47;1;Two-Way, Not Divided;2 lanes;1;Missing;SR 1320;Coarse Asphalt;1317;No Special Feature;Bicyclist Overtaking Motorist;State Secondary Route;A: Disabling Injury;Pamlico;35;Clear;1321;0-5 mph;40 - 45  MPH;2014;Daylight;30-39
35.7813600797, -78.6421626101;"{""type"": ""Point"", ""coordinates"": [-78.6421626100737, 35.78136007974889]}";White;Raleigh;Travel Lane;2;16;Urban (>70% Developed);Male;Sport Utility;0;No;1;40003008;White;No;0;50-59;Bicyclist Overtaking - Extended Door;None;No;#NULL!;Dry;0.023;Urban;No;01JUN2014;0;16:36;Male;#NULL!;Commercial;B: Evident Injury;Yes;O: No Injury;233;June;0;Straight - Level;Piedmont;With Traffic;No Control Present;Sunday;Non-Intersection;56;1;One-Way, Not Divided;2 lanes;0;No;EDENTON ST;Smooth Asphalt;DAWSON ST;No Special Feature;Bicyclist Overtaking Motorist;Local Street;B: Evident Injury;Wake;24;Clear;N MCDOWELL ST;0-5 mph;30 - 35  MPH;2014;Daylight;20-24
34.2253567656, -77.9046823088;"{""type"": ""Point"", ""coordinates"": [-77.90468230881905, 34.225356765640434]}";Black;Wilmington;Travel Lane;2;14;Urban (>70% Developed);Male;Unknown;0;No;0;40001209;Unknown/Missing;No;1;50-59;Motorist Right Turn - Opposite Direction;None;No;#NULL!;Dry;0;Urban;Yes;12MAR2014;0;14:23;Unknown;#NULL!;Commercial;C: Possible Injury;Yes;Unknown Injury;143;March;0;Straight - Level;Coastal;Facing Traffic;Stop And Go Signal;Wednesday;Intersection;53;1;Two-Way, Divided, Unprotected Median;7 lanes;0;Unknown;INDEPENDENCE BVD;Coarse Asphalt;RANDALL PKY;Four-Way Intersection;Motorist Right Turn / Merge;Local Street;C: Possible Injury;New Hanover;Unknown;Clear;WRIGHTSVILLE AVE;31-35 mph;30 - 35  MPH;2014;Daylight;Unknown
35.7767670787, -78.636662608;"{""type"": ""Point"", ""coordinates"": [-78.63666260797886, 35.77676707873404]}";White;Raleigh;Sidewalk / Crosswalk / Driveway Crossing;2;15;Urban (>70% Developed);Female;Passenger Car;0;No;0;50019046;Black;Yes;1;25-29;Motorist Left Turn - Opposite Direction;Work Zone;No;#NULL!;Dry;0;Urban;No;10APR2014;0;15:24;Male;#NULL!;Commercial;C: Possible Injury;Yes;C: Possible Injury;131;April;0;Straight - Level;Piedmont;With Traffic;Stop And Go Signal;Thursday;Intersection;27;1;Two-Way, Not Divided;Unknown;0;No;E MARTIN ST;Smooth Asphalt;WOLFE ST;Four-Way Intersection;Motorist Left Turn / Merge;Local Street;C: Possible Injury;Wake;46;Clear;S BLOUNT ST;0-5 mph;30 - 35  MPH;2014;Daylight;40-49
34.2109567608, -77.9454523205;"{""type"": ""Point"", ""coordinates"": [-77.94545232053594, 34.21095676079434]}";Black;Wilmington;Travel Lane;2;17;Urban (>70% Developed);Male;Passenger Car;0;No;0;20000421;Black;No;1;11-15;Crossing Paths - Uncontrolled Intersection;None;No;#NULL!;Dry;0.009;Urban;No;04APR2014;0;17:28;Male;#NULL!;Commercial;C: Possible Injury;Yes;O: No Injury;149;April;0;Straight - Level;Coastal;Not Applicable;No Control Present;Friday;Intersection-Related;13;1;Two-Way, Not Divided;4 lanes;0;No;CAROLINA BEACH RD;Smooth Asphalt;S 3RD ST;No Special Feature;Crossing Paths - Other Circumstances;Local Street;C: Possible Injury;New Hanover;32;Clear;S FRONT ST;31-35 mph;30 - 35  MPH;2014;Daylight;30-39
35.4756499172, -81.3286034;"{""type"": ""Point"", ""coordinates"": [-81.32860339996883, 35.47564991715232]}";White;None - Rural Crash;Other;2;20;Rural (<30% Developed);Male;Sport Utility;0;No;1;30000027;White;No;0;20-24;Motorist Lost Control - Other / Unknown;None;No;#NULL!;Dry;0.2;Rural;No;11APR2014;0;20:39;Female;#NULL!;Farms, Woods, Pastures;B: Evident Injury;Yes;O: No Injury;136;April;0;Straight - Level;Piedmont;With Traffic;Double Yellow Line, No Passing Zone;Friday;Non-Intersection;24;1;Two-Way, Not Divided;2 lanes;0;No;NC 27;Smooth Asphalt;1187;No Special Feature;Loss of Control / Turning Error;NC Route;B: Evident Injury;Lincoln;70+;Clear;1186;41-45 mph;50 - 55  MPH;2014;Dark - Roadway Not Lighted;70+
35.5818169589, -80.8138692524;"{""type"": ""Point"", ""coordinates"": [-80.8138692523989, 35.58181695890199]}";White;Mooresville;Sidewalk / Crosswalk / Driveway Crossing;2;16;Urban (>70% Developed);Male;Passenger Car;1;No;1;30000115;White;No;0;30-39;Motorist Right Turn - Same Direction;None;No;#NULL!;Dry;0;Urban;No;02APR2014;0;16:31;Male;#NULL!;Commercial;B: Evident Injury;No;O: No Injury;147;April;0;Straight - Level;Piedmont;With Traffic;Stop And Go Signal;Wednesday;Intersection;30;2;Two-Way, Not Divided;3 lanes;0;No;MAIN ST;Smooth Asphalt;S CHURCH ST;Four-Way Intersection;Motorist Right Turn / Merge;Local Street;B: Evident Injury;Iredell;44;Clear;E MCLELLAND AVE;11-15 mph;20 - 25  MPH;2014;Daylight;40-49
35.9864230661, -80.2265530992;"{""type"": ""Point"", ""coordinates"": [-80.22655309924967, 35.986423066060794]}";White;Midway;Travel Lane;2;11;Rural (<30% Developed);Male;Pickup;0;#NULL!;0;0;White;No;0;50-59;Bicyclist Overtaking - Other / Unknown;None;No;No;Dry;0;Rural;No;07MAR2009;0;11:44;Male;No;Farms, Woods, Pastures;K: Killed;Yes;O: No Injury;4687;March;0;Curve - Level;Piedmont;With Traffic;Double Yellow Line, No Passing Zone;Saturday;Non-Intersection;51;0;One-Way, Not Divided;2 lanes;0;#NULL!;#NULL!;Smooth Asphalt;#NULL!;Driveway, Private;Bicyclist Overtaking Motorist;State Secondary Route;K: Killed;Davidson;63;Clear;#NULL!;0-5 mph;50 - 55  MPH;2009;Daylight;60-69
35.7225370644, -78.7157726288;"{""type"": ""Point"", ""coordinates"": [-78.71577262884257, 35.7225370643522]}";White;None - Rural Crash;Travel Lane;2;15;Rural (<30% Developed);Male;Pickup;0;#NULL!;0;0;White;No;0;20-24;Bicyclist Ride Out - Sign-Controlled Intersection;None;No;No;Dry;0;Rural;No;19MAR2009;0;15:07;Male;No;Farms, Woods, Pastures;B: Evident Injury;Yes;O: No Injury;4698;March;0;Curve - Grade;Piedmont;With Traffic;Double Yellow Line, No Passing Zone;Thursday;Intersection;22;0;Two-Way, Not Divided;2 lanes;0;#NULL!;#NULL!;Coarse Asphalt;#NULL!;T-Intersection;Bicyclist Failed to Yield - Sign-Controlled Intersection;State Secondary Route;B: Evident Injury;Wake;21;Clear;#NULL!;6-10 mph;40 - 45  MPH;2009;Daylight;20-24
36.039477091, -79.850592989;"{""type"": ""Point"", ""coordinates"": [-79.85059298899318, 36.03947709098182]}";Black;Greensboro;Travel Lane;2;16;Urban (>70% Developed);Male;Passenger Car;0;#NULL!;0;0;Unknown/Missing;No;0;11-15;Bicyclist Ride Out - Other Midblock;None;No;No;Dry;0;Urban;Yes;07MAR2009;0;16:59;Unknown;Missing;Commercial;B: Evident Injury;Yes;Unknown Injury;4706;March;0;Straight - Level;Piedmont;Not Applicable;Stop Sign;Saturday;Non-Intersection;13;0;Two-Way, Not Divided;7 lanes;0;#NULL!;#NULL!;Smooth Asphalt;#NULL!;No Special Feature;Bicyclist Failed to Yield - Midblock;Local Street;B: Evident Injury;Guilford;Unknown;Clear;#NULL!;36-40 mph;30 - 35  MPH;2009;Daylight;Unknown
35.0594629132, -78.9608826686;"{""type"": ""Point"", ""coordinates"": [-78.96088266864162, 35.059462913214674]}";Hispanic;Fayetteville;Travel Lane;2;22;Urban (>70% Developed);Unknown;Passenger Car;0;#NULL!;0;0;White;No;0;20-24;Motorist Drive Out - Sign-Controlled Intersection;None;No;No;Dry;0;Urban;No;21FEB2009;0;22:57;Male;No;Commercial;C: Possible Injury;No;O: No Injury;4717;February;0;Straight - Level;Coastal;Facing Traffic;Stop Sign;Saturday;Intersection;20;0;Two-Way, Divided, Unprotected Median;Unknown;0;#NULL!;#NULL!;Coarse Asphalt;#NULL!;No Special Feature;Motorist Failed to Yield - Sign-Controlled Intersection;Public Vehicular Area;C: Possible Injury;Cumberland;20;Clear;#NULL!;6-10 mph;30 - 35  MPH;2009;Dark - Lighted Roadway;20-24
35.2007747636, -83.833794123;"{""type"": ""Point"", ""coordinates"": [-83.83379412300218, 35.20077476364983]}";White;Andrews;Unknown;2;19;Mixed (30% To 70% Developed);Male;Passenger Car;0;#NULL!;0;0;White;No;0;16-19;Unknown Location;None;No;No;Dry;0;Rural;No;06MAR2009;0;19:18;Male;No;Commercial;B: Evident Injury;Yes;O: No Injury;4721;March;0;Straight - Level;Mountains;Unknown;No Control Present;Friday;Unknown Location;19;0;Two-Way, Not Divided;3 lanes;0;#NULL!;#NULL!;Smooth Asphalt;#NULL!;No Special Feature;Other / Unknown - Insufficient Details;US Route;B: Evident Injury;Cherokee;30;Clear;#NULL!;31-35 mph;30 - 35  MPH;2009;Dark - Lighted Roadway;30-39
36.282247137, -80.0033980484;"{""type"": ""Point"", ""coordinates"": [-80.00339804837124, 36.282247136969964]}";White;None - Rural Crash;Travel Lane;2;17;Rural (<30% Developed);Male;Sport Utility;0;#NULL!;0;0;White;No;0;6-10;Bicyclist Left Turn - Same Direction;None;No;No;Dry;0;Rural;No;20MAR2009;0;17:20;Female;No;Farms, Woods, Pastures;C: Possible Injury;No;O: No Injury;4731;March;0;Straight - Level;Piedmont;With Traffic;No Control Present;Friday;Non-Intersection;9;0;Two-Way, Not Divided;2 lanes;0;#NULL!;#NULL!;Smooth Asphalt;#NULL!;Driveway, Private;Bicyclist Left Turn / Merge;State Secondary Route;C: Possible Injury;Rockingham;48;Clear;#NULL!;46-50 mph;50 - 55  MPH;2009;Daylight;40-49
35.5625870247, -78.8719626678;"{""type"": ""Point"", ""coordinates"": [-78.87196266777322, 35.56258702473905]}";White;None - Rural Crash;Travel Lane;2;18;Mixed (30% To 70% Developed);Male;Passenger Car;0;#NULL!;0;0;White;No;0;25-29;Motorist Left Turn - Opposite Direction;None;No;No;Dry;0;Rural;No;04MAR2009;0;18:25;Male;No;Commercial;C: Possible Injury;Yes;O: No Injury;4733;March;0;Straight - Level;Coastal;With Traffic;Double Yellow Line, No Passing Zone;Wednesday;Intersection;26;0;Two-Way, Not Divided;2 lanes;0;#NULL!;#NULL!;Smooth Asphalt;#NULL!;Four-Way Intersection;Motorist Left Turn / Merge;NC Route;C: Possible Injury;Harnett;70+;Clear;#NULL!;31-35 mph;30 - 35  MPH;2009;Daylight;70+
35.2807608953, -80.7937882302;"{""type"": ""Point"", ""coordinates"": [-80.7937882301977, 35.280760895340954]}";Black;Charlotte;Travel Lane;2;20;Mixed (30% To 70% Developed);Male;Unknown;0;#NULL!;0;0;Unknown/Missing;No;0;11-15;Sign-Controlled Intersection - Other / Unknown;None;No;No;Dry;0;Urban;Yes;01APR2009;0;20:27;Unknown;Missing;Commercial;B: Evident Injury;Yes;Unknown Injury;4736;April;0;Straight - Level;Piedmont;Facing Traffic;No Control Present;Wednesday;Intersection;15;0;Two-Way, Not Divided;2 lanes;0;#NULL!;#NULL!;Smooth Asphalt;#NULL!;Four-Way Intersection;Crossing Paths - Other Circumstances;Local Street;B: Evident Injury;Mecklenburg;Unknown;Clear;#NULL!;6-10 mph;30 - 35  MPH;2009;Dark - Lighted Roadway;Unknown
36.0646890819, -80.2519131113;"{""type"": ""Point"", ""coordinates"": [-80.25191311126734, 36.064689081900056]}";Hispanic;Winston-Salem;Travel Lane;2;15;Urban (>70% Developed);Male;Van;0;#NULL!;0;0;White;No;0;11-15;Bicyclist Ride Out - Sign-Controlled Intersection;None;No;No;Wet;0;Urban;No;27MAR2009;0;15:58;Male;No;Residential;B: Evident Injury;Yes;O: No Injury;4737;March;0;Straight - Grade;Piedmont;With Traffic;No Control Present;Friday;Intersection;13;0;Two-Way, Not Divided;2 lanes;0;#NULL!;#NULL!;Smooth Asphalt;#NULL!;Four-Way Intersection;Bicyclist Failed to Yield - Sign-Controlled Intersection;Local Street;B: Evident Injury;Forsyth;23;Cloudy;#NULL!;11-15 mph;30 - 35  MPH;2009;Daylight;20-24
35.7302619348, -82.2792836968;"{""type"": ""Point"", ""coordinates"": [-82.27928369678104, 35.73026193478339]}";White;None - Rural Crash;Travel Lane;2;15;Rural (<30% Developed);Male;Passenger Car;0;#NULL!;0;0;White;No;0;40-49;Motorist Left Turn - Opposite Direction;None;No;No;Dry;0;Rural;No;23MAR2009;0;15:39;Male;No;Farms, Woods, Pastures;B: Evident Injury;Yes;O: No Injury;4741;March;0;Curve - Grade;Mountains;With Traffic;Double Yellow Line, No Passing Zone;Monday;Non-Intersection;41;0;Two-Way, Not Divided;2 lanes;0;#NULL!;#NULL!;Smooth Asphalt;#NULL!;No Special Feature;Motorist Left Turn / Merge;NC Route;B: Evident Injury;Yancey;21;Cloudy;#NULL!;11-15 mph;30 - 35  MPH;2009;Daylight;20-24
35.9753911474, -77.8964023939;"{""type"": ""Point"", ""coordinates"": [-77.89640239387174, 35.97539114744941]}";White;None - Rural Crash;Travel Lane;2;12;Mixed (30% To 70% Developed);Male;Passenger Car;0;#NULL!;0;0;White;No;0;60-69;Motorist Overtaking - Bicyclist Swerved;None;No;No;Dry;0;Rural;No;17APR2009;0;12:33;Female;No;Institutional;C: Possible Injury;Yes;O: No Injury;4754;April;0;Straight - Level;Coastal;With Traffic;Double Yellow Line, No Passing Zone;Friday;Intersection-Related;62;0;Two-Way, Not Divided;3 lanes;0;#NULL!;#NULL!;Coarse Asphalt;#NULL!;Driveway, Public;Motorist Overtaking Bicyclist;State Secondary Route;C: Possible Injury;Nash;51;Clear;#NULL!;41-45 mph;40 - 45  MPH;2009;Daylight;50-59