Geo Point;Geo Shape;BikeRace;City;BikePos;NumUnits;CrashHour;Locality;BikeSex;DrvrVehTyp;NumBikesNo;BikeAlcDrg;NumBikesBI;RteInvdCd;DrvrRace;Workzone;NumBikesCi;BikeAgeGrp;CrashType;RdDefects;CrashAlcoh;BikeAlcoho;RdConditio;DstncMiFrm;RuralUrban;HitRun;CrashDate;NumBikesUI;CrashTime;DrvrSex;DrvrAlcoho;Developmen;CrashSevr;AmbulanceR;DrvrInjury;OBJECTID;CrashMonth;NumBikesKi;RdCharacte;Region;BikeDir;TraffCntrl;CrashDay;CrashLoc;BikeAge;NumBikesTo;RdConfig;NumLanes;NumBikesAI;DrvrAlcDrg;OnRoad;RdSurface;Towrd_Rd;RdFeature;CrashGrp;RdClass;BikeInjury;County;DrvrAge;Weather;FrmRd;DrvrEstSpd;SpeedLimit;CrashYear;LightCond;DrvrAgeGrp
35.2494038894, -80.7647582196;"{""type"": ""Point"", ""coordinates"": [-80.76475821959168, 35.2494038894078]}";Black;Charlotte;Unknown;2;0;Urban (>70% Developed);Male;Unknown;0;#NULL!;0;0;Unknown/Missing;No;0;16-19;Bicyclist Ride Out - Midblock - Unknown;None;No;No;Dry;0;Urban;Yes;15APR2009;0;0:21;Unknown;Missing;Residential;B: Evident Injury;Yes;Unknown Injury;4756;April;0;Straight - Level;Piedmont;Not Applicable;No Control Present;Wednesday;Non-Intersection;16;0;Two-Way, Divided, Positive Median Barrier;4 lanes;0;#NULL!;#NULL!;Smooth Asphalt;#NULL!;No Special Feature;Bicyclist Failed to Yield - Midblock;Local Street;B: Evident Injury;Mecklenburg;Unknown;Clear;#NULL!;26-30 mph;30 - 35  MPH;2009;Dark - Lighted Roadway;Unknown
34.226646765, -77.9303023166;"{""type"": ""Point"", ""coordinates"": [-77.93030231655656, 34.226646764988466]}";Black;Wilmington;Travel Lane;2;20;Urban (>70% Developed);Male;Pickup;0;#NULL!;0;0;White;No;0;11-15;Bicyclist Ride Out - Sign-Controlled Intersection;None;No;No;Dry;0;Urban;No;18APR2009;0;20:14;Male;No;Commercial;A: Disabling Injury;Yes;O: No Injury;4759;April;0;Straight - Level;Coastal;With Traffic;Stop Sign;Saturday;Intersection;13;0;One-Way, Not Divided;3 lanes;0;#NULL!;#NULL!;Coarse Asphalt;#NULL!;Four-Way Intersection;Bicyclist Failed to Yield - Sign-Controlled Intersection;US Route;A: Disabling Injury;New Hanover;38;Clear;#NULL!;31-35 mph;30 - 35  MPH;2009;Dark - Lighted Roadway;30-39
35.8684571, -78.6111626054;"{""type"": ""Point"", ""coordinates"": [-78.61116260541125, 35.86845709995715]}";White;Raleigh;Sidewalk / Crosswalk / Driveway Crossing;2;10;Urban (>70% Developed);Female;Sport Utility;0;#NULL!;0;0;White;No;0;20-24;Motorist Drive Out - Signalized Intersection;None;No;No;Dry;0;Urban;No;23MAR2009;0;10:45;Female;No;Commercial;B: Evident Injury;No;O: No Injury;4761;March;0;Curve - Level;Piedmont;Facing Traffic;Stop And Go Signal;Monday;Intersection;20;0;Two-Way, Not Divided;4 lanes;0;#NULL!;#NULL!;Coarse Asphalt;#NULL!;Four-Way Intersection;Motorist Failed to Yield - Signalized Intersection;Local Street;B: Evident Injury;Wake;26;Cloudy;#NULL!;0-5 mph;40 - 45  MPH;2009;Daylight;25-29
36.2841522703, -76.2357819013;"{""type"": ""Point"", ""coordinates"": [-76.23578190129489, 36.28415227033247]}";Black;Elizabeth City;Travel Lane;2;1;Urban (>70% Developed);Male;Passenger Car;0;#NULL!;0;0;Black;No;0;40-49;Motorist Overtaking - Other / Unknown;None;No;No;Dry;0;Urban;No;13APR2009;0;1:36;Female;No;Commercial;K: Killed;Yes;O: No Injury;4765;April;0;Straight - Level;Coastal;With Traffic;No Control Present;Monday;Non-Intersection;47;0;Two-Way, Divided, Unprotected Median;5 lanes;0;#NULL!;#NULL!;Smooth Asphalt;#NULL!;No Special Feature;Motorist Overtaking Bicyclist;NC Route;K: Killed;Pasquotank;24;Clear;#NULL!;46-50 mph;50 - 55  MPH;2009;Dark - Lighted Roadway;20-24
35.2826228983, -80.7335832125;"{""type"": ""Point"", ""coordinates"": [-80.73358321254464, 35.28262289830817]}";White;Charlotte;Travel Lane;2;7;Mixed (30% To 70% Developed);Male;Passenger Car;0;#NULL!;0;0;White;No;0;30-39;Motorist Overtaking - Other / Unknown;None;No;No;Dry;0;Urban;No;23APR2009;0;7:30;Male;No;Residential;C: Possible Injury;Yes;O: No Injury;4769;April;0;Straight - Level;Piedmont;With Traffic;No Control Present;Thursday;Non-Intersection;36;0;Two-Way, Not Divided;2 lanes;0;#NULL!;#NULL!;Coarse Asphalt;#NULL!;No Special Feature;Motorist Overtaking Bicyclist;Local Street;C: Possible Injury;Mecklenburg;25;Clear;#NULL!;41-45 mph;40 - 45  MPH;2009;Daylight;25-29
36.4554632622, -77.5516763141;"{""type"": ""Point"", ""coordinates"": [-77.55167631412446, 36.45546326215709]}";Black;Garysburg;Travel Lane;2;20;Rural (<30% Developed);Male;Unknown;0;#NULL!;0;0;Unknown/Missing;No;0;40-49;Motorist Overtaking - Other / Unknown;None;No;No;Dry;0;Rural;Yes;01MAY2009;0;20:00;Male;No;Farms, Woods, Pastures;B: Evident Injury;Yes;Unknown Injury;4774;May;0;Straight - Level;Coastal;With Traffic;No Control Present;Friday;Non-Intersection;48;0;Two-Way, Not Divided;2 lanes;0;#NULL!;#NULL!;Smooth Asphalt;#NULL!;No Special Feature;Motorist Overtaking Bicyclist;NC Route;B: Evident Injury;Northampton;Unknown;Clear;#NULL!;41-45 mph;40 - 45  MPH;2009;Daylight;Unknown
35.6296800909, -77.3646422138;"{""type"": ""Point"", ""coordinates"": [-77.36464221376076, 35.62968009087522]}";Black;Greenville;Bike Lane / Paved Shoulder;2;4;Urban (>70% Developed);Male;Passenger Car;0;#NULL!;0;0;Black;No;0;50-59;Motorist Overtaking - Other / Unknown;None;No;No;Dry;0;Urban;No;26MAR2009;0;4:59;Male;No;Residential;B: Evident Injury;Yes;O: No Injury;4783;March;0;Straight - Level;Coastal;With Traffic;No Control Present;Thursday;Non-Intersection;58;0;Two-Way, Divided, Unprotected Median;3 lanes;0;#NULL!;#NULL!;Smooth Asphalt;#NULL!;No Special Feature;Motorist Overtaking Bicyclist;Local Street;B: Evident Injury;Pitt;52;Cloudy;#NULL!;31-35 mph;30 - 35  MPH;2009;Dark - Roadway Not Lighted;50-59
35.7888900704, -78.9637727075;"{""type"": ""Point"", ""coordinates"": [-78.96377270745405, 35.78889007037652]}";White;None - Rural Crash;Travel Lane;2;11;Rural (<30% Developed);Male;Pickup;0;#NULL!;0;0;White;No;0;40-49;Motorist Overtaking - Misjudged Space;None;No;No;Dry;0;Rural;No;08MAY2009;0;11:00;Male;No;Farms, Woods, Pastures;B: Evident Injury;No;O: No Injury;4789;May;0;Straight - Level;Piedmont;With Traffic;Double Yellow Line, No Passing Zone;Friday;Non-Intersection;48;0;Two-Way, Not Divided;2 lanes;0;#NULL!;#NULL!;Smooth Asphalt;#NULL!;No Special Feature;Motorist Overtaking Bicyclist;NC Route;B: Evident Injury;Chatham;61;Clear;#NULL!;41-45 mph;40 - 45  MPH;2009;Daylight;60-69
34.1533867493, -77.9062823066;"{""type"": ""Point"", ""coordinates"": [-77.90628230655112, 34.15338674932154]}";White;None - Rural Crash;Bike Lane / Paved Shoulder;2;18;Urban (>70% Developed);Female;Passenger Car;0;#NULL!;0;0;Black;No;0;60-69;Motorist Drive Out - Sign-Controlled Intersection;None;No;No;Dry;0;Rural;No;08MAY2009;0;18:50;Female;No;Residential;C: Possible Injury;Yes;O: No Injury;4790;May;0;Straight - Level;Coastal;Facing Traffic;Stop Sign;Friday;Intersection;60;0;Two-Way, Not Divided;2 lanes;0;#NULL!;#NULL!;Smooth Asphalt;#NULL!;T-Intersection;Motorist Failed to Yield - Sign-Controlled Intersection;Public Vehicular Area;C: Possible Injury;New Hanover;19;Clear;#NULL!;0-5 mph;5 - 15 MPH;2009;Daylight;0-19
36.34717725, -77.2234022077;"{""type"": ""Point"", ""coordinates"": [-77.22340220771368, 36.34717724998248]}";Black;None - Rural Crash;Travel Lane;2;19;Rural (<30% Developed);Male;Passenger Car;0;#NULL!;0;0;Black;No;0;Unknown;Motorist Overtaking - Other / Unknown;None;No;No;Dry;0;Rural;No;08MAY2009;0;19:36;Female;No;Farms, Woods, Pastures;O: No Injury;No;O: No Injury;4791;May;0;Straight - Level;Coastal;With Traffic;Double Yellow Line, No Passing Zone;Friday;Non-Intersection;Unknown;0;Two-Way, Not Divided;2 lanes;0;#NULL!;#NULL!;Coarse Asphalt;#NULL!;No Special Feature;Motorist Overtaking Bicyclist;NC Route;Unknown Injury;Northampton;21;Clear;#NULL!;51-55 mph;50 - 55  MPH;2009;Daylight;20-24
35.7756149973, -80.8693932805;"{""type"": ""Point"", ""coordinates"": [-80.86939328052732, 35.775614997298554]}";White;Statesville;Travel Lane;2;19;Urban (>70% Developed);Female;Passenger Car;0;#NULL!;0;0;Black;No;0;30-39;Motorist Overtaking - Bicyclist Swerved;None;No;No;Dry;0;Urban;No;30APR2009;0;19:25;Male;No;Commercial;B: Evident Injury;Yes;B: Evident Injury;4794;April;0;Straight - Level;Piedmont;Facing Traffic;No Control Present;Thursday;Non-Intersection;30;0;Two-Way, Not Divided;2 lanes;0;#NULL!;#NULL!;Coarse Asphalt;#NULL!;No Special Feature;Motorist Overtaking Bicyclist;Local Street;O: No Injury;Iredell;16;Clear;#NULL!;31-35 mph;30 - 35  MPH;2009;Daylight;0-19
35.9980771183, -78.8697826908;"{""type"": ""Point"", ""coordinates"": [-78.86978269080089, 35.99807711834332]}";Black;Durham;Travel Lane;2;16;Urban (>70% Developed);Male;Passenger Car;0;#NULL!;0;0;Black;No;0;6-10;Bicyclist Left Turn - Same Direction;None;No;No;Dry;0;Urban;No;01MAY2009;0;16:15;Male;No;Residential;C: Possible Injury;Yes;O: No Injury;4798;May;0;Straight - Grade;Piedmont;With Traffic;No Control Present;Friday;Non-Intersection;7;0;Two-Way, Not Divided;2 lanes;0;#NULL!;#NULL!;Smooth Asphalt;#NULL!;No Special Feature;Bicyclist Left Turn / Merge;Local Street;C: Possible Injury;Durham;41;Clear;#NULL!;11-15 mph;30 - 35  MPH;2009;Daylight;40-49
36.2169150594, -81.682583548;"{""type"": ""Point"", ""coordinates"": [-81.68258354799357, 36.216915059384775]}";White;Boone;Travel Lane;2;19;Urban (>70% Developed);Male;Passenger Car;0;#NULL!;0;0;White;No;0;25-29;Motorist Left Turn - Opposite Direction;None;No;No;Dry;0;Urban;No;05MAY2009;0;19:12;Female;No;Commercial;B: Evident Injury;No;O: No Injury;4800;May;0;Straight - Level;Mountains;With Traffic;Stop Sign;Tuesday;Non-Intersection;25;0;Two-Way, Not Divided;2 lanes;0;#NULL!;#NULL!;Smooth Asphalt;#NULL!;No Special Feature;Motorist Left Turn / Merge;Local Street;B: Evident Injury;Watauga;19;Clear;#NULL!;0-5 mph;20 - 25  MPH;2009;Daylight;0-19
35.982803073, -80.02931304;"{""type"": ""Point"", ""coordinates"": [-80.02931303996266, 35.98280307297506]}";White;High Point;Travel Lane;2;6;Urban (>70% Developed);Male;Passenger Car;0;#NULL!;0;0;White;No;0;30-39;Motorist Overtaking - Undetected Bicyclist;None;No;No;Dry;0;Urban;No;01MAY2009;0;6:45;Male;No;Residential;B: Evident Injury;Yes;O: No Injury;4802;May;0;Curve - Hillcrest;Piedmont;With Traffic;No Control Present;Friday;Non-Intersection;39;0;Two-Way, Not Divided;5 lanes;0;#NULL!;#NULL!;Smooth Asphalt;#NULL!;No Special Feature;Motorist Overtaking Bicyclist;NC Route;B: Evident Injury;Guilford;70+;Cloudy;#NULL!;31-35 mph;40 - 45  MPH;2009;Dawn;70+
35.778381079, -78.6402426093;"{""type"": ""Point"", ""coordinates"": [-78.64024260929041, 35.77838107897548]}";White;Raleigh;Sidewalk / Crosswalk / Driveway Crossing;2;9;Urban (>70% Developed);Female;Sport Utility;0;#NULL!;0;0;White;No;0;20-24;Motorist Drive Out - Signalized Intersection;None;No;No;Dry;0;Urban;No;16APR2009;0;9:52;Female;No;Commercial;C: Possible Injury;Yes;O: No Injury;4806;April;0;Straight - Level;Piedmont;Facing Traffic;Stop And Go Signal;Thursday;Intersection;20;0;One-Way, Not Divided;2 lanes;0;#NULL!;#NULL!;Coarse Asphalt;#NULL!;Four-Way Intersection;Motorist Failed to Yield - Signalized Intersection;Local Street;C: Possible Injury;Wake;51;Clear;#NULL!;0-5 mph;30 - 35  MPH;2009;Daylight;50-59
35.1914018767, -80.7955432256;"{""type"": ""Point"", ""coordinates"": [-80.79554322557777, 35.19140187668636]}";White;Charlotte;Non-Roadway;2;18;Urban (>70% Developed);Male;Sport Utility;0;#NULL!;0;0;White;No;0;6-10;Non-Roadway;None;No;No;Dry;0;Urban;No;08MAY2009;0;18:49;Female;No;Residential;C: Possible Injury;No;O: No Injury;4807;May;0;Straight - Hillcrest;Piedmont;Not Applicable;No Control Present;Friday;Non-Roadway;9;0;Two-Way, Not Divided;Unknown;0;#NULL!;#NULL!;Smooth Asphalt;#NULL!;Driveway, Private;Non-Roadway;Public Vehicular Area;C: Possible Injury;Mecklenburg;19;Clear;#NULL!;0-5 mph;5 - 15 MPH;2009;Daylight;0-19
35.8476140965, -78.5723365923;"{""type"": ""Point"", ""coordinates"": [-78.57233659229973, 35.84761409647284]}";Black;Raleigh;Non-Roadway;2;16;Urban (>70% Developed);Male;Passenger Car;0;#NULL!;0;0;Unknown/Missing;No;0;Unknown;Non-Roadway;None;No;No;Dry;0;Urban;No;19APR2009;0;16:55;Unknown;Missing;Residential;O: No Injury;No;Unknown Injury;4811;April;0;Straight - Level;Piedmont;Not Applicable;No Control Present;Sunday;Non-Roadway;Unknown;0;Two-Way, Not Divided;2 lanes;0;#NULL!;#NULL!;Concrete;#NULL!;No Special Feature;Non-Roadway;Public Vehicular Area;O: No Injury;Wake;Unknown;Clear;#NULL!;Unknown;30 - 35  MPH;2009;Daylight;Unknown
35.3987169188, -80.8382232503;"{""type"": ""Point"", ""coordinates"": [-80.83822325028027, 35.3987169188149]}";White;Huntersville;Travel Lane;2;19;Mixed (30% To 70% Developed);Male;Unknown;0;#NULL!;0;0;White;No;0;30-39;Motorist Overtaking - Misjudged Space;None;No;No;Dry;0;Urban;Yes;12MAY2009;0;19:56;Female;No;Residential;C: Possible Injury;No;O: No Injury;4822;May;0;Straight - Grade;Piedmont;With Traffic;Double Yellow Line, No Passing Zone;Tuesday;Intersection;39;0;Two-Way, Not Divided;2 lanes;0;#NULL!;#NULL!;Smooth Asphalt;#NULL!;No Special Feature;Motorist Overtaking Bicyclist;NC Route;C: Possible Injury;Mecklenburg;37;Clear;#NULL!;Unknown;40 - 45  MPH;2009;Daylight;30-39
33.8997106743, -78.4629124623;"{""type"": ""Point"", ""coordinates"": [-78.46291246228897, 33.89971067427496]}";Hispanic;None - Rural Crash;Travel Lane;2;16;Urban (>70% Developed);Male;Van;0;#NULL!;0;0;White;No;0;11-15;Bicyclist Left Turn - Same Direction;None;No;No;Dry;0;Rural;No;25MAY2009;0;16:00;Female;No;Commercial;C: Possible Injury;Yes;O: No Injury;4823;May;0;Straight - Level;Coastal;With Traffic;Double Yellow Line, No Passing Zone;Monday;Non-Intersection;13;0;Two-Way, Not Divided;2 lanes;0;#NULL!;#NULL!;Coarse Asphalt;#NULL!;Driveway, Public;Bicyclist Left Turn / Merge;NC Route;C: Possible Injury;Brunswick;20;Cloudy;#NULL!;41-45 mph;40 - 45  MPH;2009;Daylight;20-24
35.296276897, -80.839633245;"{""type"": ""Point"", ""coordinates"": [-80.83963324501892, 35.296276896989625]}";Black;Charlotte;Travel Lane;2;16;Urban (>70% Developed);Male;Passenger Car;0;#NULL!;0;0;White;No;0;0-5;Crossing Paths - Uncontrolled Intersection;None;No;No;Dry;0;Urban;No;11MAY2009;0;16:25;Male;No;Residential;B: Evident Injury;Yes;O: No Injury;4824;May;0;Straight - Level;Piedmont;With Traffic;No Control Present;Monday;Intersection-Related;4;0;Two-Way, Not Divided;2 lanes;0;#NULL!;#NULL!;Coarse Asphalt;#NULL!;No Special Feature;Crossing Paths - Other Circumstances;Local Street;B: Evident Injury;Mecklenburg;63;Clear;#NULL!;41-45 mph;40 - 45  MPH;2009;Daylight;60-69
35.7188519733, -81.1926633734;"{""type"": ""Point"", ""coordinates"": [-81.19266337340083, 35.71885197333637]}";White;Conover;Travel Lane;2;18;Urban (>70% Developed);Male;Pickup;0;#NULL!;0;0;White;No;0;40-49;Motorist Overtaking - Other / Unknown;None;No;No;Dry;0;Urban;No;31MAY2009;0;18:26;Male;No;Commercial;B: Evident Injury;Yes;O: No Injury;4832;May;0;Straight - Level;Piedmont;With Traffic;No Control Present;Sunday;Non-Intersection;44;0;Two-Way, Not Divided;2 lanes;0;#NULL!;#NULL!;Smooth Asphalt;#NULL!;No Special Feature;Motorist Overtaking Bicyclist;Local Street;B: Evident Injury;Catawba;19;Clear;#NULL!;41-45 mph;40 - 45  MPH;2009;Daylight;0-19
35.9465941455, -77.7881223587;"{""type"": ""Point"", ""coordinates"": [-77.7881223587259, 35.94659414547047]}";Black;Rocky Mount;Travel Lane;2;14;Urban (>70% Developed);Male;Passenger Car;0;#NULL!;0;0;Black;No;0;50-59;Bicyclist Ride Out - Sign-Controlled Intersection;None;Yes;Yes;Dry;0;Urban;No;03APR2009;0;14:08;Female;No;Residential;C: Possible Injury;No;O: No Injury;4834;April;0;Straight - Level;Coastal;With Traffic;Stop Sign;Friday;Intersection;54;0;Two-Way, Not Divided;4 lanes;0;#NULL!;#NULL!;Smooth Asphalt;#NULL!;No Special Feature;Bicyclist Failed to Yield - Sign-Controlled Intersection;Local Street;C: Possible Injury;Edgecombe;35;Clear;#NULL!;26-30 mph;30 - 35  MPH;2009;Daylight;30-39
35.3095368743, -81.5309934513;"{""type"": ""Point"", ""coordinates"": [-81.5309934512998, 35.30953687432172]}";Black;Shelby;Unknown;2;19;Urban (>70% Developed);Male;Passenger Car;0;#NULL!;0;0;Black;No;0;6-10;Multiple Threat - Midblock;None;No;No;Dry;0;Urban;No;19MAY2009;0;19:30;Female;No;Residential;B: Evident Injury;Yes;O: No Injury;4837;May;0;Curve - Grade;Mountains;Not Applicable;No Control Present;Tuesday;Non-Intersection;8;0;Two-Way, Not Divided;2 lanes;0;#NULL!;#NULL!;Coarse Asphalt;#NULL!;No Special Feature;Bicyclist Failed to Yield - Midblock;Local Street;B: Evident Injury;Cleveland;32;Clear;#NULL!;6-10 mph;30 - 35  MPH;2009;Daylight;30-39
35.921863093, -79.1078627587;"{""type"": ""Point"", ""coordinates"": [-79.10786275871826, 35.921863093039626]}";White;None - Rural Crash;Bike Lane / Paved Shoulder;2;9;Rural (<30% Developed);Male;Unknown;0;#NULL!;0;0;Unknown/Missing;No;0;60-69;Motorist Lost Control - Other / Unknown;None;No;No;Dry;0;Rural;Yes;02JUN2009;0;9:13;Unknown;No;Farms, Woods, Pastures;C: Possible Injury;No;Unknown Injury;4842;June;0;Straight - Level;Piedmont;With Traffic;Double Yellow Line, No Passing Zone;Tuesday;Non-Intersection;64;0;Two-Way, Not Divided;2 lanes;0;#NULL!;#NULL!;Smooth Asphalt;#NULL!;No Special Feature;Loss of Control / Turning Error;NC Route;C: Possible Injury;Orange;Unknown;Clear;#NULL!;36-40 mph;40 - 45  MPH;2009;Daylight;Unknown
36.0703772104, -76.6461120164;"{""type"": ""Point"", ""coordinates"": [-76.6461120163975, 36.07037721040155]}";White;None - Rural Crash;Bike Lane / Paved Shoulder;2;11;Rural (<30% Developed);Female;Pickup;0;#NULL!;0;0;Black;No;0;30-39;Motorist Overtaking - Misjudged Space;None;No;No;Dry;0;Rural;No;01JUN2009;0;11:22;Male;No;Farms, Woods, Pastures;O: No Injury;No;O: No Injury;4843;June;0;Straight - Level;Coastal;With Traffic;Double Yellow Line, No Passing Zone;Monday;Non-Intersection;36;0;Two-Way, Not Divided;2 lanes;0;#NULL!;#NULL!;Smooth Asphalt;#NULL!;No Special Feature;Motorist Overtaking Bicyclist;State Secondary Route;O: No Injury;Chowan;59;Clear;#NULL!;31-35 mph;40 - 45  MPH;2009;Daylight;50-59
33.9203406904, -78.1286263618;"{""type"": ""Point"", ""coordinates"": [-78.12862636184609, 33.92034069036618]}";White;Oak Island;Travel Lane;2;12;Urban (>70% Developed);Female;Sport Utility;0;#NULL!;0;0;White;No;0;0-5;Bicyclist Ride Out - Other Midblock;None;No;No;Dry;0;Urban;No;17MAY2009;0;12:10;Female;No;Residential;B: Evident Injury;Yes;O: No Injury;4846;May;0;Straight - Level;Coastal;With Traffic;No Control Present;Sunday;Non-Intersection;5;0;Two-Way, Not Divided;2 lanes;0;#NULL!;#NULL!;Smooth Asphalt;#NULL!;No Special Feature;Bicyclist Failed to Yield - Midblock;Local Street;B: Evident Injury;Brunswick;28;Clear;#NULL!;36-40 mph;30 - 35  MPH;2009;Daylight;25-29
35.6052050859, -77.3691222138;"{""type"": ""Point"", ""coordinates"": [-77.36912221383996, 35.60520508591552]}";Black;Greenville;Sidewalk / Crosswalk / Driveway Crossing;2;12;Urban (>70% Developed);Male;Other Bus;0;#NULL!;0;0;White;No;0;50-59;Motorist Drive Out - Sign-Controlled Intersection;None;No;No;Wet;0;Urban;No;26MAR2009;0;12:53;Male;No;Commercial;K: Killed;Yes;O: No Injury;4848;March;0;Straight - Level;Coastal;Facing Traffic;Stop Sign;Thursday;Intersection;54;0;Two-Way, Not Divided;5 lanes;0;#NULL!;#NULL!;Smooth Asphalt;#NULL!;Four-Way Intersection;Motorist Failed to Yield - Sign-Controlled Intersection;State Secondary Route;K: Killed;Pitt;26;Cloudy;#NULL!;Unknown;30 - 35  MPH;2009;Daylight;25-29
35.9878990735, -80.0249430392;"{""type"": ""Point"", ""coordinates"": [-80.02494303915897, 35.987899073538934]}";Black;High Point;Travel Lane;2;22;Urban (>70% Developed);Male;Passenger Car;0;#NULL!;0;0;White;No;0;40-49;Motorist Left Turn - Opposite Direction;None;No;No;Dry;0;Urban;No;15MAY2009;0;22:39;Male;No;Commercial;B: Evident Injury;Yes;O: No Injury;4849;May;0;Straight - Level;Piedmont;With Traffic;Stop Sign;Friday;Intersection;42;0;Two-Way, Not Divided;2 lanes;0;#NULL!;#NULL!;Coarse Asphalt;#NULL!;No Special Feature;Motorist Left Turn / Merge;Local Street;B: Evident Injury;Guilford;18;Cloudy;#NULL!;31-35 mph;30 - 35  MPH;2009;Dark - Lighted Roadway;0-19
36.4680672596, -77.6900273573;"{""type"": ""Point"", ""coordinates"": [-77.69002735727895, 36.468067259586384]}";Black;None - Rural Crash;Travel Lane;2;16;Mixed (30% To 70% Developed);Male;Unknown;0;#NULL!;0;0;Unknown/Missing;No;0;11-15;Motorist Left Turn - Same Direction;None;No;No;Dry;0;Rural;Yes;22MAY2009;0;16:11;Unknown;Missing;Residential;B: Evident Injury;Yes;Unknown Injury;4855;May;0;Straight - Level;Coastal;Not Applicable;No Control Present;Friday;Non-Intersection;12;0;Two-Way, Divided, Unprotected Median;3 lanes;0;#NULL!;#NULL!;Smooth Asphalt;#NULL!;T-Intersection;Motorist Left Turn / Merge;State Secondary Route;B: Evident Injury;Halifax;Unknown;Clear;#NULL!;11-15 mph;40 - 45  MPH;2009;Daylight;Unknown
35.380682997, -78.5467925604;"{""type"": ""Point"", ""coordinates"": [-78.54679256044078, 35.38068299697398]}";Black;Benson;Other;2;7;Mixed (30% To 70% Developed);Male;Passenger Car;0;#NULL!;0;0;Black;No;0;20-24;Signalized Intersection - Other / Unknown;None;Yes;Yes;Dry;0;Rural;No;20MAY2009;0;7:35;Male;No;Commercial;C: Possible Injury;Yes;O: No Injury;4861;May;0;Straight - Level;Coastal;Facing Traffic;Stop And Go Signal;Wednesday;Intersection;23;0;Two-Way, Not Divided;2 lanes;0;#NULL!;#NULL!;Smooth Asphalt;#NULL!;Four-Way Intersection;Crossing Paths - Other Circumstances;Local Street;C: Possible Injury;Johnston;49;Clear;#NULL!;0-5 mph;30 - 35  MPH;2009;Daylight;40-49
35.9233390636, -79.9390430088;"{""type"": ""Point"", ""coordinates"": [-79.93904300875678, 35.92333906362586]}";White;None - Rural Crash;Travel Lane;2;9;Rural (<30% Developed);Male;Passenger Car;0;#NULL!;0;0;White;No;0;40-49;Motorist Overtaking - Misjudged Space;None;No;No;Wet;0;Rural;No;24MAY2009;0;9:37;Female;No;Farms, Woods, Pastures;B: Evident Injury;Yes;O: No Injury;4865;May;0;Straight - Level;Piedmont;With Traffic;Double Yellow Line, No Passing Zone;Sunday;Non-Intersection;42;0;Two-Way, Not Divided;2 lanes;0;#NULL!;#NULL!;Smooth Asphalt;#NULL!;No Special Feature;Motorist Overtaking Bicyclist;NC Route;B: Evident Injury;Guilford;70+;Cloudy;#NULL!;41-45 mph;40 - 45  MPH;2009;Daylight;70+
35.1744529232, -79.3906028041;"{""type"": ""Point"", ""coordinates"": [-79.39060280411367, 35.174452923206665]}";White;Southern Pines;Travel Lane;2;14;Urban (>70% Developed);Male;Passenger Car;0;#NULL!;0;0;White;No;0;16-19;Bicyclist Ride Through - Sign-Controlled Intersection;None;No;No;Dry;0;Urban;No;27MAY2009;0;14:57;Female;No;Commercial;B: Evident Injury;Yes;O: No Injury;4873;May;0;Straight - Level;Piedmont;Facing Traffic;Stop Sign;Wednesday;Intersection;18;0;Two-Way, Divided, Positive Median Barrier;4 lanes;0;#NULL!;#NULL!;Coarse Asphalt;#NULL!;Four-Way Intersection;Bicyclist Failed to Yield - Sign-Controlled Intersection;Local Street;B: Evident Injury;Moore;70+;Cloudy;#NULL!;16-20 mph;20 - 25  MPH;2009;Daylight;70+
35.5816908925, -82.5540737698;"{""type"": ""Point"", ""coordinates"": [-82.55407376978937, 35.5816908925396]}";White;Asheville;Travel Lane;2;17;Urban (>70% Developed);Male;Passenger Car;0;#NULL!;0;0;White;No;0;50-59;Bicyclist Ride Through - Signalized Intersection;None;No;No;Dry;0;Urban;No;28MAY2009;0;17:24;Female;No;Institutional;C: Possible Injury;Yes;O: No Injury;4874;May;0;Straight - Grade;Mountains;With Traffic;Stop And Go Signal;Thursday;Intersection;57;0;Two-Way, Not Divided;5 lanes;0;#NULL!;#NULL!;Smooth Asphalt;#NULL!;Four-Way Intersection;Bicyclist Failed to Yield - Signalized Intersection;US Route;C: Possible Injury;Buncombe;57;Cloudy;#NULL!;Unknown;30 - 35  MPH;2009;Daylight;50-59
35.2623568777, -81.1767683429;"{""type"": ""Point"", ""coordinates"": [-81.1767683428657, 35.262356877743606]}";White;Gastonia;Sidewalk / Crosswalk / Driveway Crossing;2;14;Urban (>70% Developed);Male;Sport Utility;0;#NULL!;0;0;Black;No;0;20-24;Motorist Drive Out - Other Midblock;None;No;No;Dry;0;Urban;No;01JUN2009;0;14:15;Male;No;Commercial;C: Possible Injury;Yes;O: No Injury;4877;June;0;Straight - Grade;Piedmont;Facing Traffic;No Control Present;Monday;Non-Intersection;23;0;Two-Way, Not Divided;6 lanes;0;#NULL!;#NULL!;Smooth Asphalt;#NULL!;No Special Feature;Motorist Failed to Yield - Midblock;NC Route;C: Possible Injury;Gaston;43;Clear;#NULL!;0-5 mph;30 - 35  MPH;2009;Daylight;40-49
36.3013802745, -76.2192618967;"{""type"": ""Point"", ""coordinates"": [-76.2192618967368, 36.301380274547675]}";Black;Elizabeth City;Unknown;2;5;Mixed (30% To 70% Developed);Male;Van;0;#NULL!;0;0;White;No;0;40-49;Unknown Approach Paths;None;No;No;Wet;0;Urban;No;02JUN2009;0;5:17;Male;No;Residential;C: Possible Injury;Yes;O: No Injury;4891;June;0;Straight - Grade;Coastal;Unknown;Stop And Go Signal;Tuesday;Intersection;44;0;Two-Way, Divided, Unprotected Median;4 lanes;0;#NULL!;#NULL!;Smooth Asphalt;#NULL!;No Special Feature;Other / Unknown - Insufficient Details;Local Street;C: Possible Injury;Pasquotank;37;Clear;#NULL!;21-25 mph;30 - 35  MPH;2009;Daylight;30-39