Geo Point;Geo Shape;BikeRace;City;BikePos;NumUnits;CrashHour;Locality;BikeSex;DrvrVehTyp;NumBikesNo;BikeAlcDrg;NumBikesBI;RteInvdCd;DrvrRace;Workzone;NumBikesCi;BikeAgeGrp;CrashType;RdDefects;CrashAlcoh;BikeAlcoho;RdConditio;DstncMiFrm;RuralUrban;HitRun;CrashDate;NumBikesUI;CrashTime;DrvrSex;DrvrAlcoho;Developmen;CrashSevr;AmbulanceR;DrvrInjury;OBJECTID;CrashMonth;NumBikesKi;RdCharacte;Region;BikeDir;TraffCntrl;CrashDay;CrashLoc;BikeAge;NumBikesTo;RdConfig;NumLanes;NumBikesAI;DrvrAlcDrg;OnRoad;RdSurface;Towrd_Rd;RdFeature;CrashGrp;RdClass;BikeInjury;County;DrvrAge;Weather;FrmRd;DrvrEstSpd;SpeedLimit;CrashYear;LightCond;DrvrAgeGrp
34.724456913, -76.7535919828;"{""type"": ""Point"", ""coordinates"": [-76.75359198280738, 34.72445691297833]}";White;Morehead City;Travel Lane;2;8;Urban (>70% Developed);Male;Sport Utility;0;#NULL!;0;0;White;No;0;16-19;Bicyclist Ride Out - Signalized  Intersection;None;No;No;Dry;0;Urban;No;20MAY2009;0;8:42;Female;No;Commercial;C: Possible Injury;Yes;O: No Injury;4897;May;0;Straight - Level;Coastal;With Traffic;Stop And Go Signal;Wednesday;Intersection;18;0;Two-Way, Divided, Unprotected Median;2 lanes;0;#NULL!;#NULL!;Smooth Asphalt;#NULL!;Four-Way Intersection;Bicyclist Failed to Yield - Signalized Intersection;US Route;C: Possible Injury;Carteret;64;Clear;#NULL!;21-25 mph;30 - 35  MPH;2009;Daylight;60-69
35.4942540144, -78.7386226237;"{""type"": ""Point"", ""coordinates"": [-78.73862262365103, 35.49425401443762]}";Other;Angier;Unknown;2;18;Mixed (30% To 70% Developed);Male;Motorcycle;0;#NULL!;0;0;White;No;0;30-39;Bicyclist Ride Out - Midblock - Unknown;None;Yes;Yes;Dry;0;Rural;No;07JUN2009;0;18:25;Female;No;Residential;B: Evident Injury;Yes;B: Evident Injury;4899;June;0;Curve - Level;Coastal;Not Applicable;Stop Sign;Sunday;Non-Intersection;38;0;Two-Way, Not Divided;2 lanes;0;#NULL!;#NULL!;Smooth Asphalt;#NULL!;T-Intersection;Bicyclist Failed to Yield - Midblock;NC Route;O: No Injury;Harnett;68;Clear;#NULL!;41-45 mph;40 - 45  MPH;2009;Daylight;60-69
36.0633770981, -79.8064829773;"{""type"": ""Point"", ""coordinates"": [-79.80648297734213, 36.063377098118906]}";Black;Greensboro;Travel Lane;2;23;Urban (>70% Developed);Male;Passenger Car;0;#NULL!;0;0;Unknown/Missing;No;0;40-49;Motorist Overtaking - Undetected Bicyclist;None;Yes;Yes;Dry;0;Urban;Yes;08JUN2009;0;23:31;Unknown;Missing;Commercial;C: Possible Injury;Yes;Unknown Injury;4900;June;0;Straight - Level;Piedmont;With Traffic;No Control Present;Monday;Non-Intersection;46;0;Two-Way, Not Divided;4 lanes;0;#NULL!;#NULL!;Smooth Asphalt;#NULL!;No Special Feature;Motorist Overtaking Bicyclist;Local Street;C: Possible Injury;Guilford;Unknown;Clear;#NULL!;31-35 mph;30 - 35  MPH;2009;Dark - Lighted Roadway;Unknown
35.9312010971, -79.0625427456;"{""type"": ""Point"", ""coordinates"": [-79.06254274560428, 35.9312010971333]}";White;Chapel Hill;Bike Lane / Paved Shoulder;2;17;Mixed (30% To 70% Developed);Male;Van;0;#NULL!;0;0;Unknown/Missing;No;0;40-49;Bicyclist Overtaking - Other / Unknown;None;No;No;Dry;0;Urban;No;18JUN2009;0;17:27;Unknown;Missing;Farms, Woods, Pastures;C: Possible Injury;Yes;Unknown Injury;4923;June;0;Straight - Level;Piedmont;With Traffic;Double Yellow Line, No Passing Zone;Thursday;Non-Intersection;45;0;Two-Way, Not Divided;2 lanes;0;#NULL!;#NULL!;Smooth Asphalt;#NULL!;No Special Feature;Bicyclist Overtaking Motorist;Local Street;C: Possible Injury;Orange;Unknown;Clear;#NULL!;Unknown;30 - 35  MPH;2009;Daylight;Unknown
35.9611371475, -77.8052223656;"{""type"": ""Point"", ""coordinates"": [-77.8052223655656, 35.96113714752945]}";Black;Rocky Mount;Sidewalk / Crosswalk / Driveway Crossing;2;17;Urban (>70% Developed);Male;Passenger Car;0;#NULL!;0;0;Black;No;0;11-15;Crossing Paths - Midblock - Other / Unknown;None;No;No;Dry;0;Urban;No;31MAY2009;0;17:15;Female;No;Residential;A: Disabling Injury;Yes;O: No Injury;4926;May;0;Straight - Level;Coastal;Not Applicable;No Control Present;Sunday;Non-Intersection;15;0;One-Way, Not Divided;2 lanes;0;#NULL!;#NULL!;Coarse Asphalt;#NULL!;Underpass;Crossing Paths - Other Circumstances;Local Street;A: Disabling Injury;Nash;40;Clear;#NULL!;31-35 mph;30 - 35  MPH;2009;Daylight;40-49
35.654922043, -78.925837689;"{""type"": ""Point"", ""coordinates"": [-78.92583768902114, 35.654922042967726]}";White;None - Rural Crash;Travel Lane;2;18;Rural (<30% Developed);Male;Passenger Car;0;#NULL!;0;0;White;No;0;40-49;Bicyclist Right Turn - Same Direction;None;No;No;Dry;0;Rural;No;30JUN2009;0;18:30;Male;No;Farms, Woods, Pastures;B: Evident Injury;No;O: No Injury;4930;June;0;Straight - Grade;Piedmont;With Traffic;Double Yellow Line, No Passing Zone;Tuesday;Intersection;42;0;Two-Way, Not Divided;2 lanes;0;#NULL!;#NULL!;Coarse Asphalt;#NULL!;T-Intersection;Bicyclist Right Turn / Merge;State Secondary Route;B: Evident Injury;Wake;27;Clear;#NULL!;41-45 mph;40 - 45  MPH;2009;Daylight;25-29
35.6570470471, -78.8099126544;"{""type"": ""Point"", ""coordinates"": [-78.80991265439968, 35.65704704710675]}";White;Holly Springs;Unknown;2;17;Urban (>70% Developed);Male;Passenger Car;0;#NULL!;0;0;White;No;0;6-10;Bicyclist Ride Out - Midblock - Unknown;None;No;No;Dry;0;Urban;No;03JUN2009;0;17:50;Female;No;Commercial;B: Evident Injury;No;O: No Injury;4934;June;0;Straight - Level;Piedmont;Unknown;No Control Present;Wednesday;Non-Intersection;9;0;Two-Way, Not Divided;2 lanes;0;#NULL!;#NULL!;Smooth Asphalt;#NULL!;Four-Way Intersection;Bicyclist Failed to Yield - Midblock;Local Street;B: Evident Injury;Wake;47;Clear;#NULL!;26-30 mph;30 - 35  MPH;2009;Daylight;40-49
35.9275810624, -79.987163024;"{""type"": ""Point"", ""coordinates"": [-79.98716302403022, 35.927581062413154]}";Black;High Point;Travel Lane;2;14;Urban (>70% Developed);Male;Passenger Car;0;#NULL!;0;0;Black;No;0;40-49;Motorist Drive Out - Commercial Driveway / Alley;None;No;No;Dry;0;Urban;No;21JUN2009;0;14:03;Female;No;Commercial;C: Possible Injury;Yes;O: No Injury;4936;June;0;Straight - Level;Piedmont;Not Applicable;Stop Sign;Sunday;Non-Intersection;40;0;Two-Way, Divided, Unprotected Median;5 lanes;0;#NULL!;#NULL!;Smooth Asphalt;#NULL!;T-Intersection;Motorist Failed to Yield - Midblock;US Route;C: Possible Injury;Guilford;31;Cloudy;#NULL!;0-5 mph;30 - 35  MPH;2009;Daylight;30-39
36.1430470829, -80.6664382397;"{""type"": ""Point"", ""coordinates"": [-80.66643823968053, 36.14304708285713]}";White;Yadkinville;Travel Lane;2;10;Urban (>70% Developed);Male;Sport Utility;0;#NULL!;0;0;White;No;0;30-39;Motorist Overtaking - Other / Unknown;None;No;No;Dry;0;Rural;No;01JUL2009;0;10:32;Male;No;Commercial;B: Evident Injury;Yes;O: No Injury;4938;July;0;Straight - Hillcrest;Mountains;With Traffic;Stop And Go Signal;Wednesday;Intersection;36;0;Two-Way, Not Divided;2 lanes;0;#NULL!;#NULL!;Coarse Asphalt;#NULL!;Four-Way Intersection;Motorist Overtaking Bicyclist;Local Street;B: Evident Injury;Yadkin;49;Clear;#NULL!;0-5 mph;30 - 35  MPH;2009;Daylight;40-49
35.7923430904, -78.4124225411;"{""type"": ""Point"", ""coordinates"": [-78.4124225410981, 35.79234309036689]}";White;None - Rural Crash;Travel Lane;2;20;Rural (<30% Developed);Male;Pickup;0;#NULL!;0;0;White;No;0;50-59;Motorist Left Turn - Opposite Direction;None;No;No;Dry;0;Rural;No;28JUN2009;0;20:38;Male;No;Farms, Woods, Pastures;C: Possible Injury;Yes;O: No Injury;4942;June;0;Straight - Level;Piedmont;With Traffic;Double Yellow Line, No Passing Zone;Sunday;Non-Intersection;55;0;Two-Way, Not Divided;2 lanes;0;#NULL!;#NULL!;Coarse Asphalt;#NULL!;No Special Feature;Motorist Left Turn / Merge;State Secondary Route;C: Possible Injury;Wake;22;Clear;#NULL!;41-45 mph;40 - 45  MPH;2009;Daylight;20-24
35.317496864, -81.8575435488;"{""type"": ""Point"", ""coordinates"": [-81.85754354884624, 35.31749686401801]}";White;Forest City;Sidewalk / Crosswalk / Driveway Crossing;2;11;Urban (>70% Developed);Male;Pickup;0;#NULL!;0;0;White;No;0;40-49;Motorist Right Turn - Same Direction;None;No;No;Dry;0;Urban;No;19JUN2009;0;11:20;Male;No;Commercial;B: Evident Injury;No;O: No Injury;4945;June;0;Straight - Level;Mountains;With Traffic;Stop And Go Signal;Friday;Intersection;44;0;Two-Way, Not Divided;3 lanes;0;#NULL!;#NULL!;Smooth Asphalt;#NULL!;Four-Way Intersection;Motorist Right Turn / Merge;Local Street;B: Evident Injury;Rutherford;24;Cloudy;#NULL!;31-35 mph;30 - 35  MPH;2009;Daylight;20-24
34.0408267247, -77.8958022971;"{""type"": ""Point"", ""coordinates"": [-77.89580229714518, 34.040826724718244]}";White;Carolina Beach;Non-Roadway;2;12;Urban (>70% Developed);Female;Passenger Car;0;#NULL!;0;0;White;No;0;16-19;Bicyclist Ride Out - Midblock - Unknown;None;No;No;Dry;0;Urban;No;18JUN2009;0;12:38;Male;No;Commercial;C: Possible Injury;Yes;O: No Injury;4950;June;0;Straight - Level;Coastal;Not Applicable;No Control Present;Thursday;Non-Intersection;17;0;Two-Way, Not Divided;4 lanes;0;#NULL!;#NULL!;Coarse Asphalt;#NULL!;No Special Feature;Bicyclist Failed to Yield - Midblock;Local Street;C: Possible Injury;New Hanover;67;Clear;#NULL!;31-35 mph;30 - 35  MPH;2009;Daylight;60-69
34.9215008551, -79.7679329044;"{""type"": ""Point"", ""coordinates"": [-79.76793290444407, 34.921500855113926]}";White;None - Rural Crash;Travel Lane;2;19;Urban (>70% Developed);Male;Passenger Car;0;#NULL!;0;0;White;No;0;40-49;Motorist Overtaking - Other / Unknown;None;No;No;Dry;0;Rural;Yes;04JUL2009;0;19:30;Female;No;Residential;B: Evident Injury;No;Unknown Injury;4961;July;0;Straight - Level;Piedmont;With Traffic;Double Yellow Line, No Passing Zone;Saturday;Intersection;48;0;Two-Way, Not Divided;2 lanes;0;#NULL!;#NULL!;Smooth Asphalt;#NULL!;T-Intersection;Motorist Overtaking Bicyclist;State Secondary Route;B: Evident Injury;Richmond;22;Clear;#NULL!;31-35 mph;30 - 35  MPH;2009;Daylight;20-24
34.9937319002, -78.9318326562;"{""type"": ""Point"", ""coordinates"": [-78.93183265621693, 34.993731900204075]}";Unknown/Missing;Fayetteville;Travel Lane;2;16;Urban (>70% Developed);Male;Sport Utility;0;#NULL!;0;0;Black;No;0;6-10;Bicyclist Ride Through - Sign-Controlled Intersection;None;No;No;Dry;0;Urban;No;24JUN2009;0;16:30;Female;No;Residential;B: Evident Injury;No;O: No Injury;4963;June;0;Straight - Level;Coastal;With Traffic;No Control Present;Wednesday;Intersection;10;0;Two-Way, Not Divided;2 lanes;0;#NULL!;#NULL!;Coarse Asphalt;#NULL!;T-Intersection;Bicyclist Failed to Yield - Sign-Controlled Intersection;State Secondary Route;B: Evident Injury;Cumberland;39;Clear;#NULL!;21-25 mph;30 - 35  MPH;2009;Daylight;30-39
35.5866168926, -82.5918837811;"{""type"": ""Point"", ""coordinates"": [-82.5918837810591, 35.58661689255306]}";White;Asheville;Travel Lane;2;18;Urban (>70% Developed);Male;Passenger Car;0;#NULL!;0;0;White;No;0;11-15;Bicyclist Ride Through - Signalized Intersection;None;No;No;Dry;0;Urban;No;29JUN2009;0;18:17;Male;No;Commercial;B: Evident Injury;No;O: No Injury;4969;June;0;Straight - Level;Mountains;With Traffic;Stop And Go Signal;Monday;Intersection;14;0;Two-Way, Divided, Positive Median Barrier;8 lanes;0;#NULL!;#NULL!;Concrete;#NULL!;Four-Way Intersection;Bicyclist Failed to Yield - Signalized Intersection;US Route;B: Evident Injury;Buncombe;26;Clear;#NULL!;41-45 mph;40 - 45  MPH;2009;Daylight;25-29
34.0948587363, -77.897842301;"{""type"": ""Point"", ""coordinates"": [-77.89784230104846, 34.09485873630387]}";Black;None - Rural Crash;Travel Lane;2;15;Urban (>70% Developed);Male;Passenger Car;0;#NULL!;0;0;White;No;0;30-39;Motorist Drive Out - Sign-Controlled Intersection;None;No;No;Dry;0;Rural;No;07JUL2009;0;15:45;Female;No;Residential;C: Possible Injury;Yes;O: No Injury;4979;July;0;Straight - Level;Coastal;Facing Traffic;Stop Sign;Tuesday;Intersection;36;0;Two-Way, Divided, Unprotected Median;4 lanes;0;#NULL!;#NULL!;Coarse Asphalt;#NULL!;T-Intersection;Motorist Failed to Yield - Sign-Controlled Intersection;US Route;C: Possible Injury;New Hanover;48;Cloudy;#NULL!;0-5 mph;50 - 55  MPH;2009;Daylight;40-49
35.9266871403, -77.8048883629;"{""type"": ""Point"", ""coordinates"": [-77.80488836286389, 35.92668714026358]}";Black;Rocky Mount;Sidewalk / Crosswalk / Driveway Crossing;2;16;Urban (>70% Developed);Male;Sport Utility;0;#NULL!;0;0;White;No;0;11-15;Motorist Overtaking - Other / Unknown;None;No;No;Dry;0;Urban;No;07JUN2009;0;16:52;Female;No;Residential;C: Possible Injury;No;O: No Injury;4990;June;0;Straight - Level;Coastal;With Traffic;Stop Sign;Sunday;Intersection;13;0;Two-Way, Not Divided;4 lanes;0;#NULL!;#NULL!;Smooth Asphalt;#NULL!;Four-Way Intersection;Motorist Overtaking Bicyclist;Local Street;C: Possible Injury;Nash;27;Clear;#NULL!;16-20 mph;30 - 35  MPH;2009;Daylight;25-29
35.7862310803, -78.6472526117;"{""type"": ""Point"", ""coordinates"": [-78.64725261171638, 35.78623108029621]}";White;Raleigh;Travel Lane;2;22;Urban (>70% Developed);Male;Sport Utility;0;#NULL!;0;0;White;No;0;20-24;Crossing Paths - Intersection - Other / Unknown;None;Yes;No;Dry;0;Urban;No;26JUN2009;0;22:43;Male;Yes;Commercial;B: Evident Injury;Yes;O: No Injury;4997;June;0;Straight - Bottom;Piedmont;With Traffic;Stop And Go Signal;Friday;Intersection;22;0;Two-Way, Not Divided;6 lanes;0;#NULL!;#NULL!;Smooth Asphalt;#NULL!;Four-Way Intersection;Crossing Paths - Other Circumstances;Local Street;B: Evident Injury;Wake;25;Clear;#NULL!;11-15 mph;20 - 25  MPH;2009;Dark - Lighted Roadway;25-29
36.1569212586, -75.7472117443;"{""type"": ""Point"", ""coordinates"": [-75.74721174426742, 36.15692125861624]}";White;Duck;Multi-use Path;2;9;Mixed (30% To 70% Developed);Female;Passenger Car;0;#NULL!;0;0;White;No;0;30-39;Motorist Drive Out - Sign-Controlled Intersection;None;No;No;Dry;0;Rural;No;10JUL2009;0;9:56;Male;No;Residential;C: Possible Injury;Yes;O: No Injury;4998;July;0;Straight - Level;Coastal;Unknown;Stop Sign;Friday;Intersection;31;0;Two-Way, Not Divided;2 lanes;0;#NULL!;#NULL!;Coarse Asphalt;#NULL!;No Special Feature;Motorist Failed to Yield - Sign-Controlled Intersection;Local Street;C: Possible Injury;Dare;29;Clear;#NULL!;0-5 mph;5 - 15 MPH;2009;Daylight;25-29
35.0994369222, -78.9574226693;"{""type"": ""Point"", ""coordinates"": [-78.95742266928897, 35.09943692224417]}";Black;Fayetteville;Unknown;2;0;Urban (>70% Developed);Male;Passenger Car;0;#NULL!;0;0;White;No;0;50-59;Bicyclist Ride Out - Other Midblock;None;Yes;Yes;Dry;0;Urban;No;11JUL2009;0;0:42;Male;No;Commercial;B: Evident Injury;Yes;C: Possible Injury;4999;July;0;Straight - Level;Coastal;Not Applicable;No Control Present;Saturday;Non-Intersection;54;0;Two-Way, Divided, Positive Median Barrier;3 lanes;0;#NULL!;#NULL!;Smooth Asphalt;#NULL!;No Special Feature;Bicyclist Failed to Yield - Midblock;Local Street;B: Evident Injury;Cumberland;29;Clear;#NULL!;46-50 mph;40 - 45  MPH;2009;Dark - Lighted Roadway;25-29
36.128040115, -79.708086951;"{""type"": ""Point"", ""coordinates"": [-79.70808695095307, 36.128040115004715]}";White;None - Rural Crash;Travel Lane;2;10;Mixed (30% To 70% Developed);Male;Passenger Car;0;#NULL!;0;0;Black;No;0;40-49;Motorist Drive Out - Sign-Controlled Intersection;None;No;No;Dry;0;Rural;No;26JUL2009;0;10:42;Female;No;Commercial;C: Possible Injury;Yes;O: No Injury;5001;July;0;Straight - Level;Piedmont;With Traffic;Double Yellow Line, No Passing Zone;Sunday;Intersection;41;0;Two-Way, Not Divided;2 lanes;0;#NULL!;#NULL!;Smooth Asphalt;#NULL!;Four-Way Intersection;Motorist Failed to Yield - Sign-Controlled Intersection;State Secondary Route;C: Possible Injury;Guilford;53;Clear;#NULL!;0-5 mph;40 - 45  MPH;2009;Daylight;50-59
35.5262470702, -77.3111721918;"{""type"": ""Point"", ""coordinates"": [-77.31117219181952, 35.52624707018135]}";Black;None - Rural Crash;Travel Lane;2;14;Rural (<30% Developed);Male;Sport Utility;0;#NULL!;0;0;White;No;0;11-15;Motorist Overtaking - Bicyclist Swerved;None;No;No;Dry;0;Rural;No;15JUL2009;0;14:33;Female;No;Farms, Woods, Pastures;B: Evident Injury;Yes;O: No Injury;5002;July;0;Straight - Level;Coastal;With Traffic;No Control Present;Wednesday;Non-Intersection;14;0;Two-Way, Not Divided;2 lanes;0;#NULL!;#NULL!;Coarse Asphalt;#NULL!;No Special Feature;Motorist Overtaking Bicyclist;State Secondary Route;B: Evident Injury;Pitt;49;Clear;#NULL!;46-50 mph;50 - 55  MPH;2009;Daylight;40-49
36.0501210828, -80.1310130744;"{""type"": ""Point"", ""coordinates"": [-80.13101307443334, 36.05012108279757]}";White;Winston-Salem;Travel Lane;2;7;Urban (>70% Developed);Male;Passenger Car;0;#NULL!;0;0;Hispanic;No;0;11-15;Motorist Overtaking - Other / Unknown;None;No;No;Dry;0;Urban;No;12JUL2009;0;7:30;Female;No;Commercial;K: Killed;Yes;O: No Injury;5016;July;0;Straight - Level;Piedmont;With Traffic;No Control Present;Sunday;Non-Intersection;14;0;Two-Way, Divided, Unprotected Median;2 lanes;0;#NULL!;#NULL!;Smooth Asphalt;#NULL!;No Special Feature;Motorist Overtaking Bicyclist;US Route;K: Killed;Forsyth;18;Clear;#NULL!;56-60 mph;60 - 75 MPH;2009;Dark - Roadway Not Lighted;0-19
35.7282869692, -81.3701934273;"{""type"": ""Point"", ""coordinates"": [-81.37019342733086, 35.72828696924867]}";White;Hickory;Travel Lane;2;18;Urban (>70% Developed);Male;Passenger Car;0;#NULL!;0;0;White;No;0;11-15;Bicyclist Ride Through - Sign-Controlled Intersection;None;No;No;Wet;0;Urban;No;22JUL2009;0;18:03;Female;No;Residential;B: Evident Injury;Yes;O: No Injury;5019;July;0;Straight - Grade;Piedmont;Facing Traffic;Stop Sign;Wednesday;Intersection;14;0;Two-Way, Not Divided;2 lanes;0;#NULL!;#NULL!;Smooth Asphalt;#NULL!;Related To Intersection;Bicyclist Failed to Yield - Sign-Controlled Intersection;Local Street;B: Evident Injury;Catawba;19;Cloudy;#NULL!;31-35 mph;30 - 35  MPH;2009;Daylight;0-19
34.9818968956, -78.9735426686;"{""type"": ""Point"", ""coordinates"": [-78.97354266861704, 34.981896895589585]}";White;None - Rural Crash;Travel Lane;2;3;Mixed (30% To 70% Developed);Male;Sport Utility;0;#NULL!;0;0;White;No;0;25-29;Motorist Overtaking - Bicyclist Swerved;None;No;No;Dry;0;Rural;No;02AUG2009;0;3:30;Male;No;Farms, Woods, Pastures;C: Possible Injury;Yes;O: No Injury;5022;August;0;Curve - Level;Coastal;Facing Traffic;Double Yellow Line, No Passing Zone;Sunday;Non-Intersection;28;0;Two-Way, Not Divided;2 lanes;0;#NULL!;#NULL!;Coarse Asphalt;#NULL!;No Special Feature;Motorist Overtaking Bicyclist;State Secondary Route;C: Possible Injury;Cumberland;30;Cloudy;#NULL!;41-45 mph;40 - 45  MPH;2009;Dark - Roadway Not Lighted;30-39
36.0240212326, -75.6729917151;"{""type"": ""Point"", ""coordinates"": [-75.67299171508606, 36.02402123256452]}";White;Kill Devil Hills;Non-Roadway;2;14;Urban (>70% Developed);Male;Light Truck (Mini-Van, Panel);0;#NULL!;0;0;White;No;0;11-15;Bicyclist Ride Out - Other Midblock;None;No;No;Dry;0;Urban;No;19JUL2009;0;14:42;Male;No;Residential;B: Evident Injury;No;O: No Injury;5024;July;0;Straight - Level;Coastal;Not Applicable;No Control Present;Sunday;Non-Intersection;11;0;Two-Way, Not Divided;2 lanes;0;#NULL!;#NULL!;Coarse Asphalt;#NULL!;No Special Feature;Bicyclist Failed to Yield - Midblock;Local Street;B: Evident Injury;Dare;50;Clear;#NULL!;11-15 mph;20 - 25  MPH;2009;Daylight;50-59
34.2665267769, -77.8246322872;"{""type"": ""Point"", ""coordinates"": [-77.8246322872039, 34.26652677691912]}";White;None - Rural Crash;Travel Lane;2;16;Rural (<30% Developed);Male;Passenger Car;0;#NULL!;0;0;White;No;0;60-69;Motorist Drive Out - Other Midblock;None;No;No;Dry;0;Rural;No;31JUL2009;0;16:00;Male;No;Farms, Woods, Pastures;C: Possible Injury;Yes;O: No Injury;5039;July;0;Straight - Level;Coastal;Facing Traffic;No Control Present;Friday;Non-Intersection;68;0;Two-Way, Divided, Unprotected Median;5 lanes;0;#NULL!;#NULL!;Smooth Asphalt;#NULL!;T-Intersection;Motorist Failed to Yield - Midblock;US Route;C: Possible Injury;New Hanover;63;Clear;#NULL!;0-5 mph;40 - 45  MPH;2009;Daylight;60-69
35.2447498856, -80.8648432489;"{""type"": ""Point"", ""coordinates"": [-80.86484324891947, 35.244749885641575]}";Black;Charlotte;Travel Lane;2;21;Urban (>70% Developed);Male;Passenger Car;0;#NULL!;0;0;White;No;0;40-49;Crossing Paths - Intersection - Other / Unknown;None;Yes;Yes;Wet;0;Urban;No;31JUL2009;0;21:53;Female;No;Residential;B: Evident Injury;No;O: No Injury;5043;July;0;Straight - Level;Piedmont;With Traffic;No Control Present;Friday;Intersection;48;0;Two-Way, Not Divided;2 lanes;0;#NULL!;#NULL!;Smooth Asphalt;#NULL!;Four-Way Intersection;Crossing Paths - Other Circumstances;Local Street;B: Evident Injury;Mecklenburg;32;Cloudy;#NULL!;11-15 mph;30 - 35  MPH;2009;Dark - Lighted Roadway;30-39
35.2211338818, -80.8181232343;"{""type"": ""Point"", ""coordinates"": [-80.8181232343251, 35.22113388176193]}";Black;Charlotte;Non-Roadway;2;11;Urban (>70% Developed);Female;Sport Utility;0;#NULL!;0;0;White;No;0;11-15;Non-Roadway;None;No;No;Dry;0;Urban;No;30JUL2009;0;11:15;Male;No;Commercial;C: Possible Injury;Yes;O: No Injury;5044;July;0;Straight - Grade;Piedmont;Not Applicable;No Control Present;Thursday;Non-Roadway;14;0;One-Way, Not Divided;Unknown;0;#NULL!;#NULL!;Smooth Asphalt;#NULL!;Driveway, Public;Non-Roadway;Public Vehicular Area;C: Possible Injury;Mecklenburg;62;Clear;#NULL!;0-5 mph;30 - 35  MPH;2009;Daylight;60-69
35.0934288565, -80.7764732142;"{""type"": ""Point"", ""coordinates"": [-80.7764732142353, 35.093428856481516]}";White;Charlotte;Travel Lane;2;10;Urban (>70% Developed);Male;Passenger Car;0;#NULL!;0;0;White;No;0;50-59;Motorist Overtaking - Undetected Bicyclist;None;No;No;Dry;0;Urban;No;01AUG2009;0;10:23;Male;No;Commercial;C: Possible Injury;Yes;O: No Injury;5045;August;0;Straight - Grade;Piedmont;With Traffic;No Control Present;Saturday;Non-Intersection;54;0;Two-Way, Divided, Unprotected Median;4 lanes;0;#NULL!;#NULL!;Smooth Asphalt;#NULL!;No Special Feature;Motorist Overtaking Bicyclist;Local Street;C: Possible Injury;Mecklenburg;70+;Cloudy;#NULL!;41-45 mph;40 - 45  MPH;2009;Daylight;70+
35.7215000595, -78.8649726746;"{""type"": ""Point"", ""coordinates"": [-78.8649726745756, 35.721500059540965]}";White;Apex;Travel Lane;2;11;Urban (>70% Developed);Male;Passenger Car;0;#NULL!;0;0;Black;No;0;50-59;Bicyclist Left Turn - Opposite Direction;None;No;No;Dry;0;Urban;No;11JUL2009;0;11:25;Male;No;Residential;K: Killed;Yes;O: No Injury;5048;July;0;Straight - Level;Piedmont;With Traffic;No Control Present;Saturday;Intersection;51;0;Two-Way, Not Divided;3 lanes;0;#NULL!;#NULL!;Grooved Concrete;#NULL!;T-Intersection;Bicyclist Left Turn / Merge;Local Street;K: Killed;Wake;29;Clear;#NULL!;36-40 mph;40 - 45  MPH;2009;Daylight;25-29
35.2429839668, -78.5507325545;"{""type"": ""Point"", ""coordinates"": [-78.55073255450675, 35.24298396680823]}";White;None - Rural Crash;Travel Lane;2;14;Mixed (30% To 70% Developed);Male;Van;0;#NULL!;0;0;Black;No;0;11-15;Motorist Overtaking - Bicyclist Swerved;None;No;No;Dry;0;Rural;No;10AUG2009;0;14:51;Male;No;Residential;C: Possible Injury;No;O: No Injury;5049;August;0;Straight - Level;Coastal;With Traffic;Double Yellow Line, No Passing Zone;Monday;Non-Intersection;12;0;Two-Way, Not Divided;2 lanes;0;#NULL!;#NULL!;Coarse Asphalt;#NULL!;No Special Feature;Motorist Overtaking Bicyclist;US Route;C: Possible Injury;Sampson;48;Clear;#NULL!;41-45 mph;40 - 45  MPH;2009;Daylight;40-49
35.3542769118, -80.7809172307;"{""type"": ""Point"", ""coordinates"": [-80.78091723073925, 35.35427691180239]}";Black;Charlotte;Bike Lane / Paved Shoulder;2;7;Urban (>70% Developed);Male;Passenger Car;0;#NULL!;0;0;White;No;0;60-69;Motorist Drive Out - Sign-Controlled Intersection;None;No;No;Dry;0;Urban;No;03AUG2009;0;7:15;Female;No;Residential;B: Evident Injury;No;O: No Injury;5050;August;0;Straight - Level;Piedmont;With Traffic;Stop Sign;Monday;Intersection;62;0;Two-Way, Divided, Unprotected Median;4 lanes;0;#NULL!;#NULL!;Smooth Asphalt;#NULL!;T-Intersection;Motorist Failed to Yield - Sign-Controlled Intersection;Local Street;B: Evident Injury;Mecklenburg;36;Clear;#NULL!;0-5 mph;30 - 35  MPH;2009;Daylight;30-39
36.4590572628, -77.5383623101;"{""type"": ""Point"", ""coordinates"": [-77.53836231011952, 36.45905726283382]}";Black;None - Rural Crash;Bike Lane / Paved Shoulder;2;10;Rural (<30% Developed);Male;Passenger Car;0;#NULL!;0;0;Black;No;0;40-49;Bicyclist Left Turn - Same Direction;None;No;No;Dry;0;Rural;No;29JUL2009;0;10:55;Female;No;Farms, Woods, Pastures;A: Disabling Injury;Yes;O: No Injury;5056;July;0;Straight - Level;Coastal;With Traffic;No Control Present;Wednesday;Non-Intersection;43;0;Two-Way, Not Divided;2 lanes;0;#NULL!;#NULL!;Smooth Asphalt;#NULL!;No Special Feature;Bicyclist Left Turn / Merge;NC Route;A: Disabling Injury;Northampton;21;Clear;#NULL!;51-55 mph;50 - 55  MPH;2009;Daylight;20-24