Geo Point;Geo Shape;BikeRace;City;BikePos;NumUnits;CrashHour;Locality;BikeSex;DrvrVehTyp;NumBikesNo;BikeAlcDrg;NumBikesBI;RteInvdCd;DrvrRace;Workzone;NumBikesCi;BikeAgeGrp;CrashType;RdDefects;CrashAlcoh;BikeAlcoho;RdConditio;DstncMiFrm;RuralUrban;HitRun;CrashDate;NumBikesUI;CrashTime;DrvrSex;DrvrAlcoho;Developmen;CrashSevr;AmbulanceR;DrvrInjury;OBJECTID;CrashMonth;NumBikesKi;RdCharacte;Region;BikeDir;TraffCntrl;CrashDay;CrashLoc;BikeAge;NumBikesTo;RdConfig;NumLanes;NumBikesAI;DrvrAlcDrg;OnRoad;RdSurface;Towrd_Rd;RdFeature;CrashGrp;RdClass;BikeInjury;County;DrvrAge;Weather;FrmRd;DrvrEstSpd;SpeedLimit;CrashYear;LightCond;DrvrAgeGrp
35.9933201161, -78.8860626953;"{""type"": ""Point"", ""coordinates"": [-78.88606269531726, 35.99332011611048]}";Black;Durham;Driveway / Alley;2;10;Urban (>70% Developed);Male;Sport Utility;0;#NULL!;0;0;Black;No;0;6-10;Bicyclist Ride Out - Other Midblock;None;No;No;Dry;0;Urban;No;07AUG2009;0;10:09;Female;No;Commercial;O: No Injury;No;O: No Injury;5060;August;0;Straight - Grade;Piedmont;Not Applicable;No Control Present;Friday;Non-Intersection;9;0;Two-Way, Not Divided;3 lanes;0;#NULL!;#NULL!;Smooth Asphalt;#NULL!;Driveway, Public;Bicyclist Failed to Yield - Midblock;Local Street;O: No Injury;Durham;15;Clear;#NULL!;21-25 mph;30 - 35  MPH;2009;Daylight;0-19
36.105067089, -80.2793931217;"{""type"": ""Point"", ""coordinates"": [-80.27939312172415, 36.105067088976]}";White;Winston-Salem;Unknown;2;0;Urban (>70% Developed);Female;Passenger Car;0;#NULL!;0;0;White;No;0;70+;Sign-Controlled Intersection - Other / Unknown;None;No;No;Dry;0;Urban;No;04AUG2009;0;0:09;Female;No;Residential;C: Possible Injury;Yes;O: No Injury;5069;August;0;Straight - Level;Piedmont;Not Applicable;Stop Sign;Tuesday;Intersection;70+;0;Two-Way, Not Divided;2 lanes;0;#NULL!;#NULL!;Smooth Asphalt;#NULL!;No Special Feature;Crossing Paths - Other Circumstances;Local Street;C: Possible Injury;Forsyth;70+;Clear;#NULL!;0-5 mph;20 - 25  MPH;2009;Daylight;70+
35.3867910192, -77.9459123781;"{""type"": ""Point"", ""coordinates"": [-77.94591237810373, 35.38679101921496]}";White;Goldsboro;Non-Roadway;2;10;Urban (>70% Developed);Male;Passenger Car;0;#NULL!;0;0;White;No;0;40-49;Non-Roadway;None;No;No;Dry;0;Urban;No;08AUG2009;0;10:30;Male;No;Commercial;B: Evident Injury;Yes;O: No Injury;5072;August;0;Straight - Level;Coastal;Not Applicable;No Control Present;Saturday;Non-Roadway;43;0;Two-Way, Not Divided;Unknown;0;#NULL!;#NULL!;Coarse Asphalt;#NULL!;Driveway, Public;Non-Roadway;Public Vehicular Area;B: Evident Injury;Wayne;48;Clear;#NULL!;0-5 mph;Unknown;2009;Daylight;40-49
35.5674368886, -82.5785537752;"{""type"": ""Point"", ""coordinates"": [-82.57855377520158, 35.56743688857245]}";Black;Asheville;Travel Lane;2;17;Urban (>70% Developed);Male;Passenger Car;0;#NULL!;0;0;Black;No;0;6-10;Crossing Paths - Intersection - Other / Unknown;None;No;No;Dry;0;Urban;No;05JUN2009;0;17:04;Female;No;Residential;C: Possible Injury;No;O: No Injury;5074;June;0;Straight - Grade;Mountains;Facing Traffic;Other;Friday;Intersection;9;0;Two-Way, Not Divided;2 lanes;0;#NULL!;#NULL!;Smooth Asphalt;#NULL!;Four-Way Intersection;Crossing Paths - Other Circumstances;Local Street;Unknown Injury;Buncombe;42;Clear;#NULL!;16-20 mph;20 - 25  MPH;2009;Daylight;40-49
35.742102969, -81.4489094507;"{""type"": ""Point"", ""coordinates"": [-81.44890945070613, 35.74210296901194]}";White;None - Rural Crash;Travel Lane;2;10;Rural (<30% Developed);Male;Passenger Car;0;#NULL!;0;0;White;No;0;50-59;Motorist Overtaking - Misjudged Space;None;No;No;Dry;0;Rural;No;30JUL2009;0;10:50;Male;No;Farms, Woods, Pastures;B: Evident Injury;Yes;O: No Injury;5078;July;0;Straight - Level;Mountains;With Traffic;Double Yellow Line, No Passing Zone;Thursday;Non-Intersection;59;0;Two-Way, Not Divided;2 lanes;0;#NULL!;#NULL!;Smooth Asphalt;#NULL!;No Special Feature;Motorist Overtaking Bicyclist;State Secondary Route;B: Evident Injury;Burke;70+;Clear;#NULL!;41-45 mph;40 - 45  MPH;2009;Daylight;70+
35.4226869334, -80.5916031775;"{""type"": ""Point"", ""coordinates"": [-80.59160317747454, 35.42268693335308]}";White;Concord;Travel Lane;2;17;Urban (>70% Developed);Male;Sport Utility;0;#NULL!;0;0;White;No;0;11-15;Bicyclist Lost Control - Mechanical Problems;None;No;No;Dry;0;Urban;No;07AUG2009;0;17:08;Female;No;Commercial;C: Possible Injury;No;O: No Injury;5081;August;0;Straight - Level;Piedmont;Facing Traffic;Stop And Go Signal;Friday;Intersection;15;0;Two-Way, Not Divided;3 lanes;0;#NULL!;#NULL!;Smooth Asphalt;#NULL!;Related To Intersection;Loss of Control / Turning Error;NC Route;C: Possible Injury;Cabarrus;32;Clear;#NULL!;6-10 mph;30 - 35  MPH;2009;Daylight;30-39
35.7086570224, -79.8200329618;"{""type"": ""Point"", ""coordinates"": [-79.8200329618328, 35.70865702235477]}";White;Asheboro;Travel Lane;2;21;Urban (>70% Developed);Male;Unknown;0;#NULL!;0;0;White;No;0;20-24;Motorist Overtaking - Other / Unknown;None;No;No;Dry;0;Urban;Yes;30JUL2009;0;21:21;Male;No;Commercial;B: Evident Injury;Yes;O: No Injury;5083;July;0;Straight - Level;Piedmont;With Traffic;No Control Present;Thursday;Non-Intersection;20;0;Two-Way, Not Divided;3 lanes;0;#NULL!;#NULL!;Smooth Asphalt;#NULL!;No Special Feature;Motorist Overtaking Bicyclist;NC Route;B: Evident Injury;Randolph;19;Cloudy;#NULL!;6-10 mph;30 - 35  MPH;2009;Dark - Lighted Roadway;0-19
34.1067867394, -77.8999523024;"{""type"": ""Point"", ""coordinates"": [-77.89995230239964, 34.10678673940161]}";Black;None - Rural Crash;Travel Lane;2;22;Mixed (30% To 70% Developed);Male;Sport Utility;0;#NULL!;0;0;White;No;0;16-19;Unknown Approach Paths;None;No;No;Dry;0;Rural;No;23AUG2009;0;22:07;Female;No;Commercial;C: Possible Injury;Yes;O: No Injury;5085;August;0;Straight - Level;Coastal;Facing Traffic;Stop Sign;Sunday;Intersection;17;0;Two-Way, Divided, Unprotected Median;7 lanes;0;#NULL!;#NULL!;Coarse Asphalt;#NULL!;Four-Way Intersection;Other / Unknown - Insufficient Details;US Route;C: Possible Injury;New Hanover;18;Clear;#NULL!;16-20 mph;50 - 55  MPH;2009;Dark - Roadway Not Lighted;0-19
35.8305970913, -78.6189526058;"{""type"": ""Point"", ""coordinates"": [-78.61895260579148, 35.83059709129453]}";Hispanic;Raleigh;Unknown;2;15;Urban (>70% Developed);Male;Passenger Car;0;#NULL!;0;0;Black;No;0;50-59;Motorist Left Turn - Same Direction;None;No;No;Dry;0;Urban;No;08AUG2009;0;15:03;Female;No;Commercial;C: Possible Injury;Yes;O: No Injury;5087;August;0;Straight - Level;Piedmont;Facing Traffic;Stop And Go Signal;Saturday;Intersection;52;0;Two-Way, Divided, Unprotected Median;2 lanes;0;#NULL!;#NULL!;Smooth Asphalt;#NULL!;No Special Feature;Motorist Left Turn / Merge;Local Street;C: Possible Injury;Wake;20;Clear;#NULL!;6-10 mph;30 - 35  MPH;2009;Daylight;20-24
35.4401669356, -80.6272331885;"{""type"": ""Point"", ""coordinates"": [-80.62723318854927, 35.44016693561033]}";Black;Concord;Sidewalk / Crosswalk / Driveway Crossing;2;19;Mixed (30% To 70% Developed);Male;Sport Utility;0;#NULL!;0;0;White;No;0;11-15;Motorist Right Turn - Same Direction;None;No;No;Dry;0;Urban;No;22AUG2009;0;19:30;Female;No;Residential;C: Possible Injury;No;O: No Injury;5094;August;0;Straight - Level;Piedmont;With Traffic;No Control Present;Saturday;Non-Intersection;12;0;One-Way, Not Divided;1 lane;0;#NULL!;#NULL!;Coarse Asphalt;#NULL!;No Special Feature;Motorist Right Turn / Merge;Private Road, Driveway;C: Possible Injury;Cabarrus;34;Clear;#NULL!;0-5 mph;5 - 15 MPH;2009;Daylight;30-39
34.8333508595, -79.0834126943;"{""type"": ""Point"", ""coordinates"": [-79.08341269425986, 34.83335085946698]}";Native American;None - Rural Crash;Unknown;4;17;Mixed (30% To 70% Developed);Male;Motorcycle;0;#NULL!;0;0;Native American;No;0;20-24;Bicyclist Ride Out - Midblock - Unknown;None;No;No;Dry;0;Rural;No;29AUG2009;0;17:34;Male;No;Residential;B: Evident Injury;Yes;B: Evident Injury;5097;August;0;Straight - Level;Coastal;Not Applicable;No Control Present;Saturday;Non-Intersection;20;0;Two-Way, Not Divided;2 lanes;0;#NULL!;#NULL!;Coarse Asphalt;#NULL!;No Special Feature;Bicyclist Failed to Yield - Midblock;State Secondary Route;B: Evident Injury;Robeson;34;Clear;#NULL!;41-45 mph;50 - 55  MPH;2009;Daylight;30-39
34.9445028594, -79.7807129097;"{""type"": ""Point"", ""coordinates"": [-79.78071290967651, 34.944502859351715]}";White;Rockingham;Travel Lane;2;18;Urban (>70% Developed);Male;Van;0;#NULL!;0;0;White;No;0;20-24;Bicyclist Ride Through - Sign-Controlled Intersection;None;No;No;Dry;0;Urban;No;23AUG2009;0;18:10;Male;No;Residential;B: Evident Injury;Yes;O: No Injury;5100;August;0;Straight - Hillcrest;Piedmont;With Traffic;Stop Sign;Sunday;Intersection;22;0;Two-Way, Not Divided;2 lanes;0;#NULL!;#NULL!;Smooth Asphalt;#NULL!;Four-Way Intersection;Bicyclist Failed to Yield - Sign-Controlled Intersection;Local Street;B: Evident Injury;Richmond;29;Clear;#NULL!;21-25 mph;30 - 35  MPH;2009;Daylight;25-29
35.8802220881, -78.9966427226;"{""type"": ""Point"", ""coordinates"": [-78.9966427225818, 35.880222088060414]}";White;None - Rural Crash;Travel Lane;2;17;Mixed (30% To 70% Developed);Male;Passenger Car;0;#NULL!;0;0;Black;No;0;50-59;Motorist Intentionally Caused;None;No;No;Dry;0;Rural;Yes;26AUG2009;0;17:41;Male;No;Residential;B: Evident Injury;Yes;O: No Injury;5103;August;0;Straight - Level;Piedmont;With Traffic;Double Yellow Line, No Passing Zone;Wednesday;Non-Intersection;53;0;Two-Way, Not Divided;2 lanes;0;#NULL!;#NULL!;Smooth Asphalt;#NULL!;No Special Feature;Other / Unusual Circumstances;State Secondary Route;B: Evident Injury;Durham;22;Clear;#NULL!;41-45 mph;40 - 45  MPH;2009;Daylight;20-24
35.9639701098, -78.9070426997;"{""type"": ""Point"", ""coordinates"": [-78.90704269970632, 35.963970109824764]}";Black;Durham;Unknown;2;18;Urban (>70% Developed);Male;Passenger Car;0;#NULL!;0;0;Black;No;0;25-29;Multiple Threat - Midblock;None;No;No;Dry;0;Urban;No;01SEP2009;0;18:37;Female;No;Commercial;B: Evident Injury;No;O: No Injury;5107;September;0;Straight - Level;Piedmont;Not Applicable;Stop And Go Signal;Tuesday;Non-Intersection;25;0;Two-Way, Not Divided;3 lanes;0;#NULL!;#NULL!;Smooth Asphalt;#NULL!;No Special Feature;Bicyclist Failed to Yield - Midblock;Local Street;B: Evident Injury;Durham;29;Clear;#NULL!;11-15 mph;30 - 35  MPH;2009;Daylight;25-29
36.1311601129, -79.7985729787;"{""type"": ""Point"", ""coordinates"": [-79.79857297867986, 36.131160112945146]}";White;Greensboro;Travel Lane;2;17;Urban (>70% Developed);Male;Unknown;0;#NULL!;0;0;White;No;0;50-59;Motorist Overtaking - Other / Unknown;None;No;No;Dry;0;Urban;Yes;23AUG2009;0;17:30;Female;No;Residential;C: Possible Injury;No;Unknown Injury;5108;August;0;Straight - Level;Piedmont;With Traffic;No Control Present;Sunday;Non-Intersection;51;0;Two-Way, Divided, Unprotected Median;5 lanes;0;#NULL!;#NULL!;Smooth Asphalt;#NULL!;No Special Feature;Motorist Overtaking Bicyclist;Local Street;C: Possible Injury;Guilford;43;Clear;#NULL!;Unknown;40 - 45  MPH;2009;Daylight;40-49
36.0945571045, -79.8163929817;"{""type"": ""Point"", ""coordinates"": [-79.8163929816799, 36.09455710454811]}";Unknown/Missing;Greensboro;Sidewalk / Crosswalk / Driveway Crossing;3;20;Urban (>70% Developed);Male;Passenger Car;0;#NULL!;0;0;White;No;0;11-15;Motorist Drive Out - Commercial Driveway / Alley;None;No;No;Wet;0;Urban;No;19AUG2009;0;20:59;Female;No;Commercial;C: Possible Injury;Yes;O: No Injury;5110;August;0;Straight - Level;Piedmont;Facing Traffic;Stop Sign;Wednesday;Non-Intersection;15;0;One-Way, Not Divided;2 lanes;0;#NULL!;#NULL!;Smooth Asphalt;#NULL!;T-Intersection;Motorist Failed to Yield - Midblock;Local Street;C: Possible Injury;Guilford;43;Cloudy;#NULL!;0-5 mph;30 - 35  MPH;2009;Dusk;40-49
36.4346422039, -79.0556127707;"{""type"": ""Point"", ""coordinates"": [-79.05561277068327, 36.434642203909355]}";White;None - Rural Crash;Travel Lane;2;19;Rural (<30% Developed);Male;Van;0;#NULL!;0;0;Black;No;0;16-19;Motorist Overtaking - Bicyclist Swerved;None;No;No;Dry;0;Rural;No;05AUG2009;0;19:46;Male;No;Farms, Woods, Pastures;C: Possible Injury;No;O: No Injury;5119;August;0;Straight - Level;Piedmont;With Traffic;Double Yellow Line, No Passing Zone;Wednesday;Non-Intersection;17;0;Two-Way, Not Divided;2 lanes;0;#NULL!;#NULL!;Smooth Asphalt;#NULL!;No Special Feature;Motorist Overtaking Bicyclist;NC Route;C: Possible Injury;Person;32;Cloudy;#NULL!;51-55 mph;50 - 55  MPH;2009;Daylight;30-39
36.050397128, -78.9036427038;"{""type"": ""Point"", ""coordinates"": [-78.90364270377525, 36.05039712795683]}";Black;Durham;Unknown;2;13;Mixed (30% To 70% Developed);Male;Pickup;0;#NULL!;0;0;White;No;0;50-59;Head-On - Bicyclist;None;No;No;Dry;0;Urban;No;04SEP2009;0;13:01;Male;Missing;Commercial;C: Possible Injury;Yes;O: No Injury;5121;September;0;Straight - Level;Piedmont;Not Applicable;No Control Present;Friday;Non-Intersection;53;0;Two-Way, Not Divided;4 lanes;0;#NULL!;#NULL!;Smooth Asphalt;#NULL!;No Special Feature;Head-On;Local Street;C: Possible Injury;Durham;56;Clear;#NULL!;0-5 mph;30 - 35  MPH;2009;Daylight;50-59
35.4109639217, -80.8406532511;"{""type"": ""Point"", ""coordinates"": [-80.84065325107129, 35.41096392173885]}";White;Huntersville;Travel Lane;2;17;Urban (>70% Developed);Male;Unknown;0;#NULL!;0;0;Unknown/Missing;No;0;16-19;Crossing Paths - Intersection - Other / Unknown;None;No;No;Dry;0;Urban;Yes;25AUG2009;0;17:59;Unknown;Missing;Residential;B: Evident Injury;No;Unknown Injury;5124;August;0;Straight - Level;Piedmont;With Traffic;Double Yellow Line, No Passing Zone;Tuesday;Intersection;17;0;Two-Way, Not Divided;2 lanes;0;#NULL!;#NULL!;Smooth Asphalt;#NULL!;No Special Feature;Crossing Paths - Other Circumstances;Local Street;B: Evident Injury;Mecklenburg;Unknown;Clear;#NULL!;6-10 mph;20 - 25  MPH;2009;Daylight;Unknown
35.5341870394, -78.2864524889;"{""type"": ""Point"", ""coordinates"": [-78.28645248891429, 35.53418703937539]}";Black;Selma;Non-Roadway;2;12;Urban (>70% Developed);Male;Passenger Car;0;#NULL!;0;0;White;No;0;50-59;Non-Roadway;None;No;No;Water (Standing, Moving);0;Urban;No;29AUG2009;0;12:07;Male;No;Commercial;B: Evident Injury;Yes;O: No Injury;5126;August;0;Straight - Level;Coastal;Not Applicable;No Control Present;Saturday;Non-Roadway;55;0;Two-Way, Not Divided;Unknown;0;#NULL!;#NULL!;Smooth Asphalt;#NULL!;No Special Feature;Non-Roadway;Public Vehicular Area;B: Evident Injury;Johnston;18;Clear;#NULL!;0-5 mph;Unknown;2009;Daylight;0-19
34.6103368146, -78.9729026497;"{""type"": ""Point"", ""coordinates"": [-78.97290264973023, 34.6103368146113]}";Native American;Lumberton;Travel Lane;2;20;Urban (>70% Developed);Male;Passenger Car;0;#NULL!;0;0;White;No;0;16-19;Bicyclist Ride Out - Sign-Controlled Intersection;None;No;No;Dry;0;Urban;No;27APR2011;0;20:03;Male;No;Residential;B: Evident Injury;Yes;O: No Injury;2929;April;0;Straight - Level;Coastal;With Traffic;Stop Sign;Wednesday;Intersection;19;0;Two-Way, Not Divided;2 lanes;0;#NULL!;#NULL!;Coarse Asphalt;#NULL!;No Special Feature;Bicyclist Failed to Yield - Sign-Controlled Intersection;Local Street;B: Evident Injury;Robeson;53;Cloudy;#NULL!;41-45 mph;40 - 45  MPH;2011;Daylight;50-59
35.9470470974, -79.1304027669;"{""type"": ""Point"", ""coordinates"": [-79.13040276686905, 35.94704709739767]}";White;None - Rural Crash;Travel Lane;2;17;Rural (<30% Developed);Female;Passenger Car;0;#NULL!;0;0;Black;No;0;20-24;Motorist Right Turn - Same Direction;None;No;No;Dry;0;Rural;No;14APR2011;0;17:26;Female;No;Farms, Woods, Pastures;A: Disabling Injury;Yes;O: No Injury;2931;April;0;Straight - Grade;Piedmont;With Traffic;Double Yellow Line, No Passing Zone;Thursday;Intersection;23;0;Two-Way, Not Divided;2 lanes;0;#NULL!;#NULL!;Smooth Asphalt;#NULL!;T-Intersection;Motorist Right Turn / Merge;State Secondary Route;A: Disabling Injury;Orange;25;Clear;#NULL!;41-45 mph;50 - 55  MPH;2011;Daylight;25-29
36.017797119, -78.9578027183;"{""type"": ""Point"", ""coordinates"": [-78.95780271832736, 36.017797118972304]}";White;Durham;Bike Lane / Paved Shoulder;2;7;Urban (>70% Developed);Male;Passenger Car;0;#NULL!;0;0;Unknown/Missing;No;0;20-24;Motorist Right Turn - Same Direction;None;No;No;Dry;0;Urban;Yes;27APR2011;0;7:14;Unknown;Missing;Residential;O: No Injury;No;Unknown Injury;2934;April;0;Straight - Level;Piedmont;With Traffic;No Control Present;Wednesday;Non-Intersection;21;0;Two-Way, Not Divided;2 lanes;0;#NULL!;#NULL!;Coarse Asphalt;#NULL!;No Special Feature;Motorist Right Turn / Merge;Local Street;O: No Injury;Durham;Unknown;Clear;#NULL!;26-30 mph;30 - 35  MPH;2011;Daylight;Unknown
34.2138667663, -77.8058022784;"{""type"": ""Point"", ""coordinates"": [-77.80580227842272, 34.21386676629218]}";White;Wrightsville Beach;Travel Lane;2;13;Urban (>70% Developed);Male;Van;0;#NULL!;0;0;White;No;0;30-39;Motorist Drive Out - Commercial Driveway / Alley;None;No;No;Dry;0;Rural;No;18APR2011;0;13:40;Male;No;Residential;O: No Injury;No;O: No Injury;2936;April;0;Straight - Level;Coastal;Facing Traffic;Stop Sign;Monday;Non-Intersection;30;0;Two-Way, Divided, Unprotected Median;5 lanes;0;#NULL!;#NULL!;Coarse Asphalt;#NULL!;T-Intersection;Motorist Failed to Yield - Midblock;US Route;Unknown Injury;New Hanover;26;Clear;#NULL!;Unknown;5 - 15 MPH;2011;Daylight;25-29
36.0871471351, -78.912902708;"{""type"": ""Point"", ""coordinates"": [-78.91290270800489, 36.087147135114186]}";White;None - Rural Crash;Travel Lane;2;13;Mixed (30% To 70% Developed);Male;Van;0;#NULL!;0;0;White;No;0;50-59;Bicyclist Overtaking - Passing on Right;Work Zone;No;No;Dry;0;Rural;No;29APR2011;0;13:01;Female;No;Farms, Woods, Pastures;C: Possible Injury;No;O: No Injury;2939;April;0;Straight - Level;Piedmont;With Traffic;Double Yellow Line, No Passing Zone;Friday;Non-Intersection;54;0;Two-Way, Not Divided;2 lanes;0;#NULL!;#NULL!;Smooth Asphalt;#NULL!;No Special Feature;Bicyclist Overtaking Motorist;NC Route;C: Possible Injury;Durham;68;Clear;#NULL!;46-50 mph;50 - 55  MPH;2011;Daylight;60-69
36.3090071427, -79.9934030468;"{""type"": ""Point"", ""coordinates"": [-79.99340304682062, 36.30900714272626]}";White;None - Rural Crash;Travel Lane;2;13;Rural (<30% Developed);Male;Passenger Car;0;#NULL!;0;0;White;No;0;30-39;Bicyclist Right Turn - Same Direction;None;No;No;Dry;0;Rural;No;01MAY2011;0;13:41;Male;No;Farms, Woods, Pastures;O: No Injury;No;O: No Injury;2942;May;0;Straight - Level;Piedmont;With Traffic;Double Yellow Line, No Passing Zone;Sunday;Intersection;37;0;Two-Way, Not Divided;2 lanes;0;#NULL!;#NULL!;Smooth Asphalt;#NULL!;T-Intersection;Bicyclist Right Turn / Merge;State Secondary Route;O: No Injury;Rockingham;38;Cloudy;#NULL!;6-10 mph;50 - 55  MPH;2011;Daylight;30-39
35.264296877, -81.2004033502;"{""type"": ""Point"", ""coordinates"": [-81.20040335016901, 35.264296876958014]}";White;Gastonia;Travel Lane;2;14;Urban (>70% Developed);Male;Passenger Car;0;#NULL!;0;0;Black;No;0;16-19;Signalized Intersection - Other / Unknown;None;No;No;Dry;0;Urban;No;15APR2011;0;14:51;Male;No;Commercial;B: Evident Injury;Yes;O: No Injury;2945;April;0;Straight - Grade;Piedmont;With Traffic;Stop And Go Signal;Friday;Intersection;18;0;Two-Way, Not Divided;3 lanes;0;#NULL!;#NULL!;Smooth Asphalt;#NULL!;Four-Way Intersection;Crossing Paths - Other Circumstances;State Secondary Route;B: Evident Injury;Gaston;47;Cloudy;#NULL!;26-30 mph;30 - 35  MPH;2011;Daylight;40-49
33.9811166956, -78.3721024386;"{""type"": ""Point"", ""coordinates"": [-78.3721024386286, 33.98111669557227]}";White;None - Rural Crash;Non-Roadway;3;18;Urban (>70% Developed);Male;Van;0;#NULL!;0;0;White;No;0;16-19;Non-Roadway;None;No;No;Dry;0;Rural;No;20APR2011;0;18:30;Male;No;Commercial;O: No Injury;Yes;O: No Injury;2946;April;0;Straight - Level;Coastal;Not Applicable;No Control Present;Wednesday;Non-Roadway;16;0;Unknown;Unknown;0;#NULL!;#NULL!;Coarse Asphalt;#NULL!;No Special Feature;Non-Roadway;Public Vehicular Area;O: No Injury;Brunswick;66;Clear;#NULL!;0-5 mph;Unknown;2011;Daylight;60-69
35.4715070565, -77.3906022141;"{""type"": ""Point"", ""coordinates"": [-77.39060221410337, 35.47150705646764]}";White;None - Rural Crash;Travel Lane;2;19;Rural (<30% Developed);Male;Pickup;0;#NULL!;0;0;White;No;0;40-49;Motorist Overtaking - Other / Unknown;None;No;No;Dry;0;Rural;No;29APR2011;0;19:12;Male;No;Farms, Woods, Pastures;A: Disabling Injury;Yes;O: No Injury;2948;April;0;Straight - Level;Coastal;With Traffic;No Control Present;Friday;Non-Intersection;45;0;Two-Way, Not Divided;2 lanes;0;#NULL!;#NULL!;Coarse Asphalt;#NULL!;No Special Feature;Motorist Overtaking Bicyclist;NC Route;A: Disabling Injury;Pitt;57;Clear;#NULL!;41-45 mph;50 - 55  MPH;2011;Daylight;50-59
34.2461867696, -77.9007023091;"{""type"": ""Point"", ""coordinates"": [-77.90070230914934, 34.24618676964296]}";Black;Wilmington;Travel Lane;2;17;Urban (>70% Developed);Male;Unknown;0;#NULL!;0;0;Unknown/Missing;No;0;0-5;Motorist Overtaking - Other / Unknown;None;No;No;Dry;0;Urban;Yes;17APR2011;0;17:09;Unknown;Missing;Residential;B: Evident Injury;Yes;Unknown Injury;2954;April;0;Straight - Level;Coastal;With Traffic;No Control Present;Sunday;Intersection-Related;5;0;Two-Way, Not Divided;2 lanes;0;#NULL!;#NULL!;Coarse Asphalt;#NULL!;No Special Feature;Motorist Overtaking Bicyclist;Local Street;B: Evident Injury;New Hanover;Unknown;Clear;#NULL!;Unknown;20 - 25  MPH;2011;Daylight;Unknown
36.127567093, -80.3002031291;"{""type"": ""Point"", ""coordinates"": [-80.30020312911174, 36.12756709304249]}";White;Winston-Salem;Travel Lane;2;13;Urban (>70% Developed);Male;Sport Utility;0;#NULL!;0;0;White;No;0;20-24;Motorist Left Turn - Opposite Direction;None;No;No;Wet;0;Urban;No;27APR2011;0;13:43;Female;No;Residential;B: Evident Injury;Yes;O: No Injury;2966;April;0;Straight - Level;Piedmont;With Traffic;No Control Present;Wednesday;Non-Intersection;21;0;Two-Way, Not Divided;2 lanes;0;#NULL!;#NULL!;Coarse Asphalt;#NULL!;Driveway, Private;Motorist Left Turn / Merge;Local Street;B: Evident Injury;Forsyth;25;Rain;#NULL!;0-5 mph;30 - 35  MPH;2011;Daylight;25-29
35.4738368533, -82.9860038902;"{""type"": ""Point"", ""coordinates"": [-82.9860038901528, 35.47383685325221]}";White;Waynesville;Non-Roadway;2;19;Urban (>70% Developed);Female;Pickup;0;#NULL!;0;0;Native American;No;0;16-19;Crossing Paths - Uncontrolled Intersection;None;No;No;Dry;0;Urban;No;07APR2011;0;19:35;Female;No;Residential;C: Possible Injury;Yes;O: No Injury;2970;April;0;Straight - Level;Mountains;Not Applicable;No Control Present;Thursday;Intersection-Related;17;0;Two-Way, Not Divided;2 lanes;0;#NULL!;#NULL!;Smooth Asphalt;#NULL!;No Special Feature;Crossing Paths - Other Circumstances;Local Street;C: Possible Injury;Haywood;43;Clear;#NULL!;11-15 mph;20 - 25  MPH;2011;Daylight;40-49
35.6341870557, -78.440502541;"{""type"": ""Point"", ""coordinates"": [-78.44050254100308, 35.63418705568711]}";White;Clayton;Travel Lane;2;18;Mixed (30% To 70% Developed);Male;Pickup;0;#NULL!;0;0;White;No;0;0-5;Bicyclist Ride Out - Other Midblock;None;No;No;Dry;0;Urban;No;26APR2011;0;18:14;Male;No;Residential;B: Evident Injury;Yes;O: No Injury;2973;April;0;Straight - Level;Coastal;Unknown;No Control Present;Tuesday;Non-Intersection;5;0;Two-Way, Not Divided;2 lanes;0;#NULL!;#NULL!;Smooth Asphalt;#NULL!;No Special Feature;Bicyclist Failed to Yield - Midblock;Local Street;B: Evident Injury;Johnston;33;Cloudy;#NULL!;6-10 mph;20 - 25  MPH;2011;Daylight;30-39
35.7809070802, -78.6297026057;"{""type"": ""Point"", ""coordinates"": [-78.62970260574761, 35.78090708024608]}";Black;Raleigh;Travel Lane;2;17;Urban (>70% Developed);Male;Passenger Car;0;#NULL!;0;0;Black;No;0;40-49;Bicyclist Turning Error - Left Turn;None;No;No;Dry;0;Urban;No;03MAY2011;0;17:53;Female;No;Residential;C: Possible Injury;Yes;O: No Injury;2977;May;0;Straight - Level;Piedmont;Facing Traffic;Stop And Go Signal;Tuesday;Intersection-Related;48;0;One-Way, Not Divided;3 lanes;0;#NULL!;#NULL!;Smooth Asphalt;#NULL!;No Special Feature;Loss of Control / Turning Error;Local Street;C: Possible Injury;Wake;63;Clear;#NULL!;31-35 mph;30 - 35  MPH;2011;Daylight;60-69
35.8071470789, -78.812102663;"{""type"": ""Point"", ""coordinates"": [-78.81210266301039, 35.807147078918426]}";White;Morrisville;Travel Lane;2;11;Urban (>70% Developed);Male;Sport Utility;0;#NULL!;0;0;Black;Yes;0;25-29;Motorist Drive Out - Commercial Driveway / Alley;Work Zone;No;No;Dry;0;Urban;No;11MAY2011;0;11:56;Male;No;Commercial;C: Possible Injury;Yes;O: No Injury;2988;May;0;Straight - Level;Piedmont;Facing Traffic;No Control Present;Wednesday;Non-Intersection;29;0;Two-Way, Not Divided;3 lanes;0;#NULL!;#NULL!;Smooth Asphalt;#NULL!;T-Intersection;Motorist Failed to Yield - Midblock;NC Route;C: Possible Injury;Wake;59;Clear;#NULL!;0-5 mph;40 - 45  MPH;2011;Daylight;50-59