Geo Point;Geo Shape;BikeRace;City;BikePos;NumUnits;CrashHour;Locality;BikeSex;DrvrVehTyp;NumBikesNo;BikeAlcDrg;NumBikesBI;RteInvdCd;DrvrRace;Workzone;NumBikesCi;BikeAgeGrp;CrashType;RdDefects;CrashAlcoh;BikeAlcoho;RdConditio;DstncMiFrm;RuralUrban;HitRun;CrashDate;NumBikesUI;CrashTime;DrvrSex;DrvrAlcoho;Developmen;CrashSevr;AmbulanceR;DrvrInjury;OBJECTID;CrashMonth;NumBikesKi;RdCharacte;Region;BikeDir;TraffCntrl;CrashDay;CrashLoc;BikeAge;NumBikesTo;RdConfig;NumLanes;NumBikesAI;DrvrAlcDrg;OnRoad;RdSurface;Towrd_Rd;RdFeature;CrashGrp;RdClass;BikeInjury;County;DrvrAge;Weather;FrmRd;DrvrEstSpd;SpeedLimit;CrashYear;LightCond;DrvrAgeGrp
35.2310168832, -80.8377032407;"{""type"": ""Point"", ""coordinates"": [-80.83770324069594, 35.231016883189206]}";White;Charlotte;Sidewalk / Crosswalk / Driveway Crossing;2;14;Urban (>70% Developed);Male;Passenger Car;0;#NULL!;0;0;White;No;0;30-39;Motorist Drive Out - Other Midblock;None;No;No;Dry;0;Urban;No;06MAY2011;0;14:01;Female;No;Commercial;C: Possible Injury;Yes;O: No Injury;2993;May;0;Straight - Level;Piedmont;Facing Traffic;No Control Present;Friday;Non-Intersection;34;0;Two-Way, Not Divided;2 lanes;0;#NULL!;#NULL!;Smooth Asphalt;#NULL!;No Special Feature;Motorist Failed to Yield - Midblock;Local Street;C: Possible Injury;Mecklenburg;30;Clear;#NULL!;0-5 mph;5 - 15 MPH;2011;Daylight;30-39
35.255306887, -80.8739032527;"{""type"": ""Point"", ""coordinates"": [-80.87390325271778, 35.255306887022726]}";White;Charlotte;Travel Lane;2;19;Urban (>70% Developed);Male;Pickup;0;#NULL!;0;0;Black;No;0;25-29;Motorist Right Turn - Same Direction;None;No;No;Dry;0;Urban;No;11MAY2011;0;19:36;Female;No;Residential;B: Evident Injury;No;O: No Injury;2997;May;0;Straight - Level;Piedmont;With Traffic;No Control Present;Wednesday;Intersection;28;0;Two-Way, Not Divided;2 lanes;0;#NULL!;#NULL!;Smooth Asphalt;#NULL!;No Special Feature;Motorist Right Turn / Merge;Local Street;B: Evident Injury;Mecklenburg;65;Clear;#NULL!;31-35 mph;30 - 35  MPH;2011;Daylight;60-69
35.1907868736, -80.8663032469;"{""type"": ""Point"", ""coordinates"": [-80.86630324692662, 35.19078687356412]}";Hispanic;Charlotte;Unknown;2;17;Urban (>70% Developed);Male;Sport Utility;0;#NULL!;0;0;Hispanic;No;0;6-10;Crossing Paths - Intersection - Other / Unknown;None;No;No;Dry;0;Urban;No;12MAY2011;0;17:19;Female;No;Residential;C: Possible Injury;No;O: No Injury;2998;May;0;Straight - Level;Piedmont;Not Applicable;No Control Present;Thursday;Intersection-Related;6;0;Two-Way, Not Divided;2 lanes;0;#NULL!;#NULL!;Smooth Asphalt;#NULL!;No Special Feature;Crossing Paths - Other Circumstances;Local Street;C: Possible Injury;Mecklenburg;47;Clear;#NULL!;26-30 mph;30 - 35  MPH;2011;Daylight;40-49
35.3972769181, -80.8640032575;"{""type"": ""Point"", ""coordinates"": [-80.86400325750807, 35.397276918063454]}";White;Huntersville;Bike Lane / Paved Shoulder;2;11;Mixed (30% To 70% Developed);Male;Pickup;0;#NULL!;0;0;Black;No;0;40-49;Motorist Right Turn - Same Direction;None;No;No;Dry;0;Urban;No;11MAY2011;0;11:41;Male;No;Commercial;B: Evident Injury;Yes;O: No Injury;2999;May;0;Straight - Grade;Piedmont;With Traffic;No Control Present;Wednesday;Non-Intersection;44;0;Two-Way, Not Divided;5 lanes;0;#NULL!;#NULL!;Smooth Asphalt;#NULL!;No Special Feature;Motorist Right Turn / Merge;Local Street;B: Evident Injury;Mecklenburg;32;Cloudy;#NULL!;21-25 mph;30 - 35  MPH;2011;Daylight;30-39
35.0258739776, -76.8174520166;"{""type"": ""Point"", ""coordinates"": [-76.81745201662626, 35.025873977634625]}";White;None - Rural Crash;Travel Lane;2;16;Rural (<30% Developed);Male;Passenger Car;0;No;1;40001301;Black;No;0;70+;Motorist Right Turn - Same Direction;None;No;#NULL!;Dry;0;Rural;No;15JAN2014;0;16:22;Female;#NULL!;Farms, Woods, Pastures;B: Evident Injury;Yes;O: No Injury;8;January;0;Straight - Level;Coastal;With Traffic;Double Yellow Line, No Passing Zone;Wednesday;Intersection;70+;1;Two-Way, Not Divided;2 lanes;0;No;SR 1301;Smooth Asphalt;306;T-Intersection;Motorist Right Turn / Merge;State Secondary Route;B: Evident Injury;Pamlico;70+;Clear;1005;6-10 mph;50 - 55  MPH;2014;Daylight;70+
35.3155318941, -81.0305533024;"{""type"": ""Point"", ""coordinates"": [-81.03055330236444, 35.315531894095976]}";White;None - Rural Crash;Bike Lane / Paved Shoulder;2;20;Mixed (30% To 70% Developed);Male;Pickup;0;No;1;40001923;Black;No;0;25-29;Bicyclist Lost Control - Other / Unknown;None;No;#NULL!;Wet;0.6;Rural;No;10JAN2014;0;20:50;Male;#NULL!;Residential;B: Evident Injury;Yes;O: No Injury;9;January;0;Curve - Level;Piedmont;With Traffic;Double Yellow Line, No Passing Zone;Friday;Non-Intersection;26;1;Two-Way, Not Divided;2 lanes;0;No;SR 1923;Smooth Asphalt;1934;No Special Feature;Loss of Control / Turning Error;State Secondary Route;B: Evident Injury;Gaston;60;Cloudy;1924;31-35 mph;30 - 35  MPH;2014;Dark - Roadway Not Lighted;60-69
35.7781970789, -78.6381026082;"{""type"": ""Point"", ""coordinates"": [-78.63810260822078, 35.77819707889516]}";Black;Raleigh;Travel Lane;2;14;Urban (>70% Developed);Male;Single Unit Truck (2-Axle, 6-Tire);1;No;0;50033178;Black;No;0;16-19;Parallel Paths - Other / Unknown;None;No;#NULL!;Dry;0;Urban;No;10FEB2014;0;14:10;Male;#NULL!;Commercial;O: No Injury;No;O: No Injury;24;February;0;Straight - Level;Piedmont;With Traffic;Stop And Go Signal;Monday;Intersection;17;1;One-Way, Not Divided;2 lanes;0;No;S WILMINGTON ST;Smooth Asphalt;S BLOUNT ST;Four-Way Intersection;Parallel Paths - Other Circumstances;Local Street;O: No Injury;Wake;50;Clear;E HARGETT ST;11-15 mph;30 - 35  MPH;2014;Daylight;50-59
35.7186350917, -77.9028573822;"{""type"": ""Point"", ""coordinates"": [-77.90285738216406, 35.71863509173075]}";Black;Wilson;Travel Lane;2;21;Urban (>70% Developed);Male;Passenger Car;0;Yes-Alcohol,  impairment suspected;1;50021029;Black;No;0;40-49;Bicylist Lost Control - Alcohol / Drug Impairment;None;Yes;#NULL!;Wet;0;Urban;No;11JAN2014;0;21:08;Male;#NULL!;Residential;B: Evident Injury;Yes;O: No Injury;35;January;0;Straight - Level;Coastal;Facing Traffic;No Control Present;Saturday;Non-Intersection;42;1;Two-Way, Not Divided;2 lanes;0;No;NASH ST SE;Coarse Asphalt;VICK ST;No Special Feature;Loss of Control / Turning Error;Local Street;B: Evident Injury;Wilson;24;Clear;EAST ST;6-10 mph;30 - 35  MPH;2014;Dark - Unknown Lighting;20-24
35.8210210905, -78.5918625964;"{""type"": ""Point"", ""coordinates"": [-78.5918625964156, 35.821021090454]}";Black;Raleigh;Sidewalk / Crosswalk / Driveway Crossing;2;20;Urban (>70% Developed);Male;Sport Utility;0;No;0;20000001;Black;No;1;11-15;Motorist Left Turn - Opposite Direction;None;No;#NULL!;Dry;0;Urban;No;04JAN2014;0;20:50;Female;#NULL!;Commercial;C: Possible Injury;Yes;O: No Injury;45;January;0;Straight - Grade;Piedmont;With Traffic;Human Control;Saturday;Intersection;15;1;Two-Way, Not Divided;3 lanes;0;No;CAPITAL BLVD;Smooth Asphalt;MAYFLOWER DR;T-Intersection;Motorist Left Turn / Merge;Local Street;C: Possible Injury;Wake;56;Clear;HUNTLEIGH DR;41-45 mph;40 - 45  MPH;2014;Dark - Lighted Roadway;50-59
34.7499538979, -77.3875021769;"{""type"": ""Point"", ""coordinates"": [-77.38750217693378, 34.749953897928194]}";Black;Jacksonville;Travel Lane;2;6;Urban (>70% Developed);Male;Passenger Car;0;No;0;40001308;White;No;0;30-39;Bicyclist Ride Out - Other Midblock;None;No;#NULL!;Dry;0.056;Urban;No;03FEB2014;0;6:00;Female;#NULL!;Commercial;A: Disabling Injury;Yes;O: No Injury;51;February;0;Straight - Level;Coastal;Not Applicable;No Control Present;Monday;Non-Intersection;35;1;Two-Way, Not Divided;4 lanes;1;No;BELL FORK RD;Smooth Asphalt;WHITE ST;No Special Feature;Bicyclist Failed to Yield - Midblock;Local Street;A: Disabling Injury;Onslow;63;Fog, Smog, Smoke;BRYNN MARR RD;31-35 mph;30 - 35  MPH;2014;Dark - Lighted Roadway;60-69
35.7845910803, -78.6489666125;"{""type"": ""Point"", ""coordinates"": [-78.64896661245423, 35.78459108025403]}";White;Raleigh;Travel Lane;2;10;Urban (>70% Developed);Male;Passenger Car;0;No;1;50003400;Black;No;0;30-39;Bicyclist Overtaking - Extended Door;None;No;#NULL!;Dry;0.022;Urban;No;02MAR2014;0;10:47;Female;#NULL!;Residential;B: Evident Injury;Yes;O: No Injury;54;March;0;Straight - Bottom;Piedmont;With Traffic;No Control Present;Sunday;Non-Intersection;32;1;Two-Way, Not Divided;2 lanes;0;Missing;N BOYLAN AVE;Smooth Asphalt;W NORTH ST;No Special Feature;Bicyclist Overtaking Motorist;Local Street;B: Evident Injury;Wake;26;Clear;W LANE ST;0-5 mph;20 - 25  MPH;2014;Daylight;25-29
35.2598788757, -81.2142973541;"{""type"": ""Point"", ""coordinates"": [-81.21429735405223, 35.25987887567966]}";Black;Gastonia;Travel Lane;2;13;Urban (>70% Developed);Female;Sport Utility;0;No;0;20000029;Black;No;1;6-10;Multiple Threat - Sign-Controlled Intersection;None;No;#NULL!;Dry;0;Urban;No;22FEB2014;0;13:21;Female;#NULL!;Commercial;C: Possible Injury;Yes;O: No Injury;59;February;0;Straight - Level;Piedmont;Not Applicable;Stop Sign;Saturday;Intersection;9;1;Two-Way, Divided, Unprotected Median;5 lanes;0;No;W FRANKLIN BLVD;Coarse Asphalt;W GARRISON BLVD;T-Intersection;Bicyclist Failed to Yield - Sign-Controlled Intersection;US Route;C: Possible Injury;Gaston;64;Clear;WASHINGTON ST;6-10 mph;40 - 45  MPH;2014;Daylight;60-69
35.3102268787, -81.4293534206;"{""type"": ""Point"", ""coordinates"": [-81.42935342063494, 35.31022687865782]}";White;None - Rural Crash;Travel Lane;2;15;Urban (>70% Developed);Male;Unknown;0;No;0;40001001;Unknown/Missing;No;0;50-59;Motorist Overtaking - Other / Unknown;None;No;#NULL!;Dry;0.2;Rural;Yes;27JAN2014;0;15:07;Unknown;#NULL!;Residential;A: Disabling Injury;Yes;Unknown Injury;64;January;0;Straight - Level;Mountains;With Traffic;Double Yellow Line, No Passing Zone;Monday;Non-Intersection;50;1;Two-Way, Not Divided;2 lanes;1;Unknown;SR 1001;Smooth Asphalt;2159;No Special Feature;Motorist Overtaking Bicyclist;State Secondary Route;A: Disabling Injury;Cleveland;Unknown;Clear;2072;41-45 mph;40 - 45  MPH;2014;Daylight;Unknown
35.8025540833, -78.6597526162;"{""type"": ""Point"", ""coordinates"": [-78.65975261621995, 35.802554083327124]}";White;Raleigh;Travel Lane;2;20;Urban (>70% Developed);Male;Passenger Car;0;No;0;0;White;No;1;30-39;Motorist Overtaking - Other / Unknown;None;No;#NULL!;Dry;0.006;Urban;No;08MAR2014;0;20:33;Female;#NULL!;Commercial;C: Possible Injury;No;O: No Injury;67;March;0;Straight - Level;Piedmont;With Traffic;No Control Present;Saturday;Intersection-Related;36;1;Two-Way, Divided, Unprotected Median;2 lanes;0;No;CHESTER RD;Smooth Asphalt;OBERLIN RD;No Special Feature;Motorist Overtaking Bicyclist;Local Street;C: Possible Injury;Wake;70+;Clear;GRANT AVE;16-20 mph;20 - 25  MPH;2014;Dark - Lighted Roadway;70+
35.3179469404, -79.7613529232;"{""type"": ""Point"", ""coordinates"": [-79.761352923239, 35.317946940439654]}";Hispanic;None - Rural Crash;Travel Lane;2;22;Rural (<30% Developed);Male;Passenger Car;0;Unknown;0;21000220;Black;No;0;20-24;Bicyclist Left Turn - Same Direction;None;No;#NULL!;Dry;0;Rural;No;15MAR2014;0;22:03;Female;#NULL!;Farms, Woods, Pastures;A: Disabling Injury;Yes;O: No Injury;75;March;0;Curve - Level;Piedmont;With Traffic;Double Yellow Line, No Passing Zone;Saturday;Non-Intersection;23;1;Two-Way, Not Divided;2 lanes;1;No;220;Smooth Asphalt;ROUSE STREET;No Special Feature;Bicyclist Left Turn / Merge;US Route;A: Disabling Injury;Montgomery;26;Cloudy;1500;51-55 mph;50 - 55  MPH;2014;Dark - Roadway Not Lighted;25-29
35.7640150769, -78.6314326059;"{""type"": ""Point"", ""coordinates"": [-78.63143260585832, 35.76401507685552]}";White;Raleigh;Travel Lane;2;19;Urban (>70% Developed);Male;Passenger Car;0;No;1;50011494;Hispanic;No;0;40-49;Motorist Left Turn - Opposite Direction;None;Yes;#NULL!;Dry;0;Urban;No;19MAR2014;0;19:52;Male;#NULL!;Residential;B: Evident Injury;No;O: No Injury;77;March;0;Straight - Level;Piedmont;With Traffic;No Control Present;Wednesday;Intersection;42;1;Two-Way, Not Divided;2 lanes;0;Yes-Alcohol,  impairment suspected;GARNER RD;Smooth Asphalt;BRAGG ST;T-Intersection;Motorist Left Turn / Merge;Local Street;B: Evident Injury;Wake;43;Cloudy;MCMAKIN ST;6-10 mph;30 - 35  MPH;2014;Dark - Lighted Roadway;40-49
35.2105968844, -80.6991991982;"{""type"": ""Point"", ""coordinates"": [-80.69919919822337, 35.210596884377814]}";White;Charlotte;Travel Lane;2;13;Urban (>70% Developed);Female;Passenger Car;0;No;1;50000328;Black;No;0;20-24;Crossing Paths - Uncontrolled Intersection;None;No;#NULL!;Dry;0.002;Urban;No;24MAR2014;0;13:19;Female;#NULL!;Residential;B: Evident Injury;Yes;O: No Injury;85;March;0;Straight - Level;Piedmont;Unknown;No Control Present;Monday;Intersection-Related;21;1;Two-Way, Divided, Unprotected Median;5 lanes;0;No;ALBEMARLE RD;Smooth Asphalt;HOLLIROSE DR;T-Intersection;Crossing Paths - Other Circumstances;Local Street;B: Evident Injury;Mecklenburg;29;Clear;OLDE SAVANNAH RD;41-45 mph;40 - 45  MPH;2014;Daylight;25-29
35.9937370754, -80.0149430365;"{""type"": ""Point"", ""coordinates"": [-80.01494303646386, 35.99373707536998]}";White;High Point;Sidewalk / Crosswalk / Driveway Crossing;2;14;Urban (>70% Developed);Male;Unknown;0;No;0;40001896;Unknown/Missing;No;1;16-19;Motorist Drive Out - Sign-Controlled Intersection;None;No;#NULL!;Dry;0;Urban;Yes;20FEB2014;0;14:52;Unknown;#NULL!;Residential;C: Possible Injury;Yes;Unknown Injury;86;February;0;Straight - Grade;Piedmont;Facing Traffic;Stop Sign;Thursday;Intersection;18;1;Two-Way, Divided, Unprotected Median;4 lanes;0;Missing;HARTLEY DR;Smooth Asphalt;WINDCHASE CT;T-Intersection;Motorist Failed to Yield - Sign-Controlled Intersection;Local Street;C: Possible Injury;Guilford;Unknown;Clear;JAMES RD;Unknown;40 - 45  MPH;2014;Daylight;Unknown
35.5777698909, -82.5823437779;"{""type"": ""Point"", ""coordinates"": [-82.58234377788925, 35.577769890939265]}";White;Asheville;Travel Lane;2;0;Urban (>70% Developed);Male;Passenger Car;0;No;0;40003548;Black;No;1;30-39;Motorist Left Turn - Opposite Direction;None;No;#NULL!;Dry;0;Urban;No;23FEB2014;0;0:11;Male;#NULL!;Commercial;C: Possible Injury;No;O: No Injury;88;February;0;Straight - Level;Mountains;With Traffic;Stop And Go Signal;Sunday;Intersection;30;1;Two-Way, Not Divided;3 lanes;0;No;HANOVER;Smooth Asphalt;PENNYSLVANIA AVE;Four-Way Intersection;Motorist Left Turn / Merge;Local Street;C: Possible Injury;Buncombe;40;Clear;HAYWOOD RD;0-5 mph;20 - 25  MPH;2014;Dark - Lighted Roadway;40-49
35.0759839189, -78.8977026503;"{""type"": ""Point"", ""coordinates"": [-78.89770265026692, 35.07598391887907]}";Black;Fayetteville;Travel Lane;2;11;Urban (>70% Developed);Male;Sport Utility;0;No;1;50017052;Black;No;0;50-59;Motorist Drive Out - Right Turn on Red;None;No;#NULL!;Dry;0;Urban;No;25FEB2014;0;11:10;Female;#NULL!;Commercial;B: Evident Injury;Yes;O: No Injury;89;February;0;Straight - Level;Coastal;With Traffic;Stop And Go Signal;Tuesday;Intersection;50;1;Two-Way, Not Divided;4 lanes;0;No;LANGDON ST;Coarse Asphalt;LAKELAND ST;No Special Feature;Motorist Failed to Yield - Signalized Intersection;Local Street;B: Evident Injury;Cumberland;19;Clear;MURCHISON RD;31-35 mph;30 - 35  MPH;2014;Daylight;0-19
35.590706897, -82.496768753;"{""type"": ""Point"", ""coordinates"": [-82.49676875301179, 35.59070689697875]}";White;Asheville;Driveway / Alley;2;17;Urban (>70% Developed);Male;Passenger Car;0;No;1;0;White;No;0;16-19;Bicyclist Lost Control - Mechanical Problems;None;No;#NULL!;Dry;0.005;Urban;No;02MAR2014;0;17:18;Female;#NULL!;Residential;B: Evident Injury;No;O: No Injury;93;March;0;Curve - Level;Mountains;Not Applicable;No Control Present;Sunday;Intersection-Related;17;1;Two-Way, Not Divided;2 lanes;0;No;CAMPGROUND RD;Coarse Asphalt;BULL MOUNTAIN RD;No Special Feature;Loss of Control / Turning Error;Local Street;B: Evident Injury;Buncombe;55;Clear;GOVERNORS VIEW RD;21-25 mph;30 - 35  MPH;2014;Daylight;50-59
36.134929149, -78.8111826801;"{""type"": ""Point"", ""coordinates"": [-78.81118268013505, 36.134929149033795]}";White;None - Rural Crash;Travel Lane;2;13;Mixed (30% To 70% Developed);Male;Passenger Car;0;No;1;40001004;Black;No;0;50-59;Motorist Drive Out - Sign-Controlled Intersection;None;No;#NULL!;Wet;0.5;Rural;No;17MAR2014;0;13:10;Male;#NULL!;Institutional;B: Evident Injury;Yes;O: No Injury;110;March;0;Straight - Level;Piedmont;With Traffic;Stop Sign;Monday;Intersection;57;1;Two-Way, Not Divided;2 lanes;0;No;SR 1004;Smooth Asphalt;GRANVILLE;Driveway, Private;Motorist Failed to Yield - Sign-Controlled Intersection;State Secondary Route;B: Evident Injury;Durham;42;Cloudy;1624;0-5 mph;5 - 15 MPH;2014;Daylight;40-49
35.1814269503, -78.6602025843;"{""type"": ""Point"", ""coordinates"": [-78.66020258429559, 35.181426950304306]}";White;None - Rural Crash;Travel Lane;2;17;Mixed (30% To 70% Developed);Male;Passenger Car;0;No;1;40001811;White;No;0;11-15;Motorist Overtaking - Bicyclist Swerved;None;No;#NULL!;Dry;0.1;Rural;No;01APR2014;0;17:49;Female;#NULL!;Residential;B: Evident Injury;No;O: No Injury;119;April;0;Straight - Level;Coastal;With Traffic;No Control Present;Tuesday;Non-Intersection;13;1;Two-Way, Not Divided;2 lanes;0;No;SR 1811;Coarse Asphalt;1819;Driveway, Private;Motorist Overtaking Bicyclist;State Secondary Route;B: Evident Injury;Cumberland;52;Clear;1806;31-35 mph;50 - 55  MPH;2014;Daylight;50-59
35.338946846, -82.4427337227;"{""type"": ""Point"", ""coordinates"": [-82.44273372271302, 35.33894684603988]}";White;Hendersonville;Travel Lane;2;13;Urban (>70% Developed);Female;Sport Utility;0;No;1;20000064;White;No;0;30-39;Motorist Overtaking - Undetected Bicyclist;None;No;#NULL!;Dry;0.11;Urban;No;03APR2014;0;13:45;Female;#NULL!;Commercial;B: Evident Injury;Yes;O: No Injury;124;April;0;Straight - Grade;Mountains;With Traffic;No Control Present;Thursday;Non-Intersection;32;1;Two-Way, Divided, Positive Median Barrier;4 lanes;0;No;64;Coarse Asphalt;26;No Special Feature;Motorist Overtaking Bicyclist;US Route;B: Evident Injury;Henderson;57;Clear;ORRS CAMP RD;31-35 mph;40 - 45  MPH;2014;Daylight;50-59
35.8678170988, -78.621852608;"{""type"": ""Point"", ""coordinates"": [-78.6218526080316, 35.86781709883092]}";Hispanic;Raleigh;Travel Lane;2;20;Urban (>70% Developed);Male;Passenger Car;0;No;0;40002015;White;No;1;40-49;Motorist Drive Out - Commercial Driveway / Alley;None;No;#NULL!;Dry;0.057;Urban;No;10APR2014;0;20:23;Female;#NULL!;Commercial;C: Possible Injury;Yes;O: No Injury;130;April;0;Straight - Level;Piedmont;Facing Traffic;Stop Sign;Thursday;Non-Intersection;42;1;Two-Way, Not Divided;5 lanes;0;No;SPRING FOREST RD;Smooth Asphalt;RIDGEFIELD DR;No Special Feature;Motorist Failed to Yield - Midblock;Local Street;C: Possible Injury;Wake;34;Clear;FALL OF NEUSE RD;0-5 mph;40 - 45  MPH;2014;Dark - Lighted Roadway;30-39
35.7383870713, -78.6296626044;"{""type"": ""Point"", ""coordinates"": [-78.6296626043853, 35.73838707133794]}";Black;Raleigh;Non-Roadway;2;17;Urban (>70% Developed);Female;Passenger Car;1;No;0;0;Unknown/Missing;No;0;20-24;Non-Roadway;None;No;#NULL!;Dry;0.002;Urban;No;17APR2014;0;17:07;Unknown;#NULL!;Residential;O: No Injury;Yes;Unknown Injury;142;April;0;Straight - Level;Piedmont;Not Applicable;No Control Present;Thursday;Non-Roadway;23;1;One-Way, Not Divided;Unknown;0;Missing;PVA 3114 GARNER RD;Concrete;HAMMOND RD;Other;Non-Roadway;Public Vehicular Area;O: No Injury;Wake;Unknown;Clear;GARNER RD;0-5 mph;30 - 35  MPH;2014;Daylight;Unknown
35.8329970888, -78.6985226294;"{""type"": ""Point"", ""coordinates"": [-78.69852262943988, 35.83299708882071]}";White;Raleigh;Travel Lane;2;19;Rural (<30% Developed);Male;Passenger Car;0;No;0;50011941;White;No;1;11-15;Motorist Left Turn - Opposite Direction;None;No;#NULL!;Dry;0;Urban;No;17APR2014;0;19:10;Female;#NULL!;Commercial;C: Possible Injury;Yes;O: No Injury;144;April;0;Straight - Level;Piedmont;With Traffic;Stop And Go Signal;Thursday;Intersection;12;1;Two-Way, Divided, Unprotected Median;Unknown;0;No;GLENN EDEN DR;Smooth Asphalt;#NULL!;Four-Way Intersection;Motorist Left Turn / Merge;Local Street;C: Possible Injury;Wake;51;Clear;EDWARDS MILL RD;11-15 mph;30 - 35  MPH;2014;Daylight;50-59
35.7714490794, -78.5945765946;"{""type"": ""Point"", ""coordinates"": [-78.59457659458178, 35.771449079444636]}";White;Raleigh;Travel Lane;2;18;Urban (>70% Developed);Male;Passenger Car;0;No;0;40001007;Black;No;1;30-39;Motorist Left Turn - Opposite Direction;None;No;#NULL!;Dry;0;Urban;No;17APR2014;0;18:23;Male;#NULL!;Residential;C: Possible Injury;Yes;O: No Injury;145;April;0;Straight - Level;Piedmont;With Traffic;Stop And Go Signal;Thursday;Intersection;31;1;Two-Way, Not Divided;7 lanes;0;No;BEVERLY DR;Smooth Asphalt;FRIAR TUCK RD;T-Intersection;Motorist Left Turn / Merge;Local Street;C: Possible Injury;Wake;20;Clear;POOLE RD;0-5 mph;30 - 35  MPH;2014;Daylight;20-24
35.2647010055, -77.5678272568;"{""type"": ""Point"", ""coordinates"": [-77.56782725677246, 35.26470100549317]}";Black;Kinston;Travel Lane;2;15;Urban (>70% Developed);Male;Unknown;0;Yes-Alcohol,  impairment suspected;1;50000208;Unknown/Missing;No;0;30-39;Head-On - Bicyclist;None;Yes;#NULL!;Dry;0;Urban;Yes;27APR2014;0;15:55;Unknown;#NULL!;Residential;B: Evident Injury;No;Unknown Injury;156;April;0;Straight - Level;Coastal;With Traffic;Stop Sign;Sunday;Intersection;38;1;Two-Way, Not Divided;8 lanes;0;Missing;N ADKIN ST;Smooth Asphalt;E WASHINGTON ST;Four-Way Intersection;Head-On;Local Street;B: Evident Injury;Lenoir;Unknown;Clear;TOWERHILL RD;21-25 mph;20 - 25  MPH;2014;Dark - Lighted Roadway;Unknown
36.2521011156, -80.3895931639;"{""type"": ""Point"", ""coordinates"": [-80.38959316386526, 36.25210111559176]}";Black;Tobaccoville;Bike Lane / Paved Shoulder;2;11;Rural (<30% Developed);Male;Unknown;0;No;0;40001604;Unknown/Missing;No;1;50-59;Motorist Overtaking - Misjudged Space;None;No;#NULL!;Dry;0.019;Rural;Yes;11APR2014;0;11:18;Unknown;#NULL!;Residential;C: Possible Injury;No;Unknown Injury;159;April;0;Straight - Level;Piedmont;With Traffic;Double Yellow Line, No Passing Zone;Friday;Non-Intersection;52;1;Two-Way, Divided, Unprotected Median;2 lanes;0;Unknown;SR 1604;Smooth Asphalt;3960;No Special Feature;Motorist Overtaking Bicyclist;State Secondary Route;C: Possible Injury;Forsyth;Unknown;Clear;1609;41-45 mph;40 - 45  MPH;2014;Daylight;Unknown
34.2134007626, -77.8988523064;"{""type"": ""Point"", ""coordinates"": [-77.8988523063845, 34.21340076263062]}";White;Wilmington;Sidewalk / Crosswalk / Driveway Crossing;2;13;Urban (>70% Developed);Male;Sport Utility;0;Yes-Alcohol,  impairment suspected;1;20000076;Black;No;0;50-59;Motorist Drive Out - Commercial Driveway / Alley;None;Yes;#NULL!;Dry;0.089;Urban;No;11APR2014;0;13:46;Female;#NULL!;Commercial;B: Evident Injury;Yes;O: No Injury;164;April;0;Straight - Level;Coastal;Facing Traffic;No Control Present;Friday;Non-Intersection;54;1;Two-Way, Divided, Unprotected Median;6 lanes;0;No;OLEANDER DR;Smooth Asphalt;FORDHAM RD;No Special Feature;Motorist Failed to Yield - Midblock;Local Street;B: Evident Injury;.;34;Clear;LINCOLN RD;0-5 mph;40 - 45  MPH;2014;Daylight;30-39
34.7649298986, -77.4877822083;"{""type"": ""Point"", ""coordinates"": [-77.4877822083478, 34.76492989857417]}";White;None - Rural Crash;Travel Lane;2;22;Mixed (30% To 70% Developed);Male;Sport Utility;0;No;0;20000258;Black;No;1;50-59;Motorist Overtaking - Undetected Bicyclist;None;No;#NULL!;Dry;0.019;Rural;No;27APR2014;0;22:50;Female;#NULL!;Commercial;C: Possible Injury;Yes;O: No Injury;172;April;0;Straight - Level;Coastal;With Traffic;No Control Present;Sunday;Non-Intersection;51;1;Two-Way, Not Divided;5 lanes;0;No;US 258;Smooth Asphalt;1212;No Special Feature;Motorist Overtaking Bicyclist;US Route;C: Possible Injury;Onslow;45;Clear;GREENCREST DR;51-55 mph;50 - 55  MPH;2014;Dark - Roadway Not Lighted;40-49
35.0994369201, -79.0108326853;"{""type"": ""Point"", ""coordinates"": [-79.01083268526195, 35.09943692010024]}";Black;Fayetteville;Bike Lane / Paved Shoulder;2;7;Urban (>70% Developed);Male;Sport Utility;0;Unknown;0;40001406;Black;No;1;16-19;Motorist Overtaking - Bicyclist Swerved;None;No;#NULL!;Dry;0.019;Urban;No;18APR2014;0;7:38;Male;#NULL!;Residential;C: Possible Injury;Yes;O: No Injury;177;April;0;Straight - Level;Coastal;With Traffic;No Control Present;Friday;Non-Intersection;18;1;Two-Way, Not Divided;2 lanes;0;No;FILLYAW RD;Smooth Asphalt;GARFIELD DR;No Special Feature;Motorist Overtaking Bicyclist;Local Street;C: Possible Injury;Cumberland;21;Clear;REILLY RD;21-25 mph;30 - 35  MPH;2014;Daylight;20-24
35.5911268946, -82.5552937707;"{""type"": ""Point"", ""coordinates"": [-82.55529377074889, 35.591126894631444]}";White;Asheville;Bike Lane / Paved Shoulder;2;20;Urban (>70% Developed);Male;Passenger Car;0;No;0;0;White;No;1;25-29;Motorist Right Turn - Same Direction;None;No;#NULL!;Dry;0.004;Urban;No;21APR2014;0;20:49;Female;#NULL!;Commercial;C: Possible Injury;No;O: No Injury;178;April;0;Straight - Grade;Mountains;With Traffic;No Control Present;Monday;Non-Intersection;28;1;Two-Way, Not Divided;2 lanes;0;No;HILLIARD AVE;Coarse Asphalt;ASHELAND AVE;No Special Feature;Motorist Right Turn / Merge;Local Street;C: Possible Injury;Buncombe;22;Clear;COXE AVE;0-5 mph;20 - 25  MPH;2014;Dark - Lighted Roadway;20-24