Geo Point;Geo Shape;BikeRace;City;BikePos;NumUnits;CrashHour;Locality;BikeSex;DrvrVehTyp;NumBikesNo;BikeAlcDrg;NumBikesBI;RteInvdCd;DrvrRace;Workzone;NumBikesCi;BikeAgeGrp;CrashType;RdDefects;CrashAlcoh;BikeAlcoho;RdConditio;DstncMiFrm;RuralUrban;HitRun;CrashDate;NumBikesUI;CrashTime;DrvrSex;DrvrAlcoho;Developmen;CrashSevr;AmbulanceR;DrvrInjury;OBJECTID;CrashMonth;NumBikesKi;RdCharacte;Region;BikeDir;TraffCntrl;CrashDay;CrashLoc;BikeAge;NumBikesTo;RdConfig;NumLanes;NumBikesAI;DrvrAlcDrg;OnRoad;RdSurface;Towrd_Rd;RdFeature;CrashGrp;RdClass;BikeInjury;County;DrvrAge;Weather;FrmRd;DrvrEstSpd;SpeedLimit;CrashYear;LightCond;DrvrAgeGrp
36.0647500988, -79.7793079696;"{""type"": ""Point"", ""coordinates"": [-79.77930796960857, 36.06475009881495]}";Black;Greensboro;Sidewalk / Crosswalk / Driveway Crossing;3;22;Urban (>70% Developed);Male;Passenger Car;0;Unknown;0;40004240;White;No;1;20-24;Motorist Drive Out - Sign-Controlled Intersection;None;Yes;#NULL!;Dry;0;Urban;No;11MAY2014;0;22:20;Male;#NULL!;Residential;C: Possible Injury;Yes;O: No Injury;183;May;0;Straight - Level;Piedmont;With Traffic;No Control Present;Sunday;Intersection;22;1;Two-Way, Divided, Unprotected Median;2 lanes;0;Yes-Alcohol, no impairment detected;SEVIER ST;Smooth Asphalt;EAST LEE ST;No Special Feature;Motorist Failed to Yield - Sign-Controlled Intersection;Local Street;C: Possible Injury;Guilford;24;Clear;EAST LEE ST;6-10 mph;30 - 35  MPH;2014;Dark - Lighted Roadway;20-24
35.7012470208, -79.8254929627;"{""type"": ""Point"", ""coordinates"": [-79.82549296269853, 35.701247020763915]}";White;Asheboro;Travel Lane;2;18;Urban (>70% Developed);Male;Passenger Car;0;No;1;0;Unknown/Missing;No;0;50-59;Bicyclist Overtaking - Parked Vehicle;None;No;#NULL!;Dry;0.019;Urban;No;07MAY2014;0;18:07;Unknown;#NULL!;Residential;B: Evident Injury;Yes;Unknown Injury;188;May;0;Straight - Grade;Piedmont;With Traffic;No Control Present;Wednesday;Non-Intersection;56;1;Two-Way, Not Divided;2 lanes;0;Missing;HOLLY ST;Coarse Asphalt;LEE ST;No Special Feature;Bicyclist Overtaking Motorist;Local Street;B: Evident Injury;Randolph;Unknown;Clear;1443;Unknown;30 - 35  MPH;2014;Daylight;Unknown
35.8147070818, -78.7976326587;"{""type"": ""Point"", ""coordinates"": [-78.7976326587411, 35.81470708175622]}";Black;Cary;Travel Lane;2;17;Urban (>70% Developed);Male;Pickup;0;No;0;40001653;White;No;1;11-15;Bicyclist Ride Through - Sign-Controlled Intersection;None;No;#NULL!;Dry;0;Urban;No;29APR2014;0;17:32;Male;#NULL!;Residential;C: Possible Injury;No;O: No Injury;197;April;0;Straight - Level;Piedmont;With Traffic;No Control Present;Tuesday;Intersection;14;1;Two-Way, Not Divided;4 lanes;0;No;SR 1653;Smooth Asphalt;GEYER CT;Four-Way Intersection;Bicyclist Failed to Yield - Sign-Controlled Intersection;State Secondary Route;C: Possible Injury;Wake;46;Clear;WINDBYRNE DR;11-15 mph;30 - 35  MPH;2014;Daylight;40-49
35.8932151033, -78.6490526181;"{""type"": ""Point"", ""coordinates"": [-78.64905261814953, 35.89321510329128]}";White;Raleigh;Sidewalk / Crosswalk / Driveway Crossing;2;8;Urban (>70% Developed);Male;Van;0;No;1;40001005;White;No;0;25-29;Motorist Drive Out - Sign-Controlled Intersection;None;No;#NULL!;Dry;0;Urban;No;21MAY2014;0;8:36;Female;#NULL!;Commercial;B: Evident Injury;Yes;O: No Injury;199;May;0;Straight - Level;Piedmont;Facing Traffic;Stop Sign;Wednesday;Intersection;29;1;One-Way, Not Divided;4 lanes;0;No;SIX FORKS RD;Coarse Asphalt;FORUM DR;No Special Feature;Motorist Failed to Yield - Sign-Controlled Intersection;Local Street;B: Evident Injury;Wake;34;Clear;MONUMENT LN;0-5 mph;30 - 35  MPH;2014;Daylight;30-39
35.9169420935, -79.073862748;"{""type"": ""Point"", ""coordinates"": [-79.07386274804544, 35.91694209347272]}";White;Carrboro;Bike Lane / Paved Shoulder;3;12;Urban (>70% Developed);Female;Sport Utility;0;No;0;0;White;No;1;50-59;Bicyclist Lost Control - Other / Unknown;None;No;#NULL!;Dry;0;Urban;No;20APR2014;0;12:18;Male;#NULL!;Residential;C: Possible Injury;Yes;O: No Injury;200;April;0;Curve - Level;Piedmont;With Traffic;Stop Sign;Sunday;Intersection;51;1;Two-Way, Not Divided;2 lanes;0;No;OAK ST;Smooth Asphalt;#NULL!;Other;Loss of Control / Turning Error;Local Street;C: Possible Injury;Orange;34;Clear;OAK ST;31-35 mph;30 - 35  MPH;2014;Daylight;30-39
35.1743969381, -78.9692126768;"{""type"": ""Point"", ""coordinates"": [-78.9692126767893, 35.17439693809507]}";Black;Spring Lake;Driveway / Alley;2;8;Urban (>70% Developed);Male;Passenger Car;0;No;1;0;Black;No;0;50-59;Bicyclist Ride Through - Signalized Intersection;None;No;#NULL!;Dry;0;Urban;No;09MAY2014;0;8:25;Female;#NULL!;Commercial;B: Evident Injury;No;O: No Injury;203;May;0;Curve - Grade;Coastal;Not Applicable;Stop And Go Signal;Friday;Intersection;56;1;Two-Way, Not Divided;Unknown;0;No;PVA SPRING LAKE TOWN CTR;Smooth Asphalt;HOLLAND DR;Driveway, Public;Bicyclist Failed to Yield - Signalized Intersection;Unknown;B: Evident Injury;Cumberland;43;Clear;LILLINGTON HWY;Unknown;20 - 25  MPH;2014;Daylight;40-49
35.9669870582, -80.3192631258;"{""type"": ""Point"", ""coordinates"": [-80.31926312579691, 35.96698705818257]}";White;None - Rural Crash;Travel Lane;2;10;Rural (<30% Developed);Male;Passenger Car;1;No;0;40001493;White;No;0;70+;Motorist Drive Through - Sign-Controlled Intersection;None;No;#NULL!;Dry;0;Rural;No;11MAY2014;0;10:19;Male;#NULL!;Farms, Woods, Pastures;O: No Injury;No;O: No Injury;204;May;0;Straight - Grade;Piedmont;With Traffic;Stop Sign;Sunday;Intersection;70+;1;Two-Way, Not Divided;2 lanes;0;No;1493;Coarse Asphalt;1522;T-Intersection;Motorist Failed to Yield - Sign-Controlled Intersection;State Secondary Route;O: No Injury;Davidson;51;Clear;1498;11-15 mph;30 - 35  MPH;2014;Daylight;50-59
34.2309467678, -77.8712122995;"{""type"": ""Point"", ""coordinates"": [-77.87121229948174, 34.23094676778712]}";White;Wilmington;Sidewalk / Crosswalk / Driveway Crossing;2;16;Urban (>70% Developed);Male;Unknown;0;No;0;0;Unknown/Missing;No;1;30-39;Motorist Drive Out - Residential Driveway;None;No;#NULL!;Dry;0.067;Urban;Yes;03MAY2014;0;16:36;Unknown;#NULL!;Residential;C: Possible Injury;Yes;Unknown Injury;207;May;0;Straight - Level;Coastal;Facing Traffic;No Control Present;Saturday;Non-Intersection;30;1;Two-Way, Not Divided;2 lanes;0;Missing;460 RAVINE DR;Smooth Asphalt;NEW CENTRE DR;No Special Feature;Motorist Failed to Yield - Midblock;Public Vehicular Area;C: Possible Injury;.;Unknown;Clear;COLLEGE ACRES DR;0-5 mph;30 - 35  MPH;2014;Daylight;Unknown
35.3770518722, -81.9664135835;"{""type"": ""Point"", ""coordinates"": [-81.96641358350814, 35.377051872164934]}";Black;None - Rural Crash;Driveway / Alley;2;18;Mixed (30% To 70% Developed);Male;Pickup;0;No;0;40001164;White;No;1;11-15;Bicyclist Ride Out - Residential Driveway;None;No;#NULL!;Wet;0.2;Rural;No;27MAY2014;0;18:50;Male;#NULL!;Residential;C: Possible Injury;Yes;O: No Injury;208;May;0;Straight - Grade;Mountains;Not Applicable;Double Yellow Line, No Passing Zone;Tuesday;Non-Intersection;15;1;Two-Way, Not Divided;2 lanes;0;No;SR 1164;Smooth Asphalt;1205;No Special Feature;Bicyclist Failed to Yield - Midblock;State Secondary Route;C: Possible Injury;Rutherford;56;Cloudy;1178;31-35 mph;30 - 35  MPH;2014;Daylight;50-59
35.5259069541, -80.6293531945;"{""type"": ""Point"", ""coordinates"": [-80.62935319448549, 35.52590695405723]}";Black;Kannapolis;Travel Lane;2;14;Urban (>70% Developed);Male;Passenger Car;0;No;1;40001100;Black;No;0;6-10;Bicyclist Ride Out - Residential Driveway;None;No;#NULL!;Dry;0.033;Urban;No;03MAY2014;0;14:26;Male;#NULL!;Residential;B: Evident Injury;Yes;O: No Injury;210;May;0;Straight - Grade;Piedmont;Not Applicable;No Control Present;Saturday;Non-Intersection;7;1;Two-Way, Not Divided;2 lanes;0;No;W A ST;Smooth Asphalt;CIRCLE ST;No Special Feature;Bicyclist Failed to Yield - Midblock;Local Street;B: Evident Injury;Rowan;63;Clear;DARTY ST;41-45 mph;40 - 45  MPH;2014;Daylight;60-69
33.9350566971, -78.0232923308;"{""type"": ""Point"", ""coordinates"": [-78.02329233084167, 33.93505669713431]}";White;Southport;Driveway / Alley;2;9;Rural (<30% Developed);Male;Pickup;0;No;0;0;White;No;1;25-29;Non-Roadway;None;No;#NULL!;Dry;0.002;Rural;No;16MAY2014;0;9:30;Female;#NULL!;Farms, Woods, Pastures;C: Possible Injury;No;O: No Injury;212;May;0;Straight - Level;Coastal;Not Applicable;No Control Present;Friday;Non-Roadway;29;1;Two-Way, Not Divided;2 lanes;0;No;PVA ATLANTIC AVE EXT;Gravel;DEAD END;Driveway, Public;Non-Roadway;Public Vehicular Area;C: Possible Injury;Brunswick;67;Clear;13 STR;0-5 mph;30 - 35  MPH;2014;Daylight;60-69
34.2080717638, -77.8364722871;"{""type"": ""Point"", ""coordinates"": [-77.83647228710697, 34.20807176381545]}";White;Wilmington;Bike Lane / Paved Shoulder;2;16;Urban (>70% Developed);Male;Passenger Car;0;No;0;50012500;White;No;1;25-29;Motorist Lost Control - Alcohol / Drug Impairment;None;No;#NULL!;Dry;0.1;Urban;Yes;17MAY2014;0;16:13;Female;#NULL!;Residential;C: Possible Injury;Yes;O: No Injury;217;May;0;Straight - Level;Coastal;With Traffic;No Control Present;Saturday;Non-Intersection;26;1;Two-Way, Not Divided;2 lanes;0;Unknown;GREENVILLE LOOP RD;Smooth Asphalt;OLEANDER DR;No Special Feature;Loss of Control / Turning Error;Local Street;C: Possible Injury;New Hanover;30;Clear;GREENVILLE SOUND;31-35 mph;40 - 45  MPH;2014;Daylight;30-39
34.7844728362, -79.4550028038;"{""type"": ""Point"", ""coordinates"": [-79.4550028037934, 34.78447283622009]}";Black;Laurinburg;Travel Lane;2;14;Urban (>70% Developed);Male;Passenger Car;1;No;0;0;Black;No;0;6-10;Motorist Left Turn - Same Direction;None;No;#NULL!;Dry;0.001;Urban;No;25MAY2014;0;14:30;Female;#NULL!;Residential;O: No Injury;No;O: No Injury;226;May;0;Straight - Level;Coastal;Facing Traffic;No Control Present;Sunday;Intersection;9;1;One-Way, Not Divided;1 lane;0;No;LYTCH ST;Coarse Asphalt;GAMBLE ST;Driveway, Public;Motorist Left Turn / Merge;Local Street;O: No Injury;Scotland;43;Clear;HOD ST;31-35 mph;30 - 35  MPH;2014;Daylight;40-49
36.1270972531, -75.7423517407;"{""type"": ""Point"", ""coordinates"": [-75.74235174070053, 36.127097253106825]}";White;Southern Shores;Travel Lane;2;11;Urban (>70% Developed);Male;Sport Utility;0;No;0;0;White;No;1;50-59;Motorist Drive Out - Residential Driveway;None;No;#NULL!;Dry;0;Rural;No;24MAY2014;0;11:10;Female;#NULL!;Residential;C: Possible Injury;Yes;O: No Injury;236;May;0;Straight - Hillcrest;Coastal;With Traffic;No Control Present;Saturday;Non-Intersection;59;1;Two-Way, Not Divided;2 lanes;0;No;S DOGWOOD TRL;Smooth Asphalt;N MARINA CIR;No Special Feature;Motorist Failed to Yield - Midblock;Local Street;C: Possible Injury;Dare;52;Clear;180 S DOGWOOD TRL;0-5 mph;20 - 25  MPH;2014;Daylight;50-59
35.9873541141, -78.9065527013;"{""type"": ""Point"", ""coordinates"": [-78.9065527012947, 35.98735411405505]}";Black;Durham;Sidewalk / Crosswalk / Driveway Crossing;2;14;Urban (>70% Developed);Male;Passenger Car;1;No;0;29000015;Black;No;0;60-69;Bicyclist Ride Through - Signalized Intersection;None;No;#NULL!;Dry;0;Urban;No;13JUN2014;0;14:28;Female;#NULL!;Residential;O: No Injury;No;O: No Injury;247;June;0;Straight - Level;Piedmont;With Traffic;Stop And Go Signal;Friday;Intersection;68;1;Two-Way, Not Divided;3 lanes;0;No;W LAKEWOOD AVE;Smooth Asphalt;#NULL!;No Special Feature;Bicyclist Failed to Yield - Signalized Intersection;Local Street;O: No Injury;Durham;23;Clear;BLACKWELL ST;26-30 mph;30 - 35  MPH;2014;Daylight;20-24
36.1717411044, -80.2528731174;"{""type"": ""Point"", ""coordinates"": [-80.25287311740787, 36.171741104379386]}";White;Winston-Salem;Travel Lane;2;19;Urban (>70% Developed);Male;Pickup;0;No;0;40001686;Black;No;1;30-39;Motorist Drive Out - Sign-Controlled Intersection;None;No;#NULL!;Water (Standing, Moving);0;Urban;No;27MAY2014;0;19:59;Male;#NULL!;Residential;C: Possible Injury;Yes;O: No Injury;256;May;0;Straight - Grade;Piedmont;With Traffic;Stop Sign;Tuesday;Intersection;33;1;Two-Way, Divided, Unprotected Median;4 lanes;0;No;OAK SUMMIT RD;Smooth Asphalt;BROOKFIELD RD;T-Intersection;Motorist Failed to Yield - Sign-Controlled Intersection;Local Street;C: Possible Injury;Forsyth;60;Clear;WHITTIER RD;6-10 mph;40 - 45  MPH;2014;Daylight;60-69
36.0779870829, -80.2895131231;"{""type"": ""Point"", ""coordinates"": [-80.28951312313154, 36.077987082935465]}";White;Winston-Salem;Travel Lane;2;17;Urban (>70% Developed);Male;Passenger Car;1;No;0;50013446;White;No;0;30-39;Motorist Right Turn - Same Direction;None;No;#NULL!;Dry;0;Urban;No;12MAY2014;0;17:38;Male;#NULL!;Residential;B: Evident Injury;Yes;O: No Injury;257;May;0;Straight - Grade;Piedmont;With Traffic;Stop And Go Signal;Monday;Intersection;30;1;Two-Way, Not Divided;4 lanes;0;No;HAWTHORNE RD;Smooth Asphalt;PINE BLUFF RD;Four-Way Intersection;Motorist Right Turn / Merge;Local Street;B: Evident Injury;Forsyth;44;Clear;BOLTON ST;11-15 mph;20 - 25  MPH;2014;Daylight;40-49
35.6789619682, -81.1065533458;"{""type"": ""Point"", ""coordinates"": [-81.10655334576049, 35.678961968183486]}";White;None - Rural Crash;Bike Lane / Paved Shoulder;2;21;Rural (<30% Developed);Male;Passenger Car;1;No;0;30000010;White;No;0;16-19;Motorist Overtaking - Undetected Bicyclist;None;No;#NULL!;Dry;0.1;Rural;No;09JUN2014;0;21:47;Female;#NULL!;Farms, Woods, Pastures;O: No Injury;No;O: No Injury;258;June;0;Straight - Level;Piedmont;With Traffic;Other;Monday;Non-Intersection;17;1;Two-Way, Not Divided;2 lanes;0;No;NC 10;Smooth Asphalt;1726;No Special Feature;Motorist Overtaking Bicyclist;NC Route;O: No Injury;Catawba;30;Clear;1821;51-55 mph;50 - 55  MPH;2014;Dark - Roadway Not Lighted;30-39
35.9222221492, -77.5240522769;"{""type"": ""Point"", ""coordinates"": [-77.52405227688145, 35.92222214919766]}";Black;None - Rural Crash;Travel Lane;2;17;Rural (<30% Developed);Male;Pickup;0;No;0;40001537;White;No;1;11-15;Bicyclist Left Turn - Same Direction;None;No;#NULL!;Dry;0.4;Rural;No;02JUN2014;0;17:12;Male;#NULL!;Farms, Woods, Pastures;C: Possible Injury;No;O: No Injury;260;June;0;Straight - Grade;Coastal;With Traffic;Double Yellow Line, No Passing Zone;Monday;Non-Intersection;14;1;Two-Way, Not Divided;2 lanes;0;No;SR 1537;Coarse Asphalt;SAMUEL LN;No Special Feature;Bicyclist Left Turn / Merge;State Secondary Route;C: Possible Injury;Edgecombe;59;Clear;1518;41-45 mph;50 - 55  MPH;2014;Daylight;50-59
35.9974020686, -80.221833098;"{""type"": ""Point"", ""coordinates"": [-80.22183309801254, 35.99740206861258]}";Black;Winston-Salem;Driveway / Alley;2;19;Urban (>70% Developed);Male;Passenger Car;0;No;1;0;White;No;0;11-15;Bicyclist Ride Out - Residential Driveway;None;No;#NULL!;Dry;0.108;Urban;No;08JUN2014;0;19:53;Female;#NULL!;Residential;B: Evident Injury;Yes;O: No Injury;269;June;0;Straight - Grade;Piedmont;Not Applicable;No Control Present;Sunday;Non-Intersection;11;1;Two-Way, Not Divided;2 lanes;0;No;FRIENDLY ACRES DR;Smooth Asphalt;RAINWOOD DR;No Special Feature;Bicyclist Failed to Yield - Midblock;Local Street;B: Evident Injury;Forsyth;34;Cloudy;ANDYS DR;41-45 mph;30 - 35  MPH;2014;Dark - Lighted Roadway;30-39
35.4685548677, -82.5777777699;"{""type"": ""Point"", ""coordinates"": [-82.57777776990841, 35.468554867738035]}";White;None - Rural Crash;Travel Lane;2;6;Mixed (30% To 70% Developed);Male;Passenger Car;0;No;1;30000191;White;No;0;30-39;Motorist Overtaking - Other / Unknown;None;No;#NULL!;Dry;0.17;Rural;No;06JUN2014;0;6:45;Female;#NULL!;Commercial;B: Evident Injury;Yes;O: No Injury;274;June;0;Straight - Level;Mountains;With Traffic;Double Yellow Line, No Passing Zone;Friday;Non-Intersection;39;1;Two-Way, Not Divided;2 lanes;0;No;NC 191;Smooth Asphalt;146;No Special Feature;Motorist Overtaking Bicyclist;NC Route;B: Evident Injury;Buncombe;16;Clear;3486;26-30 mph;40 - 45  MPH;2014;Daylight;0-19
35.9498270668, -79.9998930294;"{""type"": ""Point"", ""coordinates"": [-79.9998930293816, 35.94982706678045]}";Black;High Point;Travel Lane;2;20;Urban (>70% Developed);Male;Van;0;No;1;50005498;Hispanic;No;0;11-15;Bicyclist Ride Through - Sign-Controlled Intersection;None;No;#NULL!;Dry;0;Urban;Yes;18MAY2014;0;20:56;Male;#NULL!;Commercial;B: Evident Injury;Yes;O: No Injury;282;May;0;Straight - Grade;Piedmont;With Traffic;Stop Sign;Sunday;Intersection;13;1;Two-Way, Not Divided;2 lanes;0;No;CENTENNIAL ST;Coarse Asphalt;RUSSELL AVE;Four-Way Intersection;Bicyclist Failed to Yield - Sign-Controlled Intersection;Local Street;B: Evident Injury;Guilford;50;Clear;GRIMES AVE;36-40 mph;30 - 35  MPH;2014;Dark - Lighted Roadway;50-59
35.7162070653, -78.6556426104;"{""type"": ""Point"", ""coordinates"": [-78.65564261035622, 35.716207065292856]}";Black;Garner;Travel Lane;2;17;Urban (>70% Developed);Male;Passenger Car;0;No;0;20000401;White;No;1;20-24;Sign-Controlled Intersection - Other / Unknown;None;No;#NULL!;Wet;0;Urban;No;27JUN2014;0;17:15;Female;#NULL!;Commercial;C: Possible Injury;Yes;O: No Injury;286;June;0;Straight - Level;Piedmont;With Traffic;Stop And Go Signal;Friday;Intersection-Related;21;1;Two-Way, Divided, Unprotected Median;6 lanes;0;No;US 401;Smooth Asphalt;PINE WINDS DR;T-Intersection;Crossing Paths - Other Circumstances;US Route;C: Possible Injury;Wake;24;Cloudy;KITCHEH DR;31-35 mph;40 - 45  MPH;2014;Daylight;20-24
36.1250471452, -78.8646576954;"{""type"": ""Point"", ""coordinates"": [-78.86465769536666, 36.12504714520295]}";White;Durham;Travel Lane;3;11;Urban (>70% Developed);Male;Sport Utility;0;No;2;0;Black;No;0;60-69;Motorist Overtaking - Undetected Bicyclist;None;No;#NULL!;Dry;0.005;Urban;No;01JUL2014;0;11:42;Male;#NULL!;Residential;B: Evident Injury;Yes;O: No Injury;290;July;0;Curve - Level;Piedmont;With Traffic;Yield Sign;Tuesday;Intersection-Related;62;2;Two-Way, Not Divided;2 lanes;0;No;OLD TRAIL DR;Smooth Asphalt;VINTAGE HILL PKWAY;Traffic Circle/Roundabout;Motorist Overtaking Bicyclist;Local Street;B: Evident Injury;Durham;59;Clear;VINTAGE HILL DR;0-5 mph;30 - 35  MPH;2014;Daylight;50-59
35.5971768963, -82.5539937697;"{""type"": ""Point"", ""coordinates"": [-82.55399376974007, 35.597176896332954]}";White;Asheville;Non-Roadway;2;20;Urban (>70% Developed);Male;Unknown;0;No;0;0;Unknown/Missing;No;1;30-39;Non-Roadway;None;No;#NULL!;Dry;0.085;Urban;Yes;23MAY2014;0;20:49;Unknown;#NULL!;Commercial;C: Possible Injury;No;Unknown Injury;293;May;0;Straight - Level;Mountains;Not Applicable;No Control Present;Friday;Non-Roadway;33;1;One-Way, Not Divided;1 lane;0;Missing;PVA 72 RANKIN AVE;Smooth Asphalt;W WALNUT ST;No Special Feature;Non-Roadway;Public Vehicular Area;C: Possible Injury;Buncombe;Unknown;Clear;HIAWASSEE ST;0-5 mph;Unknown;2014;Dark - Lighted Roadway;Unknown
34.875196946, -76.779611998;"{""type"": ""Point"", ""coordinates"": [-76.7796119979788, 34.87519694597824]}";Black;None - Rural Crash;Travel Lane;2;21;Mixed (30% To 70% Developed);Male;Sport Utility;0;No;1;40001714;Black;No;0;40-49;Motorist Overtaking - Other / Unknown;None;Yes;#NULL!;Dry;0.019;Rural;No;04JUN2014;0;21:32;Male;#NULL!;Residential;B: Evident Injury;Yes;O: No Injury;294;June;0;Straight - Level;Coastal;With Traffic;No Control Present;Wednesday;Non-Intersection;40;1;Two-Way, Not Divided;2 lanes;0;Yes-Alcohol,  impairment suspected;SR 1714;Smooth Asphalt;1715;No Special Feature;Motorist Overtaking Bicyclist;State Secondary Route;B: Evident Injury;Craven;39;Clear;JEANS CIR;26-30 mph;30 - 35  MPH;2014;Dark - Roadway Not Lighted;30-39
35.7686840783, -78.6172526022;"{""type"": ""Point"", ""coordinates"": [-78.6172526021996, 35.76868407827867]}";Black;Raleigh;Sidewalk / Crosswalk / Driveway Crossing;2;8;Mixed (30% To 70% Developed);Male;Van;0;No;1;50019060;Black;No;0;50-59;Motorist Right Turn - Opposite Direction;None;No;#NULL!;Dry;0;Urban;No;23JUN2014;0;8:03;Female;#NULL!;Residential;B: Evident Injury;Yes;O: No Injury;295;June;0;Straight - Level;Piedmont;Facing Traffic;Stop And Go Signal;Monday;Intersection;58;1;Two-Way, Not Divided;9 or more lanes;0;No;MLK JR BLVD;Smooth Asphalt;S RALEIGH BLVD;Four-Way Intersection;Motorist Right Turn / Merge;Local Street;B: Evident Injury;Wake;54;Clear;ROCK QUARRY RD;11-15 mph;30 - 35  MPH;2014;Daylight;50-59
35.3010098972, -80.8533832485;"{""type"": ""Point"", ""coordinates"": [-80.8533832484774, 35.301009897191435]}";Black;Charlotte;Travel Lane;2;16;Urban (>70% Developed);Male;Passenger Car;0;No;1;50012965;Black;No;0;40-49;Bicyclist Overtaking - Parked Vehicle;None;No;#NULL!;Dry;0.01;Urban;No;30JUN2014;0;16:06;Female;#NULL!;Residential;B: Evident Injury;No;O: No Injury;296;June;0;Straight - Level;Piedmont;With Traffic;No Control Present;Monday;Non-Intersection;40;1;Two-Way, Not Divided;2 lanes;0;No;HAMILTON CIRCLE;Grooved Concrete;BEATTIES FORD;No Special Feature;Bicyclist Overtaking Motorist;Local Street;B: Evident Injury;Mecklenburg;70+;Clear;BOMAR DR;11-15 mph;30 - 35  MPH;2014;Daylight;70+
35.7349370617, -78.8622386742;"{""type"": ""Point"", ""coordinates"": [-78.86223867417873, 35.73493706172611]}";White;Apex;Travel Lane;2;16;Urban (>70% Developed);Male;Pickup;0;No;1;30000055;White;No;0;11-15;Motorist Drive Out - Commercial Driveway / Alley;None;No;#NULL!;Dry;0.15;Urban;No;04JUL2014;0;16:36;Male;#NULL!;Commercial;B: Evident Injury;Yes;O: No Injury;297;July;0;Straight - Level;Piedmont;Facing Traffic;Stop Sign;Friday;Non-Intersection;15;1;Two-Way, Not Divided;2 lanes;0;No;55;Smooth Asphalt;OLIVE CHAPEL ROAD;T-Intersection;Motorist Failed to Yield - Midblock;NC Route;B: Evident Injury;Wake;42;Clear;BRYAN DRIVE;0-5 mph;40 - 45  MPH;2014;Daylight;40-49
36.0632570824, -80.2173331013;"{""type"": ""Point"", ""coordinates"": [-80.21733310130408, 36.06325708244786]}";Black;Winston-Salem;Travel Lane;2;21;Urban (>70% Developed);Male;Passenger Car;0;No;0;40004325;Black;No;1;50-59;Motorist Overtaking - Undetected Bicyclist;None;No;#NULL!;Dry;0.002;Urban;No;14JUN2014;0;21:42;Female;#NULL!;Residential;C: Possible Injury;Yes;O: No Injury;307;June;0;Straight - Level;Piedmont;With Traffic;Double Yellow Line, No Passing Zone;Saturday;Non-Intersection;52;1;Two-Way, Divided, Unprotected Median;2 lanes;0;No;THOMASVILLE RD;Smooth Asphalt;BROOKLINE ST;No Special Feature;Motorist Overtaking Bicyclist;Local Street;C: Possible Injury;Forsyth;21;Clear;GLENCOE ST;31-35 mph;30 - 35  MPH;2014;Dark - Roadway Not Lighted;20-24
36.4246712334, -78.1709425013;"{""type"": ""Point"", ""coordinates"": [-78.17094250133111, 36.42467123340072]}";Black;None - Rural Crash;Travel Lane;2;14;Rural (<30% Developed);Male;Passenger Car;0;No;1;40001323;Black;No;0;16-19;Bicyclist Right Turn - Same Direction;None;No;#NULL!;Dry;0.3;Rural;No;04JUL2014;0;14:06;Female;#NULL!;Farms, Woods, Pastures;B: Evident Injury;Yes;O: No Injury;312;July;0;Straight - Level;Piedmont;Facing Traffic;No Control Present;Friday;Non-Intersection;17;1;Two-Way, Not Divided;Unknown;0;No;SR 1323;Grooved Concrete;1305;No Special Feature;Bicyclist Right Turn / Merge;State Secondary Route;B: Evident Injury;Warren;25;Clear;158;31-35 mph;40 - 45  MPH;2014;Daylight;25-29
34.7003629081, -76.732861976;"{""type"": ""Point"", ""coordinates"": [-76.7328619760339, 34.700362908144534]}";White;Atlantic Beach;Travel Lane;2;20;Urban (>70% Developed);Male;Sport Utility;0;Yes-Alcohol,  impairment suspected;1;30000058;White;No;0;50-59;Motorist Drive Out - Sign-Controlled Intersection;None;Yes;#NULL!;Dry;0;Rural;No;22JUN2014;0;20:44;Female;#NULL!;Commercial;B: Evident Injury;No;O: No Injury;316;June;0;Straight - Level;Coastal;Facing Traffic;No Control Present;Sunday;Intersection;52;1;Two-Way, Not Divided;5 lanes;0;No;NC 58;Smooth Asphalt;WILSON AVE;No Special Feature;Motorist Failed to Yield - Sign-Controlled Intersection;NC Route;B: Evident Injury;Carteret;22;Clear;BROOKS ST;0-5 mph;20 - 25  MPH;2014;Dark - Lighted Roadway;20-24
35.7559670791, -78.5136225692;"{""type"": ""Point"", ""coordinates"": [-78.51362256916025, 35.755967079140774]}";Hispanic;None - Rural Crash;Bike Lane / Paved Shoulder;2;19;Rural (<30% Developed);Female;Passenger Car;0;No;0;0;White;No;1;6-10;Non-Roadway;None;No;#NULL!;Dry;0.014;Rural;No;05JUL2014;0;19:56;Female;#NULL!;Residential;C: Possible Injury;Yes;O: No Injury;318;July;0;Curve - Grade;Piedmont;Not Applicable;No Control Present;Saturday;Non-Roadway;7;1;Two-Way, Not Divided;2 lanes;0;No;PVA OLD WOODARD STREET;Coarse Asphalt;SOUTHERN LIVING DRIVE;Driveway, Public;Non-Roadway;Public Vehicular Area;C: Possible Injury;Wake;48;Clear;RIVERDALE STREET;6-10 mph;Unknown;2014;Daylight;40-49