Geo Point;Geo Shape;BikeRace;City;BikePos;NumUnits;CrashHour;Locality;BikeSex;DrvrVehTyp;NumBikesNo;BikeAlcDrg;NumBikesBI;RteInvdCd;DrvrRace;Workzone;NumBikesCi;BikeAgeGrp;CrashType;RdDefects;CrashAlcoh;BikeAlcoho;RdConditio;DstncMiFrm;RuralUrban;HitRun;CrashDate;NumBikesUI;CrashTime;DrvrSex;DrvrAlcoho;Developmen;CrashSevr;AmbulanceR;DrvrInjury;OBJECTID;CrashMonth;NumBikesKi;RdCharacte;Region;BikeDir;TraffCntrl;CrashDay;CrashLoc;BikeAge;NumBikesTo;RdConfig;NumLanes;NumBikesAI;DrvrAlcDrg;OnRoad;RdSurface;Towrd_Rd;RdFeature;CrashGrp;RdClass;BikeInjury;County;DrvrAge;Weather;FrmRd;DrvrEstSpd;SpeedLimit;CrashYear;LightCond;DrvrAgeGrp
35.4009809271, -80.6261131867;"{""type"": ""Point"", ""coordinates"": [-80.62611318672722, 35.40098092705363]}";White;Concord;Travel Lane;2;8;Urban (>70% Developed);Male;Unknown;0;No;0;40001414;Unknown/Missing;No;1;30-39;Motorist Overtaking - Other / Unknown;None;No;#NULL!;Dry;0.076;Urban;Yes;01JUL2014;0;8:00;Unknown;#NULL!;Residential;C: Possible Injury;Yes;Unknown Injury;327;July;0;Straight - Level;Piedmont;With Traffic;No Control Present;Tuesday;Non-Intersection;37;1;Two-Way, Not Divided;2 lanes;0;Missing;ROCK HLL CH RD;Smooth Asphalt;CROSSBOW CIR;No Special Feature;Motorist Overtaking Bicyclist;Local Street;C: Possible Injury;Cabarrus;Unknown;Clear;WEDDINGTON RD;31-35 mph;30 - 35  MPH;2014;Daylight;Unknown
36.0159410798, -80.0140330375;"{""type"": ""Point"", ""coordinates"": [-80.01403303748859, 36.01594107977868]}";White;High Point;Travel Lane;2;17;Urban (>70% Developed);Female;Passenger Car;0;No;0;0;Black;No;1;60-69;Bicyclist Right Turn - Same Direction;None;No;#NULL!;Dry;0.01;Urban;No;03JUN2014;0;17:53;Male;#NULL!;Residential;C: Possible Injury;Yes;O: No Injury;332;June;0;Straight - Level;Piedmont;Not Applicable;No Control Present;Tuesday;Non-Intersection;65;1;Two-Way, Not Divided;5 lanes;0;No;JOHNSON ST;Smooth Asphalt;SHAMROCK RD;No Special Feature;Bicyclist Right Turn / Merge;Local Street;C: Possible Injury;Guilford;44;Clear;MIRABEAU CT;41-45 mph;40 - 45  MPH;2014;Daylight;40-49
36.0372541264, -78.8716026935;"{""type"": ""Point"", ""coordinates"": [-78.87160269345175, 36.03725412643498]}";Black;Durham;Sidewalk / Crosswalk / Driveway Crossing;2;15;Urban (>70% Developed);Male;Passenger Car;0;No;0;40001666;Unknown/Missing;No;1;11-15;Bicyclist Lost Control - Mechanical Problems;None;No;#NULL!;Dry;0;Urban;Yes;17JUL2014;0;15:12;Unknown;#NULL!;Residential;C: Possible Injury;No;Unknown Injury;333;July;0;Straight - Level;Piedmont;Not Applicable;No Control Present;Thursday;Intersection;13;1;Two-Way, Not Divided;2 lanes;0;Unknown;DEARBORN DR;Coarse Asphalt;THELMA ST;No Special Feature;Loss of Control / Turning Error;Local Street;C: Possible Injury;Durham;Unknown;Clear;RUTH ST;16-20 mph;30 - 35  MPH;2014;Daylight;Unknown
35.6608040601, -78.4557725466;"{""type"": ""Point"", ""coordinates"": [-78.45577254658338, 35.660804060098215]}";White;Clayton;Sidewalk / Crosswalk / Driveway Crossing;2;18;Urban (>70% Developed);Female;Passenger Car;0;No;1;0;White;No;0;6-10;Bicyclist Lost Control - Mechanical Problems;None;No;#NULL!;Dry;0;Urban;No;01JUL2014;0;18:17;Female;#NULL!;Residential;B: Evident Injury;Yes;O: No Injury;334;July;0;Straight - Level;Coastal;With Traffic;Stop Sign;Tuesday;Intersection;9;1;Two-Way, Not Divided;2 lanes;0;No;GEORGETOWNE DR;Smooth Asphalt;N ONEIL ST;T-Intersection;Loss of Control / Turning Error;Local Street;B: Evident Injury;Johnston;24;Clear;SMART CT;6-10 mph;20 - 25  MPH;2014;Daylight;20-24
36.0062441179, -78.9204527069;"{""type"": ""Point"", ""coordinates"": [-78.92045270685752, 36.00624411791932]}";White;Durham;Bike Lane / Paved Shoulder;2;18;Urban (>70% Developed);Male;Passenger Car;1;No;0;29000070;Black;No;0;40-49;Motorist Right Turn - Same Direction;None;No;#NULL!;Dry;0.032;Urban;No;22JUL2014;0;18:56;Female;#NULL!;Commercial;O: No Injury;No;O: No Injury;337;July;0;Straight - Level;Piedmont;With Traffic;No Control Present;Tuesday;Non-Intersection;45;1;Two-Way, Not Divided;5 lanes;0;No;W MAIN ST;Smooth Asphalt;NINTH ST;No Special Feature;Motorist Right Turn / Merge;Local Street;O: No Injury;Durham;33;Clear;BROAD ST;0-5 mph;30 - 35  MPH;2014;Daylight;30-39
35.1639318614, -81.039203297;"{""type"": ""Point"", ""coordinates"": [-81.03920329695214, 35.1639318614412]}";White;None - Rural Crash;Travel Lane;2;11;Rural (<30% Developed);Female;Unknown;0;No;1;30000273;Unknown/Missing;No;0;50-59;Motorist Overtaking - Other / Unknown;Shoulders Low, Soft Or High;No;#NULL!;Dry;0.1;Rural;Yes;11MAY2014;0;11:14;Unknown;#NULL!;Farms, Woods, Pastures;B: Evident Injury;Yes;Unknown Injury;339;May;0;Straight - Level;Piedmont;With Traffic;Double Yellow Line, No Passing Zone;Sunday;Non-Intersection;55;1;Two-Way, Not Divided;2 lanes;0;Missing;NC 273;Smooth Asphalt;3095;No Special Feature;Motorist Overtaking Bicyclist;NC Route;B: Evident Injury;Gaston;Unknown;Clear;2738;31-35 mph;40 - 45  MPH;2014;Daylight;Unknown
34.7272099136, -76.7528219832;"{""type"": ""Point"", ""coordinates"": [-76.75282198320062, 34.727209913603275]}";White;Morehead City;Sidewalk / Crosswalk / Driveway Crossing;2;16;Urban (>70% Developed);Female;Pickup;0;No;1;0;White;No;0;60-69;Motorist Drive Out - Commercial Driveway / Alley;None;No;#NULL!;Dry;0;Urban;No;02JUN2014;0;16:41;Male;#NULL!;Commercial;B: Evident Injury;Yes;O: No Injury;340;June;0;Straight - Level;Coastal;Facing Traffic;No Control Present;Monday;Non-Intersection;60;1;Two-Way, Not Divided;Unknown;0;No;PVA FIRST CITZENS BANK;Smooth Asphalt;#NULL!;No Special Feature;Motorist Failed to Yield - Midblock;Public Vehicular Area;B: Evident Injury;Carteret;42;Clear;UNKNOWN;0-5 mph;30 - 35  MPH;2014;Daylight;40-49
36.3206632786, -76.2195518982;"{""type"": ""Point"", ""coordinates"": [-76.21955189822451, 36.32066327857973]}";White;Elizabeth City;Bike Lane / Paved Shoulder;2;17;Mixed (30% To 70% Developed);Female;Sport Utility;0;No;0;20000017;White;No;1;16-19;Motorist Drive Out - Signalized Intersection;None;No;#NULL!;Dry;0;Urban;No;28JUL2014;0;17:12;Female;#NULL!;Commercial;C: Possible Injury;Yes;O: No Injury;353;July;0;Straight - Level;Coastal;Facing Traffic;Stop And Go Signal;Monday;Intersection;17;1;Two-Way, Divided, Unprotected Median;5 lanes;0;No;N ROAD ST;Smooth Asphalt;ROSEWOOD AVE;Four-Way Intersection;Motorist Failed to Yield - Signalized Intersection;Local Street;C: Possible Injury;Pasquotank;58;Clear;MEDICAL DR;0-5 mph;40 - 45  MPH;2014;Daylight;50-59
35.3725810146, -77.9791023881;"{""type"": ""Point"", ""coordinates"": [-77.9791023881377, 35.37258101462138]}";Black;Goldsboro;Travel Lane;2;12;Urban (>70% Developed);Male;Passenger Car;0;No;0;50009618;Black;No;1;50-59;Motorist Drive Out - Sign-Controlled Intersection;None;No;#NULL!;Dry;0;Urban;No;17JUN2014;0;12:19;Female;#NULL!;Residential;C: Possible Injury;No;O: No Injury;354;June;0;Straight - Level;Coastal;With Traffic;Stop Sign;Tuesday;Intersection;59;1;Two-Way, Not Divided;2 lanes;0;No;ELM ST;Coarse Asphalt;#NULL!;No Special Feature;Motorist Failed to Yield - Sign-Controlled Intersection;Local Street;C: Possible Injury;Wayne;69;Clear;OLEANDER AVE;Unknown;Unknown;2014;Daylight;60-69
35.5802768908, -82.5972537825;"{""type"": ""Point"", ""coordinates"": [-82.59725378252797, 35.58027689081669]}";White;Asheville;Travel Lane;2;13;Urban (>70% Developed);Male;Passenger Car;1;No;0;20000019;White;No;0;30-39;Bicyclist Left Turn - Same Direction;None;No;#NULL!;Dry;0.019;Urban;No;08JUN2014;0;13:52;Female;#NULL!;Commercial;C: Possible Injury;Yes;C: Possible Injury;363;June;0;Curve - Level;Mountains;With Traffic;No Control Present;Sunday;Intersection-Related;32;1;Two-Way, Not Divided;2 lanes;0;Unknown;19;Smooth Asphalt;BLUERIDGE AVE;No Special Feature;Bicyclist Left Turn / Merge;US Route;O: No Injury;Buncombe;31;Clear;CLOYES ST;31-35 mph;20 - 25  MPH;2014;Daylight;30-39
35.4682669337, -80.8493682572;"{""type"": ""Point"", ""coordinates"": [-80.84936825723399, 35.46826693365959]}";White;Cornelius;Travel Lane;2;16;Urban (>70% Developed);Male;Sport Utility;0;No;0;30000115;White;No;1;30-39;Bicyclist Left Turn - Same Direction;None;No;#NULL!;Dry;0.24;Urban;No;15JUN2014;0;16:35;Female;#NULL!;Commercial;C: Possible Injury;Yes;O: No Injury;364;June;0;Straight - Level;Piedmont;With Traffic;No Control Present;Sunday;Non-Intersection;31;1;Two-Way, Not Divided;2 lanes;0;No;OLD STATESVILLE RD;Smooth Asphalt;MEADOW CROSSING LN;Railroad Crossing;Bicyclist Left Turn / Merge;Local Street;C: Possible Injury;Mecklenburg;38;Clear;BAILEY RD;6-10 mph;40 - 45  MPH;2014;Daylight;30-39
35.9943671169, -78.8780466926;"{""type"": ""Point"", ""coordinates"": [-78.87804669258206, 35.9943671169005]}";Black;Durham;Sidewalk / Crosswalk / Driveway Crossing;2;17;Mixed (30% To 70% Developed);Male;Van;1;No;0;50008853;Unknown/Missing;No;0;6-10;Motorist Drive Out - Sign-Controlled Intersection;None;No;#NULL!;Dry;0;Urban;Yes;03AUG2014;0;17:40;Unknown;#NULL!;Residential;O: No Injury;Yes;Unknown Injury;374;August;0;Straight - Grade;Piedmont;Facing Traffic;Stop Sign;Sunday;Intersection;8;1;Two-Way, Not Divided;2 lanes;0;Missing;N DRIVER ST;Smooth Asphalt;HOLLOWAY ST;T-Intersection;Motorist Failed to Yield - Sign-Controlled Intersection;Local Street;O: No Injury;Durham;Unknown;Clear;HOLLOWAY ST;0-5 mph;30 - 35  MPH;2014;Daylight;Unknown
35.0438969105, -78.9454426637;"{""type"": ""Point"", ""coordinates"": [-78.94544266366448, 35.04389691049522]}";Black;Fayetteville;Sidewalk / Crosswalk / Driveway Crossing;2;18;Mixed (30% To 70% Developed);Male;Unknown;0;No;0;29000401;Unknown/Missing;No;1;30-39;Motorist Drive Out - Commercial Driveway / Alley;None;No;#NULL!;Dry;0.113;Urban;Yes;23JUL2014;0;18:03;Unknown;#NULL!;Commercial;C: Possible Injury;No;Unknown Injury;378;July;0;Straight - Level;Coastal;Facing Traffic;No Control Present;Wednesday;Non-Intersection;31;1;Two-Way, Not Divided;7 lanes;0;Missing;RAEFORD RD;Smooth Asphalt;FALSON AVE;No Special Feature;Motorist Failed to Yield - Midblock;Local Street;C: Possible Injury;Cumberland;Unknown;Clear;IRELAND;0-5 mph;40 - 45  MPH;2014;Daylight;Unknown
35.0691899151, -78.9592386682;"{""type"": ""Point"", ""coordinates"": [-78.95923866817392, 35.06918991514233]}";Black;Fayetteville;Sidewalk / Crosswalk / Driveway Crossing;2;19;Urban (>70% Developed);Male;Unknown;0;No;1;40001404;Unknown/Missing;No;0;30-39;Motorist Drive Out - Commercial Driveway / Alley;None;No;#NULL!;Dry;0.038;Urban;Yes;18JUN2014;0;19:30;Unknown;#NULL!;Commercial;B: Evident Injury;No;Unknown Injury;393;June;0;Straight - Level;Coastal;With Traffic;No Control Present;Wednesday;Non-Intersection;34;1;Two-Way, Not Divided;5 lanes;0;Missing;MORGANTON RD;Coarse Asphalt;ALL AMERICAN;T-Intersection;Motorist Failed to Yield - Midblock;Local Street;B: Evident Injury;Cumberland;Unknown;Clear;GLENSFORD DR;11-15 mph;40 - 45  MPH;2014;Daylight;Unknown
35.2895430108, -77.5486422523;"{""type"": ""Point"", ""coordinates"": [-77.54864225227175, 35.28954301081327]}";Black;Kinston;Travel Lane;2;15;Mixed (30% To 70% Developed);Male;Passenger Car;0;No;1;30000011;White;No;0;60-69;Motorist Drive Out - Other Midblock;None;No;#NULL!;Dry;0.1;Urban;No;06AUG2014;0;15:34;Male;#NULL!;Commercial;B: Evident Injury;Yes;O: No Injury;394;August;0;Straight - Level;Coastal;Facing Traffic;No Control Present;Wednesday;Non-Intersection;68;1;Two-Way, Divided, Unprotected Median;2 lanes;0;No;11;Coarse Asphalt;NYRA DR;Driveway, Public;Motorist Failed to Yield - Midblock;NC Route;B: Evident Injury;Lenoir;64;Clear;CUNNINGHAM RD;6-10 mph;50 - 55  MPH;2014;Daylight;60-69
35.7898820808, -78.6778726216;"{""type"": ""Point"", ""coordinates"": [-78.67787262163641, 35.789882080793085]}";White;Raleigh;Travel Lane;2;20;Urban (>70% Developed);Male;Passenger Car;0;No;0;0;White;No;1;30-39;Motorist Left Turn - Opposite Direction;None;No;#NULL!;Wet;0.003;Urban;No;11AUG2014;0;20:34;Female;#NULL!;Commercial;C: Possible Injury;Yes;O: No Injury;399;August;0;Straight - Level;Piedmont;With Traffic;No Control Present;Monday;Intersection;31;1;Two-Way, Not Divided;2 lanes;0;No;CONCORD ST;Smooth Asphalt;ME VALENTINE DR;No Special Feature;Motorist Left Turn / Merge;Local Street;C: Possible Injury;Wake;19;Rain;HILLSBOROUGH ST;11-15 mph;30 - 35  MPH;2014;Dark - Lighted Roadway;0-19
34.9533528908, -78.9382926564;"{""type"": ""Point"", ""coordinates"": [-78.93829265635318, 34.953352890783]}";Black;None - Rural Crash;Travel Lane;2;17;Mixed (30% To 70% Developed);Male;Unknown;0;No;0;40002989;Unknown/Missing;No;1;16-19;Motorist Drive Out - Sign-Controlled Intersection;None;No;#NULL!;Dry;0.001;Rural;Yes;28JUL2014;0;17:08;Unknown;#NULL!;Residential;C: Possible Injury;No;Unknown Injury;403;July;0;Straight - Level;Coastal;Facing Traffic;Stop Sign;Monday;Intersection-Related;19;1;Two-Way, Not Divided;2 lanes;0;Unknown;SR 2989;Coarse Asphalt;3374;No Special Feature;Motorist Failed to Yield - Sign-Controlled Intersection;NC Route;C: Possible Injury;Cumberland;Unknown;Clear;59;6-10 mph;40 - 45  MPH;2014;Daylight;Unknown
35.6657869894, -80.4658031527;"{""type"": ""Point"", ""coordinates"": [-80.46580315269658, 35.665786989408176]}";White;Salisbury;Non-Roadway;2;7;Urban (>70% Developed);Male;Sport Utility;1;No;0;50007063;White;No;0;40-49;Bicyclist Ride Out - Other Midblock;None;No;#NULL!;Dry;0.017;Urban;No;13AUG2014;0;7:55;Male;#NULL!;Commercial;O: No Injury;No;O: No Injury;411;August;0;Straight - Level;Piedmont;Not Applicable;No Control Present;Wednesday;Non-Intersection;42;1;Two-Way, Not Divided;2 lanes;0;No;E COUNCIL ST;Smooth Asphalt;DEPOT ST;Driveway, Private;Bicyclist Failed to Yield - Midblock;Local Street;O: No Injury;Rowan;24;Clear;N LONG ST;16-20 mph;30 - 35  MPH;2014;Daylight;20-24
36.0664130985, -79.8153429805;"{""type"": ""Point"", ""coordinates"": [-79.8153429804997, 36.06641309849985]}";White;Greensboro;Travel Lane;2;22;Urban (>70% Developed);Male;Sport Utility;0;#NULL!;0;0;White;No;0;50-59;Motorist Overtaking - Other / Unknown;None;No;No;Dry;0;Urban;No;26MAR2008;0;22:29;Female;No;Residential;B: Evident Injury;Yes;O: No Injury;5641;March;0;Straight - Grade;Piedmont;With Traffic;No Control Present;Wednesday;Non-Intersection;53;0;Two-Way, Not Divided;4 lanes;0;#NULL!;#NULL!;Coarse Asphalt;#NULL!;No Special Feature;Motorist Overtaking Bicyclist;Local Street;B: Evident Injury;Guilford;23;Clear;#NULL!;31-35 mph;30 - 35  MPH;2008;Dark - Lighted Roadway;20-24
34.2251617654, -77.9041823085;"{""type"": ""Point"", ""coordinates"": [-77.90418230852453, 34.225161765441044]}";Black;Wilmington;Travel Lane;2;17;Urban (>70% Developed);Male;Pickup;0;#NULL!;0;0;White;No;0;11-15;Motorist Drive Out - Commercial Driveway / Alley;None;No;No;Dry;0;Urban;No;26MAR2008;0;17:16;Male;No;Commercial;C: Possible Injury;Yes;O: No Injury;5643;March;0;Straight - Level;Coastal;Facing Traffic;Missing;Wednesday;Non-Intersection;13;0;One-Way, Not Divided;1 lane;0;#NULL!;#NULL!;Smooth Asphalt;#NULL!;No Special Feature;Motorist Failed to Yield - Midblock;Local Street;C: Possible Injury;New Hanover;40;Clear;#NULL!;0-5 mph;40 - 45  MPH;2008;Daylight;40-49
36.0914170806, -80.4296431659;"{""type"": ""Point"", ""coordinates"": [-80.42964316588773, 36.09141708060594]}";White;Lewisville;Travel Lane;2;16;Rural (<30% Developed);Female;Passenger Car;0;#NULL!;0;0;White;No;0;60-69;Motorist Drive Through - Sign-Controlled Intersection;None;No;No;Dry;0;Urban;No;27MAR2008;0;16:30;Female;No;Farms, Woods, Pastures;B: Evident Injury;Yes;O: No Injury;5645;March;0;Straight - Level;Piedmont;With Traffic;Yield Sign;Thursday;Intersection;61;0;One-Way, Not Divided;1 lane;0;#NULL!;#NULL!;Smooth Asphalt;#NULL!;Traffic Circle/Roundabout;Motorist Failed to Yield - Sign-Controlled Intersection;State Secondary Route;B: Evident Injury;Forsyth;65;Clear;#NULL!;0-5 mph;40 - 45  MPH;2008;Daylight;60-69
36.1386831145, -79.7902629768;"{""type"": ""Point"", ""coordinates"": [-79.79026297675254, 36.138683114455596]}";White;Greensboro;Travel Lane;2;16;Urban (>70% Developed);Male;Passenger Car;0;#NULL!;0;0;White;No;0;11-15;Bicyclist Left Turn - Same Direction;None;No;No;Dry;0;Urban;No;27MAR2008;0;16:37;Male;No;Residential;C: Possible Injury;Yes;O: No Injury;5648;March;0;Straight - Level;Piedmont;With Traffic;No Control Present;Thursday;Intersection;14;0;Two-Way, Not Divided;2 lanes;0;#NULL!;#NULL!;Coarse Asphalt;#NULL!;No Special Feature;Bicyclist Left Turn / Merge;Local Street;C: Possible Injury;Guilford;29;Clear;#NULL!;31-35 mph;30 - 35  MPH;2008;Daylight;25-29
35.2541538746, -81.1972633488;"{""type"": ""Point"", ""coordinates"": [-81.19726334880232, 35.254153874576104]}";White;Gastonia;Travel Lane;2;15;Urban (>70% Developed);Male;Sport Utility;0;#NULL!;0;0;Black;No;0;11-15;Motorist Drive Out - Sign-Controlled Intersection;None;No;No;Dry;0;Urban;No;28MAR2008;0;15:15;Male;No;Residential;C: Possible Injury;Yes;O: No Injury;5649;March;0;Straight - Grade;Piedmont;Facing Traffic;Stop Sign;Friday;Intersection;14;0;Two-Way, Not Divided;5 lanes;0;#NULL!;#NULL!;Smooth Asphalt;#NULL!;Four-Way Intersection;Motorist Failed to Yield - Sign-Controlled Intersection;Local Street;C: Possible Injury;Gaston;42;Clear;#NULL!;0-5 mph;30 - 35  MPH;2008;Daylight;40-49
34.2137097656, -77.8055672785;"{""type"": ""Point"", ""coordinates"": [-77.80556727845558, 34.21370976564201]}";White;Wrightsville Beach;Travel Lane;2;13;Urban (>70% Developed);Male;Passenger Car;0;#NULL!;0;0;Unknown/Missing;No;0;60-69;Bicyclist Overtaking - Parked Vehicle;None;No;No;Dry;0;Rural;No;29MAR2008;0;13:47;Unknown;Missing;Residential;B: Evident Injury;Yes;Unknown Injury;5653;March;0;Straight - Level;Coastal;With Traffic;No Control Present;Saturday;Non-Intersection;61;0;Two-Way, Not Divided;4 lanes;0;#NULL!;#NULL!;Coarse Asphalt;#NULL!;No Special Feature;Bicyclist Overtaking Motorist;US Route;B: Evident Injury;New Hanover;Unknown;Cloudy;#NULL!;0-5 mph;5 - 15 MPH;2008;Daylight;Unknown
36.0078612295, -75.6652777116;"{""type"": ""Point"", ""coordinates"": [-75.66527771163678, 36.007861229461234]}";White;Kill Devil Hills;Multi-use Path;2;7;Mixed (30% To 70% Developed);Female;Sport Utility;0;#NULL!;0;0;White;No;0;11-15;Motorist Right Turn - Same Direction;None;No;No;Dry;0;Urban;No;02APR2008;0;7:50;Male;No;Institutional;C: Possible Injury;No;O: No Injury;5658;April;0;Straight - Level;Coastal;With Traffic;Missing;Wednesday;Intersection;13;0;Two-Way, Not Divided;Unknown;0;#NULL!;#NULL!;Smooth Asphalt;#NULL!;Driveway, Public;Motorist Right Turn / Merge;Public Vehicular Area;C: Possible Injury;Dare;18;Cloudy;#NULL!;11-15 mph;20 - 25  MPH;2008;Daylight;0-19
35.4308069298, -80.7399032225;"{""type"": ""Point"", ""coordinates"": [-80.73990322245588, 35.430806929821706]}";White;Concord;Unknown;2;17;Urban (>70% Developed);Female;Passenger Car;0;#NULL!;0;0;White;No;0;11-15;Bicyclist Lost Control - Other / Unknown;None;No;No;Dry;0;Urban;No;04APR2008;0;17:10;Female;No;Commercial;C: Possible Injury;No;O: No Injury;5666;April;0;Straight - Hillcrest;Piedmont;With Traffic;Stop Sign;Friday;Intersection;13;0;Two-Way, Not Divided;5 lanes;0;#NULL!;#NULL!;Smooth Asphalt;#NULL!;T-Intersection;Loss of Control / Turning Error;Local Street;C: Possible Injury;Cabarrus;47;Clear;#NULL!;0-5 mph;30 - 35  MPH;2008;Daylight;40-49
35.3590729119, -80.7990732358;"{""type"": ""Point"", ""coordinates"": [-80.79907323575044, 35.35907291191086]}";White;Charlotte;Travel Lane;2;21;Urban (>70% Developed);Male;Passenger Car;0;#NULL!;0;0;White;No;0;16-19;Motorist Drive Out - Sign-Controlled Intersection;None;No;No;Dry;0;Urban;No;26MAY2008;0;21:39;Female;No;Residential;C: Possible Injury;No;O: No Injury;5670;May;0;Straight - Level;Piedmont;With Traffic;Stop Sign;Monday;Intersection;17;0;Two-Way, Not Divided;2 lanes;0;#NULL!;#NULL!;Smooth Asphalt;#NULL!;No Special Feature;Motorist Failed to Yield - Sign-Controlled Intersection;Local Street;C: Possible Injury;Mecklenburg;46;Clear;#NULL!;Unknown;Unknown;2008;Dark - Roadway Not Lighted;40-49
35.4893668747, -82.5240637556;"{""type"": ""Point"", ""coordinates"": [-82.52406375558783, 35.48936687466511]}";White;Asheville;Travel Lane;2;7;Urban (>70% Developed);Male;Sport Utility;0;#NULL!;0;0;White;No;0;30-39;Motorist Left Turn - Opposite Direction;None;No;No;Dry;0;Urban;No;09APR2008;0;7:51;Male;No;Commercial;B: Evident Injury;No;O: No Injury;5674;April;0;Straight - Level;Mountains;With Traffic;Stop And Go Signal;Wednesday;Intersection;33;0;Two-Way, Not Divided;5 lanes;0;#NULL!;#NULL!;Smooth Asphalt;#NULL!;Four-Way Intersection;Motorist Left Turn / Merge;US Route;B: Evident Injury;Buncombe;55;Clear;#NULL!;16-20 mph;40 - 45  MPH;2008;Daylight;50-59
35.5945169601, -80.8443432622;"{""type"": ""Point"", ""coordinates"": [-80.84434326215566, 35.59451696012389]}";White;Mooresville;Sidewalk / Crosswalk / Driveway Crossing;2;19;Urban (>70% Developed);Male;Passenger Car;0;#NULL!;0;0;White;No;0;0-5;Non-Roadway;None;No;No;Dry;0;Urban;No;12APR2008;0;19:59;Female;No;Residential;C: Possible Injury;No;O: No Injury;5680;April;0;Unknown;Piedmont;Not Applicable;Missing;Saturday;Non-Roadway;3;0;Unknown;Unknown;0;#NULL!;#NULL!;Unknown;#NULL!;No Special Feature;Non-Roadway;Local Street;C: Possible Injury;Iredell;37;Clear;#NULL!;Unknown;Unknown;2008;Dusk;30-39
35.3736490152, -77.9846123894;"{""type"": ""Point"", ""coordinates"": [-77.9846123893672, 35.37364901516211]}";Black;Goldsboro;Sidewalk / Crosswalk / Driveway Crossing;2;10;Urban (>70% Developed);Male;Pedestrian;0;#NULL!;0;0;Black;No;0;60-69;Bicyclist Ride Out - Parallel Path;None;No;No;Dry;0;Urban;No;16APR2008;0;10:20;Male;No;Commercial;B: Evident Injury;Yes;B: Evident Injury;5687;April;0;Straight - Level;Coastal;With Traffic;No Control Present;Wednesday;Non-Intersection;60;0;Two-Way, Not Divided;3 lanes;0;#NULL!;#NULL!;Coarse Asphalt;#NULL!;No Special Feature;Parallel Paths - Other Circumstances;Local Street;O: No Injury;Wayne;62;Clear;#NULL!;Unknown;Unknown;2008;Daylight;60-69
35.2847400072, -77.6462322824;"{""type"": ""Point"", ""coordinates"": [-77.64623228238672, 35.28474000720709]}";Black;None - Rural Crash;Travel Lane;2;20;Urban (>70% Developed);Male;Passenger Car;0;#NULL!;0;0;White;No;0;40-49;Head-On - Unknown;None;No;No;Dry;0;Rural;No;17APR2008;0;20:26;Male;No;Residential;B: Evident Injury;Yes;O: No Injury;5690;April;0;Straight - Level;Coastal;With Traffic;Missing;Thursday;Non-Intersection;42;0;Two-Way, Not Divided;5 lanes;0;#NULL!;#NULL!;Coarse Asphalt;#NULL!;No Special Feature;Head-On;US Route;B: Evident Injury;Lenoir;16;Clear;#NULL!;41-45 mph;40 - 45  MPH;2008;Dark - Roadway Not Lighted;0-19
34.2233987657, -77.8822123017;"{""type"": ""Point"", ""coordinates"": [-77.88221230173235, 34.22339876571701]}";White;Wilmington;Sidewalk / Crosswalk / Driveway Crossing;2;13;Urban (>70% Developed);Male;Passenger Car;0;#NULL!;0;0;Black;No;0;25-29;Motorist Drive Through - Signalized Intersection;None;No;No;Dry;0;Urban;No;17APR2008;0;13:03;Male;No;Commercial;C: Possible Injury;Yes;O: No Injury;5691;April;0;Straight - Level;Coastal;With Traffic;Stop And Go Signal;Thursday;Intersection;29;0;Two-Way, Divided, Unprotected Median;6 lanes;0;#NULL!;#NULL!;Smooth Asphalt;#NULL!;Four-Way Intersection;Motorist Failed to Yield - Signalized Intersection;Local Street;C: Possible Injury;New Hanover;26;Clear;#NULL!;41-45 mph;40 - 45  MPH;2008;Daylight;25-29
34.6088248127, -79.0226626651;"{""type"": ""Point"", ""coordinates"": [-79.02266266507677, 34.60882481267353]}";Black;Lumberton;Travel Lane;2;16;Urban (>70% Developed);Male;Sport Utility;0;#NULL!;0;0;Black;No;0;11-15;Bicyclist Left Turn - Same Direction;None;No;No;Dry;0;Urban;No;17APR2008;0;16:06;Female;No;Residential;B: Evident Injury;Yes;O: No Injury;5692;April;0;Straight - Level;Coastal;With Traffic;No Control Present;Thursday;Non-Intersection;15;0;Two-Way, Not Divided;4 lanes;0;#NULL!;#NULL!;Coarse Asphalt;#NULL!;No Special Feature;Bicyclist Left Turn / Merge;NC Route;B: Evident Injury;Robeson;42;Clear;#NULL!;6-10 mph;30 - 35  MPH;2008;Daylight;40-49
34.8815949432, -76.8929520334;"{""type"": ""Point"", ""coordinates"": [-76.89295203337645, 34.88159494319665]}";Other;Havelock;Unknown;2;14;Urban (>70% Developed);Male;Unknown;0;#NULL!;0;0;Unknown/Missing;No;0;16-19;Unknown Location;None;No;No;Dry;0;Urban;Yes;17APR2008;0;14:55;Unknown;Missing;Residential;C: Possible Injury;No;Unknown Injury;5695;April;0;Straight - Level;Coastal;Unknown;Missing;Thursday;Unknown Location;16;0;Two-Way, Not Divided;2 lanes;0;#NULL!;#NULL!;Smooth Asphalt;#NULL!;T-Intersection;Other / Unknown - Insufficient Details;Local Street;C: Possible Injury;Craven;Unknown;Clear;#NULL!;0-5 mph;20 - 25  MPH;2008;Daylight;Unknown