Geo Point;Geo Shape;BikeRace;City;BikePos;NumUnits;CrashHour;Locality;BikeSex;DrvrVehTyp;NumBikesNo;BikeAlcDrg;NumBikesBI;RteInvdCd;DrvrRace;Workzone;NumBikesCi;BikeAgeGrp;CrashType;RdDefects;CrashAlcoh;BikeAlcoho;RdConditio;DstncMiFrm;RuralUrban;HitRun;CrashDate;NumBikesUI;CrashTime;DrvrSex;DrvrAlcoho;Developmen;CrashSevr;AmbulanceR;DrvrInjury;OBJECTID;CrashMonth;NumBikesKi;RdCharacte;Region;BikeDir;TraffCntrl;CrashDay;CrashLoc;BikeAge;NumBikesTo;RdConfig;NumLanes;NumBikesAI;DrvrAlcDrg;OnRoad;RdSurface;Towrd_Rd;RdFeature;CrashGrp;RdClass;BikeInjury;County;DrvrAge;Weather;FrmRd;DrvrEstSpd;SpeedLimit;CrashYear;LightCond;DrvrAgeGrp
35.5705638891, -82.5794787764;"{""type"": ""Point"", ""coordinates"": [-82.57947877643826, 35.570563889067756]}";Unknown/Missing;Asheville;Sidewalk / Crosswalk / Driveway Crossing;2;11;Urban (>70% Developed);Unknown;Passenger Car;0;Unknown;0;50029095;White;No;0;Unknown;Bicyclist Left Turn - Opposite Direction;None;No;#NULL!;Dry;0.061;Urban;No;23AUG2014;1;11:55;Female;#NULL!;Residential;O: No Injury;No;O: No Injury;574;August;0;Straight - Grade;Mountains;With Traffic;No Control Present;Saturday;Non-Intersection;Unknown;1;Two-Way, Not Divided;2 lanes;0;No;STATE ST;Smooth Asphalt;HANOVER ST;No Special Feature;Bicyclist Left Turn / Merge;Local Street;Unknown Injury;Buncombe;31;Clear;SHORT MICHIGAN AVE;26-30 mph;30 - 35  MPH;2014;Daylight;30-39
34.7915029067, -77.4003771832;"{""type"": ""Point"", ""coordinates"": [-77.40037718321221, 34.791502906696735]}";White;Jacksonville;Travel Lane;2;8;Urban (>70% Developed);Female;Sport Utility;1;No;1;0;Hispanic;No;0;30-39;Bicyclist Turning Error - Right Turn;None;No;#NULL!;Dry;0.008;Urban;No;27AUG2014;0;8:05;Female;#NULL!;Farms, Woods, Pastures;B: Evident Injury;Yes;O: No Injury;576;August;0;Straight - Level;Coastal;With Traffic;Double Yellow Line, No Passing Zone;Wednesday;Intersection;37;2;Two-Way, Divided, Unprotected Median;4 lanes;0;No;COMMONS DR SOUTH;Smooth Asphalt;GATEWAY DR N;Four-Way Intersection;Loss of Control / Turning Error;Local Street;B: Evident Injury;Onslow;28;Cloudy;GATEWAY DR SOUTH;11-15 mph;20 - 25  MPH;2014;Daylight;25-29
35.5685040784, -77.3567222085;"{""type"": ""Point"", ""coordinates"": [-77.35672220854919, 35.56850407840892]}";Black;Greenville;Travel Lane;2;18;Mixed (30% To 70% Developed);Female;Passenger Car;0;No;0;50000980;White;No;1;60-69;Motorist Drive Out - Sign-Controlled Intersection;None;No;#NULL!;Dry;0;Urban;No;25SEP2014;0;18:13;Female;#NULL!;Residential;C: Possible Injury;Yes;O: No Injury;600;September;0;Straight - Level;Coastal;Facing Traffic;Stop Sign;Thursday;Intersection;60;1;Two-Way, Not Divided;5 lanes;0;No;E ARLINGTON BLVD;Coarse Asphalt;BRADFORD DR;Four-Way Intersection;Motorist Failed to Yield - Sign-Controlled Intersection;Local Street;C: Possible Injury;Pitt;70+;Clear;TURNBURY DR;11-15 mph;20 - 25  MPH;2014;Dusk;70+
34.2309827668, -77.892162305;"{""type"": ""Point"", ""coordinates"": [-77.89216230499537, 34.23098276682722]}";White;Wilmington;Travel Lane;2;18;Urban (>70% Developed);Female;Passenger Car;0;No;0;50025321;White;No;1;25-29;Motorist Drive Out - Sign-Controlled Intersection;None;No;#NULL!;Dry;0;Urban;No;09SEP2014;0;18:35;Female;#NULL!;Commercial;C: Possible Injury;Yes;O: No Injury;569;September;0;Straight - Level;Coastal;With Traffic;Stop Sign;Tuesday;Intersection;26;1;Two-Way, Not Divided;4 lanes;0;No;RANDALL PKY;Smooth Asphalt;RANDALL PKY;T-Intersection;Motorist Failed to Yield - Sign-Controlled Intersection;Local Street;C: Possible Injury;New Hanover;20;Clear;MARLBORO ST;0-5 mph;30 - 35  MPH;2014;Daylight;20-24
35.7892220812, -78.6592526154;"{""type"": ""Point"", ""coordinates"": [-78.65925261544137, 35.78922208121247]}";White;Raleigh;Travel Lane;2;14;Urban (>70% Developed);Male;Passenger Car;0;No;0;50033536;Native American;No;1;50-59;Bicyclist Turning Error - Other;None;No;#NULL!;Dry;0.009;Urban;No;27SEP2014;0;14:49;Female;#NULL!;Commercial;C: Possible Injury;Yes;O: No Injury;584;September;0;Straight - Grade;Piedmont;With Traffic;No Control Present;Saturday;Intersection-Related;56;1;Two-Way, Not Divided;3 lanes;0;No;WOODBURN RD;Smooth Asphalt;CAMERON ST;No Special Feature;Loss of Control / Turning Error;Local Street;C: Possible Injury;Wake;23;Clear;CLARK AVE;16-20 mph;20 - 25  MPH;2014;Daylight;20-24
35.108266861, -80.7290832013;"{""type"": ""Point"", ""coordinates"": [-80.72908320132204, 35.10826686095401]}";White;Matthews;Travel Lane;2;9;Urban (>70% Developed);Male;Passenger Car;0;No;1;40003448;White;No;0;40-49;Motorist Left Turn - Opposite Direction;None;No;#NULL!;Dry;0;Urban;No;27SEP2014;0;9:14;Male;#NULL!;Residential;B: Evident Injury;Yes;O: No Injury;616;September;0;Straight - Level;Piedmont;With Traffic;Stop And Go Signal;Saturday;Intersection;45;1;Two-Way, Divided, Unprotected Median;3 lanes;0;No;S TRADE ST;Smooth Asphalt;#NULL!;Four-Way Intersection;Motorist Left Turn / Merge;Local Street;B: Evident Injury;Mecklenburg;70+;Clear;FULLWOOD LN;0-5 mph;30 - 35  MPH;2014;Daylight;70+
36.3477822347, -77.6731363457;"{""type"": ""Point"", ""coordinates"": [-77.67313634569187, 36.34778223465915]}";White;None - Rural Crash;Travel Lane;2;19;Rural (<30% Developed);Male;Passenger Car;1;No;0;40001616;White;No;0;60-69;Motorist Overtaking - Undetected Bicyclist;None;No;#NULL!;Dry;0.2;Rural;No;04OCT2014;0;19:15;Male;#NULL!;Farms, Woods, Pastures;O: No Injury;No;O: No Injury;611;October;0;Straight - Level;Coastal;With Traffic;No Control Present;Saturday;Non-Intersection;62;1;Two-Way, Not Divided;2 lanes;0;No;SR 1616;Coarse Asphalt;1613;No Special Feature;Motorist Overtaking Bicyclist;State Secondary Route;O: No Injury;Halifax;48;Clear;1617;51-55 mph;50 - 55  MPH;2014;Dusk;40-49
35.0143008999, -79.0616626966;"{""type"": ""Point"", ""coordinates"": [-79.06166269658948, 35.01430089988562]}";White;Fayetteville;Travel Lane;2;10;Mixed (30% To 70% Developed);Male;Passenger Car;0;No;1;40001112;Black;No;0;25-29;Head-On - Bicyclist;None;No;#NULL!;Dry;0;Urban;No;31AUG2014;0;10:03;Male;#NULL!;Farms, Woods, Pastures;B: Evident Injury;Yes;O: No Injury;594;August;0;Straight - Level;Coastal;Facing Traffic;No Control Present;Sunday;Intersection;26;1;Two-Way, Not Divided;2 lanes;0;No;STONEY POINT RD;Coarse Asphalt;SYKES POND RD;Four-Way Intersection;Head-On;Local Street;B: Evident Injury;Cumberland;70+;Clear;GALATIA CHURCH RD;26-30 mph;50 - 55  MPH;2014;Daylight;70+
35.6725420951, -77.5152722621;"{""type"": ""Point"", ""coordinates"": [-77.5152722621292, 35.67254209513303]}";Black;None - Rural Crash;Travel Lane;2;19;Rural (<30% Developed);Female;Sport Utility;0;No;1;0;Black;No;0;6-10;Motorist Overtaking - Other / Unknown;None;No;#NULL!;Dry;0.1;Rural;No;18JUL2014;0;19:29;Male;#NULL!;Residential;B: Evident Injury;No;O: No Injury;578;July;0;Straight - Level;Coastal;With Traffic;No Control Present;Friday;Non-Intersection;7;1;Two-Way, Not Divided;2 lanes;0;No;KING BRANCH DR;Coarse Asphalt;1247;Driveway, Private;Motorist Overtaking Bicyclist;Local Street;B: Evident Injury;Pitt;21;Clear;FAIR BANKS CT;0-5 mph;5 - 15 MPH;2014;Daylight;20-24
35.9183470025, -81.5289434848;"{""type"": ""Point"", ""coordinates"": [-81.52894348479771, 35.91834700252135]}";Black;Lenoir;Non-Roadway;2;17;Urban (>70% Developed);Male;Sport Utility;1;No;0;0;Unknown/Missing;No;0;11-15;Non-Roadway;None;No;#NULL!;Dry;0;Urban;No;13SEP2014;0;17:55;Unknown;#NULL!;Residential;O: No Injury;No;Unknown Injury;563;September;0;Straight - Grade;Mountains;Not Applicable;No Control Present;Saturday;Non-Roadway;12;1;Two-Way, Not Divided;Unknown;0;Missing;PVA WILSON STREET;Smooth Asphalt;WILSON STREET;No Special Feature;Non-Roadway;Public Vehicular Area;O: No Injury;Caldwell;Unknown;Clear;226 WILSON STREET;0-5 mph;5 - 15 MPH;2014;Daylight;Unknown
34.9406969543, -76.9491020531;"{""type"": ""Point"", ""coordinates"": [-76.94910205309128, 34.940696954297316]}";White;None - Rural Crash;Travel Lane;2;18;Mixed (30% To 70% Developed);Male;Passenger Car;0;Yes-Alcohol,  impairment suspected;0;20000070;White;No;1;50-59;Bicyclist Ride Through - Sign-Controlled Intersection;None;Yes;#NULL!;Dry;0.9;Rural;No;20NOV2014;0;18:16;Male;#NULL!;Residential;C: Possible Injury;Yes;O: No Injury;793;November;0;Straight - Level;Coastal;Not Applicable;Stop Sign;Thursday;Intersection;56;1;Two-Way, Divided, Unprotected Median;4 lanes;0;No;US 70;Coarse Asphalt;1760;Four-Way Intersection;Bicyclist Failed to Yield - Sign-Controlled Intersection;US Route;C: Possible Injury;Craven;17;Clear;1176;61-65 mph;50 - 55  MPH;2014;Dark - Roadway Not Lighted;0-19
35.1780308701, -80.8801072503;"{""type"": ""Point"", ""coordinates"": [-80.88010725027833, 35.17803087010703]}";Black;Charlotte;Sidewalk / Crosswalk / Driveway Crossing;2;15;Urban (>70% Developed);Male;Passenger Car;0;No;1;40001291;Black;No;0;25-29;Motorist Drive Out - Commercial Driveway / Alley;None;No;#NULL!;Dry;0.019;Urban;No;10DEC2014;0;15:37;Female;#NULL!;Commercial;B: Evident Injury;Yes;O: No Injury;780;December;0;Straight - Level;Piedmont;Facing Traffic;No Control Present;Wednesday;Non-Intersection;28;1;Two-Way, Divided, Unprotected Median;2 lanes;0;No;WOODLAWN RD;Smooth Asphalt;CHASTAIN AVE;Driveway, Public;Motorist Failed to Yield - Midblock;Local Street;B: Evident Injury;Mecklenburg;49;Clear;OLD PINEVILLE RD;0-5 mph;30 - 35  MPH;2014;Daylight;40-49
35.0639829181, -78.8323466296;"{""type"": ""Point"", ""coordinates"": [-78.83234662963292, 35.06398291810521]}";Black;None - Rural Crash;Travel Lane;2;18;Mixed (30% To 70% Developed);Male;Passenger Car;1;Yes-Alcohol,  impairment suspected;0;40001838;White;No;0;50-59;Motorist Overtaking - Other / Unknown;None;Yes;#NULL!;Dry;0.15;Rural;No;14DEC2014;0;18:11;Male;#NULL!;Farms, Woods, Pastures;O: No Injury;No;O: No Injury;801;December;0;Straight - Level;Coastal;With Traffic;No Control Present;Sunday;Non-Intersection;54;1;Two-Way, Not Divided;2 lanes;0;No;1838;Coarse Asphalt;1725;No Special Feature;Motorist Overtaking Bicyclist;State Secondary Route;O: No Injury;Cumberland;42;Clear;1735;46-50 mph;50 - 55  MPH;2014;Dark - Roadway Not Lighted;40-49
34.6177468156, -79.0036266598;"{""type"": ""Point"", ""coordinates"": [-79.0036266597691, 34.6177468155777]}";Native American;Lumberton;Sidewalk / Crosswalk / Driveway Crossing;2;11;Urban (>70% Developed);Male;Pickup;0;No;0;40002007;White;No;1;50-59;Motorist Drive Out - Sign-Controlled Intersection;None;No;#NULL!;Wet;0;Urban;No;25NOV2014;0;11:23;Male;#NULL!;Commercial;C: Possible Injury;No;O: No Injury;771;November;0;Straight - Level;Coastal;Facing Traffic;Stop Sign;Tuesday;Intersection;55;1;Two-Way, Divided, Positive Median Barrier;3 lanes;0;No;CEDAR ST;Coarse Asphalt;3RD ST;Four-Way Intersection;Motorist Failed to Yield - Sign-Controlled Intersection;Local Street;C: Possible Injury;Robeson;36;Rain;2ND ST;0-5 mph;20 - 25  MPH;2014;Daylight;30-39
34.3419637591, -78.8744126067;"{""type"": ""Point"", ""coordinates"": [-78.87441260667342, 34.34196375914169]}";Black;None - Rural Crash;Travel Lane;2;17;Rural (<30% Developed);Male;Passenger Car;0;Yes-Alcohol,  impairment suspected;1;40001504;White;No;0;50-59;Head-On - Bicyclist;None;Yes;#NULL!;Dry;1;Rural;No;18DEC2014;0;17:38;Female;#NULL!;Farms, Woods, Pastures;B: Evident Injury;Yes;O: No Injury;797;December;0;Straight - Level;Coastal;Facing Traffic;No Control Present;Thursday;Non-Intersection;52;1;Two-Way, Not Divided;2 lanes;0;No;SR 1504;Coarse Asphalt;1525;No Special Feature;Head-On;State Secondary Route;B: Evident Injury;Columbus;34;Clear;76;41-45 mph;50 - 55  MPH;2014;Dark - Roadway Not Lighted;30-39
35.5229100772, -77.0859781234;"{""type"": ""Point"", ""coordinates"": [-77.08597812335096, 35.52291007715736]}";Black;None - Rural Crash;Travel Lane;2;16;Rural (<30% Developed);Male;Single Unit Truck (2-Axle, 6-Tire);0;No;1;29000017;White;No;0;60-69;Motorist Overtaking - Other / Unknown;None;No;#NULL!;Dry;0.3;Rural;No;01DEC2014;0;16:39;Male;#NULL!;Farms, Woods, Pastures;B: Evident Injury;Yes;O: No Injury;777;December;0;Straight - Level;Coastal;With Traffic;No Control Present;Monday;Non-Intersection;60;1;One-Way, Not Divided;4 lanes;0;No;US 17;Smooth Asphalt;1166;No Special Feature;Motorist Overtaking Bicyclist;US Route;B: Evident Injury;Beaufort;55;Clear;CHOCOWINITY;36-40 mph;50 - 55  MPH;2014;Daylight;50-59
35.8623610588, -79.7008389341;"{""type"": ""Point"", ""coordinates"": [-79.70083893414095, 35.86236105879947]}";Black;None - Rural Crash;Travel Lane;2;17;Rural (<30% Developed);Male;Pickup;0;No;1;30000022;White;No;0;50-59;Motorist Overtaking - Other / Unknown;None;No;#NULL!;Dry;0.3;Rural;No;03DEC2014;0;17:48;Male;#NULL!;Farms, Woods, Pastures;B: Evident Injury;Yes;O: No Injury;776;December;0;Straight - Level;Piedmont;With Traffic;No Control Present;Wednesday;Non-Intersection;52;1;Two-Way, Not Divided;2 lanes;0;No;NC 22;Smooth Asphalt;2138;No Special Feature;Motorist Overtaking Bicyclist;NC Route;B: Evident Injury;Randolph;68;Cloudy;2114;46-50 mph;50 - 55  MPH;2014;Dark - Roadway Not Lighted;60-69
35.5924170758, -77.58973228;"{""type"": ""Point"", ""coordinates"": [-77.58973228000553, 35.592417075821814]}";White;Farmville;Travel Lane;2;15;Urban (>70% Developed);Male;Passenger Car;1;No;0;29000258;Black;No;0;40-49;Motorist Overtaking - Other / Unknown;None;No;#NULL!;Dry;0.024;Rural;No;21NOV2014;0;15:51;Female;#NULL!;Residential;O: No Injury;No;O: No Injury;759;November;0;Straight - Level;Coastal;With Traffic;No Control Present;Friday;Non-Intersection;47;1;Two-Way, Not Divided;2 lanes;0;No;SOUTH MAIN ST;Smooth Asphalt;E HINES ST;No Special Feature;Motorist Overtaking Bicyclist;Local Street;O: No Injury;Pitt;31;Clear;CRESTWOOD;31-35 mph;30 - 35  MPH;2014;Daylight;30-39
36.1049001168, -79.5394728992;"{""type"": ""Point"", ""coordinates"": [-79.53947289922836, 36.10490011676646]}";White;Gibsonville;Non-Roadway;2;13;Urban (>70% Developed);Male;Passenger Car;0;Unknown;0;0;Unknown/Missing;No;1;30-39;Non-Roadway;None;No;#NULL!;Dry;0;Urban;No;14NOV2014;0;13:54;Unknown;#NULL!;Commercial;C: Possible Injury;No;Unknown Injury;754;November;0;Straight - Level;Piedmont;Not Applicable;No Control Present;Friday;Non-Roadway;34;1;Two-Way, Not Divided;Unknown;0;Missing;PVA BURK ST;Coarse Asphalt;SPRINWOOD AVE;No Special Feature;Non-Roadway;Public Vehicular Area;C: Possible Injury;Guilford;Unknown;Clear;BURKE ST;Unknown;Unknown;2014;Daylight;Unknown
35.0602829139, -78.9486526648;"{""type"": ""Point"", ""coordinates"": [-78.94865266477339, 35.06028291394171]}";White;Fayetteville;Travel Lane;2;7;Urban (>70% Developed);Male;Passenger Car;0;No;0;50019623;Black;No;1;25-29;Signalized Intersection - Other / Unknown;None;No;#NULL!;Dry;0;Urban;No;23OCT2014;0;7:31;Female;#NULL!;Residential;C: Possible Injury;No;O: No Injury;705;October;0;Straight - Level;Coastal;With Traffic;Stop And Go Signal;Thursday;Intersection;25;1;Two-Way, Divided, Unprotected Median;9 or more lanes;0;No;S MCPHERSON CH RD;Coarse Asphalt;CLIFFDALE RD;Four-Way Intersection;Crossing Paths - Other Circumstances;Local Street;C: Possible Injury;Cumberland;64;Clear;CLIFFDALE RD;31-35 mph;40 - 45  MPH;2014;Dawn;60-69
35.0068968939, -79.1771227306;"{""type"": ""Point"", ""coordinates"": [-79.17712273059449, 35.006896893903075]}";Black;None - Rural Crash;Bike Lane / Paved Shoulder;2;22;Mixed (30% To 70% Developed);Male;Single Unit Truck (3 Or More Axles);0;Unknown;0;20000401;Black;No;0;25-29;Bicyclist Ride Out - Other Midblock;None;No;#NULL!;Wet;0.01;Rural;No;15SEP2014;0;22:11;Male;#NULL!;Commercial;K: Killed;No;O: No Injury;664;September;1;Straight - Level;Coastal;Unknown;No Control Present;Monday;Non-Intersection;27;1;Two-Way, Not Divided;4 lanes;0;No;401;Coarse Asphalt;RP 1408;No Special Feature;Bicyclist Failed to Yield - Midblock;US Route;K: Killed;Hoke;32;Cloudy;401;41-45 mph;50 - 55  MPH;2014;Dark - Roadway Not Lighted;30-39
35.2652698781, -81.1873533461;"{""type"": ""Point"", ""coordinates"": [-81.18735334608287, 35.26526987814776]}";Black;Gastonia;Sidewalk / Crosswalk / Driveway Crossing;2;13;Urban (>70% Developed);Male;Pickup;1;No;0;20400321;Black;No;0;50-59;Bicyclist Ride Through - Signalized Intersection;None;No;#NULL!;Dry;0;Urban;No;30OCT2014;0;13:37;Male;#NULL!;Commercial;O: No Injury;No;O: No Injury;692;October;0;Straight - Level;Piedmont;Facing Traffic;Stop And Go Signal;Thursday;Intersection;57;1;One-Way, Not Divided;3 lanes;0;No;N CHESTER ST;Smooth Asphalt;W MAIN AVE;Four-Way Intersection;Bicyclist Failed to Yield - Signalized Intersection;US Route;O: No Injury;Gaston;52;Clear;W AIRLINE AVE;16-20 mph;30 - 35  MPH;2014;Daylight;50-59
35.8427869918, -81.4030434429;"{""type"": ""Point"", ""coordinates"": [-81.40304344287739, 35.84278699179635]}";White;None - Rural Crash;Driveway / Alley;2;12;Rural (<30% Developed);Male;Sport Utility;0;No;1;0;White;No;0;6-10;Bicyclist Ride Out - Residential Driveway;None;No;#NULL!;Dry;0.05;Rural;No;25OCT2014;0;12:31;Male;#NULL!;Residential;B: Evident Injury;Yes;O: No Injury;680;October;0;Straight - Grade;Mountains;Not Applicable;No Control Present;Saturday;Non-Intersection;10;1;Two-Way, Not Divided;2 lanes;0;No;GRACE VIEW PL;Coarse Asphalt;DEAD END;No Special Feature;Bicyclist Failed to Yield - Midblock;Private Road, Driveway;B: Evident Injury;Caldwell;22;Clear;1002;16-20 mph;Unknown;2014;Daylight;20-24
34.7278129134, -76.7709679881;"{""type"": ""Point"", ""coordinates"": [-76.7709679881228, 34.72781291344715]}";White;Morehead City;Travel Lane;2;8;Urban (>70% Developed);Male;Passenger Car;1;No;0;20000070;White;No;0;50-59;Motorist Drive Out - Commercial Driveway / Alley;None;No;#NULL!;Dry;0.11;Urban;No;24OCT2014;0;8:18;Male;#NULL!;Commercial;O: No Injury;No;O: No Injury;706;October;0;Straight - Level;Coastal;With Traffic;No Control Present;Friday;Non-Intersection;52;1;Two-Way, Divided, Unprotected Median;4 lanes;0;No;70;Smooth Asphalt;HICKORY DR;No Special Feature;Motorist Failed to Yield - Midblock;US Route;O: No Injury;Carteret;63;Clear;FRIENDLY RD;0-5 mph;30 - 35  MPH;2014;Daylight;60-69
35.9029570944, -78.9532027111;"{""type"": ""Point"", ""coordinates"": [-78.95320271109931, 35.90295709439752]}";White;Durham;Travel Lane;2;11;Urban (>70% Developed);Male;Passenger Car;0;No;1;0;White;No;0;25-29;Motorist Left Turn - Opposite Direction;None;No;#NULL!;Dry;0;Urban;No;13OCT2014;0;11:15;Female;#NULL!;Commercial;B: Evident Injury;No;O: No Injury;672;October;0;Straight - Level;Piedmont;With Traffic;Stop And Go Signal;Monday;Intersection;26;1;Two-Way, Divided, Unprotected Median;5 lanes;0;No;RENAISSANCE PKWY;Smooth Asphalt;HAVEN HOLLOW WAY;Four-Way Intersection;Motorist Left Turn / Merge;Local Street;B: Evident Injury;Durham;70+;Clear;KNOLL CIR;11-15 mph;30 - 35  MPH;2014;Daylight;70+
34.595179861, -77.480562198;"{""type"": ""Point"", ""coordinates"": [-77.48056219802417, 34.59517986100277]}";White;None - Rural Crash;Travel Lane;2;13;Rural (<30% Developed);Male;Passenger Car;0;No;1;20000017;White;No;0;40-49;Motorist Overtaking - Other / Unknown;None;No;#NULL!;Dry;0.41;Rural;No;21OCT2014;0;13:26;Male;#NULL!;Farms, Woods, Pastures;B: Evident Injury;No;O: No Injury;696;October;0;Straight - Hillcrest;Coastal;With Traffic;No Control Present;Tuesday;Non-Intersection;47;1;Two-Way, Divided, Positive Median Barrier;4 lanes;0;No;17;Smooth Asphalt;1119;Bridge;Motorist Overtaking Bicyclist;US Route;B: Evident Injury;Onslow;70+;Clear;210;46-50 mph;50 - 55  MPH;2014;Daylight;70+
35.7986830805, -78.716112633;"{""type"": ""Point"", ""coordinates"": [-78.71611263298313, 35.79868308052693]}";White;Raleigh;Travel Lane;2;16;Mixed (30% To 70% Developed);Male;Taxicab;1;No;0;40001656;Black;No;0;20-24;Motorist Left Turn - Same Direction;None;No;#NULL!;Dry;0.057;Urban;No;11OCT2014;0;16:44;Male;#NULL!;Commercial;O: No Injury;No;O: No Injury;689;October;0;Straight - Level;Piedmont;With Traffic;No Control Present;Saturday;Non-Intersection;22;1;Two-Way, Not Divided;5 lanes;0;No;TRINITY RD;Smooth Asphalt;BLUE RIDGE RD;No Special Feature;Motorist Left Turn / Merge;Local Street;O: No Injury;Wake;29;Clear;YOUTH CENTER DR;16-20 mph;40 - 45  MPH;2014;Daylight;25-29
35.8177100994, -78.3165725132;"{""type"": ""Point"", ""coordinates"": [-78.31657251317198, 35.8177100994228]}";White;Zebulon;Non-Roadway;2;17;Urban (>70% Developed);Male;Passenger Car;1;No;0;0;Unknown/Missing;No;0;40-49;Non-Roadway;None;No;#NULL!;Dry;0;Rural;No;21OCT2014;0;17:36;Unknown;#NULL!;Commercial;O: No Injury;No;Unknown Injury;671;October;0;Straight - Level;Piedmont;Not Applicable;No Control Present;Tuesday;Non-Roadway;43;1;Unknown;2 lanes;0;Missing;PVA S WAKEFIELD ST;Coarse Asphalt;W BARBEE ST;No Special Feature;Non-Roadway;Public Vehicular Area;O: No Injury;Wake;Unknown;Clear;200 S WAKEFIELD ST;0-5 mph;5 - 15 MPH;2014;Dusk;Unknown
35.5956610836, -77.3667622121;"{""type"": ""Point"", ""coordinates"": [-77.36676221210365, 35.595661083581646]}";White;Greenville;Non-Roadway;2;17;Urban (>70% Developed);Male;Passenger Car;1;No;0;0;Black;No;0;20-24;Non-Roadway;None;No;#NULL!;Dry;0.104;Urban;No;30SEP2014;0;17:08;Female;#NULL!;Institutional;O: No Injury;No;O: No Injury;685;September;0;Straight - Level;Coastal;Not Applicable;No Control Present;Tuesday;Non-Roadway;23;1;Two-Way, Not Divided;2 lanes;0;No;PVA ECU SALES FIELD HOUSE;Smooth Asphalt;#NULL!;No Special Feature;Non-Roadway;Public Vehicular Area;O: No Injury;Pitt;22;Clear;BERKLEY RD;Unknown;Unknown;2014;Daylight;20-24
34.5500897962, -79.1200826909;"{""type"": ""Point"", ""coordinates"": [-79.12008269091889, 34.5500897961931]}";Native American;None - Rural Crash;Travel Lane;2;19;Rural (<30% Developed);Male;Passenger Car;0;Yes-Alcohol,  impairment suspected;1;40001003;Native American;No;0;40-49;Motorist Overtaking - Undetected Bicyclist;None;Yes;#NULL!;Dry;0.3;Rural;No;11SEP2014;0;19:52;Female;#NULL!;Farms, Woods, Pastures;B: Evident Injury;Yes;O: No Injury;558;September;0;Straight - Level;Coastal;With Traffic;Double Yellow Line, No Passing Zone;Thursday;Non-Intersection;45;1;Two-Way, Not Divided;2 lanes;0;No;SR 1003;Smooth Asphalt;2422;No Special Feature;Motorist Overtaking Bicyclist;State Secondary Route;B: Evident Injury;Robeson;30;Clear;2432;51-55 mph;50 - 55  MPH;2014;Dark - Roadway Not Lighted;30-39
35.5904230828, -77.3679222129;"{""type"": ""Point"", ""coordinates"": [-77.36792221286454, 35.5904230828201]}";Black;Greenville;Sidewalk / Crosswalk / Driveway Crossing;2;11;Urban (>70% Developed);Male;Sport Utility;0;No;0;40001707;Black;No;1;50-59;Motorist Drive Out - Sign-Controlled Intersection;None;No;#NULL!;Dry;0;Urban;No;22SEP2014;0;11:02;Male;#NULL!;Commercial;C: Possible Injury;Yes;O: No Injury;555;September;0;Straight - Level;Coastal;Facing Traffic;No Control Present;Monday;Intersection;58;1;Two-Way, Divided, Unprotected Median;5 lanes;0;No;CHARLES BV;Coarse Asphalt;264;T-Intersection;Motorist Failed to Yield - Sign-Controlled Intersection;State Secondary Route;C: Possible Injury;Pitt;22;Clear;CURRY CT;0-5 mph;40 - 45  MPH;2014;Daylight;20-24
35.2096468771, -80.8742732498;"{""type"": ""Point"", ""coordinates"": [-80.87427324977362, 35.20964687709684]}";White;Charlotte;Bike Lane / Paved Shoulder;2;13;Urban (>70% Developed);Male;Unknown;0;No;1;50025672;White;No;0;60-69;Motorist Drive Out - Sign-Controlled Intersection;None;No;#NULL!;Dry;0;Urban;Yes;10JUL2014;0;13:10;Female;#NULL!;Residential;B: Evident Injury;No;Unknown Injury;517;July;0;Straight - Grade;Piedmont;With Traffic;Stop Sign;Thursday;Intersection;67;1;Two-Way, Not Divided;2 lanes;0;Missing;REMOUNT RD;Smooth Asphalt;TOOMEY AVE;No Special Feature;Motorist Failed to Yield - Sign-Controlled Intersection;Local Street;B: Evident Injury;Mecklenburg;Unknown;Cloudy;77;31-35 mph;30 - 35  MPH;2014;Daylight;Unknown
36.0133242306, -75.6569617094;"{""type"": ""Point"", ""coordinates"": [-75.65696170941959, 36.0133242305705]}";White;Kill Devil Hills;Bike Lane / Paved Shoulder;2;9;Urban (>70% Developed);Female;Passenger Car;0;No;1;30000012;White;No;0;60-69;Crossing Paths - Uncontrolled Intersection;Unknown;No;#NULL!;Dry;0;Urban;No;05SEP2014;0;9:55;Male;#NULL!;Residential;B: Evident Injury;Yes;O: No Injury;531;September;0;Straight - Level;Coastal;With Traffic;No Control Present;Friday;Intersection;63;1;Two-Way, Not Divided;2 lanes;0;No;S VIRGINIA DARE TRAIL;Coarse Asphalt;N MEMORIAL BLVD;Four-Way Intersection;Crossing Paths - Other Circumstances;NC Route;B: Evident Injury;Dare;36;Clear;E OREGON AVE;0-5 mph;5 - 15 MPH;2014;Daylight;30-39
35.0966938541, -80.8594772402;"{""type"": ""Point"", ""coordinates"": [-80.85947724016098, 35.09669385413031]}";White;Charlotte;Travel Lane;2;14;Mixed (30% To 70% Developed);Male;Passenger Car;0;No;1;50023409;White;No;0;16-19;Motorist Drive Out - Right Turn on Red;None;No;#NULL!;Dry;0;Urban;No;10SEP2014;0;14:28;Male;#NULL!;Residential;B: Evident Injury;No;O: No Injury;562;September;0;Straight - Level;Piedmont;Facing Traffic;Stop Sign;Wednesday;Intersection;17;1;Two-Way, Divided, Unprotected Median;3 lanes;0;No;BIRNEN DR;Smooth Asphalt;#NULL!;Four-Way Intersection;Motorist Failed to Yield - Signalized Intersection;Local Street;B: Evident Injury;Mecklenburg;68;Clear;PARK RD;6-10 mph;30 - 35  MPH;2014;Daylight;60-69