Geo Point;Geo Shape;BikeRace;City;BikePos;NumUnits;CrashHour;Locality;BikeSex;DrvrVehTyp;NumBikesNo;BikeAlcDrg;NumBikesBI;RteInvdCd;DrvrRace;Workzone;NumBikesCi;BikeAgeGrp;CrashType;RdDefects;CrashAlcoh;BikeAlcoho;RdConditio;DstncMiFrm;RuralUrban;HitRun;CrashDate;NumBikesUI;CrashTime;DrvrSex;DrvrAlcoho;Developmen;CrashSevr;AmbulanceR;DrvrInjury;OBJECTID;CrashMonth;NumBikesKi;RdCharacte;Region;BikeDir;TraffCntrl;CrashDay;CrashLoc;BikeAge;NumBikesTo;RdConfig;NumLanes;NumBikesAI;DrvrAlcDrg;OnRoad;RdSurface;Towrd_Rd;RdFeature;CrashGrp;RdClass;BikeInjury;County;DrvrAge;Weather;FrmRd;DrvrEstSpd;SpeedLimit;CrashYear;LightCond;DrvrAgeGrp
34.0487547172, -78.1737423814;"{""type"": ""Point"", ""coordinates"": [-78.17374238143182, 34.048754717214074]}";Black;None - Rural Crash;Travel Lane;2;14;Rural (<30% Developed);Female;Sport Utility;0;No;0;29000017;White;No;1;40-49;Motorist Overtaking - Bicyclist Swerved;None;No;#NULL!;Dry;0.1;Rural;No;03SEP2014;0;14:30;Female;#NULL!;Farms, Woods, Pastures;C: Possible Injury;Yes;O: No Injury;513;September;0;Straight - Level;Coastal;With Traffic;Double Yellow Line, No Passing Zone;Wednesday;Non-Intersection;49;1;Two-Way, Not Divided;2 lanes;0;No;US 17;Smooth Asphalt;1705;No Special Feature;Motorist Overtaking Bicyclist;US Route;C: Possible Injury;Brunswick;42;Clear;1510;6-10 mph;50 - 55  MPH;2014;Daylight;40-49
35.2739568791, -81.2029733517;"{""type"": ""Point"", ""coordinates"": [-81.2029733517033, 35.2739568791375]}";Other;Gastonia;Travel Lane;2;17;Urban (>70% Developed);Male;Unknown;0;No;1;0;Unknown/Missing;No;0;11-15;Motorist Overtaking - Other / Unknown;None;No;#NULL!;Dry;0.009;Urban;Yes;27AUG2014;0;17:37;Unknown;#NULL!;Residential;B: Evident Injury;No;Unknown Injury;544;August;0;Straight - Grade;Piedmont;With Traffic;No Control Present;Wednesday;Intersection-Related;14;1;Two-Way, Not Divided;2 lanes;0;Missing;GLENN ST;Smooth Asphalt;RIDGE AVE;No Special Feature;Motorist Overtaking Bicyclist;Local Street;B: Evident Injury;Gaston;Unknown;Clear;W DAVIDSON AVE;16-20 mph;30 - 35  MPH;2014;Daylight;Unknown
35.7863170811, -78.6473026116;"{""type"": ""Point"", ""coordinates"": [-78.64730261160658, 35.78631708110667]}";White;Raleigh;Travel Lane;2;20;Urban (>70% Developed);Male;Passenger Car;0;No;0;50011977;White;No;1;30-39;Motorist Right Turn - Same Direction;None;No;#NULL!;Dry;0.002;Urban;No;12SEP2014;0;20:15;Male;#NULL!;Commercial;C: Possible Injury;Yes;O: No Injury;533;September;0;Straight - Bottom;Piedmont;With Traffic;Stop And Go Signal;Friday;Intersection-Related;30;1;Two-Way, Not Divided;4 lanes;0;No;GLENWOOD AVE;Smooth Asphalt;JOHNSON ST;Four-Way Intersection;Motorist Right Turn / Merge;Local Street;C: Possible Injury;Wake;37;Clear;TUCKER ST;6-10 mph;30 - 35  MPH;2014;Dark - Lighted Roadway;30-39
36.0501210963, -79.7828129695;"{""type"": ""Point"", ""coordinates"": [-79.78281296952758, 36.0501210962518]}";Black;Greensboro;Travel Lane;2;10;Urban (>70% Developed);Male;Passenger Car;0;No;1;50010713;Black;No;0;50-59;Bicyclist Left Turn - Same Direction;None;No;#NULL!;Dry;0.015;Urban;No;22SEP2014;0;10:57;Male;#NULL!;Residential;B: Evident Injury;Yes;O: No Injury;560;September;0;Straight - Hillcrest;Piedmont;With Traffic;No Control Present;Monday;Non-Intersection;56;1;Two-Way, Not Divided;4 lanes;0;No;E FLORIDA ST;Smooth Asphalt;RANDOLPH AV;No Special Feature;Bicyclist Left Turn / Merge;Local Street;B: Evident Injury;Guilford;26;Clear;GLOVER ST;36-40 mph;30 - 35  MPH;2014;Daylight;25-29
36.258201118, -80.3663431567;"{""type"": ""Point"", ""coordinates"": [-80.36634315670992, 36.25820111797477]}";White;King;Travel Lane;2;17;Urban (>70% Developed);Male;Passenger Car;1;No;0;40001611;White;No;0;40-49;Motorist Left Turn - Opposite Direction;None;No;#NULL!;Dry;0;Urban;No;24AUG2014;0;17:01;Female;#NULL!;Commercial;O: No Injury;No;O: No Injury;548;August;0;Straight - Grade;Piedmont;With Traffic;Stop And Go Signal;Sunday;Intersection;40;1;Two-Way, Divided, Positive Median Barrier;2 lanes;0;No;S MAIN ST;Smooth Asphalt;#NULL!;T-Intersection;Motorist Left Turn / Merge;Local Street;O: No Injury;Forsyth;70+;Cloudy;NEWSOME RD;31-35 mph;30 - 35  MPH;2014;Daylight;70+
35.8322290924, -78.5844625957;"{""type"": ""Point"", ""coordinates"": [-78.58446259568954, 35.832229092424335]}";Black;Raleigh;Sidewalk / Crosswalk / Driveway Crossing;2;8;Urban (>70% Developed);Male;Passenger Car;0;No;0;20000001;Unknown/Missing;No;0;25-29;Motorist Right Turn - Opposite Direction;None;No;#NULL!;Dry;0;Urban;Yes;21NOV2014;0;8:02;Unknown;#NULL!;Commercial;A: Disabling Injury;Yes;Unknown Injury;743;November;0;Straight - Level;Piedmont;Facing Traffic;Stop And Go Signal;Friday;Intersection;25;1;Two-Way, Divided, Positive Median Barrier;3 lanes;1;Missing;CAPITAL BLVD;Coarse Asphalt;#NULL!;No Special Feature;Motorist Right Turn / Merge;Local Street;A: Disabling Injury;Wake;Unknown;Clear;GREYWOOD DR;11-15 mph;40 - 45  MPH;2014;Dark - Lighted Roadway;Unknown
35.9538970676, -79.9919630272;"{""type"": ""Point"", ""coordinates"": [-79.99196302718174, 35.95389706755876]}";Black;High Point;Travel Lane;2;16;Urban (>70% Developed);Male;Pickup;0;No;0;40001278;Black;No;1;50-59;Bicyclist Ride Through - Signalized Intersection;None;No;#NULL!;Dry;0.005;Urban;No;24OCT2014;0;16:22;Male;#NULL!;Commercial;C: Possible Injury;Yes;O: No Injury;711;October;0;Straight - Grade;Piedmont;Facing Traffic;Stop And Go Signal;Friday;Intersection-Related;53;1;Two-Way, Divided, Unprotected Median;5 lanes;0;No;S COLLEGE DR;Coarse Asphalt;LEONARD AV;No Special Feature;Bicyclist Failed to Yield - Signalized Intersection;Local Street;C: Possible Injury;Guilford;59;Clear;E GREEN DR;6-10 mph;30 - 35  MPH;2014;Daylight;50-59
34.580233811, -78.8958126253;"{""type"": ""Point"", ""coordinates"": [-78.89581262529806, 34.580233810962625]}";Native American;Lumberton;Travel Lane;2;12;Rural (<30% Developed);Female;Sport Utility;0;No;1;40002100;White;No;0;6-10;Bicyclist Ride Through - Sign-Controlled Intersection;None;No;#NULL!;Dry;0;Urban;No;26OCT2014;0;12:35;Female;#NULL!;Farms, Woods, Pastures;B: Evident Injury;Yes;O: No Injury;723;October;0;Straight - Level;Coastal;With Traffic;Stop Sign;Sunday;Intersection;7;1;Two-Way, Not Divided;2 lanes;0;No;SR 2100;Coarse Asphalt;211;T-Intersection;Bicyclist Failed to Yield - Sign-Controlled Intersection;State Secondary Route;B: Evident Injury;Robeson;20;Clear;2129;41-45 mph;50 - 55  MPH;2014;Daylight;20-24
35.5775568916, -82.5590477709;"{""type"": ""Point"", ""coordinates"": [-82.55904777088998, 35.57755689160523]}";White;Asheville;Travel Lane;2;20;Urban (>70% Developed);Male;Passenger Car;0;No;0;0;Black;No;1;30-39;Motorist Drive Through - Sign-Controlled Intersection;None;No;#NULL!;Dry;0;Urban;No;28OCT2014;0;20:27;Male;#NULL!;Residential;C: Possible Injury;No;O: No Injury;714;October;0;Curve - Grade;Mountains;With Traffic;Stop Sign;Tuesday;Intersection;36;1;Two-Way, Not Divided;2 lanes;0;No;LIVINSTON ST;Coarse Asphalt;DEPOT ST;T-Intersection;Motorist Failed to Yield - Sign-Controlled Intersection;Local Street;C: Possible Injury;Buncombe;70+;Clear;HIBERNIA ST;6-10 mph;30 - 35  MPH;2014;Dark - Lighted Roadway;70+
35.7743570782, -78.6436726104;"{""type"": ""Point"", ""coordinates"": [-78.64367261041257, 35.7743570781593]}";White;Raleigh;Sidewalk / Crosswalk / Driveway Crossing;2;16;Urban (>70% Developed);Male;Passenger Car;0;No;1;20000070;White;No;0;30-39;Motorist Left Turn - Opposite Direction;None;No;#NULL!;Dry;0;Urban;No;12NOV2014;0;16:47;Male;#NULL!;Commercial;B: Evident Injury;No;O: No Injury;717;November;0;Straight - Level;Piedmont;With Traffic;Stop And Go Signal;Wednesday;Intersection;36;1;One-Way, Not Divided;3 lanes;0;No;DAWSON ST;Coarse Asphalt;HARRINGTON ST;No Special Feature;Motorist Left Turn / Merge;Local Street;B: Evident Injury;Wake;61;Clear;CABARRUS ST;21-25 mph;30 - 35  MPH;2014;Daylight;60-69
35.565396889, -82.5565937687;"{""type"": ""Point"", ""coordinates"": [-82.55659376867479, 35.56539688898383]}";White;Asheville;Travel Lane;2;11;Urban (>70% Developed);Male;Unknown;0;No;1;40003556;Unknown/Missing;No;0;70+;Motorist Overtaking - Other / Unknown;None;No;#NULL!;Dry;0;Urban;Yes;05NOV2014;0;11:42;Unknown;#NULL!;Commercial;B: Evident Injury;Yes;Unknown Injury;750;November;0;Curve - Grade;Mountains;With Traffic;Stop And Go Signal;Wednesday;Intersection;70+;1;Two-Way, Not Divided;3 lanes;0;Missing;MEADOW RD;Smooth Asphalt;SHORT MCDOWELL ST;T-Intersection;Motorist Overtaking Bicyclist;Local Street;B: Evident Injury;Buncombe;Unknown;Clear;VICTORIA RD;31-35 mph;30 - 35  MPH;2014;Daylight;Unknown
34.2283067648, -77.9405123197;"{""type"": ""Point"", ""coordinates"": [-77.940512319692, 34.22830676476991]}";White;Wilmington;Sidewalk / Crosswalk / Driveway Crossing;2;12;Urban (>70% Developed);Female;Sport Utility;0;No;1;50005296;White;No;0;20-24;Motorist Drive Out - Commercial Driveway / Alley;None;No;#NULL!;Dry;0.028;Urban;No;07NOV2014;0;12:03;Female;#NULL!;Commercial;B: Evident Injury;Yes;O: No Injury;734;November;0;Straight - Level;Coastal;Facing Traffic;No Control Present;Friday;Non-Intersection;21;1;Two-Way, Not Divided;2 lanes;0;No;CASTLE ST;Coarse Asphalt;S 7TH ST;No Special Feature;Motorist Failed to Yield - Midblock;Local Street;B: Evident Injury;.;37;Clear;S 6TH ST;0-5 mph;5 - 15 MPH;2014;Daylight;30-39
35.7201870475, -79.1775077681;"{""type"": ""Point"", ""coordinates"": [-79.17750776813186, 35.72018704747736]}";White;Pittsboro;Travel Lane;2;16;Rural (<30% Developed);Male;Passenger Car;0;No;0;29000064;White;No;1;40-49;Motorist Drive Out - Sign-Controlled Intersection;None;No;#NULL!;Wet;0;Rural;No;11OCT2014;0;16:48;Male;#NULL!;Commercial;C: Possible Injury;No;O: No Injury;733;October;0;Straight - Level;Piedmont;With Traffic;Yield Sign;Saturday;Intersection;45;1;One-Way, Not Divided;1 lane;0;No;W ST;Smooth Asphalt;CHATHAM ST;Traffic Circle/Roundabout;Motorist Failed to Yield - Sign-Controlled Intersection;US Route;C: Possible Injury;Chatham;18;Rain;SANFORD RD;0-5 mph;20 - 25  MPH;2014;Daylight;0-19
35.5836470811, -77.3614982098;"{""type"": ""Point"", ""coordinates"": [-77.3614982098112, 35.5836470810948]}";White;Greenville;Sidewalk / Crosswalk / Driveway Crossing;2;16;Urban (>70% Developed);Male;Sport Utility;0;No;0;30000043;White;No;1;70+;Motorist Left Turn - Same Direction;None;No;#NULL!;Dry;0;Urban;No;23OCT2014;0;16:59;Female;#NULL!;Commercial;C: Possible Injury;Yes;O: No Injury;746;October;0;Straight - Level;Coastal;Facing Traffic;Stop And Go Signal;Thursday;Intersection;70+;1;Two-Way, Not Divided;5 lanes;0;No;NC 43;Coarse Asphalt;WALL ST;No Special Feature;Motorist Left Turn / Merge;Local Street;C: Possible Injury;Pitt;45;Clear;RED BANKS RD;6-10 mph;30 - 35  MPH;2014;Daylight;40-49
35.5778648907, -82.5823037773;"{""type"": ""Point"", ""coordinates"": [-82.58230377731286, 35.57786489067167]}";White;Asheville;Travel Lane;2;15;Urban (>70% Developed);Male;Other Bus;0;No;0;40003548;Black;No;1;50-59;Motorist Left Turn - Opposite Direction;None;No;#NULL!;Dry;0;Urban;No;29OCT2014;0;15:13;Male;#NULL!;Commercial;C: Possible Injury;No;O: No Injury;730;October;0;Straight - Level;Mountains;With Traffic;Stop And Go Signal;Wednesday;Intersection;52;1;Two-Way, Not Divided;4 lanes;0;No;US 19;Smooth Asphalt;ARGYLE LN;Four-Way Intersection;Motorist Left Turn / Merge;US Route;C: Possible Injury;Buncombe;55;Cloudy;HANOVER ST;0-5 mph;20 - 25  MPH;2014;Daylight;50-59
36.2944902722, -76.2405719031;"{""type"": ""Point"", ""coordinates"": [-76.24057190312696, 36.29449027216753]}";Black;Elizabeth City;Sidewalk / Crosswalk / Driveway Crossing;2;16;Urban (>70% Developed);Male;Pickup;0;No;0;29000017;White;No;1;60-69;Motorist Drive Out - Signalized Intersection;None;No;#NULL!;Dry;0;Urban;No;14OCT2014;0;16:58;Male;#NULL!;Commercial;C: Possible Injury;Yes;O: No Injury;651;October;0;Straight - Level;Coastal;Facing Traffic;Stop And Go Signal;Tuesday;Intersection;65;1;Two-Way, Divided, Unprotected Median;3 lanes;0;No;EHRINGHAUS ST;Smooth Asphalt;HUGHES BLVD;Four-Way Intersection;Motorist Failed to Yield - Signalized Intersection;Local Street;C: Possible Injury;Pasquotank;47;Clear;MCARTHUR DR;0-5 mph;30 - 35  MPH;2014;Daylight;40-49
35.8490170957, -78.6146326055;"{""type"": ""Point"", ""coordinates"": [-78.61463260551336, 35.849017095711595]}";Other;Raleigh;Sidewalk / Crosswalk / Driveway Crossing;2;19;Urban (>70% Developed);Male;Pickup;1;No;0;40002000;Unknown/Missing;No;0;16-19;Motorist Drive Out - Sign-Controlled Intersection;None;No;#NULL!;Dry;0;Urban;Yes;10OCT2014;0;19:46;Unknown;#NULL!;Commercial;O: No Injury;No;Unknown Injury;655;October;0;Straight - Level;Piedmont;Facing Traffic;Stop Sign;Friday;Intersection;17;1;Two-Way, Not Divided;2 lanes;0;Missing;CEDARHURST DR;Smooth Asphalt;TREMONT DR;Four-Way Intersection;Motorist Failed to Yield - Sign-Controlled Intersection;Local Street;O: No Injury;Wake;Unknown;Clear;FALL OF NEUSE RD;0-5 mph;30 - 35  MPH;2014;Daylight;Unknown
35.2253528819, -80.8347832394;"{""type"": ""Point"", ""coordinates"": [-80.83478323942435, 35.225352881907476]}";Black;Charlotte;Sidewalk / Crosswalk / Driveway Crossing;2;17;Urban (>70% Developed);Male;Passenger Car;0;No;1;50027622;White;No;0;20-24;Motorist Right Turn - Opposite Direction;None;No;#NULL!;Dry;0;Urban;No;17OCT2014;0;17:09;Female;#NULL!;Commercial;B: Evident Injury;Yes;O: No Injury;657;October;0;Straight - Level;Piedmont;Facing Traffic;Stop And Go Signal;Friday;Intersection;23;1;Two-Way, Divided, Unprotected Median;4 lanes;0;No;E 7TH ST;Smooth Asphalt;N CALDWELL ST;Four-Way Intersection;Motorist Right Turn / Merge;Local Street;B: Evident Injury;Mecklenburg;17;Clear;N DAVIDSON ST;31-35 mph;30 - 35  MPH;2014;Daylight;0-19
35.7678100753, -78.695627625;"{""type"": ""Point"", ""coordinates"": [-78.69562762501596, 35.76781007525884]}";Asian;Raleigh;Sidewalk / Crosswalk / Driveway Crossing;2;17;Urban (>70% Developed);Male;Sport Utility;0;No;0;40001321;Black;No;1;20-24;Motorist Drive Out - Sign-Controlled Intersection;None;No;#NULL!;Dry;0.08;Urban;No;08OCT2014;0;17:08;Female;#NULL!;Commercial;C: Possible Injury;Yes;O: No Injury;663;October;0;Straight - Level;Piedmont;Facing Traffic;Stop Sign;Wednesday;Intersection;24;1;Two-Way, Not Divided;2 lanes;0;No;AVENT FERRY RD;Coarse Asphalt;GREEK WAY;T-Intersection;Motorist Failed to Yield - Sign-Controlled Intersection;Local Street;C: Possible Injury;Wake;60;Clear;GORMAN ST;0-5 mph;30 - 35  MPH;2014;Daylight;60-69
35.7692830778, -78.6354476068;"{""type"": ""Point"", ""coordinates"": [-78.63544760678919, 35.76928307783748]}";Hispanic;Raleigh;Sidewalk / Crosswalk / Driveway Crossing;2;10;Urban (>70% Developed);Male;Sport Utility;1;No;0;40002026;Black;No;0;20-24;Bicyclist Ride Through - Signalized Intersection;None;No;#NULL!;Dry;0;Urban;No;11OCT2014;0;10:22;Female;#NULL!;Residential;O: No Injury;Yes;O: No Injury;653;October;0;Straight - Level;Piedmont;Facing Traffic;Stop And Go Signal;Saturday;Intersection;21;1;One-Way, Not Divided;2 lanes;0;No;S PERSON ST;Coarse Asphalt;WORTH ST;Four-Way Intersection;Bicyclist Failed to Yield - Signalized Intersection;Local Street;O: No Injury;Wake;31;Clear;MLK JR BLVD;0-5 mph;30 - 35  MPH;2014;Daylight;30-39
35.6064030851, -77.3840922184;"{""type"": ""Point"", ""coordinates"": [-77.38409221840743, 35.60640308514065]}";Black;Greenville;Travel Lane;2;6;Urban (>70% Developed);Male;Sport Utility;0;No;1;50010969;White;No;0;40-49;Motorist Drive Out - Sign-Controlled Intersection;None;No;#NULL!;Dry;0;Urban;No;01OCT2014;0;6:45;Female;#NULL!;Residential;B: Evident Injury;Yes;O: No Injury;643;October;0;Straight - Level;Coastal;Facing Traffic;Stop And Go Signal;Wednesday;Intersection;46;1;Two-Way, Not Divided;5 lanes;0;No;W 14TH AV;Coarse Asphalt;MYRTLE ST;No Special Feature;Motorist Failed to Yield - Sign-Controlled Intersection;Local Street;B: Evident Injury;Pitt;43;Clear;CHESTNUT ST;0-5 mph;30 - 35  MPH;2014;Daylight;40-49
35.7875210802, -78.6669226176;"{""type"": ""Point"", ""coordinates"": [-78.66692261762078, 35.78752108019647]}";White;Raleigh;Bike Lane / Paved Shoulder;2;18;Urban (>70% Developed);Male;Passenger Car;0;No;0;50014055;Black;No;1;30-39;Bicyclist Overtaking - Extended Door;None;No;#NULL!;Dry;0.004;Urban;Yes;06OCT2014;0;18:33;Female;#NULL!;Commercial;C: Possible Injury;No;O: No Injury;662;October;0;Straight - Level;Piedmont;With Traffic;No Control Present;Monday;Non-Intersection;37;1;Two-Way, Not Divided;2 lanes;0;No;HILLSBOROUGH ST;Smooth Asphalt;LOGAN CT;No Special Feature;Bicyclist Overtaking Motorist;Local Street;C: Possible Injury;Wake;18;Clear;CHAMBERLAIN ST;31-35 mph;30 - 35  MPH;2014;Daylight;0-19
35.0111069027, -78.9481526625;"{""type"": ""Point"", ""coordinates"": [-78.94815266245286, 35.01110690274252]}";White;None - Rural Crash;Travel Lane;2;14;Urban (>70% Developed);Male;Sport Utility;0;No;1;40001141;Black;No;0;30-39;Motorist Overtaking - Bicyclist Swerved;None;No;#NULL!;Dry;0.019;Rural;No;19SEP2014;0;14:48;Male;#NULL!;Commercial;B: Evident Injury;Yes;O: No Injury;638;September;0;Straight - Hillcrest;Coastal;With Traffic;No Control Present;Friday;Non-Intersection;37;1;Two-Way, Not Divided;4 lanes;0;No;SR 1141;Coarse Asphalt;1136;No Special Feature;Motorist Overtaking Bicyclist;State Secondary Route;B: Evident Injury;Cumberland;70+;Clear;4026;36-40 mph;40 - 45  MPH;2014;Daylight;70+
35.8227420811, -78.8472526744;"{""type"": ""Point"", ""coordinates"": [-78.8472526744438, 35.82274208110462]}";White;Morrisville;Travel Lane;2;17;Mixed (30% To 70% Developed);Female;Sport Utility;1;No;0;40001613;White;No;1;40-49;Motorist Drive Out - Commercial Driveway / Alley;None;No;#NULL!;Dry;0.049;Urban;No;14OCT2014;0;17:32;Female;#NULL!;Commercial;C: Possible Injury;No;O: No Injury;649;October;0;Straight - Level;Piedmont;With Traffic;Stop Sign;Tuesday;Non-Intersection;46;2;Two-Way, Not Divided;2 lanes;0;No;LAKE GROVE BLV;Smooth Asphalt;3014;No Special Feature;Motorist Failed to Yield - Midblock;Local Street;O: No Injury;Wake;49;Clear;1613;0-5 mph;5 - 15 MPH;2014;Daylight;40-49
35.9951131189, -78.833246679;"{""type"": ""Point"", ""coordinates"": [-78.83324667904057, 35.99511311885075]}";Hispanic;Durham;Travel Lane;2;19;Mixed (30% To 70% Developed);Male;Sport Utility;0;No;1;0;Black;No;0;30-39;Motorist Left Turn - Opposite Direction;None;No;#NULL!;Dry;0;Urban;No;14OCT2014;0;19:18;Male;#NULL!;Residential;B: Evident Injury;Yes;O: No Injury;656;October;0;Straight - Grade;Piedmont;With Traffic;No Control Present;Tuesday;Intersection;39;1;Two-Way, Not Divided;2 lanes;0;No;CHANDLER RD;Smooth Asphalt;LAKECREST DR;T-Intersection;Motorist Left Turn / Merge;Local Street;B: Evident Injury;Durham;61;Clear;CHANCE RD;31-35 mph;30 - 35  MPH;2014;Dark - Lighted Roadway;60-69
35.7339470419, -79.4357628478;"{""type"": ""Point"", ""coordinates"": [-79.43576284778041, 35.733947041866934]}";Unknown/Missing;Siler City;Travel Lane;2;10;Mixed (30% To 70% Developed);Male;Unknown;0;No;0;20000064;Unknown/Missing;No;0;40-49;Motorist Overtaking - Other / Unknown;None;No;#NULL!;Dry;0.095;Urban;Yes;21DEC2014;1;10:23;Unknown;#NULL!;Commercial;Unknown Injury;No;Unknown Injury;812;December;0;Straight - Level;Piedmont;With Traffic;Stop And Go Signal;Sunday;Non-Intersection;48;1;Two-Way, Divided, Unprotected Median;4 lanes;0;Missing;E ELEVENTH ST;Smooth Asphalt;E RALEIGH ST;No Special Feature;Motorist Overtaking Bicyclist;Local Street;Unknown Injury;Chatham;Unknown;Clear;LOVE'S CREEK CH RD;41-45 mph;40 - 45  MPH;2014;Dark - Lighted Roadway;Unknown
35.0523469113, -78.9736826727;"{""type"": ""Point"", ""coordinates"": [-78.97368267265671, 35.05234691128118]}";Black;Fayetteville;Travel Lane;2;13;Urban (>70% Developed);Male;Passenger Car;1;No;0;20000401;Black;No;0;11-15;Bicyclist Failed to Clear - Trapped;None;No;#NULL!;Dry;0;Urban;No;17DEC2014;0;13:43;Female;#NULL!;Commercial;O: No Injury;No;O: No Injury;805;December;0;Straight - Level;Coastal;With Traffic;Stop And Go Signal;Wednesday;Intersection;14;1;Two-Way, Divided, Positive Median Barrier;4 lanes;0;No;SKIBO RD;Smooth Asphalt;CENTURY OAKS DR;Four-Way Intersection;Bicyclist Failed to Yield - Signalized Intersection;Local Street;O: No Injury;Cumberland;25;Clear;RICHWOOD CT;0-5 mph;40 - 45  MPH;2014;Daylight;25-29
35.3356429833, -78.6697875946;"{""type"": ""Point"", ""coordinates"": [-78.66978759464445, 35.335642983313434]}";White;Erwin;Travel Lane;2;17;Mixed (30% To 70% Developed);Male;Unknown;0;No;0;0;Unknown/Missing;No;0;30-39;Motorist Intentionally Caused;None;No;#NULL!;Dry;0.004;Rural;Yes;11DEC2014;0;17:24;Unknown;#NULL!;Residential;A: Disabling Injury;Yes;Unknown Injury;804;December;0;Straight - Level;Coastal;With Traffic;No Control Present;Thursday;Non-Intersection;32;1;Two-Way, Not Divided;2 lanes;1;Missing;MAYNARD LAKE ROAD;Coarse Asphalt;PORTER DRIVE;No Special Feature;Other / Unusual Circumstances;Local Street;A: Disabling Injury;Harnett;Unknown;Clear;TRITTON COURT;36-40 mph;30 - 35  MPH;2014;Daylight;Unknown
35.7899700811, -78.6593276153;"{""type"": ""Point"", ""coordinates"": [-78.65932761533402, 35.78997008105611]}";White;Raleigh;Travel Lane;2;13;Urban (>70% Developed);Male;Passenger Car;0;No;0;50033536;White;No;1;25-29;Motorist Left Turn - Opposite Direction;None;No;#NULL!;Dry;0.062;Urban;No;31DEC2014;0;13:56;Male;#NULL!;Commercial;C: Possible Injury;Yes;O: No Injury;815;December;0;Straight - Level;Piedmont;With Traffic;No Control Present;Wednesday;Non-Intersection;27;1;Two-Way, Not Divided;3 lanes;0;No;WOODBURN RD;Smooth Asphalt;CAMERON ST;No Special Feature;Motorist Left Turn / Merge;Local Street;C: Possible Injury;Wake;50;Clear;CLARK AVE;21-25 mph;20 - 25  MPH;2014;Daylight;50-59
35.9208330941, -79.0799527501;"{""type"": ""Point"", ""coordinates"": [-79.07995275009866, 35.92083309409683]}";White;Carrboro;Bike Lane / Paved Shoulder;2;17;Urban (>70% Developed);Male;Passenger Car;1;No;0;40001772;White;No;0;25-29;Motorist Right Turn - Same Direction;None;No;#NULL!;Dry;0;Urban;No;26MAY2014;0;17:31;Female;#NULL!;Residential;O: No Injury;No;O: No Injury;813;May;0;Straight - Level;Piedmont;With Traffic;Stop Sign;Monday;Intersection;28;1;Two-Way, Not Divided;2 lanes;0;No;N GREENSBORO ST;Smooth Asphalt;OAK ST;No Special Feature;Motorist Right Turn / Merge;Local Street;O: No Injury;Orange;19;Clear;CHEEK ST;31-35 mph;30 - 35  MPH;2014;Daylight;0-19
35.528892068, -77.4021172202;"{""type"": ""Point"", ""coordinates"": [-77.40211722023365, 35.528892068010066]}";Black;Winterville;Travel Lane;2;16;Urban (>70% Developed);Male;Passenger Car;0;No;0;50025212;Black;No;1;50-59;Motorist Drive Out - Sign-Controlled Intersection;None;No;#NULL!;Dry;0;Urban;No;17DEC2014;0;16:05;Female;#NULL!;Commercial;C: Possible Injury;Yes;O: No Injury;826;December;0;Straight - Level;Coastal;Facing Traffic;Stop Sign;Wednesday;Intersection;54;1;Two-Way, Divided, Unprotected Median;2 lanes;0;No;RAILROAD ST;Smooth Asphalt;MAIN ST;Four-Way Intersection;Motorist Failed to Yield - Sign-Controlled Intersection;Local Street;C: Possible Injury;Pitt;64;Clear;DEPOT ST;0-5 mph;5 - 15 MPH;2014;Daylight;60-69
35.8550871508, -77.0548881309;"{""type"": ""Point"", ""coordinates"": [-77.05488813092455, 35.855087150826236]}";White;Williamston;Travel Lane;2;18;Urban (>70% Developed);Male;Passenger Car;0;No;1;29000017;White;No;0;25-29;Bicyclist Ride Through - Signalized Intersection;None;No;#NULL!;Dry;0;Urban;No;11MAY2014;0;18:05;Female;#NULL!;Commercial;B: Evident Injury;Yes;O: No Injury;843;May;0;Straight - Level;Coastal;With Traffic;Stop And Go Signal;Sunday;Intersection;25;1;Two-Way, Not Divided;4 lanes;0;No;E MAIN ST;Coarse Asphalt;TRADE ST;Four-Way Intersection;Bicyclist Failed to Yield - Signalized Intersection;Public Vehicular Area;B: Evident Injury;Martin;61;Clear;SMITHWICK ST;16-20 mph;20 - 25  MPH;2014;Daylight;60-69
35.6529989065, -82.5805537812;"{""type"": ""Point"", ""coordinates"": [-82.58055378119788, 35.652998906459004]}";White;Woodfin;Travel Lane;2;22;Urban (>70% Developed);Male;Van;0;No;1;20000019;White;No;0;60-69;Motorist Overtaking - Undetected Bicyclist;None;No;#NULL!;Dry;0.038;Rural;No;16APR2014;0;22:40;Male;#NULL!;Commercial;B: Evident Injury;Yes;O: No Injury;846;April;0;Straight - Grade;Mountains;With Traffic;No Control Present;Wednesday;Non-Intersection;61;1;Two-Way, Not Divided;2 lanes;0;No;US 19;Smooth Asphalt;BAIRD COVE RD;No Special Feature;Motorist Overtaking Bicyclist;US Route;B: Evident Injury;Buncombe;70+;Clear;BRECKENRIDGE PKY;31-35 mph;40 - 45  MPH;2014;Dark - Roadway Not Lighted;70+