Geo Point;Geo Shape;BikeRace;City;BikePos;NumUnits;CrashHour;Locality;BikeSex;DrvrVehTyp;NumBikesNo;BikeAlcDrg;NumBikesBI;RteInvdCd;DrvrRace;Workzone;NumBikesCi;BikeAgeGrp;CrashType;RdDefects;CrashAlcoh;BikeAlcoho;RdConditio;DstncMiFrm;RuralUrban;HitRun;CrashDate;NumBikesUI;CrashTime;DrvrSex;DrvrAlcoho;Developmen;CrashSevr;AmbulanceR;DrvrInjury;OBJECTID;CrashMonth;NumBikesKi;RdCharacte;Region;BikeDir;TraffCntrl;CrashDay;CrashLoc;BikeAge;NumBikesTo;RdConfig;NumLanes;NumBikesAI;DrvrAlcDrg;OnRoad;RdSurface;Towrd_Rd;RdFeature;CrashGrp;RdClass;BikeInjury;County;DrvrAge;Weather;FrmRd;DrvrEstSpd;SpeedLimit;CrashYear;LightCond;DrvrAgeGrp
36.1990352433, -76.5081219804;"{""type"": ""Point"", ""coordinates"": [-76.50812198039418, 36.19903524333807]}";White;Hertford;Travel Lane;2;16;Mixed (30% To 70% Developed);Male;Pickup;0;No;0;0;White;No;1;16-19;Motorist Overtaking - Bicyclist Swerved;None;No;#NULL!;Dry;1.3;Rural;No;30SEP2014;0;16:20;Male;#NULL!;Residential;C: Possible Injury;Yes;O: No Injury;844;September;0;Straight - Level;Coastal;With Traffic;Stop Sign;Tuesday;Non-Intersection;17;1;Two-Way, Divided, Unprotected Median;Unknown;0;No;CENTER HILL HIGHWAY;Smooth Asphalt;#NULL!;No Special Feature;Motorist Overtaking Bicyclist;Local Street;C: Possible Injury;Perquimans;49;Clear;DON JUAN;Unknown;Unknown;2014;Daylight;40-49
35.3017189775, -78.6130325759;"{""type"": ""Point"", ""coordinates"": [-78.61303257594638, 35.301718977467324]}";Unknown/Missing;Dunn;Travel Lane;2;18;Mixed (30% To 70% Developed);Male;Pickup;0;No;1;20000301;White;No;0;30-39;Head-On - Bicyclist;None;No;#NULL!;Dry;0.045;Urban;No;16JAN2014;0;18:55;Male;#NULL!;Commercial;B: Evident Injury;Yes;O: No Injury;838;January;0;Straight - Level;Coastal;Facing Traffic;No Control Present;Thursday;Non-Intersection;37;1;Two-Way, Not Divided;2 lanes;0;Yes-Drugs, impairment suspected;301;Smooth Asphalt;GODWIN ST;No Special Feature;Head-On;US Route;B: Evident Injury;Harnett;52;Clear;CANARY ST;31-35 mph;30 - 35  MPH;2014;Dark - Lighted Roadway;50-59
35.3105538117, -83.1802439378;"{""type"": ""Point"", ""coordinates"": [-83.18024393777907, 35.31055381174001]}";White;Cullowhee;Travel Lane;2;13;Urban (>70% Developed);Male;Passenger Car;0;No;1;0;White;No;0;16-19;Bicyclist Overtaking - Other / Unknown;None;No;#NULL!;Dry;0;Rural;No;21NOV2014;0;13:26;Male;#NULL!;Institutional;B: Evident Injury;Yes;O: No Injury;829;November;0;Straight - Level;Mountains;With Traffic;No Control Present;Friday;Intersection;19;1;Two-Way, Not Divided;2 lanes;0;No;PVA KILLIAN BUILDING LANE;Smooth Asphalt;#NULL!;T-Intersection;Bicyclist Overtaking Motorist;Local Street;B: Evident Injury;Jackson;20;Clear;CENTENNIAL DR;0-5 mph;20 - 25  MPH;2014;Daylight;20-24
35.908167092, -79.0546527415;"{""type"": ""Point"", ""coordinates"": [-79.05465274146493, 35.908167091989334]}";White;Chapel Hill;Travel Lane;2;10;Urban (>70% Developed);Male;Van;0;No;0;30400086;White;No;1;30-39;Motorist Left Turn - Opposite Direction;None;No;#NULL!;Dry;0;Urban;No;28JAN2014;0;10:34;Male;#NULL!;Institutional;C: Possible Injury;No;O: No Injury;847;January;0;Straight - Level;Piedmont;With Traffic;Stop And Go Signal;Tuesday;Intersection;35;1;Two-Way, Not Divided;3 lanes;0;No;MCCAULEY ST;Smooth Asphalt;S COLUMBIA ST;No Special Feature;Motorist Left Turn / Merge;Local Street;C: Possible Injury;Orange;52;Cloudy;PITTSBORO ST;0-5 mph;20 - 25  MPH;2014;Daylight;50-59
36.0928801176, -79.4405088681;"{""type"": ""Point"", ""coordinates"": [-79.44050886812285, 36.09288011764353]}";Black;Burlington;Unknown;2;17;Urban (>70% Developed);Male;Van;0;No;0;50020528;White;No;1;30-39;Motorist Right Turn - Same Direction;None;No;#NULL!;Dry;0.027;Urban;No;15DEC2014;0;17:39;Female;#NULL!;Commercial;C: Possible Injury;No;O: No Injury;822;December;0;Straight - Grade;Piedmont;With Traffic;No Control Present;Monday;Non-Intersection;38;1;Two-Way, Not Divided;2 lanes;0;No;W MOREHEAD ST;Smooth Asphalt;MELVILLE ALLEY;No Special Feature;Motorist Right Turn / Merge;Local Street;C: Possible Injury;Alamance;70+;Clear;S WORTH ST;11-15 mph;20 - 25  MPH;2014;Dusk;70+
35.3343799846, -78.602492575;"{""type"": ""Point"", ""coordinates"": [-78.60249257499511, 35.33437998463004]}";White;Dunn;Travel Lane;2;19;Mixed (30% To 70% Developed);Female;Passenger Car;0;Unknown;0;0;White;No;1;6-10;Head-On - Bicyclist;None;No;#NULL!;Dry;0.012;Urban;No;01JUL2014;0;19:00;Male;#NULL!;Residential;C: Possible Injury;No;O: No Injury;840;July;0;Straight - Level;Coastal;Facing Traffic;No Control Present;Tuesday;Non-Intersection;6;1;One-Way, Not Divided;2 lanes;0;No;SAINTS ST;Coarse Asphalt;BYRON ST;No Special Feature;Head-On;Local Street;C: Possible Injury;Harnett;50;Clear;GULF DR;0-5 mph;30 - 35  MPH;2014;Daylight;50-59
35.3346868655, -81.9185035668;"{""type"": ""Point"", ""coordinates"": [-81.91850356682106, 35.334686865528916]}";Black;Spindale;Bike Lane / Paved Shoulder;2;19;Mixed (30% To 70% Developed);Male;Sport Utility;0;#NULL!;0;0;White;No;0;60-69;Motorist Overtaking - Other / Unknown;None;No;No;Dry;0;Rural;No;29JAN2013;0;19:31;Male;No;Residential;B: Evident Injury;Yes;O: No Injury;919;January;0;Straight - Level;Mountains;With Traffic;Double Yellow Line, No Passing Zone;Tuesday;Non-Intersection;63;0;Two-Way, Divided, Unprotected Median;2 lanes;0;#NULL!;PINEY RIDGE RD;Smooth Asphalt;#NULL!;No Special Feature;Motorist Overtaking Bicyclist;Local Street;B: Evident Injury;Rutherford;19;Clear;#NULL!;31-35 mph;30 - 35  MPH;2013;Dark - Lighted Roadway;0-19
35.1323668618, -80.8386032353;"{""type"": ""Point"", ""coordinates"": [-80.8386032352652, 35.13236686184618]}";White;Charlotte;Sidewalk / Crosswalk / Driveway Crossing;2;17;Mixed (30% To 70% Developed);Male;Unknown;0;#NULL!;0;0;Unknown/Missing;No;0;16-19;Motorist Drive Out - Commercial Driveway / Alley;None;No;No;Dry;0;Urban;Yes;14MAR2013;0;17:00;Unknown;Missing;Residential;O: No Injury;No;Unknown Injury;962;March;0;Straight - Level;Piedmont;Facing Traffic;No Control Present;Thursday;Non-Intersection;19;0;Two-Way, Not Divided;2 lanes;0;#NULL!;SHARON RD;Smooth Asphalt;#NULL!;Driveway, Public;Motorist Failed to Yield - Midblock;Public Vehicular Area;O: No Injury;Mecklenburg;Unknown;Cloudy;#NULL!;6-10 mph;30 - 35  MPH;2013;Daylight;Unknown
35.9381970634, -80.0235030359;"{""type"": ""Point"", ""coordinates"": [-80.02350303592407, 35.93819706344001]}";Black;High Point;Sidewalk / Crosswalk / Driveway Crossing;2;13;Urban (>70% Developed);Male;Sport Utility;0;#NULL!;0;0;White;No;0;20-24;Bicyclist Ride Through - Signalized Intersection;None;No;No;Dry;0;Urban;No;08JAN2013;0;13:58;Female;No;Commercial;C: Possible Injury;Yes;O: No Injury;881;January;0;Straight - Level;Piedmont;Facing Traffic;Stop And Go Signal;Tuesday;Intersection;23;0;Two-Way, Not Divided;2 lanes;0;#NULL!;W WARD AVE;Coarse Asphalt;#NULL!;Four-Way Intersection;Bicyclist Failed to Yield - Signalized Intersection;Local Street;C: Possible Injury;Guilford;55;Clear;#NULL!;21-25 mph;30 - 35  MPH;2013;Daylight;50-59
35.6674669092, -82.6048037896;"{""type"": ""Point"", ""coordinates"": [-82.60480378964107, 35.667466909195184]}";White;None - Rural Crash;Travel Lane;2;15;Rural (<30% Developed);Male;Sport Utility;0;#NULL!;0;0;White;No;0;30-39;Motorist Drive Out - Sign-Controlled Intersection;None;No;No;Dry;0;Rural;No;01MAR2013;0;15:35;Male;No;Farms, Woods, Pastures;B: Evident Injury;Yes;O: No Injury;922;March;0;Straight - Level;Mountains;With Traffic;Stop Sign;Friday;Intersection;31;0;Two-Way, Not Divided;2 lanes;0;#NULL!;NC 251;Smooth Asphalt;#NULL!;Four-Way Intersection;Motorist Failed to Yield - Sign-Controlled Intersection;NC Route;B: Evident Injury;Buncombe;54;Cloudy;#NULL!;0-5 mph;50 - 55  MPH;2013;Daylight;50-59
35.9174070937, -79.0612027437;"{""type"": ""Point"", ""coordinates"": [-79.0612027437456, 35.91740709365331]}";White;Chapel Hill;Travel Lane;2;10;Urban (>70% Developed);Male;Passenger Car;0;#NULL!;0;0;White;No;0;20-24;Bicyclist Ride Through - Sign-Controlled Intersection;None;No;No;Wet;0;Urban;No;17JAN2013;0;10:45;Female;No;Residential;B: Evident Injury;Yes;O: No Injury;885;January;0;Straight - Grade;Piedmont;With Traffic;Stop Sign;Thursday;Intersection;20;0;Two-Way, Not Divided;2 lanes;0;#NULL!;CHURCH ST;Smooth Asphalt;#NULL!;No Special Feature;Bicyclist Failed to Yield - Sign-Controlled Intersection;Local Street;B: Evident Injury;Orange;53;Cloudy;#NULL!;11-15 mph;20 - 25  MPH;2013;Daylight;50-59
35.9822070732, -80.022703038;"{""type"": ""Point"", ""coordinates"": [-80.02270303799355, 35.98220707320175]}";White;High Point;Non-Roadway;2;10;Urban (>70% Developed);Male;Passenger Car;0;#NULL!;0;0;Hispanic;No;0;11-15;Crossing Paths - Midblock - Other / Unknown;None;No;No;Dry;0;Urban;No;02MAR2013;0;10:36;Male;No;Commercial;B: Evident Injury;Yes;O: No Injury;953;March;0;Straight - Level;Piedmont;Not Applicable;No Control Present;Saturday;Non-Intersection;14;0;Two-Way, Not Divided;5 lanes;0;#NULL!;WESTCHESTER DR;Smooth Asphalt;#NULL!;No Special Feature;Crossing Paths - Other Circumstances;NC Route;B: Evident Injury;Guilford;20;Cloudy;#NULL!;11-15 mph;40 - 45  MPH;2013;Daylight;20-24
35.5865668955, -82.5068037552;"{""type"": ""Point"", ""coordinates"": [-82.50680375515287, 35.5865668954884]}";Black;Asheville;Non-Roadway;2;11;Urban (>70% Developed);Male;Motorcycle;0;#NULL!;0;0;White;No;0;16-19;Sign-Controlled Intersection - Other / Unknown;None;No;No;Dry;0;Urban;No;27FEB2013;0;11:17;Male;No;Commercial;C: Possible Injury;Yes;O: No Injury;937;February;0;Straight - Grade;Mountains;Not Applicable;No Control Present;Wednesday;Intersection-Related;19;0;Two-Way, Not Divided;4 lanes;0;#NULL!;US 70;Coarse Asphalt;#NULL!;Four-Way Intersection;Crossing Paths - Other Circumstances;US Route;C: Possible Injury;Buncombe;54;Clear;#NULL!;41-45 mph;40 - 45  MPH;2013;Daylight;50-59
35.8750170548, -79.9002029945;"{""type"": ""Point"", ""coordinates"": [-79.90020299448202, 35.87501705479317]}";White;None - Rural Crash;Travel Lane;2;13;Rural (<30% Developed);Male;Pickup;0;#NULL!;0;0;White;No;0;40-49;Motorist Right Turn - Same Direction;None;No;No;Dry;0;Rural;No;09FEB2013;0;13:52;Male;No;Farms, Woods, Pastures;B: Evident Injury;Yes;O: No Injury;893;February;0;Straight - Grade;Piedmont;With Traffic;No Control Present;Saturday;Intersection;42;0;Two-Way, Not Divided;2 lanes;0;#NULL!;SR 1928;Smooth Asphalt;#NULL!;On or Off Ramp;Motorist Right Turn / Merge;State Secondary Route;B: Evident Injury;Randolph;70+;Clear;#NULL!;26-30 mph;40 - 45  MPH;2013;Daylight;70+
36.0341972347, -75.6737017147;"{""type"": ""Point"", ""coordinates"": [-75.67370171471903, 36.0341972347018]}";White;Kill Devil Hills;Non-Roadway;2;17;Urban (>70% Developed);Male;Passenger Car;0;#NULL!;0;0;White;No;0;50-59;Non-Roadway;None;Yes;Yes;Dry;0;Urban;No;30JAN2013;0;17:30;Female;No;Commercial;B: Evident Injury;Yes;O: No Injury;899;January;0;Straight - Level;Coastal;Not Applicable;No Control Present;Wednesday;Non-Roadway;50;0;Two-Way, Not Divided;Unknown;0;#NULL!;PVA THIRD ST KANGAROO;Concrete;#NULL!;Driveway, Public;Non-Roadway;Public Vehicular Area;B: Evident Injury;Dare;23;Clear;#NULL!;6-10 mph;Unknown;2013;Daylight;20-24
35.9433701435, -77.8048223635;"{""type"": ""Point"", ""coordinates"": [-77.80482236352093, 35.94337014353776]}";Black;Rocky Mount;Sidewalk / Crosswalk / Driveway Crossing;2;17;Urban (>70% Developed);Male;Passenger Car;0;#NULL!;0;0;Black;No;0;11-15;Bicyclist Ride Through - Sign-Controlled Intersection;None;No;No;Dry;0;Urban;No;20APR2008;0;17:04;Female;No;Residential;O: No Injury;No;O: No Injury;5702;April;0;Straight - Level;Coastal;With Traffic;Stop Sign;Sunday;Intersection;14;0;One-Way, Not Divided;2 lanes;0;#NULL!;#NULL!;Coarse Asphalt;#NULL!;T-Intersection;Bicyclist Failed to Yield - Sign-Controlled Intersection;Local Street;O: No Injury;Nash;46;Cloudy;#NULL!;31-35 mph;30 - 35  MPH;2008;Daylight;40-49
35.8627430943, -78.7121226357;"{""type"": ""Point"", ""coordinates"": [-78.71212263573474, 35.862743094334576]}";Black;Raleigh;Unknown;2;15;Urban (>70% Developed);Male;Passenger Car;0;#NULL!;0;0;Black;No;0;40-49;Bicyclist Ride Out - Signalized  Intersection;None;Yes;Yes;Dry;0;Urban;No;19APR2008;0;15:34;Male;No;Commercial;B: Evident Injury;No;O: No Injury;5711;April;0;Straight - Level;Piedmont;Facing Traffic;Stop And Go Signal;Saturday;Intersection;48;0;Two-Way, Divided, Unprotected Median;6 lanes;0;#NULL!;#NULL!;Smooth Asphalt;#NULL!;Four-Way Intersection;Bicyclist Failed to Yield - Signalized Intersection;Local Street;B: Evident Injury;Wake;45;Clear;#NULL!;26-30 mph;40 - 45  MPH;2008;Daylight;40-49
35.3784329963, -78.5428825586;"{""type"": ""Point"", ""coordinates"": [-78.54288255855187, 35.37843299629756]}";Black;Benson;Travel Lane;2;21;Urban (>70% Developed);Male;Sport Utility;0;#NULL!;0;0;White;No;0;20-24;Bicyclist Turning Error - Right Turn;None;No;No;Dry;0;Rural;No;28OCT2008;0;21:41;Female;No;Commercial;C: Possible Injury;Yes;O: No Injury;6457;October;0;Straight - Level;Coastal;With Traffic;Stop Sign;Tuesday;Intersection;22;0;Two-Way, Not Divided;3 lanes;0;#NULL!;#NULL!;Smooth Asphalt;#NULL!;T-Intersection;Loss of Control / Turning Error;Local Street;C: Possible Injury;Johnston;39;Clear;#NULL!;0-5 mph;30 - 35  MPH;2008;Dark - Lighted Roadway;30-39
36.5020671917, -79.7738829922;"{""type"": ""Point"", ""coordinates"": [-79.77388299220955, 36.502067191693534]}";White;Eden;Travel Lane;2;17;Urban (>70% Developed);Male;Passenger Car;0;#NULL!;0;0;Black;No;0;40-49;Bicyclist Left Turn - Same Direction;None;Yes;Yes;Dry;0;Urban;No;03JUL2008;0;17:10;Female;No;Residential;C: Possible Injury;Yes;O: No Injury;6462;July;0;Straight - Level;Piedmont;With Traffic;No Control Present;Thursday;Non-Intersection;44;0;Two-Way, Not Divided;2 lanes;0;#NULL!;#NULL!;Smooth Asphalt;#NULL!;No Special Feature;Bicyclist Left Turn / Merge;Local Street;C: Possible Injury;Rockingham;29;Clear;#NULL!;26-30 mph;20 - 25  MPH;2008;Daylight;25-29
35.0847388567, -80.6978231906;"{""type"": ""Point"", ""coordinates"": [-80.69782319056495, 35.08473885669011]}";Black;Stallings;Non-Roadway;2;17;Urban (>70% Developed);Male;Passenger Car;0;#NULL!;0;0;White;No;0;30-39;Non-Roadway;None;No;No;Dry;0;Urban;No;15JAN2007;0;17:55;Female;No;Commercial;B: Evident Injury;Yes;O: No Injury;6469;January;0;Straight - Level;Piedmont;Unknown;No Control Present;Monday;Non-Roadway;37;0;Two-Way, Not Divided;2 lanes;0;#NULL!;#NULL!;Smooth Asphalt;#NULL!;No Special Feature;Non-Roadway;Public Vehicular Area;B: Evident Injury;Union;39;Cloudy;#NULL!;6-10 mph;20 - 25  MPH;2007;Dusk;30-39
35.8392940585, -79.5900828997;"{""type"": ""Point"", ""coordinates"": [-79.59008289966884, 35.83929405849148]}";Black;None - Rural Crash;Travel Lane;2;19;Rural (<30% Developed);Male;Pickup;0;#NULL!;0;0;White;No;0;50-59;Motorist Overtaking - Undetected Bicyclist;None;Yes;Yes;Dry;0;Rural;No;06JAN2007;0;19:10;Male;No;Farms, Woods, Pastures;A: Disabling Injury;No;O: No Injury;6473;January;0;Straight - Level;Piedmont;With Traffic;Double Yellow Line, No Passing Zone;Saturday;Non-Intersection;51;0;Two-Way, Not Divided;2 lanes;0;#NULL!;#NULL!;Coarse Asphalt;#NULL!;No Special Feature;Motorist Overtaking Bicyclist;State Secondary Route;A: Disabling Injury;Randolph;61;Cloudy;#NULL!;41-45 mph;50 - 55  MPH;2007;Dark - Roadway Not Lighted;60-69
36.512695194, -79.7597129884;"{""type"": ""Point"", ""coordinates"": [-79.75971298835307, 36.5126951939722]}";White;Eden;Travel Lane;2;9;Urban (>70% Developed);Male;Passenger Car;0;#NULL!;0;0;Unknown/Missing;No;0;30-39;Motorist Overtaking - Other / Unknown;Unknown;No;No;Dry;0;Urban;Yes;20FEB2007;0;9:46;Male;No;Residential;B: Evident Injury;No;Unknown Injury;6476;February;0;Straight - Grade;Piedmont;With Traffic;No Control Present;Tuesday;Intersection-Related;39;0;Two-Way, Not Divided;2 lanes;0;#NULL!;#NULL!;Smooth Asphalt;#NULL!;No Special Feature;Motorist Overtaking Bicyclist;Local Street;B: Evident Injury;Rockingham;70+;Clear;#NULL!;41-45 mph;30 - 35  MPH;2007;Daylight;70+
35.7906770771, -78.7709226495;"{""type"": ""Point"", ""coordinates"": [-78.77092264948516, 35.79067707713977]}";Hispanic;Cary;Travel Lane;2;21;Urban (>70% Developed);Male;Passenger Car;0;#NULL!;0;0;White;No;0;16-19;Bicyclist Right Turn - Opposite Direction;None;Yes;Yes;Dry;0;Urban;No;10FEB2007;0;21:11;Female;Yes;Commercial;A: Disabling Injury;Yes;O: No Injury;6477;February;0;Straight - Level;Piedmont;Facing Traffic;No Control Present;Saturday;Non-Intersection;19;0;Two-Way, Not Divided;4 lanes;0;#NULL!;#NULL!;Smooth Asphalt;#NULL!;No Special Feature;Bicyclist Right Turn / Merge;State Secondary Route;A: Disabling Injury;Wake;24;Clear;#NULL!;31-35 mph;30 - 35  MPH;2007;Dark - Lighted Roadway;20-24
36.1222870947, -80.2329631092;"{""type"": ""Point"", ""coordinates"": [-80.2329631091912, 36.122287094719475]}";Black;Winston-Salem;Travel Lane;2;15;Urban (>70% Developed);Male;Passenger Car;0;#NULL!;0;0;White;No;0;50-59;Head-On - Bicyclist;None;No;No;Dry;0;Urban;No;08JAN2007;0;15:01;Male;No;Commercial;C: Possible Injury;No;O: No Injury;6488;January;0;Straight - Level;Piedmont;Facing Traffic;No Control Present;Monday;Non-Intersection;54;0;Two-Way, Not Divided;2 lanes;0;#NULL!;#NULL!;Coarse Asphalt;#NULL!;T-Intersection;Head-On;Local Street;C: Possible Injury;Forsyth;46;Clear;#NULL!;31-35 mph;30 - 35  MPH;2007;Daylight;40-49
35.1758368757, -80.7123632003;"{""type"": ""Point"", ""coordinates"": [-80.71236320031844, 35.17583687571303]}";White;Charlotte;Bike Lane / Paved Shoulder;2;8;Urban (>70% Developed);Male;Passenger Car;0;#NULL!;0;0;White;No;0;40-49;Motorist Overtaking - Other / Unknown;None;Yes;No;Dry;0;Urban;No;09JAN2007;0;8:22;Female;Yes;Residential;K: Killed;Yes;O: No Injury;6495;January;0;Straight - Level;Piedmont;With Traffic;No Control Present;Tuesday;Non-Intersection;42;0;Two-Way, Not Divided;2 lanes;0;#NULL!;#NULL!;Smooth Asphalt;#NULL!;No Special Feature;Motorist Overtaking Bicyclist;Local Street;K: Killed;Mecklenburg;27;Clear;#NULL!;36-40 mph;40 - 45  MPH;2007;Daylight;25-29
35.6129910868, -77.3926522211;"{""type"": ""Point"", ""coordinates"": [-77.39265222112029, 35.61299108676573]}";Black;Greenville;Travel Lane;2;23;Urban (>70% Developed);Male;Passenger Car;0;#NULL!;0;0;Black;No;0;50-59;Crossing Paths - Intersection - Other / Unknown;None;No;No;Dry;0;Urban;No;09JAN2007;0;23:09;Male;No;Commercial;C: Possible Injury;Yes;O: No Injury;6496;January;0;Straight - Level;Coastal;With Traffic;Stop And Go Signal;Tuesday;Intersection-Related;51;0;Two-Way, Divided, Unprotected Median;5 lanes;0;#NULL!;#NULL!;Smooth Asphalt;#NULL!;Four-Way Intersection;Crossing Paths - Other Circumstances;Local Street;C: Possible Injury;Pitt;34;Clear;#NULL!;0-5 mph;40 - 45  MPH;2007;Dark - Lighted Roadway;30-39
35.7099069868, -80.7772032491;"{""type"": ""Point"", ""coordinates"": [-80.77720324907662, 35.70990698681677]}";White;None - Rural Crash;Travel Lane;3;21;Rural (<30% Developed);Male;Passenger Car;0;#NULL!;0;0;White;No;0;11-15;Motorist Overtaking - Other / Unknown;None;No;No;Dry;0;Rural;No;03JUN2011;0;21:09;Male;No;Farms, Woods, Pastures;B: Evident Injury;Yes;O: No Injury;3043;June;0;Straight - Bottom;Piedmont;With Traffic;No Control Present;Friday;Non-Intersection;15;0;Two-Way, Not Divided;2 lanes;0;#NULL!;#NULL!;Smooth Asphalt;#NULL!;No Special Feature;Motorist Overtaking Bicyclist;State Secondary Route;B: Evident Injury;Iredell;28;Clear;#NULL!;41-45 mph;50 - 55  MPH;2011;Dark - Roadway Not Lighted;25-29
34.9906768435, -80.5014031272;"{""type"": ""Point"", ""coordinates"": [-80.50140312715612, 34.99067684353]}";Black;Monroe;Travel Lane;2;19;Urban (>70% Developed);Male;Passenger Car;0;#NULL!;0;0;Hispanic;No;0;6-10;Head-On - Bicyclist;None;No;No;Dry;0;Urban;No;15MAY2011;0;19:34;Male;No;Residential;B: Evident Injury;Yes;O: No Injury;3047;May;0;Straight - Grade;Piedmont;Facing Traffic;No Control Present;Sunday;Non-Intersection;8;0;Two-Way, Not Divided;2 lanes;0;#NULL!;#NULL!;Smooth Asphalt;#NULL!;No Special Feature;Head-On;Local Street;B: Evident Injury;Union;26;Clear;#NULL!;31-35 mph;30 - 35  MPH;2011;Daylight;25-29
35.9093570932, -79.0269027337;"{""type"": ""Point"", ""coordinates"": [-79.0269027336819, 35.9093570932234]}";White;Chapel Hill;Bike Lane / Paved Shoulder;2;13;Urban (>70% Developed);Male;Unknown;0;#NULL!;0;0;Unknown/Missing;No;0;40-49;Motorist Overtaking - Misjudged Space;None;No;No;Dry;0;Urban;Yes;16MAY2011;0;13:14;Unknown;Missing;Commercial;C: Possible Injury;No;Unknown Injury;3048;May;0;Straight - Level;Piedmont;With Traffic;No Control Present;Monday;Non-Intersection;48;0;Two-Way, Divided, Unprotected Median;4 lanes;0;#NULL!;#NULL!;Concrete;#NULL!;On or Off Ramp;Motorist Overtaking Bicyclist;US Route;C: Possible Injury;Orange;Unknown;Clear;#NULL!;41-45 mph;40 - 45  MPH;2011;Daylight;Unknown
35.6572569869, -80.4877031587;"{""type"": ""Point"", ""coordinates"": [-80.48770315871815, 35.65725698691947]}";White;Salisbury;Travel Lane;2;15;Urban (>70% Developed);Male;Sport Utility;0;#NULL!;0;0;Black;No;0;40-49;Motorist Right Turn - Same Direction;None;No;No;Dry;0;Urban;Yes;06JUN2011;0;15:44;Female;No;Commercial;C: Possible Injury;No;O: No Injury;3049;June;0;Straight - Level;Piedmont;With Traffic;Stop And Go Signal;Monday;Intersection;40;0;Two-Way, Not Divided;2 lanes;0;#NULL!;#NULL!;Smooth Asphalt;#NULL!;No Special Feature;Motorist Right Turn / Merge;Local Street;C: Possible Injury;Rowan;50;Clear;#NULL!;0-5 mph;30 - 35  MPH;2011;Daylight;50-59
35.7824270788, -78.6787026213;"{""type"": ""Point"", ""coordinates"": [-78.67870262125577, 35.78242707877606]}";Unknown/Missing;Raleigh;Unknown;2;7;Mixed (30% To 70% Developed);Unknown;Sport Utility;0;#NULL!;0;0;Black;No;0;Unknown;Head-On - Bicyclist;None;No;Missing;Dry;0;Urban;No;16MAY2011;0;7:18;Male;No;Institutional;O: No Injury;No;O: No Injury;3051;May;0;Straight - Hillcrest;Piedmont;Facing Traffic;Stop And Go Signal;Monday;Intersection;Unknown;0;Two-Way, Not Divided;3 lanes;0;#NULL!;#NULL!;Smooth Asphalt;#NULL!;Four-Way Intersection;Head-On;Local Street;Unknown Injury;Wake;35;Clear;#NULL!;0-5 mph;20 - 25  MPH;2011;Daylight;30-39
35.6901870536, -78.8339026628;"{""type"": ""Point"", ""coordinates"": [-78.83390266276594, 35.690187053649574]}";White;Apex;Travel Lane;2;15;Mixed (30% To 70% Developed);Male;Passenger Car;0;#NULL!;0;0;Black;No;0;16-19;Motorist Drive Out - Sign-Controlled Intersection;None;No;No;Dry;0;Urban;No;06JUN2011;0;15:32;Male;No;Residential;C: Possible Injury;No;O: No Injury;3053;June;0;Straight - Level;Piedmont;With Traffic;Stop Sign;Monday;Intersection;17;0;Two-Way, Not Divided;2 lanes;0;#NULL!;#NULL!;Smooth Asphalt;#NULL!;Four-Way Intersection;Motorist Failed to Yield - Sign-Controlled Intersection;NC Route;C: Possible Injury;Wake;17;Clear;#NULL!;6-10 mph;40 - 45  MPH;2011;Daylight;0-19
35.9778571288, -78.4438025602;"{""type"": ""Point"", ""coordinates"": [-78.44380256020848, 35.977857128834906]}";White;None - Rural Crash;Bike Lane / Paved Shoulder;2;18;Mixed (30% To 70% Developed);Male;Motor Home/Recreational Vehicle;0;#NULL!;0;0;White;No;0;16-19;Motorist Overtaking - Bicyclist Swerved;None;No;No;Dry;0;Rural;No;10JUN2011;0;18:15;Male;No;Residential;B: Evident Injury;Yes;O: No Injury;3059;June;0;Straight - Level;Piedmont;With Traffic;Double Yellow Line, No Passing Zone;Friday;Non-Intersection;18;0;Two-Way, Not Divided;2 lanes;0;#NULL!;#NULL!;Smooth Asphalt;#NULL!;No Special Feature;Motorist Overtaking Bicyclist;NC Route;B: Evident Injury;Wake;44;Clear;#NULL!;41-45 mph;50 - 55  MPH;2011;Daylight;40-49
35.44625694, -80.5475031651;"{""type"": ""Point"", ""coordinates"": [-80.54750316509279, 35.446256939991336]}";White;None - Rural Crash;Travel Lane;2;20;Mixed (30% To 70% Developed);Male;Passenger Car;0;#NULL!;0;0;White;No;0;30-39;Bicyclist Left Turn - Same Direction;None;No;No;Dry;0;Rural;No;11JUN2011;0;20:15;Female;No;Residential;C: Possible Injury;No;O: No Injury;3060;June;0;Straight - Grade;Piedmont;With Traffic;No Control Present;Saturday;Intersection;30;0;Two-Way, Not Divided;2 lanes;0;#NULL!;#NULL!;Smooth Asphalt;#NULL!;T-Intersection;Bicyclist Left Turn / Merge;State Secondary Route;C: Possible Injury;Cabarrus;70+;Clear;#NULL!;51-55 mph;50 - 55  MPH;2011;Daylight;70+
35.6978170196, -79.8204029612;"{""type"": ""Point"", ""coordinates"": [-79.82040296120263, 35.69781701956715]}";White;Asheboro;Travel Lane;2;7;Urban (>70% Developed);Male;Passenger Car;0;#NULL!;0;0;White;No;0;11-15;Bicyclist Left Turn - Same Direction;None;No;No;Dry;0;Urban;No;24MAY2011;0;7:43;Female;No;Residential;B: Evident Injury;Yes;O: No Injury;3064;May;0;Straight - Level;Piedmont;With Traffic;No Control Present;Tuesday;Non-Intersection;14;0;Two-Way, Not Divided;2 lanes;0;#NULL!;#NULL!;Smooth Asphalt;#NULL!;No Special Feature;Bicyclist Left Turn / Merge;State Secondary Route;B: Evident Injury;Randolph;27;Clear;#NULL!;31-35 mph;30 - 35  MPH;2011;Daylight;25-29