Geo Point;Geo Shape;BikeRace;City;BikePos;NumUnits;CrashHour;Locality;BikeSex;DrvrVehTyp;NumBikesNo;BikeAlcDrg;NumBikesBI;RteInvdCd;DrvrRace;Workzone;NumBikesCi;BikeAgeGrp;CrashType;RdDefects;CrashAlcoh;BikeAlcoho;RdConditio;DstncMiFrm;RuralUrban;HitRun;CrashDate;NumBikesUI;CrashTime;DrvrSex;DrvrAlcoho;Developmen;CrashSevr;AmbulanceR;DrvrInjury;OBJECTID;CrashMonth;NumBikesKi;RdCharacte;Region;BikeDir;TraffCntrl;CrashDay;CrashLoc;BikeAge;NumBikesTo;RdConfig;NumLanes;NumBikesAI;DrvrAlcDrg;OnRoad;RdSurface;Towrd_Rd;RdFeature;CrashGrp;RdClass;BikeInjury;County;DrvrAge;Weather;FrmRd;DrvrEstSpd;SpeedLimit;CrashYear;LightCond;DrvrAgeGrp
35.1626968664, -80.9006032558;"{""type"": ""Point"", ""coordinates"": [-80.90060325584643, 35.16269686638823]}";Other;Charlotte;Sidewalk / Crosswalk / Driveway Crossing;2;19;Urban (>70% Developed);Male;Passenger Car;0;#NULL!;0;0;White;No;0;25-29;Motorist Left Turn - Opposite Direction;None;No;No;Dry;0;Urban;No;26MAY2011;0;19:25;Female;No;Residential;B: Evident Injury;Yes;O: No Injury;3068;May;0;Straight - Level;Piedmont;With Traffic;No Control Present;Thursday;Intersection;29;0;Two-Way, Not Divided;4 lanes;0;#NULL!;#NULL!;Smooth Asphalt;#NULL!;No Special Feature;Motorist Left Turn / Merge;Local Street;B: Evident Injury;Mecklenburg;30;Clear;#NULL!;11-15 mph;40 - 45  MPH;2011;Daylight;30-39
36.0121671195, -78.9055027019;"{""type"": ""Point"", ""coordinates"": [-78.90550270191301, 36.01216711949596]}";White;Durham;Travel Lane;2;18;Mixed (30% To 70% Developed);Female;Passenger Car;0;#NULL!;0;0;Hispanic;No;0;25-29;Crossing Paths - Intersection - Other / Unknown;None;No;No;Dry;0;Urban;No;15JUN2011;0;18:45;Female;No;Residential;C: Possible Injury;Yes;O: No Injury;3075;June;0;Straight - Level;Piedmont;Unknown;Stop Sign;Wednesday;Intersection;26;0;Two-Way, Not Divided;2 lanes;0;#NULL!;#NULL!;Smooth Asphalt;#NULL!;No Special Feature;Crossing Paths - Other Circumstances;Local Street;C: Possible Injury;Durham;25;Clear;#NULL!;0-5 mph;30 - 35  MPH;2011;Daylight;25-29
35.7721070776, -78.6386026089;"{""type"": ""Point"", ""coordinates"": [-78.63860260892373, 35.77210707758422]}";Black;Raleigh;Travel Lane;2;15;Urban (>70% Developed);Male;Sport Utility;0;#NULL!;0;0;Black;No;0;6-10;Bicyclist Ride Through - Sign-Controlled Intersection;None;Yes;No;Dry;0;Urban;No;29MAY2011;0;15:51;Female;Yes;Residential;A: Disabling Injury;Yes;O: No Injury;3077;May;0;Straight - Grade;Piedmont;With Traffic;Stop Sign;Sunday;Intersection;6;0;Two-Way, Not Divided;2 lanes;0;#NULL!;#NULL!;Smooth Asphalt;#NULL!;Four-Way Intersection;Bicyclist Failed to Yield - Sign-Controlled Intersection;Local Street;A: Disabling Injury;Wake;50;Clear;#NULL!;0-5 mph;5 - 15 MPH;2011;Daylight;50-59
34.2489067714, -77.8897023056;"{""type"": ""Point"", ""coordinates"": [-77.88970230564114, 34.248906771438136]}";White;Wilmington;Travel Lane;2;7;Urban (>70% Developed);Male;School Bus;0;#NULL!;0;0;Black;No;0;30-39;Motorist Drive Out - Sign-Controlled Intersection;None;No;No;Dry;0;Urban;No;26MAY2011;0;7:51;Male;No;Residential;B: Evident Injury;No;O: No Injury;3083;May;0;Straight - Level;Coastal;With Traffic;Stop Sign;Thursday;Intersection;32;0;Two-Way, Not Divided;2 lanes;0;#NULL!;#NULL!;Coarse Asphalt;#NULL!;No Special Feature;Motorist Failed to Yield - Sign-Controlled Intersection;Local Street;B: Evident Injury;New Hanover;23;Clear;#NULL!;0-5 mph;40 - 45  MPH;2011;Daylight;20-24
35.0889769875, -76.9493020597;"{""type"": ""Point"", ""coordinates"": [-76.94930205967414, 35.088976987474936]}";Unknown/Missing;None - Rural Crash;Travel Lane;2;18;Urban (>70% Developed);Male;Passenger Car;0;#NULL!;0;0;White;No;0;6-10;Bicyclist Right Turn - Same Direction;None;No;No;Dry;0;Rural;No;13JUN2011;0;18:38;Male;No;Residential;C: Possible Injury;No;O: No Injury;3085;June;0;Straight - Level;Coastal;Facing Traffic;No Control Present;Monday;Non-Intersection;8;0;Two-Way, Not Divided;2 lanes;0;#NULL!;#NULL!;Coarse Asphalt;#NULL!;No Special Feature;Bicyclist Right Turn / Merge;State Secondary Route;C: Possible Injury;Craven;20;Clear;#NULL!;31-35 mph;30 - 35  MPH;2011;Daylight;20-24
35.9826170731, -80.0231030374;"{""type"": ""Point"", ""coordinates"": [-80.02310303743818, 35.982617073065434]}";White;High Point;Travel Lane;2;9;Urban (>70% Developed);Male;Passenger Car;0;#NULL!;0;0;White;No;0;20-24;Bicyclist Ride Through - Signalized Intersection;None;No;No;Dry;0;Urban;No;30MAY2011;0;9:15;Female;No;Commercial;C: Possible Injury;No;O: No Injury;3088;May;0;Straight - Level;Piedmont;With Traffic;Stop And Go Signal;Monday;Intersection;20;0;Two-Way, Not Divided;6 lanes;0;#NULL!;#NULL!;Coarse Asphalt;#NULL!;Four-Way Intersection;Bicyclist Failed to Yield - Signalized Intersection;Local Street;C: Possible Injury;Guilford;28;Clear;#NULL!;11-15 mph;30 - 35  MPH;2011;Daylight;25-29
35.3112870075, -77.8038023311;"{""type"": ""Point"", ""coordinates"": [-77.80380233108278, 35.31128700747655]}";White;None - Rural Crash;Travel Lane;2;19;Rural (<30% Developed);Male;Passenger Car;0;#NULL!;0;0;Black;No;0;11-15;Motorist Overtaking - Bicyclist Swerved;None;No;No;Dry;0;Rural;No;18JUN2011;0;19:22;Female;No;Farms, Woods, Pastures;C: Possible Injury;Yes;O: No Injury;3094;June;0;Straight - Level;Coastal;With Traffic;No Control Present;Saturday;Non-Intersection;13;0;Two-Way, Not Divided;2 lanes;0;#NULL!;#NULL!;Coarse Asphalt;#NULL!;No Special Feature;Motorist Overtaking Bicyclist;State Secondary Route;C: Possible Injury;Lenoir;34;Clear;#NULL!;31-35 mph;40 - 45  MPH;2011;Daylight;30-39
35.2131368798, -80.827903237;"{""type"": ""Point"", ""coordinates"": [-80.82790323695113, 35.21313687984754]}";Unknown/Missing;Charlotte;Sidewalk / Crosswalk / Driveway Crossing;2;7;Urban (>70% Developed);Male;Passenger Car;0;#NULL!;0;0;White;No;0;20-24;Motorist Drive Out - Sign-Controlled Intersection;None;No;No;Dry;0;Urban;No;02JUN2011;0;7:30;Male;No;Commercial;O: No Injury;No;O: No Injury;3100;June;0;Straight - Grade;Piedmont;Facing Traffic;Stop Sign;Thursday;Intersection;21;0;Two-Way, Not Divided;4 lanes;0;#NULL!;#NULL!;Smooth Asphalt;#NULL!;No Special Feature;Motorist Failed to Yield - Sign-Controlled Intersection;Local Street;O: No Injury;Mecklenburg;33;Clear;#NULL!;0-5 mph;30 - 35  MPH;2011;Daylight;30-39
36.0957470878, -80.2633031159;"{""type"": ""Point"", ""coordinates"": [-80.26330311592683, 36.0957470877992]}";White;Winston-Salem;Travel Lane;2;4;Urban (>70% Developed);Male;Light Truck (Mini-Van, Panel);0;#NULL!;0;0;White;No;0;30-39;Motorist Drive Out - Sign-Controlled Intersection;None;No;No;Water (Standing, Moving);0;Urban;No;04JUN2011;0;4:14;Female;No;Residential;A: Disabling Injury;Yes;O: No Injury;3102;June;0;Straight - Grade;Piedmont;With Traffic;Stop Sign;Saturday;Intersection;35;0;Two-Way, Not Divided;2 lanes;0;#NULL!;#NULL!;Smooth Asphalt;#NULL!;Four-Way Intersection;Motorist Failed to Yield - Sign-Controlled Intersection;Local Street;A: Disabling Injury;Forsyth;49;Clear;#NULL!;6-10 mph;20 - 25  MPH;2011;Daylight;40-49
35.9925971161, -78.8819026936;"{""type"": ""Point"", ""coordinates"": [-78.88190269362318, 35.99259711612408]}";Black;Durham;Non-Roadway;2;21;Urban (>70% Developed);Male;Police;0;#NULL!;0;0;White;No;0;20-24;Non-Roadway;None;No;No;Dry;0;Urban;No;27JUN2011;0;21:20;Male;No;Residential;O: No Injury;No;O: No Injury;3123;June;0;Straight - Level;Piedmont;Not Applicable;No Control Present;Monday;Non-Roadway;23;0;Unknown;Unknown;0;#NULL!;#NULL!;Other;#NULL!;Other;Non-Roadway;Public Vehicular Area;O: No Injury;Durham;34;Clear;#NULL!;0-5 mph;5 - 15 MPH;2011;Dark - Lighted Roadway;30-39
35.5786170536, -78.1406024471;"{""type"": ""Point"", ""coordinates"": [-78.1406024471084, 35.57861705361919]}";White;None - Rural Crash;Sidewalk / Crosswalk / Driveway Crossing;2;1;Rural (<30% Developed);Male;Pickup;0;#NULL!;0;0;White;No;0;50-59;Motorist Left Turn - Opposite Direction;None;No;No;Dry;0;Rural;No;01JUL2011;0;1:57;Male;No;Farms, Woods, Pastures;B: Evident Injury;Yes;O: No Injury;3130;July;0;Straight - Level;Coastal;With Traffic;No Control Present;Friday;Non-Intersection;59;0;Two-Way, Not Divided;2 lanes;0;#NULL!;#NULL!;Smooth Asphalt;#NULL!;Driveway, Public;Motorist Left Turn / Merge;State Secondary Route;B: Evident Injury;Johnston;23;Clear;#NULL!;51-55 mph;50 - 55  MPH;2011;Dark - Roadway Not Lighted;20-24
35.7437770655, -78.8213026626;"{""type"": ""Point"", ""coordinates"": [-78.8213026626166, 35.74377706545115]}";White;Apex;Travel Lane;2;10;Urban (>70% Developed);Male;Passenger Car;0;#NULL!;0;0;White;No;0;50-59;Bicyclist Overtaking - Other / Unknown;None;No;No;Dry;0;Urban;No;04JUL2011;0;10:28;Female;No;Commercial;B: Evident Injury;Yes;O: No Injury;3138;July;0;Straight - Grade;Piedmont;With Traffic;Double Yellow Line, No Passing Zone;Monday;Non-Intersection;50;0;Two-Way, Not Divided;2 lanes;0;#NULL!;#NULL!;Coarse Asphalt;#NULL!;No Special Feature;Bicyclist Overtaking Motorist;Local Street;B: Evident Injury;Wake;63;Clear;#NULL!;0-5 mph;30 - 35  MPH;2011;Daylight;60-69
36.0171871212, -78.9001027004;"{""type"": ""Point"", ""coordinates"": [-78.90010270040658, 36.01718712120537]}";White;Durham;Travel Lane;2;18;Urban (>70% Developed);Male;Passenger Car;0;#NULL!;0;0;Black;No;0;20-24;Motorist Right Turn - Same Direction;None;No;No;Dry;0;Urban;No;05JUL2011;0;18:35;Female;No;Residential;O: No Injury;No;O: No Injury;3139;July;0;Straight - Grade;Piedmont;With Traffic;Stop And Go Signal;Tuesday;Intersection;21;0;Two-Way, Not Divided;2 lanes;0;#NULL!;#NULL!;Smooth Asphalt;#NULL!;Four-Way Intersection;Motorist Right Turn / Merge;Local Street;O: No Injury;Durham;29;Clear;#NULL!;6-10 mph;5 - 15 MPH;2011;Daylight;25-29
35.329816905, -80.825903242;"{""type"": ""Point"", ""coordinates"": [-80.82590324201563, 35.32981690500212]}";Hispanic;Charlotte;Travel Lane;2;13;Urban (>70% Developed);Male;Pickup;0;#NULL!;0;0;Hispanic;No;0;40-49;Bicylist Lost Control - Alcohol / Drug Impairment;None;Yes;Yes;Dry;0;Urban;No;11JUN2011;0;13:34;Male;No;Residential;B: Evident Injury;No;O: No Injury;3141;June;0;Straight - Hillcrest;Piedmont;With Traffic;No Control Present;Saturday;Non-Intersection;40;0;Two-Way, Not Divided;2 lanes;0;#NULL!;#NULL!;Smooth Asphalt;#NULL!;No Special Feature;Loss of Control / Turning Error;Local Street;B: Evident Injury;Mecklenburg;29;Clear;#NULL!;16-20 mph;30 - 35  MPH;2011;Daylight;25-29
36.2202272552, -76.2764019101;"{""type"": ""Point"", ""coordinates"": [-76.27640191005571, 36.2202272552176]}";Black;None - Rural Crash;Travel Lane;2;19;Rural (<30% Developed);Female;Unknown;0;#NULL!;0;0;Unknown/Missing;No;0;11-15;Motorist Overtaking - Other / Unknown;None;No;No;Dry;0;Rural;Yes;12JUN2011;0;19:09;Unknown;Missing;Farms, Woods, Pastures;B: Evident Injury;Yes;Unknown Injury;3142;June;0;Straight - Level;Coastal;With Traffic;Double Yellow Line, No Passing Zone;Sunday;Non-Intersection;14;0;Two-Way, Not Divided;2 lanes;0;#NULL!;#NULL!;Smooth Asphalt;#NULL!;Bridge;Motorist Overtaking Bicyclist;State Secondary Route;B: Evident Injury;Pasquotank;Unknown;Clear;#NULL!;46-50 mph;30 - 35  MPH;2011;Daylight;Unknown
36.1173370929, -80.2571031162;"{""type"": ""Point"", ""coordinates"": [-80.25710311623918, 36.117337092900584]}";Black;Winston-Salem;Travel Lane;2;22;Urban (>70% Developed);Male;Passenger Car;0;#NULL!;0;0;Unknown/Missing;No;0;20-24;Motorist Overtaking - Other / Unknown;None;No;No;Dry;0;Urban;Yes;14JUN2011;0;22:16;Unknown;Missing;Residential;C: Possible Injury;Yes;Unknown Injury;3148;June;0;Straight - Grade;Piedmont;With Traffic;No Control Present;Tuesday;Intersection;21;0;Two-Way, Not Divided;4 lanes;0;#NULL!;#NULL!;Coarse Asphalt;#NULL!;Four-Way Intersection;Motorist Overtaking Bicyclist;Local Street;C: Possible Injury;Forsyth;Unknown;Clear;#NULL!;21-25 mph;30 - 35  MPH;2011;Dark - Lighted Roadway;Unknown
35.270406892, -80.8375032422;"{""type"": ""Point"", ""coordinates"": [-80.83750324215528, 35.270406892041166]}";Black;Charlotte;Non-Roadway;2;19;Urban (>70% Developed);Male;Sport Utility;0;#NULL!;0;0;Black;No;0;50-59;Non-Roadway;None;Yes;Yes;Dry;0;Urban;No;16JUN2011;0;19:44;Male;No;Commercial;B: Evident Injury;Yes;O: No Injury;3157;June;0;Other;Piedmont;Not Applicable;No Control Present;Thursday;Non-Roadway;51;0;Unknown;Unknown;0;#NULL!;#NULL!;Concrete;#NULL!;Driveway, Private;Non-Roadway;Public Vehicular Area;B: Evident Injury;Mecklenburg;48;Clear;#NULL!;0-5 mph;5 - 15 MPH;2011;Daylight;40-49
34.2303967669, -77.8871023034;"{""type"": ""Point"", ""coordinates"": [-77.88710230339252, 34.230396766874335]}";White;Wilmington;Travel Lane;2;18;Urban (>70% Developed);Male;Passenger Car;0;#NULL!;0;0;Black;No;0;70+;Motorist Drive Out - Sign-Controlled Intersection;None;No;No;Dry;0;Urban;No;15JUN2011;0;18:02;Male;No;Residential;B: Evident Injury;Yes;O: No Injury;3165;June;0;Straight - Level;Coastal;Facing Traffic;Stop Sign;Wednesday;Intersection;70+;0;Two-Way, Not Divided;3 lanes;0;#NULL!;#NULL!;Smooth Asphalt;#NULL!;Four-Way Intersection;Motorist Failed to Yield - Sign-Controlled Intersection;Local Street;B: Evident Injury;New Hanover;21;Clear;#NULL!;0-5 mph;30 - 35  MPH;2011;Daylight;20-24
35.1962568758, -80.8277032356;"{""type"": ""Point"", ""coordinates"": [-80.82770323564647, 35.19625687582871]}";White;Charlotte;Travel Lane;2;19;Urban (>70% Developed);Male;Passenger Car;0;#NULL!;0;0;White;No;0;40-49;Bicyclist Ride Out - Sign-Controlled Intersection;None;No;No;Dry;0;Urban;No;20JUN2011;0;19:28;Male;No;Residential;B: Evident Injury;No;O: No Injury;3168;June;0;Straight - Level;Piedmont;With Traffic;Stop Sign;Monday;Intersection;47;0;Two-Way, Divided, Positive Median Barrier;4 lanes;0;#NULL!;#NULL!;Smooth Asphalt;#NULL!;No Special Feature;Bicyclist Failed to Yield - Sign-Controlled Intersection;Local Street;B: Evident Injury;Mecklenburg;34;Clear;#NULL!;26-30 mph;30 - 35  MPH;2011;Daylight;30-39
36.1052270903, -80.2576031152;"{""type"": ""Point"", ""coordinates"": [-80.25760311521104, 36.10522709031522]}";Black;Winston-Salem;Travel Lane;2;14;Urban (>70% Developed);Male;Pickup;0;#NULL!;0;0;Black;No;0;40-49;Head-On - Bicyclist;None;Yes;Yes;Dry;0;Urban;No;23JUN2011;0;14:19;Male;No;Commercial;B: Evident Injury;Yes;O: No Injury;3170;June;0;Curve - Hillcrest;Piedmont;Facing Traffic;Stop And Go Signal;Thursday;Intersection-Related;42;0;Two-Way, Not Divided;2 lanes;0;#NULL!;#NULL!;Smooth Asphalt;#NULL!;No Special Feature;Head-On;Local Street;B: Evident Injury;Forsyth;42;Cloudy;#NULL!;0-5 mph;30 - 35  MPH;2011;Daylight;40-49
34.0143067181, -77.9002022978;"{""type"": ""Point"", ""coordinates"": [-77.9002022977572, 34.01430671810669]}";White;Carolina Beach;Travel Lane;2;14;Urban (>70% Developed);Male;Sport Utility;0;#NULL!;0;0;White;No;0;11-15;Motorist Left Turn - Opposite Direction;None;No;No;Dry;0;Urban;No;18JUN2011;0;14:20;Male;No;Residential;B: Evident Injury;Yes;O: No Injury;3174;June;0;Straight - Level;Coastal;Facing Traffic;No Control Present;Saturday;Non-Intersection;15;0;Two-Way, Divided, Unprotected Median;2 lanes;0;#NULL!;#NULL!;Coarse Asphalt;#NULL!;No Special Feature;Motorist Left Turn / Merge;US Route;B: Evident Injury;New Hanover;58;Clear;#NULL!;0-5 mph;30 - 35  MPH;2011;Daylight;50-59
34.0240367204, -77.8967022966;"{""type"": ""Point"", ""coordinates"": [-77.89670229661509, 34.024036720402165]}";White;Carolina Beach;Travel Lane;2;18;Urban (>70% Developed);Male;Passenger Car;0;#NULL!;0;0;White;No;0;30-39;Bicyclist Left Turn - Same Direction;None;Yes;Yes;Dry;0;Urban;No;04JUN2011;0;18:06;Female;No;Residential;B: Evident Injury;No;O: No Injury;3175;June;0;Straight - Level;Coastal;With Traffic;Stop Sign;Saturday;Intersection-Related;36;0;Two-Way, Divided, Positive Median Barrier;2 lanes;0;#NULL!;#NULL!;Coarse Asphalt;#NULL!;T-Intersection;Bicyclist Left Turn / Merge;Local Street;B: Evident Injury;New Hanover;60;Clear;#NULL!;0-5 mph;20 - 25  MPH;2011;Dawn;60-69
35.6716071003, -77.3655022156;"{""type"": ""Point"", ""coordinates"": [-77.36550221558433, 35.671607100271736]}";Black;None - Rural Crash;Travel Lane;2;21;Rural (<30% Developed);Male;Passenger Car;0;#NULL!;0;0;Black;No;0;40-49;Motorist Overtaking - Undetected Bicyclist;None;Yes;Yes;Dry;0;Rural;No;14JUL2011;0;21:41;Female;No;Farms, Woods, Pastures;O: No Injury;No;O: No Injury;3180;July;0;Straight - Level;Coastal;With Traffic;No Control Present;Thursday;Non-Intersection;48;0;Two-Way, Not Divided;2 lanes;0;#NULL!;#NULL!;Coarse Asphalt;#NULL!;No Special Feature;Motorist Overtaking Bicyclist;State Secondary Route;O: No Injury;Pitt;37;Clear;#NULL!;41-45 mph;40 - 45  MPH;2011;Dark - Roadway Not Lighted;30-39
35.415456983, -79.1726027513;"{""type"": ""Point"", ""coordinates"": [-79.17260275131572, 35.41545698297663]}";White;None - Rural Crash;Travel Lane;2;11;Rural (<30% Developed);Female;Pickup;0;#NULL!;0;0;White;No;0;40-49;Motorist Overtaking - Misjudged Space;None;No;No;Dry;0;Rural;No;16JUL2011;0;11:30;Male;No;Farms, Woods, Pastures;C: Possible Injury;No;O: No Injury;3185;July;0;Straight - Grade;Piedmont;With Traffic;Double Yellow Line, No Passing Zone;Saturday;Non-Intersection;48;0;Two-Way, Not Divided;2 lanes;0;#NULL!;#NULL!;Smooth Asphalt;#NULL!;No Special Feature;Motorist Overtaking Bicyclist;State Secondary Route;C: Possible Injury;Lee;70+;Clear;#NULL!;26-30 mph;50 - 55  MPH;2011;Daylight;70+
34.2385467711, -77.8280022864;"{""type"": ""Point"", ""coordinates"": [-77.8280022864144, 34.23854677110815]}";White;Wilmington;Sidewalk / Crosswalk / Driveway Crossing;2;16;Urban (>70% Developed);Male;Passenger Car;0;#NULL!;0;0;White;No;0;16-19;Motorist Right Turn on Red - Same Direction;None;No;No;Dry;0;Urban;No;28JUN2011;0;16:05;Male;No;Commercial;B: Evident Injury;Yes;O: No Injury;3190;June;0;Straight - Level;Coastal;With Traffic;Stop And Go Signal;Tuesday;Intersection;18;0;Two-Way, Divided, Positive Median Barrier;6 lanes;0;#NULL!;#NULL!;Coarse Asphalt;#NULL!;Four-Way Intersection;Motorist Right Turn / Merge;Local Street;B: Evident Injury;New Hanover;27;Clear;#NULL!;11-15 mph;30 - 35  MPH;2011;Daylight;25-29
35.9460371051, -78.9217027032;"{""type"": ""Point"", ""coordinates"": [-78.92170270315341, 35.94603710506552]}";White;Durham;Travel Lane;2;18;Urban (>70% Developed);Female;Sport Utility;0;#NULL!;0;0;Unknown/Missing;No;0;40-49;Motorist Left Turn - Opposite Direction;None;No;No;Dry;0;Urban;Yes;19JUL2011;0;18:49;Unknown;Missing;Commercial;B: Evident Injury;Yes;Unknown Injury;3191;July;0;Straight - Level;Piedmont;With Traffic;Stop And Go Signal;Tuesday;Intersection;43;0;Two-Way, Not Divided;5 lanes;0;#NULL!;#NULL!;Smooth Asphalt;#NULL!;Four-Way Intersection;Motorist Left Turn / Merge;Local Street;B: Evident Injury;Durham;Unknown;Clear;#NULL!;21-25 mph;40 - 45  MPH;2011;Daylight;Unknown
34.949626947, -77.2424021422;"{""type"": ""Point"", ""coordinates"": [-77.24240214218455, 34.9496269470463]}";White;None - Rural Crash;Travel Lane;2;16;Rural (<30% Developed);Male;Sport Utility;0;#NULL!;0;0;Other;No;0;40-49;Motorist Overtaking - Other / Unknown;None;Yes;Yes;Dry;0;Rural;No;11JUL2011;0;16:56;Male;No;Farms, Woods, Pastures;C: Possible Injury;Yes;O: No Injury;3193;July;0;Straight - Level;Coastal;With Traffic;Double Yellow Line, No Passing Zone;Monday;Non-Intersection;47;0;Two-Way, Not Divided;2 lanes;0;#NULL!;#NULL!;Coarse Asphalt;#NULL!;No Special Feature;Motorist Overtaking Bicyclist;US Route;C: Possible Injury;Jones;34;Clear;#NULL!;46-50 mph;50 - 55  MPH;2011;Daylight;30-39
34.9468968244, -80.7736032065;"{""type"": ""Point"", ""coordinates"": [-80.77360320648054, 34.94689682440137]}";White;Waxhaw;Travel Lane;2;7;Mixed (30% To 70% Developed);Male;Sport Utility;0;#NULL!;0;0;White;No;0;50-59;Motorist Turning Error - Left Turn;None;No;No;Dry;0;Rural;No;02JUL2011;0;7:41;Male;No;Farms, Woods, Pastures;B: Evident Injury;Yes;O: No Injury;3199;July;0;Straight - Grade;Piedmont;With Traffic;Stop And Go Signal;Saturday;Intersection;51;0;Two-Way, Divided, Unprotected Median;4 lanes;0;#NULL!;#NULL!;Smooth Asphalt;#NULL!;Four-Way Intersection;Loss of Control / Turning Error;Local Street;B: Evident Injury;Union;42;Clear;#NULL!;41-45 mph;40 - 45  MPH;2011;Daylight;40-49
35.0811668552, -80.7303032;"{""type"": ""Point"", ""coordinates"": [-80.73030320001874, 35.08116685520012]}";White;Charlotte;Travel Lane;2;13;Urban (>70% Developed);Male;Light Truck (Mini-Van, Panel);0;#NULL!;0;0;White;No;0;50-59;Motorist Drive Out - Commercial Driveway / Alley;None;No;No;Dry;0;Urban;No;04JUL2011;0;13:50;Female;No;Commercial;B: Evident Injury;Yes;O: No Injury;3203;July;0;Straight - Level;Piedmont;With Traffic;Stop Sign;Monday;Non-Intersection;57;0;Two-Way, Not Divided;2 lanes;0;#NULL!;#NULL!;Smooth Asphalt;#NULL!;Bridge;Motorist Failed to Yield - Midblock;Local Street;B: Evident Injury;Mecklenburg;52;Clear;#NULL!;11-15 mph;40 - 45  MPH;2011;Daylight;50-59
35.9619471525, -77.6586023204;"{""type"": ""Point"", ""coordinates"": [-77.65860232041184, 35.96194715248671]}";Black;None - Rural Crash;Travel Lane;2;6;Mixed (30% To 70% Developed);Male;Pickup;0;#NULL!;0;0;White;No;0;50-59;Motorist Overtaking - Other / Unknown;None;No;No;Dry;0;Rural;No;24JUL2011;0;6:11;Male;No;Farms, Woods, Pastures;A: Disabling Injury;Yes;O: No Injury;3207;July;0;Straight - Level;Coastal;With Traffic;No Control Present;Sunday;Non-Intersection;55;0;Two-Way, Not Divided;2 lanes;0;#NULL!;#NULL!;Coarse Asphalt;#NULL!;No Special Feature;Motorist Overtaking Bicyclist;NC Route;A: Disabling Injury;Edgecombe;70+;Cloudy;#NULL!;51-55 mph;50 - 55  MPH;2011;Dawn;70+
36.300747275, -76.2022018912;"{""type"": ""Point"", ""coordinates"": [-76.2022018911964, 36.300747275033956]}";White;None - Rural Crash;Travel Lane;2;5;Rural (<30% Developed);Female;Single Unit Truck (2-Axle, 6-Tire);0;#NULL!;0;0;White;No;0;50-59;Motorist Overtaking - Undetected Bicyclist;None;No;No;Dry;0;Rural;No;23JUL2011;0;5:41;Male;No;Farms, Woods, Pastures;B: Evident Injury;Yes;O: No Injury;3209;July;0;Straight - Level;Coastal;With Traffic;No Control Present;Saturday;Non-Intersection;50;0;Two-Way, Not Divided;2 lanes;0;#NULL!;#NULL!;Coarse Asphalt;#NULL!;No Special Feature;Motorist Overtaking Bicyclist;US Route;B: Evident Injury;Currituck;46;Clear;#NULL!;51-55 mph;50 - 55  MPH;2011;Dark - Roadway Not Lighted;40-49
35.7769870723, -78.8349026676;"{""type"": ""Point"", ""coordinates"": [-78.83490266755295, 35.77698707227867]}";Other;Cary;Travel Lane;2;16;Urban (>70% Developed);Male;Unknown;0;#NULL!;0;0;Unknown/Missing;No;0;16-19;Motorist Drive Out - Sign-Controlled Intersection;None;No;No;Dry;0;Urban;Yes;29JUN2011;0;16:03;Unknown;Missing;Commercial;O: No Injury;No;Unknown Injury;3229;June;0;Straight - Grade;Piedmont;With Traffic;Stop Sign;Wednesday;Intersection;17;0;Two-Way, Divided, Positive Median Barrier;Unknown;0;#NULL!;#NULL!;Smooth Asphalt;#NULL!;No Special Feature;Motorist Failed to Yield - Sign-Controlled Intersection;Public Vehicular Area;O: No Injury;Wake;Unknown;Clear;#NULL!;Unknown;Unknown;2011;Dawn;Unknown
35.1102170232, -75.9774017642;"{""type"": ""Point"", ""coordinates"": [-75.9774017642363, 35.11021702316236]}";White;None - Rural Crash;Driveway / Alley;2;12;Urban (>70% Developed);Male;Motorcycle;0;#NULL!;0;0;White;No;0;30-39;Bicyclist Ride Out - Residential Driveway;None;No;No;Dry;0;Rural;No;21JUL2011;0;12:03;Male;No;Commercial;B: Evident Injury;No;B: Evident Injury;3232;July;0;Straight - Level;Coastal;Not Applicable;No Control Present;Thursday;Non-Intersection;38;0;Two-Way, Not Divided;2 lanes;0;#NULL!;#NULL!;Smooth Asphalt;#NULL!;No Special Feature;Bicyclist Failed to Yield - Midblock;Local Street;C: Possible Injury;Hyde;62;Clear;#NULL!;16-20 mph;20 - 25  MPH;2011;Daylight;60-69
34.2586767739, -77.860402297;"{""type"": ""Point"", ""coordinates"": [-77.86040229704078, 34.258676773944416]}";White;None - Rural Crash;Travel Lane;2;17;Urban (>70% Developed);Male;Passenger Car;0;#NULL!;0;0;White;No;0;16-19;Backing Vehicle;None;No;No;Dry;0;Rural;No;30JUL2011;0;17:40;Female;No;Residential;B: Evident Injury;Yes;O: No Injury;3233;July;0;Curve - Level;Coastal;With Traffic;No Control Present;Saturday;Non-Intersection;18;0;Two-Way, Not Divided;2 lanes;0;#NULL!;#NULL!;Coarse Asphalt;#NULL!;Driveway, Private;Backing Vehicle;State Secondary Route;B: Evident Injury;New Hanover;70+;Clear;#NULL!;0-5 mph;30 - 35  MPH;2011;Daylight;70+