Geo Point;Geo Shape;BikeRace;City;BikePos;NumUnits;CrashHour;Locality;BikeSex;DrvrVehTyp;NumBikesNo;BikeAlcDrg;NumBikesBI;RteInvdCd;DrvrRace;Workzone;NumBikesCi;BikeAgeGrp;CrashType;RdDefects;CrashAlcoh;BikeAlcoho;RdConditio;DstncMiFrm;RuralUrban;HitRun;CrashDate;NumBikesUI;CrashTime;DrvrSex;DrvrAlcoho;Developmen;CrashSevr;AmbulanceR;DrvrInjury;OBJECTID;CrashMonth;NumBikesKi;RdCharacte;Region;BikeDir;TraffCntrl;CrashDay;CrashLoc;BikeAge;NumBikesTo;RdConfig;NumLanes;NumBikesAI;DrvrAlcDrg;OnRoad;RdSurface;Towrd_Rd;RdFeature;CrashGrp;RdClass;BikeInjury;County;DrvrAge;Weather;FrmRd;DrvrEstSpd;SpeedLimit;CrashYear;LightCond;DrvrAgeGrp
35.200616926, -79.468402829;"{""type"": ""Point"", ""coordinates"": [-79.46840282902373, 35.200616926004024]}";White;Pinehurst;Travel Lane;2;9;Mixed (30% To 70% Developed);Male;Passenger Car;0;#NULL!;0;0;Black;No;0;30-39;Motorist Left Turn - Opposite Direction;None;No;No;Dry;0;Urban;No;16JUL2011;0;9:35;Male;No;Commercial;C: Possible Injury;Yes;O: No Injury;3239;July;0;Straight - Level;Piedmont;With Traffic;Stop Sign;Saturday;Intersection;37;0;Two-Way, Not Divided;2 lanes;0;#NULL!;#NULL!;Smooth Asphalt;#NULL!;Driveway, Public;Motorist Left Turn / Merge;Local Street;C: Possible Injury;Moore;52;Clear;#NULL!;0-5 mph;20 - 25  MPH;2011;Daylight;50-59
35.2182768815, -80.8111032321;"{""type"": ""Point"", ""coordinates"": [-80.81110323209876, 35.21827688150696]}";Unknown/Missing;Charlotte;Travel Lane;2;1;Urban (>70% Developed);Female;Unknown;0;#NULL!;0;0;Unknown/Missing;No;0;30-39;Motorist Drive Out - Sign-Controlled Intersection;None;No;No;Dry;0;Urban;Yes;17JUL2011;0;1:03;Unknown;Missing;Commercial;Unknown Injury;No;Unknown Injury;3240;July;0;Straight - Level;Piedmont;With Traffic;Stop Sign;Sunday;Intersection;37;0;Two-Way, Not Divided;8 lanes;0;#NULL!;#NULL!;Smooth Asphalt;#NULL!;Four-Way Intersection;Motorist Failed to Yield - Sign-Controlled Intersection;Local Street;Unknown Injury;Mecklenburg;Unknown;Clear;#NULL!;6-10 mph;30 - 35  MPH;2011;Dark - Unknown Lighting;Unknown
35.2240768797, -80.8861032541;"{""type"": ""Point"", ""coordinates"": [-80.88610325407414, 35.22407687971539]}";White;Charlotte;Travel Lane;2;21;Urban (>70% Developed);Male;Sport Utility;0;#NULL!;0;0;Black;No;0;30-39;Motorist Overtaking - Misjudged Space;None;Yes;No;Wet;0;Urban;Yes;07JUL2011;0;21:05;Male;Yes;Commercial;A: Disabling Injury;Yes;O: No Injury;3252;July;0;Straight - Level;Piedmont;With Traffic;No Control Present;Thursday;Non-Intersection;31;0;Two-Way, Divided, Positive Median Barrier;6 lanes;0;#NULL!;#NULL!;Smooth Asphalt;#NULL!;No Special Feature;Motorist Overtaking Bicyclist;State Secondary Route;A: Disabling Injury;Mecklenburg;42;Rain;#NULL!;0-5 mph;40 - 45  MPH;2011;Dark - Lighted Roadway;40-49
35.9801670741, -79.9800030253;"{""type"": ""Point"", ""coordinates"": [-79.98000302527485, 35.98016707410839]}";Black;High Point;Non-Roadway;2;16;Urban (>70% Developed);Male;Sport Utility;0;#NULL!;0;0;White;No;0;60-69;Bicyclist Ride Out - Commercial Driveway / Alley;None;No;No;Dry;0;Urban;No;23JUL2011;0;16:33;Female;No;Commercial;C: Possible Injury;Yes;O: No Injury;3258;July;0;Straight - Level;Piedmont;Not Applicable;No Control Present;Saturday;Non-Intersection;61;0;Two-Way, Not Divided;4 lanes;0;#NULL!;#NULL!;Coarse Asphalt;#NULL!;No Special Feature;Bicyclist Failed to Yield - Midblock;Local Street;C: Possible Injury;Guilford;37;Cloudy;#NULL!;6-10 mph;30 - 35  MPH;2011;Daylight;30-39
36.0634972101, -76.6104020047;"{""type"": ""Point"", ""coordinates"": [-76.61040200468179, 36.06349721011774]}";Black;Edenton;Sidewalk / Crosswalk / Driveway Crossing;2;2;Urban (>70% Developed);Male;Sport Utility;0;#NULL!;0;0;White;No;0;50-59;Bicyclist Ride Through - Sign-Controlled Intersection;None;Yes;Yes;Dry;0;Urban;No;23JUL2011;0;2:51;Female;No;Residential;C: Possible Injury;Yes;O: No Injury;3259;July;0;Straight - Level;Coastal;With Traffic;Flashing Signal With Stop Sign;Saturday;Intersection;55;0;Two-Way, Divided, Unprotected Median;2 lanes;0;#NULL!;#NULL!;Coarse Asphalt;#NULL!;Four-Way Intersection;Bicyclist Failed to Yield - Sign-Controlled Intersection;Local Street;C: Possible Injury;Chowan;54;Clear;#NULL!;31-35 mph;30 - 35  MPH;2011;Daylight;50-59
35.2372668864, -80.7989032295;"{""type"": ""Point"", ""coordinates"": [-80.79890322948359, 35.237266886358455]}";Black;Charlotte;Travel Lane;2;20;Rural (<30% Developed);Male;Sport Utility;0;#NULL!;0;0;Black;No;0;11-15;Motorist Right Turn - Same Direction;None;Yes;Yes;Dry;0;Urban;No;01AUG2011;0;20:30;Male;No;Residential;B: Evident Injury;Yes;O: No Injury;3271;August;0;Straight - Level;Piedmont;With Traffic;Stop Sign;Monday;Intersection;15;0;Two-Way, Not Divided;2 lanes;0;#NULL!;#NULL!;Smooth Asphalt;#NULL!;No Special Feature;Motorist Right Turn / Merge;Local Street;B: Evident Injury;Mecklenburg;20;Clear;#NULL!;0-5 mph;30 - 35  MPH;2011;Dawn;20-24
34.9572068327, -80.6026031555;"{""type"": ""Point"", ""coordinates"": [-80.60260315545642, 34.957206832683866]}";White;None - Rural Crash;Travel Lane;2;12;Rural (<30% Developed);Female;Pickup;0;#NULL!;0;0;White;No;0;40-49;Motorist Drive Out - Sign-Controlled Intersection;None;No;No;Dry;0;Rural;No;11AUG2011;0;12:33;Male;No;Farms, Woods, Pastures;B: Evident Injury;Yes;O: No Injury;3279;August;0;Straight - Level;Piedmont;With Traffic;Stop Sign;Thursday;Intersection;45;0;Two-Way, Not Divided;2 lanes;0;#NULL!;#NULL!;Coarse Asphalt;#NULL!;Four-Way Intersection;Motorist Failed to Yield - Sign-Controlled Intersection;State Secondary Route;B: Evident Injury;Union;34;Clear;#NULL!;0-5 mph;40 - 45  MPH;2011;Daylight;30-39
36.0698470815, -80.277203119;"{""type"": ""Point"", ""coordinates"": [-80.27720311903964, 36.06984708149734]}";White;Winston-Salem;Travel Lane;2;9;Urban (>70% Developed);Male;Unknown;0;#NULL!;0;0;Unknown/Missing;No;0;25-29;Motorist Drive Through - Signalized Intersection;None;No;No;Dry;0;Urban;Yes;08AUG2011;0;9:37;Unknown;No;Commercial;B: Evident Injury;Yes;Unknown Injury;3294;August;0;Straight - Level;Piedmont;With Traffic;Stop And Go Signal;Monday;Intersection;25;0;Two-Way, Not Divided;3 lanes;0;#NULL!;#NULL!;Smooth Asphalt;#NULL!;Four-Way Intersection;Motorist Failed to Yield - Signalized Intersection;Local Street;B: Evident Injury;Forsyth;Unknown;Clear;#NULL!;31-35 mph;40 - 45  MPH;2011;Daylight;Unknown
35.2237468818, -80.8390032401;"{""type"": ""Point"", ""coordinates"": [-80.8390032400979, 35.22374688181953]}";Black;Charlotte;Bike Lane / Paved Shoulder;2;15;Urban (>70% Developed);Male;Sport Utility;0;#NULL!;0;0;White;No;0;20-24;Motorist Drive Out - Commercial Driveway / Alley;None;No;No;Dry;0;Urban;No;08AUG2011;0;15:00;Female;No;Commercial;C: Possible Injury;Yes;O: No Injury;3295;August;0;Straight - Level;Piedmont;Facing Traffic;No Control Present;Monday;Non-Intersection;20;0;Two-Way, Not Divided;Unknown;0;#NULL!;#NULL!;Concrete;#NULL!;Driveway, Public;Motorist Failed to Yield - Midblock;Public Vehicular Area;C: Possible Injury;Mecklenburg;57;Clear;#NULL!;0-5 mph;30 - 35  MPH;2011;Daylight;50-59
36.0786470837, -80.2780031204;"{""type"": ""Point"", ""coordinates"": [-80.27800312039852, 36.07864708374631]}";Black;Winston-Salem;Travel Lane;2;12;Urban (>70% Developed);Male;Passenger Car;0;#NULL!;0;0;Black;No;0;11-15;Motorist Drive Out - Sign-Controlled Intersection;None;No;No;Dry;0;Urban;No;04AUG2011;0;12:54;Female;No;Residential;C: Possible Injury;No;O: No Injury;3301;August;0;Straight - Level;Piedmont;Facing Traffic;Stop Sign;Thursday;Intersection;15;0;Two-Way, Divided, Unprotected Median;2 lanes;0;#NULL!;#NULL!;Smooth Asphalt;#NULL!;No Special Feature;Motorist Failed to Yield - Sign-Controlled Intersection;Local Street;C: Possible Injury;Forsyth;50;Clear;#NULL!;0-5 mph;30 - 35  MPH;2011;Daylight;50-59
35.2427068905, -80.7168032047;"{""type"": ""Point"", ""coordinates"": [-80.7168032047026, 35.2427068905194]}";Hispanic;Charlotte;Travel Lane;2;19;Rural (<30% Developed);Male;Passenger Car;0;#NULL!;0;0;White;No;0;11-15;Motorist Turning Error - Left Turn;None;No;No;Dry;0;Urban;No;10AUG2011;0;19:37;Male;No;Residential;C: Possible Injury;No;O: No Injury;3303;August;0;Straight - Level;Piedmont;With Traffic;No Control Present;Wednesday;Intersection;12;0;Two-Way, Not Divided;2 lanes;0;#NULL!;#NULL!;Smooth Asphalt;#NULL!;No Special Feature;Loss of Control / Turning Error;Local Street;C: Possible Injury;Mecklenburg;53;Clear;#NULL!;6-10 mph;20 - 25  MPH;2011;Daylight;50-59
35.8568670871, -78.8979026913;"{""type"": ""Point"", ""coordinates"": [-78.89790269128581, 35.85686708714584]}";White;Cary;Travel Lane;2;17;Urban (>70% Developed);Male;Unknown;0;#NULL!;0;0;Unknown/Missing;No;0;11-15;Motorist Drive Out - Sign-Controlled Intersection;None;No;No;Dry;0;Urban;Yes;02AUG2011;0;17:00;Unknown;Missing;Residential;O: No Injury;No;Unknown Injury;3314;August;0;Straight - Grade;Piedmont;With Traffic;Stop Sign;Tuesday;Intersection;13;0;Two-Way, Not Divided;Unknown;0;#NULL!;#NULL!;Smooth Asphalt;#NULL!;T-Intersection;Motorist Failed to Yield - Sign-Controlled Intersection;Public Vehicular Area;O: No Injury;Wake;Unknown;Clear;#NULL!;Unknown;Unknown;2011;Daylight;Unknown
35.2514268735, -81.2231033567;"{""type"": ""Point"", ""coordinates"": [-81.22310335670416, 35.251426873453696]}";Black;Gastonia;Travel Lane;2;14;Urban (>70% Developed);Male;Pickup;0;#NULL!;0;0;White;No;0;6-10;Bicyclist Left Turn - Opposite Direction;None;No;No;Dry;0;Urban;No;01AUG2011;0;14:25;Male;No;Residential;B: Evident Injury;Yes;O: No Injury;3315;August;0;Straight - Level;Piedmont;With Traffic;No Control Present;Monday;Non-Intersection;10;0;Two-Way, Not Divided;2 lanes;0;#NULL!;#NULL!;Smooth Asphalt;#NULL!;No Special Feature;Bicyclist Left Turn / Merge;State Secondary Route;B: Evident Injury;Gaston;63;Clear;#NULL!;26-30 mph;30 - 35  MPH;2011;Daylight;60-69
35.6072070863, -77.3634022116;"{""type"": ""Point"", ""coordinates"": [-77.36340221157954, 35.60720708632619]}";Black;Greenville;Unknown;2;12;Mixed (30% To 70% Developed);Male;Van;0;#NULL!;0;0;White;No;0;16-19;Bicyclist Ride Out - Other Midblock;None;No;No;Dry;0;Urban;No;12AUG2011;0;12:42;Female;No;Institutional;C: Possible Injury;Yes;O: No Injury;3317;August;0;Straight - Level;Coastal;Not Applicable;No Control Present;Friday;Non-Intersection;18;0;One-Way, Not Divided;1 lane;0;#NULL!;#NULL!;Smooth Asphalt;#NULL!;No Special Feature;Bicyclist Failed to Yield - Midblock;Local Street;C: Possible Injury;Pitt;49;Clear;#NULL!;6-10 mph;5 - 15 MPH;2011;Daylight;40-49
35.5953469614, -80.8164032543;"{""type"": ""Point"", ""coordinates"": [-80.81640325426596, 35.59534696139438]}";White;Mooresville;Travel Lane;2;15;Urban (>70% Developed);Male;Passenger Car;0;#NULL!;0;0;White;No;0;6-10;Signalized Intersection - Other / Unknown;None;No;No;Dry;0;Urban;No;12AUG2011;0;15:40;Male;No;Commercial;O: No Injury;No;O: No Injury;3318;August;0;Straight - Level;Piedmont;Facing Traffic;Stop And Go Signal;Friday;Intersection;9;0;Two-Way, Not Divided;3 lanes;0;#NULL!;#NULL!;Smooth Asphalt;#NULL!;Four-Way Intersection;Crossing Paths - Other Circumstances;Local Street;O: No Injury;Iredell;61;Clear;#NULL!;0-5 mph;30 - 35  MPH;2011;Daylight;60-69
36.0732071028, -79.7408029584;"{""type"": ""Point"", ""coordinates"": [-79.7408029583606, 36.0732071027566]}";Black;Greensboro;Sidewalk / Crosswalk / Driveway Crossing;2;20;Urban (>70% Developed);Female;Pickup;0;#NULL!;0;0;Black;No;0;11-15;Bicyclist Lost Control - Mechanical Problems;None;No;No;Dry;0;Urban;No;17AUG2011;0;20:03;Male;No;Residential;C: Possible Injury;Yes;O: No Injury;3319;August;0;Straight - Hillcrest;Piedmont;With Traffic;Stop Sign;Wednesday;Intersection;11;0;Two-Way, Divided, Unprotected Median;2 lanes;0;#NULL!;#NULL!;Coarse Asphalt;#NULL!;No Special Feature;Loss of Control / Turning Error;Local Street;C: Possible Injury;Guilford;70+;Clear;#NULL!;Unknown;30 - 35  MPH;2011;Daylight;70+
36.0522170947, -79.8226029813;"{""type"": ""Point"", ""coordinates"": [-79.82260298126803, 36.05221709468732]}";Unknown/Missing;Greensboro;Travel Lane;2;21;Urban (>70% Developed);Unknown;Truck/Trailer;0;#NULL!;0;0;Unknown/Missing;No;0;Unknown;Motorist Right Turn - Same Direction;None;No;Missing;Dry;0;Urban;Yes;16AUG2011;0;21:05;Unknown;No;Commercial;Unknown Injury;No;Unknown Injury;3327;August;0;Straight - Level;Piedmont;With Traffic;Stop And Go Signal;Tuesday;Intersection;Unknown;0;Two-Way, Not Divided;3 lanes;0;#NULL!;#NULL!;Smooth Asphalt;#NULL!;No Special Feature;Motorist Right Turn / Merge;Local Street;Unknown Injury;Guilford;Unknown;Clear;#NULL!;6-10 mph;30 - 35  MPH;2011;Dark - Lighted Roadway;Unknown
35.2343568882, -80.7332032092;"{""type"": ""Point"", ""coordinates"": [-80.73320320922707, 35.23435688819444]}";Hispanic;Charlotte;Sidewalk / Crosswalk / Driveway Crossing;2;19;Urban (>70% Developed);Male;Passenger Car;0;#NULL!;0;0;White;No;0;25-29;Bicyclist Ride Out - Parallel Path;None;No;No;Dry;0;Urban;No;22AUG2011;0;19:35;Female;No;Commercial;B: Evident Injury;Yes;O: No Injury;3328;August;0;Straight - Level;Piedmont;With Traffic;No Control Present;Monday;Intersection-Related;25;0;Two-Way, Divided, Unprotected Median;6 lanes;0;#NULL!;#NULL!;Smooth Asphalt;#NULL!;No Special Feature;Parallel Paths - Other Circumstances;Local Street;B: Evident Injury;Mecklenburg;20;Clear;#NULL!;16-20 mph;40 - 45  MPH;2011;Daylight;20-24
35.2028968771, -80.8360032384;"{""type"": ""Point"", ""coordinates"": [-80.83600323841195, 35.202896877130456]}";White;Charlotte;Travel Lane;2;19;Urban (>70% Developed);Female;Passenger Car;0;#NULL!;0;0;White;No;0;25-29;Bicyclist Ride Through - Signalized Intersection;None;No;No;Dry;0;Urban;No;23AUG2011;0;19:33;Male;No;Commercial;B: Evident Injury;Yes;O: No Injury;3331;August;0;Straight - Level;Piedmont;With Traffic;Stop And Go Signal;Tuesday;Intersection;27;0;Two-Way, Divided, Unprotected Median;5 lanes;0;#NULL!;#NULL!;Smooth Asphalt;#NULL!;No Special Feature;Bicyclist Failed to Yield - Signalized Intersection;Local Street;B: Evident Injury;Mecklenburg;70+;Clear;#NULL!;0-5 mph;30 - 35  MPH;2011;Daylight;70+
36.1686972612, -75.7553017471;"{""type"": ""Point"", ""coordinates"": [-75.75530174714949, 36.16869726120806]}";White;None - Rural Crash;Sidewalk / Crosswalk / Driveway Crossing;2;11;Urban (>70% Developed);Female;Passenger Car;0;#NULL!;0;0;White;No;0;20-24;Motorist Drive Out - Commercial Driveway / Alley;Obstruction In Roadway;No;No;Dry;0;Rural;No;20AUG2011;0;11:38;Female;No;Commercial;B: Evident Injury;Yes;O: No Injury;3335;August;0;Straight - Level;Coastal;Facing Traffic;No Control Present;Saturday;Non-Intersection;20;0;Two-Way, Divided, Unprotected Median;3 lanes;0;#NULL!;#NULL!;Coarse Asphalt;#NULL!;T-Intersection;Motorist Failed to Yield - Midblock;NC Route;B: Evident Injury;Dare;29;Clear;#NULL!;Unknown;Unknown;2011;Daylight;25-29
35.0562569144, -78.895202649;"{""type"": ""Point"", ""coordinates"": [-78.89520264899292, 35.05625691444757]}";White;Fayetteville;Sidewalk / Crosswalk / Driveway Crossing;2;15;Urban (>70% Developed);Male;Passenger Car;0;#NULL!;0;0;Black;No;0;30-39;Motorist Drive Out - Commercial Driveway / Alley;None;No;No;Dry;0;Urban;No;01SEP2011;0;15:33;Female;No;Commercial;O: No Injury;No;O: No Injury;3349;September;0;Straight - Level;Coastal;Facing Traffic;No Control Present;Thursday;Non-Intersection;31;0;Two-Way, Not Divided;Unknown;0;#NULL!;#NULL!;Coarse Asphalt;#NULL!;No Special Feature;Motorist Failed to Yield - Midblock;Public Vehicular Area;O: No Injury;Cumberland;66;Clear;#NULL!;6-10 mph;30 - 35  MPH;2011;Daylight;60-69
35.7865870797, -78.6810026214;"{""type"": ""Point"", ""coordinates"": [-78.68100262144279, 35.78658707968508]}";White;Raleigh;Travel Lane;2;20;Urban (>70% Developed);Male;Passenger Car;0;#NULL!;0;0;Black;No;0;20-24;Motorist Drive Out - Sign-Controlled Intersection;None;No;No;Dry;0;Urban;No;31AUG2011;0;20:54;Male;No;Institutional;B: Evident Injury;Yes;O: No Injury;3359;August;0;Straight - Level;Piedmont;Unknown;Stop Sign;Wednesday;Intersection;20;0;Two-Way, Not Divided;2 lanes;0;#NULL!;#NULL!;Smooth Asphalt;#NULL!;Four-Way Intersection;Motorist Failed to Yield - Sign-Controlled Intersection;Local Street;B: Evident Injury;Wake;21;Clear;#NULL!;0-5 mph;5 - 15 MPH;2011;Dark - Lighted Roadway;20-24
35.733287072, -78.5752025873;"{""type"": ""Point"", ""coordinates"": [-78.57520258725063, 35.73328707197032]}";Black;Raleigh;Sidewalk / Crosswalk / Driveway Crossing;2;21;Mixed (30% To 70% Developed);Female;Passenger Car;0;#NULL!;0;0;Black;Yes;0;20-24;Motorist Drive Out - Commercial Driveway / Alley;None;No;No;Dry;0;Urban;No;30AUG2011;0;21:31;Male;No;Residential;C: Possible Injury;Yes;O: No Injury;3362;August;0;Straight - Level;Piedmont;Facing Traffic;No Control Present;Tuesday;Non-Intersection;20;0;Two-Way, Not Divided;2 lanes;0;#NULL!;#NULL!;Smooth Asphalt;#NULL!;No Special Feature;Motorist Failed to Yield - Midblock;Local Street;C: Possible Injury;Wake;54;Clear;#NULL!;31-35 mph;40 - 45  MPH;2011;Dark - Roadway Not Lighted;50-59
35.2632768897, -80.8544032467;"{""type"": ""Point"", ""coordinates"": [-80.8544032466986, 35.26327688970851]}";Other;Charlotte;Travel Lane;2;19;Mixed (30% To 70% Developed);Male;Van;0;#NULL!;0;0;Black;No;0;50-59;Bicyclist Ride Through - Sign-Controlled Intersection;None;No;No;Dry;0;Urban;No;02SEP2011;0;19:09;Male;No;Commercial;B: Evident Injury;Yes;O: No Injury;3369;September;0;Straight - Level;Piedmont;With Traffic;Stop Sign;Friday;Intersection;57;0;Two-Way, Not Divided;4 lanes;0;#NULL!;#NULL!;Smooth Asphalt;#NULL!;No Special Feature;Bicyclist Failed to Yield - Sign-Controlled Intersection;Local Street;B: Evident Injury;Mecklenburg;52;Cloudy;#NULL!;36-40 mph;40 - 45  MPH;2011;Daylight;50-59
35.6230068991, -82.6247037923;"{""type"": ""Point"", ""coordinates"": [-82.62470379233153, 35.623006899086306]}";White;None - Rural Crash;Travel Lane;2;18;Urban (>70% Developed);Male;Passenger Car;0;#NULL!;0;0;White;No;0;11-15;Bicyclist Ride Through - Sign-Controlled Intersection;None;No;No;Dry;0;Rural;No;09SEP2011;0;18:28;Male;No;Residential;C: Possible Injury;No;O: No Injury;3371;September;0;Curve - Grade;Mountains;With Traffic;Stop Sign;Friday;Intersection;11;0;Two-Way, Not Divided;2 lanes;0;#NULL!;#NULL!;Coarse Asphalt;#NULL!;T-Intersection;Bicyclist Failed to Yield - Sign-Controlled Intersection;State Secondary Route;C: Possible Injury;Buncombe;70+;Clear;#NULL!;11-15 mph;20 - 25  MPH;2011;Daylight;70+
35.8670670645, -79.5692028951;"{""type"": ""Point"", ""coordinates"": [-79.5692028951108, 35.86706706454301]}";White;None - Rural Crash;Bike Lane / Paved Shoulder;2;12;Mixed (30% To 70% Developed);Male;Pickup;0;#NULL!;0;0;Unknown/Missing;No;0;50-59;Parallel Paths - Other / Unknown;None;No;No;Dry;0;Rural;Yes;05SEP2011;0;12:30;Unknown;No;Farms, Woods, Pastures;C: Possible Injury;No;Unknown Injury;3372;September;0;Straight - Level;Piedmont;With Traffic;Double Yellow Line, No Passing Zone;Monday;Non-Intersection;59;0;Two-Way, Not Divided;2 lanes;0;#NULL!;#NULL!;Coarse Asphalt;#NULL!;No Special Feature;Parallel Paths - Other Circumstances;State Secondary Route;C: Possible Injury;Randolph;Unknown;Clear;#NULL!;51-55 mph;50 - 55  MPH;2011;Daylight;Unknown
34.5495868527, -77.4328021813;"{""type"": ""Point"", ""coordinates"": [-77.4328021812957, 34.54958685272038]}";White;None - Rural Crash;Travel Lane;2;15;Rural (<30% Developed);Male;Passenger Car;0;#NULL!;0;0;White;No;0;60-69;Bicyclist Left Turn - Same Direction;None;No;No;Dry;0;Rural;No;07SEP2011;0;15:11;Female;No;Farms, Woods, Pastures;C: Possible Injury;Yes;O: No Injury;3376;September;0;Straight - Level;Coastal;With Traffic;Double Yellow Line, No Passing Zone;Wednesday;Non-Intersection;64;0;Two-Way, Not Divided;2 lanes;0;#NULL!;#NULL!;Coarse Asphalt;#NULL!;No Special Feature;Bicyclist Left Turn / Merge;NC Route;C: Possible Injury;Onslow;70+;Cloudy;#NULL!;31-35 mph;40 - 45  MPH;2011;Daylight;70+
36.3585171646, -79.6767029541;"{""type"": ""Point"", ""coordinates"": [-79.67670295411367, 36.358517164627344]}";Black;Reidsville;Travel Lane;2;15;Urban (>70% Developed);Male;Passenger Car;0;#NULL!;0;0;Black;No;0;11-15;Bicyclist Ride Through - Signalized Intersection;None;No;No;Dry;0;Urban;No;09AUG2011;0;15:48;Female;No;Commercial;B: Evident Injury;Yes;O: No Injury;3377;August;0;Straight - Level;Piedmont;With Traffic;Stop And Go Signal;Tuesday;Intersection;14;0;Two-Way, Not Divided;2 lanes;0;#NULL!;#NULL!;Smooth Asphalt;#NULL!;Four-Way Intersection;Bicyclist Failed to Yield - Signalized Intersection;Local Street;B: Evident Injury;Rockingham;54;Clear;#NULL!;31-35 mph;30 - 35  MPH;2011;Daylight;50-59
36.3274272049, -78.3849025615;"{""type"": ""Point"", ""coordinates"": [-78.38490256152228, 36.327427204933315]}";Black;Henderson;Travel Lane;2;17;Urban (>70% Developed);Male;Van;0;#NULL!;0;0;Black;No;0;11-15;Unknown Approach Paths;None;No;No;Dry;0;Urban;No;05SEP2011;0;17:22;Male;No;Residential;C: Possible Injury;Yes;O: No Injury;3381;September;0;Straight - Level;Piedmont;Unknown;Stop Sign;Monday;Intersection;12;0;Two-Way, Not Divided;2 lanes;0;#NULL!;#NULL!;Coarse Asphalt;#NULL!;No Special Feature;Other / Unknown - Insufficient Details;Local Street;C: Possible Injury;Vance;58;Clear;#NULL!;16-20 mph;30 - 35  MPH;2011;Daylight;50-59
35.1401169143, -79.4249028126;"{""type"": ""Point"", ""coordinates"": [-79.42490281257403, 35.14011691434196]}";White;Aberdeen;Travel Lane;2;20;Urban (>70% Developed);Male;Pickup;0;#NULL!;0;0;White;No;0;11-15;Crossing Paths - Uncontrolled Intersection;None;No;No;Dry;0;Rural;No;08SEP2011;0;20:05;Male;No;Commercial;B: Evident Injury;Yes;O: No Injury;3389;September;0;Straight - Level;Piedmont;With Traffic;No Control Present;Thursday;Intersection-Related;13;0;Two-Way, Divided, Unprotected Median;5 lanes;0;#NULL!;#NULL!;Coarse Asphalt;#NULL!;No Special Feature;Crossing Paths - Other Circumstances;US Route;B: Evident Injury;Moore;29;Clear;#NULL!;41-45 mph;40 - 45  MPH;2011;Dark - Lighted Roadway;25-29
35.7112670655, -78.614202598;"{""type"": ""Point"", ""coordinates"": [-78.61420259801396, 35.71126706554888]}";White;None - Rural Crash;Travel Lane;2;19;Urban (>70% Developed);Male;Passenger Car;0;#NULL!;0;0;White;No;0;40-49;Motorist Overtaking - Other / Unknown;None;No;No;Dry;0;Rural;No;16SEP2011;0;19:28;Female;No;Residential;B: Evident Injury;Yes;O: No Injury;3396;September;0;Straight - Level;Piedmont;With Traffic;Double Yellow Line, No Passing Zone;Friday;Non-Intersection;48;0;Two-Way, Not Divided;2 lanes;0;#NULL!;#NULL!;Coarse Asphalt;#NULL!;No Special Feature;Motorist Overtaking Bicyclist;State Secondary Route;B: Evident Injury;Wake;44;Cloudy;#NULL!;31-35 mph;30 - 35  MPH;2011;Dark - Roadway Not Lighted;40-49
35.2188068818, -80.8141032324;"{""type"": ""Point"", ""coordinates"": [-80.8141032323831, 35.21880688181317]}";White;Charlotte;Travel Lane;2;15;Urban (>70% Developed);Male;Passenger Car;0;#NULL!;0;0;Black;No;0;40-49;Bicyclist Left Turn - Same Direction;None;No;No;Dry;0;Urban;No;12SEP2011;0;15:03;Male;No;Commercial;C: Possible Injury;No;O: No Injury;3400;September;0;Straight - Level;Piedmont;With Traffic;Stop Sign;Monday;Intersection;41;0;Two-Way, Divided, Unprotected Median;2 lanes;0;#NULL!;#NULL!;Smooth Asphalt;#NULL!;T-Intersection;Bicyclist Left Turn / Merge;Local Street;C: Possible Injury;Mecklenburg;38;Clear;#NULL!;0-5 mph;30 - 35  MPH;2011;Daylight;30-39
34.2154467638, -77.8794023012;"{""type"": ""Point"", ""coordinates"": [-77.87940230116173, 34.2154467637586]}";Black;Wilmington;Driveway / Alley;2;10;Urban (>70% Developed);Male;Passenger Car;0;#NULL!;0;0;White;No;0;20-24;Bicyclist Ride Out - Residential Driveway;None;No;No;Dry;0;Urban;No;19SEP2011;0;10:29;Female;No;Residential;A: Disabling Injury;No;O: No Injury;3414;September;0;Straight - Level;Coastal;Not Applicable;No Control Present;Monday;Non-Intersection;21;0;Two-Way, Not Divided;2 lanes;0;#NULL!;#NULL!;Coarse Asphalt;#NULL!;No Special Feature;Bicyclist Failed to Yield - Midblock;Local Street;A: Disabling Injury;New Hanover;50;Clear;#NULL!;11-15 mph;20 - 25  MPH;2011;Daylight;50-59
34.7782569029, -77.4309021919;"{""type"": ""Point"", ""coordinates"": [-77.43090219194164, 34.77825690286051]}";Black;Jacksonville;Sidewalk / Crosswalk / Driveway Crossing;2;7;Urban (>70% Developed);Male;Light Truck (Mini-Van, Panel);0;#NULL!;0;0;White;No;0;11-15;Motorist Drive Out - Sign-Controlled Intersection;None;No;No;Water (Standing, Moving);0;Urban;No;14SEP2011;0;7:27;Female;No;Residential;C: Possible Injury;Yes;O: No Injury;3420;September;0;Straight - Level;Coastal;With Traffic;Stop Sign;Wednesday;Intersection;11;0;Two-Way, Not Divided;2 lanes;0;#NULL!;#NULL!;Smooth Asphalt;#NULL!;Four-Way Intersection;Motorist Failed to Yield - Sign-Controlled Intersection;Local Street;C: Possible Injury;Onslow;41;Clear;#NULL!;0-5 mph;20 - 25  MPH;2011;Daylight;40-49