Geo Point;Geo Shape;BikeRace;City;BikePos;NumUnits;CrashHour;Locality;BikeSex;DrvrVehTyp;NumBikesNo;BikeAlcDrg;NumBikesBI;RteInvdCd;DrvrRace;Workzone;NumBikesCi;BikeAgeGrp;CrashType;RdDefects;CrashAlcoh;BikeAlcoho;RdConditio;DstncMiFrm;RuralUrban;HitRun;CrashDate;NumBikesUI;CrashTime;DrvrSex;DrvrAlcoho;Developmen;CrashSevr;AmbulanceR;DrvrInjury;OBJECTID;CrashMonth;NumBikesKi;RdCharacte;Region;BikeDir;TraffCntrl;CrashDay;CrashLoc;BikeAge;NumBikesTo;RdConfig;NumLanes;NumBikesAI;DrvrAlcDrg;OnRoad;RdSurface;Towrd_Rd;RdFeature;CrashGrp;RdClass;BikeInjury;County;DrvrAge;Weather;FrmRd;DrvrEstSpd;SpeedLimit;CrashYear;LightCond;DrvrAgeGrp
35.0895469259, -78.7886026181;"{""type"": ""Point"", ""coordinates"": [-78.78860261812378, 35.08954692594601]}";White;Eastover;Travel Lane;2;19;Mixed (30% To 70% Developed);Male;Pickup;0;#NULL!;0;0;White;No;0;25-29;Motorist Left Turn - Opposite Direction;None;No;No;Dry;0;Rural;No;28SEP2011;0;19:54;Male;No;Commercial;B: Evident Injury;Yes;O: No Injury;3434;September;0;Straight - Level;Coastal;With Traffic;No Control Present;Wednesday;Intersection;27;0;Two-Way, Not Divided;6 lanes;0;#NULL!;#NULL!;Coarse Asphalt;#NULL!;T-Intersection;Motorist Left Turn / Merge;US Route;B: Evident Injury;Cumberland;60;Clear;#NULL!;26-30 mph;40 - 45  MPH;2011;Dark - Lighted Roadway;60-69
34.9975969296, -78.0909024031;"{""type"": ""Point"", ""coordinates"": [-78.0909024031152, 34.99759692957503]}";Black;Warsaw;Sidewalk / Crosswalk / Driveway Crossing;2;20;Urban (>70% Developed);Male;Passenger Car;0;#NULL!;0;0;White;No;0;40-49;Motorist Drive Out - Commercial Driveway / Alley;None;Yes;Yes;Dry;0;Rural;No;22SEP2011;0;20:17;Male;No;Residential;C: Possible Injury;Yes;O: No Injury;3436;September;0;Straight - Level;Coastal;Facing Traffic;No Control Present;Thursday;Non-Intersection;40;0;Two-Way, Not Divided;2 lanes;0;#NULL!;#NULL!;Coarse Asphalt;#NULL!;Driveway, Public;Motorist Failed to Yield - Midblock;US Route;C: Possible Injury;Duplin;23;Clear;#NULL!;0-5 mph;30 - 35  MPH;2011;Dark - Roadway Not Lighted;20-24
35.7688770768, -78.6492026113;"{""type"": ""Point"", ""coordinates"": [-78.64920261131682, 35.768877076785046]}";White;None - Rural Crash;Travel Lane;2;19;Rural (<30% Developed);Male;Pickup;0;#NULL!;0;0;Unknown/Missing;No;0;20-24;Motorist Overtaking - Misjudged Space;None;No;No;Dry;0;Rural;Yes;02OCT2011;0;19:56;Unknown;No;Farms, Woods, Pastures;C: Possible Injury;Yes;Unknown Injury;3443;October;0;Straight - Grade;Piedmont;With Traffic;Double Yellow Line, No Passing Zone;Sunday;Non-Intersection;21;0;Two-Way, Not Divided;2 lanes;0;#NULL!;#NULL!;Smooth Asphalt;#NULL!;No Special Feature;Motorist Overtaking Bicyclist;State Secondary Route;C: Possible Injury;Wake;Unknown;Clear;#NULL!;41-45 mph;40 - 45  MPH;2011;Dark - Roadway Not Lighted;Unknown
35.7845870787, -78.6942026259;"{""type"": ""Point"", ""coordinates"": [-78.69420262592415, 35.784587078670924]}";White;Raleigh;Sidewalk / Crosswalk / Driveway Crossing;2;12;Urban (>70% Developed);Male;Passenger Car;0;#NULL!;0;0;White;No;0;50-59;Motorist Drive Out - Commercial Driveway / Alley;None;No;No;Dry;0;Urban;No;27SEP2011;0;12:22;Female;No;Commercial;B: Evident Injury;No;O: No Injury;3445;September;0;Straight - Level;Piedmont;Facing Traffic;No Control Present;Tuesday;Non-Intersection;50;0;Two-Way, Not Divided;Unknown;0;#NULL!;#NULL!;Concrete;#NULL!;Driveway, Public;Motorist Failed to Yield - Midblock;Public Vehicular Area;B: Evident Injury;Wake;29;Clear;#NULL!;0-5 mph;5 - 15 MPH;2011;Daylight;25-29
35.9840570734, -80.0135030352;"{""type"": ""Point"", ""coordinates"": [-80.01350303520793, 35.98405707337587]}";Black;High Point;Travel Lane;2;11;Urban (>70% Developed);Female;Passenger Car;0;#NULL!;0;0;White;No;0;30-39;Motorist Drive Out - Sign-Controlled Intersection;None;No;No;Dry;0;Urban;No;06OCT2011;0;11:21;Female;No;Commercial;B: Evident Injury;Yes;O: No Injury;3475;October;0;Straight - Grade;Piedmont;With Traffic;Stop Sign;Thursday;Intersection;38;0;Two-Way, Not Divided;5 lanes;0;#NULL!;#NULL!;Coarse Asphalt;#NULL!;T-Intersection;Motorist Failed to Yield - Sign-Controlled Intersection;NC Route;B: Evident Injury;Guilford;70+;Clear;#NULL!;6-10 mph;30 - 35  MPH;2011;Daylight;70+
35.8048570788, -78.8133026633;"{""type"": ""Point"", ""coordinates"": [-78.81330266333941, 35.80485707879362]}";White;Morrisville;Sidewalk / Crosswalk / Driveway Crossing;2;16;Urban (>70% Developed);Male;Sport Utility;0;#NULL!;0;0;Black;No;0;30-39;Motorist Right Turn - Same Direction;None;No;No;Dry;0;Urban;No;17OCT2011;0;16:41;Male;No;Commercial;C: Possible Injury;Yes;O: No Injury;3478;October;0;Straight - Grade;Piedmont;With Traffic;Stop And Go Signal;Monday;Intersection;30;0;Two-Way, Divided, Unprotected Median;2 lanes;0;#NULL!;#NULL!;Smooth Asphalt;#NULL!;Four-Way Intersection;Motorist Right Turn / Merge;State Secondary Route;C: Possible Injury;Wake;60;Clear;#NULL!;Unknown;Unknown;2011;Daylight;60-69
36.0637670975, -79.8239029819;"{""type"": ""Point"", ""coordinates"": [-79.82390298192432, 36.06376709746052]}";White;Greensboro;Travel Lane;2;13;Urban (>70% Developed);Male;Passenger Car;0;#NULL!;0;0;White;No;0;16-19;Motorist Right Turn - Same Direction;None;No;No;Dry;0;Urban;No;03OCT2011;0;13:49;Male;No;Commercial;C: Possible Injury;Yes;O: No Injury;3487;October;0;Straight - Level;Piedmont;With Traffic;Stop And Go Signal;Monday;Intersection;19;0;Two-Way, Not Divided;5 lanes;0;#NULL!;#NULL!;Smooth Asphalt;#NULL!;Shared-Use Paths Or Trails;Motorist Right Turn / Merge;Local Street;C: Possible Injury;Guilford;70+;Clear;#NULL!;0-5 mph;30 - 35  MPH;2011;Daylight;70+
35.9152570935, -79.0568027425;"{""type"": ""Point"", ""coordinates"": [-79.05680274245864, 35.915257093541605]}";White;Chapel Hill;Travel Lane;2;17;Urban (>70% Developed);Male;Passenger Car;0;#NULL!;0;0;White;No;0;30-39;Bicyclist Lost Control - Other / Unknown;None;No;No;Dry;0;Urban;No;13OCT2011;0;17:39;Male;No;Commercial;B: Evident Injury;Yes;O: No Injury;3490;October;0;Curve - Hillcrest;Piedmont;With Traffic;Stop Sign;Thursday;Intersection;38;0;Two-Way, Divided, Unprotected Median;5 lanes;0;#NULL!;#NULL!;Smooth Asphalt;#NULL!;Other;Loss of Control / Turning Error;Local Street;B: Evident Injury;Orange;70+;Clear;#NULL!;0-5 mph;20 - 25  MPH;2011;Daylight;70+
35.931217141, -77.8129023662;"{""type"": ""Point"", ""coordinates"": [-77.81290236621786, 35.93121714101638]}";Black;Rocky Mount;Travel Lane;2;19;Urban (>70% Developed);Male;Passenger Car;0;#NULL!;0;0;Black;No;0;16-19;Motorist Drive Out - Sign-Controlled Intersection;None;No;No;Dry;0;Urban;No;14OCT2011;0;19:12;Female;No;Commercial;B: Evident Injury;Yes;O: No Injury;3498;October;0;Straight - Level;Coastal;Facing Traffic;Stop Sign;Friday;Intersection;17;0;Two-Way, Not Divided;2 lanes;0;#NULL!;#NULL!;Coarse Asphalt;#NULL!;No Special Feature;Motorist Failed to Yield - Sign-Controlled Intersection;Local Street;B: Evident Injury;Nash;34;Clear;#NULL!;0-5 mph;30 - 35  MPH;2011;Dark - Lighted Roadway;30-39
35.9502371463, -77.7854023587;"{""type"": ""Point"", ""coordinates"": [-77.78540235871864, 35.950237146313526]}";Black;Rocky Mount;Travel Lane;2;11;Urban (>70% Developed);Male;Sport Utility;0;#NULL!;0;0;Black;No;0;60-69;Bicyclist Ride Out - Parallel Path;None;No;No;Dry;0;Urban;No;28SEP2011;0;11:59;Male;No;Residential;O: No Injury;No;O: No Injury;3503;September;0;Straight - Level;Coastal;Not Applicable;Stop Sign;Wednesday;Non-Intersection;61;0;Two-Way, Not Divided;2 lanes;0;#NULL!;#NULL!;Smooth Asphalt;#NULL!;Four-Way Intersection;Parallel Paths - Other Circumstances;Local Street;O: No Injury;Edgecombe;24;Clear;#NULL!;6-10 mph;30 - 35  MPH;2011;Daylight;20-24
35.9446471446, -77.7962023613;"{""type"": ""Point"", ""coordinates"": [-77.79620236132418, 35.94464714456632]}";White;Rocky Mount;Travel Lane;2;11;Urban (>70% Developed);Male;Passenger Car;0;#NULL!;0;0;White;No;0;50-59;Bicyclist Ride Out - Signalized  Intersection;None;No;No;Dry;0;Urban;No;15OCT2011;0;11:09;Female;No;Commercial;C: Possible Injury;Yes;O: No Injury;3509;October;0;Straight - Level;Coastal;Facing Traffic;Stop And Go Signal;Saturday;Intersection;58;0;One-Way, Not Divided;3 lanes;0;#NULL!;#NULL!;Smooth Asphalt;#NULL!;Four-Way Intersection;Bicyclist Failed to Yield - Signalized Intersection;Local Street;C: Possible Injury;Nash;29;Clear;#NULL!;11-15 mph;20 - 25  MPH;2011;Daylight;25-29
36.152247116, -79.8127029839;"{""type"": ""Point"", ""coordinates"": [-79.81270298394304, 36.152247115994214]}";White;Greensboro;Travel Lane;2;15;Urban (>70% Developed);Male;Passenger Car;0;#NULL!;0;0;White;No;0;50-59;Bicyclist Left Turn - Same Direction;None;No;No;Dry;0;Urban;No;15OCT2011;0;15:48;Female;No;Residential;C: Possible Injury;Yes;O: No Injury;3512;October;0;Straight - Grade;Piedmont;With Traffic;No Control Present;Saturday;Non-Intersection;51;0;Two-Way, Not Divided;2 lanes;0;#NULL!;#NULL!;Smooth Asphalt;#NULL!;Related To Intersection;Bicyclist Left Turn / Merge;Local Street;C: Possible Injury;Guilford;65;Clear;#NULL!;31-35 mph;30 - 35  MPH;2011;Daylight;60-69
36.2013771007, -80.5035031948;"{""type"": ""Point"", ""coordinates"": [-80.50350319478513, 36.20137710071809]}";White;None - Rural Crash;Travel Lane;2;22;Rural (<30% Developed);Male;Passenger Car;0;#NULL!;0;0;White;No;0;16-19;Motorist Overtaking - Undetected Bicyclist;None;No;No;Dry;0;Rural;No;31OCT2011;0;22:28;Female;No;Farms, Woods, Pastures;C: Possible Injury;Yes;O: No Injury;3520;October;0;Straight - Level;Mountains;With Traffic;No Control Present;Monday;Non-Intersection;17;0;Two-Way, Not Divided;2 lanes;0;#NULL!;#NULL!;Coarse Asphalt;#NULL!;No Special Feature;Motorist Overtaking Bicyclist;State Secondary Route;C: Possible Injury;Yadkin;18;Clear;#NULL!;46-50 mph;50 - 55  MPH;2011;Dark - Roadway Not Lighted;0-19
35.7403770719, -78.6298026039;"{""type"": ""Point"", ""coordinates"": [-78.62980260386476, 35.740377071868856]}";Black;Raleigh;Sidewalk / Crosswalk / Driveway Crossing;2;17;Rural (<30% Developed);Male;Van;0;#NULL!;0;0;Black;No;0;50-59;Motorist Drive Out - Commercial Driveway / Alley;None;No;No;Dry;0;Urban;No;27OCT2011;0;17:30;Female;No;Residential;C: Possible Injury;No;O: No Injury;3523;October;0;Straight - Level;Piedmont;Facing Traffic;No Control Present;Thursday;Non-Intersection;51;0;Two-Way, Not Divided;2 lanes;0;#NULL!;#NULL!;Smooth Asphalt;#NULL!;T-Intersection;Motorist Failed to Yield - Midblock;Local Street;C: Possible Injury;Wake;44;Clear;#NULL!;0-5 mph;30 - 35  MPH;2011;Dark - Lighted Roadway;40-49
36.2062140569, -81.6705835439;"{""type"": ""Point"", ""coordinates"": [-81.67058354389147, 36.20621405691127]}";White;Boone;Travel Lane;2;1;Urban (>70% Developed);Male;Passenger Car;0;No;0;20000321;White;No;1;16-19;Motorist Overtaking - Other / Unknown;None;No;#NULL!;Wet;0.057;Urban;Yes;19MAR2014;0;1:27;Female;#NULL!;Commercial;C: Possible Injury;Yes;O: No Injury;101;March;0;Straight - Level;Mountains;With Traffic;No Control Present;Wednesday;Non-Intersection;19;1;Two-Way, Not Divided;5 lanes;0;Unknown;BLOWING ROCK RD;Smooth Asphalt;HIGHLAND AVE;No Special Feature;Motorist Overtaking Bicyclist;Local Street;C: Possible Injury;Watauga;70+;Rain;105;16-20 mph;30 - 35  MPH;2014;Dark - Lighted Roadway;70+
35.7706470786, -78.6174266023;"{""type"": ""Point"", ""coordinates"": [-78.6174266022961, 35.77064707859653]}";Black;Raleigh;Travel Lane;2;20;Urban (>70% Developed);Male;Sport Utility;0;No;1;0;Black;No;0;11-15;Bicyclist Ride Through - Sign-Controlled Intersection;None;No;#NULL!;Dry;0;Urban;No;13APR2014;0;20:01;Female;#NULL!;Residential;B: Evident Injury;Yes;O: No Injury;133;April;0;Straight - Level;Piedmont;Facing Traffic;Stop Sign;Sunday;Intersection;11;1;Two-Way, Not Divided;2 lanes;0;No;JOE LOUIS AVE;Smooth Asphalt;PARRISH ST;Four-Way Intersection;Bicyclist Failed to Yield - Sign-Controlled Intersection;Local Street;B: Evident Injury;Wake;26;Clear;MERRYWOOD DR;16-20 mph;30 - 35  MPH;2014;Dusk;25-29
35.9878111226, -78.6780876318;"{""type"": ""Point"", ""coordinates"": [-78.67808763176906, 35.987811122598984]}";White;None - Rural Crash;Travel Lane;2;13;Rural (<30% Developed);Male;Sport Utility;0;No;1;30000098;White;No;0;30-39;Motorist Drive Out - Sign-Controlled Intersection;None;No;#NULL!;Dry;0;Rural;No;31MAR2014;0;13:15;Female;#NULL!;Commercial;B: Evident Injury;Yes;O: No Injury;113;March;0;Straight - Level;Piedmont;With Traffic;Stop Sign;Monday;Intersection;35;1;Two-Way, Not Divided;2 lanes;0;No;NC 98;Smooth Asphalt;50;Four-Way Intersection;Motorist Failed to Yield - Sign-Controlled Intersection;NC Route;B: Evident Injury;Wake;39;Clear;1846;16-20 mph;50 - 55  MPH;2014;Daylight;30-39
35.9576071074, -78.9154387018;"{""type"": ""Point"", ""coordinates"": [-78.91543870184559, 35.957607107413814]}";Black;Durham;Travel Lane;2;18;Urban (>70% Developed);Female;Passenger Car;0;No;0;0;Black;No;1;6-10;Bicyclist Ride Out - Residential Driveway;None;No;#NULL!;Dry;0;Urban;No;16APR2014;0;18:23;Female;#NULL!;Residential;C: Possible Injury;No;O: No Injury;138;April;0;Straight - Level;Piedmont;Not Applicable;No Control Present;Wednesday;Non-Intersection;10;1;Two-Way, Not Divided;2 lanes;0;No;SPRINGDALE DR;Unknown;DARK CIR;No Special Feature;Bicyclist Failed to Yield - Midblock;Local Street;C: Possible Injury;Durham;55;Clear;CEDARWOOD DR;11-15 mph;5 - 15 MPH;2014;Daylight;50-59
35.3201019109, -80.6134831785;"{""type"": ""Point"", ""coordinates"": [-80.61348317845571, 35.32010191087468]}";White;Harrisburg;Travel Lane;2;16;Rural (<30% Developed);Female;Passenger Car;0;No;0;40001158;White;No;1;20-24;Bicyclist Left Turn - Same Direction;None;No;#NULL!;Dry;0.45;Urban;No;10MAR2014;0;16:53;Female;#NULL!;Residential;C: Possible Injury;No;O: No Injury;100;March;0;Unknown;Piedmont;With Traffic;No Control Present;Monday;Non-Intersection;20;1;Unknown;Unknown;0;No;PHARR MILL RD;Unknown;SEQUOIA HILLS DR;No Special Feature;Bicyclist Left Turn / Merge;Unknown;C: Possible Injury;Cabarrus;59;Clear;NANCY LN;36-40 mph;40 - 45  MPH;2014;Daylight;50-59
35.8719270976, -78.6795226264;"{""type"": ""Point"", ""coordinates"": [-78.67952262640296, 35.8719270975891]}";White;Raleigh;Sidewalk / Crosswalk / Driveway Crossing;2;20;Urban (>70% Developed);Male;Sport Utility;0;No;1;0;White;No;0;30-39;Motorist Drive Out - Commercial Driveway / Alley;None;No;#NULL!;Dry;0.005;Urban;No;20MAR2014;0;20:56;Male;#NULL!;Commercial;B: Evident Injury;Yes;O: No Injury;87;March;0;Straight - Level;Piedmont;Facing Traffic;No Control Present;Thursday;Non-Intersection;33;1;Two-Way, Not Divided;Unknown;0;No;PVA 6300 CREEDMOOR RD;Smooth Asphalt;#NULL!;Driveway, Public;Motorist Failed to Yield - Midblock;Public Vehicular Area;B: Evident Injury;Wake;16;Clear;CREEDMOOR RD;0-5 mph;30 - 35  MPH;2014;Dark - Lighted Roadway;0-19
35.0893739212, -78.9088726549;"{""type"": ""Point"", ""coordinates"": [-78.90887265485382, 35.0893739212444]}";Black;Fayetteville;Sidewalk / Crosswalk / Driveway Crossing;2;16;Urban (>70% Developed);Male;Passenger Car;0;No;0;0;Black;No;1;50-59;Sign-Controlled Intersection - Other / Unknown;None;No;#NULL!;Dry;0.001;Urban;No;16FEB2014;0;16:31;Male;#NULL!;Commercial;C: Possible Injury;Yes;O: No Injury;84;February;0;Straight - Level;Coastal;Facing Traffic;Stop Sign;Sunday;Intersection;57;1;Two-Way, Not Divided;2 lanes;0;No;MCLAMB DR;Coarse Asphalt;PELT DR;No Special Feature;Crossing Paths - Other Circumstances;Local Street;C: Possible Injury;Cumberland;45;Clear;MURCHINSON RD;11-15 mph;30 - 35  MPH;2014;Daylight;40-49
35.2384328829, -80.893363257;"{""type"": ""Point"", ""coordinates"": [-80.89336325702305, 35.23843288293237]}";Black;Charlotte;Sidewalk / Crosswalk / Driveway Crossing;2;14;Mixed (30% To 70% Developed);Male;Sport Utility;0;No;0;50000444;Black;No;1;11-15;Motorist Drive Out - Other Midblock;None;No;#NULL!;Dry;0.5;Urban;No;12MAR2014;0;14:30;Male;#NULL!;Commercial;C: Possible Injury;No;O: No Injury;69;March;0;Straight - Level;Piedmont;With Traffic;Stop Sign;Wednesday;Non-Intersection;15;1;Two-Way, Not Divided;3 lanes;0;No;ALLEGHANY ST;Smooth Asphalt;ASHLEY RD;No Special Feature;Motorist Failed to Yield - Midblock;Local Street;C: Possible Injury;Mecklenburg;43;Clear;ASHLEY RD;0-5 mph;5 - 15 MPH;2014;Daylight;40-49
35.7297319709, -81.333499416;"{""type"": ""Point"", ""coordinates"": [-81.33349941596221, 35.72973197093677]}";White;Hickory;Sidewalk / Crosswalk / Driveway Crossing;2;8;Urban (>70% Developed);Male;Pickup;0;No;0;30000127;White;No;1;40-49;Bicyclist Failed to Clear - Trapped;None;No;#NULL!;Dry;0;Urban;No;04FEB2014;0;8:32;Male;#NULL!;Commercial;C: Possible Injury;Yes;O: No Injury;53;February;0;Straight - Level;Piedmont;With Traffic;Stop And Go Signal;Tuesday;Intersection;45;1;Two-Way, Not Divided;5 lanes;0;No;NC 127;Smooth Asphalt;3RD AV SE;Four-Way Intersection;Bicyclist Failed to Yield - Signalized Intersection;NC Route;C: Possible Injury;Catawba;40;Cloudy;2ND AVE SE;6-10 mph;30 - 35  MPH;2014;Daylight;40-49
36.0529470735, -80.4026031561;"{""type"": ""Point"", ""coordinates"": [-80.40260315605967, 36.052947073496114]}";White;Clemmons;Travel Lane;3;18;Rural (<30% Developed);Male;Van;1;No;1;40001101;Hispanic;No;0;11-15;Motorist Drive Out - Sign-Controlled Intersection;None;No;#NULL!;Dry;0.004;Urban;No;13MAR2014;0;18:15;Female;#NULL!;Residential;B: Evident Injury;Yes;O: No Injury;82;March;0;Straight - Grade;Piedmont;With Traffic;Stop Sign;Thursday;Intersection-Related;15;2;Two-Way, Not Divided;2 lanes;0;No;SR 1101;Smooth Asphalt;3730;Related To Intersection;Motorist Failed to Yield - Sign-Controlled Intersection;State Secondary Route;O: No Injury;Forsyth;35;Clear;1163;6-10 mph;40 - 45  MPH;2014;Daylight;30-39
35.9004700964, -78.8800926878;"{""type"": ""Point"", ""coordinates"": [-78.88009268784612, 35.90047009643634]}";White;None - Rural Crash;Travel Lane;2;7;Mixed (30% To 70% Developed);Female;Sport Utility;0;No;1;40002028;Black;No;0;30-39;Motorist Overtaking - Other / Unknown;None;No;#NULL!;Dry;0.1;Rural;No;20JAN2014;0;7:05;Male;#NULL!;Commercial;B: Evident Injury;Yes;O: No Injury;60;January;0;Straight - Grade;Piedmont;With Traffic;Double Yellow Line, No Passing Zone;Monday;Non-Intersection;35;1;Two-Way, Not Divided;2 lanes;0;No;SR 2028;Smooth Asphalt;1121;No Special Feature;Motorist Overtaking Bicyclist;State Secondary Route;B: Evident Injury;Durham;68;Clear;54;41-45 mph;40 - 45  MPH;2014;Dawn;60-69
34.9910468903, -79.1866527333;"{""type"": ""Point"", ""coordinates"": [-79.1866527333057, 34.991046890307004]}";Black;None - Rural Crash;Travel Lane;2;18;Mixed (30% To 70% Developed);Male;Sport Utility;0;No;1;29000401;Black;No;0;11-15;Bicyclist Left Turn - Same Direction;None;No;#NULL!;Dry;0.01;Rural;No;10MAR2014;0;18:07;Female;#NULL!;Commercial;B: Evident Injury;Yes;O: No Injury;62;March;0;Straight - Grade;Coastal;With Traffic;Double Yellow Line, No Passing Zone;Monday;Non-Intersection;12;1;Two-Way, Not Divided;2 lanes;0;No;US 401;Coarse Asphalt;1491;No Special Feature;Bicyclist Left Turn / Merge;US Route;B: Evident Injury;Hoke;18;Clear;1407;41-45 mph;40 - 45  MPH;2014;Daylight;0-19
34.6638938691, -77.7001022677;"{""type"": ""Point"", ""coordinates"": [-77.70010226772807, 34.663893869091446]}";White;None - Rural Crash;Travel Lane;2;16;Mixed (30% To 70% Developed);Male;Passenger Car;0;No;0;30000050;Black;No;0;25-29;Motorist Left Turn - Opposite Direction;None;No;#NULL!;Dry;0.92;Rural;No;23MAR2014;0;16:08;Male;#NULL!;Commercial;A: Disabling Injury;Yes;O: No Injury;94;March;0;Straight - Level;Coastal;With Traffic;No Control Present;Sunday;Non-Intersection;25;1;Two-Way, Not Divided;2 lanes;1;No;50;Smooth Asphalt;ONSLOW;Driveway, Public;Motorist Left Turn / Merge;NC Route;A: Disabling Injury;Pender;48;Clear;53;11-15 mph;40 - 45  MPH;2014;Daylight;40-49
35.8396831934, -75.6464516976;"{""type"": ""Point"", ""coordinates"": [-75.64645169760983, 35.83968319335023]}";White;None - Rural Crash;Travel Lane;2;14;Urban (>70% Developed);Female;Sport Utility;0;No;1;40001147;Black;No;0;11-15;Motorist Turning Error - Left Turn;None;No;#NULL!;Dry;0;Rural;No;22MAR2014;0;14:30;Male;#NULL!;Residential;B: Evident Injury;Yes;O: No Injury;83;March;0;Curve - Level;Coastal;With Traffic;No Control Present;Saturday;Intersection;13;1;Two-Way, Not Divided;2 lanes;0;No;SR 1147;Smooth Asphalt;1320;T-Intersection;Loss of Control / Turning Error;State Secondary Route;B: Evident Injury;Dare;56;Clear;1148;26-30 mph;30 - 35  MPH;2014;Daylight;50-59
34.6377398202, -78.9922726571;"{""type"": ""Point"", ""coordinates"": [-78.99227265714576, 34.637739820164676]}";Native American;Lumberton;Travel Lane;2;19;Urban (>70% Developed);Male;Van;0;No;0;0;Black;No;1;20-24;Head-On - Unknown;None;No;#NULL!;Dry;0;Urban;No;27FEB2014;0;19:21;Male;#NULL!;Residential;C: Possible Injury;Yes;O: No Injury;97;February;0;Straight - Level;Coastal;Not Applicable;Stop Sign;Thursday;Intersection;20;1;Two-Way, Not Divided;2 lanes;0;No;HEDGEPETH CIR;Coarse Asphalt;TURNER PLACE;No Special Feature;Head-On;Local Street;C: Possible Injury;Robeson;35;Clear;ALEXANDER ST;16-20 mph;30 - 35  MPH;2014;Daylight;30-39
35.8497000965, -78.5804625954;"{""type"": ""Point"", ""coordinates"": [-78.58046259537763, 35.84970009653852]}";Black;Raleigh;Sidewalk / Crosswalk / Driveway Crossing;2;19;Urban (>70% Developed);Male;Passenger Car;1;No;0;20000001;White;No;0;11-15;Bicyclist Ride Through - Signalized Intersection;None;Yes;#NULL!;Dry;0;Urban;No;30JUL2014;0;19:46;Male;#NULL!;Commercial;O: No Injury;No;O: No Injury;365;July;0;Straight - Level;Piedmont;Facing Traffic;Stop And Go Signal;Wednesday;Intersection;14;1;Two-Way, Divided, Positive Median Barrier;9 or more lanes;0;Yes-Alcohol,  impairment suspected;CAPITAL BLVD;Smooth Asphalt;SPRING FOREST RD;Four-Way Intersection;Bicyclist Failed to Yield - Signalized Intersection;Local Street;O: No Injury;Wake;31;Cloudy;MILLBROOK RD;11-15 mph;40 - 45  MPH;2014;Daylight;30-39
35.1973968634, -81.193463344;"{""type"": ""Point"", ""coordinates"": [-81.19346334403187, 35.19739686342329]}";White;None - Rural Crash;Travel Lane;2;10;Rural (<30% Developed);Male;Single Unit Truck (2-Axle, 6-Tire);0;No;1;40001201;White;No;0;60-69;Motorist Left Turn - Opposite Direction;None;No;#NULL!;Dry;0;Rural;No;28JUN2014;0;10:52;Male;#NULL!;Farms, Woods, Pastures;B: Evident Injury;Yes;O: No Injury;371;June;0;Straight - Grade;Mountains;With Traffic;Stop Sign;Saturday;Intersection;62;1;Two-Way, Not Divided;2 lanes;0;No;SR 1201;Coarse Asphalt;1222;T-Intersection;Motorist Left Turn / Merge;State Secondary Route;B: Evident Injury;Watauga;40;Clear;1221;26-30 mph;30 - 35  MPH;2014;Daylight;40-49
36.0641510922, -79.9637480246;"{""type"": ""Point"", ""coordinates"": [-79.96374802458394, 36.06415109215512]}";White;High Point;Travel Lane;2;13;Urban (>70% Developed);Male;Passenger Car;0;No;0;40001556;White;No;1;60-69;Motorist Overtaking - Bicyclist Swerved;None;No;#NULL!;Dry;0;Urban;No;09JUN2014;0;13:36;Female;#NULL!;Commercial;C: Possible Injury;Yes;O: No Injury;367;June;0;Straight - Level;Piedmont;With Traffic;Stop Sign;Monday;Intersection;68;1;Two-Way, Not Divided;2 lanes;0;No;GALLIMORE DAIRY RD;Smooth Asphalt;SEDGEGARDEN RD;Four-Way Intersection;Motorist Overtaking Bicyclist;Local Street;C: Possible Injury;Guilford;69;Clear;MILLWOOD SCH RD;21-25 mph;40 - 45  MPH;2014;Daylight;60-69
36.0999770253, -81.9219096127;"{""type"": ""Point"", ""coordinates"": [-81.92190961274318, 36.09997702530171]}";White;Newland;Travel Lane;2;10;Rural (<30% Developed);Male;Pickup;0;No;1;0;Unknown/Missing;No;0;70+;Head-On - Motorist;None;No;#NULL!;Dry;0.2;Rural;Yes;12JUN2014;0;10:13;Unknown;#NULL!;Farms, Woods, Pastures;B: Evident Injury;Yes;Unknown Injury;359;June;0;Curve - Level;Mountains;With Traffic;Double Yellow Line, No Passing Zone;Thursday;Non-Intersection;70+;1;Two-Way, Not Divided;2 lanes;0;Missing;ELK ST;Smooth Asphalt;TABERNACLE LN;No Special Feature;Head-On;Local Street;B: Evident Injury;Avery;Unknown;Cloudy;SAM BREWER;21-25 mph;20 - 25  MPH;2014;Daylight;Unknown
35.7076270647, -78.6264926015;"{""type"": ""Point"", ""coordinates"": [-78.62649260147921, 35.70762706466607]}";Black;Garner;Non-Roadway;2;10;Urban (>70% Developed);Male;Pickup;0;No;0;0;Black;No;1;20-24;Non-Roadway;None;No;#NULL!;Dry;0.057;Urban;No;26JUL2014;0;10:50;Female;#NULL!;Residential;C: Possible Injury;Yes;O: No Injury;349;July;0;Straight - Level;Piedmont;Not Applicable;No Control Present;Saturday;Non-Roadway;20;1;Two-Way, Not Divided;2 lanes;0;No;PVA GARNER TOWNS LN;Coarse Asphalt;#NULL!;Driveway, Public;Non-Roadway;Public Vehicular Area;C: Possible Injury;Wake;25;Clear;FOXWOOD DR;6-10 mph;Unknown;2014;Daylight;25-29