Geo Point;Geo Shape;BikeRace;City;BikePos;NumUnits;CrashHour;Locality;BikeSex;DrvrVehTyp;NumBikesNo;BikeAlcDrg;NumBikesBI;RteInvdCd;DrvrRace;Workzone;NumBikesCi;BikeAgeGrp;CrashType;RdDefects;CrashAlcoh;BikeAlcoho;RdConditio;DstncMiFrm;RuralUrban;HitRun;CrashDate;NumBikesUI;CrashTime;DrvrSex;DrvrAlcoho;Developmen;CrashSevr;AmbulanceR;DrvrInjury;OBJECTID;CrashMonth;NumBikesKi;RdCharacte;Region;BikeDir;TraffCntrl;CrashDay;CrashLoc;BikeAge;NumBikesTo;RdConfig;NumLanes;NumBikesAI;DrvrAlcDrg;OnRoad;RdSurface;Towrd_Rd;RdFeature;CrashGrp;RdClass;BikeInjury;County;DrvrAge;Weather;FrmRd;DrvrEstSpd;SpeedLimit;CrashYear;LightCond;DrvrAgeGrp
35.8900271421, -77.5168222733;"{""type"": ""Point"", ""coordinates"": [-77.51682227329042, 35.89002714211696]}";Black;Princeville;Travel Lane;2;3;Urban (>70% Developed);Male;Passenger Car;0;Yes-Alcohol,  impairment suspected;0;30000111;Black;No;2;50-59;Bicyclist Left Turn - Same Direction;None;Yes;#NULL!;Dry;0.1;Rural;No;05JUL2014;0;3:36;Male;#NULL!;Residential;C: Possible Injury;Yes;O: No Injury;314;July;0;Straight - Level;Coastal;With Traffic;Double Yellow Line, No Passing Zone;Saturday;Non-Intersection;50;2;Two-Way, Not Divided;2 lanes;0;No;NC 111;Coarse Asphalt;SECOND STREET;No Special Feature;Bicyclist Left Turn / Merge;NC Route;C: Possible Injury;Edgecombe;57;Clear;THIRD STREET;31-35 mph;30 - 35  MPH;2014;Dark - Lighted Roadway;50-59
36.0784301035, -79.7529029617;"{""type"": ""Point"", ""coordinates"": [-79.75290296166742, 36.07843010345092]}";Black;Greensboro;Travel Lane;2;0;Urban (>70% Developed);Male;Pickup;0;Unknown;0;40003163;Unknown/Missing;No;0;40-49;Motorist Right Turn - Same Direction;None;No;#NULL!;Dry;0.21;Urban;Yes;03JUL2014;0;0:20;Unknown;#NULL!;Commercial;A: Disabling Injury;Yes;Unknown Injury;302;July;0;Straight - Grade;Piedmont;With Traffic;No Control Present;Thursday;Non-Intersection;45;1;Two-Way, Divided, Unprotected Median;4 lanes;1;Missing;E MARKET ST;Smooth Asphalt;HOLTS CHAPEL RD;Driveway, Public;Motorist Right Turn / Merge;Local Street;A: Disabling Injury;Guilford;Unknown;Clear;HOLT AV;46-50 mph;30 - 35  MPH;2014;Dark - Lighted Roadway;Unknown
35.8695331011, -78.5758125946;"{""type"": ""Point"", ""coordinates"": [-78.57581259457973, 35.86953310107865]}";Black;Raleigh;Travel Lane;2;17;Urban (>70% Developed);Male;Unknown;0;No;1;50022852;Unknown/Missing;No;0;16-19;Motorist Overtaking - Other / Unknown;None;No;#NULL!;Dry;0.076;Urban;Yes;05JUL2014;0;17:34;Unknown;#NULL!;Commercial;B: Evident Injury;No;Unknown Injury;299;July;0;Straight - Level;Piedmont;With Traffic;No Control Present;Saturday;Non-Intersection;19;1;Two-Way, Not Divided;5 lanes;0;Missing;OLD WAKE FOREST RD;Coarse Asphalt;TRIANGLE TOWN BLVD;No Special Feature;Motorist Overtaking Bicyclist;Local Street;B: Evident Injury;Wake;Unknown;Clear;TOWN CENTER DR;16-20 mph;40 - 45  MPH;2014;Daylight;Unknown
35.3105540098, -77.7330623096;"{""type"": ""Point"", ""coordinates"": [-77.73306230964289, 35.31055400979462]}";White;None - Rural Crash;Travel Lane;3;16;Rural (<30% Developed);Male;Passenger Car;1;Unknown;0;40001690;White;No;1;40-49;Motorist Overtaking - Other / Unknown;None;No;#NULL!;Dry;0;Rural;No;08JUN2014;0;16:00;Female;#NULL!;Farms, Woods, Pastures;C: Possible Injury;No;O: No Injury;300;June;0;Straight - Level;Coastal;With Traffic;Double Yellow Line, No Passing Zone;Sunday;Non-Intersection;43;2;Two-Way, Not Divided;2 lanes;0;Unknown;1690;Smooth Asphalt;1001;No Special Feature;Motorist Overtaking Bicyclist;State Secondary Route;C: Possible Injury;Lenoir;54;Clear;1519;21-25 mph;50 - 55  MPH;2014;Daylight;50-59
35.7765730794, -78.6267326052;"{""type"": ""Point"", ""coordinates"": [-78.62673260524676, 35.77657307935135]}";Black;Raleigh;Sidewalk / Crosswalk / Driveway Crossing;3;17;Urban (>70% Developed);Male;Passenger Car;0;No;0;50019046;Black;No;1;40-49;Unusual Circumstances;None;No;#NULL!;Dry;0;Urban;No;26JUN2014;0;17:56;Female;#NULL!;Commercial;C: Possible Injury;Yes;C: Possible Injury;281;June;0;Straight - Level;Piedmont;With Traffic;Stop Sign;Thursday;Intersection-Related;45;1;Two-Way, Divided, Unprotected Median;4 lanes;0;No;E MARTIN ST;Smooth Asphalt;HAYWOOD ST;Four-Way Intersection;Other / Unusual Circumstances;Local Street;C: Possible Injury;Wake;50;Clear;CAMDEN ST;36-40 mph;30 - 35  MPH;2014;Daylight;50-59
34.1333797454, -77.8953923017;"{""type"": ""Point"", ""coordinates"": [-77.89539230166335, 34.133379745360166]}";Black;None - Rural Crash;Travel Lane;2;16;Urban (>70% Developed);Male;Passenger Car;0;No;1;20000421;White;No;0;16-19;Motorist Drive Out - Commercial Driveway / Alley;None;No;#NULL!;Dry;0.1;Rural;No;30JUN2014;0;16:10;Male;#NULL!;Commercial;B: Evident Injury;Yes;O: No Injury;310;June;0;Curve - Level;Coastal;Facing Traffic;No Control Present;Monday;Non-Intersection;17;1;Two-Way, Divided, Unprotected Median;4 lanes;0;No;US 421;Coarse Asphalt;1187;Driveway, Public;Motorist Failed to Yield - Midblock;US Route;B: Evident Injury;New Hanover;54;Clear;2501;0-5 mph;5 - 15 MPH;2014;Daylight;50-59
35.9051701027, -78.7368226457;"{""type"": ""Point"", ""coordinates"": [-78.73682264571165, 35.905170102733564]}";White;Raleigh;Travel Lane;2;17;Urban (>70% Developed);Female;Sport Utility;0;No;1;0;Other;No;0;6-10;Motorist Drive Out - Sign-Controlled Intersection;None;No;#NULL!;Dry;0;Urban;No;10JUL2014;0;17:39;Female;#NULL!;Residential;B: Evident Injury;Yes;O: No Injury;321;July;0;Straight - Level;Piedmont;Facing Traffic;Stop Sign;Thursday;Intersection;10;1;Two-Way, Not Divided;2 lanes;0;No;RUSH SPRINGS CT;Coarse Asphalt;#NULL!;T-Intersection;Motorist Failed to Yield - Sign-Controlled Intersection;Local Street;B: Evident Injury;Wake;64;Cloudy;BLAKEHURST DR;6-10 mph;30 - 35  MPH;2014;Daylight;60-69
35.2762028818, -81.1274983287;"{""type"": ""Point"", ""coordinates"": [-81.1274983287375, 35.27620288184653]}";White;Gastonia;Travel Lane;2;20;Urban (>70% Developed);Male;Sport Utility;0;No;1;0;White;No;0;20-24;Motorist Overtaking - Other / Unknown;None;No;#NULL!;Dry;0.019;Urban;No;17JUN2014;0;20:57;Male;#NULL!;Residential;B: Evident Injury;Yes;O: No Injury;346;June;0;Straight - Level;Piedmont;With Traffic;No Control Present;Tuesday;Non-Intersection;23;1;Two-Way, Not Divided;2 lanes;0;No;PVA 901 SMYRE DR;Smooth Asphalt;MILLSTONE DR;No Special Feature;Motorist Overtaking Bicyclist;Local Street;B: Evident Injury;Gaston;51;Clear;FRALEY CHURCH RD;11-15 mph;20 - 25  MPH;2014;Daylight;50-59
34.1538607174, -78.8804525993;"{""type"": ""Point"", ""coordinates"": [-78.88045259932912, 34.1538607173906]}";Black;Tabor City;Driveway / Alley;2;16;Urban (>70% Developed);Male;Sport Utility;0;No;0;0;Black;No;1;6-10;Bicyclist Ride Out - Residential Driveway;None;No;#NULL!;Dry;0.011;Rural;No;24MAY2014;0;16:05;Female;#NULL!;Residential;C: Possible Injury;Yes;O: No Injury;279;May;0;Straight - Level;Coastal;Not Applicable;No Control Present;Saturday;Non-Intersection;6;1;Two-Way, Not Divided;2 lanes;0;No;KING ST;Coarse Asphalt;LEWIS ST;No Special Feature;Bicyclist Failed to Yield - Midblock;Local Street;C: Possible Injury;Columbus;44;Clear;SYKES ST;0-5 mph;20 - 25  MPH;2014;Daylight;40-49
35.7395740649, -78.8049876568;"{""type"": ""Point"", ""coordinates"": [-78.80498765675742, 35.73957406490166]}";White;Cary;Travel Lane;2;9;Urban (>70% Developed);Male;Passenger Car;0;No;0;0;Black;No;1;40-49;Motorist Left Turn - Opposite Direction;None;No;#NULL!;Dry;0;Urban;No;04JUL2014;0;9:56;Female;#NULL!;Commercial;C: Possible Injury;Yes;O: No Injury;344;July;0;Straight - Level;Piedmont;With Traffic;Stop Sign;Friday;Intersection;43;1;Two-Way, Not Divided;2 lanes;0;No;GREGSON DR;Smooth Asphalt;64;Four-Way Intersection;Motorist Left Turn / Merge;Local Street;C: Possible Injury;Wake;57;Clear;EDINBURGH SOUTH DR;Unknown;Unknown;2014;Daylight;50-59
36.167657258, -75.8597277795;"{""type"": ""Point"", ""coordinates"": [-75.8597277794697, 36.16765725804118]}";White;None - Rural Crash;Bike Lane / Paved Shoulder;2;2;Mixed (30% To 70% Developed);Female;Unknown;0;Yes-Alcohol, no impairment detected;0;20000158;Unknown/Missing;No;1;25-29;Motorist Lost Control - Other / Unknown;None;Yes;#NULL!;Dry;0.1;Rural;Yes;25JUL2014;0;2:05;Unknown;#NULL!;Farms, Woods, Pastures;C: Possible Injury;Yes;Unknown Injury;373;July;0;Straight - Level;Coastal;Facing Traffic;No Control Present;Friday;Non-Intersection;28;1;Two-Way, Not Divided;5 lanes;0;Unknown;158;Coarse Asphalt;1120;No Special Feature;Loss of Control / Turning Error;US Route;C: Possible Injury;Currituck;Unknown;Clear;1168;36-40 mph;50 - 55  MPH;2014;Dark - Roadway Not Lighted;Unknown
35.7448420743, -78.5867625915;"{""type"": ""Point"", ""coordinates"": [-78.58676259147501, 35.74484207427402]}";Black;Raleigh;Travel Lane;2;19;Urban (>70% Developed);Male;Passenger Car;1;No;0;50029648;Black;No;0;11-15;Bicyclist Ride Through - Sign-Controlled Intersection;None;No;#NULL!;Dry;0;Urban;No;29JUL2014;0;19:37;Female;#NULL!;Residential;O: No Injury;No;O: No Injury;375;July;0;Straight - Level;Piedmont;Facing Traffic;Stop Sign;Tuesday;Intersection;14;1;Two-Way, Divided, Unprotected Median;4 lanes;0;No;SUNNYBROOK RD;Smooth Asphalt;ROCK QUARRY RD;T-Intersection;Bicyclist Failed to Yield - Sign-Controlled Intersection;Local Street;O: No Injury;Wake;30;Cloudy;TRYON RIDGE DR;31-35 mph;30 - 35  MPH;2014;Daylight;30-39
35.9370571038, -78.9074626991;"{""type"": ""Point"", ""coordinates"": [-78.90746269907761, 35.937057103797386]}";Black;Durham;Sidewalk / Crosswalk / Driveway Crossing;2;17;Urban (>70% Developed);Male;Passenger Car;1;No;0;0;White;No;0;60-69;Bicyclist Ride Out - Other Midblock;None;No;#NULL!;Dry;0.17;Urban;No;04AUG2014;0;17:10;Female;#NULL!;Commercial;O: No Injury;No;O: No Injury;384;August;0;Straight - Level;Piedmont;Not Applicable;No Control Present;Monday;Non-Intersection;63;1;Two-Way, Not Divided;2 lanes;0;No;UNITED DR;Coarse Asphalt;FAYETTEVILLE ST;No Special Feature;Bicyclist Failed to Yield - Midblock;Local Street;O: No Injury;Durham;60;Clear;INDUSTRY LN;6-10 mph;30 - 35  MPH;2014;Daylight;60-69
35.9498470587, -80.2071130917;"{""type"": ""Point"", ""coordinates"": [-80.20711309165675, 35.94984705872019]}";White;Midway;Travel Lane;2;10;Mixed (30% To 70% Developed);Male;Passenger Car;0;No;0;40001802;White;No;0;60-69;Bicyclist Left Turn - Opposite Direction;None;No;#NULL!;Dry;0.011;Rural;No;26JUL2014;0;10:13;Male;#NULL!;Residential;A: Disabling Injury;Yes;O: No Injury;372;July;0;Curve - Grade;Piedmont;With Traffic;Double Yellow Line, No Passing Zone;Saturday;Non-Intersection;61;1;Two-Way, Not Divided;2 lanes;1;No;SR 1802;Smooth Asphalt;1715;T-Intersection;Bicyclist Left Turn / Merge;State Secondary Route;A: Disabling Injury;Davidson;22;Clear;1813;31-35 mph;40 - 45  MPH;2014;Daylight;20-24
35.7356869417, -82.1288186528;"{""type"": ""Point"", ""coordinates"": [-82.12881865282289, 35.73568694173974]}";White;None - Rural Crash;Travel Lane;2;11;Rural (<30% Developed);Male;Pickup;0;No;0;30000080;White;No;1;50-59;Motorist Overtaking - Other / Unknown;None;No;#NULL!;Dry;0.05;Rural;No;14JUN2014;0;11:44;Male;#NULL!;Farms, Woods, Pastures;C: Possible Injury;Yes;O: No Injury;383;June;0;Straight - Grade;Mountains;With Traffic;Double Yellow Line, No Passing Zone;Saturday;Non-Intersection;52;1;Two-Way, Not Divided;2 lanes;0;No;NC 80;Smooth Asphalt;1436;No Special Feature;Motorist Overtaking Bicyclist;NC Route;C: Possible Injury;Mcdowell;50;Clear;1437;26-30 mph;30 - 35  MPH;2014;Daylight;50-59
35.1718669211, -79.4257228143;"{""type"": ""Point"", ""coordinates"": [-79.4257228142617, 35.17186692111273]}";White;Southern Pines;Travel Lane;2;14;Mixed (30% To 70% Developed);Male;Passenger Car;0;Unknown;0;20000015;White;No;0;40-49;Motorist Overtaking - Other / Unknown;None;No;#NULL!;Dry;0.5;Urban;No;22JUL2014;0;14:25;Female;#NULL!;Commercial;A: Disabling Injury;Yes;O: No Injury;385;July;0;Straight - Level;Piedmont;With Traffic;No Control Present;Tuesday;Non-Intersection;46;1;Two-Way, Not Divided;5 lanes;1;No;15;Smooth Asphalt;PARTNER CIR;No Special Feature;Motorist Overtaking Bicyclist;US Route;A: Disabling Injury;Moore;42;Clear;MORGANTON RD;41-45 mph;40 - 45  MPH;2014;Daylight;40-49
36.1006841198, -79.4304528655;"{""type"": ""Point"", ""coordinates"": [-79.43045286548585, 36.10068411984116]}";Black;Burlington;Non-Roadway;2;19;Urban (>70% Developed);Male;Passenger Car;0;No;0;0;Black;No;1;16-19;Non-Roadway;None;No;#NULL!;Dry;0;Urban;No;05AUG2014;0;19:08;Female;#NULL!;Residential;C: Possible Injury;Yes;O: No Injury;381;August;0;Straight - Level;Piedmont;Not Applicable;No Control Present;Tuesday;Non-Roadway;17;1;Unknown;Unknown;0;Missing;PVA 539 N CHURCH ST;Smooth Asphalt;200BLK N IRELAND ST;Driveway, Public;Non-Roadway;Public Vehicular Area;C: Possible Injury;Alamance;31;Clear;300BLK VANCE ST;0-5 mph;5 - 15 MPH;2014;Daylight;30-39
34.2559767747, -77.8263022869;"{""type"": ""Point"", ""coordinates"": [-77.82630228693475, 34.255976774747154]}";White;Wilmington;Unknown;2;16;Urban (>70% Developed);Female;Passenger Car;0;#NULL!;0;0;White;No;0;20-24;Motorist Drive Out - Right Turn on Red;None;No;No;Dry;0;Urban;No;27MAY2013;0;16:46;Female;No;Residential;B: Evident Injury;Yes;O: No Injury;1158;May;0;Straight - Level;Coastal;Unknown;Stop And Go Signal;Monday;Intersection;21;0;Two-Way, Divided, Unprotected Median;4 lanes;0;#NULL!;PP ARBORETUM DR;Smooth Asphalt;#NULL!;Shared-Use Paths Or Trails;Motorist Failed to Yield - Signalized Intersection;US Route;B: Evident Injury;New Hanover;65;Clear;#NULL!;Unknown;20 - 25  MPH;2013;Daylight;60-69
34.955826832, -80.6274031631;"{""type"": ""Point"", ""coordinates"": [-80.62740316308631, 34.95582683199899]}";White;None - Rural Crash;Travel Lane;2;10;Rural (<30% Developed);Male;Pickup;0;#NULL!;0;0;White;No;0;50-59;Motorist Overtaking - Other / Unknown;None;No;No;Dry;0;Rural;No;09JUN2013;0;10:57;Male;No;Farms, Woods, Pastures;B: Evident Injury;Yes;O: No Injury;1156;June;0;Straight - Level;Piedmont;With Traffic;Double Yellow Line, No Passing Zone;Sunday;Non-Intersection;58;0;Two-Way, Not Divided;2 lanes;0;#NULL!;SR 1007;Smooth Asphalt;#NULL!;No Special Feature;Motorist Overtaking Bicyclist;State Secondary Route;B: Evident Injury;Union;24;Clear;#NULL!;51-55 mph;50 - 55  MPH;2013;Daylight;20-24
36.1157670922, -80.2477031129;"{""type"": ""Point"", ""coordinates"": [-80.24770311289721, 36.11576709222515]}";Black;Winston-Salem;Travel Lane;2;21;Urban (>70% Developed);Male;Taxicab;0;#NULL!;0;0;Black;No;0;40-49;Motorist Left Turn - Opposite Direction;None;No;No;Dry;0;Urban;No;30MAY2013;0;21:57;Male;No;Residential;B: Evident Injury;Yes;O: No Injury;1164;May;0;Straight - Level;Piedmont;With Traffic;No Control Present;Thursday;Intersection;45;0;Two-Way, Not Divided;2 lanes;0;#NULL!;S GLENN AV;Smooth Asphalt;#NULL!;T-Intersection;Motorist Left Turn / Merge;Local Street;B: Evident Injury;Forsyth;34;Clear;#NULL!;21-25 mph;30 - 35  MPH;2013;Dark - Roadway Not Lighted;30-39
35.9531070686, -79.9795030229;"{""type"": ""Point"", ""coordinates"": [-79.97950302294733, 35.95310706856557]}";Black;High Point;Travel Lane;2;20;Urban (>70% Developed);Male;Passenger Car;0;#NULL!;0;0;Black;No;0;40-49;Motorist Left Turn - Opposite Direction;None;No;No;Dry;0;Urban;No;31MAY2013;0;20:45;Male;No;Residential;B: Evident Injury;Yes;O: No Injury;1166;May;0;Straight - Level;Piedmont;With Traffic;Stop And Go Signal;Friday;Intersection;40;0;Two-Way, Not Divided;4 lanes;0;#NULL!;BRENTWOOD ST;Coarse Asphalt;#NULL!;Four-Way Intersection;Motorist Left Turn / Merge;Local Street;B: Evident Injury;Guilford;24;Clear;#NULL!;16-20 mph;30 - 35  MPH;2013;Dusk;20-24
35.7839970786, -78.6821026223;"{""type"": ""Point"", ""coordinates"": [-78.68210262231125, 35.78399707861824]}";Hispanic;Raleigh;Travel Lane;2;9;Urban (>70% Developed);Male;Passenger Car;0;#NULL!;0;0;White;No;0;20-24;Crossing Paths - Uncontrolled Intersection;None;No;No;Wet;0;Urban;No;07JUN2013;0;9:04;Female;No;Institutional;C: Possible Injury;Yes;O: No Injury;1250;June;0;Straight - Level;Piedmont;Facing Traffic;No Control Present;Friday;Intersection;24;0;Two-Way, Divided, Positive Median Barrier;4 lanes;0;#NULL!;VARSITY DR;Smooth Asphalt;#NULL!;Related To Intersection;Crossing Paths - Other Circumstances;Local Street;C: Possible Injury;Wake;25;Rain;#NULL!;21-25 mph;5 - 15 MPH;2013;Daylight;25-29
34.9799568436, -80.4489031111;"{""type"": ""Point"", ""coordinates"": [-80.44890311111338, 34.9799568435735]}";Black;Wingate;Driveway / Alley;2;13;Urban (>70% Developed);Male;Passenger Car;0;#NULL!;0;0;White;No;0;6-10;Bicyclist Ride Out - Parallel Path;None;No;No;Dry;0;Rural;No;25MAY2013;0;13:00;Female;No;Residential;B: Evident Injury;No;O: No Injury;1246;May;0;Straight - Level;Piedmont;Unknown;No Control Present;Saturday;Non-Intersection;8;0;Two-Way, Not Divided;2 lanes;0;#NULL!;S MAIN ST;Smooth Asphalt;#NULL!;No Special Feature;Parallel Paths - Other Circumstances;Local Street;B: Evident Injury;Union;70+;Clear;#NULL!;31-35 mph;30 - 35  MPH;2013;Daylight;70+
35.9295970047, -81.5285034859;"{""type"": ""Point"", ""coordinates"": [-81.52850348587586, 35.929597004734156]}";Black;Lenoir;Non-Roadway;2;9;Mixed (30% To 70% Developed);Male;Passenger Car;0;#NULL!;0;0;White;No;0;30-39;Non-Roadway;None;No;No;Dry;0;Urban;No;11JUL2013;0;9:07;Female;No;Commercial;B: Evident Injury;No;O: No Injury;1247;July;0;Straight - Level;Mountains;Not Applicable;Stop Sign;Thursday;Non-Roadway;38;0;Two-Way, Not Divided;8 lanes;0;#NULL!;PVA 945 BLOWING ROCK BLVD;Smooth Asphalt;#NULL!;No Special Feature;Non-Roadway;Public Vehicular Area;B: Evident Injury;Caldwell;70+;Clear;#NULL!;6-10 mph;5 - 15 MPH;2013;Daylight;70+
35.9450371443, -77.7977023623;"{""type"": ""Point"", ""coordinates"": [-77.79770236231202, 35.94503714427705]}";Black;Rocky Mount;Travel Lane;2;13;Urban (>70% Developed);Male;Passenger Car;0;#NULL!;0;0;White;No;0;11-15;Head-On - Bicyclist;None;No;No;Dry;0;Urban;No;13JUN2013;0;13:35;Male;No;Commercial;C: Possible Injury;Yes;O: No Injury;1251;June;0;Straight - Level;Coastal;Facing Traffic;Stop And Go Signal;Thursday;Intersection;14;0;One-Way, Not Divided;2 lanes;0;#NULL!;N FRANKLIN ST;Coarse Asphalt;#NULL!;No Special Feature;Head-On;Local Street;C: Possible Injury;Nash;53;Clear;#NULL!;21-25 mph;30 - 35  MPH;2013;Daylight;50-59
36.0720671111, -79.4929028833;"{""type"": ""Point"", ""coordinates"": [-79.49290288330207, 36.07206711113886]}";White;Burlington;Sidewalk / Crosswalk / Driveway Crossing;2;16;Urban (>70% Developed);Male;Unknown;0;#NULL!;0;0;Unknown/Missing;No;0;25-29;Motorist Drive Out - Commercial Driveway / Alley;None;No;No;Dry;0;Urban;Yes;24JUN2013;0;16:51;Unknown;Missing;Commercial;B: Evident Injury;No;Unknown Injury;1203;June;0;Straight - Grade;Piedmont;Facing Traffic;No Control Present;Monday;Non-Intersection;29;0;Two-Way, Divided, Unprotected Median;3 lanes;0;#NULL!;PVA 535 HUFFMAN MILL RD;Smooth Asphalt;#NULL!;No Special Feature;Motorist Failed to Yield - Midblock;Local Street;B: Evident Injury;Alamance;Unknown;Clear;#NULL!;0-5 mph;Unknown;2013;Daylight;Unknown
35.9017471016, -78.7654026533;"{""type"": ""Point"", ""coordinates"": [-78.76540265326592, 35.9017471016194]}";White;Raleigh;Travel Lane;2;23;Mixed (30% To 70% Developed);Male;Passenger Car;0;#NULL!;0;0;Other;No;0;30-39;Bicyclist Ride Through - Signalized Intersection;None;No;No;Dry;0;Urban;No;15JUN2013;0;23:10;Female;No;Commercial;A: Disabling Injury;Yes;O: No Injury;1179;June;0;Straight - Level;Piedmont;With Traffic;Stop And Go Signal;Saturday;Intersection;36;0;Two-Way, Not Divided;4 lanes;0;#NULL!;WESTGATE RD;Coarse Asphalt;#NULL!;No Special Feature;Bicyclist Failed to Yield - Signalized Intersection;Local Street;A: Disabling Injury;Wake;44;Clear;#NULL!;26-30 mph;50 - 55  MPH;2013;Dark - Roadway Not Lighted;40-49
36.1570470781, -80.8641033007;"{""type"": ""Point"", ""coordinates"": [-80.86410330066224, 36.15704707807479]}";White;None - Rural Crash;Travel Lane;2;7;Rural (<30% Developed);Male;Pickup;0;#NULL!;0;0;White;No;0;30-39;Motorist Overtaking - Undetected Bicyclist;None;No;No;Dry;0;Rural;No;24JUN2013;0;7:23;Female;No;Farms, Woods, Pastures;B: Evident Injury;Yes;O: No Injury;1196;June;0;Straight - Grade;Mountains;With Traffic;Double Yellow Line, No Passing Zone;Monday;Non-Intersection;34;0;Two-Way, Divided, Unprotected Median;2 lanes;0;#NULL!;SR 1300;Smooth Asphalt;#NULL!;No Special Feature;Motorist Overtaking Bicyclist;State Secondary Route;B: Evident Injury;Yadkin;70+;Clear;#NULL!;41-45 mph;50 - 55  MPH;2013;Daylight;70+
35.0403569041, -79.1059027115;"{""type"": ""Point"", ""coordinates"": [-79.10590271148192, 35.040356904064865]}";White;None - Rural Crash;Travel Lane;2;18;Mixed (30% To 70% Developed);Male;Passenger Car;0;#NULL!;0;0;White;No;0;16-19;Motorist Overtaking - Bicyclist Swerved;None;No;No;Dry;0;Rural;No;17MAY2013;0;18:46;Female;No;Residential;O: No Injury;No;O: No Injury;1172;May;0;Straight - Grade;Coastal;With Traffic;Double Yellow Line, No Passing Zone;Friday;Non-Intersection;17;0;Two-Way, Not Divided;2 lanes;0;#NULL!;SR 1305;Coarse Asphalt;#NULL!;No Special Feature;Motorist Overtaking Bicyclist;State Secondary Route;O: No Injury;Hoke;39;Clear;#NULL!;41-45 mph;40 - 45  MPH;2013;Daylight;30-39
36.2067170576, -81.671103544;"{""type"": ""Point"", ""coordinates"": [-81.67110354402625, 36.20671705756068]}";White;Boone;Travel Lane;2;15;Urban (>70% Developed);Male;Sport Utility;0;#NULL!;0;0;White;No;0;20-24;Motorist Drive Out - Commercial Driveway / Alley;None;No;No;Dry;0;Urban;No;28MAY2013;0;15:57;Male;No;Commercial;C: Possible Injury;Yes;O: No Injury;1197;May;0;Straight - Level;Mountains;Facing Traffic;Other;Tuesday;Non-Intersection;24;0;Two-Way, Not Divided;5 lanes;0;#NULL!;BLOWING ROCK RD;Smooth Asphalt;#NULL!;No Special Feature;Motorist Failed to Yield - Midblock;US Route;C: Possible Injury;Watauga;49;Clear;#NULL!;0-5 mph;30 - 35  MPH;2013;Daylight;40-49
35.1407568675, -80.7397032065;"{""type"": ""Point"", ""coordinates"": [-80.73970320648377, 35.140756867515385]}";Black;Charlotte;Sidewalk / Crosswalk / Driveway Crossing;2;16;Urban (>70% Developed);Male;Van;0;#NULL!;0;0;White;No;0;20-24;Motorist Drive Out - Commercial Driveway / Alley;None;No;No;Dry;0;Urban;No;29JUN2013;0;16:41;Female;No;Commercial;B: Evident Injury;Yes;O: No Injury;1208;June;0;Straight - Grade;Piedmont;Facing Traffic;Stop Sign;Saturday;Non-Intersection;23;0;Two-Way, Divided, Unprotected Median;4 lanes;0;#NULL!;PVA 1609 SARDIS RD NORTH;Smooth Asphalt;#NULL!;No Special Feature;Motorist Failed to Yield - Midblock;Local Street;B: Evident Injury;Mecklenburg;33;Clear;#NULL!;6-10 mph;5 - 15 MPH;2013;Daylight;30-39
34.0082967169, -77.9024022986;"{""type"": ""Point"", ""coordinates"": [-77.90240229856394, 34.00829671693457]}";White;None - Rural Crash;Travel Lane;2;23;Mixed (30% To 70% Developed);Male;Passenger Car;0;#NULL!;0;0;White;No;0;16-19;Motorist Overtaking - Other / Unknown;None;No;No;Dry;0;Rural;No;04JUL2013;0;23:00;Male;No;Commercial;C: Possible Injury;Yes;O: No Injury;1222;July;0;Straight - Level;Coastal;With Traffic;No Control Present;Thursday;Non-Intersection;17;0;Two-Way, Divided, Unprotected Median;4 lanes;0;#NULL!;US 421;Coarse Asphalt;#NULL!;No Special Feature;Motorist Overtaking Bicyclist;US Route;C: Possible Injury;New Hanover;22;Clear;#NULL!;46-50 mph;40 - 45  MPH;2013;Daylight;20-24
35.6245869029, -82.5280037643;"{""type"": ""Point"", ""coordinates"": [-82.52800376434601, 35.62458690286477]}";White;None - Rural Crash;Travel Lane;2;16;Rural (<30% Developed);Male;Passenger Car;0;#NULL!;0;0;White;No;0;60-69;Motorist Left Turn - Opposite Direction;None;No;No;Dry;0;Rural;No;02JUL2013;0;16:43;Female;No;Farms, Woods, Pastures;B: Evident Injury;Yes;O: No Injury;1227;July;0;Straight - Level;Mountains;With Traffic;Double Yellow Line, No Passing Zone;Tuesday;Intersection;61;0;Two-Way, Not Divided;2 lanes;0;#NULL!;NC 694;Smooth Asphalt;#NULL!;No Special Feature;Motorist Left Turn / Merge;NC Route;B: Evident Injury;Buncombe;70+;Clear;#NULL!;6-10 mph;40 - 45  MPH;2013;Daylight;70+
34.2670167765, -77.8376022906;"{""type"": ""Point"", ""coordinates"": [-77.83760229061677, 34.267016776545454]}";White;None - Rural Crash;Travel Lane;2;16;Urban (>70% Developed);Male;Passenger Car;0;#NULL!;0;0;White;No;0;16-19;Motorist Overtaking - Other / Unknown;None;No;No;Dry;0;Rural;No;06JUL2013;0;16:44;Male;No;Residential;B: Evident Injury;No;O: No Injury;1239;July;0;Straight - Level;Coastal;With Traffic;No Control Present;Saturday;Non-Intersection;16;0;Two-Way, Not Divided;2 lanes;0;#NULL!;SR 2772;Coarse Asphalt;#NULL!;No Special Feature;Motorist Overtaking Bicyclist;State Secondary Route;B: Evident Injury;New Hanover;26;Clear;#NULL!;16-20 mph;30 - 35  MPH;2013;Daylight;25-29