Geo Point;Geo Shape;BikeRace;City;BikePos;NumUnits;CrashHour;Locality;BikeSex;DrvrVehTyp;NumBikesNo;BikeAlcDrg;NumBikesBI;RteInvdCd;DrvrRace;Workzone;NumBikesCi;BikeAgeGrp;CrashType;RdDefects;CrashAlcoh;BikeAlcoho;RdConditio;DstncMiFrm;RuralUrban;HitRun;CrashDate;NumBikesUI;CrashTime;DrvrSex;DrvrAlcoho;Developmen;CrashSevr;AmbulanceR;DrvrInjury;OBJECTID;CrashMonth;NumBikesKi;RdCharacte;Region;BikeDir;TraffCntrl;CrashDay;CrashLoc;BikeAge;NumBikesTo;RdConfig;NumLanes;NumBikesAI;DrvrAlcDrg;OnRoad;RdSurface;Towrd_Rd;RdFeature;CrashGrp;RdClass;BikeInjury;County;DrvrAge;Weather;FrmRd;DrvrEstSpd;SpeedLimit;CrashYear;LightCond;DrvrAgeGrp
36.0344971232, -78.929302711;"{""type"": ""Point"", ""coordinates"": [-78.92930271098575, 36.034497123212404]}";White;Durham;Travel Lane;2;15;Urban (>70% Developed);Female;Sport Utility;0;#NULL!;0;0;Black;No;0;20-24;Motorist Overtaking - Other / Unknown;None;No;No;Water (Standing, Moving);0;Urban;No;30JUN2013;0;15:12;Male;No;Commercial;B: Evident Injury;Yes;O: No Injury;1210;June;0;Straight - Level;Piedmont;With Traffic;No Control Present;Sunday;Non-Intersection;22;0;Two-Way, Not Divided;5 lanes;0;#NULL!;GUESS RD;Smooth Asphalt;#NULL!;No Special Feature;Motorist Overtaking Bicyclist;Local Street;B: Evident Injury;Durham;20;Rain;#NULL!;36-40 mph;30 - 35  MPH;2013;Daylight;20-24
35.2904969563, -79.1417027349;"{""type"": ""Point"", ""coordinates"": [-79.14170273490762, 35.29049695634698]}";White;None - Rural Crash;Travel Lane;2;19;Rural (<30% Developed);Male;Passenger Car;0;#NULL!;0;0;White;No;0;6-10;Bicyclist Left Turn - Same Direction;None;No;No;Dry;0;Rural;No;06JUL2013;0;19:48;Female;No;Farms, Woods, Pastures;A: Disabling Injury;Yes;O: No Injury;1228;July;0;Straight - Level;Coastal;With Traffic;No Control Present;Saturday;Intersection-Related;9;0;Two-Way, Not Divided;2 lanes;0;#NULL!;NC 24;Smooth Asphalt;#NULL!;No Special Feature;Bicyclist Left Turn / Merge;NC Route;A: Disabling Injury;Harnett;24;Clear;#NULL!;51-55 mph;50 - 55  MPH;2013;Daylight;20-24
35.2194068805, -80.8359032388;"{""type"": ""Point"", ""coordinates"": [-80.83590323883895, 35.219406880518704]}";White;Charlotte;Sidewalk / Crosswalk / Driveway Crossing;2;19;Urban (>70% Developed);Male;Passenger Car;0;#NULL!;0;0;Black;No;0;40-49;Motorist Drive Out - Sign-Controlled Intersection;None;No;No;Dry;0;Urban;No;29MAY2013;0;19:11;Male;No;Commercial;B: Evident Injury;No;O: No Injury;1134;May;0;Straight - Level;Piedmont;Facing Traffic;No Control Present;Wednesday;Intersection-Related;41;0;Two-Way, Not Divided;1 lane;0;#NULL!;PVA 100 E 4TH ST;Concrete;#NULL!;No Special Feature;Motorist Failed to Yield - Sign-Controlled Intersection;Public Vehicular Area;B: Evident Injury;Mecklenburg;42;Clear;#NULL!;Unknown;5 - 15 MPH;2013;Daylight;40-49
36.0637770979, -79.8201029814;"{""type"": ""Point"", ""coordinates"": [-79.82010298142312, 36.06377709787354]}";White;Greensboro;Bike Lane / Paved Shoulder;2;21;Urban (>70% Developed);Male;Passenger Car;0;#NULL!;0;0;White;No;0;20-24;Motorist Drive Out - Commercial Driveway / Alley;None;No;No;Dry;0;Urban;No;29MAY2013;0;21:46;Female;No;Commercial;C: Possible Injury;Yes;O: No Injury;1132;May;0;Unknown;Piedmont;With Traffic;No Control Present;Wednesday;Non-Intersection;21;0;Two-Way, Divided, Unprotected Median;2 lanes;0;#NULL!;SPRING GARDEN ST;Smooth Asphalt;#NULL!;Driveway, Public;Motorist Failed to Yield - Midblock;Local Street;C: Possible Injury;Guilford;25;Clear;#NULL!;11-15 mph;30 - 35  MPH;2013;Dark - Lighted Roadway;25-29
35.552657085, -77.0554021151;"{""type"": ""Point"", ""coordinates"": [-77.05540211511108, 35.5526570849983]}";Black;Washington;Travel Lane;2;9;Urban (>70% Developed);Female;Passenger Car;0;#NULL!;0;0;White;No;0;30-39;Motorist Drive Out - Sign-Controlled Intersection;None;No;No;Dry;0;Urban;No;17MAY2013;0;9:27;Female;No;Residential;C: Possible Injury;Yes;O: No Injury;1144;May;0;Straight - Level;Coastal;Facing Traffic;Stop Sign;Friday;Intersection;35;0;Two-Way, Not Divided;2 lanes;0;#NULL!;BRIDGE ST;Coarse Asphalt;#NULL!;T-Intersection;Motorist Failed to Yield - Sign-Controlled Intersection;Local Street;C: Possible Injury;Beaufort;49;Clear;#NULL!;0-5 mph;30 - 35  MPH;2013;Daylight;40-49
34.7168968933, -77.3163021538;"{""type"": ""Point"", ""coordinates"": [-77.31630215378044, 34.71689689328059]}";White;None - Rural Crash;Travel Lane;2;19;Mixed (30% To 70% Developed);Male;Police;0;#NULL!;0;0;White;No;0;40-49;Bicyclist Overtaking - Other / Unknown;None;No;No;Dry;0;Rural;No;31MAY2013;0;19:49;Male;Missing;Residential;C: Possible Injury;No;O: No Injury;1146;May;0;Straight - Level;Coastal;With Traffic;No Control Present;Friday;Non-Intersection;45;0;Two-Way, Not Divided;2 lanes;0;#NULL!;SR 2307;Smooth Asphalt;#NULL!;No Special Feature;Bicyclist Overtaking Motorist;State Secondary Route;C: Possible Injury;Onslow;26;Clear;#NULL!;0-5 mph;30 - 35  MPH;2013;Dusk;25-29
35.9950071167, -78.9007026998;"{""type"": ""Point"", ""coordinates"": [-78.9007026997607, 35.99500711671079]}";White;Durham;Travel Lane;2;13;Urban (>70% Developed);Female;Sport Utility;0;#NULL!;0;0;Black;No;0;30-39;Motorist Left Turn - Opposite Direction;None;No;No;Wet;0;Urban;No;18MAY2013;0;13:15;Male;No;Commercial;C: Possible Injury;Yes;O: No Injury;1150;May;0;Straight - Level;Piedmont;With Traffic;Stop And Go Signal;Saturday;Intersection;36;0;Two-Way, Not Divided;2 lanes;0;#NULL!;W MAIN ST;Smooth Asphalt;#NULL!;Four-Way Intersection;Motorist Left Turn / Merge;Local Street;C: Possible Injury;Durham;21;Rain;#NULL!;11-15 mph;30 - 35  MPH;2013;Daylight;20-24
35.604327086, -77.3635022122;"{""type"": ""Point"", ""coordinates"": [-77.36350221220091, 35.60432708597507]}";Black;Greenville;Sidewalk / Crosswalk / Driveway Crossing;2;11;Urban (>70% Developed);Male;Passenger Car;0;#NULL!;0;0;White;No;0;16-19;Bicyclist Ride Out - Signalized  Intersection;None;No;No;Dry;0;Urban;No;16MAY2013;0;11:36;Male;No;Institutional;C: Possible Injury;Yes;O: No Injury;1125;May;0;Curve - Level;Coastal;Unknown;Stop And Go Signal;Thursday;Intersection-Related;19;0;One-Way, Not Divided;2 lanes;0;#NULL!;ORMOND ST;Smooth Asphalt;#NULL!;Related To Intersection;Bicyclist Failed to Yield - Signalized Intersection;State Secondary Route;C: Possible Injury;Pitt;20;Clear;#NULL!;6-10 mph;5 - 15 MPH;2013;Daylight;20-24
35.8889670958, -78.849202679;"{""type"": ""Point"", ""coordinates"": [-78.84920267896128, 35.8889670958457]}";White;Durham;Travel Lane;2;13;Mixed (30% To 70% Developed);Female;Passenger Car;0;#NULL!;0;0;Unknown/Missing;No;0;30-39;Motorist Overtaking - Other / Unknown;None;No;No;Dry;0;Urban;Yes;14MAY2013;0;13:00;Unknown;No;Commercial;O: No Injury;No;Unknown Injury;1097;May;0;Straight - Level;Piedmont;With Traffic;Stop And Go Signal;Tuesday;Intersection-Related;38;0;Two-Way, Divided, Unprotected Median;4 lanes;0;#NULL!;S MIAMI BLVD;Smooth Asphalt;#NULL!;No Special Feature;Motorist Overtaking Bicyclist;Local Street;O: No Injury;Durham;Unknown;Clear;#NULL!;41-45 mph;40 - 45  MPH;2013;Daylight;Unknown
35.1163369541, -78.1154024164;"{""type"": ""Point"", ""coordinates"": [-78.11540241643847, 35.1163369541224]}";Hispanic;None - Rural Crash;Driveway / Alley;2;16;Rural (<30% Developed);Male;Passenger Car;0;#NULL!;0;0;Black;No;0;16-19;Bicyclist Ride Out - Residential Driveway;None;No;No;Dry;0;Rural;No;12MAY2013;0;16:52;Male;No;Residential;B: Evident Injury;Yes;O: No Injury;1089;May;0;Straight - Level;Coastal;Not Applicable;Double Yellow Line, No Passing Zone;Sunday;Non-Intersection;18;0;Two-Way, Not Divided;2 lanes;0;#NULL!;NC 403;Coarse Asphalt;#NULL!;Driveway, Private;Bicyclist Failed to Yield - Midblock;NC Route;B: Evident Injury;Duplin;38;Clear;#NULL!;11-15 mph;50 - 55  MPH;2013;Daylight;30-39
35.7885870811, -78.6453026112;"{""type"": ""Point"", ""coordinates"": [-78.64530261118529, 35.7885870810868]}";White;Raleigh;Sidewalk / Crosswalk / Driveway Crossing;2;18;Urban (>70% Developed);Female;Passenger Car;0;#NULL!;0;0;Black;No;0;40-49;Motorist Left Turn - Opposite Direction;None;No;No;Dry;0;Urban;No;15MAY2013;0;18:37;Male;No;Commercial;B: Evident Injury;Yes;O: No Injury;1110;May;0;Straight - Level;Piedmont;With Traffic;Stop And Go Signal;Wednesday;Intersection;44;0;Two-Way, Not Divided;2 lanes;0;#NULL!;WEST ST;Coarse Asphalt;#NULL!;No Special Feature;Motorist Left Turn / Merge;Local Street;B: Evident Injury;Wake;25;Clear;#NULL!;0-5 mph;30 - 35  MPH;2013;Daylight;25-29
35.7784870792, -78.6392026092;"{""type"": ""Point"", ""coordinates"": [-78.63920260920703, 35.77848707923535]}";White;Raleigh;Travel Lane;2;14;Urban (>70% Developed);Male;Passenger Car;0;#NULL!;0;0;White;No;0;25-29;Bicyclist Overtaking - Extended Door;None;No;No;Dry;0;Urban;No;28MAY2013;0;14:27;Male;Missing;Commercial;C: Possible Injury;Yes;O: No Injury;1130;May;0;Straight - Level;Piedmont;With Traffic;No Control Present;Tuesday;Intersection-Related;25;0;Two-Way, Not Divided;2 lanes;0;#NULL!;FAYETTEVILLE ST;Concrete;#NULL!;No Special Feature;Bicyclist Overtaking Motorist;Local Street;C: Possible Injury;Wake;42;Clear;#NULL!;0-5 mph;20 - 25  MPH;2013;Daylight;40-49
35.8288270887, -78.6876026263;"{""type"": ""Point"", ""coordinates"": [-78.68760262631604, 35.828827088670884]}";Other;Raleigh;Travel Lane;2;16;Urban (>70% Developed);Male;Pickup;0;#NULL!;0;0;White;No;0;50-59;Motorist Left Turn - Same Direction;None;No;No;Dry;0;Urban;No;26MAY2013;0;16:17;Male;No;Residential;B: Evident Injury;Yes;O: No Injury;1128;May;0;Straight - Grade;Piedmont;Facing Traffic;No Control Present;Sunday;Non-Intersection;58;0;Two-Way, Not Divided;2 lanes;0;#NULL!;EDEN CROFT DR;Coarse Asphalt;#NULL!;No Special Feature;Motorist Left Turn / Merge;Local Street;B: Evident Injury;Wake;17;Clear;#NULL!;0-5 mph;30 - 35  MPH;2013;Daylight;0-19
35.8289970899, -78.648502614;"{""type"": ""Point"", ""coordinates"": [-78.6485026139812, 35.82899708986952]}";White;Raleigh;Travel Lane;2;18;Urban (>70% Developed);Male;Passenger Car;0;#NULL!;0;0;White;No;0;50-59;Motorist Left Turn - Opposite Direction;None;No;No;Dry;0;Urban;No;02MAY2013;0;18:47;Male;No;Residential;K: Killed;Yes;O: No Injury;1103;May;0;Straight - Grade;Piedmont;With Traffic;No Control Present;Thursday;Intersection;58;0;Two-Way, Not Divided;3 lanes;0;#NULL!;LASSITER MILL RD;Smooth Asphalt;#NULL!;Four-Way Intersection;Motorist Left Turn / Merge;Local Street;K: Killed;Wake;70+;Cloudy;#NULL!;0-5 mph;30 - 35  MPH;2013;Daylight;70+
35.8423870944, -78.5941025981;"{""type"": ""Point"", ""coordinates"": [-78.5941025980934, 35.842387094403456]}";Black;Raleigh;Non-Roadway;2;19;Urban (>70% Developed);Male;Sport Utility;0;#NULL!;0;0;Black;No;0;6-10;Non-Roadway;None;No;No;Dry;0;Urban;No;23APR2013;0;19:06;Female;No;Residential;C: Possible Injury;No;O: No Injury;1102;April;0;Straight - Level;Piedmont;Not Applicable;No Control Present;Tuesday;Non-Roadway;7;0;Two-Way, Not Divided;2 lanes;0;#NULL!;PARKVILLE DR;Coarse Asphalt;#NULL!;No Special Feature;Non-Roadway;Local Street;C: Possible Injury;Wake;48;Clear;#NULL!;21-25 mph;30 - 35  MPH;2013;Daylight;40-49
35.3322769043, -80.8527032503;"{""type"": ""Point"", ""coordinates"": [-80.8527032503491, 35.33227690431449]}";White;Charlotte;Travel Lane;2;18;Urban (>70% Developed);Female;Unknown;0;#NULL!;0;0;Unknown/Missing;No;0;20-24;Motorist Overtaking - Other / Unknown;None;No;No;Dry;0;Urban;Yes;13JUL2013;0;18:19;Unknown;Missing;Industrial;B: Evident Injury;No;Unknown Injury;1256;July;0;Straight - Hillcrest;Piedmont;With Traffic;No Control Present;Saturday;Intersection-Related;22;0;Two-Way, Divided, Unprotected Median;2 lanes;0;#NULL!;5135 LAKEVIEW ROAD;Smooth Asphalt;#NULL!;No Special Feature;Motorist Overtaking Bicyclist;NC Route;B: Evident Injury;Mecklenburg;Unknown;Cloudy;#NULL!;21-25 mph;40 - 45  MPH;2013;Daylight;Unknown
35.9334970619, -80.0351030386;"{""type"": ""Point"", ""coordinates"": [-80.03510303863462, 35.93349706193464]}";White;High Point;Sidewalk / Crosswalk / Driveway Crossing;2;14;Urban (>70% Developed);Female;Passenger Car;0;#NULL!;0;0;White;No;0;20-24;Motorist Drive Out - Commercial Driveway / Alley;None;No;No;Dry;0;Urban;No;25JUN2013;0;14:13;Male;No;Commercial;C: Possible Injury;Yes;O: No Injury;1260;June;0;Straight - Level;Piedmont;Facing Traffic;No Control Present;Tuesday;Non-Intersection;24;0;Two-Way, Not Divided;5 lanes;0;#NULL!;WESTCHESTER DR;Coarse Asphalt;#NULL!;Driveway, Public;Motorist Failed to Yield - Midblock;NC Route;C: Possible Injury;Guilford;62;Clear;#NULL!;0-5 mph;40 - 45  MPH;2013;Daylight;60-69
36.0642170998, -79.7648029646;"{""type"": ""Point"", ""coordinates"": [-79.76480296456926, 36.06421709984514]}";Black;Greensboro;Sidewalk / Crosswalk / Driveway Crossing;2;18;Urban (>70% Developed);Female;Passenger Car;0;#NULL!;0;0;Unknown/Missing;No;0;6-10;Backing Vehicle;None;No;No;Dry;0;Urban;Yes;01JUL2013;0;18:46;Unknown;Missing;Residential;C: Possible Injury;Yes;Unknown Injury;1258;July;0;Straight - Level;Piedmont;Facing Traffic;No Control Present;Monday;Non-Intersection;9;0;Unknown;1 lane;0;#NULL!;PVA LINCOLN ST;Concrete;#NULL!;Driveway, Private;Backing Vehicle;Private Road, Driveway;C: Possible Injury;Guilford;Unknown;Clear;#NULL!;0-5 mph;5 - 15 MPH;2013;Daylight;Unknown
36.0118571165, -78.9954027292;"{""type"": ""Point"", ""coordinates"": [-78.99540272915229, 36.01185711648188]}";Other;None - Rural Crash;Travel Lane;2;19;Rural (<30% Developed);Male;Sport Utility;0;#NULL!;0;0;Black;No;0;50-59;Motorist Overtaking - Undetected Bicyclist;None;No;No;Dry;0;Rural;No;16JUL2013;0;19:37;Male;No;Farms, Woods, Pastures;B: Evident Injury;Yes;O: No Injury;1261;July;0;Straight - Grade;Piedmont;With Traffic;Double Yellow Line, No Passing Zone;Tuesday;Non-Intersection;53;0;Two-Way, Not Divided;2 lanes;0;#NULL!;SR 1841;Smooth Asphalt;#NULL!;No Special Feature;Motorist Overtaking Bicyclist;State Secondary Route;B: Evident Injury;Orange;46;Clear;#NULL!;41-45 mph;40 - 45  MPH;2013;Daylight;40-49
35.7989570833, -78.6461026124;"{""type"": ""Point"", ""coordinates"": [-78.64610261242815, 35.79895708332009]}";White;Raleigh;Travel Lane;2;17;Urban (>70% Developed);Male;Sport Utility;0;#NULL!;0;0;Unknown/Missing;No;0;25-29;Motorist Right Turn - Same Direction;None;No;No;Dry;0;Urban;Yes;17JUL2013;0;17:36;Unknown;Missing;Residential;C: Possible Injury;No;Unknown Injury;1268;July;0;Straight - Hillcrest;Piedmont;With Traffic;Stop And Go Signal;Wednesday;Non-Intersection;28;0;Two-Way, Divided, Unprotected Median;4 lanes;0;#NULL!;GLENWOOD AVE;Smooth Asphalt;#NULL!;No Special Feature;Motorist Right Turn / Merge;Local Street;C: Possible Injury;Wake;Unknown;Clear;#NULL!;21-25 mph;30 - 35  MPH;2013;Daylight;Unknown
35.7609770752, -78.6614026148;"{""type"": ""Point"", ""coordinates"": [-78.6614026148342, 35.760977075220794]}";Other;Raleigh;Travel Lane;2;10;Urban (>70% Developed);Male;Van;0;#NULL!;0;0;White;No;0;16-19;Bicyclist Left Turn - Opposite Direction;None;No;No;Dry;0;Urban;No;22JUL2013;0;10:10;Female;No;Commercial;C: Possible Injury;Yes;O: No Injury;1277;July;0;Straight - Level;Piedmont;With Traffic;Stop And Go Signal;Monday;Intersection;19;0;Two-Way, Divided, Unprotected Median;6 lanes;0;#NULL!;LAKE WHEELER RD;Smooth Asphalt;#NULL!;Four-Way Intersection;Bicyclist Left Turn / Merge;Local Street;C: Possible Injury;Wake;70+;Cloudy;#NULL!;16-20 mph;40 - 45  MPH;2013;Daylight;70+
35.226906872, -81.1109033216;"{""type"": ""Point"", ""coordinates"": [-81.11090332157964, 35.22690687198409]}";White;Gastonia;Travel Lane;2;8;Urban (>70% Developed);Male;Passenger Car;0;#NULL!;0;0;Black;No;0;50-59;Motorist Left Turn - Opposite Direction;None;No;No;Wet;0;Urban;No;30JUN2013;0;8:26;Female;No;Commercial;B: Evident Injury;No;O: No Injury;1266;June;0;Straight - Level;Piedmont;With Traffic;Stop And Go Signal;Sunday;Intersection;55;0;Two-Way, Not Divided;2 lanes;0;#NULL!;S NEW HOPE RD;Smooth Asphalt;#NULL!;Driveway, Public;Motorist Left Turn / Merge;NC Route;B: Evident Injury;Gaston;42;Cloudy;#NULL!;21-25 mph;40 - 45  MPH;2013;Daylight;40-49
34.714276824, -79.3727027755;"{""type"": ""Point"", ""coordinates"": [-79.3727027755244, 34.71427682400325]}";Black;None - Rural Crash;Travel Lane;2;14;Rural (<30% Developed);Female;Passenger Car;0;#NULL!;0;0;Native American;No;0;6-10;Bicyclist Ride Out - Residential Driveway;None;No;No;Dry;0;Rural;No;10AUG2013;0;14:19;Male;No;Residential;A: Disabling Injury;Yes;O: No Injury;1338;August;0;Straight - Grade;Coastal;Facing Traffic;Double Yellow Line, No Passing Zone;Saturday;Non-Intersection;8;0;Two-Way, Not Divided;2 lanes;0;#NULL!;SR 1108;Coarse Asphalt;#NULL!;Driveway, Private;Bicyclist Failed to Yield - Midblock;State Secondary Route;A: Disabling Injury;Robeson;18;Clear;#NULL!;36-40 mph;50 - 55  MPH;2013;Daylight;0-19
35.676686994, -80.4088031363;"{""type"": ""Point"", ""coordinates"": [-80.40880313634739, 35.67668699404996]}";White;None - Rural Crash;Travel Lane;3;14;Rural (<30% Developed);Male;Pickup;0;#NULL!;0;0;White;No;0;40-49;Bicyclist Left Turn - Opposite Direction;None;No;No;Dry;0;Rural;No;03AUG2013;0;14:08;Male;No;Farms, Woods, Pastures;A: Disabling Injury;Yes;O: No Injury;1315;August;0;Straight - Grade;Piedmont;Facing Traffic;No Control Present;Saturday;Non-Intersection;47;0;Two-Way, Not Divided;2 lanes;0;#NULL!;SR 1915;Smooth Asphalt;#NULL!;No Special Feature;Bicyclist Left Turn / Merge;State Secondary Route;A: Disabling Injury;Rowan;47;Clear;#NULL!;41-45 mph;40 - 45  MPH;2013;Daylight;40-49
34.3262667614, -78.707702556;"{""type"": ""Point"", ""coordinates"": [-78.70770255597692, 34.32626676141034]}";Black;Whiteville;Non-Roadway;2;18;Urban (>70% Developed);Male;Sport Utility;0;#NULL!;0;0;Black;No;0;50-59;Bicyclist Ride Out - Midblock - Unknown;None;No;No;Dry;0;Urban;No;05AUG2013;0;18:36;Male;No;Commercial;B: Evident Injury;Yes;O: No Injury;1318;August;0;Straight - Level;Coastal;Not Applicable;No Control Present;Monday;Non-Intersection;56;0;Two-Way, Not Divided;1 lane;0;#NULL!;W COLUMBUS ST;Coarse Asphalt;#NULL!;No Special Feature;Bicyclist Failed to Yield - Midblock;Local Street;B: Evident Injury;Columbus;42;Clear;#NULL!;21-25 mph;30 - 35  MPH;2013;Daylight;40-49
35.4536369384, -80.631403191;"{""type"": ""Point"", ""coordinates"": [-80.63140319102011, 35.453636938407705]}";Black;Kannapolis;Travel Lane;2;17;Urban (>70% Developed);Male;Passenger Car;0;#NULL!;0;0;White;No;0;11-15;Bicyclist Ride Through - Sign-Controlled Intersection;None;No;No;Dry;0;Urban;No;28JUL2013;0;17:33;Female;No;Residential;C: Possible Injury;Yes;O: No Injury;1365;July;0;Straight - Hillcrest;Piedmont;Unknown;Stop Sign;Sunday;Intersection;14;0;Two-Way, Divided, Unprotected Median;2 lanes;0;#NULL!;FISHER ST;Smooth Asphalt;#NULL!;T-Intersection;Bicyclist Failed to Yield - Sign-Controlled Intersection;Local Street;C: Possible Injury;Cabarrus;65;Clear;#NULL!;6-10 mph;30 - 35  MPH;2013;Daylight;60-69
34.8125668523, -79.1775027214;"{""type"": ""Point"", ""coordinates"": [-79.17750272137361, 34.81256685232919]}";Black;Red Springs;Travel Lane;2;12;Mixed (30% To 70% Developed);Male;Pickup;0;#NULL!;0;0;Native American;No;0;30-39;Motorist Drive Out - Sign-Controlled Intersection;None;No;No;Dry;0;Rural;No;27JUL2013;0;12:15;Male;No;Residential;C: Possible Injury;Yes;O: No Injury;1340;July;0;Straight - Level;Coastal;With Traffic;Stop Sign;Saturday;Intersection;36;0;Two-Way, Not Divided;2 lanes;0;#NULL!;PEACHTREE ST;Smooth Asphalt;#NULL!;T-Intersection;Motorist Failed to Yield - Sign-Controlled Intersection;Local Street;C: Possible Injury;Robeson;18;Clear;#NULL!;0-5 mph;20 - 25  MPH;2013;Daylight;0-19
35.0851068505, -80.8868032474;"{""type"": ""Point"", ""coordinates"": [-80.88680324743741, 35.08510685046969]}";White;Pineville;Unknown;2;15;Urban (>70% Developed);Female;Sport Utility;0;#NULL!;0;0;White;No;0;40-49;Motorist Turning Error - Right Turn;None;No;No;Dry;0;Rural;No;17JUL2013;0;15:28;Male;No;Commercial;O: No Injury;No;O: No Injury;1355;July;0;Straight - Level;Piedmont;With Traffic;Stop And Go Signal;Wednesday;Intersection;43;0;Two-Way, Divided, Unprotected Median;2 lanes;0;#NULL!;S POLK ST;Smooth Asphalt;#NULL!;No Special Feature;Loss of Control / Turning Error;Local Street;O: No Injury;Mecklenburg;16;Cloudy;#NULL!;6-10 mph;30 - 35  MPH;2013;Daylight;0-19
35.5843370323, -78.8009026476;"{""type"": ""Point"", ""coordinates"": [-78.80090264759151, 35.58433703232489]}";White;Fuquay-Varina;Travel Lane;2;19;Urban (>70% Developed);Female;Van;0;#NULL!;0;0;Native American;No;0;30-39;Motorist Right Turn - Same Direction;None;No;No;Dry;0;Urban;No;25JUL2013;0;19:44;Female;No;Commercial;A: Disabling Injury;No;O: No Injury;1345;July;0;Straight - Level;Piedmont;With Traffic;No Control Present;Thursday;Intersection;38;0;Two-Way, Not Divided;2 lanes;0;#NULL!;NC 42;Smooth Asphalt;#NULL!;No Special Feature;Motorist Right Turn / Merge;NC Route;A: Disabling Injury;Wake;68;Clear;#NULL!;21-25 mph;20 - 25  MPH;2013;Daylight;60-69
35.7429370128, -80.2843031031;"{""type"": ""Point"", ""coordinates"": [-80.28430310308906, 35.742937012833494]}";White;None - Rural Crash;Travel Lane;2;16;Rural (<30% Developed);Male;Passenger Car;0;#NULL!;0;0;White;No;0;11-15;Bicyclist Left Turn - Same Direction;None;No;No;Dry;0;Rural;No;25AUG2013;0;16:40;Male;No;Residential;B: Evident Injury;No;O: No Injury;1391;August;0;Straight - Level;Piedmont;With Traffic;No Control Present;Sunday;Non-Intersection;14;0;Two-Way, Not Divided;2 lanes;0;#NULL!;SR 1319;Smooth Asphalt;#NULL!;Driveway, Private;Bicyclist Left Turn / Merge;State Secondary Route;B: Evident Injury;Davidson;22;Clear;#NULL!;41-45 mph;50 - 55  MPH;2013;Daylight;20-24
35.7598870723, -78.7284026347;"{""type"": ""Point"", ""coordinates"": [-78.72840263472938, 35.75988707230968]}";Black;Raleigh;Travel Lane;2;6;Urban (>70% Developed);Male;Passenger Car;0;#NULL!;0;0;Black;No;0;50-59;Motorist Left Turn - Opposite Direction;None;No;No;Dry;0;Urban;No;24AUG2013;0;6:39;Male;No;Residential;B: Evident Injury;Yes;O: No Injury;1386;August;0;Straight - Level;Piedmont;With Traffic;No Control Present;Saturday;Intersection;50;0;Two-Way, Not Divided;4 lanes;0;#NULL!;WAYNE ST;Smooth Asphalt;#NULL!;T-Intersection;Motorist Left Turn / Merge;Local Street;B: Evident Injury;Wake;42;Clear;#NULL!;0-5 mph;30 - 35  MPH;2013;Dark - Lighted Roadway;40-49
35.7216870924, -77.9174023869;"{""type"": ""Point"", ""coordinates"": [-77.91740238690714, 35.721687092396394]}";Black;Wilson;Travel Lane;2;19;Urban (>70% Developed);Male;Van;0;#NULL!;0;0;Black;No;0;25-29;Sign-Controlled Intersection - Other / Unknown;None;No;No;Dry;0;Urban;No;03AUG2013;0;19:26;Male;No;Commercial;C: Possible Injury;Yes;O: No Injury;1388;August;0;Straight - Level;Coastal;With Traffic;Stop Sign;Saturday;Intersection;28;0;Two-Way, Not Divided;2 lanes;0;#NULL!;500 MERCER ST;Coarse Asphalt;#NULL!;T-Intersection;Crossing Paths - Other Circumstances;Local Street;C: Possible Injury;Wilson;63;Cloudy;#NULL!;6-10 mph;30 - 35  MPH;2013;Daylight;60-69
35.9909771159, -78.8927026966;"{""type"": ""Point"", ""coordinates"": [-78.89270269661888, 35.99097711591842]}";Black;Durham;Non-Roadway;2;16;Urban (>70% Developed);Male;Passenger Car;0;#NULL!;0;0;Unknown/Missing;No;0;0-5;Non-Roadway;None;No;No;Unknown;0;Urban;Yes;21AUG2013;0;16:30;Unknown;Missing;Residential;O: No Injury;No;Unknown Injury;1383;August;0;Straight - Grade;Piedmont;Not Applicable;No Control Present;Wednesday;Non-Roadway;2;0;Two-Way, Not Divided;Unknown;0;#NULL!;PVA 621 E MAIN ST;Smooth Asphalt;#NULL!;No Special Feature;Non-Roadway;Public Vehicular Area;O: No Injury;Durham;Unknown;Other;#NULL!;0-5 mph;20 - 25  MPH;2013;Daylight;Unknown
36.0506771281, -78.9103027059;"{""type"": ""Point"", ""coordinates"": [-78.91030270585847, 36.05067712814385]}";Black;Durham;Non-Roadway;2;11;Urban (>70% Developed);Male;Passenger Car;0;#NULL!;0;0;Hispanic;No;0;6-10;Non-Roadway;None;No;No;Dry;0;Urban;No;25AUG2013;0;11:54;Female;No;Residential;B: Evident Injury;No;O: No Injury;1390;August;0;Straight - Level;Piedmont;Not Applicable;No Control Present;Sunday;Non-Roadway;9;0;Two-Way, Not Divided;Unknown;0;#NULL!;PVA CHALK LEVEL RD;Coarse Asphalt;#NULL!;No Special Feature;Non-Roadway;Public Vehicular Area;B: Evident Injury;Durham;52;Clear;#NULL!;0-5 mph;5 - 15 MPH;2013;Daylight;50-59
36.0646770985, -79.7929029732;"{""type"": ""Point"", ""coordinates"": [-79.79290297321421, 36.064677098538]}";Black;Greensboro;Sidewalk / Crosswalk / Driveway Crossing;2;11;Urban (>70% Developed);Male;Sport Utility;0;#NULL!;0;0;White;No;0;30-39;Motorist Drive Out - Right Turn on Red;None;No;No;Dry;0;Urban;No;31AUG2013;0;11:11;Female;No;Commercial;C: Possible Injury;Yes;O: No Injury;1399;August;0;Straight - Level;Piedmont;Facing Traffic;Stop And Go Signal;Saturday;Intersection;37;0;Two-Way, Divided, Unprotected Median;5 lanes;0;#NULL!;S EUGENE ST;Smooth Asphalt;#NULL!;No Special Feature;Motorist Failed to Yield - Signalized Intersection;Local Street;C: Possible Injury;Guilford;54;Clear;#NULL!;0-5 mph;30 - 35  MPH;2013;Daylight;50-59