Geo Point;Geo Shape;BikeRace;City;BikePos;NumUnits;CrashHour;Locality;BikeSex;DrvrVehTyp;NumBikesNo;BikeAlcDrg;NumBikesBI;RteInvdCd;DrvrRace;Workzone;NumBikesCi;BikeAgeGrp;CrashType;RdDefects;CrashAlcoh;BikeAlcoho;RdConditio;DstncMiFrm;RuralUrban;HitRun;CrashDate;NumBikesUI;CrashTime;DrvrSex;DrvrAlcoho;Developmen;CrashSevr;AmbulanceR;DrvrInjury;OBJECTID;CrashMonth;NumBikesKi;RdCharacte;Region;BikeDir;TraffCntrl;CrashDay;CrashLoc;BikeAge;NumBikesTo;RdConfig;NumLanes;NumBikesAI;DrvrAlcDrg;OnRoad;RdSurface;Towrd_Rd;RdFeature;CrashGrp;RdClass;BikeInjury;County;DrvrAge;Weather;FrmRd;DrvrEstSpd;SpeedLimit;CrashYear;LightCond;DrvrAgeGrp
36.0201971199, -78.9486027154;"{""type"": ""Point"", ""coordinates"": [-78.94860271536271, 36.02019711993635]}";White;Durham;Sidewalk / Crosswalk / Driveway Crossing;2;12;Urban (>70% Developed);Male;Passenger Car;0;#NULL!;0;0;Black;No;0;50-59;Motorist Drive Out - Signalized Intersection;None;No;No;Dry;0;Urban;No;05SEP2013;0;12:07;Female;No;Commercial;C: Possible Injury;Yes;O: No Injury;1421;September;0;Straight - Grade;Piedmont;Facing Traffic;Stop And Go Signal;Thursday;Intersection;58;0;Two-Way, Not Divided;2 lanes;0;#NULL!;HILLSBOROUGH RD;Grooved Concrete;#NULL!;On or Off Ramp;Motorist Failed to Yield - Signalized Intersection;Local Street;C: Possible Injury;Durham;62;Clear;#NULL!;0-5 mph;30 - 35  MPH;2013;Daylight;60-69
36.0657070979, -79.8111029782;"{""type"": ""Point"", ""coordinates"": [-79.81110297822585, 36.065707097878125]}";White;Greensboro;Bike Lane / Paved Shoulder;2;11;Urban (>70% Developed);Male;Passenger Car;0;#NULL!;0;0;White;No;0;30-39;Motorist Right Turn - Same Direction;None;No;No;Dry;0;Urban;No;05SEP2013;0;11:01;Male;No;Institutional;B: Evident Injury;Yes;O: No Injury;1416;September;0;Straight - Level;Piedmont;With Traffic;No Control Present;Thursday;Non-Intersection;33;0;Two-Way, Divided, Positive Median Barrier;3 lanes;0;#NULL!;SPRING GARDEN ST;Smooth Asphalt;#NULL!;Other;Motorist Right Turn / Merge;Local Street;B: Evident Injury;Guilford;22;Clear;#NULL!;0-5 mph;20 - 25  MPH;2013;Daylight;20-24
34.6631168899, -77.0420020678;"{""type"": ""Point"", ""coordinates"": [-77.04200206779781, 34.66311688991273]}";Black;Emerald Isle;Multi-use Path;2;10;Urban (>70% Developed);Female;Passenger Car;0;#NULL!;0;0;White;No;0;50-59;Crossing Paths - Uncontrolled Intersection;None;No;No;Dry;0;Rural;No;10AUG2013;0;10:07;Female;No;Commercial;B: Evident Injury;No;O: No Injury;1425;August;0;Straight - Level;Coastal;With Traffic;No Control Present;Saturday;Intersection-Related;56;0;Two-Way, Not Divided;2 lanes;0;#NULL!;MANGROVE BLVD;Coarse Asphalt;#NULL!;No Special Feature;Crossing Paths - Other Circumstances;Local Street;B: Evident Injury;Carteret;44;Clear;#NULL!;0-5 mph;20 - 25  MPH;2013;Daylight;40-49
35.9420541445, -77.7743623551;"{""type"": ""Point"", ""coordinates"": [-77.77436235507487, 35.942054144464976]}";Black;Rocky Mount;Travel Lane;2;18;Rural (<30% Developed);Female;Passenger Car;0;#NULL!;0;0;Black;No;0;11-15;Motorist Drive Out - Sign-Controlled Intersection;None;No;No;Dry;0;Urban;No;12MAY2009;0;18:35;Female;No;Residential;B: Evident Injury;Yes;O: No Injury;4928;May;0;Straight - Level;Coastal;With Traffic;No Control Present;Tuesday;Intersection;11;0;Two-Way, Not Divided;2 lanes;0;#NULL!;#NULL!;Smooth Asphalt;#NULL!;No Special Feature;Motorist Failed to Yield - Sign-Controlled Intersection;Local Street;B: Evident Injury;Edgecombe;39;Clear;#NULL!;11-15 mph;20 - 25  MPH;2009;Daylight;30-39
35.6600719884, -80.4617031514;"{""type"": ""Point"", ""coordinates"": [-80.4617031513779, 35.66007198840806]}";White;Salisbury;Sidewalk / Crosswalk / Driveway Crossing;2;12;Urban (>70% Developed);Male;Pickup;0;#NULL!;0;0;White;No;0;16-19;Motorist Drive Through - Signalized Intersection;None;No;No;Dry;0;Urban;No;30JUN2009;0;12:20;Male;No;Commercial;C: Possible Injury;No;C: Possible Injury;4929;June;0;Straight - Level;Piedmont;With Traffic;Stop And Go Signal;Tuesday;Intersection;17;0;Two-Way, Not Divided;3 lanes;0;#NULL!;#NULL!;Coarse Asphalt;#NULL!;Four-Way Intersection;Motorist Failed to Yield - Signalized Intersection;Local Street;O: No Injury;Rowan;57;Clear;#NULL!;16-20 mph;30 - 35  MPH;2009;Daylight;50-59
35.3179809784, -78.6802025968;"{""type"": ""Point"", ""coordinates"": [-78.68020259676003, 35.317980978351756]}";White;Erwin;Travel Lane;2;16;Urban (>70% Developed);Male;Van;0;#NULL!;0;0;White;No;0;16-19;Motorist Overtaking - Undetected Bicyclist;None;No;No;Dry;0;Rural;No;23JUN2009;0;16:00;Male;No;Residential;O: No Injury;No;O: No Injury;4937;June;0;Unknown;Coastal;With Traffic;No Control Present;Tuesday;Intersection;16;0;Unknown;Unknown;0;#NULL!;#NULL!;Unknown;#NULL!;No Special Feature;Motorist Overtaking Bicyclist;.;O: No Injury;Harnett;29;Clear;#NULL!;31-35 mph;30 - 35  MPH;2009;Daylight;25-29
35.9976650755, -80.0282530403;"{""type"": ""Point"", ""coordinates"": [-80.02825304028939, 35.99766507554155]}";Black;High Point;Travel Lane;2;23;Urban (>70% Developed);Male;Passenger Car;0;#NULL!;0;0;White;No;0;16-19;Motorist Turn / Merge - Other / Unknown;None;No;No;Dry;0;Urban;No;25JUN2009;0;23:07;Female;No;Residential;C: Possible Injury;Yes;O: No Injury;4940;June;0;Straight - Level;Piedmont;With Traffic;Stop Sign;Thursday;Intersection;16;0;Two-Way, Not Divided;4 lanes;0;#NULL!;#NULL!;Coarse Asphalt;#NULL!;T-Intersection;Parallel Paths - Other Circumstances;Local Street;C: Possible Injury;Guilford;55;Clear;#NULL!;0-5 mph;30 - 35  MPH;2009;Dark - Lighted Roadway;50-59
34.9744218388, -80.5574231434;"{""type"": ""Point"", ""coordinates"": [-80.55742314336159, 34.97442183875528]}";Black;Monroe;Non-Roadway;2;18;Urban (>70% Developed);Male;Pickup;0;#NULL!;0;0;White;No;0;6-10;Bicyclist Ride Out - Other Midblock;None;No;No;Dry;0;Urban;No;28JUN2009;0;18:58;Male;No;Residential;C: Possible Injury;No;O: No Injury;4946;June;0;Straight - Level;Piedmont;Not Applicable;No Control Present;Sunday;Non-Intersection;10;0;Two-Way, Not Divided;2 lanes;0;#NULL!;#NULL!;Coarse Asphalt;#NULL!;No Special Feature;Bicyclist Failed to Yield - Midblock;Local Street;C: Possible Injury;Union;34;Clear;#NULL!;11-15 mph;20 - 25  MPH;2009;Daylight;30-39
34.2800587802, -77.8123022833;"{""type"": ""Point"", ""coordinates"": [-77.81230228326648, 34.28005878017381]}";White;None - Rural Crash;Travel Lane;2;22;Urban (>70% Developed);Male;Police;0;#NULL!;0;0;White;No;0;11-15;Signalized Intersection - Other / Unknown;None;No;No;Dry;0;Rural;No;30JUN2009;0;22:58;Male;No;Residential;C: Possible Injury;No;O: No Injury;4959;June;0;Straight - Level;Coastal;With Traffic;Stop And Go Signal;Tuesday;Intersection;15;0;Two-Way, Not Divided;6 lanes;0;#NULL!;#NULL!;Smooth Asphalt;#NULL!;Four-Way Intersection;Crossing Paths - Other Circumstances;US Route;C: Possible Injury;New Hanover;36;Clear;#NULL!;41-45 mph;40 - 45  MPH;2009;Dark - Roadway Not Lighted;30-39
35.756027068, -78.8138376602;"{""type"": ""Point"", ""coordinates"": [-78.81383766019636, 35.756027068031116]}";White;Cary;Sidewalk / Crosswalk / Driveway Crossing;2;12;Urban (>70% Developed);Female;Sport Utility;0;#NULL!;0;0;Hispanic;No;0;50-59;Motorist Drive Out - Sign-Controlled Intersection;None;No;No;Dry;0;Urban;No;03MAY2009;0;12:23;Male;No;Residential;B: Evident Injury;Yes;O: No Injury;4962;May;0;Straight - Level;Piedmont;Facing Traffic;Stop Sign;Sunday;Intersection;50;0;Two-Way, Divided, Unprotected Median;4 lanes;0;#NULL!;#NULL!;Smooth Asphalt;#NULL!;T-Intersection;Motorist Failed to Yield - Sign-Controlled Intersection;State Secondary Route;B: Evident Injury;Wake;33;Clear;#NULL!;0-5 mph;5 - 15 MPH;2009;Daylight;30-39
35.7896770807, -78.6764786212;"{""type"": ""Point"", ""coordinates"": [-78.6764786212482, 35.789677080741896]}";White;Raleigh;Travel Lane;2;14;Urban (>70% Developed);Male;Passenger Car;0;#NULL!;0;0;White;No;0;16-19;Backing Vehicle;None;No;No;Dry;0;Urban;No;25JUN2009;0;14:27;Female;No;Commercial;O: No Injury;No;O: No Injury;4964;June;0;Straight - Level;Piedmont;Facing Traffic;No Control Present;Thursday;Non-Intersection;16;0;Two-Way, Not Divided;4 lanes;0;#NULL!;#NULL!;Smooth Asphalt;#NULL!;No Special Feature;Backing Vehicle;Local Street;O: No Injury;Wake;19;Clear;#NULL!;6-10 mph;30 - 35  MPH;2009;Daylight;0-19
35.2608098589, -81.6676334887;"{""type"": ""Point"", ""coordinates"": [-81.66763348872148, 35.26080985891601]}";White;Boiling Springs;Sidewalk / Crosswalk / Driveway Crossing;2;21;Mixed (30% To 70% Developed);Male;Van;0;#NULL!;0;0;White;No;0;11-15;Crossing Paths - Intersection - Other / Unknown;None;No;No;Dry;0;Rural;No;27AUG2009;0;21:20;Female;No;Residential;O: No Injury;No;O: No Injury;5130;August;0;Straight - Level;Mountains;Facing Traffic;No Control Present;Thursday;Intersection;14;0;Two-Way, Not Divided;Unknown;0;#NULL!;#NULL!;Smooth Asphalt;#NULL!;No Special Feature;Crossing Paths - Other Circumstances;Local Street;Unknown Injury;Cleveland;21;Cloudy;#NULL!;Unknown;Unknown;2009;Dark - Roadway Not Lighted;20-24
35.0101538375, -80.7943732155;"{""type"": ""Point"", ""coordinates"": [-80.79437321549723, 35.01015383746418]}";White;Weddington;Travel Lane;2;20;Mixed (30% To 70% Developed);Female;Passenger Car;0;#NULL!;0;0;White;No;0;11-15;Bicyclist Left Turn - Same Direction;None;No;No;Dry;0;Urban;No;06SEP2009;0;20:29;Male;No;Residential;C: Possible Injury;Yes;O: No Injury;5134;September;0;Straight - Level;Piedmont;With Traffic;No Control Present;Sunday;Intersection;13;0;Two-Way, Not Divided;2 lanes;0;#NULL!;#NULL!;Smooth Asphalt;#NULL!;T-Intersection;Bicyclist Left Turn / Merge;State Secondary Route;C: Possible Injury;Union;62;Clear;#NULL!;16-20 mph;20 - 25  MPH;2009;Dark - Roadway Not Lighted;60-69
35.737285062, -78.8798776797;"{""type"": ""Point"", ""coordinates"": [-78.87987767970296, 35.73728506196765]}";White;Apex;Sidewalk / Crosswalk / Driveway Crossing;2;15;Urban (>70% Developed);Male;Sport Utility;0;#NULL!;0;0;White;No;0;16-19;Motorist Left Turn - Same Direction;None;No;No;Wet;0;Urban;No;31AUG2009;0;15:37;Female;No;Residential;C: Possible Injury;Yes;O: No Injury;5136;August;0;Straight - Grade;Piedmont;Facing Traffic;No Control Present;Monday;Intersection;16;0;Two-Way, Not Divided;3 lanes;0;#NULL!;#NULL!;Smooth Asphalt;#NULL!;Four-Way Intersection;Motorist Left Turn / Merge;Local Street;C: Possible Injury;Wake;40;Rain;#NULL!;41-45 mph;40 - 45  MPH;2009;Daylight;40-49
35.2464208894, -80.7523682157;"{""type"": ""Point"", ""coordinates"": [-80.75236821567367, 35.246420889359484]}";White;Charlotte;Sidewalk / Crosswalk / Driveway Crossing;2;11;Urban (>70% Developed);Female;Van;0;#NULL!;0;0;Black;No;0;30-39;Motorist Drive Out - Commercial Driveway / Alley;None;No;No;Dry;0;Urban;No;02SEP2009;0;11:39;Male;No;Commercial;C: Possible Injury;Yes;O: No Injury;5139;September;0;Straight - Level;Piedmont;Facing Traffic;No Control Present;Wednesday;Non-Intersection;30;0;Two-Way, Not Divided;4 lanes;0;#NULL!;#NULL!;Smooth Asphalt;#NULL!;Driveway, Public;Motorist Failed to Yield - Midblock;Local Street;C: Possible Injury;Mecklenburg;37;Clear;#NULL!;0-5 mph;30 - 35  MPH;2009;Daylight;30-39
35.9884971224, -78.6990026387;"{""type"": ""Point"", ""coordinates"": [-78.69900263867675, 35.988497122419865]}";White;None - Rural Crash;Travel Lane;2;8;Rural (<30% Developed);Male;Passenger Car;0;#NULL!;0;0;White;No;0;40-49;Motorist Overtaking - Other / Unknown;None;No;No;Dry;0;Rural;No;12SEP2009;0;8:44;Female;No;Farms, Woods, Pastures;C: Possible Injury;Yes;O: No Injury;5142;September;0;Straight - Grade;Piedmont;With Traffic;Double Yellow Line, No Passing Zone;Saturday;Non-Intersection;49;0;Two-Way, Not Divided;2 lanes;0;#NULL!;#NULL!;Smooth Asphalt;#NULL!;No Special Feature;Motorist Overtaking Bicyclist;NC Route;C: Possible Injury;Wake;66;Clear;#NULL!;51-55 mph;50 - 55  MPH;2009;Daylight;60-69
35.9244270945, -79.0986587557;"{""type"": ""Point"", ""coordinates"": [-79.09865875569662, 35.92442709451903]}";Hispanic;None - Rural Crash;Travel Lane;3;18;Mixed (30% To 70% Developed);Male;Pickup;0;#NULL!;0;0;Unknown/Missing;No;0;30-39;Non-Roadway;None;No;No;Dry;0;Rural;No;28AUG2009;0;18:06;Unknown;Missing;Residential;C: Possible Injury;No;Unknown Injury;5144;August;0;Straight - Level;Piedmont;Not Applicable;No Control Present;Friday;Non-Roadway;35;0;Two-Way, Not Divided;2 lanes;0;#NULL!;#NULL!;Gravel;#NULL!;Driveway, Private;Non-Roadway;Private Road, Driveway;C: Possible Injury;Orange;Unknown;Cloudy;#NULL!;11-15 mph;5 - 15 MPH;2009;Dusk;Unknown
35.7838170789, -78.6771226208;"{""type"": ""Point"", ""coordinates"": [-78.67712262075824, 35.78381707890002]}";White;Raleigh;Sidewalk / Crosswalk / Driveway Crossing;2;18;Urban (>70% Developed);Male;Passenger Car;0;#NULL!;0;0;White;No;0;20-24;Motorist Left Turn - Same Direction;None;No;No;Dry;0;Urban;No;24AUG2009;0;18:12;Male;No;Institutional;B: Evident Injury;No;O: No Injury;5147;August;0;Straight - Grade;Piedmont;Facing Traffic;Stop Sign;Monday;Intersection;22;0;Two-Way, Not Divided;2 lanes;0;#NULL!;#NULL!;Smooth Asphalt;#NULL!;T-Intersection;Motorist Left Turn / Merge;Local Street;B: Evident Injury;Wake;47;Clear;#NULL!;6-10 mph;20 - 25  MPH;2009;Daylight;40-49
36.0094670875, -79.7883179684;"{""type"": ""Point"", ""coordinates"": [-79.78831796844746, 36.00946708750679]}";White;Greensboro;Travel Lane;2;18;Urban (>70% Developed);Female;Unknown;0;#NULL!;0;0;Native American;No;0;6-10;Non-Roadway;None;No;No;Dry;0;Urban;Yes;15JUL2009;0;18:18;Male;No;Residential;C: Possible Injury;No;O: No Injury;5152;July;0;Straight - Level;Piedmont;Not Applicable;No Control Present;Wednesday;Non-Roadway;7;0;Two-Way, Not Divided;Unknown;0;#NULL!;#NULL!;Smooth Asphalt;#NULL!;No Special Feature;Non-Roadway;Public Vehicular Area;C: Possible Injury;Guilford;44;Clear;#NULL!;0-5 mph;20 - 25  MPH;2009;Daylight;40-49
35.9986302275, -75.6520517065;"{""type"": ""Point"", ""coordinates"": [-75.65205170645223, 35.99863022753607]}";White;Kill Devil Hills;Travel Lane;2;13;Urban (>70% Developed);Male;Passenger Car;0;#NULL!;0;0;White;No;0;40-49;Motorist Right Turn - Same Direction;None;No;No;Dry;0;Urban;No;29AUG2009;0;13:08;Female;No;Commercial;C: Possible Injury;Yes;O: No Injury;5172;August;0;Straight - Level;Coastal;With Traffic;Stop And Go Signal;Saturday;Intersection;46;0;Two-Way, Divided, Unprotected Median;5 lanes;0;#NULL!;#NULL!;Coarse Asphalt;#NULL!;Four-Way Intersection;Motorist Right Turn / Merge;US Route;C: Possible Injury;Dare;30;Clear;#NULL!;0-5 mph;50 - 55  MPH;2009;Daylight;30-39
34.1500667488, -77.9029923044;"{""type"": ""Point"", ""coordinates"": [-77.90299230440436, 34.1500667488224]}";White;None - Rural Crash;Travel Lane;2;12;Mixed (30% To 70% Developed);Male;Sport Utility;0;#NULL!;0;0;White;No;0;16-19;Motorist Drive Out - Commercial Driveway / Alley;None;No;No;Dry;0;Rural;No;25SEP2009;0;12:48;Male;No;Commercial;B: Evident Injury;Yes;O: No Injury;5177;September;0;Straight - Level;Coastal;Facing Traffic;No Control Present;Friday;Non-Intersection;19;0;Two-Way, Divided, Unprotected Median;4 lanes;0;#NULL!;#NULL!;Coarse Asphalt;#NULL!;Driveway, Public;Motorist Failed to Yield - Midblock;US Route;B: Evident Injury;New Hanover;43;Clear;#NULL!;0-5 mph;40 - 45  MPH;2009;Daylight;40-49
35.7112570233, -79.8007079559;"{""type"": ""Point"", ""coordinates"": [-79.8007079559316, 35.71125702328686]}";Black;Asheboro;Travel Lane;2;18;Urban (>70% Developed);Male;Passenger Car;0;#NULL!;0;0;Black;No;0;60-69;Bicyclist Ride Through - Sign-Controlled Intersection;None;No;No;Dry;0;Urban;No;09SEP2009;0;18:12;Male;No;Residential;B: Evident Injury;Yes;O: No Injury;5183;September;0;Straight - Grade;Piedmont;With Traffic;Stop Sign;Wednesday;Intersection;66;0;Two-Way, Not Divided;2 lanes;0;#NULL!;#NULL!;Coarse Asphalt;#NULL!;Four-Way Intersection;Bicyclist Failed to Yield - Sign-Controlled Intersection;Local Street;B: Evident Injury;Randolph;53;Clear;#NULL!;21-25 mph;30 - 35  MPH;2009;Daylight;50-59
35.9275370952, -79.0932187538;"{""type"": ""Point"", ""coordinates"": [-79.09321875380846, 35.92753709521246]}";White;Carrboro;Travel Lane;2;7;Urban (>70% Developed);Female;Passenger Car;0;#NULL!;0;0;Black;No;0;40-49;Motorist Overtaking - Other / Unknown;None;No;No;Dry;0;Urban;No;13SEP2009;0;7:40;Male;No;Residential;B: Evident Injury;Yes;O: No Injury;5184;September;0;Straight - Level;Piedmont;With Traffic;No Control Present;Sunday;Intersection;49;0;Two-Way, Not Divided;2 lanes;0;#NULL!;#NULL!;Smooth Asphalt;#NULL!;T-Intersection;Motorist Overtaking Bicyclist;Local Street;B: Evident Injury;Orange;60;Clear;#NULL!;31-35 mph;30 - 35  MPH;2009;Daylight;60-69
35.3706870145, -77.9828923887;"{""type"": ""Point"", ""coordinates"": [-77.98289238868837, 35.37068701446045]}";Black;Goldsboro;Travel Lane;2;16;Urban (>70% Developed);Male;Passenger Car;0;#NULL!;0;0;Black;No;0;20-24;Bicyclist Right Turn - Same Direction;None;No;No;Dry;0;Urban;No;18SEP2009;0;16:52;Male;No;Residential;B: Evident Injury;Yes;O: No Injury;5190;September;0;Straight - Grade;Coastal;Facing Traffic;No Control Present;Friday;Non-Intersection;21;0;Two-Way, Not Divided;2 lanes;0;#NULL!;#NULL!;Coarse Asphalt;#NULL!;No Special Feature;Bicyclist Right Turn / Merge;Local Street;B: Evident Injury;Wayne;32;Clear;#NULL!;31-35 mph;20 - 25  MPH;2009;Daylight;30-39
35.9210242128, -75.6057066886;"{""type"": ""Point"", ""coordinates"": [-75.6057066886362, 35.9210242127626]}";Other;Nags Head;Travel Lane;2;13;Mixed (30% To 70% Developed);Female;Sport Utility;0;#NULL!;0;0;White;No;0;20-24;Motorist Drive Out - Sign-Controlled Intersection;None;No;No;Dry;0;Rural;No;01JUL2009;0;13:50;Female;No;Commercial;C: Possible Injury;Yes;O: No Injury;5192;July;0;Straight - Level;Coastal;Facing Traffic;Stop Sign;Wednesday;Intersection;21;0;Two-Way, Divided, Unprotected Median;5 lanes;0;#NULL!;#NULL!;Coarse Asphalt;#NULL!;T-Intersection;Motorist Failed to Yield - Sign-Controlled Intersection;Local Street;C: Possible Injury;Dare;28;Clear;#NULL!;0-5 mph;50 - 55  MPH;2009;Daylight;25-29
35.9321271414, -77.7922823598;"{""type"": ""Point"", ""coordinates"": [-77.79228235982562, 35.932127141443736]}";Black;Rocky Mount;Travel Lane;2;13;Mixed (30% To 70% Developed);Male;Passenger Car;0;#NULL!;0;0;White;No;0;11-15;Motorist Drive Out - Sign-Controlled Intersection;None;No;No;Dry;0;Urban;No;08AUG2009;0;13:27;Male;No;Commercial;O: No Injury;No;O: No Injury;5197;August;0;Straight - Level;Coastal;Facing Traffic;Stop Sign;Saturday;Intersection;12;0;Two-Way, Not Divided;4 lanes;0;#NULL!;#NULL!;Coarse Asphalt;#NULL!;No Special Feature;Motorist Failed to Yield - Sign-Controlled Intersection;Local Street;O: No Injury;Edgecombe;39;Clear;#NULL!;0-5 mph;30 - 35  MPH;2009;Daylight;30-39
35.9582971466, -77.8024223641;"{""type"": ""Point"", ""coordinates"": [-77.8024223641029, 35.95829714663809]}";Black;Rocky Mount;Travel Lane;2;9;Urban (>70% Developed);Male;Passenger Car;0;#NULL!;0;0;White;No;0;50-59;Motorist Drive Through - Sign-Controlled Intersection;None;No;No;Dry;0;Urban;No;03AUG2009;0;9:36;Female;No;Residential;B: Evident Injury;Yes;O: No Injury;5199;August;0;Straight - Level;Coastal;With Traffic;No Control Present;Monday;Intersection;56;0;One-Way, Not Divided;2 lanes;0;#NULL!;#NULL!;Smooth Asphalt;#NULL!;No Special Feature;Motorist Failed to Yield - Sign-Controlled Intersection;Local Street;B: Evident Injury;Nash;47;Clear;#NULL!;21-25 mph;30 - 35  MPH;2009;Daylight;40-49
36.0000720772, -80.0096770345;"{""type"": ""Point"", ""coordinates"": [-80.00967703449705, 36.00007207716267]}";White;High Point;Travel Lane;2;11;Urban (>70% Developed);Female;Light Truck (Mini-Van, Panel);0;#NULL!;0;0;White;No;0;50-59;Motorist Drive Out - Sign-Controlled Intersection;None;No;No;Dry;0;Urban;No;12SEP2009;0;11:30;Male;No;Residential;B: Evident Injury;Yes;O: No Injury;5200;September;0;Straight - Level;Piedmont;With Traffic;Stop Sign;Saturday;Intersection;50;0;Two-Way, Divided, Unprotected Median;4 lanes;0;#NULL!;#NULL!;Smooth Asphalt;#NULL!;Four-Way Intersection;Motorist Failed to Yield - Sign-Controlled Intersection;Local Street;B: Evident Injury;Guilford;55;Clear;#NULL!;21-25 mph;30 - 35  MPH;2009;Daylight;50-59
35.6075089051, -82.3756237178;"{""type"": ""Point"", ""coordinates"": [-82.37562371784705, 35.60750890507622]}";White;None - Rural Crash;Travel Lane;2;13;Rural (<30% Developed);Male;Van;0;#NULL!;0;0;White;No;0;16-19;Non-Roadway;None;No;No;Sand, Mud, Dirt, Gravel;0;Rural;No;22SEP2009;0;13:56;Female;No;Farms, Woods, Pastures;B: Evident Injury;Yes;O: No Injury;5201;September;0;Curve - Grade;Mountains;Not Applicable;No Control Present;Tuesday;Non-Roadway;17;0;Two-Way, Not Divided;1 lane;0;#NULL!;#NULL!;Gravel;#NULL!;Driveway, Public;Non-Roadway;Public Vehicular Area;B: Evident Injury;Buncombe;25;Cloudy;#NULL!;Unknown;Unknown;2009;Daylight;25-29
35.2534398758, -81.1781233433;"{""type"": ""Point"", ""coordinates"": [-81.17812334333246, 35.25343987576052]}";White;Gastonia;Travel Lane;2;18;Urban (>70% Developed);Male;Passenger Car;0;#NULL!;0;0;Black;No;0;11-15;Crossing Paths - Uncontrolled Intersection;None;No;No;Dry;0;Urban;No;22SEP2009;0;18:05;Male;No;Commercial;C: Possible Injury;Yes;O: No Injury;5202;September;0;Straight - Grade;Piedmont;With Traffic;No Control Present;Tuesday;Intersection;13;0;Two-Way, Not Divided;5 lanes;0;#NULL!;#NULL!;Smooth Asphalt;#NULL!;No Special Feature;Crossing Paths - Other Circumstances;State Secondary Route;C: Possible Injury;Gaston;32;Clear;#NULL!;26-30 mph;40 - 45  MPH;2009;Daylight;30-39
35.2380568838, -80.8753032519;"{""type"": ""Point"", ""coordinates"": [-80.87530325192269, 35.23805688375981]}";Black;Charlotte;Sidewalk / Crosswalk / Driveway Crossing;2;18;Urban (>70% Developed);Female;Passenger Car;0;#NULL!;0;0;Black;No;0;16-19;Signalized Intersection - Other / Unknown;None;No;No;Dry;0;Urban;No;07OCT2011;0;18:30;Male;No;Residential;C: Possible Injury;No;O: No Injury;3540;October;0;Straight - Level;Piedmont;With Traffic;Stop And Go Signal;Friday;Intersection;16;0;Two-Way, Divided, Unprotected Median;2 lanes;0;#NULL!;#NULL!;Smooth Asphalt;#NULL!;No Special Feature;Crossing Paths - Other Circumstances;Local Street;C: Possible Injury;Mecklenburg;19;Clear;#NULL!;16-20 mph;30 - 35  MPH;2011;Daylight;0-19
35.7810670789, -78.6767026202;"{""type"": ""Point"", ""coordinates"": [-78.67670262015444, 35.781067078900286]}";White;Raleigh;Sidewalk / Crosswalk / Driveway Crossing;2;18;Urban (>70% Developed);Male;Passenger Car;0;#NULL!;0;0;White;No;0;20-24;Motorist Drive Out - Sign-Controlled Intersection;None;No;No;Dry;0;Urban;No;26OCT2011;0;18:46;Female;No;Commercial;O: No Injury;Yes;O: No Injury;3543;October;0;Straight - Grade;Piedmont;Facing Traffic;Stop Sign;Wednesday;Intersection;20;0;Two-Way, Not Divided;Unknown;0;#NULL!;#NULL!;Concrete;#NULL!;No Special Feature;Motorist Failed to Yield - Sign-Controlled Intersection;Public Vehicular Area;O: No Injury;Wake;21;Clear;#NULL!;0-5 mph;5 - 15 MPH;2011;Dusk;20-24
35.0568469153, -78.8810026444;"{""type"": ""Point"", ""coordinates"": [-78.88100264435666, 35.05684691526184]}";Black;Fayetteville;Sidewalk / Crosswalk / Driveway Crossing;2;16;Urban (>70% Developed);Male;Sport Utility;0;#NULL!;0;0;Native American;No;0;40-49;Motorist Drive Out - Sign-Controlled Intersection;None;No;No;Dry;0;Urban;No;27OCT2011;0;16:07;Female;No;Commercial;C: Possible Injury;Yes;O: No Injury;3544;October;0;Straight - Level;Coastal;Facing Traffic;Stop Sign;Thursday;Intersection;47;0;Two-Way, Not Divided;2 lanes;0;#NULL!;#NULL!;Coarse Asphalt;#NULL!;No Special Feature;Motorist Failed to Yield - Sign-Controlled Intersection;Local Street;C: Possible Injury;Cumberland;50;Clear;#NULL!;Unknown;30 - 35  MPH;2011;Daylight;50-59
34.7126369136, -76.6533019525;"{""type"": ""Point"", ""coordinates"": [-76.65330195250405, 34.71263691359329]}";White;Beaufort;Travel Lane;2;18;Urban (>70% Developed);Female;Sport Utility;0;#NULL!;0;0;White;No;0;11-15;Bicyclist Right Turn - Same Direction;None;No;No;Dry;0;Rural;No;31OCT2011;0;18:00;Male;No;Residential;C: Possible Injury;Yes;O: No Injury;3548;October;0;Straight - Level;Coastal;Facing Traffic;No Control Present;Monday;Non-Intersection;15;0;Two-Way, Not Divided;2 lanes;0;#NULL!;#NULL!;Smooth Asphalt;#NULL!;No Special Feature;Bicyclist Right Turn / Merge;Local Street;C: Possible Injury;Carteret;20;Clear;#NULL!;31-35 mph;30 - 35  MPH;2011;Dawn;20-24