Geo Point;Geo Shape;BikeRace;City;BikePos;NumUnits;CrashHour;Locality;BikeSex;DrvrVehTyp;NumBikesNo;BikeAlcDrg;NumBikesBI;RteInvdCd;DrvrRace;Workzone;NumBikesCi;BikeAgeGrp;CrashType;RdDefects;CrashAlcoh;BikeAlcoho;RdConditio;DstncMiFrm;RuralUrban;HitRun;CrashDate;NumBikesUI;CrashTime;DrvrSex;DrvrAlcoho;Developmen;CrashSevr;AmbulanceR;DrvrInjury;OBJECTID;CrashMonth;NumBikesKi;RdCharacte;Region;BikeDir;TraffCntrl;CrashDay;CrashLoc;BikeAge;NumBikesTo;RdConfig;NumLanes;NumBikesAI;DrvrAlcDrg;OnRoad;RdSurface;Towrd_Rd;RdFeature;CrashGrp;RdClass;BikeInjury;County;DrvrAge;Weather;FrmRd;DrvrEstSpd;SpeedLimit;CrashYear;LightCond;DrvrAgeGrp
35.6695770139, -79.8217029604;"{""type"": ""Point"", ""coordinates"": [-79.8217029603953, 35.66957701393487]}";White;None - Rural Crash;Travel Lane;2;14;Urban (>70% Developed);Male;Passenger Car;0;#NULL!;0;0;Unknown/Missing;No;0;60-69;Motorist Overtaking - Misjudged Space;None;No;No;Dry;0;Rural;Yes;12NOV2011;0;14:44;Unknown;No;Commercial;C: Possible Injury;Yes;Unknown Injury;3555;November;0;Straight - Level;Piedmont;With Traffic;Stop And Go Signal;Saturday;Intersection-Related;65;0;Two-Way, Not Divided;3 lanes;0;#NULL!;#NULL!;Smooth Asphalt;#NULL!;T-Intersection;Motorist Overtaking Bicyclist;US Route;C: Possible Injury;Randolph;Unknown;Clear;#NULL!;31-35 mph;40 - 45  MPH;2011;Daylight;Unknown
35.214456869, -81.1332033276;"{""type"": ""Point"", ""coordinates"": [-81.13320332763143, 35.21445686902519]}";White;Gastonia;Travel Lane;2;14;Urban (>70% Developed);Male;Pickup;0;#NULL!;0;0;White;No;0;40-49;Motorist Drive Out - Sign-Controlled Intersection;None;No;No;Dry;0;Urban;No;12OCT2011;0;14:19;Male;No;Residential;C: Possible Injury;Yes;O: No Injury;3556;October;0;Other;Piedmont;With Traffic;Yield Sign;Wednesday;Intersection-Related;47;0;One-Way, Not Divided;1 lane;0;#NULL!;#NULL!;Smooth Asphalt;#NULL!;Traffic Circle/Roundabout;Motorist Failed to Yield - Sign-Controlled Intersection;Local Street;C: Possible Injury;Gaston;55;Cloudy;#NULL!;6-10 mph;40 - 45  MPH;2011;Daylight;50-59
35.2598868918, -80.7771032241;"{""type"": ""Point"", ""coordinates"": [-80.7771032240962, 35.259886891835855]}";Hispanic;Charlotte;Sidewalk / Crosswalk / Driveway Crossing;2;11;Urban (>70% Developed);Male;Pickup;0;#NULL!;0;0;White;No;0;40-49;Unknown Approach Paths;None;No;No;Dry;0;Urban;No;15NOV2011;0;11:01;Female;No;Commercial;C: Possible Injury;No;O: No Injury;3567;November;0;Straight - Level;Piedmont;Unknown;Stop And Go Signal;Tuesday;Intersection;46;0;Two-Way, Divided, Positive Median Barrier;2 lanes;0;#NULL!;#NULL!;Smooth Asphalt;#NULL!;No Special Feature;Other / Unknown - Insufficient Details;Local Street;C: Possible Injury;Mecklenburg;53;Cloudy;#NULL!;41-45 mph;40 - 45  MPH;2011;Daylight;50-59
35.7065069709, -81.2005033755;"{""type"": ""Point"", ""coordinates"": [-81.20050337552016, 35.70650697090846]}";White;Conover;Sidewalk / Crosswalk / Driveway Crossing;2;8;Urban (>70% Developed);Male;Passenger Car;0;#NULL!;0;0;White;No;0;20-24;Motorist Drive Out - Sign-Controlled Intersection;None;No;No;Dry;0;Urban;No;20NOV2011;0;8:20;Male;No;Residential;C: Possible Injury;No;O: No Injury;3568;November;0;Straight - Hillcrest;Piedmont;With Traffic;Stop Sign;Sunday;Intersection;20;0;Two-Way, Not Divided;2 lanes;0;#NULL!;#NULL!;Smooth Asphalt;#NULL!;T-Intersection;Motorist Failed to Yield - Sign-Controlled Intersection;Local Street;C: Possible Injury;Catawba;41;Clear;#NULL!;0-5 mph;30 - 35  MPH;2011;Daylight;40-49
35.2601068898, -80.8351032408;"{""type"": ""Point"", ""coordinates"": [-80.8351032408078, 35.26010688976843]}";Black;Charlotte;Non-Roadway;2;15;Urban (>70% Developed);Male;Pickup;0;#NULL!;0;0;Black;No;0;6-10;Bicyclist Ride Out - Other Midblock;None;Yes;No;Dry;0;Urban;No;23NOV2011;0;15:30;Male;Yes;Residential;B: Evident Injury;Yes;O: No Injury;3581;November;0;Straight - Bottom;Piedmont;Not Applicable;No Control Present;Wednesday;Non-Intersection;9;0;Two-Way, Not Divided;1 lane;0;#NULL!;#NULL!;Smooth Asphalt;#NULL!;No Special Feature;Bicyclist Failed to Yield - Midblock;Local Street;B: Evident Injury;Mecklenburg;46;Clear;#NULL!;11-15 mph;20 - 25  MPH;2011;Daylight;40-49
36.0923871056, -79.7709029677;"{""type"": ""Point"", ""coordinates"": [-79.7709029676556, 36.092387105615884]}";White;Greensboro;Travel Lane;2;10;Urban (>70% Developed);Male;Passenger Car;0;#NULL!;0;0;White;No;0;16-19;Motorist Drive Out - Sign-Controlled Intersection;None;No;No;Wet;0;Urban;No;10NOV2011;0;10:58;Female;No;Residential;C: Possible Injury;Yes;O: No Injury;3586;November;0;Straight - Grade;Piedmont;Facing Traffic;Stop Sign;Thursday;Intersection;17;0;Two-Way, Divided, Unprotected Median;4 lanes;0;#NULL!;#NULL!;Coarse Asphalt;#NULL!;Four-Way Intersection;Motorist Failed to Yield - Sign-Controlled Intersection;Local Street;C: Possible Injury;Guilford;59;Cloudy;#NULL!;0-5 mph;30 - 35  MPH;2011;Dusk;50-59
35.4112869081, -81.2030033593;"{""type"": ""Point"", ""coordinates"": [-81.2030033593387, 35.41128690814902]}";White;None - Rural Crash;Travel Lane;2;21;Mixed (30% To 70% Developed);Male;Van;0;#NULL!;0;0;White;No;0;40-49;Motorist Drive Out - Residential Driveway;None;No;No;Dry;0;Rural;No;01DEC2011;0;21:12;Female;No;Residential;B: Evident Injury;Yes;O: No Injury;3596;December;0;Straight - Level;Piedmont;With Traffic;No Control Present;Thursday;Non-Intersection;48;0;Two-Way, Not Divided;2 lanes;0;#NULL!;#NULL!;Smooth Asphalt;#NULL!;No Special Feature;Motorist Failed to Yield - Midblock;US Route;B: Evident Injury;Lincoln;44;Clear;#NULL!;0-5 mph;30 - 35  MPH;2011;Dark - Roadway Not Lighted;40-49
35.581437031, -78.817502652;"{""type"": ""Point"", ""coordinates"": [-78.81750265202734, 35.581437030953204]}";White;None - Rural Crash;Travel Lane;2;17;Rural (<30% Developed);Male;Pickup;0;#NULL!;0;0;White;No;0;50-59;Motorist Overtaking - Misjudged Space;None;No;No;Dry;0;Rural;No;01DEC2011;0;17:11;Male;No;Farms, Woods, Pastures;C: Possible Injury;Yes;O: No Injury;3597;December;0;Straight - Level;Piedmont;With Traffic;Double Yellow Line, No Passing Zone;Thursday;Non-Intersection;53;0;Two-Way, Not Divided;2 lanes;0;#NULL!;#NULL!;Smooth Asphalt;#NULL!;No Special Feature;Motorist Overtaking Bicyclist;NC Route;C: Possible Injury;Wake;55;Clear;#NULL!;41-45 mph;40 - 45  MPH;2011;Daylight;50-59
35.3885169133, -80.9210032743;"{""type"": ""Point"", ""coordinates"": [-80.92100327427366, 35.38851691332566]}";White;Huntersville;Travel Lane;2;13;Rural (<30% Developed);Male;Pickup;0;#NULL!;0;0;White;No;0;20-24;Bicyclist Left Turn - Same Direction;None;No;No;Dry;0;Urban;No;19NOV2011;0;13:32;Male;No;Residential;B: Evident Injury;Yes;O: No Injury;3621;November;0;Straight - Hillcrest;Piedmont;With Traffic;No Control Present;Saturday;Intersection;21;0;Two-Way, Not Divided;2 lanes;0;#NULL!;#NULL!;Smooth Asphalt;#NULL!;Four-Way Intersection;Bicyclist Left Turn / Merge;Local Street;B: Evident Injury;Mecklenburg;46;Cloudy;#NULL!;26-30 mph;40 - 45  MPH;2011;Daylight;40-49
35.5921169607, -80.8156032538;"{""type"": ""Point"", ""coordinates"": [-80.81560325383785, 35.59211696068825]}";White;Mooresville;Travel Lane;2;21;Mixed (30% To 70% Developed);Male;Passenger Car;0;#NULL!;0;0;White;No;0;40-49;Motorist Overtaking - Bicyclist Swerved;None;Yes;Yes;Dry;0;Urban;No;22NOV2011;0;21:15;Male;No;Residential;B: Evident Injury;Yes;O: No Injury;3624;November;0;Curve - Level;Piedmont;With Traffic;No Control Present;Tuesday;Non-Intersection;40;0;Two-Way, Not Divided;2 lanes;0;#NULL!;#NULL!;Smooth Asphalt;#NULL!;No Special Feature;Motorist Overtaking Bicyclist;Local Street;B: Evident Injury;Iredell;39;Clear;#NULL!;31-35 mph;30 - 35  MPH;2011;Dark - Roadway Not Lighted;30-39
35.4837269358, -80.8725032643;"{""type"": ""Point"", ""coordinates"": [-80.87250326433981, 35.48372693577999]}";White;Cornelius;Travel Lane;2;17;Urban (>70% Developed);Male;Passenger Car;0;#NULL!;0;0;Black;No;0;16-19;Signalized Intersection - Other / Unknown;None;No;No;Dry;0;Urban;No;27NOV2011;0;17:11;Female;No;Commercial;C: Possible Injury;Yes;O: No Injury;3631;November;0;Straight - Level;Piedmont;With Traffic;Stop And Go Signal;Sunday;Intersection;18;0;Two-Way, Divided, Positive Median Barrier;5 lanes;0;#NULL!;#NULL!;Smooth Asphalt;#NULL!;No Special Feature;Crossing Paths - Other Circumstances;Local Street;C: Possible Injury;Mecklenburg;18;Clear;#NULL!;31-35 mph;Unknown;2011;Dusk;0-19
35.4441369899, -79.1281027386;"{""type"": ""Point"", ""coordinates"": [-79.12810273855207, 35.4441369899186]}";Black;Sanford;Travel Lane;2;17;Urban (>70% Developed);Male;Passenger Car;0;#NULL!;0;0;White;No;0;70+;Crossing Paths - Uncontrolled Intersection;None;No;No;Dry;0;Urban;No;10DEC2011;0;17:46;Female;No;Industrial;K: Killed;Yes;O: No Injury;3639;December;0;Straight - Level;Piedmont;Not Applicable;Stop And Go Signal;Saturday;Intersection-Related;70+;0;Two-Way, Not Divided;6 lanes;0;#NULL!;#NULL!;Smooth Asphalt;#NULL!;No Special Feature;Crossing Paths - Other Circumstances;NC Route;K: Killed;Lee;56;Clear;#NULL!;41-45 mph;50 - 55  MPH;2011;Dark - Lighted Roadway;50-59
35.4325269348, -80.6043031819;"{""type"": ""Point"", ""coordinates"": [-80.60430318191361, 35.43252693475387]}";White;Concord;Travel Lane;2;19;Urban (>70% Developed);Male;Sport Utility;0;#NULL!;0;0;Black;No;0;30-39;Signalized Intersection - Other / Unknown;None;No;No;Dry;0;Urban;No;14DEC2011;0;19:36;Female;No;Commercial;C: Possible Injury;No;O: No Injury;3643;December;0;Straight - Level;Piedmont;Facing Traffic;Stop And Go Signal;Wednesday;Intersection;34;0;Two-Way, Not Divided;4 lanes;0;#NULL!;#NULL!;Smooth Asphalt;#NULL!;Four-Way Intersection;Crossing Paths - Other Circumstances;.;C: Possible Injury;Cabarrus;51;Clear;#NULL!;0-5 mph;30 - 35  MPH;2011;Dark - Lighted Roadway;50-59
35.2538568758, -81.1832033444;"{""type"": ""Point"", ""coordinates"": [-81.18320334436667, 35.253856875790234]}";Black;Gastonia;Travel Lane;2;18;Urban (>70% Developed);Male;Pickup;0;#NULL!;0;0;White;No;0;40-49;Bicyclist Right Turn - Same Direction;None;No;No;Dry;0;Urban;No;12DEC2011;0;18:30;Male;No;Commercial;B: Evident Injury;Yes;O: No Injury;3645;December;0;Straight - Level;Piedmont;With Traffic;No Control Present;Monday;Non-Intersection;45;0;Two-Way, Divided, Unprotected Median;4 lanes;0;#NULL!;#NULL!;Coarse Asphalt;#NULL!;No Special Feature;Bicyclist Right Turn / Merge;State Secondary Route;B: Evident Injury;Gaston;53;Clear;#NULL!;41-45 mph;40 - 45  MPH;2011;Dark - Lighted Roadway;50-59
35.3014268726, -81.538103453;"{""type"": ""Point"", ""coordinates"": [-81.5381034530432, 35.30142687257527]}";White;Shelby;Travel Lane;2;13;Urban (>70% Developed);Male;Passenger Car;0;#NULL!;0;0;Black;No;0;60-69;Motorist Overtaking - Other / Unknown;None;No;No;Dry;0;Urban;No;18DEC2011;0;13:40;Male;No;Commercial;C: Possible Injury;Yes;C: Possible Injury;3654;December;0;Straight - Level;Mountains;With Traffic;No Control Present;Sunday;Intersection-Related;69;0;Two-Way, Not Divided;3 lanes;0;#NULL!;#NULL!;Smooth Asphalt;#NULL!;No Special Feature;Motorist Overtaking Bicyclist;NC Route;C: Possible Injury;Cleveland;20;Clear;#NULL!;21-25 mph;30 - 35  MPH;2011;Daylight;20-24
35.5948668954, -82.5526037694;"{""type"": ""Point"", ""coordinates"": [-82.55260376942968, 35.594866895427515]}";White;Asheville;Sidewalk / Crosswalk / Driveway Crossing;2;20;Urban (>70% Developed);Male;Sport Utility;0;#NULL!;0;0;White;No;0;16-19;Bicyclist Ride Through - Signalized Intersection;None;No;No;Dry;0;Urban;No;29DEC2011;0;20:44;Male;No;Commercial;C: Possible Injury;No;O: No Injury;3661;December;0;Straight - Hillcrest;Mountains;Facing Traffic;Stop And Go Signal;Thursday;Intersection;19;0;Two-Way, Not Divided;3 lanes;0;#NULL!;#NULL!;Smooth Asphalt;#NULL!;Four-Way Intersection;Bicyclist Failed to Yield - Signalized Intersection;Local Street;C: Possible Injury;Buncombe;37;Clear;#NULL!;16-20 mph;20 - 25  MPH;2011;Dark - Lighted Roadway;30-39
36.175457198, -77.6672023347;"{""type"": ""Point"", ""coordinates"": [-77.66720233474135, 36.175457197978055]}";Black;None - Rural Crash;Travel Lane;2;13;Urban (>70% Developed);Male;Passenger Car;0;#NULL!;0;0;Black;No;0;40-49;Motorist Overtaking - Other / Unknown;Unknown;No;No;Unknown;0;Rural;No;14MAY2011;0;13:00;Female;No;Residential;O: No Injury;No;O: No Injury;3666;May;0;Straight - Level;Coastal;With Traffic;Stop Sign;Saturday;Intersection;40;0;Two-Way, Not Divided;2 lanes;0;#NULL!;#NULL!;Coarse Asphalt;#NULL!;No Special Feature;Motorist Overtaking Bicyclist;Local Street;O: No Injury;Halifax;23;Other;#NULL!;Unknown;30 - 35  MPH;2011;Daylight;20-24
36.3642922853, -76.2919119224;"{""type"": ""Point"", ""coordinates"": [-76.29191192235436, 36.364292285342565]}";White;None - Rural Crash;Travel Lane;2;16;Rural (<30% Developed);Male;Passenger Car;0;#NULL!;0;0;Black;No;0;40-49;Motorist Drive Out - Other Midblock;None;No;No;Dry;0;Rural;No;10JAN2010;0;16:10;Male;No;Farms, Woods, Pastures;C: Possible Injury;No;O: No Injury;3682;January;0;Straight - Level;Coastal;With Traffic;Double Yellow Line, No Passing Zone;Sunday;Non-Intersection;47;0;Two-Way, Not Divided;2 lanes;0;#NULL!;#NULL!;Smooth Asphalt;#NULL!;Driveway, Public;Motorist Failed to Yield - Midblock;State Secondary Route;C: Possible Injury;Pasquotank;30;Clear;#NULL!;11-15 mph;50 - 55  MPH;2010;Daylight;30-39
35.8313591333, -77.4164722392;"{""type"": ""Point"", ""coordinates"": [-77.41647223921885, 35.83135913327166]}";Black;None - Rural Crash;Travel Lane;2;20;Rural (<30% Developed);Male;Passenger Car;0;#NULL!;0;0;Black;No;0;30-39;Bicyclist Left Turn - Same Direction;None;Yes;Yes;Dry;0;Rural;No;26JAN2010;0;20:39;Male;No;Farms, Woods, Pastures;O: No Injury;No;O: No Injury;3683;January;0;Straight - Level;Coastal;With Traffic;No Control Present;Tuesday;Non-Intersection;34;0;Two-Way, Not Divided;2 lanes;0;#NULL!;#NULL!;Coarse Asphalt;#NULL!;No Special Feature;Bicyclist Left Turn / Merge;NC Route;Unknown Injury;Edgecombe;42;Clear;#NULL!;51-55 mph;50 - 55  MPH;2010;Dark - Roadway Not Lighted;40-49
35.1834019393, -78.9778776803;"{""type"": ""Point"", ""coordinates"": [-78.97787768033976, 35.183401939269395]}";White;Spring Lake;Travel Lane;2;16;Mixed (30% To 70% Developed);Female;Passenger Car;0;#NULL!;0;0;Black;No;0;20-24;Bicyclist Left Turn - Same Direction;None;No;No;Dry;0;Urban;No;04FEB2010;0;16:49;Female;No;Residential;C: Possible Injury;Yes;O: No Injury;3685;February;0;Straight - Hillcrest;Coastal;With Traffic;Double Yellow Line, No Passing Zone;Thursday;Non-Intersection;22;0;Two-Way, Not Divided;2 lanes;0;#NULL!;#NULL!;Coarse Asphalt;#NULL!;No Special Feature;Bicyclist Left Turn / Merge;State Secondary Route;C: Possible Injury;Cumberland;42;Clear;#NULL!;31-35 mph;40 - 45  MPH;2010;Dusk;40-49
35.335509865, -81.9234735687;"{""type"": ""Point"", ""coordinates"": [-81.92347356870279, 35.33550986502583]}";White;None - Rural Crash;Travel Lane;2;14;Urban (>70% Developed);Male;Passenger Car;0;#NULL!;0;0;Black;No;0;25-29;Motorist Drive Out - Sign-Controlled Intersection;None;No;No;Dry;0;Rural;No;06FEB2010;0;14:59;Male;No;Residential;C: Possible Injury;No;O: No Injury;3690;February;0;Straight - Level;Mountains;With Traffic;Stop Sign;Saturday;Intersection;29;0;Two-Way, Not Divided;2 lanes;0;#NULL!;#NULL!;Smooth Asphalt;#NULL!;T-Intersection;Motorist Failed to Yield - Sign-Controlled Intersection;State Secondary Route;C: Possible Injury;Rutherford;33;Cloudy;#NULL!;0-5 mph;30 - 35  MPH;2010;Daylight;30-39
34.2295337663, -77.9047023093;"{""type"": ""Point"", ""coordinates"": [-77.90470230926417, 34.22953376634846]}";Black;Wilmington;Travel Lane;2;17;Urban (>70% Developed);Male;Passenger Car;0;#NULL!;0;0;White;No;0;40-49;Motorist Drive Out - Signalized Intersection;None;No;No;Wet;0;Urban;No;17JAN2010;0;17:50;Male;No;Commercial;C: Possible Injury;Yes;O: No Injury;3694;January;0;Straight - Level;Coastal;With Traffic;Stop And Go Signal;Sunday;Intersection;49;0;Two-Way, Not Divided;6 lanes;0;#NULL!;#NULL!;Smooth Asphalt;#NULL!;Four-Way Intersection;Motorist Failed to Yield - Signalized Intersection;Local Street;C: Possible Injury;New Hanover;20;Rain;#NULL!;0-5 mph;30 - 35  MPH;2010;Dark - Roadway Not Lighted;20-24
36.0638650974, -79.8237829829;"{""type"": ""Point"", ""coordinates"": [-79.82378298294671, 36.06386509736109]}";White;Greensboro;Sidewalk / Crosswalk / Driveway Crossing;2;11;Urban (>70% Developed);Male;Unknown;0;#NULL!;0;0;Unknown/Missing;No;0;20-24;Motorist Left Turn - Opposite Direction;None;No;No;Dry;0;Urban;Yes;25JAN2010;0;11:34;Unknown;Missing;Commercial;C: Possible Injury;No;Unknown Injury;3701;January;0;Straight - Level;Piedmont;With Traffic;Stop And Go Signal;Monday;Intersection;23;0;Two-Way, Not Divided;3 lanes;0;#NULL!;#NULL!;Coarse Asphalt;#NULL!;No Special Feature;Motorist Left Turn / Merge;Local Street;C: Possible Injury;Guilford;Unknown;Clear;#NULL!;6-10 mph;30 - 35  MPH;2010;Daylight;Unknown
35.2506818896, -80.7907232279;"{""type"": ""Point"", ""coordinates"": [-80.79072322787565, 35.25068188959904]}";Hispanic;Charlotte;Travel Lane;2;16;Urban (>70% Developed);Male;Unknown;0;#NULL!;0;0;Unknown/Missing;No;0;20-24;Motorist Drive Out - Sign-Controlled Intersection;None;No;No;Dry;0;Urban;Yes;25JAN2010;0;16:50;Unknown;Missing;Commercial;C: Possible Injury;Yes;Unknown Injury;3704;January;0;Straight - Level;Piedmont;With Traffic;Stop Sign;Monday;Intersection;21;0;Two-Way, Divided, Unprotected Median;4 lanes;0;#NULL!;#NULL!;Smooth Asphalt;#NULL!;No Special Feature;Motorist Failed to Yield - Sign-Controlled Intersection;Local Street;C: Possible Injury;Mecklenburg;Unknown;Clear;#NULL!;6-10 mph;30 - 35  MPH;2010;Daylight;Unknown
35.7836170786, -78.688326624;"{""type"": ""Point"", ""coordinates"": [-78.68832662402917, 35.783617078595995]}";White;Raleigh;Travel Lane;2;19;Urban (>70% Developed);Male;Passenger Car;0;#NULL!;0;0;Black;No;0;20-24;Motorist Drive Out - Sign-Controlled Intersection;None;No;No;Dry;0;Urban;No;20JAN2010;0;19:13;Female;No;Residential;B: Evident Injury;Yes;O: No Injury;3711;January;0;Straight - Grade;Piedmont;With Traffic;No Control Present;Wednesday;Intersection;22;0;Two-Way, Divided, Unprotected Median;2 lanes;0;#NULL!;#NULL!;Smooth Asphalt;#NULL!;Four-Way Intersection;Motorist Failed to Yield - Sign-Controlled Intersection;Local Street;B: Evident Injury;Wake;25;Clear;#NULL!;11-15 mph;30 - 35  MPH;2010;Dark - Lighted Roadway;25-29
35.9329140206, -81.1366033687;"{""type"": ""Point"", ""coordinates"": [-81.13660336865725, 35.93291402060658]}";White;None - Rural Crash;Travel Lane;2;18;Mixed (30% To 70% Developed);Male;Sport Utility;0;#NULL!;0;0;White;No;0;50-59;Motorist Overtaking - Other / Unknown;None;No;No;Dry;0;Rural;No;26FEB2010;0;18:44;Female;No;Residential;B: Evident Injury;Yes;O: No Injury;3716;February;0;Straight - Grade;Piedmont;With Traffic;Double Yellow Line, No Passing Zone;Friday;Non-Intersection;53;0;Two-Way, Not Divided;2 lanes;0;#NULL!;#NULL!;Coarse Asphalt;#NULL!;Driveway, Private;Motorist Overtaking Bicyclist;State Secondary Route;B: Evident Injury;Alexander;70+;Clear;#NULL!;31-35 mph;40 - 45  MPH;2010;Dusk;70+
34.0327327229, -77.8944522966;"{""type"": ""Point"", ""coordinates"": [-77.8944522965819, 34.032732722927946]}";White;Carolina Beach;Travel Lane;2;20;Urban (>70% Developed);Female;Pickup;0;#NULL!;0;0;White;No;0;16-19;Motorist Drive Out - Other Midblock;None;Yes;No;Dry;0;Urban;No;28OCT2010;0;20:10;Male;Yes;Commercial;B: Evident Injury;Yes;O: No Injury;4509;October;0;Straight - Level;Coastal;With Traffic;No Control Present;Thursday;Non-Intersection;19;0;Two-Way, Not Divided;5 lanes;0;#NULL!;#NULL!;Smooth Asphalt;#NULL!;Shared-Use Paths Or Trails;Motorist Failed to Yield - Midblock;US Route;B: Evident Injury;New Hanover;59;Cloudy;#NULL!;Unknown;20 - 25  MPH;2010;Dark - Lighted Roadway;50-59
35.47559292, -81.2398483734;"{""type"": ""Point"", ""coordinates"": [-81.2398483733876, 35.475592920004075]}";Black;Lincolnton;Travel Lane;5;19;Urban (>70% Developed);Male;Passenger Car;0;#NULL!;0;0;White;No;0;30-39;Motorist Overtaking - Undetected Bicyclist;None;No;No;Wet;0;Urban;No;27OCT2010;0;19:51;Female;No;Commercial;B: Evident Injury;Yes;O: No Injury;4513;October;0;Straight - Level;Piedmont;With Traffic;Double Yellow Line, No Passing Zone;Wednesday;Non-Intersection;36;0;Two-Way, Not Divided;2 lanes;0;#NULL!;#NULL!;Smooth Asphalt;#NULL!;No Special Feature;Motorist Overtaking Bicyclist;Local Street;B: Evident Injury;Lincoln;55;Cloudy;#NULL!;31-35 mph;30 - 35  MPH;2010;Dark - Lighted Roadway;50-59
35.7735270736, -78.7815886522;"{""type"": ""Point"", ""coordinates"": [-78.7815886521602, 35.77352707355819]}";Hispanic;Cary;Sidewalk / Crosswalk / Driveway Crossing;2;11;Urban (>70% Developed);Male;Passenger Car;0;#NULL!;0;0;Black;No;0;40-49;Crossing Paths - Intersection - Other / Unknown;None;No;No;Dry;0;Urban;No;11NOV2010;0;11:52;Male;No;Commercial;O: No Injury;No;O: No Injury;4518;November;0;Straight - Level;Piedmont;Facing Traffic;No Control Present;Thursday;Intersection;40;0;Two-Way, Not Divided;2 lanes;0;#NULL!;#NULL!;Smooth Asphalt;#NULL!;Related To Intersection;Crossing Paths - Other Circumstances;Local Street;Unknown Injury;Wake;35;Clear;#NULL!;11-15 mph;30 - 35  MPH;2010;Daylight;30-39
35.1548838677, -80.8308732341;"{""type"": ""Point"", ""coordinates"": [-80.83087323405472, 35.15488386768964]}";White;Charlotte;Travel Lane;2;16;Urban (>70% Developed);Male;Sport Utility;0;#NULL!;0;0;White;No;0;11-15;Bicyclist Ride Through - Signalized Intersection;None;No;No;Dry;0;Urban;No;15NOV2010;0;16:23;Female;No;Commercial;C: Possible Injury;Yes;O: No Injury;4537;November;0;Straight - Level;Piedmont;With Traffic;No Control Present;Monday;Intersection-Related;13;0;Two-Way, Divided, Unprotected Median;4 lanes;0;#NULL!;#NULL!;Smooth Asphalt;#NULL!;No Special Feature;Bicyclist Failed to Yield - Signalized Intersection;Local Street;C: Possible Injury;Mecklenburg;70+;Cloudy;#NULL!;26-30 mph;30 - 35  MPH;2010;Daylight;70+
35.0523169087, -79.0447126937;"{""type"": ""Point"", ""coordinates"": [-79.0447126936958, 35.052316908741695]}";Black;Fayetteville;Non-Roadway;2;18;Urban (>70% Developed);Male;Sport Utility;0;#NULL!;0;0;Black;No;0;40-49;Non-Roadway;None;No;No;Dry;0;Urban;No;10NOV2010;0;18:28;Female;No;Commercial;C: Possible Injury;Yes;O: No Injury;4539;November;0;Straight - Level;Coastal;Not Applicable;No Control Present;Wednesday;Non-Roadway;45;0;Two-Way, Not Divided;Unknown;0;#NULL!;#NULL!;Coarse Asphalt;#NULL!;Driveway, Public;Non-Roadway;Public Vehicular Area;C: Possible Injury;Cumberland;31;Clear;#NULL!;0-5 mph;20 - 25  MPH;2010;Dark - Roadway Not Lighted;30-39
35.0434299098, -78.9551326656;"{""type"": ""Point"", ""coordinates"": [-78.95513266559358, 35.043429909774694]}";Unknown/Missing;Fayetteville;Bike Lane / Paved Shoulder;2;8;Urban (>70% Developed);Unknown;Unknown;0;#NULL!;0;0;Unknown/Missing;No;0;40-49;Motorist Drive Out - Commercial Driveway / Alley;None;No;No;Dry;0;Urban;Yes;12NOV2010;0;8:52;Unknown;Missing;Commercial;Unknown Injury;No;Unknown Injury;4540;November;0;Straight - Level;Coastal;With Traffic;No Control Present;Friday;Non-Intersection;43;0;Two-Way, Not Divided;7 lanes;0;#NULL!;#NULL!;Coarse Asphalt;#NULL!;No Special Feature;Motorist Failed to Yield - Midblock;Local Street;Unknown Injury;Cumberland;Unknown;Clear;#NULL!;Unknown;Unknown;2010;Daylight;Unknown
35.3198968641, -81.8588735483;"{""type"": ""Point"", ""coordinates"": [-81.85887354830821, 35.31989686408906]}";White;Forest City;Non-Roadway;2;15;Urban (>70% Developed);Female;Sport Utility;0;#NULL!;0;0;White;No;0;60-69;Non-Roadway;None;No;No;Wet;0;Urban;No;15NOV2010;0;15:05;Female;No;Commercial;C: Possible Injury;Yes;O: No Injury;4543;November;0;Straight - Level;Mountains;Not Applicable;No Control Present;Monday;Non-Roadway;64;0;One-Way, Not Divided;Unknown;0;#NULL!;#NULL!;Smooth Asphalt;#NULL!;No Special Feature;Non-Roadway;Public Vehicular Area;C: Possible Injury;Rutherford;35;Rain;#NULL!;0-5 mph;20 - 25  MPH;2010;Daylight;30-39
34.9759898554, -80.0853430022;"{""type"": ""Point"", ""coordinates"": [-80.08534300219144, 34.97598985543067]}";Black;Wadesboro;Travel Lane;2;19;Mixed (30% To 70% Developed);Male;Passenger Car;0;#NULL!;0;0;Unknown/Missing;No;0;30-39;Motorist Overtaking - Bicyclist Swerved;None;No;No;Dry;0;Urban;Yes;12NOV2010;0;19:49;Unknown;Missing;Residential;B: Evident Injury;No;Unknown Injury;4557;November;0;Straight - Level;Piedmont;With Traffic;No Control Present;Friday;Intersection-Related;38;0;One-Way, Not Divided;1 lane;0;#NULL!;#NULL!;Smooth Asphalt;#NULL!;No Special Feature;Motorist Overtaking Bicyclist;Local Street;B: Evident Injury;Anson;Unknown;Clear;#NULL!;21-25 mph;30 - 35  MPH;2010;Dark - Lighted Roadway;Unknown