Geo Point;Geo Shape;BikeRace;City;BikePos;NumUnits;CrashHour;Locality;BikeSex;DrvrVehTyp;NumBikesNo;BikeAlcDrg;NumBikesBI;RteInvdCd;DrvrRace;Workzone;NumBikesCi;BikeAgeGrp;CrashType;RdDefects;CrashAlcoh;BikeAlcoho;RdConditio;DstncMiFrm;RuralUrban;HitRun;CrashDate;NumBikesUI;CrashTime;DrvrSex;DrvrAlcoho;Developmen;CrashSevr;AmbulanceR;DrvrInjury;OBJECTID;CrashMonth;NumBikesKi;RdCharacte;Region;BikeDir;TraffCntrl;CrashDay;CrashLoc;BikeAge;NumBikesTo;RdConfig;NumLanes;NumBikesAI;DrvrAlcDrg;OnRoad;RdSurface;Towrd_Rd;RdFeature;CrashGrp;RdClass;BikeInjury;County;DrvrAge;Weather;FrmRd;DrvrEstSpd;SpeedLimit;CrashYear;LightCond;DrvrAgeGrp
35.0135609011, -79.0056826796;"{""type"": ""Point"", ""coordinates"": [-79.00568267962426, 35.01356090113828]}";Black;Fayetteville;Bike Lane / Paved Shoulder;2;6;Mixed (30% To 70% Developed);Male;Pickup;0;#NULL!;0;0;Black;No;0;11-15;Bicyclist Right Turn - Same Direction;None;No;No;Dry;0;Urban;No;30NOV2010;0;6:39;Male;No;Farms, Woods, Pastures;C: Possible Injury;Yes;O: No Injury;4562;November;0;Straight - Level;Coastal;Facing Traffic;No Control Present;Tuesday;Non-Intersection;12;0;Two-Way, Not Divided;2 lanes;0;#NULL!;#NULL!;Coarse Asphalt;#NULL!;No Special Feature;Bicyclist Right Turn / Merge;Local Street;C: Possible Injury;Cumberland;55;Clear;#NULL!;36-40 mph;40 - 45  MPH;2010;Daylight;50-59
35.012190905, -78.9091026502;"{""type"": ""Point"", ""coordinates"": [-78.90910265021178, 35.012190904992096]}";White;Fayetteville;Bike Lane / Paved Shoulder;2;15;Urban (>70% Developed);Male;Unknown;0;#NULL!;0;0;Unknown/Missing;No;0;20-24;Motorist Overtaking - Misjudged Space;None;No;No;Dry;0;Urban;Yes;25NOV2010;0;15:50;Unknown;Missing;Commercial;C: Possible Injury;Yes;Unknown Injury;4573;November;0;Straight - Level;Coastal;With Traffic;No Control Present;Thursday;Non-Intersection;23;0;Two-Way, Not Divided;2 lanes;0;#NULL!;#NULL!;Smooth Asphalt;#NULL!;No Special Feature;Motorist Overtaking Bicyclist;Local Street;C: Possible Injury;Cumberland;Unknown;Clear;#NULL!;31-35 mph;30 - 35  MPH;2010;Daylight;Unknown
35.5070830175, -78.7369126244;"{""type"": ""Point"", ""coordinates"": [-78.73691262443327, 35.50708301745648]}";Hispanic;Angier;Travel Lane;2;18;Mixed (30% To 70% Developed);Male;Passenger Car;0;#NULL!;0;0;Hispanic;No;0;6-10;Crossing Paths - Intersection - Other / Unknown;None;No;No;Dry;0;Rural;No;27OCT2010;0;18:00;Male;No;Residential;B: Evident Injury;No;O: No Injury;4574;October;0;Straight - Level;Coastal;Not Applicable;No Control Present;Wednesday;Intersection;10;0;Two-Way, Not Divided;2 lanes;0;#NULL!;#NULL!;Smooth Asphalt;#NULL!;No Special Feature;Crossing Paths - Other Circumstances;Local Street;B: Evident Injury;Harnett;34;Cloudy;#NULL!;31-35 mph;30 - 35  MPH;2010;Daylight;30-39
35.8399731457, -77.0865121392;"{""type"": ""Point"", ""coordinates"": [-77.08651213920272, 35.83997314567712]}";Black;Williamston;Travel Lane;2;17;Urban (>70% Developed);Male;Unknown;0;#NULL!;0;0;Unknown/Missing;No;0;50-59;Parallel Paths - Other / Unknown;None;Yes;Yes;Dry;0;Urban;Yes;26NOV2010;0;17:19;Unknown;Missing;Commercial;C: Possible Injury;Yes;Unknown Injury;4575;November;0;Straight - Level;Coastal;Unknown;No Control Present;Friday;Non-Intersection;55;0;Two-Way, Divided, Unprotected Median;2 lanes;0;#NULL!;#NULL!;Smooth Asphalt;#NULL!;No Special Feature;Parallel Paths - Other Circumstances;US Route;C: Possible Injury;Martin;Unknown;Clear;#NULL!;Unknown;Unknown;2010;Dark - Roadway Not Lighted;Unknown
35.8563300952, -78.6503826169;"{""type"": ""Point"", ""coordinates"": [-78.65038261685007, 35.85633009522676]}";White;Raleigh;Sidewalk / Crosswalk / Driveway Crossing;2;7;Urban (>70% Developed);Male;Passenger Car;0;#NULL!;0;0;Black;No;0;11-15;Motorist Left Turn - Opposite Direction;None;No;No;Dry;0;Urban;No;18NOV2010;0;7:57;Female;No;Residential;C: Possible Injury;No;O: No Injury;4578;November;0;Straight - Level;Piedmont;With Traffic;Stop And Go Signal;Thursday;Intersection;14;0;Two-Way, Not Divided;2 lanes;0;#NULL!;#NULL!;Smooth Asphalt;#NULL!;Four-Way Intersection;Motorist Left Turn / Merge;Local Street;C: Possible Injury;Wake;39;Clear;#NULL!;11-15 mph;20 - 25  MPH;2010;Daylight;30-39
35.8247830869, -78.7084376318;"{""type"": ""Point"", ""coordinates"": [-78.70843763183551, 35.82478308690022]}";White;Raleigh;Travel Lane;2;12;Urban (>70% Developed);Male;Light Truck (Mini-Van, Panel);0;#NULL!;0;0;Black;No;0;16-19;Motorist Right Turn - Same Direction;None;No;No;Dry;0;Urban;No;20NOV2010;0;12:01;Female;No;Commercial;C: Possible Injury;No;O: No Injury;4585;November;0;Straight - Level;Piedmont;With Traffic;Stop Sign;Saturday;Intersection;18;0;Two-Way, Not Divided;5 lanes;0;#NULL!;#NULL!;Coarse Asphalt;#NULL!;Four-Way Intersection;Motorist Right Turn / Merge;Local Street;C: Possible Injury;Wake;46;Clear;#NULL!;11-15 mph;30 - 35  MPH;2010;Daylight;40-49
35.6944869672, -81.2180733797;"{""type"": ""Point"", ""coordinates"": [-81.218073379698, 35.694486967193484]}";White;Newton;Travel Lane;2;18;Mixed (30% To 70% Developed);Male;Unknown;0;#NULL!;0;0;Unknown/Missing;No;0;16-19;Motorist Drive Out - Sign-Controlled Intersection;None;No;No;Dry;0;Urban;Yes;27NOV2010;0;18:11;Unknown;Missing;Commercial;C: Possible Injury;Yes;Unknown Injury;4593;November;0;Straight - Level;Piedmont;Facing Traffic;Stop Sign;Saturday;Intersection;17;0;Two-Way, Not Divided;2 lanes;0;#NULL!;#NULL!;Coarse Asphalt;#NULL!;T-Intersection;Motorist Failed to Yield - Sign-Controlled Intersection;Local Street;C: Possible Injury;Catawba;Unknown;Clear;#NULL!;31-35 mph;30 - 35  MPH;2010;Dark - Lighted Roadway;Unknown
35.274766956, -79.0688327121;"{""type"": ""Point"", ""coordinates"": [-79.06883271207393, 35.27476695596934]}";Hispanic;None - Rural Crash;Travel Lane;2;8;Rural (<30% Developed);Male;Passenger Car;0;#NULL!;0;0;Other;No;0;40-49;Motorist Overtaking - Misjudged Space;None;No;No;Dry;0;Rural;No;08DEC2010;0;8:10;Female;No;Farms, Woods, Pastures;C: Possible Injury;Yes;O: No Injury;4596;December;0;Straight - Level;Coastal;With Traffic;No Control Present;Wednesday;Non-Intersection;45;0;Two-Way, Divided, Positive Median Barrier;4 lanes;0;#NULL!;#NULL!;Coarse Asphalt;#NULL!;No Special Feature;Motorist Overtaking Bicyclist;NC Route;C: Possible Injury;Harnett;53;Clear;#NULL!;21-25 mph;50 - 55  MPH;2010;Daylight;50-59
34.6479218213, -79.0144526641;"{""type"": ""Point"", ""coordinates"": [-79.0144526641337, 34.64792182128237]}";Native American;Lumberton;Travel Lane;2;0;Urban (>70% Developed);Male;Passenger Car;0;#NULL!;0;0;Hispanic;No;0;40-49;Motorist Overtaking - Undetected Bicyclist;None;No;No;Dry;0;Urban;No;18DEC2010;0;0:11;Male;No;Commercial;C: Possible Injury;Yes;O: No Injury;4599;December;0;Curve - Grade;Coastal;With Traffic;No Control Present;Saturday;Intersection-Related;48;0;One-Way, Not Divided;1 lane;0;#NULL!;#NULL!;Coarse Asphalt;#NULL!;On or Off Ramp;Motorist Overtaking Bicyclist;Interstate;C: Possible Injury;Robeson;21;Clear;#NULL!;31-35 mph;60 - 75 MPH;2010;Dark - Roadway Not Lighted;20-24
35.5584410772, -77.3161321947;"{""type"": ""Point"", ""coordinates"": [-77.31613219472182, 35.558441077192505]}";White;None - Rural Crash;Travel Lane;2;12;Urban (>70% Developed);Male;Sport Utility;0;No;0;40001726;White;No;0;60-69;Bicyclist Left Turn - Opposite Direction;None;No;#NULL!;Dry;0;Rural;No;25JUL2014;0;12:30;Male;#NULL!;Residential;A: Disabling Injury;Yes;O: No Injury;424;July;0;Straight - Level;Coastal;With Traffic;Double Yellow Line, No Passing Zone;Friday;Intersection;62;1;Two-Way, Not Divided;2 lanes;1;No;SR 1726;Coarse Asphalt;2232;T-Intersection;Bicyclist Left Turn / Merge;State Secondary Route;A: Disabling Injury;Pitt;34;Clear;1728;41-45 mph;40 - 45  MPH;2014;Daylight;30-39
35.5871728961, -82.5031777548;"{""type"": ""Point"", ""coordinates"": [-82.50317775476434, 35.58717289606632]}";White;Asheville;Travel Lane;2;11;Urban (>70% Developed);Female;Passenger Car;0;No;1;20000070;White;No;0;16-19;Bicyclist Ride Out - Sign-Controlled Intersection;None;No;#NULL!;Dry;0;Urban;No;15JUL2014;0;11:53;Female;#NULL!;Commercial;B: Evident Injury;Yes;O: No Injury;425;July;0;Straight - Grade;Mountains;With Traffic;No Control Present;Tuesday;Intersection;19;1;Two-Way, Not Divided;4 lanes;0;No;US 70;Smooth Asphalt;MOUNTAIN VIEW RD;No Special Feature;Bicyclist Failed to Yield - Sign-Controlled Intersection;US Route;B: Evident Injury;Buncombe;24;Clear;AVON RD;41-45 mph;40 - 45  MPH;2014;Daylight;20-24
35.7871070791, -78.6870826234;"{""type"": ""Point"", ""coordinates"": [-78.68708262338285, 35.787107079137414]}";White;Raleigh;Bike Lane / Paved Shoulder;2;16;Urban (>70% Developed);Male;Passenger Car;0;No;0;50012171;Hispanic;No;1;30-39;Bicyclist Ride Out - Sign-Controlled Intersection;None;No;#NULL!;Dry;0;Urban;No;20AUG2014;0;16:30;Male;#NULL!;Institutional;C: Possible Injury;Yes;O: No Injury;435;August;0;Straight - Level;Piedmont;With Traffic;Stop Sign;Wednesday;Intersection;35;1;Two-Way, Not Divided;2 lanes;0;No;GORMAN;Smooth Asphalt;#NULL!;Four-Way Intersection;Bicyclist Failed to Yield - Sign-Controlled Intersection;Local Street;C: Possible Injury;Wake;25;Clear;JACKSON ST;11-15 mph;30 - 35  MPH;2014;Daylight;25-29
35.0902469201, -78.9541266682;"{""type"": ""Point"", ""coordinates"": [-78.9541266682253, 35.090246920084965]}";Hispanic;Fayetteville;Sidewalk / Crosswalk / Driveway Crossing;2;14;Urban (>70% Developed);Male;Passenger Car;0;No;0;0;White;No;1;30-39;Motorist Drive Out - Commercial Driveway / Alley;None;No;#NULL!;Dry;0;Urban;No;16JUL2014;0;14:35;Male;#NULL!;Commercial;C: Possible Injury;No;O: No Injury;468;July;0;Straight - Level;Coastal;Facing Traffic;No Control Present;Wednesday;Non-Intersection;37;1;Two-Way, Not Divided;2 lanes;0;No;PVA 4901 BRAGG BLVD;Coarse Asphalt;SWAIN ST;No Special Feature;Motorist Failed to Yield - Midblock;Public Vehicular Area;C: Possible Injury;Cumberland;59;Clear;BRAGG BLVD;6-10 mph;5 - 15 MPH;2014;Daylight;50-59
35.9913671154, -78.8922126973;"{""type"": ""Point"", ""coordinates"": [-78.89221269731244, 35.99136711537098]}";Black;Durham;Non-Roadway;2;15;Urban (>70% Developed);Male;Passenger Car;0;No;0;0;Black;No;1;6-10;Bicyclist Ride Out - Other Midblock;None;No;#NULL!;Dry;0.114;Urban;No;07SEP2014;0;15:26;Male;#NULL!;Residential;C: Possible Injury;Yes;O: No Injury;486;September;0;Straight - Bottom;Piedmont;Not Applicable;No Control Present;Sunday;Non-Intersection;7;1;Two-Way, Not Divided;2 lanes;0;No;COMMERCE ST;Smooth Asphalt;N ELIZABETH ST;No Special Feature;Bicyclist Failed to Yield - Midblock;Local Street;C: Possible Injury;Durham;55;Clear;E MAIN ST;36-40 mph;30 - 35  MPH;2014;Daylight;50-59
35.3098899389, -79.7568629214;"{""type"": ""Point"", ""coordinates"": [-79.75686292143006, 35.30988993885767]}";Hispanic;None - Rural Crash;Travel Lane;2;22;Mixed (30% To 70% Developed);Male;Passenger Car;0;No;0;21000220;Hispanic;No;1;20-24;Motorist Overtaking - Bicyclist Swerved;None;No;#NULL!;Wet;0.1;Rural;No;02SEP2014;0;22:24;Female;#NULL!;Commercial;C: Possible Injury;Yes;O: No Injury;492;September;0;Straight - Level;Piedmont;With Traffic;No Control Present;Tuesday;Non-Intersection;23;1;Two-Way, Not Divided;2 lanes;0;No;US 220;Smooth Asphalt;1519;No Special Feature;Motorist Overtaking Bicyclist;US Route;C: Possible Injury;Montgomery;18;Fog, Smog, Smoke;1560;46-50 mph;50 - 55  MPH;2014;Dark - Roadway Not Lighted;0-19
35.5838730807, -77.3723122133;"{""type"": ""Point"", ""coordinates"": [-77.3723122132832, 35.583873080655515]}";White;Greenville;Travel Lane;2;20;Urban (>70% Developed);Male;Passenger Car;0;No;1;21000264;Other;No;0;16-19;Motorist Left Turn - Opposite Direction;None;No;#NULL!;Wet;0.003;Urban;No;04SEP2014;0;20:15;Male;#NULL!;Commercial;B: Evident Injury;Yes;O: No Injury;493;September;0;Straight - Level;Coastal;Not Applicable;Stop Sign;Thursday;Intersection-Related;19;1;Two-Way, Not Divided;5 lanes;0;No;US 264;Smooth Asphalt;HIGHLAND AV;No Special Feature;Motorist Left Turn / Merge;US Route;B: Evident Injury;Pitt;28;Rain;KIRKLAND DR;0-5 mph;40 - 45  MPH;2014;Dark - Lighted Roadway;25-29
35.2508118742, -81.1901333469;"{""type"": ""Point"", ""coordinates"": [-81.19013334692163, 35.25081187417386]}";Black;Gastonia;Travel Lane;2;17;Urban (>70% Developed);Female;Sport Utility;0;No;1;20000321;Black;No;0;40-49;Motorist Drive Out - Commercial Driveway / Alley;None;No;#NULL!;Dry;0.038;Urban;No;25JUL2014;0;17:25;Male;#NULL!;Residential;B: Evident Injury;Yes;O: No Injury;500;July;0;Straight - Grade;Piedmont;Facing Traffic;No Control Present;Friday;Non-Intersection;45;1;One-Way, Not Divided;2 lanes;0;No;N YORK ST;Smooth Asphalt;W 8TH AVE;No Special Feature;Motorist Failed to Yield - Midblock;US Route;B: Evident Injury;Gaston;46;Clear;W 10TH AVE;21-25 mph;30 - 35  MPH;2014;Daylight;40-49
35.5421069543, -80.6958032152;"{""type"": ""Point"", ""coordinates"": [-80.69580321518625, 35.542106954320005]}";Unknown/Missing;None - Rural Crash;Travel Lane;2;10;Rural (<30% Developed);Unknown;Pedestrian;0;#NULL!;0;0;White;No;0;Unknown;Parallel Paths - Other / Unknown;None;No;No;Dry;0;Rural;Yes;27SEP2013;0;10:27;Male;No;Farms, Woods, Pastures;A: Disabling Injury;Yes;A: Disabling Injury;1504;September;0;Curve - Grade;Piedmont;With Traffic;Double Yellow Line, No Passing Zone;Friday;Non-Intersection;Unknown;0;Two-Way, Not Divided;2 lanes;0;#NULL!;SR 1361;Smooth Asphalt;#NULL!;No Special Feature;Parallel Paths - Other Circumstances;State Secondary Route;Unknown Injury;Rowan;53;Clear;#NULL!;Unknown;Unknown;2013;Daylight;50-59
36.0813171011, -79.8283029849;"{""type"": ""Point"", ""coordinates"": [-79.828302984898, 36.08131710105332]}";White;Greensboro;Sidewalk / Crosswalk / Driveway Crossing;2;17;Urban (>70% Developed);Male;Passenger Car;0;#NULL!;0;0;Black;No;0;25-29;Motorist Drive Out - Right Turn on Red;None;No;No;Dry;0;Urban;No;23SEP2013;0;17:42;Female;No;Commercial;C: Possible Injury;Yes;O: No Injury;1511;September;0;Straight - Level;Piedmont;With Traffic;Stop And Go Signal;Monday;Intersection;26;0;Two-Way, Not Divided;4 lanes;0;#NULL!;W FRIENDLY AV;Coarse Asphalt;#NULL!;Four-Way Intersection;Motorist Failed to Yield - Signalized Intersection;Local Street;C: Possible Injury;Guilford;54;Clear;#NULL!;6-10 mph;30 - 35  MPH;2013;Daylight;50-59
35.2965769007, -80.741203215;"{""type"": ""Point"", ""coordinates"": [-80.7412032150018, 35.29657690065603]}";Hispanic;Charlotte;Sidewalk / Crosswalk / Driveway Crossing;2;16;Urban (>70% Developed);Female;Passenger Car;0;#NULL!;0;0;Black;No;0;30-39;Motorist Right Turn - Same Direction;None;No;No;Dry;0;Urban;No;23SEP2013;0;16:02;Female;No;Commercial;B: Evident Injury;Yes;O: No Injury;1514;September;0;Straight - Level;Piedmont;With Traffic;Stop And Go Signal;Monday;Intersection;37;0;Two-Way, Divided, Unprotected Median;4 lanes;0;#NULL!;UNIVERSITY CITY BV;Smooth Asphalt;#NULL!;Four-Way Intersection;Motorist Right Turn / Merge;Local Street;B: Evident Injury;Mecklenburg;42;Clear;#NULL!;11-15 mph;40 - 45  MPH;2013;Daylight;40-49
35.0214069074, -78.8948026467;"{""type"": ""Point"", ""coordinates"": [-78.8948026467019, 35.021406907393164]}";Black;Fayetteville;Travel Lane;2;17;Urban (>70% Developed);Female;Sport Utility;0;#NULL!;0;0;Black;No;0;Unknown;Signalized Intersection - Other / Unknown;None;No;No;Dry;0;Urban;No;04SEP2013;0;17:14;Female;No;Commercial;O: No Injury;No;O: No Injury;1515;September;0;Straight - Level;Coastal;Not Applicable;Stop And Go Signal;Wednesday;Intersection-Related;Unknown;0;One-Way, Not Divided;4 lanes;0;#NULL!;GILLESPIE ST;Coarse Asphalt;#NULL!;No Special Feature;Crossing Paths - Other Circumstances;Local Street;O: No Injury;Cumberland;27;Clear;#NULL!;11-15 mph;40 - 45  MPH;2013;Daylight;25-29
36.0695470828, -80.2389031074;"{""type"": ""Point"", ""coordinates"": [-80.23890310741571, 36.06954708279374]}";White;Winston-Salem;Travel Lane;2;12;Urban (>70% Developed);Male;Passenger Car;0;#NULL!;0;0;Asian;No;0;30-39;Motorist Left Turn - Opposite Direction;None;No;No;Dry;0;Urban;No;14AUG2013;0;12:37;Male;No;Residential;B: Evident Injury;No;O: No Injury;1520;August;0;Straight - Grade;Piedmont;With Traffic;Stop And Go Signal;Wednesday;Intersection;30;0;Two-Way, Not Divided;3 lanes;0;#NULL!;S MAIN ST;Smooth Asphalt;#NULL!;Four-Way Intersection;Motorist Left Turn / Merge;Local Street;B: Evident Injury;Forsyth;70+;Clear;#NULL!;6-10 mph;30 - 35  MPH;2013;Daylight;70+
35.7800770801, -78.6222026036;"{""type"": ""Point"", ""coordinates"": [-78.62220260355762, 35.78007708011902]}";Black;Raleigh;Non-Roadway;2;20;Urban (>70% Developed);Male;Passenger Car;0;#NULL!;0;0;Black;No;0;50-59;Bicyclist Ride Out - Commercial Driveway / Alley;None;Yes;Yes;Dry;0;Urban;No;01OCT2013;0;20:38;Male;No;Residential;C: Possible Injury;Yes;O: No Injury;1528;October;0;Straight - Level;Piedmont;Not Applicable;Stop And Go Signal;Tuesday;Non-Intersection;53;0;Two-Way, Divided, Unprotected Median;3 lanes;0;#NULL!;PVA 1221 NEW BERN AVE;Smooth Asphalt;#NULL!;No Special Feature;Bicyclist Failed to Yield - Midblock;Local Street;C: Possible Injury;Wake;20;Clear;#NULL!;11-15 mph;30 - 35  MPH;2013;Dark - Lighted Roadway;20-24
36.0519971226, -79.059202751;"{""type"": ""Point"", ""coordinates"": [-79.0592027509775, 36.05199712256415]}";White;None - Rural Crash;Travel Lane;2;17;Mixed (30% To 70% Developed);Male;Sport Utility;0;#NULL!;0;0;White;No;0;40-49;Motorist Left Turn - Opposite Direction;None;No;No;Dry;0;Rural;No;13SEP2013;0;17:44;Male;No;Residential;B: Evident Injury;Yes;O: No Injury;1537;September;0;Straight - Grade;Piedmont;With Traffic;Double Yellow Line, No Passing Zone;Friday;Non-Intersection;49;0;Two-Way, Not Divided;2 lanes;0;#NULL!;SR 1831;Coarse Asphalt;#NULL!;Driveway, Private;Motorist Left Turn / Merge;Local Street;B: Evident Injury;Orange;24;Clear;#NULL!;6-10 mph;30 - 35  MPH;2013;Daylight;20-24
35.8330570852, -78.8145026651;"{""type"": ""Point"", ""coordinates"": [-78.81450266511719, 35.83305708520518]}";White;Morrisville;Travel Lane;2;7;Urban (>70% Developed);Male;Single Unit Truck (3 Or More Axles);0;#NULL!;0;0;Black;No;0;40-49;Bicyclist Ride Through - Signalized Intersection;None;No;No;Dry;0;Urban;No;26SEP2013;0;7:25;Male;No;Commercial;B: Evident Injury;Yes;O: No Injury;1543;September;0;Straight - Level;Piedmont;With Traffic;Stop And Go Signal;Thursday;Intersection;41;0;Two-Way, Not Divided;2 lanes;0;#NULL!;SR 1002;Smooth Asphalt;#NULL!;T-Intersection;Bicyclist Failed to Yield - Signalized Intersection;State Secondary Route;B: Evident Injury;Wake;50;Clear;#NULL!;41-45 mph;40 - 45  MPH;2013;Daylight;50-59
35.125276861, -80.833303234;"{""type"": ""Point"", ""coordinates"": [-80.83330323397631, 35.12527686099672]}";White;Charlotte;Travel Lane;2;16;Urban (>70% Developed);Male;Passenger Car;0;#NULL!;0;0;White;No;0;40-49;Motorist Right Turn - Same Direction;None;No;No;Dry;0;Urban;No;10OCT2013;0;16:11;Female;No;Residential;B: Evident Injury;Yes;O: No Injury;1545;October;0;Straight - Level;Piedmont;With Traffic;No Control Present;Thursday;Intersection;44;0;Two-Way, Not Divided;4 lanes;0;#NULL!;QUAIL HOLLOW RD;Smooth Asphalt;#NULL!;No Special Feature;Motorist Right Turn / Merge;Local Street;B: Evident Injury;Mecklenburg;16;Cloudy;#NULL!;21-25 mph;30 - 35  MPH;2013;Daylight;0-19
34.7556468968, -77.4749022036;"{""type"": ""Point"", ""coordinates"": [-77.47490220363127, 34.75564689682196]}";Black;None - Rural Crash;Travel Lane;2;19;Mixed (30% To 70% Developed);Male;Sport Utility;0;#NULL!;0;0;White;No;0;50-59;Motorist Left Turn - Opposite Direction;None;No;No;Wet;0;Rural;No;18OCT2013;0;19:37;Female;No;Commercial;B: Evident Injury;Yes;O: No Injury;1567;October;0;Curve - Level;Coastal;With Traffic;No Control Present;Friday;Non-Intersection;56;0;Two-Way, Not Divided;5 lanes;0;#NULL!;US 258;Smooth Asphalt;#NULL!;Driveway, Public;Motorist Left Turn / Merge;US Route;B: Evident Injury;Onslow;23;Rain;#NULL!;0-5 mph;40 - 45  MPH;2013;Dark - Roadway Not Lighted;20-24
35.785666986, -81.2291033884;"{""type"": ""Point"", ""coordinates"": [-81.2291033884407, 35.78566698599658]}";White;None - Rural Crash;Travel Lane;2;6;Rural (<30% Developed);Male;Passenger Car;0;#NULL!;0;0;Unknown/Missing;No;0;30-39;Motorist Overtaking - Other / Unknown;None;No;No;Dry;0;Rural;Yes;22OCT2013;0;6:40;Unknown;No;Residential;B: Evident Injury;Yes;Unknown Injury;1582;October;0;Straight - Level;Piedmont;With Traffic;Double Yellow Line, No Passing Zone;Tuesday;Non-Intersection;32;0;Two-Way, Not Divided;2 lanes;0;#NULL!;SR 1511;Smooth Asphalt;#NULL!;No Special Feature;Motorist Overtaking Bicyclist;State Secondary Route;B: Evident Injury;Catawba;Unknown;Cloudy;#NULL!;21-25 mph;40 - 45  MPH;2013;Dark - Roadway Not Lighted;Unknown
35.8081970865, -78.6033025994;"{""type"": ""Point"", ""coordinates"": [-78.60330259941428, 35.80819708654147]}";Black;Raleigh;Travel Lane;2;7;Rural (<30% Developed);Male;Unknown;0;#NULL!;0;0;Unknown/Missing;No;0;50-59;Motorist Overtaking - Other / Unknown;None;No;No;Dry;0;Urban;Yes;13OCT2013;0;7:26;Unknown;Missing;Industrial;B: Evident Injury;Yes;Unknown Injury;1589;October;0;Straight - Level;Piedmont;With Traffic;No Control Present;Sunday;Non-Intersection;56;0;Two-Way, Not Divided;4 lanes;0;#NULL!;N RALEIGH BLVD;Smooth Asphalt;#NULL!;No Special Feature;Motorist Overtaking Bicyclist;Local Street;B: Evident Injury;Wake;Unknown;Cloudy;#NULL!;41-45 mph;40 - 45  MPH;2013;Dark - Lighted Roadway;Unknown
35.2777968914, -80.8981032606;"{""type"": ""Point"", ""coordinates"": [-80.8981032606141, 35.27779689139638]}";Black;Charlotte;Travel Lane;2;5;Urban (>70% Developed);Male;Passenger Car;0;#NULL!;0;0;White;No;0;50-59;Motorist Overtaking - Undetected Bicyclist;None;No;No;Dry;0;Urban;No;04NOV2013;0;5:07;Male;No;Commercial;C: Possible Injury;Yes;O: No Injury;1600;November;0;Straight - Level;Piedmont;With Traffic;No Control Present;Monday;Intersection;52;0;Two-Way, Not Divided;2 lanes;0;#NULL!;ROZZELLES FERRY ROAD;Smooth Asphalt;#NULL!;No Special Feature;Motorist Overtaking Bicyclist;Local Street;C: Possible Injury;Mecklenburg;65;Clear;#NULL!;41-45 mph;40 - 45  MPH;2013;Dark - Lighted Roadway;60-69
35.2612668893, -80.8367032422;"{""type"": ""Point"", ""coordinates"": [-80.83670324219338, 35.26126688930598]}";Black;Charlotte;Sidewalk / Crosswalk / Driveway Crossing;2;18;Urban (>70% Developed);Male;Van;0;#NULL!;0;0;White;No;0;40-49;Motorist Left Turn - Opposite Direction;None;No;No;Dry;0;Urban;No;10NOV2013;0;18:18;Male;No;Commercial;C: Possible Injury;Yes;O: No Injury;1610;November;0;Straight - Level;Piedmont;With Traffic;Stop And Go Signal;Sunday;Intersection;43;0;Two-Way, Divided, Positive Median Barrier;2 lanes;0;#NULL!;STATESVILLE AV;Smooth Asphalt;#NULL!;No Special Feature;Motorist Left Turn / Merge;Local Street;C: Possible Injury;Mecklenburg;42;Clear;#NULL!;31-35 mph;30 - 35  MPH;2013;Dark - Lighted Roadway;40-49
35.604296962, -80.8629032683;"{""type"": ""Point"", ""coordinates"": [-80.86290326829341, 35.6042969620326]}";White;Mooresville;Travel Lane;2;12;Rural (<30% Developed);Male;Passenger Car;0;#NULL!;0;0;White;No;0;40-49;Motorist Overtaking - Undetected Bicyclist;None;No;No;Dry;0;Urban;No;14OCT2013;0;12:50;Female;No;Residential;C: Possible Injury;Yes;O: No Injury;1614;October;0;Straight - Grade;Piedmont;With Traffic;No Control Present;Monday;Non-Intersection;44;0;Two-Way, Not Divided;2 lanes;0;#NULL!;BLUEFIELD RD;Coarse Asphalt;#NULL!;No Special Feature;Motorist Overtaking Bicyclist;Local Street;C: Possible Injury;Iredell;21;Cloudy;#NULL!;41-45 mph;40 - 45  MPH;2013;Daylight;20-24
35.7277070721, -78.5340025738;"{""type"": ""Point"", ""coordinates"": [-78.53400257379997, 35.72770707208679]}";Black;Raleigh;Travel Lane;2;16;Urban (>70% Developed);Male;Sport Utility;0;#NULL!;0;0;Unknown/Missing;No;0;6-10;Bicyclist Lost Control - Surface Conditions;Road Surface Condition;No;No;Dry;0;Urban;No;26OCT2013;0;16:40;Unknown;Missing;Residential;O: No Injury;No;Unknown Injury;1615;October;0;Straight - Level;Piedmont;With Traffic;No Control Present;Saturday;Non-Intersection;8;0;Two-Way, Not Divided;2 lanes;0;#NULL!;BENTONVILLE CT;Smooth Asphalt;#NULL!;No Special Feature;Loss of Control / Turning Error;Local Street;O: No Injury;Wake;Unknown;Clear;#NULL!;0-5 mph;20 - 25  MPH;2013;Daylight;Unknown
36.3848671318, -80.7154032687;"{""type"": ""Point"", ""coordinates"": [-80.71540326872517, 36.38486713175608]}";White;Dobson;Sidewalk / Crosswalk / Driveway Crossing;2;10;Urban (>70% Developed);Female;Passenger Car;0;#NULL!;0;0;White;No;0;16-19;Motorist Drive Out - Sign-Controlled Intersection;None;No;No;Dry;0;Rural;No;15OCT2013;0;10:55;Female;No;Institutional;O: No Injury;No;O: No Injury;1619;October;0;Straight - Level;Mountains;Facing Traffic;Stop Sign;Tuesday;Intersection;18;0;Two-Way, Divided, Unprotected Median;2 lanes;0;#NULL!;COLLEGE CIR;Smooth Asphalt;#NULL!;T-Intersection;Motorist Failed to Yield - Sign-Controlled Intersection;Local Street;Unknown Injury;Surry;19;Clear;#NULL!;0-5 mph;5 - 15 MPH;2013;Daylight;0-19