Geo Point;Geo Shape;BikeRace;City;BikePos;NumUnits;CrashHour;Locality;BikeSex;DrvrVehTyp;NumBikesNo;BikeAlcDrg;NumBikesBI;RteInvdCd;DrvrRace;Workzone;NumBikesCi;BikeAgeGrp;CrashType;RdDefects;CrashAlcoh;BikeAlcoho;RdConditio;DstncMiFrm;RuralUrban;HitRun;CrashDate;NumBikesUI;CrashTime;DrvrSex;DrvrAlcoho;Developmen;CrashSevr;AmbulanceR;DrvrInjury;OBJECTID;CrashMonth;NumBikesKi;RdCharacte;Region;BikeDir;TraffCntrl;CrashDay;CrashLoc;BikeAge;NumBikesTo;RdConfig;NumLanes;NumBikesAI;DrvrAlcDrg;OnRoad;RdSurface;Towrd_Rd;RdFeature;CrashGrp;RdClass;BikeInjury;County;DrvrAge;Weather;FrmRd;DrvrEstSpd;SpeedLimit;CrashYear;LightCond;DrvrAgeGrp
35.9972271162, -78.9243027069;"{""type"": ""Point"", ""coordinates"": [-78.92430270690005, 35.997227116178415]}";White;Durham;Bike Lane / Paved Shoulder;2;10;Urban (>70% Developed);Female;Pickup;0;#NULL!;0;0;White;No;0;25-29;Motorist Right Turn - Same Direction;None;No;No;Dry;0;Urban;No;05NOV2013;0;10:15;Male;No;Residential;B: Evident Injury;Yes;O: No Injury;1623;November;0;Straight - Level;Piedmont;With Traffic;No Control Present;Tuesday;Intersection;28;0;Two-Way, Not Divided;4 lanes;0;#NULL!;DUKE UNIVERSITY RD;Smooth Asphalt;#NULL!;No Special Feature;Motorist Right Turn / Merge;Local Street;B: Evident Injury;Durham;35;Clear;#NULL!;31-35 mph;30 - 35  MPH;2013;Daylight;30-39
36.4403772747, -77.0981021741;"{""type"": ""Point"", ""coordinates"": [-77.0981021741111, 36.440377274735745]}";Black;Murfreesboro;Travel Lane;2;21;Urban (>70% Developed);Female;Passenger Car;0;#NULL!;0;0;White;No;0;60-69;Bicyclist Failed to Clear - Unknown;None;No;No;Dry;0;Rural;No;21OCT2013;0;21:26;Female;No;Residential;C: Possible Injury;Yes;O: No Injury;1633;October;0;Straight - Level;Coastal;Facing Traffic;Stop And Go Signal;Monday;Intersection;60;0;Two-Way, Not Divided;2 lanes;0;#NULL!;UNION ST;Coarse Asphalt;#NULL!;Four-Way Intersection;Bicyclist Failed to Yield - Signalized Intersection;Local Street;C: Possible Injury;Hertford;70+;Clear;#NULL!;6-10 mph;30 - 35  MPH;2013;Dark - Lighted Roadway;70+
35.3841669251, -80.5819031722;"{""type"": ""Point"", ""coordinates"": [-80.5819031721903, 35.38416692511736]}";White;Concord;Travel Lane;2;18;Mixed (30% To 70% Developed);Male;Pickup;0;#NULL!;0;0;White;No;0;20-24;Bicyclist Ride Through - Sign-Controlled Intersection;None;No;No;Dry;0;Urban;No;29OCT2013;0;18:09;Male;No;Commercial;A: Disabling Injury;Yes;O: No Injury;1640;October;0;Straight - Grade;Piedmont;With Traffic;Stop Sign;Tuesday;Intersection;22;0;Two-Way, Divided, Unprotected Median;2 lanes;0;#NULL!;WILSHIRE AVE;Smooth Asphalt;#NULL!;Four-Way Intersection;Bicyclist Failed to Yield - Sign-Controlled Intersection;Local Street;A: Disabling Injury;Cabarrus;58;Clear;#NULL!;31-35 mph;30 - 35  MPH;2013;Dusk;50-59
35.1066769877, -77.0584020944;"{""type"": ""Point"", ""coordinates"": [-77.0584020944267, 35.10667698770672]}";White;New Bern;Travel Lane;2;13;Urban (>70% Developed);Male;Sport Utility;0;#NULL!;0;0;Black;No;0;50-59;Motorist Right Turn - Same Direction;None;No;No;Dry;0;Urban;No;08SEP2013;0;13:40;Female;No;Residential;B: Evident Injury;No;O: No Injury;1643;September;0;Straight - Level;Coastal;With Traffic;No Control Present;Sunday;Intersection;50;0;Two-Way, Not Divided;2 lanes;0;#NULL!;TRENT BLVD;Concrete;#NULL!;T-Intersection;Motorist Right Turn / Merge;Local Street;B: Evident Injury;Craven;34;Clear;#NULL!;31-35 mph;30 - 35  MPH;2013;Daylight;30-39
34.2695167779, -77.8219022862;"{""type"": ""Point"", ""coordinates"": [-77.82190228617203, 34.26951677786074]}";White;None - Rural Crash;Travel Lane;2;20;Urban (>70% Developed);Female;Van;0;#NULL!;0;0;White;No;0;50-59;Motorist Left Turn - Opposite Direction;None;No;No;Dry;0;Rural;No;16NOV2013;0;20:38;Female;No;Commercial;B: Evident Injury;Yes;O: No Injury;1645;November;0;Straight - Level;Coastal;With Traffic;No Control Present;Saturday;Intersection;55;0;Two-Way, Not Divided;5 lanes;0;#NULL!;US 17;Coarse Asphalt;#NULL!;T-Intersection;Motorist Left Turn / Merge;US Route;B: Evident Injury;New Hanover;40;Clear;#NULL!;16-20 mph;40 - 45  MPH;2013;Daylight;40-49
35.9871470739, -80.025703039;"{""type"": ""Point"", ""coordinates"": [-80.02570303902571, 35.987147073857116]}";White;High Point;Travel Lane;2;16;Urban (>70% Developed);Male;Sport Utility;0;#NULL!;0;0;White;No;0;40-49;Motorist Drive Out - Commercial Driveway / Alley;None;No;No;Dry;0;Urban;No;25OCT2013;0;16:28;Male;No;Commercial;C: Possible Injury;Yes;O: No Injury;1646;October;0;Straight - Level;Piedmont;Facing Traffic;No Control Present;Friday;Non-Intersection;49;0;Two-Way, Not Divided;4 lanes;0;#NULL!;N MAIN ST;Smooth Asphalt;#NULL!;No Special Feature;Motorist Failed to Yield - Midblock;Local Street;C: Possible Injury;Guilford;55;Clear;#NULL!;11-15 mph;30 - 35  MPH;2013;Daylight;50-59
35.7793370809, -78.6074025995;"{""type"": ""Point"", ""coordinates"": [-78.60740259945842, 35.77933708088813]}";Black;Raleigh;Non-Roadway;2;15;Urban (>70% Developed);Male;Passenger Car;0;#NULL!;0;0;Black;No;0;40-49;Non-Roadway;None;No;No;Dry;0;Urban;No;25NOV2013;0;15:47;Male;No;Commercial;C: Possible Injury;No;O: No Injury;1654;November;0;Straight - Level;Piedmont;Not Applicable;No Control Present;Monday;Non-Roadway;44;0;Two-Way, Not Divided;Unknown;0;#NULL!;PVA 2008 NEW BERN AVE;Coarse Asphalt;#NULL!;Driveway, Public;Non-Roadway;Public Vehicular Area;C: Possible Injury;Wake;44;Clear;#NULL!;0-5 mph;Unknown;2013;Daylight;40-49
35.949297067, -79.9799030233;"{""type"": ""Point"", ""coordinates"": [-79.97990302329193, 35.94929706703713]}";Black;High Point;Travel Lane;2;19;Urban (>70% Developed);Male;Passenger Car;0;#NULL!;0;0;Black;No;0;11-15;Bicyclist Left Turn - Same Direction;None;No;No;Dry;0;Urban;No;29OCT2013;0;19:06;Female;No;Residential;B: Evident Injury;Yes;O: No Injury;1655;October;0;Straight - Level;Piedmont;With Traffic;No Control Present;Tuesday;Non-Intersection;12;0;Two-Way, Not Divided;4 lanes;0;#NULL!;BRENTWOOD ST;Coarse Asphalt;#NULL!;No Special Feature;Bicyclist Left Turn / Merge;Local Street;B: Evident Injury;Guilford;50;Clear;#NULL!;31-35 mph;30 - 35  MPH;2013;Dark - Lighted Roadway;50-59
35.2508070021, -77.5814022603;"{""type"": ""Point"", ""coordinates"": [-77.58140226032127, 35.25080700206536]}";Black;Kinston;Bike Lane / Paved Shoulder;2;16;Urban (>70% Developed);Male;Passenger Car;0;#NULL!;0;0;Black;No;0;50-59;Motorist Overtaking - Bicyclist Swerved;None;Yes;Yes;Dry;0;Urban;No;30NOV2013;0;16:20;Male;Yes;Commercial;B: Evident Injury;Yes;O: No Injury;1658;November;0;Straight - Level;Coastal;With Traffic;No Control Present;Saturday;Non-Intersection;53;0;Two-Way, Divided, Unprotected Median;5 lanes;0;#NULL!;US 70;Coarse Asphalt;#NULL!;No Special Feature;Motorist Overtaking Bicyclist;US Route;B: Evident Injury;Lenoir;63;Clear;#NULL!;31-35 mph;30 - 35  MPH;2013;Daylight;60-69
33.9714466935, -78.3878024425;"{""type"": ""Point"", ""coordinates"": [-78.3878024425235, 33.97144669348206]}";White;Shallotte;Travel Lane;2;19;Urban (>70% Developed);Male;Passenger Car;0;#NULL!;0;0;Black;No;0;40-49;Motorist Drive Out - Sign-Controlled Intersection;None;No;No;Dry;0;Rural;No;17SEP2013;0;19:59;Female;No;Commercial;C: Possible Injury;Yes;O: No Injury;1661;September;0;Straight - Level;Coastal;With Traffic;No Control Present;Tuesday;Intersection;49;0;Two-Way, Not Divided;2 lanes;0;#NULL!;MAIN ST;Coarse Asphalt;#NULL!;No Special Feature;Motorist Failed to Yield - Sign-Controlled Intersection;Local Street;C: Possible Injury;Brunswick;64;Clear;#NULL!;0-5 mph;30 - 35  MPH;2013;Dark - Lighted Roadway;60-69
35.6061070863, -77.3723022143;"{""type"": ""Point"", ""coordinates"": [-77.37230221428308, 35.60610708628144]}";White;Greenville;Sidewalk / Crosswalk / Driveway Crossing;2;16;Urban (>70% Developed);Female;Passenger Car;0;#NULL!;0;0;Black;No;0;20-24;Motorist Drive Out - Commercial Driveway / Alley;None;No;No;Dry;0;Urban;No;13NOV2013;0;16:24;Female;No;Commercial;C: Possible Injury;Yes;O: No Injury;1664;November;0;Straight - Level;Coastal;Facing Traffic;No Control Present;Wednesday;Non-Intersection;22;0;Two-Way, Not Divided;3 lanes;0;#NULL!;COTANCHE ST;Coarse Asphalt;#NULL!;No Special Feature;Motorist Failed to Yield - Midblock;Local Street;C: Possible Injury;Pitt;22;Clear;#NULL!;0-5 mph;30 - 35  MPH;2013;Daylight;20-24
36.0823770856, -80.2430031101;"{""type"": ""Point"", ""coordinates"": [-80.24300311006783, 36.08237708555675]}";Black;Winston-Salem;Sidewalk / Crosswalk / Driveway Crossing;2;17;Urban (>70% Developed);Male;Unknown;0;#NULL!;0;0;Unknown/Missing;No;0;16-19;Motorist Drive Out - Commercial Driveway / Alley;None;No;No;Dry;0;Urban;Yes;06NOV2013;0;17:50;Unknown;Missing;Commercial;C: Possible Injury;Yes;Unknown Injury;1677;November;0;Straight - Level;Piedmont;Facing Traffic;No Control Present;Wednesday;Non-Intersection;16;0;Two-Way, Not Divided;2 lanes;0;#NULL!;MARSHALL ST;Concrete;#NULL!;Driveway, Private;Motorist Failed to Yield - Midblock;Local Street;C: Possible Injury;Forsyth;Unknown;Clear;#NULL!;0-5 mph;30 - 35  MPH;2013;Daylight;Unknown
35.7404970718, -78.6305026046;"{""type"": ""Point"", ""coordinates"": [-78.63050260461797, 35.74049707181562]}";Black;Raleigh;Travel Lane;2;11;Urban (>70% Developed);Male;Passenger Car;0;#NULL!;0;0;Hispanic;No;0;16-19;Bicyclist Failed to Clear - Trapped;None;No;No;Wet;0;Urban;No;08DEC2013;0;11:57;Female;No;Residential;C: Possible Injury;Yes;O: No Injury;1678;December;0;Straight - Level;Piedmont;With Traffic;Stop And Go Signal;Sunday;Intersection;18;0;Two-Way, Not Divided;3 lanes;0;#NULL!;CROSS LINK RD;Smooth Asphalt;#NULL!;Four-Way Intersection;Bicyclist Failed to Yield - Signalized Intersection;Local Street;C: Possible Injury;Wake;42;Cloudy;#NULL!;0-5 mph;30 - 35  MPH;2013;Daylight;40-49
35.5811768928, -82.5641037719;"{""type"": ""Point"", ""coordinates"": [-82.56410377192445, 35.58117689275175]}";White;Asheville;Unknown;2;23;Urban (>70% Developed);Male;Passenger Car;0;#NULL!;0;0;Black;No;0;25-29;Motorist Intentionally Caused;None;No;No;Dry;0;Urban;No;01NOV2013;0;23:03;Male;No;Commercial;C: Possible Injury;Yes;O: No Injury;1681;November;0;Straight - Hillcrest;Mountains;Unknown;No Control Present;Friday;Intersection-Related;26;0;Two-Way, Not Divided;2 lanes;0;#NULL!;BARTLETT;Smooth Asphalt;#NULL!;No Special Feature;Other / Unusual Circumstances;Local Street;C: Possible Injury;Buncombe;53;Clear;#NULL!;21-25 mph;20 - 25  MPH;2013;Dark - Lighted Roadway;50-59
35.266726876, -81.2308033593;"{""type"": ""Point"", ""coordinates"": [-81.23080335933378, 35.26672687603074]}";Black;Gastonia;Travel Lane;2;17;Urban (>70% Developed);Male;Sport Utility;0;#NULL!;0;0;White;No;0;50-59;Motorist Overtaking - Bicyclist Swerved;None;No;No;Dry;0;Urban;No;18NOV2013;0;17:30;Female;No;Residential;B: Evident Injury;Yes;O: No Injury;1684;November;0;Straight - Grade;Piedmont;With Traffic;No Control Present;Monday;Intersection-Related;53;0;Two-Way, Not Divided;2 lanes;0;#NULL!;2706 CRESCENT LANE;Coarse Asphalt;#NULL!;No Special Feature;Motorist Overtaking Bicyclist;Local Street;B: Evident Injury;Gaston;37;Clear;#NULL!;26-30 mph;30 - 35  MPH;2013;Dark - Lighted Roadway;30-39
35.4232369271, -80.7496032252;"{""type"": ""Point"", ""coordinates"": [-80.74960322518902, 35.423236927119454]}";White;Concord;Sidewalk / Crosswalk / Driveway Crossing;2;14;Urban (>70% Developed);Male;Passenger Car;0;#NULL!;0;0;White;No;0;11-15;Bicyclist Ride Out - Sign-Controlled Intersection;None;No;No;Dry;0;Urban;No;16NOV2013;0;14:31;Male;No;Residential;C: Possible Injury;No;O: No Injury;1689;November;0;Straight - Level;Piedmont;With Traffic;Stop Sign;Saturday;Intersection;11;0;Two-Way, Not Divided;4 lanes;0;#NULL!;BRIDGEFORD DR;Coarse Asphalt;#NULL!;Four-Way Intersection;Bicyclist Failed to Yield - Sign-Controlled Intersection;Local Street;C: Possible Injury;Cabarrus;41;Cloudy;#NULL!;0-5 mph;20 - 25  MPH;2013;Daylight;40-49
35.8014570795, -78.7677026495;"{""type"": ""Point"", ""coordinates"": [-78.76770264953349, 35.80145707950439]}";White;Cary;Travel Lane;2;16;Urban (>70% Developed);Male;Passenger Car;0;#NULL!;0;0;White;No;0;40-49;Bicyclist Ride Through - Signalized Intersection;None;No;No;Dry;0;Urban;No;10NOV2013;0;16:22;Female;No;Commercial;C: Possible Injury;Yes;O: No Injury;1696;November;0;Straight - Level;Piedmont;With Traffic;Flashing Stop And Go Signal;Sunday;Intersection;44;0;Two-Way, Not Divided;4 lanes;0;#NULL!;NE MAYNARD RD;Coarse Asphalt;#NULL!;Related To Intersection;Bicyclist Failed to Yield - Signalized Intersection;State Secondary Route;C: Possible Injury;Wake;70+;Clear;#NULL!;6-10 mph;30 - 35  MPH;2013;Daylight;70+
34.610856815, -78.9805026521;"{""type"": ""Point"", ""coordinates"": [-78.98050265208744, 34.610856815040265]}";Black;Lumberton;Travel Lane;2;23;Urban (>70% Developed);Male;Passenger Car;0;#NULL!;0;0;Native American;No;0;50-59;Bicyclist Ride Through - Sign-Controlled Intersection;None;Yes;Yes;Dry;0;Urban;No;16NOV2013;0;23:05;Female;No;Commercial;C: Possible Injury;Yes;O: No Injury;1701;November;0;Straight - Level;Coastal;With Traffic;No Control Present;Saturday;Intersection;52;0;Two-Way, Not Divided;5 lanes;0;#NULL!;ROBERTS AVE;Coarse Asphalt;#NULL!;No Special Feature;Bicyclist Failed to Yield - Sign-Controlled Intersection;Local Street;C: Possible Injury;Robeson;31;Fog, Smog, Smoke;#NULL!;31-35 mph;30 - 35  MPH;2013;Dark - Lighted Roadway;30-39
36.0183871206, -78.9123027044;"{""type"": ""Point"", ""coordinates"": [-78.91230270437504, 36.01838712060275]}";Hispanic;Durham;Sidewalk / Crosswalk / Driveway Crossing;2;8;Urban (>70% Developed);Male;Pickup;0;#NULL!;0;0;Unknown/Missing;No;0;25-29;Motorist Drive Out - Right Turn on Red;None;No;No;Dry;0;Urban;Yes;18DEC2013;0;8:49;Unknown;No;Commercial;C: Possible Injury;No;Unknown Injury;1704;December;0;Straight - Level;Piedmont;Facing Traffic;Stop And Go Signal;Wednesday;Intersection;25;0;Two-Way, Not Divided;2 lanes;0;#NULL!;PVA 1058 W CLUB BLVD;Coarse Asphalt;#NULL!;Driveway, Public;Motorist Failed to Yield - Signalized Intersection;Public Vehicular Area;O: No Injury;Durham;Unknown;Clear;#NULL!;16-20 mph;30 - 35  MPH;2013;Daylight;Unknown
35.755017099, -77.9254023906;"{""type"": ""Point"", ""coordinates"": [-77.92540239064986, 35.75501709899941]}";Other;Wilson;Travel Lane;2;10;Urban (>70% Developed);Male;Sport Utility;0;#NULL!;0;0;White;No;0;25-29;Bicyclist Failed to Clear - Multiple Threat;None;No;No;Dry;0;Urban;No;07NOV2013;0;10:13;Male;No;Residential;C: Possible Injury;Yes;O: No Injury;1709;November;0;Straight - Level;Coastal;With Traffic;Stop And Go Signal;Thursday;Intersection;26;0;Two-Way, Not Divided;4 lanes;0;#NULL!;WARD BLVD;Coarse Asphalt;#NULL!;Four-Way Intersection;Bicyclist Failed to Yield - Signalized Intersection;Local Street;C: Possible Injury;Wilson;61;Clear;#NULL!;31-35 mph;40 - 45  MPH;2013;Daylight;60-69
35.0058969234, -78.3119024703;"{""type"": ""Point"", ""coordinates"": [-78.31190247031365, 35.00589692343561]}";Black;Clinton;Non-Roadway;2;7;Urban (>70% Developed);Male;Passenger Car;0;#NULL!;0;0;Black;No;0;70+;Non-Roadway;None;No;No;Wet;0;Urban;No;18NOV2013;0;7:50;Female;No;Commercial;C: Possible Injury;Yes;O: No Injury;1717;November;0;Straight - Level;Coastal;Not Applicable;No Control Present;Monday;Non-Roadway;70+;0;Two-Way, Not Divided;2 lanes;0;#NULL!;PVA BP EXPRESS MARKET;Coarse Asphalt;#NULL!;No Special Feature;Non-Roadway;Public Vehicular Area;C: Possible Injury;Sampson;65;Cloudy;#NULL!;0-5 mph;5 - 15 MPH;2013;Daylight;60-69
35.464977021, -78.3879025167;"{""type"": ""Point"", ""coordinates"": [-78.38790251670997, 35.464977020967936]}";Hispanic;Four Oaks;Travel Lane;2;6;Mixed (30% To 70% Developed);Male;Pickup;0;#NULL!;0;0;White;No;0;50-59;Motorist Overtaking - Other / Unknown;None;No;No;Dry;0;Rural;No;06DEC2013;0;6:50;Male;No;Residential;B: Evident Injury;Yes;O: No Injury;1726;December;0;Straight - Level;Coastal;With Traffic;No Control Present;Friday;Intersection;58;0;Two-Way, Divided, Unprotected Median;3 lanes;0;#NULL!;US 301;Coarse Asphalt;#NULL!;No Special Feature;Motorist Overtaking Bicyclist;US Route;B: Evident Injury;Johnston;70+;Clear;#NULL!;31-35 mph;30 - 35  MPH;2013;Daylight;70+
35.7199870483, -79.1706027663;"{""type"": ""Point"", ""coordinates"": [-79.17060276634261, 35.7199870482779]}";White;Pittsboro;Sidewalk / Crosswalk / Driveway Crossing;2;16;Mixed (30% To 70% Developed);Male;Passenger Car;0;#NULL!;0;0;Black;No;0;11-15;Motorist Drive Out - Commercial Driveway / Alley;None;No;No;Dry;0;Rural;No;11DEC2013;0;16:02;Female;No;Commercial;B: Evident Injury;Yes;O: No Injury;1732;December;0;Straight - Grade;Piedmont;Facing Traffic;Stop Sign;Wednesday;Non-Intersection;12;0;Two-Way, Not Divided;3 lanes;0;#NULL!;PVA PIGGLY WIGGLY;Smooth Asphalt;#NULL!;T-Intersection;Motorist Failed to Yield - Midblock;Public Vehicular Area;B: Evident Injury;Chatham;62;Clear;#NULL!;Unknown;Unknown;2013;Daylight;60-69
34.2375267676, -77.9217023141;"{""type"": ""Point"", ""coordinates"": [-77.9217023141305, 34.23752676757248]}";Black;Wilmington;Travel Lane;2;18;Urban (>70% Developed);Male;Unknown;0;#NULL!;0;0;Unknown/Missing;No;0;25-29;Motorist Drive Out - Sign-Controlled Intersection;None;Yes;Yes;Dry;0;Urban;Yes;22DEC2013;0;18:56;Unknown;Missing;Residential;C: Possible Injury;No;Unknown Injury;1734;December;0;Straight - Level;Coastal;Facing Traffic;Stop Sign;Sunday;Intersection;26;0;Two-Way, Divided, Unprotected Median;2 lanes;0;#NULL!;N 21ST ST;Coarse Asphalt;#NULL!;No Special Feature;Motorist Failed to Yield - Sign-Controlled Intersection;Local Street;C: Possible Injury;New Hanover;Unknown;Clear;#NULL!;6-10 mph;20 - 25  MPH;2013;Dark - Lighted Roadway;Unknown
34.2422267691, -77.8921023063;"{""type"": ""Point"", ""coordinates"": [-77.89210230632229, 34.242226769116044]}";Black;Wilmington;Sidewalk / Crosswalk / Driveway Crossing;2;0;Urban (>70% Developed);Male;Pickup;0;#NULL!;0;0;White;No;0;30-39;Motorist Drive Out - Commercial Driveway / Alley;None;Yes;No;Dry;0;Urban;No;13DEC2013;0;0:17;Male;Yes;Commercial;C: Possible Injury;No;O: No Injury;1738;December;0;Straight - Level;Coastal;Facing Traffic;Stop And Go Signal;Friday;Non-Intersection;34;0;Two-Way, Not Divided;5 lanes;0;#NULL!;MARKET ST;Smooth Asphalt;#NULL!;No Special Feature;Motorist Failed to Yield - Midblock;Local Street;C: Possible Injury;New Hanover;47;Clear;#NULL!;6-10 mph;5 - 15 MPH;2013;Dark - Lighted Roadway;40-49
35.4067169303, -80.5868031747;"{""type"": ""Point"", ""coordinates"": [-80.58680317469017, 35.406716930287956]}";White;Concord;Travel Lane;2;18;Mixed (30% To 70% Developed);Male;Passenger Car;0;#NULL!;0;0;Black;No;0;40-49;Motorist Drive Out - Sign-Controlled Intersection;None;No;No;Wet;0;Urban;No;14DEC2013;0;18:02;Female;No;Residential;C: Possible Injury;No;O: No Injury;1739;December;0;Straight - Grade;Piedmont;Facing Traffic;Stop Sign;Saturday;Intersection-Related;41;0;Two-Way, Not Divided;2 lanes;0;#NULL!;CROWELL AE;Smooth Asphalt;#NULL!;T-Intersection;Motorist Failed to Yield - Sign-Controlled Intersection;Local Street;C: Possible Injury;Cabarrus;68;Rain;#NULL!;11-15 mph;30 - 35  MPH;2013;Dark - Lighted Roadway;60-69
34.9591468636, -79.7481029007;"{""type"": ""Point"", ""coordinates"": [-79.74810290066956, 34.95914686364369]}";White;Rockingham;Travel Lane;2;15;Urban (>70% Developed);Male;Pickup;0;#NULL!;0;0;White;No;0;40-49;Motorist Overtaking - Misjudged Space;None;No;No;Dry;0;Urban;No;31DEC2013;0;15:19;Male;No;Residential;B: Evident Injury;No;O: No Injury;1743;December;0;Straight - Level;Piedmont;With Traffic;Double Yellow Line, No Passing Zone;Tuesday;Intersection-Related;41;0;Two-Way, Not Divided;2 lanes;0;#NULL!;RICHMOND ROAD;Coarse Asphalt;#NULL!;No Special Feature;Motorist Overtaking Bicyclist;Local Street;B: Evident Injury;Richmond;70+;Cloudy;#NULL!;31-35 mph;30 - 35  MPH;2013;Daylight;70+
35.615837087, -77.3899022208;"{""type"": ""Point"", ""coordinates"": [-77.3899022207737, 35.615837086973364]}";Black;Greenville;Travel Lane;2;15;Urban (>70% Developed);Male;Passenger Car;0;#NULL!;0;0;Black;No;0;16-19;Bicyclist Ride Through - Sign-Controlled Intersection;None;No;No;Dry;0;Urban;No;18AUG2013;0;15:28;Female;No;Residential;B: Evident Injury;Yes;O: No Injury;1747;August;0;Straight - Level;Coastal;With Traffic;Stop Sign;Sunday;Intersection;16;0;Two-Way, Not Divided;2 lanes;0;#NULL!;W 3RD ST;Grooved Concrete;#NULL!;No Special Feature;Bicyclist Failed to Yield - Sign-Controlled Intersection;Local Street;B: Evident Injury;Pitt;45;Clear;#NULL!;31-35 mph;30 - 35  MPH;2013;Daylight;40-49
35.1989668765, -80.8406032393;"{""type"": ""Point"", ""coordinates"": [-80.8406032393075, 35.19896687654225]}";White;Charlotte;Travel Lane;2;14;Urban (>70% Developed);Male;Sport Utility;0;#NULL!;0;0;Black;No;0;20-24;Motorist Right Turn - Same Direction;None;No;No;Dry;0;Urban;No;07JAN2012;0;14:20;Male;No;Commercial;O: No Injury;No;O: No Injury;1749;January;0;Straight - Level;Piedmont;With Traffic;No Control Present;Saturday;Non-Intersection;23;0;Two-Way, Not Divided;3 lanes;0;#NULL!;#NULL!;Coarse Asphalt;#NULL!;No Special Feature;Motorist Right Turn / Merge;Local Street;O: No Injury;Mecklenburg;34;Clear;#NULL!;6-10 mph;30 - 35  MPH;2012;Daylight;30-39
36.0123971203, -78.8867026966;"{""type"": ""Point"", ""coordinates"": [-78.88670269660226, 36.01239712030285]}";Hispanic;Durham;Other;2;10;Urban (>70% Developed);Male;Passenger Car;0;#NULL!;0;0;Black;No;0;30-39;Motorist Left Turn - Opposite Direction;None;No;No;Dry;0;Urban;No;10JAN2012;0;10:42;Male;No;Residential;B: Evident Injury;Yes;O: No Injury;1755;January;0;Straight - Level;Piedmont;With Traffic;No Control Present;Tuesday;Intersection;39;0;Two-Way, Not Divided;2 lanes;0;#NULL!;#NULL!;Smooth Asphalt;#NULL!;No Special Feature;Motorist Left Turn / Merge;Local Street;B: Evident Injury;Durham;25;Clear;#NULL!;16-20 mph;30 - 35  MPH;2012;Daylight;25-29
35.7336970953, -77.9126023857;"{""type"": ""Point"", ""coordinates"": [-77.91260238569511, 35.73369709532515]}";Black;Wilson;Travel Lane;2;18;Urban (>70% Developed);Male;Police;0;#NULL!;0;0;Black;No;0;50-59;Bicyclist Ride Through - Sign-Controlled Intersection;None;Yes;Yes;Dry;0;Urban;No;12JAN2012;0;18:16;Female;No;Residential;O: No Injury;No;O: No Injury;1760;January;0;Straight - Level;Coastal;With Traffic;Stop Sign;Thursday;Intersection;52;0;Two-Way, Not Divided;2 lanes;0;#NULL!;#NULL!;Smooth Asphalt;#NULL!;T-Intersection;Bicyclist Failed to Yield - Sign-Controlled Intersection;Local Street;O: No Injury;Wilson;25;Clear;#NULL!;21-25 mph;30 - 35  MPH;2012;Dark - Lighted Roadway;25-29
36.0081171183, -78.9293027096;"{""type"": ""Point"", ""coordinates"": [-78.9293027095851, 36.008117118265304]}";White;Durham;Travel Lane;3;8;Urban (>70% Developed);Male;Sport Utility;0;#NULL!;0;0;Black;No;0;20-24;Bicyclist Left Turn - Opposite Direction;None;No;No;Dry;0;Urban;No;19JAN2012;0;8:29;Male;No;Commercial;B: Evident Injury;Yes;O: No Injury;1761;January;0;Straight - Level;Piedmont;With Traffic;Stop And Go Signal;Thursday;Intersection;23;0;Two-Way, Not Divided;2 lanes;0;#NULL!;#NULL!;Smooth Asphalt;#NULL!;Four-Way Intersection;Bicyclist Left Turn / Merge;Local Street;B: Evident Injury;Durham;30;Clear;#NULL!;21-25 mph;30 - 35  MPH;2012;Daylight;30-39
35.3324669117, -80.6451031888;"{""type"": ""Point"", ""coordinates"": [-80.64510318876347, 35.33246691168928]}";Unknown/Missing;Harrisburg;Travel Lane;2;18;Urban (>70% Developed);Unknown;Unknown;0;#NULL!;0;0;Unknown/Missing;No;0;Unknown;Motorist Overtaking - Other / Unknown;None;No;No;Dry;0;Urban;Yes;06JAN2012;0;18:51;Unknown;Missing;Residential;Unknown Injury;No;Unknown Injury;1763;January;0;Straight - Level;Piedmont;With Traffic;Stop Sign;Friday;Intersection;Unknown;0;Two-Way, Not Divided;3 lanes;0;#NULL!;#NULL!;Smooth Asphalt;#NULL!;No Special Feature;Motorist Overtaking Bicyclist;Local Street;Unknown Injury;Cabarrus;Unknown;Clear;#NULL!;31-35 mph;30 - 35  MPH;2012;Dark - Lighted Roadway;Unknown
36.2147770582, -81.6888035495;"{""type"": ""Point"", ""coordinates"": [-81.68880354946778, 36.214777058213926]}";White;Boone;Travel Lane;2;14;Urban (>70% Developed);Male;Pickup;0;#NULL!;0;0;White;No;0;20-24;Motorist Left Turn - Opposite Direction;None;No;No;Dry;0;Urban;No;24JAN2012;0;14:30;Male;No;Residential;B: Evident Injury;Yes;O: No Injury;1764;January;0;Curve - Grade;Mountains;With Traffic;No Control Present;Tuesday;Non-Intersection;20;0;Two-Way, Not Divided;2 lanes;0;#NULL!;#NULL!;Coarse Asphalt;#NULL!;Driveway, Public;Motorist Left Turn / Merge;Public Vehicular Area;B: Evident Injury;Watauga;56;Clear;#NULL!;6-10 mph;30 - 35  MPH;2012;Daylight;50-59