Geo Point;Geo Shape;BikeRace;City;BikePos;NumUnits;CrashHour;Locality;BikeSex;DrvrVehTyp;NumBikesNo;BikeAlcDrg;NumBikesBI;RteInvdCd;DrvrRace;Workzone;NumBikesCi;BikeAgeGrp;CrashType;RdDefects;CrashAlcoh;BikeAlcoho;RdConditio;DstncMiFrm;RuralUrban;HitRun;CrashDate;NumBikesUI;CrashTime;DrvrSex;DrvrAlcoho;Developmen;CrashSevr;AmbulanceR;DrvrInjury;OBJECTID;CrashMonth;NumBikesKi;RdCharacte;Region;BikeDir;TraffCntrl;CrashDay;CrashLoc;BikeAge;NumBikesTo;RdConfig;NumLanes;NumBikesAI;DrvrAlcDrg;OnRoad;RdSurface;Towrd_Rd;RdFeature;CrashGrp;RdClass;BikeInjury;County;DrvrAge;Weather;FrmRd;DrvrEstSpd;SpeedLimit;CrashYear;LightCond;DrvrAgeGrp
36.1127271102, -79.753702964;"{""type"": ""Point"", ""coordinates"": [-79.75370296403348, 36.11272711017769]}";White;Greensboro;Travel Lane;2;19;Urban (>70% Developed);Male;Pickup;0;#NULL!;0;0;White;No;0;40-49;Motorist Left Turn - Opposite Direction;None;Yes;Yes;Dry;0;Urban;No;06JAN2012;0;19:30;Male;No;Commercial;C: Possible Injury;Yes;O: No Injury;1765;January;0;Straight - Level;Piedmont;With Traffic;Stop And Go Signal;Friday;Intersection;49;0;Two-Way, Divided, Positive Median Barrier;6 lanes;0;#NULL!;#NULL!;Smooth Asphalt;#NULL!;No Special Feature;Motorist Left Turn / Merge;Local Street;C: Possible Injury;Guilford;37;Clear;#NULL!;11-15 mph;30 - 35  MPH;2012;Dark - Lighted Roadway;30-39
35.2261668567, -81.5260034455;"{""type"": ""Point"", ""coordinates"": [-81.5260034454794, 35.226166856746026]}";White;Patterson Springs;Travel Lane;2;16;Mixed (30% To 70% Developed);Male;Passenger Car;0;#NULL!;0;0;White;No;0;11-15;Bicyclist Left Turn - Opposite Direction;None;No;No;Dry;0;Rural;No;27JAN2012;0;16:05;Female;No;Residential;B: Evident Injury;Yes;O: No Injury;1768;January;0;Straight - Level;Mountains;With Traffic;Double Yellow Line, No Passing Zone;Friday;Intersection;15;0;Two-Way, Not Divided;2 lanes;0;#NULL!;#NULL!;Smooth Asphalt;#NULL!;T-Intersection;Bicyclist Left Turn / Merge;NC Route;B: Evident Injury;Cleveland;70+;Clear;#NULL!;41-45 mph;40 - 45  MPH;2012;Daylight;70+
35.2612268898, -80.8368032424;"{""type"": ""Point"", ""coordinates"": [-80.83680324236767, 35.261226889770406]}";Black;Charlotte;Sidewalk / Crosswalk / Driveway Crossing;2;18;Urban (>70% Developed);Male;Passenger Car;0;#NULL!;0;0;Black;No;0;40-49;Motorist Left Turn - Opposite Direction;None;Yes;Yes;Dry;0;Urban;No;26JAN2012;0;18:12;Female;No;Commercial;B: Evident Injury;No;O: No Injury;1769;January;0;Straight - Level;Piedmont;With Traffic;Stop And Go Signal;Thursday;Intersection;48;0;Two-Way, Not Divided;3 lanes;0;#NULL!;#NULL!;Smooth Asphalt;#NULL!;No Special Feature;Motorist Left Turn / Merge;Local Street;B: Evident Injury;Mecklenburg;41;Clear;#NULL!;0-5 mph;30 - 35  MPH;2012;Dark - Lighted Roadway;40-49
35.832587084, -78.8388026719;"{""type"": ""Point"", ""coordinates"": [-78.83880267193629, 35.83258708402456]}";White;Morrisville;Travel Lane;2;12;Urban (>70% Developed);Male;Passenger Car;0;#NULL!;0;0;Other;No;0;30-39;Motorist Drive Out - Sign-Controlled Intersection;None;No;No;Dry;0;Urban;No;01FEB2012;0;12:44;Female;No;Residential;C: Possible Injury;Yes;O: No Injury;1772;February;0;Straight - Level;Piedmont;With Traffic;Stop Sign;Wednesday;Intersection;33;0;One-Way, Not Divided;4 lanes;0;#NULL!;#NULL!;Smooth Asphalt;#NULL!;Four-Way Intersection;Motorist Failed to Yield - Sign-Controlled Intersection;Local Street;C: Possible Injury;Wake;26;Clear;#NULL!;16-20 mph;30 - 35  MPH;2012;Daylight;25-29
35.2206168823, -80.8146032332;"{""type"": ""Point"", ""coordinates"": [-80.81460323323891, 35.22061688228314]}";Black;Charlotte;Sidewalk / Crosswalk / Driveway Crossing;2;12;Urban (>70% Developed);Male;Pickup;0;#NULL!;0;0;White;No;0;40-49;Backing Vehicle;None;No;No;Dry;0;Urban;No;15FEB2012;0;12:19;Male;No;Commercial;C: Possible Injury;Yes;O: No Injury;1791;February;0;Straight - Grade;Piedmont;Facing Traffic;No Control Present;Wednesday;Non-Intersection;42;0;Two-Way, Not Divided;4 lanes;0;#NULL!;#NULL!;Concrete;#NULL!;No Special Feature;Backing Vehicle;Local Street;C: Possible Injury;Mecklenburg;65;Clear;#NULL!;0-5 mph;30 - 35  MPH;2012;Daylight;60-69
34.2374867666, -77.9368023193;"{""type"": ""Point"", ""coordinates"": [-77.93680231932949, 34.2374867666014]}";White;Wilmington;Travel Lane;2;15;Rural (<30% Developed);Male;Passenger Car;0;#NULL!;0;0;Black;No;0;30-39;Motorist Right Turn - Same Direction;None;No;No;Dry;0;Urban;No;22FEB2012;0;15:30;Male;No;Commercial;C: Possible Injury;Yes;O: No Injury;1811;February;0;Straight - Level;Coastal;With Traffic;No Control Present;Wednesday;Intersection;30;0;Two-Way, Not Divided;2 lanes;0;#NULL!;#NULL!;Coarse Asphalt;#NULL!;Four-Way Intersection;Motorist Right Turn / Merge;Local Street;C: Possible Injury;New Hanover;44;Clear;#NULL!;31-35 mph;30 - 35  MPH;2012;Daylight;40-49
35.251936889, -80.810403233;"{""type"": ""Point"", ""coordinates"": [-80.81040323300626, 35.2519368890303]}";White;Charlotte;Sidewalk / Crosswalk / Driveway Crossing;2;16;Urban (>70% Developed);Male;Unknown;0;#NULL!;0;0;Unknown/Missing;No;0;50-59;Motorist Right Turn - Opposite Direction;None;No;No;Dry;0;Urban;Yes;05MAR2012;0;16:05;Unknown;Missing;Commercial;B: Evident Injury;No;Unknown Injury;1821;March;0;Straight - Level;Piedmont;Facing Traffic;Stop And Go Signal;Monday;Intersection;57;0;Two-Way, Not Divided;4 lanes;0;#NULL!;#NULL!;Smooth Asphalt;#NULL!;No Special Feature;Motorist Right Turn / Merge;Local Street;B: Evident Injury;Mecklenburg;Unknown;Clear;#NULL!;0-5 mph;40 - 45  MPH;2012;Daylight;Unknown
36.0638670981, -79.8019029759;"{""type"": ""Point"", ""coordinates"": [-79.80190297585928, 36.06386709812626]}";Black;Greensboro;Sidewalk / Crosswalk / Driveway Crossing;2;16;Urban (>70% Developed);Male;Passenger Car;0;#NULL!;0;0;White;No;0;50-59;Motorist Drive Out - Sign-Controlled Intersection;None;Yes;Yes;Dry;0;Urban;No;21FEB2012;0;16:47;Female;No;Commercial;C: Possible Injury;No;O: No Injury;1830;February;0;Straight - Hillcrest;Piedmont;Facing Traffic;Stop Sign;Tuesday;Intersection;56;0;Two-Way, Not Divided;2 lanes;0;#NULL!;#NULL!;Smooth Asphalt;#NULL!;T-Intersection;Motorist Failed to Yield - Sign-Controlled Intersection;Local Street;C: Possible Injury;Guilford;32;Clear;#NULL!;0-5 mph;30 - 35  MPH;2012;Daylight;30-39
35.1403268655, -80.8022032253;"{""type"": ""Point"", ""coordinates"": [-80.80220322525331, 35.14032686550008]}";White;Charlotte;Travel Lane;2;18;Urban (>70% Developed);Male;Passenger Car;0;#NULL!;0;0;White;No;0;11-15;Motorist Drive Out - Sign-Controlled Intersection;None;No;No;Dry;0;Urban;No;14MAR2012;0;18:25;Female;No;Residential;B: Evident Injury;Yes;O: No Injury;1834;March;0;Straight - Level;Piedmont;Facing Traffic;Stop Sign;Wednesday;Intersection;15;0;Two-Way, Not Divided;2 lanes;0;#NULL!;#NULL!;Smooth Asphalt;#NULL!;T-Intersection;Motorist Failed to Yield - Sign-Controlled Intersection;Local Street;B: Evident Injury;Mecklenburg;17;Clear;#NULL!;0-5 mph;20 - 25  MPH;2012;Daylight;0-19
36.0664270988, -79.8055029765;"{""type"": ""Point"", ""coordinates"": [-79.80550297653457, 36.066427098832854]}";Unknown/Missing;Greensboro;Sidewalk / Crosswalk / Driveway Crossing;2;10;Urban (>70% Developed);Male;Unknown;0;#NULL!;0;0;Unknown/Missing;No;0;20-24;Motorist Left Turn - Opposite Direction;None;No;No;Dry;0;Urban;Yes;23FEB2012;0;10:53;Unknown;Missing;Institutional;O: No Injury;No;Unknown Injury;1836;February;0;Straight - Level;Piedmont;With Traffic;Stop And Go Signal;Thursday;Intersection;20;0;Two-Way, Not Divided;Unknown;0;#NULL!;#NULL!;Smooth Asphalt;#NULL!;No Special Feature;Motorist Left Turn / Merge;Local Street;O: No Injury;Guilford;Unknown;Clear;#NULL!;Unknown;Unknown;2012;Daylight;Unknown
35.7792770777, -78.6871026231;"{""type"": ""Point"", ""coordinates"": [-78.68710262305542, 35.77927707765678]}";White;Raleigh;Travel Lane;2;16;Urban (>70% Developed);Male;Pickup;0;#NULL!;0;0;White;No;0;20-24;Motorist Left Turn - Opposite Direction;None;No;No;Dry;0;Urban;No;14MAR2012;0;16:51;Male;No;Commercial;B: Evident Injury;Yes;O: No Injury;1838;March;0;Straight - Hillcrest;Piedmont;With Traffic;No Control Present;Wednesday;Intersection;21;0;Two-Way, Not Divided;2 lanes;0;#NULL!;#NULL!;Smooth Asphalt;#NULL!;Four-Way Intersection;Motorist Left Turn / Merge;Unknown;B: Evident Injury;Wake;22;Clear;#NULL!;6-10 mph;30 - 35  MPH;2012;Daylight;20-24
35.8430771006, -78.4144025436;"{""type"": ""Point"", ""coordinates"": [-78.414402543617, 35.843077100647456]}";Hispanic;None - Rural Crash;Bike Lane / Paved Shoulder;2;18;Urban (>70% Developed);Male;Passenger Car;0;#NULL!;0;0;White;No;0;0-5;Bicyclist Ride Out - Other Midblock;None;No;No;Dry;0;Rural;No;15MAR2012;0;18:05;Male;No;Residential;B: Evident Injury;Yes;O: No Injury;1839;March;0;Straight - Grade;Piedmont;Not Applicable;No Control Present;Thursday;Non-Intersection;4;0;Two-Way, Not Divided;2 lanes;0;#NULL!;#NULL!;Coarse Asphalt;#NULL!;No Special Feature;Bicyclist Failed to Yield - Midblock;Local Street;B: Evident Injury;Wake;55;Clear;#NULL!;16-20 mph;5 - 15 MPH;2012;Daylight;50-59
34.702836895, -77.1553021048;"{""type"": ""Point"", ""coordinates"": [-77.15530210484043, 34.70283689501238]}";Unknown/Missing;Swansboro;Travel Lane;2;14;Urban (>70% Developed);Unknown;Passenger Car;0;#NULL!;0;0;White;No;0;16-19;Bicyclist Ride Out - Other Midblock;None;No;No;Dry;0;Rural;No;27FEB2012;0;14:50;Female;No;Commercial;O: No Injury;No;O: No Injury;1847;February;0;Straight - Level;Coastal;Not Applicable;No Control Present;Monday;Non-Intersection;16;0;Two-Way, Divided, Unprotected Median;3 lanes;0;#NULL!;#NULL!;Smooth Asphalt;#NULL!;No Special Feature;Bicyclist Failed to Yield - Midblock;State Secondary Route;Unknown Injury;Onslow;70+;Clear;#NULL!;26-30 mph;30 - 35  MPH;2012;Daylight;70+
36.2301171354, -79.7554029712;"{""type"": ""Point"", ""coordinates"": [-79.75540297123506, 36.23011713538123]}";White;None - Rural Crash;Travel Lane;2;18;Mixed (30% To 70% Developed);Male;Pickup;0;#NULL!;0;0;White;No;0;60-69;Motorist Overtaking - Other / Unknown;None;No;No;Dry;0;Rural;No;19MAR2012;0;18:30;Male;No;Farms, Woods, Pastures;A: Disabling Injury;Yes;O: No Injury;1859;March;0;Straight - Level;Piedmont;With Traffic;Double Yellow Line, No Passing Zone;Monday;Non-Intersection;69;0;Two-Way, Not Divided;2 lanes;0;#NULL!;#NULL!;Coarse Asphalt;#NULL!;No Special Feature;Motorist Overtaking Bicyclist;NC Route;A: Disabling Injury;Guilford;36;Clear;#NULL!;41-45 mph;40 - 45  MPH;2012;Daylight;30-39
35.7840370815, -78.6132026016;"{""type"": ""Point"", ""coordinates"": [-78.6132026015531, 35.784037081531814]}";Black;Raleigh;Sidewalk / Crosswalk / Driveway Crossing;2;15;Urban (>70% Developed);Male;Passenger Car;0;#NULL!;0;0;Unknown/Missing;No;0;11-15;Bicyclist Ride Through - Signalized Intersection;None;No;No;Dry;0;Urban;Yes;03APR2012;0;15:14;Unknown;Missing;Residential;B: Evident Injury;Yes;Unknown Injury;1883;April;0;Straight - Level;Piedmont;Facing Traffic;Stop And Go Signal;Tuesday;Intersection;14;0;Two-Way, Not Divided;2 lanes;0;#NULL!;#NULL!;Smooth Asphalt;#NULL!;Related To Intersection;Bicyclist Failed to Yield - Signalized Intersection;Local Street;B: Evident Injury;Wake;Unknown;Clear;#NULL!;16-20 mph;30 - 35  MPH;2012;Daylight;Unknown
35.7885570808, -78.6466026113;"{""type"": ""Point"", ""coordinates"": [-78.64660261126342, 35.78855708079159]}";Black;Raleigh;Non-Roadway;2;19;Urban (>70% Developed);Male;Pickup;0;#NULL!;0;0;White;No;0;60-69;Non-Roadway;None;Yes;Yes;Dry;0;Urban;No;07APR2012;0;19:02;Male;No;Commercial;B: Evident Injury;Yes;O: No Injury;1892;April;0;Straight - Grade;Piedmont;Not Applicable;No Control Present;Saturday;Non-Roadway;61;0;Two-Way, Not Divided;Unknown;0;#NULL!;#NULL!;Smooth Asphalt;#NULL!;No Special Feature;Non-Roadway;Public Vehicular Area;B: Evident Injury;Wake;36;Clear;#NULL!;0-5 mph;30 - 35  MPH;2012;Daylight;30-39
36.1061271056, -79.8505029928;"{""type"": ""Point"", ""coordinates"": [-79.85050299275744, 36.106127105613865]}";White;Greensboro;Travel Lane;2;16;Urban (>70% Developed);Male;Passenger Car;0;#NULL!;0;0;White;No;0;20-24;Motorist Left Turn - Opposite Direction;None;No;No;Dry;0;Urban;No;26MAR2012;0;16:56;Female;No;Residential;B: Evident Injury;Yes;O: No Injury;1900;March;0;Straight - Level;Piedmont;With Traffic;No Control Present;Monday;Intersection;21;0;Two-Way, Not Divided;2 lanes;0;#NULL!;#NULL!;Smooth Asphalt;#NULL!;Four-Way Intersection;Motorist Left Turn / Merge;Local Street;B: Evident Injury;Guilford;61;Clear;#NULL!;16-20 mph;30 - 35  MPH;2012;Daylight;60-69
35.848137094, -78.6444026147;"{""type"": ""Point"", ""coordinates"": [-78.64440261470635, 35.848137093987205]}";Black;Raleigh;Travel Lane;2;20;Urban (>70% Developed);Female;Passenger Car;0;#NULL!;0;0;White;No;0;11-15;Motorist Left Turn - Same Direction;None;No;No;Dry;0;Urban;No;09APR2012;0;20:27;Female;No;Commercial;C: Possible Injury;Yes;O: No Injury;1907;April;0;Straight - Level;Piedmont;Facing Traffic;No Control Present;Monday;Intersection;11;0;Two-Way, Not Divided;2 lanes;0;#NULL!;#NULL!;Smooth Asphalt;#NULL!;No Special Feature;Motorist Left Turn / Merge;Local Street;C: Possible Injury;Wake;64;Clear;#NULL!;0-5 mph;40 - 45  MPH;2012;Dark - Roadway Not Lighted;60-69
36.2087571252, -79.9048030153;"{""type"": ""Point"", ""coordinates"": [-79.90480301529945, 36.208757125197124]}";White;Summerfield;Travel Lane;2;19;Mixed (30% To 70% Developed);Female;Sport Utility;0;#NULL!;0;0;White;No;0;30-39;Motorist Overtaking - Other / Unknown;None;No;No;Dry;0;Urban;No;13APR2012;0;19:10;Female;No;Residential;K: Killed;Yes;O: No Injury;1918;April;0;Straight - Hillcrest;Piedmont;With Traffic;Double Yellow Line, No Passing Zone;Friday;Non-Intersection;38;0;Two-Way, Not Divided;2 lanes;0;#NULL!;#NULL!;Smooth Asphalt;#NULL!;No Special Feature;Motorist Overtaking Bicyclist;State Secondary Route;K: Killed;Guilford;33;Clear;#NULL!;41-45 mph;40 - 45  MPH;2012;Daylight;30-39
34.2441767706, -77.8810023027;"{""type"": ""Point"", ""coordinates"": [-77.88100230265651, 34.244176770600085]}";White;Wilmington;Sidewalk / Crosswalk / Driveway Crossing;2;15;Urban (>70% Developed);Male;Passenger Car;0;#NULL!;0;0;White;No;0;40-49;Motorist Drive Out - Commercial Driveway / Alley;None;No;No;Dry;0;Urban;No;27MAR2012;0;15:38;Female;No;Commercial;C: Possible Injury;No;O: No Injury;1933;March;0;Straight - Grade;Coastal;Facing Traffic;No Control Present;Tuesday;Non-Intersection;48;0;Two-Way, Not Divided;Unknown;0;#NULL!;#NULL!;Concrete;#NULL!;Driveway, Public;Motorist Failed to Yield - Midblock;Public Vehicular Area;C: Possible Injury;New Hanover;46;Clear;#NULL!;0-5 mph;5 - 15 MPH;2012;Daylight;40-49
36.086637105, -79.74690296;"{""type"": ""Point"", ""coordinates"": [-79.74690296004314, 36.086637105012855]}";Black;Greensboro;Travel Lane;2;18;Urban (>70% Developed);Female;Passenger Car;0;#NULL!;0;0;Black;No;0;11-15;Head-On - Bicyclist;None;No;No;Dry;0;Urban;No;26MAR2012;0;18:53;Male;No;Residential;C: Possible Injury;No;Unknown Injury;1939;March;0;Straight - Level;Piedmont;Facing Traffic;No Control Present;Monday;Non-Intersection;11;0;Two-Way, Not Divided;2 lanes;0;#NULL!;#NULL!;Smooth Asphalt;#NULL!;No Special Feature;Head-On;Local Street;C: Possible Injury;Guilford;48;Clear;#NULL!;16-20 mph;Unknown;2012;Daylight;40-49
35.9747470718, -80.0059030322;"{""type"": ""Point"", ""coordinates"": [-80.0059030322457, 35.97474707183732]}";White;High Point;Travel Lane;3;17;Urban (>70% Developed);Male;Passenger Car;0;#NULL!;0;0;White;No;0;6-10;Bicyclist Ride Through - Sign-Controlled Intersection;None;No;No;Dry;0;Urban;No;10APR2012;0;17:20;Female;No;Residential;B: Evident Injury;Yes;O: No Injury;1941;April;0;Straight - Grade;Piedmont;With Traffic;Yield Sign;Tuesday;Intersection;9;0;Two-Way, Not Divided;2 lanes;0;#NULL!;#NULL!;Coarse Asphalt;#NULL!;Four-Way Intersection;Bicyclist Failed to Yield - Sign-Controlled Intersection;Local Street;B: Evident Injury;Guilford;70+;Clear;#NULL!;26-30 mph;30 - 35  MPH;2012;Daylight;70+
35.6099468986, -82.5460037688;"{""type"": ""Point"", ""coordinates"": [-82.54600376877268, 35.60994689857373]}";White;Asheville;Travel Lane;2;13;Urban (>70% Developed);Female;Passenger Car;0;#NULL!;0;0;White;No;0;50-59;Motorist Drive Out - Sign-Controlled Intersection;None;No;No;Dry;0;Urban;No;15APR2012;0;13:14;Female;No;Residential;C: Possible Injury;No;O: No Injury;1955;April;0;Straight - Level;Mountains;With Traffic;Stop Sign;Sunday;Intersection;51;0;Two-Way, Not Divided;2 lanes;0;#NULL!;#NULL!;Smooth Asphalt;#NULL!;T-Intersection;Motorist Failed to Yield - Sign-Controlled Intersection;Local Street;C: Possible Injury;Buncombe;36;Clear;#NULL!;0-5 mph;20 - 25  MPH;2012;Daylight;30-39
36.1151671094, -79.7814029721;"{""type"": ""Point"", ""coordinates"": [-79.78140297211927, 36.11516710937727]}";White;Greensboro;Sidewalk / Crosswalk / Driveway Crossing;2;21;Urban (>70% Developed);Male;Passenger Car;0;#NULL!;0;0;White;No;0;40-49;Bicyclist Turning Error - Right Turn;None;Yes;Yes;Dry;0;Urban;No;26APR2012;0;21:29;Male;No;Commercial;B: Evident Injury;Yes;O: No Injury;1958;April;0;Straight - Bottom;Piedmont;With Traffic;No Control Present;Thursday;Non-Intersection;49;0;Unknown;Unknown;0;#NULL!;#NULL!;Smooth Asphalt;#NULL!;No Special Feature;Loss of Control / Turning Error;Public Vehicular Area;B: Evident Injury;Guilford;66;Clear;#NULL!;0-5 mph;5 - 15 MPH;2012;Dusk;60-69
35.6344970475, -78.6713026106;"{""type"": ""Point"", ""coordinates"": [-78.67130261056212, 35.63449704748114]}";White;None - Rural Crash;Travel Lane;2;13;Urban (>70% Developed);Male;Passenger Car;0;#NULL!;0;0;White;No;0;40-49;Motorist Left Turn - Opposite Direction;None;No;No;Dry;0;Rural;No;27APR2012;0;13:07;Male;No;Residential;B: Evident Injury;Yes;O: No Injury;1959;April;0;Curve - Level;Piedmont;With Traffic;Double Yellow Line, No Passing Zone;Friday;Intersection;42;0;Two-Way, Not Divided;2 lanes;0;#NULL!;#NULL!;Coarse Asphalt;#NULL!;T-Intersection;Motorist Left Turn / Merge;State Secondary Route;B: Evident Injury;Wake;39;Clear;#NULL!;16-20 mph;40 - 45  MPH;2012;Daylight;30-39
34.2339067679, -77.876902301;"{""type"": ""Point"", ""coordinates"": [-77.87690230101403, 34.23390676787515]}";White;Wilmington;Non-Roadway;2;15;Urban (>70% Developed);Male;Passenger Car;0;#NULL!;0;0;White;No;0;50-59;Non-Roadway;None;No;No;Dry;0;Urban;No;18APR2012;0;15:51;Female;No;Commercial;C: Possible Injury;No;O: No Injury;1962;April;0;Straight - Level;Coastal;Not Applicable;Stop Sign;Wednesday;Non-Roadway;50;0;Two-Way, Not Divided;Unknown;0;#NULL!;#NULL!;Coarse Asphalt;#NULL!;No Special Feature;Non-Roadway;Public Vehicular Area;C: Possible Injury;New Hanover;56;Clear;#NULL!;Unknown;30 - 35  MPH;2012;Daylight;50-59
36.1131971099, -79.7755029703;"{""type"": ""Point"", ""coordinates"": [-79.77550297026023, 36.11319710992472]}";White;Greensboro;Travel Lane;2;13;Urban (>70% Developed);Male;Passenger Car;0;#NULL!;0;0;Black;No;0;20-24;Bicyclist Ride Through - Signalized Intersection;None;No;No;Dry;0;Urban;No;12APR2012;0;13:15;Male;No;Residential;C: Possible Injury;Yes;O: No Injury;1968;April;0;Straight - Level;Piedmont;With Traffic;Stop And Go Signal;Thursday;Intersection;20;0;Two-Way, Divided, Unprotected Median;5 lanes;0;#NULL!;#NULL!;Smooth Asphalt;#NULL!;Four-Way Intersection;Bicyclist Failed to Yield - Signalized Intersection;Local Street;C: Possible Injury;Guilford;46;Clear;#NULL!;0-5 mph;30 - 35  MPH;2012;Daylight;40-49
36.0488570956, -79.7915029722;"{""type"": ""Point"", ""coordinates"": [-79.79150297216968, 36.04885709560901]}";Unknown/Missing;Greensboro;Sidewalk / Crosswalk / Driveway Crossing;2;19;Urban (>70% Developed);Male;Passenger Car;0;#NULL!;0;0;Black;No;0;11-15;Bicyclist Lost Control - Mechanical Problems;None;No;No;Wet;0;Urban;No;21APR2012;0;19:57;Female;No;Residential;B: Evident Injury;Yes;O: No Injury;1971;April;0;Straight - Grade;Piedmont;With Traffic;Stop And Go Signal;Saturday;Intersection;15;0;Two-Way, Not Divided;2 lanes;0;#NULL!;#NULL!;Coarse Asphalt;#NULL!;Four-Way Intersection;Loss of Control / Turning Error;Local Street;B: Evident Injury;Guilford;49;Rain;#NULL!;31-35 mph;30 - 35  MPH;2012;Dark - Lighted Roadway;40-49
35.0787668512, -80.8303032298;"{""type"": ""Point"", ""coordinates"": [-80.83030322983372, 35.07876685120599]}";Black;Charlotte;Travel Lane;2;18;Urban (>70% Developed);Female;Sport Utility;0;#NULL!;0;0;White;No;0;11-15;Bicyclist Lost Control - Mechanical Problems;None;No;No;Dry;0;Urban;No;10APR2012;0;18:19;Female;No;Residential;B: Evident Injury;No;O: No Injury;1994;April;0;Straight - Level;Piedmont;With Traffic;No Control Present;Tuesday;Intersection;14;0;Unknown;2 lanes;0;#NULL!;#NULL!;Smooth Asphalt;#NULL!;No Special Feature;Loss of Control / Turning Error;Local Street;B: Evident Injury;Mecklenburg;51;Clear;#NULL!;36-40 mph;40 - 45  MPH;2012;Daylight;50-59
35.2830468991, -80.6966032013;"{""type"": ""Point"", ""coordinates"": [-80.69660320127358, 35.2830468991303]}";Black;Charlotte;Travel Lane;2;15;Urban (>70% Developed);Male;Motorcycle;0;#NULL!;0;0;White;No;0;30-39;Motorist Overtaking - Bicyclist Swerved;None;No;No;Dry;0;Urban;No;03MAY2012;0;15:46;Male;No;Residential;B: Evident Injury;Yes;B: Evident Injury;1995;May;0;Straight - Level;Piedmont;With Traffic;No Control Present;Thursday;Non-Intersection;30;0;Two-Way, Not Divided;2 lanes;0;#NULL!;#NULL!;Smooth Asphalt;#NULL!;No Special Feature;Motorist Overtaking Bicyclist;Local Street;B: Evident Injury;Mecklenburg;48;Clear;#NULL!;31-35 mph;30 - 35  MPH;2012;Daylight;40-49
34.7602109005, -77.381892176;"{""type"": ""Point"", ""coordinates"": [-77.38189217604268, 34.76021090054439]}";White;Jacksonville;Sidewalk / Crosswalk / Driveway Crossing;2;16;Urban (>70% Developed);Male;Passenger Car;0;#NULL!;0;0;Black;No;0;30-39;Motorist Drive Out - Commercial Driveway / Alley;None;No;No;Dry;0;Urban;No;24APR2008;0;16:25;Female;No;Commercial;B: Evident Injury;Yes;O: No Injury;5715;April;0;Straight - Level;Coastal;With Traffic;Yield Sign;Thursday;Non-Intersection;30;0;One-Way, Not Divided;Unknown;0;#NULL!;#NULL!;Smooth Asphalt;#NULL!;No Special Feature;Motorist Failed to Yield - Midblock;Public Vehicular Area;B: Evident Injury;Onslow;26;Clear;#NULL!;0-5 mph;5 - 15 MPH;2008;Daylight;25-29
35.2621298773, -81.1800933442;"{""type"": ""Point"", ""coordinates"": [-81.18009334415441, 35.262129877259824]}";White;Gastonia;Sidewalk / Crosswalk / Driveway Crossing;2;15;Urban (>70% Developed);Male;Unknown;0;#NULL!;0;0;Unknown/Missing;No;0;25-29;Motorist Left Turn - Same Direction;None;No;No;Dry;0;Urban;Yes;25APR2008;0;15:41;Unknown;Missing;Commercial;B: Evident Injury;Yes;Unknown Injury;5717;April;0;Straight - Level;Piedmont;With Traffic;Stop And Go Signal;Friday;Intersection;25;0;Two-Way, Not Divided;4 lanes;0;#NULL!;#NULL!;Smooth Asphalt;#NULL!;Four-Way Intersection;Motorist Left Turn / Merge;Local Street;B: Evident Injury;Gaston;Unknown;Clear;#NULL!;16-20 mph;30 - 35  MPH;2008;Daylight;Unknown
36.3751751683, -79.6667429524;"{""type"": ""Point"", ""coordinates"": [-79.66674295244705, 36.37517516833199]}";Black;Reidsville;Driveway / Alley;2;10;Rural (<30% Developed);Male;Passenger Car;0;#NULL!;0;0;White;No;0;6-10;Bicyclist Ride Out - Residential Driveway;None;No;No;Dry;0;Urban;No;27APR2008;0;10:56;Male;No;Residential;O: No Injury;No;O: No Injury;5718;April;0;Straight - Level;Piedmont;Not Applicable;No Control Present;Sunday;Non-Intersection;10;0;Two-Way, Not Divided;2 lanes;0;#NULL!;#NULL!;Coarse Asphalt;#NULL!;No Special Feature;Bicyclist Failed to Yield - Midblock;Local Street;O: No Injury;Rockingham;31;Clear;#NULL!;31-35 mph;30 - 35  MPH;2008;Daylight;30-39
35.5236729539, -80.6141771895;"{""type"": ""Point"", ""coordinates"": [-80.61417718951189, 35.52367295394457]}";Black;Kannapolis;Travel Lane;2;16;Urban (>70% Developed);Female;Light Truck (Mini-Van, Panel);0;#NULL!;0;0;White;No;0;11-15;Bicyclist Ride Through - Sign-Controlled Intersection;None;No;No;Dry;0;Urban;No;27APR2008;0;16:36;Male;No;Commercial;C: Possible Injury;Yes;O: No Injury;5726;April;0;Straight - Level;Piedmont;Facing Traffic;Stop Sign;Sunday;Intersection;12;0;Two-Way, Not Divided;3 lanes;0;#NULL!;#NULL!;Smooth Asphalt;#NULL!;T-Intersection;Bicyclist Failed to Yield - Sign-Controlled Intersection;US Route;C: Possible Injury;Rowan;61;Cloudy;#NULL!;36-40 mph;40 - 45  MPH;2008;Daylight;60-69
35.4825698717, -82.5529037628;"{""type"": ""Point"", ""coordinates"": [-82.55290376280122, 35.482569871695155]}";White;Asheville;Sidewalk / Crosswalk / Driveway Crossing;2;18;Urban (>70% Developed);Male;Sport Utility;0;#NULL!;0;0;White;No;0;11-15;Bicyclist Ride Out - Parallel Path;None;No;No;Dry;0;Urban;No;28APR2008;0;18:40;Male;No;Commercial;C: Possible Injury;Yes;O: No Injury;5730;April;0;Straight - Grade;Mountains;Facing Traffic;No Control Present;Monday;Non-Intersection;13;0;Two-Way, Divided, Positive Median Barrier;4 lanes;0;#NULL!;#NULL!;Smooth Asphalt;#NULL!;No Special Feature;Parallel Paths - Other Circumstances;Local Street;C: Possible Injury;Buncombe;50;Clear;#NULL!;11-15 mph;30 - 35  MPH;2008;Daylight;50-59