Geo Point;Geo Shape;BikeRace;City;BikePos;NumUnits;CrashHour;Locality;BikeSex;DrvrVehTyp;NumBikesNo;BikeAlcDrg;NumBikesBI;RteInvdCd;DrvrRace;Workzone;NumBikesCi;BikeAgeGrp;CrashType;RdDefects;CrashAlcoh;BikeAlcoho;RdConditio;DstncMiFrm;RuralUrban;HitRun;CrashDate;NumBikesUI;CrashTime;DrvrSex;DrvrAlcoho;Developmen;CrashSevr;AmbulanceR;DrvrInjury;OBJECTID;CrashMonth;NumBikesKi;RdCharacte;Region;BikeDir;TraffCntrl;CrashDay;CrashLoc;BikeAge;NumBikesTo;RdConfig;NumLanes;NumBikesAI;DrvrAlcDrg;OnRoad;RdSurface;Towrd_Rd;RdFeature;CrashGrp;RdClass;BikeInjury;County;DrvrAge;Weather;FrmRd;DrvrEstSpd;SpeedLimit;CrashYear;LightCond;DrvrAgeGrp
34.2176997627, -77.933442317;"{""type"": ""Point"", ""coordinates"": [-77.93344231703084, 34.21769976274753]}";White;Wilmington;Sidewalk / Crosswalk / Driveway Crossing;2;15;Urban (>70% Developed);Female;Passenger Car;0;#NULL!;0;0;Black;No;0;30-39;Bicyclist Ride Out - Parallel Path;None;No;No;Dry;0;Urban;No;30APR2008;0;15:55;Male;No;Commercial;C: Possible Injury;Yes;O: No Injury;5733;April;0;Straight - Level;Coastal;Facing Traffic;No Control Present;Wednesday;Non-Intersection;31;0;Two-Way, Not Divided;2 lanes;0;#NULL!;#NULL!;Smooth Asphalt;#NULL!;No Special Feature;Parallel Paths - Other Circumstances;Local Street;C: Possible Injury;New Hanover;25;Clear;#NULL!;16-20 mph;20 - 25  MPH;2008;Daylight;25-29
35.4973669474, -80.6251231913;"{""type"": ""Point"", ""coordinates"": [-80.62512319134461, 35.49736694739629]}";White;Kannapolis;Sidewalk / Crosswalk / Driveway Crossing;2;20;Urban (>70% Developed);Male;Passenger Car;0;#NULL!;0;0;White;No;0;11-15;Motorist Drive Out - Midblock - Unknown;None;No;No;Dry;0;Urban;No;01MAY2008;0;20:11;Male;No;Commercial;O: No Injury;No;O: No Injury;5734;May;0;Straight - Level;Piedmont;Facing Traffic;No Control Present;Thursday;Non-Intersection;15;0;Unknown;1 lane;0;#NULL!;#NULL!;Smooth Asphalt;#NULL!;Alley Intersection;Motorist Failed to Yield - Midblock;Local Street;O: No Injury;Cabarrus;28;Clear;#NULL!;0-5 mph;5 - 15 MPH;2008;Dusk;25-29
36.0274571231, -78.9140877051;"{""type"": ""Point"", ""coordinates"": [-78.91408770512201, 36.02745712311321]}";Hispanic;Durham;Travel Lane;2;21;Urban (>70% Developed);Male;Passenger Car;0;#NULL!;0;0;Unknown/Missing;No;0;11-15;Motorist Drive Through - Signalized Intersection;None;No;No;Dry;0;Urban;Yes;11JUN2008;0;21:18;Unknown;Missing;Commercial;B: Evident Injury;Yes;Unknown Injury;5743;June;0;Straight - Level;Piedmont;With Traffic;Stop And Go Signal;Wednesday;Intersection;12;0;Two-Way, Not Divided;2 lanes;0;#NULL!;#NULL!;Smooth Asphalt;#NULL!;T-Intersection;Motorist Failed to Yield - Signalized Intersection;Local Street;B: Evident Injury;Durham;Unknown;Clear;#NULL!;31-35 mph;30 - 35  MPH;2008;Dark - Lighted Roadway;Unknown
35.7693820727, -78.7819026513;"{""type"": ""Point"", ""coordinates"": [-78.78190265126172, 35.76938207270373]}";Black;Cary;Non-Roadway;2;14;Urban (>70% Developed);Male;Passenger Car;0;#NULL!;0;0;Black;No;0;11-15;Signalized Intersection - Other / Unknown;None;No;No;Dry;0;Urban;No;14JUN2008;0;14:09;Female;No;Commercial;B: Evident Injury;Yes;O: No Injury;5751;June;0;Straight - Level;Piedmont;Unknown;Stop And Go Signal;Saturday;Intersection;15;0;Two-Way, Divided, Unprotected Median;4 lanes;0;#NULL!;#NULL!;Smooth Asphalt;#NULL!;Four-Way Intersection;Crossing Paths - Other Circumstances;State Secondary Route;B: Evident Injury;Wake;25;Clear;#NULL!;26-30 mph;30 - 35  MPH;2008;Daylight;25-29
35.6476319824, -80.5577581802;"{""type"": ""Point"", ""coordinates"": [-80.55775818022211, 35.64763198239694]}";Hispanic;None - Rural Crash;Travel Lane;2;16;Urban (>70% Developed);Male;Passenger Car;0;#NULL!;0;0;Hispanic;No;0;0-5;Backing Vehicle;None;No;No;Dry;0;Rural;No;07MAY2008;0;16:25;Male;No;Residential;B: Evident Injury;Yes;O: No Injury;5754;May;0;Straight - Level;Piedmont;With Traffic;No Control Present;Wednesday;Non-Intersection;3;0;Two-Way, Not Divided;1 lane;0;#NULL!;#NULL!;Coarse Asphalt;#NULL!;Driveway, Private;Backing Vehicle;State Secondary Route;B: Evident Injury;Rowan;43;Clear;#NULL!;0-5 mph;30 - 35  MPH;2008;Daylight;40-49
34.3485767929, -77.9011863133;"{""type"": ""Point"", ""coordinates"": [-77.90118631330863, 34.34857679294071]}";Hispanic;None - Rural Crash;Travel Lane;2;12;Mixed (30% To 70% Developed);Male;Passenger Car;0;#NULL!;0;0;Black;No;0;25-29;Bicyclist Left Turn - Same Direction;None;Yes;Yes;Dry;0;Rural;No;10MAY2008;0;12:50;Female;No;Residential;C: Possible Injury;No;O: No Injury;5763;May;0;Straight - Level;Coastal;With Traffic;No Control Present;Saturday;Non-Intersection;26;0;Two-Way, Divided, Unprotected Median;2 lanes;0;#NULL!;#NULL!;Coarse Asphalt;#NULL!;Merge Lane Between On And Off Ramp;Bicyclist Left Turn / Merge;US Route;C: Possible Injury;New Hanover;24;Clear;#NULL!;31-35 mph;40 - 45  MPH;2008;Daylight;20-24
35.7506970731, -78.6428786086;"{""type"": ""Point"", ""coordinates"": [-78.6428786086149, 35.75069707306131]}";Hispanic;Raleigh;Bike Lane / Paved Shoulder;2;15;Urban (>70% Developed);Male;Passenger Car;0;#NULL!;0;0;White;No;0;40-49;Motorist Drive Out - Commercial Driveway / Alley;None;Yes;Yes;Dry;0;Urban;No;17MAY2008;0;15:38;Female;No;Commercial;C: Possible Injury;Yes;O: No Injury;5772;May;0;Straight - Grade;Piedmont;Facing Traffic;No Control Present;Saturday;Non-Intersection;44;0;Two-Way, Divided, Unprotected Median;4 lanes;0;#NULL!;#NULL!;Coarse Asphalt;#NULL!;T-Intersection;Motorist Failed to Yield - Midblock;Local Street;C: Possible Injury;Wake;45;Clear;#NULL!;0-5 mph;40 - 45  MPH;2008;Daylight;40-49
34.2073067648, -77.7966322755;"{""type"": ""Point"", ""coordinates"": [-77.79663227551693, 34.207306764774316]}";White;Wrightsville Beach;Travel Lane;2;14;Urban (>70% Developed);Male;Sport Utility;0;#NULL!;0;0;White;No;0;60-69;Motorist Drive Out - Sign-Controlled Intersection;None;Yes;Yes;Dry;0;Rural;No;13MAY2008;0;14:33;Female;No;Residential;C: Possible Injury;Yes;O: No Injury;5777;May;0;Straight - Level;Coastal;Facing Traffic;Stop Sign;Tuesday;Intersection;66;0;One-Way, Not Divided;1 lane;0;#NULL!;#NULL!;Coarse Asphalt;#NULL!;T-Intersection;Motorist Failed to Yield - Sign-Controlled Intersection;Local Street;C: Possible Injury;New Hanover;17;Clear;#NULL!;0-5 mph;5 - 15 MPH;2008;Daylight;0-19
35.7702870777, -78.6233926039;"{""type"": ""Point"", ""coordinates"": [-78.62339260389373, 35.77028707766656]}";Black;Raleigh;Unknown;3;12;Urban (>70% Developed);Male;Unknown;0;#NULL!;0;0;Unknown/Missing;No;0;40-49;Crossing Paths - Midblock - Other / Unknown;None;No;No;Dry;0;Urban;Yes;02MAY2008;0;12:19;Unknown;Missing;Residential;C: Possible Injury;No;Unknown Injury;5781;May;0;Straight - Hillcrest;Piedmont;Unknown;Missing;Friday;Non-Intersection;49;0;Two-Way, Not Divided;2 lanes;0;#NULL!;#NULL!;Smooth Asphalt;#NULL!;No Special Feature;Crossing Paths - Other Circumstances;Local Street;C: Possible Injury;Wake;Unknown;Clear;#NULL!;31-35 mph;30 - 35  MPH;2008;Daylight;Unknown
35.6285369796, -80.523868168;"{""type"": ""Point"", ""coordinates"": [-80.5238681680293, 35.6285369795827]}";Hispanic;Salisbury;Travel Lane;2;14;Urban (>70% Developed);Male;Passenger Car;0;#NULL!;0;0;White;No;0;11-15;Bicyclist Right Turn - Same Direction;None;No;No;Dry;0;Urban;No;19JUN2008;0;14:40;Female;No;Commercial;C: Possible Injury;Yes;O: No Injury;5786;June;0;Straight - Hillcrest;Piedmont;With Traffic;Stop Sign;Thursday;Non-Intersection;13;0;Two-Way, Not Divided;5 lanes;0;#NULL!;#NULL!;Smooth Asphalt;#NULL!;T-Intersection;Bicyclist Right Turn / Merge;Local Street;C: Possible Injury;Rowan;58;Clear;#NULL!;46-50 mph;50 - 55  MPH;2008;Daylight;50-59
34.3282997621, -78.6987425536;"{""type"": ""Point"", ""coordinates"": [-78.69874255363499, 34.32829976208594]}";White;Whiteville;Travel Lane;2;15;Urban (>70% Developed);Male;Sport Utility;0;#NULL!;0;0;White;No;0;11-15;Bicyclist Ride Through - Sign-Controlled Intersection;None;No;No;Dry;0;Urban;No;19MAY2008;0;15:15;Female;No;Residential;B: Evident Injury;Yes;O: No Injury;5789;May;0;Straight - Level;Coastal;With Traffic;Stop Sign;Monday;Intersection;11;0;Two-Way, Not Divided;Unknown;0;#NULL!;#NULL!;Smooth Asphalt;#NULL!;Four-Way Intersection;Bicyclist Failed to Yield - Sign-Controlled Intersection;Local Street;B: Evident Injury;Columbus;30;Clear;#NULL!;31-35 mph;30 - 35  MPH;2008;Daylight;30-39
35.1898769726, -78.0579824019;"{""type"": ""Point"", ""coordinates"": [-78.05798240194912, 35.189876972638444]}";Black;Mount Olive;Non-Roadway;2;18;Urban (>70% Developed);Male;Pickup;0;#NULL!;0;0;Black;No;0;0-5;Bicyclist Ride Out - Other Midblock;None;No;No;Dry;0;Rural;No;22MAY2008;0;18:20;Male;No;Residential;C: Possible Injury;Yes;O: No Injury;5803;May;0;Straight - Level;Coastal;Not Applicable;Missing;Thursday;Non-Intersection;4;0;Two-Way, Not Divided;2 lanes;0;#NULL!;#NULL!;Smooth Asphalt;#NULL!;No Special Feature;Bicyclist Failed to Yield - Midblock;Local Street;C: Possible Injury;Wayne;40;Clear;#NULL!;6-10 mph;30 - 35  MPH;2008;Daylight;40-49
35.7932390763, -78.8052626602;"{""type"": ""Point"", ""coordinates"": [-78.80526266019545, 35.79323907625393]}";White;Cary;Travel Lane;2;14;Urban (>70% Developed);Male;Passenger Car;0;#NULL!;0;0;White;No;0;40-49;Motorist Right Turn - Same Direction;None;No;No;Dry;0;Urban;No;23JUN2008;0;14:45;Female;No;Commercial;C: Possible Injury;No;O: No Injury;5805;June;0;Straight - Level;Piedmont;With Traffic;No Control Present;Monday;Non-Intersection;41;0;Two-Way, Divided, Positive Median Barrier;4 lanes;0;#NULL!;#NULL!;Coarse Asphalt;#NULL!;No Special Feature;Motorist Right Turn / Merge;State Secondary Route;C: Possible Injury;Wake;24;Clear;#NULL!;41-45 mph;40 - 45  MPH;2008;Daylight;20-24
35.920493095, -79.0517427412;"{""type"": ""Point"", ""coordinates"": [-79.05174274124698, 35.920493094962424]}";White;Chapel Hill;Travel Lane;2;9;Urban (>70% Developed);Male;Passenger Car;0;#NULL!;0;0;White;No;0;20-24;Motorist Drive Out - Residential Driveway;None;No;No;Dry;0;Urban;No;24MAY2008;0;9:56;Male;No;Residential;O: No Injury;No;O: No Injury;5809;May;0;Straight - Grade;Piedmont;With Traffic;Missing;Saturday;Non-Intersection;20;0;Two-Way, Not Divided;2 lanes;0;#NULL!;#NULL!;Smooth Asphalt;#NULL!;No Special Feature;Motorist Failed to Yield - Midblock;Local Street;Unknown Injury;Orange;22;Cloudy;#NULL!;Unknown;20 - 25  MPH;2008;Daylight;20-24
34.2388527682, -77.9098723116;"{""type"": ""Point"", ""coordinates"": [-77.90987231158668, 34.238852768170425]}";Black;Wilmington;Non-Roadway;2;20;Urban (>70% Developed);Male;Passenger Car;0;#NULL!;0;0;Black;No;0;20-24;Non-Roadway;None;No;No;Wet;0;Urban;No;01JUN2008;0;20:43;Male;No;Commercial;C: Possible Injury;Yes;O: No Injury;5812;June;0;Straight - Grade;Coastal;Not Applicable;No Control Present;Sunday;Non-Roadway;24;0;Two-Way, Not Divided;2 lanes;0;#NULL!;#NULL!;Coarse Asphalt;#NULL!;No Special Feature;Non-Roadway;Public Vehicular Area;C: Possible Injury;New Hanover;33;Rain;#NULL!;0-5 mph;5 - 15 MPH;2008;Dark - Lighted Roadway;30-39
35.256856888, -80.8556432472;"{""type"": ""Point"", ""coordinates"": [-80.8556432472081, 35.256856887978046]}";Black;Charlotte;Unknown;2;21;Urban (>70% Developed);Male;Passenger Car;0;#NULL!;0;0;Black;No;0;11-15;Bicyclist Ride Out - Midblock - Unknown;None;No;No;Dry;0;Urban;No;26JUN2008;0;21:11;Female;No;Commercial;C: Possible Injury;Yes;O: No Injury;5817;June;0;Straight - Level;Piedmont;Unknown;No Control Present;Thursday;Non-Intersection;13;0;Two-Way, Not Divided;4 lanes;0;#NULL!;#NULL!;Smooth Asphalt;#NULL!;No Special Feature;Bicyclist Failed to Yield - Midblock;Local Street;C: Possible Injury;Mecklenburg;18;Cloudy;#NULL!;31-35 mph;30 - 35  MPH;2008;Dark - Lighted Roadway;0-19
35.9110270926, -79.061282744;"{""type"": ""Point"", ""coordinates"": [-79.06128274404988, 35.911027092594026]}";Black;Chapel Hill;Travel Lane;2;9;Urban (>70% Developed);Male;Unknown;0;#NULL!;0;0;Unknown/Missing;No;0;50-59;Head-On - Motorist;None;No;No;Wet;0;Urban;Yes;28MAY2008;0;9:32;Unknown;Missing;Commercial;B: Evident Injury;Yes;Unknown Injury;5818;May;0;Straight - Level;Piedmont;With Traffic;Double Yellow Line, No Passing Zone;Wednesday;Non-Intersection;56;0;Two-Way, Not Divided;4 lanes;0;#NULL!;#NULL!;Smooth Asphalt;#NULL!;No Special Feature;Head-On;Local Street;B: Evident Injury;Orange;Unknown;Rain;#NULL!;26-30 mph;20 - 25  MPH;2008;Daylight;Unknown
34.2246317637, -77.9406623194;"{""type"": ""Point"", ""coordinates"": [-77.94066231936343, 34.22463176369952]}";Black;Wilmington;Sidewalk / Crosswalk / Driveway Crossing;2;16;Urban (>70% Developed);Male;Passenger Car;0;#NULL!;0;0;Black;No;0;25-29;Motorist Drive Out - Sign-Controlled Intersection;None;No;No;Dry;0;Urban;No;28MAY2008;0;16:58;Female;No;Residential;C: Possible Injury;Yes;C: Possible Injury;5819;May;0;Straight - Level;Coastal;Facing Traffic;Stop Sign;Wednesday;Intersection;27;0;One-Way, Not Divided;6 lanes;0;#NULL!;#NULL!;Smooth Asphalt;#NULL!;No Special Feature;Motorist Failed to Yield - Sign-Controlled Intersection;Local Street;O: No Injury;New Hanover;42;Cloudy;#NULL!;6-10 mph;30 - 35  MPH;2008;Daylight;40-49
35.1231269901, -77.0876521042;"{""type"": ""Point"", ""coordinates"": [-77.08765210415709, 35.12312699010577]}";White;New Bern;Travel Lane;2;17;Urban (>70% Developed);Male;Pedalcycle;0;#NULL!;0;0;White;No;0;16-19;Bicyclist Right Turn - Same Direction;None;Yes;No;Dry;0;Urban;No;30MAY2008;0;17:53;Male;Yes;Commercial;B: Evident Injury;No;B: Evident Injury;5826;May;0;Straight - Level;Coastal;With Traffic;Missing;Friday;Intersection;19;0;Two-Way, Not Divided;4 lanes;0;#NULL!;#NULL!;Smooth Asphalt;#NULL!;T-Intersection;Bicyclist Right Turn / Merge;Local Street;B: Evident Injury;Craven;36;Clear;#NULL!;Unknown;Unknown;2008;Daylight;30-39
35.9747070722, -80.0058130327;"{""type"": ""Point"", ""coordinates"": [-80.00581303273974, 35.97470707222621]}";Black;High Point;Travel Lane;2;18;Urban (>70% Developed);Female;Passenger Car;0;#NULL!;0;0;White;No;0;40-49;Bicyclist Lost Control - Other / Unknown;None;No;No;Dry;0;Urban;No;06JUN2008;0;18:34;Male;No;Residential;C: Possible Injury;Yes;O: No Injury;5831;June;0;Straight - Bottom;Piedmont;With Traffic;Yield Sign;Friday;Intersection;43;0;Two-Way, Not Divided;2 lanes;0;#NULL!;#NULL!;Smooth Asphalt;#NULL!;Four-Way Intersection;Loss of Control / Turning Error;Local Street;C: Possible Injury;Guilford;44;Clear;#NULL!;31-35 mph;30 - 35  MPH;2008;Daylight;40-49
36.0867721063, -79.7205629527;"{""type"": ""Point"", ""coordinates"": [-79.72056295274356, 36.086772106295115]}";White;Greensboro;Non-Roadway;2;15;Urban (>70% Developed);Male;Sport Utility;0;#NULL!;0;0;White;No;0;25-29;Bicyclist Ride Out - Commercial Driveway / Alley;None;No;No;Dry;0;Urban;No;07JUN2008;0;15:09;Female;No;Commercial;B: Evident Injury;Yes;O: No Injury;5833;June;0;Straight - Level;Piedmont;Not Applicable;Missing;Saturday;Non-Intersection;28;0;Two-Way, Divided, Unprotected Median;5 lanes;0;#NULL!;#NULL!;Smooth Asphalt;#NULL!;No Special Feature;Bicyclist Failed to Yield - Midblock;Local Street;B: Evident Injury;Guilford;30;Clear;#NULL!;31-35 mph;30 - 35  MPH;2008;Daylight;30-39
36.0564340967, -79.7874329709;"{""type"": ""Point"", ""coordinates"": [-79.78743297087583, 36.05643409674073]}";Black;Greensboro;Travel Lane;2;18;Mixed (30% To 70% Developed);Male;Passenger Car;0;#NULL!;0;0;Black;No;0;6-10;Bicyclist Lost Control - Mechanical Problems;None;No;No;Dry;0;Urban;No;08JUN2008;0;18:03;Male;No;Residential;C: Possible Injury;Yes;O: No Injury;5837;June;0;Straight - Level;Piedmont;With Traffic;Missing;Sunday;Intersection;9;0;Two-Way, Not Divided;4 lanes;0;#NULL!;#NULL!;Coarse Asphalt;#NULL!;No Special Feature;Loss of Control / Turning Error;Local Street;C: Possible Injury;Guilford;59;Clear;#NULL!;31-35 mph;30 - 35  MPH;2008;Daylight;50-59
35.9615211037, -79.0551177441;"{""type"": ""Point"", ""coordinates"": [-79.0551177441238, 35.96152110373503]}";White;Chapel Hill;Sidewalk / Crosswalk / Driveway Crossing;2;12;Urban (>70% Developed);Male;Unknown;0;#NULL!;0;0;Unknown/Missing;No;0;16-19;Sign-Controlled Intersection - Other / Unknown;None;No;No;Dry;0;Urban;Yes;12JUN2008;0;12:51;Unknown;Missing;Residential;B: Evident Injury;No;Unknown Injury;5839;June;0;Straight - Level;Piedmont;Facing Traffic;Stop Sign;Thursday;Intersection;19;0;Two-Way, Not Divided;2 lanes;0;#NULL!;#NULL!;Smooth Asphalt;#NULL!;No Special Feature;Crossing Paths - Other Circumstances;Local Street;B: Evident Injury;Orange;Unknown;Clear;#NULL!;0-5 mph;Unknown;2008;Daylight;Unknown
36.0132521195, -78.9121427046;"{""type"": ""Point"", ""coordinates"": [-78.91214270464748, 36.01325211950054]}";White;Durham;Travel Lane;2;20;Urban (>70% Developed);Male;Passenger Car;0;#NULL!;0;0;Black;No;0;40-49;Motorist Left Turn - Opposite Direction;None;No;No;Wet;0;Urban;No;29JUN2008;0;20:52;Male;No;Residential;B: Evident Injury;Yes;O: No Injury;5841;June;0;Straight - Level;Piedmont;With Traffic;Stop Sign;Sunday;Intersection;42;0;Two-Way, Not Divided;2 lanes;0;#NULL!;#NULL!;Concrete;#NULL!;No Special Feature;Motorist Left Turn / Merge;Local Street;B: Evident Injury;Durham;36;Rain;#NULL!;6-10 mph;20 - 25  MPH;2008;Dark - Lighted Roadway;30-39
36.0000171166, -78.9093727023;"{""type"": ""Point"", ""coordinates"": [-78.9093727022701, 36.00001711662903]}";White;Durham;Sidewalk / Crosswalk / Driveway Crossing;2;12;Urban (>70% Developed);Male;Commercial Bus;0;#NULL!;0;0;Black;No;0;50-59;Motorist Right Turn - Same Direction;None;No;No;Dry;0;Urban;No;02JUL2008;0;12:32;Male;No;Commercial;B: Evident Injury;Yes;O: No Injury;5848;July;0;Straight - Level;Piedmont;With Traffic;Stop And Go Signal;Wednesday;Intersection;55;0;Two-Way, Not Divided;2 lanes;0;#NULL!;#NULL!;Smooth Asphalt;#NULL!;No Special Feature;Motorist Right Turn / Merge;Local Street;B: Evident Injury;Durham;47;Clear;#NULL!;0-5 mph;20 - 25  MPH;2008;Daylight;40-49
35.9093130923, -79.0581827432;"{""type"": ""Point"", ""coordinates"": [-79.05818274320012, 35.90931309234804]}";Hispanic;Chapel Hill;Bike Lane / Paved Shoulder;2;15;Urban (>70% Developed);Male;Passenger Car;0;#NULL!;0;0;White;No;0;30-39;Motorist Drive Out - Sign-Controlled Intersection;None;No;No;Dry;0;Urban;No;10JUN2008;0;15:29;Male;No;Residential;B: Evident Injury;No;O: No Injury;5856;June;0;Straight - Level;Piedmont;Facing Traffic;Stop Sign;Tuesday;Intersection;32;0;Two-Way, Not Divided;2 lanes;0;#NULL!;#NULL!;Smooth Asphalt;#NULL!;T-Intersection;Motorist Failed to Yield - Sign-Controlled Intersection;Local Street;B: Evident Injury;Orange;21;Clear;#NULL!;0-5 mph;20 - 25  MPH;2008;Daylight;20-24
35.2636140051, -77.572502258;"{""type"": ""Point"", ""coordinates"": [-77.5725022580497, 35.26361400511303]}";Black;Kinston;Travel Lane;2;20;Mixed (30% To 70% Developed);Male;Passenger Car;0;#NULL!;0;0;Black;No;0;40-49;Bicyclist Ride Out - Sign-Controlled Intersection;None;Yes;Yes;Dry;0;Urban;No;10JUL2008;0;20:22;Male;No;Residential;A: Disabling Injury;Yes;O: No Injury;5858;July;0;Straight - Grade;Coastal;With Traffic;No Control Present;Thursday;Intersection;49;0;Two-Way, Divided, Unprotected Median;5 lanes;0;#NULL!;#NULL!;Coarse Asphalt;#NULL!;Four-Way Intersection;Bicyclist Failed to Yield - Sign-Controlled Intersection;NC Route;A: Disabling Injury;Lenoir;21;Cloudy;#NULL!;31-35 mph;30 - 35  MPH;2008;Dusk;20-24
35.1914869723, -78.0653224042;"{""type"": ""Point"", ""coordinates"": [-78.06532240416973, 35.19148697227099]}";Black;Mount Olive;Travel Lane;2;17;Urban (>70% Developed);Male;Sport Utility;0;#NULL!;0;0;Unknown/Missing;No;0;6-10;Motorist Overtaking - Other / Unknown;None;No;No;Dry;0;Rural;Yes;31MAY2008;0;17:00;Unknown;Missing;Commercial;C: Possible Injury;Yes;Unknown Injury;5860;May;0;Straight - Level;Coastal;With Traffic;No Control Present;Saturday;Non-Intersection;8;0;Two-Way, Not Divided;2 lanes;0;#NULL!;#NULL!;Coarse Asphalt;#NULL!;No Special Feature;Motorist Overtaking Bicyclist;Local Street;C: Possible Injury;Wayne;Unknown;Clear;#NULL!;Unknown;20 - 25  MPH;2008;Daylight;Unknown
35.3744468241, -83.2131139517;"{""type"": ""Point"", ""coordinates"": [-83.21311395169623, 35.3744468241336]}";White;Sylva;Travel Lane;2;18;Urban (>70% Developed);Male;Pickup;0;#NULL!;0;0;White;No;0;25-29;Bicyclist Ride Through - Signalized Intersection;None;No;No;Dry;0;Rural;No;02JUN2008;0;18:10;Male;No;Commercial;C: Possible Injury;Yes;O: No Injury;5878;June;0;Straight - Level;Mountains;With Traffic;Stop And Go Signal;Monday;Intersection;25;0;Two-Way, Not Divided;2 lanes;0;#NULL!;#NULL!;Coarse Asphalt;#NULL!;Four-Way Intersection;Bicyclist Failed to Yield - Signalized Intersection;NC Route;C: Possible Injury;Jackson;31;Clear;#NULL!;6-10 mph;20 - 25  MPH;2008;Daylight;30-39
36.5034252412, -78.4115925793;"{""type"": ""Point"", ""coordinates"": [-78.41159257927184, 36.50342524120684]}";White;None - Rural Crash;Travel Lane;2;14;Rural (<30% Developed);Male;Passenger Car;0;#NULL!;0;0;Black;No;0;30-39;Motorist Overtaking - Bicyclist Swerved;None;Yes;Yes;Dry;0;Rural;No;15JUN2008;0;14:44;Male;No;Farms, Woods, Pastures;B: Evident Injury;Yes;O: No Injury;5880;June;0;Straight - Level;Piedmont;With Traffic;No Control Present;Sunday;Non-Intersection;30;0;Two-Way, Not Divided;2 lanes;0;#NULL!;#NULL!;Smooth Asphalt;#NULL!;No Special Feature;Motorist Overtaking Bicyclist;NC Route;B: Evident Injury;Vance;69;Clear;#NULL!;51-55 mph;50 - 55  MPH;2008;Daylight;60-69
35.5091700319, -78.3391675035;"{""type"": ""Point"", ""coordinates"": [-78.33916750349174, 35.50917003191667]}";Black;Smithfield;Travel Lane;2;11;Urban (>70% Developed);Male;Passenger Car;0;#NULL!;0;0;White;No;0;60-69;Bicyclist Overtaking - Passing on Left;None;No;No;Dry;0;Urban;No;25JUN2008;0;11:22;Male;No;Commercial;O: No Injury;No;O: No Injury;5894;June;0;Straight - Level;Coastal;With Traffic;No Control Present;Wednesday;Non-Intersection;68;0;Two-Way, Not Divided;5 lanes;0;#NULL!;#NULL!;Coarse Asphalt;#NULL!;No Special Feature;Bicyclist Overtaking Motorist;US Route;O: No Injury;Johnston;70+;Clear;#NULL!;11-15 mph;30 - 35  MPH;2008;Daylight;70+
34.3296807584, -78.8265175916;"{""type"": ""Point"", ""coordinates"": [-78.82651759156806, 34.329680758444795]}";Black;Chadbourn;Travel Lane;2;12;Urban (>70% Developed);Male;Pickup;0;#NULL!;0;0;White;No;0;20-24;Motorist Drive Out - Commercial Driveway / Alley;None;No;No;Dry;0;Rural;No;13JUN2008;0;12:20;Male;No;Commercial;C: Possible Injury;Yes;O: No Injury;5896;June;0;Straight - Level;Coastal;Facing Traffic;Missing;Friday;Non-Intersection;21;0;Two-Way, Not Divided;2 lanes;0;#NULL!;#NULL!;Smooth Asphalt;#NULL!;No Special Feature;Motorist Failed to Yield - Midblock;Local Street;C: Possible Injury;Columbus;52;Clear;#NULL!;0-5 mph;30 - 35  MPH;2008;Daylight;50-59
36.0528770943, -79.838582986;"{""type"": ""Point"", ""coordinates"": [-79.83858298595804, 36.05287709434545]}";Asian;Greensboro;Travel Lane;2;16;Urban (>70% Developed);Male;Passenger Car;0;#NULL!;0;0;Unknown/Missing;No;0;11-15;Sign-Controlled Intersection - Other / Unknown;None;No;No;Dry;0;Urban;Yes;15JUN2008;0;16:36;Unknown;Missing;Residential;C: Possible Injury;Yes;Unknown Injury;5898;June;0;Straight - Level;Piedmont;With Traffic;Stop Sign;Sunday;Intersection;15;0;Two-Way, Divided, Unprotected Median;2 lanes;0;#NULL!;#NULL!;Smooth Asphalt;#NULL!;Four-Way Intersection;Crossing Paths - Other Circumstances;Local Street;C: Possible Injury;Guilford;Unknown;Clear;#NULL!;Unknown;30 - 35  MPH;2008;Daylight;Unknown
35.8532021068, -78.3096185124;"{""type"": ""Point"", ""coordinates"": [-78.30961851235091, 35.85320210680713]}";Black;None - Rural Crash;Bike Lane / Paved Shoulder;2;10;Rural (<30% Developed);Male;Passenger Car;0;#NULL!;0;0;White;No;0;40-49;Bicyclist Left Turn - Same Direction;None;Yes;Yes;Dry;0;Rural;No;22JUN2008;0;10:30;Male;No;Residential;C: Possible Injury;Yes;O: No Injury;5901;June;0;Straight - Level;Piedmont;With Traffic;No Control Present;Sunday;Non-Intersection;40;0;Two-Way, Not Divided;2 lanes;0;#NULL!;#NULL!;Smooth Asphalt;#NULL!;No Special Feature;Bicyclist Left Turn / Merge;State Secondary Route;C: Possible Injury;Wake;70+;Clear;#NULL!;41-45 mph;40 - 45  MPH;2008;Daylight;70+
35.7991970892, -78.4900525649;"{""type"": ""Point"", ""coordinates"": [-78.49005256485096, 35.799197089249134]}";White;Knightdale;Non-Roadway;2;13;Urban (>70% Developed);Male;Passenger Car;0;#NULL!;0;0;White;No;0;16-19;Non-Roadway;None;No;No;Dry;0;Urban;No;17JUL2008;0;13:10;Female;No;Commercial;B: Evident Injury;Yes;O: No Injury;5926;July;0;Straight - Grade;Piedmont;Not Applicable;No Control Present;Thursday;Non-Roadway;16;0;Two-Way, Not Divided;Unknown;0;#NULL!;#NULL!;Coarse Asphalt;#NULL!;Driveway, Public;Non-Roadway;Public Vehicular Area;B: Evident Injury;Wake;70+;Clear;#NULL!;11-15 mph;30 - 35  MPH;2008;Daylight;70+