Geo Point;Geo Shape;BikeRace;City;BikePos;NumUnits;CrashHour;Locality;BikeSex;DrvrVehTyp;NumBikesNo;BikeAlcDrg;NumBikesBI;RteInvdCd;DrvrRace;Workzone;NumBikesCi;BikeAgeGrp;CrashType;RdDefects;CrashAlcoh;BikeAlcoho;RdConditio;DstncMiFrm;RuralUrban;HitRun;CrashDate;NumBikesUI;CrashTime;DrvrSex;DrvrAlcoho;Developmen;CrashSevr;AmbulanceR;DrvrInjury;OBJECTID;CrashMonth;NumBikesKi;RdCharacte;Region;BikeDir;TraffCntrl;CrashDay;CrashLoc;BikeAge;NumBikesTo;RdConfig;NumLanes;NumBikesAI;DrvrAlcDrg;OnRoad;RdSurface;Towrd_Rd;RdFeature;CrashGrp;RdClass;BikeInjury;County;DrvrAge;Weather;FrmRd;DrvrEstSpd;SpeedLimit;CrashYear;LightCond;DrvrAgeGrp
36.1277270607, -81.1703433905;"{""type"": ""Point"", ""coordinates"": [-81.1703433904888, 36.1277270606898]}";White;None - Rural Crash;Driveway / Alley;2;14;Rural (<30% Developed);Male;Passenger Car;0;#NULL!;0;0;White;No;0;6-10;Bicyclist Ride Out - Residential Driveway;None;No;No;Dry;0;Rural;No;03JUL2008;0;14:30;Female;No;Residential;B: Evident Injury;Yes;O: No Injury;5930;July;0;Straight - Level;Mountains;Not Applicable;Double Yellow Line, No Passing Zone;Thursday;Non-Intersection;9;0;Two-Way, Not Divided;2 lanes;0;#NULL!;#NULL!;Smooth Asphalt;#NULL!;Driveway, Private;Bicyclist Failed to Yield - Midblock;State Secondary Route;B: Evident Injury;Wilkes;70+;Clear;#NULL!;16-20 mph;30 - 35  MPH;2008;Daylight;70+
35.1762368729, -80.7976132259;"{""type"": ""Point"", ""coordinates"": [-80.79761322586276, 35.17623687289847]}";Other;Charlotte;Sidewalk / Crosswalk / Driveway Crossing;2;15;Urban (>70% Developed);Male;Passenger Car;0;#NULL!;0;0;Other;No;0;20-24;Motorist Drive Out - Commercial Driveway / Alley;None;No;No;Dry;0;Urban;No;02AUG2008;0;15:58;Male;No;Commercial;C: Possible Injury;Yes;O: No Injury;5934;August;0;Straight - Bottom;Piedmont;Facing Traffic;No Control Present;Saturday;Non-Intersection;23;0;Two-Way, Not Divided;2 lanes;0;#NULL!;#NULL!;Smooth Asphalt;#NULL!;Driveway, Public;Motorist Failed to Yield - Midblock;Local Street;C: Possible Injury;Mecklenburg;48;Clear;#NULL!;0-5 mph;5 - 15 MPH;2008;Daylight;40-49
35.2830668749, -81.3609233994;"{""type"": ""Point"", ""coordinates"": [-81.36092339941848, 35.28306687487994]}";White;None - Rural Crash;Travel Lane;2;15;Mixed (30% To 70% Developed);Male;Passenger Car;0;#NULL!;0;0;Black;No;0;16-19;Motorist Overtaking - Other / Unknown;None;No;No;Dry;0;Rural;No;02AUG2008;0;15:19;Female;No;Residential;C: Possible Injury;Yes;O: No Injury;5935;August;0;Straight - Level;Mountains;With Traffic;Double Yellow Line, No Passing Zone;Saturday;Non-Intersection;17;0;Two-Way, Not Divided;2 lanes;0;#NULL!;#NULL!;Smooth Asphalt;#NULL!;No Special Feature;Motorist Overtaking Bicyclist;State Secondary Route;C: Possible Injury;Cleveland;53;Clear;#NULL!;16-20 mph;40 - 45  MPH;2008;Daylight;50-59
35.3745610146, -77.990262391;"{""type"": ""Point"", ""coordinates"": [-77.99026239099331, 35.37456101464914]}";Black;Goldsboro;Non-Roadway;2;20;Urban (>70% Developed);Male;Unknown;0;#NULL!;0;0;Unknown/Missing;No;0;50-59;Non-Roadway;None;No;No;Wet;0;Urban;Yes;05JUL2008;0;20:30;Unknown;Missing;Commercial;C: Possible Injury;Yes;Unknown Injury;5938;July;0;Straight - Level;Coastal;Not Applicable;Missing;Saturday;Non-Roadway;53;0;One-Way, Not Divided;Unknown;0;#NULL!;#NULL!;Coarse Asphalt;#NULL!;No Special Feature;Non-Roadway;Public Vehicular Area;C: Possible Injury;Wayne;Unknown;Rain;#NULL!;6-10 mph;Unknown;2008;Daylight;Unknown
36.1159391059, -79.8921030064;"{""type"": ""Point"", ""coordinates"": [-79.8921030063633, 36.11593910591135]}";White;Greensboro;Travel Lane;2;22;Urban (>70% Developed);Male;Passenger Car;0;#NULL!;0;0;White;No;0;25-29;Motorist Drive Out - Sign-Controlled Intersection;None;No;No;Dry;0;Urban;No;30JUN2008;0;22:19;Male;No;Residential;B: Evident Injury;Yes;O: No Injury;5945;June;0;Straight - Level;Piedmont;Facing Traffic;Stop Sign;Monday;Intersection;27;0;Two-Way, Divided, Unprotected Median;4 lanes;0;#NULL!;#NULL!;Coarse Asphalt;#NULL!;Four-Way Intersection;Motorist Failed to Yield - Sign-Controlled Intersection;Local Street;B: Evident Injury;Guilford;29;Clear;#NULL!;6-10 mph;30 - 35  MPH;2008;Dark - Lighted Roadway;25-29
35.8563770959, -78.6465476149;"{""type"": ""Point"", ""coordinates"": [-78.64654761492747, 35.85637709589309]}";Black;Raleigh;Sidewalk / Crosswalk / Driveway Crossing;2;13;Urban (>70% Developed);Male;Passenger Car;0;#NULL!;0;0;White;No;0;11-15;Motorist Drive Out - Commercial Driveway / Alley;None;No;No;Dry;0;Urban;No;10JUL2008;0;13:28;Male;No;Commercial;O: No Injury;No;O: No Injury;5952;July;0;Straight - Grade;Piedmont;Facing Traffic;Missing;Thursday;Non-Intersection;15;0;Two-Way, Not Divided;Unknown;0;#NULL!;#NULL!;Concrete;#NULL!;Driveway, Private;Motorist Failed to Yield - Midblock;Public Vehicular Area;O: No Injury;Wake;36;Clear;#NULL!;0-5 mph;30 - 35  MPH;2008;Daylight;30-39
34.2294307655, -77.9280123157;"{""type"": ""Point"", ""coordinates"": [-77.9280123156601, 34.22943076551859]}";Black;Wilmington;Travel Lane;2;16;Urban (>70% Developed);Male;Van;0;#NULL!;0;0;White;No;0;11-15;Bicyclist Ride Through - Signalized Intersection;None;No;No;Dry;0;Urban;No;13JUL2008;0;16:16;Female;No;Residential;B: Evident Injury;Yes;O: No Injury;5953;July;0;Straight - Level;Coastal;With Traffic;Stop And Go Signal;Sunday;Intersection;15;0;One-Way, Not Divided;5 lanes;0;#NULL!;#NULL!;Smooth Asphalt;#NULL!;Four-Way Intersection;Bicyclist Failed to Yield - Signalized Intersection;Local Street;B: Evident Injury;New Hanover;39;Clear;#NULL!;31-35 mph;30 - 35  MPH;2008;Daylight;30-39
36.3548572742, -76.5595880046;"{""type"": ""Point"", ""coordinates"": [-76.55958800460246, 36.35485727417667]}";Black;None - Rural Crash;Travel Lane;2;17;Mixed (30% To 70% Developed);Male;Pickup;0;#NULL!;0;0;White;No;0;70+;Bicyclist Ride Out - Sign-Controlled Intersection;None;No;No;Dry;0;Rural;No;10JUL2008;0;17:25;Male;No;Residential;K: Killed;Yes;O: No Injury;5954;July;0;Straight - Level;Coastal;With Traffic;Stop Sign;Thursday;Intersection;70+;0;Two-Way, Not Divided;2 lanes;0;#NULL!;#NULL!;Coarse Asphalt;#NULL!;T-Intersection;Bicyclist Failed to Yield - Sign-Controlled Intersection;State Secondary Route;K: Killed;Gates;27;Clear;#NULL!;51-55 mph;50 - 55  MPH;2008;Daylight;25-29
35.4890169459, -80.6278231915;"{""type"": ""Point"", ""coordinates"": [-80.62782319145674, 35.48901694590598]}";White;Kannapolis;Bike Lane / Paved Shoulder;2;19;Urban (>70% Developed);Male;Sport Utility;0;#NULL!;0;0;Hispanic;No;0;16-19;Signalized Intersection - Other / Unknown;None;No;No;Dry;0;Urban;No;15JUL2008;0;19:50;Female;No;Commercial;C: Possible Injury;Yes;O: No Injury;5965;July;0;Straight - Level;Piedmont;With Traffic;Stop And Go Signal;Tuesday;Intersection;16;0;Two-Way, Not Divided;4 lanes;0;#NULL!;#NULL!;Smooth Asphalt;#NULL!;Four-Way Intersection;Crossing Paths - Other Circumstances;Local Street;C: Possible Injury;Cabarrus;19;Clear;#NULL!;26-30 mph;30 - 35  MPH;2008;Daylight;0-19
35.7956839259, -82.8596988717;"{""type"": ""Point"", ""coordinates"": [-82.85969887167151, 35.79568392592591]}";White;None - Rural Crash;Driveway / Alley;2;19;Rural (<30% Developed);Male;Passenger Car;0;#NULL!;0;0;White;No;0;11-15;Bicyclist Ride Out - Residential Driveway;None;No;No;Dry;0;Rural;No;16JUL2008;0;19:30;Female;No;Farms, Woods, Pastures;A: Disabling Injury;Yes;O: No Injury;5969;July;0;Curve - Level;Mountains;Not Applicable;Double Yellow Line, No Passing Zone;Wednesday;Non-Intersection;13;0;Two-Way, Not Divided;2 lanes;0;#NULL!;#NULL!;Smooth Asphalt;#NULL!;Y-Intersection;Bicyclist Failed to Yield - Midblock;NC Route;A: Disabling Injury;Madison;35;Clear;#NULL!;36-40 mph;40 - 45  MPH;2008;Daylight;30-39
35.2539898876, -80.8560732469;"{""type"": ""Point"", ""coordinates"": [-80.8560732469205, 35.25398988760843]}";Black;Charlotte;Sidewalk / Crosswalk / Driveway Crossing;2;21;Urban (>70% Developed);Male;Passenger Car;0;#NULL!;0;0;Black;No;0;30-39;Motorist Drive Out - Sign-Controlled Intersection;None;No;No;Dry;0;Urban;No;15AUG2008;0;21:39;Female;No;Commercial;C: Possible Injury;Yes;O: No Injury;5977;August;0;Straight - Level;Piedmont;With Traffic;Stop Sign;Friday;Intersection;38;0;Two-Way, Not Divided;2 lanes;0;#NULL!;#NULL!;Smooth Asphalt;#NULL!;T-Intersection;Motorist Failed to Yield - Sign-Controlled Intersection;Local Street;C: Possible Injury;Mecklenburg;24;Cloudy;#NULL!;0-5 mph;20 - 25  MPH;2008;Dark - Lighted Roadway;20-24
34.6996568288, -79.1262527007;"{""type"": ""Point"", ""coordinates"": [-79.12625270073777, 34.699656828780164]}";Native American;None - Rural Crash;Travel Lane;2;15;Rural (<30% Developed);Male;Van;0;#NULL!;0;0;Native American;No;0;40-49;Bicyclist Left Turn - Same Direction;None;Yes;Yes;Dry;0;Rural;No;12AUG2008;0;15:40;Female;No;Farms, Woods, Pastures;A: Disabling Injury;Yes;O: No Injury;5979;August;0;Straight - Level;Coastal;With Traffic;No Control Present;Tuesday;Non-Intersection;44;0;Two-Way, Not Divided;2 lanes;0;#NULL!;#NULL!;Smooth Asphalt;#NULL!;No Special Feature;Bicyclist Left Turn / Merge;State Secondary Route;A: Disabling Injury;Robeson;56;Cloudy;#NULL!;51-55 mph;50 - 55  MPH;2008;Dusk;50-59
34.213301763, -77.8862483033;"{""type"": ""Point"", ""coordinates"": [-77.8862483032633, 34.213301763043496]}";Black;Wilmington;Travel Lane;2;20;Urban (>70% Developed);Male;Pickup;0;#NULL!;0;0;White;No;0;50-59;Motorist Left Turn - Opposite Direction;None;No;No;Dry;0;Urban;No;17JUL2008;0;20:52;Male;No;Commercial;B: Evident Injury;No;O: No Injury;5982;July;0;Straight - Level;Coastal;With Traffic;Stop Sign;Thursday;Intersection;59;0;Two-Way, Not Divided;6 lanes;0;#NULL!;#NULL!;Coarse Asphalt;#NULL!;Four-Way Intersection;Motorist Left Turn / Merge;Local Street;B: Evident Injury;New Hanover;18;Clear;#NULL!;31-35 mph;40 - 45  MPH;2008;Dark - Roadway Not Lighted;0-19
36.0442672369, -75.6755617165;"{""type"": ""Point"", ""coordinates"": [-75.67556171648845, 36.04426723689259]}";White;Kill Devil Hills;Travel Lane;2;5;Mixed (30% To 70% Developed);Female;Pickup;0;#NULL!;0;0;White;No;0;50-59;Motorist Left Turn - Opposite Direction;None;No;No;Dry;0;Urban;No;18JUL2008;0;5:30;Male;No;Residential;B: Evident Injury;No;O: No Injury;5984;July;0;Straight - Level;Coastal;With Traffic;Stop Sign;Friday;Intersection;55;0;Two-Way, Not Divided;2 lanes;0;#NULL!;#NULL!;Coarse Asphalt;#NULL!;T-Intersection;Motorist Left Turn / Merge;Local Street;B: Evident Injury;Dare;22;Cloudy;#NULL!;6-10 mph;30 - 35  MPH;2008;Daylight;20-24
34.6654968913, -77.0322920655;"{""type"": ""Point"", ""coordinates"": [-77.03229206554988, 34.665496891311015]}";White;Emerald Isle;Bike Lane / Paved Shoulder;2;10;Urban (>70% Developed);Female;Light Truck (Mini-Van, Panel);0;#NULL!;0;0;White;No;0;40-49;Motorist Right Turn - Same Direction;None;No;No;Dry;0;Rural;No;19JUL2008;0;10:00;Male;No;Commercial;O: No Injury;No;O: No Injury;5986;July;0;Straight - Level;Coastal;With Traffic;No Control Present;Saturday;Non-Intersection;43;0;Two-Way, Divided, Unprotected Median;3 lanes;0;#NULL!;#NULL!;Coarse Asphalt;#NULL!;Driveway, Public;Motorist Right Turn / Merge;NC Route;O: No Injury;Carteret;40;Clear;#NULL!;0-5 mph;30 - 35  MPH;2008;Daylight;40-49
36.2326201157, -80.2980131342;"{""type"": ""Point"", ""coordinates"": [-80.2980131341729, 36.23262011570991]}";White;Rural Hall;Travel Lane;2;13;Mixed (30% To 70% Developed);Female;Pickup;0;#NULL!;0;0;White;No;0;11-15;Bicyclist Ride Through - Sign-Controlled Intersection;None;No;No;Dry;0;Rural;No;09MAY2009;0;13:00;Male;No;Residential;A: Disabling Injury;Yes;O: No Injury;4821;May;0;Straight - Level;Piedmont;With Traffic;Stop Sign;Saturday;Intersection;11;0;Two-Way, Not Divided;2 lanes;0;#NULL!;#NULL!;Smooth Asphalt;#NULL!;T-Intersection;Bicyclist Failed to Yield - Sign-Controlled Intersection;State Secondary Route;A: Disabling Injury;Forsyth;21;Clear;#NULL!;11-15 mph;20 - 25  MPH;2009;Daylight;20-24
35.830100086, -78.7743926529;"{""type"": ""Point"", ""coordinates"": [-78.77439265293793, 35.83010008599858]}";White;Cary;Travel Lane;2;12;Urban (>70% Developed);Male;Sport Utility;0;#NULL!;0;0;White;No;0;40-49;Motorist Overtaking - Bicyclist Swerved;None;No;No;Dry;0;Urban;No;28MAY2009;0;12:41;Female;No;Commercial;B: Evident Injury;Yes;O: No Injury;4827;May;0;Straight - Level;Piedmont;With Traffic;No Control Present;Thursday;Intersection;41;0;Two-Way, Divided, Unprotected Median;4 lanes;0;#NULL!;#NULL!;Smooth Asphalt;#NULL!;No Special Feature;Motorist Overtaking Bicyclist;Local Street;B: Evident Injury;Wake;22;Clear;#NULL!;36-40 mph;40 - 45  MPH;2009;Daylight;20-24
35.7687639955, -80.8868632846;"{""type"": ""Point"", ""coordinates"": [-80.88686328462481, 35.7687639955445]}";Black;Statesville;Non-Roadway;2;19;Urban (>70% Developed);Female;Passenger Car;0;#NULL!;0;0;Hispanic;No;0;6-10;Multiple Threat - Midblock;None;No;No;Dry;0;Urban;No;18MAY2009;0;19:30;Male;No;Residential;C: Possible Injury;No;O: No Injury;4830;May;0;Straight - Level;Piedmont;Not Applicable;No Control Present;Monday;Non-Intersection;7;0;Two-Way, Not Divided;2 lanes;0;#NULL!;#NULL!;Smooth Asphalt;#NULL!;No Special Feature;Bicyclist Failed to Yield - Midblock;Local Street;C: Possible Injury;Iredell;20;Clear;#NULL!;16-20 mph;30 - 35  MPH;2009;Unknown;20-24
35.8308440894, -78.6743626228;"{""type"": ""Point"", ""coordinates"": [-78.6743626227598, 35.83084408935578]}";Other;Raleigh;Travel Lane;2;15;Urban (>70% Developed);Male;Sport Utility;0;#NULL!;0;0;Black;No;0;16-19;Bicyclist Left Turn - Opposite Direction;None;No;No;Dry;0;Urban;No;09MAY2009;0;15:17;Female;No;Residential;A: Disabling Injury;Yes;O: No Injury;4841;May;0;Straight - Bottom;Piedmont;With Traffic;No Control Present;Saturday;Non-Intersection;16;0;Two-Way, Not Divided;2 lanes;0;#NULL!;#NULL!;Smooth Asphalt;#NULL!;No Special Feature;Bicyclist Left Turn / Merge;Local Street;A: Disabling Injury;Wake;42;Clear;#NULL!;31-35 mph;30 - 35  MPH;2009;Daylight;40-49
36.2049270557, -81.6935835504;"{""type"": ""Point"", ""coordinates"": [-81.69358355043897, 36.20492705571889]}";White;Boone;Travel Lane;2;19;Urban (>70% Developed);Male;Passenger Car;0;#NULL!;0;0;White;No;0;25-29;Motorist Overtaking - Undetected Bicyclist;None;No;No;Dry;0;Urban;No;20MAY2009;0;19:33;Male;No;Commercial;C: Possible Injury;No;O: No Injury;4851;May;0;Straight - Level;Mountains;With Traffic;No Control Present;Wednesday;Non-Intersection;29;0;Two-Way, Not Divided;5 lanes;0;#NULL!;#NULL!;Smooth Asphalt;#NULL!;No Special Feature;Motorist Overtaking Bicyclist;US Route;C: Possible Injury;Watauga;46;Clear;#NULL!;31-35 mph;30 - 35  MPH;2009;Daylight;40-49
35.0562698499, -80.7343932001;"{""type"": ""Point"", ""coordinates"": [-80.73439320012781, 35.05626984994505]}";White;None - Rural Crash;Travel Lane;2;15;Urban (>70% Developed);Male;Passenger Car;0;#NULL!;0;0;White;No;0;30-39;Motorist Right Turn - Same Direction;None;No;No;Dry;0;Rural;No;19MAY2009;0;15:15;Female;No;Residential;C: Possible Injury;No;O: No Injury;4853;May;0;Straight - Level;Piedmont;With Traffic;Double Yellow Line, No Passing Zone;Tuesday;Non-Intersection;38;0;Two-Way, Not Divided;2 lanes;0;#NULL!;#NULL!;Smooth Asphalt;#NULL!;No Special Feature;Motorist Right Turn / Merge;State Secondary Route;C: Possible Injury;Union;17;Clear;#NULL!;11-15 mph;40 - 45  MPH;2009;Daylight;0-19
34.1543337182, -78.8645125953;"{""type"": ""Point"", ""coordinates"": [-78.86451259529002, 34.15433371817785]}";White;Tabor City;Travel Lane;2;17;Urban (>70% Developed);Male;Van;0;#NULL!;0;0;White;No;0;11-15;Bicyclist Left Turn - Opposite Direction;None;No;No;Dry;0;Rural;No;22MAY2009;0;17:17;Male;No;Commercial;B: Evident Injury;Yes;O: No Injury;4857;May;0;Straight - Level;Coastal;With Traffic;Double Yellow Line, No Passing Zone;Friday;Non-Intersection;13;0;Two-Way, Divided, Unprotected Median;3 lanes;0;#NULL!;#NULL!;Coarse Asphalt;#NULL!;No Special Feature;Bicyclist Left Turn / Merge;Local Street;B: Evident Injury;Columbus;68;Clear;#NULL!;41-45 mph;40 - 45  MPH;2009;Daylight;60-69
33.9133166883, -78.139412365;"{""type"": ""Point"", ""coordinates"": [-78.13941236496714, 33.913316688254184]}";White;Oak Island;Travel Lane;2;0;Urban (>70% Developed);Female;Passenger Car;0;#NULL!;0;0;White;No;0;50-59;Bicyclist Lost Control - Surface Conditions;None;No;No;Dry;0;Urban;No;23MAY2009;0;0:01;Male;No;Residential;B: Evident Injury;No;O: No Injury;4860;May;0;Straight - Level;Coastal;With Traffic;Stop Sign;Saturday;Intersection;54;0;Two-Way, Not Divided;2 lanes;0;#NULL!;#NULL!;Sand;#NULL!;T-Intersection;Loss of Control / Turning Error;Local Street;B: Evident Injury;Brunswick;56;Clear;#NULL!;Unknown;30 - 35  MPH;2009;Daylight;50-59
35.2472908877, -80.8178632352;"{""type"": ""Point"", ""coordinates"": [-80.81786323517589, 35.24729088773179]}";Black;Charlotte;Sidewalk / Crosswalk / Driveway Crossing;2;17;Urban (>70% Developed);Male;Sport Utility;0;#NULL!;0;0;Unknown/Missing;No;0;40-49;Motorist Drive Out - Other Midblock;None;No;No;Dry;0;Urban;Yes;22MAY2009;0;17:47;Unknown;No;Commercial;B: Evident Injury;No;Unknown Injury;4868;May;0;Straight - Grade;Piedmont;Facing Traffic;No Control Present;Friday;Non-Intersection;47;0;Two-Way, Not Divided;Unknown;0;#NULL!;#NULL!;Concrete;#NULL!;Driveway, Public;Motorist Failed to Yield - Midblock;US Route;B: Evident Injury;Mecklenburg;Unknown;Clear;#NULL!;0-5 mph;5 - 15 MPH;2009;Daylight;Unknown
36.0627741535, -78.2560675076;"{""type"": ""Point"", ""coordinates"": [-78.25606750760234, 36.062774153502716]}";Black;None - Rural Crash;Driveway / Alley;2;15;Rural (<30% Developed);Male;Passenger Car;0;#NULL!;0;0;Black;No;0;6-10;Bicyclist Ride Out - Residential Driveway;None;No;No;Dry;0;Rural;No;31MAY2009;0;15:22;Male;No;Residential;B: Evident Injury;Yes;O: No Injury;4875;May;0;Straight - Level;Piedmont;Not Applicable;No Control Present;Sunday;Non-Intersection;10;0;Two-Way, Not Divided;2 lanes;0;#NULL!;#NULL!;Smooth Asphalt;#NULL!;No Special Feature;Bicyclist Failed to Yield - Midblock;State Secondary Route;B: Evident Injury;Franklin;52;Clear;#NULL!;36-40 mph;50 - 55  MPH;2009;Daylight;50-59
34.3995368125, -77.6438772386;"{""type"": ""Point"", ""coordinates"": [-77.64387723862788, 34.39953681249088]}";White;None - Rural Crash;Travel Lane;2;16;Mixed (30% To 70% Developed);Male;Passenger Car;0;#NULL!;0;0;White;No;0;11-15;Bicyclist Left Turn - Same Direction;None;No;No;Dry;0;Rural;No;07JUN2009;0;16:50;Female;No;Residential;C: Possible Injury;No;O: No Injury;4876;June;0;Straight - Level;Coastal;With Traffic;Other;Sunday;Non-Intersection;15;0;Two-Way, Not Divided;3 lanes;0;#NULL!;#NULL!;Coarse Asphalt;#NULL!;No Special Feature;Bicyclist Left Turn / Merge;State Secondary Route;C: Possible Injury;Pender;70+;Clear;#NULL!;51-55 mph;50 - 55  MPH;2009;Daylight;70+
35.2709310058, -77.5757222604;"{""type"": ""Point"", ""coordinates"": [-77.57572226042252, 35.27093100579203]}";Black;Kinston;Travel Lane;2;18;Urban (>70% Developed);Male;Passenger Car;0;#NULL!;0;0;Black;No;0;11-15;Bicyclist Ride Through - Sign-Controlled Intersection;None;No;No;Dry;0;Urban;No;11JUN2009;0;18:45;Male;No;Residential;A: Disabling Injury;Yes;O: No Injury;4879;June;0;Straight - Bottom;Coastal;With Traffic;Stop Sign;Thursday;Intersection;15;0;Two-Way, Not Divided;2 lanes;0;#NULL!;#NULL!;Smooth Asphalt;#NULL!;Four-Way Intersection;Bicyclist Failed to Yield - Sign-Controlled Intersection;Local Street;A: Disabling Injury;Lenoir;52;Clear;#NULL!;21-25 mph;20 - 25  MPH;2009;Dusk;50-59
34.2262407656, -77.9117623114;"{""type"": ""Point"", ""coordinates"": [-77.91176231135294, 34.22624076557517]}";Asian;Wilmington;Travel Lane;2;19;Urban (>70% Developed);Male;Passenger Car;0;#NULL!;0;0;Unknown/Missing;No;0;30-39;Bicyclist Lost Control - Other / Unknown;None;No;No;Dry;0;Urban;Yes;30MAY2009;0;19:09;Unknown;No;Residential;C: Possible Injury;No;Unknown Injury;4892;May;0;Straight - Level;Coastal;With Traffic;No Control Present;Saturday;Non-Intersection;33;0;Two-Way, Not Divided;4 lanes;0;#NULL!;#NULL!;Smooth Asphalt;#NULL!;No Special Feature;Loss of Control / Turning Error;Local Street;C: Possible Injury;New Hanover;Unknown;Clear;#NULL!;26-30 mph;30 - 35  MPH;2009;Daylight;Unknown
34.7889549237, -76.875986024;"{""type"": ""Point"", ""coordinates"": [-76.87598602396345, 34.78895492367276]}";Unknown/Missing;Newport;Travel Lane;3;4;Mixed (30% To 70% Developed);Male;Sport Utility;0;#NULL!;0;0;Black;No;0;11-15;Motorist Overtaking - Undetected Bicyclist;None;No;No;Wet;0;Rural;No;16MAY2009;0;4:40;Male;No;Commercial;B: Evident Injury;Yes;O: No Injury;4893;May;0;Straight - Level;Coastal;With Traffic;No Control Present;Saturday;Non-Intersection;14;0;Two-Way, Divided, Unprotected Median;4 lanes;0;#NULL!;#NULL!;Smooth Asphalt;#NULL!;No Special Feature;Motorist Overtaking Bicyclist;US Route;B: Evident Injury;Carteret;46;Rain;#NULL!;51-55 mph;50 - 55  MPH;2009;Dark - Roadway Not Lighted;40-49
36.0716700832, -80.258029114;"{""type"": ""Point"", ""coordinates"": [-80.25802911399339, 36.07167008322054]}";Black;Winston-Salem;Sidewalk / Crosswalk / Driveway Crossing;2;7;Urban (>70% Developed);Male;Passenger Car;0;#NULL!;0;0;White;No;0;50-59;Motorist Drive Out - Commercial Driveway / Alley;None;No;No;Dry;0;Urban;No;04JUN2009;0;7:54;Male;No;Commercial;C: Possible Injury;Yes;O: No Injury;4898;June;0;Straight - Level;Piedmont;Facing Traffic;No Control Present;Thursday;Non-Intersection;55;0;Two-Way, Divided, Positive Median Barrier;6 lanes;0;#NULL!;#NULL!;Smooth Asphalt;#NULL!;Driveway, Public;Motorist Failed to Yield - Midblock;Local Street;C: Possible Injury;Forsyth;66;Cloudy;#NULL!;0-5 mph;40 - 45  MPH;2009;Daylight;60-69
36.302192275, -76.2232718984;"{""type"": ""Point"", ""coordinates"": [-76.22327189836226, 36.302192274962344]}";White;Elizabeth City;Travel Lane;2;11;Rural (<30% Developed);Female;Passenger Car;0;#NULL!;0;0;Black;No;0;30-39;Motorist Left Turn - Opposite Direction;None;No;No;Dry;0;Urban;No;09JUN2009;0;11:53;Female;No;Residential;B: Evident Injury;Yes;O: No Injury;4901;June;0;Straight - Level;Coastal;With Traffic;Stop And Go Signal;Tuesday;Intersection;38;0;Two-Way, Divided, Unprotected Median;2 lanes;0;#NULL!;#NULL!;Grooved Concrete;#NULL!;Four-Way Intersection;Motorist Left Turn / Merge;Local Street;B: Evident Injury;Pasquotank;38;Clear;#NULL!;6-10 mph;20 - 25  MPH;2009;Daylight;30-39
35.7849310794, -78.6757726205;"{""type"": ""Point"", ""coordinates"": [-78.67577262051329, 35.7849310794076]}";White;Raleigh;Travel Lane;2;11;Mixed (30% To 70% Developed);Male;Passenger Car;0;#NULL!;0;0;Asian;No;0;16-19;Crossing Paths - Intersection - Other / Unknown;None;No;No;Dry;0;Urban;No;02JUN2009;0;11:19;Male;No;Farms, Woods, Pastures;B: Evident Injury;No;O: No Injury;4903;June;0;Straight - Level;Piedmont;With Traffic;Stop Sign;Tuesday;Intersection;19;0;Two-Way, Not Divided;2 lanes;0;#NULL!;#NULL!;Smooth Asphalt;#NULL!;T-Intersection;Crossing Paths - Other Circumstances;Local Street;B: Evident Injury;Wake;27;Clear;#NULL!;0-5 mph;20 - 25  MPH;2009;Daylight;25-29
34.0748397318, -77.8949382993;"{""type"": ""Point"", ""coordinates"": [-77.8949382993009, 34.074839731805476]}";White;None - Rural Crash;Travel Lane;2;1;Mixed (30% To 70% Developed);Male;Van;0;#NULL!;0;0;White;No;0;16-19;Bicyclist Left Turn - Same Direction;None;No;No;Dry;0;Rural;No;19JUN2009;0;1:00;Male;No;Residential;B: Evident Injury;Yes;O: No Injury;4904;June;0;Straight - Level;Coastal;With Traffic;No Control Present;Friday;Non-Intersection;19;0;Two-Way, Divided, Unprotected Median;4 lanes;0;#NULL!;#NULL!;Coarse Asphalt;#NULL!;No Special Feature;Bicyclist Left Turn / Merge;US Route;B: Evident Injury;New Hanover;42;Clear;#NULL!;46-50 mph;50 - 55  MPH;2009;Dark - Roadway Not Lighted;40-49
34.6163248155, -78.9998276586;"{""type"": ""Point"", ""coordinates"": [-78.99982765857197, 34.616324815523086]}";Black;Lumberton;Travel Lane;2;22;Urban (>70% Developed);Male;Passenger Car;0;#NULL!;0;0;Black;No;0;30-39;Motorist Overtaking - Other / Unknown;None;No;No;Dry;0;Urban;Yes;12JUN2009;0;22:19;Male;No;Residential;C: Possible Injury;Yes;O: No Injury;4905;June;0;Straight - Level;Coastal;With Traffic;No Control Present;Friday;Intersection;37;0;Two-Way, Not Divided;4 lanes;0;#NULL!;#NULL!;Coarse Asphalt;#NULL!;Four-Way Intersection;Motorist Overtaking Bicyclist;Local Street;C: Possible Injury;Robeson;45;Clear;#NULL!;26-30 mph;30 - 35  MPH;2009;Dark - Lighted Roadway;40-49