Geo Point;Geo Shape;BikeRace;City;BikePos;NumUnits;CrashHour;Locality;BikeSex;DrvrVehTyp;NumBikesNo;BikeAlcDrg;NumBikesBI;RteInvdCd;DrvrRace;Workzone;NumBikesCi;BikeAgeGrp;CrashType;RdDefects;CrashAlcoh;BikeAlcoho;RdConditio;DstncMiFrm;RuralUrban;HitRun;CrashDate;NumBikesUI;CrashTime;DrvrSex;DrvrAlcoho;Developmen;CrashSevr;AmbulanceR;DrvrInjury;OBJECTID;CrashMonth;NumBikesKi;RdCharacte;Region;BikeDir;TraffCntrl;CrashDay;CrashLoc;BikeAge;NumBikesTo;RdConfig;NumLanes;NumBikesAI;DrvrAlcDrg;OnRoad;RdSurface;Towrd_Rd;RdFeature;CrashGrp;RdClass;BikeInjury;County;DrvrAge;Weather;FrmRd;DrvrEstSpd;SpeedLimit;CrashYear;LightCond;DrvrAgeGrp
34.2415607682, -77.9372123198;"{""type"": ""Point"", ""coordinates"": [-77.93721231982636, 34.24156076817714]}";Black;Wilmington;Other;2;0;Urban (>70% Developed);Male;Police;0;#NULL!;0;0;White;No;0;25-29;Parallel Paths - Other / Unknown;None;No;No;Dry;0;Urban;No;14JUN2009;0;0:10;Male;No;Residential;O: No Injury;No;O: No Injury;4913;June;0;Straight - Level;Coastal;Not Applicable;Stop Sign;Sunday;Intersection;25;0;Two-Way, Not Divided;2 lanes;0;#NULL!;#NULL!;Smooth Asphalt;#NULL!;Four-Way Intersection;Parallel Paths - Other Circumstances;Local Street;O: No Injury;New Hanover;39;Cloudy;#NULL!;11-15 mph;20 - 25  MPH;2009;Dark - Lighted Roadway;30-39
34.236594768, -77.9043723093;"{""type"": ""Point"", ""coordinates"": [-77.90437230934137, 34.2365947679818]}";White;Wilmington;Travel Lane;2;21;Urban (>70% Developed);Male;Unknown;0;#NULL!;0;0;Unknown/Missing;No;0;20-24;Motorist Overtaking - Misjudged Space;None;No;No;Dry;0;Urban;Yes;13JUN2009;0;21:16;Unknown;Missing;Residential;C: Possible Injury;Yes;Unknown Injury;4914;June;0;Straight - Level;Coastal;With Traffic;No Control Present;Saturday;Non-Intersection;24;0;Two-Way, Not Divided;2 lanes;0;#NULL!;#NULL!;Smooth Asphalt;#NULL!;No Special Feature;Motorist Overtaking Bicyclist;Local Street;C: Possible Injury;New Hanover;Unknown;Cloudy;#NULL!;Unknown;Unknown;2009;Dark - Lighted Roadway;Unknown
35.7899740825, -78.6132426021;"{""type"": ""Point"", ""coordinates"": [-78.61324260214754, 35.789974082499945]}";Hispanic;Raleigh;Unknown;2;3;Urban (>70% Developed);Male;Passenger Car;0;#NULL!;0;0;Black;No;0;30-39;Bicyclist Ride Out - Midblock - Unknown;None;Yes;Yes;Dry;0;Urban;No;07JUN2009;0;3:53;Female;No;Residential;B: Evident Injury;Yes;O: No Injury;4917;June;0;Straight - Level;Piedmont;Not Applicable;No Control Present;Sunday;Non-Intersection;30;0;Two-Way, Divided, Unprotected Median;2 lanes;0;#NULL!;#NULL!;Smooth Asphalt;#NULL!;No Special Feature;Bicyclist Failed to Yield - Midblock;Local Street;B: Evident Injury;Wake;20;Clear;#NULL!;31-35 mph;30 - 35  MPH;2009;Dark - Lighted Roadway;20-24
35.9950941162, -78.8972826993;"{""type"": ""Point"", ""coordinates"": [-78.89728269925521, 35.99509411620764]}";Black;Durham;Travel Lane;2;17;Urban (>70% Developed);Male;Passenger Car;0;#NULL!;0;0;Black;No;0;50-59;Bicyclist Ride Out - Midblock - Unknown;None;No;No;Dry;0;Urban;No;15JUN2009;0;17:32;Male;No;Commercial;B: Evident Injury;Yes;O: No Injury;4920;June;0;Straight - Level;Piedmont;Unknown;No Control Present;Monday;Non-Intersection;51;0;One-Way, Not Divided;3 lanes;0;#NULL!;#NULL!;Smooth Asphalt;#NULL!;Y-Intersection;Bicyclist Failed to Yield - Midblock;Local Street;B: Evident Injury;Durham;22;Clear;#NULL!;11-15 mph;20 - 25  MPH;2009;Daylight;20-24
34.2107167599, -77.9832623316;"{""type"": ""Point"", ""coordinates"": [-77.98326233163195, 34.21071675987779]}";Black;None - Rural Crash;Travel Lane;2;10;Mixed (30% To 70% Developed);Male;Passenger Car;0;#NULL!;0;0;White;No;0;40-49;Motorist Overtaking - Other / Unknown;None;No;No;Dry;0;Rural;No;24JUN2009;0;10:36;Female;No;Residential;B: Evident Injury;Yes;O: No Injury;4939;June;0;Straight - Level;Coastal;With Traffic;No Control Present;Wednesday;Non-Intersection;46;0;Two-Way, Not Divided;2 lanes;0;#NULL!;#NULL!;Smooth Asphalt;#NULL!;No Special Feature;Motorist Overtaking Bicyclist;NC Route;B: Evident Injury;Brunswick;32;Clear;#NULL!;51-55 mph;50 - 55  MPH;2009;Daylight;30-39
35.7106200654, -78.6249226014;"{""type"": ""Point"", ""coordinates"": [-78.6249226013906, 35.710620065402914]}";White;Garner;Travel Lane;2;19;Urban (>70% Developed);Female;Sport Utility;0;#NULL!;0;0;Black;No;0;11-15;Unknown Approach Paths;None;No;No;Wet;0;Urban;No;16JUN2009;0;19:04;Female;No;Residential;C: Possible Injury;Yes;O: No Injury;4943;June;0;Straight - Level;Piedmont;Unknown;No Control Present;Tuesday;Non-Intersection;12;0;Two-Way, Not Divided;2 lanes;0;#NULL!;#NULL!;Smooth Asphalt;#NULL!;No Special Feature;Other / Unknown - Insufficient Details;Local Street;C: Possible Injury;Wake;23;Cloudy;#NULL!;6-10 mph;20 - 25  MPH;2009;Daylight;20-24
34.9362518323, -80.4866331202;"{""type"": ""Point"", ""coordinates"": [-80.48663312024182, 34.93625183230792]}";White;None - Rural Crash;Bike Lane / Paved Shoulder;2;17;Rural (<30% Developed);Male;Passenger Car;0;#NULL!;0;0;Black;Yes;0;30-39;Bicyclist Left Turn - Same Direction;None;No;No;Dry;0;Rural;No;12JUN2009;0;17:04;Female;No;Farms, Woods, Pastures;A: Disabling Injury;Yes;O: No Injury;4947;June;0;Straight - Level;Piedmont;With Traffic;Double Yellow Line, No Passing Zone;Friday;Non-Intersection;39;0;Two-Way, Not Divided;2 lanes;0;#NULL!;#NULL!;Smooth Asphalt;#NULL!;No Special Feature;Bicyclist Left Turn / Merge;US Route;A: Disabling Injury;Union;29;Clear;#NULL!;51-55 mph;50 - 55  MPH;2009;Daylight;25-29
35.9929041171, -78.8700326904;"{""type"": ""Point"", ""coordinates"": [-78.8700326903534, 35.992904117074694]}";White;Durham;Non-Roadway;2;11;Urban (>70% Developed);Male;Passenger Car;0;#NULL!;0;0;Black;No;0;11-15;Motorist Left Turn - Opposite Direction;None;No;No;Dry;0;Urban;No;03JUL2009;0;11:41;Female;No;Commercial;A: Disabling Injury;Yes;O: No Injury;4948;July;0;Straight - Hillcrest;Piedmont;Not Applicable;No Control Present;Friday;Non-Intersection;13;0;Two-Way, Not Divided;3 lanes;0;#NULL!;#NULL!;Coarse Asphalt;#NULL!;Driveway, Public;Motorist Left Turn / Merge;Local Street;O: No Injury;Durham;67;Clear;#NULL!;11-15 mph;30 - 35  MPH;2009;Daylight;60-69
34.2263707652, -77.9120323114;"{""type"": ""Point"", ""coordinates"": [-77.91203231142337, 34.22637076522363]}";White;Wilmington;Travel Lane;2;21;Urban (>70% Developed);Male;Light Truck (Mini-Van, Panel);0;#NULL!;0;0;Black;No;0;20-24;Motorist Overtaking - Undetected Bicyclist;None;Yes;No;Dry;0;Urban;No;19JUN2009;0;21:42;Male;Yes;Residential;C: Possible Injury;No;O: No Injury;4949;June;0;Straight - Level;Coastal;With Traffic;Stop And Go Signal;Friday;Non-Intersection;24;0;Two-Way, Not Divided;6 lanes;0;#NULL!;#NULL!;Coarse Asphalt;#NULL!;Four-Way Intersection;Motorist Overtaking Bicyclist;Local Street;C: Possible Injury;New Hanover;45;Clear;#NULL!;26-30 mph;40 - 45  MPH;2009;Dark - Roadway Not Lighted;40-49
35.6717829902, -80.4751771561;"{""type"": ""Point"", ""coordinates"": [-80.47517715607117, 35.67178299017566]}";Black;Salisbury;Unknown;2;13;Urban (>70% Developed);Male;Passenger Car;0;#NULL!;0;0;Black;No;0;60-69;Motorist Left Turn - Same Direction;None;No;No;Dry;0;Urban;No;07JUL2009;0;13:50;Male;No;Residential;O: No Injury;No;O: No Injury;4952;July;0;Straight - Level;Piedmont;Facing Traffic;Stop Sign;Tuesday;Intersection;65;0;Two-Way, Not Divided;2 lanes;0;#NULL!;#NULL!;Smooth Asphalt;#NULL!;Four-Way Intersection;Motorist Left Turn / Merge;Local Street;O: No Injury;Rowan;51;Clear;#NULL!;0-5 mph;30 - 35  MPH;2009;Daylight;50-59
35.7640970979, -78.0110264173;"{""type"": ""Point"", ""coordinates"": [-78.01102641730783, 35.764097097943385]}";White;None - Rural Crash;Bike Lane / Paved Shoulder;2;17;Mixed (30% To 70% Developed);Male;Motorcycle;0;#NULL!;0;0;White;No;0;20-24;Bicyclist Right Turn - Same Direction;None;No;No;Dry;0;Rural;No;28JUN2009;0;17:38;Male;No;Farms, Woods, Pastures;B: Evident Injury;No;B: Evident Injury;4953;June;0;Straight - Level;Coastal;With Traffic;No Control Present;Sunday;Non-Intersection;20;0;Two-Way, Divided, Unprotected Median;4 lanes;0;#NULL!;#NULL!;Coarse Asphalt;#NULL!;No Special Feature;Bicyclist Right Turn / Merge;US Route;B: Evident Injury;Wilson;52;Clear;#NULL!;51-55 mph;50 - 55  MPH;2009;Daylight;50-59
34.2814127774, -77.9230523172;"{""type"": ""Point"", ""coordinates"": [-77.92305231723917, 34.281412777443606]}";White;None - Rural Crash;Bike Lane / Paved Shoulder;2;17;Urban (>70% Developed);Male;Passenger Car;0;#NULL!;0;0;White;No;0;16-19;Bicyclist Left Turn - Same Direction;None;No;No;Dry;0;Rural;No;25JUN2009;0;17:45;Female;No;Residential;B: Evident Injury;No;O: No Injury;4958;June;0;Straight - Level;Coastal;With Traffic;Double Yellow Line, No Passing Zone;Thursday;Non-Intersection;19;0;Two-Way, Not Divided;2 lanes;0;#NULL!;#NULL!;Coarse Asphalt;#NULL!;No Special Feature;Bicyclist Left Turn / Merge;NC Route;B: Evident Injury;New Hanover;41;Clear;#NULL!;36-40 mph;40 - 45  MPH;2009;Daylight;40-49
35.3738398238, -83.2130039516;"{""type"": ""Point"", ""coordinates"": [-83.21300395158046, 35.37383982382875]}";White;Sylva;Travel Lane;2;17;Urban (>70% Developed);Male;Pickup;0;#NULL!;0;0;White;No;0;25-29;Head-On - Bicyclist;None;No;No;Dry;0;Rural;No;26JUN2009;0;17:15;Male;No;Commercial;B: Evident Injury;Yes;O: No Injury;4968;June;0;Straight - Grade;Mountains;With Traffic;No Control Present;Friday;Non-Intersection;27;0;Two-Way, Not Divided;2 lanes;0;#NULL!;#NULL!;Smooth Asphalt;#NULL!;Driveway, Public;Head-On;Public Vehicular Area;B: Evident Injury;Jackson;70+;Clear;#NULL!;6-10 mph;5 - 15 MPH;2009;Daylight;70+
36.2032770573, -81.665583542;"{""type"": ""Point"", ""coordinates"": [-81.66558354202029, 36.20327705727205]}";White;Boone;Sidewalk / Crosswalk / Driveway Crossing;2;16;Urban (>70% Developed);Male;Pickup;0;#NULL!;0;0;White;No;0;25-29;Motorist Drive Out - Commercial Driveway / Alley;None;No;No;Dry;0;Urban;No;08JUL2009;0;16:49;Female;No;Commercial;O: No Injury;No;O: No Injury;4981;July;0;Straight - Level;Mountains;Facing Traffic;No Control Present;Wednesday;Non-Intersection;26;0;Two-Way, Not Divided;Unknown;0;#NULL!;#NULL!;Smooth Asphalt;#NULL!;No Special Feature;Motorist Failed to Yield - Midblock;Public Vehicular Area;O: No Injury;Watauga;16;Clear;#NULL!;6-10 mph;Unknown;2009;Daylight;0-19
35.035316724, -83.9654241512;"{""type"": ""Point"", ""coordinates"": [-83.9654241512289, 35.035316723988444]}";White;None - Rural Crash;Travel Lane;2;20;Rural (<30% Developed);Female;Passenger Car;0;#NULL!;0;0;White;No;0;40-49;Motorist Left Turn - Opposite Direction;None;No;No;Dry;0;Rural;No;21JUN2009;0;20:35;Female;No;Farms, Woods, Pastures;C: Possible Injury;No;O: No Injury;4983;June;0;Curve - Grade;Mountains;With Traffic;Double Yellow Line, No Passing Zone;Sunday;Intersection;46;0;Two-Way, Not Divided;2 lanes;0;#NULL!;#NULL!;Smooth Asphalt;#NULL!;T-Intersection;Motorist Left Turn / Merge;State Secondary Route;C: Possible Injury;Cherokee;70+;Clear;#NULL!;21-25 mph;20 - 25  MPH;2009;Daylight;70+
35.2365599446, -79.1514127349;"{""type"": ""Point"", ""coordinates"": [-79.15141273490569, 35.23655994458465]}";White;None - Rural Crash;Travel Lane;2;20;Rural (<30% Developed);Male;Passenger Car;0;#NULL!;0;0;Black;No;0;40-49;Motorist Overtaking - Other / Unknown;None;No;No;Dry;0;Rural;No;03JUL2009;0;20:00;Male;No;Farms, Woods, Pastures;B: Evident Injury;Yes;O: No Injury;4995;July;0;Straight - Grade;Coastal;With Traffic;No Control Present;Friday;Non-Intersection;42;0;Two-Way, Not Divided;2 lanes;0;#NULL!;#NULL!;Smooth Asphalt;#NULL!;No Special Feature;Motorist Overtaking Bicyclist;State Secondary Route;B: Evident Injury;Harnett;19;Clear;#NULL!;51-55 mph;50 - 55  MPH;2009;Daylight;0-19
36.2622272672, -76.2011018889;"{""type"": ""Point"", ""coordinates"": [-76.20110188894223, 36.262227267188855]}";White;None - Rural Crash;Travel Lane;2;6;Mixed (30% To 70% Developed);Male;Van;0;#NULL!;0;0;White;No;0;50-59;Motorist Left Turn - Opposite Direction;None;No;No;Dry;0;Rural;No;11APR2013;0;6:12;Male;No;Commercial;B: Evident Injury;Yes;O: No Injury;994;April;0;Straight - Level;Coastal;With Traffic;Double Yellow Line, No Passing Zone;Thursday;Non-Intersection;53;0;Two-Way, Not Divided;2 lanes;0;#NULL!;SR 1169;Smooth Asphalt;#NULL!;No Special Feature;Motorist Left Turn / Merge;State Secondary Route;B: Evident Injury;Pasquotank;47;Clear;#NULL!;16-20 mph;50 - 55  MPH;2013;Dawn;40-49
36.0587170809, -80.2374031071;"{""type"": ""Point"", ""coordinates"": [-80.23740310706764, 36.05871708089665]}";Black;Winston-Salem;Multi-use Path;2;15;Urban (>70% Developed);Female;Pickup;0;#NULL!;0;0;Hispanic;No;0;0-5;Bicyclist Ride Out - Other Midblock;None;No;No;Dry;0;Urban;No;15MAR2013;0;15:55;Male;No;Residential;B: Evident Injury;Yes;O: No Injury;980;March;0;Straight - Grade;Piedmont;Not Applicable;No Control Present;Friday;Non-Intersection;5;0;Two-Way, Not Divided;2 lanes;0;#NULL!;2800 BLK OF STOCKTON S;Smooth Asphalt;#NULL!;T-Intersection;Bicyclist Failed to Yield - Midblock;Local Street;B: Evident Injury;Forsyth;47;Clear;#NULL!;26-30 mph;30 - 35  MPH;2013;Daylight;40-49
35.7864670828, -78.5860025931;"{""type"": ""Point"", ""coordinates"": [-78.58600259313235, 35.78646708278509]}";White;Raleigh;Non-Roadway;2;11;Urban (>70% Developed);Male;Van;0;#NULL!;0;0;Black;No;0;50-59;Motorist Left Turn - Opposite Direction;None;No;No;Dry;0;Urban;No;28MAR2013;0;11:14;Male;No;Commercial;C: Possible Injury;Yes;O: No Injury;976;March;0;Straight - Level;Piedmont;Not Applicable;Stop Sign;Thursday;Intersection;56;0;Two-Way, Divided, Positive Median Barrier;4 lanes;0;#NULL!;SUNNYBROOK RD;Smooth Asphalt;#NULL!;No Special Feature;Motorist Left Turn / Merge;Local Street;C: Possible Injury;Wake;56;Clear;#NULL!;6-10 mph;30 - 35  MPH;2013;Daylight;50-59
35.8187670899, -78.5961025976;"{""type"": ""Point"", ""coordinates"": [-78.59610259758925, 35.81876708986363]}";White;Raleigh;Unknown;2;10;Urban (>70% Developed);Male;Pickup;0;#NULL!;0;0;White;No;0;60-69;Backing Vehicle;None;No;No;Dry;0;Urban;No;20MAR2013;0;10:08;Male;No;Commercial;O: No Injury;Yes;O: No Injury;970;March;0;Straight - Grade;Piedmont;Unknown;Other;Wednesday;Intersection-Related;61;0;Two-Way, Divided, Unprotected Median;4 lanes;0;#NULL!;CAPITAL BLVD;Smooth Asphalt;#NULL!;No Special Feature;Backing Vehicle;Local Street;O: No Injury;Wake;66;Cloudy;#NULL!;0-5 mph;40 - 45  MPH;2013;Daylight;60-69
34.2236367662, -77.8728022987;"{""type"": ""Point"", ""coordinates"": [-77.87280229872579, 34.22363676615595]}";White;Wilmington;Travel Lane;2;22;Urban (>70% Developed);Male;Sport Utility;0;#NULL!;0;0;White;No;0;20-24;Motorist Left Turn - Opposite Direction;None;No;No;Dry;0;Urban;No;17OCT2011;0;22:56;Female;No;Commercial;B: Evident Injury;Yes;O: No Injury;3524;October;0;Straight - Level;Coastal;With Traffic;Stop Sign;Monday;Intersection;20;0;Two-Way, Not Divided;2 lanes;0;#NULL!;#NULL!;Smooth Asphalt;#NULL!;T-Intersection;Motorist Left Turn / Merge;Local Street;B: Evident Injury;New Hanover;21;Clear;#NULL!;6-10 mph;20 - 25  MPH;2011;Dark - Lighted Roadway;20-24
35.2586868907, -80.7851032268;"{""type"": ""Point"", ""coordinates"": [-80.78510322676543, 35.25868689073252]}";Black;Charlotte;Sidewalk / Crosswalk / Driveway Crossing;2;7;Urban (>70% Developed);Male;Passenger Car;0;#NULL!;0;0;Black;No;0;25-29;Motorist Drive Out - Commercial Driveway / Alley;Other;No;No;Dry;0;Urban;No;16SEP2011;0;7:47;Female;No;Commercial;C: Possible Injury;Yes;O: No Injury;3529;September;0;Straight - Hillcrest;Piedmont;Facing Traffic;No Control Present;Friday;Non-Intersection;27;0;Two-Way, Not Divided;Unknown;0;#NULL!;#NULL!;Smooth Asphalt;#NULL!;Driveway, Public;Motorist Failed to Yield - Midblock;Public Vehicular Area;C: Possible Injury;Mecklenburg;41;Clear;#NULL!;0-5 mph;5 - 15 MPH;2011;Daylight;40-49
35.5723369566, -80.8251032554;"{""type"": ""Point"", ""coordinates"": [-80.82510325540042, 35.572336956591734]}";White;Mooresville;Travel Lane;2;10;Rural (<30% Developed);Male;Pickup;0;#NULL!;0;0;Hispanic;No;0;50-59;Bicyclist Overtaking - Passing on Right;None;No;No;Dry;0;Urban;No;22OCT2011;0;10:26;Male;No;Residential;O: No Injury;No;O: No Injury;3532;October;0;Straight - Level;Piedmont;With Traffic;No Control Present;Saturday;Intersection;56;0;Two-Way, Not Divided;2 lanes;0;#NULL!;#NULL!;Smooth Asphalt;#NULL!;No Special Feature;Bicyclist Overtaking Motorist;NC Route;O: No Injury;Iredell;32;Clear;#NULL!;0-5 mph;30 - 35  MPH;2011;Daylight;30-39
35.2712768795, -81.1821033453;"{""type"": ""Point"", ""coordinates"": [-81.18210334526412, 35.271276879546846]}";Black;Gastonia;Travel Lane;2;16;Urban (>70% Developed);Male;Sport Utility;0;#NULL!;0;0;White;No;0;0-5;Bicyclist Ride Through - Sign-Controlled Intersection;None;No;No;Dry;0;Urban;No;23OCT2011;0;16:23;Male;No;Residential;B: Evident Injury;Yes;O: No Injury;3533;October;0;Straight - Grade;Piedmont;With Traffic;Stop Sign;Sunday;Intersection;4;0;Two-Way, Not Divided;2 lanes;0;#NULL!;#NULL!;Smooth Asphalt;#NULL!;T-Intersection;Bicyclist Failed to Yield - Sign-Controlled Intersection;Local Street;B: Evident Injury;Gaston;51;Clear;#NULL!;31-35 mph;30 - 35  MPH;2011;Daylight;50-59
34.7243669166, -76.6475619509;"{""type"": ""Point"", ""coordinates"": [-76.64756195087726, 34.7243669165877]}";White;Beaufort;Travel Lane;2;11;Urban (>70% Developed);Female;Pickup;0;#NULL!;0;0;White;No;0;60-69;Non-Roadway;None;No;No;Dry;0;Rural;No;24JUL2009;0;11:30;Male;No;Commercial;B: Evident Injury;Yes;O: No Injury;5006;July;0;Straight - Level;Coastal;Not Applicable;No Control Present;Friday;Non-Roadway;60;0;Two-Way, Not Divided;2 lanes;0;#NULL!;#NULL!;Coarse Asphalt;#NULL!;Driveway, Public;Non-Roadway;Public Vehicular Area;B: Evident Injury;Carteret;57;Cloudy;#NULL!;11-15 mph;30 - 35  MPH;2009;Daylight;50-59
35.0526369138, -78.8962226492;"{""type"": ""Point"", ""coordinates"": [-78.8962226491506, 35.0526369137552]}";Black;Fayetteville;Travel Lane;2;19;Urban (>70% Developed);Male;Unknown;0;#NULL!;0;0;Unknown/Missing;No;0;20-24;Bicyclist Lost Control - Other / Unknown;Work Zone;No;No;Dry;0;Urban;Yes;15JUL2009;0;19:53;Unknown;Missing;Residential;A: Disabling Injury;Yes;Unknown Injury;5007;July;0;Straight - Level;Coastal;With Traffic;Flashing Signal With Stop Sign;Wednesday;Non-Intersection;22;0;Two-Way, Not Divided;2 lanes;0;#NULL!;#NULL!;Coarse Asphalt;#NULL!;No Special Feature;Loss of Control / Turning Error;Local Street;A: Disabling Injury;Cumberland;Unknown;Clear;#NULL!;Unknown;30 - 35  MPH;2009;Dusk;Unknown
35.0316568422, -80.7925632162;"{""type"": ""Point"", ""coordinates"": [-80.79256321622991, 35.0316568422415]}";White;Charlotte;Travel Lane;2;19;Urban (>70% Developed);Female;Sport Utility;0;#NULL!;0;0;White;No;0;30-39;Motorist Drive Out - Sign-Controlled Intersection;None;No;No;Dry;0;Urban;No;15JUL2009;0;19:23;Male;No;Residential;B: Evident Injury;Yes;O: No Injury;5011;July;0;Straight - Level;Piedmont;With Traffic;Stop Sign;Wednesday;Intersection;32;0;Two-Way, Not Divided;2 lanes;0;#NULL!;#NULL!;Smooth Asphalt;#NULL!;No Special Feature;Motorist Failed to Yield - Sign-Controlled Intersection;Local Street;B: Evident Injury;Mecklenburg;54;Clear;#NULL!;6-10 mph;30 - 35  MPH;2009;Daylight;50-59
35.9550471455, -77.8367863749;"{""type"": ""Point"", ""coordinates"": [-77.83678637487316, 35.955047145471056]}";White;Rocky Mount;Travel Lane;2;14;Urban (>70% Developed);Male;Sport Utility;0;#NULL!;0;0;Black;No;0;16-19;Bicyclist Turning Error - Other;None;No;No;Dry;0;Urban;No;01JUL2009;0;14:27;Female;No;Residential;C: Possible Injury;Yes;O: No Injury;5012;July;0;Straight - Level;Coastal;With Traffic;Stop Sign;Wednesday;Intersection;18;0;Two-Way, Not Divided;2 lanes;0;#NULL!;#NULL!;Coarse Asphalt;#NULL!;No Special Feature;Loss of Control / Turning Error;Local Street;C: Possible Injury;Nash;40;Clear;#NULL!;31-35 mph;30 - 35  MPH;2009;Daylight;40-49
35.740377063, -78.8588126735;"{""type"": ""Point"", ""coordinates"": [-78.85881267351762, 35.74037706296494]}";White;Apex;Travel Lane;2;12;Urban (>70% Developed);Female;Passenger Car;0;#NULL!;0;0;White;No;0;30-39;Motorist Left Turn - Opposite Direction;None;No;No;Dry;0;Urban;No;19JUL2009;0;12:21;Female;No;Commercial;B: Evident Injury;No;O: No Injury;5018;July;0;Straight - Grade;Piedmont;With Traffic;No Control Present;Sunday;Intersection;30;0;Two-Way, Not Divided;2 lanes;0;#NULL!;#NULL!;Smooth Asphalt;#NULL!;Four-Way Intersection;Motorist Left Turn / Merge;Local Street;B: Evident Injury;Wake;69;Clear;#NULL!;11-15 mph;30 - 35  MPH;2009;Daylight;60-69
35.3541829331, -80.1849930515;"{""type"": ""Point"", ""coordinates"": [-80.18499305151342, 35.35418293311458]}";White;Albemarle;Travel Lane;2;22;Urban (>70% Developed);Female;Passenger Car;0;#NULL!;0;0;White;No;0;40-49;Motorist Drive Out - Sign-Controlled Intersection;None;No;No;Dry;0;Urban;No;24JUL2009;0;22:00;Female;No;Residential;B: Evident Injury;Yes;O: No Injury;5026;July;0;Curve - Level;Piedmont;With Traffic;Flashing Signal With Stop Sign;Friday;Intersection;40;0;Two-Way, Not Divided;2 lanes;0;#NULL!;#NULL!;Smooth Asphalt;#NULL!;T-Intersection;Motorist Failed to Yield - Sign-Controlled Intersection;Local Street;B: Evident Injury;Stanly;24;Clear;#NULL!;6-10 mph;30 - 35  MPH;2009;Dark - Lighted Roadway;20-24
35.2511818881, -80.8120532339;"{""type"": ""Point"", ""coordinates"": [-80.81205323390674, 35.251181888069624]}";Unknown/Missing;Charlotte;Travel Lane;2;16;Urban (>70% Developed);Male;Unknown;0;#NULL!;0;0;Unknown/Missing;No;0;40-49;Motorist Overtaking - Other / Unknown;None;No;No;Dry;0;Urban;Yes;28JUL2009;0;16:16;Unknown;Missing;Commercial;B: Evident Injury;No;Unknown Injury;5031;July;0;Straight - Level;Piedmont;With Traffic;No Control Present;Tuesday;Non-Intersection;45;0;Two-Way, Divided, Unprotected Median;4 lanes;0;#NULL!;#NULL!;Smooth Asphalt;#NULL!;No Special Feature;Motorist Overtaking Bicyclist;Local Street;B: Evident Injury;Mecklenburg;Unknown;Clear;#NULL!;31-35 mph;30 - 35  MPH;2009;Dawn;Unknown
35.7358200619, -78.8625526739;"{""type"": ""Point"", ""coordinates"": [-78.86255267388943, 35.73582006185641]}";White;Apex;Sidewalk / Crosswalk / Driveway Crossing;2;20;Urban (>70% Developed);Male;Sport Utility;0;#NULL!;0;0;White;No;0;20-24;Motorist Right Turn - Opposite Direction;None;No;No;Dry;0;Urban;No;27JUL2009;0;20:44;Female;No;Commercial;B: Evident Injury;Yes;O: No Injury;5035;July;0;Straight - Level;Piedmont;Facing Traffic;Stop And Go Signal;Monday;Intersection;20;0;Two-Way, Not Divided;5 lanes;0;#NULL!;#NULL!;Smooth Asphalt;#NULL!;Four-Way Intersection;Motorist Right Turn / Merge;NC Route;B: Evident Injury;Wake;65;Clear;#NULL!;31-35 mph;40 - 45  MPH;2009;Dark - Lighted Roadway;60-69
36.1686932614, -75.7553417469;"{""type"": ""Point"", ""coordinates"": [-75.75534174686351, 36.16869326138324]}";White;Duck;Travel Lane;2;15;Mixed (30% To 70% Developed);Male;Van;0;#NULL!;0;0;White;No;0;20-24;Crossing Paths - Intersection - Other / Unknown;None;No;No;Dry;0;Rural;No;19JUL2009;0;15:47;Male;No;Commercial;O: No Injury;No;O: No Injury;5036;July;0;Straight - Level;Coastal;With Traffic;No Control Present;Sunday;Intersection;23;0;Two-Way, Not Divided;2 lanes;0;#NULL!;#NULL!;Coarse Asphalt;#NULL!;Shared-Use Paths Or Trails;Crossing Paths - Other Circumstances;Unknown;Unknown Injury;Dare;48;Clear;#NULL!;0-5 mph;20 - 25  MPH;2009;Daylight;40-49
35.8153490847, -78.7051026308;"{""type"": ""Point"", ""coordinates"": [-78.70510263076335, 35.815349084651636]}";White;Raleigh;Sidewalk / Crosswalk / Driveway Crossing;2;17;Urban (>70% Developed);Male;Passenger Car;0;#NULL!;0;0;White;No;0;25-29;Motorist Right Turn - Opposite Direction;None;No;No;Wet;0;Urban;No;17JUL2009;0;17:11;Female;No;Commercial;B: Evident Injury;Yes;O: No Injury;5038;July;0;Straight - Level;Piedmont;Facing Traffic;Stop And Go Signal;Friday;Intersection;28;0;Two-Way, Divided, Unprotected Median;5 lanes;0;#NULL!;#NULL!;Smooth Asphalt;#NULL!;Four-Way Intersection;Motorist Right Turn / Merge;Local Street;B: Evident Injury;Wake;46;Rain;#NULL!;6-10 mph;40 - 45  MPH;2009;Daylight;40-49
35.8324670915, -78.6129786035;"{""type"": ""Point"", ""coordinates"": [-78.61297860346545, 35.832467091507006]}";Hispanic;Raleigh;Travel Lane;2;17;Mixed (30% To 70% Developed);Male;Taxicab;0;#NULL!;0;0;White;No;0;30-39;Motorist Drive Out - Sign-Controlled Intersection;None;No;No;Dry;0;Urban;No;01JUL2009;0;17:30;Male;No;Residential;C: Possible Injury;No;O: No Injury;5042;July;0;Straight - Level;Piedmont;Facing Traffic;Stop Sign;Wednesday;Intersection;34;0;Two-Way, Not Divided;2 lanes;0;#NULL!;#NULL!;Coarse Asphalt;#NULL!;T-Intersection;Motorist Failed to Yield - Sign-Controlled Intersection;Local Street;C: Possible Injury;Wake;58;Clear;#NULL!;Unknown;30 - 35  MPH;2009;Daylight;50-59