Geo Point;Geo Shape;BikeRace;City;BikePos;NumUnits;CrashHour;Locality;BikeSex;DrvrVehTyp;NumBikesNo;BikeAlcDrg;NumBikesBI;RteInvdCd;DrvrRace;Workzone;NumBikesCi;BikeAgeGrp;CrashType;RdDefects;CrashAlcoh;BikeAlcoho;RdConditio;DstncMiFrm;RuralUrban;HitRun;CrashDate;NumBikesUI;CrashTime;DrvrSex;DrvrAlcoho;Developmen;CrashSevr;AmbulanceR;DrvrInjury;OBJECTID;CrashMonth;NumBikesKi;RdCharacte;Region;BikeDir;TraffCntrl;CrashDay;CrashLoc;BikeAge;NumBikesTo;RdConfig;NumLanes;NumBikesAI;DrvrAlcDrg;OnRoad;RdSurface;Towrd_Rd;RdFeature;CrashGrp;RdClass;BikeInjury;County;DrvrAge;Weather;FrmRd;DrvrEstSpd;SpeedLimit;CrashYear;LightCond;DrvrAgeGrp
35.580192033, -78.7434186299;"{""type"": ""Point"", ""coordinates"": [-78.74341862986259, 35.58019203303235]}";White;None - Rural Crash;Bike Lane / Paved Shoulder;2;8;Rural (<30% Developed);Male;Passenger Car;0;#NULL!;0;0;Unknown/Missing;No;0;60-69;Motorist Lost Control - Other / Unknown;None;No;No;Dry;0;Rural;Yes;04AUG2009;0;8:45;Unknown;No;Farms, Woods, Pastures;B: Evident Injury;No;Unknown Injury;5046;August;0;Straight - Level;Piedmont;Not Applicable;No Control Present;Tuesday;Non-Intersection;60;0;Two-Way, Not Divided;2 lanes;0;#NULL!;#NULL!;Smooth Asphalt;#NULL!;No Special Feature;Loss of Control / Turning Error;State Secondary Route;B: Evident Injury;Wake;Unknown;Clear;#NULL!;41-45 mph;40 - 45  MPH;2009;Daylight;Unknown
35.2834170067, -77.6461662815;"{""type"": ""Point"", ""coordinates"": [-77.64616628145225, 35.2834170067352]}";Black;Kinston;Travel Lane;2;8;Urban (>70% Developed);Male;Passenger Car;0;#NULL!;0;0;White;No;0;50-59;Motorist Drive Out - Commercial Driveway / Alley;None;No;No;Dry;0;Urban;No;27JUL2009;0;8:04;Female;No;Commercial;C: Possible Injury;Yes;O: No Injury;5052;July;0;Straight - Level;Coastal;With Traffic;Stop Sign;Monday;Non-Intersection;50;0;Two-Way, Not Divided;4 lanes;0;#NULL!;#NULL!;Smooth Asphalt;#NULL!;No Special Feature;Motorist Failed to Yield - Midblock;US Route;C: Possible Injury;Lenoir;31;Clear;#NULL!;Unknown;40 - 45  MPH;2009;Daylight;30-39
36.3951222462, -77.6394223376;"{""type"": ""Point"", ""coordinates"": [-77.6394223375928, 36.39512224622203]}";White;None - Rural Crash;Travel Lane;2;14;Mixed (30% To 70% Developed);Male;Passenger Car;0;#NULL!;0;0;White;No;0;40-49;Motorist Right Turn - Same Direction;None;No;No;Dry;0;Rural;No;16JUL2009;0;14:26;Female;No;Residential;B: Evident Injury;No;O: No Injury;5053;July;0;Straight - Level;Coastal;With Traffic;No Control Present;Thursday;Non-Intersection;42;0;Two-Way, Not Divided;2 lanes;0;#NULL!;#NULL!;Smooth Asphalt;#NULL!;Driveway, Public;Motorist Right Turn / Merge;NC Route;B: Evident Injury;Halifax;33;Clear;#NULL!;21-25 mph;40 - 45  MPH;2009;Daylight;30-39
36.2772372425, -77.009317138;"{""type"": ""Point"", ""coordinates"": [-77.00931713799339, 36.27723724245691]}";Black;None - Rural Crash;Travel Lane;2;20;Rural (<30% Developed);Male;Pickup;0;#NULL!;0;0;White;No;0;50-59;Motorist Overtaking - Undetected Bicyclist;None;No;No;Dry;0;Rural;No;26JUL2009;0;20:53;Male;No;Farms, Woods, Pastures;B: Evident Injury;Yes;O: No Injury;5054;July;0;Straight - Level;Coastal;With Traffic;Double Yellow Line, No Passing Zone;Sunday;Non-Intersection;53;0;Two-Way, Not Divided;2 lanes;0;#NULL!;#NULL!;Coarse Asphalt;#NULL!;No Special Feature;Motorist Overtaking Bicyclist;NC Route;B: Evident Injury;Hertford;19;Clear;#NULL!;51-55 mph;50 - 55  MPH;2009;Dark - Roadway Not Lighted;0-19
36.1428100659, -81.1022673712;"{""type"": ""Point"", ""coordinates"": [-81.10226737118953, 36.142810065891155]}";White;None - Rural Crash;Travel Lane;2;18;Urban (>70% Developed);Male;Unknown;0;#NULL!;0;0;Unknown/Missing;No;0;25-29;Motorist Overtaking - Other / Unknown;None;No;No;Dry;0;Rural;Yes;18JUL2009;0;18:45;Unknown;Missing;Residential;B: Evident Injury;Yes;Unknown Injury;5058;July;0;Straight - Grade;Mountains;With Traffic;Double Yellow Line, No Passing Zone;Saturday;Non-Intersection;28;0;Two-Way, Divided, Unprotected Median;2 lanes;0;#NULL!;#NULL!;Smooth Asphalt;#NULL!;No Special Feature;Motorist Overtaking Bicyclist;State Secondary Route;B: Evident Injury;Wilkes;Unknown;Clear;#NULL!;41-45 mph;50 - 55  MPH;2009;Daylight;Unknown
34.2342567662, -77.9486183221;"{""type"": ""Point"", ""coordinates"": [-77.94861832210846, 34.23425676620822]}";White;Wilmington;Travel Lane;2;18;Urban (>70% Developed);Female;Passenger Car;0;#NULL!;0;0;White;Yes;0;20-24;Motorist Overtaking - Other / Unknown;None;Yes;Yes;Dry;0;Urban;No;26JUL2009;0;18:39;Male;No;Commercial;A: Disabling Injury;Yes;O: No Injury;5065;July;0;Straight - Level;Coastal;With Traffic;Stop Sign;Sunday;Intersection-Related;22;0;Two-Way, Not Divided;4 lanes;0;#NULL!;#NULL!;Smooth Asphalt;#NULL!;Four-Way Intersection;Motorist Overtaking Bicyclist;Local Street;A: Disabling Injury;New Hanover;22;Clear;#NULL!;11-15 mph;20 - 25  MPH;2009;Daylight;20-24
34.4448368098, -78.0375723594;"{""type"": ""Point"", ""coordinates"": [-78.0375723594325, 34.44483680976992]}";Black;None - Rural Crash;Travel Lane;2;11;Rural (<30% Developed);Male;Passenger Car;0;#NULL!;0;0;White;No;0;11-15;Motorist Overtaking - Misjudged Space;None;No;No;Dry;0;Rural;No;01AUG2009;0;11:50;Female;No;Farms, Woods, Pastures;B: Evident Injury;Yes;O: No Injury;5079;August;0;Straight - Level;Coastal;With Traffic;Double Yellow Line, No Passing Zone;Saturday;Non-Intersection;15;0;Two-Way, Not Divided;2 lanes;0;#NULL!;#NULL!;Smooth Asphalt;#NULL!;No Special Feature;Motorist Overtaking Bicyclist;NC Route;B: Evident Injury;Pender;37;Clear;#NULL!;41-45 mph;50 - 55  MPH;2009;Daylight;30-39
36.1576801028, -80.2015431009;"{""type"": ""Point"", ""coordinates"": [-80.20154310091958, 36.15768010280735]}";Black;Winston-Salem;Travel Lane;2;22;Mixed (30% To 70% Developed);Male;Passenger Car;0;#NULL!;0;0;White;No;0;16-19;Bicyclist Left Turn - Same Direction;None;No;No;Dry;0;Urban;No;27JUL2009;0;22:35;Male;No;Residential;B: Evident Injury;Yes;O: No Injury;5090;July;0;Straight - Level;Piedmont;With Traffic;No Control Present;Monday;Non-Intersection;19;0;Two-Way, Not Divided;2 lanes;0;#NULL!;#NULL!;Smooth Asphalt;#NULL!;No Special Feature;Bicyclist Left Turn / Merge;Local Street;B: Evident Injury;Forsyth;25;Clear;#NULL!;41-45 mph;40 - 45  MPH;2009;Dark - Lighted Roadway;25-29
36.2966112733, -76.2239118983;"{""type"": ""Point"", ""coordinates"": [-76.22391189831531, 36.296611273314255]}";Black;Elizabeth City;Sidewalk / Crosswalk / Driveway Crossing;2;12;Mixed (30% To 70% Developed);Male;Pickup;0;#NULL!;0;0;White;No;0;40-49;Bicyclist Ride Out - Other Midblock;None;No;No;Dry;0;Urban;No;19AUG2009;0;12:43;Male;No;Residential;C: Possible Injury;No;O: No Injury;5096;August;0;Straight - Level;Coastal;Unknown;Flashing Stop And Go Signal;Wednesday;Non-Intersection;44;0;Two-Way, Divided, Unprotected Median;5 lanes;0;#NULL!;#NULL!;Smooth Asphalt;#NULL!;No Special Feature;Bicyclist Failed to Yield - Midblock;Local Street;C: Possible Injury;Pasquotank;61;Clear;#NULL!;31-35 mph;30 - 35  MPH;2009;Daylight;60-69
35.0715018477, -80.8787232445;"{""type"": ""Point"", ""coordinates"": [-80.8787232445323, 35.071501847734346]}";Black;Pineville;Travel Lane;2;8;Urban (>70% Developed);Male;Sport Utility;0;#NULL!;0;0;White;No;0;40-49;Motorist Left Turn - Same Direction;None;No;No;Dry;0;Rural;No;01AUG2009;0;8:55;Male;No;Commercial;B: Evident Injury;Yes;O: No Injury;5104;August;0;Straight - Level;Piedmont;With Traffic;No Control Present;Saturday;Non-Intersection;48;0;Two-Way, Not Divided;2 lanes;0;#NULL!;#NULL!;Smooth Asphalt;#NULL!;No Special Feature;Motorist Left Turn / Merge;US Route;B: Evident Injury;Mecklenburg;43;Cloudy;#NULL!;31-35 mph;40 - 45  MPH;2009;Daylight;40-49
35.1572449374, -78.8811226496;"{""type"": ""Point"", ""coordinates"": [-78.88112264959643, 35.15724493737292]}";Black;None - Rural Crash;Travel Lane;2;17;Rural (<30% Developed);Male;Pickup;0;#NULL!;0;0;White;No;0;16-19;Bicyclist Right Turn - Same Direction;None;No;No;Dry;0;Rural;No;16AUG2009;0;17:22;Male;No;Farms, Woods, Pastures;O: No Injury;No;O: No Injury;5105;August;0;Straight - Level;Coastal;Facing Traffic;No Control Present;Sunday;Intersection;16;0;Two-Way, Not Divided;3 lanes;0;#NULL!;#NULL!;Smooth Asphalt;#NULL!;T-Intersection;Bicyclist Right Turn / Merge;State Secondary Route;O: No Injury;Cumberland;51;Clear;#NULL!;46-50 mph;40 - 45  MPH;2009;Daylight;50-59
35.032233983, -76.69395598;"{""type"": ""Point"", ""coordinates"": [-76.69395597998101, 35.032233982952896]}";Black;Oriental;Travel Lane;2;17;Mixed (30% To 70% Developed);Female;Sport Utility;0;#NULL!;0;0;White;No;0;6-10;Crossing Paths - Intersection - Other / Unknown;None;No;No;Dry;0;Rural;No;05SEP2009;0;17:40;Male;No;Residential;C: Possible Injury;Yes;O: No Injury;5115;September;0;Straight - Level;Coastal;With Traffic;Double Yellow Line, No Passing Zone;Saturday;Intersection;6;0;Two-Way, Not Divided;2 lanes;0;#NULL!;#NULL!;Coarse Asphalt;#NULL!;T-Intersection;Crossing Paths - Other Circumstances;Local Street;C: Possible Injury;Pamlico;47;Clear;#NULL!;21-25 mph;20 - 25  MPH;2009;Daylight;40-49
35.199694942, -78.9899776844;"{""type"": ""Point"", ""coordinates"": [-78.98997768441264, 35.19969494204469]}";Black;Spring Lake;Unknown;2;13;Mixed (30% To 70% Developed);Male;Pickup;0;#NULL!;0;0;White;No;0;6-10;Bicyclist Ride Out - Midblock - Unknown;None;No;No;Dry;0;Urban;No;06SEP2009;0;13:14;Male;No;Commercial;C: Possible Injury;No;O: No Injury;5117;September;0;Straight - Level;Coastal;Not Applicable;No Control Present;Sunday;Non-Intersection;7;0;Two-Way, Not Divided;5 lanes;0;#NULL!;#NULL!;Coarse Asphalt;#NULL!;No Special Feature;Bicyclist Failed to Yield - Midblock;NC Route;C: Possible Injury;Cumberland;23;Clear;#NULL!;41-45 mph;40 - 45  MPH;2009;Daylight;20-24
35.2098608784, -80.8597292461;"{""type"": ""Point"", ""coordinates"": [-80.85972924614524, 35.2098608783584]}";White;Charlotte;Travel Lane;2;8;Urban (>70% Developed);Female;Sport Utility;0;#NULL!;0;0;White;No;0;50-59;Motorist Left Turn - Opposite Direction;None;No;No;Dry;0;Urban;No;26AUG2009;0;8:54;Female;No;Commercial;C: Possible Injury;Yes;O: No Injury;5122;August;0;Straight - Level;Piedmont;With Traffic;Stop And Go Signal;Wednesday;Intersection;55;0;Two-Way, Not Divided;4 lanes;0;#NULL!;#NULL!;Smooth Asphalt;#NULL!;Four-Way Intersection;Motorist Left Turn / Merge;Local Street;C: Possible Injury;Mecklenburg;29;Clear;#NULL!;11-15 mph;30 - 35  MPH;2009;Daylight;25-29
36.0648070987, -79.7927029735;"{""type"": ""Point"", ""coordinates"": [-79.79270297345597, 36.06480709868498]}";Black;Greensboro;Travel Lane;2;15;Urban (>70% Developed);Male;Passenger Car;0;#NULL!;0;0;Other;No;0;40-49;Motorist Overtaking - Bicyclist Swerved;None;Yes;Yes;Dry;0;Urban;No;26AUG2009;0;15:18;Female;No;Commercial;B: Evident Injury;Yes;O: No Injury;5125;August;0;Straight - Level;Piedmont;With Traffic;RR Gate And Flasher;Wednesday;Non-Intersection;44;0;Two-Way, Divided, Unprotected Median;5 lanes;0;#NULL!;#NULL!;Smooth Asphalt;#NULL!;Railroad Crossing;Motorist Overtaking Bicyclist;Local Street;B: Evident Injury;Guilford;44;Clear;#NULL!;26-30 mph;30 - 35  MPH;2009;Daylight;40-49
35.8830070866, -79.0698267451;"{""type"": ""Point"", ""coordinates"": [-79.0698267451, 35.88300708664786]}";White;Chapel Hill;Sidewalk / Crosswalk / Driveway Crossing;2;7;Urban (>70% Developed);Male;Light Truck (Mini-Van, Panel);0;#NULL!;0;0;Asian;No;0;6-10;Motorist Right Turn - Same Direction;None;No;No;Dry;0;Urban;No;02SEP2009;0;7:35;Female;No;Residential;C: Possible Injury;Yes;O: No Injury;5131;September;0;Straight - Level;Piedmont;With Traffic;Stop Sign;Wednesday;Intersection;9;0;Two-Way, Not Divided;2 lanes;0;#NULL!;#NULL!;Smooth Asphalt;#NULL!;Y-Intersection;Motorist Right Turn / Merge;Local Street;C: Possible Injury;Orange;43;Clear;#NULL!;0-5 mph;20 - 25  MPH;2009;Daylight;40-49
34.626746817, -79.0033026597;"{""type"": ""Point"", ""coordinates"": [-79.0033026597347, 34.62674681700751]}";Native American;Lumberton;Travel Lane;2;13;Urban (>70% Developed);Female;Passenger Car;0;#NULL!;0;0;White;No;0;40-49;Motorist Drive Out - Sign-Controlled Intersection;None;No;No;Dry;0;Urban;No;18AUG2009;0;13:21;Female;No;Residential;C: Possible Injury;Yes;O: No Injury;5138;August;0;Straight - Level;Coastal;With Traffic;Stop Sign;Tuesday;Intersection;44;0;Two-Way, Not Divided;2 lanes;0;#NULL!;#NULL!;Gravel;#NULL!;Four-Way Intersection;Motorist Failed to Yield - Sign-Controlled Intersection;Local Street;C: Possible Injury;Robeson;55;Clear;#NULL!;31-35 mph;30 - 35  MPH;2009;Daylight;50-59
35.2622288785, -81.1527233359;"{""type"": ""Point"", ""coordinates"": [-81.15272333593362, 35.2622288785256]}";Black;Gastonia;Travel Lane;2;20;Rural (<30% Developed);Male;Passenger Car;0;#NULL!;0;0;White;No;0;25-29;Signalized Intersection - Other / Unknown;None;No;No;Dry;0;Urban;No;01SEP2009;0;20:23;Female;No;Commercial;O: No Injury;Yes;O: No Injury;5143;September;0;Straight - Level;Piedmont;Facing Traffic;Stop And Go Signal;Tuesday;Intersection;29;0;Two-Way, Divided, Positive Median Barrier;2 lanes;0;#NULL!;#NULL!;Coarse Asphalt;#NULL!;Four-Way Intersection;Crossing Paths - Other Circumstances;Local Street;O: No Injury;Gaston;70+;Clear;#NULL!;0-5 mph;30 - 35  MPH;2009;Dark - Lighted Roadway;70+
35.2069118763, -80.8990032574;"{""type"": ""Point"", ""coordinates"": [-80.89900325742069, 35.206911876264655]}";Black;Charlotte;Travel Lane;2;11;Urban (>70% Developed);Male;Passenger Car;0;#NULL!;0;0;Black;No;0;11-15;Bicyclist Ride Through - Sign-Controlled Intersection;None;No;No;Dry;0;Urban;No;30AUG2009;0;11:36;Male;No;Residential;B: Evident Injury;Yes;O: No Injury;5149;August;0;Straight - Level;Piedmont;With Traffic;Stop Sign;Sunday;Intersection;15;0;Two-Way, Not Divided;4 lanes;0;#NULL!;#NULL!;Smooth Asphalt;#NULL!;T-Intersection;Bicyclist Failed to Yield - Sign-Controlled Intersection;Local Street;B: Evident Injury;Mecklenburg;62;Clear;#NULL!;11-15 mph;20 - 25  MPH;2009;Daylight;60-69
35.9021470911, -79.0442727384;"{""type"": ""Point"", ""coordinates"": [-79.04427273842872, 35.90214709107798]}";White;Chapel Hill;Travel Lane;2;10;Urban (>70% Developed);Male;Pickup;0;#NULL!;0;0;Black;No;0;20-24;Motorist Left Turn - Opposite Direction;None;No;No;Dry;0;Urban;No;09SEP2009;0;10:52;Male;No;Institutional;B: Evident Injury;Yes;Unknown Injury;5159;September;0;Straight - Bottom;Piedmont;With Traffic;No Control Present;Wednesday;Intersection;21;0;Two-Way, Divided, Unprotected Median;6 lanes;0;#NULL!;#NULL!;Smooth Asphalt;#NULL!;No Special Feature;Motorist Left Turn / Merge;Local Street;B: Evident Injury;Orange;40;Clear;#NULL!;6-10 mph;20 - 25  MPH;2009;Unknown;40-49
35.9775672241, -75.6406917022;"{""type"": ""Point"", ""coordinates"": [-75.64069170218634, 35.977567224142646]}";White;Nags Head;Travel Lane;2;8;Urban (>70% Developed);Male;Van;0;#NULL!;0;0;White;No;0;50-59;Motorist Turning Error - Left Turn;None;No;No;Dry;0;Rural;No;03MAR2009;0;8:22;Female;No;Commercial;B: Evident Injury;Yes;O: No Injury;5165;March;0;Straight - Level;Coastal;With Traffic;Stop And Go Signal;Tuesday;Intersection;52;0;Two-Way, Not Divided;3 lanes;0;#NULL!;#NULL!;Coarse Asphalt;#NULL!;Four-Way Intersection;Loss of Control / Turning Error;Local Street;B: Evident Injury;Dare;29;Clear;#NULL!;6-10 mph;20 - 25  MPH;2009;Daylight;25-29
35.2256918819, -80.8432132423;"{""type"": ""Point"", ""coordinates"": [-80.84321324232263, 35.22569188189782]}";Black;Charlotte;Sidewalk / Crosswalk / Driveway Crossing;2;1;Urban (>70% Developed);Male;Taxicab;0;#NULL!;0;0;Black;No;0;20-24;Motorist Drive Out - Other Midblock;None;No;No;Dry;0;Urban;No;04SEP2009;0;1:12;Male;No;Commercial;B: Evident Injury;Yes;O: No Injury;5168;September;0;Straight - Grade;Piedmont;Facing Traffic;No Control Present;Friday;Non-Intersection;20;0;Two-Way, Not Divided;2 lanes;0;#NULL!;#NULL!;Concrete;#NULL!;Driveway, Public;Motorist Failed to Yield - Midblock;Public Vehicular Area;B: Evident Injury;Mecklenburg;51;Clear;#NULL!;0-5 mph;20 - 25  MPH;2009;Dark - Lighted Roadway;50-59
35.9222772124, -75.606421689;"{""type"": ""Point"", ""coordinates"": [-75.60642168903414, 35.922277212438225]}";White;Nags Head;Other;2;0;Mixed (30% To 70% Developed);Male;Sport Utility;0;#NULL!;0;0;White;No;0;20-24;Motorist Overtaking - Bicyclist Swerved;None;No;No;Wet;0;Rural;No;10JUN2009;0;0:00;Female;No;Residential;B: Evident Injury;Yes;O: No Injury;5170;June;0;Straight - Level;Coastal;Unknown;No Control Present;Wednesday;Non-Intersection;22;0;Two-Way, Divided, Unprotected Median;5 lanes;0;#NULL!;#NULL!;Smooth Asphalt;#NULL!;No Special Feature;Motorist Overtaking Bicyclist;US Route;B: Evident Injury;Dare;70+;Cloudy;#NULL!;46-50 mph;50 - 55  MPH;2009;Dark - Roadway Not Lighted;70+
35.7593109893, -80.9923033156;"{""type"": ""Point"", ""coordinates"": [-80.99230331555633, 35.75931098933915]}";White;None - Rural Crash;Travel Lane;2;21;Rural (<30% Developed);Male;Passenger Car;0;#NULL!;0;0;White;No;0;20-24;Head-On - Bicyclist;None;No;No;Dry;0;Rural;No;22SEP2009;0;21:20;Male;No;Farms, Woods, Pastures;A: Disabling Injury;Yes;O: No Injury;5171;September;0;Straight - Grade;Piedmont;Facing Traffic;No Control Present;Tuesday;Non-Intersection;21;0;Two-Way, Not Divided;2 lanes;0;#NULL!;#NULL!;Smooth Asphalt;#NULL!;No Special Feature;Head-On;US Route;A: Disabling Injury;Iredell;16;Cloudy;#NULL!;56-60 mph;50 - 55  MPH;2009;Dark - Roadway Not Lighted;0-19
35.6001050324, -78.879422672;"{""type"": ""Point"", ""coordinates"": [-78.87942267204916, 35.60010503244598]}";Black;None - Rural Crash;Travel Lane;2;22;Rural (<30% Developed);Male;Passenger Car;0;#NULL!;0;0;Unknown/Missing;No;0;40-49;Bicycle Only;None;Yes;Yes;Dry;0;Rural;Yes;24SEP2009;0;22:44;Unknown;Missing;Farms, Woods, Pastures;B: Evident Injury;Yes;Unknown Injury;5174;September;0;Straight - Level;Piedmont;With Traffic;Double Yellow Line, No Passing Zone;Thursday;Non-Intersection;48;0;Two-Way, Not Divided;2 lanes;0;#NULL!;#NULL!;Coarse Asphalt;#NULL!;No Special Feature;Other / Unusual Circumstances;State Secondary Route;B: Evident Injury;Wake;Unknown;Clear;#NULL!;41-45 mph;40 - 45  MPH;2009;Dark - Roadway Not Lighted;Unknown
35.9130010937, -79.0478327403;"{""type"": ""Point"", ""coordinates"": [-79.04783274031661, 35.91300109373199]}";White;Chapel Hill;Travel Lane;2;7;Urban (>70% Developed);Male;Commercial Bus;0;#NULL!;0;0;Black;No;0;50-59;Motorist Overtaking - Misjudged Space;None;No;No;Dry;0;Urban;No;10SEP2009;0;7:46;Male;No;Institutional;B: Evident Injury;Yes;O: No Injury;5175;September;0;Straight - Grade;Piedmont;With Traffic;Stop And Go Signal;Thursday;Non-Intersection;54;0;Two-Way, Not Divided;4 lanes;0;#NULL!;#NULL!;Coarse Asphalt;#NULL!;No Special Feature;Motorist Overtaking Bicyclist;Local Street;B: Evident Injury;Orange;67;Cloudy;#NULL!;0-5 mph;20 - 25  MPH;2009;Daylight;60-69
35.971134109, -78.9583027157;"{""type"": ""Point"", ""coordinates"": [-78.95830271568902, 35.97113410895713]}";White;Durham;Travel Lane;2;17;Urban (>70% Developed);Male;Passenger Car;0;#NULL!;0;0;Black;No;0;50-59;Motorist Left Turn - Opposite Direction;None;No;No;Dry;0;Urban;No;23SEP2009;0;17:57;Female;No;Commercial;B: Evident Injury;No;O: No Injury;5176;September;0;Straight - Level;Piedmont;With Traffic;No Control Present;Wednesday;Intersection;55;0;Two-Way, Not Divided;4 lanes;0;#NULL!;#NULL!;Smooth Asphalt;#NULL!;No Special Feature;Motorist Left Turn / Merge;Local Street;B: Evident Injury;Durham;61;Clear;#NULL!;6-10 mph;30 - 35  MPH;2009;Daylight;60-69
36.5097372161, -79.1465728029;"{""type"": ""Point"", ""coordinates"": [-79.14657280292259, 36.509737216136195]}";Black;None - Rural Crash;Travel Lane;2;19;Rural (<30% Developed);Male;Passenger Car;0;#NULL!;0;0;White;No;0;50-59;Motorist Overtaking - Undetected Bicyclist;None;Yes;Yes;Dry;0;Rural;No;24SEP2009;0;19:40;Male;No;Farms, Woods, Pastures;C: Possible Injury;Yes;O: No Injury;5178;September;0;Straight - Level;Piedmont;With Traffic;No Control Present;Thursday;Non-Intersection;51;0;Two-Way, Not Divided;2 lanes;0;#NULL!;#NULL!;Coarse Asphalt;#NULL!;No Special Feature;Motorist Overtaking Bicyclist;NC Route;C: Possible Injury;Caswell;40;Clear;#NULL!;51-55 mph;50 - 55  MPH;2009;Dark - Roadway Not Lighted;40-49
35.7173649656, -81.3894994314;"{""type"": ""Point"", ""coordinates"": [-81.38949943142472, 35.71736496562577]}";White;Long View;Travel Lane;2;10;Urban (>70% Developed);Male;Passenger Car;0;#NULL!;0;0;White;No;0;30-39;Motorist Left Turn - Opposite Direction;None;No;No;Dry;0;Rural;No;13SEP2009;0;10:50;Female;No;Residential;B: Evident Injury;Yes;O: No Injury;5180;September;0;Straight - Level;Piedmont;With Traffic;No Control Present;Sunday;Non-Intersection;38;0;Two-Way, Divided, Unprotected Median;2 lanes;0;#NULL!;#NULL!;Coarse Asphalt;#NULL!;No Special Feature;Motorist Left Turn / Merge;Local Street;B: Evident Injury;Catawba;70+;Clear;#NULL!;16-20 mph;30 - 35  MPH;2009;Daylight;70+
34.103598738, -77.9037423025;"{""type"": ""Point"", ""coordinates"": [-77.90374230250814, 34.103598738001885]}";White;None - Rural Crash;Travel Lane;2;7;Urban (>70% Developed);Male;Passenger Car;0;#NULL!;0;0;Other;No;0;50-59;Motorist Drive Out - Sign-Controlled Intersection;None;No;No;Dry;0;Rural;No;14SEP2009;0;7:00;Female;No;Institutional;B: Evident Injury;No;O: No Injury;5181;September;0;Curve - Level;Coastal;With Traffic;Stop Sign;Monday;Intersection;50;0;Two-Way, Not Divided;3 lanes;0;#NULL!;#NULL!;Smooth Asphalt;#NULL!;Driveway, Public;Motorist Failed to Yield - Sign-Controlled Intersection;State Secondary Route;B: Evident Injury;New Hanover;17;Clear;#NULL!;0-5 mph;30 - 35  MPH;2009;Daylight;0-19
35.9923571148, -78.9328867088;"{""type"": ""Point"", ""coordinates"": [-78.9328867087984, 35.99235711481525]}";White;Durham;Travel Lane;2;8;Urban (>70% Developed);Male;Pickup;0;#NULL!;0;0;White;No;0;25-29;Motorist Left Turn - Opposite Direction;None;No;No;Dry;0;Urban;No;28SEP2009;0;8:21;Male;No;Residential;B: Evident Injury;No;O: No Injury;5182;September;0;Straight - Hillcrest;Piedmont;With Traffic;Stop And Go Signal;Monday;Intersection;28;0;Two-Way, Not Divided;3 lanes;0;#NULL!;#NULL!;Smooth Asphalt;#NULL!;Four-Way Intersection;Motorist Left Turn / Merge;Local Street;B: Evident Injury;Durham;70+;Clear;#NULL!;6-10 mph;30 - 35  MPH;2009;Daylight;70+
35.005923845, -80.5607731452;"{""type"": ""Point"", ""coordinates"": [-80.5607731452425, 35.00592384497705]}";White;Monroe;Travel Lane;2;19;Urban (>70% Developed);Male;Passenger Car;0;#NULL!;0;0;White;No;0;40-49;Sign-Controlled Intersection - Other / Unknown;None;No;No;Dry;0;Urban;No;14SEP2009;0;19:25;Male;No;Commercial;B: Evident Injury;Yes;B: Evident Injury;5185;September;0;Straight - Level;Piedmont;With Traffic;Stop Sign;Monday;Intersection;44;0;Two-Way, Not Divided;2 lanes;0;#NULL!;#NULL!;Smooth Asphalt;#NULL!;Four-Way Intersection;Crossing Paths - Other Circumstances;Public Vehicular Area;O: No Injury;Union;20;Clear;#NULL!;0-5 mph;5 - 15 MPH;2009;Dusk;20-24
35.2622328771, -81.1932483481;"{""type"": ""Point"", ""coordinates"": [-81.19324834809053, 35.26223287707462]}";Black;Gastonia;Sidewalk / Crosswalk / Driveway Crossing;2;8;Urban (>70% Developed);Male;Pickup;0;#NULL!;0;0;Black;No;0;40-49;Motorist Drive Out - Sign-Controlled Intersection;None;No;No;Dry;0;Urban;No;12SEP2009;0;8:31;Male;No;Commercial;C: Possible Injury;Yes;O: No Injury;5188;September;0;Straight - Level;Piedmont;Facing Traffic;Stop And Go Signal;Saturday;Intersection;47;0;Two-Way, Not Divided;6 lanes;0;#NULL!;#NULL!;Smooth Asphalt;#NULL!;T-Intersection;Motorist Failed to Yield - Sign-Controlled Intersection;US Route;C: Possible Injury;Gaston;61;Clear;#NULL!;Unknown;Unknown;2009;Daylight;60-69
35.7499419618, -81.6824375207;"{""type"": ""Point"", ""coordinates"": [-81.68243752073363, 35.74994196178989]}";White;Morganton;Travel Lane;2;16;Urban (>70% Developed);Female;Pickup;0;#NULL!;0;0;White;No;0;30-39;Bicyclist Ride Through - Sign-Controlled Intersection;None;No;No;Dry;0;Urban;No;14SEP2009;0;16:48;Male;No;Commercial;B: Evident Injury;Yes;O: No Injury;5189;September;0;Straight - Grade;Mountains;With Traffic;Stop Sign;Monday;Intersection;37;0;Two-Way, Not Divided;2 lanes;0;#NULL!;#NULL!;Smooth Asphalt;#NULL!;T-Intersection;Bicyclist Failed to Yield - Sign-Controlled Intersection;Local Street;B: Evident Injury;Burke;30;Clear;#NULL!;11-15 mph;30 - 35  MPH;2009;Daylight;30-39
35.3758608487, -82.578493765;"{""type"": ""Point"", ""coordinates"": [-82.57849376497936, 35.3758608486554]}";White;Mills River;Travel Lane;2;16;Mixed (30% To 70% Developed);Male;Passenger Car;0;#NULL!;0;0;White;No;0;50-59;Motorist Overtaking - Other / Unknown;None;No;No;Dry;0;Urban;No;04OCT2009;0;16:09;Male;No;Residential;B: Evident Injury;Yes;O: No Injury;5204;October;0;Straight - Grade;Mountains;Facing Traffic;Double Yellow Line, No Passing Zone;Sunday;Non-Intersection;50;0;Two-Way, Not Divided;2 lanes;0;#NULL!;#NULL!;Coarse Asphalt;#NULL!;No Special Feature;Motorist Overtaking Bicyclist;State Secondary Route;B: Evident Injury;Henderson;49;Cloudy;#NULL!;31-35 mph;30 - 35  MPH;2009;Daylight;40-49