Geo Point;Geo Shape;BikeRace;City;BikePos;NumUnits;CrashHour;Locality;BikeSex;DrvrVehTyp;NumBikesNo;BikeAlcDrg;NumBikesBI;RteInvdCd;DrvrRace;Workzone;NumBikesCi;BikeAgeGrp;CrashType;RdDefects;CrashAlcoh;BikeAlcoho;RdConditio;DstncMiFrm;RuralUrban;HitRun;CrashDate;NumBikesUI;CrashTime;DrvrSex;DrvrAlcoho;Developmen;CrashSevr;AmbulanceR;DrvrInjury;OBJECTID;CrashMonth;NumBikesKi;RdCharacte;Region;BikeDir;TraffCntrl;CrashDay;CrashLoc;BikeAge;NumBikesTo;RdConfig;NumLanes;NumBikesAI;DrvrAlcDrg;OnRoad;RdSurface;Towrd_Rd;RdFeature;CrashGrp;RdClass;BikeInjury;County;DrvrAge;Weather;FrmRd;DrvrEstSpd;SpeedLimit;CrashYear;LightCond;DrvrAgeGrp
34.1222867428, -77.8788122966;"{""type"": ""Point"", ""coordinates"": [-77.87881229656193, 34.12228674281467]}";Hispanic;None - Rural Crash;Travel Lane;2;19;Urban (>70% Developed);Male;Unknown;0;#NULL!;0;0;Unknown/Missing;No;0;16-19;Motorist Overtaking - Other / Unknown;None;No;No;Wet;0;Rural;Yes;22SEP2009;0;19:50;Unknown;Missing;Residential;B: Evident Injury;Yes;Unknown Injury;5205;September;0;Straight - Level;Coastal;With Traffic;Double Yellow Line, No Passing Zone;Tuesday;Non-Intersection;19;0;Two-Way, Not Divided;2 lanes;0;#NULL!;#NULL!;Smooth Asphalt;#NULL!;No Special Feature;Motorist Overtaking Bicyclist;State Secondary Route;B: Evident Injury;New Hanover;Unknown;Cloudy;#NULL!;41-45 mph;40 - 45  MPH;2009;Dark - Roadway Not Lighted;Unknown
35.9747500707, -80.0336930408;"{""type"": ""Point"", ""coordinates"": [-80.03369304081313, 35.97475007073666]}";White;High Point;Travel Lane;2;22;Urban (>70% Developed);Male;Passenger Car;0;#NULL!;0;0;White;No;0;40-49;Signalized Intersection - Other / Unknown;None;No;No;Wet;0;Urban;No;22SEP2009;0;22:14;Male;No;Residential;B: Evident Injury;Yes;O: No Injury;5206;September;0;Straight - Grade;Piedmont;With Traffic;Stop And Go Signal;Tuesday;Intersection;40;0;Two-Way, Divided, Unprotected Median;5 lanes;0;#NULL!;#NULL!;Smooth Asphalt;#NULL!;Four-Way Intersection;Crossing Paths - Other Circumstances;NC Route;B: Evident Injury;Guilford;51;Cloudy;#NULL!;36-40 mph;40 - 45  MPH;2009;Dark - Lighted Roadway;50-59
34.7513068463, -78.961492653;"{""type"": ""Point"", ""coordinates"": [-78.9614926529775, 34.75130684630418]}";White;None - Rural Crash;Travel Lane;2;9;Rural (<30% Developed);Male;Unknown;0;#NULL!;0;0;Unknown/Missing;No;0;25-29;Motorist Overtaking - Misjudged Space;None;No;No;Wet;0;Rural;Yes;27SEP2009;0;9:31;Unknown;Missing;Farms, Woods, Pastures;C: Possible Injury;Yes;Unknown Injury;5209;September;0;Straight - Level;Coastal;With Traffic;No Control Present;Sunday;Non-Intersection;27;0;Two-Way, Not Divided;2 lanes;0;#NULL!;#NULL!;Coarse Asphalt;#NULL!;No Special Feature;Motorist Overtaking Bicyclist;State Secondary Route;C: Possible Injury;Robeson;Unknown;Cloudy;#NULL!;Unknown;50 - 55  MPH;2009;Dawn;Unknown
34.5647268092, -78.8438426089;"{""type"": ""Point"", ""coordinates"": [-78.84384260893803, 34.56472680921087]}";White;None - Rural Crash;Travel Lane;2;20;Rural (<30% Developed);Male;Passenger Car;0;#NULL!;0;0;Unknown/Missing;No;0;30-39;Motorist Lost Control - Other / Unknown;None;No;No;Dry;0;Rural;Yes;07OCT2009;0;20:03;Unknown;No;Residential;C: Possible Injury;Yes;Unknown Injury;5212;October;0;Straight - Level;Coastal;With Traffic;No Control Present;Wednesday;Non-Intersection;31;0;Two-Way, Not Divided;2 lanes;0;#NULL!;#NULL!;Smooth Asphalt;#NULL!;T-Intersection;Loss of Control / Turning Error;NC Route;C: Possible Injury;Bladen;Unknown;Clear;#NULL!;41-45 mph;50 - 55  MPH;2009;Dark - Roadway Not Lighted;Unknown
35.9820871145, -78.8778176926;"{""type"": ""Point"", ""coordinates"": [-78.87781769257312, 35.98208711449047]}";Black;Durham;Travel Lane;2;16;Urban (>70% Developed);Male;Passenger Car;0;#NULL!;0;0;Unknown/Missing;No;0;20-24;Motorist Overtaking - Misjudged Space;None;No;No;Dry;0;Urban;Yes;08OCT2009;0;16:39;Unknown;Missing;Residential;C: Possible Injury;Yes;Unknown Injury;5213;October;0;Straight - Level;Piedmont;With Traffic;No Control Present;Thursday;Non-Intersection;20;0;Two-Way, Not Divided;2 lanes;0;#NULL!;#NULL!;Coarse Asphalt;#NULL!;No Special Feature;Motorist Overtaking Bicyclist;Local Street;C: Possible Injury;Durham;Unknown;Clear;#NULL!;31-35 mph;30 - 35  MPH;2009;Daylight;Unknown
35.9869771163, -78.8447226818;"{""type"": ""Point"", ""coordinates"": [-78.84472268183829, 35.98697711632645]}";Black;Durham;Travel Lane;2;18;Mixed (30% To 70% Developed);Male;Passenger Car;0;#NULL!;0;0;White;No;0;50-59;Motorist Overtaking - Misjudged Space;None;No;No;Dry;0;Urban;No;05OCT2009;0;18:56;Female;No;Residential;C: Possible Injury;Yes;O: No Injury;5214;October;0;Straight - Level;Piedmont;With Traffic;Stop And Go Signal;Monday;Non-Intersection;57;0;Two-Way, Divided, Unprotected Median;4 lanes;0;#NULL!;#NULL!;Coarse Asphalt;#NULL!;No Special Feature;Motorist Overtaking Bicyclist;Local Street;C: Possible Injury;Durham;56;Clear;#NULL!;26-30 mph;30 - 35  MPH;2009;Dark - Lighted Roadway;50-59
36.0681670984, -79.8144729796;"{""type"": ""Point"", ""coordinates"": [-79.81447297955303, 36.06816709840508]}";White;Greensboro;Non-Roadway;2;14;Mixed (30% To 70% Developed);Male;Passenger Car;0;#NULL!;0;0;White;No;0;20-24;Non-Roadway;None;No;No;Dry;0;Urban;No;27SEP2009;0;14:02;Female;No;Institutional;O: No Injury;No;O: No Injury;5218;September;0;Unknown;Piedmont;Not Applicable;No Control Present;Sunday;Non-Roadway;20;0;Two-Way, Not Divided;Unknown;0;#NULL!;#NULL!;Concrete;#NULL!;No Special Feature;Non-Roadway;.;O: No Injury;Guilford;20;Clear;#NULL!;Unknown;Unknown;2009;Daylight;20-24
35.6866369675, -81.1775083668;"{""type"": ""Point"", ""coordinates"": [-81.17750836678455, 35.686636967536145]}";Hispanic;None - Rural Crash;Travel Lane;2;20;Mixed (30% To 70% Developed);Male;Pickup;0;#NULL!;0;0;Unknown/Missing;No;0;40-49;Motorist Overtaking - Misjudged Space;None;No;No;Dry;0;Rural;Yes;09OCT2009;0;20:04;Unknown;No;Residential;C: Possible Injury;Yes;Unknown Injury;5222;October;0;Straight - Grade;Piedmont;With Traffic;Double Yellow Line, No Passing Zone;Friday;Non-Intersection;47;0;Two-Way, Not Divided;2 lanes;0;#NULL!;#NULL!;Coarse Asphalt;#NULL!;No Special Feature;Motorist Overtaking Bicyclist;State Secondary Route;C: Possible Injury;Catawba;Unknown;Cloudy;#NULL!;41-45 mph;40 - 45  MPH;2009;Dark - Roadway Not Lighted;Unknown
35.2259468799, -80.9094332618;"{""type"": ""Point"", ""coordinates"": [-80.90943326183944, 35.22594687989982]}";Hispanic;Charlotte;Travel Lane;2;19;Urban (>70% Developed);Male;Passenger Car;0;#NULL!;0;0;White;No;0;40-49;Motorist Overtaking - Bicyclist Swerved;None;Yes;Yes;Wet;0;Urban;No;05OCT2009;0;19:37;Male;No;Commercial;B: Evident Injury;Yes;O: No Injury;5236;October;0;Straight - Level;Piedmont;With Traffic;No Control Present;Monday;Non-Intersection;44;0;Two-Way, Divided, Unprotected Median;6 lanes;0;#NULL!;#NULL!;Smooth Asphalt;#NULL!;No Special Feature;Motorist Overtaking Bicyclist;Local Street;B: Evident Injury;Mecklenburg;22;Cloudy;#NULL!;31-35 mph;40 - 45  MPH;2009;Dark - Lighted Roadway;20-24
35.7908870812, -78.6612526159;"{""type"": ""Point"", ""coordinates"": [-78.6612526158875, 35.79088708119848]}";White;Raleigh;Travel Lane;2;18;Mixed (30% To 70% Developed);Male;Unknown;0;#NULL!;0;0;Unknown/Missing;No;0;30-39;Parallel Paths - Other / Unknown;None;No;No;Dry;0;Urban;Yes;04SEP2009;0;18:31;Unknown;Missing;Commercial;B: Evident Injury;Yes;Unknown Injury;5247;September;0;Straight - Grade;Piedmont;With Traffic;Stop And Go Signal;Friday;Intersection;35;0;One-Way, Not Divided;3 lanes;0;#NULL!;#NULL!;Coarse Asphalt;#NULL!;No Special Feature;Parallel Paths - Other Circumstances;Local Street;B: Evident Injury;Wake;Unknown;Clear;#NULL!;6-10 mph;30 - 35  MPH;2009;Daylight;Unknown
35.78897408, -78.6731976193;"{""type"": ""Point"", ""coordinates"": [-78.67319761933773, 35.78897407997687]}";White;Raleigh;Sidewalk / Crosswalk / Driveway Crossing;2;12;Urban (>70% Developed);Male;Passenger Car;0;#NULL!;0;0;White;No;0;16-19;Motorist Drive Out - Right Turn on Red;None;No;No;Dry;0;Urban;No;16SEP2009;0;12:25;Female;No;Commercial;O: No Injury;No;O: No Injury;5248;September;0;Straight - Level;Piedmont;Facing Traffic;Stop And Go Signal;Wednesday;Intersection;18;0;Two-Way, Not Divided;2 lanes;0;#NULL!;#NULL!;Smooth Asphalt;#NULL!;T-Intersection;Motorist Failed to Yield - Signalized Intersection;Local Street;O: No Injury;Wake;56;Clear;#NULL!;31-35 mph;30 - 35  MPH;2009;Daylight;50-59
36.0891031002, -79.8845130026;"{""type"": ""Point"", ""coordinates"": [-79.88451300255235, 36.08910310021856]}";White;Greensboro;Travel Lane;2;18;Urban (>70% Developed);Male;Passenger Car;0;#NULL!;0;0;White;No;0;20-24;Motorist Left Turn - Opposite Direction;Unknown;No;No;Dry;0;Urban;No;07OCT2009;0;18:28;Male;No;Residential;B: Evident Injury;Yes;O: No Injury;5259;October;0;Straight - Level;Piedmont;With Traffic;Stop And Go Signal;Wednesday;Intersection;20;0;Two-Way, Not Divided;6 lanes;0;#NULL!;#NULL!;Smooth Asphalt;#NULL!;Four-Way Intersection;Motorist Left Turn / Merge;Local Street;B: Evident Injury;Guilford;70+;Clear;#NULL!;Unknown;30 - 35  MPH;2009;Daylight;70+
35.1792599263, -79.3231127839;"{""type"": ""Point"", ""coordinates"": [-79.32311278390749, 35.17925992625487]}";White;None - Rural Crash;Travel Lane;2;16;Rural (<30% Developed);Male;Passenger Car;0;#NULL!;0;0;White;No;0;50-59;Motorist Overtaking - Other / Unknown;None;No;No;Dry;0;Rural;Yes;28SEP2009;0;16:59;Male;No;Farms, Woods, Pastures;C: Possible Injury;Yes;Unknown Injury;5262;September;0;Straight - Level;Piedmont;With Traffic;No Control Present;Monday;Non-Intersection;54;0;Two-Way, Not Divided;2 lanes;0;#NULL!;#NULL!;Smooth Asphalt;#NULL!;No Special Feature;Motorist Overtaking Bicyclist;State Secondary Route;C: Possible Injury;Moore;34;Clear;#NULL!;41-45 mph;40 - 45  MPH;2009;Daylight;30-39
35.3784940161, -77.9708963853;"{""type"": ""Point"", ""coordinates"": [-77.97089638530707, 35.37849401613512]}";White;Goldsboro;Sidewalk / Crosswalk / Driveway Crossing;2;16;Urban (>70% Developed);Male;Passenger Car;0;#NULL!;0;0;Black;No;0;16-19;Bicyclist Ride Through - Signalized Intersection;None;No;No;Dry;0;Urban;No;08OCT2009;0;16:51;Male;No;Commercial;C: Possible Injury;Yes;O: No Injury;5264;October;0;Straight - Level;Coastal;With Traffic;Stop And Go Signal;Thursday;Intersection;18;0;Two-Way, Not Divided;5 lanes;0;#NULL!;#NULL!;Coarse Asphalt;#NULL!;Four-Way Intersection;Bicyclist Failed to Yield - Signalized Intersection;Local Street;C: Possible Injury;Wayne;52;Clear;#NULL!;21-25 mph;20 - 25  MPH;2009;Daylight;50-59
35.5858638934, -82.5517237691;"{""type"": ""Point"", ""coordinates"": [-82.55172376913522, 35.585863893397416]}";White;Asheville;Sidewalk / Crosswalk / Driveway Crossing;2;8;Urban (>70% Developed);Male;Passenger Car;0;#NULL!;0;0;White;No;0;30-39;Motorist Drive Out - Midblock - Unknown;None;No;No;Dry;0;Urban;No;25SEP2009;0;8:06;Female;No;Commercial;O: No Injury;No;O: No Injury;5267;September;0;Straight - Level;Mountains;Facing Traffic;No Control Present;Friday;Non-Intersection;30;0;Two-Way, Divided, Unprotected Median;4 lanes;0;#NULL!;#NULL!;Smooth Asphalt;#NULL!;No Special Feature;Motorist Failed to Yield - Midblock;US Route;Unknown Injury;Buncombe;30;Clear;#NULL!;0-5 mph;30 - 35  MPH;2009;Daylight;30-39
34.6604168893, -77.057917073;"{""type"": ""Point"", ""coordinates"": [-77.05791707298997, 34.66041688930937]}";White;Emerald Isle;Travel Lane;2;8;Urban (>70% Developed);Male;Sport Utility;0;#NULL!;0;0;Black;No;0;30-39;Motorist Overtaking - Other / Unknown;None;No;No;Dry;0;Rural;No;17OCT2009;0;8:43;Female;No;Commercial;B: Evident Injury;Yes;O: No Injury;5272;October;0;Curve - Level;Coastal;With Traffic;No Control Present;Saturday;Non-Intersection;38;0;Two-Way, Not Divided;3 lanes;0;#NULL!;#NULL!;Coarse Asphalt;#NULL!;No Special Feature;Motorist Overtaking Bicyclist;NC Route;B: Evident Injury;Carteret;67;Cloudy;#NULL!;41-45 mph;40 - 45  MPH;2009;Daylight;60-69
35.9319831413, -77.8118923654;"{""type"": ""Point"", ""coordinates"": [-77.81189236539038, 35.931983141344155]}";Black;Rocky Mount;Travel Lane;2;15;Urban (>70% Developed);Male;Passenger Car;0;#NULL!;0;0;Black;No;0;11-15;Motorist Drive Out - Sign-Controlled Intersection;None;No;No;Dry;0;Urban;No;09OCT2009;0;15:22;Female;No;Commercial;C: Possible Injury;Yes;O: No Injury;5273;October;0;Straight - Level;Coastal;Facing Traffic;Stop Sign;Friday;Intersection;11;0;Two-Way, Not Divided;4 lanes;0;#NULL!;#NULL!;Coarse Asphalt;#NULL!;No Special Feature;Motorist Failed to Yield - Sign-Controlled Intersection;Local Street;C: Possible Injury;Nash;48;Clear;#NULL!;31-35 mph;30 - 35  MPH;2009;Daylight;40-49
34.9751428963, -78.9104326494;"{""type"": ""Point"", ""coordinates"": [-78.91043264942002, 34.975142896331235]}";White;Fayetteville;Travel Lane;2;17;Rural (<30% Developed);Male;Sport Utility;0;#NULL!;0;0;Black;No;0;30-39;Crossing Paths - Intersection - Other / Unknown;None;No;No;Dry;0;Urban;No;30OCT2009;0;17:54;Male;No;Farms, Woods, Pastures;B: Evident Injury;Yes;O: No Injury;5294;October;0;Straight - Level;Coastal;With Traffic;Stop And Go Signal;Friday;Intersection;35;0;Two-Way, Divided, Unprotected Median;4 lanes;0;#NULL!;#NULL!;Coarse Asphalt;#NULL!;No Special Feature;Crossing Paths - Other Circumstances;US Route;B: Evident Injury;Cumberland;30;Cloudy;#NULL!;21-25 mph;50 - 55  MPH;2009;Dark - Roadway Not Lighted;30-39
36.0659250979, -79.8102429789;"{""type"": ""Point"", ""coordinates"": [-79.81024297890784, 36.065925097881504]}";White;Greensboro;Bike Lane / Paved Shoulder;2;11;Urban (>70% Developed);Female;Passenger Car;0;#NULL!;0;0;White;No;0;25-29;Motorist Right Turn - Same Direction;None;No;No;Dry;0;Urban;No;28OCT2009;0;11:51;Male;No;Institutional;B: Evident Injury;Yes;O: No Injury;5302;October;0;Straight - Level;Piedmont;With Traffic;Stop And Go Signal;Wednesday;Intersection;26;0;Two-Way, Divided, Unprotected Median;2 lanes;0;#NULL!;#NULL!;Smooth Asphalt;#NULL!;Four-Way Intersection;Motorist Right Turn / Merge;Local Street;B: Evident Injury;Guilford;54;Clear;#NULL!;0-5 mph;20 - 25  MPH;2009;Daylight;50-59
35.7813670784, -78.6750626204;"{""type"": ""Point"", ""coordinates"": [-78.67506262044775, 35.781367078416395]}";Asian;Raleigh;Travel Lane;2;10;Urban (>70% Developed);Female;Sport Utility;0;#NULL!;0;0;White;No;0;16-19;Motorist Drive Out - Sign-Controlled Intersection;None;No;No;Dry;0;Urban;No;30OCT2009;0;10:07;Male;No;Residential;C: Possible Injury;Yes;O: No Injury;5304;October;0;Straight - Level;Piedmont;With Traffic;Stop Sign;Friday;Intersection;18;0;Two-Way, Divided, Unprotected Median;2 lanes;0;#NULL!;#NULL!;Smooth Asphalt;#NULL!;No Special Feature;Motorist Failed to Yield - Sign-Controlled Intersection;Local Street;C: Possible Injury;Wake;54;Clear;#NULL!;0-5 mph;20 - 25  MPH;2009;Unknown;50-59
35.475996906, -81.6312594901;"{""type"": ""Point"", ""coordinates"": [-81.63125949006485, 35.47599690604589]}";White;None - Rural Crash;Travel Lane;2;8;Mixed (30% To 70% Developed);Male;Pickup;0;#NULL!;0;0;White;No;0;20-24;Motorist Overtaking - Other / Unknown;None;No;No;Dry;0;Rural;No;16OCT2009;0;8:01;Male;No;Farms, Woods, Pastures;C: Possible Injury;No;O: No Injury;5305;October;0;Straight - Grade;Mountains;With Traffic;Double Yellow Line, No Passing Zone;Friday;Non-Intersection;24;0;Two-Way, Not Divided;2 lanes;0;#NULL!;#NULL!;Coarse Asphalt;#NULL!;No Special Feature;Motorist Overtaking Bicyclist;NC Route;C: Possible Injury;Cleveland;70+;Cloudy;#NULL!;41-45 mph;50 - 55  MPH;2009;Daylight;70+
35.1363768611, -80.8885732501;"{""type"": ""Point"", ""coordinates"": [-80.88857325012891, 35.13637686109482]}";Black;Charlotte;Sidewalk / Crosswalk / Driveway Crossing;2;13;Urban (>70% Developed);Male;Passenger Car;0;#NULL!;0;0;Hispanic;No;0;25-29;Motorist Drive Out - Sign-Controlled Intersection;None;No;No;Dry;0;Urban;No;03NOV2009;0;13:08;Female;No;Residential;B: Evident Injury;Yes;O: No Injury;5312;November;0;Straight - Grade;Piedmont;Facing Traffic;Stop Sign;Tuesday;Intersection;25;0;Two-Way, Not Divided;2 lanes;0;#NULL!;#NULL!;Coarse Asphalt;#NULL!;T-Intersection;Motorist Failed to Yield - Sign-Controlled Intersection;Local Street;B: Evident Injury;Mecklenburg;33;Clear;#NULL!;0-5 mph;30 - 35  MPH;2009;Daylight;30-39
34.2113217634, -77.8637122961;"{""type"": ""Point"", ""coordinates"": [-77.86371229609962, 34.21132176343898]}";White;Wilmington;Travel Lane;2;18;Urban (>70% Developed);Male;Passenger Car;0;#NULL!;0;0;White;No;0;20-24;Motorist Drive Out - Commercial Driveway / Alley;None;No;No;Dry;0;Urban;No;04NOV2009;0;18:23;Male;No;Commercial;C: Possible Injury;No;O: No Injury;5317;November;0;Straight - Level;Coastal;With Traffic;No Control Present;Wednesday;Non-Intersection;20;0;Two-Way, Not Divided;2 lanes;0;#NULL!;#NULL!;Coarse Asphalt;#NULL!;No Special Feature;Motorist Failed to Yield - Midblock;Local Street;C: Possible Injury;New Hanover;60;Clear;#NULL!;6-10 mph;20 - 25  MPH;2009;Dark - Lighted Roadway;60-69
36.3288151476, -79.9815530451;"{""type"": ""Point"", ""coordinates"": [-79.98155304512096, 36.32881514762978]}";White;None - Rural Crash;Travel Lane;2;13;Rural (<30% Developed);Male;Pickup;0;#NULL!;0;0;White;No;0;50-59;Motorist Left Turn - Opposite Direction;None;No;No;Dry;0;Rural;No;01DEC2009;0;13:51;Male;No;Farms, Woods, Pastures;C: Possible Injury;Yes;O: No Injury;5329;December;0;Straight - Level;Piedmont;With Traffic;Double Yellow Line, No Passing Zone;Tuesday;Non-Intersection;58;0;Two-Way, Not Divided;2 lanes;0;#NULL!;#NULL!;Smooth Asphalt;#NULL!;No Special Feature;Motorist Left Turn / Merge;State Secondary Route;C: Possible Injury;Rockingham;70+;Clear;#NULL!;41-45 mph;50 - 55  MPH;2009;Daylight;70+
35.24980089, -80.7727132222;"{""type"": ""Point"", ""coordinates"": [-80.77271322219627, 35.24980089002377]}";Black;Charlotte;Travel Lane;2;20;Urban (>70% Developed);Male;Sport Utility;0;#NULL!;0;0;Black;No;0;16-19;Motorist Drive Out - Sign-Controlled Intersection;None;No;No;Dry;0;Urban;No;14NOV2009;0;20:53;Female;No;Residential;B: Evident Injury;Yes;O: No Injury;5336;November;0;Straight - Level;Piedmont;Facing Traffic;Stop Sign;Saturday;Intersection;18;0;Two-Way, Divided, Positive Median Barrier;4 lanes;0;#NULL!;#NULL!;Smooth Asphalt;#NULL!;No Special Feature;Motorist Failed to Yield - Sign-Controlled Intersection;Local Street;B: Evident Injury;Mecklenburg;37;Clear;#NULL!;0-5 mph;20 - 25  MPH;2009;Dark - Lighted Roadway;30-39
35.991752115, -78.9157227041;"{""type"": ""Point"", ""coordinates"": [-78.91572270405507, 35.99175211503482]}";Black;Durham;Unknown;2;21;Urban (>70% Developed);Male;Passenger Car;0;#NULL!;0;0;Unknown/Missing;No;0;25-29;Crossing Paths - Intersection - Other / Unknown;None;No;No;Dry;0;Urban;Yes;07DEC2009;0;21:37;Unknown;No;Residential;C: Possible Injury;No;Unknown Injury;5343;December;0;Straight - Level;Piedmont;Unknown;No Control Present;Monday;Intersection;27;0;Two-Way, Not Divided;2 lanes;0;#NULL!;#NULL!;Smooth Asphalt;#NULL!;No Special Feature;Crossing Paths - Other Circumstances;Local Street;C: Possible Injury;Durham;Unknown;Clear;#NULL!;46-50 mph;30 - 35  MPH;2009;Dark - Roadway Not Lighted;Unknown
35.482046936, -80.8580232599;"{""type"": ""Point"", ""coordinates"": [-80.85802325993316, 35.4820469359699]}";White;Cornelius;Bike Lane / Paved Shoulder;2;17;Urban (>70% Developed);Male;Passenger Car;0;#NULL!;0;0;White;Yes;0;25-29;Bicyclist Ride Out - Parallel Path;None;No;No;Wet;0;Urban;No;18NOV2009;0;17:29;Female;No;Commercial;B: Evident Injury;Yes;O: No Injury;5346;November;0;Straight - Level;Piedmont;With Traffic;No Control Present;Wednesday;Non-Intersection;29;0;Two-Way, Divided, Unprotected Median;Unknown;0;#NULL!;#NULL!;Coarse Asphalt;#NULL!;No Special Feature;Parallel Paths - Other Circumstances;NC Route;B: Evident Injury;Mecklenburg;30;Rain;#NULL!;31-35 mph;30 - 35  MPH;2009;Dark - Lighted Roadway;30-39
36.0089911173, -78.9426987134;"{""type"": ""Point"", ""coordinates"": [-78.94269871342713, 36.008991117323305]}";White;Durham;Unknown;2;15;Urban (>70% Developed);Male;Passenger Car;0;#NULL!;0;0;White;No;0;25-29;Signalized Intersection - Other / Unknown;None;No;No;Dry;0;Urban;No;10DEC2009;0;15:00;Female;No;Commercial;Unknown Injury;No;Unknown Injury;5349;December;0;Straight - Level;Piedmont;Not Applicable;Stop And Go Signal;Thursday;Intersection-Related;28;0;Two-Way, Not Divided;4 lanes;0;#NULL!;#NULL!;Smooth Asphalt;#NULL!;Four-Way Intersection;Crossing Paths - Other Circumstances;Local Street;Unknown Injury;Durham;54;Clear;#NULL!;0-5 mph;30 - 35  MPH;2009;Daylight;50-59
34.279236777, -77.9239373176;"{""type"": ""Point"", ""coordinates"": [-77.92393731759111, 34.279236776995546]}";White;None - Rural Crash;Bike Lane / Paved Shoulder;2;17;Urban (>70% Developed);Male;Sport Utility;0;#NULL!;0;0;White;No;0;25-29;Motorist Overtaking - Undetected Bicyclist;None;No;No;Dry;0;Rural;No;14DEC2009;0;17:35;Female;No;Residential;C: Possible Injury;Yes;O: No Injury;5352;December;0;Straight - Level;Coastal;With Traffic;No Control Present;Monday;Non-Intersection;27;0;Two-Way, Not Divided;2 lanes;0;#NULL!;#NULL!;Smooth Asphalt;#NULL!;No Special Feature;Motorist Overtaking Bicyclist;NC Route;C: Possible Injury;New Hanover;62;Clear;#NULL!;41-45 mph;40 - 45  MPH;2009;Dark - Roadway Not Lighted;60-69
34.2292967703, -77.7808422715;"{""type"": ""Point"", ""coordinates"": [-77.78084227153245, 34.22929677025316]}";White;Wrightsville Beach;Travel Lane;2;16;Urban (>70% Developed);Male;Passenger Car;0;#NULL!;0;0;White;No;0;25-29;Bicyclist Overtaking - Passing on Right;None;No;No;Dry;0;Rural;No;29OCT2009;0;16:19;Male;No;Residential;B: Evident Injury;No;O: No Injury;5353;October;0;Straight - Level;Coastal;With Traffic;No Control Present;Thursday;Non-Intersection;27;0;Two-Way, Not Divided;2 lanes;0;#NULL!;#NULL!;Coarse Asphalt;#NULL!;No Special Feature;Bicyclist Overtaking Motorist;Local Street;B: Evident Injury;New Hanover;62;Clear;#NULL!;Unknown;20 - 25  MPH;2009;Daylight;60-69
35.803184086, -78.6082326003;"{""type"": ""Point"", ""coordinates"": [-78.60823260028637, 35.80318408597001]}";White;Raleigh;Travel Lane;2;11;Urban (>70% Developed);Male;Passenger Car;0;#NULL!;0;0;Black;No;0;40-49;Bicyclist Left Turn - Same Direction;None;No;No;Dry;0;Urban;No;18NOV2009;0;11:59;Male;No;Residential;B: Evident Injury;No;O: No Injury;5356;November;0;Straight - Level;Piedmont;With Traffic;Stop And Go Signal;Wednesday;Intersection-Related;42;0;Two-Way, Divided, Unprotected Median;5 lanes;0;#NULL!;#NULL!;Smooth Asphalt;#NULL!;No Special Feature;Bicyclist Left Turn / Merge;Local Street;B: Evident Injury;Wake;62;Cloudy;#NULL!;0-5 mph;30 - 35  MPH;2009;Daylight;60-69
35.7703070786, -78.6198326023;"{""type"": ""Point"", ""coordinates"": [-78.61983260225793, 35.77030707858635]}";White;Raleigh;Travel Lane;2;11;Urban (>70% Developed);Female;Unknown;0;#NULL!;0;0;Unknown/Missing;No;0;20-24;Motorist Drive Out - Sign-Controlled Intersection;None;No;No;Dry;0;Urban;Yes;17NOV2009;0;11:30;Unknown;No;Residential;C: Possible Injury;No;Unknown Injury;5361;November;0;Straight - Level;Piedmont;Facing Traffic;No Control Present;Tuesday;Intersection;24;0;Two-Way, Not Divided;2 lanes;0;#NULL!;#NULL!;Smooth Asphalt;#NULL!;No Special Feature;Motorist Failed to Yield - Sign-Controlled Intersection;Local Street;C: Possible Injury;Wake;Unknown;Clear;#NULL!;21-25 mph;40 - 45  MPH;2009;Daylight;Unknown
35.1743497762, -83.3623739837;"{""type"": ""Point"", ""coordinates"": [-83.36237398371276, 35.174349776211756]}";White;Franklin;Non-Roadway;2;16;Urban (>70% Developed);Female;Light Truck (Mini-Van, Panel);0;#NULL!;0;0;White;No;0;40-49;Non-Roadway;None;No;No;Dry;0;Rural;No;10DEC2009;0;16:40;Male;No;Commercial;B: Evident Injury;Yes;O: No Injury;5368;December;0;Straight - Level;Mountains;Not Applicable;No Control Present;Thursday;Non-Roadway;43;0;Two-Way, Not Divided;Unknown;0;#NULL!;#NULL!;Smooth Asphalt;#NULL!;Four-Way Intersection;Non-Roadway;Public Vehicular Area;B: Evident Injury;Macon;70+;Clear;#NULL!;11-15 mph;Unknown;2009;Daylight;70+
35.5461070843, -77.0303521074;"{""type"": ""Point"", ""coordinates"": [-77.03035210740572, 35.54610708425483]}";Black;Washington;Travel Lane;2;19;Urban (>70% Developed);Male;Pickup;0;#NULL!;0;0;White;No;0;20-24;Motorist Drive Out - Commercial Driveway / Alley;None;No;No;Dry;0;Urban;No;07DEC2009;0;19:25;Male;No;Commercial;O: No Injury;No;O: No Injury;5369;December;0;Straight - Level;Coastal;Unknown;No Control Present;Monday;Non-Intersection;20;0;Two-Way, Not Divided;5 lanes;0;#NULL!;#NULL!;Coarse Asphalt;#NULL!;No Special Feature;Motorist Failed to Yield - Midblock;US Route;O: No Injury;Beaufort;41;Clear;#NULL!;0-5 mph;40 - 45  MPH;2009;Dark - Lighted Roadway;40-49