Geo Point;Geo Shape;BikeRace;City;BikePos;NumUnits;CrashHour;Locality;BikeSex;DrvrVehTyp;NumBikesNo;BikeAlcDrg;NumBikesBI;RteInvdCd;DrvrRace;Workzone;NumBikesCi;BikeAgeGrp;CrashType;RdDefects;CrashAlcoh;BikeAlcoho;RdConditio;DstncMiFrm;RuralUrban;HitRun;CrashDate;NumBikesUI;CrashTime;DrvrSex;DrvrAlcoho;Developmen;CrashSevr;AmbulanceR;DrvrInjury;OBJECTID;CrashMonth;NumBikesKi;RdCharacte;Region;BikeDir;TraffCntrl;CrashDay;CrashLoc;BikeAge;NumBikesTo;RdConfig;NumLanes;NumBikesAI;DrvrAlcDrg;OnRoad;RdSurface;Towrd_Rd;RdFeature;CrashGrp;RdClass;BikeInjury;County;DrvrAge;Weather;FrmRd;DrvrEstSpd;SpeedLimit;CrashYear;LightCond;DrvrAgeGrp
35.9481071271, -78.3153425192;"{""type"": ""Point"", ""coordinates"": [-78.31534251918437, 35.948107127060936]}";Other;None - Rural Crash;Travel Lane;2;12;Rural (<30% Developed);Male;Sport Utility;0;#NULL!;0;0;White;No;0;11-15;Bicyclist Right Turn - Same Direction;None;No;No;Dry;0;Rural;No;26NOV2009;0;12:46;Male;No;Farms, Woods, Pastures;O: No Injury;No;O: No Injury;5370;November;0;Straight - Grade;Piedmont;Facing Traffic;Double Yellow Line, No Passing Zone;Thursday;Non-Intersection;13;0;Two-Way, Not Divided;2 lanes;0;#NULL!;#NULL!;Smooth Asphalt;#NULL!;No Special Feature;Bicyclist Right Turn / Merge;State Secondary Route;O: No Injury;Franklin;30;Clear;#NULL!;41-45 mph;50 - 55  MPH;2009;Daylight;30-39
35.0454819109, -78.9266926576;"{""type"": ""Point"", ""coordinates"": [-78.92669265761423, 35.04548191087931]}";Black;Fayetteville;Travel Lane;2;10;Urban (>70% Developed);Male;Unknown;0;#NULL!;0;0;Unknown/Missing;No;0;25-29;Motorist Drive Out - Midblock - Unknown;None;No;No;Dry;0;Urban;Yes;27NOV2009;0;10:04;Unknown;Missing;Commercial;C: Possible Injury;Yes;Unknown Injury;5371;November;0;Straight - Level;Coastal;Facing Traffic;No Control Present;Friday;Non-Intersection;29;0;Two-Way, Not Divided;Unknown;0;#NULL!;#NULL!;Smooth Asphalt;#NULL!;Driveway, Public;Motorist Failed to Yield - Midblock;Public Vehicular Area;C: Possible Injury;Cumberland;Unknown;Clear;#NULL!;0-5 mph;40 - 45  MPH;2009;Daylight;Unknown
35.5531229432, -81.062273325;"{""type"": ""Point"", ""coordinates"": [-81.06227332497764, 35.553122943221304]}";White;None - Rural Crash;Travel Lane;2;18;Rural (<30% Developed);Male;Passenger Car;0;#NULL!;0;0;White;No;0;30-39;Motorist Overtaking - Other / Unknown;None;Yes;Yes;Dry;0;Rural;No;30DEC2009;0;18:07;Female;No;Farms, Woods, Pastures;B: Evident Injury;Yes;O: No Injury;5380;December;0;Straight - Level;Piedmont;With Traffic;Double Yellow Line, No Passing Zone;Wednesday;Non-Intersection;38;0;Two-Way, Not Divided;2 lanes;0;#NULL!;#NULL!;Coarse Asphalt;#NULL!;No Special Feature;Motorist Overtaking Bicyclist;NC Route;B: Evident Injury;Catawba;48;Clear;#NULL!;41-45 mph;40 - 45  MPH;2009;Dark - Roadway Not Lighted;40-49
36.2387612726, -75.8753917878;"{""type"": ""Point"", ""coordinates"": [-75.8753917878373, 36.238761272641135]}";White;None - Rural Crash;Non-Roadway;2;20;Rural (<30% Developed);Male;Sport Utility;0;#NULL!;0;0;White;No;0;20-24;Bicyclist Ride Out - Commercial Driveway / Alley;None;Yes;Yes;Dry;0;Rural;No;29NOV2009;0;20:57;Female;No;Commercial;C: Possible Injury;Yes;O: No Injury;5384;November;0;Straight - Level;Coastal;Not Applicable;No Control Present;Sunday;Non-Intersection;24;0;Two-Way, Not Divided;5 lanes;0;#NULL!;#NULL!;Coarse Asphalt;#NULL!;No Special Feature;Bicyclist Failed to Yield - Midblock;US Route;C: Possible Injury;Currituck;57;Clear;#NULL!;41-45 mph;40 - 45  MPH;2009;Dark - Roadway Not Lighted;50-59
35.7818970794, -78.6676326178;"{""type"": ""Point"", ""coordinates"": [-78.66763261782053, 35.78189707943986]}";White;Raleigh;Sidewalk / Crosswalk / Driveway Crossing;2;12;Urban (>70% Developed);Male;Passenger Car;0;#NULL!;0;0;White;No;0;16-19;Motorist Left Turn - Opposite Direction;None;No;No;Wet;0;Urban;No;23NOV2009;0;12:13;Female;No;Commercial;B: Evident Injury;No;O: No Injury;5387;November;0;Straight - Level;Piedmont;Unknown;No Control Present;Monday;Intersection;18;0;Two-Way, Not Divided;2 lanes;0;#NULL!;#NULL!;Smooth Asphalt;#NULL!;No Special Feature;Motorist Left Turn / Merge;Local Street;B: Evident Injury;Wake;21;Rain;#NULL!;6-10 mph;20 - 25  MPH;2009;Daylight;20-24
36.0923670867, -80.2688531183;"{""type"": ""Point"", ""coordinates"": [-80.26885311832233, 36.09236708665861]}";Black;Winston-Salem;Travel Lane;2;16;Urban (>70% Developed);Male;Passenger Car;0;#NULL!;0;0;White;No;0;30-39;Motorist Overtaking - Other / Unknown;None;No;No;Dry;0;Urban;No;11DEC2009;0;16:37;Male;No;Commercial;C: Possible Injury;Yes;O: No Injury;5395;December;0;Straight - Bottom;Piedmont;With Traffic;Double Yellow Line, No Passing Zone;Friday;Non-Intersection;33;0;Two-Way, Divided, Unprotected Median;3 lanes;0;#NULL!;#NULL!;Smooth Asphalt;#NULL!;No Special Feature;Motorist Overtaking Bicyclist;State Secondary Route;C: Possible Injury;Forsyth;22;Clear;#NULL!;11-15 mph;30 - 35  MPH;2009;Daylight;20-24
34.9550388905, -78.9459526594;"{""type"": ""Point"", ""coordinates"": [-78.94595265935347, 34.95503889045795]}";Other;None - Rural Crash;Travel Lane;2;20;Urban (>70% Developed);Male;Pickup;0;#NULL!;0;0;Unknown/Missing;No;0;20-24;Parallel Paths - Other / Unknown;None;No;No;Dry;0;Rural;Yes;24DEC2009;0;20:53;Unknown;Missing;Residential;B: Evident Injury;Yes;Unknown Injury;5397;December;0;Straight - Level;Coastal;Facing Traffic;Double Yellow Line, No Passing Zone;Thursday;Non-Intersection;20;0;Two-Way, Not Divided;2 lanes;0;#NULL!;#NULL!;Smooth Asphalt;#NULL!;No Special Feature;Parallel Paths - Other Circumstances;State Secondary Route;B: Evident Injury;Cumberland;Unknown;Clear;#NULL!;41-45 mph;40 - 45  MPH;2009;Dark - Roadway Not Lighted;Unknown
35.997627228, -75.6532457072;"{""type"": ""Point"", ""coordinates"": [-75.65324570722274, 35.997627227980225]}";White;Kill Devil Hills;Travel Lane;2;21;Urban (>70% Developed);Male;Sport Utility;0;#NULL!;0;0;White;No;0;50-59;Motorist Left Turn - Same Direction;None;No;No;Wet;0;Urban;No;18DEC2009;0;21:49;Male;No;Residential;C: Possible Injury;No;O: No Injury;5400;December;0;Straight - Level;Coastal;Facing Traffic;No Control Present;Friday;Non-Intersection;53;0;Two-Way, Not Divided;2 lanes;0;#NULL!;#NULL!;Coarse Asphalt;#NULL!;Alley Intersection;Motorist Left Turn / Merge;Local Street;C: Possible Injury;Dare;23;Rain;#NULL!;11-15 mph;20 - 25  MPH;2009;Dark - Roadway Not Lighted;20-24
35.1575868677, -80.8273632338;"{""type"": ""Point"", ""coordinates"": [-80.82736323375335, 35.157586867704865]}";White;Charlotte;Travel Lane;2;14;Urban (>70% Developed);Female;Passenger Car;0;#NULL!;0;0;White;No;0;25-29;Motorist Left Turn - Opposite Direction;None;No;No;Dry;0;Urban;No;27DEC2009;0;14:48;Female;No;Residential;B: Evident Injury;No;O: No Injury;5401;December;0;Straight - Grade;Piedmont;With Traffic;Stop And Go Signal;Sunday;Non-Intersection;28;0;Two-Way, Not Divided;3 lanes;0;#NULL!;#NULL!;Smooth Asphalt;#NULL!;Four-Way Intersection;Motorist Left Turn / Merge;Local Street;B: Evident Injury;Mecklenburg;31;Clear;#NULL!;16-20 mph;30 - 35  MPH;2009;Daylight;30-39
35.7094970895, -77.9268923893;"{""type"": ""Point"", ""coordinates"": [-77.92689238932775, 35.709497089490654]}";White;Wilson;Travel Lane;2;19;Urban (>70% Developed);Male;Pickup;0;#NULL!;0;0;Black;No;0;40-49;Motorist Overtaking - Other / Unknown;No Shoulders;No;No;Wet;0;Urban;No;08DEC2009;0;19:17;Male;No;Industrial;A: Disabling Injury;Yes;O: No Injury;5406;December;0;Straight - Grade;Coastal;Facing Traffic;No Control Present;Tuesday;Non-Intersection;49;0;Two-Way, Not Divided;4 lanes;0;#NULL!;#NULL!;Smooth Asphalt;#NULL!;Bridge;Motorist Overtaking Bicyclist;Local Street;A: Disabling Injury;Wilson;70+;Rain;#NULL!;26-30 mph;40 - 45  MPH;2009;Dark - Lighted Roadway;70+
35.7173150925, -77.8935223794;"{""type"": ""Point"", ""coordinates"": [-77.8935223794123, 35.717315092482636]}";Black;Wilson;Travel Lane;2;11;Mixed (30% To 70% Developed);Male;Passenger Car;0;#NULL!;0;0;Black;No;0;25-29;Bicyclist Ride Out - Sign-Controlled Intersection;None;No;No;Dry;0;Urban;No;04NOV2009;0;11:46;Female;No;Residential;B: Evident Injury;Yes;O: No Injury;5408;November;0;Straight - Level;Coastal;With Traffic;Stop Sign;Wednesday;Intersection;29;0;Two-Way, Not Divided;2 lanes;0;#NULL!;#NULL!;Coarse Asphalt;#NULL!;No Special Feature;Bicyclist Failed to Yield - Sign-Controlled Intersection;Local Street;B: Evident Injury;Wilson;70+;Clear;#NULL!;31-35 mph;30 - 35  MPH;2009;Daylight;70+
35.7278130936, -77.9178123873;"{""type"": ""Point"", ""coordinates"": [-77.9178123872795, 35.72781309362424]}";Black;Wilson;Sidewalk / Crosswalk / Driveway Crossing;2;18;Urban (>70% Developed);Male;Passenger Car;0;#NULL!;0;0;Black;No;0;6-10;Bicyclist Ride Out - Parallel Path;None;No;No;Dry;0;Urban;No;21MAY2009;0;18:33;Female;No;Residential;C: Possible Injury;No;O: No Injury;5410;May;0;Straight - Level;Coastal;Not Applicable;No Control Present;Thursday;Non-Intersection;7;0;Two-Way, Not Divided;2 lanes;0;#NULL!;#NULL!;Coarse Asphalt;#NULL!;No Special Feature;Parallel Paths - Other Circumstances;Local Street;C: Possible Injury;Wilson;25;Clear;#NULL!;16-20 mph;30 - 35  MPH;2009;Daylight;25-29
36.0234100934, -79.7055329447;"{""type"": ""Point"", ""coordinates"": [-79.70553294471328, 36.02341009336595]}";Black;None - Rural Crash;Travel Lane;2;6;Rural (<30% Developed);Male;Passenger Car;0;#NULL!;0;0;Black;No;0;30-39;Motorist Overtaking - Undetected Bicyclist;None;No;No;Wet;0;Rural;No;04NOV2010;0;6:33;Male;No;Farms, Woods, Pastures;B: Evident Injury;Yes;O: No Injury;4502;November;0;Straight - Level;Piedmont;With Traffic;No Control Present;Thursday;Non-Intersection;32;0;Two-Way, Not Divided;2 lanes;0;#NULL!;#NULL!;Smooth Asphalt;#NULL!;No Special Feature;Motorist Overtaking Bicyclist;State Secondary Route;B: Evident Injury;Guilford;49;Cloudy;#NULL!;41-45 mph;40 - 45  MPH;2010;Dark - Roadway Not Lighted;40-49
35.8248700869, -78.7085426324;"{""type"": ""Point"", ""coordinates"": [-78.70854263243277, 35.82487008690735]}";White;Raleigh;Sidewalk / Crosswalk / Driveway Crossing;2;17;Urban (>70% Developed);Male;Unknown;0;#NULL!;0;0;Unknown/Missing;No;0;20-24;Motorist Drive Out - Sign-Controlled Intersection;None;No;No;Dry;0;Urban;Yes;07OCT2010;0;17:21;Unknown;No;Commercial;B: Evident Injury;Yes;Unknown Injury;4508;October;0;Straight - Level;Piedmont;With Traffic;Stop Sign;Thursday;Intersection;23;0;Two-Way, Not Divided;3 lanes;0;#NULL!;#NULL!;Coarse Asphalt;#NULL!;Four-Way Intersection;Motorist Failed to Yield - Sign-Controlled Intersection;Local Street;B: Evident Injury;Wake;Unknown;Clear;#NULL!;6-10 mph;30 - 35  MPH;2010;Daylight;Unknown
35.9879221153, -78.888712696;"{""type"": ""Point"", ""coordinates"": [-78.88871269604294, 35.9879221153417]}";Black;Durham;Travel Lane;2;14;Urban (>70% Developed);Male;Van;0;#NULL!;0;0;Black;No;0;11-15;Bicyclist Ride Through - Sign-Controlled Intersection;None;No;No;Dry;0;Urban;No;04JUL2009;0;14:22;Female;No;Residential;C: Possible Injury;Yes;O: No Injury;4965;July;0;Straight - Level;Piedmont;With Traffic;Stop Sign;Saturday;Intersection;14;0;Two-Way, Not Divided;2 lanes;0;#NULL!;#NULL!;Coarse Asphalt;#NULL!;No Special Feature;Bicyclist Failed to Yield - Sign-Controlled Intersection;Local Street;C: Possible Injury;Durham;22;Clear;#NULL!;26-30 mph;30 - 35  MPH;2009;Daylight;20-24
35.2595400038, -77.5799962602;"{""type"": ""Point"", ""coordinates"": [-77.57999626024608, 35.25954000375637]}";White;Kinston;Non-Roadway;2;17;Urban (>70% Developed);Male;Passenger Car;0;#NULL!;0;0;White;No;0;11-15;Non-Roadway;None;No;No;Dry;0;Urban;No;07JUN2009;0;17:25;Female;No;Commercial;C: Possible Injury;No;O: No Injury;4973;June;0;Straight - Level;Coastal;Not Applicable;No Control Present;Sunday;Non-Roadway;13;0;Two-Way, Not Divided;Unknown;0;#NULL!;#NULL!;Coarse Asphalt;#NULL!;Other;Non-Roadway;Local Street;C: Possible Injury;Lenoir;44;Clear;#NULL!;6-10 mph;Unknown;2009;Daylight;40-49
35.1486848657, -80.8321492347;"{""type"": ""Point"", ""coordinates"": [-80.83214923465552, 35.14868486565087]}";White;Charlotte;Travel Lane;2;9;Urban (>70% Developed);Male;Passenger Car;0;#NULL!;0;0;White;No;0;60-69;Motorist Drive Out - Sign-Controlled Intersection;None;No;No;Dry;0;Urban;No;30JUN2009;0;9:24;Male;No;Commercial;B: Evident Injury;No;O: No Injury;4980;June;0;Straight - Level;Piedmont;Facing Traffic;No Control Present;Tuesday;Intersection;62;0;Two-Way, Divided, Unprotected Median;7 lanes;0;#NULL!;#NULL!;Smooth Asphalt;#NULL!;No Special Feature;Motorist Failed to Yield - Sign-Controlled Intersection;Local Street;B: Evident Injury;Mecklenburg;70+;Clear;#NULL!;0-5 mph;30 - 35  MPH;2009;Daylight;70+
35.7314410967, -77.8464523659;"{""type"": ""Point"", ""coordinates"": [-77.84645236587085, 35.73144109667181]}";White;None - Rural Crash;Travel Lane;2;9;Rural (<30% Developed);Male;Pickup;0;#NULL!;0;0;White;No;0;25-29;Bicyclist Left Turn - Same Direction;None;No;No;Dry;0;Rural;No;18JUL2009;0;9:44;Female;No;Farms, Woods, Pastures;C: Possible Injury;Yes;O: No Injury;4985;July;0;Straight - Level;Coastal;With Traffic;Double Yellow Line, No Passing Zone;Saturday;Non-Intersection;26;0;Two-Way, Not Divided;2 lanes;0;#NULL!;#NULL!;Smooth Asphalt;#NULL!;No Special Feature;Bicyclist Left Turn / Merge;NC Route;C: Possible Injury;Wilson;45;Cloudy;#NULL!;51-55 mph;50 - 55  MPH;2009;Daylight;40-49
35.760299071, -78.7644626464;"{""type"": ""Point"", ""coordinates"": [-78.76446264639567, 35.76029907095019]}";White;Cary;Travel Lane;2;16;Urban (>70% Developed);Male;Sport Utility;0;#NULL!;0;0;White;No;0;25-29;Motorist Right Turn - Same Direction;None;No;No;Dry;0;Urban;No;18JUL2009;0;16:53;Male;No;Residential;B: Evident Injury;Yes;O: No Injury;4986;July;0;Straight - Level;Piedmont;With Traffic;No Control Present;Saturday;Non-Intersection;26;0;One-Way, Not Divided;2 lanes;0;#NULL!;#NULL!;Coarse Asphalt;#NULL!;No Special Feature;Motorist Right Turn / Merge;Local Street;B: Evident Injury;Wake;39;Clear;#NULL!;0-5 mph;30 - 35  MPH;2009;Daylight;30-39
34.1660467524, -77.8914423019;"{""type"": ""Point"", ""coordinates"": [-77.89144230187429, 34.16604675239966]}";White;None - Rural Crash;Travel Lane;2;20;Mixed (30% To 70% Developed);Female;Passenger Car;0;#NULL!;0;0;White;No;0;16-19;Motorist Overtaking - Undetected Bicyclist;None;No;No;Dry;0;Rural;No;04JUL2009;0;20:50;Female;No;Commercial;C: Possible Injury;Yes;O: No Injury;4992;July;0;Straight - Level;Coastal;With Traffic;No Control Present;Saturday;Non-Intersection;19;0;Two-Way, Divided, Unprotected Median;5 lanes;0;#NULL!;#NULL!;Smooth Asphalt;#NULL!;No Special Feature;Motorist Overtaking Bicyclist;NC Route;C: Possible Injury;New Hanover;21;Clear;#NULL!;41-45 mph;40 - 45  MPH;2009;Dusk;20-24
35.7750470783, -78.6383026083;"{""type"": ""Point"", ""coordinates"": [-78.63830260828533, 35.77504707825526]}";Black;Raleigh;Sidewalk / Crosswalk / Driveway Crossing;2;13;Urban (>70% Developed);Male;Passenger Car;0;#NULL!;0;0;Black;No;0;30-39;Motorist Drive Out - Commercial Driveway / Alley;None;No;No;Dry;0;Urban;No;08JUL2009;0;13:57;Male;No;Commercial;C: Possible Injury;Yes;O: No Injury;4994;July;0;Straight - Level;Piedmont;Facing Traffic;No Control Present;Wednesday;Non-Intersection;37;0;One-Way, Not Divided;3 lanes;0;#NULL!;#NULL!;Other;#NULL!;Driveway, Public;Motorist Failed to Yield - Midblock;Local Street;C: Possible Injury;Wake;29;Clear;#NULL!;0-5 mph;5 - 15 MPH;2009;Daylight;25-29
35.5721368917, -82.531583762;"{""type"": ""Point"", ""coordinates"": [-82.53158376196916, 35.5721368917405]}";White;Asheville;Travel Lane;2;16;Urban (>70% Developed);Female;Van;0;#NULL!;0;0;Black;No;0;20-24;Motorist Overtaking - Undetected Bicyclist;None;No;No;Dry;0;Urban;No;23JUN2009;0;16:38;Male;No;Commercial;B: Evident Injury;Yes;O: No Injury;5000;June;0;Straight - Level;Mountains;With Traffic;Double Yellow Line, No Passing Zone;Tuesday;Non-Intersection;21;0;Two-Way, Not Divided;2 lanes;0;#NULL!;#NULL!;Coarse Asphalt;#NULL!;No Special Feature;Motorist Overtaking Bicyclist;Local Street;B: Evident Injury;Buncombe;70+;Clear;#NULL!;26-30 mph;30 - 35  MPH;2009;Daylight;70+
36.0115811202, -78.8859626966;"{""type"": ""Point"", ""coordinates"": [-78.8859626966461, 36.01158112020142]}";Black;Durham;Driveway / Alley;2;15;Urban (>70% Developed);Male;Van;0;#NULL!;0;0;Black;No;0;16-19;Bicyclist Ride Out - Commercial Driveway / Alley;None;No;No;Dry;0;Urban;No;02OCT2007;0;15:58;Female;No;Residential;B: Evident Injury;Yes;O: No Injury;6942;October;0;Straight - Grade;Piedmont;Not Applicable;No Control Present;Tuesday;Non-Intersection;16;0;Two-Way, Not Divided;2 lanes;0;#NULL!;#NULL!;Smooth Asphalt;#NULL!;Alley Intersection;Bicyclist Failed to Yield - Midblock;Local Street;B: Evident Injury;Durham;24;Clear;#NULL!;21-25 mph;20 - 25  MPH;2007;Daylight;20-24
35.7194770909, -77.9484523956;"{""type"": ""Point"", ""coordinates"": [-77.948452395622, 35.71947709085031]}";Black;Wilson;Travel Lane;2;14;Urban (>70% Developed);Male;Passenger Car;0;#NULL!;0;0;White;No;0;50-59;Crossing Paths - Intersection - Other / Unknown;None;No;No;Dry;0;Urban;No;29JUN2007;0;14:40;Female;No;Commercial;C: Possible Injury;Yes;O: No Injury;6946;June;0;Straight - Level;Coastal;Facing Traffic;No Control Present;Friday;Intersection;51;0;Two-Way, Divided, Unprotected Median;5 lanes;0;#NULL!;#NULL!;Smooth Asphalt;#NULL!;Four-Way Intersection;Crossing Paths - Other Circumstances;Local Street;C: Possible Injury;Wilson;44;Cloudy;#NULL!;Unknown;40 - 45  MPH;2007;Daylight;40-49
35.9446671438, -77.8041173643;"{""type"": ""Point"", ""coordinates"": [-77.80411736431765, 35.944667143793765]}";Black;Rocky Mount;Travel Lane;2;21;Urban (>70% Developed);Male;Sport Utility;0;#NULL!;0;0;Black;No;0;11-15;Bicyclist Lost Control - Mechanical Problems;None;No;No;Dry;0;Urban;No;30JUN2007;0;21:30;Male;No;Residential;B: Evident Injury;Yes;O: No Injury;6949;June;0;Straight - Level;Coastal;Unknown;Stop Sign;Saturday;Intersection;12;0;One-Way, Not Divided;2 lanes;0;#NULL!;#NULL!;Coarse Asphalt;#NULL!;Four-Way Intersection;Loss of Control / Turning Error;Local Street;B: Evident Injury;Nash;39;Cloudy;#NULL!;31-35 mph;30 - 35  MPH;2007;Dark - Lighted Roadway;30-39
36.5167921955, -79.7494829858;"{""type"": ""Point"", ""coordinates"": [-79.7494829857899, 36.516792195463665]}";White;Eden;Travel Lane;2;14;Urban (>70% Developed);Male;Single Unit Truck (2-Axle, 6-Tire);0;#NULL!;0;0;White;No;0;60-69;Unusual Circumstances;None;No;No;Dry;0;Urban;No;28AUG2007;0;14:41;Male;No;Commercial;B: Evident Injury;No;O: No Injury;6952;August;0;Straight - Grade;Piedmont;With Traffic;No Control Present;Tuesday;Non-Intersection;63;0;Two-Way, Not Divided;2 lanes;0;#NULL!;#NULL!;Smooth Asphalt;#NULL!;No Special Feature;Other / Unusual Circumstances;Local Street;B: Evident Injury;Rockingham;67;Cloudy;#NULL!;41-45 mph;40 - 45  MPH;2007;Daylight;60-69
35.4391769362, -80.6136581847;"{""type"": ""Point"", ""coordinates"": [-80.61365818469758, 35.43917693622725]}";White;Concord;Travel Lane;2;5;Urban (>70% Developed);Male;Passenger Car;0;#NULL!;0;0;White;No;0;40-49;Head-On - Bicyclist;None;Yes;Yes;Dry;0;Urban;No;05JUL2007;0;5:33;Female;No;Residential;C: Possible Injury;No;O: No Injury;6971;July;0;Straight - Level;Piedmont;Facing Traffic;Stop Sign;Thursday;Non-Intersection;42;0;Two-Way, Not Divided;2 lanes;0;#NULL!;#NULL!;Smooth Asphalt;#NULL!;T-Intersection;Head-On;Local Street;C: Possible Injury;Cabarrus;70+;Clear;#NULL!;31-35 mph;30 - 35  MPH;2007;Dawn;70+
35.0311539089, -78.8942286474;"{""type"": ""Point"", ""coordinates"": [-78.89422864735857, 35.03115390887491]}";Black;Fayetteville;Sidewalk / Crosswalk / Driveway Crossing;2;15;Urban (>70% Developed);Female;Sport Utility;0;#NULL!;0;0;White;No;0;30-39;Motorist Drive Out - Commercial Driveway / Alley;None;No;No;Dry;0;Urban;No;02MAY2007;0;15:10;Female;No;Institutional;C: Possible Injury;Yes;O: No Injury;6977;May;0;Straight - Level;Coastal;Facing Traffic;No Control Present;Wednesday;Non-Intersection;32;0;Two-Way, Divided, Unprotected Median;Unknown;0;#NULL!;#NULL!;Smooth Asphalt;#NULL!;No Special Feature;Motorist Failed to Yield - Midblock;Local Street;C: Possible Injury;Cumberland;22;Clear;#NULL!;0-5 mph;20 - 25  MPH;2007;Daylight;20-24
35.5142510177, -78.7661226332;"{""type"": ""Point"", ""coordinates"": [-78.76612263324364, 35.514251017713356]}";Unknown/Missing;None - Rural Crash;Travel Lane;2;17;Rural (<30% Developed);Unknown;Passenger Car;0;#NULL!;0;0;White;No;0;Unknown;Motorist Overtaking - Bicyclist Swerved;None;No;Missing;Dry;0;Rural;No;07JUL2007;0;17:20;Male;No;Farms, Woods, Pastures;O: No Injury;No;O: No Injury;6979;July;0;Straight - Level;Coastal;With Traffic;Double Yellow Line, No Passing Zone;Saturday;Non-Intersection;Unknown;0;Two-Way, Not Divided;2 lanes;0;#NULL!;#NULL!;Smooth Asphalt;#NULL!;No Special Feature;Motorist Overtaking Bicyclist;State Secondary Route;Unknown Injury;Harnett;70+;Cloudy;#NULL!;51-55 mph;50 - 55  MPH;2007;Daylight;70+
35.9642570698, -79.9940730281;"{""type"": ""Point"", ""coordinates"": [-79.99407302812327, 35.96425706981913]}";Black;High Point;Travel Lane;2;17;Urban (>70% Developed);Male;Passenger Car;0;#NULL!;0;0;Black;No;0;6-10;Bicyclist Lost Control - Mechanical Problems;None;No;No;Dry;0;Urban;No;11JUL2007;0;17:24;Male;No;Residential;B: Evident Injury;No;O: No Injury;6989;July;0;Straight - Grade;Piedmont;With Traffic;Stop Sign;Wednesday;Intersection;10;0;Two-Way, Not Divided;2 lanes;0;#NULL!;#NULL!;Smooth Asphalt;#NULL!;Four-Way Intersection;Loss of Control / Turning Error;Local Street;B: Evident Injury;Guilford;44;Clear;#NULL!;21-25 mph;30 - 35  MPH;2007;Daylight;40-49
34.249566771, -77.8827223035;"{""type"": ""Point"", ""coordinates"": [-77.8827223034798, 34.24956677104854]}";Black;Wilmington;Travel Lane;2;22;Urban (>70% Developed);Male;Unknown;0;#NULL!;0;0;Unknown/Missing;No;0;40-49;Motorist Overtaking - Undetected Bicyclist;None;Yes;Yes;Wet;0;Urban;Yes;11JUL2007;0;22:22;Unknown;Missing;Residential;B: Evident Injury;No;Unknown Injury;6991;July;0;Straight - Level;Coastal;With Traffic;No Control Present;Wednesday;Non-Intersection;45;0;Two-Way, Not Divided;3 lanes;0;#NULL!;#NULL!;Smooth Asphalt;#NULL!;No Special Feature;Motorist Overtaking Bicyclist;Local Street;B: Evident Injury;New Hanover;Unknown;Rain;#NULL!;0-5 mph;30 - 35  MPH;2007;Dark - Roadway Not Lighted;Unknown
35.269592006, -77.580862261;"{""type"": ""Point"", ""coordinates"": [-77.58086226101275, 35.26959200597991]}";Black;Kinston;Travel Lane;2;13;Urban (>70% Developed);Male;Police;0;#NULL!;0;0;White;No;0;16-19;Unusual Circumstances;None;No;No;Dry;0;Urban;No;17OCT2007;0;13:52;Male;No;Commercial;O: No Injury;No;O: No Injury;6995;October;0;Straight - Level;Coastal;Facing Traffic;No Control Present;Wednesday;Intersection;18;0;Two-Way, Not Divided;4 lanes;0;#NULL!;#NULL!;Smooth Asphalt;#NULL!;Four-Way Intersection;Other / Unusual Circumstances;NC Route;O: No Injury;Lenoir;35;Clear;#NULL!;0-5 mph;30 - 35  MPH;2007;Daylight;30-39
35.0222009072, -78.9010626486;"{""type"": ""Point"", ""coordinates"": [-78.90106264858107, 35.02220090722868]}";White;Fayetteville;Travel Lane;2;21;Urban (>70% Developed);Female;Passenger Car;0;#NULL!;0;0;Unknown/Missing;No;0;40-49;Motorist Overtaking - Other / Unknown;None;No;No;Dry;0;Urban;Yes;14JUL2007;0;21:43;Female;No;Residential;C: Possible Injury;Yes;Unknown Injury;6998;July;0;Straight - Level;Coastal;With Traffic;No Control Present;Saturday;Non-Intersection;49;0;One-Way, Not Divided;3 lanes;0;#NULL!;#NULL!;Coarse Asphalt;#NULL!;No Special Feature;Motorist Overtaking Bicyclist;Local Street;C: Possible Injury;Cumberland;51;Clear;#NULL!;Unknown;30 - 35  MPH;2007;Dark - Lighted Roadway;50-59
34.7845528978, -77.637612255;"{""type"": ""Point"", ""coordinates"": [-77.63761225499053, 34.78455289780999]}";White;None - Rural Crash;Travel Lane;3;6;Rural (<30% Developed);Male;Pickup;0;#NULL!;0;0;White;No;0;11-15;Motorist Overtaking - Other / Unknown;None;No;No;Dry;0;Rural;No;27SEP2007;0;6:30;Male;No;Farms, Woods, Pastures;B: Evident Injury;Yes;O: No Injury;7000;September;0;Straight - Level;Coastal;Facing Traffic;No Control Present;Thursday;Non-Intersection;15;0;Two-Way, Not Divided;2 lanes;0;#NULL!;#NULL!;Smooth Asphalt;#NULL!;No Special Feature;Motorist Overtaking Bicyclist;State Secondary Route;B: Evident Injury;Onslow;57;Clear;#NULL!;51-55 mph;50 - 55  MPH;2007;Dark - Roadway Not Lighted;50-59